Hamiltonian_Index,Number_of_Sites,Max_Interactions,Ground_State_Density,Hamiltonian_Density,Overlap,Initial_State_Index,Algorithm,Budget,Budget_Fraction,Fidelity,Final_Pool_Size,Final_Pool_Fraction,Terminated_Early,Seed
7,6,1,0.109375,0.0625,0.009179607829242977,24,BARK,1,0.015625,0.009179607829242977,8.0,0.125,True,120343439
7,6,1,0.109375,0.0625,0.009179607829242977,24,BARK,2,0.03125,0.981595699204148,8.0,0.125,True,120343439
7,6,1,0.109375,0.0625,0.009179607829242977,24,BARK,3,0.046875,0.9991843695218943,8.0,0.125,True,120343439
7,6,1,0.109375,0.0625,0.009179607829242977,24,BARK,4,0.0625,0.9993543574568962,8.0,0.125,True,120343439
7,6,1,0.109375,0.0625,0.009179607829242977,24,BARK,5,0.078125,0.9993544126123747,8.0,0.125,True,120343439
7,6,1,0.109375,0.0625,0.009179607829242977,24,BARK,6,0.09375,0.9993628357146034,8.0,0.125,True,120343439
7,6,1,0.109375,0.0625,0.009179607829242977,24,BARK,7,0.109375,0.9999939704946896,8.0,0.125,True,120343439
7,6,1,0.109375,0.0625,0.009179607829242977,24,BARK,8,0.125,1.0,8.0,0.125,True,120343439
7,6,1,0.109375,0.0625,0.009179607829242977,24,BARK,9,0.140625,1.0,8.0,0.125,True,120343439
7,6,1,0.109375,0.0625,0.009179607829242977,24,BARK,10,0.15625,1.0,8.0,0.125,True,120343439
7,6,1,0.109375,0.0625,0.009179607829242977,24,BARK,11,0.171875,1.0,8.0,0.125,True,120343439
7,6,1,0.109375,0.0625,0.009179607829242977,24,BARK,12,0.1875,1.0,8.0,0.125,True,120343439
7,6,1,0.109375,0.0625,0.009179607829242977,24,BARK,14,0.21875,1.0,8.0,0.125,True,120343439
7,6,1,0.109375,0.0625,0.009179607829242977,24,BARK,16,0.25,1.0,8.0,0.125,True,120343439
7,6,1,0.109375,0.0625,0.009179607829242977,24,BARK,18,0.28125,1.0,8.0,0.125,True,120343439
7,6,1,0.109375,0.0625,0.009179607829242977,24,BARK,20,0.3125,1.0,8.0,0.125,True,120343439
7,6,1,0.109375,0.0625,0.009179607829242977,24,BARK,22,0.34375,1.0,8.0,0.125,True,120343439
7,6,1,0.109375,0.0625,0.009179607829242977,24,BARK,25,0.390625,1.0,8.0,0.125,True,120343439
7,6,1,0.109375,0.0625,0.009179607829242977,24,BARK,28,0.4375,1.0,8.0,0.125,True,120343439
7,6,1,0.109375,0.0625,0.009179607829242977,24,BARK,32,0.5,1.0,8.0,0.125,True,120343439
7,6,1,0.109375,0.0625,0.009179607829242977,24,Simplified BARK,1,0.015625,0.009179607829242977,8.0,0.125,True,120343439
7,6,1,0.109375,0.0625,0.009179607829242977,24,Simplified BARK,2,0.03125,0.009345681823318087,8.0,0.125,True,120343439
7,6,1,0.109375,0.0625,0.009179607829242977,24,Simplified BARK,3,0.046875,0.019325861958746346,8.0,0.125,True,120343439
7,6,1,0.109375,0.0625,0.009179607829242977,24,Simplified BARK,4,0.0625,0.9993543574568966,8.0,0.125,True,120343439
7,6,1,0.109375,0.0625,0.009179607829242977,24,Simplified BARK,5,0.078125,0.9993544126123742,8.0,0.125,True,120343439
7,6,1,0.109375,0.0625,0.009179607829242977,24,Simplified BARK,6,0.09375,0.9993585237608301,8.0,0.125,True,120343439
7,6,1,0.109375,0.0625,0.009179607829242977,24,Simplified BARK,7,0.109375,0.9993669610011257,8.0,0.125,True,120343439
7,6,1,0.109375,0.0625,0.009179607829242977,24,Simplified BARK,8,0.125,0.9999999999999998,8.0,0.125,True,120343439
7,6,1,0.109375,0.0625,0.009179607829242977,24,Simplified BARK,9,0.140625,0.9999999999999998,8.0,0.125,True,120343439
7,6,1,0.109375,0.0625,0.009179607829242977,24,Simplified BARK,10,0.15625,0.9999999999999998,8.0,0.125,True,120343439
7,6,1,0.109375,0.0625,0.009179607829242977,24,Simplified BARK,11,0.171875,0.9999999999999998,8.0,0.125,True,120343439
7,6,1,0.109375,0.0625,0.009179607829242977,24,Simplified BARK,12,0.1875,0.9999999999999998,8.0,0.125,True,120343439
7,6,1,0.109375,0.0625,0.009179607829242977,24,Simplified BARK,14,0.21875,0.9999999999999998,8.0,0.125,True,120343439
7,6,1,0.109375,0.0625,0.009179607829242977,24,Simplified BARK,16,0.25,0.9999999999999998,8.0,0.125,True,120343439
7,6,1,0.109375,0.0625,0.009179607829242977,24,Simplified BARK,18,0.28125,0.9999999999999998,8.0,0.125,True,120343439
7,6,1,0.109375,0.0625,0.009179607829242977,24,Simplified BARK,20,0.3125,0.9999999999999998,8.0,0.125,True,120343439
7,6,1,0.109375,0.0625,0.009179607829242977,24,Simplified BARK,22,0.34375,0.9999999999999998,8.0,0.125,True,120343439
7,6,1,0.109375,0.0625,0.009179607829242977,24,Simplified BARK,25,0.390625,0.9999999999999998,8.0,0.125,True,120343439
7,6,1,0.109375,0.0625,0.009179607829242977,24,Simplified BARK,28,0.4375,0.9999999999999998,8.0,0.125,True,120343439
7,6,1,0.109375,0.0625,0.009179607829242977,24,Simplified BARK,32,0.5,0.9999999999999998,8.0,0.125,True,120343439
7,6,1,0.109375,0.0625,0.009179607829242977,24,SKQD,1,0.015625,0.009179607829242977,3.0,0.046875,True,120343439
7,6,1,0.109375,0.0625,0.009179607829242977,24,SKQD,2,0.03125,0.009179607829242977,3.0,0.046875,True,120343439
7,6,1,0.109375,0.0625,0.009179607829242977,24,SKQD,3,0.046875,0.9817130832914378,3.0,0.046875,True,120343439
7,6,1,0.109375,0.0625,0.009179607829242977,24,SKQD,4,0.0625,0.9817130832914378,3.0,0.046875,True,120343439
7,6,1,0.109375,0.0625,0.009179607829242977,24,SKQD,5,0.078125,0.9817130832914378,3.0,0.046875,True,120343439
7,6,1,0.109375,0.0625,0.009179607829242977,24,SKQD,6,0.09375,0.9817130832914378,3.0,0.046875,True,120343439
7,6,1,0.109375,0.0625,0.009179607829242977,24,SKQD,7,0.109375,0.9817130832914378,3.0,0.046875,True,120343439
7,6,1,0.109375,0.0625,0.009179607829242977,24,SKQD,8,0.125,0.9817130832914378,3.0,0.046875,True,120343439
7,6,1,0.109375,0.0625,0.009179607829242977,24,SKQD,9,0.140625,0.9817130832914378,3.0,0.046875,True,120343439
7,6,1,0.109375,0.0625,0.009179607829242977,24,SKQD,10,0.15625,0.9817130832914378,3.0,0.046875,True,120343439
7,6,1,0.109375,0.0625,0.009179607829242977,24,SKQD,11,0.171875,0.9817130832914378,3.0,0.046875,True,120343439
7,6,1,0.109375,0.0625,0.009179607829242977,24,SKQD,12,0.1875,0.9817130832914378,3.0,0.046875,True,120343439
7,6,1,0.109375,0.0625,0.009179607829242977,24,SKQD,14,0.21875,0.9817130832914378,3.0,0.046875,True,120343439
7,6,1,0.109375,0.0625,0.009179607829242977,24,SKQD,16,0.25,0.9817130832914378,3.0,0.046875,True,120343439
7,6,1,0.109375,0.0625,0.009179607829242977,24,SKQD,18,0.28125,0.9817130832914378,3.0,0.046875,True,120343439
7,6,1,0.109375,0.0625,0.009179607829242977,24,SKQD,20,0.3125,0.9817130832914378,3.0,0.046875,True,120343439
7,6,1,0.109375,0.0625,0.009179607829242977,24,SKQD,22,0.34375,0.9817130832914378,3.0,0.046875,True,120343439
7,6,1,0.109375,0.0625,0.009179607829242977,24,SKQD,25,0.390625,0.9817130832914378,3.0,0.046875,True,120343439
7,6,1,0.109375,0.0625,0.009179607829242977,24,SKQD,28,0.4375,0.9817130832914378,3.0,0.046875,True,120343439
7,6,1,0.109375,0.0625,0.009179607829242977,24,SKQD,32,0.5,0.9817130832914378,3.0,0.046875,True,120343439
7,6,1,0.109375,0.0625,0.009179607829242977,24,Ceiling,1,0.015625,0.9724160913749051,32.0,0.5,False,120343439
7,6,1,0.109375,0.0625,0.009179607829242977,24,Ceiling,2,0.03125,0.9900086756335784,32.0,0.5,False,120343439
7,6,1,0.109375,0.0625,0.009179607829242977,24,Ceiling,3,0.046875,0.9991882834628214,32.0,0.5,False,120343439
7,6,1,0.109375,0.0625,0.009179607829242977,24,Ceiling,4,0.0625,0.9998165222787181,32.0,0.5,False,120343439
7,6,1,0.109375,0.0625,0.009179607829242977,24,Ceiling,5,0.078125,0.9999825962727932,32.0,0.5,False,120343439
7,6,1,0.109375,0.0625,0.009179607829242977,24,Ceiling,6,0.09375,0.9999939621319159,32.0,0.5,False,120343439
7,6,1,0.109375,0.0625,0.009179607829242977,24,Ceiling,7,0.109375,0.9999998927062906,32.0,0.5,False,120343439
7,6,1,0.109375,0.0625,0.009179607829242977,24,Ceiling,8,0.125,0.9999999999999999,32.0,0.5,False,120343439
7,6,1,0.109375,0.0625,0.009179607829242977,24,Ceiling,9,0.140625,0.9999999999999999,32.0,0.5,False,120343439
7,6,1,0.109375,0.0625,0.009179607829242977,24,Ceiling,10,0.15625,0.9999999999999999,32.0,0.5,False,120343439
7,6,1,0.109375,0.0625,0.009179607829242977,24,Ceiling,11,0.171875,0.9999999999999999,32.0,0.5,False,120343439
7,6,1,0.109375,0.0625,0.009179607829242977,24,Ceiling,12,0.1875,0.9999999999999999,32.0,0.5,False,120343439
7,6,1,0.109375,0.0625,0.009179607829242977,24,Ceiling,14,0.21875,0.9999999999999999,32.0,0.5,False,120343439
7,6,1,0.109375,0.0625,0.009179607829242977,24,Ceiling,16,0.25,0.9999999999999999,32.0,0.5,False,120343439
7,6,1,0.109375,0.0625,0.009179607829242977,24,Ceiling,18,0.28125,0.9999999999999999,32.0,0.5,False,120343439
7,6,1,0.109375,0.0625,0.009179607829242977,24,Ceiling,20,0.3125,0.9999999999999999,32.0,0.5,False,120343439
7,6,1,0.109375,0.0625,0.009179607829242977,24,Ceiling,22,0.34375,0.9999999999999999,32.0,0.5,False,120343439
7,6,1,0.109375,0.0625,0.009179607829242977,24,Ceiling,25,0.390625,0.9999999999999999,32.0,0.5,False,120343439
7,6,1,0.109375,0.0625,0.009179607829242977,24,Ceiling,28,0.4375,0.9999999999999999,32.0,0.5,False,120343439
7,6,1,0.109375,0.0625,0.009179607829242977,24,Ceiling,32,0.5,0.9999999999999999,32.0,0.5,False,120343439
7,6,1,0.109375,0.0625,0.017592584258673244,34,BARK,1,0.015625,0.017592584258673244,8.0,0.125,True,120343439
7,6,1,0.109375,0.0625,0.017592584258673244,34,BARK,2,0.03125,0.9900086756335786,8.0,0.125,True,120343439
7,6,1,0.109375,0.0625,0.017592584258673244,34,BARK,3,0.046875,0.9991843695218945,8.0,0.125,True,120343439
7,6,1,0.109375,0.0625,0.017592584258673244,34,BARK,4,0.0625,0.9993543574568966,8.0,0.125,True,120343439
7,6,1,0.109375,0.0625,0.017592584258673244,34,BARK,5,0.078125,0.9993544126123742,8.0,0.125,True,120343439
7,6,1,0.109375,0.0625,0.017592584258673244,34,BARK,6,0.09375,0.9993628357146034,8.0,0.125,True,120343439
7,6,1,0.109375,0.0625,0.017592584258673244,34,BARK,7,0.109375,0.9999939704946896,8.0,0.125,True,120343439
7,6,1,0.109375,0.0625,0.017592584258673244,34,BARK,8,0.125,0.9999999999999996,8.0,0.125,True,120343439
7,6,1,0.109375,0.0625,0.017592584258673244,34,BARK,9,0.140625,0.9999999999999996,8.0,0.125,True,120343439
7,6,1,0.109375,0.0625,0.017592584258673244,34,BARK,10,0.15625,0.9999999999999996,8.0,0.125,True,120343439
7,6,1,0.109375,0.0625,0.017592584258673244,34,BARK,11,0.171875,0.9999999999999996,8.0,0.125,True,120343439
7,6,1,0.109375,0.0625,0.017592584258673244,34,BARK,12,0.1875,0.9999999999999996,8.0,0.125,True,120343439
7,6,1,0.109375,0.0625,0.017592584258673244,34,BARK,14,0.21875,0.9999999999999996,8.0,0.125,True,120343439
7,6,1,0.109375,0.0625,0.017592584258673244,34,BARK,16,0.25,0.9999999999999996,8.0,0.125,True,120343439
7,6,1,0.109375,0.0625,0.017592584258673244,34,BARK,18,0.28125,0.9999999999999996,8.0,0.125,True,120343439
7,6,1,0.109375,0.0625,0.017592584258673244,34,BARK,20,0.3125,0.9999999999999996,8.0,0.125,True,120343439
7,6,1,0.109375,0.0625,0.017592584258673244,34,BARK,22,0.34375,0.9999999999999996,8.0,0.125,True,120343439
7,6,1,0.109375,0.0625,0.017592584258673244,34,BARK,25,0.390625,0.9999999999999996,8.0,0.125,True,120343439
7,6,1,0.109375,0.0625,0.017592584258673244,34,BARK,28,0.4375,0.9999999999999996,8.0,0.125,True,120343439
7,6,1,0.109375,0.0625,0.017592584258673244,34,BARK,32,0.5,0.9999999999999996,8.0,0.125,True,120343439
7,6,1,0.109375,0.0625,0.017592584258673244,34,Simplified BARK,1,0.015625,0.017592584258673244,8.0,0.125,True,120343439
7,6,1,0.109375,0.0625,0.017592584258673244,34,Simplified BARK,2,0.03125,0.9900086756335786,8.0,0.125,True,120343439
7,6,1,0.109375,0.0625,0.017592584258673244,34,Simplified BARK,3,0.046875,0.9901407737723659,8.0,0.125,True,120343439
7,6,1,0.109375,0.0625,0.017592584258673244,34,Simplified BARK,4,0.0625,0.9993543574568964,8.0,0.125,True,120343439
7,6,1,0.109375,0.0625,0.017592584258673244,34,Simplified BARK,5,0.078125,0.9993544126123745,8.0,0.125,True,120343439
7,6,1,0.109375,0.0625,0.017592584258673244,34,Simplified BARK,6,0.09375,0.9993585237608299,8.0,0.125,True,120343439
7,6,1,0.109375,0.0625,0.017592584258673244,34,Simplified BARK,7,0.109375,0.999366961001125,8.0,0.125,True,120343439
7,6,1,0.109375,0.0625,0.017592584258673244,34,Simplified BARK,8,0.125,0.9999999999999996,8.0,0.125,True,120343439
7,6,1,0.109375,0.0625,0.017592584258673244,34,Simplified BARK,9,0.140625,0.9999999999999996,8.0,0.125,True,120343439
7,6,1,0.109375,0.0625,0.017592584258673244,34,Simplified BARK,10,0.15625,0.9999999999999996,8.0,0.125,True,120343439
7,6,1,0.109375,0.0625,0.017592584258673244,34,Simplified BARK,11,0.171875,0.9999999999999996,8.0,0.125,True,120343439
7,6,1,0.109375,0.0625,0.017592584258673244,34,Simplified BARK,12,0.1875,0.9999999999999996,8.0,0.125,True,120343439
7,6,1,0.109375,0.0625,0.017592584258673244,34,Simplified BARK,14,0.21875,0.9999999999999996,8.0,0.125,True,120343439
7,6,1,0.109375,0.0625,0.017592584258673244,34,Simplified BARK,16,0.25,0.9999999999999996,8.0,0.125,True,120343439
7,6,1,0.109375,0.0625,0.017592584258673244,34,Simplified BARK,18,0.28125,0.9999999999999996,8.0,0.125,True,120343439
7,6,1,0.109375,0.0625,0.017592584258673244,34,Simplified BARK,20,0.3125,0.9999999999999996,8.0,0.125,True,120343439
7,6,1,0.109375,0.0625,0.017592584258673244,34,Simplified BARK,22,0.34375,0.9999999999999996,8.0,0.125,True,120343439
7,6,1,0.109375,0.0625,0.017592584258673244,34,Simplified BARK,25,0.390625,0.9999999999999996,8.0,0.125,True,120343439
7,6,1,0.109375,0.0625,0.017592584258673244,34,Simplified BARK,28,0.4375,0.9999999999999996,8.0,0.125,True,120343439
7,6,1,0.109375,0.0625,0.017592584258673244,34,Simplified BARK,32,0.5,0.9999999999999996,8.0,0.125,True,120343439
7,6,1,0.109375,0.0625,0.017592584258673244,34,SKQD,1,0.015625,0.017592584258673244,3.3333333333333335,0.052083333333333336,True,120343439
7,6,1,0.109375,0.0625,0.017592584258673244,34,SKQD,2,0.03125,0.3417312813836417,3.3333333333333335,0.052083333333333336,True,120343439
7,6,1,0.109375,0.0625,0.017592584258673244,34,SKQD,3,0.046875,0.9900995407165758,3.3333333333333335,0.052083333333333336,True,120343439
7,6,1,0.109375,0.0625,0.017592584258673244,34,SKQD,4,0.0625,0.990143571460349,3.3333333333333335,0.052083333333333336,True,120343439
7,6,1,0.109375,0.0625,0.017592584258673244,34,SKQD,5,0.078125,0.990143571460349,3.3333333333333335,0.052083333333333336,True,120343439
7,6,1,0.109375,0.0625,0.017592584258673244,34,SKQD,6,0.09375,0.990143571460349,3.3333333333333335,0.052083333333333336,True,120343439
7,6,1,0.109375,0.0625,0.017592584258673244,34,SKQD,7,0.109375,0.990143571460349,3.3333333333333335,0.052083333333333336,True,120343439
7,6,1,0.109375,0.0625,0.017592584258673244,34,SKQD,8,0.125,0.990143571460349,3.3333333333333335,0.052083333333333336,True,120343439
7,6,1,0.109375,0.0625,0.017592584258673244,34,SKQD,9,0.140625,0.990143571460349,3.3333333333333335,0.052083333333333336,True,120343439
7,6,1,0.109375,0.0625,0.017592584258673244,34,SKQD,10,0.15625,0.990143571460349,3.3333333333333335,0.052083333333333336,True,120343439
7,6,1,0.109375,0.0625,0.017592584258673244,34,SKQD,11,0.171875,0.990143571460349,3.3333333333333335,0.052083333333333336,True,120343439
7,6,1,0.109375,0.0625,0.017592584258673244,34,SKQD,12,0.1875,0.990143571460349,3.3333333333333335,0.052083333333333336,True,120343439
7,6,1,0.109375,0.0625,0.017592584258673244,34,SKQD,14,0.21875,0.990143571460349,3.3333333333333335,0.052083333333333336,True,120343439
7,6,1,0.109375,0.0625,0.017592584258673244,34,SKQD,16,0.25,0.990143571460349,3.3333333333333335,0.052083333333333336,True,120343439
7,6,1,0.109375,0.0625,0.017592584258673244,34,SKQD,18,0.28125,0.990143571460349,3.3333333333333335,0.052083333333333336,True,120343439
7,6,1,0.109375,0.0625,0.017592584258673244,34,SKQD,20,0.3125,0.990143571460349,3.3333333333333335,0.052083333333333336,True,120343439
7,6,1,0.109375,0.0625,0.017592584258673244,34,SKQD,22,0.34375,0.990143571460349,3.3333333333333335,0.052083333333333336,True,120343439
7,6,1,0.109375,0.0625,0.017592584258673244,34,SKQD,25,0.390625,0.990143571460349,3.3333333333333335,0.052083333333333336,True,120343439
7,6,1,0.109375,0.0625,0.017592584258673244,34,SKQD,28,0.4375,0.990143571460349,3.3333333333333335,0.052083333333333336,True,120343439
7,6,1,0.109375,0.0625,0.017592584258673244,34,SKQD,32,0.5,0.990143571460349,3.3333333333333335,0.052083333333333336,True,120343439
7,6,1,0.109375,0.0625,0.017592584258673244,34,Ceiling,1,0.015625,0.9724160913749051,32.0,0.5,False,120343439
7,6,1,0.109375,0.0625,0.017592584258673244,34,Ceiling,2,0.03125,0.9900086756335784,32.0,0.5,False,120343439
7,6,1,0.109375,0.0625,0.017592584258673244,34,Ceiling,3,0.046875,0.9991882834628214,32.0,0.5,False,120343439
7,6,1,0.109375,0.0625,0.017592584258673244,34,Ceiling,4,0.0625,0.9998165222787181,32.0,0.5,False,120343439
7,6,1,0.109375,0.0625,0.017592584258673244,34,Ceiling,5,0.078125,0.9999825962727932,32.0,0.5,False,120343439
7,6,1,0.109375,0.0625,0.017592584258673244,34,Ceiling,6,0.09375,0.9999939621319159,32.0,0.5,False,120343439
7,6,1,0.109375,0.0625,0.017592584258673244,34,Ceiling,7,0.109375,0.9999998927062906,32.0,0.5,False,120343439
7,6,1,0.109375,0.0625,0.017592584258673244,34,Ceiling,8,0.125,0.9999999999999999,32.0,0.5,False,120343439
7,6,1,0.109375,0.0625,0.017592584258673244,34,Ceiling,9,0.140625,0.9999999999999999,32.0,0.5,False,120343439
7,6,1,0.109375,0.0625,0.017592584258673244,34,Ceiling,10,0.15625,0.9999999999999999,32.0,0.5,False,120343439
7,6,1,0.109375,0.0625,0.017592584258673244,34,Ceiling,11,0.171875,0.9999999999999999,32.0,0.5,False,120343439
7,6,1,0.109375,0.0625,0.017592584258673244,34,Ceiling,12,0.1875,0.9999999999999999,32.0,0.5,False,120343439
7,6,1,0.109375,0.0625,0.017592584258673244,34,Ceiling,14,0.21875,0.9999999999999999,32.0,0.5,False,120343439
7,6,1,0.109375,0.0625,0.017592584258673244,34,Ceiling,16,0.25,0.9999999999999999,32.0,0.5,False,120343439
7,6,1,0.109375,0.0625,0.017592584258673244,34,Ceiling,18,0.28125,0.9999999999999999,32.0,0.5,False,120343439
7,6,1,0.109375,0.0625,0.017592584258673244,34,Ceiling,20,0.3125,0.9999999999999999,32.0,0.5,False,120343439
7,6,1,0.109375,0.0625,0.017592584258673244,34,Ceiling,22,0.34375,0.9999999999999999,32.0,0.5,False,120343439
7,6,1,0.109375,0.0625,0.017592584258673244,34,Ceiling,25,0.390625,0.9999999999999999,32.0,0.5,False,120343439
7,6,1,0.109375,0.0625,0.017592584258673244,34,Ceiling,28,0.4375,0.9999999999999999,32.0,0.5,False,120343439
7,6,1,0.109375,0.0625,0.017592584258673244,34,Ceiling,32,0.5,0.9999999999999999,32.0,0.5,False,120343439
7,6,1,0.109375,0.0625,0.9724160913749051,58,BARK,1,0.015625,0.9724160913749051,8.0,0.125,True,120343439
7,6,1,0.109375,0.0625,0.9724160913749051,58,BARK,2,0.03125,0.9900086756335786,8.0,0.125,True,120343439
7,6,1,0.109375,0.0625,0.9724160913749051,58,BARK,3,0.046875,0.9901407737723658,8.0,0.125,True,120343439
7,6,1,0.109375,0.0625,0.9724160913749051,58,BARK,4,0.0625,0.9993543574568966,8.0,0.125,True,120343439
7,6,1,0.109375,0.0625,0.9724160913749051,58,BARK,5,0.078125,0.9993584253154568,8.0,0.125,True,120343439
7,6,1,0.109375,0.0625,0.9724160913749051,58,BARK,6,0.09375,0.9999883030950163,8.0,0.125,True,120343439
7,6,1,0.109375,0.0625,0.9724160913749051,58,BARK,7,0.109375,0.9999998918518596,8.0,0.125,True,120343439
7,6,1,0.109375,0.0625,0.9724160913749051,58,BARK,8,0.125,1.0,8.0,0.125,True,120343439
7,6,1,0.109375,0.0625,0.9724160913749051,58,BARK,9,0.140625,1.0,8.0,0.125,True,120343439
7,6,1,0.109375,0.0625,0.9724160913749051,58,BARK,10,0.15625,1.0,8.0,0.125,True,120343439
7,6,1,0.109375,0.0625,0.9724160913749051,58,BARK,11,0.171875,1.0,8.0,0.125,True,120343439
7,6,1,0.109375,0.0625,0.9724160913749051,58,BARK,12,0.1875,1.0,8.0,0.125,True,120343439
7,6,1,0.109375,0.0625,0.9724160913749051,58,BARK,14,0.21875,1.0,8.0,0.125,True,120343439
7,6,1,0.109375,0.0625,0.9724160913749051,58,BARK,16,0.25,1.0,8.0,0.125,True,120343439
7,6,1,0.109375,0.0625,0.9724160913749051,58,BARK,18,0.28125,1.0,8.0,0.125,True,120343439
7,6,1,0.109375,0.0625,0.9724160913749051,58,BARK,20,0.3125,1.0,8.0,0.125,True,120343439
7,6,1,0.109375,0.0625,0.9724160913749051,58,BARK,22,0.34375,1.0,8.0,0.125,True,120343439
7,6,1,0.109375,0.0625,0.9724160913749051,58,BARK,25,0.390625,1.0,8.0,0.125,True,120343439
7,6,1,0.109375,0.0625,0.9724160913749051,58,BARK,28,0.4375,1.0,8.0,0.125,True,120343439
7,6,1,0.109375,0.0625,0.9724160913749051,58,BARK,32,0.5,1.0,8.0,0.125,True,120343439
7,6,1,0.109375,0.0625,0.9724160913749051,58,Simplified BARK,1,0.015625,0.9724160913749051,8.0,0.125,True,120343439
7,6,1,0.109375,0.0625,0.9724160913749051,58,Simplified BARK,2,0.03125,0.9900086756335786,8.0,0.125,True,120343439
7,6,1,0.109375,0.0625,0.9724160913749051,58,Simplified BARK,3,0.046875,0.9901407737723658,8.0,0.125,True,120343439
7,6,1,0.109375,0.0625,0.9724160913749051,58,Simplified BARK,4,0.0625,0.9993543574568966,8.0,0.125,True,120343439
7,6,1,0.109375,0.0625,0.9724160913749051,58,Simplified BARK,5,0.078125,0.999354412612374,8.0,0.125,True,120343439
7,6,1,0.109375,0.0625,0.9724160913749051,58,Simplified BARK,6,0.09375,0.9993585237608295,8.0,0.125,True,120343439
7,6,1,0.109375,0.0625,0.9724160913749051,58,Simplified BARK,7,0.109375,0.9993669610011252,8.0,0.125,True,120343439
7,6,1,0.109375,0.0625,0.9724160913749051,58,Simplified BARK,8,0.125,0.9999999999999998,8.0,0.125,True,120343439
7,6,1,0.109375,0.0625,0.9724160913749051,58,Simplified BARK,9,0.140625,0.9999999999999998,8.0,0.125,True,120343439
7,6,1,0.109375,0.0625,0.9724160913749051,58,Simplified BARK,10,0.15625,0.9999999999999998,8.0,0.125,True,120343439
7,6,1,0.109375,0.0625,0.9724160913749051,58,Simplified BARK,11,0.171875,0.9999999999999998,8.0,0.125,True,120343439
7,6,1,0.109375,0.0625,0.9724160913749051,58,Simplified BARK,12,0.1875,0.9999999999999998,8.0,0.125,True,120343439
7,6,1,0.109375,0.0625,0.9724160913749051,58,Simplified BARK,14,0.21875,0.9999999999999998,8.0,0.125,True,120343439
7,6,1,0.109375,0.0625,0.9724160913749051,58,Simplified BARK,16,0.25,0.9999999999999998,8.0,0.125,True,120343439
7,6,1,0.109375,0.0625,0.9724160913749051,58,Simplified BARK,18,0.28125,0.9999999999999998,8.0,0.125,True,120343439
7,6,1,0.109375,0.0625,0.9724160913749051,58,Simplified BARK,20,0.3125,0.9999999999999998,8.0,0.125,True,120343439
7,6,1,0.109375,0.0625,0.9724160913749051,58,Simplified BARK,22,0.34375,0.9999999999999998,8.0,0.125,True,120343439
7,6,1,0.109375,0.0625,0.9724160913749051,58,Simplified BARK,25,0.390625,0.9999999999999998,8.0,0.125,True,120343439
7,6,1,0.109375,0.0625,0.9724160913749051,58,Simplified BARK,28,0.4375,0.9999999999999998,8.0,0.125,True,120343439
7,6,1,0.109375,0.0625,0.9724160913749051,58,Simplified BARK,32,0.5,0.9999999999999998,8.0,0.125,True,120343439
7,6,1,0.109375,0.0625,0.9724160913749051,58,SKQD,1,0.015625,0.9724160913749053,2.6666666666666665,0.041666666666666664,True,120343439
7,6,1,0.109375,0.0625,0.9724160913749051,58,SKQD,2,0.03125,0.9782802861277963,2.6666666666666665,0.041666666666666664,True,120343439
7,6,1,0.109375,0.0625,0.9724160913749051,58,SKQD,3,0.046875,0.9902616101395646,2.6666666666666665,0.041666666666666664,True,120343439
7,6,1,0.109375,0.0625,0.9724160913749051,58,SKQD,4,0.0625,0.9903182727845654,2.6666666666666665,0.041666666666666664,True,120343439
7,6,1,0.109375,0.0625,0.9724160913749051,58,SKQD,5,0.078125,0.9903182727845654,2.6666666666666665,0.041666666666666664,True,120343439
7,6,1,0.109375,0.0625,0.9724160913749051,58,SKQD,6,0.09375,0.9903182727845654,2.6666666666666665,0.041666666666666664,True,120343439
7,6,1,0.109375,0.0625,0.9724160913749051,58,SKQD,7,0.109375,0.9903182727845654,2.6666666666666665,0.041666666666666664,True,120343439
7,6,1,0.109375,0.0625,0.9724160913749051,58,SKQD,8,0.125,0.9903182727845654,2.6666666666666665,0.041666666666666664,True,120343439
7,6,1,0.109375,0.0625,0.9724160913749051,58,SKQD,9,0.140625,0.9903182727845654,2.6666666666666665,0.041666666666666664,True,120343439
7,6,1,0.109375,0.0625,0.9724160913749051,58,SKQD,10,0.15625,0.9903182727845654,2.6666666666666665,0.041666666666666664,True,120343439
7,6,1,0.109375,0.0625,0.9724160913749051,58,SKQD,11,0.171875,0.9903182727845654,2.6666666666666665,0.041666666666666664,True,120343439
7,6,1,0.109375,0.0625,0.9724160913749051,58,SKQD,12,0.1875,0.9903182727845654,2.6666666666666665,0.041666666666666664,True,120343439
7,6,1,0.109375,0.0625,0.9724160913749051,58,SKQD,14,0.21875,0.9903182727845654,2.6666666666666665,0.041666666666666664,True,120343439
7,6,1,0.109375,0.0625,0.9724160913749051,58,SKQD,16,0.25,0.9903182727845654,2.6666666666666665,0.041666666666666664,True,120343439
7,6,1,0.109375,0.0625,0.9724160913749051,58,SKQD,18,0.28125,0.9903182727845654,2.6666666666666665,0.041666666666666664,True,120343439
7,6,1,0.109375,0.0625,0.9724160913749051,58,SKQD,20,0.3125,0.9903182727845654,2.6666666666666665,0.041666666666666664,True,120343439
7,6,1,0.109375,0.0625,0.9724160913749051,58,SKQD,22,0.34375,0.9903182727845654,2.6666666666666665,0.041666666666666664,True,120343439
7,6,1,0.109375,0.0625,0.9724160913749051,58,SKQD,25,0.390625,0.9903182727845654,2.6666666666666665,0.041666666666666664,True,120343439
7,6,1,0.109375,0.0625,0.9724160913749051,58,SKQD,28,0.4375,0.9903182727845654,2.6666666666666665,0.041666666666666664,True,120343439
7,6,1,0.109375,0.0625,0.9724160913749051,58,SKQD,32,0.5,0.9903182727845654,2.6666666666666665,0.041666666666666664,True,120343439
7,6,1,0.109375,0.0625,0.9724160913749051,58,Ceiling,1,0.015625,0.9724160913749051,32.0,0.5,False,120343439
7,6,1,0.109375,0.0625,0.9724160913749051,58,Ceiling,2,0.03125,0.9900086756335784,32.0,0.5,False,120343439
7,6,1,0.109375,0.0625,0.9724160913749051,58,Ceiling,3,0.046875,0.9991882834628214,32.0,0.5,False,120343439
7,6,1,0.109375,0.0625,0.9724160913749051,58,Ceiling,4,0.0625,0.9998165222787181,32.0,0.5,False,120343439
7,6,1,0.109375,0.0625,0.9724160913749051,58,Ceiling,5,0.078125,0.9999825962727932,32.0,0.5,False,120343439
7,6,1,0.109375,0.0625,0.9724160913749051,58,Ceiling,6,0.09375,0.9999939621319159,32.0,0.5,False,120343439
7,6,1,0.109375,0.0625,0.9724160913749051,58,Ceiling,7,0.109375,0.9999998927062906,32.0,0.5,False,120343439
7,6,1,0.109375,0.0625,0.9724160913749051,58,Ceiling,8,0.125,0.9999999999999999,32.0,0.5,False,120343439
7,6,1,0.109375,0.0625,0.9724160913749051,58,Ceiling,9,0.140625,0.9999999999999999,32.0,0.5,False,120343439
7,6,1,0.109375,0.0625,0.9724160913749051,58,Ceiling,10,0.15625,0.9999999999999999,32.0,0.5,False,120343439
7,6,1,0.109375,0.0625,0.9724160913749051,58,Ceiling,11,0.171875,0.9999999999999999,32.0,0.5,False,120343439
7,6,1,0.109375,0.0625,0.9724160913749051,58,Ceiling,12,0.1875,0.9999999999999999,32.0,0.5,False,120343439
7,6,1,0.109375,0.0625,0.9724160913749051,58,Ceiling,14,0.21875,0.9999999999999999,32.0,0.5,False,120343439
7,6,1,0.109375,0.0625,0.9724160913749051,58,Ceiling,16,0.25,0.9999999999999999,32.0,0.5,False,120343439
7,6,1,0.109375,0.0625,0.9724160913749051,58,Ceiling,18,0.28125,0.9999999999999999,32.0,0.5,False,120343439
7,6,1,0.109375,0.0625,0.9724160913749051,58,Ceiling,20,0.3125,0.9999999999999999,32.0,0.5,False,120343439
7,6,1,0.109375,0.0625,0.9724160913749051,58,Ceiling,22,0.34375,0.9999999999999999,32.0,0.5,False,120343439
7,6,1,0.109375,0.0625,0.9724160913749051,58,Ceiling,25,0.390625,0.9999999999999999,32.0,0.5,False,120343439
7,6,1,0.109375,0.0625,0.9724160913749051,58,Ceiling,28,0.4375,0.9999999999999999,32.0,0.5,False,120343439
7,6,1,0.109375,0.0625,0.9724160913749051,58,Ceiling,32,0.5,0.9999999999999999,32.0,0.5,False,120343439
7,6,1,0.109375,0.0625,0.0,1,BARK,1,0.015625,0.0,8.0,0.125,True,120343439
7,6,1,0.109375,0.0625,0.0,1,BARK,2,0.03125,1.7587188383375388e-37,8.0,0.125,True,120343439
7,6,1,0.109375,0.0625,0.0,1,BARK,3,0.046875,7.472735046582932e-36,8.0,0.125,True,120343439
7,6,1,0.109375,0.0625,0.0,1,BARK,4,0.0625,9.619050698760745e-36,8.0,0.125,True,120343439
7,6,1,0.109375,0.0625,0.0,1,BARK,5,0.078125,1.0439504925769664e-35,8.0,0.125,True,120343439
7,6,1,0.109375,0.0625,0.0,1,BARK,6,0.09375,1.0933521709874879e-35,8.0,0.125,True,120343439
7,6,1,0.109375,0.0625,0.0,1,BARK,7,0.109375,1.1593178496601803e-35,8.0,0.125,True,120343439
7,6,1,0.109375,0.0625,0.0,1,BARK,8,0.125,1.2162956437793485e-35,8.0,0.125,True,120343439
7,6,1,0.109375,0.0625,0.0,1,BARK,9,0.140625,1.2162956437793485e-35,8.0,0.125,True,120343439
7,6,1,0.109375,0.0625,0.0,1,BARK,10,0.15625,1.2162956437793485e-35,8.0,0.125,True,120343439
7,6,1,0.109375,0.0625,0.0,1,BARK,11,0.171875,1.2162956437793485e-35,8.0,0.125,True,120343439
7,6,1,0.109375,0.0625,0.0,1,BARK,12,0.1875,1.2162956437793485e-35,8.0,0.125,True,120343439
7,6,1,0.109375,0.0625,0.0,1,BARK,14,0.21875,1.2162956437793485e-35,8.0,0.125,True,120343439
7,6,1,0.109375,0.0625,0.0,1,BARK,16,0.25,1.2162956437793485e-35,8.0,0.125,True,120343439
7,6,1,0.109375,0.0625,0.0,1,BARK,18,0.28125,1.2162956437793485e-35,8.0,0.125,True,120343439
7,6,1,0.109375,0.0625,0.0,1,BARK,20,0.3125,1.2162956437793485e-35,8.0,0.125,True,120343439
7,6,1,0.109375,0.0625,0.0,1,BARK,22,0.34375,1.2162956437793485e-35,8.0,0.125,True,120343439
7,6,1,0.109375,0.0625,0.0,1,BARK,25,0.390625,1.2162956437793485e-35,8.0,0.125,True,120343439
7,6,1,0.109375,0.0625,0.0,1,BARK,28,0.4375,1.2162956437793485e-35,8.0,0.125,True,120343439
7,6,1,0.109375,0.0625,0.0,1,BARK,32,0.5,1.2162956437793485e-35,8.0,0.125,True,120343439
7,6,1,0.109375,0.0625,0.0,1,Simplified BARK,1,0.015625,0.0,8.0,0.125,True,120343439
7,6,1,0.109375,0.0625,0.0,1,Simplified BARK,2,0.03125,1.1030753392966515e-34,8.0,0.125,True,120343439
7,6,1,0.109375,0.0625,0.0,1,Simplified BARK,3,0.046875,9.995692398820056e-37,8.0,0.125,True,120343439
7,6,1,0.109375,0.0625,0.0,1,Simplified BARK,4,0.0625,7.903223275556261e-36,8.0,0.125,True,120343439
7,6,1,0.109375,0.0625,0.0,1,Simplified BARK,5,0.078125,1.1088984879353791e-36,8.0,0.125,True,120343439
7,6,1,0.109375,0.0625,0.0,1,Simplified BARK,6,0.09375,6.322164202313022e-36,8.0,0.125,True,120343439
7,6,1,0.109375,0.0625,0.0,1,Simplified BARK,7,0.109375,8.635962708669385e-36,8.0,0.125,True,120343439
7,6,1,0.109375,0.0625,0.0,1,Simplified BARK,8,0.125,1.21629564377935e-35,8.0,0.125,True,120343439
7,6,1,0.109375,0.0625,0.0,1,Simplified BARK,9,0.140625,1.21629564377935e-35,8.0,0.125,True,120343439
7,6,1,0.109375,0.0625,0.0,1,Simplified BARK,10,0.15625,1.21629564377935e-35,8.0,0.125,True,120343439
7,6,1,0.109375,0.0625,0.0,1,Simplified BARK,11,0.171875,1.21629564377935e-35,8.0,0.125,True,120343439
7,6,1,0.109375,0.0625,0.0,1,Simplified BARK,12,0.1875,1.21629564377935e-35,8.0,0.125,True,120343439
7,6,1,0.109375,0.0625,0.0,1,Simplified BARK,14,0.21875,1.21629564377935e-35,8.0,0.125,True,120343439
7,6,1,0.109375,0.0625,0.0,1,Simplified BARK,16,0.25,1.21629564377935e-35,8.0,0.125,True,120343439
7,6,1,0.109375,0.0625,0.0,1,Simplified BARK,18,0.28125,1.21629564377935e-35,8.0,0.125,True,120343439
7,6,1,0.109375,0.0625,0.0,1,Simplified BARK,20,0.3125,1.21629564377935e-35,8.0,0.125,True,120343439
7,6,1,0.109375,0.0625,0.0,1,Simplified BARK,22,0.34375,1.21629564377935e-35,8.0,0.125,True,120343439
7,6,1,0.109375,0.0625,0.0,1,Simplified BARK,25,0.390625,1.21629564377935e-35,8.0,0.125,True,120343439
7,6,1,0.109375,0.0625,0.0,1,Simplified BARK,28,0.4375,1.21629564377935e-35,8.0,0.125,True,120343439
7,6,1,0.109375,0.0625,0.0,1,Simplified BARK,32,0.5,1.21629564377935e-35,8.0,0.125,True,120343439
7,6,1,0.109375,0.0625,0.0,1,SKQD,1,0.015625,0.0,3.3333333333333335,0.052083333333333336,True,120343439
7,6,1,0.109375,0.0625,0.0,1,SKQD,2,0.03125,3.6769177976555053e-35,3.3333333333333335,0.052083333333333336,True,120343439
7,6,1,0.109375,0.0625,0.0,1,SKQD,3,0.046875,1.9266360364713687e-35,3.3333333333333335,0.052083333333333336,True,120343439
7,6,1,0.109375,0.0625,0.0,1,SKQD,4,0.0625,1.9196748255393166e-35,3.3333333333333335,0.052083333333333336,True,120343439
7,6,1,0.109375,0.0625,0.0,1,SKQD,5,0.078125,1.9196748255393166e-35,3.3333333333333335,0.052083333333333336,True,120343439
7,6,1,0.109375,0.0625,0.0,1,SKQD,6,0.09375,1.9196748255393166e-35,3.3333333333333335,0.052083333333333336,True,120343439
7,6,1,0.109375,0.0625,0.0,1,SKQD,7,0.109375,1.9196748255393166e-35,3.3333333333333335,0.052083333333333336,True,120343439
7,6,1,0.109375,0.0625,0.0,1,SKQD,8,0.125,1.9196748255393166e-35,3.3333333333333335,0.052083333333333336,True,120343439
7,6,1,0.109375,0.0625,0.0,1,SKQD,9,0.140625,1.9196748255393166e-35,3.3333333333333335,0.052083333333333336,True,120343439
7,6,1,0.109375,0.0625,0.0,1,SKQD,10,0.15625,1.9196748255393166e-35,3.3333333333333335,0.052083333333333336,True,120343439
7,6,1,0.109375,0.0625,0.0,1,SKQD,11,0.171875,1.9196748255393166e-35,3.3333333333333335,0.052083333333333336,True,120343439
7,6,1,0.109375,0.0625,0.0,1,SKQD,12,0.1875,1.9196748255393166e-35,3.3333333333333335,0.052083333333333336,True,120343439
7,6,1,0.109375,0.0625,0.0,1,SKQD,14,0.21875,1.9196748255393166e-35,3.3333333333333335,0.052083333333333336,True,120343439
7,6,1,0.109375,0.0625,0.0,1,SKQD,16,0.25,1.9196748255393166e-35,3.3333333333333335,0.052083333333333336,True,120343439
7,6,1,0.109375,0.0625,0.0,1,SKQD,18,0.28125,1.9196748255393166e-35,3.3333333333333335,0.052083333333333336,True,120343439
7,6,1,0.109375,0.0625,0.0,1,SKQD,20,0.3125,1.9196748255393166e-35,3.3333333333333335,0.052083333333333336,True,120343439
7,6,1,0.109375,0.0625,0.0,1,SKQD,22,0.34375,1.9196748255393166e-35,3.3333333333333335,0.052083333333333336,True,120343439
7,6,1,0.109375,0.0625,0.0,1,SKQD,25,0.390625,1.9196748255393166e-35,3.3333333333333335,0.052083333333333336,True,120343439
7,6,1,0.109375,0.0625,0.0,1,SKQD,28,0.4375,1.9196748255393166e-35,3.3333333333333335,0.052083333333333336,True,120343439
7,6,1,0.109375,0.0625,0.0,1,SKQD,32,0.5,1.9196748255393166e-35,3.3333333333333335,0.052083333333333336,True,120343439
7,6,1,0.109375,0.0625,0.0,1,Ceiling,1,0.015625,0.9724160913749051,32.0,0.5,False,120343439
7,6,1,0.109375,0.0625,0.0,1,Ceiling,2,0.03125,0.9900086756335784,32.0,0.5,False,120343439
7,6,1,0.109375,0.0625,0.0,1,Ceiling,3,0.046875,0.9991882834628214,32.0,0.5,False,120343439
7,6,1,0.109375,0.0625,0.0,1,Ceiling,4,0.0625,0.9998165222787181,32.0,0.5,False,120343439
7,6,1,0.109375,0.0625,0.0,1,Ceiling,5,0.078125,0.9999825962727932,32.0,0.5,False,120343439
7,6,1,0.109375,0.0625,0.0,1,Ceiling,6,0.09375,0.9999939621319159,32.0,0.5,False,120343439
7,6,1,0.109375,0.0625,0.0,1,Ceiling,7,0.109375,0.9999998927062906,32.0,0.5,False,120343439
7,6,1,0.109375,0.0625,0.0,1,Ceiling,8,0.125,0.9999999999999999,32.0,0.5,False,120343439
7,6,1,0.109375,0.0625,0.0,1,Ceiling,9,0.140625,0.9999999999999999,32.0,0.5,False,120343439
7,6,1,0.109375,0.0625,0.0,1,Ceiling,10,0.15625,0.9999999999999999,32.0,0.5,False,120343439
7,6,1,0.109375,0.0625,0.0,1,Ceiling,11,0.171875,0.9999999999999999,32.0,0.5,False,120343439
7,6,1,0.109375,0.0625,0.0,1,Ceiling,12,0.1875,0.9999999999999999,32.0,0.5,False,120343439
7,6,1,0.109375,0.0625,0.0,1,Ceiling,14,0.21875,0.9999999999999999,32.0,0.5,False,120343439
7,6,1,0.109375,0.0625,0.0,1,Ceiling,16,0.25,0.9999999999999999,32.0,0.5,False,120343439
7,6,1,0.109375,0.0625,0.0,1,Ceiling,18,0.28125,0.9999999999999999,32.0,0.5,False,120343439
7,6,1,0.109375,0.0625,0.0,1,Ceiling,20,0.3125,0.9999999999999999,32.0,0.5,False,120343439
7,6,1,0.109375,0.0625,0.0,1,Ceiling,22,0.34375,0.9999999999999999,32.0,0.5,False,120343439
7,6,1,0.109375,0.0625,0.0,1,Ceiling,25,0.390625,0.9999999999999999,32.0,0.5,False,120343439
7,6,1,0.109375,0.0625,0.0,1,Ceiling,28,0.4375,0.9999999999999999,32.0,0.5,False,120343439
7,6,1,0.109375,0.0625,0.0,1,Ceiling,32,0.5,0.9999999999999999,32.0,0.5,False,120343439
7,6,1,0.109375,0.0625,0.0,2,BARK,1,0.015625,0.0,8.0,0.125,True,120343439
7,6,1,0.109375,0.0625,0.0,2,BARK,2,0.03125,1.868955655796407e-33,8.0,0.125,True,120343439
7,6,1,0.109375,0.0625,0.0,2,BARK,3,0.046875,3.523186881279507e-33,8.0,0.125,True,120343439
7,6,1,0.109375,0.0625,0.0,2,BARK,4,0.0625,3.963754680714412e-33,8.0,0.125,True,120343439
7,6,1,0.109375,0.0625,0.0,2,BARK,5,0.078125,3.9639398816395604e-33,8.0,0.125,True,120343439
7,6,1,0.109375,0.0625,0.0,2,BARK,6,0.09375,3.964520888134534e-33,8.0,0.125,True,120343439
7,6,1,0.109375,0.0625,0.0,2,BARK,7,0.109375,3.965631126544117e-33,8.0,0.125,True,120343439
7,6,1,0.109375,0.0625,0.0,2,BARK,8,0.125,3.966007883731826e-33,8.0,0.125,True,120343439
7,6,1,0.109375,0.0625,0.0,2,BARK,9,0.140625,3.966007883731826e-33,8.0,0.125,True,120343439
7,6,1,0.109375,0.0625,0.0,2,BARK,10,0.15625,3.966007883731826e-33,8.0,0.125,True,120343439
7,6,1,0.109375,0.0625,0.0,2,BARK,11,0.171875,3.966007883731826e-33,8.0,0.125,True,120343439
7,6,1,0.109375,0.0625,0.0,2,BARK,12,0.1875,3.966007883731826e-33,8.0,0.125,True,120343439
7,6,1,0.109375,0.0625,0.0,2,BARK,14,0.21875,3.966007883731826e-33,8.0,0.125,True,120343439
7,6,1,0.109375,0.0625,0.0,2,BARK,16,0.25,3.966007883731826e-33,8.0,0.125,True,120343439
7,6,1,0.109375,0.0625,0.0,2,BARK,18,0.28125,3.966007883731826e-33,8.0,0.125,True,120343439
7,6,1,0.109375,0.0625,0.0,2,BARK,20,0.3125,3.966007883731826e-33,8.0,0.125,True,120343439
7,6,1,0.109375,0.0625,0.0,2,BARK,22,0.34375,3.966007883731826e-33,8.0,0.125,True,120343439
7,6,1,0.109375,0.0625,0.0,2,BARK,25,0.390625,3.966007883731826e-33,8.0,0.125,True,120343439
7,6,1,0.109375,0.0625,0.0,2,BARK,28,0.4375,3.966007883731826e-33,8.0,0.125,True,120343439
7,6,1,0.109375,0.0625,0.0,2,BARK,32,0.5,3.966007883731826e-33,8.0,0.125,True,120343439
7,6,1,0.109375,0.0625,0.0,2,Simplified BARK,1,0.015625,0.0,8.0,0.125,True,120343439
7,6,1,0.109375,0.0625,0.0,2,Simplified BARK,2,0.03125,9.704439862691888e-34,8.0,0.125,True,120343439
7,6,1,0.109375,0.0625,0.0,2,Simplified BARK,3,0.046875,2.101701973634673e-33,8.0,0.125,True,120343439
7,6,1,0.109375,0.0625,0.0,2,Simplified BARK,4,0.0625,3.963754680714412e-33,8.0,0.125,True,120343439
7,6,1,0.109375,0.0625,0.0,2,Simplified BARK,5,0.078125,3.963887270876201e-33,8.0,0.125,True,120343439
7,6,1,0.109375,0.0625,0.0,2,Simplified BARK,6,0.09375,3.964128373660222e-33,8.0,0.125,True,120343439
7,6,1,0.109375,0.0625,0.0,2,Simplified BARK,7,0.109375,3.9652520081170354e-33,8.0,0.125,True,120343439
7,6,1,0.109375,0.0625,0.0,2,Simplified BARK,8,0.125,3.966007883731828e-33,8.0,0.125,True,120343439
7,6,1,0.109375,0.0625,0.0,2,Simplified BARK,9,0.140625,3.966007883731828e-33,8.0,0.125,True,120343439
7,6,1,0.109375,0.0625,0.0,2,Simplified BARK,10,0.15625,3.966007883731828e-33,8.0,0.125,True,120343439
7,6,1,0.109375,0.0625,0.0,2,Simplified BARK,11,0.171875,3.966007883731828e-33,8.0,0.125,True,120343439
7,6,1,0.109375,0.0625,0.0,2,Simplified BARK,12,0.1875,3.966007883731828e-33,8.0,0.125,True,120343439
7,6,1,0.109375,0.0625,0.0,2,Simplified BARK,14,0.21875,3.966007883731828e-33,8.0,0.125,True,120343439
7,6,1,0.109375,0.0625,0.0,2,Simplified BARK,16,0.25,3.966007883731828e-33,8.0,0.125,True,120343439
7,6,1,0.109375,0.0625,0.0,2,Simplified BARK,18,0.28125,3.966007883731828e-33,8.0,0.125,True,120343439
7,6,1,0.109375,0.0625,0.0,2,Simplified BARK,20,0.3125,3.966007883731828e-33,8.0,0.125,True,120343439
7,6,1,0.109375,0.0625,0.0,2,Simplified BARK,22,0.34375,3.966007883731828e-33,8.0,0.125,True,120343439
7,6,1,0.109375,0.0625,0.0,2,Simplified BARK,25,0.390625,3.966007883731828e-33,8.0,0.125,True,120343439
7,6,1,0.109375,0.0625,0.0,2,Simplified BARK,28,0.4375,3.966007883731828e-33,8.0,0.125,True,120343439
7,6,1,0.109375,0.0625,0.0,2,Simplified BARK,32,0.5,3.966007883731828e-33,8.0,0.125,True,120343439
7,6,1,0.109375,0.0625,0.0,2,SKQD,1,0.015625,0.0,4.666666666666667,0.07291666666666667,True,120343439
7,6,1,0.109375,0.0625,0.0,2,SKQD,2,0.03125,0.0,4.666666666666667,0.07291666666666667,True,120343439
7,6,1,0.109375,0.0625,0.0,2,SKQD,3,0.046875,0.0,4.666666666666667,0.07291666666666667,True,120343439
7,6,1,0.109375,0.0625,0.0,2,SKQD,4,0.0625,3.963754680714412e-33,4.666666666666667,0.07291666666666667,True,120343439
7,6,1,0.109375,0.0625,0.0,2,SKQD,5,0.078125,3.963754680714412e-33,4.666666666666667,0.07291666666666667,True,120343439
7,6,1,0.109375,0.0625,0.0,2,SKQD,6,0.09375,3.963879245029681e-33,4.666666666666667,0.07291666666666667,True,120343439
7,6,1,0.109375,0.0625,0.0,2,SKQD,7,0.109375,3.963879245029681e-33,4.666666666666667,0.07291666666666667,True,120343439
7,6,1,0.109375,0.0625,0.0,2,SKQD,8,0.125,3.963879245029681e-33,4.666666666666667,0.07291666666666667,True,120343439
7,6,1,0.109375,0.0625,0.0,2,SKQD,9,0.140625,3.963879245029681e-33,4.666666666666667,0.07291666666666667,True,120343439
7,6,1,0.109375,0.0625,0.0,2,SKQD,10,0.15625,3.963879245029681e-33,4.666666666666667,0.07291666666666667,True,120343439
7,6,1,0.109375,0.0625,0.0,2,SKQD,11,0.171875,3.963879245029681e-33,4.666666666666667,0.07291666666666667,True,120343439
7,6,1,0.109375,0.0625,0.0,2,SKQD,12,0.1875,3.963879245029681e-33,4.666666666666667,0.07291666666666667,True,120343439
7,6,1,0.109375,0.0625,0.0,2,SKQD,14,0.21875,3.963879245029681e-33,4.666666666666667,0.07291666666666667,True,120343439
7,6,1,0.109375,0.0625,0.0,2,SKQD,16,0.25,3.963879245029681e-33,4.666666666666667,0.07291666666666667,True,120343439
7,6,1,0.109375,0.0625,0.0,2,SKQD,18,0.28125,3.963879245029681e-33,4.666666666666667,0.07291666666666667,True,120343439
7,6,1,0.109375,0.0625,0.0,2,SKQD,20,0.3125,3.963879245029681e-33,4.666666666666667,0.07291666666666667,True,120343439
7,6,1,0.109375,0.0625,0.0,2,SKQD,22,0.34375,3.963879245029681e-33,4.666666666666667,0.07291666666666667,True,120343439
7,6,1,0.109375,0.0625,0.0,2,SKQD,25,0.390625,3.963879245029681e-33,4.666666666666667,0.07291666666666667,True,120343439
7,6,1,0.109375,0.0625,0.0,2,SKQD,28,0.4375,3.963879245029681e-33,4.666666666666667,0.07291666666666667,True,120343439
7,6,1,0.109375,0.0625,0.0,2,SKQD,32,0.5,3.963879245029681e-33,4.666666666666667,0.07291666666666667,True,120343439
7,6,1,0.109375,0.0625,0.0,2,Ceiling,1,0.015625,0.9724160913749051,32.0,0.5,False,120343439
7,6,1,0.109375,0.0625,0.0,2,Ceiling,2,0.03125,0.9900086756335784,32.0,0.5,False,120343439
7,6,1,0.109375,0.0625,0.0,2,Ceiling,3,0.046875,0.9991882834628214,32.0,0.5,False,120343439
7,6,1,0.109375,0.0625,0.0,2,Ceiling,4,0.0625,0.9998165222787181,32.0,0.5,False,120343439
7,6,1,0.109375,0.0625,0.0,2,Ceiling,5,0.078125,0.9999825962727932,32.0,0.5,False,120343439
7,6,1,0.109375,0.0625,0.0,2,Ceiling,6,0.09375,0.9999939621319159,32.0,0.5,False,120343439
7,6,1,0.109375,0.0625,0.0,2,Ceiling,7,0.109375,0.9999998927062906,32.0,0.5,False,120343439
7,6,1,0.109375,0.0625,0.0,2,Ceiling,8,0.125,0.9999999999999999,32.0,0.5,False,120343439
7,6,1,0.109375,0.0625,0.0,2,Ceiling,9,0.140625,0.9999999999999999,32.0,0.5,False,120343439
7,6,1,0.109375,0.0625,0.0,2,Ceiling,10,0.15625,0.9999999999999999,32.0,0.5,False,120343439
7,6,1,0.109375,0.0625,0.0,2,Ceiling,11,0.171875,0.9999999999999999,32.0,0.5,False,120343439
7,6,1,0.109375,0.0625,0.0,2,Ceiling,12,0.1875,0.9999999999999999,32.0,0.5,False,120343439
7,6,1,0.109375,0.0625,0.0,2,Ceiling,14,0.21875,0.9999999999999999,32.0,0.5,False,120343439
7,6,1,0.109375,0.0625,0.0,2,Ceiling,16,0.25,0.9999999999999999,32.0,0.5,False,120343439
7,6,1,0.109375,0.0625,0.0,2,Ceiling,18,0.28125,0.9999999999999999,32.0,0.5,False,120343439
7,6,1,0.109375,0.0625,0.0,2,Ceiling,20,0.3125,0.9999999999999999,32.0,0.5,False,120343439
7,6,1,0.109375,0.0625,0.0,2,Ceiling,22,0.34375,0.9999999999999999,32.0,0.5,False,120343439
7,6,1,0.109375,0.0625,0.0,2,Ceiling,25,0.390625,0.9999999999999999,32.0,0.5,False,120343439
7,6,1,0.109375,0.0625,0.0,2,Ceiling,28,0.4375,0.9999999999999999,32.0,0.5,False,120343439
7,6,1,0.109375,0.0625,0.0,2,Ceiling,32,0.5,0.9999999999999999,32.0,0.5,False,120343439
7,6,1,0.109375,0.0625,0.0,3,BARK,1,0.015625,0.0,8.0,0.125,True,120343439
7,6,1,0.109375,0.0625,0.0,3,BARK,2,0.03125,3.2905091115059e-35,8.0,0.125,True,120343439
7,6,1,0.109375,0.0625,0.0,3,BARK,3,0.046875,5.386171207776715e-35,8.0,0.125,True,120343439
7,6,1,0.109375,0.0625,0.0,3,BARK,4,0.0625,5.447314597179319e-35,8.0,0.125,True,120343439
7,6,1,0.109375,0.0625,0.0,3,BARK,5,0.078125,5.651836300943e-35,8.0,0.125,True,120343439
7,6,1,0.109375,0.0625,0.0,3,BARK,6,0.09375,5.695275162796651e-35,8.0,0.125,True,120343439
7,6,1,0.109375,0.0625,0.0,3,BARK,7,0.109375,5.72646543786077e-35,8.0,0.125,True,120343439
7,6,1,0.109375,0.0625,0.0,3,BARK,8,0.125,6.65958001069239e-35,8.0,0.125,True,120343439
7,6,1,0.109375,0.0625,0.0,3,BARK,9,0.140625,6.65958001069239e-35,8.0,0.125,True,120343439
7,6,1,0.109375,0.0625,0.0,3,BARK,10,0.15625,6.65958001069239e-35,8.0,0.125,True,120343439
7,6,1,0.109375,0.0625,0.0,3,BARK,11,0.171875,6.65958001069239e-35,8.0,0.125,True,120343439
7,6,1,0.109375,0.0625,0.0,3,BARK,12,0.1875,6.65958001069239e-35,8.0,0.125,True,120343439
7,6,1,0.109375,0.0625,0.0,3,BARK,14,0.21875,6.65958001069239e-35,8.0,0.125,True,120343439
7,6,1,0.109375,0.0625,0.0,3,BARK,16,0.25,6.65958001069239e-35,8.0,0.125,True,120343439
7,6,1,0.109375,0.0625,0.0,3,BARK,18,0.28125,6.65958001069239e-35,8.0,0.125,True,120343439
7,6,1,0.109375,0.0625,0.0,3,BARK,20,0.3125,6.65958001069239e-35,8.0,0.125,True,120343439
7,6,1,0.109375,0.0625,0.0,3,BARK,22,0.34375,6.65958001069239e-35,8.0,0.125,True,120343439
7,6,1,0.109375,0.0625,0.0,3,BARK,25,0.390625,6.65958001069239e-35,8.0,0.125,True,120343439
7,6,1,0.109375,0.0625,0.0,3,BARK,28,0.4375,6.65958001069239e-35,8.0,0.125,True,120343439
7,6,1,0.109375,0.0625,0.0,3,BARK,32,0.5,6.65958001069239e-35,8.0,0.125,True,120343439
7,6,1,0.109375,0.0625,0.0,3,Simplified BARK,1,0.015625,0.0,8.0,0.125,True,120343439
7,6,1,0.109375,0.0625,0.0,3,Simplified BARK,2,0.03125,2.5210006846329516e-35,8.0,0.125,True,120343439
7,6,1,0.109375,0.0625,0.0,3,Simplified BARK,3,0.046875,2.636394020797645e-35,8.0,0.125,True,120343439
7,6,1,0.109375,0.0625,0.0,3,Simplified BARK,4,0.0625,2.8857923443436524e-35,8.0,0.125,True,120343439
7,6,1,0.109375,0.0625,0.0,3,Simplified BARK,5,0.078125,3.9405149523903436e-35,8.0,0.125,True,120343439
7,6,1,0.109375,0.0625,0.0,3,Simplified BARK,6,0.09375,6.37187224104152e-35,8.0,0.125,True,120343439
7,6,1,0.109375,0.0625,0.0,3,Simplified BARK,7,0.109375,6.571577438106903e-35,8.0,0.125,True,120343439
7,6,1,0.109375,0.0625,0.0,3,Simplified BARK,8,0.125,6.659580010692395e-35,8.0,0.125,True,120343439
7,6,1,0.109375,0.0625,0.0,3,Simplified BARK,9,0.140625,6.659580010692395e-35,8.0,0.125,True,120343439
7,6,1,0.109375,0.0625,0.0,3,Simplified BARK,10,0.15625,6.659580010692395e-35,8.0,0.125,True,120343439
7,6,1,0.109375,0.0625,0.0,3,Simplified BARK,11,0.171875,6.659580010692395e-35,8.0,0.125,True,120343439
7,6,1,0.109375,0.0625,0.0,3,Simplified BARK,12,0.1875,6.659580010692395e-35,8.0,0.125,True,120343439
7,6,1,0.109375,0.0625,0.0,3,Simplified BARK,14,0.21875,6.659580010692395e-35,8.0,0.125,True,120343439
7,6,1,0.109375,0.0625,0.0,3,Simplified BARK,16,0.25,6.659580010692395e-35,8.0,0.125,True,120343439
7,6,1,0.109375,0.0625,0.0,3,Simplified BARK,18,0.28125,6.659580010692395e-35,8.0,0.125,True,120343439
7,6,1,0.109375,0.0625,0.0,3,Simplified BARK,20,0.3125,6.659580010692395e-35,8.0,0.125,True,120343439
7,6,1,0.109375,0.0625,0.0,3,Simplified BARK,22,0.34375,6.659580010692395e-35,8.0,0.125,True,120343439
7,6,1,0.109375,0.0625,0.0,3,Simplified BARK,25,0.390625,6.659580010692395e-35,8.0,0.125,True,120343439
7,6,1,0.109375,0.0625,0.0,3,Simplified BARK,28,0.4375,6.659580010692395e-35,8.0,0.125,True,120343439
7,6,1,0.109375,0.0625,0.0,3,Simplified BARK,32,0.5,6.659580010692395e-35,8.0,0.125,True,120343439
7,6,1,0.109375,0.0625,0.0,3,SKQD,1,0.015625,0.0,7.666666666666667,0.11979166666666667,True,120343439
7,6,1,0.109375,0.0625,0.0,3,SKQD,2,0.03125,0.0,7.666666666666667,0.11979166666666667,True,120343439
7,6,1,0.109375,0.0625,0.0,3,SKQD,3,0.046875,0.0,7.666666666666667,0.11979166666666667,True,120343439
7,6,1,0.109375,0.0625,0.0,3,SKQD,4,0.0625,3.2118696774735684e-35,7.666666666666667,0.11979166666666667,True,120343439
7,6,1,0.109375,0.0625,0.0,3,SKQD,5,0.078125,3.2118696774735684e-35,7.666666666666667,0.11979166666666667,True,120343439
7,6,1,0.109375,0.0625,0.0,3,SKQD,6,0.09375,4.37389630970619e-35,7.666666666666667,0.11979166666666667,True,120343439
7,6,1,0.109375,0.0625,0.0,3,SKQD,7,0.109375,5.583217473802296e-35,7.666666666666667,0.11979166666666667,True,120343439
7,6,1,0.109375,0.0625,0.0,3,SKQD,8,0.125,6.587324686740508e-35,7.666666666666667,0.11979166666666667,True,120343439
7,6,1,0.109375,0.0625,0.0,3,SKQD,9,0.140625,6.587324686740508e-35,7.666666666666667,0.11979166666666667,True,120343439
7,6,1,0.109375,0.0625,0.0,3,SKQD,10,0.15625,6.587324686740508e-35,7.666666666666667,0.11979166666666667,True,120343439
7,6,1,0.109375,0.0625,0.0,3,SKQD,11,0.171875,6.587324686740508e-35,7.666666666666667,0.11979166666666667,True,120343439
7,6,1,0.109375,0.0625,0.0,3,SKQD,12,0.1875,6.587324686740508e-35,7.666666666666667,0.11979166666666667,True,120343439
7,6,1,0.109375,0.0625,0.0,3,SKQD,14,0.21875,6.587324686740508e-35,7.666666666666667,0.11979166666666667,True,120343439
7,6,1,0.109375,0.0625,0.0,3,SKQD,16,0.25,6.587324686740508e-35,7.666666666666667,0.11979166666666667,True,120343439
7,6,1,0.109375,0.0625,0.0,3,SKQD,18,0.28125,6.587324686740508e-35,7.666666666666667,0.11979166666666667,True,120343439
7,6,1,0.109375,0.0625,0.0,3,SKQD,20,0.3125,6.587324686740508e-35,7.666666666666667,0.11979166666666667,True,120343439
7,6,1,0.109375,0.0625,0.0,3,SKQD,22,0.34375,6.587324686740508e-35,7.666666666666667,0.11979166666666667,True,120343439
7,6,1,0.109375,0.0625,0.0,3,SKQD,25,0.390625,6.587324686740508e-35,7.666666666666667,0.11979166666666667,True,120343439
7,6,1,0.109375,0.0625,0.0,3,SKQD,28,0.4375,6.587324686740508e-35,7.666666666666667,0.11979166666666667,True,120343439
7,6,1,0.109375,0.0625,0.0,3,SKQD,32,0.5,6.587324686740508e-35,7.666666666666667,0.11979166666666667,True,120343439
7,6,1,0.109375,0.0625,0.0,3,Ceiling,1,0.015625,0.9724160913749051,32.0,0.5,False,120343439
7,6,1,0.109375,0.0625,0.0,3,Ceiling,2,0.03125,0.9900086756335784,32.0,0.5,False,120343439
7,6,1,0.109375,0.0625,0.0,3,Ceiling,3,0.046875,0.9991882834628214,32.0,0.5,False,120343439
7,6,1,0.109375,0.0625,0.0,3,Ceiling,4,0.0625,0.9998165222787181,32.0,0.5,False,120343439
7,6,1,0.109375,0.0625,0.0,3,Ceiling,5,0.078125,0.9999825962727932,32.0,0.5,False,120343439
7,6,1,0.109375,0.0625,0.0,3,Ceiling,6,0.09375,0.9999939621319159,32.0,0.5,False,120343439
7,6,1,0.109375,0.0625,0.0,3,Ceiling,7,0.109375,0.9999998927062906,32.0,0.5,False,120343439
7,6,1,0.109375,0.0625,0.0,3,Ceiling,8,0.125,0.9999999999999999,32.0,0.5,False,120343439
7,6,1,0.109375,0.0625,0.0,3,Ceiling,9,0.140625,0.9999999999999999,32.0,0.5,False,120343439
7,6,1,0.109375,0.0625,0.0,3,Ceiling,10,0.15625,0.9999999999999999,32.0,0.5,False,120343439
7,6,1,0.109375,0.0625,0.0,3,Ceiling,11,0.171875,0.9999999999999999,32.0,0.5,False,120343439
7,6,1,0.109375,0.0625,0.0,3,Ceiling,12,0.1875,0.9999999999999999,32.0,0.5,False,120343439
7,6,1,0.109375,0.0625,0.0,3,Ceiling,14,0.21875,0.9999999999999999,32.0,0.5,False,120343439
7,6,1,0.109375,0.0625,0.0,3,Ceiling,16,0.25,0.9999999999999999,32.0,0.5,False,120343439
7,6,1,0.109375,0.0625,0.0,3,Ceiling,18,0.28125,0.9999999999999999,32.0,0.5,False,120343439
7,6,1,0.109375,0.0625,0.0,3,Ceiling,20,0.3125,0.9999999999999999,32.0,0.5,False,120343439
7,6,1,0.109375,0.0625,0.0,3,Ceiling,22,0.34375,0.9999999999999999,32.0,0.5,False,120343439
7,6,1,0.109375,0.0625,0.0,3,Ceiling,25,0.390625,0.9999999999999999,32.0,0.5,False,120343439
7,6,1,0.109375,0.0625,0.0,3,Ceiling,28,0.4375,0.9999999999999999,32.0,0.5,False,120343439
7,6,1,0.109375,0.0625,0.0,3,Ceiling,32,0.5,0.9999999999999999,32.0,0.5,False,120343439
7,6,2,0.25,0.09375,0.03598385062262743,43,BARK,1,0.015625,0.03598385062262743,16.0,0.25,True,2266307248
7,6,2,0.25,0.09375,0.03598385062262743,43,BARK,2,0.03125,0.9229354329367351,16.0,0.25,True,2266307248
7,6,2,0.25,0.09375,0.03598385062262743,43,BARK,3,0.046875,0.9600822062634997,16.0,0.25,True,2266307248
7,6,2,0.25,0.09375,0.03598385062262743,43,BARK,4,0.0625,0.9617639125828645,16.0,0.25,True,2266307248
7,6,2,0.25,0.09375,0.03598385062262743,43,BARK,5,0.078125,0.9618051186980209,16.0,0.25,True,2266307248
7,6,2,0.25,0.09375,0.03598385062262743,43,BARK,6,0.09375,0.9695683496763943,16.0,0.25,True,2266307248
7,6,2,0.25,0.09375,0.03598385062262743,43,BARK,7,0.109375,0.9697609089311375,16.0,0.25,True,2266307248
7,6,2,0.25,0.09375,0.03598385062262743,43,BARK,8,0.125,0.9704956385008151,16.0,0.25,True,2266307248
7,6,2,0.25,0.09375,0.03598385062262743,43,BARK,9,0.140625,0.9722122989083202,16.0,0.25,True,2266307248
7,6,2,0.25,0.09375,0.03598385062262743,43,BARK,10,0.15625,0.9970594488323509,16.0,0.25,True,2266307248
7,6,2,0.25,0.09375,0.03598385062262743,43,BARK,11,0.171875,0.9979072938707572,16.0,0.25,True,2266307248
7,6,2,0.25,0.09375,0.03598385062262743,43,BARK,12,0.1875,0.9997183436636721,16.0,0.25,True,2266307248
7,6,2,0.25,0.09375,0.03598385062262743,43,BARK,14,0.21875,0.999960117403519,16.0,0.25,True,2266307248
7,6,2,0.25,0.09375,0.03598385062262743,43,BARK,16,0.25,1.0000000000000004,16.0,0.25,True,2266307248
7,6,2,0.25,0.09375,0.03598385062262743,43,BARK,18,0.28125,1.0000000000000004,16.0,0.25,True,2266307248
7,6,2,0.25,0.09375,0.03598385062262743,43,BARK,20,0.3125,1.0000000000000004,16.0,0.25,True,2266307248
7,6,2,0.25,0.09375,0.03598385062262743,43,BARK,22,0.34375,1.0000000000000004,16.0,0.25,True,2266307248
7,6,2,0.25,0.09375,0.03598385062262743,43,BARK,25,0.390625,1.0000000000000004,16.0,0.25,True,2266307248
7,6,2,0.25,0.09375,0.03598385062262743,43,BARK,28,0.4375,1.0000000000000004,16.0,0.25,True,2266307248
7,6,2,0.25,0.09375,0.03598385062262743,43,BARK,32,0.5,1.0000000000000004,16.0,0.25,True,2266307248
7,6,2,0.25,0.09375,0.03598385062262743,43,Simplified BARK,1,0.015625,0.03598385062262743,16.0,0.25,True,2266307248
7,6,2,0.25,0.09375,0.03598385062262743,43,Simplified BARK,2,0.03125,0.037409323502481426,16.0,0.25,True,2266307248
7,6,2,0.25,0.09375,0.03598385062262743,43,Simplified BARK,3,0.046875,0.021837292315561595,16.0,0.25,True,2266307248
7,6,2,0.25,0.09375,0.03598385062262743,43,Simplified BARK,4,0.0625,0.017884060354463965,16.0,0.25,True,2266307248
7,6,2,0.25,0.09375,0.03598385062262743,43,Simplified BARK,5,0.078125,0.021781991598674253,16.0,0.25,True,2266307248
7,6,2,0.25,0.09375,0.03598385062262743,43,Simplified BARK,6,0.09375,0.0221190339728078,16.0,0.25,True,2266307248
7,6,2,0.25,0.09375,0.03598385062262743,43,Simplified BARK,7,0.109375,0.02505058879057437,16.0,0.25,True,2266307248
7,6,2,0.25,0.09375,0.03598385062262743,43,Simplified BARK,8,0.125,0.965446812341548,16.0,0.25,True,2266307248
7,6,2,0.25,0.09375,0.03598385062262743,43,Simplified BARK,9,0.140625,0.9661577268968039,16.0,0.25,True,2266307248
7,6,2,0.25,0.09375,0.03598385062262743,43,Simplified BARK,10,0.15625,0.9661521663254545,16.0,0.25,True,2266307248
7,6,2,0.25,0.09375,0.03598385062262743,43,Simplified BARK,11,0.171875,0.9667581445038601,16.0,0.25,True,2266307248
7,6,2,0.25,0.09375,0.03598385062262743,43,Simplified BARK,12,0.1875,0.9919068882108438,16.0,0.25,True,2266307248
7,6,2,0.25,0.09375,0.03598385062262743,43,Simplified BARK,14,0.21875,0.9999601174035196,16.0,0.25,True,2266307248
7,6,2,0.25,0.09375,0.03598385062262743,43,Simplified BARK,16,0.25,1.0000000000000004,16.0,0.25,True,2266307248
7,6,2,0.25,0.09375,0.03598385062262743,43,Simplified BARK,18,0.28125,1.0000000000000004,16.0,0.25,True,2266307248
7,6,2,0.25,0.09375,0.03598385062262743,43,Simplified BARK,20,0.3125,1.0000000000000004,16.0,0.25,True,2266307248
7,6,2,0.25,0.09375,0.03598385062262743,43,Simplified BARK,22,0.34375,1.0000000000000004,16.0,0.25,True,2266307248
7,6,2,0.25,0.09375,0.03598385062262743,43,Simplified BARK,25,0.390625,1.0000000000000004,16.0,0.25,True,2266307248
7,6,2,0.25,0.09375,0.03598385062262743,43,Simplified BARK,28,0.4375,1.0000000000000004,16.0,0.25,True,2266307248
7,6,2,0.25,0.09375,0.03598385062262743,43,Simplified BARK,32,0.5,1.0000000000000004,16.0,0.25,True,2266307248
7,6,2,0.25,0.09375,0.03598385062262743,43,SKQD,1,0.015625,0.03598385062262743,15.666666666666666,0.24479166666666666,True,2266307248
7,6,2,0.25,0.09375,0.03598385062262743,43,SKQD,2,0.03125,0.03598385062262743,15.666666666666666,0.24479166666666666,True,2266307248
7,6,2,0.25,0.09375,0.03598385062262743,43,SKQD,3,0.046875,0.03598385062262743,15.666666666666666,0.24479166666666666,True,2266307248
7,6,2,0.25,0.09375,0.03598385062262743,43,SKQD,4,0.0625,0.03598385062262743,15.666666666666666,0.24479166666666666,True,2266307248
7,6,2,0.25,0.09375,0.03598385062262743,43,SKQD,5,0.078125,0.03598385062262743,15.666666666666666,0.24479166666666666,True,2266307248
7,6,2,0.25,0.09375,0.03598385062262743,43,SKQD,6,0.09375,0.03598385062262743,15.666666666666666,0.24479166666666666,True,2266307248
7,6,2,0.25,0.09375,0.03598385062262743,43,SKQD,7,0.109375,0.03598385062262743,15.666666666666666,0.24479166666666666,True,2266307248
7,6,2,0.25,0.09375,0.03598385062262743,43,SKQD,8,0.125,0.33311588387092694,15.666666666666666,0.24479166666666666,True,2266307248
7,6,2,0.25,0.09375,0.03598385062262743,43,SKQD,9,0.140625,0.6329127282085155,15.666666666666666,0.24479166666666666,True,2266307248
7,6,2,0.25,0.09375,0.03598385062262743,43,SKQD,10,0.15625,0.6329127282085155,15.666666666666666,0.24479166666666666,True,2266307248
7,6,2,0.25,0.09375,0.03598385062262743,43,SKQD,11,0.171875,0.6501723274824962,15.666666666666666,0.24479166666666666,True,2266307248
7,6,2,0.25,0.09375,0.03598385062262743,43,SKQD,12,0.1875,0.9628441270851876,15.666666666666666,0.24479166666666666,True,2266307248
7,6,2,0.25,0.09375,0.03598385062262743,43,SKQD,14,0.21875,0.9841392539690265,15.666666666666666,0.24479166666666666,True,2266307248
7,6,2,0.25,0.09375,0.03598385062262743,43,SKQD,16,0.25,0.9999391548455078,15.666666666666666,0.24479166666666666,True,2266307248
7,6,2,0.25,0.09375,0.03598385062262743,43,SKQD,18,0.28125,0.9999391548455078,15.666666666666666,0.24479166666666666,True,2266307248
7,6,2,0.25,0.09375,0.03598385062262743,43,SKQD,20,0.3125,0.9999391548455078,15.666666666666666,0.24479166666666666,True,2266307248
7,6,2,0.25,0.09375,0.03598385062262743,43,SKQD,22,0.34375,0.9999391548455078,15.666666666666666,0.24479166666666666,True,2266307248
7,6,2,0.25,0.09375,0.03598385062262743,43,SKQD,25,0.390625,0.9999391548455078,15.666666666666666,0.24479166666666666,True,2266307248
7,6,2,0.25,0.09375,0.03598385062262743,43,SKQD,28,0.4375,0.9999391548455078,15.666666666666666,0.24479166666666666,True,2266307248
7,6,2,0.25,0.09375,0.03598385062262743,43,SKQD,32,0.5,0.9999391548455078,15.666666666666666,0.24479166666666666,True,2266307248
7,6,2,0.25,0.09375,0.03598385062262743,43,Ceiling,1,0.015625,0.8870503026897214,32.0,0.5,False,2266307248
7,6,2,0.25,0.09375,0.03598385062262743,43,Ceiling,2,0.03125,0.9244571373538495,32.0,0.5,False,2266307248
7,6,2,0.25,0.09375,0.03598385062262743,43,Ceiling,3,0.046875,0.9604409879764769,32.0,0.5,False,2266307248
7,6,2,0.25,0.09375,0.03598385062262743,43,Ceiling,4,0.0625,0.9851954370934347,32.0,0.5,False,2266307248
7,6,2,0.25,0.09375,0.03598385062262743,43,Ceiling,5,0.078125,0.99301582255214,32.0,0.5,False,2266307248
7,6,2,0.25,0.09375,0.03598385062262743,43,Ceiling,6,0.09375,0.9948112769799815,32.0,0.5,False,2266307248
7,6,2,0.25,0.09375,0.03598385062262743,43,Ceiling,7,0.109375,0.9965479041298977,32.0,0.5,False,2266307248
7,6,2,0.25,0.09375,0.03598385062262743,43,Ceiling,8,0.125,0.9979739367718826,32.0,0.5,False,2266307248
7,6,2,0.25,0.09375,0.03598385062262743,43,Ceiling,9,0.140625,0.9987857454373001,32.0,0.5,False,2266307248
7,6,2,0.25,0.09375,0.03598385062262743,43,Ceiling,10,0.15625,0.9994985345693131,32.0,0.5,False,2266307248
7,6,2,0.25,0.09375,0.03598385062262743,43,Ceiling,11,0.171875,0.9997219581060004,32.0,0.5,False,2266307248
7,6,2,0.25,0.09375,0.03598385062262743,43,Ceiling,12,0.1875,0.9998930377770899,32.0,0.5,False,2266307248
7,6,2,0.25,0.09375,0.03598385062262743,43,Ceiling,14,0.21875,0.9999955392297775,32.0,0.5,False,2266307248
7,6,2,0.25,0.09375,0.03598385062262743,43,Ceiling,16,0.25,1.0,32.0,0.5,False,2266307248
7,6,2,0.25,0.09375,0.03598385062262743,43,Ceiling,18,0.28125,1.0,32.0,0.5,False,2266307248
7,6,2,0.25,0.09375,0.03598385062262743,43,Ceiling,20,0.3125,1.0,32.0,0.5,False,2266307248
7,6,2,0.25,0.09375,0.03598385062262743,43,Ceiling,22,0.34375,1.0,32.0,0.5,False,2266307248
7,6,2,0.25,0.09375,0.03598385062262743,43,Ceiling,25,0.390625,1.0,32.0,0.5,False,2266307248
7,6,2,0.25,0.09375,0.03598385062262743,43,Ceiling,28,0.4375,1.0,32.0,0.5,False,2266307248
7,6,2,0.25,0.09375,0.03598385062262743,43,Ceiling,32,0.5,1.0,32.0,0.5,False,2266307248
7,6,2,0.25,0.09375,0.037406834664128065,0,BARK,1,0.015625,0.037406834664128065,16.0,0.25,True,2266307248
7,6,2,0.25,0.09375,0.037406834664128065,0,BARK,2,0.03125,0.9244528008170166,16.0,0.25,True,2266307248
7,6,2,0.25,0.09375,0.037406834664128065,0,BARK,3,0.046875,0.9600822062634996,16.0,0.25,True,2266307248
7,6,2,0.25,0.09375,0.037406834664128065,0,BARK,4,0.0625,0.9617639125828649,16.0,0.25,True,2266307248
7,6,2,0.25,0.09375,0.037406834664128065,0,BARK,5,0.078125,0.9618051186980204,16.0,0.25,True,2266307248
7,6,2,0.25,0.09375,0.037406834664128065,0,BARK,6,0.09375,0.9695683496763948,16.0,0.25,True,2266307248
7,6,2,0.25,0.09375,0.037406834664128065,0,BARK,7,0.109375,0.9697609089311382,16.0,0.25,True,2266307248
7,6,2,0.25,0.09375,0.037406834664128065,0,BARK,8,0.125,0.9704956385008155,16.0,0.25,True,2266307248
7,6,2,0.25,0.09375,0.037406834664128065,0,BARK,9,0.140625,0.97221229890832,16.0,0.25,True,2266307248
7,6,2,0.25,0.09375,0.037406834664128065,0,BARK,10,0.15625,0.9970594488323509,16.0,0.25,True,2266307248
7,6,2,0.25,0.09375,0.037406834664128065,0,BARK,11,0.171875,0.9979072938707569,16.0,0.25,True,2266307248
7,6,2,0.25,0.09375,0.037406834664128065,0,BARK,12,0.1875,0.9997183436636732,16.0,0.25,True,2266307248
7,6,2,0.25,0.09375,0.037406834664128065,0,BARK,14,0.21875,0.9999601174035194,16.0,0.25,True,2266307248
7,6,2,0.25,0.09375,0.037406834664128065,0,BARK,16,0.25,1.0,16.0,0.25,True,2266307248
7,6,2,0.25,0.09375,0.037406834664128065,0,BARK,18,0.28125,1.0,16.0,0.25,True,2266307248
7,6,2,0.25,0.09375,0.037406834664128065,0,BARK,20,0.3125,1.0,16.0,0.25,True,2266307248
7,6,2,0.25,0.09375,0.037406834664128065,0,BARK,22,0.34375,1.0,16.0,0.25,True,2266307248
7,6,2,0.25,0.09375,0.037406834664128065,0,BARK,25,0.390625,1.0,16.0,0.25,True,2266307248
7,6,2,0.25,0.09375,0.037406834664128065,0,BARK,28,0.4375,1.0,16.0,0.25,True,2266307248
7,6,2,0.25,0.09375,0.037406834664128065,0,BARK,32,0.5,1.0,16.0,0.25,True,2266307248
7,6,2,0.25,0.09375,0.037406834664128065,0,Simplified BARK,1,0.015625,0.037406834664128065,16.0,0.25,True,2266307248
7,6,2,0.25,0.09375,0.037406834664128065,0,Simplified BARK,2,0.03125,0.9244528008170166,16.0,0.25,True,2266307248
7,6,2,0.25,0.09375,0.037406834664128065,0,Simplified BARK,3,0.046875,0.9251532696723351,16.0,0.25,True,2266307248
7,6,2,0.25,0.09375,0.037406834664128065,0,Simplified BARK,4,0.0625,0.9261464893840771,16.0,0.25,True,2266307248
7,6,2,0.25,0.09375,0.037406834664128065,0,Simplified BARK,5,0.078125,0.9624642206304377,16.0,0.25,True,2266307248
7,6,2,0.25,0.09375,0.037406834664128065,0,Simplified BARK,6,0.09375,0.9642944859506435,16.0,0.25,True,2266307248
7,6,2,0.25,0.09375,0.037406834664128065,0,Simplified BARK,7,0.109375,0.9644858483112543,16.0,0.25,True,2266307248
7,6,2,0.25,0.09375,0.037406834664128065,0,Simplified BARK,8,0.125,0.9660836239076219,16.0,0.25,True,2266307248
7,6,2,0.25,0.09375,0.037406834664128065,0,Simplified BARK,9,0.140625,0.9661577268968043,16.0,0.25,True,2266307248
7,6,2,0.25,0.09375,0.037406834664128065,0,Simplified BARK,10,0.15625,0.9661521663254535,16.0,0.25,True,2266307248
7,6,2,0.25,0.09375,0.037406834664128065,0,Simplified BARK,11,0.171875,0.9667581445038599,16.0,0.25,True,2266307248
7,6,2,0.25,0.09375,0.037406834664128065,0,Simplified BARK,12,0.1875,0.9919068882108425,16.0,0.25,True,2266307248
7,6,2,0.25,0.09375,0.037406834664128065,0,Simplified BARK,14,0.21875,0.9999601174035199,16.0,0.25,True,2266307248
7,6,2,0.25,0.09375,0.037406834664128065,0,Simplified BARK,16,0.25,1.0000000000000004,16.0,0.25,True,2266307248
7,6,2,0.25,0.09375,0.037406834664128065,0,Simplified BARK,18,0.28125,1.0000000000000004,16.0,0.25,True,2266307248
7,6,2,0.25,0.09375,0.037406834664128065,0,Simplified BARK,20,0.3125,1.0000000000000004,16.0,0.25,True,2266307248
7,6,2,0.25,0.09375,0.037406834664128065,0,Simplified BARK,22,0.34375,1.0000000000000004,16.0,0.25,True,2266307248
7,6,2,0.25,0.09375,0.037406834664128065,0,Simplified BARK,25,0.390625,1.0000000000000004,16.0,0.25,True,2266307248
7,6,2,0.25,0.09375,0.037406834664128065,0,Simplified BARK,28,0.4375,1.0000000000000004,16.0,0.25,True,2266307248
7,6,2,0.25,0.09375,0.037406834664128065,0,Simplified BARK,32,0.5,1.0000000000000004,16.0,0.25,True,2266307248
7,6,2,0.25,0.09375,0.037406834664128065,0,SKQD,1,0.015625,0.037406834664128065,16.0,0.25,True,2266307248
7,6,2,0.25,0.09375,0.037406834664128065,0,SKQD,2,0.03125,0.037406834664128065,16.0,0.25,True,2266307248
7,6,2,0.25,0.09375,0.037406834664128065,0,SKQD,3,0.046875,0.037406834664128065,16.0,0.25,True,2266307248
7,6,2,0.25,0.09375,0.037406834664128065,0,SKQD,4,0.0625,0.037406834664128065,16.0,0.25,True,2266307248
7,6,2,0.25,0.09375,0.037406834664128065,0,SKQD,5,0.078125,0.037406834664128065,16.0,0.25,True,2266307248
7,6,2,0.25,0.09375,0.037406834664128065,0,SKQD,6,0.09375,0.037406834664128065,16.0,0.25,True,2266307248
7,6,2,0.25,0.09375,0.037406834664128065,0,SKQD,7,0.109375,0.037406834664128065,16.0,0.25,True,2266307248
7,6,2,0.25,0.09375,0.037406834664128065,0,SKQD,8,0.125,0.6468421744460687,16.0,0.25,True,2266307248
7,6,2,0.25,0.09375,0.037406834664128065,0,SKQD,9,0.140625,0.955457211948592,16.0,0.25,True,2266307248
7,6,2,0.25,0.09375,0.037406834664128065,0,SKQD,10,0.15625,0.955457211948592,16.0,0.25,True,2266307248
7,6,2,0.25,0.09375,0.037406834664128065,0,SKQD,11,0.171875,0.955457211948592,16.0,0.25,True,2266307248
7,6,2,0.25,0.09375,0.037406834664128065,0,SKQD,12,0.1875,0.9586629148409868,16.0,0.25,True,2266307248
7,6,2,0.25,0.09375,0.037406834664128065,0,SKQD,14,0.21875,0.961506652876392,16.0,0.25,True,2266307248
7,6,2,0.25,0.09375,0.037406834664128065,0,SKQD,16,0.25,0.9999999999999994,16.0,0.25,True,2266307248
7,6,2,0.25,0.09375,0.037406834664128065,0,SKQD,18,0.28125,0.9999999999999994,16.0,0.25,True,2266307248
7,6,2,0.25,0.09375,0.037406834664128065,0,SKQD,20,0.3125,0.9999999999999994,16.0,0.25,True,2266307248
7,6,2,0.25,0.09375,0.037406834664128065,0,SKQD,22,0.34375,0.9999999999999994,16.0,0.25,True,2266307248
7,6,2,0.25,0.09375,0.037406834664128065,0,SKQD,25,0.390625,0.9999999999999994,16.0,0.25,True,2266307248
7,6,2,0.25,0.09375,0.037406834664128065,0,SKQD,28,0.4375,0.9999999999999994,16.0,0.25,True,2266307248
7,6,2,0.25,0.09375,0.037406834664128065,0,SKQD,32,0.5,0.9999999999999994,16.0,0.25,True,2266307248
7,6,2,0.25,0.09375,0.037406834664128065,0,Ceiling,1,0.015625,0.8870503026897214,32.0,0.5,False,2266307248
7,6,2,0.25,0.09375,0.037406834664128065,0,Ceiling,2,0.03125,0.9244571373538495,32.0,0.5,False,2266307248
7,6,2,0.25,0.09375,0.037406834664128065,0,Ceiling,3,0.046875,0.9604409879764769,32.0,0.5,False,2266307248
7,6,2,0.25,0.09375,0.037406834664128065,0,Ceiling,4,0.0625,0.9851954370934347,32.0,0.5,False,2266307248
7,6,2,0.25,0.09375,0.037406834664128065,0,Ceiling,5,0.078125,0.99301582255214,32.0,0.5,False,2266307248
7,6,2,0.25,0.09375,0.037406834664128065,0,Ceiling,6,0.09375,0.9948112769799815,32.0,0.5,False,2266307248
7,6,2,0.25,0.09375,0.037406834664128065,0,Ceiling,7,0.109375,0.9965479041298977,32.0,0.5,False,2266307248
7,6,2,0.25,0.09375,0.037406834664128065,0,Ceiling,8,0.125,0.9979739367718826,32.0,0.5,False,2266307248
7,6,2,0.25,0.09375,0.037406834664128065,0,Ceiling,9,0.140625,0.9987857454373001,32.0,0.5,False,2266307248
7,6,2,0.25,0.09375,0.037406834664128065,0,Ceiling,10,0.15625,0.9994985345693131,32.0,0.5,False,2266307248
7,6,2,0.25,0.09375,0.037406834664128065,0,Ceiling,11,0.171875,0.9997219581060004,32.0,0.5,False,2266307248
7,6,2,0.25,0.09375,0.037406834664128065,0,Ceiling,12,0.1875,0.9998930377770899,32.0,0.5,False,2266307248
7,6,2,0.25,0.09375,0.037406834664128065,0,Ceiling,14,0.21875,0.9999955392297775,32.0,0.5,False,2266307248
7,6,2,0.25,0.09375,0.037406834664128065,0,Ceiling,16,0.25,1.0,32.0,0.5,False,2266307248
7,6,2,0.25,0.09375,0.037406834664128065,0,Ceiling,18,0.28125,1.0,32.0,0.5,False,2266307248
7,6,2,0.25,0.09375,0.037406834664128065,0,Ceiling,20,0.3125,1.0,32.0,0.5,False,2266307248
7,6,2,0.25,0.09375,0.037406834664128065,0,Ceiling,22,0.34375,1.0,32.0,0.5,False,2266307248
7,6,2,0.25,0.09375,0.037406834664128065,0,Ceiling,25,0.390625,1.0,32.0,0.5,False,2266307248
7,6,2,0.25,0.09375,0.037406834664128065,0,Ceiling,28,0.4375,1.0,32.0,0.5,False,2266307248
7,6,2,0.25,0.09375,0.037406834664128065,0,Ceiling,32,0.5,1.0,32.0,0.5,False,2266307248
7,6,2,0.25,0.09375,0.8870503026897214,9,BARK,1,0.015625,0.8870503026897214,16.0,0.25,True,2266307248
7,6,2,0.25,0.09375,0.8870503026897214,9,BARK,2,0.03125,0.9244528008170164,16.0,0.25,True,2266307248
7,6,2,0.25,0.09375,0.8870503026897214,9,BARK,3,0.046875,0.9251532696723356,16.0,0.25,True,2266307248
7,6,2,0.25,0.09375,0.8870503026897214,9,BARK,4,0.0625,0.9250871767836562,16.0,0.25,True,2266307248
7,6,2,0.25,0.09375,0.8870503026897214,9,BARK,5,0.078125,0.9610043366394158,16.0,0.25,True,2266307248
7,6,2,0.25,0.09375,0.8870503026897214,9,BARK,6,0.09375,0.9626368689336889,16.0,0.25,True,2266307248
7,6,2,0.25,0.09375,0.8870503026897214,9,BARK,7,0.109375,0.9626777734786285,16.0,0.25,True,2266307248
7,6,2,0.25,0.09375,0.8870503026897214,9,BARK,8,0.125,0.9704956385008155,16.0,0.25,True,2266307248
7,6,2,0.25,0.09375,0.8870503026897214,9,BARK,9,0.140625,0.9704579419921647,16.0,0.25,True,2266307248
7,6,2,0.25,0.09375,0.8870503026897214,9,BARK,10,0.15625,0.9950751032065938,16.0,0.25,True,2266307248
7,6,2,0.25,0.09375,0.8870503026897214,9,BARK,11,0.171875,0.9959637960681674,16.0,0.25,True,2266307248
7,6,2,0.25,0.09375,0.8870503026897214,9,BARK,12,0.1875,0.9978478534603987,16.0,0.25,True,2266307248
7,6,2,0.25,0.09375,0.8870503026897214,9,BARK,14,0.21875,0.9999953921506798,16.0,0.25,True,2266307248
7,6,2,0.25,0.09375,0.8870503026897214,9,BARK,16,0.25,1.0000000000000004,16.0,0.25,True,2266307248
7,6,2,0.25,0.09375,0.8870503026897214,9,BARK,18,0.28125,1.0000000000000004,16.0,0.25,True,2266307248
7,6,2,0.25,0.09375,0.8870503026897214,9,BARK,20,0.3125,1.0000000000000004,16.0,0.25,True,2266307248
7,6,2,0.25,0.09375,0.8870503026897214,9,BARK,22,0.34375,1.0000000000000004,16.0,0.25,True,2266307248
7,6,2,0.25,0.09375,0.8870503026897214,9,BARK,25,0.390625,1.0000000000000004,16.0,0.25,True,2266307248
7,6,2,0.25,0.09375,0.8870503026897214,9,BARK,28,0.4375,1.0000000000000004,16.0,0.25,True,2266307248
7,6,2,0.25,0.09375,0.8870503026897214,9,BARK,32,0.5,1.0000000000000004,16.0,0.25,True,2266307248
7,6,2,0.25,0.09375,0.8870503026897214,9,Simplified BARK,1,0.015625,0.8870503026897214,16.0,0.25,True,2266307248
7,6,2,0.25,0.09375,0.8870503026897214,9,Simplified BARK,2,0.03125,0.9244528008170164,16.0,0.25,True,2266307248
7,6,2,0.25,0.09375,0.8870503026897214,9,Simplified BARK,3,0.046875,0.9251532696723356,16.0,0.25,True,2266307248
7,6,2,0.25,0.09375,0.8870503026897214,9,Simplified BARK,4,0.0625,0.9261464893840764,16.0,0.25,True,2266307248
7,6,2,0.25,0.09375,0.8870503026897214,9,Simplified BARK,5,0.078125,0.9624642206304375,16.0,0.25,True,2266307248
7,6,2,0.25,0.09375,0.8870503026897214,9,Simplified BARK,6,0.09375,0.9642944859506439,16.0,0.25,True,2266307248
7,6,2,0.25,0.09375,0.8870503026897214,9,Simplified BARK,7,0.109375,0.9644858483112543,16.0,0.25,True,2266307248
7,6,2,0.25,0.09375,0.8870503026897214,9,Simplified BARK,8,0.125,0.9660836239076217,16.0,0.25,True,2266307248
7,6,2,0.25,0.09375,0.8870503026897214,9,Simplified BARK,9,0.140625,0.9661577268968041,16.0,0.25,True,2266307248
7,6,2,0.25,0.09375,0.8870503026897214,9,Simplified BARK,10,0.15625,0.9661521663254543,16.0,0.25,True,2266307248
7,6,2,0.25,0.09375,0.8870503026897214,9,Simplified BARK,11,0.171875,0.9667581445038603,16.0,0.25,True,2266307248
7,6,2,0.25,0.09375,0.8870503026897214,9,Simplified BARK,12,0.1875,0.9919068882108436,16.0,0.25,True,2266307248
7,6,2,0.25,0.09375,0.8870503026897214,9,Simplified BARK,14,0.21875,0.9999601174035196,16.0,0.25,True,2266307248
7,6,2,0.25,0.09375,0.8870503026897214,9,Simplified BARK,16,0.25,1.0,16.0,0.25,True,2266307248
7,6,2,0.25,0.09375,0.8870503026897214,9,Simplified BARK,18,0.28125,1.0,16.0,0.25,True,2266307248
7,6,2,0.25,0.09375,0.8870503026897214,9,Simplified BARK,20,0.3125,1.0,16.0,0.25,True,2266307248
7,6,2,0.25,0.09375,0.8870503026897214,9,Simplified BARK,22,0.34375,1.0,16.0,0.25,True,2266307248
7,6,2,0.25,0.09375,0.8870503026897214,9,Simplified BARK,25,0.390625,1.0,16.0,0.25,True,2266307248
7,6,2,0.25,0.09375,0.8870503026897214,9,Simplified BARK,28,0.4375,1.0,16.0,0.25,True,2266307248
7,6,2,0.25,0.09375,0.8870503026897214,9,Simplified BARK,32,0.5,1.0,16.0,0.25,True,2266307248
7,6,2,0.25,0.09375,0.8870503026897214,9,SKQD,1,0.015625,0.8870503026897213,13.333333333333334,0.20833333333333334,True,2266307248
7,6,2,0.25,0.09375,0.8870503026897214,9,SKQD,2,0.03125,0.8870503026897213,13.333333333333334,0.20833333333333334,True,2266307248
7,6,2,0.25,0.09375,0.8870503026897214,9,SKQD,3,0.046875,0.8870503026897213,13.333333333333334,0.20833333333333334,True,2266307248
7,6,2,0.25,0.09375,0.8870503026897214,9,SKQD,4,0.0625,0.8870503026897213,13.333333333333334,0.20833333333333334,True,2266307248
7,6,2,0.25,0.09375,0.8870503026897214,9,SKQD,5,0.078125,0.8870503026897213,13.333333333333334,0.20833333333333334,True,2266307248
7,6,2,0.25,0.09375,0.8870503026897214,9,SKQD,6,0.09375,0.9227152139255373,13.333333333333334,0.20833333333333334,True,2266307248
7,6,2,0.25,0.09375,0.8870503026897214,9,SKQD,7,0.109375,0.9586784623754264,13.333333333333334,0.20833333333333334,True,2266307248
7,6,2,0.25,0.09375,0.8870503026897214,9,SKQD,8,0.125,0.9952741463347333,13.333333333333334,0.20833333333333334,True,2266307248
7,6,2,0.25,0.09375,0.8870503026897214,9,SKQD,9,0.140625,0.9952741463347333,13.333333333333334,0.20833333333333334,True,2266307248
7,6,2,0.25,0.09375,0.8870503026897214,9,SKQD,10,0.15625,0.9976794299976747,13.333333333333334,0.20833333333333334,True,2266307248
7,6,2,0.25,0.09375,0.8870503026897214,9,SKQD,11,0.171875,0.9992840675313671,13.333333333333334,0.20833333333333334,True,2266307248
7,6,2,0.25,0.09375,0.8870503026897214,9,SKQD,12,0.1875,0.9996703979926888,13.333333333333334,0.20833333333333334,True,2266307248
7,6,2,0.25,0.09375,0.8870503026897214,9,SKQD,14,0.21875,0.9997663814130017,13.333333333333334,0.20833333333333334,True,2266307248
7,6,2,0.25,0.09375,0.8870503026897214,9,SKQD,16,0.25,0.9998280594946034,13.333333333333334,0.20833333333333334,True,2266307248
7,6,2,0.25,0.09375,0.8870503026897214,9,SKQD,18,0.28125,0.9998280594946034,13.333333333333334,0.20833333333333334,True,2266307248
7,6,2,0.25,0.09375,0.8870503026897214,9,SKQD,20,0.3125,0.9998280594946034,13.333333333333334,0.20833333333333334,True,2266307248
7,6,2,0.25,0.09375,0.8870503026897214,9,SKQD,22,0.34375,0.9998280594946034,13.333333333333334,0.20833333333333334,True,2266307248
7,6,2,0.25,0.09375,0.8870503026897214,9,SKQD,25,0.390625,0.9998280594946034,13.333333333333334,0.20833333333333334,True,2266307248
7,6,2,0.25,0.09375,0.8870503026897214,9,SKQD,28,0.4375,0.9998280594946034,13.333333333333334,0.20833333333333334,True,2266307248
7,6,2,0.25,0.09375,0.8870503026897214,9,SKQD,32,0.5,0.9998280594946034,13.333333333333334,0.20833333333333334,True,2266307248
7,6,2,0.25,0.09375,0.8870503026897214,9,Ceiling,1,0.015625,0.8870503026897214,32.0,0.5,False,2266307248
7,6,2,0.25,0.09375,0.8870503026897214,9,Ceiling,2,0.03125,0.9244571373538495,32.0,0.5,False,2266307248
7,6,2,0.25,0.09375,0.8870503026897214,9,Ceiling,3,0.046875,0.9604409879764769,32.0,0.5,False,2266307248
7,6,2,0.25,0.09375,0.8870503026897214,9,Ceiling,4,0.0625,0.9851954370934347,32.0,0.5,False,2266307248
7,6,2,0.25,0.09375,0.8870503026897214,9,Ceiling,5,0.078125,0.99301582255214,32.0,0.5,False,2266307248
7,6,2,0.25,0.09375,0.8870503026897214,9,Ceiling,6,0.09375,0.9948112769799815,32.0,0.5,False,2266307248
7,6,2,0.25,0.09375,0.8870503026897214,9,Ceiling,7,0.109375,0.9965479041298977,32.0,0.5,False,2266307248
7,6,2,0.25,0.09375,0.8870503026897214,9,Ceiling,8,0.125,0.9979739367718826,32.0,0.5,False,2266307248
7,6,2,0.25,0.09375,0.8870503026897214,9,Ceiling,9,0.140625,0.9987857454373001,32.0,0.5,False,2266307248
7,6,2,0.25,0.09375,0.8870503026897214,9,Ceiling,10,0.15625,0.9994985345693131,32.0,0.5,False,2266307248
7,6,2,0.25,0.09375,0.8870503026897214,9,Ceiling,11,0.171875,0.9997219581060004,32.0,0.5,False,2266307248
7,6,2,0.25,0.09375,0.8870503026897214,9,Ceiling,12,0.1875,0.9998930377770899,32.0,0.5,False,2266307248
7,6,2,0.25,0.09375,0.8870503026897214,9,Ceiling,14,0.21875,0.9999955392297775,32.0,0.5,False,2266307248
7,6,2,0.25,0.09375,0.8870503026897214,9,Ceiling,16,0.25,1.0,32.0,0.5,False,2266307248
7,6,2,0.25,0.09375,0.8870503026897214,9,Ceiling,18,0.28125,1.0,32.0,0.5,False,2266307248
7,6,2,0.25,0.09375,0.8870503026897214,9,Ceiling,20,0.3125,1.0,32.0,0.5,False,2266307248
7,6,2,0.25,0.09375,0.8870503026897214,9,Ceiling,22,0.34375,1.0,32.0,0.5,False,2266307248
7,6,2,0.25,0.09375,0.8870503026897214,9,Ceiling,25,0.390625,1.0,32.0,0.5,False,2266307248
7,6,2,0.25,0.09375,0.8870503026897214,9,Ceiling,28,0.4375,1.0,32.0,0.5,False,2266307248
7,6,2,0.25,0.09375,0.8870503026897214,9,Ceiling,32,0.5,1.0,32.0,0.5,False,2266307248
7,6,2,0.25,0.09375,0.0,2,BARK,1,0.015625,0.0,16.0,0.25,True,2266307248
7,6,2,0.25,0.09375,0.0,2,BARK,2,0.03125,4.3110081171355614e-35,16.0,0.25,True,2266307248
7,6,2,0.25,0.09375,0.0,2,BARK,3,0.046875,6.209449242211376e-35,16.0,0.25,True,2266307248
7,6,2,0.25,0.09375,0.0,2,BARK,4,0.0625,6.202145410638279e-35,16.0,0.25,True,2266307248
7,6,2,0.25,0.09375,0.0,2,BARK,5,0.078125,3.604006970073796e-35,16.0,0.25,True,2266307248
7,6,2,0.25,0.09375,0.0,2,BARK,6,0.09375,2.9377930155811036e-34,16.0,0.25,True,2266307248
7,6,2,0.25,0.09375,0.0,2,BARK,7,0.109375,3.2813804251254568e-34,16.0,0.25,True,2266307248
7,6,2,0.25,0.09375,0.0,2,BARK,8,0.125,4.197311121026578e-34,16.0,0.25,True,2266307248
7,6,2,0.25,0.09375,0.0,2,BARK,9,0.140625,3.275049171716554e-34,16.0,0.25,True,2266307248
7,6,2,0.25,0.09375,0.0,2,BARK,10,0.15625,3.400819376410031e-34,16.0,0.25,True,2266307248
7,6,2,0.25,0.09375,0.0,2,BARK,11,0.171875,3.5079742972049797e-34,16.0,0.25,True,2266307248
7,6,2,0.25,0.09375,0.0,2,BARK,12,0.1875,4.375398520562516e-34,16.0,0.25,True,2266307248
7,6,2,0.25,0.09375,0.0,2,BARK,14,0.21875,4.920547652074745e-34,16.0,0.25,True,2266307248
7,6,2,0.25,0.09375,0.0,2,BARK,16,0.25,1.2766514814636465e-33,16.0,0.25,True,2266307248
7,6,2,0.25,0.09375,0.0,2,BARK,18,0.28125,1.2766514814636465e-33,16.0,0.25,True,2266307248
7,6,2,0.25,0.09375,0.0,2,BARK,20,0.3125,1.2766514814636465e-33,16.0,0.25,True,2266307248
7,6,2,0.25,0.09375,0.0,2,BARK,22,0.34375,1.2766514814636465e-33,16.0,0.25,True,2266307248
7,6,2,0.25,0.09375,0.0,2,BARK,25,0.390625,1.2766514814636465e-33,16.0,0.25,True,2266307248
7,6,2,0.25,0.09375,0.0,2,BARK,28,0.4375,1.2766514814636465e-33,16.0,0.25,True,2266307248
7,6,2,0.25,0.09375,0.0,2,BARK,32,0.5,1.2766514814636465e-33,16.0,0.25,True,2266307248
7,6,2,0.25,0.09375,0.0,2,Simplified BARK,1,0.015625,0.0,16.0,0.25,True,2266307248
7,6,2,0.25,0.09375,0.0,2,Simplified BARK,2,0.03125,4.3110081171355614e-35,16.0,0.25,True,2266307248
7,6,2,0.25,0.09375,0.0,2,Simplified BARK,3,0.046875,5.145691736989707e-35,16.0,0.25,True,2266307248
7,6,2,0.25,0.09375,0.0,2,Simplified BARK,4,0.0625,5.150897566779465e-35,16.0,0.25,True,2266307248
7,6,2,0.25,0.09375,0.0,2,Simplified BARK,5,0.078125,7.018099003395048e-35,16.0,0.25,True,2266307248
7,6,2,0.25,0.09375,0.0,2,Simplified BARK,6,0.09375,7.125870839233728e-35,16.0,0.25,True,2266307248
7,6,2,0.25,0.09375,0.0,2,Simplified BARK,7,0.109375,3.1427280187721077e-34,16.0,0.25,True,2266307248
7,6,2,0.25,0.09375,0.0,2,Simplified BARK,8,0.125,3.143215643035784e-34,16.0,0.25,True,2266307248
7,6,2,0.25,0.09375,0.0,2,Simplified BARK,9,0.140625,3.306354391228317e-34,16.0,0.25,True,2266307248
7,6,2,0.25,0.09375,0.0,2,Simplified BARK,10,0.15625,3.342593634390781e-34,16.0,0.25,True,2266307248
7,6,2,0.25,0.09375,0.0,2,Simplified BARK,11,0.171875,1.0486493500349913e-34,16.0,0.25,True,2266307248
7,6,2,0.25,0.09375,0.0,2,Simplified BARK,12,0.1875,4.85550027046905e-35,16.0,0.25,True,2266307248
7,6,2,0.25,0.09375,0.0,2,Simplified BARK,14,0.21875,9.947559177311848e-34,16.0,0.25,True,2266307248
7,6,2,0.25,0.09375,0.0,2,Simplified BARK,16,0.25,1.2766514814636347e-33,16.0,0.25,True,2266307248
7,6,2,0.25,0.09375,0.0,2,Simplified BARK,18,0.28125,1.2766514814636347e-33,16.0,0.25,True,2266307248
7,6,2,0.25,0.09375,0.0,2,Simplified BARK,20,0.3125,1.2766514814636347e-33,16.0,0.25,True,2266307248
7,6,2,0.25,0.09375,0.0,2,Simplified BARK,22,0.34375,1.2766514814636347e-33,16.0,0.25,True,2266307248
7,6,2,0.25,0.09375,0.0,2,Simplified BARK,25,0.390625,1.2766514814636347e-33,16.0,0.25,True,2266307248
7,6,2,0.25,0.09375,0.0,2,Simplified BARK,28,0.4375,1.2766514814636347e-33,16.0,0.25,True,2266307248
7,6,2,0.25,0.09375,0.0,2,Simplified BARK,32,0.5,1.2766514814636347e-33,16.0,0.25,True,2266307248
7,6,2,0.25,0.09375,0.0,2,SKQD,1,0.015625,0.0,15.333333333333334,0.23958333333333334,True,2266307248
7,6,2,0.25,0.09375,0.0,2,SKQD,2,0.03125,0.0,15.333333333333334,0.23958333333333334,True,2266307248
7,6,2,0.25,0.09375,0.0,2,SKQD,3,0.046875,0.0,15.333333333333334,0.23958333333333334,True,2266307248
7,6,2,0.25,0.09375,0.0,2,SKQD,4,0.0625,0.0,15.333333333333334,0.23958333333333334,True,2266307248
7,6,2,0.25,0.09375,0.0,2,SKQD,5,0.078125,0.0,15.333333333333334,0.23958333333333334,True,2266307248
7,6,2,0.25,0.09375,0.0,2,SKQD,6,0.09375,0.0,15.333333333333334,0.23958333333333334,True,2266307248
7,6,2,0.25,0.09375,0.0,2,SKQD,7,0.109375,0.0,15.333333333333334,0.23958333333333334,True,2266307248
7,6,2,0.25,0.09375,0.0,2,SKQD,8,0.125,0.0,15.333333333333334,0.23958333333333334,True,2266307248
7,6,2,0.25,0.09375,0.0,2,SKQD,9,0.140625,2.097406241898405e-34,15.333333333333334,0.23958333333333334,True,2266307248
7,6,2,0.25,0.09375,0.0,2,SKQD,10,0.15625,3.144442171739335e-34,15.333333333333334,0.23958333333333334,True,2266307248
7,6,2,0.25,0.09375,0.0,2,SKQD,11,0.171875,3.144442171739335e-34,15.333333333333334,0.23958333333333334,True,2266307248
7,6,2,0.25,0.09375,0.0,2,SKQD,12,0.1875,3.144442171739335e-34,15.333333333333334,0.23958333333333334,True,2266307248
7,6,2,0.25,0.09375,0.0,2,SKQD,14,0.21875,1.5586968562930832e-34,15.333333333333334,0.23958333333333334,True,2266307248
7,6,2,0.25,0.09375,0.0,2,SKQD,16,0.25,4.853050492312743e-34,15.333333333333334,0.23958333333333334,True,2266307248
7,6,2,0.25,0.09375,0.0,2,SKQD,18,0.28125,4.853050492312743e-34,15.333333333333334,0.23958333333333334,True,2266307248
7,6,2,0.25,0.09375,0.0,2,SKQD,20,0.3125,4.853050492312743e-34,15.333333333333334,0.23958333333333334,True,2266307248
7,6,2,0.25,0.09375,0.0,2,SKQD,22,0.34375,4.853050492312743e-34,15.333333333333334,0.23958333333333334,True,2266307248
7,6,2,0.25,0.09375,0.0,2,SKQD,25,0.390625,4.853050492312743e-34,15.333333333333334,0.23958333333333334,True,2266307248
7,6,2,0.25,0.09375,0.0,2,SKQD,28,0.4375,4.853050492312743e-34,15.333333333333334,0.23958333333333334,True,2266307248
7,6,2,0.25,0.09375,0.0,2,SKQD,32,0.5,4.853050492312743e-34,15.333333333333334,0.23958333333333334,True,2266307248
7,6,2,0.25,0.09375,0.0,2,Ceiling,1,0.015625,0.8870503026897214,32.0,0.5,False,2266307248
7,6,2,0.25,0.09375,0.0,2,Ceiling,2,0.03125,0.9244571373538495,32.0,0.5,False,2266307248
7,6,2,0.25,0.09375,0.0,2,Ceiling,3,0.046875,0.9604409879764769,32.0,0.5,False,2266307248
7,6,2,0.25,0.09375,0.0,2,Ceiling,4,0.0625,0.9851954370934347,32.0,0.5,False,2266307248
7,6,2,0.25,0.09375,0.0,2,Ceiling,5,0.078125,0.99301582255214,32.0,0.5,False,2266307248
7,6,2,0.25,0.09375,0.0,2,Ceiling,6,0.09375,0.9948112769799815,32.0,0.5,False,2266307248
7,6,2,0.25,0.09375,0.0,2,Ceiling,7,0.109375,0.9965479041298977,32.0,0.5,False,2266307248
7,6,2,0.25,0.09375,0.0,2,Ceiling,8,0.125,0.9979739367718826,32.0,0.5,False,2266307248
7,6,2,0.25,0.09375,0.0,2,Ceiling,9,0.140625,0.9987857454373001,32.0,0.5,False,2266307248
7,6,2,0.25,0.09375,0.0,2,Ceiling,10,0.15625,0.9994985345693131,32.0,0.5,False,2266307248
7,6,2,0.25,0.09375,0.0,2,Ceiling,11,0.171875,0.9997219581060004,32.0,0.5,False,2266307248
7,6,2,0.25,0.09375,0.0,2,Ceiling,12,0.1875,0.9998930377770899,32.0,0.5,False,2266307248
7,6,2,0.25,0.09375,0.0,2,Ceiling,14,0.21875,0.9999955392297775,32.0,0.5,False,2266307248
7,6,2,0.25,0.09375,0.0,2,Ceiling,16,0.25,1.0,32.0,0.5,False,2266307248
7,6,2,0.25,0.09375,0.0,2,Ceiling,18,0.28125,1.0,32.0,0.5,False,2266307248
7,6,2,0.25,0.09375,0.0,2,Ceiling,20,0.3125,1.0,32.0,0.5,False,2266307248
7,6,2,0.25,0.09375,0.0,2,Ceiling,22,0.34375,1.0,32.0,0.5,False,2266307248
7,6,2,0.25,0.09375,0.0,2,Ceiling,25,0.390625,1.0,32.0,0.5,False,2266307248
7,6,2,0.25,0.09375,0.0,2,Ceiling,28,0.4375,1.0,32.0,0.5,False,2266307248
7,6,2,0.25,0.09375,0.0,2,Ceiling,32,0.5,1.0,32.0,0.5,False,2266307248
7,6,2,0.25,0.09375,0.0,4,BARK,1,0.015625,0.0,16.0,0.25,True,2266307248
7,6,2,0.25,0.09375,0.0,4,BARK,2,0.03125,9.821397495334539e-34,16.0,0.25,True,2266307248
7,6,2,0.25,0.09375,0.0,4,BARK,3,0.046875,1.0336894914234315e-33,16.0,0.25,True,2266307248
7,6,2,0.25,0.09375,0.0,4,BARK,4,0.0625,9.327888317342136e-34,16.0,0.25,True,2266307248
7,6,2,0.25,0.09375,0.0,4,BARK,5,0.078125,4.738548618008226e-34,16.0,0.25,True,2266307248
7,6,2,0.25,0.09375,0.0,4,BARK,6,0.09375,4.913865130961107e-34,16.0,0.25,True,2266307248
7,6,2,0.25,0.09375,0.0,4,BARK,7,0.109375,6.299066925549873e-34,16.0,0.25,True,2266307248
7,6,2,0.25,0.09375,0.0,4,BARK,8,0.125,4.197311121026549e-34,16.0,0.25,True,2266307248
7,6,2,0.25,0.09375,0.0,4,BARK,9,0.140625,4.752011041502903e-34,16.0,0.25,True,2266307248
7,6,2,0.25,0.09375,0.0,4,BARK,10,0.15625,1.3030393980760088e-33,16.0,0.25,True,2266307248
7,6,2,0.25,0.09375,0.0,4,BARK,11,0.171875,8.207384233355344e-34,16.0,0.25,True,2266307248
7,6,2,0.25,0.09375,0.0,4,BARK,12,0.1875,8.491522561116222e-34,16.0,0.25,True,2266307248
7,6,2,0.25,0.09375,0.0,4,BARK,14,0.21875,1.2753616119560427e-33,16.0,0.25,True,2266307248
7,6,2,0.25,0.09375,0.0,4,BARK,16,0.25,1.276651481463642e-33,16.0,0.25,True,2266307248
7,6,2,0.25,0.09375,0.0,4,BARK,18,0.28125,1.276651481463642e-33,16.0,0.25,True,2266307248
7,6,2,0.25,0.09375,0.0,4,BARK,20,0.3125,1.276651481463642e-33,16.0,0.25,True,2266307248
7,6,2,0.25,0.09375,0.0,4,BARK,22,0.34375,1.276651481463642e-33,16.0,0.25,True,2266307248
7,6,2,0.25,0.09375,0.0,4,BARK,25,0.390625,1.276651481463642e-33,16.0,0.25,True,2266307248
7,6,2,0.25,0.09375,0.0,4,BARK,28,0.4375,1.276651481463642e-33,16.0,0.25,True,2266307248
7,6,2,0.25,0.09375,0.0,4,BARK,32,0.5,1.276651481463642e-33,16.0,0.25,True,2266307248
7,6,2,0.25,0.09375,0.0,4,Simplified BARK,1,0.015625,0.0,16.0,0.25,True,2266307248
7,6,2,0.25,0.09375,0.0,4,Simplified BARK,2,0.03125,1.990963986893124e-35,16.0,0.25,True,2266307248
7,6,2,0.25,0.09375,0.0,4,Simplified BARK,3,0.046875,2.0397907740257033e-35,16.0,0.25,True,2266307248
7,6,2,0.25,0.09375,0.0,4,Simplified BARK,4,0.0625,2.0308128512633762e-35,16.0,0.25,True,2266307248
7,6,2,0.25,0.09375,0.0,4,Simplified BARK,5,0.078125,6.234065423166923e-35,16.0,0.25,True,2266307248
7,6,2,0.25,0.09375,0.0,4,Simplified BARK,6,0.09375,7.125870839233722e-35,16.0,0.25,True,2266307248
7,6,2,0.25,0.09375,0.0,4,Simplified BARK,7,0.109375,3.142728018772114e-34,16.0,0.25,True,2266307248
7,6,2,0.25,0.09375,0.0,4,Simplified BARK,8,0.125,3.143215643035773e-34,16.0,0.25,True,2266307248
7,6,2,0.25,0.09375,0.0,4,Simplified BARK,9,0.140625,3.3063543912283e-34,16.0,0.25,True,2266307248
7,6,2,0.25,0.09375,0.0,4,Simplified BARK,10,0.15625,3.34259363439079e-34,16.0,0.25,True,2266307248
7,6,2,0.25,0.09375,0.0,4,Simplified BARK,11,0.171875,1.0486493500349887e-34,16.0,0.25,True,2266307248
7,6,2,0.25,0.09375,0.0,4,Simplified BARK,12,0.1875,4.855500270468841e-35,16.0,0.25,True,2266307248
7,6,2,0.25,0.09375,0.0,4,Simplified BARK,14,0.21875,9.947559177311832e-34,16.0,0.25,True,2266307248
7,6,2,0.25,0.09375,0.0,4,Simplified BARK,16,0.25,1.2766514814636342e-33,16.0,0.25,True,2266307248
7,6,2,0.25,0.09375,0.0,4,Simplified BARK,18,0.28125,1.2766514814636342e-33,16.0,0.25,True,2266307248
7,6,2,0.25,0.09375,0.0,4,Simplified BARK,20,0.3125,1.2766514814636342e-33,16.0,0.25,True,2266307248
7,6,2,0.25,0.09375,0.0,4,Simplified BARK,22,0.34375,1.2766514814636342e-33,16.0,0.25,True,2266307248
7,6,2,0.25,0.09375,0.0,4,Simplified BARK,25,0.390625,1.2766514814636342e-33,16.0,0.25,True,2266307248
7,6,2,0.25,0.09375,0.0,4,Simplified BARK,28,0.4375,1.2766514814636342e-33,16.0,0.25,True,2266307248
7,6,2,0.25,0.09375,0.0,4,Simplified BARK,32,0.5,1.2766514814636342e-33,16.0,0.25,True,2266307248
7,6,2,0.25,0.09375,0.0,4,SKQD,1,0.015625,0.0,14.333333333333334,0.22395833333333334,True,2266307248
7,6,2,0.25,0.09375,0.0,4,SKQD,2,0.03125,0.0,14.333333333333334,0.22395833333333334,True,2266307248
7,6,2,0.25,0.09375,0.0,4,SKQD,3,0.046875,0.0,14.333333333333334,0.22395833333333334,True,2266307248
7,6,2,0.25,0.09375,0.0,4,SKQD,4,0.0625,0.0,14.333333333333334,0.22395833333333334,True,2266307248
7,6,2,0.25,0.09375,0.0,4,SKQD,5,0.078125,8.881424524687337e-35,14.333333333333334,0.22395833333333334,True,2266307248
7,6,2,0.25,0.09375,0.0,4,SKQD,6,0.09375,1.637225524588117e-32,14.333333333333334,0.22395833333333334,True,2266307248
7,6,2,0.25,0.09375,0.0,4,SKQD,7,0.109375,1.637225524588117e-32,14.333333333333334,0.22395833333333334,True,2266307248
7,6,2,0.25,0.09375,0.0,4,SKQD,8,0.125,1.637225524588117e-32,14.333333333333334,0.22395833333333334,True,2266307248
7,6,2,0.25,0.09375,0.0,4,SKQD,9,0.140625,1.6660768899472653e-32,14.333333333333334,0.22395833333333334,True,2266307248
7,6,2,0.25,0.09375,0.0,4,SKQD,10,0.15625,1.6660768899472653e-32,14.333333333333334,0.22395833333333334,True,2266307248
7,6,2,0.25,0.09375,0.0,4,SKQD,11,0.171875,6.981150970431666e-34,14.333333333333334,0.22395833333333334,True,2266307248
7,6,2,0.25,0.09375,0.0,4,SKQD,12,0.1875,6.981150970431666e-34,14.333333333333334,0.22395833333333334,True,2266307248
7,6,2,0.25,0.09375,0.0,4,SKQD,14,0.21875,1.4757457879465695e-33,14.333333333333334,0.22395833333333334,True,2266307248
7,6,2,0.25,0.09375,0.0,4,SKQD,16,0.25,2.3226174309828574e-33,14.333333333333334,0.22395833333333334,True,2266307248
7,6,2,0.25,0.09375,0.0,4,SKQD,18,0.28125,2.3226174309828574e-33,14.333333333333334,0.22395833333333334,True,2266307248
7,6,2,0.25,0.09375,0.0,4,SKQD,20,0.3125,2.3226174309828574e-33,14.333333333333334,0.22395833333333334,True,2266307248
7,6,2,0.25,0.09375,0.0,4,SKQD,22,0.34375,2.3226174309828574e-33,14.333333333333334,0.22395833333333334,True,2266307248
7,6,2,0.25,0.09375,0.0,4,SKQD,25,0.390625,2.3226174309828574e-33,14.333333333333334,0.22395833333333334,True,2266307248
7,6,2,0.25,0.09375,0.0,4,SKQD,28,0.4375,2.3226174309828574e-33,14.333333333333334,0.22395833333333334,True,2266307248
7,6,2,0.25,0.09375,0.0,4,SKQD,32,0.5,2.3226174309828574e-33,14.333333333333334,0.22395833333333334,True,2266307248
7,6,2,0.25,0.09375,0.0,4,Ceiling,1,0.015625,0.8870503026897214,32.0,0.5,False,2266307248
7,6,2,0.25,0.09375,0.0,4,Ceiling,2,0.03125,0.9244571373538495,32.0,0.5,False,2266307248
7,6,2,0.25,0.09375,0.0,4,Ceiling,3,0.046875,0.9604409879764769,32.0,0.5,False,2266307248
7,6,2,0.25,0.09375,0.0,4,Ceiling,4,0.0625,0.9851954370934347,32.0,0.5,False,2266307248
7,6,2,0.25,0.09375,0.0,4,Ceiling,5,0.078125,0.99301582255214,32.0,0.5,False,2266307248
7,6,2,0.25,0.09375,0.0,4,Ceiling,6,0.09375,0.9948112769799815,32.0,0.5,False,2266307248
7,6,2,0.25,0.09375,0.0,4,Ceiling,7,0.109375,0.9965479041298977,32.0,0.5,False,2266307248
7,6,2,0.25,0.09375,0.0,4,Ceiling,8,0.125,0.9979739367718826,32.0,0.5,False,2266307248
7,6,2,0.25,0.09375,0.0,4,Ceiling,9,0.140625,0.9987857454373001,32.0,0.5,False,2266307248
7,6,2,0.25,0.09375,0.0,4,Ceiling,10,0.15625,0.9994985345693131,32.0,0.5,False,2266307248
7,6,2,0.25,0.09375,0.0,4,Ceiling,11,0.171875,0.9997219581060004,32.0,0.5,False,2266307248
7,6,2,0.25,0.09375,0.0,4,Ceiling,12,0.1875,0.9998930377770899,32.0,0.5,False,2266307248
7,6,2,0.25,0.09375,0.0,4,Ceiling,14,0.21875,0.9999955392297775,32.0,0.5,False,2266307248
7,6,2,0.25,0.09375,0.0,4,Ceiling,16,0.25,1.0,32.0,0.5,False,2266307248
7,6,2,0.25,0.09375,0.0,4,Ceiling,18,0.28125,1.0,32.0,0.5,False,2266307248
7,6,2,0.25,0.09375,0.0,4,Ceiling,20,0.3125,1.0,32.0,0.5,False,2266307248
7,6,2,0.25,0.09375,0.0,4,Ceiling,22,0.34375,1.0,32.0,0.5,False,2266307248
7,6,2,0.25,0.09375,0.0,4,Ceiling,25,0.390625,1.0,32.0,0.5,False,2266307248
7,6,2,0.25,0.09375,0.0,4,Ceiling,28,0.4375,1.0,32.0,0.5,False,2266307248
7,6,2,0.25,0.09375,0.0,4,Ceiling,32,0.5,1.0,32.0,0.5,False,2266307248
7,6,2,0.25,0.09375,0.0,19,BARK,1,0.015625,0.0,16.0,0.25,True,2266307248
7,6,2,0.25,0.09375,0.0,19,BARK,2,0.03125,5.293259932686694e-72,16.0,0.25,True,2266307248
7,6,2,0.25,0.09375,0.0,19,BARK,3,0.046875,9.564472056368965e-71,16.0,0.25,True,2266307248
7,6,2,0.25,0.09375,0.0,19,BARK,4,0.0625,6.767218765349816e-69,16.0,0.25,True,2266307248
7,6,2,0.25,0.09375,0.0,19,BARK,5,0.078125,6.525897475925438e-69,16.0,0.25,True,2266307248
7,6,2,0.25,0.09375,0.0,19,BARK,6,0.09375,6.549158470619804e-69,16.0,0.25,True,2266307248
7,6,2,0.25,0.09375,0.0,19,BARK,7,0.109375,6.549741327747719e-69,16.0,0.25,True,2266307248
7,6,2,0.25,0.09375,0.0,19,BARK,8,0.125,6.595492460010651e-69,16.0,0.25,True,2266307248
7,6,2,0.25,0.09375,0.0,19,BARK,9,0.140625,6.592822288001405e-69,16.0,0.25,True,2266307248
7,6,2,0.25,0.09375,0.0,19,BARK,10,0.15625,6.620962218278746e-69,16.0,0.25,True,2266307248
7,6,2,0.25,0.09375,0.0,19,BARK,11,0.171875,6.631577304758199e-69,16.0,0.25,True,2266307248
7,6,2,0.25,0.09375,0.0,19,BARK,12,0.1875,6.799642254307819e-69,16.0,0.25,True,2266307248
7,6,2,0.25,0.09375,0.0,19,BARK,14,0.21875,6.818867587926241e-69,16.0,0.25,True,2266307248
7,6,2,0.25,0.09375,0.0,19,BARK,16,0.25,6.822141403155211e-69,16.0,0.25,True,2266307248
7,6,2,0.25,0.09375,0.0,19,BARK,18,0.28125,6.822141403155211e-69,16.0,0.25,True,2266307248
7,6,2,0.25,0.09375,0.0,19,BARK,20,0.3125,6.822141403155211e-69,16.0,0.25,True,2266307248
7,6,2,0.25,0.09375,0.0,19,BARK,22,0.34375,6.822141403155211e-69,16.0,0.25,True,2266307248
7,6,2,0.25,0.09375,0.0,19,BARK,25,0.390625,6.822141403155211e-69,16.0,0.25,True,2266307248
7,6,2,0.25,0.09375,0.0,19,BARK,28,0.4375,6.822141403155211e-69,16.0,0.25,True,2266307248
7,6,2,0.25,0.09375,0.0,19,BARK,32,0.5,6.822141403155211e-69,16.0,0.25,True,2266307248
7,6,2,0.25,0.09375,0.0,19,Simplified BARK,1,0.015625,0.0,16.0,0.25,True,2266307248
7,6,2,0.25,0.09375,0.0,19,Simplified BARK,2,0.03125,8.694479871886224e-72,16.0,0.25,True,2266307248
7,6,2,0.25,0.09375,0.0,19,Simplified BARK,3,0.046875,9.439056750813468e-72,16.0,0.25,True,2266307248
7,6,2,0.25,0.09375,0.0,19,Simplified BARK,4,0.0625,8.962765289439323e-72,16.0,0.25,True,2266307248
7,6,2,0.25,0.09375,0.0,19,Simplified BARK,5,0.078125,7.251444865179268e-71,16.0,0.25,True,2266307248
7,6,2,0.25,0.09375,0.0,19,Simplified BARK,6,0.09375,8.172278252965992e-71,16.0,0.25,True,2266307248
7,6,2,0.25,0.09375,0.0,19,Simplified BARK,7,0.109375,6.526500037989401e-69,16.0,0.25,True,2266307248
7,6,2,0.25,0.09375,0.0,19,Simplified BARK,8,0.125,6.556054142680148e-69,16.0,0.25,True,2266307248
7,6,2,0.25,0.09375,0.0,19,Simplified BARK,9,0.140625,6.569536594658624e-69,16.0,0.25,True,2266307248
7,6,2,0.25,0.09375,0.0,19,Simplified BARK,10,0.15625,6.800814876368802e-69,16.0,0.25,True,2266307248
7,6,2,0.25,0.09375,0.0,19,Simplified BARK,11,0.171875,6.805786267207693e-69,16.0,0.25,True,2266307248
7,6,2,0.25,0.09375,0.0,19,Simplified BARK,12,0.1875,6.807655744954451e-69,16.0,0.25,True,2266307248
7,6,2,0.25,0.09375,0.0,19,Simplified BARK,14,0.21875,6.821928959325949e-69,16.0,0.25,True,2266307248
7,6,2,0.25,0.09375,0.0,19,Simplified BARK,16,0.25,6.822141403155215e-69,16.0,0.25,True,2266307248
7,6,2,0.25,0.09375,0.0,19,Simplified BARK,18,0.28125,6.822141403155215e-69,16.0,0.25,True,2266307248
7,6,2,0.25,0.09375,0.0,19,Simplified BARK,20,0.3125,6.822141403155215e-69,16.0,0.25,True,2266307248
7,6,2,0.25,0.09375,0.0,19,Simplified BARK,22,0.34375,6.822141403155215e-69,16.0,0.25,True,2266307248
7,6,2,0.25,0.09375,0.0,19,Simplified BARK,25,0.390625,6.822141403155215e-69,16.0,0.25,True,2266307248
7,6,2,0.25,0.09375,0.0,19,Simplified BARK,28,0.4375,6.822141403155215e-69,16.0,0.25,True,2266307248
7,6,2,0.25,0.09375,0.0,19,Simplified BARK,32,0.5,6.822141403155215e-69,16.0,0.25,True,2266307248
7,6,2,0.25,0.09375,0.0,19,SKQD,1,0.015625,0.0,13.333333333333334,0.20833333333333334,True,2266307248
7,6,2,0.25,0.09375,0.0,19,SKQD,2,0.03125,0.0,13.333333333333334,0.20833333333333334,True,2266307248
7,6,2,0.25,0.09375,0.0,19,SKQD,3,0.046875,0.0,13.333333333333334,0.20833333333333334,True,2266307248
7,6,2,0.25,0.09375,0.0,19,SKQD,4,0.0625,0.0,13.333333333333334,0.20833333333333334,True,2266307248
7,6,2,0.25,0.09375,0.0,19,SKQD,5,0.078125,0.0,13.333333333333334,0.20833333333333334,True,2266307248
7,6,2,0.25,0.09375,0.0,19,SKQD,6,0.09375,0.0,13.333333333333334,0.20833333333333334,True,2266307248
7,6,2,0.25,0.09375,0.0,19,SKQD,7,0.109375,3.3810117912229186e-72,13.333333333333334,0.20833333333333334,True,2266307248
7,6,2,0.25,0.09375,0.0,19,SKQD,8,0.125,6.794904511955442e-72,13.333333333333334,0.20833333333333334,True,2266307248
7,6,2,0.25,0.09375,0.0,19,SKQD,9,0.140625,1.0099674820199003e-71,13.333333333333334,0.20833333333333334,True,2266307248
7,6,2,0.25,0.09375,0.0,19,SKQD,10,0.15625,1.0099674820199003e-71,13.333333333333334,0.20833333333333334,True,2266307248
7,6,2,0.25,0.09375,0.0,19,SKQD,11,0.171875,4.753134129155365e-71,13.333333333333334,0.20833333333333334,True,2266307248
7,6,2,0.25,0.09375,0.0,19,SKQD,12,0.1875,4.521812697326167e-69,13.333333333333334,0.20833333333333334,True,2266307248
7,6,2,0.25,0.09375,0.0,19,SKQD,14,0.21875,6.798318798709938e-69,13.333333333333334,0.20833333333333334,True,2266307248
7,6,2,0.25,0.09375,0.0,19,SKQD,16,0.25,6.798318798709938e-69,13.333333333333334,0.20833333333333334,True,2266307248
7,6,2,0.25,0.09375,0.0,19,SKQD,18,0.28125,6.798318798709938e-69,13.333333333333334,0.20833333333333334,True,2266307248
7,6,2,0.25,0.09375,0.0,19,SKQD,20,0.3125,6.798318798709938e-69,13.333333333333334,0.20833333333333334,True,2266307248
7,6,2,0.25,0.09375,0.0,19,SKQD,22,0.34375,6.798318798709938e-69,13.333333333333334,0.20833333333333334,True,2266307248
7,6,2,0.25,0.09375,0.0,19,SKQD,25,0.390625,6.798318798709938e-69,13.333333333333334,0.20833333333333334,True,2266307248
7,6,2,0.25,0.09375,0.0,19,SKQD,28,0.4375,6.798318798709938e-69,13.333333333333334,0.20833333333333334,True,2266307248
7,6,2,0.25,0.09375,0.0,19,SKQD,32,0.5,6.798318798709938e-69,13.333333333333334,0.20833333333333334,True,2266307248
7,6,2,0.25,0.09375,0.0,19,Ceiling,1,0.015625,0.8870503026897214,32.0,0.5,False,2266307248
7,6,2,0.25,0.09375,0.0,19,Ceiling,2,0.03125,0.9244571373538495,32.0,0.5,False,2266307248
7,6,2,0.25,0.09375,0.0,19,Ceiling,3,0.046875,0.9604409879764769,32.0,0.5,False,2266307248
7,6,2,0.25,0.09375,0.0,19,Ceiling,4,0.0625,0.9851954370934347,32.0,0.5,False,2266307248
7,6,2,0.25,0.09375,0.0,19,Ceiling,5,0.078125,0.99301582255214,32.0,0.5,False,2266307248
7,6,2,0.25,0.09375,0.0,19,Ceiling,6,0.09375,0.9948112769799815,32.0,0.5,False,2266307248
7,6,2,0.25,0.09375,0.0,19,Ceiling,7,0.109375,0.9965479041298977,32.0,0.5,False,2266307248
7,6,2,0.25,0.09375,0.0,19,Ceiling,8,0.125,0.9979739367718826,32.0,0.5,False,2266307248
7,6,2,0.25,0.09375,0.0,19,Ceiling,9,0.140625,0.9987857454373001,32.0,0.5,False,2266307248
7,6,2,0.25,0.09375,0.0,19,Ceiling,10,0.15625,0.9994985345693131,32.0,0.5,False,2266307248
7,6,2,0.25,0.09375,0.0,19,Ceiling,11,0.171875,0.9997219581060004,32.0,0.5,False,2266307248
7,6,2,0.25,0.09375,0.0,19,Ceiling,12,0.1875,0.9998930377770899,32.0,0.5,False,2266307248
7,6,2,0.25,0.09375,0.0,19,Ceiling,14,0.21875,0.9999955392297775,32.0,0.5,False,2266307248
7,6,2,0.25,0.09375,0.0,19,Ceiling,16,0.25,1.0,32.0,0.5,False,2266307248
7,6,2,0.25,0.09375,0.0,19,Ceiling,18,0.28125,1.0,32.0,0.5,False,2266307248
7,6,2,0.25,0.09375,0.0,19,Ceiling,20,0.3125,1.0,32.0,0.5,False,2266307248
7,6,2,0.25,0.09375,0.0,19,Ceiling,22,0.34375,1.0,32.0,0.5,False,2266307248
7,6,2,0.25,0.09375,0.0,19,Ceiling,25,0.390625,1.0,32.0,0.5,False,2266307248
7,6,2,0.25,0.09375,0.0,19,Ceiling,28,0.4375,1.0,32.0,0.5,False,2266307248
7,6,2,0.25,0.09375,0.0,19,Ceiling,32,0.5,1.0,32.0,0.5,False,2266307248
7,6,3,0.5,0.15625,0.047583655494972385,3,BARK,1,0.015625,0.047583655494972385,32.0,0.5,False,350962608
7,6,3,0.5,0.15625,0.047583655494972385,3,BARK,2,0.03125,0.5337167359201751,32.0,0.5,False,350962608
7,6,3,0.5,0.15625,0.047583655494972385,3,BARK,3,0.046875,0.8183515092838357,32.0,0.5,False,350962608
7,6,3,0.5,0.15625,0.047583655494972385,3,BARK,4,0.0625,0.8432579946732668,32.0,0.5,False,350962608
7,6,3,0.5,0.15625,0.047583655494972385,3,BARK,5,0.078125,0.8441415605364608,32.0,0.5,False,350962608
7,6,3,0.5,0.15625,0.047583655494972385,3,BARK,6,0.09375,0.864635198025355,32.0,0.5,False,350962608
7,6,3,0.5,0.15625,0.047583655494972385,3,BARK,7,0.109375,0.8761932652220256,32.0,0.5,False,350962608
7,6,3,0.5,0.15625,0.047583655494972385,3,BARK,8,0.125,0.8857235891547497,32.0,0.5,False,350962608
7,6,3,0.5,0.15625,0.047583655494972385,3,BARK,9,0.140625,0.9061555515291677,32.0,0.5,False,350962608
7,6,3,0.5,0.15625,0.047583655494972385,3,BARK,10,0.15625,0.9352240831788341,32.0,0.5,False,350962608
7,6,3,0.5,0.15625,0.047583655494972385,3,BARK,11,0.171875,0.9565803905263758,32.0,0.5,False,350962608
7,6,3,0.5,0.15625,0.047583655494972385,3,BARK,12,0.1875,0.9628264942964003,32.0,0.5,False,350962608
7,6,3,0.5,0.15625,0.047583655494972385,3,BARK,14,0.21875,0.9672613695143633,32.0,0.5,False,350962608
7,6,3,0.5,0.15625,0.047583655494972385,3,BARK,16,0.25,0.9727673690226194,32.0,0.5,False,350962608
7,6,3,0.5,0.15625,0.047583655494972385,3,BARK,18,0.28125,0.9806432755552195,32.0,0.5,False,350962608
7,6,3,0.5,0.15625,0.047583655494972385,3,BARK,20,0.3125,0.9953372221156255,32.0,0.5,False,350962608
7,6,3,0.5,0.15625,0.047583655494972385,3,BARK,22,0.34375,0.9970582844195638,32.0,0.5,False,350962608
7,6,3,0.5,0.15625,0.047583655494972385,3,BARK,25,0.390625,0.9984841957453909,32.0,0.5,False,350962608
7,6,3,0.5,0.15625,0.047583655494972385,3,BARK,28,0.4375,0.9995389901200639,32.0,0.5,False,350962608
7,6,3,0.5,0.15625,0.047583655494972385,3,BARK,32,0.5,1.0000000000000004,32.0,0.5,False,350962608
7,6,3,0.5,0.15625,0.047583655494972385,3,Simplified BARK,1,0.015625,0.047583655494972385,32.0,0.5,False,350962608
7,6,3,0.5,0.15625,0.047583655494972385,3,Simplified BARK,2,0.03125,0.049180656793435355,32.0,0.5,False,350962608
7,6,3,0.5,0.15625,0.047583655494972385,3,Simplified BARK,3,0.046875,0.05183029540582678,32.0,0.5,False,350962608
7,6,3,0.5,0.15625,0.047583655494972385,3,Simplified BARK,4,0.0625,0.2635033898040201,32.0,0.5,False,350962608
7,6,3,0.5,0.15625,0.047583655494972385,3,Simplified BARK,5,0.078125,0.8221915493348666,32.0,0.5,False,350962608
7,6,3,0.5,0.15625,0.047583655494972385,3,Simplified BARK,6,0.09375,0.8425925066937991,32.0,0.5,False,350962608
7,6,3,0.5,0.15625,0.047583655494972385,3,Simplified BARK,7,0.109375,0.854125877826319,32.0,0.5,False,350962608
7,6,3,0.5,0.15625,0.047583655494972385,3,Simplified BARK,8,0.125,0.884201859056849,32.0,0.5,False,350962608
7,6,3,0.5,0.15625,0.047583655494972385,3,Simplified BARK,9,0.140625,0.9051525308151144,32.0,0.5,False,350962608
7,6,3,0.5,0.15625,0.047583655494972385,3,Simplified BARK,10,0.15625,0.9094118409072803,32.0,0.5,False,350962608
7,6,3,0.5,0.15625,0.047583655494972385,3,Simplified BARK,11,0.171875,0.9165345916082074,32.0,0.5,False,350962608
7,6,3,0.5,0.15625,0.047583655494972385,3,Simplified BARK,12,0.1875,0.9254786337152635,32.0,0.5,False,350962608
7,6,3,0.5,0.15625,0.047583655494972385,3,Simplified BARK,14,0.21875,0.9264837187924911,32.0,0.5,False,350962608
7,6,3,0.5,0.15625,0.047583655494972385,3,Simplified BARK,16,0.25,0.9329499939393634,32.0,0.5,False,350962608
7,6,3,0.5,0.15625,0.047583655494972385,3,Simplified BARK,18,0.28125,0.9448333870663507,32.0,0.5,False,350962608
7,6,3,0.5,0.15625,0.047583655494972385,3,Simplified BARK,20,0.3125,0.9664730174411362,32.0,0.5,False,350962608
7,6,3,0.5,0.15625,0.047583655494972385,3,Simplified BARK,22,0.34375,0.9665559501039889,32.0,0.5,False,350962608
7,6,3,0.5,0.15625,0.047583655494972385,3,Simplified BARK,25,0.390625,0.9656837907078537,32.0,0.5,False,350962608
7,6,3,0.5,0.15625,0.047583655494972385,3,Simplified BARK,28,0.4375,0.9706612424892145,32.0,0.5,False,350962608
7,6,3,0.5,0.15625,0.047583655494972385,3,Simplified BARK,32,0.5,0.9999999999999998,32.0,0.5,False,350962608
7,6,3,0.5,0.15625,0.047583655494972385,3,SKQD,1,0.015625,0.04758365549497238,28.666666666666668,0.4479166666666667,True,350962608
7,6,3,0.5,0.15625,0.047583655494972385,3,SKQD,2,0.03125,0.04758365549497238,28.666666666666668,0.4479166666666667,True,350962608
7,6,3,0.5,0.15625,0.047583655494972385,3,SKQD,3,0.046875,0.04758365549497238,28.666666666666668,0.4479166666666667,True,350962608
7,6,3,0.5,0.15625,0.047583655494972385,3,SKQD,4,0.0625,0.04758365549497238,28.666666666666668,0.4479166666666667,True,350962608
7,6,3,0.5,0.15625,0.047583655494972385,3,SKQD,5,0.078125,0.30564972712914795,28.666666666666668,0.4479166666666667,True,350962608
7,6,3,0.5,0.15625,0.047583655494972385,3,SKQD,6,0.09375,0.3690440102292163,28.666666666666668,0.4479166666666667,True,350962608
7,6,3,0.5,0.15625,0.047583655494972385,3,SKQD,7,0.109375,0.6277520658566351,28.666666666666668,0.4479166666666667,True,350962608
7,6,3,0.5,0.15625,0.047583655494972385,3,SKQD,8,0.125,0.6277520658566351,28.666666666666668,0.4479166666666667,True,350962608
7,6,3,0.5,0.15625,0.047583655494972385,3,SKQD,9,0.140625,0.6277520658566351,28.666666666666668,0.4479166666666667,True,350962608
7,6,3,0.5,0.15625,0.047583655494972385,3,SKQD,10,0.15625,0.6277520658566351,28.666666666666668,0.4479166666666667,True,350962608
7,6,3,0.5,0.15625,0.047583655494972385,3,SKQD,11,0.171875,0.6388383938151432,28.666666666666668,0.4479166666666667,True,350962608
7,6,3,0.5,0.15625,0.047583655494972385,3,SKQD,12,0.1875,0.6511974034179889,28.666666666666668,0.4479166666666667,True,350962608
7,6,3,0.5,0.15625,0.047583655494972385,3,SKQD,14,0.21875,0.8503993211659515,28.666666666666668,0.4479166666666667,True,350962608
7,6,3,0.5,0.15625,0.047583655494972385,3,SKQD,16,0.25,0.8503993211659515,28.666666666666668,0.4479166666666667,True,350962608
7,6,3,0.5,0.15625,0.047583655494972385,3,SKQD,18,0.28125,0.885789500935701,28.666666666666668,0.4479166666666667,True,350962608
7,6,3,0.5,0.15625,0.047583655494972385,3,SKQD,20,0.3125,0.9087962769465063,28.666666666666668,0.4479166666666667,True,350962608
7,6,3,0.5,0.15625,0.047583655494972385,3,SKQD,22,0.34375,0.9223228941286269,28.666666666666668,0.4479166666666667,True,350962608
7,6,3,0.5,0.15625,0.047583655494972385,3,SKQD,25,0.390625,0.9464326033261253,28.666666666666668,0.4479166666666667,True,350962608
7,6,3,0.5,0.15625,0.047583655494972385,3,SKQD,28,0.4375,0.9947501717454252,28.666666666666668,0.4479166666666667,True,350962608
7,6,3,0.5,0.15625,0.047583655494972385,3,SKQD,32,0.5,0.995498857185825,28.666666666666668,0.4479166666666667,True,350962608
7,6,3,0.5,0.15625,0.047583655494972385,3,Ceiling,1,0.015625,0.49896388289991006,32.0,0.5,False,350962608
7,6,3,0.5,0.15625,0.047583655494972385,3,Ceiling,2,0.03125,0.7710421300591064,32.0,0.5,False,350962608
7,6,3,0.5,0.15625,0.047583655494972385,3,Ceiling,3,0.046875,0.8186257855540787,32.0,0.5,False,350962608
7,6,3,0.5,0.15625,0.047583655494972385,3,Ceiling,4,0.0625,0.8520265481968033,32.0,0.5,False,350962608
7,6,3,0.5,0.15625,0.047583655494972385,3,Ceiling,5,0.078125,0.8767618390928189,32.0,0.5,False,350962608
7,6,3,0.5,0.15625,0.047583655494972385,3,Ceiling,6,0.09375,0.8985618319453554,32.0,0.5,False,350962608
7,6,3,0.5,0.15625,0.047583655494972385,3,Ceiling,7,0.109375,0.9183688826562565,32.0,0.5,False,350962608
7,6,3,0.5,0.15625,0.047583655494972385,3,Ceiling,8,0.125,0.9344049434933503,32.0,0.5,False,350962608
7,6,3,0.5,0.15625,0.047583655494972385,3,Ceiling,9,0.140625,0.9467625566100666,32.0,0.5,False,350962608
7,6,3,0.5,0.15625,0.047583655494972385,3,Ceiling,10,0.15625,0.958103747459359,32.0,0.5,False,350962608
7,6,3,0.5,0.15625,0.047583655494972385,3,Ceiling,11,0.171875,0.9663738811972641,32.0,0.5,False,350962608
7,6,3,0.5,0.15625,0.047583655494972385,3,Ceiling,12,0.1875,0.973182904273627,32.0,0.5,False,350962608
7,6,3,0.5,0.15625,0.047583655494972385,3,Ceiling,14,0.21875,0.9841858885667326,32.0,0.5,False,350962608
7,6,3,0.5,0.15625,0.047583655494972385,3,Ceiling,16,0.25,0.9901725991825537,32.0,0.5,False,350962608
7,6,3,0.5,0.15625,0.047583655494972385,3,Ceiling,18,0.28125,0.9939873127702901,32.0,0.5,False,350962608
7,6,3,0.5,0.15625,0.047583655494972385,3,Ceiling,20,0.3125,0.9967600586444786,32.0,0.5,False,350962608
7,6,3,0.5,0.15625,0.047583655494972385,3,Ceiling,22,0.34375,0.9984479228070591,32.0,0.5,False,350962608
7,6,3,0.5,0.15625,0.047583655494972385,3,Ceiling,25,0.390625,0.9995260502116893,32.0,0.5,False,350962608
7,6,3,0.5,0.15625,0.047583655494972385,3,Ceiling,28,0.4375,0.99991125877898,32.0,0.5,False,350962608
7,6,3,0.5,0.15625,0.047583655494972385,3,Ceiling,32,0.5,0.9999999999999998,32.0,0.5,False,350962608
7,6,3,0.5,0.15625,0.27207824715919626,27,BARK,1,0.015625,0.27207824715919626,32.0,0.5,False,350962608
7,6,3,0.5,0.15625,0.27207824715919626,27,BARK,2,0.03125,0.7689640319219038,32.0,0.5,False,350962608
7,6,3,0.5,0.15625,0.27207824715919626,27,BARK,3,0.046875,0.7877253269910606,32.0,0.5,False,350962608
7,6,3,0.5,0.15625,0.27207824715919626,27,BARK,4,0.0625,0.8011672441377237,32.0,0.5,False,350962608
7,6,3,0.5,0.15625,0.27207824715919626,27,BARK,5,0.078125,0.8113914636226272,32.0,0.5,False,350962608
7,6,3,0.5,0.15625,0.27207824715919626,27,BARK,6,0.09375,0.831727558278597,32.0,0.5,False,350962608
7,6,3,0.5,0.15625,0.27207824715919626,27,BARK,7,0.109375,0.8619914094317616,32.0,0.5,False,350962608
7,6,3,0.5,0.15625,0.27207824715919626,27,BARK,8,0.125,0.883093015839115,32.0,0.5,False,350962608
7,6,3,0.5,0.15625,0.27207824715919626,27,BARK,9,0.140625,0.8894182590917985,32.0,0.5,False,350962608
7,6,3,0.5,0.15625,0.27207824715919626,27,BARK,10,0.15625,0.8931296764274456,32.0,0.5,False,350962608
7,6,3,0.5,0.15625,0.27207824715919626,27,BARK,11,0.171875,0.8938214390626205,32.0,0.5,False,350962608
7,6,3,0.5,0.15625,0.27207824715919626,27,BARK,12,0.1875,0.9189769987707274,32.0,0.5,False,350962608
7,6,3,0.5,0.15625,0.27207824715919626,27,BARK,14,0.21875,0.9690203615962198,32.0,0.5,False,350962608
7,6,3,0.5,0.15625,0.27207824715919626,27,BARK,16,0.25,0.9747009782080365,32.0,0.5,False,350962608
7,6,3,0.5,0.15625,0.27207824715919626,27,BARK,18,0.28125,0.991355334296157,32.0,0.5,False,350962608
7,6,3,0.5,0.15625,0.27207824715919626,27,BARK,20,0.3125,0.9962466480500263,32.0,0.5,False,350962608
7,6,3,0.5,0.15625,0.27207824715919626,27,BARK,22,0.34375,0.997588612184784,32.0,0.5,False,350962608
7,6,3,0.5,0.15625,0.27207824715919626,27,BARK,25,0.390625,0.9986104136040203,32.0,0.5,False,350962608
7,6,3,0.5,0.15625,0.27207824715919626,27,BARK,28,0.4375,0.998367874586008,32.0,0.5,False,350962608
7,6,3,0.5,0.15625,0.27207824715919626,27,BARK,32,0.5,1.0,32.0,0.5,False,350962608
7,6,3,0.5,0.15625,0.27207824715919626,27,Simplified BARK,1,0.015625,0.27207824715919626,32.0,0.5,False,350962608
7,6,3,0.5,0.15625,0.27207824715919626,27,Simplified BARK,2,0.03125,0.7689640319219038,32.0,0.5,False,350962608
7,6,3,0.5,0.15625,0.27207824715919626,27,Simplified BARK,3,0.046875,0.7877253269910606,32.0,0.5,False,350962608
7,6,3,0.5,0.15625,0.27207824715919626,27,Simplified BARK,4,0.0625,0.8011672441377237,32.0,0.5,False,350962608
7,6,3,0.5,0.15625,0.27207824715919626,27,Simplified BARK,5,0.078125,0.8313800035961397,32.0,0.5,False,350962608
7,6,3,0.5,0.15625,0.27207824715919626,27,Simplified BARK,6,0.09375,0.851390518512836,32.0,0.5,False,350962608
7,6,3,0.5,0.15625,0.27207824715919626,27,Simplified BARK,7,0.109375,0.8999170609883536,32.0,0.5,False,350962608
7,6,3,0.5,0.15625,0.27207824715919626,27,Simplified BARK,8,0.125,0.9029606308227637,32.0,0.5,False,350962608
7,6,3,0.5,0.15625,0.27207824715919626,27,Simplified BARK,9,0.140625,0.9051525308151144,32.0,0.5,False,350962608
7,6,3,0.5,0.15625,0.27207824715919626,27,Simplified BARK,10,0.15625,0.9094118409072808,32.0,0.5,False,350962608
7,6,3,0.5,0.15625,0.27207824715919626,27,Simplified BARK,11,0.171875,0.9165345916082074,32.0,0.5,False,350962608
7,6,3,0.5,0.15625,0.27207824715919626,27,Simplified BARK,12,0.1875,0.9254786337152637,32.0,0.5,False,350962608
7,6,3,0.5,0.15625,0.27207824715919626,27,Simplified BARK,14,0.21875,0.9264837187924917,32.0,0.5,False,350962608
7,6,3,0.5,0.15625,0.27207824715919626,27,Simplified BARK,16,0.25,0.9329499939393634,32.0,0.5,False,350962608
7,6,3,0.5,0.15625,0.27207824715919626,27,Simplified BARK,18,0.28125,0.9448333870663507,32.0,0.5,False,350962608
7,6,3,0.5,0.15625,0.27207824715919626,27,Simplified BARK,20,0.3125,0.966473017441136,32.0,0.5,False,350962608
7,6,3,0.5,0.15625,0.27207824715919626,27,Simplified BARK,22,0.34375,0.9665559501039889,32.0,0.5,False,350962608
7,6,3,0.5,0.15625,0.27207824715919626,27,Simplified BARK,25,0.390625,0.9656837907078533,32.0,0.5,False,350962608
7,6,3,0.5,0.15625,0.27207824715919626,27,Simplified BARK,28,0.4375,0.9706612424892136,32.0,0.5,False,350962608
7,6,3,0.5,0.15625,0.27207824715919626,27,Simplified BARK,32,0.5,0.9999999999999996,32.0,0.5,False,350962608
7,6,3,0.5,0.15625,0.27207824715919626,27,SKQD,1,0.015625,0.27207824715919626,28.666666666666668,0.4479166666666667,True,350962608
7,6,3,0.5,0.15625,0.27207824715919626,27,SKQD,2,0.03125,0.27207824715919626,28.666666666666668,0.4479166666666667,True,350962608
7,6,3,0.5,0.15625,0.27207824715919626,27,SKQD,3,0.046875,0.27207824715919626,28.666666666666668,0.4479166666666667,True,350962608
7,6,3,0.5,0.15625,0.27207824715919626,27,SKQD,4,0.0625,0.27207824715919626,28.666666666666668,0.4479166666666667,True,350962608
7,6,3,0.5,0.15625,0.27207824715919626,27,SKQD,5,0.078125,0.27207824715919626,28.666666666666668,0.4479166666666667,True,350962608
7,6,3,0.5,0.15625,0.27207824715919626,27,SKQD,6,0.09375,0.27207824715919626,28.666666666666668,0.4479166666666667,True,350962608
7,6,3,0.5,0.15625,0.27207824715919626,27,SKQD,7,0.109375,0.27207824715919626,28.666666666666668,0.4479166666666667,True,350962608
7,6,3,0.5,0.15625,0.27207824715919626,27,SKQD,8,0.125,0.27207824715919626,28.666666666666668,0.4479166666666667,True,350962608
7,6,3,0.5,0.15625,0.27207824715919626,27,SKQD,9,0.140625,0.4820087179401706,28.666666666666668,0.4479166666666667,True,350962608
7,6,3,0.5,0.15625,0.27207824715919626,27,SKQD,10,0.15625,0.4820087179401706,28.666666666666668,0.4479166666666667,True,350962608
7,6,3,0.5,0.15625,0.27207824715919626,27,SKQD,11,0.171875,0.4820087179401706,28.666666666666668,0.4479166666666667,True,350962608
7,6,3,0.5,0.15625,0.27207824715919626,27,SKQD,12,0.1875,0.6913357672400483,28.666666666666668,0.4479166666666667,True,350962608
7,6,3,0.5,0.15625,0.27207824715919626,27,SKQD,14,0.21875,0.9216206178900072,28.666666666666668,0.4479166666666667,True,350962608
7,6,3,0.5,0.15625,0.27207824715919626,27,SKQD,16,0.25,0.9658092034743803,28.666666666666668,0.4479166666666667,True,350962608
7,6,3,0.5,0.15625,0.27207824715919626,27,SKQD,18,0.28125,0.9735911450590997,28.666666666666668,0.4479166666666667,True,350962608
7,6,3,0.5,0.15625,0.27207824715919626,27,SKQD,20,0.3125,0.9785884590530011,28.666666666666668,0.4479166666666667,True,350962608
7,6,3,0.5,0.15625,0.27207824715919626,27,SKQD,22,0.34375,0.9834148602523892,28.666666666666668,0.4479166666666667,True,350962608
7,6,3,0.5,0.15625,0.27207824715919626,27,SKQD,25,0.390625,0.9842874937678113,28.666666666666668,0.4479166666666667,True,350962608
7,6,3,0.5,0.15625,0.27207824715919626,27,SKQD,28,0.4375,0.9964529029118139,28.666666666666668,0.4479166666666667,True,350962608
7,6,3,0.5,0.15625,0.27207824715919626,27,SKQD,32,0.5,0.997179828653547,28.666666666666668,0.4479166666666667,True,350962608
7,6,3,0.5,0.15625,0.27207824715919626,27,Ceiling,1,0.015625,0.49896388289991006,32.0,0.5,False,350962608
7,6,3,0.5,0.15625,0.27207824715919626,27,Ceiling,2,0.03125,0.7710421300591064,32.0,0.5,False,350962608
7,6,3,0.5,0.15625,0.27207824715919626,27,Ceiling,3,0.046875,0.8186257855540787,32.0,0.5,False,350962608
7,6,3,0.5,0.15625,0.27207824715919626,27,Ceiling,4,0.0625,0.8520265481968033,32.0,0.5,False,350962608
7,6,3,0.5,0.15625,0.27207824715919626,27,Ceiling,5,0.078125,0.8767618390928189,32.0,0.5,False,350962608
7,6,3,0.5,0.15625,0.27207824715919626,27,Ceiling,6,0.09375,0.8985618319453554,32.0,0.5,False,350962608
7,6,3,0.5,0.15625,0.27207824715919626,27,Ceiling,7,0.109375,0.9183688826562565,32.0,0.5,False,350962608
7,6,3,0.5,0.15625,0.27207824715919626,27,Ceiling,8,0.125,0.9344049434933503,32.0,0.5,False,350962608
7,6,3,0.5,0.15625,0.27207824715919626,27,Ceiling,9,0.140625,0.9467625566100666,32.0,0.5,False,350962608
7,6,3,0.5,0.15625,0.27207824715919626,27,Ceiling,10,0.15625,0.958103747459359,32.0,0.5,False,350962608
7,6,3,0.5,0.15625,0.27207824715919626,27,Ceiling,11,0.171875,0.9663738811972641,32.0,0.5,False,350962608
7,6,3,0.5,0.15625,0.27207824715919626,27,Ceiling,12,0.1875,0.973182904273627,32.0,0.5,False,350962608
7,6,3,0.5,0.15625,0.27207824715919626,27,Ceiling,14,0.21875,0.9841858885667326,32.0,0.5,False,350962608
7,6,3,0.5,0.15625,0.27207824715919626,27,Ceiling,16,0.25,0.9901725991825537,32.0,0.5,False,350962608
7,6,3,0.5,0.15625,0.27207824715919626,27,Ceiling,18,0.28125,0.9939873127702901,32.0,0.5,False,350962608
7,6,3,0.5,0.15625,0.27207824715919626,27,Ceiling,20,0.3125,0.9967600586444786,32.0,0.5,False,350962608
7,6,3,0.5,0.15625,0.27207824715919626,27,Ceiling,22,0.34375,0.9984479228070591,32.0,0.5,False,350962608
7,6,3,0.5,0.15625,0.27207824715919626,27,Ceiling,25,0.390625,0.9995260502116893,32.0,0.5,False,350962608
7,6,3,0.5,0.15625,0.27207824715919626,27,Ceiling,28,0.4375,0.99991125877898,32.0,0.5,False,350962608
7,6,3,0.5,0.15625,0.27207824715919626,27,Ceiling,32,0.5,0.9999999999999998,32.0,0.5,False,350962608
7,6,3,0.5,0.15625,0.49896388289991006,17,BARK,1,0.015625,0.49896388289991006,32.0,0.5,False,350962608
7,6,3,0.5,0.15625,0.49896388289991006,17,BARK,2,0.03125,0.7689640319219038,32.0,0.5,False,350962608
7,6,3,0.5,0.15625,0.49896388289991006,17,BARK,3,0.046875,0.8183515092838357,32.0,0.5,False,350962608
7,6,3,0.5,0.15625,0.49896388289991006,17,BARK,4,0.0625,0.8432579946732668,32.0,0.5,False,350962608
7,6,3,0.5,0.15625,0.49896388289991006,17,BARK,5,0.078125,0.8441415605364604,32.0,0.5,False,350962608
7,6,3,0.5,0.15625,0.49896388289991006,17,BARK,6,0.09375,0.864635198025355,32.0,0.5,False,350962608
7,6,3,0.5,0.15625,0.49896388289991006,17,BARK,7,0.109375,0.8761932652220248,32.0,0.5,False,350962608
7,6,3,0.5,0.15625,0.49896388289991006,17,BARK,8,0.125,0.8857235891547492,32.0,0.5,False,350962608
7,6,3,0.5,0.15625,0.49896388289991006,17,BARK,9,0.140625,0.906155551529167,32.0,0.5,False,350962608
7,6,3,0.5,0.15625,0.49896388289991006,17,BARK,10,0.15625,0.9352240831788337,32.0,0.5,False,350962608
7,6,3,0.5,0.15625,0.49896388289991006,17,BARK,11,0.171875,0.9565803905263749,32.0,0.5,False,350962608
7,6,3,0.5,0.15625,0.49896388289991006,17,BARK,12,0.1875,0.9628264942964003,32.0,0.5,False,350962608
7,6,3,0.5,0.15625,0.49896388289991006,17,BARK,14,0.21875,0.9672613695143635,32.0,0.5,False,350962608
7,6,3,0.5,0.15625,0.49896388289991006,17,BARK,16,0.25,0.9727673690226192,32.0,0.5,False,350962608
7,6,3,0.5,0.15625,0.49896388289991006,17,BARK,18,0.28125,0.9806432755552195,32.0,0.5,False,350962608
7,6,3,0.5,0.15625,0.49896388289991006,17,BARK,20,0.3125,0.9953372221156259,32.0,0.5,False,350962608
7,6,3,0.5,0.15625,0.49896388289991006,17,BARK,22,0.34375,0.9970582844195647,32.0,0.5,False,350962608
7,6,3,0.5,0.15625,0.49896388289991006,17,BARK,25,0.390625,0.9984841957453909,32.0,0.5,False,350962608
7,6,3,0.5,0.15625,0.49896388289991006,17,BARK,28,0.4375,0.9995389901200632,32.0,0.5,False,350962608
7,6,3,0.5,0.15625,0.49896388289991006,17,BARK,32,0.5,0.9999999999999996,32.0,0.5,False,350962608
7,6,3,0.5,0.15625,0.49896388289991006,17,Simplified BARK,1,0.015625,0.49896388289991006,32.0,0.5,False,350962608
7,6,3,0.5,0.15625,0.49896388289991006,17,Simplified BARK,2,0.03125,0.7689640319219038,32.0,0.5,False,350962608
7,6,3,0.5,0.15625,0.49896388289991006,17,Simplified BARK,3,0.046875,0.7877253269910602,32.0,0.5,False,350962608
7,6,3,0.5,0.15625,0.49896388289991006,17,Simplified BARK,4,0.0625,0.8011672441377236,32.0,0.5,False,350962608
7,6,3,0.5,0.15625,0.49896388289991006,17,Simplified BARK,5,0.078125,0.8313800035961401,32.0,0.5,False,350962608
7,6,3,0.5,0.15625,0.49896388289991006,17,Simplified BARK,6,0.09375,0.8513905185128362,32.0,0.5,False,350962608
7,6,3,0.5,0.15625,0.49896388289991006,17,Simplified BARK,7,0.109375,0.8999170609883533,32.0,0.5,False,350962608
7,6,3,0.5,0.15625,0.49896388289991006,17,Simplified BARK,8,0.125,0.9029606308227641,32.0,0.5,False,350962608
7,6,3,0.5,0.15625,0.49896388289991006,17,Simplified BARK,9,0.140625,0.9051525308151142,32.0,0.5,False,350962608
7,6,3,0.5,0.15625,0.49896388289991006,17,Simplified BARK,10,0.15625,0.9094118409072803,32.0,0.5,False,350962608
7,6,3,0.5,0.15625,0.49896388289991006,17,Simplified BARK,11,0.171875,0.9165345916082076,32.0,0.5,False,350962608
7,6,3,0.5,0.15625,0.49896388289991006,17,Simplified BARK,12,0.1875,0.9254786337152631,32.0,0.5,False,350962608
7,6,3,0.5,0.15625,0.49896388289991006,17,Simplified BARK,14,0.21875,0.9264837187924911,32.0,0.5,False,350962608
7,6,3,0.5,0.15625,0.49896388289991006,17,Simplified BARK,16,0.25,0.9329499939393636,32.0,0.5,False,350962608
7,6,3,0.5,0.15625,0.49896388289991006,17,Simplified BARK,18,0.28125,0.9448333870663509,32.0,0.5,False,350962608
7,6,3,0.5,0.15625,0.49896388289991006,17,Simplified BARK,20,0.3125,0.966473017441136,32.0,0.5,False,350962608
7,6,3,0.5,0.15625,0.49896388289991006,17,Simplified BARK,22,0.34375,0.9665559501039889,32.0,0.5,False,350962608
7,6,3,0.5,0.15625,0.49896388289991006,17,Simplified BARK,25,0.390625,0.9656837907078528,32.0,0.5,False,350962608
7,6,3,0.5,0.15625,0.49896388289991006,17,Simplified BARK,28,0.4375,0.9706612424892145,32.0,0.5,False,350962608
7,6,3,0.5,0.15625,0.49896388289991006,17,Simplified BARK,32,0.5,0.9999999999999996,32.0,0.5,False,350962608
7,6,3,0.5,0.15625,0.49896388289991006,17,SKQD,1,0.015625,0.49896388289991006,30.666666666666668,0.4791666666666667,True,350962608
7,6,3,0.5,0.15625,0.49896388289991006,17,SKQD,2,0.03125,0.49896388289991006,30.666666666666668,0.4791666666666667,True,350962608
7,6,3,0.5,0.15625,0.49896388289991006,17,SKQD,3,0.046875,0.49896388289991006,30.666666666666668,0.4791666666666667,True,350962608
7,6,3,0.5,0.15625,0.49896388289991006,17,SKQD,4,0.0625,0.49896388289991006,30.666666666666668,0.4791666666666667,True,350962608
7,6,3,0.5,0.15625,0.49896388289991006,17,SKQD,5,0.078125,0.49896388289991006,30.666666666666668,0.4791666666666667,True,350962608
7,6,3,0.5,0.15625,0.49896388289991006,17,SKQD,6,0.09375,0.49896388289991006,30.666666666666668,0.4791666666666667,True,350962608
7,6,3,0.5,0.15625,0.49896388289991006,17,SKQD,7,0.109375,0.49896388289991006,30.666666666666668,0.4791666666666667,True,350962608
7,6,3,0.5,0.15625,0.49896388289991006,17,SKQD,8,0.125,0.49896388289991006,30.666666666666668,0.4791666666666667,True,350962608
7,6,3,0.5,0.15625,0.49896388289991006,17,SKQD,9,0.140625,0.49896388289991006,30.666666666666668,0.4791666666666667,True,350962608
7,6,3,0.5,0.15625,0.49896388289991006,17,SKQD,10,0.15625,0.49896388289991006,30.666666666666668,0.4791666666666667,True,350962608
7,6,3,0.5,0.15625,0.49896388289991006,17,SKQD,11,0.171875,0.49896388289991006,30.666666666666668,0.4791666666666667,True,350962608
7,6,3,0.5,0.15625,0.49896388289991006,17,SKQD,12,0.1875,0.6507460616869114,30.666666666666668,0.4791666666666667,True,350962608
7,6,3,0.5,0.15625,0.49896388289991006,17,SKQD,14,0.21875,0.9641671739816854,30.666666666666668,0.4791666666666667,True,350962608
7,6,3,0.5,0.15625,0.49896388289991006,17,SKQD,16,0.25,0.9641671739816854,30.666666666666668,0.4791666666666667,True,350962608
7,6,3,0.5,0.15625,0.49896388289991006,17,SKQD,18,0.28125,0.9712074211859553,30.666666666666668,0.4791666666666667,True,350962608
7,6,3,0.5,0.15625,0.49896388289991006,17,SKQD,20,0.3125,0.9806745148473713,30.666666666666668,0.4791666666666667,True,350962608
7,6,3,0.5,0.15625,0.49896388289991006,17,SKQD,22,0.34375,0.9806745148473713,30.666666666666668,0.4791666666666667,True,350962608
7,6,3,0.5,0.15625,0.49896388289991006,17,SKQD,25,0.390625,0.991547097289712,30.666666666666668,0.4791666666666667,True,350962608
7,6,3,0.5,0.15625,0.49896388289991006,17,SKQD,28,0.4375,0.9981733101045487,30.666666666666668,0.4791666666666667,True,350962608
7,6,3,0.5,0.15625,0.49896388289991006,17,SKQD,32,0.5,0.9994995250090827,30.666666666666668,0.4791666666666667,True,350962608
7,6,3,0.5,0.15625,0.49896388289991006,17,Ceiling,1,0.015625,0.49896388289991006,32.0,0.5,False,350962608
7,6,3,0.5,0.15625,0.49896388289991006,17,Ceiling,2,0.03125,0.7710421300591064,32.0,0.5,False,350962608
7,6,3,0.5,0.15625,0.49896388289991006,17,Ceiling,3,0.046875,0.8186257855540787,32.0,0.5,False,350962608
7,6,3,0.5,0.15625,0.49896388289991006,17,Ceiling,4,0.0625,0.8520265481968033,32.0,0.5,False,350962608
7,6,3,0.5,0.15625,0.49896388289991006,17,Ceiling,5,0.078125,0.8767618390928189,32.0,0.5,False,350962608
7,6,3,0.5,0.15625,0.49896388289991006,17,Ceiling,6,0.09375,0.8985618319453554,32.0,0.5,False,350962608
7,6,3,0.5,0.15625,0.49896388289991006,17,Ceiling,7,0.109375,0.9183688826562565,32.0,0.5,False,350962608
7,6,3,0.5,0.15625,0.49896388289991006,17,Ceiling,8,0.125,0.9344049434933503,32.0,0.5,False,350962608
7,6,3,0.5,0.15625,0.49896388289991006,17,Ceiling,9,0.140625,0.9467625566100666,32.0,0.5,False,350962608
7,6,3,0.5,0.15625,0.49896388289991006,17,Ceiling,10,0.15625,0.958103747459359,32.0,0.5,False,350962608
7,6,3,0.5,0.15625,0.49896388289991006,17,Ceiling,11,0.171875,0.9663738811972641,32.0,0.5,False,350962608
7,6,3,0.5,0.15625,0.49896388289991006,17,Ceiling,12,0.1875,0.973182904273627,32.0,0.5,False,350962608
7,6,3,0.5,0.15625,0.49896388289991006,17,Ceiling,14,0.21875,0.9841858885667326,32.0,0.5,False,350962608
7,6,3,0.5,0.15625,0.49896388289991006,17,Ceiling,16,0.25,0.9901725991825537,32.0,0.5,False,350962608
7,6,3,0.5,0.15625,0.49896388289991006,17,Ceiling,18,0.28125,0.9939873127702901,32.0,0.5,False,350962608
7,6,3,0.5,0.15625,0.49896388289991006,17,Ceiling,20,0.3125,0.9967600586444786,32.0,0.5,False,350962608
7,6,3,0.5,0.15625,0.49896388289991006,17,Ceiling,22,0.34375,0.9984479228070591,32.0,0.5,False,350962608
7,6,3,0.5,0.15625,0.49896388289991006,17,Ceiling,25,0.390625,0.9995260502116893,32.0,0.5,False,350962608
7,6,3,0.5,0.15625,0.49896388289991006,17,Ceiling,28,0.4375,0.99991125877898,32.0,0.5,False,350962608
7,6,3,0.5,0.15625,0.49896388289991006,17,Ceiling,32,0.5,0.9999999999999998,32.0,0.5,False,350962608
7,6,3,0.5,0.15625,9.908704864775727e-36,41,BARK,1,0.015625,9.908704864775727e-36,32.0,0.5,False,350962608
7,6,3,0.5,0.15625,9.908704864775727e-36,41,BARK,2,0.03125,1.057789351815153e-32,32.0,0.5,False,350962608
7,6,3,0.5,0.15625,9.908704864775727e-36,41,BARK,3,0.046875,1.80292094115795e-32,32.0,0.5,False,350962608
7,6,3,0.5,0.15625,9.908704864775727e-36,41,BARK,4,0.0625,2.0954690562273602e-32,32.0,0.5,False,350962608
7,6,3,0.5,0.15625,9.908704864775727e-36,41,BARK,5,0.078125,2.147877141247626e-32,32.0,0.5,False,350962608
7,6,3,0.5,0.15625,9.908704864775727e-36,41,BARK,6,0.09375,2.8771615646445416e-32,32.0,0.5,False,350962608
7,6,3,0.5,0.15625,9.908704864775727e-36,41,BARK,7,0.109375,3.5347336533482465e-32,32.0,0.5,False,350962608
7,6,3,0.5,0.15625,9.908704864775727e-36,41,BARK,8,0.125,3.286892452615924e-32,32.0,0.5,False,350962608
7,6,3,0.5,0.15625,9.908704864775727e-36,41,BARK,9,0.140625,3.28882089005471e-32,32.0,0.5,False,350962608
7,6,3,0.5,0.15625,9.908704864775727e-36,41,BARK,10,0.15625,3.222560233322796e-32,32.0,0.5,False,350962608
7,6,3,0.5,0.15625,9.908704864775727e-36,41,BARK,11,0.171875,3.190783337739164e-32,32.0,0.5,False,350962608
7,6,3,0.5,0.15625,9.908704864775727e-36,41,BARK,12,0.1875,3.329364005580363e-32,32.0,0.5,False,350962608
7,6,3,0.5,0.15625,9.908704864775727e-36,41,BARK,14,0.21875,4.3590550763850394e-32,32.0,0.5,False,350962608
7,6,3,0.5,0.15625,9.908704864775727e-36,41,BARK,16,0.25,4.424815097670293e-32,32.0,0.5,False,350962608
7,6,3,0.5,0.15625,9.908704864775727e-36,41,BARK,18,0.28125,3.984283388051844e-32,32.0,0.5,False,350962608
7,6,3,0.5,0.15625,9.908704864775727e-36,41,BARK,20,0.3125,4.2879410562680536e-32,32.0,0.5,False,350962608
7,6,3,0.5,0.15625,9.908704864775727e-36,41,BARK,22,0.34375,3.4778709293791977e-32,32.0,0.5,False,350962608
7,6,3,0.5,0.15625,9.908704864775727e-36,41,BARK,25,0.390625,3.7979578398004227e-32,32.0,0.5,False,350962608
7,6,3,0.5,0.15625,9.908704864775727e-36,41,BARK,28,0.4375,6.889030325761627e-32,32.0,0.5,False,350962608
7,6,3,0.5,0.15625,9.908704864775727e-36,41,BARK,32,0.5,1.1559207515338686e-31,32.0,0.5,False,350962608
7,6,3,0.5,0.15625,9.908704864775727e-36,41,Simplified BARK,1,0.015625,9.908704864775727e-36,32.0,0.5,False,350962608
7,6,3,0.5,0.15625,9.908704864775727e-36,41,Simplified BARK,2,0.03125,1.7050058407284292e-33,32.0,0.5,False,350962608
7,6,3,0.5,0.15625,9.908704864775727e-36,41,Simplified BARK,3,0.046875,1.2203494580438527e-33,32.0,0.5,False,350962608
7,6,3,0.5,0.15625,9.908704864775727e-36,41,Simplified BARK,4,0.0625,5.970211448548836e-34,32.0,0.5,False,350962608
7,6,3,0.5,0.15625,9.908704864775727e-36,41,Simplified BARK,5,0.078125,2.318187985975251e-34,32.0,0.5,False,350962608
7,6,3,0.5,0.15625,9.908704864775727e-36,41,Simplified BARK,6,0.09375,5.281112352389574e-35,32.0,0.5,False,350962608
7,6,3,0.5,0.15625,9.908704864775727e-36,41,Simplified BARK,7,0.109375,1.0901352524891266e-31,32.0,0.5,False,350962608
7,6,3,0.5,0.15625,9.908704864775727e-36,41,Simplified BARK,8,0.125,1.5291050375746877e-31,32.0,0.5,False,350962608
7,6,3,0.5,0.15625,9.908704864775727e-36,41,Simplified BARK,9,0.140625,1.636659464992256e-31,32.0,0.5,False,350962608
7,6,3,0.5,0.15625,9.908704864775727e-36,41,Simplified BARK,10,0.15625,1.6740604705132684e-31,32.0,0.5,False,350962608
7,6,3,0.5,0.15625,9.908704864775727e-36,41,Simplified BARK,11,0.171875,1.6954226406580898e-31,32.0,0.5,False,350962608
7,6,3,0.5,0.15625,9.908704864775727e-36,41,Simplified BARK,12,0.1875,1.6702192232952618e-31,32.0,0.5,False,350962608
7,6,3,0.5,0.15625,9.908704864775727e-36,41,Simplified BARK,14,0.21875,2.084688372121434e-31,32.0,0.5,False,350962608
7,6,3,0.5,0.15625,9.908704864775727e-36,41,Simplified BARK,16,0.25,2.096098154762074e-31,32.0,0.5,False,350962608
7,6,3,0.5,0.15625,9.908704864775727e-36,41,Simplified BARK,18,0.28125,2.2691775263319605e-31,32.0,0.5,False,350962608
7,6,3,0.5,0.15625,9.908704864775727e-36,41,Simplified BARK,20,0.3125,1.991103106246196e-31,32.0,0.5,False,350962608
7,6,3,0.5,0.15625,9.908704864775727e-36,41,Simplified BARK,22,0.34375,1.5965524065867608e-31,32.0,0.5,False,350962608
7,6,3,0.5,0.15625,9.908704864775727e-36,41,Simplified BARK,25,0.390625,1.1706746652563327e-31,32.0,0.5,False,350962608
7,6,3,0.5,0.15625,9.908704864775727e-36,41,Simplified BARK,28,0.4375,1.263727811588418e-31,32.0,0.5,False,350962608
7,6,3,0.5,0.15625,9.908704864775727e-36,41,Simplified BARK,32,0.5,1.1559207515338618e-31,32.0,0.5,False,350962608
7,6,3,0.5,0.15625,9.908704864775727e-36,41,SKQD,1,0.015625,9.908704864775727e-36,23.333333333333332,0.3645833333333333,True,350962608
7,6,3,0.5,0.15625,9.908704864775727e-36,41,SKQD,2,0.03125,9.908704864775727e-36,23.333333333333332,0.3645833333333333,True,350962608
7,6,3,0.5,0.15625,9.908704864775727e-36,41,SKQD,3,0.046875,9.908704864775727e-36,23.333333333333332,0.3645833333333333,True,350962608
7,6,3,0.5,0.15625,9.908704864775727e-36,41,SKQD,4,0.0625,9.908704864775727e-36,23.333333333333332,0.3645833333333333,True,350962608
7,6,3,0.5,0.15625,9.908704864775727e-36,41,SKQD,5,0.078125,2.234334779169696e-33,23.333333333333332,0.3645833333333333,True,350962608
7,6,3,0.5,0.15625,9.908704864775727e-36,41,SKQD,6,0.09375,5.9369410829905385e-33,23.333333333333332,0.3645833333333333,True,350962608
7,6,3,0.5,0.15625,9.908704864775727e-36,41,SKQD,7,0.109375,5.9369410829905385e-33,23.333333333333332,0.3645833333333333,True,350962608
7,6,3,0.5,0.15625,9.908704864775727e-36,41,SKQD,8,0.125,5.9369410829905385e-33,23.333333333333332,0.3645833333333333,True,350962608
7,6,3,0.5,0.15625,9.908704864775727e-36,41,SKQD,9,0.140625,4.5257218664648984e-33,23.333333333333332,0.3645833333333333,True,350962608
7,6,3,0.5,0.15625,9.908704864775727e-36,41,SKQD,10,0.15625,4.5257218664648984e-33,23.333333333333332,0.3645833333333333,True,350962608
7,6,3,0.5,0.15625,9.908704864775727e-36,41,SKQD,11,0.171875,9.666441861694276e-33,23.333333333333332,0.3645833333333333,True,350962608
7,6,3,0.5,0.15625,9.908704864775727e-36,41,SKQD,12,0.1875,1.3309383476181602e-32,23.333333333333332,0.3645833333333333,True,350962608
7,6,3,0.5,0.15625,9.908704864775727e-36,41,SKQD,14,0.21875,2.4859334058371284e-32,23.333333333333332,0.3645833333333333,True,350962608
7,6,3,0.5,0.15625,9.908704864775727e-36,41,SKQD,16,0.25,2.8864128758347565e-32,23.333333333333332,0.3645833333333333,True,350962608
7,6,3,0.5,0.15625,9.908704864775727e-36,41,SKQD,18,0.28125,1.1863110179850385e-31,23.333333333333332,0.3645833333333333,True,350962608
7,6,3,0.5,0.15625,9.908704864775727e-36,41,SKQD,20,0.3125,1.1813033559935757e-31,23.333333333333332,0.3645833333333333,True,350962608
7,6,3,0.5,0.15625,9.908704864775727e-36,41,SKQD,22,0.34375,1.232914408070469e-31,23.333333333333332,0.3645833333333333,True,350962608
7,6,3,0.5,0.15625,9.908704864775727e-36,41,SKQD,25,0.390625,1.162607002855928e-31,23.333333333333332,0.3645833333333333,True,350962608
7,6,3,0.5,0.15625,9.908704864775727e-36,41,SKQD,28,0.4375,7.326237358947697e-32,23.333333333333332,0.3645833333333333,True,350962608
7,6,3,0.5,0.15625,9.908704864775727e-36,41,SKQD,32,0.5,7.326237358947697e-32,23.333333333333332,0.3645833333333333,True,350962608
7,6,3,0.5,0.15625,9.908704864775727e-36,41,Ceiling,1,0.015625,0.49896388289991006,32.0,0.5,False,350962608
7,6,3,0.5,0.15625,9.908704864775727e-36,41,Ceiling,2,0.03125,0.7710421300591064,32.0,0.5,False,350962608
7,6,3,0.5,0.15625,9.908704864775727e-36,41,Ceiling,3,0.046875,0.8186257855540787,32.0,0.5,False,350962608
7,6,3,0.5,0.15625,9.908704864775727e-36,41,Ceiling,4,0.0625,0.8520265481968033,32.0,0.5,False,350962608
7,6,3,0.5,0.15625,9.908704864775727e-36,41,Ceiling,5,0.078125,0.8767618390928189,32.0,0.5,False,350962608
7,6,3,0.5,0.15625,9.908704864775727e-36,41,Ceiling,6,0.09375,0.8985618319453554,32.0,0.5,False,350962608
7,6,3,0.5,0.15625,9.908704864775727e-36,41,Ceiling,7,0.109375,0.9183688826562565,32.0,0.5,False,350962608
7,6,3,0.5,0.15625,9.908704864775727e-36,41,Ceiling,8,0.125,0.9344049434933503,32.0,0.5,False,350962608
7,6,3,0.5,0.15625,9.908704864775727e-36,41,Ceiling,9,0.140625,0.9467625566100666,32.0,0.5,False,350962608
7,6,3,0.5,0.15625,9.908704864775727e-36,41,Ceiling,10,0.15625,0.958103747459359,32.0,0.5,False,350962608
7,6,3,0.5,0.15625,9.908704864775727e-36,41,Ceiling,11,0.171875,0.9663738811972641,32.0,0.5,False,350962608
7,6,3,0.5,0.15625,9.908704864775727e-36,41,Ceiling,12,0.1875,0.973182904273627,32.0,0.5,False,350962608
7,6,3,0.5,0.15625,9.908704864775727e-36,41,Ceiling,14,0.21875,0.9841858885667326,32.0,0.5,False,350962608
7,6,3,0.5,0.15625,9.908704864775727e-36,41,Ceiling,16,0.25,0.9901725991825537,32.0,0.5,False,350962608
7,6,3,0.5,0.15625,9.908704864775727e-36,41,Ceiling,18,0.28125,0.9939873127702901,32.0,0.5,False,350962608
7,6,3,0.5,0.15625,9.908704864775727e-36,41,Ceiling,20,0.3125,0.9967600586444786,32.0,0.5,False,350962608
7,6,3,0.5,0.15625,9.908704864775727e-36,41,Ceiling,22,0.34375,0.9984479228070591,32.0,0.5,False,350962608
7,6,3,0.5,0.15625,9.908704864775727e-36,41,Ceiling,25,0.390625,0.9995260502116893,32.0,0.5,False,350962608
7,6,3,0.5,0.15625,9.908704864775727e-36,41,Ceiling,28,0.4375,0.99991125877898,32.0,0.5,False,350962608
7,6,3,0.5,0.15625,9.908704864775727e-36,41,Ceiling,32,0.5,0.9999999999999998,32.0,0.5,False,350962608
7,6,3,0.5,0.15625,3.7650991769180713e-35,44,BARK,1,0.015625,3.7650991769180713e-35,32.0,0.5,False,350962608
7,6,3,0.5,0.15625,3.7650991769180713e-35,44,BARK,2,0.03125,2.243620793943354e-36,32.0,0.5,False,350962608
7,6,3,0.5,0.15625,3.7650991769180713e-35,44,BARK,3,0.046875,1.05501746163192e-32,32.0,0.5,False,350962608
7,6,3,0.5,0.15625,3.7650991769180713e-35,44,BARK,4,0.0625,1.800228116175815e-32,32.0,0.5,False,350962608
7,6,3,0.5,0.15625,3.7650991769180713e-35,44,BARK,5,0.078125,2.0924942231693344e-32,32.0,0.5,False,350962608
7,6,3,0.5,0.15625,3.7650991769180713e-35,44,BARK,6,0.09375,2.1447994323001432e-32,32.0,0.5,False,350962608
7,6,3,0.5,0.15625,3.7650991769180713e-35,44,BARK,7,0.109375,2.873760587966002e-32,32.0,0.5,False,350962608
7,6,3,0.5,0.15625,3.7650991769180713e-35,44,BARK,8,0.125,3.531358413608618e-32,32.0,0.5,False,350962608
7,6,3,0.5,0.15625,3.7650991769180713e-35,44,BARK,9,0.140625,3.5268952224412864e-32,32.0,0.5,False,350962608
7,6,3,0.5,0.15625,3.7650991769180713e-35,44,BARK,10,0.15625,3.3920765245122275e-32,32.0,0.5,False,350962608
7,6,3,0.5,0.15625,3.7650991769180713e-35,44,BARK,11,0.171875,3.6764705971593946e-32,32.0,0.5,False,350962608
7,6,3,0.5,0.15625,3.7650991769180713e-35,44,BARK,12,0.1875,4.1827401087931217e-32,32.0,0.5,False,350962608
7,6,3,0.5,0.15625,3.7650991769180713e-35,44,BARK,14,0.21875,3.1540592055551575e-32,32.0,0.5,False,350962608
7,6,3,0.5,0.15625,3.7650991769180713e-35,44,BARK,16,0.25,3.6030542316143163e-32,32.0,0.5,False,350962608
7,6,3,0.5,0.15625,3.7650991769180713e-35,44,BARK,18,0.28125,3.6253215110224576e-32,32.0,0.5,False,350962608
7,6,3,0.5,0.15625,3.7650991769180713e-35,44,BARK,20,0.3125,3.544552924307475e-32,32.0,0.5,False,350962608
7,6,3,0.5,0.15625,3.7650991769180713e-35,44,BARK,22,0.34375,3.126231166411357e-32,32.0,0.5,False,350962608
7,6,3,0.5,0.15625,3.7650991769180713e-35,44,BARK,25,0.390625,3.3621533072938406e-32,32.0,0.5,False,350962608
7,6,3,0.5,0.15625,3.7650991769180713e-35,44,BARK,28,0.4375,6.700629657493261e-32,32.0,0.5,False,350962608
7,6,3,0.5,0.15625,3.7650991769180713e-35,44,BARK,32,0.5,1.1559207515338667e-31,32.0,0.5,False,350962608
7,6,3,0.5,0.15625,3.7650991769180713e-35,44,Simplified BARK,1,0.015625,3.7650991769180713e-35,32.0,0.5,False,350962608
7,6,3,0.5,0.15625,3.7650991769180713e-35,44,Simplified BARK,2,0.03125,2.243620793943354e-36,32.0,0.5,False,350962608
7,6,3,0.5,0.15625,3.7650991769180713e-35,44,Simplified BARK,3,0.046875,1.2203494580438536e-33,32.0,0.5,False,350962608
7,6,3,0.5,0.15625,3.7650991769180713e-35,44,Simplified BARK,4,0.0625,5.9702114485488425e-34,32.0,0.5,False,350962608
7,6,3,0.5,0.15625,3.7650991769180713e-35,44,Simplified BARK,5,0.078125,2.3181879859752433e-34,32.0,0.5,False,350962608
7,6,3,0.5,0.15625,3.7650991769180713e-35,44,Simplified BARK,6,0.09375,5.281112352389554e-35,32.0,0.5,False,350962608
7,6,3,0.5,0.15625,3.7650991769180713e-35,44,Simplified BARK,7,0.109375,1.090135252489126e-31,32.0,0.5,False,350962608
7,6,3,0.5,0.15625,3.7650991769180713e-35,44,Simplified BARK,8,0.125,1.5291050375746877e-31,32.0,0.5,False,350962608
7,6,3,0.5,0.15625,3.7650991769180713e-35,44,Simplified BARK,9,0.140625,1.6366594649922562e-31,32.0,0.5,False,350962608
7,6,3,0.5,0.15625,3.7650991769180713e-35,44,Simplified BARK,10,0.15625,1.6740604705132662e-31,32.0,0.5,False,350962608
7,6,3,0.5,0.15625,3.7650991769180713e-35,44,Simplified BARK,11,0.171875,1.6954226406580874e-31,32.0,0.5,False,350962608
7,6,3,0.5,0.15625,3.7650991769180713e-35,44,Simplified BARK,12,0.1875,1.6702192232952627e-31,32.0,0.5,False,350962608
7,6,3,0.5,0.15625,3.7650991769180713e-35,44,Simplified BARK,14,0.21875,2.0846883721214356e-31,32.0,0.5,False,350962608
7,6,3,0.5,0.15625,3.7650991769180713e-35,44,Simplified BARK,16,0.25,2.096098154762074e-31,32.0,0.5,False,350962608
7,6,3,0.5,0.15625,3.7650991769180713e-35,44,Simplified BARK,18,0.28125,2.2691775263319596e-31,32.0,0.5,False,350962608
7,6,3,0.5,0.15625,3.7650991769180713e-35,44,Simplified BARK,20,0.3125,1.9911031062462005e-31,32.0,0.5,False,350962608
7,6,3,0.5,0.15625,3.7650991769180713e-35,44,Simplified BARK,22,0.34375,1.5965524065867628e-31,32.0,0.5,False,350962608
7,6,3,0.5,0.15625,3.7650991769180713e-35,44,Simplified BARK,25,0.390625,1.170674665256333e-31,32.0,0.5,False,350962608
7,6,3,0.5,0.15625,3.7650991769180713e-35,44,Simplified BARK,28,0.4375,1.2637278115884204e-31,32.0,0.5,False,350962608
7,6,3,0.5,0.15625,3.7650991769180713e-35,44,Simplified BARK,32,0.5,1.1559207515338767e-31,32.0,0.5,False,350962608
7,6,3,0.5,0.15625,3.7650991769180713e-35,44,SKQD,1,0.015625,3.7650991769180713e-35,26.333333333333332,0.4114583333333333,True,350962608
7,6,3,0.5,0.15625,3.7650991769180713e-35,44,SKQD,2,0.03125,3.7650991769180713e-35,26.333333333333332,0.4114583333333333,True,350962608
7,6,3,0.5,0.15625,3.7650991769180713e-35,44,SKQD,3,0.046875,3.7650991769180713e-35,26.333333333333332,0.4114583333333333,True,350962608
7,6,3,0.5,0.15625,3.7650991769180713e-35,44,SKQD,4,0.0625,3.7650991769180713e-35,26.333333333333332,0.4114583333333333,True,350962608
7,6,3,0.5,0.15625,3.7650991769180713e-35,44,SKQD,5,0.078125,4.111319995142524e-34,26.333333333333332,0.4114583333333333,True,350962608
7,6,3,0.5,0.15625,3.7650991769180713e-35,44,SKQD,6,0.09375,4.111319995142524e-34,26.333333333333332,0.4114583333333333,True,350962608
7,6,3,0.5,0.15625,3.7650991769180713e-35,44,SKQD,7,0.109375,4.0058113661680355e-34,26.333333333333332,0.4114583333333333,True,350962608
7,6,3,0.5,0.15625,3.7650991769180713e-35,44,SKQD,8,0.125,4.042697354867205e-34,26.333333333333332,0.4114583333333333,True,350962608
7,6,3,0.5,0.15625,3.7650991769180713e-35,44,SKQD,9,0.140625,2.3312073256030094e-33,26.333333333333332,0.4114583333333333,True,350962608
7,6,3,0.5,0.15625,3.7650991769180713e-35,44,SKQD,10,0.15625,2.3312073256030094e-33,26.333333333333332,0.4114583333333333,True,350962608
7,6,3,0.5,0.15625,3.7650991769180713e-35,44,SKQD,11,0.171875,2.3312073256030094e-33,26.333333333333332,0.4114583333333333,True,350962608
7,6,3,0.5,0.15625,3.7650991769180713e-35,44,SKQD,12,0.1875,2.3312073256030094e-33,26.333333333333332,0.4114583333333333,True,350962608
7,6,3,0.5,0.15625,3.7650991769180713e-35,44,SKQD,14,0.21875,1.1375394208550642e-32,26.333333333333332,0.4114583333333333,True,350962608
7,6,3,0.5,0.15625,3.7650991769180713e-35,44,SKQD,16,0.25,1.1375394208550642e-32,26.333333333333332,0.4114583333333333,True,350962608
7,6,3,0.5,0.15625,3.7650991769180713e-35,44,SKQD,18,0.28125,1.0518815799498984e-31,26.333333333333332,0.4114583333333333,True,350962608
7,6,3,0.5,0.15625,3.7650991769180713e-35,44,SKQD,20,0.3125,1.3212068133856236e-31,26.333333333333332,0.4114583333333333,True,350962608
7,6,3,0.5,0.15625,3.7650991769180713e-35,44,SKQD,22,0.34375,1.3361302483216317e-31,26.333333333333332,0.4114583333333333,True,350962608
7,6,3,0.5,0.15625,3.7650991769180713e-35,44,SKQD,25,0.390625,1.4917372816268665e-31,26.333333333333332,0.4114583333333333,True,350962608
7,6,3,0.5,0.15625,3.7650991769180713e-35,44,SKQD,28,0.4375,1.5261484834954213e-31,26.333333333333332,0.4114583333333333,True,350962608
7,6,3,0.5,0.15625,3.7650991769180713e-35,44,SKQD,32,0.5,1.1357259344581887e-31,26.333333333333332,0.4114583333333333,True,350962608
7,6,3,0.5,0.15625,3.7650991769180713e-35,44,Ceiling,1,0.015625,0.49896388289991006,32.0,0.5,False,350962608
7,6,3,0.5,0.15625,3.7650991769180713e-35,44,Ceiling,2,0.03125,0.7710421300591064,32.0,0.5,False,350962608
7,6,3,0.5,0.15625,3.7650991769180713e-35,44,Ceiling,3,0.046875,0.8186257855540787,32.0,0.5,False,350962608
7,6,3,0.5,0.15625,3.7650991769180713e-35,44,Ceiling,4,0.0625,0.8520265481968033,32.0,0.5,False,350962608
7,6,3,0.5,0.15625,3.7650991769180713e-35,44,Ceiling,5,0.078125,0.8767618390928189,32.0,0.5,False,350962608
7,6,3,0.5,0.15625,3.7650991769180713e-35,44,Ceiling,6,0.09375,0.8985618319453554,32.0,0.5,False,350962608
7,6,3,0.5,0.15625,3.7650991769180713e-35,44,Ceiling,7,0.109375,0.9183688826562565,32.0,0.5,False,350962608
7,6,3,0.5,0.15625,3.7650991769180713e-35,44,Ceiling,8,0.125,0.9344049434933503,32.0,0.5,False,350962608
7,6,3,0.5,0.15625,3.7650991769180713e-35,44,Ceiling,9,0.140625,0.9467625566100666,32.0,0.5,False,350962608
7,6,3,0.5,0.15625,3.7650991769180713e-35,44,Ceiling,10,0.15625,0.958103747459359,32.0,0.5,False,350962608
7,6,3,0.5,0.15625,3.7650991769180713e-35,44,Ceiling,11,0.171875,0.9663738811972641,32.0,0.5,False,350962608
7,6,3,0.5,0.15625,3.7650991769180713e-35,44,Ceiling,12,0.1875,0.973182904273627,32.0,0.5,False,350962608
7,6,3,0.5,0.15625,3.7650991769180713e-35,44,Ceiling,14,0.21875,0.9841858885667326,32.0,0.5,False,350962608
7,6,3,0.5,0.15625,3.7650991769180713e-35,44,Ceiling,16,0.25,0.9901725991825537,32.0,0.5,False,350962608
7,6,3,0.5,0.15625,3.7650991769180713e-35,44,Ceiling,18,0.28125,0.9939873127702901,32.0,0.5,False,350962608
7,6,3,0.5,0.15625,3.7650991769180713e-35,44,Ceiling,20,0.3125,0.9967600586444786,32.0,0.5,False,350962608
7,6,3,0.5,0.15625,3.7650991769180713e-35,44,Ceiling,22,0.34375,0.9984479228070591,32.0,0.5,False,350962608
7,6,3,0.5,0.15625,3.7650991769180713e-35,44,Ceiling,25,0.390625,0.9995260502116893,32.0,0.5,False,350962608
7,6,3,0.5,0.15625,3.7650991769180713e-35,44,Ceiling,28,0.4375,0.99991125877898,32.0,0.5,False,350962608
7,6,3,0.5,0.15625,3.7650991769180713e-35,44,Ceiling,32,0.5,0.9999999999999998,32.0,0.5,False,350962608
7,6,3,0.5,0.15625,8.810892909987138e-35,52,BARK,1,0.015625,8.810892909987138e-35,32.0,0.5,False,350962608
7,6,3,0.5,0.15625,8.810892909987138e-35,52,BARK,2,0.03125,1.0701275644723014e-32,32.0,0.5,False,350962608
7,6,3,0.5,0.15625,8.810892909987138e-35,52,BARK,3,0.046875,1.8365574450744694e-32,32.0,0.5,False,350962608
7,6,3,0.5,0.15625,8.810892909987138e-35,52,BARK,4,0.0625,2.1273900699810774e-32,32.0,0.5,False,350962608
7,6,3,0.5,0.15625,8.810892909987138e-35,52,BARK,5,0.078125,2.069154806902199e-32,32.0,0.5,False,350962608
7,6,3,0.5,0.15625,8.810892909987138e-35,52,BARK,6,0.09375,2.0652279744435412e-32,32.0,0.5,False,350962608
7,6,3,0.5,0.15625,8.810892909987138e-35,52,BARK,7,0.109375,2.0803873300921516e-32,32.0,0.5,False,350962608
7,6,3,0.5,0.15625,8.810892909987138e-35,52,BARK,8,0.125,2.31929491330184e-32,32.0,0.5,False,350962608
7,6,3,0.5,0.15625,8.810892909987138e-35,52,BARK,9,0.140625,3.2734453982768963e-32,32.0,0.5,False,350962608
7,6,3,0.5,0.15625,8.810892909987138e-35,52,BARK,10,0.15625,3.5640133441714575e-32,32.0,0.5,False,350962608
7,6,3,0.5,0.15625,8.810892909987138e-35,52,BARK,11,0.171875,4.0806894752543185e-32,32.0,0.5,False,350962608
7,6,3,0.5,0.15625,8.810892909987138e-35,52,BARK,12,0.1875,3.2480946222820095e-32,32.0,0.5,False,350962608
7,6,3,0.5,0.15625,8.810892909987138e-35,52,BARK,14,0.21875,3.178295218367267e-32,32.0,0.5,False,350962608
7,6,3,0.5,0.15625,8.810892909987138e-35,52,BARK,16,0.25,3.7212753445112245e-32,32.0,0.5,False,350962608
7,6,3,0.5,0.15625,8.810892909987138e-35,52,BARK,18,0.28125,3.6253215110224565e-32,32.0,0.5,False,350962608
7,6,3,0.5,0.15625,8.810892909987138e-35,52,BARK,20,0.3125,3.31998453106081e-32,32.0,0.5,False,350962608
7,6,3,0.5,0.15625,8.810892909987138e-35,52,BARK,22,0.34375,3.156382045942836e-32,32.0,0.5,False,350962608
7,6,3,0.5,0.15625,8.810892909987138e-35,52,BARK,25,0.390625,3.7979578398004314e-32,32.0,0.5,False,350962608
7,6,3,0.5,0.15625,8.810892909987138e-35,52,BARK,28,0.4375,4.598924191799151e-32,32.0,0.5,False,350962608
7,6,3,0.5,0.15625,8.810892909987138e-35,52,BARK,32,0.5,1.15592075153387e-31,32.0,0.5,False,350962608
7,6,3,0.5,0.15625,8.810892909987138e-35,52,Simplified BARK,1,0.015625,8.810892909987138e-35,32.0,0.5,False,350962608
7,6,3,0.5,0.15625,8.810892909987138e-35,52,Simplified BARK,2,0.03125,2.8060514136398304e-34,32.0,0.5,False,350962608
7,6,3,0.5,0.15625,8.810892909987138e-35,52,Simplified BARK,3,0.046875,1.0790904289239084e-32,32.0,0.5,False,350962608
7,6,3,0.5,0.15625,8.810892909987138e-35,52,Simplified BARK,4,0.0625,1.8595909720708756e-32,32.0,0.5,False,350962608
7,6,3,0.5,0.15625,8.810892909987138e-35,52,Simplified BARK,5,0.078125,2.5218160872944963e-32,32.0,0.5,False,350962608
7,6,3,0.5,0.15625,8.810892909987138e-35,52,Simplified BARK,6,0.09375,3.110375333670117e-32,32.0,0.5,False,350962608
7,6,3,0.5,0.15625,8.810892909987138e-35,52,Simplified BARK,7,0.109375,3.164699073778947e-32,32.0,0.5,False,350962608
7,6,3,0.5,0.15625,8.810892909987138e-35,52,Simplified BARK,8,0.125,3.4964420832260103e-32,32.0,0.5,False,350962608
7,6,3,0.5,0.15625,8.810892909987138e-35,52,Simplified BARK,9,0.140625,3.5175493005232874e-32,32.0,0.5,False,350962608
7,6,3,0.5,0.15625,8.810892909987138e-35,52,Simplified BARK,10,0.15625,4.7228838214709437e-32,32.0,0.5,False,350962608
7,6,3,0.5,0.15625,8.810892909987138e-35,52,Simplified BARK,11,0.171875,7.029032609979375e-32,32.0,0.5,False,350962608
7,6,3,0.5,0.15625,8.810892909987138e-35,52,Simplified BARK,12,0.1875,7.656321389934901e-32,32.0,0.5,False,350962608
7,6,3,0.5,0.15625,8.810892909987138e-35,52,Simplified BARK,14,0.21875,8.30519625040931e-32,32.0,0.5,False,350962608
7,6,3,0.5,0.15625,8.810892909987138e-35,52,Simplified BARK,16,0.25,1.171413240673208e-31,32.0,0.5,False,350962608
7,6,3,0.5,0.15625,8.810892909987138e-35,52,Simplified BARK,18,0.28125,1.191959752513627e-31,32.0,0.5,False,350962608
7,6,3,0.5,0.15625,8.810892909987138e-35,52,Simplified BARK,20,0.3125,1.245746545402888e-31,32.0,0.5,False,350962608
7,6,3,0.5,0.15625,8.810892909987138e-35,52,Simplified BARK,22,0.34375,1.3288716235876833e-31,32.0,0.5,False,350962608
7,6,3,0.5,0.15625,8.810892909987138e-35,52,Simplified BARK,25,0.390625,1.314137066594486e-31,32.0,0.5,False,350962608
7,6,3,0.5,0.15625,8.810892909987138e-35,52,Simplified BARK,28,0.4375,1.9626542418973052e-31,32.0,0.5,False,350962608
7,6,3,0.5,0.15625,8.810892909987138e-35,52,Simplified BARK,32,0.5,1.1559207515338745e-31,32.0,0.5,False,350962608
7,6,3,0.5,0.15625,8.810892909987138e-35,52,SKQD,1,0.015625,8.810892909987138e-35,31.333333333333332,0.4895833333333333,True,350962608
7,6,3,0.5,0.15625,8.810892909987138e-35,52,SKQD,2,0.03125,8.810892909987138e-35,31.333333333333332,0.4895833333333333,True,350962608
7,6,3,0.5,0.15625,8.810892909987138e-35,52,SKQD,3,0.046875,8.810892909987138e-35,31.333333333333332,0.4895833333333333,True,350962608
7,6,3,0.5,0.15625,8.810892909987138e-35,52,SKQD,4,0.0625,8.810892909987138e-35,31.333333333333332,0.4895833333333333,True,350962608
7,6,3,0.5,0.15625,8.810892909987138e-35,52,SKQD,5,0.078125,8.810892909987138e-35,31.333333333333332,0.4895833333333333,True,350962608
7,6,3,0.5,0.15625,8.810892909987138e-35,52,SKQD,6,0.09375,8.810892909987138e-35,31.333333333333332,0.4895833333333333,True,350962608
7,6,3,0.5,0.15625,8.810892909987138e-35,52,SKQD,7,0.109375,8.810892909987138e-35,31.333333333333332,0.4895833333333333,True,350962608
7,6,3,0.5,0.15625,8.810892909987138e-35,52,SKQD,8,0.125,8.810892909987138e-35,31.333333333333332,0.4895833333333333,True,350962608
7,6,3,0.5,0.15625,8.810892909987138e-35,52,SKQD,9,0.140625,8.810892909987138e-35,31.333333333333332,0.4895833333333333,True,350962608
7,6,3,0.5,0.15625,8.810892909987138e-35,52,SKQD,10,0.15625,8.810892909987138e-35,31.333333333333332,0.4895833333333333,True,350962608
7,6,3,0.5,0.15625,8.810892909987138e-35,52,SKQD,11,0.171875,8.810892909987138e-35,31.333333333333332,0.4895833333333333,True,350962608
7,6,3,0.5,0.15625,8.810892909987138e-35,52,SKQD,12,0.1875,8.810892909987138e-35,31.333333333333332,0.4895833333333333,True,350962608
7,6,3,0.5,0.15625,8.810892909987138e-35,52,SKQD,14,0.21875,8.810892909987138e-35,31.333333333333332,0.4895833333333333,True,350962608
7,6,3,0.5,0.15625,8.810892909987138e-35,52,SKQD,16,0.25,2.3246342303190751e-32,31.333333333333332,0.4895833333333333,True,350962608
7,6,3,0.5,0.15625,8.810892909987138e-35,52,SKQD,18,0.28125,3.1767529022543834e-32,31.333333333333332,0.4895833333333333,True,350962608
7,6,3,0.5,0.15625,8.810892909987138e-35,52,SKQD,20,0.3125,3.1767529022543834e-32,31.333333333333332,0.4895833333333333,True,350962608
7,6,3,0.5,0.15625,8.810892909987138e-35,52,SKQD,22,0.34375,3.1767529022543834e-32,31.333333333333332,0.4895833333333333,True,350962608
7,6,3,0.5,0.15625,8.810892909987138e-35,52,SKQD,25,0.390625,4.4215322682044496e-32,31.333333333333332,0.4895833333333333,True,350962608
7,6,3,0.5,0.15625,8.810892909987138e-35,52,SKQD,28,0.4375,5.064441627695274e-32,31.333333333333332,0.4895833333333333,True,350962608
7,6,3,0.5,0.15625,8.810892909987138e-35,52,SKQD,32,0.5,9.578329800677019e-32,31.333333333333332,0.4895833333333333,True,350962608
7,6,3,0.5,0.15625,8.810892909987138e-35,52,Ceiling,1,0.015625,0.49896388289991006,32.0,0.5,False,350962608
7,6,3,0.5,0.15625,8.810892909987138e-35,52,Ceiling,2,0.03125,0.7710421300591064,32.0,0.5,False,350962608
7,6,3,0.5,0.15625,8.810892909987138e-35,52,Ceiling,3,0.046875,0.8186257855540787,32.0,0.5,False,350962608
7,6,3,0.5,0.15625,8.810892909987138e-35,52,Ceiling,4,0.0625,0.8520265481968033,32.0,0.5,False,350962608
7,6,3,0.5,0.15625,8.810892909987138e-35,52,Ceiling,5,0.078125,0.8767618390928189,32.0,0.5,False,350962608
7,6,3,0.5,0.15625,8.810892909987138e-35,52,Ceiling,6,0.09375,0.8985618319453554,32.0,0.5,False,350962608
7,6,3,0.5,0.15625,8.810892909987138e-35,52,Ceiling,7,0.109375,0.9183688826562565,32.0,0.5,False,350962608
7,6,3,0.5,0.15625,8.810892909987138e-35,52,Ceiling,8,0.125,0.9344049434933503,32.0,0.5,False,350962608
7,6,3,0.5,0.15625,8.810892909987138e-35,52,Ceiling,9,0.140625,0.9467625566100666,32.0,0.5,False,350962608
7,6,3,0.5,0.15625,8.810892909987138e-35,52,Ceiling,10,0.15625,0.958103747459359,32.0,0.5,False,350962608
7,6,3,0.5,0.15625,8.810892909987138e-35,52,Ceiling,11,0.171875,0.9663738811972641,32.0,0.5,False,350962608
7,6,3,0.5,0.15625,8.810892909987138e-35,52,Ceiling,12,0.1875,0.973182904273627,32.0,0.5,False,350962608
7,6,3,0.5,0.15625,8.810892909987138e-35,52,Ceiling,14,0.21875,0.9841858885667326,32.0,0.5,False,350962608
7,6,3,0.5,0.15625,8.810892909987138e-35,52,Ceiling,16,0.25,0.9901725991825537,32.0,0.5,False,350962608
7,6,3,0.5,0.15625,8.810892909987138e-35,52,Ceiling,18,0.28125,0.9939873127702901,32.0,0.5,False,350962608
7,6,3,0.5,0.15625,8.810892909987138e-35,52,Ceiling,20,0.3125,0.9967600586444786,32.0,0.5,False,350962608
7,6,3,0.5,0.15625,8.810892909987138e-35,52,Ceiling,22,0.34375,0.9984479228070591,32.0,0.5,False,350962608
7,6,3,0.5,0.15625,8.810892909987138e-35,52,Ceiling,25,0.390625,0.9995260502116893,32.0,0.5,False,350962608
7,6,3,0.5,0.15625,8.810892909987138e-35,52,Ceiling,28,0.4375,0.99991125877898,32.0,0.5,False,350962608
7,6,3,0.5,0.15625,8.810892909987138e-35,52,Ceiling,32,0.5,0.9999999999999998,32.0,0.5,False,350962608
7,8,1,0.05859375,0.01953125,0.04107949956275752,37,BARK,1,0.00390625,0.04107949956275752,16.0,0.0625,True,788919567
7,8,1,0.05859375,0.01953125,0.04107949956275752,37,BARK,2,0.0078125,0.9272384199998481,16.0,0.0625,True,788919567
7,8,1,0.05859375,0.01953125,0.04107949956275752,37,BARK,3,0.01171875,0.9809804657333049,16.0,0.0625,True,788919567
7,8,1,0.05859375,0.01953125,0.04107949956275752,37,BARK,4,0.015625,0.983720521451283,16.0,0.0625,True,788919567
7,8,1,0.05859375,0.01953125,0.04107949956275752,37,BARK,5,0.01953125,0.9837294686400231,16.0,0.0625,True,788919567
7,8,1,0.05859375,0.01953125,0.04107949956275752,37,BARK,6,0.0234375,0.9840134566979167,16.0,0.0625,True,788919567
7,8,1,0.05859375,0.01953125,0.04107949956275752,37,BARK,7,0.02734375,0.9938218497402371,16.0,0.0625,True,788919567
7,8,1,0.05859375,0.01953125,0.04107949956275752,37,BARK,9,0.03515625,0.9943343056294793,16.0,0.0625,True,788919567
7,8,1,0.05859375,0.01953125,0.04107949956275752,37,BARK,10,0.0390625,0.9944757788239189,16.0,0.0625,True,788919567
7,8,1,0.05859375,0.01953125,0.04107949956275752,37,BARK,12,0.046875,0.9999244878248318,16.0,0.0625,True,788919567
7,8,1,0.05859375,0.01953125,0.04107949956275752,37,BARK,15,0.05859375,0.9999431866989485,16.0,0.0625,True,788919567
7,8,1,0.05859375,0.01953125,0.04107949956275752,37,BARK,17,0.06640625,1.0000000000000004,16.0,0.0625,True,788919567
7,8,1,0.05859375,0.01953125,0.04107949956275752,37,BARK,20,0.078125,1.0000000000000004,16.0,0.0625,True,788919567
7,8,1,0.05859375,0.01953125,0.04107949956275752,37,BARK,24,0.09375,1.0000000000000004,16.0,0.0625,True,788919567
7,8,1,0.05859375,0.01953125,0.04107949956275752,37,BARK,28,0.109375,1.0000000000000004,16.0,0.0625,True,788919567
7,8,1,0.05859375,0.01953125,0.04107949956275752,37,BARK,34,0.1328125,1.0000000000000004,16.0,0.0625,True,788919567
7,8,1,0.05859375,0.01953125,0.04107949956275752,37,BARK,40,0.15625,1.0000000000000004,16.0,0.0625,True,788919567
7,8,1,0.05859375,0.01953125,0.04107949956275752,37,BARK,47,0.18359375,1.0000000000000004,16.0,0.0625,True,788919567
7,8,1,0.05859375,0.01953125,0.04107949956275752,37,BARK,55,0.21484375,1.0000000000000004,16.0,0.0625,True,788919567
7,8,1,0.05859375,0.01953125,0.04107949956275752,37,BARK,66,0.2578125,1.0000000000000004,16.0,0.0625,True,788919567
7,8,1,0.05859375,0.01953125,0.04107949956275752,37,BARK,77,0.30078125,1.0000000000000004,16.0,0.0625,True,788919567
7,8,1,0.05859375,0.01953125,0.04107949956275752,37,BARK,92,0.359375,1.0000000000000004,16.0,0.0625,True,788919567
7,8,1,0.05859375,0.01953125,0.04107949956275752,37,BARK,108,0.421875,1.0000000000000004,16.0,0.0625,True,788919567
7,8,1,0.05859375,0.01953125,0.04107949956275752,37,BARK,128,0.5,1.0000000000000004,16.0,0.0625,True,788919567
7,8,1,0.05859375,0.01953125,0.04107949956275752,37,Simplified BARK,1,0.00390625,0.04107949956275752,16.0,0.0625,True,788919567
7,8,1,0.05859375,0.01953125,0.04107949956275752,37,Simplified BARK,2,0.0078125,0.043581829504907896,16.0,0.0625,True,788919567
7,8,1,0.05859375,0.01953125,0.04107949956275752,37,Simplified BARK,3,0.01171875,0.9292933508922836,16.0,0.0625,True,788919567
7,8,1,0.05859375,0.01953125,0.04107949956275752,37,Simplified BARK,4,0.015625,0.9837205214512825,16.0,0.0625,True,788919567
7,8,1,0.05859375,0.01953125,0.04107949956275752,37,Simplified BARK,5,0.01953125,0.9839635816524201,16.0,0.0625,True,788919567
7,8,1,0.05859375,0.01953125,0.04107949956275752,37,Simplified BARK,6,0.0234375,0.983989561614824,16.0,0.0625,True,788919567
7,8,1,0.05859375,0.01953125,0.04107949956275752,37,Simplified BARK,7,0.02734375,0.993574906880956,16.0,0.0625,True,788919567
7,8,1,0.05859375,0.01953125,0.04107949956275752,37,Simplified BARK,9,0.03515625,0.9944738954238952,16.0,0.0625,True,788919567
7,8,1,0.05859375,0.01953125,0.04107949956275752,37,Simplified BARK,10,0.0390625,0.9944882527535078,16.0,0.0625,True,788919567
7,8,1,0.05859375,0.01953125,0.04107949956275752,37,Simplified BARK,12,0.046875,0.9999386251274928,16.0,0.0625,True,788919567
7,8,1,0.05859375,0.01953125,0.04107949956275752,37,Simplified BARK,15,0.05859375,0.9999964056531416,16.0,0.0625,True,788919567
7,8,1,0.05859375,0.01953125,0.04107949956275752,37,Simplified BARK,17,0.06640625,1.0,16.0,0.0625,True,788919567
7,8,1,0.05859375,0.01953125,0.04107949956275752,37,Simplified BARK,20,0.078125,1.0,16.0,0.0625,True,788919567
7,8,1,0.05859375,0.01953125,0.04107949956275752,37,Simplified BARK,24,0.09375,1.0,16.0,0.0625,True,788919567
7,8,1,0.05859375,0.01953125,0.04107949956275752,37,Simplified BARK,28,0.109375,1.0,16.0,0.0625,True,788919567
7,8,1,0.05859375,0.01953125,0.04107949956275752,37,Simplified BARK,34,0.1328125,1.0,16.0,0.0625,True,788919567
7,8,1,0.05859375,0.01953125,0.04107949956275752,37,Simplified BARK,40,0.15625,1.0,16.0,0.0625,True,788919567
7,8,1,0.05859375,0.01953125,0.04107949956275752,37,Simplified BARK,47,0.18359375,1.0,16.0,0.0625,True,788919567
7,8,1,0.05859375,0.01953125,0.04107949956275752,37,Simplified BARK,55,0.21484375,1.0,16.0,0.0625,True,788919567
7,8,1,0.05859375,0.01953125,0.04107949956275752,37,Simplified BARK,66,0.2578125,1.0,16.0,0.0625,True,788919567
7,8,1,0.05859375,0.01953125,0.04107949956275752,37,Simplified BARK,77,0.30078125,1.0,16.0,0.0625,True,788919567
7,8,1,0.05859375,0.01953125,0.04107949956275752,37,Simplified BARK,92,0.359375,1.0,16.0,0.0625,True,788919567
7,8,1,0.05859375,0.01953125,0.04107949956275752,37,Simplified BARK,108,0.421875,1.0,16.0,0.0625,True,788919567
7,8,1,0.05859375,0.01953125,0.04107949956275752,37,Simplified BARK,128,0.5,1.0,16.0,0.0625,True,788919567
7,8,1,0.05859375,0.01953125,0.04107949956275752,37,SKQD,1,0.00390625,0.04107949956275752,8.333333333333334,0.032552083333333336,True,788919567
7,8,1,0.05859375,0.01953125,0.04107949956275752,37,SKQD,2,0.0078125,0.04107949956275752,8.333333333333334,0.032552083333333336,True,788919567
7,8,1,0.05859375,0.01953125,0.04107949956275752,37,SKQD,3,0.01171875,0.04107949956275752,8.333333333333334,0.032552083333333336,True,788919567
7,8,1,0.05859375,0.01953125,0.04107949956275752,37,SKQD,4,0.015625,0.04107949956275752,8.333333333333334,0.032552083333333336,True,788919567
7,8,1,0.05859375,0.01953125,0.04107949956275752,37,SKQD,5,0.01953125,0.9690466531310816,8.333333333333334,0.032552083333333336,True,788919567
7,8,1,0.05859375,0.01953125,0.04107949956275752,37,SKQD,6,0.0234375,0.9690957228248994,8.333333333333334,0.032552083333333336,True,788919567
7,8,1,0.05859375,0.01953125,0.04107949956275752,37,SKQD,7,0.02734375,0.9871764631019047,8.333333333333334,0.032552083333333336,True,788919567
7,8,1,0.05859375,0.01953125,0.04107949956275752,37,SKQD,9,0.03515625,0.9873731421991856,8.333333333333334,0.032552083333333336,True,788919567
7,8,1,0.05859375,0.01953125,0.04107949956275752,37,SKQD,10,0.0390625,0.9891333041210738,8.333333333333334,0.032552083333333336,True,788919567
7,8,1,0.05859375,0.01953125,0.04107949956275752,37,SKQD,12,0.046875,0.9891333041210738,8.333333333333334,0.032552083333333336,True,788919567
7,8,1,0.05859375,0.01953125,0.04107949956275752,37,SKQD,15,0.05859375,0.9891333041210738,8.333333333333334,0.032552083333333336,True,788919567
7,8,1,0.05859375,0.01953125,0.04107949956275752,37,SKQD,17,0.06640625,0.9891333041210738,8.333333333333334,0.032552083333333336,True,788919567
7,8,1,0.05859375,0.01953125,0.04107949956275752,37,SKQD,20,0.078125,0.9891333041210738,8.333333333333334,0.032552083333333336,True,788919567
7,8,1,0.05859375,0.01953125,0.04107949956275752,37,SKQD,24,0.09375,0.9891333041210738,8.333333333333334,0.032552083333333336,True,788919567
7,8,1,0.05859375,0.01953125,0.04107949956275752,37,SKQD,28,0.109375,0.9891333041210738,8.333333333333334,0.032552083333333336,True,788919567
7,8,1,0.05859375,0.01953125,0.04107949956275752,37,SKQD,34,0.1328125,0.9891333041210738,8.333333333333334,0.032552083333333336,True,788919567
7,8,1,0.05859375,0.01953125,0.04107949956275752,37,SKQD,40,0.15625,0.9891333041210738,8.333333333333334,0.032552083333333336,True,788919567
7,8,1,0.05859375,0.01953125,0.04107949956275752,37,SKQD,47,0.18359375,0.9891333041210738,8.333333333333334,0.032552083333333336,True,788919567
7,8,1,0.05859375,0.01953125,0.04107949956275752,37,SKQD,55,0.21484375,0.9891333041210738,8.333333333333334,0.032552083333333336,True,788919567
7,8,1,0.05859375,0.01953125,0.04107949956275752,37,SKQD,66,0.2578125,0.9891333041210738,8.333333333333334,0.032552083333333336,True,788919567
7,8,1,0.05859375,0.01953125,0.04107949956275752,37,SKQD,77,0.30078125,0.9891333041210738,8.333333333333334,0.032552083333333336,True,788919567
7,8,1,0.05859375,0.01953125,0.04107949956275752,37,SKQD,92,0.359375,0.9891333041210738,8.333333333333334,0.032552083333333336,True,788919567
7,8,1,0.05859375,0.01953125,0.04107949956275752,37,SKQD,108,0.421875,0.9891333041210738,8.333333333333334,0.032552083333333336,True,788919567
7,8,1,0.05859375,0.01953125,0.04107949956275752,37,SKQD,128,0.5,0.9891333041210738,8.333333333333334,0.032552083333333336,True,788919567
7,8,1,0.05859375,0.01953125,0.04107949956275752,37,Ceiling,1,0.00390625,0.8861589204370905,128.0,0.5,False,788919567
7,8,1,0.05859375,0.01953125,0.04107949956275752,37,Ceiling,2,0.0078125,0.9401386919463748,128.0,0.5,False,788919567
7,8,1,0.05859375,0.01953125,0.04107949956275752,37,Ceiling,3,0.01171875,0.9812181915091323,128.0,0.5,False,788919567
7,8,1,0.05859375,0.01953125,0.04107949956275752,37,Ceiling,4,0.015625,0.9907782357739547,128.0,0.5,False,788919567
7,8,1,0.05859375,0.01953125,0.04107949956275752,37,Ceiling,5,0.01953125,0.9958286494807933,128.0,0.5,False,788919567
7,8,1,0.05859375,0.01953125,0.04107949956275752,37,Ceiling,6,0.0234375,0.9983309794229437,128.0,0.5,False,788919567
7,8,1,0.05859375,0.01953125,0.04107949956275752,37,Ceiling,7,0.02734375,0.9989133230558208,128.0,0.5,False,788919567
7,8,1,0.05859375,0.01953125,0.04107949956275752,37,Ceiling,9,0.03515625,0.9996641387354633,128.0,0.5,False,788919567
7,8,1,0.05859375,0.01953125,0.04107949956275752,37,Ceiling,10,0.0390625,0.9998982597975856,128.0,0.5,False,788919567
7,8,1,0.05859375,0.01953125,0.04107949956275752,37,Ceiling,12,0.046875,0.9999797401753598,128.0,0.5,False,788919567
7,8,1,0.05859375,0.01953125,0.04107949956275752,37,Ceiling,15,0.05859375,0.9999998461462086,128.0,0.5,False,788919567
7,8,1,0.05859375,0.01953125,0.04107949956275752,37,Ceiling,17,0.06640625,1.0000000000000002,128.0,0.5,False,788919567
7,8,1,0.05859375,0.01953125,0.04107949956275752,37,Ceiling,20,0.078125,1.0000000000000002,128.0,0.5,False,788919567
7,8,1,0.05859375,0.01953125,0.04107949956275752,37,Ceiling,24,0.09375,1.0000000000000002,128.0,0.5,False,788919567
7,8,1,0.05859375,0.01953125,0.04107949956275752,37,Ceiling,28,0.109375,1.0000000000000002,128.0,0.5,False,788919567
7,8,1,0.05859375,0.01953125,0.04107949956275752,37,Ceiling,34,0.1328125,1.0000000000000002,128.0,0.5,False,788919567
7,8,1,0.05859375,0.01953125,0.04107949956275752,37,Ceiling,40,0.15625,1.0000000000000002,128.0,0.5,False,788919567
7,8,1,0.05859375,0.01953125,0.04107949956275752,37,Ceiling,47,0.18359375,1.0000000000000002,128.0,0.5,False,788919567
7,8,1,0.05859375,0.01953125,0.04107949956275752,37,Ceiling,55,0.21484375,1.0000000000000002,128.0,0.5,False,788919567
7,8,1,0.05859375,0.01953125,0.04107949956275752,37,Ceiling,66,0.2578125,1.0000000000000002,128.0,0.5,False,788919567
7,8,1,0.05859375,0.01953125,0.04107949956275752,37,Ceiling,77,0.30078125,1.0000000000000002,128.0,0.5,False,788919567
7,8,1,0.05859375,0.01953125,0.04107949956275752,37,Ceiling,92,0.359375,1.0000000000000002,128.0,0.5,False,788919567
7,8,1,0.05859375,0.01953125,0.04107949956275752,37,Ceiling,108,0.421875,1.0000000000000002,128.0,0.5,False,788919567
7,8,1,0.05859375,0.01953125,0.04107949956275752,37,Ceiling,128,0.5,1.0000000000000002,128.0,0.5,False,788919567
7,8,1,0.05859375,0.01953125,0.053979771509284284,185,BARK,1,0.00390625,0.053979771509284284,16.0,0.0625,True,788919567
7,8,1,0.05859375,0.01953125,0.053979771509284284,185,BARK,2,0.0078125,0.9401386919463749,16.0,0.0625,True,788919567
7,8,1,0.05859375,0.01953125,0.053979771509284284,185,BARK,3,0.01171875,0.9809804657333049,16.0,0.0625,True,788919567
7,8,1,0.05859375,0.01953125,0.053979771509284284,185,BARK,4,0.015625,0.9837205214512825,16.0,0.0625,True,788919567
7,8,1,0.05859375,0.01953125,0.053979771509284284,185,BARK,5,0.01953125,0.9837294686400229,16.0,0.0625,True,788919567
7,8,1,0.05859375,0.01953125,0.053979771509284284,185,BARK,6,0.0234375,0.9840134566979163,16.0,0.0625,True,788919567
7,8,1,0.05859375,0.01953125,0.053979771509284284,185,BARK,7,0.02734375,0.9938218497402371,16.0,0.0625,True,788919567
7,8,1,0.05859375,0.01953125,0.053979771509284284,185,BARK,9,0.03515625,0.9943343056294787,16.0,0.0625,True,788919567
7,8,1,0.05859375,0.01953125,0.053979771509284284,185,BARK,10,0.0390625,0.9944757788239189,16.0,0.0625,True,788919567
7,8,1,0.05859375,0.01953125,0.053979771509284284,185,BARK,12,0.046875,0.9999244878248322,16.0,0.0625,True,788919567
7,8,1,0.05859375,0.01953125,0.053979771509284284,185,BARK,15,0.05859375,0.9999431866989488,16.0,0.0625,True,788919567
7,8,1,0.05859375,0.01953125,0.053979771509284284,185,BARK,17,0.06640625,1.0000000000000004,16.0,0.0625,True,788919567
7,8,1,0.05859375,0.01953125,0.053979771509284284,185,BARK,20,0.078125,1.0000000000000004,16.0,0.0625,True,788919567
7,8,1,0.05859375,0.01953125,0.053979771509284284,185,BARK,24,0.09375,1.0000000000000004,16.0,0.0625,True,788919567
7,8,1,0.05859375,0.01953125,0.053979771509284284,185,BARK,28,0.109375,1.0000000000000004,16.0,0.0625,True,788919567
7,8,1,0.05859375,0.01953125,0.053979771509284284,185,BARK,34,0.1328125,1.0000000000000004,16.0,0.0625,True,788919567
7,8,1,0.05859375,0.01953125,0.053979771509284284,185,BARK,40,0.15625,1.0000000000000004,16.0,0.0625,True,788919567
7,8,1,0.05859375,0.01953125,0.053979771509284284,185,BARK,47,0.18359375,1.0000000000000004,16.0,0.0625,True,788919567
7,8,1,0.05859375,0.01953125,0.053979771509284284,185,BARK,55,0.21484375,1.0000000000000004,16.0,0.0625,True,788919567
7,8,1,0.05859375,0.01953125,0.053979771509284284,185,BARK,66,0.2578125,1.0000000000000004,16.0,0.0625,True,788919567
7,8,1,0.05859375,0.01953125,0.053979771509284284,185,BARK,77,0.30078125,1.0000000000000004,16.0,0.0625,True,788919567
7,8,1,0.05859375,0.01953125,0.053979771509284284,185,BARK,92,0.359375,1.0000000000000004,16.0,0.0625,True,788919567
7,8,1,0.05859375,0.01953125,0.053979771509284284,185,BARK,108,0.421875,1.0000000000000004,16.0,0.0625,True,788919567
7,8,1,0.05859375,0.01953125,0.053979771509284284,185,BARK,128,0.5,1.0000000000000004,16.0,0.0625,True,788919567
7,8,1,0.05859375,0.01953125,0.053979771509284284,185,Simplified BARK,1,0.00390625,0.053979771509284284,16.0,0.0625,True,788919567
7,8,1,0.05859375,0.01953125,0.053979771509284284,185,Simplified BARK,2,0.0078125,0.9401386919463749,16.0,0.0625,True,788919567
7,8,1,0.05859375,0.01953125,0.053979771509284284,185,Simplified BARK,3,0.01171875,0.9809804657333049,16.0,0.0625,True,788919567
7,8,1,0.05859375,0.01953125,0.053979771509284284,185,Simplified BARK,4,0.015625,0.9837205214512825,16.0,0.0625,True,788919567
7,8,1,0.05859375,0.01953125,0.053979771509284284,185,Simplified BARK,5,0.01953125,0.9839635816524199,16.0,0.0625,True,788919567
7,8,1,0.05859375,0.01953125,0.053979771509284284,185,Simplified BARK,6,0.0234375,0.9839895616148229,16.0,0.0625,True,788919567
7,8,1,0.05859375,0.01953125,0.053979771509284284,185,Simplified BARK,7,0.02734375,0.9935749068809557,16.0,0.0625,True,788919567
7,8,1,0.05859375,0.01953125,0.053979771509284284,185,Simplified BARK,9,0.03515625,0.9944738954238954,16.0,0.0625,True,788919567
7,8,1,0.05859375,0.01953125,0.053979771509284284,185,Simplified BARK,10,0.0390625,0.9944882527535072,16.0,0.0625,True,788919567
7,8,1,0.05859375,0.01953125,0.053979771509284284,185,Simplified BARK,12,0.046875,0.999938625127493,16.0,0.0625,True,788919567
7,8,1,0.05859375,0.01953125,0.053979771509284284,185,Simplified BARK,15,0.05859375,0.9999964056531419,16.0,0.0625,True,788919567
7,8,1,0.05859375,0.01953125,0.053979771509284284,185,Simplified BARK,17,0.06640625,1.0000000000000004,16.0,0.0625,True,788919567
7,8,1,0.05859375,0.01953125,0.053979771509284284,185,Simplified BARK,20,0.078125,1.0000000000000004,16.0,0.0625,True,788919567
7,8,1,0.05859375,0.01953125,0.053979771509284284,185,Simplified BARK,24,0.09375,1.0000000000000004,16.0,0.0625,True,788919567
7,8,1,0.05859375,0.01953125,0.053979771509284284,185,Simplified BARK,28,0.109375,1.0000000000000004,16.0,0.0625,True,788919567
7,8,1,0.05859375,0.01953125,0.053979771509284284,185,Simplified BARK,34,0.1328125,1.0000000000000004,16.0,0.0625,True,788919567
7,8,1,0.05859375,0.01953125,0.053979771509284284,185,Simplified BARK,40,0.15625,1.0000000000000004,16.0,0.0625,True,788919567
7,8,1,0.05859375,0.01953125,0.053979771509284284,185,Simplified BARK,47,0.18359375,1.0000000000000004,16.0,0.0625,True,788919567
7,8,1,0.05859375,0.01953125,0.053979771509284284,185,Simplified BARK,55,0.21484375,1.0000000000000004,16.0,0.0625,True,788919567
7,8,1,0.05859375,0.01953125,0.053979771509284284,185,Simplified BARK,66,0.2578125,1.0000000000000004,16.0,0.0625,True,788919567
7,8,1,0.05859375,0.01953125,0.053979771509284284,185,Simplified BARK,77,0.30078125,1.0000000000000004,16.0,0.0625,True,788919567
7,8,1,0.05859375,0.01953125,0.053979771509284284,185,Simplified BARK,92,0.359375,1.0000000000000004,16.0,0.0625,True,788919567
7,8,1,0.05859375,0.01953125,0.053979771509284284,185,Simplified BARK,108,0.421875,1.0000000000000004,16.0,0.0625,True,788919567
7,8,1,0.05859375,0.01953125,0.053979771509284284,185,Simplified BARK,128,0.5,1.0000000000000004,16.0,0.0625,True,788919567
7,8,1,0.05859375,0.01953125,0.053979771509284284,185,SKQD,1,0.00390625,0.053979771509284284,8.333333333333334,0.032552083333333336,True,788919567
7,8,1,0.05859375,0.01953125,0.053979771509284284,185,SKQD,2,0.0078125,0.053979771509284284,8.333333333333334,0.032552083333333336,True,788919567
7,8,1,0.05859375,0.01953125,0.053979771509284284,185,SKQD,3,0.01171875,0.053979771509284284,8.333333333333334,0.032552083333333336,True,788919567
7,8,1,0.05859375,0.01953125,0.053979771509284284,185,SKQD,4,0.015625,0.053979771509284284,8.333333333333334,0.032552083333333336,True,788919567
7,8,1,0.05859375,0.01953125,0.053979771509284284,185,SKQD,5,0.01953125,0.053979771509284284,8.333333333333334,0.032552083333333336,True,788919567
7,8,1,0.05859375,0.01953125,0.053979771509284284,185,SKQD,6,0.0234375,0.36403871076583966,8.333333333333334,0.032552083333333336,True,788919567
7,8,1,0.05859375,0.01953125,0.053979771509284284,185,SKQD,7,0.02734375,0.6756854490145313,8.333333333333334,0.032552083333333336,True,788919567
7,8,1,0.05859375,0.01953125,0.053979771509284284,185,SKQD,9,0.03515625,0.9819372822255423,8.333333333333334,0.032552083333333336,True,788919567
7,8,1,0.05859375,0.01953125,0.053979771509284284,185,SKQD,10,0.0390625,0.9819372822255423,8.333333333333334,0.032552083333333336,True,788919567
7,8,1,0.05859375,0.01953125,0.053979771509284284,185,SKQD,12,0.046875,0.9819372822255423,8.333333333333334,0.032552083333333336,True,788919567
7,8,1,0.05859375,0.01953125,0.053979771509284284,185,SKQD,15,0.05859375,0.9819372822255423,8.333333333333334,0.032552083333333336,True,788919567
7,8,1,0.05859375,0.01953125,0.053979771509284284,185,SKQD,17,0.06640625,0.9819372822255423,8.333333333333334,0.032552083333333336,True,788919567
7,8,1,0.05859375,0.01953125,0.053979771509284284,185,SKQD,20,0.078125,0.9819372822255423,8.333333333333334,0.032552083333333336,True,788919567
7,8,1,0.05859375,0.01953125,0.053979771509284284,185,SKQD,24,0.09375,0.9819372822255423,8.333333333333334,0.032552083333333336,True,788919567
7,8,1,0.05859375,0.01953125,0.053979771509284284,185,SKQD,28,0.109375,0.9819372822255423,8.333333333333334,0.032552083333333336,True,788919567
7,8,1,0.05859375,0.01953125,0.053979771509284284,185,SKQD,34,0.1328125,0.9819372822255423,8.333333333333334,0.032552083333333336,True,788919567
7,8,1,0.05859375,0.01953125,0.053979771509284284,185,SKQD,40,0.15625,0.9819372822255423,8.333333333333334,0.032552083333333336,True,788919567
7,8,1,0.05859375,0.01953125,0.053979771509284284,185,SKQD,47,0.18359375,0.9819372822255423,8.333333333333334,0.032552083333333336,True,788919567
7,8,1,0.05859375,0.01953125,0.053979771509284284,185,SKQD,55,0.21484375,0.9819372822255423,8.333333333333334,0.032552083333333336,True,788919567
7,8,1,0.05859375,0.01953125,0.053979771509284284,185,SKQD,66,0.2578125,0.9819372822255423,8.333333333333334,0.032552083333333336,True,788919567
7,8,1,0.05859375,0.01953125,0.053979771509284284,185,SKQD,77,0.30078125,0.9819372822255423,8.333333333333334,0.032552083333333336,True,788919567
7,8,1,0.05859375,0.01953125,0.053979771509284284,185,SKQD,92,0.359375,0.9819372822255423,8.333333333333334,0.032552083333333336,True,788919567
7,8,1,0.05859375,0.01953125,0.053979771509284284,185,SKQD,108,0.421875,0.9819372822255423,8.333333333333334,0.032552083333333336,True,788919567
7,8,1,0.05859375,0.01953125,0.053979771509284284,185,SKQD,128,0.5,0.9819372822255423,8.333333333333334,0.032552083333333336,True,788919567
7,8,1,0.05859375,0.01953125,0.053979771509284284,185,Ceiling,1,0.00390625,0.8861589204370905,128.0,0.5,False,788919567
7,8,1,0.05859375,0.01953125,0.053979771509284284,185,Ceiling,2,0.0078125,0.9401386919463748,128.0,0.5,False,788919567
7,8,1,0.05859375,0.01953125,0.053979771509284284,185,Ceiling,3,0.01171875,0.9812181915091323,128.0,0.5,False,788919567
7,8,1,0.05859375,0.01953125,0.053979771509284284,185,Ceiling,4,0.015625,0.9907782357739547,128.0,0.5,False,788919567
7,8,1,0.05859375,0.01953125,0.053979771509284284,185,Ceiling,5,0.01953125,0.9958286494807933,128.0,0.5,False,788919567
7,8,1,0.05859375,0.01953125,0.053979771509284284,185,Ceiling,6,0.0234375,0.9983309794229437,128.0,0.5,False,788919567
7,8,1,0.05859375,0.01953125,0.053979771509284284,185,Ceiling,7,0.02734375,0.9989133230558208,128.0,0.5,False,788919567
7,8,1,0.05859375,0.01953125,0.053979771509284284,185,Ceiling,9,0.03515625,0.9996641387354633,128.0,0.5,False,788919567
7,8,1,0.05859375,0.01953125,0.053979771509284284,185,Ceiling,10,0.0390625,0.9998982597975856,128.0,0.5,False,788919567
7,8,1,0.05859375,0.01953125,0.053979771509284284,185,Ceiling,12,0.046875,0.9999797401753598,128.0,0.5,False,788919567
7,8,1,0.05859375,0.01953125,0.053979771509284284,185,Ceiling,15,0.05859375,0.9999998461462086,128.0,0.5,False,788919567
7,8,1,0.05859375,0.01953125,0.053979771509284284,185,Ceiling,17,0.06640625,1.0000000000000002,128.0,0.5,False,788919567
7,8,1,0.05859375,0.01953125,0.053979771509284284,185,Ceiling,20,0.078125,1.0000000000000002,128.0,0.5,False,788919567
7,8,1,0.05859375,0.01953125,0.053979771509284284,185,Ceiling,24,0.09375,1.0000000000000002,128.0,0.5,False,788919567
7,8,1,0.05859375,0.01953125,0.053979771509284284,185,Ceiling,28,0.109375,1.0000000000000002,128.0,0.5,False,788919567
7,8,1,0.05859375,0.01953125,0.053979771509284284,185,Ceiling,34,0.1328125,1.0000000000000002,128.0,0.5,False,788919567
7,8,1,0.05859375,0.01953125,0.053979771509284284,185,Ceiling,40,0.15625,1.0000000000000002,128.0,0.5,False,788919567
7,8,1,0.05859375,0.01953125,0.053979771509284284,185,Ceiling,47,0.18359375,1.0000000000000002,128.0,0.5,False,788919567
7,8,1,0.05859375,0.01953125,0.053979771509284284,185,Ceiling,55,0.21484375,1.0000000000000002,128.0,0.5,False,788919567
7,8,1,0.05859375,0.01953125,0.053979771509284284,185,Ceiling,66,0.2578125,1.0000000000000002,128.0,0.5,False,788919567
7,8,1,0.05859375,0.01953125,0.053979771509284284,185,Ceiling,77,0.30078125,1.0000000000000002,128.0,0.5,False,788919567
7,8,1,0.05859375,0.01953125,0.053979771509284284,185,Ceiling,92,0.359375,1.0000000000000002,128.0,0.5,False,788919567
7,8,1,0.05859375,0.01953125,0.053979771509284284,185,Ceiling,108,0.421875,1.0000000000000002,128.0,0.5,False,788919567
7,8,1,0.05859375,0.01953125,0.053979771509284284,185,Ceiling,128,0.5,1.0000000000000002,128.0,0.5,False,788919567
7,8,1,0.05859375,0.01953125,0.8861589204370905,49,BARK,1,0.00390625,0.8861589204370905,16.0,0.0625,True,788919567
7,8,1,0.05859375,0.01953125,0.8861589204370905,49,BARK,2,0.0078125,0.9401386919463749,16.0,0.0625,True,788919567
7,8,1,0.05859375,0.01953125,0.8861589204370905,49,BARK,3,0.01171875,0.9418395603885495,16.0,0.0625,True,788919567
7,8,1,0.05859375,0.01953125,0.8861589204370905,49,BARK,4,0.015625,0.9837205214512825,16.0,0.0625,True,788919567
7,8,1,0.05859375,0.01953125,0.8861589204370905,49,BARK,5,0.01953125,0.9839635816524204,16.0,0.0625,True,788919567
7,8,1,0.05859375,0.01953125,0.8861589204370905,49,BARK,6,0.0234375,0.9935429074406842,16.0,0.0625,True,788919567
7,8,1,0.05859375,0.01953125,0.8861589204370905,49,BARK,7,0.02734375,0.994303614365914,16.0,0.0625,True,788919567
7,8,1,0.05859375,0.01953125,0.8861589204370905,49,BARK,9,0.03515625,0.9943331285123164,16.0,0.0625,True,788919567
7,8,1,0.05859375,0.01953125,0.8861589204370905,49,BARK,10,0.0390625,0.9943385362029475,16.0,0.0625,True,788919567
7,8,1,0.05859375,0.01953125,0.8861589204370905,49,BARK,12,0.046875,0.9996729088263981,16.0,0.0625,True,788919567
7,8,1,0.05859375,0.01953125,0.8861589204370905,49,BARK,15,0.05859375,0.9999964056531419,16.0,0.0625,True,788919567
7,8,1,0.05859375,0.01953125,0.8861589204370905,49,BARK,17,0.06640625,1.0,16.0,0.0625,True,788919567
7,8,1,0.05859375,0.01953125,0.8861589204370905,49,BARK,20,0.078125,1.0,16.0,0.0625,True,788919567
7,8,1,0.05859375,0.01953125,0.8861589204370905,49,BARK,24,0.09375,1.0,16.0,0.0625,True,788919567
7,8,1,0.05859375,0.01953125,0.8861589204370905,49,BARK,28,0.109375,1.0,16.0,0.0625,True,788919567
7,8,1,0.05859375,0.01953125,0.8861589204370905,49,BARK,34,0.1328125,1.0,16.0,0.0625,True,788919567
7,8,1,0.05859375,0.01953125,0.8861589204370905,49,BARK,40,0.15625,1.0,16.0,0.0625,True,788919567
7,8,1,0.05859375,0.01953125,0.8861589204370905,49,BARK,47,0.18359375,1.0,16.0,0.0625,True,788919567
7,8,1,0.05859375,0.01953125,0.8861589204370905,49,BARK,55,0.21484375,1.0,16.0,0.0625,True,788919567
7,8,1,0.05859375,0.01953125,0.8861589204370905,49,BARK,66,0.2578125,1.0,16.0,0.0625,True,788919567
7,8,1,0.05859375,0.01953125,0.8861589204370905,49,BARK,77,0.30078125,1.0,16.0,0.0625,True,788919567
7,8,1,0.05859375,0.01953125,0.8861589204370905,49,BARK,92,0.359375,1.0,16.0,0.0625,True,788919567
7,8,1,0.05859375,0.01953125,0.8861589204370905,49,BARK,108,0.421875,1.0,16.0,0.0625,True,788919567
7,8,1,0.05859375,0.01953125,0.8861589204370905,49,BARK,128,0.5,1.0,16.0,0.0625,True,788919567
7,8,1,0.05859375,0.01953125,0.8861589204370905,49,Simplified BARK,1,0.00390625,0.8861589204370905,16.0,0.0625,True,788919567
7,8,1,0.05859375,0.01953125,0.8861589204370905,49,Simplified BARK,2,0.0078125,0.9401386919463749,16.0,0.0625,True,788919567
7,8,1,0.05859375,0.01953125,0.8861589204370905,49,Simplified BARK,3,0.01171875,0.9809804657333049,16.0,0.0625,True,788919567
7,8,1,0.05859375,0.01953125,0.8861589204370905,49,Simplified BARK,4,0.015625,0.9837205214512825,16.0,0.0625,True,788919567
7,8,1,0.05859375,0.01953125,0.8861589204370905,49,Simplified BARK,5,0.01953125,0.9839635816524204,16.0,0.0625,True,788919567
7,8,1,0.05859375,0.01953125,0.8861589204370905,49,Simplified BARK,6,0.0234375,0.9839895616148235,16.0,0.0625,True,788919567
7,8,1,0.05859375,0.01953125,0.8861589204370905,49,Simplified BARK,7,0.02734375,0.9935749068809562,16.0,0.0625,True,788919567
7,8,1,0.05859375,0.01953125,0.8861589204370905,49,Simplified BARK,9,0.03515625,0.9944738954238952,16.0,0.0625,True,788919567
7,8,1,0.05859375,0.01953125,0.8861589204370905,49,Simplified BARK,10,0.0390625,0.9944882527535072,16.0,0.0625,True,788919567
7,8,1,0.05859375,0.01953125,0.8861589204370905,49,Simplified BARK,12,0.046875,0.999938625127493,16.0,0.0625,True,788919567
7,8,1,0.05859375,0.01953125,0.8861589204370905,49,Simplified BARK,15,0.05859375,0.9999964056531414,16.0,0.0625,True,788919567
7,8,1,0.05859375,0.01953125,0.8861589204370905,49,Simplified BARK,17,0.06640625,1.0000000000000004,16.0,0.0625,True,788919567
7,8,1,0.05859375,0.01953125,0.8861589204370905,49,Simplified BARK,20,0.078125,1.0000000000000004,16.0,0.0625,True,788919567
7,8,1,0.05859375,0.01953125,0.8861589204370905,49,Simplified BARK,24,0.09375,1.0000000000000004,16.0,0.0625,True,788919567
7,8,1,0.05859375,0.01953125,0.8861589204370905,49,Simplified BARK,28,0.109375,1.0000000000000004,16.0,0.0625,True,788919567
7,8,1,0.05859375,0.01953125,0.8861589204370905,49,Simplified BARK,34,0.1328125,1.0000000000000004,16.0,0.0625,True,788919567
7,8,1,0.05859375,0.01953125,0.8861589204370905,49,Simplified BARK,40,0.15625,1.0000000000000004,16.0,0.0625,True,788919567
7,8,1,0.05859375,0.01953125,0.8861589204370905,49,Simplified BARK,47,0.18359375,1.0000000000000004,16.0,0.0625,True,788919567
7,8,1,0.05859375,0.01953125,0.8861589204370905,49,Simplified BARK,55,0.21484375,1.0000000000000004,16.0,0.0625,True,788919567
7,8,1,0.05859375,0.01953125,0.8861589204370905,49,Simplified BARK,66,0.2578125,1.0000000000000004,16.0,0.0625,True,788919567
7,8,1,0.05859375,0.01953125,0.8861589204370905,49,Simplified BARK,77,0.30078125,1.0000000000000004,16.0,0.0625,True,788919567
7,8,1,0.05859375,0.01953125,0.8861589204370905,49,Simplified BARK,92,0.359375,1.0000000000000004,16.0,0.0625,True,788919567
7,8,1,0.05859375,0.01953125,0.8861589204370905,49,Simplified BARK,108,0.421875,1.0000000000000004,16.0,0.0625,True,788919567
7,8,1,0.05859375,0.01953125,0.8861589204370905,49,Simplified BARK,128,0.5,1.0000000000000004,16.0,0.0625,True,788919567
7,8,1,0.05859375,0.01953125,0.8861589204370905,49,SKQD,1,0.00390625,0.8861589204370905,7.666666666666667,0.029947916666666668,True,788919567
7,8,1,0.05859375,0.01953125,0.8861589204370905,49,SKQD,2,0.0078125,0.8861589204370905,7.666666666666667,0.029947916666666668,True,788919567
7,8,1,0.05859375,0.01953125,0.8861589204370905,49,SKQD,3,0.01171875,0.8861589204370905,7.666666666666667,0.029947916666666668,True,788919567
7,8,1,0.05859375,0.01953125,0.8861589204370905,49,SKQD,4,0.015625,0.9186794541084881,7.666666666666667,0.029947916666666668,True,788919567
7,8,1,0.05859375,0.01953125,0.8861589204370905,49,SKQD,5,0.01953125,0.989233707275598,7.666666666666667,0.029947916666666668,True,788919567
7,8,1,0.05859375,0.01953125,0.8861589204370905,49,SKQD,6,0.0234375,0.9893145401622684,7.666666666666667,0.029947916666666668,True,788919567
7,8,1,0.05859375,0.01953125,0.8861589204370905,49,SKQD,7,0.02734375,0.991238705530542,7.666666666666667,0.029947916666666668,True,788919567
7,8,1,0.05859375,0.01953125,0.8861589204370905,49,SKQD,9,0.03515625,0.9989621539094594,7.666666666666667,0.029947916666666668,True,788919567
7,8,1,0.05859375,0.01953125,0.8861589204370905,49,SKQD,10,0.0390625,0.9989621539094594,7.666666666666667,0.029947916666666668,True,788919567
7,8,1,0.05859375,0.01953125,0.8861589204370905,49,SKQD,12,0.046875,0.9989621539094594,7.666666666666667,0.029947916666666668,True,788919567
7,8,1,0.05859375,0.01953125,0.8861589204370905,49,SKQD,15,0.05859375,0.9989621539094594,7.666666666666667,0.029947916666666668,True,788919567
7,8,1,0.05859375,0.01953125,0.8861589204370905,49,SKQD,17,0.06640625,0.9989621539094594,7.666666666666667,0.029947916666666668,True,788919567
7,8,1,0.05859375,0.01953125,0.8861589204370905,49,SKQD,20,0.078125,0.9989621539094594,7.666666666666667,0.029947916666666668,True,788919567
7,8,1,0.05859375,0.01953125,0.8861589204370905,49,SKQD,24,0.09375,0.9989621539094594,7.666666666666667,0.029947916666666668,True,788919567
7,8,1,0.05859375,0.01953125,0.8861589204370905,49,SKQD,28,0.109375,0.9989621539094594,7.666666666666667,0.029947916666666668,True,788919567
7,8,1,0.05859375,0.01953125,0.8861589204370905,49,SKQD,34,0.1328125,0.9989621539094594,7.666666666666667,0.029947916666666668,True,788919567
7,8,1,0.05859375,0.01953125,0.8861589204370905,49,SKQD,40,0.15625,0.9989621539094594,7.666666666666667,0.029947916666666668,True,788919567
7,8,1,0.05859375,0.01953125,0.8861589204370905,49,SKQD,47,0.18359375,0.9989621539094594,7.666666666666667,0.029947916666666668,True,788919567
7,8,1,0.05859375,0.01953125,0.8861589204370905,49,SKQD,55,0.21484375,0.9989621539094594,7.666666666666667,0.029947916666666668,True,788919567
7,8,1,0.05859375,0.01953125,0.8861589204370905,49,SKQD,66,0.2578125,0.9989621539094594,7.666666666666667,0.029947916666666668,True,788919567
7,8,1,0.05859375,0.01953125,0.8861589204370905,49,SKQD,77,0.30078125,0.9989621539094594,7.666666666666667,0.029947916666666668,True,788919567
7,8,1,0.05859375,0.01953125,0.8861589204370905,49,SKQD,92,0.359375,0.9989621539094594,7.666666666666667,0.029947916666666668,True,788919567
7,8,1,0.05859375,0.01953125,0.8861589204370905,49,SKQD,108,0.421875,0.9989621539094594,7.666666666666667,0.029947916666666668,True,788919567
7,8,1,0.05859375,0.01953125,0.8861589204370905,49,SKQD,128,0.5,0.9989621539094594,7.666666666666667,0.029947916666666668,True,788919567
7,8,1,0.05859375,0.01953125,0.8861589204370905,49,Ceiling,1,0.00390625,0.8861589204370905,128.0,0.5,False,788919567
7,8,1,0.05859375,0.01953125,0.8861589204370905,49,Ceiling,2,0.0078125,0.9401386919463748,128.0,0.5,False,788919567
7,8,1,0.05859375,0.01953125,0.8861589204370905,49,Ceiling,3,0.01171875,0.9812181915091323,128.0,0.5,False,788919567
7,8,1,0.05859375,0.01953125,0.8861589204370905,49,Ceiling,4,0.015625,0.9907782357739547,128.0,0.5,False,788919567
7,8,1,0.05859375,0.01953125,0.8861589204370905,49,Ceiling,5,0.01953125,0.9958286494807933,128.0,0.5,False,788919567
7,8,1,0.05859375,0.01953125,0.8861589204370905,49,Ceiling,6,0.0234375,0.9983309794229437,128.0,0.5,False,788919567
7,8,1,0.05859375,0.01953125,0.8861589204370905,49,Ceiling,7,0.02734375,0.9989133230558208,128.0,0.5,False,788919567
7,8,1,0.05859375,0.01953125,0.8861589204370905,49,Ceiling,9,0.03515625,0.9996641387354633,128.0,0.5,False,788919567
7,8,1,0.05859375,0.01953125,0.8861589204370905,49,Ceiling,10,0.0390625,0.9998982597975856,128.0,0.5,False,788919567
7,8,1,0.05859375,0.01953125,0.8861589204370905,49,Ceiling,12,0.046875,0.9999797401753598,128.0,0.5,False,788919567
7,8,1,0.05859375,0.01953125,0.8861589204370905,49,Ceiling,15,0.05859375,0.9999998461462086,128.0,0.5,False,788919567
7,8,1,0.05859375,0.01953125,0.8861589204370905,49,Ceiling,17,0.06640625,1.0000000000000002,128.0,0.5,False,788919567
7,8,1,0.05859375,0.01953125,0.8861589204370905,49,Ceiling,20,0.078125,1.0000000000000002,128.0,0.5,False,788919567
7,8,1,0.05859375,0.01953125,0.8861589204370905,49,Ceiling,24,0.09375,1.0000000000000002,128.0,0.5,False,788919567
7,8,1,0.05859375,0.01953125,0.8861589204370905,49,Ceiling,28,0.109375,1.0000000000000002,128.0,0.5,False,788919567
7,8,1,0.05859375,0.01953125,0.8861589204370905,49,Ceiling,34,0.1328125,1.0000000000000002,128.0,0.5,False,788919567
7,8,1,0.05859375,0.01953125,0.8861589204370905,49,Ceiling,40,0.15625,1.0000000000000002,128.0,0.5,False,788919567
7,8,1,0.05859375,0.01953125,0.8861589204370905,49,Ceiling,47,0.18359375,1.0000000000000002,128.0,0.5,False,788919567
7,8,1,0.05859375,0.01953125,0.8861589204370905,49,Ceiling,55,0.21484375,1.0000000000000002,128.0,0.5,False,788919567
7,8,1,0.05859375,0.01953125,0.8861589204370905,49,Ceiling,66,0.2578125,1.0000000000000002,128.0,0.5,False,788919567
7,8,1,0.05859375,0.01953125,0.8861589204370905,49,Ceiling,77,0.30078125,1.0000000000000002,128.0,0.5,False,788919567
7,8,1,0.05859375,0.01953125,0.8861589204370905,49,Ceiling,92,0.359375,1.0000000000000002,128.0,0.5,False,788919567
7,8,1,0.05859375,0.01953125,0.8861589204370905,49,Ceiling,108,0.421875,1.0000000000000002,128.0,0.5,False,788919567
7,8,1,0.05859375,0.01953125,0.8861589204370905,49,Ceiling,128,0.5,1.0000000000000002,128.0,0.5,False,788919567
7,8,1,0.05859375,0.01953125,0.0,26,BARK,1,0.00390625,0.0,16.0,0.0625,True,788919567
7,8,1,0.05859375,0.01953125,0.0,26,BARK,2,0.0078125,7.201027875224419e-37,16.0,0.0625,True,788919567
7,8,1,0.05859375,0.01953125,0.0,26,BARK,3,0.01171875,6.8707560814794e-37,16.0,0.0625,True,788919567
7,8,1,0.05859375,0.01953125,0.0,26,BARK,4,0.015625,6.80085522689113e-37,16.0,0.0625,True,788919567
7,8,1,0.05859375,0.01953125,0.0,26,BARK,5,0.01953125,6.7767915643067605e-37,16.0,0.0625,True,788919567
7,8,1,0.05859375,0.01953125,0.0,26,BARK,6,0.0234375,6.210424256883538e-37,16.0,0.0625,True,788919567
7,8,1,0.05859375,0.01953125,0.0,26,BARK,7,0.02734375,6.179658466754235e-37,16.0,0.0625,True,788919567
7,8,1,0.05859375,0.01953125,0.0,26,BARK,9,0.03515625,6.096848545879437e-37,16.0,0.0625,True,788919567
7,8,1,0.05859375,0.01953125,0.0,26,BARK,10,0.0390625,6.0967689540936294e-37,16.0,0.0625,True,788919567
7,8,1,0.05859375,0.01953125,0.0,26,BARK,12,0.046875,2.5069705938653747e-39,16.0,0.0625,True,788919567
7,8,1,0.05859375,0.01953125,0.0,26,BARK,15,0.05859375,1.8997019609994048e-39,16.0,0.0625,True,788919567
7,8,1,0.05859375,0.01953125,0.0,26,BARK,17,0.06640625,1.536246404218102e-39,16.0,0.0625,True,788919567
7,8,1,0.05859375,0.01953125,0.0,26,BARK,20,0.078125,1.536246404218102e-39,16.0,0.0625,True,788919567
7,8,1,0.05859375,0.01953125,0.0,26,BARK,24,0.09375,1.536246404218102e-39,16.0,0.0625,True,788919567
7,8,1,0.05859375,0.01953125,0.0,26,BARK,28,0.109375,1.536246404218102e-39,16.0,0.0625,True,788919567
7,8,1,0.05859375,0.01953125,0.0,26,BARK,34,0.1328125,1.536246404218102e-39,16.0,0.0625,True,788919567
7,8,1,0.05859375,0.01953125,0.0,26,BARK,40,0.15625,1.536246404218102e-39,16.0,0.0625,True,788919567
7,8,1,0.05859375,0.01953125,0.0,26,BARK,47,0.18359375,1.536246404218102e-39,16.0,0.0625,True,788919567
7,8,1,0.05859375,0.01953125,0.0,26,BARK,55,0.21484375,1.536246404218102e-39,16.0,0.0625,True,788919567
7,8,1,0.05859375,0.01953125,0.0,26,BARK,66,0.2578125,1.536246404218102e-39,16.0,0.0625,True,788919567
7,8,1,0.05859375,0.01953125,0.0,26,BARK,77,0.30078125,1.536246404218102e-39,16.0,0.0625,True,788919567
7,8,1,0.05859375,0.01953125,0.0,26,BARK,92,0.359375,1.536246404218102e-39,16.0,0.0625,True,788919567
7,8,1,0.05859375,0.01953125,0.0,26,BARK,108,0.421875,1.536246404218102e-39,16.0,0.0625,True,788919567
7,8,1,0.05859375,0.01953125,0.0,26,BARK,128,0.5,1.536246404218102e-39,16.0,0.0625,True,788919567
7,8,1,0.05859375,0.01953125,0.0,26,Simplified BARK,1,0.00390625,0.0,16.0,0.0625,True,788919567
7,8,1,0.05859375,0.01953125,0.0,26,Simplified BARK,2,0.0078125,2.9779244695486498e-37,16.0,0.0625,True,788919567
7,8,1,0.05859375,0.01953125,0.0,26,Simplified BARK,3,0.01171875,3.2087135428800136e-37,16.0,0.0625,True,788919567
7,8,1,0.05859375,0.01953125,0.0,26,Simplified BARK,4,0.015625,2.964734976378158e-37,16.0,0.0625,True,788919567
7,8,1,0.05859375,0.01953125,0.0,26,Simplified BARK,5,0.01953125,2.9781754027828477e-37,16.0,0.0625,True,788919567
7,8,1,0.05859375,0.01953125,0.0,26,Simplified BARK,6,0.0234375,6.3234947272475e-37,16.0,0.0625,True,788919567
7,8,1,0.05859375,0.01953125,0.0,26,Simplified BARK,7,0.02734375,6.316973121913322e-37,16.0,0.0625,True,788919567
7,8,1,0.05859375,0.01953125,0.0,26,Simplified BARK,9,0.03515625,6.096847190584447e-37,16.0,0.0625,True,788919567
7,8,1,0.05859375,0.01953125,0.0,26,Simplified BARK,10,0.0390625,6.096670943519869e-37,16.0,0.0625,True,788919567
7,8,1,0.05859375,0.01953125,0.0,26,Simplified BARK,12,0.046875,6.096639733961187e-37,16.0,0.0625,True,788919567
7,8,1,0.05859375,0.01953125,0.0,26,Simplified BARK,15,0.05859375,3.792455649453506e-37,16.0,0.0625,True,788919567
7,8,1,0.05859375,0.01953125,0.0,26,Simplified BARK,17,0.06640625,1.536246404218105e-39,16.0,0.0625,True,788919567
7,8,1,0.05859375,0.01953125,0.0,26,Simplified BARK,20,0.078125,1.536246404218105e-39,16.0,0.0625,True,788919567
7,8,1,0.05859375,0.01953125,0.0,26,Simplified BARK,24,0.09375,1.536246404218105e-39,16.0,0.0625,True,788919567
7,8,1,0.05859375,0.01953125,0.0,26,Simplified BARK,28,0.109375,1.536246404218105e-39,16.0,0.0625,True,788919567
7,8,1,0.05859375,0.01953125,0.0,26,Simplified BARK,34,0.1328125,1.536246404218105e-39,16.0,0.0625,True,788919567
7,8,1,0.05859375,0.01953125,0.0,26,Simplified BARK,40,0.15625,1.536246404218105e-39,16.0,0.0625,True,788919567
7,8,1,0.05859375,0.01953125,0.0,26,Simplified BARK,47,0.18359375,1.536246404218105e-39,16.0,0.0625,True,788919567
7,8,1,0.05859375,0.01953125,0.0,26,Simplified BARK,55,0.21484375,1.536246404218105e-39,16.0,0.0625,True,788919567
7,8,1,0.05859375,0.01953125,0.0,26,Simplified BARK,66,0.2578125,1.536246404218105e-39,16.0,0.0625,True,788919567
7,8,1,0.05859375,0.01953125,0.0,26,Simplified BARK,77,0.30078125,1.536246404218105e-39,16.0,0.0625,True,788919567
7,8,1,0.05859375,0.01953125,0.0,26,Simplified BARK,92,0.359375,1.536246404218105e-39,16.0,0.0625,True,788919567
7,8,1,0.05859375,0.01953125,0.0,26,Simplified BARK,108,0.421875,1.536246404218105e-39,16.0,0.0625,True,788919567
7,8,1,0.05859375,0.01953125,0.0,26,Simplified BARK,128,0.5,1.536246404218105e-39,16.0,0.0625,True,788919567
7,8,1,0.05859375,0.01953125,0.0,26,SKQD,1,0.00390625,0.0,5.0,0.01953125,True,788919567
7,8,1,0.05859375,0.01953125,0.0,26,SKQD,2,0.0078125,0.0,5.0,0.01953125,True,788919567
7,8,1,0.05859375,0.01953125,0.0,26,SKQD,3,0.01171875,0.0,5.0,0.01953125,True,788919567
7,8,1,0.05859375,0.01953125,0.0,26,SKQD,4,0.015625,2.964734976378158e-37,5.0,0.01953125,True,788919567
7,8,1,0.05859375,0.01953125,0.0,26,SKQD,5,0.01953125,3.222906423987822e-37,5.0,0.01953125,True,788919567
7,8,1,0.05859375,0.01953125,0.0,26,SKQD,6,0.0234375,3.130233442854028e-37,5.0,0.01953125,True,788919567
7,8,1,0.05859375,0.01953125,0.0,26,SKQD,7,0.02734375,3.130233442854028e-37,5.0,0.01953125,True,788919567
7,8,1,0.05859375,0.01953125,0.0,26,SKQD,9,0.03515625,3.130233442854028e-37,5.0,0.01953125,True,788919567
7,8,1,0.05859375,0.01953125,0.0,26,SKQD,10,0.0390625,3.130233442854028e-37,5.0,0.01953125,True,788919567
7,8,1,0.05859375,0.01953125,0.0,26,SKQD,12,0.046875,3.130233442854028e-37,5.0,0.01953125,True,788919567
7,8,1,0.05859375,0.01953125,0.0,26,SKQD,15,0.05859375,3.130233442854028e-37,5.0,0.01953125,True,788919567
7,8,1,0.05859375,0.01953125,0.0,26,SKQD,17,0.06640625,3.130233442854028e-37,5.0,0.01953125,True,788919567
7,8,1,0.05859375,0.01953125,0.0,26,SKQD,20,0.078125,3.130233442854028e-37,5.0,0.01953125,True,788919567
7,8,1,0.05859375,0.01953125,0.0,26,SKQD,24,0.09375,3.130233442854028e-37,5.0,0.01953125,True,788919567
7,8,1,0.05859375,0.01953125,0.0,26,SKQD,28,0.109375,3.130233442854028e-37,5.0,0.01953125,True,788919567
7,8,1,0.05859375,0.01953125,0.0,26,SKQD,34,0.1328125,3.130233442854028e-37,5.0,0.01953125,True,788919567
7,8,1,0.05859375,0.01953125,0.0,26,SKQD,40,0.15625,3.130233442854028e-37,5.0,0.01953125,True,788919567
7,8,1,0.05859375,0.01953125,0.0,26,SKQD,47,0.18359375,3.130233442854028e-37,5.0,0.01953125,True,788919567
7,8,1,0.05859375,0.01953125,0.0,26,SKQD,55,0.21484375,3.130233442854028e-37,5.0,0.01953125,True,788919567
7,8,1,0.05859375,0.01953125,0.0,26,SKQD,66,0.2578125,3.130233442854028e-37,5.0,0.01953125,True,788919567
7,8,1,0.05859375,0.01953125,0.0,26,SKQD,77,0.30078125,3.130233442854028e-37,5.0,0.01953125,True,788919567
7,8,1,0.05859375,0.01953125,0.0,26,SKQD,92,0.359375,3.130233442854028e-37,5.0,0.01953125,True,788919567
7,8,1,0.05859375,0.01953125,0.0,26,SKQD,108,0.421875,3.130233442854028e-37,5.0,0.01953125,True,788919567
7,8,1,0.05859375,0.01953125,0.0,26,SKQD,128,0.5,3.130233442854028e-37,5.0,0.01953125,True,788919567
7,8,1,0.05859375,0.01953125,0.0,26,Ceiling,1,0.00390625,0.8861589204370905,128.0,0.5,False,788919567
7,8,1,0.05859375,0.01953125,0.0,26,Ceiling,2,0.0078125,0.9401386919463748,128.0,0.5,False,788919567
7,8,1,0.05859375,0.01953125,0.0,26,Ceiling,3,0.01171875,0.9812181915091323,128.0,0.5,False,788919567
7,8,1,0.05859375,0.01953125,0.0,26,Ceiling,4,0.015625,0.9907782357739547,128.0,0.5,False,788919567
7,8,1,0.05859375,0.01953125,0.0,26,Ceiling,5,0.01953125,0.9958286494807933,128.0,0.5,False,788919567
7,8,1,0.05859375,0.01953125,0.0,26,Ceiling,6,0.0234375,0.9983309794229437,128.0,0.5,False,788919567
7,8,1,0.05859375,0.01953125,0.0,26,Ceiling,7,0.02734375,0.9989133230558208,128.0,0.5,False,788919567
7,8,1,0.05859375,0.01953125,0.0,26,Ceiling,9,0.03515625,0.9996641387354633,128.0,0.5,False,788919567
7,8,1,0.05859375,0.01953125,0.0,26,Ceiling,10,0.0390625,0.9998982597975856,128.0,0.5,False,788919567
7,8,1,0.05859375,0.01953125,0.0,26,Ceiling,12,0.046875,0.9999797401753598,128.0,0.5,False,788919567
7,8,1,0.05859375,0.01953125,0.0,26,Ceiling,15,0.05859375,0.9999998461462086,128.0,0.5,False,788919567
7,8,1,0.05859375,0.01953125,0.0,26,Ceiling,17,0.06640625,1.0000000000000002,128.0,0.5,False,788919567
7,8,1,0.05859375,0.01953125,0.0,26,Ceiling,20,0.078125,1.0000000000000002,128.0,0.5,False,788919567
7,8,1,0.05859375,0.01953125,0.0,26,Ceiling,24,0.09375,1.0000000000000002,128.0,0.5,False,788919567
7,8,1,0.05859375,0.01953125,0.0,26,Ceiling,28,0.109375,1.0000000000000002,128.0,0.5,False,788919567
7,8,1,0.05859375,0.01953125,0.0,26,Ceiling,34,0.1328125,1.0000000000000002,128.0,0.5,False,788919567
7,8,1,0.05859375,0.01953125,0.0,26,Ceiling,40,0.15625,1.0000000000000002,128.0,0.5,False,788919567
7,8,1,0.05859375,0.01953125,0.0,26,Ceiling,47,0.18359375,1.0000000000000002,128.0,0.5,False,788919567
7,8,1,0.05859375,0.01953125,0.0,26,Ceiling,55,0.21484375,1.0000000000000002,128.0,0.5,False,788919567
7,8,1,0.05859375,0.01953125,0.0,26,Ceiling,66,0.2578125,1.0000000000000002,128.0,0.5,False,788919567
7,8,1,0.05859375,0.01953125,0.0,26,Ceiling,77,0.30078125,1.0000000000000002,128.0,0.5,False,788919567
7,8,1,0.05859375,0.01953125,0.0,26,Ceiling,92,0.359375,1.0000000000000002,128.0,0.5,False,788919567
7,8,1,0.05859375,0.01953125,0.0,26,Ceiling,108,0.421875,1.0000000000000002,128.0,0.5,False,788919567
7,8,1,0.05859375,0.01953125,0.0,26,Ceiling,128,0.5,1.0000000000000002,128.0,0.5,False,788919567
7,8,1,0.05859375,0.01953125,0.0,20,BARK,1,0.00390625,0.0,16.0,0.0625,True,788919567
7,8,1,0.05859375,0.01953125,0.0,20,BARK,2,0.0078125,6.732477596875532e-36,16.0,0.0625,True,788919567
7,8,1,0.05859375,0.01953125,0.0,20,BARK,3,0.01171875,1.848704818359066e-35,16.0,0.0625,True,788919567
7,8,1,0.05859375,0.01953125,0.0,20,BARK,4,0.015625,1.8125288749316734e-35,16.0,0.0625,True,788919567
7,8,1,0.05859375,0.01953125,0.0,20,BARK,5,0.01953125,1.890928359419624e-35,16.0,0.0625,True,788919567
7,8,1,0.05859375,0.01953125,0.0,20,BARK,6,0.0234375,1.8933690487677815e-35,16.0,0.0625,True,788919567
7,8,1,0.05859375,0.01953125,0.0,20,BARK,7,0.02734375,1.8933387398051698e-35,16.0,0.0625,True,788919567
7,8,1,0.05859375,0.01953125,0.0,20,BARK,9,0.03515625,1.8823534808852937e-35,16.0,0.0625,True,788919567
7,8,1,0.05859375,0.01953125,0.0,20,BARK,10,0.0390625,1.831997944018841e-35,16.0,0.0625,True,788919567
7,8,1,0.05859375,0.01953125,0.0,20,BARK,12,0.046875,1.813897256951519e-35,16.0,0.0625,True,788919567
7,8,1,0.05859375,0.01953125,0.0,20,BARK,15,0.05859375,1.8007183336716664e-35,16.0,0.0625,True,788919567
7,8,1,0.05859375,0.01953125,0.0,20,BARK,17,0.06640625,1.8022666731319903e-35,16.0,0.0625,True,788919567
7,8,1,0.05859375,0.01953125,0.0,20,BARK,20,0.078125,1.8022666731319903e-35,16.0,0.0625,True,788919567
7,8,1,0.05859375,0.01953125,0.0,20,BARK,24,0.09375,1.8022666731319903e-35,16.0,0.0625,True,788919567
7,8,1,0.05859375,0.01953125,0.0,20,BARK,28,0.109375,1.8022666731319903e-35,16.0,0.0625,True,788919567
7,8,1,0.05859375,0.01953125,0.0,20,BARK,34,0.1328125,1.8022666731319903e-35,16.0,0.0625,True,788919567
7,8,1,0.05859375,0.01953125,0.0,20,BARK,40,0.15625,1.8022666731319903e-35,16.0,0.0625,True,788919567
7,8,1,0.05859375,0.01953125,0.0,20,BARK,47,0.18359375,1.8022666731319903e-35,16.0,0.0625,True,788919567
7,8,1,0.05859375,0.01953125,0.0,20,BARK,55,0.21484375,1.8022666731319903e-35,16.0,0.0625,True,788919567
7,8,1,0.05859375,0.01953125,0.0,20,BARK,66,0.2578125,1.8022666731319903e-35,16.0,0.0625,True,788919567
7,8,1,0.05859375,0.01953125,0.0,20,BARK,77,0.30078125,1.8022666731319903e-35,16.0,0.0625,True,788919567
7,8,1,0.05859375,0.01953125,0.0,20,BARK,92,0.359375,1.8022666731319903e-35,16.0,0.0625,True,788919567
7,8,1,0.05859375,0.01953125,0.0,20,BARK,108,0.421875,1.8022666731319903e-35,16.0,0.0625,True,788919567
7,8,1,0.05859375,0.01953125,0.0,20,BARK,128,0.5,1.8022666731319903e-35,16.0,0.0625,True,788919567
7,8,1,0.05859375,0.01953125,0.0,20,Simplified BARK,1,0.00390625,0.0,16.0,0.0625,True,788919567
7,8,1,0.05859375,0.01953125,0.0,20,Simplified BARK,2,0.0078125,1.0798903099962761e-38,16.0,0.0625,True,788919567
7,8,1,0.05859375,0.01953125,0.0,20,Simplified BARK,3,0.01171875,2.5098182379342297e-39,16.0,0.0625,True,788919567
7,8,1,0.05859375,0.01953125,0.0,20,Simplified BARK,4,0.015625,1.8498620413524215e-39,16.0,0.0625,True,788919567
7,8,1,0.05859375,0.01953125,0.0,20,Simplified BARK,5,0.01953125,1.787312393388359e-39,16.0,0.0625,True,788919567
7,8,1,0.05859375,0.01953125,0.0,20,Simplified BARK,6,0.0234375,3.4731434306343044e-39,16.0,0.0625,True,788919567
7,8,1,0.05859375,0.01953125,0.0,20,Simplified BARK,7,0.02734375,8.349533614395678e-39,16.0,0.0625,True,788919567
7,8,1,0.05859375,0.01953125,0.0,20,Simplified BARK,9,0.03515625,1.1954570579422541e-35,16.0,0.0625,True,788919567
7,8,1,0.05859375,0.01953125,0.0,20,Simplified BARK,10,0.0390625,1.2354728046957152e-35,16.0,0.0625,True,788919567
7,8,1,0.05859375,0.01953125,0.0,20,Simplified BARK,12,0.046875,1.883456449145924e-35,16.0,0.0625,True,788919567
7,8,1,0.05859375,0.01953125,0.0,20,Simplified BARK,15,0.05859375,1.8060484134280418e-35,16.0,0.0625,True,788919567
7,8,1,0.05859375,0.01953125,0.0,20,Simplified BARK,17,0.06640625,1.8022666731319903e-35,16.0,0.0625,True,788919567
7,8,1,0.05859375,0.01953125,0.0,20,Simplified BARK,20,0.078125,1.8022666731319903e-35,16.0,0.0625,True,788919567
7,8,1,0.05859375,0.01953125,0.0,20,Simplified BARK,24,0.09375,1.8022666731319903e-35,16.0,0.0625,True,788919567
7,8,1,0.05859375,0.01953125,0.0,20,Simplified BARK,28,0.109375,1.8022666731319903e-35,16.0,0.0625,True,788919567
7,8,1,0.05859375,0.01953125,0.0,20,Simplified BARK,34,0.1328125,1.8022666731319903e-35,16.0,0.0625,True,788919567
7,8,1,0.05859375,0.01953125,0.0,20,Simplified BARK,40,0.15625,1.8022666731319903e-35,16.0,0.0625,True,788919567
7,8,1,0.05859375,0.01953125,0.0,20,Simplified BARK,47,0.18359375,1.8022666731319903e-35,16.0,0.0625,True,788919567
7,8,1,0.05859375,0.01953125,0.0,20,Simplified BARK,55,0.21484375,1.8022666731319903e-35,16.0,0.0625,True,788919567
7,8,1,0.05859375,0.01953125,0.0,20,Simplified BARK,66,0.2578125,1.8022666731319903e-35,16.0,0.0625,True,788919567
7,8,1,0.05859375,0.01953125,0.0,20,Simplified BARK,77,0.30078125,1.8022666731319903e-35,16.0,0.0625,True,788919567
7,8,1,0.05859375,0.01953125,0.0,20,Simplified BARK,92,0.359375,1.8022666731319903e-35,16.0,0.0625,True,788919567
7,8,1,0.05859375,0.01953125,0.0,20,Simplified BARK,108,0.421875,1.8022666731319903e-35,16.0,0.0625,True,788919567
7,8,1,0.05859375,0.01953125,0.0,20,Simplified BARK,128,0.5,1.8022666731319903e-35,16.0,0.0625,True,788919567
7,8,1,0.05859375,0.01953125,0.0,20,SKQD,1,0.00390625,0.0,8.0,0.03125,True,788919567
7,8,1,0.05859375,0.01953125,0.0,20,SKQD,2,0.0078125,0.0,8.0,0.03125,True,788919567
7,8,1,0.05859375,0.01953125,0.0,20,SKQD,3,0.01171875,0.0,8.0,0.03125,True,788919567
7,8,1,0.05859375,0.01953125,0.0,20,SKQD,4,0.015625,0.0,8.0,0.03125,True,788919567
7,8,1,0.05859375,0.01953125,0.0,20,SKQD,5,0.01953125,0.0,8.0,0.03125,True,788919567
7,8,1,0.05859375,0.01953125,0.0,20,SKQD,6,0.0234375,1.7596978856460435e-39,8.0,0.03125,True,788919567
7,8,1,0.05859375,0.01953125,0.0,20,SKQD,7,0.02734375,2.2539703133678304e-36,8.0,0.03125,True,788919567
7,8,1,0.05859375,0.01953125,0.0,20,SKQD,9,0.03515625,1.2364003134624964e-35,8.0,0.03125,True,788919567
7,8,1,0.05859375,0.01953125,0.0,20,SKQD,10,0.0390625,1.2364003134624964e-35,8.0,0.03125,True,788919567
7,8,1,0.05859375,0.01953125,0.0,20,SKQD,12,0.046875,1.2364003134624964e-35,8.0,0.03125,True,788919567
7,8,1,0.05859375,0.01953125,0.0,20,SKQD,15,0.05859375,1.2364003134624964e-35,8.0,0.03125,True,788919567
7,8,1,0.05859375,0.01953125,0.0,20,SKQD,17,0.06640625,1.2364003134624964e-35,8.0,0.03125,True,788919567
7,8,1,0.05859375,0.01953125,0.0,20,SKQD,20,0.078125,1.2364003134624964e-35,8.0,0.03125,True,788919567
7,8,1,0.05859375,0.01953125,0.0,20,SKQD,24,0.09375,1.2364003134624964e-35,8.0,0.03125,True,788919567
7,8,1,0.05859375,0.01953125,0.0,20,SKQD,28,0.109375,1.2364003134624964e-35,8.0,0.03125,True,788919567
7,8,1,0.05859375,0.01953125,0.0,20,SKQD,34,0.1328125,1.2364003134624964e-35,8.0,0.03125,True,788919567
7,8,1,0.05859375,0.01953125,0.0,20,SKQD,40,0.15625,1.2364003134624964e-35,8.0,0.03125,True,788919567
7,8,1,0.05859375,0.01953125,0.0,20,SKQD,47,0.18359375,1.2364003134624964e-35,8.0,0.03125,True,788919567
7,8,1,0.05859375,0.01953125,0.0,20,SKQD,55,0.21484375,1.2364003134624964e-35,8.0,0.03125,True,788919567
7,8,1,0.05859375,0.01953125,0.0,20,SKQD,66,0.2578125,1.2364003134624964e-35,8.0,0.03125,True,788919567
7,8,1,0.05859375,0.01953125,0.0,20,SKQD,77,0.30078125,1.2364003134624964e-35,8.0,0.03125,True,788919567
7,8,1,0.05859375,0.01953125,0.0,20,SKQD,92,0.359375,1.2364003134624964e-35,8.0,0.03125,True,788919567
7,8,1,0.05859375,0.01953125,0.0,20,SKQD,108,0.421875,1.2364003134624964e-35,8.0,0.03125,True,788919567
7,8,1,0.05859375,0.01953125,0.0,20,SKQD,128,0.5,1.2364003134624964e-35,8.0,0.03125,True,788919567
7,8,1,0.05859375,0.01953125,0.0,20,Ceiling,1,0.00390625,0.8861589204370905,128.0,0.5,False,788919567
7,8,1,0.05859375,0.01953125,0.0,20,Ceiling,2,0.0078125,0.9401386919463748,128.0,0.5,False,788919567
7,8,1,0.05859375,0.01953125,0.0,20,Ceiling,3,0.01171875,0.9812181915091323,128.0,0.5,False,788919567
7,8,1,0.05859375,0.01953125,0.0,20,Ceiling,4,0.015625,0.9907782357739547,128.0,0.5,False,788919567
7,8,1,0.05859375,0.01953125,0.0,20,Ceiling,5,0.01953125,0.9958286494807933,128.0,0.5,False,788919567
7,8,1,0.05859375,0.01953125,0.0,20,Ceiling,6,0.0234375,0.9983309794229437,128.0,0.5,False,788919567
7,8,1,0.05859375,0.01953125,0.0,20,Ceiling,7,0.02734375,0.9989133230558208,128.0,0.5,False,788919567
7,8,1,0.05859375,0.01953125,0.0,20,Ceiling,9,0.03515625,0.9996641387354633,128.0,0.5,False,788919567
7,8,1,0.05859375,0.01953125,0.0,20,Ceiling,10,0.0390625,0.9998982597975856,128.0,0.5,False,788919567
7,8,1,0.05859375,0.01953125,0.0,20,Ceiling,12,0.046875,0.9999797401753598,128.0,0.5,False,788919567
7,8,1,0.05859375,0.01953125,0.0,20,Ceiling,15,0.05859375,0.9999998461462086,128.0,0.5,False,788919567
7,8,1,0.05859375,0.01953125,0.0,20,Ceiling,17,0.06640625,1.0000000000000002,128.0,0.5,False,788919567
7,8,1,0.05859375,0.01953125,0.0,20,Ceiling,20,0.078125,1.0000000000000002,128.0,0.5,False,788919567
7,8,1,0.05859375,0.01953125,0.0,20,Ceiling,24,0.09375,1.0000000000000002,128.0,0.5,False,788919567
7,8,1,0.05859375,0.01953125,0.0,20,Ceiling,28,0.109375,1.0000000000000002,128.0,0.5,False,788919567
7,8,1,0.05859375,0.01953125,0.0,20,Ceiling,34,0.1328125,1.0000000000000002,128.0,0.5,False,788919567
7,8,1,0.05859375,0.01953125,0.0,20,Ceiling,40,0.15625,1.0000000000000002,128.0,0.5,False,788919567
7,8,1,0.05859375,0.01953125,0.0,20,Ceiling,47,0.18359375,1.0000000000000002,128.0,0.5,False,788919567
7,8,1,0.05859375,0.01953125,0.0,20,Ceiling,55,0.21484375,1.0000000000000002,128.0,0.5,False,788919567
7,8,1,0.05859375,0.01953125,0.0,20,Ceiling,66,0.2578125,1.0000000000000002,128.0,0.5,False,788919567
7,8,1,0.05859375,0.01953125,0.0,20,Ceiling,77,0.30078125,1.0000000000000002,128.0,0.5,False,788919567
7,8,1,0.05859375,0.01953125,0.0,20,Ceiling,92,0.359375,1.0000000000000002,128.0,0.5,False,788919567
7,8,1,0.05859375,0.01953125,0.0,20,Ceiling,108,0.421875,1.0000000000000002,128.0,0.5,False,788919567
7,8,1,0.05859375,0.01953125,0.0,20,Ceiling,128,0.5,1.0000000000000002,128.0,0.5,False,788919567
7,8,1,0.05859375,0.01953125,0.0,66,BARK,1,0.00390625,0.0,16.0,0.0625,True,788919567
7,8,1,0.05859375,0.01953125,0.0,66,BARK,2,0.0078125,4.207798498047208e-37,16.0,0.0625,True,788919567
7,8,1,0.05859375,0.01953125,0.0,66,BARK,3,0.01171875,1.1446440909334239e-35,16.0,0.0625,True,788919567
7,8,1,0.05859375,0.01953125,0.0,66,BARK,4,0.015625,1.1931843840685837e-35,16.0,0.0625,True,788919567
7,8,1,0.05859375,0.01953125,0.0,66,BARK,5,0.01953125,1.1813576916908709e-35,16.0,0.0625,True,788919567
7,8,1,0.05859375,0.01953125,0.0,66,BARK,6,0.0234375,1.1812510897340262e-35,16.0,0.0625,True,788919567
7,8,1,0.05859375,0.01953125,0.0,66,BARK,7,0.02734375,1.1848435276863133e-35,16.0,0.0625,True,788919567
7,8,1,0.05859375,0.01953125,0.0,66,BARK,9,0.03515625,1.8071043698363685e-35,16.0,0.0625,True,788919567
7,8,1,0.05859375,0.01953125,0.0,66,BARK,10,0.0390625,1.8081577629898289e-35,16.0,0.0625,True,788919567
7,8,1,0.05859375,0.01953125,0.0,66,BARK,12,0.046875,1.8014584325246709e-35,16.0,0.0625,True,788919567
7,8,1,0.05859375,0.01953125,0.0,66,BARK,15,0.05859375,1.8012202003849011e-35,16.0,0.0625,True,788919567
7,8,1,0.05859375,0.01953125,0.0,66,BARK,17,0.06640625,1.8022666731319895e-35,16.0,0.0625,True,788919567
7,8,1,0.05859375,0.01953125,0.0,66,BARK,20,0.078125,1.8022666731319895e-35,16.0,0.0625,True,788919567
7,8,1,0.05859375,0.01953125,0.0,66,BARK,24,0.09375,1.8022666731319895e-35,16.0,0.0625,True,788919567
7,8,1,0.05859375,0.01953125,0.0,66,BARK,28,0.109375,1.8022666731319895e-35,16.0,0.0625,True,788919567
7,8,1,0.05859375,0.01953125,0.0,66,BARK,34,0.1328125,1.8022666731319895e-35,16.0,0.0625,True,788919567
7,8,1,0.05859375,0.01953125,0.0,66,BARK,40,0.15625,1.8022666731319895e-35,16.0,0.0625,True,788919567
7,8,1,0.05859375,0.01953125,0.0,66,BARK,47,0.18359375,1.8022666731319895e-35,16.0,0.0625,True,788919567
7,8,1,0.05859375,0.01953125,0.0,66,BARK,55,0.21484375,1.8022666731319895e-35,16.0,0.0625,True,788919567
7,8,1,0.05859375,0.01953125,0.0,66,BARK,66,0.2578125,1.8022666731319895e-35,16.0,0.0625,True,788919567
7,8,1,0.05859375,0.01953125,0.0,66,BARK,77,0.30078125,1.8022666731319895e-35,16.0,0.0625,True,788919567
7,8,1,0.05859375,0.01953125,0.0,66,BARK,92,0.359375,1.8022666731319895e-35,16.0,0.0625,True,788919567
7,8,1,0.05859375,0.01953125,0.0,66,BARK,108,0.421875,1.8022666731319895e-35,16.0,0.0625,True,788919567
7,8,1,0.05859375,0.01953125,0.0,66,BARK,128,0.5,1.8022666731319895e-35,16.0,0.0625,True,788919567
7,8,1,0.05859375,0.01953125,0.0,66,Simplified BARK,1,0.00390625,0.0,16.0,0.0625,True,788919567
7,8,1,0.05859375,0.01953125,0.0,66,Simplified BARK,2,0.0078125,4.3195612399851046e-38,16.0,0.0625,True,788919567
7,8,1,0.05859375,0.01953125,0.0,66,Simplified BARK,3,0.01171875,2.086837680780209e-37,16.0,0.0625,True,788919567
7,8,1,0.05859375,0.01953125,0.0,66,Simplified BARK,4,0.015625,1.321282336712641e-37,16.0,0.0625,True,788919567
7,8,1,0.05859375,0.01953125,0.0,66,Simplified BARK,5,0.01953125,4.360634764286139e-40,16.0,0.0625,True,788919567
7,8,1,0.05859375,0.01953125,0.0,66,Simplified BARK,6,0.0234375,4.1593593317273975e-40,16.0,0.0625,True,788919567
7,8,1,0.05859375,0.01953125,0.0,66,Simplified BARK,7,0.02734375,9.78035017069633e-40,16.0,0.0625,True,788919567
7,8,1,0.05859375,0.01953125,0.0,66,Simplified BARK,9,0.03515625,1.1954570579422541e-35,16.0,0.0625,True,788919567
7,8,1,0.05859375,0.01953125,0.0,66,Simplified BARK,10,0.0390625,1.2354728046957147e-35,16.0,0.0625,True,788919567
7,8,1,0.05859375,0.01953125,0.0,66,Simplified BARK,12,0.046875,1.883456449145924e-35,16.0,0.0625,True,788919567
7,8,1,0.05859375,0.01953125,0.0,66,Simplified BARK,15,0.05859375,1.8060484134280404e-35,16.0,0.0625,True,788919567
7,8,1,0.05859375,0.01953125,0.0,66,Simplified BARK,17,0.06640625,1.8022666731319903e-35,16.0,0.0625,True,788919567
7,8,1,0.05859375,0.01953125,0.0,66,Simplified BARK,20,0.078125,1.8022666731319903e-35,16.0,0.0625,True,788919567
7,8,1,0.05859375,0.01953125,0.0,66,Simplified BARK,24,0.09375,1.8022666731319903e-35,16.0,0.0625,True,788919567
7,8,1,0.05859375,0.01953125,0.0,66,Simplified BARK,28,0.109375,1.8022666731319903e-35,16.0,0.0625,True,788919567
7,8,1,0.05859375,0.01953125,0.0,66,Simplified BARK,34,0.1328125,1.8022666731319903e-35,16.0,0.0625,True,788919567
7,8,1,0.05859375,0.01953125,0.0,66,Simplified BARK,40,0.15625,1.8022666731319903e-35,16.0,0.0625,True,788919567
7,8,1,0.05859375,0.01953125,0.0,66,Simplified BARK,47,0.18359375,1.8022666731319903e-35,16.0,0.0625,True,788919567
7,8,1,0.05859375,0.01953125,0.0,66,Simplified BARK,55,0.21484375,1.8022666731319903e-35,16.0,0.0625,True,788919567
7,8,1,0.05859375,0.01953125,0.0,66,Simplified BARK,66,0.2578125,1.8022666731319903e-35,16.0,0.0625,True,788919567
7,8,1,0.05859375,0.01953125,0.0,66,Simplified BARK,77,0.30078125,1.8022666731319903e-35,16.0,0.0625,True,788919567
7,8,1,0.05859375,0.01953125,0.0,66,Simplified BARK,92,0.359375,1.8022666731319903e-35,16.0,0.0625,True,788919567
7,8,1,0.05859375,0.01953125,0.0,66,Simplified BARK,108,0.421875,1.8022666731319903e-35,16.0,0.0625,True,788919567
7,8,1,0.05859375,0.01953125,0.0,66,Simplified BARK,128,0.5,1.8022666731319903e-35,16.0,0.0625,True,788919567
7,8,1,0.05859375,0.01953125,0.0,66,SKQD,1,0.00390625,0.0,7.0,0.02734375,True,788919567
7,8,1,0.05859375,0.01953125,0.0,66,SKQD,2,0.0078125,0.0,7.0,0.02734375,True,788919567
7,8,1,0.05859375,0.01953125,0.0,66,SKQD,3,0.01171875,8.092635489000655e-38,7.0,0.02734375,True,788919567
7,8,1,0.05859375,0.01953125,0.0,66,SKQD,4,0.015625,8.092635489000655e-38,7.0,0.02734375,True,788919567
7,8,1,0.05859375,0.01953125,0.0,66,SKQD,5,0.01953125,1.756985415478751e-37,7.0,0.02734375,True,788919567
7,8,1,0.05859375,0.01953125,0.0,66,SKQD,6,0.0234375,1.7569745909645715e-37,7.0,0.02734375,True,788919567
7,8,1,0.05859375,0.01953125,0.0,66,SKQD,7,0.02734375,1.7595776978481844e-37,7.0,0.02734375,True,788919567
7,8,1,0.05859375,0.01953125,0.0,66,SKQD,9,0.03515625,1.7587771278387652e-37,7.0,0.02734375,True,788919567
7,8,1,0.05859375,0.01953125,0.0,66,SKQD,10,0.0390625,1.7587771278387652e-37,7.0,0.02734375,True,788919567
7,8,1,0.05859375,0.01953125,0.0,66,SKQD,12,0.046875,3.287557849779054e-37,7.0,0.02734375,True,788919567
7,8,1,0.05859375,0.01953125,0.0,66,SKQD,15,0.05859375,3.287557849779054e-37,7.0,0.02734375,True,788919567
7,8,1,0.05859375,0.01953125,0.0,66,SKQD,17,0.06640625,3.287557849779054e-37,7.0,0.02734375,True,788919567
7,8,1,0.05859375,0.01953125,0.0,66,SKQD,20,0.078125,3.287557849779054e-37,7.0,0.02734375,True,788919567
7,8,1,0.05859375,0.01953125,0.0,66,SKQD,24,0.09375,3.287557849779054e-37,7.0,0.02734375,True,788919567
7,8,1,0.05859375,0.01953125,0.0,66,SKQD,28,0.109375,3.287557849779054e-37,7.0,0.02734375,True,788919567
7,8,1,0.05859375,0.01953125,0.0,66,SKQD,34,0.1328125,3.287557849779054e-37,7.0,0.02734375,True,788919567
7,8,1,0.05859375,0.01953125,0.0,66,SKQD,40,0.15625,3.287557849779054e-37,7.0,0.02734375,True,788919567
7,8,1,0.05859375,0.01953125,0.0,66,SKQD,47,0.18359375,3.287557849779054e-37,7.0,0.02734375,True,788919567
7,8,1,0.05859375,0.01953125,0.0,66,SKQD,55,0.21484375,3.287557849779054e-37,7.0,0.02734375,True,788919567
7,8,1,0.05859375,0.01953125,0.0,66,SKQD,66,0.2578125,3.287557849779054e-37,7.0,0.02734375,True,788919567
7,8,1,0.05859375,0.01953125,0.0,66,SKQD,77,0.30078125,3.287557849779054e-37,7.0,0.02734375,True,788919567
7,8,1,0.05859375,0.01953125,0.0,66,SKQD,92,0.359375,3.287557849779054e-37,7.0,0.02734375,True,788919567
7,8,1,0.05859375,0.01953125,0.0,66,SKQD,108,0.421875,3.287557849779054e-37,7.0,0.02734375,True,788919567
7,8,1,0.05859375,0.01953125,0.0,66,SKQD,128,0.5,3.287557849779054e-37,7.0,0.02734375,True,788919567
7,8,1,0.05859375,0.01953125,0.0,66,Ceiling,1,0.00390625,0.8861589204370905,128.0,0.5,False,788919567
7,8,1,0.05859375,0.01953125,0.0,66,Ceiling,2,0.0078125,0.9401386919463748,128.0,0.5,False,788919567
7,8,1,0.05859375,0.01953125,0.0,66,Ceiling,3,0.01171875,0.9812181915091323,128.0,0.5,False,788919567
7,8,1,0.05859375,0.01953125,0.0,66,Ceiling,4,0.015625,0.9907782357739547,128.0,0.5,False,788919567
7,8,1,0.05859375,0.01953125,0.0,66,Ceiling,5,0.01953125,0.9958286494807933,128.0,0.5,False,788919567
7,8,1,0.05859375,0.01953125,0.0,66,Ceiling,6,0.0234375,0.9983309794229437,128.0,0.5,False,788919567
7,8,1,0.05859375,0.01953125,0.0,66,Ceiling,7,0.02734375,0.9989133230558208,128.0,0.5,False,788919567
7,8,1,0.05859375,0.01953125,0.0,66,Ceiling,9,0.03515625,0.9996641387354633,128.0,0.5,False,788919567
7,8,1,0.05859375,0.01953125,0.0,66,Ceiling,10,0.0390625,0.9998982597975856,128.0,0.5,False,788919567
7,8,1,0.05859375,0.01953125,0.0,66,Ceiling,12,0.046875,0.9999797401753598,128.0,0.5,False,788919567
7,8,1,0.05859375,0.01953125,0.0,66,Ceiling,15,0.05859375,0.9999998461462086,128.0,0.5,False,788919567
7,8,1,0.05859375,0.01953125,0.0,66,Ceiling,17,0.06640625,1.0000000000000002,128.0,0.5,False,788919567
7,8,1,0.05859375,0.01953125,0.0,66,Ceiling,20,0.078125,1.0000000000000002,128.0,0.5,False,788919567
7,8,1,0.05859375,0.01953125,0.0,66,Ceiling,24,0.09375,1.0000000000000002,128.0,0.5,False,788919567
7,8,1,0.05859375,0.01953125,0.0,66,Ceiling,28,0.109375,1.0000000000000002,128.0,0.5,False,788919567
7,8,1,0.05859375,0.01953125,0.0,66,Ceiling,34,0.1328125,1.0000000000000002,128.0,0.5,False,788919567
7,8,1,0.05859375,0.01953125,0.0,66,Ceiling,40,0.15625,1.0000000000000002,128.0,0.5,False,788919567
7,8,1,0.05859375,0.01953125,0.0,66,Ceiling,47,0.18359375,1.0000000000000002,128.0,0.5,False,788919567
7,8,1,0.05859375,0.01953125,0.0,66,Ceiling,55,0.21484375,1.0000000000000002,128.0,0.5,False,788919567
7,8,1,0.05859375,0.01953125,0.0,66,Ceiling,66,0.2578125,1.0000000000000002,128.0,0.5,False,788919567
7,8,1,0.05859375,0.01953125,0.0,66,Ceiling,77,0.30078125,1.0000000000000002,128.0,0.5,False,788919567
7,8,1,0.05859375,0.01953125,0.0,66,Ceiling,92,0.359375,1.0000000000000002,128.0,0.5,False,788919567
7,8,1,0.05859375,0.01953125,0.0,66,Ceiling,108,0.421875,1.0000000000000002,128.0,0.5,False,788919567
7,8,1,0.05859375,0.01953125,0.0,66,Ceiling,128,0.5,1.0000000000000002,128.0,0.5,False,788919567
7,8,2,0.234375,0.03125,0.0875364244846803,40,BARK,1,0.00390625,0.0875364244846803,64.0,0.25,True,1175403707
7,8,2,0.234375,0.03125,0.0875364244846803,40,BARK,2,0.0078125,0.5447407032462818,64.0,0.25,True,1175403707
7,8,2,0.234375,0.03125,0.0875364244846803,40,BARK,3,0.01171875,0.8508061965004414,64.0,0.25,True,1175403707
7,8,2,0.234375,0.03125,0.0875364244846803,40,BARK,4,0.015625,0.8642526050594456,64.0,0.25,True,1175403707
7,8,2,0.234375,0.03125,0.0875364244846803,40,BARK,5,0.01953125,0.9034125859836455,64.0,0.25,True,1175403707
7,8,2,0.234375,0.03125,0.0875364244846803,40,BARK,6,0.0234375,0.910764326832029,64.0,0.25,True,1175403707
7,8,2,0.234375,0.03125,0.0875364244846803,40,BARK,7,0.02734375,0.910985919665487,64.0,0.25,True,1175403707
7,8,2,0.234375,0.03125,0.0875364244846803,40,BARK,9,0.03515625,0.9487702041504412,64.0,0.25,True,1175403707
7,8,2,0.234375,0.03125,0.0875364244846803,40,BARK,10,0.0390625,0.9502786553065898,64.0,0.25,True,1175403707
7,8,2,0.234375,0.03125,0.0875364244846803,40,BARK,12,0.046875,0.9527679131638231,64.0,0.25,True,1175403707
7,8,2,0.234375,0.03125,0.0875364244846803,40,BARK,15,0.05859375,0.970263014759418,64.0,0.25,True,1175403707
7,8,2,0.234375,0.03125,0.0875364244846803,40,BARK,17,0.06640625,0.9776822933606246,64.0,0.25,True,1175403707
7,8,2,0.234375,0.03125,0.0875364244846803,40,BARK,20,0.078125,0.9791117545227017,64.0,0.25,True,1175403707
7,8,2,0.234375,0.03125,0.0875364244846803,40,BARK,24,0.09375,0.9855556056472579,64.0,0.25,True,1175403707
7,8,2,0.234375,0.03125,0.0875364244846803,40,BARK,28,0.109375,0.9866271795293956,64.0,0.25,True,1175403707
7,8,2,0.234375,0.03125,0.0875364244846803,40,BARK,34,0.1328125,0.987143131884934,64.0,0.25,True,1175403707
7,8,2,0.234375,0.03125,0.0875364244846803,40,BARK,40,0.15625,0.9972920208862177,64.0,0.25,True,1175403707
7,8,2,0.234375,0.03125,0.0875364244846803,40,BARK,47,0.18359375,0.9990280611124404,64.0,0.25,True,1175403707
7,8,2,0.234375,0.03125,0.0875364244846803,40,BARK,55,0.21484375,0.9995982101427308,64.0,0.25,True,1175403707
7,8,2,0.234375,0.03125,0.0875364244846803,40,BARK,66,0.2578125,0.9999999999999996,64.0,0.25,True,1175403707
7,8,2,0.234375,0.03125,0.0875364244846803,40,BARK,77,0.30078125,0.9999999999999996,64.0,0.25,True,1175403707
7,8,2,0.234375,0.03125,0.0875364244846803,40,BARK,92,0.359375,0.9999999999999996,64.0,0.25,True,1175403707
7,8,2,0.234375,0.03125,0.0875364244846803,40,BARK,108,0.421875,0.9999999999999996,64.0,0.25,True,1175403707
7,8,2,0.234375,0.03125,0.0875364244846803,40,BARK,128,0.5,0.9999999999999996,64.0,0.25,True,1175403707
7,8,2,0.234375,0.03125,0.0875364244846803,40,Simplified BARK,1,0.00390625,0.0875364244846803,64.0,0.25,True,1175403707
7,8,2,0.234375,0.03125,0.0875364244846803,40,Simplified BARK,2,0.0078125,0.5447407032462818,64.0,0.25,True,1175403707
7,8,2,0.234375,0.03125,0.0875364244846803,40,Simplified BARK,3,0.01171875,0.5790785757389267,64.0,0.25,True,1175403707
7,8,2,0.234375,0.03125,0.0875364244846803,40,Simplified BARK,4,0.015625,0.5827666811364052,64.0,0.25,True,1175403707
7,8,2,0.234375,0.03125,0.0875364244846803,40,Simplified BARK,5,0.01953125,0.5837808506196228,64.0,0.25,True,1175403707
7,8,2,0.234375,0.03125,0.0875364244846803,40,Simplified BARK,6,0.0234375,0.6057248204964747,64.0,0.25,True,1175403707
7,8,2,0.234375,0.03125,0.0875364244846803,40,Simplified BARK,7,0.02734375,0.6125219909134285,64.0,0.25,True,1175403707
7,8,2,0.234375,0.03125,0.0875364244846803,40,Simplified BARK,9,0.03515625,0.9305694460090921,64.0,0.25,True,1175403707
7,8,2,0.234375,0.03125,0.0875364244846803,40,Simplified BARK,10,0.0390625,0.9305843044162501,64.0,0.25,True,1175403707
7,8,2,0.234375,0.03125,0.0875364244846803,40,Simplified BARK,12,0.046875,0.9539441050720532,64.0,0.25,True,1175403707
7,8,2,0.234375,0.03125,0.0875364244846803,40,Simplified BARK,15,0.05859375,0.9543666954623489,64.0,0.25,True,1175403707
7,8,2,0.234375,0.03125,0.0875364244846803,40,Simplified BARK,17,0.06640625,0.9551416068761748,64.0,0.25,True,1175403707
7,8,2,0.234375,0.03125,0.0875364244846803,40,Simplified BARK,20,0.078125,0.9568706030347299,64.0,0.25,True,1175403707
7,8,2,0.234375,0.03125,0.0875364244846803,40,Simplified BARK,24,0.09375,0.9671388663338182,64.0,0.25,True,1175403707
7,8,2,0.234375,0.03125,0.0875364244846803,40,Simplified BARK,28,0.109375,0.9718106240899441,64.0,0.25,True,1175403707
7,8,2,0.234375,0.03125,0.0875364244846803,40,Simplified BARK,34,0.1328125,0.9916337082389679,64.0,0.25,True,1175403707
7,8,2,0.234375,0.03125,0.0875364244846803,40,Simplified BARK,40,0.15625,0.9963538810511015,64.0,0.25,True,1175403707
7,8,2,0.234375,0.03125,0.0875364244846803,40,Simplified BARK,47,0.18359375,0.9995302327639868,64.0,0.25,True,1175403707
7,8,2,0.234375,0.03125,0.0875364244846803,40,Simplified BARK,55,0.21484375,0.9997906473810673,64.0,0.25,True,1175403707
7,8,2,0.234375,0.03125,0.0875364244846803,40,Simplified BARK,66,0.2578125,1.0,64.0,0.25,True,1175403707
7,8,2,0.234375,0.03125,0.0875364244846803,40,Simplified BARK,77,0.30078125,1.0,64.0,0.25,True,1175403707
7,8,2,0.234375,0.03125,0.0875364244846803,40,Simplified BARK,92,0.359375,1.0,64.0,0.25,True,1175403707
7,8,2,0.234375,0.03125,0.0875364244846803,40,Simplified BARK,108,0.421875,1.0,64.0,0.25,True,1175403707
7,8,2,0.234375,0.03125,0.0875364244846803,40,Simplified BARK,128,0.5,1.0,64.0,0.25,True,1175403707
7,8,2,0.234375,0.03125,0.0875364244846803,40,SKQD,1,0.00390625,0.0875364244846803,34.666666666666664,0.13541666666666666,True,1175403707
7,8,2,0.234375,0.03125,0.0875364244846803,40,SKQD,2,0.0078125,0.0875364244846803,34.666666666666664,0.13541666666666666,True,1175403707
7,8,2,0.234375,0.03125,0.0875364244846803,40,SKQD,3,0.01171875,0.0875364244846803,34.666666666666664,0.13541666666666666,True,1175403707
7,8,2,0.234375,0.03125,0.0875364244846803,40,SKQD,4,0.015625,0.0875364244846803,34.666666666666664,0.13541666666666666,True,1175403707
7,8,2,0.234375,0.03125,0.0875364244846803,40,SKQD,5,0.01953125,0.3944732511221825,34.666666666666664,0.13541666666666666,True,1175403707
7,8,2,0.234375,0.03125,0.0875364244846803,40,SKQD,6,0.0234375,0.3944732511221825,34.666666666666664,0.13541666666666666,True,1175403707
7,8,2,0.234375,0.03125,0.0875364244846803,40,SKQD,7,0.02734375,0.5606283722852591,34.666666666666664,0.13541666666666666,True,1175403707
7,8,2,0.234375,0.03125,0.0875364244846803,40,SKQD,9,0.03515625,0.5606283722852591,34.666666666666664,0.13541666666666666,True,1175403707
7,8,2,0.234375,0.03125,0.0875364244846803,40,SKQD,10,0.0390625,0.6601567824048978,34.666666666666664,0.13541666666666666,True,1175403707
7,8,2,0.234375,0.03125,0.0875364244846803,40,SKQD,12,0.046875,0.6791892906487215,34.666666666666664,0.13541666666666666,True,1175403707
7,8,2,0.234375,0.03125,0.0875364244846803,40,SKQD,15,0.05859375,0.7060682044169931,34.666666666666664,0.13541666666666666,True,1175403707
7,8,2,0.234375,0.03125,0.0875364244846803,40,SKQD,17,0.06640625,0.7087913927262877,34.666666666666664,0.13541666666666666,True,1175403707
7,8,2,0.234375,0.03125,0.0875364244846803,40,SKQD,20,0.078125,0.7177675729284436,34.666666666666664,0.13541666666666666,True,1175403707
7,8,2,0.234375,0.03125,0.0875364244846803,40,SKQD,24,0.09375,0.8318449431719154,34.666666666666664,0.13541666666666666,True,1175403707
7,8,2,0.234375,0.03125,0.0875364244846803,40,SKQD,28,0.109375,0.8575324666527466,34.666666666666664,0.13541666666666666,True,1175403707
7,8,2,0.234375,0.03125,0.0875364244846803,40,SKQD,34,0.1328125,0.9918396944837738,34.666666666666664,0.13541666666666666,True,1175403707
7,8,2,0.234375,0.03125,0.0875364244846803,40,SKQD,40,0.15625,0.9956077555162243,34.666666666666664,0.13541666666666666,True,1175403707
7,8,2,0.234375,0.03125,0.0875364244846803,40,SKQD,47,0.18359375,0.9956077555162243,34.666666666666664,0.13541666666666666,True,1175403707
7,8,2,0.234375,0.03125,0.0875364244846803,40,SKQD,55,0.21484375,0.9956077555162243,34.666666666666664,0.13541666666666666,True,1175403707
7,8,2,0.234375,0.03125,0.0875364244846803,40,SKQD,66,0.2578125,0.9956077555162243,34.666666666666664,0.13541666666666666,True,1175403707
7,8,2,0.234375,0.03125,0.0875364244846803,40,SKQD,77,0.30078125,0.9956077555162243,34.666666666666664,0.13541666666666666,True,1175403707
7,8,2,0.234375,0.03125,0.0875364244846803,40,SKQD,92,0.359375,0.9956077555162243,34.666666666666664,0.13541666666666666,True,1175403707
7,8,2,0.234375,0.03125,0.0875364244846803,40,SKQD,108,0.421875,0.9956077555162243,34.666666666666664,0.13541666666666666,True,1175403707
7,8,2,0.234375,0.03125,0.0875364244846803,40,SKQD,128,0.5,0.9956077555162243,34.666666666666664,0.13541666666666666,True,1175403707
7,8,2,0.234375,0.03125,0.0875364244846803,40,Ceiling,1,0.00390625,0.4610635631291901,128.0,0.5,False,1175403707
7,8,2,0.234375,0.03125,0.0875364244846803,40,Ceiling,2,0.0078125,0.7633175318356418,128.0,0.5,False,1175403707
7,8,2,0.234375,0.03125,0.0875364244846803,40,Ceiling,3,0.01171875,0.8508539563203221,128.0,0.5,False,1175403707
7,8,2,0.234375,0.03125,0.0875364244846803,40,Ceiling,4,0.015625,0.8829803016017104,128.0,0.5,False,1175403707
7,8,2,0.234375,0.03125,0.0875364244846803,40,Ceiling,5,0.01953125,0.9046662210521764,128.0,0.5,False,1175403707
7,8,2,0.234375,0.03125,0.0875364244846803,40,Ceiling,6,0.0234375,0.9243881286421679,128.0,0.5,False,1175403707
7,8,2,0.234375,0.03125,0.0875364244846803,40,Ceiling,7,0.02734375,0.9431314161870824,128.0,0.5,False,1175403707
7,8,2,0.234375,0.03125,0.0875364244846803,40,Ceiling,9,0.03515625,0.9600960183710219,128.0,0.5,False,1175403707
7,8,2,0.234375,0.03125,0.0875364244846803,40,Ceiling,10,0.0390625,0.9666937999259558,128.0,0.5,False,1175403707
7,8,2,0.234375,0.03125,0.0875364244846803,40,Ceiling,12,0.046875,0.9768184505996983,128.0,0.5,False,1175403707
7,8,2,0.234375,0.03125,0.0875364244846803,40,Ceiling,15,0.05859375,0.9866029980361961,128.0,0.5,False,1175403707
7,8,2,0.234375,0.03125,0.0875364244846803,40,Ceiling,17,0.06640625,0.9896475700971719,128.0,0.5,False,1175403707
7,8,2,0.234375,0.03125,0.0875364244846803,40,Ceiling,20,0.078125,0.9929159188011005,128.0,0.5,False,1175403707
7,8,2,0.234375,0.03125,0.0875364244846803,40,Ceiling,24,0.09375,0.9960751581676325,128.0,0.5,False,1175403707
7,8,2,0.234375,0.03125,0.0875364244846803,40,Ceiling,28,0.109375,0.9981040872662456,128.0,0.5,False,1175403707
7,8,2,0.234375,0.03125,0.0875364244846803,40,Ceiling,34,0.1328125,0.9993870573728596,128.0,0.5,False,1175403707
7,8,2,0.234375,0.03125,0.0875364244846803,40,Ceiling,40,0.15625,0.9998201198473627,128.0,0.5,False,1175403707
7,8,2,0.234375,0.03125,0.0875364244846803,40,Ceiling,47,0.18359375,0.9999429567657503,128.0,0.5,False,1175403707
7,8,2,0.234375,0.03125,0.0875364244846803,40,Ceiling,55,0.21484375,0.9999887300471301,128.0,0.5,False,1175403707
7,8,2,0.234375,0.03125,0.0875364244846803,40,Ceiling,66,0.2578125,0.9999999999999999,128.0,0.5,False,1175403707
7,8,2,0.234375,0.03125,0.0875364244846803,40,Ceiling,77,0.30078125,0.9999999999999999,128.0,0.5,False,1175403707
7,8,2,0.234375,0.03125,0.0875364244846803,40,Ceiling,92,0.359375,0.9999999999999999,128.0,0.5,False,1175403707
7,8,2,0.234375,0.03125,0.0875364244846803,40,Ceiling,108,0.421875,0.9999999999999999,128.0,0.5,False,1175403707
7,8,2,0.234375,0.03125,0.0875364244846803,40,Ceiling,128,0.5,0.9999999999999999,128.0,0.5,False,1175403707
7,8,2,0.234375,0.03125,0.30225396870645166,72,BARK,1,0.00390625,0.30225396870645166,64.0,0.25,True,1175403707
7,8,2,0.234375,0.03125,0.30225396870645166,72,BARK,2,0.0078125,0.7386518678525988,64.0,0.25,True,1175403707
7,8,2,0.234375,0.03125,0.30225396870645166,72,BARK,3,0.01171875,0.8508061965004412,64.0,0.25,True,1175403707
7,8,2,0.234375,0.03125,0.30225396870645166,72,BARK,4,0.015625,0.8554167100975159,64.0,0.25,True,1175403707
7,8,2,0.234375,0.03125,0.30225396870645166,72,BARK,5,0.01953125,0.880188629484937,64.0,0.25,True,1175403707
7,8,2,0.234375,0.03125,0.30225396870645166,72,BARK,6,0.0234375,0.9107643268320292,64.0,0.25,True,1175403707
7,8,2,0.234375,0.03125,0.30225396870645166,72,BARK,7,0.02734375,0.9115831072784195,64.0,0.25,True,1175403707
7,8,2,0.234375,0.03125,0.30225396870645166,72,BARK,9,0.03515625,0.9282903463005568,64.0,0.25,True,1175403707
7,8,2,0.234375,0.03125,0.30225396870645166,72,BARK,10,0.0390625,0.9297149479735743,64.0,0.25,True,1175403707
7,8,2,0.234375,0.03125,0.30225396870645166,72,BARK,12,0.046875,0.945730336060477,64.0,0.25,True,1175403707
7,8,2,0.234375,0.03125,0.30225396870645166,72,BARK,15,0.05859375,0.9700099355072332,64.0,0.25,True,1175403707
7,8,2,0.234375,0.03125,0.30225396870645166,72,BARK,17,0.06640625,0.9776355312429132,64.0,0.25,True,1175403707
7,8,2,0.234375,0.03125,0.30225396870645166,72,BARK,20,0.078125,0.9797646309234916,64.0,0.25,True,1175403707
7,8,2,0.234375,0.03125,0.30225396870645166,72,BARK,24,0.09375,0.9897302628161768,64.0,0.25,True,1175403707
7,8,2,0.234375,0.03125,0.30225396870645166,72,BARK,28,0.109375,0.9912333877371712,64.0,0.25,True,1175403707
7,8,2,0.234375,0.03125,0.30225396870645166,72,BARK,34,0.1328125,0.9940101242708311,64.0,0.25,True,1175403707
7,8,2,0.234375,0.03125,0.30225396870645166,72,BARK,40,0.15625,0.9993433058951026,64.0,0.25,True,1175403707
7,8,2,0.234375,0.03125,0.30225396870645166,72,BARK,47,0.18359375,0.9998666967642545,64.0,0.25,True,1175403707
7,8,2,0.234375,0.03125,0.30225396870645166,72,BARK,55,0.21484375,0.9999774339397527,64.0,0.25,True,1175403707
7,8,2,0.234375,0.03125,0.30225396870645166,72,BARK,66,0.2578125,1.0,64.0,0.25,True,1175403707
7,8,2,0.234375,0.03125,0.30225396870645166,72,BARK,77,0.30078125,1.0,64.0,0.25,True,1175403707
7,8,2,0.234375,0.03125,0.30225396870645166,72,BARK,92,0.359375,1.0,64.0,0.25,True,1175403707
7,8,2,0.234375,0.03125,0.30225396870645166,72,BARK,108,0.421875,1.0,64.0,0.25,True,1175403707
7,8,2,0.234375,0.03125,0.30225396870645166,72,BARK,128,0.5,1.0,64.0,0.25,True,1175403707
7,8,2,0.234375,0.03125,0.30225396870645166,72,Simplified BARK,1,0.00390625,0.30225396870645166,64.0,0.25,True,1175403707
7,8,2,0.234375,0.03125,0.30225396870645166,72,Simplified BARK,2,0.0078125,0.3239333039250372,64.0,0.25,True,1175403707
7,8,2,0.234375,0.03125,0.30225396870645166,72,Simplified BARK,3,0.01171875,0.3246279663388011,64.0,0.25,True,1175403707
7,8,2,0.234375,0.03125,0.30225396870645166,72,Simplified BARK,4,0.015625,0.3246410632600687,64.0,0.25,True,1175403707
7,8,2,0.234375,0.03125,0.30225396870645166,72,Simplified BARK,5,0.01953125,0.32482577063948054,64.0,0.25,True,1175403707
7,8,2,0.234375,0.03125,0.30225396870645166,72,Simplified BARK,6,0.0234375,0.34601544718971383,64.0,0.25,True,1175403707
7,8,2,0.234375,0.03125,0.30225396870645166,72,Simplified BARK,7,0.02734375,0.3531703150107566,64.0,0.25,True,1175403707
7,8,2,0.234375,0.03125,0.30225396870645166,72,Simplified BARK,9,0.03515625,0.7959311499973727,64.0,0.25,True,1175403707
7,8,2,0.234375,0.03125,0.30225396870645166,72,Simplified BARK,10,0.0390625,0.9296872063702585,64.0,0.25,True,1175403707
7,8,2,0.234375,0.03125,0.30225396870645166,72,Simplified BARK,12,0.046875,0.9539441050720536,64.0,0.25,True,1175403707
7,8,2,0.234375,0.03125,0.30225396870645166,72,Simplified BARK,15,0.05859375,0.9543666954623489,64.0,0.25,True,1175403707
7,8,2,0.234375,0.03125,0.30225396870645166,72,Simplified BARK,17,0.06640625,0.955141606876175,64.0,0.25,True,1175403707
7,8,2,0.234375,0.03125,0.30225396870645166,72,Simplified BARK,20,0.078125,0.9568706030347308,64.0,0.25,True,1175403707
7,8,2,0.234375,0.03125,0.30225396870645166,72,Simplified BARK,24,0.09375,0.9671388663338184,64.0,0.25,True,1175403707
7,8,2,0.234375,0.03125,0.30225396870645166,72,Simplified BARK,28,0.109375,0.9718106240899443,64.0,0.25,True,1175403707
7,8,2,0.234375,0.03125,0.30225396870645166,72,Simplified BARK,34,0.1328125,0.9916337082389679,64.0,0.25,True,1175403707
7,8,2,0.234375,0.03125,0.30225396870645166,72,Simplified BARK,40,0.15625,0.996353881051101,64.0,0.25,True,1175403707
7,8,2,0.234375,0.03125,0.30225396870645166,72,Simplified BARK,47,0.18359375,0.9995302327639859,64.0,0.25,True,1175403707
7,8,2,0.234375,0.03125,0.30225396870645166,72,Simplified BARK,55,0.21484375,0.9997906473810668,64.0,0.25,True,1175403707
7,8,2,0.234375,0.03125,0.30225396870645166,72,Simplified BARK,66,0.2578125,1.0000000000000004,64.0,0.25,True,1175403707
7,8,2,0.234375,0.03125,0.30225396870645166,72,Simplified BARK,77,0.30078125,1.0000000000000004,64.0,0.25,True,1175403707
7,8,2,0.234375,0.03125,0.30225396870645166,72,Simplified BARK,92,0.359375,1.0000000000000004,64.0,0.25,True,1175403707
7,8,2,0.234375,0.03125,0.30225396870645166,72,Simplified BARK,108,0.421875,1.0000000000000004,64.0,0.25,True,1175403707
7,8,2,0.234375,0.03125,0.30225396870645166,72,Simplified BARK,128,0.5,1.0000000000000004,64.0,0.25,True,1175403707
7,8,2,0.234375,0.03125,0.30225396870645166,72,SKQD,1,0.00390625,0.30225396870645166,35.333333333333336,0.13802083333333334,True,1175403707
7,8,2,0.234375,0.03125,0.30225396870645166,72,SKQD,2,0.0078125,0.30225396870645166,35.333333333333336,0.13802083333333334,True,1175403707
7,8,2,0.234375,0.03125,0.30225396870645166,72,SKQD,3,0.01171875,0.30225396870645166,35.333333333333336,0.13802083333333334,True,1175403707
7,8,2,0.234375,0.03125,0.30225396870645166,72,SKQD,4,0.015625,0.30225396870645166,35.333333333333336,0.13802083333333334,True,1175403707
7,8,2,0.234375,0.03125,0.30225396870645166,72,SKQD,5,0.01953125,0.30225396870645166,35.333333333333336,0.13802083333333334,True,1175403707
7,8,2,0.234375,0.03125,0.30225396870645166,72,SKQD,6,0.0234375,0.30225396870645166,35.333333333333336,0.13802083333333334,True,1175403707
7,8,2,0.234375,0.03125,0.30225396870645166,72,SKQD,7,0.02734375,0.45617277621331714,35.333333333333336,0.13802083333333334,True,1175403707
7,8,2,0.234375,0.03125,0.30225396870645166,72,SKQD,9,0.03515625,0.6459154567577212,35.333333333333336,0.13802083333333334,True,1175403707
7,8,2,0.234375,0.03125,0.30225396870645166,72,SKQD,10,0.0390625,0.8509952963683322,35.333333333333336,0.13802083333333334,True,1175403707
7,8,2,0.234375,0.03125,0.30225396870645166,72,SKQD,12,0.046875,0.8509952963683322,35.333333333333336,0.13802083333333334,True,1175403707
7,8,2,0.234375,0.03125,0.30225396870645166,72,SKQD,15,0.05859375,0.8826176360708459,35.333333333333336,0.13802083333333334,True,1175403707
7,8,2,0.234375,0.03125,0.30225396870645166,72,SKQD,17,0.06640625,0.8826176360708459,35.333333333333336,0.13802083333333334,True,1175403707
7,8,2,0.234375,0.03125,0.30225396870645166,72,SKQD,20,0.078125,0.9481093505752822,35.333333333333336,0.13802083333333334,True,1175403707
7,8,2,0.234375,0.03125,0.30225396870645166,72,SKQD,24,0.09375,0.9833849818236745,35.333333333333336,0.13802083333333334,True,1175403707
7,8,2,0.234375,0.03125,0.30225396870645166,72,SKQD,28,0.109375,0.9892744308627027,35.333333333333336,0.13802083333333334,True,1175403707
7,8,2,0.234375,0.03125,0.30225396870645166,72,SKQD,34,0.1328125,0.9938534314741007,35.333333333333336,0.13802083333333334,True,1175403707
7,8,2,0.234375,0.03125,0.30225396870645166,72,SKQD,40,0.15625,0.9956923712739986,35.333333333333336,0.13802083333333334,True,1175403707
7,8,2,0.234375,0.03125,0.30225396870645166,72,SKQD,47,0.18359375,0.9956923712739986,35.333333333333336,0.13802083333333334,True,1175403707
7,8,2,0.234375,0.03125,0.30225396870645166,72,SKQD,55,0.21484375,0.9956923712739986,35.333333333333336,0.13802083333333334,True,1175403707
7,8,2,0.234375,0.03125,0.30225396870645166,72,SKQD,66,0.2578125,0.9956923712739986,35.333333333333336,0.13802083333333334,True,1175403707
7,8,2,0.234375,0.03125,0.30225396870645166,72,SKQD,77,0.30078125,0.9956923712739986,35.333333333333336,0.13802083333333334,True,1175403707
7,8,2,0.234375,0.03125,0.30225396870645166,72,SKQD,92,0.359375,0.9956923712739986,35.333333333333336,0.13802083333333334,True,1175403707
7,8,2,0.234375,0.03125,0.30225396870645166,72,SKQD,108,0.421875,0.9956923712739986,35.333333333333336,0.13802083333333334,True,1175403707
7,8,2,0.234375,0.03125,0.30225396870645166,72,SKQD,128,0.5,0.9956923712739986,35.333333333333336,0.13802083333333334,True,1175403707
7,8,2,0.234375,0.03125,0.30225396870645166,72,Ceiling,1,0.00390625,0.4610635631291901,128.0,0.5,False,1175403707
7,8,2,0.234375,0.03125,0.30225396870645166,72,Ceiling,2,0.0078125,0.7633175318356418,128.0,0.5,False,1175403707
7,8,2,0.234375,0.03125,0.30225396870645166,72,Ceiling,3,0.01171875,0.8508539563203221,128.0,0.5,False,1175403707
7,8,2,0.234375,0.03125,0.30225396870645166,72,Ceiling,4,0.015625,0.8829803016017104,128.0,0.5,False,1175403707
7,8,2,0.234375,0.03125,0.30225396870645166,72,Ceiling,5,0.01953125,0.9046662210521764,128.0,0.5,False,1175403707
7,8,2,0.234375,0.03125,0.30225396870645166,72,Ceiling,6,0.0234375,0.9243881286421679,128.0,0.5,False,1175403707
7,8,2,0.234375,0.03125,0.30225396870645166,72,Ceiling,7,0.02734375,0.9431314161870824,128.0,0.5,False,1175403707
7,8,2,0.234375,0.03125,0.30225396870645166,72,Ceiling,9,0.03515625,0.9600960183710219,128.0,0.5,False,1175403707
7,8,2,0.234375,0.03125,0.30225396870645166,72,Ceiling,10,0.0390625,0.9666937999259558,128.0,0.5,False,1175403707
7,8,2,0.234375,0.03125,0.30225396870645166,72,Ceiling,12,0.046875,0.9768184505996983,128.0,0.5,False,1175403707
7,8,2,0.234375,0.03125,0.30225396870645166,72,Ceiling,15,0.05859375,0.9866029980361961,128.0,0.5,False,1175403707
7,8,2,0.234375,0.03125,0.30225396870645166,72,Ceiling,17,0.06640625,0.9896475700971719,128.0,0.5,False,1175403707
7,8,2,0.234375,0.03125,0.30225396870645166,72,Ceiling,20,0.078125,0.9929159188011005,128.0,0.5,False,1175403707
7,8,2,0.234375,0.03125,0.30225396870645166,72,Ceiling,24,0.09375,0.9960751581676325,128.0,0.5,False,1175403707
7,8,2,0.234375,0.03125,0.30225396870645166,72,Ceiling,28,0.109375,0.9981040872662456,128.0,0.5,False,1175403707
7,8,2,0.234375,0.03125,0.30225396870645166,72,Ceiling,34,0.1328125,0.9993870573728596,128.0,0.5,False,1175403707
7,8,2,0.234375,0.03125,0.30225396870645166,72,Ceiling,40,0.15625,0.9998201198473627,128.0,0.5,False,1175403707
7,8,2,0.234375,0.03125,0.30225396870645166,72,Ceiling,47,0.18359375,0.9999429567657503,128.0,0.5,False,1175403707
7,8,2,0.234375,0.03125,0.30225396870645166,72,Ceiling,55,0.21484375,0.9999887300471301,128.0,0.5,False,1175403707
7,8,2,0.234375,0.03125,0.30225396870645166,72,Ceiling,66,0.2578125,0.9999999999999999,128.0,0.5,False,1175403707
7,8,2,0.234375,0.03125,0.30225396870645166,72,Ceiling,77,0.30078125,0.9999999999999999,128.0,0.5,False,1175403707
7,8,2,0.234375,0.03125,0.30225396870645166,72,Ceiling,92,0.359375,0.9999999999999999,128.0,0.5,False,1175403707
7,8,2,0.234375,0.03125,0.30225396870645166,72,Ceiling,108,0.421875,0.9999999999999999,128.0,0.5,False,1175403707
7,8,2,0.234375,0.03125,0.30225396870645166,72,Ceiling,128,0.5,0.9999999999999999,128.0,0.5,False,1175403707
7,8,2,0.234375,0.03125,0.4610635631291901,24,BARK,1,0.00390625,0.4610635631291901,64.0,0.25,True,1175403707
7,8,2,0.234375,0.03125,0.4610635631291901,24,BARK,2,0.0078125,0.7386518678525988,64.0,0.25,True,1175403707
7,8,2,0.234375,0.03125,0.4610635631291901,24,BARK,3,0.01171875,0.7291620536149632,64.0,0.25,True,1175403707
7,8,2,0.234375,0.03125,0.4610635631291901,24,BARK,4,0.015625,0.790853505406715,64.0,0.25,True,1175403707
7,8,2,0.234375,0.03125,0.4610635631291901,24,BARK,5,0.01953125,0.7956128545759058,64.0,0.25,True,1175403707
7,8,2,0.234375,0.03125,0.4610635631291901,24,BARK,6,0.0234375,0.9107643268320292,64.0,0.25,True,1175403707
7,8,2,0.234375,0.03125,0.4610635631291901,24,BARK,7,0.02734375,0.914375032882684,64.0,0.25,True,1175403707
7,8,2,0.234375,0.03125,0.4610635631291901,24,BARK,9,0.03515625,0.9523997944017618,64.0,0.25,True,1175403707
7,8,2,0.234375,0.03125,0.4610635631291901,24,BARK,10,0.0390625,0.9534302560038522,64.0,0.25,True,1175403707
7,8,2,0.234375,0.03125,0.4610635631291901,24,BARK,12,0.046875,0.9552298760510382,64.0,0.25,True,1175403707
7,8,2,0.234375,0.03125,0.4610635631291901,24,BARK,15,0.05859375,0.9733610628798828,64.0,0.25,True,1175403707
7,8,2,0.234375,0.03125,0.4610635631291901,24,BARK,17,0.06640625,0.9748002150836459,64.0,0.25,True,1175403707
7,8,2,0.234375,0.03125,0.4610635631291901,24,BARK,20,0.078125,0.9840823591707505,64.0,0.25,True,1175403707
7,8,2,0.234375,0.03125,0.4610635631291901,24,BARK,24,0.09375,0.9891940284554529,64.0,0.25,True,1175403707
7,8,2,0.234375,0.03125,0.4610635631291901,24,BARK,28,0.109375,0.9900717719180068,64.0,0.25,True,1175403707
7,8,2,0.234375,0.03125,0.4610635631291901,24,BARK,34,0.1328125,0.9977541508151027,64.0,0.25,True,1175403707
7,8,2,0.234375,0.03125,0.4610635631291901,24,BARK,40,0.15625,0.9979598522881676,64.0,0.25,True,1175403707
7,8,2,0.234375,0.03125,0.4610635631291901,24,BARK,47,0.18359375,0.9982302965155802,64.0,0.25,True,1175403707
7,8,2,0.234375,0.03125,0.4610635631291901,24,BARK,55,0.21484375,0.9999775030794,64.0,0.25,True,1175403707
7,8,2,0.234375,0.03125,0.4610635631291901,24,BARK,66,0.2578125,1.0000000000000004,64.0,0.25,True,1175403707
7,8,2,0.234375,0.03125,0.4610635631291901,24,BARK,77,0.30078125,1.0000000000000004,64.0,0.25,True,1175403707
7,8,2,0.234375,0.03125,0.4610635631291901,24,BARK,92,0.359375,1.0000000000000004,64.0,0.25,True,1175403707
7,8,2,0.234375,0.03125,0.4610635631291901,24,BARK,108,0.421875,1.0000000000000004,64.0,0.25,True,1175403707
7,8,2,0.234375,0.03125,0.4610635631291901,24,BARK,128,0.5,1.0000000000000004,64.0,0.25,True,1175403707
7,8,2,0.234375,0.03125,0.4610635631291901,24,Simplified BARK,1,0.00390625,0.4610635631291901,64.0,0.25,True,1175403707
7,8,2,0.234375,0.03125,0.4610635631291901,24,Simplified BARK,2,0.0078125,0.5447407032462817,64.0,0.25,True,1175403707
7,8,2,0.234375,0.03125,0.4610635631291901,24,Simplified BARK,3,0.01171875,0.5790785757389267,64.0,0.25,True,1175403707
7,8,2,0.234375,0.03125,0.4610635631291901,24,Simplified BARK,4,0.015625,0.5827666811364052,64.0,0.25,True,1175403707
7,8,2,0.234375,0.03125,0.4610635631291901,24,Simplified BARK,5,0.01953125,0.583780850619623,64.0,0.25,True,1175403707
7,8,2,0.234375,0.03125,0.4610635631291901,24,Simplified BARK,6,0.0234375,0.6057248204964749,64.0,0.25,True,1175403707
7,8,2,0.234375,0.03125,0.4610635631291901,24,Simplified BARK,7,0.02734375,0.6125219909134291,64.0,0.25,True,1175403707
7,8,2,0.234375,0.03125,0.4610635631291901,24,Simplified BARK,9,0.03515625,0.9305694460090925,64.0,0.25,True,1175403707
7,8,2,0.234375,0.03125,0.4610635631291901,24,Simplified BARK,10,0.0390625,0.9305843044162505,64.0,0.25,True,1175403707
7,8,2,0.234375,0.03125,0.4610635631291901,24,Simplified BARK,12,0.046875,0.9539441050720534,64.0,0.25,True,1175403707
7,8,2,0.234375,0.03125,0.4610635631291901,24,Simplified BARK,15,0.05859375,0.9543666954623486,64.0,0.25,True,1175403707
7,8,2,0.234375,0.03125,0.4610635631291901,24,Simplified BARK,17,0.06640625,0.955141606876175,64.0,0.25,True,1175403707
7,8,2,0.234375,0.03125,0.4610635631291901,24,Simplified BARK,20,0.078125,0.9568706030347304,64.0,0.25,True,1175403707
7,8,2,0.234375,0.03125,0.4610635631291901,24,Simplified BARK,24,0.09375,0.9671388663338184,64.0,0.25,True,1175403707
7,8,2,0.234375,0.03125,0.4610635631291901,24,Simplified BARK,28,0.109375,0.9718106240899443,64.0,0.25,True,1175403707
7,8,2,0.234375,0.03125,0.4610635631291901,24,Simplified BARK,34,0.1328125,0.9916337082389675,64.0,0.25,True,1175403707
7,8,2,0.234375,0.03125,0.4610635631291901,24,Simplified BARK,40,0.15625,0.996353881051101,64.0,0.25,True,1175403707
7,8,2,0.234375,0.03125,0.4610635631291901,24,Simplified BARK,47,0.18359375,0.9995302327639861,64.0,0.25,True,1175403707
7,8,2,0.234375,0.03125,0.4610635631291901,24,Simplified BARK,55,0.21484375,0.9997906473810668,64.0,0.25,True,1175403707
7,8,2,0.234375,0.03125,0.4610635631291901,24,Simplified BARK,66,0.2578125,0.9999999999999998,64.0,0.25,True,1175403707
7,8,2,0.234375,0.03125,0.4610635631291901,24,Simplified BARK,77,0.30078125,0.9999999999999998,64.0,0.25,True,1175403707
7,8,2,0.234375,0.03125,0.4610635631291901,24,Simplified BARK,92,0.359375,0.9999999999999998,64.0,0.25,True,1175403707
7,8,2,0.234375,0.03125,0.4610635631291901,24,Simplified BARK,108,0.421875,0.9999999999999998,64.0,0.25,True,1175403707
7,8,2,0.234375,0.03125,0.4610635631291901,24,Simplified BARK,128,0.5,0.9999999999999998,64.0,0.25,True,1175403707
7,8,2,0.234375,0.03125,0.4610635631291901,24,SKQD,1,0.00390625,0.4610635631291901,37.0,0.14453125,True,1175403707
7,8,2,0.234375,0.03125,0.4610635631291901,24,SKQD,2,0.0078125,0.4610635631291901,37.0,0.14453125,True,1175403707
7,8,2,0.234375,0.03125,0.4610635631291901,24,SKQD,3,0.01171875,0.4610635631291901,37.0,0.14453125,True,1175403707
7,8,2,0.234375,0.03125,0.4610635631291901,24,SKQD,4,0.015625,0.4610635631291901,37.0,0.14453125,True,1175403707
7,8,2,0.234375,0.03125,0.4610635631291901,24,SKQD,5,0.01953125,0.4610635631291901,37.0,0.14453125,True,1175403707
7,8,2,0.234375,0.03125,0.4610635631291901,24,SKQD,6,0.0234375,0.4610635631291901,37.0,0.14453125,True,1175403707
7,8,2,0.234375,0.03125,0.4610635631291901,24,SKQD,7,0.02734375,0.4610635631291901,37.0,0.14453125,True,1175403707
7,8,2,0.234375,0.03125,0.4610635631291901,24,SKQD,9,0.03515625,0.4610635631291901,37.0,0.14453125,True,1175403707
7,8,2,0.234375,0.03125,0.4610635631291901,24,SKQD,10,0.0390625,0.4610635631291901,37.0,0.14453125,True,1175403707
7,8,2,0.234375,0.03125,0.4610635631291901,24,SKQD,12,0.046875,0.4610635631291901,37.0,0.14453125,True,1175403707
7,8,2,0.234375,0.03125,0.4610635631291901,24,SKQD,15,0.05859375,0.4610635631291901,37.0,0.14453125,True,1175403707
7,8,2,0.234375,0.03125,0.4610635631291901,24,SKQD,17,0.06640625,0.8014692577174604,37.0,0.14453125,True,1175403707
7,8,2,0.234375,0.03125,0.4610635631291901,24,SKQD,20,0.078125,0.8014692577174604,37.0,0.14453125,True,1175403707
7,8,2,0.234375,0.03125,0.4610635631291901,24,SKQD,24,0.09375,0.9791070468042351,37.0,0.14453125,True,1175403707
7,8,2,0.234375,0.03125,0.4610635631291901,24,SKQD,28,0.109375,0.9806179520192241,37.0,0.14453125,True,1175403707
7,8,2,0.234375,0.03125,0.4610635631291901,24,SKQD,34,0.1328125,0.987638092447901,37.0,0.14453125,True,1175403707
7,8,2,0.234375,0.03125,0.4610635631291901,24,SKQD,40,0.15625,0.998030546345886,37.0,0.14453125,True,1175403707
7,8,2,0.234375,0.03125,0.4610635631291901,24,SKQD,47,0.18359375,0.998030546345886,37.0,0.14453125,True,1175403707
7,8,2,0.234375,0.03125,0.4610635631291901,24,SKQD,55,0.21484375,0.998030546345886,37.0,0.14453125,True,1175403707
7,8,2,0.234375,0.03125,0.4610635631291901,24,SKQD,66,0.2578125,0.998030546345886,37.0,0.14453125,True,1175403707
7,8,2,0.234375,0.03125,0.4610635631291901,24,SKQD,77,0.30078125,0.998030546345886,37.0,0.14453125,True,1175403707
7,8,2,0.234375,0.03125,0.4610635631291901,24,SKQD,92,0.359375,0.998030546345886,37.0,0.14453125,True,1175403707
7,8,2,0.234375,0.03125,0.4610635631291901,24,SKQD,108,0.421875,0.998030546345886,37.0,0.14453125,True,1175403707
7,8,2,0.234375,0.03125,0.4610635631291901,24,SKQD,128,0.5,0.998030546345886,37.0,0.14453125,True,1175403707
7,8,2,0.234375,0.03125,0.4610635631291901,24,Ceiling,1,0.00390625,0.4610635631291901,128.0,0.5,False,1175403707
7,8,2,0.234375,0.03125,0.4610635631291901,24,Ceiling,2,0.0078125,0.7633175318356418,128.0,0.5,False,1175403707
7,8,2,0.234375,0.03125,0.4610635631291901,24,Ceiling,3,0.01171875,0.8508539563203221,128.0,0.5,False,1175403707
7,8,2,0.234375,0.03125,0.4610635631291901,24,Ceiling,4,0.015625,0.8829803016017104,128.0,0.5,False,1175403707
7,8,2,0.234375,0.03125,0.4610635631291901,24,Ceiling,5,0.01953125,0.9046662210521764,128.0,0.5,False,1175403707
7,8,2,0.234375,0.03125,0.4610635631291901,24,Ceiling,6,0.0234375,0.9243881286421679,128.0,0.5,False,1175403707
7,8,2,0.234375,0.03125,0.4610635631291901,24,Ceiling,7,0.02734375,0.9431314161870824,128.0,0.5,False,1175403707
7,8,2,0.234375,0.03125,0.4610635631291901,24,Ceiling,9,0.03515625,0.9600960183710219,128.0,0.5,False,1175403707
7,8,2,0.234375,0.03125,0.4610635631291901,24,Ceiling,10,0.0390625,0.9666937999259558,128.0,0.5,False,1175403707
7,8,2,0.234375,0.03125,0.4610635631291901,24,Ceiling,12,0.046875,0.9768184505996983,128.0,0.5,False,1175403707
7,8,2,0.234375,0.03125,0.4610635631291901,24,Ceiling,15,0.05859375,0.9866029980361961,128.0,0.5,False,1175403707
7,8,2,0.234375,0.03125,0.4610635631291901,24,Ceiling,17,0.06640625,0.9896475700971719,128.0,0.5,False,1175403707
7,8,2,0.234375,0.03125,0.4610635631291901,24,Ceiling,20,0.078125,0.9929159188011005,128.0,0.5,False,1175403707
7,8,2,0.234375,0.03125,0.4610635631291901,24,Ceiling,24,0.09375,0.9960751581676325,128.0,0.5,False,1175403707
7,8,2,0.234375,0.03125,0.4610635631291901,24,Ceiling,28,0.109375,0.9981040872662456,128.0,0.5,False,1175403707
7,8,2,0.234375,0.03125,0.4610635631291901,24,Ceiling,34,0.1328125,0.9993870573728596,128.0,0.5,False,1175403707
7,8,2,0.234375,0.03125,0.4610635631291901,24,Ceiling,40,0.15625,0.9998201198473627,128.0,0.5,False,1175403707
7,8,2,0.234375,0.03125,0.4610635631291901,24,Ceiling,47,0.18359375,0.9999429567657503,128.0,0.5,False,1175403707
7,8,2,0.234375,0.03125,0.4610635631291901,24,Ceiling,55,0.21484375,0.9999887300471301,128.0,0.5,False,1175403707
7,8,2,0.234375,0.03125,0.4610635631291901,24,Ceiling,66,0.2578125,0.9999999999999999,128.0,0.5,False,1175403707
7,8,2,0.234375,0.03125,0.4610635631291901,24,Ceiling,77,0.30078125,0.9999999999999999,128.0,0.5,False,1175403707
7,8,2,0.234375,0.03125,0.4610635631291901,24,Ceiling,92,0.359375,0.9999999999999999,128.0,0.5,False,1175403707
7,8,2,0.234375,0.03125,0.4610635631291901,24,Ceiling,108,0.421875,0.9999999999999999,128.0,0.5,False,1175403707
7,8,2,0.234375,0.03125,0.4610635631291901,24,Ceiling,128,0.5,0.9999999999999999,128.0,0.5,False,1175403707
7,8,2,0.234375,0.03125,0.0,2,BARK,1,0.00390625,0.0,64.0,0.25,True,1175403707
7,8,2,0.234375,0.03125,0.0,2,BARK,2,0.0078125,6.749524659563776e-36,64.0,0.25,True,1175403707
7,8,2,0.234375,0.03125,0.0,2,BARK,3,0.01171875,6.592187618942062e-36,64.0,0.25,True,1175403707
7,8,2,0.234375,0.03125,0.0,2,BARK,4,0.015625,5.9036316190829686e-36,64.0,0.25,True,1175403707
7,8,2,0.234375,0.03125,0.0,2,BARK,5,0.01953125,6.099931173046747e-36,64.0,0.25,True,1175403707
7,8,2,0.234375,0.03125,0.0,2,BARK,6,0.0234375,5.6326874649173534e-36,64.0,0.25,True,1175403707
7,8,2,0.234375,0.03125,0.0,2,BARK,7,0.02734375,4.671580628612641e-36,64.0,0.25,True,1175403707
7,8,2,0.234375,0.03125,0.0,2,BARK,9,0.03515625,4.255665326969283e-36,64.0,0.25,True,1175403707
7,8,2,0.234375,0.03125,0.0,2,BARK,10,0.0390625,4.104477101681391e-36,64.0,0.25,True,1175403707
7,8,2,0.234375,0.03125,0.0,2,BARK,12,0.046875,4.833850061927453e-36,64.0,0.25,True,1175403707
7,8,2,0.234375,0.03125,0.0,2,BARK,15,0.05859375,4.7716377537068926e-36,64.0,0.25,True,1175403707
7,8,2,0.234375,0.03125,0.0,2,BARK,17,0.06640625,5.130114630911682e-36,64.0,0.25,True,1175403707
7,8,2,0.234375,0.03125,0.0,2,BARK,20,0.078125,5.1277567353790866e-36,64.0,0.25,True,1175403707
7,8,2,0.234375,0.03125,0.0,2,BARK,24,0.09375,5.389926780581988e-36,64.0,0.25,True,1175403707
7,8,2,0.234375,0.03125,0.0,2,BARK,28,0.109375,5.4070898288909797e-36,64.0,0.25,True,1175403707
7,8,2,0.234375,0.03125,0.0,2,BARK,34,0.1328125,5.462659146201008e-36,64.0,0.25,True,1175403707
7,8,2,0.234375,0.03125,0.0,2,BARK,40,0.15625,5.123378073282115e-36,64.0,0.25,True,1175403707
7,8,2,0.234375,0.03125,0.0,2,BARK,47,0.18359375,7.83549177899357e-36,64.0,0.25,True,1175403707
7,8,2,0.234375,0.03125,0.0,2,BARK,55,0.21484375,7.478334471228224e-36,64.0,0.25,True,1175403707
7,8,2,0.234375,0.03125,0.0,2,BARK,66,0.2578125,7.233498224957674e-36,64.0,0.25,True,1175403707
7,8,2,0.234375,0.03125,0.0,2,BARK,77,0.30078125,7.233498224957674e-36,64.0,0.25,True,1175403707
7,8,2,0.234375,0.03125,0.0,2,BARK,92,0.359375,7.233498224957674e-36,64.0,0.25,True,1175403707
7,8,2,0.234375,0.03125,0.0,2,BARK,108,0.421875,7.233498224957674e-36,64.0,0.25,True,1175403707
7,8,2,0.234375,0.03125,0.0,2,BARK,128,0.5,7.233498224957674e-36,64.0,0.25,True,1175403707
7,8,2,0.234375,0.03125,0.0,2,Simplified BARK,1,0.00390625,0.0,64.0,0.25,True,1175403707
7,8,2,0.234375,0.03125,0.0,2,Simplified BARK,2,0.0078125,3.4793087555645005e-34,64.0,0.25,True,1175403707
7,8,2,0.234375,0.03125,0.0,2,Simplified BARK,3,0.01171875,3.776521121982367e-34,64.0,0.25,True,1175403707
7,8,2,0.234375,0.03125,0.0,2,Simplified BARK,4,0.015625,3.790486805627377e-34,64.0,0.25,True,1175403707
7,8,2,0.234375,0.03125,0.0,2,Simplified BARK,5,0.01953125,3.79328041623501e-34,64.0,0.25,True,1175403707
7,8,2,0.234375,0.03125,0.0,2,Simplified BARK,6,0.0234375,3.5026233829201147e-34,64.0,0.25,True,1175403707
7,8,2,0.234375,0.03125,0.0,2,Simplified BARK,7,0.02734375,3.496829185998385e-34,64.0,0.25,True,1175403707
7,8,2,0.234375,0.03125,0.0,2,Simplified BARK,9,0.03515625,3.4649435998080245e-34,64.0,0.25,True,1175403707
7,8,2,0.234375,0.03125,0.0,2,Simplified BARK,10,0.0390625,3.452386369666055e-34,64.0,0.25,True,1175403707
7,8,2,0.234375,0.03125,0.0,2,Simplified BARK,12,0.046875,3.221819582572334e-37,64.0,0.25,True,1175403707
7,8,2,0.234375,0.03125,0.0,2,Simplified BARK,15,0.05859375,8.774420708223438e-37,64.0,0.25,True,1175403707
7,8,2,0.234375,0.03125,0.0,2,Simplified BARK,17,0.06640625,9.356887904424719e-37,64.0,0.25,True,1175403707
7,8,2,0.234375,0.03125,0.0,2,Simplified BARK,20,0.078125,9.429892316875673e-37,64.0,0.25,True,1175403707
7,8,2,0.234375,0.03125,0.0,2,Simplified BARK,24,0.09375,7.211928249118659e-36,64.0,0.25,True,1175403707
7,8,2,0.234375,0.03125,0.0,2,Simplified BARK,28,0.109375,7.514274271845927e-36,64.0,0.25,True,1175403707
7,8,2,0.234375,0.03125,0.0,2,Simplified BARK,34,0.1328125,8.268528379331549e-36,64.0,0.25,True,1175403707
7,8,2,0.234375,0.03125,0.0,2,Simplified BARK,40,0.15625,8.253074068720126e-36,64.0,0.25,True,1175403707
7,8,2,0.234375,0.03125,0.0,2,Simplified BARK,47,0.18359375,8.391126190807008e-36,64.0,0.25,True,1175403707
7,8,2,0.234375,0.03125,0.0,2,Simplified BARK,55,0.21484375,8.007269250042656e-36,64.0,0.25,True,1175403707
7,8,2,0.234375,0.03125,0.0,2,Simplified BARK,66,0.2578125,7.233498224957648e-36,64.0,0.25,True,1175403707
7,8,2,0.234375,0.03125,0.0,2,Simplified BARK,77,0.30078125,7.233498224957648e-36,64.0,0.25,True,1175403707
7,8,2,0.234375,0.03125,0.0,2,Simplified BARK,92,0.359375,7.233498224957648e-36,64.0,0.25,True,1175403707
7,8,2,0.234375,0.03125,0.0,2,Simplified BARK,108,0.421875,7.233498224957648e-36,64.0,0.25,True,1175403707
7,8,2,0.234375,0.03125,0.0,2,Simplified BARK,128,0.5,7.233498224957648e-36,64.0,0.25,True,1175403707
7,8,2,0.234375,0.03125,0.0,2,SKQD,1,0.00390625,0.0,8.666666666666666,0.033854166666666664,True,1175403707
7,8,2,0.234375,0.03125,0.0,2,SKQD,2,0.0078125,1.1597695851881668e-34,8.666666666666666,0.033854166666666664,True,1175403707
7,8,2,0.234375,0.03125,0.0,2,SKQD,3,0.01171875,1.1826471423639373e-34,8.666666666666666,0.033854166666666664,True,1175403707
7,8,2,0.234375,0.03125,0.0,2,SKQD,4,0.015625,1.1121513639863427e-34,8.666666666666666,0.033854166666666664,True,1175403707
7,8,2,0.234375,0.03125,0.0,2,SKQD,5,0.01953125,1.1263427799612282e-34,8.666666666666666,0.033854166666666664,True,1175403707
7,8,2,0.234375,0.03125,0.0,2,SKQD,6,0.0234375,1.1263427799612282e-34,8.666666666666666,0.033854166666666664,True,1175403707
7,8,2,0.234375,0.03125,0.0,2,SKQD,7,0.02734375,1.1263427799612282e-34,8.666666666666666,0.033854166666666664,True,1175403707
7,8,2,0.234375,0.03125,0.0,2,SKQD,9,0.03515625,1.1263427799612282e-34,8.666666666666666,0.033854166666666664,True,1175403707
7,8,2,0.234375,0.03125,0.0,2,SKQD,10,0.0390625,1.1396237576843689e-34,8.666666666666666,0.033854166666666664,True,1175403707
7,8,2,0.234375,0.03125,0.0,2,SKQD,12,0.046875,1.1396237576843689e-34,8.666666666666666,0.033854166666666664,True,1175403707
7,8,2,0.234375,0.03125,0.0,2,SKQD,15,0.05859375,1.1364791964869266e-34,8.666666666666666,0.033854166666666664,True,1175403707
7,8,2,0.234375,0.03125,0.0,2,SKQD,17,0.06640625,1.1358252370530696e-34,8.666666666666666,0.033854166666666664,True,1175403707
7,8,2,0.234375,0.03125,0.0,2,SKQD,20,0.078125,1.1358491209417466e-34,8.666666666666666,0.033854166666666664,True,1175403707
7,8,2,0.234375,0.03125,0.0,2,SKQD,24,0.09375,1.1359273222210546e-34,8.666666666666666,0.033854166666666664,True,1175403707
7,8,2,0.234375,0.03125,0.0,2,SKQD,28,0.109375,1.1359273222210546e-34,8.666666666666666,0.033854166666666664,True,1175403707
7,8,2,0.234375,0.03125,0.0,2,SKQD,34,0.1328125,1.1359273222210546e-34,8.666666666666666,0.033854166666666664,True,1175403707
7,8,2,0.234375,0.03125,0.0,2,SKQD,40,0.15625,1.1359273222210546e-34,8.666666666666666,0.033854166666666664,True,1175403707
7,8,2,0.234375,0.03125,0.0,2,SKQD,47,0.18359375,1.1359273222210546e-34,8.666666666666666,0.033854166666666664,True,1175403707
7,8,2,0.234375,0.03125,0.0,2,SKQD,55,0.21484375,1.1359273222210546e-34,8.666666666666666,0.033854166666666664,True,1175403707
7,8,2,0.234375,0.03125,0.0,2,SKQD,66,0.2578125,1.1359273222210546e-34,8.666666666666666,0.033854166666666664,True,1175403707
7,8,2,0.234375,0.03125,0.0,2,SKQD,77,0.30078125,1.1359273222210546e-34,8.666666666666666,0.033854166666666664,True,1175403707
7,8,2,0.234375,0.03125,0.0,2,SKQD,92,0.359375,1.1359273222210546e-34,8.666666666666666,0.033854166666666664,True,1175403707
7,8,2,0.234375,0.03125,0.0,2,SKQD,108,0.421875,1.1359273222210546e-34,8.666666666666666,0.033854166666666664,True,1175403707
7,8,2,0.234375,0.03125,0.0,2,SKQD,128,0.5,1.1359273222210546e-34,8.666666666666666,0.033854166666666664,True,1175403707
7,8,2,0.234375,0.03125,0.0,2,Ceiling,1,0.00390625,0.4610635631291901,128.0,0.5,False,1175403707
7,8,2,0.234375,0.03125,0.0,2,Ceiling,2,0.0078125,0.7633175318356418,128.0,0.5,False,1175403707
7,8,2,0.234375,0.03125,0.0,2,Ceiling,3,0.01171875,0.8508539563203221,128.0,0.5,False,1175403707
7,8,2,0.234375,0.03125,0.0,2,Ceiling,4,0.015625,0.8829803016017104,128.0,0.5,False,1175403707
7,8,2,0.234375,0.03125,0.0,2,Ceiling,5,0.01953125,0.9046662210521764,128.0,0.5,False,1175403707
7,8,2,0.234375,0.03125,0.0,2,Ceiling,6,0.0234375,0.9243881286421679,128.0,0.5,False,1175403707
7,8,2,0.234375,0.03125,0.0,2,Ceiling,7,0.02734375,0.9431314161870824,128.0,0.5,False,1175403707
7,8,2,0.234375,0.03125,0.0,2,Ceiling,9,0.03515625,0.9600960183710219,128.0,0.5,False,1175403707
7,8,2,0.234375,0.03125,0.0,2,Ceiling,10,0.0390625,0.9666937999259558,128.0,0.5,False,1175403707
7,8,2,0.234375,0.03125,0.0,2,Ceiling,12,0.046875,0.9768184505996983,128.0,0.5,False,1175403707
7,8,2,0.234375,0.03125,0.0,2,Ceiling,15,0.05859375,0.9866029980361961,128.0,0.5,False,1175403707
7,8,2,0.234375,0.03125,0.0,2,Ceiling,17,0.06640625,0.9896475700971719,128.0,0.5,False,1175403707
7,8,2,0.234375,0.03125,0.0,2,Ceiling,20,0.078125,0.9929159188011005,128.0,0.5,False,1175403707
7,8,2,0.234375,0.03125,0.0,2,Ceiling,24,0.09375,0.9960751581676325,128.0,0.5,False,1175403707
7,8,2,0.234375,0.03125,0.0,2,Ceiling,28,0.109375,0.9981040872662456,128.0,0.5,False,1175403707
7,8,2,0.234375,0.03125,0.0,2,Ceiling,34,0.1328125,0.9993870573728596,128.0,0.5,False,1175403707
7,8,2,0.234375,0.03125,0.0,2,Ceiling,40,0.15625,0.9998201198473627,128.0,0.5,False,1175403707
7,8,2,0.234375,0.03125,0.0,2,Ceiling,47,0.18359375,0.9999429567657503,128.0,0.5,False,1175403707
7,8,2,0.234375,0.03125,0.0,2,Ceiling,55,0.21484375,0.9999887300471301,128.0,0.5,False,1175403707
7,8,2,0.234375,0.03125,0.0,2,Ceiling,66,0.2578125,0.9999999999999999,128.0,0.5,False,1175403707
7,8,2,0.234375,0.03125,0.0,2,Ceiling,77,0.30078125,0.9999999999999999,128.0,0.5,False,1175403707
7,8,2,0.234375,0.03125,0.0,2,Ceiling,92,0.359375,0.9999999999999999,128.0,0.5,False,1175403707
7,8,2,0.234375,0.03125,0.0,2,Ceiling,108,0.421875,0.9999999999999999,128.0,0.5,False,1175403707
7,8,2,0.234375,0.03125,0.0,2,Ceiling,128,0.5,0.9999999999999999,128.0,0.5,False,1175403707
7,8,2,0.234375,0.03125,0.0,6,BARK,1,0.00390625,0.0,64.0,0.25,True,1175403707
7,8,2,0.234375,0.03125,0.0,6,BARK,2,0.0078125,0.0,64.0,0.25,True,1175403707
7,8,2,0.234375,0.03125,0.0,6,BARK,3,0.01171875,0.0,64.0,0.25,True,1175403707
7,8,2,0.234375,0.03125,0.0,6,BARK,4,0.015625,0.0,64.0,0.25,True,1175403707
7,8,2,0.234375,0.03125,0.0,6,BARK,5,0.01953125,1.0748000245185139e-39,64.0,0.25,True,1175403707
7,8,2,0.234375,0.03125,0.0,6,BARK,6,0.0234375,2.8266315822958143e-38,64.0,0.25,True,1175403707
7,8,2,0.234375,0.03125,0.0,6,BARK,7,0.02734375,6.527935272784305e-38,64.0,0.25,True,1175403707
7,8,2,0.234375,0.03125,0.0,6,BARK,9,0.03515625,4.910245579989063e-38,64.0,0.25,True,1175403707
7,8,2,0.234375,0.03125,0.0,6,BARK,10,0.0390625,4.326718938874426e-38,64.0,0.25,True,1175403707
7,8,2,0.234375,0.03125,0.0,6,BARK,12,0.046875,3.7529297575077136e-37,64.0,0.25,True,1175403707
7,8,2,0.234375,0.03125,0.0,6,BARK,15,0.05859375,4.291930461639663e-37,64.0,0.25,True,1175403707
7,8,2,0.234375,0.03125,0.0,6,BARK,17,0.06640625,4.824206393715812e-37,64.0,0.25,True,1175403707
7,8,2,0.234375,0.03125,0.0,6,BARK,20,0.078125,8.176414766640782e-37,64.0,0.25,True,1175403707
7,8,2,0.234375,0.03125,0.0,6,BARK,24,0.09375,8.801582619523449e-37,64.0,0.25,True,1175403707
7,8,2,0.234375,0.03125,0.0,6,BARK,28,0.109375,9.343790888841807e-37,64.0,0.25,True,1175403707
7,8,2,0.234375,0.03125,0.0,6,BARK,34,0.1328125,9.966868545179744e-37,64.0,0.25,True,1175403707
7,8,2,0.234375,0.03125,0.0,6,BARK,40,0.15625,8.604290356359106e-37,64.0,0.25,True,1175403707
7,8,2,0.234375,0.03125,0.0,6,BARK,47,0.18359375,4.5569548398607436e-37,64.0,0.25,True,1175403707
7,8,2,0.234375,0.03125,0.0,6,BARK,55,0.21484375,3.918136423605944e-37,64.0,0.25,True,1175403707
7,8,2,0.234375,0.03125,0.0,6,BARK,66,0.2578125,4.282078496489414e-37,64.0,0.25,True,1175403707
7,8,2,0.234375,0.03125,0.0,6,BARK,77,0.30078125,4.282078496489414e-37,64.0,0.25,True,1175403707
7,8,2,0.234375,0.03125,0.0,6,BARK,92,0.359375,4.282078496489414e-37,64.0,0.25,True,1175403707
7,8,2,0.234375,0.03125,0.0,6,BARK,108,0.421875,4.282078496489414e-37,64.0,0.25,True,1175403707
7,8,2,0.234375,0.03125,0.0,6,BARK,128,0.5,4.282078496489414e-37,64.0,0.25,True,1175403707
7,8,2,0.234375,0.03125,0.0,6,Simplified BARK,1,0.00390625,0.0,64.0,0.25,True,1175403707
7,8,2,0.234375,0.03125,0.0,6,Simplified BARK,2,0.0078125,0.0,64.0,0.25,True,1175403707
7,8,2,0.234375,0.03125,0.0,6,Simplified BARK,3,0.01171875,0.0,64.0,0.25,True,1175403707
7,8,2,0.234375,0.03125,0.0,6,Simplified BARK,4,0.015625,0.0,64.0,0.25,True,1175403707
7,8,2,0.234375,0.03125,0.0,6,Simplified BARK,5,0.01953125,3.5453204119770935e-40,64.0,0.25,True,1175403707
7,8,2,0.234375,0.03125,0.0,6,Simplified BARK,6,0.0234375,3.808773859275601e-40,64.0,0.25,True,1175403707
7,8,2,0.234375,0.03125,0.0,6,Simplified BARK,7,0.02734375,3.6096730302013974e-40,64.0,0.25,True,1175403707
7,8,2,0.234375,0.03125,0.0,6,Simplified BARK,9,0.03515625,1.5865191126208566e-37,64.0,0.25,True,1175403707
7,8,2,0.234375,0.03125,0.0,6,Simplified BARK,10,0.0390625,1.4491533772640436e-37,64.0,0.25,True,1175403707
7,8,2,0.234375,0.03125,0.0,6,Simplified BARK,12,0.046875,2.66270315483159e-37,64.0,0.25,True,1175403707
7,8,2,0.234375,0.03125,0.0,6,Simplified BARK,15,0.05859375,2.682724041206834e-37,64.0,0.25,True,1175403707
7,8,2,0.234375,0.03125,0.0,6,Simplified BARK,17,0.06640625,2.7568749053690643e-37,64.0,0.25,True,1175403707
7,8,2,0.234375,0.03125,0.0,6,Simplified BARK,20,0.078125,3.3178880246708766e-37,64.0,0.25,True,1175403707
7,8,2,0.234375,0.03125,0.0,6,Simplified BARK,24,0.09375,2.2787970989573395e-37,64.0,0.25,True,1175403707
7,8,2,0.234375,0.03125,0.0,6,Simplified BARK,28,0.109375,2.0628434998464153e-37,64.0,0.25,True,1175403707
7,8,2,0.234375,0.03125,0.0,6,Simplified BARK,34,0.1328125,1.4694277172659618e-37,64.0,0.25,True,1175403707
7,8,2,0.234375,0.03125,0.0,6,Simplified BARK,40,0.15625,4.034417315256737e-37,64.0,0.25,True,1175403707
7,8,2,0.234375,0.03125,0.0,6,Simplified BARK,47,0.18359375,4.422142297195138e-37,64.0,0.25,True,1175403707
7,8,2,0.234375,0.03125,0.0,6,Simplified BARK,55,0.21484375,3.924658766583902e-37,64.0,0.25,True,1175403707
7,8,2,0.234375,0.03125,0.0,6,Simplified BARK,66,0.2578125,4.282078496489388e-37,64.0,0.25,True,1175403707
7,8,2,0.234375,0.03125,0.0,6,Simplified BARK,77,0.30078125,4.282078496489388e-37,64.0,0.25,True,1175403707
7,8,2,0.234375,0.03125,0.0,6,Simplified BARK,92,0.359375,4.282078496489388e-37,64.0,0.25,True,1175403707
7,8,2,0.234375,0.03125,0.0,6,Simplified BARK,108,0.421875,4.282078496489388e-37,64.0,0.25,True,1175403707
7,8,2,0.234375,0.03125,0.0,6,Simplified BARK,128,0.5,4.282078496489388e-37,64.0,0.25,True,1175403707
7,8,2,0.234375,0.03125,0.0,6,SKQD,1,0.00390625,0.0,48.666666666666664,0.19010416666666666,True,1175403707
7,8,2,0.234375,0.03125,0.0,6,SKQD,2,0.0078125,0.0,48.666666666666664,0.19010416666666666,True,1175403707
7,8,2,0.234375,0.03125,0.0,6,SKQD,3,0.01171875,0.0,48.666666666666664,0.19010416666666666,True,1175403707
7,8,2,0.234375,0.03125,0.0,6,SKQD,4,0.015625,0.0,48.666666666666664,0.19010416666666666,True,1175403707
7,8,2,0.234375,0.03125,0.0,6,SKQD,5,0.01953125,0.0,48.666666666666664,0.19010416666666666,True,1175403707
7,8,2,0.234375,0.03125,0.0,6,SKQD,6,0.0234375,2.2018657123977356e-39,48.666666666666664,0.19010416666666666,True,1175403707
7,8,2,0.234375,0.03125,0.0,6,SKQD,7,0.02734375,2.2018657123977356e-39,48.666666666666664,0.19010416666666666,True,1175403707
7,8,2,0.234375,0.03125,0.0,6,SKQD,9,0.03515625,1.6763730550314393e-38,48.666666666666664,0.19010416666666666,True,1175403707
7,8,2,0.234375,0.03125,0.0,6,SKQD,10,0.0390625,9.847181529911121e-37,48.666666666666664,0.19010416666666666,True,1175403707
7,8,2,0.234375,0.03125,0.0,6,SKQD,12,0.046875,9.893847793178299e-37,48.666666666666664,0.19010416666666666,True,1175403707
7,8,2,0.234375,0.03125,0.0,6,SKQD,15,0.05859375,9.893847793178299e-37,48.666666666666664,0.19010416666666666,True,1175403707
7,8,2,0.234375,0.03125,0.0,6,SKQD,17,0.06640625,7.228992586175927e-37,48.666666666666664,0.19010416666666666,True,1175403707
7,8,2,0.234375,0.03125,0.0,6,SKQD,20,0.078125,7.398259708742802e-37,48.666666666666664,0.19010416666666666,True,1175403707
7,8,2,0.234375,0.03125,0.0,6,SKQD,24,0.09375,3.2149909273843868e-37,48.666666666666664,0.19010416666666666,True,1175403707
7,8,2,0.234375,0.03125,0.0,6,SKQD,28,0.109375,3.6125459380730868e-37,48.666666666666664,0.19010416666666666,True,1175403707
7,8,2,0.234375,0.03125,0.0,6,SKQD,34,0.1328125,2.8559091128698263e-37,48.666666666666664,0.19010416666666666,True,1175403707
7,8,2,0.234375,0.03125,0.0,6,SKQD,40,0.15625,5.757909538539996e-37,48.666666666666664,0.19010416666666666,True,1175403707
7,8,2,0.234375,0.03125,0.0,6,SKQD,47,0.18359375,8.969142453360958e-37,48.666666666666664,0.19010416666666666,True,1175403707
7,8,2,0.234375,0.03125,0.0,6,SKQD,55,0.21484375,9.44208743257471e-37,48.666666666666664,0.19010416666666666,True,1175403707
7,8,2,0.234375,0.03125,0.0,6,SKQD,66,0.2578125,9.44208743257471e-37,48.666666666666664,0.19010416666666666,True,1175403707
7,8,2,0.234375,0.03125,0.0,6,SKQD,77,0.30078125,9.44208743257471e-37,48.666666666666664,0.19010416666666666,True,1175403707
7,8,2,0.234375,0.03125,0.0,6,SKQD,92,0.359375,9.44208743257471e-37,48.666666666666664,0.19010416666666666,True,1175403707
7,8,2,0.234375,0.03125,0.0,6,SKQD,108,0.421875,9.44208743257471e-37,48.666666666666664,0.19010416666666666,True,1175403707
7,8,2,0.234375,0.03125,0.0,6,SKQD,128,0.5,9.44208743257471e-37,48.666666666666664,0.19010416666666666,True,1175403707
7,8,2,0.234375,0.03125,0.0,6,Ceiling,1,0.00390625,0.4610635631291901,128.0,0.5,False,1175403707
7,8,2,0.234375,0.03125,0.0,6,Ceiling,2,0.0078125,0.7633175318356418,128.0,0.5,False,1175403707
7,8,2,0.234375,0.03125,0.0,6,Ceiling,3,0.01171875,0.8508539563203221,128.0,0.5,False,1175403707
7,8,2,0.234375,0.03125,0.0,6,Ceiling,4,0.015625,0.8829803016017104,128.0,0.5,False,1175403707
7,8,2,0.234375,0.03125,0.0,6,Ceiling,5,0.01953125,0.9046662210521764,128.0,0.5,False,1175403707
7,8,2,0.234375,0.03125,0.0,6,Ceiling,6,0.0234375,0.9243881286421679,128.0,0.5,False,1175403707
7,8,2,0.234375,0.03125,0.0,6,Ceiling,7,0.02734375,0.9431314161870824,128.0,0.5,False,1175403707
7,8,2,0.234375,0.03125,0.0,6,Ceiling,9,0.03515625,0.9600960183710219,128.0,0.5,False,1175403707
7,8,2,0.234375,0.03125,0.0,6,Ceiling,10,0.0390625,0.9666937999259558,128.0,0.5,False,1175403707
7,8,2,0.234375,0.03125,0.0,6,Ceiling,12,0.046875,0.9768184505996983,128.0,0.5,False,1175403707
7,8,2,0.234375,0.03125,0.0,6,Ceiling,15,0.05859375,0.9866029980361961,128.0,0.5,False,1175403707
7,8,2,0.234375,0.03125,0.0,6,Ceiling,17,0.06640625,0.9896475700971719,128.0,0.5,False,1175403707
7,8,2,0.234375,0.03125,0.0,6,Ceiling,20,0.078125,0.9929159188011005,128.0,0.5,False,1175403707
7,8,2,0.234375,0.03125,0.0,6,Ceiling,24,0.09375,0.9960751581676325,128.0,0.5,False,1175403707
7,8,2,0.234375,0.03125,0.0,6,Ceiling,28,0.109375,0.9981040872662456,128.0,0.5,False,1175403707
7,8,2,0.234375,0.03125,0.0,6,Ceiling,34,0.1328125,0.9993870573728596,128.0,0.5,False,1175403707
7,8,2,0.234375,0.03125,0.0,6,Ceiling,40,0.15625,0.9998201198473627,128.0,0.5,False,1175403707
7,8,2,0.234375,0.03125,0.0,6,Ceiling,47,0.18359375,0.9999429567657503,128.0,0.5,False,1175403707
7,8,2,0.234375,0.03125,0.0,6,Ceiling,55,0.21484375,0.9999887300471301,128.0,0.5,False,1175403707
7,8,2,0.234375,0.03125,0.0,6,Ceiling,66,0.2578125,0.9999999999999999,128.0,0.5,False,1175403707
7,8,2,0.234375,0.03125,0.0,6,Ceiling,77,0.30078125,0.9999999999999999,128.0,0.5,False,1175403707
7,8,2,0.234375,0.03125,0.0,6,Ceiling,92,0.359375,0.9999999999999999,128.0,0.5,False,1175403707
7,8,2,0.234375,0.03125,0.0,6,Ceiling,108,0.421875,0.9999999999999999,128.0,0.5,False,1175403707
7,8,2,0.234375,0.03125,0.0,6,Ceiling,128,0.5,0.9999999999999999,128.0,0.5,False,1175403707
7,8,2,0.234375,0.03125,0.0,5,BARK,1,0.00390625,0.0,64.0,0.25,True,1175403707
7,8,2,0.234375,0.03125,0.0,5,BARK,2,0.0078125,0.0,64.0,0.25,True,1175403707
7,8,2,0.234375,0.03125,0.0,5,BARK,3,0.01171875,0.0,64.0,0.25,True,1175403707
7,8,2,0.234375,0.03125,0.0,5,BARK,4,0.015625,0.0,64.0,0.25,True,1175403707
7,8,2,0.234375,0.03125,0.0,5,BARK,5,0.01953125,4.409859893866018e-40,64.0,0.25,True,1175403707
7,8,2,0.234375,0.03125,0.0,5,BARK,6,0.0234375,1.49944051299214e-40,64.0,0.25,True,1175403707
7,8,2,0.234375,0.03125,0.0,5,BARK,7,0.02734375,7.106530705547735e-38,64.0,0.25,True,1175403707
7,8,2,0.234375,0.03125,0.0,5,BARK,9,0.03515625,4.908322402253313e-38,64.0,0.25,True,1175403707
7,8,2,0.234375,0.03125,0.0,5,BARK,10,0.0390625,4.106954791884494e-38,64.0,0.25,True,1175403707
7,8,2,0.234375,0.03125,0.0,5,BARK,12,0.046875,3.865420436259065e-37,64.0,0.25,True,1175403707
7,8,2,0.234375,0.03125,0.0,5,BARK,15,0.05859375,3.5904507538698415e-37,64.0,0.25,True,1175403707
7,8,2,0.234375,0.03125,0.0,5,BARK,17,0.06640625,4.825260454311905e-37,64.0,0.25,True,1175403707
7,8,2,0.234375,0.03125,0.0,5,BARK,20,0.078125,8.271783398844533e-37,64.0,0.25,True,1175403707
7,8,2,0.234375,0.03125,0.0,5,BARK,24,0.09375,8.90505603153787e-37,64.0,0.25,True,1175403707
7,8,2,0.234375,0.03125,0.0,5,BARK,28,0.109375,9.449742831872861e-37,64.0,0.25,True,1175403707
7,8,2,0.234375,0.03125,0.0,5,BARK,34,0.1328125,1.0343252442286813e-36,64.0,0.25,True,1175403707
7,8,2,0.234375,0.03125,0.0,5,BARK,40,0.15625,8.60584383732686e-37,64.0,0.25,True,1175403707
7,8,2,0.234375,0.03125,0.0,5,BARK,47,0.18359375,4.479932888737792e-37,64.0,0.25,True,1175403707
7,8,2,0.234375,0.03125,0.0,5,BARK,55,0.21484375,3.924626537449486e-37,64.0,0.25,True,1175403707
7,8,2,0.234375,0.03125,0.0,5,BARK,66,0.2578125,4.282078496489411e-37,64.0,0.25,True,1175403707
7,8,2,0.234375,0.03125,0.0,5,BARK,77,0.30078125,4.282078496489411e-37,64.0,0.25,True,1175403707
7,8,2,0.234375,0.03125,0.0,5,BARK,92,0.359375,4.282078496489411e-37,64.0,0.25,True,1175403707
7,8,2,0.234375,0.03125,0.0,5,BARK,108,0.421875,4.282078496489411e-37,64.0,0.25,True,1175403707
7,8,2,0.234375,0.03125,0.0,5,BARK,128,0.5,4.282078496489411e-37,64.0,0.25,True,1175403707
7,8,2,0.234375,0.03125,0.0,5,Simplified BARK,1,0.00390625,0.0,64.0,0.25,True,1175403707
7,8,2,0.234375,0.03125,0.0,5,Simplified BARK,2,0.0078125,0.0,64.0,0.25,True,1175403707
7,8,2,0.234375,0.03125,0.0,5,Simplified BARK,3,0.01171875,0.0,64.0,0.25,True,1175403707
7,8,2,0.234375,0.03125,0.0,5,Simplified BARK,4,0.015625,0.0,64.0,0.25,True,1175403707
7,8,2,0.234375,0.03125,0.0,5,Simplified BARK,5,0.01953125,3.5453204119770813e-40,64.0,0.25,True,1175403707
7,8,2,0.234375,0.03125,0.0,5,Simplified BARK,6,0.0234375,3.80877385927558e-40,64.0,0.25,True,1175403707
7,8,2,0.234375,0.03125,0.0,5,Simplified BARK,7,0.02734375,3.609673030201405e-40,64.0,0.25,True,1175403707
7,8,2,0.234375,0.03125,0.0,5,Simplified BARK,9,0.03515625,1.5865191126208593e-37,64.0,0.25,True,1175403707
7,8,2,0.234375,0.03125,0.0,5,Simplified BARK,10,0.0390625,1.4491533772640486e-37,64.0,0.25,True,1175403707
7,8,2,0.234375,0.03125,0.0,5,Simplified BARK,12,0.046875,2.662703154831585e-37,64.0,0.25,True,1175403707
7,8,2,0.234375,0.03125,0.0,5,Simplified BARK,15,0.05859375,2.68272404120683e-37,64.0,0.25,True,1175403707
7,8,2,0.234375,0.03125,0.0,5,Simplified BARK,17,0.06640625,2.7568749053690563e-37,64.0,0.25,True,1175403707
7,8,2,0.234375,0.03125,0.0,5,Simplified BARK,20,0.078125,3.31788802467087e-37,64.0,0.25,True,1175403707
7,8,2,0.234375,0.03125,0.0,5,Simplified BARK,24,0.09375,2.278797098957333e-37,64.0,0.25,True,1175403707
7,8,2,0.234375,0.03125,0.0,5,Simplified BARK,28,0.109375,2.062843499846411e-37,64.0,0.25,True,1175403707
7,8,2,0.234375,0.03125,0.0,5,Simplified BARK,34,0.1328125,1.469427717265956e-37,64.0,0.25,True,1175403707
7,8,2,0.234375,0.03125,0.0,5,Simplified BARK,40,0.15625,4.034417315256732e-37,64.0,0.25,True,1175403707
7,8,2,0.234375,0.03125,0.0,5,Simplified BARK,47,0.18359375,4.422142297195153e-37,64.0,0.25,True,1175403707
7,8,2,0.234375,0.03125,0.0,5,Simplified BARK,55,0.21484375,3.924658766583909e-37,64.0,0.25,True,1175403707
7,8,2,0.234375,0.03125,0.0,5,Simplified BARK,66,0.2578125,4.28207849648938e-37,64.0,0.25,True,1175403707
7,8,2,0.234375,0.03125,0.0,5,Simplified BARK,77,0.30078125,4.28207849648938e-37,64.0,0.25,True,1175403707
7,8,2,0.234375,0.03125,0.0,5,Simplified BARK,92,0.359375,4.28207849648938e-37,64.0,0.25,True,1175403707
7,8,2,0.234375,0.03125,0.0,5,Simplified BARK,108,0.421875,4.28207849648938e-37,64.0,0.25,True,1175403707
7,8,2,0.234375,0.03125,0.0,5,Simplified BARK,128,0.5,4.28207849648938e-37,64.0,0.25,True,1175403707
7,8,2,0.234375,0.03125,0.0,5,SKQD,1,0.00390625,0.0,54.666666666666664,0.21354166666666666,True,1175403707
7,8,2,0.234375,0.03125,0.0,5,SKQD,2,0.0078125,0.0,54.666666666666664,0.21354166666666666,True,1175403707
7,8,2,0.234375,0.03125,0.0,5,SKQD,3,0.01171875,0.0,54.666666666666664,0.21354166666666666,True,1175403707
7,8,2,0.234375,0.03125,0.0,5,SKQD,4,0.015625,0.0,54.666666666666664,0.21354166666666666,True,1175403707
7,8,2,0.234375,0.03125,0.0,5,SKQD,5,0.01953125,0.0,54.666666666666664,0.21354166666666666,True,1175403707
7,8,2,0.234375,0.03125,0.0,5,SKQD,6,0.0234375,8.709007069673681e-38,54.666666666666664,0.21354166666666666,True,1175403707
7,8,2,0.234375,0.03125,0.0,5,SKQD,7,0.02734375,8.709007069673681e-38,54.666666666666664,0.21354166666666666,True,1175403707
7,8,2,0.234375,0.03125,0.0,5,SKQD,9,0.03515625,1.7366896720401005e-37,54.666666666666664,0.21354166666666666,True,1175403707
7,8,2,0.234375,0.03125,0.0,5,SKQD,10,0.0390625,1.7366896720401005e-37,54.666666666666664,0.21354166666666666,True,1175403707
7,8,2,0.234375,0.03125,0.0,5,SKQD,12,0.046875,1.26397813001271e-37,54.666666666666664,0.21354166666666666,True,1175403707
7,8,2,0.234375,0.03125,0.0,5,SKQD,15,0.05859375,2.3279946603877085e-37,54.666666666666664,0.21354166666666666,True,1175403707
7,8,2,0.234375,0.03125,0.0,5,SKQD,17,0.06640625,2.3404270299935465e-37,54.666666666666664,0.21354166666666666,True,1175403707
7,8,2,0.234375,0.03125,0.0,5,SKQD,20,0.078125,2.6003883487246664e-37,54.666666666666664,0.21354166666666666,True,1175403707
7,8,2,0.234375,0.03125,0.0,5,SKQD,24,0.09375,3.3394374756790103e-37,54.666666666666664,0.21354166666666666,True,1175403707
7,8,2,0.234375,0.03125,0.0,5,SKQD,28,0.109375,3.484587670224881e-37,54.666666666666664,0.21354166666666666,True,1175403707
7,8,2,0.234375,0.03125,0.0,5,SKQD,34,0.1328125,3.682736665140107e-37,54.666666666666664,0.21354166666666666,True,1175403707
7,8,2,0.234375,0.03125,0.0,5,SKQD,40,0.15625,6.05619801335407e-37,54.666666666666664,0.21354166666666666,True,1175403707
7,8,2,0.234375,0.03125,0.0,5,SKQD,47,0.18359375,8.778422947065085e-37,54.666666666666664,0.21354166666666666,True,1175403707
7,8,2,0.234375,0.03125,0.0,5,SKQD,55,0.21484375,7.013240552838221e-37,54.666666666666664,0.21354166666666666,True,1175403707
7,8,2,0.234375,0.03125,0.0,5,SKQD,66,0.2578125,6.5108359814754306e-37,54.666666666666664,0.21354166666666666,True,1175403707
7,8,2,0.234375,0.03125,0.0,5,SKQD,77,0.30078125,6.5108359814754306e-37,54.666666666666664,0.21354166666666666,True,1175403707
7,8,2,0.234375,0.03125,0.0,5,SKQD,92,0.359375,6.5108359814754306e-37,54.666666666666664,0.21354166666666666,True,1175403707
7,8,2,0.234375,0.03125,0.0,5,SKQD,108,0.421875,6.5108359814754306e-37,54.666666666666664,0.21354166666666666,True,1175403707
7,8,2,0.234375,0.03125,0.0,5,SKQD,128,0.5,6.5108359814754306e-37,54.666666666666664,0.21354166666666666,True,1175403707
7,8,2,0.234375,0.03125,0.0,5,Ceiling,1,0.00390625,0.4610635631291901,128.0,0.5,False,1175403707
7,8,2,0.234375,0.03125,0.0,5,Ceiling,2,0.0078125,0.7633175318356418,128.0,0.5,False,1175403707
7,8,2,0.234375,0.03125,0.0,5,Ceiling,3,0.01171875,0.8508539563203221,128.0,0.5,False,1175403707
7,8,2,0.234375,0.03125,0.0,5,Ceiling,4,0.015625,0.8829803016017104,128.0,0.5,False,1175403707
7,8,2,0.234375,0.03125,0.0,5,Ceiling,5,0.01953125,0.9046662210521764,128.0,0.5,False,1175403707
7,8,2,0.234375,0.03125,0.0,5,Ceiling,6,0.0234375,0.9243881286421679,128.0,0.5,False,1175403707
7,8,2,0.234375,0.03125,0.0,5,Ceiling,7,0.02734375,0.9431314161870824,128.0,0.5,False,1175403707
7,8,2,0.234375,0.03125,0.0,5,Ceiling,9,0.03515625,0.9600960183710219,128.0,0.5,False,1175403707
7,8,2,0.234375,0.03125,0.0,5,Ceiling,10,0.0390625,0.9666937999259558,128.0,0.5,False,1175403707
7,8,2,0.234375,0.03125,0.0,5,Ceiling,12,0.046875,0.9768184505996983,128.0,0.5,False,1175403707
7,8,2,0.234375,0.03125,0.0,5,Ceiling,15,0.05859375,0.9866029980361961,128.0,0.5,False,1175403707
7,8,2,0.234375,0.03125,0.0,5,Ceiling,17,0.06640625,0.9896475700971719,128.0,0.5,False,1175403707
7,8,2,0.234375,0.03125,0.0,5,Ceiling,20,0.078125,0.9929159188011005,128.0,0.5,False,1175403707
7,8,2,0.234375,0.03125,0.0,5,Ceiling,24,0.09375,0.9960751581676325,128.0,0.5,False,1175403707
7,8,2,0.234375,0.03125,0.0,5,Ceiling,28,0.109375,0.9981040872662456,128.0,0.5,False,1175403707
7,8,2,0.234375,0.03125,0.0,5,Ceiling,34,0.1328125,0.9993870573728596,128.0,0.5,False,1175403707
7,8,2,0.234375,0.03125,0.0,5,Ceiling,40,0.15625,0.9998201198473627,128.0,0.5,False,1175403707
7,8,2,0.234375,0.03125,0.0,5,Ceiling,47,0.18359375,0.9999429567657503,128.0,0.5,False,1175403707
7,8,2,0.234375,0.03125,0.0,5,Ceiling,55,0.21484375,0.9999887300471301,128.0,0.5,False,1175403707
7,8,2,0.234375,0.03125,0.0,5,Ceiling,66,0.2578125,0.9999999999999999,128.0,0.5,False,1175403707
7,8,2,0.234375,0.03125,0.0,5,Ceiling,77,0.30078125,0.9999999999999999,128.0,0.5,False,1175403707
7,8,2,0.234375,0.03125,0.0,5,Ceiling,92,0.359375,0.9999999999999999,128.0,0.5,False,1175403707
7,8,2,0.234375,0.03125,0.0,5,Ceiling,108,0.421875,0.9999999999999999,128.0,0.5,False,1175403707
7,8,2,0.234375,0.03125,0.0,5,Ceiling,128,0.5,0.9999999999999999,128.0,0.5,False,1175403707
7,8,3,0.4765625,0.05078125,0.06286130307587036,242,BARK,1,0.00390625,0.06286130307587036,128.0,0.5,False,540402517
7,8,3,0.4765625,0.05078125,0.06286130307587036,242,BARK,2,0.0078125,0.4745857826493703,128.0,0.5,False,540402517
7,8,3,0.4765625,0.05078125,0.06286130307587036,242,BARK,3,0.01171875,0.6537121674804208,128.0,0.5,False,540402517
7,8,3,0.4765625,0.05078125,0.06286130307587036,242,BARK,4,0.015625,0.6977497377993326,128.0,0.5,False,540402517
7,8,3,0.4765625,0.05078125,0.06286130307587036,242,BARK,5,0.01953125,0.7155895254238536,128.0,0.5,False,540402517
7,8,3,0.4765625,0.05078125,0.06286130307587036,242,BARK,6,0.0234375,0.719651612025657,128.0,0.5,False,540402517
7,8,3,0.4765625,0.05078125,0.06286130307587036,242,BARK,7,0.02734375,0.7205279287649909,128.0,0.5,False,540402517
7,8,3,0.4765625,0.05078125,0.06286130307587036,242,BARK,9,0.03515625,0.7222297395594051,128.0,0.5,False,540402517
7,8,3,0.4765625,0.05078125,0.06286130307587036,242,BARK,10,0.0390625,0.7358603407795935,128.0,0.5,False,540402517
7,8,3,0.4765625,0.05078125,0.06286130307587036,242,BARK,12,0.046875,0.8049439380216654,128.0,0.5,False,540402517
7,8,3,0.4765625,0.05078125,0.06286130307587036,242,BARK,15,0.05859375,0.8382251855049414,128.0,0.5,False,540402517
7,8,3,0.4765625,0.05078125,0.06286130307587036,242,BARK,17,0.06640625,0.8442170615338775,128.0,0.5,False,540402517
7,8,3,0.4765625,0.05078125,0.06286130307587036,242,BARK,20,0.078125,0.8558644009480656,128.0,0.5,False,540402517
7,8,3,0.4765625,0.05078125,0.06286130307587036,242,BARK,24,0.09375,0.9198985620829644,128.0,0.5,False,540402517
7,8,3,0.4765625,0.05078125,0.06286130307587036,242,BARK,28,0.109375,0.933688421478429,128.0,0.5,False,540402517
7,8,3,0.4765625,0.05078125,0.06286130307587036,242,BARK,34,0.1328125,0.9577205811085715,128.0,0.5,False,540402517
7,8,3,0.4765625,0.05078125,0.06286130307587036,242,BARK,40,0.15625,0.9674686653615161,128.0,0.5,False,540402517
7,8,3,0.4765625,0.05078125,0.06286130307587036,242,BARK,47,0.18359375,0.9810933531647981,128.0,0.5,False,540402517
7,8,3,0.4765625,0.05078125,0.06286130307587036,242,BARK,55,0.21484375,0.9864149449079309,128.0,0.5,False,540402517
7,8,3,0.4765625,0.05078125,0.06286130307587036,242,BARK,66,0.2578125,0.9927341368514535,128.0,0.5,False,540402517
7,8,3,0.4765625,0.05078125,0.06286130307587036,242,BARK,77,0.30078125,0.997094744338345,128.0,0.5,False,540402517
7,8,3,0.4765625,0.05078125,0.06286130307587036,242,BARK,92,0.359375,0.9987817485909513,128.0,0.5,False,540402517
7,8,3,0.4765625,0.05078125,0.06286130307587036,242,BARK,108,0.421875,0.9998266877293188,128.0,0.5,False,540402517
7,8,3,0.4765625,0.05078125,0.06286130307587036,242,BARK,128,0.5,1.0000000000000009,128.0,0.5,False,540402517
7,8,3,0.4765625,0.05078125,0.06286130307587036,242,Simplified BARK,1,0.00390625,0.06286130307587036,128.0,0.5,False,540402517
7,8,3,0.4765625,0.05078125,0.06286130307587036,242,Simplified BARK,2,0.0078125,0.4745857826493703,128.0,0.5,False,540402517
7,8,3,0.4765625,0.05078125,0.06286130307587036,242,Simplified BARK,3,0.01171875,0.6537121674804208,128.0,0.5,False,540402517
7,8,3,0.4765625,0.05078125,0.06286130307587036,242,Simplified BARK,4,0.015625,0.6977497377993326,128.0,0.5,False,540402517
7,8,3,0.4765625,0.05078125,0.06286130307587036,242,Simplified BARK,5,0.01953125,0.7013984928899875,128.0,0.5,False,540402517
7,8,3,0.4765625,0.05078125,0.06286130307587036,242,Simplified BARK,6,0.0234375,0.7060343237192735,128.0,0.5,False,540402517
7,8,3,0.4765625,0.05078125,0.06286130307587036,242,Simplified BARK,7,0.02734375,0.7046018908511693,128.0,0.5,False,540402517
7,8,3,0.4765625,0.05078125,0.06286130307587036,242,Simplified BARK,9,0.03515625,0.7033543665496363,128.0,0.5,False,540402517
7,8,3,0.4765625,0.05078125,0.06286130307587036,242,Simplified BARK,10,0.0390625,0.703179611470605,128.0,0.5,False,540402517
7,8,3,0.4765625,0.05078125,0.06286130307587036,242,Simplified BARK,12,0.046875,0.746916943418192,128.0,0.5,False,540402517
7,8,3,0.4765625,0.05078125,0.06286130307587036,242,Simplified BARK,15,0.05859375,0.772453413411728,128.0,0.5,False,540402517
7,8,3,0.4765625,0.05078125,0.06286130307587036,242,Simplified BARK,17,0.06640625,0.777009907403407,128.0,0.5,False,540402517
7,8,3,0.4765625,0.05078125,0.06286130307587036,242,Simplified BARK,20,0.078125,0.7883179185336955,128.0,0.5,False,540402517
7,8,3,0.4765625,0.05078125,0.06286130307587036,242,Simplified BARK,24,0.09375,0.846647027924286,128.0,0.5,False,540402517
7,8,3,0.4765625,0.05078125,0.06286130307587036,242,Simplified BARK,28,0.109375,0.8534864639431365,128.0,0.5,False,540402517
7,8,3,0.4765625,0.05078125,0.06286130307587036,242,Simplified BARK,34,0.1328125,0.8543203419830382,128.0,0.5,False,540402517
7,8,3,0.4765625,0.05078125,0.06286130307587036,242,Simplified BARK,40,0.15625,0.8541892234487485,128.0,0.5,False,540402517
7,8,3,0.4765625,0.05078125,0.06286130307587036,242,Simplified BARK,47,0.18359375,0.8552493142092703,128.0,0.5,False,540402517
7,8,3,0.4765625,0.05078125,0.06286130307587036,242,Simplified BARK,55,0.21484375,0.857476957744761,128.0,0.5,False,540402517
7,8,3,0.4765625,0.05078125,0.06286130307587036,242,Simplified BARK,66,0.2578125,0.8617998908571232,128.0,0.5,False,540402517
7,8,3,0.4765625,0.05078125,0.06286130307587036,242,Simplified BARK,77,0.30078125,0.8715526707295773,128.0,0.5,False,540402517
7,8,3,0.4765625,0.05078125,0.06286130307587036,242,Simplified BARK,92,0.359375,0.8883276074261323,128.0,0.5,False,540402517
7,8,3,0.4765625,0.05078125,0.06286130307587036,242,Simplified BARK,108,0.421875,0.939308471874227,128.0,0.5,False,540402517
7,8,3,0.4765625,0.05078125,0.06286130307587036,242,Simplified BARK,128,0.5,1.0000000000000013,128.0,0.5,False,540402517
7,8,3,0.4765625,0.05078125,0.06286130307587036,242,SKQD,1,0.00390625,0.06286130307587036,111.0,0.43359375,True,540402517
7,8,3,0.4765625,0.05078125,0.06286130307587036,242,SKQD,2,0.0078125,0.06286130307587036,111.0,0.43359375,True,540402517
7,8,3,0.4765625,0.05078125,0.06286130307587036,242,SKQD,3,0.01171875,0.06286130307587036,111.0,0.43359375,True,540402517
7,8,3,0.4765625,0.05078125,0.06286130307587036,242,SKQD,4,0.015625,0.06286130307587036,111.0,0.43359375,True,540402517
7,8,3,0.4765625,0.05078125,0.06286130307587036,242,SKQD,5,0.01953125,0.06286130307587036,111.0,0.43359375,True,540402517
7,8,3,0.4765625,0.05078125,0.06286130307587036,242,SKQD,6,0.0234375,0.06286130307587036,111.0,0.43359375,True,540402517
7,8,3,0.4765625,0.05078125,0.06286130307587036,242,SKQD,7,0.02734375,0.06286130307587036,111.0,0.43359375,True,540402517
7,8,3,0.4765625,0.05078125,0.06286130307587036,242,SKQD,9,0.03515625,0.06286130307587036,111.0,0.43359375,True,540402517
7,8,3,0.4765625,0.05078125,0.06286130307587036,242,SKQD,10,0.0390625,0.06286130307587036,111.0,0.43359375,True,540402517
7,8,3,0.4765625,0.05078125,0.06286130307587036,242,SKQD,12,0.046875,0.06286130307587036,111.0,0.43359375,True,540402517
7,8,3,0.4765625,0.05078125,0.06286130307587036,242,SKQD,15,0.05859375,0.06286130307587036,111.0,0.43359375,True,540402517
7,8,3,0.4765625,0.05078125,0.06286130307587036,242,SKQD,17,0.06640625,0.06286130307587036,111.0,0.43359375,True,540402517
7,8,3,0.4765625,0.05078125,0.06286130307587036,242,SKQD,20,0.078125,0.06286130307587036,111.0,0.43359375,True,540402517
7,8,3,0.4765625,0.05078125,0.06286130307587036,242,SKQD,24,0.09375,0.06286130307587036,111.0,0.43359375,True,540402517
7,8,3,0.4765625,0.05078125,0.06286130307587036,242,SKQD,28,0.109375,0.51525750893159,111.0,0.43359375,True,540402517
7,8,3,0.4765625,0.05078125,0.06286130307587036,242,SKQD,34,0.1328125,0.7571951516258163,111.0,0.43359375,True,540402517
7,8,3,0.4765625,0.05078125,0.06286130307587036,242,SKQD,40,0.15625,0.7571951516258163,111.0,0.43359375,True,540402517
7,8,3,0.4765625,0.05078125,0.06286130307587036,242,SKQD,47,0.18359375,0.7571951516258163,111.0,0.43359375,True,540402517
7,8,3,0.4765625,0.05078125,0.06286130307587036,242,SKQD,55,0.21484375,0.9235761253865129,111.0,0.43359375,True,540402517
7,8,3,0.4765625,0.05078125,0.06286130307587036,242,SKQD,66,0.2578125,0.9340186877811057,111.0,0.43359375,True,540402517
7,8,3,0.4765625,0.05078125,0.06286130307587036,242,SKQD,77,0.30078125,0.9763649107850371,111.0,0.43359375,True,540402517
7,8,3,0.4765625,0.05078125,0.06286130307587036,242,SKQD,92,0.359375,0.991409682860202,111.0,0.43359375,True,540402517
7,8,3,0.4765625,0.05078125,0.06286130307587036,242,SKQD,108,0.421875,0.9977808816906556,111.0,0.43359375,True,540402517
7,8,3,0.4765625,0.05078125,0.06286130307587036,242,SKQD,128,0.5,0.9993896123962687,111.0,0.43359375,True,540402517
7,8,3,0.4765625,0.05078125,0.06286130307587036,242,Ceiling,1,0.00390625,0.41906958193716837,128.0,0.5,False,540402517
7,8,3,0.4765625,0.05078125,0.06286130307587036,242,Ceiling,2,0.0078125,0.592905691608278,128.0,0.5,False,540402517
7,8,3,0.4765625,0.05078125,0.06286130307587036,242,Ceiling,3,0.01171875,0.6557669946841483,128.0,0.5,False,540402517
7,8,3,0.4765625,0.05078125,0.06286130307587036,242,Ceiling,4,0.015625,0.709023545708176,128.0,0.5,False,540402517
7,8,3,0.4765625,0.05078125,0.06286130307587036,242,Ceiling,5,0.01953125,0.7516676817401243,128.0,0.5,False,540402517
7,8,3,0.4765625,0.05078125,0.06286130307587036,242,Ceiling,6,0.0234375,0.7899945660923888,128.0,0.5,False,540402517
7,8,3,0.4765625,0.05078125,0.06286130307587036,242,Ceiling,7,0.02734375,0.814174937485275,128.0,0.5,False,540402517
7,8,3,0.4765625,0.05078125,0.06286130307587036,242,Ceiling,9,0.03515625,0.8521264927186147,128.0,0.5,False,540402517
7,8,3,0.4765625,0.05078125,0.06286130307587036,242,Ceiling,10,0.0390625,0.8699678166094695,128.0,0.5,False,540402517
7,8,3,0.4765625,0.05078125,0.06286130307587036,242,Ceiling,12,0.046875,0.8907770128297193,128.0,0.5,False,540402517
7,8,3,0.4765625,0.05078125,0.06286130307587036,242,Ceiling,15,0.05859375,0.9111202031190846,128.0,0.5,False,540402517
7,8,3,0.4765625,0.05078125,0.06286130307587036,242,Ceiling,17,0.06640625,0.9218563560646649,128.0,0.5,False,540402517
7,8,3,0.4765625,0.05078125,0.06286130307587036,242,Ceiling,20,0.078125,0.9363111639236003,128.0,0.5,False,540402517
7,8,3,0.4765625,0.05078125,0.06286130307587036,242,Ceiling,24,0.09375,0.9511560385709669,128.0,0.5,False,540402517
7,8,3,0.4765625,0.05078125,0.06286130307587036,242,Ceiling,28,0.109375,0.9616691672247907,128.0,0.5,False,540402517
7,8,3,0.4765625,0.05078125,0.06286130307587036,242,Ceiling,34,0.1328125,0.9730146024590652,128.0,0.5,False,540402517
7,8,3,0.4765625,0.05078125,0.06286130307587036,242,Ceiling,40,0.15625,0.982038268478514,128.0,0.5,False,540402517
7,8,3,0.4765625,0.05078125,0.06286130307587036,242,Ceiling,47,0.18359375,0.9889299714732647,128.0,0.5,False,540402517
7,8,3,0.4765625,0.05078125,0.06286130307587036,242,Ceiling,55,0.21484375,0.9938022827636406,128.0,0.5,False,540402517
7,8,3,0.4765625,0.05078125,0.06286130307587036,242,Ceiling,66,0.2578125,0.9973164772646741,128.0,0.5,False,540402517
7,8,3,0.4765625,0.05078125,0.06286130307587036,242,Ceiling,77,0.30078125,0.9988423224691413,128.0,0.5,False,540402517
7,8,3,0.4765625,0.05078125,0.06286130307587036,242,Ceiling,92,0.359375,0.9996071911410175,128.0,0.5,False,540402517
7,8,3,0.4765625,0.05078125,0.06286130307587036,242,Ceiling,108,0.421875,0.9999314394005023,128.0,0.5,False,540402517
7,8,3,0.4765625,0.05078125,0.06286130307587036,242,Ceiling,128,0.5,1.0000000000000007,128.0,0.5,False,540402517
7,8,3,0.4765625,0.05078125,0.17383610967110968,247,BARK,1,0.00390625,0.17383610967110968,128.0,0.5,False,540402517
7,8,3,0.4765625,0.05078125,0.17383610967110968,247,BARK,2,0.0078125,0.5922519639409358,128.0,0.5,False,540402517
7,8,3,0.4765625,0.05078125,0.17383610967110968,247,BARK,3,0.01171875,0.6537121674804207,128.0,0.5,False,540402517
7,8,3,0.4765625,0.05078125,0.17383610967110968,247,BARK,4,0.015625,0.6977497377993326,128.0,0.5,False,540402517
7,8,3,0.4765625,0.05078125,0.17383610967110968,247,BARK,5,0.01953125,0.715589525423853,128.0,0.5,False,540402517
7,8,3,0.4765625,0.05078125,0.17383610967110968,247,BARK,6,0.0234375,0.7196516120256575,128.0,0.5,False,540402517
7,8,3,0.4765625,0.05078125,0.17383610967110968,247,BARK,7,0.02734375,0.7205279287649915,128.0,0.5,False,540402517
7,8,3,0.4765625,0.05078125,0.17383610967110968,247,BARK,9,0.03515625,0.7222297395594054,128.0,0.5,False,540402517
7,8,3,0.4765625,0.05078125,0.17383610967110968,247,BARK,10,0.0390625,0.7358603407795935,128.0,0.5,False,540402517
7,8,3,0.4765625,0.05078125,0.17383610967110968,247,BARK,12,0.046875,0.8049439380216658,128.0,0.5,False,540402517
7,8,3,0.4765625,0.05078125,0.17383610967110968,247,BARK,15,0.05859375,0.838225185504941,128.0,0.5,False,540402517
7,8,3,0.4765625,0.05078125,0.17383610967110968,247,BARK,17,0.06640625,0.8442170615338778,128.0,0.5,False,540402517
7,8,3,0.4765625,0.05078125,0.17383610967110968,247,BARK,20,0.078125,0.8558644009480659,128.0,0.5,False,540402517
7,8,3,0.4765625,0.05078125,0.17383610967110968,247,BARK,24,0.09375,0.9198985620829639,128.0,0.5,False,540402517
7,8,3,0.4765625,0.05078125,0.17383610967110968,247,BARK,28,0.109375,0.933688421478429,128.0,0.5,False,540402517
7,8,3,0.4765625,0.05078125,0.17383610967110968,247,BARK,34,0.1328125,0.9577205811085703,128.0,0.5,False,540402517
7,8,3,0.4765625,0.05078125,0.17383610967110968,247,BARK,40,0.15625,0.9674686653615169,128.0,0.5,False,540402517
7,8,3,0.4765625,0.05078125,0.17383610967110968,247,BARK,47,0.18359375,0.9810933531647993,128.0,0.5,False,540402517
7,8,3,0.4765625,0.05078125,0.17383610967110968,247,BARK,55,0.21484375,0.9864149449079311,128.0,0.5,False,540402517
7,8,3,0.4765625,0.05078125,0.17383610967110968,247,BARK,66,0.2578125,0.9927341368514526,128.0,0.5,False,540402517
7,8,3,0.4765625,0.05078125,0.17383610967110968,247,BARK,77,0.30078125,0.9970947443383452,128.0,0.5,False,540402517
7,8,3,0.4765625,0.05078125,0.17383610967110968,247,BARK,92,0.359375,0.9987817485909508,128.0,0.5,False,540402517
7,8,3,0.4765625,0.05078125,0.17383610967110968,247,BARK,108,0.421875,0.9998266877293186,128.0,0.5,False,540402517
7,8,3,0.4765625,0.05078125,0.17383610967110968,247,BARK,128,0.5,1.0000000000000004,128.0,0.5,False,540402517
7,8,3,0.4765625,0.05078125,0.17383610967110968,247,Simplified BARK,1,0.00390625,0.17383610967110968,128.0,0.5,False,540402517
7,8,3,0.4765625,0.05078125,0.17383610967110968,247,Simplified BARK,2,0.0078125,0.5922519639409358,128.0,0.5,False,540402517
7,8,3,0.4765625,0.05078125,0.17383610967110968,247,Simplified BARK,3,0.01171875,0.6537121674804207,128.0,0.5,False,540402517
7,8,3,0.4765625,0.05078125,0.17383610967110968,247,Simplified BARK,4,0.015625,0.6977497377993326,128.0,0.5,False,540402517
7,8,3,0.4765625,0.05078125,0.17383610967110968,247,Simplified BARK,5,0.01953125,0.7013984928899869,128.0,0.5,False,540402517
7,8,3,0.4765625,0.05078125,0.17383610967110968,247,Simplified BARK,6,0.0234375,0.7060343237192733,128.0,0.5,False,540402517
7,8,3,0.4765625,0.05078125,0.17383610967110968,247,Simplified BARK,7,0.02734375,0.7046018908511691,128.0,0.5,False,540402517
7,8,3,0.4765625,0.05078125,0.17383610967110968,247,Simplified BARK,9,0.03515625,0.7033543665496365,128.0,0.5,False,540402517
7,8,3,0.4765625,0.05078125,0.17383610967110968,247,Simplified BARK,10,0.0390625,0.703179611470605,128.0,0.5,False,540402517
7,8,3,0.4765625,0.05078125,0.17383610967110968,247,Simplified BARK,12,0.046875,0.7469169434181916,128.0,0.5,False,540402517
7,8,3,0.4765625,0.05078125,0.17383610967110968,247,Simplified BARK,15,0.05859375,0.772453413411728,128.0,0.5,False,540402517
7,8,3,0.4765625,0.05078125,0.17383610967110968,247,Simplified BARK,17,0.06640625,0.7770099074034067,128.0,0.5,False,540402517
7,8,3,0.4765625,0.05078125,0.17383610967110968,247,Simplified BARK,20,0.078125,0.7883179185336959,128.0,0.5,False,540402517
7,8,3,0.4765625,0.05078125,0.17383610967110968,247,Simplified BARK,24,0.09375,0.846647027924286,128.0,0.5,False,540402517
7,8,3,0.4765625,0.05078125,0.17383610967110968,247,Simplified BARK,28,0.109375,0.8534864639431358,128.0,0.5,False,540402517
7,8,3,0.4765625,0.05078125,0.17383610967110968,247,Simplified BARK,34,0.1328125,0.8543203419830387,128.0,0.5,False,540402517
7,8,3,0.4765625,0.05078125,0.17383610967110968,247,Simplified BARK,40,0.15625,0.8541892234487485,128.0,0.5,False,540402517
7,8,3,0.4765625,0.05078125,0.17383610967110968,247,Simplified BARK,47,0.18359375,0.8552493142092692,128.0,0.5,False,540402517
7,8,3,0.4765625,0.05078125,0.17383610967110968,247,Simplified BARK,55,0.21484375,0.8574769577447617,128.0,0.5,False,540402517
7,8,3,0.4765625,0.05078125,0.17383610967110968,247,Simplified BARK,66,0.2578125,0.8617998908571227,128.0,0.5,False,540402517
7,8,3,0.4765625,0.05078125,0.17383610967110968,247,Simplified BARK,77,0.30078125,0.8715526707295768,128.0,0.5,False,540402517
7,8,3,0.4765625,0.05078125,0.17383610967110968,247,Simplified BARK,92,0.359375,0.8883276074261309,128.0,0.5,False,540402517
7,8,3,0.4765625,0.05078125,0.17383610967110968,247,Simplified BARK,108,0.421875,0.939308471874226,128.0,0.5,False,540402517
7,8,3,0.4765625,0.05078125,0.17383610967110968,247,Simplified BARK,128,0.5,1.0000000000000004,128.0,0.5,False,540402517
7,8,3,0.4765625,0.05078125,0.17383610967110968,247,SKQD,1,0.00390625,0.1738361096711097,105.33333333333333,0.4114583333333333,True,540402517
7,8,3,0.4765625,0.05078125,0.17383610967110968,247,SKQD,2,0.0078125,0.1738361096711097,105.33333333333333,0.4114583333333333,True,540402517
7,8,3,0.4765625,0.05078125,0.17383610967110968,247,SKQD,3,0.01171875,0.1738361096711097,105.33333333333333,0.4114583333333333,True,540402517
7,8,3,0.4765625,0.05078125,0.17383610967110968,247,SKQD,4,0.015625,0.1738361096711097,105.33333333333333,0.4114583333333333,True,540402517
7,8,3,0.4765625,0.05078125,0.17383610967110968,247,SKQD,5,0.01953125,0.1738361096711097,105.33333333333333,0.4114583333333333,True,540402517
7,8,3,0.4765625,0.05078125,0.17383610967110968,247,SKQD,6,0.0234375,0.1738361096711097,105.33333333333333,0.4114583333333333,True,540402517
7,8,3,0.4765625,0.05078125,0.17383610967110968,247,SKQD,7,0.02734375,0.1738361096711097,105.33333333333333,0.4114583333333333,True,540402517
7,8,3,0.4765625,0.05078125,0.17383610967110968,247,SKQD,9,0.03515625,0.1738361096711097,105.33333333333333,0.4114583333333333,True,540402517
7,8,3,0.4765625,0.05078125,0.17383610967110968,247,SKQD,10,0.0390625,0.1738361096711097,105.33333333333333,0.4114583333333333,True,540402517
7,8,3,0.4765625,0.05078125,0.17383610967110968,247,SKQD,12,0.046875,0.1738361096711097,105.33333333333333,0.4114583333333333,True,540402517
7,8,3,0.4765625,0.05078125,0.17383610967110968,247,SKQD,15,0.05859375,0.336449677899713,105.33333333333333,0.4114583333333333,True,540402517
7,8,3,0.4765625,0.05078125,0.17383610967110968,247,SKQD,17,0.06640625,0.5615572433545963,105.33333333333333,0.4114583333333333,True,540402517
7,8,3,0.4765625,0.05078125,0.17383610967110968,247,SKQD,20,0.078125,0.7504841722023787,105.33333333333333,0.4114583333333333,True,540402517
7,8,3,0.4765625,0.05078125,0.17383610967110968,247,SKQD,24,0.09375,0.7504841722023787,105.33333333333333,0.4114583333333333,True,540402517
7,8,3,0.4765625,0.05078125,0.17383610967110968,247,SKQD,28,0.109375,0.7504841722023787,105.33333333333333,0.4114583333333333,True,540402517
7,8,3,0.4765625,0.05078125,0.17383610967110968,247,SKQD,34,0.1328125,0.917384275933996,105.33333333333333,0.4114583333333333,True,540402517
7,8,3,0.4765625,0.05078125,0.17383610967110968,247,SKQD,40,0.15625,0.917384275933996,105.33333333333333,0.4114583333333333,True,540402517
7,8,3,0.4765625,0.05078125,0.17383610967110968,247,SKQD,47,0.18359375,0.917384275933996,105.33333333333333,0.4114583333333333,True,540402517
7,8,3,0.4765625,0.05078125,0.17383610967110968,247,SKQD,55,0.21484375,0.9683794504019995,105.33333333333333,0.4114583333333333,True,540402517
7,8,3,0.4765625,0.05078125,0.17383610967110968,247,SKQD,66,0.2578125,0.9720839612270704,105.33333333333333,0.4114583333333333,True,540402517
7,8,3,0.4765625,0.05078125,0.17383610967110968,247,SKQD,77,0.30078125,0.9905773355520001,105.33333333333333,0.4114583333333333,True,540402517
7,8,3,0.4765625,0.05078125,0.17383610967110968,247,SKQD,92,0.359375,0.9948991725558848,105.33333333333333,0.4114583333333333,True,540402517
7,8,3,0.4765625,0.05078125,0.17383610967110968,247,SKQD,108,0.421875,0.9982831256511581,105.33333333333333,0.4114583333333333,True,540402517
7,8,3,0.4765625,0.05078125,0.17383610967110968,247,SKQD,128,0.5,0.9985069977519897,105.33333333333333,0.4114583333333333,True,540402517
7,8,3,0.4765625,0.05078125,0.17383610967110968,247,Ceiling,1,0.00390625,0.41906958193716837,128.0,0.5,False,540402517
7,8,3,0.4765625,0.05078125,0.17383610967110968,247,Ceiling,2,0.0078125,0.592905691608278,128.0,0.5,False,540402517
7,8,3,0.4765625,0.05078125,0.17383610967110968,247,Ceiling,3,0.01171875,0.6557669946841483,128.0,0.5,False,540402517
7,8,3,0.4765625,0.05078125,0.17383610967110968,247,Ceiling,4,0.015625,0.709023545708176,128.0,0.5,False,540402517
7,8,3,0.4765625,0.05078125,0.17383610967110968,247,Ceiling,5,0.01953125,0.7516676817401243,128.0,0.5,False,540402517
7,8,3,0.4765625,0.05078125,0.17383610967110968,247,Ceiling,6,0.0234375,0.7899945660923888,128.0,0.5,False,540402517
7,8,3,0.4765625,0.05078125,0.17383610967110968,247,Ceiling,7,0.02734375,0.814174937485275,128.0,0.5,False,540402517
7,8,3,0.4765625,0.05078125,0.17383610967110968,247,Ceiling,9,0.03515625,0.8521264927186147,128.0,0.5,False,540402517
7,8,3,0.4765625,0.05078125,0.17383610967110968,247,Ceiling,10,0.0390625,0.8699678166094695,128.0,0.5,False,540402517
7,8,3,0.4765625,0.05078125,0.17383610967110968,247,Ceiling,12,0.046875,0.8907770128297193,128.0,0.5,False,540402517
7,8,3,0.4765625,0.05078125,0.17383610967110968,247,Ceiling,15,0.05859375,0.9111202031190846,128.0,0.5,False,540402517
7,8,3,0.4765625,0.05078125,0.17383610967110968,247,Ceiling,17,0.06640625,0.9218563560646649,128.0,0.5,False,540402517
7,8,3,0.4765625,0.05078125,0.17383610967110968,247,Ceiling,20,0.078125,0.9363111639236003,128.0,0.5,False,540402517
7,8,3,0.4765625,0.05078125,0.17383610967110968,247,Ceiling,24,0.09375,0.9511560385709669,128.0,0.5,False,540402517
7,8,3,0.4765625,0.05078125,0.17383610967110968,247,Ceiling,28,0.109375,0.9616691672247907,128.0,0.5,False,540402517
7,8,3,0.4765625,0.05078125,0.17383610967110968,247,Ceiling,34,0.1328125,0.9730146024590652,128.0,0.5,False,540402517
7,8,3,0.4765625,0.05078125,0.17383610967110968,247,Ceiling,40,0.15625,0.982038268478514,128.0,0.5,False,540402517
7,8,3,0.4765625,0.05078125,0.17383610967110968,247,Ceiling,47,0.18359375,0.9889299714732647,128.0,0.5,False,540402517
7,8,3,0.4765625,0.05078125,0.17383610967110968,247,Ceiling,55,0.21484375,0.9938022827636406,128.0,0.5,False,540402517
7,8,3,0.4765625,0.05078125,0.17383610967110968,247,Ceiling,66,0.2578125,0.9973164772646741,128.0,0.5,False,540402517
7,8,3,0.4765625,0.05078125,0.17383610967110968,247,Ceiling,77,0.30078125,0.9988423224691413,128.0,0.5,False,540402517
7,8,3,0.4765625,0.05078125,0.17383610967110968,247,Ceiling,92,0.359375,0.9996071911410175,128.0,0.5,False,540402517
7,8,3,0.4765625,0.05078125,0.17383610967110968,247,Ceiling,108,0.421875,0.9999314394005023,128.0,0.5,False,540402517
7,8,3,0.4765625,0.05078125,0.17383610967110968,247,Ceiling,128,0.5,1.0000000000000007,128.0,0.5,False,540402517
7,8,3,0.4765625,0.05078125,0.41906958193716837,251,BARK,1,0.00390625,0.41906958193716837,128.0,0.5,False,540402517
7,8,3,0.4765625,0.05078125,0.41906958193716837,251,BARK,2,0.0078125,0.5922519639409357,128.0,0.5,False,540402517
7,8,3,0.4765625,0.05078125,0.41906958193716837,251,BARK,3,0.01171875,0.6244197089571504,128.0,0.5,False,540402517
7,8,3,0.4765625,0.05078125,0.41906958193716837,251,BARK,4,0.015625,0.6977497377993326,128.0,0.5,False,540402517
7,8,3,0.4765625,0.05078125,0.41906958193716837,251,BARK,5,0.01953125,0.7013984928899869,128.0,0.5,False,540402517
7,8,3,0.4765625,0.05078125,0.41906958193716837,251,BARK,6,0.0234375,0.7060343237192733,128.0,0.5,False,540402517
7,8,3,0.4765625,0.05078125,0.41906958193716837,251,BARK,7,0.02734375,0.759579860966885,128.0,0.5,False,540402517
7,8,3,0.4765625,0.05078125,0.41906958193716837,251,BARK,9,0.03515625,0.7994578964909888,128.0,0.5,False,540402517
7,8,3,0.4765625,0.05078125,0.41906958193716837,251,BARK,10,0.0390625,0.8040702681380631,128.0,0.5,False,540402517
7,8,3,0.4765625,0.05078125,0.41906958193716837,251,BARK,12,0.046875,0.8095483319098259,128.0,0.5,False,540402517
7,8,3,0.4765625,0.05078125,0.41906958193716837,251,BARK,15,0.05859375,0.8695946504440466,128.0,0.5,False,540402517
7,8,3,0.4765625,0.05078125,0.41906958193716837,251,BARK,17,0.06640625,0.8798092508273757,128.0,0.5,False,540402517
7,8,3,0.4765625,0.05078125,0.41906958193716837,251,BARK,20,0.078125,0.9083806058093108,128.0,0.5,False,540402517
7,8,3,0.4765625,0.05078125,0.41906958193716837,251,BARK,24,0.09375,0.9147641729088196,128.0,0.5,False,540402517
7,8,3,0.4765625,0.05078125,0.41906958193716837,251,BARK,28,0.109375,0.9253307380520207,128.0,0.5,False,540402517
7,8,3,0.4765625,0.05078125,0.41906958193716837,251,BARK,34,0.1328125,0.9460336721879722,128.0,0.5,False,540402517
7,8,3,0.4765625,0.05078125,0.41906958193716837,251,BARK,40,0.15625,0.9665624039324513,128.0,0.5,False,540402517
7,8,3,0.4765625,0.05078125,0.41906958193716837,251,BARK,47,0.18359375,0.9747176298448755,128.0,0.5,False,540402517
7,8,3,0.4765625,0.05078125,0.41906958193716837,251,BARK,55,0.21484375,0.9852660434447408,128.0,0.5,False,540402517
7,8,3,0.4765625,0.05078125,0.41906958193716837,251,BARK,66,0.2578125,0.9953228714532341,128.0,0.5,False,540402517
7,8,3,0.4765625,0.05078125,0.41906958193716837,251,BARK,77,0.30078125,0.9973159012012829,128.0,0.5,False,540402517
7,8,3,0.4765625,0.05078125,0.41906958193716837,251,BARK,92,0.359375,0.9992490215745844,128.0,0.5,False,540402517
7,8,3,0.4765625,0.05078125,0.41906958193716837,251,BARK,108,0.421875,0.9998854853796914,128.0,0.5,False,540402517
7,8,3,0.4765625,0.05078125,0.41906958193716837,251,BARK,128,0.5,1.0000000000000004,128.0,0.5,False,540402517
7,8,3,0.4765625,0.05078125,0.41906958193716837,251,Simplified BARK,1,0.00390625,0.41906958193716837,128.0,0.5,False,540402517
7,8,3,0.4765625,0.05078125,0.41906958193716837,251,Simplified BARK,2,0.0078125,0.5922519639409357,128.0,0.5,False,540402517
7,8,3,0.4765625,0.05078125,0.41906958193716837,251,Simplified BARK,3,0.01171875,0.6537121674804208,128.0,0.5,False,540402517
7,8,3,0.4765625,0.05078125,0.41906958193716837,251,Simplified BARK,4,0.015625,0.6977497377993326,128.0,0.5,False,540402517
7,8,3,0.4765625,0.05078125,0.41906958193716837,251,Simplified BARK,5,0.01953125,0.7013984928899867,128.0,0.5,False,540402517
7,8,3,0.4765625,0.05078125,0.41906958193716837,251,Simplified BARK,6,0.0234375,0.7060343237192735,128.0,0.5,False,540402517
7,8,3,0.4765625,0.05078125,0.41906958193716837,251,Simplified BARK,7,0.02734375,0.7046018908511691,128.0,0.5,False,540402517
7,8,3,0.4765625,0.05078125,0.41906958193716837,251,Simplified BARK,9,0.03515625,0.7033543665496365,128.0,0.5,False,540402517
7,8,3,0.4765625,0.05078125,0.41906958193716837,251,Simplified BARK,10,0.0390625,0.7031796114706053,128.0,0.5,False,540402517
7,8,3,0.4765625,0.05078125,0.41906958193716837,251,Simplified BARK,12,0.046875,0.7469169434181918,128.0,0.5,False,540402517
7,8,3,0.4765625,0.05078125,0.41906958193716837,251,Simplified BARK,15,0.05859375,0.7724534134117281,128.0,0.5,False,540402517
7,8,3,0.4765625,0.05078125,0.41906958193716837,251,Simplified BARK,17,0.06640625,0.777009907403407,128.0,0.5,False,540402517
7,8,3,0.4765625,0.05078125,0.41906958193716837,251,Simplified BARK,20,0.078125,0.7883179185336959,128.0,0.5,False,540402517
7,8,3,0.4765625,0.05078125,0.41906958193716837,251,Simplified BARK,24,0.09375,0.8466470279242864,128.0,0.5,False,540402517
7,8,3,0.4765625,0.05078125,0.41906958193716837,251,Simplified BARK,28,0.109375,0.8534864639431362,128.0,0.5,False,540402517
7,8,3,0.4765625,0.05078125,0.41906958193716837,251,Simplified BARK,34,0.1328125,0.8543203419830387,128.0,0.5,False,540402517
7,8,3,0.4765625,0.05078125,0.41906958193716837,251,Simplified BARK,40,0.15625,0.8541892234487486,128.0,0.5,False,540402517
7,8,3,0.4765625,0.05078125,0.41906958193716837,251,Simplified BARK,47,0.18359375,0.8552493142092696,128.0,0.5,False,540402517
7,8,3,0.4765625,0.05078125,0.41906958193716837,251,Simplified BARK,55,0.21484375,0.8574769577447613,128.0,0.5,False,540402517
7,8,3,0.4765625,0.05078125,0.41906958193716837,251,Simplified BARK,66,0.2578125,0.8617998908571232,128.0,0.5,False,540402517
7,8,3,0.4765625,0.05078125,0.41906958193716837,251,Simplified BARK,77,0.30078125,0.8715526707295765,128.0,0.5,False,540402517
7,8,3,0.4765625,0.05078125,0.41906958193716837,251,Simplified BARK,92,0.359375,0.8883276074261309,128.0,0.5,False,540402517
7,8,3,0.4765625,0.05078125,0.41906958193716837,251,Simplified BARK,108,0.421875,0.9393084718742266,128.0,0.5,False,540402517
7,8,3,0.4765625,0.05078125,0.41906958193716837,251,Simplified BARK,128,0.5,1.0000000000000004,128.0,0.5,False,540402517
7,8,3,0.4765625,0.05078125,0.41906958193716837,251,SKQD,1,0.00390625,0.41906958193716837,98.66666666666667,0.3854166666666667,True,540402517
7,8,3,0.4765625,0.05078125,0.41906958193716837,251,SKQD,2,0.0078125,0.41906958193716837,98.66666666666667,0.3854166666666667,True,540402517
7,8,3,0.4765625,0.05078125,0.41906958193716837,251,SKQD,3,0.01171875,0.41906958193716837,98.66666666666667,0.3854166666666667,True,540402517
7,8,3,0.4765625,0.05078125,0.41906958193716837,251,SKQD,4,0.015625,0.41906958193716837,98.66666666666667,0.3854166666666667,True,540402517
7,8,3,0.4765625,0.05078125,0.41906958193716837,251,SKQD,5,0.01953125,0.41906958193716837,98.66666666666667,0.3854166666666667,True,540402517
7,8,3,0.4765625,0.05078125,0.41906958193716837,251,SKQD,6,0.0234375,0.41906958193716837,98.66666666666667,0.3854166666666667,True,540402517
7,8,3,0.4765625,0.05078125,0.41906958193716837,251,SKQD,7,0.02734375,0.41906958193716837,98.66666666666667,0.3854166666666667,True,540402517
7,8,3,0.4765625,0.05078125,0.41906958193716837,251,SKQD,9,0.03515625,0.41906958193716837,98.66666666666667,0.3854166666666667,True,540402517
7,8,3,0.4765625,0.05078125,0.41906958193716837,251,SKQD,10,0.0390625,0.41906958193716837,98.66666666666667,0.3854166666666667,True,540402517
7,8,3,0.4765625,0.05078125,0.41906958193716837,251,SKQD,12,0.046875,0.41906958193716837,98.66666666666667,0.3854166666666667,True,540402517
7,8,3,0.4765625,0.05078125,0.41906958193716837,251,SKQD,15,0.05859375,0.41906958193716837,98.66666666666667,0.3854166666666667,True,540402517
7,8,3,0.4765625,0.05078125,0.41906958193716837,251,SKQD,17,0.06640625,0.41906958193716837,98.66666666666667,0.3854166666666667,True,540402517
7,8,3,0.4765625,0.05078125,0.41906958193716837,251,SKQD,20,0.078125,0.41906958193716837,98.66666666666667,0.3854166666666667,True,540402517
7,8,3,0.4765625,0.05078125,0.41906958193716837,251,SKQD,24,0.09375,0.41906958193716837,98.66666666666667,0.3854166666666667,True,540402517
7,8,3,0.4765625,0.05078125,0.41906958193716837,251,SKQD,28,0.109375,0.41906958193716837,98.66666666666667,0.3854166666666667,True,540402517
7,8,3,0.4765625,0.05078125,0.41906958193716837,251,SKQD,34,0.1328125,0.8753245304629286,98.66666666666667,0.3854166666666667,True,540402517
7,8,3,0.4765625,0.05078125,0.41906958193716837,251,SKQD,40,0.15625,0.8753245304629286,98.66666666666667,0.3854166666666667,True,540402517
7,8,3,0.4765625,0.05078125,0.41906958193716837,251,SKQD,47,0.18359375,0.8753245304629286,98.66666666666667,0.3854166666666667,True,540402517
7,8,3,0.4765625,0.05078125,0.41906958193716837,251,SKQD,55,0.21484375,0.9231859650515499,98.66666666666667,0.3854166666666667,True,540402517
7,8,3,0.4765625,0.05078125,0.41906958193716837,251,SKQD,66,0.2578125,0.9719321549990219,98.66666666666667,0.3854166666666667,True,540402517
7,8,3,0.4765625,0.05078125,0.41906958193716837,251,SKQD,77,0.30078125,0.9793817354084599,98.66666666666667,0.3854166666666667,True,540402517
7,8,3,0.4765625,0.05078125,0.41906958193716837,251,SKQD,92,0.359375,0.9960993531917776,98.66666666666667,0.3854166666666667,True,540402517
7,8,3,0.4765625,0.05078125,0.41906958193716837,251,SKQD,108,0.421875,0.9981520988175641,98.66666666666667,0.3854166666666667,True,540402517
7,8,3,0.4765625,0.05078125,0.41906958193716837,251,SKQD,128,0.5,0.9981520988175641,98.66666666666667,0.3854166666666667,True,540402517
7,8,3,0.4765625,0.05078125,0.41906958193716837,251,Ceiling,1,0.00390625,0.41906958193716837,128.0,0.5,False,540402517
7,8,3,0.4765625,0.05078125,0.41906958193716837,251,Ceiling,2,0.0078125,0.592905691608278,128.0,0.5,False,540402517
7,8,3,0.4765625,0.05078125,0.41906958193716837,251,Ceiling,3,0.01171875,0.6557669946841483,128.0,0.5,False,540402517
7,8,3,0.4765625,0.05078125,0.41906958193716837,251,Ceiling,4,0.015625,0.709023545708176,128.0,0.5,False,540402517
7,8,3,0.4765625,0.05078125,0.41906958193716837,251,Ceiling,5,0.01953125,0.7516676817401243,128.0,0.5,False,540402517
7,8,3,0.4765625,0.05078125,0.41906958193716837,251,Ceiling,6,0.0234375,0.7899945660923888,128.0,0.5,False,540402517
7,8,3,0.4765625,0.05078125,0.41906958193716837,251,Ceiling,7,0.02734375,0.814174937485275,128.0,0.5,False,540402517
7,8,3,0.4765625,0.05078125,0.41906958193716837,251,Ceiling,9,0.03515625,0.8521264927186147,128.0,0.5,False,540402517
7,8,3,0.4765625,0.05078125,0.41906958193716837,251,Ceiling,10,0.0390625,0.8699678166094695,128.0,0.5,False,540402517
7,8,3,0.4765625,0.05078125,0.41906958193716837,251,Ceiling,12,0.046875,0.8907770128297193,128.0,0.5,False,540402517
7,8,3,0.4765625,0.05078125,0.41906958193716837,251,Ceiling,15,0.05859375,0.9111202031190846,128.0,0.5,False,540402517
7,8,3,0.4765625,0.05078125,0.41906958193716837,251,Ceiling,17,0.06640625,0.9218563560646649,128.0,0.5,False,540402517
7,8,3,0.4765625,0.05078125,0.41906958193716837,251,Ceiling,20,0.078125,0.9363111639236003,128.0,0.5,False,540402517
7,8,3,0.4765625,0.05078125,0.41906958193716837,251,Ceiling,24,0.09375,0.9511560385709669,128.0,0.5,False,540402517
7,8,3,0.4765625,0.05078125,0.41906958193716837,251,Ceiling,28,0.109375,0.9616691672247907,128.0,0.5,False,540402517
7,8,3,0.4765625,0.05078125,0.41906958193716837,251,Ceiling,34,0.1328125,0.9730146024590652,128.0,0.5,False,540402517
7,8,3,0.4765625,0.05078125,0.41906958193716837,251,Ceiling,40,0.15625,0.982038268478514,128.0,0.5,False,540402517
7,8,3,0.4765625,0.05078125,0.41906958193716837,251,Ceiling,47,0.18359375,0.9889299714732647,128.0,0.5,False,540402517
7,8,3,0.4765625,0.05078125,0.41906958193716837,251,Ceiling,55,0.21484375,0.9938022827636406,128.0,0.5,False,540402517
7,8,3,0.4765625,0.05078125,0.41906958193716837,251,Ceiling,66,0.2578125,0.9973164772646741,128.0,0.5,False,540402517
7,8,3,0.4765625,0.05078125,0.41906958193716837,251,Ceiling,77,0.30078125,0.9988423224691413,128.0,0.5,False,540402517
7,8,3,0.4765625,0.05078125,0.41906958193716837,251,Ceiling,92,0.359375,0.9996071911410175,128.0,0.5,False,540402517
7,8,3,0.4765625,0.05078125,0.41906958193716837,251,Ceiling,108,0.421875,0.9999314394005023,128.0,0.5,False,540402517
7,8,3,0.4765625,0.05078125,0.41906958193716837,251,Ceiling,128,0.5,1.0000000000000007,128.0,0.5,False,540402517
7,8,3,0.4765625,0.05078125,5.22190731411989e-39,0,BARK,1,0.00390625,5.22190731411989e-39,128.0,0.5,False,540402517
7,8,3,0.4765625,0.05078125,5.22190731411989e-39,0,BARK,2,0.0078125,1.1059398433289598e-32,128.0,0.5,False,540402517
7,8,3,0.4765625,0.05078125,5.22190731411989e-39,0,BARK,3,0.01171875,4.3448528690943376e-32,128.0,0.5,False,540402517
7,8,3,0.4765625,0.05078125,5.22190731411989e-39,0,BARK,4,0.015625,1.5894565313464779e-35,128.0,0.5,False,540402517
7,8,3,0.4765625,0.05078125,5.22190731411989e-39,0,BARK,5,0.01953125,1.4281774034107474e-33,128.0,0.5,False,540402517
7,8,3,0.4765625,0.05078125,5.22190731411989e-39,0,BARK,6,0.0234375,9.295658316803765e-34,128.0,0.5,False,540402517
7,8,3,0.4765625,0.05078125,5.22190731411989e-39,0,BARK,7,0.02734375,3.443452962949063e-33,128.0,0.5,False,540402517
7,8,3,0.4765625,0.05078125,5.22190731411989e-39,0,BARK,9,0.03515625,3.899712331402871e-33,128.0,0.5,False,540402517
7,8,3,0.4765625,0.05078125,5.22190731411989e-39,0,BARK,10,0.0390625,6.22912538003435e-33,128.0,0.5,False,540402517
7,8,3,0.4765625,0.05078125,5.22190731411989e-39,0,BARK,12,0.046875,7.51291615016218e-33,128.0,0.5,False,540402517
7,8,3,0.4765625,0.05078125,5.22190731411989e-39,0,BARK,15,0.05859375,5.683011190738594e-33,128.0,0.5,False,540402517
7,8,3,0.4765625,0.05078125,5.22190731411989e-39,0,BARK,17,0.06640625,5.137573196890038e-33,128.0,0.5,False,540402517
7,8,3,0.4765625,0.05078125,5.22190731411989e-39,0,BARK,20,0.078125,7.792500917308786e-33,128.0,0.5,False,540402517
7,8,3,0.4765625,0.05078125,5.22190731411989e-39,0,BARK,24,0.09375,6.72649854952234e-33,128.0,0.5,False,540402517
7,8,3,0.4765625,0.05078125,5.22190731411989e-39,0,BARK,28,0.109375,9.538168421968114e-35,128.0,0.5,False,540402517
7,8,3,0.4765625,0.05078125,5.22190731411989e-39,0,BARK,34,0.1328125,3.6398518514988614e-34,128.0,0.5,False,540402517
7,8,3,0.4765625,0.05078125,5.22190731411989e-39,0,BARK,40,0.15625,1.1089741932830053e-33,128.0,0.5,False,540402517
7,8,3,0.4765625,0.05078125,5.22190731411989e-39,0,BARK,47,0.18359375,4.032224667042613e-35,128.0,0.5,False,540402517
7,8,3,0.4765625,0.05078125,5.22190731411989e-39,0,BARK,55,0.21484375,6.683960232446307e-33,128.0,0.5,False,540402517
7,8,3,0.4765625,0.05078125,5.22190731411989e-39,0,BARK,66,0.2578125,1.761663570314735e-33,128.0,0.5,False,540402517
7,8,3,0.4765625,0.05078125,5.22190731411989e-39,0,BARK,77,0.30078125,1.1049767436046685e-33,128.0,0.5,False,540402517
7,8,3,0.4765625,0.05078125,5.22190731411989e-39,0,BARK,92,0.359375,5.53482033506559e-34,128.0,0.5,False,540402517
7,8,3,0.4765625,0.05078125,5.22190731411989e-39,0,BARK,108,0.421875,7.039923817369348e-34,128.0,0.5,False,540402517
7,8,3,0.4765625,0.05078125,5.22190731411989e-39,0,BARK,128,0.5,6.288787641544618e-34,128.0,0.5,False,540402517
7,8,3,0.4765625,0.05078125,5.22190731411989e-39,0,Simplified BARK,1,0.00390625,5.22190731411989e-39,128.0,0.5,False,540402517
7,8,3,0.4765625,0.05078125,5.22190731411989e-39,0,Simplified BARK,2,0.0078125,3.2342538925218176e-34,128.0,0.5,False,540402517
7,8,3,0.4765625,0.05078125,5.22190731411989e-39,0,Simplified BARK,3,0.01171875,1.9311585730931275e-33,128.0,0.5,False,540402517
7,8,3,0.4765625,0.05078125,5.22190731411989e-39,0,Simplified BARK,4,0.015625,3.392078199879477e-33,128.0,0.5,False,540402517
7,8,3,0.4765625,0.05078125,5.22190731411989e-39,0,Simplified BARK,5,0.01953125,7.082557857471174e-33,128.0,0.5,False,540402517
7,8,3,0.4765625,0.05078125,5.22190731411989e-39,0,Simplified BARK,6,0.0234375,1.3133889478189284e-32,128.0,0.5,False,540402517
7,8,3,0.4765625,0.05078125,5.22190731411989e-39,0,Simplified BARK,7,0.02734375,1.4799287738291966e-32,128.0,0.5,False,540402517
7,8,3,0.4765625,0.05078125,5.22190731411989e-39,0,Simplified BARK,9,0.03515625,4.5211115516924946e-33,128.0,0.5,False,540402517
7,8,3,0.4765625,0.05078125,5.22190731411989e-39,0,Simplified BARK,10,0.0390625,3.0721563825209862e-33,128.0,0.5,False,540402517
7,8,3,0.4765625,0.05078125,5.22190731411989e-39,0,Simplified BARK,12,0.046875,1.876318108540952e-33,128.0,0.5,False,540402517
7,8,3,0.4765625,0.05078125,5.22190731411989e-39,0,Simplified BARK,15,0.05859375,1.0002871418582064e-32,128.0,0.5,False,540402517
7,8,3,0.4765625,0.05078125,5.22190731411989e-39,0,Simplified BARK,17,0.06640625,1.0454236636757878e-32,128.0,0.5,False,540402517
7,8,3,0.4765625,0.05078125,5.22190731411989e-39,0,Simplified BARK,20,0.078125,3.0396066292406626e-32,128.0,0.5,False,540402517
7,8,3,0.4765625,0.05078125,5.22190731411989e-39,0,Simplified BARK,24,0.09375,8.596056986025226e-33,128.0,0.5,False,540402517
7,8,3,0.4765625,0.05078125,5.22190731411989e-39,0,Simplified BARK,28,0.109375,3.951150878581639e-36,128.0,0.5,False,540402517
7,8,3,0.4765625,0.05078125,5.22190731411989e-39,0,Simplified BARK,34,0.1328125,6.544991876565324e-33,128.0,0.5,False,540402517
7,8,3,0.4765625,0.05078125,5.22190731411989e-39,0,Simplified BARK,40,0.15625,7.695370525265616e-33,128.0,0.5,False,540402517
7,8,3,0.4765625,0.05078125,5.22190731411989e-39,0,Simplified BARK,47,0.18359375,1.4488385893969422e-33,128.0,0.5,False,540402517
7,8,3,0.4765625,0.05078125,5.22190731411989e-39,0,Simplified BARK,55,0.21484375,1.798633587096614e-33,128.0,0.5,False,540402517
7,8,3,0.4765625,0.05078125,5.22190731411989e-39,0,Simplified BARK,66,0.2578125,3.630591723863966e-33,128.0,0.5,False,540402517
7,8,3,0.4765625,0.05078125,5.22190731411989e-39,0,Simplified BARK,77,0.30078125,1.1588143717734004e-32,128.0,0.5,False,540402517
7,8,3,0.4765625,0.05078125,5.22190731411989e-39,0,Simplified BARK,92,0.359375,8.386468263422261e-32,128.0,0.5,False,540402517
7,8,3,0.4765625,0.05078125,5.22190731411989e-39,0,Simplified BARK,108,0.421875,2.1478433236486902e-32,128.0,0.5,False,540402517
7,8,3,0.4765625,0.05078125,5.22190731411989e-39,0,Simplified BARK,128,0.5,6.288787641544593e-34,128.0,0.5,False,540402517
7,8,3,0.4765625,0.05078125,5.22190731411989e-39,0,SKQD,1,0.00390625,5.2219073141198895e-39,104.66666666666667,0.4088541666666667,True,540402517
7,8,3,0.4765625,0.05078125,5.22190731411989e-39,0,SKQD,2,0.0078125,5.2219073141198895e-39,104.66666666666667,0.4088541666666667,True,540402517
7,8,3,0.4765625,0.05078125,5.22190731411989e-39,0,SKQD,3,0.01171875,5.2219073141198895e-39,104.66666666666667,0.4088541666666667,True,540402517
7,8,3,0.4765625,0.05078125,5.22190731411989e-39,0,SKQD,4,0.015625,5.2219073141198895e-39,104.66666666666667,0.4088541666666667,True,540402517
7,8,3,0.4765625,0.05078125,5.22190731411989e-39,0,SKQD,5,0.01953125,5.2219073141198895e-39,104.66666666666667,0.4088541666666667,True,540402517
7,8,3,0.4765625,0.05078125,5.22190731411989e-39,0,SKQD,6,0.0234375,5.2219073141198895e-39,104.66666666666667,0.4088541666666667,True,540402517
7,8,3,0.4765625,0.05078125,5.22190731411989e-39,0,SKQD,7,0.02734375,5.2219073141198895e-39,104.66666666666667,0.4088541666666667,True,540402517
7,8,3,0.4765625,0.05078125,5.22190731411989e-39,0,SKQD,9,0.03515625,5.2219073141198895e-39,104.66666666666667,0.4088541666666667,True,540402517
7,8,3,0.4765625,0.05078125,5.22190731411989e-39,0,SKQD,10,0.0390625,5.2219073141198895e-39,104.66666666666667,0.4088541666666667,True,540402517
7,8,3,0.4765625,0.05078125,5.22190731411989e-39,0,SKQD,12,0.046875,5.2219073141198895e-39,104.66666666666667,0.4088541666666667,True,540402517
7,8,3,0.4765625,0.05078125,5.22190731411989e-39,0,SKQD,15,0.05859375,5.2219073141198895e-39,104.66666666666667,0.4088541666666667,True,540402517
7,8,3,0.4765625,0.05078125,5.22190731411989e-39,0,SKQD,17,0.06640625,5.2219073141198895e-39,104.66666666666667,0.4088541666666667,True,540402517
7,8,3,0.4765625,0.05078125,5.22190731411989e-39,0,SKQD,20,0.078125,5.2219073141198895e-39,104.66666666666667,0.4088541666666667,True,540402517
7,8,3,0.4765625,0.05078125,5.22190731411989e-39,0,SKQD,24,0.09375,5.2219073141198895e-39,104.66666666666667,0.4088541666666667,True,540402517
7,8,3,0.4765625,0.05078125,5.22190731411989e-39,0,SKQD,28,0.109375,5.2219073141198895e-39,104.66666666666667,0.4088541666666667,True,540402517
7,8,3,0.4765625,0.05078125,5.22190731411989e-39,0,SKQD,34,0.1328125,2.7244205482965954e-32,104.66666666666667,0.4088541666666667,True,540402517
7,8,3,0.4765625,0.05078125,5.22190731411989e-39,0,SKQD,40,0.15625,3.5540351291351944e-32,104.66666666666667,0.4088541666666667,True,540402517
7,8,3,0.4765625,0.05078125,5.22190731411989e-39,0,SKQD,47,0.18359375,3.5725137149754776e-32,104.66666666666667,0.4088541666666667,True,540402517
7,8,3,0.4765625,0.05078125,5.22190731411989e-39,0,SKQD,55,0.21484375,1.4858674892290372e-32,104.66666666666667,0.4088541666666667,True,540402517
7,8,3,0.4765625,0.05078125,5.22190731411989e-39,0,SKQD,66,0.2578125,1.4743973710399798e-32,104.66666666666667,0.4088541666666667,True,540402517
7,8,3,0.4765625,0.05078125,5.22190731411989e-39,0,SKQD,77,0.30078125,7.421284816460565e-32,104.66666666666667,0.4088541666666667,True,540402517
7,8,3,0.4765625,0.05078125,5.22190731411989e-39,0,SKQD,92,0.359375,4.8205924696418025e-32,104.66666666666667,0.4088541666666667,True,540402517
7,8,3,0.4765625,0.05078125,5.22190731411989e-39,0,SKQD,108,0.421875,1.90040159480649e-32,104.66666666666667,0.4088541666666667,True,540402517
7,8,3,0.4765625,0.05078125,5.22190731411989e-39,0,SKQD,128,0.5,1.8232014030855875e-32,104.66666666666667,0.4088541666666667,True,540402517
7,8,3,0.4765625,0.05078125,5.22190731411989e-39,0,Ceiling,1,0.00390625,0.41906958193716837,128.0,0.5,False,540402517
7,8,3,0.4765625,0.05078125,5.22190731411989e-39,0,Ceiling,2,0.0078125,0.592905691608278,128.0,0.5,False,540402517
7,8,3,0.4765625,0.05078125,5.22190731411989e-39,0,Ceiling,3,0.01171875,0.6557669946841483,128.0,0.5,False,540402517
7,8,3,0.4765625,0.05078125,5.22190731411989e-39,0,Ceiling,4,0.015625,0.709023545708176,128.0,0.5,False,540402517
7,8,3,0.4765625,0.05078125,5.22190731411989e-39,0,Ceiling,5,0.01953125,0.7516676817401243,128.0,0.5,False,540402517
7,8,3,0.4765625,0.05078125,5.22190731411989e-39,0,Ceiling,6,0.0234375,0.7899945660923888,128.0,0.5,False,540402517
7,8,3,0.4765625,0.05078125,5.22190731411989e-39,0,Ceiling,7,0.02734375,0.814174937485275,128.0,0.5,False,540402517
7,8,3,0.4765625,0.05078125,5.22190731411989e-39,0,Ceiling,9,0.03515625,0.8521264927186147,128.0,0.5,False,540402517
7,8,3,0.4765625,0.05078125,5.22190731411989e-39,0,Ceiling,10,0.0390625,0.8699678166094695,128.0,0.5,False,540402517
7,8,3,0.4765625,0.05078125,5.22190731411989e-39,0,Ceiling,12,0.046875,0.8907770128297193,128.0,0.5,False,540402517
7,8,3,0.4765625,0.05078125,5.22190731411989e-39,0,Ceiling,15,0.05859375,0.9111202031190846,128.0,0.5,False,540402517
7,8,3,0.4765625,0.05078125,5.22190731411989e-39,0,Ceiling,17,0.06640625,0.9218563560646649,128.0,0.5,False,540402517
7,8,3,0.4765625,0.05078125,5.22190731411989e-39,0,Ceiling,20,0.078125,0.9363111639236003,128.0,0.5,False,540402517
7,8,3,0.4765625,0.05078125,5.22190731411989e-39,0,Ceiling,24,0.09375,0.9511560385709669,128.0,0.5,False,540402517
7,8,3,0.4765625,0.05078125,5.22190731411989e-39,0,Ceiling,28,0.109375,0.9616691672247907,128.0,0.5,False,540402517
7,8,3,0.4765625,0.05078125,5.22190731411989e-39,0,Ceiling,34,0.1328125,0.9730146024590652,128.0,0.5,False,540402517
7,8,3,0.4765625,0.05078125,5.22190731411989e-39,0,Ceiling,40,0.15625,0.982038268478514,128.0,0.5,False,540402517
7,8,3,0.4765625,0.05078125,5.22190731411989e-39,0,Ceiling,47,0.18359375,0.9889299714732647,128.0,0.5,False,540402517
7,8,3,0.4765625,0.05078125,5.22190731411989e-39,0,Ceiling,55,0.21484375,0.9938022827636406,128.0,0.5,False,540402517
7,8,3,0.4765625,0.05078125,5.22190731411989e-39,0,Ceiling,66,0.2578125,0.9973164772646741,128.0,0.5,False,540402517
7,8,3,0.4765625,0.05078125,5.22190731411989e-39,0,Ceiling,77,0.30078125,0.9988423224691413,128.0,0.5,False,540402517
7,8,3,0.4765625,0.05078125,5.22190731411989e-39,0,Ceiling,92,0.359375,0.9996071911410175,128.0,0.5,False,540402517
7,8,3,0.4765625,0.05078125,5.22190731411989e-39,0,Ceiling,108,0.421875,0.9999314394005023,128.0,0.5,False,540402517
7,8,3,0.4765625,0.05078125,5.22190731411989e-39,0,Ceiling,128,0.5,1.0000000000000007,128.0,0.5,False,540402517
7,8,3,0.4765625,0.05078125,1.692711865184094e-36,172,BARK,1,0.00390625,1.692711865184094e-36,128.0,0.5,False,540402517
7,8,3,0.4765625,0.05078125,1.692711865184094e-36,172,BARK,2,0.0078125,3.653443499142232e-32,128.0,0.5,False,540402517
7,8,3,0.4765625,0.05078125,1.692711865184094e-36,172,BARK,3,0.01171875,6.641730379541577e-33,128.0,0.5,False,540402517
7,8,3,0.4765625,0.05078125,1.692711865184094e-36,172,BARK,4,0.015625,3.851978430325616e-33,128.0,0.5,False,540402517
7,8,3,0.4765625,0.05078125,1.692711865184094e-36,172,BARK,5,0.01953125,8.295109691146379e-36,128.0,0.5,False,540402517
7,8,3,0.4765625,0.05078125,1.692711865184094e-36,172,BARK,6,0.0234375,2.9382198442363014e-34,128.0,0.5,False,540402517
7,8,3,0.4765625,0.05078125,1.692711865184094e-36,172,BARK,7,0.02734375,3.956949120000057e-33,128.0,0.5,False,540402517
7,8,3,0.4765625,0.05078125,1.692711865184094e-36,172,BARK,9,0.03515625,7.797208092047825e-34,128.0,0.5,False,540402517
7,8,3,0.4765625,0.05078125,1.692711865184094e-36,172,BARK,10,0.0390625,2.528605653743328e-35,128.0,0.5,False,540402517
7,8,3,0.4765625,0.05078125,1.692711865184094e-36,172,BARK,12,0.046875,6.648808400375222e-35,128.0,0.5,False,540402517
7,8,3,0.4765625,0.05078125,1.692711865184094e-36,172,BARK,15,0.05859375,3.8696134886022516e-33,128.0,0.5,False,540402517
7,8,3,0.4765625,0.05078125,1.692711865184094e-36,172,BARK,17,0.06640625,1.673758977852739e-33,128.0,0.5,False,540402517
7,8,3,0.4765625,0.05078125,1.692711865184094e-36,172,BARK,20,0.078125,4.7015779062989624e-33,128.0,0.5,False,540402517
7,8,3,0.4765625,0.05078125,1.692711865184094e-36,172,BARK,24,0.09375,2.3221544202424584e-33,128.0,0.5,False,540402517
7,8,3,0.4765625,0.05078125,1.692711865184094e-36,172,BARK,28,0.109375,1.0670960199418872e-32,128.0,0.5,False,540402517
7,8,3,0.4765625,0.05078125,1.692711865184094e-36,172,BARK,34,0.1328125,1.3881561926242333e-32,128.0,0.5,False,540402517
7,8,3,0.4765625,0.05078125,1.692711865184094e-36,172,BARK,40,0.15625,3.311456483193818e-33,128.0,0.5,False,540402517
7,8,3,0.4765625,0.05078125,1.692711865184094e-36,172,BARK,47,0.18359375,8.361858512263982e-34,128.0,0.5,False,540402517
7,8,3,0.4765625,0.05078125,1.692711865184094e-36,172,BARK,55,0.21484375,1.8561568052400848e-34,128.0,0.5,False,540402517
7,8,3,0.4765625,0.05078125,1.692711865184094e-36,172,BARK,66,0.2578125,6.721565741194251e-34,128.0,0.5,False,540402517
7,8,3,0.4765625,0.05078125,1.692711865184094e-36,172,BARK,77,0.30078125,2.9910802615774193e-34,128.0,0.5,False,540402517
7,8,3,0.4765625,0.05078125,1.692711865184094e-36,172,BARK,92,0.359375,6.327857415136177e-34,128.0,0.5,False,540402517
7,8,3,0.4765625,0.05078125,1.692711865184094e-36,172,BARK,108,0.421875,5.798212865866852e-34,128.0,0.5,False,540402517
7,8,3,0.4765625,0.05078125,1.692711865184094e-36,172,BARK,128,0.5,6.288787641544667e-34,128.0,0.5,False,540402517
7,8,3,0.4765625,0.05078125,1.692711865184094e-36,172,Simplified BARK,1,0.00390625,1.692711865184094e-36,128.0,0.5,False,540402517
7,8,3,0.4765625,0.05078125,1.692711865184094e-36,172,Simplified BARK,2,0.0078125,4.704825345002332e-33,128.0,0.5,False,540402517
7,8,3,0.4765625,0.05078125,1.692711865184094e-36,172,Simplified BARK,3,0.01171875,2.6764241313937404e-32,128.0,0.5,False,540402517
7,8,3,0.4765625,0.05078125,1.692711865184094e-36,172,Simplified BARK,4,0.015625,2.8354695393447607e-32,128.0,0.5,False,540402517
7,8,3,0.4765625,0.05078125,1.692711865184094e-36,172,Simplified BARK,5,0.01953125,2.538879421540181e-32,128.0,0.5,False,540402517
7,8,3,0.4765625,0.05078125,1.692711865184094e-36,172,Simplified BARK,6,0.0234375,2.6358588744030257e-32,128.0,0.5,False,540402517
7,8,3,0.4765625,0.05078125,1.692711865184094e-36,172,Simplified BARK,7,0.02734375,2.6734313469860776e-32,128.0,0.5,False,540402517
7,8,3,0.4765625,0.05078125,1.692711865184094e-36,172,Simplified BARK,9,0.03515625,1.8686385362399416e-32,128.0,0.5,False,540402517
7,8,3,0.4765625,0.05078125,1.692711865184094e-36,172,Simplified BARK,10,0.0390625,2.105032054596416e-32,128.0,0.5,False,540402517
7,8,3,0.4765625,0.05078125,1.692711865184094e-36,172,Simplified BARK,12,0.046875,2.4099218496033596e-32,128.0,0.5,False,540402517
7,8,3,0.4765625,0.05078125,1.692711865184094e-36,172,Simplified BARK,15,0.05859375,1.8154565520068582e-32,128.0,0.5,False,540402517
7,8,3,0.4765625,0.05078125,1.692711865184094e-36,172,Simplified BARK,17,0.06640625,1.9906600088417346e-32,128.0,0.5,False,540402517
7,8,3,0.4765625,0.05078125,1.692711865184094e-36,172,Simplified BARK,20,0.078125,2.2397059517444706e-32,128.0,0.5,False,540402517
7,8,3,0.4765625,0.05078125,1.692711865184094e-36,172,Simplified BARK,24,0.09375,8.59605698602515e-33,128.0,0.5,False,540402517
7,8,3,0.4765625,0.05078125,1.692711865184094e-36,172,Simplified BARK,28,0.109375,3.951150878581883e-36,128.0,0.5,False,540402517
7,8,3,0.4765625,0.05078125,1.692711865184094e-36,172,Simplified BARK,34,0.1328125,6.544991876565308e-33,128.0,0.5,False,540402517
7,8,3,0.4765625,0.05078125,1.692711865184094e-36,172,Simplified BARK,40,0.15625,7.695370525265593e-33,128.0,0.5,False,540402517
7,8,3,0.4765625,0.05078125,1.692711865184094e-36,172,Simplified BARK,47,0.18359375,1.4488385893969454e-33,128.0,0.5,False,540402517
7,8,3,0.4765625,0.05078125,1.692711865184094e-36,172,Simplified BARK,55,0.21484375,1.798633587096617e-33,128.0,0.5,False,540402517
7,8,3,0.4765625,0.05078125,1.692711865184094e-36,172,Simplified BARK,66,0.2578125,3.630591723863962e-33,128.0,0.5,False,540402517
7,8,3,0.4765625,0.05078125,1.692711865184094e-36,172,Simplified BARK,77,0.30078125,1.1588143717734015e-32,128.0,0.5,False,540402517
7,8,3,0.4765625,0.05078125,1.692711865184094e-36,172,Simplified BARK,92,0.359375,8.386468263422266e-32,128.0,0.5,False,540402517
7,8,3,0.4765625,0.05078125,1.692711865184094e-36,172,Simplified BARK,108,0.421875,2.1478433236486976e-32,128.0,0.5,False,540402517
7,8,3,0.4765625,0.05078125,1.692711865184094e-36,172,Simplified BARK,128,0.5,6.288787641544543e-34,128.0,0.5,False,540402517
7,8,3,0.4765625,0.05078125,1.692711865184094e-36,172,SKQD,1,0.00390625,1.692711865184094e-36,83.0,0.32421875,True,540402517
7,8,3,0.4765625,0.05078125,1.692711865184094e-36,172,SKQD,2,0.0078125,1.692711865184094e-36,83.0,0.32421875,True,540402517
7,8,3,0.4765625,0.05078125,1.692711865184094e-36,172,SKQD,3,0.01171875,2.3706953721424942e-33,83.0,0.32421875,True,540402517
7,8,3,0.4765625,0.05078125,1.692711865184094e-36,172,SKQD,4,0.015625,2.3706953721424942e-33,83.0,0.32421875,True,540402517
7,8,3,0.4765625,0.05078125,1.692711865184094e-36,172,SKQD,5,0.01953125,2.3706953721424942e-33,83.0,0.32421875,True,540402517
7,8,3,0.4765625,0.05078125,1.692711865184094e-36,172,SKQD,6,0.0234375,2.3706953721424942e-33,83.0,0.32421875,True,540402517
7,8,3,0.4765625,0.05078125,1.692711865184094e-36,172,SKQD,7,0.02734375,5.67340117250987e-32,83.0,0.32421875,True,540402517
7,8,3,0.4765625,0.05078125,1.692711865184094e-36,172,SKQD,9,0.03515625,5.701856584362723e-32,83.0,0.32421875,True,540402517
7,8,3,0.4765625,0.05078125,1.692711865184094e-36,172,SKQD,10,0.0390625,5.701856584362723e-32,83.0,0.32421875,True,540402517
7,8,3,0.4765625,0.05078125,1.692711865184094e-36,172,SKQD,12,0.046875,5.826390576346175e-32,83.0,0.32421875,True,540402517
7,8,3,0.4765625,0.05078125,1.692711865184094e-36,172,SKQD,15,0.05859375,5.673207879165044e-32,83.0,0.32421875,True,540402517
7,8,3,0.4765625,0.05078125,1.692711865184094e-36,172,SKQD,17,0.06640625,6.144864038673106e-32,83.0,0.32421875,True,540402517
7,8,3,0.4765625,0.05078125,1.692711865184094e-36,172,SKQD,20,0.078125,7.224686283384868e-33,83.0,0.32421875,True,540402517
7,8,3,0.4765625,0.05078125,1.692711865184094e-36,172,SKQD,24,0.09375,1.3282156149520445e-32,83.0,0.32421875,True,540402517
7,8,3,0.4765625,0.05078125,1.692711865184094e-36,172,SKQD,28,0.109375,1.3282156149520445e-32,83.0,0.32421875,True,540402517
7,8,3,0.4765625,0.05078125,1.692711865184094e-36,172,SKQD,34,0.1328125,1.33441002535586e-32,83.0,0.32421875,True,540402517
7,8,3,0.4765625,0.05078125,1.692711865184094e-36,172,SKQD,40,0.15625,1.3411898174292201e-32,83.0,0.32421875,True,540402517
7,8,3,0.4765625,0.05078125,1.692711865184094e-36,172,SKQD,47,0.18359375,1.3068569757804884e-32,83.0,0.32421875,True,540402517
7,8,3,0.4765625,0.05078125,1.692711865184094e-36,172,SKQD,55,0.21484375,1.5971146941333913e-32,83.0,0.32421875,True,540402517
7,8,3,0.4765625,0.05078125,1.692711865184094e-36,172,SKQD,66,0.2578125,1.1168146088662707e-32,83.0,0.32421875,True,540402517
7,8,3,0.4765625,0.05078125,1.692711865184094e-36,172,SKQD,77,0.30078125,5.316038601734193e-33,83.0,0.32421875,True,540402517
7,8,3,0.4765625,0.05078125,1.692711865184094e-36,172,SKQD,92,0.359375,2.3970803982444866e-32,83.0,0.32421875,True,540402517
7,8,3,0.4765625,0.05078125,1.692711865184094e-36,172,SKQD,108,0.421875,2.3970803982444866e-32,83.0,0.32421875,True,540402517
7,8,3,0.4765625,0.05078125,1.692711865184094e-36,172,SKQD,128,0.5,2.3970803982444866e-32,83.0,0.32421875,True,540402517
7,8,3,0.4765625,0.05078125,1.692711865184094e-36,172,Ceiling,1,0.00390625,0.41906958193716837,128.0,0.5,False,540402517
7,8,3,0.4765625,0.05078125,1.692711865184094e-36,172,Ceiling,2,0.0078125,0.592905691608278,128.0,0.5,False,540402517
7,8,3,0.4765625,0.05078125,1.692711865184094e-36,172,Ceiling,3,0.01171875,0.6557669946841483,128.0,0.5,False,540402517
7,8,3,0.4765625,0.05078125,1.692711865184094e-36,172,Ceiling,4,0.015625,0.709023545708176,128.0,0.5,False,540402517
7,8,3,0.4765625,0.05078125,1.692711865184094e-36,172,Ceiling,5,0.01953125,0.7516676817401243,128.0,0.5,False,540402517
7,8,3,0.4765625,0.05078125,1.692711865184094e-36,172,Ceiling,6,0.0234375,0.7899945660923888,128.0,0.5,False,540402517
7,8,3,0.4765625,0.05078125,1.692711865184094e-36,172,Ceiling,7,0.02734375,0.814174937485275,128.0,0.5,False,540402517
7,8,3,0.4765625,0.05078125,1.692711865184094e-36,172,Ceiling,9,0.03515625,0.8521264927186147,128.0,0.5,False,540402517
7,8,3,0.4765625,0.05078125,1.692711865184094e-36,172,Ceiling,10,0.0390625,0.8699678166094695,128.0,0.5,False,540402517
7,8,3,0.4765625,0.05078125,1.692711865184094e-36,172,Ceiling,12,0.046875,0.8907770128297193,128.0,0.5,False,540402517
7,8,3,0.4765625,0.05078125,1.692711865184094e-36,172,Ceiling,15,0.05859375,0.9111202031190846,128.0,0.5,False,540402517
7,8,3,0.4765625,0.05078125,1.692711865184094e-36,172,Ceiling,17,0.06640625,0.9218563560646649,128.0,0.5,False,540402517
7,8,3,0.4765625,0.05078125,1.692711865184094e-36,172,Ceiling,20,0.078125,0.9363111639236003,128.0,0.5,False,540402517
7,8,3,0.4765625,0.05078125,1.692711865184094e-36,172,Ceiling,24,0.09375,0.9511560385709669,128.0,0.5,False,540402517
7,8,3,0.4765625,0.05078125,1.692711865184094e-36,172,Ceiling,28,0.109375,0.9616691672247907,128.0,0.5,False,540402517
7,8,3,0.4765625,0.05078125,1.692711865184094e-36,172,Ceiling,34,0.1328125,0.9730146024590652,128.0,0.5,False,540402517
7,8,3,0.4765625,0.05078125,1.692711865184094e-36,172,Ceiling,40,0.15625,0.982038268478514,128.0,0.5,False,540402517
7,8,3,0.4765625,0.05078125,1.692711865184094e-36,172,Ceiling,47,0.18359375,0.9889299714732647,128.0,0.5,False,540402517
7,8,3,0.4765625,0.05078125,1.692711865184094e-36,172,Ceiling,55,0.21484375,0.9938022827636406,128.0,0.5,False,540402517
7,8,3,0.4765625,0.05078125,1.692711865184094e-36,172,Ceiling,66,0.2578125,0.9973164772646741,128.0,0.5,False,540402517
7,8,3,0.4765625,0.05078125,1.692711865184094e-36,172,Ceiling,77,0.30078125,0.9988423224691413,128.0,0.5,False,540402517
7,8,3,0.4765625,0.05078125,1.692711865184094e-36,172,Ceiling,92,0.359375,0.9996071911410175,128.0,0.5,False,540402517
7,8,3,0.4765625,0.05078125,1.692711865184094e-36,172,Ceiling,108,0.421875,0.9999314394005023,128.0,0.5,False,540402517
7,8,3,0.4765625,0.05078125,1.692711865184094e-36,172,Ceiling,128,0.5,1.0000000000000007,128.0,0.5,False,540402517
7,8,3,0.4765625,0.05078125,4.70197740328915e-36,54,BARK,1,0.00390625,4.70197740328915e-36,128.0,0.5,False,540402517
7,8,3,0.4765625,0.05078125,4.70197740328915e-36,54,BARK,2,0.0078125,2.097082446958573e-32,128.0,0.5,False,540402517
7,8,3,0.4765625,0.05078125,4.70197740328915e-36,54,BARK,3,0.01171875,2.850439244644463e-32,128.0,0.5,False,540402517
7,8,3,0.4765625,0.05078125,4.70197740328915e-36,54,BARK,4,0.015625,7.703990242290092e-32,128.0,0.5,False,540402517
7,8,3,0.4765625,0.05078125,4.70197740328915e-36,54,BARK,5,0.01953125,6.146088944682483e-32,128.0,0.5,False,540402517
7,8,3,0.4765625,0.05078125,4.70197740328915e-36,54,BARK,6,0.0234375,1.631622666852337e-33,128.0,0.5,False,540402517
7,8,3,0.4765625,0.05078125,4.70197740328915e-36,54,BARK,7,0.02734375,1.8717332652862653e-32,128.0,0.5,False,540402517
7,8,3,0.4765625,0.05078125,4.70197740328915e-36,54,BARK,9,0.03515625,1.0220193067786681e-32,128.0,0.5,False,540402517
7,8,3,0.4765625,0.05078125,4.70197740328915e-36,54,BARK,10,0.0390625,6.094114583207377e-33,128.0,0.5,False,540402517
7,8,3,0.4765625,0.05078125,4.70197740328915e-36,54,BARK,12,0.046875,3.318802889110351e-33,128.0,0.5,False,540402517
7,8,3,0.4765625,0.05078125,4.70197740328915e-36,54,BARK,15,0.05859375,6.978812591424553e-34,128.0,0.5,False,540402517
7,8,3,0.4765625,0.05078125,4.70197740328915e-36,54,BARK,17,0.06640625,7.686311157647657e-36,128.0,0.5,False,540402517
7,8,3,0.4765625,0.05078125,4.70197740328915e-36,54,BARK,20,0.078125,1.839614916851216e-33,128.0,0.5,False,540402517
7,8,3,0.4765625,0.05078125,4.70197740328915e-36,54,BARK,24,0.09375,3.646007856033524e-34,128.0,0.5,False,540402517
7,8,3,0.4765625,0.05078125,4.70197740328915e-36,54,BARK,28,0.109375,5.2640786013152605e-34,128.0,0.5,False,540402517
7,8,3,0.4765625,0.05078125,4.70197740328915e-36,54,BARK,34,0.1328125,7.307405463677648e-34,128.0,0.5,False,540402517
7,8,3,0.4765625,0.05078125,4.70197740328915e-36,54,BARK,40,0.15625,8.295912864422623e-34,128.0,0.5,False,540402517
7,8,3,0.4765625,0.05078125,4.70197740328915e-36,54,BARK,47,0.18359375,3.079793976215492e-34,128.0,0.5,False,540402517
7,8,3,0.4765625,0.05078125,4.70197740328915e-36,54,BARK,55,0.21484375,1.4128732323544595e-34,128.0,0.5,False,540402517
7,8,3,0.4765625,0.05078125,4.70197740328915e-36,54,BARK,66,0.2578125,5.837383538864637e-34,128.0,0.5,False,540402517
7,8,3,0.4765625,0.05078125,4.70197740328915e-36,54,BARK,77,0.30078125,6.9263538735427075e-34,128.0,0.5,False,540402517
7,8,3,0.4765625,0.05078125,4.70197740328915e-36,54,BARK,92,0.359375,9.771347467732181e-34,128.0,0.5,False,540402517
7,8,3,0.4765625,0.05078125,4.70197740328915e-36,54,BARK,108,0.421875,8.272193981296433e-34,128.0,0.5,False,540402517
7,8,3,0.4765625,0.05078125,4.70197740328915e-36,54,BARK,128,0.5,6.288787641544583e-34,128.0,0.5,False,540402517
7,8,3,0.4765625,0.05078125,4.70197740328915e-36,54,Simplified BARK,1,0.00390625,4.70197740328915e-36,128.0,0.5,False,540402517
7,8,3,0.4765625,0.05078125,4.70197740328915e-36,54,Simplified BARK,2,0.0078125,2.0116397224383942e-34,128.0,0.5,False,540402517
7,8,3,0.4765625,0.05078125,4.70197740328915e-36,54,Simplified BARK,3,0.01171875,5.42020949695303e-34,128.0,0.5,False,540402517
7,8,3,0.4765625,0.05078125,4.70197740328915e-36,54,Simplified BARK,4,0.015625,3.437485156245141e-34,128.0,0.5,False,540402517
7,8,3,0.4765625,0.05078125,4.70197740328915e-36,54,Simplified BARK,5,0.01953125,2.075705559554054e-34,128.0,0.5,False,540402517
7,8,3,0.4765625,0.05078125,4.70197740328915e-36,54,Simplified BARK,6,0.0234375,1.1988262023572248e-32,128.0,0.5,False,540402517
7,8,3,0.4765625,0.05078125,4.70197740328915e-36,54,Simplified BARK,7,0.02734375,8.307343986857688e-33,128.0,0.5,False,540402517
7,8,3,0.4765625,0.05078125,4.70197740328915e-36,54,Simplified BARK,9,0.03515625,9.650118569676483e-35,128.0,0.5,False,540402517
7,8,3,0.4765625,0.05078125,4.70197740328915e-36,54,Simplified BARK,10,0.0390625,1.5804369868965773e-36,128.0,0.5,False,540402517
7,8,3,0.4765625,0.05078125,4.70197740328915e-36,54,Simplified BARK,12,0.046875,5.368976520539506e-33,128.0,0.5,False,540402517
7,8,3,0.4765625,0.05078125,4.70197740328915e-36,54,Simplified BARK,15,0.05859375,5.928509879966689e-33,128.0,0.5,False,540402517
7,8,3,0.4765625,0.05078125,4.70197740328915e-36,54,Simplified BARK,17,0.06640625,6.131120227270509e-33,128.0,0.5,False,540402517
7,8,3,0.4765625,0.05078125,4.70197740328915e-36,54,Simplified BARK,20,0.078125,6.496708488628813e-33,128.0,0.5,False,540402517
7,8,3,0.4765625,0.05078125,4.70197740328915e-36,54,Simplified BARK,24,0.09375,2.025967754816273e-33,128.0,0.5,False,540402517
7,8,3,0.4765625,0.05078125,4.70197740328915e-36,54,Simplified BARK,28,0.109375,1.737514735593641e-33,128.0,0.5,False,540402517
7,8,3,0.4765625,0.05078125,4.70197740328915e-36,54,Simplified BARK,34,0.1328125,4.6230281122103665e-34,128.0,0.5,False,540402517
7,8,3,0.4765625,0.05078125,4.70197740328915e-36,54,Simplified BARK,40,0.15625,8.500425518288834e-34,128.0,0.5,False,540402517
7,8,3,0.4765625,0.05078125,4.70197740328915e-36,54,Simplified BARK,47,0.18359375,8.907896889572848e-34,128.0,0.5,False,540402517
7,8,3,0.4765625,0.05078125,4.70197740328915e-36,54,Simplified BARK,55,0.21484375,2.8291300823649626e-33,128.0,0.5,False,540402517
7,8,3,0.4765625,0.05078125,4.70197740328915e-36,54,Simplified BARK,66,0.2578125,3.630591723863965e-33,128.0,0.5,False,540402517
7,8,3,0.4765625,0.05078125,4.70197740328915e-36,54,Simplified BARK,77,0.30078125,1.1588143717733995e-32,128.0,0.5,False,540402517
7,8,3,0.4765625,0.05078125,4.70197740328915e-36,54,Simplified BARK,92,0.359375,8.386468263422258e-32,128.0,0.5,False,540402517
7,8,3,0.4765625,0.05078125,4.70197740328915e-36,54,Simplified BARK,108,0.421875,2.1478433236486853e-32,128.0,0.5,False,540402517
7,8,3,0.4765625,0.05078125,4.70197740328915e-36,54,Simplified BARK,128,0.5,6.288787641544655e-34,128.0,0.5,False,540402517
7,8,3,0.4765625,0.05078125,4.70197740328915e-36,54,SKQD,1,0.00390625,4.70197740328915e-36,88.66666666666667,0.3463541666666667,True,540402517
7,8,3,0.4765625,0.05078125,4.70197740328915e-36,54,SKQD,2,0.0078125,4.70197740328915e-36,88.66666666666667,0.3463541666666667,True,540402517
7,8,3,0.4765625,0.05078125,4.70197740328915e-36,54,SKQD,3,0.01171875,4.70197740328915e-36,88.66666666666667,0.3463541666666667,True,540402517
7,8,3,0.4765625,0.05078125,4.70197740328915e-36,54,SKQD,4,0.015625,4.70197740328915e-36,88.66666666666667,0.3463541666666667,True,540402517
7,8,3,0.4765625,0.05078125,4.70197740328915e-36,54,SKQD,5,0.01953125,4.70197740328915e-36,88.66666666666667,0.3463541666666667,True,540402517
7,8,3,0.4765625,0.05078125,4.70197740328915e-36,54,SKQD,6,0.0234375,4.70197740328915e-36,88.66666666666667,0.3463541666666667,True,540402517
7,8,3,0.4765625,0.05078125,4.70197740328915e-36,54,SKQD,7,0.02734375,4.70197740328915e-36,88.66666666666667,0.3463541666666667,True,540402517
7,8,3,0.4765625,0.05078125,4.70197740328915e-36,54,SKQD,9,0.03515625,1.8039803400762916e-32,88.66666666666667,0.3463541666666667,True,540402517
7,8,3,0.4765625,0.05078125,4.70197740328915e-36,54,SKQD,10,0.0390625,2.557215295292665e-32,88.66666666666667,0.3463541666666667,True,540402517
7,8,3,0.4765625,0.05078125,4.70197740328915e-36,54,SKQD,12,0.046875,2.7795589564527256e-32,88.66666666666667,0.3463541666666667,True,540402517
7,8,3,0.4765625,0.05078125,4.70197740328915e-36,54,SKQD,15,0.05859375,2.7795589564527256e-32,88.66666666666667,0.3463541666666667,True,540402517
7,8,3,0.4765625,0.05078125,4.70197740328915e-36,54,SKQD,17,0.06640625,2.7795589564527256e-32,88.66666666666667,0.3463541666666667,True,540402517
7,8,3,0.4765625,0.05078125,4.70197740328915e-36,54,SKQD,20,0.078125,1.699890466047374e-32,88.66666666666667,0.3463541666666667,True,540402517
7,8,3,0.4765625,0.05078125,4.70197740328915e-36,54,SKQD,24,0.09375,1.5759382393612494e-32,88.66666666666667,0.3463541666666667,True,540402517
7,8,3,0.4765625,0.05078125,4.70197740328915e-36,54,SKQD,28,0.109375,1.5768144533230814e-32,88.66666666666667,0.3463541666666667,True,540402517
7,8,3,0.4765625,0.05078125,4.70197740328915e-36,54,SKQD,34,0.1328125,1.577829249475645e-32,88.66666666666667,0.3463541666666667,True,540402517
7,8,3,0.4765625,0.05078125,4.70197740328915e-36,54,SKQD,40,0.15625,1.7023305436835995e-32,88.66666666666667,0.3463541666666667,True,540402517
7,8,3,0.4765625,0.05078125,4.70197740328915e-36,54,SKQD,47,0.18359375,1.424053069651948e-32,88.66666666666667,0.3463541666666667,True,540402517
7,8,3,0.4765625,0.05078125,4.70197740328915e-36,54,SKQD,55,0.21484375,1.5536140467001564e-32,88.66666666666667,0.3463541666666667,True,540402517
7,8,3,0.4765625,0.05078125,4.70197740328915e-36,54,SKQD,66,0.2578125,2.0136176617145912e-32,88.66666666666667,0.3463541666666667,True,540402517
7,8,3,0.4765625,0.05078125,4.70197740328915e-36,54,SKQD,77,0.30078125,2.5974271957854803e-32,88.66666666666667,0.3463541666666667,True,540402517
7,8,3,0.4765625,0.05078125,4.70197740328915e-36,54,SKQD,92,0.359375,3.343650578510212e-32,88.66666666666667,0.3463541666666667,True,540402517
7,8,3,0.4765625,0.05078125,4.70197740328915e-36,54,SKQD,108,0.421875,2.775016352216597e-32,88.66666666666667,0.3463541666666667,True,540402517
7,8,3,0.4765625,0.05078125,4.70197740328915e-36,54,SKQD,128,0.5,2.775016352216597e-32,88.66666666666667,0.3463541666666667,True,540402517
7,8,3,0.4765625,0.05078125,4.70197740328915e-36,54,Ceiling,1,0.00390625,0.41906958193716837,128.0,0.5,False,540402517
7,8,3,0.4765625,0.05078125,4.70197740328915e-36,54,Ceiling,2,0.0078125,0.592905691608278,128.0,0.5,False,540402517
7,8,3,0.4765625,0.05078125,4.70197740328915e-36,54,Ceiling,3,0.01171875,0.6557669946841483,128.0,0.5,False,540402517
7,8,3,0.4765625,0.05078125,4.70197740328915e-36,54,Ceiling,4,0.015625,0.709023545708176,128.0,0.5,False,540402517
7,8,3,0.4765625,0.05078125,4.70197740328915e-36,54,Ceiling,5,0.01953125,0.7516676817401243,128.0,0.5,False,540402517
7,8,3,0.4765625,0.05078125,4.70197740328915e-36,54,Ceiling,6,0.0234375,0.7899945660923888,128.0,0.5,False,540402517
7,8,3,0.4765625,0.05078125,4.70197740328915e-36,54,Ceiling,7,0.02734375,0.814174937485275,128.0,0.5,False,540402517
7,8,3,0.4765625,0.05078125,4.70197740328915e-36,54,Ceiling,9,0.03515625,0.8521264927186147,128.0,0.5,False,540402517
7,8,3,0.4765625,0.05078125,4.70197740328915e-36,54,Ceiling,10,0.0390625,0.8699678166094695,128.0,0.5,False,540402517
7,8,3,0.4765625,0.05078125,4.70197740328915e-36,54,Ceiling,12,0.046875,0.8907770128297193,128.0,0.5,False,540402517
7,8,3,0.4765625,0.05078125,4.70197740328915e-36,54,Ceiling,15,0.05859375,0.9111202031190846,128.0,0.5,False,540402517
7,8,3,0.4765625,0.05078125,4.70197740328915e-36,54,Ceiling,17,0.06640625,0.9218563560646649,128.0,0.5,False,540402517
7,8,3,0.4765625,0.05078125,4.70197740328915e-36,54,Ceiling,20,0.078125,0.9363111639236003,128.0,0.5,False,540402517
7,8,3,0.4765625,0.05078125,4.70197740328915e-36,54,Ceiling,24,0.09375,0.9511560385709669,128.0,0.5,False,540402517
7,8,3,0.4765625,0.05078125,4.70197740328915e-36,54,Ceiling,28,0.109375,0.9616691672247907,128.0,0.5,False,540402517
7,8,3,0.4765625,0.05078125,4.70197740328915e-36,54,Ceiling,34,0.1328125,0.9730146024590652,128.0,0.5,False,540402517
7,8,3,0.4765625,0.05078125,4.70197740328915e-36,54,Ceiling,40,0.15625,0.982038268478514,128.0,0.5,False,540402517
7,8,3,0.4765625,0.05078125,4.70197740328915e-36,54,Ceiling,47,0.18359375,0.9889299714732647,128.0,0.5,False,540402517
7,8,3,0.4765625,0.05078125,4.70197740328915e-36,54,Ceiling,55,0.21484375,0.9938022827636406,128.0,0.5,False,540402517
7,8,3,0.4765625,0.05078125,4.70197740328915e-36,54,Ceiling,66,0.2578125,0.9973164772646741,128.0,0.5,False,540402517
7,8,3,0.4765625,0.05078125,4.70197740328915e-36,54,Ceiling,77,0.30078125,0.9988423224691413,128.0,0.5,False,540402517
7,8,3,0.4765625,0.05078125,4.70197740328915e-36,54,Ceiling,92,0.359375,0.9996071911410175,128.0,0.5,False,540402517
7,8,3,0.4765625,0.05078125,4.70197740328915e-36,54,Ceiling,108,0.421875,0.9999314394005023,128.0,0.5,False,540402517
7,8,3,0.4765625,0.05078125,4.70197740328915e-36,54,Ceiling,128,0.5,1.0000000000000007,128.0,0.5,False,540402517
7,10,1,0.0146484375,0.005859375,0.07839549836647831,422,BARK,1,0.0009765625,0.07839549836647831,32.0,0.03125,True,3026165301
7,10,1,0.0146484375,0.005859375,0.07839549836647831,422,BARK,2,0.001953125,0.8588205321386893,32.0,0.03125,True,3026165301
7,10,1,0.0146484375,0.005859375,0.07839549836647831,422,BARK,3,0.0029296875,0.9738959910978605,32.0,0.03125,True,3026165301
7,10,1,0.0146484375,0.005859375,0.07839549836647831,422,BARK,4,0.00390625,0.9879508823841587,32.0,0.03125,True,3026165301
7,10,1,0.0146484375,0.005859375,0.07839549836647831,422,BARK,5,0.0048828125,0.9880466368455546,32.0,0.03125,True,3026165301
7,10,1,0.0146484375,0.005859375,0.07839549836647831,422,BARK,6,0.005859375,0.9891232202296016,32.0,0.03125,True,3026165301
7,10,1,0.0146484375,0.005859375,0.07839549836647831,422,BARK,7,0.0068359375,0.9973058263557534,32.0,0.03125,True,3026165301
7,10,1,0.0146484375,0.005859375,0.07839549836647831,422,BARK,9,0.0087890625,0.9981833517947639,32.0,0.03125,True,3026165301
7,10,1,0.0146484375,0.005859375,0.07839549836647831,422,BARK,11,0.0107421875,0.9997334891502458,32.0,0.03125,True,3026165301
7,10,1,0.0146484375,0.005859375,0.07839549836647831,422,BARK,13,0.0126953125,0.9999823268626619,32.0,0.03125,True,3026165301
7,10,1,0.0146484375,0.005859375,0.07839549836647831,422,BARK,16,0.015625,0.9999997703378772,32.0,0.03125,True,3026165301
7,10,1,0.0146484375,0.005859375,0.07839549836647831,422,BARK,20,0.01953125,0.9999999781214656,32.0,0.03125,True,3026165301
7,10,1,0.0146484375,0.005859375,0.07839549836647831,422,BARK,25,0.0244140625,0.9999999995850168,32.0,0.03125,True,3026165301
7,10,1,0.0146484375,0.005859375,0.07839549836647831,422,BARK,31,0.0302734375,0.9999999999996585,32.0,0.03125,True,3026165301
7,10,1,0.0146484375,0.005859375,0.07839549836647831,422,BARK,39,0.0380859375,1.0,32.0,0.03125,True,3026165301
7,10,1,0.0146484375,0.005859375,0.07839549836647831,422,BARK,48,0.046875,1.0,32.0,0.03125,True,3026165301
7,10,1,0.0146484375,0.005859375,0.07839549836647831,422,BARK,60,0.05859375,1.0,32.0,0.03125,True,3026165301
7,10,1,0.0146484375,0.005859375,0.07839549836647831,422,BARK,74,0.072265625,1.0,32.0,0.03125,True,3026165301
7,10,1,0.0146484375,0.005859375,0.07839549836647831,422,BARK,92,0.08984375,1.0,32.0,0.03125,True,3026165301
7,10,1,0.0146484375,0.005859375,0.07839549836647831,422,BARK,114,0.111328125,1.0,32.0,0.03125,True,3026165301
7,10,1,0.0146484375,0.005859375,0.07839549836647831,422,BARK,141,0.1376953125,1.0,32.0,0.03125,True,3026165301
7,10,1,0.0146484375,0.005859375,0.07839549836647831,422,BARK,175,0.1708984375,1.0,32.0,0.03125,True,3026165301
7,10,1,0.0146484375,0.005859375,0.07839549836647831,422,BARK,217,0.2119140625,1.0,32.0,0.03125,True,3026165301
7,10,1,0.0146484375,0.005859375,0.07839549836647831,422,BARK,269,0.2626953125,1.0,32.0,0.03125,True,3026165301
7,10,1,0.0146484375,0.005859375,0.07839549836647831,422,BARK,333,0.3251953125,1.0,32.0,0.03125,True,3026165301
7,10,1,0.0146484375,0.005859375,0.07839549836647831,422,BARK,413,0.4033203125,1.0,32.0,0.03125,True,3026165301
7,10,1,0.0146484375,0.005859375,0.07839549836647831,422,BARK,512,0.5,1.0,32.0,0.03125,True,3026165301
7,10,1,0.0146484375,0.005859375,0.07839549836647831,422,Simplified BARK,1,0.0009765625,0.07839549836647831,32.0,0.03125,True,3026165301
7,10,1,0.0146484375,0.005859375,0.07839549836647831,422,Simplified BARK,2,0.001953125,0.09018287161024774,32.0,0.03125,True,3026165301
7,10,1,0.0146484375,0.005859375,0.07839549836647831,422,Simplified BARK,3,0.0029296875,0.868109894981567,32.0,0.03125,True,3026165301
7,10,1,0.0146484375,0.005859375,0.07839549836647831,422,Simplified BARK,4,0.00390625,0.9879508823841581,32.0,0.03125,True,3026165301
7,10,1,0.0146484375,0.005859375,0.07839549836647831,422,Simplified BARK,5,0.0048828125,0.9958991449159085,32.0,0.03125,True,3026165301
7,10,1,0.0146484375,0.005859375,0.07839549836647831,422,Simplified BARK,6,0.005859375,0.9971837414546952,32.0,0.03125,True,3026165301
7,10,1,0.0146484375,0.005859375,0.07839549836647831,422,Simplified BARK,7,0.0068359375,0.9980538184937532,32.0,0.03125,True,3026165301
7,10,1,0.0146484375,0.005859375,0.07839549836647831,422,Simplified BARK,9,0.0087890625,0.99958019967676,32.0,0.03125,True,3026165301
7,10,1,0.0146484375,0.005859375,0.07839549836647831,422,Simplified BARK,11,0.0107421875,0.9999581788192494,32.0,0.03125,True,3026165301
7,10,1,0.0146484375,0.005859375,0.07839549836647831,422,Simplified BARK,13,0.0126953125,0.9999957731949611,32.0,0.03125,True,3026165301
7,10,1,0.0146484375,0.005859375,0.07839549836647831,422,Simplified BARK,16,0.015625,0.9999997703378781,32.0,0.03125,True,3026165301
7,10,1,0.0146484375,0.005859375,0.07839549836647831,422,Simplified BARK,20,0.01953125,0.9999997706637376,32.0,0.03125,True,3026165301
7,10,1,0.0146484375,0.005859375,0.07839549836647831,422,Simplified BARK,25,0.0244140625,0.9999999479249324,32.0,0.03125,True,3026165301
7,10,1,0.0146484375,0.005859375,0.07839549836647831,422,Simplified BARK,31,0.0302734375,0.9999999999716169,32.0,0.03125,True,3026165301
7,10,1,0.0146484375,0.005859375,0.07839549836647831,422,Simplified BARK,39,0.0380859375,0.9999999999999993,32.0,0.03125,True,3026165301
7,10,1,0.0146484375,0.005859375,0.07839549836647831,422,Simplified BARK,48,0.046875,0.9999999999999993,32.0,0.03125,True,3026165301
7,10,1,0.0146484375,0.005859375,0.07839549836647831,422,Simplified BARK,60,0.05859375,0.9999999999999993,32.0,0.03125,True,3026165301
7,10,1,0.0146484375,0.005859375,0.07839549836647831,422,Simplified BARK,74,0.072265625,0.9999999999999993,32.0,0.03125,True,3026165301
7,10,1,0.0146484375,0.005859375,0.07839549836647831,422,Simplified BARK,92,0.08984375,0.9999999999999993,32.0,0.03125,True,3026165301
7,10,1,0.0146484375,0.005859375,0.07839549836647831,422,Simplified BARK,114,0.111328125,0.9999999999999993,32.0,0.03125,True,3026165301
7,10,1,0.0146484375,0.005859375,0.07839549836647831,422,Simplified BARK,141,0.1376953125,0.9999999999999993,32.0,0.03125,True,3026165301
7,10,1,0.0146484375,0.005859375,0.07839549836647831,422,Simplified BARK,175,0.1708984375,0.9999999999999993,32.0,0.03125,True,3026165301
7,10,1,0.0146484375,0.005859375,0.07839549836647831,422,Simplified BARK,217,0.2119140625,0.9999999999999993,32.0,0.03125,True,3026165301
7,10,1,0.0146484375,0.005859375,0.07839549836647831,422,Simplified BARK,269,0.2626953125,0.9999999999999993,32.0,0.03125,True,3026165301
7,10,1,0.0146484375,0.005859375,0.07839549836647831,422,Simplified BARK,333,0.3251953125,0.9999999999999993,32.0,0.03125,True,3026165301
7,10,1,0.0146484375,0.005859375,0.07839549836647831,422,Simplified BARK,413,0.4033203125,0.9999999999999993,32.0,0.03125,True,3026165301
7,10,1,0.0146484375,0.005859375,0.07839549836647831,422,Simplified BARK,512,0.5,0.9999999999999993,32.0,0.03125,True,3026165301
7,10,1,0.0146484375,0.005859375,0.07839549836647831,422,SKQD,1,0.0009765625,0.07839549836647831,7.666666666666667,0.007486979166666667,True,3026165301
7,10,1,0.0146484375,0.005859375,0.07839549836647831,422,SKQD,2,0.001953125,0.07839549836647831,7.666666666666667,0.007486979166666667,True,3026165301
7,10,1,0.0146484375,0.005859375,0.07839549836647831,422,SKQD,3,0.0029296875,0.07839549836647831,7.666666666666667,0.007486979166666667,True,3026165301
7,10,1,0.0146484375,0.005859375,0.07839549836647831,422,SKQD,4,0.00390625,0.07839549836647831,7.666666666666667,0.007486979166666667,True,3026165301
7,10,1,0.0146484375,0.005859375,0.07839549836647831,422,SKQD,5,0.0048828125,0.07839549836647831,7.666666666666667,0.007486979166666667,True,3026165301
7,10,1,0.0146484375,0.005859375,0.07839549836647831,422,SKQD,6,0.005859375,0.9887970674436491,7.666666666666667,0.007486979166666667,True,3026165301
7,10,1,0.0146484375,0.005859375,0.07839549836647831,422,SKQD,7,0.0068359375,0.9914976237704417,7.666666666666667,0.007486979166666667,True,3026165301
7,10,1,0.0146484375,0.005859375,0.07839549836647831,422,SKQD,9,0.0087890625,0.9946314306152394,7.666666666666667,0.007486979166666667,True,3026165301
7,10,1,0.0146484375,0.005859375,0.07839549836647831,422,SKQD,11,0.0107421875,0.994676160011489,7.666666666666667,0.007486979166666667,True,3026165301
7,10,1,0.0146484375,0.005859375,0.07839549836647831,422,SKQD,13,0.0126953125,0.994676160011489,7.666666666666667,0.007486979166666667,True,3026165301
7,10,1,0.0146484375,0.005859375,0.07839549836647831,422,SKQD,16,0.015625,0.994676160011489,7.666666666666667,0.007486979166666667,True,3026165301
7,10,1,0.0146484375,0.005859375,0.07839549836647831,422,SKQD,20,0.01953125,0.994676160011489,7.666666666666667,0.007486979166666667,True,3026165301
7,10,1,0.0146484375,0.005859375,0.07839549836647831,422,SKQD,25,0.0244140625,0.994676160011489,7.666666666666667,0.007486979166666667,True,3026165301
7,10,1,0.0146484375,0.005859375,0.07839549836647831,422,SKQD,31,0.0302734375,0.994676160011489,7.666666666666667,0.007486979166666667,True,3026165301
7,10,1,0.0146484375,0.005859375,0.07839549836647831,422,SKQD,39,0.0380859375,0.994676160011489,7.666666666666667,0.007486979166666667,True,3026165301
7,10,1,0.0146484375,0.005859375,0.07839549836647831,422,SKQD,48,0.046875,0.994676160011489,7.666666666666667,0.007486979166666667,True,3026165301
7,10,1,0.0146484375,0.005859375,0.07839549836647831,422,SKQD,60,0.05859375,0.994676160011489,7.666666666666667,0.007486979166666667,True,3026165301
7,10,1,0.0146484375,0.005859375,0.07839549836647831,422,SKQD,74,0.072265625,0.994676160011489,7.666666666666667,0.007486979166666667,True,3026165301
7,10,1,0.0146484375,0.005859375,0.07839549836647831,422,SKQD,92,0.08984375,0.994676160011489,7.666666666666667,0.007486979166666667,True,3026165301
7,10,1,0.0146484375,0.005859375,0.07839549836647831,422,SKQD,114,0.111328125,0.994676160011489,7.666666666666667,0.007486979166666667,True,3026165301
7,10,1,0.0146484375,0.005859375,0.07839549836647831,422,SKQD,141,0.1376953125,0.994676160011489,7.666666666666667,0.007486979166666667,True,3026165301
7,10,1,0.0146484375,0.005859375,0.07839549836647831,422,SKQD,175,0.1708984375,0.994676160011489,7.666666666666667,0.007486979166666667,True,3026165301
7,10,1,0.0146484375,0.005859375,0.07839549836647831,422,SKQD,217,0.2119140625,0.994676160011489,7.666666666666667,0.007486979166666667,True,3026165301
7,10,1,0.0146484375,0.005859375,0.07839549836647831,422,SKQD,269,0.2626953125,0.994676160011489,7.666666666666667,0.007486979166666667,True,3026165301
7,10,1,0.0146484375,0.005859375,0.07839549836647831,422,SKQD,333,0.3251953125,0.994676160011489,7.666666666666667,0.007486979166666667,True,3026165301
7,10,1,0.0146484375,0.005859375,0.07839549836647831,422,SKQD,413,0.4033203125,0.994676160011489,7.666666666666667,0.007486979166666667,True,3026165301
7,10,1,0.0146484375,0.005859375,0.07839549836647831,422,SKQD,512,0.5,0.994676160011489,7.666666666666667,0.007486979166666667,True,3026165301
7,10,1,0.0146484375,0.005859375,0.07839549836647831,422,Ceiling,1,0.0009765625,0.780425033772211,512.0,0.5,False,3026165301
7,10,1,0.0146484375,0.005859375,0.07839549836647831,422,Ceiling,2,0.001953125,0.8977680107739106,512.0,0.5,False,3026165301
7,10,1,0.0146484375,0.005859375,0.07839549836647831,422,Ceiling,3,0.0029296875,0.9761635091403889,512.0,0.5,False,3026165301
7,10,1,0.0146484375,0.005859375,0.07839549836647831,422,Ceiling,4,0.00390625,0.9879508823841583,512.0,0.5,False,3026165301
7,10,1,0.0146484375,0.005859375,0.07839549836647831,422,Ceiling,5,0.0048828125,0.9960332319429319,512.0,0.5,False,3026165301
7,10,1,0.0146484375,0.005859375,0.07839549836647831,422,Ceiling,6,0.005859375,0.997454103871547,512.0,0.5,False,3026165301
7,10,1,0.0146484375,0.005859375,0.07839549836647831,422,Ceiling,7,0.0068359375,0.9986693480235839,512.0,0.5,False,3026165301
7,10,1,0.0146484375,0.005859375,0.07839549836647831,422,Ceiling,9,0.0087890625,0.9996948778682705,512.0,0.5,False,3026165301
7,10,1,0.0146484375,0.005859375,0.07839549836647831,422,Ceiling,11,0.0107421875,0.9999596818211828,512.0,0.5,False,3026165301
7,10,1,0.0146484375,0.005859375,0.07839549836647831,422,Ceiling,13,0.0126953125,0.9999958574051757,512.0,0.5,False,3026165301
7,10,1,0.0146484375,0.005859375,0.07839549836647831,422,Ceiling,16,0.015625,0.9999997703378775,512.0,0.5,False,3026165301
7,10,1,0.0146484375,0.005859375,0.07839549836647831,422,Ceiling,20,0.01953125,0.9999999972328257,512.0,0.5,False,3026165301
7,10,1,0.0146484375,0.005859375,0.07839549836647831,422,Ceiling,25,0.0244140625,0.9999999999299773,512.0,0.5,False,3026165301
7,10,1,0.0146484375,0.005859375,0.07839549836647831,422,Ceiling,31,0.0302734375,0.9999999999999487,512.0,0.5,False,3026165301
7,10,1,0.0146484375,0.005859375,0.07839549836647831,422,Ceiling,39,0.0380859375,0.9999999999999998,512.0,0.5,False,3026165301
7,10,1,0.0146484375,0.005859375,0.07839549836647831,422,Ceiling,48,0.046875,0.9999999999999998,512.0,0.5,False,3026165301
7,10,1,0.0146484375,0.005859375,0.07839549836647831,422,Ceiling,60,0.05859375,0.9999999999999998,512.0,0.5,False,3026165301
7,10,1,0.0146484375,0.005859375,0.07839549836647831,422,Ceiling,74,0.072265625,0.9999999999999998,512.0,0.5,False,3026165301
7,10,1,0.0146484375,0.005859375,0.07839549836647831,422,Ceiling,92,0.08984375,0.9999999999999998,512.0,0.5,False,3026165301
7,10,1,0.0146484375,0.005859375,0.07839549836647831,422,Ceiling,114,0.111328125,0.9999999999999998,512.0,0.5,False,3026165301
7,10,1,0.0146484375,0.005859375,0.07839549836647831,422,Ceiling,141,0.1376953125,0.9999999999999998,512.0,0.5,False,3026165301
7,10,1,0.0146484375,0.005859375,0.07839549836647831,422,Ceiling,175,0.1708984375,0.9999999999999998,512.0,0.5,False,3026165301
7,10,1,0.0146484375,0.005859375,0.07839549836647831,422,Ceiling,217,0.2119140625,0.9999999999999998,512.0,0.5,False,3026165301
7,10,1,0.0146484375,0.005859375,0.07839549836647831,422,Ceiling,269,0.2626953125,0.9999999999999998,512.0,0.5,False,3026165301
7,10,1,0.0146484375,0.005859375,0.07839549836647831,422,Ceiling,333,0.3251953125,0.9999999999999998,512.0,0.5,False,3026165301
7,10,1,0.0146484375,0.005859375,0.07839549836647831,422,Ceiling,413,0.4033203125,0.9999999999999998,512.0,0.5,False,3026165301
7,10,1,0.0146484375,0.005859375,0.07839549836647831,422,Ceiling,512,0.5,0.9999999999999998,512.0,0.5,False,3026165301
7,10,1,0.0146484375,0.005859375,0.1173429770016996,412,BARK,1,0.0009765625,0.1173429770016996,32.0,0.03125,True,3026165301
7,10,1,0.0146484375,0.005859375,0.1173429770016996,412,BARK,2,0.001953125,0.8977680107739103,32.0,0.03125,True,3026165301
7,10,1,0.0146484375,0.005859375,0.1173429770016996,412,BARK,3,0.0029296875,0.9738959910978603,32.0,0.03125,True,3026165301
7,10,1,0.0146484375,0.005859375,0.1173429770016996,412,BARK,4,0.00390625,0.9879508823841581,32.0,0.03125,True,3026165301
7,10,1,0.0146484375,0.005859375,0.1173429770016996,412,BARK,5,0.0048828125,0.9880466368455542,32.0,0.03125,True,3026165301
7,10,1,0.0146484375,0.005859375,0.1173429770016996,412,BARK,6,0.005859375,0.9891232202296008,32.0,0.03125,True,3026165301
7,10,1,0.0146484375,0.005859375,0.1173429770016996,412,BARK,7,0.0068359375,0.9973058263557534,32.0,0.03125,True,3026165301
7,10,1,0.0146484375,0.005859375,0.1173429770016996,412,BARK,9,0.0087890625,0.9981833517947637,32.0,0.03125,True,3026165301
7,10,1,0.0146484375,0.005859375,0.1173429770016996,412,BARK,11,0.0107421875,0.9997334891502463,32.0,0.03125,True,3026165301
7,10,1,0.0146484375,0.005859375,0.1173429770016996,412,BARK,13,0.0126953125,0.9999823268626621,32.0,0.03125,True,3026165301
7,10,1,0.0146484375,0.005859375,0.1173429770016996,412,BARK,16,0.015625,0.9999997703378775,32.0,0.03125,True,3026165301
7,10,1,0.0146484375,0.005859375,0.1173429770016996,412,BARK,20,0.01953125,0.9999999781214653,32.0,0.03125,True,3026165301
7,10,1,0.0146484375,0.005859375,0.1173429770016996,412,BARK,25,0.0244140625,0.999999999585016,32.0,0.03125,True,3026165301
7,10,1,0.0146484375,0.005859375,0.1173429770016996,412,BARK,31,0.0302734375,0.999999999999658,32.0,0.03125,True,3026165301
7,10,1,0.0146484375,0.005859375,0.1173429770016996,412,BARK,39,0.0380859375,0.9999999999999989,32.0,0.03125,True,3026165301
7,10,1,0.0146484375,0.005859375,0.1173429770016996,412,BARK,48,0.046875,0.9999999999999989,32.0,0.03125,True,3026165301
7,10,1,0.0146484375,0.005859375,0.1173429770016996,412,BARK,60,0.05859375,0.9999999999999989,32.0,0.03125,True,3026165301
7,10,1,0.0146484375,0.005859375,0.1173429770016996,412,BARK,74,0.072265625,0.9999999999999989,32.0,0.03125,True,3026165301
7,10,1,0.0146484375,0.005859375,0.1173429770016996,412,BARK,92,0.08984375,0.9999999999999989,32.0,0.03125,True,3026165301
7,10,1,0.0146484375,0.005859375,0.1173429770016996,412,BARK,114,0.111328125,0.9999999999999989,32.0,0.03125,True,3026165301
7,10,1,0.0146484375,0.005859375,0.1173429770016996,412,BARK,141,0.1376953125,0.9999999999999989,32.0,0.03125,True,3026165301
7,10,1,0.0146484375,0.005859375,0.1173429770016996,412,BARK,175,0.1708984375,0.9999999999999989,32.0,0.03125,True,3026165301
7,10,1,0.0146484375,0.005859375,0.1173429770016996,412,BARK,217,0.2119140625,0.9999999999999989,32.0,0.03125,True,3026165301
7,10,1,0.0146484375,0.005859375,0.1173429770016996,412,BARK,269,0.2626953125,0.9999999999999989,32.0,0.03125,True,3026165301
7,10,1,0.0146484375,0.005859375,0.1173429770016996,412,BARK,333,0.3251953125,0.9999999999999989,32.0,0.03125,True,3026165301
7,10,1,0.0146484375,0.005859375,0.1173429770016996,412,BARK,413,0.4033203125,0.9999999999999989,32.0,0.03125,True,3026165301
7,10,1,0.0146484375,0.005859375,0.1173429770016996,412,BARK,512,0.5,0.9999999999999989,32.0,0.03125,True,3026165301
7,10,1,0.0146484375,0.005859375,0.1173429770016996,412,Simplified BARK,1,0.0009765625,0.1173429770016996,32.0,0.03125,True,3026165301
7,10,1,0.0146484375,0.005859375,0.1173429770016996,412,Simplified BARK,2,0.001953125,0.8977680107739103,32.0,0.03125,True,3026165301
7,10,1,0.0146484375,0.005859375,0.1173429770016996,412,Simplified BARK,3,0.0029296875,0.9738959910978603,32.0,0.03125,True,3026165301
7,10,1,0.0146484375,0.005859375,0.1173429770016996,412,Simplified BARK,4,0.00390625,0.9879508823841581,32.0,0.03125,True,3026165301
7,10,1,0.0146484375,0.005859375,0.1173429770016996,412,Simplified BARK,5,0.0048828125,0.9958991449159085,32.0,0.03125,True,3026165301
7,10,1,0.0146484375,0.005859375,0.1173429770016996,412,Simplified BARK,6,0.005859375,0.9971837414546961,32.0,0.03125,True,3026165301
7,10,1,0.0146484375,0.005859375,0.1173429770016996,412,Simplified BARK,7,0.0068359375,0.9980538184937525,32.0,0.03125,True,3026165301
7,10,1,0.0146484375,0.005859375,0.1173429770016996,412,Simplified BARK,9,0.0087890625,0.99958019967676,32.0,0.03125,True,3026165301
7,10,1,0.0146484375,0.005859375,0.1173429770016996,412,Simplified BARK,11,0.0107421875,0.9999581788192499,32.0,0.03125,True,3026165301
7,10,1,0.0146484375,0.005859375,0.1173429770016996,412,Simplified BARK,13,0.0126953125,0.9999957731949614,32.0,0.03125,True,3026165301
7,10,1,0.0146484375,0.005859375,0.1173429770016996,412,Simplified BARK,16,0.015625,0.9999997703378772,32.0,0.03125,True,3026165301
7,10,1,0.0146484375,0.005859375,0.1173429770016996,412,Simplified BARK,20,0.01953125,0.999999770663738,32.0,0.03125,True,3026165301
7,10,1,0.0146484375,0.005859375,0.1173429770016996,412,Simplified BARK,25,0.0244140625,0.9999999479249329,32.0,0.03125,True,3026165301
7,10,1,0.0146484375,0.005859375,0.1173429770016996,412,Simplified BARK,31,0.0302734375,0.9999999999716163,32.0,0.03125,True,3026165301
7,10,1,0.0146484375,0.005859375,0.1173429770016996,412,Simplified BARK,39,0.0380859375,0.9999999999999991,32.0,0.03125,True,3026165301
7,10,1,0.0146484375,0.005859375,0.1173429770016996,412,Simplified BARK,48,0.046875,0.9999999999999991,32.0,0.03125,True,3026165301
7,10,1,0.0146484375,0.005859375,0.1173429770016996,412,Simplified BARK,60,0.05859375,0.9999999999999991,32.0,0.03125,True,3026165301
7,10,1,0.0146484375,0.005859375,0.1173429770016996,412,Simplified BARK,74,0.072265625,0.9999999999999991,32.0,0.03125,True,3026165301
7,10,1,0.0146484375,0.005859375,0.1173429770016996,412,Simplified BARK,92,0.08984375,0.9999999999999991,32.0,0.03125,True,3026165301
7,10,1,0.0146484375,0.005859375,0.1173429770016996,412,Simplified BARK,114,0.111328125,0.9999999999999991,32.0,0.03125,True,3026165301
7,10,1,0.0146484375,0.005859375,0.1173429770016996,412,Simplified BARK,141,0.1376953125,0.9999999999999991,32.0,0.03125,True,3026165301
7,10,1,0.0146484375,0.005859375,0.1173429770016996,412,Simplified BARK,175,0.1708984375,0.9999999999999991,32.0,0.03125,True,3026165301
7,10,1,0.0146484375,0.005859375,0.1173429770016996,412,Simplified BARK,217,0.2119140625,0.9999999999999991,32.0,0.03125,True,3026165301
7,10,1,0.0146484375,0.005859375,0.1173429770016996,412,Simplified BARK,269,0.2626953125,0.9999999999999991,32.0,0.03125,True,3026165301
7,10,1,0.0146484375,0.005859375,0.1173429770016996,412,Simplified BARK,333,0.3251953125,0.9999999999999991,32.0,0.03125,True,3026165301
7,10,1,0.0146484375,0.005859375,0.1173429770016996,412,Simplified BARK,413,0.4033203125,0.9999999999999991,32.0,0.03125,True,3026165301
7,10,1,0.0146484375,0.005859375,0.1173429770016996,412,Simplified BARK,512,0.5,0.9999999999999991,32.0,0.03125,True,3026165301
7,10,1,0.0146484375,0.005859375,0.1173429770016996,412,SKQD,1,0.0009765625,0.1173429770016996,6.666666666666667,0.006510416666666667,True,3026165301
7,10,1,0.0146484375,0.005859375,0.1173429770016996,412,SKQD,2,0.001953125,0.1173429770016996,6.666666666666667,0.006510416666666667,True,3026165301
7,10,1,0.0146484375,0.005859375,0.1173429770016996,412,SKQD,3,0.0029296875,0.1173429770016996,6.666666666666667,0.006510416666666667,True,3026165301
7,10,1,0.0146484375,0.005859375,0.1173429770016996,412,SKQD,4,0.00390625,0.1173429770016996,6.666666666666667,0.006510416666666667,True,3026165301
7,10,1,0.0146484375,0.005859375,0.1173429770016996,412,SKQD,5,0.0048828125,0.1173429770016996,6.666666666666667,0.006510416666666667,True,3026165301
7,10,1,0.0146484375,0.005859375,0.1173429770016996,412,SKQD,6,0.005859375,0.703535985157795,6.666666666666667,0.006510416666666667,True,3026165301
7,10,1,0.0146484375,0.005859375,0.1173429770016996,412,SKQD,7,0.0068359375,0.9973029480731044,6.666666666666667,0.006510416666666667,True,3026165301
7,10,1,0.0146484375,0.005859375,0.1173429770016996,412,SKQD,9,0.0087890625,0.9973029480731044,6.666666666666667,0.006510416666666667,True,3026165301
7,10,1,0.0146484375,0.005859375,0.1173429770016996,412,SKQD,11,0.0107421875,0.9973029480731044,6.666666666666667,0.006510416666666667,True,3026165301
7,10,1,0.0146484375,0.005859375,0.1173429770016996,412,SKQD,13,0.0126953125,0.9973029480731044,6.666666666666667,0.006510416666666667,True,3026165301
7,10,1,0.0146484375,0.005859375,0.1173429770016996,412,SKQD,16,0.015625,0.9973029480731044,6.666666666666667,0.006510416666666667,True,3026165301
7,10,1,0.0146484375,0.005859375,0.1173429770016996,412,SKQD,20,0.01953125,0.9973029480731044,6.666666666666667,0.006510416666666667,True,3026165301
7,10,1,0.0146484375,0.005859375,0.1173429770016996,412,SKQD,25,0.0244140625,0.9973029480731044,6.666666666666667,0.006510416666666667,True,3026165301
7,10,1,0.0146484375,0.005859375,0.1173429770016996,412,SKQD,31,0.0302734375,0.9973029480731044,6.666666666666667,0.006510416666666667,True,3026165301
7,10,1,0.0146484375,0.005859375,0.1173429770016996,412,SKQD,39,0.0380859375,0.9973029480731044,6.666666666666667,0.006510416666666667,True,3026165301
7,10,1,0.0146484375,0.005859375,0.1173429770016996,412,SKQD,48,0.046875,0.9973029480731044,6.666666666666667,0.006510416666666667,True,3026165301
7,10,1,0.0146484375,0.005859375,0.1173429770016996,412,SKQD,60,0.05859375,0.9973029480731044,6.666666666666667,0.006510416666666667,True,3026165301
7,10,1,0.0146484375,0.005859375,0.1173429770016996,412,SKQD,74,0.072265625,0.9973029480731044,6.666666666666667,0.006510416666666667,True,3026165301
7,10,1,0.0146484375,0.005859375,0.1173429770016996,412,SKQD,92,0.08984375,0.9973029480731044,6.666666666666667,0.006510416666666667,True,3026165301
7,10,1,0.0146484375,0.005859375,0.1173429770016996,412,SKQD,114,0.111328125,0.9973029480731044,6.666666666666667,0.006510416666666667,True,3026165301
7,10,1,0.0146484375,0.005859375,0.1173429770016996,412,SKQD,141,0.1376953125,0.9973029480731044,6.666666666666667,0.006510416666666667,True,3026165301
7,10,1,0.0146484375,0.005859375,0.1173429770016996,412,SKQD,175,0.1708984375,0.9973029480731044,6.666666666666667,0.006510416666666667,True,3026165301
7,10,1,0.0146484375,0.005859375,0.1173429770016996,412,SKQD,217,0.2119140625,0.9973029480731044,6.666666666666667,0.006510416666666667,True,3026165301
7,10,1,0.0146484375,0.005859375,0.1173429770016996,412,SKQD,269,0.2626953125,0.9973029480731044,6.666666666666667,0.006510416666666667,True,3026165301
7,10,1,0.0146484375,0.005859375,0.1173429770016996,412,SKQD,333,0.3251953125,0.9973029480731044,6.666666666666667,0.006510416666666667,True,3026165301
7,10,1,0.0146484375,0.005859375,0.1173429770016996,412,SKQD,413,0.4033203125,0.9973029480731044,6.666666666666667,0.006510416666666667,True,3026165301
7,10,1,0.0146484375,0.005859375,0.1173429770016996,412,SKQD,512,0.5,0.9973029480731044,6.666666666666667,0.006510416666666667,True,3026165301
7,10,1,0.0146484375,0.005859375,0.1173429770016996,412,Ceiling,1,0.0009765625,0.780425033772211,512.0,0.5,False,3026165301
7,10,1,0.0146484375,0.005859375,0.1173429770016996,412,Ceiling,2,0.001953125,0.8977680107739106,512.0,0.5,False,3026165301
7,10,1,0.0146484375,0.005859375,0.1173429770016996,412,Ceiling,3,0.0029296875,0.9761635091403889,512.0,0.5,False,3026165301
7,10,1,0.0146484375,0.005859375,0.1173429770016996,412,Ceiling,4,0.00390625,0.9879508823841583,512.0,0.5,False,3026165301
7,10,1,0.0146484375,0.005859375,0.1173429770016996,412,Ceiling,5,0.0048828125,0.9960332319429319,512.0,0.5,False,3026165301
7,10,1,0.0146484375,0.005859375,0.1173429770016996,412,Ceiling,6,0.005859375,0.997454103871547,512.0,0.5,False,3026165301
7,10,1,0.0146484375,0.005859375,0.1173429770016996,412,Ceiling,7,0.0068359375,0.9986693480235839,512.0,0.5,False,3026165301
7,10,1,0.0146484375,0.005859375,0.1173429770016996,412,Ceiling,9,0.0087890625,0.9996948778682705,512.0,0.5,False,3026165301
7,10,1,0.0146484375,0.005859375,0.1173429770016996,412,Ceiling,11,0.0107421875,0.9999596818211828,512.0,0.5,False,3026165301
7,10,1,0.0146484375,0.005859375,0.1173429770016996,412,Ceiling,13,0.0126953125,0.9999958574051757,512.0,0.5,False,3026165301
7,10,1,0.0146484375,0.005859375,0.1173429770016996,412,Ceiling,16,0.015625,0.9999997703378775,512.0,0.5,False,3026165301
7,10,1,0.0146484375,0.005859375,0.1173429770016996,412,Ceiling,20,0.01953125,0.9999999972328257,512.0,0.5,False,3026165301
7,10,1,0.0146484375,0.005859375,0.1173429770016996,412,Ceiling,25,0.0244140625,0.9999999999299773,512.0,0.5,False,3026165301
7,10,1,0.0146484375,0.005859375,0.1173429770016996,412,Ceiling,31,0.0302734375,0.9999999999999487,512.0,0.5,False,3026165301
7,10,1,0.0146484375,0.005859375,0.1173429770016996,412,Ceiling,39,0.0380859375,0.9999999999999998,512.0,0.5,False,3026165301
7,10,1,0.0146484375,0.005859375,0.1173429770016996,412,Ceiling,48,0.046875,0.9999999999999998,512.0,0.5,False,3026165301
7,10,1,0.0146484375,0.005859375,0.1173429770016996,412,Ceiling,60,0.05859375,0.9999999999999998,512.0,0.5,False,3026165301
7,10,1,0.0146484375,0.005859375,0.1173429770016996,412,Ceiling,74,0.072265625,0.9999999999999998,512.0,0.5,False,3026165301
7,10,1,0.0146484375,0.005859375,0.1173429770016996,412,Ceiling,92,0.08984375,0.9999999999999998,512.0,0.5,False,3026165301
7,10,1,0.0146484375,0.005859375,0.1173429770016996,412,Ceiling,114,0.111328125,0.9999999999999998,512.0,0.5,False,3026165301
7,10,1,0.0146484375,0.005859375,0.1173429770016996,412,Ceiling,141,0.1376953125,0.9999999999999998,512.0,0.5,False,3026165301
7,10,1,0.0146484375,0.005859375,0.1173429770016996,412,Ceiling,175,0.1708984375,0.9999999999999998,512.0,0.5,False,3026165301
7,10,1,0.0146484375,0.005859375,0.1173429770016996,412,Ceiling,217,0.2119140625,0.9999999999999998,512.0,0.5,False,3026165301
7,10,1,0.0146484375,0.005859375,0.1173429770016996,412,Ceiling,269,0.2626953125,0.9999999999999998,512.0,0.5,False,3026165301
7,10,1,0.0146484375,0.005859375,0.1173429770016996,412,Ceiling,333,0.3251953125,0.9999999999999998,512.0,0.5,False,3026165301
7,10,1,0.0146484375,0.005859375,0.1173429770016996,412,Ceiling,413,0.4033203125,0.9999999999999998,512.0,0.5,False,3026165301
7,10,1,0.0146484375,0.005859375,0.1173429770016996,412,Ceiling,512,0.5,0.9999999999999998,512.0,0.5,False,3026165301
7,10,1,0.0146484375,0.005859375,0.780425033772211,398,BARK,1,0.0009765625,0.780425033772211,32.0,0.03125,True,3026165301
7,10,1,0.0146484375,0.005859375,0.780425033772211,398,BARK,2,0.001953125,0.8977680107739101,32.0,0.03125,True,3026165301
7,10,1,0.0146484375,0.005859375,0.780425033772211,398,BARK,3,0.0029296875,0.9054520644402294,32.0,0.03125,True,3026165301
7,10,1,0.0146484375,0.005859375,0.780425033772211,398,BARK,4,0.00390625,0.9879508823841581,32.0,0.03125,True,3026165301
7,10,1,0.0146484375,0.005859375,0.780425033772211,398,BARK,5,0.0048828125,0.9886744725484532,32.0,0.03125,True,3026165301
7,10,1,0.0146484375,0.005859375,0.780425033772211,398,BARK,6,0.005859375,0.9967743488402777,32.0,0.03125,True,3026165301
7,10,1,0.0146484375,0.005859375,0.780425033772211,398,BARK,7,0.0068359375,0.9980538184937534,32.0,0.03125,True,3026165301
7,10,1,0.0146484375,0.005859375,0.780425033772211,398,BARK,9,0.0087890625,0.9981825597327622,32.0,0.03125,True,3026165301
7,10,1,0.0146484375,0.005859375,0.780425033772211,398,BARK,11,0.0107421875,0.9983832786394836,32.0,0.03125,True,3026165301
7,10,1,0.0146484375,0.005859375,0.780425033772211,398,BARK,13,0.0126953125,0.9999810754430886,32.0,0.03125,True,3026165301
7,10,1,0.0146484375,0.005859375,0.780425033772211,398,BARK,16,0.015625,0.9999997703378775,32.0,0.03125,True,3026165301
7,10,1,0.0146484375,0.005859375,0.780425033772211,398,BARK,20,0.01953125,0.9999999764291582,32.0,0.03125,True,3026165301
7,10,1,0.0146484375,0.005859375,0.780425033772211,398,BARK,25,0.0244140625,0.9999999995824989,32.0,0.03125,True,3026165301
7,10,1,0.0146484375,0.005859375,0.780425033772211,398,BARK,31,0.0302734375,0.9999999999999476,32.0,0.03125,True,3026165301
7,10,1,0.0146484375,0.005859375,0.780425033772211,398,BARK,39,0.0380859375,0.9999999999999996,32.0,0.03125,True,3026165301
7,10,1,0.0146484375,0.005859375,0.780425033772211,398,BARK,48,0.046875,0.9999999999999996,32.0,0.03125,True,3026165301
7,10,1,0.0146484375,0.005859375,0.780425033772211,398,BARK,60,0.05859375,0.9999999999999996,32.0,0.03125,True,3026165301
7,10,1,0.0146484375,0.005859375,0.780425033772211,398,BARK,74,0.072265625,0.9999999999999996,32.0,0.03125,True,3026165301
7,10,1,0.0146484375,0.005859375,0.780425033772211,398,BARK,92,0.08984375,0.9999999999999996,32.0,0.03125,True,3026165301
7,10,1,0.0146484375,0.005859375,0.780425033772211,398,BARK,114,0.111328125,0.9999999999999996,32.0,0.03125,True,3026165301
7,10,1,0.0146484375,0.005859375,0.780425033772211,398,BARK,141,0.1376953125,0.9999999999999996,32.0,0.03125,True,3026165301
7,10,1,0.0146484375,0.005859375,0.780425033772211,398,BARK,175,0.1708984375,0.9999999999999996,32.0,0.03125,True,3026165301
7,10,1,0.0146484375,0.005859375,0.780425033772211,398,BARK,217,0.2119140625,0.9999999999999996,32.0,0.03125,True,3026165301
7,10,1,0.0146484375,0.005859375,0.780425033772211,398,BARK,269,0.2626953125,0.9999999999999996,32.0,0.03125,True,3026165301
7,10,1,0.0146484375,0.005859375,0.780425033772211,398,BARK,333,0.3251953125,0.9999999999999996,32.0,0.03125,True,3026165301
7,10,1,0.0146484375,0.005859375,0.780425033772211,398,BARK,413,0.4033203125,0.9999999999999996,32.0,0.03125,True,3026165301
7,10,1,0.0146484375,0.005859375,0.780425033772211,398,BARK,512,0.5,0.9999999999999996,32.0,0.03125,True,3026165301
7,10,1,0.0146484375,0.005859375,0.780425033772211,398,Simplified BARK,1,0.0009765625,0.780425033772211,32.0,0.03125,True,3026165301
7,10,1,0.0146484375,0.005859375,0.780425033772211,398,Simplified BARK,2,0.001953125,0.8977680107739101,32.0,0.03125,True,3026165301
7,10,1,0.0146484375,0.005859375,0.780425033772211,398,Simplified BARK,3,0.0029296875,0.9738959910978603,32.0,0.03125,True,3026165301
7,10,1,0.0146484375,0.005859375,0.780425033772211,398,Simplified BARK,4,0.00390625,0.9879508823841583,32.0,0.03125,True,3026165301
7,10,1,0.0146484375,0.005859375,0.780425033772211,398,Simplified BARK,5,0.0048828125,0.9958991449159089,32.0,0.03125,True,3026165301
7,10,1,0.0146484375,0.005859375,0.780425033772211,398,Simplified BARK,6,0.005859375,0.9971837414546959,32.0,0.03125,True,3026165301
7,10,1,0.0146484375,0.005859375,0.780425033772211,398,Simplified BARK,7,0.0068359375,0.998053818493753,32.0,0.03125,True,3026165301
7,10,1,0.0146484375,0.005859375,0.780425033772211,398,Simplified BARK,9,0.0087890625,0.9995801996767598,32.0,0.03125,True,3026165301
7,10,1,0.0146484375,0.005859375,0.780425033772211,398,Simplified BARK,11,0.0107421875,0.9999581788192496,32.0,0.03125,True,3026165301
7,10,1,0.0146484375,0.005859375,0.780425033772211,398,Simplified BARK,13,0.0126953125,0.9999957731949614,32.0,0.03125,True,3026165301
7,10,1,0.0146484375,0.005859375,0.780425033772211,398,Simplified BARK,16,0.015625,0.9999997703378777,32.0,0.03125,True,3026165301
7,10,1,0.0146484375,0.005859375,0.780425033772211,398,Simplified BARK,20,0.01953125,0.9999997706637376,32.0,0.03125,True,3026165301
7,10,1,0.0146484375,0.005859375,0.780425033772211,398,Simplified BARK,25,0.0244140625,0.9999999479249326,32.0,0.03125,True,3026165301
7,10,1,0.0146484375,0.005859375,0.780425033772211,398,Simplified BARK,31,0.0302734375,0.9999999999716167,32.0,0.03125,True,3026165301
7,10,1,0.0146484375,0.005859375,0.780425033772211,398,Simplified BARK,39,0.0380859375,0.9999999999999996,32.0,0.03125,True,3026165301
7,10,1,0.0146484375,0.005859375,0.780425033772211,398,Simplified BARK,48,0.046875,0.9999999999999996,32.0,0.03125,True,3026165301
7,10,1,0.0146484375,0.005859375,0.780425033772211,398,Simplified BARK,60,0.05859375,0.9999999999999996,32.0,0.03125,True,3026165301
7,10,1,0.0146484375,0.005859375,0.780425033772211,398,Simplified BARK,74,0.072265625,0.9999999999999996,32.0,0.03125,True,3026165301
7,10,1,0.0146484375,0.005859375,0.780425033772211,398,Simplified BARK,92,0.08984375,0.9999999999999996,32.0,0.03125,True,3026165301
7,10,1,0.0146484375,0.005859375,0.780425033772211,398,Simplified BARK,114,0.111328125,0.9999999999999996,32.0,0.03125,True,3026165301
7,10,1,0.0146484375,0.005859375,0.780425033772211,398,Simplified BARK,141,0.1376953125,0.9999999999999996,32.0,0.03125,True,3026165301
7,10,1,0.0146484375,0.005859375,0.780425033772211,398,Simplified BARK,175,0.1708984375,0.9999999999999996,32.0,0.03125,True,3026165301
7,10,1,0.0146484375,0.005859375,0.780425033772211,398,Simplified BARK,217,0.2119140625,0.9999999999999996,32.0,0.03125,True,3026165301
7,10,1,0.0146484375,0.005859375,0.780425033772211,398,Simplified BARK,269,0.2626953125,0.9999999999999996,32.0,0.03125,True,3026165301
7,10,1,0.0146484375,0.005859375,0.780425033772211,398,Simplified BARK,333,0.3251953125,0.9999999999999996,32.0,0.03125,True,3026165301
7,10,1,0.0146484375,0.005859375,0.780425033772211,398,Simplified BARK,413,0.4033203125,0.9999999999999996,32.0,0.03125,True,3026165301
7,10,1,0.0146484375,0.005859375,0.780425033772211,398,Simplified BARK,512,0.5,0.9999999999999996,32.0,0.03125,True,3026165301
7,10,1,0.0146484375,0.005859375,0.780425033772211,398,SKQD,1,0.0009765625,0.780425033772211,6.666666666666667,0.006510416666666667,True,3026165301
7,10,1,0.0146484375,0.005859375,0.780425033772211,398,SKQD,2,0.001953125,0.780425033772211,6.666666666666667,0.006510416666666667,True,3026165301
7,10,1,0.0146484375,0.005859375,0.780425033772211,398,SKQD,3,0.0029296875,0.780425033772211,6.666666666666667,0.006510416666666667,True,3026165301
7,10,1,0.0146484375,0.005859375,0.780425033772211,398,SKQD,4,0.00390625,0.9814192349017196,6.666666666666667,0.006510416666666667,True,3026165301
7,10,1,0.0146484375,0.005859375,0.780425033772211,398,SKQD,5,0.0048828125,0.986245871573116,6.666666666666667,0.006510416666666667,True,3026165301
7,10,1,0.0146484375,0.005859375,0.780425033772211,398,SKQD,6,0.005859375,0.9966530486229713,6.666666666666667,0.006510416666666667,True,3026165301
7,10,1,0.0146484375,0.005859375,0.780425033772211,398,SKQD,7,0.0068359375,0.9967126519321757,6.666666666666667,0.006510416666666667,True,3026165301
7,10,1,0.0146484375,0.005859375,0.780425033772211,398,SKQD,9,0.0087890625,0.9970030682815012,6.666666666666667,0.006510416666666667,True,3026165301
7,10,1,0.0146484375,0.005859375,0.780425033772211,398,SKQD,11,0.0107421875,0.9970030682815012,6.666666666666667,0.006510416666666667,True,3026165301
7,10,1,0.0146484375,0.005859375,0.780425033772211,398,SKQD,13,0.0126953125,0.9970030682815012,6.666666666666667,0.006510416666666667,True,3026165301
7,10,1,0.0146484375,0.005859375,0.780425033772211,398,SKQD,16,0.015625,0.9970030682815012,6.666666666666667,0.006510416666666667,True,3026165301
7,10,1,0.0146484375,0.005859375,0.780425033772211,398,SKQD,20,0.01953125,0.9970030682815012,6.666666666666667,0.006510416666666667,True,3026165301
7,10,1,0.0146484375,0.005859375,0.780425033772211,398,SKQD,25,0.0244140625,0.9970030682815012,6.666666666666667,0.006510416666666667,True,3026165301
7,10,1,0.0146484375,0.005859375,0.780425033772211,398,SKQD,31,0.0302734375,0.9970030682815012,6.666666666666667,0.006510416666666667,True,3026165301
7,10,1,0.0146484375,0.005859375,0.780425033772211,398,SKQD,39,0.0380859375,0.9970030682815012,6.666666666666667,0.006510416666666667,True,3026165301
7,10,1,0.0146484375,0.005859375,0.780425033772211,398,SKQD,48,0.046875,0.9970030682815012,6.666666666666667,0.006510416666666667,True,3026165301
7,10,1,0.0146484375,0.005859375,0.780425033772211,398,SKQD,60,0.05859375,0.9970030682815012,6.666666666666667,0.006510416666666667,True,3026165301
7,10,1,0.0146484375,0.005859375,0.780425033772211,398,SKQD,74,0.072265625,0.9970030682815012,6.666666666666667,0.006510416666666667,True,3026165301
7,10,1,0.0146484375,0.005859375,0.780425033772211,398,SKQD,92,0.08984375,0.9970030682815012,6.666666666666667,0.006510416666666667,True,3026165301
7,10,1,0.0146484375,0.005859375,0.780425033772211,398,SKQD,114,0.111328125,0.9970030682815012,6.666666666666667,0.006510416666666667,True,3026165301
7,10,1,0.0146484375,0.005859375,0.780425033772211,398,SKQD,141,0.1376953125,0.9970030682815012,6.666666666666667,0.006510416666666667,True,3026165301
7,10,1,0.0146484375,0.005859375,0.780425033772211,398,SKQD,175,0.1708984375,0.9970030682815012,6.666666666666667,0.006510416666666667,True,3026165301
7,10,1,0.0146484375,0.005859375,0.780425033772211,398,SKQD,217,0.2119140625,0.9970030682815012,6.666666666666667,0.006510416666666667,True,3026165301
7,10,1,0.0146484375,0.005859375,0.780425033772211,398,SKQD,269,0.2626953125,0.9970030682815012,6.666666666666667,0.006510416666666667,True,3026165301
7,10,1,0.0146484375,0.005859375,0.780425033772211,398,SKQD,333,0.3251953125,0.9970030682815012,6.666666666666667,0.006510416666666667,True,3026165301
7,10,1,0.0146484375,0.005859375,0.780425033772211,398,SKQD,413,0.4033203125,0.9970030682815012,6.666666666666667,0.006510416666666667,True,3026165301
7,10,1,0.0146484375,0.005859375,0.780425033772211,398,SKQD,512,0.5,0.9970030682815012,6.666666666666667,0.006510416666666667,True,3026165301
7,10,1,0.0146484375,0.005859375,0.780425033772211,398,Ceiling,1,0.0009765625,0.780425033772211,512.0,0.5,False,3026165301
7,10,1,0.0146484375,0.005859375,0.780425033772211,398,Ceiling,2,0.001953125,0.8977680107739106,512.0,0.5,False,3026165301
7,10,1,0.0146484375,0.005859375,0.780425033772211,398,Ceiling,3,0.0029296875,0.9761635091403889,512.0,0.5,False,3026165301
7,10,1,0.0146484375,0.005859375,0.780425033772211,398,Ceiling,4,0.00390625,0.9879508823841583,512.0,0.5,False,3026165301
7,10,1,0.0146484375,0.005859375,0.780425033772211,398,Ceiling,5,0.0048828125,0.9960332319429319,512.0,0.5,False,3026165301
7,10,1,0.0146484375,0.005859375,0.780425033772211,398,Ceiling,6,0.005859375,0.997454103871547,512.0,0.5,False,3026165301
7,10,1,0.0146484375,0.005859375,0.780425033772211,398,Ceiling,7,0.0068359375,0.9986693480235839,512.0,0.5,False,3026165301
7,10,1,0.0146484375,0.005859375,0.780425033772211,398,Ceiling,9,0.0087890625,0.9996948778682705,512.0,0.5,False,3026165301
7,10,1,0.0146484375,0.005859375,0.780425033772211,398,Ceiling,11,0.0107421875,0.9999596818211828,512.0,0.5,False,3026165301
7,10,1,0.0146484375,0.005859375,0.780425033772211,398,Ceiling,13,0.0126953125,0.9999958574051757,512.0,0.5,False,3026165301
7,10,1,0.0146484375,0.005859375,0.780425033772211,398,Ceiling,16,0.015625,0.9999997703378775,512.0,0.5,False,3026165301
7,10,1,0.0146484375,0.005859375,0.780425033772211,398,Ceiling,20,0.01953125,0.9999999972328257,512.0,0.5,False,3026165301
7,10,1,0.0146484375,0.005859375,0.780425033772211,398,Ceiling,25,0.0244140625,0.9999999999299773,512.0,0.5,False,3026165301
7,10,1,0.0146484375,0.005859375,0.780425033772211,398,Ceiling,31,0.0302734375,0.9999999999999487,512.0,0.5,False,3026165301
7,10,1,0.0146484375,0.005859375,0.780425033772211,398,Ceiling,39,0.0380859375,0.9999999999999998,512.0,0.5,False,3026165301
7,10,1,0.0146484375,0.005859375,0.780425033772211,398,Ceiling,48,0.046875,0.9999999999999998,512.0,0.5,False,3026165301
7,10,1,0.0146484375,0.005859375,0.780425033772211,398,Ceiling,60,0.05859375,0.9999999999999998,512.0,0.5,False,3026165301
7,10,1,0.0146484375,0.005859375,0.780425033772211,398,Ceiling,74,0.072265625,0.9999999999999998,512.0,0.5,False,3026165301
7,10,1,0.0146484375,0.005859375,0.780425033772211,398,Ceiling,92,0.08984375,0.9999999999999998,512.0,0.5,False,3026165301
7,10,1,0.0146484375,0.005859375,0.780425033772211,398,Ceiling,114,0.111328125,0.9999999999999998,512.0,0.5,False,3026165301
7,10,1,0.0146484375,0.005859375,0.780425033772211,398,Ceiling,141,0.1376953125,0.9999999999999998,512.0,0.5,False,3026165301
7,10,1,0.0146484375,0.005859375,0.780425033772211,398,Ceiling,175,0.1708984375,0.9999999999999998,512.0,0.5,False,3026165301
7,10,1,0.0146484375,0.005859375,0.780425033772211,398,Ceiling,217,0.2119140625,0.9999999999999998,512.0,0.5,False,3026165301
7,10,1,0.0146484375,0.005859375,0.780425033772211,398,Ceiling,269,0.2626953125,0.9999999999999998,512.0,0.5,False,3026165301
7,10,1,0.0146484375,0.005859375,0.780425033772211,398,Ceiling,333,0.3251953125,0.9999999999999998,512.0,0.5,False,3026165301
7,10,1,0.0146484375,0.005859375,0.780425033772211,398,Ceiling,413,0.4033203125,0.9999999999999998,512.0,0.5,False,3026165301
7,10,1,0.0146484375,0.005859375,0.780425033772211,398,Ceiling,512,0.5,0.9999999999999998,512.0,0.5,False,3026165301
7,10,1,0.0146484375,0.005859375,0.0,105,BARK,1,0.0009765625,0.0,32.0,0.03125,True,3026165301
7,10,1,0.0146484375,0.005859375,0.0,105,BARK,2,0.001953125,2.9784199981541296e-36,32.0,0.03125,True,3026165301
7,10,1,0.0146484375,0.005859375,0.0,105,BARK,3,0.0029296875,7.150853358735446e-36,32.0,0.03125,True,3026165301
7,10,1,0.0146484375,0.005859375,0.0,105,BARK,4,0.00390625,1.910417889933585e-35,32.0,0.03125,True,3026165301
7,10,1,0.0146484375,0.005859375,0.0,105,BARK,5,0.0048828125,6.797679950383636e-36,32.0,0.03125,True,3026165301
7,10,1,0.0146484375,0.005859375,0.0,105,BARK,6,0.005859375,7.675220774621767e-37,32.0,0.03125,True,3026165301
7,10,1,0.0146484375,0.005859375,0.0,105,BARK,7,0.0068359375,5.96058054488184e-37,32.0,0.03125,True,3026165301
7,10,1,0.0146484375,0.005859375,0.0,105,BARK,9,0.0087890625,2.0758639874104563e-37,32.0,0.03125,True,3026165301
7,10,1,0.0146484375,0.005859375,0.0,105,BARK,11,0.0107421875,9.241243607843929e-38,32.0,0.03125,True,3026165301
7,10,1,0.0146484375,0.005859375,0.0,105,BARK,13,0.0126953125,7.927307454693035e-37,32.0,0.03125,True,3026165301
7,10,1,0.0146484375,0.005859375,0.0,105,BARK,16,0.015625,3.013020134229594e-37,32.0,0.03125,True,3026165301
7,10,1,0.0146484375,0.005859375,0.0,105,BARK,20,0.01953125,9.303555581012265e-38,32.0,0.03125,True,3026165301
7,10,1,0.0146484375,0.005859375,0.0,105,BARK,25,0.0244140625,4.543854083807314e-38,32.0,0.03125,True,3026165301
7,10,1,0.0146484375,0.005859375,0.0,105,BARK,31,0.0302734375,4.4068917467504355e-38,32.0,0.03125,True,3026165301
7,10,1,0.0146484375,0.005859375,0.0,105,BARK,39,0.0380859375,5.250314157229132e-38,32.0,0.03125,True,3026165301
7,10,1,0.0146484375,0.005859375,0.0,105,BARK,48,0.046875,5.250314157229132e-38,32.0,0.03125,True,3026165301
7,10,1,0.0146484375,0.005859375,0.0,105,BARK,60,0.05859375,5.250314157229132e-38,32.0,0.03125,True,3026165301
7,10,1,0.0146484375,0.005859375,0.0,105,BARK,74,0.072265625,5.250314157229132e-38,32.0,0.03125,True,3026165301
7,10,1,0.0146484375,0.005859375,0.0,105,BARK,92,0.08984375,5.250314157229132e-38,32.0,0.03125,True,3026165301
7,10,1,0.0146484375,0.005859375,0.0,105,BARK,114,0.111328125,5.250314157229132e-38,32.0,0.03125,True,3026165301
7,10,1,0.0146484375,0.005859375,0.0,105,BARK,141,0.1376953125,5.250314157229132e-38,32.0,0.03125,True,3026165301
7,10,1,0.0146484375,0.005859375,0.0,105,BARK,175,0.1708984375,5.250314157229132e-38,32.0,0.03125,True,3026165301
7,10,1,0.0146484375,0.005859375,0.0,105,BARK,217,0.2119140625,5.250314157229132e-38,32.0,0.03125,True,3026165301
7,10,1,0.0146484375,0.005859375,0.0,105,BARK,269,0.2626953125,5.250314157229132e-38,32.0,0.03125,True,3026165301
7,10,1,0.0146484375,0.005859375,0.0,105,BARK,333,0.3251953125,5.250314157229132e-38,32.0,0.03125,True,3026165301
7,10,1,0.0146484375,0.005859375,0.0,105,BARK,413,0.4033203125,5.250314157229132e-38,32.0,0.03125,True,3026165301
7,10,1,0.0146484375,0.005859375,0.0,105,BARK,512,0.5,5.250314157229132e-38,32.0,0.03125,True,3026165301
7,10,1,0.0146484375,0.005859375,0.0,105,Simplified BARK,1,0.0009765625,0.0,32.0,0.03125,True,3026165301
7,10,1,0.0146484375,0.005859375,0.0,105,Simplified BARK,2,0.001953125,1.4437353663337781e-36,32.0,0.03125,True,3026165301
7,10,1,0.0146484375,0.005859375,0.0,105,Simplified BARK,3,0.0029296875,3.071118974466421e-36,32.0,0.03125,True,3026165301
7,10,1,0.0146484375,0.005859375,0.0,105,Simplified BARK,4,0.00390625,1.3517802167887282e-37,32.0,0.03125,True,3026165301
7,10,1,0.0146484375,0.005859375,0.0,105,Simplified BARK,5,0.0048828125,6.954794669921898e-38,32.0,0.03125,True,3026165301
7,10,1,0.0146484375,0.005859375,0.0,105,Simplified BARK,6,0.005859375,2.306344227387354e-37,32.0,0.03125,True,3026165301
7,10,1,0.0146484375,0.005859375,0.0,105,Simplified BARK,7,0.0068359375,2.6033900648123185e-37,32.0,0.03125,True,3026165301
7,10,1,0.0146484375,0.005859375,0.0,105,Simplified BARK,9,0.0087890625,1.6147050397952698e-37,32.0,0.03125,True,3026165301
7,10,1,0.0146484375,0.005859375,0.0,105,Simplified BARK,11,0.0107421875,1.7462680911054875e-36,32.0,0.03125,True,3026165301
7,10,1,0.0146484375,0.005859375,0.0,105,Simplified BARK,13,0.0126953125,1.9541277944271274e-36,32.0,0.03125,True,3026165301
7,10,1,0.0146484375,0.005859375,0.0,105,Simplified BARK,16,0.015625,9.421225956943604e-37,32.0,0.03125,True,3026165301
7,10,1,0.0146484375,0.005859375,0.0,105,Simplified BARK,20,0.01953125,1.4440267274662546e-36,32.0,0.03125,True,3026165301
7,10,1,0.0146484375,0.005859375,0.0,105,Simplified BARK,25,0.0244140625,2.6441404258461155e-37,32.0,0.03125,True,3026165301
7,10,1,0.0146484375,0.005859375,0.0,105,Simplified BARK,31,0.0302734375,1.5221963799638828e-37,32.0,0.03125,True,3026165301
7,10,1,0.0146484375,0.005859375,0.0,105,Simplified BARK,39,0.0380859375,5.250314157229146e-38,32.0,0.03125,True,3026165301
7,10,1,0.0146484375,0.005859375,0.0,105,Simplified BARK,48,0.046875,5.250314157229146e-38,32.0,0.03125,True,3026165301
7,10,1,0.0146484375,0.005859375,0.0,105,Simplified BARK,60,0.05859375,5.250314157229146e-38,32.0,0.03125,True,3026165301
7,10,1,0.0146484375,0.005859375,0.0,105,Simplified BARK,74,0.072265625,5.250314157229146e-38,32.0,0.03125,True,3026165301
7,10,1,0.0146484375,0.005859375,0.0,105,Simplified BARK,92,0.08984375,5.250314157229146e-38,32.0,0.03125,True,3026165301
7,10,1,0.0146484375,0.005859375,0.0,105,Simplified BARK,114,0.111328125,5.250314157229146e-38,32.0,0.03125,True,3026165301
7,10,1,0.0146484375,0.005859375,0.0,105,Simplified BARK,141,0.1376953125,5.250314157229146e-38,32.0,0.03125,True,3026165301
7,10,1,0.0146484375,0.005859375,0.0,105,Simplified BARK,175,0.1708984375,5.250314157229146e-38,32.0,0.03125,True,3026165301
7,10,1,0.0146484375,0.005859375,0.0,105,Simplified BARK,217,0.2119140625,5.250314157229146e-38,32.0,0.03125,True,3026165301
7,10,1,0.0146484375,0.005859375,0.0,105,Simplified BARK,269,0.2626953125,5.250314157229146e-38,32.0,0.03125,True,3026165301
7,10,1,0.0146484375,0.005859375,0.0,105,Simplified BARK,333,0.3251953125,5.250314157229146e-38,32.0,0.03125,True,3026165301
7,10,1,0.0146484375,0.005859375,0.0,105,Simplified BARK,413,0.4033203125,5.250314157229146e-38,32.0,0.03125,True,3026165301
7,10,1,0.0146484375,0.005859375,0.0,105,Simplified BARK,512,0.5,5.250314157229146e-38,32.0,0.03125,True,3026165301
7,10,1,0.0146484375,0.005859375,0.0,105,SKQD,1,0.0009765625,0.0,10.0,0.009765625,True,3026165301
7,10,1,0.0146484375,0.005859375,0.0,105,SKQD,2,0.001953125,0.0,10.0,0.009765625,True,3026165301
7,10,1,0.0146484375,0.005859375,0.0,105,SKQD,3,0.0029296875,3.864374561117071e-37,10.0,0.009765625,True,3026165301
7,10,1,0.0146484375,0.005859375,0.0,105,SKQD,4,0.00390625,2.40482662414237e-36,10.0,0.009765625,True,3026165301
7,10,1,0.0146484375,0.005859375,0.0,105,SKQD,5,0.0048828125,2.557109307333454e-36,10.0,0.009765625,True,3026165301
7,10,1,0.0146484375,0.005859375,0.0,105,SKQD,6,0.005859375,2.022838904778362e-36,10.0,0.009765625,True,3026165301
7,10,1,0.0146484375,0.005859375,0.0,105,SKQD,7,0.0068359375,2.022838904778362e-36,10.0,0.009765625,True,3026165301
7,10,1,0.0146484375,0.005859375,0.0,105,SKQD,9,0.0087890625,7.08749946670462e-36,10.0,0.009765625,True,3026165301
7,10,1,0.0146484375,0.005859375,0.0,105,SKQD,11,0.0107421875,7.059532850570894e-36,10.0,0.009765625,True,3026165301
7,10,1,0.0146484375,0.005859375,0.0,105,SKQD,13,0.0126953125,7.059532850570894e-36,10.0,0.009765625,True,3026165301
7,10,1,0.0146484375,0.005859375,0.0,105,SKQD,16,0.015625,7.059532850570894e-36,10.0,0.009765625,True,3026165301
7,10,1,0.0146484375,0.005859375,0.0,105,SKQD,20,0.01953125,7.059532850570894e-36,10.0,0.009765625,True,3026165301
7,10,1,0.0146484375,0.005859375,0.0,105,SKQD,25,0.0244140625,7.059532850570894e-36,10.0,0.009765625,True,3026165301
7,10,1,0.0146484375,0.005859375,0.0,105,SKQD,31,0.0302734375,7.059532850570894e-36,10.0,0.009765625,True,3026165301
7,10,1,0.0146484375,0.005859375,0.0,105,SKQD,39,0.0380859375,7.059532850570894e-36,10.0,0.009765625,True,3026165301
7,10,1,0.0146484375,0.005859375,0.0,105,SKQD,48,0.046875,7.059532850570894e-36,10.0,0.009765625,True,3026165301
7,10,1,0.0146484375,0.005859375,0.0,105,SKQD,60,0.05859375,7.059532850570894e-36,10.0,0.009765625,True,3026165301
7,10,1,0.0146484375,0.005859375,0.0,105,SKQD,74,0.072265625,7.059532850570894e-36,10.0,0.009765625,True,3026165301
7,10,1,0.0146484375,0.005859375,0.0,105,SKQD,92,0.08984375,7.059532850570894e-36,10.0,0.009765625,True,3026165301
7,10,1,0.0146484375,0.005859375,0.0,105,SKQD,114,0.111328125,7.059532850570894e-36,10.0,0.009765625,True,3026165301
7,10,1,0.0146484375,0.005859375,0.0,105,SKQD,141,0.1376953125,7.059532850570894e-36,10.0,0.009765625,True,3026165301
7,10,1,0.0146484375,0.005859375,0.0,105,SKQD,175,0.1708984375,7.059532850570894e-36,10.0,0.009765625,True,3026165301
7,10,1,0.0146484375,0.005859375,0.0,105,SKQD,217,0.2119140625,7.059532850570894e-36,10.0,0.009765625,True,3026165301
7,10,1,0.0146484375,0.005859375,0.0,105,SKQD,269,0.2626953125,7.059532850570894e-36,10.0,0.009765625,True,3026165301
7,10,1,0.0146484375,0.005859375,0.0,105,SKQD,333,0.3251953125,7.059532850570894e-36,10.0,0.009765625,True,3026165301
7,10,1,0.0146484375,0.005859375,0.0,105,SKQD,413,0.4033203125,7.059532850570894e-36,10.0,0.009765625,True,3026165301
7,10,1,0.0146484375,0.005859375,0.0,105,SKQD,512,0.5,7.059532850570894e-36,10.0,0.009765625,True,3026165301
7,10,1,0.0146484375,0.005859375,0.0,105,Ceiling,1,0.0009765625,0.780425033772211,512.0,0.5,False,3026165301
7,10,1,0.0146484375,0.005859375,0.0,105,Ceiling,2,0.001953125,0.8977680107739106,512.0,0.5,False,3026165301
7,10,1,0.0146484375,0.005859375,0.0,105,Ceiling,3,0.0029296875,0.9761635091403889,512.0,0.5,False,3026165301
7,10,1,0.0146484375,0.005859375,0.0,105,Ceiling,4,0.00390625,0.9879508823841583,512.0,0.5,False,3026165301
7,10,1,0.0146484375,0.005859375,0.0,105,Ceiling,5,0.0048828125,0.9960332319429319,512.0,0.5,False,3026165301
7,10,1,0.0146484375,0.005859375,0.0,105,Ceiling,6,0.005859375,0.997454103871547,512.0,0.5,False,3026165301
7,10,1,0.0146484375,0.005859375,0.0,105,Ceiling,7,0.0068359375,0.9986693480235839,512.0,0.5,False,3026165301
7,10,1,0.0146484375,0.005859375,0.0,105,Ceiling,9,0.0087890625,0.9996948778682705,512.0,0.5,False,3026165301
7,10,1,0.0146484375,0.005859375,0.0,105,Ceiling,11,0.0107421875,0.9999596818211828,512.0,0.5,False,3026165301
7,10,1,0.0146484375,0.005859375,0.0,105,Ceiling,13,0.0126953125,0.9999958574051757,512.0,0.5,False,3026165301
7,10,1,0.0146484375,0.005859375,0.0,105,Ceiling,16,0.015625,0.9999997703378775,512.0,0.5,False,3026165301
7,10,1,0.0146484375,0.005859375,0.0,105,Ceiling,20,0.01953125,0.9999999972328257,512.0,0.5,False,3026165301
7,10,1,0.0146484375,0.005859375,0.0,105,Ceiling,25,0.0244140625,0.9999999999299773,512.0,0.5,False,3026165301
7,10,1,0.0146484375,0.005859375,0.0,105,Ceiling,31,0.0302734375,0.9999999999999487,512.0,0.5,False,3026165301
7,10,1,0.0146484375,0.005859375,0.0,105,Ceiling,39,0.0380859375,0.9999999999999998,512.0,0.5,False,3026165301
7,10,1,0.0146484375,0.005859375,0.0,105,Ceiling,48,0.046875,0.9999999999999998,512.0,0.5,False,3026165301
7,10,1,0.0146484375,0.005859375,0.0,105,Ceiling,60,0.05859375,0.9999999999999998,512.0,0.5,False,3026165301
7,10,1,0.0146484375,0.005859375,0.0,105,Ceiling,74,0.072265625,0.9999999999999998,512.0,0.5,False,3026165301
7,10,1,0.0146484375,0.005859375,0.0,105,Ceiling,92,0.08984375,0.9999999999999998,512.0,0.5,False,3026165301
7,10,1,0.0146484375,0.005859375,0.0,105,Ceiling,114,0.111328125,0.9999999999999998,512.0,0.5,False,3026165301
7,10,1,0.0146484375,0.005859375,0.0,105,Ceiling,141,0.1376953125,0.9999999999999998,512.0,0.5,False,3026165301
7,10,1,0.0146484375,0.005859375,0.0,105,Ceiling,175,0.1708984375,0.9999999999999998,512.0,0.5,False,3026165301
7,10,1,0.0146484375,0.005859375,0.0,105,Ceiling,217,0.2119140625,0.9999999999999998,512.0,0.5,False,3026165301
7,10,1,0.0146484375,0.005859375,0.0,105,Ceiling,269,0.2626953125,0.9999999999999998,512.0,0.5,False,3026165301
7,10,1,0.0146484375,0.005859375,0.0,105,Ceiling,333,0.3251953125,0.9999999999999998,512.0,0.5,False,3026165301
7,10,1,0.0146484375,0.005859375,0.0,105,Ceiling,413,0.4033203125,0.9999999999999998,512.0,0.5,False,3026165301
7,10,1,0.0146484375,0.005859375,0.0,105,Ceiling,512,0.5,0.9999999999999998,512.0,0.5,False,3026165301
7,10,1,0.0146484375,0.005859375,0.0,132,BARK,1,0.0009765625,0.0,32.0,0.03125,True,3026165301
7,10,1,0.0146484375,0.005859375,0.0,132,BARK,2,0.001953125,5.0670337937615876e-101,32.0,0.03125,True,3026165301
7,10,1,0.0146484375,0.005859375,0.0,132,BARK,3,0.0029296875,6.063363515228906e-101,32.0,0.03125,True,3026165301
7,10,1,0.0146484375,0.005859375,0.0,132,BARK,4,0.00390625,4.799558465851482e-101,32.0,0.03125,True,3026165301
7,10,1,0.0146484375,0.005859375,0.0,132,BARK,5,0.0048828125,4.7992977023422704e-101,32.0,0.03125,True,3026165301
7,10,1,0.0146484375,0.005859375,0.0,132,BARK,6,0.005859375,4.365944291582709e-101,32.0,0.03125,True,3026165301
7,10,1,0.0146484375,0.005859375,0.0,132,BARK,7,0.0068359375,4.6856190695204664e-101,32.0,0.03125,True,3026165301
7,10,1,0.0146484375,0.005859375,0.0,132,BARK,9,0.0087890625,5.1683823579473235e-101,32.0,0.03125,True,3026165301
7,10,1,0.0146484375,0.005859375,0.0,132,BARK,11,0.0107421875,5.201416865395767e-101,32.0,0.03125,True,3026165301
7,10,1,0.0146484375,0.005859375,0.0,132,BARK,13,0.0126953125,5.2658058459159904e-101,32.0,0.03125,True,3026165301
7,10,1,0.0146484375,0.005859375,0.0,132,BARK,16,0.015625,5.244721997751267e-101,32.0,0.03125,True,3026165301
7,10,1,0.0146484375,0.005859375,0.0,132,BARK,20,0.01953125,5.2447201135029496e-101,32.0,0.03125,True,3026165301
7,10,1,0.0146484375,0.005859375,0.0,132,BARK,25,0.0244140625,5.2447238075806e-101,32.0,0.03125,True,3026165301
7,10,1,0.0146484375,0.005859375,0.0,132,BARK,31,0.0302734375,5.2447238522110376e-101,32.0,0.03125,True,3026165301
7,10,1,0.0146484375,0.005859375,0.0,132,BARK,39,0.0380859375,5.2447238389548084e-101,32.0,0.03125,True,3026165301
7,10,1,0.0146484375,0.005859375,0.0,132,BARK,48,0.046875,5.2447238389548084e-101,32.0,0.03125,True,3026165301
7,10,1,0.0146484375,0.005859375,0.0,132,BARK,60,0.05859375,5.2447238389548084e-101,32.0,0.03125,True,3026165301
7,10,1,0.0146484375,0.005859375,0.0,132,BARK,74,0.072265625,5.2447238389548084e-101,32.0,0.03125,True,3026165301
7,10,1,0.0146484375,0.005859375,0.0,132,BARK,92,0.08984375,5.2447238389548084e-101,32.0,0.03125,True,3026165301
7,10,1,0.0146484375,0.005859375,0.0,132,BARK,114,0.111328125,5.2447238389548084e-101,32.0,0.03125,True,3026165301
7,10,1,0.0146484375,0.005859375,0.0,132,BARK,141,0.1376953125,5.2447238389548084e-101,32.0,0.03125,True,3026165301
7,10,1,0.0146484375,0.005859375,0.0,132,BARK,175,0.1708984375,5.2447238389548084e-101,32.0,0.03125,True,3026165301
7,10,1,0.0146484375,0.005859375,0.0,132,BARK,217,0.2119140625,5.2447238389548084e-101,32.0,0.03125,True,3026165301
7,10,1,0.0146484375,0.005859375,0.0,132,BARK,269,0.2626953125,5.2447238389548084e-101,32.0,0.03125,True,3026165301
7,10,1,0.0146484375,0.005859375,0.0,132,BARK,333,0.3251953125,5.2447238389548084e-101,32.0,0.03125,True,3026165301
7,10,1,0.0146484375,0.005859375,0.0,132,BARK,413,0.4033203125,5.2447238389548084e-101,32.0,0.03125,True,3026165301
7,10,1,0.0146484375,0.005859375,0.0,132,BARK,512,0.5,5.2447238389548084e-101,32.0,0.03125,True,3026165301
7,10,1,0.0146484375,0.005859375,0.0,132,Simplified BARK,1,0.0009765625,0.0,32.0,0.03125,True,3026165301
7,10,1,0.0146484375,0.005859375,0.0,132,Simplified BARK,2,0.001953125,5.0670337937615876e-101,32.0,0.03125,True,3026165301
7,10,1,0.0146484375,0.005859375,0.0,132,Simplified BARK,3,0.0029296875,5.0924102252828465e-101,32.0,0.03125,True,3026165301
7,10,1,0.0146484375,0.005859375,0.0,132,Simplified BARK,4,0.00390625,5.204210185924217e-101,32.0,0.03125,True,3026165301
7,10,1,0.0146484375,0.005859375,0.0,132,Simplified BARK,5,0.0048828125,5.377664861071083e-101,32.0,0.03125,True,3026165301
7,10,1,0.0146484375,0.005859375,0.0,132,Simplified BARK,6,0.005859375,5.887651224493124e-101,32.0,0.03125,True,3026165301
7,10,1,0.0146484375,0.005859375,0.0,132,Simplified BARK,7,0.0068359375,5.889276935952919e-101,32.0,0.03125,True,3026165301
7,10,1,0.0146484375,0.005859375,0.0,132,Simplified BARK,9,0.0087890625,6.370395091908012e-101,32.0,0.03125,True,3026165301
7,10,1,0.0146484375,0.005859375,0.0,132,Simplified BARK,11,0.0107421875,5.704896852524657e-101,32.0,0.03125,True,3026165301
7,10,1,0.0146484375,0.005859375,0.0,132,Simplified BARK,13,0.0126953125,5.6426148776573886e-101,32.0,0.03125,True,3026165301
7,10,1,0.0146484375,0.005859375,0.0,132,Simplified BARK,16,0.015625,5.244721997751276e-101,32.0,0.03125,True,3026165301
7,10,1,0.0146484375,0.005859375,0.0,132,Simplified BARK,20,0.01953125,5.2447254414084236e-101,32.0,0.03125,True,3026165301
7,10,1,0.0146484375,0.005859375,0.0,132,Simplified BARK,25,0.0244140625,5.2447258573504544e-101,32.0,0.03125,True,3026165301
7,10,1,0.0146484375,0.005859375,0.0,132,Simplified BARK,31,0.0302734375,5.2447238522110255e-101,32.0,0.03125,True,3026165301
7,10,1,0.0146484375,0.005859375,0.0,132,Simplified BARK,39,0.0380859375,5.244723838954796e-101,32.0,0.03125,True,3026165301
7,10,1,0.0146484375,0.005859375,0.0,132,Simplified BARK,48,0.046875,5.244723838954796e-101,32.0,0.03125,True,3026165301
7,10,1,0.0146484375,0.005859375,0.0,132,Simplified BARK,60,0.05859375,5.244723838954796e-101,32.0,0.03125,True,3026165301
7,10,1,0.0146484375,0.005859375,0.0,132,Simplified BARK,74,0.072265625,5.244723838954796e-101,32.0,0.03125,True,3026165301
7,10,1,0.0146484375,0.005859375,0.0,132,Simplified BARK,92,0.08984375,5.244723838954796e-101,32.0,0.03125,True,3026165301
7,10,1,0.0146484375,0.005859375,0.0,132,Simplified BARK,114,0.111328125,5.244723838954796e-101,32.0,0.03125,True,3026165301
7,10,1,0.0146484375,0.005859375,0.0,132,Simplified BARK,141,0.1376953125,5.244723838954796e-101,32.0,0.03125,True,3026165301
7,10,1,0.0146484375,0.005859375,0.0,132,Simplified BARK,175,0.1708984375,5.244723838954796e-101,32.0,0.03125,True,3026165301
7,10,1,0.0146484375,0.005859375,0.0,132,Simplified BARK,217,0.2119140625,5.244723838954796e-101,32.0,0.03125,True,3026165301
7,10,1,0.0146484375,0.005859375,0.0,132,Simplified BARK,269,0.2626953125,5.244723838954796e-101,32.0,0.03125,True,3026165301
7,10,1,0.0146484375,0.005859375,0.0,132,Simplified BARK,333,0.3251953125,5.244723838954796e-101,32.0,0.03125,True,3026165301
7,10,1,0.0146484375,0.005859375,0.0,132,Simplified BARK,413,0.4033203125,5.244723838954796e-101,32.0,0.03125,True,3026165301
7,10,1,0.0146484375,0.005859375,0.0,132,Simplified BARK,512,0.5,5.244723838954796e-101,32.0,0.03125,True,3026165301
7,10,1,0.0146484375,0.005859375,0.0,132,SKQD,1,0.0009765625,0.0,10.0,0.009765625,True,3026165301
7,10,1,0.0146484375,0.005859375,0.0,132,SKQD,2,0.001953125,0.0,10.0,0.009765625,True,3026165301
7,10,1,0.0146484375,0.005859375,0.0,132,SKQD,3,0.0029296875,3.887752083052486e-101,10.0,0.009765625,True,3026165301
7,10,1,0.0146484375,0.005859375,0.0,132,SKQD,4,0.00390625,5.6434874134159706e-101,10.0,0.009765625,True,3026165301
7,10,1,0.0146484375,0.005859375,0.0,132,SKQD,5,0.0048828125,5.712134910569453e-101,10.0,0.009765625,True,3026165301
7,10,1,0.0146484375,0.005859375,0.0,132,SKQD,6,0.005859375,6.12874226263294e-101,10.0,0.009765625,True,3026165301
7,10,1,0.0146484375,0.005859375,0.0,132,SKQD,7,0.0068359375,6.12874226263294e-101,10.0,0.009765625,True,3026165301
7,10,1,0.0146484375,0.005859375,0.0,132,SKQD,9,0.0087890625,6.06278206180112e-101,10.0,0.009765625,True,3026165301
7,10,1,0.0146484375,0.005859375,0.0,132,SKQD,11,0.0107421875,5.426954354598992e-101,10.0,0.009765625,True,3026165301
7,10,1,0.0146484375,0.005859375,0.0,132,SKQD,13,0.0126953125,5.426954354598992e-101,10.0,0.009765625,True,3026165301
7,10,1,0.0146484375,0.005859375,0.0,132,SKQD,16,0.015625,5.426954354598992e-101,10.0,0.009765625,True,3026165301
7,10,1,0.0146484375,0.005859375,0.0,132,SKQD,20,0.01953125,5.426954354598992e-101,10.0,0.009765625,True,3026165301
7,10,1,0.0146484375,0.005859375,0.0,132,SKQD,25,0.0244140625,5.426954354598992e-101,10.0,0.009765625,True,3026165301
7,10,1,0.0146484375,0.005859375,0.0,132,SKQD,31,0.0302734375,5.426954354598992e-101,10.0,0.009765625,True,3026165301
7,10,1,0.0146484375,0.005859375,0.0,132,SKQD,39,0.0380859375,5.426954354598992e-101,10.0,0.009765625,True,3026165301
7,10,1,0.0146484375,0.005859375,0.0,132,SKQD,48,0.046875,5.426954354598992e-101,10.0,0.009765625,True,3026165301
7,10,1,0.0146484375,0.005859375,0.0,132,SKQD,60,0.05859375,5.426954354598992e-101,10.0,0.009765625,True,3026165301
7,10,1,0.0146484375,0.005859375,0.0,132,SKQD,74,0.072265625,5.426954354598992e-101,10.0,0.009765625,True,3026165301
7,10,1,0.0146484375,0.005859375,0.0,132,SKQD,92,0.08984375,5.426954354598992e-101,10.0,0.009765625,True,3026165301
7,10,1,0.0146484375,0.005859375,0.0,132,SKQD,114,0.111328125,5.426954354598992e-101,10.0,0.009765625,True,3026165301
7,10,1,0.0146484375,0.005859375,0.0,132,SKQD,141,0.1376953125,5.426954354598992e-101,10.0,0.009765625,True,3026165301
7,10,1,0.0146484375,0.005859375,0.0,132,SKQD,175,0.1708984375,5.426954354598992e-101,10.0,0.009765625,True,3026165301
7,10,1,0.0146484375,0.005859375,0.0,132,SKQD,217,0.2119140625,5.426954354598992e-101,10.0,0.009765625,True,3026165301
7,10,1,0.0146484375,0.005859375,0.0,132,SKQD,269,0.2626953125,5.426954354598992e-101,10.0,0.009765625,True,3026165301
7,10,1,0.0146484375,0.005859375,0.0,132,SKQD,333,0.3251953125,5.426954354598992e-101,10.0,0.009765625,True,3026165301
7,10,1,0.0146484375,0.005859375,0.0,132,SKQD,413,0.4033203125,5.426954354598992e-101,10.0,0.009765625,True,3026165301
7,10,1,0.0146484375,0.005859375,0.0,132,SKQD,512,0.5,5.426954354598992e-101,10.0,0.009765625,True,3026165301
7,10,1,0.0146484375,0.005859375,0.0,132,Ceiling,1,0.0009765625,0.780425033772211,512.0,0.5,False,3026165301
7,10,1,0.0146484375,0.005859375,0.0,132,Ceiling,2,0.001953125,0.8977680107739106,512.0,0.5,False,3026165301
7,10,1,0.0146484375,0.005859375,0.0,132,Ceiling,3,0.0029296875,0.9761635091403889,512.0,0.5,False,3026165301
7,10,1,0.0146484375,0.005859375,0.0,132,Ceiling,4,0.00390625,0.9879508823841583,512.0,0.5,False,3026165301
7,10,1,0.0146484375,0.005859375,0.0,132,Ceiling,5,0.0048828125,0.9960332319429319,512.0,0.5,False,3026165301
7,10,1,0.0146484375,0.005859375,0.0,132,Ceiling,6,0.005859375,0.997454103871547,512.0,0.5,False,3026165301
7,10,1,0.0146484375,0.005859375,0.0,132,Ceiling,7,0.0068359375,0.9986693480235839,512.0,0.5,False,3026165301
7,10,1,0.0146484375,0.005859375,0.0,132,Ceiling,9,0.0087890625,0.9996948778682705,512.0,0.5,False,3026165301
7,10,1,0.0146484375,0.005859375,0.0,132,Ceiling,11,0.0107421875,0.9999596818211828,512.0,0.5,False,3026165301
7,10,1,0.0146484375,0.005859375,0.0,132,Ceiling,13,0.0126953125,0.9999958574051757,512.0,0.5,False,3026165301
7,10,1,0.0146484375,0.005859375,0.0,132,Ceiling,16,0.015625,0.9999997703378775,512.0,0.5,False,3026165301
7,10,1,0.0146484375,0.005859375,0.0,132,Ceiling,20,0.01953125,0.9999999972328257,512.0,0.5,False,3026165301
7,10,1,0.0146484375,0.005859375,0.0,132,Ceiling,25,0.0244140625,0.9999999999299773,512.0,0.5,False,3026165301
7,10,1,0.0146484375,0.005859375,0.0,132,Ceiling,31,0.0302734375,0.9999999999999487,512.0,0.5,False,3026165301
7,10,1,0.0146484375,0.005859375,0.0,132,Ceiling,39,0.0380859375,0.9999999999999998,512.0,0.5,False,3026165301
7,10,1,0.0146484375,0.005859375,0.0,132,Ceiling,48,0.046875,0.9999999999999998,512.0,0.5,False,3026165301
7,10,1,0.0146484375,0.005859375,0.0,132,Ceiling,60,0.05859375,0.9999999999999998,512.0,0.5,False,3026165301
7,10,1,0.0146484375,0.005859375,0.0,132,Ceiling,74,0.072265625,0.9999999999999998,512.0,0.5,False,3026165301
7,10,1,0.0146484375,0.005859375,0.0,132,Ceiling,92,0.08984375,0.9999999999999998,512.0,0.5,False,3026165301
7,10,1,0.0146484375,0.005859375,0.0,132,Ceiling,114,0.111328125,0.9999999999999998,512.0,0.5,False,3026165301
7,10,1,0.0146484375,0.005859375,0.0,132,Ceiling,141,0.1376953125,0.9999999999999998,512.0,0.5,False,3026165301
7,10,1,0.0146484375,0.005859375,0.0,132,Ceiling,175,0.1708984375,0.9999999999999998,512.0,0.5,False,3026165301
7,10,1,0.0146484375,0.005859375,0.0,132,Ceiling,217,0.2119140625,0.9999999999999998,512.0,0.5,False,3026165301
7,10,1,0.0146484375,0.005859375,0.0,132,Ceiling,269,0.2626953125,0.9999999999999998,512.0,0.5,False,3026165301
7,10,1,0.0146484375,0.005859375,0.0,132,Ceiling,333,0.3251953125,0.9999999999999998,512.0,0.5,False,3026165301
7,10,1,0.0146484375,0.005859375,0.0,132,Ceiling,413,0.4033203125,0.9999999999999998,512.0,0.5,False,3026165301
7,10,1,0.0146484375,0.005859375,0.0,132,Ceiling,512,0.5,0.9999999999999998,512.0,0.5,False,3026165301
7,10,1,0.0146484375,0.005859375,0.0,131,BARK,1,0.0009765625,0.0,32.0,0.03125,True,3026165301
7,10,1,0.0146484375,0.005859375,0.0,131,BARK,2,0.001953125,1.0901981147208664e-101,32.0,0.03125,True,3026165301
7,10,1,0.0146484375,0.005859375,0.0,131,BARK,3,0.0029296875,1.1805671564666623e-101,32.0,0.03125,True,3026165301
7,10,1,0.0146484375,0.005859375,0.0,131,BARK,4,0.00390625,1.2465693259219497e-101,32.0,0.03125,True,3026165301
7,10,1,0.0146484375,0.005859375,0.0,131,BARK,5,0.0048828125,1.2471545919524053e-101,32.0,0.03125,True,3026165301
7,10,1,0.0146484375,0.005859375,0.0,131,BARK,6,0.005859375,8.82253978839098e-102,32.0,0.03125,True,3026165301
7,10,1,0.0146484375,0.005859375,0.0,131,BARK,7,0.0068359375,1.0362428911024132e-101,32.0,0.03125,True,3026165301
7,10,1,0.0146484375,0.005859375,0.0,131,BARK,9,0.0087890625,1.3598763414901807e-101,32.0,0.03125,True,3026165301
7,10,1,0.0146484375,0.005859375,0.0,131,BARK,11,0.0107421875,1.3040060930764024e-101,32.0,0.03125,True,3026165301
7,10,1,0.0146484375,0.005859375,0.0,131,BARK,13,0.0126953125,1.3843252741631542e-101,32.0,0.03125,True,3026165301
7,10,1,0.0146484375,0.005859375,0.0,131,BARK,16,0.015625,1.4867358214302685e-101,32.0,0.03125,True,3026165301
7,10,1,0.0146484375,0.005859375,0.0,131,BARK,20,0.01953125,1.3068215775645305e-101,32.0,0.03125,True,3026165301
7,10,1,0.0146484375,0.005859375,0.0,131,BARK,25,0.0244140625,8.465773535359e-102,32.0,0.03125,True,3026165301
7,10,1,0.0146484375,0.005859375,0.0,131,BARK,31,0.0302734375,6.3365169865227654e-102,32.0,0.03125,True,3026165301
7,10,1,0.0146484375,0.005859375,0.0,131,BARK,39,0.0380859375,6.267431555802918e-102,32.0,0.03125,True,3026165301
7,10,1,0.0146484375,0.005859375,0.0,131,BARK,48,0.046875,6.267431555802918e-102,32.0,0.03125,True,3026165301
7,10,1,0.0146484375,0.005859375,0.0,131,BARK,60,0.05859375,6.267431555802918e-102,32.0,0.03125,True,3026165301
7,10,1,0.0146484375,0.005859375,0.0,131,BARK,74,0.072265625,6.267431555802918e-102,32.0,0.03125,True,3026165301
7,10,1,0.0146484375,0.005859375,0.0,131,BARK,92,0.08984375,6.267431555802918e-102,32.0,0.03125,True,3026165301
7,10,1,0.0146484375,0.005859375,0.0,131,BARK,114,0.111328125,6.267431555802918e-102,32.0,0.03125,True,3026165301
7,10,1,0.0146484375,0.005859375,0.0,131,BARK,141,0.1376953125,6.267431555802918e-102,32.0,0.03125,True,3026165301
7,10,1,0.0146484375,0.005859375,0.0,131,BARK,175,0.1708984375,6.267431555802918e-102,32.0,0.03125,True,3026165301
7,10,1,0.0146484375,0.005859375,0.0,131,BARK,217,0.2119140625,6.267431555802918e-102,32.0,0.03125,True,3026165301
7,10,1,0.0146484375,0.005859375,0.0,131,BARK,269,0.2626953125,6.267431555802918e-102,32.0,0.03125,True,3026165301
7,10,1,0.0146484375,0.005859375,0.0,131,BARK,333,0.3251953125,6.267431555802918e-102,32.0,0.03125,True,3026165301
7,10,1,0.0146484375,0.005859375,0.0,131,BARK,413,0.4033203125,6.267431555802918e-102,32.0,0.03125,True,3026165301
7,10,1,0.0146484375,0.005859375,0.0,131,BARK,512,0.5,6.267431555802918e-102,32.0,0.03125,True,3026165301
7,10,1,0.0146484375,0.005859375,0.0,131,Simplified BARK,1,0.0009765625,0.0,32.0,0.03125,True,3026165301
7,10,1,0.0146484375,0.005859375,0.0,131,Simplified BARK,2,0.001953125,1.0901981147208664e-101,32.0,0.03125,True,3026165301
7,10,1,0.0146484375,0.005859375,0.0,131,Simplified BARK,3,0.0029296875,1.1947291874481824e-101,32.0,0.03125,True,3026165301
7,10,1,0.0146484375,0.005859375,0.0,131,Simplified BARK,4,0.00390625,1.3690505265446399e-101,32.0,0.03125,True,3026165301
7,10,1,0.0146484375,0.005859375,0.0,131,Simplified BARK,5,0.0048828125,1.552139345215202e-101,32.0,0.03125,True,3026165301
7,10,1,0.0146484375,0.005859375,0.0,131,Simplified BARK,6,0.005859375,1.682755115848625e-101,32.0,0.03125,True,3026165301
7,10,1,0.0146484375,0.005859375,0.0,131,Simplified BARK,7,0.0068359375,1.7065401833847715e-101,32.0,0.03125,True,3026165301
7,10,1,0.0146484375,0.005859375,0.0,131,Simplified BARK,9,0.0087890625,1.773165630443573e-101,32.0,0.03125,True,3026165301
7,10,1,0.0146484375,0.005859375,0.0,131,Simplified BARK,11,0.0107421875,2.0753417777008678e-101,32.0,0.03125,True,3026165301
7,10,1,0.0146484375,0.005859375,0.0,131,Simplified BARK,13,0.0126953125,2.0295728259678994e-101,32.0,0.03125,True,3026165301
7,10,1,0.0146484375,0.005859375,0.0,131,Simplified BARK,16,0.015625,1.4867358214302675e-101,32.0,0.03125,True,3026165301
7,10,1,0.0146484375,0.005859375,0.0,131,Simplified BARK,20,0.01953125,1.66909588663276e-101,32.0,0.03125,True,3026165301
7,10,1,0.0146484375,0.005859375,0.0,131,Simplified BARK,25,0.0244140625,1.5861060608728116e-101,32.0,0.03125,True,3026165301
7,10,1,0.0146484375,0.005859375,0.0,131,Simplified BARK,31,0.0302734375,7.265438188521956e-102,32.0,0.03125,True,3026165301
7,10,1,0.0146484375,0.005859375,0.0,131,Simplified BARK,39,0.0380859375,6.2674315558029135e-102,32.0,0.03125,True,3026165301
7,10,1,0.0146484375,0.005859375,0.0,131,Simplified BARK,48,0.046875,6.2674315558029135e-102,32.0,0.03125,True,3026165301
7,10,1,0.0146484375,0.005859375,0.0,131,Simplified BARK,60,0.05859375,6.2674315558029135e-102,32.0,0.03125,True,3026165301
7,10,1,0.0146484375,0.005859375,0.0,131,Simplified BARK,74,0.072265625,6.2674315558029135e-102,32.0,0.03125,True,3026165301
7,10,1,0.0146484375,0.005859375,0.0,131,Simplified BARK,92,0.08984375,6.2674315558029135e-102,32.0,0.03125,True,3026165301
7,10,1,0.0146484375,0.005859375,0.0,131,Simplified BARK,114,0.111328125,6.2674315558029135e-102,32.0,0.03125,True,3026165301
7,10,1,0.0146484375,0.005859375,0.0,131,Simplified BARK,141,0.1376953125,6.2674315558029135e-102,32.0,0.03125,True,3026165301
7,10,1,0.0146484375,0.005859375,0.0,131,Simplified BARK,175,0.1708984375,6.2674315558029135e-102,32.0,0.03125,True,3026165301
7,10,1,0.0146484375,0.005859375,0.0,131,Simplified BARK,217,0.2119140625,6.2674315558029135e-102,32.0,0.03125,True,3026165301
7,10,1,0.0146484375,0.005859375,0.0,131,Simplified BARK,269,0.2626953125,6.2674315558029135e-102,32.0,0.03125,True,3026165301
7,10,1,0.0146484375,0.005859375,0.0,131,Simplified BARK,333,0.3251953125,6.2674315558029135e-102,32.0,0.03125,True,3026165301
7,10,1,0.0146484375,0.005859375,0.0,131,Simplified BARK,413,0.4033203125,6.2674315558029135e-102,32.0,0.03125,True,3026165301
7,10,1,0.0146484375,0.005859375,0.0,131,Simplified BARK,512,0.5,6.2674315558029135e-102,32.0,0.03125,True,3026165301
7,10,1,0.0146484375,0.005859375,0.0,131,SKQD,1,0.0009765625,0.0,8.666666666666666,0.008463541666666666,True,3026165301
7,10,1,0.0146484375,0.005859375,0.0,131,SKQD,2,0.001953125,0.0,8.666666666666666,0.008463541666666666,True,3026165301
7,10,1,0.0146484375,0.005859375,0.0,131,SKQD,3,0.0029296875,3.982430624827276e-102,8.666666666666666,0.008463541666666666,True,3026165301
7,10,1,0.0146484375,0.005859375,0.0,131,SKQD,4,0.00390625,4.64599282457946e-102,8.666666666666666,0.008463541666666666,True,3026165301
7,10,1,0.0146484375,0.005859375,0.0,131,SKQD,5,0.0048828125,4.64599282457946e-102,8.666666666666666,0.008463541666666666,True,3026165301
7,10,1,0.0146484375,0.005859375,0.0,131,SKQD,6,0.005859375,5.5615417364520635e-102,8.666666666666666,0.008463541666666666,True,3026165301
7,10,1,0.0146484375,0.005859375,0.0,131,SKQD,7,0.0068359375,5.5615417364520635e-102,8.666666666666666,0.008463541666666666,True,3026165301
7,10,1,0.0146484375,0.005859375,0.0,131,SKQD,9,0.0087890625,6.402314856092963e-102,8.666666666666666,0.008463541666666666,True,3026165301
7,10,1,0.0146484375,0.005859375,0.0,131,SKQD,11,0.0107421875,6.857334486148347e-102,8.666666666666666,0.008463541666666666,True,3026165301
7,10,1,0.0146484375,0.005859375,0.0,131,SKQD,13,0.0126953125,6.406790804211422e-102,8.666666666666666,0.008463541666666666,True,3026165301
7,10,1,0.0146484375,0.005859375,0.0,131,SKQD,16,0.015625,5.816635343787771e-102,8.666666666666666,0.008463541666666666,True,3026165301
7,10,1,0.0146484375,0.005859375,0.0,131,SKQD,20,0.01953125,5.717854385371558e-102,8.666666666666666,0.008463541666666666,True,3026165301
7,10,1,0.0146484375,0.005859375,0.0,131,SKQD,25,0.0244140625,4.6705569891175445e-102,8.666666666666666,0.008463541666666666,True,3026165301
7,10,1,0.0146484375,0.005859375,0.0,131,SKQD,31,0.0302734375,4.6705569891175445e-102,8.666666666666666,0.008463541666666666,True,3026165301
7,10,1,0.0146484375,0.005859375,0.0,131,SKQD,39,0.0380859375,4.6705569891175445e-102,8.666666666666666,0.008463541666666666,True,3026165301
7,10,1,0.0146484375,0.005859375,0.0,131,SKQD,48,0.046875,4.6705569891175445e-102,8.666666666666666,0.008463541666666666,True,3026165301
7,10,1,0.0146484375,0.005859375,0.0,131,SKQD,60,0.05859375,4.6705569891175445e-102,8.666666666666666,0.008463541666666666,True,3026165301
7,10,1,0.0146484375,0.005859375,0.0,131,SKQD,74,0.072265625,4.6705569891175445e-102,8.666666666666666,0.008463541666666666,True,3026165301
7,10,1,0.0146484375,0.005859375,0.0,131,SKQD,92,0.08984375,4.6705569891175445e-102,8.666666666666666,0.008463541666666666,True,3026165301
7,10,1,0.0146484375,0.005859375,0.0,131,SKQD,114,0.111328125,4.6705569891175445e-102,8.666666666666666,0.008463541666666666,True,3026165301
7,10,1,0.0146484375,0.005859375,0.0,131,SKQD,141,0.1376953125,4.6705569891175445e-102,8.666666666666666,0.008463541666666666,True,3026165301
7,10,1,0.0146484375,0.005859375,0.0,131,SKQD,175,0.1708984375,4.6705569891175445e-102,8.666666666666666,0.008463541666666666,True,3026165301
7,10,1,0.0146484375,0.005859375,0.0,131,SKQD,217,0.2119140625,4.6705569891175445e-102,8.666666666666666,0.008463541666666666,True,3026165301
7,10,1,0.0146484375,0.005859375,0.0,131,SKQD,269,0.2626953125,4.6705569891175445e-102,8.666666666666666,0.008463541666666666,True,3026165301
7,10,1,0.0146484375,0.005859375,0.0,131,SKQD,333,0.3251953125,4.6705569891175445e-102,8.666666666666666,0.008463541666666666,True,3026165301
7,10,1,0.0146484375,0.005859375,0.0,131,SKQD,413,0.4033203125,4.6705569891175445e-102,8.666666666666666,0.008463541666666666,True,3026165301
7,10,1,0.0146484375,0.005859375,0.0,131,SKQD,512,0.5,4.6705569891175445e-102,8.666666666666666,0.008463541666666666,True,3026165301
7,10,1,0.0146484375,0.005859375,0.0,131,Ceiling,1,0.0009765625,0.780425033772211,512.0,0.5,False,3026165301
7,10,1,0.0146484375,0.005859375,0.0,131,Ceiling,2,0.001953125,0.8977680107739106,512.0,0.5,False,3026165301
7,10,1,0.0146484375,0.005859375,0.0,131,Ceiling,3,0.0029296875,0.9761635091403889,512.0,0.5,False,3026165301
7,10,1,0.0146484375,0.005859375,0.0,131,Ceiling,4,0.00390625,0.9879508823841583,512.0,0.5,False,3026165301
7,10,1,0.0146484375,0.005859375,0.0,131,Ceiling,5,0.0048828125,0.9960332319429319,512.0,0.5,False,3026165301
7,10,1,0.0146484375,0.005859375,0.0,131,Ceiling,6,0.005859375,0.997454103871547,512.0,0.5,False,3026165301
7,10,1,0.0146484375,0.005859375,0.0,131,Ceiling,7,0.0068359375,0.9986693480235839,512.0,0.5,False,3026165301
7,10,1,0.0146484375,0.005859375,0.0,131,Ceiling,9,0.0087890625,0.9996948778682705,512.0,0.5,False,3026165301
7,10,1,0.0146484375,0.005859375,0.0,131,Ceiling,11,0.0107421875,0.9999596818211828,512.0,0.5,False,3026165301
7,10,1,0.0146484375,0.005859375,0.0,131,Ceiling,13,0.0126953125,0.9999958574051757,512.0,0.5,False,3026165301
7,10,1,0.0146484375,0.005859375,0.0,131,Ceiling,16,0.015625,0.9999997703378775,512.0,0.5,False,3026165301
7,10,1,0.0146484375,0.005859375,0.0,131,Ceiling,20,0.01953125,0.9999999972328257,512.0,0.5,False,3026165301
7,10,1,0.0146484375,0.005859375,0.0,131,Ceiling,25,0.0244140625,0.9999999999299773,512.0,0.5,False,3026165301
7,10,1,0.0146484375,0.005859375,0.0,131,Ceiling,31,0.0302734375,0.9999999999999487,512.0,0.5,False,3026165301
7,10,1,0.0146484375,0.005859375,0.0,131,Ceiling,39,0.0380859375,0.9999999999999998,512.0,0.5,False,3026165301
7,10,1,0.0146484375,0.005859375,0.0,131,Ceiling,48,0.046875,0.9999999999999998,512.0,0.5,False,3026165301
7,10,1,0.0146484375,0.005859375,0.0,131,Ceiling,60,0.05859375,0.9999999999999998,512.0,0.5,False,3026165301
7,10,1,0.0146484375,0.005859375,0.0,131,Ceiling,74,0.072265625,0.9999999999999998,512.0,0.5,False,3026165301
7,10,1,0.0146484375,0.005859375,0.0,131,Ceiling,92,0.08984375,0.9999999999999998,512.0,0.5,False,3026165301
7,10,1,0.0146484375,0.005859375,0.0,131,Ceiling,114,0.111328125,0.9999999999999998,512.0,0.5,False,3026165301
7,10,1,0.0146484375,0.005859375,0.0,131,Ceiling,141,0.1376953125,0.9999999999999998,512.0,0.5,False,3026165301
7,10,1,0.0146484375,0.005859375,0.0,131,Ceiling,175,0.1708984375,0.9999999999999998,512.0,0.5,False,3026165301
7,10,1,0.0146484375,0.005859375,0.0,131,Ceiling,217,0.2119140625,0.9999999999999998,512.0,0.5,False,3026165301
7,10,1,0.0146484375,0.005859375,0.0,131,Ceiling,269,0.2626953125,0.9999999999999998,512.0,0.5,False,3026165301
7,10,1,0.0146484375,0.005859375,0.0,131,Ceiling,333,0.3251953125,0.9999999999999998,512.0,0.5,False,3026165301
7,10,1,0.0146484375,0.005859375,0.0,131,Ceiling,413,0.4033203125,0.9999999999999998,512.0,0.5,False,3026165301
7,10,1,0.0146484375,0.005859375,0.0,131,Ceiling,512,0.5,0.9999999999999998,512.0,0.5,False,3026165301
7,10,2,0.158203125,0.0107421875,0.09646918809962757,473,BARK,1,0.0009765625,0.09646918809962757,256.0,0.25,True,2944241545
7,10,2,0.158203125,0.0107421875,0.09646918809962757,473,BARK,2,0.001953125,0.5323803664043392,256.0,0.25,True,2944241545
7,10,2,0.158203125,0.0107421875,0.09646918809962757,473,BARK,3,0.0029296875,0.711310977006458,256.0,0.25,True,2944241545
7,10,2,0.158203125,0.0107421875,0.09646918809962757,473,BARK,4,0.00390625,0.7603794868700693,256.0,0.25,True,2944241545
7,10,2,0.158203125,0.0107421875,0.09646918809962757,473,BARK,5,0.0048828125,0.7636786153080081,256.0,0.25,True,2944241545
7,10,2,0.158203125,0.0107421875,0.09646918809962757,473,BARK,6,0.005859375,0.7761832665868307,256.0,0.25,True,2944241545
7,10,2,0.158203125,0.0107421875,0.09646918809962757,473,BARK,7,0.0068359375,0.8134398774777855,256.0,0.25,True,2944241545
7,10,2,0.158203125,0.0107421875,0.09646918809962757,473,BARK,9,0.0087890625,0.8228727449501444,256.0,0.25,True,2944241545
7,10,2,0.158203125,0.0107421875,0.09646918809962757,473,BARK,11,0.0107421875,0.8392301560466571,256.0,0.25,True,2944241545
7,10,2,0.158203125,0.0107421875,0.09646918809962757,473,BARK,13,0.0126953125,0.8503065138148667,256.0,0.25,True,2944241545
7,10,2,0.158203125,0.0107421875,0.09646918809962757,473,BARK,16,0.015625,0.8607936384970937,256.0,0.25,True,2944241545
7,10,2,0.158203125,0.0107421875,0.09646918809962757,473,BARK,20,0.01953125,0.8639648143009487,256.0,0.25,True,2944241545
7,10,2,0.158203125,0.0107421875,0.09646918809962757,473,BARK,25,0.0244140625,0.8649934972357141,256.0,0.25,True,2944241545
7,10,2,0.158203125,0.0107421875,0.09646918809962757,473,BARK,31,0.0302734375,0.8661283368462789,256.0,0.25,True,2944241545
7,10,2,0.158203125,0.0107421875,0.09646918809962757,473,BARK,39,0.0380859375,0.8967904115854298,256.0,0.25,True,2944241545
7,10,2,0.158203125,0.0107421875,0.09646918809962757,473,BARK,48,0.046875,0.8975583783542053,256.0,0.25,True,2944241545
7,10,2,0.158203125,0.0107421875,0.09646918809962757,473,BARK,60,0.05859375,0.9708181993965317,256.0,0.25,True,2944241545
7,10,2,0.158203125,0.0107421875,0.09646918809962757,473,BARK,74,0.072265625,0.9932916802536105,256.0,0.25,True,2944241545
7,10,2,0.158203125,0.0107421875,0.09646918809962757,473,BARK,92,0.08984375,0.9947564093506435,256.0,0.25,True,2944241545
7,10,2,0.158203125,0.0107421875,0.09646918809962757,473,BARK,114,0.111328125,0.9991112227580966,256.0,0.25,True,2944241545
7,10,2,0.158203125,0.0107421875,0.09646918809962757,473,BARK,141,0.1376953125,0.9997215034322241,256.0,0.25,True,2944241545
7,10,2,0.158203125,0.0107421875,0.09646918809962757,473,BARK,175,0.1708984375,0.9999431547962131,256.0,0.25,True,2944241545
7,10,2,0.158203125,0.0107421875,0.09646918809962757,473,BARK,217,0.2119140625,0.9999993151185333,256.0,0.25,True,2944241545
7,10,2,0.158203125,0.0107421875,0.09646918809962757,473,BARK,269,0.2626953125,0.9999999999999996,256.0,0.25,True,2944241545
7,10,2,0.158203125,0.0107421875,0.09646918809962757,473,BARK,333,0.3251953125,0.9999999999999996,256.0,0.25,True,2944241545
7,10,2,0.158203125,0.0107421875,0.09646918809962757,473,BARK,413,0.4033203125,0.9999999999999996,256.0,0.25,True,2944241545
7,10,2,0.158203125,0.0107421875,0.09646918809962757,473,BARK,512,0.5,0.9999999999999996,256.0,0.25,True,2944241545
7,10,2,0.158203125,0.0107421875,0.09646918809962757,473,Simplified BARK,1,0.0009765625,0.09646918809962757,256.0,0.25,True,2944241545
7,10,2,0.158203125,0.0107421875,0.09646918809962757,473,Simplified BARK,2,0.001953125,0.10441029887190695,256.0,0.25,True,2944241545
7,10,2,0.158203125,0.0107421875,0.09646918809962757,473,Simplified BARK,3,0.0029296875,0.10993630128002342,256.0,0.25,True,2944241545
7,10,2,0.158203125,0.0107421875,0.09646918809962757,473,Simplified BARK,4,0.00390625,0.11014596839768016,256.0,0.25,True,2944241545
7,10,2,0.158203125,0.0107421875,0.09646918809962757,473,Simplified BARK,5,0.0048828125,0.11332729477420828,256.0,0.25,True,2944241545
7,10,2,0.158203125,0.0107421875,0.09646918809962757,473,Simplified BARK,6,0.005859375,0.1135122126646753,256.0,0.25,True,2944241545
7,10,2,0.158203125,0.0107421875,0.09646918809962757,473,Simplified BARK,7,0.0068359375,0.11351700969071639,256.0,0.25,True,2944241545
7,10,2,0.158203125,0.0107421875,0.09646918809962757,473,Simplified BARK,9,0.0087890625,0.11384913522582953,256.0,0.25,True,2944241545
7,10,2,0.158203125,0.0107421875,0.09646918809962757,473,Simplified BARK,11,0.0107421875,0.11753072257075317,256.0,0.25,True,2944241545
7,10,2,0.158203125,0.0107421875,0.09646918809962757,473,Simplified BARK,13,0.0126953125,0.6027331453389354,256.0,0.25,True,2944241545
7,10,2,0.158203125,0.0107421875,0.09646918809962757,473,Simplified BARK,16,0.015625,0.629521183631352,256.0,0.25,True,2944241545
7,10,2,0.158203125,0.0107421875,0.09646918809962757,473,Simplified BARK,20,0.01953125,0.6310517622846639,256.0,0.25,True,2944241545
7,10,2,0.158203125,0.0107421875,0.09646918809962757,473,Simplified BARK,25,0.0244140625,0.6637339799221617,256.0,0.25,True,2944241545
7,10,2,0.158203125,0.0107421875,0.09646918809962757,473,Simplified BARK,31,0.0302734375,0.671424451241502,256.0,0.25,True,2944241545
7,10,2,0.158203125,0.0107421875,0.09646918809962757,473,Simplified BARK,39,0.0380859375,0.919852096592937,256.0,0.25,True,2944241545
7,10,2,0.158203125,0.0107421875,0.09646918809962757,473,Simplified BARK,48,0.046875,0.9182696590759468,256.0,0.25,True,2944241545
7,10,2,0.158203125,0.0107421875,0.09646918809962757,473,Simplified BARK,60,0.05859375,0.920535079487842,256.0,0.25,True,2944241545
7,10,2,0.158203125,0.0107421875,0.09646918809962757,473,Simplified BARK,74,0.072265625,0.9235408406921486,256.0,0.25,True,2944241545
7,10,2,0.158203125,0.0107421875,0.09646918809962757,473,Simplified BARK,92,0.08984375,0.941706614835205,256.0,0.25,True,2944241545
7,10,2,0.158203125,0.0107421875,0.09646918809962757,473,Simplified BARK,114,0.111328125,0.945800314039886,256.0,0.25,True,2944241545
7,10,2,0.158203125,0.0107421875,0.09646918809962757,473,Simplified BARK,141,0.1376953125,0.9459743258097417,256.0,0.25,True,2944241545
7,10,2,0.158203125,0.0107421875,0.09646918809962757,473,Simplified BARK,175,0.1708984375,0.9526643479332623,256.0,0.25,True,2944241545
7,10,2,0.158203125,0.0107421875,0.09646918809962757,473,Simplified BARK,217,0.2119140625,0.9993022175347406,256.0,0.25,True,2944241545
7,10,2,0.158203125,0.0107421875,0.09646918809962757,473,Simplified BARK,269,0.2626953125,1.0,256.0,0.25,True,2944241545
7,10,2,0.158203125,0.0107421875,0.09646918809962757,473,Simplified BARK,333,0.3251953125,1.0,256.0,0.25,True,2944241545
7,10,2,0.158203125,0.0107421875,0.09646918809962757,473,Simplified BARK,413,0.4033203125,1.0,256.0,0.25,True,2944241545
7,10,2,0.158203125,0.0107421875,0.09646918809962757,473,Simplified BARK,512,0.5,1.0,256.0,0.25,True,2944241545
7,10,2,0.158203125,0.0107421875,0.09646918809962757,473,SKQD,1,0.0009765625,0.09646918809962757,110.66666666666667,0.10807291666666667,True,2944241545
7,10,2,0.158203125,0.0107421875,0.09646918809962757,473,SKQD,2,0.001953125,0.09646918809962757,110.66666666666667,0.10807291666666667,True,2944241545
7,10,2,0.158203125,0.0107421875,0.09646918809962757,473,SKQD,3,0.0029296875,0.11109976436651875,110.66666666666667,0.10807291666666667,True,2944241545
7,10,2,0.158203125,0.0107421875,0.09646918809962757,473,SKQD,4,0.00390625,0.12703947387465528,110.66666666666667,0.10807291666666667,True,2944241545
7,10,2,0.158203125,0.0107421875,0.09646918809962757,473,SKQD,5,0.0048828125,0.12703947387465528,110.66666666666667,0.10807291666666667,True,2944241545
7,10,2,0.158203125,0.0107421875,0.09646918809962757,473,SKQD,6,0.005859375,0.12703947387465528,110.66666666666667,0.10807291666666667,True,2944241545
7,10,2,0.158203125,0.0107421875,0.09646918809962757,473,SKQD,7,0.0068359375,0.2753624331994347,110.66666666666667,0.10807291666666667,True,2944241545
7,10,2,0.158203125,0.0107421875,0.09646918809962757,473,SKQD,9,0.0087890625,0.4195005080492074,110.66666666666667,0.10807291666666667,True,2944241545
7,10,2,0.158203125,0.0107421875,0.09646918809962757,473,SKQD,11,0.0107421875,0.5596556128641369,110.66666666666667,0.10807291666666667,True,2944241545
7,10,2,0.158203125,0.0107421875,0.09646918809962757,473,SKQD,13,0.0126953125,0.5587518890815117,110.66666666666667,0.10807291666666667,True,2944241545
7,10,2,0.158203125,0.0107421875,0.09646918809962757,473,SKQD,16,0.015625,0.5587518890815117,110.66666666666667,0.10807291666666667,True,2944241545
7,10,2,0.158203125,0.0107421875,0.09646918809962757,473,SKQD,20,0.01953125,0.6092664052285605,110.66666666666667,0.10807291666666667,True,2944241545
7,10,2,0.158203125,0.0107421875,0.09646918809962757,473,SKQD,25,0.0244140625,0.6092664052285605,110.66666666666667,0.10807291666666667,True,2944241545
7,10,2,0.158203125,0.0107421875,0.09646918809962757,473,SKQD,31,0.0302734375,0.6236379050767114,110.66666666666667,0.10807291666666667,True,2944241545
7,10,2,0.158203125,0.0107421875,0.09646918809962757,473,SKQD,39,0.0380859375,0.7770856944838265,110.66666666666667,0.10807291666666667,True,2944241545
7,10,2,0.158203125,0.0107421875,0.09646918809962757,473,SKQD,48,0.046875,0.7925288838805994,110.66666666666667,0.10807291666666667,True,2944241545
7,10,2,0.158203125,0.0107421875,0.09646918809962757,473,SKQD,60,0.05859375,0.7960863669285413,110.66666666666667,0.10807291666666667,True,2944241545
7,10,2,0.158203125,0.0107421875,0.09646918809962757,473,SKQD,74,0.072265625,0.8141085526822964,110.66666666666667,0.10807291666666667,True,2944241545
7,10,2,0.158203125,0.0107421875,0.09646918809962757,473,SKQD,92,0.08984375,0.8365021959933193,110.66666666666667,0.10807291666666667,True,2944241545
7,10,2,0.158203125,0.0107421875,0.09646918809962757,473,SKQD,114,0.111328125,0.8451809247546885,110.66666666666667,0.10807291666666667,True,2944241545
7,10,2,0.158203125,0.0107421875,0.09646918809962757,473,SKQD,141,0.1376953125,0.8512288392505013,110.66666666666667,0.10807291666666667,True,2944241545
7,10,2,0.158203125,0.0107421875,0.09646918809962757,473,SKQD,175,0.1708984375,0.8524223145228187,110.66666666666667,0.10807291666666667,True,2944241545
7,10,2,0.158203125,0.0107421875,0.09646918809962757,473,SKQD,217,0.2119140625,0.8524223145228187,110.66666666666667,0.10807291666666667,True,2944241545
7,10,2,0.158203125,0.0107421875,0.09646918809962757,473,SKQD,269,0.2626953125,0.8524223145228187,110.66666666666667,0.10807291666666667,True,2944241545
7,10,2,0.158203125,0.0107421875,0.09646918809962757,473,SKQD,333,0.3251953125,0.8524223145228187,110.66666666666667,0.10807291666666667,True,2944241545
7,10,2,0.158203125,0.0107421875,0.09646918809962757,473,SKQD,413,0.4033203125,0.8524223145228187,110.66666666666667,0.10807291666666667,True,2944241545
7,10,2,0.158203125,0.0107421875,0.09646918809962757,473,SKQD,512,0.5,0.8524223145228187,110.66666666666667,0.10807291666666667,True,2944241545
7,10,2,0.158203125,0.0107421875,0.09646918809962757,473,Ceiling,1,0.0009765625,0.43594380234372293,512.0,0.5,False,2944241545
7,10,2,0.158203125,0.0107421875,0.09646918809962757,473,Ceiling,2,0.001953125,0.6230297309952197,512.0,0.5,False,2944241545
7,10,2,0.158203125,0.0107421875,0.09646918809962757,473,Ceiling,3,0.0029296875,0.7194989190948473,512.0,0.5,False,2944241545
7,10,2,0.158203125,0.0107421875,0.09646918809962757,473,Ceiling,4,0.00390625,0.7608988140924247,512.0,0.5,False,2944241545
7,10,2,0.158203125,0.0107421875,0.09646918809962757,473,Ceiling,5,0.0048828125,0.7970172510215416,512.0,0.5,False,2944241545
7,10,2,0.158203125,0.0107421875,0.09646918809962757,473,Ceiling,6,0.005859375,0.8223886708878931,512.0,0.5,False,2944241545
7,10,2,0.158203125,0.0107421875,0.09646918809962757,473,Ceiling,7,0.0068359375,0.8471599322259059,512.0,0.5,False,2944241545
7,10,2,0.158203125,0.0107421875,0.09646918809962757,473,Ceiling,9,0.0087890625,0.8822406533392113,512.0,0.5,False,2944241545
7,10,2,0.158203125,0.0107421875,0.09646918809962757,473,Ceiling,11,0.0107421875,0.9085354812292762,512.0,0.5,False,2944241545
7,10,2,0.158203125,0.0107421875,0.09646918809962757,473,Ceiling,13,0.0126953125,0.9258771543790271,512.0,0.5,False,2944241545
7,10,2,0.158203125,0.0107421875,0.09646918809962757,473,Ceiling,16,0.015625,0.9441671856581736,512.0,0.5,False,2944241545
7,10,2,0.158203125,0.0107421875,0.09646918809962757,473,Ceiling,20,0.01953125,0.9625610156125303,512.0,0.5,False,2944241545
7,10,2,0.158203125,0.0107421875,0.09646918809962757,473,Ceiling,25,0.0244140625,0.9754294752053946,512.0,0.5,False,2944241545
7,10,2,0.158203125,0.0107421875,0.09646918809962757,473,Ceiling,31,0.0302734375,0.9839679127751176,512.0,0.5,False,2944241545
7,10,2,0.158203125,0.0107421875,0.09646918809962757,473,Ceiling,39,0.0380859375,0.9903219444262908,512.0,0.5,False,2944241545
7,10,2,0.158203125,0.0107421875,0.09646918809962757,473,Ceiling,48,0.046875,0.9938714295600726,512.0,0.5,False,2944241545
7,10,2,0.158203125,0.0107421875,0.09646918809962757,473,Ceiling,60,0.05859375,0.9965304805472841,512.0,0.5,False,2944241545
7,10,2,0.158203125,0.0107421875,0.09646918809962757,473,Ceiling,74,0.072265625,0.9983832152753981,512.0,0.5,False,2944241545
7,10,2,0.158203125,0.0107421875,0.09646918809962757,473,Ceiling,92,0.08984375,0.999347648180144,512.0,0.5,False,2944241545
7,10,2,0.158203125,0.0107421875,0.09646918809962757,473,Ceiling,114,0.111328125,0.9997850403062586,512.0,0.5,False,2944241545
7,10,2,0.158203125,0.0107421875,0.09646918809962757,473,Ceiling,141,0.1376953125,0.999947072184513,512.0,0.5,False,2944241545
7,10,2,0.158203125,0.0107421875,0.09646918809962757,473,Ceiling,175,0.1708984375,0.9999941694793155,512.0,0.5,False,2944241545
7,10,2,0.158203125,0.0107421875,0.09646918809962757,473,Ceiling,217,0.2119140625,0.999999944198836,512.0,0.5,False,2944241545
7,10,2,0.158203125,0.0107421875,0.09646918809962757,473,Ceiling,269,0.2626953125,1.0000000000000009,512.0,0.5,False,2944241545
7,10,2,0.158203125,0.0107421875,0.09646918809962757,473,Ceiling,333,0.3251953125,1.0000000000000009,512.0,0.5,False,2944241545
7,10,2,0.158203125,0.0107421875,0.09646918809962757,473,Ceiling,413,0.4033203125,1.0000000000000009,512.0,0.5,False,2944241545
7,10,2,0.158203125,0.0107421875,0.09646918809962757,473,Ceiling,512,0.5,1.0000000000000009,512.0,0.5,False,2944241545
7,10,2,0.158203125,0.0107421875,0.1870859286514968,332,BARK,1,0.0009765625,0.1870859286514968,256.0,0.25,True,2944241545
7,10,2,0.158203125,0.0107421875,0.1870859286514968,332,BARK,2,0.001953125,0.622642654854308,256.0,0.25,True,2944241545
7,10,2,0.158203125,0.0107421875,0.1870859286514968,332,BARK,3,0.0029296875,0.6513513923622667,256.0,0.25,True,2944241545
7,10,2,0.158203125,0.0107421875,0.1870859286514968,332,BARK,4,0.00390625,0.673675823812401,256.0,0.25,True,2944241545
7,10,2,0.158203125,0.0107421875,0.1870859286514968,332,BARK,5,0.0048828125,0.6747101108383491,256.0,0.25,True,2944241545
7,10,2,0.158203125,0.0107421875,0.1870859286514968,332,BARK,6,0.005859375,0.68971583201616,256.0,0.25,True,2944241545
7,10,2,0.158203125,0.0107421875,0.1870859286514968,332,BARK,7,0.0068359375,0.6912593466667311,256.0,0.25,True,2944241545
7,10,2,0.158203125,0.0107421875,0.1870859286514968,332,BARK,9,0.0087890625,0.8280592949871294,256.0,0.25,True,2944241545
7,10,2,0.158203125,0.0107421875,0.1870859286514968,332,BARK,11,0.0107421875,0.8431741635360562,256.0,0.25,True,2944241545
7,10,2,0.158203125,0.0107421875,0.1870859286514968,332,BARK,13,0.0126953125,0.8420447479106669,256.0,0.25,True,2944241545
7,10,2,0.158203125,0.0107421875,0.1870859286514968,332,BARK,16,0.015625,0.880831025625124,256.0,0.25,True,2944241545
7,10,2,0.158203125,0.0107421875,0.1870859286514968,332,BARK,20,0.01953125,0.8865633937406622,256.0,0.25,True,2944241545
7,10,2,0.158203125,0.0107421875,0.1870859286514968,332,BARK,25,0.0244140625,0.9301334549485828,256.0,0.25,True,2944241545
7,10,2,0.158203125,0.0107421875,0.1870859286514968,332,BARK,31,0.0302734375,0.9449937502613373,256.0,0.25,True,2944241545
7,10,2,0.158203125,0.0107421875,0.1870859286514968,332,BARK,39,0.0380859375,0.948825632774918,256.0,0.25,True,2944241545
7,10,2,0.158203125,0.0107421875,0.1870859286514968,332,BARK,48,0.046875,0.949413447500214,256.0,0.25,True,2944241545
7,10,2,0.158203125,0.0107421875,0.1870859286514968,332,BARK,60,0.05859375,0.9878743143017508,256.0,0.25,True,2944241545
7,10,2,0.158203125,0.0107421875,0.1870859286514968,332,BARK,74,0.072265625,0.993632775751156,256.0,0.25,True,2944241545
7,10,2,0.158203125,0.0107421875,0.1870859286514968,332,BARK,92,0.08984375,0.9969585499237911,256.0,0.25,True,2944241545
7,10,2,0.158203125,0.0107421875,0.1870859286514968,332,BARK,114,0.111328125,0.9984627050143932,256.0,0.25,True,2944241545
7,10,2,0.158203125,0.0107421875,0.1870859286514968,332,BARK,141,0.1376953125,0.9986307646994551,256.0,0.25,True,2944241545
7,10,2,0.158203125,0.0107421875,0.1870859286514968,332,BARK,175,0.1708984375,0.9999436011204684,256.0,0.25,True,2944241545
7,10,2,0.158203125,0.0107421875,0.1870859286514968,332,BARK,217,0.2119140625,0.9999986977255008,256.0,0.25,True,2944241545
7,10,2,0.158203125,0.0107421875,0.1870859286514968,332,BARK,269,0.2626953125,0.9999999999999998,256.0,0.25,True,2944241545
7,10,2,0.158203125,0.0107421875,0.1870859286514968,332,BARK,333,0.3251953125,0.9999999999999998,256.0,0.25,True,2944241545
7,10,2,0.158203125,0.0107421875,0.1870859286514968,332,BARK,413,0.4033203125,0.9999999999999998,256.0,0.25,True,2944241545
7,10,2,0.158203125,0.0107421875,0.1870859286514968,332,BARK,512,0.5,0.9999999999999998,256.0,0.25,True,2944241545
7,10,2,0.158203125,0.0107421875,0.1870859286514968,332,Simplified BARK,1,0.0009765625,0.1870859286514968,256.0,0.25,True,2944241545
7,10,2,0.158203125,0.0107421875,0.1870859286514968,332,Simplified BARK,2,0.001953125,0.20225626757026713,256.0,0.25,True,2944241545
7,10,2,0.158203125,0.0107421875,0.1870859286514968,332,Simplified BARK,3,0.0029296875,0.21170021732867014,256.0,0.25,True,2944241545
7,10,2,0.158203125,0.0107421875,0.1870859286514968,332,Simplified BARK,4,0.00390625,0.21213624929971248,256.0,0.25,True,2944241545
7,10,2,0.158203125,0.0107421875,0.1870859286514968,332,Simplified BARK,5,0.0048828125,0.21906577305073818,256.0,0.25,True,2944241545
7,10,2,0.158203125,0.0107421875,0.1870859286514968,332,Simplified BARK,6,0.005859375,0.21941315884671925,256.0,0.25,True,2944241545
7,10,2,0.158203125,0.0107421875,0.1870859286514968,332,Simplified BARK,7,0.0068359375,0.21943728400501944,256.0,0.25,True,2944241545
7,10,2,0.158203125,0.0107421875,0.1870859286514968,332,Simplified BARK,9,0.0087890625,0.2199168441905108,256.0,0.25,True,2944241545
7,10,2,0.158203125,0.0107421875,0.1870859286514968,332,Simplified BARK,11,0.0107421875,0.23413754836901526,256.0,0.25,True,2944241545
7,10,2,0.158203125,0.0107421875,0.1870859286514968,332,Simplified BARK,13,0.0126953125,0.22498950140820126,256.0,0.25,True,2944241545
7,10,2,0.158203125,0.0107421875,0.1870859286514968,332,Simplified BARK,16,0.015625,0.22756557593497725,256.0,0.25,True,2944241545
7,10,2,0.158203125,0.0107421875,0.1870859286514968,332,Simplified BARK,20,0.01953125,0.2794724564179283,256.0,0.25,True,2944241545
7,10,2,0.158203125,0.0107421875,0.1870859286514968,332,Simplified BARK,25,0.0244140625,0.2745550601433804,256.0,0.25,True,2944241545
7,10,2,0.158203125,0.0107421875,0.1870859286514968,332,Simplified BARK,31,0.0302734375,0.3370643608902654,256.0,0.25,True,2944241545
7,10,2,0.158203125,0.0107421875,0.1870859286514968,332,Simplified BARK,39,0.0380859375,0.9162669139463431,256.0,0.25,True,2944241545
7,10,2,0.158203125,0.0107421875,0.1870859286514968,332,Simplified BARK,48,0.046875,0.9182696590759468,256.0,0.25,True,2944241545
7,10,2,0.158203125,0.0107421875,0.1870859286514968,332,Simplified BARK,60,0.05859375,0.920535079487842,256.0,0.25,True,2944241545
7,10,2,0.158203125,0.0107421875,0.1870859286514968,332,Simplified BARK,74,0.072265625,0.923540840692149,256.0,0.25,True,2944241545
7,10,2,0.158203125,0.0107421875,0.1870859286514968,332,Simplified BARK,92,0.08984375,0.9417066148352048,256.0,0.25,True,2944241545
7,10,2,0.158203125,0.0107421875,0.1870859286514968,332,Simplified BARK,114,0.111328125,0.9458003140398866,256.0,0.25,True,2944241545
7,10,2,0.158203125,0.0107421875,0.1870859286514968,332,Simplified BARK,141,0.1376953125,0.9459743258097426,256.0,0.25,True,2944241545
7,10,2,0.158203125,0.0107421875,0.1870859286514968,332,Simplified BARK,175,0.1708984375,0.9526643479332625,256.0,0.25,True,2944241545
7,10,2,0.158203125,0.0107421875,0.1870859286514968,332,Simplified BARK,217,0.2119140625,0.9993022175347404,256.0,0.25,True,2944241545
7,10,2,0.158203125,0.0107421875,0.1870859286514968,332,Simplified BARK,269,0.2626953125,0.9999999999999996,256.0,0.25,True,2944241545
7,10,2,0.158203125,0.0107421875,0.1870859286514968,332,Simplified BARK,333,0.3251953125,0.9999999999999996,256.0,0.25,True,2944241545
7,10,2,0.158203125,0.0107421875,0.1870859286514968,332,Simplified BARK,413,0.4033203125,0.9999999999999996,256.0,0.25,True,2944241545
7,10,2,0.158203125,0.0107421875,0.1870859286514968,332,Simplified BARK,512,0.5,0.9999999999999996,256.0,0.25,True,2944241545
7,10,2,0.158203125,0.0107421875,0.1870859286514968,332,SKQD,1,0.0009765625,0.18708592865149684,136.66666666666666,0.13346354166666666,True,2944241545
7,10,2,0.158203125,0.0107421875,0.1870859286514968,332,SKQD,2,0.001953125,0.18708592865149684,136.66666666666666,0.13346354166666666,True,2944241545
7,10,2,0.158203125,0.0107421875,0.1870859286514968,332,SKQD,3,0.0029296875,0.18708592865149684,136.66666666666666,0.13346354166666666,True,2944241545
7,10,2,0.158203125,0.0107421875,0.1870859286514968,332,SKQD,4,0.00390625,0.18708592865149684,136.66666666666666,0.13346354166666666,True,2944241545
7,10,2,0.158203125,0.0107421875,0.1870859286514968,332,SKQD,5,0.0048828125,0.18708592865149684,136.66666666666666,0.13346354166666666,True,2944241545
7,10,2,0.158203125,0.0107421875,0.1870859286514968,332,SKQD,6,0.005859375,0.18708592865149684,136.66666666666666,0.13346354166666666,True,2944241545
7,10,2,0.158203125,0.0107421875,0.1870859286514968,332,SKQD,7,0.0068359375,0.18708592865149684,136.66666666666666,0.13346354166666666,True,2944241545
7,10,2,0.158203125,0.0107421875,0.1870859286514968,332,SKQD,9,0.0087890625,0.18708592865149684,136.66666666666666,0.13346354166666666,True,2944241545
7,10,2,0.158203125,0.0107421875,0.1870859286514968,332,SKQD,11,0.0107421875,0.3683108316534212,136.66666666666666,0.13346354166666666,True,2944241545
7,10,2,0.158203125,0.0107421875,0.1870859286514968,332,SKQD,13,0.0126953125,0.5121603995963153,136.66666666666666,0.13346354166666666,True,2944241545
7,10,2,0.158203125,0.0107421875,0.1870859286514968,332,SKQD,16,0.015625,0.5121603995963153,136.66666666666666,0.13346354166666666,True,2944241545
7,10,2,0.158203125,0.0107421875,0.1870859286514968,332,SKQD,20,0.01953125,0.5121603995963153,136.66666666666666,0.13346354166666666,True,2944241545
7,10,2,0.158203125,0.0107421875,0.1870859286514968,332,SKQD,25,0.0244140625,0.717491958776109,136.66666666666666,0.13346354166666666,True,2944241545
7,10,2,0.158203125,0.0107421875,0.1870859286514968,332,SKQD,31,0.0302734375,0.717491958776109,136.66666666666666,0.13346354166666666,True,2944241545
7,10,2,0.158203125,0.0107421875,0.1870859286514968,332,SKQD,39,0.0380859375,0.8373316416488952,136.66666666666666,0.13346354166666666,True,2944241545
7,10,2,0.158203125,0.0107421875,0.1870859286514968,332,SKQD,48,0.046875,0.8808242406156676,136.66666666666666,0.13346354166666666,True,2944241545
7,10,2,0.158203125,0.0107421875,0.1870859286514968,332,SKQD,60,0.05859375,0.9295609066955529,136.66666666666666,0.13346354166666666,True,2944241545
7,10,2,0.158203125,0.0107421875,0.1870859286514968,332,SKQD,74,0.072265625,0.9745829614446794,136.66666666666666,0.13346354166666666,True,2944241545
7,10,2,0.158203125,0.0107421875,0.1870859286514968,332,SKQD,92,0.08984375,0.991868077862946,136.66666666666666,0.13346354166666666,True,2944241545
7,10,2,0.158203125,0.0107421875,0.1870859286514968,332,SKQD,114,0.111328125,0.9968847742621558,136.66666666666666,0.13346354166666666,True,2944241545
7,10,2,0.158203125,0.0107421875,0.1870859286514968,332,SKQD,141,0.1376953125,0.9977571921444546,136.66666666666666,0.13346354166666666,True,2944241545
7,10,2,0.158203125,0.0107421875,0.1870859286514968,332,SKQD,175,0.1708984375,0.9979662401262314,136.66666666666666,0.13346354166666666,True,2944241545
7,10,2,0.158203125,0.0107421875,0.1870859286514968,332,SKQD,217,0.2119140625,0.9979662401262314,136.66666666666666,0.13346354166666666,True,2944241545
7,10,2,0.158203125,0.0107421875,0.1870859286514968,332,SKQD,269,0.2626953125,0.9979662401262314,136.66666666666666,0.13346354166666666,True,2944241545
7,10,2,0.158203125,0.0107421875,0.1870859286514968,332,SKQD,333,0.3251953125,0.9979662401262314,136.66666666666666,0.13346354166666666,True,2944241545
7,10,2,0.158203125,0.0107421875,0.1870859286514968,332,SKQD,413,0.4033203125,0.9979662401262314,136.66666666666666,0.13346354166666666,True,2944241545
7,10,2,0.158203125,0.0107421875,0.1870859286514968,332,SKQD,512,0.5,0.9979662401262314,136.66666666666666,0.13346354166666666,True,2944241545
7,10,2,0.158203125,0.0107421875,0.1870859286514968,332,Ceiling,1,0.0009765625,0.43594380234372293,512.0,0.5,False,2944241545
7,10,2,0.158203125,0.0107421875,0.1870859286514968,332,Ceiling,2,0.001953125,0.6230297309952197,512.0,0.5,False,2944241545
7,10,2,0.158203125,0.0107421875,0.1870859286514968,332,Ceiling,3,0.0029296875,0.7194989190948473,512.0,0.5,False,2944241545
7,10,2,0.158203125,0.0107421875,0.1870859286514968,332,Ceiling,4,0.00390625,0.7608988140924247,512.0,0.5,False,2944241545
7,10,2,0.158203125,0.0107421875,0.1870859286514968,332,Ceiling,5,0.0048828125,0.7970172510215416,512.0,0.5,False,2944241545
7,10,2,0.158203125,0.0107421875,0.1870859286514968,332,Ceiling,6,0.005859375,0.8223886708878931,512.0,0.5,False,2944241545
7,10,2,0.158203125,0.0107421875,0.1870859286514968,332,Ceiling,7,0.0068359375,0.8471599322259059,512.0,0.5,False,2944241545
7,10,2,0.158203125,0.0107421875,0.1870859286514968,332,Ceiling,9,0.0087890625,0.8822406533392113,512.0,0.5,False,2944241545
7,10,2,0.158203125,0.0107421875,0.1870859286514968,332,Ceiling,11,0.0107421875,0.9085354812292762,512.0,0.5,False,2944241545
7,10,2,0.158203125,0.0107421875,0.1870859286514968,332,Ceiling,13,0.0126953125,0.9258771543790271,512.0,0.5,False,2944241545
7,10,2,0.158203125,0.0107421875,0.1870859286514968,332,Ceiling,16,0.015625,0.9441671856581736,512.0,0.5,False,2944241545
7,10,2,0.158203125,0.0107421875,0.1870859286514968,332,Ceiling,20,0.01953125,0.9625610156125303,512.0,0.5,False,2944241545
7,10,2,0.158203125,0.0107421875,0.1870859286514968,332,Ceiling,25,0.0244140625,0.9754294752053946,512.0,0.5,False,2944241545
7,10,2,0.158203125,0.0107421875,0.1870859286514968,332,Ceiling,31,0.0302734375,0.9839679127751176,512.0,0.5,False,2944241545
7,10,2,0.158203125,0.0107421875,0.1870859286514968,332,Ceiling,39,0.0380859375,0.9903219444262908,512.0,0.5,False,2944241545
7,10,2,0.158203125,0.0107421875,0.1870859286514968,332,Ceiling,48,0.046875,0.9938714295600726,512.0,0.5,False,2944241545
7,10,2,0.158203125,0.0107421875,0.1870859286514968,332,Ceiling,60,0.05859375,0.9965304805472841,512.0,0.5,False,2944241545
7,10,2,0.158203125,0.0107421875,0.1870859286514968,332,Ceiling,74,0.072265625,0.9983832152753981,512.0,0.5,False,2944241545
7,10,2,0.158203125,0.0107421875,0.1870859286514968,332,Ceiling,92,0.08984375,0.999347648180144,512.0,0.5,False,2944241545
7,10,2,0.158203125,0.0107421875,0.1870859286514968,332,Ceiling,114,0.111328125,0.9997850403062586,512.0,0.5,False,2944241545
7,10,2,0.158203125,0.0107421875,0.1870859286514968,332,Ceiling,141,0.1376953125,0.999947072184513,512.0,0.5,False,2944241545
7,10,2,0.158203125,0.0107421875,0.1870859286514968,332,Ceiling,175,0.1708984375,0.9999941694793155,512.0,0.5,False,2944241545
7,10,2,0.158203125,0.0107421875,0.1870859286514968,332,Ceiling,217,0.2119140625,0.999999944198836,512.0,0.5,False,2944241545
7,10,2,0.158203125,0.0107421875,0.1870859286514968,332,Ceiling,269,0.2626953125,1.0000000000000009,512.0,0.5,False,2944241545
7,10,2,0.158203125,0.0107421875,0.1870859286514968,332,Ceiling,333,0.3251953125,1.0000000000000009,512.0,0.5,False,2944241545
7,10,2,0.158203125,0.0107421875,0.1870859286514968,332,Ceiling,413,0.4033203125,1.0000000000000009,512.0,0.5,False,2944241545
7,10,2,0.158203125,0.0107421875,0.1870859286514968,332,Ceiling,512,0.5,1.0000000000000009,512.0,0.5,False,2944241545
7,10,2,0.158203125,0.0107421875,0.43594380234372293,476,BARK,1,0.0009765625,0.43594380234372293,256.0,0.25,True,2944241545
7,10,2,0.158203125,0.0107421875,0.43594380234372293,476,BARK,2,0.001953125,0.622642654854308,256.0,0.25,True,2944241545
7,10,2,0.158203125,0.0107421875,0.43594380234372293,476,BARK,3,0.0029296875,0.6377862249577879,256.0,0.25,True,2944241545
7,10,2,0.158203125,0.0107421875,0.43594380234372293,476,BARK,4,0.00390625,0.6357042569925878,256.0,0.25,True,2944241545
7,10,2,0.158203125,0.0107421875,0.43594380234372293,476,BARK,5,0.0048828125,0.6299063315095739,256.0,0.25,True,2944241545
7,10,2,0.158203125,0.0107421875,0.43594380234372293,476,BARK,6,0.005859375,0.6897158320161599,256.0,0.25,True,2944241545
7,10,2,0.158203125,0.0107421875,0.43594380234372293,476,BARK,7,0.0068359375,0.6941795396433957,256.0,0.25,True,2944241545
7,10,2,0.158203125,0.0107421875,0.43594380234372293,476,BARK,9,0.0087890625,0.8381043112334889,256.0,0.25,True,2944241545
7,10,2,0.158203125,0.0107421875,0.43594380234372293,476,BARK,11,0.0107421875,0.84170227703948,256.0,0.25,True,2944241545
7,10,2,0.158203125,0.0107421875,0.43594380234372293,476,BARK,13,0.0126953125,0.8422119309222891,256.0,0.25,True,2944241545
7,10,2,0.158203125,0.0107421875,0.43594380234372293,476,BARK,16,0.015625,0.8661552783328609,256.0,0.25,True,2944241545
7,10,2,0.158203125,0.0107421875,0.43594380234372293,476,BARK,20,0.01953125,0.8803676519852479,256.0,0.25,True,2944241545
7,10,2,0.158203125,0.0107421875,0.43594380234372293,476,BARK,25,0.0244140625,0.8858356818206753,256.0,0.25,True,2944241545
7,10,2,0.158203125,0.0107421875,0.43594380234372293,476,BARK,31,0.0302734375,0.8869229630235652,256.0,0.25,True,2944241545
7,10,2,0.158203125,0.0107421875,0.43594380234372293,476,BARK,39,0.0380859375,0.8864564677929909,256.0,0.25,True,2944241545
7,10,2,0.158203125,0.0107421875,0.43594380234372293,476,BARK,48,0.046875,0.8867697519601646,256.0,0.25,True,2944241545
7,10,2,0.158203125,0.0107421875,0.43594380234372293,476,BARK,60,0.05859375,0.9468110401918077,256.0,0.25,True,2944241545
7,10,2,0.158203125,0.0107421875,0.43594380234372293,476,BARK,74,0.072265625,0.9913464308271625,256.0,0.25,True,2944241545
7,10,2,0.158203125,0.0107421875,0.43594380234372293,476,BARK,92,0.08984375,0.995438381732166,256.0,0.25,True,2944241545
7,10,2,0.158203125,0.0107421875,0.43594380234372293,476,BARK,114,0.111328125,0.9973570820331241,256.0,0.25,True,2944241545
7,10,2,0.158203125,0.0107421875,0.43594380234372293,476,BARK,141,0.1376953125,0.9997924510568026,256.0,0.25,True,2944241545
7,10,2,0.158203125,0.0107421875,0.43594380234372293,476,BARK,175,0.1708984375,0.9999037150133285,256.0,0.25,True,2944241545
7,10,2,0.158203125,0.0107421875,0.43594380234372293,476,BARK,217,0.2119140625,0.9999995349358183,256.0,0.25,True,2944241545
7,10,2,0.158203125,0.0107421875,0.43594380234372293,476,BARK,269,0.2626953125,0.9999999999999998,256.0,0.25,True,2944241545
7,10,2,0.158203125,0.0107421875,0.43594380234372293,476,BARK,333,0.3251953125,0.9999999999999998,256.0,0.25,True,2944241545
7,10,2,0.158203125,0.0107421875,0.43594380234372293,476,BARK,413,0.4033203125,0.9999999999999998,256.0,0.25,True,2944241545
7,10,2,0.158203125,0.0107421875,0.43594380234372293,476,BARK,512,0.5,0.9999999999999998,256.0,0.25,True,2944241545
7,10,2,0.158203125,0.0107421875,0.43594380234372293,476,Simplified BARK,1,0.0009765625,0.43594380234372293,256.0,0.25,True,2944241545
7,10,2,0.158203125,0.0107421875,0.43594380234372293,476,Simplified BARK,2,0.001953125,0.47182964416634654,256.0,0.25,True,2944241545
7,10,2,0.158203125,0.0107421875,0.43594380234372293,476,Simplified BARK,3,0.0029296875,0.49680162277434486,256.0,0.25,True,2944241545
7,10,2,0.158203125,0.0107421875,0.43594380234372293,476,Simplified BARK,4,0.00390625,0.4978312968844399,256.0,0.25,True,2944241545
7,10,2,0.158203125,0.0107421875,0.43594380234372293,476,Simplified BARK,5,0.0048828125,0.5138962897738043,256.0,0.25,True,2944241545
7,10,2,0.158203125,0.0107421875,0.43594380234372293,476,Simplified BARK,6,0.005859375,0.514901754700905,256.0,0.25,True,2944241545
7,10,2,0.158203125,0.0107421875,0.43594380234372293,476,Simplified BARK,7,0.0068359375,0.5149265658292085,256.0,0.25,True,2944241545
7,10,2,0.158203125,0.0107421875,0.43594380234372293,476,Simplified BARK,9,0.0087890625,0.515919685930829,256.0,0.25,True,2944241545
7,10,2,0.158203125,0.0107421875,0.43594380234372293,476,Simplified BARK,11,0.0107421875,0.5176293638320746,256.0,0.25,True,2944241545
7,10,2,0.158203125,0.0107421875,0.43594380234372293,476,Simplified BARK,13,0.0126953125,0.6225691252921417,256.0,0.25,True,2944241545
7,10,2,0.158203125,0.0107421875,0.43594380234372293,476,Simplified BARK,16,0.015625,0.629521183631352,256.0,0.25,True,2944241545
7,10,2,0.158203125,0.0107421875,0.43594380234372293,476,Simplified BARK,20,0.01953125,0.6310517622846642,256.0,0.25,True,2944241545
7,10,2,0.158203125,0.0107421875,0.43594380234372293,476,Simplified BARK,25,0.0244140625,0.6637339799221617,256.0,0.25,True,2944241545
7,10,2,0.158203125,0.0107421875,0.43594380234372293,476,Simplified BARK,31,0.0302734375,0.671424451241502,256.0,0.25,True,2944241545
7,10,2,0.158203125,0.0107421875,0.43594380234372293,476,Simplified BARK,39,0.0380859375,0.9198520965929368,256.0,0.25,True,2944241545
7,10,2,0.158203125,0.0107421875,0.43594380234372293,476,Simplified BARK,48,0.046875,0.9182696590759468,256.0,0.25,True,2944241545
7,10,2,0.158203125,0.0107421875,0.43594380234372293,476,Simplified BARK,60,0.05859375,0.920535079487842,256.0,0.25,True,2944241545
7,10,2,0.158203125,0.0107421875,0.43594380234372293,476,Simplified BARK,74,0.072265625,0.9235408406921486,256.0,0.25,True,2944241545
7,10,2,0.158203125,0.0107421875,0.43594380234372293,476,Simplified BARK,92,0.08984375,0.9417066148352052,256.0,0.25,True,2944241545
7,10,2,0.158203125,0.0107421875,0.43594380234372293,476,Simplified BARK,114,0.111328125,0.945800314039886,256.0,0.25,True,2944241545
7,10,2,0.158203125,0.0107421875,0.43594380234372293,476,Simplified BARK,141,0.1376953125,0.9459743258097426,256.0,0.25,True,2944241545
7,10,2,0.158203125,0.0107421875,0.43594380234372293,476,Simplified BARK,175,0.1708984375,0.9526643479332627,256.0,0.25,True,2944241545
7,10,2,0.158203125,0.0107421875,0.43594380234372293,476,Simplified BARK,217,0.2119140625,0.9993022175347404,256.0,0.25,True,2944241545
7,10,2,0.158203125,0.0107421875,0.43594380234372293,476,Simplified BARK,269,0.2626953125,0.9999999999999996,256.0,0.25,True,2944241545
7,10,2,0.158203125,0.0107421875,0.43594380234372293,476,Simplified BARK,333,0.3251953125,0.9999999999999996,256.0,0.25,True,2944241545
7,10,2,0.158203125,0.0107421875,0.43594380234372293,476,Simplified BARK,413,0.4033203125,0.9999999999999996,256.0,0.25,True,2944241545
7,10,2,0.158203125,0.0107421875,0.43594380234372293,476,Simplified BARK,512,0.5,0.9999999999999996,256.0,0.25,True,2944241545
7,10,2,0.158203125,0.0107421875,0.43594380234372293,476,SKQD,1,0.0009765625,0.43594380234372293,138.66666666666666,0.13541666666666666,True,2944241545
7,10,2,0.158203125,0.0107421875,0.43594380234372293,476,SKQD,2,0.001953125,0.43594380234372293,138.66666666666666,0.13541666666666666,True,2944241545
7,10,2,0.158203125,0.0107421875,0.43594380234372293,476,SKQD,3,0.0029296875,0.43594380234372293,138.66666666666666,0.13541666666666666,True,2944241545
7,10,2,0.158203125,0.0107421875,0.43594380234372293,476,SKQD,4,0.00390625,0.43594380234372293,138.66666666666666,0.13541666666666666,True,2944241545
7,10,2,0.158203125,0.0107421875,0.43594380234372293,476,SKQD,5,0.0048828125,0.43594380234372293,138.66666666666666,0.13541666666666666,True,2944241545
7,10,2,0.158203125,0.0107421875,0.43594380234372293,476,SKQD,6,0.005859375,0.43594380234372293,138.66666666666666,0.13541666666666666,True,2944241545
7,10,2,0.158203125,0.0107421875,0.43594380234372293,476,SKQD,7,0.0068359375,0.43594380234372293,138.66666666666666,0.13541666666666666,True,2944241545
7,10,2,0.158203125,0.0107421875,0.43594380234372293,476,SKQD,9,0.0087890625,0.43594380234372293,138.66666666666666,0.13541666666666666,True,2944241545
7,10,2,0.158203125,0.0107421875,0.43594380234372293,476,SKQD,11,0.0107421875,0.43594380234372293,138.66666666666666,0.13541666666666666,True,2944241545
7,10,2,0.158203125,0.0107421875,0.43594380234372293,476,SKQD,13,0.0126953125,0.43594380234372293,138.66666666666666,0.13541666666666666,True,2944241545
7,10,2,0.158203125,0.0107421875,0.43594380234372293,476,SKQD,16,0.015625,0.5551613076309915,138.66666666666666,0.13541666666666666,True,2944241545
7,10,2,0.158203125,0.0107421875,0.43594380234372293,476,SKQD,20,0.01953125,0.8322662010708504,138.66666666666666,0.13541666666666666,True,2944241545
7,10,2,0.158203125,0.0107421875,0.43594380234372293,476,SKQD,25,0.0244140625,0.8322662010708504,138.66666666666666,0.13541666666666666,True,2944241545
7,10,2,0.158203125,0.0107421875,0.43594380234372293,476,SKQD,31,0.0302734375,0.8322662010708504,138.66666666666666,0.13541666666666666,True,2944241545
7,10,2,0.158203125,0.0107421875,0.43594380234372293,476,SKQD,39,0.0380859375,0.8653306958224665,138.66666666666666,0.13541666666666666,True,2944241545
7,10,2,0.158203125,0.0107421875,0.43594380234372293,476,SKQD,48,0.046875,0.9340945914120447,138.66666666666666,0.13541666666666666,True,2944241545
7,10,2,0.158203125,0.0107421875,0.43594380234372293,476,SKQD,60,0.05859375,0.974938389905716,138.66666666666666,0.13541666666666666,True,2944241545
7,10,2,0.158203125,0.0107421875,0.43594380234372293,476,SKQD,74,0.072265625,0.9846960626085884,138.66666666666666,0.13541666666666666,True,2944241545
7,10,2,0.158203125,0.0107421875,0.43594380234372293,476,SKQD,92,0.08984375,0.9941932261218535,138.66666666666666,0.13541666666666666,True,2944241545
7,10,2,0.158203125,0.0107421875,0.43594380234372293,476,SKQD,114,0.111328125,0.9974486535149917,138.66666666666666,0.13541666666666666,True,2944241545
7,10,2,0.158203125,0.0107421875,0.43594380234372293,476,SKQD,141,0.1376953125,0.9981797388308848,138.66666666666666,0.13541666666666666,True,2944241545
7,10,2,0.158203125,0.0107421875,0.43594380234372293,476,SKQD,175,0.1708984375,0.9983363832705908,138.66666666666666,0.13541666666666666,True,2944241545
7,10,2,0.158203125,0.0107421875,0.43594380234372293,476,SKQD,217,0.2119140625,0.9983363832705908,138.66666666666666,0.13541666666666666,True,2944241545
7,10,2,0.158203125,0.0107421875,0.43594380234372293,476,SKQD,269,0.2626953125,0.9983363832705908,138.66666666666666,0.13541666666666666,True,2944241545
7,10,2,0.158203125,0.0107421875,0.43594380234372293,476,SKQD,333,0.3251953125,0.9983363832705908,138.66666666666666,0.13541666666666666,True,2944241545
7,10,2,0.158203125,0.0107421875,0.43594380234372293,476,SKQD,413,0.4033203125,0.9983363832705908,138.66666666666666,0.13541666666666666,True,2944241545
7,10,2,0.158203125,0.0107421875,0.43594380234372293,476,SKQD,512,0.5,0.9983363832705908,138.66666666666666,0.13541666666666666,True,2944241545
7,10,2,0.158203125,0.0107421875,0.43594380234372293,476,Ceiling,1,0.0009765625,0.43594380234372293,512.0,0.5,False,2944241545
7,10,2,0.158203125,0.0107421875,0.43594380234372293,476,Ceiling,2,0.001953125,0.6230297309952197,512.0,0.5,False,2944241545
7,10,2,0.158203125,0.0107421875,0.43594380234372293,476,Ceiling,3,0.0029296875,0.7194989190948473,512.0,0.5,False,2944241545
7,10,2,0.158203125,0.0107421875,0.43594380234372293,476,Ceiling,4,0.00390625,0.7608988140924247,512.0,0.5,False,2944241545
7,10,2,0.158203125,0.0107421875,0.43594380234372293,476,Ceiling,5,0.0048828125,0.7970172510215416,512.0,0.5,False,2944241545
7,10,2,0.158203125,0.0107421875,0.43594380234372293,476,Ceiling,6,0.005859375,0.8223886708878931,512.0,0.5,False,2944241545
7,10,2,0.158203125,0.0107421875,0.43594380234372293,476,Ceiling,7,0.0068359375,0.8471599322259059,512.0,0.5,False,2944241545
7,10,2,0.158203125,0.0107421875,0.43594380234372293,476,Ceiling,9,0.0087890625,0.8822406533392113,512.0,0.5,False,2944241545
7,10,2,0.158203125,0.0107421875,0.43594380234372293,476,Ceiling,11,0.0107421875,0.9085354812292762,512.0,0.5,False,2944241545
7,10,2,0.158203125,0.0107421875,0.43594380234372293,476,Ceiling,13,0.0126953125,0.9258771543790271,512.0,0.5,False,2944241545
7,10,2,0.158203125,0.0107421875,0.43594380234372293,476,Ceiling,16,0.015625,0.9441671856581736,512.0,0.5,False,2944241545
7,10,2,0.158203125,0.0107421875,0.43594380234372293,476,Ceiling,20,0.01953125,0.9625610156125303,512.0,0.5,False,2944241545
7,10,2,0.158203125,0.0107421875,0.43594380234372293,476,Ceiling,25,0.0244140625,0.9754294752053946,512.0,0.5,False,2944241545
7,10,2,0.158203125,0.0107421875,0.43594380234372293,476,Ceiling,31,0.0302734375,0.9839679127751176,512.0,0.5,False,2944241545
7,10,2,0.158203125,0.0107421875,0.43594380234372293,476,Ceiling,39,0.0380859375,0.9903219444262908,512.0,0.5,False,2944241545
7,10,2,0.158203125,0.0107421875,0.43594380234372293,476,Ceiling,48,0.046875,0.9938714295600726,512.0,0.5,False,2944241545
7,10,2,0.158203125,0.0107421875,0.43594380234372293,476,Ceiling,60,0.05859375,0.9965304805472841,512.0,0.5,False,2944241545
7,10,2,0.158203125,0.0107421875,0.43594380234372293,476,Ceiling,74,0.072265625,0.9983832152753981,512.0,0.5,False,2944241545
7,10,2,0.158203125,0.0107421875,0.43594380234372293,476,Ceiling,92,0.08984375,0.999347648180144,512.0,0.5,False,2944241545
7,10,2,0.158203125,0.0107421875,0.43594380234372293,476,Ceiling,114,0.111328125,0.9997850403062586,512.0,0.5,False,2944241545
7,10,2,0.158203125,0.0107421875,0.43594380234372293,476,Ceiling,141,0.1376953125,0.999947072184513,512.0,0.5,False,2944241545
7,10,2,0.158203125,0.0107421875,0.43594380234372293,476,Ceiling,175,0.1708984375,0.9999941694793155,512.0,0.5,False,2944241545
7,10,2,0.158203125,0.0107421875,0.43594380234372293,476,Ceiling,217,0.2119140625,0.999999944198836,512.0,0.5,False,2944241545
7,10,2,0.158203125,0.0107421875,0.43594380234372293,476,Ceiling,269,0.2626953125,1.0000000000000009,512.0,0.5,False,2944241545
7,10,2,0.158203125,0.0107421875,0.43594380234372293,476,Ceiling,333,0.3251953125,1.0000000000000009,512.0,0.5,False,2944241545
7,10,2,0.158203125,0.0107421875,0.43594380234372293,476,Ceiling,413,0.4033203125,1.0000000000000009,512.0,0.5,False,2944241545
7,10,2,0.158203125,0.0107421875,0.43594380234372293,476,Ceiling,512,0.5,1.0000000000000009,512.0,0.5,False,2944241545
7,10,2,0.158203125,0.0107421875,0.0,21,BARK,1,0.0009765625,0.0,256.0,0.25,True,2944241545
7,10,2,0.158203125,0.0107421875,0.0,21,BARK,2,0.001953125,1.4130836574009453e-36,256.0,0.25,True,2944241545
7,10,2,0.158203125,0.0107421875,0.0,21,BARK,3,0.0029296875,1.8457170148288725e-35,256.0,0.25,True,2944241545
7,10,2,0.158203125,0.0107421875,0.0,21,BARK,4,0.00390625,1.841270713937587e-34,256.0,0.25,True,2944241545
7,10,2,0.158203125,0.0107421875,0.0,21,BARK,5,0.0048828125,7.740144888579431e-34,256.0,0.25,True,2944241545
7,10,2,0.158203125,0.0107421875,0.0,21,BARK,6,0.005859375,9.229434309826213e-34,256.0,0.25,True,2944241545
7,10,2,0.158203125,0.0107421875,0.0,21,BARK,7,0.0068359375,9.332999606292492e-34,256.0,0.25,True,2944241545
7,10,2,0.158203125,0.0107421875,0.0,21,BARK,9,0.0087890625,1.1298119964161387e-33,256.0,0.25,True,2944241545
7,10,2,0.158203125,0.0107421875,0.0,21,BARK,11,0.0107421875,1.1332091686671508e-33,256.0,0.25,True,2944241545
7,10,2,0.158203125,0.0107421875,0.0,21,BARK,13,0.0126953125,1.1539661414277798e-33,256.0,0.25,True,2944241545
7,10,2,0.158203125,0.0107421875,0.0,21,BARK,16,0.015625,1.8708985175166336e-33,256.0,0.25,True,2944241545
7,10,2,0.158203125,0.0107421875,0.0,21,BARK,20,0.01953125,1.9682549786519813e-33,256.0,0.25,True,2944241545
7,10,2,0.158203125,0.0107421875,0.0,21,BARK,25,0.0244140625,2.0134985266289134e-33,256.0,0.25,True,2944241545
7,10,2,0.158203125,0.0107421875,0.0,21,BARK,31,0.0302734375,9.558583492301057e-35,256.0,0.25,True,2944241545
7,10,2,0.158203125,0.0107421875,0.0,21,BARK,39,0.0380859375,1.0875446042669553e-34,256.0,0.25,True,2944241545
7,10,2,0.158203125,0.0107421875,0.0,21,BARK,48,0.046875,1.1455312945115705e-34,256.0,0.25,True,2944241545
7,10,2,0.158203125,0.0107421875,0.0,21,BARK,60,0.05859375,1.574045410659547e-34,256.0,0.25,True,2944241545
7,10,2,0.158203125,0.0107421875,0.0,21,BARK,74,0.072265625,1.597983094231967e-34,256.0,0.25,True,2944241545
7,10,2,0.158203125,0.0107421875,0.0,21,BARK,92,0.08984375,1.6073035293991926e-34,256.0,0.25,True,2944241545
7,10,2,0.158203125,0.0107421875,0.0,21,BARK,114,0.111328125,1.5865722249895895e-34,256.0,0.25,True,2944241545
7,10,2,0.158203125,0.0107421875,0.0,21,BARK,141,0.1376953125,1.5925660634276739e-34,256.0,0.25,True,2944241545
7,10,2,0.158203125,0.0107421875,0.0,21,BARK,175,0.1708984375,1.5433837122642392e-34,256.0,0.25,True,2944241545
7,10,2,0.158203125,0.0107421875,0.0,21,BARK,217,0.2119140625,1.5339120461004025e-34,256.0,0.25,True,2944241545
7,10,2,0.158203125,0.0107421875,0.0,21,BARK,269,0.2626953125,1.5323262144234193e-34,256.0,0.25,True,2944241545
7,10,2,0.158203125,0.0107421875,0.0,21,BARK,333,0.3251953125,1.5323262144234193e-34,256.0,0.25,True,2944241545
7,10,2,0.158203125,0.0107421875,0.0,21,BARK,413,0.4033203125,1.5323262144234193e-34,256.0,0.25,True,2944241545
7,10,2,0.158203125,0.0107421875,0.0,21,BARK,512,0.5,1.5323262144234193e-34,256.0,0.25,True,2944241545
7,10,2,0.158203125,0.0107421875,0.0,21,Simplified BARK,1,0.0009765625,0.0,256.0,0.25,True,2944241545
7,10,2,0.158203125,0.0107421875,0.0,21,Simplified BARK,2,0.001953125,3.997258263850947e-41,256.0,0.25,True,2944241545
7,10,2,0.158203125,0.0107421875,0.0,21,Simplified BARK,3,0.0029296875,5.112847487551556e-38,256.0,0.25,True,2944241545
7,10,2,0.158203125,0.0107421875,0.0,21,Simplified BARK,4,0.00390625,5.094103124534603e-38,256.0,0.25,True,2944241545
7,10,2,0.158203125,0.0107421875,0.0,21,Simplified BARK,5,0.0048828125,4.987379219533115e-38,256.0,0.25,True,2944241545
7,10,2,0.158203125,0.0107421875,0.0,21,Simplified BARK,6,0.005859375,4.986683465764436e-38,256.0,0.25,True,2944241545
7,10,2,0.158203125,0.0107421875,0.0,21,Simplified BARK,7,0.0068359375,4.933387635550007e-38,256.0,0.25,True,2944241545
7,10,2,0.158203125,0.0107421875,0.0,21,Simplified BARK,9,0.0087890625,4.928944862047387e-38,256.0,0.25,True,2944241545
7,10,2,0.158203125,0.0107421875,0.0,21,Simplified BARK,11,0.0107421875,4.909640666261835e-38,256.0,0.25,True,2944241545
7,10,2,0.158203125,0.0107421875,0.0,21,Simplified BARK,13,0.0126953125,1.1957127496399487e-38,256.0,0.25,True,2944241545
7,10,2,0.158203125,0.0107421875,0.0,21,Simplified BARK,16,0.015625,2.5374846980580644e-33,256.0,0.25,True,2944241545
7,10,2,0.158203125,0.0107421875,0.0,21,Simplified BARK,20,0.01953125,5.432297297738688e-34,256.0,0.25,True,2944241545
7,10,2,0.158203125,0.0107421875,0.0,21,Simplified BARK,25,0.0244140625,3.984589931627788e-34,256.0,0.25,True,2944241545
7,10,2,0.158203125,0.0107421875,0.0,21,Simplified BARK,31,0.0302734375,1.0597266388634992e-33,256.0,0.25,True,2944241545
7,10,2,0.158203125,0.0107421875,0.0,21,Simplified BARK,39,0.0380859375,1.1610185485989843e-33,256.0,0.25,True,2944241545
7,10,2,0.158203125,0.0107421875,0.0,21,Simplified BARK,48,0.046875,1.1593434520108188e-33,256.0,0.25,True,2944241545
7,10,2,0.158203125,0.0107421875,0.0,21,Simplified BARK,60,0.05859375,5.5196308908909625e-36,256.0,0.25,True,2944241545
7,10,2,0.158203125,0.0107421875,0.0,21,Simplified BARK,74,0.072265625,9.786714636907017e-35,256.0,0.25,True,2944241545
7,10,2,0.158203125,0.0107421875,0.0,21,Simplified BARK,92,0.08984375,6.155665341247819e-35,256.0,0.25,True,2944241545
7,10,2,0.158203125,0.0107421875,0.0,21,Simplified BARK,114,0.111328125,6.158818777393822e-35,256.0,0.25,True,2944241545
7,10,2,0.158203125,0.0107421875,0.0,21,Simplified BARK,141,0.1376953125,1.1017458330264455e-34,256.0,0.25,True,2944241545
7,10,2,0.158203125,0.0107421875,0.0,21,Simplified BARK,175,0.1708984375,1.4300738387214378e-34,256.0,0.25,True,2944241545
7,10,2,0.158203125,0.0107421875,0.0,21,Simplified BARK,217,0.2119140625,1.4911802255153423e-34,256.0,0.25,True,2944241545
7,10,2,0.158203125,0.0107421875,0.0,21,Simplified BARK,269,0.2626953125,1.5323262098645091e-34,256.0,0.25,True,2944241545
7,10,2,0.158203125,0.0107421875,0.0,21,Simplified BARK,333,0.3251953125,1.5323262098645091e-34,256.0,0.25,True,2944241545
7,10,2,0.158203125,0.0107421875,0.0,21,Simplified BARK,413,0.4033203125,1.5323262098645091e-34,256.0,0.25,True,2944241545
7,10,2,0.158203125,0.0107421875,0.0,21,Simplified BARK,512,0.5,1.5323262098645091e-34,256.0,0.25,True,2944241545
7,10,2,0.158203125,0.0107421875,0.0,21,SKQD,1,0.0009765625,0.0,15.333333333333334,0.014973958333333334,True,2944241545
7,10,2,0.158203125,0.0107421875,0.0,21,SKQD,2,0.001953125,0.0,15.333333333333334,0.014973958333333334,True,2944241545
7,10,2,0.158203125,0.0107421875,0.0,21,SKQD,3,0.0029296875,2.7448667781696423e-37,15.333333333333334,0.014973958333333334,True,2944241545
7,10,2,0.158203125,0.0107421875,0.0,21,SKQD,4,0.00390625,1.5396566294060876e-37,15.333333333333334,0.014973958333333334,True,2944241545
7,10,2,0.158203125,0.0107421875,0.0,21,SKQD,5,0.0048828125,1.5396566294060876e-37,15.333333333333334,0.014973958333333334,True,2944241545
7,10,2,0.158203125,0.0107421875,0.0,21,SKQD,6,0.005859375,1.8122441570417048e-43,15.333333333333334,0.014973958333333334,True,2944241545
7,10,2,0.158203125,0.0107421875,0.0,21,SKQD,7,0.0068359375,1.8122441570417048e-43,15.333333333333334,0.014973958333333334,True,2944241545
7,10,2,0.158203125,0.0107421875,0.0,21,SKQD,9,0.0087890625,1.8122441570417048e-43,15.333333333333334,0.014973958333333334,True,2944241545
7,10,2,0.158203125,0.0107421875,0.0,21,SKQD,11,0.0107421875,1.812244157041855e-43,15.333333333333334,0.014973958333333334,True,2944241545
7,10,2,0.158203125,0.0107421875,0.0,21,SKQD,13,0.0126953125,1.812244157041855e-43,15.333333333333334,0.014973958333333334,True,2944241545
7,10,2,0.158203125,0.0107421875,0.0,21,SKQD,16,0.015625,5.207298363757224e-37,15.333333333333334,0.014973958333333334,True,2944241545
7,10,2,0.158203125,0.0107421875,0.0,21,SKQD,20,0.01953125,3.317742038922127e-37,15.333333333333334,0.014973958333333334,True,2944241545
7,10,2,0.158203125,0.0107421875,0.0,21,SKQD,25,0.0244140625,4.321710244756405e-34,15.333333333333334,0.014973958333333334,True,2944241545
7,10,2,0.158203125,0.0107421875,0.0,21,SKQD,31,0.0302734375,4.321710244756407e-34,15.333333333333334,0.014973958333333334,True,2944241545
7,10,2,0.158203125,0.0107421875,0.0,21,SKQD,39,0.0380859375,4.3217102447564054e-34,15.333333333333334,0.014973958333333334,True,2944241545
7,10,2,0.158203125,0.0107421875,0.0,21,SKQD,48,0.046875,4.3217102447564054e-34,15.333333333333334,0.014973958333333334,True,2944241545
7,10,2,0.158203125,0.0107421875,0.0,21,SKQD,60,0.05859375,4.3217102447564054e-34,15.333333333333334,0.014973958333333334,True,2944241545
7,10,2,0.158203125,0.0107421875,0.0,21,SKQD,74,0.072265625,4.3217102447564054e-34,15.333333333333334,0.014973958333333334,True,2944241545
7,10,2,0.158203125,0.0107421875,0.0,21,SKQD,92,0.08984375,4.3217102447564054e-34,15.333333333333334,0.014973958333333334,True,2944241545
7,10,2,0.158203125,0.0107421875,0.0,21,SKQD,114,0.111328125,4.3217102447564054e-34,15.333333333333334,0.014973958333333334,True,2944241545
7,10,2,0.158203125,0.0107421875,0.0,21,SKQD,141,0.1376953125,4.3217102447564054e-34,15.333333333333334,0.014973958333333334,True,2944241545
7,10,2,0.158203125,0.0107421875,0.0,21,SKQD,175,0.1708984375,4.3217102447564054e-34,15.333333333333334,0.014973958333333334,True,2944241545
7,10,2,0.158203125,0.0107421875,0.0,21,SKQD,217,0.2119140625,4.3217102447564054e-34,15.333333333333334,0.014973958333333334,True,2944241545
7,10,2,0.158203125,0.0107421875,0.0,21,SKQD,269,0.2626953125,4.3217102447564054e-34,15.333333333333334,0.014973958333333334,True,2944241545
7,10,2,0.158203125,0.0107421875,0.0,21,SKQD,333,0.3251953125,4.3217102447564054e-34,15.333333333333334,0.014973958333333334,True,2944241545
7,10,2,0.158203125,0.0107421875,0.0,21,SKQD,413,0.4033203125,4.3217102447564054e-34,15.333333333333334,0.014973958333333334,True,2944241545
7,10,2,0.158203125,0.0107421875,0.0,21,SKQD,512,0.5,4.3217102447564054e-34,15.333333333333334,0.014973958333333334,True,2944241545
7,10,2,0.158203125,0.0107421875,0.0,21,Ceiling,1,0.0009765625,0.43594380234372293,512.0,0.5,False,2944241545
7,10,2,0.158203125,0.0107421875,0.0,21,Ceiling,2,0.001953125,0.6230297309952197,512.0,0.5,False,2944241545
7,10,2,0.158203125,0.0107421875,0.0,21,Ceiling,3,0.0029296875,0.7194989190948473,512.0,0.5,False,2944241545
7,10,2,0.158203125,0.0107421875,0.0,21,Ceiling,4,0.00390625,0.7608988140924247,512.0,0.5,False,2944241545
7,10,2,0.158203125,0.0107421875,0.0,21,Ceiling,5,0.0048828125,0.7970172510215416,512.0,0.5,False,2944241545
7,10,2,0.158203125,0.0107421875,0.0,21,Ceiling,6,0.005859375,0.8223886708878931,512.0,0.5,False,2944241545
7,10,2,0.158203125,0.0107421875,0.0,21,Ceiling,7,0.0068359375,0.8471599322259059,512.0,0.5,False,2944241545
7,10,2,0.158203125,0.0107421875,0.0,21,Ceiling,9,0.0087890625,0.8822406533392113,512.0,0.5,False,2944241545
7,10,2,0.158203125,0.0107421875,0.0,21,Ceiling,11,0.0107421875,0.9085354812292762,512.0,0.5,False,2944241545
7,10,2,0.158203125,0.0107421875,0.0,21,Ceiling,13,0.0126953125,0.9258771543790271,512.0,0.5,False,2944241545
7,10,2,0.158203125,0.0107421875,0.0,21,Ceiling,16,0.015625,0.9441671856581736,512.0,0.5,False,2944241545
7,10,2,0.158203125,0.0107421875,0.0,21,Ceiling,20,0.01953125,0.9625610156125303,512.0,0.5,False,2944241545
7,10,2,0.158203125,0.0107421875,0.0,21,Ceiling,25,0.0244140625,0.9754294752053946,512.0,0.5,False,2944241545
7,10,2,0.158203125,0.0107421875,0.0,21,Ceiling,31,0.0302734375,0.9839679127751176,512.0,0.5,False,2944241545
7,10,2,0.158203125,0.0107421875,0.0,21,Ceiling,39,0.0380859375,0.9903219444262908,512.0,0.5,False,2944241545
7,10,2,0.158203125,0.0107421875,0.0,21,Ceiling,48,0.046875,0.9938714295600726,512.0,0.5,False,2944241545
7,10,2,0.158203125,0.0107421875,0.0,21,Ceiling,60,0.05859375,0.9965304805472841,512.0,0.5,False,2944241545
7,10,2,0.158203125,0.0107421875,0.0,21,Ceiling,74,0.072265625,0.9983832152753981,512.0,0.5,False,2944241545
7,10,2,0.158203125,0.0107421875,0.0,21,Ceiling,92,0.08984375,0.999347648180144,512.0,0.5,False,2944241545
7,10,2,0.158203125,0.0107421875,0.0,21,Ceiling,114,0.111328125,0.9997850403062586,512.0,0.5,False,2944241545
7,10,2,0.158203125,0.0107421875,0.0,21,Ceiling,141,0.1376953125,0.999947072184513,512.0,0.5,False,2944241545
7,10,2,0.158203125,0.0107421875,0.0,21,Ceiling,175,0.1708984375,0.9999941694793155,512.0,0.5,False,2944241545
7,10,2,0.158203125,0.0107421875,0.0,21,Ceiling,217,0.2119140625,0.999999944198836,512.0,0.5,False,2944241545
7,10,2,0.158203125,0.0107421875,0.0,21,Ceiling,269,0.2626953125,1.0000000000000009,512.0,0.5,False,2944241545
7,10,2,0.158203125,0.0107421875,0.0,21,Ceiling,333,0.3251953125,1.0000000000000009,512.0,0.5,False,2944241545
7,10,2,0.158203125,0.0107421875,0.0,21,Ceiling,413,0.4033203125,1.0000000000000009,512.0,0.5,False,2944241545
7,10,2,0.158203125,0.0107421875,0.0,21,Ceiling,512,0.5,1.0000000000000009,512.0,0.5,False,2944241545
7,10,2,0.158203125,0.0107421875,0.0,17,BARK,1,0.0009765625,0.0,256.0,0.25,True,2944241545
7,10,2,0.158203125,0.0107421875,0.0,17,BARK,2,0.001953125,1.1670140699159638e-35,256.0,0.25,True,2944241545
7,10,2,0.158203125,0.0107421875,0.0,17,BARK,3,0.0029296875,1.5167320824666896e-36,256.0,0.25,True,2944241545
7,10,2,0.158203125,0.0107421875,0.0,17,BARK,4,0.00390625,6.472425312993143e-36,256.0,0.25,True,2944241545
7,10,2,0.158203125,0.0107421875,0.0,17,BARK,5,0.0048828125,7.826688517756871e-36,256.0,0.25,True,2944241545
7,10,2,0.158203125,0.0107421875,0.0,17,BARK,6,0.005859375,7.89838129903111e-36,256.0,0.25,True,2944241545
7,10,2,0.158203125,0.0107421875,0.0,17,BARK,7,0.0068359375,8.414389288523828e-36,256.0,0.25,True,2944241545
7,10,2,0.158203125,0.0107421875,0.0,17,BARK,9,0.0087890625,7.764670862720963e-36,256.0,0.25,True,2944241545
7,10,2,0.158203125,0.0107421875,0.0,17,BARK,11,0.0107421875,3.730020461223252e-36,256.0,0.25,True,2944241545
7,10,2,0.158203125,0.0107421875,0.0,17,BARK,13,0.0126953125,7.869399231220306e-37,256.0,0.25,True,2944241545
7,10,2,0.158203125,0.0107421875,0.0,17,BARK,16,0.015625,9.775105374239633e-37,256.0,0.25,True,2944241545
7,10,2,0.158203125,0.0107421875,0.0,17,BARK,20,0.01953125,1.003039550689106e-36,256.0,0.25,True,2944241545
7,10,2,0.158203125,0.0107421875,0.0,17,BARK,25,0.0244140625,1.0225871901918083e-36,256.0,0.25,True,2944241545
7,10,2,0.158203125,0.0107421875,0.0,17,BARK,31,0.0302734375,1.0875104304869083e-36,256.0,0.25,True,2944241545
7,10,2,0.158203125,0.0107421875,0.0,17,BARK,39,0.0380859375,1.0844616684031615e-36,256.0,0.25,True,2944241545
7,10,2,0.158203125,0.0107421875,0.0,17,BARK,48,0.046875,9.167625975103345e-37,256.0,0.25,True,2944241545
7,10,2,0.158203125,0.0107421875,0.0,17,BARK,60,0.05859375,8.125072590114668e-37,256.0,0.25,True,2944241545
7,10,2,0.158203125,0.0107421875,0.0,17,BARK,74,0.072265625,1.0476743344344861e-36,256.0,0.25,True,2944241545
7,10,2,0.158203125,0.0107421875,0.0,17,BARK,92,0.08984375,1.0530339414254066e-36,256.0,0.25,True,2944241545
7,10,2,0.158203125,0.0107421875,0.0,17,BARK,114,0.111328125,9.1500541769213e-37,256.0,0.25,True,2944241545
7,10,2,0.158203125,0.0107421875,0.0,17,BARK,141,0.1376953125,1.216964500333011e-36,256.0,0.25,True,2944241545
7,10,2,0.158203125,0.0107421875,0.0,17,BARK,175,0.1708984375,1.6277525911152594e-36,256.0,0.25,True,2944241545
7,10,2,0.158203125,0.0107421875,0.0,17,BARK,217,0.2119140625,1.7116872666909516e-36,256.0,0.25,True,2944241545
7,10,2,0.158203125,0.0107421875,0.0,17,BARK,269,0.2626953125,1.7362377464071566e-36,256.0,0.25,True,2944241545
7,10,2,0.158203125,0.0107421875,0.0,17,BARK,333,0.3251953125,1.7362377464071566e-36,256.0,0.25,True,2944241545
7,10,2,0.158203125,0.0107421875,0.0,17,BARK,413,0.4033203125,1.7362377464071566e-36,256.0,0.25,True,2944241545
7,10,2,0.158203125,0.0107421875,0.0,17,BARK,512,0.5,1.7362377464071566e-36,256.0,0.25,True,2944241545
7,10,2,0.158203125,0.0107421875,0.0,17,Simplified BARK,1,0.0009765625,0.0,256.0,0.25,True,2944241545
7,10,2,0.158203125,0.0107421875,0.0,17,Simplified BARK,2,0.001953125,9.695460898880922e-39,256.0,0.25,True,2944241545
7,10,2,0.158203125,0.0107421875,0.0,17,Simplified BARK,3,0.0029296875,8.685881288945717e-39,256.0,0.25,True,2944241545
7,10,2,0.158203125,0.0107421875,0.0,17,Simplified BARK,4,0.00390625,1.0543687061937692e-39,256.0,0.25,True,2944241545
7,10,2,0.158203125,0.0107421875,0.0,17,Simplified BARK,5,0.0048828125,1.2888688728876469e-39,256.0,0.25,True,2944241545
7,10,2,0.158203125,0.0107421875,0.0,17,Simplified BARK,6,0.005859375,9.105023451982343e-40,256.0,0.25,True,2944241545
7,10,2,0.158203125,0.0107421875,0.0,17,Simplified BARK,7,0.0068359375,9.13886369083858e-40,256.0,0.25,True,2944241545
7,10,2,0.158203125,0.0107421875,0.0,17,Simplified BARK,9,0.0087890625,9.145398507831692e-40,256.0,0.25,True,2944241545
7,10,2,0.158203125,0.0107421875,0.0,17,Simplified BARK,11,0.0107421875,9.588962767340593e-40,256.0,0.25,True,2944241545
7,10,2,0.158203125,0.0107421875,0.0,17,Simplified BARK,13,0.0126953125,8.923934072610138e-40,256.0,0.25,True,2944241545
7,10,2,0.158203125,0.0107421875,0.0,17,Simplified BARK,16,0.015625,3.801191813428022e-40,256.0,0.25,True,2944241545
7,10,2,0.158203125,0.0107421875,0.0,17,Simplified BARK,20,0.01953125,3.380079852660353e-38,256.0,0.25,True,2944241545
7,10,2,0.158203125,0.0107421875,0.0,17,Simplified BARK,25,0.0244140625,2.7180253739255042e-33,256.0,0.25,True,2944241545
7,10,2,0.158203125,0.0107421875,0.0,17,Simplified BARK,31,0.0302734375,3.6522920798523534e-36,256.0,0.25,True,2944241545
7,10,2,0.158203125,0.0107421875,0.0,17,Simplified BARK,39,0.0380859375,2.4881966269790806e-36,256.0,0.25,True,2944241545
7,10,2,0.158203125,0.0107421875,0.0,17,Simplified BARK,48,0.046875,3.300185283933631e-36,256.0,0.25,True,2944241545
7,10,2,0.158203125,0.0107421875,0.0,17,Simplified BARK,60,0.05859375,4.0398620841273963e-38,256.0,0.25,True,2944241545
7,10,2,0.158203125,0.0107421875,0.0,17,Simplified BARK,74,0.072265625,8.561346911953294e-38,256.0,0.25,True,2944241545
7,10,2,0.158203125,0.0107421875,0.0,17,Simplified BARK,92,0.08984375,2.313106029276715e-36,256.0,0.25,True,2944241545
7,10,2,0.158203125,0.0107421875,0.0,17,Simplified BARK,114,0.111328125,1.6318122781278516e-37,256.0,0.25,True,2944241545
7,10,2,0.158203125,0.0107421875,0.0,17,Simplified BARK,141,0.1376953125,2.3012637468732463e-37,256.0,0.25,True,2944241545
7,10,2,0.158203125,0.0107421875,0.0,17,Simplified BARK,175,0.1708984375,1.377996440570625e-37,256.0,0.25,True,2944241545
7,10,2,0.158203125,0.0107421875,0.0,17,Simplified BARK,217,0.2119140625,2.0338649313193662e-38,256.0,0.25,True,2944241545
7,10,2,0.158203125,0.0107421875,0.0,17,Simplified BARK,269,0.2626953125,1.7362377800690515e-36,256.0,0.25,True,2944241545
7,10,2,0.158203125,0.0107421875,0.0,17,Simplified BARK,333,0.3251953125,1.7362377800690515e-36,256.0,0.25,True,2944241545
7,10,2,0.158203125,0.0107421875,0.0,17,Simplified BARK,413,0.4033203125,1.7362377800690515e-36,256.0,0.25,True,2944241545
7,10,2,0.158203125,0.0107421875,0.0,17,Simplified BARK,512,0.5,1.7362377800690515e-36,256.0,0.25,True,2944241545
7,10,2,0.158203125,0.0107421875,0.0,17,SKQD,1,0.0009765625,0.0,39.666666666666664,0.038736979166666664,True,2944241545
7,10,2,0.158203125,0.0107421875,0.0,17,SKQD,2,0.001953125,6.88799337166914e-41,39.666666666666664,0.038736979166666664,True,2944241545
7,10,2,0.158203125,0.0107421875,0.0,17,SKQD,3,0.0029296875,1.7181844742188912e-39,39.666666666666664,0.038736979166666664,True,2944241545
7,10,2,0.158203125,0.0107421875,0.0,17,SKQD,4,0.00390625,1.7181844742188912e-39,39.666666666666664,0.038736979166666664,True,2944241545
7,10,2,0.158203125,0.0107421875,0.0,17,SKQD,5,0.0048828125,1.7181844742188912e-39,39.666666666666664,0.038736979166666664,True,2944241545
7,10,2,0.158203125,0.0107421875,0.0,17,SKQD,6,0.005859375,2.0495302062750373e-39,39.666666666666664,0.038736979166666664,True,2944241545
7,10,2,0.158203125,0.0107421875,0.0,17,SKQD,7,0.0068359375,3.4669535239847553e-39,39.666666666666664,0.038736979166666664,True,2944241545
7,10,2,0.158203125,0.0107421875,0.0,17,SKQD,9,0.0087890625,3.4669535239847553e-39,39.666666666666664,0.038736979166666664,True,2944241545
7,10,2,0.158203125,0.0107421875,0.0,17,SKQD,11,0.0107421875,8.068953515473665e-39,39.666666666666664,0.038736979166666664,True,2944241545
7,10,2,0.158203125,0.0107421875,0.0,17,SKQD,13,0.0126953125,9.031473710420248e-39,39.666666666666664,0.038736979166666664,True,2944241545
7,10,2,0.158203125,0.0107421875,0.0,17,SKQD,16,0.015625,5.386370721318232e-38,39.666666666666664,0.038736979166666664,True,2944241545
7,10,2,0.158203125,0.0107421875,0.0,17,SKQD,20,0.01953125,4.98002775226444e-37,39.666666666666664,0.038736979166666664,True,2944241545
7,10,2,0.158203125,0.0107421875,0.0,17,SKQD,25,0.0244140625,4.980037970390554e-37,39.666666666666664,0.038736979166666664,True,2944241545
7,10,2,0.158203125,0.0107421875,0.0,17,SKQD,31,0.0302734375,1.0582848393460727e-35,39.666666666666664,0.038736979166666664,True,2944241545
7,10,2,0.158203125,0.0107421875,0.0,17,SKQD,39,0.0380859375,6.240956793903001e-37,39.666666666666664,0.038736979166666664,True,2944241545
7,10,2,0.158203125,0.0107421875,0.0,17,SKQD,48,0.046875,3.667712321880599e-36,39.666666666666664,0.038736979166666664,True,2944241545
7,10,2,0.158203125,0.0107421875,0.0,17,SKQD,60,0.05859375,4.2419632175165e-34,39.666666666666664,0.038736979166666664,True,2944241545
7,10,2,0.158203125,0.0107421875,0.0,17,SKQD,74,0.072265625,2.8694892896949306e-34,39.666666666666664,0.038736979166666664,True,2944241545
7,10,2,0.158203125,0.0107421875,0.0,17,SKQD,92,0.08984375,2.8694892896949306e-34,39.666666666666664,0.038736979166666664,True,2944241545
7,10,2,0.158203125,0.0107421875,0.0,17,SKQD,114,0.111328125,2.8694892896949306e-34,39.666666666666664,0.038736979166666664,True,2944241545
7,10,2,0.158203125,0.0107421875,0.0,17,SKQD,141,0.1376953125,2.8694892896949306e-34,39.666666666666664,0.038736979166666664,True,2944241545
7,10,2,0.158203125,0.0107421875,0.0,17,SKQD,175,0.1708984375,2.8694892896949306e-34,39.666666666666664,0.038736979166666664,True,2944241545
7,10,2,0.158203125,0.0107421875,0.0,17,SKQD,217,0.2119140625,2.8694892896949306e-34,39.666666666666664,0.038736979166666664,True,2944241545
7,10,2,0.158203125,0.0107421875,0.0,17,SKQD,269,0.2626953125,2.8694892896949306e-34,39.666666666666664,0.038736979166666664,True,2944241545
7,10,2,0.158203125,0.0107421875,0.0,17,SKQD,333,0.3251953125,2.8694892896949306e-34,39.666666666666664,0.038736979166666664,True,2944241545
7,10,2,0.158203125,0.0107421875,0.0,17,SKQD,413,0.4033203125,2.8694892896949306e-34,39.666666666666664,0.038736979166666664,True,2944241545
7,10,2,0.158203125,0.0107421875,0.0,17,SKQD,512,0.5,2.8694892896949306e-34,39.666666666666664,0.038736979166666664,True,2944241545
7,10,2,0.158203125,0.0107421875,0.0,17,Ceiling,1,0.0009765625,0.43594380234372293,512.0,0.5,False,2944241545
7,10,2,0.158203125,0.0107421875,0.0,17,Ceiling,2,0.001953125,0.6230297309952197,512.0,0.5,False,2944241545
7,10,2,0.158203125,0.0107421875,0.0,17,Ceiling,3,0.0029296875,0.7194989190948473,512.0,0.5,False,2944241545
7,10,2,0.158203125,0.0107421875,0.0,17,Ceiling,4,0.00390625,0.7608988140924247,512.0,0.5,False,2944241545
7,10,2,0.158203125,0.0107421875,0.0,17,Ceiling,5,0.0048828125,0.7970172510215416,512.0,0.5,False,2944241545
7,10,2,0.158203125,0.0107421875,0.0,17,Ceiling,6,0.005859375,0.8223886708878931,512.0,0.5,False,2944241545
7,10,2,0.158203125,0.0107421875,0.0,17,Ceiling,7,0.0068359375,0.8471599322259059,512.0,0.5,False,2944241545
7,10,2,0.158203125,0.0107421875,0.0,17,Ceiling,9,0.0087890625,0.8822406533392113,512.0,0.5,False,2944241545
7,10,2,0.158203125,0.0107421875,0.0,17,Ceiling,11,0.0107421875,0.9085354812292762,512.0,0.5,False,2944241545
7,10,2,0.158203125,0.0107421875,0.0,17,Ceiling,13,0.0126953125,0.9258771543790271,512.0,0.5,False,2944241545
7,10,2,0.158203125,0.0107421875,0.0,17,Ceiling,16,0.015625,0.9441671856581736,512.0,0.5,False,2944241545
7,10,2,0.158203125,0.0107421875,0.0,17,Ceiling,20,0.01953125,0.9625610156125303,512.0,0.5,False,2944241545
7,10,2,0.158203125,0.0107421875,0.0,17,Ceiling,25,0.0244140625,0.9754294752053946,512.0,0.5,False,2944241545
7,10,2,0.158203125,0.0107421875,0.0,17,Ceiling,31,0.0302734375,0.9839679127751176,512.0,0.5,False,2944241545
7,10,2,0.158203125,0.0107421875,0.0,17,Ceiling,39,0.0380859375,0.9903219444262908,512.0,0.5,False,2944241545
7,10,2,0.158203125,0.0107421875,0.0,17,Ceiling,48,0.046875,0.9938714295600726,512.0,0.5,False,2944241545
7,10,2,0.158203125,0.0107421875,0.0,17,Ceiling,60,0.05859375,0.9965304805472841,512.0,0.5,False,2944241545
7,10,2,0.158203125,0.0107421875,0.0,17,Ceiling,74,0.072265625,0.9983832152753981,512.0,0.5,False,2944241545
7,10,2,0.158203125,0.0107421875,0.0,17,Ceiling,92,0.08984375,0.999347648180144,512.0,0.5,False,2944241545
7,10,2,0.158203125,0.0107421875,0.0,17,Ceiling,114,0.111328125,0.9997850403062586,512.0,0.5,False,2944241545
7,10,2,0.158203125,0.0107421875,0.0,17,Ceiling,141,0.1376953125,0.999947072184513,512.0,0.5,False,2944241545
7,10,2,0.158203125,0.0107421875,0.0,17,Ceiling,175,0.1708984375,0.9999941694793155,512.0,0.5,False,2944241545
7,10,2,0.158203125,0.0107421875,0.0,17,Ceiling,217,0.2119140625,0.999999944198836,512.0,0.5,False,2944241545
7,10,2,0.158203125,0.0107421875,0.0,17,Ceiling,269,0.2626953125,1.0000000000000009,512.0,0.5,False,2944241545
7,10,2,0.158203125,0.0107421875,0.0,17,Ceiling,333,0.3251953125,1.0000000000000009,512.0,0.5,False,2944241545
7,10,2,0.158203125,0.0107421875,0.0,17,Ceiling,413,0.4033203125,1.0000000000000009,512.0,0.5,False,2944241545
7,10,2,0.158203125,0.0107421875,0.0,17,Ceiling,512,0.5,1.0000000000000009,512.0,0.5,False,2944241545
7,10,2,0.158203125,0.0107421875,0.0,12,BARK,1,0.0009765625,0.0,256.0,0.25,True,2944241545
7,10,2,0.158203125,0.0107421875,0.0,12,BARK,2,0.001953125,2.195158508393474e-37,256.0,0.25,True,2944241545
7,10,2,0.158203125,0.0107421875,0.0,12,BARK,3,0.0029296875,1.781449010475021e-37,256.0,0.25,True,2944241545
7,10,2,0.158203125,0.0107421875,0.0,12,BARK,4,0.00390625,6.162179824645008e-37,256.0,0.25,True,2944241545
7,10,2,0.158203125,0.0107421875,0.0,12,BARK,5,0.0048828125,4.10219555941686e-36,256.0,0.25,True,2944241545
7,10,2,0.158203125,0.0107421875,0.0,12,BARK,6,0.005859375,5.219136128069338e-36,256.0,0.25,True,2944241545
7,10,2,0.158203125,0.0107421875,0.0,12,BARK,7,0.0068359375,5.2577117778661425e-36,256.0,0.25,True,2944241545
7,10,2,0.158203125,0.0107421875,0.0,12,BARK,9,0.0087890625,5.5461071760081905e-36,256.0,0.25,True,2944241545
7,10,2,0.158203125,0.0107421875,0.0,12,BARK,11,0.0107421875,5.165607960869688e-36,256.0,0.25,True,2944241545
7,10,2,0.158203125,0.0107421875,0.0,12,BARK,13,0.0126953125,5.872863613509749e-36,256.0,0.25,True,2944241545
7,10,2,0.158203125,0.0107421875,0.0,12,BARK,16,0.015625,6.540546482895106e-36,256.0,0.25,True,2944241545
7,10,2,0.158203125,0.0107421875,0.0,12,BARK,20,0.01953125,3.644516263097474e-36,256.0,0.25,True,2944241545
7,10,2,0.158203125,0.0107421875,0.0,12,BARK,25,0.0244140625,1.3952887797378537e-36,256.0,0.25,True,2944241545
7,10,2,0.158203125,0.0107421875,0.0,12,BARK,31,0.0302734375,1.0272823624812461e-36,256.0,0.25,True,2944241545
7,10,2,0.158203125,0.0107421875,0.0,12,BARK,39,0.0380859375,1.0933411955993238e-36,256.0,0.25,True,2944241545
7,10,2,0.158203125,0.0107421875,0.0,12,BARK,48,0.046875,1.2461961506105532e-36,256.0,0.25,True,2944241545
7,10,2,0.158203125,0.0107421875,0.0,12,BARK,60,0.05859375,9.234958834716151e-37,256.0,0.25,True,2944241545
7,10,2,0.158203125,0.0107421875,0.0,12,BARK,74,0.072265625,8.021466508412432e-37,256.0,0.25,True,2944241545
7,10,2,0.158203125,0.0107421875,0.0,12,BARK,92,0.08984375,8.031222831882095e-37,256.0,0.25,True,2944241545
7,10,2,0.158203125,0.0107421875,0.0,12,BARK,114,0.111328125,1.434962079160075e-36,256.0,0.25,True,2944241545
7,10,2,0.158203125,0.0107421875,0.0,12,BARK,141,0.1376953125,1.1343544697526343e-36,256.0,0.25,True,2944241545
7,10,2,0.158203125,0.0107421875,0.0,12,BARK,175,0.1708984375,1.6464921914329887e-36,256.0,0.25,True,2944241545
7,10,2,0.158203125,0.0107421875,0.0,12,BARK,217,0.2119140625,1.715733359447232e-36,256.0,0.25,True,2944241545
7,10,2,0.158203125,0.0107421875,0.0,12,BARK,269,0.2626953125,1.736237779406076e-36,256.0,0.25,True,2944241545
7,10,2,0.158203125,0.0107421875,0.0,12,BARK,333,0.3251953125,1.736237779406076e-36,256.0,0.25,True,2944241545
7,10,2,0.158203125,0.0107421875,0.0,12,BARK,413,0.4033203125,1.736237779406076e-36,256.0,0.25,True,2944241545
7,10,2,0.158203125,0.0107421875,0.0,12,BARK,512,0.5,1.736237779406076e-36,256.0,0.25,True,2944241545
7,10,2,0.158203125,0.0107421875,0.0,12,Simplified BARK,1,0.0009765625,0.0,256.0,0.25,True,2944241545
7,10,2,0.158203125,0.0107421875,0.0,12,Simplified BARK,2,0.001953125,0.0,256.0,0.25,True,2944241545
7,10,2,0.158203125,0.0107421875,0.0,12,Simplified BARK,3,0.0029296875,7.017535820239072e-37,256.0,0.25,True,2944241545
7,10,2,0.158203125,0.0107421875,0.0,12,Simplified BARK,4,0.00390625,1.2090766213255805e-36,256.0,0.25,True,2944241545
7,10,2,0.158203125,0.0107421875,0.0,12,Simplified BARK,5,0.0048828125,1.8972875836106223e-35,256.0,0.25,True,2944241545
7,10,2,0.158203125,0.0107421875,0.0,12,Simplified BARK,6,0.005859375,5.811764062158198e-35,256.0,0.25,True,2944241545
7,10,2,0.158203125,0.0107421875,0.0,12,Simplified BARK,7,0.0068359375,1.7072152689595578e-33,256.0,0.25,True,2944241545
7,10,2,0.158203125,0.0107421875,0.0,12,Simplified BARK,9,0.0087890625,2.2427479235562828e-33,256.0,0.25,True,2944241545
7,10,2,0.158203125,0.0107421875,0.0,12,Simplified BARK,11,0.0107421875,2.7989275024698605e-33,256.0,0.25,True,2944241545
7,10,2,0.158203125,0.0107421875,0.0,12,Simplified BARK,13,0.0126953125,2.745202456340632e-33,256.0,0.25,True,2944241545
7,10,2,0.158203125,0.0107421875,0.0,12,Simplified BARK,16,0.015625,1.954073371071622e-37,256.0,0.25,True,2944241545
7,10,2,0.158203125,0.0107421875,0.0,12,Simplified BARK,20,0.01953125,1.429448263110202e-35,256.0,0.25,True,2944241545
7,10,2,0.158203125,0.0107421875,0.0,12,Simplified BARK,25,0.0244140625,1.0276095498464346e-35,256.0,0.25,True,2944241545
7,10,2,0.158203125,0.0107421875,0.0,12,Simplified BARK,31,0.0302734375,1.883391383366585e-36,256.0,0.25,True,2944241545
7,10,2,0.158203125,0.0107421875,0.0,12,Simplified BARK,39,0.0380859375,2.3582910312366964e-36,256.0,0.25,True,2944241545
7,10,2,0.158203125,0.0107421875,0.0,12,Simplified BARK,48,0.046875,3.1242586224620755e-36,256.0,0.25,True,2944241545
7,10,2,0.158203125,0.0107421875,0.0,12,Simplified BARK,60,0.05859375,1.0145755308934937e-37,256.0,0.25,True,2944241545
7,10,2,0.158203125,0.0107421875,0.0,12,Simplified BARK,74,0.072265625,8.561346911948206e-38,256.0,0.25,True,2944241545
7,10,2,0.158203125,0.0107421875,0.0,12,Simplified BARK,92,0.08984375,2.3131060292767864e-36,256.0,0.25,True,2944241545
7,10,2,0.158203125,0.0107421875,0.0,12,Simplified BARK,114,0.111328125,1.631812278128073e-37,256.0,0.25,True,2944241545
7,10,2,0.158203125,0.0107421875,0.0,12,Simplified BARK,141,0.1376953125,2.3012637468733416e-37,256.0,0.25,True,2944241545
7,10,2,0.158203125,0.0107421875,0.0,12,Simplified BARK,175,0.1708984375,1.3779964405706199e-37,256.0,0.25,True,2944241545
7,10,2,0.158203125,0.0107421875,0.0,12,Simplified BARK,217,0.2119140625,2.0338649313193383e-38,256.0,0.25,True,2944241545
7,10,2,0.158203125,0.0107421875,0.0,12,Simplified BARK,269,0.2626953125,1.7362377800690485e-36,256.0,0.25,True,2944241545
7,10,2,0.158203125,0.0107421875,0.0,12,Simplified BARK,333,0.3251953125,1.7362377800690485e-36,256.0,0.25,True,2944241545
7,10,2,0.158203125,0.0107421875,0.0,12,Simplified BARK,413,0.4033203125,1.7362377800690485e-36,256.0,0.25,True,2944241545
7,10,2,0.158203125,0.0107421875,0.0,12,Simplified BARK,512,0.5,1.7362377800690485e-36,256.0,0.25,True,2944241545
7,10,2,0.158203125,0.0107421875,0.0,12,SKQD,1,0.0009765625,0.0,1.0,0.0009765625,True,2944241545
7,10,2,0.158203125,0.0107421875,0.0,12,SKQD,2,0.001953125,0.0,1.0,0.0009765625,True,2944241545
7,10,2,0.158203125,0.0107421875,0.0,12,SKQD,3,0.0029296875,0.0,1.0,0.0009765625,True,2944241545
7,10,2,0.158203125,0.0107421875,0.0,12,SKQD,4,0.00390625,0.0,1.0,0.0009765625,True,2944241545
7,10,2,0.158203125,0.0107421875,0.0,12,SKQD,5,0.0048828125,0.0,1.0,0.0009765625,True,2944241545
7,10,2,0.158203125,0.0107421875,0.0,12,SKQD,6,0.005859375,0.0,1.0,0.0009765625,True,2944241545
7,10,2,0.158203125,0.0107421875,0.0,12,SKQD,7,0.0068359375,0.0,1.0,0.0009765625,True,2944241545
7,10,2,0.158203125,0.0107421875,0.0,12,SKQD,9,0.0087890625,0.0,1.0,0.0009765625,True,2944241545
7,10,2,0.158203125,0.0107421875,0.0,12,SKQD,11,0.0107421875,0.0,1.0,0.0009765625,True,2944241545
7,10,2,0.158203125,0.0107421875,0.0,12,SKQD,13,0.0126953125,0.0,1.0,0.0009765625,True,2944241545
7,10,2,0.158203125,0.0107421875,0.0,12,SKQD,16,0.015625,0.0,1.0,0.0009765625,True,2944241545
7,10,2,0.158203125,0.0107421875,0.0,12,SKQD,20,0.01953125,0.0,1.0,0.0009765625,True,2944241545
7,10,2,0.158203125,0.0107421875,0.0,12,SKQD,25,0.0244140625,0.0,1.0,0.0009765625,True,2944241545
7,10,2,0.158203125,0.0107421875,0.0,12,SKQD,31,0.0302734375,0.0,1.0,0.0009765625,True,2944241545
7,10,2,0.158203125,0.0107421875,0.0,12,SKQD,39,0.0380859375,0.0,1.0,0.0009765625,True,2944241545
7,10,2,0.158203125,0.0107421875,0.0,12,SKQD,48,0.046875,0.0,1.0,0.0009765625,True,2944241545
7,10,2,0.158203125,0.0107421875,0.0,12,SKQD,60,0.05859375,0.0,1.0,0.0009765625,True,2944241545
7,10,2,0.158203125,0.0107421875,0.0,12,SKQD,74,0.072265625,0.0,1.0,0.0009765625,True,2944241545
7,10,2,0.158203125,0.0107421875,0.0,12,SKQD,92,0.08984375,0.0,1.0,0.0009765625,True,2944241545
7,10,2,0.158203125,0.0107421875,0.0,12,SKQD,114,0.111328125,0.0,1.0,0.0009765625,True,2944241545
7,10,2,0.158203125,0.0107421875,0.0,12,SKQD,141,0.1376953125,0.0,1.0,0.0009765625,True,2944241545
7,10,2,0.158203125,0.0107421875,0.0,12,SKQD,175,0.1708984375,0.0,1.0,0.0009765625,True,2944241545
7,10,2,0.158203125,0.0107421875,0.0,12,SKQD,217,0.2119140625,0.0,1.0,0.0009765625,True,2944241545
7,10,2,0.158203125,0.0107421875,0.0,12,SKQD,269,0.2626953125,0.0,1.0,0.0009765625,True,2944241545
7,10,2,0.158203125,0.0107421875,0.0,12,SKQD,333,0.3251953125,0.0,1.0,0.0009765625,True,2944241545
7,10,2,0.158203125,0.0107421875,0.0,12,SKQD,413,0.4033203125,0.0,1.0,0.0009765625,True,2944241545
7,10,2,0.158203125,0.0107421875,0.0,12,SKQD,512,0.5,0.0,1.0,0.0009765625,True,2944241545
7,10,2,0.158203125,0.0107421875,0.0,12,Ceiling,1,0.0009765625,0.43594380234372293,512.0,0.5,False,2944241545
7,10,2,0.158203125,0.0107421875,0.0,12,Ceiling,2,0.001953125,0.6230297309952197,512.0,0.5,False,2944241545
7,10,2,0.158203125,0.0107421875,0.0,12,Ceiling,3,0.0029296875,0.7194989190948473,512.0,0.5,False,2944241545
7,10,2,0.158203125,0.0107421875,0.0,12,Ceiling,4,0.00390625,0.7608988140924247,512.0,0.5,False,2944241545
7,10,2,0.158203125,0.0107421875,0.0,12,Ceiling,5,0.0048828125,0.7970172510215416,512.0,0.5,False,2944241545
7,10,2,0.158203125,0.0107421875,0.0,12,Ceiling,6,0.005859375,0.8223886708878931,512.0,0.5,False,2944241545
7,10,2,0.158203125,0.0107421875,0.0,12,Ceiling,7,0.0068359375,0.8471599322259059,512.0,0.5,False,2944241545
7,10,2,0.158203125,0.0107421875,0.0,12,Ceiling,9,0.0087890625,0.8822406533392113,512.0,0.5,False,2944241545
7,10,2,0.158203125,0.0107421875,0.0,12,Ceiling,11,0.0107421875,0.9085354812292762,512.0,0.5,False,2944241545
7,10,2,0.158203125,0.0107421875,0.0,12,Ceiling,13,0.0126953125,0.9258771543790271,512.0,0.5,False,2944241545
7,10,2,0.158203125,0.0107421875,0.0,12,Ceiling,16,0.015625,0.9441671856581736,512.0,0.5,False,2944241545
7,10,2,0.158203125,0.0107421875,0.0,12,Ceiling,20,0.01953125,0.9625610156125303,512.0,0.5,False,2944241545
7,10,2,0.158203125,0.0107421875,0.0,12,Ceiling,25,0.0244140625,0.9754294752053946,512.0,0.5,False,2944241545
7,10,2,0.158203125,0.0107421875,0.0,12,Ceiling,31,0.0302734375,0.9839679127751176,512.0,0.5,False,2944241545
7,10,2,0.158203125,0.0107421875,0.0,12,Ceiling,39,0.0380859375,0.9903219444262908,512.0,0.5,False,2944241545
7,10,2,0.158203125,0.0107421875,0.0,12,Ceiling,48,0.046875,0.9938714295600726,512.0,0.5,False,2944241545
7,10,2,0.158203125,0.0107421875,0.0,12,Ceiling,60,0.05859375,0.9965304805472841,512.0,0.5,False,2944241545
7,10,2,0.158203125,0.0107421875,0.0,12,Ceiling,74,0.072265625,0.9983832152753981,512.0,0.5,False,2944241545
7,10,2,0.158203125,0.0107421875,0.0,12,Ceiling,92,0.08984375,0.999347648180144,512.0,0.5,False,2944241545
7,10,2,0.158203125,0.0107421875,0.0,12,Ceiling,114,0.111328125,0.9997850403062586,512.0,0.5,False,2944241545
7,10,2,0.158203125,0.0107421875,0.0,12,Ceiling,141,0.1376953125,0.999947072184513,512.0,0.5,False,2944241545
7,10,2,0.158203125,0.0107421875,0.0,12,Ceiling,175,0.1708984375,0.9999941694793155,512.0,0.5,False,2944241545
7,10,2,0.158203125,0.0107421875,0.0,12,Ceiling,217,0.2119140625,0.999999944198836,512.0,0.5,False,2944241545
7,10,2,0.158203125,0.0107421875,0.0,12,Ceiling,269,0.2626953125,1.0000000000000009,512.0,0.5,False,2944241545
7,10,2,0.158203125,0.0107421875,0.0,12,Ceiling,333,0.3251953125,1.0000000000000009,512.0,0.5,False,2944241545
7,10,2,0.158203125,0.0107421875,0.0,12,Ceiling,413,0.4033203125,1.0000000000000009,512.0,0.5,False,2944241545
7,10,2,0.158203125,0.0107421875,0.0,12,Ceiling,512,0.5,1.0000000000000009,512.0,0.5,False,2944241545
7,10,3,0.283203125,0.015625,0.04560681999241845,365,BARK,1,0.0009765625,0.04560681999241845,512.0,0.5,False,1437983121
7,10,3,0.283203125,0.015625,0.04560681999241845,365,BARK,2,0.001953125,0.7874919661183697,512.0,0.5,False,1437983121
7,10,3,0.283203125,0.015625,0.04560681999241845,365,BARK,3,0.0029296875,0.8399242308945469,512.0,0.5,False,1437983121
7,10,3,0.283203125,0.015625,0.04560681999241845,365,BARK,4,0.00390625,0.8600124000834717,512.0,0.5,False,1437983121
7,10,3,0.283203125,0.015625,0.04560681999241845,365,BARK,5,0.0048828125,0.8604551696245581,512.0,0.5,False,1437983121
7,10,3,0.283203125,0.015625,0.04560681999241845,365,BARK,6,0.005859375,0.8595426865721172,512.0,0.5,False,1437983121
7,10,3,0.283203125,0.015625,0.04560681999241845,365,BARK,7,0.0068359375,0.8757478511177403,512.0,0.5,False,1437983121
7,10,3,0.283203125,0.015625,0.04560681999241845,365,BARK,9,0.0087890625,0.8805208997633877,512.0,0.5,False,1437983121
7,10,3,0.283203125,0.015625,0.04560681999241845,365,BARK,11,0.0107421875,0.8827435522924764,512.0,0.5,False,1437983121
7,10,3,0.283203125,0.015625,0.04560681999241845,365,BARK,13,0.0126953125,0.8827676901959424,512.0,0.5,False,1437983121
7,10,3,0.283203125,0.015625,0.04560681999241845,365,BARK,16,0.015625,0.8867647845261577,512.0,0.5,False,1437983121
7,10,3,0.283203125,0.015625,0.04560681999241845,365,BARK,20,0.01953125,0.8925074634986474,512.0,0.5,False,1437983121
7,10,3,0.283203125,0.015625,0.04560681999241845,365,BARK,25,0.0244140625,0.9189962299693079,512.0,0.5,False,1437983121
7,10,3,0.283203125,0.015625,0.04560681999241845,365,BARK,31,0.0302734375,0.9203659032443082,512.0,0.5,False,1437983121
7,10,3,0.283203125,0.015625,0.04560681999241845,365,BARK,39,0.0380859375,0.9438348825100219,512.0,0.5,False,1437983121
7,10,3,0.283203125,0.015625,0.04560681999241845,365,BARK,48,0.046875,0.9670023012627806,512.0,0.5,False,1437983121
7,10,3,0.283203125,0.015625,0.04560681999241845,365,BARK,60,0.05859375,0.971529486157243,512.0,0.5,False,1437983121
7,10,3,0.283203125,0.015625,0.04560681999241845,365,BARK,74,0.072265625,0.987555637489858,512.0,0.5,False,1437983121
7,10,3,0.283203125,0.015625,0.04560681999241845,365,BARK,92,0.08984375,0.9901760587426162,512.0,0.5,False,1437983121
7,10,3,0.283203125,0.015625,0.04560681999241845,365,BARK,114,0.111328125,0.9912033913986302,512.0,0.5,False,1437983121
7,10,3,0.283203125,0.015625,0.04560681999241845,365,BARK,141,0.1376953125,0.996992578330654,512.0,0.5,False,1437983121
7,10,3,0.283203125,0.015625,0.04560681999241845,365,BARK,175,0.1708984375,0.9982958165636837,512.0,0.5,False,1437983121
7,10,3,0.283203125,0.015625,0.04560681999241845,365,BARK,217,0.2119140625,0.999278654573811,512.0,0.5,False,1437983121
7,10,3,0.283203125,0.015625,0.04560681999241845,365,BARK,269,0.2626953125,0.999784811675644,512.0,0.5,False,1437983121
7,10,3,0.283203125,0.015625,0.04560681999241845,365,BARK,333,0.3251953125,0.9999399848728338,512.0,0.5,False,1437983121
7,10,3,0.283203125,0.015625,0.04560681999241845,365,BARK,413,0.4033203125,0.9999913856437532,512.0,0.5,False,1437983121
7,10,3,0.283203125,0.015625,0.04560681999241845,365,BARK,512,0.5,1.0000000000000004,512.0,0.5,False,1437983121
7,10,3,0.283203125,0.015625,0.04560681999241845,365,Simplified BARK,1,0.0009765625,0.04560681999241845,512.0,0.5,False,1437983121
7,10,3,0.283203125,0.015625,0.04560681999241845,365,Simplified BARK,2,0.001953125,0.04025399917303102,512.0,0.5,False,1437983121
7,10,3,0.283203125,0.015625,0.04560681999241845,365,Simplified BARK,3,0.0029296875,0.044424836571660554,512.0,0.5,False,1437983121
7,10,3,0.283203125,0.015625,0.04560681999241845,365,Simplified BARK,4,0.00390625,0.03405024687201762,512.0,0.5,False,1437983121
7,10,3,0.283203125,0.015625,0.04560681999241845,365,Simplified BARK,5,0.0048828125,0.031253214223185694,512.0,0.5,False,1437983121
7,10,3,0.283203125,0.015625,0.04560681999241845,365,Simplified BARK,6,0.005859375,0.029487196757667093,512.0,0.5,False,1437983121
7,10,3,0.283203125,0.015625,0.04560681999241845,365,Simplified BARK,7,0.0068359375,0.7924219333590514,512.0,0.5,False,1437983121
7,10,3,0.283203125,0.015625,0.04560681999241845,365,Simplified BARK,9,0.0087890625,0.8675044262071221,512.0,0.5,False,1437983121
7,10,3,0.283203125,0.015625,0.04560681999241845,365,Simplified BARK,11,0.0107421875,0.8874760907177042,512.0,0.5,False,1437983121
7,10,3,0.283203125,0.015625,0.04560681999241845,365,Simplified BARK,13,0.0126953125,0.8892422223994619,512.0,0.5,False,1437983121
7,10,3,0.283203125,0.015625,0.04560681999241845,365,Simplified BARK,16,0.015625,0.8904571593281096,512.0,0.5,False,1437983121
7,10,3,0.283203125,0.015625,0.04560681999241845,365,Simplified BARK,20,0.01953125,0.890494226906716,512.0,0.5,False,1437983121
7,10,3,0.283203125,0.015625,0.04560681999241845,365,Simplified BARK,25,0.0244140625,0.9148323688006472,512.0,0.5,False,1437983121
7,10,3,0.283203125,0.015625,0.04560681999241845,365,Simplified BARK,31,0.0302734375,0.9150290878169823,512.0,0.5,False,1437983121
7,10,3,0.283203125,0.015625,0.04560681999241845,365,Simplified BARK,39,0.0380859375,0.9150541312930786,512.0,0.5,False,1437983121
7,10,3,0.283203125,0.015625,0.04560681999241845,365,Simplified BARK,48,0.046875,0.9150675465805119,512.0,0.5,False,1437983121
7,10,3,0.283203125,0.015625,0.04560681999241845,365,Simplified BARK,60,0.05859375,0.9164137316503702,512.0,0.5,False,1437983121
7,10,3,0.283203125,0.015625,0.04560681999241845,365,Simplified BARK,74,0.072265625,0.9212770103031525,512.0,0.5,False,1437983121
7,10,3,0.283203125,0.015625,0.04560681999241845,365,Simplified BARK,92,0.08984375,0.9217090531637662,512.0,0.5,False,1437983121
7,10,3,0.283203125,0.015625,0.04560681999241845,365,Simplified BARK,114,0.111328125,0.9440546936185185,512.0,0.5,False,1437983121
7,10,3,0.283203125,0.015625,0.04560681999241845,365,Simplified BARK,141,0.1376953125,0.9483035579234931,512.0,0.5,False,1437983121
7,10,3,0.283203125,0.015625,0.04560681999241845,365,Simplified BARK,175,0.1708984375,0.9608256553951061,512.0,0.5,False,1437983121
7,10,3,0.283203125,0.015625,0.04560681999241845,365,Simplified BARK,217,0.2119140625,0.9654149114162835,512.0,0.5,False,1437983121
7,10,3,0.283203125,0.015625,0.04560681999241845,365,Simplified BARK,269,0.2626953125,0.969913517342827,512.0,0.5,False,1437983121
7,10,3,0.283203125,0.015625,0.04560681999241845,365,Simplified BARK,333,0.3251953125,0.9915844522605042,512.0,0.5,False,1437983121
7,10,3,0.283203125,0.015625,0.04560681999241845,365,Simplified BARK,413,0.4033203125,0.9969267173589167,512.0,0.5,False,1437983121
7,10,3,0.283203125,0.015625,0.04560681999241845,365,Simplified BARK,512,0.5,1.0,512.0,0.5,False,1437983121
7,10,3,0.283203125,0.015625,0.04560681999241845,365,SKQD,1,0.0009765625,0.04560681999241845,400.0,0.390625,True,1437983121
7,10,3,0.283203125,0.015625,0.04560681999241845,365,SKQD,2,0.001953125,0.04560681999241845,400.0,0.390625,True,1437983121
7,10,3,0.283203125,0.015625,0.04560681999241845,365,SKQD,3,0.0029296875,0.04560681999241845,400.0,0.390625,True,1437983121
7,10,3,0.283203125,0.015625,0.04560681999241845,365,SKQD,4,0.00390625,0.04560681999241845,400.0,0.390625,True,1437983121
7,10,3,0.283203125,0.015625,0.04560681999241845,365,SKQD,5,0.0048828125,0.04560681999241845,400.0,0.390625,True,1437983121
7,10,3,0.283203125,0.015625,0.04560681999241845,365,SKQD,6,0.005859375,0.04560681999241845,400.0,0.390625,True,1437983121
7,10,3,0.283203125,0.015625,0.04560681999241845,365,SKQD,7,0.0068359375,0.04560681999241845,400.0,0.390625,True,1437983121
7,10,3,0.283203125,0.015625,0.04560681999241845,365,SKQD,9,0.0087890625,0.04560681999241845,400.0,0.390625,True,1437983121
7,10,3,0.283203125,0.015625,0.04560681999241845,365,SKQD,11,0.0107421875,0.04560681999241845,400.0,0.390625,True,1437983121
7,10,3,0.283203125,0.015625,0.04560681999241845,365,SKQD,13,0.0126953125,0.04560681999241845,400.0,0.390625,True,1437983121
7,10,3,0.283203125,0.015625,0.04560681999241845,365,SKQD,16,0.015625,0.04560681999241845,400.0,0.390625,True,1437983121
7,10,3,0.283203125,0.015625,0.04560681999241845,365,SKQD,20,0.01953125,0.5957936278491756,400.0,0.390625,True,1437983121
7,10,3,0.283203125,0.015625,0.04560681999241845,365,SKQD,25,0.0244140625,0.8541802211576122,400.0,0.390625,True,1437983121
7,10,3,0.283203125,0.015625,0.04560681999241845,365,SKQD,31,0.0302734375,0.8541802211576122,400.0,0.390625,True,1437983121
7,10,3,0.283203125,0.015625,0.04560681999241845,365,SKQD,39,0.0380859375,0.8541802211576122,400.0,0.390625,True,1437983121
7,10,3,0.283203125,0.015625,0.04560681999241845,365,SKQD,48,0.046875,0.8719773696183132,400.0,0.390625,True,1437983121
7,10,3,0.283203125,0.015625,0.04560681999241845,365,SKQD,60,0.05859375,0.8976340148525693,400.0,0.390625,True,1437983121
7,10,3,0.283203125,0.015625,0.04560681999241845,365,SKQD,74,0.072265625,0.9067493596992833,400.0,0.390625,True,1437983121
7,10,3,0.283203125,0.015625,0.04560681999241845,365,SKQD,92,0.08984375,0.9350216640824071,400.0,0.390625,True,1437983121
7,10,3,0.283203125,0.015625,0.04560681999241845,365,SKQD,114,0.111328125,0.9425076642875521,400.0,0.390625,True,1437983121
7,10,3,0.283203125,0.015625,0.04560681999241845,365,SKQD,141,0.1376953125,0.9484003161647436,400.0,0.390625,True,1437983121
7,10,3,0.283203125,0.015625,0.04560681999241845,365,SKQD,175,0.1708984375,0.981165068667044,400.0,0.390625,True,1437983121
7,10,3,0.283203125,0.015625,0.04560681999241845,365,SKQD,217,0.2119140625,0.984239286225323,400.0,0.390625,True,1437983121
7,10,3,0.283203125,0.015625,0.04560681999241845,365,SKQD,269,0.2626953125,0.9944245826901393,400.0,0.390625,True,1437983121
7,10,3,0.283203125,0.015625,0.04560681999241845,365,SKQD,333,0.3251953125,0.9979328350112348,400.0,0.390625,True,1437983121
7,10,3,0.283203125,0.015625,0.04560681999241845,365,SKQD,413,0.4033203125,0.9996688537681345,400.0,0.390625,True,1437983121
7,10,3,0.283203125,0.015625,0.04560681999241845,365,SKQD,512,0.5,0.9996748887161515,400.0,0.390625,True,1437983121
7,10,3,0.283203125,0.015625,0.04560681999241845,365,Ceiling,1,0.0009765625,0.7421254734634213,512.0,0.5,False,1437983121
7,10,3,0.283203125,0.015625,0.04560681999241845,365,Ceiling,2,0.001953125,0.7963728263174862,512.0,0.5,False,1437983121
7,10,3,0.283203125,0.015625,0.04560681999241845,365,Ceiling,3,0.0029296875,0.8419796463099046,512.0,0.5,False,1437983121
7,10,3,0.283203125,0.015625,0.04560681999241845,365,Ceiling,4,0.00390625,0.8628741722955037,512.0,0.5,False,1437983121
7,10,3,0.283203125,0.015625,0.04560681999241845,365,Ceiling,5,0.0048828125,0.8827228935325893,512.0,0.5,False,1437983121
7,10,3,0.283203125,0.015625,0.04560681999241845,365,Ceiling,6,0.005859375,0.9013013673778677,512.0,0.5,False,1437983121
7,10,3,0.283203125,0.015625,0.04560681999241845,365,Ceiling,7,0.0068359375,0.9196965178901132,512.0,0.5,False,1437983121
7,10,3,0.283203125,0.015625,0.04560681999241845,365,Ceiling,9,0.0087890625,0.9461103647162752,512.0,0.5,False,1437983121
7,10,3,0.283203125,0.015625,0.04560681999241845,365,Ceiling,11,0.0107421875,0.9539140782422723,512.0,0.5,False,1437983121
7,10,3,0.283203125,0.015625,0.04560681999241845,365,Ceiling,13,0.0126953125,0.9597937122982014,512.0,0.5,False,1437983121
7,10,3,0.283203125,0.015625,0.04560681999241845,365,Ceiling,16,0.015625,0.9677453021513858,512.0,0.5,False,1437983121
7,10,3,0.283203125,0.015625,0.04560681999241845,365,Ceiling,20,0.01953125,0.974692608744761,512.0,0.5,False,1437983121
7,10,3,0.283203125,0.015625,0.04560681999241845,365,Ceiling,25,0.0244140625,0.9806247495788827,512.0,0.5,False,1437983121
7,10,3,0.283203125,0.015625,0.04560681999241845,365,Ceiling,31,0.0302734375,0.9858085279563302,512.0,0.5,False,1437983121
7,10,3,0.283203125,0.015625,0.04560681999241845,365,Ceiling,39,0.0380859375,0.9900423852106365,512.0,0.5,False,1437983121
7,10,3,0.283203125,0.015625,0.04560681999241845,365,Ceiling,48,0.046875,0.9932149280754428,512.0,0.5,False,1437983121
7,10,3,0.283203125,0.015625,0.04560681999241845,365,Ceiling,60,0.05859375,0.9952965575055966,512.0,0.5,False,1437983121
7,10,3,0.283203125,0.015625,0.04560681999241845,365,Ceiling,74,0.072265625,0.9966519829951531,512.0,0.5,False,1437983121
7,10,3,0.283203125,0.015625,0.04560681999241845,365,Ceiling,92,0.08984375,0.9977937315402026,512.0,0.5,False,1437983121
7,10,3,0.283203125,0.015625,0.04560681999241845,365,Ceiling,114,0.111328125,0.9986630188078391,512.0,0.5,False,1437983121
7,10,3,0.283203125,0.015625,0.04560681999241845,365,Ceiling,141,0.1376953125,0.9992576476060746,512.0,0.5,False,1437983121
7,10,3,0.283203125,0.015625,0.04560681999241845,365,Ceiling,175,0.1708984375,0.999612031316498,512.0,0.5,False,1437983121
7,10,3,0.283203125,0.015625,0.04560681999241845,365,Ceiling,217,0.2119140625,0.9998171617248508,512.0,0.5,False,1437983121
7,10,3,0.283203125,0.015625,0.04560681999241845,365,Ceiling,269,0.2626953125,0.9999247833700703,512.0,0.5,False,1437983121
7,10,3,0.283203125,0.015625,0.04560681999241845,365,Ceiling,333,0.3251953125,0.9999775150472281,512.0,0.5,False,1437983121
7,10,3,0.283203125,0.015625,0.04560681999241845,365,Ceiling,413,0.4033203125,0.9999966492405291,512.0,0.5,False,1437983121
7,10,3,0.283203125,0.015625,0.04560681999241845,365,Ceiling,512,0.5,1.000000000000001,512.0,0.5,False,1437983121
7,10,3,0.283203125,0.015625,0.05424735285406493,255,BARK,1,0.0009765625,0.05424735285406493,512.0,0.5,False,1437983121
7,10,3,0.283203125,0.015625,0.05424735285406493,255,BARK,2,0.001953125,0.7949186634691532,512.0,0.5,False,1437983121
7,10,3,0.283203125,0.015625,0.05424735285406493,255,BARK,3,0.0029296875,0.8399242308945472,512.0,0.5,False,1437983121
7,10,3,0.283203125,0.015625,0.05424735285406493,255,BARK,4,0.00390625,0.8431876806596276,512.0,0.5,False,1437983121
7,10,3,0.283203125,0.015625,0.05424735285406493,255,BARK,5,0.0048828125,0.8462508457079567,512.0,0.5,False,1437983121
7,10,3,0.283203125,0.015625,0.05424735285406493,255,BARK,6,0.005859375,0.8472638846433429,512.0,0.5,False,1437983121
7,10,3,0.283203125,0.015625,0.05424735285406493,255,BARK,7,0.0068359375,0.8683419735765063,512.0,0.5,False,1437983121
7,10,3,0.283203125,0.015625,0.05424735285406493,255,BARK,9,0.0087890625,0.8677010399130972,512.0,0.5,False,1437983121
7,10,3,0.283203125,0.015625,0.05424735285406493,255,BARK,11,0.0107421875,0.8859916315464134,512.0,0.5,False,1437983121
7,10,3,0.283203125,0.015625,0.05424735285406493,255,BARK,13,0.0126953125,0.890378894040323,512.0,0.5,False,1437983121
7,10,3,0.283203125,0.015625,0.05424735285406493,255,BARK,16,0.015625,0.8912271822401341,512.0,0.5,False,1437983121
7,10,3,0.283203125,0.015625,0.05424735285406493,255,BARK,20,0.01953125,0.9160100983994306,512.0,0.5,False,1437983121
7,10,3,0.283203125,0.015625,0.05424735285406493,255,BARK,25,0.0244140625,0.9190075849897049,512.0,0.5,False,1437983121
7,10,3,0.283203125,0.015625,0.05424735285406493,255,BARK,31,0.0302734375,0.9215461593221174,512.0,0.5,False,1437983121
7,10,3,0.283203125,0.015625,0.05424735285406493,255,BARK,39,0.0380859375,0.9221471301094442,512.0,0.5,False,1437983121
7,10,3,0.283203125,0.015625,0.05424735285406493,255,BARK,48,0.046875,0.9470863662527778,512.0,0.5,False,1437983121
7,10,3,0.283203125,0.015625,0.05424735285406493,255,BARK,60,0.05859375,0.9688097708897246,512.0,0.5,False,1437983121
7,10,3,0.283203125,0.015625,0.05424735285406493,255,BARK,74,0.072265625,0.9701150796007405,512.0,0.5,False,1437983121
7,10,3,0.283203125,0.015625,0.05424735285406493,255,BARK,92,0.08984375,0.9868998134008233,512.0,0.5,False,1437983121
7,10,3,0.283203125,0.015625,0.05424735285406493,255,BARK,114,0.111328125,0.9887211126723141,512.0,0.5,False,1437983121
7,10,3,0.283203125,0.015625,0.05424735285406493,255,BARK,141,0.1376953125,0.9921064846495564,512.0,0.5,False,1437983121
7,10,3,0.283203125,0.015625,0.05424735285406493,255,BARK,175,0.1708984375,0.9979471608495192,512.0,0.5,False,1437983121
7,10,3,0.283203125,0.015625,0.05424735285406493,255,BARK,217,0.2119140625,0.9983960087348295,512.0,0.5,False,1437983121
7,10,3,0.283203125,0.015625,0.05424735285406493,255,BARK,269,0.2626953125,0.9998041365574684,512.0,0.5,False,1437983121
7,10,3,0.283203125,0.015625,0.05424735285406493,255,BARK,333,0.3251953125,0.9999510032578894,512.0,0.5,False,1437983121
7,10,3,0.283203125,0.015625,0.05424735285406493,255,BARK,413,0.4033203125,0.9999907048067995,512.0,0.5,False,1437983121
7,10,3,0.283203125,0.015625,0.05424735285406493,255,BARK,512,0.5,1.0000000000000009,512.0,0.5,False,1437983121
7,10,3,0.283203125,0.015625,0.05424735285406493,255,Simplified BARK,1,0.0009765625,0.05424735285406493,512.0,0.5,False,1437983121
7,10,3,0.283203125,0.015625,0.05424735285406493,255,Simplified BARK,2,0.001953125,0.0009205508557008673,512.0,0.5,False,1437983121
7,10,3,0.283203125,0.015625,0.05424735285406493,255,Simplified BARK,3,0.0029296875,0.8158826948644864,512.0,0.5,False,1437983121
7,10,3,0.283203125,0.015625,0.05424735285406493,255,Simplified BARK,4,0.00390625,0.8176735617213551,512.0,0.5,False,1437983121
7,10,3,0.283203125,0.015625,0.05424735285406493,255,Simplified BARK,5,0.0048828125,0.8620413958361163,512.0,0.5,False,1437983121
7,10,3,0.283203125,0.015625,0.05424735285406493,255,Simplified BARK,6,0.005859375,0.8656521216819759,512.0,0.5,False,1437983121
7,10,3,0.283203125,0.015625,0.05424735285406493,255,Simplified BARK,7,0.0068359375,0.868896170761781,512.0,0.5,False,1437983121
7,10,3,0.283203125,0.015625,0.05424735285406493,255,Simplified BARK,9,0.0087890625,0.8690394144348065,512.0,0.5,False,1437983121
7,10,3,0.283203125,0.015625,0.05424735285406493,255,Simplified BARK,11,0.0107421875,0.8874760907177036,512.0,0.5,False,1437983121
7,10,3,0.283203125,0.015625,0.05424735285406493,255,Simplified BARK,13,0.0126953125,0.8892422223994609,512.0,0.5,False,1437983121
7,10,3,0.283203125,0.015625,0.05424735285406493,255,Simplified BARK,16,0.015625,0.8904571593281094,512.0,0.5,False,1437983121
7,10,3,0.283203125,0.015625,0.05424735285406493,255,Simplified BARK,20,0.01953125,0.8904942269067163,512.0,0.5,False,1437983121
7,10,3,0.283203125,0.015625,0.05424735285406493,255,Simplified BARK,25,0.0244140625,0.914832368800647,512.0,0.5,False,1437983121
7,10,3,0.283203125,0.015625,0.05424735285406493,255,Simplified BARK,31,0.0302734375,0.9150290878169823,512.0,0.5,False,1437983121
7,10,3,0.283203125,0.015625,0.05424735285406493,255,Simplified BARK,39,0.0380859375,0.9150541312930794,512.0,0.5,False,1437983121
7,10,3,0.283203125,0.015625,0.05424735285406493,255,Simplified BARK,48,0.046875,0.9150675465805115,512.0,0.5,False,1437983121
7,10,3,0.283203125,0.015625,0.05424735285406493,255,Simplified BARK,60,0.05859375,0.9164137316503707,512.0,0.5,False,1437983121
7,10,3,0.283203125,0.015625,0.05424735285406493,255,Simplified BARK,74,0.072265625,0.9212770103031527,512.0,0.5,False,1437983121
7,10,3,0.283203125,0.015625,0.05424735285406493,255,Simplified BARK,92,0.08984375,0.9217090531637662,512.0,0.5,False,1437983121
7,10,3,0.283203125,0.015625,0.05424735285406493,255,Simplified BARK,114,0.111328125,0.944054693618518,512.0,0.5,False,1437983121
7,10,3,0.283203125,0.015625,0.05424735285406493,255,Simplified BARK,141,0.1376953125,0.948303557923494,512.0,0.5,False,1437983121
7,10,3,0.283203125,0.015625,0.05424735285406493,255,Simplified BARK,175,0.1708984375,0.9608256553951077,512.0,0.5,False,1437983121
7,10,3,0.283203125,0.015625,0.05424735285406493,255,Simplified BARK,217,0.2119140625,0.9654149114162833,512.0,0.5,False,1437983121
7,10,3,0.283203125,0.015625,0.05424735285406493,255,Simplified BARK,269,0.2626953125,0.9699135173428264,512.0,0.5,False,1437983121
7,10,3,0.283203125,0.015625,0.05424735285406493,255,Simplified BARK,333,0.3251953125,0.9915844522605028,512.0,0.5,False,1437983121
7,10,3,0.283203125,0.015625,0.05424735285406493,255,Simplified BARK,413,0.4033203125,0.9969267173589158,512.0,0.5,False,1437983121
7,10,3,0.283203125,0.015625,0.05424735285406493,255,Simplified BARK,512,0.5,1.0000000000000004,512.0,0.5,False,1437983121
7,10,3,0.283203125,0.015625,0.05424735285406493,255,SKQD,1,0.0009765625,0.05424735285406493,405.0,0.3955078125,True,1437983121
7,10,3,0.283203125,0.015625,0.05424735285406493,255,SKQD,2,0.001953125,0.05424735285406493,405.0,0.3955078125,True,1437983121
7,10,3,0.283203125,0.015625,0.05424735285406493,255,SKQD,3,0.0029296875,0.05424735285406493,405.0,0.3955078125,True,1437983121
7,10,3,0.283203125,0.015625,0.05424735285406493,255,SKQD,4,0.00390625,0.05424735285406493,405.0,0.3955078125,True,1437983121
7,10,3,0.283203125,0.015625,0.05424735285406493,255,SKQD,5,0.0048828125,0.05424735285406493,405.0,0.3955078125,True,1437983121
7,10,3,0.283203125,0.015625,0.05424735285406493,255,SKQD,6,0.005859375,0.05424735285406493,405.0,0.3955078125,True,1437983121
7,10,3,0.283203125,0.015625,0.05424735285406493,255,SKQD,7,0.0068359375,0.05424735285406493,405.0,0.3955078125,True,1437983121
7,10,3,0.283203125,0.015625,0.05424735285406493,255,SKQD,9,0.0087890625,0.05424735285406493,405.0,0.3955078125,True,1437983121
7,10,3,0.283203125,0.015625,0.05424735285406493,255,SKQD,11,0.0107421875,0.05424735285406493,405.0,0.3955078125,True,1437983121
7,10,3,0.283203125,0.015625,0.05424735285406493,255,SKQD,13,0.0126953125,0.05424735285406493,405.0,0.3955078125,True,1437983121
7,10,3,0.283203125,0.015625,0.05424735285406493,255,SKQD,16,0.015625,0.05424735285406493,405.0,0.3955078125,True,1437983121
7,10,3,0.283203125,0.015625,0.05424735285406493,255,SKQD,20,0.01953125,0.05424735285406493,405.0,0.3955078125,True,1437983121
7,10,3,0.283203125,0.015625,0.05424735285406493,255,SKQD,25,0.0244140625,0.05424735285406493,405.0,0.3955078125,True,1437983121
7,10,3,0.283203125,0.015625,0.05424735285406493,255,SKQD,31,0.0302734375,0.05424735285406493,405.0,0.3955078125,True,1437983121
7,10,3,0.283203125,0.015625,0.05424735285406493,255,SKQD,39,0.0380859375,0.3376731486564197,405.0,0.3955078125,True,1437983121
7,10,3,0.283203125,0.015625,0.05424735285406493,255,SKQD,48,0.046875,0.9087077954505737,405.0,0.3955078125,True,1437983121
7,10,3,0.283203125,0.015625,0.05424735285406493,255,SKQD,60,0.05859375,0.9091671014147283,405.0,0.3955078125,True,1437983121
7,10,3,0.283203125,0.015625,0.05424735285406493,255,SKQD,74,0.072265625,0.9266974685874135,405.0,0.3955078125,True,1437983121
7,10,3,0.283203125,0.015625,0.05424735285406493,255,SKQD,92,0.08984375,0.9299725207159515,405.0,0.3955078125,True,1437983121
7,10,3,0.283203125,0.015625,0.05424735285406493,255,SKQD,114,0.111328125,0.9385860644983001,405.0,0.3955078125,True,1437983121
7,10,3,0.283203125,0.015625,0.05424735285406493,255,SKQD,141,0.1376953125,0.9592012661116877,405.0,0.3955078125,True,1437983121
7,10,3,0.283203125,0.015625,0.05424735285406493,255,SKQD,175,0.1708984375,0.980023127648152,405.0,0.3955078125,True,1437983121
7,10,3,0.283203125,0.015625,0.05424735285406493,255,SKQD,217,0.2119140625,0.9847509256901001,405.0,0.3955078125,True,1437983121
7,10,3,0.283203125,0.015625,0.05424735285406493,255,SKQD,269,0.2626953125,0.9944780946398338,405.0,0.3955078125,True,1437983121
7,10,3,0.283203125,0.015625,0.05424735285406493,255,SKQD,333,0.3251953125,0.9962939074066014,405.0,0.3955078125,True,1437983121
7,10,3,0.283203125,0.015625,0.05424735285406493,255,SKQD,413,0.4033203125,0.999394524351346,405.0,0.3955078125,True,1437983121
7,10,3,0.283203125,0.015625,0.05424735285406493,255,SKQD,512,0.5,0.999394524351346,405.0,0.3955078125,True,1437983121
7,10,3,0.283203125,0.015625,0.05424735285406493,255,Ceiling,1,0.0009765625,0.7421254734634213,512.0,0.5,False,1437983121
7,10,3,0.283203125,0.015625,0.05424735285406493,255,Ceiling,2,0.001953125,0.7963728263174862,512.0,0.5,False,1437983121
7,10,3,0.283203125,0.015625,0.05424735285406493,255,Ceiling,3,0.0029296875,0.8419796463099046,512.0,0.5,False,1437983121
7,10,3,0.283203125,0.015625,0.05424735285406493,255,Ceiling,4,0.00390625,0.8628741722955037,512.0,0.5,False,1437983121
7,10,3,0.283203125,0.015625,0.05424735285406493,255,Ceiling,5,0.0048828125,0.8827228935325893,512.0,0.5,False,1437983121
7,10,3,0.283203125,0.015625,0.05424735285406493,255,Ceiling,6,0.005859375,0.9013013673778677,512.0,0.5,False,1437983121
7,10,3,0.283203125,0.015625,0.05424735285406493,255,Ceiling,7,0.0068359375,0.9196965178901132,512.0,0.5,False,1437983121
7,10,3,0.283203125,0.015625,0.05424735285406493,255,Ceiling,9,0.0087890625,0.9461103647162752,512.0,0.5,False,1437983121
7,10,3,0.283203125,0.015625,0.05424735285406493,255,Ceiling,11,0.0107421875,0.9539140782422723,512.0,0.5,False,1437983121
7,10,3,0.283203125,0.015625,0.05424735285406493,255,Ceiling,13,0.0126953125,0.9597937122982014,512.0,0.5,False,1437983121
7,10,3,0.283203125,0.015625,0.05424735285406493,255,Ceiling,16,0.015625,0.9677453021513858,512.0,0.5,False,1437983121
7,10,3,0.283203125,0.015625,0.05424735285406493,255,Ceiling,20,0.01953125,0.974692608744761,512.0,0.5,False,1437983121
7,10,3,0.283203125,0.015625,0.05424735285406493,255,Ceiling,25,0.0244140625,0.9806247495788827,512.0,0.5,False,1437983121
7,10,3,0.283203125,0.015625,0.05424735285406493,255,Ceiling,31,0.0302734375,0.9858085279563302,512.0,0.5,False,1437983121
7,10,3,0.283203125,0.015625,0.05424735285406493,255,Ceiling,39,0.0380859375,0.9900423852106365,512.0,0.5,False,1437983121
7,10,3,0.283203125,0.015625,0.05424735285406493,255,Ceiling,48,0.046875,0.9932149280754428,512.0,0.5,False,1437983121
7,10,3,0.283203125,0.015625,0.05424735285406493,255,Ceiling,60,0.05859375,0.9952965575055966,512.0,0.5,False,1437983121
7,10,3,0.283203125,0.015625,0.05424735285406493,255,Ceiling,74,0.072265625,0.9966519829951531,512.0,0.5,False,1437983121
7,10,3,0.283203125,0.015625,0.05424735285406493,255,Ceiling,92,0.08984375,0.9977937315402026,512.0,0.5,False,1437983121
7,10,3,0.283203125,0.015625,0.05424735285406493,255,Ceiling,114,0.111328125,0.9986630188078391,512.0,0.5,False,1437983121
7,10,3,0.283203125,0.015625,0.05424735285406493,255,Ceiling,141,0.1376953125,0.9992576476060746,512.0,0.5,False,1437983121
7,10,3,0.283203125,0.015625,0.05424735285406493,255,Ceiling,175,0.1708984375,0.999612031316498,512.0,0.5,False,1437983121
7,10,3,0.283203125,0.015625,0.05424735285406493,255,Ceiling,217,0.2119140625,0.9998171617248508,512.0,0.5,False,1437983121
7,10,3,0.283203125,0.015625,0.05424735285406493,255,Ceiling,269,0.2626953125,0.9999247833700703,512.0,0.5,False,1437983121
7,10,3,0.283203125,0.015625,0.05424735285406493,255,Ceiling,333,0.3251953125,0.9999775150472281,512.0,0.5,False,1437983121
7,10,3,0.283203125,0.015625,0.05424735285406493,255,Ceiling,413,0.4033203125,0.9999966492405291,512.0,0.5,False,1437983121
7,10,3,0.283203125,0.015625,0.05424735285406493,255,Ceiling,512,0.5,1.000000000000001,512.0,0.5,False,1437983121
7,10,3,0.283203125,0.015625,0.7421254734634213,125,BARK,1,0.0009765625,0.7421254734634213,512.0,0.5,False,1437983121
7,10,3,0.283203125,0.015625,0.7421254734634213,125,BARK,2,0.001953125,0.7949186634691532,512.0,0.5,False,1437983121
7,10,3,0.283203125,0.015625,0.7421254734634213,125,BARK,3,0.0029296875,0.8158826948644864,512.0,0.5,False,1437983121
7,10,3,0.283203125,0.015625,0.7421254734634213,125,BARK,4,0.00390625,0.8162877473463963,512.0,0.5,False,1437983121
7,10,3,0.283203125,0.015625,0.7421254734634213,125,BARK,5,0.0048828125,0.8153142686527824,512.0,0.5,False,1437983121
7,10,3,0.283203125,0.015625,0.7421254734634213,125,BARK,6,0.005859375,0.8318133314318906,512.0,0.5,False,1437983121
7,10,3,0.283203125,0.015625,0.7421254734634213,125,BARK,7,0.0068359375,0.8333170680223501,512.0,0.5,False,1437983121
7,10,3,0.283203125,0.015625,0.7421254734634213,125,BARK,9,0.0087890625,0.8384762558237393,512.0,0.5,False,1437983121
7,10,3,0.283203125,0.015625,0.7421254734634213,125,BARK,11,0.0107421875,0.8384921145451207,512.0,0.5,False,1437983121
7,10,3,0.283203125,0.015625,0.7421254734634213,125,BARK,13,0.0126953125,0.838936171752146,512.0,0.5,False,1437983121
7,10,3,0.283203125,0.015625,0.7421254734634213,125,BARK,16,0.015625,0.8577699998364662,512.0,0.5,False,1437983121
7,10,3,0.283203125,0.015625,0.7421254734634213,125,BARK,20,0.01953125,0.8663325582208238,512.0,0.5,False,1437983121
7,10,3,0.283203125,0.015625,0.7421254734634213,125,BARK,25,0.0244140625,0.8673245465428776,512.0,0.5,False,1437983121
7,10,3,0.283203125,0.015625,0.7421254734634213,125,BARK,31,0.0302734375,0.8680056635848481,512.0,0.5,False,1437983121
7,10,3,0.283203125,0.015625,0.7421254734634213,125,BARK,39,0.0380859375,0.8681530817010067,512.0,0.5,False,1437983121
7,10,3,0.283203125,0.015625,0.7421254734634213,125,BARK,48,0.046875,0.8682512596412516,512.0,0.5,False,1437983121
7,10,3,0.283203125,0.015625,0.7421254734634213,125,BARK,60,0.05859375,0.8682786489150272,512.0,0.5,False,1437983121
7,10,3,0.283203125,0.015625,0.7421254734634213,125,BARK,74,0.072265625,0.8949763182788569,512.0,0.5,False,1437983121
7,10,3,0.283203125,0.015625,0.7421254734634213,125,BARK,92,0.08984375,0.9523157224811881,512.0,0.5,False,1437983121
7,10,3,0.283203125,0.015625,0.7421254734634213,125,BARK,114,0.111328125,0.9738371727153398,512.0,0.5,False,1437983121
7,10,3,0.283203125,0.015625,0.7421254734634213,125,BARK,141,0.1376953125,0.9923151897305862,512.0,0.5,False,1437983121
7,10,3,0.283203125,0.015625,0.7421254734634213,125,BARK,175,0.1708984375,0.9958926147065539,512.0,0.5,False,1437983121
7,10,3,0.283203125,0.015625,0.7421254734634213,125,BARK,217,0.2119140625,0.9992463115847209,512.0,0.5,False,1437983121
7,10,3,0.283203125,0.015625,0.7421254734634213,125,BARK,269,0.2626953125,0.999759596972545,512.0,0.5,False,1437983121
7,10,3,0.283203125,0.015625,0.7421254734634213,125,BARK,333,0.3251953125,0.9999235303957977,512.0,0.5,False,1437983121
7,10,3,0.283203125,0.015625,0.7421254734634213,125,BARK,413,0.4033203125,0.9999858910502417,512.0,0.5,False,1437983121
7,10,3,0.283203125,0.015625,0.7421254734634213,125,BARK,512,0.5,1.0,512.0,0.5,False,1437983121
7,10,3,0.283203125,0.015625,0.7421254734634213,125,Simplified BARK,1,0.0009765625,0.7421254734634213,512.0,0.5,False,1437983121
7,10,3,0.283203125,0.015625,0.7421254734634213,125,Simplified BARK,2,0.001953125,0.7949186634691532,512.0,0.5,False,1437983121
7,10,3,0.283203125,0.015625,0.7421254734634213,125,Simplified BARK,3,0.0029296875,0.8158826948644864,512.0,0.5,False,1437983121
7,10,3,0.283203125,0.015625,0.7421254734634213,125,Simplified BARK,4,0.00390625,0.8176735617213553,512.0,0.5,False,1437983121
7,10,3,0.283203125,0.015625,0.7421254734634213,125,Simplified BARK,5,0.0048828125,0.8620413958361167,512.0,0.5,False,1437983121
7,10,3,0.283203125,0.015625,0.7421254734634213,125,Simplified BARK,6,0.005859375,0.8656521216819764,512.0,0.5,False,1437983121
7,10,3,0.283203125,0.015625,0.7421254734634213,125,Simplified BARK,7,0.0068359375,0.8688961707617816,512.0,0.5,False,1437983121
7,10,3,0.283203125,0.015625,0.7421254734634213,125,Simplified BARK,9,0.0087890625,0.8690394144348065,512.0,0.5,False,1437983121
7,10,3,0.283203125,0.015625,0.7421254734634213,125,Simplified BARK,11,0.0107421875,0.8874760907177042,512.0,0.5,False,1437983121
7,10,3,0.283203125,0.015625,0.7421254734634213,125,Simplified BARK,13,0.0126953125,0.8892422223994618,512.0,0.5,False,1437983121
7,10,3,0.283203125,0.015625,0.7421254734634213,125,Simplified BARK,16,0.015625,0.8904571593281099,512.0,0.5,False,1437983121
7,10,3,0.283203125,0.015625,0.7421254734634213,125,Simplified BARK,20,0.01953125,0.8904942269067165,512.0,0.5,False,1437983121
7,10,3,0.283203125,0.015625,0.7421254734634213,125,Simplified BARK,25,0.0244140625,0.9148323688006468,512.0,0.5,False,1437983121
7,10,3,0.283203125,0.015625,0.7421254734634213,125,Simplified BARK,31,0.0302734375,0.9150290878169819,512.0,0.5,False,1437983121
7,10,3,0.283203125,0.015625,0.7421254734634213,125,Simplified BARK,39,0.0380859375,0.9150541312930788,512.0,0.5,False,1437983121
7,10,3,0.283203125,0.015625,0.7421254734634213,125,Simplified BARK,48,0.046875,0.9150675465805123,512.0,0.5,False,1437983121
7,10,3,0.283203125,0.015625,0.7421254734634213,125,Simplified BARK,60,0.05859375,0.9164137316503704,512.0,0.5,False,1437983121
7,10,3,0.283203125,0.015625,0.7421254734634213,125,Simplified BARK,74,0.072265625,0.9212770103031527,512.0,0.5,False,1437983121
7,10,3,0.283203125,0.015625,0.7421254734634213,125,Simplified BARK,92,0.08984375,0.9217090531637655,512.0,0.5,False,1437983121
7,10,3,0.283203125,0.015625,0.7421254734634213,125,Simplified BARK,114,0.111328125,0.9440546936185185,512.0,0.5,False,1437983121
7,10,3,0.283203125,0.015625,0.7421254734634213,125,Simplified BARK,141,0.1376953125,0.9483035579234933,512.0,0.5,False,1437983121
7,10,3,0.283203125,0.015625,0.7421254734634213,125,Simplified BARK,175,0.1708984375,0.960825655395107,512.0,0.5,False,1437983121
7,10,3,0.283203125,0.015625,0.7421254734634213,125,Simplified BARK,217,0.2119140625,0.9654149114162838,512.0,0.5,False,1437983121
7,10,3,0.283203125,0.015625,0.7421254734634213,125,Simplified BARK,269,0.2626953125,0.9699135173428266,512.0,0.5,False,1437983121
7,10,3,0.283203125,0.015625,0.7421254734634213,125,Simplified BARK,333,0.3251953125,0.9915844522605044,512.0,0.5,False,1437983121
7,10,3,0.283203125,0.015625,0.7421254734634213,125,Simplified BARK,413,0.4033203125,0.9969267173589167,512.0,0.5,False,1437983121
7,10,3,0.283203125,0.015625,0.7421254734634213,125,Simplified BARK,512,0.5,1.0000000000000004,512.0,0.5,False,1437983121
7,10,3,0.283203125,0.015625,0.7421254734634213,125,SKQD,1,0.0009765625,0.7421254734634214,204.66666666666666,0.19986979166666666,True,1437983121
7,10,3,0.283203125,0.015625,0.7421254734634213,125,SKQD,2,0.001953125,0.7421254734634214,204.66666666666666,0.19986979166666666,True,1437983121
7,10,3,0.283203125,0.015625,0.7421254734634213,125,SKQD,3,0.0029296875,0.7421254734634214,204.66666666666666,0.19986979166666666,True,1437983121
7,10,3,0.283203125,0.015625,0.7421254734634213,125,SKQD,4,0.00390625,0.7421254734634214,204.66666666666666,0.19986979166666666,True,1437983121
7,10,3,0.283203125,0.015625,0.7421254734634213,125,SKQD,5,0.0048828125,0.7421254734634214,204.66666666666666,0.19986979166666666,True,1437983121
7,10,3,0.283203125,0.015625,0.7421254734634213,125,SKQD,6,0.005859375,0.7421254734634214,204.66666666666666,0.19986979166666666,True,1437983121
7,10,3,0.283203125,0.015625,0.7421254734634213,125,SKQD,7,0.0068359375,0.7421254734634214,204.66666666666666,0.19986979166666666,True,1437983121
7,10,3,0.283203125,0.015625,0.7421254734634213,125,SKQD,9,0.0087890625,0.7421254734634214,204.66666666666666,0.19986979166666666,True,1437983121
7,10,3,0.283203125,0.015625,0.7421254734634213,125,SKQD,11,0.0107421875,0.7421254734634214,204.66666666666666,0.19986979166666666,True,1437983121
7,10,3,0.283203125,0.015625,0.7421254734634213,125,SKQD,13,0.0126953125,0.8111636640111511,204.66666666666666,0.19986979166666666,True,1437983121
7,10,3,0.283203125,0.015625,0.7421254734634213,125,SKQD,16,0.015625,0.8714260821496375,204.66666666666666,0.19986979166666666,True,1437983121
7,10,3,0.283203125,0.015625,0.7421254734634213,125,SKQD,20,0.01953125,0.9395499144620226,204.66666666666666,0.19986979166666666,True,1437983121
7,10,3,0.283203125,0.015625,0.7421254734634213,125,SKQD,25,0.0244140625,0.9395499144620226,204.66666666666666,0.19986979166666666,True,1437983121
7,10,3,0.283203125,0.015625,0.7421254734634213,125,SKQD,31,0.0302734375,0.9395499144620226,204.66666666666666,0.19986979166666666,True,1437983121
7,10,3,0.283203125,0.015625,0.7421254734634213,125,SKQD,39,0.0380859375,0.9656431476769353,204.66666666666666,0.19986979166666666,True,1437983121
7,10,3,0.283203125,0.015625,0.7421254734634213,125,SKQD,48,0.046875,0.9712614645682963,204.66666666666666,0.19986979166666666,True,1437983121
7,10,3,0.283203125,0.015625,0.7421254734634213,125,SKQD,60,0.05859375,0.980452871268493,204.66666666666666,0.19986979166666666,True,1437983121
7,10,3,0.283203125,0.015625,0.7421254734634213,125,SKQD,74,0.072265625,0.9842121566563105,204.66666666666666,0.19986979166666666,True,1437983121
7,10,3,0.283203125,0.015625,0.7421254734634213,125,SKQD,92,0.08984375,0.9873063642021004,204.66666666666666,0.19986979166666666,True,1437983121
7,10,3,0.283203125,0.015625,0.7421254734634213,125,SKQD,114,0.111328125,0.9923238076968008,204.66666666666666,0.19986979166666666,True,1437983121
7,10,3,0.283203125,0.015625,0.7421254734634213,125,SKQD,141,0.1376953125,0.994767402546945,204.66666666666666,0.19986979166666666,True,1437983121
7,10,3,0.283203125,0.015625,0.7421254734634213,125,SKQD,175,0.1708984375,0.9954296835684565,204.66666666666666,0.19986979166666666,True,1437983121
7,10,3,0.283203125,0.015625,0.7421254734634213,125,SKQD,217,0.2119140625,0.9968647078615285,204.66666666666666,0.19986979166666666,True,1437983121
7,10,3,0.283203125,0.015625,0.7421254734634213,125,SKQD,269,0.2626953125,0.9968647078615285,204.66666666666666,0.19986979166666666,True,1437983121
7,10,3,0.283203125,0.015625,0.7421254734634213,125,SKQD,333,0.3251953125,0.9968647078615285,204.66666666666666,0.19986979166666666,True,1437983121
7,10,3,0.283203125,0.015625,0.7421254734634213,125,SKQD,413,0.4033203125,0.9968647078615285,204.66666666666666,0.19986979166666666,True,1437983121
7,10,3,0.283203125,0.015625,0.7421254734634213,125,SKQD,512,0.5,0.9968647078615285,204.66666666666666,0.19986979166666666,True,1437983121
7,10,3,0.283203125,0.015625,0.7421254734634213,125,Ceiling,1,0.0009765625,0.7421254734634213,512.0,0.5,False,1437983121
7,10,3,0.283203125,0.015625,0.7421254734634213,125,Ceiling,2,0.001953125,0.7963728263174862,512.0,0.5,False,1437983121
7,10,3,0.283203125,0.015625,0.7421254734634213,125,Ceiling,3,0.0029296875,0.8419796463099046,512.0,0.5,False,1437983121
7,10,3,0.283203125,0.015625,0.7421254734634213,125,Ceiling,4,0.00390625,0.8628741722955037,512.0,0.5,False,1437983121
7,10,3,0.283203125,0.015625,0.7421254734634213,125,Ceiling,5,0.0048828125,0.8827228935325893,512.0,0.5,False,1437983121
7,10,3,0.283203125,0.015625,0.7421254734634213,125,Ceiling,6,0.005859375,0.9013013673778677,512.0,0.5,False,1437983121
7,10,3,0.283203125,0.015625,0.7421254734634213,125,Ceiling,7,0.0068359375,0.9196965178901132,512.0,0.5,False,1437983121
7,10,3,0.283203125,0.015625,0.7421254734634213,125,Ceiling,9,0.0087890625,0.9461103647162752,512.0,0.5,False,1437983121
7,10,3,0.283203125,0.015625,0.7421254734634213,125,Ceiling,11,0.0107421875,0.9539140782422723,512.0,0.5,False,1437983121
7,10,3,0.283203125,0.015625,0.7421254734634213,125,Ceiling,13,0.0126953125,0.9597937122982014,512.0,0.5,False,1437983121
7,10,3,0.283203125,0.015625,0.7421254734634213,125,Ceiling,16,0.015625,0.9677453021513858,512.0,0.5,False,1437983121
7,10,3,0.283203125,0.015625,0.7421254734634213,125,Ceiling,20,0.01953125,0.974692608744761,512.0,0.5,False,1437983121
7,10,3,0.283203125,0.015625,0.7421254734634213,125,Ceiling,25,0.0244140625,0.9806247495788827,512.0,0.5,False,1437983121
7,10,3,0.283203125,0.015625,0.7421254734634213,125,Ceiling,31,0.0302734375,0.9858085279563302,512.0,0.5,False,1437983121
7,10,3,0.283203125,0.015625,0.7421254734634213,125,Ceiling,39,0.0380859375,0.9900423852106365,512.0,0.5,False,1437983121
7,10,3,0.283203125,0.015625,0.7421254734634213,125,Ceiling,48,0.046875,0.9932149280754428,512.0,0.5,False,1437983121
7,10,3,0.283203125,0.015625,0.7421254734634213,125,Ceiling,60,0.05859375,0.9952965575055966,512.0,0.5,False,1437983121
7,10,3,0.283203125,0.015625,0.7421254734634213,125,Ceiling,74,0.072265625,0.9966519829951531,512.0,0.5,False,1437983121
7,10,3,0.283203125,0.015625,0.7421254734634213,125,Ceiling,92,0.08984375,0.9977937315402026,512.0,0.5,False,1437983121
7,10,3,0.283203125,0.015625,0.7421254734634213,125,Ceiling,114,0.111328125,0.9986630188078391,512.0,0.5,False,1437983121
7,10,3,0.283203125,0.015625,0.7421254734634213,125,Ceiling,141,0.1376953125,0.9992576476060746,512.0,0.5,False,1437983121
7,10,3,0.283203125,0.015625,0.7421254734634213,125,Ceiling,175,0.1708984375,0.999612031316498,512.0,0.5,False,1437983121
7,10,3,0.283203125,0.015625,0.7421254734634213,125,Ceiling,217,0.2119140625,0.9998171617248508,512.0,0.5,False,1437983121
7,10,3,0.283203125,0.015625,0.7421254734634213,125,Ceiling,269,0.2626953125,0.9999247833700703,512.0,0.5,False,1437983121
7,10,3,0.283203125,0.015625,0.7421254734634213,125,Ceiling,333,0.3251953125,0.9999775150472281,512.0,0.5,False,1437983121
7,10,3,0.283203125,0.015625,0.7421254734634213,125,Ceiling,413,0.4033203125,0.9999966492405291,512.0,0.5,False,1437983121
7,10,3,0.283203125,0.015625,0.7421254734634213,125,Ceiling,512,0.5,1.000000000000001,512.0,0.5,False,1437983121
7,10,3,0.283203125,0.015625,0.0,2,BARK,1,0.0009765625,0.0,512.0,0.5,False,1437983121
7,10,3,0.283203125,0.015625,0.0,2,BARK,2,0.001953125,7.055234711951791e-39,512.0,0.5,False,1437983121
7,10,3,0.283203125,0.015625,0.0,2,BARK,3,0.0029296875,1.0187159711035716e-38,512.0,0.5,False,1437983121
7,10,3,0.283203125,0.015625,0.0,2,BARK,4,0.00390625,3.560449599052307e-36,512.0,0.5,False,1437983121
7,10,3,0.283203125,0.015625,0.0,2,BARK,5,0.0048828125,4.581932347311562e-36,512.0,0.5,False,1437983121
7,10,3,0.283203125,0.015625,0.0,2,BARK,6,0.005859375,4.2363863864172695e-36,512.0,0.5,False,1437983121
7,10,3,0.283203125,0.015625,0.0,2,BARK,7,0.0068359375,2.9283637221771254e-36,512.0,0.5,False,1437983121
7,10,3,0.283203125,0.015625,0.0,2,BARK,9,0.0087890625,2.928018344572851e-36,512.0,0.5,False,1437983121
7,10,3,0.283203125,0.015625,0.0,2,BARK,11,0.0107421875,2.8771845676044054e-36,512.0,0.5,False,1437983121
7,10,3,0.283203125,0.015625,0.0,2,BARK,13,0.0126953125,2.83145617894621e-36,512.0,0.5,False,1437983121
7,10,3,0.283203125,0.015625,0.0,2,BARK,16,0.015625,2.8529529120223155e-36,512.0,0.5,False,1437983121
7,10,3,0.283203125,0.015625,0.0,2,BARK,20,0.01953125,2.8340188435554815e-36,512.0,0.5,False,1437983121
7,10,3,0.283203125,0.015625,0.0,2,BARK,25,0.0244140625,2.791290748925453e-36,512.0,0.5,False,1437983121
7,10,3,0.283203125,0.015625,0.0,2,BARK,31,0.0302734375,3.4209091467489955e-36,512.0,0.5,False,1437983121
7,10,3,0.283203125,0.015625,0.0,2,BARK,39,0.0380859375,4.187130985220069e-36,512.0,0.5,False,1437983121
7,10,3,0.283203125,0.015625,0.0,2,BARK,48,0.046875,4.0374537565853815e-36,512.0,0.5,False,1437983121
7,10,3,0.283203125,0.015625,0.0,2,BARK,60,0.05859375,4.069709108561326e-36,512.0,0.5,False,1437983121
7,10,3,0.283203125,0.015625,0.0,2,BARK,74,0.072265625,4.840788094240935e-36,512.0,0.5,False,1437983121
7,10,3,0.283203125,0.015625,0.0,2,BARK,92,0.08984375,4.4649250344581786e-36,512.0,0.5,False,1437983121
7,10,3,0.283203125,0.015625,0.0,2,BARK,114,0.111328125,4.808765710568962e-36,512.0,0.5,False,1437983121
7,10,3,0.283203125,0.015625,0.0,2,BARK,141,0.1376953125,4.474806023943052e-36,512.0,0.5,False,1437983121
7,10,3,0.283203125,0.015625,0.0,2,BARK,175,0.1708984375,2.670646395118709e-36,512.0,0.5,False,1437983121
7,10,3,0.283203125,0.015625,0.0,2,BARK,217,0.2119140625,2.6113207802408742e-36,512.0,0.5,False,1437983121
7,10,3,0.283203125,0.015625,0.0,2,BARK,269,0.2626953125,2.5793373192581648e-36,512.0,0.5,False,1437983121
7,10,3,0.283203125,0.015625,0.0,2,BARK,333,0.3251953125,2.9010376641894438e-36,512.0,0.5,False,1437983121
7,10,3,0.283203125,0.015625,0.0,2,BARK,413,0.4033203125,2.8695680029073194e-36,512.0,0.5,False,1437983121
7,10,3,0.283203125,0.015625,0.0,2,BARK,512,0.5,2.8993979956198084e-36,512.0,0.5,False,1437983121
7,10,3,0.283203125,0.015625,0.0,2,Simplified BARK,1,0.0009765625,0.0,512.0,0.5,False,1437983121
7,10,3,0.283203125,0.015625,0.0,2,Simplified BARK,2,0.001953125,4.615688354295417e-37,512.0,0.5,False,1437983121
7,10,3,0.283203125,0.015625,0.0,2,Simplified BARK,3,0.0029296875,5.9581730202274355e-37,512.0,0.5,False,1437983121
7,10,3,0.283203125,0.015625,0.0,2,Simplified BARK,4,0.00390625,5.831417580274405e-37,512.0,0.5,False,1437983121
7,10,3,0.283203125,0.015625,0.0,2,Simplified BARK,5,0.0048828125,8.979037800783298e-37,512.0,0.5,False,1437983121
7,10,3,0.283203125,0.015625,0.0,2,Simplified BARK,6,0.005859375,1.6429090693638153e-32,512.0,0.5,False,1437983121
7,10,3,0.283203125,0.015625,0.0,2,Simplified BARK,7,0.0068359375,1.7822157950855257e-32,512.0,0.5,False,1437983121
7,10,3,0.283203125,0.015625,0.0,2,Simplified BARK,9,0.0087890625,5.863220422495716e-34,512.0,0.5,False,1437983121
7,10,3,0.283203125,0.015625,0.0,2,Simplified BARK,11,0.0107421875,2.6275591336816793e-34,512.0,0.5,False,1437983121
7,10,3,0.283203125,0.015625,0.0,2,Simplified BARK,13,0.0126953125,1.6550227737248388e-34,512.0,0.5,False,1437983121
7,10,3,0.283203125,0.015625,0.0,2,Simplified BARK,16,0.015625,1.79546952332922e-34,512.0,0.5,False,1437983121
7,10,3,0.283203125,0.015625,0.0,2,Simplified BARK,20,0.01953125,1.732703837961372e-34,512.0,0.5,False,1437983121
7,10,3,0.283203125,0.015625,0.0,2,Simplified BARK,25,0.0244140625,1.6982354846785002e-34,512.0,0.5,False,1437983121
7,10,3,0.283203125,0.015625,0.0,2,Simplified BARK,31,0.0302734375,6.569762618148716e-35,512.0,0.5,False,1437983121
7,10,3,0.283203125,0.015625,0.0,2,Simplified BARK,39,0.0380859375,4.154560907056273e-37,512.0,0.5,False,1437983121
7,10,3,0.283203125,0.015625,0.0,2,Simplified BARK,48,0.046875,8.755144098933031e-37,512.0,0.5,False,1437983121
7,10,3,0.283203125,0.015625,0.0,2,Simplified BARK,60,0.05859375,2.6857041126149224e-36,512.0,0.5,False,1437983121
7,10,3,0.283203125,0.015625,0.0,2,Simplified BARK,74,0.072265625,5.2657371340152285e-36,512.0,0.5,False,1437983121
7,10,3,0.283203125,0.015625,0.0,2,Simplified BARK,92,0.08984375,5.028691573367685e-36,512.0,0.5,False,1437983121
7,10,3,0.283203125,0.015625,0.0,2,Simplified BARK,114,0.111328125,4.032154427667455e-36,512.0,0.5,False,1437983121
7,10,3,0.283203125,0.015625,0.0,2,Simplified BARK,141,0.1376953125,5.595549763699984e-37,512.0,0.5,False,1437983121
7,10,3,0.283203125,0.015625,0.0,2,Simplified BARK,175,0.1708984375,1.2044236113428571e-36,512.0,0.5,False,1437983121
7,10,3,0.283203125,0.015625,0.0,2,Simplified BARK,217,0.2119140625,1.1796542230090862e-36,512.0,0.5,False,1437983121
7,10,3,0.283203125,0.015625,0.0,2,Simplified BARK,269,0.2626953125,9.798273804629375e-37,512.0,0.5,False,1437983121
7,10,3,0.283203125,0.015625,0.0,2,Simplified BARK,333,0.3251953125,7.315205401851998e-37,512.0,0.5,False,1437983121
7,10,3,0.283203125,0.015625,0.0,2,Simplified BARK,413,0.4033203125,2.2911687436930935e-37,512.0,0.5,False,1437983121
7,10,3,0.283203125,0.015625,0.0,2,Simplified BARK,512,0.5,2.8993980001349402e-36,512.0,0.5,False,1437983121
7,10,3,0.283203125,0.015625,0.0,2,SKQD,1,0.0009765625,0.0,325.6666666666667,0.3180338541666667,True,1437983121
7,10,3,0.283203125,0.015625,0.0,2,SKQD,2,0.001953125,2.043417133783555e-37,325.6666666666667,0.3180338541666667,True,1437983121
7,10,3,0.283203125,0.015625,0.0,2,SKQD,3,0.0029296875,4.029474807192699e-37,325.6666666666667,0.3180338541666667,True,1437983121
7,10,3,0.283203125,0.015625,0.0,2,SKQD,4,0.00390625,2.619353837845001e-37,325.6666666666667,0.3180338541666667,True,1437983121
7,10,3,0.283203125,0.015625,0.0,2,SKQD,5,0.0048828125,2.678850933197162e-37,325.6666666666667,0.3180338541666667,True,1437983121
7,10,3,0.283203125,0.015625,0.0,2,SKQD,6,0.005859375,2.6621507769415168e-37,325.6666666666667,0.3180338541666667,True,1437983121
7,10,3,0.283203125,0.015625,0.0,2,SKQD,7,0.0068359375,2.6621507769415168e-37,325.6666666666667,0.3180338541666667,True,1437983121
7,10,3,0.283203125,0.015625,0.0,2,SKQD,9,0.0087890625,4.514189229416591e-37,325.6666666666667,0.3180338541666667,True,1437983121
7,10,3,0.283203125,0.015625,0.0,2,SKQD,11,0.0107421875,2.927831514060133e-37,325.6666666666667,0.3180338541666667,True,1437983121
7,10,3,0.283203125,0.015625,0.0,2,SKQD,13,0.0126953125,2.953709070446173e-37,325.6666666666667,0.3180338541666667,True,1437983121
7,10,3,0.283203125,0.015625,0.0,2,SKQD,16,0.015625,1.6130992310931738e-37,325.6666666666667,0.3180338541666667,True,1437983121
7,10,3,0.283203125,0.015625,0.0,2,SKQD,20,0.01953125,1.900160865073135e-37,325.6666666666667,0.3180338541666667,True,1437983121
7,10,3,0.283203125,0.015625,0.0,2,SKQD,25,0.0244140625,5.162780511112158e-38,325.6666666666667,0.3180338541666667,True,1437983121
7,10,3,0.283203125,0.015625,0.0,2,SKQD,31,0.0302734375,1.1643865264367311e-38,325.6666666666667,0.3180338541666667,True,1437983121
7,10,3,0.283203125,0.015625,0.0,2,SKQD,39,0.0380859375,1.2098631331541294e-38,325.6666666666667,0.3180338541666667,True,1437983121
7,10,3,0.283203125,0.015625,0.0,2,SKQD,48,0.046875,1.1779076395911589e-37,325.6666666666667,0.3180338541666667,True,1437983121
7,10,3,0.283203125,0.015625,0.0,2,SKQD,60,0.05859375,1.0877276192705465e-37,325.6666666666667,0.3180338541666667,True,1437983121
7,10,3,0.283203125,0.015625,0.0,2,SKQD,74,0.072265625,2.6249735263828365e-37,325.6666666666667,0.3180338541666667,True,1437983121
7,10,3,0.283203125,0.015625,0.0,2,SKQD,92,0.08984375,2.9062409694488983e-37,325.6666666666667,0.3180338541666667,True,1437983121
7,10,3,0.283203125,0.015625,0.0,2,SKQD,114,0.111328125,3.3069179334220952e-37,325.6666666666667,0.3180338541666667,True,1437983121
7,10,3,0.283203125,0.015625,0.0,2,SKQD,141,0.1376953125,3.25870244781904e-37,325.6666666666667,0.3180338541666667,True,1437983121
7,10,3,0.283203125,0.015625,0.0,2,SKQD,175,0.1708984375,1.2381653178302909e-37,325.6666666666667,0.3180338541666667,True,1437983121
7,10,3,0.283203125,0.015625,0.0,2,SKQD,217,0.2119140625,7.83379814311898e-37,325.6666666666667,0.3180338541666667,True,1437983121
7,10,3,0.283203125,0.015625,0.0,2,SKQD,269,0.2626953125,1.0806573556524546e-36,325.6666666666667,0.3180338541666667,True,1437983121
7,10,3,0.283203125,0.015625,0.0,2,SKQD,333,0.3251953125,2.1526417032399047e-36,325.6666666666667,0.3180338541666667,True,1437983121
7,10,3,0.283203125,0.015625,0.0,2,SKQD,413,0.4033203125,2.0925350774433683e-36,325.6666666666667,0.3180338541666667,True,1437983121
7,10,3,0.283203125,0.015625,0.0,2,SKQD,512,0.5,2.0925350774433683e-36,325.6666666666667,0.3180338541666667,True,1437983121
7,10,3,0.283203125,0.015625,0.0,2,Ceiling,1,0.0009765625,0.7421254734634213,512.0,0.5,False,1437983121
7,10,3,0.283203125,0.015625,0.0,2,Ceiling,2,0.001953125,0.7963728263174862,512.0,0.5,False,1437983121
7,10,3,0.283203125,0.015625,0.0,2,Ceiling,3,0.0029296875,0.8419796463099046,512.0,0.5,False,1437983121
7,10,3,0.283203125,0.015625,0.0,2,Ceiling,4,0.00390625,0.8628741722955037,512.0,0.5,False,1437983121
7,10,3,0.283203125,0.015625,0.0,2,Ceiling,5,0.0048828125,0.8827228935325893,512.0,0.5,False,1437983121
7,10,3,0.283203125,0.015625,0.0,2,Ceiling,6,0.005859375,0.9013013673778677,512.0,0.5,False,1437983121
7,10,3,0.283203125,0.015625,0.0,2,Ceiling,7,0.0068359375,0.9196965178901132,512.0,0.5,False,1437983121
7,10,3,0.283203125,0.015625,0.0,2,Ceiling,9,0.0087890625,0.9461103647162752,512.0,0.5,False,1437983121
7,10,3,0.283203125,0.015625,0.0,2,Ceiling,11,0.0107421875,0.9539140782422723,512.0,0.5,False,1437983121
7,10,3,0.283203125,0.015625,0.0,2,Ceiling,13,0.0126953125,0.9597937122982014,512.0,0.5,False,1437983121
7,10,3,0.283203125,0.015625,0.0,2,Ceiling,16,0.015625,0.9677453021513858,512.0,0.5,False,1437983121
7,10,3,0.283203125,0.015625,0.0,2,Ceiling,20,0.01953125,0.974692608744761,512.0,0.5,False,1437983121
7,10,3,0.283203125,0.015625,0.0,2,Ceiling,25,0.0244140625,0.9806247495788827,512.0,0.5,False,1437983121
7,10,3,0.283203125,0.015625,0.0,2,Ceiling,31,0.0302734375,0.9858085279563302,512.0,0.5,False,1437983121
7,10,3,0.283203125,0.015625,0.0,2,Ceiling,39,0.0380859375,0.9900423852106365,512.0,0.5,False,1437983121
7,10,3,0.283203125,0.015625,0.0,2,Ceiling,48,0.046875,0.9932149280754428,512.0,0.5,False,1437983121
7,10,3,0.283203125,0.015625,0.0,2,Ceiling,60,0.05859375,0.9952965575055966,512.0,0.5,False,1437983121
7,10,3,0.283203125,0.015625,0.0,2,Ceiling,74,0.072265625,0.9966519829951531,512.0,0.5,False,1437983121
7,10,3,0.283203125,0.015625,0.0,2,Ceiling,92,0.08984375,0.9977937315402026,512.0,0.5,False,1437983121
7,10,3,0.283203125,0.015625,0.0,2,Ceiling,114,0.111328125,0.9986630188078391,512.0,0.5,False,1437983121
7,10,3,0.283203125,0.015625,0.0,2,Ceiling,141,0.1376953125,0.9992576476060746,512.0,0.5,False,1437983121
7,10,3,0.283203125,0.015625,0.0,2,Ceiling,175,0.1708984375,0.999612031316498,512.0,0.5,False,1437983121
7,10,3,0.283203125,0.015625,0.0,2,Ceiling,217,0.2119140625,0.9998171617248508,512.0,0.5,False,1437983121
7,10,3,0.283203125,0.015625,0.0,2,Ceiling,269,0.2626953125,0.9999247833700703,512.0,0.5,False,1437983121
7,10,3,0.283203125,0.015625,0.0,2,Ceiling,333,0.3251953125,0.9999775150472281,512.0,0.5,False,1437983121
7,10,3,0.283203125,0.015625,0.0,2,Ceiling,413,0.4033203125,0.9999966492405291,512.0,0.5,False,1437983121
7,10,3,0.283203125,0.015625,0.0,2,Ceiling,512,0.5,1.000000000000001,512.0,0.5,False,1437983121
7,10,3,0.283203125,0.015625,0.0,7,BARK,1,0.0009765625,0.0,512.0,0.5,False,1437983121
7,10,3,0.283203125,0.015625,0.0,7,BARK,2,0.001953125,1.0099842766926395e-36,512.0,0.5,False,1437983121
7,10,3,0.283203125,0.015625,0.0,7,BARK,3,0.0029296875,2.8957838065617428e-36,512.0,0.5,False,1437983121
7,10,3,0.283203125,0.015625,0.0,7,BARK,4,0.00390625,4.481589533712617e-36,512.0,0.5,False,1437983121
7,10,3,0.283203125,0.015625,0.0,7,BARK,5,0.0048828125,4.210936095616692e-36,512.0,0.5,False,1437983121
7,10,3,0.283203125,0.015625,0.0,7,BARK,6,0.005859375,2.9167424550239117e-36,512.0,0.5,False,1437983121
7,10,3,0.283203125,0.015625,0.0,7,BARK,7,0.0068359375,2.917228330633738e-36,512.0,0.5,False,1437983121
7,10,3,0.283203125,0.015625,0.0,7,BARK,9,0.0087890625,2.7202170098418702e-36,512.0,0.5,False,1437983121
7,10,3,0.283203125,0.015625,0.0,7,BARK,11,0.0107421875,2.9115696697166822e-36,512.0,0.5,False,1437983121
7,10,3,0.283203125,0.015625,0.0,7,BARK,13,0.0126953125,2.8129803297358623e-36,512.0,0.5,False,1437983121
7,10,3,0.283203125,0.015625,0.0,7,BARK,16,0.015625,2.836918967923419e-36,512.0,0.5,False,1437983121
7,10,3,0.283203125,0.015625,0.0,7,BARK,20,0.01953125,2.7780387542625696e-36,512.0,0.5,False,1437983121
7,10,3,0.283203125,0.015625,0.0,7,BARK,25,0.0244140625,3.022963076419916e-36,512.0,0.5,False,1437983121
7,10,3,0.283203125,0.015625,0.0,7,BARK,31,0.0302734375,2.88256488109585e-36,512.0,0.5,False,1437983121
7,10,3,0.283203125,0.015625,0.0,7,BARK,39,0.0380859375,3.4562488011851475e-36,512.0,0.5,False,1437983121
7,10,3,0.283203125,0.015625,0.0,7,BARK,48,0.046875,3.2214116280969285e-36,512.0,0.5,False,1437983121
7,10,3,0.283203125,0.015625,0.0,7,BARK,60,0.05859375,3.3013418083156044e-36,512.0,0.5,False,1437983121
7,10,3,0.283203125,0.015625,0.0,7,BARK,74,0.072265625,2.9597532657198434e-36,512.0,0.5,False,1437983121
7,10,3,0.283203125,0.015625,0.0,7,BARK,92,0.08984375,2.8960413644277563e-36,512.0,0.5,False,1437983121
7,10,3,0.283203125,0.015625,0.0,7,BARK,114,0.111328125,3.2012522443813356e-36,512.0,0.5,False,1437983121
7,10,3,0.283203125,0.015625,0.0,7,BARK,141,0.1376953125,3.65731866046253e-36,512.0,0.5,False,1437983121
7,10,3,0.283203125,0.015625,0.0,7,BARK,175,0.1708984375,3.629709471038177e-36,512.0,0.5,False,1437983121
7,10,3,0.283203125,0.015625,0.0,7,BARK,217,0.2119140625,4.2058803022300686e-36,512.0,0.5,False,1437983121
7,10,3,0.283203125,0.015625,0.0,7,BARK,269,0.2626953125,4.196680569068263e-36,512.0,0.5,False,1437983121
7,10,3,0.283203125,0.015625,0.0,7,BARK,333,0.3251953125,2.9120384927434996e-36,512.0,0.5,False,1437983121
7,10,3,0.283203125,0.015625,0.0,7,BARK,413,0.4033203125,2.9029339909973307e-36,512.0,0.5,False,1437983121
7,10,3,0.283203125,0.015625,0.0,7,BARK,512,0.5,2.8993979890866407e-36,512.0,0.5,False,1437983121
7,10,3,0.283203125,0.015625,0.0,7,Simplified BARK,1,0.0009765625,0.0,512.0,0.5,False,1437983121
7,10,3,0.283203125,0.015625,0.0,7,Simplified BARK,2,0.001953125,1.9161415893319263e-35,512.0,0.5,False,1437983121
7,10,3,0.283203125,0.015625,0.0,7,Simplified BARK,3,0.0029296875,2.955193691869244e-35,512.0,0.5,False,1437983121
7,10,3,0.283203125,0.015625,0.0,7,Simplified BARK,4,0.00390625,2.9306859387098976e-35,512.0,0.5,False,1437983121
7,10,3,0.283203125,0.015625,0.0,7,Simplified BARK,5,0.0048828125,2.313435045090739e-35,512.0,0.5,False,1437983121
7,10,3,0.283203125,0.015625,0.0,7,Simplified BARK,6,0.005859375,1.3437381538566276e-34,512.0,0.5,False,1437983121
7,10,3,0.283203125,0.015625,0.0,7,Simplified BARK,7,0.0068359375,1.3347840385394528e-34,512.0,0.5,False,1437983121
7,10,3,0.283203125,0.015625,0.0,7,Simplified BARK,9,0.0087890625,1.215781213530718e-34,512.0,0.5,False,1437983121
7,10,3,0.283203125,0.015625,0.0,7,Simplified BARK,11,0.0107421875,1.215105700257443e-34,512.0,0.5,False,1437983121
7,10,3,0.283203125,0.015625,0.0,7,Simplified BARK,13,0.0126953125,1.2129498352126312e-34,512.0,0.5,False,1437983121
7,10,3,0.283203125,0.015625,0.0,7,Simplified BARK,16,0.015625,4.666976922165714e-37,512.0,0.5,False,1437983121
7,10,3,0.283203125,0.015625,0.0,7,Simplified BARK,20,0.01953125,1.6473135251837142e-37,512.0,0.5,False,1437983121
7,10,3,0.283203125,0.015625,0.0,7,Simplified BARK,25,0.0244140625,4.881662764957542e-38,512.0,0.5,False,1437983121
7,10,3,0.283203125,0.015625,0.0,7,Simplified BARK,31,0.0302734375,7.630416237509923e-38,512.0,0.5,False,1437983121
7,10,3,0.283203125,0.015625,0.0,7,Simplified BARK,39,0.0380859375,5.699477529569409e-36,512.0,0.5,False,1437983121
7,10,3,0.283203125,0.015625,0.0,7,Simplified BARK,48,0.046875,2.4336157173177165e-36,512.0,0.5,False,1437983121
7,10,3,0.283203125,0.015625,0.0,7,Simplified BARK,60,0.05859375,8.606869820369022e-36,512.0,0.5,False,1437983121
7,10,3,0.283203125,0.015625,0.0,7,Simplified BARK,74,0.072265625,9.882528250593531e-36,512.0,0.5,False,1437983121
7,10,3,0.283203125,0.015625,0.0,7,Simplified BARK,92,0.08984375,1.0200327387857944e-35,512.0,0.5,False,1437983121
7,10,3,0.283203125,0.015625,0.0,7,Simplified BARK,114,0.111328125,1.036342261411641e-35,512.0,0.5,False,1437983121
7,10,3,0.283203125,0.015625,0.0,7,Simplified BARK,141,0.1376953125,1.0644734497795447e-35,512.0,0.5,False,1437983121
7,10,3,0.283203125,0.015625,0.0,7,Simplified BARK,175,0.1708984375,7.803382394958512e-36,512.0,0.5,False,1437983121
7,10,3,0.283203125,0.015625,0.0,7,Simplified BARK,217,0.2119140625,9.861377631323776e-36,512.0,0.5,False,1437983121
7,10,3,0.283203125,0.015625,0.0,7,Simplified BARK,269,0.2626953125,5.7246399118051187e-36,512.0,0.5,False,1437983121
7,10,3,0.283203125,0.015625,0.0,7,Simplified BARK,333,0.3251953125,5.9094745395941586e-36,512.0,0.5,False,1437983121
7,10,3,0.283203125,0.015625,0.0,7,Simplified BARK,413,0.4033203125,3.162542883643274e-36,512.0,0.5,False,1437983121
7,10,3,0.283203125,0.015625,0.0,7,Simplified BARK,512,0.5,2.899397990871209e-36,512.0,0.5,False,1437983121
7,10,3,0.283203125,0.015625,0.0,7,SKQD,1,0.0009765625,0.0,405.0,0.3955078125,True,1437983121
7,10,3,0.283203125,0.015625,0.0,7,SKQD,2,0.001953125,0.0,405.0,0.3955078125,True,1437983121
7,10,3,0.283203125,0.015625,0.0,7,SKQD,3,0.0029296875,0.0,405.0,0.3955078125,True,1437983121
7,10,3,0.283203125,0.015625,0.0,7,SKQD,4,0.00390625,0.0,405.0,0.3955078125,True,1437983121
7,10,3,0.283203125,0.015625,0.0,7,SKQD,5,0.0048828125,0.0,405.0,0.3955078125,True,1437983121
7,10,3,0.283203125,0.015625,0.0,7,SKQD,6,0.005859375,7.165306628196559e-36,405.0,0.3955078125,True,1437983121
7,10,3,0.283203125,0.015625,0.0,7,SKQD,7,0.0068359375,7.165306628196559e-36,405.0,0.3955078125,True,1437983121
7,10,3,0.283203125,0.015625,0.0,7,SKQD,9,0.0087890625,7.885902734559755e-36,405.0,0.3955078125,True,1437983121
7,10,3,0.283203125,0.015625,0.0,7,SKQD,11,0.0107421875,7.885902734559755e-36,405.0,0.3955078125,True,1437983121
7,10,3,0.283203125,0.015625,0.0,7,SKQD,13,0.0126953125,7.885902734559755e-36,405.0,0.3955078125,True,1437983121
7,10,3,0.283203125,0.015625,0.0,7,SKQD,16,0.015625,2.7868337104805604e-36,405.0,0.3955078125,True,1437983121
7,10,3,0.283203125,0.015625,0.0,7,SKQD,20,0.01953125,2.552879040484359e-36,405.0,0.3955078125,True,1437983121
7,10,3,0.283203125,0.015625,0.0,7,SKQD,25,0.0244140625,2.552879040484359e-36,405.0,0.3955078125,True,1437983121
7,10,3,0.283203125,0.015625,0.0,7,SKQD,31,0.0302734375,2.4312733840376284e-36,405.0,0.3955078125,True,1437983121
7,10,3,0.283203125,0.015625,0.0,7,SKQD,39,0.0380859375,2.4312733840376284e-36,405.0,0.3955078125,True,1437983121
7,10,3,0.283203125,0.015625,0.0,7,SKQD,48,0.046875,1.2886899678034429e-36,405.0,0.3955078125,True,1437983121
7,10,3,0.283203125,0.015625,0.0,7,SKQD,60,0.05859375,1.2886899678034429e-36,405.0,0.3955078125,True,1437983121
7,10,3,0.283203125,0.015625,0.0,7,SKQD,74,0.072265625,4.060774435373633e-37,405.0,0.3955078125,True,1437983121
7,10,3,0.283203125,0.015625,0.0,7,SKQD,92,0.08984375,4.059413031130652e-37,405.0,0.3955078125,True,1437983121
7,10,3,0.283203125,0.015625,0.0,7,SKQD,114,0.111328125,4.415446027145903e-37,405.0,0.3955078125,True,1437983121
7,10,3,0.283203125,0.015625,0.0,7,SKQD,141,0.1376953125,5.000193890770117e-37,405.0,0.3955078125,True,1437983121
7,10,3,0.283203125,0.015625,0.0,7,SKQD,175,0.1708984375,6.554006232851278e-37,405.0,0.3955078125,True,1437983121
7,10,3,0.283203125,0.015625,0.0,7,SKQD,217,0.2119140625,6.964954750815573e-37,405.0,0.3955078125,True,1437983121
7,10,3,0.283203125,0.015625,0.0,7,SKQD,269,0.2626953125,5.709445452755177e-37,405.0,0.3955078125,True,1437983121
7,10,3,0.283203125,0.015625,0.0,7,SKQD,333,0.3251953125,2.9122236991282003e-37,405.0,0.3955078125,True,1437983121
7,10,3,0.283203125,0.015625,0.0,7,SKQD,413,0.4033203125,1.0618469641869033e-36,405.0,0.3955078125,True,1437983121
7,10,3,0.283203125,0.015625,0.0,7,SKQD,512,0.5,1.0618469641869033e-36,405.0,0.3955078125,True,1437983121
7,10,3,0.283203125,0.015625,0.0,7,Ceiling,1,0.0009765625,0.7421254734634213,512.0,0.5,False,1437983121
7,10,3,0.283203125,0.015625,0.0,7,Ceiling,2,0.001953125,0.7963728263174862,512.0,0.5,False,1437983121
7,10,3,0.283203125,0.015625,0.0,7,Ceiling,3,0.0029296875,0.8419796463099046,512.0,0.5,False,1437983121
7,10,3,0.283203125,0.015625,0.0,7,Ceiling,4,0.00390625,0.8628741722955037,512.0,0.5,False,1437983121
7,10,3,0.283203125,0.015625,0.0,7,Ceiling,5,0.0048828125,0.8827228935325893,512.0,0.5,False,1437983121
7,10,3,0.283203125,0.015625,0.0,7,Ceiling,6,0.005859375,0.9013013673778677,512.0,0.5,False,1437983121
7,10,3,0.283203125,0.015625,0.0,7,Ceiling,7,0.0068359375,0.9196965178901132,512.0,0.5,False,1437983121
7,10,3,0.283203125,0.015625,0.0,7,Ceiling,9,0.0087890625,0.9461103647162752,512.0,0.5,False,1437983121
7,10,3,0.283203125,0.015625,0.0,7,Ceiling,11,0.0107421875,0.9539140782422723,512.0,0.5,False,1437983121
7,10,3,0.283203125,0.015625,0.0,7,Ceiling,13,0.0126953125,0.9597937122982014,512.0,0.5,False,1437983121
7,10,3,0.283203125,0.015625,0.0,7,Ceiling,16,0.015625,0.9677453021513858,512.0,0.5,False,1437983121
7,10,3,0.283203125,0.015625,0.0,7,Ceiling,20,0.01953125,0.974692608744761,512.0,0.5,False,1437983121
7,10,3,0.283203125,0.015625,0.0,7,Ceiling,25,0.0244140625,0.9806247495788827,512.0,0.5,False,1437983121
7,10,3,0.283203125,0.015625,0.0,7,Ceiling,31,0.0302734375,0.9858085279563302,512.0,0.5,False,1437983121
7,10,3,0.283203125,0.015625,0.0,7,Ceiling,39,0.0380859375,0.9900423852106365,512.0,0.5,False,1437983121
7,10,3,0.283203125,0.015625,0.0,7,Ceiling,48,0.046875,0.9932149280754428,512.0,0.5,False,1437983121
7,10,3,0.283203125,0.015625,0.0,7,Ceiling,60,0.05859375,0.9952965575055966,512.0,0.5,False,1437983121
7,10,3,0.283203125,0.015625,0.0,7,Ceiling,74,0.072265625,0.9966519829951531,512.0,0.5,False,1437983121
7,10,3,0.283203125,0.015625,0.0,7,Ceiling,92,0.08984375,0.9977937315402026,512.0,0.5,False,1437983121
7,10,3,0.283203125,0.015625,0.0,7,Ceiling,114,0.111328125,0.9986630188078391,512.0,0.5,False,1437983121
7,10,3,0.283203125,0.015625,0.0,7,Ceiling,141,0.1376953125,0.9992576476060746,512.0,0.5,False,1437983121
7,10,3,0.283203125,0.015625,0.0,7,Ceiling,175,0.1708984375,0.999612031316498,512.0,0.5,False,1437983121
7,10,3,0.283203125,0.015625,0.0,7,Ceiling,217,0.2119140625,0.9998171617248508,512.0,0.5,False,1437983121
7,10,3,0.283203125,0.015625,0.0,7,Ceiling,269,0.2626953125,0.9999247833700703,512.0,0.5,False,1437983121
7,10,3,0.283203125,0.015625,0.0,7,Ceiling,333,0.3251953125,0.9999775150472281,512.0,0.5,False,1437983121
7,10,3,0.283203125,0.015625,0.0,7,Ceiling,413,0.4033203125,0.9999966492405291,512.0,0.5,False,1437983121
7,10,3,0.283203125,0.015625,0.0,7,Ceiling,512,0.5,1.000000000000001,512.0,0.5,False,1437983121
7,10,3,0.283203125,0.015625,1.0041038217340164e-44,358,BARK,1,0.0009765625,1.0041038217340164e-44,512.0,0.5,False,1437983121
7,10,3,0.283203125,0.015625,1.0041038217340164e-44,358,BARK,2,0.001953125,2.7119398374474076e-40,512.0,0.5,False,1437983121
7,10,3,0.283203125,0.015625,1.0041038217340164e-44,358,BARK,3,0.0029296875,2.6611372568401626e-38,512.0,0.5,False,1437983121
7,10,3,0.283203125,0.015625,1.0041038217340164e-44,358,BARK,4,0.00390625,9.929865978648358e-37,512.0,0.5,False,1437983121
7,10,3,0.283203125,0.015625,1.0041038217340164e-44,358,BARK,5,0.0048828125,6.883490901272308e-37,512.0,0.5,False,1437983121
7,10,3,0.283203125,0.015625,1.0041038217340164e-44,358,BARK,6,0.005859375,7.92520295417511e-37,512.0,0.5,False,1437983121
7,10,3,0.283203125,0.015625,1.0041038217340164e-44,358,BARK,7,0.0068359375,8.003010554664335e-37,512.0,0.5,False,1437983121
7,10,3,0.283203125,0.015625,1.0041038217340164e-44,358,BARK,9,0.0087890625,7.908337551969622e-37,512.0,0.5,False,1437983121
7,10,3,0.283203125,0.015625,1.0041038217340164e-44,358,BARK,11,0.0107421875,2.1011763459050067e-36,512.0,0.5,False,1437983121
7,10,3,0.283203125,0.015625,1.0041038217340164e-44,358,BARK,13,0.0126953125,2.6762134467165613e-36,512.0,0.5,False,1437983121
7,10,3,0.283203125,0.015625,1.0041038217340164e-44,358,BARK,16,0.015625,2.722505972359423e-36,512.0,0.5,False,1437983121
7,10,3,0.283203125,0.015625,1.0041038217340164e-44,358,BARK,20,0.01953125,4.2010855590321797e-36,512.0,0.5,False,1437983121
7,10,3,0.283203125,0.015625,1.0041038217340164e-44,358,BARK,25,0.0244140625,3.513085918611458e-36,512.0,0.5,False,1437983121
7,10,3,0.283203125,0.015625,1.0041038217340164e-44,358,BARK,31,0.0302734375,3.457230514285803e-36,512.0,0.5,False,1437983121
7,10,3,0.283203125,0.015625,1.0041038217340164e-44,358,BARK,39,0.0380859375,3.491371993421143e-36,512.0,0.5,False,1437983121
7,10,3,0.283203125,0.015625,1.0041038217340164e-44,358,BARK,48,0.046875,4.03435064343182e-36,512.0,0.5,False,1437983121
7,10,3,0.283203125,0.015625,1.0041038217340164e-44,358,BARK,60,0.05859375,3.6733216855481186e-36,512.0,0.5,False,1437983121
7,10,3,0.283203125,0.015625,1.0041038217340164e-44,358,BARK,74,0.072265625,3.705836826348561e-36,512.0,0.5,False,1437983121
7,10,3,0.283203125,0.015625,1.0041038217340164e-44,358,BARK,92,0.08984375,3.887875561636117e-36,512.0,0.5,False,1437983121
7,10,3,0.283203125,0.015625,1.0041038217340164e-44,358,BARK,114,0.111328125,4.347702723215534e-36,512.0,0.5,False,1437983121
7,10,3,0.283203125,0.015625,1.0041038217340164e-44,358,BARK,141,0.1376953125,4.159844627233337e-36,512.0,0.5,False,1437983121
7,10,3,0.283203125,0.015625,1.0041038217340164e-44,358,BARK,175,0.1708984375,2.458352773654016e-36,512.0,0.5,False,1437983121
7,10,3,0.283203125,0.015625,1.0041038217340164e-44,358,BARK,217,0.2119140625,2.5511671961538845e-36,512.0,0.5,False,1437983121
7,10,3,0.283203125,0.015625,1.0041038217340164e-44,358,BARK,269,0.2626953125,2.5051358631973758e-36,512.0,0.5,False,1437983121
7,10,3,0.283203125,0.015625,1.0041038217340164e-44,358,BARK,333,0.3251953125,2.855371506720854e-36,512.0,0.5,False,1437983121
7,10,3,0.283203125,0.015625,1.0041038217340164e-44,358,BARK,413,0.4033203125,2.9086304628192354e-36,512.0,0.5,False,1437983121
7,10,3,0.283203125,0.015625,1.0041038217340164e-44,358,BARK,512,0.5,2.8993980073272983e-36,512.0,0.5,False,1437983121
7,10,3,0.283203125,0.015625,1.0041038217340164e-44,358,Simplified BARK,1,0.0009765625,1.0041038217340164e-44,512.0,0.5,False,1437983121
7,10,3,0.283203125,0.015625,1.0041038217340164e-44,358,Simplified BARK,2,0.001953125,7.479998485992188e-39,512.0,0.5,False,1437983121
7,10,3,0.283203125,0.015625,1.0041038217340164e-44,358,Simplified BARK,3,0.0029296875,1.1841237182672764e-38,512.0,0.5,False,1437983121
7,10,3,0.283203125,0.015625,1.0041038217340164e-44,358,Simplified BARK,4,0.00390625,1.220370229771734e-38,512.0,0.5,False,1437983121
7,10,3,0.283203125,0.015625,1.0041038217340164e-44,358,Simplified BARK,5,0.0048828125,1.2173535756688818e-38,512.0,0.5,False,1437983121
7,10,3,0.283203125,0.015625,1.0041038217340164e-44,358,Simplified BARK,6,0.005859375,9.278227237700423e-39,512.0,0.5,False,1437983121
7,10,3,0.283203125,0.015625,1.0041038217340164e-44,358,Simplified BARK,7,0.0068359375,1.476737754945197e-38,512.0,0.5,False,1437983121
7,10,3,0.283203125,0.015625,1.0041038217340164e-44,358,Simplified BARK,9,0.0087890625,7.235391415019839e-38,512.0,0.5,False,1437983121
7,10,3,0.283203125,0.015625,1.0041038217340164e-44,358,Simplified BARK,11,0.0107421875,6.72836335659954e-38,512.0,0.5,False,1437983121
7,10,3,0.283203125,0.015625,1.0041038217340164e-44,358,Simplified BARK,13,0.0126953125,5.814192466456826e-38,512.0,0.5,False,1437983121
7,10,3,0.283203125,0.015625,1.0041038217340164e-44,358,Simplified BARK,16,0.015625,1.2650827876808585e-37,512.0,0.5,False,1437983121
7,10,3,0.283203125,0.015625,1.0041038217340164e-44,358,Simplified BARK,20,0.01953125,5.403407982187465e-38,512.0,0.5,False,1437983121
7,10,3,0.283203125,0.015625,1.0041038217340164e-44,358,Simplified BARK,25,0.0244140625,3.7433900986510905e-38,512.0,0.5,False,1437983121
7,10,3,0.283203125,0.015625,1.0041038217340164e-44,358,Simplified BARK,31,0.0302734375,2.785673168909751e-38,512.0,0.5,False,1437983121
7,10,3,0.283203125,0.015625,1.0041038217340164e-44,358,Simplified BARK,39,0.0380859375,9.780663889990736e-39,512.0,0.5,False,1437983121
7,10,3,0.283203125,0.015625,1.0041038217340164e-44,358,Simplified BARK,48,0.046875,3.190884283578788e-36,512.0,0.5,False,1437983121
7,10,3,0.283203125,0.015625,1.0041038217340164e-44,358,Simplified BARK,60,0.05859375,1.5661248091312747e-36,512.0,0.5,False,1437983121
7,10,3,0.283203125,0.015625,1.0041038217340164e-44,358,Simplified BARK,74,0.072265625,1.565961769750457e-36,512.0,0.5,False,1437983121
7,10,3,0.283203125,0.015625,1.0041038217340164e-44,358,Simplified BARK,92,0.08984375,1.4848530056341263e-36,512.0,0.5,False,1437983121
7,10,3,0.283203125,0.015625,1.0041038217340164e-44,358,Simplified BARK,114,0.111328125,1.567319398438824e-38,512.0,0.5,False,1437983121
7,10,3,0.283203125,0.015625,1.0041038217340164e-44,358,Simplified BARK,141,0.1376953125,9.501143901703732e-38,512.0,0.5,False,1437983121
7,10,3,0.283203125,0.015625,1.0041038217340164e-44,358,Simplified BARK,175,0.1708984375,9.505162782877689e-36,512.0,0.5,False,1437983121
7,10,3,0.283203125,0.015625,1.0041038217340164e-44,358,Simplified BARK,217,0.2119140625,1.0091744537986419e-35,512.0,0.5,False,1437983121
7,10,3,0.283203125,0.015625,1.0041038217340164e-44,358,Simplified BARK,269,0.2626953125,5.724639911794964e-36,512.0,0.5,False,1437983121
7,10,3,0.283203125,0.015625,1.0041038217340164e-44,358,Simplified BARK,333,0.3251953125,5.9094745395941506e-36,512.0,0.5,False,1437983121
7,10,3,0.283203125,0.015625,1.0041038217340164e-44,358,Simplified BARK,413,0.4033203125,3.1625428836432684e-36,512.0,0.5,False,1437983121
7,10,3,0.283203125,0.015625,1.0041038217340164e-44,358,Simplified BARK,512,0.5,2.8993979908712096e-36,512.0,0.5,False,1437983121
7,10,3,0.283203125,0.015625,1.0041038217340164e-44,358,SKQD,1,0.0009765625,1.0041038217340164e-44,392.0,0.3828125,True,1437983121
7,10,3,0.283203125,0.015625,1.0041038217340164e-44,358,SKQD,2,0.001953125,1.0041038217340164e-44,392.0,0.3828125,True,1437983121
7,10,3,0.283203125,0.015625,1.0041038217340164e-44,358,SKQD,3,0.0029296875,1.0041038217340164e-44,392.0,0.3828125,True,1437983121
7,10,3,0.283203125,0.015625,1.0041038217340164e-44,358,SKQD,4,0.00390625,1.0041038217340164e-44,392.0,0.3828125,True,1437983121
7,10,3,0.283203125,0.015625,1.0041038217340164e-44,358,SKQD,5,0.0048828125,1.0041038217340164e-44,392.0,0.3828125,True,1437983121
7,10,3,0.283203125,0.015625,1.0041038217340164e-44,358,SKQD,6,0.005859375,1.0041038217340164e-44,392.0,0.3828125,True,1437983121
7,10,3,0.283203125,0.015625,1.0041038217340164e-44,358,SKQD,7,0.0068359375,1.0041038217340164e-44,392.0,0.3828125,True,1437983121
7,10,3,0.283203125,0.015625,1.0041038217340164e-44,358,SKQD,9,0.0087890625,1.0041038217340164e-44,392.0,0.3828125,True,1437983121
7,10,3,0.283203125,0.015625,1.0041038217340164e-44,358,SKQD,11,0.0107421875,2.5388460019639135e-38,392.0,0.3828125,True,1437983121
7,10,3,0.283203125,0.015625,1.0041038217340164e-44,358,SKQD,13,0.0126953125,2.5388460019639135e-38,392.0,0.3828125,True,1437983121
7,10,3,0.283203125,0.015625,1.0041038217340164e-44,358,SKQD,16,0.015625,2.911974976242014e-38,392.0,0.3828125,True,1437983121
7,10,3,0.283203125,0.015625,1.0041038217340164e-44,358,SKQD,20,0.01953125,1.3197147177438465e-37,392.0,0.3828125,True,1437983121
7,10,3,0.283203125,0.015625,1.0041038217340164e-44,358,SKQD,25,0.0244140625,1.3197147177438465e-37,392.0,0.3828125,True,1437983121
7,10,3,0.283203125,0.015625,1.0041038217340164e-44,358,SKQD,31,0.0302734375,1.3418738299524301e-37,392.0,0.3828125,True,1437983121
7,10,3,0.283203125,0.015625,1.0041038217340164e-44,358,SKQD,39,0.0380859375,3.457667769399145e-37,392.0,0.3828125,True,1437983121
7,10,3,0.283203125,0.015625,1.0041038217340164e-44,358,SKQD,48,0.046875,3.275038699241528e-37,392.0,0.3828125,True,1437983121
7,10,3,0.283203125,0.015625,1.0041038217340164e-44,358,SKQD,60,0.05859375,2.029724662981211e-37,392.0,0.3828125,True,1437983121
7,10,3,0.283203125,0.015625,1.0041038217340164e-44,358,SKQD,74,0.072265625,1.8279962143541244e-37,392.0,0.3828125,True,1437983121
7,10,3,0.283203125,0.015625,1.0041038217340164e-44,358,SKQD,92,0.08984375,1.539988407772001e-37,392.0,0.3828125,True,1437983121
7,10,3,0.283203125,0.015625,1.0041038217340164e-44,358,SKQD,114,0.111328125,9.203980264146191e-38,392.0,0.3828125,True,1437983121
7,10,3,0.283203125,0.015625,1.0041038217340164e-44,358,SKQD,141,0.1376953125,4.53280643437697e-39,392.0,0.3828125,True,1437983121
7,10,3,0.283203125,0.015625,1.0041038217340164e-44,358,SKQD,175,0.1708984375,9.844174951928582e-37,392.0,0.3828125,True,1437983121
7,10,3,0.283203125,0.015625,1.0041038217340164e-44,358,SKQD,217,0.2119140625,3.3804123181776383e-37,392.0,0.3828125,True,1437983121
7,10,3,0.283203125,0.015625,1.0041038217340164e-44,358,SKQD,269,0.2626953125,1.5336685346978053e-38,392.0,0.3828125,True,1437983121
7,10,3,0.283203125,0.015625,1.0041038217340164e-44,358,SKQD,333,0.3251953125,1.8355195441555742e-37,392.0,0.3828125,True,1437983121
7,10,3,0.283203125,0.015625,1.0041038217340164e-44,358,SKQD,413,0.4033203125,5.967351222044516e-37,392.0,0.3828125,True,1437983121
7,10,3,0.283203125,0.015625,1.0041038217340164e-44,358,SKQD,512,0.5,5.967351222044516e-37,392.0,0.3828125,True,1437983121
7,10,3,0.283203125,0.015625,1.0041038217340164e-44,358,Ceiling,1,0.0009765625,0.7421254734634213,512.0,0.5,False,1437983121
7,10,3,0.283203125,0.015625,1.0041038217340164e-44,358,Ceiling,2,0.001953125,0.7963728263174862,512.0,0.5,False,1437983121
7,10,3,0.283203125,0.015625,1.0041038217340164e-44,358,Ceiling,3,0.0029296875,0.8419796463099046,512.0,0.5,False,1437983121
7,10,3,0.283203125,0.015625,1.0041038217340164e-44,358,Ceiling,4,0.00390625,0.8628741722955037,512.0,0.5,False,1437983121
7,10,3,0.283203125,0.015625,1.0041038217340164e-44,358,Ceiling,5,0.0048828125,0.8827228935325893,512.0,0.5,False,1437983121
7,10,3,0.283203125,0.015625,1.0041038217340164e-44,358,Ceiling,6,0.005859375,0.9013013673778677,512.0,0.5,False,1437983121
7,10,3,0.283203125,0.015625,1.0041038217340164e-44,358,Ceiling,7,0.0068359375,0.9196965178901132,512.0,0.5,False,1437983121
7,10,3,0.283203125,0.015625,1.0041038217340164e-44,358,Ceiling,9,0.0087890625,0.9461103647162752,512.0,0.5,False,1437983121
7,10,3,0.283203125,0.015625,1.0041038217340164e-44,358,Ceiling,11,0.0107421875,0.9539140782422723,512.0,0.5,False,1437983121
7,10,3,0.283203125,0.015625,1.0041038217340164e-44,358,Ceiling,13,0.0126953125,0.9597937122982014,512.0,0.5,False,1437983121
7,10,3,0.283203125,0.015625,1.0041038217340164e-44,358,Ceiling,16,0.015625,0.9677453021513858,512.0,0.5,False,1437983121
7,10,3,0.283203125,0.015625,1.0041038217340164e-44,358,Ceiling,20,0.01953125,0.974692608744761,512.0,0.5,False,1437983121
7,10,3,0.283203125,0.015625,1.0041038217340164e-44,358,Ceiling,25,0.0244140625,0.9806247495788827,512.0,0.5,False,1437983121
7,10,3,0.283203125,0.015625,1.0041038217340164e-44,358,Ceiling,31,0.0302734375,0.9858085279563302,512.0,0.5,False,1437983121
7,10,3,0.283203125,0.015625,1.0041038217340164e-44,358,Ceiling,39,0.0380859375,0.9900423852106365,512.0,0.5,False,1437983121
7,10,3,0.283203125,0.015625,1.0041038217340164e-44,358,Ceiling,48,0.046875,0.9932149280754428,512.0,0.5,False,1437983121
7,10,3,0.283203125,0.015625,1.0041038217340164e-44,358,Ceiling,60,0.05859375,0.9952965575055966,512.0,0.5,False,1437983121
7,10,3,0.283203125,0.015625,1.0041038217340164e-44,358,Ceiling,74,0.072265625,0.9966519829951531,512.0,0.5,False,1437983121
7,10,3,0.283203125,0.015625,1.0041038217340164e-44,358,Ceiling,92,0.08984375,0.9977937315402026,512.0,0.5,False,1437983121
7,10,3,0.283203125,0.015625,1.0041038217340164e-44,358,Ceiling,114,0.111328125,0.9986630188078391,512.0,0.5,False,1437983121
7,10,3,0.283203125,0.015625,1.0041038217340164e-44,358,Ceiling,141,0.1376953125,0.9992576476060746,512.0,0.5,False,1437983121
7,10,3,0.283203125,0.015625,1.0041038217340164e-44,358,Ceiling,175,0.1708984375,0.999612031316498,512.0,0.5,False,1437983121
7,10,3,0.283203125,0.015625,1.0041038217340164e-44,358,Ceiling,217,0.2119140625,0.9998171617248508,512.0,0.5,False,1437983121
7,10,3,0.283203125,0.015625,1.0041038217340164e-44,358,Ceiling,269,0.2626953125,0.9999247833700703,512.0,0.5,False,1437983121
7,10,3,0.283203125,0.015625,1.0041038217340164e-44,358,Ceiling,333,0.3251953125,0.9999775150472281,512.0,0.5,False,1437983121
7,10,3,0.283203125,0.015625,1.0041038217340164e-44,358,Ceiling,413,0.4033203125,0.9999966492405291,512.0,0.5,False,1437983121
7,10,3,0.283203125,0.015625,1.0041038217340164e-44,358,Ceiling,512,0.5,1.000000000000001,512.0,0.5,False,1437983121
