Hamiltonian_Index,Number_of_Sites,Max_Interactions,Ground_State_Density,Hamiltonian_Density,Overlap,Initial_State_Index,Algorithm,Budget,Budget_Fraction,Fidelity,Final_Pool_Size,Final_Pool_Fraction,Terminated_Early,Seed
8,6,1,0.125,0.0625,0.007301402012825249,19,BARK,1,0.015625,0.007301402012825249,8.0,0.125,True,1769744075
8,6,1,0.125,0.0625,0.007301402012825249,19,BARK,2,0.03125,0.8112240145491049,8.0,0.125,True,1769744075
8,6,1,0.125,0.0625,0.007301402012825249,19,BARK,3,0.046875,0.997057428299596,8.0,0.125,True,1769744075
8,6,1,0.125,0.0625,0.007301402012825249,19,BARK,4,0.0625,0.9988417740355668,8.0,0.125,True,1769744075
8,6,1,0.125,0.0625,0.007301402012825249,19,BARK,5,0.078125,0.9988428437345381,8.0,0.125,True,1769744075
8,6,1,0.125,0.0625,0.007301402012825249,19,BARK,6,0.09375,0.9990240424385929,8.0,0.125,True,1769744075
8,6,1,0.125,0.0625,0.007301402012825249,19,BARK,7,0.109375,0.999991297112517,8.0,0.125,True,1769744075
8,6,1,0.125,0.0625,0.007301402012825249,19,BARK,8,0.125,0.9999999999999989,8.0,0.125,True,1769744075
8,6,1,0.125,0.0625,0.007301402012825249,19,BARK,9,0.140625,0.9999999999999989,8.0,0.125,True,1769744075
8,6,1,0.125,0.0625,0.007301402012825249,19,BARK,10,0.15625,0.9999999999999989,8.0,0.125,True,1769744075
8,6,1,0.125,0.0625,0.007301402012825249,19,BARK,11,0.171875,0.9999999999999989,8.0,0.125,True,1769744075
8,6,1,0.125,0.0625,0.007301402012825249,19,BARK,12,0.1875,0.9999999999999989,8.0,0.125,True,1769744075
8,6,1,0.125,0.0625,0.007301402012825249,19,BARK,14,0.21875,0.9999999999999989,8.0,0.125,True,1769744075
8,6,1,0.125,0.0625,0.007301402012825249,19,BARK,16,0.25,0.9999999999999989,8.0,0.125,True,1769744075
8,6,1,0.125,0.0625,0.007301402012825249,19,BARK,18,0.28125,0.9999999999999989,8.0,0.125,True,1769744075
8,6,1,0.125,0.0625,0.007301402012825249,19,BARK,20,0.3125,0.9999999999999989,8.0,0.125,True,1769744075
8,6,1,0.125,0.0625,0.007301402012825249,19,BARK,22,0.34375,0.9999999999999989,8.0,0.125,True,1769744075
8,6,1,0.125,0.0625,0.007301402012825249,19,BARK,25,0.390625,0.9999999999999989,8.0,0.125,True,1769744075
8,6,1,0.125,0.0625,0.007301402012825249,19,BARK,28,0.4375,0.9999999999999989,8.0,0.125,True,1769744075
8,6,1,0.125,0.0625,0.007301402012825249,19,BARK,32,0.5,0.9999999999999989,8.0,0.125,True,1769744075
8,6,1,0.125,0.0625,0.007301402012825249,19,Simplified BARK,1,0.015625,0.007301402012825249,8.0,0.125,True,1769744075
8,6,1,0.125,0.0625,0.007301402012825249,19,Simplified BARK,2,0.03125,0.0089900510939519,8.0,0.125,True,1769744075
8,6,1,0.125,0.0625,0.007301402012825249,19,Simplified BARK,3,0.046875,0.8122256763736835,8.0,0.125,True,1769744075
8,6,1,0.125,0.0625,0.007301402012825249,19,Simplified BARK,4,0.0625,0.9988417740355671,8.0,0.125,True,1769744075
8,6,1,0.125,0.0625,0.007301402012825249,19,Simplified BARK,5,0.078125,0.9997544746642502,8.0,0.125,True,1769744075
8,6,1,0.125,0.0625,0.007301402012825249,19,Simplified BARK,6,0.09375,0.9999893921354074,8.0,0.125,True,1769744075
8,6,1,0.125,0.0625,0.007301402012825249,19,Simplified BARK,7,0.109375,0.9999979910055601,8.0,0.125,True,1769744075
8,6,1,0.125,0.0625,0.007301402012825249,19,Simplified BARK,8,0.125,0.9999999999999996,8.0,0.125,True,1769744075
8,6,1,0.125,0.0625,0.007301402012825249,19,Simplified BARK,9,0.140625,0.9999999999999996,8.0,0.125,True,1769744075
8,6,1,0.125,0.0625,0.007301402012825249,19,Simplified BARK,10,0.15625,0.9999999999999996,8.0,0.125,True,1769744075
8,6,1,0.125,0.0625,0.007301402012825249,19,Simplified BARK,11,0.171875,0.9999999999999996,8.0,0.125,True,1769744075
8,6,1,0.125,0.0625,0.007301402012825249,19,Simplified BARK,12,0.1875,0.9999999999999996,8.0,0.125,True,1769744075
8,6,1,0.125,0.0625,0.007301402012825249,19,Simplified BARK,14,0.21875,0.9999999999999996,8.0,0.125,True,1769744075
8,6,1,0.125,0.0625,0.007301402012825249,19,Simplified BARK,16,0.25,0.9999999999999996,8.0,0.125,True,1769744075
8,6,1,0.125,0.0625,0.007301402012825249,19,Simplified BARK,18,0.28125,0.9999999999999996,8.0,0.125,True,1769744075
8,6,1,0.125,0.0625,0.007301402012825249,19,Simplified BARK,20,0.3125,0.9999999999999996,8.0,0.125,True,1769744075
8,6,1,0.125,0.0625,0.007301402012825249,19,Simplified BARK,22,0.34375,0.9999999999999996,8.0,0.125,True,1769744075
8,6,1,0.125,0.0625,0.007301402012825249,19,Simplified BARK,25,0.390625,0.9999999999999996,8.0,0.125,True,1769744075
8,6,1,0.125,0.0625,0.007301402012825249,19,Simplified BARK,28,0.4375,0.9999999999999996,8.0,0.125,True,1769744075
8,6,1,0.125,0.0625,0.007301402012825249,19,Simplified BARK,32,0.5,0.9999999999999996,8.0,0.125,True,1769744075
8,6,1,0.125,0.0625,0.007301402012825249,19,SKQD,1,0.015625,0.007301402012825249,4.333333333333333,0.06770833333333333,True,1769744075
8,6,1,0.125,0.0625,0.007301402012825249,19,SKQD,2,0.03125,0.007864285039867467,4.333333333333333,0.06770833333333333,True,1769744075
8,6,1,0.125,0.0625,0.007301402012825249,19,SKQD,3,0.046875,0.2761723764934868,4.333333333333333,0.06770833333333333,True,1769744075
8,6,1,0.125,0.0625,0.007301402012825249,19,SKQD,4,0.0625,0.8744329845037412,4.333333333333333,0.06770833333333333,True,1769744075
8,6,1,0.125,0.0625,0.007301402012825249,19,SKQD,5,0.078125,0.9366399725539019,4.333333333333333,0.06770833333333333,True,1769744075
8,6,1,0.125,0.0625,0.007301402012825249,19,SKQD,6,0.09375,0.9366399725539019,4.333333333333333,0.06770833333333333,True,1769744075
8,6,1,0.125,0.0625,0.007301402012825249,19,SKQD,7,0.109375,0.9366399725539019,4.333333333333333,0.06770833333333333,True,1769744075
8,6,1,0.125,0.0625,0.007301402012825249,19,SKQD,8,0.125,0.9366399725539019,4.333333333333333,0.06770833333333333,True,1769744075
8,6,1,0.125,0.0625,0.007301402012825249,19,SKQD,9,0.140625,0.9366399725539019,4.333333333333333,0.06770833333333333,True,1769744075
8,6,1,0.125,0.0625,0.007301402012825249,19,SKQD,10,0.15625,0.9366399725539019,4.333333333333333,0.06770833333333333,True,1769744075
8,6,1,0.125,0.0625,0.007301402012825249,19,SKQD,11,0.171875,0.9366399725539019,4.333333333333333,0.06770833333333333,True,1769744075
8,6,1,0.125,0.0625,0.007301402012825249,19,SKQD,12,0.1875,0.9366399725539019,4.333333333333333,0.06770833333333333,True,1769744075
8,6,1,0.125,0.0625,0.007301402012825249,19,SKQD,14,0.21875,0.9366399725539019,4.333333333333333,0.06770833333333333,True,1769744075
8,6,1,0.125,0.0625,0.007301402012825249,19,SKQD,16,0.25,0.9366399725539019,4.333333333333333,0.06770833333333333,True,1769744075
8,6,1,0.125,0.0625,0.007301402012825249,19,SKQD,18,0.28125,0.9366399725539019,4.333333333333333,0.06770833333333333,True,1769744075
8,6,1,0.125,0.0625,0.007301402012825249,19,SKQD,20,0.3125,0.9366399725539019,4.333333333333333,0.06770833333333333,True,1769744075
8,6,1,0.125,0.0625,0.007301402012825249,19,SKQD,22,0.34375,0.9366399725539019,4.333333333333333,0.06770833333333333,True,1769744075
8,6,1,0.125,0.0625,0.007301402012825249,19,SKQD,25,0.390625,0.9366399725539019,4.333333333333333,0.06770833333333333,True,1769744075
8,6,1,0.125,0.0625,0.007301402012825249,19,SKQD,28,0.4375,0.9366399725539019,4.333333333333333,0.06770833333333333,True,1769744075
8,6,1,0.125,0.0625,0.007301402012825249,19,SKQD,32,0.5,0.9366399725539019,4.333333333333333,0.06770833333333333,True,1769744075
8,6,1,0.125,0.0625,0.007301402012825249,19,Ceiling,1,0.015625,0.8039226125362797,32.0,0.5,False,1769744075
8,6,1,0.125,0.0625,0.007301402012825249,19,Ceiling,2,0.03125,0.9898517229416154,32.0,0.5,False,1769744075
8,6,1,0.125,0.0625,0.007301402012825249,19,Ceiling,3,0.046875,0.9971531249544406,32.0,0.5,False,1769744075
8,6,1,0.125,0.0625,0.007301402012825249,19,Ceiling,4,0.0625,0.9988417740355673,32.0,0.5,False,1769744075
8,6,1,0.125,0.0625,0.007301402012825249,19,Ceiling,5,0.078125,0.9997739777813834,32.0,0.5,False,1769744075
8,6,1,0.125,0.0625,0.007301402012825249,19,Ceiling,6,0.09375,0.9999895754153763,32.0,0.5,False,1769744075
8,6,1,0.125,0.0625,0.007301402012825249,19,Ceiling,7,0.109375,0.9999980418948606,32.0,0.5,False,1769744075
8,6,1,0.125,0.0625,0.007301402012825249,19,Ceiling,8,0.125,0.9999999999999994,32.0,0.5,False,1769744075
8,6,1,0.125,0.0625,0.007301402012825249,19,Ceiling,9,0.140625,0.9999999999999994,32.0,0.5,False,1769744075
8,6,1,0.125,0.0625,0.007301402012825249,19,Ceiling,10,0.15625,0.9999999999999994,32.0,0.5,False,1769744075
8,6,1,0.125,0.0625,0.007301402012825249,19,Ceiling,11,0.171875,0.9999999999999994,32.0,0.5,False,1769744075
8,6,1,0.125,0.0625,0.007301402012825249,19,Ceiling,12,0.1875,0.9999999999999994,32.0,0.5,False,1769744075
8,6,1,0.125,0.0625,0.007301402012825249,19,Ceiling,14,0.21875,0.9999999999999994,32.0,0.5,False,1769744075
8,6,1,0.125,0.0625,0.007301402012825249,19,Ceiling,16,0.25,0.9999999999999994,32.0,0.5,False,1769744075
8,6,1,0.125,0.0625,0.007301402012825249,19,Ceiling,18,0.28125,0.9999999999999994,32.0,0.5,False,1769744075
8,6,1,0.125,0.0625,0.007301402012825249,19,Ceiling,20,0.3125,0.9999999999999994,32.0,0.5,False,1769744075
8,6,1,0.125,0.0625,0.007301402012825249,19,Ceiling,22,0.34375,0.9999999999999994,32.0,0.5,False,1769744075
8,6,1,0.125,0.0625,0.007301402012825249,19,Ceiling,25,0.390625,0.9999999999999994,32.0,0.5,False,1769744075
8,6,1,0.125,0.0625,0.007301402012825249,19,Ceiling,28,0.4375,0.9999999999999994,32.0,0.5,False,1769744075
8,6,1,0.125,0.0625,0.007301402012825249,19,Ceiling,32,0.5,0.9999999999999994,32.0,0.5,False,1769744075
8,6,1,0.125,0.0625,0.18592911040533563,37,BARK,1,0.015625,0.18592911040533563,8.0,0.125,True,1769744075
8,6,1,0.125,0.0625,0.18592911040533563,37,BARK,2,0.03125,0.9898517229416155,8.0,0.125,True,1769744075
8,6,1,0.125,0.0625,0.18592911040533563,37,BARK,3,0.046875,0.997057428299596,8.0,0.125,True,1769744075
8,6,1,0.125,0.0625,0.18592911040533563,37,BARK,4,0.0625,0.9988417740355668,8.0,0.125,True,1769744075
8,6,1,0.125,0.0625,0.18592911040533563,37,BARK,5,0.078125,0.9988428437345386,8.0,0.125,True,1769744075
8,6,1,0.125,0.0625,0.18592911040533563,37,BARK,6,0.09375,0.9990240424385927,8.0,0.125,True,1769744075
8,6,1,0.125,0.0625,0.18592911040533563,37,BARK,7,0.109375,0.9999912971125166,8.0,0.125,True,1769744075
8,6,1,0.125,0.0625,0.18592911040533563,37,BARK,8,0.125,0.9999999999999996,8.0,0.125,True,1769744075
8,6,1,0.125,0.0625,0.18592911040533563,37,BARK,9,0.140625,0.9999999999999996,8.0,0.125,True,1769744075
8,6,1,0.125,0.0625,0.18592911040533563,37,BARK,10,0.15625,0.9999999999999996,8.0,0.125,True,1769744075
8,6,1,0.125,0.0625,0.18592911040533563,37,BARK,11,0.171875,0.9999999999999996,8.0,0.125,True,1769744075
8,6,1,0.125,0.0625,0.18592911040533563,37,BARK,12,0.1875,0.9999999999999996,8.0,0.125,True,1769744075
8,6,1,0.125,0.0625,0.18592911040533563,37,BARK,14,0.21875,0.9999999999999996,8.0,0.125,True,1769744075
8,6,1,0.125,0.0625,0.18592911040533563,37,BARK,16,0.25,0.9999999999999996,8.0,0.125,True,1769744075
8,6,1,0.125,0.0625,0.18592911040533563,37,BARK,18,0.28125,0.9999999999999996,8.0,0.125,True,1769744075
8,6,1,0.125,0.0625,0.18592911040533563,37,BARK,20,0.3125,0.9999999999999996,8.0,0.125,True,1769744075
8,6,1,0.125,0.0625,0.18592911040533563,37,BARK,22,0.34375,0.9999999999999996,8.0,0.125,True,1769744075
8,6,1,0.125,0.0625,0.18592911040533563,37,BARK,25,0.390625,0.9999999999999996,8.0,0.125,True,1769744075
8,6,1,0.125,0.0625,0.18592911040533563,37,BARK,28,0.4375,0.9999999999999996,8.0,0.125,True,1769744075
8,6,1,0.125,0.0625,0.18592911040533563,37,BARK,32,0.5,0.9999999999999996,8.0,0.125,True,1769744075
8,6,1,0.125,0.0625,0.18592911040533563,37,Simplified BARK,1,0.015625,0.18592911040533563,8.0,0.125,True,1769744075
8,6,1,0.125,0.0625,0.18592911040533563,37,Simplified BARK,2,0.03125,0.9898517229416155,8.0,0.125,True,1769744075
8,6,1,0.125,0.0625,0.18592911040533563,37,Simplified BARK,3,0.046875,0.997057428299596,8.0,0.125,True,1769744075
8,6,1,0.125,0.0625,0.18592911040533563,37,Simplified BARK,4,0.0625,0.9988417740355668,8.0,0.125,True,1769744075
8,6,1,0.125,0.0625,0.18592911040533563,37,Simplified BARK,5,0.078125,0.9997544746642495,8.0,0.125,True,1769744075
8,6,1,0.125,0.0625,0.18592911040533563,37,Simplified BARK,6,0.09375,0.9999893921354072,8.0,0.125,True,1769744075
8,6,1,0.125,0.0625,0.18592911040533563,37,Simplified BARK,7,0.109375,0.9999979910055603,8.0,0.125,True,1769744075
8,6,1,0.125,0.0625,0.18592911040533563,37,Simplified BARK,8,0.125,0.9999999999999996,8.0,0.125,True,1769744075
8,6,1,0.125,0.0625,0.18592911040533563,37,Simplified BARK,9,0.140625,0.9999999999999996,8.0,0.125,True,1769744075
8,6,1,0.125,0.0625,0.18592911040533563,37,Simplified BARK,10,0.15625,0.9999999999999996,8.0,0.125,True,1769744075
8,6,1,0.125,0.0625,0.18592911040533563,37,Simplified BARK,11,0.171875,0.9999999999999996,8.0,0.125,True,1769744075
8,6,1,0.125,0.0625,0.18592911040533563,37,Simplified BARK,12,0.1875,0.9999999999999996,8.0,0.125,True,1769744075
8,6,1,0.125,0.0625,0.18592911040533563,37,Simplified BARK,14,0.21875,0.9999999999999996,8.0,0.125,True,1769744075
8,6,1,0.125,0.0625,0.18592911040533563,37,Simplified BARK,16,0.25,0.9999999999999996,8.0,0.125,True,1769744075
8,6,1,0.125,0.0625,0.18592911040533563,37,Simplified BARK,18,0.28125,0.9999999999999996,8.0,0.125,True,1769744075
8,6,1,0.125,0.0625,0.18592911040533563,37,Simplified BARK,20,0.3125,0.9999999999999996,8.0,0.125,True,1769744075
8,6,1,0.125,0.0625,0.18592911040533563,37,Simplified BARK,22,0.34375,0.9999999999999996,8.0,0.125,True,1769744075
8,6,1,0.125,0.0625,0.18592911040533563,37,Simplified BARK,25,0.390625,0.9999999999999996,8.0,0.125,True,1769744075
8,6,1,0.125,0.0625,0.18592911040533563,37,Simplified BARK,28,0.4375,0.9999999999999996,8.0,0.125,True,1769744075
8,6,1,0.125,0.0625,0.18592911040533563,37,Simplified BARK,32,0.5,0.9999999999999996,8.0,0.125,True,1769744075
8,6,1,0.125,0.0625,0.18592911040533563,37,SKQD,1,0.015625,0.18592911040533563,4.333333333333333,0.06770833333333333,True,1769744075
8,6,1,0.125,0.0625,0.18592911040533563,37,SKQD,2,0.03125,0.7218775187628556,4.333333333333333,0.06770833333333333,True,1769744075
8,6,1,0.125,0.0625,0.18592911040533563,37,SKQD,3,0.046875,0.9932552110607982,4.333333333333333,0.06770833333333333,True,1769744075
8,6,1,0.125,0.0625,0.18592911040533563,37,SKQD,4,0.0625,0.99640562974895,4.333333333333333,0.06770833333333333,True,1769744075
8,6,1,0.125,0.0625,0.18592911040533563,37,SKQD,5,0.078125,0.9964655794124552,4.333333333333333,0.06770833333333333,True,1769744075
8,6,1,0.125,0.0625,0.18592911040533563,37,SKQD,6,0.09375,0.9964655794124552,4.333333333333333,0.06770833333333333,True,1769744075
8,6,1,0.125,0.0625,0.18592911040533563,37,SKQD,7,0.109375,0.9964655794124552,4.333333333333333,0.06770833333333333,True,1769744075
8,6,1,0.125,0.0625,0.18592911040533563,37,SKQD,8,0.125,0.9964655794124552,4.333333333333333,0.06770833333333333,True,1769744075
8,6,1,0.125,0.0625,0.18592911040533563,37,SKQD,9,0.140625,0.9964655794124552,4.333333333333333,0.06770833333333333,True,1769744075
8,6,1,0.125,0.0625,0.18592911040533563,37,SKQD,10,0.15625,0.9964655794124552,4.333333333333333,0.06770833333333333,True,1769744075
8,6,1,0.125,0.0625,0.18592911040533563,37,SKQD,11,0.171875,0.9964655794124552,4.333333333333333,0.06770833333333333,True,1769744075
8,6,1,0.125,0.0625,0.18592911040533563,37,SKQD,12,0.1875,0.9964655794124552,4.333333333333333,0.06770833333333333,True,1769744075
8,6,1,0.125,0.0625,0.18592911040533563,37,SKQD,14,0.21875,0.9964655794124552,4.333333333333333,0.06770833333333333,True,1769744075
8,6,1,0.125,0.0625,0.18592911040533563,37,SKQD,16,0.25,0.9964655794124552,4.333333333333333,0.06770833333333333,True,1769744075
8,6,1,0.125,0.0625,0.18592911040533563,37,SKQD,18,0.28125,0.9964655794124552,4.333333333333333,0.06770833333333333,True,1769744075
8,6,1,0.125,0.0625,0.18592911040533563,37,SKQD,20,0.3125,0.9964655794124552,4.333333333333333,0.06770833333333333,True,1769744075
8,6,1,0.125,0.0625,0.18592911040533563,37,SKQD,22,0.34375,0.9964655794124552,4.333333333333333,0.06770833333333333,True,1769744075
8,6,1,0.125,0.0625,0.18592911040533563,37,SKQD,25,0.390625,0.9964655794124552,4.333333333333333,0.06770833333333333,True,1769744075
8,6,1,0.125,0.0625,0.18592911040533563,37,SKQD,28,0.4375,0.9964655794124552,4.333333333333333,0.06770833333333333,True,1769744075
8,6,1,0.125,0.0625,0.18592911040533563,37,SKQD,32,0.5,0.9964655794124552,4.333333333333333,0.06770833333333333,True,1769744075
8,6,1,0.125,0.0625,0.18592911040533563,37,Ceiling,1,0.015625,0.8039226125362797,32.0,0.5,False,1769744075
8,6,1,0.125,0.0625,0.18592911040533563,37,Ceiling,2,0.03125,0.9898517229416154,32.0,0.5,False,1769744075
8,6,1,0.125,0.0625,0.18592911040533563,37,Ceiling,3,0.046875,0.9971531249544406,32.0,0.5,False,1769744075
8,6,1,0.125,0.0625,0.18592911040533563,37,Ceiling,4,0.0625,0.9988417740355673,32.0,0.5,False,1769744075
8,6,1,0.125,0.0625,0.18592911040533563,37,Ceiling,5,0.078125,0.9997739777813834,32.0,0.5,False,1769744075
8,6,1,0.125,0.0625,0.18592911040533563,37,Ceiling,6,0.09375,0.9999895754153763,32.0,0.5,False,1769744075
8,6,1,0.125,0.0625,0.18592911040533563,37,Ceiling,7,0.109375,0.9999980418948606,32.0,0.5,False,1769744075
8,6,1,0.125,0.0625,0.18592911040533563,37,Ceiling,8,0.125,0.9999999999999994,32.0,0.5,False,1769744075
8,6,1,0.125,0.0625,0.18592911040533563,37,Ceiling,9,0.140625,0.9999999999999994,32.0,0.5,False,1769744075
8,6,1,0.125,0.0625,0.18592911040533563,37,Ceiling,10,0.15625,0.9999999999999994,32.0,0.5,False,1769744075
8,6,1,0.125,0.0625,0.18592911040533563,37,Ceiling,11,0.171875,0.9999999999999994,32.0,0.5,False,1769744075
8,6,1,0.125,0.0625,0.18592911040533563,37,Ceiling,12,0.1875,0.9999999999999994,32.0,0.5,False,1769744075
8,6,1,0.125,0.0625,0.18592911040533563,37,Ceiling,14,0.21875,0.9999999999999994,32.0,0.5,False,1769744075
8,6,1,0.125,0.0625,0.18592911040533563,37,Ceiling,16,0.25,0.9999999999999994,32.0,0.5,False,1769744075
8,6,1,0.125,0.0625,0.18592911040533563,37,Ceiling,18,0.28125,0.9999999999999994,32.0,0.5,False,1769744075
8,6,1,0.125,0.0625,0.18592911040533563,37,Ceiling,20,0.3125,0.9999999999999994,32.0,0.5,False,1769744075
8,6,1,0.125,0.0625,0.18592911040533563,37,Ceiling,22,0.34375,0.9999999999999994,32.0,0.5,False,1769744075
8,6,1,0.125,0.0625,0.18592911040533563,37,Ceiling,25,0.390625,0.9999999999999994,32.0,0.5,False,1769744075
8,6,1,0.125,0.0625,0.18592911040533563,37,Ceiling,28,0.4375,0.9999999999999994,32.0,0.5,False,1769744075
8,6,1,0.125,0.0625,0.18592911040533563,37,Ceiling,32,0.5,0.9999999999999994,32.0,0.5,False,1769744075
8,6,1,0.125,0.0625,0.8039226125362797,1,BARK,1,0.015625,0.8039226125362797,8.0,0.125,True,1769744075
8,6,1,0.125,0.0625,0.8039226125362797,1,BARK,2,0.03125,0.9898517229416155,8.0,0.125,True,1769744075
8,6,1,0.125,0.0625,0.8039226125362797,1,BARK,3,0.046875,0.9913541024413997,8.0,0.125,True,1769744075
8,6,1,0.125,0.0625,0.8039226125362797,1,BARK,4,0.0625,0.9988417740355671,8.0,0.125,True,1769744075
8,6,1,0.125,0.0625,0.8039226125362797,1,BARK,5,0.078125,0.9988471206440114,8.0,0.125,True,1769744075
8,6,1,0.125,0.0625,0.8039226125362797,1,BARK,6,0.09375,0.9997652054592501,8.0,0.125,True,1769744075
8,6,1,0.125,0.0625,0.8039226125362797,1,BARK,7,0.109375,0.9999979910055605,8.0,0.125,True,1769744075
8,6,1,0.125,0.0625,0.8039226125362797,1,BARK,8,0.125,0.9999999999999991,8.0,0.125,True,1769744075
8,6,1,0.125,0.0625,0.8039226125362797,1,BARK,9,0.140625,0.9999999999999991,8.0,0.125,True,1769744075
8,6,1,0.125,0.0625,0.8039226125362797,1,BARK,10,0.15625,0.9999999999999991,8.0,0.125,True,1769744075
8,6,1,0.125,0.0625,0.8039226125362797,1,BARK,11,0.171875,0.9999999999999991,8.0,0.125,True,1769744075
8,6,1,0.125,0.0625,0.8039226125362797,1,BARK,12,0.1875,0.9999999999999991,8.0,0.125,True,1769744075
8,6,1,0.125,0.0625,0.8039226125362797,1,BARK,14,0.21875,0.9999999999999991,8.0,0.125,True,1769744075
8,6,1,0.125,0.0625,0.8039226125362797,1,BARK,16,0.25,0.9999999999999991,8.0,0.125,True,1769744075
8,6,1,0.125,0.0625,0.8039226125362797,1,BARK,18,0.28125,0.9999999999999991,8.0,0.125,True,1769744075
8,6,1,0.125,0.0625,0.8039226125362797,1,BARK,20,0.3125,0.9999999999999991,8.0,0.125,True,1769744075
8,6,1,0.125,0.0625,0.8039226125362797,1,BARK,22,0.34375,0.9999999999999991,8.0,0.125,True,1769744075
8,6,1,0.125,0.0625,0.8039226125362797,1,BARK,25,0.390625,0.9999999999999991,8.0,0.125,True,1769744075
8,6,1,0.125,0.0625,0.8039226125362797,1,BARK,28,0.4375,0.9999999999999991,8.0,0.125,True,1769744075
8,6,1,0.125,0.0625,0.8039226125362797,1,BARK,32,0.5,0.9999999999999991,8.0,0.125,True,1769744075
8,6,1,0.125,0.0625,0.8039226125362797,1,Simplified BARK,1,0.015625,0.8039226125362797,8.0,0.125,True,1769744075
8,6,1,0.125,0.0625,0.8039226125362797,1,Simplified BARK,2,0.03125,0.9898517229416155,8.0,0.125,True,1769744075
8,6,1,0.125,0.0625,0.8039226125362797,1,Simplified BARK,3,0.046875,0.997057428299596,8.0,0.125,True,1769744075
8,6,1,0.125,0.0625,0.8039226125362797,1,Simplified BARK,4,0.0625,0.9988417740355673,8.0,0.125,True,1769744075
8,6,1,0.125,0.0625,0.8039226125362797,1,Simplified BARK,5,0.078125,0.9997544746642504,8.0,0.125,True,1769744075
8,6,1,0.125,0.0625,0.8039226125362797,1,Simplified BARK,6,0.09375,0.9999893921354072,8.0,0.125,True,1769744075
8,6,1,0.125,0.0625,0.8039226125362797,1,Simplified BARK,7,0.109375,0.9999979910055607,8.0,0.125,True,1769744075
8,6,1,0.125,0.0625,0.8039226125362797,1,Simplified BARK,8,0.125,0.9999999999999991,8.0,0.125,True,1769744075
8,6,1,0.125,0.0625,0.8039226125362797,1,Simplified BARK,9,0.140625,0.9999999999999991,8.0,0.125,True,1769744075
8,6,1,0.125,0.0625,0.8039226125362797,1,Simplified BARK,10,0.15625,0.9999999999999991,8.0,0.125,True,1769744075
8,6,1,0.125,0.0625,0.8039226125362797,1,Simplified BARK,11,0.171875,0.9999999999999991,8.0,0.125,True,1769744075
8,6,1,0.125,0.0625,0.8039226125362797,1,Simplified BARK,12,0.1875,0.9999999999999991,8.0,0.125,True,1769744075
8,6,1,0.125,0.0625,0.8039226125362797,1,Simplified BARK,14,0.21875,0.9999999999999991,8.0,0.125,True,1769744075
8,6,1,0.125,0.0625,0.8039226125362797,1,Simplified BARK,16,0.25,0.9999999999999991,8.0,0.125,True,1769744075
8,6,1,0.125,0.0625,0.8039226125362797,1,Simplified BARK,18,0.28125,0.9999999999999991,8.0,0.125,True,1769744075
8,6,1,0.125,0.0625,0.8039226125362797,1,Simplified BARK,20,0.3125,0.9999999999999991,8.0,0.125,True,1769744075
8,6,1,0.125,0.0625,0.8039226125362797,1,Simplified BARK,22,0.34375,0.9999999999999991,8.0,0.125,True,1769744075
8,6,1,0.125,0.0625,0.8039226125362797,1,Simplified BARK,25,0.390625,0.9999999999999991,8.0,0.125,True,1769744075
8,6,1,0.125,0.0625,0.8039226125362797,1,Simplified BARK,28,0.4375,0.9999999999999991,8.0,0.125,True,1769744075
8,6,1,0.125,0.0625,0.8039226125362797,1,Simplified BARK,32,0.5,0.9999999999999991,8.0,0.125,True,1769744075
8,6,1,0.125,0.0625,0.8039226125362797,1,SKQD,1,0.015625,0.8039226125362798,3.6666666666666665,0.057291666666666664,True,1769744075
8,6,1,0.125,0.0625,0.8039226125362797,1,SKQD,2,0.03125,0.8658989826713915,3.6666666666666665,0.057291666666666664,True,1769744075
8,6,1,0.125,0.0625,0.8039226125362797,1,SKQD,3,0.046875,0.9326791563784905,3.6666666666666665,0.057291666666666664,True,1769744075
8,6,1,0.125,0.0625,0.8039226125362797,1,SKQD,4,0.0625,0.9979551713917888,3.6666666666666665,0.057291666666666664,True,1769744075
8,6,1,0.125,0.0625,0.8039226125362797,1,SKQD,5,0.078125,0.9979551713917888,3.6666666666666665,0.057291666666666664,True,1769744075
8,6,1,0.125,0.0625,0.8039226125362797,1,SKQD,6,0.09375,0.9979551713917888,3.6666666666666665,0.057291666666666664,True,1769744075
8,6,1,0.125,0.0625,0.8039226125362797,1,SKQD,7,0.109375,0.9979551713917888,3.6666666666666665,0.057291666666666664,True,1769744075
8,6,1,0.125,0.0625,0.8039226125362797,1,SKQD,8,0.125,0.9979551713917888,3.6666666666666665,0.057291666666666664,True,1769744075
8,6,1,0.125,0.0625,0.8039226125362797,1,SKQD,9,0.140625,0.9979551713917888,3.6666666666666665,0.057291666666666664,True,1769744075
8,6,1,0.125,0.0625,0.8039226125362797,1,SKQD,10,0.15625,0.9979551713917888,3.6666666666666665,0.057291666666666664,True,1769744075
8,6,1,0.125,0.0625,0.8039226125362797,1,SKQD,11,0.171875,0.9979551713917888,3.6666666666666665,0.057291666666666664,True,1769744075
8,6,1,0.125,0.0625,0.8039226125362797,1,SKQD,12,0.1875,0.9979551713917888,3.6666666666666665,0.057291666666666664,True,1769744075
8,6,1,0.125,0.0625,0.8039226125362797,1,SKQD,14,0.21875,0.9979551713917888,3.6666666666666665,0.057291666666666664,True,1769744075
8,6,1,0.125,0.0625,0.8039226125362797,1,SKQD,16,0.25,0.9979551713917888,3.6666666666666665,0.057291666666666664,True,1769744075
8,6,1,0.125,0.0625,0.8039226125362797,1,SKQD,18,0.28125,0.9979551713917888,3.6666666666666665,0.057291666666666664,True,1769744075
8,6,1,0.125,0.0625,0.8039226125362797,1,SKQD,20,0.3125,0.9979551713917888,3.6666666666666665,0.057291666666666664,True,1769744075
8,6,1,0.125,0.0625,0.8039226125362797,1,SKQD,22,0.34375,0.9979551713917888,3.6666666666666665,0.057291666666666664,True,1769744075
8,6,1,0.125,0.0625,0.8039226125362797,1,SKQD,25,0.390625,0.9979551713917888,3.6666666666666665,0.057291666666666664,True,1769744075
8,6,1,0.125,0.0625,0.8039226125362797,1,SKQD,28,0.4375,0.9979551713917888,3.6666666666666665,0.057291666666666664,True,1769744075
8,6,1,0.125,0.0625,0.8039226125362797,1,SKQD,32,0.5,0.9979551713917888,3.6666666666666665,0.057291666666666664,True,1769744075
8,6,1,0.125,0.0625,0.8039226125362797,1,Ceiling,1,0.015625,0.8039226125362797,32.0,0.5,False,1769744075
8,6,1,0.125,0.0625,0.8039226125362797,1,Ceiling,2,0.03125,0.9898517229416154,32.0,0.5,False,1769744075
8,6,1,0.125,0.0625,0.8039226125362797,1,Ceiling,3,0.046875,0.9971531249544406,32.0,0.5,False,1769744075
8,6,1,0.125,0.0625,0.8039226125362797,1,Ceiling,4,0.0625,0.9988417740355673,32.0,0.5,False,1769744075
8,6,1,0.125,0.0625,0.8039226125362797,1,Ceiling,5,0.078125,0.9997739777813834,32.0,0.5,False,1769744075
8,6,1,0.125,0.0625,0.8039226125362797,1,Ceiling,6,0.09375,0.9999895754153763,32.0,0.5,False,1769744075
8,6,1,0.125,0.0625,0.8039226125362797,1,Ceiling,7,0.109375,0.9999980418948606,32.0,0.5,False,1769744075
8,6,1,0.125,0.0625,0.8039226125362797,1,Ceiling,8,0.125,0.9999999999999994,32.0,0.5,False,1769744075
8,6,1,0.125,0.0625,0.8039226125362797,1,Ceiling,9,0.140625,0.9999999999999994,32.0,0.5,False,1769744075
8,6,1,0.125,0.0625,0.8039226125362797,1,Ceiling,10,0.15625,0.9999999999999994,32.0,0.5,False,1769744075
8,6,1,0.125,0.0625,0.8039226125362797,1,Ceiling,11,0.171875,0.9999999999999994,32.0,0.5,False,1769744075
8,6,1,0.125,0.0625,0.8039226125362797,1,Ceiling,12,0.1875,0.9999999999999994,32.0,0.5,False,1769744075
8,6,1,0.125,0.0625,0.8039226125362797,1,Ceiling,14,0.21875,0.9999999999999994,32.0,0.5,False,1769744075
8,6,1,0.125,0.0625,0.8039226125362797,1,Ceiling,16,0.25,0.9999999999999994,32.0,0.5,False,1769744075
8,6,1,0.125,0.0625,0.8039226125362797,1,Ceiling,18,0.28125,0.9999999999999994,32.0,0.5,False,1769744075
8,6,1,0.125,0.0625,0.8039226125362797,1,Ceiling,20,0.3125,0.9999999999999994,32.0,0.5,False,1769744075
8,6,1,0.125,0.0625,0.8039226125362797,1,Ceiling,22,0.34375,0.9999999999999994,32.0,0.5,False,1769744075
8,6,1,0.125,0.0625,0.8039226125362797,1,Ceiling,25,0.390625,0.9999999999999994,32.0,0.5,False,1769744075
8,6,1,0.125,0.0625,0.8039226125362797,1,Ceiling,28,0.4375,0.9999999999999994,32.0,0.5,False,1769744075
8,6,1,0.125,0.0625,0.8039226125362797,1,Ceiling,32,0.5,0.9999999999999994,32.0,0.5,False,1769744075
8,6,1,0.125,0.0625,5.5708062609498685e-40,32,BARK,1,0.015625,5.5708062609498685e-40,8.0,0.125,True,1769744075
8,6,1,0.125,0.0625,5.5708062609498685e-40,32,BARK,2,0.03125,1.394235927952468e-32,8.0,0.125,True,1769744075
8,6,1,0.125,0.0625,5.5708062609498685e-40,32,BARK,3,0.046875,2.17383524149625e-31,8.0,0.125,True,1769744075
8,6,1,0.125,0.0625,5.5708062609498685e-40,32,BARK,4,0.0625,2.400536346142715e-31,8.0,0.125,True,1769744075
8,6,1,0.125,0.0625,5.5708062609498685e-40,32,BARK,5,0.078125,2.397463116173295e-31,8.0,0.125,True,1769744075
8,6,1,0.125,0.0625,5.5708062609498685e-40,32,BARK,6,0.09375,2.4429792534480814e-31,8.0,0.125,True,1769744075
8,6,1,0.125,0.0625,5.5708062609498685e-40,32,BARK,7,0.109375,2.4232433746486533e-31,8.0,0.125,True,1769744075
8,6,1,0.125,0.0625,5.5708062609498685e-40,32,BARK,8,0.125,2.423102507590547e-31,8.0,0.125,True,1769744075
8,6,1,0.125,0.0625,5.5708062609498685e-40,32,BARK,9,0.140625,2.423102507590547e-31,8.0,0.125,True,1769744075
8,6,1,0.125,0.0625,5.5708062609498685e-40,32,BARK,10,0.15625,2.423102507590547e-31,8.0,0.125,True,1769744075
8,6,1,0.125,0.0625,5.5708062609498685e-40,32,BARK,11,0.171875,2.423102507590547e-31,8.0,0.125,True,1769744075
8,6,1,0.125,0.0625,5.5708062609498685e-40,32,BARK,12,0.1875,2.423102507590547e-31,8.0,0.125,True,1769744075
8,6,1,0.125,0.0625,5.5708062609498685e-40,32,BARK,14,0.21875,2.423102507590547e-31,8.0,0.125,True,1769744075
8,6,1,0.125,0.0625,5.5708062609498685e-40,32,BARK,16,0.25,2.423102507590547e-31,8.0,0.125,True,1769744075
8,6,1,0.125,0.0625,5.5708062609498685e-40,32,BARK,18,0.28125,2.423102507590547e-31,8.0,0.125,True,1769744075
8,6,1,0.125,0.0625,5.5708062609498685e-40,32,BARK,20,0.3125,2.423102507590547e-31,8.0,0.125,True,1769744075
8,6,1,0.125,0.0625,5.5708062609498685e-40,32,BARK,22,0.34375,2.423102507590547e-31,8.0,0.125,True,1769744075
8,6,1,0.125,0.0625,5.5708062609498685e-40,32,BARK,25,0.390625,2.423102507590547e-31,8.0,0.125,True,1769744075
8,6,1,0.125,0.0625,5.5708062609498685e-40,32,BARK,28,0.4375,2.423102507590547e-31,8.0,0.125,True,1769744075
8,6,1,0.125,0.0625,5.5708062609498685e-40,32,BARK,32,0.5,2.423102507590547e-31,8.0,0.125,True,1769744075
8,6,1,0.125,0.0625,5.5708062609498685e-40,32,Simplified BARK,1,0.015625,5.5708062609498685e-40,8.0,0.125,True,1769744075
8,6,1,0.125,0.0625,5.5708062609498685e-40,32,Simplified BARK,2,0.03125,1.394235927952468e-32,8.0,0.125,True,1769744075
8,6,1,0.125,0.0625,5.5708062609498685e-40,32,Simplified BARK,3,0.046875,1.4021039579272157e-32,8.0,0.125,True,1769744075
8,6,1,0.125,0.0625,5.5708062609498685e-40,32,Simplified BARK,4,0.0625,1.4082201217575924e-32,8.0,0.125,True,1769744075
8,6,1,0.125,0.0625,5.5708062609498685e-40,32,Simplified BARK,5,0.078125,1.5611762057353928e-32,8.0,0.125,True,1769744075
8,6,1,0.125,0.0625,5.5708062609498685e-40,32,Simplified BARK,6,0.09375,2.3810303656601556e-31,8.0,0.125,True,1769744075
8,6,1,0.125,0.0625,5.5708062609498685e-40,32,Simplified BARK,7,0.109375,2.377937783020689e-31,8.0,0.125,True,1769744075
8,6,1,0.125,0.0625,5.5708062609498685e-40,32,Simplified BARK,8,0.125,2.42310250759055e-31,8.0,0.125,True,1769744075
8,6,1,0.125,0.0625,5.5708062609498685e-40,32,Simplified BARK,9,0.140625,2.42310250759055e-31,8.0,0.125,True,1769744075
8,6,1,0.125,0.0625,5.5708062609498685e-40,32,Simplified BARK,10,0.15625,2.42310250759055e-31,8.0,0.125,True,1769744075
8,6,1,0.125,0.0625,5.5708062609498685e-40,32,Simplified BARK,11,0.171875,2.42310250759055e-31,8.0,0.125,True,1769744075
8,6,1,0.125,0.0625,5.5708062609498685e-40,32,Simplified BARK,12,0.1875,2.42310250759055e-31,8.0,0.125,True,1769744075
8,6,1,0.125,0.0625,5.5708062609498685e-40,32,Simplified BARK,14,0.21875,2.42310250759055e-31,8.0,0.125,True,1769744075
8,6,1,0.125,0.0625,5.5708062609498685e-40,32,Simplified BARK,16,0.25,2.42310250759055e-31,8.0,0.125,True,1769744075
8,6,1,0.125,0.0625,5.5708062609498685e-40,32,Simplified BARK,18,0.28125,2.42310250759055e-31,8.0,0.125,True,1769744075
8,6,1,0.125,0.0625,5.5708062609498685e-40,32,Simplified BARK,20,0.3125,2.42310250759055e-31,8.0,0.125,True,1769744075
8,6,1,0.125,0.0625,5.5708062609498685e-40,32,Simplified BARK,22,0.34375,2.42310250759055e-31,8.0,0.125,True,1769744075
8,6,1,0.125,0.0625,5.5708062609498685e-40,32,Simplified BARK,25,0.390625,2.42310250759055e-31,8.0,0.125,True,1769744075
8,6,1,0.125,0.0625,5.5708062609498685e-40,32,Simplified BARK,28,0.4375,2.42310250759055e-31,8.0,0.125,True,1769744075
8,6,1,0.125,0.0625,5.5708062609498685e-40,32,Simplified BARK,32,0.5,2.42310250759055e-31,8.0,0.125,True,1769744075
8,6,1,0.125,0.0625,5.5708062609498685e-40,32,SKQD,1,0.015625,5.5708062609498685e-40,7.333333333333333,0.11458333333333333,True,1769744075
8,6,1,0.125,0.0625,5.5708062609498685e-40,32,SKQD,2,0.03125,5.5708062609498685e-40,7.333333333333333,0.11458333333333333,True,1769744075
8,6,1,0.125,0.0625,5.5708062609498685e-40,32,SKQD,3,0.046875,5.5708062609498685e-40,7.333333333333333,0.11458333333333333,True,1769744075
8,6,1,0.125,0.0625,5.5708062609498685e-40,32,SKQD,4,0.0625,2.400536346142713e-31,7.333333333333333,0.11458333333333333,True,1769744075
8,6,1,0.125,0.0625,5.5708062609498685e-40,32,SKQD,5,0.078125,2.398487526163101e-31,7.333333333333333,0.11458333333333333,True,1769744075
8,6,1,0.125,0.0625,5.5708062609498685e-40,32,SKQD,6,0.09375,2.412798209081054e-31,7.333333333333333,0.11458333333333333,True,1769744075
8,6,1,0.125,0.0625,5.5708062609498685e-40,32,SKQD,7,0.109375,2.412987964063832e-31,7.333333333333333,0.11458333333333333,True,1769744075
8,6,1,0.125,0.0625,5.5708062609498685e-40,32,SKQD,8,0.125,2.4147190909342956e-31,7.333333333333333,0.11458333333333333,True,1769744075
8,6,1,0.125,0.0625,5.5708062609498685e-40,32,SKQD,9,0.140625,2.4147190909342956e-31,7.333333333333333,0.11458333333333333,True,1769744075
8,6,1,0.125,0.0625,5.5708062609498685e-40,32,SKQD,10,0.15625,2.4147190909342956e-31,7.333333333333333,0.11458333333333333,True,1769744075
8,6,1,0.125,0.0625,5.5708062609498685e-40,32,SKQD,11,0.171875,2.4147190909342956e-31,7.333333333333333,0.11458333333333333,True,1769744075
8,6,1,0.125,0.0625,5.5708062609498685e-40,32,SKQD,12,0.1875,2.4147190909342956e-31,7.333333333333333,0.11458333333333333,True,1769744075
8,6,1,0.125,0.0625,5.5708062609498685e-40,32,SKQD,14,0.21875,2.4147190909342956e-31,7.333333333333333,0.11458333333333333,True,1769744075
8,6,1,0.125,0.0625,5.5708062609498685e-40,32,SKQD,16,0.25,2.4147190909342956e-31,7.333333333333333,0.11458333333333333,True,1769744075
8,6,1,0.125,0.0625,5.5708062609498685e-40,32,SKQD,18,0.28125,2.4147190909342956e-31,7.333333333333333,0.11458333333333333,True,1769744075
8,6,1,0.125,0.0625,5.5708062609498685e-40,32,SKQD,20,0.3125,2.4147190909342956e-31,7.333333333333333,0.11458333333333333,True,1769744075
8,6,1,0.125,0.0625,5.5708062609498685e-40,32,SKQD,22,0.34375,2.4147190909342956e-31,7.333333333333333,0.11458333333333333,True,1769744075
8,6,1,0.125,0.0625,5.5708062609498685e-40,32,SKQD,25,0.390625,2.4147190909342956e-31,7.333333333333333,0.11458333333333333,True,1769744075
8,6,1,0.125,0.0625,5.5708062609498685e-40,32,SKQD,28,0.4375,2.4147190909342956e-31,7.333333333333333,0.11458333333333333,True,1769744075
8,6,1,0.125,0.0625,5.5708062609498685e-40,32,SKQD,32,0.5,2.4147190909342956e-31,7.333333333333333,0.11458333333333333,True,1769744075
8,6,1,0.125,0.0625,5.5708062609498685e-40,32,Ceiling,1,0.015625,0.8039226125362797,32.0,0.5,False,1769744075
8,6,1,0.125,0.0625,5.5708062609498685e-40,32,Ceiling,2,0.03125,0.9898517229416154,32.0,0.5,False,1769744075
8,6,1,0.125,0.0625,5.5708062609498685e-40,32,Ceiling,3,0.046875,0.9971531249544406,32.0,0.5,False,1769744075
8,6,1,0.125,0.0625,5.5708062609498685e-40,32,Ceiling,4,0.0625,0.9988417740355673,32.0,0.5,False,1769744075
8,6,1,0.125,0.0625,5.5708062609498685e-40,32,Ceiling,5,0.078125,0.9997739777813834,32.0,0.5,False,1769744075
8,6,1,0.125,0.0625,5.5708062609498685e-40,32,Ceiling,6,0.09375,0.9999895754153763,32.0,0.5,False,1769744075
8,6,1,0.125,0.0625,5.5708062609498685e-40,32,Ceiling,7,0.109375,0.9999980418948606,32.0,0.5,False,1769744075
8,6,1,0.125,0.0625,5.5708062609498685e-40,32,Ceiling,8,0.125,0.9999999999999994,32.0,0.5,False,1769744075
8,6,1,0.125,0.0625,5.5708062609498685e-40,32,Ceiling,9,0.140625,0.9999999999999994,32.0,0.5,False,1769744075
8,6,1,0.125,0.0625,5.5708062609498685e-40,32,Ceiling,10,0.15625,0.9999999999999994,32.0,0.5,False,1769744075
8,6,1,0.125,0.0625,5.5708062609498685e-40,32,Ceiling,11,0.171875,0.9999999999999994,32.0,0.5,False,1769744075
8,6,1,0.125,0.0625,5.5708062609498685e-40,32,Ceiling,12,0.1875,0.9999999999999994,32.0,0.5,False,1769744075
8,6,1,0.125,0.0625,5.5708062609498685e-40,32,Ceiling,14,0.21875,0.9999999999999994,32.0,0.5,False,1769744075
8,6,1,0.125,0.0625,5.5708062609498685e-40,32,Ceiling,16,0.25,0.9999999999999994,32.0,0.5,False,1769744075
8,6,1,0.125,0.0625,5.5708062609498685e-40,32,Ceiling,18,0.28125,0.9999999999999994,32.0,0.5,False,1769744075
8,6,1,0.125,0.0625,5.5708062609498685e-40,32,Ceiling,20,0.3125,0.9999999999999994,32.0,0.5,False,1769744075
8,6,1,0.125,0.0625,5.5708062609498685e-40,32,Ceiling,22,0.34375,0.9999999999999994,32.0,0.5,False,1769744075
8,6,1,0.125,0.0625,5.5708062609498685e-40,32,Ceiling,25,0.390625,0.9999999999999994,32.0,0.5,False,1769744075
8,6,1,0.125,0.0625,5.5708062609498685e-40,32,Ceiling,28,0.4375,0.9999999999999994,32.0,0.5,False,1769744075
8,6,1,0.125,0.0625,5.5708062609498685e-40,32,Ceiling,32,0.5,0.9999999999999994,32.0,0.5,False,1769744075
8,6,1,0.125,0.0625,3.149759602095771e-38,42,BARK,1,0.015625,3.149759602095771e-38,8.0,0.125,True,1769744075
8,6,1,0.125,0.0625,3.149759602095771e-38,42,BARK,2,0.03125,1.824461026881529e-35,8.0,0.125,True,1769744075
8,6,1,0.125,0.0625,3.149759602095771e-38,42,BARK,3,0.046875,2.7953623511324085e-35,8.0,0.125,True,1769744075
8,6,1,0.125,0.0625,3.149759602095771e-38,42,BARK,4,0.0625,1.6511325347145723e-34,8.0,0.125,True,1769744075
8,6,1,0.125,0.0625,3.149759602095771e-38,42,BARK,5,0.078125,1.393008721181729e-33,8.0,0.125,True,1769744075
8,6,1,0.125,0.0625,3.149759602095771e-38,42,BARK,6,0.09375,1.4011964637387933e-33,8.0,0.125,True,1769744075
8,6,1,0.125,0.0625,3.149759602095771e-38,42,BARK,7,0.109375,1.4066236999076949e-33,8.0,0.125,True,1769744075
8,6,1,0.125,0.0625,3.149759602095771e-38,42,BARK,8,0.125,1.4056378335015047e-33,8.0,0.125,True,1769744075
8,6,1,0.125,0.0625,3.149759602095771e-38,42,BARK,9,0.140625,1.4056378335015047e-33,8.0,0.125,True,1769744075
8,6,1,0.125,0.0625,3.149759602095771e-38,42,BARK,10,0.15625,1.4056378335015047e-33,8.0,0.125,True,1769744075
8,6,1,0.125,0.0625,3.149759602095771e-38,42,BARK,11,0.171875,1.4056378335015047e-33,8.0,0.125,True,1769744075
8,6,1,0.125,0.0625,3.149759602095771e-38,42,BARK,12,0.1875,1.4056378335015047e-33,8.0,0.125,True,1769744075
8,6,1,0.125,0.0625,3.149759602095771e-38,42,BARK,14,0.21875,1.4056378335015047e-33,8.0,0.125,True,1769744075
8,6,1,0.125,0.0625,3.149759602095771e-38,42,BARK,16,0.25,1.4056378335015047e-33,8.0,0.125,True,1769744075
8,6,1,0.125,0.0625,3.149759602095771e-38,42,BARK,18,0.28125,1.4056378335015047e-33,8.0,0.125,True,1769744075
8,6,1,0.125,0.0625,3.149759602095771e-38,42,BARK,20,0.3125,1.4056378335015047e-33,8.0,0.125,True,1769744075
8,6,1,0.125,0.0625,3.149759602095771e-38,42,BARK,22,0.34375,1.4056378335015047e-33,8.0,0.125,True,1769744075
8,6,1,0.125,0.0625,3.149759602095771e-38,42,BARK,25,0.390625,1.4056378335015047e-33,8.0,0.125,True,1769744075
8,6,1,0.125,0.0625,3.149759602095771e-38,42,BARK,28,0.4375,1.4056378335015047e-33,8.0,0.125,True,1769744075
8,6,1,0.125,0.0625,3.149759602095771e-38,42,BARK,32,0.5,1.4056378335015047e-33,8.0,0.125,True,1769744075
8,6,1,0.125,0.0625,3.149759602095771e-38,42,Simplified BARK,1,0.015625,3.149759602095771e-38,8.0,0.125,True,1769744075
8,6,1,0.125,0.0625,3.149759602095771e-38,42,Simplified BARK,2,0.03125,6.954988667683428e-38,8.0,0.125,True,1769744075
8,6,1,0.125,0.0625,3.149759602095771e-38,42,Simplified BARK,3,0.046875,4.749379080915556e-36,8.0,0.125,True,1769744075
8,6,1,0.125,0.0625,3.149759602095771e-38,42,Simplified BARK,4,0.0625,3.004760334123728e-35,8.0,0.125,True,1769744075
8,6,1,0.125,0.0625,3.149759602095771e-38,42,Simplified BARK,5,0.078125,1.930296298851444e-33,8.0,0.125,True,1769744075
8,6,1,0.125,0.0625,3.149759602095771e-38,42,Simplified BARK,6,0.09375,1.5794097423333507e-33,8.0,0.125,True,1769744075
8,6,1,0.125,0.0625,3.149759602095771e-38,42,Simplified BARK,7,0.109375,1.6298616660916518e-33,8.0,0.125,True,1769744075
8,6,1,0.125,0.0625,3.149759602095771e-38,42,Simplified BARK,8,0.125,1.4056378335015042e-33,8.0,0.125,True,1769744075
8,6,1,0.125,0.0625,3.149759602095771e-38,42,Simplified BARK,9,0.140625,1.4056378335015042e-33,8.0,0.125,True,1769744075
8,6,1,0.125,0.0625,3.149759602095771e-38,42,Simplified BARK,10,0.15625,1.4056378335015042e-33,8.0,0.125,True,1769744075
8,6,1,0.125,0.0625,3.149759602095771e-38,42,Simplified BARK,11,0.171875,1.4056378335015042e-33,8.0,0.125,True,1769744075
8,6,1,0.125,0.0625,3.149759602095771e-38,42,Simplified BARK,12,0.1875,1.4056378335015042e-33,8.0,0.125,True,1769744075
8,6,1,0.125,0.0625,3.149759602095771e-38,42,Simplified BARK,14,0.21875,1.4056378335015042e-33,8.0,0.125,True,1769744075
8,6,1,0.125,0.0625,3.149759602095771e-38,42,Simplified BARK,16,0.25,1.4056378335015042e-33,8.0,0.125,True,1769744075
8,6,1,0.125,0.0625,3.149759602095771e-38,42,Simplified BARK,18,0.28125,1.4056378335015042e-33,8.0,0.125,True,1769744075
8,6,1,0.125,0.0625,3.149759602095771e-38,42,Simplified BARK,20,0.3125,1.4056378335015042e-33,8.0,0.125,True,1769744075
8,6,1,0.125,0.0625,3.149759602095771e-38,42,Simplified BARK,22,0.34375,1.4056378335015042e-33,8.0,0.125,True,1769744075
8,6,1,0.125,0.0625,3.149759602095771e-38,42,Simplified BARK,25,0.390625,1.4056378335015042e-33,8.0,0.125,True,1769744075
8,6,1,0.125,0.0625,3.149759602095771e-38,42,Simplified BARK,28,0.4375,1.4056378335015042e-33,8.0,0.125,True,1769744075
8,6,1,0.125,0.0625,3.149759602095771e-38,42,Simplified BARK,32,0.5,1.4056378335015042e-33,8.0,0.125,True,1769744075
8,6,1,0.125,0.0625,3.149759602095771e-38,42,SKQD,1,0.015625,3.149759602095771e-38,4.0,0.0625,True,1769744075
8,6,1,0.125,0.0625,3.149759602095771e-38,42,SKQD,2,0.03125,3.149759602095771e-38,4.0,0.0625,True,1769744075
8,6,1,0.125,0.0625,3.149759602095771e-38,42,SKQD,3,0.046875,4.764561261352681e-37,4.0,0.0625,True,1769744075
8,6,1,0.125,0.0625,3.149759602095771e-38,42,SKQD,4,0.0625,3.004760334123729e-35,4.0,0.0625,True,1769744075
8,6,1,0.125,0.0625,3.149759602095771e-38,42,SKQD,5,0.078125,3.004760334123729e-35,4.0,0.0625,True,1769744075
8,6,1,0.125,0.0625,3.149759602095771e-38,42,SKQD,6,0.09375,3.004760334123729e-35,4.0,0.0625,True,1769744075
8,6,1,0.125,0.0625,3.149759602095771e-38,42,SKQD,7,0.109375,3.004760334123729e-35,4.0,0.0625,True,1769744075
8,6,1,0.125,0.0625,3.149759602095771e-38,42,SKQD,8,0.125,3.004760334123729e-35,4.0,0.0625,True,1769744075
8,6,1,0.125,0.0625,3.149759602095771e-38,42,SKQD,9,0.140625,3.004760334123729e-35,4.0,0.0625,True,1769744075
8,6,1,0.125,0.0625,3.149759602095771e-38,42,SKQD,10,0.15625,3.004760334123729e-35,4.0,0.0625,True,1769744075
8,6,1,0.125,0.0625,3.149759602095771e-38,42,SKQD,11,0.171875,3.004760334123729e-35,4.0,0.0625,True,1769744075
8,6,1,0.125,0.0625,3.149759602095771e-38,42,SKQD,12,0.1875,3.004760334123729e-35,4.0,0.0625,True,1769744075
8,6,1,0.125,0.0625,3.149759602095771e-38,42,SKQD,14,0.21875,3.004760334123729e-35,4.0,0.0625,True,1769744075
8,6,1,0.125,0.0625,3.149759602095771e-38,42,SKQD,16,0.25,3.004760334123729e-35,4.0,0.0625,True,1769744075
8,6,1,0.125,0.0625,3.149759602095771e-38,42,SKQD,18,0.28125,3.004760334123729e-35,4.0,0.0625,True,1769744075
8,6,1,0.125,0.0625,3.149759602095771e-38,42,SKQD,20,0.3125,3.004760334123729e-35,4.0,0.0625,True,1769744075
8,6,1,0.125,0.0625,3.149759602095771e-38,42,SKQD,22,0.34375,3.004760334123729e-35,4.0,0.0625,True,1769744075
8,6,1,0.125,0.0625,3.149759602095771e-38,42,SKQD,25,0.390625,3.004760334123729e-35,4.0,0.0625,True,1769744075
8,6,1,0.125,0.0625,3.149759602095771e-38,42,SKQD,28,0.4375,3.004760334123729e-35,4.0,0.0625,True,1769744075
8,6,1,0.125,0.0625,3.149759602095771e-38,42,SKQD,32,0.5,3.004760334123729e-35,4.0,0.0625,True,1769744075
8,6,1,0.125,0.0625,3.149759602095771e-38,42,Ceiling,1,0.015625,0.8039226125362797,32.0,0.5,False,1769744075
8,6,1,0.125,0.0625,3.149759602095771e-38,42,Ceiling,2,0.03125,0.9898517229416154,32.0,0.5,False,1769744075
8,6,1,0.125,0.0625,3.149759602095771e-38,42,Ceiling,3,0.046875,0.9971531249544406,32.0,0.5,False,1769744075
8,6,1,0.125,0.0625,3.149759602095771e-38,42,Ceiling,4,0.0625,0.9988417740355673,32.0,0.5,False,1769744075
8,6,1,0.125,0.0625,3.149759602095771e-38,42,Ceiling,5,0.078125,0.9997739777813834,32.0,0.5,False,1769744075
8,6,1,0.125,0.0625,3.149759602095771e-38,42,Ceiling,6,0.09375,0.9999895754153763,32.0,0.5,False,1769744075
8,6,1,0.125,0.0625,3.149759602095771e-38,42,Ceiling,7,0.109375,0.9999980418948606,32.0,0.5,False,1769744075
8,6,1,0.125,0.0625,3.149759602095771e-38,42,Ceiling,8,0.125,0.9999999999999994,32.0,0.5,False,1769744075
8,6,1,0.125,0.0625,3.149759602095771e-38,42,Ceiling,9,0.140625,0.9999999999999994,32.0,0.5,False,1769744075
8,6,1,0.125,0.0625,3.149759602095771e-38,42,Ceiling,10,0.15625,0.9999999999999994,32.0,0.5,False,1769744075
8,6,1,0.125,0.0625,3.149759602095771e-38,42,Ceiling,11,0.171875,0.9999999999999994,32.0,0.5,False,1769744075
8,6,1,0.125,0.0625,3.149759602095771e-38,42,Ceiling,12,0.1875,0.9999999999999994,32.0,0.5,False,1769744075
8,6,1,0.125,0.0625,3.149759602095771e-38,42,Ceiling,14,0.21875,0.9999999999999994,32.0,0.5,False,1769744075
8,6,1,0.125,0.0625,3.149759602095771e-38,42,Ceiling,16,0.25,0.9999999999999994,32.0,0.5,False,1769744075
8,6,1,0.125,0.0625,3.149759602095771e-38,42,Ceiling,18,0.28125,0.9999999999999994,32.0,0.5,False,1769744075
8,6,1,0.125,0.0625,3.149759602095771e-38,42,Ceiling,20,0.3125,0.9999999999999994,32.0,0.5,False,1769744075
8,6,1,0.125,0.0625,3.149759602095771e-38,42,Ceiling,22,0.34375,0.9999999999999994,32.0,0.5,False,1769744075
8,6,1,0.125,0.0625,3.149759602095771e-38,42,Ceiling,25,0.390625,0.9999999999999994,32.0,0.5,False,1769744075
8,6,1,0.125,0.0625,3.149759602095771e-38,42,Ceiling,28,0.4375,0.9999999999999994,32.0,0.5,False,1769744075
8,6,1,0.125,0.0625,3.149759602095771e-38,42,Ceiling,32,0.5,0.9999999999999994,32.0,0.5,False,1769744075
8,6,1,0.125,0.0625,3.8434335246694187e-38,56,BARK,1,0.015625,3.8434335246694187e-38,8.0,0.125,True,1769744075
8,6,1,0.125,0.0625,3.8434335246694187e-38,56,BARK,2,0.03125,1.1416200001431167e-35,8.0,0.125,True,1769744075
8,6,1,0.125,0.0625,3.8434335246694187e-38,56,BARK,3,0.046875,2.79479149191371e-35,8.0,0.125,True,1769744075
8,6,1,0.125,0.0625,3.8434335246694187e-38,56,BARK,4,0.0625,2.627535573496421e-34,8.0,0.125,True,1769744075
8,6,1,0.125,0.0625,3.8434335246694187e-38,56,BARK,5,0.078125,1.3925394591957738e-33,8.0,0.125,True,1769744075
8,6,1,0.125,0.0625,3.8434335246694187e-38,56,BARK,6,0.09375,1.3943259085692411e-33,8.0,0.125,True,1769744075
8,6,1,0.125,0.0625,3.8434335246694187e-38,56,BARK,7,0.109375,1.4058440221903457e-33,8.0,0.125,True,1769744075
8,6,1,0.125,0.0625,3.8434335246694187e-38,56,BARK,8,0.125,1.4056378335015037e-33,8.0,0.125,True,1769744075
8,6,1,0.125,0.0625,3.8434335246694187e-38,56,BARK,9,0.140625,1.4056378335015037e-33,8.0,0.125,True,1769744075
8,6,1,0.125,0.0625,3.8434335246694187e-38,56,BARK,10,0.15625,1.4056378335015037e-33,8.0,0.125,True,1769744075
8,6,1,0.125,0.0625,3.8434335246694187e-38,56,BARK,11,0.171875,1.4056378335015037e-33,8.0,0.125,True,1769744075
8,6,1,0.125,0.0625,3.8434335246694187e-38,56,BARK,12,0.1875,1.4056378335015037e-33,8.0,0.125,True,1769744075
8,6,1,0.125,0.0625,3.8434335246694187e-38,56,BARK,14,0.21875,1.4056378335015037e-33,8.0,0.125,True,1769744075
8,6,1,0.125,0.0625,3.8434335246694187e-38,56,BARK,16,0.25,1.4056378335015037e-33,8.0,0.125,True,1769744075
8,6,1,0.125,0.0625,3.8434335246694187e-38,56,BARK,18,0.28125,1.4056378335015037e-33,8.0,0.125,True,1769744075
8,6,1,0.125,0.0625,3.8434335246694187e-38,56,BARK,20,0.3125,1.4056378335015037e-33,8.0,0.125,True,1769744075
8,6,1,0.125,0.0625,3.8434335246694187e-38,56,BARK,22,0.34375,1.4056378335015037e-33,8.0,0.125,True,1769744075
8,6,1,0.125,0.0625,3.8434335246694187e-38,56,BARK,25,0.390625,1.4056378335015037e-33,8.0,0.125,True,1769744075
8,6,1,0.125,0.0625,3.8434335246694187e-38,56,BARK,28,0.4375,1.4056378335015037e-33,8.0,0.125,True,1769744075
8,6,1,0.125,0.0625,3.8434335246694187e-38,56,BARK,32,0.5,1.4056378335015037e-33,8.0,0.125,True,1769744075
8,6,1,0.125,0.0625,3.8434335246694187e-38,56,Simplified BARK,1,0.015625,3.8434335246694187e-38,8.0,0.125,True,1769744075
8,6,1,0.125,0.0625,3.8434335246694187e-38,56,Simplified BARK,2,0.03125,6.954988667683428e-38,8.0,0.125,True,1769744075
8,6,1,0.125,0.0625,3.8434335246694187e-38,56,Simplified BARK,3,0.046875,4.749379080915557e-36,8.0,0.125,True,1769744075
8,6,1,0.125,0.0625,3.8434335246694187e-38,56,Simplified BARK,4,0.0625,3.0047603341237293e-35,8.0,0.125,True,1769744075
8,6,1,0.125,0.0625,3.8434335246694187e-38,56,Simplified BARK,5,0.078125,1.930296298851444e-33,8.0,0.125,True,1769744075
8,6,1,0.125,0.0625,3.8434335246694187e-38,56,Simplified BARK,6,0.09375,1.5794097423333507e-33,8.0,0.125,True,1769744075
8,6,1,0.125,0.0625,3.8434335246694187e-38,56,Simplified BARK,7,0.109375,1.6298616660916518e-33,8.0,0.125,True,1769744075
8,6,1,0.125,0.0625,3.8434335246694187e-38,56,Simplified BARK,8,0.125,1.4056378335015037e-33,8.0,0.125,True,1769744075
8,6,1,0.125,0.0625,3.8434335246694187e-38,56,Simplified BARK,9,0.140625,1.4056378335015037e-33,8.0,0.125,True,1769744075
8,6,1,0.125,0.0625,3.8434335246694187e-38,56,Simplified BARK,10,0.15625,1.4056378335015037e-33,8.0,0.125,True,1769744075
8,6,1,0.125,0.0625,3.8434335246694187e-38,56,Simplified BARK,11,0.171875,1.4056378335015037e-33,8.0,0.125,True,1769744075
8,6,1,0.125,0.0625,3.8434335246694187e-38,56,Simplified BARK,12,0.1875,1.4056378335015037e-33,8.0,0.125,True,1769744075
8,6,1,0.125,0.0625,3.8434335246694187e-38,56,Simplified BARK,14,0.21875,1.4056378335015037e-33,8.0,0.125,True,1769744075
8,6,1,0.125,0.0625,3.8434335246694187e-38,56,Simplified BARK,16,0.25,1.4056378335015037e-33,8.0,0.125,True,1769744075
8,6,1,0.125,0.0625,3.8434335246694187e-38,56,Simplified BARK,18,0.28125,1.4056378335015037e-33,8.0,0.125,True,1769744075
8,6,1,0.125,0.0625,3.8434335246694187e-38,56,Simplified BARK,20,0.3125,1.4056378335015037e-33,8.0,0.125,True,1769744075
8,6,1,0.125,0.0625,3.8434335246694187e-38,56,Simplified BARK,22,0.34375,1.4056378335015037e-33,8.0,0.125,True,1769744075
8,6,1,0.125,0.0625,3.8434335246694187e-38,56,Simplified BARK,25,0.390625,1.4056378335015037e-33,8.0,0.125,True,1769744075
8,6,1,0.125,0.0625,3.8434335246694187e-38,56,Simplified BARK,28,0.4375,1.4056378335015037e-33,8.0,0.125,True,1769744075
8,6,1,0.125,0.0625,3.8434335246694187e-38,56,Simplified BARK,32,0.5,1.4056378335015037e-33,8.0,0.125,True,1769744075
8,6,1,0.125,0.0625,3.8434335246694187e-38,56,SKQD,1,0.015625,3.843433524669419e-38,4.333333333333333,0.06770833333333333,True,1769744075
8,6,1,0.125,0.0625,3.8434335246694187e-38,56,SKQD,2,0.03125,3.843433524669419e-38,4.333333333333333,0.06770833333333333,True,1769744075
8,6,1,0.125,0.0625,3.8434335246694187e-38,56,SKQD,3,0.046875,1.6087492504696473e-36,4.333333333333333,0.06770833333333333,True,1769744075
8,6,1,0.125,0.0625,3.8434335246694187e-38,56,SKQD,4,0.0625,2.0044547005907104e-35,4.333333333333333,0.06770833333333333,True,1769744075
8,6,1,0.125,0.0625,3.8434335246694187e-38,56,SKQD,5,0.078125,6.634638351779731e-34,4.333333333333333,0.06770833333333333,True,1769744075
8,6,1,0.125,0.0625,3.8434335246694187e-38,56,SKQD,6,0.09375,6.634638351779731e-34,4.333333333333333,0.06770833333333333,True,1769744075
8,6,1,0.125,0.0625,3.8434335246694187e-38,56,SKQD,7,0.109375,6.634638351779731e-34,4.333333333333333,0.06770833333333333,True,1769744075
8,6,1,0.125,0.0625,3.8434335246694187e-38,56,SKQD,8,0.125,6.634638351779731e-34,4.333333333333333,0.06770833333333333,True,1769744075
8,6,1,0.125,0.0625,3.8434335246694187e-38,56,SKQD,9,0.140625,6.634638351779731e-34,4.333333333333333,0.06770833333333333,True,1769744075
8,6,1,0.125,0.0625,3.8434335246694187e-38,56,SKQD,10,0.15625,6.634638351779731e-34,4.333333333333333,0.06770833333333333,True,1769744075
8,6,1,0.125,0.0625,3.8434335246694187e-38,56,SKQD,11,0.171875,6.634638351779731e-34,4.333333333333333,0.06770833333333333,True,1769744075
8,6,1,0.125,0.0625,3.8434335246694187e-38,56,SKQD,12,0.1875,6.634638351779731e-34,4.333333333333333,0.06770833333333333,True,1769744075
8,6,1,0.125,0.0625,3.8434335246694187e-38,56,SKQD,14,0.21875,6.634638351779731e-34,4.333333333333333,0.06770833333333333,True,1769744075
8,6,1,0.125,0.0625,3.8434335246694187e-38,56,SKQD,16,0.25,6.634638351779731e-34,4.333333333333333,0.06770833333333333,True,1769744075
8,6,1,0.125,0.0625,3.8434335246694187e-38,56,SKQD,18,0.28125,6.634638351779731e-34,4.333333333333333,0.06770833333333333,True,1769744075
8,6,1,0.125,0.0625,3.8434335246694187e-38,56,SKQD,20,0.3125,6.634638351779731e-34,4.333333333333333,0.06770833333333333,True,1769744075
8,6,1,0.125,0.0625,3.8434335246694187e-38,56,SKQD,22,0.34375,6.634638351779731e-34,4.333333333333333,0.06770833333333333,True,1769744075
8,6,1,0.125,0.0625,3.8434335246694187e-38,56,SKQD,25,0.390625,6.634638351779731e-34,4.333333333333333,0.06770833333333333,True,1769744075
8,6,1,0.125,0.0625,3.8434335246694187e-38,56,SKQD,28,0.4375,6.634638351779731e-34,4.333333333333333,0.06770833333333333,True,1769744075
8,6,1,0.125,0.0625,3.8434335246694187e-38,56,SKQD,32,0.5,6.634638351779731e-34,4.333333333333333,0.06770833333333333,True,1769744075
8,6,1,0.125,0.0625,3.8434335246694187e-38,56,Ceiling,1,0.015625,0.8039226125362797,32.0,0.5,False,1769744075
8,6,1,0.125,0.0625,3.8434335246694187e-38,56,Ceiling,2,0.03125,0.9898517229416154,32.0,0.5,False,1769744075
8,6,1,0.125,0.0625,3.8434335246694187e-38,56,Ceiling,3,0.046875,0.9971531249544406,32.0,0.5,False,1769744075
8,6,1,0.125,0.0625,3.8434335246694187e-38,56,Ceiling,4,0.0625,0.9988417740355673,32.0,0.5,False,1769744075
8,6,1,0.125,0.0625,3.8434335246694187e-38,56,Ceiling,5,0.078125,0.9997739777813834,32.0,0.5,False,1769744075
8,6,1,0.125,0.0625,3.8434335246694187e-38,56,Ceiling,6,0.09375,0.9999895754153763,32.0,0.5,False,1769744075
8,6,1,0.125,0.0625,3.8434335246694187e-38,56,Ceiling,7,0.109375,0.9999980418948606,32.0,0.5,False,1769744075
8,6,1,0.125,0.0625,3.8434335246694187e-38,56,Ceiling,8,0.125,0.9999999999999994,32.0,0.5,False,1769744075
8,6,1,0.125,0.0625,3.8434335246694187e-38,56,Ceiling,9,0.140625,0.9999999999999994,32.0,0.5,False,1769744075
8,6,1,0.125,0.0625,3.8434335246694187e-38,56,Ceiling,10,0.15625,0.9999999999999994,32.0,0.5,False,1769744075
8,6,1,0.125,0.0625,3.8434335246694187e-38,56,Ceiling,11,0.171875,0.9999999999999994,32.0,0.5,False,1769744075
8,6,1,0.125,0.0625,3.8434335246694187e-38,56,Ceiling,12,0.1875,0.9999999999999994,32.0,0.5,False,1769744075
8,6,1,0.125,0.0625,3.8434335246694187e-38,56,Ceiling,14,0.21875,0.9999999999999994,32.0,0.5,False,1769744075
8,6,1,0.125,0.0625,3.8434335246694187e-38,56,Ceiling,16,0.25,0.9999999999999994,32.0,0.5,False,1769744075
8,6,1,0.125,0.0625,3.8434335246694187e-38,56,Ceiling,18,0.28125,0.9999999999999994,32.0,0.5,False,1769744075
8,6,1,0.125,0.0625,3.8434335246694187e-38,56,Ceiling,20,0.3125,0.9999999999999994,32.0,0.5,False,1769744075
8,6,1,0.125,0.0625,3.8434335246694187e-38,56,Ceiling,22,0.34375,0.9999999999999994,32.0,0.5,False,1769744075
8,6,1,0.125,0.0625,3.8434335246694187e-38,56,Ceiling,25,0.390625,0.9999999999999994,32.0,0.5,False,1769744075
8,6,1,0.125,0.0625,3.8434335246694187e-38,56,Ceiling,28,0.4375,0.9999999999999994,32.0,0.5,False,1769744075
8,6,1,0.125,0.0625,3.8434335246694187e-38,56,Ceiling,32,0.5,0.9999999999999994,32.0,0.5,False,1769744075
8,6,2,0.203125,0.109375,0.060629589594518765,44,BARK,1,0.015625,0.060629589594518765,16.0,0.25,True,1470226800
8,6,2,0.203125,0.109375,0.060629589594518765,44,BARK,2,0.03125,0.7989964865691394,16.0,0.25,True,1470226800
8,6,2,0.203125,0.109375,0.060629589594518765,44,BARK,3,0.046875,0.9524565474798006,16.0,0.25,True,1470226800
8,6,2,0.203125,0.109375,0.060629589594518765,44,BARK,4,0.0625,0.9657441980965079,16.0,0.25,True,1470226800
8,6,2,0.203125,0.109375,0.060629589594518765,44,BARK,5,0.078125,0.970225685416064,16.0,0.25,True,1470226800
8,6,2,0.203125,0.109375,0.060629589594518765,44,BARK,6,0.09375,0.9981960779519395,16.0,0.25,True,1470226800
8,6,2,0.203125,0.109375,0.060629589594518765,44,BARK,7,0.109375,0.998659375295075,16.0,0.25,True,1470226800
8,6,2,0.203125,0.109375,0.060629589594518765,44,BARK,8,0.125,0.9987566329695476,16.0,0.25,True,1470226800
8,6,2,0.203125,0.109375,0.060629589594518765,44,BARK,9,0.140625,0.9987571190491247,16.0,0.25,True,1470226800
8,6,2,0.203125,0.109375,0.060629589594518765,44,BARK,10,0.15625,0.9998271280139543,16.0,0.25,True,1470226800
8,6,2,0.203125,0.109375,0.060629589594518765,44,BARK,11,0.171875,0.9999358995471449,16.0,0.25,True,1470226800
8,6,2,0.203125,0.109375,0.060629589594518765,44,BARK,12,0.1875,0.9999749376993996,16.0,0.25,True,1470226800
8,6,2,0.203125,0.109375,0.060629589594518765,44,BARK,14,0.21875,0.9999980187805716,16.0,0.25,True,1470226800
8,6,2,0.203125,0.109375,0.060629589594518765,44,BARK,16,0.25,1.0,16.0,0.25,True,1470226800
8,6,2,0.203125,0.109375,0.060629589594518765,44,BARK,18,0.28125,1.0,16.0,0.25,True,1470226800
8,6,2,0.203125,0.109375,0.060629589594518765,44,BARK,20,0.3125,1.0,16.0,0.25,True,1470226800
8,6,2,0.203125,0.109375,0.060629589594518765,44,BARK,22,0.34375,1.0,16.0,0.25,True,1470226800
8,6,2,0.203125,0.109375,0.060629589594518765,44,BARK,25,0.390625,1.0,16.0,0.25,True,1470226800
8,6,2,0.203125,0.109375,0.060629589594518765,44,BARK,28,0.4375,1.0,16.0,0.25,True,1470226800
8,6,2,0.203125,0.109375,0.060629589594518765,44,BARK,32,0.5,1.0,16.0,0.25,True,1470226800
8,6,2,0.203125,0.109375,0.060629589594518765,44,Simplified BARK,1,0.015625,0.060629589594518765,16.0,0.25,True,1470226800
8,6,2,0.203125,0.109375,0.060629589594518765,44,Simplified BARK,2,0.03125,0.7989964865691394,16.0,0.25,True,1470226800
8,6,2,0.203125,0.109375,0.060629589594518765,44,Simplified BARK,3,0.046875,0.8069411573526193,16.0,0.25,True,1470226800
8,6,2,0.203125,0.109375,0.060629589594518765,44,Simplified BARK,4,0.0625,0.9657441980965079,16.0,0.25,True,1470226800
8,6,2,0.203125,0.109375,0.060629589594518765,44,Simplified BARK,5,0.078125,0.9657458146075512,16.0,0.25,True,1470226800
8,6,2,0.203125,0.109375,0.060629589594518765,44,Simplified BARK,6,0.09375,0.9657854637110028,16.0,0.25,True,1470226800
8,6,2,0.203125,0.109375,0.060629589594518765,44,Simplified BARK,7,0.109375,0.9658456101955489,16.0,0.25,True,1470226800
8,6,2,0.203125,0.109375,0.060629589594518765,44,Simplified BARK,8,0.125,0.9669464674543522,16.0,0.25,True,1470226800
8,6,2,0.203125,0.109375,0.060629589594518765,44,Simplified BARK,9,0.140625,0.9669469874424392,16.0,0.25,True,1470226800
8,6,2,0.203125,0.109375,0.060629589594518765,44,Simplified BARK,10,0.15625,0.9715201470025258,16.0,0.25,True,1470226800
8,6,2,0.203125,0.109375,0.060629589594518765,44,Simplified BARK,11,0.171875,0.999402586295291,16.0,0.25,True,1470226800
8,6,2,0.203125,0.109375,0.060629589594518765,44,Simplified BARK,12,0.1875,0.9994387471390885,16.0,0.25,True,1470226800
8,6,2,0.203125,0.109375,0.060629589594518765,44,Simplified BARK,14,0.21875,0.9995221464262686,16.0,0.25,True,1470226800
8,6,2,0.203125,0.109375,0.060629589594518765,44,Simplified BARK,16,0.25,0.9999999999999998,16.0,0.25,True,1470226800
8,6,2,0.203125,0.109375,0.060629589594518765,44,Simplified BARK,18,0.28125,0.9999999999999998,16.0,0.25,True,1470226800
8,6,2,0.203125,0.109375,0.060629589594518765,44,Simplified BARK,20,0.3125,0.9999999999999998,16.0,0.25,True,1470226800
8,6,2,0.203125,0.109375,0.060629589594518765,44,Simplified BARK,22,0.34375,0.9999999999999998,16.0,0.25,True,1470226800
8,6,2,0.203125,0.109375,0.060629589594518765,44,Simplified BARK,25,0.390625,0.9999999999999998,16.0,0.25,True,1470226800
8,6,2,0.203125,0.109375,0.060629589594518765,44,Simplified BARK,28,0.4375,0.9999999999999998,16.0,0.25,True,1470226800
8,6,2,0.203125,0.109375,0.060629589594518765,44,Simplified BARK,32,0.5,0.9999999999999998,16.0,0.25,True,1470226800
8,6,2,0.203125,0.109375,0.060629589594518765,44,SKQD,1,0.015625,0.06062958959451877,13.0,0.203125,True,1470226800
8,6,2,0.203125,0.109375,0.060629589594518765,44,SKQD,2,0.03125,0.06062958959451877,13.0,0.203125,True,1470226800
8,6,2,0.203125,0.109375,0.060629589594518765,44,SKQD,3,0.046875,0.06062958959451877,13.0,0.203125,True,1470226800
8,6,2,0.203125,0.109375,0.060629589594518765,44,SKQD,4,0.0625,0.06062958959451877,13.0,0.203125,True,1470226800
8,6,2,0.203125,0.109375,0.060629589594518765,44,SKQD,5,0.078125,0.06062958959451877,13.0,0.203125,True,1470226800
8,6,2,0.203125,0.109375,0.060629589594518765,44,SKQD,6,0.09375,0.6254101449081613,13.0,0.203125,True,1470226800
8,6,2,0.203125,0.109375,0.060629589594518765,44,SKQD,7,0.109375,0.9361213338740209,13.0,0.203125,True,1470226800
8,6,2,0.203125,0.109375,0.060629589594518765,44,SKQD,8,0.125,0.9361213338740209,13.0,0.203125,True,1470226800
8,6,2,0.203125,0.109375,0.060629589594518765,44,SKQD,9,0.140625,0.9361213338740209,13.0,0.203125,True,1470226800
8,6,2,0.203125,0.109375,0.060629589594518765,44,SKQD,10,0.15625,0.9361213338740209,13.0,0.203125,True,1470226800
8,6,2,0.203125,0.109375,0.060629589594518765,44,SKQD,11,0.171875,0.9385040964594342,13.0,0.203125,True,1470226800
8,6,2,0.203125,0.109375,0.060629589594518765,44,SKQD,12,0.1875,0.9997194466387537,13.0,0.203125,True,1470226800
8,6,2,0.203125,0.109375,0.060629589594518765,44,SKQD,14,0.21875,0.9998960943635682,13.0,0.203125,True,1470226800
8,6,2,0.203125,0.109375,0.060629589594518765,44,SKQD,16,0.25,0.9998960943635682,13.0,0.203125,True,1470226800
8,6,2,0.203125,0.109375,0.060629589594518765,44,SKQD,18,0.28125,0.9998960943635682,13.0,0.203125,True,1470226800
8,6,2,0.203125,0.109375,0.060629589594518765,44,SKQD,20,0.3125,0.9998960943635682,13.0,0.203125,True,1470226800
8,6,2,0.203125,0.109375,0.060629589594518765,44,SKQD,22,0.34375,0.9998960943635682,13.0,0.203125,True,1470226800
8,6,2,0.203125,0.109375,0.060629589594518765,44,SKQD,25,0.390625,0.9998960943635682,13.0,0.203125,True,1470226800
8,6,2,0.203125,0.109375,0.060629589594518765,44,SKQD,28,0.4375,0.9998960943635682,13.0,0.203125,True,1470226800
8,6,2,0.203125,0.109375,0.060629589594518765,44,SKQD,32,0.5,0.9998960943635682,13.0,0.203125,True,1470226800
8,6,2,0.203125,0.109375,0.060629589594518765,44,Ceiling,1,0.015625,0.7387775326842511,32.0,0.5,False,1470226800
8,6,2,0.203125,0.109375,0.060629589594518765,44,Ceiling,2,0.03125,0.8930923708014121,32.0,0.5,False,1470226800
8,6,2,0.203125,0.109375,0.060629589594518765,44,Ceiling,3,0.046875,0.9537219603959309,32.0,0.5,False,1470226800
8,6,2,0.203125,0.109375,0.060629589594518765,44,Ceiling,4,0.0625,0.9801613046671683,32.0,0.5,False,1470226800
8,6,2,0.203125,0.109375,0.060629589594518765,44,Ceiling,5,0.078125,0.9928255302147349,32.0,0.5,False,1470226800
8,6,2,0.203125,0.109375,0.060629589594518765,44,Ceiling,6,0.09375,0.9983481441961263,32.0,0.5,False,1470226800
8,6,2,0.203125,0.109375,0.060629589594518765,44,Ceiling,7,0.109375,0.9993050515738386,32.0,0.5,False,1470226800
8,6,2,0.203125,0.109375,0.060629589594518765,44,Ceiling,8,0.125,0.9997675002139664,32.0,0.5,False,1470226800
8,6,2,0.203125,0.109375,0.060629589594518765,44,Ceiling,9,0.140625,0.9998640958518705,32.0,0.5,False,1470226800
8,6,2,0.203125,0.109375,0.060629589594518765,44,Ceiling,10,0.15625,0.9999426268020198,32.0,0.5,False,1470226800
8,6,2,0.203125,0.109375,0.060629589594518765,44,Ceiling,11,0.171875,0.999976872569488,32.0,0.5,False,1470226800
8,6,2,0.203125,0.109375,0.060629589594518765,44,Ceiling,12,0.1875,0.9999970145590386,32.0,0.5,False,1470226800
8,6,2,0.203125,0.109375,0.060629589594518765,44,Ceiling,14,0.21875,0.9999993884016075,32.0,0.5,False,1470226800
8,6,2,0.203125,0.109375,0.060629589594518765,44,Ceiling,16,0.25,0.9999999999999998,32.0,0.5,False,1470226800
8,6,2,0.203125,0.109375,0.060629589594518765,44,Ceiling,18,0.28125,0.9999999999999998,32.0,0.5,False,1470226800
8,6,2,0.203125,0.109375,0.060629589594518765,44,Ceiling,20,0.3125,0.9999999999999998,32.0,0.5,False,1470226800
8,6,2,0.203125,0.109375,0.060629589594518765,44,Ceiling,22,0.34375,0.9999999999999998,32.0,0.5,False,1470226800
8,6,2,0.203125,0.109375,0.060629589594518765,44,Ceiling,25,0.390625,0.9999999999999998,32.0,0.5,False,1470226800
8,6,2,0.203125,0.109375,0.060629589594518765,44,Ceiling,28,0.4375,0.9999999999999998,32.0,0.5,False,1470226800
8,6,2,0.203125,0.109375,0.060629589594518765,44,Ceiling,32,0.5,0.9999999999999998,32.0,0.5,False,1470226800
8,6,2,0.203125,0.109375,0.1543148381171611,31,BARK,1,0.015625,0.1543148381171611,16.0,0.25,True,1470226800
8,6,2,0.203125,0.109375,0.1543148381171611,31,BARK,2,0.03125,0.892957763728702,16.0,0.25,True,1470226800
8,6,2,0.203125,0.109375,0.1543148381171611,31,BARK,3,0.046875,0.9524565474798006,16.0,0.25,True,1470226800
8,6,2,0.203125,0.109375,0.1543148381171611,31,BARK,4,0.0625,0.9657441980965075,16.0,0.25,True,1470226800
8,6,2,0.203125,0.109375,0.1543148381171611,31,BARK,5,0.078125,0.9702256854160632,16.0,0.25,True,1470226800
8,6,2,0.203125,0.109375,0.1543148381171611,31,BARK,6,0.09375,0.9981960779519389,16.0,0.25,True,1470226800
8,6,2,0.203125,0.109375,0.1543148381171611,31,BARK,7,0.109375,0.9986593752950743,16.0,0.25,True,1470226800
8,6,2,0.203125,0.109375,0.1543148381171611,31,BARK,8,0.125,0.9987566329695481,16.0,0.25,True,1470226800
8,6,2,0.203125,0.109375,0.1543148381171611,31,BARK,9,0.140625,0.9987571190491242,16.0,0.25,True,1470226800
8,6,2,0.203125,0.109375,0.1543148381171611,31,BARK,10,0.15625,0.9998271280139546,16.0,0.25,True,1470226800
8,6,2,0.203125,0.109375,0.1543148381171611,31,BARK,11,0.171875,0.9999358995471451,16.0,0.25,True,1470226800
8,6,2,0.203125,0.109375,0.1543148381171611,31,BARK,12,0.1875,0.9999749376994,16.0,0.25,True,1470226800
8,6,2,0.203125,0.109375,0.1543148381171611,31,BARK,14,0.21875,0.9999980187805712,16.0,0.25,True,1470226800
8,6,2,0.203125,0.109375,0.1543148381171611,31,BARK,16,0.25,0.9999999999999996,16.0,0.25,True,1470226800
8,6,2,0.203125,0.109375,0.1543148381171611,31,BARK,18,0.28125,0.9999999999999996,16.0,0.25,True,1470226800
8,6,2,0.203125,0.109375,0.1543148381171611,31,BARK,20,0.3125,0.9999999999999996,16.0,0.25,True,1470226800
8,6,2,0.203125,0.109375,0.1543148381171611,31,BARK,22,0.34375,0.9999999999999996,16.0,0.25,True,1470226800
8,6,2,0.203125,0.109375,0.1543148381171611,31,BARK,25,0.390625,0.9999999999999996,16.0,0.25,True,1470226800
8,6,2,0.203125,0.109375,0.1543148381171611,31,BARK,28,0.4375,0.9999999999999996,16.0,0.25,True,1470226800
8,6,2,0.203125,0.109375,0.1543148381171611,31,BARK,32,0.5,0.9999999999999996,16.0,0.25,True,1470226800
8,6,2,0.203125,0.109375,0.1543148381171611,31,Simplified BARK,1,0.015625,0.1543148381171611,16.0,0.25,True,1470226800
8,6,2,0.203125,0.109375,0.1543148381171611,31,Simplified BARK,2,0.03125,0.16689329064070707,16.0,0.25,True,1470226800
8,6,2,0.203125,0.109375,0.1543148381171611,31,Simplified BARK,3,0.046875,0.19021779001427047,16.0,0.25,True,1470226800
8,6,2,0.203125,0.109375,0.1543148381171611,31,Simplified BARK,4,0.0625,0.9657441980965077,16.0,0.25,True,1470226800
8,6,2,0.203125,0.109375,0.1543148381171611,31,Simplified BARK,5,0.078125,0.9657458146075516,16.0,0.25,True,1470226800
8,6,2,0.203125,0.109375,0.1543148381171611,31,Simplified BARK,6,0.09375,0.9657854637110028,16.0,0.25,True,1470226800
8,6,2,0.203125,0.109375,0.1543148381171611,31,Simplified BARK,7,0.109375,0.9658456101955483,16.0,0.25,True,1470226800
8,6,2,0.203125,0.109375,0.1543148381171611,31,Simplified BARK,8,0.125,0.9669464674543526,16.0,0.25,True,1470226800
8,6,2,0.203125,0.109375,0.1543148381171611,31,Simplified BARK,9,0.140625,0.9669469874424391,16.0,0.25,True,1470226800
8,6,2,0.203125,0.109375,0.1543148381171611,31,Simplified BARK,10,0.15625,0.971520147002526,16.0,0.25,True,1470226800
8,6,2,0.203125,0.109375,0.1543148381171611,31,Simplified BARK,11,0.171875,0.9994025862952908,16.0,0.25,True,1470226800
8,6,2,0.203125,0.109375,0.1543148381171611,31,Simplified BARK,12,0.1875,0.9994387471390885,16.0,0.25,True,1470226800
8,6,2,0.203125,0.109375,0.1543148381171611,31,Simplified BARK,14,0.21875,0.9995221464262695,16.0,0.25,True,1470226800
8,6,2,0.203125,0.109375,0.1543148381171611,31,Simplified BARK,16,0.25,1.0,16.0,0.25,True,1470226800
8,6,2,0.203125,0.109375,0.1543148381171611,31,Simplified BARK,18,0.28125,1.0,16.0,0.25,True,1470226800
8,6,2,0.203125,0.109375,0.1543148381171611,31,Simplified BARK,20,0.3125,1.0,16.0,0.25,True,1470226800
8,6,2,0.203125,0.109375,0.1543148381171611,31,Simplified BARK,22,0.34375,1.0,16.0,0.25,True,1470226800
8,6,2,0.203125,0.109375,0.1543148381171611,31,Simplified BARK,25,0.390625,1.0,16.0,0.25,True,1470226800
8,6,2,0.203125,0.109375,0.1543148381171611,31,Simplified BARK,28,0.4375,1.0,16.0,0.25,True,1470226800
8,6,2,0.203125,0.109375,0.1543148381171611,31,Simplified BARK,32,0.5,1.0,16.0,0.25,True,1470226800
8,6,2,0.203125,0.109375,0.1543148381171611,31,SKQD,1,0.015625,0.1543148381171611,12.333333333333334,0.19270833333333334,True,1470226800
8,6,2,0.203125,0.109375,0.1543148381171611,31,SKQD,2,0.03125,0.1543148381171611,12.333333333333334,0.19270833333333334,True,1470226800
8,6,2,0.203125,0.109375,0.1543148381171611,31,SKQD,3,0.046875,0.1543148381171611,12.333333333333334,0.19270833333333334,True,1470226800
8,6,2,0.203125,0.109375,0.1543148381171611,31,SKQD,4,0.0625,0.1543148381171611,12.333333333333334,0.19270833333333334,True,1470226800
8,6,2,0.203125,0.109375,0.1543148381171611,31,SKQD,5,0.078125,0.1543148381171611,12.333333333333334,0.19270833333333334,True,1470226800
8,6,2,0.203125,0.109375,0.1543148381171611,31,SKQD,6,0.09375,0.1543148381171611,12.333333333333334,0.19270833333333334,True,1470226800
8,6,2,0.203125,0.109375,0.1543148381171611,31,SKQD,7,0.109375,0.1543148381171611,12.333333333333334,0.19270833333333334,True,1470226800
8,6,2,0.203125,0.109375,0.1543148381171611,31,SKQD,8,0.125,0.1543148381171611,12.333333333333334,0.19270833333333334,True,1470226800
8,6,2,0.203125,0.109375,0.1543148381171611,31,SKQD,9,0.140625,0.42671605987940836,12.333333333333334,0.19270833333333334,True,1470226800
8,6,2,0.203125,0.109375,0.1543148381171611,31,SKQD,10,0.15625,0.42671605987940836,12.333333333333334,0.19270833333333334,True,1470226800
8,6,2,0.203125,0.109375,0.1543148381171611,31,SKQD,11,0.171875,0.42671605987940836,12.333333333333334,0.19270833333333334,True,1470226800
8,6,2,0.203125,0.109375,0.1543148381171611,31,SKQD,12,0.1875,0.990125115924228,12.333333333333334,0.19270833333333334,True,1470226800
8,6,2,0.203125,0.109375,0.1543148381171611,31,SKQD,14,0.21875,0.9901251191550319,12.333333333333334,0.19270833333333334,True,1470226800
8,6,2,0.203125,0.109375,0.1543148381171611,31,SKQD,16,0.25,0.9901251191550319,12.333333333333334,0.19270833333333334,True,1470226800
8,6,2,0.203125,0.109375,0.1543148381171611,31,SKQD,18,0.28125,0.9901251191550319,12.333333333333334,0.19270833333333334,True,1470226800
8,6,2,0.203125,0.109375,0.1543148381171611,31,SKQD,20,0.3125,0.9901251191550319,12.333333333333334,0.19270833333333334,True,1470226800
8,6,2,0.203125,0.109375,0.1543148381171611,31,SKQD,22,0.34375,0.9901251191550319,12.333333333333334,0.19270833333333334,True,1470226800
8,6,2,0.203125,0.109375,0.1543148381171611,31,SKQD,25,0.390625,0.9901251191550319,12.333333333333334,0.19270833333333334,True,1470226800
8,6,2,0.203125,0.109375,0.1543148381171611,31,SKQD,28,0.4375,0.9901251191550319,12.333333333333334,0.19270833333333334,True,1470226800
8,6,2,0.203125,0.109375,0.1543148381171611,31,SKQD,32,0.5,0.9901251191550319,12.333333333333334,0.19270833333333334,True,1470226800
8,6,2,0.203125,0.109375,0.1543148381171611,31,Ceiling,1,0.015625,0.7387775326842511,32.0,0.5,False,1470226800
8,6,2,0.203125,0.109375,0.1543148381171611,31,Ceiling,2,0.03125,0.8930923708014121,32.0,0.5,False,1470226800
8,6,2,0.203125,0.109375,0.1543148381171611,31,Ceiling,3,0.046875,0.9537219603959309,32.0,0.5,False,1470226800
8,6,2,0.203125,0.109375,0.1543148381171611,31,Ceiling,4,0.0625,0.9801613046671683,32.0,0.5,False,1470226800
8,6,2,0.203125,0.109375,0.1543148381171611,31,Ceiling,5,0.078125,0.9928255302147349,32.0,0.5,False,1470226800
8,6,2,0.203125,0.109375,0.1543148381171611,31,Ceiling,6,0.09375,0.9983481441961263,32.0,0.5,False,1470226800
8,6,2,0.203125,0.109375,0.1543148381171611,31,Ceiling,7,0.109375,0.9993050515738386,32.0,0.5,False,1470226800
8,6,2,0.203125,0.109375,0.1543148381171611,31,Ceiling,8,0.125,0.9997675002139664,32.0,0.5,False,1470226800
8,6,2,0.203125,0.109375,0.1543148381171611,31,Ceiling,9,0.140625,0.9998640958518705,32.0,0.5,False,1470226800
8,6,2,0.203125,0.109375,0.1543148381171611,31,Ceiling,10,0.15625,0.9999426268020198,32.0,0.5,False,1470226800
8,6,2,0.203125,0.109375,0.1543148381171611,31,Ceiling,11,0.171875,0.999976872569488,32.0,0.5,False,1470226800
8,6,2,0.203125,0.109375,0.1543148381171611,31,Ceiling,12,0.1875,0.9999970145590386,32.0,0.5,False,1470226800
8,6,2,0.203125,0.109375,0.1543148381171611,31,Ceiling,14,0.21875,0.9999993884016075,32.0,0.5,False,1470226800
8,6,2,0.203125,0.109375,0.1543148381171611,31,Ceiling,16,0.25,0.9999999999999998,32.0,0.5,False,1470226800
8,6,2,0.203125,0.109375,0.1543148381171611,31,Ceiling,18,0.28125,0.9999999999999998,32.0,0.5,False,1470226800
8,6,2,0.203125,0.109375,0.1543148381171611,31,Ceiling,20,0.3125,0.9999999999999998,32.0,0.5,False,1470226800
8,6,2,0.203125,0.109375,0.1543148381171611,31,Ceiling,22,0.34375,0.9999999999999998,32.0,0.5,False,1470226800
8,6,2,0.203125,0.109375,0.1543148381171611,31,Ceiling,25,0.390625,0.9999999999999998,32.0,0.5,False,1470226800
8,6,2,0.203125,0.109375,0.1543148381171611,31,Ceiling,28,0.4375,0.9999999999999998,32.0,0.5,False,1470226800
8,6,2,0.203125,0.109375,0.1543148381171611,31,Ceiling,32,0.5,0.9999999999999998,32.0,0.5,False,1470226800
8,6,2,0.203125,0.109375,0.7387775326842511,62,BARK,1,0.015625,0.7387775326842511,16.0,0.25,True,1470226800
8,6,2,0.203125,0.109375,0.7387775326842511,62,BARK,2,0.03125,0.8929577637287017,16.0,0.25,True,1470226800
8,6,2,0.203125,0.109375,0.7387775326842511,62,BARK,3,0.046875,0.9025996355399585,16.0,0.25,True,1470226800
8,6,2,0.203125,0.109375,0.7387775326842511,62,BARK,4,0.0625,0.9657441980965075,16.0,0.25,True,1470226800
8,6,2,0.203125,0.109375,0.7387775326842511,62,BARK,5,0.078125,0.992288998911191,16.0,0.25,True,1470226800
8,6,2,0.203125,0.109375,0.7387775326842511,62,BARK,6,0.09375,0.9981960779519398,16.0,0.25,True,1470226800
8,6,2,0.203125,0.109375,0.7387775326842511,62,BARK,7,0.109375,0.9982761017406621,16.0,0.25,True,1470226800
8,6,2,0.203125,0.109375,0.7387775326842511,62,BARK,8,0.125,0.9987566329695474,16.0,0.25,True,1470226800
8,6,2,0.203125,0.109375,0.7387775326842511,62,BARK,9,0.140625,0.9987571190491242,16.0,0.25,True,1470226800
8,6,2,0.203125,0.109375,0.7387775326842511,62,BARK,10,0.15625,0.9998271280139539,16.0,0.25,True,1470226800
8,6,2,0.203125,0.109375,0.7387775326842511,62,BARK,11,0.171875,0.9999358995471449,16.0,0.25,True,1470226800
8,6,2,0.203125,0.109375,0.7387775326842511,62,BARK,12,0.1875,0.9999749376993998,16.0,0.25,True,1470226800
8,6,2,0.203125,0.109375,0.7387775326842511,62,BARK,14,0.21875,0.9999980187805716,16.0,0.25,True,1470226800
8,6,2,0.203125,0.109375,0.7387775326842511,62,BARK,16,0.25,0.9999999999999998,16.0,0.25,True,1470226800
8,6,2,0.203125,0.109375,0.7387775326842511,62,BARK,18,0.28125,0.9999999999999998,16.0,0.25,True,1470226800
8,6,2,0.203125,0.109375,0.7387775326842511,62,BARK,20,0.3125,0.9999999999999998,16.0,0.25,True,1470226800
8,6,2,0.203125,0.109375,0.7387775326842511,62,BARK,22,0.34375,0.9999999999999998,16.0,0.25,True,1470226800
8,6,2,0.203125,0.109375,0.7387775326842511,62,BARK,25,0.390625,0.9999999999999998,16.0,0.25,True,1470226800
8,6,2,0.203125,0.109375,0.7387775326842511,62,BARK,28,0.4375,0.9999999999999998,16.0,0.25,True,1470226800
8,6,2,0.203125,0.109375,0.7387775326842511,62,BARK,32,0.5,0.9999999999999998,16.0,0.25,True,1470226800
8,6,2,0.203125,0.109375,0.7387775326842511,62,Simplified BARK,1,0.015625,0.7387775326842511,16.0,0.25,True,1470226800
8,6,2,0.203125,0.109375,0.7387775326842511,62,Simplified BARK,2,0.03125,0.7989964865691395,16.0,0.25,True,1470226800
8,6,2,0.203125,0.109375,0.7387775326842511,62,Simplified BARK,3,0.046875,0.8069411573526185,16.0,0.25,True,1470226800
8,6,2,0.203125,0.109375,0.7387775326842511,62,Simplified BARK,4,0.0625,0.9657441980965079,16.0,0.25,True,1470226800
8,6,2,0.203125,0.109375,0.7387775326842511,62,Simplified BARK,5,0.078125,0.9657458146075518,16.0,0.25,True,1470226800
8,6,2,0.203125,0.109375,0.7387775326842511,62,Simplified BARK,6,0.09375,0.965785463711003,16.0,0.25,True,1470226800
8,6,2,0.203125,0.109375,0.7387775326842511,62,Simplified BARK,7,0.109375,0.9658456101955485,16.0,0.25,True,1470226800
8,6,2,0.203125,0.109375,0.7387775326842511,62,Simplified BARK,8,0.125,0.9669464674543526,16.0,0.25,True,1470226800
8,6,2,0.203125,0.109375,0.7387775326842511,62,Simplified BARK,9,0.140625,0.9669469874424392,16.0,0.25,True,1470226800
8,6,2,0.203125,0.109375,0.7387775326842511,62,Simplified BARK,10,0.15625,0.9715201470025262,16.0,0.25,True,1470226800
8,6,2,0.203125,0.109375,0.7387775326842511,62,Simplified BARK,11,0.171875,0.999402586295291,16.0,0.25,True,1470226800
8,6,2,0.203125,0.109375,0.7387775326842511,62,Simplified BARK,12,0.1875,0.9994387471390885,16.0,0.25,True,1470226800
8,6,2,0.203125,0.109375,0.7387775326842511,62,Simplified BARK,14,0.21875,0.999522146426269,16.0,0.25,True,1470226800
8,6,2,0.203125,0.109375,0.7387775326842511,62,Simplified BARK,16,0.25,0.9999999999999998,16.0,0.25,True,1470226800
8,6,2,0.203125,0.109375,0.7387775326842511,62,Simplified BARK,18,0.28125,0.9999999999999998,16.0,0.25,True,1470226800
8,6,2,0.203125,0.109375,0.7387775326842511,62,Simplified BARK,20,0.3125,0.9999999999999998,16.0,0.25,True,1470226800
8,6,2,0.203125,0.109375,0.7387775326842511,62,Simplified BARK,22,0.34375,0.9999999999999998,16.0,0.25,True,1470226800
8,6,2,0.203125,0.109375,0.7387775326842511,62,Simplified BARK,25,0.390625,0.9999999999999998,16.0,0.25,True,1470226800
8,6,2,0.203125,0.109375,0.7387775326842511,62,Simplified BARK,28,0.4375,0.9999999999999998,16.0,0.25,True,1470226800
8,6,2,0.203125,0.109375,0.7387775326842511,62,Simplified BARK,32,0.5,0.9999999999999998,16.0,0.25,True,1470226800
8,6,2,0.203125,0.109375,0.7387775326842511,62,SKQD,1,0.015625,0.7387775326842511,12.0,0.1875,True,1470226800
8,6,2,0.203125,0.109375,0.7387775326842511,62,SKQD,2,0.03125,0.7387775326842511,12.0,0.1875,True,1470226800
8,6,2,0.203125,0.109375,0.7387775326842511,62,SKQD,3,0.046875,0.7387775326842511,12.0,0.1875,True,1470226800
8,6,2,0.203125,0.109375,0.7387775326842511,62,SKQD,4,0.0625,0.7387775326842511,12.0,0.1875,True,1470226800
8,6,2,0.203125,0.109375,0.7387775326842511,62,SKQD,5,0.078125,0.7387775326842511,12.0,0.1875,True,1470226800
8,6,2,0.203125,0.109375,0.7387775326842511,62,SKQD,6,0.09375,0.8235821053856274,12.0,0.1875,True,1470226800
8,6,2,0.203125,0.109375,0.7387775326842511,62,SKQD,7,0.109375,0.8235821053856274,12.0,0.1875,True,1470226800
8,6,2,0.203125,0.109375,0.7387775326842511,62,SKQD,8,0.125,0.9100683987268532,12.0,0.1875,True,1470226800
8,6,2,0.203125,0.109375,0.7387775326842511,62,SKQD,9,0.140625,0.9100683987268532,12.0,0.1875,True,1470226800
8,6,2,0.203125,0.109375,0.7387775326842511,62,SKQD,10,0.15625,0.9974499117733715,12.0,0.1875,True,1470226800
8,6,2,0.203125,0.109375,0.7387775326842511,62,SKQD,11,0.171875,0.997450296145649,12.0,0.1875,True,1470226800
8,6,2,0.203125,0.109375,0.7387775326842511,62,SKQD,12,0.1875,0.9995327949292184,12.0,0.1875,True,1470226800
8,6,2,0.203125,0.109375,0.7387775326842511,62,SKQD,14,0.21875,0.9996013285482857,12.0,0.1875,True,1470226800
8,6,2,0.203125,0.109375,0.7387775326842511,62,SKQD,16,0.25,0.9996013285482857,12.0,0.1875,True,1470226800
8,6,2,0.203125,0.109375,0.7387775326842511,62,SKQD,18,0.28125,0.9996013285482857,12.0,0.1875,True,1470226800
8,6,2,0.203125,0.109375,0.7387775326842511,62,SKQD,20,0.3125,0.9996013285482857,12.0,0.1875,True,1470226800
8,6,2,0.203125,0.109375,0.7387775326842511,62,SKQD,22,0.34375,0.9996013285482857,12.0,0.1875,True,1470226800
8,6,2,0.203125,0.109375,0.7387775326842511,62,SKQD,25,0.390625,0.9996013285482857,12.0,0.1875,True,1470226800
8,6,2,0.203125,0.109375,0.7387775326842511,62,SKQD,28,0.4375,0.9996013285482857,12.0,0.1875,True,1470226800
8,6,2,0.203125,0.109375,0.7387775326842511,62,SKQD,32,0.5,0.9996013285482857,12.0,0.1875,True,1470226800
8,6,2,0.203125,0.109375,0.7387775326842511,62,Ceiling,1,0.015625,0.7387775326842511,32.0,0.5,False,1470226800
8,6,2,0.203125,0.109375,0.7387775326842511,62,Ceiling,2,0.03125,0.8930923708014121,32.0,0.5,False,1470226800
8,6,2,0.203125,0.109375,0.7387775326842511,62,Ceiling,3,0.046875,0.9537219603959309,32.0,0.5,False,1470226800
8,6,2,0.203125,0.109375,0.7387775326842511,62,Ceiling,4,0.0625,0.9801613046671683,32.0,0.5,False,1470226800
8,6,2,0.203125,0.109375,0.7387775326842511,62,Ceiling,5,0.078125,0.9928255302147349,32.0,0.5,False,1470226800
8,6,2,0.203125,0.109375,0.7387775326842511,62,Ceiling,6,0.09375,0.9983481441961263,32.0,0.5,False,1470226800
8,6,2,0.203125,0.109375,0.7387775326842511,62,Ceiling,7,0.109375,0.9993050515738386,32.0,0.5,False,1470226800
8,6,2,0.203125,0.109375,0.7387775326842511,62,Ceiling,8,0.125,0.9997675002139664,32.0,0.5,False,1470226800
8,6,2,0.203125,0.109375,0.7387775326842511,62,Ceiling,9,0.140625,0.9998640958518705,32.0,0.5,False,1470226800
8,6,2,0.203125,0.109375,0.7387775326842511,62,Ceiling,10,0.15625,0.9999426268020198,32.0,0.5,False,1470226800
8,6,2,0.203125,0.109375,0.7387775326842511,62,Ceiling,11,0.171875,0.999976872569488,32.0,0.5,False,1470226800
8,6,2,0.203125,0.109375,0.7387775326842511,62,Ceiling,12,0.1875,0.9999970145590386,32.0,0.5,False,1470226800
8,6,2,0.203125,0.109375,0.7387775326842511,62,Ceiling,14,0.21875,0.9999993884016075,32.0,0.5,False,1470226800
8,6,2,0.203125,0.109375,0.7387775326842511,62,Ceiling,16,0.25,0.9999999999999998,32.0,0.5,False,1470226800
8,6,2,0.203125,0.109375,0.7387775326842511,62,Ceiling,18,0.28125,0.9999999999999998,32.0,0.5,False,1470226800
8,6,2,0.203125,0.109375,0.7387775326842511,62,Ceiling,20,0.3125,0.9999999999999998,32.0,0.5,False,1470226800
8,6,2,0.203125,0.109375,0.7387775326842511,62,Ceiling,22,0.34375,0.9999999999999998,32.0,0.5,False,1470226800
8,6,2,0.203125,0.109375,0.7387775326842511,62,Ceiling,25,0.390625,0.9999999999999998,32.0,0.5,False,1470226800
8,6,2,0.203125,0.109375,0.7387775326842511,62,Ceiling,28,0.4375,0.9999999999999998,32.0,0.5,False,1470226800
8,6,2,0.203125,0.109375,0.7387775326842511,62,Ceiling,32,0.5,0.9999999999999998,32.0,0.5,False,1470226800
8,6,2,0.203125,0.109375,7.271039015996702e-42,0,BARK,1,0.015625,7.271039015996702e-42,16.0,0.25,True,1470226800
8,6,2,0.203125,0.109375,7.271039015996702e-42,0,BARK,2,0.03125,1.1874766030169698e-36,16.0,0.25,True,1470226800
8,6,2,0.203125,0.109375,7.271039015996702e-42,0,BARK,3,0.046875,7.310061037659074e-36,16.0,0.25,True,1470226800
8,6,2,0.203125,0.109375,7.271039015996702e-42,0,BARK,4,0.0625,3.434879676738487e-38,16.0,0.25,True,1470226800
8,6,2,0.203125,0.109375,7.271039015996702e-42,0,BARK,5,0.078125,4.1217947822273773e-38,16.0,0.25,True,1470226800
8,6,2,0.203125,0.109375,7.271039015996702e-42,0,BARK,6,0.09375,5.073346220197016e-38,16.0,0.25,True,1470226800
8,6,2,0.203125,0.109375,7.271039015996702e-42,0,BARK,7,0.109375,1.7319509214031778e-37,16.0,0.25,True,1470226800
8,6,2,0.203125,0.109375,7.271039015996702e-42,0,BARK,8,0.125,4.5946544036879936e-37,16.0,0.25,True,1470226800
8,6,2,0.203125,0.109375,7.271039015996702e-42,0,BARK,9,0.140625,3.7882185259557914e-38,16.0,0.25,True,1470226800
8,6,2,0.203125,0.109375,7.271039015996702e-42,0,BARK,10,0.15625,1.8747294039185768e-38,16.0,0.25,True,1470226800
8,6,2,0.203125,0.109375,7.271039015996702e-42,0,BARK,11,0.171875,1.7559689732869372e-38,16.0,0.25,True,1470226800
8,6,2,0.203125,0.109375,7.271039015996702e-42,0,BARK,12,0.1875,3.281640981264129e-38,16.0,0.25,True,1470226800
8,6,2,0.203125,0.109375,7.271039015996702e-42,0,BARK,14,0.21875,3.0810656190525023e-38,16.0,0.25,True,1470226800
8,6,2,0.203125,0.109375,7.271039015996702e-42,0,BARK,16,0.25,3.0948928708522333e-38,16.0,0.25,True,1470226800
8,6,2,0.203125,0.109375,7.271039015996702e-42,0,BARK,18,0.28125,3.0948928708522333e-38,16.0,0.25,True,1470226800
8,6,2,0.203125,0.109375,7.271039015996702e-42,0,BARK,20,0.3125,3.0948928708522333e-38,16.0,0.25,True,1470226800
8,6,2,0.203125,0.109375,7.271039015996702e-42,0,BARK,22,0.34375,3.0948928708522333e-38,16.0,0.25,True,1470226800
8,6,2,0.203125,0.109375,7.271039015996702e-42,0,BARK,25,0.390625,3.0948928708522333e-38,16.0,0.25,True,1470226800
8,6,2,0.203125,0.109375,7.271039015996702e-42,0,BARK,28,0.4375,3.0948928708522333e-38,16.0,0.25,True,1470226800
8,6,2,0.203125,0.109375,7.271039015996702e-42,0,BARK,32,0.5,3.0948928708522333e-38,16.0,0.25,True,1470226800
8,6,2,0.203125,0.109375,7.271039015996702e-42,0,Simplified BARK,1,0.015625,7.271039015996702e-42,16.0,0.25,True,1470226800
8,6,2,0.203125,0.109375,7.271039015996702e-42,0,Simplified BARK,2,0.03125,1.1874766030169698e-36,16.0,0.25,True,1470226800
8,6,2,0.203125,0.109375,7.271039015996702e-42,0,Simplified BARK,3,0.046875,1.684927507300705e-36,16.0,0.25,True,1470226800
8,6,2,0.203125,0.109375,7.271039015996702e-42,0,Simplified BARK,4,0.0625,1.6867760970151824e-37,16.0,0.25,True,1470226800
8,6,2,0.203125,0.109375,7.271039015996702e-42,0,Simplified BARK,5,0.078125,1.2823619243286946e-36,16.0,0.25,True,1470226800
8,6,2,0.203125,0.109375,7.271039015996702e-42,0,Simplified BARK,6,0.09375,5.924847884950167e-39,16.0,0.25,True,1470226800
8,6,2,0.203125,0.109375,7.271039015996702e-42,0,Simplified BARK,7,0.109375,5.0553389906631645e-39,16.0,0.25,True,1470226800
8,6,2,0.203125,0.109375,7.271039015996702e-42,0,Simplified BARK,8,0.125,1.5096891750230016e-42,16.0,0.25,True,1470226800
8,6,2,0.203125,0.109375,7.271039015996702e-42,0,Simplified BARK,9,0.140625,1.9678974895067553e-42,16.0,0.25,True,1470226800
8,6,2,0.203125,0.109375,7.271039015996702e-42,0,Simplified BARK,10,0.15625,1.25665127807586e-38,16.0,0.25,True,1470226800
8,6,2,0.203125,0.109375,7.271039015996702e-42,0,Simplified BARK,11,0.171875,3.645056973338455e-37,16.0,0.25,True,1470226800
8,6,2,0.203125,0.109375,7.271039015996702e-42,0,Simplified BARK,12,0.1875,3.566125731678928e-37,16.0,0.25,True,1470226800
8,6,2,0.203125,0.109375,7.271039015996702e-42,0,Simplified BARK,14,0.21875,3.511092842318438e-37,16.0,0.25,True,1470226800
8,6,2,0.203125,0.109375,7.271039015996702e-42,0,Simplified BARK,16,0.25,3.0948928708521994e-38,16.0,0.25,True,1470226800
8,6,2,0.203125,0.109375,7.271039015996702e-42,0,Simplified BARK,18,0.28125,3.0948928708521994e-38,16.0,0.25,True,1470226800
8,6,2,0.203125,0.109375,7.271039015996702e-42,0,Simplified BARK,20,0.3125,3.0948928708521994e-38,16.0,0.25,True,1470226800
8,6,2,0.203125,0.109375,7.271039015996702e-42,0,Simplified BARK,22,0.34375,3.0948928708521994e-38,16.0,0.25,True,1470226800
8,6,2,0.203125,0.109375,7.271039015996702e-42,0,Simplified BARK,25,0.390625,3.0948928708521994e-38,16.0,0.25,True,1470226800
8,6,2,0.203125,0.109375,7.271039015996702e-42,0,Simplified BARK,28,0.4375,3.0948928708521994e-38,16.0,0.25,True,1470226800
8,6,2,0.203125,0.109375,7.271039015996702e-42,0,Simplified BARK,32,0.5,3.0948928708521994e-38,16.0,0.25,True,1470226800
8,6,2,0.203125,0.109375,7.271039015996702e-42,0,SKQD,1,0.015625,7.271039015996702e-42,8.666666666666666,0.13541666666666666,True,1470226800
8,6,2,0.203125,0.109375,7.271039015996702e-42,0,SKQD,2,0.03125,7.271039015996702e-42,8.666666666666666,0.13541666666666666,True,1470226800
8,6,2,0.203125,0.109375,7.271039015996702e-42,0,SKQD,3,0.046875,7.271039015996702e-42,8.666666666666666,0.13541666666666666,True,1470226800
8,6,2,0.203125,0.109375,7.271039015996702e-42,0,SKQD,4,0.0625,7.271039015996702e-42,8.666666666666666,0.13541666666666666,True,1470226800
8,6,2,0.203125,0.109375,7.271039015996702e-42,0,SKQD,5,0.078125,7.271039015996702e-42,8.666666666666666,0.13541666666666666,True,1470226800
8,6,2,0.203125,0.109375,7.271039015996702e-42,0,SKQD,6,0.09375,7.271039015996702e-42,8.666666666666666,0.13541666666666666,True,1470226800
8,6,2,0.203125,0.109375,7.271039015996702e-42,0,SKQD,7,0.109375,7.271039015996702e-42,8.666666666666666,0.13541666666666666,True,1470226800
8,6,2,0.203125,0.109375,7.271039015996702e-42,0,SKQD,8,0.125,6.159686574003683e-36,8.666666666666666,0.13541666666666666,True,1470226800
8,6,2,0.203125,0.109375,7.271039015996702e-42,0,SKQD,9,0.140625,1.8694839688158757e-35,8.666666666666666,0.13541666666666666,True,1470226800
8,6,2,0.203125,0.109375,7.271039015996702e-42,0,SKQD,10,0.15625,1.8694839688158757e-35,8.666666666666666,0.13541666666666666,True,1470226800
8,6,2,0.203125,0.109375,7.271039015996702e-42,0,SKQD,11,0.171875,1.8694839688158757e-35,8.666666666666666,0.13541666666666666,True,1470226800
8,6,2,0.203125,0.109375,7.271039015996702e-42,0,SKQD,12,0.1875,1.8694839688158757e-35,8.666666666666666,0.13541666666666666,True,1470226800
8,6,2,0.203125,0.109375,7.271039015996702e-42,0,SKQD,14,0.21875,1.8694839688158757e-35,8.666666666666666,0.13541666666666666,True,1470226800
8,6,2,0.203125,0.109375,7.271039015996702e-42,0,SKQD,16,0.25,1.8694839688158757e-35,8.666666666666666,0.13541666666666666,True,1470226800
8,6,2,0.203125,0.109375,7.271039015996702e-42,0,SKQD,18,0.28125,1.8694839688158757e-35,8.666666666666666,0.13541666666666666,True,1470226800
8,6,2,0.203125,0.109375,7.271039015996702e-42,0,SKQD,20,0.3125,1.8694839688158757e-35,8.666666666666666,0.13541666666666666,True,1470226800
8,6,2,0.203125,0.109375,7.271039015996702e-42,0,SKQD,22,0.34375,1.8694839688158757e-35,8.666666666666666,0.13541666666666666,True,1470226800
8,6,2,0.203125,0.109375,7.271039015996702e-42,0,SKQD,25,0.390625,1.8694839688158757e-35,8.666666666666666,0.13541666666666666,True,1470226800
8,6,2,0.203125,0.109375,7.271039015996702e-42,0,SKQD,28,0.4375,1.8694839688158757e-35,8.666666666666666,0.13541666666666666,True,1470226800
8,6,2,0.203125,0.109375,7.271039015996702e-42,0,SKQD,32,0.5,1.8694839688158757e-35,8.666666666666666,0.13541666666666666,True,1470226800
8,6,2,0.203125,0.109375,7.271039015996702e-42,0,Ceiling,1,0.015625,0.7387775326842511,32.0,0.5,False,1470226800
8,6,2,0.203125,0.109375,7.271039015996702e-42,0,Ceiling,2,0.03125,0.8930923708014121,32.0,0.5,False,1470226800
8,6,2,0.203125,0.109375,7.271039015996702e-42,0,Ceiling,3,0.046875,0.9537219603959309,32.0,0.5,False,1470226800
8,6,2,0.203125,0.109375,7.271039015996702e-42,0,Ceiling,4,0.0625,0.9801613046671683,32.0,0.5,False,1470226800
8,6,2,0.203125,0.109375,7.271039015996702e-42,0,Ceiling,5,0.078125,0.9928255302147349,32.0,0.5,False,1470226800
8,6,2,0.203125,0.109375,7.271039015996702e-42,0,Ceiling,6,0.09375,0.9983481441961263,32.0,0.5,False,1470226800
8,6,2,0.203125,0.109375,7.271039015996702e-42,0,Ceiling,7,0.109375,0.9993050515738386,32.0,0.5,False,1470226800
8,6,2,0.203125,0.109375,7.271039015996702e-42,0,Ceiling,8,0.125,0.9997675002139664,32.0,0.5,False,1470226800
8,6,2,0.203125,0.109375,7.271039015996702e-42,0,Ceiling,9,0.140625,0.9998640958518705,32.0,0.5,False,1470226800
8,6,2,0.203125,0.109375,7.271039015996702e-42,0,Ceiling,10,0.15625,0.9999426268020198,32.0,0.5,False,1470226800
8,6,2,0.203125,0.109375,7.271039015996702e-42,0,Ceiling,11,0.171875,0.999976872569488,32.0,0.5,False,1470226800
8,6,2,0.203125,0.109375,7.271039015996702e-42,0,Ceiling,12,0.1875,0.9999970145590386,32.0,0.5,False,1470226800
8,6,2,0.203125,0.109375,7.271039015996702e-42,0,Ceiling,14,0.21875,0.9999993884016075,32.0,0.5,False,1470226800
8,6,2,0.203125,0.109375,7.271039015996702e-42,0,Ceiling,16,0.25,0.9999999999999998,32.0,0.5,False,1470226800
8,6,2,0.203125,0.109375,7.271039015996702e-42,0,Ceiling,18,0.28125,0.9999999999999998,32.0,0.5,False,1470226800
8,6,2,0.203125,0.109375,7.271039015996702e-42,0,Ceiling,20,0.3125,0.9999999999999998,32.0,0.5,False,1470226800
8,6,2,0.203125,0.109375,7.271039015996702e-42,0,Ceiling,22,0.34375,0.9999999999999998,32.0,0.5,False,1470226800
8,6,2,0.203125,0.109375,7.271039015996702e-42,0,Ceiling,25,0.390625,0.9999999999999998,32.0,0.5,False,1470226800
8,6,2,0.203125,0.109375,7.271039015996702e-42,0,Ceiling,28,0.4375,0.9999999999999998,32.0,0.5,False,1470226800
8,6,2,0.203125,0.109375,7.271039015996702e-42,0,Ceiling,32,0.5,0.9999999999999998,32.0,0.5,False,1470226800
8,6,2,0.203125,0.109375,1.6180054618044752e-39,15,BARK,1,0.015625,1.6180054618044752e-39,16.0,0.25,True,1470226800
8,6,2,0.203125,0.109375,1.6180054618044752e-39,15,BARK,2,0.03125,1.3986196571051857e-35,16.0,0.25,True,1470226800
8,6,2,0.203125,0.109375,1.6180054618044752e-39,15,BARK,3,0.046875,1.4354744514712062e-35,16.0,0.25,True,1470226800
8,6,2,0.203125,0.109375,1.6180054618044752e-39,15,BARK,4,0.0625,1.0452720827696243e-35,16.0,0.25,True,1470226800
8,6,2,0.203125,0.109375,1.6180054618044752e-39,15,BARK,5,0.078125,8.379869269976799e-36,16.0,0.25,True,1470226800
8,6,2,0.203125,0.109375,1.6180054618044752e-39,15,BARK,6,0.09375,2.1960113646526905e-37,16.0,0.25,True,1470226800
8,6,2,0.203125,0.109375,1.6180054618044752e-39,15,BARK,7,0.109375,3.6291722145130196e-38,16.0,0.25,True,1470226800
8,6,2,0.203125,0.109375,1.6180054618044752e-39,15,BARK,8,0.125,1.969901493375668e-38,16.0,0.25,True,1470226800
8,6,2,0.203125,0.109375,1.6180054618044752e-39,15,BARK,9,0.140625,1.8488445679608543e-38,16.0,0.25,True,1470226800
8,6,2,0.203125,0.109375,1.6180054618044752e-39,15,BARK,10,0.15625,3.451926458660402e-38,16.0,0.25,True,1470226800
8,6,2,0.203125,0.109375,1.6180054618044752e-39,15,BARK,11,0.171875,4.2604985253809447e-38,16.0,0.25,True,1470226800
8,6,2,0.203125,0.109375,1.6180054618044752e-39,15,BARK,12,0.1875,3.256408844333899e-38,16.0,0.25,True,1470226800
8,6,2,0.203125,0.109375,1.6180054618044752e-39,15,BARK,14,0.21875,3.1334068024201266e-38,16.0,0.25,True,1470226800
8,6,2,0.203125,0.109375,1.6180054618044752e-39,15,BARK,16,0.25,3.0948928708521926e-38,16.0,0.25,True,1470226800
8,6,2,0.203125,0.109375,1.6180054618044752e-39,15,BARK,18,0.28125,3.0948928708521926e-38,16.0,0.25,True,1470226800
8,6,2,0.203125,0.109375,1.6180054618044752e-39,15,BARK,20,0.3125,3.0948928708521926e-38,16.0,0.25,True,1470226800
8,6,2,0.203125,0.109375,1.6180054618044752e-39,15,BARK,22,0.34375,3.0948928708521926e-38,16.0,0.25,True,1470226800
8,6,2,0.203125,0.109375,1.6180054618044752e-39,15,BARK,25,0.390625,3.0948928708521926e-38,16.0,0.25,True,1470226800
8,6,2,0.203125,0.109375,1.6180054618044752e-39,15,BARK,28,0.4375,3.0948928708521926e-38,16.0,0.25,True,1470226800
8,6,2,0.203125,0.109375,1.6180054618044752e-39,15,BARK,32,0.5,3.0948928708521926e-38,16.0,0.25,True,1470226800
8,6,2,0.203125,0.109375,1.6180054618044752e-39,15,Simplified BARK,1,0.015625,1.6180054618044752e-39,16.0,0.25,True,1470226800
8,6,2,0.203125,0.109375,1.6180054618044752e-39,15,Simplified BARK,2,0.03125,1.3986196571051857e-35,16.0,0.25,True,1470226800
8,6,2,0.203125,0.109375,1.6180054618044752e-39,15,Simplified BARK,3,0.046875,1.3932295878673654e-35,16.0,0.25,True,1470226800
8,6,2,0.203125,0.109375,1.6180054618044752e-39,15,Simplified BARK,4,0.0625,1.557883764335375e-35,16.0,0.25,True,1470226800
8,6,2,0.203125,0.109375,1.6180054618044752e-39,15,Simplified BARK,5,0.078125,1.557962091647661e-35,16.0,0.25,True,1470226800
8,6,2,0.203125,0.109375,1.6180054618044752e-39,15,Simplified BARK,6,0.09375,1.4800190151609037e-35,16.0,0.25,True,1470226800
8,6,2,0.203125,0.109375,1.6180054618044752e-39,15,Simplified BARK,7,0.109375,8.557698300588356e-36,16.0,0.25,True,1470226800
8,6,2,0.203125,0.109375,1.6180054618044752e-39,15,Simplified BARK,8,0.125,8.602809125691014e-36,16.0,0.25,True,1470226800
8,6,2,0.203125,0.109375,1.6180054618044752e-39,15,Simplified BARK,9,0.140625,8.602826462295977e-36,16.0,0.25,True,1470226800
8,6,2,0.203125,0.109375,1.6180054618044752e-39,15,Simplified BARK,10,0.15625,8.604913395438423e-36,16.0,0.25,True,1470226800
8,6,2,0.203125,0.109375,1.6180054618044752e-39,15,Simplified BARK,11,0.171875,8.6027663849873e-36,16.0,0.25,True,1470226800
8,6,2,0.203125,0.109375,1.6180054618044752e-39,15,Simplified BARK,12,0.1875,7.972538385710059e-36,16.0,0.25,True,1470226800
8,6,2,0.203125,0.109375,1.6180054618044752e-39,15,Simplified BARK,14,0.21875,1.2794667560194416e-38,16.0,0.25,True,1470226800
8,6,2,0.203125,0.109375,1.6180054618044752e-39,15,Simplified BARK,16,0.25,3.0948928708521994e-38,16.0,0.25,True,1470226800
8,6,2,0.203125,0.109375,1.6180054618044752e-39,15,Simplified BARK,18,0.28125,3.0948928708521994e-38,16.0,0.25,True,1470226800
8,6,2,0.203125,0.109375,1.6180054618044752e-39,15,Simplified BARK,20,0.3125,3.0948928708521994e-38,16.0,0.25,True,1470226800
8,6,2,0.203125,0.109375,1.6180054618044752e-39,15,Simplified BARK,22,0.34375,3.0948928708521994e-38,16.0,0.25,True,1470226800
8,6,2,0.203125,0.109375,1.6180054618044752e-39,15,Simplified BARK,25,0.390625,3.0948928708521994e-38,16.0,0.25,True,1470226800
8,6,2,0.203125,0.109375,1.6180054618044752e-39,15,Simplified BARK,28,0.4375,3.0948928708521994e-38,16.0,0.25,True,1470226800
8,6,2,0.203125,0.109375,1.6180054618044752e-39,15,Simplified BARK,32,0.5,3.0948928708521994e-38,16.0,0.25,True,1470226800
8,6,2,0.203125,0.109375,1.6180054618044752e-39,15,SKQD,1,0.015625,1.6180054618044752e-39,4.0,0.0625,True,1470226800
8,6,2,0.203125,0.109375,1.6180054618044752e-39,15,SKQD,2,0.03125,4.6631441939918214e-36,4.0,0.0625,True,1470226800
8,6,2,0.203125,0.109375,1.6180054618044752e-39,15,SKQD,3,0.046875,1.4524512346837276e-35,4.0,0.0625,True,1470226800
8,6,2,0.203125,0.109375,1.6180054618044752e-39,15,SKQD,4,0.0625,1.557883764335375e-35,4.0,0.0625,True,1470226800
8,6,2,0.203125,0.109375,1.6180054618044752e-39,15,SKQD,5,0.078125,1.557883764335375e-35,4.0,0.0625,True,1470226800
8,6,2,0.203125,0.109375,1.6180054618044752e-39,15,SKQD,6,0.09375,1.557883764335375e-35,4.0,0.0625,True,1470226800
8,6,2,0.203125,0.109375,1.6180054618044752e-39,15,SKQD,7,0.109375,1.557883764335375e-35,4.0,0.0625,True,1470226800
8,6,2,0.203125,0.109375,1.6180054618044752e-39,15,SKQD,8,0.125,1.557883764335375e-35,4.0,0.0625,True,1470226800
8,6,2,0.203125,0.109375,1.6180054618044752e-39,15,SKQD,9,0.140625,1.557883764335375e-35,4.0,0.0625,True,1470226800
8,6,2,0.203125,0.109375,1.6180054618044752e-39,15,SKQD,10,0.15625,1.557883764335375e-35,4.0,0.0625,True,1470226800
8,6,2,0.203125,0.109375,1.6180054618044752e-39,15,SKQD,11,0.171875,1.557883764335375e-35,4.0,0.0625,True,1470226800
8,6,2,0.203125,0.109375,1.6180054618044752e-39,15,SKQD,12,0.1875,1.557883764335375e-35,4.0,0.0625,True,1470226800
8,6,2,0.203125,0.109375,1.6180054618044752e-39,15,SKQD,14,0.21875,1.557883764335375e-35,4.0,0.0625,True,1470226800
8,6,2,0.203125,0.109375,1.6180054618044752e-39,15,SKQD,16,0.25,1.557883764335375e-35,4.0,0.0625,True,1470226800
8,6,2,0.203125,0.109375,1.6180054618044752e-39,15,SKQD,18,0.28125,1.557883764335375e-35,4.0,0.0625,True,1470226800
8,6,2,0.203125,0.109375,1.6180054618044752e-39,15,SKQD,20,0.3125,1.557883764335375e-35,4.0,0.0625,True,1470226800
8,6,2,0.203125,0.109375,1.6180054618044752e-39,15,SKQD,22,0.34375,1.557883764335375e-35,4.0,0.0625,True,1470226800
8,6,2,0.203125,0.109375,1.6180054618044752e-39,15,SKQD,25,0.390625,1.557883764335375e-35,4.0,0.0625,True,1470226800
8,6,2,0.203125,0.109375,1.6180054618044752e-39,15,SKQD,28,0.4375,1.557883764335375e-35,4.0,0.0625,True,1470226800
8,6,2,0.203125,0.109375,1.6180054618044752e-39,15,SKQD,32,0.5,1.557883764335375e-35,4.0,0.0625,True,1470226800
8,6,2,0.203125,0.109375,1.6180054618044752e-39,15,Ceiling,1,0.015625,0.7387775326842511,32.0,0.5,False,1470226800
8,6,2,0.203125,0.109375,1.6180054618044752e-39,15,Ceiling,2,0.03125,0.8930923708014121,32.0,0.5,False,1470226800
8,6,2,0.203125,0.109375,1.6180054618044752e-39,15,Ceiling,3,0.046875,0.9537219603959309,32.0,0.5,False,1470226800
8,6,2,0.203125,0.109375,1.6180054618044752e-39,15,Ceiling,4,0.0625,0.9801613046671683,32.0,0.5,False,1470226800
8,6,2,0.203125,0.109375,1.6180054618044752e-39,15,Ceiling,5,0.078125,0.9928255302147349,32.0,0.5,False,1470226800
8,6,2,0.203125,0.109375,1.6180054618044752e-39,15,Ceiling,6,0.09375,0.9983481441961263,32.0,0.5,False,1470226800
8,6,2,0.203125,0.109375,1.6180054618044752e-39,15,Ceiling,7,0.109375,0.9993050515738386,32.0,0.5,False,1470226800
8,6,2,0.203125,0.109375,1.6180054618044752e-39,15,Ceiling,8,0.125,0.9997675002139664,32.0,0.5,False,1470226800
8,6,2,0.203125,0.109375,1.6180054618044752e-39,15,Ceiling,9,0.140625,0.9998640958518705,32.0,0.5,False,1470226800
8,6,2,0.203125,0.109375,1.6180054618044752e-39,15,Ceiling,10,0.15625,0.9999426268020198,32.0,0.5,False,1470226800
8,6,2,0.203125,0.109375,1.6180054618044752e-39,15,Ceiling,11,0.171875,0.999976872569488,32.0,0.5,False,1470226800
8,6,2,0.203125,0.109375,1.6180054618044752e-39,15,Ceiling,12,0.1875,0.9999970145590386,32.0,0.5,False,1470226800
8,6,2,0.203125,0.109375,1.6180054618044752e-39,15,Ceiling,14,0.21875,0.9999993884016075,32.0,0.5,False,1470226800
8,6,2,0.203125,0.109375,1.6180054618044752e-39,15,Ceiling,16,0.25,0.9999999999999998,32.0,0.5,False,1470226800
8,6,2,0.203125,0.109375,1.6180054618044752e-39,15,Ceiling,18,0.28125,0.9999999999999998,32.0,0.5,False,1470226800
8,6,2,0.203125,0.109375,1.6180054618044752e-39,15,Ceiling,20,0.3125,0.9999999999999998,32.0,0.5,False,1470226800
8,6,2,0.203125,0.109375,1.6180054618044752e-39,15,Ceiling,22,0.34375,0.9999999999999998,32.0,0.5,False,1470226800
8,6,2,0.203125,0.109375,1.6180054618044752e-39,15,Ceiling,25,0.390625,0.9999999999999998,32.0,0.5,False,1470226800
8,6,2,0.203125,0.109375,1.6180054618044752e-39,15,Ceiling,28,0.4375,0.9999999999999998,32.0,0.5,False,1470226800
8,6,2,0.203125,0.109375,1.6180054618044752e-39,15,Ceiling,32,0.5,0.9999999999999998,32.0,0.5,False,1470226800
8,6,2,0.203125,0.109375,6.924773346805482e-37,20,BARK,1,0.015625,6.924773346805482e-37,16.0,0.25,True,1470226800
8,6,2,0.203125,0.109375,6.924773346805482e-37,20,BARK,2,0.03125,2.233930722373335e-35,16.0,0.25,True,1470226800
8,6,2,0.203125,0.109375,6.924773346805482e-37,20,BARK,3,0.046875,1.4711205225757377e-36,16.0,0.25,True,1470226800
8,6,2,0.203125,0.109375,6.924773346805482e-37,20,BARK,4,0.0625,3.130586740749403e-36,16.0,0.25,True,1470226800
8,6,2,0.203125,0.109375,6.924773346805482e-37,20,BARK,5,0.078125,2.329631560071327e-36,16.0,0.25,True,1470226800
8,6,2,0.203125,0.109375,6.924773346805482e-37,20,BARK,6,0.09375,4.433946996291017e-38,16.0,0.25,True,1470226800
8,6,2,0.203125,0.109375,6.924773346805482e-37,20,BARK,7,0.109375,5.560207373859933e-39,16.0,0.25,True,1470226800
8,6,2,0.203125,0.109375,6.924773346805482e-37,20,BARK,8,0.125,3.6985059627401064e-38,16.0,0.25,True,1470226800
8,6,2,0.203125,0.109375,6.924773346805482e-37,20,BARK,9,0.140625,1.9610888349465199e-38,16.0,0.25,True,1470226800
8,6,2,0.203125,0.109375,6.924773346805482e-37,20,BARK,10,0.15625,1.839305832527815e-38,16.0,0.25,True,1470226800
8,6,2,0.203125,0.109375,6.924773346805482e-37,20,BARK,11,0.171875,3.433122177172346e-38,16.0,0.25,True,1470226800
8,6,2,0.203125,0.109375,6.924773346805482e-37,20,BARK,12,0.1875,4.240718555439151e-38,16.0,0.25,True,1470226800
8,6,2,0.203125,0.109375,6.924773346805482e-37,20,BARK,14,0.21875,3.272667138644903e-38,16.0,0.25,True,1470226800
8,6,2,0.203125,0.109375,6.924773346805482e-37,20,BARK,16,0.25,3.0948928708523487e-38,16.0,0.25,True,1470226800
8,6,2,0.203125,0.109375,6.924773346805482e-37,20,BARK,18,0.28125,3.0948928708523487e-38,16.0,0.25,True,1470226800
8,6,2,0.203125,0.109375,6.924773346805482e-37,20,BARK,20,0.3125,3.0948928708523487e-38,16.0,0.25,True,1470226800
8,6,2,0.203125,0.109375,6.924773346805482e-37,20,BARK,22,0.34375,3.0948928708523487e-38,16.0,0.25,True,1470226800
8,6,2,0.203125,0.109375,6.924773346805482e-37,20,BARK,25,0.390625,3.0948928708523487e-38,16.0,0.25,True,1470226800
8,6,2,0.203125,0.109375,6.924773346805482e-37,20,BARK,28,0.4375,3.0948928708523487e-38,16.0,0.25,True,1470226800
8,6,2,0.203125,0.109375,6.924773346805482e-37,20,BARK,32,0.5,3.0948928708523487e-38,16.0,0.25,True,1470226800
8,6,2,0.203125,0.109375,6.924773346805482e-37,20,Simplified BARK,1,0.015625,6.924773346805482e-37,16.0,0.25,True,1470226800
8,6,2,0.203125,0.109375,6.924773346805482e-37,20,Simplified BARK,2,0.03125,2.912362226608795e-35,16.0,0.25,True,1470226800
8,6,2,0.203125,0.109375,6.924773346805482e-37,20,Simplified BARK,3,0.046875,4.590551347167611e-35,16.0,0.25,True,1470226800
8,6,2,0.203125,0.109375,6.924773346805482e-37,20,Simplified BARK,4,0.0625,4.4716625039509704e-35,16.0,0.25,True,1470226800
8,6,2,0.203125,0.109375,6.924773346805482e-37,20,Simplified BARK,5,0.078125,4.471344896316191e-35,16.0,0.25,True,1470226800
8,6,2,0.203125,0.109375,6.924773346805482e-37,20,Simplified BARK,6,0.09375,4.469950323393359e-35,16.0,0.25,True,1470226800
8,6,2,0.203125,0.109375,6.924773346805482e-37,20,Simplified BARK,7,0.109375,4.289666838787463e-35,16.0,0.25,True,1470226800
8,6,2,0.203125,0.109375,6.924773346805482e-37,20,Simplified BARK,8,0.125,2.1916106375187202e-35,16.0,0.25,True,1470226800
8,6,2,0.203125,0.109375,6.924773346805482e-37,20,Simplified BARK,9,0.140625,2.092887451349916e-35,16.0,0.25,True,1470226800
8,6,2,0.203125,0.109375,6.924773346805482e-37,20,Simplified BARK,10,0.15625,2.790316307613233e-37,16.0,0.25,True,1470226800
8,6,2,0.203125,0.109375,6.924773346805482e-37,20,Simplified BARK,11,0.171875,2.854690736627969e-37,16.0,0.25,True,1470226800
8,6,2,0.203125,0.109375,6.924773346805482e-37,20,Simplified BARK,12,0.1875,3.566125731678922e-37,16.0,0.25,True,1470226800
8,6,2,0.203125,0.109375,6.924773346805482e-37,20,Simplified BARK,14,0.21875,3.5110928423184096e-37,16.0,0.25,True,1470226800
8,6,2,0.203125,0.109375,6.924773346805482e-37,20,Simplified BARK,16,0.25,3.094892870852118e-38,16.0,0.25,True,1470226800
8,6,2,0.203125,0.109375,6.924773346805482e-37,20,Simplified BARK,18,0.28125,3.094892870852118e-38,16.0,0.25,True,1470226800
8,6,2,0.203125,0.109375,6.924773346805482e-37,20,Simplified BARK,20,0.3125,3.094892870852118e-38,16.0,0.25,True,1470226800
8,6,2,0.203125,0.109375,6.924773346805482e-37,20,Simplified BARK,22,0.34375,3.094892870852118e-38,16.0,0.25,True,1470226800
8,6,2,0.203125,0.109375,6.924773346805482e-37,20,Simplified BARK,25,0.390625,3.094892870852118e-38,16.0,0.25,True,1470226800
8,6,2,0.203125,0.109375,6.924773346805482e-37,20,Simplified BARK,28,0.4375,3.094892870852118e-38,16.0,0.25,True,1470226800
8,6,2,0.203125,0.109375,6.924773346805482e-37,20,Simplified BARK,32,0.5,3.094892870852118e-38,16.0,0.25,True,1470226800
8,6,2,0.203125,0.109375,6.924773346805482e-37,20,SKQD,1,0.015625,6.9247733468054815e-37,10.0,0.15625,True,1470226800
8,6,2,0.203125,0.109375,6.924773346805482e-37,20,SKQD,2,0.03125,6.9247733468054815e-37,10.0,0.15625,True,1470226800
8,6,2,0.203125,0.109375,6.924773346805482e-37,20,SKQD,3,0.046875,6.9247733468054815e-37,10.0,0.15625,True,1470226800
8,6,2,0.203125,0.109375,6.924773346805482e-37,20,SKQD,4,0.0625,6.9247733468054815e-37,10.0,0.15625,True,1470226800
8,6,2,0.203125,0.109375,6.924773346805482e-37,20,SKQD,5,0.078125,1.4801829372647366e-35,10.0,0.15625,True,1470226800
8,6,2,0.203125,0.109375,6.924773346805482e-37,20,SKQD,6,0.09375,2.8939107425239464e-35,10.0,0.15625,True,1470226800
8,6,2,0.203125,0.109375,6.924773346805482e-37,20,SKQD,7,0.109375,2.8683121128557027e-35,10.0,0.15625,True,1470226800
8,6,2,0.203125,0.109375,6.924773346805482e-37,20,SKQD,8,0.125,3.2000154463716694e-35,10.0,0.15625,True,1470226800
8,6,2,0.203125,0.109375,6.924773346805482e-37,20,SKQD,9,0.140625,3.2000154463716694e-35,10.0,0.15625,True,1470226800
8,6,2,0.203125,0.109375,6.924773346805482e-37,20,SKQD,10,0.15625,3.1533709084767046e-35,10.0,0.15625,True,1470226800
8,6,2,0.203125,0.109375,6.924773346805482e-37,20,SKQD,11,0.171875,3.137117198943617e-35,10.0,0.15625,True,1470226800
8,6,2,0.203125,0.109375,6.924773346805482e-37,20,SKQD,12,0.1875,3.137117198943617e-35,10.0,0.15625,True,1470226800
8,6,2,0.203125,0.109375,6.924773346805482e-37,20,SKQD,14,0.21875,3.137117198943617e-35,10.0,0.15625,True,1470226800
8,6,2,0.203125,0.109375,6.924773346805482e-37,20,SKQD,16,0.25,3.137117198943617e-35,10.0,0.15625,True,1470226800
8,6,2,0.203125,0.109375,6.924773346805482e-37,20,SKQD,18,0.28125,3.137117198943617e-35,10.0,0.15625,True,1470226800
8,6,2,0.203125,0.109375,6.924773346805482e-37,20,SKQD,20,0.3125,3.137117198943617e-35,10.0,0.15625,True,1470226800
8,6,2,0.203125,0.109375,6.924773346805482e-37,20,SKQD,22,0.34375,3.137117198943617e-35,10.0,0.15625,True,1470226800
8,6,2,0.203125,0.109375,6.924773346805482e-37,20,SKQD,25,0.390625,3.137117198943617e-35,10.0,0.15625,True,1470226800
8,6,2,0.203125,0.109375,6.924773346805482e-37,20,SKQD,28,0.4375,3.137117198943617e-35,10.0,0.15625,True,1470226800
8,6,2,0.203125,0.109375,6.924773346805482e-37,20,SKQD,32,0.5,3.137117198943617e-35,10.0,0.15625,True,1470226800
8,6,2,0.203125,0.109375,6.924773346805482e-37,20,Ceiling,1,0.015625,0.7387775326842511,32.0,0.5,False,1470226800
8,6,2,0.203125,0.109375,6.924773346805482e-37,20,Ceiling,2,0.03125,0.8930923708014121,32.0,0.5,False,1470226800
8,6,2,0.203125,0.109375,6.924773346805482e-37,20,Ceiling,3,0.046875,0.9537219603959309,32.0,0.5,False,1470226800
8,6,2,0.203125,0.109375,6.924773346805482e-37,20,Ceiling,4,0.0625,0.9801613046671683,32.0,0.5,False,1470226800
8,6,2,0.203125,0.109375,6.924773346805482e-37,20,Ceiling,5,0.078125,0.9928255302147349,32.0,0.5,False,1470226800
8,6,2,0.203125,0.109375,6.924773346805482e-37,20,Ceiling,6,0.09375,0.9983481441961263,32.0,0.5,False,1470226800
8,6,2,0.203125,0.109375,6.924773346805482e-37,20,Ceiling,7,0.109375,0.9993050515738386,32.0,0.5,False,1470226800
8,6,2,0.203125,0.109375,6.924773346805482e-37,20,Ceiling,8,0.125,0.9997675002139664,32.0,0.5,False,1470226800
8,6,2,0.203125,0.109375,6.924773346805482e-37,20,Ceiling,9,0.140625,0.9998640958518705,32.0,0.5,False,1470226800
8,6,2,0.203125,0.109375,6.924773346805482e-37,20,Ceiling,10,0.15625,0.9999426268020198,32.0,0.5,False,1470226800
8,6,2,0.203125,0.109375,6.924773346805482e-37,20,Ceiling,11,0.171875,0.999976872569488,32.0,0.5,False,1470226800
8,6,2,0.203125,0.109375,6.924773346805482e-37,20,Ceiling,12,0.1875,0.9999970145590386,32.0,0.5,False,1470226800
8,6,2,0.203125,0.109375,6.924773346805482e-37,20,Ceiling,14,0.21875,0.9999993884016075,32.0,0.5,False,1470226800
8,6,2,0.203125,0.109375,6.924773346805482e-37,20,Ceiling,16,0.25,0.9999999999999998,32.0,0.5,False,1470226800
8,6,2,0.203125,0.109375,6.924773346805482e-37,20,Ceiling,18,0.28125,0.9999999999999998,32.0,0.5,False,1470226800
8,6,2,0.203125,0.109375,6.924773346805482e-37,20,Ceiling,20,0.3125,0.9999999999999998,32.0,0.5,False,1470226800
8,6,2,0.203125,0.109375,6.924773346805482e-37,20,Ceiling,22,0.34375,0.9999999999999998,32.0,0.5,False,1470226800
8,6,2,0.203125,0.109375,6.924773346805482e-37,20,Ceiling,25,0.390625,0.9999999999999998,32.0,0.5,False,1470226800
8,6,2,0.203125,0.109375,6.924773346805482e-37,20,Ceiling,28,0.4375,0.9999999999999998,32.0,0.5,False,1470226800
8,6,2,0.203125,0.109375,6.924773346805482e-37,20,Ceiling,32,0.5,0.9999999999999998,32.0,0.5,False,1470226800
8,6,3,0.5,0.15625,0.07684866180228579,22,BARK,1,0.015625,0.07684866180228579,32.0,0.5,False,2607656863
8,6,3,0.5,0.15625,0.07684866180228579,22,BARK,2,0.03125,0.7829988418971312,32.0,0.5,False,2607656863
8,6,3,0.5,0.15625,0.07684866180228579,22,BARK,3,0.046875,0.8942724976437829,32.0,0.5,False,2607656863
8,6,3,0.5,0.15625,0.07684866180228579,22,BARK,4,0.0625,0.9100421760267141,32.0,0.5,False,2607656863
8,6,3,0.5,0.15625,0.07684866180228579,22,BARK,5,0.078125,0.9254273188705362,32.0,0.5,False,2607656863
8,6,3,0.5,0.15625,0.07684866180228579,22,BARK,6,0.09375,0.9250203333349091,32.0,0.5,False,2607656863
8,6,3,0.5,0.15625,0.07684866180228579,22,BARK,7,0.109375,0.9356772368651471,32.0,0.5,False,2607656863
8,6,3,0.5,0.15625,0.07684866180228579,22,BARK,8,0.125,0.9557705498324557,32.0,0.5,False,2607656863
8,6,3,0.5,0.15625,0.07684866180228579,22,BARK,9,0.140625,0.9863202603660073,32.0,0.5,False,2607656863
8,6,3,0.5,0.15625,0.07684866180228579,22,BARK,10,0.15625,0.9877809417885142,32.0,0.5,False,2607656863
8,6,3,0.5,0.15625,0.07684866180228579,22,BARK,11,0.171875,0.9912678722900807,32.0,0.5,False,2607656863
8,6,3,0.5,0.15625,0.07684866180228579,22,BARK,12,0.1875,0.9925822966316264,32.0,0.5,False,2607656863
8,6,3,0.5,0.15625,0.07684866180228579,22,BARK,14,0.21875,0.99421800940387,32.0,0.5,False,2607656863
8,6,3,0.5,0.15625,0.07684866180228579,22,BARK,16,0.25,0.99676525890031,32.0,0.5,False,2607656863
8,6,3,0.5,0.15625,0.07684866180228579,22,BARK,18,0.28125,0.9974310676716944,32.0,0.5,False,2607656863
8,6,3,0.5,0.15625,0.07684866180228579,22,BARK,20,0.3125,0.9979707978672829,32.0,0.5,False,2607656863
8,6,3,0.5,0.15625,0.07684866180228579,22,BARK,22,0.34375,0.9987327820982984,32.0,0.5,False,2607656863
8,6,3,0.5,0.15625,0.07684866180228579,22,BARK,25,0.390625,0.9992749561590119,32.0,0.5,False,2607656863
8,6,3,0.5,0.15625,0.07684866180228579,22,BARK,28,0.4375,0.9998882856424295,32.0,0.5,False,2607656863
8,6,3,0.5,0.15625,0.07684866180228579,22,BARK,32,0.5,1.0,32.0,0.5,False,2607656863
8,6,3,0.5,0.15625,0.07684866180228579,22,Simplified BARK,1,0.015625,0.07684866180228579,32.0,0.5,False,2607656863
8,6,3,0.5,0.15625,0.07684866180228579,22,Simplified BARK,2,0.03125,0.060465505350334306,32.0,0.5,False,2607656863
8,6,3,0.5,0.15625,0.07684866180228579,22,Simplified BARK,3,0.046875,0.03562231512044909,32.0,0.5,False,2607656863
8,6,3,0.5,0.15625,0.07684866180228579,22,Simplified BARK,4,0.0625,0.013952822220946022,32.0,0.5,False,2607656863
8,6,3,0.5,0.15625,0.07684866180228579,22,Simplified BARK,5,0.078125,0.0302201175108575,32.0,0.5,False,2607656863
8,6,3,0.5,0.15625,0.07684866180228579,22,Simplified BARK,6,0.09375,0.9397911209776889,32.0,0.5,False,2607656863
8,6,3,0.5,0.15625,0.07684866180228579,22,Simplified BARK,7,0.109375,0.938110360550783,32.0,0.5,False,2607656863
8,6,3,0.5,0.15625,0.07684866180228579,22,Simplified BARK,8,0.125,0.9375126348294691,32.0,0.5,False,2607656863
8,6,3,0.5,0.15625,0.07684866180228579,22,Simplified BARK,9,0.140625,0.9376634531298184,32.0,0.5,False,2607656863
8,6,3,0.5,0.15625,0.07684866180228579,22,Simplified BARK,10,0.15625,0.9375166535751019,32.0,0.5,False,2607656863
8,6,3,0.5,0.15625,0.07684866180228579,22,Simplified BARK,11,0.171875,0.9375138014905312,32.0,0.5,False,2607656863
8,6,3,0.5,0.15625,0.07684866180228579,22,Simplified BARK,12,0.1875,0.9383274088999077,32.0,0.5,False,2607656863
8,6,3,0.5,0.15625,0.07684866180228579,22,Simplified BARK,14,0.21875,0.9498134411461692,32.0,0.5,False,2607656863
8,6,3,0.5,0.15625,0.07684866180228579,22,Simplified BARK,16,0.25,0.9759099189832232,32.0,0.5,False,2607656863
8,6,3,0.5,0.15625,0.07684866180228579,22,Simplified BARK,18,0.28125,0.9807423225332106,32.0,0.5,False,2607656863
8,6,3,0.5,0.15625,0.07684866180228579,22,Simplified BARK,20,0.3125,0.9818842580851869,32.0,0.5,False,2607656863
8,6,3,0.5,0.15625,0.07684866180228579,22,Simplified BARK,22,0.34375,0.9830187950824354,32.0,0.5,False,2607656863
8,6,3,0.5,0.15625,0.07684866180228579,22,Simplified BARK,25,0.390625,0.9990113365453138,32.0,0.5,False,2607656863
8,6,3,0.5,0.15625,0.07684866180228579,22,Simplified BARK,28,0.4375,0.9996782013091301,32.0,0.5,False,2607656863
8,6,3,0.5,0.15625,0.07684866180228579,22,Simplified BARK,32,0.5,0.9999999999999998,32.0,0.5,False,2607656863
8,6,3,0.5,0.15625,0.07684866180228579,22,SKQD,1,0.015625,0.07684866180228579,27.333333333333332,0.4270833333333333,True,2607656863
8,6,3,0.5,0.15625,0.07684866180228579,22,SKQD,2,0.03125,0.07684866180228579,27.333333333333332,0.4270833333333333,True,2607656863
8,6,3,0.5,0.15625,0.07684866180228579,22,SKQD,3,0.046875,0.07684866180228579,27.333333333333332,0.4270833333333333,True,2607656863
8,6,3,0.5,0.15625,0.07684866180228579,22,SKQD,4,0.0625,0.07684866180228579,27.333333333333332,0.4270833333333333,True,2607656863
8,6,3,0.5,0.15625,0.07684866180228579,22,SKQD,5,0.078125,0.07684866180228579,27.333333333333332,0.4270833333333333,True,2607656863
8,6,3,0.5,0.15625,0.07684866180228579,22,SKQD,6,0.09375,0.07684866180228579,27.333333333333332,0.4270833333333333,True,2607656863
8,6,3,0.5,0.15625,0.07684866180228579,22,SKQD,7,0.109375,0.07684866180228579,27.333333333333332,0.4270833333333333,True,2607656863
8,6,3,0.5,0.15625,0.07684866180228579,22,SKQD,8,0.125,0.07684866180228579,27.333333333333332,0.4270833333333333,True,2607656863
8,6,3,0.5,0.15625,0.07684866180228579,22,SKQD,9,0.140625,0.07684866180228579,27.333333333333332,0.4270833333333333,True,2607656863
8,6,3,0.5,0.15625,0.07684866180228579,22,SKQD,10,0.15625,0.07684866180228579,27.333333333333332,0.4270833333333333,True,2607656863
8,6,3,0.5,0.15625,0.07684866180228579,22,SKQD,11,0.171875,0.07684866180228579,27.333333333333332,0.4270833333333333,True,2607656863
8,6,3,0.5,0.15625,0.07684866180228579,22,SKQD,12,0.1875,0.07684866180228579,27.333333333333332,0.4270833333333333,True,2607656863
8,6,3,0.5,0.15625,0.07684866180228579,22,SKQD,14,0.21875,0.07684866180228579,27.333333333333332,0.4270833333333333,True,2607656863
8,6,3,0.5,0.15625,0.07684866180228579,22,SKQD,16,0.25,0.3163879257049876,27.333333333333332,0.4270833333333333,True,2607656863
8,6,3,0.5,0.15625,0.07684866180228579,22,SKQD,18,0.28125,0.8357971568969543,27.333333333333332,0.4270833333333333,True,2607656863
8,6,3,0.5,0.15625,0.07684866180228579,22,SKQD,20,0.3125,0.8357971568969543,27.333333333333332,0.4270833333333333,True,2607656863
8,6,3,0.5,0.15625,0.07684866180228579,22,SKQD,22,0.34375,0.909255759099668,27.333333333333332,0.4270833333333333,True,2607656863
8,6,3,0.5,0.15625,0.07684866180228579,22,SKQD,25,0.390625,0.9911565551438857,27.333333333333332,0.4270833333333333,True,2607656863
8,6,3,0.5,0.15625,0.07684866180228579,22,SKQD,28,0.4375,0.999294426663618,27.333333333333332,0.4270833333333333,True,2607656863
8,6,3,0.5,0.15625,0.07684866180228579,22,SKQD,32,0.5,0.9994056531460845,27.333333333333332,0.4270833333333333,True,2607656863
8,6,3,0.5,0.15625,0.07684866180228579,22,Ceiling,1,0.015625,0.7065200370065877,32.0,0.5,False,2607656863
8,6,3,0.5,0.15625,0.07684866180228579,22,Ceiling,2,0.03125,0.8270152747160285,32.0,0.5,False,2607656863
8,6,3,0.5,0.15625,0.07684866180228579,22,Ceiling,3,0.046875,0.9038639365183143,32.0,0.5,False,2607656863
8,6,3,0.5,0.15625,0.07684866180228579,22,Ceiling,4,0.0625,0.9307277480228252,32.0,0.5,False,2607656863
8,6,3,0.5,0.15625,0.07684866180228579,22,Ceiling,5,0.078125,0.9499497918403983,32.0,0.5,False,2607656863
8,6,3,0.5,0.15625,0.07684866180228579,22,Ceiling,6,0.09375,0.9631216893651309,32.0,0.5,False,2607656863
8,6,3,0.5,0.15625,0.07684866180228579,22,Ceiling,7,0.109375,0.9758899613127242,32.0,0.5,False,2607656863
8,6,3,0.5,0.15625,0.07684866180228579,22,Ceiling,8,0.125,0.9869445690560243,32.0,0.5,False,2607656863
8,6,3,0.5,0.15625,0.07684866180228579,22,Ceiling,9,0.140625,0.9905308989943676,32.0,0.5,False,2607656863
8,6,3,0.5,0.15625,0.07684866180228579,22,Ceiling,10,0.15625,0.9924749252308138,32.0,0.5,False,2607656863
8,6,3,0.5,0.15625,0.07684866180228579,22,Ceiling,11,0.171875,0.9940110289976148,32.0,0.5,False,2607656863
8,6,3,0.5,0.15625,0.07684866180228579,22,Ceiling,12,0.1875,0.9952023064583166,32.0,0.5,False,2607656863
8,6,3,0.5,0.15625,0.07684866180228579,22,Ceiling,14,0.21875,0.9969322297122296,32.0,0.5,False,2607656863
8,6,3,0.5,0.15625,0.07684866180228579,22,Ceiling,16,0.25,0.9977625967015168,32.0,0.5,False,2607656863
8,6,3,0.5,0.15625,0.07684866180228579,22,Ceiling,18,0.28125,0.9984365277068229,32.0,0.5,False,2607656863
8,6,3,0.5,0.15625,0.07684866180228579,22,Ceiling,20,0.3125,0.9989614421731056,32.0,0.5,False,2607656863
8,6,3,0.5,0.15625,0.07684866180228579,22,Ceiling,22,0.34375,0.9993430775680932,32.0,0.5,False,2607656863
8,6,3,0.5,0.15625,0.07684866180228579,22,Ceiling,25,0.390625,0.9997679010086772,32.0,0.5,False,2607656863
8,6,3,0.5,0.15625,0.07684866180228579,22,Ceiling,28,0.4375,0.9999402158293235,32.0,0.5,False,2607656863
8,6,3,0.5,0.15625,0.07684866180228579,22,Ceiling,32,0.5,1.0,32.0,0.5,False,2607656863
8,6,3,0.5,0.15625,0.12049523770944082,62,BARK,1,0.015625,0.12049523770944082,32.0,0.5,False,2607656863
8,6,3,0.5,0.15625,0.12049523770944082,62,BARK,2,0.03125,0.8200066899034256,32.0,0.5,False,2607656863
8,6,3,0.5,0.15625,0.12049523770944082,62,BARK,3,0.046875,0.8942724976437827,32.0,0.5,False,2607656863
8,6,3,0.5,0.15625,0.12049523770944082,62,BARK,4,0.0625,0.9246118697906128,32.0,0.5,False,2607656863
8,6,3,0.5,0.15625,0.12049523770944082,62,BARK,5,0.078125,0.9446762614686917,32.0,0.5,False,2607656863
8,6,3,0.5,0.15625,0.12049523770944082,62,BARK,6,0.09375,0.9584610422057518,32.0,0.5,False,2607656863
8,6,3,0.5,0.15625,0.12049523770944082,62,BARK,7,0.109375,0.9572118414021715,32.0,0.5,False,2607656863
8,6,3,0.5,0.15625,0.12049523770944082,62,BARK,8,0.125,0.972889611538965,32.0,0.5,False,2607656863
8,6,3,0.5,0.15625,0.12049523770944082,62,BARK,9,0.140625,0.9863202603660068,32.0,0.5,False,2607656863
8,6,3,0.5,0.15625,0.12049523770944082,62,BARK,10,0.15625,0.9877809417885135,32.0,0.5,False,2607656863
8,6,3,0.5,0.15625,0.12049523770944082,62,BARK,11,0.171875,0.9912678722900805,32.0,0.5,False,2607656863
8,6,3,0.5,0.15625,0.12049523770944082,62,BARK,12,0.1875,0.992582296631626,32.0,0.5,False,2607656863
8,6,3,0.5,0.15625,0.12049523770944082,62,BARK,14,0.21875,0.99421800940387,32.0,0.5,False,2607656863
8,6,3,0.5,0.15625,0.12049523770944082,62,BARK,16,0.25,0.99676525890031,32.0,0.5,False,2607656863
8,6,3,0.5,0.15625,0.12049523770944082,62,BARK,18,0.28125,0.9974310676716949,32.0,0.5,False,2607656863
8,6,3,0.5,0.15625,0.12049523770944082,62,BARK,20,0.3125,0.9979707978672827,32.0,0.5,False,2607656863
8,6,3,0.5,0.15625,0.12049523770944082,62,BARK,22,0.34375,0.9987327820982986,32.0,0.5,False,2607656863
8,6,3,0.5,0.15625,0.12049523770944082,62,BARK,25,0.390625,0.999274956159013,32.0,0.5,False,2607656863
8,6,3,0.5,0.15625,0.12049523770944082,62,BARK,28,0.4375,0.9998882856424284,32.0,0.5,False,2607656863
8,6,3,0.5,0.15625,0.12049523770944082,62,BARK,32,0.5,0.9999999999999993,32.0,0.5,False,2607656863
8,6,3,0.5,0.15625,0.12049523770944082,62,Simplified BARK,1,0.015625,0.12049523770944082,32.0,0.5,False,2607656863
8,6,3,0.5,0.15625,0.12049523770944082,62,Simplified BARK,2,0.03125,0.13045036311649066,32.0,0.5,False,2607656863
8,6,3,0.5,0.15625,0.12049523770944082,62,Simplified BARK,3,0.046875,0.8467201865464002,32.0,0.5,False,2607656863
8,6,3,0.5,0.15625,0.12049523770944082,62,Simplified BARK,4,0.0625,0.8621149284624199,32.0,0.5,False,2607656863
8,6,3,0.5,0.15625,0.12049523770944082,62,Simplified BARK,5,0.078125,0.8584075422501818,32.0,0.5,False,2607656863
8,6,3,0.5,0.15625,0.12049523770944082,62,Simplified BARK,6,0.09375,0.9397911209776889,32.0,0.5,False,2607656863
8,6,3,0.5,0.15625,0.12049523770944082,62,Simplified BARK,7,0.109375,0.9381103605507821,32.0,0.5,False,2607656863
8,6,3,0.5,0.15625,0.12049523770944082,62,Simplified BARK,8,0.125,0.9375126348294691,32.0,0.5,False,2607656863
8,6,3,0.5,0.15625,0.12049523770944082,62,Simplified BARK,9,0.140625,0.9376634531298181,32.0,0.5,False,2607656863
8,6,3,0.5,0.15625,0.12049523770944082,62,Simplified BARK,10,0.15625,0.9375166535751022,32.0,0.5,False,2607656863
8,6,3,0.5,0.15625,0.12049523770944082,62,Simplified BARK,11,0.171875,0.937513801490531,32.0,0.5,False,2607656863
8,6,3,0.5,0.15625,0.12049523770944082,62,Simplified BARK,12,0.1875,0.9383274088999075,32.0,0.5,False,2607656863
8,6,3,0.5,0.15625,0.12049523770944082,62,Simplified BARK,14,0.21875,0.9498134411461684,32.0,0.5,False,2607656863
8,6,3,0.5,0.15625,0.12049523770944082,62,Simplified BARK,16,0.25,0.9759099189832234,32.0,0.5,False,2607656863
8,6,3,0.5,0.15625,0.12049523770944082,62,Simplified BARK,18,0.28125,0.980742322533211,32.0,0.5,False,2607656863
8,6,3,0.5,0.15625,0.12049523770944082,62,Simplified BARK,20,0.3125,0.9818842580851866,32.0,0.5,False,2607656863
8,6,3,0.5,0.15625,0.12049523770944082,62,Simplified BARK,22,0.34375,0.9830187950824358,32.0,0.5,False,2607656863
8,6,3,0.5,0.15625,0.12049523770944082,62,Simplified BARK,25,0.390625,0.9990113365453136,32.0,0.5,False,2607656863
8,6,3,0.5,0.15625,0.12049523770944082,62,Simplified BARK,28,0.4375,0.9996782013091305,32.0,0.5,False,2607656863
8,6,3,0.5,0.15625,0.12049523770944082,62,Simplified BARK,32,0.5,0.9999999999999996,32.0,0.5,False,2607656863
8,6,3,0.5,0.15625,0.12049523770944082,62,SKQD,1,0.015625,0.12049523770944082,29.666666666666668,0.4635416666666667,True,2607656863
8,6,3,0.5,0.15625,0.12049523770944082,62,SKQD,2,0.03125,0.12049523770944082,29.666666666666668,0.4635416666666667,True,2607656863
8,6,3,0.5,0.15625,0.12049523770944082,62,SKQD,3,0.046875,0.12049523770944082,29.666666666666668,0.4635416666666667,True,2607656863
8,6,3,0.5,0.15625,0.12049523770944082,62,SKQD,4,0.0625,0.12049523770944082,29.666666666666668,0.4635416666666667,True,2607656863
8,6,3,0.5,0.15625,0.12049523770944082,62,SKQD,5,0.078125,0.12049523770944082,29.666666666666668,0.4635416666666667,True,2607656863
8,6,3,0.5,0.15625,0.12049523770944082,62,SKQD,6,0.09375,0.12049523770944082,29.666666666666668,0.4635416666666667,True,2607656863
8,6,3,0.5,0.15625,0.12049523770944082,62,SKQD,7,0.109375,0.12049523770944082,29.666666666666668,0.4635416666666667,True,2607656863
8,6,3,0.5,0.15625,0.12049523770944082,62,SKQD,8,0.125,0.12049523770944082,29.666666666666668,0.4635416666666667,True,2607656863
8,6,3,0.5,0.15625,0.12049523770944082,62,SKQD,9,0.140625,0.12049523770944082,29.666666666666668,0.4635416666666667,True,2607656863
8,6,3,0.5,0.15625,0.12049523770944082,62,SKQD,10,0.15625,0.12049523770944082,29.666666666666668,0.4635416666666667,True,2607656863
8,6,3,0.5,0.15625,0.12049523770944082,62,SKQD,11,0.171875,0.12049523770944082,29.666666666666668,0.4635416666666667,True,2607656863
8,6,3,0.5,0.15625,0.12049523770944082,62,SKQD,12,0.1875,0.12049523770944082,29.666666666666668,0.4635416666666667,True,2607656863
8,6,3,0.5,0.15625,0.12049523770944082,62,SKQD,14,0.21875,0.12049523770944082,29.666666666666668,0.4635416666666667,True,2607656863
8,6,3,0.5,0.15625,0.12049523770944082,62,SKQD,16,0.25,0.12049523770944082,29.666666666666668,0.4635416666666667,True,2607656863
8,6,3,0.5,0.15625,0.12049523770944082,62,SKQD,18,0.28125,0.40573422612640225,29.666666666666668,0.4635416666666667,True,2607656863
8,6,3,0.5,0.15625,0.12049523770944082,62,SKQD,20,0.3125,0.40573422612640225,29.666666666666668,0.4635416666666667,True,2607656863
8,6,3,0.5,0.15625,0.12049523770944082,62,SKQD,22,0.34375,0.693958509707682,29.666666666666668,0.4635416666666667,True,2607656863
8,6,3,0.5,0.15625,0.12049523770944082,62,SKQD,25,0.390625,0.9821368375907147,29.666666666666668,0.4635416666666667,True,2607656863
8,6,3,0.5,0.15625,0.12049523770944082,62,SKQD,28,0.4375,0.9948323705945482,29.666666666666668,0.4635416666666667,True,2607656863
8,6,3,0.5,0.15625,0.12049523770944082,62,SKQD,32,0.5,0.9997129516460516,29.666666666666668,0.4635416666666667,True,2607656863
8,6,3,0.5,0.15625,0.12049523770944082,62,Ceiling,1,0.015625,0.7065200370065877,32.0,0.5,False,2607656863
8,6,3,0.5,0.15625,0.12049523770944082,62,Ceiling,2,0.03125,0.8270152747160285,32.0,0.5,False,2607656863
8,6,3,0.5,0.15625,0.12049523770944082,62,Ceiling,3,0.046875,0.9038639365183143,32.0,0.5,False,2607656863
8,6,3,0.5,0.15625,0.12049523770944082,62,Ceiling,4,0.0625,0.9307277480228252,32.0,0.5,False,2607656863
8,6,3,0.5,0.15625,0.12049523770944082,62,Ceiling,5,0.078125,0.9499497918403983,32.0,0.5,False,2607656863
8,6,3,0.5,0.15625,0.12049523770944082,62,Ceiling,6,0.09375,0.9631216893651309,32.0,0.5,False,2607656863
8,6,3,0.5,0.15625,0.12049523770944082,62,Ceiling,7,0.109375,0.9758899613127242,32.0,0.5,False,2607656863
8,6,3,0.5,0.15625,0.12049523770944082,62,Ceiling,8,0.125,0.9869445690560243,32.0,0.5,False,2607656863
8,6,3,0.5,0.15625,0.12049523770944082,62,Ceiling,9,0.140625,0.9905308989943676,32.0,0.5,False,2607656863
8,6,3,0.5,0.15625,0.12049523770944082,62,Ceiling,10,0.15625,0.9924749252308138,32.0,0.5,False,2607656863
8,6,3,0.5,0.15625,0.12049523770944082,62,Ceiling,11,0.171875,0.9940110289976148,32.0,0.5,False,2607656863
8,6,3,0.5,0.15625,0.12049523770944082,62,Ceiling,12,0.1875,0.9952023064583166,32.0,0.5,False,2607656863
8,6,3,0.5,0.15625,0.12049523770944082,62,Ceiling,14,0.21875,0.9969322297122296,32.0,0.5,False,2607656863
8,6,3,0.5,0.15625,0.12049523770944082,62,Ceiling,16,0.25,0.9977625967015168,32.0,0.5,False,2607656863
8,6,3,0.5,0.15625,0.12049523770944082,62,Ceiling,18,0.28125,0.9984365277068229,32.0,0.5,False,2607656863
8,6,3,0.5,0.15625,0.12049523770944082,62,Ceiling,20,0.3125,0.9989614421731056,32.0,0.5,False,2607656863
8,6,3,0.5,0.15625,0.12049523770944082,62,Ceiling,22,0.34375,0.9993430775680932,32.0,0.5,False,2607656863
8,6,3,0.5,0.15625,0.12049523770944082,62,Ceiling,25,0.390625,0.9997679010086772,32.0,0.5,False,2607656863
8,6,3,0.5,0.15625,0.12049523770944082,62,Ceiling,28,0.4375,0.9999402158293235,32.0,0.5,False,2607656863
8,6,3,0.5,0.15625,0.12049523770944082,62,Ceiling,32,0.5,1.0,32.0,0.5,False,2607656863
8,6,3,0.5,0.15625,0.7065200370065877,28,BARK,1,0.015625,0.7065200370065877,32.0,0.5,False,2607656863
8,6,3,0.5,0.15625,0.7065200370065877,28,BARK,2,0.03125,0.8200066899034256,32.0,0.5,False,2607656863
8,6,3,0.5,0.15625,0.7065200370065877,28,BARK,3,0.046875,0.8357333475680616,32.0,0.5,False,2607656863
8,6,3,0.5,0.15625,0.7065200370065877,28,BARK,4,0.0625,0.8508711812486794,32.0,0.5,False,2607656863
8,6,3,0.5,0.15625,0.7065200370065877,28,BARK,5,0.078125,0.8481435549827279,32.0,0.5,False,2607656863
8,6,3,0.5,0.15625,0.7065200370065877,28,BARK,6,0.09375,0.9250681380399287,32.0,0.5,False,2607656863
8,6,3,0.5,0.15625,0.7065200370065877,28,BARK,7,0.109375,0.9539095651580347,32.0,0.5,False,2607656863
8,6,3,0.5,0.15625,0.7065200370065877,28,BARK,8,0.125,0.9733354965190615,32.0,0.5,False,2607656863
8,6,3,0.5,0.15625,0.7065200370065877,28,BARK,9,0.140625,0.9860219094906975,32.0,0.5,False,2607656863
8,6,3,0.5,0.15625,0.7065200370065877,28,BARK,10,0.15625,0.9872120396470148,32.0,0.5,False,2607656863
8,6,3,0.5,0.15625,0.7065200370065877,28,BARK,11,0.171875,0.991230184776614,32.0,0.5,False,2607656863
8,6,3,0.5,0.15625,0.7065200370065877,28,BARK,12,0.1875,0.992651968631228,32.0,0.5,False,2607656863
8,6,3,0.5,0.15625,0.7065200370065877,28,BARK,14,0.21875,0.9943556645905833,32.0,0.5,False,2607656863
8,6,3,0.5,0.15625,0.7065200370065877,28,BARK,16,0.25,0.9969362838164664,32.0,0.5,False,2607656863
8,6,3,0.5,0.15625,0.7065200370065877,28,BARK,18,0.28125,0.9974815676237054,32.0,0.5,False,2607656863
8,6,3,0.5,0.15625,0.7065200370065877,28,BARK,20,0.3125,0.9980994735446179,32.0,0.5,False,2607656863
8,6,3,0.5,0.15625,0.7065200370065877,28,BARK,22,0.34375,0.99847696111884,32.0,0.5,False,2607656863
8,6,3,0.5,0.15625,0.7065200370065877,28,BARK,25,0.390625,0.9992749561590121,32.0,0.5,False,2607656863
8,6,3,0.5,0.15625,0.7065200370065877,28,BARK,28,0.4375,0.9998957034975287,32.0,0.5,False,2607656863
8,6,3,0.5,0.15625,0.7065200370065877,28,BARK,32,0.5,1.0,32.0,0.5,False,2607656863
8,6,3,0.5,0.15625,0.7065200370065877,28,Simplified BARK,1,0.015625,0.7065200370065877,32.0,0.5,False,2607656863
8,6,3,0.5,0.15625,0.7065200370065877,28,Simplified BARK,2,0.03125,0.8200066899034256,32.0,0.5,False,2607656863
8,6,3,0.5,0.15625,0.7065200370065877,28,Simplified BARK,3,0.046875,0.8467201865464002,32.0,0.5,False,2607656863
8,6,3,0.5,0.15625,0.7065200370065877,28,Simplified BARK,4,0.0625,0.8621149284624195,32.0,0.5,False,2607656863
8,6,3,0.5,0.15625,0.7065200370065877,28,Simplified BARK,5,0.078125,0.8584075422501818,32.0,0.5,False,2607656863
8,6,3,0.5,0.15625,0.7065200370065877,28,Simplified BARK,6,0.09375,0.9397911209776885,32.0,0.5,False,2607656863
8,6,3,0.5,0.15625,0.7065200370065877,28,Simplified BARK,7,0.109375,0.9381103605507823,32.0,0.5,False,2607656863
8,6,3,0.5,0.15625,0.7065200370065877,28,Simplified BARK,8,0.125,0.9375126348294687,32.0,0.5,False,2607656863
8,6,3,0.5,0.15625,0.7065200370065877,28,Simplified BARK,9,0.140625,0.9376634531298184,32.0,0.5,False,2607656863
8,6,3,0.5,0.15625,0.7065200370065877,28,Simplified BARK,10,0.15625,0.9375166535751022,32.0,0.5,False,2607656863
8,6,3,0.5,0.15625,0.7065200370065877,28,Simplified BARK,11,0.171875,0.9375138014905303,32.0,0.5,False,2607656863
8,6,3,0.5,0.15625,0.7065200370065877,28,Simplified BARK,12,0.1875,0.9383274088999075,32.0,0.5,False,2607656863
8,6,3,0.5,0.15625,0.7065200370065877,28,Simplified BARK,14,0.21875,0.9498134411461687,32.0,0.5,False,2607656863
8,6,3,0.5,0.15625,0.7065200370065877,28,Simplified BARK,16,0.25,0.9759099189832234,32.0,0.5,False,2607656863
8,6,3,0.5,0.15625,0.7065200370065877,28,Simplified BARK,18,0.28125,0.9807423225332108,32.0,0.5,False,2607656863
8,6,3,0.5,0.15625,0.7065200370065877,28,Simplified BARK,20,0.3125,0.9818842580851864,32.0,0.5,False,2607656863
8,6,3,0.5,0.15625,0.7065200370065877,28,Simplified BARK,22,0.34375,0.9830187950824354,32.0,0.5,False,2607656863
8,6,3,0.5,0.15625,0.7065200370065877,28,Simplified BARK,25,0.390625,0.9990113365453134,32.0,0.5,False,2607656863
8,6,3,0.5,0.15625,0.7065200370065877,28,Simplified BARK,28,0.4375,0.9996782013091305,32.0,0.5,False,2607656863
8,6,3,0.5,0.15625,0.7065200370065877,28,Simplified BARK,32,0.5,1.0,32.0,0.5,False,2607656863
8,6,3,0.5,0.15625,0.7065200370065877,28,SKQD,1,0.015625,0.7065200370065877,22.666666666666668,0.3541666666666667,True,2607656863
8,6,3,0.5,0.15625,0.7065200370065877,28,SKQD,2,0.03125,0.7065200370065877,22.666666666666668,0.3541666666666667,True,2607656863
8,6,3,0.5,0.15625,0.7065200370065877,28,SKQD,3,0.046875,0.7065200370065877,22.666666666666668,0.3541666666666667,True,2607656863
8,6,3,0.5,0.15625,0.7065200370065877,28,SKQD,4,0.0625,0.7065200370065877,22.666666666666668,0.3541666666666667,True,2607656863
8,6,3,0.5,0.15625,0.7065200370065877,28,SKQD,5,0.078125,0.7065200370065877,22.666666666666668,0.3541666666666667,True,2607656863
8,6,3,0.5,0.15625,0.7065200370065877,28,SKQD,6,0.09375,0.7065200370065877,22.666666666666668,0.3541666666666667,True,2607656863
8,6,3,0.5,0.15625,0.7065200370065877,28,SKQD,7,0.109375,0.7065200370065877,22.666666666666668,0.3541666666666667,True,2607656863
8,6,3,0.5,0.15625,0.7065200370065877,28,SKQD,8,0.125,0.7065200370065877,22.666666666666668,0.3541666666666667,True,2607656863
8,6,3,0.5,0.15625,0.7065200370065877,28,SKQD,9,0.140625,0.7065200370065877,22.666666666666668,0.3541666666666667,True,2607656863
8,6,3,0.5,0.15625,0.7065200370065877,28,SKQD,10,0.15625,0.7065200370065877,22.666666666666668,0.3541666666666667,True,2607656863
8,6,3,0.5,0.15625,0.7065200370065877,28,SKQD,11,0.171875,0.7901648862629442,22.666666666666668,0.3541666666666667,True,2607656863
8,6,3,0.5,0.15625,0.7065200370065877,28,SKQD,12,0.1875,0.9650782049295191,22.666666666666668,0.3541666666666667,True,2607656863
8,6,3,0.5,0.15625,0.7065200370065877,28,SKQD,14,0.21875,0.9650782049295191,22.666666666666668,0.3541666666666667,True,2607656863
8,6,3,0.5,0.15625,0.7065200370065877,28,SKQD,16,0.25,0.9853576207641085,22.666666666666668,0.3541666666666667,True,2607656863
8,6,3,0.5,0.15625,0.7065200370065877,28,SKQD,18,0.28125,0.9959215839352114,22.666666666666668,0.3541666666666667,True,2607656863
8,6,3,0.5,0.15625,0.7065200370065877,28,SKQD,20,0.3125,0.9972997686129058,22.666666666666668,0.3541666666666667,True,2607656863
8,6,3,0.5,0.15625,0.7065200370065877,28,SKQD,22,0.34375,0.9980074787288743,22.666666666666668,0.3541666666666667,True,2607656863
8,6,3,0.5,0.15625,0.7065200370065877,28,SKQD,25,0.390625,0.9984276343385928,22.666666666666668,0.3541666666666667,True,2607656863
8,6,3,0.5,0.15625,0.7065200370065877,28,SKQD,28,0.4375,0.9984276343385928,22.666666666666668,0.3541666666666667,True,2607656863
8,6,3,0.5,0.15625,0.7065200370065877,28,SKQD,32,0.5,0.9984276343385928,22.666666666666668,0.3541666666666667,True,2607656863
8,6,3,0.5,0.15625,0.7065200370065877,28,Ceiling,1,0.015625,0.7065200370065877,32.0,0.5,False,2607656863
8,6,3,0.5,0.15625,0.7065200370065877,28,Ceiling,2,0.03125,0.8270152747160285,32.0,0.5,False,2607656863
8,6,3,0.5,0.15625,0.7065200370065877,28,Ceiling,3,0.046875,0.9038639365183143,32.0,0.5,False,2607656863
8,6,3,0.5,0.15625,0.7065200370065877,28,Ceiling,4,0.0625,0.9307277480228252,32.0,0.5,False,2607656863
8,6,3,0.5,0.15625,0.7065200370065877,28,Ceiling,5,0.078125,0.9499497918403983,32.0,0.5,False,2607656863
8,6,3,0.5,0.15625,0.7065200370065877,28,Ceiling,6,0.09375,0.9631216893651309,32.0,0.5,False,2607656863
8,6,3,0.5,0.15625,0.7065200370065877,28,Ceiling,7,0.109375,0.9758899613127242,32.0,0.5,False,2607656863
8,6,3,0.5,0.15625,0.7065200370065877,28,Ceiling,8,0.125,0.9869445690560243,32.0,0.5,False,2607656863
8,6,3,0.5,0.15625,0.7065200370065877,28,Ceiling,9,0.140625,0.9905308989943676,32.0,0.5,False,2607656863
8,6,3,0.5,0.15625,0.7065200370065877,28,Ceiling,10,0.15625,0.9924749252308138,32.0,0.5,False,2607656863
8,6,3,0.5,0.15625,0.7065200370065877,28,Ceiling,11,0.171875,0.9940110289976148,32.0,0.5,False,2607656863
8,6,3,0.5,0.15625,0.7065200370065877,28,Ceiling,12,0.1875,0.9952023064583166,32.0,0.5,False,2607656863
8,6,3,0.5,0.15625,0.7065200370065877,28,Ceiling,14,0.21875,0.9969322297122296,32.0,0.5,False,2607656863
8,6,3,0.5,0.15625,0.7065200370065877,28,Ceiling,16,0.25,0.9977625967015168,32.0,0.5,False,2607656863
8,6,3,0.5,0.15625,0.7065200370065877,28,Ceiling,18,0.28125,0.9984365277068229,32.0,0.5,False,2607656863
8,6,3,0.5,0.15625,0.7065200370065877,28,Ceiling,20,0.3125,0.9989614421731056,32.0,0.5,False,2607656863
8,6,3,0.5,0.15625,0.7065200370065877,28,Ceiling,22,0.34375,0.9993430775680932,32.0,0.5,False,2607656863
8,6,3,0.5,0.15625,0.7065200370065877,28,Ceiling,25,0.390625,0.9997679010086772,32.0,0.5,False,2607656863
8,6,3,0.5,0.15625,0.7065200370065877,28,Ceiling,28,0.4375,0.9999402158293235,32.0,0.5,False,2607656863
8,6,3,0.5,0.15625,0.7065200370065877,28,Ceiling,32,0.5,1.0,32.0,0.5,False,2607656863
8,6,3,0.5,0.15625,3.5999514493932555e-38,63,BARK,1,0.015625,3.5999514493932555e-38,32.0,0.5,False,2607656863
8,6,3,0.5,0.15625,3.5999514493932555e-38,63,BARK,2,0.03125,6.517255962800928e-33,32.0,0.5,False,2607656863
8,6,3,0.5,0.15625,3.5999514493932555e-38,63,BARK,3,0.046875,3.764375781023704e-33,32.0,0.5,False,2607656863
8,6,3,0.5,0.15625,3.5999514493932555e-38,63,BARK,4,0.0625,3.5327650640018535e-33,32.0,0.5,False,2607656863
8,6,3,0.5,0.15625,3.5999514493932555e-38,63,BARK,5,0.078125,1.2757318874118554e-33,32.0,0.5,False,2607656863
8,6,3,0.5,0.15625,3.5999514493932555e-38,63,BARK,6,0.09375,1.2090380472341886e-33,32.0,0.5,False,2607656863
8,6,3,0.5,0.15625,3.5999514493932555e-38,63,BARK,7,0.109375,1.0404544017321998e-33,32.0,0.5,False,2607656863
8,6,3,0.5,0.15625,3.5999514493932555e-38,63,BARK,8,0.125,6.532935216902574e-34,32.0,0.5,False,2607656863
8,6,3,0.5,0.15625,3.5999514493932555e-38,63,BARK,9,0.140625,5.21250263692253e-34,32.0,0.5,False,2607656863
8,6,3,0.5,0.15625,3.5999514493932555e-38,63,BARK,10,0.15625,4.315644150053103e-34,32.0,0.5,False,2607656863
8,6,3,0.5,0.15625,3.5999514493932555e-38,63,BARK,11,0.171875,4.305650412848237e-34,32.0,0.5,False,2607656863
8,6,3,0.5,0.15625,3.5999514493932555e-38,63,BARK,12,0.1875,4.311012381177531e-34,32.0,0.5,False,2607656863
8,6,3,0.5,0.15625,3.5999514493932555e-38,63,BARK,14,0.21875,3.6378518030754303e-34,32.0,0.5,False,2607656863
8,6,3,0.5,0.15625,3.5999514493932555e-38,63,BARK,16,0.25,5.560462973338949e-34,32.0,0.5,False,2607656863
8,6,3,0.5,0.15625,3.5999514493932555e-38,63,BARK,18,0.28125,5.13873325655679e-34,32.0,0.5,False,2607656863
8,6,3,0.5,0.15625,3.5999514493932555e-38,63,BARK,20,0.3125,5.41782474235776e-34,32.0,0.5,False,2607656863
8,6,3,0.5,0.15625,3.5999514493932555e-38,63,BARK,22,0.34375,5.284043858328138e-34,32.0,0.5,False,2607656863
8,6,3,0.5,0.15625,3.5999514493932555e-38,63,BARK,25,0.390625,5.057304091810813e-34,32.0,0.5,False,2607656863
8,6,3,0.5,0.15625,3.5999514493932555e-38,63,BARK,28,0.4375,5.48872259243282e-34,32.0,0.5,False,2607656863
8,6,3,0.5,0.15625,3.5999514493932555e-38,63,BARK,32,0.5,5.1898979210717265e-34,32.0,0.5,False,2607656863
8,6,3,0.5,0.15625,3.5999514493932555e-38,63,Simplified BARK,1,0.015625,3.5999514493932555e-38,32.0,0.5,False,2607656863
8,6,3,0.5,0.15625,3.5999514493932555e-38,63,Simplified BARK,2,0.03125,1.0656965769459405e-34,32.0,0.5,False,2607656863
8,6,3,0.5,0.15625,3.5999514493932555e-38,63,Simplified BARK,3,0.046875,2.2378163948138855e-34,32.0,0.5,False,2607656863
8,6,3,0.5,0.15625,3.5999514493932555e-38,63,Simplified BARK,4,0.0625,3.8852205419452135e-34,32.0,0.5,False,2607656863
8,6,3,0.5,0.15625,3.5999514493932555e-38,63,Simplified BARK,5,0.078125,5.774963261879552e-34,32.0,0.5,False,2607656863
8,6,3,0.5,0.15625,3.5999514493932555e-38,63,Simplified BARK,6,0.09375,6.654661936635181e-34,32.0,0.5,False,2607656863
8,6,3,0.5,0.15625,3.5999514493932555e-38,63,Simplified BARK,7,0.109375,9.000601061855528e-34,32.0,0.5,False,2607656863
8,6,3,0.5,0.15625,3.5999514493932555e-38,63,Simplified BARK,8,0.125,1.0950798383204739e-33,32.0,0.5,False,2607656863
8,6,3,0.5,0.15625,3.5999514493932555e-38,63,Simplified BARK,9,0.140625,1.2436602597998826e-33,32.0,0.5,False,2607656863
8,6,3,0.5,0.15625,3.5999514493932555e-38,63,Simplified BARK,10,0.15625,9.88983723966964e-34,32.0,0.5,False,2607656863
8,6,3,0.5,0.15625,3.5999514493932555e-38,63,Simplified BARK,11,0.171875,1.5447174340220082e-33,32.0,0.5,False,2607656863
8,6,3,0.5,0.15625,3.5999514493932555e-38,63,Simplified BARK,12,0.1875,1.462245663105907e-33,32.0,0.5,False,2607656863
8,6,3,0.5,0.15625,3.5999514493932555e-38,63,Simplified BARK,14,0.21875,8.782587417857924e-34,32.0,0.5,False,2607656863
8,6,3,0.5,0.15625,3.5999514493932555e-38,63,Simplified BARK,16,0.25,1.042201626802812e-33,32.0,0.5,False,2607656863
8,6,3,0.5,0.15625,3.5999514493932555e-38,63,Simplified BARK,18,0.28125,1.0519127360039698e-33,32.0,0.5,False,2607656863
8,6,3,0.5,0.15625,3.5999514493932555e-38,63,Simplified BARK,20,0.3125,1.0651865519090393e-33,32.0,0.5,False,2607656863
8,6,3,0.5,0.15625,3.5999514493932555e-38,63,Simplified BARK,22,0.34375,1.1464346945596602e-33,32.0,0.5,False,2607656863
8,6,3,0.5,0.15625,3.5999514493932555e-38,63,Simplified BARK,25,0.390625,1.3028460803448039e-33,32.0,0.5,False,2607656863
8,6,3,0.5,0.15625,3.5999514493932555e-38,63,Simplified BARK,28,0.4375,1.3277032596781606e-33,32.0,0.5,False,2607656863
8,6,3,0.5,0.15625,3.5999514493932555e-38,63,Simplified BARK,32,0.5,5.18989792107172e-34,32.0,0.5,False,2607656863
8,6,3,0.5,0.15625,3.5999514493932555e-38,63,SKQD,1,0.015625,3.5999514493932555e-38,19.0,0.296875,True,2607656863
8,6,3,0.5,0.15625,3.5999514493932555e-38,63,SKQD,2,0.03125,3.5999514493932555e-38,19.0,0.296875,True,2607656863
8,6,3,0.5,0.15625,3.5999514493932555e-38,63,SKQD,3,0.046875,2.648311204671404e-34,19.0,0.296875,True,2607656863
8,6,3,0.5,0.15625,3.5999514493932555e-38,63,SKQD,4,0.0625,2.648311204671404e-34,19.0,0.296875,True,2607656863
8,6,3,0.5,0.15625,3.5999514493932555e-38,63,SKQD,5,0.078125,2.951748710988735e-34,19.0,0.296875,True,2607656863
8,6,3,0.5,0.15625,3.5999514493932555e-38,63,SKQD,6,0.09375,2.951748710988735e-34,19.0,0.296875,True,2607656863
8,6,3,0.5,0.15625,3.5999514493932555e-38,63,SKQD,7,0.109375,2.951748710988735e-34,19.0,0.296875,True,2607656863
8,6,3,0.5,0.15625,3.5999514493932555e-38,63,SKQD,8,0.125,2.951748710988735e-34,19.0,0.296875,True,2607656863
8,6,3,0.5,0.15625,3.5999514493932555e-38,63,SKQD,9,0.140625,2.951748710988735e-34,19.0,0.296875,True,2607656863
8,6,3,0.5,0.15625,3.5999514493932555e-38,63,SKQD,10,0.15625,1.545655164221919e-33,19.0,0.296875,True,2607656863
8,6,3,0.5,0.15625,3.5999514493932555e-38,63,SKQD,11,0.171875,1.545655164221919e-33,19.0,0.296875,True,2607656863
8,6,3,0.5,0.15625,3.5999514493932555e-38,63,SKQD,12,0.1875,1.3010422691036175e-33,19.0,0.296875,True,2607656863
8,6,3,0.5,0.15625,3.5999514493932555e-38,63,SKQD,14,0.21875,1.3010422691036175e-33,19.0,0.296875,True,2607656863
8,6,3,0.5,0.15625,3.5999514493932555e-38,63,SKQD,16,0.25,1.3010422691036175e-33,19.0,0.296875,True,2607656863
8,6,3,0.5,0.15625,3.5999514493932555e-38,63,SKQD,18,0.28125,1.2915178386820796e-33,19.0,0.296875,True,2607656863
8,6,3,0.5,0.15625,3.5999514493932555e-38,63,SKQD,20,0.3125,3.898811431244755e-34,19.0,0.296875,True,2607656863
8,6,3,0.5,0.15625,3.5999514493932555e-38,63,SKQD,22,0.34375,4.297300171432835e-34,19.0,0.296875,True,2607656863
8,6,3,0.5,0.15625,3.5999514493932555e-38,63,SKQD,25,0.390625,4.094874903281853e-34,19.0,0.296875,True,2607656863
8,6,3,0.5,0.15625,3.5999514493932555e-38,63,SKQD,28,0.4375,4.094874903281853e-34,19.0,0.296875,True,2607656863
8,6,3,0.5,0.15625,3.5999514493932555e-38,63,SKQD,32,0.5,3.1001949769723685e-34,19.0,0.296875,True,2607656863
8,6,3,0.5,0.15625,3.5999514493932555e-38,63,Ceiling,1,0.015625,0.7065200370065877,32.0,0.5,False,2607656863
8,6,3,0.5,0.15625,3.5999514493932555e-38,63,Ceiling,2,0.03125,0.8270152747160285,32.0,0.5,False,2607656863
8,6,3,0.5,0.15625,3.5999514493932555e-38,63,Ceiling,3,0.046875,0.9038639365183143,32.0,0.5,False,2607656863
8,6,3,0.5,0.15625,3.5999514493932555e-38,63,Ceiling,4,0.0625,0.9307277480228252,32.0,0.5,False,2607656863
8,6,3,0.5,0.15625,3.5999514493932555e-38,63,Ceiling,5,0.078125,0.9499497918403983,32.0,0.5,False,2607656863
8,6,3,0.5,0.15625,3.5999514493932555e-38,63,Ceiling,6,0.09375,0.9631216893651309,32.0,0.5,False,2607656863
8,6,3,0.5,0.15625,3.5999514493932555e-38,63,Ceiling,7,0.109375,0.9758899613127242,32.0,0.5,False,2607656863
8,6,3,0.5,0.15625,3.5999514493932555e-38,63,Ceiling,8,0.125,0.9869445690560243,32.0,0.5,False,2607656863
8,6,3,0.5,0.15625,3.5999514493932555e-38,63,Ceiling,9,0.140625,0.9905308989943676,32.0,0.5,False,2607656863
8,6,3,0.5,0.15625,3.5999514493932555e-38,63,Ceiling,10,0.15625,0.9924749252308138,32.0,0.5,False,2607656863
8,6,3,0.5,0.15625,3.5999514493932555e-38,63,Ceiling,11,0.171875,0.9940110289976148,32.0,0.5,False,2607656863
8,6,3,0.5,0.15625,3.5999514493932555e-38,63,Ceiling,12,0.1875,0.9952023064583166,32.0,0.5,False,2607656863
8,6,3,0.5,0.15625,3.5999514493932555e-38,63,Ceiling,14,0.21875,0.9969322297122296,32.0,0.5,False,2607656863
8,6,3,0.5,0.15625,3.5999514493932555e-38,63,Ceiling,16,0.25,0.9977625967015168,32.0,0.5,False,2607656863
8,6,3,0.5,0.15625,3.5999514493932555e-38,63,Ceiling,18,0.28125,0.9984365277068229,32.0,0.5,False,2607656863
8,6,3,0.5,0.15625,3.5999514493932555e-38,63,Ceiling,20,0.3125,0.9989614421731056,32.0,0.5,False,2607656863
8,6,3,0.5,0.15625,3.5999514493932555e-38,63,Ceiling,22,0.34375,0.9993430775680932,32.0,0.5,False,2607656863
8,6,3,0.5,0.15625,3.5999514493932555e-38,63,Ceiling,25,0.390625,0.9997679010086772,32.0,0.5,False,2607656863
8,6,3,0.5,0.15625,3.5999514493932555e-38,63,Ceiling,28,0.4375,0.9999402158293235,32.0,0.5,False,2607656863
8,6,3,0.5,0.15625,3.5999514493932555e-38,63,Ceiling,32,0.5,1.0,32.0,0.5,False,2607656863
8,6,3,0.5,0.15625,7.203305509117045e-38,0,BARK,1,0.015625,7.203305509117045e-38,32.0,0.5,False,2607656863
8,6,3,0.5,0.15625,7.203305509117045e-38,0,BARK,2,0.03125,5.188190603937116e-34,32.0,0.5,False,2607656863
8,6,3,0.5,0.15625,7.203305509117045e-38,0,BARK,3,0.046875,3.7316769680319956e-33,32.0,0.5,False,2607656863
8,6,3,0.5,0.15625,7.203305509117045e-38,0,BARK,4,0.0625,1.7501258467095585e-33,32.0,0.5,False,2607656863
8,6,3,0.5,0.15625,7.203305509117045e-38,0,BARK,5,0.078125,1.2588254263096946e-33,32.0,0.5,False,2607656863
8,6,3,0.5,0.15625,7.203305509117045e-38,0,BARK,6,0.09375,1.600608750932679e-33,32.0,0.5,False,2607656863
8,6,3,0.5,0.15625,7.203305509117045e-38,0,BARK,7,0.109375,1.4792542382529341e-33,32.0,0.5,False,2607656863
8,6,3,0.5,0.15625,7.203305509117045e-38,0,BARK,8,0.125,1.360041758509176e-33,32.0,0.5,False,2607656863
8,6,3,0.5,0.15625,7.203305509117045e-38,0,BARK,9,0.140625,1.3532889527147377e-33,32.0,0.5,False,2607656863
8,6,3,0.5,0.15625,7.203305509117045e-38,0,BARK,10,0.15625,8.68556720389769e-34,32.0,0.5,False,2607656863
8,6,3,0.5,0.15625,7.203305509117045e-38,0,BARK,11,0.171875,7.129289406108569e-34,32.0,0.5,False,2607656863
8,6,3,0.5,0.15625,7.203305509117045e-38,0,BARK,12,0.1875,6.201572572578342e-34,32.0,0.5,False,2607656863
8,6,3,0.5,0.15625,7.203305509117045e-38,0,BARK,14,0.21875,6.1672159213809225e-34,32.0,0.5,False,2607656863
8,6,3,0.5,0.15625,7.203305509117045e-38,0,BARK,16,0.25,5.619676173754237e-34,32.0,0.5,False,2607656863
8,6,3,0.5,0.15625,7.203305509117045e-38,0,BARK,18,0.28125,5.2116970345663145e-34,32.0,0.5,False,2607656863
8,6,3,0.5,0.15625,7.203305509117045e-38,0,BARK,20,0.3125,4.872929682854535e-34,32.0,0.5,False,2607656863
8,6,3,0.5,0.15625,7.203305509117045e-38,0,BARK,22,0.34375,5.255261274775003e-34,32.0,0.5,False,2607656863
8,6,3,0.5,0.15625,7.203305509117045e-38,0,BARK,25,0.390625,5.057304091810744e-34,32.0,0.5,False,2607656863
8,6,3,0.5,0.15625,7.203305509117045e-38,0,BARK,28,0.4375,4.76123651124257e-34,32.0,0.5,False,2607656863
8,6,3,0.5,0.15625,7.203305509117045e-38,0,BARK,32,0.5,5.18989792107174e-34,32.0,0.5,False,2607656863
8,6,3,0.5,0.15625,7.203305509117045e-38,0,Simplified BARK,1,0.015625,7.203305509117045e-38,32.0,0.5,False,2607656863
8,6,3,0.5,0.15625,7.203305509117045e-38,0,Simplified BARK,2,0.03125,1.1832409461718824e-35,32.0,0.5,False,2607656863
8,6,3,0.5,0.15625,7.203305509117045e-38,0,Simplified BARK,3,0.046875,1.7328496326820934e-35,32.0,0.5,False,2607656863
8,6,3,0.5,0.15625,7.203305509117045e-38,0,Simplified BARK,4,0.0625,1.1859183490176095e-35,32.0,0.5,False,2607656863
8,6,3,0.5,0.15625,7.203305509117045e-38,0,Simplified BARK,5,0.078125,2.2193291678920978e-36,32.0,0.5,False,2607656863
8,6,3,0.5,0.15625,7.203305509117045e-38,0,Simplified BARK,6,0.09375,6.169361339076823e-36,32.0,0.5,False,2607656863
8,6,3,0.5,0.15625,7.203305509117045e-38,0,Simplified BARK,7,0.109375,1.0715477449210682e-35,32.0,0.5,False,2607656863
8,6,3,0.5,0.15625,7.203305509117045e-38,0,Simplified BARK,8,0.125,3.443726225061433e-35,32.0,0.5,False,2607656863
8,6,3,0.5,0.15625,7.203305509117045e-38,0,Simplified BARK,9,0.140625,2.709883864204802e-35,32.0,0.5,False,2607656863
8,6,3,0.5,0.15625,7.203305509117045e-38,0,Simplified BARK,10,0.15625,1.7899036256160115e-34,32.0,0.5,False,2607656863
8,6,3,0.5,0.15625,7.203305509117045e-38,0,Simplified BARK,11,0.171875,2.1201512753878724e-34,32.0,0.5,False,2607656863
8,6,3,0.5,0.15625,7.203305509117045e-38,0,Simplified BARK,12,0.1875,2.9161038376130927e-34,32.0,0.5,False,2607656863
8,6,3,0.5,0.15625,7.203305509117045e-38,0,Simplified BARK,14,0.21875,2.703916269758807e-34,32.0,0.5,False,2607656863
8,6,3,0.5,0.15625,7.203305509117045e-38,0,Simplified BARK,16,0.25,3.4838453540547624e-34,32.0,0.5,False,2607656863
8,6,3,0.5,0.15625,7.203305509117045e-38,0,Simplified BARK,18,0.28125,2.4428016193382605e-37,32.0,0.5,False,2607656863
8,6,3,0.5,0.15625,7.203305509117045e-38,0,Simplified BARK,20,0.3125,9.914533963740722e-34,32.0,0.5,False,2607656863
8,6,3,0.5,0.15625,7.203305509117045e-38,0,Simplified BARK,22,0.34375,8.5282084751493e-34,32.0,0.5,False,2607656863
8,6,3,0.5,0.15625,7.203305509117045e-38,0,Simplified BARK,25,0.390625,1.1137912512471296e-33,32.0,0.5,False,2607656863
8,6,3,0.5,0.15625,7.203305509117045e-38,0,Simplified BARK,28,0.4375,1.4875896912814645e-33,32.0,0.5,False,2607656863
8,6,3,0.5,0.15625,7.203305509117045e-38,0,Simplified BARK,32,0.5,5.189897921071711e-34,32.0,0.5,False,2607656863
8,6,3,0.5,0.15625,7.203305509117045e-38,0,SKQD,1,0.015625,7.203305509117045e-38,24.333333333333332,0.3802083333333333,True,2607656863
8,6,3,0.5,0.15625,7.203305509117045e-38,0,SKQD,2,0.03125,7.203305509117045e-38,24.333333333333332,0.3802083333333333,True,2607656863
8,6,3,0.5,0.15625,7.203305509117045e-38,0,SKQD,3,0.046875,7.203305509117045e-38,24.333333333333332,0.3802083333333333,True,2607656863
8,6,3,0.5,0.15625,7.203305509117045e-38,0,SKQD,4,0.0625,7.203305509117045e-38,24.333333333333332,0.3802083333333333,True,2607656863
8,6,3,0.5,0.15625,7.203305509117045e-38,0,SKQD,5,0.078125,7.203305509117045e-38,24.333333333333332,0.3802083333333333,True,2607656863
8,6,3,0.5,0.15625,7.203305509117045e-38,0,SKQD,6,0.09375,7.203305509117045e-38,24.333333333333332,0.3802083333333333,True,2607656863
8,6,3,0.5,0.15625,7.203305509117045e-38,0,SKQD,7,0.109375,7.203305509117045e-38,24.333333333333332,0.3802083333333333,True,2607656863
8,6,3,0.5,0.15625,7.203305509117045e-38,0,SKQD,8,0.125,1.780464388671086e-33,24.333333333333332,0.3802083333333333,True,2607656863
8,6,3,0.5,0.15625,7.203305509117045e-38,0,SKQD,9,0.140625,1.780464388671086e-33,24.333333333333332,0.3802083333333333,True,2607656863
8,6,3,0.5,0.15625,7.203305509117045e-38,0,SKQD,10,0.15625,1.780464388671086e-33,24.333333333333332,0.3802083333333333,True,2607656863
8,6,3,0.5,0.15625,7.203305509117045e-38,0,SKQD,11,0.171875,1.780464388671086e-33,24.333333333333332,0.3802083333333333,True,2607656863
8,6,3,0.5,0.15625,7.203305509117045e-38,0,SKQD,12,0.1875,1.9606910564694325e-33,24.333333333333332,0.3802083333333333,True,2607656863
8,6,3,0.5,0.15625,7.203305509117045e-38,0,SKQD,14,0.21875,2.7909807902494814e-34,24.333333333333332,0.3802083333333333,True,2607656863
8,6,3,0.5,0.15625,7.203305509117045e-38,0,SKQD,16,0.25,2.7909807902494814e-34,24.333333333333332,0.3802083333333333,True,2607656863
8,6,3,0.5,0.15625,7.203305509117045e-38,0,SKQD,18,0.28125,6.233738602679276e-34,24.333333333333332,0.3802083333333333,True,2607656863
8,6,3,0.5,0.15625,7.203305509117045e-38,0,SKQD,20,0.3125,6.910997404810662e-34,24.333333333333332,0.3802083333333333,True,2607656863
8,6,3,0.5,0.15625,7.203305509117045e-38,0,SKQD,22,0.34375,4.121861598440235e-34,24.333333333333332,0.3802083333333333,True,2607656863
8,6,3,0.5,0.15625,7.203305509117045e-38,0,SKQD,25,0.390625,6.182604366395133e-34,24.333333333333332,0.3802083333333333,True,2607656863
8,6,3,0.5,0.15625,7.203305509117045e-38,0,SKQD,28,0.4375,6.182604366395133e-34,24.333333333333332,0.3802083333333333,True,2607656863
8,6,3,0.5,0.15625,7.203305509117045e-38,0,SKQD,32,0.5,6.182604366395133e-34,24.333333333333332,0.3802083333333333,True,2607656863
8,6,3,0.5,0.15625,7.203305509117045e-38,0,Ceiling,1,0.015625,0.7065200370065877,32.0,0.5,False,2607656863
8,6,3,0.5,0.15625,7.203305509117045e-38,0,Ceiling,2,0.03125,0.8270152747160285,32.0,0.5,False,2607656863
8,6,3,0.5,0.15625,7.203305509117045e-38,0,Ceiling,3,0.046875,0.9038639365183143,32.0,0.5,False,2607656863
8,6,3,0.5,0.15625,7.203305509117045e-38,0,Ceiling,4,0.0625,0.9307277480228252,32.0,0.5,False,2607656863
8,6,3,0.5,0.15625,7.203305509117045e-38,0,Ceiling,5,0.078125,0.9499497918403983,32.0,0.5,False,2607656863
8,6,3,0.5,0.15625,7.203305509117045e-38,0,Ceiling,6,0.09375,0.9631216893651309,32.0,0.5,False,2607656863
8,6,3,0.5,0.15625,7.203305509117045e-38,0,Ceiling,7,0.109375,0.9758899613127242,32.0,0.5,False,2607656863
8,6,3,0.5,0.15625,7.203305509117045e-38,0,Ceiling,8,0.125,0.9869445690560243,32.0,0.5,False,2607656863
8,6,3,0.5,0.15625,7.203305509117045e-38,0,Ceiling,9,0.140625,0.9905308989943676,32.0,0.5,False,2607656863
8,6,3,0.5,0.15625,7.203305509117045e-38,0,Ceiling,10,0.15625,0.9924749252308138,32.0,0.5,False,2607656863
8,6,3,0.5,0.15625,7.203305509117045e-38,0,Ceiling,11,0.171875,0.9940110289976148,32.0,0.5,False,2607656863
8,6,3,0.5,0.15625,7.203305509117045e-38,0,Ceiling,12,0.1875,0.9952023064583166,32.0,0.5,False,2607656863
8,6,3,0.5,0.15625,7.203305509117045e-38,0,Ceiling,14,0.21875,0.9969322297122296,32.0,0.5,False,2607656863
8,6,3,0.5,0.15625,7.203305509117045e-38,0,Ceiling,16,0.25,0.9977625967015168,32.0,0.5,False,2607656863
8,6,3,0.5,0.15625,7.203305509117045e-38,0,Ceiling,18,0.28125,0.9984365277068229,32.0,0.5,False,2607656863
8,6,3,0.5,0.15625,7.203305509117045e-38,0,Ceiling,20,0.3125,0.9989614421731056,32.0,0.5,False,2607656863
8,6,3,0.5,0.15625,7.203305509117045e-38,0,Ceiling,22,0.34375,0.9993430775680932,32.0,0.5,False,2607656863
8,6,3,0.5,0.15625,7.203305509117045e-38,0,Ceiling,25,0.390625,0.9997679010086772,32.0,0.5,False,2607656863
8,6,3,0.5,0.15625,7.203305509117045e-38,0,Ceiling,28,0.4375,0.9999402158293235,32.0,0.5,False,2607656863
8,6,3,0.5,0.15625,7.203305509117045e-38,0,Ceiling,32,0.5,1.0,32.0,0.5,False,2607656863
8,6,3,0.5,0.15625,8.108898318588947e-38,5,BARK,1,0.015625,8.108898318588947e-38,32.0,0.5,False,2607656863
8,6,3,0.5,0.15625,8.108898318588947e-38,5,BARK,2,0.03125,6.608213215674186e-33,32.0,0.5,False,2607656863
8,6,3,0.5,0.15625,8.108898318588947e-38,5,BARK,3,0.046875,2.757807519252178e-33,32.0,0.5,False,2607656863
8,6,3,0.5,0.15625,8.108898318588947e-38,5,BARK,4,0.0625,1.7457092775122866e-33,32.0,0.5,False,2607656863
8,6,3,0.5,0.15625,8.108898318588947e-38,5,BARK,5,0.078125,1.2538709840534544e-33,32.0,0.5,False,2607656863
8,6,3,0.5,0.15625,8.108898318588947e-38,5,BARK,6,0.09375,1.5765620323923555e-33,32.0,0.5,False,2607656863
8,6,3,0.5,0.15625,8.108898318588947e-38,5,BARK,7,0.109375,1.4574972836816292e-33,32.0,0.5,False,2607656863
8,6,3,0.5,0.15625,8.108898318588947e-38,5,BARK,8,0.125,1.3353068708234655e-33,32.0,0.5,False,2607656863
8,6,3,0.5,0.15625,8.108898318588947e-38,5,BARK,9,0.140625,1.3198312798572517e-33,32.0,0.5,False,2607656863
8,6,3,0.5,0.15625,8.108898318588947e-38,5,BARK,10,0.15625,8.423318935692543e-34,32.0,0.5,False,2607656863
8,6,3,0.5,0.15625,8.108898318588947e-38,5,BARK,11,0.171875,6.6951209483081295e-34,32.0,0.5,False,2607656863
8,6,3,0.5,0.15625,8.108898318588947e-38,5,BARK,12,0.1875,5.784368878409545e-34,32.0,0.5,False,2607656863
8,6,3,0.5,0.15625,8.108898318588947e-38,5,BARK,14,0.21875,5.754717896067384e-34,32.0,0.5,False,2607656863
8,6,3,0.5,0.15625,8.108898318588947e-38,5,BARK,16,0.25,5.619676173754299e-34,32.0,0.5,False,2607656863
8,6,3,0.5,0.15625,8.108898318588947e-38,5,BARK,18,0.28125,5.596222441275059e-34,32.0,0.5,False,2607656863
8,6,3,0.5,0.15625,8.108898318588947e-38,5,BARK,20,0.3125,5.686155964929728e-34,32.0,0.5,False,2607656863
8,6,3,0.5,0.15625,8.108898318588947e-38,5,BARK,22,0.34375,5.37595565677937e-34,32.0,0.5,False,2607656863
8,6,3,0.5,0.15625,8.108898318588947e-38,5,BARK,25,0.390625,5.523380294256197e-34,32.0,0.5,False,2607656863
8,6,3,0.5,0.15625,8.108898318588947e-38,5,BARK,28,0.4375,5.488722592432859e-34,32.0,0.5,False,2607656863
8,6,3,0.5,0.15625,8.108898318588947e-38,5,BARK,32,0.5,5.189897921071749e-34,32.0,0.5,False,2607656863
8,6,3,0.5,0.15625,8.108898318588947e-38,5,Simplified BARK,1,0.015625,8.108898318588947e-38,32.0,0.5,False,2607656863
8,6,3,0.5,0.15625,8.108898318588947e-38,5,Simplified BARK,2,0.03125,2.894781835937646e-35,32.0,0.5,False,2607656863
8,6,3,0.5,0.15625,8.108898318588947e-38,5,Simplified BARK,3,0.046875,1.2538746708230323e-35,32.0,0.5,False,2607656863
8,6,3,0.5,0.15625,8.108898318588947e-38,5,Simplified BARK,4,0.0625,4.15951426484735e-35,32.0,0.5,False,2607656863
8,6,3,0.5,0.15625,8.108898318588947e-38,5,Simplified BARK,5,0.078125,4.4674782653779196e-35,32.0,0.5,False,2607656863
8,6,3,0.5,0.15625,8.108898318588947e-38,5,Simplified BARK,6,0.09375,5.068424397194466e-35,32.0,0.5,False,2607656863
8,6,3,0.5,0.15625,8.108898318588947e-38,5,Simplified BARK,7,0.109375,4.5692699682901106e-35,32.0,0.5,False,2607656863
8,6,3,0.5,0.15625,8.108898318588947e-38,5,Simplified BARK,8,0.125,3.1339285686591954e-35,32.0,0.5,False,2607656863
8,6,3,0.5,0.15625,8.108898318588947e-38,5,Simplified BARK,9,0.140625,2.709883864204799e-35,32.0,0.5,False,2607656863
8,6,3,0.5,0.15625,8.108898318588947e-38,5,Simplified BARK,10,0.15625,1.7899036256160128e-34,32.0,0.5,False,2607656863
8,6,3,0.5,0.15625,8.108898318588947e-38,5,Simplified BARK,11,0.171875,2.1201512753878715e-34,32.0,0.5,False,2607656863
8,6,3,0.5,0.15625,8.108898318588947e-38,5,Simplified BARK,12,0.1875,2.9161038376130897e-34,32.0,0.5,False,2607656863
8,6,3,0.5,0.15625,8.108898318588947e-38,5,Simplified BARK,14,0.21875,2.7039162697587937e-34,32.0,0.5,False,2607656863
8,6,3,0.5,0.15625,8.108898318588947e-38,5,Simplified BARK,16,0.25,3.4838453540547585e-34,32.0,0.5,False,2607656863
8,6,3,0.5,0.15625,8.108898318588947e-38,5,Simplified BARK,18,0.28125,2.4428016193381707e-37,32.0,0.5,False,2607656863
8,6,3,0.5,0.15625,8.108898318588947e-38,5,Simplified BARK,20,0.3125,9.914533963740719e-34,32.0,0.5,False,2607656863
8,6,3,0.5,0.15625,8.108898318588947e-38,5,Simplified BARK,22,0.34375,8.528208475149316e-34,32.0,0.5,False,2607656863
8,6,3,0.5,0.15625,8.108898318588947e-38,5,Simplified BARK,25,0.390625,1.113791251247129e-33,32.0,0.5,False,2607656863
8,6,3,0.5,0.15625,8.108898318588947e-38,5,Simplified BARK,28,0.4375,1.4875896912814693e-33,32.0,0.5,False,2607656863
8,6,3,0.5,0.15625,8.108898318588947e-38,5,Simplified BARK,32,0.5,5.189897921071738e-34,32.0,0.5,False,2607656863
8,6,3,0.5,0.15625,8.108898318588947e-38,5,SKQD,1,0.015625,8.108898318588947e-38,27.0,0.421875,True,2607656863
8,6,3,0.5,0.15625,8.108898318588947e-38,5,SKQD,2,0.03125,8.108898318588947e-38,27.0,0.421875,True,2607656863
8,6,3,0.5,0.15625,8.108898318588947e-38,5,SKQD,3,0.046875,8.108898318588947e-38,27.0,0.421875,True,2607656863
8,6,3,0.5,0.15625,8.108898318588947e-38,5,SKQD,4,0.0625,8.108898318588947e-38,27.0,0.421875,True,2607656863
8,6,3,0.5,0.15625,8.108898318588947e-38,5,SKQD,5,0.078125,8.108898318588947e-38,27.0,0.421875,True,2607656863
8,6,3,0.5,0.15625,8.108898318588947e-38,5,SKQD,6,0.09375,8.108898318588947e-38,27.0,0.421875,True,2607656863
8,6,3,0.5,0.15625,8.108898318588947e-38,5,SKQD,7,0.109375,9.764358227386054e-35,27.0,0.421875,True,2607656863
8,6,3,0.5,0.15625,8.108898318588947e-38,5,SKQD,8,0.125,9.764358227386054e-35,27.0,0.421875,True,2607656863
8,6,3,0.5,0.15625,8.108898318588947e-38,5,SKQD,9,0.140625,5.674103849011708e-34,27.0,0.421875,True,2607656863
8,6,3,0.5,0.15625,8.108898318588947e-38,5,SKQD,10,0.15625,5.674103849011708e-34,27.0,0.421875,True,2607656863
8,6,3,0.5,0.15625,8.108898318588947e-38,5,SKQD,11,0.171875,5.674103849011708e-34,27.0,0.421875,True,2607656863
8,6,3,0.5,0.15625,8.108898318588947e-38,5,SKQD,12,0.1875,5.674103849011708e-34,27.0,0.421875,True,2607656863
8,6,3,0.5,0.15625,8.108898318588947e-38,5,SKQD,14,0.21875,5.674103849011708e-34,27.0,0.421875,True,2607656863
8,6,3,0.5,0.15625,8.108898318588947e-38,5,SKQD,16,0.25,5.135065187028012e-34,27.0,0.421875,True,2607656863
8,6,3,0.5,0.15625,8.108898318588947e-38,5,SKQD,18,0.28125,7.750315835272127e-34,27.0,0.421875,True,2607656863
8,6,3,0.5,0.15625,8.108898318588947e-38,5,SKQD,20,0.3125,8.635716619677484e-34,27.0,0.421875,True,2607656863
8,6,3,0.5,0.15625,8.108898318588947e-38,5,SKQD,22,0.34375,8.535738900498983e-34,27.0,0.421875,True,2607656863
8,6,3,0.5,0.15625,8.108898318588947e-38,5,SKQD,25,0.390625,5.919503564657061e-34,27.0,0.421875,True,2607656863
8,6,3,0.5,0.15625,8.108898318588947e-38,5,SKQD,28,0.4375,1.2359643743385965e-33,27.0,0.421875,True,2607656863
8,6,3,0.5,0.15625,8.108898318588947e-38,5,SKQD,32,0.5,1.0435679152735818e-33,27.0,0.421875,True,2607656863
8,6,3,0.5,0.15625,8.108898318588947e-38,5,Ceiling,1,0.015625,0.7065200370065877,32.0,0.5,False,2607656863
8,6,3,0.5,0.15625,8.108898318588947e-38,5,Ceiling,2,0.03125,0.8270152747160285,32.0,0.5,False,2607656863
8,6,3,0.5,0.15625,8.108898318588947e-38,5,Ceiling,3,0.046875,0.9038639365183143,32.0,0.5,False,2607656863
8,6,3,0.5,0.15625,8.108898318588947e-38,5,Ceiling,4,0.0625,0.9307277480228252,32.0,0.5,False,2607656863
8,6,3,0.5,0.15625,8.108898318588947e-38,5,Ceiling,5,0.078125,0.9499497918403983,32.0,0.5,False,2607656863
8,6,3,0.5,0.15625,8.108898318588947e-38,5,Ceiling,6,0.09375,0.9631216893651309,32.0,0.5,False,2607656863
8,6,3,0.5,0.15625,8.108898318588947e-38,5,Ceiling,7,0.109375,0.9758899613127242,32.0,0.5,False,2607656863
8,6,3,0.5,0.15625,8.108898318588947e-38,5,Ceiling,8,0.125,0.9869445690560243,32.0,0.5,False,2607656863
8,6,3,0.5,0.15625,8.108898318588947e-38,5,Ceiling,9,0.140625,0.9905308989943676,32.0,0.5,False,2607656863
8,6,3,0.5,0.15625,8.108898318588947e-38,5,Ceiling,10,0.15625,0.9924749252308138,32.0,0.5,False,2607656863
8,6,3,0.5,0.15625,8.108898318588947e-38,5,Ceiling,11,0.171875,0.9940110289976148,32.0,0.5,False,2607656863
8,6,3,0.5,0.15625,8.108898318588947e-38,5,Ceiling,12,0.1875,0.9952023064583166,32.0,0.5,False,2607656863
8,6,3,0.5,0.15625,8.108898318588947e-38,5,Ceiling,14,0.21875,0.9969322297122296,32.0,0.5,False,2607656863
8,6,3,0.5,0.15625,8.108898318588947e-38,5,Ceiling,16,0.25,0.9977625967015168,32.0,0.5,False,2607656863
8,6,3,0.5,0.15625,8.108898318588947e-38,5,Ceiling,18,0.28125,0.9984365277068229,32.0,0.5,False,2607656863
8,6,3,0.5,0.15625,8.108898318588947e-38,5,Ceiling,20,0.3125,0.9989614421731056,32.0,0.5,False,2607656863
8,6,3,0.5,0.15625,8.108898318588947e-38,5,Ceiling,22,0.34375,0.9993430775680932,32.0,0.5,False,2607656863
8,6,3,0.5,0.15625,8.108898318588947e-38,5,Ceiling,25,0.390625,0.9997679010086772,32.0,0.5,False,2607656863
8,6,3,0.5,0.15625,8.108898318588947e-38,5,Ceiling,28,0.4375,0.9999402158293235,32.0,0.5,False,2607656863
8,6,3,0.5,0.15625,8.108898318588947e-38,5,Ceiling,32,0.5,1.0,32.0,0.5,False,2607656863
8,8,1,0.0625,0.01953125,0.0675178587895518,165,BARK,1,0.00390625,0.0675178587895518,16.0,0.0625,True,3464693766
8,8,1,0.0625,0.01953125,0.0675178587895518,165,BARK,2,0.0078125,0.649905511620658,16.0,0.0625,True,3464693766
8,8,1,0.0625,0.01953125,0.0675178587895518,165,BARK,3,0.01171875,0.870795126904241,16.0,0.0625,True,3464693766
8,8,1,0.0625,0.01953125,0.0675178587895518,165,BARK,4,0.015625,0.9012785344360443,16.0,0.0625,True,3464693766
8,8,1,0.0625,0.01953125,0.0675178587895518,165,BARK,5,0.01953125,0.9022743459187622,16.0,0.0625,True,3464693766
8,8,1,0.0625,0.01953125,0.0675178587895518,165,BARK,6,0.0234375,0.9135078608084587,16.0,0.0625,True,3464693766
8,8,1,0.0625,0.01953125,0.0675178587895518,165,BARK,7,0.02734375,0.9471518138691916,16.0,0.0625,True,3464693766
8,8,1,0.0625,0.01953125,0.0675178587895518,165,BARK,9,0.03515625,0.9513765018461223,16.0,0.0625,True,3464693766
8,8,1,0.0625,0.01953125,0.0675178587895518,165,BARK,10,0.0390625,0.9532341564109571,16.0,0.0625,True,3464693766
8,8,1,0.0625,0.01953125,0.0675178587895518,165,BARK,12,0.046875,0.9951921587144408,16.0,0.0625,True,3464693766
8,8,1,0.0625,0.01953125,0.0675178587895518,165,BARK,15,0.05859375,0.9980240243467268,16.0,0.0625,True,3464693766
8,8,1,0.0625,0.01953125,0.0675178587895518,165,BARK,17,0.06640625,1.0000000000000009,16.0,0.0625,True,3464693766
8,8,1,0.0625,0.01953125,0.0675178587895518,165,BARK,20,0.078125,1.0000000000000009,16.0,0.0625,True,3464693766
8,8,1,0.0625,0.01953125,0.0675178587895518,165,BARK,24,0.09375,1.0000000000000009,16.0,0.0625,True,3464693766
8,8,1,0.0625,0.01953125,0.0675178587895518,165,BARK,28,0.109375,1.0000000000000009,16.0,0.0625,True,3464693766
8,8,1,0.0625,0.01953125,0.0675178587895518,165,BARK,34,0.1328125,1.0000000000000009,16.0,0.0625,True,3464693766
8,8,1,0.0625,0.01953125,0.0675178587895518,165,BARK,40,0.15625,1.0000000000000009,16.0,0.0625,True,3464693766
8,8,1,0.0625,0.01953125,0.0675178587895518,165,BARK,47,0.18359375,1.0000000000000009,16.0,0.0625,True,3464693766
8,8,1,0.0625,0.01953125,0.0675178587895518,165,BARK,55,0.21484375,1.0000000000000009,16.0,0.0625,True,3464693766
8,8,1,0.0625,0.01953125,0.0675178587895518,165,BARK,66,0.2578125,1.0000000000000009,16.0,0.0625,True,3464693766
8,8,1,0.0625,0.01953125,0.0675178587895518,165,BARK,77,0.30078125,1.0000000000000009,16.0,0.0625,True,3464693766
8,8,1,0.0625,0.01953125,0.0675178587895518,165,BARK,92,0.359375,1.0000000000000009,16.0,0.0625,True,3464693766
8,8,1,0.0625,0.01953125,0.0675178587895518,165,BARK,108,0.421875,1.0000000000000009,16.0,0.0625,True,3464693766
8,8,1,0.0625,0.01953125,0.0675178587895518,165,BARK,128,0.5,1.0000000000000009,16.0,0.0625,True,3464693766
8,8,1,0.0625,0.01953125,0.0675178587895518,165,Simplified BARK,1,0.00390625,0.0675178587895518,16.0,0.0625,True,3464693766
8,8,1,0.0625,0.01953125,0.0675178587895518,165,Simplified BARK,2,0.0078125,0.649905511620658,16.0,0.0625,True,3464693766
8,8,1,0.0625,0.01953125,0.0675178587895518,165,Simplified BARK,3,0.01171875,0.870795126904241,16.0,0.0625,True,3464693766
8,8,1,0.0625,0.01953125,0.0675178587895518,165,Simplified BARK,4,0.015625,0.9012785344360443,16.0,0.0625,True,3464693766
8,8,1,0.0625,0.01953125,0.0675178587895518,165,Simplified BARK,5,0.01953125,0.9316804582885502,16.0,0.0625,True,3464693766
8,8,1,0.0625,0.01953125,0.0675178587895518,165,Simplified BARK,6,0.0234375,0.9357360504305356,16.0,0.0625,True,3464693766
8,8,1,0.0625,0.01953125,0.0675178587895518,165,Simplified BARK,7,0.02734375,0.9496944842112915,16.0,0.0625,True,3464693766
8,8,1,0.0625,0.01953125,0.0675178587895518,165,Simplified BARK,9,0.03515625,0.9766597260432387,16.0,0.0625,True,3464693766
8,8,1,0.0625,0.01953125,0.0675178587895518,165,Simplified BARK,10,0.0390625,0.9816847104176706,16.0,0.0625,True,3464693766
8,8,1,0.0625,0.01953125,0.0675178587895518,165,Simplified BARK,12,0.046875,0.997001189599316,16.0,0.0625,True,3464693766
8,8,1,0.0625,0.01953125,0.0675178587895518,165,Simplified BARK,15,0.05859375,0.9999192724596834,16.0,0.0625,True,3464693766
8,8,1,0.0625,0.01953125,0.0675178587895518,165,Simplified BARK,17,0.06640625,1.0000000000000009,16.0,0.0625,True,3464693766
8,8,1,0.0625,0.01953125,0.0675178587895518,165,Simplified BARK,20,0.078125,1.0000000000000009,16.0,0.0625,True,3464693766
8,8,1,0.0625,0.01953125,0.0675178587895518,165,Simplified BARK,24,0.09375,1.0000000000000009,16.0,0.0625,True,3464693766
8,8,1,0.0625,0.01953125,0.0675178587895518,165,Simplified BARK,28,0.109375,1.0000000000000009,16.0,0.0625,True,3464693766
8,8,1,0.0625,0.01953125,0.0675178587895518,165,Simplified BARK,34,0.1328125,1.0000000000000009,16.0,0.0625,True,3464693766
8,8,1,0.0625,0.01953125,0.0675178587895518,165,Simplified BARK,40,0.15625,1.0000000000000009,16.0,0.0625,True,3464693766
8,8,1,0.0625,0.01953125,0.0675178587895518,165,Simplified BARK,47,0.18359375,1.0000000000000009,16.0,0.0625,True,3464693766
8,8,1,0.0625,0.01953125,0.0675178587895518,165,Simplified BARK,55,0.21484375,1.0000000000000009,16.0,0.0625,True,3464693766
8,8,1,0.0625,0.01953125,0.0675178587895518,165,Simplified BARK,66,0.2578125,1.0000000000000009,16.0,0.0625,True,3464693766
8,8,1,0.0625,0.01953125,0.0675178587895518,165,Simplified BARK,77,0.30078125,1.0000000000000009,16.0,0.0625,True,3464693766
8,8,1,0.0625,0.01953125,0.0675178587895518,165,Simplified BARK,92,0.359375,1.0000000000000009,16.0,0.0625,True,3464693766
8,8,1,0.0625,0.01953125,0.0675178587895518,165,Simplified BARK,108,0.421875,1.0000000000000009,16.0,0.0625,True,3464693766
8,8,1,0.0625,0.01953125,0.0675178587895518,165,Simplified BARK,128,0.5,1.0000000000000009,16.0,0.0625,True,3464693766
8,8,1,0.0625,0.01953125,0.0675178587895518,165,SKQD,1,0.00390625,0.0675178587895518,13.666666666666666,0.053385416666666664,True,3464693766
8,8,1,0.0625,0.01953125,0.0675178587895518,165,SKQD,2,0.0078125,0.0675178587895518,13.666666666666666,0.053385416666666664,True,3464693766
8,8,1,0.0625,0.01953125,0.0675178587895518,165,SKQD,3,0.01171875,0.0675178587895518,13.666666666666666,0.053385416666666664,True,3464693766
8,8,1,0.0625,0.01953125,0.0675178587895518,165,SKQD,4,0.015625,0.0675178587895518,13.666666666666666,0.053385416666666664,True,3464693766
8,8,1,0.0625,0.01953125,0.0675178587895518,165,SKQD,5,0.01953125,0.0675178587895518,13.666666666666666,0.053385416666666664,True,3464693766
8,8,1,0.0625,0.01953125,0.0675178587895518,165,SKQD,6,0.0234375,0.34679261146743534,13.666666666666666,0.053385416666666664,True,3464693766
8,8,1,0.0625,0.01953125,0.0675178587895518,165,SKQD,7,0.02734375,0.34679261146743534,13.666666666666666,0.053385416666666664,True,3464693766
8,8,1,0.0625,0.01953125,0.0675178587895518,165,SKQD,9,0.03515625,0.9357812342453308,13.666666666666666,0.053385416666666664,True,3464693766
8,8,1,0.0625,0.01953125,0.0675178587895518,165,SKQD,10,0.0390625,0.9357812342453308,13.666666666666666,0.053385416666666664,True,3464693766
8,8,1,0.0625,0.01953125,0.0675178587895518,165,SKQD,12,0.046875,0.9551846989469092,13.666666666666666,0.053385416666666664,True,3464693766
8,8,1,0.0625,0.01953125,0.0675178587895518,165,SKQD,15,0.05859375,0.9759926743816273,13.666666666666666,0.053385416666666664,True,3464693766
8,8,1,0.0625,0.01953125,0.0675178587895518,165,SKQD,17,0.06640625,0.9759926743816273,13.666666666666666,0.053385416666666664,True,3464693766
8,8,1,0.0625,0.01953125,0.0675178587895518,165,SKQD,20,0.078125,0.9759926743816273,13.666666666666666,0.053385416666666664,True,3464693766
8,8,1,0.0625,0.01953125,0.0675178587895518,165,SKQD,24,0.09375,0.9759926743816273,13.666666666666666,0.053385416666666664,True,3464693766
8,8,1,0.0625,0.01953125,0.0675178587895518,165,SKQD,28,0.109375,0.9759926743816273,13.666666666666666,0.053385416666666664,True,3464693766
8,8,1,0.0625,0.01953125,0.0675178587895518,165,SKQD,34,0.1328125,0.9759926743816273,13.666666666666666,0.053385416666666664,True,3464693766
8,8,1,0.0625,0.01953125,0.0675178587895518,165,SKQD,40,0.15625,0.9759926743816273,13.666666666666666,0.053385416666666664,True,3464693766
8,8,1,0.0625,0.01953125,0.0675178587895518,165,SKQD,47,0.18359375,0.9759926743816273,13.666666666666666,0.053385416666666664,True,3464693766
8,8,1,0.0625,0.01953125,0.0675178587895518,165,SKQD,55,0.21484375,0.9759926743816273,13.666666666666666,0.053385416666666664,True,3464693766
8,8,1,0.0625,0.01953125,0.0675178587895518,165,SKQD,66,0.2578125,0.9759926743816273,13.666666666666666,0.053385416666666664,True,3464693766
8,8,1,0.0625,0.01953125,0.0675178587895518,165,SKQD,77,0.30078125,0.9759926743816273,13.666666666666666,0.053385416666666664,True,3464693766
8,8,1,0.0625,0.01953125,0.0675178587895518,165,SKQD,92,0.359375,0.9759926743816273,13.666666666666666,0.053385416666666664,True,3464693766
8,8,1,0.0625,0.01953125,0.0675178587895518,165,SKQD,108,0.421875,0.9759926743816273,13.666666666666666,0.053385416666666664,True,3464693766
8,8,1,0.0625,0.01953125,0.0675178587895518,165,SKQD,128,0.5,0.9759926743816273,13.666666666666666,0.053385416666666664,True,3464693766
8,8,1,0.0625,0.01953125,0.0675178587895518,165,Ceiling,1,0.00390625,0.5823876528311064,128.0,0.5,False,3464693766
8,8,1,0.0625,0.01953125,0.0675178587895518,165,Ceiling,2,0.0078125,0.8076458513305261,128.0,0.5,False,3464693766
8,8,1,0.0625,0.01953125,0.0675178587895518,165,Ceiling,3,0.01171875,0.875163710120078,128.0,0.5,False,3464693766
8,8,1,0.0625,0.01953125,0.0675178587895518,165,Ceiling,4,0.015625,0.9074935844734978,128.0,0.5,False,3464693766
8,8,1,0.0625,0.01953125,0.0675178587895518,165,Ceiling,5,0.01953125,0.9373008129606636,128.0,0.5,False,3464693766
8,8,1,0.0625,0.01953125,0.0675178587895518,165,Ceiling,6,0.0234375,0.9634156372766305,128.0,0.5,False,3464693766
8,8,1,0.0625,0.01953125,0.0675178587895518,165,Ceiling,7,0.02734375,0.9759203138767643,128.0,0.5,False,3464693766
8,8,1,0.0625,0.01953125,0.0675178587895518,165,Ceiling,9,0.03515625,0.9911973659215779,128.0,0.5,False,3464693766
8,8,1,0.0625,0.01953125,0.0675178587895518,165,Ceiling,10,0.0390625,0.9946530027883986,128.0,0.5,False,3464693766
8,8,1,0.0625,0.01953125,0.0675178587895518,165,Ceiling,12,0.046875,0.9977573834048519,128.0,0.5,False,3464693766
8,8,1,0.0625,0.01953125,0.0675178587895518,165,Ceiling,15,0.05859375,0.9999258026483624,128.0,0.5,False,3464693766
8,8,1,0.0625,0.01953125,0.0675178587895518,165,Ceiling,17,0.06640625,1.0000000000000009,128.0,0.5,False,3464693766
8,8,1,0.0625,0.01953125,0.0675178587895518,165,Ceiling,20,0.078125,1.0000000000000009,128.0,0.5,False,3464693766
8,8,1,0.0625,0.01953125,0.0675178587895518,165,Ceiling,24,0.09375,1.0000000000000009,128.0,0.5,False,3464693766
8,8,1,0.0625,0.01953125,0.0675178587895518,165,Ceiling,28,0.109375,1.0000000000000009,128.0,0.5,False,3464693766
8,8,1,0.0625,0.01953125,0.0675178587895518,165,Ceiling,34,0.1328125,1.0000000000000009,128.0,0.5,False,3464693766
8,8,1,0.0625,0.01953125,0.0675178587895518,165,Ceiling,40,0.15625,1.0000000000000009,128.0,0.5,False,3464693766
8,8,1,0.0625,0.01953125,0.0675178587895518,165,Ceiling,47,0.18359375,1.0000000000000009,128.0,0.5,False,3464693766
8,8,1,0.0625,0.01953125,0.0675178587895518,165,Ceiling,55,0.21484375,1.0000000000000009,128.0,0.5,False,3464693766
8,8,1,0.0625,0.01953125,0.0675178587895518,165,Ceiling,66,0.2578125,1.0000000000000009,128.0,0.5,False,3464693766
8,8,1,0.0625,0.01953125,0.0675178587895518,165,Ceiling,77,0.30078125,1.0000000000000009,128.0,0.5,False,3464693766
8,8,1,0.0625,0.01953125,0.0675178587895518,165,Ceiling,92,0.359375,1.0000000000000009,128.0,0.5,False,3464693766
8,8,1,0.0625,0.01953125,0.0675178587895518,165,Ceiling,108,0.421875,1.0000000000000009,128.0,0.5,False,3464693766
8,8,1,0.0625,0.01953125,0.0675178587895518,165,Ceiling,128,0.5,1.0000000000000009,128.0,0.5,False,3464693766
8,8,1,0.0625,0.01953125,0.22525819849941978,65,BARK,1,0.00390625,0.22525819849941978,16.0,0.0625,True,3464693766
8,8,1,0.0625,0.01953125,0.22525819849941978,65,BARK,2,0.0078125,0.8076458513305262,16.0,0.0625,True,3464693766
8,8,1,0.0625,0.01953125,0.22525819849941978,65,BARK,3,0.01171875,0.8707951269042411,16.0,0.0625,True,3464693766
8,8,1,0.0625,0.01953125,0.22525819849941978,65,BARK,4,0.015625,0.9012785344360448,16.0,0.0625,True,3464693766
8,8,1,0.0625,0.01953125,0.22525819849941978,65,BARK,5,0.01953125,0.9022743459187623,16.0,0.0625,True,3464693766
8,8,1,0.0625,0.01953125,0.22525819849941978,65,BARK,6,0.0234375,0.9135078608084589,16.0,0.0625,True,3464693766
8,8,1,0.0625,0.01953125,0.22525819849941978,65,BARK,7,0.02734375,0.9471518138691922,16.0,0.0625,True,3464693766
8,8,1,0.0625,0.01953125,0.22525819849941978,65,BARK,9,0.03515625,0.9513765018461228,16.0,0.0625,True,3464693766
8,8,1,0.0625,0.01953125,0.22525819849941978,65,BARK,10,0.0390625,0.9532341564109567,16.0,0.0625,True,3464693766
8,8,1,0.0625,0.01953125,0.22525819849941978,65,BARK,12,0.046875,0.9951921587144403,16.0,0.0625,True,3464693766
8,8,1,0.0625,0.01953125,0.22525819849941978,65,BARK,15,0.05859375,0.9980240243467259,16.0,0.0625,True,3464693766
8,8,1,0.0625,0.01953125,0.22525819849941978,65,BARK,17,0.06640625,1.0000000000000004,16.0,0.0625,True,3464693766
8,8,1,0.0625,0.01953125,0.22525819849941978,65,BARK,20,0.078125,1.0000000000000004,16.0,0.0625,True,3464693766
8,8,1,0.0625,0.01953125,0.22525819849941978,65,BARK,24,0.09375,1.0000000000000004,16.0,0.0625,True,3464693766
8,8,1,0.0625,0.01953125,0.22525819849941978,65,BARK,28,0.109375,1.0000000000000004,16.0,0.0625,True,3464693766
8,8,1,0.0625,0.01953125,0.22525819849941978,65,BARK,34,0.1328125,1.0000000000000004,16.0,0.0625,True,3464693766
8,8,1,0.0625,0.01953125,0.22525819849941978,65,BARK,40,0.15625,1.0000000000000004,16.0,0.0625,True,3464693766
8,8,1,0.0625,0.01953125,0.22525819849941978,65,BARK,47,0.18359375,1.0000000000000004,16.0,0.0625,True,3464693766
8,8,1,0.0625,0.01953125,0.22525819849941978,65,BARK,55,0.21484375,1.0000000000000004,16.0,0.0625,True,3464693766
8,8,1,0.0625,0.01953125,0.22525819849941978,65,BARK,66,0.2578125,1.0000000000000004,16.0,0.0625,True,3464693766
8,8,1,0.0625,0.01953125,0.22525819849941978,65,BARK,77,0.30078125,1.0000000000000004,16.0,0.0625,True,3464693766
8,8,1,0.0625,0.01953125,0.22525819849941978,65,BARK,92,0.359375,1.0000000000000004,16.0,0.0625,True,3464693766
8,8,1,0.0625,0.01953125,0.22525819849941978,65,BARK,108,0.421875,1.0000000000000004,16.0,0.0625,True,3464693766
8,8,1,0.0625,0.01953125,0.22525819849941978,65,BARK,128,0.5,1.0000000000000004,16.0,0.0625,True,3464693766
8,8,1,0.0625,0.01953125,0.22525819849941978,65,Simplified BARK,1,0.00390625,0.22525819849941978,16.0,0.0625,True,3464693766
8,8,1,0.0625,0.01953125,0.22525819849941978,65,Simplified BARK,2,0.0078125,0.25137302281538654,16.0,0.0625,True,3464693766
8,8,1,0.0625,0.01953125,0.22525819849941978,65,Simplified BARK,3,0.01171875,0.8292627905534544,16.0,0.0625,True,3464693766
8,8,1,0.0625,0.01953125,0.22525819849941978,65,Simplified BARK,4,0.015625,0.9012785344360446,16.0,0.0625,True,3464693766
8,8,1,0.0625,0.01953125,0.22525819849941978,65,Simplified BARK,5,0.01953125,0.93168045828855,16.0,0.0625,True,3464693766
8,8,1,0.0625,0.01953125,0.22525819849941978,65,Simplified BARK,6,0.0234375,0.9357360504305361,16.0,0.0625,True,3464693766
8,8,1,0.0625,0.01953125,0.22525819849941978,65,Simplified BARK,7,0.02734375,0.9496944842112927,16.0,0.0625,True,3464693766
8,8,1,0.0625,0.01953125,0.22525819849941978,65,Simplified BARK,9,0.03515625,0.9766597260432387,16.0,0.0625,True,3464693766
8,8,1,0.0625,0.01953125,0.22525819849941978,65,Simplified BARK,10,0.0390625,0.9816847104176699,16.0,0.0625,True,3464693766
8,8,1,0.0625,0.01953125,0.22525819849941978,65,Simplified BARK,12,0.046875,0.9970011895993158,16.0,0.0625,True,3464693766
8,8,1,0.0625,0.01953125,0.22525819849941978,65,Simplified BARK,15,0.05859375,0.9999192724596834,16.0,0.0625,True,3464693766
8,8,1,0.0625,0.01953125,0.22525819849941978,65,Simplified BARK,17,0.06640625,1.0000000000000009,16.0,0.0625,True,3464693766
8,8,1,0.0625,0.01953125,0.22525819849941978,65,Simplified BARK,20,0.078125,1.0000000000000009,16.0,0.0625,True,3464693766
8,8,1,0.0625,0.01953125,0.22525819849941978,65,Simplified BARK,24,0.09375,1.0000000000000009,16.0,0.0625,True,3464693766
8,8,1,0.0625,0.01953125,0.22525819849941978,65,Simplified BARK,28,0.109375,1.0000000000000009,16.0,0.0625,True,3464693766
8,8,1,0.0625,0.01953125,0.22525819849941978,65,Simplified BARK,34,0.1328125,1.0000000000000009,16.0,0.0625,True,3464693766
8,8,1,0.0625,0.01953125,0.22525819849941978,65,Simplified BARK,40,0.15625,1.0000000000000009,16.0,0.0625,True,3464693766
8,8,1,0.0625,0.01953125,0.22525819849941978,65,Simplified BARK,47,0.18359375,1.0000000000000009,16.0,0.0625,True,3464693766
8,8,1,0.0625,0.01953125,0.22525819849941978,65,Simplified BARK,55,0.21484375,1.0000000000000009,16.0,0.0625,True,3464693766
8,8,1,0.0625,0.01953125,0.22525819849941978,65,Simplified BARK,66,0.2578125,1.0000000000000009,16.0,0.0625,True,3464693766
8,8,1,0.0625,0.01953125,0.22525819849941978,65,Simplified BARK,77,0.30078125,1.0000000000000009,16.0,0.0625,True,3464693766
8,8,1,0.0625,0.01953125,0.22525819849941978,65,Simplified BARK,92,0.359375,1.0000000000000009,16.0,0.0625,True,3464693766
8,8,1,0.0625,0.01953125,0.22525819849941978,65,Simplified BARK,108,0.421875,1.0000000000000009,16.0,0.0625,True,3464693766
8,8,1,0.0625,0.01953125,0.22525819849941978,65,Simplified BARK,128,0.5,1.0000000000000009,16.0,0.0625,True,3464693766
8,8,1,0.0625,0.01953125,0.22525819849941978,65,SKQD,1,0.00390625,0.22525819849941978,15.666666666666666,0.061197916666666664,True,3464693766
8,8,1,0.0625,0.01953125,0.22525819849941978,65,SKQD,2,0.0078125,0.22525819849941978,15.666666666666666,0.061197916666666664,True,3464693766
8,8,1,0.0625,0.01953125,0.22525819849941978,65,SKQD,3,0.01171875,0.22525819849941978,15.666666666666666,0.061197916666666664,True,3464693766
8,8,1,0.0625,0.01953125,0.22525819849941978,65,SKQD,4,0.015625,0.22525819849941978,15.666666666666666,0.061197916666666664,True,3464693766
8,8,1,0.0625,0.01953125,0.22525819849941978,65,SKQD,5,0.01953125,0.6382588735827012,15.666666666666666,0.061197916666666664,True,3464693766
8,8,1,0.0625,0.01953125,0.22525819849941978,65,SKQD,6,0.0234375,0.6382588735827012,15.666666666666666,0.061197916666666664,True,3464693766
8,8,1,0.0625,0.01953125,0.22525819849941978,65,SKQD,7,0.02734375,0.8576760776027564,15.666666666666666,0.061197916666666664,True,3464693766
8,8,1,0.0625,0.01953125,0.22525819849941978,65,SKQD,9,0.03515625,0.8836177533760883,15.666666666666666,0.061197916666666664,True,3464693766
8,8,1,0.0625,0.01953125,0.22525819849941978,65,SKQD,10,0.0390625,0.9455904016720228,15.666666666666666,0.061197916666666664,True,3464693766
8,8,1,0.0625,0.01953125,0.22525819849941978,65,SKQD,12,0.046875,0.9469999541696593,15.666666666666666,0.061197916666666664,True,3464693766
8,8,1,0.0625,0.01953125,0.22525819849941978,65,SKQD,15,0.05859375,0.9874604957299146,15.666666666666666,0.061197916666666664,True,3464693766
8,8,1,0.0625,0.01953125,0.22525819849941978,65,SKQD,17,0.06640625,0.9999730908198949,15.666666666666666,0.061197916666666664,True,3464693766
8,8,1,0.0625,0.01953125,0.22525819849941978,65,SKQD,20,0.078125,0.9999730908198949,15.666666666666666,0.061197916666666664,True,3464693766
8,8,1,0.0625,0.01953125,0.22525819849941978,65,SKQD,24,0.09375,0.9999730908198949,15.666666666666666,0.061197916666666664,True,3464693766
8,8,1,0.0625,0.01953125,0.22525819849941978,65,SKQD,28,0.109375,0.9999730908198949,15.666666666666666,0.061197916666666664,True,3464693766
8,8,1,0.0625,0.01953125,0.22525819849941978,65,SKQD,34,0.1328125,0.9999730908198949,15.666666666666666,0.061197916666666664,True,3464693766
8,8,1,0.0625,0.01953125,0.22525819849941978,65,SKQD,40,0.15625,0.9999730908198949,15.666666666666666,0.061197916666666664,True,3464693766
8,8,1,0.0625,0.01953125,0.22525819849941978,65,SKQD,47,0.18359375,0.9999730908198949,15.666666666666666,0.061197916666666664,True,3464693766
8,8,1,0.0625,0.01953125,0.22525819849941978,65,SKQD,55,0.21484375,0.9999730908198949,15.666666666666666,0.061197916666666664,True,3464693766
8,8,1,0.0625,0.01953125,0.22525819849941978,65,SKQD,66,0.2578125,0.9999730908198949,15.666666666666666,0.061197916666666664,True,3464693766
8,8,1,0.0625,0.01953125,0.22525819849941978,65,SKQD,77,0.30078125,0.9999730908198949,15.666666666666666,0.061197916666666664,True,3464693766
8,8,1,0.0625,0.01953125,0.22525819849941978,65,SKQD,92,0.359375,0.9999730908198949,15.666666666666666,0.061197916666666664,True,3464693766
8,8,1,0.0625,0.01953125,0.22525819849941978,65,SKQD,108,0.421875,0.9999730908198949,15.666666666666666,0.061197916666666664,True,3464693766
8,8,1,0.0625,0.01953125,0.22525819849941978,65,SKQD,128,0.5,0.9999730908198949,15.666666666666666,0.061197916666666664,True,3464693766
8,8,1,0.0625,0.01953125,0.22525819849941978,65,Ceiling,1,0.00390625,0.5823876528311064,128.0,0.5,False,3464693766
8,8,1,0.0625,0.01953125,0.22525819849941978,65,Ceiling,2,0.0078125,0.8076458513305261,128.0,0.5,False,3464693766
8,8,1,0.0625,0.01953125,0.22525819849941978,65,Ceiling,3,0.01171875,0.875163710120078,128.0,0.5,False,3464693766
8,8,1,0.0625,0.01953125,0.22525819849941978,65,Ceiling,4,0.015625,0.9074935844734978,128.0,0.5,False,3464693766
8,8,1,0.0625,0.01953125,0.22525819849941978,65,Ceiling,5,0.01953125,0.9373008129606636,128.0,0.5,False,3464693766
8,8,1,0.0625,0.01953125,0.22525819849941978,65,Ceiling,6,0.0234375,0.9634156372766305,128.0,0.5,False,3464693766
8,8,1,0.0625,0.01953125,0.22525819849941978,65,Ceiling,7,0.02734375,0.9759203138767643,128.0,0.5,False,3464693766
8,8,1,0.0625,0.01953125,0.22525819849941978,65,Ceiling,9,0.03515625,0.9911973659215779,128.0,0.5,False,3464693766
8,8,1,0.0625,0.01953125,0.22525819849941978,65,Ceiling,10,0.0390625,0.9946530027883986,128.0,0.5,False,3464693766
8,8,1,0.0625,0.01953125,0.22525819849941978,65,Ceiling,12,0.046875,0.9977573834048519,128.0,0.5,False,3464693766
8,8,1,0.0625,0.01953125,0.22525819849941978,65,Ceiling,15,0.05859375,0.9999258026483624,128.0,0.5,False,3464693766
8,8,1,0.0625,0.01953125,0.22525819849941978,65,Ceiling,17,0.06640625,1.0000000000000009,128.0,0.5,False,3464693766
8,8,1,0.0625,0.01953125,0.22525819849941978,65,Ceiling,20,0.078125,1.0000000000000009,128.0,0.5,False,3464693766
8,8,1,0.0625,0.01953125,0.22525819849941978,65,Ceiling,24,0.09375,1.0000000000000009,128.0,0.5,False,3464693766
8,8,1,0.0625,0.01953125,0.22525819849941978,65,Ceiling,28,0.109375,1.0000000000000009,128.0,0.5,False,3464693766
8,8,1,0.0625,0.01953125,0.22525819849941978,65,Ceiling,34,0.1328125,1.0000000000000009,128.0,0.5,False,3464693766
8,8,1,0.0625,0.01953125,0.22525819849941978,65,Ceiling,40,0.15625,1.0000000000000009,128.0,0.5,False,3464693766
8,8,1,0.0625,0.01953125,0.22525819849941978,65,Ceiling,47,0.18359375,1.0000000000000009,128.0,0.5,False,3464693766
8,8,1,0.0625,0.01953125,0.22525819849941978,65,Ceiling,55,0.21484375,1.0000000000000009,128.0,0.5,False,3464693766
8,8,1,0.0625,0.01953125,0.22525819849941978,65,Ceiling,66,0.2578125,1.0000000000000009,128.0,0.5,False,3464693766
8,8,1,0.0625,0.01953125,0.22525819849941978,65,Ceiling,77,0.30078125,1.0000000000000009,128.0,0.5,False,3464693766
8,8,1,0.0625,0.01953125,0.22525819849941978,65,Ceiling,92,0.359375,1.0000000000000009,128.0,0.5,False,3464693766
8,8,1,0.0625,0.01953125,0.22525819849941978,65,Ceiling,108,0.421875,1.0000000000000009,128.0,0.5,False,3464693766
8,8,1,0.0625,0.01953125,0.22525819849941978,65,Ceiling,128,0.5,1.0000000000000009,128.0,0.5,False,3464693766
8,8,1,0.0625,0.01953125,0.5823876528311064,33,BARK,1,0.00390625,0.5823876528311064,16.0,0.0625,True,3464693766
8,8,1,0.0625,0.01953125,0.5823876528311064,33,BARK,2,0.0078125,0.8076458513305262,16.0,0.0625,True,3464693766
8,8,1,0.0625,0.01953125,0.5823876528311064,33,BARK,3,0.01171875,0.8292627905534544,16.0,0.0625,True,3464693766
8,8,1,0.0625,0.01953125,0.5823876528311064,33,BARK,4,0.015625,0.9012785344360452,16.0,0.0625,True,3464693766
8,8,1,0.0625,0.01953125,0.5823876528311064,33,BARK,5,0.01953125,0.904063929406616,16.0,0.0625,True,3464693766
8,8,1,0.0625,0.01953125,0.5823876528311064,33,BARK,6,0.0234375,0.9357360504305363,16.0,0.0625,True,3464693766
8,8,1,0.0625,0.01953125,0.5823876528311064,33,BARK,7,0.02734375,0.9496944842112924,16.0,0.0625,True,3464693766
8,8,1,0.0625,0.01953125,0.5823876528311064,33,BARK,9,0.03515625,0.9513342045036806,16.0,0.0625,True,3464693766
8,8,1,0.0625,0.01953125,0.5823876528311064,33,BARK,10,0.0390625,0.9519672765546042,16.0,0.0625,True,3464693766
8,8,1,0.0625,0.01953125,0.5823876528311064,33,BARK,12,0.046875,0.9920430048928438,16.0,0.0625,True,3464693766
8,8,1,0.0625,0.01953125,0.5823876528311064,33,BARK,15,0.05859375,0.9992616852221922,16.0,0.0625,True,3464693766
8,8,1,0.0625,0.01953125,0.5823876528311064,33,BARK,17,0.06640625,1.0000000000000004,16.0,0.0625,True,3464693766
8,8,1,0.0625,0.01953125,0.5823876528311064,33,BARK,20,0.078125,1.0000000000000004,16.0,0.0625,True,3464693766
8,8,1,0.0625,0.01953125,0.5823876528311064,33,BARK,24,0.09375,1.0000000000000004,16.0,0.0625,True,3464693766
8,8,1,0.0625,0.01953125,0.5823876528311064,33,BARK,28,0.109375,1.0000000000000004,16.0,0.0625,True,3464693766
8,8,1,0.0625,0.01953125,0.5823876528311064,33,BARK,34,0.1328125,1.0000000000000004,16.0,0.0625,True,3464693766
8,8,1,0.0625,0.01953125,0.5823876528311064,33,BARK,40,0.15625,1.0000000000000004,16.0,0.0625,True,3464693766
8,8,1,0.0625,0.01953125,0.5823876528311064,33,BARK,47,0.18359375,1.0000000000000004,16.0,0.0625,True,3464693766
8,8,1,0.0625,0.01953125,0.5823876528311064,33,BARK,55,0.21484375,1.0000000000000004,16.0,0.0625,True,3464693766
8,8,1,0.0625,0.01953125,0.5823876528311064,33,BARK,66,0.2578125,1.0000000000000004,16.0,0.0625,True,3464693766
8,8,1,0.0625,0.01953125,0.5823876528311064,33,BARK,77,0.30078125,1.0000000000000004,16.0,0.0625,True,3464693766
8,8,1,0.0625,0.01953125,0.5823876528311064,33,BARK,92,0.359375,1.0000000000000004,16.0,0.0625,True,3464693766
8,8,1,0.0625,0.01953125,0.5823876528311064,33,BARK,108,0.421875,1.0000000000000004,16.0,0.0625,True,3464693766
8,8,1,0.0625,0.01953125,0.5823876528311064,33,BARK,128,0.5,1.0000000000000004,16.0,0.0625,True,3464693766
8,8,1,0.0625,0.01953125,0.5823876528311064,33,Simplified BARK,1,0.00390625,0.5823876528311064,16.0,0.0625,True,3464693766
8,8,1,0.0625,0.01953125,0.5823876528311064,33,Simplified BARK,2,0.0078125,0.649905511620658,16.0,0.0625,True,3464693766
8,8,1,0.0625,0.01953125,0.5823876528311064,33,Simplified BARK,3,0.01171875,0.870795126904241,16.0,0.0625,True,3464693766
8,8,1,0.0625,0.01953125,0.5823876528311064,33,Simplified BARK,4,0.015625,0.9012785344360446,16.0,0.0625,True,3464693766
8,8,1,0.0625,0.01953125,0.5823876528311064,33,Simplified BARK,5,0.01953125,0.9316804582885504,16.0,0.0625,True,3464693766
8,8,1,0.0625,0.01953125,0.5823876528311064,33,Simplified BARK,6,0.0234375,0.9357360504305361,16.0,0.0625,True,3464693766
8,8,1,0.0625,0.01953125,0.5823876528311064,33,Simplified BARK,7,0.02734375,0.9496944842112924,16.0,0.0625,True,3464693766
8,8,1,0.0625,0.01953125,0.5823876528311064,33,Simplified BARK,9,0.03515625,0.9766597260432389,16.0,0.0625,True,3464693766
8,8,1,0.0625,0.01953125,0.5823876528311064,33,Simplified BARK,10,0.0390625,0.9816847104176699,16.0,0.0625,True,3464693766
8,8,1,0.0625,0.01953125,0.5823876528311064,33,Simplified BARK,12,0.046875,0.9970011895993163,16.0,0.0625,True,3464693766
8,8,1,0.0625,0.01953125,0.5823876528311064,33,Simplified BARK,15,0.05859375,0.9999192724596832,16.0,0.0625,True,3464693766
8,8,1,0.0625,0.01953125,0.5823876528311064,33,Simplified BARK,17,0.06640625,1.0000000000000009,16.0,0.0625,True,3464693766
8,8,1,0.0625,0.01953125,0.5823876528311064,33,Simplified BARK,20,0.078125,1.0000000000000009,16.0,0.0625,True,3464693766
8,8,1,0.0625,0.01953125,0.5823876528311064,33,Simplified BARK,24,0.09375,1.0000000000000009,16.0,0.0625,True,3464693766
8,8,1,0.0625,0.01953125,0.5823876528311064,33,Simplified BARK,28,0.109375,1.0000000000000009,16.0,0.0625,True,3464693766
8,8,1,0.0625,0.01953125,0.5823876528311064,33,Simplified BARK,34,0.1328125,1.0000000000000009,16.0,0.0625,True,3464693766
8,8,1,0.0625,0.01953125,0.5823876528311064,33,Simplified BARK,40,0.15625,1.0000000000000009,16.0,0.0625,True,3464693766
8,8,1,0.0625,0.01953125,0.5823876528311064,33,Simplified BARK,47,0.18359375,1.0000000000000009,16.0,0.0625,True,3464693766
8,8,1,0.0625,0.01953125,0.5823876528311064,33,Simplified BARK,55,0.21484375,1.0000000000000009,16.0,0.0625,True,3464693766
8,8,1,0.0625,0.01953125,0.5823876528311064,33,Simplified BARK,66,0.2578125,1.0000000000000009,16.0,0.0625,True,3464693766
8,8,1,0.0625,0.01953125,0.5823876528311064,33,Simplified BARK,77,0.30078125,1.0000000000000009,16.0,0.0625,True,3464693766
8,8,1,0.0625,0.01953125,0.5823876528311064,33,Simplified BARK,92,0.359375,1.0000000000000009,16.0,0.0625,True,3464693766
8,8,1,0.0625,0.01953125,0.5823876528311064,33,Simplified BARK,108,0.421875,1.0000000000000009,16.0,0.0625,True,3464693766
8,8,1,0.0625,0.01953125,0.5823876528311064,33,Simplified BARK,128,0.5,1.0000000000000009,16.0,0.0625,True,3464693766
8,8,1,0.0625,0.01953125,0.5823876528311064,33,SKQD,1,0.00390625,0.5823876528311064,15.0,0.05859375,True,3464693766
8,8,1,0.0625,0.01953125,0.5823876528311064,33,SKQD,2,0.0078125,0.5823876528311064,15.0,0.05859375,True,3464693766
8,8,1,0.0625,0.01953125,0.5823876528311064,33,SKQD,3,0.01171875,0.6155516095181262,15.0,0.05859375,True,3464693766
8,8,1,0.0625,0.01953125,0.5823876528311064,33,SKQD,4,0.015625,0.6155516095181262,15.0,0.05859375,True,3464693766
8,8,1,0.0625,0.01953125,0.5823876528311064,33,SKQD,5,0.01953125,0.7295016702197025,15.0,0.05859375,True,3464693766
8,8,1,0.0625,0.01953125,0.5823876528311064,33,SKQD,6,0.0234375,0.8446565827184657,15.0,0.05859375,True,3464693766
8,8,1,0.0625,0.01953125,0.5823876528311064,33,SKQD,7,0.02734375,0.8446565827184657,15.0,0.05859375,True,3464693766
8,8,1,0.0625,0.01953125,0.5823876528311064,33,SKQD,9,0.03515625,0.9720067465090795,15.0,0.05859375,True,3464693766
8,8,1,0.0625,0.01953125,0.5823876528311064,33,SKQD,10,0.0390625,0.9720067465090795,15.0,0.05859375,True,3464693766
8,8,1,0.0625,0.01953125,0.5823876528311064,33,SKQD,12,0.046875,0.9871547971247076,15.0,0.05859375,True,3464693766
8,8,1,0.0625,0.01953125,0.5823876528311064,33,SKQD,15,0.05859375,0.9928003148162702,15.0,0.05859375,True,3464693766
8,8,1,0.0625,0.01953125,0.5823876528311064,33,SKQD,17,0.06640625,0.9985469948699955,15.0,0.05859375,True,3464693766
8,8,1,0.0625,0.01953125,0.5823876528311064,33,SKQD,20,0.078125,0.9985469948699955,15.0,0.05859375,True,3464693766
8,8,1,0.0625,0.01953125,0.5823876528311064,33,SKQD,24,0.09375,0.9985469948699955,15.0,0.05859375,True,3464693766
8,8,1,0.0625,0.01953125,0.5823876528311064,33,SKQD,28,0.109375,0.9985469948699955,15.0,0.05859375,True,3464693766
8,8,1,0.0625,0.01953125,0.5823876528311064,33,SKQD,34,0.1328125,0.9985469948699955,15.0,0.05859375,True,3464693766
8,8,1,0.0625,0.01953125,0.5823876528311064,33,SKQD,40,0.15625,0.9985469948699955,15.0,0.05859375,True,3464693766
8,8,1,0.0625,0.01953125,0.5823876528311064,33,SKQD,47,0.18359375,0.9985469948699955,15.0,0.05859375,True,3464693766
8,8,1,0.0625,0.01953125,0.5823876528311064,33,SKQD,55,0.21484375,0.9985469948699955,15.0,0.05859375,True,3464693766
8,8,1,0.0625,0.01953125,0.5823876528311064,33,SKQD,66,0.2578125,0.9985469948699955,15.0,0.05859375,True,3464693766
8,8,1,0.0625,0.01953125,0.5823876528311064,33,SKQD,77,0.30078125,0.9985469948699955,15.0,0.05859375,True,3464693766
8,8,1,0.0625,0.01953125,0.5823876528311064,33,SKQD,92,0.359375,0.9985469948699955,15.0,0.05859375,True,3464693766
8,8,1,0.0625,0.01953125,0.5823876528311064,33,SKQD,108,0.421875,0.9985469948699955,15.0,0.05859375,True,3464693766
8,8,1,0.0625,0.01953125,0.5823876528311064,33,SKQD,128,0.5,0.9985469948699955,15.0,0.05859375,True,3464693766
8,8,1,0.0625,0.01953125,0.5823876528311064,33,Ceiling,1,0.00390625,0.5823876528311064,128.0,0.5,False,3464693766
8,8,1,0.0625,0.01953125,0.5823876528311064,33,Ceiling,2,0.0078125,0.8076458513305261,128.0,0.5,False,3464693766
8,8,1,0.0625,0.01953125,0.5823876528311064,33,Ceiling,3,0.01171875,0.875163710120078,128.0,0.5,False,3464693766
8,8,1,0.0625,0.01953125,0.5823876528311064,33,Ceiling,4,0.015625,0.9074935844734978,128.0,0.5,False,3464693766
8,8,1,0.0625,0.01953125,0.5823876528311064,33,Ceiling,5,0.01953125,0.9373008129606636,128.0,0.5,False,3464693766
8,8,1,0.0625,0.01953125,0.5823876528311064,33,Ceiling,6,0.0234375,0.9634156372766305,128.0,0.5,False,3464693766
8,8,1,0.0625,0.01953125,0.5823876528311064,33,Ceiling,7,0.02734375,0.9759203138767643,128.0,0.5,False,3464693766
8,8,1,0.0625,0.01953125,0.5823876528311064,33,Ceiling,9,0.03515625,0.9911973659215779,128.0,0.5,False,3464693766
8,8,1,0.0625,0.01953125,0.5823876528311064,33,Ceiling,10,0.0390625,0.9946530027883986,128.0,0.5,False,3464693766
8,8,1,0.0625,0.01953125,0.5823876528311064,33,Ceiling,12,0.046875,0.9977573834048519,128.0,0.5,False,3464693766
8,8,1,0.0625,0.01953125,0.5823876528311064,33,Ceiling,15,0.05859375,0.9999258026483624,128.0,0.5,False,3464693766
8,8,1,0.0625,0.01953125,0.5823876528311064,33,Ceiling,17,0.06640625,1.0000000000000009,128.0,0.5,False,3464693766
8,8,1,0.0625,0.01953125,0.5823876528311064,33,Ceiling,20,0.078125,1.0000000000000009,128.0,0.5,False,3464693766
8,8,1,0.0625,0.01953125,0.5823876528311064,33,Ceiling,24,0.09375,1.0000000000000009,128.0,0.5,False,3464693766
8,8,1,0.0625,0.01953125,0.5823876528311064,33,Ceiling,28,0.109375,1.0000000000000009,128.0,0.5,False,3464693766
8,8,1,0.0625,0.01953125,0.5823876528311064,33,Ceiling,34,0.1328125,1.0000000000000009,128.0,0.5,False,3464693766
8,8,1,0.0625,0.01953125,0.5823876528311064,33,Ceiling,40,0.15625,1.0000000000000009,128.0,0.5,False,3464693766
8,8,1,0.0625,0.01953125,0.5823876528311064,33,Ceiling,47,0.18359375,1.0000000000000009,128.0,0.5,False,3464693766
8,8,1,0.0625,0.01953125,0.5823876528311064,33,Ceiling,55,0.21484375,1.0000000000000009,128.0,0.5,False,3464693766
8,8,1,0.0625,0.01953125,0.5823876528311064,33,Ceiling,66,0.2578125,1.0000000000000009,128.0,0.5,False,3464693766
8,8,1,0.0625,0.01953125,0.5823876528311064,33,Ceiling,77,0.30078125,1.0000000000000009,128.0,0.5,False,3464693766
8,8,1,0.0625,0.01953125,0.5823876528311064,33,Ceiling,92,0.359375,1.0000000000000009,128.0,0.5,False,3464693766
8,8,1,0.0625,0.01953125,0.5823876528311064,33,Ceiling,108,0.421875,1.0000000000000009,128.0,0.5,False,3464693766
8,8,1,0.0625,0.01953125,0.5823876528311064,33,Ceiling,128,0.5,1.0000000000000009,128.0,0.5,False,3464693766
8,8,1,0.0625,0.01953125,9.409868674295415e-86,0,BARK,1,0.00390625,9.409868674295415e-86,16.0,0.0625,True,3464693766
8,8,1,0.0625,0.01953125,9.409868674295415e-86,0,BARK,2,0.0078125,3.551336935633647e-65,16.0,0.0625,True,3464693766
8,8,1,0.0625,0.01953125,9.409868674295415e-86,0,BARK,3,0.01171875,3.578790406356575e-65,16.0,0.0625,True,3464693766
8,8,1,0.0625,0.01953125,9.409868674295415e-86,0,BARK,4,0.015625,4.8823140883513985e-68,16.0,0.0625,True,3464693766
8,8,1,0.0625,0.01953125,9.409868674295415e-86,0,BARK,5,0.01953125,1.596428884452949e-67,16.0,0.0625,True,3464693766
8,8,1,0.0625,0.01953125,9.409868674295415e-86,0,BARK,6,0.0234375,3.58466013480082e-66,16.0,0.0625,True,3464693766
8,8,1,0.0625,0.01953125,9.409868674295415e-86,0,BARK,7,0.02734375,1.8146541834643775e-66,16.0,0.0625,True,3464693766
8,8,1,0.0625,0.01953125,9.409868674295415e-86,0,BARK,9,0.03515625,2.5569243636826577e-66,16.0,0.0625,True,3464693766
8,8,1,0.0625,0.01953125,9.409868674295415e-86,0,BARK,10,0.0390625,2.514886375035092e-66,16.0,0.0625,True,3464693766
8,8,1,0.0625,0.01953125,9.409868674295415e-86,0,BARK,12,0.046875,1.0284539798703163e-66,16.0,0.0625,True,3464693766
8,8,1,0.0625,0.01953125,9.409868674295415e-86,0,BARK,15,0.05859375,3.470049091726575e-67,16.0,0.0625,True,3464693766
8,8,1,0.0625,0.01953125,9.409868674295415e-86,0,BARK,17,0.06640625,7.560990512216306e-67,16.0,0.0625,True,3464693766
8,8,1,0.0625,0.01953125,9.409868674295415e-86,0,BARK,20,0.078125,7.560990512216306e-67,16.0,0.0625,True,3464693766
8,8,1,0.0625,0.01953125,9.409868674295415e-86,0,BARK,24,0.09375,7.560990512216306e-67,16.0,0.0625,True,3464693766
8,8,1,0.0625,0.01953125,9.409868674295415e-86,0,BARK,28,0.109375,7.560990512216306e-67,16.0,0.0625,True,3464693766
8,8,1,0.0625,0.01953125,9.409868674295415e-86,0,BARK,34,0.1328125,7.560990512216306e-67,16.0,0.0625,True,3464693766
8,8,1,0.0625,0.01953125,9.409868674295415e-86,0,BARK,40,0.15625,7.560990512216306e-67,16.0,0.0625,True,3464693766
8,8,1,0.0625,0.01953125,9.409868674295415e-86,0,BARK,47,0.18359375,7.560990512216306e-67,16.0,0.0625,True,3464693766
8,8,1,0.0625,0.01953125,9.409868674295415e-86,0,BARK,55,0.21484375,7.560990512216306e-67,16.0,0.0625,True,3464693766
8,8,1,0.0625,0.01953125,9.409868674295415e-86,0,BARK,66,0.2578125,7.560990512216306e-67,16.0,0.0625,True,3464693766
8,8,1,0.0625,0.01953125,9.409868674295415e-86,0,BARK,77,0.30078125,7.560990512216306e-67,16.0,0.0625,True,3464693766
8,8,1,0.0625,0.01953125,9.409868674295415e-86,0,BARK,92,0.359375,7.560990512216306e-67,16.0,0.0625,True,3464693766
8,8,1,0.0625,0.01953125,9.409868674295415e-86,0,BARK,108,0.421875,7.560990512216306e-67,16.0,0.0625,True,3464693766
8,8,1,0.0625,0.01953125,9.409868674295415e-86,0,BARK,128,0.5,7.560990512216306e-67,16.0,0.0625,True,3464693766
8,8,1,0.0625,0.01953125,9.409868674295415e-86,0,Simplified BARK,1,0.00390625,9.409868674295415e-86,16.0,0.0625,True,3464693766
8,8,1,0.0625,0.01953125,9.409868674295415e-86,0,Simplified BARK,2,0.0078125,3.551336935633647e-65,16.0,0.0625,True,3464693766
8,8,1,0.0625,0.01953125,9.409868674295415e-86,0,Simplified BARK,3,0.01171875,4.349881649718236e-67,16.0,0.0625,True,3464693766
8,8,1,0.0625,0.01953125,9.409868674295415e-86,0,Simplified BARK,4,0.015625,4.8823140883514e-68,16.0,0.0625,True,3464693766
8,8,1,0.0625,0.01953125,9.409868674295415e-86,0,Simplified BARK,5,0.01953125,1.6381458543270126e-66,16.0,0.0625,True,3464693766
8,8,1,0.0625,0.01953125,9.409868674295415e-86,0,Simplified BARK,6,0.0234375,4.742981432928369e-67,16.0,0.0625,True,3464693766
8,8,1,0.0625,0.01953125,9.409868674295415e-86,0,Simplified BARK,7,0.02734375,1.8146541834643712e-66,16.0,0.0625,True,3464693766
8,8,1,0.0625,0.01953125,9.409868674295415e-86,0,Simplified BARK,9,0.03515625,4.2646722536886686e-67,16.0,0.0625,True,3464693766
8,8,1,0.0625,0.01953125,9.409868674295415e-86,0,Simplified BARK,10,0.0390625,1.1008806896521013e-66,16.0,0.0625,True,3464693766
8,8,1,0.0625,0.01953125,9.409868674295415e-86,0,Simplified BARK,12,0.046875,1.340077674670437e-71,16.0,0.0625,True,3464693766
8,8,1,0.0625,0.01953125,9.409868674295415e-86,0,Simplified BARK,15,0.05859375,7.243542180034028e-67,16.0,0.0625,True,3464693766
8,8,1,0.0625,0.01953125,9.409868674295415e-86,0,Simplified BARK,17,0.06640625,7.560990512216294e-67,16.0,0.0625,True,3464693766
8,8,1,0.0625,0.01953125,9.409868674295415e-86,0,Simplified BARK,20,0.078125,7.560990512216294e-67,16.0,0.0625,True,3464693766
8,8,1,0.0625,0.01953125,9.409868674295415e-86,0,Simplified BARK,24,0.09375,7.560990512216294e-67,16.0,0.0625,True,3464693766
8,8,1,0.0625,0.01953125,9.409868674295415e-86,0,Simplified BARK,28,0.109375,7.560990512216294e-67,16.0,0.0625,True,3464693766
8,8,1,0.0625,0.01953125,9.409868674295415e-86,0,Simplified BARK,34,0.1328125,7.560990512216294e-67,16.0,0.0625,True,3464693766
8,8,1,0.0625,0.01953125,9.409868674295415e-86,0,Simplified BARK,40,0.15625,7.560990512216294e-67,16.0,0.0625,True,3464693766
8,8,1,0.0625,0.01953125,9.409868674295415e-86,0,Simplified BARK,47,0.18359375,7.560990512216294e-67,16.0,0.0625,True,3464693766
8,8,1,0.0625,0.01953125,9.409868674295415e-86,0,Simplified BARK,55,0.21484375,7.560990512216294e-67,16.0,0.0625,True,3464693766
8,8,1,0.0625,0.01953125,9.409868674295415e-86,0,Simplified BARK,66,0.2578125,7.560990512216294e-67,16.0,0.0625,True,3464693766
8,8,1,0.0625,0.01953125,9.409868674295415e-86,0,Simplified BARK,77,0.30078125,7.560990512216294e-67,16.0,0.0625,True,3464693766
8,8,1,0.0625,0.01953125,9.409868674295415e-86,0,Simplified BARK,92,0.359375,7.560990512216294e-67,16.0,0.0625,True,3464693766
8,8,1,0.0625,0.01953125,9.409868674295415e-86,0,Simplified BARK,108,0.421875,7.560990512216294e-67,16.0,0.0625,True,3464693766
8,8,1,0.0625,0.01953125,9.409868674295415e-86,0,Simplified BARK,128,0.5,7.560990512216294e-67,16.0,0.0625,True,3464693766
8,8,1,0.0625,0.01953125,9.409868674295415e-86,0,SKQD,1,0.00390625,9.409868674295417e-86,2.0,0.0078125,True,3464693766
8,8,1,0.0625,0.01953125,9.409868674295415e-86,0,SKQD,2,0.0078125,1.183778978544549e-65,2.0,0.0078125,True,3464693766
8,8,1,0.0625,0.01953125,9.409868674295415e-86,0,SKQD,3,0.01171875,1.4499605499060787e-67,2.0,0.0078125,True,3464693766
8,8,1,0.0625,0.01953125,9.409868674295415e-86,0,SKQD,4,0.015625,1.6274380294504667e-68,2.0,0.0078125,True,3464693766
8,8,1,0.0625,0.01953125,9.409868674295415e-86,0,SKQD,5,0.01953125,1.6274380294504667e-68,2.0,0.0078125,True,3464693766
8,8,1,0.0625,0.01953125,9.409868674295415e-86,0,SKQD,6,0.0234375,1.6274380294504667e-68,2.0,0.0078125,True,3464693766
8,8,1,0.0625,0.01953125,9.409868674295415e-86,0,SKQD,7,0.02734375,1.6274380294504667e-68,2.0,0.0078125,True,3464693766
8,8,1,0.0625,0.01953125,9.409868674295415e-86,0,SKQD,9,0.03515625,1.6274380294504667e-68,2.0,0.0078125,True,3464693766
8,8,1,0.0625,0.01953125,9.409868674295415e-86,0,SKQD,10,0.0390625,1.6274380294504667e-68,2.0,0.0078125,True,3464693766
8,8,1,0.0625,0.01953125,9.409868674295415e-86,0,SKQD,12,0.046875,1.6274380294504667e-68,2.0,0.0078125,True,3464693766
8,8,1,0.0625,0.01953125,9.409868674295415e-86,0,SKQD,15,0.05859375,1.6274380294504667e-68,2.0,0.0078125,True,3464693766
8,8,1,0.0625,0.01953125,9.409868674295415e-86,0,SKQD,17,0.06640625,1.6274380294504667e-68,2.0,0.0078125,True,3464693766
8,8,1,0.0625,0.01953125,9.409868674295415e-86,0,SKQD,20,0.078125,1.6274380294504667e-68,2.0,0.0078125,True,3464693766
8,8,1,0.0625,0.01953125,9.409868674295415e-86,0,SKQD,24,0.09375,1.6274380294504667e-68,2.0,0.0078125,True,3464693766
8,8,1,0.0625,0.01953125,9.409868674295415e-86,0,SKQD,28,0.109375,1.6274380294504667e-68,2.0,0.0078125,True,3464693766
8,8,1,0.0625,0.01953125,9.409868674295415e-86,0,SKQD,34,0.1328125,1.6274380294504667e-68,2.0,0.0078125,True,3464693766
8,8,1,0.0625,0.01953125,9.409868674295415e-86,0,SKQD,40,0.15625,1.6274380294504667e-68,2.0,0.0078125,True,3464693766
8,8,1,0.0625,0.01953125,9.409868674295415e-86,0,SKQD,47,0.18359375,1.6274380294504667e-68,2.0,0.0078125,True,3464693766
8,8,1,0.0625,0.01953125,9.409868674295415e-86,0,SKQD,55,0.21484375,1.6274380294504667e-68,2.0,0.0078125,True,3464693766
8,8,1,0.0625,0.01953125,9.409868674295415e-86,0,SKQD,66,0.2578125,1.6274380294504667e-68,2.0,0.0078125,True,3464693766
8,8,1,0.0625,0.01953125,9.409868674295415e-86,0,SKQD,77,0.30078125,1.6274380294504667e-68,2.0,0.0078125,True,3464693766
8,8,1,0.0625,0.01953125,9.409868674295415e-86,0,SKQD,92,0.359375,1.6274380294504667e-68,2.0,0.0078125,True,3464693766
8,8,1,0.0625,0.01953125,9.409868674295415e-86,0,SKQD,108,0.421875,1.6274380294504667e-68,2.0,0.0078125,True,3464693766
8,8,1,0.0625,0.01953125,9.409868674295415e-86,0,SKQD,128,0.5,1.6274380294504667e-68,2.0,0.0078125,True,3464693766
8,8,1,0.0625,0.01953125,9.409868674295415e-86,0,Ceiling,1,0.00390625,0.5823876528311064,128.0,0.5,False,3464693766
8,8,1,0.0625,0.01953125,9.409868674295415e-86,0,Ceiling,2,0.0078125,0.8076458513305261,128.0,0.5,False,3464693766
8,8,1,0.0625,0.01953125,9.409868674295415e-86,0,Ceiling,3,0.01171875,0.875163710120078,128.0,0.5,False,3464693766
8,8,1,0.0625,0.01953125,9.409868674295415e-86,0,Ceiling,4,0.015625,0.9074935844734978,128.0,0.5,False,3464693766
8,8,1,0.0625,0.01953125,9.409868674295415e-86,0,Ceiling,5,0.01953125,0.9373008129606636,128.0,0.5,False,3464693766
8,8,1,0.0625,0.01953125,9.409868674295415e-86,0,Ceiling,6,0.0234375,0.9634156372766305,128.0,0.5,False,3464693766
8,8,1,0.0625,0.01953125,9.409868674295415e-86,0,Ceiling,7,0.02734375,0.9759203138767643,128.0,0.5,False,3464693766
8,8,1,0.0625,0.01953125,9.409868674295415e-86,0,Ceiling,9,0.03515625,0.9911973659215779,128.0,0.5,False,3464693766
8,8,1,0.0625,0.01953125,9.409868674295415e-86,0,Ceiling,10,0.0390625,0.9946530027883986,128.0,0.5,False,3464693766
8,8,1,0.0625,0.01953125,9.409868674295415e-86,0,Ceiling,12,0.046875,0.9977573834048519,128.0,0.5,False,3464693766
8,8,1,0.0625,0.01953125,9.409868674295415e-86,0,Ceiling,15,0.05859375,0.9999258026483624,128.0,0.5,False,3464693766
8,8,1,0.0625,0.01953125,9.409868674295415e-86,0,Ceiling,17,0.06640625,1.0000000000000009,128.0,0.5,False,3464693766
8,8,1,0.0625,0.01953125,9.409868674295415e-86,0,Ceiling,20,0.078125,1.0000000000000009,128.0,0.5,False,3464693766
8,8,1,0.0625,0.01953125,9.409868674295415e-86,0,Ceiling,24,0.09375,1.0000000000000009,128.0,0.5,False,3464693766
8,8,1,0.0625,0.01953125,9.409868674295415e-86,0,Ceiling,28,0.109375,1.0000000000000009,128.0,0.5,False,3464693766
8,8,1,0.0625,0.01953125,9.409868674295415e-86,0,Ceiling,34,0.1328125,1.0000000000000009,128.0,0.5,False,3464693766
8,8,1,0.0625,0.01953125,9.409868674295415e-86,0,Ceiling,40,0.15625,1.0000000000000009,128.0,0.5,False,3464693766
8,8,1,0.0625,0.01953125,9.409868674295415e-86,0,Ceiling,47,0.18359375,1.0000000000000009,128.0,0.5,False,3464693766
8,8,1,0.0625,0.01953125,9.409868674295415e-86,0,Ceiling,55,0.21484375,1.0000000000000009,128.0,0.5,False,3464693766
8,8,1,0.0625,0.01953125,9.409868674295415e-86,0,Ceiling,66,0.2578125,1.0000000000000009,128.0,0.5,False,3464693766
8,8,1,0.0625,0.01953125,9.409868674295415e-86,0,Ceiling,77,0.30078125,1.0000000000000009,128.0,0.5,False,3464693766
8,8,1,0.0625,0.01953125,9.409868674295415e-86,0,Ceiling,92,0.359375,1.0000000000000009,128.0,0.5,False,3464693766
8,8,1,0.0625,0.01953125,9.409868674295415e-86,0,Ceiling,108,0.421875,1.0000000000000009,128.0,0.5,False,3464693766
8,8,1,0.0625,0.01953125,9.409868674295415e-86,0,Ceiling,128,0.5,1.0000000000000009,128.0,0.5,False,3464693766
8,8,1,0.0625,0.01953125,9.495567745759799e-66,156,BARK,1,0.00390625,9.495567745759799e-66,16.0,0.0625,True,3464693766
8,8,1,0.0625,0.01953125,9.495567745759799e-66,156,BARK,2,0.0078125,2.989262341392622e-64,16.0,0.0625,True,3464693766
8,8,1,0.0625,0.01953125,9.495567745759799e-66,156,BARK,3,0.01171875,3.578790406356574e-65,16.0,0.0625,True,3464693766
8,8,1,0.0625,0.01953125,9.495567745759799e-66,156,BARK,4,0.015625,4.882314088351368e-68,16.0,0.0625,True,3464693766
8,8,1,0.0625,0.01953125,9.495567745759799e-66,156,BARK,5,0.01953125,1.59642888445296e-67,16.0,0.0625,True,3464693766
8,8,1,0.0625,0.01953125,9.495567745759799e-66,156,BARK,6,0.0234375,3.5846601348008005e-66,16.0,0.0625,True,3464693766
8,8,1,0.0625,0.01953125,9.495567745759799e-66,156,BARK,7,0.02734375,1.8146541834643604e-66,16.0,0.0625,True,3464693766
8,8,1,0.0625,0.01953125,9.495567745759799e-66,156,BARK,9,0.03515625,2.556924363682646e-66,16.0,0.0625,True,3464693766
8,8,1,0.0625,0.01953125,9.495567745759799e-66,156,BARK,10,0.0390625,2.514886375035074e-66,16.0,0.0625,True,3464693766
8,8,1,0.0625,0.01953125,9.495567745759799e-66,156,BARK,12,0.046875,1.0284539798703156e-66,16.0,0.0625,True,3464693766
8,8,1,0.0625,0.01953125,9.495567745759799e-66,156,BARK,15,0.05859375,3.4700490917266174e-67,16.0,0.0625,True,3464693766
8,8,1,0.0625,0.01953125,9.495567745759799e-66,156,BARK,17,0.06640625,7.560990512216377e-67,16.0,0.0625,True,3464693766
8,8,1,0.0625,0.01953125,9.495567745759799e-66,156,BARK,20,0.078125,7.560990512216377e-67,16.0,0.0625,True,3464693766
8,8,1,0.0625,0.01953125,9.495567745759799e-66,156,BARK,24,0.09375,7.560990512216377e-67,16.0,0.0625,True,3464693766
8,8,1,0.0625,0.01953125,9.495567745759799e-66,156,BARK,28,0.109375,7.560990512216377e-67,16.0,0.0625,True,3464693766
8,8,1,0.0625,0.01953125,9.495567745759799e-66,156,BARK,34,0.1328125,7.560990512216377e-67,16.0,0.0625,True,3464693766
8,8,1,0.0625,0.01953125,9.495567745759799e-66,156,BARK,40,0.15625,7.560990512216377e-67,16.0,0.0625,True,3464693766
8,8,1,0.0625,0.01953125,9.495567745759799e-66,156,BARK,47,0.18359375,7.560990512216377e-67,16.0,0.0625,True,3464693766
8,8,1,0.0625,0.01953125,9.495567745759799e-66,156,BARK,55,0.21484375,7.560990512216377e-67,16.0,0.0625,True,3464693766
8,8,1,0.0625,0.01953125,9.495567745759799e-66,156,BARK,66,0.2578125,7.560990512216377e-67,16.0,0.0625,True,3464693766
8,8,1,0.0625,0.01953125,9.495567745759799e-66,156,BARK,77,0.30078125,7.560990512216377e-67,16.0,0.0625,True,3464693766
8,8,1,0.0625,0.01953125,9.495567745759799e-66,156,BARK,92,0.359375,7.560990512216377e-67,16.0,0.0625,True,3464693766
8,8,1,0.0625,0.01953125,9.495567745759799e-66,156,BARK,108,0.421875,7.560990512216377e-67,16.0,0.0625,True,3464693766
8,8,1,0.0625,0.01953125,9.495567745759799e-66,156,BARK,128,0.5,7.560990512216377e-67,16.0,0.0625,True,3464693766
8,8,1,0.0625,0.01953125,9.495567745759799e-66,156,Simplified BARK,1,0.00390625,9.495567745759799e-66,16.0,0.0625,True,3464693766
8,8,1,0.0625,0.01953125,9.495567745759799e-66,156,Simplified BARK,2,0.0078125,5.919239558960167e-64,16.0,0.0625,True,3464693766
8,8,1,0.0625,0.01953125,9.495567745759799e-66,156,Simplified BARK,3,0.01171875,3.680717147304223e-65,16.0,0.0625,True,3464693766
8,8,1,0.0625,0.01953125,9.495567745759799e-66,156,Simplified BARK,4,0.015625,4.8823140883515195e-68,16.0,0.0625,True,3464693766
8,8,1,0.0625,0.01953125,9.495567745759799e-66,156,Simplified BARK,5,0.01953125,1.63814585432702e-66,16.0,0.0625,True,3464693766
8,8,1,0.0625,0.01953125,9.495567745759799e-66,156,Simplified BARK,6,0.0234375,4.742981432928421e-67,16.0,0.0625,True,3464693766
8,8,1,0.0625,0.01953125,9.495567745759799e-66,156,Simplified BARK,7,0.02734375,1.8146541834643793e-66,16.0,0.0625,True,3464693766
8,8,1,0.0625,0.01953125,9.495567745759799e-66,156,Simplified BARK,9,0.03515625,4.2646722536886647e-67,16.0,0.0625,True,3464693766
8,8,1,0.0625,0.01953125,9.495567745759799e-66,156,Simplified BARK,10,0.0390625,1.1008806896521038e-66,16.0,0.0625,True,3464693766
8,8,1,0.0625,0.01953125,9.495567745759799e-66,156,Simplified BARK,12,0.046875,1.3400776746806203e-71,16.0,0.0625,True,3464693766
8,8,1,0.0625,0.01953125,9.495567745759799e-66,156,Simplified BARK,15,0.05859375,7.243542180034293e-67,16.0,0.0625,True,3464693766
8,8,1,0.0625,0.01953125,9.495567745759799e-66,156,Simplified BARK,17,0.06640625,7.560990512216556e-67,16.0,0.0625,True,3464693766
8,8,1,0.0625,0.01953125,9.495567745759799e-66,156,Simplified BARK,20,0.078125,7.560990512216556e-67,16.0,0.0625,True,3464693766
8,8,1,0.0625,0.01953125,9.495567745759799e-66,156,Simplified BARK,24,0.09375,7.560990512216556e-67,16.0,0.0625,True,3464693766
8,8,1,0.0625,0.01953125,9.495567745759799e-66,156,Simplified BARK,28,0.109375,7.560990512216556e-67,16.0,0.0625,True,3464693766
8,8,1,0.0625,0.01953125,9.495567745759799e-66,156,Simplified BARK,34,0.1328125,7.560990512216556e-67,16.0,0.0625,True,3464693766
8,8,1,0.0625,0.01953125,9.495567745759799e-66,156,Simplified BARK,40,0.15625,7.560990512216556e-67,16.0,0.0625,True,3464693766
8,8,1,0.0625,0.01953125,9.495567745759799e-66,156,Simplified BARK,47,0.18359375,7.560990512216556e-67,16.0,0.0625,True,3464693766
8,8,1,0.0625,0.01953125,9.495567745759799e-66,156,Simplified BARK,55,0.21484375,7.560990512216556e-67,16.0,0.0625,True,3464693766
8,8,1,0.0625,0.01953125,9.495567745759799e-66,156,Simplified BARK,66,0.2578125,7.560990512216556e-67,16.0,0.0625,True,3464693766
8,8,1,0.0625,0.01953125,9.495567745759799e-66,156,Simplified BARK,77,0.30078125,7.560990512216556e-67,16.0,0.0625,True,3464693766
8,8,1,0.0625,0.01953125,9.495567745759799e-66,156,Simplified BARK,92,0.359375,7.560990512216556e-67,16.0,0.0625,True,3464693766
8,8,1,0.0625,0.01953125,9.495567745759799e-66,156,Simplified BARK,108,0.421875,7.560990512216556e-67,16.0,0.0625,True,3464693766
8,8,1,0.0625,0.01953125,9.495567745759799e-66,156,Simplified BARK,128,0.5,7.560990512216556e-67,16.0,0.0625,True,3464693766
8,8,1,0.0625,0.01953125,9.495567745759799e-66,156,SKQD,1,0.00390625,9.495567745759799e-66,5.0,0.01953125,True,3464693766
8,8,1,0.0625,0.01953125,9.495567745759799e-66,156,SKQD,2,0.0078125,9.495567745759799e-66,5.0,0.01953125,True,3464693766
8,8,1,0.0625,0.01953125,9.495567745759799e-66,156,SKQD,3,0.01171875,9.495567745759799e-66,5.0,0.01953125,True,3464693766
8,8,1,0.0625,0.01953125,9.495567745759799e-66,156,SKQD,4,0.015625,3.197738009175607e-66,5.0,0.01953125,True,3464693766
8,8,1,0.0625,0.01953125,9.495567745759799e-66,156,SKQD,5,0.01953125,6.217029767953786e-68,5.0,0.01953125,True,3464693766
8,8,1,0.0625,0.01953125,9.495567745759799e-66,156,SKQD,6,0.0234375,1.1649369288255163e-67,5.0,0.01953125,True,3464693766
8,8,1,0.0625,0.01953125,9.495567745759799e-66,156,SKQD,7,0.02734375,1.1649369288255163e-67,5.0,0.01953125,True,3464693766
8,8,1,0.0625,0.01953125,9.495567745759799e-66,156,SKQD,9,0.03515625,1.1649369288255163e-67,5.0,0.01953125,True,3464693766
8,8,1,0.0625,0.01953125,9.495567745759799e-66,156,SKQD,10,0.0390625,1.1649369288255163e-67,5.0,0.01953125,True,3464693766
8,8,1,0.0625,0.01953125,9.495567745759799e-66,156,SKQD,12,0.046875,1.1649369288255163e-67,5.0,0.01953125,True,3464693766
8,8,1,0.0625,0.01953125,9.495567745759799e-66,156,SKQD,15,0.05859375,1.1649369288255163e-67,5.0,0.01953125,True,3464693766
8,8,1,0.0625,0.01953125,9.495567745759799e-66,156,SKQD,17,0.06640625,1.1649369288255163e-67,5.0,0.01953125,True,3464693766
8,8,1,0.0625,0.01953125,9.495567745759799e-66,156,SKQD,20,0.078125,1.1649369288255163e-67,5.0,0.01953125,True,3464693766
8,8,1,0.0625,0.01953125,9.495567745759799e-66,156,SKQD,24,0.09375,1.1649369288255163e-67,5.0,0.01953125,True,3464693766
8,8,1,0.0625,0.01953125,9.495567745759799e-66,156,SKQD,28,0.109375,1.1649369288255163e-67,5.0,0.01953125,True,3464693766
8,8,1,0.0625,0.01953125,9.495567745759799e-66,156,SKQD,34,0.1328125,1.1649369288255163e-67,5.0,0.01953125,True,3464693766
8,8,1,0.0625,0.01953125,9.495567745759799e-66,156,SKQD,40,0.15625,1.1649369288255163e-67,5.0,0.01953125,True,3464693766
8,8,1,0.0625,0.01953125,9.495567745759799e-66,156,SKQD,47,0.18359375,1.1649369288255163e-67,5.0,0.01953125,True,3464693766
8,8,1,0.0625,0.01953125,9.495567745759799e-66,156,SKQD,55,0.21484375,1.1649369288255163e-67,5.0,0.01953125,True,3464693766
8,8,1,0.0625,0.01953125,9.495567745759799e-66,156,SKQD,66,0.2578125,1.1649369288255163e-67,5.0,0.01953125,True,3464693766
8,8,1,0.0625,0.01953125,9.495567745759799e-66,156,SKQD,77,0.30078125,1.1649369288255163e-67,5.0,0.01953125,True,3464693766
8,8,1,0.0625,0.01953125,9.495567745759799e-66,156,SKQD,92,0.359375,1.1649369288255163e-67,5.0,0.01953125,True,3464693766
8,8,1,0.0625,0.01953125,9.495567745759799e-66,156,SKQD,108,0.421875,1.1649369288255163e-67,5.0,0.01953125,True,3464693766
8,8,1,0.0625,0.01953125,9.495567745759799e-66,156,SKQD,128,0.5,1.1649369288255163e-67,5.0,0.01953125,True,3464693766
8,8,1,0.0625,0.01953125,9.495567745759799e-66,156,Ceiling,1,0.00390625,0.5823876528311064,128.0,0.5,False,3464693766
8,8,1,0.0625,0.01953125,9.495567745759799e-66,156,Ceiling,2,0.0078125,0.8076458513305261,128.0,0.5,False,3464693766
8,8,1,0.0625,0.01953125,9.495567745759799e-66,156,Ceiling,3,0.01171875,0.875163710120078,128.0,0.5,False,3464693766
8,8,1,0.0625,0.01953125,9.495567745759799e-66,156,Ceiling,4,0.015625,0.9074935844734978,128.0,0.5,False,3464693766
8,8,1,0.0625,0.01953125,9.495567745759799e-66,156,Ceiling,5,0.01953125,0.9373008129606636,128.0,0.5,False,3464693766
8,8,1,0.0625,0.01953125,9.495567745759799e-66,156,Ceiling,6,0.0234375,0.9634156372766305,128.0,0.5,False,3464693766
8,8,1,0.0625,0.01953125,9.495567745759799e-66,156,Ceiling,7,0.02734375,0.9759203138767643,128.0,0.5,False,3464693766
8,8,1,0.0625,0.01953125,9.495567745759799e-66,156,Ceiling,9,0.03515625,0.9911973659215779,128.0,0.5,False,3464693766
8,8,1,0.0625,0.01953125,9.495567745759799e-66,156,Ceiling,10,0.0390625,0.9946530027883986,128.0,0.5,False,3464693766
8,8,1,0.0625,0.01953125,9.495567745759799e-66,156,Ceiling,12,0.046875,0.9977573834048519,128.0,0.5,False,3464693766
8,8,1,0.0625,0.01953125,9.495567745759799e-66,156,Ceiling,15,0.05859375,0.9999258026483624,128.0,0.5,False,3464693766
8,8,1,0.0625,0.01953125,9.495567745759799e-66,156,Ceiling,17,0.06640625,1.0000000000000009,128.0,0.5,False,3464693766
8,8,1,0.0625,0.01953125,9.495567745759799e-66,156,Ceiling,20,0.078125,1.0000000000000009,128.0,0.5,False,3464693766
8,8,1,0.0625,0.01953125,9.495567745759799e-66,156,Ceiling,24,0.09375,1.0000000000000009,128.0,0.5,False,3464693766
8,8,1,0.0625,0.01953125,9.495567745759799e-66,156,Ceiling,28,0.109375,1.0000000000000009,128.0,0.5,False,3464693766
8,8,1,0.0625,0.01953125,9.495567745759799e-66,156,Ceiling,34,0.1328125,1.0000000000000009,128.0,0.5,False,3464693766
8,8,1,0.0625,0.01953125,9.495567745759799e-66,156,Ceiling,40,0.15625,1.0000000000000009,128.0,0.5,False,3464693766
8,8,1,0.0625,0.01953125,9.495567745759799e-66,156,Ceiling,47,0.18359375,1.0000000000000009,128.0,0.5,False,3464693766
8,8,1,0.0625,0.01953125,9.495567745759799e-66,156,Ceiling,55,0.21484375,1.0000000000000009,128.0,0.5,False,3464693766
8,8,1,0.0625,0.01953125,9.495567745759799e-66,156,Ceiling,66,0.2578125,1.0000000000000009,128.0,0.5,False,3464693766
8,8,1,0.0625,0.01953125,9.495567745759799e-66,156,Ceiling,77,0.30078125,1.0000000000000009,128.0,0.5,False,3464693766
8,8,1,0.0625,0.01953125,9.495567745759799e-66,156,Ceiling,92,0.359375,1.0000000000000009,128.0,0.5,False,3464693766
8,8,1,0.0625,0.01953125,9.495567745759799e-66,156,Ceiling,108,0.421875,1.0000000000000009,128.0,0.5,False,3464693766
8,8,1,0.0625,0.01953125,9.495567745759799e-66,156,Ceiling,128,0.5,1.0000000000000009,128.0,0.5,False,3464693766
8,8,1,0.0625,0.01953125,1.615730198684335e-64,3,BARK,1,0.00390625,1.615730198684335e-64,16.0,0.0625,True,3464693766
8,8,1,0.0625,0.01953125,1.615730198684335e-64,3,BARK,2,0.0078125,2.47078681701001e-66,16.0,0.0625,True,3464693766
8,8,1,0.0625,0.01953125,1.615730198684335e-64,3,BARK,3,0.01171875,5.04851359720382e-65,16.0,0.0625,True,3464693766
8,8,1,0.0625,0.01953125,1.615730198684335e-64,3,BARK,4,0.015625,5.064980123374237e-65,16.0,0.0625,True,3464693766
8,8,1,0.0625,0.01953125,1.615730198684335e-64,3,BARK,5,0.01953125,1.638145854327006e-66,16.0,0.0625,True,3464693766
8,8,1,0.0625,0.01953125,1.615730198684335e-64,3,BARK,6,0.0234375,3.5846601348008137e-66,16.0,0.0625,True,3464693766
8,8,1,0.0625,0.01953125,1.615730198684335e-64,3,BARK,7,0.02734375,4.1521709690986937e-66,16.0,0.0625,True,3464693766
8,8,1,0.0625,0.01953125,1.615730198684335e-64,3,BARK,9,0.03515625,2.6726826492971274e-66,16.0,0.0625,True,3464693766
8,8,1,0.0625,0.01953125,1.615730198684335e-64,3,BARK,10,0.0390625,3.3930230548434053e-66,16.0,0.0625,True,3464693766
8,8,1,0.0625,0.01953125,1.615730198684335e-64,3,BARK,12,0.046875,5.831346627568721e-68,16.0,0.0625,True,3464693766
8,8,1,0.0625,0.01953125,1.615730198684335e-64,3,BARK,15,0.05859375,1.0038084001749783e-68,16.0,0.0625,True,3464693766
8,8,1,0.0625,0.01953125,1.615730198684335e-64,3,BARK,17,0.06640625,7.56099051221636e-67,16.0,0.0625,True,3464693766
8,8,1,0.0625,0.01953125,1.615730198684335e-64,3,BARK,20,0.078125,7.56099051221636e-67,16.0,0.0625,True,3464693766
8,8,1,0.0625,0.01953125,1.615730198684335e-64,3,BARK,24,0.09375,7.56099051221636e-67,16.0,0.0625,True,3464693766
8,8,1,0.0625,0.01953125,1.615730198684335e-64,3,BARK,28,0.109375,7.56099051221636e-67,16.0,0.0625,True,3464693766
8,8,1,0.0625,0.01953125,1.615730198684335e-64,3,BARK,34,0.1328125,7.56099051221636e-67,16.0,0.0625,True,3464693766
8,8,1,0.0625,0.01953125,1.615730198684335e-64,3,BARK,40,0.15625,7.56099051221636e-67,16.0,0.0625,True,3464693766
8,8,1,0.0625,0.01953125,1.615730198684335e-64,3,BARK,47,0.18359375,7.56099051221636e-67,16.0,0.0625,True,3464693766
8,8,1,0.0625,0.01953125,1.615730198684335e-64,3,BARK,55,0.21484375,7.56099051221636e-67,16.0,0.0625,True,3464693766
8,8,1,0.0625,0.01953125,1.615730198684335e-64,3,BARK,66,0.2578125,7.56099051221636e-67,16.0,0.0625,True,3464693766
8,8,1,0.0625,0.01953125,1.615730198684335e-64,3,BARK,77,0.30078125,7.56099051221636e-67,16.0,0.0625,True,3464693766
8,8,1,0.0625,0.01953125,1.615730198684335e-64,3,BARK,92,0.359375,7.56099051221636e-67,16.0,0.0625,True,3464693766
8,8,1,0.0625,0.01953125,1.615730198684335e-64,3,BARK,108,0.421875,7.56099051221636e-67,16.0,0.0625,True,3464693766
8,8,1,0.0625,0.01953125,1.615730198684335e-64,3,BARK,128,0.5,7.56099051221636e-67,16.0,0.0625,True,3464693766
8,8,1,0.0625,0.01953125,1.615730198684335e-64,3,Simplified BARK,1,0.00390625,1.615730198684335e-64,16.0,0.0625,True,3464693766
8,8,1,0.0625,0.01953125,1.615730198684335e-64,3,Simplified BARK,2,0.0078125,1.670371456685728e-65,16.0,0.0625,True,3464693766
8,8,1,0.0625,0.01953125,1.615730198684335e-64,3,Simplified BARK,3,0.01171875,8.69078171712537e-65,16.0,0.0625,True,3464693766
8,8,1,0.0625,0.01953125,1.615730198684335e-64,3,Simplified BARK,4,0.015625,1.2436825438651935e-64,16.0,0.0625,True,3464693766
8,8,1,0.0625,0.01953125,1.615730198684335e-64,3,Simplified BARK,5,0.01953125,4.316184840538381e-66,16.0,0.0625,True,3464693766
8,8,1,0.0625,0.01953125,1.615730198684335e-64,3,Simplified BARK,6,0.0234375,5.162950118630612e-65,16.0,0.0625,True,3464693766
8,8,1,0.0625,0.01953125,1.615730198684335e-64,3,Simplified BARK,7,0.02734375,4.058095617377832e-66,16.0,0.0625,True,3464693766
8,8,1,0.0625,0.01953125,1.615730198684335e-64,3,Simplified BARK,9,0.03515625,4.264672253688726e-67,16.0,0.0625,True,3464693766
8,8,1,0.0625,0.01953125,1.615730198684335e-64,3,Simplified BARK,10,0.0390625,1.1008806896521131e-66,16.0,0.0625,True,3464693766
8,8,1,0.0625,0.01953125,1.615730198684335e-64,3,Simplified BARK,12,0.046875,1.3400776746610363e-71,16.0,0.0625,True,3464693766
8,8,1,0.0625,0.01953125,1.615730198684335e-64,3,Simplified BARK,15,0.05859375,7.243542180034182e-67,16.0,0.0625,True,3464693766
8,8,1,0.0625,0.01953125,1.615730198684335e-64,3,Simplified BARK,17,0.06640625,7.560990512216354e-67,16.0,0.0625,True,3464693766
8,8,1,0.0625,0.01953125,1.615730198684335e-64,3,Simplified BARK,20,0.078125,7.560990512216354e-67,16.0,0.0625,True,3464693766
8,8,1,0.0625,0.01953125,1.615730198684335e-64,3,Simplified BARK,24,0.09375,7.560990512216354e-67,16.0,0.0625,True,3464693766
8,8,1,0.0625,0.01953125,1.615730198684335e-64,3,Simplified BARK,28,0.109375,7.560990512216354e-67,16.0,0.0625,True,3464693766
8,8,1,0.0625,0.01953125,1.615730198684335e-64,3,Simplified BARK,34,0.1328125,7.560990512216354e-67,16.0,0.0625,True,3464693766
8,8,1,0.0625,0.01953125,1.615730198684335e-64,3,Simplified BARK,40,0.15625,7.560990512216354e-67,16.0,0.0625,True,3464693766
8,8,1,0.0625,0.01953125,1.615730198684335e-64,3,Simplified BARK,47,0.18359375,7.560990512216354e-67,16.0,0.0625,True,3464693766
8,8,1,0.0625,0.01953125,1.615730198684335e-64,3,Simplified BARK,55,0.21484375,7.560990512216354e-67,16.0,0.0625,True,3464693766
8,8,1,0.0625,0.01953125,1.615730198684335e-64,3,Simplified BARK,66,0.2578125,7.560990512216354e-67,16.0,0.0625,True,3464693766
8,8,1,0.0625,0.01953125,1.615730198684335e-64,3,Simplified BARK,77,0.30078125,7.560990512216354e-67,16.0,0.0625,True,3464693766
8,8,1,0.0625,0.01953125,1.615730198684335e-64,3,Simplified BARK,92,0.359375,7.560990512216354e-67,16.0,0.0625,True,3464693766
8,8,1,0.0625,0.01953125,1.615730198684335e-64,3,Simplified BARK,108,0.421875,7.560990512216354e-67,16.0,0.0625,True,3464693766
8,8,1,0.0625,0.01953125,1.615730198684335e-64,3,Simplified BARK,128,0.5,7.560990512216354e-67,16.0,0.0625,True,3464693766
8,8,1,0.0625,0.01953125,1.615730198684335e-64,3,SKQD,1,0.00390625,1.615730198684335e-64,5.333333333333333,0.020833333333333332,True,3464693766
8,8,1,0.0625,0.01953125,1.615730198684335e-64,3,SKQD,2,0.0078125,1.615730198684335e-64,5.333333333333333,0.020833333333333332,True,3464693766
8,8,1,0.0625,0.01953125,1.615730198684335e-64,3,SKQD,3,0.01171875,1.1179621807031364e-64,5.333333333333333,0.020833333333333332,True,3464693766
8,8,1,0.0625,0.01953125,1.615730198684335e-64,3,SKQD,4,0.015625,7.151109627147334e-65,5.333333333333333,0.020833333333333332,True,3464693766
8,8,1,0.0625,0.01953125,1.615730198684335e-64,3,SKQD,5,0.01953125,4.433354135586539e-65,5.333333333333333,0.020833333333333332,True,3464693766
8,8,1,0.0625,0.01953125,1.615730198684335e-64,3,SKQD,6,0.0234375,4.714442303004736e-65,5.333333333333333,0.020833333333333332,True,3464693766
8,8,1,0.0625,0.01953125,1.615730198684335e-64,3,SKQD,7,0.02734375,4.714442303004736e-65,5.333333333333333,0.020833333333333332,True,3464693766
8,8,1,0.0625,0.01953125,1.615730198684335e-64,3,SKQD,9,0.03515625,4.714442303004736e-65,5.333333333333333,0.020833333333333332,True,3464693766
8,8,1,0.0625,0.01953125,1.615730198684335e-64,3,SKQD,10,0.0390625,4.714442303004736e-65,5.333333333333333,0.020833333333333332,True,3464693766
8,8,1,0.0625,0.01953125,1.615730198684335e-64,3,SKQD,12,0.046875,4.714442303004736e-65,5.333333333333333,0.020833333333333332,True,3464693766
8,8,1,0.0625,0.01953125,1.615730198684335e-64,3,SKQD,15,0.05859375,4.714442303004736e-65,5.333333333333333,0.020833333333333332,True,3464693766
8,8,1,0.0625,0.01953125,1.615730198684335e-64,3,SKQD,17,0.06640625,4.714442303004736e-65,5.333333333333333,0.020833333333333332,True,3464693766
8,8,1,0.0625,0.01953125,1.615730198684335e-64,3,SKQD,20,0.078125,4.714442303004736e-65,5.333333333333333,0.020833333333333332,True,3464693766
8,8,1,0.0625,0.01953125,1.615730198684335e-64,3,SKQD,24,0.09375,4.714442303004736e-65,5.333333333333333,0.020833333333333332,True,3464693766
8,8,1,0.0625,0.01953125,1.615730198684335e-64,3,SKQD,28,0.109375,4.714442303004736e-65,5.333333333333333,0.020833333333333332,True,3464693766
8,8,1,0.0625,0.01953125,1.615730198684335e-64,3,SKQD,34,0.1328125,4.714442303004736e-65,5.333333333333333,0.020833333333333332,True,3464693766
8,8,1,0.0625,0.01953125,1.615730198684335e-64,3,SKQD,40,0.15625,4.714442303004736e-65,5.333333333333333,0.020833333333333332,True,3464693766
8,8,1,0.0625,0.01953125,1.615730198684335e-64,3,SKQD,47,0.18359375,4.714442303004736e-65,5.333333333333333,0.020833333333333332,True,3464693766
8,8,1,0.0625,0.01953125,1.615730198684335e-64,3,SKQD,55,0.21484375,4.714442303004736e-65,5.333333333333333,0.020833333333333332,True,3464693766
8,8,1,0.0625,0.01953125,1.615730198684335e-64,3,SKQD,66,0.2578125,4.714442303004736e-65,5.333333333333333,0.020833333333333332,True,3464693766
8,8,1,0.0625,0.01953125,1.615730198684335e-64,3,SKQD,77,0.30078125,4.714442303004736e-65,5.333333333333333,0.020833333333333332,True,3464693766
8,8,1,0.0625,0.01953125,1.615730198684335e-64,3,SKQD,92,0.359375,4.714442303004736e-65,5.333333333333333,0.020833333333333332,True,3464693766
8,8,1,0.0625,0.01953125,1.615730198684335e-64,3,SKQD,108,0.421875,4.714442303004736e-65,5.333333333333333,0.020833333333333332,True,3464693766
8,8,1,0.0625,0.01953125,1.615730198684335e-64,3,SKQD,128,0.5,4.714442303004736e-65,5.333333333333333,0.020833333333333332,True,3464693766
8,8,1,0.0625,0.01953125,1.615730198684335e-64,3,Ceiling,1,0.00390625,0.5823876528311064,128.0,0.5,False,3464693766
8,8,1,0.0625,0.01953125,1.615730198684335e-64,3,Ceiling,2,0.0078125,0.8076458513305261,128.0,0.5,False,3464693766
8,8,1,0.0625,0.01953125,1.615730198684335e-64,3,Ceiling,3,0.01171875,0.875163710120078,128.0,0.5,False,3464693766
8,8,1,0.0625,0.01953125,1.615730198684335e-64,3,Ceiling,4,0.015625,0.9074935844734978,128.0,0.5,False,3464693766
8,8,1,0.0625,0.01953125,1.615730198684335e-64,3,Ceiling,5,0.01953125,0.9373008129606636,128.0,0.5,False,3464693766
8,8,1,0.0625,0.01953125,1.615730198684335e-64,3,Ceiling,6,0.0234375,0.9634156372766305,128.0,0.5,False,3464693766
8,8,1,0.0625,0.01953125,1.615730198684335e-64,3,Ceiling,7,0.02734375,0.9759203138767643,128.0,0.5,False,3464693766
8,8,1,0.0625,0.01953125,1.615730198684335e-64,3,Ceiling,9,0.03515625,0.9911973659215779,128.0,0.5,False,3464693766
8,8,1,0.0625,0.01953125,1.615730198684335e-64,3,Ceiling,10,0.0390625,0.9946530027883986,128.0,0.5,False,3464693766
8,8,1,0.0625,0.01953125,1.615730198684335e-64,3,Ceiling,12,0.046875,0.9977573834048519,128.0,0.5,False,3464693766
8,8,1,0.0625,0.01953125,1.615730198684335e-64,3,Ceiling,15,0.05859375,0.9999258026483624,128.0,0.5,False,3464693766
8,8,1,0.0625,0.01953125,1.615730198684335e-64,3,Ceiling,17,0.06640625,1.0000000000000009,128.0,0.5,False,3464693766
8,8,1,0.0625,0.01953125,1.615730198684335e-64,3,Ceiling,20,0.078125,1.0000000000000009,128.0,0.5,False,3464693766
8,8,1,0.0625,0.01953125,1.615730198684335e-64,3,Ceiling,24,0.09375,1.0000000000000009,128.0,0.5,False,3464693766
8,8,1,0.0625,0.01953125,1.615730198684335e-64,3,Ceiling,28,0.109375,1.0000000000000009,128.0,0.5,False,3464693766
8,8,1,0.0625,0.01953125,1.615730198684335e-64,3,Ceiling,34,0.1328125,1.0000000000000009,128.0,0.5,False,3464693766
8,8,1,0.0625,0.01953125,1.615730198684335e-64,3,Ceiling,40,0.15625,1.0000000000000009,128.0,0.5,False,3464693766
8,8,1,0.0625,0.01953125,1.615730198684335e-64,3,Ceiling,47,0.18359375,1.0000000000000009,128.0,0.5,False,3464693766
8,8,1,0.0625,0.01953125,1.615730198684335e-64,3,Ceiling,55,0.21484375,1.0000000000000009,128.0,0.5,False,3464693766
8,8,1,0.0625,0.01953125,1.615730198684335e-64,3,Ceiling,66,0.2578125,1.0000000000000009,128.0,0.5,False,3464693766
8,8,1,0.0625,0.01953125,1.615730198684335e-64,3,Ceiling,77,0.30078125,1.0000000000000009,128.0,0.5,False,3464693766
8,8,1,0.0625,0.01953125,1.615730198684335e-64,3,Ceiling,92,0.359375,1.0000000000000009,128.0,0.5,False,3464693766
8,8,1,0.0625,0.01953125,1.615730198684335e-64,3,Ceiling,108,0.421875,1.0000000000000009,128.0,0.5,False,3464693766
8,8,1,0.0625,0.01953125,1.615730198684335e-64,3,Ceiling,128,0.5,1.0000000000000009,128.0,0.5,False,3464693766
8,8,2,0.48828125,0.03515625,0.07393254701401845,127,BARK,1,0.00390625,0.07393254701401845,128.0,0.5,False,357396859
8,8,2,0.48828125,0.03515625,0.07393254701401845,127,BARK,2,0.0078125,0.10431521216967685,128.0,0.5,False,357396859
8,8,2,0.48828125,0.03515625,0.07393254701401845,127,BARK,3,0.01171875,0.11372042725604853,128.0,0.5,False,357396859
8,8,2,0.48828125,0.03515625,0.07393254701401845,127,BARK,4,0.015625,0.15103798158371912,128.0,0.5,False,357396859
8,8,2,0.48828125,0.03515625,0.07393254701401845,127,BARK,5,0.01953125,0.15418683421369123,128.0,0.5,False,357396859
8,8,2,0.48828125,0.03515625,0.07393254701401845,127,BARK,6,0.0234375,0.16394824277862297,128.0,0.5,False,357396859
8,8,2,0.48828125,0.03515625,0.07393254701401845,127,BARK,7,0.02734375,0.1652493294518705,128.0,0.5,False,357396859
8,8,2,0.48828125,0.03515625,0.07393254701401845,127,BARK,9,0.03515625,0.1950371371203391,128.0,0.5,False,357396859
8,8,2,0.48828125,0.03515625,0.07393254701401845,127,BARK,10,0.0390625,0.19698166742724454,128.0,0.5,False,357396859
8,8,2,0.48828125,0.03515625,0.07393254701401845,127,BARK,12,0.046875,0.20308022464309078,128.0,0.5,False,357396859
8,8,2,0.48828125,0.03515625,0.07393254701401845,127,BARK,15,0.05859375,0.2099792113493728,128.0,0.5,False,357396859
8,8,2,0.48828125,0.03515625,0.07393254701401845,127,BARK,17,0.06640625,0.20737629283742495,128.0,0.5,False,357396859
8,8,2,0.48828125,0.03515625,0.07393254701401845,127,BARK,20,0.078125,0.21204027670382292,128.0,0.5,False,357396859
8,8,2,0.48828125,0.03515625,0.07393254701401845,127,BARK,24,0.09375,0.2175477810034261,128.0,0.5,False,357396859
8,8,2,0.48828125,0.03515625,0.07393254701401845,127,BARK,28,0.109375,0.2200350901379789,128.0,0.5,False,357396859
8,8,2,0.48828125,0.03515625,0.07393254701401845,127,BARK,34,0.1328125,0.3884653085306971,128.0,0.5,False,357396859
8,8,2,0.48828125,0.03515625,0.07393254701401845,127,BARK,40,0.15625,0.45519964740061414,128.0,0.5,False,357396859
8,8,2,0.48828125,0.03515625,0.07393254701401845,127,BARK,47,0.18359375,0.6312408754870553,128.0,0.5,False,357396859
8,8,2,0.48828125,0.03515625,0.07393254701401845,127,BARK,55,0.21484375,0.8397727473562933,128.0,0.5,False,357396859
8,8,2,0.48828125,0.03515625,0.07393254701401845,127,BARK,66,0.2578125,0.8701736342391632,128.0,0.5,False,357396859
8,8,2,0.48828125,0.03515625,0.07393254701401845,127,BARK,77,0.30078125,0.9785896784562952,128.0,0.5,False,357396859
8,8,2,0.48828125,0.03515625,0.07393254701401845,127,BARK,92,0.359375,0.9796808893336979,128.0,0.5,False,357396859
8,8,2,0.48828125,0.03515625,0.07393254701401845,127,BARK,108,0.421875,0.9941539103873771,128.0,0.5,False,357396859
8,8,2,0.48828125,0.03515625,0.07393254701401845,127,BARK,128,0.5,1.0000000000000004,128.0,0.5,False,357396859
8,8,2,0.48828125,0.03515625,0.07393254701401845,127,Simplified BARK,1,0.00390625,0.07393254701401845,128.0,0.5,False,357396859
8,8,2,0.48828125,0.03515625,0.07393254701401845,127,Simplified BARK,2,0.0078125,0.08078115908052297,128.0,0.5,False,357396859
8,8,2,0.48828125,0.03515625,0.07393254701401845,127,Simplified BARK,3,0.01171875,0.08290696894751987,128.0,0.5,False,357396859
8,8,2,0.48828125,0.03515625,0.07393254701401845,127,Simplified BARK,4,0.015625,0.1168880823783775,128.0,0.5,False,357396859
8,8,2,0.48828125,0.03515625,0.07393254701401845,127,Simplified BARK,5,0.01953125,0.11755567164340701,128.0,0.5,False,357396859
8,8,2,0.48828125,0.03515625,0.07393254701401845,127,Simplified BARK,6,0.0234375,0.12618131609195135,128.0,0.5,False,357396859
8,8,2,0.48828125,0.03515625,0.07393254701401845,127,Simplified BARK,7,0.02734375,0.12805122858802917,128.0,0.5,False,357396859
8,8,2,0.48828125,0.03515625,0.07393254701401845,127,Simplified BARK,9,0.03515625,0.1646965872465499,128.0,0.5,False,357396859
8,8,2,0.48828125,0.03515625,0.07393254701401845,127,Simplified BARK,10,0.0390625,0.1973240834612007,128.0,0.5,False,357396859
8,8,2,0.48828125,0.03515625,0.07393254701401845,127,Simplified BARK,12,0.046875,0.20524167363614074,128.0,0.5,False,357396859
8,8,2,0.48828125,0.03515625,0.07393254701401845,127,Simplified BARK,15,0.05859375,0.20629882904472885,128.0,0.5,False,357396859
8,8,2,0.48828125,0.03515625,0.07393254701401845,127,Simplified BARK,17,0.06640625,0.20862796714504328,128.0,0.5,False,357396859
8,8,2,0.48828125,0.03515625,0.07393254701401845,127,Simplified BARK,20,0.078125,0.2091900245273837,128.0,0.5,False,357396859
8,8,2,0.48828125,0.03515625,0.07393254701401845,127,Simplified BARK,24,0.09375,0.2064134359047773,128.0,0.5,False,357396859
8,8,2,0.48828125,0.03515625,0.07393254701401845,127,Simplified BARK,28,0.109375,0.2015859259813449,128.0,0.5,False,357396859
8,8,2,0.48828125,0.03515625,0.07393254701401845,127,Simplified BARK,34,0.1328125,0.1313616427564495,128.0,0.5,False,357396859
8,8,2,0.48828125,0.03515625,0.07393254701401845,127,Simplified BARK,40,0.15625,0.17337291198670485,128.0,0.5,False,357396859
8,8,2,0.48828125,0.03515625,0.07393254701401845,127,Simplified BARK,47,0.18359375,0.1800992369226631,128.0,0.5,False,357396859
8,8,2,0.48828125,0.03515625,0.07393254701401845,127,Simplified BARK,55,0.21484375,0.16091414929910808,128.0,0.5,False,357396859
8,8,2,0.48828125,0.03515625,0.07393254701401845,127,Simplified BARK,66,0.2578125,0.15398432380529697,128.0,0.5,False,357396859
8,8,2,0.48828125,0.03515625,0.07393254701401845,127,Simplified BARK,77,0.30078125,0.1735232959327684,128.0,0.5,False,357396859
8,8,2,0.48828125,0.03515625,0.07393254701401845,127,Simplified BARK,92,0.359375,0.878358989384609,128.0,0.5,False,357396859
8,8,2,0.48828125,0.03515625,0.07393254701401845,127,Simplified BARK,108,0.421875,0.9155206356103901,128.0,0.5,False,357396859
8,8,2,0.48828125,0.03515625,0.07393254701401845,127,Simplified BARK,128,0.5,1.0,128.0,0.5,False,357396859
8,8,2,0.48828125,0.03515625,0.07393254701401845,127,SKQD,1,0.00390625,0.07393254701401845,112.66666666666667,0.4401041666666667,True,357396859
8,8,2,0.48828125,0.03515625,0.07393254701401845,127,SKQD,2,0.0078125,0.07393254701401845,112.66666666666667,0.4401041666666667,True,357396859
8,8,2,0.48828125,0.03515625,0.07393254701401845,127,SKQD,3,0.01171875,0.07393254701401845,112.66666666666667,0.4401041666666667,True,357396859
8,8,2,0.48828125,0.03515625,0.07393254701401845,127,SKQD,4,0.015625,0.07393254701401845,112.66666666666667,0.4401041666666667,True,357396859
8,8,2,0.48828125,0.03515625,0.07393254701401845,127,SKQD,5,0.01953125,0.07393254701401845,112.66666666666667,0.4401041666666667,True,357396859
8,8,2,0.48828125,0.03515625,0.07393254701401845,127,SKQD,6,0.0234375,0.07393254701401845,112.66666666666667,0.4401041666666667,True,357396859
8,8,2,0.48828125,0.03515625,0.07393254701401845,127,SKQD,7,0.02734375,0.07393254701401845,112.66666666666667,0.4401041666666667,True,357396859
8,8,2,0.48828125,0.03515625,0.07393254701401845,127,SKQD,9,0.03515625,0.07393254701401845,112.66666666666667,0.4401041666666667,True,357396859
8,8,2,0.48828125,0.03515625,0.07393254701401845,127,SKQD,10,0.0390625,0.07393254701401845,112.66666666666667,0.4401041666666667,True,357396859
8,8,2,0.48828125,0.03515625,0.07393254701401845,127,SKQD,12,0.046875,0.07393254701401845,112.66666666666667,0.4401041666666667,True,357396859
8,8,2,0.48828125,0.03515625,0.07393254701401845,127,SKQD,15,0.05859375,0.07393254701401845,112.66666666666667,0.4401041666666667,True,357396859
8,8,2,0.48828125,0.03515625,0.07393254701401845,127,SKQD,17,0.06640625,0.07393254701401845,112.66666666666667,0.4401041666666667,True,357396859
8,8,2,0.48828125,0.03515625,0.07393254701401845,127,SKQD,20,0.078125,0.07393254701401845,112.66666666666667,0.4401041666666667,True,357396859
8,8,2,0.48828125,0.03515625,0.07393254701401845,127,SKQD,24,0.09375,0.07393254701401845,112.66666666666667,0.4401041666666667,True,357396859
8,8,2,0.48828125,0.03515625,0.07393254701401845,127,SKQD,28,0.109375,0.07393254701401845,112.66666666666667,0.4401041666666667,True,357396859
8,8,2,0.48828125,0.03515625,0.07393254701401845,127,SKQD,34,0.1328125,0.19835752853064817,112.66666666666667,0.4401041666666667,True,357396859
8,8,2,0.48828125,0.03515625,0.07393254701401845,127,SKQD,40,0.15625,0.19835752853064817,112.66666666666667,0.4401041666666667,True,357396859
8,8,2,0.48828125,0.03515625,0.07393254701401845,127,SKQD,47,0.18359375,0.19835752853064817,112.66666666666667,0.4401041666666667,True,357396859
8,8,2,0.48828125,0.03515625,0.07393254701401845,127,SKQD,55,0.21484375,0.19851643528325472,112.66666666666667,0.4401041666666667,True,357396859
8,8,2,0.48828125,0.03515625,0.07393254701401845,127,SKQD,66,0.2578125,0.21436405833830982,112.66666666666667,0.4401041666666667,True,357396859
8,8,2,0.48828125,0.03515625,0.07393254701401845,127,SKQD,77,0.30078125,0.43328315792984723,112.66666666666667,0.4401041666666667,True,357396859
8,8,2,0.48828125,0.03515625,0.07393254701401845,127,SKQD,92,0.359375,0.6750515311624598,112.66666666666667,0.4401041666666667,True,357396859
8,8,2,0.48828125,0.03515625,0.07393254701401845,127,SKQD,108,0.421875,0.9644465963836221,112.66666666666667,0.4401041666666667,True,357396859
8,8,2,0.48828125,0.03515625,0.07393254701401845,127,SKQD,128,0.5,0.9932528827116291,112.66666666666667,0.4401041666666667,True,357396859
8,8,2,0.48828125,0.03515625,0.07393254701401845,127,Ceiling,1,0.00390625,0.303848116345214,128.0,0.5,False,357396859
8,8,2,0.48828125,0.03515625,0.07393254701401845,127,Ceiling,2,0.0078125,0.452614404675714,128.0,0.5,False,357396859
8,8,2,0.48828125,0.03515625,0.07393254701401845,127,Ceiling,3,0.01171875,0.5265469516897324,128.0,0.5,False,357396859
8,8,2,0.48828125,0.03515625,0.07393254701401845,127,Ceiling,4,0.015625,0.5808006021188221,128.0,0.5,False,357396859
8,8,2,0.48828125,0.03515625,0.07393254701401845,127,Ceiling,5,0.01953125,0.6250683337216395,128.0,0.5,False,357396859
8,8,2,0.48828125,0.03515625,0.07393254701401845,127,Ceiling,6,0.0234375,0.658446612482956,128.0,0.5,False,357396859
8,8,2,0.48828125,0.03515625,0.07393254701401845,127,Ceiling,7,0.02734375,0.690602417204347,128.0,0.5,False,357396859
8,8,2,0.48828125,0.03515625,0.07393254701401845,127,Ceiling,9,0.03515625,0.7497746369214416,128.0,0.5,False,357396859
8,8,2,0.48828125,0.03515625,0.07393254701401845,127,Ceiling,10,0.0390625,0.7765851498730728,128.0,0.5,False,357396859
8,8,2,0.48828125,0.03515625,0.07393254701401845,127,Ceiling,12,0.046875,0.8193376054875463,128.0,0.5,False,357396859
8,8,2,0.48828125,0.03515625,0.07393254701401845,127,Ceiling,15,0.05859375,0.8574290491467653,128.0,0.5,False,357396859
8,8,2,0.48828125,0.03515625,0.07393254701401845,127,Ceiling,17,0.06640625,0.872942961594573,128.0,0.5,False,357396859
8,8,2,0.48828125,0.03515625,0.07393254701401845,127,Ceiling,20,0.078125,0.894381725978505,128.0,0.5,False,357396859
8,8,2,0.48828125,0.03515625,0.07393254701401845,127,Ceiling,24,0.09375,0.9166855803014701,128.0,0.5,False,357396859
8,8,2,0.48828125,0.03515625,0.07393254701401845,127,Ceiling,28,0.109375,0.9325801177272768,128.0,0.5,False,357396859
8,8,2,0.48828125,0.03515625,0.07393254701401845,127,Ceiling,34,0.1328125,0.95144985249856,128.0,0.5,False,357396859
8,8,2,0.48828125,0.03515625,0.07393254701401845,127,Ceiling,40,0.15625,0.9650252778315043,128.0,0.5,False,357396859
8,8,2,0.48828125,0.03515625,0.07393254701401845,127,Ceiling,47,0.18359375,0.9762370742813237,128.0,0.5,False,357396859
8,8,2,0.48828125,0.03515625,0.07393254701401845,127,Ceiling,55,0.21484375,0.9853457993064336,128.0,0.5,False,357396859
8,8,2,0.48828125,0.03515625,0.07393254701401845,127,Ceiling,66,0.2578125,0.9925623634744631,128.0,0.5,False,357396859
8,8,2,0.48828125,0.03515625,0.07393254701401845,127,Ceiling,77,0.30078125,0.9961918971133559,128.0,0.5,False,357396859
8,8,2,0.48828125,0.03515625,0.07393254701401845,127,Ceiling,92,0.359375,0.998629935417474,128.0,0.5,False,357396859
8,8,2,0.48828125,0.03515625,0.07393254701401845,127,Ceiling,108,0.421875,0.999755710592546,128.0,0.5,False,357396859
8,8,2,0.48828125,0.03515625,0.07393254701401845,127,Ceiling,128,0.5,1.0000000000000007,128.0,0.5,False,357396859
8,8,2,0.48828125,0.03515625,0.1487662883305,234,BARK,1,0.00390625,0.1487662883305,128.0,0.5,False,357396859
8,8,2,0.48828125,0.03515625,0.1487662883305,234,BARK,2,0.0078125,0.4521506202131617,128.0,0.5,False,357396859
8,8,2,0.48828125,0.03515625,0.1487662883305,234,BARK,3,0.01171875,0.49501597093472827,128.0,0.5,False,357396859
8,8,2,0.48828125,0.03515625,0.1487662883305,234,BARK,4,0.015625,0.5222309568342297,128.0,0.5,False,357396859
8,8,2,0.48828125,0.03515625,0.1487662883305,234,BARK,5,0.01953125,0.523920166619819,128.0,0.5,False,357396859
8,8,2,0.48828125,0.03515625,0.1487662883305,234,BARK,6,0.0234375,0.522198464261706,128.0,0.5,False,357396859
8,8,2,0.48828125,0.03515625,0.1487662883305,234,BARK,7,0.02734375,0.5509923456889444,128.0,0.5,False,357396859
8,8,2,0.48828125,0.03515625,0.1487662883305,234,BARK,9,0.03515625,0.60359719714542,128.0,0.5,False,357396859
8,8,2,0.48828125,0.03515625,0.1487662883305,234,BARK,10,0.0390625,0.6354782091698534,128.0,0.5,False,357396859
8,8,2,0.48828125,0.03515625,0.1487662883305,234,BARK,12,0.046875,0.6522282357227611,128.0,0.5,False,357396859
8,8,2,0.48828125,0.03515625,0.1487662883305,234,BARK,15,0.05859375,0.6609369818605219,128.0,0.5,False,357396859
8,8,2,0.48828125,0.03515625,0.1487662883305,234,BARK,17,0.06640625,0.6657488890529358,128.0,0.5,False,357396859
8,8,2,0.48828125,0.03515625,0.1487662883305,234,BARK,20,0.078125,0.6709200005664394,128.0,0.5,False,357396859
8,8,2,0.48828125,0.03515625,0.1487662883305,234,BARK,24,0.09375,0.6990925547950447,128.0,0.5,False,357396859
8,8,2,0.48828125,0.03515625,0.1487662883305,234,BARK,28,0.109375,0.6979881836762083,128.0,0.5,False,357396859
8,8,2,0.48828125,0.03515625,0.1487662883305,234,BARK,34,0.1328125,0.7068968268520361,128.0,0.5,False,357396859
8,8,2,0.48828125,0.03515625,0.1487662883305,234,BARK,40,0.15625,0.7085490378142217,128.0,0.5,False,357396859
8,8,2,0.48828125,0.03515625,0.1487662883305,234,BARK,47,0.18359375,0.7120803089694773,128.0,0.5,False,357396859
8,8,2,0.48828125,0.03515625,0.1487662883305,234,BARK,55,0.21484375,0.7417588949648827,128.0,0.5,False,357396859
8,8,2,0.48828125,0.03515625,0.1487662883305,234,BARK,66,0.2578125,0.8102709787894521,128.0,0.5,False,357396859
8,8,2,0.48828125,0.03515625,0.1487662883305,234,BARK,77,0.30078125,0.8641097026031906,128.0,0.5,False,357396859
8,8,2,0.48828125,0.03515625,0.1487662883305,234,BARK,92,0.359375,0.9430694204184128,128.0,0.5,False,357396859
8,8,2,0.48828125,0.03515625,0.1487662883305,234,BARK,108,0.421875,0.9511181238930574,128.0,0.5,False,357396859
8,8,2,0.48828125,0.03515625,0.1487662883305,234,BARK,128,0.5,1.0000000000000009,128.0,0.5,False,357396859
8,8,2,0.48828125,0.03515625,0.1487662883305,234,Simplified BARK,1,0.00390625,0.1487662883305,128.0,0.5,False,357396859
8,8,2,0.48828125,0.03515625,0.1487662883305,234,Simplified BARK,2,0.0078125,0.1745364876492601,128.0,0.5,False,357396859
8,8,2,0.48828125,0.03515625,0.1487662883305,234,Simplified BARK,3,0.01171875,0.1977744735695694,128.0,0.5,False,357396859
8,8,2,0.48828125,0.03515625,0.1487662883305,234,Simplified BARK,4,0.015625,0.52223095683423,128.0,0.5,False,357396859
8,8,2,0.48828125,0.03515625,0.1487662883305,234,Simplified BARK,5,0.01953125,0.5235883295610583,128.0,0.5,False,357396859
8,8,2,0.48828125,0.03515625,0.1487662883305,234,Simplified BARK,6,0.0234375,0.5235845011738028,128.0,0.5,False,357396859
8,8,2,0.48828125,0.03515625,0.1487662883305,234,Simplified BARK,7,0.02734375,0.5268058102211275,128.0,0.5,False,357396859
8,8,2,0.48828125,0.03515625,0.1487662883305,234,Simplified BARK,9,0.03515625,0.5576624651700282,128.0,0.5,False,357396859
8,8,2,0.48828125,0.03515625,0.1487662883305,234,Simplified BARK,10,0.0390625,0.6206068800503274,128.0,0.5,False,357396859
8,8,2,0.48828125,0.03515625,0.1487662883305,234,Simplified BARK,12,0.046875,0.6212595086548638,128.0,0.5,False,357396859
8,8,2,0.48828125,0.03515625,0.1487662883305,234,Simplified BARK,15,0.05859375,0.6230477956068733,128.0,0.5,False,357396859
8,8,2,0.48828125,0.03515625,0.1487662883305,234,Simplified BARK,17,0.06640625,0.6225518039917185,128.0,0.5,False,357396859
8,8,2,0.48828125,0.03515625,0.1487662883305,234,Simplified BARK,20,0.078125,0.6183611738599826,128.0,0.5,False,357396859
8,8,2,0.48828125,0.03515625,0.1487662883305,234,Simplified BARK,24,0.09375,0.6131887614271408,128.0,0.5,False,357396859
8,8,2,0.48828125,0.03515625,0.1487662883305,234,Simplified BARK,28,0.109375,0.6135344759408541,128.0,0.5,False,357396859
8,8,2,0.48828125,0.03515625,0.1487662883305,234,Simplified BARK,34,0.1328125,0.6149666706415567,128.0,0.5,False,357396859
8,8,2,0.48828125,0.03515625,0.1487662883305,234,Simplified BARK,40,0.15625,0.6501657923937006,128.0,0.5,False,357396859
8,8,2,0.48828125,0.03515625,0.1487662883305,234,Simplified BARK,47,0.18359375,0.652605693898892,128.0,0.5,False,357396859
8,8,2,0.48828125,0.03515625,0.1487662883305,234,Simplified BARK,55,0.21484375,0.6329560765773393,128.0,0.5,False,357396859
8,8,2,0.48828125,0.03515625,0.1487662883305,234,Simplified BARK,66,0.2578125,0.641015867935768,128.0,0.5,False,357396859
8,8,2,0.48828125,0.03515625,0.1487662883305,234,Simplified BARK,77,0.30078125,0.6110303805575354,128.0,0.5,False,357396859
8,8,2,0.48828125,0.03515625,0.1487662883305,234,Simplified BARK,92,0.359375,0.9343727028862711,128.0,0.5,False,357396859
8,8,2,0.48828125,0.03515625,0.1487662883305,234,Simplified BARK,108,0.421875,0.9330089313688077,128.0,0.5,False,357396859
8,8,2,0.48828125,0.03515625,0.1487662883305,234,Simplified BARK,128,0.5,1.0000000000000004,128.0,0.5,False,357396859
8,8,2,0.48828125,0.03515625,0.1487662883305,234,SKQD,1,0.00390625,0.1487662883305,114.0,0.4453125,True,357396859
8,8,2,0.48828125,0.03515625,0.1487662883305,234,SKQD,2,0.0078125,0.1487662883305,114.0,0.4453125,True,357396859
8,8,2,0.48828125,0.03515625,0.1487662883305,234,SKQD,3,0.01171875,0.1487662883305,114.0,0.4453125,True,357396859
8,8,2,0.48828125,0.03515625,0.1487662883305,234,SKQD,4,0.015625,0.1487662883305,114.0,0.4453125,True,357396859
8,8,2,0.48828125,0.03515625,0.1487662883305,234,SKQD,5,0.01953125,0.1487662883305,114.0,0.4453125,True,357396859
8,8,2,0.48828125,0.03515625,0.1487662883305,234,SKQD,6,0.0234375,0.1487662883305,114.0,0.4453125,True,357396859
8,8,2,0.48828125,0.03515625,0.1487662883305,234,SKQD,7,0.02734375,0.1487662883305,114.0,0.4453125,True,357396859
8,8,2,0.48828125,0.03515625,0.1487662883305,234,SKQD,9,0.03515625,0.1487662883305,114.0,0.4453125,True,357396859
8,8,2,0.48828125,0.03515625,0.1487662883305,234,SKQD,10,0.0390625,0.1487662883305,114.0,0.4453125,True,357396859
8,8,2,0.48828125,0.03515625,0.1487662883305,234,SKQD,12,0.046875,0.1487662883305,114.0,0.4453125,True,357396859
8,8,2,0.48828125,0.03515625,0.1487662883305,234,SKQD,15,0.05859375,0.1487662883305,114.0,0.4453125,True,357396859
8,8,2,0.48828125,0.03515625,0.1487662883305,234,SKQD,17,0.06640625,0.1487662883305,114.0,0.4453125,True,357396859
8,8,2,0.48828125,0.03515625,0.1487662883305,234,SKQD,20,0.078125,0.1487662883305,114.0,0.4453125,True,357396859
8,8,2,0.48828125,0.03515625,0.1487662883305,234,SKQD,24,0.09375,0.1487662883305,114.0,0.4453125,True,357396859
8,8,2,0.48828125,0.03515625,0.1487662883305,234,SKQD,28,0.109375,0.1487662883305,114.0,0.4453125,True,357396859
8,8,2,0.48828125,0.03515625,0.1487662883305,234,SKQD,34,0.1328125,0.1487662883305,114.0,0.4453125,True,357396859
8,8,2,0.48828125,0.03515625,0.1487662883305,234,SKQD,40,0.15625,0.3122070034286584,114.0,0.4453125,True,357396859
8,8,2,0.48828125,0.03515625,0.1487662883305,234,SKQD,47,0.18359375,0.6723939274475074,114.0,0.4453125,True,357396859
8,8,2,0.48828125,0.03515625,0.1487662883305,234,SKQD,55,0.21484375,0.6723939274475074,114.0,0.4453125,True,357396859
8,8,2,0.48828125,0.03515625,0.1487662883305,234,SKQD,66,0.2578125,0.6817970134043825,114.0,0.4453125,True,357396859
8,8,2,0.48828125,0.03515625,0.1487662883305,234,SKQD,77,0.30078125,0.6870969791004568,114.0,0.4453125,True,357396859
8,8,2,0.48828125,0.03515625,0.1487662883305,234,SKQD,92,0.359375,0.7835570152449449,114.0,0.4453125,True,357396859
8,8,2,0.48828125,0.03515625,0.1487662883305,234,SKQD,108,0.421875,0.985738250380611,114.0,0.4453125,True,357396859
8,8,2,0.48828125,0.03515625,0.1487662883305,234,SKQD,128,0.5,0.9948274021110205,114.0,0.4453125,True,357396859
8,8,2,0.48828125,0.03515625,0.1487662883305,234,Ceiling,1,0.00390625,0.303848116345214,128.0,0.5,False,357396859
8,8,2,0.48828125,0.03515625,0.1487662883305,234,Ceiling,2,0.0078125,0.452614404675714,128.0,0.5,False,357396859
8,8,2,0.48828125,0.03515625,0.1487662883305,234,Ceiling,3,0.01171875,0.5265469516897324,128.0,0.5,False,357396859
8,8,2,0.48828125,0.03515625,0.1487662883305,234,Ceiling,4,0.015625,0.5808006021188221,128.0,0.5,False,357396859
8,8,2,0.48828125,0.03515625,0.1487662883305,234,Ceiling,5,0.01953125,0.6250683337216395,128.0,0.5,False,357396859
8,8,2,0.48828125,0.03515625,0.1487662883305,234,Ceiling,6,0.0234375,0.658446612482956,128.0,0.5,False,357396859
8,8,2,0.48828125,0.03515625,0.1487662883305,234,Ceiling,7,0.02734375,0.690602417204347,128.0,0.5,False,357396859
8,8,2,0.48828125,0.03515625,0.1487662883305,234,Ceiling,9,0.03515625,0.7497746369214416,128.0,0.5,False,357396859
8,8,2,0.48828125,0.03515625,0.1487662883305,234,Ceiling,10,0.0390625,0.7765851498730728,128.0,0.5,False,357396859
8,8,2,0.48828125,0.03515625,0.1487662883305,234,Ceiling,12,0.046875,0.8193376054875463,128.0,0.5,False,357396859
8,8,2,0.48828125,0.03515625,0.1487662883305,234,Ceiling,15,0.05859375,0.8574290491467653,128.0,0.5,False,357396859
8,8,2,0.48828125,0.03515625,0.1487662883305,234,Ceiling,17,0.06640625,0.872942961594573,128.0,0.5,False,357396859
8,8,2,0.48828125,0.03515625,0.1487662883305,234,Ceiling,20,0.078125,0.894381725978505,128.0,0.5,False,357396859
8,8,2,0.48828125,0.03515625,0.1487662883305,234,Ceiling,24,0.09375,0.9166855803014701,128.0,0.5,False,357396859
8,8,2,0.48828125,0.03515625,0.1487662883305,234,Ceiling,28,0.109375,0.9325801177272768,128.0,0.5,False,357396859
8,8,2,0.48828125,0.03515625,0.1487662883305,234,Ceiling,34,0.1328125,0.95144985249856,128.0,0.5,False,357396859
8,8,2,0.48828125,0.03515625,0.1487662883305,234,Ceiling,40,0.15625,0.9650252778315043,128.0,0.5,False,357396859
8,8,2,0.48828125,0.03515625,0.1487662883305,234,Ceiling,47,0.18359375,0.9762370742813237,128.0,0.5,False,357396859
8,8,2,0.48828125,0.03515625,0.1487662883305,234,Ceiling,55,0.21484375,0.9853457993064336,128.0,0.5,False,357396859
8,8,2,0.48828125,0.03515625,0.1487662883305,234,Ceiling,66,0.2578125,0.9925623634744631,128.0,0.5,False,357396859
8,8,2,0.48828125,0.03515625,0.1487662883305,234,Ceiling,77,0.30078125,0.9961918971133559,128.0,0.5,False,357396859
8,8,2,0.48828125,0.03515625,0.1487662883305,234,Ceiling,92,0.359375,0.998629935417474,128.0,0.5,False,357396859
8,8,2,0.48828125,0.03515625,0.1487662883305,234,Ceiling,108,0.421875,0.999755710592546,128.0,0.5,False,357396859
8,8,2,0.48828125,0.03515625,0.1487662883305,234,Ceiling,128,0.5,1.0000000000000007,128.0,0.5,False,357396859
8,8,2,0.48828125,0.03515625,0.303848116345214,251,BARK,1,0.00390625,0.303848116345214,128.0,0.5,False,357396859
8,8,2,0.48828125,0.03515625,0.303848116345214,251,BARK,2,0.0078125,0.4521506202131617,128.0,0.5,False,357396859
8,8,2,0.48828125,0.03515625,0.303848116345214,251,BARK,3,0.01171875,0.4431661413619606,128.0,0.5,False,357396859
8,8,2,0.48828125,0.03515625,0.303848116345214,251,BARK,4,0.015625,0.3619760641149625,128.0,0.5,False,357396859
8,8,2,0.48828125,0.03515625,0.303848116345214,251,BARK,5,0.01953125,0.4356820827991683,128.0,0.5,False,357396859
8,8,2,0.48828125,0.03515625,0.303848116345214,251,BARK,6,0.0234375,0.5307547929561827,128.0,0.5,False,357396859
8,8,2,0.48828125,0.03515625,0.303848116345214,251,BARK,7,0.02734375,0.5124333684881387,128.0,0.5,False,357396859
8,8,2,0.48828125,0.03515625,0.303848116345214,251,BARK,9,0.03515625,0.5438577031713704,128.0,0.5,False,357396859
8,8,2,0.48828125,0.03515625,0.303848116345214,251,BARK,10,0.0390625,0.5948299131948102,128.0,0.5,False,357396859
8,8,2,0.48828125,0.03515625,0.303848116345214,251,BARK,12,0.046875,0.625430683860124,128.0,0.5,False,357396859
8,8,2,0.48828125,0.03515625,0.303848116345214,251,BARK,15,0.05859375,0.6390733152709634,128.0,0.5,False,357396859
8,8,2,0.48828125,0.03515625,0.303848116345214,251,BARK,17,0.06640625,0.6216920175038325,128.0,0.5,False,357396859
8,8,2,0.48828125,0.03515625,0.303848116345214,251,BARK,20,0.078125,0.6221628461676416,128.0,0.5,False,357396859
8,8,2,0.48828125,0.03515625,0.303848116345214,251,BARK,24,0.09375,0.6651813378654614,128.0,0.5,False,357396859
8,8,2,0.48828125,0.03515625,0.303848116345214,251,BARK,28,0.109375,0.6666162281193968,128.0,0.5,False,357396859
8,8,2,0.48828125,0.03515625,0.303848116345214,251,BARK,34,0.1328125,0.7121703045981617,128.0,0.5,False,357396859
8,8,2,0.48828125,0.03515625,0.303848116345214,251,BARK,40,0.15625,0.7182088840988712,128.0,0.5,False,357396859
8,8,2,0.48828125,0.03515625,0.303848116345214,251,BARK,47,0.18359375,0.7250803643134321,128.0,0.5,False,357396859
8,8,2,0.48828125,0.03515625,0.303848116345214,251,BARK,55,0.21484375,0.7543254717423346,128.0,0.5,False,357396859
8,8,2,0.48828125,0.03515625,0.303848116345214,251,BARK,66,0.2578125,0.7620800777660742,128.0,0.5,False,357396859
8,8,2,0.48828125,0.03515625,0.303848116345214,251,BARK,77,0.30078125,0.8336627635724358,128.0,0.5,False,357396859
8,8,2,0.48828125,0.03515625,0.303848116345214,251,BARK,92,0.359375,0.8622391383632113,128.0,0.5,False,357396859
8,8,2,0.48828125,0.03515625,0.303848116345214,251,BARK,108,0.421875,0.9667590063922291,128.0,0.5,False,357396859
8,8,2,0.48828125,0.03515625,0.303848116345214,251,BARK,128,0.5,1.0000000000000009,128.0,0.5,False,357396859
8,8,2,0.48828125,0.03515625,0.303848116345214,251,Simplified BARK,1,0.00390625,0.303848116345214,128.0,0.5,False,357396859
8,8,2,0.48828125,0.03515625,0.303848116345214,251,Simplified BARK,2,0.0078125,0.3480582744990859,128.0,0.5,False,357396859
8,8,2,0.48828125,0.03515625,0.303848116345214,251,Simplified BARK,3,0.01171875,0.3635603169736119,128.0,0.5,False,357396859
8,8,2,0.48828125,0.03515625,0.303848116345214,251,Simplified BARK,4,0.015625,0.52223095683423,128.0,0.5,False,357396859
8,8,2,0.48828125,0.03515625,0.303848116345214,251,Simplified BARK,5,0.01953125,0.523588329561058,128.0,0.5,False,357396859
8,8,2,0.48828125,0.03515625,0.303848116345214,251,Simplified BARK,6,0.0234375,0.5235845011738031,128.0,0.5,False,357396859
8,8,2,0.48828125,0.03515625,0.303848116345214,251,Simplified BARK,7,0.02734375,0.5268058102211273,128.0,0.5,False,357396859
8,8,2,0.48828125,0.03515625,0.303848116345214,251,Simplified BARK,9,0.03515625,0.5576624651700283,128.0,0.5,False,357396859
8,8,2,0.48828125,0.03515625,0.303848116345214,251,Simplified BARK,10,0.0390625,0.620606880050327,128.0,0.5,False,357396859
8,8,2,0.48828125,0.03515625,0.303848116345214,251,Simplified BARK,12,0.046875,0.621259508654864,128.0,0.5,False,357396859
8,8,2,0.48828125,0.03515625,0.303848116345214,251,Simplified BARK,15,0.05859375,0.6230477956068733,128.0,0.5,False,357396859
8,8,2,0.48828125,0.03515625,0.303848116345214,251,Simplified BARK,17,0.06640625,0.6225518039917185,128.0,0.5,False,357396859
8,8,2,0.48828125,0.03515625,0.303848116345214,251,Simplified BARK,20,0.078125,0.6183611738599823,128.0,0.5,False,357396859
8,8,2,0.48828125,0.03515625,0.303848116345214,251,Simplified BARK,24,0.09375,0.6131887614271412,128.0,0.5,False,357396859
8,8,2,0.48828125,0.03515625,0.303848116345214,251,Simplified BARK,28,0.109375,0.613534475940854,128.0,0.5,False,357396859
8,8,2,0.48828125,0.03515625,0.303848116345214,251,Simplified BARK,34,0.1328125,0.6149666706415567,128.0,0.5,False,357396859
8,8,2,0.48828125,0.03515625,0.303848116345214,251,Simplified BARK,40,0.15625,0.6501657923937006,128.0,0.5,False,357396859
8,8,2,0.48828125,0.03515625,0.303848116345214,251,Simplified BARK,47,0.18359375,0.6526056938988917,128.0,0.5,False,357396859
8,8,2,0.48828125,0.03515625,0.303848116345214,251,Simplified BARK,55,0.21484375,0.6329560765773393,128.0,0.5,False,357396859
8,8,2,0.48828125,0.03515625,0.303848116345214,251,Simplified BARK,66,0.2578125,0.641015867935768,128.0,0.5,False,357396859
8,8,2,0.48828125,0.03515625,0.303848116345214,251,Simplified BARK,77,0.30078125,0.611030380557535,128.0,0.5,False,357396859
8,8,2,0.48828125,0.03515625,0.303848116345214,251,Simplified BARK,92,0.359375,0.9343727028862706,128.0,0.5,False,357396859
8,8,2,0.48828125,0.03515625,0.303848116345214,251,Simplified BARK,108,0.421875,0.9330089313688077,128.0,0.5,False,357396859
8,8,2,0.48828125,0.03515625,0.303848116345214,251,Simplified BARK,128,0.5,1.0000000000000004,128.0,0.5,False,357396859
8,8,2,0.48828125,0.03515625,0.303848116345214,251,SKQD,1,0.00390625,0.303848116345214,116.33333333333333,0.4544270833333333,True,357396859
8,8,2,0.48828125,0.03515625,0.303848116345214,251,SKQD,2,0.0078125,0.303848116345214,116.33333333333333,0.4544270833333333,True,357396859
8,8,2,0.48828125,0.03515625,0.303848116345214,251,SKQD,3,0.01171875,0.303848116345214,116.33333333333333,0.4544270833333333,True,357396859
8,8,2,0.48828125,0.03515625,0.303848116345214,251,SKQD,4,0.015625,0.303848116345214,116.33333333333333,0.4544270833333333,True,357396859
8,8,2,0.48828125,0.03515625,0.303848116345214,251,SKQD,5,0.01953125,0.303848116345214,116.33333333333333,0.4544270833333333,True,357396859
8,8,2,0.48828125,0.03515625,0.303848116345214,251,SKQD,6,0.0234375,0.303848116345214,116.33333333333333,0.4544270833333333,True,357396859
8,8,2,0.48828125,0.03515625,0.303848116345214,251,SKQD,7,0.02734375,0.303848116345214,116.33333333333333,0.4544270833333333,True,357396859
8,8,2,0.48828125,0.03515625,0.303848116345214,251,SKQD,9,0.03515625,0.303848116345214,116.33333333333333,0.4544270833333333,True,357396859
8,8,2,0.48828125,0.03515625,0.303848116345214,251,SKQD,10,0.0390625,0.303848116345214,116.33333333333333,0.4544270833333333,True,357396859
8,8,2,0.48828125,0.03515625,0.303848116345214,251,SKQD,12,0.046875,0.303848116345214,116.33333333333333,0.4544270833333333,True,357396859
8,8,2,0.48828125,0.03515625,0.303848116345214,251,SKQD,15,0.05859375,0.303848116345214,116.33333333333333,0.4544270833333333,True,357396859
8,8,2,0.48828125,0.03515625,0.303848116345214,251,SKQD,17,0.06640625,0.303848116345214,116.33333333333333,0.4544270833333333,True,357396859
8,8,2,0.48828125,0.03515625,0.303848116345214,251,SKQD,20,0.078125,0.303848116345214,116.33333333333333,0.4544270833333333,True,357396859
8,8,2,0.48828125,0.03515625,0.303848116345214,251,SKQD,24,0.09375,0.44252010752313725,116.33333333333333,0.4544270833333333,True,357396859
8,8,2,0.48828125,0.03515625,0.303848116345214,251,SKQD,28,0.109375,0.44252010752313725,116.33333333333333,0.4544270833333333,True,357396859
8,8,2,0.48828125,0.03515625,0.303848116345214,251,SKQD,34,0.1328125,0.7322221332596355,116.33333333333333,0.4544270833333333,True,357396859
8,8,2,0.48828125,0.03515625,0.303848116345214,251,SKQD,40,0.15625,0.7322221332596355,116.33333333333333,0.4544270833333333,True,357396859
8,8,2,0.48828125,0.03515625,0.303848116345214,251,SKQD,47,0.18359375,0.7322221332596355,116.33333333333333,0.4544270833333333,True,357396859
8,8,2,0.48828125,0.03515625,0.303848116345214,251,SKQD,55,0.21484375,0.7812094613656226,116.33333333333333,0.4544270833333333,True,357396859
8,8,2,0.48828125,0.03515625,0.303848116345214,251,SKQD,66,0.2578125,0.8663667572902929,116.33333333333333,0.4544270833333333,True,357396859
8,8,2,0.48828125,0.03515625,0.303848116345214,251,SKQD,77,0.30078125,0.8663667572902929,116.33333333333333,0.4544270833333333,True,357396859
8,8,2,0.48828125,0.03515625,0.303848116345214,251,SKQD,92,0.359375,0.9209412696372077,116.33333333333333,0.4544270833333333,True,357396859
8,8,2,0.48828125,0.03515625,0.303848116345214,251,SKQD,108,0.421875,0.9869195988933717,116.33333333333333,0.4544270833333333,True,357396859
8,8,2,0.48828125,0.03515625,0.303848116345214,251,SKQD,128,0.5,0.9956618568463771,116.33333333333333,0.4544270833333333,True,357396859
8,8,2,0.48828125,0.03515625,0.303848116345214,251,Ceiling,1,0.00390625,0.303848116345214,128.0,0.5,False,357396859
8,8,2,0.48828125,0.03515625,0.303848116345214,251,Ceiling,2,0.0078125,0.452614404675714,128.0,0.5,False,357396859
8,8,2,0.48828125,0.03515625,0.303848116345214,251,Ceiling,3,0.01171875,0.5265469516897324,128.0,0.5,False,357396859
8,8,2,0.48828125,0.03515625,0.303848116345214,251,Ceiling,4,0.015625,0.5808006021188221,128.0,0.5,False,357396859
8,8,2,0.48828125,0.03515625,0.303848116345214,251,Ceiling,5,0.01953125,0.6250683337216395,128.0,0.5,False,357396859
8,8,2,0.48828125,0.03515625,0.303848116345214,251,Ceiling,6,0.0234375,0.658446612482956,128.0,0.5,False,357396859
8,8,2,0.48828125,0.03515625,0.303848116345214,251,Ceiling,7,0.02734375,0.690602417204347,128.0,0.5,False,357396859
8,8,2,0.48828125,0.03515625,0.303848116345214,251,Ceiling,9,0.03515625,0.7497746369214416,128.0,0.5,False,357396859
8,8,2,0.48828125,0.03515625,0.303848116345214,251,Ceiling,10,0.0390625,0.7765851498730728,128.0,0.5,False,357396859
8,8,2,0.48828125,0.03515625,0.303848116345214,251,Ceiling,12,0.046875,0.8193376054875463,128.0,0.5,False,357396859
8,8,2,0.48828125,0.03515625,0.303848116345214,251,Ceiling,15,0.05859375,0.8574290491467653,128.0,0.5,False,357396859
8,8,2,0.48828125,0.03515625,0.303848116345214,251,Ceiling,17,0.06640625,0.872942961594573,128.0,0.5,False,357396859
8,8,2,0.48828125,0.03515625,0.303848116345214,251,Ceiling,20,0.078125,0.894381725978505,128.0,0.5,False,357396859
8,8,2,0.48828125,0.03515625,0.303848116345214,251,Ceiling,24,0.09375,0.9166855803014701,128.0,0.5,False,357396859
8,8,2,0.48828125,0.03515625,0.303848116345214,251,Ceiling,28,0.109375,0.9325801177272768,128.0,0.5,False,357396859
8,8,2,0.48828125,0.03515625,0.303848116345214,251,Ceiling,34,0.1328125,0.95144985249856,128.0,0.5,False,357396859
8,8,2,0.48828125,0.03515625,0.303848116345214,251,Ceiling,40,0.15625,0.9650252778315043,128.0,0.5,False,357396859
8,8,2,0.48828125,0.03515625,0.303848116345214,251,Ceiling,47,0.18359375,0.9762370742813237,128.0,0.5,False,357396859
8,8,2,0.48828125,0.03515625,0.303848116345214,251,Ceiling,55,0.21484375,0.9853457993064336,128.0,0.5,False,357396859
8,8,2,0.48828125,0.03515625,0.303848116345214,251,Ceiling,66,0.2578125,0.9925623634744631,128.0,0.5,False,357396859
8,8,2,0.48828125,0.03515625,0.303848116345214,251,Ceiling,77,0.30078125,0.9961918971133559,128.0,0.5,False,357396859
8,8,2,0.48828125,0.03515625,0.303848116345214,251,Ceiling,92,0.359375,0.998629935417474,128.0,0.5,False,357396859
8,8,2,0.48828125,0.03515625,0.303848116345214,251,Ceiling,108,0.421875,0.999755710592546,128.0,0.5,False,357396859
8,8,2,0.48828125,0.03515625,0.303848116345214,251,Ceiling,128,0.5,1.0000000000000007,128.0,0.5,False,357396859
8,8,2,0.48828125,0.03515625,3.009265538105056e-36,34,BARK,1,0.00390625,3.009265538105056e-36,128.0,0.5,False,357396859
8,8,2,0.48828125,0.03515625,3.009265538105056e-36,34,BARK,2,0.0078125,2.3303203680833035e-31,128.0,0.5,False,357396859
8,8,2,0.48828125,0.03515625,3.009265538105056e-36,34,BARK,3,0.01171875,3.5149655110963987e-31,128.0,0.5,False,357396859
8,8,2,0.48828125,0.03515625,3.009265538105056e-36,34,BARK,4,0.015625,2.3449714244104146e-31,128.0,0.5,False,357396859
8,8,2,0.48828125,0.03515625,3.009265538105056e-36,34,BARK,5,0.01953125,2.077189106244858e-31,128.0,0.5,False,357396859
8,8,2,0.48828125,0.03515625,3.009265538105056e-36,34,BARK,6,0.0234375,1.449104444814671e-31,128.0,0.5,False,357396859
8,8,2,0.48828125,0.03515625,3.009265538105056e-36,34,BARK,7,0.02734375,9.213293669042567e-32,128.0,0.5,False,357396859
8,8,2,0.48828125,0.03515625,3.009265538105056e-36,34,BARK,9,0.03515625,6.855487858287006e-32,128.0,0.5,False,357396859
8,8,2,0.48828125,0.03515625,3.009265538105056e-36,34,BARK,10,0.0390625,8.392463694303466e-32,128.0,0.5,False,357396859
8,8,2,0.48828125,0.03515625,3.009265538105056e-36,34,BARK,12,0.046875,8.048785826975593e-32,128.0,0.5,False,357396859
8,8,2,0.48828125,0.03515625,3.009265538105056e-36,34,BARK,15,0.05859375,2.2470208816506634e-32,128.0,0.5,False,357396859
8,8,2,0.48828125,0.03515625,3.009265538105056e-36,34,BARK,17,0.06640625,9.802511570584663e-33,128.0,0.5,False,357396859
8,8,2,0.48828125,0.03515625,3.009265538105056e-36,34,BARK,20,0.078125,6.277996199220015e-35,128.0,0.5,False,357396859
8,8,2,0.48828125,0.03515625,3.009265538105056e-36,34,BARK,24,0.09375,3.1943917176757503e-34,128.0,0.5,False,357396859
8,8,2,0.48828125,0.03515625,3.009265538105056e-36,34,BARK,28,0.109375,5.8645425170578535e-34,128.0,0.5,False,357396859
8,8,2,0.48828125,0.03515625,3.009265538105056e-36,34,BARK,34,0.1328125,1.2497231129668043e-33,128.0,0.5,False,357396859
8,8,2,0.48828125,0.03515625,3.009265538105056e-36,34,BARK,40,0.15625,2.1374206894171388e-34,128.0,0.5,False,357396859
8,8,2,0.48828125,0.03515625,3.009265538105056e-36,34,BARK,47,0.18359375,6.872738475934715e-33,128.0,0.5,False,357396859
8,8,2,0.48828125,0.03515625,3.009265538105056e-36,34,BARK,55,0.21484375,3.769393559836605e-32,128.0,0.5,False,357396859
8,8,2,0.48828125,0.03515625,3.009265538105056e-36,34,BARK,66,0.2578125,1.1397988578498247e-31,128.0,0.5,False,357396859
8,8,2,0.48828125,0.03515625,3.009265538105056e-36,34,BARK,77,0.30078125,1.339691727703766e-31,128.0,0.5,False,357396859
8,8,2,0.48828125,0.03515625,3.009265538105056e-36,34,BARK,92,0.359375,1.473088736692629e-31,128.0,0.5,False,357396859
8,8,2,0.48828125,0.03515625,3.009265538105056e-36,34,BARK,108,0.421875,1.4337114193772655e-31,128.0,0.5,False,357396859
8,8,2,0.48828125,0.03515625,3.009265538105056e-36,34,BARK,128,0.5,1.5211677062316617e-31,128.0,0.5,False,357396859
8,8,2,0.48828125,0.03515625,3.009265538105056e-36,34,Simplified BARK,1,0.00390625,3.009265538105056e-36,128.0,0.5,False,357396859
8,8,2,0.48828125,0.03515625,3.009265538105056e-36,34,Simplified BARK,2,0.0078125,2.3303203680833035e-31,128.0,0.5,False,357396859
8,8,2,0.48828125,0.03515625,3.009265538105056e-36,34,Simplified BARK,3,0.01171875,1.9147637650479908e-31,128.0,0.5,False,357396859
8,8,2,0.48828125,0.03515625,3.009265538105056e-36,34,Simplified BARK,4,0.015625,2.3449714244104177e-31,128.0,0.5,False,357396859
8,8,2,0.48828125,0.03515625,3.009265538105056e-36,34,Simplified BARK,5,0.01953125,2.3440861044989107e-31,128.0,0.5,False,357396859
8,8,2,0.48828125,0.03515625,3.009265538105056e-36,34,Simplified BARK,6,0.0234375,2.731142514649008e-31,128.0,0.5,False,357396859
8,8,2,0.48828125,0.03515625,3.009265538105056e-36,34,Simplified BARK,7,0.02734375,2.6076183584804195e-31,128.0,0.5,False,357396859
8,8,2,0.48828125,0.03515625,3.009265538105056e-36,34,Simplified BARK,9,0.03515625,2.5407320441572087e-31,128.0,0.5,False,357396859
8,8,2,0.48828125,0.03515625,3.009265538105056e-36,34,Simplified BARK,10,0.0390625,2.1592608031007822e-31,128.0,0.5,False,357396859
8,8,2,0.48828125,0.03515625,3.009265538105056e-36,34,Simplified BARK,12,0.046875,1.9578962968430914e-31,128.0,0.5,False,357396859
8,8,2,0.48828125,0.03515625,3.009265538105056e-36,34,Simplified BARK,15,0.05859375,1.9558124918918253e-31,128.0,0.5,False,357396859
8,8,2,0.48828125,0.03515625,3.009265538105056e-36,34,Simplified BARK,17,0.06640625,2.0110531719624732e-31,128.0,0.5,False,357396859
8,8,2,0.48828125,0.03515625,3.009265538105056e-36,34,Simplified BARK,20,0.078125,1.98736489712251e-31,128.0,0.5,False,357396859
8,8,2,0.48828125,0.03515625,3.009265538105056e-36,34,Simplified BARK,24,0.09375,1.5326160326954004e-31,128.0,0.5,False,357396859
8,8,2,0.48828125,0.03515625,3.009265538105056e-36,34,Simplified BARK,28,0.109375,1.1159327914774191e-31,128.0,0.5,False,357396859
8,8,2,0.48828125,0.03515625,3.009265538105056e-36,34,Simplified BARK,34,0.1328125,8.54319022895605e-32,128.0,0.5,False,357396859
8,8,2,0.48828125,0.03515625,3.009265538105056e-36,34,Simplified BARK,40,0.15625,8.416096719948151e-32,128.0,0.5,False,357396859
8,8,2,0.48828125,0.03515625,3.009265538105056e-36,34,Simplified BARK,47,0.18359375,8.790213448597141e-32,128.0,0.5,False,357396859
8,8,2,0.48828125,0.03515625,3.009265538105056e-36,34,Simplified BARK,55,0.21484375,1.3278030587642325e-31,128.0,0.5,False,357396859
8,8,2,0.48828125,0.03515625,3.009265538105056e-36,34,Simplified BARK,66,0.2578125,1.7507441892878308e-31,128.0,0.5,False,357396859
8,8,2,0.48828125,0.03515625,3.009265538105056e-36,34,Simplified BARK,77,0.30078125,1.7169942551403082e-31,128.0,0.5,False,357396859
8,8,2,0.48828125,0.03515625,3.009265538105056e-36,34,Simplified BARK,92,0.359375,2.048033606307927e-31,128.0,0.5,False,357396859
8,8,2,0.48828125,0.03515625,3.009265538105056e-36,34,Simplified BARK,108,0.421875,1.5646783043692784e-31,128.0,0.5,False,357396859
8,8,2,0.48828125,0.03515625,3.009265538105056e-36,34,Simplified BARK,128,0.5,1.5211677062316613e-31,128.0,0.5,False,357396859
8,8,2,0.48828125,0.03515625,3.009265538105056e-36,34,SKQD,1,0.00390625,3.009265538105056e-36,1.0,0.00390625,True,357396859
8,8,2,0.48828125,0.03515625,3.009265538105056e-36,34,SKQD,2,0.0078125,3.009265538105056e-36,1.0,0.00390625,True,357396859
8,8,2,0.48828125,0.03515625,3.009265538105056e-36,34,SKQD,3,0.01171875,3.009265538105056e-36,1.0,0.00390625,True,357396859
8,8,2,0.48828125,0.03515625,3.009265538105056e-36,34,SKQD,4,0.015625,3.009265538105056e-36,1.0,0.00390625,True,357396859
8,8,2,0.48828125,0.03515625,3.009265538105056e-36,34,SKQD,5,0.01953125,3.009265538105056e-36,1.0,0.00390625,True,357396859
8,8,2,0.48828125,0.03515625,3.009265538105056e-36,34,SKQD,6,0.0234375,3.009265538105056e-36,1.0,0.00390625,True,357396859
8,8,2,0.48828125,0.03515625,3.009265538105056e-36,34,SKQD,7,0.02734375,3.009265538105056e-36,1.0,0.00390625,True,357396859
8,8,2,0.48828125,0.03515625,3.009265538105056e-36,34,SKQD,9,0.03515625,3.009265538105056e-36,1.0,0.00390625,True,357396859
8,8,2,0.48828125,0.03515625,3.009265538105056e-36,34,SKQD,10,0.0390625,3.009265538105056e-36,1.0,0.00390625,True,357396859
8,8,2,0.48828125,0.03515625,3.009265538105056e-36,34,SKQD,12,0.046875,3.009265538105056e-36,1.0,0.00390625,True,357396859
8,8,2,0.48828125,0.03515625,3.009265538105056e-36,34,SKQD,15,0.05859375,3.009265538105056e-36,1.0,0.00390625,True,357396859
8,8,2,0.48828125,0.03515625,3.009265538105056e-36,34,SKQD,17,0.06640625,3.009265538105056e-36,1.0,0.00390625,True,357396859
8,8,2,0.48828125,0.03515625,3.009265538105056e-36,34,SKQD,20,0.078125,3.009265538105056e-36,1.0,0.00390625,True,357396859
8,8,2,0.48828125,0.03515625,3.009265538105056e-36,34,SKQD,24,0.09375,3.009265538105056e-36,1.0,0.00390625,True,357396859
8,8,2,0.48828125,0.03515625,3.009265538105056e-36,34,SKQD,28,0.109375,3.009265538105056e-36,1.0,0.00390625,True,357396859
8,8,2,0.48828125,0.03515625,3.009265538105056e-36,34,SKQD,34,0.1328125,3.009265538105056e-36,1.0,0.00390625,True,357396859
8,8,2,0.48828125,0.03515625,3.009265538105056e-36,34,SKQD,40,0.15625,3.009265538105056e-36,1.0,0.00390625,True,357396859
8,8,2,0.48828125,0.03515625,3.009265538105056e-36,34,SKQD,47,0.18359375,3.009265538105056e-36,1.0,0.00390625,True,357396859
8,8,2,0.48828125,0.03515625,3.009265538105056e-36,34,SKQD,55,0.21484375,3.009265538105056e-36,1.0,0.00390625,True,357396859
8,8,2,0.48828125,0.03515625,3.009265538105056e-36,34,SKQD,66,0.2578125,3.009265538105056e-36,1.0,0.00390625,True,357396859
8,8,2,0.48828125,0.03515625,3.009265538105056e-36,34,SKQD,77,0.30078125,3.009265538105056e-36,1.0,0.00390625,True,357396859
8,8,2,0.48828125,0.03515625,3.009265538105056e-36,34,SKQD,92,0.359375,3.009265538105056e-36,1.0,0.00390625,True,357396859
8,8,2,0.48828125,0.03515625,3.009265538105056e-36,34,SKQD,108,0.421875,3.009265538105056e-36,1.0,0.00390625,True,357396859
8,8,2,0.48828125,0.03515625,3.009265538105056e-36,34,SKQD,128,0.5,3.009265538105056e-36,1.0,0.00390625,True,357396859
8,8,2,0.48828125,0.03515625,3.009265538105056e-36,34,Ceiling,1,0.00390625,0.303848116345214,128.0,0.5,False,357396859
8,8,2,0.48828125,0.03515625,3.009265538105056e-36,34,Ceiling,2,0.0078125,0.452614404675714,128.0,0.5,False,357396859
8,8,2,0.48828125,0.03515625,3.009265538105056e-36,34,Ceiling,3,0.01171875,0.5265469516897324,128.0,0.5,False,357396859
8,8,2,0.48828125,0.03515625,3.009265538105056e-36,34,Ceiling,4,0.015625,0.5808006021188221,128.0,0.5,False,357396859
8,8,2,0.48828125,0.03515625,3.009265538105056e-36,34,Ceiling,5,0.01953125,0.6250683337216395,128.0,0.5,False,357396859
8,8,2,0.48828125,0.03515625,3.009265538105056e-36,34,Ceiling,6,0.0234375,0.658446612482956,128.0,0.5,False,357396859
8,8,2,0.48828125,0.03515625,3.009265538105056e-36,34,Ceiling,7,0.02734375,0.690602417204347,128.0,0.5,False,357396859
8,8,2,0.48828125,0.03515625,3.009265538105056e-36,34,Ceiling,9,0.03515625,0.7497746369214416,128.0,0.5,False,357396859
8,8,2,0.48828125,0.03515625,3.009265538105056e-36,34,Ceiling,10,0.0390625,0.7765851498730728,128.0,0.5,False,357396859
8,8,2,0.48828125,0.03515625,3.009265538105056e-36,34,Ceiling,12,0.046875,0.8193376054875463,128.0,0.5,False,357396859
8,8,2,0.48828125,0.03515625,3.009265538105056e-36,34,Ceiling,15,0.05859375,0.8574290491467653,128.0,0.5,False,357396859
8,8,2,0.48828125,0.03515625,3.009265538105056e-36,34,Ceiling,17,0.06640625,0.872942961594573,128.0,0.5,False,357396859
8,8,2,0.48828125,0.03515625,3.009265538105056e-36,34,Ceiling,20,0.078125,0.894381725978505,128.0,0.5,False,357396859
8,8,2,0.48828125,0.03515625,3.009265538105056e-36,34,Ceiling,24,0.09375,0.9166855803014701,128.0,0.5,False,357396859
8,8,2,0.48828125,0.03515625,3.009265538105056e-36,34,Ceiling,28,0.109375,0.9325801177272768,128.0,0.5,False,357396859
8,8,2,0.48828125,0.03515625,3.009265538105056e-36,34,Ceiling,34,0.1328125,0.95144985249856,128.0,0.5,False,357396859
8,8,2,0.48828125,0.03515625,3.009265538105056e-36,34,Ceiling,40,0.15625,0.9650252778315043,128.0,0.5,False,357396859
8,8,2,0.48828125,0.03515625,3.009265538105056e-36,34,Ceiling,47,0.18359375,0.9762370742813237,128.0,0.5,False,357396859
8,8,2,0.48828125,0.03515625,3.009265538105056e-36,34,Ceiling,55,0.21484375,0.9853457993064336,128.0,0.5,False,357396859
8,8,2,0.48828125,0.03515625,3.009265538105056e-36,34,Ceiling,66,0.2578125,0.9925623634744631,128.0,0.5,False,357396859
8,8,2,0.48828125,0.03515625,3.009265538105056e-36,34,Ceiling,77,0.30078125,0.9961918971133559,128.0,0.5,False,357396859
8,8,2,0.48828125,0.03515625,3.009265538105056e-36,34,Ceiling,92,0.359375,0.998629935417474,128.0,0.5,False,357396859
8,8,2,0.48828125,0.03515625,3.009265538105056e-36,34,Ceiling,108,0.421875,0.999755710592546,128.0,0.5,False,357396859
8,8,2,0.48828125,0.03515625,3.009265538105056e-36,34,Ceiling,128,0.5,1.0000000000000007,128.0,0.5,False,357396859
8,8,2,0.48828125,0.03515625,1.2037062152420224e-35,183,BARK,1,0.00390625,1.2037062152420224e-35,128.0,0.5,False,357396859
8,8,2,0.48828125,0.03515625,1.2037062152420224e-35,183,BARK,2,0.0078125,1.1601359982596809e-32,128.0,0.5,False,357396859
8,8,2,0.48828125,0.03515625,1.2037062152420224e-35,183,BARK,3,0.01171875,4.089929989368664e-32,128.0,0.5,False,357396859
8,8,2,0.48828125,0.03515625,1.2037062152420224e-35,183,BARK,4,0.015625,6.607546062903909e-32,128.0,0.5,False,357396859
8,8,2,0.48828125,0.03515625,1.2037062152420224e-35,183,BARK,5,0.01953125,3.6572390731743144e-32,128.0,0.5,False,357396859
8,8,2,0.48828125,0.03515625,1.2037062152420224e-35,183,BARK,6,0.0234375,2.01969711297849e-32,128.0,0.5,False,357396859
8,8,2,0.48828125,0.03515625,1.2037062152420224e-35,183,BARK,7,0.02734375,1.4443292733216235e-32,128.0,0.5,False,357396859
8,8,2,0.48828125,0.03515625,1.2037062152420224e-35,183,BARK,9,0.03515625,5.714568615939698e-33,128.0,0.5,False,357396859
8,8,2,0.48828125,0.03515625,1.2037062152420224e-35,183,BARK,10,0.0390625,2.0813818875876354e-33,128.0,0.5,False,357396859
8,8,2,0.48828125,0.03515625,1.2037062152420224e-35,183,BARK,12,0.046875,1.317925145217861e-33,128.0,0.5,False,357396859
8,8,2,0.48828125,0.03515625,1.2037062152420224e-35,183,BARK,15,0.05859375,3.554854461920069e-32,128.0,0.5,False,357396859
8,8,2,0.48828125,0.03515625,1.2037062152420224e-35,183,BARK,17,0.06640625,9.319608998800224e-32,128.0,0.5,False,357396859
8,8,2,0.48828125,0.03515625,1.2037062152420224e-35,183,BARK,20,0.078125,8.89276494589278e-32,128.0,0.5,False,357396859
8,8,2,0.48828125,0.03515625,1.2037062152420224e-35,183,BARK,24,0.09375,9.937179050088324e-32,128.0,0.5,False,357396859
8,8,2,0.48828125,0.03515625,1.2037062152420224e-35,183,BARK,28,0.109375,9.370606399229164e-32,128.0,0.5,False,357396859
8,8,2,0.48828125,0.03515625,1.2037062152420224e-35,183,BARK,34,0.1328125,1.0978595937698777e-31,128.0,0.5,False,357396859
8,8,2,0.48828125,0.03515625,1.2037062152420224e-35,183,BARK,40,0.15625,1.0881598198301067e-31,128.0,0.5,False,357396859
8,8,2,0.48828125,0.03515625,1.2037062152420224e-35,183,BARK,47,0.18359375,1.1111371064247856e-31,128.0,0.5,False,357396859
8,8,2,0.48828125,0.03515625,1.2037062152420224e-35,183,BARK,55,0.21484375,1.3931398637304961e-31,128.0,0.5,False,357396859
8,8,2,0.48828125,0.03515625,1.2037062152420224e-35,183,BARK,66,0.2578125,1.5658229506333195e-31,128.0,0.5,False,357396859
8,8,2,0.48828125,0.03515625,1.2037062152420224e-35,183,BARK,77,0.30078125,1.69038027995315e-31,128.0,0.5,False,357396859
8,8,2,0.48828125,0.03515625,1.2037062152420224e-35,183,BARK,92,0.359375,1.7009821943203687e-31,128.0,0.5,False,357396859
8,8,2,0.48828125,0.03515625,1.2037062152420224e-35,183,BARK,108,0.421875,1.5336278509899781e-31,128.0,0.5,False,357396859
8,8,2,0.48828125,0.03515625,1.2037062152420224e-35,183,BARK,128,0.5,1.5211677062316621e-31,128.0,0.5,False,357396859
8,8,2,0.48828125,0.03515625,1.2037062152420224e-35,183,Simplified BARK,1,0.00390625,1.2037062152420224e-35,128.0,0.5,False,357396859
8,8,2,0.48828125,0.03515625,1.2037062152420224e-35,183,Simplified BARK,2,0.0078125,1.1601359982596809e-32,128.0,0.5,False,357396859
8,8,2,0.48828125,0.03515625,1.2037062152420224e-35,183,Simplified BARK,3,0.01171875,1.5556006146523885e-32,128.0,0.5,False,357396859
8,8,2,0.48828125,0.03515625,1.2037062152420224e-35,183,Simplified BARK,4,0.015625,1.6559585163447127e-32,128.0,0.5,False,357396859
8,8,2,0.48828125,0.03515625,1.2037062152420224e-35,183,Simplified BARK,5,0.01953125,1.242220854270525e-32,128.0,0.5,False,357396859
8,8,2,0.48828125,0.03515625,1.2037062152420224e-35,183,Simplified BARK,6,0.0234375,2.01969711297849e-32,128.0,0.5,False,357396859
8,8,2,0.48828125,0.03515625,1.2037062152420224e-35,183,Simplified BARK,7,0.02734375,1.9466307862548365e-32,128.0,0.5,False,357396859
8,8,2,0.48828125,0.03515625,1.2037062152420224e-35,183,Simplified BARK,9,0.03515625,2.617191570295367e-32,128.0,0.5,False,357396859
8,8,2,0.48828125,0.03515625,1.2037062152420224e-35,183,Simplified BARK,10,0.0390625,4.782451794865992e-32,128.0,0.5,False,357396859
8,8,2,0.48828125,0.03515625,1.2037062152420224e-35,183,Simplified BARK,12,0.046875,5.017640367905564e-32,128.0,0.5,False,357396859
8,8,2,0.48828125,0.03515625,1.2037062152420224e-35,183,Simplified BARK,15,0.05859375,8.539150168582051e-32,128.0,0.5,False,357396859
8,8,2,0.48828125,0.03515625,1.2037062152420224e-35,183,Simplified BARK,17,0.06640625,2.111032607318757e-31,128.0,0.5,False,357396859
8,8,2,0.48828125,0.03515625,1.2037062152420224e-35,183,Simplified BARK,20,0.078125,1.9190916365870463e-31,128.0,0.5,False,357396859
8,8,2,0.48828125,0.03515625,1.2037062152420224e-35,183,Simplified BARK,24,0.09375,2.2708085127751705e-31,128.0,0.5,False,357396859
8,8,2,0.48828125,0.03515625,1.2037062152420224e-35,183,Simplified BARK,28,0.109375,2.294550354928732e-31,128.0,0.5,False,357396859
8,8,2,0.48828125,0.03515625,1.2037062152420224e-35,183,Simplified BARK,34,0.1328125,2.119026941143198e-31,128.0,0.5,False,357396859
8,8,2,0.48828125,0.03515625,1.2037062152420224e-35,183,Simplified BARK,40,0.15625,2.2018135986705083e-31,128.0,0.5,False,357396859
8,8,2,0.48828125,0.03515625,1.2037062152420224e-35,183,Simplified BARK,47,0.18359375,2.634323256023577e-31,128.0,0.5,False,357396859
8,8,2,0.48828125,0.03515625,1.2037062152420224e-35,183,Simplified BARK,55,0.21484375,2.5900995136615125e-31,128.0,0.5,False,357396859
8,8,2,0.48828125,0.03515625,1.2037062152420224e-35,183,Simplified BARK,66,0.2578125,1.750744189287832e-31,128.0,0.5,False,357396859
8,8,2,0.48828125,0.03515625,1.2037062152420224e-35,183,Simplified BARK,77,0.30078125,1.7169942551403144e-31,128.0,0.5,False,357396859
8,8,2,0.48828125,0.03515625,1.2037062152420224e-35,183,Simplified BARK,92,0.359375,2.0480336063079252e-31,128.0,0.5,False,357396859
8,8,2,0.48828125,0.03515625,1.2037062152420224e-35,183,Simplified BARK,108,0.421875,1.5646783043692745e-31,128.0,0.5,False,357396859
8,8,2,0.48828125,0.03515625,1.2037062152420224e-35,183,Simplified BARK,128,0.5,1.521167706231661e-31,128.0,0.5,False,357396859
8,8,2,0.48828125,0.03515625,1.2037062152420224e-35,183,SKQD,1,0.00390625,1.2037062152420224e-35,123.0,0.48046875,True,357396859
8,8,2,0.48828125,0.03515625,1.2037062152420224e-35,183,SKQD,2,0.0078125,1.2037062152420224e-35,123.0,0.48046875,True,357396859
8,8,2,0.48828125,0.03515625,1.2037062152420224e-35,183,SKQD,3,0.01171875,1.2037062152420224e-35,123.0,0.48046875,True,357396859
8,8,2,0.48828125,0.03515625,1.2037062152420224e-35,183,SKQD,4,0.015625,1.2037062152420224e-35,123.0,0.48046875,True,357396859
8,8,2,0.48828125,0.03515625,1.2037062152420224e-35,183,SKQD,5,0.01953125,1.2037062152420224e-35,123.0,0.48046875,True,357396859
8,8,2,0.48828125,0.03515625,1.2037062152420224e-35,183,SKQD,6,0.0234375,1.2037062152420224e-35,123.0,0.48046875,True,357396859
8,8,2,0.48828125,0.03515625,1.2037062152420224e-35,183,SKQD,7,0.02734375,1.2037062152420224e-35,123.0,0.48046875,True,357396859
8,8,2,0.48828125,0.03515625,1.2037062152420224e-35,183,SKQD,9,0.03515625,1.2037062152420224e-35,123.0,0.48046875,True,357396859
8,8,2,0.48828125,0.03515625,1.2037062152420224e-35,183,SKQD,10,0.0390625,1.2037062152420224e-35,123.0,0.48046875,True,357396859
8,8,2,0.48828125,0.03515625,1.2037062152420224e-35,183,SKQD,12,0.046875,1.2037062152420224e-35,123.0,0.48046875,True,357396859
8,8,2,0.48828125,0.03515625,1.2037062152420224e-35,183,SKQD,15,0.05859375,1.2037062152420224e-35,123.0,0.48046875,True,357396859
8,8,2,0.48828125,0.03515625,1.2037062152420224e-35,183,SKQD,17,0.06640625,1.2037062152420224e-35,123.0,0.48046875,True,357396859
8,8,2,0.48828125,0.03515625,1.2037062152420224e-35,183,SKQD,20,0.078125,1.2037062152420224e-35,123.0,0.48046875,True,357396859
8,8,2,0.48828125,0.03515625,1.2037062152420224e-35,183,SKQD,24,0.09375,1.2037062152420224e-35,123.0,0.48046875,True,357396859
8,8,2,0.48828125,0.03515625,1.2037062152420224e-35,183,SKQD,28,0.109375,1.2037062152420224e-35,123.0,0.48046875,True,357396859
8,8,2,0.48828125,0.03515625,1.2037062152420224e-35,183,SKQD,34,0.1328125,1.2037062152420224e-35,123.0,0.48046875,True,357396859
8,8,2,0.48828125,0.03515625,1.2037062152420224e-35,183,SKQD,40,0.15625,1.0050225267100347e-32,123.0,0.48046875,True,357396859
8,8,2,0.48828125,0.03515625,1.2037062152420224e-35,183,SKQD,47,0.18359375,1.0050225267100347e-32,123.0,0.48046875,True,357396859
8,8,2,0.48828125,0.03515625,1.2037062152420224e-35,183,SKQD,55,0.21484375,1.4350403126684411e-32,123.0,0.48046875,True,357396859
8,8,2,0.48828125,0.03515625,1.2037062152420224e-35,183,SKQD,66,0.2578125,1.8392932393061327e-32,123.0,0.48046875,True,357396859
8,8,2,0.48828125,0.03515625,1.2037062152420224e-35,183,SKQD,77,0.30078125,3.57889412715432e-32,123.0,0.48046875,True,357396859
8,8,2,0.48828125,0.03515625,1.2037062152420224e-35,183,SKQD,92,0.359375,3.5200289653832237e-32,123.0,0.48046875,True,357396859
8,8,2,0.48828125,0.03515625,1.2037062152420224e-35,183,SKQD,108,0.421875,1.104927699214167e-31,123.0,0.48046875,True,357396859
8,8,2,0.48828125,0.03515625,1.2037062152420224e-35,183,SKQD,128,0.5,1.5277814840773756e-31,123.0,0.48046875,True,357396859
8,8,2,0.48828125,0.03515625,1.2037062152420224e-35,183,Ceiling,1,0.00390625,0.303848116345214,128.0,0.5,False,357396859
8,8,2,0.48828125,0.03515625,1.2037062152420224e-35,183,Ceiling,2,0.0078125,0.452614404675714,128.0,0.5,False,357396859
8,8,2,0.48828125,0.03515625,1.2037062152420224e-35,183,Ceiling,3,0.01171875,0.5265469516897324,128.0,0.5,False,357396859
8,8,2,0.48828125,0.03515625,1.2037062152420224e-35,183,Ceiling,4,0.015625,0.5808006021188221,128.0,0.5,False,357396859
8,8,2,0.48828125,0.03515625,1.2037062152420224e-35,183,Ceiling,5,0.01953125,0.6250683337216395,128.0,0.5,False,357396859
8,8,2,0.48828125,0.03515625,1.2037062152420224e-35,183,Ceiling,6,0.0234375,0.658446612482956,128.0,0.5,False,357396859
8,8,2,0.48828125,0.03515625,1.2037062152420224e-35,183,Ceiling,7,0.02734375,0.690602417204347,128.0,0.5,False,357396859
8,8,2,0.48828125,0.03515625,1.2037062152420224e-35,183,Ceiling,9,0.03515625,0.7497746369214416,128.0,0.5,False,357396859
8,8,2,0.48828125,0.03515625,1.2037062152420224e-35,183,Ceiling,10,0.0390625,0.7765851498730728,128.0,0.5,False,357396859
8,8,2,0.48828125,0.03515625,1.2037062152420224e-35,183,Ceiling,12,0.046875,0.8193376054875463,128.0,0.5,False,357396859
8,8,2,0.48828125,0.03515625,1.2037062152420224e-35,183,Ceiling,15,0.05859375,0.8574290491467653,128.0,0.5,False,357396859
8,8,2,0.48828125,0.03515625,1.2037062152420224e-35,183,Ceiling,17,0.06640625,0.872942961594573,128.0,0.5,False,357396859
8,8,2,0.48828125,0.03515625,1.2037062152420224e-35,183,Ceiling,20,0.078125,0.894381725978505,128.0,0.5,False,357396859
8,8,2,0.48828125,0.03515625,1.2037062152420224e-35,183,Ceiling,24,0.09375,0.9166855803014701,128.0,0.5,False,357396859
8,8,2,0.48828125,0.03515625,1.2037062152420224e-35,183,Ceiling,28,0.109375,0.9325801177272768,128.0,0.5,False,357396859
8,8,2,0.48828125,0.03515625,1.2037062152420224e-35,183,Ceiling,34,0.1328125,0.95144985249856,128.0,0.5,False,357396859
8,8,2,0.48828125,0.03515625,1.2037062152420224e-35,183,Ceiling,40,0.15625,0.9650252778315043,128.0,0.5,False,357396859
8,8,2,0.48828125,0.03515625,1.2037062152420224e-35,183,Ceiling,47,0.18359375,0.9762370742813237,128.0,0.5,False,357396859
8,8,2,0.48828125,0.03515625,1.2037062152420224e-35,183,Ceiling,55,0.21484375,0.9853457993064336,128.0,0.5,False,357396859
8,8,2,0.48828125,0.03515625,1.2037062152420224e-35,183,Ceiling,66,0.2578125,0.9925623634744631,128.0,0.5,False,357396859
8,8,2,0.48828125,0.03515625,1.2037062152420224e-35,183,Ceiling,77,0.30078125,0.9961918971133559,128.0,0.5,False,357396859
8,8,2,0.48828125,0.03515625,1.2037062152420224e-35,183,Ceiling,92,0.359375,0.998629935417474,128.0,0.5,False,357396859
8,8,2,0.48828125,0.03515625,1.2037062152420224e-35,183,Ceiling,108,0.421875,0.999755710592546,128.0,0.5,False,357396859
8,8,2,0.48828125,0.03515625,1.2037062152420224e-35,183,Ceiling,128,0.5,1.0000000000000007,128.0,0.5,False,357396859
8,8,2,0.48828125,0.03515625,1.5234406786656846e-35,190,BARK,1,0.00390625,1.5234406786656846e-35,128.0,0.5,False,357396859
8,8,2,0.48828125,0.03515625,1.5234406786656846e-35,190,BARK,2,0.0078125,1.7244098360484045e-35,128.0,0.5,False,357396859
8,8,2,0.48828125,0.03515625,1.5234406786656846e-35,190,BARK,3,0.01171875,8.861049728780196e-33,128.0,0.5,False,357396859
8,8,2,0.48828125,0.03515625,1.5234406786656846e-35,190,BARK,4,0.015625,3.061624386613648e-32,128.0,0.5,False,357396859
8,8,2,0.48828125,0.03515625,1.5234406786656846e-35,190,BARK,5,0.01953125,4.7595909361623076e-32,128.0,0.5,False,357396859
8,8,2,0.48828125,0.03515625,1.5234406786656846e-35,190,BARK,6,0.0234375,4.367772417192902e-32,128.0,0.5,False,357396859
8,8,2,0.48828125,0.03515625,1.5234406786656846e-35,190,BARK,7,0.02734375,3.756129912982029e-32,128.0,0.5,False,357396859
8,8,2,0.48828125,0.03515625,1.5234406786656846e-35,190,BARK,9,0.03515625,4.748028878813263e-32,128.0,0.5,False,357396859
8,8,2,0.48828125,0.03515625,1.5234406786656846e-35,190,BARK,10,0.0390625,4.0950847472509376e-32,128.0,0.5,False,357396859
8,8,2,0.48828125,0.03515625,1.5234406786656846e-35,190,BARK,12,0.046875,1.6496107306236045e-31,128.0,0.5,False,357396859
8,8,2,0.48828125,0.03515625,1.5234406786656846e-35,190,BARK,15,0.05859375,2.830188571493405e-31,128.0,0.5,False,357396859
8,8,2,0.48828125,0.03515625,1.5234406786656846e-35,190,BARK,17,0.06640625,2.976269876253475e-31,128.0,0.5,False,357396859
8,8,2,0.48828125,0.03515625,1.5234406786656846e-35,190,BARK,20,0.078125,2.941230522579441e-31,128.0,0.5,False,357396859
8,8,2,0.48828125,0.03515625,1.5234406786656846e-35,190,BARK,24,0.09375,3.0669539558584874e-31,128.0,0.5,False,357396859
8,8,2,0.48828125,0.03515625,1.5234406786656846e-35,190,BARK,28,0.109375,3.0064477562035552e-31,128.0,0.5,False,357396859
8,8,2,0.48828125,0.03515625,1.5234406786656846e-35,190,BARK,34,0.1328125,2.0880368148444415e-31,128.0,0.5,False,357396859
8,8,2,0.48828125,0.03515625,1.5234406786656846e-35,190,BARK,40,0.15625,2.1653280029234606e-31,128.0,0.5,False,357396859
8,8,2,0.48828125,0.03515625,1.5234406786656846e-35,190,BARK,47,0.18359375,1.3651531047481798e-31,128.0,0.5,False,357396859
8,8,2,0.48828125,0.03515625,1.5234406786656846e-35,190,BARK,55,0.21484375,1.6307522379880473e-31,128.0,0.5,False,357396859
8,8,2,0.48828125,0.03515625,1.5234406786656846e-35,190,BARK,66,0.2578125,1.6608183745470856e-31,128.0,0.5,False,357396859
8,8,2,0.48828125,0.03515625,1.5234406786656846e-35,190,BARK,77,0.30078125,1.7262839191096519e-31,128.0,0.5,False,357396859
8,8,2,0.48828125,0.03515625,1.5234406786656846e-35,190,BARK,92,0.359375,1.8951498411224683e-31,128.0,0.5,False,357396859
8,8,2,0.48828125,0.03515625,1.5234406786656846e-35,190,BARK,108,0.421875,1.6849504297564583e-31,128.0,0.5,False,357396859
8,8,2,0.48828125,0.03515625,1.5234406786656846e-35,190,BARK,128,0.5,1.521167706231663e-31,128.0,0.5,False,357396859
8,8,2,0.48828125,0.03515625,1.5234406786656846e-35,190,Simplified BARK,1,0.00390625,1.5234406786656846e-35,128.0,0.5,False,357396859
8,8,2,0.48828125,0.03515625,1.5234406786656846e-35,190,Simplified BARK,2,0.0078125,1.1147311190132913e-32,128.0,0.5,False,357396859
8,8,2,0.48828125,0.03515625,1.5234406786656846e-35,190,Simplified BARK,3,0.01171875,5.42479732330369e-32,128.0,0.5,False,357396859
8,8,2,0.48828125,0.03515625,1.5234406786656846e-35,190,Simplified BARK,4,0.015625,4.655838509243115e-32,128.0,0.5,False,357396859
8,8,2,0.48828125,0.03515625,1.5234406786656846e-35,190,Simplified BARK,5,0.01953125,1.8949809594962254e-32,128.0,0.5,False,357396859
8,8,2,0.48828125,0.03515625,1.5234406786656846e-35,190,Simplified BARK,6,0.0234375,1.8934678470376528e-32,128.0,0.5,False,357396859
8,8,2,0.48828125,0.03515625,1.5234406786656846e-35,190,Simplified BARK,7,0.02734375,1.4617678510352954e-32,128.0,0.5,False,357396859
8,8,2,0.48828125,0.03515625,1.5234406786656846e-35,190,Simplified BARK,9,0.03515625,1.4612032719767826e-32,128.0,0.5,False,357396859
8,8,2,0.48828125,0.03515625,1.5234406786656846e-35,190,Simplified BARK,10,0.0390625,5.2193265767662466e-33,128.0,0.5,False,357396859
8,8,2,0.48828125,0.03515625,1.5234406786656846e-35,190,Simplified BARK,12,0.046875,2.0307108265553174e-32,128.0,0.5,False,357396859
8,8,2,0.48828125,0.03515625,1.5234406786656846e-35,190,Simplified BARK,15,0.05859375,3.7945385216137433e-32,128.0,0.5,False,357396859
8,8,2,0.48828125,0.03515625,1.5234406786656846e-35,190,Simplified BARK,17,0.06640625,3.893793880039145e-32,128.0,0.5,False,357396859
8,8,2,0.48828125,0.03515625,1.5234406786656846e-35,190,Simplified BARK,20,0.078125,1.0009267653375707e-34,128.0,0.5,False,357396859
8,8,2,0.48828125,0.03515625,1.5234406786656846e-35,190,Simplified BARK,24,0.09375,9.546104449199196e-33,128.0,0.5,False,357396859
8,8,2,0.48828125,0.03515625,1.5234406786656846e-35,190,Simplified BARK,28,0.109375,1.4737578575059638e-32,128.0,0.5,False,357396859
8,8,2,0.48828125,0.03515625,1.5234406786656846e-35,190,Simplified BARK,34,0.1328125,1.4142404180409717e-32,128.0,0.5,False,357396859
8,8,2,0.48828125,0.03515625,1.5234406786656846e-35,190,Simplified BARK,40,0.15625,1.378693393354255e-32,128.0,0.5,False,357396859
8,8,2,0.48828125,0.03515625,1.5234406786656846e-35,190,Simplified BARK,47,0.18359375,1.4306922858060446e-31,128.0,0.5,False,357396859
8,8,2,0.48828125,0.03515625,1.5234406786656846e-35,190,Simplified BARK,55,0.21484375,9.822903631887408e-32,128.0,0.5,False,357396859
8,8,2,0.48828125,0.03515625,1.5234406786656846e-35,190,Simplified BARK,66,0.2578125,6.938976983748026e-32,128.0,0.5,False,357396859
8,8,2,0.48828125,0.03515625,1.5234406786656846e-35,190,Simplified BARK,77,0.30078125,7.99227287253971e-32,128.0,0.5,False,357396859
8,8,2,0.48828125,0.03515625,1.5234406786656846e-35,190,Simplified BARK,92,0.359375,1.553105120652039e-31,128.0,0.5,False,357396859
8,8,2,0.48828125,0.03515625,1.5234406786656846e-35,190,Simplified BARK,108,0.421875,1.5162562760710424e-31,128.0,0.5,False,357396859
8,8,2,0.48828125,0.03515625,1.5234406786656846e-35,190,Simplified BARK,128,0.5,1.521167706231663e-31,128.0,0.5,False,357396859
8,8,2,0.48828125,0.03515625,1.5234406786656846e-35,190,SKQD,1,0.00390625,1.5234406786656846e-35,125.66666666666667,0.4908854166666667,True,357396859
8,8,2,0.48828125,0.03515625,1.5234406786656846e-35,190,SKQD,2,0.0078125,1.5234406786656846e-35,125.66666666666667,0.4908854166666667,True,357396859
8,8,2,0.48828125,0.03515625,1.5234406786656846e-35,190,SKQD,3,0.01171875,1.5234406786656846e-35,125.66666666666667,0.4908854166666667,True,357396859
8,8,2,0.48828125,0.03515625,1.5234406786656846e-35,190,SKQD,4,0.015625,1.5234406786656846e-35,125.66666666666667,0.4908854166666667,True,357396859
8,8,2,0.48828125,0.03515625,1.5234406786656846e-35,190,SKQD,5,0.01953125,1.5234406786656846e-35,125.66666666666667,0.4908854166666667,True,357396859
8,8,2,0.48828125,0.03515625,1.5234406786656846e-35,190,SKQD,6,0.0234375,1.5234406786656846e-35,125.66666666666667,0.4908854166666667,True,357396859
8,8,2,0.48828125,0.03515625,1.5234406786656846e-35,190,SKQD,7,0.02734375,1.5234406786656846e-35,125.66666666666667,0.4908854166666667,True,357396859
8,8,2,0.48828125,0.03515625,1.5234406786656846e-35,190,SKQD,9,0.03515625,1.2746876657562368e-32,125.66666666666667,0.4908854166666667,True,357396859
8,8,2,0.48828125,0.03515625,1.5234406786656846e-35,190,SKQD,10,0.0390625,1.2746876657562368e-32,125.66666666666667,0.4908854166666667,True,357396859
8,8,2,0.48828125,0.03515625,1.5234406786656846e-35,190,SKQD,12,0.046875,2.126350346730281e-32,125.66666666666667,0.4908854166666667,True,357396859
8,8,2,0.48828125,0.03515625,1.5234406786656846e-35,190,SKQD,15,0.05859375,2.126350346730281e-32,125.66666666666667,0.4908854166666667,True,357396859
8,8,2,0.48828125,0.03515625,1.5234406786656846e-35,190,SKQD,17,0.06640625,2.126350346730281e-32,125.66666666666667,0.4908854166666667,True,357396859
8,8,2,0.48828125,0.03515625,1.5234406786656846e-35,190,SKQD,20,0.078125,2.126350346730281e-32,125.66666666666667,0.4908854166666667,True,357396859
8,8,2,0.48828125,0.03515625,1.5234406786656846e-35,190,SKQD,24,0.09375,4.2294130592278947e-32,125.66666666666667,0.4908854166666667,True,357396859
8,8,2,0.48828125,0.03515625,1.5234406786656846e-35,190,SKQD,28,0.109375,3.5009768694456405e-32,125.66666666666667,0.4908854166666667,True,357396859
8,8,2,0.48828125,0.03515625,1.5234406786656846e-35,190,SKQD,34,0.1328125,2.8788079023342623e-32,125.66666666666667,0.4908854166666667,True,357396859
8,8,2,0.48828125,0.03515625,1.5234406786656846e-35,190,SKQD,40,0.15625,1.2624927609294964e-32,125.66666666666667,0.4908854166666667,True,357396859
8,8,2,0.48828125,0.03515625,1.5234406786656846e-35,190,SKQD,47,0.18359375,1.6505606444265112e-32,125.66666666666667,0.4908854166666667,True,357396859
8,8,2,0.48828125,0.03515625,1.5234406786656846e-35,190,SKQD,55,0.21484375,1.6505606444265112e-32,125.66666666666667,0.4908854166666667,True,357396859
8,8,2,0.48828125,0.03515625,1.5234406786656846e-35,190,SKQD,66,0.2578125,2.6195501266975947e-32,125.66666666666667,0.4908854166666667,True,357396859
8,8,2,0.48828125,0.03515625,1.5234406786656846e-35,190,SKQD,77,0.30078125,4.983236863604154e-32,125.66666666666667,0.4908854166666667,True,357396859
8,8,2,0.48828125,0.03515625,1.5234406786656846e-35,190,SKQD,92,0.359375,5.380610791368395e-32,125.66666666666667,0.4908854166666667,True,357396859
8,8,2,0.48828125,0.03515625,1.5234406786656846e-35,190,SKQD,108,0.421875,8.685687303116105e-32,125.66666666666667,0.4908854166666667,True,357396859
8,8,2,0.48828125,0.03515625,1.5234406786656846e-35,190,SKQD,128,0.5,1.3255703321178347e-31,125.66666666666667,0.4908854166666667,True,357396859
8,8,2,0.48828125,0.03515625,1.5234406786656846e-35,190,Ceiling,1,0.00390625,0.303848116345214,128.0,0.5,False,357396859
8,8,2,0.48828125,0.03515625,1.5234406786656846e-35,190,Ceiling,2,0.0078125,0.452614404675714,128.0,0.5,False,357396859
8,8,2,0.48828125,0.03515625,1.5234406786656846e-35,190,Ceiling,3,0.01171875,0.5265469516897324,128.0,0.5,False,357396859
8,8,2,0.48828125,0.03515625,1.5234406786656846e-35,190,Ceiling,4,0.015625,0.5808006021188221,128.0,0.5,False,357396859
8,8,2,0.48828125,0.03515625,1.5234406786656846e-35,190,Ceiling,5,0.01953125,0.6250683337216395,128.0,0.5,False,357396859
8,8,2,0.48828125,0.03515625,1.5234406786656846e-35,190,Ceiling,6,0.0234375,0.658446612482956,128.0,0.5,False,357396859
8,8,2,0.48828125,0.03515625,1.5234406786656846e-35,190,Ceiling,7,0.02734375,0.690602417204347,128.0,0.5,False,357396859
8,8,2,0.48828125,0.03515625,1.5234406786656846e-35,190,Ceiling,9,0.03515625,0.7497746369214416,128.0,0.5,False,357396859
8,8,2,0.48828125,0.03515625,1.5234406786656846e-35,190,Ceiling,10,0.0390625,0.7765851498730728,128.0,0.5,False,357396859
8,8,2,0.48828125,0.03515625,1.5234406786656846e-35,190,Ceiling,12,0.046875,0.8193376054875463,128.0,0.5,False,357396859
8,8,2,0.48828125,0.03515625,1.5234406786656846e-35,190,Ceiling,15,0.05859375,0.8574290491467653,128.0,0.5,False,357396859
8,8,2,0.48828125,0.03515625,1.5234406786656846e-35,190,Ceiling,17,0.06640625,0.872942961594573,128.0,0.5,False,357396859
8,8,2,0.48828125,0.03515625,1.5234406786656846e-35,190,Ceiling,20,0.078125,0.894381725978505,128.0,0.5,False,357396859
8,8,2,0.48828125,0.03515625,1.5234406786656846e-35,190,Ceiling,24,0.09375,0.9166855803014701,128.0,0.5,False,357396859
8,8,2,0.48828125,0.03515625,1.5234406786656846e-35,190,Ceiling,28,0.109375,0.9325801177272768,128.0,0.5,False,357396859
8,8,2,0.48828125,0.03515625,1.5234406786656846e-35,190,Ceiling,34,0.1328125,0.95144985249856,128.0,0.5,False,357396859
8,8,2,0.48828125,0.03515625,1.5234406786656846e-35,190,Ceiling,40,0.15625,0.9650252778315043,128.0,0.5,False,357396859
8,8,2,0.48828125,0.03515625,1.5234406786656846e-35,190,Ceiling,47,0.18359375,0.9762370742813237,128.0,0.5,False,357396859
8,8,2,0.48828125,0.03515625,1.5234406786656846e-35,190,Ceiling,55,0.21484375,0.9853457993064336,128.0,0.5,False,357396859
8,8,2,0.48828125,0.03515625,1.5234406786656846e-35,190,Ceiling,66,0.2578125,0.9925623634744631,128.0,0.5,False,357396859
8,8,2,0.48828125,0.03515625,1.5234406786656846e-35,190,Ceiling,77,0.30078125,0.9961918971133559,128.0,0.5,False,357396859
8,8,2,0.48828125,0.03515625,1.5234406786656846e-35,190,Ceiling,92,0.359375,0.998629935417474,128.0,0.5,False,357396859
8,8,2,0.48828125,0.03515625,1.5234406786656846e-35,190,Ceiling,108,0.421875,0.999755710592546,128.0,0.5,False,357396859
8,8,2,0.48828125,0.03515625,1.5234406786656846e-35,190,Ceiling,128,0.5,1.0000000000000007,128.0,0.5,False,357396859
8,8,3,0.484375,0.046875,0.06341133642902798,207,BARK,1,0.00390625,0.06341133642902798,128.0,0.5,False,3056440328
8,8,3,0.484375,0.046875,0.06341133642902798,207,BARK,2,0.0078125,0.44469526388948,128.0,0.5,False,3056440328
8,8,3,0.484375,0.046875,0.06341133642902798,207,BARK,3,0.01171875,0.4846259364539623,128.0,0.5,False,3056440328
8,8,3,0.484375,0.046875,0.06341133642902798,207,BARK,4,0.015625,0.49787451559234874,128.0,0.5,False,3056440328
8,8,3,0.484375,0.046875,0.06341133642902798,207,BARK,5,0.01953125,0.5096060507518365,128.0,0.5,False,3056440328
8,8,3,0.484375,0.046875,0.06341133642902798,207,BARK,6,0.0234375,0.5086290572893195,128.0,0.5,False,3056440328
8,8,3,0.484375,0.046875,0.06341133642902798,207,BARK,7,0.02734375,0.5136072183783108,128.0,0.5,False,3056440328
8,8,3,0.484375,0.046875,0.06341133642902798,207,BARK,9,0.03515625,0.7318569602713222,128.0,0.5,False,3056440328
8,8,3,0.484375,0.046875,0.06341133642902798,207,BARK,10,0.0390625,0.7526003738454391,128.0,0.5,False,3056440328
8,8,3,0.484375,0.046875,0.06341133642902798,207,BARK,12,0.046875,0.8037089792199684,128.0,0.5,False,3056440328
8,8,3,0.484375,0.046875,0.06341133642902798,207,BARK,15,0.05859375,0.8717149331864131,128.0,0.5,False,3056440328
8,8,3,0.484375,0.046875,0.06341133642902798,207,BARK,17,0.06640625,0.8766820760481417,128.0,0.5,False,3056440328
8,8,3,0.484375,0.046875,0.06341133642902798,207,BARK,20,0.078125,0.9056750925082072,128.0,0.5,False,3056440328
8,8,3,0.484375,0.046875,0.06341133642902798,207,BARK,24,0.09375,0.9172263410435485,128.0,0.5,False,3056440328
8,8,3,0.484375,0.046875,0.06341133642902798,207,BARK,28,0.109375,0.9214760918823433,128.0,0.5,False,3056440328
8,8,3,0.484375,0.046875,0.06341133642902798,207,BARK,34,0.1328125,0.9326924604542396,128.0,0.5,False,3056440328
8,8,3,0.484375,0.046875,0.06341133642902798,207,BARK,40,0.15625,0.939382666749784,128.0,0.5,False,3056440328
8,8,3,0.484375,0.046875,0.06341133642902798,207,BARK,47,0.18359375,0.9526829609608523,128.0,0.5,False,3056440328
8,8,3,0.484375,0.046875,0.06341133642902798,207,BARK,55,0.21484375,0.9555340312619541,128.0,0.5,False,3056440328
8,8,3,0.484375,0.046875,0.06341133642902798,207,BARK,66,0.2578125,0.9883695620625557,128.0,0.5,False,3056440328
8,8,3,0.484375,0.046875,0.06341133642902798,207,BARK,77,0.30078125,0.9944739051560719,128.0,0.5,False,3056440328
8,8,3,0.484375,0.046875,0.06341133642902798,207,BARK,92,0.359375,0.9984521338889762,128.0,0.5,False,3056440328
8,8,3,0.484375,0.046875,0.06341133642902798,207,BARK,108,0.421875,0.9995388823858222,128.0,0.5,False,3056440328
8,8,3,0.484375,0.046875,0.06341133642902798,207,BARK,128,0.5,0.9999999999999996,128.0,0.5,False,3056440328
8,8,3,0.484375,0.046875,0.06341133642902798,207,Simplified BARK,1,0.00390625,0.06341133642902798,128.0,0.5,False,3056440328
8,8,3,0.484375,0.046875,0.06341133642902798,207,Simplified BARK,2,0.0078125,0.06820006934483691,128.0,0.5,False,3056440328
8,8,3,0.484375,0.046875,0.06341133642902798,207,Simplified BARK,3,0.01171875,0.06751526946158051,128.0,0.5,False,3056440328
8,8,3,0.484375,0.046875,0.06341133642902798,207,Simplified BARK,4,0.015625,0.0733902821547835,128.0,0.5,False,3056440328
8,8,3,0.484375,0.046875,0.06341133642902798,207,Simplified BARK,5,0.01953125,0.07293293170567301,128.0,0.5,False,3056440328
8,8,3,0.484375,0.046875,0.06341133642902798,207,Simplified BARK,6,0.0234375,0.07387479216582407,128.0,0.5,False,3056440328
8,8,3,0.484375,0.046875,0.06341133642902798,207,Simplified BARK,7,0.02734375,0.07387407639997048,128.0,0.5,False,3056440328
8,8,3,0.484375,0.046875,0.06341133642902798,207,Simplified BARK,9,0.03515625,0.07388830478468546,128.0,0.5,False,3056440328
8,8,3,0.484375,0.046875,0.06341133642902798,207,Simplified BARK,10,0.0390625,0.07626912656340186,128.0,0.5,False,3056440328
8,8,3,0.484375,0.046875,0.06341133642902798,207,Simplified BARK,12,0.046875,0.0765658357655918,128.0,0.5,False,3056440328
8,8,3,0.484375,0.046875,0.06341133642902798,207,Simplified BARK,15,0.05859375,0.07898076772358614,128.0,0.5,False,3056440328
8,8,3,0.484375,0.046875,0.06341133642902798,207,Simplified BARK,17,0.06640625,0.07969539325338938,128.0,0.5,False,3056440328
8,8,3,0.484375,0.046875,0.06341133642902798,207,Simplified BARK,20,0.078125,0.0892827704583706,128.0,0.5,False,3056440328
8,8,3,0.484375,0.046875,0.06341133642902798,207,Simplified BARK,24,0.09375,0.0946484777289617,128.0,0.5,False,3056440328
8,8,3,0.484375,0.046875,0.06341133642902798,207,Simplified BARK,28,0.109375,0.09516963992564656,128.0,0.5,False,3056440328
8,8,3,0.484375,0.046875,0.06341133642902798,207,Simplified BARK,34,0.1328125,0.09602523294810615,128.0,0.5,False,3056440328
8,8,3,0.484375,0.046875,0.06341133642902798,207,Simplified BARK,40,0.15625,0.09604069465994698,128.0,0.5,False,3056440328
8,8,3,0.484375,0.046875,0.06341133642902798,207,Simplified BARK,47,0.18359375,0.11483919963494107,128.0,0.5,False,3056440328
8,8,3,0.484375,0.046875,0.06341133642902798,207,Simplified BARK,55,0.21484375,0.13134531455049608,128.0,0.5,False,3056440328
8,8,3,0.484375,0.046875,0.06341133642902798,207,Simplified BARK,66,0.2578125,0.6322630702340959,128.0,0.5,False,3056440328
8,8,3,0.484375,0.046875,0.06341133642902798,207,Simplified BARK,77,0.30078125,0.6416005192654105,128.0,0.5,False,3056440328
8,8,3,0.484375,0.046875,0.06341133642902798,207,Simplified BARK,92,0.359375,0.9411007665134942,128.0,0.5,False,3056440328
8,8,3,0.484375,0.046875,0.06341133642902798,207,Simplified BARK,108,0.421875,0.9727051138983497,128.0,0.5,False,3056440328
8,8,3,0.484375,0.046875,0.06341133642902798,207,Simplified BARK,128,0.5,0.9999999999999998,128.0,0.5,False,3056440328
8,8,3,0.484375,0.046875,0.06341133642902798,207,SKQD,1,0.00390625,0.06341133642902798,105.66666666666667,0.4127604166666667,True,3056440328
8,8,3,0.484375,0.046875,0.06341133642902798,207,SKQD,2,0.0078125,0.06341133642902798,105.66666666666667,0.4127604166666667,True,3056440328
8,8,3,0.484375,0.046875,0.06341133642902798,207,SKQD,3,0.01171875,0.06341133642902798,105.66666666666667,0.4127604166666667,True,3056440328
8,8,3,0.484375,0.046875,0.06341133642902798,207,SKQD,4,0.015625,0.06341133642902798,105.66666666666667,0.4127604166666667,True,3056440328
8,8,3,0.484375,0.046875,0.06341133642902798,207,SKQD,5,0.01953125,0.06341133642902798,105.66666666666667,0.4127604166666667,True,3056440328
8,8,3,0.484375,0.046875,0.06341133642902798,207,SKQD,6,0.0234375,0.06341133642902798,105.66666666666667,0.4127604166666667,True,3056440328
8,8,3,0.484375,0.046875,0.06341133642902798,207,SKQD,7,0.02734375,0.06341133642902798,105.66666666666667,0.4127604166666667,True,3056440328
8,8,3,0.484375,0.046875,0.06341133642902798,207,SKQD,9,0.03515625,0.06341133642902798,105.66666666666667,0.4127604166666667,True,3056440328
8,8,3,0.484375,0.046875,0.06341133642902798,207,SKQD,10,0.0390625,0.32436798373126313,105.66666666666667,0.4127604166666667,True,3056440328
8,8,3,0.484375,0.046875,0.06341133642902798,207,SKQD,12,0.046875,0.46817704716282793,105.66666666666667,0.4127604166666667,True,3056440328
8,8,3,0.484375,0.046875,0.06341133642902798,207,SKQD,15,0.05859375,0.46817704716282793,105.66666666666667,0.4127604166666667,True,3056440328
8,8,3,0.484375,0.046875,0.06341133642902798,207,SKQD,17,0.06640625,0.46817704716282793,105.66666666666667,0.4127604166666667,True,3056440328
8,8,3,0.484375,0.046875,0.06341133642902798,207,SKQD,20,0.078125,0.46817704716282793,105.66666666666667,0.4127604166666667,True,3056440328
8,8,3,0.484375,0.046875,0.06341133642902798,207,SKQD,24,0.09375,0.46817704716282793,105.66666666666667,0.4127604166666667,True,3056440328
8,8,3,0.484375,0.046875,0.06341133642902798,207,SKQD,28,0.109375,0.46817704716282793,105.66666666666667,0.4127604166666667,True,3056440328
8,8,3,0.484375,0.046875,0.06341133642902798,207,SKQD,34,0.1328125,0.6518571604071742,105.66666666666667,0.4127604166666667,True,3056440328
8,8,3,0.484375,0.046875,0.06341133642902798,207,SKQD,40,0.15625,0.8003144676473646,105.66666666666667,0.4127604166666667,True,3056440328
8,8,3,0.484375,0.046875,0.06341133642902798,207,SKQD,47,0.18359375,0.8003144676473646,105.66666666666667,0.4127604166666667,True,3056440328
8,8,3,0.484375,0.046875,0.06341133642902798,207,SKQD,55,0.21484375,0.9456950558107436,105.66666666666667,0.4127604166666667,True,3056440328
8,8,3,0.484375,0.046875,0.06341133642902798,207,SKQD,66,0.2578125,0.9609018094672449,105.66666666666667,0.4127604166666667,True,3056440328
8,8,3,0.484375,0.046875,0.06341133642902798,207,SKQD,77,0.30078125,0.9753988358495933,105.66666666666667,0.4127604166666667,True,3056440328
8,8,3,0.484375,0.046875,0.06341133642902798,207,SKQD,92,0.359375,0.9907898865055111,105.66666666666667,0.4127604166666667,True,3056440328
8,8,3,0.484375,0.046875,0.06341133642902798,207,SKQD,108,0.421875,0.9959667025628806,105.66666666666667,0.4127604166666667,True,3056440328
8,8,3,0.484375,0.046875,0.06341133642902798,207,SKQD,128,0.5,0.9959667025628806,105.66666666666667,0.4127604166666667,True,3056440328
8,8,3,0.484375,0.046875,0.06341133642902798,207,Ceiling,1,0.00390625,0.38816844753680546,128.0,0.5,False,3056440328
8,8,3,0.484375,0.046875,0.06341133642902798,207,Ceiling,2,0.0078125,0.6153957969278063,128.0,0.5,False,3056440328
8,8,3,0.484375,0.046875,0.06341133642902798,207,Ceiling,3,0.01171875,0.6788071333568343,128.0,0.5,False,3056440328
8,8,3,0.484375,0.046875,0.06341133642902798,207,Ceiling,4,0.015625,0.7153103951952468,128.0,0.5,False,3056440328
8,8,3,0.484375,0.046875,0.06341133642902798,207,Ceiling,5,0.01953125,0.7491608420704109,128.0,0.5,False,3056440328
8,8,3,0.484375,0.046875,0.06341133642902798,207,Ceiling,6,0.0234375,0.7804705702762049,128.0,0.5,False,3056440328
8,8,3,0.484375,0.046875,0.06341133642902798,207,Ceiling,7,0.02734375,0.8086732959149732,128.0,0.5,False,3056440328
8,8,3,0.484375,0.046875,0.06341133642902798,207,Ceiling,9,0.03515625,0.8380894542760542,128.0,0.5,False,3056440328
8,8,3,0.484375,0.046875,0.06341133642902798,207,Ceiling,10,0.0390625,0.8510868850110536,128.0,0.5,False,3056440328
8,8,3,0.484375,0.046875,0.06341133642902798,207,Ceiling,12,0.046875,0.8758864772845599,128.0,0.5,False,3056440328
8,8,3,0.484375,0.046875,0.06341133642902798,207,Ceiling,15,0.05859375,0.9093464588870651,128.0,0.5,False,3056440328
8,8,3,0.484375,0.046875,0.06341133642902798,207,Ceiling,17,0.06640625,0.9259690957957278,128.0,0.5,False,3056440328
8,8,3,0.484375,0.046875,0.06341133642902798,207,Ceiling,20,0.078125,0.9427868044040302,128.0,0.5,False,3056440328
8,8,3,0.484375,0.046875,0.06341133642902798,207,Ceiling,24,0.09375,0.9574196258878286,128.0,0.5,False,3056440328
8,8,3,0.484375,0.046875,0.06341133642902798,207,Ceiling,28,0.109375,0.9669221197419349,128.0,0.5,False,3056440328
8,8,3,0.484375,0.046875,0.06341133642902798,207,Ceiling,34,0.1328125,0.9754190734148386,128.0,0.5,False,3056440328
8,8,3,0.484375,0.046875,0.06341133642902798,207,Ceiling,40,0.15625,0.9818523328572634,128.0,0.5,False,3056440328
8,8,3,0.484375,0.046875,0.06341133642902798,207,Ceiling,47,0.18359375,0.987065343044965,128.0,0.5,False,3056440328
8,8,3,0.484375,0.046875,0.06341133642902798,207,Ceiling,55,0.21484375,0.9912873519992023,128.0,0.5,False,3056440328
8,8,3,0.484375,0.046875,0.06341133642902798,207,Ceiling,66,0.2578125,0.9955555648867367,128.0,0.5,False,3056440328
8,8,3,0.484375,0.046875,0.06341133642902798,207,Ceiling,77,0.30078125,0.9977720260131373,128.0,0.5,False,3056440328
8,8,3,0.484375,0.046875,0.06341133642902798,207,Ceiling,92,0.359375,0.9991153218932625,128.0,0.5,False,3056440328
8,8,3,0.484375,0.046875,0.06341133642902798,207,Ceiling,108,0.421875,0.9998422918625564,128.0,0.5,False,3056440328
8,8,3,0.484375,0.046875,0.06341133642902798,207,Ceiling,128,0.5,1.0000000000000002,128.0,0.5,False,3056440328
8,8,3,0.484375,0.046875,0.2272273493910008,141,BARK,1,0.00390625,0.2272273493910008,128.0,0.5,False,3056440328
8,8,3,0.484375,0.046875,0.2272273493910008,141,BARK,2,0.0078125,0.6055228427694338,128.0,0.5,False,3056440328
8,8,3,0.484375,0.046875,0.2272273493910008,141,BARK,3,0.01171875,0.6294878260115567,128.0,0.5,False,3056440328
8,8,3,0.484375,0.046875,0.2272273493910008,141,BARK,4,0.015625,0.6786209560844666,128.0,0.5,False,3056440328
8,8,3,0.484375,0.046875,0.2272273493910008,141,BARK,5,0.01953125,0.6826070133391858,128.0,0.5,False,3056440328
8,8,3,0.484375,0.046875,0.2272273493910008,141,BARK,6,0.0234375,0.7134634416092507,128.0,0.5,False,3056440328
8,8,3,0.484375,0.046875,0.2272273493910008,141,BARK,7,0.02734375,0.7441732906042445,128.0,0.5,False,3056440328
8,8,3,0.484375,0.046875,0.2272273493910008,141,BARK,9,0.03515625,0.8168898682071898,128.0,0.5,False,3056440328
8,8,3,0.484375,0.046875,0.2272273493910008,141,BARK,10,0.0390625,0.8305619321193173,128.0,0.5,False,3056440328
8,8,3,0.484375,0.046875,0.2272273493910008,141,BARK,12,0.046875,0.8565878791450652,128.0,0.5,False,3056440328
8,8,3,0.484375,0.046875,0.2272273493910008,141,BARK,15,0.05859375,0.8666389498221824,128.0,0.5,False,3056440328
8,8,3,0.484375,0.046875,0.2272273493910008,141,BARK,17,0.06640625,0.8718582139022808,128.0,0.5,False,3056440328
8,8,3,0.484375,0.046875,0.2272273493910008,141,BARK,20,0.078125,0.9074269171638044,128.0,0.5,False,3056440328
8,8,3,0.484375,0.046875,0.2272273493910008,141,BARK,24,0.09375,0.9194845478930408,128.0,0.5,False,3056440328
8,8,3,0.484375,0.046875,0.2272273493910008,141,BARK,28,0.109375,0.9282482310598889,128.0,0.5,False,3056440328
8,8,3,0.484375,0.046875,0.2272273493910008,141,BARK,34,0.1328125,0.9418176900177221,128.0,0.5,False,3056440328
8,8,3,0.484375,0.046875,0.2272273493910008,141,BARK,40,0.15625,0.9450831129503642,128.0,0.5,False,3056440328
8,8,3,0.484375,0.046875,0.2272273493910008,141,BARK,47,0.18359375,0.9705404058177001,128.0,0.5,False,3056440328
8,8,3,0.484375,0.046875,0.2272273493910008,141,BARK,55,0.21484375,0.9802372585759015,128.0,0.5,False,3056440328
8,8,3,0.484375,0.046875,0.2272273493910008,141,BARK,66,0.2578125,0.9882677084009549,128.0,0.5,False,3056440328
8,8,3,0.484375,0.046875,0.2272273493910008,141,BARK,77,0.30078125,0.9940824464168351,128.0,0.5,False,3056440328
8,8,3,0.484375,0.046875,0.2272273493910008,141,BARK,92,0.359375,0.9976247252497442,128.0,0.5,False,3056440328
8,8,3,0.484375,0.046875,0.2272273493910008,141,BARK,108,0.421875,0.9996147615330184,128.0,0.5,False,3056440328
8,8,3,0.484375,0.046875,0.2272273493910008,141,BARK,128,0.5,0.9999999999999996,128.0,0.5,False,3056440328
8,8,3,0.484375,0.046875,0.2272273493910008,141,Simplified BARK,1,0.00390625,0.2272273493910008,128.0,0.5,False,3056440328
8,8,3,0.484375,0.046875,0.2272273493910008,141,Simplified BARK,2,0.0078125,0.25528997197053516,128.0,0.5,False,3056440328
8,8,3,0.484375,0.046875,0.2272273493910008,141,Simplified BARK,3,0.01171875,0.2602471250596509,128.0,0.5,False,3056440328
8,8,3,0.484375,0.046875,0.2272273493910008,141,Simplified BARK,4,0.015625,0.2701729474438465,128.0,0.5,False,3056440328
8,8,3,0.484375,0.046875,0.2272273493910008,141,Simplified BARK,5,0.01953125,0.27023545005652166,128.0,0.5,False,3056440328
8,8,3,0.484375,0.046875,0.2272273493910008,141,Simplified BARK,6,0.0234375,0.2703987662617092,128.0,0.5,False,3056440328
8,8,3,0.484375,0.046875,0.2272273493910008,141,Simplified BARK,7,0.02734375,0.2799603597201086,128.0,0.5,False,3056440328
8,8,3,0.484375,0.046875,0.2272273493910008,141,Simplified BARK,9,0.03515625,0.28174232279013184,128.0,0.5,False,3056440328
8,8,3,0.484375,0.046875,0.2272273493910008,141,Simplified BARK,10,0.0390625,0.28213771378368335,128.0,0.5,False,3056440328
8,8,3,0.484375,0.046875,0.2272273493910008,141,Simplified BARK,12,0.046875,0.2820845460703277,128.0,0.5,False,3056440328
8,8,3,0.484375,0.046875,0.2272273493910008,141,Simplified BARK,15,0.05859375,0.28176592656949495,128.0,0.5,False,3056440328
8,8,3,0.484375,0.046875,0.2272273493910008,141,Simplified BARK,17,0.06640625,0.2829503188827535,128.0,0.5,False,3056440328
8,8,3,0.484375,0.046875,0.2272273493910008,141,Simplified BARK,20,0.078125,0.28332496960285514,128.0,0.5,False,3056440328
8,8,3,0.484375,0.046875,0.2272273493910008,141,Simplified BARK,24,0.09375,0.28515261027505845,128.0,0.5,False,3056440328
8,8,3,0.484375,0.046875,0.2272273493910008,141,Simplified BARK,28,0.109375,0.2924958372951397,128.0,0.5,False,3056440328
8,8,3,0.484375,0.046875,0.2272273493910008,141,Simplified BARK,34,0.1328125,0.2933158062540376,128.0,0.5,False,3056440328
8,8,3,0.484375,0.046875,0.2272273493910008,141,Simplified BARK,40,0.15625,0.2934022585946517,128.0,0.5,False,3056440328
8,8,3,0.484375,0.046875,0.2272273493910008,141,Simplified BARK,47,0.18359375,0.3336652698920938,128.0,0.5,False,3056440328
8,8,3,0.484375,0.046875,0.2272273493910008,141,Simplified BARK,55,0.21484375,0.3734733834792631,128.0,0.5,False,3056440328
8,8,3,0.484375,0.046875,0.2272273493910008,141,Simplified BARK,66,0.2578125,0.38222150210553907,128.0,0.5,False,3056440328
8,8,3,0.484375,0.046875,0.2272273493910008,141,Simplified BARK,77,0.30078125,0.38156139741723805,128.0,0.5,False,3056440328
8,8,3,0.484375,0.046875,0.2272273493910008,141,Simplified BARK,92,0.359375,0.40245791106760154,128.0,0.5,False,3056440328
8,8,3,0.484375,0.046875,0.2272273493910008,141,Simplified BARK,108,0.421875,0.9727051138983499,128.0,0.5,False,3056440328
8,8,3,0.484375,0.046875,0.2272273493910008,141,Simplified BARK,128,0.5,1.0,128.0,0.5,False,3056440328
8,8,3,0.484375,0.046875,0.2272273493910008,141,SKQD,1,0.00390625,0.22722734939100078,104.33333333333333,0.4075520833333333,True,3056440328
8,8,3,0.484375,0.046875,0.2272273493910008,141,SKQD,2,0.0078125,0.22722734939100078,104.33333333333333,0.4075520833333333,True,3056440328
8,8,3,0.484375,0.046875,0.2272273493910008,141,SKQD,3,0.01171875,0.22722734939100078,104.33333333333333,0.4075520833333333,True,3056440328
8,8,3,0.484375,0.046875,0.2272273493910008,141,SKQD,4,0.015625,0.22722734939100078,104.33333333333333,0.4075520833333333,True,3056440328
8,8,3,0.484375,0.046875,0.2272273493910008,141,SKQD,5,0.01953125,0.22722734939100078,104.33333333333333,0.4075520833333333,True,3056440328
8,8,3,0.484375,0.046875,0.2272273493910008,141,SKQD,6,0.0234375,0.22722734939100078,104.33333333333333,0.4075520833333333,True,3056440328
8,8,3,0.484375,0.046875,0.2272273493910008,141,SKQD,7,0.02734375,0.22722734939100078,104.33333333333333,0.4075520833333333,True,3056440328
8,8,3,0.484375,0.046875,0.2272273493910008,141,SKQD,9,0.03515625,0.22722734939100078,104.33333333333333,0.4075520833333333,True,3056440328
8,8,3,0.484375,0.046875,0.2272273493910008,141,SKQD,10,0.0390625,0.22722734939100078,104.33333333333333,0.4075520833333333,True,3056440328
8,8,3,0.484375,0.046875,0.2272273493910008,141,SKQD,12,0.046875,0.22722734939100078,104.33333333333333,0.4075520833333333,True,3056440328
8,8,3,0.484375,0.046875,0.2272273493910008,141,SKQD,15,0.05859375,0.22722734939100078,104.33333333333333,0.4075520833333333,True,3056440328
8,8,3,0.484375,0.046875,0.2272273493910008,141,SKQD,17,0.06640625,0.22722734939100078,104.33333333333333,0.4075520833333333,True,3056440328
8,8,3,0.484375,0.046875,0.2272273493910008,141,SKQD,20,0.078125,0.22722734939100078,104.33333333333333,0.4075520833333333,True,3056440328
8,8,3,0.484375,0.046875,0.2272273493910008,141,SKQD,24,0.09375,0.22722734939100078,104.33333333333333,0.4075520833333333,True,3056440328
8,8,3,0.484375,0.046875,0.2272273493910008,141,SKQD,28,0.109375,0.8133804105837547,104.33333333333333,0.4075520833333333,True,3056440328
8,8,3,0.484375,0.046875,0.2272273493910008,141,SKQD,34,0.1328125,0.8133804105837547,104.33333333333333,0.4075520833333333,True,3056440328
8,8,3,0.484375,0.046875,0.2272273493910008,141,SKQD,40,0.15625,0.9031182047751151,104.33333333333333,0.4075520833333333,True,3056440328
8,8,3,0.484375,0.046875,0.2272273493910008,141,SKQD,47,0.18359375,0.9031182047751151,104.33333333333333,0.4075520833333333,True,3056440328
8,8,3,0.484375,0.046875,0.2272273493910008,141,SKQD,55,0.21484375,0.9403453894713657,104.33333333333333,0.4075520833333333,True,3056440328
8,8,3,0.484375,0.046875,0.2272273493910008,141,SKQD,66,0.2578125,0.96937272245843,104.33333333333333,0.4075520833333333,True,3056440328
8,8,3,0.484375,0.046875,0.2272273493910008,141,SKQD,77,0.30078125,0.9821938842746443,104.33333333333333,0.4075520833333333,True,3056440328
8,8,3,0.484375,0.046875,0.2272273493910008,141,SKQD,92,0.359375,0.9914672104839748,104.33333333333333,0.4075520833333333,True,3056440328
8,8,3,0.484375,0.046875,0.2272273493910008,141,SKQD,108,0.421875,0.996568264830502,104.33333333333333,0.4075520833333333,True,3056440328
8,8,3,0.484375,0.046875,0.2272273493910008,141,SKQD,128,0.5,0.996568264830502,104.33333333333333,0.4075520833333333,True,3056440328
8,8,3,0.484375,0.046875,0.2272273493910008,141,Ceiling,1,0.00390625,0.38816844753680546,128.0,0.5,False,3056440328
8,8,3,0.484375,0.046875,0.2272273493910008,141,Ceiling,2,0.0078125,0.6153957969278063,128.0,0.5,False,3056440328
8,8,3,0.484375,0.046875,0.2272273493910008,141,Ceiling,3,0.01171875,0.6788071333568343,128.0,0.5,False,3056440328
8,8,3,0.484375,0.046875,0.2272273493910008,141,Ceiling,4,0.015625,0.7153103951952468,128.0,0.5,False,3056440328
8,8,3,0.484375,0.046875,0.2272273493910008,141,Ceiling,5,0.01953125,0.7491608420704109,128.0,0.5,False,3056440328
8,8,3,0.484375,0.046875,0.2272273493910008,141,Ceiling,6,0.0234375,0.7804705702762049,128.0,0.5,False,3056440328
8,8,3,0.484375,0.046875,0.2272273493910008,141,Ceiling,7,0.02734375,0.8086732959149732,128.0,0.5,False,3056440328
8,8,3,0.484375,0.046875,0.2272273493910008,141,Ceiling,9,0.03515625,0.8380894542760542,128.0,0.5,False,3056440328
8,8,3,0.484375,0.046875,0.2272273493910008,141,Ceiling,10,0.0390625,0.8510868850110536,128.0,0.5,False,3056440328
8,8,3,0.484375,0.046875,0.2272273493910008,141,Ceiling,12,0.046875,0.8758864772845599,128.0,0.5,False,3056440328
8,8,3,0.484375,0.046875,0.2272273493910008,141,Ceiling,15,0.05859375,0.9093464588870651,128.0,0.5,False,3056440328
8,8,3,0.484375,0.046875,0.2272273493910008,141,Ceiling,17,0.06640625,0.9259690957957278,128.0,0.5,False,3056440328
8,8,3,0.484375,0.046875,0.2272273493910008,141,Ceiling,20,0.078125,0.9427868044040302,128.0,0.5,False,3056440328
8,8,3,0.484375,0.046875,0.2272273493910008,141,Ceiling,24,0.09375,0.9574196258878286,128.0,0.5,False,3056440328
8,8,3,0.484375,0.046875,0.2272273493910008,141,Ceiling,28,0.109375,0.9669221197419349,128.0,0.5,False,3056440328
8,8,3,0.484375,0.046875,0.2272273493910008,141,Ceiling,34,0.1328125,0.9754190734148386,128.0,0.5,False,3056440328
8,8,3,0.484375,0.046875,0.2272273493910008,141,Ceiling,40,0.15625,0.9818523328572634,128.0,0.5,False,3056440328
8,8,3,0.484375,0.046875,0.2272273493910008,141,Ceiling,47,0.18359375,0.987065343044965,128.0,0.5,False,3056440328
8,8,3,0.484375,0.046875,0.2272273493910008,141,Ceiling,55,0.21484375,0.9912873519992023,128.0,0.5,False,3056440328
8,8,3,0.484375,0.046875,0.2272273493910008,141,Ceiling,66,0.2578125,0.9955555648867367,128.0,0.5,False,3056440328
8,8,3,0.484375,0.046875,0.2272273493910008,141,Ceiling,77,0.30078125,0.9977720260131373,128.0,0.5,False,3056440328
8,8,3,0.484375,0.046875,0.2272273493910008,141,Ceiling,92,0.359375,0.9991153218932625,128.0,0.5,False,3056440328
8,8,3,0.484375,0.046875,0.2272273493910008,141,Ceiling,108,0.421875,0.9998422918625564,128.0,0.5,False,3056440328
8,8,3,0.484375,0.046875,0.2272273493910008,141,Ceiling,128,0.5,1.0000000000000002,128.0,0.5,False,3056440328
8,8,3,0.484375,0.046875,0.38816844753680546,139,BARK,1,0.00390625,0.38816844753680546,128.0,0.5,False,3056440328
8,8,3,0.484375,0.046875,0.38816844753680546,139,BARK,2,0.0078125,0.6055228427694336,128.0,0.5,False,3056440328
8,8,3,0.484375,0.046875,0.38816844753680546,139,BARK,3,0.01171875,0.6294878260115565,128.0,0.5,False,3056440328
8,8,3,0.484375,0.046875,0.38816844753680546,139,BARK,4,0.015625,0.6786209560844673,128.0,0.5,False,3056440328
8,8,3,0.484375,0.046875,0.38816844753680546,139,BARK,5,0.01953125,0.682607013339186,128.0,0.5,False,3056440328
8,8,3,0.484375,0.046875,0.38816844753680546,139,BARK,6,0.0234375,0.7134634416092507,128.0,0.5,False,3056440328
8,8,3,0.484375,0.046875,0.38816844753680546,139,BARK,7,0.02734375,0.7441732906042443,128.0,0.5,False,3056440328
8,8,3,0.484375,0.046875,0.38816844753680546,139,BARK,9,0.03515625,0.8168898682071895,128.0,0.5,False,3056440328
8,8,3,0.484375,0.046875,0.38816844753680546,139,BARK,10,0.0390625,0.8305619321193175,128.0,0.5,False,3056440328
8,8,3,0.484375,0.046875,0.38816844753680546,139,BARK,12,0.046875,0.8565878791450658,128.0,0.5,False,3056440328
8,8,3,0.484375,0.046875,0.38816844753680546,139,BARK,15,0.05859375,0.8666389498221824,128.0,0.5,False,3056440328
8,8,3,0.484375,0.046875,0.38816844753680546,139,BARK,17,0.06640625,0.8718582139022806,128.0,0.5,False,3056440328
8,8,3,0.484375,0.046875,0.38816844753680546,139,BARK,20,0.078125,0.9074269171638042,128.0,0.5,False,3056440328
8,8,3,0.484375,0.046875,0.38816844753680546,139,BARK,24,0.09375,0.9194845478930403,128.0,0.5,False,3056440328
8,8,3,0.484375,0.046875,0.38816844753680546,139,BARK,28,0.109375,0.9282482310598891,128.0,0.5,False,3056440328
8,8,3,0.484375,0.046875,0.38816844753680546,139,BARK,34,0.1328125,0.9418176900177228,128.0,0.5,False,3056440328
8,8,3,0.484375,0.046875,0.38816844753680546,139,BARK,40,0.15625,0.9450831129503648,128.0,0.5,False,3056440328
8,8,3,0.484375,0.046875,0.38816844753680546,139,BARK,47,0.18359375,0.9705404058177005,128.0,0.5,False,3056440328
8,8,3,0.484375,0.046875,0.38816844753680546,139,BARK,55,0.21484375,0.9802372585759019,128.0,0.5,False,3056440328
8,8,3,0.484375,0.046875,0.38816844753680546,139,BARK,66,0.2578125,0.988267708400956,128.0,0.5,False,3056440328
8,8,3,0.484375,0.046875,0.38816844753680546,139,BARK,77,0.30078125,0.9940824464168362,128.0,0.5,False,3056440328
8,8,3,0.484375,0.046875,0.38816844753680546,139,BARK,92,0.359375,0.9976247252497449,128.0,0.5,False,3056440328
8,8,3,0.484375,0.046875,0.38816844753680546,139,BARK,108,0.421875,0.9996147615330193,128.0,0.5,False,3056440328
8,8,3,0.484375,0.046875,0.38816844753680546,139,BARK,128,0.5,1.0,128.0,0.5,False,3056440328
8,8,3,0.484375,0.046875,0.38816844753680546,139,Simplified BARK,1,0.00390625,0.38816844753680546,128.0,0.5,False,3056440328
8,8,3,0.484375,0.046875,0.38816844753680546,139,Simplified BARK,2,0.0078125,0.421684391716059,128.0,0.5,False,3056440328
8,8,3,0.484375,0.046875,0.38816844753680546,139,Simplified BARK,3,0.01171875,0.43478969695059,128.0,0.5,False,3056440328
8,8,3,0.484375,0.046875,0.38816844753680546,139,Simplified BARK,4,0.015625,0.43789993820496725,128.0,0.5,False,3056440328
8,8,3,0.484375,0.046875,0.38816844753680546,139,Simplified BARK,5,0.01953125,0.43905424823103595,128.0,0.5,False,3056440328
8,8,3,0.484375,0.046875,0.38816844753680546,139,Simplified BARK,6,0.0234375,0.43285059312031365,128.0,0.5,False,3056440328
8,8,3,0.484375,0.046875,0.38816844753680546,139,Simplified BARK,7,0.02734375,0.4335955724020453,128.0,0.5,False,3056440328
8,8,3,0.484375,0.046875,0.38816844753680546,139,Simplified BARK,9,0.03515625,0.4334558628930719,128.0,0.5,False,3056440328
8,8,3,0.484375,0.046875,0.38816844753680546,139,Simplified BARK,10,0.0390625,0.43463801437319527,128.0,0.5,False,3056440328
8,8,3,0.484375,0.046875,0.38816844753680546,139,Simplified BARK,12,0.046875,0.43510781251751307,128.0,0.5,False,3056440328
8,8,3,0.484375,0.046875,0.38816844753680546,139,Simplified BARK,15,0.05859375,0.4545206561068651,128.0,0.5,False,3056440328
8,8,3,0.484375,0.046875,0.38816844753680546,139,Simplified BARK,17,0.06640625,0.4540806909075473,128.0,0.5,False,3056440328
8,8,3,0.484375,0.046875,0.38816844753680546,139,Simplified BARK,20,0.078125,0.4528094981912757,128.0,0.5,False,3056440328
8,8,3,0.484375,0.046875,0.38816844753680546,139,Simplified BARK,24,0.09375,0.45266530498252266,128.0,0.5,False,3056440328
8,8,3,0.484375,0.046875,0.38816844753680546,139,Simplified BARK,28,0.109375,0.4550940396370389,128.0,0.5,False,3056440328
8,8,3,0.484375,0.046875,0.38816844753680546,139,Simplified BARK,34,0.1328125,0.5114628293221256,128.0,0.5,False,3056440328
8,8,3,0.484375,0.046875,0.38816844753680546,139,Simplified BARK,40,0.15625,0.5120786451785322,128.0,0.5,False,3056440328
8,8,3,0.484375,0.046875,0.38816844753680546,139,Simplified BARK,47,0.18359375,0.512720139961986,128.0,0.5,False,3056440328
8,8,3,0.484375,0.046875,0.38816844753680546,139,Simplified BARK,55,0.21484375,0.5490382942579018,128.0,0.5,False,3056440328
8,8,3,0.484375,0.046875,0.38816844753680546,139,Simplified BARK,66,0.2578125,0.6306362343268492,128.0,0.5,False,3056440328
8,8,3,0.484375,0.046875,0.38816844753680546,139,Simplified BARK,77,0.30078125,0.6416005192654105,128.0,0.5,False,3056440328
8,8,3,0.484375,0.046875,0.38816844753680546,139,Simplified BARK,92,0.359375,0.9411007665134946,128.0,0.5,False,3056440328
8,8,3,0.484375,0.046875,0.38816844753680546,139,Simplified BARK,108,0.421875,0.9727051138983497,128.0,0.5,False,3056440328
8,8,3,0.484375,0.046875,0.38816844753680546,139,Simplified BARK,128,0.5,1.0,128.0,0.5,False,3056440328
8,8,3,0.484375,0.046875,0.38816844753680546,139,SKQD,1,0.00390625,0.38816844753680546,109.0,0.42578125,True,3056440328
8,8,3,0.484375,0.046875,0.38816844753680546,139,SKQD,2,0.0078125,0.38816844753680546,109.0,0.42578125,True,3056440328
8,8,3,0.484375,0.046875,0.38816844753680546,139,SKQD,3,0.01171875,0.38816844753680546,109.0,0.42578125,True,3056440328
8,8,3,0.484375,0.046875,0.38816844753680546,139,SKQD,4,0.015625,0.38816844753680546,109.0,0.42578125,True,3056440328
8,8,3,0.484375,0.046875,0.38816844753680546,139,SKQD,5,0.01953125,0.38816844753680546,109.0,0.42578125,True,3056440328
8,8,3,0.484375,0.046875,0.38816844753680546,139,SKQD,6,0.0234375,0.38816844753680546,109.0,0.42578125,True,3056440328
8,8,3,0.484375,0.046875,0.38816844753680546,139,SKQD,7,0.02734375,0.38816844753680546,109.0,0.42578125,True,3056440328
8,8,3,0.484375,0.046875,0.38816844753680546,139,SKQD,9,0.03515625,0.38816844753680546,109.0,0.42578125,True,3056440328
8,8,3,0.484375,0.046875,0.38816844753680546,139,SKQD,10,0.0390625,0.38816844753680546,109.0,0.42578125,True,3056440328
8,8,3,0.484375,0.046875,0.38816844753680546,139,SKQD,12,0.046875,0.38816844753680546,109.0,0.42578125,True,3056440328
8,8,3,0.484375,0.046875,0.38816844753680546,139,SKQD,15,0.05859375,0.38816844753680546,109.0,0.42578125,True,3056440328
8,8,3,0.484375,0.046875,0.38816844753680546,139,SKQD,17,0.06640625,0.38816844753680546,109.0,0.42578125,True,3056440328
8,8,3,0.484375,0.046875,0.38816844753680546,139,SKQD,20,0.078125,0.38816844753680546,109.0,0.42578125,True,3056440328
8,8,3,0.484375,0.046875,0.38816844753680546,139,SKQD,24,0.09375,0.38816844753680546,109.0,0.42578125,True,3056440328
8,8,3,0.484375,0.046875,0.38816844753680546,139,SKQD,28,0.109375,0.38816844753680546,109.0,0.42578125,True,3056440328
8,8,3,0.484375,0.046875,0.38816844753680546,139,SKQD,34,0.1328125,0.8220397320524033,109.0,0.42578125,True,3056440328
8,8,3,0.484375,0.046875,0.38816844753680546,139,SKQD,40,0.15625,0.8220397320524033,109.0,0.42578125,True,3056440328
8,8,3,0.484375,0.046875,0.38816844753680546,139,SKQD,47,0.18359375,0.8847542975974406,109.0,0.42578125,True,3056440328
8,8,3,0.484375,0.046875,0.38816844753680546,139,SKQD,55,0.21484375,0.9158097422686922,109.0,0.42578125,True,3056440328
8,8,3,0.484375,0.046875,0.38816844753680546,139,SKQD,66,0.2578125,0.9543215986111689,109.0,0.42578125,True,3056440328
8,8,3,0.484375,0.046875,0.38816844753680546,139,SKQD,77,0.30078125,0.9793725044218435,109.0,0.42578125,True,3056440328
8,8,3,0.484375,0.046875,0.38816844753680546,139,SKQD,92,0.359375,0.990210467093485,109.0,0.42578125,True,3056440328
8,8,3,0.484375,0.046875,0.38816844753680546,139,SKQD,108,0.421875,0.9967030447777522,109.0,0.42578125,True,3056440328
8,8,3,0.484375,0.046875,0.38816844753680546,139,SKQD,128,0.5,0.9976293742987612,109.0,0.42578125,True,3056440328
8,8,3,0.484375,0.046875,0.38816844753680546,139,Ceiling,1,0.00390625,0.38816844753680546,128.0,0.5,False,3056440328
8,8,3,0.484375,0.046875,0.38816844753680546,139,Ceiling,2,0.0078125,0.6153957969278063,128.0,0.5,False,3056440328
8,8,3,0.484375,0.046875,0.38816844753680546,139,Ceiling,3,0.01171875,0.6788071333568343,128.0,0.5,False,3056440328
8,8,3,0.484375,0.046875,0.38816844753680546,139,Ceiling,4,0.015625,0.7153103951952468,128.0,0.5,False,3056440328
8,8,3,0.484375,0.046875,0.38816844753680546,139,Ceiling,5,0.01953125,0.7491608420704109,128.0,0.5,False,3056440328
8,8,3,0.484375,0.046875,0.38816844753680546,139,Ceiling,6,0.0234375,0.7804705702762049,128.0,0.5,False,3056440328
8,8,3,0.484375,0.046875,0.38816844753680546,139,Ceiling,7,0.02734375,0.8086732959149732,128.0,0.5,False,3056440328
8,8,3,0.484375,0.046875,0.38816844753680546,139,Ceiling,9,0.03515625,0.8380894542760542,128.0,0.5,False,3056440328
8,8,3,0.484375,0.046875,0.38816844753680546,139,Ceiling,10,0.0390625,0.8510868850110536,128.0,0.5,False,3056440328
8,8,3,0.484375,0.046875,0.38816844753680546,139,Ceiling,12,0.046875,0.8758864772845599,128.0,0.5,False,3056440328
8,8,3,0.484375,0.046875,0.38816844753680546,139,Ceiling,15,0.05859375,0.9093464588870651,128.0,0.5,False,3056440328
8,8,3,0.484375,0.046875,0.38816844753680546,139,Ceiling,17,0.06640625,0.9259690957957278,128.0,0.5,False,3056440328
8,8,3,0.484375,0.046875,0.38816844753680546,139,Ceiling,20,0.078125,0.9427868044040302,128.0,0.5,False,3056440328
8,8,3,0.484375,0.046875,0.38816844753680546,139,Ceiling,24,0.09375,0.9574196258878286,128.0,0.5,False,3056440328
8,8,3,0.484375,0.046875,0.38816844753680546,139,Ceiling,28,0.109375,0.9669221197419349,128.0,0.5,False,3056440328
8,8,3,0.484375,0.046875,0.38816844753680546,139,Ceiling,34,0.1328125,0.9754190734148386,128.0,0.5,False,3056440328
8,8,3,0.484375,0.046875,0.38816844753680546,139,Ceiling,40,0.15625,0.9818523328572634,128.0,0.5,False,3056440328
8,8,3,0.484375,0.046875,0.38816844753680546,139,Ceiling,47,0.18359375,0.987065343044965,128.0,0.5,False,3056440328
8,8,3,0.484375,0.046875,0.38816844753680546,139,Ceiling,55,0.21484375,0.9912873519992023,128.0,0.5,False,3056440328
8,8,3,0.484375,0.046875,0.38816844753680546,139,Ceiling,66,0.2578125,0.9955555648867367,128.0,0.5,False,3056440328
8,8,3,0.484375,0.046875,0.38816844753680546,139,Ceiling,77,0.30078125,0.9977720260131373,128.0,0.5,False,3056440328
8,8,3,0.484375,0.046875,0.38816844753680546,139,Ceiling,92,0.359375,0.9991153218932625,128.0,0.5,False,3056440328
8,8,3,0.484375,0.046875,0.38816844753680546,139,Ceiling,108,0.421875,0.9998422918625564,128.0,0.5,False,3056440328
8,8,3,0.484375,0.046875,0.38816844753680546,139,Ceiling,128,0.5,1.0000000000000002,128.0,0.5,False,3056440328
8,8,3,0.484375,0.046875,0.0,14,BARK,1,0.00390625,0.0,128.0,0.5,False,3056440328
8,8,3,0.484375,0.046875,0.0,14,BARK,2,0.0078125,1.6308147530514125e-33,128.0,0.5,False,3056440328
8,8,3,0.484375,0.046875,0.0,14,BARK,3,0.01171875,5.718341157737373e-31,128.0,0.5,False,3056440328
8,8,3,0.484375,0.046875,0.0,14,BARK,4,0.015625,3.267626957820036e-30,128.0,0.5,False,3056440328
8,8,3,0.484375,0.046875,0.0,14,BARK,5,0.01953125,3.474802435790584e-30,128.0,0.5,False,3056440328
8,8,3,0.484375,0.046875,0.0,14,BARK,6,0.0234375,3.549749511810034e-30,128.0,0.5,False,3056440328
8,8,3,0.484375,0.046875,0.0,14,BARK,7,0.02734375,3.633720030307706e-30,128.0,0.5,False,3056440328
8,8,3,0.484375,0.046875,0.0,14,BARK,9,0.03515625,3.679341715288369e-30,128.0,0.5,False,3056440328
8,8,3,0.484375,0.046875,0.0,14,BARK,10,0.0390625,3.69711851280662e-30,128.0,0.5,False,3056440328
8,8,3,0.484375,0.046875,0.0,14,BARK,12,0.046875,3.6944828953828396e-30,128.0,0.5,False,3056440328
8,8,3,0.484375,0.046875,0.0,14,BARK,15,0.05859375,3.957356605944022e-30,128.0,0.5,False,3056440328
8,8,3,0.484375,0.046875,0.0,14,BARK,17,0.06640625,4.130301869224181e-30,128.0,0.5,False,3056440328
8,8,3,0.484375,0.046875,0.0,14,BARK,20,0.078125,4.526380552520349e-30,128.0,0.5,False,3056440328
8,8,3,0.484375,0.046875,0.0,14,BARK,24,0.09375,4.622282477132008e-30,128.0,0.5,False,3056440328
8,8,3,0.484375,0.046875,0.0,14,BARK,28,0.109375,4.66844279556931e-30,128.0,0.5,False,3056440328
8,8,3,0.484375,0.046875,0.0,14,BARK,34,0.1328125,4.852261777695283e-30,128.0,0.5,False,3056440328
8,8,3,0.484375,0.046875,0.0,14,BARK,40,0.15625,4.995632308978827e-30,128.0,0.5,False,3056440328
8,8,3,0.484375,0.046875,0.0,14,BARK,47,0.18359375,5.037607649801537e-30,128.0,0.5,False,3056440328
8,8,3,0.484375,0.046875,0.0,14,BARK,55,0.21484375,5.059915643766903e-30,128.0,0.5,False,3056440328
8,8,3,0.484375,0.046875,0.0,14,BARK,66,0.2578125,5.078619328493078e-30,128.0,0.5,False,3056440328
8,8,3,0.484375,0.046875,0.0,14,BARK,77,0.30078125,5.142552819174913e-30,128.0,0.5,False,3056440328
8,8,3,0.484375,0.046875,0.0,14,BARK,92,0.359375,5.1910215530161544e-30,128.0,0.5,False,3056440328
8,8,3,0.484375,0.046875,0.0,14,BARK,108,0.421875,5.194580152556953e-30,128.0,0.5,False,3056440328
8,8,3,0.484375,0.046875,0.0,14,BARK,128,0.5,5.195480392736193e-30,128.0,0.5,False,3056440328
8,8,3,0.484375,0.046875,0.0,14,Simplified BARK,1,0.00390625,0.0,128.0,0.5,False,3056440328
8,8,3,0.484375,0.046875,0.0,14,Simplified BARK,2,0.0078125,4.281158727935774e-34,128.0,0.5,False,3056440328
8,8,3,0.484375,0.046875,0.0,14,Simplified BARK,3,0.01171875,6.384571245721334e-32,128.0,0.5,False,3056440328
8,8,3,0.484375,0.046875,0.0,14,Simplified BARK,4,0.015625,6.796713713140762e-32,128.0,0.5,False,3056440328
8,8,3,0.484375,0.046875,0.0,14,Simplified BARK,5,0.01953125,6.770004459859273e-32,128.0,0.5,False,3056440328
8,8,3,0.484375,0.046875,0.0,14,Simplified BARK,6,0.0234375,6.821633165627191e-32,128.0,0.5,False,3056440328
8,8,3,0.484375,0.046875,0.0,14,Simplified BARK,7,0.02734375,6.822269823185385e-32,128.0,0.5,False,3056440328
8,8,3,0.484375,0.046875,0.0,14,Simplified BARK,9,0.03515625,6.823504481315888e-32,128.0,0.5,False,3056440328
8,8,3,0.484375,0.046875,0.0,14,Simplified BARK,10,0.0390625,6.858654911518851e-32,128.0,0.5,False,3056440328
8,8,3,0.484375,0.046875,0.0,14,Simplified BARK,12,0.046875,6.854613354055395e-32,128.0,0.5,False,3056440328
8,8,3,0.484375,0.046875,0.0,14,Simplified BARK,15,0.05859375,7.135007167191332e-32,128.0,0.5,False,3056440328
8,8,3,0.484375,0.046875,0.0,14,Simplified BARK,17,0.06640625,7.139745217291126e-32,128.0,0.5,False,3056440328
8,8,3,0.484375,0.046875,0.0,14,Simplified BARK,20,0.078125,7.548909833277305e-33,128.0,0.5,False,3056440328
8,8,3,0.484375,0.046875,0.0,14,Simplified BARK,24,0.09375,8.270253336661458e-33,128.0,0.5,False,3056440328
8,8,3,0.484375,0.046875,0.0,14,Simplified BARK,28,0.109375,8.206179584709536e-33,128.0,0.5,False,3056440328
8,8,3,0.484375,0.046875,0.0,14,Simplified BARK,34,0.1328125,6.294001939241065e-33,128.0,0.5,False,3056440328
8,8,3,0.484375,0.046875,0.0,14,Simplified BARK,40,0.15625,3.19661469220188e-31,128.0,0.5,False,3056440328
8,8,3,0.484375,0.046875,0.0,14,Simplified BARK,47,0.18359375,2.446256882248e-31,128.0,0.5,False,3056440328
8,8,3,0.484375,0.046875,0.0,14,Simplified BARK,55,0.21484375,2.658101910781277e-31,128.0,0.5,False,3056440328
8,8,3,0.484375,0.046875,0.0,14,Simplified BARK,66,0.2578125,3.0966831963511556e-31,128.0,0.5,False,3056440328
8,8,3,0.484375,0.046875,0.0,14,Simplified BARK,77,0.30078125,3.9173338607781076e-30,128.0,0.5,False,3056440328
8,8,3,0.484375,0.046875,0.0,14,Simplified BARK,92,0.359375,4.623919285125761e-30,128.0,0.5,False,3056440328
8,8,3,0.484375,0.046875,0.0,14,Simplified BARK,108,0.421875,4.8352952232986554e-30,128.0,0.5,False,3056440328
8,8,3,0.484375,0.046875,0.0,14,Simplified BARK,128,0.5,5.1954803927361946e-30,128.0,0.5,False,3056440328
8,8,3,0.484375,0.046875,0.0,14,SKQD,1,0.00390625,0.0,120.33333333333333,0.4700520833333333,True,3056440328
8,8,3,0.484375,0.046875,0.0,14,SKQD,2,0.0078125,0.0,120.33333333333333,0.4700520833333333,True,3056440328
8,8,3,0.484375,0.046875,0.0,14,SKQD,3,0.01171875,0.0,120.33333333333333,0.4700520833333333,True,3056440328
8,8,3,0.484375,0.046875,0.0,14,SKQD,4,0.015625,0.0,120.33333333333333,0.4700520833333333,True,3056440328
8,8,3,0.484375,0.046875,0.0,14,SKQD,5,0.01953125,0.0,120.33333333333333,0.4700520833333333,True,3056440328
8,8,3,0.484375,0.046875,0.0,14,SKQD,6,0.0234375,0.0,120.33333333333333,0.4700520833333333,True,3056440328
8,8,3,0.484375,0.046875,0.0,14,SKQD,7,0.02734375,0.0,120.33333333333333,0.4700520833333333,True,3056440328
8,8,3,0.484375,0.046875,0.0,14,SKQD,9,0.03515625,0.0,120.33333333333333,0.4700520833333333,True,3056440328
8,8,3,0.484375,0.046875,0.0,14,SKQD,10,0.0390625,0.0,120.33333333333333,0.4700520833333333,True,3056440328
8,8,3,0.484375,0.046875,0.0,14,SKQD,12,0.046875,0.0,120.33333333333333,0.4700520833333333,True,3056440328
8,8,3,0.484375,0.046875,0.0,14,SKQD,15,0.05859375,0.0,120.33333333333333,0.4700520833333333,True,3056440328
8,8,3,0.484375,0.046875,0.0,14,SKQD,17,0.06640625,0.0,120.33333333333333,0.4700520833333333,True,3056440328
8,8,3,0.484375,0.046875,0.0,14,SKQD,20,0.078125,0.0,120.33333333333333,0.4700520833333333,True,3056440328
8,8,3,0.484375,0.046875,0.0,14,SKQD,24,0.09375,0.0,120.33333333333333,0.4700520833333333,True,3056440328
8,8,3,0.484375,0.046875,0.0,14,SKQD,28,0.109375,1.3864658068333599e-32,120.33333333333333,0.4700520833333333,True,3056440328
8,8,3,0.484375,0.046875,0.0,14,SKQD,34,0.1328125,1.3864658068333599e-32,120.33333333333333,0.4700520833333333,True,3056440328
8,8,3,0.484375,0.046875,0.0,14,SKQD,40,0.15625,1.3864658068333599e-32,120.33333333333333,0.4700520833333333,True,3056440328
8,8,3,0.484375,0.046875,0.0,14,SKQD,47,0.18359375,1.9717485037525303e-30,120.33333333333333,0.4700520833333333,True,3056440328
8,8,3,0.484375,0.046875,0.0,14,SKQD,55,0.21484375,1.9754510403996585e-30,120.33333333333333,0.4700520833333333,True,3056440328
8,8,3,0.484375,0.046875,0.0,14,SKQD,66,0.2578125,2.19707124711566e-30,120.33333333333333,0.4700520833333333,True,3056440328
8,8,3,0.484375,0.046875,0.0,14,SKQD,77,0.30078125,2.3261881102311707e-30,120.33333333333333,0.4700520833333333,True,3056440328
8,8,3,0.484375,0.046875,0.0,14,SKQD,92,0.359375,2.87156496433242e-30,120.33333333333333,0.4700520833333333,True,3056440328
8,8,3,0.484375,0.046875,0.0,14,SKQD,108,0.421875,3.086222598490117e-30,120.33333333333333,0.4700520833333333,True,3056440328
8,8,3,0.484375,0.046875,0.0,14,SKQD,128,0.5,5.167776582830157e-30,120.33333333333333,0.4700520833333333,True,3056440328
8,8,3,0.484375,0.046875,0.0,14,Ceiling,1,0.00390625,0.38816844753680546,128.0,0.5,False,3056440328
8,8,3,0.484375,0.046875,0.0,14,Ceiling,2,0.0078125,0.6153957969278063,128.0,0.5,False,3056440328
8,8,3,0.484375,0.046875,0.0,14,Ceiling,3,0.01171875,0.6788071333568343,128.0,0.5,False,3056440328
8,8,3,0.484375,0.046875,0.0,14,Ceiling,4,0.015625,0.7153103951952468,128.0,0.5,False,3056440328
8,8,3,0.484375,0.046875,0.0,14,Ceiling,5,0.01953125,0.7491608420704109,128.0,0.5,False,3056440328
8,8,3,0.484375,0.046875,0.0,14,Ceiling,6,0.0234375,0.7804705702762049,128.0,0.5,False,3056440328
8,8,3,0.484375,0.046875,0.0,14,Ceiling,7,0.02734375,0.8086732959149732,128.0,0.5,False,3056440328
8,8,3,0.484375,0.046875,0.0,14,Ceiling,9,0.03515625,0.8380894542760542,128.0,0.5,False,3056440328
8,8,3,0.484375,0.046875,0.0,14,Ceiling,10,0.0390625,0.8510868850110536,128.0,0.5,False,3056440328
8,8,3,0.484375,0.046875,0.0,14,Ceiling,12,0.046875,0.8758864772845599,128.0,0.5,False,3056440328
8,8,3,0.484375,0.046875,0.0,14,Ceiling,15,0.05859375,0.9093464588870651,128.0,0.5,False,3056440328
8,8,3,0.484375,0.046875,0.0,14,Ceiling,17,0.06640625,0.9259690957957278,128.0,0.5,False,3056440328
8,8,3,0.484375,0.046875,0.0,14,Ceiling,20,0.078125,0.9427868044040302,128.0,0.5,False,3056440328
8,8,3,0.484375,0.046875,0.0,14,Ceiling,24,0.09375,0.9574196258878286,128.0,0.5,False,3056440328
8,8,3,0.484375,0.046875,0.0,14,Ceiling,28,0.109375,0.9669221197419349,128.0,0.5,False,3056440328
8,8,3,0.484375,0.046875,0.0,14,Ceiling,34,0.1328125,0.9754190734148386,128.0,0.5,False,3056440328
8,8,3,0.484375,0.046875,0.0,14,Ceiling,40,0.15625,0.9818523328572634,128.0,0.5,False,3056440328
8,8,3,0.484375,0.046875,0.0,14,Ceiling,47,0.18359375,0.987065343044965,128.0,0.5,False,3056440328
8,8,3,0.484375,0.046875,0.0,14,Ceiling,55,0.21484375,0.9912873519992023,128.0,0.5,False,3056440328
8,8,3,0.484375,0.046875,0.0,14,Ceiling,66,0.2578125,0.9955555648867367,128.0,0.5,False,3056440328
8,8,3,0.484375,0.046875,0.0,14,Ceiling,77,0.30078125,0.9977720260131373,128.0,0.5,False,3056440328
8,8,3,0.484375,0.046875,0.0,14,Ceiling,92,0.359375,0.9991153218932625,128.0,0.5,False,3056440328
8,8,3,0.484375,0.046875,0.0,14,Ceiling,108,0.421875,0.9998422918625564,128.0,0.5,False,3056440328
8,8,3,0.484375,0.046875,0.0,14,Ceiling,128,0.5,1.0000000000000002,128.0,0.5,False,3056440328
8,8,3,0.484375,0.046875,1.3704958764757606e-38,82,BARK,1,0.00390625,1.3704958764757606e-38,128.0,0.5,False,3056440328
8,8,3,0.484375,0.046875,1.3704958764757606e-38,82,BARK,2,0.0078125,3.6799710667404447e-34,128.0,0.5,False,3056440328
8,8,3,0.484375,0.046875,1.3704958764757606e-38,82,BARK,3,0.01171875,1.2822309541872043e-31,128.0,0.5,False,3056440328
8,8,3,0.484375,0.046875,1.3704958764757606e-38,82,BARK,4,0.015625,6.689534924546639e-31,128.0,0.5,False,3056440328
8,8,3,0.484375,0.046875,1.3704958764757606e-38,82,BARK,5,0.01953125,3.405192420310346e-30,128.0,0.5,False,3056440328
8,8,3,0.484375,0.046875,1.3704958764757606e-38,82,BARK,6,0.0234375,3.6151134106306735e-30,128.0,0.5,False,3056440328
8,8,3,0.484375,0.046875,1.3704958764757606e-38,82,BARK,7,0.02734375,3.6959354153016384e-30,128.0,0.5,False,3056440328
8,8,3,0.484375,0.046875,1.3704958764757606e-38,82,BARK,9,0.03515625,3.807690798433647e-30,128.0,0.5,False,3056440328
8,8,3,0.484375,0.046875,1.3704958764757606e-38,82,BARK,10,0.0390625,3.988554004420405e-30,128.0,0.5,False,3056440328
8,8,3,0.484375,0.046875,1.3704958764757606e-38,82,BARK,12,0.046875,4.094782626918139e-30,128.0,0.5,False,3056440328
8,8,3,0.484375,0.046875,1.3704958764757606e-38,82,BARK,15,0.05859375,4.517555290618283e-30,128.0,0.5,False,3056440328
8,8,3,0.484375,0.046875,1.3704958764757606e-38,82,BARK,17,0.06640625,4.552918636898535e-30,128.0,0.5,False,3056440328
8,8,3,0.484375,0.046875,1.3704958764757606e-38,82,BARK,20,0.078125,4.575445716598834e-30,128.0,0.5,False,3056440328
8,8,3,0.484375,0.046875,1.3704958764757606e-38,82,BARK,24,0.09375,4.62811467241705e-30,128.0,0.5,False,3056440328
8,8,3,0.484375,0.046875,1.3704958764757606e-38,82,BARK,28,0.109375,4.7582175886960434e-30,128.0,0.5,False,3056440328
8,8,3,0.484375,0.046875,1.3704958764757606e-38,82,BARK,34,0.1328125,4.791458814383588e-30,128.0,0.5,False,3056440328
8,8,3,0.484375,0.046875,1.3704958764757606e-38,82,BARK,40,0.15625,4.849015492197699e-30,128.0,0.5,False,3056440328
8,8,3,0.484375,0.046875,1.3704958764757606e-38,82,BARK,47,0.18359375,4.929811468035543e-30,128.0,0.5,False,3056440328
8,8,3,0.484375,0.046875,1.3704958764757606e-38,82,BARK,55,0.21484375,4.9562197586655804e-30,128.0,0.5,False,3056440328
8,8,3,0.484375,0.046875,1.3704958764757606e-38,82,BARK,66,0.2578125,4.992952245896959e-30,128.0,0.5,False,3056440328
8,8,3,0.484375,0.046875,1.3704958764757606e-38,82,BARK,77,0.30078125,5.007139006273256e-30,128.0,0.5,False,3056440328
8,8,3,0.484375,0.046875,1.3704958764757606e-38,82,BARK,92,0.359375,5.162940702683255e-30,128.0,0.5,False,3056440328
8,8,3,0.484375,0.046875,1.3704958764757606e-38,82,BARK,108,0.421875,5.1948179356650884e-30,128.0,0.5,False,3056440328
8,8,3,0.484375,0.046875,1.3704958764757606e-38,82,BARK,128,0.5,5.195480392736191e-30,128.0,0.5,False,3056440328
8,8,3,0.484375,0.046875,1.3704958764757606e-38,82,Simplified BARK,1,0.00390625,1.3704958764757606e-38,128.0,0.5,False,3056440328
8,8,3,0.484375,0.046875,1.3704958764757606e-38,82,Simplified BARK,2,0.0078125,1.7311580452797203e-34,128.0,0.5,False,3056440328
8,8,3,0.484375,0.046875,1.3704958764757606e-38,82,Simplified BARK,3,0.01171875,4.115948158033935e-34,128.0,0.5,False,3056440328
8,8,3,0.484375,0.046875,1.3704958764757606e-38,82,Simplified BARK,4,0.015625,4.382232876103768e-34,128.0,0.5,False,3056440328
8,8,3,0.484375,0.046875,1.3704958764757606e-38,82,Simplified BARK,5,0.01953125,5.872736314223489e-34,128.0,0.5,False,3056440328
8,8,3,0.484375,0.046875,1.3704958764757606e-38,82,Simplified BARK,6,0.0234375,3.841956181739446e-34,128.0,0.5,False,3056440328
8,8,3,0.484375,0.046875,1.3704958764757606e-38,82,Simplified BARK,7,0.02734375,3.9036755601805185e-34,128.0,0.5,False,3056440328
8,8,3,0.484375,0.046875,1.3704958764757606e-38,82,Simplified BARK,9,0.03515625,3.910529603990588e-34,128.0,0.5,False,3056440328
8,8,3,0.484375,0.046875,1.3704958764757606e-38,82,Simplified BARK,10,0.0390625,2.1249530735088025e-34,128.0,0.5,False,3056440328
8,8,3,0.484375,0.046875,1.3704958764757606e-38,82,Simplified BARK,12,0.046875,6.983454338068534e-33,128.0,0.5,False,3056440328
8,8,3,0.484375,0.046875,1.3704958764757606e-38,82,Simplified BARK,15,0.05859375,2.163830940345652e-31,128.0,0.5,False,3056440328
8,8,3,0.484375,0.046875,1.3704958764757606e-38,82,Simplified BARK,17,0.06640625,2.4289396941683746e-31,128.0,0.5,False,3056440328
8,8,3,0.484375,0.046875,1.3704958764757606e-38,82,Simplified BARK,20,0.078125,2.4054960899571716e-31,128.0,0.5,False,3056440328
8,8,3,0.484375,0.046875,1.3704958764757606e-38,82,Simplified BARK,24,0.09375,1.9254614766367767e-31,128.0,0.5,False,3056440328
8,8,3,0.484375,0.046875,1.3704958764757606e-38,82,Simplified BARK,28,0.109375,1.942340311955429e-31,128.0,0.5,False,3056440328
8,8,3,0.484375,0.046875,1.3704958764757606e-38,82,Simplified BARK,34,0.1328125,2.072415399055335e-31,128.0,0.5,False,3056440328
8,8,3,0.484375,0.046875,1.3704958764757606e-38,82,Simplified BARK,40,0.15625,2.0643531852540873e-31,128.0,0.5,False,3056440328
8,8,3,0.484375,0.046875,1.3704958764757606e-38,82,Simplified BARK,47,0.18359375,2.6684507861651692e-31,128.0,0.5,False,3056440328
8,8,3,0.484375,0.046875,1.3704958764757606e-38,82,Simplified BARK,55,0.21484375,2.6401294137535796e-31,128.0,0.5,False,3056440328
8,8,3,0.484375,0.046875,1.3704958764757606e-38,82,Simplified BARK,66,0.2578125,3.096683196351157e-31,128.0,0.5,False,3056440328
8,8,3,0.484375,0.046875,1.3704958764757606e-38,82,Simplified BARK,77,0.30078125,3.917333860778109e-30,128.0,0.5,False,3056440328
8,8,3,0.484375,0.046875,1.3704958764757606e-38,82,Simplified BARK,92,0.359375,4.623919285125759e-30,128.0,0.5,False,3056440328
8,8,3,0.484375,0.046875,1.3704958764757606e-38,82,Simplified BARK,108,0.421875,4.8352952232986554e-30,128.0,0.5,False,3056440328
8,8,3,0.484375,0.046875,1.3704958764757606e-38,82,Simplified BARK,128,0.5,5.1954803927361946e-30,128.0,0.5,False,3056440328
8,8,3,0.484375,0.046875,1.3704958764757606e-38,82,SKQD,1,0.00390625,1.3704958764757606e-38,98.0,0.3828125,True,3056440328
8,8,3,0.484375,0.046875,1.3704958764757606e-38,82,SKQD,2,0.0078125,1.8154697008893374e-34,98.0,0.3828125,True,3056440328
8,8,3,0.484375,0.046875,1.3704958764757606e-38,82,SKQD,3,0.01171875,1.8154697008893374e-34,98.0,0.3828125,True,3056440328
8,8,3,0.484375,0.046875,1.3704958764757606e-38,82,SKQD,4,0.015625,2.035475806292355e-34,98.0,0.3828125,True,3056440328
8,8,3,0.484375,0.046875,1.3704958764757606e-38,82,SKQD,5,0.01953125,2.035475806292355e-34,98.0,0.3828125,True,3056440328
8,8,3,0.484375,0.046875,1.3704958764757606e-38,82,SKQD,6,0.0234375,2.035475806292355e-34,98.0,0.3828125,True,3056440328
8,8,3,0.484375,0.046875,1.3704958764757606e-38,82,SKQD,7,0.02734375,4.827474410907068e-34,98.0,0.3828125,True,3056440328
8,8,3,0.484375,0.046875,1.3704958764757606e-38,82,SKQD,9,0.03515625,1.0939124162771748e-33,98.0,0.3828125,True,3056440328
8,8,3,0.484375,0.046875,1.3704958764757606e-38,82,SKQD,10,0.0390625,1.0078376079972843e-33,98.0,0.3828125,True,3056440328
8,8,3,0.484375,0.046875,1.3704958764757606e-38,82,SKQD,12,0.046875,3.8982576158892165e-33,98.0,0.3828125,True,3056440328
8,8,3,0.484375,0.046875,1.3704958764757606e-38,82,SKQD,15,0.05859375,3.9210941737421424e-33,98.0,0.3828125,True,3056440328
8,8,3,0.484375,0.046875,1.3704958764757606e-38,82,SKQD,17,0.06640625,2.631367267561639e-32,98.0,0.3828125,True,3056440328
8,8,3,0.484375,0.046875,1.3704958764757606e-38,82,SKQD,20,0.078125,2.63241699752654e-32,98.0,0.3828125,True,3056440328
8,8,3,0.484375,0.046875,1.3704958764757606e-38,82,SKQD,24,0.09375,2.763009661077535e-32,98.0,0.3828125,True,3056440328
8,8,3,0.484375,0.046875,1.3704958764757606e-38,82,SKQD,28,0.109375,4.0469364912062615e-32,98.0,0.3828125,True,3056440328
8,8,3,0.484375,0.046875,1.3704958764757606e-38,82,SKQD,34,0.1328125,6.480199197117703e-32,98.0,0.3828125,True,3056440328
8,8,3,0.484375,0.046875,1.3704958764757606e-38,82,SKQD,40,0.15625,7.080350898033672e-32,98.0,0.3828125,True,3056440328
8,8,3,0.484375,0.046875,1.3704958764757606e-38,82,SKQD,47,0.18359375,1.0207102193309663e-31,98.0,0.3828125,True,3056440328
8,8,3,0.484375,0.046875,1.3704958764757606e-38,82,SKQD,55,0.21484375,1.6564460424654565e-31,98.0,0.3828125,True,3056440328
8,8,3,0.484375,0.046875,1.3704958764757606e-38,82,SKQD,66,0.2578125,1.3401597328273131e-30,98.0,0.3828125,True,3056440328
8,8,3,0.484375,0.046875,1.3704958764757606e-38,82,SKQD,77,0.30078125,1.4319785964424564e-30,98.0,0.3828125,True,3056440328
8,8,3,0.484375,0.046875,1.3704958764757606e-38,82,SKQD,92,0.359375,1.5187098067152802e-30,98.0,0.3828125,True,3056440328
8,8,3,0.484375,0.046875,1.3704958764757606e-38,82,SKQD,108,0.421875,2.8528236375121474e-30,98.0,0.3828125,True,3056440328
8,8,3,0.484375,0.046875,1.3704958764757606e-38,82,SKQD,128,0.5,2.853251817931157e-30,98.0,0.3828125,True,3056440328
8,8,3,0.484375,0.046875,1.3704958764757606e-38,82,Ceiling,1,0.00390625,0.38816844753680546,128.0,0.5,False,3056440328
8,8,3,0.484375,0.046875,1.3704958764757606e-38,82,Ceiling,2,0.0078125,0.6153957969278063,128.0,0.5,False,3056440328
8,8,3,0.484375,0.046875,1.3704958764757606e-38,82,Ceiling,3,0.01171875,0.6788071333568343,128.0,0.5,False,3056440328
8,8,3,0.484375,0.046875,1.3704958764757606e-38,82,Ceiling,4,0.015625,0.7153103951952468,128.0,0.5,False,3056440328
8,8,3,0.484375,0.046875,1.3704958764757606e-38,82,Ceiling,5,0.01953125,0.7491608420704109,128.0,0.5,False,3056440328
8,8,3,0.484375,0.046875,1.3704958764757606e-38,82,Ceiling,6,0.0234375,0.7804705702762049,128.0,0.5,False,3056440328
8,8,3,0.484375,0.046875,1.3704958764757606e-38,82,Ceiling,7,0.02734375,0.8086732959149732,128.0,0.5,False,3056440328
8,8,3,0.484375,0.046875,1.3704958764757606e-38,82,Ceiling,9,0.03515625,0.8380894542760542,128.0,0.5,False,3056440328
8,8,3,0.484375,0.046875,1.3704958764757606e-38,82,Ceiling,10,0.0390625,0.8510868850110536,128.0,0.5,False,3056440328
8,8,3,0.484375,0.046875,1.3704958764757606e-38,82,Ceiling,12,0.046875,0.8758864772845599,128.0,0.5,False,3056440328
8,8,3,0.484375,0.046875,1.3704958764757606e-38,82,Ceiling,15,0.05859375,0.9093464588870651,128.0,0.5,False,3056440328
8,8,3,0.484375,0.046875,1.3704958764757606e-38,82,Ceiling,17,0.06640625,0.9259690957957278,128.0,0.5,False,3056440328
8,8,3,0.484375,0.046875,1.3704958764757606e-38,82,Ceiling,20,0.078125,0.9427868044040302,128.0,0.5,False,3056440328
8,8,3,0.484375,0.046875,1.3704958764757606e-38,82,Ceiling,24,0.09375,0.9574196258878286,128.0,0.5,False,3056440328
8,8,3,0.484375,0.046875,1.3704958764757606e-38,82,Ceiling,28,0.109375,0.9669221197419349,128.0,0.5,False,3056440328
8,8,3,0.484375,0.046875,1.3704958764757606e-38,82,Ceiling,34,0.1328125,0.9754190734148386,128.0,0.5,False,3056440328
8,8,3,0.484375,0.046875,1.3704958764757606e-38,82,Ceiling,40,0.15625,0.9818523328572634,128.0,0.5,False,3056440328
8,8,3,0.484375,0.046875,1.3704958764757606e-38,82,Ceiling,47,0.18359375,0.987065343044965,128.0,0.5,False,3056440328
8,8,3,0.484375,0.046875,1.3704958764757606e-38,82,Ceiling,55,0.21484375,0.9912873519992023,128.0,0.5,False,3056440328
8,8,3,0.484375,0.046875,1.3704958764757606e-38,82,Ceiling,66,0.2578125,0.9955555648867367,128.0,0.5,False,3056440328
8,8,3,0.484375,0.046875,1.3704958764757606e-38,82,Ceiling,77,0.30078125,0.9977720260131373,128.0,0.5,False,3056440328
8,8,3,0.484375,0.046875,1.3704958764757606e-38,82,Ceiling,92,0.359375,0.9991153218932625,128.0,0.5,False,3056440328
8,8,3,0.484375,0.046875,1.3704958764757606e-38,82,Ceiling,108,0.421875,0.9998422918625564,128.0,0.5,False,3056440328
8,8,3,0.484375,0.046875,1.3704958764757606e-38,82,Ceiling,128,0.5,1.0000000000000002,128.0,0.5,False,3056440328
8,8,3,0.484375,0.046875,1.0815326923868102e-36,248,BARK,1,0.00390625,1.0815326923868102e-36,128.0,0.5,False,3056440328
8,8,3,0.484375,0.046875,1.0815326923868102e-36,248,BARK,2,0.0078125,6.226668604200897e-34,128.0,0.5,False,3056440328
8,8,3,0.484375,0.046875,1.0815326923868102e-36,248,BARK,3,0.01171875,2.239625365098986e-34,128.0,0.5,False,3056440328
8,8,3,0.484375,0.046875,1.0815326923868102e-36,248,BARK,4,0.015625,6.840654420395901e-33,128.0,0.5,False,3056440328
8,8,3,0.484375,0.046875,1.0815326923868102e-36,248,BARK,5,0.01953125,8.615644396574437e-32,128.0,0.5,False,3056440328
8,8,3,0.484375,0.046875,1.0815326923868102e-36,248,BARK,6,0.0234375,5.9192483403946525e-31,128.0,0.5,False,3056440328
8,8,3,0.484375,0.046875,1.0815326923868102e-36,248,BARK,7,0.02734375,3.390240031356074e-30,128.0,0.5,False,3056440328
8,8,3,0.484375,0.046875,1.0815326923868102e-36,248,BARK,9,0.03515625,3.696983166351251e-30,128.0,0.5,False,3056440328
8,8,3,0.484375,0.046875,1.0815326923868102e-36,248,BARK,10,0.0390625,3.782605603951404e-30,128.0,0.5,False,3056440328
8,8,3,0.484375,0.046875,1.0815326923868102e-36,248,BARK,12,0.046875,3.9912384683339055e-30,128.0,0.5,False,3056440328
8,8,3,0.484375,0.046875,1.0815326923868102e-36,248,BARK,15,0.05859375,4.232957900271449e-30,128.0,0.5,False,3056440328
8,8,3,0.484375,0.046875,1.0815326923868102e-36,248,BARK,17,0.06640625,4.5187682694425866e-30,128.0,0.5,False,3056440328
8,8,3,0.484375,0.046875,1.0815326923868102e-36,248,BARK,20,0.078125,4.562285722922674e-30,128.0,0.5,False,3056440328
8,8,3,0.484375,0.046875,1.0815326923868102e-36,248,BARK,24,0.09375,4.584636142658401e-30,128.0,0.5,False,3056440328
8,8,3,0.484375,0.046875,1.0815326923868102e-36,248,BARK,28,0.109375,4.6338397349679295e-30,128.0,0.5,False,3056440328
8,8,3,0.484375,0.046875,1.0815326923868102e-36,248,BARK,34,0.1328125,4.779817303854305e-30,128.0,0.5,False,3056440328
8,8,3,0.484375,0.046875,1.0815326923868102e-36,248,BARK,40,0.15625,4.8192886952052535e-30,128.0,0.5,False,3056440328
8,8,3,0.484375,0.046875,1.0815326923868102e-36,248,BARK,47,0.18359375,4.88219147520663e-30,128.0,0.5,False,3056440328
8,8,3,0.484375,0.046875,1.0815326923868102e-36,248,BARK,55,0.21484375,4.945602122223129e-30,128.0,0.5,False,3056440328
8,8,3,0.484375,0.046875,1.0815326923868102e-36,248,BARK,66,0.2578125,5.1115447524112195e-30,128.0,0.5,False,3056440328
8,8,3,0.484375,0.046875,1.0815326923868102e-36,248,BARK,77,0.30078125,5.15440787737592e-30,128.0,0.5,False,3056440328
8,8,3,0.484375,0.046875,1.0815326923868102e-36,248,BARK,92,0.359375,5.1917732990690906e-30,128.0,0.5,False,3056440328
8,8,3,0.484375,0.046875,1.0815326923868102e-36,248,BARK,108,0.421875,5.1909884418565985e-30,128.0,0.5,False,3056440328
8,8,3,0.484375,0.046875,1.0815326923868102e-36,248,BARK,128,0.5,5.195480392736199e-30,128.0,0.5,False,3056440328
8,8,3,0.484375,0.046875,1.0815326923868102e-36,248,Simplified BARK,1,0.00390625,1.0815326923868102e-36,128.0,0.5,False,3056440328
8,8,3,0.484375,0.046875,1.0815326923868102e-36,248,Simplified BARK,2,0.0078125,6.226668604200897e-34,128.0,0.5,False,3056440328
8,8,3,0.484375,0.046875,1.0815326923868102e-36,248,Simplified BARK,3,0.01171875,7.858228059279618e-34,128.0,0.5,False,3056440328
8,8,3,0.484375,0.046875,1.0815326923868102e-36,248,Simplified BARK,4,0.015625,6.965321817255176e-34,128.0,0.5,False,3056440328
8,8,3,0.484375,0.046875,1.0815326923868102e-36,248,Simplified BARK,5,0.01953125,9.802287167568309e-33,128.0,0.5,False,3056440328
8,8,3,0.484375,0.046875,1.0815326923868102e-36,248,Simplified BARK,6,0.0234375,8.047105559911845e-33,128.0,0.5,False,3056440328
8,8,3,0.484375,0.046875,1.0815326923868102e-36,248,Simplified BARK,7,0.02734375,1.0271317890912268e-32,128.0,0.5,False,3056440328
8,8,3,0.484375,0.046875,1.0815326923868102e-36,248,Simplified BARK,9,0.03515625,1.8160269341922925e-31,128.0,0.5,False,3056440328
8,8,3,0.484375,0.046875,1.0815326923868102e-36,248,Simplified BARK,10,0.0390625,2.3008175124107335e-31,128.0,0.5,False,3056440328
8,8,3,0.484375,0.046875,1.0815326923868102e-36,248,Simplified BARK,12,0.046875,2.289900326220225e-31,128.0,0.5,False,3056440328
8,8,3,0.484375,0.046875,1.0815326923868102e-36,248,Simplified BARK,15,0.05859375,2.408140319938263e-31,128.0,0.5,False,3056440328
8,8,3,0.484375,0.046875,1.0815326923868102e-36,248,Simplified BARK,17,0.06640625,2.4124391467547634e-31,128.0,0.5,False,3056440328
8,8,3,0.484375,0.046875,1.0815326923868102e-36,248,Simplified BARK,20,0.078125,2.40549608995717e-31,128.0,0.5,False,3056440328
8,8,3,0.484375,0.046875,1.0815326923868102e-36,248,Simplified BARK,24,0.09375,1.925461476636775e-31,128.0,0.5,False,3056440328
8,8,3,0.484375,0.046875,1.0815326923868102e-36,248,Simplified BARK,28,0.109375,1.9423403119554333e-31,128.0,0.5,False,3056440328
8,8,3,0.484375,0.046875,1.0815326923868102e-36,248,Simplified BARK,34,0.1328125,2.0724153990553342e-31,128.0,0.5,False,3056440328
8,8,3,0.484375,0.046875,1.0815326923868102e-36,248,Simplified BARK,40,0.15625,2.0643531852540864e-31,128.0,0.5,False,3056440328
8,8,3,0.484375,0.046875,1.0815326923868102e-36,248,Simplified BARK,47,0.18359375,2.6684507861651723e-31,128.0,0.5,False,3056440328
8,8,3,0.484375,0.046875,1.0815326923868102e-36,248,Simplified BARK,55,0.21484375,2.6401294137535866e-31,128.0,0.5,False,3056440328
8,8,3,0.484375,0.046875,1.0815326923868102e-36,248,Simplified BARK,66,0.2578125,3.0966831963511613e-31,128.0,0.5,False,3056440328
8,8,3,0.484375,0.046875,1.0815326923868102e-36,248,Simplified BARK,77,0.30078125,3.9173338607781125e-30,128.0,0.5,False,3056440328
8,8,3,0.484375,0.046875,1.0815326923868102e-36,248,Simplified BARK,92,0.359375,4.623919285125759e-30,128.0,0.5,False,3056440328
8,8,3,0.484375,0.046875,1.0815326923868102e-36,248,Simplified BARK,108,0.421875,4.8352952232986554e-30,128.0,0.5,False,3056440328
8,8,3,0.484375,0.046875,1.0815326923868102e-36,248,Simplified BARK,128,0.5,5.195480392736191e-30,128.0,0.5,False,3056440328
8,8,3,0.484375,0.046875,1.0815326923868102e-36,248,SKQD,1,0.00390625,1.0815326923868102e-36,117.33333333333333,0.4583333333333333,True,3056440328
8,8,3,0.484375,0.046875,1.0815326923868102e-36,248,SKQD,2,0.0078125,1.0815326923868102e-36,117.33333333333333,0.4583333333333333,True,3056440328
8,8,3,0.484375,0.046875,1.0815326923868102e-36,248,SKQD,3,0.01171875,1.0815326923868102e-36,117.33333333333333,0.4583333333333333,True,3056440328
8,8,3,0.484375,0.046875,1.0815326923868102e-36,248,SKQD,4,0.015625,1.0815326923868102e-36,117.33333333333333,0.4583333333333333,True,3056440328
8,8,3,0.484375,0.046875,1.0815326923868102e-36,248,SKQD,5,0.01953125,1.0815326923868102e-36,117.33333333333333,0.4583333333333333,True,3056440328
8,8,3,0.484375,0.046875,1.0815326923868102e-36,248,SKQD,6,0.0234375,1.0815326923868102e-36,117.33333333333333,0.4583333333333333,True,3056440328
8,8,3,0.484375,0.046875,1.0815326923868102e-36,248,SKQD,7,0.02734375,1.0815326923868102e-36,117.33333333333333,0.4583333333333333,True,3056440328
8,8,3,0.484375,0.046875,1.0815326923868102e-36,248,SKQD,9,0.03515625,1.0815326923868102e-36,117.33333333333333,0.4583333333333333,True,3056440328
8,8,3,0.484375,0.046875,1.0815326923868102e-36,248,SKQD,10,0.0390625,1.0815326923868102e-36,117.33333333333333,0.4583333333333333,True,3056440328
8,8,3,0.484375,0.046875,1.0815326923868102e-36,248,SKQD,12,0.046875,1.0815326923868102e-36,117.33333333333333,0.4583333333333333,True,3056440328
8,8,3,0.484375,0.046875,1.0815326923868102e-36,248,SKQD,15,0.05859375,1.0815326923868102e-36,117.33333333333333,0.4583333333333333,True,3056440328
8,8,3,0.484375,0.046875,1.0815326923868102e-36,248,SKQD,17,0.06640625,1.0815326923868102e-36,117.33333333333333,0.4583333333333333,True,3056440328
8,8,3,0.484375,0.046875,1.0815326923868102e-36,248,SKQD,20,0.078125,1.0815326923868102e-36,117.33333333333333,0.4583333333333333,True,3056440328
8,8,3,0.484375,0.046875,1.0815326923868102e-36,248,SKQD,24,0.09375,8.564227150549847e-33,117.33333333333333,0.4583333333333333,True,3056440328
8,8,3,0.484375,0.046875,1.0815326923868102e-36,248,SKQD,28,0.109375,1.0272273432000523e-32,117.33333333333333,0.4583333333333333,True,3056440328
8,8,3,0.484375,0.046875,1.0815326923868102e-36,248,SKQD,34,0.1328125,1.0272273432000523e-32,117.33333333333333,0.4583333333333333,True,3056440328
8,8,3,0.484375,0.046875,1.0815326923868102e-36,248,SKQD,40,0.15625,1.0272273432000523e-32,117.33333333333333,0.4583333333333333,True,3056440328
8,8,3,0.484375,0.046875,1.0815326923868102e-36,248,SKQD,47,0.18359375,1.0272273432000523e-32,117.33333333333333,0.4583333333333333,True,3056440328
8,8,3,0.484375,0.046875,1.0815326923868102e-36,248,SKQD,55,0.21484375,7.409667574091214e-33,117.33333333333333,0.4583333333333333,True,3056440328
8,8,3,0.484375,0.046875,1.0815326923868102e-36,248,SKQD,66,0.2578125,1.0349026683227874e-32,117.33333333333333,0.4583333333333333,True,3056440328
8,8,3,0.484375,0.046875,1.0815326923868102e-36,248,SKQD,77,0.30078125,2.8184975182929685e-32,117.33333333333333,0.4583333333333333,True,3056440328
8,8,3,0.484375,0.046875,1.0815326923868102e-36,248,SKQD,92,0.359375,1.5976000552567567e-31,117.33333333333333,0.4583333333333333,True,3056440328
8,8,3,0.484375,0.046875,1.0815326923868102e-36,248,SKQD,108,0.421875,1.6527451957376482e-30,117.33333333333333,0.4583333333333333,True,3056440328
8,8,3,0.484375,0.046875,1.0815326923868102e-36,248,SKQD,128,0.5,2.0660850578104693e-30,117.33333333333333,0.4583333333333333,True,3056440328
8,8,3,0.484375,0.046875,1.0815326923868102e-36,248,Ceiling,1,0.00390625,0.38816844753680546,128.0,0.5,False,3056440328
8,8,3,0.484375,0.046875,1.0815326923868102e-36,248,Ceiling,2,0.0078125,0.6153957969278063,128.0,0.5,False,3056440328
8,8,3,0.484375,0.046875,1.0815326923868102e-36,248,Ceiling,3,0.01171875,0.6788071333568343,128.0,0.5,False,3056440328
8,8,3,0.484375,0.046875,1.0815326923868102e-36,248,Ceiling,4,0.015625,0.7153103951952468,128.0,0.5,False,3056440328
8,8,3,0.484375,0.046875,1.0815326923868102e-36,248,Ceiling,5,0.01953125,0.7491608420704109,128.0,0.5,False,3056440328
8,8,3,0.484375,0.046875,1.0815326923868102e-36,248,Ceiling,6,0.0234375,0.7804705702762049,128.0,0.5,False,3056440328
8,8,3,0.484375,0.046875,1.0815326923868102e-36,248,Ceiling,7,0.02734375,0.8086732959149732,128.0,0.5,False,3056440328
8,8,3,0.484375,0.046875,1.0815326923868102e-36,248,Ceiling,9,0.03515625,0.8380894542760542,128.0,0.5,False,3056440328
8,8,3,0.484375,0.046875,1.0815326923868102e-36,248,Ceiling,10,0.0390625,0.8510868850110536,128.0,0.5,False,3056440328
8,8,3,0.484375,0.046875,1.0815326923868102e-36,248,Ceiling,12,0.046875,0.8758864772845599,128.0,0.5,False,3056440328
8,8,3,0.484375,0.046875,1.0815326923868102e-36,248,Ceiling,15,0.05859375,0.9093464588870651,128.0,0.5,False,3056440328
8,8,3,0.484375,0.046875,1.0815326923868102e-36,248,Ceiling,17,0.06640625,0.9259690957957278,128.0,0.5,False,3056440328
8,8,3,0.484375,0.046875,1.0815326923868102e-36,248,Ceiling,20,0.078125,0.9427868044040302,128.0,0.5,False,3056440328
8,8,3,0.484375,0.046875,1.0815326923868102e-36,248,Ceiling,24,0.09375,0.9574196258878286,128.0,0.5,False,3056440328
8,8,3,0.484375,0.046875,1.0815326923868102e-36,248,Ceiling,28,0.109375,0.9669221197419349,128.0,0.5,False,3056440328
8,8,3,0.484375,0.046875,1.0815326923868102e-36,248,Ceiling,34,0.1328125,0.9754190734148386,128.0,0.5,False,3056440328
8,8,3,0.484375,0.046875,1.0815326923868102e-36,248,Ceiling,40,0.15625,0.9818523328572634,128.0,0.5,False,3056440328
8,8,3,0.484375,0.046875,1.0815326923868102e-36,248,Ceiling,47,0.18359375,0.987065343044965,128.0,0.5,False,3056440328
8,8,3,0.484375,0.046875,1.0815326923868102e-36,248,Ceiling,55,0.21484375,0.9912873519992023,128.0,0.5,False,3056440328
8,8,3,0.484375,0.046875,1.0815326923868102e-36,248,Ceiling,66,0.2578125,0.9955555648867367,128.0,0.5,False,3056440328
8,8,3,0.484375,0.046875,1.0815326923868102e-36,248,Ceiling,77,0.30078125,0.9977720260131373,128.0,0.5,False,3056440328
8,8,3,0.484375,0.046875,1.0815326923868102e-36,248,Ceiling,92,0.359375,0.9991153218932625,128.0,0.5,False,3056440328
8,8,3,0.484375,0.046875,1.0815326923868102e-36,248,Ceiling,108,0.421875,0.9998422918625564,128.0,0.5,False,3056440328
8,8,3,0.484375,0.046875,1.0815326923868102e-36,248,Ceiling,128,0.5,1.0000000000000002,128.0,0.5,False,3056440328
8,10,1,0.03125,0.005859375,0.09793752597380173,645,BARK,1,0.0009765625,0.09793752597380173,32.0,0.03125,True,4067299839
8,10,1,0.03125,0.005859375,0.09793752597380173,645,BARK,2,0.001953125,0.6594100445786589,32.0,0.03125,True,4067299839
8,10,1,0.03125,0.005859375,0.09793752597380173,645,BARK,3,0.0029296875,0.7023291294512025,32.0,0.03125,True,4067299839
8,10,1,0.03125,0.005859375,0.09793752597380173,645,BARK,4,0.00390625,0.7109653716864641,32.0,0.03125,True,4067299839
8,10,1,0.03125,0.005859375,0.09793752597380173,645,BARK,5,0.0048828125,0.7116012515956471,32.0,0.03125,True,4067299839
8,10,1,0.03125,0.005859375,0.09793752597380173,645,BARK,6,0.005859375,0.7276752906488868,32.0,0.03125,True,4067299839
8,10,1,0.03125,0.005859375,0.09793752597380173,645,BARK,7,0.0068359375,0.8651807156464568,32.0,0.03125,True,4067299839
8,10,1,0.03125,0.005859375,0.09793752597380173,645,BARK,9,0.0087890625,0.8784926584435986,32.0,0.03125,True,4067299839
8,10,1,0.03125,0.005859375,0.09793752597380173,645,BARK,11,0.0107421875,0.9326274426944385,32.0,0.03125,True,4067299839
8,10,1,0.03125,0.005859375,0.09793752597380173,645,BARK,13,0.0126953125,0.9439432145508747,32.0,0.03125,True,4067299839
8,10,1,0.03125,0.005859375,0.09793752597380173,645,BARK,16,0.015625,0.9488164919067866,32.0,0.03125,True,4067299839
8,10,1,0.03125,0.005859375,0.09793752597380173,645,BARK,20,0.01953125,0.986838459048523,32.0,0.03125,True,4067299839
8,10,1,0.03125,0.005859375,0.09793752597380173,645,BARK,25,0.0244140625,0.9959639460311704,32.0,0.03125,True,4067299839
8,10,1,0.03125,0.005859375,0.09793752597380173,645,BARK,31,0.0302734375,0.9999647400188383,32.0,0.03125,True,4067299839
8,10,1,0.03125,0.005859375,0.09793752597380173,645,BARK,39,0.0380859375,1.0,32.0,0.03125,True,4067299839
8,10,1,0.03125,0.005859375,0.09793752597380173,645,BARK,48,0.046875,1.0,32.0,0.03125,True,4067299839
8,10,1,0.03125,0.005859375,0.09793752597380173,645,BARK,60,0.05859375,1.0,32.0,0.03125,True,4067299839
8,10,1,0.03125,0.005859375,0.09793752597380173,645,BARK,74,0.072265625,1.0,32.0,0.03125,True,4067299839
8,10,1,0.03125,0.005859375,0.09793752597380173,645,BARK,92,0.08984375,1.0,32.0,0.03125,True,4067299839
8,10,1,0.03125,0.005859375,0.09793752597380173,645,BARK,114,0.111328125,1.0,32.0,0.03125,True,4067299839
8,10,1,0.03125,0.005859375,0.09793752597380173,645,BARK,141,0.1376953125,1.0,32.0,0.03125,True,4067299839
8,10,1,0.03125,0.005859375,0.09793752597380173,645,BARK,175,0.1708984375,1.0,32.0,0.03125,True,4067299839
8,10,1,0.03125,0.005859375,0.09793752597380173,645,BARK,217,0.2119140625,1.0,32.0,0.03125,True,4067299839
8,10,1,0.03125,0.005859375,0.09793752597380173,645,BARK,269,0.2626953125,1.0,32.0,0.03125,True,4067299839
8,10,1,0.03125,0.005859375,0.09793752597380173,645,BARK,333,0.3251953125,1.0,32.0,0.03125,True,4067299839
8,10,1,0.03125,0.005859375,0.09793752597380173,645,BARK,413,0.4033203125,1.0,32.0,0.03125,True,4067299839
8,10,1,0.03125,0.005859375,0.09793752597380173,645,BARK,512,0.5,1.0,32.0,0.03125,True,4067299839
8,10,1,0.03125,0.005859375,0.09793752597380173,645,Simplified BARK,1,0.0009765625,0.09793752597380173,32.0,0.03125,True,4067299839
8,10,1,0.03125,0.005859375,0.09793752597380173,645,Simplified BARK,2,0.001953125,0.10559467531391349,32.0,0.03125,True,4067299839
8,10,1,0.03125,0.005859375,0.09793752597380173,645,Simplified BARK,3,0.0029296875,0.6658771303610321,32.0,0.03125,True,4067299839
8,10,1,0.03125,0.005859375,0.09793752597380173,645,Simplified BARK,4,0.00390625,0.7109653716864643,32.0,0.03125,True,4067299839
8,10,1,0.03125,0.005859375,0.09793752597380173,645,Simplified BARK,5,0.0048828125,0.7170485328611256,32.0,0.03125,True,4067299839
8,10,1,0.03125,0.005859375,0.09793752597380173,645,Simplified BARK,6,0.005859375,0.7177707231571764,32.0,0.03125,True,4067299839
8,10,1,0.03125,0.005859375,0.09793752597380173,645,Simplified BARK,7,0.0068359375,0.7642600297656771,32.0,0.03125,True,4067299839
8,10,1,0.03125,0.005859375,0.09793752597380173,645,Simplified BARK,9,0.0087890625,0.7821938853717941,32.0,0.03125,True,4067299839
8,10,1,0.03125,0.005859375,0.09793752597380173,645,Simplified BARK,11,0.0107421875,0.9185182248771565,32.0,0.03125,True,4067299839
8,10,1,0.03125,0.005859375,0.09793752597380173,645,Simplified BARK,13,0.0126953125,0.9353809775071784,32.0,0.03125,True,4067299839
8,10,1,0.03125,0.005859375,0.09793752597380173,645,Simplified BARK,16,0.015625,0.9488164919067873,32.0,0.03125,True,4067299839
8,10,1,0.03125,0.005859375,0.09793752597380173,645,Simplified BARK,20,0.01953125,0.9563901149588684,32.0,0.03125,True,4067299839
8,10,1,0.03125,0.005859375,0.09793752597380173,645,Simplified BARK,25,0.0244140625,0.9612825468884232,32.0,0.03125,True,4067299839
8,10,1,0.03125,0.005859375,0.09793752597380173,645,Simplified BARK,31,0.0302734375,0.9997922215206761,32.0,0.03125,True,4067299839
8,10,1,0.03125,0.005859375,0.09793752597380173,645,Simplified BARK,39,0.0380859375,0.9999999999999996,32.0,0.03125,True,4067299839
8,10,1,0.03125,0.005859375,0.09793752597380173,645,Simplified BARK,48,0.046875,0.9999999999999996,32.0,0.03125,True,4067299839
8,10,1,0.03125,0.005859375,0.09793752597380173,645,Simplified BARK,60,0.05859375,0.9999999999999996,32.0,0.03125,True,4067299839
8,10,1,0.03125,0.005859375,0.09793752597380173,645,Simplified BARK,74,0.072265625,0.9999999999999996,32.0,0.03125,True,4067299839
8,10,1,0.03125,0.005859375,0.09793752597380173,645,Simplified BARK,92,0.08984375,0.9999999999999996,32.0,0.03125,True,4067299839
8,10,1,0.03125,0.005859375,0.09793752597380173,645,Simplified BARK,114,0.111328125,0.9999999999999996,32.0,0.03125,True,4067299839
8,10,1,0.03125,0.005859375,0.09793752597380173,645,Simplified BARK,141,0.1376953125,0.9999999999999996,32.0,0.03125,True,4067299839
8,10,1,0.03125,0.005859375,0.09793752597380173,645,Simplified BARK,175,0.1708984375,0.9999999999999996,32.0,0.03125,True,4067299839
8,10,1,0.03125,0.005859375,0.09793752597380173,645,Simplified BARK,217,0.2119140625,0.9999999999999996,32.0,0.03125,True,4067299839
8,10,1,0.03125,0.005859375,0.09793752597380173,645,Simplified BARK,269,0.2626953125,0.9999999999999996,32.0,0.03125,True,4067299839
8,10,1,0.03125,0.005859375,0.09793752597380173,645,Simplified BARK,333,0.3251953125,0.9999999999999996,32.0,0.03125,True,4067299839
8,10,1,0.03125,0.005859375,0.09793752597380173,645,Simplified BARK,413,0.4033203125,0.9999999999999996,32.0,0.03125,True,4067299839
8,10,1,0.03125,0.005859375,0.09793752597380173,645,Simplified BARK,512,0.5,0.9999999999999996,32.0,0.03125,True,4067299839
8,10,1,0.03125,0.005859375,0.09793752597380173,645,SKQD,1,0.0009765625,0.09793752597380173,30.0,0.029296875,True,4067299839
8,10,1,0.03125,0.005859375,0.09793752597380173,645,SKQD,2,0.001953125,0.09793752597380173,30.0,0.029296875,True,4067299839
8,10,1,0.03125,0.005859375,0.09793752597380173,645,SKQD,3,0.0029296875,0.09793752597380173,30.0,0.029296875,True,4067299839
8,10,1,0.03125,0.005859375,0.09793752597380173,645,SKQD,4,0.00390625,0.09793752597380173,30.0,0.029296875,True,4067299839
8,10,1,0.03125,0.005859375,0.09793752597380173,645,SKQD,5,0.0048828125,0.09793752597380173,30.0,0.029296875,True,4067299839
8,10,1,0.03125,0.005859375,0.09793752597380173,645,SKQD,6,0.005859375,0.5133871226143604,30.0,0.029296875,True,4067299839
8,10,1,0.03125,0.005859375,0.09793752597380173,645,SKQD,7,0.0068359375,0.7259831441715286,30.0,0.029296875,True,4067299839
8,10,1,0.03125,0.005859375,0.09793752597380173,645,SKQD,9,0.0087890625,0.7270504960395575,30.0,0.029296875,True,4067299839
8,10,1,0.03125,0.005859375,0.09793752597380173,645,SKQD,11,0.0107421875,0.763567504513276,30.0,0.029296875,True,4067299839
8,10,1,0.03125,0.005859375,0.09793752597380173,645,SKQD,13,0.0126953125,0.763567504513276,30.0,0.029296875,True,4067299839
8,10,1,0.03125,0.005859375,0.09793752597380173,645,SKQD,16,0.015625,0.8676238190010958,30.0,0.029296875,True,4067299839
8,10,1,0.03125,0.005859375,0.09793752597380173,645,SKQD,20,0.01953125,0.9231135682329032,30.0,0.029296875,True,4067299839
8,10,1,0.03125,0.005859375,0.09793752597380173,645,SKQD,25,0.0244140625,0.9891517318555296,30.0,0.029296875,True,4067299839
8,10,1,0.03125,0.005859375,0.09793752597380173,645,SKQD,31,0.0302734375,0.9998854860740778,30.0,0.029296875,True,4067299839
8,10,1,0.03125,0.005859375,0.09793752597380173,645,SKQD,39,0.0380859375,0.9998854860740778,30.0,0.029296875,True,4067299839
8,10,1,0.03125,0.005859375,0.09793752597380173,645,SKQD,48,0.046875,0.9998854860740778,30.0,0.029296875,True,4067299839
8,10,1,0.03125,0.005859375,0.09793752597380173,645,SKQD,60,0.05859375,0.9998854860740778,30.0,0.029296875,True,4067299839
8,10,1,0.03125,0.005859375,0.09793752597380173,645,SKQD,74,0.072265625,0.9998854860740778,30.0,0.029296875,True,4067299839
8,10,1,0.03125,0.005859375,0.09793752597380173,645,SKQD,92,0.08984375,0.9998854860740778,30.0,0.029296875,True,4067299839
8,10,1,0.03125,0.005859375,0.09793752597380173,645,SKQD,114,0.111328125,0.9998854860740778,30.0,0.029296875,True,4067299839
8,10,1,0.03125,0.005859375,0.09793752597380173,645,SKQD,141,0.1376953125,0.9998854860740778,30.0,0.029296875,True,4067299839
8,10,1,0.03125,0.005859375,0.09793752597380173,645,SKQD,175,0.1708984375,0.9998854860740778,30.0,0.029296875,True,4067299839
8,10,1,0.03125,0.005859375,0.09793752597380173,645,SKQD,217,0.2119140625,0.9998854860740778,30.0,0.029296875,True,4067299839
8,10,1,0.03125,0.005859375,0.09793752597380173,645,SKQD,269,0.2626953125,0.9998854860740778,30.0,0.029296875,True,4067299839
8,10,1,0.03125,0.005859375,0.09793752597380173,645,SKQD,333,0.3251953125,0.9998854860740778,30.0,0.029296875,True,4067299839
8,10,1,0.03125,0.005859375,0.09793752597380173,645,SKQD,413,0.4033203125,0.9998854860740778,30.0,0.029296875,True,4067299839
8,10,1,0.03125,0.005859375,0.09793752597380173,645,SKQD,512,0.5,0.9998854860740778,30.0,0.029296875,True,4067299839
8,10,1,0.03125,0.005859375,0.09793752597380173,645,Ceiling,1,0.0009765625,0.5614725186048573,512.0,0.5,False,4067299839
8,10,1,0.03125,0.005859375,0.09793752597380173,645,Ceiling,2,0.001953125,0.6934181990159487,512.0,0.5,False,4067299839
8,10,1,0.03125,0.005859375,0.09793752597380173,645,Ceiling,3,0.0029296875,0.7913557249897505,512.0,0.5,False,4067299839
8,10,1,0.03125,0.005859375,0.09793752597380173,645,Ceiling,4,0.00390625,0.8366133185101764,512.0,0.5,False,4067299839
8,10,1,0.03125,0.005859375,0.09793752597380173,645,Ceiling,5,0.0048828125,0.8805114962778701,512.0,0.5,False,4067299839
8,10,1,0.03125,0.005859375,0.09793752597380173,645,Ceiling,6,0.005859375,0.9107998960319412,512.0,0.5,False,4067299839
8,10,1,0.03125,0.005859375,0.09793752597380173,645,Ceiling,7,0.0068359375,0.9338151515862143,512.0,0.5,False,4067299839
8,10,1,0.03125,0.005859375,0.09793752597380173,645,Ceiling,9,0.0087890625,0.954766700442812,512.0,0.5,False,4067299839
8,10,1,0.03125,0.005859375,0.09793752597380173,645,Ceiling,11,0.0107421875,0.9703181217090584,512.0,0.5,False,4067299839
8,10,1,0.03125,0.005859375,0.09793752597380173,645,Ceiling,13,0.0126953125,0.9827190749543471,512.0,0.5,False,4067299839
8,10,1,0.03125,0.005859375,0.09793752597380173,645,Ceiling,16,0.015625,0.9910669662073354,512.0,0.5,False,4067299839
8,10,1,0.03125,0.005859375,0.09793752597380173,645,Ceiling,20,0.01953125,0.9967946150567092,512.0,0.5,False,4067299839
8,10,1,0.03125,0.005859375,0.09793752597380173,645,Ceiling,25,0.0244140625,0.9993809583870291,512.0,0.5,False,4067299839
8,10,1,0.03125,0.005859375,0.09793752597380173,645,Ceiling,31,0.0302734375,0.9999921757166971,512.0,0.5,False,4067299839
8,10,1,0.03125,0.005859375,0.09793752597380173,645,Ceiling,39,0.0380859375,0.9999999999999998,512.0,0.5,False,4067299839
8,10,1,0.03125,0.005859375,0.09793752597380173,645,Ceiling,48,0.046875,0.9999999999999998,512.0,0.5,False,4067299839
8,10,1,0.03125,0.005859375,0.09793752597380173,645,Ceiling,60,0.05859375,0.9999999999999998,512.0,0.5,False,4067299839
8,10,1,0.03125,0.005859375,0.09793752597380173,645,Ceiling,74,0.072265625,0.9999999999999998,512.0,0.5,False,4067299839
8,10,1,0.03125,0.005859375,0.09793752597380173,645,Ceiling,92,0.08984375,0.9999999999999998,512.0,0.5,False,4067299839
8,10,1,0.03125,0.005859375,0.09793752597380173,645,Ceiling,114,0.111328125,0.9999999999999998,512.0,0.5,False,4067299839
8,10,1,0.03125,0.005859375,0.09793752597380173,645,Ceiling,141,0.1376953125,0.9999999999999998,512.0,0.5,False,4067299839
8,10,1,0.03125,0.005859375,0.09793752597380173,645,Ceiling,175,0.1708984375,0.9999999999999998,512.0,0.5,False,4067299839
8,10,1,0.03125,0.005859375,0.09793752597380173,645,Ceiling,217,0.2119140625,0.9999999999999998,512.0,0.5,False,4067299839
8,10,1,0.03125,0.005859375,0.09793752597380173,645,Ceiling,269,0.2626953125,0.9999999999999998,512.0,0.5,False,4067299839
8,10,1,0.03125,0.005859375,0.09793752597380173,645,Ceiling,333,0.3251953125,0.9999999999999998,512.0,0.5,False,4067299839
8,10,1,0.03125,0.005859375,0.09793752597380173,645,Ceiling,413,0.4033203125,0.9999999999999998,512.0,0.5,False,4067299839
8,10,1,0.03125,0.005859375,0.09793752597380173,645,Ceiling,512,0.5,0.9999999999999998,512.0,0.5,False,4067299839
8,10,1,0.03125,0.005859375,0.13194568041109145,147,BARK,1,0.0009765625,0.13194568041109145,32.0,0.03125,True,4067299839
8,10,1,0.03125,0.005859375,0.13194568041109145,147,BARK,2,0.001953125,0.6934181990159487,32.0,0.03125,True,4067299839
8,10,1,0.03125,0.005859375,0.13194568041109145,147,BARK,3,0.0029296875,0.7874195399412688,32.0,0.03125,True,4067299839
8,10,1,0.03125,0.005859375,0.13194568041109145,147,BARK,4,0.00390625,0.8143709805440238,32.0,0.03125,True,4067299839
8,10,1,0.03125,0.005859375,0.13194568041109145,147,BARK,5,0.0048828125,0.8157587021795918,32.0,0.03125,True,4067299839
8,10,1,0.03125,0.005859375,0.13194568041109145,147,BARK,6,0.005859375,0.823544790116118,32.0,0.03125,True,4067299839
8,10,1,0.03125,0.005859375,0.13194568041109145,147,BARK,7,0.0068359375,0.869295225370933,32.0,0.03125,True,4067299839
8,10,1,0.03125,0.005859375,0.13194568041109145,147,BARK,9,0.0087890625,0.878351427497125,32.0,0.03125,True,4067299839
8,10,1,0.03125,0.005859375,0.13194568041109145,147,BARK,11,0.0107421875,0.9294160967569732,32.0,0.03125,True,4067299839
8,10,1,0.03125,0.005859375,0.13194568041109145,147,BARK,13,0.0126953125,0.9436953981083738,32.0,0.03125,True,4067299839
8,10,1,0.03125,0.005859375,0.13194568041109145,147,BARK,16,0.015625,0.9488164919067866,32.0,0.03125,True,4067299839
8,10,1,0.03125,0.005859375,0.13194568041109145,147,BARK,20,0.01953125,0.9868384590485221,32.0,0.03125,True,4067299839
8,10,1,0.03125,0.005859375,0.13194568041109145,147,BARK,25,0.0244140625,0.9959639460311707,32.0,0.03125,True,4067299839
8,10,1,0.03125,0.005859375,0.13194568041109145,147,BARK,31,0.0302734375,0.999964740018837,32.0,0.03125,True,4067299839
8,10,1,0.03125,0.005859375,0.13194568041109145,147,BARK,39,0.0380859375,0.9999999999999996,32.0,0.03125,True,4067299839
8,10,1,0.03125,0.005859375,0.13194568041109145,147,BARK,48,0.046875,0.9999999999999996,32.0,0.03125,True,4067299839
8,10,1,0.03125,0.005859375,0.13194568041109145,147,BARK,60,0.05859375,0.9999999999999996,32.0,0.03125,True,4067299839
8,10,1,0.03125,0.005859375,0.13194568041109145,147,BARK,74,0.072265625,0.9999999999999996,32.0,0.03125,True,4067299839
8,10,1,0.03125,0.005859375,0.13194568041109145,147,BARK,92,0.08984375,0.9999999999999996,32.0,0.03125,True,4067299839
8,10,1,0.03125,0.005859375,0.13194568041109145,147,BARK,114,0.111328125,0.9999999999999996,32.0,0.03125,True,4067299839
8,10,1,0.03125,0.005859375,0.13194568041109145,147,BARK,141,0.1376953125,0.9999999999999996,32.0,0.03125,True,4067299839
8,10,1,0.03125,0.005859375,0.13194568041109145,147,BARK,175,0.1708984375,0.9999999999999996,32.0,0.03125,True,4067299839
8,10,1,0.03125,0.005859375,0.13194568041109145,147,BARK,217,0.2119140625,0.9999999999999996,32.0,0.03125,True,4067299839
8,10,1,0.03125,0.005859375,0.13194568041109145,147,BARK,269,0.2626953125,0.9999999999999996,32.0,0.03125,True,4067299839
8,10,1,0.03125,0.005859375,0.13194568041109145,147,BARK,333,0.3251953125,0.9999999999999996,32.0,0.03125,True,4067299839
8,10,1,0.03125,0.005859375,0.13194568041109145,147,BARK,413,0.4033203125,0.9999999999999996,32.0,0.03125,True,4067299839
8,10,1,0.03125,0.005859375,0.13194568041109145,147,BARK,512,0.5,0.9999999999999996,32.0,0.03125,True,4067299839
8,10,1,0.03125,0.005859375,0.13194568041109145,147,Simplified BARK,1,0.0009765625,0.13194568041109145,32.0,0.03125,True,4067299839
8,10,1,0.03125,0.005859375,0.13194568041109145,147,Simplified BARK,2,0.001953125,0.14226172392602204,32.0,0.03125,True,4067299839
8,10,1,0.03125,0.005859375,0.13194568041109145,147,Simplified BARK,3,0.0029296875,0.16504689328024877,32.0,0.03125,True,4067299839
8,10,1,0.03125,0.005859375,0.13194568041109145,147,Simplified BARK,4,0.00390625,0.16707640464575269,32.0,0.03125,True,4067299839
8,10,1,0.03125,0.005859375,0.13194568041109145,147,Simplified BARK,5,0.0048828125,0.16850594360562085,32.0,0.03125,True,4067299839
8,10,1,0.03125,0.005859375,0.13194568041109145,147,Simplified BARK,6,0.005859375,0.16867565786026595,32.0,0.03125,True,4067299839
8,10,1,0.03125,0.005859375,0.13194568041109145,147,Simplified BARK,7,0.0068359375,0.17960061498468655,32.0,0.03125,True,4067299839
8,10,1,0.03125,0.005859375,0.13194568041109145,147,Simplified BARK,9,0.0087890625,0.21770389011058247,32.0,0.03125,True,4067299839
8,10,1,0.03125,0.005859375,0.13194568041109145,147,Simplified BARK,11,0.0107421875,0.8388863581271582,32.0,0.03125,True,4067299839
8,10,1,0.03125,0.005859375,0.13194568041109145,147,Simplified BARK,13,0.0126953125,0.8959426724745815,32.0,0.03125,True,4067299839
8,10,1,0.03125,0.005859375,0.13194568041109145,147,Simplified BARK,16,0.015625,0.9488164919067871,32.0,0.03125,True,4067299839
8,10,1,0.03125,0.005859375,0.13194568041109145,147,Simplified BARK,20,0.01953125,0.9563901149588684,32.0,0.03125,True,4067299839
8,10,1,0.03125,0.005859375,0.13194568041109145,147,Simplified BARK,25,0.0244140625,0.9612825468884236,32.0,0.03125,True,4067299839
8,10,1,0.03125,0.005859375,0.13194568041109145,147,Simplified BARK,31,0.0302734375,0.9997922215206757,32.0,0.03125,True,4067299839
8,10,1,0.03125,0.005859375,0.13194568041109145,147,Simplified BARK,39,0.0380859375,0.9999999999999996,32.0,0.03125,True,4067299839
8,10,1,0.03125,0.005859375,0.13194568041109145,147,Simplified BARK,48,0.046875,0.9999999999999996,32.0,0.03125,True,4067299839
8,10,1,0.03125,0.005859375,0.13194568041109145,147,Simplified BARK,60,0.05859375,0.9999999999999996,32.0,0.03125,True,4067299839
8,10,1,0.03125,0.005859375,0.13194568041109145,147,Simplified BARK,74,0.072265625,0.9999999999999996,32.0,0.03125,True,4067299839
8,10,1,0.03125,0.005859375,0.13194568041109145,147,Simplified BARK,92,0.08984375,0.9999999999999996,32.0,0.03125,True,4067299839
8,10,1,0.03125,0.005859375,0.13194568041109145,147,Simplified BARK,114,0.111328125,0.9999999999999996,32.0,0.03125,True,4067299839
8,10,1,0.03125,0.005859375,0.13194568041109145,147,Simplified BARK,141,0.1376953125,0.9999999999999996,32.0,0.03125,True,4067299839
8,10,1,0.03125,0.005859375,0.13194568041109145,147,Simplified BARK,175,0.1708984375,0.9999999999999996,32.0,0.03125,True,4067299839
8,10,1,0.03125,0.005859375,0.13194568041109145,147,Simplified BARK,217,0.2119140625,0.9999999999999996,32.0,0.03125,True,4067299839
8,10,1,0.03125,0.005859375,0.13194568041109145,147,Simplified BARK,269,0.2626953125,0.9999999999999996,32.0,0.03125,True,4067299839
8,10,1,0.03125,0.005859375,0.13194568041109145,147,Simplified BARK,333,0.3251953125,0.9999999999999996,32.0,0.03125,True,4067299839
8,10,1,0.03125,0.005859375,0.13194568041109145,147,Simplified BARK,413,0.4033203125,0.9999999999999996,32.0,0.03125,True,4067299839
8,10,1,0.03125,0.005859375,0.13194568041109145,147,Simplified BARK,512,0.5,0.9999999999999996,32.0,0.03125,True,4067299839
8,10,1,0.03125,0.005859375,0.13194568041109145,147,SKQD,1,0.0009765625,0.13194568041109145,28.666666666666668,0.027994791666666668,True,4067299839
8,10,1,0.03125,0.005859375,0.13194568041109145,147,SKQD,2,0.001953125,0.13194568041109145,28.666666666666668,0.027994791666666668,True,4067299839
8,10,1,0.03125,0.005859375,0.13194568041109145,147,SKQD,3,0.0029296875,0.13194568041109145,28.666666666666668,0.027994791666666668,True,4067299839
8,10,1,0.03125,0.005859375,0.13194568041109145,147,SKQD,4,0.00390625,0.13194568041109145,28.666666666666668,0.027994791666666668,True,4067299839
8,10,1,0.03125,0.005859375,0.13194568041109145,147,SKQD,5,0.0048828125,0.3596992966591856,28.666666666666668,0.027994791666666668,True,4067299839
8,10,1,0.03125,0.005859375,0.13194568041109145,147,SKQD,6,0.005859375,0.3596992966591856,28.666666666666668,0.027994791666666668,True,4067299839
8,10,1,0.03125,0.005859375,0.13194568041109145,147,SKQD,7,0.0068359375,0.3596992966591856,28.666666666666668,0.027994791666666668,True,4067299839
8,10,1,0.03125,0.005859375,0.13194568041109145,147,SKQD,9,0.0087890625,0.3596992966591856,28.666666666666668,0.027994791666666668,True,4067299839
8,10,1,0.03125,0.005859375,0.13194568041109145,147,SKQD,11,0.0107421875,0.8343289460124756,28.666666666666668,0.027994791666666668,True,4067299839
8,10,1,0.03125,0.005859375,0.13194568041109145,147,SKQD,13,0.0126953125,0.8343289460124756,28.666666666666668,0.027994791666666668,True,4067299839
8,10,1,0.03125,0.005859375,0.13194568041109145,147,SKQD,16,0.015625,0.8343289460124756,28.666666666666668,0.027994791666666668,True,4067299839
8,10,1,0.03125,0.005859375,0.13194568041109145,147,SKQD,20,0.01953125,0.8828355877284756,28.666666666666668,0.027994791666666668,True,4067299839
8,10,1,0.03125,0.005859375,0.13194568041109145,147,SKQD,25,0.0244140625,0.9682318231099614,28.666666666666668,0.027994791666666668,True,4067299839
8,10,1,0.03125,0.005859375,0.13194568041109145,147,SKQD,31,0.0302734375,0.9986758631479883,28.666666666666668,0.027994791666666668,True,4067299839
8,10,1,0.03125,0.005859375,0.13194568041109145,147,SKQD,39,0.0380859375,0.9986758631479883,28.666666666666668,0.027994791666666668,True,4067299839
8,10,1,0.03125,0.005859375,0.13194568041109145,147,SKQD,48,0.046875,0.9986758631479883,28.666666666666668,0.027994791666666668,True,4067299839
8,10,1,0.03125,0.005859375,0.13194568041109145,147,SKQD,60,0.05859375,0.9986758631479883,28.666666666666668,0.027994791666666668,True,4067299839
8,10,1,0.03125,0.005859375,0.13194568041109145,147,SKQD,74,0.072265625,0.9986758631479883,28.666666666666668,0.027994791666666668,True,4067299839
8,10,1,0.03125,0.005859375,0.13194568041109145,147,SKQD,92,0.08984375,0.9986758631479883,28.666666666666668,0.027994791666666668,True,4067299839
8,10,1,0.03125,0.005859375,0.13194568041109145,147,SKQD,114,0.111328125,0.9986758631479883,28.666666666666668,0.027994791666666668,True,4067299839
8,10,1,0.03125,0.005859375,0.13194568041109145,147,SKQD,141,0.1376953125,0.9986758631479883,28.666666666666668,0.027994791666666668,True,4067299839
8,10,1,0.03125,0.005859375,0.13194568041109145,147,SKQD,175,0.1708984375,0.9986758631479883,28.666666666666668,0.027994791666666668,True,4067299839
8,10,1,0.03125,0.005859375,0.13194568041109145,147,SKQD,217,0.2119140625,0.9986758631479883,28.666666666666668,0.027994791666666668,True,4067299839
8,10,1,0.03125,0.005859375,0.13194568041109145,147,SKQD,269,0.2626953125,0.9986758631479883,28.666666666666668,0.027994791666666668,True,4067299839
8,10,1,0.03125,0.005859375,0.13194568041109145,147,SKQD,333,0.3251953125,0.9986758631479883,28.666666666666668,0.027994791666666668,True,4067299839
8,10,1,0.03125,0.005859375,0.13194568041109145,147,SKQD,413,0.4033203125,0.9986758631479883,28.666666666666668,0.027994791666666668,True,4067299839
8,10,1,0.03125,0.005859375,0.13194568041109145,147,SKQD,512,0.5,0.9986758631479883,28.666666666666668,0.027994791666666668,True,4067299839
8,10,1,0.03125,0.005859375,0.13194568041109145,147,Ceiling,1,0.0009765625,0.5614725186048573,512.0,0.5,False,4067299839
8,10,1,0.03125,0.005859375,0.13194568041109145,147,Ceiling,2,0.001953125,0.6934181990159487,512.0,0.5,False,4067299839
8,10,1,0.03125,0.005859375,0.13194568041109145,147,Ceiling,3,0.0029296875,0.7913557249897505,512.0,0.5,False,4067299839
8,10,1,0.03125,0.005859375,0.13194568041109145,147,Ceiling,4,0.00390625,0.8366133185101764,512.0,0.5,False,4067299839
8,10,1,0.03125,0.005859375,0.13194568041109145,147,Ceiling,5,0.0048828125,0.8805114962778701,512.0,0.5,False,4067299839
8,10,1,0.03125,0.005859375,0.13194568041109145,147,Ceiling,6,0.005859375,0.9107998960319412,512.0,0.5,False,4067299839
8,10,1,0.03125,0.005859375,0.13194568041109145,147,Ceiling,7,0.0068359375,0.9338151515862143,512.0,0.5,False,4067299839
8,10,1,0.03125,0.005859375,0.13194568041109145,147,Ceiling,9,0.0087890625,0.954766700442812,512.0,0.5,False,4067299839
8,10,1,0.03125,0.005859375,0.13194568041109145,147,Ceiling,11,0.0107421875,0.9703181217090584,512.0,0.5,False,4067299839
8,10,1,0.03125,0.005859375,0.13194568041109145,147,Ceiling,13,0.0126953125,0.9827190749543471,512.0,0.5,False,4067299839
8,10,1,0.03125,0.005859375,0.13194568041109145,147,Ceiling,16,0.015625,0.9910669662073354,512.0,0.5,False,4067299839
8,10,1,0.03125,0.005859375,0.13194568041109145,147,Ceiling,20,0.01953125,0.9967946150567092,512.0,0.5,False,4067299839
8,10,1,0.03125,0.005859375,0.13194568041109145,147,Ceiling,25,0.0244140625,0.9993809583870291,512.0,0.5,False,4067299839
8,10,1,0.03125,0.005859375,0.13194568041109145,147,Ceiling,31,0.0302734375,0.9999921757166971,512.0,0.5,False,4067299839
8,10,1,0.03125,0.005859375,0.13194568041109145,147,Ceiling,39,0.0380859375,0.9999999999999998,512.0,0.5,False,4067299839
8,10,1,0.03125,0.005859375,0.13194568041109145,147,Ceiling,48,0.046875,0.9999999999999998,512.0,0.5,False,4067299839
8,10,1,0.03125,0.005859375,0.13194568041109145,147,Ceiling,60,0.05859375,0.9999999999999998,512.0,0.5,False,4067299839
8,10,1,0.03125,0.005859375,0.13194568041109145,147,Ceiling,74,0.072265625,0.9999999999999998,512.0,0.5,False,4067299839
8,10,1,0.03125,0.005859375,0.13194568041109145,147,Ceiling,92,0.08984375,0.9999999999999998,512.0,0.5,False,4067299839
8,10,1,0.03125,0.005859375,0.13194568041109145,147,Ceiling,114,0.111328125,0.9999999999999998,512.0,0.5,False,4067299839
8,10,1,0.03125,0.005859375,0.13194568041109145,147,Ceiling,141,0.1376953125,0.9999999999999998,512.0,0.5,False,4067299839
8,10,1,0.03125,0.005859375,0.13194568041109145,147,Ceiling,175,0.1708984375,0.9999999999999998,512.0,0.5,False,4067299839
8,10,1,0.03125,0.005859375,0.13194568041109145,147,Ceiling,217,0.2119140625,0.9999999999999998,512.0,0.5,False,4067299839
8,10,1,0.03125,0.005859375,0.13194568041109145,147,Ceiling,269,0.2626953125,0.9999999999999998,512.0,0.5,False,4067299839
8,10,1,0.03125,0.005859375,0.13194568041109145,147,Ceiling,333,0.3251953125,0.9999999999999998,512.0,0.5,False,4067299839
8,10,1,0.03125,0.005859375,0.13194568041109145,147,Ceiling,413,0.4033203125,0.9999999999999998,512.0,0.5,False,4067299839
8,10,1,0.03125,0.005859375,0.13194568041109145,147,Ceiling,512,0.5,0.9999999999999998,512.0,0.5,False,4067299839
8,10,1,0.03125,0.005859375,0.5614725186048573,657,BARK,1,0.0009765625,0.5614725186048573,32.0,0.03125,True,4067299839
8,10,1,0.03125,0.005859375,0.5614725186048573,657,BARK,2,0.001953125,0.6594100445786591,32.0,0.03125,True,4067299839
8,10,1,0.03125,0.005859375,0.5614725186048573,657,BARK,3,0.0029296875,0.6658771303610324,32.0,0.03125,True,4067299839
8,10,1,0.03125,0.005859375,0.5614725186048573,657,BARK,4,0.00390625,0.7109653716864649,32.0,0.03125,True,4067299839
8,10,1,0.03125,0.005859375,0.5614725186048573,657,BARK,5,0.0048828125,0.7157218736245055,32.0,0.03125,True,4067299839
8,10,1,0.03125,0.005859375,0.5614725186048573,657,BARK,6,0.005859375,0.8489831637994542,32.0,0.03125,True,4067299839
8,10,1,0.03125,0.005859375,0.5614725186048573,657,BARK,7,0.0068359375,0.8759381824363084,32.0,0.03125,True,4067299839
8,10,1,0.03125,0.005859375,0.5614725186048573,657,BARK,9,0.0087890625,0.8781078354036692,32.0,0.03125,True,4067299839
8,10,1,0.03125,0.005859375,0.5614725186048573,657,BARK,11,0.0107421875,0.8885633220730528,32.0,0.03125,True,4067299839
8,10,1,0.03125,0.005859375,0.5614725186048573,657,BARK,13,0.0126953125,0.9431933139103122,32.0,0.03125,True,4067299839
8,10,1,0.03125,0.005859375,0.5614725186048573,657,BARK,16,0.015625,0.9488164919067869,32.0,0.03125,True,4067299839
8,10,1,0.03125,0.005859375,0.5614725186048573,657,BARK,20,0.01953125,0.984386300195,32.0,0.03125,True,4067299839
8,10,1,0.03125,0.005859375,0.5614725186048573,657,BARK,25,0.0244140625,0.9958121210498685,32.0,0.03125,True,4067299839
8,10,1,0.03125,0.005859375,0.5614725186048573,657,BARK,31,0.0302734375,0.9999918172801199,32.0,0.03125,True,4067299839
8,10,1,0.03125,0.005859375,0.5614725186048573,657,BARK,39,0.0380859375,1.0,32.0,0.03125,True,4067299839
8,10,1,0.03125,0.005859375,0.5614725186048573,657,BARK,48,0.046875,1.0,32.0,0.03125,True,4067299839
8,10,1,0.03125,0.005859375,0.5614725186048573,657,BARK,60,0.05859375,1.0,32.0,0.03125,True,4067299839
8,10,1,0.03125,0.005859375,0.5614725186048573,657,BARK,74,0.072265625,1.0,32.0,0.03125,True,4067299839
8,10,1,0.03125,0.005859375,0.5614725186048573,657,BARK,92,0.08984375,1.0,32.0,0.03125,True,4067299839
8,10,1,0.03125,0.005859375,0.5614725186048573,657,BARK,114,0.111328125,1.0,32.0,0.03125,True,4067299839
8,10,1,0.03125,0.005859375,0.5614725186048573,657,BARK,141,0.1376953125,1.0,32.0,0.03125,True,4067299839
8,10,1,0.03125,0.005859375,0.5614725186048573,657,BARK,175,0.1708984375,1.0,32.0,0.03125,True,4067299839
8,10,1,0.03125,0.005859375,0.5614725186048573,657,BARK,217,0.2119140625,1.0,32.0,0.03125,True,4067299839
8,10,1,0.03125,0.005859375,0.5614725186048573,657,BARK,269,0.2626953125,1.0,32.0,0.03125,True,4067299839
8,10,1,0.03125,0.005859375,0.5614725186048573,657,BARK,333,0.3251953125,1.0,32.0,0.03125,True,4067299839
8,10,1,0.03125,0.005859375,0.5614725186048573,657,BARK,413,0.4033203125,1.0,32.0,0.03125,True,4067299839
8,10,1,0.03125,0.005859375,0.5614725186048573,657,BARK,512,0.5,1.0,32.0,0.03125,True,4067299839
8,10,1,0.03125,0.005859375,0.5614725186048573,657,Simplified BARK,1,0.0009765625,0.5614725186048573,32.0,0.03125,True,4067299839
8,10,1,0.03125,0.005859375,0.5614725186048573,657,Simplified BARK,2,0.001953125,0.6053706963725509,32.0,0.03125,True,4067299839
8,10,1,0.03125,0.005859375,0.5614725186048573,657,Simplified BARK,3,0.0029296875,0.7023291294512025,32.0,0.03125,True,4067299839
8,10,1,0.03125,0.005859375,0.5614725186048573,657,Simplified BARK,4,0.00390625,0.7109653716864643,32.0,0.03125,True,4067299839
8,10,1,0.03125,0.005859375,0.5614725186048573,657,Simplified BARK,5,0.0048828125,0.7170485328611252,32.0,0.03125,True,4067299839
8,10,1,0.03125,0.005859375,0.5614725186048573,657,Simplified BARK,6,0.005859375,0.7177707231571764,32.0,0.03125,True,4067299839
8,10,1,0.03125,0.005859375,0.5614725186048573,657,Simplified BARK,7,0.0068359375,0.7642600297656775,32.0,0.03125,True,4067299839
8,10,1,0.03125,0.005859375,0.5614725186048573,657,Simplified BARK,9,0.0087890625,0.7821938853717941,32.0,0.03125,True,4067299839
8,10,1,0.03125,0.005859375,0.5614725186048573,657,Simplified BARK,11,0.0107421875,0.9185182248771573,32.0,0.03125,True,4067299839
8,10,1,0.03125,0.005859375,0.5614725186048573,657,Simplified BARK,13,0.0126953125,0.9353809775071787,32.0,0.03125,True,4067299839
8,10,1,0.03125,0.005859375,0.5614725186048573,657,Simplified BARK,16,0.015625,0.9488164919067869,32.0,0.03125,True,4067299839
8,10,1,0.03125,0.005859375,0.5614725186048573,657,Simplified BARK,20,0.01953125,0.9563901149588682,32.0,0.03125,True,4067299839
8,10,1,0.03125,0.005859375,0.5614725186048573,657,Simplified BARK,25,0.0244140625,0.961282546888423,32.0,0.03125,True,4067299839
8,10,1,0.03125,0.005859375,0.5614725186048573,657,Simplified BARK,31,0.0302734375,0.9997922215206757,32.0,0.03125,True,4067299839
8,10,1,0.03125,0.005859375,0.5614725186048573,657,Simplified BARK,39,0.0380859375,0.9999999999999993,32.0,0.03125,True,4067299839
8,10,1,0.03125,0.005859375,0.5614725186048573,657,Simplified BARK,48,0.046875,0.9999999999999993,32.0,0.03125,True,4067299839
8,10,1,0.03125,0.005859375,0.5614725186048573,657,Simplified BARK,60,0.05859375,0.9999999999999993,32.0,0.03125,True,4067299839
8,10,1,0.03125,0.005859375,0.5614725186048573,657,Simplified BARK,74,0.072265625,0.9999999999999993,32.0,0.03125,True,4067299839
8,10,1,0.03125,0.005859375,0.5614725186048573,657,Simplified BARK,92,0.08984375,0.9999999999999993,32.0,0.03125,True,4067299839
8,10,1,0.03125,0.005859375,0.5614725186048573,657,Simplified BARK,114,0.111328125,0.9999999999999993,32.0,0.03125,True,4067299839
8,10,1,0.03125,0.005859375,0.5614725186048573,657,Simplified BARK,141,0.1376953125,0.9999999999999993,32.0,0.03125,True,4067299839
8,10,1,0.03125,0.005859375,0.5614725186048573,657,Simplified BARK,175,0.1708984375,0.9999999999999993,32.0,0.03125,True,4067299839
8,10,1,0.03125,0.005859375,0.5614725186048573,657,Simplified BARK,217,0.2119140625,0.9999999999999993,32.0,0.03125,True,4067299839
8,10,1,0.03125,0.005859375,0.5614725186048573,657,Simplified BARK,269,0.2626953125,0.9999999999999993,32.0,0.03125,True,4067299839
8,10,1,0.03125,0.005859375,0.5614725186048573,657,Simplified BARK,333,0.3251953125,0.9999999999999993,32.0,0.03125,True,4067299839
8,10,1,0.03125,0.005859375,0.5614725186048573,657,Simplified BARK,413,0.4033203125,0.9999999999999993,32.0,0.03125,True,4067299839
8,10,1,0.03125,0.005859375,0.5614725186048573,657,Simplified BARK,512,0.5,0.9999999999999993,32.0,0.03125,True,4067299839
8,10,1,0.03125,0.005859375,0.5614725186048573,657,SKQD,1,0.0009765625,0.5614725186048573,27.666666666666668,0.027018229166666668,True,4067299839
8,10,1,0.03125,0.005859375,0.5614725186048573,657,SKQD,2,0.001953125,0.5614725186048573,27.666666666666668,0.027018229166666668,True,4067299839
8,10,1,0.03125,0.005859375,0.5614725186048573,657,SKQD,3,0.0029296875,0.5614725186048573,27.666666666666668,0.027018229166666668,True,4067299839
8,10,1,0.03125,0.005859375,0.5614725186048573,657,SKQD,4,0.00390625,0.5614725186048573,27.666666666666668,0.027018229166666668,True,4067299839
8,10,1,0.03125,0.005859375,0.5614725186048573,657,SKQD,5,0.0048828125,0.5614725186048573,27.666666666666668,0.027018229166666668,True,4067299839
8,10,1,0.03125,0.005859375,0.5614725186048573,657,SKQD,6,0.005859375,0.8428807811035509,27.666666666666668,0.027018229166666668,True,4067299839
8,10,1,0.03125,0.005859375,0.5614725186048573,657,SKQD,7,0.0068359375,0.8428807811035509,27.666666666666668,0.027018229166666668,True,4067299839
8,10,1,0.03125,0.005859375,0.5614725186048573,657,SKQD,9,0.0087890625,0.8613172844621227,27.666666666666668,0.027018229166666668,True,4067299839
8,10,1,0.03125,0.005859375,0.5614725186048573,657,SKQD,11,0.0107421875,0.913963405196602,27.666666666666668,0.027018229166666668,True,4067299839
8,10,1,0.03125,0.005859375,0.5614725186048573,657,SKQD,13,0.0126953125,0.9589078908636969,27.666666666666668,0.027018229166666668,True,4067299839
8,10,1,0.03125,0.005859375,0.5614725186048573,657,SKQD,16,0.015625,0.9589078908636969,27.666666666666668,0.027018229166666668,True,4067299839
8,10,1,0.03125,0.005859375,0.5614725186048573,657,SKQD,20,0.01953125,0.9803363395766201,27.666666666666668,0.027018229166666668,True,4067299839
8,10,1,0.03125,0.005859375,0.5614725186048573,657,SKQD,25,0.0244140625,0.9932435129612306,27.666666666666668,0.027018229166666668,True,4067299839
8,10,1,0.03125,0.005859375,0.5614725186048573,657,SKQD,31,0.0302734375,0.9988796191885561,27.666666666666668,0.027018229166666668,True,4067299839
8,10,1,0.03125,0.005859375,0.5614725186048573,657,SKQD,39,0.0380859375,0.9988796191885561,27.666666666666668,0.027018229166666668,True,4067299839
8,10,1,0.03125,0.005859375,0.5614725186048573,657,SKQD,48,0.046875,0.9988796191885561,27.666666666666668,0.027018229166666668,True,4067299839
8,10,1,0.03125,0.005859375,0.5614725186048573,657,SKQD,60,0.05859375,0.9988796191885561,27.666666666666668,0.027018229166666668,True,4067299839
8,10,1,0.03125,0.005859375,0.5614725186048573,657,SKQD,74,0.072265625,0.9988796191885561,27.666666666666668,0.027018229166666668,True,4067299839
8,10,1,0.03125,0.005859375,0.5614725186048573,657,SKQD,92,0.08984375,0.9988796191885561,27.666666666666668,0.027018229166666668,True,4067299839
8,10,1,0.03125,0.005859375,0.5614725186048573,657,SKQD,114,0.111328125,0.9988796191885561,27.666666666666668,0.027018229166666668,True,4067299839
8,10,1,0.03125,0.005859375,0.5614725186048573,657,SKQD,141,0.1376953125,0.9988796191885561,27.666666666666668,0.027018229166666668,True,4067299839
8,10,1,0.03125,0.005859375,0.5614725186048573,657,SKQD,175,0.1708984375,0.9988796191885561,27.666666666666668,0.027018229166666668,True,4067299839
8,10,1,0.03125,0.005859375,0.5614725186048573,657,SKQD,217,0.2119140625,0.9988796191885561,27.666666666666668,0.027018229166666668,True,4067299839
8,10,1,0.03125,0.005859375,0.5614725186048573,657,SKQD,269,0.2626953125,0.9988796191885561,27.666666666666668,0.027018229166666668,True,4067299839
8,10,1,0.03125,0.005859375,0.5614725186048573,657,SKQD,333,0.3251953125,0.9988796191885561,27.666666666666668,0.027018229166666668,True,4067299839
8,10,1,0.03125,0.005859375,0.5614725186048573,657,SKQD,413,0.4033203125,0.9988796191885561,27.666666666666668,0.027018229166666668,True,4067299839
8,10,1,0.03125,0.005859375,0.5614725186048573,657,SKQD,512,0.5,0.9988796191885561,27.666666666666668,0.027018229166666668,True,4067299839
8,10,1,0.03125,0.005859375,0.5614725186048573,657,Ceiling,1,0.0009765625,0.5614725186048573,512.0,0.5,False,4067299839
8,10,1,0.03125,0.005859375,0.5614725186048573,657,Ceiling,2,0.001953125,0.6934181990159487,512.0,0.5,False,4067299839
8,10,1,0.03125,0.005859375,0.5614725186048573,657,Ceiling,3,0.0029296875,0.7913557249897505,512.0,0.5,False,4067299839
8,10,1,0.03125,0.005859375,0.5614725186048573,657,Ceiling,4,0.00390625,0.8366133185101764,512.0,0.5,False,4067299839
8,10,1,0.03125,0.005859375,0.5614725186048573,657,Ceiling,5,0.0048828125,0.8805114962778701,512.0,0.5,False,4067299839
8,10,1,0.03125,0.005859375,0.5614725186048573,657,Ceiling,6,0.005859375,0.9107998960319412,512.0,0.5,False,4067299839
8,10,1,0.03125,0.005859375,0.5614725186048573,657,Ceiling,7,0.0068359375,0.9338151515862143,512.0,0.5,False,4067299839
8,10,1,0.03125,0.005859375,0.5614725186048573,657,Ceiling,9,0.0087890625,0.954766700442812,512.0,0.5,False,4067299839
8,10,1,0.03125,0.005859375,0.5614725186048573,657,Ceiling,11,0.0107421875,0.9703181217090584,512.0,0.5,False,4067299839
8,10,1,0.03125,0.005859375,0.5614725186048573,657,Ceiling,13,0.0126953125,0.9827190749543471,512.0,0.5,False,4067299839
8,10,1,0.03125,0.005859375,0.5614725186048573,657,Ceiling,16,0.015625,0.9910669662073354,512.0,0.5,False,4067299839
8,10,1,0.03125,0.005859375,0.5614725186048573,657,Ceiling,20,0.01953125,0.9967946150567092,512.0,0.5,False,4067299839
8,10,1,0.03125,0.005859375,0.5614725186048573,657,Ceiling,25,0.0244140625,0.9993809583870291,512.0,0.5,False,4067299839
8,10,1,0.03125,0.005859375,0.5614725186048573,657,Ceiling,31,0.0302734375,0.9999921757166971,512.0,0.5,False,4067299839
8,10,1,0.03125,0.005859375,0.5614725186048573,657,Ceiling,39,0.0380859375,0.9999999999999998,512.0,0.5,False,4067299839
8,10,1,0.03125,0.005859375,0.5614725186048573,657,Ceiling,48,0.046875,0.9999999999999998,512.0,0.5,False,4067299839
8,10,1,0.03125,0.005859375,0.5614725186048573,657,Ceiling,60,0.05859375,0.9999999999999998,512.0,0.5,False,4067299839
8,10,1,0.03125,0.005859375,0.5614725186048573,657,Ceiling,74,0.072265625,0.9999999999999998,512.0,0.5,False,4067299839
8,10,1,0.03125,0.005859375,0.5614725186048573,657,Ceiling,92,0.08984375,0.9999999999999998,512.0,0.5,False,4067299839
8,10,1,0.03125,0.005859375,0.5614725186048573,657,Ceiling,114,0.111328125,0.9999999999999998,512.0,0.5,False,4067299839
8,10,1,0.03125,0.005859375,0.5614725186048573,657,Ceiling,141,0.1376953125,0.9999999999999998,512.0,0.5,False,4067299839
8,10,1,0.03125,0.005859375,0.5614725186048573,657,Ceiling,175,0.1708984375,0.9999999999999998,512.0,0.5,False,4067299839
8,10,1,0.03125,0.005859375,0.5614725186048573,657,Ceiling,217,0.2119140625,0.9999999999999998,512.0,0.5,False,4067299839
8,10,1,0.03125,0.005859375,0.5614725186048573,657,Ceiling,269,0.2626953125,0.9999999999999998,512.0,0.5,False,4067299839
8,10,1,0.03125,0.005859375,0.5614725186048573,657,Ceiling,333,0.3251953125,0.9999999999999998,512.0,0.5,False,4067299839
8,10,1,0.03125,0.005859375,0.5614725186048573,657,Ceiling,413,0.4033203125,0.9999999999999998,512.0,0.5,False,4067299839
8,10,1,0.03125,0.005859375,0.5614725186048573,657,Ceiling,512,0.5,0.9999999999999998,512.0,0.5,False,4067299839
8,10,1,0.03125,0.005859375,0.0,907,BARK,1,0.0009765625,0.0,32.0,0.03125,True,4067299839
8,10,1,0.03125,0.005859375,0.0,907,BARK,2,0.001953125,1.7979622983087903e-36,32.0,0.03125,True,4067299839
8,10,1,0.03125,0.005859375,0.0,907,BARK,3,0.0029296875,1.8600085214585885e-35,32.0,0.03125,True,4067299839
8,10,1,0.03125,0.005859375,0.0,907,BARK,4,0.00390625,9.142650990637963e-36,32.0,0.03125,True,4067299839
8,10,1,0.03125,0.005859375,0.0,907,BARK,5,0.0048828125,7.416967337002051e-36,32.0,0.03125,True,4067299839
8,10,1,0.03125,0.005859375,0.0,907,BARK,6,0.005859375,7.583199448174305e-36,32.0,0.03125,True,4067299839
8,10,1,0.03125,0.005859375,0.0,907,BARK,7,0.0068359375,9.158295610535209e-36,32.0,0.03125,True,4067299839
8,10,1,0.03125,0.005859375,0.0,907,BARK,9,0.0087890625,1.7580623176511264e-35,32.0,0.03125,True,4067299839
8,10,1,0.03125,0.005859375,0.0,907,BARK,11,0.0107421875,1.8233533700303834e-35,32.0,0.03125,True,4067299839
8,10,1,0.03125,0.005859375,0.0,907,BARK,13,0.0126953125,1.3183983984631688e-35,32.0,0.03125,True,4067299839
8,10,1,0.03125,0.005859375,0.0,907,BARK,16,0.015625,1.263170988090867e-35,32.0,0.03125,True,4067299839
8,10,1,0.03125,0.005859375,0.0,907,BARK,20,0.01953125,1.4047848167543658e-35,32.0,0.03125,True,4067299839
8,10,1,0.03125,0.005859375,0.0,907,BARK,25,0.0244140625,1.492251034596682e-35,32.0,0.03125,True,4067299839
8,10,1,0.03125,0.005859375,0.0,907,BARK,31,0.0302734375,1.4846401814885971e-35,32.0,0.03125,True,4067299839
8,10,1,0.03125,0.005859375,0.0,907,BARK,39,0.0380859375,1.509906151486453e-35,32.0,0.03125,True,4067299839
8,10,1,0.03125,0.005859375,0.0,907,BARK,48,0.046875,1.509906151486453e-35,32.0,0.03125,True,4067299839
8,10,1,0.03125,0.005859375,0.0,907,BARK,60,0.05859375,1.509906151486453e-35,32.0,0.03125,True,4067299839
8,10,1,0.03125,0.005859375,0.0,907,BARK,74,0.072265625,1.509906151486453e-35,32.0,0.03125,True,4067299839
8,10,1,0.03125,0.005859375,0.0,907,BARK,92,0.08984375,1.509906151486453e-35,32.0,0.03125,True,4067299839
8,10,1,0.03125,0.005859375,0.0,907,BARK,114,0.111328125,1.509906151486453e-35,32.0,0.03125,True,4067299839
8,10,1,0.03125,0.005859375,0.0,907,BARK,141,0.1376953125,1.509906151486453e-35,32.0,0.03125,True,4067299839
8,10,1,0.03125,0.005859375,0.0,907,BARK,175,0.1708984375,1.509906151486453e-35,32.0,0.03125,True,4067299839
8,10,1,0.03125,0.005859375,0.0,907,BARK,217,0.2119140625,1.509906151486453e-35,32.0,0.03125,True,4067299839
8,10,1,0.03125,0.005859375,0.0,907,BARK,269,0.2626953125,1.509906151486453e-35,32.0,0.03125,True,4067299839
8,10,1,0.03125,0.005859375,0.0,907,BARK,333,0.3251953125,1.509906151486453e-35,32.0,0.03125,True,4067299839
8,10,1,0.03125,0.005859375,0.0,907,BARK,413,0.4033203125,1.509906151486453e-35,32.0,0.03125,True,4067299839
8,10,1,0.03125,0.005859375,0.0,907,BARK,512,0.5,1.509906151486453e-35,32.0,0.03125,True,4067299839
8,10,1,0.03125,0.005859375,0.0,907,Simplified BARK,1,0.0009765625,0.0,32.0,0.03125,True,4067299839
8,10,1,0.03125,0.005859375,0.0,907,Simplified BARK,2,0.001953125,8.080884888826212e-36,32.0,0.03125,True,4067299839
8,10,1,0.03125,0.005859375,0.0,907,Simplified BARK,3,0.0029296875,8.496654677905957e-36,32.0,0.03125,True,4067299839
8,10,1,0.03125,0.005859375,0.0,907,Simplified BARK,4,0.00390625,3.0732918878471668e-37,32.0,0.03125,True,4067299839
8,10,1,0.03125,0.005859375,0.0,907,Simplified BARK,5,0.0048828125,5.352041511617542e-36,32.0,0.03125,True,4067299839
8,10,1,0.03125,0.005859375,0.0,907,Simplified BARK,6,0.005859375,2.438310902480569e-35,32.0,0.03125,True,4067299839
8,10,1,0.03125,0.005859375,0.0,907,Simplified BARK,7,0.0068359375,8.978501775484312e-35,32.0,0.03125,True,4067299839
8,10,1,0.03125,0.005859375,0.0,907,Simplified BARK,9,0.0087890625,9.514785056612752e-35,32.0,0.03125,True,4067299839
8,10,1,0.03125,0.005859375,0.0,907,Simplified BARK,11,0.0107421875,9.74995151478409e-35,32.0,0.03125,True,4067299839
8,10,1,0.03125,0.005859375,0.0,907,Simplified BARK,13,0.0126953125,9.427787042976694e-35,32.0,0.03125,True,4067299839
8,10,1,0.03125,0.005859375,0.0,907,Simplified BARK,16,0.015625,9.468996422710364e-35,32.0,0.03125,True,4067299839
8,10,1,0.03125,0.005859375,0.0,907,Simplified BARK,20,0.01953125,2.2173040398870676e-35,32.0,0.03125,True,4067299839
8,10,1,0.03125,0.005859375,0.0,907,Simplified BARK,25,0.0244140625,2.1188289341927623e-35,32.0,0.03125,True,4067299839
8,10,1,0.03125,0.005859375,0.0,907,Simplified BARK,31,0.0302734375,1.5381766546211164e-35,32.0,0.03125,True,4067299839
8,10,1,0.03125,0.005859375,0.0,907,Simplified BARK,39,0.0380859375,1.5099061514864517e-35,32.0,0.03125,True,4067299839
8,10,1,0.03125,0.005859375,0.0,907,Simplified BARK,48,0.046875,1.5099061514864517e-35,32.0,0.03125,True,4067299839
8,10,1,0.03125,0.005859375,0.0,907,Simplified BARK,60,0.05859375,1.5099061514864517e-35,32.0,0.03125,True,4067299839
8,10,1,0.03125,0.005859375,0.0,907,Simplified BARK,74,0.072265625,1.5099061514864517e-35,32.0,0.03125,True,4067299839
8,10,1,0.03125,0.005859375,0.0,907,Simplified BARK,92,0.08984375,1.5099061514864517e-35,32.0,0.03125,True,4067299839
8,10,1,0.03125,0.005859375,0.0,907,Simplified BARK,114,0.111328125,1.5099061514864517e-35,32.0,0.03125,True,4067299839
8,10,1,0.03125,0.005859375,0.0,907,Simplified BARK,141,0.1376953125,1.5099061514864517e-35,32.0,0.03125,True,4067299839
8,10,1,0.03125,0.005859375,0.0,907,Simplified BARK,175,0.1708984375,1.5099061514864517e-35,32.0,0.03125,True,4067299839
8,10,1,0.03125,0.005859375,0.0,907,Simplified BARK,217,0.2119140625,1.5099061514864517e-35,32.0,0.03125,True,4067299839
8,10,1,0.03125,0.005859375,0.0,907,Simplified BARK,269,0.2626953125,1.5099061514864517e-35,32.0,0.03125,True,4067299839
8,10,1,0.03125,0.005859375,0.0,907,Simplified BARK,333,0.3251953125,1.5099061514864517e-35,32.0,0.03125,True,4067299839
8,10,1,0.03125,0.005859375,0.0,907,Simplified BARK,413,0.4033203125,1.5099061514864517e-35,32.0,0.03125,True,4067299839
8,10,1,0.03125,0.005859375,0.0,907,Simplified BARK,512,0.5,1.5099061514864517e-35,32.0,0.03125,True,4067299839
8,10,1,0.03125,0.005859375,0.0,907,SKQD,1,0.0009765625,0.0,12.0,0.01171875,True,4067299839
8,10,1,0.03125,0.005859375,0.0,907,SKQD,2,0.001953125,0.0,12.0,0.01171875,True,4067299839
8,10,1,0.03125,0.005859375,0.0,907,SKQD,3,0.0029296875,0.0,12.0,0.01171875,True,4067299839
8,10,1,0.03125,0.005859375,0.0,907,SKQD,4,0.00390625,0.0,12.0,0.01171875,True,4067299839
8,10,1,0.03125,0.005859375,0.0,907,SKQD,5,0.0048828125,1.70570825290457e-35,12.0,0.01171875,True,4067299839
8,10,1,0.03125,0.005859375,0.0,907,SKQD,6,0.005859375,1.70570825290457e-35,12.0,0.01171875,True,4067299839
8,10,1,0.03125,0.005859375,0.0,907,SKQD,7,0.0068359375,1.70570825290457e-35,12.0,0.01171875,True,4067299839
8,10,1,0.03125,0.005859375,0.0,907,SKQD,9,0.0087890625,6.646409723706764e-35,12.0,0.01171875,True,4067299839
8,10,1,0.03125,0.005859375,0.0,907,SKQD,11,0.0107421875,4.1087160164211387e-35,12.0,0.01171875,True,4067299839
8,10,1,0.03125,0.005859375,0.0,907,SKQD,13,0.0126953125,4.1087160164211387e-35,12.0,0.01171875,True,4067299839
8,10,1,0.03125,0.005859375,0.0,907,SKQD,16,0.015625,4.394776868178464e-35,12.0,0.01171875,True,4067299839
8,10,1,0.03125,0.005859375,0.0,907,SKQD,20,0.01953125,4.394776868178464e-35,12.0,0.01171875,True,4067299839
8,10,1,0.03125,0.005859375,0.0,907,SKQD,25,0.0244140625,4.394776868178464e-35,12.0,0.01171875,True,4067299839
8,10,1,0.03125,0.005859375,0.0,907,SKQD,31,0.0302734375,4.394776868178464e-35,12.0,0.01171875,True,4067299839
8,10,1,0.03125,0.005859375,0.0,907,SKQD,39,0.0380859375,4.394776868178464e-35,12.0,0.01171875,True,4067299839
8,10,1,0.03125,0.005859375,0.0,907,SKQD,48,0.046875,4.394776868178464e-35,12.0,0.01171875,True,4067299839
8,10,1,0.03125,0.005859375,0.0,907,SKQD,60,0.05859375,4.394776868178464e-35,12.0,0.01171875,True,4067299839
8,10,1,0.03125,0.005859375,0.0,907,SKQD,74,0.072265625,4.394776868178464e-35,12.0,0.01171875,True,4067299839
8,10,1,0.03125,0.005859375,0.0,907,SKQD,92,0.08984375,4.394776868178464e-35,12.0,0.01171875,True,4067299839
8,10,1,0.03125,0.005859375,0.0,907,SKQD,114,0.111328125,4.394776868178464e-35,12.0,0.01171875,True,4067299839
8,10,1,0.03125,0.005859375,0.0,907,SKQD,141,0.1376953125,4.394776868178464e-35,12.0,0.01171875,True,4067299839
8,10,1,0.03125,0.005859375,0.0,907,SKQD,175,0.1708984375,4.394776868178464e-35,12.0,0.01171875,True,4067299839
8,10,1,0.03125,0.005859375,0.0,907,SKQD,217,0.2119140625,4.394776868178464e-35,12.0,0.01171875,True,4067299839
8,10,1,0.03125,0.005859375,0.0,907,SKQD,269,0.2626953125,4.394776868178464e-35,12.0,0.01171875,True,4067299839
8,10,1,0.03125,0.005859375,0.0,907,SKQD,333,0.3251953125,4.394776868178464e-35,12.0,0.01171875,True,4067299839
8,10,1,0.03125,0.005859375,0.0,907,SKQD,413,0.4033203125,4.394776868178464e-35,12.0,0.01171875,True,4067299839
8,10,1,0.03125,0.005859375,0.0,907,SKQD,512,0.5,4.394776868178464e-35,12.0,0.01171875,True,4067299839
8,10,1,0.03125,0.005859375,0.0,907,Ceiling,1,0.0009765625,0.5614725186048573,512.0,0.5,False,4067299839
8,10,1,0.03125,0.005859375,0.0,907,Ceiling,2,0.001953125,0.6934181990159487,512.0,0.5,False,4067299839
8,10,1,0.03125,0.005859375,0.0,907,Ceiling,3,0.0029296875,0.7913557249897505,512.0,0.5,False,4067299839
8,10,1,0.03125,0.005859375,0.0,907,Ceiling,4,0.00390625,0.8366133185101764,512.0,0.5,False,4067299839
8,10,1,0.03125,0.005859375,0.0,907,Ceiling,5,0.0048828125,0.8805114962778701,512.0,0.5,False,4067299839
8,10,1,0.03125,0.005859375,0.0,907,Ceiling,6,0.005859375,0.9107998960319412,512.0,0.5,False,4067299839
8,10,1,0.03125,0.005859375,0.0,907,Ceiling,7,0.0068359375,0.9338151515862143,512.0,0.5,False,4067299839
8,10,1,0.03125,0.005859375,0.0,907,Ceiling,9,0.0087890625,0.954766700442812,512.0,0.5,False,4067299839
8,10,1,0.03125,0.005859375,0.0,907,Ceiling,11,0.0107421875,0.9703181217090584,512.0,0.5,False,4067299839
8,10,1,0.03125,0.005859375,0.0,907,Ceiling,13,0.0126953125,0.9827190749543471,512.0,0.5,False,4067299839
8,10,1,0.03125,0.005859375,0.0,907,Ceiling,16,0.015625,0.9910669662073354,512.0,0.5,False,4067299839
8,10,1,0.03125,0.005859375,0.0,907,Ceiling,20,0.01953125,0.9967946150567092,512.0,0.5,False,4067299839
8,10,1,0.03125,0.005859375,0.0,907,Ceiling,25,0.0244140625,0.9993809583870291,512.0,0.5,False,4067299839
8,10,1,0.03125,0.005859375,0.0,907,Ceiling,31,0.0302734375,0.9999921757166971,512.0,0.5,False,4067299839
8,10,1,0.03125,0.005859375,0.0,907,Ceiling,39,0.0380859375,0.9999999999999998,512.0,0.5,False,4067299839
8,10,1,0.03125,0.005859375,0.0,907,Ceiling,48,0.046875,0.9999999999999998,512.0,0.5,False,4067299839
8,10,1,0.03125,0.005859375,0.0,907,Ceiling,60,0.05859375,0.9999999999999998,512.0,0.5,False,4067299839
8,10,1,0.03125,0.005859375,0.0,907,Ceiling,74,0.072265625,0.9999999999999998,512.0,0.5,False,4067299839
8,10,1,0.03125,0.005859375,0.0,907,Ceiling,92,0.08984375,0.9999999999999998,512.0,0.5,False,4067299839
8,10,1,0.03125,0.005859375,0.0,907,Ceiling,114,0.111328125,0.9999999999999998,512.0,0.5,False,4067299839
8,10,1,0.03125,0.005859375,0.0,907,Ceiling,141,0.1376953125,0.9999999999999998,512.0,0.5,False,4067299839
8,10,1,0.03125,0.005859375,0.0,907,Ceiling,175,0.1708984375,0.9999999999999998,512.0,0.5,False,4067299839
8,10,1,0.03125,0.005859375,0.0,907,Ceiling,217,0.2119140625,0.9999999999999998,512.0,0.5,False,4067299839
8,10,1,0.03125,0.005859375,0.0,907,Ceiling,269,0.2626953125,0.9999999999999998,512.0,0.5,False,4067299839
8,10,1,0.03125,0.005859375,0.0,907,Ceiling,333,0.3251953125,0.9999999999999998,512.0,0.5,False,4067299839
8,10,1,0.03125,0.005859375,0.0,907,Ceiling,413,0.4033203125,0.9999999999999998,512.0,0.5,False,4067299839
8,10,1,0.03125,0.005859375,0.0,907,Ceiling,512,0.5,0.9999999999999998,512.0,0.5,False,4067299839
8,10,1,0.03125,0.005859375,0.0,256,BARK,1,0.0009765625,0.0,32.0,0.03125,True,4067299839
8,10,1,0.03125,0.005859375,0.0,256,BARK,2,0.001953125,5.127781717257114e-34,32.0,0.03125,True,4067299839
8,10,1,0.03125,0.005859375,0.0,256,BARK,3,0.0029296875,2.6261030257318418e-33,32.0,0.03125,True,4067299839
8,10,1,0.03125,0.005859375,0.0,256,BARK,4,0.00390625,2.744211009255703e-33,32.0,0.03125,True,4067299839
8,10,1,0.03125,0.005859375,0.0,256,BARK,5,0.0048828125,2.7408166191563005e-33,32.0,0.03125,True,4067299839
8,10,1,0.03125,0.005859375,0.0,256,BARK,6,0.005859375,2.6206151152441325e-33,32.0,0.03125,True,4067299839
8,10,1,0.03125,0.005859375,0.0,256,BARK,7,0.0068359375,2.705086217692476e-33,32.0,0.03125,True,4067299839
8,10,1,0.03125,0.005859375,0.0,256,BARK,9,0.0087890625,2.7126510506446356e-33,32.0,0.03125,True,4067299839
8,10,1,0.03125,0.005859375,0.0,256,BARK,11,0.0107421875,2.708562774193584e-33,32.0,0.03125,True,4067299839
8,10,1,0.03125,0.005859375,0.0,256,BARK,13,0.0126953125,2.4714702571596595e-33,32.0,0.03125,True,4067299839
8,10,1,0.03125,0.005859375,0.0,256,BARK,16,0.015625,2.4774954848946834e-33,32.0,0.03125,True,4067299839
8,10,1,0.03125,0.005859375,0.0,256,BARK,20,0.01953125,3.09349604063905e-33,32.0,0.03125,True,4067299839
8,10,1,0.03125,0.005859375,0.0,256,BARK,25,0.0244140625,3.260352658524902e-33,32.0,0.03125,True,4067299839
8,10,1,0.03125,0.005859375,0.0,256,BARK,31,0.0302734375,3.223841900323474e-33,32.0,0.03125,True,4067299839
8,10,1,0.03125,0.005859375,0.0,256,BARK,39,0.0380859375,3.225198230108974e-33,32.0,0.03125,True,4067299839
8,10,1,0.03125,0.005859375,0.0,256,BARK,48,0.046875,3.225198230108974e-33,32.0,0.03125,True,4067299839
8,10,1,0.03125,0.005859375,0.0,256,BARK,60,0.05859375,3.225198230108974e-33,32.0,0.03125,True,4067299839
8,10,1,0.03125,0.005859375,0.0,256,BARK,74,0.072265625,3.225198230108974e-33,32.0,0.03125,True,4067299839
8,10,1,0.03125,0.005859375,0.0,256,BARK,92,0.08984375,3.225198230108974e-33,32.0,0.03125,True,4067299839
8,10,1,0.03125,0.005859375,0.0,256,BARK,114,0.111328125,3.225198230108974e-33,32.0,0.03125,True,4067299839
8,10,1,0.03125,0.005859375,0.0,256,BARK,141,0.1376953125,3.225198230108974e-33,32.0,0.03125,True,4067299839
8,10,1,0.03125,0.005859375,0.0,256,BARK,175,0.1708984375,3.225198230108974e-33,32.0,0.03125,True,4067299839
8,10,1,0.03125,0.005859375,0.0,256,BARK,217,0.2119140625,3.225198230108974e-33,32.0,0.03125,True,4067299839
8,10,1,0.03125,0.005859375,0.0,256,BARK,269,0.2626953125,3.225198230108974e-33,32.0,0.03125,True,4067299839
8,10,1,0.03125,0.005859375,0.0,256,BARK,333,0.3251953125,3.225198230108974e-33,32.0,0.03125,True,4067299839
8,10,1,0.03125,0.005859375,0.0,256,BARK,413,0.4033203125,3.225198230108974e-33,32.0,0.03125,True,4067299839
8,10,1,0.03125,0.005859375,0.0,256,BARK,512,0.5,3.225198230108974e-33,32.0,0.03125,True,4067299839
8,10,1,0.03125,0.005859375,0.0,256,Simplified BARK,1,0.0009765625,0.0,32.0,0.03125,True,4067299839
8,10,1,0.03125,0.005859375,0.0,256,Simplified BARK,2,0.001953125,5.127781717257114e-34,32.0,0.03125,True,4067299839
8,10,1,0.03125,0.005859375,0.0,256,Simplified BARK,3,0.0029296875,5.526370986678578e-34,32.0,0.03125,True,4067299839
8,10,1,0.03125,0.005859375,0.0,256,Simplified BARK,4,0.00390625,5.563929087352494e-34,32.0,0.03125,True,4067299839
8,10,1,0.03125,0.005859375,0.0,256,Simplified BARK,5,0.0048828125,2.122306690901505e-33,32.0,0.03125,True,4067299839
8,10,1,0.03125,0.005859375,0.0,256,Simplified BARK,6,0.005859375,2.7208665267700742e-33,32.0,0.03125,True,4067299839
8,10,1,0.03125,0.005859375,0.0,256,Simplified BARK,7,0.0068359375,2.746828936806182e-33,32.0,0.03125,True,4067299839
8,10,1,0.03125,0.005859375,0.0,256,Simplified BARK,9,0.0087890625,2.7119739915266064e-33,32.0,0.03125,True,4067299839
8,10,1,0.03125,0.005859375,0.0,256,Simplified BARK,11,0.0107421875,2.7167592671836518e-33,32.0,0.03125,True,4067299839
8,10,1,0.03125,0.005859375,0.0,256,Simplified BARK,13,0.0126953125,2.5104561996663143e-33,32.0,0.03125,True,4067299839
8,10,1,0.03125,0.005859375,0.0,256,Simplified BARK,16,0.015625,2.4359614899755796e-33,32.0,0.03125,True,4067299839
8,10,1,0.03125,0.005859375,0.0,256,Simplified BARK,20,0.01953125,2.5194912131034517e-33,32.0,0.03125,True,4067299839
8,10,1,0.03125,0.005859375,0.0,256,Simplified BARK,25,0.0244140625,3.215427679678835e-33,32.0,0.03125,True,4067299839
8,10,1,0.03125,0.005859375,0.0,256,Simplified BARK,31,0.0302734375,3.2253576327728655e-33,32.0,0.03125,True,4067299839
8,10,1,0.03125,0.005859375,0.0,256,Simplified BARK,39,0.0380859375,3.225198230108973e-33,32.0,0.03125,True,4067299839
8,10,1,0.03125,0.005859375,0.0,256,Simplified BARK,48,0.046875,3.225198230108973e-33,32.0,0.03125,True,4067299839
8,10,1,0.03125,0.005859375,0.0,256,Simplified BARK,60,0.05859375,3.225198230108973e-33,32.0,0.03125,True,4067299839
8,10,1,0.03125,0.005859375,0.0,256,Simplified BARK,74,0.072265625,3.225198230108973e-33,32.0,0.03125,True,4067299839
8,10,1,0.03125,0.005859375,0.0,256,Simplified BARK,92,0.08984375,3.225198230108973e-33,32.0,0.03125,True,4067299839
8,10,1,0.03125,0.005859375,0.0,256,Simplified BARK,114,0.111328125,3.225198230108973e-33,32.0,0.03125,True,4067299839
8,10,1,0.03125,0.005859375,0.0,256,Simplified BARK,141,0.1376953125,3.225198230108973e-33,32.0,0.03125,True,4067299839
8,10,1,0.03125,0.005859375,0.0,256,Simplified BARK,175,0.1708984375,3.225198230108973e-33,32.0,0.03125,True,4067299839
8,10,1,0.03125,0.005859375,0.0,256,Simplified BARK,217,0.2119140625,3.225198230108973e-33,32.0,0.03125,True,4067299839
8,10,1,0.03125,0.005859375,0.0,256,Simplified BARK,269,0.2626953125,3.225198230108973e-33,32.0,0.03125,True,4067299839
8,10,1,0.03125,0.005859375,0.0,256,Simplified BARK,333,0.3251953125,3.225198230108973e-33,32.0,0.03125,True,4067299839
8,10,1,0.03125,0.005859375,0.0,256,Simplified BARK,413,0.4033203125,3.225198230108973e-33,32.0,0.03125,True,4067299839
8,10,1,0.03125,0.005859375,0.0,256,Simplified BARK,512,0.5,3.225198230108973e-33,32.0,0.03125,True,4067299839
8,10,1,0.03125,0.005859375,0.0,256,SKQD,1,0.0009765625,0.0,7.666666666666667,0.007486979166666667,True,4067299839
8,10,1,0.03125,0.005859375,0.0,256,SKQD,2,0.001953125,1.709260572419038e-34,7.666666666666667,0.007486979166666667,True,4067299839
8,10,1,0.03125,0.005859375,0.0,256,SKQD,3,0.0029296875,5.141151238941584e-34,7.666666666666667,0.007486979166666667,True,4067299839
8,10,1,0.03125,0.005859375,0.0,256,SKQD,4,0.00390625,5.2798489347978105e-34,7.666666666666667,0.007486979166666667,True,4067299839
8,10,1,0.03125,0.005859375,0.0,256,SKQD,5,0.0048828125,5.562715547089832e-34,7.666666666666667,0.007486979166666667,True,4067299839
8,10,1,0.03125,0.005859375,0.0,256,SKQD,6,0.005859375,5.562715547089832e-34,7.666666666666667,0.007486979166666667,True,4067299839
8,10,1,0.03125,0.005859375,0.0,256,SKQD,7,0.0068359375,5.562715547089832e-34,7.666666666666667,0.007486979166666667,True,4067299839
8,10,1,0.03125,0.005859375,0.0,256,SKQD,9,0.0087890625,1.2773489553401946e-33,7.666666666666667,0.007486979166666667,True,4067299839
8,10,1,0.03125,0.005859375,0.0,256,SKQD,11,0.0107421875,1.2126021958576244e-33,7.666666666666667,0.007486979166666667,True,4067299839
8,10,1,0.03125,0.005859375,0.0,256,SKQD,13,0.0126953125,1.2126021958576244e-33,7.666666666666667,0.007486979166666667,True,4067299839
8,10,1,0.03125,0.005859375,0.0,256,SKQD,16,0.015625,1.2126021958576244e-33,7.666666666666667,0.007486979166666667,True,4067299839
8,10,1,0.03125,0.005859375,0.0,256,SKQD,20,0.01953125,1.2126021958576244e-33,7.666666666666667,0.007486979166666667,True,4067299839
8,10,1,0.03125,0.005859375,0.0,256,SKQD,25,0.0244140625,1.2126021958576244e-33,7.666666666666667,0.007486979166666667,True,4067299839
8,10,1,0.03125,0.005859375,0.0,256,SKQD,31,0.0302734375,1.2126021958576244e-33,7.666666666666667,0.007486979166666667,True,4067299839
8,10,1,0.03125,0.005859375,0.0,256,SKQD,39,0.0380859375,1.2126021958576244e-33,7.666666666666667,0.007486979166666667,True,4067299839
8,10,1,0.03125,0.005859375,0.0,256,SKQD,48,0.046875,1.2126021958576244e-33,7.666666666666667,0.007486979166666667,True,4067299839
8,10,1,0.03125,0.005859375,0.0,256,SKQD,60,0.05859375,1.2126021958576244e-33,7.666666666666667,0.007486979166666667,True,4067299839
8,10,1,0.03125,0.005859375,0.0,256,SKQD,74,0.072265625,1.2126021958576244e-33,7.666666666666667,0.007486979166666667,True,4067299839
8,10,1,0.03125,0.005859375,0.0,256,SKQD,92,0.08984375,1.2126021958576244e-33,7.666666666666667,0.007486979166666667,True,4067299839
8,10,1,0.03125,0.005859375,0.0,256,SKQD,114,0.111328125,1.2126021958576244e-33,7.666666666666667,0.007486979166666667,True,4067299839
8,10,1,0.03125,0.005859375,0.0,256,SKQD,141,0.1376953125,1.2126021958576244e-33,7.666666666666667,0.007486979166666667,True,4067299839
8,10,1,0.03125,0.005859375,0.0,256,SKQD,175,0.1708984375,1.2126021958576244e-33,7.666666666666667,0.007486979166666667,True,4067299839
8,10,1,0.03125,0.005859375,0.0,256,SKQD,217,0.2119140625,1.2126021958576244e-33,7.666666666666667,0.007486979166666667,True,4067299839
8,10,1,0.03125,0.005859375,0.0,256,SKQD,269,0.2626953125,1.2126021958576244e-33,7.666666666666667,0.007486979166666667,True,4067299839
8,10,1,0.03125,0.005859375,0.0,256,SKQD,333,0.3251953125,1.2126021958576244e-33,7.666666666666667,0.007486979166666667,True,4067299839
8,10,1,0.03125,0.005859375,0.0,256,SKQD,413,0.4033203125,1.2126021958576244e-33,7.666666666666667,0.007486979166666667,True,4067299839
8,10,1,0.03125,0.005859375,0.0,256,SKQD,512,0.5,1.2126021958576244e-33,7.666666666666667,0.007486979166666667,True,4067299839
8,10,1,0.03125,0.005859375,0.0,256,Ceiling,1,0.0009765625,0.5614725186048573,512.0,0.5,False,4067299839
8,10,1,0.03125,0.005859375,0.0,256,Ceiling,2,0.001953125,0.6934181990159487,512.0,0.5,False,4067299839
8,10,1,0.03125,0.005859375,0.0,256,Ceiling,3,0.0029296875,0.7913557249897505,512.0,0.5,False,4067299839
8,10,1,0.03125,0.005859375,0.0,256,Ceiling,4,0.00390625,0.8366133185101764,512.0,0.5,False,4067299839
8,10,1,0.03125,0.005859375,0.0,256,Ceiling,5,0.0048828125,0.8805114962778701,512.0,0.5,False,4067299839
8,10,1,0.03125,0.005859375,0.0,256,Ceiling,6,0.005859375,0.9107998960319412,512.0,0.5,False,4067299839
8,10,1,0.03125,0.005859375,0.0,256,Ceiling,7,0.0068359375,0.9338151515862143,512.0,0.5,False,4067299839
8,10,1,0.03125,0.005859375,0.0,256,Ceiling,9,0.0087890625,0.954766700442812,512.0,0.5,False,4067299839
8,10,1,0.03125,0.005859375,0.0,256,Ceiling,11,0.0107421875,0.9703181217090584,512.0,0.5,False,4067299839
8,10,1,0.03125,0.005859375,0.0,256,Ceiling,13,0.0126953125,0.9827190749543471,512.0,0.5,False,4067299839
8,10,1,0.03125,0.005859375,0.0,256,Ceiling,16,0.015625,0.9910669662073354,512.0,0.5,False,4067299839
8,10,1,0.03125,0.005859375,0.0,256,Ceiling,20,0.01953125,0.9967946150567092,512.0,0.5,False,4067299839
8,10,1,0.03125,0.005859375,0.0,256,Ceiling,25,0.0244140625,0.9993809583870291,512.0,0.5,False,4067299839
8,10,1,0.03125,0.005859375,0.0,256,Ceiling,31,0.0302734375,0.9999921757166971,512.0,0.5,False,4067299839
8,10,1,0.03125,0.005859375,0.0,256,Ceiling,39,0.0380859375,0.9999999999999998,512.0,0.5,False,4067299839
8,10,1,0.03125,0.005859375,0.0,256,Ceiling,48,0.046875,0.9999999999999998,512.0,0.5,False,4067299839
8,10,1,0.03125,0.005859375,0.0,256,Ceiling,60,0.05859375,0.9999999999999998,512.0,0.5,False,4067299839
8,10,1,0.03125,0.005859375,0.0,256,Ceiling,74,0.072265625,0.9999999999999998,512.0,0.5,False,4067299839
8,10,1,0.03125,0.005859375,0.0,256,Ceiling,92,0.08984375,0.9999999999999998,512.0,0.5,False,4067299839
8,10,1,0.03125,0.005859375,0.0,256,Ceiling,114,0.111328125,0.9999999999999998,512.0,0.5,False,4067299839
8,10,1,0.03125,0.005859375,0.0,256,Ceiling,141,0.1376953125,0.9999999999999998,512.0,0.5,False,4067299839
8,10,1,0.03125,0.005859375,0.0,256,Ceiling,175,0.1708984375,0.9999999999999998,512.0,0.5,False,4067299839
8,10,1,0.03125,0.005859375,0.0,256,Ceiling,217,0.2119140625,0.9999999999999998,512.0,0.5,False,4067299839
8,10,1,0.03125,0.005859375,0.0,256,Ceiling,269,0.2626953125,0.9999999999999998,512.0,0.5,False,4067299839
8,10,1,0.03125,0.005859375,0.0,256,Ceiling,333,0.3251953125,0.9999999999999998,512.0,0.5,False,4067299839
8,10,1,0.03125,0.005859375,0.0,256,Ceiling,413,0.4033203125,0.9999999999999998,512.0,0.5,False,4067299839
8,10,1,0.03125,0.005859375,0.0,256,Ceiling,512,0.5,0.9999999999999998,512.0,0.5,False,4067299839
8,10,1,0.03125,0.005859375,0.0,116,BARK,1,0.0009765625,0.0,32.0,0.03125,True,4067299839
8,10,1,0.03125,0.005859375,0.0,116,BARK,2,0.001953125,8.843451527284722e-36,32.0,0.03125,True,4067299839
8,10,1,0.03125,0.005859375,0.0,116,BARK,3,0.0029296875,5.751231793518731e-38,32.0,0.03125,True,4067299839
8,10,1,0.03125,0.005859375,0.0,116,BARK,4,0.00390625,2.2981479497505978e-35,32.0,0.03125,True,4067299839
8,10,1,0.03125,0.005859375,0.0,116,BARK,5,0.0048828125,1.1535954866635841e-35,32.0,0.03125,True,4067299839
8,10,1,0.03125,0.005859375,0.0,116,BARK,6,0.005859375,1.9518366929259488e-35,32.0,0.03125,True,4067299839
8,10,1,0.03125,0.005859375,0.0,116,BARK,7,0.0068359375,1.981354495050245e-35,32.0,0.03125,True,4067299839
8,10,1,0.03125,0.005859375,0.0,116,BARK,9,0.0087890625,2.011485800256765e-35,32.0,0.03125,True,4067299839
8,10,1,0.03125,0.005859375,0.0,116,BARK,11,0.0107421875,1.816751278763253e-35,32.0,0.03125,True,4067299839
8,10,1,0.03125,0.005859375,0.0,116,BARK,13,0.0126953125,1.297768740252046e-35,32.0,0.03125,True,4067299839
8,10,1,0.03125,0.005859375,0.0,116,BARK,16,0.015625,1.297456208352488e-35,32.0,0.03125,True,4067299839
8,10,1,0.03125,0.005859375,0.0,116,BARK,20,0.01953125,1.5303405115068847e-35,32.0,0.03125,True,4067299839
8,10,1,0.03125,0.005859375,0.0,116,BARK,25,0.0244140625,1.5566629553291617e-35,32.0,0.03125,True,4067299839
8,10,1,0.03125,0.005859375,0.0,116,BARK,31,0.0302734375,1.5097751322824062e-35,32.0,0.03125,True,4067299839
8,10,1,0.03125,0.005859375,0.0,116,BARK,39,0.0380859375,1.5099061514864453e-35,32.0,0.03125,True,4067299839
8,10,1,0.03125,0.005859375,0.0,116,BARK,48,0.046875,1.5099061514864453e-35,32.0,0.03125,True,4067299839
8,10,1,0.03125,0.005859375,0.0,116,BARK,60,0.05859375,1.5099061514864453e-35,32.0,0.03125,True,4067299839
8,10,1,0.03125,0.005859375,0.0,116,BARK,74,0.072265625,1.5099061514864453e-35,32.0,0.03125,True,4067299839
8,10,1,0.03125,0.005859375,0.0,116,BARK,92,0.08984375,1.5099061514864453e-35,32.0,0.03125,True,4067299839
8,10,1,0.03125,0.005859375,0.0,116,BARK,114,0.111328125,1.5099061514864453e-35,32.0,0.03125,True,4067299839
8,10,1,0.03125,0.005859375,0.0,116,BARK,141,0.1376953125,1.5099061514864453e-35,32.0,0.03125,True,4067299839
8,10,1,0.03125,0.005859375,0.0,116,BARK,175,0.1708984375,1.5099061514864453e-35,32.0,0.03125,True,4067299839
8,10,1,0.03125,0.005859375,0.0,116,BARK,217,0.2119140625,1.5099061514864453e-35,32.0,0.03125,True,4067299839
8,10,1,0.03125,0.005859375,0.0,116,BARK,269,0.2626953125,1.5099061514864453e-35,32.0,0.03125,True,4067299839
8,10,1,0.03125,0.005859375,0.0,116,BARK,333,0.3251953125,1.5099061514864453e-35,32.0,0.03125,True,4067299839
8,10,1,0.03125,0.005859375,0.0,116,BARK,413,0.4033203125,1.5099061514864453e-35,32.0,0.03125,True,4067299839
8,10,1,0.03125,0.005859375,0.0,116,BARK,512,0.5,1.5099061514864453e-35,32.0,0.03125,True,4067299839
8,10,1,0.03125,0.005859375,0.0,116,Simplified BARK,1,0.0009765625,0.0,32.0,0.03125,True,4067299839
8,10,1,0.03125,0.005859375,0.0,116,Simplified BARK,2,0.001953125,8.843451527284722e-36,32.0,0.03125,True,4067299839
8,10,1,0.03125,0.005859375,0.0,116,Simplified BARK,3,0.0029296875,4.547205532570865e-35,32.0,0.03125,True,4067299839
8,10,1,0.03125,0.005859375,0.0,116,Simplified BARK,4,0.00390625,4.88836336772594e-35,32.0,0.03125,True,4067299839
8,10,1,0.03125,0.005859375,0.0,116,Simplified BARK,5,0.0048828125,5.027814832730098e-35,32.0,0.03125,True,4067299839
8,10,1,0.03125,0.005859375,0.0,116,Simplified BARK,6,0.005859375,5.164356402510242e-35,32.0,0.03125,True,4067299839
8,10,1,0.03125,0.005859375,0.0,116,Simplified BARK,7,0.0068359375,6.744052065143439e-35,32.0,0.03125,True,4067299839
8,10,1,0.03125,0.005859375,0.0,116,Simplified BARK,9,0.0087890625,9.684138083226439e-39,32.0,0.03125,True,4067299839
8,10,1,0.03125,0.005859375,0.0,116,Simplified BARK,11,0.0107421875,2.697861255817228e-35,32.0,0.03125,True,4067299839
8,10,1,0.03125,0.005859375,0.0,116,Simplified BARK,13,0.0126953125,1.569992541890556e-35,32.0,0.03125,True,4067299839
8,10,1,0.03125,0.005859375,0.0,116,Simplified BARK,16,0.015625,1.2588035191041656e-35,32.0,0.03125,True,4067299839
8,10,1,0.03125,0.005859375,0.0,116,Simplified BARK,20,0.01953125,1.504947545896513e-35,32.0,0.03125,True,4067299839
8,10,1,0.03125,0.005859375,0.0,116,Simplified BARK,25,0.0244140625,1.5068284983595085e-35,32.0,0.03125,True,4067299839
8,10,1,0.03125,0.005859375,0.0,116,Simplified BARK,31,0.0302734375,1.5092394686624342e-35,32.0,0.03125,True,4067299839
8,10,1,0.03125,0.005859375,0.0,116,Simplified BARK,39,0.0380859375,1.5099061514864547e-35,32.0,0.03125,True,4067299839
8,10,1,0.03125,0.005859375,0.0,116,Simplified BARK,48,0.046875,1.5099061514864547e-35,32.0,0.03125,True,4067299839
8,10,1,0.03125,0.005859375,0.0,116,Simplified BARK,60,0.05859375,1.5099061514864547e-35,32.0,0.03125,True,4067299839
8,10,1,0.03125,0.005859375,0.0,116,Simplified BARK,74,0.072265625,1.5099061514864547e-35,32.0,0.03125,True,4067299839
8,10,1,0.03125,0.005859375,0.0,116,Simplified BARK,92,0.08984375,1.5099061514864547e-35,32.0,0.03125,True,4067299839
8,10,1,0.03125,0.005859375,0.0,116,Simplified BARK,114,0.111328125,1.5099061514864547e-35,32.0,0.03125,True,4067299839
8,10,1,0.03125,0.005859375,0.0,116,Simplified BARK,141,0.1376953125,1.5099061514864547e-35,32.0,0.03125,True,4067299839
8,10,1,0.03125,0.005859375,0.0,116,Simplified BARK,175,0.1708984375,1.5099061514864547e-35,32.0,0.03125,True,4067299839
8,10,1,0.03125,0.005859375,0.0,116,Simplified BARK,217,0.2119140625,1.5099061514864547e-35,32.0,0.03125,True,4067299839
8,10,1,0.03125,0.005859375,0.0,116,Simplified BARK,269,0.2626953125,1.5099061514864547e-35,32.0,0.03125,True,4067299839
8,10,1,0.03125,0.005859375,0.0,116,Simplified BARK,333,0.3251953125,1.5099061514864547e-35,32.0,0.03125,True,4067299839
8,10,1,0.03125,0.005859375,0.0,116,Simplified BARK,413,0.4033203125,1.5099061514864547e-35,32.0,0.03125,True,4067299839
8,10,1,0.03125,0.005859375,0.0,116,Simplified BARK,512,0.5,1.5099061514864547e-35,32.0,0.03125,True,4067299839
8,10,1,0.03125,0.005859375,0.0,116,SKQD,1,0.0009765625,0.0,8.333333333333334,0.008138020833333334,True,4067299839
8,10,1,0.03125,0.005859375,0.0,116,SKQD,2,0.001953125,0.0,8.333333333333334,0.008138020833333334,True,4067299839
8,10,1,0.03125,0.005859375,0.0,116,SKQD,3,0.0029296875,1.8269699050834163e-35,8.333333333333334,0.008138020833333334,True,4067299839
8,10,1,0.03125,0.005859375,0.0,116,SKQD,4,0.00390625,2.256413625013928e-35,8.333333333333334,0.008138020833333334,True,4067299839
8,10,1,0.03125,0.005859375,0.0,116,SKQD,5,0.0048828125,2.243259120027208e-35,8.333333333333334,0.008138020833333334,True,4067299839
8,10,1,0.03125,0.005859375,0.0,116,SKQD,6,0.005859375,2.5717596262790375e-35,8.333333333333334,0.008138020833333334,True,4067299839
8,10,1,0.03125,0.005859375,0.0,116,SKQD,7,0.0068359375,2.5717596262790375e-35,8.333333333333334,0.008138020833333334,True,4067299839
8,10,1,0.03125,0.005859375,0.0,116,SKQD,9,0.0087890625,5.817734987975016e-35,8.333333333333334,0.008138020833333334,True,4067299839
8,10,1,0.03125,0.005859375,0.0,116,SKQD,11,0.0107421875,5.817734987975016e-35,8.333333333333334,0.008138020833333334,True,4067299839
8,10,1,0.03125,0.005859375,0.0,116,SKQD,13,0.0126953125,5.817734987975016e-35,8.333333333333334,0.008138020833333334,True,4067299839
8,10,1,0.03125,0.005859375,0.0,116,SKQD,16,0.015625,5.817734987975016e-35,8.333333333333334,0.008138020833333334,True,4067299839
8,10,1,0.03125,0.005859375,0.0,116,SKQD,20,0.01953125,5.817734987975016e-35,8.333333333333334,0.008138020833333334,True,4067299839
8,10,1,0.03125,0.005859375,0.0,116,SKQD,25,0.0244140625,5.817734987975016e-35,8.333333333333334,0.008138020833333334,True,4067299839
8,10,1,0.03125,0.005859375,0.0,116,SKQD,31,0.0302734375,5.817734987975016e-35,8.333333333333334,0.008138020833333334,True,4067299839
8,10,1,0.03125,0.005859375,0.0,116,SKQD,39,0.0380859375,5.817734987975016e-35,8.333333333333334,0.008138020833333334,True,4067299839
8,10,1,0.03125,0.005859375,0.0,116,SKQD,48,0.046875,5.817734987975016e-35,8.333333333333334,0.008138020833333334,True,4067299839
8,10,1,0.03125,0.005859375,0.0,116,SKQD,60,0.05859375,5.817734987975016e-35,8.333333333333334,0.008138020833333334,True,4067299839
8,10,1,0.03125,0.005859375,0.0,116,SKQD,74,0.072265625,5.817734987975016e-35,8.333333333333334,0.008138020833333334,True,4067299839
8,10,1,0.03125,0.005859375,0.0,116,SKQD,92,0.08984375,5.817734987975016e-35,8.333333333333334,0.008138020833333334,True,4067299839
8,10,1,0.03125,0.005859375,0.0,116,SKQD,114,0.111328125,5.817734987975016e-35,8.333333333333334,0.008138020833333334,True,4067299839
8,10,1,0.03125,0.005859375,0.0,116,SKQD,141,0.1376953125,5.817734987975016e-35,8.333333333333334,0.008138020833333334,True,4067299839
8,10,1,0.03125,0.005859375,0.0,116,SKQD,175,0.1708984375,5.817734987975016e-35,8.333333333333334,0.008138020833333334,True,4067299839
8,10,1,0.03125,0.005859375,0.0,116,SKQD,217,0.2119140625,5.817734987975016e-35,8.333333333333334,0.008138020833333334,True,4067299839
8,10,1,0.03125,0.005859375,0.0,116,SKQD,269,0.2626953125,5.817734987975016e-35,8.333333333333334,0.008138020833333334,True,4067299839
8,10,1,0.03125,0.005859375,0.0,116,SKQD,333,0.3251953125,5.817734987975016e-35,8.333333333333334,0.008138020833333334,True,4067299839
8,10,1,0.03125,0.005859375,0.0,116,SKQD,413,0.4033203125,5.817734987975016e-35,8.333333333333334,0.008138020833333334,True,4067299839
8,10,1,0.03125,0.005859375,0.0,116,SKQD,512,0.5,5.817734987975016e-35,8.333333333333334,0.008138020833333334,True,4067299839
8,10,1,0.03125,0.005859375,0.0,116,Ceiling,1,0.0009765625,0.5614725186048573,512.0,0.5,False,4067299839
8,10,1,0.03125,0.005859375,0.0,116,Ceiling,2,0.001953125,0.6934181990159487,512.0,0.5,False,4067299839
8,10,1,0.03125,0.005859375,0.0,116,Ceiling,3,0.0029296875,0.7913557249897505,512.0,0.5,False,4067299839
8,10,1,0.03125,0.005859375,0.0,116,Ceiling,4,0.00390625,0.8366133185101764,512.0,0.5,False,4067299839
8,10,1,0.03125,0.005859375,0.0,116,Ceiling,5,0.0048828125,0.8805114962778701,512.0,0.5,False,4067299839
8,10,1,0.03125,0.005859375,0.0,116,Ceiling,6,0.005859375,0.9107998960319412,512.0,0.5,False,4067299839
8,10,1,0.03125,0.005859375,0.0,116,Ceiling,7,0.0068359375,0.9338151515862143,512.0,0.5,False,4067299839
8,10,1,0.03125,0.005859375,0.0,116,Ceiling,9,0.0087890625,0.954766700442812,512.0,0.5,False,4067299839
8,10,1,0.03125,0.005859375,0.0,116,Ceiling,11,0.0107421875,0.9703181217090584,512.0,0.5,False,4067299839
8,10,1,0.03125,0.005859375,0.0,116,Ceiling,13,0.0126953125,0.9827190749543471,512.0,0.5,False,4067299839
8,10,1,0.03125,0.005859375,0.0,116,Ceiling,16,0.015625,0.9910669662073354,512.0,0.5,False,4067299839
8,10,1,0.03125,0.005859375,0.0,116,Ceiling,20,0.01953125,0.9967946150567092,512.0,0.5,False,4067299839
8,10,1,0.03125,0.005859375,0.0,116,Ceiling,25,0.0244140625,0.9993809583870291,512.0,0.5,False,4067299839
8,10,1,0.03125,0.005859375,0.0,116,Ceiling,31,0.0302734375,0.9999921757166971,512.0,0.5,False,4067299839
8,10,1,0.03125,0.005859375,0.0,116,Ceiling,39,0.0380859375,0.9999999999999998,512.0,0.5,False,4067299839
8,10,1,0.03125,0.005859375,0.0,116,Ceiling,48,0.046875,0.9999999999999998,512.0,0.5,False,4067299839
8,10,1,0.03125,0.005859375,0.0,116,Ceiling,60,0.05859375,0.9999999999999998,512.0,0.5,False,4067299839
8,10,1,0.03125,0.005859375,0.0,116,Ceiling,74,0.072265625,0.9999999999999998,512.0,0.5,False,4067299839
8,10,1,0.03125,0.005859375,0.0,116,Ceiling,92,0.08984375,0.9999999999999998,512.0,0.5,False,4067299839
8,10,1,0.03125,0.005859375,0.0,116,Ceiling,114,0.111328125,0.9999999999999998,512.0,0.5,False,4067299839
8,10,1,0.03125,0.005859375,0.0,116,Ceiling,141,0.1376953125,0.9999999999999998,512.0,0.5,False,4067299839
8,10,1,0.03125,0.005859375,0.0,116,Ceiling,175,0.1708984375,0.9999999999999998,512.0,0.5,False,4067299839
8,10,1,0.03125,0.005859375,0.0,116,Ceiling,217,0.2119140625,0.9999999999999998,512.0,0.5,False,4067299839
8,10,1,0.03125,0.005859375,0.0,116,Ceiling,269,0.2626953125,0.9999999999999998,512.0,0.5,False,4067299839
8,10,1,0.03125,0.005859375,0.0,116,Ceiling,333,0.3251953125,0.9999999999999998,512.0,0.5,False,4067299839
8,10,1,0.03125,0.005859375,0.0,116,Ceiling,413,0.4033203125,0.9999999999999998,512.0,0.5,False,4067299839
8,10,1,0.03125,0.005859375,0.0,116,Ceiling,512,0.5,0.9999999999999998,512.0,0.5,False,4067299839
8,10,2,0.076171875,0.009765625,0.05202422316792157,568,BARK,1,0.0009765625,0.05202422316792157,256.0,0.25,True,1458008542
8,10,2,0.076171875,0.009765625,0.05202422316792157,568,BARK,2,0.001953125,0.842056197180435,256.0,0.25,True,1458008542
8,10,2,0.076171875,0.009765625,0.05202422316792157,568,BARK,3,0.0029296875,0.9066088904589596,256.0,0.25,True,1458008542
8,10,2,0.076171875,0.009765625,0.05202422316792157,568,BARK,4,0.00390625,0.9110305431705746,256.0,0.25,True,1458008542
8,10,2,0.076171875,0.009765625,0.05202422316792157,568,BARK,5,0.0048828125,0.9111330181649278,256.0,0.25,True,1458008542
8,10,2,0.076171875,0.009765625,0.05202422316792157,568,BARK,6,0.005859375,0.9132428123016388,256.0,0.25,True,1458008542
8,10,2,0.076171875,0.009765625,0.05202422316792157,568,BARK,7,0.0068359375,0.9456393217215135,256.0,0.25,True,1458008542
8,10,2,0.076171875,0.009765625,0.05202422316792157,568,BARK,9,0.0087890625,0.9477948249087677,256.0,0.25,True,1458008542
8,10,2,0.076171875,0.009765625,0.05202422316792157,568,BARK,11,0.0107421875,0.9520970691441688,256.0,0.25,True,1458008542
8,10,2,0.076171875,0.009765625,0.05202422316792157,568,BARK,13,0.0126953125,0.9525198427876166,256.0,0.25,True,1458008542
8,10,2,0.076171875,0.009765625,0.05202422316792157,568,BARK,16,0.015625,0.9527788784110508,256.0,0.25,True,1458008542
8,10,2,0.076171875,0.009765625,0.05202422316792157,568,BARK,20,0.01953125,0.9546041315395647,256.0,0.25,True,1458008542
8,10,2,0.076171875,0.009765625,0.05202422316792157,568,BARK,25,0.0244140625,0.9548702076531285,256.0,0.25,True,1458008542
8,10,2,0.076171875,0.009765625,0.05202422316792157,568,BARK,31,0.0302734375,0.9554952952609946,256.0,0.25,True,1458008542
8,10,2,0.076171875,0.009765625,0.05202422316792157,568,BARK,39,0.0380859375,0.9873036099638881,256.0,0.25,True,1458008542
8,10,2,0.076171875,0.009765625,0.05202422316792157,568,BARK,48,0.046875,0.9985679939367049,256.0,0.25,True,1458008542
8,10,2,0.076171875,0.009765625,0.05202422316792157,568,BARK,60,0.05859375,0.9991989497332662,256.0,0.25,True,1458008542
8,10,2,0.076171875,0.009765625,0.05202422316792157,568,BARK,74,0.072265625,0.9993021921185781,256.0,0.25,True,1458008542
8,10,2,0.076171875,0.009765625,0.05202422316792157,568,BARK,92,0.08984375,0.9993135306295796,256.0,0.25,True,1458008542
8,10,2,0.076171875,0.009765625,0.05202422316792157,568,BARK,114,0.111328125,0.9999706661782697,256.0,0.25,True,1458008542
8,10,2,0.076171875,0.009765625,0.05202422316792157,568,BARK,141,0.1376953125,0.9999921365321017,256.0,0.25,True,1458008542
8,10,2,0.076171875,0.009765625,0.05202422316792157,568,BARK,175,0.1708984375,0.9999982729248268,256.0,0.25,True,1458008542
8,10,2,0.076171875,0.009765625,0.05202422316792157,568,BARK,217,0.2119140625,0.9999998544159265,256.0,0.25,True,1458008542
8,10,2,0.076171875,0.009765625,0.05202422316792157,568,BARK,269,0.2626953125,0.9999999999999996,256.0,0.25,True,1458008542
8,10,2,0.076171875,0.009765625,0.05202422316792157,568,BARK,333,0.3251953125,0.9999999999999996,256.0,0.25,True,1458008542
8,10,2,0.076171875,0.009765625,0.05202422316792157,568,BARK,413,0.4033203125,0.9999999999999996,256.0,0.25,True,1458008542
8,10,2,0.076171875,0.009765625,0.05202422316792157,568,BARK,512,0.5,0.9999999999999996,256.0,0.25,True,1458008542
8,10,2,0.076171875,0.009765625,0.05202422316792157,568,Simplified BARK,1,0.0009765625,0.05202422316792157,256.0,0.25,True,1458008542
8,10,2,0.076171875,0.009765625,0.05202422316792157,568,Simplified BARK,2,0.001953125,0.056285676287716795,256.0,0.25,True,1458008542
8,10,2,0.076171875,0.009765625,0.05202422316792157,568,Simplified BARK,3,0.0029296875,0.845222982524898,256.0,0.25,True,1458008542
8,10,2,0.076171875,0.009765625,0.05202422316792157,568,Simplified BARK,4,0.00390625,0.9110305431705744,256.0,0.25,True,1458008542
8,10,2,0.076171875,0.009765625,0.05202422316792157,568,Simplified BARK,5,0.0048828125,0.9424249832134275,256.0,0.25,True,1458008542
8,10,2,0.076171875,0.009765625,0.05202422316792157,568,Simplified BARK,6,0.005859375,0.9454726447714366,256.0,0.25,True,1458008542
8,10,2,0.076171875,0.009765625,0.05202422316792157,568,Simplified BARK,7,0.0068359375,0.947587435471155,256.0,0.25,True,1458008542
8,10,2,0.076171875,0.009765625,0.05202422316792157,568,Simplified BARK,9,0.0087890625,0.9485060825687857,256.0,0.25,True,1458008542
8,10,2,0.076171875,0.009765625,0.05202422316792157,568,Simplified BARK,11,0.0107421875,0.948630415005686,256.0,0.25,True,1458008542
8,10,2,0.076171875,0.009765625,0.05202422316792157,568,Simplified BARK,13,0.0126953125,0.9494224318141913,256.0,0.25,True,1458008542
8,10,2,0.076171875,0.009765625,0.05202422316792157,568,Simplified BARK,16,0.015625,0.9804214030497945,256.0,0.25,True,1458008542
8,10,2,0.076171875,0.009765625,0.05202422316792157,568,Simplified BARK,20,0.01953125,0.9808073769904598,256.0,0.25,True,1458008542
8,10,2,0.076171875,0.009765625,0.05202422316792157,568,Simplified BARK,25,0.0244140625,0.991581633445055,256.0,0.25,True,1458008542
8,10,2,0.076171875,0.009765625,0.05202422316792157,568,Simplified BARK,31,0.0302734375,0.9919881042809802,256.0,0.25,True,1458008542
8,10,2,0.076171875,0.009765625,0.05202422316792157,568,Simplified BARK,39,0.0380859375,0.9938066774399429,256.0,0.25,True,1458008542
8,10,2,0.076171875,0.009765625,0.05202422316792157,568,Simplified BARK,48,0.046875,0.99461139015616,256.0,0.25,True,1458008542
8,10,2,0.076171875,0.009765625,0.05202422316792157,568,Simplified BARK,60,0.05859375,0.9947557914027902,256.0,0.25,True,1458008542
8,10,2,0.076171875,0.009765625,0.05202422316792157,568,Simplified BARK,74,0.072265625,0.9986360923192954,256.0,0.25,True,1458008542
8,10,2,0.076171875,0.009765625,0.05202422316792157,568,Simplified BARK,92,0.08984375,0.9991400946909837,256.0,0.25,True,1458008542
8,10,2,0.076171875,0.009765625,0.05202422316792157,568,Simplified BARK,114,0.111328125,0.9992084918170002,256.0,0.25,True,1458008542
8,10,2,0.076171875,0.009765625,0.05202422316792157,568,Simplified BARK,141,0.1376953125,0.9996306162518096,256.0,0.25,True,1458008542
8,10,2,0.076171875,0.009765625,0.05202422316792157,568,Simplified BARK,175,0.1708984375,0.9996560521289779,256.0,0.25,True,1458008542
8,10,2,0.076171875,0.009765625,0.05202422316792157,568,Simplified BARK,217,0.2119140625,0.999998230735924,256.0,0.25,True,1458008542
8,10,2,0.076171875,0.009765625,0.05202422316792157,568,Simplified BARK,269,0.2626953125,0.9999999999999998,256.0,0.25,True,1458008542
8,10,2,0.076171875,0.009765625,0.05202422316792157,568,Simplified BARK,333,0.3251953125,0.9999999999999998,256.0,0.25,True,1458008542
8,10,2,0.076171875,0.009765625,0.05202422316792157,568,Simplified BARK,413,0.4033203125,0.9999999999999998,256.0,0.25,True,1458008542
8,10,2,0.076171875,0.009765625,0.05202422316792157,568,Simplified BARK,512,0.5,0.9999999999999998,256.0,0.25,True,1458008542
8,10,2,0.076171875,0.009765625,0.05202422316792157,568,SKQD,1,0.0009765625,0.05202422316792157,42.333333333333336,0.041341145833333336,True,1458008542
8,10,2,0.076171875,0.009765625,0.05202422316792157,568,SKQD,2,0.001953125,0.05202422316792157,42.333333333333336,0.041341145833333336,True,1458008542
8,10,2,0.076171875,0.009765625,0.05202422316792157,568,SKQD,3,0.0029296875,0.05202422316792157,42.333333333333336,0.041341145833333336,True,1458008542
8,10,2,0.076171875,0.009765625,0.05202422316792157,568,SKQD,4,0.00390625,0.05202422316792157,42.333333333333336,0.041341145833333336,True,1458008542
8,10,2,0.076171875,0.009765625,0.05202422316792157,568,SKQD,5,0.0048828125,0.05202422316792157,42.333333333333336,0.041341145833333336,True,1458008542
8,10,2,0.076171875,0.009765625,0.05202422316792157,568,SKQD,6,0.005859375,0.05202422316792157,42.333333333333336,0.041341145833333336,True,1458008542
8,10,2,0.076171875,0.009765625,0.05202422316792157,568,SKQD,7,0.0068359375,0.05202422316792157,42.333333333333336,0.041341145833333336,True,1458008542
8,10,2,0.076171875,0.009765625,0.05202422316792157,568,SKQD,9,0.0087890625,0.05202422316792157,42.333333333333336,0.041341145833333336,True,1458008542
8,10,2,0.076171875,0.009765625,0.05202422316792157,568,SKQD,11,0.0107421875,0.6667262305259616,42.333333333333336,0.041341145833333336,True,1458008542
8,10,2,0.076171875,0.009765625,0.05202422316792157,568,SKQD,13,0.0126953125,0.9653184491373835,42.333333333333336,0.041341145833333336,True,1458008542
8,10,2,0.076171875,0.009765625,0.05202422316792157,568,SKQD,16,0.015625,0.965948035403183,42.333333333333336,0.041341145833333336,True,1458008542
8,10,2,0.076171875,0.009765625,0.05202422316792157,568,SKQD,20,0.01953125,0.9676659924842174,42.333333333333336,0.041341145833333336,True,1458008542
8,10,2,0.076171875,0.009765625,0.05202422316792157,568,SKQD,25,0.0244140625,0.981824390365396,42.333333333333336,0.041341145833333336,True,1458008542
8,10,2,0.076171875,0.009765625,0.05202422316792157,568,SKQD,31,0.0302734375,0.9844550127153274,42.333333333333336,0.041341145833333336,True,1458008542
8,10,2,0.076171875,0.009765625,0.05202422316792157,568,SKQD,39,0.0380859375,0.9878309999145994,42.333333333333336,0.041341145833333336,True,1458008542
8,10,2,0.076171875,0.009765625,0.05202422316792157,568,SKQD,48,0.046875,0.9889545449710994,42.333333333333336,0.041341145833333336,True,1458008542
8,10,2,0.076171875,0.009765625,0.05202422316792157,568,SKQD,60,0.05859375,0.9890293679637997,42.333333333333336,0.041341145833333336,True,1458008542
8,10,2,0.076171875,0.009765625,0.05202422316792157,568,SKQD,74,0.072265625,0.9890293679637997,42.333333333333336,0.041341145833333336,True,1458008542
8,10,2,0.076171875,0.009765625,0.05202422316792157,568,SKQD,92,0.08984375,0.9890293679637997,42.333333333333336,0.041341145833333336,True,1458008542
8,10,2,0.076171875,0.009765625,0.05202422316792157,568,SKQD,114,0.111328125,0.9890293679637997,42.333333333333336,0.041341145833333336,True,1458008542
8,10,2,0.076171875,0.009765625,0.05202422316792157,568,SKQD,141,0.1376953125,0.9890293679637997,42.333333333333336,0.041341145833333336,True,1458008542
8,10,2,0.076171875,0.009765625,0.05202422316792157,568,SKQD,175,0.1708984375,0.9890293679637997,42.333333333333336,0.041341145833333336,True,1458008542
8,10,2,0.076171875,0.009765625,0.05202422316792157,568,SKQD,217,0.2119140625,0.9890293679637997,42.333333333333336,0.041341145833333336,True,1458008542
8,10,2,0.076171875,0.009765625,0.05202422316792157,568,SKQD,269,0.2626953125,0.9890293679637997,42.333333333333336,0.041341145833333336,True,1458008542
8,10,2,0.076171875,0.009765625,0.05202422316792157,568,SKQD,333,0.3251953125,0.9890293679637997,42.333333333333336,0.041341145833333336,True,1458008542
8,10,2,0.076171875,0.009765625,0.05202422316792157,568,SKQD,413,0.4033203125,0.9890293679637997,42.333333333333336,0.041341145833333336,True,1458008542
8,10,2,0.076171875,0.009765625,0.05202422316792157,568,SKQD,512,0.5,0.9890293679637997,42.333333333333336,0.041341145833333336,True,1458008542
8,10,2,0.076171875,0.009765625,0.05202422316792157,568,Ceiling,1,0.0009765625,0.7901646460576011,512.0,0.5,False,1458008542
8,10,2,0.076171875,0.009765625,0.05202422316792157,568,Ceiling,2,0.001953125,0.8549053499358372,512.0,0.5,False,1458008542
8,10,2,0.076171875,0.009765625,0.05202422316792157,568,Ceiling,3,0.0029296875,0.9069295731037588,512.0,0.5,False,1458008542
8,10,2,0.076171875,0.009765625,0.05202422316792157,568,Ceiling,4,0.00390625,0.9388030642008764,512.0,0.5,False,1458008542
8,10,2,0.076171875,0.009765625,0.05202422316792157,568,Ceiling,5,0.0048828125,0.9669331616584339,512.0,0.5,False,1458008542
8,10,2,0.076171875,0.009765625,0.05202422316792157,568,Ceiling,6,0.005859375,0.9768014233680837,512.0,0.5,False,1458008542
8,10,2,0.076171875,0.009765625,0.05202422316792157,568,Ceiling,7,0.0068359375,0.9810639931681393,512.0,0.5,False,1458008542
8,10,2,0.076171875,0.009765625,0.05202422316792157,568,Ceiling,9,0.0087890625,0.9872564973895198,512.0,0.5,False,1458008542
8,10,2,0.076171875,0.009765625,0.05202422316792157,568,Ceiling,11,0.0107421875,0.99165814919146,512.0,0.5,False,1458008542
8,10,2,0.076171875,0.009765625,0.05202422316792157,568,Ceiling,13,0.0126953125,0.9945763403146249,512.0,0.5,False,1458008542
8,10,2,0.076171875,0.009765625,0.05202422316792157,568,Ceiling,16,0.015625,0.996611237460907,512.0,0.5,False,1458008542
8,10,2,0.076171875,0.009765625,0.05202422316792157,568,Ceiling,20,0.01953125,0.9980017738617476,512.0,0.5,False,1458008542
8,10,2,0.076171875,0.009765625,0.05202422316792157,568,Ceiling,25,0.0244140625,0.9988168033595635,512.0,0.5,False,1458008542
8,10,2,0.076171875,0.009765625,0.05202422316792157,568,Ceiling,31,0.0302734375,0.9993685282212017,512.0,0.5,False,1458008542
8,10,2,0.076171875,0.009765625,0.05202422316792157,568,Ceiling,39,0.0380859375,0.9997048724101099,512.0,0.5,False,1458008542
8,10,2,0.076171875,0.009765625,0.05202422316792157,568,Ceiling,48,0.046875,0.9998443160109319,512.0,0.5,False,1458008542
8,10,2,0.076171875,0.009765625,0.05202422316792157,568,Ceiling,60,0.05859375,0.9999301897795119,512.0,0.5,False,1458008542
8,10,2,0.076171875,0.009765625,0.05202422316792157,568,Ceiling,74,0.072265625,0.9999770928066094,512.0,0.5,False,1458008542
8,10,2,0.076171875,0.009765625,0.05202422316792157,568,Ceiling,92,0.08984375,0.9999910437708515,512.0,0.5,False,1458008542
8,10,2,0.076171875,0.009765625,0.05202422316792157,568,Ceiling,114,0.111328125,0.9999968300601673,512.0,0.5,False,1458008542
8,10,2,0.076171875,0.009765625,0.05202422316792157,568,Ceiling,141,0.1376953125,0.9999991379272384,512.0,0.5,False,1458008542
8,10,2,0.076171875,0.009765625,0.05202422316792157,568,Ceiling,175,0.1708984375,0.9999998382420605,512.0,0.5,False,1458008542
8,10,2,0.076171875,0.009765625,0.05202422316792157,568,Ceiling,217,0.2119140625,0.9999999872296553,512.0,0.5,False,1458008542
8,10,2,0.076171875,0.009765625,0.05202422316792157,568,Ceiling,269,0.2626953125,0.9999999999999987,512.0,0.5,False,1458008542
8,10,2,0.076171875,0.009765625,0.05202422316792157,568,Ceiling,333,0.3251953125,0.9999999999999987,512.0,0.5,False,1458008542
8,10,2,0.076171875,0.009765625,0.05202422316792157,568,Ceiling,413,0.4033203125,0.9999999999999987,512.0,0.5,False,1458008542
8,10,2,0.076171875,0.009765625,0.05202422316792157,568,Ceiling,512,0.5,0.9999999999999987,512.0,0.5,False,1458008542
8,10,2,0.076171875,0.009765625,0.06474070387823619,649,BARK,1,0.0009765625,0.06474070387823619,256.0,0.25,True,1458008542
8,10,2,0.076171875,0.009765625,0.06474070387823619,649,BARK,2,0.001953125,0.8548884034627229,256.0,0.25,True,1458008542
8,10,2,0.076171875,0.009765625,0.06474070387823619,649,BARK,3,0.0029296875,0.9066088904589596,256.0,0.25,True,1458008542
8,10,2,0.076171875,0.009765625,0.06474070387823619,649,BARK,4,0.00390625,0.9110305431705744,256.0,0.25,True,1458008542
8,10,2,0.076171875,0.009765625,0.06474070387823619,649,BARK,5,0.0048828125,0.9111330181649278,256.0,0.25,True,1458008542
8,10,2,0.076171875,0.009765625,0.06474070387823619,649,BARK,6,0.005859375,0.9132428123016384,256.0,0.25,True,1458008542
8,10,2,0.076171875,0.009765625,0.06474070387823619,649,BARK,7,0.0068359375,0.9456393217215138,256.0,0.25,True,1458008542
8,10,2,0.076171875,0.009765625,0.06474070387823619,649,BARK,9,0.0087890625,0.9477948249087679,256.0,0.25,True,1458008542
8,10,2,0.076171875,0.009765625,0.06474070387823619,649,BARK,11,0.0107421875,0.9520970691441681,256.0,0.25,True,1458008542
8,10,2,0.076171875,0.009765625,0.06474070387823619,649,BARK,13,0.0126953125,0.9525198427876158,256.0,0.25,True,1458008542
8,10,2,0.076171875,0.009765625,0.06474070387823619,649,BARK,16,0.015625,0.9527788784110512,256.0,0.25,True,1458008542
8,10,2,0.076171875,0.009765625,0.06474070387823619,649,BARK,20,0.01953125,0.9546041315395651,256.0,0.25,True,1458008542
8,10,2,0.076171875,0.009765625,0.06474070387823619,649,BARK,25,0.0244140625,0.9548702076531274,256.0,0.25,True,1458008542
8,10,2,0.076171875,0.009765625,0.06474070387823619,649,BARK,31,0.0302734375,0.9554952952609946,256.0,0.25,True,1458008542
8,10,2,0.076171875,0.009765625,0.06474070387823619,649,BARK,39,0.0380859375,0.9873036099638877,256.0,0.25,True,1458008542
8,10,2,0.076171875,0.009765625,0.06474070387823619,649,BARK,48,0.046875,0.9985679939367043,256.0,0.25,True,1458008542
8,10,2,0.076171875,0.009765625,0.06474070387823619,649,BARK,60,0.05859375,0.9991989497332666,256.0,0.25,True,1458008542
8,10,2,0.076171875,0.009765625,0.06474070387823619,649,BARK,74,0.072265625,0.9993021921185781,256.0,0.25,True,1458008542
8,10,2,0.076171875,0.009765625,0.06474070387823619,649,BARK,92,0.08984375,0.999313530629579,256.0,0.25,True,1458008542
8,10,2,0.076171875,0.009765625,0.06474070387823619,649,BARK,114,0.111328125,0.999970666178269,256.0,0.25,True,1458008542
8,10,2,0.076171875,0.009765625,0.06474070387823619,649,BARK,141,0.1376953125,0.9999921365320997,256.0,0.25,True,1458008542
8,10,2,0.076171875,0.009765625,0.06474070387823619,649,BARK,175,0.1708984375,0.9999982729248268,256.0,0.25,True,1458008542
8,10,2,0.076171875,0.009765625,0.06474070387823619,649,BARK,217,0.2119140625,0.9999998544159263,256.0,0.25,True,1458008542
8,10,2,0.076171875,0.009765625,0.06474070387823619,649,BARK,269,0.2626953125,0.9999999999999996,256.0,0.25,True,1458008542
8,10,2,0.076171875,0.009765625,0.06474070387823619,649,BARK,333,0.3251953125,0.9999999999999996,256.0,0.25,True,1458008542
8,10,2,0.076171875,0.009765625,0.06474070387823619,649,BARK,413,0.4033203125,0.9999999999999996,256.0,0.25,True,1458008542
8,10,2,0.076171875,0.009765625,0.06474070387823619,649,BARK,512,0.5,0.9999999999999996,256.0,0.25,True,1458008542
8,10,2,0.076171875,0.009765625,0.06474070387823619,649,Simplified BARK,1,0.0009765625,0.06474070387823619,256.0,0.25,True,1458008542
8,10,2,0.076171875,0.009765625,0.06474070387823619,649,Simplified BARK,2,0.001953125,0.8548884034627229,256.0,0.25,True,1458008542
8,10,2,0.076171875,0.009765625,0.06474070387823619,649,Simplified BARK,3,0.0029296875,0.9066088904589596,256.0,0.25,True,1458008542
8,10,2,0.076171875,0.009765625,0.06474070387823619,649,Simplified BARK,4,0.00390625,0.9110305431705744,256.0,0.25,True,1458008542
8,10,2,0.076171875,0.009765625,0.06474070387823619,649,Simplified BARK,5,0.0048828125,0.9424249832134275,256.0,0.25,True,1458008542
8,10,2,0.076171875,0.009765625,0.06474070387823619,649,Simplified BARK,6,0.005859375,0.9454726447714364,256.0,0.25,True,1458008542
8,10,2,0.076171875,0.009765625,0.06474070387823619,649,Simplified BARK,7,0.0068359375,0.947587435471155,256.0,0.25,True,1458008542
8,10,2,0.076171875,0.009765625,0.06474070387823619,649,Simplified BARK,9,0.0087890625,0.9485060825687851,256.0,0.25,True,1458008542
8,10,2,0.076171875,0.009765625,0.06474070387823619,649,Simplified BARK,11,0.0107421875,0.9486304150056856,256.0,0.25,True,1458008542
8,10,2,0.076171875,0.009765625,0.06474070387823619,649,Simplified BARK,13,0.0126953125,0.9494224318141911,256.0,0.25,True,1458008542
8,10,2,0.076171875,0.009765625,0.06474070387823619,649,Simplified BARK,16,0.015625,0.9804214030497949,256.0,0.25,True,1458008542
8,10,2,0.076171875,0.009765625,0.06474070387823619,649,Simplified BARK,20,0.01953125,0.9808073769904593,256.0,0.25,True,1458008542
8,10,2,0.076171875,0.009765625,0.06474070387823619,649,Simplified BARK,25,0.0244140625,0.991581633445055,256.0,0.25,True,1458008542
8,10,2,0.076171875,0.009765625,0.06474070387823619,649,Simplified BARK,31,0.0302734375,0.9919881042809806,256.0,0.25,True,1458008542
8,10,2,0.076171875,0.009765625,0.06474070387823619,649,Simplified BARK,39,0.0380859375,0.9938066774399428,256.0,0.25,True,1458008542
8,10,2,0.076171875,0.009765625,0.06474070387823619,649,Simplified BARK,48,0.046875,0.9946113901561604,256.0,0.25,True,1458008542
8,10,2,0.076171875,0.009765625,0.06474070387823619,649,Simplified BARK,60,0.05859375,0.99475579140279,256.0,0.25,True,1458008542
8,10,2,0.076171875,0.009765625,0.06474070387823619,649,Simplified BARK,74,0.072265625,0.9986360923192965,256.0,0.25,True,1458008542
8,10,2,0.076171875,0.009765625,0.06474070387823619,649,Simplified BARK,92,0.08984375,0.9991400946909849,256.0,0.25,True,1458008542
8,10,2,0.076171875,0.009765625,0.06474070387823619,649,Simplified BARK,114,0.111328125,0.9992084918170011,256.0,0.25,True,1458008542
8,10,2,0.076171875,0.009765625,0.06474070387823619,649,Simplified BARK,141,0.1376953125,0.9996306162518096,256.0,0.25,True,1458008542
8,10,2,0.076171875,0.009765625,0.06474070387823619,649,Simplified BARK,175,0.1708984375,0.9996560521289781,256.0,0.25,True,1458008542
8,10,2,0.076171875,0.009765625,0.06474070387823619,649,Simplified BARK,217,0.2119140625,0.9999982307359242,256.0,0.25,True,1458008542
8,10,2,0.076171875,0.009765625,0.06474070387823619,649,Simplified BARK,269,0.2626953125,0.9999999999999991,256.0,0.25,True,1458008542
8,10,2,0.076171875,0.009765625,0.06474070387823619,649,Simplified BARK,333,0.3251953125,0.9999999999999991,256.0,0.25,True,1458008542
8,10,2,0.076171875,0.009765625,0.06474070387823619,649,Simplified BARK,413,0.4033203125,0.9999999999999991,256.0,0.25,True,1458008542
8,10,2,0.076171875,0.009765625,0.06474070387823619,649,Simplified BARK,512,0.5,0.9999999999999991,256.0,0.25,True,1458008542
8,10,2,0.076171875,0.009765625,0.06474070387823619,649,SKQD,1,0.0009765625,0.06474070387823619,34.666666666666664,0.033854166666666664,True,1458008542
8,10,2,0.076171875,0.009765625,0.06474070387823619,649,SKQD,2,0.001953125,0.06474070387823619,34.666666666666664,0.033854166666666664,True,1458008542
8,10,2,0.076171875,0.009765625,0.06474070387823619,649,SKQD,3,0.0029296875,0.06474070387823619,34.666666666666664,0.033854166666666664,True,1458008542
8,10,2,0.076171875,0.009765625,0.06474070387823619,649,SKQD,4,0.00390625,0.08217653745420524,34.666666666666664,0.033854166666666664,True,1458008542
8,10,2,0.076171875,0.009765625,0.06474070387823619,649,SKQD,5,0.0048828125,0.6129978142211185,34.666666666666664,0.033854166666666664,True,1458008542
8,10,2,0.076171875,0.009765625,0.06474070387823619,649,SKQD,6,0.005859375,0.6129978142211185,34.666666666666664,0.033854166666666664,True,1458008542
8,10,2,0.076171875,0.009765625,0.06474070387823619,649,SKQD,7,0.0068359375,0.6129978142211185,34.666666666666664,0.033854166666666664,True,1458008542
8,10,2,0.076171875,0.009765625,0.06474070387823619,649,SKQD,9,0.0087890625,0.8842123172159978,34.666666666666664,0.033854166666666664,True,1458008542
8,10,2,0.076171875,0.009765625,0.06474070387823619,649,SKQD,11,0.0107421875,0.912569478056413,34.666666666666664,0.033854166666666664,True,1458008542
8,10,2,0.076171875,0.009765625,0.06474070387823619,649,SKQD,13,0.0126953125,0.9602194482805199,34.666666666666664,0.033854166666666664,True,1458008542
8,10,2,0.076171875,0.009765625,0.06474070387823619,649,SKQD,16,0.015625,0.9710704199477629,34.666666666666664,0.033854166666666664,True,1458008542
8,10,2,0.076171875,0.009765625,0.06474070387823619,649,SKQD,20,0.01953125,0.9735440788714982,34.666666666666664,0.033854166666666664,True,1458008542
8,10,2,0.076171875,0.009765625,0.06474070387823619,649,SKQD,25,0.0244140625,0.9872168211669664,34.666666666666664,0.033854166666666664,True,1458008542
8,10,2,0.076171875,0.009765625,0.06474070387823619,649,SKQD,31,0.0302734375,0.9901405402277664,34.666666666666664,0.033854166666666664,True,1458008542
8,10,2,0.076171875,0.009765625,0.06474070387823619,649,SKQD,39,0.0380859375,0.9940151735154066,34.666666666666664,0.033854166666666664,True,1458008542
8,10,2,0.076171875,0.009765625,0.06474070387823619,649,SKQD,48,0.046875,0.9940151735154066,34.666666666666664,0.033854166666666664,True,1458008542
8,10,2,0.076171875,0.009765625,0.06474070387823619,649,SKQD,60,0.05859375,0.9940151735154066,34.666666666666664,0.033854166666666664,True,1458008542
8,10,2,0.076171875,0.009765625,0.06474070387823619,649,SKQD,74,0.072265625,0.9940151735154066,34.666666666666664,0.033854166666666664,True,1458008542
8,10,2,0.076171875,0.009765625,0.06474070387823619,649,SKQD,92,0.08984375,0.9940151735154066,34.666666666666664,0.033854166666666664,True,1458008542
8,10,2,0.076171875,0.009765625,0.06474070387823619,649,SKQD,114,0.111328125,0.9940151735154066,34.666666666666664,0.033854166666666664,True,1458008542
8,10,2,0.076171875,0.009765625,0.06474070387823619,649,SKQD,141,0.1376953125,0.9940151735154066,34.666666666666664,0.033854166666666664,True,1458008542
8,10,2,0.076171875,0.009765625,0.06474070387823619,649,SKQD,175,0.1708984375,0.9940151735154066,34.666666666666664,0.033854166666666664,True,1458008542
8,10,2,0.076171875,0.009765625,0.06474070387823619,649,SKQD,217,0.2119140625,0.9940151735154066,34.666666666666664,0.033854166666666664,True,1458008542
8,10,2,0.076171875,0.009765625,0.06474070387823619,649,SKQD,269,0.2626953125,0.9940151735154066,34.666666666666664,0.033854166666666664,True,1458008542
8,10,2,0.076171875,0.009765625,0.06474070387823619,649,SKQD,333,0.3251953125,0.9940151735154066,34.666666666666664,0.033854166666666664,True,1458008542
8,10,2,0.076171875,0.009765625,0.06474070387823619,649,SKQD,413,0.4033203125,0.9940151735154066,34.666666666666664,0.033854166666666664,True,1458008542
8,10,2,0.076171875,0.009765625,0.06474070387823619,649,SKQD,512,0.5,0.9940151735154066,34.666666666666664,0.033854166666666664,True,1458008542
8,10,2,0.076171875,0.009765625,0.06474070387823619,649,Ceiling,1,0.0009765625,0.7901646460576011,512.0,0.5,False,1458008542
8,10,2,0.076171875,0.009765625,0.06474070387823619,649,Ceiling,2,0.001953125,0.8549053499358372,512.0,0.5,False,1458008542
8,10,2,0.076171875,0.009765625,0.06474070387823619,649,Ceiling,3,0.0029296875,0.9069295731037588,512.0,0.5,False,1458008542
8,10,2,0.076171875,0.009765625,0.06474070387823619,649,Ceiling,4,0.00390625,0.9388030642008764,512.0,0.5,False,1458008542
8,10,2,0.076171875,0.009765625,0.06474070387823619,649,Ceiling,5,0.0048828125,0.9669331616584339,512.0,0.5,False,1458008542
8,10,2,0.076171875,0.009765625,0.06474070387823619,649,Ceiling,6,0.005859375,0.9768014233680837,512.0,0.5,False,1458008542
8,10,2,0.076171875,0.009765625,0.06474070387823619,649,Ceiling,7,0.0068359375,0.9810639931681393,512.0,0.5,False,1458008542
8,10,2,0.076171875,0.009765625,0.06474070387823619,649,Ceiling,9,0.0087890625,0.9872564973895198,512.0,0.5,False,1458008542
8,10,2,0.076171875,0.009765625,0.06474070387823619,649,Ceiling,11,0.0107421875,0.99165814919146,512.0,0.5,False,1458008542
8,10,2,0.076171875,0.009765625,0.06474070387823619,649,Ceiling,13,0.0126953125,0.9945763403146249,512.0,0.5,False,1458008542
8,10,2,0.076171875,0.009765625,0.06474070387823619,649,Ceiling,16,0.015625,0.996611237460907,512.0,0.5,False,1458008542
8,10,2,0.076171875,0.009765625,0.06474070387823619,649,Ceiling,20,0.01953125,0.9980017738617476,512.0,0.5,False,1458008542
8,10,2,0.076171875,0.009765625,0.06474070387823619,649,Ceiling,25,0.0244140625,0.9988168033595635,512.0,0.5,False,1458008542
8,10,2,0.076171875,0.009765625,0.06474070387823619,649,Ceiling,31,0.0302734375,0.9993685282212017,512.0,0.5,False,1458008542
8,10,2,0.076171875,0.009765625,0.06474070387823619,649,Ceiling,39,0.0380859375,0.9997048724101099,512.0,0.5,False,1458008542
8,10,2,0.076171875,0.009765625,0.06474070387823619,649,Ceiling,48,0.046875,0.9998443160109319,512.0,0.5,False,1458008542
8,10,2,0.076171875,0.009765625,0.06474070387823619,649,Ceiling,60,0.05859375,0.9999301897795119,512.0,0.5,False,1458008542
8,10,2,0.076171875,0.009765625,0.06474070387823619,649,Ceiling,74,0.072265625,0.9999770928066094,512.0,0.5,False,1458008542
8,10,2,0.076171875,0.009765625,0.06474070387823619,649,Ceiling,92,0.08984375,0.9999910437708515,512.0,0.5,False,1458008542
8,10,2,0.076171875,0.009765625,0.06474070387823619,649,Ceiling,114,0.111328125,0.9999968300601673,512.0,0.5,False,1458008542
8,10,2,0.076171875,0.009765625,0.06474070387823619,649,Ceiling,141,0.1376953125,0.9999991379272384,512.0,0.5,False,1458008542
8,10,2,0.076171875,0.009765625,0.06474070387823619,649,Ceiling,175,0.1708984375,0.9999998382420605,512.0,0.5,False,1458008542
8,10,2,0.076171875,0.009765625,0.06474070387823619,649,Ceiling,217,0.2119140625,0.9999999872296553,512.0,0.5,False,1458008542
8,10,2,0.076171875,0.009765625,0.06474070387823619,649,Ceiling,269,0.2626953125,0.9999999999999987,512.0,0.5,False,1458008542
8,10,2,0.076171875,0.009765625,0.06474070387823619,649,Ceiling,333,0.3251953125,0.9999999999999987,512.0,0.5,False,1458008542
8,10,2,0.076171875,0.009765625,0.06474070387823619,649,Ceiling,413,0.4033203125,0.9999999999999987,512.0,0.5,False,1458008542
8,10,2,0.076171875,0.009765625,0.06474070387823619,649,Ceiling,512,0.5,0.9999999999999987,512.0,0.5,False,1458008542
8,10,2,0.076171875,0.009765625,0.7901646460576011,537,BARK,1,0.0009765625,0.7901646460576011,256.0,0.25,True,1458008542
8,10,2,0.076171875,0.009765625,0.7901646460576011,537,BARK,2,0.001953125,0.8548884034627231,256.0,0.25,True,1458008542
8,10,2,0.076171875,0.009765625,0.7901646460576011,537,BARK,3,0.0029296875,0.8582226590204234,256.0,0.25,True,1458008542
8,10,2,0.076171875,0.009765625,0.7901646460576011,537,BARK,4,0.00390625,0.9110305431705746,256.0,0.25,True,1458008542
8,10,2,0.076171875,0.009765625,0.7901646460576011,537,BARK,5,0.0048828125,0.9125802650852224,256.0,0.25,True,1458008542
8,10,2,0.076171875,0.009765625,0.7901646460576011,537,BARK,6,0.005859375,0.9446307856794077,256.0,0.25,True,1458008542
8,10,2,0.076171875,0.009765625,0.7901646460576011,537,BARK,7,0.0068359375,0.947587435471155,256.0,0.25,True,1458008542
8,10,2,0.076171875,0.009765625,0.7901646460576011,537,BARK,9,0.0087890625,0.9477598171075796,256.0,0.25,True,1458008542
8,10,2,0.076171875,0.009765625,0.7901646460576011,537,BARK,11,0.0107421875,0.9485832320452439,256.0,0.25,True,1458008542
8,10,2,0.076171875,0.009765625,0.7901646460576011,537,BARK,13,0.0126953125,0.9524764308662012,256.0,0.25,True,1458008542
8,10,2,0.076171875,0.009765625,0.7901646460576011,537,BARK,16,0.015625,0.9527788784110512,256.0,0.25,True,1458008542
8,10,2,0.076171875,0.009765625,0.7901646460576011,537,BARK,20,0.01953125,0.9529160805187098,256.0,0.25,True,1458008542
8,10,2,0.076171875,0.009765625,0.7901646460576011,537,BARK,25,0.0244140625,0.9547895430460075,256.0,0.25,True,1458008542
8,10,2,0.076171875,0.009765625,0.7901646460576011,537,BARK,31,0.0302734375,0.9871101538550857,256.0,0.25,True,1458008542
8,10,2,0.076171875,0.009765625,0.7901646460576011,537,BARK,39,0.0380859375,0.988103420622396,256.0,0.25,True,1458008542
8,10,2,0.076171875,0.009765625,0.7901646460576011,537,BARK,48,0.046875,0.9990312106126704,256.0,0.25,True,1458008542
8,10,2,0.076171875,0.009765625,0.7901646460576011,537,BARK,60,0.05859375,0.9991135460287844,256.0,0.25,True,1458008542
8,10,2,0.076171875,0.009765625,0.7901646460576011,537,BARK,74,0.072265625,0.9992973350047976,256.0,0.25,True,1458008542
8,10,2,0.076171875,0.009765625,0.7901646460576011,537,BARK,92,0.08984375,0.9998187469096991,256.0,0.25,True,1458008542
8,10,2,0.076171875,0.009765625,0.7901646460576011,537,BARK,114,0.111328125,0.9999658013636123,256.0,0.25,True,1458008542
8,10,2,0.076171875,0.009765625,0.7901646460576011,537,BARK,141,0.1376953125,0.999984610466652,256.0,0.25,True,1458008542
8,10,2,0.076171875,0.009765625,0.7901646460576011,537,BARK,175,0.1708984375,0.9999938529621842,256.0,0.25,True,1458008542
8,10,2,0.076171875,0.009765625,0.7901646460576011,537,BARK,217,0.2119140625,0.9999999001254112,256.0,0.25,True,1458008542
8,10,2,0.076171875,0.009765625,0.7901646460576011,537,BARK,269,0.2626953125,0.9999999999999996,256.0,0.25,True,1458008542
8,10,2,0.076171875,0.009765625,0.7901646460576011,537,BARK,333,0.3251953125,0.9999999999999996,256.0,0.25,True,1458008542
8,10,2,0.076171875,0.009765625,0.7901646460576011,537,BARK,413,0.4033203125,0.9999999999999996,256.0,0.25,True,1458008542
8,10,2,0.076171875,0.009765625,0.7901646460576011,537,BARK,512,0.5,0.9999999999999996,256.0,0.25,True,1458008542
8,10,2,0.076171875,0.009765625,0.7901646460576011,537,Simplified BARK,1,0.0009765625,0.7901646460576011,256.0,0.25,True,1458008542
8,10,2,0.076171875,0.009765625,0.7901646460576011,537,Simplified BARK,2,0.001953125,0.8548884034627231,256.0,0.25,True,1458008542
8,10,2,0.076171875,0.009765625,0.7901646460576011,537,Simplified BARK,3,0.0029296875,0.9066088904589592,256.0,0.25,True,1458008542
8,10,2,0.076171875,0.009765625,0.7901646460576011,537,Simplified BARK,4,0.00390625,0.9110305431705746,256.0,0.25,True,1458008542
8,10,2,0.076171875,0.009765625,0.7901646460576011,537,Simplified BARK,5,0.0048828125,0.9424249832134273,256.0,0.25,True,1458008542
8,10,2,0.076171875,0.009765625,0.7901646460576011,537,Simplified BARK,6,0.005859375,0.945472644771437,256.0,0.25,True,1458008542
8,10,2,0.076171875,0.009765625,0.7901646460576011,537,Simplified BARK,7,0.0068359375,0.947587435471155,256.0,0.25,True,1458008542
8,10,2,0.076171875,0.009765625,0.7901646460576011,537,Simplified BARK,9,0.0087890625,0.9485060825687854,256.0,0.25,True,1458008542
8,10,2,0.076171875,0.009765625,0.7901646460576011,537,Simplified BARK,11,0.0107421875,0.9486304150056862,256.0,0.25,True,1458008542
8,10,2,0.076171875,0.009765625,0.7901646460576011,537,Simplified BARK,13,0.0126953125,0.9494224318141913,256.0,0.25,True,1458008542
8,10,2,0.076171875,0.009765625,0.7901646460576011,537,Simplified BARK,16,0.015625,0.9804214030497947,256.0,0.25,True,1458008542
8,10,2,0.076171875,0.009765625,0.7901646460576011,537,Simplified BARK,20,0.01953125,0.9808073769904595,256.0,0.25,True,1458008542
8,10,2,0.076171875,0.009765625,0.7901646460576011,537,Simplified BARK,25,0.0244140625,0.9915816334450552,256.0,0.25,True,1458008542
8,10,2,0.076171875,0.009765625,0.7901646460576011,537,Simplified BARK,31,0.0302734375,0.9919881042809802,256.0,0.25,True,1458008542
8,10,2,0.076171875,0.009765625,0.7901646460576011,537,Simplified BARK,39,0.0380859375,0.9938066774399421,256.0,0.25,True,1458008542
8,10,2,0.076171875,0.009765625,0.7901646460576011,537,Simplified BARK,48,0.046875,0.9946113901561604,256.0,0.25,True,1458008542
8,10,2,0.076171875,0.009765625,0.7901646460576011,537,Simplified BARK,60,0.05859375,0.9947557914027905,256.0,0.25,True,1458008542
8,10,2,0.076171875,0.009765625,0.7901646460576011,537,Simplified BARK,74,0.072265625,0.9986360923192956,256.0,0.25,True,1458008542
8,10,2,0.076171875,0.009765625,0.7901646460576011,537,Simplified BARK,92,0.08984375,0.9991400946909842,256.0,0.25,True,1458008542
8,10,2,0.076171875,0.009765625,0.7901646460576011,537,Simplified BARK,114,0.111328125,0.999208491817,256.0,0.25,True,1458008542
8,10,2,0.076171875,0.009765625,0.7901646460576011,537,Simplified BARK,141,0.1376953125,0.9996306162518103,256.0,0.25,True,1458008542
8,10,2,0.076171875,0.009765625,0.7901646460576011,537,Simplified BARK,175,0.1708984375,0.9996560521289779,256.0,0.25,True,1458008542
8,10,2,0.076171875,0.009765625,0.7901646460576011,537,Simplified BARK,217,0.2119140625,0.999998230735924,256.0,0.25,True,1458008542
8,10,2,0.076171875,0.009765625,0.7901646460576011,537,Simplified BARK,269,0.2626953125,0.9999999999999998,256.0,0.25,True,1458008542
8,10,2,0.076171875,0.009765625,0.7901646460576011,537,Simplified BARK,333,0.3251953125,0.9999999999999998,256.0,0.25,True,1458008542
8,10,2,0.076171875,0.009765625,0.7901646460576011,537,Simplified BARK,413,0.4033203125,0.9999999999999998,256.0,0.25,True,1458008542
8,10,2,0.076171875,0.009765625,0.7901646460576011,537,Simplified BARK,512,0.5,0.9999999999999998,256.0,0.25,True,1458008542
8,10,2,0.076171875,0.009765625,0.7901646460576011,537,SKQD,1,0.0009765625,0.7901646460576011,27.666666666666668,0.027018229166666668,True,1458008542
8,10,2,0.076171875,0.009765625,0.7901646460576011,537,SKQD,2,0.001953125,0.7901646460576011,27.666666666666668,0.027018229166666668,True,1458008542
8,10,2,0.076171875,0.009765625,0.7901646460576011,537,SKQD,3,0.0029296875,0.7901646460576011,27.666666666666668,0.027018229166666668,True,1458008542
8,10,2,0.076171875,0.009765625,0.7901646460576011,537,SKQD,4,0.00390625,0.7901646460576011,27.666666666666668,0.027018229166666668,True,1458008542
8,10,2,0.076171875,0.009765625,0.7901646460576011,537,SKQD,5,0.0048828125,0.7901646460576011,27.666666666666668,0.027018229166666668,True,1458008542
8,10,2,0.076171875,0.009765625,0.7901646460576011,537,SKQD,6,0.005859375,0.7901646460576011,27.666666666666668,0.027018229166666668,True,1458008542
8,10,2,0.076171875,0.009765625,0.7901646460576011,537,SKQD,7,0.0068359375,0.7901646460576011,27.666666666666668,0.027018229166666668,True,1458008542
8,10,2,0.076171875,0.009765625,0.7901646460576011,537,SKQD,9,0.0087890625,0.7901646460576011,27.666666666666668,0.027018229166666668,True,1458008542
8,10,2,0.076171875,0.009765625,0.7901646460576011,537,SKQD,11,0.0107421875,0.7901646460576011,27.666666666666668,0.027018229166666668,True,1458008542
8,10,2,0.076171875,0.009765625,0.7901646460576011,537,SKQD,13,0.0126953125,0.9225474150326085,27.666666666666668,0.027018229166666668,True,1458008542
8,10,2,0.076171875,0.009765625,0.7901646460576011,537,SKQD,16,0.015625,0.9886867461973218,27.666666666666668,0.027018229166666668,True,1458008542
8,10,2,0.076171875,0.009765625,0.7901646460576011,537,SKQD,20,0.01953125,0.992302692662664,27.666666666666668,0.027018229166666668,True,1458008542
8,10,2,0.076171875,0.009765625,0.7901646460576011,537,SKQD,25,0.0244140625,0.9963721353632623,27.666666666666668,0.027018229166666668,True,1458008542
8,10,2,0.076171875,0.009765625,0.7901646460576011,537,SKQD,31,0.0302734375,0.996901373461971,27.666666666666668,0.027018229166666668,True,1458008542
8,10,2,0.076171875,0.009765625,0.7901646460576011,537,SKQD,39,0.0380859375,0.996901373461971,27.666666666666668,0.027018229166666668,True,1458008542
8,10,2,0.076171875,0.009765625,0.7901646460576011,537,SKQD,48,0.046875,0.996901373461971,27.666666666666668,0.027018229166666668,True,1458008542
8,10,2,0.076171875,0.009765625,0.7901646460576011,537,SKQD,60,0.05859375,0.996901373461971,27.666666666666668,0.027018229166666668,True,1458008542
8,10,2,0.076171875,0.009765625,0.7901646460576011,537,SKQD,74,0.072265625,0.996901373461971,27.666666666666668,0.027018229166666668,True,1458008542
8,10,2,0.076171875,0.009765625,0.7901646460576011,537,SKQD,92,0.08984375,0.996901373461971,27.666666666666668,0.027018229166666668,True,1458008542
8,10,2,0.076171875,0.009765625,0.7901646460576011,537,SKQD,114,0.111328125,0.996901373461971,27.666666666666668,0.027018229166666668,True,1458008542
8,10,2,0.076171875,0.009765625,0.7901646460576011,537,SKQD,141,0.1376953125,0.996901373461971,27.666666666666668,0.027018229166666668,True,1458008542
8,10,2,0.076171875,0.009765625,0.7901646460576011,537,SKQD,175,0.1708984375,0.996901373461971,27.666666666666668,0.027018229166666668,True,1458008542
8,10,2,0.076171875,0.009765625,0.7901646460576011,537,SKQD,217,0.2119140625,0.996901373461971,27.666666666666668,0.027018229166666668,True,1458008542
8,10,2,0.076171875,0.009765625,0.7901646460576011,537,SKQD,269,0.2626953125,0.996901373461971,27.666666666666668,0.027018229166666668,True,1458008542
8,10,2,0.076171875,0.009765625,0.7901646460576011,537,SKQD,333,0.3251953125,0.996901373461971,27.666666666666668,0.027018229166666668,True,1458008542
8,10,2,0.076171875,0.009765625,0.7901646460576011,537,SKQD,413,0.4033203125,0.996901373461971,27.666666666666668,0.027018229166666668,True,1458008542
8,10,2,0.076171875,0.009765625,0.7901646460576011,537,SKQD,512,0.5,0.996901373461971,27.666666666666668,0.027018229166666668,True,1458008542
8,10,2,0.076171875,0.009765625,0.7901646460576011,537,Ceiling,1,0.0009765625,0.7901646460576011,512.0,0.5,False,1458008542
8,10,2,0.076171875,0.009765625,0.7901646460576011,537,Ceiling,2,0.001953125,0.8549053499358372,512.0,0.5,False,1458008542
8,10,2,0.076171875,0.009765625,0.7901646460576011,537,Ceiling,3,0.0029296875,0.9069295731037588,512.0,0.5,False,1458008542
8,10,2,0.076171875,0.009765625,0.7901646460576011,537,Ceiling,4,0.00390625,0.9388030642008764,512.0,0.5,False,1458008542
8,10,2,0.076171875,0.009765625,0.7901646460576011,537,Ceiling,5,0.0048828125,0.9669331616584339,512.0,0.5,False,1458008542
8,10,2,0.076171875,0.009765625,0.7901646460576011,537,Ceiling,6,0.005859375,0.9768014233680837,512.0,0.5,False,1458008542
8,10,2,0.076171875,0.009765625,0.7901646460576011,537,Ceiling,7,0.0068359375,0.9810639931681393,512.0,0.5,False,1458008542
8,10,2,0.076171875,0.009765625,0.7901646460576011,537,Ceiling,9,0.0087890625,0.9872564973895198,512.0,0.5,False,1458008542
8,10,2,0.076171875,0.009765625,0.7901646460576011,537,Ceiling,11,0.0107421875,0.99165814919146,512.0,0.5,False,1458008542
8,10,2,0.076171875,0.009765625,0.7901646460576011,537,Ceiling,13,0.0126953125,0.9945763403146249,512.0,0.5,False,1458008542
8,10,2,0.076171875,0.009765625,0.7901646460576011,537,Ceiling,16,0.015625,0.996611237460907,512.0,0.5,False,1458008542
8,10,2,0.076171875,0.009765625,0.7901646460576011,537,Ceiling,20,0.01953125,0.9980017738617476,512.0,0.5,False,1458008542
8,10,2,0.076171875,0.009765625,0.7901646460576011,537,Ceiling,25,0.0244140625,0.9988168033595635,512.0,0.5,False,1458008542
8,10,2,0.076171875,0.009765625,0.7901646460576011,537,Ceiling,31,0.0302734375,0.9993685282212017,512.0,0.5,False,1458008542
8,10,2,0.076171875,0.009765625,0.7901646460576011,537,Ceiling,39,0.0380859375,0.9997048724101099,512.0,0.5,False,1458008542
8,10,2,0.076171875,0.009765625,0.7901646460576011,537,Ceiling,48,0.046875,0.9998443160109319,512.0,0.5,False,1458008542
8,10,2,0.076171875,0.009765625,0.7901646460576011,537,Ceiling,60,0.05859375,0.9999301897795119,512.0,0.5,False,1458008542
8,10,2,0.076171875,0.009765625,0.7901646460576011,537,Ceiling,74,0.072265625,0.9999770928066094,512.0,0.5,False,1458008542
8,10,2,0.076171875,0.009765625,0.7901646460576011,537,Ceiling,92,0.08984375,0.9999910437708515,512.0,0.5,False,1458008542
8,10,2,0.076171875,0.009765625,0.7901646460576011,537,Ceiling,114,0.111328125,0.9999968300601673,512.0,0.5,False,1458008542
8,10,2,0.076171875,0.009765625,0.7901646460576011,537,Ceiling,141,0.1376953125,0.9999991379272384,512.0,0.5,False,1458008542
8,10,2,0.076171875,0.009765625,0.7901646460576011,537,Ceiling,175,0.1708984375,0.9999998382420605,512.0,0.5,False,1458008542
8,10,2,0.076171875,0.009765625,0.7901646460576011,537,Ceiling,217,0.2119140625,0.9999999872296553,512.0,0.5,False,1458008542
8,10,2,0.076171875,0.009765625,0.7901646460576011,537,Ceiling,269,0.2626953125,0.9999999999999987,512.0,0.5,False,1458008542
8,10,2,0.076171875,0.009765625,0.7901646460576011,537,Ceiling,333,0.3251953125,0.9999999999999987,512.0,0.5,False,1458008542
8,10,2,0.076171875,0.009765625,0.7901646460576011,537,Ceiling,413,0.4033203125,0.9999999999999987,512.0,0.5,False,1458008542
8,10,2,0.076171875,0.009765625,0.7901646460576011,537,Ceiling,512,0.5,0.9999999999999987,512.0,0.5,False,1458008542
8,10,2,0.076171875,0.009765625,0.0,359,BARK,1,0.0009765625,0.0,256.0,0.25,True,1458008542
8,10,2,0.076171875,0.009765625,0.0,359,BARK,2,0.001953125,0.0,256.0,0.25,True,1458008542
8,10,2,0.076171875,0.009765625,0.0,359,BARK,3,0.0029296875,0.0,256.0,0.25,True,1458008542
8,10,2,0.076171875,0.009765625,0.0,359,BARK,4,0.00390625,0.0,256.0,0.25,True,1458008542
8,10,2,0.076171875,0.009765625,0.0,359,BARK,5,0.0048828125,0.0,256.0,0.25,True,1458008542
8,10,2,0.076171875,0.009765625,0.0,359,BARK,6,0.005859375,0.0,256.0,0.25,True,1458008542
8,10,2,0.076171875,0.009765625,0.0,359,BARK,7,0.0068359375,0.0,256.0,0.25,True,1458008542
8,10,2,0.076171875,0.009765625,0.0,359,BARK,9,0.0087890625,0.0,256.0,0.25,True,1458008542
8,10,2,0.076171875,0.009765625,0.0,359,BARK,11,0.0107421875,0.0,256.0,0.25,True,1458008542
8,10,2,0.076171875,0.009765625,0.0,359,BARK,13,0.0126953125,0.0,256.0,0.25,True,1458008542
8,10,2,0.076171875,0.009765625,0.0,359,BARK,16,0.015625,0.0,256.0,0.25,True,1458008542
8,10,2,0.076171875,0.009765625,0.0,359,BARK,20,0.01953125,0.0,256.0,0.25,True,1458008542
8,10,2,0.076171875,0.009765625,0.0,359,BARK,25,0.0244140625,0.0,256.0,0.25,True,1458008542
8,10,2,0.076171875,0.009765625,0.0,359,BARK,31,0.0302734375,0.0,256.0,0.25,True,1458008542
8,10,2,0.076171875,0.009765625,0.0,359,BARK,39,0.0380859375,0.0,256.0,0.25,True,1458008542
8,10,2,0.076171875,0.009765625,0.0,359,BARK,48,0.046875,0.0,256.0,0.25,True,1458008542
8,10,2,0.076171875,0.009765625,0.0,359,BARK,60,0.05859375,0.0,256.0,0.25,True,1458008542
8,10,2,0.076171875,0.009765625,0.0,359,BARK,74,0.072265625,0.0,256.0,0.25,True,1458008542
8,10,2,0.076171875,0.009765625,0.0,359,BARK,92,0.08984375,0.0,256.0,0.25,True,1458008542
8,10,2,0.076171875,0.009765625,0.0,359,BARK,114,0.111328125,0.0,256.0,0.25,True,1458008542
8,10,2,0.076171875,0.009765625,0.0,359,BARK,141,0.1376953125,0.0,256.0,0.25,True,1458008542
8,10,2,0.076171875,0.009765625,0.0,359,BARK,175,0.1708984375,0.0,256.0,0.25,True,1458008542
8,10,2,0.076171875,0.009765625,0.0,359,BARK,217,0.2119140625,0.0,256.0,0.25,True,1458008542
8,10,2,0.076171875,0.009765625,0.0,359,BARK,269,0.2626953125,0.0,256.0,0.25,True,1458008542
8,10,2,0.076171875,0.009765625,0.0,359,BARK,333,0.3251953125,0.0,256.0,0.25,True,1458008542
8,10,2,0.076171875,0.009765625,0.0,359,BARK,413,0.4033203125,0.0,256.0,0.25,True,1458008542
8,10,2,0.076171875,0.009765625,0.0,359,BARK,512,0.5,0.0,256.0,0.25,True,1458008542
8,10,2,0.076171875,0.009765625,0.0,359,Simplified BARK,1,0.0009765625,0.0,256.0,0.25,True,1458008542
8,10,2,0.076171875,0.009765625,0.0,359,Simplified BARK,2,0.001953125,0.0,256.0,0.25,True,1458008542
8,10,2,0.076171875,0.009765625,0.0,359,Simplified BARK,3,0.0029296875,0.0,256.0,0.25,True,1458008542
8,10,2,0.076171875,0.009765625,0.0,359,Simplified BARK,4,0.00390625,0.0,256.0,0.25,True,1458008542
8,10,2,0.076171875,0.009765625,0.0,359,Simplified BARK,5,0.0048828125,0.0,256.0,0.25,True,1458008542
8,10,2,0.076171875,0.009765625,0.0,359,Simplified BARK,6,0.005859375,0.0,256.0,0.25,True,1458008542
8,10,2,0.076171875,0.009765625,0.0,359,Simplified BARK,7,0.0068359375,0.0,256.0,0.25,True,1458008542
8,10,2,0.076171875,0.009765625,0.0,359,Simplified BARK,9,0.0087890625,0.0,256.0,0.25,True,1458008542
8,10,2,0.076171875,0.009765625,0.0,359,Simplified BARK,11,0.0107421875,0.0,256.0,0.25,True,1458008542
8,10,2,0.076171875,0.009765625,0.0,359,Simplified BARK,13,0.0126953125,0.0,256.0,0.25,True,1458008542
8,10,2,0.076171875,0.009765625,0.0,359,Simplified BARK,16,0.015625,0.0,256.0,0.25,True,1458008542
8,10,2,0.076171875,0.009765625,0.0,359,Simplified BARK,20,0.01953125,0.0,256.0,0.25,True,1458008542
8,10,2,0.076171875,0.009765625,0.0,359,Simplified BARK,25,0.0244140625,0.0,256.0,0.25,True,1458008542
8,10,2,0.076171875,0.009765625,0.0,359,Simplified BARK,31,0.0302734375,0.0,256.0,0.25,True,1458008542
8,10,2,0.076171875,0.009765625,0.0,359,Simplified BARK,39,0.0380859375,0.0,256.0,0.25,True,1458008542
8,10,2,0.076171875,0.009765625,0.0,359,Simplified BARK,48,0.046875,0.0,256.0,0.25,True,1458008542
8,10,2,0.076171875,0.009765625,0.0,359,Simplified BARK,60,0.05859375,0.0,256.0,0.25,True,1458008542
8,10,2,0.076171875,0.009765625,0.0,359,Simplified BARK,74,0.072265625,0.0,256.0,0.25,True,1458008542
8,10,2,0.076171875,0.009765625,0.0,359,Simplified BARK,92,0.08984375,0.0,256.0,0.25,True,1458008542
8,10,2,0.076171875,0.009765625,0.0,359,Simplified BARK,114,0.111328125,0.0,256.0,0.25,True,1458008542
8,10,2,0.076171875,0.009765625,0.0,359,Simplified BARK,141,0.1376953125,0.0,256.0,0.25,True,1458008542
8,10,2,0.076171875,0.009765625,0.0,359,Simplified BARK,175,0.1708984375,0.0,256.0,0.25,True,1458008542
8,10,2,0.076171875,0.009765625,0.0,359,Simplified BARK,217,0.2119140625,0.0,256.0,0.25,True,1458008542
8,10,2,0.076171875,0.009765625,0.0,359,Simplified BARK,269,0.2626953125,0.0,256.0,0.25,True,1458008542
8,10,2,0.076171875,0.009765625,0.0,359,Simplified BARK,333,0.3251953125,0.0,256.0,0.25,True,1458008542
8,10,2,0.076171875,0.009765625,0.0,359,Simplified BARK,413,0.4033203125,0.0,256.0,0.25,True,1458008542
8,10,2,0.076171875,0.009765625,0.0,359,Simplified BARK,512,0.5,0.0,256.0,0.25,True,1458008542
8,10,2,0.076171875,0.009765625,0.0,359,SKQD,1,0.0009765625,0.0,1.0,0.0009765625,True,1458008542
8,10,2,0.076171875,0.009765625,0.0,359,SKQD,2,0.001953125,0.0,1.0,0.0009765625,True,1458008542
8,10,2,0.076171875,0.009765625,0.0,359,SKQD,3,0.0029296875,0.0,1.0,0.0009765625,True,1458008542
8,10,2,0.076171875,0.009765625,0.0,359,SKQD,4,0.00390625,0.0,1.0,0.0009765625,True,1458008542
8,10,2,0.076171875,0.009765625,0.0,359,SKQD,5,0.0048828125,0.0,1.0,0.0009765625,True,1458008542
8,10,2,0.076171875,0.009765625,0.0,359,SKQD,6,0.005859375,0.0,1.0,0.0009765625,True,1458008542
8,10,2,0.076171875,0.009765625,0.0,359,SKQD,7,0.0068359375,0.0,1.0,0.0009765625,True,1458008542
8,10,2,0.076171875,0.009765625,0.0,359,SKQD,9,0.0087890625,0.0,1.0,0.0009765625,True,1458008542
8,10,2,0.076171875,0.009765625,0.0,359,SKQD,11,0.0107421875,0.0,1.0,0.0009765625,True,1458008542
8,10,2,0.076171875,0.009765625,0.0,359,SKQD,13,0.0126953125,0.0,1.0,0.0009765625,True,1458008542
8,10,2,0.076171875,0.009765625,0.0,359,SKQD,16,0.015625,0.0,1.0,0.0009765625,True,1458008542
8,10,2,0.076171875,0.009765625,0.0,359,SKQD,20,0.01953125,0.0,1.0,0.0009765625,True,1458008542
8,10,2,0.076171875,0.009765625,0.0,359,SKQD,25,0.0244140625,0.0,1.0,0.0009765625,True,1458008542
8,10,2,0.076171875,0.009765625,0.0,359,SKQD,31,0.0302734375,0.0,1.0,0.0009765625,True,1458008542
8,10,2,0.076171875,0.009765625,0.0,359,SKQD,39,0.0380859375,0.0,1.0,0.0009765625,True,1458008542
8,10,2,0.076171875,0.009765625,0.0,359,SKQD,48,0.046875,0.0,1.0,0.0009765625,True,1458008542
8,10,2,0.076171875,0.009765625,0.0,359,SKQD,60,0.05859375,0.0,1.0,0.0009765625,True,1458008542
8,10,2,0.076171875,0.009765625,0.0,359,SKQD,74,0.072265625,0.0,1.0,0.0009765625,True,1458008542
8,10,2,0.076171875,0.009765625,0.0,359,SKQD,92,0.08984375,0.0,1.0,0.0009765625,True,1458008542
8,10,2,0.076171875,0.009765625,0.0,359,SKQD,114,0.111328125,0.0,1.0,0.0009765625,True,1458008542
8,10,2,0.076171875,0.009765625,0.0,359,SKQD,141,0.1376953125,0.0,1.0,0.0009765625,True,1458008542
8,10,2,0.076171875,0.009765625,0.0,359,SKQD,175,0.1708984375,0.0,1.0,0.0009765625,True,1458008542
8,10,2,0.076171875,0.009765625,0.0,359,SKQD,217,0.2119140625,0.0,1.0,0.0009765625,True,1458008542
8,10,2,0.076171875,0.009765625,0.0,359,SKQD,269,0.2626953125,0.0,1.0,0.0009765625,True,1458008542
8,10,2,0.076171875,0.009765625,0.0,359,SKQD,333,0.3251953125,0.0,1.0,0.0009765625,True,1458008542
8,10,2,0.076171875,0.009765625,0.0,359,SKQD,413,0.4033203125,0.0,1.0,0.0009765625,True,1458008542
8,10,2,0.076171875,0.009765625,0.0,359,SKQD,512,0.5,0.0,1.0,0.0009765625,True,1458008542
8,10,2,0.076171875,0.009765625,0.0,359,Ceiling,1,0.0009765625,0.7901646460576011,512.0,0.5,False,1458008542
8,10,2,0.076171875,0.009765625,0.0,359,Ceiling,2,0.001953125,0.8549053499358372,512.0,0.5,False,1458008542
8,10,2,0.076171875,0.009765625,0.0,359,Ceiling,3,0.0029296875,0.9069295731037588,512.0,0.5,False,1458008542
8,10,2,0.076171875,0.009765625,0.0,359,Ceiling,4,0.00390625,0.9388030642008764,512.0,0.5,False,1458008542
8,10,2,0.076171875,0.009765625,0.0,359,Ceiling,5,0.0048828125,0.9669331616584339,512.0,0.5,False,1458008542
8,10,2,0.076171875,0.009765625,0.0,359,Ceiling,6,0.005859375,0.9768014233680837,512.0,0.5,False,1458008542
8,10,2,0.076171875,0.009765625,0.0,359,Ceiling,7,0.0068359375,0.9810639931681393,512.0,0.5,False,1458008542
8,10,2,0.076171875,0.009765625,0.0,359,Ceiling,9,0.0087890625,0.9872564973895198,512.0,0.5,False,1458008542
8,10,2,0.076171875,0.009765625,0.0,359,Ceiling,11,0.0107421875,0.99165814919146,512.0,0.5,False,1458008542
8,10,2,0.076171875,0.009765625,0.0,359,Ceiling,13,0.0126953125,0.9945763403146249,512.0,0.5,False,1458008542
8,10,2,0.076171875,0.009765625,0.0,359,Ceiling,16,0.015625,0.996611237460907,512.0,0.5,False,1458008542
8,10,2,0.076171875,0.009765625,0.0,359,Ceiling,20,0.01953125,0.9980017738617476,512.0,0.5,False,1458008542
8,10,2,0.076171875,0.009765625,0.0,359,Ceiling,25,0.0244140625,0.9988168033595635,512.0,0.5,False,1458008542
8,10,2,0.076171875,0.009765625,0.0,359,Ceiling,31,0.0302734375,0.9993685282212017,512.0,0.5,False,1458008542
8,10,2,0.076171875,0.009765625,0.0,359,Ceiling,39,0.0380859375,0.9997048724101099,512.0,0.5,False,1458008542
8,10,2,0.076171875,0.009765625,0.0,359,Ceiling,48,0.046875,0.9998443160109319,512.0,0.5,False,1458008542
8,10,2,0.076171875,0.009765625,0.0,359,Ceiling,60,0.05859375,0.9999301897795119,512.0,0.5,False,1458008542
8,10,2,0.076171875,0.009765625,0.0,359,Ceiling,74,0.072265625,0.9999770928066094,512.0,0.5,False,1458008542
8,10,2,0.076171875,0.009765625,0.0,359,Ceiling,92,0.08984375,0.9999910437708515,512.0,0.5,False,1458008542
8,10,2,0.076171875,0.009765625,0.0,359,Ceiling,114,0.111328125,0.9999968300601673,512.0,0.5,False,1458008542
8,10,2,0.076171875,0.009765625,0.0,359,Ceiling,141,0.1376953125,0.9999991379272384,512.0,0.5,False,1458008542
8,10,2,0.076171875,0.009765625,0.0,359,Ceiling,175,0.1708984375,0.9999998382420605,512.0,0.5,False,1458008542
8,10,2,0.076171875,0.009765625,0.0,359,Ceiling,217,0.2119140625,0.9999999872296553,512.0,0.5,False,1458008542
8,10,2,0.076171875,0.009765625,0.0,359,Ceiling,269,0.2626953125,0.9999999999999987,512.0,0.5,False,1458008542
8,10,2,0.076171875,0.009765625,0.0,359,Ceiling,333,0.3251953125,0.9999999999999987,512.0,0.5,False,1458008542
8,10,2,0.076171875,0.009765625,0.0,359,Ceiling,413,0.4033203125,0.9999999999999987,512.0,0.5,False,1458008542
8,10,2,0.076171875,0.009765625,0.0,359,Ceiling,512,0.5,0.9999999999999987,512.0,0.5,False,1458008542
8,10,2,0.076171875,0.009765625,0.0,367,BARK,1,0.0009765625,0.0,256.0,0.25,True,1458008542
8,10,2,0.076171875,0.009765625,0.0,367,BARK,2,0.001953125,0.0,256.0,0.25,True,1458008542
8,10,2,0.076171875,0.009765625,0.0,367,BARK,3,0.0029296875,0.0,256.0,0.25,True,1458008542
8,10,2,0.076171875,0.009765625,0.0,367,BARK,4,0.00390625,0.0,256.0,0.25,True,1458008542
8,10,2,0.076171875,0.009765625,0.0,367,BARK,5,0.0048828125,0.0,256.0,0.25,True,1458008542
8,10,2,0.076171875,0.009765625,0.0,367,BARK,6,0.005859375,0.0,256.0,0.25,True,1458008542
8,10,2,0.076171875,0.009765625,0.0,367,BARK,7,0.0068359375,0.0,256.0,0.25,True,1458008542
8,10,2,0.076171875,0.009765625,0.0,367,BARK,9,0.0087890625,0.0,256.0,0.25,True,1458008542
8,10,2,0.076171875,0.009765625,0.0,367,BARK,11,0.0107421875,0.0,256.0,0.25,True,1458008542
8,10,2,0.076171875,0.009765625,0.0,367,BARK,13,0.0126953125,0.0,256.0,0.25,True,1458008542
8,10,2,0.076171875,0.009765625,0.0,367,BARK,16,0.015625,0.0,256.0,0.25,True,1458008542
8,10,2,0.076171875,0.009765625,0.0,367,BARK,20,0.01953125,0.0,256.0,0.25,True,1458008542
8,10,2,0.076171875,0.009765625,0.0,367,BARK,25,0.0244140625,0.0,256.0,0.25,True,1458008542
8,10,2,0.076171875,0.009765625,0.0,367,BARK,31,0.0302734375,0.0,256.0,0.25,True,1458008542
8,10,2,0.076171875,0.009765625,0.0,367,BARK,39,0.0380859375,0.0,256.0,0.25,True,1458008542
8,10,2,0.076171875,0.009765625,0.0,367,BARK,48,0.046875,0.0,256.0,0.25,True,1458008542
8,10,2,0.076171875,0.009765625,0.0,367,BARK,60,0.05859375,0.0,256.0,0.25,True,1458008542
8,10,2,0.076171875,0.009765625,0.0,367,BARK,74,0.072265625,0.0,256.0,0.25,True,1458008542
8,10,2,0.076171875,0.009765625,0.0,367,BARK,92,0.08984375,0.0,256.0,0.25,True,1458008542
8,10,2,0.076171875,0.009765625,0.0,367,BARK,114,0.111328125,0.0,256.0,0.25,True,1458008542
8,10,2,0.076171875,0.009765625,0.0,367,BARK,141,0.1376953125,0.0,256.0,0.25,True,1458008542
8,10,2,0.076171875,0.009765625,0.0,367,BARK,175,0.1708984375,0.0,256.0,0.25,True,1458008542
8,10,2,0.076171875,0.009765625,0.0,367,BARK,217,0.2119140625,0.0,256.0,0.25,True,1458008542
8,10,2,0.076171875,0.009765625,0.0,367,BARK,269,0.2626953125,0.0,256.0,0.25,True,1458008542
8,10,2,0.076171875,0.009765625,0.0,367,BARK,333,0.3251953125,0.0,256.0,0.25,True,1458008542
8,10,2,0.076171875,0.009765625,0.0,367,BARK,413,0.4033203125,0.0,256.0,0.25,True,1458008542
8,10,2,0.076171875,0.009765625,0.0,367,BARK,512,0.5,0.0,256.0,0.25,True,1458008542
8,10,2,0.076171875,0.009765625,0.0,367,Simplified BARK,1,0.0009765625,0.0,256.0,0.25,True,1458008542
8,10,2,0.076171875,0.009765625,0.0,367,Simplified BARK,2,0.001953125,0.0,256.0,0.25,True,1458008542
8,10,2,0.076171875,0.009765625,0.0,367,Simplified BARK,3,0.0029296875,0.0,256.0,0.25,True,1458008542
8,10,2,0.076171875,0.009765625,0.0,367,Simplified BARK,4,0.00390625,0.0,256.0,0.25,True,1458008542
8,10,2,0.076171875,0.009765625,0.0,367,Simplified BARK,5,0.0048828125,0.0,256.0,0.25,True,1458008542
8,10,2,0.076171875,0.009765625,0.0,367,Simplified BARK,6,0.005859375,0.0,256.0,0.25,True,1458008542
8,10,2,0.076171875,0.009765625,0.0,367,Simplified BARK,7,0.0068359375,0.0,256.0,0.25,True,1458008542
8,10,2,0.076171875,0.009765625,0.0,367,Simplified BARK,9,0.0087890625,0.0,256.0,0.25,True,1458008542
8,10,2,0.076171875,0.009765625,0.0,367,Simplified BARK,11,0.0107421875,0.0,256.0,0.25,True,1458008542
8,10,2,0.076171875,0.009765625,0.0,367,Simplified BARK,13,0.0126953125,0.0,256.0,0.25,True,1458008542
8,10,2,0.076171875,0.009765625,0.0,367,Simplified BARK,16,0.015625,0.0,256.0,0.25,True,1458008542
8,10,2,0.076171875,0.009765625,0.0,367,Simplified BARK,20,0.01953125,0.0,256.0,0.25,True,1458008542
8,10,2,0.076171875,0.009765625,0.0,367,Simplified BARK,25,0.0244140625,0.0,256.0,0.25,True,1458008542
8,10,2,0.076171875,0.009765625,0.0,367,Simplified BARK,31,0.0302734375,0.0,256.0,0.25,True,1458008542
8,10,2,0.076171875,0.009765625,0.0,367,Simplified BARK,39,0.0380859375,0.0,256.0,0.25,True,1458008542
8,10,2,0.076171875,0.009765625,0.0,367,Simplified BARK,48,0.046875,0.0,256.0,0.25,True,1458008542
8,10,2,0.076171875,0.009765625,0.0,367,Simplified BARK,60,0.05859375,0.0,256.0,0.25,True,1458008542
8,10,2,0.076171875,0.009765625,0.0,367,Simplified BARK,74,0.072265625,0.0,256.0,0.25,True,1458008542
8,10,2,0.076171875,0.009765625,0.0,367,Simplified BARK,92,0.08984375,0.0,256.0,0.25,True,1458008542
8,10,2,0.076171875,0.009765625,0.0,367,Simplified BARK,114,0.111328125,0.0,256.0,0.25,True,1458008542
8,10,2,0.076171875,0.009765625,0.0,367,Simplified BARK,141,0.1376953125,0.0,256.0,0.25,True,1458008542
8,10,2,0.076171875,0.009765625,0.0,367,Simplified BARK,175,0.1708984375,0.0,256.0,0.25,True,1458008542
8,10,2,0.076171875,0.009765625,0.0,367,Simplified BARK,217,0.2119140625,0.0,256.0,0.25,True,1458008542
8,10,2,0.076171875,0.009765625,0.0,367,Simplified BARK,269,0.2626953125,0.0,256.0,0.25,True,1458008542
8,10,2,0.076171875,0.009765625,0.0,367,Simplified BARK,333,0.3251953125,0.0,256.0,0.25,True,1458008542
8,10,2,0.076171875,0.009765625,0.0,367,Simplified BARK,413,0.4033203125,0.0,256.0,0.25,True,1458008542
8,10,2,0.076171875,0.009765625,0.0,367,Simplified BARK,512,0.5,0.0,256.0,0.25,True,1458008542
8,10,2,0.076171875,0.009765625,0.0,367,SKQD,1,0.0009765625,0.0,1.0,0.0009765625,True,1458008542
8,10,2,0.076171875,0.009765625,0.0,367,SKQD,2,0.001953125,0.0,1.0,0.0009765625,True,1458008542
8,10,2,0.076171875,0.009765625,0.0,367,SKQD,3,0.0029296875,0.0,1.0,0.0009765625,True,1458008542
8,10,2,0.076171875,0.009765625,0.0,367,SKQD,4,0.00390625,0.0,1.0,0.0009765625,True,1458008542
8,10,2,0.076171875,0.009765625,0.0,367,SKQD,5,0.0048828125,0.0,1.0,0.0009765625,True,1458008542
8,10,2,0.076171875,0.009765625,0.0,367,SKQD,6,0.005859375,0.0,1.0,0.0009765625,True,1458008542
8,10,2,0.076171875,0.009765625,0.0,367,SKQD,7,0.0068359375,0.0,1.0,0.0009765625,True,1458008542
8,10,2,0.076171875,0.009765625,0.0,367,SKQD,9,0.0087890625,0.0,1.0,0.0009765625,True,1458008542
8,10,2,0.076171875,0.009765625,0.0,367,SKQD,11,0.0107421875,0.0,1.0,0.0009765625,True,1458008542
8,10,2,0.076171875,0.009765625,0.0,367,SKQD,13,0.0126953125,0.0,1.0,0.0009765625,True,1458008542
8,10,2,0.076171875,0.009765625,0.0,367,SKQD,16,0.015625,0.0,1.0,0.0009765625,True,1458008542
8,10,2,0.076171875,0.009765625,0.0,367,SKQD,20,0.01953125,0.0,1.0,0.0009765625,True,1458008542
8,10,2,0.076171875,0.009765625,0.0,367,SKQD,25,0.0244140625,0.0,1.0,0.0009765625,True,1458008542
8,10,2,0.076171875,0.009765625,0.0,367,SKQD,31,0.0302734375,0.0,1.0,0.0009765625,True,1458008542
8,10,2,0.076171875,0.009765625,0.0,367,SKQD,39,0.0380859375,0.0,1.0,0.0009765625,True,1458008542
8,10,2,0.076171875,0.009765625,0.0,367,SKQD,48,0.046875,0.0,1.0,0.0009765625,True,1458008542
8,10,2,0.076171875,0.009765625,0.0,367,SKQD,60,0.05859375,0.0,1.0,0.0009765625,True,1458008542
8,10,2,0.076171875,0.009765625,0.0,367,SKQD,74,0.072265625,0.0,1.0,0.0009765625,True,1458008542
8,10,2,0.076171875,0.009765625,0.0,367,SKQD,92,0.08984375,0.0,1.0,0.0009765625,True,1458008542
8,10,2,0.076171875,0.009765625,0.0,367,SKQD,114,0.111328125,0.0,1.0,0.0009765625,True,1458008542
8,10,2,0.076171875,0.009765625,0.0,367,SKQD,141,0.1376953125,0.0,1.0,0.0009765625,True,1458008542
8,10,2,0.076171875,0.009765625,0.0,367,SKQD,175,0.1708984375,0.0,1.0,0.0009765625,True,1458008542
8,10,2,0.076171875,0.009765625,0.0,367,SKQD,217,0.2119140625,0.0,1.0,0.0009765625,True,1458008542
8,10,2,0.076171875,0.009765625,0.0,367,SKQD,269,0.2626953125,0.0,1.0,0.0009765625,True,1458008542
8,10,2,0.076171875,0.009765625,0.0,367,SKQD,333,0.3251953125,0.0,1.0,0.0009765625,True,1458008542
8,10,2,0.076171875,0.009765625,0.0,367,SKQD,413,0.4033203125,0.0,1.0,0.0009765625,True,1458008542
8,10,2,0.076171875,0.009765625,0.0,367,SKQD,512,0.5,0.0,1.0,0.0009765625,True,1458008542
8,10,2,0.076171875,0.009765625,0.0,367,Ceiling,1,0.0009765625,0.7901646460576011,512.0,0.5,False,1458008542
8,10,2,0.076171875,0.009765625,0.0,367,Ceiling,2,0.001953125,0.8549053499358372,512.0,0.5,False,1458008542
8,10,2,0.076171875,0.009765625,0.0,367,Ceiling,3,0.0029296875,0.9069295731037588,512.0,0.5,False,1458008542
8,10,2,0.076171875,0.009765625,0.0,367,Ceiling,4,0.00390625,0.9388030642008764,512.0,0.5,False,1458008542
8,10,2,0.076171875,0.009765625,0.0,367,Ceiling,5,0.0048828125,0.9669331616584339,512.0,0.5,False,1458008542
8,10,2,0.076171875,0.009765625,0.0,367,Ceiling,6,0.005859375,0.9768014233680837,512.0,0.5,False,1458008542
8,10,2,0.076171875,0.009765625,0.0,367,Ceiling,7,0.0068359375,0.9810639931681393,512.0,0.5,False,1458008542
8,10,2,0.076171875,0.009765625,0.0,367,Ceiling,9,0.0087890625,0.9872564973895198,512.0,0.5,False,1458008542
8,10,2,0.076171875,0.009765625,0.0,367,Ceiling,11,0.0107421875,0.99165814919146,512.0,0.5,False,1458008542
8,10,2,0.076171875,0.009765625,0.0,367,Ceiling,13,0.0126953125,0.9945763403146249,512.0,0.5,False,1458008542
8,10,2,0.076171875,0.009765625,0.0,367,Ceiling,16,0.015625,0.996611237460907,512.0,0.5,False,1458008542
8,10,2,0.076171875,0.009765625,0.0,367,Ceiling,20,0.01953125,0.9980017738617476,512.0,0.5,False,1458008542
8,10,2,0.076171875,0.009765625,0.0,367,Ceiling,25,0.0244140625,0.9988168033595635,512.0,0.5,False,1458008542
8,10,2,0.076171875,0.009765625,0.0,367,Ceiling,31,0.0302734375,0.9993685282212017,512.0,0.5,False,1458008542
8,10,2,0.076171875,0.009765625,0.0,367,Ceiling,39,0.0380859375,0.9997048724101099,512.0,0.5,False,1458008542
8,10,2,0.076171875,0.009765625,0.0,367,Ceiling,48,0.046875,0.9998443160109319,512.0,0.5,False,1458008542
8,10,2,0.076171875,0.009765625,0.0,367,Ceiling,60,0.05859375,0.9999301897795119,512.0,0.5,False,1458008542
8,10,2,0.076171875,0.009765625,0.0,367,Ceiling,74,0.072265625,0.9999770928066094,512.0,0.5,False,1458008542
8,10,2,0.076171875,0.009765625,0.0,367,Ceiling,92,0.08984375,0.9999910437708515,512.0,0.5,False,1458008542
8,10,2,0.076171875,0.009765625,0.0,367,Ceiling,114,0.111328125,0.9999968300601673,512.0,0.5,False,1458008542
8,10,2,0.076171875,0.009765625,0.0,367,Ceiling,141,0.1376953125,0.9999991379272384,512.0,0.5,False,1458008542
8,10,2,0.076171875,0.009765625,0.0,367,Ceiling,175,0.1708984375,0.9999998382420605,512.0,0.5,False,1458008542
8,10,2,0.076171875,0.009765625,0.0,367,Ceiling,217,0.2119140625,0.9999999872296553,512.0,0.5,False,1458008542
8,10,2,0.076171875,0.009765625,0.0,367,Ceiling,269,0.2626953125,0.9999999999999987,512.0,0.5,False,1458008542
8,10,2,0.076171875,0.009765625,0.0,367,Ceiling,333,0.3251953125,0.9999999999999987,512.0,0.5,False,1458008542
8,10,2,0.076171875,0.009765625,0.0,367,Ceiling,413,0.4033203125,0.9999999999999987,512.0,0.5,False,1458008542
8,10,2,0.076171875,0.009765625,0.0,367,Ceiling,512,0.5,0.9999999999999987,512.0,0.5,False,1458008542
8,10,2,0.076171875,0.009765625,0.0,352,BARK,1,0.0009765625,0.0,256.0,0.25,True,1458008542
8,10,2,0.076171875,0.009765625,0.0,352,BARK,2,0.001953125,0.0,256.0,0.25,True,1458008542
8,10,2,0.076171875,0.009765625,0.0,352,BARK,3,0.0029296875,0.0,256.0,0.25,True,1458008542
8,10,2,0.076171875,0.009765625,0.0,352,BARK,4,0.00390625,0.0,256.0,0.25,True,1458008542
8,10,2,0.076171875,0.009765625,0.0,352,BARK,5,0.0048828125,0.0,256.0,0.25,True,1458008542
8,10,2,0.076171875,0.009765625,0.0,352,BARK,6,0.005859375,0.0,256.0,0.25,True,1458008542
8,10,2,0.076171875,0.009765625,0.0,352,BARK,7,0.0068359375,0.0,256.0,0.25,True,1458008542
8,10,2,0.076171875,0.009765625,0.0,352,BARK,9,0.0087890625,0.0,256.0,0.25,True,1458008542
8,10,2,0.076171875,0.009765625,0.0,352,BARK,11,0.0107421875,0.0,256.0,0.25,True,1458008542
8,10,2,0.076171875,0.009765625,0.0,352,BARK,13,0.0126953125,0.0,256.0,0.25,True,1458008542
8,10,2,0.076171875,0.009765625,0.0,352,BARK,16,0.015625,0.0,256.0,0.25,True,1458008542
8,10,2,0.076171875,0.009765625,0.0,352,BARK,20,0.01953125,0.0,256.0,0.25,True,1458008542
8,10,2,0.076171875,0.009765625,0.0,352,BARK,25,0.0244140625,0.0,256.0,0.25,True,1458008542
8,10,2,0.076171875,0.009765625,0.0,352,BARK,31,0.0302734375,0.0,256.0,0.25,True,1458008542
8,10,2,0.076171875,0.009765625,0.0,352,BARK,39,0.0380859375,0.0,256.0,0.25,True,1458008542
8,10,2,0.076171875,0.009765625,0.0,352,BARK,48,0.046875,0.0,256.0,0.25,True,1458008542
8,10,2,0.076171875,0.009765625,0.0,352,BARK,60,0.05859375,0.0,256.0,0.25,True,1458008542
8,10,2,0.076171875,0.009765625,0.0,352,BARK,74,0.072265625,0.0,256.0,0.25,True,1458008542
8,10,2,0.076171875,0.009765625,0.0,352,BARK,92,0.08984375,0.0,256.0,0.25,True,1458008542
8,10,2,0.076171875,0.009765625,0.0,352,BARK,114,0.111328125,0.0,256.0,0.25,True,1458008542
8,10,2,0.076171875,0.009765625,0.0,352,BARK,141,0.1376953125,0.0,256.0,0.25,True,1458008542
8,10,2,0.076171875,0.009765625,0.0,352,BARK,175,0.1708984375,0.0,256.0,0.25,True,1458008542
8,10,2,0.076171875,0.009765625,0.0,352,BARK,217,0.2119140625,0.0,256.0,0.25,True,1458008542
8,10,2,0.076171875,0.009765625,0.0,352,BARK,269,0.2626953125,0.0,256.0,0.25,True,1458008542
8,10,2,0.076171875,0.009765625,0.0,352,BARK,333,0.3251953125,0.0,256.0,0.25,True,1458008542
8,10,2,0.076171875,0.009765625,0.0,352,BARK,413,0.4033203125,0.0,256.0,0.25,True,1458008542
8,10,2,0.076171875,0.009765625,0.0,352,BARK,512,0.5,0.0,256.0,0.25,True,1458008542
8,10,2,0.076171875,0.009765625,0.0,352,Simplified BARK,1,0.0009765625,0.0,256.0,0.25,True,1458008542
8,10,2,0.076171875,0.009765625,0.0,352,Simplified BARK,2,0.001953125,0.0,256.0,0.25,True,1458008542
8,10,2,0.076171875,0.009765625,0.0,352,Simplified BARK,3,0.0029296875,0.0,256.0,0.25,True,1458008542
8,10,2,0.076171875,0.009765625,0.0,352,Simplified BARK,4,0.00390625,0.0,256.0,0.25,True,1458008542
8,10,2,0.076171875,0.009765625,0.0,352,Simplified BARK,5,0.0048828125,0.0,256.0,0.25,True,1458008542
8,10,2,0.076171875,0.009765625,0.0,352,Simplified BARK,6,0.005859375,0.0,256.0,0.25,True,1458008542
8,10,2,0.076171875,0.009765625,0.0,352,Simplified BARK,7,0.0068359375,0.0,256.0,0.25,True,1458008542
8,10,2,0.076171875,0.009765625,0.0,352,Simplified BARK,9,0.0087890625,0.0,256.0,0.25,True,1458008542
8,10,2,0.076171875,0.009765625,0.0,352,Simplified BARK,11,0.0107421875,0.0,256.0,0.25,True,1458008542
8,10,2,0.076171875,0.009765625,0.0,352,Simplified BARK,13,0.0126953125,0.0,256.0,0.25,True,1458008542
8,10,2,0.076171875,0.009765625,0.0,352,Simplified BARK,16,0.015625,0.0,256.0,0.25,True,1458008542
8,10,2,0.076171875,0.009765625,0.0,352,Simplified BARK,20,0.01953125,0.0,256.0,0.25,True,1458008542
8,10,2,0.076171875,0.009765625,0.0,352,Simplified BARK,25,0.0244140625,0.0,256.0,0.25,True,1458008542
8,10,2,0.076171875,0.009765625,0.0,352,Simplified BARK,31,0.0302734375,0.0,256.0,0.25,True,1458008542
8,10,2,0.076171875,0.009765625,0.0,352,Simplified BARK,39,0.0380859375,0.0,256.0,0.25,True,1458008542
8,10,2,0.076171875,0.009765625,0.0,352,Simplified BARK,48,0.046875,0.0,256.0,0.25,True,1458008542
8,10,2,0.076171875,0.009765625,0.0,352,Simplified BARK,60,0.05859375,0.0,256.0,0.25,True,1458008542
8,10,2,0.076171875,0.009765625,0.0,352,Simplified BARK,74,0.072265625,0.0,256.0,0.25,True,1458008542
8,10,2,0.076171875,0.009765625,0.0,352,Simplified BARK,92,0.08984375,0.0,256.0,0.25,True,1458008542
8,10,2,0.076171875,0.009765625,0.0,352,Simplified BARK,114,0.111328125,0.0,256.0,0.25,True,1458008542
8,10,2,0.076171875,0.009765625,0.0,352,Simplified BARK,141,0.1376953125,0.0,256.0,0.25,True,1458008542
8,10,2,0.076171875,0.009765625,0.0,352,Simplified BARK,175,0.1708984375,0.0,256.0,0.25,True,1458008542
8,10,2,0.076171875,0.009765625,0.0,352,Simplified BARK,217,0.2119140625,0.0,256.0,0.25,True,1458008542
8,10,2,0.076171875,0.009765625,0.0,352,Simplified BARK,269,0.2626953125,0.0,256.0,0.25,True,1458008542
8,10,2,0.076171875,0.009765625,0.0,352,Simplified BARK,333,0.3251953125,0.0,256.0,0.25,True,1458008542
8,10,2,0.076171875,0.009765625,0.0,352,Simplified BARK,413,0.4033203125,0.0,256.0,0.25,True,1458008542
8,10,2,0.076171875,0.009765625,0.0,352,Simplified BARK,512,0.5,0.0,256.0,0.25,True,1458008542
8,10,2,0.076171875,0.009765625,0.0,352,SKQD,1,0.0009765625,0.0,1.0,0.0009765625,True,1458008542
8,10,2,0.076171875,0.009765625,0.0,352,SKQD,2,0.001953125,0.0,1.0,0.0009765625,True,1458008542
8,10,2,0.076171875,0.009765625,0.0,352,SKQD,3,0.0029296875,0.0,1.0,0.0009765625,True,1458008542
8,10,2,0.076171875,0.009765625,0.0,352,SKQD,4,0.00390625,0.0,1.0,0.0009765625,True,1458008542
8,10,2,0.076171875,0.009765625,0.0,352,SKQD,5,0.0048828125,0.0,1.0,0.0009765625,True,1458008542
8,10,2,0.076171875,0.009765625,0.0,352,SKQD,6,0.005859375,0.0,1.0,0.0009765625,True,1458008542
8,10,2,0.076171875,0.009765625,0.0,352,SKQD,7,0.0068359375,0.0,1.0,0.0009765625,True,1458008542
8,10,2,0.076171875,0.009765625,0.0,352,SKQD,9,0.0087890625,0.0,1.0,0.0009765625,True,1458008542
8,10,2,0.076171875,0.009765625,0.0,352,SKQD,11,0.0107421875,0.0,1.0,0.0009765625,True,1458008542
8,10,2,0.076171875,0.009765625,0.0,352,SKQD,13,0.0126953125,0.0,1.0,0.0009765625,True,1458008542
8,10,2,0.076171875,0.009765625,0.0,352,SKQD,16,0.015625,0.0,1.0,0.0009765625,True,1458008542
8,10,2,0.076171875,0.009765625,0.0,352,SKQD,20,0.01953125,0.0,1.0,0.0009765625,True,1458008542
8,10,2,0.076171875,0.009765625,0.0,352,SKQD,25,0.0244140625,0.0,1.0,0.0009765625,True,1458008542
8,10,2,0.076171875,0.009765625,0.0,352,SKQD,31,0.0302734375,0.0,1.0,0.0009765625,True,1458008542
8,10,2,0.076171875,0.009765625,0.0,352,SKQD,39,0.0380859375,0.0,1.0,0.0009765625,True,1458008542
8,10,2,0.076171875,0.009765625,0.0,352,SKQD,48,0.046875,0.0,1.0,0.0009765625,True,1458008542
8,10,2,0.076171875,0.009765625,0.0,352,SKQD,60,0.05859375,0.0,1.0,0.0009765625,True,1458008542
8,10,2,0.076171875,0.009765625,0.0,352,SKQD,74,0.072265625,0.0,1.0,0.0009765625,True,1458008542
8,10,2,0.076171875,0.009765625,0.0,352,SKQD,92,0.08984375,0.0,1.0,0.0009765625,True,1458008542
8,10,2,0.076171875,0.009765625,0.0,352,SKQD,114,0.111328125,0.0,1.0,0.0009765625,True,1458008542
8,10,2,0.076171875,0.009765625,0.0,352,SKQD,141,0.1376953125,0.0,1.0,0.0009765625,True,1458008542
8,10,2,0.076171875,0.009765625,0.0,352,SKQD,175,0.1708984375,0.0,1.0,0.0009765625,True,1458008542
8,10,2,0.076171875,0.009765625,0.0,352,SKQD,217,0.2119140625,0.0,1.0,0.0009765625,True,1458008542
8,10,2,0.076171875,0.009765625,0.0,352,SKQD,269,0.2626953125,0.0,1.0,0.0009765625,True,1458008542
8,10,2,0.076171875,0.009765625,0.0,352,SKQD,333,0.3251953125,0.0,1.0,0.0009765625,True,1458008542
8,10,2,0.076171875,0.009765625,0.0,352,SKQD,413,0.4033203125,0.0,1.0,0.0009765625,True,1458008542
8,10,2,0.076171875,0.009765625,0.0,352,SKQD,512,0.5,0.0,1.0,0.0009765625,True,1458008542
8,10,2,0.076171875,0.009765625,0.0,352,Ceiling,1,0.0009765625,0.7901646460576011,512.0,0.5,False,1458008542
8,10,2,0.076171875,0.009765625,0.0,352,Ceiling,2,0.001953125,0.8549053499358372,512.0,0.5,False,1458008542
8,10,2,0.076171875,0.009765625,0.0,352,Ceiling,3,0.0029296875,0.9069295731037588,512.0,0.5,False,1458008542
8,10,2,0.076171875,0.009765625,0.0,352,Ceiling,4,0.00390625,0.9388030642008764,512.0,0.5,False,1458008542
8,10,2,0.076171875,0.009765625,0.0,352,Ceiling,5,0.0048828125,0.9669331616584339,512.0,0.5,False,1458008542
8,10,2,0.076171875,0.009765625,0.0,352,Ceiling,6,0.005859375,0.9768014233680837,512.0,0.5,False,1458008542
8,10,2,0.076171875,0.009765625,0.0,352,Ceiling,7,0.0068359375,0.9810639931681393,512.0,0.5,False,1458008542
8,10,2,0.076171875,0.009765625,0.0,352,Ceiling,9,0.0087890625,0.9872564973895198,512.0,0.5,False,1458008542
8,10,2,0.076171875,0.009765625,0.0,352,Ceiling,11,0.0107421875,0.99165814919146,512.0,0.5,False,1458008542
8,10,2,0.076171875,0.009765625,0.0,352,Ceiling,13,0.0126953125,0.9945763403146249,512.0,0.5,False,1458008542
8,10,2,0.076171875,0.009765625,0.0,352,Ceiling,16,0.015625,0.996611237460907,512.0,0.5,False,1458008542
8,10,2,0.076171875,0.009765625,0.0,352,Ceiling,20,0.01953125,0.9980017738617476,512.0,0.5,False,1458008542
8,10,2,0.076171875,0.009765625,0.0,352,Ceiling,25,0.0244140625,0.9988168033595635,512.0,0.5,False,1458008542
8,10,2,0.076171875,0.009765625,0.0,352,Ceiling,31,0.0302734375,0.9993685282212017,512.0,0.5,False,1458008542
8,10,2,0.076171875,0.009765625,0.0,352,Ceiling,39,0.0380859375,0.9997048724101099,512.0,0.5,False,1458008542
8,10,2,0.076171875,0.009765625,0.0,352,Ceiling,48,0.046875,0.9998443160109319,512.0,0.5,False,1458008542
8,10,2,0.076171875,0.009765625,0.0,352,Ceiling,60,0.05859375,0.9999301897795119,512.0,0.5,False,1458008542
8,10,2,0.076171875,0.009765625,0.0,352,Ceiling,74,0.072265625,0.9999770928066094,512.0,0.5,False,1458008542
8,10,2,0.076171875,0.009765625,0.0,352,Ceiling,92,0.08984375,0.9999910437708515,512.0,0.5,False,1458008542
8,10,2,0.076171875,0.009765625,0.0,352,Ceiling,114,0.111328125,0.9999968300601673,512.0,0.5,False,1458008542
8,10,2,0.076171875,0.009765625,0.0,352,Ceiling,141,0.1376953125,0.9999991379272384,512.0,0.5,False,1458008542
8,10,2,0.076171875,0.009765625,0.0,352,Ceiling,175,0.1708984375,0.9999998382420605,512.0,0.5,False,1458008542
8,10,2,0.076171875,0.009765625,0.0,352,Ceiling,217,0.2119140625,0.9999999872296553,512.0,0.5,False,1458008542
8,10,2,0.076171875,0.009765625,0.0,352,Ceiling,269,0.2626953125,0.9999999999999987,512.0,0.5,False,1458008542
8,10,2,0.076171875,0.009765625,0.0,352,Ceiling,333,0.3251953125,0.9999999999999987,512.0,0.5,False,1458008542
8,10,2,0.076171875,0.009765625,0.0,352,Ceiling,413,0.4033203125,0.9999999999999987,512.0,0.5,False,1458008542
8,10,2,0.076171875,0.009765625,0.0,352,Ceiling,512,0.5,0.9999999999999987,512.0,0.5,False,1458008542
8,10,3,0.4111328125,0.015625,0.0738097745780299,254,BARK,1,0.0009765625,0.0738097745780299,512.0,0.5,False,2072998550
8,10,3,0.4111328125,0.015625,0.0738097745780299,254,BARK,2,0.001953125,0.3301915890803939,512.0,0.5,False,2072998550
8,10,3,0.4111328125,0.015625,0.0738097745780299,254,BARK,3,0.0029296875,0.35597377428574906,512.0,0.5,False,2072998550
8,10,3,0.4111328125,0.015625,0.0738097745780299,254,BARK,4,0.00390625,0.3575592424287676,512.0,0.5,False,2072998550
8,10,3,0.4111328125,0.015625,0.0738097745780299,254,BARK,5,0.0048828125,0.3576391475116517,512.0,0.5,False,2072998550
8,10,3,0.4111328125,0.015625,0.0738097745780299,254,BARK,6,0.005859375,0.38336199862192016,512.0,0.5,False,2072998550
8,10,3,0.4111328125,0.015625,0.0738097745780299,254,BARK,7,0.0068359375,0.3934177394535088,512.0,0.5,False,2072998550
8,10,3,0.4111328125,0.015625,0.0738097745780299,254,BARK,9,0.0087890625,0.39809517441921155,512.0,0.5,False,2072998550
8,10,3,0.4111328125,0.015625,0.0738097745780299,254,BARK,11,0.0107421875,0.4049436206310309,512.0,0.5,False,2072998550
8,10,3,0.4111328125,0.015625,0.0738097745780299,254,BARK,13,0.0126953125,0.4073087816632114,512.0,0.5,False,2072998550
8,10,3,0.4111328125,0.015625,0.0738097745780299,254,BARK,16,0.015625,0.46773033748339826,512.0,0.5,False,2072998550
8,10,3,0.4111328125,0.015625,0.0738097745780299,254,BARK,20,0.01953125,0.476571858420737,512.0,0.5,False,2072998550
8,10,3,0.4111328125,0.015625,0.0738097745780299,254,BARK,25,0.0244140625,0.49037930788836626,512.0,0.5,False,2072998550
8,10,3,0.4111328125,0.015625,0.0738097745780299,254,BARK,31,0.0302734375,0.4927884168537525,512.0,0.5,False,2072998550
8,10,3,0.4111328125,0.015625,0.0738097745780299,254,BARK,39,0.0380859375,0.49757062578425326,512.0,0.5,False,2072998550
8,10,3,0.4111328125,0.015625,0.0738097745780299,254,BARK,48,0.046875,0.5126754509185,512.0,0.5,False,2072998550
8,10,3,0.4111328125,0.015625,0.0738097745780299,254,BARK,60,0.05859375,0.7429632215779016,512.0,0.5,False,2072998550
8,10,3,0.4111328125,0.015625,0.0738097745780299,254,BARK,74,0.072265625,0.817009425237229,512.0,0.5,False,2072998550
8,10,3,0.4111328125,0.015625,0.0738097745780299,254,BARK,92,0.08984375,0.8866808762801262,512.0,0.5,False,2072998550
8,10,3,0.4111328125,0.015625,0.0738097745780299,254,BARK,114,0.111328125,0.9573437662623177,512.0,0.5,False,2072998550
8,10,3,0.4111328125,0.015625,0.0738097745780299,254,BARK,141,0.1376953125,0.9743930815595782,512.0,0.5,False,2072998550
8,10,3,0.4111328125,0.015625,0.0738097745780299,254,BARK,175,0.1708984375,0.9888899410342287,512.0,0.5,False,2072998550
8,10,3,0.4111328125,0.015625,0.0738097745780299,254,BARK,217,0.2119140625,0.9932444282176944,512.0,0.5,False,2072998550
8,10,3,0.4111328125,0.015625,0.0738097745780299,254,BARK,269,0.2626953125,0.996397971478919,512.0,0.5,False,2072998550
8,10,3,0.4111328125,0.015625,0.0738097745780299,254,BARK,333,0.3251953125,0.9991442830411393,512.0,0.5,False,2072998550
8,10,3,0.4111328125,0.015625,0.0738097745780299,254,BARK,413,0.4033203125,0.9998925593892874,512.0,0.5,False,2072998550
8,10,3,0.4111328125,0.015625,0.0738097745780299,254,BARK,512,0.5,1.0000000000000004,512.0,0.5,False,2072998550
8,10,3,0.4111328125,0.015625,0.0738097745780299,254,Simplified BARK,1,0.0009765625,0.0738097745780299,512.0,0.5,False,2072998550
8,10,3,0.4111328125,0.015625,0.0738097745780299,254,Simplified BARK,2,0.001953125,0.3301915890803939,512.0,0.5,False,2072998550
8,10,3,0.4111328125,0.015625,0.0738097745780299,254,Simplified BARK,3,0.0029296875,0.35597377428574906,512.0,0.5,False,2072998550
8,10,3,0.4111328125,0.015625,0.0738097745780299,254,Simplified BARK,4,0.00390625,0.36455665170204327,512.0,0.5,False,2072998550
8,10,3,0.4111328125,0.015625,0.0738097745780299,254,Simplified BARK,5,0.0048828125,0.3666657568027454,512.0,0.5,False,2072998550
8,10,3,0.4111328125,0.015625,0.0738097745780299,254,Simplified BARK,6,0.005859375,0.36551314330512447,512.0,0.5,False,2072998550
8,10,3,0.4111328125,0.015625,0.0738097745780299,254,Simplified BARK,7,0.0068359375,0.39083777580334994,512.0,0.5,False,2072998550
8,10,3,0.4111328125,0.015625,0.0738097745780299,254,Simplified BARK,9,0.0087890625,0.39588152501498397,512.0,0.5,False,2072998550
8,10,3,0.4111328125,0.015625,0.0738097745780299,254,Simplified BARK,11,0.0107421875,0.4013547062759921,512.0,0.5,False,2072998550
8,10,3,0.4111328125,0.015625,0.0738097745780299,254,Simplified BARK,13,0.0126953125,0.4132246930685259,512.0,0.5,False,2072998550
8,10,3,0.4111328125,0.015625,0.0738097745780299,254,Simplified BARK,16,0.015625,0.4145985604831081,512.0,0.5,False,2072998550
8,10,3,0.4111328125,0.015625,0.0738097745780299,254,Simplified BARK,20,0.01953125,0.41978352623440823,512.0,0.5,False,2072998550
8,10,3,0.4111328125,0.015625,0.0738097745780299,254,Simplified BARK,25,0.0244140625,0.4231218609802937,512.0,0.5,False,2072998550
8,10,3,0.4111328125,0.015625,0.0738097745780299,254,Simplified BARK,31,0.0302734375,0.42154061968010925,512.0,0.5,False,2072998550
8,10,3,0.4111328125,0.015625,0.0738097745780299,254,Simplified BARK,39,0.0380859375,0.4212012788931613,512.0,0.5,False,2072998550
8,10,3,0.4111328125,0.015625,0.0738097745780299,254,Simplified BARK,48,0.046875,0.4204905059885431,512.0,0.5,False,2072998550
8,10,3,0.4111328125,0.015625,0.0738097745780299,254,Simplified BARK,60,0.05859375,0.43285566829787075,512.0,0.5,False,2072998550
8,10,3,0.4111328125,0.015625,0.0738097745780299,254,Simplified BARK,74,0.072265625,0.42828071789064276,512.0,0.5,False,2072998550
8,10,3,0.4111328125,0.015625,0.0738097745780299,254,Simplified BARK,92,0.08984375,0.4280159368014684,512.0,0.5,False,2072998550
8,10,3,0.4111328125,0.015625,0.0738097745780299,254,Simplified BARK,114,0.111328125,0.43136194375387993,512.0,0.5,False,2072998550
8,10,3,0.4111328125,0.015625,0.0738097745780299,254,Simplified BARK,141,0.1376953125,0.4507765731001225,512.0,0.5,False,2072998550
8,10,3,0.4111328125,0.015625,0.0738097745780299,254,Simplified BARK,175,0.1708984375,0.49250494055368493,512.0,0.5,False,2072998550
8,10,3,0.4111328125,0.015625,0.0738097745780299,254,Simplified BARK,217,0.2119140625,0.48984900496537004,512.0,0.5,False,2072998550
8,10,3,0.4111328125,0.015625,0.0738097745780299,254,Simplified BARK,269,0.2626953125,0.8351589990619589,512.0,0.5,False,2072998550
8,10,3,0.4111328125,0.015625,0.0738097745780299,254,Simplified BARK,333,0.3251953125,0.9069339227560633,512.0,0.5,False,2072998550
8,10,3,0.4111328125,0.015625,0.0738097745780299,254,Simplified BARK,413,0.4033203125,0.9164328412078069,512.0,0.5,False,2072998550
8,10,3,0.4111328125,0.015625,0.0738097745780299,254,Simplified BARK,512,0.5,1.0,512.0,0.5,False,2072998550
8,10,3,0.4111328125,0.015625,0.0738097745780299,254,SKQD,1,0.0009765625,0.0738097745780299,398.3333333333333,0.3889973958333333,True,2072998550
8,10,3,0.4111328125,0.015625,0.0738097745780299,254,SKQD,2,0.001953125,0.0738097745780299,398.3333333333333,0.3889973958333333,True,2072998550
8,10,3,0.4111328125,0.015625,0.0738097745780299,254,SKQD,3,0.0029296875,0.0738097745780299,398.3333333333333,0.3889973958333333,True,2072998550
8,10,3,0.4111328125,0.015625,0.0738097745780299,254,SKQD,4,0.00390625,0.0738097745780299,398.3333333333333,0.3889973958333333,True,2072998550
8,10,3,0.4111328125,0.015625,0.0738097745780299,254,SKQD,5,0.0048828125,0.0738097745780299,398.3333333333333,0.3889973958333333,True,2072998550
8,10,3,0.4111328125,0.015625,0.0738097745780299,254,SKQD,6,0.005859375,0.0738097745780299,398.3333333333333,0.3889973958333333,True,2072998550
8,10,3,0.4111328125,0.015625,0.0738097745780299,254,SKQD,7,0.0068359375,0.0738097745780299,398.3333333333333,0.3889973958333333,True,2072998550
8,10,3,0.4111328125,0.015625,0.0738097745780299,254,SKQD,9,0.0087890625,0.0738097745780299,398.3333333333333,0.3889973958333333,True,2072998550
8,10,3,0.4111328125,0.015625,0.0738097745780299,254,SKQD,11,0.0107421875,0.0738097745780299,398.3333333333333,0.3889973958333333,True,2072998550
8,10,3,0.4111328125,0.015625,0.0738097745780299,254,SKQD,13,0.0126953125,0.0738097745780299,398.3333333333333,0.3889973958333333,True,2072998550
8,10,3,0.4111328125,0.015625,0.0738097745780299,254,SKQD,16,0.015625,0.0738097745780299,398.3333333333333,0.3889973958333333,True,2072998550
8,10,3,0.4111328125,0.015625,0.0738097745780299,254,SKQD,20,0.01953125,0.0738097745780299,398.3333333333333,0.3889973958333333,True,2072998550
8,10,3,0.4111328125,0.015625,0.0738097745780299,254,SKQD,25,0.0244140625,0.0738097745780299,398.3333333333333,0.3889973958333333,True,2072998550
8,10,3,0.4111328125,0.015625,0.0738097745780299,254,SKQD,31,0.0302734375,0.0738097745780299,398.3333333333333,0.3889973958333333,True,2072998550
8,10,3,0.4111328125,0.015625,0.0738097745780299,254,SKQD,39,0.0380859375,0.21962129617993006,398.3333333333333,0.3889973958333333,True,2072998550
8,10,3,0.4111328125,0.015625,0.0738097745780299,254,SKQD,48,0.046875,0.578396276264065,398.3333333333333,0.3889973958333333,True,2072998550
8,10,3,0.4111328125,0.015625,0.0738097745780299,254,SKQD,60,0.05859375,0.578396276264065,398.3333333333333,0.3889973958333333,True,2072998550
8,10,3,0.4111328125,0.015625,0.0738097745780299,254,SKQD,74,0.072265625,0.578396276264065,398.3333333333333,0.3889973958333333,True,2072998550
8,10,3,0.4111328125,0.015625,0.0738097745780299,254,SKQD,92,0.08984375,0.8327834284597381,398.3333333333333,0.3889973958333333,True,2072998550
8,10,3,0.4111328125,0.015625,0.0738097745780299,254,SKQD,114,0.111328125,0.8490257715866673,398.3333333333333,0.3889973958333333,True,2072998550
8,10,3,0.4111328125,0.015625,0.0738097745780299,254,SKQD,141,0.1376953125,0.8844998865155054,398.3333333333333,0.3889973958333333,True,2072998550
8,10,3,0.4111328125,0.015625,0.0738097745780299,254,SKQD,175,0.1708984375,0.928374198984601,398.3333333333333,0.3889973958333333,True,2072998550
8,10,3,0.4111328125,0.015625,0.0738097745780299,254,SKQD,217,0.2119140625,0.9588079805350728,398.3333333333333,0.3889973958333333,True,2072998550
8,10,3,0.4111328125,0.015625,0.0738097745780299,254,SKQD,269,0.2626953125,0.9763291621077554,398.3333333333333,0.3889973958333333,True,2072998550
8,10,3,0.4111328125,0.015625,0.0738097745780299,254,SKQD,333,0.3251953125,0.98908905325347,398.3333333333333,0.3889973958333333,True,2072998550
8,10,3,0.4111328125,0.015625,0.0738097745780299,254,SKQD,413,0.4033203125,0.9974575508777063,398.3333333333333,0.3889973958333333,True,2072998550
8,10,3,0.4111328125,0.015625,0.0738097745780299,254,SKQD,512,0.5,0.997510100353361,398.3333333333333,0.3889973958333333,True,2072998550
8,10,3,0.4111328125,0.015625,0.0738097745780299,254,Ceiling,1,0.0009765625,0.2569508386699379,512.0,0.5,False,2072998550
8,10,3,0.4111328125,0.015625,0.0738097745780299,254,Ceiling,2,0.001953125,0.45967617363371815,512.0,0.5,False,2072998550
8,10,3,0.4111328125,0.015625,0.0738097745780299,254,Ceiling,3,0.0029296875,0.533485948211748,512.0,0.5,False,2072998550
8,10,3,0.4111328125,0.015625,0.0738097745780299,254,Ceiling,4,0.00390625,0.5708078346024037,512.0,0.5,False,2072998550
8,10,3,0.4111328125,0.015625,0.0738097745780299,254,Ceiling,5,0.0048828125,0.6055669872237098,512.0,0.5,False,2072998550
8,10,3,0.4111328125,0.015625,0.0738097745780299,254,Ceiling,6,0.005859375,0.6396661786384559,512.0,0.5,False,2072998550
8,10,3,0.4111328125,0.015625,0.0738097745780299,254,Ceiling,7,0.0068359375,0.6687345297241664,512.0,0.5,False,2072998550
8,10,3,0.4111328125,0.015625,0.0738097745780299,254,Ceiling,9,0.0087890625,0.7228003723670433,512.0,0.5,False,2072998550
8,10,3,0.4111328125,0.015625,0.0738097745780299,254,Ceiling,11,0.0107421875,0.7584638491104458,512.0,0.5,False,2072998550
8,10,3,0.4111328125,0.015625,0.0738097745780299,254,Ceiling,13,0.0126953125,0.7875907639039438,512.0,0.5,False,2072998550
8,10,3,0.4111328125,0.015625,0.0738097745780299,254,Ceiling,16,0.015625,0.8173376341086982,512.0,0.5,False,2072998550
8,10,3,0.4111328125,0.015625,0.0738097745780299,254,Ceiling,20,0.01953125,0.8482544782662461,512.0,0.5,False,2072998550
8,10,3,0.4111328125,0.015625,0.0738097745780299,254,Ceiling,25,0.0244140625,0.8761692000172421,512.0,0.5,False,2072998550
8,10,3,0.4111328125,0.015625,0.0738097745780299,254,Ceiling,31,0.0302734375,0.902098279913539,512.0,0.5,False,2072998550
8,10,3,0.4111328125,0.015625,0.0738097745780299,254,Ceiling,39,0.0380859375,0.9238677498749898,512.0,0.5,False,2072998550
8,10,3,0.4111328125,0.015625,0.0738097745780299,254,Ceiling,48,0.046875,0.9412176696407323,512.0,0.5,False,2072998550
8,10,3,0.4111328125,0.015625,0.0738097745780299,254,Ceiling,60,0.05859375,0.9571730258849829,512.0,0.5,False,2072998550
8,10,3,0.4111328125,0.015625,0.0738097745780299,254,Ceiling,74,0.072265625,0.9682345262982588,512.0,0.5,False,2072998550
8,10,3,0.4111328125,0.015625,0.0738097745780299,254,Ceiling,92,0.08984375,0.9779577516586934,512.0,0.5,False,2072998550
8,10,3,0.4111328125,0.015625,0.0738097745780299,254,Ceiling,114,0.111328125,0.9857069612450645,512.0,0.5,False,2072998550
8,10,3,0.4111328125,0.015625,0.0738097745780299,254,Ceiling,141,0.1376953125,0.9911441911435062,512.0,0.5,False,2072998550
8,10,3,0.4111328125,0.015625,0.0738097745780299,254,Ceiling,175,0.1708984375,0.9951093811590425,512.0,0.5,False,2072998550
8,10,3,0.4111328125,0.015625,0.0738097745780299,254,Ceiling,217,0.2119140625,0.9976340261223711,512.0,0.5,False,2072998550
8,10,3,0.4111328125,0.015625,0.0738097745780299,254,Ceiling,269,0.2626953125,0.9989833728546629,512.0,0.5,False,2072998550
8,10,3,0.4111328125,0.015625,0.0738097745780299,254,Ceiling,333,0.3251953125,0.9996987197233362,512.0,0.5,False,2072998550
8,10,3,0.4111328125,0.015625,0.0738097745780299,254,Ceiling,413,0.4033203125,0.999960712592032,512.0,0.5,False,2072998550
8,10,3,0.4111328125,0.015625,0.0738097745780299,254,Ceiling,512,0.5,1.0000000000000002,512.0,0.5,False,2072998550
8,10,3,0.4111328125,0.015625,0.20272533496378028,214,BARK,1,0.0009765625,0.20272533496378028,512.0,0.5,False,2072998550
8,10,3,0.4111328125,0.015625,0.20272533496378028,214,BARK,2,0.001953125,0.45901923402944395,512.0,0.5,False,2072998550
8,10,3,0.4111328125,0.015625,0.20272533496378028,214,BARK,3,0.0029296875,0.5112724840762987,512.0,0.5,False,2072998550
8,10,3,0.4111328125,0.015625,0.20272533496378028,214,BARK,4,0.00390625,0.5115150240540045,512.0,0.5,False,2072998550
8,10,3,0.4111328125,0.015625,0.20272533496378028,214,BARK,5,0.0048828125,0.5505220862212364,512.0,0.5,False,2072998550
8,10,3,0.4111328125,0.015625,0.20272533496378028,214,BARK,6,0.005859375,0.5733008842307576,512.0,0.5,False,2072998550
8,10,3,0.4111328125,0.015625,0.20272533496378028,214,BARK,7,0.0068359375,0.5739277236860337,512.0,0.5,False,2072998550
8,10,3,0.4111328125,0.015625,0.20272533496378028,214,BARK,9,0.0087890625,0.5823927280424218,512.0,0.5,False,2072998550
8,10,3,0.4111328125,0.015625,0.20272533496378028,214,BARK,11,0.0107421875,0.6242145651305966,512.0,0.5,False,2072998550
8,10,3,0.4111328125,0.015625,0.20272533496378028,214,BARK,13,0.0126953125,0.6330216316726527,512.0,0.5,False,2072998550
8,10,3,0.4111328125,0.015625,0.20272533496378028,214,BARK,16,0.015625,0.6340670899974734,512.0,0.5,False,2072998550
8,10,3,0.4111328125,0.015625,0.20272533496378028,214,BARK,20,0.01953125,0.6775648709776496,512.0,0.5,False,2072998550
8,10,3,0.4111328125,0.015625,0.20272533496378028,214,BARK,25,0.0244140625,0.7086503761404687,512.0,0.5,False,2072998550
8,10,3,0.4111328125,0.015625,0.20272533496378028,214,BARK,31,0.0302734375,0.7213799776977549,512.0,0.5,False,2072998550
8,10,3,0.4111328125,0.015625,0.20272533496378028,214,BARK,39,0.0380859375,0.7213051924450131,512.0,0.5,False,2072998550
8,10,3,0.4111328125,0.015625,0.20272533496378028,214,BARK,48,0.046875,0.7227873582874744,512.0,0.5,False,2072998550
8,10,3,0.4111328125,0.015625,0.20272533496378028,214,BARK,60,0.05859375,0.722703013950318,512.0,0.5,False,2072998550
8,10,3,0.4111328125,0.015625,0.20272533496378028,214,BARK,74,0.072265625,0.7872138502792431,512.0,0.5,False,2072998550
8,10,3,0.4111328125,0.015625,0.20272533496378028,214,BARK,92,0.08984375,0.9077875834947428,512.0,0.5,False,2072998550
8,10,3,0.4111328125,0.015625,0.20272533496378028,214,BARK,114,0.111328125,0.9362168082484938,512.0,0.5,False,2072998550
8,10,3,0.4111328125,0.015625,0.20272533496378028,214,BARK,141,0.1376953125,0.9608801818767173,512.0,0.5,False,2072998550
8,10,3,0.4111328125,0.015625,0.20272533496378028,214,BARK,175,0.1708984375,0.9820848670259953,512.0,0.5,False,2072998550
8,10,3,0.4111328125,0.015625,0.20272533496378028,214,BARK,217,0.2119140625,0.9913332383380382,512.0,0.5,False,2072998550
8,10,3,0.4111328125,0.015625,0.20272533496378028,214,BARK,269,0.2626953125,0.9969105230409925,512.0,0.5,False,2072998550
8,10,3,0.4111328125,0.015625,0.20272533496378028,214,BARK,333,0.3251953125,0.9989889660032247,512.0,0.5,False,2072998550
8,10,3,0.4111328125,0.015625,0.20272533496378028,214,BARK,413,0.4033203125,0.9998834031741898,512.0,0.5,False,2072998550
8,10,3,0.4111328125,0.015625,0.20272533496378028,214,BARK,512,0.5,0.9999999999999998,512.0,0.5,False,2072998550
8,10,3,0.4111328125,0.015625,0.20272533496378028,214,Simplified BARK,1,0.0009765625,0.20272533496378028,512.0,0.5,False,2072998550
8,10,3,0.4111328125,0.015625,0.20272533496378028,214,Simplified BARK,2,0.001953125,0.22159376481065482,512.0,0.5,False,2072998550
8,10,3,0.4111328125,0.015625,0.20272533496378028,214,Simplified BARK,3,0.0029296875,0.2316395641199308,512.0,0.5,False,2072998550
8,10,3,0.4111328125,0.015625,0.20272533496378028,214,Simplified BARK,4,0.00390625,0.2384671510626769,512.0,0.5,False,2072998550
8,10,3,0.4111328125,0.015625,0.20272533496378028,214,Simplified BARK,5,0.0048828125,0.25467567189277185,512.0,0.5,False,2072998550
8,10,3,0.4111328125,0.015625,0.20272533496378028,214,Simplified BARK,6,0.005859375,0.2573065843283481,512.0,0.5,False,2072998550
8,10,3,0.4111328125,0.015625,0.20272533496378028,214,Simplified BARK,7,0.0068359375,0.25749041827748226,512.0,0.5,False,2072998550
8,10,3,0.4111328125,0.015625,0.20272533496378028,214,Simplified BARK,9,0.0087890625,0.2593788830732949,512.0,0.5,False,2072998550
8,10,3,0.4111328125,0.015625,0.20272533496378028,214,Simplified BARK,11,0.0107421875,0.2596521629980978,512.0,0.5,False,2072998550
8,10,3,0.4111328125,0.015625,0.20272533496378028,214,Simplified BARK,13,0.0126953125,0.29740873552923014,512.0,0.5,False,2072998550
8,10,3,0.4111328125,0.015625,0.20272533496378028,214,Simplified BARK,16,0.015625,0.28687407829316597,512.0,0.5,False,2072998550
8,10,3,0.4111328125,0.015625,0.20272533496378028,214,Simplified BARK,20,0.01953125,0.29779413351771655,512.0,0.5,False,2072998550
8,10,3,0.4111328125,0.015625,0.20272533496378028,214,Simplified BARK,25,0.0244140625,0.2974582929565883,512.0,0.5,False,2072998550
8,10,3,0.4111328125,0.015625,0.20272533496378028,214,Simplified BARK,31,0.0302734375,0.29848926080244353,512.0,0.5,False,2072998550
8,10,3,0.4111328125,0.015625,0.20272533496378028,214,Simplified BARK,39,0.0380859375,0.2988341498130687,512.0,0.5,False,2072998550
8,10,3,0.4111328125,0.015625,0.20272533496378028,214,Simplified BARK,48,0.046875,0.29962987080947256,512.0,0.5,False,2072998550
8,10,3,0.4111328125,0.015625,0.20272533496378028,214,Simplified BARK,60,0.05859375,0.3040827033211293,512.0,0.5,False,2072998550
8,10,3,0.4111328125,0.015625,0.20272533496378028,214,Simplified BARK,74,0.072265625,0.31494480437523853,512.0,0.5,False,2072998550
8,10,3,0.4111328125,0.015625,0.20272533496378028,214,Simplified BARK,92,0.08984375,0.3645203866386643,512.0,0.5,False,2072998550
8,10,3,0.4111328125,0.015625,0.20272533496378028,214,Simplified BARK,114,0.111328125,0.36484563169652834,512.0,0.5,False,2072998550
8,10,3,0.4111328125,0.015625,0.20272533496378028,214,Simplified BARK,141,0.1376953125,0.657626090620564,512.0,0.5,False,2072998550
8,10,3,0.4111328125,0.015625,0.20272533496378028,214,Simplified BARK,175,0.1708984375,0.8104100284276434,512.0,0.5,False,2072998550
8,10,3,0.4111328125,0.015625,0.20272533496378028,214,Simplified BARK,217,0.2119140625,0.8352139513470103,512.0,0.5,False,2072998550
8,10,3,0.4111328125,0.015625,0.20272533496378028,214,Simplified BARK,269,0.2626953125,0.8351589990619589,512.0,0.5,False,2072998550
8,10,3,0.4111328125,0.015625,0.20272533496378028,214,Simplified BARK,333,0.3251953125,0.9069339227560633,512.0,0.5,False,2072998550
8,10,3,0.4111328125,0.015625,0.20272533496378028,214,Simplified BARK,413,0.4033203125,0.9164328412078073,512.0,0.5,False,2072998550
8,10,3,0.4111328125,0.015625,0.20272533496378028,214,Simplified BARK,512,0.5,0.9999999999999998,512.0,0.5,False,2072998550
8,10,3,0.4111328125,0.015625,0.20272533496378028,214,SKQD,1,0.0009765625,0.20272533496378028,385.0,0.3759765625,True,2072998550
8,10,3,0.4111328125,0.015625,0.20272533496378028,214,SKQD,2,0.001953125,0.20272533496378028,385.0,0.3759765625,True,2072998550
8,10,3,0.4111328125,0.015625,0.20272533496378028,214,SKQD,3,0.0029296875,0.20272533496378028,385.0,0.3759765625,True,2072998550
8,10,3,0.4111328125,0.015625,0.20272533496378028,214,SKQD,4,0.00390625,0.20272533496378028,385.0,0.3759765625,True,2072998550
8,10,3,0.4111328125,0.015625,0.20272533496378028,214,SKQD,5,0.0048828125,0.20272533496378028,385.0,0.3759765625,True,2072998550
8,10,3,0.4111328125,0.015625,0.20272533496378028,214,SKQD,6,0.005859375,0.20272533496378028,385.0,0.3759765625,True,2072998550
8,10,3,0.4111328125,0.015625,0.20272533496378028,214,SKQD,7,0.0068359375,0.20272533496378028,385.0,0.3759765625,True,2072998550
8,10,3,0.4111328125,0.015625,0.20272533496378028,214,SKQD,9,0.0087890625,0.20272533496378028,385.0,0.3759765625,True,2072998550
8,10,3,0.4111328125,0.015625,0.20272533496378028,214,SKQD,11,0.0107421875,0.3363093678776996,385.0,0.3759765625,True,2072998550
8,10,3,0.4111328125,0.015625,0.20272533496378028,214,SKQD,13,0.0126953125,0.3363093678776996,385.0,0.3759765625,True,2072998550
8,10,3,0.4111328125,0.015625,0.20272533496378028,214,SKQD,16,0.015625,0.4413345286100341,385.0,0.3759765625,True,2072998550
8,10,3,0.4111328125,0.015625,0.20272533496378028,214,SKQD,20,0.01953125,0.4413345286100341,385.0,0.3759765625,True,2072998550
8,10,3,0.4111328125,0.015625,0.20272533496378028,214,SKQD,25,0.0244140625,0.6063085343507412,385.0,0.3759765625,True,2072998550
8,10,3,0.4111328125,0.015625,0.20272533496378028,214,SKQD,31,0.0302734375,0.6278502605395967,385.0,0.3759765625,True,2072998550
8,10,3,0.4111328125,0.015625,0.20272533496378028,214,SKQD,39,0.0380859375,0.6278502605395967,385.0,0.3759765625,True,2072998550
8,10,3,0.4111328125,0.015625,0.20272533496378028,214,SKQD,48,0.046875,0.683123854928804,385.0,0.3759765625,True,2072998550
8,10,3,0.4111328125,0.015625,0.20272533496378028,214,SKQD,60,0.05859375,0.6910322272864632,385.0,0.3759765625,True,2072998550
8,10,3,0.4111328125,0.015625,0.20272533496378028,214,SKQD,74,0.072265625,0.7193067263569161,385.0,0.3759765625,True,2072998550
8,10,3,0.4111328125,0.015625,0.20272533496378028,214,SKQD,92,0.08984375,0.8411638256731774,385.0,0.3759765625,True,2072998550
8,10,3,0.4111328125,0.015625,0.20272533496378028,214,SKQD,114,0.111328125,0.8832991201069724,385.0,0.3759765625,True,2072998550
8,10,3,0.4111328125,0.015625,0.20272533496378028,214,SKQD,141,0.1376953125,0.9309652884179599,385.0,0.3759765625,True,2072998550
8,10,3,0.4111328125,0.015625,0.20272533496378028,214,SKQD,175,0.1708984375,0.9444406626480671,385.0,0.3759765625,True,2072998550
8,10,3,0.4111328125,0.015625,0.20272533496378028,214,SKQD,217,0.2119140625,0.9722655407610267,385.0,0.3759765625,True,2072998550
8,10,3,0.4111328125,0.015625,0.20272533496378028,214,SKQD,269,0.2626953125,0.9845939931304315,385.0,0.3759765625,True,2072998550
8,10,3,0.4111328125,0.015625,0.20272533496378028,214,SKQD,333,0.3251953125,0.9930699468680201,385.0,0.3759765625,True,2072998550
8,10,3,0.4111328125,0.015625,0.20272533496378028,214,SKQD,413,0.4033203125,0.997039066400053,385.0,0.3759765625,True,2072998550
8,10,3,0.4111328125,0.015625,0.20272533496378028,214,SKQD,512,0.5,0.997039066400053,385.0,0.3759765625,True,2072998550
8,10,3,0.4111328125,0.015625,0.20272533496378028,214,Ceiling,1,0.0009765625,0.2569508386699379,512.0,0.5,False,2072998550
8,10,3,0.4111328125,0.015625,0.20272533496378028,214,Ceiling,2,0.001953125,0.45967617363371815,512.0,0.5,False,2072998550
8,10,3,0.4111328125,0.015625,0.20272533496378028,214,Ceiling,3,0.0029296875,0.533485948211748,512.0,0.5,False,2072998550
8,10,3,0.4111328125,0.015625,0.20272533496378028,214,Ceiling,4,0.00390625,0.5708078346024037,512.0,0.5,False,2072998550
8,10,3,0.4111328125,0.015625,0.20272533496378028,214,Ceiling,5,0.0048828125,0.6055669872237098,512.0,0.5,False,2072998550
8,10,3,0.4111328125,0.015625,0.20272533496378028,214,Ceiling,6,0.005859375,0.6396661786384559,512.0,0.5,False,2072998550
8,10,3,0.4111328125,0.015625,0.20272533496378028,214,Ceiling,7,0.0068359375,0.6687345297241664,512.0,0.5,False,2072998550
8,10,3,0.4111328125,0.015625,0.20272533496378028,214,Ceiling,9,0.0087890625,0.7228003723670433,512.0,0.5,False,2072998550
8,10,3,0.4111328125,0.015625,0.20272533496378028,214,Ceiling,11,0.0107421875,0.7584638491104458,512.0,0.5,False,2072998550
8,10,3,0.4111328125,0.015625,0.20272533496378028,214,Ceiling,13,0.0126953125,0.7875907639039438,512.0,0.5,False,2072998550
8,10,3,0.4111328125,0.015625,0.20272533496378028,214,Ceiling,16,0.015625,0.8173376341086982,512.0,0.5,False,2072998550
8,10,3,0.4111328125,0.015625,0.20272533496378028,214,Ceiling,20,0.01953125,0.8482544782662461,512.0,0.5,False,2072998550
8,10,3,0.4111328125,0.015625,0.20272533496378028,214,Ceiling,25,0.0244140625,0.8761692000172421,512.0,0.5,False,2072998550
8,10,3,0.4111328125,0.015625,0.20272533496378028,214,Ceiling,31,0.0302734375,0.902098279913539,512.0,0.5,False,2072998550
8,10,3,0.4111328125,0.015625,0.20272533496378028,214,Ceiling,39,0.0380859375,0.9238677498749898,512.0,0.5,False,2072998550
8,10,3,0.4111328125,0.015625,0.20272533496378028,214,Ceiling,48,0.046875,0.9412176696407323,512.0,0.5,False,2072998550
8,10,3,0.4111328125,0.015625,0.20272533496378028,214,Ceiling,60,0.05859375,0.9571730258849829,512.0,0.5,False,2072998550
8,10,3,0.4111328125,0.015625,0.20272533496378028,214,Ceiling,74,0.072265625,0.9682345262982588,512.0,0.5,False,2072998550
8,10,3,0.4111328125,0.015625,0.20272533496378028,214,Ceiling,92,0.08984375,0.9779577516586934,512.0,0.5,False,2072998550
8,10,3,0.4111328125,0.015625,0.20272533496378028,214,Ceiling,114,0.111328125,0.9857069612450645,512.0,0.5,False,2072998550
8,10,3,0.4111328125,0.015625,0.20272533496378028,214,Ceiling,141,0.1376953125,0.9911441911435062,512.0,0.5,False,2072998550
8,10,3,0.4111328125,0.015625,0.20272533496378028,214,Ceiling,175,0.1708984375,0.9951093811590425,512.0,0.5,False,2072998550
8,10,3,0.4111328125,0.015625,0.20272533496378028,214,Ceiling,217,0.2119140625,0.9976340261223711,512.0,0.5,False,2072998550
8,10,3,0.4111328125,0.015625,0.20272533496378028,214,Ceiling,269,0.2626953125,0.9989833728546629,512.0,0.5,False,2072998550
8,10,3,0.4111328125,0.015625,0.20272533496378028,214,Ceiling,333,0.3251953125,0.9996987197233362,512.0,0.5,False,2072998550
8,10,3,0.4111328125,0.015625,0.20272533496378028,214,Ceiling,413,0.4033203125,0.999960712592032,512.0,0.5,False,2072998550
8,10,3,0.4111328125,0.015625,0.20272533496378028,214,Ceiling,512,0.5,1.0000000000000002,512.0,0.5,False,2072998550
8,10,3,0.4111328125,0.015625,0.2569508386699379,94,BARK,1,0.0009765625,0.2569508386699379,512.0,0.5,False,2072998550
8,10,3,0.4111328125,0.015625,0.2569508386699379,94,BARK,2,0.001953125,0.3301915890803939,512.0,0.5,False,2072998550
8,10,3,0.4111328125,0.015625,0.2569508386699379,94,BARK,3,0.0029296875,0.35597377428574944,512.0,0.5,False,2072998550
8,10,3,0.4111328125,0.015625,0.2569508386699379,94,BARK,4,0.00390625,0.357559242428768,512.0,0.5,False,2072998550
8,10,3,0.4111328125,0.015625,0.2569508386699379,94,BARK,5,0.0048828125,0.3576391475116517,512.0,0.5,False,2072998550
8,10,3,0.4111328125,0.015625,0.2569508386699379,94,BARK,6,0.005859375,0.3833619986219203,512.0,0.5,False,2072998550
8,10,3,0.4111328125,0.015625,0.2569508386699379,94,BARK,7,0.0068359375,0.3934177394535089,512.0,0.5,False,2072998550
8,10,3,0.4111328125,0.015625,0.2569508386699379,94,BARK,9,0.0087890625,0.3980951744192113,512.0,0.5,False,2072998550
8,10,3,0.4111328125,0.015625,0.2569508386699379,94,BARK,11,0.0107421875,0.404943620631031,512.0,0.5,False,2072998550
8,10,3,0.4111328125,0.015625,0.2569508386699379,94,BARK,13,0.0126953125,0.40730878166321155,512.0,0.5,False,2072998550
8,10,3,0.4111328125,0.015625,0.2569508386699379,94,BARK,16,0.015625,0.46773033748339826,512.0,0.5,False,2072998550
8,10,3,0.4111328125,0.015625,0.2569508386699379,94,BARK,20,0.01953125,0.476571858420737,512.0,0.5,False,2072998550
8,10,3,0.4111328125,0.015625,0.2569508386699379,94,BARK,25,0.0244140625,0.4903793078883664,512.0,0.5,False,2072998550
8,10,3,0.4111328125,0.015625,0.2569508386699379,94,BARK,31,0.0302734375,0.49278841685375235,512.0,0.5,False,2072998550
8,10,3,0.4111328125,0.015625,0.2569508386699379,94,BARK,39,0.0380859375,0.4975706257842531,512.0,0.5,False,2072998550
8,10,3,0.4111328125,0.015625,0.2569508386699379,94,BARK,48,0.046875,0.5126754509185001,512.0,0.5,False,2072998550
8,10,3,0.4111328125,0.015625,0.2569508386699379,94,BARK,60,0.05859375,0.7429632215779016,512.0,0.5,False,2072998550
8,10,3,0.4111328125,0.015625,0.2569508386699379,94,BARK,74,0.072265625,0.8170094252372285,512.0,0.5,False,2072998550
8,10,3,0.4111328125,0.015625,0.2569508386699379,94,BARK,92,0.08984375,0.8866808762801259,512.0,0.5,False,2072998550
8,10,3,0.4111328125,0.015625,0.2569508386699379,94,BARK,114,0.111328125,0.9573437662623172,512.0,0.5,False,2072998550
8,10,3,0.4111328125,0.015625,0.2569508386699379,94,BARK,141,0.1376953125,0.9743930815595779,512.0,0.5,False,2072998550
8,10,3,0.4111328125,0.015625,0.2569508386699379,94,BARK,175,0.1708984375,0.9888899410342291,512.0,0.5,False,2072998550
8,10,3,0.4111328125,0.015625,0.2569508386699379,94,BARK,217,0.2119140625,0.9932444282176947,512.0,0.5,False,2072998550
8,10,3,0.4111328125,0.015625,0.2569508386699379,94,BARK,269,0.2626953125,0.9963979714789192,512.0,0.5,False,2072998550
8,10,3,0.4111328125,0.015625,0.2569508386699379,94,BARK,333,0.3251953125,0.9991442830411389,512.0,0.5,False,2072998550
8,10,3,0.4111328125,0.015625,0.2569508386699379,94,BARK,413,0.4033203125,0.999892559389287,512.0,0.5,False,2072998550
8,10,3,0.4111328125,0.015625,0.2569508386699379,94,BARK,512,0.5,1.0000000000000004,512.0,0.5,False,2072998550
8,10,3,0.4111328125,0.015625,0.2569508386699379,94,Simplified BARK,1,0.0009765625,0.2569508386699379,512.0,0.5,False,2072998550
8,10,3,0.4111328125,0.015625,0.2569508386699379,94,Simplified BARK,2,0.001953125,0.282333837889571,512.0,0.5,False,2072998550
8,10,3,0.4111328125,0.015625,0.2569508386699379,94,Simplified BARK,3,0.0029296875,0.35597377428574944,512.0,0.5,False,2072998550
8,10,3,0.4111328125,0.015625,0.2569508386699379,94,Simplified BARK,4,0.00390625,0.3645566517020434,512.0,0.5,False,2072998550
8,10,3,0.4111328125,0.015625,0.2569508386699379,94,Simplified BARK,5,0.0048828125,0.3666657568027454,512.0,0.5,False,2072998550
8,10,3,0.4111328125,0.015625,0.2569508386699379,94,Simplified BARK,6,0.005859375,0.36551314330512447,512.0,0.5,False,2072998550
8,10,3,0.4111328125,0.015625,0.2569508386699379,94,Simplified BARK,7,0.0068359375,0.3908377758033498,512.0,0.5,False,2072998550
8,10,3,0.4111328125,0.015625,0.2569508386699379,94,Simplified BARK,9,0.0087890625,0.3958815250149838,512.0,0.5,False,2072998550
8,10,3,0.4111328125,0.015625,0.2569508386699379,94,Simplified BARK,11,0.0107421875,0.4013547062759921,512.0,0.5,False,2072998550
8,10,3,0.4111328125,0.015625,0.2569508386699379,94,Simplified BARK,13,0.0126953125,0.4132246930685259,512.0,0.5,False,2072998550
8,10,3,0.4111328125,0.015625,0.2569508386699379,94,Simplified BARK,16,0.015625,0.4145985604831083,512.0,0.5,False,2072998550
8,10,3,0.4111328125,0.015625,0.2569508386699379,94,Simplified BARK,20,0.01953125,0.41978352623440834,512.0,0.5,False,2072998550
8,10,3,0.4111328125,0.015625,0.2569508386699379,94,Simplified BARK,25,0.0244140625,0.4231218609802938,512.0,0.5,False,2072998550
8,10,3,0.4111328125,0.015625,0.2569508386699379,94,Simplified BARK,31,0.0302734375,0.4215406196801097,512.0,0.5,False,2072998550
8,10,3,0.4111328125,0.015625,0.2569508386699379,94,Simplified BARK,39,0.0380859375,0.42120127889316145,512.0,0.5,False,2072998550
8,10,3,0.4111328125,0.015625,0.2569508386699379,94,Simplified BARK,48,0.046875,0.4204905059885432,512.0,0.5,False,2072998550
8,10,3,0.4111328125,0.015625,0.2569508386699379,94,Simplified BARK,60,0.05859375,0.43285566829787103,512.0,0.5,False,2072998550
8,10,3,0.4111328125,0.015625,0.2569508386699379,94,Simplified BARK,74,0.072265625,0.4282807178906426,512.0,0.5,False,2072998550
8,10,3,0.4111328125,0.015625,0.2569508386699379,94,Simplified BARK,92,0.08984375,0.42801593680146865,512.0,0.5,False,2072998550
8,10,3,0.4111328125,0.015625,0.2569508386699379,94,Simplified BARK,114,0.111328125,0.4313619437538802,512.0,0.5,False,2072998550
8,10,3,0.4111328125,0.015625,0.2569508386699379,94,Simplified BARK,141,0.1376953125,0.4507765731001229,512.0,0.5,False,2072998550
8,10,3,0.4111328125,0.015625,0.2569508386699379,94,Simplified BARK,175,0.1708984375,0.49250494055368554,512.0,0.5,False,2072998550
8,10,3,0.4111328125,0.015625,0.2569508386699379,94,Simplified BARK,217,0.2119140625,0.4898490049653702,512.0,0.5,False,2072998550
8,10,3,0.4111328125,0.015625,0.2569508386699379,94,Simplified BARK,269,0.2626953125,0.8351589990619585,512.0,0.5,False,2072998550
8,10,3,0.4111328125,0.015625,0.2569508386699379,94,Simplified BARK,333,0.3251953125,0.9069339227560629,512.0,0.5,False,2072998550
8,10,3,0.4111328125,0.015625,0.2569508386699379,94,Simplified BARK,413,0.4033203125,0.9164328412078071,512.0,0.5,False,2072998550
8,10,3,0.4111328125,0.015625,0.2569508386699379,94,Simplified BARK,512,0.5,1.0000000000000009,512.0,0.5,False,2072998550
8,10,3,0.4111328125,0.015625,0.2569508386699379,94,SKQD,1,0.0009765625,0.2569508386699379,368.0,0.359375,True,2072998550
8,10,3,0.4111328125,0.015625,0.2569508386699379,94,SKQD,2,0.001953125,0.2908772104767478,368.0,0.359375,True,2072998550
8,10,3,0.4111328125,0.015625,0.2569508386699379,94,SKQD,3,0.0029296875,0.2908772104767478,368.0,0.359375,True,2072998550
8,10,3,0.4111328125,0.015625,0.2569508386699379,94,SKQD,4,0.00390625,0.2908772104767478,368.0,0.359375,True,2072998550
8,10,3,0.4111328125,0.015625,0.2569508386699379,94,SKQD,5,0.0048828125,0.2908772104767478,368.0,0.359375,True,2072998550
8,10,3,0.4111328125,0.015625,0.2569508386699379,94,SKQD,6,0.005859375,0.3318879360296172,368.0,0.359375,True,2072998550
8,10,3,0.4111328125,0.015625,0.2569508386699379,94,SKQD,7,0.0068359375,0.3318879360296172,368.0,0.359375,True,2072998550
8,10,3,0.4111328125,0.015625,0.2569508386699379,94,SKQD,9,0.0087890625,0.3643980592997302,368.0,0.359375,True,2072998550
8,10,3,0.4111328125,0.015625,0.2569508386699379,94,SKQD,11,0.0107421875,0.4817254426893191,368.0,0.359375,True,2072998550
8,10,3,0.4111328125,0.015625,0.2569508386699379,94,SKQD,13,0.0126953125,0.4817254426893191,368.0,0.359375,True,2072998550
8,10,3,0.4111328125,0.015625,0.2569508386699379,94,SKQD,16,0.015625,0.5428877765306453,368.0,0.359375,True,2072998550
8,10,3,0.4111328125,0.015625,0.2569508386699379,94,SKQD,20,0.01953125,0.5972637491404996,368.0,0.359375,True,2072998550
8,10,3,0.4111328125,0.015625,0.2569508386699379,94,SKQD,25,0.0244140625,0.5972637491404996,368.0,0.359375,True,2072998550
8,10,3,0.4111328125,0.015625,0.2569508386699379,94,SKQD,31,0.0302734375,0.6311237448847623,368.0,0.359375,True,2072998550
8,10,3,0.4111328125,0.015625,0.2569508386699379,94,SKQD,39,0.0380859375,0.6750461120090944,368.0,0.359375,True,2072998550
8,10,3,0.4111328125,0.015625,0.2569508386699379,94,SKQD,48,0.046875,0.7469102562577142,368.0,0.359375,True,2072998550
8,10,3,0.4111328125,0.015625,0.2569508386699379,94,SKQD,60,0.05859375,0.7917891340161001,368.0,0.359375,True,2072998550
8,10,3,0.4111328125,0.015625,0.2569508386699379,94,SKQD,74,0.072265625,0.8098705826005898,368.0,0.359375,True,2072998550
8,10,3,0.4111328125,0.015625,0.2569508386699379,94,SKQD,92,0.08984375,0.8365830560080451,368.0,0.359375,True,2072998550
8,10,3,0.4111328125,0.015625,0.2569508386699379,94,SKQD,114,0.111328125,0.9048765500255627,368.0,0.359375,True,2072998550
8,10,3,0.4111328125,0.015625,0.2569508386699379,94,SKQD,141,0.1376953125,0.9348545625694663,368.0,0.359375,True,2072998550
8,10,3,0.4111328125,0.015625,0.2569508386699379,94,SKQD,175,0.1708984375,0.9571147327817612,368.0,0.359375,True,2072998550
8,10,3,0.4111328125,0.015625,0.2569508386699379,94,SKQD,217,0.2119140625,0.9757691979170633,368.0,0.359375,True,2072998550
8,10,3,0.4111328125,0.015625,0.2569508386699379,94,SKQD,269,0.2626953125,0.988358380237148,368.0,0.359375,True,2072998550
8,10,3,0.4111328125,0.015625,0.2569508386699379,94,SKQD,333,0.3251953125,0.9955354970448745,368.0,0.359375,True,2072998550
8,10,3,0.4111328125,0.015625,0.2569508386699379,94,SKQD,413,0.4033203125,0.9973509674280493,368.0,0.359375,True,2072998550
8,10,3,0.4111328125,0.015625,0.2569508386699379,94,SKQD,512,0.5,0.9973509674280493,368.0,0.359375,True,2072998550
8,10,3,0.4111328125,0.015625,0.2569508386699379,94,Ceiling,1,0.0009765625,0.2569508386699379,512.0,0.5,False,2072998550
8,10,3,0.4111328125,0.015625,0.2569508386699379,94,Ceiling,2,0.001953125,0.45967617363371815,512.0,0.5,False,2072998550
8,10,3,0.4111328125,0.015625,0.2569508386699379,94,Ceiling,3,0.0029296875,0.533485948211748,512.0,0.5,False,2072998550
8,10,3,0.4111328125,0.015625,0.2569508386699379,94,Ceiling,4,0.00390625,0.5708078346024037,512.0,0.5,False,2072998550
8,10,3,0.4111328125,0.015625,0.2569508386699379,94,Ceiling,5,0.0048828125,0.6055669872237098,512.0,0.5,False,2072998550
8,10,3,0.4111328125,0.015625,0.2569508386699379,94,Ceiling,6,0.005859375,0.6396661786384559,512.0,0.5,False,2072998550
8,10,3,0.4111328125,0.015625,0.2569508386699379,94,Ceiling,7,0.0068359375,0.6687345297241664,512.0,0.5,False,2072998550
8,10,3,0.4111328125,0.015625,0.2569508386699379,94,Ceiling,9,0.0087890625,0.7228003723670433,512.0,0.5,False,2072998550
8,10,3,0.4111328125,0.015625,0.2569508386699379,94,Ceiling,11,0.0107421875,0.7584638491104458,512.0,0.5,False,2072998550
8,10,3,0.4111328125,0.015625,0.2569508386699379,94,Ceiling,13,0.0126953125,0.7875907639039438,512.0,0.5,False,2072998550
8,10,3,0.4111328125,0.015625,0.2569508386699379,94,Ceiling,16,0.015625,0.8173376341086982,512.0,0.5,False,2072998550
8,10,3,0.4111328125,0.015625,0.2569508386699379,94,Ceiling,20,0.01953125,0.8482544782662461,512.0,0.5,False,2072998550
8,10,3,0.4111328125,0.015625,0.2569508386699379,94,Ceiling,25,0.0244140625,0.8761692000172421,512.0,0.5,False,2072998550
8,10,3,0.4111328125,0.015625,0.2569508386699379,94,Ceiling,31,0.0302734375,0.902098279913539,512.0,0.5,False,2072998550
8,10,3,0.4111328125,0.015625,0.2569508386699379,94,Ceiling,39,0.0380859375,0.9238677498749898,512.0,0.5,False,2072998550
8,10,3,0.4111328125,0.015625,0.2569508386699379,94,Ceiling,48,0.046875,0.9412176696407323,512.0,0.5,False,2072998550
8,10,3,0.4111328125,0.015625,0.2569508386699379,94,Ceiling,60,0.05859375,0.9571730258849829,512.0,0.5,False,2072998550
8,10,3,0.4111328125,0.015625,0.2569508386699379,94,Ceiling,74,0.072265625,0.9682345262982588,512.0,0.5,False,2072998550
8,10,3,0.4111328125,0.015625,0.2569508386699379,94,Ceiling,92,0.08984375,0.9779577516586934,512.0,0.5,False,2072998550
8,10,3,0.4111328125,0.015625,0.2569508386699379,94,Ceiling,114,0.111328125,0.9857069612450645,512.0,0.5,False,2072998550
8,10,3,0.4111328125,0.015625,0.2569508386699379,94,Ceiling,141,0.1376953125,0.9911441911435062,512.0,0.5,False,2072998550
8,10,3,0.4111328125,0.015625,0.2569508386699379,94,Ceiling,175,0.1708984375,0.9951093811590425,512.0,0.5,False,2072998550
8,10,3,0.4111328125,0.015625,0.2569508386699379,94,Ceiling,217,0.2119140625,0.9976340261223711,512.0,0.5,False,2072998550
8,10,3,0.4111328125,0.015625,0.2569508386699379,94,Ceiling,269,0.2626953125,0.9989833728546629,512.0,0.5,False,2072998550
8,10,3,0.4111328125,0.015625,0.2569508386699379,94,Ceiling,333,0.3251953125,0.9996987197233362,512.0,0.5,False,2072998550
8,10,3,0.4111328125,0.015625,0.2569508386699379,94,Ceiling,413,0.4033203125,0.999960712592032,512.0,0.5,False,2072998550
8,10,3,0.4111328125,0.015625,0.2569508386699379,94,Ceiling,512,0.5,1.0000000000000002,512.0,0.5,False,2072998550
8,10,3,0.4111328125,0.015625,1.474522636563168e-39,0,BARK,1,0.0009765625,1.474522636563168e-39,512.0,0.5,False,2072998550
8,10,3,0.4111328125,0.015625,1.474522636563168e-39,0,BARK,2,0.001953125,1.746619899518964e-32,512.0,0.5,False,2072998550
8,10,3,0.4111328125,0.015625,1.474522636563168e-39,0,BARK,3,0.0029296875,5.253626419549867e-35,512.0,0.5,False,2072998550
8,10,3,0.4111328125,0.015625,1.474522636563168e-39,0,BARK,4,0.00390625,4.561950644688084e-32,512.0,0.5,False,2072998550
8,10,3,0.4111328125,0.015625,1.474522636563168e-39,0,BARK,5,0.0048828125,4.704647724267672e-32,512.0,0.5,False,2072998550
8,10,3,0.4111328125,0.015625,1.474522636563168e-39,0,BARK,6,0.005859375,3.756610048409213e-32,512.0,0.5,False,2072998550
8,10,3,0.4111328125,0.015625,1.474522636563168e-39,0,BARK,7,0.0068359375,3.1423853143828094e-32,512.0,0.5,False,2072998550
8,10,3,0.4111328125,0.015625,1.474522636563168e-39,0,BARK,9,0.0087890625,3.3152770139879973e-32,512.0,0.5,False,2072998550
8,10,3,0.4111328125,0.015625,1.474522636563168e-39,0,BARK,11,0.0107421875,3.696238578171637e-32,512.0,0.5,False,2072998550
8,10,3,0.4111328125,0.015625,1.474522636563168e-39,0,BARK,13,0.0126953125,4.8648128599816596e-32,512.0,0.5,False,2072998550
8,10,3,0.4111328125,0.015625,1.474522636563168e-39,0,BARK,16,0.015625,3.7383290729328764e-32,512.0,0.5,False,2072998550
8,10,3,0.4111328125,0.015625,1.474522636563168e-39,0,BARK,20,0.01953125,3.630186537463573e-32,512.0,0.5,False,2072998550
8,10,3,0.4111328125,0.015625,1.474522636563168e-39,0,BARK,25,0.0244140625,3.9259882833539946e-32,512.0,0.5,False,2072998550
8,10,3,0.4111328125,0.015625,1.474522636563168e-39,0,BARK,31,0.0302734375,5.076999609472244e-32,512.0,0.5,False,2072998550
8,10,3,0.4111328125,0.015625,1.474522636563168e-39,0,BARK,39,0.0380859375,4.935903211992645e-32,512.0,0.5,False,2072998550
8,10,3,0.4111328125,0.015625,1.474522636563168e-39,0,BARK,48,0.046875,5.672435816174224e-32,512.0,0.5,False,2072998550
8,10,3,0.4111328125,0.015625,1.474522636563168e-39,0,BARK,60,0.05859375,5.83434984354709e-32,512.0,0.5,False,2072998550
8,10,3,0.4111328125,0.015625,1.474522636563168e-39,0,BARK,74,0.072265625,3.773901773808787e-34,512.0,0.5,False,2072998550
8,10,3,0.4111328125,0.015625,1.474522636563168e-39,0,BARK,92,0.08984375,5.592095871387966e-33,512.0,0.5,False,2072998550
8,10,3,0.4111328125,0.015625,1.474522636563168e-39,0,BARK,114,0.111328125,1.2255598526503809e-32,512.0,0.5,False,2072998550
8,10,3,0.4111328125,0.015625,1.474522636563168e-39,0,BARK,141,0.1376953125,1.3804264836784062e-32,512.0,0.5,False,2072998550
8,10,3,0.4111328125,0.015625,1.474522636563168e-39,0,BARK,175,0.1708984375,1.1620369923650086e-32,512.0,0.5,False,2072998550
8,10,3,0.4111328125,0.015625,1.474522636563168e-39,0,BARK,217,0.2119140625,8.643241567153242e-33,512.0,0.5,False,2072998550
8,10,3,0.4111328125,0.015625,1.474522636563168e-39,0,BARK,269,0.2626953125,6.913381989615345e-33,512.0,0.5,False,2072998550
8,10,3,0.4111328125,0.015625,1.474522636563168e-39,0,BARK,333,0.3251953125,6.1475336783843405e-33,512.0,0.5,False,2072998550
8,10,3,0.4111328125,0.015625,1.474522636563168e-39,0,BARK,413,0.4033203125,4.441658676932566e-33,512.0,0.5,False,2072998550
8,10,3,0.4111328125,0.015625,1.474522636563168e-39,0,BARK,512,0.5,3.5011977600951435e-33,512.0,0.5,False,2072998550
8,10,3,0.4111328125,0.015625,1.474522636563168e-39,0,Simplified BARK,1,0.0009765625,1.474522636563168e-39,512.0,0.5,False,2072998550
8,10,3,0.4111328125,0.015625,1.474522636563168e-39,0,Simplified BARK,2,0.001953125,2.2436657664826717e-34,512.0,0.5,False,2072998550
8,10,3,0.4111328125,0.015625,1.474522636563168e-39,0,Simplified BARK,3,0.0029296875,1.2351785030861854e-34,512.0,0.5,False,2072998550
8,10,3,0.4111328125,0.015625,1.474522636563168e-39,0,Simplified BARK,4,0.00390625,2.4870656384163027e-34,512.0,0.5,False,2072998550
8,10,3,0.4111328125,0.015625,1.474522636563168e-39,0,Simplified BARK,5,0.0048828125,3.905102184896866e-34,512.0,0.5,False,2072998550
8,10,3,0.4111328125,0.015625,1.474522636563168e-39,0,Simplified BARK,6,0.005859375,1.339555630006053e-33,512.0,0.5,False,2072998550
8,10,3,0.4111328125,0.015625,1.474522636563168e-39,0,Simplified BARK,7,0.0068359375,1.148334680379027e-33,512.0,0.5,False,2072998550
8,10,3,0.4111328125,0.015625,1.474522636563168e-39,0,Simplified BARK,9,0.0087890625,1.435573149288724e-34,512.0,0.5,False,2072998550
8,10,3,0.4111328125,0.015625,1.474522636563168e-39,0,Simplified BARK,11,0.0107421875,2.5723597670682565e-34,512.0,0.5,False,2072998550
8,10,3,0.4111328125,0.015625,1.474522636563168e-39,0,Simplified BARK,13,0.0126953125,1.917102490498613e-34,512.0,0.5,False,2072998550
8,10,3,0.4111328125,0.015625,1.474522636563168e-39,0,Simplified BARK,16,0.015625,6.206886923652864e-34,512.0,0.5,False,2072998550
8,10,3,0.4111328125,0.015625,1.474522636563168e-39,0,Simplified BARK,20,0.01953125,1.816586721860513e-32,512.0,0.5,False,2072998550
8,10,3,0.4111328125,0.015625,1.474522636563168e-39,0,Simplified BARK,25,0.0244140625,8.171407961799372e-32,512.0,0.5,False,2072998550
8,10,3,0.4111328125,0.015625,1.474522636563168e-39,0,Simplified BARK,31,0.0302734375,1.9580845080794953e-32,512.0,0.5,False,2072998550
8,10,3,0.4111328125,0.015625,1.474522636563168e-39,0,Simplified BARK,39,0.0380859375,5.771104378411898e-32,512.0,0.5,False,2072998550
8,10,3,0.4111328125,0.015625,1.474522636563168e-39,0,Simplified BARK,48,0.046875,6.3830149641758e-32,512.0,0.5,False,2072998550
8,10,3,0.4111328125,0.015625,1.474522636563168e-39,0,Simplified BARK,60,0.05859375,6.359115664770478e-32,512.0,0.5,False,2072998550
8,10,3,0.4111328125,0.015625,1.474522636563168e-39,0,Simplified BARK,74,0.072265625,6.829475798281086e-34,512.0,0.5,False,2072998550
8,10,3,0.4111328125,0.015625,1.474522636563168e-39,0,Simplified BARK,92,0.08984375,3.7271134731241456e-33,512.0,0.5,False,2072998550
8,10,3,0.4111328125,0.015625,1.474522636563168e-39,0,Simplified BARK,114,0.111328125,4.514403767520544e-33,512.0,0.5,False,2072998550
8,10,3,0.4111328125,0.015625,1.474522636563168e-39,0,Simplified BARK,141,0.1376953125,6.88073342142386e-32,512.0,0.5,False,2072998550
8,10,3,0.4111328125,0.015625,1.474522636563168e-39,0,Simplified BARK,175,0.1708984375,7.516815095479505e-32,512.0,0.5,False,2072998550
8,10,3,0.4111328125,0.015625,1.474522636563168e-39,0,Simplified BARK,217,0.2119140625,2.705355101909811e-32,512.0,0.5,False,2072998550
8,10,3,0.4111328125,0.015625,1.474522636563168e-39,0,Simplified BARK,269,0.2626953125,2.214784913222375e-31,512.0,0.5,False,2072998550
8,10,3,0.4111328125,0.015625,1.474522636563168e-39,0,Simplified BARK,333,0.3251953125,2.1029094758700354e-31,512.0,0.5,False,2072998550
8,10,3,0.4111328125,0.015625,1.474522636563168e-39,0,Simplified BARK,413,0.4033203125,3.2271807169359927e-32,512.0,0.5,False,2072998550
8,10,3,0.4111328125,0.015625,1.474522636563168e-39,0,Simplified BARK,512,0.5,3.501197782200552e-33,512.0,0.5,False,2072998550
8,10,3,0.4111328125,0.015625,1.474522636563168e-39,0,SKQD,1,0.0009765625,1.474522636563168e-39,435.0,0.4248046875,True,2072998550
8,10,3,0.4111328125,0.015625,1.474522636563168e-39,0,SKQD,2,0.001953125,1.474522636563168e-39,435.0,0.4248046875,True,2072998550
8,10,3,0.4111328125,0.015625,1.474522636563168e-39,0,SKQD,3,0.0029296875,5.667253568849276e-33,435.0,0.4248046875,True,2072998550
8,10,3,0.4111328125,0.015625,1.474522636563168e-39,0,SKQD,4,0.00390625,5.667253568849276e-33,435.0,0.4248046875,True,2072998550
8,10,3,0.4111328125,0.015625,1.474522636563168e-39,0,SKQD,5,0.0048828125,5.667253568849276e-33,435.0,0.4248046875,True,2072998550
8,10,3,0.4111328125,0.015625,1.474522636563168e-39,0,SKQD,6,0.005859375,1.2700886701689396e-32,435.0,0.4248046875,True,2072998550
8,10,3,0.4111328125,0.015625,1.474522636563168e-39,0,SKQD,7,0.0068359375,1.8120393442200276e-32,435.0,0.4248046875,True,2072998550
8,10,3,0.4111328125,0.015625,1.474522636563168e-39,0,SKQD,9,0.0087890625,2.882725882571056e-32,435.0,0.4248046875,True,2072998550
8,10,3,0.4111328125,0.015625,1.474522636563168e-39,0,SKQD,11,0.0107421875,2.8134198051515094e-32,435.0,0.4248046875,True,2072998550
8,10,3,0.4111328125,0.015625,1.474522636563168e-39,0,SKQD,13,0.0126953125,2.680354951844705e-32,435.0,0.4248046875,True,2072998550
8,10,3,0.4111328125,0.015625,1.474522636563168e-39,0,SKQD,16,0.015625,2.3052761403023152e-32,435.0,0.4248046875,True,2072998550
8,10,3,0.4111328125,0.015625,1.474522636563168e-39,0,SKQD,20,0.01953125,2.279206943084537e-32,435.0,0.4248046875,True,2072998550
8,10,3,0.4111328125,0.015625,1.474522636563168e-39,0,SKQD,25,0.0244140625,2.279206943084537e-32,435.0,0.4248046875,True,2072998550
8,10,3,0.4111328125,0.015625,1.474522636563168e-39,0,SKQD,31,0.0302734375,2.3983819695522145e-32,435.0,0.4248046875,True,2072998550
8,10,3,0.4111328125,0.015625,1.474522636563168e-39,0,SKQD,39,0.0380859375,2.1444802686311238e-32,435.0,0.4248046875,True,2072998550
8,10,3,0.4111328125,0.015625,1.474522636563168e-39,0,SKQD,48,0.046875,1.6403134556236282e-32,435.0,0.4248046875,True,2072998550
8,10,3,0.4111328125,0.015625,1.474522636563168e-39,0,SKQD,60,0.05859375,3.478202068797574e-32,435.0,0.4248046875,True,2072998550
8,10,3,0.4111328125,0.015625,1.474522636563168e-39,0,SKQD,74,0.072265625,5.626985870464371e-32,435.0,0.4248046875,True,2072998550
8,10,3,0.4111328125,0.015625,1.474522636563168e-39,0,SKQD,92,0.08984375,5.450748613747931e-32,435.0,0.4248046875,True,2072998550
8,10,3,0.4111328125,0.015625,1.474522636563168e-39,0,SKQD,114,0.111328125,7.112286723735055e-32,435.0,0.4248046875,True,2072998550
8,10,3,0.4111328125,0.015625,1.474522636563168e-39,0,SKQD,141,0.1376953125,6.631901878619942e-32,435.0,0.4248046875,True,2072998550
8,10,3,0.4111328125,0.015625,1.474522636563168e-39,0,SKQD,175,0.1708984375,5.79911769669761e-32,435.0,0.4248046875,True,2072998550
8,10,3,0.4111328125,0.015625,1.474522636563168e-39,0,SKQD,217,0.2119140625,7.39792400286271e-32,435.0,0.4248046875,True,2072998550
8,10,3,0.4111328125,0.015625,1.474522636563168e-39,0,SKQD,269,0.2626953125,1.4197820484117237e-31,435.0,0.4248046875,True,2072998550
8,10,3,0.4111328125,0.015625,1.474522636563168e-39,0,SKQD,333,0.3251953125,3.867735347070855e-31,435.0,0.4248046875,True,2072998550
8,10,3,0.4111328125,0.015625,1.474522636563168e-39,0,SKQD,413,0.4033203125,1.4973962877581745e-31,435.0,0.4248046875,True,2072998550
8,10,3,0.4111328125,0.015625,1.474522636563168e-39,0,SKQD,512,0.5,5.842530940362827e-32,435.0,0.4248046875,True,2072998550
8,10,3,0.4111328125,0.015625,1.474522636563168e-39,0,Ceiling,1,0.0009765625,0.2569508386699379,512.0,0.5,False,2072998550
8,10,3,0.4111328125,0.015625,1.474522636563168e-39,0,Ceiling,2,0.001953125,0.45967617363371815,512.0,0.5,False,2072998550
8,10,3,0.4111328125,0.015625,1.474522636563168e-39,0,Ceiling,3,0.0029296875,0.533485948211748,512.0,0.5,False,2072998550
8,10,3,0.4111328125,0.015625,1.474522636563168e-39,0,Ceiling,4,0.00390625,0.5708078346024037,512.0,0.5,False,2072998550
8,10,3,0.4111328125,0.015625,1.474522636563168e-39,0,Ceiling,5,0.0048828125,0.6055669872237098,512.0,0.5,False,2072998550
8,10,3,0.4111328125,0.015625,1.474522636563168e-39,0,Ceiling,6,0.005859375,0.6396661786384559,512.0,0.5,False,2072998550
8,10,3,0.4111328125,0.015625,1.474522636563168e-39,0,Ceiling,7,0.0068359375,0.6687345297241664,512.0,0.5,False,2072998550
8,10,3,0.4111328125,0.015625,1.474522636563168e-39,0,Ceiling,9,0.0087890625,0.7228003723670433,512.0,0.5,False,2072998550
8,10,3,0.4111328125,0.015625,1.474522636563168e-39,0,Ceiling,11,0.0107421875,0.7584638491104458,512.0,0.5,False,2072998550
8,10,3,0.4111328125,0.015625,1.474522636563168e-39,0,Ceiling,13,0.0126953125,0.7875907639039438,512.0,0.5,False,2072998550
8,10,3,0.4111328125,0.015625,1.474522636563168e-39,0,Ceiling,16,0.015625,0.8173376341086982,512.0,0.5,False,2072998550
8,10,3,0.4111328125,0.015625,1.474522636563168e-39,0,Ceiling,20,0.01953125,0.8482544782662461,512.0,0.5,False,2072998550
8,10,3,0.4111328125,0.015625,1.474522636563168e-39,0,Ceiling,25,0.0244140625,0.8761692000172421,512.0,0.5,False,2072998550
8,10,3,0.4111328125,0.015625,1.474522636563168e-39,0,Ceiling,31,0.0302734375,0.902098279913539,512.0,0.5,False,2072998550
8,10,3,0.4111328125,0.015625,1.474522636563168e-39,0,Ceiling,39,0.0380859375,0.9238677498749898,512.0,0.5,False,2072998550
8,10,3,0.4111328125,0.015625,1.474522636563168e-39,0,Ceiling,48,0.046875,0.9412176696407323,512.0,0.5,False,2072998550
8,10,3,0.4111328125,0.015625,1.474522636563168e-39,0,Ceiling,60,0.05859375,0.9571730258849829,512.0,0.5,False,2072998550
8,10,3,0.4111328125,0.015625,1.474522636563168e-39,0,Ceiling,74,0.072265625,0.9682345262982588,512.0,0.5,False,2072998550
8,10,3,0.4111328125,0.015625,1.474522636563168e-39,0,Ceiling,92,0.08984375,0.9779577516586934,512.0,0.5,False,2072998550
8,10,3,0.4111328125,0.015625,1.474522636563168e-39,0,Ceiling,114,0.111328125,0.9857069612450645,512.0,0.5,False,2072998550
8,10,3,0.4111328125,0.015625,1.474522636563168e-39,0,Ceiling,141,0.1376953125,0.9911441911435062,512.0,0.5,False,2072998550
8,10,3,0.4111328125,0.015625,1.474522636563168e-39,0,Ceiling,175,0.1708984375,0.9951093811590425,512.0,0.5,False,2072998550
8,10,3,0.4111328125,0.015625,1.474522636563168e-39,0,Ceiling,217,0.2119140625,0.9976340261223711,512.0,0.5,False,2072998550
8,10,3,0.4111328125,0.015625,1.474522636563168e-39,0,Ceiling,269,0.2626953125,0.9989833728546629,512.0,0.5,False,2072998550
8,10,3,0.4111328125,0.015625,1.474522636563168e-39,0,Ceiling,333,0.3251953125,0.9996987197233362,512.0,0.5,False,2072998550
8,10,3,0.4111328125,0.015625,1.474522636563168e-39,0,Ceiling,413,0.4033203125,0.999960712592032,512.0,0.5,False,2072998550
8,10,3,0.4111328125,0.015625,1.474522636563168e-39,0,Ceiling,512,0.5,1.0000000000000002,512.0,0.5,False,2072998550
8,10,3,0.4111328125,0.015625,4.70197740328915e-38,946,BARK,1,0.0009765625,4.70197740328915e-38,512.0,0.5,False,2072998550
8,10,3,0.4111328125,0.015625,4.70197740328915e-38,946,BARK,2,0.001953125,1.4290894574133772e-34,512.0,0.5,False,2072998550
8,10,3,0.4111328125,0.015625,4.70197740328915e-38,946,BARK,3,0.0029296875,3.503595879408613e-33,512.0,0.5,False,2072998550
8,10,3,0.4111328125,0.015625,4.70197740328915e-38,946,BARK,4,0.00390625,2.7850463211373618e-34,512.0,0.5,False,2072998550
8,10,3,0.4111328125,0.015625,4.70197740328915e-38,946,BARK,5,0.0048828125,4.4691764527703795e-32,512.0,0.5,False,2072998550
8,10,3,0.4111328125,0.015625,4.70197740328915e-38,946,BARK,6,0.005859375,4.650751184571306e-32,512.0,0.5,False,2072998550
8,10,3,0.4111328125,0.015625,4.70197740328915e-38,946,BARK,7,0.0068359375,3.723284681057008e-32,512.0,0.5,False,2072998550
8,10,3,0.4111328125,0.015625,4.70197740328915e-38,946,BARK,9,0.0087890625,2.8498268358518635e-32,512.0,0.5,False,2072998550
8,10,3,0.4111328125,0.015625,4.70197740328915e-38,946,BARK,11,0.0107421875,3.3149500349700914e-32,512.0,0.5,False,2072998550
8,10,3,0.4111328125,0.015625,4.70197740328915e-38,946,BARK,13,0.0126953125,4.8799893734145693e-32,512.0,0.5,False,2072998550
8,10,3,0.4111328125,0.015625,4.70197740328915e-38,946,BARK,16,0.015625,3.8898479737736496e-32,512.0,0.5,False,2072998550
8,10,3,0.4111328125,0.015625,4.70197740328915e-38,946,BARK,20,0.01953125,3.599422972341535e-32,512.0,0.5,False,2072998550
8,10,3,0.4111328125,0.015625,4.70197740328915e-38,946,BARK,25,0.0244140625,4.938727396719081e-32,512.0,0.5,False,2072998550
8,10,3,0.4111328125,0.015625,4.70197740328915e-38,946,BARK,31,0.0302734375,6.032136266808826e-32,512.0,0.5,False,2072998550
8,10,3,0.4111328125,0.015625,4.70197740328915e-38,946,BARK,39,0.0380859375,6.587112259799616e-34,512.0,0.5,False,2072998550
8,10,3,0.4111328125,0.015625,4.70197740328915e-38,946,BARK,48,0.046875,6.050835239765592e-34,512.0,0.5,False,2072998550
8,10,3,0.4111328125,0.015625,4.70197740328915e-38,946,BARK,60,0.05859375,5.504953079577124e-33,512.0,0.5,False,2072998550
8,10,3,0.4111328125,0.015625,4.70197740328915e-38,946,BARK,74,0.072265625,7.050631234406911e-33,512.0,0.5,False,2072998550
8,10,3,0.4111328125,0.015625,4.70197740328915e-38,946,BARK,92,0.08984375,1.1864271233710643e-32,512.0,0.5,False,2072998550
8,10,3,0.4111328125,0.015625,4.70197740328915e-38,946,BARK,114,0.111328125,7.675859020026203e-33,512.0,0.5,False,2072998550
8,10,3,0.4111328125,0.015625,4.70197740328915e-38,946,BARK,141,0.1376953125,1.0767012300584965e-32,512.0,0.5,False,2072998550
8,10,3,0.4111328125,0.015625,4.70197740328915e-38,946,BARK,175,0.1708984375,1.2277422563636008e-32,512.0,0.5,False,2072998550
8,10,3,0.4111328125,0.015625,4.70197740328915e-38,946,BARK,217,0.2119140625,8.186630539875677e-33,512.0,0.5,False,2072998550
8,10,3,0.4111328125,0.015625,4.70197740328915e-38,946,BARK,269,0.2626953125,6.328731155916249e-33,512.0,0.5,False,2072998550
8,10,3,0.4111328125,0.015625,4.70197740328915e-38,946,BARK,333,0.3251953125,5.162745447488486e-33,512.0,0.5,False,2072998550
8,10,3,0.4111328125,0.015625,4.70197740328915e-38,946,BARK,413,0.4033203125,3.553921195413148e-33,512.0,0.5,False,2072998550
8,10,3,0.4111328125,0.015625,4.70197740328915e-38,946,BARK,512,0.5,3.5011977201582686e-33,512.0,0.5,False,2072998550
8,10,3,0.4111328125,0.015625,4.70197740328915e-38,946,Simplified BARK,1,0.0009765625,4.70197740328915e-38,512.0,0.5,False,2072998550
8,10,3,0.4111328125,0.015625,4.70197740328915e-38,946,Simplified BARK,2,0.001953125,2.684116348332279e-34,512.0,0.5,False,2072998550
8,10,3,0.4111328125,0.015625,4.70197740328915e-38,946,Simplified BARK,3,0.0029296875,3.296152347976641e-32,512.0,0.5,False,2072998550
8,10,3,0.4111328125,0.015625,4.70197740328915e-38,946,Simplified BARK,4,0.00390625,4.3867588135387794e-32,512.0,0.5,False,2072998550
8,10,3,0.4111328125,0.015625,4.70197740328915e-38,946,Simplified BARK,5,0.0048828125,4.539215431266931e-32,512.0,0.5,False,2072998550
8,10,3,0.4111328125,0.015625,4.70197740328915e-38,946,Simplified BARK,6,0.005859375,2.8320850709021806e-32,512.0,0.5,False,2072998550
8,10,3,0.4111328125,0.015625,4.70197740328915e-38,946,Simplified BARK,7,0.0068359375,2.480567026592574e-32,512.0,0.5,False,2072998550
8,10,3,0.4111328125,0.015625,4.70197740328915e-38,946,Simplified BARK,9,0.0087890625,5.275914259530668e-32,512.0,0.5,False,2072998550
8,10,3,0.4111328125,0.015625,4.70197740328915e-38,946,Simplified BARK,11,0.0107421875,3.2064349998398994e-32,512.0,0.5,False,2072998550
8,10,3,0.4111328125,0.015625,4.70197740328915e-38,946,Simplified BARK,13,0.0126953125,2.0157465799551005e-32,512.0,0.5,False,2072998550
8,10,3,0.4111328125,0.015625,4.70197740328915e-38,946,Simplified BARK,16,0.015625,1.7755189541442518e-32,512.0,0.5,False,2072998550
8,10,3,0.4111328125,0.015625,4.70197740328915e-38,946,Simplified BARK,20,0.01953125,1.6011478207664447e-31,512.0,0.5,False,2072998550
8,10,3,0.4111328125,0.015625,4.70197740328915e-38,946,Simplified BARK,25,0.0244140625,2.5258027932735774e-31,512.0,0.5,False,2072998550
8,10,3,0.4111328125,0.015625,4.70197740328915e-38,946,Simplified BARK,31,0.0302734375,3.750028386395858e-31,512.0,0.5,False,2072998550
8,10,3,0.4111328125,0.015625,4.70197740328915e-38,946,Simplified BARK,39,0.0380859375,8.126423214324936e-32,512.0,0.5,False,2072998550
8,10,3,0.4111328125,0.015625,4.70197740328915e-38,946,Simplified BARK,48,0.046875,7.367650838397933e-32,512.0,0.5,False,2072998550
8,10,3,0.4111328125,0.015625,4.70197740328915e-38,946,Simplified BARK,60,0.05859375,6.487940094102108e-32,512.0,0.5,False,2072998550
8,10,3,0.4111328125,0.015625,4.70197740328915e-38,946,Simplified BARK,74,0.072265625,6.738512623772547e-32,512.0,0.5,False,2072998550
8,10,3,0.4111328125,0.015625,4.70197740328915e-38,946,Simplified BARK,92,0.08984375,6.676298280835891e-32,512.0,0.5,False,2072998550
8,10,3,0.4111328125,0.015625,4.70197740328915e-38,946,Simplified BARK,114,0.111328125,5.718537765389321e-32,512.0,0.5,False,2072998550
8,10,3,0.4111328125,0.015625,4.70197740328915e-38,946,Simplified BARK,141,0.1376953125,1.653737034420396e-32,512.0,0.5,False,2072998550
8,10,3,0.4111328125,0.015625,4.70197740328915e-38,946,Simplified BARK,175,0.1708984375,2.2625756618043796e-32,512.0,0.5,False,2072998550
8,10,3,0.4111328125,0.015625,4.70197740328915e-38,946,Simplified BARK,217,0.2119140625,2.7053551019098085e-32,512.0,0.5,False,2072998550
8,10,3,0.4111328125,0.015625,4.70197740328915e-38,946,Simplified BARK,269,0.2626953125,2.214784913222365e-31,512.0,0.5,False,2072998550
8,10,3,0.4111328125,0.015625,4.70197740328915e-38,946,Simplified BARK,333,0.3251953125,2.102909475870025e-31,512.0,0.5,False,2072998550
8,10,3,0.4111328125,0.015625,4.70197740328915e-38,946,Simplified BARK,413,0.4033203125,3.22718071693594e-32,512.0,0.5,False,2072998550
8,10,3,0.4111328125,0.015625,4.70197740328915e-38,946,Simplified BARK,512,0.5,3.501197782200573e-33,512.0,0.5,False,2072998550
8,10,3,0.4111328125,0.015625,4.70197740328915e-38,946,SKQD,1,0.0009765625,4.70197740328915e-38,337.6666666666667,0.3297526041666667,True,2072998550
8,10,3,0.4111328125,0.015625,4.70197740328915e-38,946,SKQD,2,0.001953125,4.70197740328915e-38,337.6666666666667,0.3297526041666667,True,2072998550
8,10,3,0.4111328125,0.015625,4.70197740328915e-38,946,SKQD,3,0.0029296875,4.70197740328915e-38,337.6666666666667,0.3297526041666667,True,2072998550
8,10,3,0.4111328125,0.015625,4.70197740328915e-38,946,SKQD,4,0.00390625,4.70197740328915e-38,337.6666666666667,0.3297526041666667,True,2072998550
8,10,3,0.4111328125,0.015625,4.70197740328915e-38,946,SKQD,5,0.0048828125,4.70197740328915e-38,337.6666666666667,0.3297526041666667,True,2072998550
8,10,3,0.4111328125,0.015625,4.70197740328915e-38,946,SKQD,6,0.005859375,8.803383914909456e-33,337.6666666666667,0.3297526041666667,True,2072998550
8,10,3,0.4111328125,0.015625,4.70197740328915e-38,946,SKQD,7,0.0068359375,1.0390310392774146e-32,337.6666666666667,0.3297526041666667,True,2072998550
8,10,3,0.4111328125,0.015625,4.70197740328915e-38,946,SKQD,9,0.0087890625,1.4197309792799402e-32,337.6666666666667,0.3297526041666667,True,2072998550
8,10,3,0.4111328125,0.015625,4.70197740328915e-38,946,SKQD,11,0.0107421875,1.4197309792799402e-32,337.6666666666667,0.3297526041666667,True,2072998550
8,10,3,0.4111328125,0.015625,4.70197740328915e-38,946,SKQD,13,0.0126953125,1.497081573527521e-32,337.6666666666667,0.3297526041666667,True,2072998550
8,10,3,0.4111328125,0.015625,4.70197740328915e-38,946,SKQD,16,0.015625,3.327414327260196e-32,337.6666666666667,0.3297526041666667,True,2072998550
8,10,3,0.4111328125,0.015625,4.70197740328915e-38,946,SKQD,20,0.01953125,3.33042675949814e-32,337.6666666666667,0.3297526041666667,True,2072998550
8,10,3,0.4111328125,0.015625,4.70197740328915e-38,946,SKQD,25,0.0244140625,1.6012985543316936e-32,337.6666666666667,0.3297526041666667,True,2072998550
8,10,3,0.4111328125,0.015625,4.70197740328915e-38,946,SKQD,31,0.0302734375,7.183017379632717e-32,337.6666666666667,0.3297526041666667,True,2072998550
8,10,3,0.4111328125,0.015625,4.70197740328915e-38,946,SKQD,39,0.0380859375,1.085899529287721e-31,337.6666666666667,0.3297526041666667,True,2072998550
8,10,3,0.4111328125,0.015625,4.70197740328915e-38,946,SKQD,48,0.046875,1.1336372213147384e-31,337.6666666666667,0.3297526041666667,True,2072998550
8,10,3,0.4111328125,0.015625,4.70197740328915e-38,946,SKQD,60,0.05859375,7.567424773090209e-32,337.6666666666667,0.3297526041666667,True,2072998550
8,10,3,0.4111328125,0.015625,4.70197740328915e-38,946,SKQD,74,0.072265625,7.950341535422858e-32,337.6666666666667,0.3297526041666667,True,2072998550
8,10,3,0.4111328125,0.015625,4.70197740328915e-38,946,SKQD,92,0.08984375,1.16184264960499e-31,337.6666666666667,0.3297526041666667,True,2072998550
8,10,3,0.4111328125,0.015625,4.70197740328915e-38,946,SKQD,114,0.111328125,1.1669783786645104e-31,337.6666666666667,0.3297526041666667,True,2072998550
8,10,3,0.4111328125,0.015625,4.70197740328915e-38,946,SKQD,141,0.1376953125,8.884125742784493e-32,337.6666666666667,0.3297526041666667,True,2072998550
8,10,3,0.4111328125,0.015625,4.70197740328915e-38,946,SKQD,175,0.1708984375,6.813009580590968e-32,337.6666666666667,0.3297526041666667,True,2072998550
8,10,3,0.4111328125,0.015625,4.70197740328915e-38,946,SKQD,217,0.2119140625,1.0428027723159314e-31,337.6666666666667,0.3297526041666667,True,2072998550
8,10,3,0.4111328125,0.015625,4.70197740328915e-38,946,SKQD,269,0.2626953125,1.9067080942930907e-31,337.6666666666667,0.3297526041666667,True,2072998550
8,10,3,0.4111328125,0.015625,4.70197740328915e-38,946,SKQD,333,0.3251953125,1.940069019131516e-31,337.6666666666667,0.3297526041666667,True,2072998550
8,10,3,0.4111328125,0.015625,4.70197740328915e-38,946,SKQD,413,0.4033203125,1.609019102174507e-31,337.6666666666667,0.3297526041666667,True,2072998550
8,10,3,0.4111328125,0.015625,4.70197740328915e-38,946,SKQD,512,0.5,1.609019102174507e-31,337.6666666666667,0.3297526041666667,True,2072998550
8,10,3,0.4111328125,0.015625,4.70197740328915e-38,946,Ceiling,1,0.0009765625,0.2569508386699379,512.0,0.5,False,2072998550
8,10,3,0.4111328125,0.015625,4.70197740328915e-38,946,Ceiling,2,0.001953125,0.45967617363371815,512.0,0.5,False,2072998550
8,10,3,0.4111328125,0.015625,4.70197740328915e-38,946,Ceiling,3,0.0029296875,0.533485948211748,512.0,0.5,False,2072998550
8,10,3,0.4111328125,0.015625,4.70197740328915e-38,946,Ceiling,4,0.00390625,0.5708078346024037,512.0,0.5,False,2072998550
8,10,3,0.4111328125,0.015625,4.70197740328915e-38,946,Ceiling,5,0.0048828125,0.6055669872237098,512.0,0.5,False,2072998550
8,10,3,0.4111328125,0.015625,4.70197740328915e-38,946,Ceiling,6,0.005859375,0.6396661786384559,512.0,0.5,False,2072998550
8,10,3,0.4111328125,0.015625,4.70197740328915e-38,946,Ceiling,7,0.0068359375,0.6687345297241664,512.0,0.5,False,2072998550
8,10,3,0.4111328125,0.015625,4.70197740328915e-38,946,Ceiling,9,0.0087890625,0.7228003723670433,512.0,0.5,False,2072998550
8,10,3,0.4111328125,0.015625,4.70197740328915e-38,946,Ceiling,11,0.0107421875,0.7584638491104458,512.0,0.5,False,2072998550
8,10,3,0.4111328125,0.015625,4.70197740328915e-38,946,Ceiling,13,0.0126953125,0.7875907639039438,512.0,0.5,False,2072998550
8,10,3,0.4111328125,0.015625,4.70197740328915e-38,946,Ceiling,16,0.015625,0.8173376341086982,512.0,0.5,False,2072998550
8,10,3,0.4111328125,0.015625,4.70197740328915e-38,946,Ceiling,20,0.01953125,0.8482544782662461,512.0,0.5,False,2072998550
8,10,3,0.4111328125,0.015625,4.70197740328915e-38,946,Ceiling,25,0.0244140625,0.8761692000172421,512.0,0.5,False,2072998550
8,10,3,0.4111328125,0.015625,4.70197740328915e-38,946,Ceiling,31,0.0302734375,0.902098279913539,512.0,0.5,False,2072998550
8,10,3,0.4111328125,0.015625,4.70197740328915e-38,946,Ceiling,39,0.0380859375,0.9238677498749898,512.0,0.5,False,2072998550
8,10,3,0.4111328125,0.015625,4.70197740328915e-38,946,Ceiling,48,0.046875,0.9412176696407323,512.0,0.5,False,2072998550
8,10,3,0.4111328125,0.015625,4.70197740328915e-38,946,Ceiling,60,0.05859375,0.9571730258849829,512.0,0.5,False,2072998550
8,10,3,0.4111328125,0.015625,4.70197740328915e-38,946,Ceiling,74,0.072265625,0.9682345262982588,512.0,0.5,False,2072998550
8,10,3,0.4111328125,0.015625,4.70197740328915e-38,946,Ceiling,92,0.08984375,0.9779577516586934,512.0,0.5,False,2072998550
8,10,3,0.4111328125,0.015625,4.70197740328915e-38,946,Ceiling,114,0.111328125,0.9857069612450645,512.0,0.5,False,2072998550
8,10,3,0.4111328125,0.015625,4.70197740328915e-38,946,Ceiling,141,0.1376953125,0.9911441911435062,512.0,0.5,False,2072998550
8,10,3,0.4111328125,0.015625,4.70197740328915e-38,946,Ceiling,175,0.1708984375,0.9951093811590425,512.0,0.5,False,2072998550
8,10,3,0.4111328125,0.015625,4.70197740328915e-38,946,Ceiling,217,0.2119140625,0.9976340261223711,512.0,0.5,False,2072998550
8,10,3,0.4111328125,0.015625,4.70197740328915e-38,946,Ceiling,269,0.2626953125,0.9989833728546629,512.0,0.5,False,2072998550
8,10,3,0.4111328125,0.015625,4.70197740328915e-38,946,Ceiling,333,0.3251953125,0.9996987197233362,512.0,0.5,False,2072998550
8,10,3,0.4111328125,0.015625,4.70197740328915e-38,946,Ceiling,413,0.4033203125,0.999960712592032,512.0,0.5,False,2072998550
8,10,3,0.4111328125,0.015625,4.70197740328915e-38,946,Ceiling,512,0.5,1.0000000000000002,512.0,0.5,False,2072998550
8,10,3,0.4111328125,0.015625,7.346839692639297e-38,441,BARK,1,0.0009765625,7.346839692639297e-38,512.0,0.5,False,2072998550
8,10,3,0.4111328125,0.015625,7.346839692639297e-38,441,BARK,2,0.001953125,8.155150402636735e-34,512.0,0.5,False,2072998550
8,10,3,0.4111328125,0.015625,7.346839692639297e-38,441,BARK,3,0.0029296875,7.580681091771792e-31,512.0,0.5,False,2072998550
8,10,3,0.4111328125,0.015625,7.346839692639297e-38,441,BARK,4,0.00390625,8.850280010049756e-33,512.0,0.5,False,2072998550
8,10,3,0.4111328125,0.015625,7.346839692639297e-38,441,BARK,5,0.0048828125,3.4241931497713784e-32,512.0,0.5,False,2072998550
8,10,3,0.4111328125,0.015625,7.346839692639297e-38,441,BARK,6,0.005859375,2.550688708716747e-32,512.0,0.5,False,2072998550
8,10,3,0.4111328125,0.015625,7.346839692639297e-38,441,BARK,7,0.0068359375,3.4567967533094603e-32,512.0,0.5,False,2072998550
8,10,3,0.4111328125,0.015625,7.346839692639297e-38,441,BARK,9,0.0087890625,8.114412221322613e-32,512.0,0.5,False,2072998550
8,10,3,0.4111328125,0.015625,7.346839692639297e-38,441,BARK,11,0.0107421875,6.410042414724595e-32,512.0,0.5,False,2072998550
8,10,3,0.4111328125,0.015625,7.346839692639297e-38,441,BARK,13,0.0126953125,6.760565692757337e-32,512.0,0.5,False,2072998550
8,10,3,0.4111328125,0.015625,7.346839692639297e-38,441,BARK,16,0.015625,9.316753434415405e-32,512.0,0.5,False,2072998550
8,10,3,0.4111328125,0.015625,7.346839692639297e-38,441,BARK,20,0.01953125,3.665596659144285e-32,512.0,0.5,False,2072998550
8,10,3,0.4111328125,0.015625,7.346839692639297e-38,441,BARK,25,0.0244140625,3.0346706596306277e-32,512.0,0.5,False,2072998550
8,10,3,0.4111328125,0.015625,7.346839692639297e-38,441,BARK,31,0.0302734375,2.712089867601017e-32,512.0,0.5,False,2072998550
8,10,3,0.4111328125,0.015625,7.346839692639297e-38,441,BARK,39,0.0380859375,2.604329881841164e-32,512.0,0.5,False,2072998550
8,10,3,0.4111328125,0.015625,7.346839692639297e-38,441,BARK,48,0.046875,3.352564126388644e-32,512.0,0.5,False,2072998550
8,10,3,0.4111328125,0.015625,7.346839692639297e-38,441,BARK,60,0.05859375,2.9117452189938246e-32,512.0,0.5,False,2072998550
8,10,3,0.4111328125,0.015625,7.346839692639297e-38,441,BARK,74,0.072265625,1.077426138435015e-31,512.0,0.5,False,2072998550
8,10,3,0.4111328125,0.015625,7.346839692639297e-38,441,BARK,92,0.08984375,7.699758449036386e-32,512.0,0.5,False,2072998550
8,10,3,0.4111328125,0.015625,7.346839692639297e-38,441,BARK,114,0.111328125,6.509905909615021e-32,512.0,0.5,False,2072998550
8,10,3,0.4111328125,0.015625,7.346839692639297e-38,441,BARK,141,0.1376953125,6.888356674892768e-32,512.0,0.5,False,2072998550
8,10,3,0.4111328125,0.015625,7.346839692639297e-38,441,BARK,175,0.1708984375,3.162599775282343e-32,512.0,0.5,False,2072998550
8,10,3,0.4111328125,0.015625,7.346839692639297e-38,441,BARK,217,0.2119140625,2.609721603012764e-33,512.0,0.5,False,2072998550
8,10,3,0.4111328125,0.015625,7.346839692639297e-38,441,BARK,269,0.2626953125,1.5506143561984667e-33,512.0,0.5,False,2072998550
8,10,3,0.4111328125,0.015625,7.346839692639297e-38,441,BARK,333,0.3251953125,4.1805794416244496e-33,512.0,0.5,False,2072998550
8,10,3,0.4111328125,0.015625,7.346839692639297e-38,441,BARK,413,0.4033203125,3.7918212200768656e-33,512.0,0.5,False,2072998550
8,10,3,0.4111328125,0.015625,7.346839692639297e-38,441,BARK,512,0.5,3.5011977645168566e-33,512.0,0.5,False,2072998550
8,10,3,0.4111328125,0.015625,7.346839692639297e-38,441,Simplified BARK,1,0.0009765625,7.346839692639297e-38,512.0,0.5,False,2072998550
8,10,3,0.4111328125,0.015625,7.346839692639297e-38,441,Simplified BARK,2,0.001953125,2.0989799312467266e-33,512.0,0.5,False,2072998550
8,10,3,0.4111328125,0.015625,7.346839692639297e-38,441,Simplified BARK,3,0.0029296875,1.2854950419823187e-33,512.0,0.5,False,2072998550
8,10,3,0.4111328125,0.015625,7.346839692639297e-38,441,Simplified BARK,4,0.00390625,4.216826304863081e-34,512.0,0.5,False,2072998550
8,10,3,0.4111328125,0.015625,7.346839692639297e-38,441,Simplified BARK,5,0.0048828125,3.247248198925159e-34,512.0,0.5,False,2072998550
8,10,3,0.4111328125,0.015625,7.346839692639297e-38,441,Simplified BARK,6,0.005859375,4.727493216402099e-36,512.0,0.5,False,2072998550
8,10,3,0.4111328125,0.015625,7.346839692639297e-38,441,Simplified BARK,7,0.0068359375,1.0913030196799924e-32,512.0,0.5,False,2072998550
8,10,3,0.4111328125,0.015625,7.346839692639297e-38,441,Simplified BARK,9,0.0087890625,6.982499143326258e-32,512.0,0.5,False,2072998550
8,10,3,0.4111328125,0.015625,7.346839692639297e-38,441,Simplified BARK,11,0.0107421875,8.085980630466402e-32,512.0,0.5,False,2072998550
8,10,3,0.4111328125,0.015625,7.346839692639297e-38,441,Simplified BARK,13,0.0126953125,1.0028785018408554e-31,512.0,0.5,False,2072998550
8,10,3,0.4111328125,0.015625,7.346839692639297e-38,441,Simplified BARK,16,0.015625,1.088700087280784e-31,512.0,0.5,False,2072998550
8,10,3,0.4111328125,0.015625,7.346839692639297e-38,441,Simplified BARK,20,0.01953125,1.443353730602706e-31,512.0,0.5,False,2072998550
8,10,3,0.4111328125,0.015625,7.346839692639297e-38,441,Simplified BARK,25,0.0244140625,1.5115141297451198e-31,512.0,0.5,False,2072998550
8,10,3,0.4111328125,0.015625,7.346839692639297e-38,441,Simplified BARK,31,0.0302734375,1.5759641692261097e-31,512.0,0.5,False,2072998550
8,10,3,0.4111328125,0.015625,7.346839692639297e-38,441,Simplified BARK,39,0.0380859375,1.6340303153887232e-31,512.0,0.5,False,2072998550
8,10,3,0.4111328125,0.015625,7.346839692639297e-38,441,Simplified BARK,48,0.046875,2.081982285456948e-31,512.0,0.5,False,2072998550
8,10,3,0.4111328125,0.015625,7.346839692639297e-38,441,Simplified BARK,60,0.05859375,2.665932821791112e-31,512.0,0.5,False,2072998550
8,10,3,0.4111328125,0.015625,7.346839692639297e-38,441,Simplified BARK,74,0.072265625,3.2395315624347214e-31,512.0,0.5,False,2072998550
8,10,3,0.4111328125,0.015625,7.346839692639297e-38,441,Simplified BARK,92,0.08984375,4.2288428094279623e-32,512.0,0.5,False,2072998550
8,10,3,0.4111328125,0.015625,7.346839692639297e-38,441,Simplified BARK,114,0.111328125,1.2366881322927763e-32,512.0,0.5,False,2072998550
8,10,3,0.4111328125,0.015625,7.346839692639297e-38,441,Simplified BARK,141,0.1376953125,1.6537370344203833e-32,512.0,0.5,False,2072998550
8,10,3,0.4111328125,0.015625,7.346839692639297e-38,441,Simplified BARK,175,0.1708984375,2.2625756618043908e-32,512.0,0.5,False,2072998550
8,10,3,0.4111328125,0.015625,7.346839692639297e-38,441,Simplified BARK,217,0.2119140625,2.7053551019097915e-32,512.0,0.5,False,2072998550
8,10,3,0.4111328125,0.015625,7.346839692639297e-38,441,Simplified BARK,269,0.2626953125,2.2147849132223615e-31,512.0,0.5,False,2072998550
8,10,3,0.4111328125,0.015625,7.346839692639297e-38,441,Simplified BARK,333,0.3251953125,2.102909475870025e-31,512.0,0.5,False,2072998550
8,10,3,0.4111328125,0.015625,7.346839692639297e-38,441,Simplified BARK,413,0.4033203125,3.2271807169359675e-32,512.0,0.5,False,2072998550
8,10,3,0.4111328125,0.015625,7.346839692639297e-38,441,Simplified BARK,512,0.5,3.501197782200529e-33,512.0,0.5,False,2072998550
8,10,3,0.4111328125,0.015625,7.346839692639297e-38,441,SKQD,1,0.0009765625,7.346839692639297e-38,342.6666666666667,0.3346354166666667,True,2072998550
8,10,3,0.4111328125,0.015625,7.346839692639297e-38,441,SKQD,2,0.001953125,7.346839692639297e-38,342.6666666666667,0.3346354166666667,True,2072998550
8,10,3,0.4111328125,0.015625,7.346839692639297e-38,441,SKQD,3,0.0029296875,7.346839692639297e-38,342.6666666666667,0.3346354166666667,True,2072998550
8,10,3,0.4111328125,0.015625,7.346839692639297e-38,441,SKQD,4,0.00390625,7.346839692639297e-38,342.6666666666667,0.3346354166666667,True,2072998550
8,10,3,0.4111328125,0.015625,7.346839692639297e-38,441,SKQD,5,0.0048828125,7.346839692639297e-38,342.6666666666667,0.3346354166666667,True,2072998550
8,10,3,0.4111328125,0.015625,7.346839692639297e-38,441,SKQD,6,0.005859375,7.346839692639297e-38,342.6666666666667,0.3346354166666667,True,2072998550
8,10,3,0.4111328125,0.015625,7.346839692639297e-38,441,SKQD,7,0.0068359375,7.346839692639297e-38,342.6666666666667,0.3346354166666667,True,2072998550
8,10,3,0.4111328125,0.015625,7.346839692639297e-38,441,SKQD,9,0.0087890625,3.3724547216007565e-32,342.6666666666667,0.3346354166666667,True,2072998550
8,10,3,0.4111328125,0.015625,7.346839692639297e-38,441,SKQD,11,0.0107421875,4.127900859836085e-32,342.6666666666667,0.3346354166666667,True,2072998550
8,10,3,0.4111328125,0.015625,7.346839692639297e-38,441,SKQD,13,0.0126953125,4.127900859836085e-32,342.6666666666667,0.3346354166666667,True,2072998550
8,10,3,0.4111328125,0.015625,7.346839692639297e-38,441,SKQD,16,0.015625,4.127900859836085e-32,342.6666666666667,0.3346354166666667,True,2072998550
8,10,3,0.4111328125,0.015625,7.346839692639297e-38,441,SKQD,20,0.01953125,6.124849470922603e-32,342.6666666666667,0.3346354166666667,True,2072998550
8,10,3,0.4111328125,0.015625,7.346839692639297e-38,441,SKQD,25,0.0244140625,6.124849470922603e-32,342.6666666666667,0.3346354166666667,True,2072998550
8,10,3,0.4111328125,0.015625,7.346839692639297e-38,441,SKQD,31,0.0302734375,6.124849470922601e-32,342.6666666666667,0.3346354166666667,True,2072998550
8,10,3,0.4111328125,0.015625,7.346839692639297e-38,441,SKQD,39,0.0380859375,7.769444434013028e-32,342.6666666666667,0.3346354166666667,True,2072998550
8,10,3,0.4111328125,0.015625,7.346839692639297e-38,441,SKQD,48,0.046875,7.769444434013032e-32,342.6666666666667,0.3346354166666667,True,2072998550
8,10,3,0.4111328125,0.015625,7.346839692639297e-38,441,SKQD,60,0.05859375,7.807614930794344e-32,342.6666666666667,0.3346354166666667,True,2072998550
8,10,3,0.4111328125,0.015625,7.346839692639297e-38,441,SKQD,74,0.072265625,8.525476248512199e-32,342.6666666666667,0.3346354166666667,True,2072998550
8,10,3,0.4111328125,0.015625,7.346839692639297e-38,441,SKQD,92,0.08984375,1.3671889208168924e-31,342.6666666666667,0.3346354166666667,True,2072998550
8,10,3,0.4111328125,0.015625,7.346839692639297e-38,441,SKQD,114,0.111328125,1.4601232604414287e-31,342.6666666666667,0.3346354166666667,True,2072998550
8,10,3,0.4111328125,0.015625,7.346839692639297e-38,441,SKQD,141,0.1376953125,1.8524607250748123e-31,342.6666666666667,0.3346354166666667,True,2072998550
8,10,3,0.4111328125,0.015625,7.346839692639297e-38,441,SKQD,175,0.1708984375,1.9077579620264439e-31,342.6666666666667,0.3346354166666667,True,2072998550
8,10,3,0.4111328125,0.015625,7.346839692639297e-38,441,SKQD,217,0.2119140625,2.1095776413167513e-31,342.6666666666667,0.3346354166666667,True,2072998550
8,10,3,0.4111328125,0.015625,7.346839692639297e-38,441,SKQD,269,0.2626953125,1.4915350288996125e-31,342.6666666666667,0.3346354166666667,True,2072998550
8,10,3,0.4111328125,0.015625,7.346839692639297e-38,441,SKQD,333,0.3251953125,1.0162941890124707e-31,342.6666666666667,0.3346354166666667,True,2072998550
8,10,3,0.4111328125,0.015625,7.346839692639297e-38,441,SKQD,413,0.4033203125,1.030932922334945e-31,342.6666666666667,0.3346354166666667,True,2072998550
8,10,3,0.4111328125,0.015625,7.346839692639297e-38,441,SKQD,512,0.5,1.030932922334945e-31,342.6666666666667,0.3346354166666667,True,2072998550
8,10,3,0.4111328125,0.015625,7.346839692639297e-38,441,Ceiling,1,0.0009765625,0.2569508386699379,512.0,0.5,False,2072998550
8,10,3,0.4111328125,0.015625,7.346839692639297e-38,441,Ceiling,2,0.001953125,0.45967617363371815,512.0,0.5,False,2072998550
8,10,3,0.4111328125,0.015625,7.346839692639297e-38,441,Ceiling,3,0.0029296875,0.533485948211748,512.0,0.5,False,2072998550
8,10,3,0.4111328125,0.015625,7.346839692639297e-38,441,Ceiling,4,0.00390625,0.5708078346024037,512.0,0.5,False,2072998550
8,10,3,0.4111328125,0.015625,7.346839692639297e-38,441,Ceiling,5,0.0048828125,0.6055669872237098,512.0,0.5,False,2072998550
8,10,3,0.4111328125,0.015625,7.346839692639297e-38,441,Ceiling,6,0.005859375,0.6396661786384559,512.0,0.5,False,2072998550
8,10,3,0.4111328125,0.015625,7.346839692639297e-38,441,Ceiling,7,0.0068359375,0.6687345297241664,512.0,0.5,False,2072998550
8,10,3,0.4111328125,0.015625,7.346839692639297e-38,441,Ceiling,9,0.0087890625,0.7228003723670433,512.0,0.5,False,2072998550
8,10,3,0.4111328125,0.015625,7.346839692639297e-38,441,Ceiling,11,0.0107421875,0.7584638491104458,512.0,0.5,False,2072998550
8,10,3,0.4111328125,0.015625,7.346839692639297e-38,441,Ceiling,13,0.0126953125,0.7875907639039438,512.0,0.5,False,2072998550
8,10,3,0.4111328125,0.015625,7.346839692639297e-38,441,Ceiling,16,0.015625,0.8173376341086982,512.0,0.5,False,2072998550
8,10,3,0.4111328125,0.015625,7.346839692639297e-38,441,Ceiling,20,0.01953125,0.8482544782662461,512.0,0.5,False,2072998550
8,10,3,0.4111328125,0.015625,7.346839692639297e-38,441,Ceiling,25,0.0244140625,0.8761692000172421,512.0,0.5,False,2072998550
8,10,3,0.4111328125,0.015625,7.346839692639297e-38,441,Ceiling,31,0.0302734375,0.902098279913539,512.0,0.5,False,2072998550
8,10,3,0.4111328125,0.015625,7.346839692639297e-38,441,Ceiling,39,0.0380859375,0.9238677498749898,512.0,0.5,False,2072998550
8,10,3,0.4111328125,0.015625,7.346839692639297e-38,441,Ceiling,48,0.046875,0.9412176696407323,512.0,0.5,False,2072998550
8,10,3,0.4111328125,0.015625,7.346839692639297e-38,441,Ceiling,60,0.05859375,0.9571730258849829,512.0,0.5,False,2072998550
8,10,3,0.4111328125,0.015625,7.346839692639297e-38,441,Ceiling,74,0.072265625,0.9682345262982588,512.0,0.5,False,2072998550
8,10,3,0.4111328125,0.015625,7.346839692639297e-38,441,Ceiling,92,0.08984375,0.9779577516586934,512.0,0.5,False,2072998550
8,10,3,0.4111328125,0.015625,7.346839692639297e-38,441,Ceiling,114,0.111328125,0.9857069612450645,512.0,0.5,False,2072998550
8,10,3,0.4111328125,0.015625,7.346839692639297e-38,441,Ceiling,141,0.1376953125,0.9911441911435062,512.0,0.5,False,2072998550
8,10,3,0.4111328125,0.015625,7.346839692639297e-38,441,Ceiling,175,0.1708984375,0.9951093811590425,512.0,0.5,False,2072998550
8,10,3,0.4111328125,0.015625,7.346839692639297e-38,441,Ceiling,217,0.2119140625,0.9976340261223711,512.0,0.5,False,2072998550
8,10,3,0.4111328125,0.015625,7.346839692639297e-38,441,Ceiling,269,0.2626953125,0.9989833728546629,512.0,0.5,False,2072998550
8,10,3,0.4111328125,0.015625,7.346839692639297e-38,441,Ceiling,333,0.3251953125,0.9996987197233362,512.0,0.5,False,2072998550
8,10,3,0.4111328125,0.015625,7.346839692639297e-38,441,Ceiling,413,0.4033203125,0.999960712592032,512.0,0.5,False,2072998550
8,10,3,0.4111328125,0.015625,7.346839692639297e-38,441,Ceiling,512,0.5,1.0000000000000002,512.0,0.5,False,2072998550
