Hamiltonian_Index,Number_of_Sites,Dimensions,Delta,J,Bx,By,Bz,Ground_State_Density,Hamiltonian_Density,Gap,Overlap,Initial_State_Index,Algorithm,Budget,Budget_Fraction,Fidelity,Final_Pool_Size,Final_Pool_Fraction,Terminated_Early,T,N_Shots,Seed
3,12,1,0.5,-0.746409,0.0,0.0,-0.96867,0.000244140625,0.0029296875,0.5105004186695243,1.0,4095,BARK,1,0.000244140625,1.0,1.0,0.000244140625,True,,,120393617
3,12,1,0.5,-0.746409,0.0,0.0,-0.96867,0.000244140625,0.0029296875,0.5105004186695243,1.0,4095,BARK,2,0.00048828125,1.0,1.0,0.000244140625,True,,,120393617
3,12,1,0.5,-0.746409,0.0,0.0,-0.96867,0.000244140625,0.0029296875,0.5105004186695243,1.0,4095,BARK,3,0.000732421875,1.0,1.0,0.000244140625,True,,,120393617
3,12,1,0.5,-0.746409,0.0,0.0,-0.96867,0.000244140625,0.0029296875,0.5105004186695243,1.0,4095,BARK,4,0.0009765625,1.0,1.0,0.000244140625,True,,,120393617
3,12,1,0.5,-0.746409,0.0,0.0,-0.96867,0.000244140625,0.0029296875,0.5105004186695243,1.0,4095,BARK,5,0.001220703125,1.0,1.0,0.000244140625,True,,,120393617
3,12,1,0.5,-0.746409,0.0,0.0,-0.96867,0.000244140625,0.0029296875,0.5105004186695243,1.0,4095,BARK,6,0.00146484375,1.0,1.0,0.000244140625,True,,,120393617
3,12,1,0.5,-0.746409,0.0,0.0,-0.96867,0.000244140625,0.0029296875,0.5105004186695243,1.0,4095,BARK,8,0.001953125,1.0,1.0,0.000244140625,True,,,120393617
3,12,1,0.5,-0.746409,0.0,0.0,-0.96867,0.000244140625,0.0029296875,0.5105004186695243,1.0,4095,BARK,11,0.002685546875,1.0,1.0,0.000244140625,True,,,120393617
3,12,1,0.5,-0.746409,0.0,0.0,-0.96867,0.000244140625,0.0029296875,0.5105004186695243,1.0,4095,BARK,14,0.00341796875,1.0,1.0,0.000244140625,True,,,120393617
3,12,1,0.5,-0.746409,0.0,0.0,-0.96867,0.000244140625,0.0029296875,0.5105004186695243,1.0,4095,BARK,18,0.00439453125,1.0,1.0,0.000244140625,True,,,120393617
3,12,1,0.5,-0.746409,0.0,0.0,-0.96867,0.000244140625,0.0029296875,0.5105004186695243,1.0,4095,BARK,23,0.005615234375,1.0,1.0,0.000244140625,True,,,120393617
3,12,1,0.5,-0.746409,0.0,0.0,-0.96867,0.000244140625,0.0029296875,0.5105004186695243,1.0,4095,BARK,31,0.007568359375,1.0,1.0,0.000244140625,True,,,120393617
3,12,1,0.5,-0.746409,0.0,0.0,-0.96867,0.000244140625,0.0029296875,0.5105004186695243,1.0,4095,BARK,40,0.009765625,1.0,1.0,0.000244140625,True,,,120393617
3,12,1,0.5,-0.746409,0.0,0.0,-0.96867,0.000244140625,0.0029296875,0.5105004186695243,1.0,4095,BARK,52,0.0126953125,1.0,1.0,0.000244140625,True,,,120393617
3,12,1,0.5,-0.746409,0.0,0.0,-0.96867,0.000244140625,0.0029296875,0.5105004186695243,1.0,4095,BARK,67,0.016357421875,1.0,1.0,0.000244140625,True,,,120393617
3,12,1,0.5,-0.746409,0.0,0.0,-0.96867,0.000244140625,0.0029296875,0.5105004186695243,1.0,4095,BARK,87,0.021240234375,1.0,1.0,0.000244140625,True,,,120393617
3,12,1,0.5,-0.746409,0.0,0.0,-0.96867,0.000244140625,0.0029296875,0.5105004186695243,1.0,4095,BARK,114,0.02783203125,1.0,1.0,0.000244140625,True,,,120393617
3,12,1,0.5,-0.746409,0.0,0.0,-0.96867,0.000244140625,0.0029296875,0.5105004186695243,1.0,4095,BARK,148,0.0361328125,1.0,1.0,0.000244140625,True,,,120393617
3,12,1,0.5,-0.746409,0.0,0.0,-0.96867,0.000244140625,0.0029296875,0.5105004186695243,1.0,4095,BARK,192,0.046875,1.0,1.0,0.000244140625,True,,,120393617
3,12,1,0.5,-0.746409,0.0,0.0,-0.96867,0.000244140625,0.0029296875,0.5105004186695243,1.0,4095,BARK,250,0.06103515625,1.0,1.0,0.000244140625,True,,,120393617
3,12,1,0.5,-0.746409,0.0,0.0,-0.96867,0.000244140625,0.0029296875,0.5105004186695243,1.0,4095,BARK,325,0.079345703125,1.0,1.0,0.000244140625,True,,,120393617
3,12,1,0.5,-0.746409,0.0,0.0,-0.96867,0.000244140625,0.0029296875,0.5105004186695243,1.0,4095,BARK,423,0.103271484375,1.0,1.0,0.000244140625,True,,,120393617
3,12,1,0.5,-0.746409,0.0,0.0,-0.96867,0.000244140625,0.0029296875,0.5105004186695243,1.0,4095,BARK,550,0.13427734375,1.0,1.0,0.000244140625,True,,,120393617
3,12,1,0.5,-0.746409,0.0,0.0,-0.96867,0.000244140625,0.0029296875,0.5105004186695243,1.0,4095,BARK,715,0.174560546875,1.0,1.0,0.000244140625,True,,,120393617
3,12,1,0.5,-0.746409,0.0,0.0,-0.96867,0.000244140625,0.0029296875,0.5105004186695243,1.0,4095,BARK,931,0.227294921875,1.0,1.0,0.000244140625,True,,,120393617
3,12,1,0.5,-0.746409,0.0,0.0,-0.96867,0.000244140625,0.0029296875,0.5105004186695243,1.0,4095,BARK,1210,0.29541015625,1.0,1.0,0.000244140625,True,,,120393617
3,12,1,0.5,-0.746409,0.0,0.0,-0.96867,0.000244140625,0.0029296875,0.5105004186695243,1.0,4095,BARK,1575,0.384521484375,1.0,1.0,0.000244140625,True,,,120393617
3,12,1,0.5,-0.746409,0.0,0.0,-0.96867,0.000244140625,0.0029296875,0.5105004186695243,1.0,4095,BARK,2048,0.5,1.0,1.0,0.000244140625,True,,,120393617
3,12,1,0.5,-0.746409,0.0,0.0,-0.96867,0.000244140625,0.0029296875,0.5105004186695243,1.0,4095,Simplified BARK,1,0.000244140625,1.0,1.0,0.000244140625,True,,,120393617
3,12,1,0.5,-0.746409,0.0,0.0,-0.96867,0.000244140625,0.0029296875,0.5105004186695243,1.0,4095,Simplified BARK,2,0.00048828125,1.0,1.0,0.000244140625,True,,,120393617
3,12,1,0.5,-0.746409,0.0,0.0,-0.96867,0.000244140625,0.0029296875,0.5105004186695243,1.0,4095,Simplified BARK,3,0.000732421875,1.0,1.0,0.000244140625,True,,,120393617
3,12,1,0.5,-0.746409,0.0,0.0,-0.96867,0.000244140625,0.0029296875,0.5105004186695243,1.0,4095,Simplified BARK,4,0.0009765625,1.0,1.0,0.000244140625,True,,,120393617
3,12,1,0.5,-0.746409,0.0,0.0,-0.96867,0.000244140625,0.0029296875,0.5105004186695243,1.0,4095,Simplified BARK,5,0.001220703125,1.0,1.0,0.000244140625,True,,,120393617
3,12,1,0.5,-0.746409,0.0,0.0,-0.96867,0.000244140625,0.0029296875,0.5105004186695243,1.0,4095,Simplified BARK,6,0.00146484375,1.0,1.0,0.000244140625,True,,,120393617
3,12,1,0.5,-0.746409,0.0,0.0,-0.96867,0.000244140625,0.0029296875,0.5105004186695243,1.0,4095,Simplified BARK,8,0.001953125,1.0,1.0,0.000244140625,True,,,120393617
3,12,1,0.5,-0.746409,0.0,0.0,-0.96867,0.000244140625,0.0029296875,0.5105004186695243,1.0,4095,Simplified BARK,11,0.002685546875,1.0,1.0,0.000244140625,True,,,120393617
3,12,1,0.5,-0.746409,0.0,0.0,-0.96867,0.000244140625,0.0029296875,0.5105004186695243,1.0,4095,Simplified BARK,14,0.00341796875,1.0,1.0,0.000244140625,True,,,120393617
3,12,1,0.5,-0.746409,0.0,0.0,-0.96867,0.000244140625,0.0029296875,0.5105004186695243,1.0,4095,Simplified BARK,18,0.00439453125,1.0,1.0,0.000244140625,True,,,120393617
3,12,1,0.5,-0.746409,0.0,0.0,-0.96867,0.000244140625,0.0029296875,0.5105004186695243,1.0,4095,Simplified BARK,23,0.005615234375,1.0,1.0,0.000244140625,True,,,120393617
3,12,1,0.5,-0.746409,0.0,0.0,-0.96867,0.000244140625,0.0029296875,0.5105004186695243,1.0,4095,Simplified BARK,31,0.007568359375,1.0,1.0,0.000244140625,True,,,120393617
3,12,1,0.5,-0.746409,0.0,0.0,-0.96867,0.000244140625,0.0029296875,0.5105004186695243,1.0,4095,Simplified BARK,40,0.009765625,1.0,1.0,0.000244140625,True,,,120393617
3,12,1,0.5,-0.746409,0.0,0.0,-0.96867,0.000244140625,0.0029296875,0.5105004186695243,1.0,4095,Simplified BARK,52,0.0126953125,1.0,1.0,0.000244140625,True,,,120393617
3,12,1,0.5,-0.746409,0.0,0.0,-0.96867,0.000244140625,0.0029296875,0.5105004186695243,1.0,4095,Simplified BARK,67,0.016357421875,1.0,1.0,0.000244140625,True,,,120393617
3,12,1,0.5,-0.746409,0.0,0.0,-0.96867,0.000244140625,0.0029296875,0.5105004186695243,1.0,4095,Simplified BARK,87,0.021240234375,1.0,1.0,0.000244140625,True,,,120393617
3,12,1,0.5,-0.746409,0.0,0.0,-0.96867,0.000244140625,0.0029296875,0.5105004186695243,1.0,4095,Simplified BARK,114,0.02783203125,1.0,1.0,0.000244140625,True,,,120393617
3,12,1,0.5,-0.746409,0.0,0.0,-0.96867,0.000244140625,0.0029296875,0.5105004186695243,1.0,4095,Simplified BARK,148,0.0361328125,1.0,1.0,0.000244140625,True,,,120393617
3,12,1,0.5,-0.746409,0.0,0.0,-0.96867,0.000244140625,0.0029296875,0.5105004186695243,1.0,4095,Simplified BARK,192,0.046875,1.0,1.0,0.000244140625,True,,,120393617
3,12,1,0.5,-0.746409,0.0,0.0,-0.96867,0.000244140625,0.0029296875,0.5105004186695243,1.0,4095,Simplified BARK,250,0.06103515625,1.0,1.0,0.000244140625,True,,,120393617
3,12,1,0.5,-0.746409,0.0,0.0,-0.96867,0.000244140625,0.0029296875,0.5105004186695243,1.0,4095,Simplified BARK,325,0.079345703125,1.0,1.0,0.000244140625,True,,,120393617
3,12,1,0.5,-0.746409,0.0,0.0,-0.96867,0.000244140625,0.0029296875,0.5105004186695243,1.0,4095,Simplified BARK,423,0.103271484375,1.0,1.0,0.000244140625,True,,,120393617
3,12,1,0.5,-0.746409,0.0,0.0,-0.96867,0.000244140625,0.0029296875,0.5105004186695243,1.0,4095,Simplified BARK,550,0.13427734375,1.0,1.0,0.000244140625,True,,,120393617
3,12,1,0.5,-0.746409,0.0,0.0,-0.96867,0.000244140625,0.0029296875,0.5105004186695243,1.0,4095,Simplified BARK,715,0.174560546875,1.0,1.0,0.000244140625,True,,,120393617
3,12,1,0.5,-0.746409,0.0,0.0,-0.96867,0.000244140625,0.0029296875,0.5105004186695243,1.0,4095,Simplified BARK,931,0.227294921875,1.0,1.0,0.000244140625,True,,,120393617
3,12,1,0.5,-0.746409,0.0,0.0,-0.96867,0.000244140625,0.0029296875,0.5105004186695243,1.0,4095,Simplified BARK,1210,0.29541015625,1.0,1.0,0.000244140625,True,,,120393617
3,12,1,0.5,-0.746409,0.0,0.0,-0.96867,0.000244140625,0.0029296875,0.5105004186695243,1.0,4095,Simplified BARK,1575,0.384521484375,1.0,1.0,0.000244140625,True,,,120393617
3,12,1,0.5,-0.746409,0.0,0.0,-0.96867,0.000244140625,0.0029296875,0.5105004186695243,1.0,4095,Simplified BARK,2048,0.5,1.0,1.0,0.000244140625,True,,,120393617
3,12,1,0.5,-0.746409,0.0,0.0,-0.96867,0.000244140625,0.0029296875,0.5105004186695243,1.0,4095,SKQD,1,0.000244140625,1.0,1.0,0.000244140625,True,0.02,10.0,120393617
3,12,1,0.5,-0.746409,0.0,0.0,-0.96867,0.000244140625,0.0029296875,0.5105004186695243,1.0,4095,SKQD,2,0.00048828125,1.0,1.0,0.000244140625,True,0.02,10.0,120393617
3,12,1,0.5,-0.746409,0.0,0.0,-0.96867,0.000244140625,0.0029296875,0.5105004186695243,1.0,4095,SKQD,3,0.000732421875,1.0,1.0,0.000244140625,True,0.02,10.0,120393617
3,12,1,0.5,-0.746409,0.0,0.0,-0.96867,0.000244140625,0.0029296875,0.5105004186695243,1.0,4095,SKQD,4,0.0009765625,1.0,1.0,0.000244140625,True,0.02,10.0,120393617
3,12,1,0.5,-0.746409,0.0,0.0,-0.96867,0.000244140625,0.0029296875,0.5105004186695243,1.0,4095,SKQD,5,0.001220703125,1.0,1.0,0.000244140625,True,0.02,10.0,120393617
3,12,1,0.5,-0.746409,0.0,0.0,-0.96867,0.000244140625,0.0029296875,0.5105004186695243,1.0,4095,SKQD,6,0.00146484375,1.0,1.0,0.000244140625,True,0.02,10.0,120393617
3,12,1,0.5,-0.746409,0.0,0.0,-0.96867,0.000244140625,0.0029296875,0.5105004186695243,1.0,4095,SKQD,8,0.001953125,1.0,1.0,0.000244140625,True,0.02,10.0,120393617
3,12,1,0.5,-0.746409,0.0,0.0,-0.96867,0.000244140625,0.0029296875,0.5105004186695243,1.0,4095,SKQD,11,0.002685546875,1.0,1.0,0.000244140625,True,0.02,10.0,120393617
3,12,1,0.5,-0.746409,0.0,0.0,-0.96867,0.000244140625,0.0029296875,0.5105004186695243,1.0,4095,SKQD,14,0.00341796875,1.0,1.0,0.000244140625,True,0.02,10.0,120393617
3,12,1,0.5,-0.746409,0.0,0.0,-0.96867,0.000244140625,0.0029296875,0.5105004186695243,1.0,4095,SKQD,18,0.00439453125,1.0,1.0,0.000244140625,True,0.02,10.0,120393617
3,12,1,0.5,-0.746409,0.0,0.0,-0.96867,0.000244140625,0.0029296875,0.5105004186695243,1.0,4095,SKQD,23,0.005615234375,1.0,1.0,0.000244140625,True,0.02,10.0,120393617
3,12,1,0.5,-0.746409,0.0,0.0,-0.96867,0.000244140625,0.0029296875,0.5105004186695243,1.0,4095,SKQD,31,0.007568359375,1.0,1.0,0.000244140625,True,0.02,10.0,120393617
3,12,1,0.5,-0.746409,0.0,0.0,-0.96867,0.000244140625,0.0029296875,0.5105004186695243,1.0,4095,SKQD,40,0.009765625,1.0,1.0,0.000244140625,True,0.02,10.0,120393617
3,12,1,0.5,-0.746409,0.0,0.0,-0.96867,0.000244140625,0.0029296875,0.5105004186695243,1.0,4095,SKQD,52,0.0126953125,1.0,1.0,0.000244140625,True,0.02,10.0,120393617
3,12,1,0.5,-0.746409,0.0,0.0,-0.96867,0.000244140625,0.0029296875,0.5105004186695243,1.0,4095,SKQD,67,0.016357421875,1.0,1.0,0.000244140625,True,0.02,10.0,120393617
3,12,1,0.5,-0.746409,0.0,0.0,-0.96867,0.000244140625,0.0029296875,0.5105004186695243,1.0,4095,SKQD,87,0.021240234375,1.0,1.0,0.000244140625,True,0.02,10.0,120393617
3,12,1,0.5,-0.746409,0.0,0.0,-0.96867,0.000244140625,0.0029296875,0.5105004186695243,1.0,4095,SKQD,114,0.02783203125,1.0,1.0,0.000244140625,True,0.02,10.0,120393617
3,12,1,0.5,-0.746409,0.0,0.0,-0.96867,0.000244140625,0.0029296875,0.5105004186695243,1.0,4095,SKQD,148,0.0361328125,1.0,1.0,0.000244140625,True,0.02,10.0,120393617
3,12,1,0.5,-0.746409,0.0,0.0,-0.96867,0.000244140625,0.0029296875,0.5105004186695243,1.0,4095,SKQD,192,0.046875,1.0,1.0,0.000244140625,True,0.02,10.0,120393617
3,12,1,0.5,-0.746409,0.0,0.0,-0.96867,0.000244140625,0.0029296875,0.5105004186695243,1.0,4095,SKQD,250,0.06103515625,1.0,1.0,0.000244140625,True,0.02,10.0,120393617
3,12,1,0.5,-0.746409,0.0,0.0,-0.96867,0.000244140625,0.0029296875,0.5105004186695243,1.0,4095,SKQD,325,0.079345703125,1.0,1.0,0.000244140625,True,0.02,10.0,120393617
3,12,1,0.5,-0.746409,0.0,0.0,-0.96867,0.000244140625,0.0029296875,0.5105004186695243,1.0,4095,SKQD,423,0.103271484375,1.0,1.0,0.000244140625,True,0.02,10.0,120393617
3,12,1,0.5,-0.746409,0.0,0.0,-0.96867,0.000244140625,0.0029296875,0.5105004186695243,1.0,4095,SKQD,550,0.13427734375,1.0,1.0,0.000244140625,True,0.02,10.0,120393617
3,12,1,0.5,-0.746409,0.0,0.0,-0.96867,0.000244140625,0.0029296875,0.5105004186695243,1.0,4095,SKQD,715,0.174560546875,1.0,1.0,0.000244140625,True,0.02,10.0,120393617
3,12,1,0.5,-0.746409,0.0,0.0,-0.96867,0.000244140625,0.0029296875,0.5105004186695243,1.0,4095,SKQD,931,0.227294921875,1.0,1.0,0.000244140625,True,0.02,10.0,120393617
3,12,1,0.5,-0.746409,0.0,0.0,-0.96867,0.000244140625,0.0029296875,0.5105004186695243,1.0,4095,SKQD,1210,0.29541015625,1.0,1.0,0.000244140625,True,0.02,10.0,120393617
3,12,1,0.5,-0.746409,0.0,0.0,-0.96867,0.000244140625,0.0029296875,0.5105004186695243,1.0,4095,SKQD,1575,0.384521484375,1.0,1.0,0.000244140625,True,0.02,10.0,120393617
3,12,1,0.5,-0.746409,0.0,0.0,-0.96867,0.000244140625,0.0029296875,0.5105004186695243,1.0,4095,SKQD,2048,0.5,1.0,1.0,0.000244140625,True,0.02,10.0,120393617
3,12,1,0.5,-0.746409,0.0,0.0,-0.96867,0.000244140625,0.0029296875,0.5105004186695243,1.0,4095,Ceiling,1,0.000244140625,1.0,2048.0,0.5,False,,,120393617
3,12,1,0.5,-0.746409,0.0,0.0,-0.96867,0.000244140625,0.0029296875,0.5105004186695243,1.0,4095,Ceiling,2,0.00048828125,1.0,2048.0,0.5,False,,,120393617
3,12,1,0.5,-0.746409,0.0,0.0,-0.96867,0.000244140625,0.0029296875,0.5105004186695243,1.0,4095,Ceiling,3,0.000732421875,1.0,2048.0,0.5,False,,,120393617
3,12,1,0.5,-0.746409,0.0,0.0,-0.96867,0.000244140625,0.0029296875,0.5105004186695243,1.0,4095,Ceiling,4,0.0009765625,1.0,2048.0,0.5,False,,,120393617
3,12,1,0.5,-0.746409,0.0,0.0,-0.96867,0.000244140625,0.0029296875,0.5105004186695243,1.0,4095,Ceiling,5,0.001220703125,1.0,2048.0,0.5,False,,,120393617
3,12,1,0.5,-0.746409,0.0,0.0,-0.96867,0.000244140625,0.0029296875,0.5105004186695243,1.0,4095,Ceiling,6,0.00146484375,1.0,2048.0,0.5,False,,,120393617
3,12,1,0.5,-0.746409,0.0,0.0,-0.96867,0.000244140625,0.0029296875,0.5105004186695243,1.0,4095,Ceiling,8,0.001953125,1.0,2048.0,0.5,False,,,120393617
3,12,1,0.5,-0.746409,0.0,0.0,-0.96867,0.000244140625,0.0029296875,0.5105004186695243,1.0,4095,Ceiling,11,0.002685546875,1.0,2048.0,0.5,False,,,120393617
3,12,1,0.5,-0.746409,0.0,0.0,-0.96867,0.000244140625,0.0029296875,0.5105004186695243,1.0,4095,Ceiling,14,0.00341796875,1.0,2048.0,0.5,False,,,120393617
3,12,1,0.5,-0.746409,0.0,0.0,-0.96867,0.000244140625,0.0029296875,0.5105004186695243,1.0,4095,Ceiling,18,0.00439453125,1.0,2048.0,0.5,False,,,120393617
3,12,1,0.5,-0.746409,0.0,0.0,-0.96867,0.000244140625,0.0029296875,0.5105004186695243,1.0,4095,Ceiling,23,0.005615234375,1.0,2048.0,0.5,False,,,120393617
3,12,1,0.5,-0.746409,0.0,0.0,-0.96867,0.000244140625,0.0029296875,0.5105004186695243,1.0,4095,Ceiling,31,0.007568359375,1.0,2048.0,0.5,False,,,120393617
3,12,1,0.5,-0.746409,0.0,0.0,-0.96867,0.000244140625,0.0029296875,0.5105004186695243,1.0,4095,Ceiling,40,0.009765625,1.0,2048.0,0.5,False,,,120393617
3,12,1,0.5,-0.746409,0.0,0.0,-0.96867,0.000244140625,0.0029296875,0.5105004186695243,1.0,4095,Ceiling,52,0.0126953125,1.0,2048.0,0.5,False,,,120393617
3,12,1,0.5,-0.746409,0.0,0.0,-0.96867,0.000244140625,0.0029296875,0.5105004186695243,1.0,4095,Ceiling,67,0.016357421875,1.0,2048.0,0.5,False,,,120393617
3,12,1,0.5,-0.746409,0.0,0.0,-0.96867,0.000244140625,0.0029296875,0.5105004186695243,1.0,4095,Ceiling,87,0.021240234375,1.0,2048.0,0.5,False,,,120393617
3,12,1,0.5,-0.746409,0.0,0.0,-0.96867,0.000244140625,0.0029296875,0.5105004186695243,1.0,4095,Ceiling,114,0.02783203125,1.0,2048.0,0.5,False,,,120393617
3,12,1,0.5,-0.746409,0.0,0.0,-0.96867,0.000244140625,0.0029296875,0.5105004186695243,1.0,4095,Ceiling,148,0.0361328125,1.0,2048.0,0.5,False,,,120393617
3,12,1,0.5,-0.746409,0.0,0.0,-0.96867,0.000244140625,0.0029296875,0.5105004186695243,1.0,4095,Ceiling,192,0.046875,1.0,2048.0,0.5,False,,,120393617
3,12,1,0.5,-0.746409,0.0,0.0,-0.96867,0.000244140625,0.0029296875,0.5105004186695243,1.0,4095,Ceiling,250,0.06103515625,1.0,2048.0,0.5,False,,,120393617
3,12,1,0.5,-0.746409,0.0,0.0,-0.96867,0.000244140625,0.0029296875,0.5105004186695243,1.0,4095,Ceiling,325,0.079345703125,1.0,2048.0,0.5,False,,,120393617
3,12,1,0.5,-0.746409,0.0,0.0,-0.96867,0.000244140625,0.0029296875,0.5105004186695243,1.0,4095,Ceiling,423,0.103271484375,1.0,2048.0,0.5,False,,,120393617
3,12,1,0.5,-0.746409,0.0,0.0,-0.96867,0.000244140625,0.0029296875,0.5105004186695243,1.0,4095,Ceiling,550,0.13427734375,1.0,2048.0,0.5,False,,,120393617
3,12,1,0.5,-0.746409,0.0,0.0,-0.96867,0.000244140625,0.0029296875,0.5105004186695243,1.0,4095,Ceiling,715,0.174560546875,1.0,2048.0,0.5,False,,,120393617
3,12,1,0.5,-0.746409,0.0,0.0,-0.96867,0.000244140625,0.0029296875,0.5105004186695243,1.0,4095,Ceiling,931,0.227294921875,1.0,2048.0,0.5,False,,,120393617
3,12,1,0.5,-0.746409,0.0,0.0,-0.96867,0.000244140625,0.0029296875,0.5105004186695243,1.0,4095,Ceiling,1210,0.29541015625,1.0,2048.0,0.5,False,,,120393617
3,12,1,0.5,-0.746409,0.0,0.0,-0.96867,0.000244140625,0.0029296875,0.5105004186695243,1.0,4095,Ceiling,1575,0.384521484375,1.0,2048.0,0.5,False,,,120393617
3,12,1,0.5,-0.746409,0.0,0.0,-0.96867,0.000244140625,0.0029296875,0.5105004186695243,1.0,4095,Ceiling,2048,0.5,1.0,2048.0,0.5,False,,,120393617
11,12,1,0.5,-0.899855,0.0,0.0,0.734512,0.01611328125,0.0029296875,0.05460304432016372,0.009535087866509077,96,BARK,1,0.000244140625,0.009535087866509077,66.0,0.01611328125,True,,,1373636336
11,12,1,0.5,-0.899855,0.0,0.0,0.734512,0.01611328125,0.0029296875,0.05460304432016372,0.009535087866509077,96,BARK,2,0.00048828125,0.024024004726511443,66.0,0.01611328125,True,,,1373636336
11,12,1,0.5,-0.899855,0.0,0.0,0.734512,0.01611328125,0.0029296875,0.05460304432016372,0.009535087866509077,96,BARK,3,0.000732421875,0.035424910840987346,66.0,0.01611328125,True,,,1373636336
11,12,1,0.5,-0.899855,0.0,0.0,0.734512,0.01611328125,0.0029296875,0.05460304432016372,0.009535087866509077,96,BARK,4,0.0009765625,0.04427042425250247,66.0,0.01611328125,True,,,1373636336
11,12,1,0.5,-0.899855,0.0,0.0,0.734512,0.01611328125,0.0029296875,0.05460304432016372,0.009535087866509077,96,BARK,5,0.001220703125,0.06753047883490806,66.0,0.01611328125,True,,,1373636336
11,12,1,0.5,-0.899855,0.0,0.0,0.734512,0.01611328125,0.0029296875,0.05460304432016372,0.009535087866509077,96,BARK,6,0.00146484375,0.08454895855894985,66.0,0.01611328125,True,,,1373636336
11,12,1,0.5,-0.899855,0.0,0.0,0.734512,0.01611328125,0.0029296875,0.05460304432016372,0.009535087866509077,96,BARK,8,0.001953125,0.13600473258319123,66.0,0.01611328125,True,,,1373636336
11,12,1,0.5,-0.899855,0.0,0.0,0.734512,0.01611328125,0.0029296875,0.05460304432016372,0.009535087866509077,96,BARK,11,0.002685546875,0.17230971122209535,66.0,0.01611328125,True,,,1373636336
11,12,1,0.5,-0.899855,0.0,0.0,0.734512,0.01611328125,0.0029296875,0.05460304432016372,0.009535087866509077,96,BARK,14,0.00341796875,0.25323108394694827,66.0,0.01611328125,True,,,1373636336
11,12,1,0.5,-0.899855,0.0,0.0,0.734512,0.01611328125,0.0029296875,0.05460304432016372,0.009535087866509077,96,BARK,18,0.00439453125,0.3427778855330453,66.0,0.01611328125,True,,,1373636336
11,12,1,0.5,-0.899855,0.0,0.0,0.734512,0.01611328125,0.0029296875,0.05460304432016372,0.009535087866509077,96,BARK,23,0.005615234375,0.36464592143148566,66.0,0.01611328125,True,,,1373636336
11,12,1,0.5,-0.899855,0.0,0.0,0.734512,0.01611328125,0.0029296875,0.05460304432016372,0.009535087866509077,96,BARK,31,0.007568359375,0.4718151922284005,66.0,0.01611328125,True,,,1373636336
11,12,1,0.5,-0.899855,0.0,0.0,0.734512,0.01611328125,0.0029296875,0.05460304432016372,0.009535087866509077,96,BARK,40,0.009765625,0.575170909584051,66.0,0.01611328125,True,,,1373636336
11,12,1,0.5,-0.899855,0.0,0.0,0.734512,0.01611328125,0.0029296875,0.05460304432016372,0.009535087866509077,96,BARK,52,0.0126953125,0.7909219716990105,66.0,0.01611328125,True,,,1373636336
11,12,1,0.5,-0.899855,0.0,0.0,0.734512,0.01611328125,0.0029296875,0.05460304432016372,0.009535087866509077,96,BARK,67,0.016357421875,1.0,66.0,0.01611328125,True,,,1373636336
11,12,1,0.5,-0.899855,0.0,0.0,0.734512,0.01611328125,0.0029296875,0.05460304432016372,0.009535087866509077,96,BARK,87,0.021240234375,1.0,66.0,0.01611328125,True,,,1373636336
11,12,1,0.5,-0.899855,0.0,0.0,0.734512,0.01611328125,0.0029296875,0.05460304432016372,0.009535087866509077,96,BARK,114,0.02783203125,1.0,66.0,0.01611328125,True,,,1373636336
11,12,1,0.5,-0.899855,0.0,0.0,0.734512,0.01611328125,0.0029296875,0.05460304432016372,0.009535087866509077,96,BARK,148,0.0361328125,1.0,66.0,0.01611328125,True,,,1373636336
11,12,1,0.5,-0.899855,0.0,0.0,0.734512,0.01611328125,0.0029296875,0.05460304432016372,0.009535087866509077,96,BARK,192,0.046875,1.0,66.0,0.01611328125,True,,,1373636336
11,12,1,0.5,-0.899855,0.0,0.0,0.734512,0.01611328125,0.0029296875,0.05460304432016372,0.009535087866509077,96,BARK,250,0.06103515625,1.0,66.0,0.01611328125,True,,,1373636336
11,12,1,0.5,-0.899855,0.0,0.0,0.734512,0.01611328125,0.0029296875,0.05460304432016372,0.009535087866509077,96,BARK,325,0.079345703125,1.0,66.0,0.01611328125,True,,,1373636336
11,12,1,0.5,-0.899855,0.0,0.0,0.734512,0.01611328125,0.0029296875,0.05460304432016372,0.009535087866509077,96,BARK,423,0.103271484375,1.0,66.0,0.01611328125,True,,,1373636336
11,12,1,0.5,-0.899855,0.0,0.0,0.734512,0.01611328125,0.0029296875,0.05460304432016372,0.009535087866509077,96,BARK,550,0.13427734375,1.0,66.0,0.01611328125,True,,,1373636336
11,12,1,0.5,-0.899855,0.0,0.0,0.734512,0.01611328125,0.0029296875,0.05460304432016372,0.009535087866509077,96,BARK,715,0.174560546875,1.0,66.0,0.01611328125,True,,,1373636336
11,12,1,0.5,-0.899855,0.0,0.0,0.734512,0.01611328125,0.0029296875,0.05460304432016372,0.009535087866509077,96,BARK,931,0.227294921875,1.0,66.0,0.01611328125,True,,,1373636336
11,12,1,0.5,-0.899855,0.0,0.0,0.734512,0.01611328125,0.0029296875,0.05460304432016372,0.009535087866509077,96,BARK,1210,0.29541015625,1.0,66.0,0.01611328125,True,,,1373636336
11,12,1,0.5,-0.899855,0.0,0.0,0.734512,0.01611328125,0.0029296875,0.05460304432016372,0.009535087866509077,96,BARK,1575,0.384521484375,1.0,66.0,0.01611328125,True,,,1373636336
11,12,1,0.5,-0.899855,0.0,0.0,0.734512,0.01611328125,0.0029296875,0.05460304432016372,0.009535087866509077,96,BARK,2048,0.5,1.0,66.0,0.01611328125,True,,,1373636336
11,12,1,0.5,-0.899855,0.0,0.0,0.734512,0.01611328125,0.0029296875,0.05460304432016372,0.009535087866509077,96,Simplified BARK,1,0.000244140625,0.009535087866509077,66.0,0.01611328125,True,,,1373636336
11,12,1,0.5,-0.899855,0.0,0.0,0.734512,0.01611328125,0.0029296875,0.05460304432016372,0.009535087866509077,96,Simplified BARK,2,0.00048828125,0.024024004726511474,66.0,0.01611328125,True,,,1373636336
11,12,1,0.5,-0.899855,0.0,0.0,0.734512,0.01611328125,0.0029296875,0.05460304432016372,0.009535087866509077,96,Simplified BARK,3,0.000732421875,0.03542491084098748,66.0,0.01611328125,True,,,1373636336
11,12,1,0.5,-0.899855,0.0,0.0,0.734512,0.01611328125,0.0029296875,0.05460304432016372,0.009535087866509077,96,Simplified BARK,4,0.0009765625,0.04427042425250269,66.0,0.01611328125,True,,,1373636336
11,12,1,0.5,-0.899855,0.0,0.0,0.734512,0.01611328125,0.0029296875,0.05460304432016372,0.009535087866509077,96,Simplified BARK,5,0.001220703125,0.050636332719511505,66.0,0.01611328125,True,,,1373636336
11,12,1,0.5,-0.899855,0.0,0.0,0.734512,0.01611328125,0.0029296875,0.05460304432016372,0.009535087866509077,96,Simplified BARK,6,0.00146484375,0.05504461095764034,66.0,0.01611328125,True,,,1373636336
11,12,1,0.5,-0.899855,0.0,0.0,0.734512,0.01611328125,0.0029296875,0.05460304432016372,0.009535087866509077,96,Simplified BARK,8,0.001953125,0.0572848909380015,66.0,0.01611328125,True,,,1373636336
11,12,1,0.5,-0.899855,0.0,0.0,0.734512,0.01611328125,0.0029296875,0.05460304432016372,0.009535087866509077,96,Simplified BARK,11,0.002685546875,0.024389568329791875,66.0,0.01611328125,True,,,1373636336
11,12,1,0.5,-0.899855,0.0,0.0,0.734512,0.01611328125,0.0029296875,0.05460304432016372,0.009535087866509077,96,Simplified BARK,14,0.00341796875,0.027132553985428843,66.0,0.01611328125,True,,,1373636336
11,12,1,0.5,-0.899855,0.0,0.0,0.734512,0.01611328125,0.0029296875,0.05460304432016372,0.009535087866509077,96,Simplified BARK,18,0.00439453125,0.07061995842026804,66.0,0.01611328125,True,,,1373636336
11,12,1,0.5,-0.899855,0.0,0.0,0.734512,0.01611328125,0.0029296875,0.05460304432016372,0.009535087866509077,96,Simplified BARK,23,0.005615234375,0.16445142236216234,66.0,0.01611328125,True,,,1373636336
11,12,1,0.5,-0.899855,0.0,0.0,0.734512,0.01611328125,0.0029296875,0.05460304432016372,0.009535087866509077,96,Simplified BARK,31,0.007568359375,0.32605564523970476,66.0,0.01611328125,True,,,1373636336
11,12,1,0.5,-0.899855,0.0,0.0,0.734512,0.01611328125,0.0029296875,0.05460304432016372,0.009535087866509077,96,Simplified BARK,40,0.009765625,0.5397127458968302,66.0,0.01611328125,True,,,1373636336
11,12,1,0.5,-0.899855,0.0,0.0,0.734512,0.01611328125,0.0029296875,0.05460304432016372,0.009535087866509077,96,Simplified BARK,52,0.0126953125,0.8160643369149321,66.0,0.01611328125,True,,,1373636336
11,12,1,0.5,-0.899855,0.0,0.0,0.734512,0.01611328125,0.0029296875,0.05460304432016372,0.009535087866509077,96,Simplified BARK,67,0.016357421875,1.0,66.0,0.01611328125,True,,,1373636336
11,12,1,0.5,-0.899855,0.0,0.0,0.734512,0.01611328125,0.0029296875,0.05460304432016372,0.009535087866509077,96,Simplified BARK,87,0.021240234375,1.0,66.0,0.01611328125,True,,,1373636336
11,12,1,0.5,-0.899855,0.0,0.0,0.734512,0.01611328125,0.0029296875,0.05460304432016372,0.009535087866509077,96,Simplified BARK,114,0.02783203125,1.0,66.0,0.01611328125,True,,,1373636336
11,12,1,0.5,-0.899855,0.0,0.0,0.734512,0.01611328125,0.0029296875,0.05460304432016372,0.009535087866509077,96,Simplified BARK,148,0.0361328125,1.0,66.0,0.01611328125,True,,,1373636336
11,12,1,0.5,-0.899855,0.0,0.0,0.734512,0.01611328125,0.0029296875,0.05460304432016372,0.009535087866509077,96,Simplified BARK,192,0.046875,1.0,66.0,0.01611328125,True,,,1373636336
11,12,1,0.5,-0.899855,0.0,0.0,0.734512,0.01611328125,0.0029296875,0.05460304432016372,0.009535087866509077,96,Simplified BARK,250,0.06103515625,1.0,66.0,0.01611328125,True,,,1373636336
11,12,1,0.5,-0.899855,0.0,0.0,0.734512,0.01611328125,0.0029296875,0.05460304432016372,0.009535087866509077,96,Simplified BARK,325,0.079345703125,1.0,66.0,0.01611328125,True,,,1373636336
11,12,1,0.5,-0.899855,0.0,0.0,0.734512,0.01611328125,0.0029296875,0.05460304432016372,0.009535087866509077,96,Simplified BARK,423,0.103271484375,1.0,66.0,0.01611328125,True,,,1373636336
11,12,1,0.5,-0.899855,0.0,0.0,0.734512,0.01611328125,0.0029296875,0.05460304432016372,0.009535087866509077,96,Simplified BARK,550,0.13427734375,1.0,66.0,0.01611328125,True,,,1373636336
11,12,1,0.5,-0.899855,0.0,0.0,0.734512,0.01611328125,0.0029296875,0.05460304432016372,0.009535087866509077,96,Simplified BARK,715,0.174560546875,1.0,66.0,0.01611328125,True,,,1373636336
11,12,1,0.5,-0.899855,0.0,0.0,0.734512,0.01611328125,0.0029296875,0.05460304432016372,0.009535087866509077,96,Simplified BARK,931,0.227294921875,1.0,66.0,0.01611328125,True,,,1373636336
11,12,1,0.5,-0.899855,0.0,0.0,0.734512,0.01611328125,0.0029296875,0.05460304432016372,0.009535087866509077,96,Simplified BARK,1210,0.29541015625,1.0,66.0,0.01611328125,True,,,1373636336
11,12,1,0.5,-0.899855,0.0,0.0,0.734512,0.01611328125,0.0029296875,0.05460304432016372,0.009535087866509077,96,Simplified BARK,1575,0.384521484375,1.0,66.0,0.01611328125,True,,,1373636336
11,12,1,0.5,-0.899855,0.0,0.0,0.734512,0.01611328125,0.0029296875,0.05460304432016372,0.009535087866509077,96,Simplified BARK,2048,0.5,1.0,66.0,0.01611328125,True,,,1373636336
11,12,1,0.5,-0.899855,0.0,0.0,0.734512,0.01611328125,0.0029296875,0.05460304432016372,0.009535087866509077,96,SKQD,1,0.000244140625,0.009535087866509077,65.33333333333333,0.015950520833333332,True,0.02,100.0,1373636336
11,12,1,0.5,-0.899855,0.0,0.0,0.734512,0.01611328125,0.0029296875,0.05460304432016372,0.009535087866509077,96,SKQD,2,0.00048828125,0.02402400472651145,65.33333333333333,0.015950520833333332,True,0.02,100.0,1373636336
11,12,1,0.5,-0.899855,0.0,0.0,0.734512,0.01611328125,0.0029296875,0.05460304432016372,0.009535087866509077,96,SKQD,3,0.000732421875,0.03244222856425586,65.33333333333333,0.015950520833333332,True,0.02,100.0,1373636336
11,12,1,0.5,-0.899855,0.0,0.0,0.734512,0.01611328125,0.0029296875,0.05460304432016372,0.009535087866509077,96,SKQD,4,0.0009765625,0.05433585413415826,65.33333333333333,0.015950520833333332,True,0.02,100.0,1373636336
11,12,1,0.5,-0.899855,0.0,0.0,0.734512,0.01611328125,0.0029296875,0.05460304432016372,0.009535087866509077,96,SKQD,5,0.001220703125,0.07288233123525506,65.33333333333333,0.015950520833333332,True,0.02,100.0,1373636336
11,12,1,0.5,-0.899855,0.0,0.0,0.734512,0.01611328125,0.0029296875,0.05460304432016372,0.009535087866509077,96,SKQD,6,0.00146484375,0.08798435105425367,65.33333333333333,0.015950520833333332,True,0.02,100.0,1373636336
11,12,1,0.5,-0.899855,0.0,0.0,0.734512,0.01611328125,0.0029296875,0.05460304432016372,0.009535087866509077,96,SKQD,8,0.001953125,0.1148826871403497,65.33333333333333,0.015950520833333332,True,0.02,100.0,1373636336
11,12,1,0.5,-0.899855,0.0,0.0,0.734512,0.01611328125,0.0029296875,0.05460304432016372,0.009535087866509077,96,SKQD,11,0.002685546875,0.19984411080727602,65.33333333333333,0.015950520833333332,True,0.02,100.0,1373636336
11,12,1,0.5,-0.899855,0.0,0.0,0.734512,0.01611328125,0.0029296875,0.05460304432016372,0.009535087866509077,96,SKQD,14,0.00341796875,0.24221849618701755,65.33333333333333,0.015950520833333332,True,0.02,100.0,1373636336
11,12,1,0.5,-0.899855,0.0,0.0,0.734512,0.01611328125,0.0029296875,0.05460304432016372,0.009535087866509077,96,SKQD,18,0.00439453125,0.32968298866098383,65.33333333333333,0.015950520833333332,True,0.02,100.0,1373636336
11,12,1,0.5,-0.899855,0.0,0.0,0.734512,0.01611328125,0.0029296875,0.05460304432016372,0.009535087866509077,96,SKQD,23,0.005615234375,0.40052410325962223,65.33333333333333,0.015950520833333332,True,0.02,100.0,1373636336
11,12,1,0.5,-0.899855,0.0,0.0,0.734512,0.01611328125,0.0029296875,0.05460304432016372,0.009535087866509077,96,SKQD,31,0.007568359375,0.5396774495409715,65.33333333333333,0.015950520833333332,True,0.02,100.0,1373636336
11,12,1,0.5,-0.899855,0.0,0.0,0.734512,0.01611328125,0.0029296875,0.05460304432016372,0.009535087866509077,96,SKQD,40,0.009765625,0.6798446156627578,65.33333333333333,0.015950520833333332,True,0.02,100.0,1373636336
11,12,1,0.5,-0.899855,0.0,0.0,0.734512,0.01611328125,0.0029296875,0.05460304432016372,0.009535087866509077,96,SKQD,52,0.0126953125,0.8787098964263195,65.33333333333333,0.015950520833333332,True,0.02,100.0,1373636336
11,12,1,0.5,-0.899855,0.0,0.0,0.734512,0.01611328125,0.0029296875,0.05460304432016372,0.009535087866509077,96,SKQD,67,0.016357421875,0.9998879739466361,65.33333333333333,0.015950520833333332,True,0.02,100.0,1373636336
11,12,1,0.5,-0.899855,0.0,0.0,0.734512,0.01611328125,0.0029296875,0.05460304432016372,0.009535087866509077,96,SKQD,87,0.021240234375,0.9998879739466361,65.33333333333333,0.015950520833333332,True,0.02,100.0,1373636336
11,12,1,0.5,-0.899855,0.0,0.0,0.734512,0.01611328125,0.0029296875,0.05460304432016372,0.009535087866509077,96,SKQD,114,0.02783203125,0.9998879739466361,65.33333333333333,0.015950520833333332,True,0.02,100.0,1373636336
11,12,1,0.5,-0.899855,0.0,0.0,0.734512,0.01611328125,0.0029296875,0.05460304432016372,0.009535087866509077,96,SKQD,148,0.0361328125,0.9998879739466361,65.33333333333333,0.015950520833333332,True,0.02,100.0,1373636336
11,12,1,0.5,-0.899855,0.0,0.0,0.734512,0.01611328125,0.0029296875,0.05460304432016372,0.009535087866509077,96,SKQD,192,0.046875,0.9998879739466361,65.33333333333333,0.015950520833333332,True,0.02,100.0,1373636336
11,12,1,0.5,-0.899855,0.0,0.0,0.734512,0.01611328125,0.0029296875,0.05460304432016372,0.009535087866509077,96,SKQD,250,0.06103515625,0.9998879739466361,65.33333333333333,0.015950520833333332,True,0.02,100.0,1373636336
11,12,1,0.5,-0.899855,0.0,0.0,0.734512,0.01611328125,0.0029296875,0.05460304432016372,0.009535087866509077,96,SKQD,325,0.079345703125,0.9998879739466361,65.33333333333333,0.015950520833333332,True,0.02,100.0,1373636336
11,12,1,0.5,-0.899855,0.0,0.0,0.734512,0.01611328125,0.0029296875,0.05460304432016372,0.009535087866509077,96,SKQD,423,0.103271484375,0.9998879739466361,65.33333333333333,0.015950520833333332,True,0.02,100.0,1373636336
11,12,1,0.5,-0.899855,0.0,0.0,0.734512,0.01611328125,0.0029296875,0.05460304432016372,0.009535087866509077,96,SKQD,550,0.13427734375,0.9998879739466361,65.33333333333333,0.015950520833333332,True,0.02,100.0,1373636336
11,12,1,0.5,-0.899855,0.0,0.0,0.734512,0.01611328125,0.0029296875,0.05460304432016372,0.009535087866509077,96,SKQD,715,0.174560546875,0.9998879739466361,65.33333333333333,0.015950520833333332,True,0.02,100.0,1373636336
11,12,1,0.5,-0.899855,0.0,0.0,0.734512,0.01611328125,0.0029296875,0.05460304432016372,0.009535087866509077,96,SKQD,931,0.227294921875,0.9998879739466361,65.33333333333333,0.015950520833333332,True,0.02,100.0,1373636336
11,12,1,0.5,-0.899855,0.0,0.0,0.734512,0.01611328125,0.0029296875,0.05460304432016372,0.009535087866509077,96,SKQD,1210,0.29541015625,0.9998879739466361,65.33333333333333,0.015950520833333332,True,0.02,100.0,1373636336
11,12,1,0.5,-0.899855,0.0,0.0,0.734512,0.01611328125,0.0029296875,0.05460304432016372,0.009535087866509077,96,SKQD,1575,0.384521484375,0.9998879739466361,65.33333333333333,0.015950520833333332,True,0.02,100.0,1373636336
11,12,1,0.5,-0.899855,0.0,0.0,0.734512,0.01611328125,0.0029296875,0.05460304432016372,0.009535087866509077,96,SKQD,2048,0.5,0.9998879739466361,65.33333333333333,0.015950520833333332,True,0.02,100.0,1373636336
11,12,1,0.5,-0.899855,0.0,0.0,0.734512,0.01611328125,0.0029296875,0.05460304432016372,0.009535087866509077,96,Ceiling,1,0.000244140625,0.040435917402889515,2048.0,0.5,False,,,1373636336
11,12,1,0.5,-0.899855,0.0,0.0,0.734512,0.01611328125,0.0029296875,0.05460304432016372,0.009535087866509077,96,Ceiling,2,0.00048828125,0.07789568112309403,2048.0,0.5,False,,,1373636336
11,12,1,0.5,-0.899855,0.0,0.0,0.734512,0.01611328125,0.0029296875,0.05460304432016372,0.009535087866509077,96,Ceiling,3,0.000732421875,0.11535544484329838,2048.0,0.5,False,,,1373636336
11,12,1,0.5,-0.899855,0.0,0.0,0.734512,0.01611328125,0.0029296875,0.05460304432016372,0.009535087866509077,96,Ceiling,4,0.0009765625,0.15098612755581597,2048.0,0.5,False,,,1373636336
11,12,1,0.5,-0.899855,0.0,0.0,0.734512,0.01611328125,0.0029296875,0.05460304432016372,0.009535087866509077,96,Ceiling,5,0.001220703125,0.18661681026833343,2048.0,0.5,False,,,1373636336
11,12,1,0.5,-0.899855,0.0,0.0,0.734512,0.01611328125,0.0029296875,0.05460304432016372,0.009535087866509077,96,Ceiling,6,0.00146484375,0.22105381116632059,2048.0,0.5,False,,,1373636336
11,12,1,0.5,-0.899855,0.0,0.0,0.734512,0.01611328125,0.0029296875,0.05460304432016372,0.009535087866509077,96,Ceiling,8,0.001953125,0.28925030484281544,2048.0,0.5,False,,,1373636336
11,12,1,0.5,-0.899855,0.0,0.0,0.734512,0.01611328125,0.0029296875,0.05460304432016372,0.009535087866509077,96,Ceiling,11,0.002685546875,0.37338446569626943,2048.0,0.5,False,,,1373636336
11,12,1,0.5,-0.899855,0.0,0.0,0.734512,0.01611328125,0.0029296875,0.05460304432016372,0.009535087866509077,96,Ceiling,14,0.00341796875,0.4520559368321275,2048.0,0.5,False,,,1373636336
11,12,1,0.5,-0.899855,0.0,0.0,0.734512,0.01611328125,0.0029296875,0.05460304432016372,0.009535087866509077,96,Ceiling,18,0.00439453125,0.5532779510768163,2048.0,0.5,False,,,1373636336
11,12,1,0.5,-0.899855,0.0,0.0,0.734512,0.01611328125,0.0029296875,0.05460304432016372,0.009535087866509077,96,Ceiling,23,0.005615234375,0.6562566126524562,2048.0,0.5,False,,,1373636336
11,12,1,0.5,-0.899855,0.0,0.0,0.734512,0.01611328125,0.0029296875,0.05460304432016372,0.009535087866509077,96,Ceiling,31,0.007568359375,0.7776097239011874,2048.0,0.5,False,,,1373636336
11,12,1,0.5,-0.899855,0.0,0.0,0.734512,0.01611328125,0.0029296875,0.05460304432016372,0.009535087866509077,96,Ceiling,40,0.009765625,0.8842000520533496,2048.0,0.5,False,,,1373636336
11,12,1,0.5,-0.899855,0.0,0.0,0.734512,0.01611328125,0.0029296875,0.05460304432016372,0.009535087866509077,96,Ceiling,52,0.0126953125,0.972128217635905,2048.0,0.5,False,,,1373636336
11,12,1,0.5,-0.899855,0.0,0.0,0.734512,0.01611328125,0.0029296875,0.05460304432016372,0.009535087866509077,96,Ceiling,67,0.016357421875,0.9999999999999998,2048.0,0.5,False,,,1373636336
11,12,1,0.5,-0.899855,0.0,0.0,0.734512,0.01611328125,0.0029296875,0.05460304432016372,0.009535087866509077,96,Ceiling,87,0.021240234375,0.9999999999999998,2048.0,0.5,False,,,1373636336
11,12,1,0.5,-0.899855,0.0,0.0,0.734512,0.01611328125,0.0029296875,0.05460304432016372,0.009535087866509077,96,Ceiling,114,0.02783203125,0.9999999999999998,2048.0,0.5,False,,,1373636336
11,12,1,0.5,-0.899855,0.0,0.0,0.734512,0.01611328125,0.0029296875,0.05460304432016372,0.009535087866509077,96,Ceiling,148,0.0361328125,0.9999999999999998,2048.0,0.5,False,,,1373636336
11,12,1,0.5,-0.899855,0.0,0.0,0.734512,0.01611328125,0.0029296875,0.05460304432016372,0.009535087866509077,96,Ceiling,192,0.046875,0.9999999999999998,2048.0,0.5,False,,,1373636336
11,12,1,0.5,-0.899855,0.0,0.0,0.734512,0.01611328125,0.0029296875,0.05460304432016372,0.009535087866509077,96,Ceiling,250,0.06103515625,0.9999999999999998,2048.0,0.5,False,,,1373636336
11,12,1,0.5,-0.899855,0.0,0.0,0.734512,0.01611328125,0.0029296875,0.05460304432016372,0.009535087866509077,96,Ceiling,325,0.079345703125,0.9999999999999998,2048.0,0.5,False,,,1373636336
11,12,1,0.5,-0.899855,0.0,0.0,0.734512,0.01611328125,0.0029296875,0.05460304432016372,0.009535087866509077,96,Ceiling,423,0.103271484375,0.9999999999999998,2048.0,0.5,False,,,1373636336
11,12,1,0.5,-0.899855,0.0,0.0,0.734512,0.01611328125,0.0029296875,0.05460304432016372,0.009535087866509077,96,Ceiling,550,0.13427734375,0.9999999999999998,2048.0,0.5,False,,,1373636336
11,12,1,0.5,-0.899855,0.0,0.0,0.734512,0.01611328125,0.0029296875,0.05460304432016372,0.009535087866509077,96,Ceiling,715,0.174560546875,0.9999999999999998,2048.0,0.5,False,,,1373636336
11,12,1,0.5,-0.899855,0.0,0.0,0.734512,0.01611328125,0.0029296875,0.05460304432016372,0.009535087866509077,96,Ceiling,931,0.227294921875,0.9999999999999998,2048.0,0.5,False,,,1373636336
11,12,1,0.5,-0.899855,0.0,0.0,0.734512,0.01611328125,0.0029296875,0.05460304432016372,0.009535087866509077,96,Ceiling,1210,0.29541015625,0.9999999999999998,2048.0,0.5,False,,,1373636336
11,12,1,0.5,-0.899855,0.0,0.0,0.734512,0.01611328125,0.0029296875,0.05460304432016372,0.009535087866509077,96,Ceiling,1575,0.384521484375,0.9999999999999998,2048.0,0.5,False,,,1373636336
11,12,1,0.5,-0.899855,0.0,0.0,0.734512,0.01611328125,0.0029296875,0.05460304432016372,0.009535087866509077,96,Ceiling,2048,0.5,0.9999999999999998,2048.0,0.5,False,,,1373636336
11,12,1,0.5,-0.899855,0.0,0.0,0.734512,0.01611328125,0.0029296875,0.05460304432016372,0.024266312788243666,1028,BARK,1,0.000244140625,0.024266312788243666,66.0,0.01611328125,True,,,1373636336
11,12,1,0.5,-0.899855,0.0,0.0,0.734512,0.01611328125,0.0029296875,0.05460304432016372,0.024266312788243666,1028,BARK,2,0.00048828125,0.033830803290049886,66.0,0.01611328125,True,,,1373636336
11,12,1,0.5,-0.899855,0.0,0.0,0.734512,0.01611328125,0.0029296875,0.05460304432016372,0.024266312788243666,1028,BARK,3,0.000732421875,0.03844634111414496,66.0,0.01611328125,True,,,1373636336
11,12,1,0.5,-0.899855,0.0,0.0,0.734512,0.01611328125,0.0029296875,0.05460304432016372,0.024266312788243666,1028,BARK,4,0.0009765625,0.057375379358116374,66.0,0.01611328125,True,,,1373636336
11,12,1,0.5,-0.899855,0.0,0.0,0.734512,0.01611328125,0.0029296875,0.05460304432016372,0.024266312788243666,1028,BARK,5,0.001220703125,0.06662289126908999,66.0,0.01611328125,True,,,1373636336
11,12,1,0.5,-0.899855,0.0,0.0,0.734512,0.01611328125,0.0029296875,0.05460304432016372,0.024266312788243666,1028,BARK,6,0.00146484375,0.06181048212354387,66.0,0.01611328125,True,,,1373636336
11,12,1,0.5,-0.899855,0.0,0.0,0.734512,0.01611328125,0.0029296875,0.05460304432016372,0.024266312788243666,1028,BARK,8,0.001953125,0.08874643664395554,66.0,0.01611328125,True,,,1373636336
11,12,1,0.5,-0.899855,0.0,0.0,0.734512,0.01611328125,0.0029296875,0.05460304432016372,0.024266312788243666,1028,BARK,11,0.002685546875,0.15272229911728366,66.0,0.01611328125,True,,,1373636336
11,12,1,0.5,-0.899855,0.0,0.0,0.734512,0.01611328125,0.0029296875,0.05460304432016372,0.024266312788243666,1028,BARK,14,0.00341796875,0.21036929214681438,66.0,0.01611328125,True,,,1373636336
11,12,1,0.5,-0.899855,0.0,0.0,0.734512,0.01611328125,0.0029296875,0.05460304432016372,0.024266312788243666,1028,BARK,18,0.00439453125,0.2964603104751091,66.0,0.01611328125,True,,,1373636336
11,12,1,0.5,-0.899855,0.0,0.0,0.734512,0.01611328125,0.0029296875,0.05460304432016372,0.024266312788243666,1028,BARK,23,0.005615234375,0.35666295565644807,66.0,0.01611328125,True,,,1373636336
11,12,1,0.5,-0.899855,0.0,0.0,0.734512,0.01611328125,0.0029296875,0.05460304432016372,0.024266312788243666,1028,BARK,31,0.007568359375,0.3479717074944621,66.0,0.01611328125,True,,,1373636336
11,12,1,0.5,-0.899855,0.0,0.0,0.734512,0.01611328125,0.0029296875,0.05460304432016372,0.024266312788243666,1028,BARK,40,0.009765625,0.5722028639635179,66.0,0.01611328125,True,,,1373636336
11,12,1,0.5,-0.899855,0.0,0.0,0.734512,0.01611328125,0.0029296875,0.05460304432016372,0.024266312788243666,1028,BARK,52,0.0126953125,0.8576502081956652,66.0,0.01611328125,True,,,1373636336
11,12,1,0.5,-0.899855,0.0,0.0,0.734512,0.01611328125,0.0029296875,0.05460304432016372,0.024266312788243666,1028,BARK,67,0.016357421875,1.0,66.0,0.01611328125,True,,,1373636336
11,12,1,0.5,-0.899855,0.0,0.0,0.734512,0.01611328125,0.0029296875,0.05460304432016372,0.024266312788243666,1028,BARK,87,0.021240234375,1.0,66.0,0.01611328125,True,,,1373636336
11,12,1,0.5,-0.899855,0.0,0.0,0.734512,0.01611328125,0.0029296875,0.05460304432016372,0.024266312788243666,1028,BARK,114,0.02783203125,1.0,66.0,0.01611328125,True,,,1373636336
11,12,1,0.5,-0.899855,0.0,0.0,0.734512,0.01611328125,0.0029296875,0.05460304432016372,0.024266312788243666,1028,BARK,148,0.0361328125,1.0,66.0,0.01611328125,True,,,1373636336
11,12,1,0.5,-0.899855,0.0,0.0,0.734512,0.01611328125,0.0029296875,0.05460304432016372,0.024266312788243666,1028,BARK,192,0.046875,1.0,66.0,0.01611328125,True,,,1373636336
11,12,1,0.5,-0.899855,0.0,0.0,0.734512,0.01611328125,0.0029296875,0.05460304432016372,0.024266312788243666,1028,BARK,250,0.06103515625,1.0,66.0,0.01611328125,True,,,1373636336
11,12,1,0.5,-0.899855,0.0,0.0,0.734512,0.01611328125,0.0029296875,0.05460304432016372,0.024266312788243666,1028,BARK,325,0.079345703125,1.0,66.0,0.01611328125,True,,,1373636336
11,12,1,0.5,-0.899855,0.0,0.0,0.734512,0.01611328125,0.0029296875,0.05460304432016372,0.024266312788243666,1028,BARK,423,0.103271484375,1.0,66.0,0.01611328125,True,,,1373636336
11,12,1,0.5,-0.899855,0.0,0.0,0.734512,0.01611328125,0.0029296875,0.05460304432016372,0.024266312788243666,1028,BARK,550,0.13427734375,1.0,66.0,0.01611328125,True,,,1373636336
11,12,1,0.5,-0.899855,0.0,0.0,0.734512,0.01611328125,0.0029296875,0.05460304432016372,0.024266312788243666,1028,BARK,715,0.174560546875,1.0,66.0,0.01611328125,True,,,1373636336
11,12,1,0.5,-0.899855,0.0,0.0,0.734512,0.01611328125,0.0029296875,0.05460304432016372,0.024266312788243666,1028,BARK,931,0.227294921875,1.0,66.0,0.01611328125,True,,,1373636336
11,12,1,0.5,-0.899855,0.0,0.0,0.734512,0.01611328125,0.0029296875,0.05460304432016372,0.024266312788243666,1028,BARK,1210,0.29541015625,1.0,66.0,0.01611328125,True,,,1373636336
11,12,1,0.5,-0.899855,0.0,0.0,0.734512,0.01611328125,0.0029296875,0.05460304432016372,0.024266312788243666,1028,BARK,1575,0.384521484375,1.0,66.0,0.01611328125,True,,,1373636336
11,12,1,0.5,-0.899855,0.0,0.0,0.734512,0.01611328125,0.0029296875,0.05460304432016372,0.024266312788243666,1028,BARK,2048,0.5,1.0,66.0,0.01611328125,True,,,1373636336
11,12,1,0.5,-0.899855,0.0,0.0,0.734512,0.01611328125,0.0029296875,0.05460304432016372,0.024266312788243666,1028,Simplified BARK,1,0.000244140625,0.024266312788243666,66.0,0.01611328125,True,,,1373636336
11,12,1,0.5,-0.899855,0.0,0.0,0.734512,0.01611328125,0.0029296875,0.05460304432016372,0.024266312788243666,1028,Simplified BARK,2,0.00048828125,0.05763489452636473,66.0,0.01611328125,True,,,1373636336
11,12,1,0.5,-0.899855,0.0,0.0,0.734512,0.01611328125,0.0029296875,0.05460304432016372,0.024266312788243666,1028,Simplified BARK,3,0.000732421875,0.0927707702365692,66.0,0.01611328125,True,,,1373636336
11,12,1,0.5,-0.899855,0.0,0.0,0.734512,0.01611328125,0.0029296875,0.05460304432016372,0.024266312788243666,1028,Simplified BARK,4,0.0009765625,0.12519682588146192,66.0,0.01611328125,True,,,1373636336
11,12,1,0.5,-0.899855,0.0,0.0,0.734512,0.01611328125,0.0029296875,0.05460304432016372,0.024266312788243666,1028,Simplified BARK,5,0.001220703125,0.15075758304320722,66.0,0.01611328125,True,,,1373636336
11,12,1,0.5,-0.899855,0.0,0.0,0.734512,0.01611328125,0.0029296875,0.05460304432016372,0.024266312788243666,1028,Simplified BARK,6,0.00146484375,0.16667694316954307,66.0,0.01611328125,True,,,1373636336
11,12,1,0.5,-0.899855,0.0,0.0,0.734512,0.01611328125,0.0029296875,0.05460304432016372,0.024266312788243666,1028,Simplified BARK,8,0.001953125,0.11710889202932585,66.0,0.01611328125,True,,,1373636336
11,12,1,0.5,-0.899855,0.0,0.0,0.734512,0.01611328125,0.0029296875,0.05460304432016372,0.024266312788243666,1028,Simplified BARK,11,0.002685546875,0.02436649117865015,66.0,0.01611328125,True,,,1373636336
11,12,1,0.5,-0.899855,0.0,0.0,0.734512,0.01611328125,0.0029296875,0.05460304432016372,0.024266312788243666,1028,Simplified BARK,14,0.00341796875,0.012600546041908203,66.0,0.01611328125,True,,,1373636336
11,12,1,0.5,-0.899855,0.0,0.0,0.734512,0.01611328125,0.0029296875,0.05460304432016372,0.024266312788243666,1028,Simplified BARK,18,0.00439453125,0.05618145060271532,66.0,0.01611328125,True,,,1373636336
11,12,1,0.5,-0.899855,0.0,0.0,0.734512,0.01611328125,0.0029296875,0.05460304432016372,0.024266312788243666,1028,Simplified BARK,23,0.005615234375,0.13652268652037797,66.0,0.01611328125,True,,,1373636336
11,12,1,0.5,-0.899855,0.0,0.0,0.734512,0.01611328125,0.0029296875,0.05460304432016372,0.024266312788243666,1028,Simplified BARK,31,0.007568359375,0.28543291202086335,66.0,0.01611328125,True,,,1373636336
11,12,1,0.5,-0.899855,0.0,0.0,0.734512,0.01611328125,0.0029296875,0.05460304432016372,0.024266312788243666,1028,Simplified BARK,40,0.009765625,0.5064450147846314,66.0,0.01611328125,True,,,1373636336
11,12,1,0.5,-0.899855,0.0,0.0,0.734512,0.01611328125,0.0029296875,0.05460304432016372,0.024266312788243666,1028,Simplified BARK,52,0.0126953125,0.8160643369149321,66.0,0.01611328125,True,,,1373636336
11,12,1,0.5,-0.899855,0.0,0.0,0.734512,0.01611328125,0.0029296875,0.05460304432016372,0.024266312788243666,1028,Simplified BARK,67,0.016357421875,1.0,66.0,0.01611328125,True,,,1373636336
11,12,1,0.5,-0.899855,0.0,0.0,0.734512,0.01611328125,0.0029296875,0.05460304432016372,0.024266312788243666,1028,Simplified BARK,87,0.021240234375,1.0,66.0,0.01611328125,True,,,1373636336
11,12,1,0.5,-0.899855,0.0,0.0,0.734512,0.01611328125,0.0029296875,0.05460304432016372,0.024266312788243666,1028,Simplified BARK,114,0.02783203125,1.0,66.0,0.01611328125,True,,,1373636336
11,12,1,0.5,-0.899855,0.0,0.0,0.734512,0.01611328125,0.0029296875,0.05460304432016372,0.024266312788243666,1028,Simplified BARK,148,0.0361328125,1.0,66.0,0.01611328125,True,,,1373636336
11,12,1,0.5,-0.899855,0.0,0.0,0.734512,0.01611328125,0.0029296875,0.05460304432016372,0.024266312788243666,1028,Simplified BARK,192,0.046875,1.0,66.0,0.01611328125,True,,,1373636336
11,12,1,0.5,-0.899855,0.0,0.0,0.734512,0.01611328125,0.0029296875,0.05460304432016372,0.024266312788243666,1028,Simplified BARK,250,0.06103515625,1.0,66.0,0.01611328125,True,,,1373636336
11,12,1,0.5,-0.899855,0.0,0.0,0.734512,0.01611328125,0.0029296875,0.05460304432016372,0.024266312788243666,1028,Simplified BARK,325,0.079345703125,1.0,66.0,0.01611328125,True,,,1373636336
11,12,1,0.5,-0.899855,0.0,0.0,0.734512,0.01611328125,0.0029296875,0.05460304432016372,0.024266312788243666,1028,Simplified BARK,423,0.103271484375,1.0,66.0,0.01611328125,True,,,1373636336
11,12,1,0.5,-0.899855,0.0,0.0,0.734512,0.01611328125,0.0029296875,0.05460304432016372,0.024266312788243666,1028,Simplified BARK,550,0.13427734375,1.0,66.0,0.01611328125,True,,,1373636336
11,12,1,0.5,-0.899855,0.0,0.0,0.734512,0.01611328125,0.0029296875,0.05460304432016372,0.024266312788243666,1028,Simplified BARK,715,0.174560546875,1.0,66.0,0.01611328125,True,,,1373636336
11,12,1,0.5,-0.899855,0.0,0.0,0.734512,0.01611328125,0.0029296875,0.05460304432016372,0.024266312788243666,1028,Simplified BARK,931,0.227294921875,1.0,66.0,0.01611328125,True,,,1373636336
11,12,1,0.5,-0.899855,0.0,0.0,0.734512,0.01611328125,0.0029296875,0.05460304432016372,0.024266312788243666,1028,Simplified BARK,1210,0.29541015625,1.0,66.0,0.01611328125,True,,,1373636336
11,12,1,0.5,-0.899855,0.0,0.0,0.734512,0.01611328125,0.0029296875,0.05460304432016372,0.024266312788243666,1028,Simplified BARK,1575,0.384521484375,1.0,66.0,0.01611328125,True,,,1373636336
11,12,1,0.5,-0.899855,0.0,0.0,0.734512,0.01611328125,0.0029296875,0.05460304432016372,0.024266312788243666,1028,Simplified BARK,2048,0.5,1.0,66.0,0.01611328125,True,,,1373636336
11,12,1,0.5,-0.899855,0.0,0.0,0.734512,0.01611328125,0.0029296875,0.05460304432016372,0.024266312788243666,1028,SKQD,1,0.000244140625,0.024266312788243666,65.0,0.015869140625,True,0.05,30.0,1373636336
11,12,1,0.5,-0.899855,0.0,0.0,0.734512,0.01611328125,0.0029296875,0.05460304432016372,0.024266312788243666,1028,SKQD,2,0.00048828125,0.029914828745636054,65.0,0.015869140625,True,0.05,30.0,1373636336
11,12,1,0.5,-0.899855,0.0,0.0,0.734512,0.01611328125,0.0029296875,0.05460304432016372,0.024266312788243666,1028,SKQD,3,0.000732421875,0.04411390816543583,65.0,0.015869140625,True,0.05,30.0,1373636336
11,12,1,0.5,-0.899855,0.0,0.0,0.734512,0.01611328125,0.0029296875,0.05460304432016372,0.024266312788243666,1028,SKQD,4,0.0009765625,0.06992066318584991,65.0,0.015869140625,True,0.05,30.0,1373636336
11,12,1,0.5,-0.899855,0.0,0.0,0.734512,0.01611328125,0.0029296875,0.05460304432016372,0.024266312788243666,1028,SKQD,5,0.001220703125,0.08885802747578507,65.0,0.015869140625,True,0.05,30.0,1373636336
11,12,1,0.5,-0.899855,0.0,0.0,0.734512,0.01611328125,0.0029296875,0.05460304432016372,0.024266312788243666,1028,SKQD,6,0.00146484375,0.10267326307455586,65.0,0.015869140625,True,0.05,30.0,1373636336
11,12,1,0.5,-0.899855,0.0,0.0,0.734512,0.01611328125,0.0029296875,0.05460304432016372,0.024266312788243666,1028,SKQD,8,0.001953125,0.14233763581152772,65.0,0.015869140625,True,0.05,30.0,1373636336
11,12,1,0.5,-0.899855,0.0,0.0,0.734512,0.01611328125,0.0029296875,0.05460304432016372,0.024266312788243666,1028,SKQD,11,0.002685546875,0.1952598692668351,65.0,0.015869140625,True,0.05,30.0,1373636336
11,12,1,0.5,-0.899855,0.0,0.0,0.734512,0.01611328125,0.0029296875,0.05460304432016372,0.024266312788243666,1028,SKQD,14,0.00341796875,0.21137196840627492,65.0,0.015869140625,True,0.05,30.0,1373636336
11,12,1,0.5,-0.899855,0.0,0.0,0.734512,0.01611328125,0.0029296875,0.05460304432016372,0.024266312788243666,1028,SKQD,18,0.00439453125,0.260790163770776,65.0,0.015869140625,True,0.05,30.0,1373636336
11,12,1,0.5,-0.899855,0.0,0.0,0.734512,0.01611328125,0.0029296875,0.05460304432016372,0.024266312788243666,1028,SKQD,23,0.005615234375,0.3273218006435609,65.0,0.015869140625,True,0.05,30.0,1373636336
11,12,1,0.5,-0.899855,0.0,0.0,0.734512,0.01611328125,0.0029296875,0.05460304432016372,0.024266312788243666,1028,SKQD,31,0.007568359375,0.497847845390746,65.0,0.015869140625,True,0.05,30.0,1373636336
11,12,1,0.5,-0.899855,0.0,0.0,0.734512,0.01611328125,0.0029296875,0.05460304432016372,0.024266312788243666,1028,SKQD,40,0.009765625,0.6822116520758125,65.0,0.015869140625,True,0.05,30.0,1373636336
11,12,1,0.5,-0.899855,0.0,0.0,0.734512,0.01611328125,0.0029296875,0.05460304432016372,0.024266312788243666,1028,SKQD,52,0.0126953125,0.8807534737505592,65.0,0.015869140625,True,0.05,30.0,1373636336
11,12,1,0.5,-0.899855,0.0,0.0,0.734512,0.01611328125,0.0029296875,0.05460304432016372,0.024266312788243666,1028,SKQD,67,0.016357421875,0.9976076073379017,65.0,0.015869140625,True,0.05,30.0,1373636336
11,12,1,0.5,-0.899855,0.0,0.0,0.734512,0.01611328125,0.0029296875,0.05460304432016372,0.024266312788243666,1028,SKQD,87,0.021240234375,0.9976076073379017,65.0,0.015869140625,True,0.05,30.0,1373636336
11,12,1,0.5,-0.899855,0.0,0.0,0.734512,0.01611328125,0.0029296875,0.05460304432016372,0.024266312788243666,1028,SKQD,114,0.02783203125,0.9976076073379017,65.0,0.015869140625,True,0.05,30.0,1373636336
11,12,1,0.5,-0.899855,0.0,0.0,0.734512,0.01611328125,0.0029296875,0.05460304432016372,0.024266312788243666,1028,SKQD,148,0.0361328125,0.9976076073379017,65.0,0.015869140625,True,0.05,30.0,1373636336
11,12,1,0.5,-0.899855,0.0,0.0,0.734512,0.01611328125,0.0029296875,0.05460304432016372,0.024266312788243666,1028,SKQD,192,0.046875,0.9976076073379017,65.0,0.015869140625,True,0.05,30.0,1373636336
11,12,1,0.5,-0.899855,0.0,0.0,0.734512,0.01611328125,0.0029296875,0.05460304432016372,0.024266312788243666,1028,SKQD,250,0.06103515625,0.9976076073379017,65.0,0.015869140625,True,0.05,30.0,1373636336
11,12,1,0.5,-0.899855,0.0,0.0,0.734512,0.01611328125,0.0029296875,0.05460304432016372,0.024266312788243666,1028,SKQD,325,0.079345703125,0.9976076073379017,65.0,0.015869140625,True,0.05,30.0,1373636336
11,12,1,0.5,-0.899855,0.0,0.0,0.734512,0.01611328125,0.0029296875,0.05460304432016372,0.024266312788243666,1028,SKQD,423,0.103271484375,0.9976076073379017,65.0,0.015869140625,True,0.05,30.0,1373636336
11,12,1,0.5,-0.899855,0.0,0.0,0.734512,0.01611328125,0.0029296875,0.05460304432016372,0.024266312788243666,1028,SKQD,550,0.13427734375,0.9976076073379017,65.0,0.015869140625,True,0.05,30.0,1373636336
11,12,1,0.5,-0.899855,0.0,0.0,0.734512,0.01611328125,0.0029296875,0.05460304432016372,0.024266312788243666,1028,SKQD,715,0.174560546875,0.9976076073379017,65.0,0.015869140625,True,0.05,30.0,1373636336
11,12,1,0.5,-0.899855,0.0,0.0,0.734512,0.01611328125,0.0029296875,0.05460304432016372,0.024266312788243666,1028,SKQD,931,0.227294921875,0.9976076073379017,65.0,0.015869140625,True,0.05,30.0,1373636336
11,12,1,0.5,-0.899855,0.0,0.0,0.734512,0.01611328125,0.0029296875,0.05460304432016372,0.024266312788243666,1028,SKQD,1210,0.29541015625,0.9976076073379017,65.0,0.015869140625,True,0.05,30.0,1373636336
11,12,1,0.5,-0.899855,0.0,0.0,0.734512,0.01611328125,0.0029296875,0.05460304432016372,0.024266312788243666,1028,SKQD,1575,0.384521484375,0.9976076073379017,65.0,0.015869140625,True,0.05,30.0,1373636336
11,12,1,0.5,-0.899855,0.0,0.0,0.734512,0.01611328125,0.0029296875,0.05460304432016372,0.024266312788243666,1028,SKQD,2048,0.5,0.9976076073379017,65.0,0.015869140625,True,0.05,30.0,1373636336
11,12,1,0.5,-0.899855,0.0,0.0,0.734512,0.01611328125,0.0029296875,0.05460304432016372,0.024266312788243666,1028,Ceiling,1,0.000244140625,0.040435917402889515,2048.0,0.5,False,,,1373636336
11,12,1,0.5,-0.899855,0.0,0.0,0.734512,0.01611328125,0.0029296875,0.05460304432016372,0.024266312788243666,1028,Ceiling,2,0.00048828125,0.07789568112309403,2048.0,0.5,False,,,1373636336
11,12,1,0.5,-0.899855,0.0,0.0,0.734512,0.01611328125,0.0029296875,0.05460304432016372,0.024266312788243666,1028,Ceiling,3,0.000732421875,0.11535544484329838,2048.0,0.5,False,,,1373636336
11,12,1,0.5,-0.899855,0.0,0.0,0.734512,0.01611328125,0.0029296875,0.05460304432016372,0.024266312788243666,1028,Ceiling,4,0.0009765625,0.15098612755581597,2048.0,0.5,False,,,1373636336
11,12,1,0.5,-0.899855,0.0,0.0,0.734512,0.01611328125,0.0029296875,0.05460304432016372,0.024266312788243666,1028,Ceiling,5,0.001220703125,0.18661681026833343,2048.0,0.5,False,,,1373636336
11,12,1,0.5,-0.899855,0.0,0.0,0.734512,0.01611328125,0.0029296875,0.05460304432016372,0.024266312788243666,1028,Ceiling,6,0.00146484375,0.22105381116632059,2048.0,0.5,False,,,1373636336
11,12,1,0.5,-0.899855,0.0,0.0,0.734512,0.01611328125,0.0029296875,0.05460304432016372,0.024266312788243666,1028,Ceiling,8,0.001953125,0.28925030484281544,2048.0,0.5,False,,,1373636336
11,12,1,0.5,-0.899855,0.0,0.0,0.734512,0.01611328125,0.0029296875,0.05460304432016372,0.024266312788243666,1028,Ceiling,11,0.002685546875,0.37338446569626943,2048.0,0.5,False,,,1373636336
11,12,1,0.5,-0.899855,0.0,0.0,0.734512,0.01611328125,0.0029296875,0.05460304432016372,0.024266312788243666,1028,Ceiling,14,0.00341796875,0.4520559368321275,2048.0,0.5,False,,,1373636336
11,12,1,0.5,-0.899855,0.0,0.0,0.734512,0.01611328125,0.0029296875,0.05460304432016372,0.024266312788243666,1028,Ceiling,18,0.00439453125,0.5532779510768163,2048.0,0.5,False,,,1373636336
11,12,1,0.5,-0.899855,0.0,0.0,0.734512,0.01611328125,0.0029296875,0.05460304432016372,0.024266312788243666,1028,Ceiling,23,0.005615234375,0.6562566126524562,2048.0,0.5,False,,,1373636336
11,12,1,0.5,-0.899855,0.0,0.0,0.734512,0.01611328125,0.0029296875,0.05460304432016372,0.024266312788243666,1028,Ceiling,31,0.007568359375,0.7776097239011874,2048.0,0.5,False,,,1373636336
11,12,1,0.5,-0.899855,0.0,0.0,0.734512,0.01611328125,0.0029296875,0.05460304432016372,0.024266312788243666,1028,Ceiling,40,0.009765625,0.8842000520533496,2048.0,0.5,False,,,1373636336
11,12,1,0.5,-0.899855,0.0,0.0,0.734512,0.01611328125,0.0029296875,0.05460304432016372,0.024266312788243666,1028,Ceiling,52,0.0126953125,0.972128217635905,2048.0,0.5,False,,,1373636336
11,12,1,0.5,-0.899855,0.0,0.0,0.734512,0.01611328125,0.0029296875,0.05460304432016372,0.024266312788243666,1028,Ceiling,67,0.016357421875,0.9999999999999998,2048.0,0.5,False,,,1373636336
11,12,1,0.5,-0.899855,0.0,0.0,0.734512,0.01611328125,0.0029296875,0.05460304432016372,0.024266312788243666,1028,Ceiling,87,0.021240234375,0.9999999999999998,2048.0,0.5,False,,,1373636336
11,12,1,0.5,-0.899855,0.0,0.0,0.734512,0.01611328125,0.0029296875,0.05460304432016372,0.024266312788243666,1028,Ceiling,114,0.02783203125,0.9999999999999998,2048.0,0.5,False,,,1373636336
11,12,1,0.5,-0.899855,0.0,0.0,0.734512,0.01611328125,0.0029296875,0.05460304432016372,0.024266312788243666,1028,Ceiling,148,0.0361328125,0.9999999999999998,2048.0,0.5,False,,,1373636336
11,12,1,0.5,-0.899855,0.0,0.0,0.734512,0.01611328125,0.0029296875,0.05460304432016372,0.024266312788243666,1028,Ceiling,192,0.046875,0.9999999999999998,2048.0,0.5,False,,,1373636336
11,12,1,0.5,-0.899855,0.0,0.0,0.734512,0.01611328125,0.0029296875,0.05460304432016372,0.024266312788243666,1028,Ceiling,250,0.06103515625,0.9999999999999998,2048.0,0.5,False,,,1373636336
11,12,1,0.5,-0.899855,0.0,0.0,0.734512,0.01611328125,0.0029296875,0.05460304432016372,0.024266312788243666,1028,Ceiling,325,0.079345703125,0.9999999999999998,2048.0,0.5,False,,,1373636336
11,12,1,0.5,-0.899855,0.0,0.0,0.734512,0.01611328125,0.0029296875,0.05460304432016372,0.024266312788243666,1028,Ceiling,423,0.103271484375,0.9999999999999998,2048.0,0.5,False,,,1373636336
11,12,1,0.5,-0.899855,0.0,0.0,0.734512,0.01611328125,0.0029296875,0.05460304432016372,0.024266312788243666,1028,Ceiling,550,0.13427734375,0.9999999999999998,2048.0,0.5,False,,,1373636336
11,12,1,0.5,-0.899855,0.0,0.0,0.734512,0.01611328125,0.0029296875,0.05460304432016372,0.024266312788243666,1028,Ceiling,715,0.174560546875,0.9999999999999998,2048.0,0.5,False,,,1373636336
11,12,1,0.5,-0.899855,0.0,0.0,0.734512,0.01611328125,0.0029296875,0.05460304432016372,0.024266312788243666,1028,Ceiling,931,0.227294921875,0.9999999999999998,2048.0,0.5,False,,,1373636336
11,12,1,0.5,-0.899855,0.0,0.0,0.734512,0.01611328125,0.0029296875,0.05460304432016372,0.024266312788243666,1028,Ceiling,1210,0.29541015625,0.9999999999999998,2048.0,0.5,False,,,1373636336
11,12,1,0.5,-0.899855,0.0,0.0,0.734512,0.01611328125,0.0029296875,0.05460304432016372,0.024266312788243666,1028,Ceiling,1575,0.384521484375,0.9999999999999998,2048.0,0.5,False,,,1373636336
11,12,1,0.5,-0.899855,0.0,0.0,0.734512,0.01611328125,0.0029296875,0.05460304432016372,0.024266312788243666,1028,Ceiling,2048,0.5,0.9999999999999998,2048.0,0.5,False,,,1373636336
11,12,1,0.5,-0.899855,0.0,0.0,0.734512,0.01611328125,0.0029296875,0.05460304432016372,0.024266312788243777,514,BARK,1,0.000244140625,0.024266312788243777,66.0,0.01611328125,True,,,1373636336
11,12,1,0.5,-0.899855,0.0,0.0,0.734512,0.01611328125,0.0029296875,0.05460304432016372,0.024266312788243777,514,BARK,2,0.00048828125,0.03383080329005006,66.0,0.01611328125,True,,,1373636336
11,12,1,0.5,-0.899855,0.0,0.0,0.734512,0.01611328125,0.0029296875,0.05460304432016372,0.024266312788243777,514,BARK,3,0.000732421875,0.03844634111414513,66.0,0.01611328125,True,,,1373636336
11,12,1,0.5,-0.899855,0.0,0.0,0.734512,0.01611328125,0.0029296875,0.05460304432016372,0.024266312788243777,514,BARK,4,0.0009765625,0.057375379358116575,66.0,0.01611328125,True,,,1373636336
11,12,1,0.5,-0.899855,0.0,0.0,0.734512,0.01611328125,0.0029296875,0.05460304432016372,0.024266312788243777,514,BARK,5,0.001220703125,0.06662289126909017,66.0,0.01611328125,True,,,1373636336
11,12,1,0.5,-0.899855,0.0,0.0,0.734512,0.01611328125,0.0029296875,0.05460304432016372,0.024266312788243777,514,BARK,6,0.00146484375,0.06181048212354397,66.0,0.01611328125,True,,,1373636336
11,12,1,0.5,-0.899855,0.0,0.0,0.734512,0.01611328125,0.0029296875,0.05460304432016372,0.024266312788243777,514,BARK,8,0.001953125,0.08874643664395554,66.0,0.01611328125,True,,,1373636336
11,12,1,0.5,-0.899855,0.0,0.0,0.734512,0.01611328125,0.0029296875,0.05460304432016372,0.024266312788243777,514,BARK,11,0.002685546875,0.15272229911728386,66.0,0.01611328125,True,,,1373636336
11,12,1,0.5,-0.899855,0.0,0.0,0.734512,0.01611328125,0.0029296875,0.05460304432016372,0.024266312788243777,514,BARK,14,0.00341796875,0.21036929214681432,66.0,0.01611328125,True,,,1373636336
11,12,1,0.5,-0.899855,0.0,0.0,0.734512,0.01611328125,0.0029296875,0.05460304432016372,0.024266312788243777,514,BARK,18,0.00439453125,0.29646031047510923,66.0,0.01611328125,True,,,1373636336
11,12,1,0.5,-0.899855,0.0,0.0,0.734512,0.01611328125,0.0029296875,0.05460304432016372,0.024266312788243777,514,BARK,23,0.005615234375,0.3663653291443248,66.0,0.01611328125,True,,,1373636336
11,12,1,0.5,-0.899855,0.0,0.0,0.734512,0.01611328125,0.0029296875,0.05460304432016372,0.024266312788243777,514,BARK,31,0.007568359375,0.5664646637989732,66.0,0.01611328125,True,,,1373636336
11,12,1,0.5,-0.899855,0.0,0.0,0.734512,0.01611328125,0.0029296875,0.05460304432016372,0.024266312788243777,514,BARK,40,0.009765625,0.8051726768394797,66.0,0.01611328125,True,,,1373636336
11,12,1,0.5,-0.899855,0.0,0.0,0.734512,0.01611328125,0.0029296875,0.05460304432016372,0.024266312788243777,514,BARK,52,0.0126953125,0.9391219526266558,66.0,0.01611328125,True,,,1373636336
11,12,1,0.5,-0.899855,0.0,0.0,0.734512,0.01611328125,0.0029296875,0.05460304432016372,0.024266312788243777,514,BARK,67,0.016357421875,1.0,66.0,0.01611328125,True,,,1373636336
11,12,1,0.5,-0.899855,0.0,0.0,0.734512,0.01611328125,0.0029296875,0.05460304432016372,0.024266312788243777,514,BARK,87,0.021240234375,1.0,66.0,0.01611328125,True,,,1373636336
11,12,1,0.5,-0.899855,0.0,0.0,0.734512,0.01611328125,0.0029296875,0.05460304432016372,0.024266312788243777,514,BARK,114,0.02783203125,1.0,66.0,0.01611328125,True,,,1373636336
11,12,1,0.5,-0.899855,0.0,0.0,0.734512,0.01611328125,0.0029296875,0.05460304432016372,0.024266312788243777,514,BARK,148,0.0361328125,1.0,66.0,0.01611328125,True,,,1373636336
11,12,1,0.5,-0.899855,0.0,0.0,0.734512,0.01611328125,0.0029296875,0.05460304432016372,0.024266312788243777,514,BARK,192,0.046875,1.0,66.0,0.01611328125,True,,,1373636336
11,12,1,0.5,-0.899855,0.0,0.0,0.734512,0.01611328125,0.0029296875,0.05460304432016372,0.024266312788243777,514,BARK,250,0.06103515625,1.0,66.0,0.01611328125,True,,,1373636336
11,12,1,0.5,-0.899855,0.0,0.0,0.734512,0.01611328125,0.0029296875,0.05460304432016372,0.024266312788243777,514,BARK,325,0.079345703125,1.0,66.0,0.01611328125,True,,,1373636336
11,12,1,0.5,-0.899855,0.0,0.0,0.734512,0.01611328125,0.0029296875,0.05460304432016372,0.024266312788243777,514,BARK,423,0.103271484375,1.0,66.0,0.01611328125,True,,,1373636336
11,12,1,0.5,-0.899855,0.0,0.0,0.734512,0.01611328125,0.0029296875,0.05460304432016372,0.024266312788243777,514,BARK,550,0.13427734375,1.0,66.0,0.01611328125,True,,,1373636336
11,12,1,0.5,-0.899855,0.0,0.0,0.734512,0.01611328125,0.0029296875,0.05460304432016372,0.024266312788243777,514,BARK,715,0.174560546875,1.0,66.0,0.01611328125,True,,,1373636336
11,12,1,0.5,-0.899855,0.0,0.0,0.734512,0.01611328125,0.0029296875,0.05460304432016372,0.024266312788243777,514,BARK,931,0.227294921875,1.0,66.0,0.01611328125,True,,,1373636336
11,12,1,0.5,-0.899855,0.0,0.0,0.734512,0.01611328125,0.0029296875,0.05460304432016372,0.024266312788243777,514,BARK,1210,0.29541015625,1.0,66.0,0.01611328125,True,,,1373636336
11,12,1,0.5,-0.899855,0.0,0.0,0.734512,0.01611328125,0.0029296875,0.05460304432016372,0.024266312788243777,514,BARK,1575,0.384521484375,1.0,66.0,0.01611328125,True,,,1373636336
11,12,1,0.5,-0.899855,0.0,0.0,0.734512,0.01611328125,0.0029296875,0.05460304432016372,0.024266312788243777,514,BARK,2048,0.5,1.0,66.0,0.01611328125,True,,,1373636336
11,12,1,0.5,-0.899855,0.0,0.0,0.734512,0.01611328125,0.0029296875,0.05460304432016372,0.024266312788243777,514,Simplified BARK,1,0.000244140625,0.024266312788243777,66.0,0.01611328125,True,,,1373636336
11,12,1,0.5,-0.899855,0.0,0.0,0.734512,0.01611328125,0.0029296875,0.05460304432016372,0.024266312788243777,514,Simplified BARK,2,0.00048828125,0.05162204410955105,66.0,0.01611328125,True,,,1373636336
11,12,1,0.5,-0.899855,0.0,0.0,0.734512,0.01611328125,0.0029296875,0.05460304432016372,0.024266312788243777,514,Simplified BARK,3,0.000732421875,0.07581856060126047,66.0,0.01611328125,True,,,1373636336
11,12,1,0.5,-0.899855,0.0,0.0,0.734512,0.01611328125,0.0029296875,0.05460304432016372,0.024266312788243777,514,Simplified BARK,4,0.0009765625,0.0946276014894837,66.0,0.01611328125,True,,,1373636336
11,12,1,0.5,-0.899855,0.0,0.0,0.734512,0.01611328125,0.0029296875,0.05460304432016372,0.024266312788243777,514,Simplified BARK,5,0.001220703125,0.10649736342227031,66.0,0.01611328125,True,,,1373636336
11,12,1,0.5,-0.899855,0.0,0.0,0.734512,0.01611328125,0.0029296875,0.05460304432016372,0.024266312788243777,514,Simplified BARK,6,0.00146484375,0.11103653105769565,66.0,0.01611328125,True,,,1373636336
11,12,1,0.5,-0.899855,0.0,0.0,0.734512,0.01611328125,0.0029296875,0.05460304432016372,0.024266312788243777,514,Simplified BARK,8,0.001953125,0.06469416602577542,66.0,0.01611328125,True,,,1373636336
11,12,1,0.5,-0.899855,0.0,0.0,0.734512,0.01611328125,0.0029296875,0.05460304432016372,0.024266312788243777,514,Simplified BARK,11,0.002685546875,0.009244243655009574,66.0,0.01611328125,True,,,1373636336
11,12,1,0.5,-0.899855,0.0,0.0,0.734512,0.01611328125,0.0029296875,0.05460304432016372,0.024266312788243777,514,Simplified BARK,14,0.00341796875,0.02776786281154787,66.0,0.01611328125,True,,,1373636336
11,12,1,0.5,-0.899855,0.0,0.0,0.734512,0.01611328125,0.0029296875,0.05460304432016372,0.024266312788243777,514,Simplified BARK,18,0.00439453125,0.06969715860354618,66.0,0.01611328125,True,,,1373636336
11,12,1,0.5,-0.899855,0.0,0.0,0.734512,0.01611328125,0.0029296875,0.05460304432016372,0.024266312788243777,514,Simplified BARK,23,0.005615234375,0.14905236921953002,66.0,0.01611328125,True,,,1373636336
11,12,1,0.5,-0.899855,0.0,0.0,0.734512,0.01611328125,0.0029296875,0.05460304432016372,0.024266312788243777,514,Simplified BARK,31,0.007568359375,0.2985660025956734,66.0,0.01611328125,True,,,1373636336
11,12,1,0.5,-0.899855,0.0,0.0,0.734512,0.01611328125,0.0029296875,0.05460304432016372,0.024266312788243777,514,Simplified BARK,40,0.009765625,0.5397127458968312,66.0,0.01611328125,True,,,1373636336
11,12,1,0.5,-0.899855,0.0,0.0,0.734512,0.01611328125,0.0029296875,0.05460304432016372,0.024266312788243777,514,Simplified BARK,52,0.0126953125,0.8160643369149329,66.0,0.01611328125,True,,,1373636336
11,12,1,0.5,-0.899855,0.0,0.0,0.734512,0.01611328125,0.0029296875,0.05460304432016372,0.024266312788243777,514,Simplified BARK,67,0.016357421875,1.0000000000000004,66.0,0.01611328125,True,,,1373636336
11,12,1,0.5,-0.899855,0.0,0.0,0.734512,0.01611328125,0.0029296875,0.05460304432016372,0.024266312788243777,514,Simplified BARK,87,0.021240234375,1.0000000000000004,66.0,0.01611328125,True,,,1373636336
11,12,1,0.5,-0.899855,0.0,0.0,0.734512,0.01611328125,0.0029296875,0.05460304432016372,0.024266312788243777,514,Simplified BARK,114,0.02783203125,1.0000000000000004,66.0,0.01611328125,True,,,1373636336
11,12,1,0.5,-0.899855,0.0,0.0,0.734512,0.01611328125,0.0029296875,0.05460304432016372,0.024266312788243777,514,Simplified BARK,148,0.0361328125,1.0000000000000004,66.0,0.01611328125,True,,,1373636336
11,12,1,0.5,-0.899855,0.0,0.0,0.734512,0.01611328125,0.0029296875,0.05460304432016372,0.024266312788243777,514,Simplified BARK,192,0.046875,1.0000000000000004,66.0,0.01611328125,True,,,1373636336
11,12,1,0.5,-0.899855,0.0,0.0,0.734512,0.01611328125,0.0029296875,0.05460304432016372,0.024266312788243777,514,Simplified BARK,250,0.06103515625,1.0000000000000004,66.0,0.01611328125,True,,,1373636336
11,12,1,0.5,-0.899855,0.0,0.0,0.734512,0.01611328125,0.0029296875,0.05460304432016372,0.024266312788243777,514,Simplified BARK,325,0.079345703125,1.0000000000000004,66.0,0.01611328125,True,,,1373636336
11,12,1,0.5,-0.899855,0.0,0.0,0.734512,0.01611328125,0.0029296875,0.05460304432016372,0.024266312788243777,514,Simplified BARK,423,0.103271484375,1.0000000000000004,66.0,0.01611328125,True,,,1373636336
11,12,1,0.5,-0.899855,0.0,0.0,0.734512,0.01611328125,0.0029296875,0.05460304432016372,0.024266312788243777,514,Simplified BARK,550,0.13427734375,1.0000000000000004,66.0,0.01611328125,True,,,1373636336
11,12,1,0.5,-0.899855,0.0,0.0,0.734512,0.01611328125,0.0029296875,0.05460304432016372,0.024266312788243777,514,Simplified BARK,715,0.174560546875,1.0000000000000004,66.0,0.01611328125,True,,,1373636336
11,12,1,0.5,-0.899855,0.0,0.0,0.734512,0.01611328125,0.0029296875,0.05460304432016372,0.024266312788243777,514,Simplified BARK,931,0.227294921875,1.0000000000000004,66.0,0.01611328125,True,,,1373636336
11,12,1,0.5,-0.899855,0.0,0.0,0.734512,0.01611328125,0.0029296875,0.05460304432016372,0.024266312788243777,514,Simplified BARK,1210,0.29541015625,1.0000000000000004,66.0,0.01611328125,True,,,1373636336
11,12,1,0.5,-0.899855,0.0,0.0,0.734512,0.01611328125,0.0029296875,0.05460304432016372,0.024266312788243777,514,Simplified BARK,1575,0.384521484375,1.0000000000000004,66.0,0.01611328125,True,,,1373636336
11,12,1,0.5,-0.899855,0.0,0.0,0.734512,0.01611328125,0.0029296875,0.05460304432016372,0.024266312788243777,514,Simplified BARK,2048,0.5,1.0000000000000004,66.0,0.01611328125,True,,,1373636336
11,12,1,0.5,-0.899855,0.0,0.0,0.734512,0.01611328125,0.0029296875,0.05460304432016372,0.024266312788243777,514,SKQD,1,0.000244140625,0.024266312788243777,64.66666666666667,0.015787760416666668,True,0.05,100.0,1373636336
11,12,1,0.5,-0.899855,0.0,0.0,0.734512,0.01611328125,0.0029296875,0.05460304432016372,0.024266312788243777,514,SKQD,2,0.00048828125,0.024266312788243777,64.66666666666667,0.015787760416666668,True,0.05,100.0,1373636336
11,12,1,0.5,-0.899855,0.0,0.0,0.734512,0.01611328125,0.0029296875,0.05460304432016372,0.024266312788243777,514,SKQD,3,0.000732421875,0.05741159151140226,64.66666666666667,0.015787760416666668,True,0.05,100.0,1373636336
11,12,1,0.5,-0.899855,0.0,0.0,0.734512,0.01611328125,0.0029296875,0.05460304432016372,0.024266312788243777,514,SKQD,4,0.0009765625,0.08060690325206736,64.66666666666667,0.015787760416666668,True,0.05,100.0,1373636336
11,12,1,0.5,-0.899855,0.0,0.0,0.734512,0.01611328125,0.0029296875,0.05460304432016372,0.024266312788243777,514,SKQD,5,0.001220703125,0.1000032597993228,64.66666666666667,0.015787760416666668,True,0.05,100.0,1373636336
11,12,1,0.5,-0.899855,0.0,0.0,0.734512,0.01611328125,0.0029296875,0.05460304432016372,0.024266312788243777,514,SKQD,6,0.00146484375,0.1000032597993228,64.66666666666667,0.015787760416666668,True,0.05,100.0,1373636336
11,12,1,0.5,-0.899855,0.0,0.0,0.734512,0.01611328125,0.0029296875,0.05460304432016372,0.024266312788243777,514,SKQD,8,0.001953125,0.1344284975259706,64.66666666666667,0.015787760416666668,True,0.05,100.0,1373636336
11,12,1,0.5,-0.899855,0.0,0.0,0.734512,0.01611328125,0.0029296875,0.05460304432016372,0.024266312788243777,514,SKQD,11,0.002685546875,0.14438561033889163,64.66666666666667,0.015787760416666668,True,0.05,100.0,1373636336
11,12,1,0.5,-0.899855,0.0,0.0,0.734512,0.01611328125,0.0029296875,0.05460304432016372,0.024266312788243777,514,SKQD,14,0.00341796875,0.2690627950324333,64.66666666666667,0.015787760416666668,True,0.05,100.0,1373636336
11,12,1,0.5,-0.899855,0.0,0.0,0.734512,0.01611328125,0.0029296875,0.05460304432016372,0.024266312788243777,514,SKQD,18,0.00439453125,0.3043347626203973,64.66666666666667,0.015787760416666668,True,0.05,100.0,1373636336
11,12,1,0.5,-0.899855,0.0,0.0,0.734512,0.01611328125,0.0029296875,0.05460304432016372,0.024266312788243777,514,SKQD,23,0.005615234375,0.3909744040668915,64.66666666666667,0.015787760416666668,True,0.05,100.0,1373636336
11,12,1,0.5,-0.899855,0.0,0.0,0.734512,0.01611328125,0.0029296875,0.05460304432016372,0.024266312788243777,514,SKQD,31,0.007568359375,0.526470866601318,64.66666666666667,0.015787760416666668,True,0.05,100.0,1373636336
11,12,1,0.5,-0.899855,0.0,0.0,0.734512,0.01611328125,0.0029296875,0.05460304432016372,0.024266312788243777,514,SKQD,40,0.009765625,0.7146727880771216,64.66666666666667,0.015787760416666668,True,0.05,100.0,1373636336
11,12,1,0.5,-0.899855,0.0,0.0,0.734512,0.01611328125,0.0029296875,0.05460304432016372,0.024266312788243777,514,SKQD,52,0.0126953125,0.9005403540077733,64.66666666666667,0.015787760416666668,True,0.05,100.0,1373636336
11,12,1,0.5,-0.899855,0.0,0.0,0.734512,0.01611328125,0.0029296875,0.05460304432016372,0.024266312788243777,514,SKQD,67,0.016357421875,0.9994069728364182,64.66666666666667,0.015787760416666668,True,0.05,100.0,1373636336
11,12,1,0.5,-0.899855,0.0,0.0,0.734512,0.01611328125,0.0029296875,0.05460304432016372,0.024266312788243777,514,SKQD,87,0.021240234375,0.9994069728364182,64.66666666666667,0.015787760416666668,True,0.05,100.0,1373636336
11,12,1,0.5,-0.899855,0.0,0.0,0.734512,0.01611328125,0.0029296875,0.05460304432016372,0.024266312788243777,514,SKQD,114,0.02783203125,0.9994069728364182,64.66666666666667,0.015787760416666668,True,0.05,100.0,1373636336
11,12,1,0.5,-0.899855,0.0,0.0,0.734512,0.01611328125,0.0029296875,0.05460304432016372,0.024266312788243777,514,SKQD,148,0.0361328125,0.9994069728364182,64.66666666666667,0.015787760416666668,True,0.05,100.0,1373636336
11,12,1,0.5,-0.899855,0.0,0.0,0.734512,0.01611328125,0.0029296875,0.05460304432016372,0.024266312788243777,514,SKQD,192,0.046875,0.9994069728364182,64.66666666666667,0.015787760416666668,True,0.05,100.0,1373636336
11,12,1,0.5,-0.899855,0.0,0.0,0.734512,0.01611328125,0.0029296875,0.05460304432016372,0.024266312788243777,514,SKQD,250,0.06103515625,0.9994069728364182,64.66666666666667,0.015787760416666668,True,0.05,100.0,1373636336
11,12,1,0.5,-0.899855,0.0,0.0,0.734512,0.01611328125,0.0029296875,0.05460304432016372,0.024266312788243777,514,SKQD,325,0.079345703125,0.9994069728364182,64.66666666666667,0.015787760416666668,True,0.05,100.0,1373636336
11,12,1,0.5,-0.899855,0.0,0.0,0.734512,0.01611328125,0.0029296875,0.05460304432016372,0.024266312788243777,514,SKQD,423,0.103271484375,0.9994069728364182,64.66666666666667,0.015787760416666668,True,0.05,100.0,1373636336
11,12,1,0.5,-0.899855,0.0,0.0,0.734512,0.01611328125,0.0029296875,0.05460304432016372,0.024266312788243777,514,SKQD,550,0.13427734375,0.9994069728364182,64.66666666666667,0.015787760416666668,True,0.05,100.0,1373636336
11,12,1,0.5,-0.899855,0.0,0.0,0.734512,0.01611328125,0.0029296875,0.05460304432016372,0.024266312788243777,514,SKQD,715,0.174560546875,0.9994069728364182,64.66666666666667,0.015787760416666668,True,0.05,100.0,1373636336
11,12,1,0.5,-0.899855,0.0,0.0,0.734512,0.01611328125,0.0029296875,0.05460304432016372,0.024266312788243777,514,SKQD,931,0.227294921875,0.9994069728364182,64.66666666666667,0.015787760416666668,True,0.05,100.0,1373636336
11,12,1,0.5,-0.899855,0.0,0.0,0.734512,0.01611328125,0.0029296875,0.05460304432016372,0.024266312788243777,514,SKQD,1210,0.29541015625,0.9994069728364182,64.66666666666667,0.015787760416666668,True,0.05,100.0,1373636336
11,12,1,0.5,-0.899855,0.0,0.0,0.734512,0.01611328125,0.0029296875,0.05460304432016372,0.024266312788243777,514,SKQD,1575,0.384521484375,0.9994069728364182,64.66666666666667,0.015787760416666668,True,0.05,100.0,1373636336
11,12,1,0.5,-0.899855,0.0,0.0,0.734512,0.01611328125,0.0029296875,0.05460304432016372,0.024266312788243777,514,SKQD,2048,0.5,0.9994069728364182,64.66666666666667,0.015787760416666668,True,0.05,100.0,1373636336
11,12,1,0.5,-0.899855,0.0,0.0,0.734512,0.01611328125,0.0029296875,0.05460304432016372,0.024266312788243777,514,Ceiling,1,0.000244140625,0.040435917402889515,2048.0,0.5,False,,,1373636336
11,12,1,0.5,-0.899855,0.0,0.0,0.734512,0.01611328125,0.0029296875,0.05460304432016372,0.024266312788243777,514,Ceiling,2,0.00048828125,0.07789568112309403,2048.0,0.5,False,,,1373636336
11,12,1,0.5,-0.899855,0.0,0.0,0.734512,0.01611328125,0.0029296875,0.05460304432016372,0.024266312788243777,514,Ceiling,3,0.000732421875,0.11535544484329838,2048.0,0.5,False,,,1373636336
11,12,1,0.5,-0.899855,0.0,0.0,0.734512,0.01611328125,0.0029296875,0.05460304432016372,0.024266312788243777,514,Ceiling,4,0.0009765625,0.15098612755581597,2048.0,0.5,False,,,1373636336
11,12,1,0.5,-0.899855,0.0,0.0,0.734512,0.01611328125,0.0029296875,0.05460304432016372,0.024266312788243777,514,Ceiling,5,0.001220703125,0.18661681026833343,2048.0,0.5,False,,,1373636336
11,12,1,0.5,-0.899855,0.0,0.0,0.734512,0.01611328125,0.0029296875,0.05460304432016372,0.024266312788243777,514,Ceiling,6,0.00146484375,0.22105381116632059,2048.0,0.5,False,,,1373636336
11,12,1,0.5,-0.899855,0.0,0.0,0.734512,0.01611328125,0.0029296875,0.05460304432016372,0.024266312788243777,514,Ceiling,8,0.001953125,0.28925030484281544,2048.0,0.5,False,,,1373636336
11,12,1,0.5,-0.899855,0.0,0.0,0.734512,0.01611328125,0.0029296875,0.05460304432016372,0.024266312788243777,514,Ceiling,11,0.002685546875,0.37338446569626943,2048.0,0.5,False,,,1373636336
11,12,1,0.5,-0.899855,0.0,0.0,0.734512,0.01611328125,0.0029296875,0.05460304432016372,0.024266312788243777,514,Ceiling,14,0.00341796875,0.4520559368321275,2048.0,0.5,False,,,1373636336
11,12,1,0.5,-0.899855,0.0,0.0,0.734512,0.01611328125,0.0029296875,0.05460304432016372,0.024266312788243777,514,Ceiling,18,0.00439453125,0.5532779510768163,2048.0,0.5,False,,,1373636336
11,12,1,0.5,-0.899855,0.0,0.0,0.734512,0.01611328125,0.0029296875,0.05460304432016372,0.024266312788243777,514,Ceiling,23,0.005615234375,0.6562566126524562,2048.0,0.5,False,,,1373636336
11,12,1,0.5,-0.899855,0.0,0.0,0.734512,0.01611328125,0.0029296875,0.05460304432016372,0.024266312788243777,514,Ceiling,31,0.007568359375,0.7776097239011874,2048.0,0.5,False,,,1373636336
11,12,1,0.5,-0.899855,0.0,0.0,0.734512,0.01611328125,0.0029296875,0.05460304432016372,0.024266312788243777,514,Ceiling,40,0.009765625,0.8842000520533496,2048.0,0.5,False,,,1373636336
11,12,1,0.5,-0.899855,0.0,0.0,0.734512,0.01611328125,0.0029296875,0.05460304432016372,0.024266312788243777,514,Ceiling,52,0.0126953125,0.972128217635905,2048.0,0.5,False,,,1373636336
11,12,1,0.5,-0.899855,0.0,0.0,0.734512,0.01611328125,0.0029296875,0.05460304432016372,0.024266312788243777,514,Ceiling,67,0.016357421875,0.9999999999999998,2048.0,0.5,False,,,1373636336
11,12,1,0.5,-0.899855,0.0,0.0,0.734512,0.01611328125,0.0029296875,0.05460304432016372,0.024266312788243777,514,Ceiling,87,0.021240234375,0.9999999999999998,2048.0,0.5,False,,,1373636336
11,12,1,0.5,-0.899855,0.0,0.0,0.734512,0.01611328125,0.0029296875,0.05460304432016372,0.024266312788243777,514,Ceiling,114,0.02783203125,0.9999999999999998,2048.0,0.5,False,,,1373636336
11,12,1,0.5,-0.899855,0.0,0.0,0.734512,0.01611328125,0.0029296875,0.05460304432016372,0.024266312788243777,514,Ceiling,148,0.0361328125,0.9999999999999998,2048.0,0.5,False,,,1373636336
11,12,1,0.5,-0.899855,0.0,0.0,0.734512,0.01611328125,0.0029296875,0.05460304432016372,0.024266312788243777,514,Ceiling,192,0.046875,0.9999999999999998,2048.0,0.5,False,,,1373636336
11,12,1,0.5,-0.899855,0.0,0.0,0.734512,0.01611328125,0.0029296875,0.05460304432016372,0.024266312788243777,514,Ceiling,250,0.06103515625,0.9999999999999998,2048.0,0.5,False,,,1373636336
11,12,1,0.5,-0.899855,0.0,0.0,0.734512,0.01611328125,0.0029296875,0.05460304432016372,0.024266312788243777,514,Ceiling,325,0.079345703125,0.9999999999999998,2048.0,0.5,False,,,1373636336
11,12,1,0.5,-0.899855,0.0,0.0,0.734512,0.01611328125,0.0029296875,0.05460304432016372,0.024266312788243777,514,Ceiling,423,0.103271484375,0.9999999999999998,2048.0,0.5,False,,,1373636336
11,12,1,0.5,-0.899855,0.0,0.0,0.734512,0.01611328125,0.0029296875,0.05460304432016372,0.024266312788243777,514,Ceiling,550,0.13427734375,0.9999999999999998,2048.0,0.5,False,,,1373636336
11,12,1,0.5,-0.899855,0.0,0.0,0.734512,0.01611328125,0.0029296875,0.05460304432016372,0.024266312788243777,514,Ceiling,715,0.174560546875,0.9999999999999998,2048.0,0.5,False,,,1373636336
11,12,1,0.5,-0.899855,0.0,0.0,0.734512,0.01611328125,0.0029296875,0.05460304432016372,0.024266312788243777,514,Ceiling,931,0.227294921875,0.9999999999999998,2048.0,0.5,False,,,1373636336
11,12,1,0.5,-0.899855,0.0,0.0,0.734512,0.01611328125,0.0029296875,0.05460304432016372,0.024266312788243777,514,Ceiling,1210,0.29541015625,0.9999999999999998,2048.0,0.5,False,,,1373636336
11,12,1,0.5,-0.899855,0.0,0.0,0.734512,0.01611328125,0.0029296875,0.05460304432016372,0.024266312788243777,514,Ceiling,1575,0.384521484375,0.9999999999999998,2048.0,0.5,False,,,1373636336
11,12,1,0.5,-0.899855,0.0,0.0,0.734512,0.01611328125,0.0029296875,0.05460304432016372,0.024266312788243777,514,Ceiling,2048,0.5,0.9999999999999998,2048.0,0.5,False,,,1373636336
11,12,1,0.5,-0.899855,0.0,0.0,0.734512,0.01611328125,0.0029296875,0.05460304432016372,0.037459763720204355,520,BARK,1,0.000244140625,0.037459763720204355,66.0,0.01611328125,True,,,1373636336
11,12,1,0.5,-0.899855,0.0,0.0,0.734512,0.01611328125,0.0029296875,0.05460304432016372,0.037459763720204355,520,BARK,2,0.00048828125,0.07117116115777915,66.0,0.01611328125,True,,,1373636336
11,12,1,0.5,-0.899855,0.0,0.0,0.734512,0.01611328125,0.0029296875,0.05460304432016372,0.037459763720204355,520,BARK,3,0.000732421875,0.10463111224732739,66.0,0.01611328125,True,,,1373636336
11,12,1,0.5,-0.899855,0.0,0.0,0.734512,0.01611328125,0.0029296875,0.05460304432016372,0.037459763720204355,520,BARK,4,0.0009765625,0.14896315514609748,66.0,0.01611328125,True,,,1373636336
11,12,1,0.5,-0.899855,0.0,0.0,0.734512,0.01611328125,0.0029296875,0.05460304432016372,0.037459763720204355,520,BARK,5,0.001220703125,0.17738567236793273,66.0,0.01611328125,True,,,1373636336
11,12,1,0.5,-0.899855,0.0,0.0,0.734512,0.01611328125,0.0029296875,0.05460304432016372,0.037459763720204355,520,BARK,6,0.00146484375,0.21441749423625533,66.0,0.01611328125,True,,,1373636336
11,12,1,0.5,-0.899855,0.0,0.0,0.734512,0.01611328125,0.0029296875,0.05460304432016372,0.037459763720204355,520,BARK,8,0.001953125,0.2610840217241542,66.0,0.01611328125,True,,,1373636336
11,12,1,0.5,-0.899855,0.0,0.0,0.734512,0.01611328125,0.0029296875,0.05460304432016372,0.037459763720204355,520,BARK,11,0.002685546875,0.2898649519486185,66.0,0.01611328125,True,,,1373636336
11,12,1,0.5,-0.899855,0.0,0.0,0.734512,0.01611328125,0.0029296875,0.05460304432016372,0.037459763720204355,520,BARK,14,0.00341796875,0.24295464037566472,66.0,0.01611328125,True,,,1373636336
11,12,1,0.5,-0.899855,0.0,0.0,0.734512,0.01611328125,0.0029296875,0.05460304432016372,0.037459763720204355,520,BARK,18,0.00439453125,0.26229461900491385,66.0,0.01611328125,True,,,1373636336
11,12,1,0.5,-0.899855,0.0,0.0,0.734512,0.01611328125,0.0029296875,0.05460304432016372,0.037459763720204355,520,BARK,23,0.005615234375,0.4366187257879011,66.0,0.01611328125,True,,,1373636336
11,12,1,0.5,-0.899855,0.0,0.0,0.734512,0.01611328125,0.0029296875,0.05460304432016372,0.037459763720204355,520,BARK,31,0.007568359375,0.3704318512833707,66.0,0.01611328125,True,,,1373636336
11,12,1,0.5,-0.899855,0.0,0.0,0.734512,0.01611328125,0.0029296875,0.05460304432016372,0.037459763720204355,520,BARK,40,0.009765625,0.5722028639635188,66.0,0.01611328125,True,,,1373636336
11,12,1,0.5,-0.899855,0.0,0.0,0.734512,0.01611328125,0.0029296875,0.05460304432016372,0.037459763720204355,520,BARK,52,0.0126953125,0.8576502081956654,66.0,0.01611328125,True,,,1373636336
11,12,1,0.5,-0.899855,0.0,0.0,0.734512,0.01611328125,0.0029296875,0.05460304432016372,0.037459763720204355,520,BARK,67,0.016357421875,1.0,66.0,0.01611328125,True,,,1373636336
11,12,1,0.5,-0.899855,0.0,0.0,0.734512,0.01611328125,0.0029296875,0.05460304432016372,0.037459763720204355,520,BARK,87,0.021240234375,1.0,66.0,0.01611328125,True,,,1373636336
11,12,1,0.5,-0.899855,0.0,0.0,0.734512,0.01611328125,0.0029296875,0.05460304432016372,0.037459763720204355,520,BARK,114,0.02783203125,1.0,66.0,0.01611328125,True,,,1373636336
11,12,1,0.5,-0.899855,0.0,0.0,0.734512,0.01611328125,0.0029296875,0.05460304432016372,0.037459763720204355,520,BARK,148,0.0361328125,1.0,66.0,0.01611328125,True,,,1373636336
11,12,1,0.5,-0.899855,0.0,0.0,0.734512,0.01611328125,0.0029296875,0.05460304432016372,0.037459763720204355,520,BARK,192,0.046875,1.0,66.0,0.01611328125,True,,,1373636336
11,12,1,0.5,-0.899855,0.0,0.0,0.734512,0.01611328125,0.0029296875,0.05460304432016372,0.037459763720204355,520,BARK,250,0.06103515625,1.0,66.0,0.01611328125,True,,,1373636336
11,12,1,0.5,-0.899855,0.0,0.0,0.734512,0.01611328125,0.0029296875,0.05460304432016372,0.037459763720204355,520,BARK,325,0.079345703125,1.0,66.0,0.01611328125,True,,,1373636336
11,12,1,0.5,-0.899855,0.0,0.0,0.734512,0.01611328125,0.0029296875,0.05460304432016372,0.037459763720204355,520,BARK,423,0.103271484375,1.0,66.0,0.01611328125,True,,,1373636336
11,12,1,0.5,-0.899855,0.0,0.0,0.734512,0.01611328125,0.0029296875,0.05460304432016372,0.037459763720204355,520,BARK,550,0.13427734375,1.0,66.0,0.01611328125,True,,,1373636336
11,12,1,0.5,-0.899855,0.0,0.0,0.734512,0.01611328125,0.0029296875,0.05460304432016372,0.037459763720204355,520,BARK,715,0.174560546875,1.0,66.0,0.01611328125,True,,,1373636336
11,12,1,0.5,-0.899855,0.0,0.0,0.734512,0.01611328125,0.0029296875,0.05460304432016372,0.037459763720204355,520,BARK,931,0.227294921875,1.0,66.0,0.01611328125,True,,,1373636336
11,12,1,0.5,-0.899855,0.0,0.0,0.734512,0.01611328125,0.0029296875,0.05460304432016372,0.037459763720204355,520,BARK,1210,0.29541015625,1.0,66.0,0.01611328125,True,,,1373636336
11,12,1,0.5,-0.899855,0.0,0.0,0.734512,0.01611328125,0.0029296875,0.05460304432016372,0.037459763720204355,520,BARK,1575,0.384521484375,1.0,66.0,0.01611328125,True,,,1373636336
11,12,1,0.5,-0.899855,0.0,0.0,0.734512,0.01611328125,0.0029296875,0.05460304432016372,0.037459763720204355,520,BARK,2048,0.5,1.0,66.0,0.01611328125,True,,,1373636336
11,12,1,0.5,-0.899855,0.0,0.0,0.734512,0.01611328125,0.0029296875,0.05460304432016372,0.037459763720204355,520,Simplified BARK,1,0.000244140625,0.037459763720204355,66.0,0.01611328125,True,,,1373636336
11,12,1,0.5,-0.899855,0.0,0.0,0.734512,0.01611328125,0.0029296875,0.05460304432016372,0.037459763720204355,520,Simplified BARK,2,0.00048828125,0.07786724332831534,66.0,0.01611328125,True,,,1373636336
11,12,1,0.5,-0.899855,0.0,0.0,0.734512,0.01611328125,0.0029296875,0.05460304432016372,0.037459763720204355,520,Simplified BARK,3,0.000732421875,0.11111752262689503,66.0,0.01611328125,True,,,1373636336
11,12,1,0.5,-0.899855,0.0,0.0,0.734512,0.01611328125,0.0029296875,0.05460304432016372,0.037459763720204355,520,Simplified BARK,4,0.0009765625,0.13385459380517176,66.0,0.01611328125,True,,,1373636336
11,12,1,0.5,-0.899855,0.0,0.0,0.734512,0.01611328125,0.0029296875,0.05460304432016372,0.037459763720204355,520,Simplified BARK,5,0.001220703125,0.14429229603071106,66.0,0.01611328125,True,,,1373636336
11,12,1,0.5,-0.899855,0.0,0.0,0.734512,0.01611328125,0.0029296875,0.05460304432016372,0.037459763720204355,520,Simplified BARK,6,0.00146484375,0.10446771977220311,66.0,0.01611328125,True,,,1373636336
11,12,1,0.5,-0.899855,0.0,0.0,0.734512,0.01611328125,0.0029296875,0.05460304432016372,0.037459763720204355,520,Simplified BARK,8,0.001953125,0.057526325343522665,66.0,0.01611328125,True,,,1373636336
11,12,1,0.5,-0.899855,0.0,0.0,0.734512,0.01611328125,0.0029296875,0.05460304432016372,0.037459763720204355,520,Simplified BARK,11,0.002685546875,0.036720733081581074,66.0,0.01611328125,True,,,1373636336
11,12,1,0.5,-0.899855,0.0,0.0,0.734512,0.01611328125,0.0029296875,0.05460304432016372,0.037459763720204355,520,Simplified BARK,14,0.00341796875,0.013415496756371735,66.0,0.01611328125,True,,,1373636336
11,12,1,0.5,-0.899855,0.0,0.0,0.734512,0.01611328125,0.0029296875,0.05460304432016372,0.037459763720204355,520,Simplified BARK,18,0.00439453125,0.06517014117494165,66.0,0.01611328125,True,,,1373636336
11,12,1,0.5,-0.899855,0.0,0.0,0.734512,0.01611328125,0.0029296875,0.05460304432016372,0.037459763720204355,520,Simplified BARK,23,0.005615234375,0.14899972498800218,66.0,0.01611328125,True,,,1373636336
11,12,1,0.5,-0.899855,0.0,0.0,0.734512,0.01611328125,0.0029296875,0.05460304432016372,0.037459763720204355,520,Simplified BARK,31,0.007568359375,0.29086992483385177,66.0,0.01611328125,True,,,1373636336
11,12,1,0.5,-0.899855,0.0,0.0,0.734512,0.01611328125,0.0029296875,0.05460304432016372,0.037459763720204355,520,Simplified BARK,40,0.009765625,0.5397127458968312,66.0,0.01611328125,True,,,1373636336
11,12,1,0.5,-0.899855,0.0,0.0,0.734512,0.01611328125,0.0029296875,0.05460304432016372,0.037459763720204355,520,Simplified BARK,52,0.0126953125,0.8160643369149326,66.0,0.01611328125,True,,,1373636336
11,12,1,0.5,-0.899855,0.0,0.0,0.734512,0.01611328125,0.0029296875,0.05460304432016372,0.037459763720204355,520,Simplified BARK,67,0.016357421875,1.0,66.0,0.01611328125,True,,,1373636336
11,12,1,0.5,-0.899855,0.0,0.0,0.734512,0.01611328125,0.0029296875,0.05460304432016372,0.037459763720204355,520,Simplified BARK,87,0.021240234375,1.0,66.0,0.01611328125,True,,,1373636336
11,12,1,0.5,-0.899855,0.0,0.0,0.734512,0.01611328125,0.0029296875,0.05460304432016372,0.037459763720204355,520,Simplified BARK,114,0.02783203125,1.0,66.0,0.01611328125,True,,,1373636336
11,12,1,0.5,-0.899855,0.0,0.0,0.734512,0.01611328125,0.0029296875,0.05460304432016372,0.037459763720204355,520,Simplified BARK,148,0.0361328125,1.0,66.0,0.01611328125,True,,,1373636336
11,12,1,0.5,-0.899855,0.0,0.0,0.734512,0.01611328125,0.0029296875,0.05460304432016372,0.037459763720204355,520,Simplified BARK,192,0.046875,1.0,66.0,0.01611328125,True,,,1373636336
11,12,1,0.5,-0.899855,0.0,0.0,0.734512,0.01611328125,0.0029296875,0.05460304432016372,0.037459763720204355,520,Simplified BARK,250,0.06103515625,1.0,66.0,0.01611328125,True,,,1373636336
11,12,1,0.5,-0.899855,0.0,0.0,0.734512,0.01611328125,0.0029296875,0.05460304432016372,0.037459763720204355,520,Simplified BARK,325,0.079345703125,1.0,66.0,0.01611328125,True,,,1373636336
11,12,1,0.5,-0.899855,0.0,0.0,0.734512,0.01611328125,0.0029296875,0.05460304432016372,0.037459763720204355,520,Simplified BARK,423,0.103271484375,1.0,66.0,0.01611328125,True,,,1373636336
11,12,1,0.5,-0.899855,0.0,0.0,0.734512,0.01611328125,0.0029296875,0.05460304432016372,0.037459763720204355,520,Simplified BARK,550,0.13427734375,1.0,66.0,0.01611328125,True,,,1373636336
11,12,1,0.5,-0.899855,0.0,0.0,0.734512,0.01611328125,0.0029296875,0.05460304432016372,0.037459763720204355,520,Simplified BARK,715,0.174560546875,1.0,66.0,0.01611328125,True,,,1373636336
11,12,1,0.5,-0.899855,0.0,0.0,0.734512,0.01611328125,0.0029296875,0.05460304432016372,0.037459763720204355,520,Simplified BARK,931,0.227294921875,1.0,66.0,0.01611328125,True,,,1373636336
11,12,1,0.5,-0.899855,0.0,0.0,0.734512,0.01611328125,0.0029296875,0.05460304432016372,0.037459763720204355,520,Simplified BARK,1210,0.29541015625,1.0,66.0,0.01611328125,True,,,1373636336
11,12,1,0.5,-0.899855,0.0,0.0,0.734512,0.01611328125,0.0029296875,0.05460304432016372,0.037459763720204355,520,Simplified BARK,1575,0.384521484375,1.0,66.0,0.01611328125,True,,,1373636336
11,12,1,0.5,-0.899855,0.0,0.0,0.734512,0.01611328125,0.0029296875,0.05460304432016372,0.037459763720204355,520,Simplified BARK,2048,0.5,1.0,66.0,0.01611328125,True,,,1373636336
11,12,1,0.5,-0.899855,0.0,0.0,0.734512,0.01611328125,0.0029296875,0.05460304432016372,0.037459763720204355,520,SKQD,1,0.000244140625,0.037459763720204355,66.0,0.01611328125,True,0.044732566458955014,66.0,1373636336
11,12,1,0.5,-0.899855,0.0,0.0,0.734512,0.01611328125,0.0029296875,0.05460304432016372,0.037459763720204355,520,SKQD,2,0.00048828125,0.037459763720204355,66.0,0.01611328125,True,0.044732566458955014,66.0,1373636336
11,12,1,0.5,-0.899855,0.0,0.0,0.734512,0.01611328125,0.0029296875,0.05460304432016372,0.037459763720204355,520,SKQD,3,0.000732421875,0.0811129413084241,66.0,0.01611328125,True,0.044732566458955014,66.0,1373636336
11,12,1,0.5,-0.899855,0.0,0.0,0.734512,0.01611328125,0.0029296875,0.05460304432016372,0.037459763720204355,520,SKQD,4,0.0009765625,0.12177927571526763,66.0,0.01611328125,True,0.044732566458955014,66.0,1373636336
11,12,1,0.5,-0.899855,0.0,0.0,0.734512,0.01611328125,0.0029296875,0.05460304432016372,0.037459763720204355,520,SKQD,5,0.001220703125,0.1576486192893981,66.0,0.01611328125,True,0.044732566458955014,66.0,1373636336
11,12,1,0.5,-0.899855,0.0,0.0,0.734512,0.01611328125,0.0029296875,0.05460304432016372,0.037459763720204355,520,SKQD,6,0.00146484375,0.17047347619405218,66.0,0.01611328125,True,0.044732566458955014,66.0,1373636336
11,12,1,0.5,-0.899855,0.0,0.0,0.734512,0.01611328125,0.0029296875,0.05460304432016372,0.037459763720204355,520,SKQD,8,0.001953125,0.22007943448917766,66.0,0.01611328125,True,0.044732566458955014,66.0,1373636336
11,12,1,0.5,-0.899855,0.0,0.0,0.734512,0.01611328125,0.0029296875,0.05460304432016372,0.037459763720204355,520,SKQD,11,0.002685546875,0.266672658667965,66.0,0.01611328125,True,0.044732566458955014,66.0,1373636336
11,12,1,0.5,-0.899855,0.0,0.0,0.734512,0.01611328125,0.0029296875,0.05460304432016372,0.037459763720204355,520,SKQD,14,0.00341796875,0.34362376925062876,66.0,0.01611328125,True,0.044732566458955014,66.0,1373636336
11,12,1,0.5,-0.899855,0.0,0.0,0.734512,0.01611328125,0.0029296875,0.05460304432016372,0.037459763720204355,520,SKQD,18,0.00439453125,0.4094782360894502,66.0,0.01611328125,True,0.044732566458955014,66.0,1373636336
11,12,1,0.5,-0.899855,0.0,0.0,0.734512,0.01611328125,0.0029296875,0.05460304432016372,0.037459763720204355,520,SKQD,23,0.005615234375,0.514048083134222,66.0,0.01611328125,True,0.044732566458955014,66.0,1373636336
11,12,1,0.5,-0.899855,0.0,0.0,0.734512,0.01611328125,0.0029296875,0.05460304432016372,0.037459763720204355,520,SKQD,31,0.007568359375,0.6180390771701686,66.0,0.01611328125,True,0.044732566458955014,66.0,1373636336
11,12,1,0.5,-0.899855,0.0,0.0,0.734512,0.01611328125,0.0029296875,0.05460304432016372,0.037459763720204355,520,SKQD,40,0.009765625,0.744828561382885,66.0,0.01611328125,True,0.044732566458955014,66.0,1373636336
11,12,1,0.5,-0.899855,0.0,0.0,0.734512,0.01611328125,0.0029296875,0.05460304432016372,0.037459763720204355,520,SKQD,52,0.0126953125,0.9157702386162114,66.0,0.01611328125,True,0.044732566458955014,66.0,1373636336
11,12,1,0.5,-0.899855,0.0,0.0,0.734512,0.01611328125,0.0029296875,0.05460304432016372,0.037459763720204355,520,SKQD,67,0.016357421875,1.0,66.0,0.01611328125,True,0.044732566458955014,66.0,1373636336
11,12,1,0.5,-0.899855,0.0,0.0,0.734512,0.01611328125,0.0029296875,0.05460304432016372,0.037459763720204355,520,SKQD,87,0.021240234375,1.0,66.0,0.01611328125,True,0.044732566458955014,66.0,1373636336
11,12,1,0.5,-0.899855,0.0,0.0,0.734512,0.01611328125,0.0029296875,0.05460304432016372,0.037459763720204355,520,SKQD,114,0.02783203125,1.0,66.0,0.01611328125,True,0.044732566458955014,66.0,1373636336
11,12,1,0.5,-0.899855,0.0,0.0,0.734512,0.01611328125,0.0029296875,0.05460304432016372,0.037459763720204355,520,SKQD,148,0.0361328125,1.0,66.0,0.01611328125,True,0.044732566458955014,66.0,1373636336
11,12,1,0.5,-0.899855,0.0,0.0,0.734512,0.01611328125,0.0029296875,0.05460304432016372,0.037459763720204355,520,SKQD,192,0.046875,1.0,66.0,0.01611328125,True,0.044732566458955014,66.0,1373636336
11,12,1,0.5,-0.899855,0.0,0.0,0.734512,0.01611328125,0.0029296875,0.05460304432016372,0.037459763720204355,520,SKQD,250,0.06103515625,1.0,66.0,0.01611328125,True,0.044732566458955014,66.0,1373636336
11,12,1,0.5,-0.899855,0.0,0.0,0.734512,0.01611328125,0.0029296875,0.05460304432016372,0.037459763720204355,520,SKQD,325,0.079345703125,1.0,66.0,0.01611328125,True,0.044732566458955014,66.0,1373636336
11,12,1,0.5,-0.899855,0.0,0.0,0.734512,0.01611328125,0.0029296875,0.05460304432016372,0.037459763720204355,520,SKQD,423,0.103271484375,1.0,66.0,0.01611328125,True,0.044732566458955014,66.0,1373636336
11,12,1,0.5,-0.899855,0.0,0.0,0.734512,0.01611328125,0.0029296875,0.05460304432016372,0.037459763720204355,520,SKQD,550,0.13427734375,1.0,66.0,0.01611328125,True,0.044732566458955014,66.0,1373636336
11,12,1,0.5,-0.899855,0.0,0.0,0.734512,0.01611328125,0.0029296875,0.05460304432016372,0.037459763720204355,520,SKQD,715,0.174560546875,1.0,66.0,0.01611328125,True,0.044732566458955014,66.0,1373636336
11,12,1,0.5,-0.899855,0.0,0.0,0.734512,0.01611328125,0.0029296875,0.05460304432016372,0.037459763720204355,520,SKQD,931,0.227294921875,1.0,66.0,0.01611328125,True,0.044732566458955014,66.0,1373636336
11,12,1,0.5,-0.899855,0.0,0.0,0.734512,0.01611328125,0.0029296875,0.05460304432016372,0.037459763720204355,520,SKQD,1210,0.29541015625,1.0,66.0,0.01611328125,True,0.044732566458955014,66.0,1373636336
11,12,1,0.5,-0.899855,0.0,0.0,0.734512,0.01611328125,0.0029296875,0.05460304432016372,0.037459763720204355,520,SKQD,1575,0.384521484375,1.0,66.0,0.01611328125,True,0.044732566458955014,66.0,1373636336
11,12,1,0.5,-0.899855,0.0,0.0,0.734512,0.01611328125,0.0029296875,0.05460304432016372,0.037459763720204355,520,SKQD,2048,0.5,1.0,66.0,0.01611328125,True,0.044732566458955014,66.0,1373636336
11,12,1,0.5,-0.899855,0.0,0.0,0.734512,0.01611328125,0.0029296875,0.05460304432016372,0.037459763720204355,520,Ceiling,1,0.000244140625,0.040435917402889515,2048.0,0.5,False,,,1373636336
11,12,1,0.5,-0.899855,0.0,0.0,0.734512,0.01611328125,0.0029296875,0.05460304432016372,0.037459763720204355,520,Ceiling,2,0.00048828125,0.07789568112309403,2048.0,0.5,False,,,1373636336
11,12,1,0.5,-0.899855,0.0,0.0,0.734512,0.01611328125,0.0029296875,0.05460304432016372,0.037459763720204355,520,Ceiling,3,0.000732421875,0.11535544484329838,2048.0,0.5,False,,,1373636336
11,12,1,0.5,-0.899855,0.0,0.0,0.734512,0.01611328125,0.0029296875,0.05460304432016372,0.037459763720204355,520,Ceiling,4,0.0009765625,0.15098612755581597,2048.0,0.5,False,,,1373636336
11,12,1,0.5,-0.899855,0.0,0.0,0.734512,0.01611328125,0.0029296875,0.05460304432016372,0.037459763720204355,520,Ceiling,5,0.001220703125,0.18661681026833343,2048.0,0.5,False,,,1373636336
11,12,1,0.5,-0.899855,0.0,0.0,0.734512,0.01611328125,0.0029296875,0.05460304432016372,0.037459763720204355,520,Ceiling,6,0.00146484375,0.22105381116632059,2048.0,0.5,False,,,1373636336
11,12,1,0.5,-0.899855,0.0,0.0,0.734512,0.01611328125,0.0029296875,0.05460304432016372,0.037459763720204355,520,Ceiling,8,0.001953125,0.28925030484281544,2048.0,0.5,False,,,1373636336
11,12,1,0.5,-0.899855,0.0,0.0,0.734512,0.01611328125,0.0029296875,0.05460304432016372,0.037459763720204355,520,Ceiling,11,0.002685546875,0.37338446569626943,2048.0,0.5,False,,,1373636336
11,12,1,0.5,-0.899855,0.0,0.0,0.734512,0.01611328125,0.0029296875,0.05460304432016372,0.037459763720204355,520,Ceiling,14,0.00341796875,0.4520559368321275,2048.0,0.5,False,,,1373636336
11,12,1,0.5,-0.899855,0.0,0.0,0.734512,0.01611328125,0.0029296875,0.05460304432016372,0.037459763720204355,520,Ceiling,18,0.00439453125,0.5532779510768163,2048.0,0.5,False,,,1373636336
11,12,1,0.5,-0.899855,0.0,0.0,0.734512,0.01611328125,0.0029296875,0.05460304432016372,0.037459763720204355,520,Ceiling,23,0.005615234375,0.6562566126524562,2048.0,0.5,False,,,1373636336
11,12,1,0.5,-0.899855,0.0,0.0,0.734512,0.01611328125,0.0029296875,0.05460304432016372,0.037459763720204355,520,Ceiling,31,0.007568359375,0.7776097239011874,2048.0,0.5,False,,,1373636336
11,12,1,0.5,-0.899855,0.0,0.0,0.734512,0.01611328125,0.0029296875,0.05460304432016372,0.037459763720204355,520,Ceiling,40,0.009765625,0.8842000520533496,2048.0,0.5,False,,,1373636336
11,12,1,0.5,-0.899855,0.0,0.0,0.734512,0.01611328125,0.0029296875,0.05460304432016372,0.037459763720204355,520,Ceiling,52,0.0126953125,0.972128217635905,2048.0,0.5,False,,,1373636336
11,12,1,0.5,-0.899855,0.0,0.0,0.734512,0.01611328125,0.0029296875,0.05460304432016372,0.037459763720204355,520,Ceiling,67,0.016357421875,0.9999999999999998,2048.0,0.5,False,,,1373636336
11,12,1,0.5,-0.899855,0.0,0.0,0.734512,0.01611328125,0.0029296875,0.05460304432016372,0.037459763720204355,520,Ceiling,87,0.021240234375,0.9999999999999998,2048.0,0.5,False,,,1373636336
11,12,1,0.5,-0.899855,0.0,0.0,0.734512,0.01611328125,0.0029296875,0.05460304432016372,0.037459763720204355,520,Ceiling,114,0.02783203125,0.9999999999999998,2048.0,0.5,False,,,1373636336
11,12,1,0.5,-0.899855,0.0,0.0,0.734512,0.01611328125,0.0029296875,0.05460304432016372,0.037459763720204355,520,Ceiling,148,0.0361328125,0.9999999999999998,2048.0,0.5,False,,,1373636336
11,12,1,0.5,-0.899855,0.0,0.0,0.734512,0.01611328125,0.0029296875,0.05460304432016372,0.037459763720204355,520,Ceiling,192,0.046875,0.9999999999999998,2048.0,0.5,False,,,1373636336
11,12,1,0.5,-0.899855,0.0,0.0,0.734512,0.01611328125,0.0029296875,0.05460304432016372,0.037459763720204355,520,Ceiling,250,0.06103515625,0.9999999999999998,2048.0,0.5,False,,,1373636336
11,12,1,0.5,-0.899855,0.0,0.0,0.734512,0.01611328125,0.0029296875,0.05460304432016372,0.037459763720204355,520,Ceiling,325,0.079345703125,0.9999999999999998,2048.0,0.5,False,,,1373636336
11,12,1,0.5,-0.899855,0.0,0.0,0.734512,0.01611328125,0.0029296875,0.05460304432016372,0.037459763720204355,520,Ceiling,423,0.103271484375,0.9999999999999998,2048.0,0.5,False,,,1373636336
11,12,1,0.5,-0.899855,0.0,0.0,0.734512,0.01611328125,0.0029296875,0.05460304432016372,0.037459763720204355,520,Ceiling,550,0.13427734375,0.9999999999999998,2048.0,0.5,False,,,1373636336
11,12,1,0.5,-0.899855,0.0,0.0,0.734512,0.01611328125,0.0029296875,0.05460304432016372,0.037459763720204355,520,Ceiling,715,0.174560546875,0.9999999999999998,2048.0,0.5,False,,,1373636336
11,12,1,0.5,-0.899855,0.0,0.0,0.734512,0.01611328125,0.0029296875,0.05460304432016372,0.037459763720204355,520,Ceiling,931,0.227294921875,0.9999999999999998,2048.0,0.5,False,,,1373636336
11,12,1,0.5,-0.899855,0.0,0.0,0.734512,0.01611328125,0.0029296875,0.05460304432016372,0.037459763720204355,520,Ceiling,1210,0.29541015625,0.9999999999999998,2048.0,0.5,False,,,1373636336
11,12,1,0.5,-0.899855,0.0,0.0,0.734512,0.01611328125,0.0029296875,0.05460304432016372,0.037459763720204355,520,Ceiling,1575,0.384521484375,0.9999999999999998,2048.0,0.5,False,,,1373636336
11,12,1,0.5,-0.899855,0.0,0.0,0.734512,0.01611328125,0.0029296875,0.05460304432016372,0.037459763720204355,520,Ceiling,2048,0.5,0.9999999999999998,2048.0,0.5,False,,,1373636336
11,12,1,0.5,-0.899855,0.0,0.0,0.734512,0.01611328125,0.0029296875,0.05460304432016372,0.00753626975808971,1152,BARK,1,0.000244140625,0.00753626975808971,66.0,0.01611328125,True,,,1373636336
11,12,1,0.5,-0.899855,0.0,0.0,0.734512,0.01611328125,0.0029296875,0.05460304432016372,0.00753626975808971,1152,BARK,2,0.00048828125,0.011187971926298827,66.0,0.01611328125,True,,,1373636336
11,12,1,0.5,-0.899855,0.0,0.0,0.734512,0.01611328125,0.0029296875,0.05460304432016372,0.00753626975808971,1152,BARK,3,0.000732421875,0.017390069586835432,66.0,0.01611328125,True,,,1373636336
11,12,1,0.5,-0.899855,0.0,0.0,0.734512,0.01611328125,0.0029296875,0.05460304432016372,0.00753626975808971,1152,BARK,4,0.0009765625,0.030542485119920373,66.0,0.01611328125,True,,,1373636336
11,12,1,0.5,-0.899855,0.0,0.0,0.734512,0.01611328125,0.0029296875,0.05460304432016372,0.00753626975808971,1152,BARK,5,0.001220703125,0.04033787829223516,66.0,0.01611328125,True,,,1373636336
11,12,1,0.5,-0.899855,0.0,0.0,0.734512,0.01611328125,0.0029296875,0.05460304432016372,0.00753626975808971,1152,BARK,6,0.00146484375,0.052186788873419925,66.0,0.01611328125,True,,,1373636336
11,12,1,0.5,-0.899855,0.0,0.0,0.734512,0.01611328125,0.0029296875,0.05460304432016372,0.00753626975808971,1152,BARK,8,0.001953125,0.05591574027344129,66.0,0.01611328125,True,,,1373636336
11,12,1,0.5,-0.899855,0.0,0.0,0.734512,0.01611328125,0.0029296875,0.05460304432016372,0.00753626975808971,1152,BARK,11,0.002685546875,0.04643254342692437,66.0,0.01611328125,True,,,1373636336
11,12,1,0.5,-0.899855,0.0,0.0,0.734512,0.01611328125,0.0029296875,0.05460304432016372,0.00753626975808971,1152,BARK,14,0.00341796875,0.058586842482576,66.0,0.01611328125,True,,,1373636336
11,12,1,0.5,-0.899855,0.0,0.0,0.734512,0.01611328125,0.0029296875,0.05460304432016372,0.00753626975808971,1152,BARK,18,0.00439453125,0.09860959175393633,66.0,0.01611328125,True,,,1373636336
11,12,1,0.5,-0.899855,0.0,0.0,0.734512,0.01611328125,0.0029296875,0.05460304432016372,0.00753626975808971,1152,BARK,23,0.005615234375,0.18737326307579644,66.0,0.01611328125,True,,,1373636336
11,12,1,0.5,-0.899855,0.0,0.0,0.734512,0.01611328125,0.0029296875,0.05460304432016372,0.00753626975808971,1152,BARK,31,0.007568359375,0.2999094815764237,66.0,0.01611328125,True,,,1373636336
11,12,1,0.5,-0.899855,0.0,0.0,0.734512,0.01611328125,0.0029296875,0.05460304432016372,0.00753626975808971,1152,BARK,40,0.009765625,0.5751709095840447,66.0,0.01611328125,True,,,1373636336
11,12,1,0.5,-0.899855,0.0,0.0,0.734512,0.01611328125,0.0029296875,0.05460304432016372,0.00753626975808971,1152,BARK,52,0.0126953125,0.7909219716990055,66.0,0.01611328125,True,,,1373636336
11,12,1,0.5,-0.899855,0.0,0.0,0.734512,0.01611328125,0.0029296875,0.05460304432016372,0.00753626975808971,1152,BARK,67,0.016357421875,1.0000000000000004,66.0,0.01611328125,True,,,1373636336
11,12,1,0.5,-0.899855,0.0,0.0,0.734512,0.01611328125,0.0029296875,0.05460304432016372,0.00753626975808971,1152,BARK,87,0.021240234375,1.0000000000000004,66.0,0.01611328125,True,,,1373636336
11,12,1,0.5,-0.899855,0.0,0.0,0.734512,0.01611328125,0.0029296875,0.05460304432016372,0.00753626975808971,1152,BARK,114,0.02783203125,1.0000000000000004,66.0,0.01611328125,True,,,1373636336
11,12,1,0.5,-0.899855,0.0,0.0,0.734512,0.01611328125,0.0029296875,0.05460304432016372,0.00753626975808971,1152,BARK,148,0.0361328125,1.0000000000000004,66.0,0.01611328125,True,,,1373636336
11,12,1,0.5,-0.899855,0.0,0.0,0.734512,0.01611328125,0.0029296875,0.05460304432016372,0.00753626975808971,1152,BARK,192,0.046875,1.0000000000000004,66.0,0.01611328125,True,,,1373636336
11,12,1,0.5,-0.899855,0.0,0.0,0.734512,0.01611328125,0.0029296875,0.05460304432016372,0.00753626975808971,1152,BARK,250,0.06103515625,1.0000000000000004,66.0,0.01611328125,True,,,1373636336
11,12,1,0.5,-0.899855,0.0,0.0,0.734512,0.01611328125,0.0029296875,0.05460304432016372,0.00753626975808971,1152,BARK,325,0.079345703125,1.0000000000000004,66.0,0.01611328125,True,,,1373636336
11,12,1,0.5,-0.899855,0.0,0.0,0.734512,0.01611328125,0.0029296875,0.05460304432016372,0.00753626975808971,1152,BARK,423,0.103271484375,1.0000000000000004,66.0,0.01611328125,True,,,1373636336
11,12,1,0.5,-0.899855,0.0,0.0,0.734512,0.01611328125,0.0029296875,0.05460304432016372,0.00753626975808971,1152,BARK,550,0.13427734375,1.0000000000000004,66.0,0.01611328125,True,,,1373636336
11,12,1,0.5,-0.899855,0.0,0.0,0.734512,0.01611328125,0.0029296875,0.05460304432016372,0.00753626975808971,1152,BARK,715,0.174560546875,1.0000000000000004,66.0,0.01611328125,True,,,1373636336
11,12,1,0.5,-0.899855,0.0,0.0,0.734512,0.01611328125,0.0029296875,0.05460304432016372,0.00753626975808971,1152,BARK,931,0.227294921875,1.0000000000000004,66.0,0.01611328125,True,,,1373636336
11,12,1,0.5,-0.899855,0.0,0.0,0.734512,0.01611328125,0.0029296875,0.05460304432016372,0.00753626975808971,1152,BARK,1210,0.29541015625,1.0000000000000004,66.0,0.01611328125,True,,,1373636336
11,12,1,0.5,-0.899855,0.0,0.0,0.734512,0.01611328125,0.0029296875,0.05460304432016372,0.00753626975808971,1152,BARK,1575,0.384521484375,1.0000000000000004,66.0,0.01611328125,True,,,1373636336
11,12,1,0.5,-0.899855,0.0,0.0,0.734512,0.01611328125,0.0029296875,0.05460304432016372,0.00753626975808971,1152,BARK,2048,0.5,1.0000000000000004,66.0,0.01611328125,True,,,1373636336
11,12,1,0.5,-0.899855,0.0,0.0,0.734512,0.01611328125,0.0029296875,0.05460304432016372,0.00753626975808971,1152,Simplified BARK,1,0.000244140625,0.00753626975808971,66.0,0.01611328125,True,,,1373636336
11,12,1,0.5,-0.899855,0.0,0.0,0.734512,0.01611328125,0.0029296875,0.05460304432016372,0.00753626975808971,1152,Simplified BARK,2,0.00048828125,0.015650661404820698,66.0,0.01611328125,True,,,1373636336
11,12,1,0.5,-0.899855,0.0,0.0,0.734512,0.01611328125,0.0029296875,0.05460304432016372,0.00753626975808971,1152,Simplified BARK,3,0.000732421875,0.018740706661591385,66.0,0.01611328125,True,,,1373636336
11,12,1,0.5,-0.899855,0.0,0.0,0.734512,0.01611328125,0.0029296875,0.05460304432016372,0.00753626975808971,1152,Simplified BARK,4,0.0009765625,0.026806070009679606,66.0,0.01611328125,True,,,1373636336
11,12,1,0.5,-0.899855,0.0,0.0,0.734512,0.01611328125,0.0029296875,0.05460304432016372,0.00753626975808971,1152,Simplified BARK,5,0.001220703125,0.03634330700406036,66.0,0.01611328125,True,,,1373636336
11,12,1,0.5,-0.899855,0.0,0.0,0.734512,0.01611328125,0.0029296875,0.05460304432016372,0.00753626975808971,1152,Simplified BARK,6,0.00146484375,0.04746510368129565,66.0,0.01611328125,True,,,1373636336
11,12,1,0.5,-0.899855,0.0,0.0,0.734512,0.01611328125,0.0029296875,0.05460304432016372,0.00753626975808971,1152,Simplified BARK,8,0.001953125,0.07061082073435157,66.0,0.01611328125,True,,,1373636336
11,12,1,0.5,-0.899855,0.0,0.0,0.734512,0.01611328125,0.0029296875,0.05460304432016372,0.00753626975808971,1152,Simplified BARK,11,0.002685546875,0.09999808699418465,66.0,0.01611328125,True,,,1373636336
11,12,1,0.5,-0.899855,0.0,0.0,0.734512,0.01611328125,0.0029296875,0.05460304432016372,0.00753626975808971,1152,Simplified BARK,14,0.00341796875,0.11301789107269286,66.0,0.01611328125,True,,,1373636336
11,12,1,0.5,-0.899855,0.0,0.0,0.734512,0.01611328125,0.0029296875,0.05460304432016372,0.00753626975808971,1152,Simplified BARK,18,0.00439453125,0.012492498103044359,66.0,0.01611328125,True,,,1373636336
11,12,1,0.5,-0.899855,0.0,0.0,0.734512,0.01611328125,0.0029296875,0.05460304432016372,0.00753626975808971,1152,Simplified BARK,23,0.005615234375,0.06643173644829388,66.0,0.01611328125,True,,,1373636336
11,12,1,0.5,-0.899855,0.0,0.0,0.734512,0.01611328125,0.0029296875,0.05460304432016372,0.00753626975808971,1152,Simplified BARK,31,0.007568359375,0.22596156064710451,66.0,0.01611328125,True,,,1373636336
11,12,1,0.5,-0.899855,0.0,0.0,0.734512,0.01611328125,0.0029296875,0.05460304432016372,0.00753626975808971,1152,Simplified BARK,40,0.009765625,0.4671037803355846,66.0,0.01611328125,True,,,1373636336
11,12,1,0.5,-0.899855,0.0,0.0,0.734512,0.01611328125,0.0029296875,0.05460304432016372,0.00753626975808971,1152,Simplified BARK,52,0.0126953125,0.7971302733499,66.0,0.01611328125,True,,,1373636336
11,12,1,0.5,-0.899855,0.0,0.0,0.734512,0.01611328125,0.0029296875,0.05460304432016372,0.00753626975808971,1152,Simplified BARK,67,0.016357421875,1.0000000000000004,66.0,0.01611328125,True,,,1373636336
11,12,1,0.5,-0.899855,0.0,0.0,0.734512,0.01611328125,0.0029296875,0.05460304432016372,0.00753626975808971,1152,Simplified BARK,87,0.021240234375,1.0000000000000004,66.0,0.01611328125,True,,,1373636336
11,12,1,0.5,-0.899855,0.0,0.0,0.734512,0.01611328125,0.0029296875,0.05460304432016372,0.00753626975808971,1152,Simplified BARK,114,0.02783203125,1.0000000000000004,66.0,0.01611328125,True,,,1373636336
11,12,1,0.5,-0.899855,0.0,0.0,0.734512,0.01611328125,0.0029296875,0.05460304432016372,0.00753626975808971,1152,Simplified BARK,148,0.0361328125,1.0000000000000004,66.0,0.01611328125,True,,,1373636336
11,12,1,0.5,-0.899855,0.0,0.0,0.734512,0.01611328125,0.0029296875,0.05460304432016372,0.00753626975808971,1152,Simplified BARK,192,0.046875,1.0000000000000004,66.0,0.01611328125,True,,,1373636336
11,12,1,0.5,-0.899855,0.0,0.0,0.734512,0.01611328125,0.0029296875,0.05460304432016372,0.00753626975808971,1152,Simplified BARK,250,0.06103515625,1.0000000000000004,66.0,0.01611328125,True,,,1373636336
11,12,1,0.5,-0.899855,0.0,0.0,0.734512,0.01611328125,0.0029296875,0.05460304432016372,0.00753626975808971,1152,Simplified BARK,325,0.079345703125,1.0000000000000004,66.0,0.01611328125,True,,,1373636336
11,12,1,0.5,-0.899855,0.0,0.0,0.734512,0.01611328125,0.0029296875,0.05460304432016372,0.00753626975808971,1152,Simplified BARK,423,0.103271484375,1.0000000000000004,66.0,0.01611328125,True,,,1373636336
11,12,1,0.5,-0.899855,0.0,0.0,0.734512,0.01611328125,0.0029296875,0.05460304432016372,0.00753626975808971,1152,Simplified BARK,550,0.13427734375,1.0000000000000004,66.0,0.01611328125,True,,,1373636336
11,12,1,0.5,-0.899855,0.0,0.0,0.734512,0.01611328125,0.0029296875,0.05460304432016372,0.00753626975808971,1152,Simplified BARK,715,0.174560546875,1.0000000000000004,66.0,0.01611328125,True,,,1373636336
11,12,1,0.5,-0.899855,0.0,0.0,0.734512,0.01611328125,0.0029296875,0.05460304432016372,0.00753626975808971,1152,Simplified BARK,931,0.227294921875,1.0000000000000004,66.0,0.01611328125,True,,,1373636336
11,12,1,0.5,-0.899855,0.0,0.0,0.734512,0.01611328125,0.0029296875,0.05460304432016372,0.00753626975808971,1152,Simplified BARK,1210,0.29541015625,1.0000000000000004,66.0,0.01611328125,True,,,1373636336
11,12,1,0.5,-0.899855,0.0,0.0,0.734512,0.01611328125,0.0029296875,0.05460304432016372,0.00753626975808971,1152,Simplified BARK,1575,0.384521484375,1.0000000000000004,66.0,0.01611328125,True,,,1373636336
11,12,1,0.5,-0.899855,0.0,0.0,0.734512,0.01611328125,0.0029296875,0.05460304432016372,0.00753626975808971,1152,Simplified BARK,2048,0.5,1.0000000000000004,66.0,0.01611328125,True,,,1373636336
11,12,1,0.5,-0.899855,0.0,0.0,0.734512,0.01611328125,0.0029296875,0.05460304432016372,0.00753626975808971,1152,SKQD,1,0.000244140625,0.00753626975808971,62.333333333333336,0.015218098958333334,True,0.02,1000.0,1373636336
11,12,1,0.5,-0.899855,0.0,0.0,0.734512,0.01611328125,0.0029296875,0.05460304432016372,0.00753626975808971,1152,SKQD,2,0.00048828125,0.00753626975808971,62.333333333333336,0.015218098958333334,True,0.02,1000.0,1373636336
11,12,1,0.5,-0.899855,0.0,0.0,0.734512,0.01611328125,0.0029296875,0.05460304432016372,0.00753626975808971,1152,SKQD,3,0.000732421875,0.011050755433265566,62.333333333333336,0.015218098958333334,True,0.02,1000.0,1373636336
11,12,1,0.5,-0.899855,0.0,0.0,0.734512,0.01611328125,0.0029296875,0.05460304432016372,0.00753626975808971,1152,SKQD,4,0.0009765625,0.01938494054165076,62.333333333333336,0.015218098958333334,True,0.02,1000.0,1373636336
11,12,1,0.5,-0.899855,0.0,0.0,0.734512,0.01611328125,0.0029296875,0.05460304432016372,0.00753626975808971,1152,SKQD,5,0.001220703125,0.03121180013936853,62.333333333333336,0.015218098958333334,True,0.02,1000.0,1373636336
11,12,1,0.5,-0.899855,0.0,0.0,0.734512,0.01611328125,0.0029296875,0.05460304432016372,0.00753626975808971,1152,SKQD,6,0.00146484375,0.03579836050636804,62.333333333333336,0.015218098958333334,True,0.02,1000.0,1373636336
11,12,1,0.5,-0.899855,0.0,0.0,0.734512,0.01611328125,0.0029296875,0.05460304432016372,0.00753626975808971,1152,SKQD,8,0.001953125,0.036061900139725385,62.333333333333336,0.015218098958333334,True,0.02,1000.0,1373636336
11,12,1,0.5,-0.899855,0.0,0.0,0.734512,0.01611328125,0.0029296875,0.05460304432016372,0.00753626975808971,1152,SKQD,11,0.002685546875,0.06533322902793363,62.333333333333336,0.015218098958333334,True,0.02,1000.0,1373636336
11,12,1,0.5,-0.899855,0.0,0.0,0.734512,0.01611328125,0.0029296875,0.05460304432016372,0.00753626975808971,1152,SKQD,14,0.00341796875,0.07114233422421974,62.333333333333336,0.015218098958333334,True,0.02,1000.0,1373636336
11,12,1,0.5,-0.899855,0.0,0.0,0.734512,0.01611328125,0.0029296875,0.05460304432016372,0.00753626975808971,1152,SKQD,18,0.00439453125,0.11652603166417463,62.333333333333336,0.015218098958333334,True,0.02,1000.0,1373636336
11,12,1,0.5,-0.899855,0.0,0.0,0.734512,0.01611328125,0.0029296875,0.05460304432016372,0.00753626975808971,1152,SKQD,23,0.005615234375,0.1900180687151107,62.333333333333336,0.015218098958333334,True,0.02,1000.0,1373636336
11,12,1,0.5,-0.899855,0.0,0.0,0.734512,0.01611328125,0.0029296875,0.05460304432016372,0.00753626975808971,1152,SKQD,31,0.007568359375,0.3148611851223488,62.333333333333336,0.015218098958333334,True,0.02,1000.0,1373636336
11,12,1,0.5,-0.899855,0.0,0.0,0.734512,0.01611328125,0.0029296875,0.05460304432016372,0.00753626975808971,1152,SKQD,40,0.009765625,0.5595754102660631,62.333333333333336,0.015218098958333334,True,0.02,1000.0,1373636336
11,12,1,0.5,-0.899855,0.0,0.0,0.734512,0.01611328125,0.0029296875,0.05460304432016372,0.00753626975808971,1152,SKQD,52,0.0126953125,0.8156248707699744,62.333333333333336,0.015218098958333334,True,0.02,1000.0,1373636336
11,12,1,0.5,-0.899855,0.0,0.0,0.734512,0.01611328125,0.0029296875,0.05460304432016372,0.00753626975808971,1152,SKQD,67,0.016357421875,0.97334798241664,62.333333333333336,0.015218098958333334,True,0.02,1000.0,1373636336
11,12,1,0.5,-0.899855,0.0,0.0,0.734512,0.01611328125,0.0029296875,0.05460304432016372,0.00753626975808971,1152,SKQD,87,0.021240234375,0.97334798241664,62.333333333333336,0.015218098958333334,True,0.02,1000.0,1373636336
11,12,1,0.5,-0.899855,0.0,0.0,0.734512,0.01611328125,0.0029296875,0.05460304432016372,0.00753626975808971,1152,SKQD,114,0.02783203125,0.97334798241664,62.333333333333336,0.015218098958333334,True,0.02,1000.0,1373636336
11,12,1,0.5,-0.899855,0.0,0.0,0.734512,0.01611328125,0.0029296875,0.05460304432016372,0.00753626975808971,1152,SKQD,148,0.0361328125,0.97334798241664,62.333333333333336,0.015218098958333334,True,0.02,1000.0,1373636336
11,12,1,0.5,-0.899855,0.0,0.0,0.734512,0.01611328125,0.0029296875,0.05460304432016372,0.00753626975808971,1152,SKQD,192,0.046875,0.97334798241664,62.333333333333336,0.015218098958333334,True,0.02,1000.0,1373636336
11,12,1,0.5,-0.899855,0.0,0.0,0.734512,0.01611328125,0.0029296875,0.05460304432016372,0.00753626975808971,1152,SKQD,250,0.06103515625,0.97334798241664,62.333333333333336,0.015218098958333334,True,0.02,1000.0,1373636336
11,12,1,0.5,-0.899855,0.0,0.0,0.734512,0.01611328125,0.0029296875,0.05460304432016372,0.00753626975808971,1152,SKQD,325,0.079345703125,0.97334798241664,62.333333333333336,0.015218098958333334,True,0.02,1000.0,1373636336
11,12,1,0.5,-0.899855,0.0,0.0,0.734512,0.01611328125,0.0029296875,0.05460304432016372,0.00753626975808971,1152,SKQD,423,0.103271484375,0.97334798241664,62.333333333333336,0.015218098958333334,True,0.02,1000.0,1373636336
11,12,1,0.5,-0.899855,0.0,0.0,0.734512,0.01611328125,0.0029296875,0.05460304432016372,0.00753626975808971,1152,SKQD,550,0.13427734375,0.97334798241664,62.333333333333336,0.015218098958333334,True,0.02,1000.0,1373636336
11,12,1,0.5,-0.899855,0.0,0.0,0.734512,0.01611328125,0.0029296875,0.05460304432016372,0.00753626975808971,1152,SKQD,715,0.174560546875,0.97334798241664,62.333333333333336,0.015218098958333334,True,0.02,1000.0,1373636336
11,12,1,0.5,-0.899855,0.0,0.0,0.734512,0.01611328125,0.0029296875,0.05460304432016372,0.00753626975808971,1152,SKQD,931,0.227294921875,0.97334798241664,62.333333333333336,0.015218098958333334,True,0.02,1000.0,1373636336
11,12,1,0.5,-0.899855,0.0,0.0,0.734512,0.01611328125,0.0029296875,0.05460304432016372,0.00753626975808971,1152,SKQD,1210,0.29541015625,0.97334798241664,62.333333333333336,0.015218098958333334,True,0.02,1000.0,1373636336
11,12,1,0.5,-0.899855,0.0,0.0,0.734512,0.01611328125,0.0029296875,0.05460304432016372,0.00753626975808971,1152,SKQD,1575,0.384521484375,0.97334798241664,62.333333333333336,0.015218098958333334,True,0.02,1000.0,1373636336
11,12,1,0.5,-0.899855,0.0,0.0,0.734512,0.01611328125,0.0029296875,0.05460304432016372,0.00753626975808971,1152,SKQD,2048,0.5,0.97334798241664,62.333333333333336,0.015218098958333334,True,0.02,1000.0,1373636336
11,12,1,0.5,-0.899855,0.0,0.0,0.734512,0.01611328125,0.0029296875,0.05460304432016372,0.00753626975808971,1152,Ceiling,1,0.000244140625,0.040435917402889515,2048.0,0.5,False,,,1373636336
11,12,1,0.5,-0.899855,0.0,0.0,0.734512,0.01611328125,0.0029296875,0.05460304432016372,0.00753626975808971,1152,Ceiling,2,0.00048828125,0.07789568112309403,2048.0,0.5,False,,,1373636336
11,12,1,0.5,-0.899855,0.0,0.0,0.734512,0.01611328125,0.0029296875,0.05460304432016372,0.00753626975808971,1152,Ceiling,3,0.000732421875,0.11535544484329838,2048.0,0.5,False,,,1373636336
11,12,1,0.5,-0.899855,0.0,0.0,0.734512,0.01611328125,0.0029296875,0.05460304432016372,0.00753626975808971,1152,Ceiling,4,0.0009765625,0.15098612755581597,2048.0,0.5,False,,,1373636336
11,12,1,0.5,-0.899855,0.0,0.0,0.734512,0.01611328125,0.0029296875,0.05460304432016372,0.00753626975808971,1152,Ceiling,5,0.001220703125,0.18661681026833343,2048.0,0.5,False,,,1373636336
11,12,1,0.5,-0.899855,0.0,0.0,0.734512,0.01611328125,0.0029296875,0.05460304432016372,0.00753626975808971,1152,Ceiling,6,0.00146484375,0.22105381116632059,2048.0,0.5,False,,,1373636336
11,12,1,0.5,-0.899855,0.0,0.0,0.734512,0.01611328125,0.0029296875,0.05460304432016372,0.00753626975808971,1152,Ceiling,8,0.001953125,0.28925030484281544,2048.0,0.5,False,,,1373636336
11,12,1,0.5,-0.899855,0.0,0.0,0.734512,0.01611328125,0.0029296875,0.05460304432016372,0.00753626975808971,1152,Ceiling,11,0.002685546875,0.37338446569626943,2048.0,0.5,False,,,1373636336
11,12,1,0.5,-0.899855,0.0,0.0,0.734512,0.01611328125,0.0029296875,0.05460304432016372,0.00753626975808971,1152,Ceiling,14,0.00341796875,0.4520559368321275,2048.0,0.5,False,,,1373636336
11,12,1,0.5,-0.899855,0.0,0.0,0.734512,0.01611328125,0.0029296875,0.05460304432016372,0.00753626975808971,1152,Ceiling,18,0.00439453125,0.5532779510768163,2048.0,0.5,False,,,1373636336
11,12,1,0.5,-0.899855,0.0,0.0,0.734512,0.01611328125,0.0029296875,0.05460304432016372,0.00753626975808971,1152,Ceiling,23,0.005615234375,0.6562566126524562,2048.0,0.5,False,,,1373636336
11,12,1,0.5,-0.899855,0.0,0.0,0.734512,0.01611328125,0.0029296875,0.05460304432016372,0.00753626975808971,1152,Ceiling,31,0.007568359375,0.7776097239011874,2048.0,0.5,False,,,1373636336
11,12,1,0.5,-0.899855,0.0,0.0,0.734512,0.01611328125,0.0029296875,0.05460304432016372,0.00753626975808971,1152,Ceiling,40,0.009765625,0.8842000520533496,2048.0,0.5,False,,,1373636336
11,12,1,0.5,-0.899855,0.0,0.0,0.734512,0.01611328125,0.0029296875,0.05460304432016372,0.00753626975808971,1152,Ceiling,52,0.0126953125,0.972128217635905,2048.0,0.5,False,,,1373636336
11,12,1,0.5,-0.899855,0.0,0.0,0.734512,0.01611328125,0.0029296875,0.05460304432016372,0.00753626975808971,1152,Ceiling,67,0.016357421875,0.9999999999999998,2048.0,0.5,False,,,1373636336
11,12,1,0.5,-0.899855,0.0,0.0,0.734512,0.01611328125,0.0029296875,0.05460304432016372,0.00753626975808971,1152,Ceiling,87,0.021240234375,0.9999999999999998,2048.0,0.5,False,,,1373636336
11,12,1,0.5,-0.899855,0.0,0.0,0.734512,0.01611328125,0.0029296875,0.05460304432016372,0.00753626975808971,1152,Ceiling,114,0.02783203125,0.9999999999999998,2048.0,0.5,False,,,1373636336
11,12,1,0.5,-0.899855,0.0,0.0,0.734512,0.01611328125,0.0029296875,0.05460304432016372,0.00753626975808971,1152,Ceiling,148,0.0361328125,0.9999999999999998,2048.0,0.5,False,,,1373636336
11,12,1,0.5,-0.899855,0.0,0.0,0.734512,0.01611328125,0.0029296875,0.05460304432016372,0.00753626975808971,1152,Ceiling,192,0.046875,0.9999999999999998,2048.0,0.5,False,,,1373636336
11,12,1,0.5,-0.899855,0.0,0.0,0.734512,0.01611328125,0.0029296875,0.05460304432016372,0.00753626975808971,1152,Ceiling,250,0.06103515625,0.9999999999999998,2048.0,0.5,False,,,1373636336
11,12,1,0.5,-0.899855,0.0,0.0,0.734512,0.01611328125,0.0029296875,0.05460304432016372,0.00753626975808971,1152,Ceiling,325,0.079345703125,0.9999999999999998,2048.0,0.5,False,,,1373636336
11,12,1,0.5,-0.899855,0.0,0.0,0.734512,0.01611328125,0.0029296875,0.05460304432016372,0.00753626975808971,1152,Ceiling,423,0.103271484375,0.9999999999999998,2048.0,0.5,False,,,1373636336
11,12,1,0.5,-0.899855,0.0,0.0,0.734512,0.01611328125,0.0029296875,0.05460304432016372,0.00753626975808971,1152,Ceiling,550,0.13427734375,0.9999999999999998,2048.0,0.5,False,,,1373636336
11,12,1,0.5,-0.899855,0.0,0.0,0.734512,0.01611328125,0.0029296875,0.05460304432016372,0.00753626975808971,1152,Ceiling,715,0.174560546875,0.9999999999999998,2048.0,0.5,False,,,1373636336
11,12,1,0.5,-0.899855,0.0,0.0,0.734512,0.01611328125,0.0029296875,0.05460304432016372,0.00753626975808971,1152,Ceiling,931,0.227294921875,0.9999999999999998,2048.0,0.5,False,,,1373636336
11,12,1,0.5,-0.899855,0.0,0.0,0.734512,0.01611328125,0.0029296875,0.05460304432016372,0.00753626975808971,1152,Ceiling,1210,0.29541015625,0.9999999999999998,2048.0,0.5,False,,,1373636336
11,12,1,0.5,-0.899855,0.0,0.0,0.734512,0.01611328125,0.0029296875,0.05460304432016372,0.00753626975808971,1152,Ceiling,1575,0.384521484375,0.9999999999999998,2048.0,0.5,False,,,1373636336
11,12,1,0.5,-0.899855,0.0,0.0,0.734512,0.01611328125,0.0029296875,0.05460304432016372,0.00753626975808971,1152,Ceiling,2048,0.5,0.9999999999999998,2048.0,0.5,False,,,1373636336
11,12,1,0.5,-0.899855,0.0,0.0,0.734512,0.01611328125,0.0029296875,0.05460304432016372,0.002719860288194842,12,BARK,1,0.000244140625,0.002719860288194842,66.0,0.01611328125,True,,,1373636336
11,12,1,0.5,-0.899855,0.0,0.0,0.734512,0.01611328125,0.0029296875,0.05460304432016372,0.002719860288194842,12,BARK,2,0.00048828125,0.005450288766626165,66.0,0.01611328125,True,,,1373636336
11,12,1,0.5,-0.899855,0.0,0.0,0.734512,0.01611328125,0.0029296875,0.05460304432016372,0.002719860288194842,12,BARK,3,0.000732421875,0.006294207218459867,66.0,0.01611328125,True,,,1373636336
11,12,1,0.5,-0.899855,0.0,0.0,0.734512,0.01611328125,0.0029296875,0.05460304432016372,0.002719860288194842,12,BARK,4,0.0009765625,0.0058710834990401885,66.0,0.01611328125,True,,,1373636336
11,12,1,0.5,-0.899855,0.0,0.0,0.734512,0.01611328125,0.0029296875,0.05460304432016372,0.002719860288194842,12,BARK,5,0.001220703125,0.007822441917810874,66.0,0.01611328125,True,,,1373636336
11,12,1,0.5,-0.899855,0.0,0.0,0.734512,0.01611328125,0.0029296875,0.05460304432016372,0.002719860288194842,12,BARK,6,0.00146484375,0.010186120533194117,66.0,0.01611328125,True,,,1373636336
11,12,1,0.5,-0.899855,0.0,0.0,0.734512,0.01611328125,0.0029296875,0.05460304432016372,0.002719860288194842,12,BARK,8,0.001953125,0.022229419046718258,66.0,0.01611328125,True,,,1373636336
11,12,1,0.5,-0.899855,0.0,0.0,0.734512,0.01611328125,0.0029296875,0.05460304432016372,0.002719860288194842,12,BARK,11,0.002685546875,0.039613574795932076,66.0,0.01611328125,True,,,1373636336
11,12,1,0.5,-0.899855,0.0,0.0,0.734512,0.01611328125,0.0029296875,0.05460304432016372,0.002719860288194842,12,BARK,14,0.00341796875,0.06752178585162312,66.0,0.01611328125,True,,,1373636336
11,12,1,0.5,-0.899855,0.0,0.0,0.734512,0.01611328125,0.0029296875,0.05460304432016372,0.002719860288194842,12,BARK,18,0.00439453125,0.1228420001217895,66.0,0.01611328125,True,,,1373636336
11,12,1,0.5,-0.899855,0.0,0.0,0.734512,0.01611328125,0.0029296875,0.05460304432016372,0.002719860288194842,12,BARK,23,0.005615234375,0.18567102296546614,66.0,0.01611328125,True,,,1373636336
11,12,1,0.5,-0.899855,0.0,0.0,0.734512,0.01611328125,0.0029296875,0.05460304432016372,0.002719860288194842,12,BARK,31,0.007568359375,0.3971192446341698,66.0,0.01611328125,True,,,1373636336
11,12,1,0.5,-0.899855,0.0,0.0,0.734512,0.01611328125,0.0029296875,0.05460304432016372,0.002719860288194842,12,BARK,40,0.009765625,0.5489609543885826,66.0,0.01611328125,True,,,1373636336
11,12,1,0.5,-0.899855,0.0,0.0,0.734512,0.01611328125,0.0029296875,0.05460304432016372,0.002719860288194842,12,BARK,52,0.0126953125,0.8278203347284843,66.0,0.01611328125,True,,,1373636336
11,12,1,0.5,-0.899855,0.0,0.0,0.734512,0.01611328125,0.0029296875,0.05460304432016372,0.002719860288194842,12,BARK,67,0.016357421875,1.0,66.0,0.01611328125,True,,,1373636336
11,12,1,0.5,-0.899855,0.0,0.0,0.734512,0.01611328125,0.0029296875,0.05460304432016372,0.002719860288194842,12,BARK,87,0.021240234375,1.0,66.0,0.01611328125,True,,,1373636336
11,12,1,0.5,-0.899855,0.0,0.0,0.734512,0.01611328125,0.0029296875,0.05460304432016372,0.002719860288194842,12,BARK,114,0.02783203125,1.0,66.0,0.01611328125,True,,,1373636336
11,12,1,0.5,-0.899855,0.0,0.0,0.734512,0.01611328125,0.0029296875,0.05460304432016372,0.002719860288194842,12,BARK,148,0.0361328125,1.0,66.0,0.01611328125,True,,,1373636336
11,12,1,0.5,-0.899855,0.0,0.0,0.734512,0.01611328125,0.0029296875,0.05460304432016372,0.002719860288194842,12,BARK,192,0.046875,1.0,66.0,0.01611328125,True,,,1373636336
11,12,1,0.5,-0.899855,0.0,0.0,0.734512,0.01611328125,0.0029296875,0.05460304432016372,0.002719860288194842,12,BARK,250,0.06103515625,1.0,66.0,0.01611328125,True,,,1373636336
11,12,1,0.5,-0.899855,0.0,0.0,0.734512,0.01611328125,0.0029296875,0.05460304432016372,0.002719860288194842,12,BARK,325,0.079345703125,1.0,66.0,0.01611328125,True,,,1373636336
11,12,1,0.5,-0.899855,0.0,0.0,0.734512,0.01611328125,0.0029296875,0.05460304432016372,0.002719860288194842,12,BARK,423,0.103271484375,1.0,66.0,0.01611328125,True,,,1373636336
11,12,1,0.5,-0.899855,0.0,0.0,0.734512,0.01611328125,0.0029296875,0.05460304432016372,0.002719860288194842,12,BARK,550,0.13427734375,1.0,66.0,0.01611328125,True,,,1373636336
11,12,1,0.5,-0.899855,0.0,0.0,0.734512,0.01611328125,0.0029296875,0.05460304432016372,0.002719860288194842,12,BARK,715,0.174560546875,1.0,66.0,0.01611328125,True,,,1373636336
11,12,1,0.5,-0.899855,0.0,0.0,0.734512,0.01611328125,0.0029296875,0.05460304432016372,0.002719860288194842,12,BARK,931,0.227294921875,1.0,66.0,0.01611328125,True,,,1373636336
11,12,1,0.5,-0.899855,0.0,0.0,0.734512,0.01611328125,0.0029296875,0.05460304432016372,0.002719860288194842,12,BARK,1210,0.29541015625,1.0,66.0,0.01611328125,True,,,1373636336
11,12,1,0.5,-0.899855,0.0,0.0,0.734512,0.01611328125,0.0029296875,0.05460304432016372,0.002719860288194842,12,BARK,1575,0.384521484375,1.0,66.0,0.01611328125,True,,,1373636336
11,12,1,0.5,-0.899855,0.0,0.0,0.734512,0.01611328125,0.0029296875,0.05460304432016372,0.002719860288194842,12,BARK,2048,0.5,1.0,66.0,0.01611328125,True,,,1373636336
11,12,1,0.5,-0.899855,0.0,0.0,0.734512,0.01611328125,0.0029296875,0.05460304432016372,0.002719860288194842,12,Simplified BARK,1,0.000244140625,0.002719860288194842,66.0,0.01611328125,True,,,1373636336
11,12,1,0.5,-0.899855,0.0,0.0,0.734512,0.01611328125,0.0029296875,0.05460304432016372,0.002719860288194842,12,Simplified BARK,2,0.00048828125,0.005450288766626165,66.0,0.01611328125,True,,,1373636336
11,12,1,0.5,-0.899855,0.0,0.0,0.734512,0.01611328125,0.0029296875,0.05460304432016372,0.002719860288194842,12,Simplified BARK,3,0.000732421875,0.006294207218459867,66.0,0.01611328125,True,,,1373636336
11,12,1,0.5,-0.899855,0.0,0.0,0.734512,0.01611328125,0.0029296875,0.05460304432016372,0.002719860288194842,12,Simplified BARK,4,0.0009765625,0.0058710834990401885,66.0,0.01611328125,True,,,1373636336
11,12,1,0.5,-0.899855,0.0,0.0,0.734512,0.01611328125,0.0029296875,0.05460304432016372,0.002719860288194842,12,Simplified BARK,5,0.001220703125,0.003951531475604185,66.0,0.01611328125,True,,,1373636336
11,12,1,0.5,-0.899855,0.0,0.0,0.734512,0.01611328125,0.0029296875,0.05460304432016372,0.002719860288194842,12,Simplified BARK,6,0.00146484375,0.006557369752512083,66.0,0.01611328125,True,,,1373636336
11,12,1,0.5,-0.899855,0.0,0.0,0.734512,0.01611328125,0.0029296875,0.05460304432016372,0.002719860288194842,12,Simplified BARK,8,0.001953125,0.013956843102531645,66.0,0.01611328125,True,,,1373636336
11,12,1,0.5,-0.899855,0.0,0.0,0.734512,0.01611328125,0.0029296875,0.05460304432016372,0.002719860288194842,12,Simplified BARK,11,0.002685546875,0.026546343824995277,66.0,0.01611328125,True,,,1373636336
11,12,1,0.5,-0.899855,0.0,0.0,0.734512,0.01611328125,0.0029296875,0.05460304432016372,0.002719860288194842,12,Simplified BARK,14,0.00341796875,0.05858684248257764,66.0,0.01611328125,True,,,1373636336
11,12,1,0.5,-0.899855,0.0,0.0,0.734512,0.01611328125,0.0029296875,0.05460304432016372,0.002719860288194842,12,Simplified BARK,18,0.00439453125,0.10202608803284904,66.0,0.01611328125,True,,,1373636336
11,12,1,0.5,-0.899855,0.0,0.0,0.734512,0.01611328125,0.0029296875,0.05460304432016372,0.002719860288194842,12,Simplified BARK,23,0.005615234375,0.16445142236216231,66.0,0.01611328125,True,,,1373636336
11,12,1,0.5,-0.899855,0.0,0.0,0.734512,0.01611328125,0.0029296875,0.05460304432016372,0.002719860288194842,12,Simplified BARK,31,0.007568359375,0.3260556452397054,66.0,0.01611328125,True,,,1373636336
11,12,1,0.5,-0.899855,0.0,0.0,0.734512,0.01611328125,0.0029296875,0.05460304432016372,0.002719860288194842,12,Simplified BARK,40,0.009765625,0.5397127458968318,66.0,0.01611328125,True,,,1373636336
11,12,1,0.5,-0.899855,0.0,0.0,0.734512,0.01611328125,0.0029296875,0.05460304432016372,0.002719860288194842,12,Simplified BARK,52,0.0126953125,0.8160643369149313,66.0,0.01611328125,True,,,1373636336
11,12,1,0.5,-0.899855,0.0,0.0,0.734512,0.01611328125,0.0029296875,0.05460304432016372,0.002719860288194842,12,Simplified BARK,67,0.016357421875,1.0,66.0,0.01611328125,True,,,1373636336
11,12,1,0.5,-0.899855,0.0,0.0,0.734512,0.01611328125,0.0029296875,0.05460304432016372,0.002719860288194842,12,Simplified BARK,87,0.021240234375,1.0,66.0,0.01611328125,True,,,1373636336
11,12,1,0.5,-0.899855,0.0,0.0,0.734512,0.01611328125,0.0029296875,0.05460304432016372,0.002719860288194842,12,Simplified BARK,114,0.02783203125,1.0,66.0,0.01611328125,True,,,1373636336
11,12,1,0.5,-0.899855,0.0,0.0,0.734512,0.01611328125,0.0029296875,0.05460304432016372,0.002719860288194842,12,Simplified BARK,148,0.0361328125,1.0,66.0,0.01611328125,True,,,1373636336
11,12,1,0.5,-0.899855,0.0,0.0,0.734512,0.01611328125,0.0029296875,0.05460304432016372,0.002719860288194842,12,Simplified BARK,192,0.046875,1.0,66.0,0.01611328125,True,,,1373636336
11,12,1,0.5,-0.899855,0.0,0.0,0.734512,0.01611328125,0.0029296875,0.05460304432016372,0.002719860288194842,12,Simplified BARK,250,0.06103515625,1.0,66.0,0.01611328125,True,,,1373636336
11,12,1,0.5,-0.899855,0.0,0.0,0.734512,0.01611328125,0.0029296875,0.05460304432016372,0.002719860288194842,12,Simplified BARK,325,0.079345703125,1.0,66.0,0.01611328125,True,,,1373636336
11,12,1,0.5,-0.899855,0.0,0.0,0.734512,0.01611328125,0.0029296875,0.05460304432016372,0.002719860288194842,12,Simplified BARK,423,0.103271484375,1.0,66.0,0.01611328125,True,,,1373636336
11,12,1,0.5,-0.899855,0.0,0.0,0.734512,0.01611328125,0.0029296875,0.05460304432016372,0.002719860288194842,12,Simplified BARK,550,0.13427734375,1.0,66.0,0.01611328125,True,,,1373636336
11,12,1,0.5,-0.899855,0.0,0.0,0.734512,0.01611328125,0.0029296875,0.05460304432016372,0.002719860288194842,12,Simplified BARK,715,0.174560546875,1.0,66.0,0.01611328125,True,,,1373636336
11,12,1,0.5,-0.899855,0.0,0.0,0.734512,0.01611328125,0.0029296875,0.05460304432016372,0.002719860288194842,12,Simplified BARK,931,0.227294921875,1.0,66.0,0.01611328125,True,,,1373636336
11,12,1,0.5,-0.899855,0.0,0.0,0.734512,0.01611328125,0.0029296875,0.05460304432016372,0.002719860288194842,12,Simplified BARK,1210,0.29541015625,1.0,66.0,0.01611328125,True,,,1373636336
11,12,1,0.5,-0.899855,0.0,0.0,0.734512,0.01611328125,0.0029296875,0.05460304432016372,0.002719860288194842,12,Simplified BARK,1575,0.384521484375,1.0,66.0,0.01611328125,True,,,1373636336
11,12,1,0.5,-0.899855,0.0,0.0,0.734512,0.01611328125,0.0029296875,0.05460304432016372,0.002719860288194842,12,Simplified BARK,2048,0.5,1.0,66.0,0.01611328125,True,,,1373636336
11,12,1,0.5,-0.899855,0.0,0.0,0.734512,0.01611328125,0.0029296875,0.05460304432016372,0.002719860288194842,12,SKQD,1,0.000244140625,0.002719860288194842,66.0,0.01611328125,True,0.05,1000.0,1373636336
11,12,1,0.5,-0.899855,0.0,0.0,0.734512,0.01611328125,0.0029296875,0.05460304432016372,0.002719860288194842,12,SKQD,2,0.00048828125,0.002719860288194842,66.0,0.01611328125,True,0.05,1000.0,1373636336
11,12,1,0.5,-0.899855,0.0,0.0,0.734512,0.01611328125,0.0029296875,0.05460304432016372,0.002719860288194842,12,SKQD,3,0.000732421875,0.0104547044437111,66.0,0.01611328125,True,0.05,1000.0,1373636336
11,12,1,0.5,-0.899855,0.0,0.0,0.734512,0.01611328125,0.0029296875,0.05460304432016372,0.002719860288194842,12,SKQD,4,0.0009765625,0.0104547044437111,66.0,0.01611328125,True,0.05,1000.0,1373636336
11,12,1,0.5,-0.899855,0.0,0.0,0.734512,0.01611328125,0.0029296875,0.05460304432016372,0.002719860288194842,12,SKQD,5,0.001220703125,0.023541618070831355,66.0,0.01611328125,True,0.05,1000.0,1373636336
11,12,1,0.5,-0.899855,0.0,0.0,0.734512,0.01611328125,0.0029296875,0.05460304432016372,0.002719860288194842,12,SKQD,6,0.00146484375,0.023541618070831355,66.0,0.01611328125,True,0.05,1000.0,1373636336
11,12,1,0.5,-0.899855,0.0,0.0,0.734512,0.01611328125,0.0029296875,0.05460304432016372,0.002719860288194842,12,SKQD,8,0.001953125,0.027938899254652066,66.0,0.01611328125,True,0.05,1000.0,1373636336
11,12,1,0.5,-0.899855,0.0,0.0,0.734512,0.01611328125,0.0029296875,0.05460304432016372,0.002719860288194842,12,SKQD,11,0.002685546875,0.04083770206553549,66.0,0.01611328125,True,0.05,1000.0,1373636336
11,12,1,0.5,-0.899855,0.0,0.0,0.734512,0.01611328125,0.0029296875,0.05460304432016372,0.002719860288194842,12,SKQD,14,0.00341796875,0.06505001388096344,66.0,0.01611328125,True,0.05,1000.0,1373636336
11,12,1,0.5,-0.899855,0.0,0.0,0.734512,0.01611328125,0.0029296875,0.05460304432016372,0.002719860288194842,12,SKQD,18,0.00439453125,0.10291660965136523,66.0,0.01611328125,True,0.05,1000.0,1373636336
11,12,1,0.5,-0.899855,0.0,0.0,0.734512,0.01611328125,0.0029296875,0.05460304432016372,0.002719860288194842,12,SKQD,23,0.005615234375,0.16418276085688058,66.0,0.01611328125,True,0.05,1000.0,1373636336
11,12,1,0.5,-0.899855,0.0,0.0,0.734512,0.01611328125,0.0029296875,0.05460304432016372,0.002719860288194842,12,SKQD,31,0.007568359375,0.2555464279513039,66.0,0.01611328125,True,0.05,1000.0,1373636336
11,12,1,0.5,-0.899855,0.0,0.0,0.734512,0.01611328125,0.0029296875,0.05460304432016372,0.002719860288194842,12,SKQD,40,0.009765625,0.4933371031883982,66.0,0.01611328125,True,0.05,1000.0,1373636336
11,12,1,0.5,-0.899855,0.0,0.0,0.734512,0.01611328125,0.0029296875,0.05460304432016372,0.002719860288194842,12,SKQD,52,0.0126953125,0.7326684800509006,66.0,0.01611328125,True,0.05,1000.0,1373636336
11,12,1,0.5,-0.899855,0.0,0.0,0.734512,0.01611328125,0.0029296875,0.05460304432016372,0.002719860288194842,12,SKQD,67,0.016357421875,1.0000000000000002,66.0,0.01611328125,True,0.05,1000.0,1373636336
11,12,1,0.5,-0.899855,0.0,0.0,0.734512,0.01611328125,0.0029296875,0.05460304432016372,0.002719860288194842,12,SKQD,87,0.021240234375,1.0000000000000002,66.0,0.01611328125,True,0.05,1000.0,1373636336
11,12,1,0.5,-0.899855,0.0,0.0,0.734512,0.01611328125,0.0029296875,0.05460304432016372,0.002719860288194842,12,SKQD,114,0.02783203125,1.0000000000000002,66.0,0.01611328125,True,0.05,1000.0,1373636336
11,12,1,0.5,-0.899855,0.0,0.0,0.734512,0.01611328125,0.0029296875,0.05460304432016372,0.002719860288194842,12,SKQD,148,0.0361328125,1.0000000000000002,66.0,0.01611328125,True,0.05,1000.0,1373636336
11,12,1,0.5,-0.899855,0.0,0.0,0.734512,0.01611328125,0.0029296875,0.05460304432016372,0.002719860288194842,12,SKQD,192,0.046875,1.0000000000000002,66.0,0.01611328125,True,0.05,1000.0,1373636336
11,12,1,0.5,-0.899855,0.0,0.0,0.734512,0.01611328125,0.0029296875,0.05460304432016372,0.002719860288194842,12,SKQD,250,0.06103515625,1.0000000000000002,66.0,0.01611328125,True,0.05,1000.0,1373636336
11,12,1,0.5,-0.899855,0.0,0.0,0.734512,0.01611328125,0.0029296875,0.05460304432016372,0.002719860288194842,12,SKQD,325,0.079345703125,1.0000000000000002,66.0,0.01611328125,True,0.05,1000.0,1373636336
11,12,1,0.5,-0.899855,0.0,0.0,0.734512,0.01611328125,0.0029296875,0.05460304432016372,0.002719860288194842,12,SKQD,423,0.103271484375,1.0000000000000002,66.0,0.01611328125,True,0.05,1000.0,1373636336
11,12,1,0.5,-0.899855,0.0,0.0,0.734512,0.01611328125,0.0029296875,0.05460304432016372,0.002719860288194842,12,SKQD,550,0.13427734375,1.0000000000000002,66.0,0.01611328125,True,0.05,1000.0,1373636336
11,12,1,0.5,-0.899855,0.0,0.0,0.734512,0.01611328125,0.0029296875,0.05460304432016372,0.002719860288194842,12,SKQD,715,0.174560546875,1.0000000000000002,66.0,0.01611328125,True,0.05,1000.0,1373636336
11,12,1,0.5,-0.899855,0.0,0.0,0.734512,0.01611328125,0.0029296875,0.05460304432016372,0.002719860288194842,12,SKQD,931,0.227294921875,1.0000000000000002,66.0,0.01611328125,True,0.05,1000.0,1373636336
11,12,1,0.5,-0.899855,0.0,0.0,0.734512,0.01611328125,0.0029296875,0.05460304432016372,0.002719860288194842,12,SKQD,1210,0.29541015625,1.0000000000000002,66.0,0.01611328125,True,0.05,1000.0,1373636336
11,12,1,0.5,-0.899855,0.0,0.0,0.734512,0.01611328125,0.0029296875,0.05460304432016372,0.002719860288194842,12,SKQD,1575,0.384521484375,1.0000000000000002,66.0,0.01611328125,True,0.05,1000.0,1373636336
11,12,1,0.5,-0.899855,0.0,0.0,0.734512,0.01611328125,0.0029296875,0.05460304432016372,0.002719860288194842,12,SKQD,2048,0.5,1.0000000000000002,66.0,0.01611328125,True,0.05,1000.0,1373636336
11,12,1,0.5,-0.899855,0.0,0.0,0.734512,0.01611328125,0.0029296875,0.05460304432016372,0.002719860288194842,12,Ceiling,1,0.000244140625,0.040435917402889515,2048.0,0.5,False,,,1373636336
11,12,1,0.5,-0.899855,0.0,0.0,0.734512,0.01611328125,0.0029296875,0.05460304432016372,0.002719860288194842,12,Ceiling,2,0.00048828125,0.07789568112309403,2048.0,0.5,False,,,1373636336
11,12,1,0.5,-0.899855,0.0,0.0,0.734512,0.01611328125,0.0029296875,0.05460304432016372,0.002719860288194842,12,Ceiling,3,0.000732421875,0.11535544484329838,2048.0,0.5,False,,,1373636336
11,12,1,0.5,-0.899855,0.0,0.0,0.734512,0.01611328125,0.0029296875,0.05460304432016372,0.002719860288194842,12,Ceiling,4,0.0009765625,0.15098612755581597,2048.0,0.5,False,,,1373636336
11,12,1,0.5,-0.899855,0.0,0.0,0.734512,0.01611328125,0.0029296875,0.05460304432016372,0.002719860288194842,12,Ceiling,5,0.001220703125,0.18661681026833343,2048.0,0.5,False,,,1373636336
11,12,1,0.5,-0.899855,0.0,0.0,0.734512,0.01611328125,0.0029296875,0.05460304432016372,0.002719860288194842,12,Ceiling,6,0.00146484375,0.22105381116632059,2048.0,0.5,False,,,1373636336
11,12,1,0.5,-0.899855,0.0,0.0,0.734512,0.01611328125,0.0029296875,0.05460304432016372,0.002719860288194842,12,Ceiling,8,0.001953125,0.28925030484281544,2048.0,0.5,False,,,1373636336
11,12,1,0.5,-0.899855,0.0,0.0,0.734512,0.01611328125,0.0029296875,0.05460304432016372,0.002719860288194842,12,Ceiling,11,0.002685546875,0.37338446569626943,2048.0,0.5,False,,,1373636336
11,12,1,0.5,-0.899855,0.0,0.0,0.734512,0.01611328125,0.0029296875,0.05460304432016372,0.002719860288194842,12,Ceiling,14,0.00341796875,0.4520559368321275,2048.0,0.5,False,,,1373636336
11,12,1,0.5,-0.899855,0.0,0.0,0.734512,0.01611328125,0.0029296875,0.05460304432016372,0.002719860288194842,12,Ceiling,18,0.00439453125,0.5532779510768163,2048.0,0.5,False,,,1373636336
11,12,1,0.5,-0.899855,0.0,0.0,0.734512,0.01611328125,0.0029296875,0.05460304432016372,0.002719860288194842,12,Ceiling,23,0.005615234375,0.6562566126524562,2048.0,0.5,False,,,1373636336
11,12,1,0.5,-0.899855,0.0,0.0,0.734512,0.01611328125,0.0029296875,0.05460304432016372,0.002719860288194842,12,Ceiling,31,0.007568359375,0.7776097239011874,2048.0,0.5,False,,,1373636336
11,12,1,0.5,-0.899855,0.0,0.0,0.734512,0.01611328125,0.0029296875,0.05460304432016372,0.002719860288194842,12,Ceiling,40,0.009765625,0.8842000520533496,2048.0,0.5,False,,,1373636336
11,12,1,0.5,-0.899855,0.0,0.0,0.734512,0.01611328125,0.0029296875,0.05460304432016372,0.002719860288194842,12,Ceiling,52,0.0126953125,0.972128217635905,2048.0,0.5,False,,,1373636336
11,12,1,0.5,-0.899855,0.0,0.0,0.734512,0.01611328125,0.0029296875,0.05460304432016372,0.002719860288194842,12,Ceiling,67,0.016357421875,0.9999999999999998,2048.0,0.5,False,,,1373636336
11,12,1,0.5,-0.899855,0.0,0.0,0.734512,0.01611328125,0.0029296875,0.05460304432016372,0.002719860288194842,12,Ceiling,87,0.021240234375,0.9999999999999998,2048.0,0.5,False,,,1373636336
11,12,1,0.5,-0.899855,0.0,0.0,0.734512,0.01611328125,0.0029296875,0.05460304432016372,0.002719860288194842,12,Ceiling,114,0.02783203125,0.9999999999999998,2048.0,0.5,False,,,1373636336
11,12,1,0.5,-0.899855,0.0,0.0,0.734512,0.01611328125,0.0029296875,0.05460304432016372,0.002719860288194842,12,Ceiling,148,0.0361328125,0.9999999999999998,2048.0,0.5,False,,,1373636336
11,12,1,0.5,-0.899855,0.0,0.0,0.734512,0.01611328125,0.0029296875,0.05460304432016372,0.002719860288194842,12,Ceiling,192,0.046875,0.9999999999999998,2048.0,0.5,False,,,1373636336
11,12,1,0.5,-0.899855,0.0,0.0,0.734512,0.01611328125,0.0029296875,0.05460304432016372,0.002719860288194842,12,Ceiling,250,0.06103515625,0.9999999999999998,2048.0,0.5,False,,,1373636336
11,12,1,0.5,-0.899855,0.0,0.0,0.734512,0.01611328125,0.0029296875,0.05460304432016372,0.002719860288194842,12,Ceiling,325,0.079345703125,0.9999999999999998,2048.0,0.5,False,,,1373636336
11,12,1,0.5,-0.899855,0.0,0.0,0.734512,0.01611328125,0.0029296875,0.05460304432016372,0.002719860288194842,12,Ceiling,423,0.103271484375,0.9999999999999998,2048.0,0.5,False,,,1373636336
11,12,1,0.5,-0.899855,0.0,0.0,0.734512,0.01611328125,0.0029296875,0.05460304432016372,0.002719860288194842,12,Ceiling,550,0.13427734375,0.9999999999999998,2048.0,0.5,False,,,1373636336
11,12,1,0.5,-0.899855,0.0,0.0,0.734512,0.01611328125,0.0029296875,0.05460304432016372,0.002719860288194842,12,Ceiling,715,0.174560546875,0.9999999999999998,2048.0,0.5,False,,,1373636336
11,12,1,0.5,-0.899855,0.0,0.0,0.734512,0.01611328125,0.0029296875,0.05460304432016372,0.002719860288194842,12,Ceiling,931,0.227294921875,0.9999999999999998,2048.0,0.5,False,,,1373636336
11,12,1,0.5,-0.899855,0.0,0.0,0.734512,0.01611328125,0.0029296875,0.05460304432016372,0.002719860288194842,12,Ceiling,1210,0.29541015625,0.9999999999999998,2048.0,0.5,False,,,1373636336
11,12,1,0.5,-0.899855,0.0,0.0,0.734512,0.01611328125,0.0029296875,0.05460304432016372,0.002719860288194842,12,Ceiling,1575,0.384521484375,0.9999999999999998,2048.0,0.5,False,,,1373636336
11,12,1,0.5,-0.899855,0.0,0.0,0.734512,0.01611328125,0.0029296875,0.05460304432016372,0.002719860288194842,12,Ceiling,2048,0.5,0.9999999999999998,2048.0,0.5,False,,,1373636336
1,12,2,0.5,0.494654,0.0,0.0,0.709254,0.193359375,0.00439453125,0.006658435408311902,0.0009868336388757012,2888,BARK,1,0.000244140625,0.0009868336388757012,792.0,0.193359375,True,,,3880812397
1,12,2,0.5,0.494654,0.0,0.0,0.709254,0.193359375,0.00439453125,0.006658435408311902,0.0009868336388757012,2888,BARK,2,0.00048828125,0.0068836057740545775,792.0,0.193359375,True,,,3880812397
1,12,2,0.5,0.494654,0.0,0.0,0.709254,0.193359375,0.00439453125,0.006658435408311902,0.0009868336388757012,2888,BARK,3,0.000732421875,0.01139532179626532,792.0,0.193359375,True,,,3880812397
1,12,2,0.5,0.494654,0.0,0.0,0.709254,0.193359375,0.00439453125,0.006658435408311902,0.0009868336388757012,2888,BARK,4,0.0009765625,0.015533616964826118,792.0,0.193359375,True,,,3880812397
1,12,2,0.5,0.494654,0.0,0.0,0.709254,0.193359375,0.00439453125,0.006658435408311902,0.0009868336388757012,2888,BARK,5,0.001220703125,0.01704913960254308,792.0,0.193359375,True,,,3880812397
1,12,2,0.5,0.494654,0.0,0.0,0.709254,0.193359375,0.00439453125,0.006658435408311902,0.0009868336388757012,2888,BARK,6,0.00146484375,0.01928242756154503,792.0,0.193359375,True,,,3880812397
1,12,2,0.5,0.494654,0.0,0.0,0.709254,0.193359375,0.00439453125,0.006658435408311902,0.0009868336388757012,2888,BARK,8,0.001953125,0.025061152005741313,792.0,0.193359375,True,,,3880812397
1,12,2,0.5,0.494654,0.0,0.0,0.709254,0.193359375,0.00439453125,0.006658435408311902,0.0009868336388757012,2888,BARK,11,0.002685546875,0.03732956539916228,792.0,0.193359375,True,,,3880812397
1,12,2,0.5,0.494654,0.0,0.0,0.709254,0.193359375,0.00439453125,0.006658435408311902,0.0009868336388757012,2888,BARK,14,0.00341796875,0.042508094543103725,792.0,0.193359375,True,,,3880812397
1,12,2,0.5,0.494654,0.0,0.0,0.709254,0.193359375,0.00439453125,0.006658435408311902,0.0009868336388757012,2888,BARK,18,0.00439453125,0.04784334872336777,792.0,0.193359375,True,,,3880812397
1,12,2,0.5,0.494654,0.0,0.0,0.709254,0.193359375,0.00439453125,0.006658435408311902,0.0009868336388757012,2888,BARK,23,0.005615234375,0.051850438219928706,792.0,0.193359375,True,,,3880812397
1,12,2,0.5,0.494654,0.0,0.0,0.709254,0.193359375,0.00439453125,0.006658435408311902,0.0009868336388757012,2888,BARK,31,0.007568359375,0.06099045295180963,792.0,0.193359375,True,,,3880812397
1,12,2,0.5,0.494654,0.0,0.0,0.709254,0.193359375,0.00439453125,0.006658435408311902,0.0009868336388757012,2888,BARK,40,0.009765625,0.07030736626358063,792.0,0.193359375,True,,,3880812397
1,12,2,0.5,0.494654,0.0,0.0,0.709254,0.193359375,0.00439453125,0.006658435408311902,0.0009868336388757012,2888,BARK,52,0.0126953125,0.09641029940327873,792.0,0.193359375,True,,,3880812397
1,12,2,0.5,0.494654,0.0,0.0,0.709254,0.193359375,0.00439453125,0.006658435408311902,0.0009868336388757012,2888,BARK,67,0.016357421875,0.12337826557110206,792.0,0.193359375,True,,,3880812397
1,12,2,0.5,0.494654,0.0,0.0,0.709254,0.193359375,0.00439453125,0.006658435408311902,0.0009868336388757012,2888,BARK,87,0.021240234375,0.14096798965644391,792.0,0.193359375,True,,,3880812397
1,12,2,0.5,0.494654,0.0,0.0,0.709254,0.193359375,0.00439453125,0.006658435408311902,0.0009868336388757012,2888,BARK,114,0.02783203125,0.18059747943154122,792.0,0.193359375,True,,,3880812397
1,12,2,0.5,0.494654,0.0,0.0,0.709254,0.193359375,0.00439453125,0.006658435408311902,0.0009868336388757012,2888,BARK,148,0.0361328125,0.215455326798611,792.0,0.193359375,True,,,3880812397
1,12,2,0.5,0.494654,0.0,0.0,0.709254,0.193359375,0.00439453125,0.006658435408311902,0.0009868336388757012,2888,BARK,192,0.046875,0.2633820002946303,792.0,0.193359375,True,,,3880812397
1,12,2,0.5,0.494654,0.0,0.0,0.709254,0.193359375,0.00439453125,0.006658435408311902,0.0009868336388757012,2888,BARK,250,0.06103515625,0.37981026543062435,792.0,0.193359375,True,,,3880812397
1,12,2,0.5,0.494654,0.0,0.0,0.709254,0.193359375,0.00439453125,0.006658435408311902,0.0009868336388757012,2888,BARK,325,0.079345703125,0.4495142696172931,792.0,0.193359375,True,,,3880812397
1,12,2,0.5,0.494654,0.0,0.0,0.709254,0.193359375,0.00439453125,0.006658435408311902,0.0009868336388757012,2888,BARK,423,0.103271484375,0.5394749439618342,792.0,0.193359375,True,,,3880812397
1,12,2,0.5,0.494654,0.0,0.0,0.709254,0.193359375,0.00439453125,0.006658435408311902,0.0009868336388757012,2888,BARK,550,0.13427734375,0.8227898978029483,792.0,0.193359375,True,,,3880812397
1,12,2,0.5,0.494654,0.0,0.0,0.709254,0.193359375,0.00439453125,0.006658435408311902,0.0009868336388757012,2888,BARK,715,0.174560546875,0.986229531929819,792.0,0.193359375,True,,,3880812397
1,12,2,0.5,0.494654,0.0,0.0,0.709254,0.193359375,0.00439453125,0.006658435408311902,0.0009868336388757012,2888,BARK,931,0.227294921875,1.0000000000000009,792.0,0.193359375,True,,,3880812397
1,12,2,0.5,0.494654,0.0,0.0,0.709254,0.193359375,0.00439453125,0.006658435408311902,0.0009868336388757012,2888,BARK,1210,0.29541015625,1.0000000000000009,792.0,0.193359375,True,,,3880812397
1,12,2,0.5,0.494654,0.0,0.0,0.709254,0.193359375,0.00439453125,0.006658435408311902,0.0009868336388757012,2888,BARK,1575,0.384521484375,1.0000000000000009,792.0,0.193359375,True,,,3880812397
1,12,2,0.5,0.494654,0.0,0.0,0.709254,0.193359375,0.00439453125,0.006658435408311902,0.0009868336388757012,2888,BARK,2048,0.5,1.0000000000000009,792.0,0.193359375,True,,,3880812397
1,12,2,0.5,0.494654,0.0,0.0,0.709254,0.193359375,0.00439453125,0.006658435408311902,0.0009868336388757012,2888,Simplified BARK,1,0.000244140625,0.0009868336388757012,792.0,0.193359375,True,,,3880812397
1,12,2,0.5,0.494654,0.0,0.0,0.709254,0.193359375,0.00439453125,0.006658435408311902,0.0009868336388757012,2888,Simplified BARK,2,0.00048828125,0.0013286255063085458,792.0,0.193359375,True,,,3880812397
1,12,2,0.5,0.494654,0.0,0.0,0.709254,0.193359375,0.00439453125,0.006658435408311902,0.0009868336388757012,2888,Simplified BARK,3,0.000732421875,0.0018823092105032856,792.0,0.193359375,True,,,3880812397
1,12,2,0.5,0.494654,0.0,0.0,0.709254,0.193359375,0.00439453125,0.006658435408311902,0.0009868336388757012,2888,Simplified BARK,4,0.0009765625,0.0024134077832428974,792.0,0.193359375,True,,,3880812397
1,12,2,0.5,0.494654,0.0,0.0,0.709254,0.193359375,0.00439453125,0.006658435408311902,0.0009868336388757012,2888,Simplified BARK,5,0.001220703125,0.002857111526683556,792.0,0.193359375,True,,,3880812397
1,12,2,0.5,0.494654,0.0,0.0,0.709254,0.193359375,0.00439453125,0.006658435408311902,0.0009868336388757012,2888,Simplified BARK,6,0.00146484375,0.003276309547108334,792.0,0.193359375,True,,,3880812397
1,12,2,0.5,0.494654,0.0,0.0,0.709254,0.193359375,0.00439453125,0.006658435408311902,0.0009868336388757012,2888,Simplified BARK,8,0.001953125,0.0038245889945027855,792.0,0.193359375,True,,,3880812397
1,12,2,0.5,0.494654,0.0,0.0,0.709254,0.193359375,0.00439453125,0.006658435408311902,0.0009868336388757012,2888,Simplified BARK,11,0.002685546875,0.0040993996115028805,792.0,0.193359375,True,,,3880812397
1,12,2,0.5,0.494654,0.0,0.0,0.709254,0.193359375,0.00439453125,0.006658435408311902,0.0009868336388757012,2888,Simplified BARK,14,0.00341796875,0.004315128212042365,792.0,0.193359375,True,,,3880812397
1,12,2,0.5,0.494654,0.0,0.0,0.709254,0.193359375,0.00439453125,0.006658435408311902,0.0009868336388757012,2888,Simplified BARK,18,0.00439453125,0.0017848245289481845,792.0,0.193359375,True,,,3880812397
1,12,2,0.5,0.494654,0.0,0.0,0.709254,0.193359375,0.00439453125,0.006658435408311902,0.0009868336388757012,2888,Simplified BARK,23,0.005615234375,0.0030049156085382653,792.0,0.193359375,True,,,3880812397
1,12,2,0.5,0.494654,0.0,0.0,0.709254,0.193359375,0.00439453125,0.006658435408311902,0.0009868336388757012,2888,Simplified BARK,31,0.007568359375,0.005857538122178776,792.0,0.193359375,True,,,3880812397
1,12,2,0.5,0.494654,0.0,0.0,0.709254,0.193359375,0.00439453125,0.006658435408311902,0.0009868336388757012,2888,Simplified BARK,40,0.009765625,0.010906570989162855,792.0,0.193359375,True,,,3880812397
1,12,2,0.5,0.494654,0.0,0.0,0.709254,0.193359375,0.00439453125,0.006658435408311902,0.0009868336388757012,2888,Simplified BARK,52,0.0126953125,0.017222673412646532,792.0,0.193359375,True,,,3880812397
1,12,2,0.5,0.494654,0.0,0.0,0.709254,0.193359375,0.00439453125,0.006658435408311902,0.0009868336388757012,2888,Simplified BARK,67,0.016357421875,0.023999045621905555,792.0,0.193359375,True,,,3880812397
1,12,2,0.5,0.494654,0.0,0.0,0.709254,0.193359375,0.00439453125,0.006658435408311902,0.0009868336388757012,2888,Simplified BARK,87,0.021240234375,0.028708140090542147,792.0,0.193359375,True,,,3880812397
1,12,2,0.5,0.494654,0.0,0.0,0.709254,0.193359375,0.00439453125,0.006658435408311902,0.0009868336388757012,2888,Simplified BARK,114,0.02783203125,0.05610629717810686,792.0,0.193359375,True,,,3880812397
1,12,2,0.5,0.494654,0.0,0.0,0.709254,0.193359375,0.00439453125,0.006658435408311902,0.0009868336388757012,2888,Simplified BARK,148,0.0361328125,0.08295987283120185,792.0,0.193359375,True,,,3880812397
1,12,2,0.5,0.494654,0.0,0.0,0.709254,0.193359375,0.00439453125,0.006658435408311902,0.0009868336388757012,2888,Simplified BARK,192,0.046875,0.2024160595595631,792.0,0.193359375,True,,,3880812397
1,12,2,0.5,0.494654,0.0,0.0,0.709254,0.193359375,0.00439453125,0.006658435408311902,0.0009868336388757012,2888,Simplified BARK,250,0.06103515625,0.24645118991500536,792.0,0.193359375,True,,,3880812397
1,12,2,0.5,0.494654,0.0,0.0,0.709254,0.193359375,0.00439453125,0.006658435408311902,0.0009868336388757012,2888,Simplified BARK,325,0.079345703125,0.3882429580840233,792.0,0.193359375,True,,,3880812397
1,12,2,0.5,0.494654,0.0,0.0,0.709254,0.193359375,0.00439453125,0.006658435408311902,0.0009868336388757012,2888,Simplified BARK,423,0.103271484375,0.5825519218545167,792.0,0.193359375,True,,,3880812397
1,12,2,0.5,0.494654,0.0,0.0,0.709254,0.193359375,0.00439453125,0.006658435408311902,0.0009868336388757012,2888,Simplified BARK,550,0.13427734375,0.696608835019596,792.0,0.193359375,True,,,3880812397
1,12,2,0.5,0.494654,0.0,0.0,0.709254,0.193359375,0.00439453125,0.006658435408311902,0.0009868336388757012,2888,Simplified BARK,715,0.174560546875,0.9592443030202029,792.0,0.193359375,True,,,3880812397
1,12,2,0.5,0.494654,0.0,0.0,0.709254,0.193359375,0.00439453125,0.006658435408311902,0.0009868336388757012,2888,Simplified BARK,931,0.227294921875,1.0000000000000009,792.0,0.193359375,True,,,3880812397
1,12,2,0.5,0.494654,0.0,0.0,0.709254,0.193359375,0.00439453125,0.006658435408311902,0.0009868336388757012,2888,Simplified BARK,1210,0.29541015625,1.0000000000000009,792.0,0.193359375,True,,,3880812397
1,12,2,0.5,0.494654,0.0,0.0,0.709254,0.193359375,0.00439453125,0.006658435408311902,0.0009868336388757012,2888,Simplified BARK,1575,0.384521484375,1.0000000000000009,792.0,0.193359375,True,,,3880812397
1,12,2,0.5,0.494654,0.0,0.0,0.709254,0.193359375,0.00439453125,0.006658435408311902,0.0009868336388757012,2888,Simplified BARK,2048,0.5,1.0000000000000009,792.0,0.193359375,True,,,3880812397
1,12,2,0.5,0.494654,0.0,0.0,0.709254,0.193359375,0.00439453125,0.006658435408311902,0.0009868336388757012,2888,SKQD,1,0.000244140625,0.0009868336388757012,790.6666666666666,0.19303385416666666,True,0.02,1000.0,3880812397
1,12,2,0.5,0.494654,0.0,0.0,0.709254,0.193359375,0.00439453125,0.006658435408311902,0.0009868336388757012,2888,SKQD,2,0.00048828125,0.0011399567220118346,790.6666666666666,0.19303385416666666,True,0.02,1000.0,3880812397
1,12,2,0.5,0.494654,0.0,0.0,0.709254,0.193359375,0.00439453125,0.006658435408311902,0.0009868336388757012,2888,SKQD,3,0.000732421875,0.0011399567220118346,790.6666666666666,0.19303385416666666,True,0.02,1000.0,3880812397
1,12,2,0.5,0.494654,0.0,0.0,0.709254,0.193359375,0.00439453125,0.006658435408311902,0.0009868336388757012,2888,SKQD,4,0.0009765625,0.0011399567220118346,790.6666666666666,0.19303385416666666,True,0.02,1000.0,3880812397
1,12,2,0.5,0.494654,0.0,0.0,0.709254,0.193359375,0.00439453125,0.006658435408311902,0.0009868336388757012,2888,SKQD,5,0.001220703125,0.0036106000278245186,790.6666666666666,0.19303385416666666,True,0.02,1000.0,3880812397
1,12,2,0.5,0.494654,0.0,0.0,0.709254,0.193359375,0.00439453125,0.006658435408311902,0.0009868336388757012,2888,SKQD,6,0.00146484375,0.0036106000278245186,790.6666666666666,0.19303385416666666,True,0.02,1000.0,3880812397
1,12,2,0.5,0.494654,0.0,0.0,0.709254,0.193359375,0.00439453125,0.006658435408311902,0.0009868336388757012,2888,SKQD,8,0.001953125,0.0036106000278245186,790.6666666666666,0.19303385416666666,True,0.02,1000.0,3880812397
1,12,2,0.5,0.494654,0.0,0.0,0.709254,0.193359375,0.00439453125,0.006658435408311902,0.0009868336388757012,2888,SKQD,11,0.002685546875,0.009931621880404506,790.6666666666666,0.19303385416666666,True,0.02,1000.0,3880812397
1,12,2,0.5,0.494654,0.0,0.0,0.709254,0.193359375,0.00439453125,0.006658435408311902,0.0009868336388757012,2888,SKQD,14,0.00341796875,0.010244948788790988,790.6666666666666,0.19303385416666666,True,0.02,1000.0,3880812397
1,12,2,0.5,0.494654,0.0,0.0,0.709254,0.193359375,0.00439453125,0.006658435408311902,0.0009868336388757012,2888,SKQD,18,0.00439453125,0.011627671873486489,790.6666666666666,0.19303385416666666,True,0.02,1000.0,3880812397
1,12,2,0.5,0.494654,0.0,0.0,0.709254,0.193359375,0.00439453125,0.006658435408311902,0.0009868336388757012,2888,SKQD,23,0.005615234375,0.013781196691251751,790.6666666666666,0.19303385416666666,True,0.02,1000.0,3880812397
1,12,2,0.5,0.494654,0.0,0.0,0.709254,0.193359375,0.00439453125,0.006658435408311902,0.0009868336388757012,2888,SKQD,31,0.007568359375,0.018978752174539506,790.6666666666666,0.19303385416666666,True,0.02,1000.0,3880812397
1,12,2,0.5,0.494654,0.0,0.0,0.709254,0.193359375,0.00439453125,0.006658435408311902,0.0009868336388757012,2888,SKQD,40,0.009765625,0.03361757633122712,790.6666666666666,0.19303385416666666,True,0.02,1000.0,3880812397
1,12,2,0.5,0.494654,0.0,0.0,0.709254,0.193359375,0.00439453125,0.006658435408311902,0.0009868336388757012,2888,SKQD,52,0.0126953125,0.04105223645998491,790.6666666666666,0.19303385416666666,True,0.02,1000.0,3880812397
1,12,2,0.5,0.494654,0.0,0.0,0.709254,0.193359375,0.00439453125,0.006658435408311902,0.0009868336388757012,2888,SKQD,67,0.016357421875,0.06093837563727356,790.6666666666666,0.19303385416666666,True,0.02,1000.0,3880812397
1,12,2,0.5,0.494654,0.0,0.0,0.709254,0.193359375,0.00439453125,0.006658435408311902,0.0009868336388757012,2888,SKQD,87,0.021240234375,0.07884481161518343,790.6666666666666,0.19303385416666666,True,0.02,1000.0,3880812397
1,12,2,0.5,0.494654,0.0,0.0,0.709254,0.193359375,0.00439453125,0.006658435408311902,0.0009868336388757012,2888,SKQD,114,0.02783203125,0.11876890968634683,790.6666666666666,0.19303385416666666,True,0.02,1000.0,3880812397
1,12,2,0.5,0.494654,0.0,0.0,0.709254,0.193359375,0.00439453125,0.006658435408311902,0.0009868336388757012,2888,SKQD,148,0.0361328125,0.15225992075318154,790.6666666666666,0.19303385416666666,True,0.02,1000.0,3880812397
1,12,2,0.5,0.494654,0.0,0.0,0.709254,0.193359375,0.00439453125,0.006658435408311902,0.0009868336388757012,2888,SKQD,192,0.046875,0.2067665145174198,790.6666666666666,0.19303385416666666,True,0.02,1000.0,3880812397
1,12,2,0.5,0.494654,0.0,0.0,0.709254,0.193359375,0.00439453125,0.006658435408311902,0.0009868336388757012,2888,SKQD,250,0.06103515625,0.2646599388621355,790.6666666666666,0.19303385416666666,True,0.02,1000.0,3880812397
1,12,2,0.5,0.494654,0.0,0.0,0.709254,0.193359375,0.00439453125,0.006658435408311902,0.0009868336388757012,2888,SKQD,325,0.079345703125,0.3687271355288868,790.6666666666666,0.19303385416666666,True,0.02,1000.0,3880812397
1,12,2,0.5,0.494654,0.0,0.0,0.709254,0.193359375,0.00439453125,0.006658435408311902,0.0009868336388757012,2888,SKQD,423,0.103271484375,0.5025426938080897,790.6666666666666,0.19303385416666666,True,0.02,1000.0,3880812397
1,12,2,0.5,0.494654,0.0,0.0,0.709254,0.193359375,0.00439453125,0.006658435408311902,0.0009868336388757012,2888,SKQD,550,0.13427734375,0.6825281093359653,790.6666666666666,0.19303385416666666,True,0.02,1000.0,3880812397
1,12,2,0.5,0.494654,0.0,0.0,0.709254,0.193359375,0.00439453125,0.006658435408311902,0.0009868336388757012,2888,SKQD,715,0.174560546875,0.9247731766386361,790.6666666666666,0.19303385416666666,True,0.02,1000.0,3880812397
1,12,2,0.5,0.494654,0.0,0.0,0.709254,0.193359375,0.00439453125,0.006658435408311902,0.0009868336388757012,2888,SKQD,931,0.227294921875,0.9998473079247018,790.6666666666666,0.19303385416666666,True,0.02,1000.0,3880812397
1,12,2,0.5,0.494654,0.0,0.0,0.709254,0.193359375,0.00439453125,0.006658435408311902,0.0009868336388757012,2888,SKQD,1210,0.29541015625,0.9998473079247018,790.6666666666666,0.19303385416666666,True,0.02,1000.0,3880812397
1,12,2,0.5,0.494654,0.0,0.0,0.709254,0.193359375,0.00439453125,0.006658435408311902,0.0009868336388757012,2888,SKQD,1575,0.384521484375,0.9998473079247018,790.6666666666666,0.19303385416666666,True,0.02,1000.0,3880812397
1,12,2,0.5,0.494654,0.0,0.0,0.709254,0.193359375,0.00439453125,0.006658435408311902,0.0009868336388757012,2888,SKQD,2048,0.5,0.9998473079247018,790.6666666666666,0.19303385416666666,True,0.02,1000.0,3880812397
1,12,2,0.5,0.494654,0.0,0.0,0.709254,0.193359375,0.00439453125,0.006658435408311902,0.0009868336388757012,2888,Ceiling,1,0.000244140625,0.01500280532209317,2048.0,0.5,False,,,3880812397
1,12,2,0.5,0.494654,0.0,0.0,0.709254,0.193359375,0.00439453125,0.006658435408311902,0.0009868336388757012,2888,Ceiling,2,0.00048828125,0.030005610644186328,2048.0,0.5,False,,,3880812397
1,12,2,0.5,0.494654,0.0,0.0,0.709254,0.193359375,0.00439453125,0.006658435408311902,0.0009868336388757012,2888,Ceiling,3,0.000732421875,0.04326898109059288,2048.0,0.5,False,,,3880812397
1,12,2,0.5,0.494654,0.0,0.0,0.709254,0.193359375,0.00439453125,0.006658435408311902,0.0009868336388757012,2888,Ceiling,4,0.0009765625,0.056532351536999426,2048.0,0.5,False,,,3880812397
1,12,2,0.5,0.494654,0.0,0.0,0.709254,0.193359375,0.00439453125,0.006658435408311902,0.0009868336388757012,2888,Ceiling,5,0.001220703125,0.06979572198340597,2048.0,0.5,False,,,3880812397
1,12,2,0.5,0.494654,0.0,0.0,0.709254,0.193359375,0.00439453125,0.006658435408311902,0.0009868336388757012,2888,Ceiling,6,0.00146484375,0.08305909242981248,2048.0,0.5,False,,,3880812397
1,12,2,0.5,0.494654,0.0,0.0,0.709254,0.193359375,0.00439453125,0.006658435408311902,0.0009868336388757012,2888,Ceiling,8,0.001953125,0.10088539443487589,2048.0,0.5,False,,,3880812397
1,12,2,0.5,0.494654,0.0,0.0,0.709254,0.193359375,0.00439453125,0.006658435408311902,0.0009868336388757012,2888,Ceiling,11,0.002685546875,0.1267270392641582,2048.0,0.5,False,,,3880812397
1,12,2,0.5,0.494654,0.0,0.0,0.709254,0.193359375,0.00439453125,0.006658435408311902,0.0009868336388757012,2888,Ceiling,14,0.00341796875,0.150773067736815,2048.0,0.5,False,,,3880812397
1,12,2,0.5,0.494654,0.0,0.0,0.709254,0.193359375,0.00439453125,0.006658435408311902,0.0009868336388757012,2888,Ceiling,18,0.00439453125,0.1774431994084159,2048.0,0.5,False,,,3880812397
1,12,2,0.5,0.494654,0.0,0.0,0.709254,0.193359375,0.00439453125,0.006658435408311902,0.0009868336388757012,2888,Ceiling,23,0.005615234375,0.20712541550769167,2048.0,0.5,False,,,3880812397
1,12,2,0.5,0.494654,0.0,0.0,0.709254,0.193359375,0.00439453125,0.006658435408311902,0.0009868336388757012,2888,Ceiling,31,0.007568359375,0.2496057322641379,2048.0,0.5,False,,,3880812397
1,12,2,0.5,0.494654,0.0,0.0,0.709254,0.193359375,0.00439453125,0.006658435408311902,0.0009868336388757012,2888,Ceiling,40,0.009765625,0.29156935361689457,2048.0,0.5,False,,,3880812397
1,12,2,0.5,0.494654,0.0,0.0,0.709254,0.193359375,0.00439453125,0.006658435408311902,0.0009868336388757012,2888,Ceiling,52,0.0126953125,0.3389925982521317,2048.0,0.5,False,,,3880812397
1,12,2,0.5,0.494654,0.0,0.0,0.709254,0.193359375,0.00439453125,0.006658435408311902,0.0009868336388757012,2888,Ceiling,67,0.016357421875,0.38863571585762313,2048.0,0.5,False,,,3880812397
1,12,2,0.5,0.494654,0.0,0.0,0.709254,0.193359375,0.00439453125,0.006658435408311902,0.0009868336388757012,2888,Ceiling,87,0.021240234375,0.44993183601516457,2048.0,0.5,False,,,3880812397
1,12,2,0.5,0.494654,0.0,0.0,0.709254,0.193359375,0.00439453125,0.006658435408311902,0.0009868336388757012,2888,Ceiling,114,0.02783203125,0.5191654630199566,2048.0,0.5,False,,,3880812397
1,12,2,0.5,0.494654,0.0,0.0,0.709254,0.193359375,0.00439453125,0.006658435408311902,0.0009868336388757012,2888,Ceiling,148,0.0361328125,0.5950232956971061,2048.0,0.5,False,,,3880812397
1,12,2,0.5,0.494654,0.0,0.0,0.709254,0.193359375,0.00439453125,0.006658435408311902,0.0009868336388757012,2888,Ceiling,192,0.046875,0.6744748465223536,2048.0,0.5,False,,,3880812397
1,12,2,0.5,0.494654,0.0,0.0,0.709254,0.193359375,0.00439453125,0.006658435408311902,0.0009868336388757012,2888,Ceiling,250,0.06103515625,0.7582003281617222,2048.0,0.5,False,,,3880812397
1,12,2,0.5,0.494654,0.0,0.0,0.709254,0.193359375,0.00439453125,0.006658435408311902,0.0009868336388757012,2888,Ceiling,325,0.079345703125,0.8436889528615895,2048.0,0.5,False,,,3880812397
1,12,2,0.5,0.494654,0.0,0.0,0.709254,0.193359375,0.00439453125,0.006658435408311902,0.0009868336388757012,2888,Ceiling,423,0.103271484375,0.9127965980738951,2048.0,0.5,False,,,3880812397
1,12,2,0.5,0.494654,0.0,0.0,0.709254,0.193359375,0.00439453125,0.006658435408311902,0.0009868336388757012,2888,Ceiling,550,0.13427734375,0.9675992451621096,2048.0,0.5,False,,,3880812397
1,12,2,0.5,0.494654,0.0,0.0,0.709254,0.193359375,0.00439453125,0.006658435408311902,0.0009868336388757012,2888,Ceiling,715,0.174560546875,0.9975744083772924,2048.0,0.5,False,,,3880812397
1,12,2,0.5,0.494654,0.0,0.0,0.709254,0.193359375,0.00439453125,0.006658435408311902,0.0009868336388757012,2888,Ceiling,931,0.227294921875,0.9999999999999984,2048.0,0.5,False,,,3880812397
1,12,2,0.5,0.494654,0.0,0.0,0.709254,0.193359375,0.00439453125,0.006658435408311902,0.0009868336388757012,2888,Ceiling,1210,0.29541015625,0.9999999999999984,2048.0,0.5,False,,,3880812397
1,12,2,0.5,0.494654,0.0,0.0,0.709254,0.193359375,0.00439453125,0.006658435408311902,0.0009868336388757012,2888,Ceiling,1575,0.384521484375,0.9999999999999984,2048.0,0.5,False,,,3880812397
1,12,2,0.5,0.494654,0.0,0.0,0.709254,0.193359375,0.00439453125,0.006658435408311902,0.0009868336388757012,2888,Ceiling,2048,0.5,0.9999999999999984,2048.0,0.5,False,,,3880812397
1,12,2,0.5,0.494654,0.0,0.0,0.709254,0.193359375,0.00439453125,0.006658435408311902,0.0005012657384987426,1126,BARK,1,0.000244140625,0.0005012657384987426,792.0,0.193359375,True,,,3880812397
1,12,2,0.5,0.494654,0.0,0.0,0.709254,0.193359375,0.00439453125,0.006658435408311902,0.0005012657384987426,1126,BARK,2,0.00048828125,0.0036985334941122545,792.0,0.193359375,True,,,3880812397
1,12,2,0.5,0.494654,0.0,0.0,0.709254,0.193359375,0.00439453125,0.006658435408311902,0.0005012657384987426,1126,BARK,3,0.000732421875,0.01685827670554516,792.0,0.193359375,True,,,3880812397
1,12,2,0.5,0.494654,0.0,0.0,0.709254,0.193359375,0.00439453125,0.006658435408311902,0.0005012657384987426,1126,BARK,4,0.0009765625,0.030160245657947303,792.0,0.193359375,True,,,3880812397
1,12,2,0.5,0.494654,0.0,0.0,0.709254,0.193359375,0.00439453125,0.006658435408311902,0.0005012657384987426,1126,BARK,5,0.001220703125,0.039683138931822945,792.0,0.193359375,True,,,3880812397
1,12,2,0.5,0.494654,0.0,0.0,0.709254,0.193359375,0.00439453125,0.006658435408311902,0.0005012657384987426,1126,BARK,6,0.00146484375,0.04403065894429429,792.0,0.193359375,True,,,3880812397
1,12,2,0.5,0.494654,0.0,0.0,0.709254,0.193359375,0.00439453125,0.006658435408311902,0.0005012657384987426,1126,BARK,8,0.001953125,0.05278711713512662,792.0,0.193359375,True,,,3880812397
1,12,2,0.5,0.494654,0.0,0.0,0.709254,0.193359375,0.00439453125,0.006658435408311902,0.0005012657384987426,1126,BARK,11,0.002685546875,0.0802650348569813,792.0,0.193359375,True,,,3880812397
1,12,2,0.5,0.494654,0.0,0.0,0.709254,0.193359375,0.00439453125,0.006658435408311902,0.0005012657384987426,1126,BARK,14,0.00341796875,0.0939461596816311,792.0,0.193359375,True,,,3880812397
1,12,2,0.5,0.494654,0.0,0.0,0.709254,0.193359375,0.00439453125,0.006658435408311902,0.0005012657384987426,1126,BARK,18,0.00439453125,0.10321362562026236,792.0,0.193359375,True,,,3880812397
1,12,2,0.5,0.494654,0.0,0.0,0.709254,0.193359375,0.00439453125,0.006658435408311902,0.0005012657384987426,1126,BARK,23,0.005615234375,0.10953378284800143,792.0,0.193359375,True,,,3880812397
1,12,2,0.5,0.494654,0.0,0.0,0.709254,0.193359375,0.00439453125,0.006658435408311902,0.0005012657384987426,1126,BARK,31,0.007568359375,0.1385937070549149,792.0,0.193359375,True,,,3880812397
1,12,2,0.5,0.494654,0.0,0.0,0.709254,0.193359375,0.00439453125,0.006658435408311902,0.0005012657384987426,1126,BARK,40,0.009765625,0.15997069985129933,792.0,0.193359375,True,,,3880812397
1,12,2,0.5,0.494654,0.0,0.0,0.709254,0.193359375,0.00439453125,0.006658435408311902,0.0005012657384987426,1126,BARK,52,0.0126953125,0.18682759644968633,792.0,0.193359375,True,,,3880812397
1,12,2,0.5,0.494654,0.0,0.0,0.709254,0.193359375,0.00439453125,0.006658435408311902,0.0005012657384987426,1126,BARK,67,0.016357421875,0.219439375321914,792.0,0.193359375,True,,,3880812397
1,12,2,0.5,0.494654,0.0,0.0,0.709254,0.193359375,0.00439453125,0.006658435408311902,0.0005012657384987426,1126,BARK,87,0.021240234375,0.25593778053754623,792.0,0.193359375,True,,,3880812397
1,12,2,0.5,0.494654,0.0,0.0,0.709254,0.193359375,0.00439453125,0.006658435408311902,0.0005012657384987426,1126,BARK,114,0.02783203125,0.3094107382564507,792.0,0.193359375,True,,,3880812397
1,12,2,0.5,0.494654,0.0,0.0,0.709254,0.193359375,0.00439453125,0.006658435408311902,0.0005012657384987426,1126,BARK,148,0.0361328125,0.3679920413660715,792.0,0.193359375,True,,,3880812397
1,12,2,0.5,0.494654,0.0,0.0,0.709254,0.193359375,0.00439453125,0.006658435408311902,0.0005012657384987426,1126,BARK,192,0.046875,0.4454895024109394,792.0,0.193359375,True,,,3880812397
1,12,2,0.5,0.494654,0.0,0.0,0.709254,0.193359375,0.00439453125,0.006658435408311902,0.0005012657384987426,1126,BARK,250,0.06103515625,0.5328578332178623,792.0,0.193359375,True,,,3880812397
1,12,2,0.5,0.494654,0.0,0.0,0.709254,0.193359375,0.00439453125,0.006658435408311902,0.0005012657384987426,1126,BARK,325,0.079345703125,0.6528101614827175,792.0,0.193359375,True,,,3880812397
1,12,2,0.5,0.494654,0.0,0.0,0.709254,0.193359375,0.00439453125,0.006658435408311902,0.0005012657384987426,1126,BARK,423,0.103271484375,0.7864054964471792,792.0,0.193359375,True,,,3880812397
1,12,2,0.5,0.494654,0.0,0.0,0.709254,0.193359375,0.00439453125,0.006658435408311902,0.0005012657384987426,1126,BARK,550,0.13427734375,0.9073857086357657,792.0,0.193359375,True,,,3880812397
1,12,2,0.5,0.494654,0.0,0.0,0.709254,0.193359375,0.00439453125,0.006658435408311902,0.0005012657384987426,1126,BARK,715,0.174560546875,0.9826839907772027,792.0,0.193359375,True,,,3880812397
1,12,2,0.5,0.494654,0.0,0.0,0.709254,0.193359375,0.00439453125,0.006658435408311902,0.0005012657384987426,1126,BARK,931,0.227294921875,1.0000000000000009,792.0,0.193359375,True,,,3880812397
1,12,2,0.5,0.494654,0.0,0.0,0.709254,0.193359375,0.00439453125,0.006658435408311902,0.0005012657384987426,1126,BARK,1210,0.29541015625,1.0000000000000009,792.0,0.193359375,True,,,3880812397
1,12,2,0.5,0.494654,0.0,0.0,0.709254,0.193359375,0.00439453125,0.006658435408311902,0.0005012657384987426,1126,BARK,1575,0.384521484375,1.0000000000000009,792.0,0.193359375,True,,,3880812397
1,12,2,0.5,0.494654,0.0,0.0,0.709254,0.193359375,0.00439453125,0.006658435408311902,0.0005012657384987426,1126,BARK,2048,0.5,1.0000000000000009,792.0,0.193359375,True,,,3880812397
1,12,2,0.5,0.494654,0.0,0.0,0.709254,0.193359375,0.00439453125,0.006658435408311902,0.0005012657384987426,1126,Simplified BARK,1,0.000244140625,0.0005012657384987426,792.0,0.193359375,True,,,3880812397
1,12,2,0.5,0.494654,0.0,0.0,0.709254,0.193359375,0.00439453125,0.006658435408311902,0.0005012657384987426,1126,Simplified BARK,2,0.00048828125,0.0010025314769974872,792.0,0.193359375,True,,,3880812397
1,12,2,0.5,0.494654,0.0,0.0,0.709254,0.193359375,0.00439453125,0.006658435408311902,0.0005012657384987426,1126,Simplified BARK,3,0.000732421875,0.0015667021478868823,792.0,0.193359375,True,,,3880812397
1,12,2,0.5,0.494654,0.0,0.0,0.709254,0.193359375,0.00439453125,0.006658435408311902,0.0005012657384987426,1126,Simplified BARK,4,0.0009765625,0.0018464558224633365,792.0,0.193359375,True,,,3880812397
1,12,2,0.5,0.494654,0.0,0.0,0.709254,0.193359375,0.00439453125,0.006658435408311902,0.0005012657384987426,1126,Simplified BARK,5,0.001220703125,0.001901420087662755,792.0,0.193359375,True,,,3880812397
1,12,2,0.5,0.494654,0.0,0.0,0.709254,0.193359375,0.00439453125,0.006658435408311902,0.0005012657384987426,1126,Simplified BARK,6,0.00146484375,0.0019365736484535144,792.0,0.193359375,True,,,3880812397
1,12,2,0.5,0.494654,0.0,0.0,0.709254,0.193359375,0.00439453125,0.006658435408311902,0.0005012657384987426,1126,Simplified BARK,8,0.001953125,0.0019502150885299684,792.0,0.193359375,True,,,3880812397
1,12,2,0.5,0.494654,0.0,0.0,0.709254,0.193359375,0.00439453125,0.006658435408311902,0.0005012657384987426,1126,Simplified BARK,11,0.002685546875,0.0020311472667632587,792.0,0.193359375,True,,,3880812397
1,12,2,0.5,0.494654,0.0,0.0,0.709254,0.193359375,0.00439453125,0.006658435408311902,0.0005012657384987426,1126,Simplified BARK,14,0.00341796875,0.0008324897187210362,792.0,0.193359375,True,,,3880812397
1,12,2,0.5,0.494654,0.0,0.0,0.709254,0.193359375,0.00439453125,0.006658435408311902,0.0005012657384987426,1126,Simplified BARK,18,0.00439453125,0.002160999203142511,792.0,0.193359375,True,,,3880812397
1,12,2,0.5,0.494654,0.0,0.0,0.709254,0.193359375,0.00439453125,0.006658435408311902,0.0005012657384987426,1126,Simplified BARK,23,0.005615234375,0.004709621511688417,792.0,0.193359375,True,,,3880812397
1,12,2,0.5,0.494654,0.0,0.0,0.709254,0.193359375,0.00439453125,0.006658435408311902,0.0005012657384987426,1126,Simplified BARK,31,0.007568359375,0.005928103593899557,792.0,0.193359375,True,,,3880812397
1,12,2,0.5,0.494654,0.0,0.0,0.709254,0.193359375,0.00439453125,0.006658435408311902,0.0005012657384987426,1126,Simplified BARK,40,0.009765625,0.010977424522629751,792.0,0.193359375,True,,,3880812397
1,12,2,0.5,0.494654,0.0,0.0,0.709254,0.193359375,0.00439453125,0.006658435408311902,0.0005012657384987426,1126,Simplified BARK,52,0.0126953125,0.017201381551323842,792.0,0.193359375,True,,,3880812397
1,12,2,0.5,0.494654,0.0,0.0,0.709254,0.193359375,0.00439453125,0.006658435408311902,0.0005012657384987426,1126,Simplified BARK,67,0.016357421875,0.023924928366471133,792.0,0.193359375,True,,,3880812397
1,12,2,0.5,0.494654,0.0,0.0,0.709254,0.193359375,0.00439453125,0.006658435408311902,0.0005012657384987426,1126,Simplified BARK,87,0.021240234375,0.03286331732681871,792.0,0.193359375,True,,,3880812397
1,12,2,0.5,0.494654,0.0,0.0,0.709254,0.193359375,0.00439453125,0.006658435408311902,0.0005012657384987426,1126,Simplified BARK,114,0.02783203125,0.05680337902516575,792.0,0.193359375,True,,,3880812397
1,12,2,0.5,0.494654,0.0,0.0,0.709254,0.193359375,0.00439453125,0.006658435408311902,0.0005012657384987426,1126,Simplified BARK,148,0.0361328125,0.08302404192375265,792.0,0.193359375,True,,,3880812397
1,12,2,0.5,0.494654,0.0,0.0,0.709254,0.193359375,0.00439453125,0.006658435408311902,0.0005012657384987426,1126,Simplified BARK,192,0.046875,0.20511001150993466,792.0,0.193359375,True,,,3880812397
1,12,2,0.5,0.494654,0.0,0.0,0.709254,0.193359375,0.00439453125,0.006658435408311902,0.0005012657384987426,1126,Simplified BARK,250,0.06103515625,0.24832844974083632,792.0,0.193359375,True,,,3880812397
1,12,2,0.5,0.494654,0.0,0.0,0.709254,0.193359375,0.00439453125,0.006658435408311902,0.0005012657384987426,1126,Simplified BARK,325,0.079345703125,0.3888242463759668,792.0,0.193359375,True,,,3880812397
1,12,2,0.5,0.494654,0.0,0.0,0.709254,0.193359375,0.00439453125,0.006658435408311902,0.0005012657384987426,1126,Simplified BARK,423,0.103271484375,0.5854540579870054,792.0,0.193359375,True,,,3880812397
1,12,2,0.5,0.494654,0.0,0.0,0.709254,0.193359375,0.00439453125,0.006658435408311902,0.0005012657384987426,1126,Simplified BARK,550,0.13427734375,0.6965721626962121,792.0,0.193359375,True,,,3880812397
1,12,2,0.5,0.494654,0.0,0.0,0.709254,0.193359375,0.00439453125,0.006658435408311902,0.0005012657384987426,1126,Simplified BARK,715,0.174560546875,0.9592443030202029,792.0,0.193359375,True,,,3880812397
1,12,2,0.5,0.494654,0.0,0.0,0.709254,0.193359375,0.00439453125,0.006658435408311902,0.0005012657384987426,1126,Simplified BARK,931,0.227294921875,1.0000000000000013,792.0,0.193359375,True,,,3880812397
1,12,2,0.5,0.494654,0.0,0.0,0.709254,0.193359375,0.00439453125,0.006658435408311902,0.0005012657384987426,1126,Simplified BARK,1210,0.29541015625,1.0000000000000013,792.0,0.193359375,True,,,3880812397
1,12,2,0.5,0.494654,0.0,0.0,0.709254,0.193359375,0.00439453125,0.006658435408311902,0.0005012657384987426,1126,Simplified BARK,1575,0.384521484375,1.0000000000000013,792.0,0.193359375,True,,,3880812397
1,12,2,0.5,0.494654,0.0,0.0,0.709254,0.193359375,0.00439453125,0.006658435408311902,0.0005012657384987426,1126,Simplified BARK,2048,0.5,1.0000000000000013,792.0,0.193359375,True,,,3880812397
1,12,2,0.5,0.494654,0.0,0.0,0.709254,0.193359375,0.00439453125,0.006658435408311902,0.0005012657384987426,1126,SKQD,1,0.000244140625,0.0005012657384987426,792.0,0.193359375,True,0.02,1000.0,3880812397
1,12,2,0.5,0.494654,0.0,0.0,0.709254,0.193359375,0.00439453125,0.006658435408311902,0.0005012657384987426,1126,SKQD,2,0.00048828125,0.0005012657384987426,792.0,0.193359375,True,0.02,1000.0,3880812397
1,12,2,0.5,0.494654,0.0,0.0,0.709254,0.193359375,0.00439453125,0.006658435408311902,0.0005012657384987426,1126,SKQD,3,0.000732421875,0.0026556426063685354,792.0,0.193359375,True,0.02,1000.0,3880812397
1,12,2,0.5,0.494654,0.0,0.0,0.709254,0.193359375,0.00439453125,0.006658435408311902,0.0005012657384987426,1126,SKQD,4,0.0009765625,0.0026556426063685354,792.0,0.193359375,True,0.02,1000.0,3880812397
1,12,2,0.5,0.494654,0.0,0.0,0.709254,0.193359375,0.00439453125,0.006658435408311902,0.0005012657384987426,1126,SKQD,5,0.001220703125,0.004839729809303357,792.0,0.193359375,True,0.02,1000.0,3880812397
1,12,2,0.5,0.494654,0.0,0.0,0.709254,0.193359375,0.00439453125,0.006658435408311902,0.0005012657384987426,1126,SKQD,6,0.00146484375,0.006693192993958736,792.0,0.193359375,True,0.02,1000.0,3880812397
1,12,2,0.5,0.494654,0.0,0.0,0.709254,0.193359375,0.00439453125,0.006658435408311902,0.0005012657384987426,1126,SKQD,8,0.001953125,0.009270350601551144,792.0,0.193359375,True,0.02,1000.0,3880812397
1,12,2,0.5,0.494654,0.0,0.0,0.709254,0.193359375,0.00439453125,0.006658435408311902,0.0005012657384987426,1126,SKQD,11,0.002685546875,0.010918581783610715,792.0,0.193359375,True,0.02,1000.0,3880812397
1,12,2,0.5,0.494654,0.0,0.0,0.709254,0.193359375,0.00439453125,0.006658435408311902,0.0005012657384987426,1126,SKQD,14,0.00341796875,0.012991175515198872,792.0,0.193359375,True,0.02,1000.0,3880812397
1,12,2,0.5,0.494654,0.0,0.0,0.709254,0.193359375,0.00439453125,0.006658435408311902,0.0005012657384987426,1126,SKQD,18,0.00439453125,0.01723801366623851,792.0,0.193359375,True,0.02,1000.0,3880812397
1,12,2,0.5,0.494654,0.0,0.0,0.709254,0.193359375,0.00439453125,0.006658435408311902,0.0005012657384987426,1126,SKQD,23,0.005615234375,0.023624049422786998,792.0,0.193359375,True,0.02,1000.0,3880812397
1,12,2,0.5,0.494654,0.0,0.0,0.709254,0.193359375,0.00439453125,0.006658435408311902,0.0005012657384987426,1126,SKQD,31,0.007568359375,0.03495722938810871,792.0,0.193359375,True,0.02,1000.0,3880812397
1,12,2,0.5,0.494654,0.0,0.0,0.709254,0.193359375,0.00439453125,0.006658435408311902,0.0005012657384987426,1126,SKQD,40,0.009765625,0.05350812472557034,792.0,0.193359375,True,0.02,1000.0,3880812397
1,12,2,0.5,0.494654,0.0,0.0,0.709254,0.193359375,0.00439453125,0.006658435408311902,0.0005012657384987426,1126,SKQD,52,0.0126953125,0.07926386424160724,792.0,0.193359375,True,0.02,1000.0,3880812397
1,12,2,0.5,0.494654,0.0,0.0,0.709254,0.193359375,0.00439453125,0.006658435408311902,0.0005012657384987426,1126,SKQD,67,0.016357421875,0.10027523136811317,792.0,0.193359375,True,0.02,1000.0,3880812397
1,12,2,0.5,0.494654,0.0,0.0,0.709254,0.193359375,0.00439453125,0.006658435408311902,0.0005012657384987426,1126,SKQD,87,0.021240234375,0.13794821723260975,792.0,0.193359375,True,0.02,1000.0,3880812397
1,12,2,0.5,0.494654,0.0,0.0,0.709254,0.193359375,0.00439453125,0.006658435408311902,0.0005012657384987426,1126,SKQD,114,0.02783203125,0.18436926426159694,792.0,0.193359375,True,0.02,1000.0,3880812397
1,12,2,0.5,0.494654,0.0,0.0,0.709254,0.193359375,0.00439453125,0.006658435408311902,0.0005012657384987426,1126,SKQD,148,0.0361328125,0.22708982997698535,792.0,0.193359375,True,0.02,1000.0,3880812397
1,12,2,0.5,0.494654,0.0,0.0,0.709254,0.193359375,0.00439453125,0.006658435408311902,0.0005012657384987426,1126,SKQD,192,0.046875,0.29975982736037116,792.0,0.193359375,True,0.02,1000.0,3880812397
1,12,2,0.5,0.494654,0.0,0.0,0.709254,0.193359375,0.00439453125,0.006658435408311902,0.0005012657384987426,1126,SKQD,250,0.06103515625,0.373699212560573,792.0,0.193359375,True,0.02,1000.0,3880812397
1,12,2,0.5,0.494654,0.0,0.0,0.709254,0.193359375,0.00439453125,0.006658435408311902,0.0005012657384987426,1126,SKQD,325,0.079345703125,0.47834928347226263,792.0,0.193359375,True,0.02,1000.0,3880812397
1,12,2,0.5,0.494654,0.0,0.0,0.709254,0.193359375,0.00439453125,0.006658435408311902,0.0005012657384987426,1126,SKQD,423,0.103271484375,0.6059726039259975,792.0,0.193359375,True,0.02,1000.0,3880812397
1,12,2,0.5,0.494654,0.0,0.0,0.709254,0.193359375,0.00439453125,0.006658435408311902,0.0005012657384987426,1126,SKQD,550,0.13427734375,0.7557839035929378,792.0,0.193359375,True,0.02,1000.0,3880812397
1,12,2,0.5,0.494654,0.0,0.0,0.709254,0.193359375,0.00439453125,0.006658435408311902,0.0005012657384987426,1126,SKQD,715,0.174560546875,0.9185426279135331,792.0,0.193359375,True,0.02,1000.0,3880812397
1,12,2,0.5,0.494654,0.0,0.0,0.709254,0.193359375,0.00439453125,0.006658435408311902,0.0005012657384987426,1126,SKQD,931,0.227294921875,1.0000000000000004,792.0,0.193359375,True,0.02,1000.0,3880812397
1,12,2,0.5,0.494654,0.0,0.0,0.709254,0.193359375,0.00439453125,0.006658435408311902,0.0005012657384987426,1126,SKQD,1210,0.29541015625,1.0000000000000004,792.0,0.193359375,True,0.02,1000.0,3880812397
1,12,2,0.5,0.494654,0.0,0.0,0.709254,0.193359375,0.00439453125,0.006658435408311902,0.0005012657384987426,1126,SKQD,1575,0.384521484375,1.0000000000000004,792.0,0.193359375,True,0.02,1000.0,3880812397
1,12,2,0.5,0.494654,0.0,0.0,0.709254,0.193359375,0.00439453125,0.006658435408311902,0.0005012657384987426,1126,SKQD,2048,0.5,1.0000000000000004,792.0,0.193359375,True,0.02,1000.0,3880812397
1,12,2,0.5,0.494654,0.0,0.0,0.709254,0.193359375,0.00439453125,0.006658435408311902,0.0005012657384987426,1126,Ceiling,1,0.000244140625,0.01500280532209317,2048.0,0.5,False,,,3880812397
1,12,2,0.5,0.494654,0.0,0.0,0.709254,0.193359375,0.00439453125,0.006658435408311902,0.0005012657384987426,1126,Ceiling,2,0.00048828125,0.030005610644186328,2048.0,0.5,False,,,3880812397
1,12,2,0.5,0.494654,0.0,0.0,0.709254,0.193359375,0.00439453125,0.006658435408311902,0.0005012657384987426,1126,Ceiling,3,0.000732421875,0.04326898109059288,2048.0,0.5,False,,,3880812397
1,12,2,0.5,0.494654,0.0,0.0,0.709254,0.193359375,0.00439453125,0.006658435408311902,0.0005012657384987426,1126,Ceiling,4,0.0009765625,0.056532351536999426,2048.0,0.5,False,,,3880812397
1,12,2,0.5,0.494654,0.0,0.0,0.709254,0.193359375,0.00439453125,0.006658435408311902,0.0005012657384987426,1126,Ceiling,5,0.001220703125,0.06979572198340597,2048.0,0.5,False,,,3880812397
1,12,2,0.5,0.494654,0.0,0.0,0.709254,0.193359375,0.00439453125,0.006658435408311902,0.0005012657384987426,1126,Ceiling,6,0.00146484375,0.08305909242981248,2048.0,0.5,False,,,3880812397
1,12,2,0.5,0.494654,0.0,0.0,0.709254,0.193359375,0.00439453125,0.006658435408311902,0.0005012657384987426,1126,Ceiling,8,0.001953125,0.10088539443487589,2048.0,0.5,False,,,3880812397
1,12,2,0.5,0.494654,0.0,0.0,0.709254,0.193359375,0.00439453125,0.006658435408311902,0.0005012657384987426,1126,Ceiling,11,0.002685546875,0.1267270392641582,2048.0,0.5,False,,,3880812397
1,12,2,0.5,0.494654,0.0,0.0,0.709254,0.193359375,0.00439453125,0.006658435408311902,0.0005012657384987426,1126,Ceiling,14,0.00341796875,0.150773067736815,2048.0,0.5,False,,,3880812397
1,12,2,0.5,0.494654,0.0,0.0,0.709254,0.193359375,0.00439453125,0.006658435408311902,0.0005012657384987426,1126,Ceiling,18,0.00439453125,0.1774431994084159,2048.0,0.5,False,,,3880812397
1,12,2,0.5,0.494654,0.0,0.0,0.709254,0.193359375,0.00439453125,0.006658435408311902,0.0005012657384987426,1126,Ceiling,23,0.005615234375,0.20712541550769167,2048.0,0.5,False,,,3880812397
1,12,2,0.5,0.494654,0.0,0.0,0.709254,0.193359375,0.00439453125,0.006658435408311902,0.0005012657384987426,1126,Ceiling,31,0.007568359375,0.2496057322641379,2048.0,0.5,False,,,3880812397
1,12,2,0.5,0.494654,0.0,0.0,0.709254,0.193359375,0.00439453125,0.006658435408311902,0.0005012657384987426,1126,Ceiling,40,0.009765625,0.29156935361689457,2048.0,0.5,False,,,3880812397
1,12,2,0.5,0.494654,0.0,0.0,0.709254,0.193359375,0.00439453125,0.006658435408311902,0.0005012657384987426,1126,Ceiling,52,0.0126953125,0.3389925982521317,2048.0,0.5,False,,,3880812397
1,12,2,0.5,0.494654,0.0,0.0,0.709254,0.193359375,0.00439453125,0.006658435408311902,0.0005012657384987426,1126,Ceiling,67,0.016357421875,0.38863571585762313,2048.0,0.5,False,,,3880812397
1,12,2,0.5,0.494654,0.0,0.0,0.709254,0.193359375,0.00439453125,0.006658435408311902,0.0005012657384987426,1126,Ceiling,87,0.021240234375,0.44993183601516457,2048.0,0.5,False,,,3880812397
1,12,2,0.5,0.494654,0.0,0.0,0.709254,0.193359375,0.00439453125,0.006658435408311902,0.0005012657384987426,1126,Ceiling,114,0.02783203125,0.5191654630199566,2048.0,0.5,False,,,3880812397
1,12,2,0.5,0.494654,0.0,0.0,0.709254,0.193359375,0.00439453125,0.006658435408311902,0.0005012657384987426,1126,Ceiling,148,0.0361328125,0.5950232956971061,2048.0,0.5,False,,,3880812397
1,12,2,0.5,0.494654,0.0,0.0,0.709254,0.193359375,0.00439453125,0.006658435408311902,0.0005012657384987426,1126,Ceiling,192,0.046875,0.6744748465223536,2048.0,0.5,False,,,3880812397
1,12,2,0.5,0.494654,0.0,0.0,0.709254,0.193359375,0.00439453125,0.006658435408311902,0.0005012657384987426,1126,Ceiling,250,0.06103515625,0.7582003281617222,2048.0,0.5,False,,,3880812397
1,12,2,0.5,0.494654,0.0,0.0,0.709254,0.193359375,0.00439453125,0.006658435408311902,0.0005012657384987426,1126,Ceiling,325,0.079345703125,0.8436889528615895,2048.0,0.5,False,,,3880812397
1,12,2,0.5,0.494654,0.0,0.0,0.709254,0.193359375,0.00439453125,0.006658435408311902,0.0005012657384987426,1126,Ceiling,423,0.103271484375,0.9127965980738951,2048.0,0.5,False,,,3880812397
1,12,2,0.5,0.494654,0.0,0.0,0.709254,0.193359375,0.00439453125,0.006658435408311902,0.0005012657384987426,1126,Ceiling,550,0.13427734375,0.9675992451621096,2048.0,0.5,False,,,3880812397
1,12,2,0.5,0.494654,0.0,0.0,0.709254,0.193359375,0.00439453125,0.006658435408311902,0.0005012657384987426,1126,Ceiling,715,0.174560546875,0.9975744083772924,2048.0,0.5,False,,,3880812397
1,12,2,0.5,0.494654,0.0,0.0,0.709254,0.193359375,0.00439453125,0.006658435408311902,0.0005012657384987426,1126,Ceiling,931,0.227294921875,0.9999999999999984,2048.0,0.5,False,,,3880812397
1,12,2,0.5,0.494654,0.0,0.0,0.709254,0.193359375,0.00439453125,0.006658435408311902,0.0005012657384987426,1126,Ceiling,1210,0.29541015625,0.9999999999999984,2048.0,0.5,False,,,3880812397
1,12,2,0.5,0.494654,0.0,0.0,0.709254,0.193359375,0.00439453125,0.006658435408311902,0.0005012657384987426,1126,Ceiling,1575,0.384521484375,0.9999999999999984,2048.0,0.5,False,,,3880812397
1,12,2,0.5,0.494654,0.0,0.0,0.709254,0.193359375,0.00439453125,0.006658435408311902,0.0005012657384987426,1126,Ceiling,2048,0.5,0.9999999999999984,2048.0,0.5,False,,,3880812397
1,12,2,0.5,0.494654,0.0,0.0,0.709254,0.193359375,0.00439453125,0.006658435408311902,0.0013814604382289275,182,BARK,1,0.000244140625,0.0013814604382289275,792.0,0.193359375,True,,,3880812397
1,12,2,0.5,0.494654,0.0,0.0,0.709254,0.193359375,0.00439453125,0.006658435408311902,0.0013814604382289275,182,BARK,2,0.00048828125,0.010214022520883792,792.0,0.193359375,True,,,3880812397
1,12,2,0.5,0.494654,0.0,0.0,0.709254,0.193359375,0.00439453125,0.006658435408311902,0.0013814604382289275,182,BARK,3,0.000732421875,0.025105261213552468,792.0,0.193359375,True,,,3880812397
1,12,2,0.5,0.494654,0.0,0.0,0.709254,0.193359375,0.00439453125,0.006658435408311902,0.0013814604382289275,182,BARK,4,0.0009765625,0.03772994318666074,792.0,0.193359375,True,,,3880812397
1,12,2,0.5,0.494654,0.0,0.0,0.709254,0.193359375,0.00439453125,0.006658435408311902,0.0013814604382289275,182,BARK,5,0.001220703125,0.040839487895771985,792.0,0.193359375,True,,,3880812397
1,12,2,0.5,0.494654,0.0,0.0,0.709254,0.193359375,0.00439453125,0.006658435408311902,0.0013814604382289275,182,BARK,6,0.00146484375,0.04114544321428808,792.0,0.193359375,True,,,3880812397
1,12,2,0.5,0.494654,0.0,0.0,0.709254,0.193359375,0.00439453125,0.006658435408311902,0.0013814604382289275,182,BARK,8,0.001953125,0.04478503511653294,792.0,0.193359375,True,,,3880812397
1,12,2,0.5,0.494654,0.0,0.0,0.709254,0.193359375,0.00439453125,0.006658435408311902,0.0013814604382289275,182,BARK,11,0.002685546875,0.06217784157493383,792.0,0.193359375,True,,,3880812397
1,12,2,0.5,0.494654,0.0,0.0,0.709254,0.193359375,0.00439453125,0.006658435408311902,0.0013814604382289275,182,BARK,14,0.00341796875,0.08175872853919271,792.0,0.193359375,True,,,3880812397
1,12,2,0.5,0.494654,0.0,0.0,0.709254,0.193359375,0.00439453125,0.006658435408311902,0.0013814604382289275,182,BARK,18,0.00439453125,0.09246530770567864,792.0,0.193359375,True,,,3880812397
1,12,2,0.5,0.494654,0.0,0.0,0.709254,0.193359375,0.00439453125,0.006658435408311902,0.0013814604382289275,182,BARK,23,0.005615234375,0.11810742710962689,792.0,0.193359375,True,,,3880812397
1,12,2,0.5,0.494654,0.0,0.0,0.709254,0.193359375,0.00439453125,0.006658435408311902,0.0013814604382289275,182,BARK,31,0.007568359375,0.14066223748087966,792.0,0.193359375,True,,,3880812397
1,12,2,0.5,0.494654,0.0,0.0,0.709254,0.193359375,0.00439453125,0.006658435408311902,0.0013814604382289275,182,BARK,40,0.009765625,0.16913428483082593,792.0,0.193359375,True,,,3880812397
1,12,2,0.5,0.494654,0.0,0.0,0.709254,0.193359375,0.00439453125,0.006658435408311902,0.0013814604382289275,182,BARK,52,0.0126953125,0.20994267738449177,792.0,0.193359375,True,,,3880812397
1,12,2,0.5,0.494654,0.0,0.0,0.709254,0.193359375,0.00439453125,0.006658435408311902,0.0013814604382289275,182,BARK,67,0.016357421875,0.22628716992624165,792.0,0.193359375,True,,,3880812397
1,12,2,0.5,0.494654,0.0,0.0,0.709254,0.193359375,0.00439453125,0.006658435408311902,0.0013814604382289275,182,BARK,87,0.021240234375,0.26405017147595805,792.0,0.193359375,True,,,3880812397
1,12,2,0.5,0.494654,0.0,0.0,0.709254,0.193359375,0.00439453125,0.006658435408311902,0.0013814604382289275,182,BARK,114,0.02783203125,0.3235674395022538,792.0,0.193359375,True,,,3880812397
1,12,2,0.5,0.494654,0.0,0.0,0.709254,0.193359375,0.00439453125,0.006658435408311902,0.0013814604382289275,182,BARK,148,0.0361328125,0.38839305987478556,792.0,0.193359375,True,,,3880812397
1,12,2,0.5,0.494654,0.0,0.0,0.709254,0.193359375,0.00439453125,0.006658435408311902,0.0013814604382289275,182,BARK,192,0.046875,0.473554417420316,792.0,0.193359375,True,,,3880812397
1,12,2,0.5,0.494654,0.0,0.0,0.709254,0.193359375,0.00439453125,0.006658435408311902,0.0013814604382289275,182,BARK,250,0.06103515625,0.5284498043077077,792.0,0.193359375,True,,,3880812397
1,12,2,0.5,0.494654,0.0,0.0,0.709254,0.193359375,0.00439453125,0.006658435408311902,0.0013814604382289275,182,BARK,325,0.079345703125,0.6465105708356504,792.0,0.193359375,True,,,3880812397
1,12,2,0.5,0.494654,0.0,0.0,0.709254,0.193359375,0.00439453125,0.006658435408311902,0.0013814604382289275,182,BARK,423,0.103271484375,0.7900702067585833,792.0,0.193359375,True,,,3880812397
1,12,2,0.5,0.494654,0.0,0.0,0.709254,0.193359375,0.00439453125,0.006658435408311902,0.0013814604382289275,182,BARK,550,0.13427734375,0.9337347116351729,792.0,0.193359375,True,,,3880812397
1,12,2,0.5,0.494654,0.0,0.0,0.709254,0.193359375,0.00439453125,0.006658435408311902,0.0013814604382289275,182,BARK,715,0.174560546875,0.9876908167756462,792.0,0.193359375,True,,,3880812397
1,12,2,0.5,0.494654,0.0,0.0,0.709254,0.193359375,0.00439453125,0.006658435408311902,0.0013814604382289275,182,BARK,931,0.227294921875,1.0000000000000009,792.0,0.193359375,True,,,3880812397
1,12,2,0.5,0.494654,0.0,0.0,0.709254,0.193359375,0.00439453125,0.006658435408311902,0.0013814604382289275,182,BARK,1210,0.29541015625,1.0000000000000009,792.0,0.193359375,True,,,3880812397
1,12,2,0.5,0.494654,0.0,0.0,0.709254,0.193359375,0.00439453125,0.006658435408311902,0.0013814604382289275,182,BARK,1575,0.384521484375,1.0000000000000009,792.0,0.193359375,True,,,3880812397
1,12,2,0.5,0.494654,0.0,0.0,0.709254,0.193359375,0.00439453125,0.006658435408311902,0.0013814604382289275,182,BARK,2048,0.5,1.0000000000000009,792.0,0.193359375,True,,,3880812397
1,12,2,0.5,0.494654,0.0,0.0,0.709254,0.193359375,0.00439453125,0.006658435408311902,0.0013814604382289275,182,Simplified BARK,1,0.000244140625,0.0013814604382289275,792.0,0.193359375,True,,,3880812397
1,12,2,0.5,0.494654,0.0,0.0,0.709254,0.193359375,0.00439453125,0.006658435408311902,0.0013814604382289275,182,Simplified BARK,2,0.00048828125,0.00159647090642452,792.0,0.193359375,True,,,3880812397
1,12,2,0.5,0.494654,0.0,0.0,0.709254,0.193359375,0.00439453125,0.006658435408311902,0.0013814604382289275,182,Simplified BARK,3,0.000732421875,0.0016161635850103512,792.0,0.193359375,True,,,3880812397
1,12,2,0.5,0.494654,0.0,0.0,0.709254,0.193359375,0.00439453125,0.006658435408311902,0.0013814604382289275,182,Simplified BARK,4,0.0009765625,0.001626613777474076,792.0,0.193359375,True,,,3880812397
1,12,2,0.5,0.494654,0.0,0.0,0.709254,0.193359375,0.00439453125,0.006658435408311902,0.0013814604382289275,182,Simplified BARK,5,0.001220703125,0.0016756848547063179,792.0,0.193359375,True,,,3880812397
1,12,2,0.5,0.494654,0.0,0.0,0.709254,0.193359375,0.00439453125,0.006658435408311902,0.0013814604382289275,182,Simplified BARK,6,0.00146484375,0.0016358086651558062,792.0,0.193359375,True,,,3880812397
1,12,2,0.5,0.494654,0.0,0.0,0.709254,0.193359375,0.00439453125,0.006658435408311902,0.0013814604382289275,182,Simplified BARK,8,0.001953125,0.001638846996707225,792.0,0.193359375,True,,,3880812397
1,12,2,0.5,0.494654,0.0,0.0,0.709254,0.193359375,0.00439453125,0.006658435408311902,0.0013814604382289275,182,Simplified BARK,11,0.002685546875,0.0011861452649056788,792.0,0.193359375,True,,,3880812397
1,12,2,0.5,0.494654,0.0,0.0,0.709254,0.193359375,0.00439453125,0.006658435408311902,0.0013814604382289275,182,Simplified BARK,14,0.00341796875,0.0019397879826341038,792.0,0.193359375,True,,,3880812397
1,12,2,0.5,0.494654,0.0,0.0,0.709254,0.193359375,0.00439453125,0.006658435408311902,0.0013814604382289275,182,Simplified BARK,18,0.00439453125,0.002576180043149444,792.0,0.193359375,True,,,3880812397
1,12,2,0.5,0.494654,0.0,0.0,0.709254,0.193359375,0.00439453125,0.006658435408311902,0.0013814604382289275,182,Simplified BARK,23,0.005615234375,0.005941235807841823,792.0,0.193359375,True,,,3880812397
1,12,2,0.5,0.494654,0.0,0.0,0.709254,0.193359375,0.00439453125,0.006658435408311902,0.0013814604382289275,182,Simplified BARK,31,0.007568359375,0.006914825568973794,792.0,0.193359375,True,,,3880812397
1,12,2,0.5,0.494654,0.0,0.0,0.709254,0.193359375,0.00439453125,0.006658435408311902,0.0013814604382289275,182,Simplified BARK,40,0.009765625,0.010970465264965739,792.0,0.193359375,True,,,3880812397
1,12,2,0.5,0.494654,0.0,0.0,0.709254,0.193359375,0.00439453125,0.006658435408311902,0.0013814604382289275,182,Simplified BARK,52,0.0126953125,0.018271886972985363,792.0,0.193359375,True,,,3880812397
1,12,2,0.5,0.494654,0.0,0.0,0.709254,0.193359375,0.00439453125,0.006658435408311902,0.0013814604382289275,182,Simplified BARK,67,0.016357421875,0.024034785387399015,792.0,0.193359375,True,,,3880812397
1,12,2,0.5,0.494654,0.0,0.0,0.709254,0.193359375,0.00439453125,0.006658435408311902,0.0013814604382289275,182,Simplified BARK,87,0.021240234375,0.03793985760025738,792.0,0.193359375,True,,,3880812397
1,12,2,0.5,0.494654,0.0,0.0,0.709254,0.193359375,0.00439453125,0.006658435408311902,0.0013814604382289275,182,Simplified BARK,114,0.02783203125,0.05981562250852968,792.0,0.193359375,True,,,3880812397
1,12,2,0.5,0.494654,0.0,0.0,0.709254,0.193359375,0.00439453125,0.006658435408311902,0.0013814604382289275,182,Simplified BARK,148,0.0361328125,0.08494159063039383,792.0,0.193359375,True,,,3880812397
1,12,2,0.5,0.494654,0.0,0.0,0.709254,0.193359375,0.00439453125,0.006658435408311902,0.0013814604382289275,182,Simplified BARK,192,0.046875,0.20832880039073687,792.0,0.193359375,True,,,3880812397
1,12,2,0.5,0.494654,0.0,0.0,0.709254,0.193359375,0.00439453125,0.006658435408311902,0.0013814604382289275,182,Simplified BARK,250,0.06103515625,0.24886802906668262,792.0,0.193359375,True,,,3880812397
1,12,2,0.5,0.494654,0.0,0.0,0.709254,0.193359375,0.00439453125,0.006658435408311902,0.0013814604382289275,182,Simplified BARK,325,0.079345703125,0.38882424637596663,792.0,0.193359375,True,,,3880812397
1,12,2,0.5,0.494654,0.0,0.0,0.709254,0.193359375,0.00439453125,0.006658435408311902,0.0013814604382289275,182,Simplified BARK,423,0.103271484375,0.5854540579870053,792.0,0.193359375,True,,,3880812397
1,12,2,0.5,0.494654,0.0,0.0,0.709254,0.193359375,0.00439453125,0.006658435408311902,0.0013814604382289275,182,Simplified BARK,550,0.13427734375,0.6965721626962121,792.0,0.193359375,True,,,3880812397
1,12,2,0.5,0.494654,0.0,0.0,0.709254,0.193359375,0.00439453125,0.006658435408311902,0.0013814604382289275,182,Simplified BARK,715,0.174560546875,0.9592443030202025,792.0,0.193359375,True,,,3880812397
1,12,2,0.5,0.494654,0.0,0.0,0.709254,0.193359375,0.00439453125,0.006658435408311902,0.0013814604382289275,182,Simplified BARK,931,0.227294921875,1.0000000000000009,792.0,0.193359375,True,,,3880812397
1,12,2,0.5,0.494654,0.0,0.0,0.709254,0.193359375,0.00439453125,0.006658435408311902,0.0013814604382289275,182,Simplified BARK,1210,0.29541015625,1.0000000000000009,792.0,0.193359375,True,,,3880812397
1,12,2,0.5,0.494654,0.0,0.0,0.709254,0.193359375,0.00439453125,0.006658435408311902,0.0013814604382289275,182,Simplified BARK,1575,0.384521484375,1.0000000000000009,792.0,0.193359375,True,,,3880812397
1,12,2,0.5,0.494654,0.0,0.0,0.709254,0.193359375,0.00439453125,0.006658435408311902,0.0013814604382289275,182,Simplified BARK,2048,0.5,1.0000000000000009,792.0,0.193359375,True,,,3880812397
1,12,2,0.5,0.494654,0.0,0.0,0.709254,0.193359375,0.00439453125,0.006658435408311902,0.0013814604382289275,182,SKQD,1,0.000244140625,0.0013814604382289275,790.3333333333334,0.19295247395833334,True,0.02,1000.0,3880812397
1,12,2,0.5,0.494654,0.0,0.0,0.709254,0.193359375,0.00439453125,0.006658435408311902,0.0013814604382289275,182,SKQD,2,0.00048828125,0.0013814604382289275,790.3333333333334,0.19295247395833334,True,0.02,1000.0,3880812397
1,12,2,0.5,0.494654,0.0,0.0,0.709254,0.193359375,0.00439453125,0.006658435408311902,0.0013814604382289275,182,SKQD,3,0.000732421875,0.0013814604382289275,790.3333333333334,0.19295247395833334,True,0.02,1000.0,3880812397
1,12,2,0.5,0.494654,0.0,0.0,0.709254,0.193359375,0.00439453125,0.006658435408311902,0.0013814604382289275,182,SKQD,4,0.0009765625,0.0016527411003016649,790.3333333333334,0.19295247395833334,True,0.02,1000.0,3880812397
1,12,2,0.5,0.494654,0.0,0.0,0.709254,0.193359375,0.00439453125,0.006658435408311902,0.0013814604382289275,182,SKQD,5,0.001220703125,0.0054061529945199594,790.3333333333334,0.19295247395833334,True,0.02,1000.0,3880812397
1,12,2,0.5,0.494654,0.0,0.0,0.709254,0.193359375,0.00439453125,0.006658435408311902,0.0013814604382289275,182,SKQD,6,0.00146484375,0.0054061529945199594,790.3333333333334,0.19295247395833334,True,0.02,1000.0,3880812397
1,12,2,0.5,0.494654,0.0,0.0,0.709254,0.193359375,0.00439453125,0.006658435408311902,0.0013814604382289275,182,SKQD,8,0.001953125,0.008954571151364011,790.3333333333334,0.19295247395833334,True,0.02,1000.0,3880812397
1,12,2,0.5,0.494654,0.0,0.0,0.709254,0.193359375,0.00439453125,0.006658435408311902,0.0013814604382289275,182,SKQD,11,0.002685546875,0.014374259431350562,790.3333333333334,0.19295247395833334,True,0.02,1000.0,3880812397
1,12,2,0.5,0.494654,0.0,0.0,0.709254,0.193359375,0.00439453125,0.006658435408311902,0.0013814604382289275,182,SKQD,14,0.00341796875,0.021243803011845364,790.3333333333334,0.19295247395833334,True,0.02,1000.0,3880812397
1,12,2,0.5,0.494654,0.0,0.0,0.709254,0.193359375,0.00439453125,0.006658435408311902,0.0013814604382289275,182,SKQD,18,0.00439453125,0.02705206828067781,790.3333333333334,0.19295247395833334,True,0.02,1000.0,3880812397
1,12,2,0.5,0.494654,0.0,0.0,0.709254,0.193359375,0.00439453125,0.006658435408311902,0.0013814604382289275,182,SKQD,23,0.005615234375,0.033818977148532374,790.3333333333334,0.19295247395833334,True,0.02,1000.0,3880812397
1,12,2,0.5,0.494654,0.0,0.0,0.709254,0.193359375,0.00439453125,0.006658435408311902,0.0013814604382289275,182,SKQD,31,0.007568359375,0.047511218051907,790.3333333333334,0.19295247395833334,True,0.02,1000.0,3880812397
1,12,2,0.5,0.494654,0.0,0.0,0.709254,0.193359375,0.00439453125,0.006658435408311902,0.0013814604382289275,182,SKQD,40,0.009765625,0.057115064069776816,790.3333333333334,0.19295247395833334,True,0.02,1000.0,3880812397
1,12,2,0.5,0.494654,0.0,0.0,0.709254,0.193359375,0.00439453125,0.006658435408311902,0.0013814604382289275,182,SKQD,52,0.0126953125,0.06987395360167066,790.3333333333334,0.19295247395833334,True,0.02,1000.0,3880812397
1,12,2,0.5,0.494654,0.0,0.0,0.709254,0.193359375,0.00439453125,0.006658435408311902,0.0013814604382289275,182,SKQD,67,0.016357421875,0.10703797312607037,790.3333333333334,0.19295247395833334,True,0.02,1000.0,3880812397
1,12,2,0.5,0.494654,0.0,0.0,0.709254,0.193359375,0.00439453125,0.006658435408311902,0.0013814604382289275,182,SKQD,87,0.021240234375,0.13240695764135688,790.3333333333334,0.19295247395833334,True,0.02,1000.0,3880812397
1,12,2,0.5,0.494654,0.0,0.0,0.709254,0.193359375,0.00439453125,0.006658435408311902,0.0013814604382289275,182,SKQD,114,0.02783203125,0.165296866450253,790.3333333333334,0.19295247395833334,True,0.02,1000.0,3880812397
1,12,2,0.5,0.494654,0.0,0.0,0.709254,0.193359375,0.00439453125,0.006658435408311902,0.0013814604382289275,182,SKQD,148,0.0361328125,0.23287955720707035,790.3333333333334,0.19295247395833334,True,0.02,1000.0,3880812397
1,12,2,0.5,0.494654,0.0,0.0,0.709254,0.193359375,0.00439453125,0.006658435408311902,0.0013814604382289275,182,SKQD,192,0.046875,0.29179121427388116,790.3333333333334,0.19295247395833334,True,0.02,1000.0,3880812397
1,12,2,0.5,0.494654,0.0,0.0,0.709254,0.193359375,0.00439453125,0.006658435408311902,0.0013814604382289275,182,SKQD,250,0.06103515625,0.3924149948729019,790.3333333333334,0.19295247395833334,True,0.02,1000.0,3880812397
1,12,2,0.5,0.494654,0.0,0.0,0.709254,0.193359375,0.00439453125,0.006658435408311902,0.0013814604382289275,182,SKQD,325,0.079345703125,0.4837784429085698,790.3333333333334,0.19295247395833334,True,0.02,1000.0,3880812397
1,12,2,0.5,0.494654,0.0,0.0,0.709254,0.193359375,0.00439453125,0.006658435408311902,0.0013814604382289275,182,SKQD,423,0.103271484375,0.6185178523713254,790.3333333333334,0.19295247395833334,True,0.02,1000.0,3880812397
1,12,2,0.5,0.494654,0.0,0.0,0.709254,0.193359375,0.00439453125,0.006658435408311902,0.0013814604382289275,182,SKQD,550,0.13427734375,0.785578043545445,790.3333333333334,0.19295247395833334,True,0.02,1000.0,3880812397
1,12,2,0.5,0.494654,0.0,0.0,0.709254,0.193359375,0.00439453125,0.006658435408311902,0.0013814604382289275,182,SKQD,715,0.174560546875,0.9378117870449557,790.3333333333334,0.19295247395833334,True,0.02,1000.0,3880812397
1,12,2,0.5,0.494654,0.0,0.0,0.709254,0.193359375,0.00439453125,0.006658435408311902,0.0013814604382289275,182,SKQD,931,0.227294921875,0.9998761921523723,790.3333333333334,0.19295247395833334,True,0.02,1000.0,3880812397
1,12,2,0.5,0.494654,0.0,0.0,0.709254,0.193359375,0.00439453125,0.006658435408311902,0.0013814604382289275,182,SKQD,1210,0.29541015625,0.9998761921523723,790.3333333333334,0.19295247395833334,True,0.02,1000.0,3880812397
1,12,2,0.5,0.494654,0.0,0.0,0.709254,0.193359375,0.00439453125,0.006658435408311902,0.0013814604382289275,182,SKQD,1575,0.384521484375,0.9998761921523723,790.3333333333334,0.19295247395833334,True,0.02,1000.0,3880812397
1,12,2,0.5,0.494654,0.0,0.0,0.709254,0.193359375,0.00439453125,0.006658435408311902,0.0013814604382289275,182,SKQD,2048,0.5,0.9998761921523723,790.3333333333334,0.19295247395833334,True,0.02,1000.0,3880812397
1,12,2,0.5,0.494654,0.0,0.0,0.709254,0.193359375,0.00439453125,0.006658435408311902,0.0013814604382289275,182,Ceiling,1,0.000244140625,0.01500280532209317,2048.0,0.5,False,,,3880812397
1,12,2,0.5,0.494654,0.0,0.0,0.709254,0.193359375,0.00439453125,0.006658435408311902,0.0013814604382289275,182,Ceiling,2,0.00048828125,0.030005610644186328,2048.0,0.5,False,,,3880812397
1,12,2,0.5,0.494654,0.0,0.0,0.709254,0.193359375,0.00439453125,0.006658435408311902,0.0013814604382289275,182,Ceiling,3,0.000732421875,0.04326898109059288,2048.0,0.5,False,,,3880812397
1,12,2,0.5,0.494654,0.0,0.0,0.709254,0.193359375,0.00439453125,0.006658435408311902,0.0013814604382289275,182,Ceiling,4,0.0009765625,0.056532351536999426,2048.0,0.5,False,,,3880812397
1,12,2,0.5,0.494654,0.0,0.0,0.709254,0.193359375,0.00439453125,0.006658435408311902,0.0013814604382289275,182,Ceiling,5,0.001220703125,0.06979572198340597,2048.0,0.5,False,,,3880812397
1,12,2,0.5,0.494654,0.0,0.0,0.709254,0.193359375,0.00439453125,0.006658435408311902,0.0013814604382289275,182,Ceiling,6,0.00146484375,0.08305909242981248,2048.0,0.5,False,,,3880812397
1,12,2,0.5,0.494654,0.0,0.0,0.709254,0.193359375,0.00439453125,0.006658435408311902,0.0013814604382289275,182,Ceiling,8,0.001953125,0.10088539443487589,2048.0,0.5,False,,,3880812397
1,12,2,0.5,0.494654,0.0,0.0,0.709254,0.193359375,0.00439453125,0.006658435408311902,0.0013814604382289275,182,Ceiling,11,0.002685546875,0.1267270392641582,2048.0,0.5,False,,,3880812397
1,12,2,0.5,0.494654,0.0,0.0,0.709254,0.193359375,0.00439453125,0.006658435408311902,0.0013814604382289275,182,Ceiling,14,0.00341796875,0.150773067736815,2048.0,0.5,False,,,3880812397
1,12,2,0.5,0.494654,0.0,0.0,0.709254,0.193359375,0.00439453125,0.006658435408311902,0.0013814604382289275,182,Ceiling,18,0.00439453125,0.1774431994084159,2048.0,0.5,False,,,3880812397
1,12,2,0.5,0.494654,0.0,0.0,0.709254,0.193359375,0.00439453125,0.006658435408311902,0.0013814604382289275,182,Ceiling,23,0.005615234375,0.20712541550769167,2048.0,0.5,False,,,3880812397
1,12,2,0.5,0.494654,0.0,0.0,0.709254,0.193359375,0.00439453125,0.006658435408311902,0.0013814604382289275,182,Ceiling,31,0.007568359375,0.2496057322641379,2048.0,0.5,False,,,3880812397
1,12,2,0.5,0.494654,0.0,0.0,0.709254,0.193359375,0.00439453125,0.006658435408311902,0.0013814604382289275,182,Ceiling,40,0.009765625,0.29156935361689457,2048.0,0.5,False,,,3880812397
1,12,2,0.5,0.494654,0.0,0.0,0.709254,0.193359375,0.00439453125,0.006658435408311902,0.0013814604382289275,182,Ceiling,52,0.0126953125,0.3389925982521317,2048.0,0.5,False,,,3880812397
1,12,2,0.5,0.494654,0.0,0.0,0.709254,0.193359375,0.00439453125,0.006658435408311902,0.0013814604382289275,182,Ceiling,67,0.016357421875,0.38863571585762313,2048.0,0.5,False,,,3880812397
1,12,2,0.5,0.494654,0.0,0.0,0.709254,0.193359375,0.00439453125,0.006658435408311902,0.0013814604382289275,182,Ceiling,87,0.021240234375,0.44993183601516457,2048.0,0.5,False,,,3880812397
1,12,2,0.5,0.494654,0.0,0.0,0.709254,0.193359375,0.00439453125,0.006658435408311902,0.0013814604382289275,182,Ceiling,114,0.02783203125,0.5191654630199566,2048.0,0.5,False,,,3880812397
1,12,2,0.5,0.494654,0.0,0.0,0.709254,0.193359375,0.00439453125,0.006658435408311902,0.0013814604382289275,182,Ceiling,148,0.0361328125,0.5950232956971061,2048.0,0.5,False,,,3880812397
1,12,2,0.5,0.494654,0.0,0.0,0.709254,0.193359375,0.00439453125,0.006658435408311902,0.0013814604382289275,182,Ceiling,192,0.046875,0.6744748465223536,2048.0,0.5,False,,,3880812397
1,12,2,0.5,0.494654,0.0,0.0,0.709254,0.193359375,0.00439453125,0.006658435408311902,0.0013814604382289275,182,Ceiling,250,0.06103515625,0.7582003281617222,2048.0,0.5,False,,,3880812397
1,12,2,0.5,0.494654,0.0,0.0,0.709254,0.193359375,0.00439453125,0.006658435408311902,0.0013814604382289275,182,Ceiling,325,0.079345703125,0.8436889528615895,2048.0,0.5,False,,,3880812397
1,12,2,0.5,0.494654,0.0,0.0,0.709254,0.193359375,0.00439453125,0.006658435408311902,0.0013814604382289275,182,Ceiling,423,0.103271484375,0.9127965980738951,2048.0,0.5,False,,,3880812397
1,12,2,0.5,0.494654,0.0,0.0,0.709254,0.193359375,0.00439453125,0.006658435408311902,0.0013814604382289275,182,Ceiling,550,0.13427734375,0.9675992451621096,2048.0,0.5,False,,,3880812397
1,12,2,0.5,0.494654,0.0,0.0,0.709254,0.193359375,0.00439453125,0.006658435408311902,0.0013814604382289275,182,Ceiling,715,0.174560546875,0.9975744083772924,2048.0,0.5,False,,,3880812397
1,12,2,0.5,0.494654,0.0,0.0,0.709254,0.193359375,0.00439453125,0.006658435408311902,0.0013814604382289275,182,Ceiling,931,0.227294921875,0.9999999999999984,2048.0,0.5,False,,,3880812397
1,12,2,0.5,0.494654,0.0,0.0,0.709254,0.193359375,0.00439453125,0.006658435408311902,0.0013814604382289275,182,Ceiling,1210,0.29541015625,0.9999999999999984,2048.0,0.5,False,,,3880812397
1,12,2,0.5,0.494654,0.0,0.0,0.709254,0.193359375,0.00439453125,0.006658435408311902,0.0013814604382289275,182,Ceiling,1575,0.384521484375,0.9999999999999984,2048.0,0.5,False,,,3880812397
1,12,2,0.5,0.494654,0.0,0.0,0.709254,0.193359375,0.00439453125,0.006658435408311902,0.0013814604382289275,182,Ceiling,2048,0.5,0.9999999999999984,2048.0,0.5,False,,,3880812397
1,12,2,0.5,0.494654,0.0,0.0,0.709254,0.193359375,0.00439453125,0.006658435408311902,0.00018677362648270203,3457,BARK,1,0.000244140625,0.00018677362648270203,792.0,0.193359375,True,,,3880812397
1,12,2,0.5,0.494654,0.0,0.0,0.709254,0.193359375,0.00439453125,0.006658435408311902,0.00018677362648270203,3457,BARK,2,0.00048828125,0.0009727694248013984,792.0,0.193359375,True,,,3880812397
1,12,2,0.5,0.494654,0.0,0.0,0.709254,0.193359375,0.00439453125,0.006658435408311902,0.00018677362648270203,3457,BARK,3,0.000732421875,0.004148903808444348,792.0,0.193359375,True,,,3880812397
1,12,2,0.5,0.494654,0.0,0.0,0.709254,0.193359375,0.00439453125,0.006658435408311902,0.00018677362648270203,3457,BARK,4,0.0009765625,0.008765478545677151,792.0,0.193359375,True,,,3880812397
1,12,2,0.5,0.494654,0.0,0.0,0.709254,0.193359375,0.00439453125,0.006658435408311902,0.00018677362648270203,3457,BARK,5,0.001220703125,0.012221866205342368,792.0,0.193359375,True,,,3880812397
1,12,2,0.5,0.494654,0.0,0.0,0.709254,0.193359375,0.00439453125,0.006658435408311902,0.00018677362648270203,3457,BARK,6,0.00146484375,0.016926393892043153,792.0,0.193359375,True,,,3880812397
1,12,2,0.5,0.494654,0.0,0.0,0.709254,0.193359375,0.00439453125,0.006658435408311902,0.00018677362648270203,3457,BARK,8,0.001953125,0.023358418176869636,792.0,0.193359375,True,,,3880812397
1,12,2,0.5,0.494654,0.0,0.0,0.709254,0.193359375,0.00439453125,0.006658435408311902,0.00018677362648270203,3457,BARK,11,0.002685546875,0.02927498892634054,792.0,0.193359375,True,,,3880812397
1,12,2,0.5,0.494654,0.0,0.0,0.709254,0.193359375,0.00439453125,0.006658435408311902,0.00018677362648270203,3457,BARK,14,0.00341796875,0.032577127113016614,792.0,0.193359375,True,,,3880812397
1,12,2,0.5,0.494654,0.0,0.0,0.709254,0.193359375,0.00439453125,0.006658435408311902,0.00018677362648270203,3457,BARK,18,0.00439453125,0.03571675768389919,792.0,0.193359375,True,,,3880812397
1,12,2,0.5,0.494654,0.0,0.0,0.709254,0.193359375,0.00439453125,0.006658435408311902,0.00018677362648270203,3457,BARK,23,0.005615234375,0.04527313644032826,792.0,0.193359375,True,,,3880812397
1,12,2,0.5,0.494654,0.0,0.0,0.709254,0.193359375,0.00439453125,0.006658435408311902,0.00018677362648270203,3457,BARK,31,0.007568359375,0.058005894785481765,792.0,0.193359375,True,,,3880812397
1,12,2,0.5,0.494654,0.0,0.0,0.709254,0.193359375,0.00439453125,0.006658435408311902,0.00018677362648270203,3457,BARK,40,0.009765625,0.0665178091334291,792.0,0.193359375,True,,,3880812397
1,12,2,0.5,0.494654,0.0,0.0,0.709254,0.193359375,0.00439453125,0.006658435408311902,0.00018677362648270203,3457,BARK,52,0.0126953125,0.08530503352644356,792.0,0.193359375,True,,,3880812397
1,12,2,0.5,0.494654,0.0,0.0,0.709254,0.193359375,0.00439453125,0.006658435408311902,0.00018677362648270203,3457,BARK,67,0.016357421875,0.11538953117359083,792.0,0.193359375,True,,,3880812397
1,12,2,0.5,0.494654,0.0,0.0,0.709254,0.193359375,0.00439453125,0.006658435408311902,0.00018677362648270203,3457,BARK,87,0.021240234375,0.17599739525195096,792.0,0.193359375,True,,,3880812397
1,12,2,0.5,0.494654,0.0,0.0,0.709254,0.193359375,0.00439453125,0.006658435408311902,0.00018677362648270203,3457,BARK,114,0.02783203125,0.2159122789211323,792.0,0.193359375,True,,,3880812397
1,12,2,0.5,0.494654,0.0,0.0,0.709254,0.193359375,0.00439453125,0.006658435408311902,0.00018677362648270203,3457,BARK,148,0.0361328125,0.2701843940967375,792.0,0.193359375,True,,,3880812397
1,12,2,0.5,0.494654,0.0,0.0,0.709254,0.193359375,0.00439453125,0.006658435408311902,0.00018677362648270203,3457,BARK,192,0.046875,0.39084869880878037,792.0,0.193359375,True,,,3880812397
1,12,2,0.5,0.494654,0.0,0.0,0.709254,0.193359375,0.00439453125,0.006658435408311902,0.00018677362648270203,3457,BARK,250,0.06103515625,0.4994146090677262,792.0,0.193359375,True,,,3880812397
1,12,2,0.5,0.494654,0.0,0.0,0.709254,0.193359375,0.00439453125,0.006658435408311902,0.00018677362648270203,3457,BARK,325,0.079345703125,0.5429881257724809,792.0,0.193359375,True,,,3880812397
1,12,2,0.5,0.494654,0.0,0.0,0.709254,0.193359375,0.00439453125,0.006658435408311902,0.00018677362648270203,3457,BARK,423,0.103271484375,0.6804173547914912,792.0,0.193359375,True,,,3880812397
1,12,2,0.5,0.494654,0.0,0.0,0.709254,0.193359375,0.00439453125,0.006658435408311902,0.00018677362648270203,3457,BARK,550,0.13427734375,0.9112485370832166,792.0,0.193359375,True,,,3880812397
1,12,2,0.5,0.494654,0.0,0.0,0.709254,0.193359375,0.00439453125,0.006658435408311902,0.00018677362648270203,3457,BARK,715,0.174560546875,0.9861346337496458,792.0,0.193359375,True,,,3880812397
1,12,2,0.5,0.494654,0.0,0.0,0.709254,0.193359375,0.00439453125,0.006658435408311902,0.00018677362648270203,3457,BARK,931,0.227294921875,1.0000000000000013,792.0,0.193359375,True,,,3880812397
1,12,2,0.5,0.494654,0.0,0.0,0.709254,0.193359375,0.00439453125,0.006658435408311902,0.00018677362648270203,3457,BARK,1210,0.29541015625,1.0000000000000013,792.0,0.193359375,True,,,3880812397
1,12,2,0.5,0.494654,0.0,0.0,0.709254,0.193359375,0.00439453125,0.006658435408311902,0.00018677362648270203,3457,BARK,1575,0.384521484375,1.0000000000000013,792.0,0.193359375,True,,,3880812397
1,12,2,0.5,0.494654,0.0,0.0,0.709254,0.193359375,0.00439453125,0.006658435408311902,0.00018677362648270203,3457,BARK,2048,0.5,1.0000000000000013,792.0,0.193359375,True,,,3880812397
1,12,2,0.5,0.494654,0.0,0.0,0.709254,0.193359375,0.00439453125,0.006658435408311902,0.00018677362648270203,3457,Simplified BARK,1,0.000244140625,0.00018677362648270203,792.0,0.193359375,True,,,3880812397
1,12,2,0.5,0.494654,0.0,0.0,0.709254,0.193359375,0.00439453125,0.006658435408311902,0.00018677362648270203,3457,Simplified BARK,2,0.00048828125,0.0009727694248013984,792.0,0.193359375,True,,,3880812397
1,12,2,0.5,0.494654,0.0,0.0,0.709254,0.193359375,0.00439453125,0.006658435408311902,0.00018677362648270203,3457,Simplified BARK,3,0.000732421875,0.003002932588910972,792.0,0.193359375,True,,,3880812397
1,12,2,0.5,0.494654,0.0,0.0,0.709254,0.193359375,0.00439453125,0.006658435408311902,0.00018677362648270203,3457,Simplified BARK,4,0.0009765625,0.0048170991687967275,792.0,0.193359375,True,,,3880812397
1,12,2,0.5,0.494654,0.0,0.0,0.709254,0.193359375,0.00439453125,0.006658435408311902,0.00018677362648270203,3457,Simplified BARK,5,0.001220703125,0.007646442547991186,792.0,0.193359375,True,,,3880812397
1,12,2,0.5,0.494654,0.0,0.0,0.709254,0.193359375,0.00439453125,0.006658435408311902,0.00018677362648270203,3457,Simplified BARK,6,0.00146484375,0.008380447900163105,792.0,0.193359375,True,,,3880812397
1,12,2,0.5,0.494654,0.0,0.0,0.709254,0.193359375,0.00439453125,0.006658435408311902,0.00018677362648270203,3457,Simplified BARK,8,0.001953125,0.009021423452135092,792.0,0.193359375,True,,,3880812397
1,12,2,0.5,0.494654,0.0,0.0,0.709254,0.193359375,0.00439453125,0.006658435408311902,0.00018677362648270203,3457,Simplified BARK,11,0.002685546875,0.009092072417005999,792.0,0.193359375,True,,,3880812397
1,12,2,0.5,0.494654,0.0,0.0,0.709254,0.193359375,0.00439453125,0.006658435408311902,0.00018677362648270203,3457,Simplified BARK,14,0.00341796875,0.009229744589209764,792.0,0.193359375,True,,,3880812397
1,12,2,0.5,0.494654,0.0,0.0,0.709254,0.193359375,0.00439453125,0.006658435408311902,0.00018677362648270203,3457,Simplified BARK,18,0.00439453125,0.0030202628526232443,792.0,0.193359375,True,,,3880812397
1,12,2,0.5,0.494654,0.0,0.0,0.709254,0.193359375,0.00439453125,0.006658435408311902,0.00018677362648270203,3457,Simplified BARK,23,0.005615234375,0.003262929780195833,792.0,0.193359375,True,,,3880812397
1,12,2,0.5,0.494654,0.0,0.0,0.709254,0.193359375,0.00439453125,0.006658435408311902,0.00018677362648270203,3457,Simplified BARK,31,0.007568359375,0.005965632237442197,792.0,0.193359375,True,,,3880812397
1,12,2,0.5,0.494654,0.0,0.0,0.709254,0.193359375,0.00439453125,0.006658435408311902,0.00018677362648270203,3457,Simplified BARK,40,0.009765625,0.010030917987939302,792.0,0.193359375,True,,,3880812397
1,12,2,0.5,0.494654,0.0,0.0,0.709254,0.193359375,0.00439453125,0.006658435408311902,0.00018677362648270203,3457,Simplified BARK,52,0.0126953125,0.016236293078088368,792.0,0.193359375,True,,,3880812397
1,12,2,0.5,0.494654,0.0,0.0,0.709254,0.193359375,0.00439453125,0.006658435408311902,0.00018677362648270203,3457,Simplified BARK,67,0.016357421875,0.02388248519314163,792.0,0.193359375,True,,,3880812397
1,12,2,0.5,0.494654,0.0,0.0,0.709254,0.193359375,0.00439453125,0.006658435408311902,0.00018677362648270203,3457,Simplified BARK,87,0.021240234375,0.027951994858240407,792.0,0.193359375,True,,,3880812397
1,12,2,0.5,0.494654,0.0,0.0,0.709254,0.193359375,0.00439453125,0.006658435408311902,0.00018677362648270203,3457,Simplified BARK,114,0.02783203125,0.05650903108491322,792.0,0.193359375,True,,,3880812397
1,12,2,0.5,0.494654,0.0,0.0,0.709254,0.193359375,0.00439453125,0.006658435408311902,0.00018677362648270203,3457,Simplified BARK,148,0.0361328125,0.08314192133452945,792.0,0.193359375,True,,,3880812397
1,12,2,0.5,0.494654,0.0,0.0,0.709254,0.193359375,0.00439453125,0.006658435408311902,0.00018677362648270203,3457,Simplified BARK,192,0.046875,0.17921679747200628,792.0,0.193359375,True,,,3880812397
1,12,2,0.5,0.494654,0.0,0.0,0.709254,0.193359375,0.00439453125,0.006658435408311902,0.00018677362648270203,3457,Simplified BARK,250,0.06103515625,0.24142819038041516,792.0,0.193359375,True,,,3880812397
1,12,2,0.5,0.494654,0.0,0.0,0.709254,0.193359375,0.00439453125,0.006658435408311902,0.00018677362648270203,3457,Simplified BARK,325,0.079345703125,0.3882703176425434,792.0,0.193359375,True,,,3880812397
1,12,2,0.5,0.494654,0.0,0.0,0.709254,0.193359375,0.00439453125,0.006658435408311902,0.00018677362648270203,3457,Simplified BARK,423,0.103271484375,0.5697858203756688,792.0,0.193359375,True,,,3880812397
1,12,2,0.5,0.494654,0.0,0.0,0.709254,0.193359375,0.00439453125,0.006658435408311902,0.00018677362648270203,3457,Simplified BARK,550,0.13427734375,0.69674215535846,792.0,0.193359375,True,,,3880812397
1,12,2,0.5,0.494654,0.0,0.0,0.709254,0.193359375,0.00439453125,0.006658435408311902,0.00018677362648270203,3457,Simplified BARK,715,0.174560546875,0.958053466447459,792.0,0.193359375,True,,,3880812397
1,12,2,0.5,0.494654,0.0,0.0,0.709254,0.193359375,0.00439453125,0.006658435408311902,0.00018677362648270203,3457,Simplified BARK,931,0.227294921875,1.0000000000000009,792.0,0.193359375,True,,,3880812397
1,12,2,0.5,0.494654,0.0,0.0,0.709254,0.193359375,0.00439453125,0.006658435408311902,0.00018677362648270203,3457,Simplified BARK,1210,0.29541015625,1.0000000000000009,792.0,0.193359375,True,,,3880812397
1,12,2,0.5,0.494654,0.0,0.0,0.709254,0.193359375,0.00439453125,0.006658435408311902,0.00018677362648270203,3457,Simplified BARK,1575,0.384521484375,1.0000000000000009,792.0,0.193359375,True,,,3880812397
1,12,2,0.5,0.494654,0.0,0.0,0.709254,0.193359375,0.00439453125,0.006658435408311902,0.00018677362648270203,3457,Simplified BARK,2048,0.5,1.0000000000000009,792.0,0.193359375,True,,,3880812397
1,12,2,0.5,0.494654,0.0,0.0,0.709254,0.193359375,0.00439453125,0.006658435408311902,0.00018677362648270203,3457,SKQD,1,0.000244140625,0.00018677362648270206,789.6666666666666,0.19278971354166666,True,0.02,638.0,3880812397
1,12,2,0.5,0.494654,0.0,0.0,0.709254,0.193359375,0.00439453125,0.006658435408311902,0.00018677362648270203,3457,SKQD,2,0.00048828125,0.0005134375725072583,789.6666666666666,0.19278971354166666,True,0.02,638.0,3880812397
1,12,2,0.5,0.494654,0.0,0.0,0.709254,0.193359375,0.00439453125,0.006658435408311902,0.00018677362648270203,3457,SKQD,3,0.000732421875,0.0006794360195695182,789.6666666666666,0.19278971354166666,True,0.02,638.0,3880812397
1,12,2,0.5,0.494654,0.0,0.0,0.709254,0.193359375,0.00439453125,0.006658435408311902,0.00018677362648270203,3457,SKQD,4,0.0009765625,0.0008225656065353964,789.6666666666666,0.19278971354166666,True,0.02,638.0,3880812397
1,12,2,0.5,0.494654,0.0,0.0,0.709254,0.193359375,0.00439453125,0.006658435408311902,0.00018677362648270203,3457,SKQD,5,0.001220703125,0.0008225656065353964,789.6666666666666,0.19278971354166666,True,0.02,638.0,3880812397
1,12,2,0.5,0.494654,0.0,0.0,0.709254,0.193359375,0.00439453125,0.006658435408311902,0.00018677362648270203,3457,SKQD,6,0.00146484375,0.0008225656065353964,789.6666666666666,0.19278971354166666,True,0.02,638.0,3880812397
1,12,2,0.5,0.494654,0.0,0.0,0.709254,0.193359375,0.00439453125,0.006658435408311902,0.00018677362648270203,3457,SKQD,8,0.001953125,0.0015963778561452063,789.6666666666666,0.19278971354166666,True,0.02,638.0,3880812397
1,12,2,0.5,0.494654,0.0,0.0,0.709254,0.193359375,0.00439453125,0.006658435408311902,0.00018677362648270203,3457,SKQD,11,0.002685546875,0.0026738839579271375,789.6666666666666,0.19278971354166666,True,0.02,638.0,3880812397
1,12,2,0.5,0.494654,0.0,0.0,0.709254,0.193359375,0.00439453125,0.006658435408311902,0.00018677362648270203,3457,SKQD,14,0.00341796875,0.0041577486003596875,789.6666666666666,0.19278971354166666,True,0.02,638.0,3880812397
1,12,2,0.5,0.494654,0.0,0.0,0.709254,0.193359375,0.00439453125,0.006658435408311902,0.00018677362648270203,3457,SKQD,18,0.00439453125,0.004324151447374291,789.6666666666666,0.19278971354166666,True,0.02,638.0,3880812397
1,12,2,0.5,0.494654,0.0,0.0,0.709254,0.193359375,0.00439453125,0.006658435408311902,0.00018677362648270203,3457,SKQD,23,0.005615234375,0.0077385973654550974,789.6666666666666,0.19278971354166666,True,0.02,638.0,3880812397
1,12,2,0.5,0.494654,0.0,0.0,0.709254,0.193359375,0.00439453125,0.006658435408311902,0.00018677362648270203,3457,SKQD,31,0.007568359375,0.013616854165523795,789.6666666666666,0.19278971354166666,True,0.02,638.0,3880812397
1,12,2,0.5,0.494654,0.0,0.0,0.709254,0.193359375,0.00439453125,0.006658435408311902,0.00018677362648270203,3457,SKQD,40,0.009765625,0.01934066240144224,789.6666666666666,0.19278971354166666,True,0.02,638.0,3880812397
1,12,2,0.5,0.494654,0.0,0.0,0.709254,0.193359375,0.00439453125,0.006658435408311902,0.00018677362648270203,3457,SKQD,52,0.0126953125,0.02925539212467194,789.6666666666666,0.19278971354166666,True,0.02,638.0,3880812397
1,12,2,0.5,0.494654,0.0,0.0,0.709254,0.193359375,0.00439453125,0.006658435408311902,0.00018677362648270203,3457,SKQD,67,0.016357421875,0.040233469008150315,789.6666666666666,0.19278971354166666,True,0.02,638.0,3880812397
1,12,2,0.5,0.494654,0.0,0.0,0.709254,0.193359375,0.00439453125,0.006658435408311902,0.00018677362648270203,3457,SKQD,87,0.021240234375,0.06313188636412796,789.6666666666666,0.19278971354166666,True,0.02,638.0,3880812397
1,12,2,0.5,0.494654,0.0,0.0,0.709254,0.193359375,0.00439453125,0.006658435408311902,0.00018677362648270203,3457,SKQD,114,0.02783203125,0.08752109762463735,789.6666666666666,0.19278971354166666,True,0.02,638.0,3880812397
1,12,2,0.5,0.494654,0.0,0.0,0.709254,0.193359375,0.00439453125,0.006658435408311902,0.00018677362648270203,3457,SKQD,148,0.0361328125,0.12008126346009058,789.6666666666666,0.19278971354166666,True,0.02,638.0,3880812397
1,12,2,0.5,0.494654,0.0,0.0,0.709254,0.193359375,0.00439453125,0.006658435408311902,0.00018677362648270203,3457,SKQD,192,0.046875,0.19291911453730595,789.6666666666666,0.19278971354166666,True,0.02,638.0,3880812397
1,12,2,0.5,0.494654,0.0,0.0,0.709254,0.193359375,0.00439453125,0.006658435408311902,0.00018677362648270203,3457,SKQD,250,0.06103515625,0.2592000024996576,789.6666666666666,0.19278971354166666,True,0.02,638.0,3880812397
1,12,2,0.5,0.494654,0.0,0.0,0.709254,0.193359375,0.00439453125,0.006658435408311902,0.00018677362648270203,3457,SKQD,325,0.079345703125,0.40920665088705643,789.6666666666666,0.19278971354166666,True,0.02,638.0,3880812397
1,12,2,0.5,0.494654,0.0,0.0,0.709254,0.193359375,0.00439453125,0.006658435408311902,0.00018677362648270203,3457,SKQD,423,0.103271484375,0.5519452541939327,789.6666666666666,0.19278971354166666,True,0.02,638.0,3880812397
1,12,2,0.5,0.494654,0.0,0.0,0.709254,0.193359375,0.00439453125,0.006658435408311902,0.00018677362648270203,3457,SKQD,550,0.13427734375,0.7242707780617262,789.6666666666666,0.19278971354166666,True,0.02,638.0,3880812397
1,12,2,0.5,0.494654,0.0,0.0,0.709254,0.193359375,0.00439453125,0.006658435408311902,0.00018677362648270203,3457,SKQD,715,0.174560546875,0.9315331503877337,789.6666666666666,0.19278971354166666,True,0.02,638.0,3880812397
1,12,2,0.5,0.494654,0.0,0.0,0.709254,0.193359375,0.00439453125,0.006658435408311902,0.00018677362648270203,3457,SKQD,931,0.227294921875,0.9998075105251653,789.6666666666666,0.19278971354166666,True,0.02,638.0,3880812397
1,12,2,0.5,0.494654,0.0,0.0,0.709254,0.193359375,0.00439453125,0.006658435408311902,0.00018677362648270203,3457,SKQD,1210,0.29541015625,0.9998075105251653,789.6666666666666,0.19278971354166666,True,0.02,638.0,3880812397
1,12,2,0.5,0.494654,0.0,0.0,0.709254,0.193359375,0.00439453125,0.006658435408311902,0.00018677362648270203,3457,SKQD,1575,0.384521484375,0.9998075105251653,789.6666666666666,0.19278971354166666,True,0.02,638.0,3880812397
1,12,2,0.5,0.494654,0.0,0.0,0.709254,0.193359375,0.00439453125,0.006658435408311902,0.00018677362648270203,3457,SKQD,2048,0.5,0.9998075105251653,789.6666666666666,0.19278971354166666,True,0.02,638.0,3880812397
1,12,2,0.5,0.494654,0.0,0.0,0.709254,0.193359375,0.00439453125,0.006658435408311902,0.00018677362648270203,3457,Ceiling,1,0.000244140625,0.01500280532209317,2048.0,0.5,False,,,3880812397
1,12,2,0.5,0.494654,0.0,0.0,0.709254,0.193359375,0.00439453125,0.006658435408311902,0.00018677362648270203,3457,Ceiling,2,0.00048828125,0.030005610644186328,2048.0,0.5,False,,,3880812397
1,12,2,0.5,0.494654,0.0,0.0,0.709254,0.193359375,0.00439453125,0.006658435408311902,0.00018677362648270203,3457,Ceiling,3,0.000732421875,0.04326898109059288,2048.0,0.5,False,,,3880812397
1,12,2,0.5,0.494654,0.0,0.0,0.709254,0.193359375,0.00439453125,0.006658435408311902,0.00018677362648270203,3457,Ceiling,4,0.0009765625,0.056532351536999426,2048.0,0.5,False,,,3880812397
1,12,2,0.5,0.494654,0.0,0.0,0.709254,0.193359375,0.00439453125,0.006658435408311902,0.00018677362648270203,3457,Ceiling,5,0.001220703125,0.06979572198340597,2048.0,0.5,False,,,3880812397
1,12,2,0.5,0.494654,0.0,0.0,0.709254,0.193359375,0.00439453125,0.006658435408311902,0.00018677362648270203,3457,Ceiling,6,0.00146484375,0.08305909242981248,2048.0,0.5,False,,,3880812397
1,12,2,0.5,0.494654,0.0,0.0,0.709254,0.193359375,0.00439453125,0.006658435408311902,0.00018677362648270203,3457,Ceiling,8,0.001953125,0.10088539443487589,2048.0,0.5,False,,,3880812397
1,12,2,0.5,0.494654,0.0,0.0,0.709254,0.193359375,0.00439453125,0.006658435408311902,0.00018677362648270203,3457,Ceiling,11,0.002685546875,0.1267270392641582,2048.0,0.5,False,,,3880812397
1,12,2,0.5,0.494654,0.0,0.0,0.709254,0.193359375,0.00439453125,0.006658435408311902,0.00018677362648270203,3457,Ceiling,14,0.00341796875,0.150773067736815,2048.0,0.5,False,,,3880812397
1,12,2,0.5,0.494654,0.0,0.0,0.709254,0.193359375,0.00439453125,0.006658435408311902,0.00018677362648270203,3457,Ceiling,18,0.00439453125,0.1774431994084159,2048.0,0.5,False,,,3880812397
1,12,2,0.5,0.494654,0.0,0.0,0.709254,0.193359375,0.00439453125,0.006658435408311902,0.00018677362648270203,3457,Ceiling,23,0.005615234375,0.20712541550769167,2048.0,0.5,False,,,3880812397
1,12,2,0.5,0.494654,0.0,0.0,0.709254,0.193359375,0.00439453125,0.006658435408311902,0.00018677362648270203,3457,Ceiling,31,0.007568359375,0.2496057322641379,2048.0,0.5,False,,,3880812397
1,12,2,0.5,0.494654,0.0,0.0,0.709254,0.193359375,0.00439453125,0.006658435408311902,0.00018677362648270203,3457,Ceiling,40,0.009765625,0.29156935361689457,2048.0,0.5,False,,,3880812397
1,12,2,0.5,0.494654,0.0,0.0,0.709254,0.193359375,0.00439453125,0.006658435408311902,0.00018677362648270203,3457,Ceiling,52,0.0126953125,0.3389925982521317,2048.0,0.5,False,,,3880812397
1,12,2,0.5,0.494654,0.0,0.0,0.709254,0.193359375,0.00439453125,0.006658435408311902,0.00018677362648270203,3457,Ceiling,67,0.016357421875,0.38863571585762313,2048.0,0.5,False,,,3880812397
1,12,2,0.5,0.494654,0.0,0.0,0.709254,0.193359375,0.00439453125,0.006658435408311902,0.00018677362648270203,3457,Ceiling,87,0.021240234375,0.44993183601516457,2048.0,0.5,False,,,3880812397
1,12,2,0.5,0.494654,0.0,0.0,0.709254,0.193359375,0.00439453125,0.006658435408311902,0.00018677362648270203,3457,Ceiling,114,0.02783203125,0.5191654630199566,2048.0,0.5,False,,,3880812397
1,12,2,0.5,0.494654,0.0,0.0,0.709254,0.193359375,0.00439453125,0.006658435408311902,0.00018677362648270203,3457,Ceiling,148,0.0361328125,0.5950232956971061,2048.0,0.5,False,,,3880812397
1,12,2,0.5,0.494654,0.0,0.0,0.709254,0.193359375,0.00439453125,0.006658435408311902,0.00018677362648270203,3457,Ceiling,192,0.046875,0.6744748465223536,2048.0,0.5,False,,,3880812397
1,12,2,0.5,0.494654,0.0,0.0,0.709254,0.193359375,0.00439453125,0.006658435408311902,0.00018677362648270203,3457,Ceiling,250,0.06103515625,0.7582003281617222,2048.0,0.5,False,,,3880812397
1,12,2,0.5,0.494654,0.0,0.0,0.709254,0.193359375,0.00439453125,0.006658435408311902,0.00018677362648270203,3457,Ceiling,325,0.079345703125,0.8436889528615895,2048.0,0.5,False,,,3880812397
1,12,2,0.5,0.494654,0.0,0.0,0.709254,0.193359375,0.00439453125,0.006658435408311902,0.00018677362648270203,3457,Ceiling,423,0.103271484375,0.9127965980738951,2048.0,0.5,False,,,3880812397
1,12,2,0.5,0.494654,0.0,0.0,0.709254,0.193359375,0.00439453125,0.006658435408311902,0.00018677362648270203,3457,Ceiling,550,0.13427734375,0.9675992451621096,2048.0,0.5,False,,,3880812397
1,12,2,0.5,0.494654,0.0,0.0,0.709254,0.193359375,0.00439453125,0.006658435408311902,0.00018677362648270203,3457,Ceiling,715,0.174560546875,0.9975744083772924,2048.0,0.5,False,,,3880812397
1,12,2,0.5,0.494654,0.0,0.0,0.709254,0.193359375,0.00439453125,0.006658435408311902,0.00018677362648270203,3457,Ceiling,931,0.227294921875,0.9999999999999984,2048.0,0.5,False,,,3880812397
1,12,2,0.5,0.494654,0.0,0.0,0.709254,0.193359375,0.00439453125,0.006658435408311902,0.00018677362648270203,3457,Ceiling,1210,0.29541015625,0.9999999999999984,2048.0,0.5,False,,,3880812397
1,12,2,0.5,0.494654,0.0,0.0,0.709254,0.193359375,0.00439453125,0.006658435408311902,0.00018677362648270203,3457,Ceiling,1575,0.384521484375,0.9999999999999984,2048.0,0.5,False,,,3880812397
1,12,2,0.5,0.494654,0.0,0.0,0.709254,0.193359375,0.00439453125,0.006658435408311902,0.00018677362648270203,3457,Ceiling,2048,0.5,0.9999999999999984,2048.0,0.5,False,,,3880812397
1,12,2,0.5,0.494654,0.0,0.0,0.709254,0.193359375,0.00439453125,0.006658435408311902,2.2517654464494234e-05,2833,BARK,1,0.000244140625,2.2517654464494234e-05,792.0,0.193359375,True,,,3880812397
1,12,2,0.5,0.494654,0.0,0.0,0.709254,0.193359375,0.00439453125,0.006658435408311902,2.2517654464494234e-05,2833,BARK,2,0.00048828125,0.0001991915982882335,792.0,0.193359375,True,,,3880812397
1,12,2,0.5,0.494654,0.0,0.0,0.709254,0.193359375,0.00439453125,0.006658435408311902,2.2517654464494234e-05,2833,BARK,3,0.000732421875,0.0007251327155719439,792.0,0.193359375,True,,,3880812397
1,12,2,0.5,0.494654,0.0,0.0,0.709254,0.193359375,0.00439453125,0.006658435408311902,2.2517654464494234e-05,2833,BARK,4,0.0009765625,0.00447520666150784,792.0,0.193359375,True,,,3880812397
1,12,2,0.5,0.494654,0.0,0.0,0.709254,0.193359375,0.00439453125,0.006658435408311902,2.2517654464494234e-05,2833,BARK,5,0.001220703125,0.012553563320229158,792.0,0.193359375,True,,,3880812397
1,12,2,0.5,0.494654,0.0,0.0,0.709254,0.193359375,0.00439453125,0.006658435408311902,2.2517654464494234e-05,2833,BARK,6,0.00146484375,0.02576628794634214,792.0,0.193359375,True,,,3880812397
1,12,2,0.5,0.494654,0.0,0.0,0.709254,0.193359375,0.00439453125,0.006658435408311902,2.2517654464494234e-05,2833,BARK,8,0.001953125,0.03151150174179956,792.0,0.193359375,True,,,3880812397
1,12,2,0.5,0.494654,0.0,0.0,0.709254,0.193359375,0.00439453125,0.006658435408311902,2.2517654464494234e-05,2833,BARK,11,0.002685546875,0.035222122999621804,792.0,0.193359375,True,,,3880812397
1,12,2,0.5,0.494654,0.0,0.0,0.709254,0.193359375,0.00439453125,0.006658435408311902,2.2517654464494234e-05,2833,BARK,14,0.00341796875,0.040414488521221426,792.0,0.193359375,True,,,3880812397
1,12,2,0.5,0.494654,0.0,0.0,0.709254,0.193359375,0.00439453125,0.006658435408311902,2.2517654464494234e-05,2833,BARK,18,0.00439453125,0.047126352758729534,792.0,0.193359375,True,,,3880812397
1,12,2,0.5,0.494654,0.0,0.0,0.709254,0.193359375,0.00439453125,0.006658435408311902,2.2517654464494234e-05,2833,BARK,23,0.005615234375,0.058665592126620356,792.0,0.193359375,True,,,3880812397
1,12,2,0.5,0.494654,0.0,0.0,0.709254,0.193359375,0.00439453125,0.006658435408311902,2.2517654464494234e-05,2833,BARK,31,0.007568359375,0.06942564556160427,792.0,0.193359375,True,,,3880812397
1,12,2,0.5,0.494654,0.0,0.0,0.709254,0.193359375,0.00439453125,0.006658435408311902,2.2517654464494234e-05,2833,BARK,40,0.009765625,0.10166195805974522,792.0,0.193359375,True,,,3880812397
1,12,2,0.5,0.494654,0.0,0.0,0.709254,0.193359375,0.00439453125,0.006658435408311902,2.2517654464494234e-05,2833,BARK,52,0.0126953125,0.15314235050418212,792.0,0.193359375,True,,,3880812397
1,12,2,0.5,0.494654,0.0,0.0,0.709254,0.193359375,0.00439453125,0.006658435408311902,2.2517654464494234e-05,2833,BARK,67,0.016357421875,0.17127138149372526,792.0,0.193359375,True,,,3880812397
1,12,2,0.5,0.494654,0.0,0.0,0.709254,0.193359375,0.00439453125,0.006658435408311902,2.2517654464494234e-05,2833,BARK,87,0.021240234375,0.2245903140249326,792.0,0.193359375,True,,,3880812397
1,12,2,0.5,0.494654,0.0,0.0,0.709254,0.193359375,0.00439453125,0.006658435408311902,2.2517654464494234e-05,2833,BARK,114,0.02783203125,0.25503250261105864,792.0,0.193359375,True,,,3880812397
1,12,2,0.5,0.494654,0.0,0.0,0.709254,0.193359375,0.00439453125,0.006658435408311902,2.2517654464494234e-05,2833,BARK,148,0.0361328125,0.33715783346172473,792.0,0.193359375,True,,,3880812397
1,12,2,0.5,0.494654,0.0,0.0,0.709254,0.193359375,0.00439453125,0.006658435408311902,2.2517654464494234e-05,2833,BARK,192,0.046875,0.3900046170305541,792.0,0.193359375,True,,,3880812397
1,12,2,0.5,0.494654,0.0,0.0,0.709254,0.193359375,0.00439453125,0.006658435408311902,2.2517654464494234e-05,2833,BARK,250,0.06103515625,0.48820451744901705,792.0,0.193359375,True,,,3880812397
1,12,2,0.5,0.494654,0.0,0.0,0.709254,0.193359375,0.00439453125,0.006658435408311902,2.2517654464494234e-05,2833,BARK,325,0.079345703125,0.5615065101039123,792.0,0.193359375,True,,,3880812397
1,12,2,0.5,0.494654,0.0,0.0,0.709254,0.193359375,0.00439453125,0.006658435408311902,2.2517654464494234e-05,2833,BARK,423,0.103271484375,0.7510913784656955,792.0,0.193359375,True,,,3880812397
1,12,2,0.5,0.494654,0.0,0.0,0.709254,0.193359375,0.00439453125,0.006658435408311902,2.2517654464494234e-05,2833,BARK,550,0.13427734375,0.8968232159590291,792.0,0.193359375,True,,,3880812397
1,12,2,0.5,0.494654,0.0,0.0,0.709254,0.193359375,0.00439453125,0.006658435408311902,2.2517654464494234e-05,2833,BARK,715,0.174560546875,0.9830971167758868,792.0,0.193359375,True,,,3880812397
1,12,2,0.5,0.494654,0.0,0.0,0.709254,0.193359375,0.00439453125,0.006658435408311902,2.2517654464494234e-05,2833,BARK,931,0.227294921875,1.0000000000000009,792.0,0.193359375,True,,,3880812397
1,12,2,0.5,0.494654,0.0,0.0,0.709254,0.193359375,0.00439453125,0.006658435408311902,2.2517654464494234e-05,2833,BARK,1210,0.29541015625,1.0000000000000009,792.0,0.193359375,True,,,3880812397
1,12,2,0.5,0.494654,0.0,0.0,0.709254,0.193359375,0.00439453125,0.006658435408311902,2.2517654464494234e-05,2833,BARK,1575,0.384521484375,1.0000000000000009,792.0,0.193359375,True,,,3880812397
1,12,2,0.5,0.494654,0.0,0.0,0.709254,0.193359375,0.00439453125,0.006658435408311902,2.2517654464494234e-05,2833,BARK,2048,0.5,1.0000000000000009,792.0,0.193359375,True,,,3880812397
1,12,2,0.5,0.494654,0.0,0.0,0.709254,0.193359375,0.00439453125,0.006658435408311902,2.2517654464494234e-05,2833,Simplified BARK,1,0.000244140625,2.2517654464494234e-05,792.0,0.193359375,True,,,3880812397
1,12,2,0.5,0.494654,0.0,0.0,0.709254,0.193359375,0.00439453125,0.006658435408311902,2.2517654464494234e-05,2833,Simplified BARK,2,0.00048828125,9.872595179312759e-05,792.0,0.193359375,True,,,3880812397
1,12,2,0.5,0.494654,0.0,0.0,0.709254,0.193359375,0.00439453125,0.006658435408311902,2.2517654464494234e-05,2833,Simplified BARK,3,0.000732421875,0.00019784375699802466,792.0,0.193359375,True,,,3880812397
1,12,2,0.5,0.494654,0.0,0.0,0.709254,0.193359375,0.00439453125,0.006658435408311902,2.2517654464494234e-05,2833,Simplified BARK,4,0.0009765625,0.0002466968180173909,792.0,0.193359375,True,,,3880812397
1,12,2,0.5,0.494654,0.0,0.0,0.709254,0.193359375,0.00439453125,0.006658435408311902,2.2517654464494234e-05,2833,Simplified BARK,5,0.001220703125,0.0002659338884912593,792.0,0.193359375,True,,,3880812397
1,12,2,0.5,0.494654,0.0,0.0,0.709254,0.193359375,0.00439453125,0.006658435408311902,2.2517654464494234e-05,2833,Simplified BARK,6,0.00146484375,0.0002713484153111004,792.0,0.193359375,True,,,3880812397
1,12,2,0.5,0.494654,0.0,0.0,0.709254,0.193359375,0.00439453125,0.006658435408311902,2.2517654464494234e-05,2833,Simplified BARK,8,0.001953125,0.0003727195881591834,792.0,0.193359375,True,,,3880812397
1,12,2,0.5,0.494654,0.0,0.0,0.709254,0.193359375,0.00439453125,0.006658435408311902,2.2517654464494234e-05,2833,Simplified BARK,11,0.002685546875,0.0004360458730194235,792.0,0.193359375,True,,,3880812397
1,12,2,0.5,0.494654,0.0,0.0,0.709254,0.193359375,0.00439453125,0.006658435408311902,2.2517654464494234e-05,2833,Simplified BARK,14,0.00341796875,0.0004982106597895566,792.0,0.193359375,True,,,3880812397
1,12,2,0.5,0.494654,0.0,0.0,0.709254,0.193359375,0.00439453125,0.006658435408311902,2.2517654464494234e-05,2833,Simplified BARK,18,0.00439453125,0.0008141735455172572,792.0,0.193359375,True,,,3880812397
1,12,2,0.5,0.494654,0.0,0.0,0.709254,0.193359375,0.00439453125,0.006658435408311902,2.2517654464494234e-05,2833,Simplified BARK,23,0.005615234375,0.0021268181610785775,792.0,0.193359375,True,,,3880812397
1,12,2,0.5,0.494654,0.0,0.0,0.709254,0.193359375,0.00439453125,0.006658435408311902,2.2517654464494234e-05,2833,Simplified BARK,31,0.007568359375,0.005344692124362498,792.0,0.193359375,True,,,3880812397
1,12,2,0.5,0.494654,0.0,0.0,0.709254,0.193359375,0.00439453125,0.006658435408311902,2.2517654464494234e-05,2833,Simplified BARK,40,0.009765625,0.006194546616870797,792.0,0.193359375,True,,,3880812397
1,12,2,0.5,0.494654,0.0,0.0,0.709254,0.193359375,0.00439453125,0.006658435408311902,2.2517654464494234e-05,2833,Simplified BARK,52,0.0126953125,0.013013935375815827,792.0,0.193359375,True,,,3880812397
1,12,2,0.5,0.494654,0.0,0.0,0.709254,0.193359375,0.00439453125,0.006658435408311902,2.2517654464494234e-05,2833,Simplified BARK,67,0.016357421875,0.023413057829349604,792.0,0.193359375,True,,,3880812397
1,12,2,0.5,0.494654,0.0,0.0,0.709254,0.193359375,0.00439453125,0.006658435408311902,2.2517654464494234e-05,2833,Simplified BARK,87,0.021240234375,0.028520346233466286,792.0,0.193359375,True,,,3880812397
1,12,2,0.5,0.494654,0.0,0.0,0.709254,0.193359375,0.00439453125,0.006658435408311902,2.2517654464494234e-05,2833,Simplified BARK,114,0.02783203125,0.05666582222550275,792.0,0.193359375,True,,,3880812397
1,12,2,0.5,0.494654,0.0,0.0,0.709254,0.193359375,0.00439453125,0.006658435408311902,2.2517654464494234e-05,2833,Simplified BARK,148,0.0361328125,0.08290507816732823,792.0,0.193359375,True,,,3880812397
1,12,2,0.5,0.494654,0.0,0.0,0.709254,0.193359375,0.00439453125,0.006658435408311902,2.2517654464494234e-05,2833,Simplified BARK,192,0.046875,0.20238545222900883,792.0,0.193359375,True,,,3880812397
1,12,2,0.5,0.494654,0.0,0.0,0.709254,0.193359375,0.00439453125,0.006658435408311902,2.2517654464494234e-05,2833,Simplified BARK,250,0.06103515625,0.2482351250730671,792.0,0.193359375,True,,,3880812397
1,12,2,0.5,0.494654,0.0,0.0,0.709254,0.193359375,0.00439453125,0.006658435408311902,2.2517654464494234e-05,2833,Simplified BARK,325,0.079345703125,0.38817695400984037,792.0,0.193359375,True,,,3880812397
1,12,2,0.5,0.494654,0.0,0.0,0.709254,0.193359375,0.00439453125,0.006658435408311902,2.2517654464494234e-05,2833,Simplified BARK,423,0.103271484375,0.5824744601030473,792.0,0.193359375,True,,,3880812397
1,12,2,0.5,0.494654,0.0,0.0,0.709254,0.193359375,0.00439453125,0.006658435408311902,2.2517654464494234e-05,2833,Simplified BARK,550,0.13427734375,0.6964089970454816,792.0,0.193359375,True,,,3880812397
1,12,2,0.5,0.494654,0.0,0.0,0.709254,0.193359375,0.00439453125,0.006658435408311902,2.2517654464494234e-05,2833,Simplified BARK,715,0.174560546875,0.9592443030202029,792.0,0.193359375,True,,,3880812397
1,12,2,0.5,0.494654,0.0,0.0,0.709254,0.193359375,0.00439453125,0.006658435408311902,2.2517654464494234e-05,2833,Simplified BARK,931,0.227294921875,1.0000000000000009,792.0,0.193359375,True,,,3880812397
1,12,2,0.5,0.494654,0.0,0.0,0.709254,0.193359375,0.00439453125,0.006658435408311902,2.2517654464494234e-05,2833,Simplified BARK,1210,0.29541015625,1.0000000000000009,792.0,0.193359375,True,,,3880812397
1,12,2,0.5,0.494654,0.0,0.0,0.709254,0.193359375,0.00439453125,0.006658435408311902,2.2517654464494234e-05,2833,Simplified BARK,1575,0.384521484375,1.0000000000000009,792.0,0.193359375,True,,,3880812397
1,12,2,0.5,0.494654,0.0,0.0,0.709254,0.193359375,0.00439453125,0.006658435408311902,2.2517654464494234e-05,2833,Simplified BARK,2048,0.5,1.0000000000000009,792.0,0.193359375,True,,,3880812397
1,12,2,0.5,0.494654,0.0,0.0,0.709254,0.193359375,0.00439453125,0.006658435408311902,2.2517654464494234e-05,2833,SKQD,1,0.000244140625,2.2517654464494234e-05,790.3333333333334,0.19295247395833334,True,0.02,1000.0,3880812397
1,12,2,0.5,0.494654,0.0,0.0,0.709254,0.193359375,0.00439453125,0.006658435408311902,2.2517654464494234e-05,2833,SKQD,2,0.00048828125,4.0050806060879046e-05,790.3333333333334,0.19295247395833334,True,0.02,1000.0,3880812397
1,12,2,0.5,0.494654,0.0,0.0,0.709254,0.193359375,0.00439453125,0.006658435408311902,2.2517654464494234e-05,2833,SKQD,3,0.000732421875,9.649968875761974e-05,790.3333333333334,0.19295247395833334,True,0.02,1000.0,3880812397
1,12,2,0.5,0.494654,0.0,0.0,0.709254,0.193359375,0.00439453125,0.006658435408311902,2.2517654464494234e-05,2833,SKQD,4,0.0009765625,9.649968875761974e-05,790.3333333333334,0.19295247395833334,True,0.02,1000.0,3880812397
1,12,2,0.5,0.494654,0.0,0.0,0.709254,0.193359375,0.00439453125,0.006658435408311902,2.2517654464494234e-05,2833,SKQD,5,0.001220703125,9.649968875761974e-05,790.3333333333334,0.19295247395833334,True,0.02,1000.0,3880812397
1,12,2,0.5,0.494654,0.0,0.0,0.709254,0.193359375,0.00439453125,0.006658435408311902,2.2517654464494234e-05,2833,SKQD,6,0.00146484375,0.0003371239192838707,790.3333333333334,0.19295247395833334,True,0.02,1000.0,3880812397
1,12,2,0.5,0.494654,0.0,0.0,0.709254,0.193359375,0.00439453125,0.006658435408311902,2.2517654464494234e-05,2833,SKQD,8,0.001953125,0.0005784252991775745,790.3333333333334,0.19295247395833334,True,0.02,1000.0,3880812397
1,12,2,0.5,0.494654,0.0,0.0,0.709254,0.193359375,0.00439453125,0.006658435408311902,2.2517654464494234e-05,2833,SKQD,11,0.002685546875,0.0012117776659643894,790.3333333333334,0.19295247395833334,True,0.02,1000.0,3880812397
1,12,2,0.5,0.494654,0.0,0.0,0.709254,0.193359375,0.00439453125,0.006658435408311902,2.2517654464494234e-05,2833,SKQD,14,0.00341796875,0.0012415494359868072,790.3333333333334,0.19295247395833334,True,0.02,1000.0,3880812397
1,12,2,0.5,0.494654,0.0,0.0,0.709254,0.193359375,0.00439453125,0.006658435408311902,2.2517654464494234e-05,2833,SKQD,18,0.00439453125,0.001982697074788977,790.3333333333334,0.19295247395833334,True,0.02,1000.0,3880812397
1,12,2,0.5,0.494654,0.0,0.0,0.709254,0.193359375,0.00439453125,0.006658435408311902,2.2517654464494234e-05,2833,SKQD,23,0.005615234375,0.004041416990368893,790.3333333333334,0.19295247395833334,True,0.02,1000.0,3880812397
1,12,2,0.5,0.494654,0.0,0.0,0.709254,0.193359375,0.00439453125,0.006658435408311902,2.2517654464494234e-05,2833,SKQD,31,0.007568359375,0.005877086200619445,790.3333333333334,0.19295247395833334,True,0.02,1000.0,3880812397
1,12,2,0.5,0.494654,0.0,0.0,0.709254,0.193359375,0.00439453125,0.006658435408311902,2.2517654464494234e-05,2833,SKQD,40,0.009765625,0.009080781064197392,790.3333333333334,0.19295247395833334,True,0.02,1000.0,3880812397
1,12,2,0.5,0.494654,0.0,0.0,0.709254,0.193359375,0.00439453125,0.006658435408311902,2.2517654464494234e-05,2833,SKQD,52,0.0126953125,0.014895702548941977,790.3333333333334,0.19295247395833334,True,0.02,1000.0,3880812397
1,12,2,0.5,0.494654,0.0,0.0,0.709254,0.193359375,0.00439453125,0.006658435408311902,2.2517654464494234e-05,2833,SKQD,67,0.016357421875,0.024082447966237448,790.3333333333334,0.19295247395833334,True,0.02,1000.0,3880812397
1,12,2,0.5,0.494654,0.0,0.0,0.709254,0.193359375,0.00439453125,0.006658435408311902,2.2517654464494234e-05,2833,SKQD,87,0.021240234375,0.0406511941132666,790.3333333333334,0.19295247395833334,True,0.02,1000.0,3880812397
1,12,2,0.5,0.494654,0.0,0.0,0.709254,0.193359375,0.00439453125,0.006658435408311902,2.2517654464494234e-05,2833,SKQD,114,0.02783203125,0.06293048670627831,790.3333333333334,0.19295247395833334,True,0.02,1000.0,3880812397
1,12,2,0.5,0.494654,0.0,0.0,0.709254,0.193359375,0.00439453125,0.006658435408311902,2.2517654464494234e-05,2833,SKQD,148,0.0361328125,0.09846809142486153,790.3333333333334,0.19295247395833334,True,0.02,1000.0,3880812397
1,12,2,0.5,0.494654,0.0,0.0,0.709254,0.193359375,0.00439453125,0.006658435408311902,2.2517654464494234e-05,2833,SKQD,192,0.046875,0.1488528444504337,790.3333333333334,0.19295247395833334,True,0.02,1000.0,3880812397
1,12,2,0.5,0.494654,0.0,0.0,0.709254,0.193359375,0.00439453125,0.006658435408311902,2.2517654464494234e-05,2833,SKQD,250,0.06103515625,0.22944922173050644,790.3333333333334,0.19295247395833334,True,0.02,1000.0,3880812397
1,12,2,0.5,0.494654,0.0,0.0,0.709254,0.193359375,0.00439453125,0.006658435408311902,2.2517654464494234e-05,2833,SKQD,325,0.079345703125,0.3250180735139427,790.3333333333334,0.19295247395833334,True,0.02,1000.0,3880812397
1,12,2,0.5,0.494654,0.0,0.0,0.709254,0.193359375,0.00439453125,0.006658435408311902,2.2517654464494234e-05,2833,SKQD,423,0.103271484375,0.46430907632201696,790.3333333333334,0.19295247395833334,True,0.02,1000.0,3880812397
1,12,2,0.5,0.494654,0.0,0.0,0.709254,0.193359375,0.00439453125,0.006658435408311902,2.2517654464494234e-05,2833,SKQD,550,0.13427734375,0.6398873144557458,790.3333333333334,0.19295247395833334,True,0.02,1000.0,3880812397
1,12,2,0.5,0.494654,0.0,0.0,0.709254,0.193359375,0.00439453125,0.006658435408311902,2.2517654464494234e-05,2833,SKQD,715,0.174560546875,0.8931966273379031,790.3333333333334,0.19295247395833334,True,0.02,1000.0,3880812397
1,12,2,0.5,0.494654,0.0,0.0,0.709254,0.193359375,0.00439453125,0.006658435408311902,2.2517654464494234e-05,2833,SKQD,931,0.227294921875,0.9996044571228909,790.3333333333334,0.19295247395833334,True,0.02,1000.0,3880812397
1,12,2,0.5,0.494654,0.0,0.0,0.709254,0.193359375,0.00439453125,0.006658435408311902,2.2517654464494234e-05,2833,SKQD,1210,0.29541015625,0.9996044571228909,790.3333333333334,0.19295247395833334,True,0.02,1000.0,3880812397
1,12,2,0.5,0.494654,0.0,0.0,0.709254,0.193359375,0.00439453125,0.006658435408311902,2.2517654464494234e-05,2833,SKQD,1575,0.384521484375,0.9996044571228909,790.3333333333334,0.19295247395833334,True,0.02,1000.0,3880812397
1,12,2,0.5,0.494654,0.0,0.0,0.709254,0.193359375,0.00439453125,0.006658435408311902,2.2517654464494234e-05,2833,SKQD,2048,0.5,0.9996044571228909,790.3333333333334,0.19295247395833334,True,0.02,1000.0,3880812397
1,12,2,0.5,0.494654,0.0,0.0,0.709254,0.193359375,0.00439453125,0.006658435408311902,2.2517654464494234e-05,2833,Ceiling,1,0.000244140625,0.01500280532209317,2048.0,0.5,False,,,3880812397
1,12,2,0.5,0.494654,0.0,0.0,0.709254,0.193359375,0.00439453125,0.006658435408311902,2.2517654464494234e-05,2833,Ceiling,2,0.00048828125,0.030005610644186328,2048.0,0.5,False,,,3880812397
1,12,2,0.5,0.494654,0.0,0.0,0.709254,0.193359375,0.00439453125,0.006658435408311902,2.2517654464494234e-05,2833,Ceiling,3,0.000732421875,0.04326898109059288,2048.0,0.5,False,,,3880812397
1,12,2,0.5,0.494654,0.0,0.0,0.709254,0.193359375,0.00439453125,0.006658435408311902,2.2517654464494234e-05,2833,Ceiling,4,0.0009765625,0.056532351536999426,2048.0,0.5,False,,,3880812397
1,12,2,0.5,0.494654,0.0,0.0,0.709254,0.193359375,0.00439453125,0.006658435408311902,2.2517654464494234e-05,2833,Ceiling,5,0.001220703125,0.06979572198340597,2048.0,0.5,False,,,3880812397
1,12,2,0.5,0.494654,0.0,0.0,0.709254,0.193359375,0.00439453125,0.006658435408311902,2.2517654464494234e-05,2833,Ceiling,6,0.00146484375,0.08305909242981248,2048.0,0.5,False,,,3880812397
1,12,2,0.5,0.494654,0.0,0.0,0.709254,0.193359375,0.00439453125,0.006658435408311902,2.2517654464494234e-05,2833,Ceiling,8,0.001953125,0.10088539443487589,2048.0,0.5,False,,,3880812397
1,12,2,0.5,0.494654,0.0,0.0,0.709254,0.193359375,0.00439453125,0.006658435408311902,2.2517654464494234e-05,2833,Ceiling,11,0.002685546875,0.1267270392641582,2048.0,0.5,False,,,3880812397
1,12,2,0.5,0.494654,0.0,0.0,0.709254,0.193359375,0.00439453125,0.006658435408311902,2.2517654464494234e-05,2833,Ceiling,14,0.00341796875,0.150773067736815,2048.0,0.5,False,,,3880812397
1,12,2,0.5,0.494654,0.0,0.0,0.709254,0.193359375,0.00439453125,0.006658435408311902,2.2517654464494234e-05,2833,Ceiling,18,0.00439453125,0.1774431994084159,2048.0,0.5,False,,,3880812397
1,12,2,0.5,0.494654,0.0,0.0,0.709254,0.193359375,0.00439453125,0.006658435408311902,2.2517654464494234e-05,2833,Ceiling,23,0.005615234375,0.20712541550769167,2048.0,0.5,False,,,3880812397
1,12,2,0.5,0.494654,0.0,0.0,0.709254,0.193359375,0.00439453125,0.006658435408311902,2.2517654464494234e-05,2833,Ceiling,31,0.007568359375,0.2496057322641379,2048.0,0.5,False,,,3880812397
1,12,2,0.5,0.494654,0.0,0.0,0.709254,0.193359375,0.00439453125,0.006658435408311902,2.2517654464494234e-05,2833,Ceiling,40,0.009765625,0.29156935361689457,2048.0,0.5,False,,,3880812397
1,12,2,0.5,0.494654,0.0,0.0,0.709254,0.193359375,0.00439453125,0.006658435408311902,2.2517654464494234e-05,2833,Ceiling,52,0.0126953125,0.3389925982521317,2048.0,0.5,False,,,3880812397
1,12,2,0.5,0.494654,0.0,0.0,0.709254,0.193359375,0.00439453125,0.006658435408311902,2.2517654464494234e-05,2833,Ceiling,67,0.016357421875,0.38863571585762313,2048.0,0.5,False,,,3880812397
1,12,2,0.5,0.494654,0.0,0.0,0.709254,0.193359375,0.00439453125,0.006658435408311902,2.2517654464494234e-05,2833,Ceiling,87,0.021240234375,0.44993183601516457,2048.0,0.5,False,,,3880812397
1,12,2,0.5,0.494654,0.0,0.0,0.709254,0.193359375,0.00439453125,0.006658435408311902,2.2517654464494234e-05,2833,Ceiling,114,0.02783203125,0.5191654630199566,2048.0,0.5,False,,,3880812397
1,12,2,0.5,0.494654,0.0,0.0,0.709254,0.193359375,0.00439453125,0.006658435408311902,2.2517654464494234e-05,2833,Ceiling,148,0.0361328125,0.5950232956971061,2048.0,0.5,False,,,3880812397
1,12,2,0.5,0.494654,0.0,0.0,0.709254,0.193359375,0.00439453125,0.006658435408311902,2.2517654464494234e-05,2833,Ceiling,192,0.046875,0.6744748465223536,2048.0,0.5,False,,,3880812397
1,12,2,0.5,0.494654,0.0,0.0,0.709254,0.193359375,0.00439453125,0.006658435408311902,2.2517654464494234e-05,2833,Ceiling,250,0.06103515625,0.7582003281617222,2048.0,0.5,False,,,3880812397
1,12,2,0.5,0.494654,0.0,0.0,0.709254,0.193359375,0.00439453125,0.006658435408311902,2.2517654464494234e-05,2833,Ceiling,325,0.079345703125,0.8436889528615895,2048.0,0.5,False,,,3880812397
1,12,2,0.5,0.494654,0.0,0.0,0.709254,0.193359375,0.00439453125,0.006658435408311902,2.2517654464494234e-05,2833,Ceiling,423,0.103271484375,0.9127965980738951,2048.0,0.5,False,,,3880812397
1,12,2,0.5,0.494654,0.0,0.0,0.709254,0.193359375,0.00439453125,0.006658435408311902,2.2517654464494234e-05,2833,Ceiling,550,0.13427734375,0.9675992451621096,2048.0,0.5,False,,,3880812397
1,12,2,0.5,0.494654,0.0,0.0,0.709254,0.193359375,0.00439453125,0.006658435408311902,2.2517654464494234e-05,2833,Ceiling,715,0.174560546875,0.9975744083772924,2048.0,0.5,False,,,3880812397
1,12,2,0.5,0.494654,0.0,0.0,0.709254,0.193359375,0.00439453125,0.006658435408311902,2.2517654464494234e-05,2833,Ceiling,931,0.227294921875,0.9999999999999984,2048.0,0.5,False,,,3880812397
1,12,2,0.5,0.494654,0.0,0.0,0.709254,0.193359375,0.00439453125,0.006658435408311902,2.2517654464494234e-05,2833,Ceiling,1210,0.29541015625,0.9999999999999984,2048.0,0.5,False,,,3880812397
1,12,2,0.5,0.494654,0.0,0.0,0.709254,0.193359375,0.00439453125,0.006658435408311902,2.2517654464494234e-05,2833,Ceiling,1575,0.384521484375,0.9999999999999984,2048.0,0.5,False,,,3880812397
1,12,2,0.5,0.494654,0.0,0.0,0.709254,0.193359375,0.00439453125,0.006658435408311902,2.2517654464494234e-05,2833,Ceiling,2048,0.5,0.9999999999999984,2048.0,0.5,False,,,3880812397
1,12,2,0.5,0.494654,0.0,0.0,0.709254,0.193359375,0.00439453125,0.006658435408311902,0.00011453920707287773,2187,BARK,1,0.000244140625,0.00011453920707287773,792.0,0.193359375,True,,,3880812397
1,12,2,0.5,0.494654,0.0,0.0,0.709254,0.193359375,0.00439453125,0.006658435408311902,0.00011453920707287773,2187,BARK,2,0.00048828125,0.0011012833078524141,792.0,0.193359375,True,,,3880812397
1,12,2,0.5,0.494654,0.0,0.0,0.709254,0.193359375,0.00439453125,0.006658435408311902,0.00011453920707287773,2187,BARK,3,0.000732421875,0.006945780087402038,792.0,0.193359375,True,,,3880812397
1,12,2,0.5,0.494654,0.0,0.0,0.709254,0.193359375,0.00439453125,0.006658435408311902,0.00011453920707287773,2187,BARK,4,0.0009765625,0.013827567576113921,792.0,0.193359375,True,,,3880812397
1,12,2,0.5,0.494654,0.0,0.0,0.709254,0.193359375,0.00439453125,0.006658435408311902,0.00011453920707287773,2187,BARK,5,0.001220703125,0.02792043234772275,792.0,0.193359375,True,,,3880812397
1,12,2,0.5,0.494654,0.0,0.0,0.709254,0.193359375,0.00439453125,0.006658435408311902,0.00011453920707287773,2187,BARK,6,0.00146484375,0.040681672830113126,792.0,0.193359375,True,,,3880812397
1,12,2,0.5,0.494654,0.0,0.0,0.709254,0.193359375,0.00439453125,0.006658435408311902,0.00011453920707287773,2187,BARK,8,0.001953125,0.05057028007965272,792.0,0.193359375,True,,,3880812397
1,12,2,0.5,0.494654,0.0,0.0,0.709254,0.193359375,0.00439453125,0.006658435408311902,0.00011453920707287773,2187,BARK,11,0.002685546875,0.05228069769321217,792.0,0.193359375,True,,,3880812397
1,12,2,0.5,0.494654,0.0,0.0,0.709254,0.193359375,0.00439453125,0.006658435408311902,0.00011453920707287773,2187,BARK,14,0.00341796875,0.061450678011142554,792.0,0.193359375,True,,,3880812397
1,12,2,0.5,0.494654,0.0,0.0,0.709254,0.193359375,0.00439453125,0.006658435408311902,0.00011453920707287773,2187,BARK,18,0.00439453125,0.0815535991796059,792.0,0.193359375,True,,,3880812397
1,12,2,0.5,0.494654,0.0,0.0,0.709254,0.193359375,0.00439453125,0.006658435408311902,0.00011453920707287773,2187,BARK,23,0.005615234375,0.08697414662235194,792.0,0.193359375,True,,,3880812397
1,12,2,0.5,0.494654,0.0,0.0,0.709254,0.193359375,0.00439453125,0.006658435408311902,0.00011453920707287773,2187,BARK,31,0.007568359375,0.12762110821640246,792.0,0.193359375,True,,,3880812397
1,12,2,0.5,0.494654,0.0,0.0,0.709254,0.193359375,0.00439453125,0.006658435408311902,0.00011453920707287773,2187,BARK,40,0.009765625,0.16258065016101095,792.0,0.193359375,True,,,3880812397
1,12,2,0.5,0.494654,0.0,0.0,0.709254,0.193359375,0.00439453125,0.006658435408311902,0.00011453920707287773,2187,BARK,52,0.0126953125,0.17649101288411065,792.0,0.193359375,True,,,3880812397
1,12,2,0.5,0.494654,0.0,0.0,0.709254,0.193359375,0.00439453125,0.006658435408311902,0.00011453920707287773,2187,BARK,67,0.016357421875,0.1992919169000262,792.0,0.193359375,True,,,3880812397
1,12,2,0.5,0.494654,0.0,0.0,0.709254,0.193359375,0.00439453125,0.006658435408311902,0.00011453920707287773,2187,BARK,87,0.021240234375,0.22290224677882015,792.0,0.193359375,True,,,3880812397
1,12,2,0.5,0.494654,0.0,0.0,0.709254,0.193359375,0.00439453125,0.006658435408311902,0.00011453920707287773,2187,BARK,114,0.02783203125,0.27514070434100935,792.0,0.193359375,True,,,3880812397
1,12,2,0.5,0.494654,0.0,0.0,0.709254,0.193359375,0.00439453125,0.006658435408311902,0.00011453920707287773,2187,BARK,148,0.0361328125,0.3573297297360689,792.0,0.193359375,True,,,3880812397
1,12,2,0.5,0.494654,0.0,0.0,0.709254,0.193359375,0.00439453125,0.006658435408311902,0.00011453920707287773,2187,BARK,192,0.046875,0.41932612064663266,792.0,0.193359375,True,,,3880812397
1,12,2,0.5,0.494654,0.0,0.0,0.709254,0.193359375,0.00439453125,0.006658435408311902,0.00011453920707287773,2187,BARK,250,0.06103515625,0.49276030873042004,792.0,0.193359375,True,,,3880812397
1,12,2,0.5,0.494654,0.0,0.0,0.709254,0.193359375,0.00439453125,0.006658435408311902,0.00011453920707287773,2187,BARK,325,0.079345703125,0.5914654686221903,792.0,0.193359375,True,,,3880812397
1,12,2,0.5,0.494654,0.0,0.0,0.709254,0.193359375,0.00439453125,0.006658435408311902,0.00011453920707287773,2187,BARK,423,0.103271484375,0.7124140002937118,792.0,0.193359375,True,,,3880812397
1,12,2,0.5,0.494654,0.0,0.0,0.709254,0.193359375,0.00439453125,0.006658435408311902,0.00011453920707287773,2187,BARK,550,0.13427734375,0.8932331202620657,792.0,0.193359375,True,,,3880812397
1,12,2,0.5,0.494654,0.0,0.0,0.709254,0.193359375,0.00439453125,0.006658435408311902,0.00011453920707287773,2187,BARK,715,0.174560546875,0.9797903190644645,792.0,0.193359375,True,,,3880812397
1,12,2,0.5,0.494654,0.0,0.0,0.709254,0.193359375,0.00439453125,0.006658435408311902,0.00011453920707287773,2187,BARK,931,0.227294921875,1.0000000000000013,792.0,0.193359375,True,,,3880812397
1,12,2,0.5,0.494654,0.0,0.0,0.709254,0.193359375,0.00439453125,0.006658435408311902,0.00011453920707287773,2187,BARK,1210,0.29541015625,1.0000000000000013,792.0,0.193359375,True,,,3880812397
1,12,2,0.5,0.494654,0.0,0.0,0.709254,0.193359375,0.00439453125,0.006658435408311902,0.00011453920707287773,2187,BARK,1575,0.384521484375,1.0000000000000013,792.0,0.193359375,True,,,3880812397
1,12,2,0.5,0.494654,0.0,0.0,0.709254,0.193359375,0.00439453125,0.006658435408311902,0.00011453920707287773,2187,BARK,2048,0.5,1.0000000000000013,792.0,0.193359375,True,,,3880812397
1,12,2,0.5,0.494654,0.0,0.0,0.709254,0.193359375,0.00439453125,0.006658435408311902,0.00011453920707287773,2187,Simplified BARK,1,0.000244140625,0.00011453920707287773,792.0,0.193359375,True,,,3880812397
1,12,2,0.5,0.494654,0.0,0.0,0.709254,0.193359375,0.00439453125,0.006658435408311902,0.00011453920707287773,2187,Simplified BARK,2,0.00048828125,0.0008508414140351492,792.0,0.193359375,True,,,3880812397
1,12,2,0.5,0.494654,0.0,0.0,0.709254,0.193359375,0.00439453125,0.006658435408311902,0.00011453920707287773,2187,Simplified BARK,3,0.000732421875,0.0010602198869461433,792.0,0.193359375,True,,,3880812397
1,12,2,0.5,0.494654,0.0,0.0,0.709254,0.193359375,0.00439453125,0.006658435408311902,0.00011453920707287773,2187,Simplified BARK,4,0.0009765625,0.0010625741867426263,792.0,0.193359375,True,,,3880812397
1,12,2,0.5,0.494654,0.0,0.0,0.709254,0.193359375,0.00439453125,0.006658435408311902,0.00011453920707287773,2187,Simplified BARK,5,0.001220703125,0.0010841466727662757,792.0,0.193359375,True,,,3880812397
1,12,2,0.5,0.494654,0.0,0.0,0.709254,0.193359375,0.00439453125,0.006658435408311902,0.00011453920707287773,2187,Simplified BARK,6,0.00146484375,0.0011007994336061705,792.0,0.193359375,True,,,3880812397
1,12,2,0.5,0.494654,0.0,0.0,0.709254,0.193359375,0.00439453125,0.006658435408311902,0.00011453920707287773,2187,Simplified BARK,8,0.001953125,0.0011184477320964582,792.0,0.193359375,True,,,3880812397
1,12,2,0.5,0.494654,0.0,0.0,0.709254,0.193359375,0.00439453125,0.006658435408311902,0.00011453920707287773,2187,Simplified BARK,11,0.002685546875,0.001591395019110263,792.0,0.193359375,True,,,3880812397
1,12,2,0.5,0.494654,0.0,0.0,0.709254,0.193359375,0.00439453125,0.006658435408311902,0.00011453920707287773,2187,Simplified BARK,14,0.00341796875,0.0009280482726556613,792.0,0.193359375,True,,,3880812397
1,12,2,0.5,0.494654,0.0,0.0,0.709254,0.193359375,0.00439453125,0.006658435408311902,0.00011453920707287773,2187,Simplified BARK,18,0.00439453125,0.002111782907218512,792.0,0.193359375,True,,,3880812397
1,12,2,0.5,0.494654,0.0,0.0,0.709254,0.193359375,0.00439453125,0.006658435408311902,0.00011453920707287773,2187,Simplified BARK,23,0.005615234375,0.0030419652280704442,792.0,0.193359375,True,,,3880812397
1,12,2,0.5,0.494654,0.0,0.0,0.709254,0.193359375,0.00439453125,0.006658435408311902,0.00011453920707287773,2187,Simplified BARK,31,0.007568359375,0.005932829420309122,792.0,0.193359375,True,,,3880812397
1,12,2,0.5,0.494654,0.0,0.0,0.709254,0.193359375,0.00439453125,0.006658435408311902,0.00011453920707287773,2187,Simplified BARK,40,0.009765625,0.01102451377511506,792.0,0.193359375,True,,,3880812397
1,12,2,0.5,0.494654,0.0,0.0,0.709254,0.193359375,0.00439453125,0.006658435408311902,0.00011453920707287773,2187,Simplified BARK,52,0.0126953125,0.017951883698178482,792.0,0.193359375,True,,,3880812397
1,12,2,0.5,0.494654,0.0,0.0,0.709254,0.193359375,0.00439453125,0.006658435408311902,0.00011453920707287773,2187,Simplified BARK,67,0.016357421875,0.024214647408622458,792.0,0.193359375,True,,,3880812397
1,12,2,0.5,0.494654,0.0,0.0,0.709254,0.193359375,0.00439453125,0.006658435408311902,0.00011453920707287773,2187,Simplified BARK,87,0.021240234375,0.03295762156449534,792.0,0.193359375,True,,,3880812397
1,12,2,0.5,0.494654,0.0,0.0,0.709254,0.193359375,0.00439453125,0.006658435408311902,0.00011453920707287773,2187,Simplified BARK,114,0.02783203125,0.056717723253798674,792.0,0.193359375,True,,,3880812397
1,12,2,0.5,0.494654,0.0,0.0,0.709254,0.193359375,0.00439453125,0.006658435408311902,0.00011453920707287773,2187,Simplified BARK,148,0.0361328125,0.08293946849130954,792.0,0.193359375,True,,,3880812397
1,12,2,0.5,0.494654,0.0,0.0,0.709254,0.193359375,0.00439453125,0.006658435408311902,0.00011453920707287773,2187,Simplified BARK,192,0.046875,0.2026529619520288,792.0,0.193359375,True,,,3880812397
1,12,2,0.5,0.494654,0.0,0.0,0.709254,0.193359375,0.00439453125,0.006658435408311902,0.00011453920707287773,2187,Simplified BARK,250,0.06103515625,0.2462593005224511,792.0,0.193359375,True,,,3880812397
1,12,2,0.5,0.494654,0.0,0.0,0.709254,0.193359375,0.00439453125,0.006658435408311902,0.00011453920707287773,2187,Simplified BARK,325,0.079345703125,0.3882302870987791,792.0,0.193359375,True,,,3880812397
1,12,2,0.5,0.494654,0.0,0.0,0.709254,0.193359375,0.00439453125,0.006658435408311902,0.00011453920707287773,2187,Simplified BARK,423,0.103271484375,0.5825149954918158,792.0,0.193359375,True,,,3880812397
1,12,2,0.5,0.494654,0.0,0.0,0.709254,0.193359375,0.00439453125,0.006658435408311902,0.00011453920707287773,2187,Simplified BARK,550,0.13427734375,0.6965721626962121,792.0,0.193359375,True,,,3880812397
1,12,2,0.5,0.494654,0.0,0.0,0.709254,0.193359375,0.00439453125,0.006658435408311902,0.00011453920707287773,2187,Simplified BARK,715,0.174560546875,0.9592443030202029,792.0,0.193359375,True,,,3880812397
1,12,2,0.5,0.494654,0.0,0.0,0.709254,0.193359375,0.00439453125,0.006658435408311902,0.00011453920707287773,2187,Simplified BARK,931,0.227294921875,1.0000000000000009,792.0,0.193359375,True,,,3880812397
1,12,2,0.5,0.494654,0.0,0.0,0.709254,0.193359375,0.00439453125,0.006658435408311902,0.00011453920707287773,2187,Simplified BARK,1210,0.29541015625,1.0000000000000009,792.0,0.193359375,True,,,3880812397
1,12,2,0.5,0.494654,0.0,0.0,0.709254,0.193359375,0.00439453125,0.006658435408311902,0.00011453920707287773,2187,Simplified BARK,1575,0.384521484375,1.0000000000000009,792.0,0.193359375,True,,,3880812397
1,12,2,0.5,0.494654,0.0,0.0,0.709254,0.193359375,0.00439453125,0.006658435408311902,0.00011453920707287773,2187,Simplified BARK,2048,0.5,1.0000000000000009,792.0,0.193359375,True,,,3880812397
1,12,2,0.5,0.494654,0.0,0.0,0.709254,0.193359375,0.00439453125,0.006658435408311902,0.00011453920707287773,2187,SKQD,1,0.000244140625,0.00011453920707287775,791.6666666666666,0.19327799479166666,True,0.02,1000.0,3880812397
1,12,2,0.5,0.494654,0.0,0.0,0.709254,0.193359375,0.00439453125,0.006658435408311902,0.00011453920707287773,2187,SKQD,2,0.00048828125,0.00030961481975776253,791.6666666666666,0.19327799479166666,True,0.02,1000.0,3880812397
1,12,2,0.5,0.494654,0.0,0.0,0.709254,0.193359375,0.00439453125,0.006658435408311902,0.00011453920707287773,2187,SKQD,3,0.000732421875,0.00030961481975776253,791.6666666666666,0.19327799479166666,True,0.02,1000.0,3880812397
1,12,2,0.5,0.494654,0.0,0.0,0.709254,0.193359375,0.00439453125,0.006658435408311902,0.00011453920707287773,2187,SKQD,4,0.0009765625,0.000778820682243736,791.6666666666666,0.19327799479166666,True,0.02,1000.0,3880812397
1,12,2,0.5,0.494654,0.0,0.0,0.709254,0.193359375,0.00439453125,0.006658435408311902,0.00011453920707287773,2187,SKQD,5,0.001220703125,0.0012596133677653116,791.6666666666666,0.19327799479166666,True,0.02,1000.0,3880812397
1,12,2,0.5,0.494654,0.0,0.0,0.709254,0.193359375,0.00439453125,0.006658435408311902,0.00011453920707287773,2187,SKQD,6,0.00146484375,0.0012596133677653116,791.6666666666666,0.19327799479166666,True,0.02,1000.0,3880812397
1,12,2,0.5,0.494654,0.0,0.0,0.709254,0.193359375,0.00439453125,0.006658435408311902,0.00011453920707287773,2187,SKQD,8,0.001953125,0.0027877081796425437,791.6666666666666,0.19327799479166666,True,0.02,1000.0,3880812397
1,12,2,0.5,0.494654,0.0,0.0,0.709254,0.193359375,0.00439453125,0.006658435408311902,0.00011453920707287773,2187,SKQD,11,0.002685546875,0.006473680959050796,791.6666666666666,0.19327799479166666,True,0.02,1000.0,3880812397
1,12,2,0.5,0.494654,0.0,0.0,0.709254,0.193359375,0.00439453125,0.006658435408311902,0.00011453920707287773,2187,SKQD,14,0.00341796875,0.007836400895286416,791.6666666666666,0.19327799479166666,True,0.02,1000.0,3880812397
1,12,2,0.5,0.494654,0.0,0.0,0.709254,0.193359375,0.00439453125,0.006658435408311902,0.00011453920707287773,2187,SKQD,18,0.00439453125,0.010098947360330015,791.6666666666666,0.19327799479166666,True,0.02,1000.0,3880812397
1,12,2,0.5,0.494654,0.0,0.0,0.709254,0.193359375,0.00439453125,0.006658435408311902,0.00011453920707287773,2187,SKQD,23,0.005615234375,0.014847645305695033,791.6666666666666,0.19327799479166666,True,0.02,1000.0,3880812397
1,12,2,0.5,0.494654,0.0,0.0,0.709254,0.193359375,0.00439453125,0.006658435408311902,0.00011453920707287773,2187,SKQD,31,0.007568359375,0.018840793180820183,791.6666666666666,0.19327799479166666,True,0.02,1000.0,3880812397
1,12,2,0.5,0.494654,0.0,0.0,0.709254,0.193359375,0.00439453125,0.006658435408311902,0.00011453920707287773,2187,SKQD,40,0.009765625,0.03195046986238723,791.6666666666666,0.19327799479166666,True,0.02,1000.0,3880812397
1,12,2,0.5,0.494654,0.0,0.0,0.709254,0.193359375,0.00439453125,0.006658435408311902,0.00011453920707287773,2187,SKQD,52,0.0126953125,0.04278007257173877,791.6666666666666,0.19327799479166666,True,0.02,1000.0,3880812397
1,12,2,0.5,0.494654,0.0,0.0,0.709254,0.193359375,0.00439453125,0.006658435408311902,0.00011453920707287773,2187,SKQD,67,0.016357421875,0.056857735029602056,791.6666666666666,0.19327799479166666,True,0.02,1000.0,3880812397
1,12,2,0.5,0.494654,0.0,0.0,0.709254,0.193359375,0.00439453125,0.006658435408311902,0.00011453920707287773,2187,SKQD,87,0.021240234375,0.07690075527838665,791.6666666666666,0.19327799479166666,True,0.02,1000.0,3880812397
1,12,2,0.5,0.494654,0.0,0.0,0.709254,0.193359375,0.00439453125,0.006658435408311902,0.00011453920707287773,2187,SKQD,114,0.02783203125,0.10474355177519112,791.6666666666666,0.19327799479166666,True,0.02,1000.0,3880812397
1,12,2,0.5,0.494654,0.0,0.0,0.709254,0.193359375,0.00439453125,0.006658435408311902,0.00011453920707287773,2187,SKQD,148,0.0361328125,0.13200018895007284,791.6666666666666,0.19327799479166666,True,0.02,1000.0,3880812397
1,12,2,0.5,0.494654,0.0,0.0,0.709254,0.193359375,0.00439453125,0.006658435408311902,0.00011453920707287773,2187,SKQD,192,0.046875,0.20077342608678764,791.6666666666666,0.19327799479166666,True,0.02,1000.0,3880812397
1,12,2,0.5,0.494654,0.0,0.0,0.709254,0.193359375,0.00439453125,0.006658435408311902,0.00011453920707287773,2187,SKQD,250,0.06103515625,0.2630858310372785,791.6666666666666,0.19327799479166666,True,0.02,1000.0,3880812397
1,12,2,0.5,0.494654,0.0,0.0,0.709254,0.193359375,0.00439453125,0.006658435408311902,0.00011453920707287773,2187,SKQD,325,0.079345703125,0.33087168626184055,791.6666666666666,0.19327799479166666,True,0.02,1000.0,3880812397
1,12,2,0.5,0.494654,0.0,0.0,0.709254,0.193359375,0.00439453125,0.006658435408311902,0.00011453920707287773,2187,SKQD,423,0.103271484375,0.4320648582625472,791.6666666666666,0.19327799479166666,True,0.02,1000.0,3880812397
1,12,2,0.5,0.494654,0.0,0.0,0.709254,0.193359375,0.00439453125,0.006658435408311902,0.00011453920707287773,2187,SKQD,550,0.13427734375,0.613413376679426,791.6666666666666,0.19327799479166666,True,0.02,1000.0,3880812397
1,12,2,0.5,0.494654,0.0,0.0,0.709254,0.193359375,0.00439453125,0.006658435408311902,0.00011453920707287773,2187,SKQD,715,0.174560546875,0.8988970991827191,791.6666666666666,0.19327799479166666,True,0.02,1000.0,3880812397
1,12,2,0.5,0.494654,0.0,0.0,0.709254,0.193359375,0.00439453125,0.006658435408311902,0.00011453920707287773,2187,SKQD,931,0.227294921875,0.9999919501993048,791.6666666666666,0.19327799479166666,True,0.02,1000.0,3880812397
1,12,2,0.5,0.494654,0.0,0.0,0.709254,0.193359375,0.00439453125,0.006658435408311902,0.00011453920707287773,2187,SKQD,1210,0.29541015625,0.9999919501993048,791.6666666666666,0.19327799479166666,True,0.02,1000.0,3880812397
1,12,2,0.5,0.494654,0.0,0.0,0.709254,0.193359375,0.00439453125,0.006658435408311902,0.00011453920707287773,2187,SKQD,1575,0.384521484375,0.9999919501993048,791.6666666666666,0.19327799479166666,True,0.02,1000.0,3880812397
1,12,2,0.5,0.494654,0.0,0.0,0.709254,0.193359375,0.00439453125,0.006658435408311902,0.00011453920707287773,2187,SKQD,2048,0.5,0.9999919501993048,791.6666666666666,0.19327799479166666,True,0.02,1000.0,3880812397
1,12,2,0.5,0.494654,0.0,0.0,0.709254,0.193359375,0.00439453125,0.006658435408311902,0.00011453920707287773,2187,Ceiling,1,0.000244140625,0.01500280532209317,2048.0,0.5,False,,,3880812397
1,12,2,0.5,0.494654,0.0,0.0,0.709254,0.193359375,0.00439453125,0.006658435408311902,0.00011453920707287773,2187,Ceiling,2,0.00048828125,0.030005610644186328,2048.0,0.5,False,,,3880812397
1,12,2,0.5,0.494654,0.0,0.0,0.709254,0.193359375,0.00439453125,0.006658435408311902,0.00011453920707287773,2187,Ceiling,3,0.000732421875,0.04326898109059288,2048.0,0.5,False,,,3880812397
1,12,2,0.5,0.494654,0.0,0.0,0.709254,0.193359375,0.00439453125,0.006658435408311902,0.00011453920707287773,2187,Ceiling,4,0.0009765625,0.056532351536999426,2048.0,0.5,False,,,3880812397
1,12,2,0.5,0.494654,0.0,0.0,0.709254,0.193359375,0.00439453125,0.006658435408311902,0.00011453920707287773,2187,Ceiling,5,0.001220703125,0.06979572198340597,2048.0,0.5,False,,,3880812397
1,12,2,0.5,0.494654,0.0,0.0,0.709254,0.193359375,0.00439453125,0.006658435408311902,0.00011453920707287773,2187,Ceiling,6,0.00146484375,0.08305909242981248,2048.0,0.5,False,,,3880812397
1,12,2,0.5,0.494654,0.0,0.0,0.709254,0.193359375,0.00439453125,0.006658435408311902,0.00011453920707287773,2187,Ceiling,8,0.001953125,0.10088539443487589,2048.0,0.5,False,,,3880812397
1,12,2,0.5,0.494654,0.0,0.0,0.709254,0.193359375,0.00439453125,0.006658435408311902,0.00011453920707287773,2187,Ceiling,11,0.002685546875,0.1267270392641582,2048.0,0.5,False,,,3880812397
1,12,2,0.5,0.494654,0.0,0.0,0.709254,0.193359375,0.00439453125,0.006658435408311902,0.00011453920707287773,2187,Ceiling,14,0.00341796875,0.150773067736815,2048.0,0.5,False,,,3880812397
1,12,2,0.5,0.494654,0.0,0.0,0.709254,0.193359375,0.00439453125,0.006658435408311902,0.00011453920707287773,2187,Ceiling,18,0.00439453125,0.1774431994084159,2048.0,0.5,False,,,3880812397
1,12,2,0.5,0.494654,0.0,0.0,0.709254,0.193359375,0.00439453125,0.006658435408311902,0.00011453920707287773,2187,Ceiling,23,0.005615234375,0.20712541550769167,2048.0,0.5,False,,,3880812397
1,12,2,0.5,0.494654,0.0,0.0,0.709254,0.193359375,0.00439453125,0.006658435408311902,0.00011453920707287773,2187,Ceiling,31,0.007568359375,0.2496057322641379,2048.0,0.5,False,,,3880812397
1,12,2,0.5,0.494654,0.0,0.0,0.709254,0.193359375,0.00439453125,0.006658435408311902,0.00011453920707287773,2187,Ceiling,40,0.009765625,0.29156935361689457,2048.0,0.5,False,,,3880812397
1,12,2,0.5,0.494654,0.0,0.0,0.709254,0.193359375,0.00439453125,0.006658435408311902,0.00011453920707287773,2187,Ceiling,52,0.0126953125,0.3389925982521317,2048.0,0.5,False,,,3880812397
1,12,2,0.5,0.494654,0.0,0.0,0.709254,0.193359375,0.00439453125,0.006658435408311902,0.00011453920707287773,2187,Ceiling,67,0.016357421875,0.38863571585762313,2048.0,0.5,False,,,3880812397
1,12,2,0.5,0.494654,0.0,0.0,0.709254,0.193359375,0.00439453125,0.006658435408311902,0.00011453920707287773,2187,Ceiling,87,0.021240234375,0.44993183601516457,2048.0,0.5,False,,,3880812397
1,12,2,0.5,0.494654,0.0,0.0,0.709254,0.193359375,0.00439453125,0.006658435408311902,0.00011453920707287773,2187,Ceiling,114,0.02783203125,0.5191654630199566,2048.0,0.5,False,,,3880812397
1,12,2,0.5,0.494654,0.0,0.0,0.709254,0.193359375,0.00439453125,0.006658435408311902,0.00011453920707287773,2187,Ceiling,148,0.0361328125,0.5950232956971061,2048.0,0.5,False,,,3880812397
1,12,2,0.5,0.494654,0.0,0.0,0.709254,0.193359375,0.00439453125,0.006658435408311902,0.00011453920707287773,2187,Ceiling,192,0.046875,0.6744748465223536,2048.0,0.5,False,,,3880812397
1,12,2,0.5,0.494654,0.0,0.0,0.709254,0.193359375,0.00439453125,0.006658435408311902,0.00011453920707287773,2187,Ceiling,250,0.06103515625,0.7582003281617222,2048.0,0.5,False,,,3880812397
1,12,2,0.5,0.494654,0.0,0.0,0.709254,0.193359375,0.00439453125,0.006658435408311902,0.00011453920707287773,2187,Ceiling,325,0.079345703125,0.8436889528615895,2048.0,0.5,False,,,3880812397
1,12,2,0.5,0.494654,0.0,0.0,0.709254,0.193359375,0.00439453125,0.006658435408311902,0.00011453920707287773,2187,Ceiling,423,0.103271484375,0.9127965980738951,2048.0,0.5,False,,,3880812397
1,12,2,0.5,0.494654,0.0,0.0,0.709254,0.193359375,0.00439453125,0.006658435408311902,0.00011453920707287773,2187,Ceiling,550,0.13427734375,0.9675992451621096,2048.0,0.5,False,,,3880812397
1,12,2,0.5,0.494654,0.0,0.0,0.709254,0.193359375,0.00439453125,0.006658435408311902,0.00011453920707287773,2187,Ceiling,715,0.174560546875,0.9975744083772924,2048.0,0.5,False,,,3880812397
1,12,2,0.5,0.494654,0.0,0.0,0.709254,0.193359375,0.00439453125,0.006658435408311902,0.00011453920707287773,2187,Ceiling,931,0.227294921875,0.9999999999999984,2048.0,0.5,False,,,3880812397
1,12,2,0.5,0.494654,0.0,0.0,0.709254,0.193359375,0.00439453125,0.006658435408311902,0.00011453920707287773,2187,Ceiling,1210,0.29541015625,0.9999999999999984,2048.0,0.5,False,,,3880812397
1,12,2,0.5,0.494654,0.0,0.0,0.709254,0.193359375,0.00439453125,0.006658435408311902,0.00011453920707287773,2187,Ceiling,1575,0.384521484375,0.9999999999999984,2048.0,0.5,False,,,3880812397
1,12,2,0.5,0.494654,0.0,0.0,0.709254,0.193359375,0.00439453125,0.006658435408311902,0.00011453920707287773,2187,Ceiling,2048,0.5,0.9999999999999984,2048.0,0.5,False,,,3880812397
9,12,2,0.5,0.454189,0.0,0.0,0.225511,0.22509765625,0.00439453125,0.07621020537142797,0.00028149851884813983,854,BARK,1,0.000244140625,0.00028149851884813983,924.0,0.2255859375,True,,,1382565197
9,12,2,0.5,0.454189,0.0,0.0,0.225511,0.22509765625,0.00439453125,0.07621020537142797,0.00028149851884813983,854,BARK,2,0.00048828125,0.0014963747739207697,924.0,0.2255859375,True,,,1382565197
9,12,2,0.5,0.454189,0.0,0.0,0.225511,0.22509765625,0.00439453125,0.07621020537142797,0.00028149851884813983,854,BARK,3,0.000732421875,0.005916104484553502,924.0,0.2255859375,True,,,1382565197
9,12,2,0.5,0.454189,0.0,0.0,0.225511,0.22509765625,0.00439453125,0.07621020537142797,0.00028149851884813983,854,BARK,4,0.0009765625,0.015199266351326284,924.0,0.2255859375,True,,,1382565197
9,12,2,0.5,0.454189,0.0,0.0,0.225511,0.22509765625,0.00439453125,0.07621020537142797,0.00028149851884813983,854,BARK,5,0.001220703125,0.047079797439107264,924.0,0.2255859375,True,,,1382565197
9,12,2,0.5,0.454189,0.0,0.0,0.225511,0.22509765625,0.00439453125,0.07621020537142797,0.00028149851884813983,854,BARK,6,0.00146484375,0.05733284409335188,924.0,0.2255859375,True,,,1382565197
9,12,2,0.5,0.454189,0.0,0.0,0.225511,0.22509765625,0.00439453125,0.07621020537142797,0.00028149851884813983,854,BARK,8,0.001953125,0.06847145529713827,924.0,0.2255859375,True,,,1382565197
9,12,2,0.5,0.454189,0.0,0.0,0.225511,0.22509765625,0.00439453125,0.07621020537142797,0.00028149851884813983,854,BARK,11,0.002685546875,0.0762112640551346,924.0,0.2255859375,True,,,1382565197
9,12,2,0.5,0.454189,0.0,0.0,0.225511,0.22509765625,0.00439453125,0.07621020537142797,0.00028149851884813983,854,BARK,14,0.00341796875,0.07859459941394517,924.0,0.2255859375,True,,,1382565197
9,12,2,0.5,0.454189,0.0,0.0,0.225511,0.22509765625,0.00439453125,0.07621020537142797,0.00028149851884813983,854,BARK,18,0.00439453125,0.09354678436409215,924.0,0.2255859375,True,,,1382565197
9,12,2,0.5,0.454189,0.0,0.0,0.225511,0.22509765625,0.00439453125,0.07621020537142797,0.00028149851884813983,854,BARK,23,0.005615234375,0.11114272420694667,924.0,0.2255859375,True,,,1382565197
9,12,2,0.5,0.454189,0.0,0.0,0.225511,0.22509765625,0.00439453125,0.07621020537142797,0.00028149851884813983,854,BARK,31,0.007568359375,0.1349902978644326,924.0,0.2255859375,True,,,1382565197
9,12,2,0.5,0.454189,0.0,0.0,0.225511,0.22509765625,0.00439453125,0.07621020537142797,0.00028149851884813983,854,BARK,40,0.009765625,0.16862470154845488,924.0,0.2255859375,True,,,1382565197
9,12,2,0.5,0.454189,0.0,0.0,0.225511,0.22509765625,0.00439453125,0.07621020537142797,0.00028149851884813983,854,BARK,52,0.0126953125,0.19197041528123865,924.0,0.2255859375,True,,,1382565197
9,12,2,0.5,0.454189,0.0,0.0,0.225511,0.22509765625,0.00439453125,0.07621020537142797,0.00028149851884813983,854,BARK,67,0.016357421875,0.22935260735108307,924.0,0.2255859375,True,,,1382565197
9,12,2,0.5,0.454189,0.0,0.0,0.225511,0.22509765625,0.00439453125,0.07621020537142797,0.00028149851884813983,854,BARK,87,0.021240234375,0.24082652420947895,924.0,0.2255859375,True,,,1382565197
9,12,2,0.5,0.454189,0.0,0.0,0.225511,0.22509765625,0.00439453125,0.07621020537142797,0.00028149851884813983,854,BARK,114,0.02783203125,0.2775518429625663,924.0,0.2255859375,True,,,1382565197
9,12,2,0.5,0.454189,0.0,0.0,0.225511,0.22509765625,0.00439453125,0.07621020537142797,0.00028149851884813983,854,BARK,148,0.0361328125,0.35214017519473373,924.0,0.2255859375,True,,,1382565197
9,12,2,0.5,0.454189,0.0,0.0,0.225511,0.22509765625,0.00439453125,0.07621020537142797,0.00028149851884813983,854,BARK,192,0.046875,0.41703853756082415,924.0,0.2255859375,True,,,1382565197
9,12,2,0.5,0.454189,0.0,0.0,0.225511,0.22509765625,0.00439453125,0.07621020537142797,0.00028149851884813983,854,BARK,250,0.06103515625,0.554741896179015,924.0,0.2255859375,True,,,1382565197
9,12,2,0.5,0.454189,0.0,0.0,0.225511,0.22509765625,0.00439453125,0.07621020537142797,0.00028149851884813983,854,BARK,325,0.079345703125,0.671778062129217,924.0,0.2255859375,True,,,1382565197
9,12,2,0.5,0.454189,0.0,0.0,0.225511,0.22509765625,0.00439453125,0.07621020537142797,0.00028149851884813983,854,BARK,423,0.103271484375,0.8117574199744234,924.0,0.2255859375,True,,,1382565197
9,12,2,0.5,0.454189,0.0,0.0,0.225511,0.22509765625,0.00439453125,0.07621020537142797,0.00028149851884813983,854,BARK,550,0.13427734375,0.8963162221666968,924.0,0.2255859375,True,,,1382565197
9,12,2,0.5,0.454189,0.0,0.0,0.225511,0.22509765625,0.00439453125,0.07621020537142797,0.00028149851884813983,854,BARK,715,0.174560546875,0.9622091190186671,924.0,0.2255859375,True,,,1382565197
9,12,2,0.5,0.454189,0.0,0.0,0.225511,0.22509765625,0.00439453125,0.07621020537142797,0.00028149851884813983,854,BARK,931,0.227294921875,1.0000000000000004,924.0,0.2255859375,True,,,1382565197
9,12,2,0.5,0.454189,0.0,0.0,0.225511,0.22509765625,0.00439453125,0.07621020537142797,0.00028149851884813983,854,BARK,1210,0.29541015625,1.0000000000000004,924.0,0.2255859375,True,,,1382565197
9,12,2,0.5,0.454189,0.0,0.0,0.225511,0.22509765625,0.00439453125,0.07621020537142797,0.00028149851884813983,854,BARK,1575,0.384521484375,1.0000000000000004,924.0,0.2255859375,True,,,1382565197
9,12,2,0.5,0.454189,0.0,0.0,0.225511,0.22509765625,0.00439453125,0.07621020537142797,0.00028149851884813983,854,BARK,2048,0.5,1.0000000000000004,924.0,0.2255859375,True,,,1382565197
9,12,2,0.5,0.454189,0.0,0.0,0.225511,0.22509765625,0.00439453125,0.07621020537142797,0.00028149851884813983,854,Simplified BARK,1,0.000244140625,0.00028149851884813983,924.0,0.2255859375,True,,,1382565197
9,12,2,0.5,0.454189,0.0,0.0,0.225511,0.22509765625,0.00439453125,0.07621020537142797,0.00028149851884813983,854,Simplified BARK,2,0.00048828125,0.0003531842393112876,924.0,0.2255859375,True,,,1382565197
9,12,2,0.5,0.454189,0.0,0.0,0.225511,0.22509765625,0.00439453125,0.07621020537142797,0.00028149851884813983,854,Simplified BARK,3,0.000732421875,0.0004177294889265558,924.0,0.2255859375,True,,,1382565197
9,12,2,0.5,0.454189,0.0,0.0,0.225511,0.22509765625,0.00439453125,0.07621020537142797,0.00028149851884813983,854,Simplified BARK,4,0.0009765625,0.00043089312140504233,924.0,0.2255859375,True,,,1382565197
9,12,2,0.5,0.454189,0.0,0.0,0.225511,0.22509765625,0.00439453125,0.07621020537142797,0.00028149851884813983,854,Simplified BARK,5,0.001220703125,0.0004640211009324282,924.0,0.2255859375,True,,,1382565197
9,12,2,0.5,0.454189,0.0,0.0,0.225511,0.22509765625,0.00439453125,0.07621020537142797,0.00028149851884813983,854,Simplified BARK,6,0.00146484375,0.0004766298070473935,924.0,0.2255859375,True,,,1382565197
9,12,2,0.5,0.454189,0.0,0.0,0.225511,0.22509765625,0.00439453125,0.07621020537142797,0.00028149851884813983,854,Simplified BARK,8,0.001953125,0.0004876869660955477,924.0,0.2255859375,True,,,1382565197
9,12,2,0.5,0.454189,0.0,0.0,0.225511,0.22509765625,0.00439453125,0.07621020537142797,0.00028149851884813983,854,Simplified BARK,11,0.002685546875,0.0005718078980464705,924.0,0.2255859375,True,,,1382565197
9,12,2,0.5,0.454189,0.0,0.0,0.225511,0.22509765625,0.00439453125,0.07621020537142797,0.00028149851884813983,854,Simplified BARK,14,0.00341796875,0.0006816912478336978,924.0,0.2255859375,True,,,1382565197
9,12,2,0.5,0.454189,0.0,0.0,0.225511,0.22509765625,0.00439453125,0.07621020537142797,0.00028149851884813983,854,Simplified BARK,18,0.00439453125,0.001163382530243158,924.0,0.2255859375,True,,,1382565197
9,12,2,0.5,0.454189,0.0,0.0,0.225511,0.22509765625,0.00439453125,0.07621020537142797,0.00028149851884813983,854,Simplified BARK,23,0.005615234375,0.0017533860125943492,924.0,0.2255859375,True,,,1382565197
9,12,2,0.5,0.454189,0.0,0.0,0.225511,0.22509765625,0.00439453125,0.07621020537142797,0.00028149851884813983,854,Simplified BARK,31,0.007568359375,0.004520906113641139,924.0,0.2255859375,True,,,1382565197
9,12,2,0.5,0.454189,0.0,0.0,0.225511,0.22509765625,0.00439453125,0.07621020537142797,0.00028149851884813983,854,Simplified BARK,40,0.009765625,0.004623295484833423,924.0,0.2255859375,True,,,1382565197
9,12,2,0.5,0.454189,0.0,0.0,0.225511,0.22509765625,0.00439453125,0.07621020537142797,0.00028149851884813983,854,Simplified BARK,52,0.0126953125,0.007084892062108362,924.0,0.2255859375,True,,,1382565197
9,12,2,0.5,0.454189,0.0,0.0,0.225511,0.22509765625,0.00439453125,0.07621020537142797,0.00028149851884813983,854,Simplified BARK,67,0.016357421875,0.011849599609043172,924.0,0.2255859375,True,,,1382565197
9,12,2,0.5,0.454189,0.0,0.0,0.225511,0.22509765625,0.00439453125,0.07621020537142797,0.00028149851884813983,854,Simplified BARK,87,0.021240234375,0.029800876865231755,924.0,0.2255859375,True,,,1382565197
9,12,2,0.5,0.454189,0.0,0.0,0.225511,0.22509765625,0.00439453125,0.07621020537142797,0.00028149851884813983,854,Simplified BARK,114,0.02783203125,0.03702527852671877,924.0,0.2255859375,True,,,1382565197
9,12,2,0.5,0.454189,0.0,0.0,0.225511,0.22509765625,0.00439453125,0.07621020537142797,0.00028149851884813983,854,Simplified BARK,148,0.0361328125,0.07959452129560808,924.0,0.2255859375,True,,,1382565197
9,12,2,0.5,0.454189,0.0,0.0,0.225511,0.22509765625,0.00439453125,0.07621020537142797,0.00028149851884813983,854,Simplified BARK,192,0.046875,0.09231972710542728,924.0,0.2255859375,True,,,1382565197
9,12,2,0.5,0.454189,0.0,0.0,0.225511,0.22509765625,0.00439453125,0.07621020537142797,0.00028149851884813983,854,Simplified BARK,250,0.06103515625,0.13697052868436785,924.0,0.2255859375,True,,,1382565197
9,12,2,0.5,0.454189,0.0,0.0,0.225511,0.22509765625,0.00439453125,0.07621020537142797,0.00028149851884813983,854,Simplified BARK,325,0.079345703125,0.3074847450135837,924.0,0.2255859375,True,,,1382565197
9,12,2,0.5,0.454189,0.0,0.0,0.225511,0.22509765625,0.00439453125,0.07621020537142797,0.00028149851884813983,854,Simplified BARK,423,0.103271484375,0.4573402658253403,924.0,0.2255859375,True,,,1382565197
9,12,2,0.5,0.454189,0.0,0.0,0.225511,0.22509765625,0.00439453125,0.07621020537142797,0.00028149851884813983,854,Simplified BARK,550,0.13427734375,0.550925771378761,924.0,0.2255859375,True,,,1382565197
9,12,2,0.5,0.454189,0.0,0.0,0.225511,0.22509765625,0.00439453125,0.07621020537142797,0.00028149851884813983,854,Simplified BARK,715,0.174560546875,0.8651566017505435,924.0,0.2255859375,True,,,1382565197
9,12,2,0.5,0.454189,0.0,0.0,0.225511,0.22509765625,0.00439453125,0.07621020537142797,0.00028149851884813983,854,Simplified BARK,931,0.227294921875,0.9999999999999996,924.0,0.2255859375,True,,,1382565197
9,12,2,0.5,0.454189,0.0,0.0,0.225511,0.22509765625,0.00439453125,0.07621020537142797,0.00028149851884813983,854,Simplified BARK,1210,0.29541015625,0.9999999999999996,924.0,0.2255859375,True,,,1382565197
9,12,2,0.5,0.454189,0.0,0.0,0.225511,0.22509765625,0.00439453125,0.07621020537142797,0.00028149851884813983,854,Simplified BARK,1575,0.384521484375,0.9999999999999996,924.0,0.2255859375,True,,,1382565197
9,12,2,0.5,0.454189,0.0,0.0,0.225511,0.22509765625,0.00439453125,0.07621020537142797,0.00028149851884813983,854,Simplified BARK,2048,0.5,0.9999999999999996,924.0,0.2255859375,True,,,1382565197
9,12,2,0.5,0.454189,0.0,0.0,0.225511,0.22509765625,0.00439453125,0.07621020537142797,0.00028149851884813983,854,SKQD,1,0.000244140625,0.00028149851884813983,923.6666666666666,0.22550455729166666,True,0.02,1000.0,1382565197
9,12,2,0.5,0.454189,0.0,0.0,0.225511,0.22509765625,0.00439453125,0.07621020537142797,0.00028149851884813983,854,SKQD,2,0.00048828125,0.0003225541821512545,923.6666666666666,0.22550455729166666,True,0.02,1000.0,1382565197
9,12,2,0.5,0.454189,0.0,0.0,0.225511,0.22509765625,0.00439453125,0.07621020537142797,0.00028149851884813983,854,SKQD,3,0.000732421875,0.0004175941670767085,923.6666666666666,0.22550455729166666,True,0.02,1000.0,1382565197
9,12,2,0.5,0.454189,0.0,0.0,0.225511,0.22509765625,0.00439453125,0.07621020537142797,0.00028149851884813983,854,SKQD,4,0.0009765625,0.0008123704141141044,923.6666666666666,0.22550455729166666,True,0.02,1000.0,1382565197
9,12,2,0.5,0.454189,0.0,0.0,0.225511,0.22509765625,0.00439453125,0.07621020537142797,0.00028149851884813983,854,SKQD,5,0.001220703125,0.0008123704141141044,923.6666666666666,0.22550455729166666,True,0.02,1000.0,1382565197
9,12,2,0.5,0.454189,0.0,0.0,0.225511,0.22509765625,0.00439453125,0.07621020537142797,0.00028149851884813983,854,SKQD,6,0.00146484375,0.0008123704141141044,923.6666666666666,0.22550455729166666,True,0.02,1000.0,1382565197
9,12,2,0.5,0.454189,0.0,0.0,0.225511,0.22509765625,0.00439453125,0.07621020537142797,0.00028149851884813983,854,SKQD,8,0.001953125,0.0008123704141141044,923.6666666666666,0.22550455729166666,True,0.02,1000.0,1382565197
9,12,2,0.5,0.454189,0.0,0.0,0.225511,0.22509765625,0.00439453125,0.07621020537142797,0.00028149851884813983,854,SKQD,11,0.002685546875,0.003271101296920912,923.6666666666666,0.22550455729166666,True,0.02,1000.0,1382565197
9,12,2,0.5,0.454189,0.0,0.0,0.225511,0.22509765625,0.00439453125,0.07621020537142797,0.00028149851884813983,854,SKQD,14,0.00341796875,0.004015863229563217,923.6666666666666,0.22550455729166666,True,0.02,1000.0,1382565197
9,12,2,0.5,0.454189,0.0,0.0,0.225511,0.22509765625,0.00439453125,0.07621020537142797,0.00028149851884813983,854,SKQD,18,0.00439453125,0.006331860868368659,923.6666666666666,0.22550455729166666,True,0.02,1000.0,1382565197
9,12,2,0.5,0.454189,0.0,0.0,0.225511,0.22509765625,0.00439453125,0.07621020537142797,0.00028149851884813983,854,SKQD,23,0.005615234375,0.008108799528005996,923.6666666666666,0.22550455729166666,True,0.02,1000.0,1382565197
9,12,2,0.5,0.454189,0.0,0.0,0.225511,0.22509765625,0.00439453125,0.07621020537142797,0.00028149851884813983,854,SKQD,31,0.007568359375,0.010957763107267093,923.6666666666666,0.22550455729166666,True,0.02,1000.0,1382565197
9,12,2,0.5,0.454189,0.0,0.0,0.225511,0.22509765625,0.00439453125,0.07621020537142797,0.00028149851884813983,854,SKQD,40,0.009765625,0.01514777175392088,923.6666666666666,0.22550455729166666,True,0.02,1000.0,1382565197
9,12,2,0.5,0.454189,0.0,0.0,0.225511,0.22509765625,0.00439453125,0.07621020537142797,0.00028149851884813983,854,SKQD,52,0.0126953125,0.01991463614180379,923.6666666666666,0.22550455729166666,True,0.02,1000.0,1382565197
9,12,2,0.5,0.454189,0.0,0.0,0.225511,0.22509765625,0.00439453125,0.07621020537142797,0.00028149851884813983,854,SKQD,67,0.016357421875,0.027922090529610952,923.6666666666666,0.22550455729166666,True,0.02,1000.0,1382565197
9,12,2,0.5,0.454189,0.0,0.0,0.225511,0.22509765625,0.00439453125,0.07621020537142797,0.00028149851884813983,854,SKQD,87,0.021240234375,0.03762302045617734,923.6666666666666,0.22550455729166666,True,0.02,1000.0,1382565197
9,12,2,0.5,0.454189,0.0,0.0,0.225511,0.22509765625,0.00439453125,0.07621020537142797,0.00028149851884813983,854,SKQD,114,0.02783203125,0.05561438180154179,923.6666666666666,0.22550455729166666,True,0.02,1000.0,1382565197
9,12,2,0.5,0.454189,0.0,0.0,0.225511,0.22509765625,0.00439453125,0.07621020537142797,0.00028149851884813983,854,SKQD,148,0.0361328125,0.07430948285213025,923.6666666666666,0.22550455729166666,True,0.02,1000.0,1382565197
9,12,2,0.5,0.454189,0.0,0.0,0.225511,0.22509765625,0.00439453125,0.07621020537142797,0.00028149851884813983,854,SKQD,192,0.046875,0.12384979315751332,923.6666666666666,0.22550455729166666,True,0.02,1000.0,1382565197
9,12,2,0.5,0.454189,0.0,0.0,0.225511,0.22509765625,0.00439453125,0.07621020537142797,0.00028149851884813983,854,SKQD,250,0.06103515625,0.21222370804536853,923.6666666666666,0.22550455729166666,True,0.02,1000.0,1382565197
9,12,2,0.5,0.454189,0.0,0.0,0.225511,0.22509765625,0.00439453125,0.07621020537142797,0.00028149851884813983,854,SKQD,325,0.079345703125,0.2980563696971205,923.6666666666666,0.22550455729166666,True,0.02,1000.0,1382565197
9,12,2,0.5,0.454189,0.0,0.0,0.225511,0.22509765625,0.00439453125,0.07621020537142797,0.00028149851884813983,854,SKQD,423,0.103271484375,0.4000377815298843,923.6666666666666,0.22550455729166666,True,0.02,1000.0,1382565197
9,12,2,0.5,0.454189,0.0,0.0,0.225511,0.22509765625,0.00439453125,0.07621020537142797,0.00028149851884813983,854,SKQD,550,0.13427734375,0.5414822111014372,923.6666666666666,0.22550455729166666,True,0.02,1000.0,1382565197
9,12,2,0.5,0.454189,0.0,0.0,0.225511,0.22509765625,0.00439453125,0.07621020537142797,0.00028149851884813983,854,SKQD,715,0.174560546875,0.7976904014586879,923.6666666666666,0.22550455729166666,True,0.02,1000.0,1382565197
9,12,2,0.5,0.454189,0.0,0.0,0.225511,0.22509765625,0.00439453125,0.07621020537142797,0.00028149851884813983,854,SKQD,931,0.227294921875,0.9999904527780222,923.6666666666666,0.22550455729166666,True,0.02,1000.0,1382565197
9,12,2,0.5,0.454189,0.0,0.0,0.225511,0.22509765625,0.00439453125,0.07621020537142797,0.00028149851884813983,854,SKQD,1210,0.29541015625,0.9999904527780222,923.6666666666666,0.22550455729166666,True,0.02,1000.0,1382565197
9,12,2,0.5,0.454189,0.0,0.0,0.225511,0.22509765625,0.00439453125,0.07621020537142797,0.00028149851884813983,854,SKQD,1575,0.384521484375,0.9999904527780222,923.6666666666666,0.22550455729166666,True,0.02,1000.0,1382565197
9,12,2,0.5,0.454189,0.0,0.0,0.225511,0.22509765625,0.00439453125,0.07621020537142797,0.00028149851884813983,854,SKQD,2048,0.5,0.9999904527780222,923.6666666666666,0.22550455729166666,True,0.02,1000.0,1382565197
9,12,2,0.5,0.454189,0.0,0.0,0.225511,0.22509765625,0.00439453125,0.07621020537142797,0.00028149851884813983,854,Ceiling,1,0.000244140625,0.03163052020024355,2048.0,0.5,False,,,1382565197
9,12,2,0.5,0.454189,0.0,0.0,0.225511,0.22509765625,0.00439453125,0.07621020537142797,0.00028149851884813983,854,Ceiling,2,0.00048828125,0.06326104040048691,2048.0,0.5,False,,,1382565197
9,12,2,0.5,0.454189,0.0,0.0,0.225511,0.22509765625,0.00439453125,0.07621020537142797,0.00028149851884813983,854,Ceiling,3,0.000732421875,0.07446980568326242,2048.0,0.5,False,,,1382565197
9,12,2,0.5,0.454189,0.0,0.0,0.225511,0.22509765625,0.00439453125,0.07621020537142797,0.00028149851884813983,854,Ceiling,4,0.0009765625,0.08567857096603791,2048.0,0.5,False,,,1382565197
9,12,2,0.5,0.454189,0.0,0.0,0.225511,0.22509765625,0.00439453125,0.07621020537142797,0.00028149851884813983,854,Ceiling,5,0.001220703125,0.09504456090971466,2048.0,0.5,False,,,1382565197
9,12,2,0.5,0.454189,0.0,0.0,0.225511,0.22509765625,0.00439453125,0.07621020537142797,0.00028149851884813983,854,Ceiling,6,0.00146484375,0.1044105508533914,2048.0,0.5,False,,,1382565197
9,12,2,0.5,0.454189,0.0,0.0,0.225511,0.22509765625,0.00439453125,0.07621020537142797,0.00028149851884813983,854,Ceiling,8,0.001953125,0.12314253074074485,2048.0,0.5,False,,,1382565197
9,12,2,0.5,0.454189,0.0,0.0,0.225511,0.22509765625,0.00439453125,0.07621020537142797,0.00028149851884813983,854,Ceiling,11,0.002685546875,0.15124050057177496,2048.0,0.5,False,,,1382565197
9,12,2,0.5,0.454189,0.0,0.0,0.225511,0.22509765625,0.00439453125,0.07621020537142797,0.00028149851884813983,854,Ceiling,14,0.00341796875,0.17488307122676908,2048.0,0.5,False,,,1382565197
9,12,2,0.5,0.454189,0.0,0.0,0.225511,0.22509765625,0.00439453125,0.07621020537142797,0.00028149851884813983,854,Ceiling,18,0.00439453125,0.20343623264940394,2048.0,0.5,False,,,1382565197
9,12,2,0.5,0.454189,0.0,0.0,0.225511,0.22509765625,0.00439453125,0.07621020537142797,0.00028149851884813983,854,Ceiling,23,0.005615234375,0.23898314065196624,2048.0,0.5,False,,,1382565197
9,12,2,0.5,0.454189,0.0,0.0,0.225511,0.22509765625,0.00439453125,0.07621020537142797,0.00028149851884813983,854,Ceiling,31,0.007568359375,0.29161293404634286,2048.0,0.5,False,,,1382565197
9,12,2,0.5,0.454189,0.0,0.0,0.225511,0.22509765625,0.00439453125,0.07621020537142797,0.00028149851884813983,854,Ceiling,40,0.009765625,0.3372997056059368,2048.0,0.5,False,,,1382565197
9,12,2,0.5,0.454189,0.0,0.0,0.225511,0.22509765625,0.00439453125,0.07621020537142797,0.00028149851884813983,854,Ceiling,52,0.0126953125,0.387550772629212,2048.0,0.5,False,,,1382565197
9,12,2,0.5,0.454189,0.0,0.0,0.225511,0.22509765625,0.00439453125,0.07621020537142797,0.00028149851884813983,854,Ceiling,67,0.016357421875,0.44320690858678646,2048.0,0.5,False,,,1382565197
9,12,2,0.5,0.454189,0.0,0.0,0.225511,0.22509765625,0.00439453125,0.07621020537142797,0.00028149851884813983,854,Ceiling,87,0.021240234375,0.49905667737933007,2048.0,0.5,False,,,1382565197
9,12,2,0.5,0.454189,0.0,0.0,0.225511,0.22509765625,0.00439453125,0.07621020537142797,0.00028149851884813983,854,Ceiling,114,0.02783203125,0.5616127503242352,2048.0,0.5,False,,,1382565197
9,12,2,0.5,0.454189,0.0,0.0,0.225511,0.22509765625,0.00439453125,0.07621020537142797,0.00028149851884813983,854,Ceiling,148,0.0361328125,0.6203846530596331,2048.0,0.5,False,,,1382565197
9,12,2,0.5,0.454189,0.0,0.0,0.225511,0.22509765625,0.00439453125,0.07621020537142797,0.00028149851884813983,854,Ceiling,192,0.046875,0.6848575795066825,2048.0,0.5,False,,,1382565197
9,12,2,0.5,0.454189,0.0,0.0,0.225511,0.22509765625,0.00439453125,0.07621020537142797,0.00028149851884813983,854,Ceiling,250,0.06103515625,0.7547318497978575,2048.0,0.5,False,,,1382565197
9,12,2,0.5,0.454189,0.0,0.0,0.225511,0.22509765625,0.00439453125,0.07621020537142797,0.00028149851884813983,854,Ceiling,325,0.079345703125,0.8268191170181733,2048.0,0.5,False,,,1382565197
9,12,2,0.5,0.454189,0.0,0.0,0.225511,0.22509765625,0.00439453125,0.07621020537142797,0.00028149851884813983,854,Ceiling,423,0.103271484375,0.8952672501577702,2048.0,0.5,False,,,1382565197
9,12,2,0.5,0.454189,0.0,0.0,0.225511,0.22509765625,0.00439453125,0.07621020537142797,0.00028149851884813983,854,Ceiling,550,0.13427734375,0.9507519117190335,2048.0,0.5,False,,,1382565197
9,12,2,0.5,0.454189,0.0,0.0,0.225511,0.22509765625,0.00439453125,0.07621020537142797,0.00028149851884813983,854,Ceiling,715,0.174560546875,0.9868326666853497,2048.0,0.5,False,,,1382565197
9,12,2,0.5,0.454189,0.0,0.0,0.225511,0.22509765625,0.00439453125,0.07621020537142797,0.00028149851884813983,854,Ceiling,931,0.227294921875,0.9999999999999989,2048.0,0.5,False,,,1382565197
9,12,2,0.5,0.454189,0.0,0.0,0.225511,0.22509765625,0.00439453125,0.07621020537142797,0.00028149851884813983,854,Ceiling,1210,0.29541015625,0.9999999999999989,2048.0,0.5,False,,,1382565197
9,12,2,0.5,0.454189,0.0,0.0,0.225511,0.22509765625,0.00439453125,0.07621020537142797,0.00028149851884813983,854,Ceiling,1575,0.384521484375,0.9999999999999989,2048.0,0.5,False,,,1382565197
9,12,2,0.5,0.454189,0.0,0.0,0.225511,0.22509765625,0.00439453125,0.07621020537142797,0.00028149851884813983,854,Ceiling,2048,0.5,0.9999999999999989,2048.0,0.5,False,,,1382565197
9,12,2,0.5,0.454189,0.0,0.0,0.225511,0.22509765625,0.00439453125,0.07621020537142797,7.047585450047341e-05,1848,BARK,1,0.000244140625,7.047585450047341e-05,924.0,0.2255859375,True,,,1382565197
9,12,2,0.5,0.454189,0.0,0.0,0.225511,0.22509765625,0.00439453125,0.07621020537142797,7.047585450047341e-05,1848,BARK,2,0.00048828125,0.0004461516615373433,924.0,0.2255859375,True,,,1382565197
9,12,2,0.5,0.454189,0.0,0.0,0.225511,0.22509765625,0.00439453125,0.07621020537142797,7.047585450047341e-05,1848,BARK,3,0.000732421875,0.0016544238743108528,924.0,0.2255859375,True,,,1382565197
9,12,2,0.5,0.454189,0.0,0.0,0.225511,0.22509765625,0.00439453125,0.07621020537142797,7.047585450047341e-05,1848,BARK,4,0.0009765625,0.006036816208507531,924.0,0.2255859375,True,,,1382565197
9,12,2,0.5,0.454189,0.0,0.0,0.225511,0.22509765625,0.00439453125,0.07621020537142797,7.047585450047341e-05,1848,BARK,5,0.001220703125,0.007687967895289855,924.0,0.2255859375,True,,,1382565197
9,12,2,0.5,0.454189,0.0,0.0,0.225511,0.22509765625,0.00439453125,0.07621020537142797,7.047585450047341e-05,1848,BARK,6,0.00146484375,0.007684107102178054,924.0,0.2255859375,True,,,1382565197
9,12,2,0.5,0.454189,0.0,0.0,0.225511,0.22509765625,0.00439453125,0.07621020537142797,7.047585450047341e-05,1848,BARK,8,0.001953125,0.008717409261116898,924.0,0.2255859375,True,,,1382565197
9,12,2,0.5,0.454189,0.0,0.0,0.225511,0.22509765625,0.00439453125,0.07621020537142797,7.047585450047341e-05,1848,BARK,11,0.002685546875,0.014633820419748218,924.0,0.2255859375,True,,,1382565197
9,12,2,0.5,0.454189,0.0,0.0,0.225511,0.22509765625,0.00439453125,0.07621020537142797,7.047585450047341e-05,1848,BARK,14,0.00341796875,0.015581201203999874,924.0,0.2255859375,True,,,1382565197
9,12,2,0.5,0.454189,0.0,0.0,0.225511,0.22509765625,0.00439453125,0.07621020537142797,7.047585450047341e-05,1848,BARK,18,0.00439453125,0.027189731070087018,924.0,0.2255859375,True,,,1382565197
9,12,2,0.5,0.454189,0.0,0.0,0.225511,0.22509765625,0.00439453125,0.07621020537142797,7.047585450047341e-05,1848,BARK,23,0.005615234375,0.03874889792541365,924.0,0.2255859375,True,,,1382565197
9,12,2,0.5,0.454189,0.0,0.0,0.225511,0.22509765625,0.00439453125,0.07621020537142797,7.047585450047341e-05,1848,BARK,31,0.007568359375,0.050097191966820206,924.0,0.2255859375,True,,,1382565197
9,12,2,0.5,0.454189,0.0,0.0,0.225511,0.22509765625,0.00439453125,0.07621020537142797,7.047585450047341e-05,1848,BARK,40,0.009765625,0.05532403501932075,924.0,0.2255859375,True,,,1382565197
9,12,2,0.5,0.454189,0.0,0.0,0.225511,0.22509765625,0.00439453125,0.07621020537142797,7.047585450047341e-05,1848,BARK,52,0.0126953125,0.06236281471560272,924.0,0.2255859375,True,,,1382565197
9,12,2,0.5,0.454189,0.0,0.0,0.225511,0.22509765625,0.00439453125,0.07621020537142797,7.047585450047341e-05,1848,BARK,67,0.016357421875,0.08879128210298155,924.0,0.2255859375,True,,,1382565197
9,12,2,0.5,0.454189,0.0,0.0,0.225511,0.22509765625,0.00439453125,0.07621020537142797,7.047585450047341e-05,1848,BARK,87,0.021240234375,0.10179908977814624,924.0,0.2255859375,True,,,1382565197
9,12,2,0.5,0.454189,0.0,0.0,0.225511,0.22509765625,0.00439453125,0.07621020537142797,7.047585450047341e-05,1848,BARK,114,0.02783203125,0.15841132586368975,924.0,0.2255859375,True,,,1382565197
9,12,2,0.5,0.454189,0.0,0.0,0.225511,0.22509765625,0.00439453125,0.07621020537142797,7.047585450047341e-05,1848,BARK,148,0.0361328125,0.27691717317734454,924.0,0.2255859375,True,,,1382565197
9,12,2,0.5,0.454189,0.0,0.0,0.225511,0.22509765625,0.00439453125,0.07621020537142797,7.047585450047341e-05,1848,BARK,192,0.046875,0.3472996329167305,924.0,0.2255859375,True,,,1382565197
9,12,2,0.5,0.454189,0.0,0.0,0.225511,0.22509765625,0.00439453125,0.07621020537142797,7.047585450047341e-05,1848,BARK,250,0.06103515625,0.4345504188571307,924.0,0.2255859375,True,,,1382565197
9,12,2,0.5,0.454189,0.0,0.0,0.225511,0.22509765625,0.00439453125,0.07621020537142797,7.047585450047341e-05,1848,BARK,325,0.079345703125,0.5269190166674768,924.0,0.2255859375,True,,,1382565197
9,12,2,0.5,0.454189,0.0,0.0,0.225511,0.22509765625,0.00439453125,0.07621020537142797,7.047585450047341e-05,1848,BARK,423,0.103271484375,0.6803632867921858,924.0,0.2255859375,True,,,1382565197
9,12,2,0.5,0.454189,0.0,0.0,0.225511,0.22509765625,0.00439453125,0.07621020537142797,7.047585450047341e-05,1848,BARK,550,0.13427734375,0.8209668632117073,924.0,0.2255859375,True,,,1382565197
9,12,2,0.5,0.454189,0.0,0.0,0.225511,0.22509765625,0.00439453125,0.07621020537142797,7.047585450047341e-05,1848,BARK,715,0.174560546875,0.9399997050618365,924.0,0.2255859375,True,,,1382565197
9,12,2,0.5,0.454189,0.0,0.0,0.225511,0.22509765625,0.00439453125,0.07621020537142797,7.047585450047341e-05,1848,BARK,931,0.227294921875,1.0000000000000004,924.0,0.2255859375,True,,,1382565197
9,12,2,0.5,0.454189,0.0,0.0,0.225511,0.22509765625,0.00439453125,0.07621020537142797,7.047585450047341e-05,1848,BARK,1210,0.29541015625,1.0000000000000004,924.0,0.2255859375,True,,,1382565197
9,12,2,0.5,0.454189,0.0,0.0,0.225511,0.22509765625,0.00439453125,0.07621020537142797,7.047585450047341e-05,1848,BARK,1575,0.384521484375,1.0000000000000004,924.0,0.2255859375,True,,,1382565197
9,12,2,0.5,0.454189,0.0,0.0,0.225511,0.22509765625,0.00439453125,0.07621020537142797,7.047585450047341e-05,1848,BARK,2048,0.5,1.0000000000000004,924.0,0.2255859375,True,,,1382565197
9,12,2,0.5,0.454189,0.0,0.0,0.225511,0.22509765625,0.00439453125,0.07621020537142797,7.047585450047341e-05,1848,Simplified BARK,1,0.000244140625,7.047585450047341e-05,924.0,0.2255859375,True,,,1382565197
9,12,2,0.5,0.454189,0.0,0.0,0.225511,0.22509765625,0.00439453125,0.07621020537142797,7.047585450047341e-05,1848,Simplified BARK,2,0.00048828125,0.0002628478752797917,924.0,0.2255859375,True,,,1382565197
9,12,2,0.5,0.454189,0.0,0.0,0.225511,0.22509765625,0.00439453125,0.07621020537142797,7.047585450047341e-05,1848,Simplified BARK,3,0.000732421875,0.000406079158197497,924.0,0.2255859375,True,,,1382565197
9,12,2,0.5,0.454189,0.0,0.0,0.225511,0.22509765625,0.00439453125,0.07621020537142797,7.047585450047341e-05,1848,Simplified BARK,4,0.0009765625,0.0005923823831520588,924.0,0.2255859375,True,,,1382565197
9,12,2,0.5,0.454189,0.0,0.0,0.225511,0.22509765625,0.00439453125,0.07621020537142797,7.047585450047341e-05,1848,Simplified BARK,5,0.001220703125,0.0006788979108101232,924.0,0.2255859375,True,,,1382565197
9,12,2,0.5,0.454189,0.0,0.0,0.225511,0.22509765625,0.00439453125,0.07621020537142797,7.047585450047341e-05,1848,Simplified BARK,6,0.00146484375,0.0007285707970784981,924.0,0.2255859375,True,,,1382565197
9,12,2,0.5,0.454189,0.0,0.0,0.225511,0.22509765625,0.00439453125,0.07621020537142797,7.047585450047341e-05,1848,Simplified BARK,8,0.001953125,0.0007372858468047324,924.0,0.2255859375,True,,,1382565197
9,12,2,0.5,0.454189,0.0,0.0,0.225511,0.22509765625,0.00439453125,0.07621020537142797,7.047585450047341e-05,1848,Simplified BARK,11,0.002685546875,0.0008021223707640246,924.0,0.2255859375,True,,,1382565197
9,12,2,0.5,0.454189,0.0,0.0,0.225511,0.22509765625,0.00439453125,0.07621020537142797,7.047585450047341e-05,1848,Simplified BARK,14,0.00341796875,0.0006017019262272075,924.0,0.2255859375,True,,,1382565197
9,12,2,0.5,0.454189,0.0,0.0,0.225511,0.22509765625,0.00439453125,0.07621020537142797,7.047585450047341e-05,1848,Simplified BARK,18,0.00439453125,0.0008964299113591806,924.0,0.2255859375,True,,,1382565197
9,12,2,0.5,0.454189,0.0,0.0,0.225511,0.22509765625,0.00439453125,0.07621020537142797,7.047585450047341e-05,1848,Simplified BARK,23,0.005615234375,0.0014263295806520048,924.0,0.2255859375,True,,,1382565197
9,12,2,0.5,0.454189,0.0,0.0,0.225511,0.22509765625,0.00439453125,0.07621020537142797,7.047585450047341e-05,1848,Simplified BARK,31,0.007568359375,0.0029382936086873334,924.0,0.2255859375,True,,,1382565197
9,12,2,0.5,0.454189,0.0,0.0,0.225511,0.22509765625,0.00439453125,0.07621020537142797,7.047585450047341e-05,1848,Simplified BARK,40,0.009765625,0.004600768163305014,924.0,0.2255859375,True,,,1382565197
9,12,2,0.5,0.454189,0.0,0.0,0.225511,0.22509765625,0.00439453125,0.07621020537142797,7.047585450047341e-05,1848,Simplified BARK,52,0.0126953125,0.007074251061586311,924.0,0.2255859375,True,,,1382565197
9,12,2,0.5,0.454189,0.0,0.0,0.225511,0.22509765625,0.00439453125,0.07621020537142797,7.047585450047341e-05,1848,Simplified BARK,67,0.016357421875,0.009968438958620457,924.0,0.2255859375,True,,,1382565197
9,12,2,0.5,0.454189,0.0,0.0,0.225511,0.22509765625,0.00439453125,0.07621020537142797,7.047585450047341e-05,1848,Simplified BARK,87,0.021240234375,0.028591617611728702,924.0,0.2255859375,True,,,1382565197
9,12,2,0.5,0.454189,0.0,0.0,0.225511,0.22509765625,0.00439453125,0.07621020537142797,7.047585450047341e-05,1848,Simplified BARK,114,0.02783203125,0.03582023879845292,924.0,0.2255859375,True,,,1382565197
9,12,2,0.5,0.454189,0.0,0.0,0.225511,0.22509765625,0.00439453125,0.07621020537142797,7.047585450047341e-05,1848,Simplified BARK,148,0.0361328125,0.07952728603909699,924.0,0.2255859375,True,,,1382565197
9,12,2,0.5,0.454189,0.0,0.0,0.225511,0.22509765625,0.00439453125,0.07621020537142797,7.047585450047341e-05,1848,Simplified BARK,192,0.046875,0.09232500914494399,924.0,0.2255859375,True,,,1382565197
9,12,2,0.5,0.454189,0.0,0.0,0.225511,0.22509765625,0.00439453125,0.07621020537142797,7.047585450047341e-05,1848,Simplified BARK,250,0.06103515625,0.13696052170853018,924.0,0.2255859375,True,,,1382565197
9,12,2,0.5,0.454189,0.0,0.0,0.225511,0.22509765625,0.00439453125,0.07621020537142797,7.047585450047341e-05,1848,Simplified BARK,325,0.079345703125,0.3053183825724625,924.0,0.2255859375,True,,,1382565197
9,12,2,0.5,0.454189,0.0,0.0,0.225511,0.22509765625,0.00439453125,0.07621020537142797,7.047585450047341e-05,1848,Simplified BARK,423,0.103271484375,0.4573683974931002,924.0,0.2255859375,True,,,1382565197
9,12,2,0.5,0.454189,0.0,0.0,0.225511,0.22509765625,0.00439453125,0.07621020537142797,7.047585450047341e-05,1848,Simplified BARK,550,0.13427734375,0.5509257713787613,924.0,0.2255859375,True,,,1382565197
9,12,2,0.5,0.454189,0.0,0.0,0.225511,0.22509765625,0.00439453125,0.07621020537142797,7.047585450047341e-05,1848,Simplified BARK,715,0.174560546875,0.8651566017505435,924.0,0.2255859375,True,,,1382565197
9,12,2,0.5,0.454189,0.0,0.0,0.225511,0.22509765625,0.00439453125,0.07621020537142797,7.047585450047341e-05,1848,Simplified BARK,931,0.227294921875,1.0,924.0,0.2255859375,True,,,1382565197
9,12,2,0.5,0.454189,0.0,0.0,0.225511,0.22509765625,0.00439453125,0.07621020537142797,7.047585450047341e-05,1848,Simplified BARK,1210,0.29541015625,1.0,924.0,0.2255859375,True,,,1382565197
9,12,2,0.5,0.454189,0.0,0.0,0.225511,0.22509765625,0.00439453125,0.07621020537142797,7.047585450047341e-05,1848,Simplified BARK,1575,0.384521484375,1.0,924.0,0.2255859375,True,,,1382565197
9,12,2,0.5,0.454189,0.0,0.0,0.225511,0.22509765625,0.00439453125,0.07621020537142797,7.047585450047341e-05,1848,Simplified BARK,2048,0.5,1.0,924.0,0.2255859375,True,,,1382565197
9,12,2,0.5,0.454189,0.0,0.0,0.225511,0.22509765625,0.00439453125,0.07621020537142797,7.047585450047341e-05,1848,SKQD,1,0.000244140625,7.047585450047341e-05,923.6666666666666,0.22550455729166666,True,0.02,1000.0,1382565197
9,12,2,0.5,0.454189,0.0,0.0,0.225511,0.22509765625,0.00439453125,0.07621020537142797,7.047585450047341e-05,1848,SKQD,2,0.00048828125,7.047585450047341e-05,923.6666666666666,0.22550455729166666,True,0.02,1000.0,1382565197
9,12,2,0.5,0.454189,0.0,0.0,0.225511,0.22509765625,0.00439453125,0.07621020537142797,7.047585450047341e-05,1848,SKQD,3,0.000732421875,0.00010878441883967978,923.6666666666666,0.22550455729166666,True,0.02,1000.0,1382565197
9,12,2,0.5,0.454189,0.0,0.0,0.225511,0.22509765625,0.00439453125,0.07621020537142797,7.047585450047341e-05,1848,SKQD,4,0.0009765625,0.0002997440228344885,923.6666666666666,0.22550455729166666,True,0.02,1000.0,1382565197
9,12,2,0.5,0.454189,0.0,0.0,0.225511,0.22509765625,0.00439453125,0.07621020537142797,7.047585450047341e-05,1848,SKQD,5,0.001220703125,0.0005117666609320919,923.6666666666666,0.22550455729166666,True,0.02,1000.0,1382565197
9,12,2,0.5,0.454189,0.0,0.0,0.225511,0.22509765625,0.00439453125,0.07621020537142797,7.047585450047341e-05,1848,SKQD,6,0.00146484375,0.0005117666609320919,923.6666666666666,0.22550455729166666,True,0.02,1000.0,1382565197
9,12,2,0.5,0.454189,0.0,0.0,0.225511,0.22509765625,0.00439453125,0.07621020537142797,7.047585450047341e-05,1848,SKQD,8,0.001953125,0.0013294177351505206,923.6666666666666,0.22550455729166666,True,0.02,1000.0,1382565197
9,12,2,0.5,0.454189,0.0,0.0,0.225511,0.22509765625,0.00439453125,0.07621020537142797,7.047585450047341e-05,1848,SKQD,11,0.002685546875,0.0019252189814407232,923.6666666666666,0.22550455729166666,True,0.02,1000.0,1382565197
9,12,2,0.5,0.454189,0.0,0.0,0.225511,0.22509765625,0.00439453125,0.07621020537142797,7.047585450047341e-05,1848,SKQD,14,0.00341796875,0.0028460159277446245,923.6666666666666,0.22550455729166666,True,0.02,1000.0,1382565197
9,12,2,0.5,0.454189,0.0,0.0,0.225511,0.22509765625,0.00439453125,0.07621020537142797,7.047585450047341e-05,1848,SKQD,18,0.00439453125,0.004333689323028239,923.6666666666666,0.22550455729166666,True,0.02,1000.0,1382565197
9,12,2,0.5,0.454189,0.0,0.0,0.225511,0.22509765625,0.00439453125,0.07621020537142797,7.047585450047341e-05,1848,SKQD,23,0.005615234375,0.005375948666690723,923.6666666666666,0.22550455729166666,True,0.02,1000.0,1382565197
9,12,2,0.5,0.454189,0.0,0.0,0.225511,0.22509765625,0.00439453125,0.07621020537142797,7.047585450047341e-05,1848,SKQD,31,0.007568359375,0.008810242932779823,923.6666666666666,0.22550455729166666,True,0.02,1000.0,1382565197
9,12,2,0.5,0.454189,0.0,0.0,0.225511,0.22509765625,0.00439453125,0.07621020537142797,7.047585450047341e-05,1848,SKQD,40,0.009765625,0.010817136029955446,923.6666666666666,0.22550455729166666,True,0.02,1000.0,1382565197
9,12,2,0.5,0.454189,0.0,0.0,0.225511,0.22509765625,0.00439453125,0.07621020537142797,7.047585450047341e-05,1848,SKQD,52,0.0126953125,0.01667561968778387,923.6666666666666,0.22550455729166666,True,0.02,1000.0,1382565197
9,12,2,0.5,0.454189,0.0,0.0,0.225511,0.22509765625,0.00439453125,0.07621020537142797,7.047585450047341e-05,1848,SKQD,67,0.016357421875,0.027546982912838552,923.6666666666666,0.22550455729166666,True,0.02,1000.0,1382565197
9,12,2,0.5,0.454189,0.0,0.0,0.225511,0.22509765625,0.00439453125,0.07621020537142797,7.047585450047341e-05,1848,SKQD,87,0.021240234375,0.03980674395882249,923.6666666666666,0.22550455729166666,True,0.02,1000.0,1382565197
9,12,2,0.5,0.454189,0.0,0.0,0.225511,0.22509765625,0.00439453125,0.07621020537142797,7.047585450047341e-05,1848,SKQD,114,0.02783203125,0.059786271628402075,923.6666666666666,0.22550455729166666,True,0.02,1000.0,1382565197
9,12,2,0.5,0.454189,0.0,0.0,0.225511,0.22509765625,0.00439453125,0.07621020537142797,7.047585450047341e-05,1848,SKQD,148,0.0361328125,0.08240163625671695,923.6666666666666,0.22550455729166666,True,0.02,1000.0,1382565197
9,12,2,0.5,0.454189,0.0,0.0,0.225511,0.22509765625,0.00439453125,0.07621020537142797,7.047585450047341e-05,1848,SKQD,192,0.046875,0.14073197874306378,923.6666666666666,0.22550455729166666,True,0.02,1000.0,1382565197
9,12,2,0.5,0.454189,0.0,0.0,0.225511,0.22509765625,0.00439453125,0.07621020537142797,7.047585450047341e-05,1848,SKQD,250,0.06103515625,0.21362759839633028,923.6666666666666,0.22550455729166666,True,0.02,1000.0,1382565197
9,12,2,0.5,0.454189,0.0,0.0,0.225511,0.22509765625,0.00439453125,0.07621020537142797,7.047585450047341e-05,1848,SKQD,325,0.079345703125,0.3092675646897404,923.6666666666666,0.22550455729166666,True,0.02,1000.0,1382565197
9,12,2,0.5,0.454189,0.0,0.0,0.225511,0.22509765625,0.00439453125,0.07621020537142797,7.047585450047341e-05,1848,SKQD,423,0.103271484375,0.44266037219801824,923.6666666666666,0.22550455729166666,True,0.02,1000.0,1382565197
9,12,2,0.5,0.454189,0.0,0.0,0.225511,0.22509765625,0.00439453125,0.07621020537142797,7.047585450047341e-05,1848,SKQD,550,0.13427734375,0.6285175175252357,923.6666666666666,0.22550455729166666,True,0.02,1000.0,1382565197
9,12,2,0.5,0.454189,0.0,0.0,0.225511,0.22509765625,0.00439453125,0.07621020537142797,7.047585450047341e-05,1848,SKQD,715,0.174560546875,0.8365824894070291,923.6666666666666,0.22550455729166666,True,0.02,1000.0,1382565197
9,12,2,0.5,0.454189,0.0,0.0,0.225511,0.22509765625,0.00439453125,0.07621020537142797,7.047585450047341e-05,1848,SKQD,931,0.227294921875,0.9998856203024967,923.6666666666666,0.22550455729166666,True,0.02,1000.0,1382565197
9,12,2,0.5,0.454189,0.0,0.0,0.225511,0.22509765625,0.00439453125,0.07621020537142797,7.047585450047341e-05,1848,SKQD,1210,0.29541015625,0.9998856203024967,923.6666666666666,0.22550455729166666,True,0.02,1000.0,1382565197
9,12,2,0.5,0.454189,0.0,0.0,0.225511,0.22509765625,0.00439453125,0.07621020537142797,7.047585450047341e-05,1848,SKQD,1575,0.384521484375,0.9998856203024967,923.6666666666666,0.22550455729166666,True,0.02,1000.0,1382565197
9,12,2,0.5,0.454189,0.0,0.0,0.225511,0.22509765625,0.00439453125,0.07621020537142797,7.047585450047341e-05,1848,SKQD,2048,0.5,0.9998856203024967,923.6666666666666,0.22550455729166666,True,0.02,1000.0,1382565197
9,12,2,0.5,0.454189,0.0,0.0,0.225511,0.22509765625,0.00439453125,0.07621020537142797,7.047585450047341e-05,1848,Ceiling,1,0.000244140625,0.03163052020024355,2048.0,0.5,False,,,1382565197
9,12,2,0.5,0.454189,0.0,0.0,0.225511,0.22509765625,0.00439453125,0.07621020537142797,7.047585450047341e-05,1848,Ceiling,2,0.00048828125,0.06326104040048691,2048.0,0.5,False,,,1382565197
9,12,2,0.5,0.454189,0.0,0.0,0.225511,0.22509765625,0.00439453125,0.07621020537142797,7.047585450047341e-05,1848,Ceiling,3,0.000732421875,0.07446980568326242,2048.0,0.5,False,,,1382565197
9,12,2,0.5,0.454189,0.0,0.0,0.225511,0.22509765625,0.00439453125,0.07621020537142797,7.047585450047341e-05,1848,Ceiling,4,0.0009765625,0.08567857096603791,2048.0,0.5,False,,,1382565197
9,12,2,0.5,0.454189,0.0,0.0,0.225511,0.22509765625,0.00439453125,0.07621020537142797,7.047585450047341e-05,1848,Ceiling,5,0.001220703125,0.09504456090971466,2048.0,0.5,False,,,1382565197
9,12,2,0.5,0.454189,0.0,0.0,0.225511,0.22509765625,0.00439453125,0.07621020537142797,7.047585450047341e-05,1848,Ceiling,6,0.00146484375,0.1044105508533914,2048.0,0.5,False,,,1382565197
9,12,2,0.5,0.454189,0.0,0.0,0.225511,0.22509765625,0.00439453125,0.07621020537142797,7.047585450047341e-05,1848,Ceiling,8,0.001953125,0.12314253074074485,2048.0,0.5,False,,,1382565197
9,12,2,0.5,0.454189,0.0,0.0,0.225511,0.22509765625,0.00439453125,0.07621020537142797,7.047585450047341e-05,1848,Ceiling,11,0.002685546875,0.15124050057177496,2048.0,0.5,False,,,1382565197
9,12,2,0.5,0.454189,0.0,0.0,0.225511,0.22509765625,0.00439453125,0.07621020537142797,7.047585450047341e-05,1848,Ceiling,14,0.00341796875,0.17488307122676908,2048.0,0.5,False,,,1382565197
9,12,2,0.5,0.454189,0.0,0.0,0.225511,0.22509765625,0.00439453125,0.07621020537142797,7.047585450047341e-05,1848,Ceiling,18,0.00439453125,0.20343623264940394,2048.0,0.5,False,,,1382565197
9,12,2,0.5,0.454189,0.0,0.0,0.225511,0.22509765625,0.00439453125,0.07621020537142797,7.047585450047341e-05,1848,Ceiling,23,0.005615234375,0.23898314065196624,2048.0,0.5,False,,,1382565197
9,12,2,0.5,0.454189,0.0,0.0,0.225511,0.22509765625,0.00439453125,0.07621020537142797,7.047585450047341e-05,1848,Ceiling,31,0.007568359375,0.29161293404634286,2048.0,0.5,False,,,1382565197
9,12,2,0.5,0.454189,0.0,0.0,0.225511,0.22509765625,0.00439453125,0.07621020537142797,7.047585450047341e-05,1848,Ceiling,40,0.009765625,0.3372997056059368,2048.0,0.5,False,,,1382565197
9,12,2,0.5,0.454189,0.0,0.0,0.225511,0.22509765625,0.00439453125,0.07621020537142797,7.047585450047341e-05,1848,Ceiling,52,0.0126953125,0.387550772629212,2048.0,0.5,False,,,1382565197
9,12,2,0.5,0.454189,0.0,0.0,0.225511,0.22509765625,0.00439453125,0.07621020537142797,7.047585450047341e-05,1848,Ceiling,67,0.016357421875,0.44320690858678646,2048.0,0.5,False,,,1382565197
9,12,2,0.5,0.454189,0.0,0.0,0.225511,0.22509765625,0.00439453125,0.07621020537142797,7.047585450047341e-05,1848,Ceiling,87,0.021240234375,0.49905667737933007,2048.0,0.5,False,,,1382565197
9,12,2,0.5,0.454189,0.0,0.0,0.225511,0.22509765625,0.00439453125,0.07621020537142797,7.047585450047341e-05,1848,Ceiling,114,0.02783203125,0.5616127503242352,2048.0,0.5,False,,,1382565197
9,12,2,0.5,0.454189,0.0,0.0,0.225511,0.22509765625,0.00439453125,0.07621020537142797,7.047585450047341e-05,1848,Ceiling,148,0.0361328125,0.6203846530596331,2048.0,0.5,False,,,1382565197
9,12,2,0.5,0.454189,0.0,0.0,0.225511,0.22509765625,0.00439453125,0.07621020537142797,7.047585450047341e-05,1848,Ceiling,192,0.046875,0.6848575795066825,2048.0,0.5,False,,,1382565197
9,12,2,0.5,0.454189,0.0,0.0,0.225511,0.22509765625,0.00439453125,0.07621020537142797,7.047585450047341e-05,1848,Ceiling,250,0.06103515625,0.7547318497978575,2048.0,0.5,False,,,1382565197
9,12,2,0.5,0.454189,0.0,0.0,0.225511,0.22509765625,0.00439453125,0.07621020537142797,7.047585450047341e-05,1848,Ceiling,325,0.079345703125,0.8268191170181733,2048.0,0.5,False,,,1382565197
9,12,2,0.5,0.454189,0.0,0.0,0.225511,0.22509765625,0.00439453125,0.07621020537142797,7.047585450047341e-05,1848,Ceiling,423,0.103271484375,0.8952672501577702,2048.0,0.5,False,,,1382565197
9,12,2,0.5,0.454189,0.0,0.0,0.225511,0.22509765625,0.00439453125,0.07621020537142797,7.047585450047341e-05,1848,Ceiling,550,0.13427734375,0.9507519117190335,2048.0,0.5,False,,,1382565197
9,12,2,0.5,0.454189,0.0,0.0,0.225511,0.22509765625,0.00439453125,0.07621020537142797,7.047585450047341e-05,1848,Ceiling,715,0.174560546875,0.9868326666853497,2048.0,0.5,False,,,1382565197
9,12,2,0.5,0.454189,0.0,0.0,0.225511,0.22509765625,0.00439453125,0.07621020537142797,7.047585450047341e-05,1848,Ceiling,931,0.227294921875,0.9999999999999989,2048.0,0.5,False,,,1382565197
9,12,2,0.5,0.454189,0.0,0.0,0.225511,0.22509765625,0.00439453125,0.07621020537142797,7.047585450047341e-05,1848,Ceiling,1210,0.29541015625,0.9999999999999989,2048.0,0.5,False,,,1382565197
9,12,2,0.5,0.454189,0.0,0.0,0.225511,0.22509765625,0.00439453125,0.07621020537142797,7.047585450047341e-05,1848,Ceiling,1575,0.384521484375,0.9999999999999989,2048.0,0.5,False,,,1382565197
9,12,2,0.5,0.454189,0.0,0.0,0.225511,0.22509765625,0.00439453125,0.07621020537142797,7.047585450047341e-05,1848,Ceiling,2048,0.5,0.9999999999999989,2048.0,0.5,False,,,1382565197
9,12,2,0.5,0.454189,0.0,0.0,0.225511,0.22509765625,0.00439453125,0.07621020537142797,0.0009390172910745065,3490,BARK,1,0.000244140625,0.0009390172910745065,924.0,0.2255859375,True,,,1382565197
9,12,2,0.5,0.454189,0.0,0.0,0.225511,0.22509765625,0.00439453125,0.07621020537142797,0.0009390172910745065,3490,BARK,2,0.00048828125,0.0016547865604649218,924.0,0.2255859375,True,,,1382565197
9,12,2,0.5,0.454189,0.0,0.0,0.225511,0.22509765625,0.00439453125,0.07621020537142797,0.0009390172910745065,3490,BARK,3,0.000732421875,0.0025800080584941,924.0,0.2255859375,True,,,1382565197
9,12,2,0.5,0.454189,0.0,0.0,0.225511,0.22509765625,0.00439453125,0.07621020537142797,0.0009390172910745065,3490,BARK,4,0.0009765625,0.005557373146738027,924.0,0.2255859375,True,,,1382565197
9,12,2,0.5,0.454189,0.0,0.0,0.225511,0.22509765625,0.00439453125,0.07621020537142797,0.0009390172910745065,3490,BARK,5,0.001220703125,0.00953540636074909,924.0,0.2255859375,True,,,1382565197
9,12,2,0.5,0.454189,0.0,0.0,0.225511,0.22509765625,0.00439453125,0.07621020537142797,0.0009390172910745065,3490,BARK,6,0.00146484375,0.011875595832620134,924.0,0.2255859375,True,,,1382565197
9,12,2,0.5,0.454189,0.0,0.0,0.225511,0.22509765625,0.00439453125,0.07621020537142797,0.0009390172910745065,3490,BARK,8,0.001953125,0.013428775410579194,924.0,0.2255859375,True,,,1382565197
9,12,2,0.5,0.454189,0.0,0.0,0.225511,0.22509765625,0.00439453125,0.07621020537142797,0.0009390172910745065,3490,BARK,11,0.002685546875,0.01734784540868448,924.0,0.2255859375,True,,,1382565197
9,12,2,0.5,0.454189,0.0,0.0,0.225511,0.22509765625,0.00439453125,0.07621020537142797,0.0009390172910745065,3490,BARK,14,0.00341796875,0.032542708522094614,924.0,0.2255859375,True,,,1382565197
9,12,2,0.5,0.454189,0.0,0.0,0.225511,0.22509765625,0.00439453125,0.07621020537142797,0.0009390172910745065,3490,BARK,18,0.00439453125,0.03665473461546828,924.0,0.2255859375,True,,,1382565197
9,12,2,0.5,0.454189,0.0,0.0,0.225511,0.22509765625,0.00439453125,0.07621020537142797,0.0009390172910745065,3490,BARK,23,0.005615234375,0.03483921843625151,924.0,0.2255859375,True,,,1382565197
9,12,2,0.5,0.454189,0.0,0.0,0.225511,0.22509765625,0.00439453125,0.07621020537142797,0.0009390172910745065,3490,BARK,31,0.007568359375,0.04089914702496553,924.0,0.2255859375,True,,,1382565197
9,12,2,0.5,0.454189,0.0,0.0,0.225511,0.22509765625,0.00439453125,0.07621020537142797,0.0009390172910745065,3490,BARK,40,0.009765625,0.0448665371468773,924.0,0.2255859375,True,,,1382565197
9,12,2,0.5,0.454189,0.0,0.0,0.225511,0.22509765625,0.00439453125,0.07621020537142797,0.0009390172910745065,3490,BARK,52,0.0126953125,0.06693820789206706,924.0,0.2255859375,True,,,1382565197
9,12,2,0.5,0.454189,0.0,0.0,0.225511,0.22509765625,0.00439453125,0.07621020537142797,0.0009390172910745065,3490,BARK,67,0.016357421875,0.12588523127311924,924.0,0.2255859375,True,,,1382565197
9,12,2,0.5,0.454189,0.0,0.0,0.225511,0.22509765625,0.00439453125,0.07621020537142797,0.0009390172910745065,3490,BARK,87,0.021240234375,0.14933488819541643,924.0,0.2255859375,True,,,1382565197
9,12,2,0.5,0.454189,0.0,0.0,0.225511,0.22509765625,0.00439453125,0.07621020537142797,0.0009390172910745065,3490,BARK,114,0.02783203125,0.22014001353953186,924.0,0.2255859375,True,,,1382565197
9,12,2,0.5,0.454189,0.0,0.0,0.225511,0.22509765625,0.00439453125,0.07621020537142797,0.0009390172910745065,3490,BARK,148,0.0361328125,0.24480896171880467,924.0,0.2255859375,True,,,1382565197
9,12,2,0.5,0.454189,0.0,0.0,0.225511,0.22509765625,0.00439453125,0.07621020537142797,0.0009390172910745065,3490,BARK,192,0.046875,0.28377138041206706,924.0,0.2255859375,True,,,1382565197
9,12,2,0.5,0.454189,0.0,0.0,0.225511,0.22509765625,0.00439453125,0.07621020537142797,0.0009390172910745065,3490,BARK,250,0.06103515625,0.34047009733589584,924.0,0.2255859375,True,,,1382565197
9,12,2,0.5,0.454189,0.0,0.0,0.225511,0.22509765625,0.00439453125,0.07621020537142797,0.0009390172910745065,3490,BARK,325,0.079345703125,0.39360825034872876,924.0,0.2255859375,True,,,1382565197
9,12,2,0.5,0.454189,0.0,0.0,0.225511,0.22509765625,0.00439453125,0.07621020537142797,0.0009390172910745065,3490,BARK,423,0.103271484375,0.5665755321322846,924.0,0.2255859375,True,,,1382565197
9,12,2,0.5,0.454189,0.0,0.0,0.225511,0.22509765625,0.00439453125,0.07621020537142797,0.0009390172910745065,3490,BARK,550,0.13427734375,0.7479713464946572,924.0,0.2255859375,True,,,1382565197
9,12,2,0.5,0.454189,0.0,0.0,0.225511,0.22509765625,0.00439453125,0.07621020537142797,0.0009390172910745065,3490,BARK,715,0.174560546875,0.92198692545224,924.0,0.2255859375,True,,,1382565197
9,12,2,0.5,0.454189,0.0,0.0,0.225511,0.22509765625,0.00439453125,0.07621020537142797,0.0009390172910745065,3490,BARK,931,0.227294921875,1.0,924.0,0.2255859375,True,,,1382565197
9,12,2,0.5,0.454189,0.0,0.0,0.225511,0.22509765625,0.00439453125,0.07621020537142797,0.0009390172910745065,3490,BARK,1210,0.29541015625,1.0,924.0,0.2255859375,True,,,1382565197
9,12,2,0.5,0.454189,0.0,0.0,0.225511,0.22509765625,0.00439453125,0.07621020537142797,0.0009390172910745065,3490,BARK,1575,0.384521484375,1.0,924.0,0.2255859375,True,,,1382565197
9,12,2,0.5,0.454189,0.0,0.0,0.225511,0.22509765625,0.00439453125,0.07621020537142797,0.0009390172910745065,3490,BARK,2048,0.5,1.0,924.0,0.2255859375,True,,,1382565197
9,12,2,0.5,0.454189,0.0,0.0,0.225511,0.22509765625,0.00439453125,0.07621020537142797,0.0009390172910745065,3490,Simplified BARK,1,0.000244140625,0.0009390172910745065,924.0,0.2255859375,True,,,1382565197
9,12,2,0.5,0.454189,0.0,0.0,0.225511,0.22509765625,0.00439453125,0.07621020537142797,0.0009390172910745065,3490,Simplified BARK,2,0.00048828125,0.0024427420409369924,924.0,0.2255859375,True,,,1382565197
9,12,2,0.5,0.454189,0.0,0.0,0.225511,0.22509765625,0.00439453125,0.07621020537142797,0.0009390172910745065,3490,Simplified BARK,3,0.000732421875,0.0048210077661563705,924.0,0.2255859375,True,,,1382565197
9,12,2,0.5,0.454189,0.0,0.0,0.225511,0.22509765625,0.00439453125,0.07621020537142797,0.0009390172910745065,3490,Simplified BARK,4,0.0009765625,0.005538218298957488,924.0,0.2255859375,True,,,1382565197
9,12,2,0.5,0.454189,0.0,0.0,0.225511,0.22509765625,0.00439453125,0.07621020537142797,0.0009390172910745065,3490,Simplified BARK,5,0.001220703125,0.006126294634221327,924.0,0.2255859375,True,,,1382565197
9,12,2,0.5,0.454189,0.0,0.0,0.225511,0.22509765625,0.00439453125,0.07621020537142797,0.0009390172910745065,3490,Simplified BARK,6,0.00146484375,0.006498114167893824,924.0,0.2255859375,True,,,1382565197
9,12,2,0.5,0.454189,0.0,0.0,0.225511,0.22509765625,0.00439453125,0.07621020537142797,0.0009390172910745065,3490,Simplified BARK,8,0.001953125,0.006881867637431906,924.0,0.2255859375,True,,,1382565197
9,12,2,0.5,0.454189,0.0,0.0,0.225511,0.22509765625,0.00439453125,0.07621020537142797,0.0009390172910745065,3490,Simplified BARK,11,0.002685546875,0.006911392564413488,924.0,0.2255859375,True,,,1382565197
9,12,2,0.5,0.454189,0.0,0.0,0.225511,0.22509765625,0.00439453125,0.07621020537142797,0.0009390172910745065,3490,Simplified BARK,14,0.00341796875,0.006914201590883901,924.0,0.2255859375,True,,,1382565197
9,12,2,0.5,0.454189,0.0,0.0,0.225511,0.22509765625,0.00439453125,0.07621020537142797,0.0009390172910745065,3490,Simplified BARK,18,0.00439453125,0.006922820054057488,924.0,0.2255859375,True,,,1382565197
9,12,2,0.5,0.454189,0.0,0.0,0.225511,0.22509765625,0.00439453125,0.07621020537142797,0.0009390172910745065,3490,Simplified BARK,23,0.005615234375,0.001131797059763331,924.0,0.2255859375,True,,,1382565197
9,12,2,0.5,0.454189,0.0,0.0,0.225511,0.22509765625,0.00439453125,0.07621020537142797,0.0009390172910745065,3490,Simplified BARK,31,0.007568359375,0.0018791159912766794,924.0,0.2255859375,True,,,1382565197
9,12,2,0.5,0.454189,0.0,0.0,0.225511,0.22509765625,0.00439453125,0.07621020537142797,0.0009390172910745065,3490,Simplified BARK,40,0.009765625,0.004534317910920127,924.0,0.2255859375,True,,,1382565197
9,12,2,0.5,0.454189,0.0,0.0,0.225511,0.22509765625,0.00439453125,0.07621020537142797,0.0009390172910745065,3490,Simplified BARK,52,0.0126953125,0.007348577009607807,924.0,0.2255859375,True,,,1382565197
9,12,2,0.5,0.454189,0.0,0.0,0.225511,0.22509765625,0.00439453125,0.07621020537142797,0.0009390172910745065,3490,Simplified BARK,67,0.016357421875,0.009993223450648325,924.0,0.2255859375,True,,,1382565197
9,12,2,0.5,0.454189,0.0,0.0,0.225511,0.22509765625,0.00439453125,0.07621020537142797,0.0009390172910745065,3490,Simplified BARK,87,0.021240234375,0.027429218936250443,924.0,0.2255859375,True,,,1382565197
9,12,2,0.5,0.454189,0.0,0.0,0.225511,0.22509765625,0.00439453125,0.07621020537142797,0.0009390172910745065,3490,Simplified BARK,114,0.02783203125,0.035093016941585065,924.0,0.2255859375,True,,,1382565197
9,12,2,0.5,0.454189,0.0,0.0,0.225511,0.22509765625,0.00439453125,0.07621020537142797,0.0009390172910745065,3490,Simplified BARK,148,0.0361328125,0.07965005210364814,924.0,0.2255859375,True,,,1382565197
9,12,2,0.5,0.454189,0.0,0.0,0.225511,0.22509765625,0.00439453125,0.07621020537142797,0.0009390172910745065,3490,Simplified BARK,192,0.046875,0.09041492398632939,924.0,0.2255859375,True,,,1382565197
9,12,2,0.5,0.454189,0.0,0.0,0.225511,0.22509765625,0.00439453125,0.07621020537142797,0.0009390172910745065,3490,Simplified BARK,250,0.06103515625,0.13653613023746522,924.0,0.2255859375,True,,,1382565197
9,12,2,0.5,0.454189,0.0,0.0,0.225511,0.22509765625,0.00439453125,0.07621020537142797,0.0009390172910745065,3490,Simplified BARK,325,0.079345703125,0.30177459956385705,924.0,0.2255859375,True,,,1382565197
9,12,2,0.5,0.454189,0.0,0.0,0.225511,0.22509765625,0.00439453125,0.07621020537142797,0.0009390172910745065,3490,Simplified BARK,423,0.103271484375,0.4574264544434224,924.0,0.2255859375,True,,,1382565197
9,12,2,0.5,0.454189,0.0,0.0,0.225511,0.22509765625,0.00439453125,0.07621020537142797,0.0009390172910745065,3490,Simplified BARK,550,0.13427734375,0.5506667324124642,924.0,0.2255859375,True,,,1382565197
9,12,2,0.5,0.454189,0.0,0.0,0.225511,0.22509765625,0.00439453125,0.07621020537142797,0.0009390172910745065,3490,Simplified BARK,715,0.174560546875,0.8654173227808152,924.0,0.2255859375,True,,,1382565197
9,12,2,0.5,0.454189,0.0,0.0,0.225511,0.22509765625,0.00439453125,0.07621020537142797,0.0009390172910745065,3490,Simplified BARK,931,0.227294921875,1.0,924.0,0.2255859375,True,,,1382565197
9,12,2,0.5,0.454189,0.0,0.0,0.225511,0.22509765625,0.00439453125,0.07621020537142797,0.0009390172910745065,3490,Simplified BARK,1210,0.29541015625,1.0,924.0,0.2255859375,True,,,1382565197
9,12,2,0.5,0.454189,0.0,0.0,0.225511,0.22509765625,0.00439453125,0.07621020537142797,0.0009390172910745065,3490,Simplified BARK,1575,0.384521484375,1.0,924.0,0.2255859375,True,,,1382565197
9,12,2,0.5,0.454189,0.0,0.0,0.225511,0.22509765625,0.00439453125,0.07621020537142797,0.0009390172910745065,3490,Simplified BARK,2048,0.5,1.0,924.0,0.2255859375,True,,,1382565197
9,12,2,0.5,0.454189,0.0,0.0,0.225511,0.22509765625,0.00439453125,0.07621020537142797,0.0009390172910745065,3490,SKQD,1,0.000244140625,0.0009390172910745065,923.3333333333334,0.22542317708333334,True,0.02,1000.0,1382565197
9,12,2,0.5,0.454189,0.0,0.0,0.225511,0.22509765625,0.00439453125,0.07621020537142797,0.0009390172910745065,3490,SKQD,2,0.00048828125,0.0009390172910745065,923.3333333333334,0.22542317708333334,True,0.02,1000.0,1382565197
9,12,2,0.5,0.454189,0.0,0.0,0.225511,0.22509765625,0.00439453125,0.07621020537142797,0.0009390172910745065,3490,SKQD,3,0.000732421875,0.0013592051204497756,923.3333333333334,0.22542317708333334,True,0.02,1000.0,1382565197
9,12,2,0.5,0.454189,0.0,0.0,0.225511,0.22509765625,0.00439453125,0.07621020537142797,0.0009390172910745065,3490,SKQD,4,0.0009765625,0.0013592051204497756,923.3333333333334,0.22542317708333334,True,0.02,1000.0,1382565197
9,12,2,0.5,0.454189,0.0,0.0,0.225511,0.22509765625,0.00439453125,0.07621020537142797,0.0009390172910745065,3490,SKQD,5,0.001220703125,0.0013592051204497756,923.3333333333334,0.22542317708333334,True,0.02,1000.0,1382565197
9,12,2,0.5,0.454189,0.0,0.0,0.225511,0.22509765625,0.00439453125,0.07621020537142797,0.0009390172910745065,3490,SKQD,6,0.00146484375,0.002894578655477623,923.3333333333334,0.22542317708333334,True,0.02,1000.0,1382565197
9,12,2,0.5,0.454189,0.0,0.0,0.225511,0.22509765625,0.00439453125,0.07621020537142797,0.0009390172910745065,3490,SKQD,8,0.001953125,0.0044512599402667975,923.3333333333334,0.22542317708333334,True,0.02,1000.0,1382565197
9,12,2,0.5,0.454189,0.0,0.0,0.225511,0.22509765625,0.00439453125,0.07621020537142797,0.0009390172910745065,3490,SKQD,11,0.002685546875,0.007151838066264697,923.3333333333334,0.22542317708333334,True,0.02,1000.0,1382565197
9,12,2,0.5,0.454189,0.0,0.0,0.225511,0.22509765625,0.00439453125,0.07621020537142797,0.0009390172910745065,3490,SKQD,14,0.00341796875,0.009958292269690413,923.3333333333334,0.22542317708333334,True,0.02,1000.0,1382565197
9,12,2,0.5,0.454189,0.0,0.0,0.225511,0.22509765625,0.00439453125,0.07621020537142797,0.0009390172910745065,3490,SKQD,18,0.00439453125,0.012302008017209565,923.3333333333334,0.22542317708333334,True,0.02,1000.0,1382565197
9,12,2,0.5,0.454189,0.0,0.0,0.225511,0.22509765625,0.00439453125,0.07621020537142797,0.0009390172910745065,3490,SKQD,23,0.005615234375,0.01324597109019169,923.3333333333334,0.22542317708333334,True,0.02,1000.0,1382565197
9,12,2,0.5,0.454189,0.0,0.0,0.225511,0.22509765625,0.00439453125,0.07621020537142797,0.0009390172910745065,3490,SKQD,31,0.007568359375,0.021900563949863127,923.3333333333334,0.22542317708333334,True,0.02,1000.0,1382565197
9,12,2,0.5,0.454189,0.0,0.0,0.225511,0.22509765625,0.00439453125,0.07621020537142797,0.0009390172910745065,3490,SKQD,40,0.009765625,0.0284500546130315,923.3333333333334,0.22542317708333334,True,0.02,1000.0,1382565197
9,12,2,0.5,0.454189,0.0,0.0,0.225511,0.22509765625,0.00439453125,0.07621020537142797,0.0009390172910745065,3490,SKQD,52,0.0126953125,0.035864973028198216,923.3333333333334,0.22542317708333334,True,0.02,1000.0,1382565197
9,12,2,0.5,0.454189,0.0,0.0,0.225511,0.22509765625,0.00439453125,0.07621020537142797,0.0009390172910745065,3490,SKQD,67,0.016357421875,0.044600306981061454,923.3333333333334,0.22542317708333334,True,0.02,1000.0,1382565197
9,12,2,0.5,0.454189,0.0,0.0,0.225511,0.22509765625,0.00439453125,0.07621020537142797,0.0009390172910745065,3490,SKQD,87,0.021240234375,0.061185322950380316,923.3333333333334,0.22542317708333334,True,0.02,1000.0,1382565197
9,12,2,0.5,0.454189,0.0,0.0,0.225511,0.22509765625,0.00439453125,0.07621020537142797,0.0009390172910745065,3490,SKQD,114,0.02783203125,0.0987337233186431,923.3333333333334,0.22542317708333334,True,0.02,1000.0,1382565197
9,12,2,0.5,0.454189,0.0,0.0,0.225511,0.22509765625,0.00439453125,0.07621020537142797,0.0009390172910745065,3490,SKQD,148,0.0361328125,0.10766463514868184,923.3333333333334,0.22542317708333334,True,0.02,1000.0,1382565197
9,12,2,0.5,0.454189,0.0,0.0,0.225511,0.22509765625,0.00439453125,0.07621020537142797,0.0009390172910745065,3490,SKQD,192,0.046875,0.17951637487669383,923.3333333333334,0.22542317708333334,True,0.02,1000.0,1382565197
9,12,2,0.5,0.454189,0.0,0.0,0.225511,0.22509765625,0.00439453125,0.07621020537142797,0.0009390172910745065,3490,SKQD,250,0.06103515625,0.25889241949831404,923.3333333333334,0.22542317708333334,True,0.02,1000.0,1382565197
9,12,2,0.5,0.454189,0.0,0.0,0.225511,0.22509765625,0.00439453125,0.07621020537142797,0.0009390172910745065,3490,SKQD,325,0.079345703125,0.3479408899222876,923.3333333333334,0.22542317708333334,True,0.02,1000.0,1382565197
9,12,2,0.5,0.454189,0.0,0.0,0.225511,0.22509765625,0.00439453125,0.07621020537142797,0.0009390172910745065,3490,SKQD,423,0.103271484375,0.46337834780397497,923.3333333333334,0.22542317708333334,True,0.02,1000.0,1382565197
9,12,2,0.5,0.454189,0.0,0.0,0.225511,0.22509765625,0.00439453125,0.07621020537142797,0.0009390172910745065,3490,SKQD,550,0.13427734375,0.6720370396995926,923.3333333333334,0.22542317708333334,True,0.02,1000.0,1382565197
9,12,2,0.5,0.454189,0.0,0.0,0.225511,0.22509765625,0.00439453125,0.07621020537142797,0.0009390172910745065,3490,SKQD,715,0.174560546875,0.8438815884570111,923.3333333333334,0.22542317708333334,True,0.02,1000.0,1382565197
9,12,2,0.5,0.454189,0.0,0.0,0.225511,0.22509765625,0.00439453125,0.07621020537142797,0.0009390172910745065,3490,SKQD,931,0.227294921875,0.9999964530934861,923.3333333333334,0.22542317708333334,True,0.02,1000.0,1382565197
9,12,2,0.5,0.454189,0.0,0.0,0.225511,0.22509765625,0.00439453125,0.07621020537142797,0.0009390172910745065,3490,SKQD,1210,0.29541015625,0.9999964530934861,923.3333333333334,0.22542317708333334,True,0.02,1000.0,1382565197
9,12,2,0.5,0.454189,0.0,0.0,0.225511,0.22509765625,0.00439453125,0.07621020537142797,0.0009390172910745065,3490,SKQD,1575,0.384521484375,0.9999964530934861,923.3333333333334,0.22542317708333334,True,0.02,1000.0,1382565197
9,12,2,0.5,0.454189,0.0,0.0,0.225511,0.22509765625,0.00439453125,0.07621020537142797,0.0009390172910745065,3490,SKQD,2048,0.5,0.9999964530934861,923.3333333333334,0.22542317708333334,True,0.02,1000.0,1382565197
9,12,2,0.5,0.454189,0.0,0.0,0.225511,0.22509765625,0.00439453125,0.07621020537142797,0.0009390172910745065,3490,Ceiling,1,0.000244140625,0.03163052020024355,2048.0,0.5,False,,,1382565197
9,12,2,0.5,0.454189,0.0,0.0,0.225511,0.22509765625,0.00439453125,0.07621020537142797,0.0009390172910745065,3490,Ceiling,2,0.00048828125,0.06326104040048691,2048.0,0.5,False,,,1382565197
9,12,2,0.5,0.454189,0.0,0.0,0.225511,0.22509765625,0.00439453125,0.07621020537142797,0.0009390172910745065,3490,Ceiling,3,0.000732421875,0.07446980568326242,2048.0,0.5,False,,,1382565197
9,12,2,0.5,0.454189,0.0,0.0,0.225511,0.22509765625,0.00439453125,0.07621020537142797,0.0009390172910745065,3490,Ceiling,4,0.0009765625,0.08567857096603791,2048.0,0.5,False,,,1382565197
9,12,2,0.5,0.454189,0.0,0.0,0.225511,0.22509765625,0.00439453125,0.07621020537142797,0.0009390172910745065,3490,Ceiling,5,0.001220703125,0.09504456090971466,2048.0,0.5,False,,,1382565197
9,12,2,0.5,0.454189,0.0,0.0,0.225511,0.22509765625,0.00439453125,0.07621020537142797,0.0009390172910745065,3490,Ceiling,6,0.00146484375,0.1044105508533914,2048.0,0.5,False,,,1382565197
9,12,2,0.5,0.454189,0.0,0.0,0.225511,0.22509765625,0.00439453125,0.07621020537142797,0.0009390172910745065,3490,Ceiling,8,0.001953125,0.12314253074074485,2048.0,0.5,False,,,1382565197
9,12,2,0.5,0.454189,0.0,0.0,0.225511,0.22509765625,0.00439453125,0.07621020537142797,0.0009390172910745065,3490,Ceiling,11,0.002685546875,0.15124050057177496,2048.0,0.5,False,,,1382565197
9,12,2,0.5,0.454189,0.0,0.0,0.225511,0.22509765625,0.00439453125,0.07621020537142797,0.0009390172910745065,3490,Ceiling,14,0.00341796875,0.17488307122676908,2048.0,0.5,False,,,1382565197
9,12,2,0.5,0.454189,0.0,0.0,0.225511,0.22509765625,0.00439453125,0.07621020537142797,0.0009390172910745065,3490,Ceiling,18,0.00439453125,0.20343623264940394,2048.0,0.5,False,,,1382565197
9,12,2,0.5,0.454189,0.0,0.0,0.225511,0.22509765625,0.00439453125,0.07621020537142797,0.0009390172910745065,3490,Ceiling,23,0.005615234375,0.23898314065196624,2048.0,0.5,False,,,1382565197
9,12,2,0.5,0.454189,0.0,0.0,0.225511,0.22509765625,0.00439453125,0.07621020537142797,0.0009390172910745065,3490,Ceiling,31,0.007568359375,0.29161293404634286,2048.0,0.5,False,,,1382565197
9,12,2,0.5,0.454189,0.0,0.0,0.225511,0.22509765625,0.00439453125,0.07621020537142797,0.0009390172910745065,3490,Ceiling,40,0.009765625,0.3372997056059368,2048.0,0.5,False,,,1382565197
9,12,2,0.5,0.454189,0.0,0.0,0.225511,0.22509765625,0.00439453125,0.07621020537142797,0.0009390172910745065,3490,Ceiling,52,0.0126953125,0.387550772629212,2048.0,0.5,False,,,1382565197
9,12,2,0.5,0.454189,0.0,0.0,0.225511,0.22509765625,0.00439453125,0.07621020537142797,0.0009390172910745065,3490,Ceiling,67,0.016357421875,0.44320690858678646,2048.0,0.5,False,,,1382565197
9,12,2,0.5,0.454189,0.0,0.0,0.225511,0.22509765625,0.00439453125,0.07621020537142797,0.0009390172910745065,3490,Ceiling,87,0.021240234375,0.49905667737933007,2048.0,0.5,False,,,1382565197
9,12,2,0.5,0.454189,0.0,0.0,0.225511,0.22509765625,0.00439453125,0.07621020537142797,0.0009390172910745065,3490,Ceiling,114,0.02783203125,0.5616127503242352,2048.0,0.5,False,,,1382565197
9,12,2,0.5,0.454189,0.0,0.0,0.225511,0.22509765625,0.00439453125,0.07621020537142797,0.0009390172910745065,3490,Ceiling,148,0.0361328125,0.6203846530596331,2048.0,0.5,False,,,1382565197
9,12,2,0.5,0.454189,0.0,0.0,0.225511,0.22509765625,0.00439453125,0.07621020537142797,0.0009390172910745065,3490,Ceiling,192,0.046875,0.6848575795066825,2048.0,0.5,False,,,1382565197
9,12,2,0.5,0.454189,0.0,0.0,0.225511,0.22509765625,0.00439453125,0.07621020537142797,0.0009390172910745065,3490,Ceiling,250,0.06103515625,0.7547318497978575,2048.0,0.5,False,,,1382565197
9,12,2,0.5,0.454189,0.0,0.0,0.225511,0.22509765625,0.00439453125,0.07621020537142797,0.0009390172910745065,3490,Ceiling,325,0.079345703125,0.8268191170181733,2048.0,0.5,False,,,1382565197
9,12,2,0.5,0.454189,0.0,0.0,0.225511,0.22509765625,0.00439453125,0.07621020537142797,0.0009390172910745065,3490,Ceiling,423,0.103271484375,0.8952672501577702,2048.0,0.5,False,,,1382565197
9,12,2,0.5,0.454189,0.0,0.0,0.225511,0.22509765625,0.00439453125,0.07621020537142797,0.0009390172910745065,3490,Ceiling,550,0.13427734375,0.9507519117190335,2048.0,0.5,False,,,1382565197
9,12,2,0.5,0.454189,0.0,0.0,0.225511,0.22509765625,0.00439453125,0.07621020537142797,0.0009390172910745065,3490,Ceiling,715,0.174560546875,0.9868326666853497,2048.0,0.5,False,,,1382565197
9,12,2,0.5,0.454189,0.0,0.0,0.225511,0.22509765625,0.00439453125,0.07621020537142797,0.0009390172910745065,3490,Ceiling,931,0.227294921875,0.9999999999999989,2048.0,0.5,False,,,1382565197
9,12,2,0.5,0.454189,0.0,0.0,0.225511,0.22509765625,0.00439453125,0.07621020537142797,0.0009390172910745065,3490,Ceiling,1210,0.29541015625,0.9999999999999989,2048.0,0.5,False,,,1382565197
9,12,2,0.5,0.454189,0.0,0.0,0.225511,0.22509765625,0.00439453125,0.07621020537142797,0.0009390172910745065,3490,Ceiling,1575,0.384521484375,0.9999999999999989,2048.0,0.5,False,,,1382565197
9,12,2,0.5,0.454189,0.0,0.0,0.225511,0.22509765625,0.00439453125,0.07621020537142797,0.0009390172910745065,3490,Ceiling,2048,0.5,0.9999999999999989,2048.0,0.5,False,,,1382565197
9,12,2,0.5,0.454189,0.0,0.0,0.225511,0.22509765625,0.00439453125,0.07621020537142797,0.00047813149685606445,996,BARK,1,0.000244140625,0.00047813149685606445,924.0,0.2255859375,True,,,1382565197
9,12,2,0.5,0.454189,0.0,0.0,0.225511,0.22509765625,0.00439453125,0.07621020537142797,0.00047813149685606445,996,BARK,2,0.00048828125,0.001519711642574949,924.0,0.2255859375,True,,,1382565197
9,12,2,0.5,0.454189,0.0,0.0,0.225511,0.22509765625,0.00439453125,0.07621020537142797,0.00047813149685606445,996,BARK,3,0.000732421875,0.00594321918561964,924.0,0.2255859375,True,,,1382565197
9,12,2,0.5,0.454189,0.0,0.0,0.225511,0.22509765625,0.00439453125,0.07621020537142797,0.00047813149685606445,996,BARK,4,0.0009765625,0.013319173195050897,924.0,0.2255859375,True,,,1382565197
9,12,2,0.5,0.454189,0.0,0.0,0.225511,0.22509765625,0.00439453125,0.07621020537142797,0.00047813149685606445,996,BARK,5,0.001220703125,0.04368186691769347,924.0,0.2255859375,True,,,1382565197
9,12,2,0.5,0.454189,0.0,0.0,0.225511,0.22509765625,0.00439453125,0.07621020537142797,0.00047813149685606445,996,BARK,6,0.00146484375,0.054078711137820076,924.0,0.2255859375,True,,,1382565197
9,12,2,0.5,0.454189,0.0,0.0,0.225511,0.22509765625,0.00439453125,0.07621020537142797,0.00047813149685606445,996,BARK,8,0.001953125,0.06706469250443547,924.0,0.2255859375,True,,,1382565197
9,12,2,0.5,0.454189,0.0,0.0,0.225511,0.22509765625,0.00439453125,0.07621020537142797,0.00047813149685606445,996,BARK,11,0.002685546875,0.08209212433976935,924.0,0.2255859375,True,,,1382565197
9,12,2,0.5,0.454189,0.0,0.0,0.225511,0.22509765625,0.00439453125,0.07621020537142797,0.00047813149685606445,996,BARK,14,0.00341796875,0.10661955148270792,924.0,0.2255859375,True,,,1382565197
9,12,2,0.5,0.454189,0.0,0.0,0.225511,0.22509765625,0.00439453125,0.07621020537142797,0.00047813149685606445,996,BARK,18,0.00439453125,0.11376062003959356,924.0,0.2255859375,True,,,1382565197
9,12,2,0.5,0.454189,0.0,0.0,0.225511,0.22509765625,0.00439453125,0.07621020537142797,0.00047813149685606445,996,BARK,23,0.005615234375,0.12221235920689874,924.0,0.2255859375,True,,,1382565197
9,12,2,0.5,0.454189,0.0,0.0,0.225511,0.22509765625,0.00439453125,0.07621020537142797,0.00047813149685606445,996,BARK,31,0.007568359375,0.1357947936621809,924.0,0.2255859375,True,,,1382565197
9,12,2,0.5,0.454189,0.0,0.0,0.225511,0.22509765625,0.00439453125,0.07621020537142797,0.00047813149685606445,996,BARK,40,0.009765625,0.1514896539276973,924.0,0.2255859375,True,,,1382565197
9,12,2,0.5,0.454189,0.0,0.0,0.225511,0.22509765625,0.00439453125,0.07621020537142797,0.00047813149685606445,996,BARK,52,0.0126953125,0.17421596833691133,924.0,0.2255859375,True,,,1382565197
9,12,2,0.5,0.454189,0.0,0.0,0.225511,0.22509765625,0.00439453125,0.07621020537142797,0.00047813149685606445,996,BARK,67,0.016357421875,0.2090577953208518,924.0,0.2255859375,True,,,1382565197
9,12,2,0.5,0.454189,0.0,0.0,0.225511,0.22509765625,0.00439453125,0.07621020537142797,0.00047813149685606445,996,BARK,87,0.021240234375,0.24063318822826268,924.0,0.2255859375,True,,,1382565197
9,12,2,0.5,0.454189,0.0,0.0,0.225511,0.22509765625,0.00439453125,0.07621020537142797,0.00047813149685606445,996,BARK,114,0.02783203125,0.2924824483208693,924.0,0.2255859375,True,,,1382565197
9,12,2,0.5,0.454189,0.0,0.0,0.225511,0.22509765625,0.00439453125,0.07621020537142797,0.00047813149685606445,996,BARK,148,0.0361328125,0.3574832386822029,924.0,0.2255859375,True,,,1382565197
9,12,2,0.5,0.454189,0.0,0.0,0.225511,0.22509765625,0.00439453125,0.07621020537142797,0.00047813149685606445,996,BARK,192,0.046875,0.4201316952471863,924.0,0.2255859375,True,,,1382565197
9,12,2,0.5,0.454189,0.0,0.0,0.225511,0.22509765625,0.00439453125,0.07621020537142797,0.00047813149685606445,996,BARK,250,0.06103515625,0.48041723673143627,924.0,0.2255859375,True,,,1382565197
9,12,2,0.5,0.454189,0.0,0.0,0.225511,0.22509765625,0.00439453125,0.07621020537142797,0.00047813149685606445,996,BARK,325,0.079345703125,0.5842983921695539,924.0,0.2255859375,True,,,1382565197
9,12,2,0.5,0.454189,0.0,0.0,0.225511,0.22509765625,0.00439453125,0.07621020537142797,0.00047813149685606445,996,BARK,423,0.103271484375,0.7306032441368845,924.0,0.2255859375,True,,,1382565197
9,12,2,0.5,0.454189,0.0,0.0,0.225511,0.22509765625,0.00439453125,0.07621020537142797,0.00047813149685606445,996,BARK,550,0.13427734375,0.8551355139411797,924.0,0.2255859375,True,,,1382565197
9,12,2,0.5,0.454189,0.0,0.0,0.225511,0.22509765625,0.00439453125,0.07621020537142797,0.00047813149685606445,996,BARK,715,0.174560546875,0.9672694652226986,924.0,0.2255859375,True,,,1382565197
9,12,2,0.5,0.454189,0.0,0.0,0.225511,0.22509765625,0.00439453125,0.07621020537142797,0.00047813149685606445,996,BARK,931,0.227294921875,0.9999999999999996,924.0,0.2255859375,True,,,1382565197
9,12,2,0.5,0.454189,0.0,0.0,0.225511,0.22509765625,0.00439453125,0.07621020537142797,0.00047813149685606445,996,BARK,1210,0.29541015625,0.9999999999999996,924.0,0.2255859375,True,,,1382565197
9,12,2,0.5,0.454189,0.0,0.0,0.225511,0.22509765625,0.00439453125,0.07621020537142797,0.00047813149685606445,996,BARK,1575,0.384521484375,0.9999999999999996,924.0,0.2255859375,True,,,1382565197
9,12,2,0.5,0.454189,0.0,0.0,0.225511,0.22509765625,0.00439453125,0.07621020537142797,0.00047813149685606445,996,BARK,2048,0.5,0.9999999999999996,924.0,0.2255859375,True,,,1382565197
9,12,2,0.5,0.454189,0.0,0.0,0.225511,0.22509765625,0.00439453125,0.07621020537142797,0.00047813149685606445,996,Simplified BARK,1,0.000244140625,0.00047813149685606445,924.0,0.2255859375,True,,,1382565197
9,12,2,0.5,0.454189,0.0,0.0,0.225511,0.22509765625,0.00439453125,0.07621020537142797,0.00047813149685606445,996,Simplified BARK,2,0.00048828125,0.001844761136027327,924.0,0.2255859375,True,,,1382565197
9,12,2,0.5,0.454189,0.0,0.0,0.225511,0.22509765625,0.00439453125,0.07621020537142797,0.00047813149685606445,996,Simplified BARK,3,0.000732421875,0.0028188386005518077,924.0,0.2255859375,True,,,1382565197
9,12,2,0.5,0.454189,0.0,0.0,0.225511,0.22509765625,0.00439453125,0.07621020537142797,0.00047813149685606445,996,Simplified BARK,4,0.0009765625,0.003158574591838978,924.0,0.2255859375,True,,,1382565197
9,12,2,0.5,0.454189,0.0,0.0,0.225511,0.22509765625,0.00439453125,0.07621020537142797,0.00047813149685606445,996,Simplified BARK,5,0.001220703125,0.0034261192355245843,924.0,0.2255859375,True,,,1382565197
9,12,2,0.5,0.454189,0.0,0.0,0.225511,0.22509765625,0.00439453125,0.07621020537142797,0.00047813149685606445,996,Simplified BARK,6,0.00146484375,0.003519170558520038,924.0,0.2255859375,True,,,1382565197
9,12,2,0.5,0.454189,0.0,0.0,0.225511,0.22509765625,0.00439453125,0.07621020537142797,0.00047813149685606445,996,Simplified BARK,8,0.001953125,0.00357285074623563,924.0,0.2255859375,True,,,1382565197
9,12,2,0.5,0.454189,0.0,0.0,0.225511,0.22509765625,0.00439453125,0.07621020537142797,0.00047813149685606445,996,Simplified BARK,11,0.002685546875,0.0035881760025334424,924.0,0.2255859375,True,,,1382565197
9,12,2,0.5,0.454189,0.0,0.0,0.225511,0.22509765625,0.00439453125,0.07621020537142797,0.00047813149685606445,996,Simplified BARK,14,0.00341796875,0.0036814902888119097,924.0,0.2255859375,True,,,1382565197
9,12,2,0.5,0.454189,0.0,0.0,0.225511,0.22509765625,0.00439453125,0.07621020537142797,0.00047813149685606445,996,Simplified BARK,18,0.00439453125,0.0008904922400803416,924.0,0.2255859375,True,,,1382565197
9,12,2,0.5,0.454189,0.0,0.0,0.225511,0.22509765625,0.00439453125,0.07621020537142797,0.00047813149685606445,996,Simplified BARK,23,0.005615234375,0.001357477825557246,924.0,0.2255859375,True,,,1382565197
9,12,2,0.5,0.454189,0.0,0.0,0.225511,0.22509765625,0.00439453125,0.07621020537142797,0.00047813149685606445,996,Simplified BARK,31,0.007568359375,0.0024947629351137657,924.0,0.2255859375,True,,,1382565197
9,12,2,0.5,0.454189,0.0,0.0,0.225511,0.22509765625,0.00439453125,0.07621020537142797,0.00047813149685606445,996,Simplified BARK,40,0.009765625,0.0046610154947892305,924.0,0.2255859375,True,,,1382565197
9,12,2,0.5,0.454189,0.0,0.0,0.225511,0.22509765625,0.00439453125,0.07621020537142797,0.00047813149685606445,996,Simplified BARK,52,0.0126953125,0.007213127238423779,924.0,0.2255859375,True,,,1382565197
9,12,2,0.5,0.454189,0.0,0.0,0.225511,0.22509765625,0.00439453125,0.07621020537142797,0.00047813149685606445,996,Simplified BARK,67,0.016357421875,0.010677910555738015,924.0,0.2255859375,True,,,1382565197
9,12,2,0.5,0.454189,0.0,0.0,0.225511,0.22509765625,0.00439453125,0.07621020537142797,0.00047813149685606445,996,Simplified BARK,87,0.021240234375,0.030068708842472765,924.0,0.2255859375,True,,,1382565197
9,12,2,0.5,0.454189,0.0,0.0,0.225511,0.22509765625,0.00439453125,0.07621020537142797,0.00047813149685606445,996,Simplified BARK,114,0.02783203125,0.036425439924852566,924.0,0.2255859375,True,,,1382565197
9,12,2,0.5,0.454189,0.0,0.0,0.225511,0.22509765625,0.00439453125,0.07621020537142797,0.00047813149685606445,996,Simplified BARK,148,0.0361328125,0.07972945687046473,924.0,0.2255859375,True,,,1382565197
9,12,2,0.5,0.454189,0.0,0.0,0.225511,0.22509765625,0.00439453125,0.07621020537142797,0.00047813149685606445,996,Simplified BARK,192,0.046875,0.09254780031212,924.0,0.2255859375,True,,,1382565197
9,12,2,0.5,0.454189,0.0,0.0,0.225511,0.22509765625,0.00439453125,0.07621020537142797,0.00047813149685606445,996,Simplified BARK,250,0.06103515625,0.13697052868436785,924.0,0.2255859375,True,,,1382565197
9,12,2,0.5,0.454189,0.0,0.0,0.225511,0.22509765625,0.00439453125,0.07621020537142797,0.00047813149685606445,996,Simplified BARK,325,0.079345703125,0.30748474501358386,924.0,0.2255859375,True,,,1382565197
9,12,2,0.5,0.454189,0.0,0.0,0.225511,0.22509765625,0.00439453125,0.07621020537142797,0.00047813149685606445,996,Simplified BARK,423,0.103271484375,0.45734026582534004,924.0,0.2255859375,True,,,1382565197
9,12,2,0.5,0.454189,0.0,0.0,0.225511,0.22509765625,0.00439453125,0.07621020537142797,0.00047813149685606445,996,Simplified BARK,550,0.13427734375,0.550925771378761,924.0,0.2255859375,True,,,1382565197
9,12,2,0.5,0.454189,0.0,0.0,0.225511,0.22509765625,0.00439453125,0.07621020537142797,0.00047813149685606445,996,Simplified BARK,715,0.174560546875,0.8651566017505432,924.0,0.2255859375,True,,,1382565197
9,12,2,0.5,0.454189,0.0,0.0,0.225511,0.22509765625,0.00439453125,0.07621020537142797,0.00047813149685606445,996,Simplified BARK,931,0.227294921875,0.9999999999999996,924.0,0.2255859375,True,,,1382565197
9,12,2,0.5,0.454189,0.0,0.0,0.225511,0.22509765625,0.00439453125,0.07621020537142797,0.00047813149685606445,996,Simplified BARK,1210,0.29541015625,0.9999999999999996,924.0,0.2255859375,True,,,1382565197
9,12,2,0.5,0.454189,0.0,0.0,0.225511,0.22509765625,0.00439453125,0.07621020537142797,0.00047813149685606445,996,Simplified BARK,1575,0.384521484375,0.9999999999999996,924.0,0.2255859375,True,,,1382565197
9,12,2,0.5,0.454189,0.0,0.0,0.225511,0.22509765625,0.00439453125,0.07621020537142797,0.00047813149685606445,996,Simplified BARK,2048,0.5,0.9999999999999996,924.0,0.2255859375,True,,,1382565197
9,12,2,0.5,0.454189,0.0,0.0,0.225511,0.22509765625,0.00439453125,0.07621020537142797,0.00047813149685606445,996,SKQD,1,0.000244140625,0.00047813149685606445,921.0,0.224853515625,True,0.02,1000.0,1382565197
9,12,2,0.5,0.454189,0.0,0.0,0.225511,0.22509765625,0.00439453125,0.07621020537142797,0.00047813149685606445,996,SKQD,2,0.00048828125,0.0006612554714014794,921.0,0.224853515625,True,0.02,1000.0,1382565197
9,12,2,0.5,0.454189,0.0,0.0,0.225511,0.22509765625,0.00439453125,0.07621020537142797,0.00047813149685606445,996,SKQD,3,0.000732421875,0.0009022907196978326,921.0,0.224853515625,True,0.02,1000.0,1382565197
9,12,2,0.5,0.454189,0.0,0.0,0.225511,0.22509765625,0.00439453125,0.07621020537142797,0.00047813149685606445,996,SKQD,4,0.0009765625,0.0013732487522568598,921.0,0.224853515625,True,0.02,1000.0,1382565197
9,12,2,0.5,0.454189,0.0,0.0,0.225511,0.22509765625,0.00439453125,0.07621020537142797,0.00047813149685606445,996,SKQD,5,0.001220703125,0.0013732487522568598,921.0,0.224853515625,True,0.02,1000.0,1382565197
9,12,2,0.5,0.454189,0.0,0.0,0.225511,0.22509765625,0.00439453125,0.07621020537142797,0.00047813149685606445,996,SKQD,6,0.00146484375,0.0013732487522568598,921.0,0.224853515625,True,0.02,1000.0,1382565197
9,12,2,0.5,0.454189,0.0,0.0,0.225511,0.22509765625,0.00439453125,0.07621020537142797,0.00047813149685606445,996,SKQD,8,0.001953125,0.002452628400034027,921.0,0.224853515625,True,0.02,1000.0,1382565197
9,12,2,0.5,0.454189,0.0,0.0,0.225511,0.22509765625,0.00439453125,0.07621020537142797,0.00047813149685606445,996,SKQD,11,0.002685546875,0.007554874094823478,921.0,0.224853515625,True,0.02,1000.0,1382565197
9,12,2,0.5,0.454189,0.0,0.0,0.225511,0.22509765625,0.00439453125,0.07621020537142797,0.00047813149685606445,996,SKQD,14,0.00341796875,0.0083186504723531,921.0,0.224853515625,True,0.02,1000.0,1382565197
9,12,2,0.5,0.454189,0.0,0.0,0.225511,0.22509765625,0.00439453125,0.07621020537142797,0.00047813149685606445,996,SKQD,18,0.00439453125,0.009713523702102407,921.0,0.224853515625,True,0.02,1000.0,1382565197
9,12,2,0.5,0.454189,0.0,0.0,0.225511,0.22509765625,0.00439453125,0.07621020537142797,0.00047813149685606445,996,SKQD,23,0.005615234375,0.01489544268407679,921.0,0.224853515625,True,0.02,1000.0,1382565197
9,12,2,0.5,0.454189,0.0,0.0,0.225511,0.22509765625,0.00439453125,0.07621020537142797,0.00047813149685606445,996,SKQD,31,0.007568359375,0.01862149169506202,921.0,0.224853515625,True,0.02,1000.0,1382565197
9,12,2,0.5,0.454189,0.0,0.0,0.225511,0.22509765625,0.00439453125,0.07621020537142797,0.00047813149685606445,996,SKQD,40,0.009765625,0.02380955486174693,921.0,0.224853515625,True,0.02,1000.0,1382565197
9,12,2,0.5,0.454189,0.0,0.0,0.225511,0.22509765625,0.00439453125,0.07621020537142797,0.00047813149685606445,996,SKQD,52,0.0126953125,0.03456219632708583,921.0,0.224853515625,True,0.02,1000.0,1382565197
9,12,2,0.5,0.454189,0.0,0.0,0.225511,0.22509765625,0.00439453125,0.07621020537142797,0.00047813149685606445,996,SKQD,67,0.016357421875,0.041605878360298144,921.0,0.224853515625,True,0.02,1000.0,1382565197
9,12,2,0.5,0.454189,0.0,0.0,0.225511,0.22509765625,0.00439453125,0.07621020537142797,0.00047813149685606445,996,SKQD,87,0.021240234375,0.06539086770681014,921.0,0.224853515625,True,0.02,1000.0,1382565197
9,12,2,0.5,0.454189,0.0,0.0,0.225511,0.22509765625,0.00439453125,0.07621020537142797,0.00047813149685606445,996,SKQD,114,0.02783203125,0.0870459538243639,921.0,0.224853515625,True,0.02,1000.0,1382565197
9,12,2,0.5,0.454189,0.0,0.0,0.225511,0.22509765625,0.00439453125,0.07621020537142797,0.00047813149685606445,996,SKQD,148,0.0361328125,0.11931329099290795,921.0,0.224853515625,True,0.02,1000.0,1382565197
9,12,2,0.5,0.454189,0.0,0.0,0.225511,0.22509765625,0.00439453125,0.07621020537142797,0.00047813149685606445,996,SKQD,192,0.046875,0.19381081850350737,921.0,0.224853515625,True,0.02,1000.0,1382565197
9,12,2,0.5,0.454189,0.0,0.0,0.225511,0.22509765625,0.00439453125,0.07621020537142797,0.00047813149685606445,996,SKQD,250,0.06103515625,0.2770566752928967,921.0,0.224853515625,True,0.02,1000.0,1382565197
9,12,2,0.5,0.454189,0.0,0.0,0.225511,0.22509765625,0.00439453125,0.07621020537142797,0.00047813149685606445,996,SKQD,325,0.079345703125,0.34746206872938273,921.0,0.224853515625,True,0.02,1000.0,1382565197
9,12,2,0.5,0.454189,0.0,0.0,0.225511,0.22509765625,0.00439453125,0.07621020537142797,0.00047813149685606445,996,SKQD,423,0.103271484375,0.515069857980389,921.0,0.224853515625,True,0.02,1000.0,1382565197
9,12,2,0.5,0.454189,0.0,0.0,0.225511,0.22509765625,0.00439453125,0.07621020537142797,0.00047813149685606445,996,SKQD,550,0.13427734375,0.6408044826147828,921.0,0.224853515625,True,0.02,1000.0,1382565197
9,12,2,0.5,0.454189,0.0,0.0,0.225511,0.22509765625,0.00439453125,0.07621020537142797,0.00047813149685606445,996,SKQD,715,0.174560546875,0.8106451827182082,921.0,0.224853515625,True,0.02,1000.0,1382565197
9,12,2,0.5,0.454189,0.0,0.0,0.225511,0.22509765625,0.00439453125,0.07621020537142797,0.00047813149685606445,996,SKQD,931,0.227294921875,0.9997253523207211,921.0,0.224853515625,True,0.02,1000.0,1382565197
9,12,2,0.5,0.454189,0.0,0.0,0.225511,0.22509765625,0.00439453125,0.07621020537142797,0.00047813149685606445,996,SKQD,1210,0.29541015625,0.9997253523207211,921.0,0.224853515625,True,0.02,1000.0,1382565197
9,12,2,0.5,0.454189,0.0,0.0,0.225511,0.22509765625,0.00439453125,0.07621020537142797,0.00047813149685606445,996,SKQD,1575,0.384521484375,0.9997253523207211,921.0,0.224853515625,True,0.02,1000.0,1382565197
9,12,2,0.5,0.454189,0.0,0.0,0.225511,0.22509765625,0.00439453125,0.07621020537142797,0.00047813149685606445,996,SKQD,2048,0.5,0.9997253523207211,921.0,0.224853515625,True,0.02,1000.0,1382565197
9,12,2,0.5,0.454189,0.0,0.0,0.225511,0.22509765625,0.00439453125,0.07621020537142797,0.00047813149685606445,996,Ceiling,1,0.000244140625,0.03163052020024355,2048.0,0.5,False,,,1382565197
9,12,2,0.5,0.454189,0.0,0.0,0.225511,0.22509765625,0.00439453125,0.07621020537142797,0.00047813149685606445,996,Ceiling,2,0.00048828125,0.06326104040048691,2048.0,0.5,False,,,1382565197
9,12,2,0.5,0.454189,0.0,0.0,0.225511,0.22509765625,0.00439453125,0.07621020537142797,0.00047813149685606445,996,Ceiling,3,0.000732421875,0.07446980568326242,2048.0,0.5,False,,,1382565197
9,12,2,0.5,0.454189,0.0,0.0,0.225511,0.22509765625,0.00439453125,0.07621020537142797,0.00047813149685606445,996,Ceiling,4,0.0009765625,0.08567857096603791,2048.0,0.5,False,,,1382565197
9,12,2,0.5,0.454189,0.0,0.0,0.225511,0.22509765625,0.00439453125,0.07621020537142797,0.00047813149685606445,996,Ceiling,5,0.001220703125,0.09504456090971466,2048.0,0.5,False,,,1382565197
9,12,2,0.5,0.454189,0.0,0.0,0.225511,0.22509765625,0.00439453125,0.07621020537142797,0.00047813149685606445,996,Ceiling,6,0.00146484375,0.1044105508533914,2048.0,0.5,False,,,1382565197
9,12,2,0.5,0.454189,0.0,0.0,0.225511,0.22509765625,0.00439453125,0.07621020537142797,0.00047813149685606445,996,Ceiling,8,0.001953125,0.12314253074074485,2048.0,0.5,False,,,1382565197
9,12,2,0.5,0.454189,0.0,0.0,0.225511,0.22509765625,0.00439453125,0.07621020537142797,0.00047813149685606445,996,Ceiling,11,0.002685546875,0.15124050057177496,2048.0,0.5,False,,,1382565197
9,12,2,0.5,0.454189,0.0,0.0,0.225511,0.22509765625,0.00439453125,0.07621020537142797,0.00047813149685606445,996,Ceiling,14,0.00341796875,0.17488307122676908,2048.0,0.5,False,,,1382565197
9,12,2,0.5,0.454189,0.0,0.0,0.225511,0.22509765625,0.00439453125,0.07621020537142797,0.00047813149685606445,996,Ceiling,18,0.00439453125,0.20343623264940394,2048.0,0.5,False,,,1382565197
9,12,2,0.5,0.454189,0.0,0.0,0.225511,0.22509765625,0.00439453125,0.07621020537142797,0.00047813149685606445,996,Ceiling,23,0.005615234375,0.23898314065196624,2048.0,0.5,False,,,1382565197
9,12,2,0.5,0.454189,0.0,0.0,0.225511,0.22509765625,0.00439453125,0.07621020537142797,0.00047813149685606445,996,Ceiling,31,0.007568359375,0.29161293404634286,2048.0,0.5,False,,,1382565197
9,12,2,0.5,0.454189,0.0,0.0,0.225511,0.22509765625,0.00439453125,0.07621020537142797,0.00047813149685606445,996,Ceiling,40,0.009765625,0.3372997056059368,2048.0,0.5,False,,,1382565197
9,12,2,0.5,0.454189,0.0,0.0,0.225511,0.22509765625,0.00439453125,0.07621020537142797,0.00047813149685606445,996,Ceiling,52,0.0126953125,0.387550772629212,2048.0,0.5,False,,,1382565197
9,12,2,0.5,0.454189,0.0,0.0,0.225511,0.22509765625,0.00439453125,0.07621020537142797,0.00047813149685606445,996,Ceiling,67,0.016357421875,0.44320690858678646,2048.0,0.5,False,,,1382565197
9,12,2,0.5,0.454189,0.0,0.0,0.225511,0.22509765625,0.00439453125,0.07621020537142797,0.00047813149685606445,996,Ceiling,87,0.021240234375,0.49905667737933007,2048.0,0.5,False,,,1382565197
9,12,2,0.5,0.454189,0.0,0.0,0.225511,0.22509765625,0.00439453125,0.07621020537142797,0.00047813149685606445,996,Ceiling,114,0.02783203125,0.5616127503242352,2048.0,0.5,False,,,1382565197
9,12,2,0.5,0.454189,0.0,0.0,0.225511,0.22509765625,0.00439453125,0.07621020537142797,0.00047813149685606445,996,Ceiling,148,0.0361328125,0.6203846530596331,2048.0,0.5,False,,,1382565197
9,12,2,0.5,0.454189,0.0,0.0,0.225511,0.22509765625,0.00439453125,0.07621020537142797,0.00047813149685606445,996,Ceiling,192,0.046875,0.6848575795066825,2048.0,0.5,False,,,1382565197
9,12,2,0.5,0.454189,0.0,0.0,0.225511,0.22509765625,0.00439453125,0.07621020537142797,0.00047813149685606445,996,Ceiling,250,0.06103515625,0.7547318497978575,2048.0,0.5,False,,,1382565197
9,12,2,0.5,0.454189,0.0,0.0,0.225511,0.22509765625,0.00439453125,0.07621020537142797,0.00047813149685606445,996,Ceiling,325,0.079345703125,0.8268191170181733,2048.0,0.5,False,,,1382565197
9,12,2,0.5,0.454189,0.0,0.0,0.225511,0.22509765625,0.00439453125,0.07621020537142797,0.00047813149685606445,996,Ceiling,423,0.103271484375,0.8952672501577702,2048.0,0.5,False,,,1382565197
9,12,2,0.5,0.454189,0.0,0.0,0.225511,0.22509765625,0.00439453125,0.07621020537142797,0.00047813149685606445,996,Ceiling,550,0.13427734375,0.9507519117190335,2048.0,0.5,False,,,1382565197
9,12,2,0.5,0.454189,0.0,0.0,0.225511,0.22509765625,0.00439453125,0.07621020537142797,0.00047813149685606445,996,Ceiling,715,0.174560546875,0.9868326666853497,2048.0,0.5,False,,,1382565197
9,12,2,0.5,0.454189,0.0,0.0,0.225511,0.22509765625,0.00439453125,0.07621020537142797,0.00047813149685606445,996,Ceiling,931,0.227294921875,0.9999999999999989,2048.0,0.5,False,,,1382565197
9,12,2,0.5,0.454189,0.0,0.0,0.225511,0.22509765625,0.00439453125,0.07621020537142797,0.00047813149685606445,996,Ceiling,1210,0.29541015625,0.9999999999999989,2048.0,0.5,False,,,1382565197
9,12,2,0.5,0.454189,0.0,0.0,0.225511,0.22509765625,0.00439453125,0.07621020537142797,0.00047813149685606445,996,Ceiling,1575,0.384521484375,0.9999999999999989,2048.0,0.5,False,,,1382565197
9,12,2,0.5,0.454189,0.0,0.0,0.225511,0.22509765625,0.00439453125,0.07621020537142797,0.00047813149685606445,996,Ceiling,2048,0.5,0.9999999999999989,2048.0,0.5,False,,,1382565197
9,12,2,0.5,0.454189,0.0,0.0,0.225511,0.22509765625,0.00439453125,0.07621020537142797,0.001218037431060682,486,BARK,1,0.000244140625,0.001218037431060682,924.0,0.2255859375,True,,,1382565197
9,12,2,0.5,0.454189,0.0,0.0,0.225511,0.22509765625,0.00439453125,0.07621020537142797,0.001218037431060682,486,BARK,2,0.00048828125,0.0105832195430215,924.0,0.2255859375,True,,,1382565197
9,12,2,0.5,0.454189,0.0,0.0,0.225511,0.22509765625,0.00439453125,0.07621020537142797,0.001218037431060682,486,BARK,3,0.000732421875,0.04203341601298564,924.0,0.2255859375,True,,,1382565197
9,12,2,0.5,0.454189,0.0,0.0,0.225511,0.22509765625,0.00439453125,0.07621020537142797,0.001218037431060682,486,BARK,4,0.0009765625,0.04881877118756606,924.0,0.2255859375,True,,,1382565197
9,12,2,0.5,0.454189,0.0,0.0,0.225511,0.22509765625,0.00439453125,0.07621020537142797,0.001218037431060682,486,BARK,5,0.001220703125,0.053971370420186834,924.0,0.2255859375,True,,,1382565197
9,12,2,0.5,0.454189,0.0,0.0,0.225511,0.22509765625,0.00439453125,0.07621020537142797,0.001218037431060682,486,BARK,6,0.00146484375,0.054644714373821,924.0,0.2255859375,True,,,1382565197
9,12,2,0.5,0.454189,0.0,0.0,0.225511,0.22509765625,0.00439453125,0.07621020537142797,0.001218037431060682,486,BARK,8,0.001953125,0.05987416064145664,924.0,0.2255859375,True,,,1382565197
9,12,2,0.5,0.454189,0.0,0.0,0.225511,0.22509765625,0.00439453125,0.07621020537142797,0.001218037431060682,486,BARK,11,0.002685546875,0.07658441451747097,924.0,0.2255859375,True,,,1382565197
9,12,2,0.5,0.454189,0.0,0.0,0.225511,0.22509765625,0.00439453125,0.07621020537142797,0.001218037431060682,486,BARK,14,0.00341796875,0.08235721211912396,924.0,0.2255859375,True,,,1382565197
9,12,2,0.5,0.454189,0.0,0.0,0.225511,0.22509765625,0.00439453125,0.07621020537142797,0.001218037431060682,486,BARK,18,0.00439453125,0.09673803067324761,924.0,0.2255859375,True,,,1382565197
9,12,2,0.5,0.454189,0.0,0.0,0.225511,0.22509765625,0.00439453125,0.07621020537142797,0.001218037431060682,486,BARK,23,0.005615234375,0.1048199428062473,924.0,0.2255859375,True,,,1382565197
9,12,2,0.5,0.454189,0.0,0.0,0.225511,0.22509765625,0.00439453125,0.07621020537142797,0.001218037431060682,486,BARK,31,0.007568359375,0.1275553930489222,924.0,0.2255859375,True,,,1382565197
9,12,2,0.5,0.454189,0.0,0.0,0.225511,0.22509765625,0.00439453125,0.07621020537142797,0.001218037431060682,486,BARK,40,0.009765625,0.16347241289489092,924.0,0.2255859375,True,,,1382565197
9,12,2,0.5,0.454189,0.0,0.0,0.225511,0.22509765625,0.00439453125,0.07621020537142797,0.001218037431060682,486,BARK,52,0.0126953125,0.1823308309419079,924.0,0.2255859375,True,,,1382565197
9,12,2,0.5,0.454189,0.0,0.0,0.225511,0.22509765625,0.00439453125,0.07621020537142797,0.001218037431060682,486,BARK,67,0.016357421875,0.22197415995426012,924.0,0.2255859375,True,,,1382565197
9,12,2,0.5,0.454189,0.0,0.0,0.225511,0.22509765625,0.00439453125,0.07621020537142797,0.001218037431060682,486,BARK,87,0.021240234375,0.26547385458997774,924.0,0.2255859375,True,,,1382565197
9,12,2,0.5,0.454189,0.0,0.0,0.225511,0.22509765625,0.00439453125,0.07621020537142797,0.001218037431060682,486,BARK,114,0.02783203125,0.3186737582556378,924.0,0.2255859375,True,,,1382565197
9,12,2,0.5,0.454189,0.0,0.0,0.225511,0.22509765625,0.00439453125,0.07621020537142797,0.001218037431060682,486,BARK,148,0.0361328125,0.3703189967181048,924.0,0.2255859375,True,,,1382565197
9,12,2,0.5,0.454189,0.0,0.0,0.225511,0.22509765625,0.00439453125,0.07621020537142797,0.001218037431060682,486,BARK,192,0.046875,0.45130565346209556,924.0,0.2255859375,True,,,1382565197
9,12,2,0.5,0.454189,0.0,0.0,0.225511,0.22509765625,0.00439453125,0.07621020537142797,0.001218037431060682,486,BARK,250,0.06103515625,0.564791845609312,924.0,0.2255859375,True,,,1382565197
9,12,2,0.5,0.454189,0.0,0.0,0.225511,0.22509765625,0.00439453125,0.07621020537142797,0.001218037431060682,486,BARK,325,0.079345703125,0.6743818911414863,924.0,0.2255859375,True,,,1382565197
9,12,2,0.5,0.454189,0.0,0.0,0.225511,0.22509765625,0.00439453125,0.07621020537142797,0.001218037431060682,486,BARK,423,0.103271484375,0.7667516359045495,924.0,0.2255859375,True,,,1382565197
9,12,2,0.5,0.454189,0.0,0.0,0.225511,0.22509765625,0.00439453125,0.07621020537142797,0.001218037431060682,486,BARK,550,0.13427734375,0.8885447312479119,924.0,0.2255859375,True,,,1382565197
9,12,2,0.5,0.454189,0.0,0.0,0.225511,0.22509765625,0.00439453125,0.07621020537142797,0.001218037431060682,486,BARK,715,0.174560546875,0.9203880517902686,924.0,0.2255859375,True,,,1382565197
9,12,2,0.5,0.454189,0.0,0.0,0.225511,0.22509765625,0.00439453125,0.07621020537142797,0.001218037431060682,486,BARK,931,0.227294921875,0.9999999999999998,924.0,0.2255859375,True,,,1382565197
9,12,2,0.5,0.454189,0.0,0.0,0.225511,0.22509765625,0.00439453125,0.07621020537142797,0.001218037431060682,486,BARK,1210,0.29541015625,0.9999999999999998,924.0,0.2255859375,True,,,1382565197
9,12,2,0.5,0.454189,0.0,0.0,0.225511,0.22509765625,0.00439453125,0.07621020537142797,0.001218037431060682,486,BARK,1575,0.384521484375,0.9999999999999998,924.0,0.2255859375,True,,,1382565197
9,12,2,0.5,0.454189,0.0,0.0,0.225511,0.22509765625,0.00439453125,0.07621020537142797,0.001218037431060682,486,BARK,2048,0.5,0.9999999999999998,924.0,0.2255859375,True,,,1382565197
9,12,2,0.5,0.454189,0.0,0.0,0.225511,0.22509765625,0.00439453125,0.07621020537142797,0.001218037431060682,486,Simplified BARK,1,0.000244140625,0.001218037431060682,924.0,0.2255859375,True,,,1382565197
9,12,2,0.5,0.454189,0.0,0.0,0.225511,0.22509765625,0.00439453125,0.07621020537142797,0.001218037431060682,486,Simplified BARK,2,0.00048828125,0.0018424892716984705,924.0,0.2255859375,True,,,1382565197
9,12,2,0.5,0.454189,0.0,0.0,0.225511,0.22509765625,0.00439453125,0.07621020537142797,0.001218037431060682,486,Simplified BARK,3,0.000732421875,0.0019128847095301132,924.0,0.2255859375,True,,,1382565197
9,12,2,0.5,0.454189,0.0,0.0,0.225511,0.22509765625,0.00439453125,0.07621020537142797,0.001218037431060682,486,Simplified BARK,4,0.0009765625,0.0018875461046546575,924.0,0.2255859375,True,,,1382565197
9,12,2,0.5,0.454189,0.0,0.0,0.225511,0.22509765625,0.00439453125,0.07621020537142797,0.001218037431060682,486,Simplified BARK,5,0.001220703125,0.001890465503359013,924.0,0.2255859375,True,,,1382565197
9,12,2,0.5,0.454189,0.0,0.0,0.225511,0.22509765625,0.00439453125,0.07621020537142797,0.001218037431060682,486,Simplified BARK,6,0.00146484375,0.0018922544521517,924.0,0.2255859375,True,,,1382565197
9,12,2,0.5,0.454189,0.0,0.0,0.225511,0.22509765625,0.00439453125,0.07621020537142797,0.001218037431060682,486,Simplified BARK,8,0.001953125,0.0019282097462795535,924.0,0.2255859375,True,,,1382565197
9,12,2,0.5,0.454189,0.0,0.0,0.225511,0.22509765625,0.00439453125,0.07621020537142797,0.001218037431060682,486,Simplified BARK,11,0.002685546875,0.0010133480938262422,924.0,0.2255859375,True,,,1382565197
9,12,2,0.5,0.454189,0.0,0.0,0.225511,0.22509765625,0.00439453125,0.07621020537142797,0.001218037431060682,486,Simplified BARK,14,0.00341796875,0.0010533859704757354,924.0,0.2255859375,True,,,1382565197
9,12,2,0.5,0.454189,0.0,0.0,0.225511,0.22509765625,0.00439453125,0.07621020537142797,0.001218037431060682,486,Simplified BARK,18,0.00439453125,0.0014989646142156028,924.0,0.2255859375,True,,,1382565197
9,12,2,0.5,0.454189,0.0,0.0,0.225511,0.22509765625,0.00439453125,0.07621020537142797,0.001218037431060682,486,Simplified BARK,23,0.005615234375,0.0021392031275584925,924.0,0.2255859375,True,,,1382565197
9,12,2,0.5,0.454189,0.0,0.0,0.225511,0.22509765625,0.00439453125,0.07621020537142797,0.001218037431060682,486,Simplified BARK,31,0.007568359375,0.004778991495931819,924.0,0.2255859375,True,,,1382565197
9,12,2,0.5,0.454189,0.0,0.0,0.225511,0.22509765625,0.00439453125,0.07621020537142797,0.001218037431060682,486,Simplified BARK,40,0.009765625,0.004931321154455076,924.0,0.2255859375,True,,,1382565197
9,12,2,0.5,0.454189,0.0,0.0,0.225511,0.22509765625,0.00439453125,0.07621020537142797,0.001218037431060682,486,Simplified BARK,52,0.0126953125,0.007466074130285916,924.0,0.2255859375,True,,,1382565197
9,12,2,0.5,0.454189,0.0,0.0,0.225511,0.22509765625,0.00439453125,0.07621020537142797,0.001218037431060682,486,Simplified BARK,67,0.016357421875,0.01205380537351035,924.0,0.2255859375,True,,,1382565197
9,12,2,0.5,0.454189,0.0,0.0,0.225511,0.22509765625,0.00439453125,0.07621020537142797,0.001218037431060682,486,Simplified BARK,87,0.021240234375,0.029753349700140715,924.0,0.2255859375,True,,,1382565197
9,12,2,0.5,0.454189,0.0,0.0,0.225511,0.22509765625,0.00439453125,0.07621020537142797,0.001218037431060682,486,Simplified BARK,114,0.02783203125,0.0373846003723439,924.0,0.2255859375,True,,,1382565197
9,12,2,0.5,0.454189,0.0,0.0,0.225511,0.22509765625,0.00439453125,0.07621020537142797,0.001218037431060682,486,Simplified BARK,148,0.0361328125,0.07975699220988867,924.0,0.2255859375,True,,,1382565197
9,12,2,0.5,0.454189,0.0,0.0,0.225511,0.22509765625,0.00439453125,0.07621020537142797,0.001218037431060682,486,Simplified BARK,192,0.046875,0.09231972710542725,924.0,0.2255859375,True,,,1382565197
9,12,2,0.5,0.454189,0.0,0.0,0.225511,0.22509765625,0.00439453125,0.07621020537142797,0.001218037431060682,486,Simplified BARK,250,0.06103515625,0.1369705286843679,924.0,0.2255859375,True,,,1382565197
9,12,2,0.5,0.454189,0.0,0.0,0.225511,0.22509765625,0.00439453125,0.07621020537142797,0.001218037431060682,486,Simplified BARK,325,0.079345703125,0.30748474501358386,924.0,0.2255859375,True,,,1382565197
9,12,2,0.5,0.454189,0.0,0.0,0.225511,0.22509765625,0.00439453125,0.07621020537142797,0.001218037431060682,486,Simplified BARK,423,0.103271484375,0.45734026582534015,924.0,0.2255859375,True,,,1382565197
9,12,2,0.5,0.454189,0.0,0.0,0.225511,0.22509765625,0.00439453125,0.07621020537142797,0.001218037431060682,486,Simplified BARK,550,0.13427734375,0.5509257713787611,924.0,0.2255859375,True,,,1382565197
9,12,2,0.5,0.454189,0.0,0.0,0.225511,0.22509765625,0.00439453125,0.07621020537142797,0.001218037431060682,486,Simplified BARK,715,0.174560546875,0.8651566017505435,924.0,0.2255859375,True,,,1382565197
9,12,2,0.5,0.454189,0.0,0.0,0.225511,0.22509765625,0.00439453125,0.07621020537142797,0.001218037431060682,486,Simplified BARK,931,0.227294921875,1.0,924.0,0.2255859375,True,,,1382565197
9,12,2,0.5,0.454189,0.0,0.0,0.225511,0.22509765625,0.00439453125,0.07621020537142797,0.001218037431060682,486,Simplified BARK,1210,0.29541015625,1.0,924.0,0.2255859375,True,,,1382565197
9,12,2,0.5,0.454189,0.0,0.0,0.225511,0.22509765625,0.00439453125,0.07621020537142797,0.001218037431060682,486,Simplified BARK,1575,0.384521484375,1.0,924.0,0.2255859375,True,,,1382565197
9,12,2,0.5,0.454189,0.0,0.0,0.225511,0.22509765625,0.00439453125,0.07621020537142797,0.001218037431060682,486,Simplified BARK,2048,0.5,1.0,924.0,0.2255859375,True,,,1382565197
9,12,2,0.5,0.454189,0.0,0.0,0.225511,0.22509765625,0.00439453125,0.07621020537142797,0.001218037431060682,486,SKQD,1,0.000244140625,0.001218037431060682,920.3333333333334,0.22469075520833334,True,0.02,1000.0,1382565197
9,12,2,0.5,0.454189,0.0,0.0,0.225511,0.22509765625,0.00439453125,0.07621020537142797,0.001218037431060682,486,SKQD,2,0.00048828125,0.001218037431060682,920.3333333333334,0.22469075520833334,True,0.02,1000.0,1382565197
9,12,2,0.5,0.454189,0.0,0.0,0.225511,0.22509765625,0.00439453125,0.07621020537142797,0.001218037431060682,486,SKQD,3,0.000732421875,0.005322671327661967,920.3333333333334,0.22469075520833334,True,0.02,1000.0,1382565197
9,12,2,0.5,0.454189,0.0,0.0,0.225511,0.22509765625,0.00439453125,0.07621020537142797,0.001218037431060682,486,SKQD,4,0.0009765625,0.007477267505030034,920.3333333333334,0.22469075520833334,True,0.02,1000.0,1382565197
9,12,2,0.5,0.454189,0.0,0.0,0.225511,0.22509765625,0.00439453125,0.07621020537142797,0.001218037431060682,486,SKQD,5,0.001220703125,0.007477267505030034,920.3333333333334,0.22469075520833334,True,0.02,1000.0,1382565197
9,12,2,0.5,0.454189,0.0,0.0,0.225511,0.22509765625,0.00439453125,0.07621020537142797,0.001218037431060682,486,SKQD,6,0.00146484375,0.007477267505030034,920.3333333333334,0.22469075520833334,True,0.02,1000.0,1382565197
9,12,2,0.5,0.454189,0.0,0.0,0.225511,0.22509765625,0.00439453125,0.07621020537142797,0.001218037431060682,486,SKQD,8,0.001953125,0.01734831849319758,920.3333333333334,0.22469075520833334,True,0.02,1000.0,1382565197
9,12,2,0.5,0.454189,0.0,0.0,0.225511,0.22509765625,0.00439453125,0.07621020537142797,0.001218037431060682,486,SKQD,11,0.002685546875,0.01995427501255494,920.3333333333334,0.22469075520833334,True,0.02,1000.0,1382565197
9,12,2,0.5,0.454189,0.0,0.0,0.225511,0.22509765625,0.00439453125,0.07621020537142797,0.001218037431060682,486,SKQD,14,0.00341796875,0.0237719851438145,920.3333333333334,0.22469075520833334,True,0.02,1000.0,1382565197
9,12,2,0.5,0.454189,0.0,0.0,0.225511,0.22509765625,0.00439453125,0.07621020537142797,0.001218037431060682,486,SKQD,18,0.00439453125,0.028627364452517373,920.3333333333334,0.22469075520833334,True,0.02,1000.0,1382565197
9,12,2,0.5,0.454189,0.0,0.0,0.225511,0.22509765625,0.00439453125,0.07621020537142797,0.001218037431060682,486,SKQD,23,0.005615234375,0.04647931280172903,920.3333333333334,0.22469075520833334,True,0.02,1000.0,1382565197
9,12,2,0.5,0.454189,0.0,0.0,0.225511,0.22509765625,0.00439453125,0.07621020537142797,0.001218037431060682,486,SKQD,31,0.007568359375,0.07221754652630462,920.3333333333334,0.22469075520833334,True,0.02,1000.0,1382565197
9,12,2,0.5,0.454189,0.0,0.0,0.225511,0.22509765625,0.00439453125,0.07621020537142797,0.001218037431060682,486,SKQD,40,0.009765625,0.0933883276054359,920.3333333333334,0.22469075520833334,True,0.02,1000.0,1382565197
9,12,2,0.5,0.454189,0.0,0.0,0.225511,0.22509765625,0.00439453125,0.07621020537142797,0.001218037431060682,486,SKQD,52,0.0126953125,0.10737486154661059,920.3333333333334,0.22469075520833334,True,0.02,1000.0,1382565197
9,12,2,0.5,0.454189,0.0,0.0,0.225511,0.22509765625,0.00439453125,0.07621020537142797,0.001218037431060682,486,SKQD,67,0.016357421875,0.1375389588543016,920.3333333333334,0.22469075520833334,True,0.02,1000.0,1382565197
9,12,2,0.5,0.454189,0.0,0.0,0.225511,0.22509765625,0.00439453125,0.07621020537142797,0.001218037431060682,486,SKQD,87,0.021240234375,0.17286767091475944,920.3333333333334,0.22469075520833334,True,0.02,1000.0,1382565197
9,12,2,0.5,0.454189,0.0,0.0,0.225511,0.22509765625,0.00439453125,0.07621020537142797,0.001218037431060682,486,SKQD,114,0.02783203125,0.20514654098103333,920.3333333333334,0.22469075520833334,True,0.02,1000.0,1382565197
9,12,2,0.5,0.454189,0.0,0.0,0.225511,0.22509765625,0.00439453125,0.07621020537142797,0.001218037431060682,486,SKQD,148,0.0361328125,0.27195076708698446,920.3333333333334,0.22469075520833334,True,0.02,1000.0,1382565197
9,12,2,0.5,0.454189,0.0,0.0,0.225511,0.22509765625,0.00439453125,0.07621020537142797,0.001218037431060682,486,SKQD,192,0.046875,0.33238971862026284,920.3333333333334,0.22469075520833334,True,0.02,1000.0,1382565197
9,12,2,0.5,0.454189,0.0,0.0,0.225511,0.22509765625,0.00439453125,0.07621020537142797,0.001218037431060682,486,SKQD,250,0.06103515625,0.415826524292122,920.3333333333334,0.22469075520833334,True,0.02,1000.0,1382565197
9,12,2,0.5,0.454189,0.0,0.0,0.225511,0.22509765625,0.00439453125,0.07621020537142797,0.001218037431060682,486,SKQD,325,0.079345703125,0.5563097981470896,920.3333333333334,0.22469075520833334,True,0.02,1000.0,1382565197
9,12,2,0.5,0.454189,0.0,0.0,0.225511,0.22509765625,0.00439453125,0.07621020537142797,0.001218037431060682,486,SKQD,423,0.103271484375,0.6797838477054453,920.3333333333334,0.22469075520833334,True,0.02,1000.0,1382565197
9,12,2,0.5,0.454189,0.0,0.0,0.225511,0.22509765625,0.00439453125,0.07621020537142797,0.001218037431060682,486,SKQD,550,0.13427734375,0.7963974868843712,920.3333333333334,0.22469075520833334,True,0.02,1000.0,1382565197
9,12,2,0.5,0.454189,0.0,0.0,0.225511,0.22509765625,0.00439453125,0.07621020537142797,0.001218037431060682,486,SKQD,715,0.174560546875,0.9080373616328886,920.3333333333334,0.22469075520833334,True,0.02,1000.0,1382565197
9,12,2,0.5,0.454189,0.0,0.0,0.225511,0.22509765625,0.00439453125,0.07621020537142797,0.001218037431060682,486,SKQD,931,0.227294921875,0.998663110394935,920.3333333333334,0.22469075520833334,True,0.02,1000.0,1382565197
9,12,2,0.5,0.454189,0.0,0.0,0.225511,0.22509765625,0.00439453125,0.07621020537142797,0.001218037431060682,486,SKQD,1210,0.29541015625,0.998663110394935,920.3333333333334,0.22469075520833334,True,0.02,1000.0,1382565197
9,12,2,0.5,0.454189,0.0,0.0,0.225511,0.22509765625,0.00439453125,0.07621020537142797,0.001218037431060682,486,SKQD,1575,0.384521484375,0.998663110394935,920.3333333333334,0.22469075520833334,True,0.02,1000.0,1382565197
9,12,2,0.5,0.454189,0.0,0.0,0.225511,0.22509765625,0.00439453125,0.07621020537142797,0.001218037431060682,486,SKQD,2048,0.5,0.998663110394935,920.3333333333334,0.22469075520833334,True,0.02,1000.0,1382565197
9,12,2,0.5,0.454189,0.0,0.0,0.225511,0.22509765625,0.00439453125,0.07621020537142797,0.001218037431060682,486,Ceiling,1,0.000244140625,0.03163052020024355,2048.0,0.5,False,,,1382565197
9,12,2,0.5,0.454189,0.0,0.0,0.225511,0.22509765625,0.00439453125,0.07621020537142797,0.001218037431060682,486,Ceiling,2,0.00048828125,0.06326104040048691,2048.0,0.5,False,,,1382565197
9,12,2,0.5,0.454189,0.0,0.0,0.225511,0.22509765625,0.00439453125,0.07621020537142797,0.001218037431060682,486,Ceiling,3,0.000732421875,0.07446980568326242,2048.0,0.5,False,,,1382565197
9,12,2,0.5,0.454189,0.0,0.0,0.225511,0.22509765625,0.00439453125,0.07621020537142797,0.001218037431060682,486,Ceiling,4,0.0009765625,0.08567857096603791,2048.0,0.5,False,,,1382565197
9,12,2,0.5,0.454189,0.0,0.0,0.225511,0.22509765625,0.00439453125,0.07621020537142797,0.001218037431060682,486,Ceiling,5,0.001220703125,0.09504456090971466,2048.0,0.5,False,,,1382565197
9,12,2,0.5,0.454189,0.0,0.0,0.225511,0.22509765625,0.00439453125,0.07621020537142797,0.001218037431060682,486,Ceiling,6,0.00146484375,0.1044105508533914,2048.0,0.5,False,,,1382565197
9,12,2,0.5,0.454189,0.0,0.0,0.225511,0.22509765625,0.00439453125,0.07621020537142797,0.001218037431060682,486,Ceiling,8,0.001953125,0.12314253074074485,2048.0,0.5,False,,,1382565197
9,12,2,0.5,0.454189,0.0,0.0,0.225511,0.22509765625,0.00439453125,0.07621020537142797,0.001218037431060682,486,Ceiling,11,0.002685546875,0.15124050057177496,2048.0,0.5,False,,,1382565197
9,12,2,0.5,0.454189,0.0,0.0,0.225511,0.22509765625,0.00439453125,0.07621020537142797,0.001218037431060682,486,Ceiling,14,0.00341796875,0.17488307122676908,2048.0,0.5,False,,,1382565197
9,12,2,0.5,0.454189,0.0,0.0,0.225511,0.22509765625,0.00439453125,0.07621020537142797,0.001218037431060682,486,Ceiling,18,0.00439453125,0.20343623264940394,2048.0,0.5,False,,,1382565197
9,12,2,0.5,0.454189,0.0,0.0,0.225511,0.22509765625,0.00439453125,0.07621020537142797,0.001218037431060682,486,Ceiling,23,0.005615234375,0.23898314065196624,2048.0,0.5,False,,,1382565197
9,12,2,0.5,0.454189,0.0,0.0,0.225511,0.22509765625,0.00439453125,0.07621020537142797,0.001218037431060682,486,Ceiling,31,0.007568359375,0.29161293404634286,2048.0,0.5,False,,,1382565197
9,12,2,0.5,0.454189,0.0,0.0,0.225511,0.22509765625,0.00439453125,0.07621020537142797,0.001218037431060682,486,Ceiling,40,0.009765625,0.3372997056059368,2048.0,0.5,False,,,1382565197
9,12,2,0.5,0.454189,0.0,0.0,0.225511,0.22509765625,0.00439453125,0.07621020537142797,0.001218037431060682,486,Ceiling,52,0.0126953125,0.387550772629212,2048.0,0.5,False,,,1382565197
9,12,2,0.5,0.454189,0.0,0.0,0.225511,0.22509765625,0.00439453125,0.07621020537142797,0.001218037431060682,486,Ceiling,67,0.016357421875,0.44320690858678646,2048.0,0.5,False,,,1382565197
9,12,2,0.5,0.454189,0.0,0.0,0.225511,0.22509765625,0.00439453125,0.07621020537142797,0.001218037431060682,486,Ceiling,87,0.021240234375,0.49905667737933007,2048.0,0.5,False,,,1382565197
9,12,2,0.5,0.454189,0.0,0.0,0.225511,0.22509765625,0.00439453125,0.07621020537142797,0.001218037431060682,486,Ceiling,114,0.02783203125,0.5616127503242352,2048.0,0.5,False,,,1382565197
9,12,2,0.5,0.454189,0.0,0.0,0.225511,0.22509765625,0.00439453125,0.07621020537142797,0.001218037431060682,486,Ceiling,148,0.0361328125,0.6203846530596331,2048.0,0.5,False,,,1382565197
9,12,2,0.5,0.454189,0.0,0.0,0.225511,0.22509765625,0.00439453125,0.07621020537142797,0.001218037431060682,486,Ceiling,192,0.046875,0.6848575795066825,2048.0,0.5,False,,,1382565197
9,12,2,0.5,0.454189,0.0,0.0,0.225511,0.22509765625,0.00439453125,0.07621020537142797,0.001218037431060682,486,Ceiling,250,0.06103515625,0.7547318497978575,2048.0,0.5,False,,,1382565197
9,12,2,0.5,0.454189,0.0,0.0,0.225511,0.22509765625,0.00439453125,0.07621020537142797,0.001218037431060682,486,Ceiling,325,0.079345703125,0.8268191170181733,2048.0,0.5,False,,,1382565197
9,12,2,0.5,0.454189,0.0,0.0,0.225511,0.22509765625,0.00439453125,0.07621020537142797,0.001218037431060682,486,Ceiling,423,0.103271484375,0.8952672501577702,2048.0,0.5,False,,,1382565197
9,12,2,0.5,0.454189,0.0,0.0,0.225511,0.22509765625,0.00439453125,0.07621020537142797,0.001218037431060682,486,Ceiling,550,0.13427734375,0.9507519117190335,2048.0,0.5,False,,,1382565197
9,12,2,0.5,0.454189,0.0,0.0,0.225511,0.22509765625,0.00439453125,0.07621020537142797,0.001218037431060682,486,Ceiling,715,0.174560546875,0.9868326666853497,2048.0,0.5,False,,,1382565197
9,12,2,0.5,0.454189,0.0,0.0,0.225511,0.22509765625,0.00439453125,0.07621020537142797,0.001218037431060682,486,Ceiling,931,0.227294921875,0.9999999999999989,2048.0,0.5,False,,,1382565197
9,12,2,0.5,0.454189,0.0,0.0,0.225511,0.22509765625,0.00439453125,0.07621020537142797,0.001218037431060682,486,Ceiling,1210,0.29541015625,0.9999999999999989,2048.0,0.5,False,,,1382565197
9,12,2,0.5,0.454189,0.0,0.0,0.225511,0.22509765625,0.00439453125,0.07621020537142797,0.001218037431060682,486,Ceiling,1575,0.384521484375,0.9999999999999989,2048.0,0.5,False,,,1382565197
9,12,2,0.5,0.454189,0.0,0.0,0.225511,0.22509765625,0.00439453125,0.07621020537142797,0.001218037431060682,486,Ceiling,2048,0.5,0.9999999999999989,2048.0,0.5,False,,,1382565197
9,12,2,0.5,0.454189,0.0,0.0,0.225511,0.22509765625,0.00439453125,0.07621020537142797,0.0012161426777900556,1637,BARK,1,0.000244140625,0.0012161426777900556,924.0,0.2255859375,True,,,1382565197
9,12,2,0.5,0.454189,0.0,0.0,0.225511,0.22509765625,0.00439453125,0.07621020537142797,0.0012161426777900556,1637,BARK,2,0.00048828125,0.010581370196172073,924.0,0.2255859375,True,,,1382565197
9,12,2,0.5,0.454189,0.0,0.0,0.225511,0.22509765625,0.00439453125,0.07621020537142797,0.0012161426777900556,1637,BARK,3,0.000732421875,0.042032246975642805,924.0,0.2255859375,True,,,1382565197
9,12,2,0.5,0.454189,0.0,0.0,0.225511,0.22509765625,0.00439453125,0.07621020537142797,0.0012161426777900556,1637,BARK,4,0.0009765625,0.048817814576692584,924.0,0.2255859375,True,,,1382565197
9,12,2,0.5,0.454189,0.0,0.0,0.225511,0.22509765625,0.00439453125,0.07621020537142797,0.0012161426777900556,1637,BARK,5,0.001220703125,0.0556674096410207,924.0,0.2255859375,True,,,1382565197
9,12,2,0.5,0.454189,0.0,0.0,0.225511,0.22509765625,0.00439453125,0.07621020537142797,0.0012161426777900556,1637,BARK,6,0.00146484375,0.05990964789782698,924.0,0.2255859375,True,,,1382565197
9,12,2,0.5,0.454189,0.0,0.0,0.225511,0.22509765625,0.00439453125,0.07621020537142797,0.0012161426777900556,1637,BARK,8,0.001953125,0.07335016337138545,924.0,0.2255859375,True,,,1382565197
9,12,2,0.5,0.454189,0.0,0.0,0.225511,0.22509765625,0.00439453125,0.07621020537142797,0.0012161426777900556,1637,BARK,11,0.002685546875,0.09358049235842121,924.0,0.2255859375,True,,,1382565197
9,12,2,0.5,0.454189,0.0,0.0,0.225511,0.22509765625,0.00439453125,0.07621020537142797,0.0012161426777900556,1637,BARK,14,0.00341796875,0.10240529496979735,924.0,0.2255859375,True,,,1382565197
9,12,2,0.5,0.454189,0.0,0.0,0.225511,0.22509765625,0.00439453125,0.07621020537142797,0.0012161426777900556,1637,BARK,18,0.00439453125,0.10812891718048953,924.0,0.2255859375,True,,,1382565197
9,12,2,0.5,0.454189,0.0,0.0,0.225511,0.22509765625,0.00439453125,0.07621020537142797,0.0012161426777900556,1637,BARK,23,0.005615234375,0.12005597141013265,924.0,0.2255859375,True,,,1382565197
9,12,2,0.5,0.454189,0.0,0.0,0.225511,0.22509765625,0.00439453125,0.07621020537142797,0.0012161426777900556,1637,BARK,31,0.007568359375,0.13114991901575504,924.0,0.2255859375,True,,,1382565197
9,12,2,0.5,0.454189,0.0,0.0,0.225511,0.22509765625,0.00439453125,0.07621020537142797,0.0012161426777900556,1637,BARK,40,0.009765625,0.15927705730466632,924.0,0.2255859375,True,,,1382565197
9,12,2,0.5,0.454189,0.0,0.0,0.225511,0.22509765625,0.00439453125,0.07621020537142797,0.0012161426777900556,1637,BARK,52,0.0126953125,0.18800350598272564,924.0,0.2255859375,True,,,1382565197
9,12,2,0.5,0.454189,0.0,0.0,0.225511,0.22509765625,0.00439453125,0.07621020537142797,0.0012161426777900556,1637,BARK,67,0.016357421875,0.21386589591839944,924.0,0.2255859375,True,,,1382565197
9,12,2,0.5,0.454189,0.0,0.0,0.225511,0.22509765625,0.00439453125,0.07621020537142797,0.0012161426777900556,1637,BARK,87,0.021240234375,0.23850058490267312,924.0,0.2255859375,True,,,1382565197
9,12,2,0.5,0.454189,0.0,0.0,0.225511,0.22509765625,0.00439453125,0.07621020537142797,0.0012161426777900556,1637,BARK,114,0.02783203125,0.2737770140760812,924.0,0.2255859375,True,,,1382565197
9,12,2,0.5,0.454189,0.0,0.0,0.225511,0.22509765625,0.00439453125,0.07621020537142797,0.0012161426777900556,1637,BARK,148,0.0361328125,0.29796501508294804,924.0,0.2255859375,True,,,1382565197
9,12,2,0.5,0.454189,0.0,0.0,0.225511,0.22509765625,0.00439453125,0.07621020537142797,0.0012161426777900556,1637,BARK,192,0.046875,0.3687842329365652,924.0,0.2255859375,True,,,1382565197
9,12,2,0.5,0.454189,0.0,0.0,0.225511,0.22509765625,0.00439453125,0.07621020537142797,0.0012161426777900556,1637,BARK,250,0.06103515625,0.44945529677661755,924.0,0.2255859375,True,,,1382565197
9,12,2,0.5,0.454189,0.0,0.0,0.225511,0.22509765625,0.00439453125,0.07621020537142797,0.0012161426777900556,1637,BARK,325,0.079345703125,0.5920267580892916,924.0,0.2255859375,True,,,1382565197
9,12,2,0.5,0.454189,0.0,0.0,0.225511,0.22509765625,0.00439453125,0.07621020537142797,0.0012161426777900556,1637,BARK,423,0.103271484375,0.7268713699864383,924.0,0.2255859375,True,,,1382565197
9,12,2,0.5,0.454189,0.0,0.0,0.225511,0.22509765625,0.00439453125,0.07621020537142797,0.0012161426777900556,1637,BARK,550,0.13427734375,0.868745654631818,924.0,0.2255859375,True,,,1382565197
9,12,2,0.5,0.454189,0.0,0.0,0.225511,0.22509765625,0.00439453125,0.07621020537142797,0.0012161426777900556,1637,BARK,715,0.174560546875,0.9681650957898733,924.0,0.2255859375,True,,,1382565197
9,12,2,0.5,0.454189,0.0,0.0,0.225511,0.22509765625,0.00439453125,0.07621020537142797,0.0012161426777900556,1637,BARK,931,0.227294921875,1.0,924.0,0.2255859375,True,,,1382565197
9,12,2,0.5,0.454189,0.0,0.0,0.225511,0.22509765625,0.00439453125,0.07621020537142797,0.0012161426777900556,1637,BARK,1210,0.29541015625,1.0,924.0,0.2255859375,True,,,1382565197
9,12,2,0.5,0.454189,0.0,0.0,0.225511,0.22509765625,0.00439453125,0.07621020537142797,0.0012161426777900556,1637,BARK,1575,0.384521484375,1.0,924.0,0.2255859375,True,,,1382565197
9,12,2,0.5,0.454189,0.0,0.0,0.225511,0.22509765625,0.00439453125,0.07621020537142797,0.0012161426777900556,1637,BARK,2048,0.5,1.0,924.0,0.2255859375,True,,,1382565197
9,12,2,0.5,0.454189,0.0,0.0,0.225511,0.22509765625,0.00439453125,0.07621020537142797,0.0012161426777900556,1637,Simplified BARK,1,0.000244140625,0.0012161426777900556,924.0,0.2255859375,True,,,1382565197
9,12,2,0.5,0.454189,0.0,0.0,0.225511,0.22509765625,0.00439453125,0.07621020537142797,0.0012161426777900556,1637,Simplified BARK,2,0.00048828125,0.0051217255955320635,924.0,0.2255859375,True,,,1382565197
9,12,2,0.5,0.454189,0.0,0.0,0.225511,0.22509765625,0.00439453125,0.07621020537142797,0.0012161426777900556,1637,Simplified BARK,3,0.000732421875,0.005486984022423564,924.0,0.2255859375,True,,,1382565197
9,12,2,0.5,0.454189,0.0,0.0,0.225511,0.22509765625,0.00439453125,0.07621020537142797,0.0012161426777900556,1637,Simplified BARK,4,0.0009765625,0.005566124713590312,924.0,0.2255859375,True,,,1382565197
9,12,2,0.5,0.454189,0.0,0.0,0.225511,0.22509765625,0.00439453125,0.07621020537142797,0.0012161426777900556,1637,Simplified BARK,5,0.001220703125,0.005583128453764247,924.0,0.2255859375,True,,,1382565197
9,12,2,0.5,0.454189,0.0,0.0,0.225511,0.22509765625,0.00439453125,0.07621020537142797,0.0012161426777900556,1637,Simplified BARK,6,0.00146484375,0.00559334321402099,924.0,0.2255859375,True,,,1382565197
9,12,2,0.5,0.454189,0.0,0.0,0.225511,0.22509765625,0.00439453125,0.07621020537142797,0.0012161426777900556,1637,Simplified BARK,8,0.001953125,0.005595262939260274,924.0,0.2255859375,True,,,1382565197
9,12,2,0.5,0.454189,0.0,0.0,0.225511,0.22509765625,0.00439453125,0.07621020537142797,0.0012161426777900556,1637,Simplified BARK,11,0.002685546875,0.005596097465226848,924.0,0.2255859375,True,,,1382565197
9,12,2,0.5,0.454189,0.0,0.0,0.225511,0.22509765625,0.00439453125,0.07621020537142797,0.0012161426777900556,1637,Simplified BARK,14,0.00341796875,0.00559611232005122,924.0,0.2255859375,True,,,1382565197
9,12,2,0.5,0.454189,0.0,0.0,0.225511,0.22509765625,0.00439453125,0.07621020537142797,0.0012161426777900556,1637,Simplified BARK,18,0.00439453125,0.005596140787341533,924.0,0.2255859375,True,,,1382565197
9,12,2,0.5,0.454189,0.0,0.0,0.225511,0.22509765625,0.00439453125,0.07621020537142797,0.0012161426777900556,1637,Simplified BARK,23,0.005615234375,0.005596409377449112,924.0,0.2255859375,True,,,1382565197
9,12,2,0.5,0.454189,0.0,0.0,0.225511,0.22509765625,0.00439453125,0.07621020537142797,0.0012161426777900556,1637,Simplified BARK,31,0.007568359375,0.0017536294269277775,924.0,0.2255859375,True,,,1382565197
9,12,2,0.5,0.454189,0.0,0.0,0.225511,0.22509765625,0.00439453125,0.07621020537142797,0.0012161426777900556,1637,Simplified BARK,40,0.009765625,0.004528217820019422,924.0,0.2255859375,True,,,1382565197
9,12,2,0.5,0.454189,0.0,0.0,0.225511,0.22509765625,0.00439453125,0.07621020537142797,0.0012161426777900556,1637,Simplified BARK,52,0.0126953125,0.007101268875830391,924.0,0.2255859375,True,,,1382565197
9,12,2,0.5,0.454189,0.0,0.0,0.225511,0.22509765625,0.00439453125,0.07621020537142797,0.0012161426777900556,1637,Simplified BARK,67,0.016357421875,0.009987182214347138,924.0,0.2255859375,True,,,1382565197
9,12,2,0.5,0.454189,0.0,0.0,0.225511,0.22509765625,0.00439453125,0.07621020537142797,0.0012161426777900556,1637,Simplified BARK,87,0.021240234375,0.028597577701138115,924.0,0.2255859375,True,,,1382565197
9,12,2,0.5,0.454189,0.0,0.0,0.225511,0.22509765625,0.00439453125,0.07621020537142797,0.0012161426777900556,1637,Simplified BARK,114,0.02783203125,0.03594665939894598,924.0,0.2255859375,True,,,1382565197
9,12,2,0.5,0.454189,0.0,0.0,0.225511,0.22509765625,0.00439453125,0.07621020537142797,0.0012161426777900556,1637,Simplified BARK,148,0.0361328125,0.0796476654253671,924.0,0.2255859375,True,,,1382565197
9,12,2,0.5,0.454189,0.0,0.0,0.225511,0.22509765625,0.00439453125,0.07621020537142797,0.0012161426777900556,1637,Simplified BARK,192,0.046875,0.09221956830299212,924.0,0.2255859375,True,,,1382565197
9,12,2,0.5,0.454189,0.0,0.0,0.225511,0.22509765625,0.00439453125,0.07621020537142797,0.0012161426777900556,1637,Simplified BARK,250,0.06103515625,0.13747867613325745,924.0,0.2255859375,True,,,1382565197
9,12,2,0.5,0.454189,0.0,0.0,0.225511,0.22509765625,0.00439453125,0.07621020537142797,0.0012161426777900556,1637,Simplified BARK,325,0.079345703125,0.30572027738083163,924.0,0.2255859375,True,,,1382565197
9,12,2,0.5,0.454189,0.0,0.0,0.225511,0.22509765625,0.00439453125,0.07621020537142797,0.0012161426777900556,1637,Simplified BARK,423,0.103271484375,0.45734026582534015,924.0,0.2255859375,True,,,1382565197
9,12,2,0.5,0.454189,0.0,0.0,0.225511,0.22509765625,0.00439453125,0.07621020537142797,0.0012161426777900556,1637,Simplified BARK,550,0.13427734375,0.550925771378761,924.0,0.2255859375,True,,,1382565197
9,12,2,0.5,0.454189,0.0,0.0,0.225511,0.22509765625,0.00439453125,0.07621020537142797,0.0012161426777900556,1637,Simplified BARK,715,0.174560546875,0.8651566017505435,924.0,0.2255859375,True,,,1382565197
9,12,2,0.5,0.454189,0.0,0.0,0.225511,0.22509765625,0.00439453125,0.07621020537142797,0.0012161426777900556,1637,Simplified BARK,931,0.227294921875,0.9999999999999998,924.0,0.2255859375,True,,,1382565197
9,12,2,0.5,0.454189,0.0,0.0,0.225511,0.22509765625,0.00439453125,0.07621020537142797,0.0012161426777900556,1637,Simplified BARK,1210,0.29541015625,0.9999999999999998,924.0,0.2255859375,True,,,1382565197
9,12,2,0.5,0.454189,0.0,0.0,0.225511,0.22509765625,0.00439453125,0.07621020537142797,0.0012161426777900556,1637,Simplified BARK,1575,0.384521484375,0.9999999999999998,924.0,0.2255859375,True,,,1382565197
9,12,2,0.5,0.454189,0.0,0.0,0.225511,0.22509765625,0.00439453125,0.07621020537142797,0.0012161426777900556,1637,Simplified BARK,2048,0.5,0.9999999999999998,924.0,0.2255859375,True,,,1382565197
9,12,2,0.5,0.454189,0.0,0.0,0.225511,0.22509765625,0.00439453125,0.07621020537142797,0.0012161426777900556,1637,SKQD,1,0.000244140625,0.0012161426777900556,923.0,0.225341796875,True,0.02,1000.0,1382565197
9,12,2,0.5,0.454189,0.0,0.0,0.225511,0.22509765625,0.00439453125,0.07621020537142797,0.0012161426777900556,1637,SKQD,2,0.00048828125,0.0012161426777900556,923.0,0.225341796875,True,0.02,1000.0,1382565197
9,12,2,0.5,0.454189,0.0,0.0,0.225511,0.22509765625,0.00439453125,0.07621020537142797,0.0012161426777900556,1637,SKQD,3,0.000732421875,0.0012161426777900556,923.0,0.225341796875,True,0.02,1000.0,1382565197
9,12,2,0.5,0.454189,0.0,0.0,0.225511,0.22509765625,0.00439453125,0.07621020537142797,0.0012161426777900556,1637,SKQD,4,0.0009765625,0.002495571145584299,923.0,0.225341796875,True,0.02,1000.0,1382565197
9,12,2,0.5,0.454189,0.0,0.0,0.225511,0.22509765625,0.00439453125,0.07621020537142797,0.0012161426777900556,1637,SKQD,5,0.001220703125,0.006311677093843571,923.0,0.225341796875,True,0.02,1000.0,1382565197
9,12,2,0.5,0.454189,0.0,0.0,0.225511,0.22509765625,0.00439453125,0.07621020537142797,0.0012161426777900556,1637,SKQD,6,0.00146484375,0.006311677093843571,923.0,0.225341796875,True,0.02,1000.0,1382565197
9,12,2,0.5,0.454189,0.0,0.0,0.225511,0.22509765625,0.00439453125,0.07621020537142797,0.0012161426777900556,1637,SKQD,8,0.001953125,0.015746916360967422,923.0,0.225341796875,True,0.02,1000.0,1382565197
9,12,2,0.5,0.454189,0.0,0.0,0.225511,0.22509765625,0.00439453125,0.07621020537142797,0.0012161426777900556,1637,SKQD,11,0.002685546875,0.023187419387458056,923.0,0.225341796875,True,0.02,1000.0,1382565197
9,12,2,0.5,0.454189,0.0,0.0,0.225511,0.22509765625,0.00439453125,0.07621020537142797,0.0012161426777900556,1637,SKQD,14,0.00341796875,0.03156941641596501,923.0,0.225341796875,True,0.02,1000.0,1382565197
9,12,2,0.5,0.454189,0.0,0.0,0.225511,0.22509765625,0.00439453125,0.07621020537142797,0.0012161426777900556,1637,SKQD,18,0.00439453125,0.0355255345106194,923.0,0.225341796875,True,0.02,1000.0,1382565197
9,12,2,0.5,0.454189,0.0,0.0,0.225511,0.22509765625,0.00439453125,0.07621020537142797,0.0012161426777900556,1637,SKQD,23,0.005615234375,0.041947043965525954,923.0,0.225341796875,True,0.02,1000.0,1382565197
9,12,2,0.5,0.454189,0.0,0.0,0.225511,0.22509765625,0.00439453125,0.07621020537142797,0.0012161426777900556,1637,SKQD,31,0.007568359375,0.05820565408212528,923.0,0.225341796875,True,0.02,1000.0,1382565197
9,12,2,0.5,0.454189,0.0,0.0,0.225511,0.22509765625,0.00439453125,0.07621020537142797,0.0012161426777900556,1637,SKQD,40,0.009765625,0.09485616267503798,923.0,0.225341796875,True,0.02,1000.0,1382565197
9,12,2,0.5,0.454189,0.0,0.0,0.225511,0.22509765625,0.00439453125,0.07621020537142797,0.0012161426777900556,1637,SKQD,52,0.0126953125,0.11721424178397481,923.0,0.225341796875,True,0.02,1000.0,1382565197
9,12,2,0.5,0.454189,0.0,0.0,0.225511,0.22509765625,0.00439453125,0.07621020537142797,0.0012161426777900556,1637,SKQD,67,0.016357421875,0.14203866196509393,923.0,0.225341796875,True,0.02,1000.0,1382565197
9,12,2,0.5,0.454189,0.0,0.0,0.225511,0.22509765625,0.00439453125,0.07621020537142797,0.0012161426777900556,1637,SKQD,87,0.021240234375,0.18586130230376208,923.0,0.225341796875,True,0.02,1000.0,1382565197
9,12,2,0.5,0.454189,0.0,0.0,0.225511,0.22509765625,0.00439453125,0.07621020537142797,0.0012161426777900556,1637,SKQD,114,0.02783203125,0.21223100070284986,923.0,0.225341796875,True,0.02,1000.0,1382565197
9,12,2,0.5,0.454189,0.0,0.0,0.225511,0.22509765625,0.00439453125,0.07621020537142797,0.0012161426777900556,1637,SKQD,148,0.0361328125,0.27425841607034734,923.0,0.225341796875,True,0.02,1000.0,1382565197
9,12,2,0.5,0.454189,0.0,0.0,0.225511,0.22509765625,0.00439453125,0.07621020537142797,0.0012161426777900556,1637,SKQD,192,0.046875,0.33219779392753673,923.0,0.225341796875,True,0.02,1000.0,1382565197
9,12,2,0.5,0.454189,0.0,0.0,0.225511,0.22509765625,0.00439453125,0.07621020537142797,0.0012161426777900556,1637,SKQD,250,0.06103515625,0.44218200049647494,923.0,0.225341796875,True,0.02,1000.0,1382565197
9,12,2,0.5,0.454189,0.0,0.0,0.225511,0.22509765625,0.00439453125,0.07621020537142797,0.0012161426777900556,1637,SKQD,325,0.079345703125,0.5418653887443946,923.0,0.225341796875,True,0.02,1000.0,1382565197
9,12,2,0.5,0.454189,0.0,0.0,0.225511,0.22509765625,0.00439453125,0.07621020537142797,0.0012161426777900556,1637,SKQD,423,0.103271484375,0.6695425669365026,923.0,0.225341796875,True,0.02,1000.0,1382565197
9,12,2,0.5,0.454189,0.0,0.0,0.225511,0.22509765625,0.00439453125,0.07621020537142797,0.0012161426777900556,1637,SKQD,550,0.13427734375,0.7917067509587752,923.0,0.225341796875,True,0.02,1000.0,1382565197
9,12,2,0.5,0.454189,0.0,0.0,0.225511,0.22509765625,0.00439453125,0.07621020537142797,0.0012161426777900556,1637,SKQD,715,0.174560546875,0.8982352144846528,923.0,0.225341796875,True,0.02,1000.0,1382565197
9,12,2,0.5,0.454189,0.0,0.0,0.225511,0.22509765625,0.00439453125,0.07621020537142797,0.0012161426777900556,1637,SKQD,931,0.227294921875,0.9997937235106832,923.0,0.225341796875,True,0.02,1000.0,1382565197
9,12,2,0.5,0.454189,0.0,0.0,0.225511,0.22509765625,0.00439453125,0.07621020537142797,0.0012161426777900556,1637,SKQD,1210,0.29541015625,0.9997937235106832,923.0,0.225341796875,True,0.02,1000.0,1382565197
9,12,2,0.5,0.454189,0.0,0.0,0.225511,0.22509765625,0.00439453125,0.07621020537142797,0.0012161426777900556,1637,SKQD,1575,0.384521484375,0.9997937235106832,923.0,0.225341796875,True,0.02,1000.0,1382565197
9,12,2,0.5,0.454189,0.0,0.0,0.225511,0.22509765625,0.00439453125,0.07621020537142797,0.0012161426777900556,1637,SKQD,2048,0.5,0.9997937235106832,923.0,0.225341796875,True,0.02,1000.0,1382565197
9,12,2,0.5,0.454189,0.0,0.0,0.225511,0.22509765625,0.00439453125,0.07621020537142797,0.0012161426777900556,1637,Ceiling,1,0.000244140625,0.03163052020024355,2048.0,0.5,False,,,1382565197
9,12,2,0.5,0.454189,0.0,0.0,0.225511,0.22509765625,0.00439453125,0.07621020537142797,0.0012161426777900556,1637,Ceiling,2,0.00048828125,0.06326104040048691,2048.0,0.5,False,,,1382565197
9,12,2,0.5,0.454189,0.0,0.0,0.225511,0.22509765625,0.00439453125,0.07621020537142797,0.0012161426777900556,1637,Ceiling,3,0.000732421875,0.07446980568326242,2048.0,0.5,False,,,1382565197
9,12,2,0.5,0.454189,0.0,0.0,0.225511,0.22509765625,0.00439453125,0.07621020537142797,0.0012161426777900556,1637,Ceiling,4,0.0009765625,0.08567857096603791,2048.0,0.5,False,,,1382565197
9,12,2,0.5,0.454189,0.0,0.0,0.225511,0.22509765625,0.00439453125,0.07621020537142797,0.0012161426777900556,1637,Ceiling,5,0.001220703125,0.09504456090971466,2048.0,0.5,False,,,1382565197
9,12,2,0.5,0.454189,0.0,0.0,0.225511,0.22509765625,0.00439453125,0.07621020537142797,0.0012161426777900556,1637,Ceiling,6,0.00146484375,0.1044105508533914,2048.0,0.5,False,,,1382565197
9,12,2,0.5,0.454189,0.0,0.0,0.225511,0.22509765625,0.00439453125,0.07621020537142797,0.0012161426777900556,1637,Ceiling,8,0.001953125,0.12314253074074485,2048.0,0.5,False,,,1382565197
9,12,2,0.5,0.454189,0.0,0.0,0.225511,0.22509765625,0.00439453125,0.07621020537142797,0.0012161426777900556,1637,Ceiling,11,0.002685546875,0.15124050057177496,2048.0,0.5,False,,,1382565197
9,12,2,0.5,0.454189,0.0,0.0,0.225511,0.22509765625,0.00439453125,0.07621020537142797,0.0012161426777900556,1637,Ceiling,14,0.00341796875,0.17488307122676908,2048.0,0.5,False,,,1382565197
9,12,2,0.5,0.454189,0.0,0.0,0.225511,0.22509765625,0.00439453125,0.07621020537142797,0.0012161426777900556,1637,Ceiling,18,0.00439453125,0.20343623264940394,2048.0,0.5,False,,,1382565197
9,12,2,0.5,0.454189,0.0,0.0,0.225511,0.22509765625,0.00439453125,0.07621020537142797,0.0012161426777900556,1637,Ceiling,23,0.005615234375,0.23898314065196624,2048.0,0.5,False,,,1382565197
9,12,2,0.5,0.454189,0.0,0.0,0.225511,0.22509765625,0.00439453125,0.07621020537142797,0.0012161426777900556,1637,Ceiling,31,0.007568359375,0.29161293404634286,2048.0,0.5,False,,,1382565197
9,12,2,0.5,0.454189,0.0,0.0,0.225511,0.22509765625,0.00439453125,0.07621020537142797,0.0012161426777900556,1637,Ceiling,40,0.009765625,0.3372997056059368,2048.0,0.5,False,,,1382565197
9,12,2,0.5,0.454189,0.0,0.0,0.225511,0.22509765625,0.00439453125,0.07621020537142797,0.0012161426777900556,1637,Ceiling,52,0.0126953125,0.387550772629212,2048.0,0.5,False,,,1382565197
9,12,2,0.5,0.454189,0.0,0.0,0.225511,0.22509765625,0.00439453125,0.07621020537142797,0.0012161426777900556,1637,Ceiling,67,0.016357421875,0.44320690858678646,2048.0,0.5,False,,,1382565197
9,12,2,0.5,0.454189,0.0,0.0,0.225511,0.22509765625,0.00439453125,0.07621020537142797,0.0012161426777900556,1637,Ceiling,87,0.021240234375,0.49905667737933007,2048.0,0.5,False,,,1382565197
9,12,2,0.5,0.454189,0.0,0.0,0.225511,0.22509765625,0.00439453125,0.07621020537142797,0.0012161426777900556,1637,Ceiling,114,0.02783203125,0.5616127503242352,2048.0,0.5,False,,,1382565197
9,12,2,0.5,0.454189,0.0,0.0,0.225511,0.22509765625,0.00439453125,0.07621020537142797,0.0012161426777900556,1637,Ceiling,148,0.0361328125,0.6203846530596331,2048.0,0.5,False,,,1382565197
9,12,2,0.5,0.454189,0.0,0.0,0.225511,0.22509765625,0.00439453125,0.07621020537142797,0.0012161426777900556,1637,Ceiling,192,0.046875,0.6848575795066825,2048.0,0.5,False,,,1382565197
9,12,2,0.5,0.454189,0.0,0.0,0.225511,0.22509765625,0.00439453125,0.07621020537142797,0.0012161426777900556,1637,Ceiling,250,0.06103515625,0.7547318497978575,2048.0,0.5,False,,,1382565197
9,12,2,0.5,0.454189,0.0,0.0,0.225511,0.22509765625,0.00439453125,0.07621020537142797,0.0012161426777900556,1637,Ceiling,325,0.079345703125,0.8268191170181733,2048.0,0.5,False,,,1382565197
9,12,2,0.5,0.454189,0.0,0.0,0.225511,0.22509765625,0.00439453125,0.07621020537142797,0.0012161426777900556,1637,Ceiling,423,0.103271484375,0.8952672501577702,2048.0,0.5,False,,,1382565197
9,12,2,0.5,0.454189,0.0,0.0,0.225511,0.22509765625,0.00439453125,0.07621020537142797,0.0012161426777900556,1637,Ceiling,550,0.13427734375,0.9507519117190335,2048.0,0.5,False,,,1382565197
9,12,2,0.5,0.454189,0.0,0.0,0.225511,0.22509765625,0.00439453125,0.07621020537142797,0.0012161426777900556,1637,Ceiling,715,0.174560546875,0.9868326666853497,2048.0,0.5,False,,,1382565197
9,12,2,0.5,0.454189,0.0,0.0,0.225511,0.22509765625,0.00439453125,0.07621020537142797,0.0012161426777900556,1637,Ceiling,931,0.227294921875,0.9999999999999989,2048.0,0.5,False,,,1382565197
9,12,2,0.5,0.454189,0.0,0.0,0.225511,0.22509765625,0.00439453125,0.07621020537142797,0.0012161426777900556,1637,Ceiling,1210,0.29541015625,0.9999999999999989,2048.0,0.5,False,,,1382565197
9,12,2,0.5,0.454189,0.0,0.0,0.225511,0.22509765625,0.00439453125,0.07621020537142797,0.0012161426777900556,1637,Ceiling,1575,0.384521484375,0.9999999999999989,2048.0,0.5,False,,,1382565197
9,12,2,0.5,0.454189,0.0,0.0,0.225511,0.22509765625,0.00439453125,0.07621020537142797,0.0012161426777900556,1637,Ceiling,2048,0.5,0.9999999999999989,2048.0,0.5,False,,,1382565197
