Hamiltonian_Index,Number_of_Sites,Dimensions,Delta,J,Bx,By,Bz,Ground_State_Density,Hamiltonian_Density,Overlap,Initial_State_Index,Algorithm,Budget,Budget_Fraction,Fidelity,Final_Pool_Size,Final_Pool_Fraction,Terminated_Early,Seed
2,12,1,1.0,0.0689,0.0,0.0,0.546175,0.000244140625,0.0029296875,1.0,0,BARK,1,0.000244140625,1.0,1.0,0.000244140625,True,745806735
2,12,1,1.0,0.0689,0.0,0.0,0.546175,0.000244140625,0.0029296875,1.0,0,BARK,2,0.00048828125,1.0,1.0,0.000244140625,True,745806735
2,12,1,1.0,0.0689,0.0,0.0,0.546175,0.000244140625,0.0029296875,1.0,0,BARK,3,0.000732421875,1.0,1.0,0.000244140625,True,745806735
2,12,1,1.0,0.0689,0.0,0.0,0.546175,0.000244140625,0.0029296875,1.0,0,BARK,4,0.0009765625,1.0,1.0,0.000244140625,True,745806735
2,12,1,1.0,0.0689,0.0,0.0,0.546175,0.000244140625,0.0029296875,1.0,0,BARK,5,0.001220703125,1.0,1.0,0.000244140625,True,745806735
2,12,1,1.0,0.0689,0.0,0.0,0.546175,0.000244140625,0.0029296875,1.0,0,BARK,6,0.00146484375,1.0,1.0,0.000244140625,True,745806735
2,12,1,1.0,0.0689,0.0,0.0,0.546175,0.000244140625,0.0029296875,1.0,0,BARK,8,0.001953125,1.0,1.0,0.000244140625,True,745806735
2,12,1,1.0,0.0689,0.0,0.0,0.546175,0.000244140625,0.0029296875,1.0,0,BARK,11,0.002685546875,1.0,1.0,0.000244140625,True,745806735
2,12,1,1.0,0.0689,0.0,0.0,0.546175,0.000244140625,0.0029296875,1.0,0,BARK,14,0.00341796875,1.0,1.0,0.000244140625,True,745806735
2,12,1,1.0,0.0689,0.0,0.0,0.546175,0.000244140625,0.0029296875,1.0,0,BARK,18,0.00439453125,1.0,1.0,0.000244140625,True,745806735
2,12,1,1.0,0.0689,0.0,0.0,0.546175,0.000244140625,0.0029296875,1.0,0,BARK,23,0.005615234375,1.0,1.0,0.000244140625,True,745806735
2,12,1,1.0,0.0689,0.0,0.0,0.546175,0.000244140625,0.0029296875,1.0,0,BARK,31,0.007568359375,1.0,1.0,0.000244140625,True,745806735
2,12,1,1.0,0.0689,0.0,0.0,0.546175,0.000244140625,0.0029296875,1.0,0,BARK,40,0.009765625,1.0,1.0,0.000244140625,True,745806735
2,12,1,1.0,0.0689,0.0,0.0,0.546175,0.000244140625,0.0029296875,1.0,0,BARK,52,0.0126953125,1.0,1.0,0.000244140625,True,745806735
2,12,1,1.0,0.0689,0.0,0.0,0.546175,0.000244140625,0.0029296875,1.0,0,BARK,67,0.016357421875,1.0,1.0,0.000244140625,True,745806735
2,12,1,1.0,0.0689,0.0,0.0,0.546175,0.000244140625,0.0029296875,1.0,0,BARK,87,0.021240234375,1.0,1.0,0.000244140625,True,745806735
2,12,1,1.0,0.0689,0.0,0.0,0.546175,0.000244140625,0.0029296875,1.0,0,BARK,114,0.02783203125,1.0,1.0,0.000244140625,True,745806735
2,12,1,1.0,0.0689,0.0,0.0,0.546175,0.000244140625,0.0029296875,1.0,0,BARK,148,0.0361328125,1.0,1.0,0.000244140625,True,745806735
2,12,1,1.0,0.0689,0.0,0.0,0.546175,0.000244140625,0.0029296875,1.0,0,BARK,192,0.046875,1.0,1.0,0.000244140625,True,745806735
2,12,1,1.0,0.0689,0.0,0.0,0.546175,0.000244140625,0.0029296875,1.0,0,BARK,250,0.06103515625,1.0,1.0,0.000244140625,True,745806735
2,12,1,1.0,0.0689,0.0,0.0,0.546175,0.000244140625,0.0029296875,1.0,0,BARK,325,0.079345703125,1.0,1.0,0.000244140625,True,745806735
2,12,1,1.0,0.0689,0.0,0.0,0.546175,0.000244140625,0.0029296875,1.0,0,BARK,423,0.103271484375,1.0,1.0,0.000244140625,True,745806735
2,12,1,1.0,0.0689,0.0,0.0,0.546175,0.000244140625,0.0029296875,1.0,0,BARK,550,0.13427734375,1.0,1.0,0.000244140625,True,745806735
2,12,1,1.0,0.0689,0.0,0.0,0.546175,0.000244140625,0.0029296875,1.0,0,BARK,715,0.174560546875,1.0,1.0,0.000244140625,True,745806735
2,12,1,1.0,0.0689,0.0,0.0,0.546175,0.000244140625,0.0029296875,1.0,0,BARK,931,0.227294921875,1.0,1.0,0.000244140625,True,745806735
2,12,1,1.0,0.0689,0.0,0.0,0.546175,0.000244140625,0.0029296875,1.0,0,BARK,1210,0.29541015625,1.0,1.0,0.000244140625,True,745806735
2,12,1,1.0,0.0689,0.0,0.0,0.546175,0.000244140625,0.0029296875,1.0,0,BARK,1575,0.384521484375,1.0,1.0,0.000244140625,True,745806735
2,12,1,1.0,0.0689,0.0,0.0,0.546175,0.000244140625,0.0029296875,1.0,0,BARK,2048,0.5,1.0,1.0,0.000244140625,True,745806735
2,12,1,1.0,0.0689,0.0,0.0,0.546175,0.000244140625,0.0029296875,1.0,0,Simplified BARK,1,0.000244140625,1.0,1.0,0.000244140625,True,745806735
2,12,1,1.0,0.0689,0.0,0.0,0.546175,0.000244140625,0.0029296875,1.0,0,Simplified BARK,2,0.00048828125,1.0,1.0,0.000244140625,True,745806735
2,12,1,1.0,0.0689,0.0,0.0,0.546175,0.000244140625,0.0029296875,1.0,0,Simplified BARK,3,0.000732421875,1.0,1.0,0.000244140625,True,745806735
2,12,1,1.0,0.0689,0.0,0.0,0.546175,0.000244140625,0.0029296875,1.0,0,Simplified BARK,4,0.0009765625,1.0,1.0,0.000244140625,True,745806735
2,12,1,1.0,0.0689,0.0,0.0,0.546175,0.000244140625,0.0029296875,1.0,0,Simplified BARK,5,0.001220703125,1.0,1.0,0.000244140625,True,745806735
2,12,1,1.0,0.0689,0.0,0.0,0.546175,0.000244140625,0.0029296875,1.0,0,Simplified BARK,6,0.00146484375,1.0,1.0,0.000244140625,True,745806735
2,12,1,1.0,0.0689,0.0,0.0,0.546175,0.000244140625,0.0029296875,1.0,0,Simplified BARK,8,0.001953125,1.0,1.0,0.000244140625,True,745806735
2,12,1,1.0,0.0689,0.0,0.0,0.546175,0.000244140625,0.0029296875,1.0,0,Simplified BARK,11,0.002685546875,1.0,1.0,0.000244140625,True,745806735
2,12,1,1.0,0.0689,0.0,0.0,0.546175,0.000244140625,0.0029296875,1.0,0,Simplified BARK,14,0.00341796875,1.0,1.0,0.000244140625,True,745806735
2,12,1,1.0,0.0689,0.0,0.0,0.546175,0.000244140625,0.0029296875,1.0,0,Simplified BARK,18,0.00439453125,1.0,1.0,0.000244140625,True,745806735
2,12,1,1.0,0.0689,0.0,0.0,0.546175,0.000244140625,0.0029296875,1.0,0,Simplified BARK,23,0.005615234375,1.0,1.0,0.000244140625,True,745806735
2,12,1,1.0,0.0689,0.0,0.0,0.546175,0.000244140625,0.0029296875,1.0,0,Simplified BARK,31,0.007568359375,1.0,1.0,0.000244140625,True,745806735
2,12,1,1.0,0.0689,0.0,0.0,0.546175,0.000244140625,0.0029296875,1.0,0,Simplified BARK,40,0.009765625,1.0,1.0,0.000244140625,True,745806735
2,12,1,1.0,0.0689,0.0,0.0,0.546175,0.000244140625,0.0029296875,1.0,0,Simplified BARK,52,0.0126953125,1.0,1.0,0.000244140625,True,745806735
2,12,1,1.0,0.0689,0.0,0.0,0.546175,0.000244140625,0.0029296875,1.0,0,Simplified BARK,67,0.016357421875,1.0,1.0,0.000244140625,True,745806735
2,12,1,1.0,0.0689,0.0,0.0,0.546175,0.000244140625,0.0029296875,1.0,0,Simplified BARK,87,0.021240234375,1.0,1.0,0.000244140625,True,745806735
2,12,1,1.0,0.0689,0.0,0.0,0.546175,0.000244140625,0.0029296875,1.0,0,Simplified BARK,114,0.02783203125,1.0,1.0,0.000244140625,True,745806735
2,12,1,1.0,0.0689,0.0,0.0,0.546175,0.000244140625,0.0029296875,1.0,0,Simplified BARK,148,0.0361328125,1.0,1.0,0.000244140625,True,745806735
2,12,1,1.0,0.0689,0.0,0.0,0.546175,0.000244140625,0.0029296875,1.0,0,Simplified BARK,192,0.046875,1.0,1.0,0.000244140625,True,745806735
2,12,1,1.0,0.0689,0.0,0.0,0.546175,0.000244140625,0.0029296875,1.0,0,Simplified BARK,250,0.06103515625,1.0,1.0,0.000244140625,True,745806735
2,12,1,1.0,0.0689,0.0,0.0,0.546175,0.000244140625,0.0029296875,1.0,0,Simplified BARK,325,0.079345703125,1.0,1.0,0.000244140625,True,745806735
2,12,1,1.0,0.0689,0.0,0.0,0.546175,0.000244140625,0.0029296875,1.0,0,Simplified BARK,423,0.103271484375,1.0,1.0,0.000244140625,True,745806735
2,12,1,1.0,0.0689,0.0,0.0,0.546175,0.000244140625,0.0029296875,1.0,0,Simplified BARK,550,0.13427734375,1.0,1.0,0.000244140625,True,745806735
2,12,1,1.0,0.0689,0.0,0.0,0.546175,0.000244140625,0.0029296875,1.0,0,Simplified BARK,715,0.174560546875,1.0,1.0,0.000244140625,True,745806735
2,12,1,1.0,0.0689,0.0,0.0,0.546175,0.000244140625,0.0029296875,1.0,0,Simplified BARK,931,0.227294921875,1.0,1.0,0.000244140625,True,745806735
2,12,1,1.0,0.0689,0.0,0.0,0.546175,0.000244140625,0.0029296875,1.0,0,Simplified BARK,1210,0.29541015625,1.0,1.0,0.000244140625,True,745806735
2,12,1,1.0,0.0689,0.0,0.0,0.546175,0.000244140625,0.0029296875,1.0,0,Simplified BARK,1575,0.384521484375,1.0,1.0,0.000244140625,True,745806735
2,12,1,1.0,0.0689,0.0,0.0,0.546175,0.000244140625,0.0029296875,1.0,0,Simplified BARK,2048,0.5,1.0,1.0,0.000244140625,True,745806735
2,12,1,1.0,0.0689,0.0,0.0,0.546175,0.000244140625,0.0029296875,1.0,0,SKQD,1,0.000244140625,1.0,1.0,0.000244140625,True,745806735
2,12,1,1.0,0.0689,0.0,0.0,0.546175,0.000244140625,0.0029296875,1.0,0,SKQD,2,0.00048828125,1.0,1.0,0.000244140625,True,745806735
2,12,1,1.0,0.0689,0.0,0.0,0.546175,0.000244140625,0.0029296875,1.0,0,SKQD,3,0.000732421875,1.0,1.0,0.000244140625,True,745806735
2,12,1,1.0,0.0689,0.0,0.0,0.546175,0.000244140625,0.0029296875,1.0,0,SKQD,4,0.0009765625,1.0,1.0,0.000244140625,True,745806735
2,12,1,1.0,0.0689,0.0,0.0,0.546175,0.000244140625,0.0029296875,1.0,0,SKQD,5,0.001220703125,1.0,1.0,0.000244140625,True,745806735
2,12,1,1.0,0.0689,0.0,0.0,0.546175,0.000244140625,0.0029296875,1.0,0,SKQD,6,0.00146484375,1.0,1.0,0.000244140625,True,745806735
2,12,1,1.0,0.0689,0.0,0.0,0.546175,0.000244140625,0.0029296875,1.0,0,SKQD,8,0.001953125,1.0,1.0,0.000244140625,True,745806735
2,12,1,1.0,0.0689,0.0,0.0,0.546175,0.000244140625,0.0029296875,1.0,0,SKQD,11,0.002685546875,1.0,1.0,0.000244140625,True,745806735
2,12,1,1.0,0.0689,0.0,0.0,0.546175,0.000244140625,0.0029296875,1.0,0,SKQD,14,0.00341796875,1.0,1.0,0.000244140625,True,745806735
2,12,1,1.0,0.0689,0.0,0.0,0.546175,0.000244140625,0.0029296875,1.0,0,SKQD,18,0.00439453125,1.0,1.0,0.000244140625,True,745806735
2,12,1,1.0,0.0689,0.0,0.0,0.546175,0.000244140625,0.0029296875,1.0,0,SKQD,23,0.005615234375,1.0,1.0,0.000244140625,True,745806735
2,12,1,1.0,0.0689,0.0,0.0,0.546175,0.000244140625,0.0029296875,1.0,0,SKQD,31,0.007568359375,1.0,1.0,0.000244140625,True,745806735
2,12,1,1.0,0.0689,0.0,0.0,0.546175,0.000244140625,0.0029296875,1.0,0,SKQD,40,0.009765625,1.0,1.0,0.000244140625,True,745806735
2,12,1,1.0,0.0689,0.0,0.0,0.546175,0.000244140625,0.0029296875,1.0,0,SKQD,52,0.0126953125,1.0,1.0,0.000244140625,True,745806735
2,12,1,1.0,0.0689,0.0,0.0,0.546175,0.000244140625,0.0029296875,1.0,0,SKQD,67,0.016357421875,1.0,1.0,0.000244140625,True,745806735
2,12,1,1.0,0.0689,0.0,0.0,0.546175,0.000244140625,0.0029296875,1.0,0,SKQD,87,0.021240234375,1.0,1.0,0.000244140625,True,745806735
2,12,1,1.0,0.0689,0.0,0.0,0.546175,0.000244140625,0.0029296875,1.0,0,SKQD,114,0.02783203125,1.0,1.0,0.000244140625,True,745806735
2,12,1,1.0,0.0689,0.0,0.0,0.546175,0.000244140625,0.0029296875,1.0,0,SKQD,148,0.0361328125,1.0,1.0,0.000244140625,True,745806735
2,12,1,1.0,0.0689,0.0,0.0,0.546175,0.000244140625,0.0029296875,1.0,0,SKQD,192,0.046875,1.0,1.0,0.000244140625,True,745806735
2,12,1,1.0,0.0689,0.0,0.0,0.546175,0.000244140625,0.0029296875,1.0,0,SKQD,250,0.06103515625,1.0,1.0,0.000244140625,True,745806735
2,12,1,1.0,0.0689,0.0,0.0,0.546175,0.000244140625,0.0029296875,1.0,0,SKQD,325,0.079345703125,1.0,1.0,0.000244140625,True,745806735
2,12,1,1.0,0.0689,0.0,0.0,0.546175,0.000244140625,0.0029296875,1.0,0,SKQD,423,0.103271484375,1.0,1.0,0.000244140625,True,745806735
2,12,1,1.0,0.0689,0.0,0.0,0.546175,0.000244140625,0.0029296875,1.0,0,SKQD,550,0.13427734375,1.0,1.0,0.000244140625,True,745806735
2,12,1,1.0,0.0689,0.0,0.0,0.546175,0.000244140625,0.0029296875,1.0,0,SKQD,715,0.174560546875,1.0,1.0,0.000244140625,True,745806735
2,12,1,1.0,0.0689,0.0,0.0,0.546175,0.000244140625,0.0029296875,1.0,0,SKQD,931,0.227294921875,1.0,1.0,0.000244140625,True,745806735
2,12,1,1.0,0.0689,0.0,0.0,0.546175,0.000244140625,0.0029296875,1.0,0,SKQD,1210,0.29541015625,1.0,1.0,0.000244140625,True,745806735
2,12,1,1.0,0.0689,0.0,0.0,0.546175,0.000244140625,0.0029296875,1.0,0,SKQD,1575,0.384521484375,1.0,1.0,0.000244140625,True,745806735
2,12,1,1.0,0.0689,0.0,0.0,0.546175,0.000244140625,0.0029296875,1.0,0,SKQD,2048,0.5,1.0,1.0,0.000244140625,True,745806735
2,12,1,1.0,0.0689,0.0,0.0,0.546175,0.000244140625,0.0029296875,1.0,0,Ceiling,1,0.000244140625,1.0,2048.0,0.5,False,745806735
2,12,1,1.0,0.0689,0.0,0.0,0.546175,0.000244140625,0.0029296875,1.0,0,Ceiling,2,0.00048828125,1.0,2048.0,0.5,False,745806735
2,12,1,1.0,0.0689,0.0,0.0,0.546175,0.000244140625,0.0029296875,1.0,0,Ceiling,3,0.000732421875,1.0,2048.0,0.5,False,745806735
2,12,1,1.0,0.0689,0.0,0.0,0.546175,0.000244140625,0.0029296875,1.0,0,Ceiling,4,0.0009765625,1.0,2048.0,0.5,False,745806735
2,12,1,1.0,0.0689,0.0,0.0,0.546175,0.000244140625,0.0029296875,1.0,0,Ceiling,5,0.001220703125,1.0,2048.0,0.5,False,745806735
2,12,1,1.0,0.0689,0.0,0.0,0.546175,0.000244140625,0.0029296875,1.0,0,Ceiling,6,0.00146484375,1.0,2048.0,0.5,False,745806735
2,12,1,1.0,0.0689,0.0,0.0,0.546175,0.000244140625,0.0029296875,1.0,0,Ceiling,8,0.001953125,1.0,2048.0,0.5,False,745806735
2,12,1,1.0,0.0689,0.0,0.0,0.546175,0.000244140625,0.0029296875,1.0,0,Ceiling,11,0.002685546875,1.0,2048.0,0.5,False,745806735
2,12,1,1.0,0.0689,0.0,0.0,0.546175,0.000244140625,0.0029296875,1.0,0,Ceiling,14,0.00341796875,1.0,2048.0,0.5,False,745806735
2,12,1,1.0,0.0689,0.0,0.0,0.546175,0.000244140625,0.0029296875,1.0,0,Ceiling,18,0.00439453125,1.0,2048.0,0.5,False,745806735
2,12,1,1.0,0.0689,0.0,0.0,0.546175,0.000244140625,0.0029296875,1.0,0,Ceiling,23,0.005615234375,1.0,2048.0,0.5,False,745806735
2,12,1,1.0,0.0689,0.0,0.0,0.546175,0.000244140625,0.0029296875,1.0,0,Ceiling,31,0.007568359375,1.0,2048.0,0.5,False,745806735
2,12,1,1.0,0.0689,0.0,0.0,0.546175,0.000244140625,0.0029296875,1.0,0,Ceiling,40,0.009765625,1.0,2048.0,0.5,False,745806735
2,12,1,1.0,0.0689,0.0,0.0,0.546175,0.000244140625,0.0029296875,1.0,0,Ceiling,52,0.0126953125,1.0,2048.0,0.5,False,745806735
2,12,1,1.0,0.0689,0.0,0.0,0.546175,0.000244140625,0.0029296875,1.0,0,Ceiling,67,0.016357421875,1.0,2048.0,0.5,False,745806735
2,12,1,1.0,0.0689,0.0,0.0,0.546175,0.000244140625,0.0029296875,1.0,0,Ceiling,87,0.021240234375,1.0,2048.0,0.5,False,745806735
2,12,1,1.0,0.0689,0.0,0.0,0.546175,0.000244140625,0.0029296875,1.0,0,Ceiling,114,0.02783203125,1.0,2048.0,0.5,False,745806735
2,12,1,1.0,0.0689,0.0,0.0,0.546175,0.000244140625,0.0029296875,1.0,0,Ceiling,148,0.0361328125,1.0,2048.0,0.5,False,745806735
2,12,1,1.0,0.0689,0.0,0.0,0.546175,0.000244140625,0.0029296875,1.0,0,Ceiling,192,0.046875,1.0,2048.0,0.5,False,745806735
2,12,1,1.0,0.0689,0.0,0.0,0.546175,0.000244140625,0.0029296875,1.0,0,Ceiling,250,0.06103515625,1.0,2048.0,0.5,False,745806735
2,12,1,1.0,0.0689,0.0,0.0,0.546175,0.000244140625,0.0029296875,1.0,0,Ceiling,325,0.079345703125,1.0,2048.0,0.5,False,745806735
2,12,1,1.0,0.0689,0.0,0.0,0.546175,0.000244140625,0.0029296875,1.0,0,Ceiling,423,0.103271484375,1.0,2048.0,0.5,False,745806735
2,12,1,1.0,0.0689,0.0,0.0,0.546175,0.000244140625,0.0029296875,1.0,0,Ceiling,550,0.13427734375,1.0,2048.0,0.5,False,745806735
2,12,1,1.0,0.0689,0.0,0.0,0.546175,0.000244140625,0.0029296875,1.0,0,Ceiling,715,0.174560546875,1.0,2048.0,0.5,False,745806735
2,12,1,1.0,0.0689,0.0,0.0,0.546175,0.000244140625,0.0029296875,1.0,0,Ceiling,931,0.227294921875,1.0,2048.0,0.5,False,745806735
2,12,1,1.0,0.0689,0.0,0.0,0.546175,0.000244140625,0.0029296875,1.0,0,Ceiling,1210,0.29541015625,1.0,2048.0,0.5,False,745806735
2,12,1,1.0,0.0689,0.0,0.0,0.546175,0.000244140625,0.0029296875,1.0,0,Ceiling,1575,0.384521484375,1.0,2048.0,0.5,False,745806735
2,12,1,1.0,0.0689,0.0,0.0,0.546175,0.000244140625,0.0029296875,1.0,0,Ceiling,2048,0.5,1.0,2048.0,0.5,False,745806735
10,12,1,1.0,0.476303,0.0,0.0,-0.594078,0.14501953125,0.0029296875,1.7528019890952733e-06,1524,BARK,1,0.000244140625,1.7528019890952733e-06,792.0,0.193359375,True,2025078073
10,12,1,1.0,0.476303,0.0,0.0,-0.594078,0.14501953125,0.0029296875,1.7528019890952733e-06,1524,BARK,2,0.00048828125,1.539337530644678e-05,792.0,0.193359375,True,2025078073
10,12,1,1.0,0.476303,0.0,0.0,-0.594078,0.14501953125,0.0029296875,1.7528019890952733e-06,1524,BARK,3,0.000732421875,0.0002981421274942021,792.0,0.193359375,True,2025078073
10,12,1,1.0,0.476303,0.0,0.0,-0.594078,0.14501953125,0.0029296875,1.7528019890952733e-06,1524,BARK,4,0.0009765625,0.0003235947736392084,792.0,0.193359375,True,2025078073
10,12,1,1.0,0.476303,0.0,0.0,-0.594078,0.14501953125,0.0029296875,1.7528019890952733e-06,1524,BARK,5,0.001220703125,0.00035727985108348565,792.0,0.193359375,True,2025078073
10,12,1,1.0,0.476303,0.0,0.0,-0.594078,0.14501953125,0.0029296875,1.7528019890952733e-06,1524,BARK,6,0.00146484375,0.0003648170149043878,792.0,0.193359375,True,2025078073
10,12,1,1.0,0.476303,0.0,0.0,-0.594078,0.14501953125,0.0029296875,1.7528019890952733e-06,1524,BARK,8,0.001953125,0.0007737344108300837,792.0,0.193359375,True,2025078073
10,12,1,1.0,0.476303,0.0,0.0,-0.594078,0.14501953125,0.0029296875,1.7528019890952733e-06,1524,BARK,11,0.002685546875,0.004348850939898054,792.0,0.193359375,True,2025078073
10,12,1,1.0,0.476303,0.0,0.0,-0.594078,0.14501953125,0.0029296875,1.7528019890952733e-06,1524,BARK,14,0.00341796875,0.0051225380624981,792.0,0.193359375,True,2025078073
10,12,1,1.0,0.476303,0.0,0.0,-0.594078,0.14501953125,0.0029296875,1.7528019890952733e-06,1524,BARK,18,0.00439453125,0.007255167908189834,792.0,0.193359375,True,2025078073
10,12,1,1.0,0.476303,0.0,0.0,-0.594078,0.14501953125,0.0029296875,1.7528019890952733e-06,1524,BARK,23,0.005615234375,0.007452320661430397,792.0,0.193359375,True,2025078073
10,12,1,1.0,0.476303,0.0,0.0,-0.594078,0.14501953125,0.0029296875,1.7528019890952733e-06,1524,BARK,31,0.007568359375,0.005352106853832037,792.0,0.193359375,True,2025078073
10,12,1,1.0,0.476303,0.0,0.0,-0.594078,0.14501953125,0.0029296875,1.7528019890952733e-06,1524,BARK,40,0.009765625,0.006293002675762482,792.0,0.193359375,True,2025078073
10,12,1,1.0,0.476303,0.0,0.0,-0.594078,0.14501953125,0.0029296875,1.7528019890952733e-06,1524,BARK,52,0.0126953125,0.025291810382038295,792.0,0.193359375,True,2025078073
10,12,1,1.0,0.476303,0.0,0.0,-0.594078,0.14501953125,0.0029296875,1.7528019890952733e-06,1524,BARK,67,0.016357421875,0.022102901138931735,792.0,0.193359375,True,2025078073
10,12,1,1.0,0.476303,0.0,0.0,-0.594078,0.14501953125,0.0029296875,1.7528019890952733e-06,1524,BARK,87,0.021240234375,0.021938670434297102,792.0,0.193359375,True,2025078073
10,12,1,1.0,0.476303,0.0,0.0,-0.594078,0.14501953125,0.0029296875,1.7528019890952733e-06,1524,BARK,114,0.02783203125,0.022321485427253426,792.0,0.193359375,True,2025078073
10,12,1,1.0,0.476303,0.0,0.0,-0.594078,0.14501953125,0.0029296875,1.7528019890952733e-06,1524,BARK,148,0.0361328125,0.021769170217517085,792.0,0.193359375,True,2025078073
10,12,1,1.0,0.476303,0.0,0.0,-0.594078,0.14501953125,0.0029296875,1.7528019890952733e-06,1524,BARK,192,0.046875,0.05897188673247254,792.0,0.193359375,True,2025078073
10,12,1,1.0,0.476303,0.0,0.0,-0.594078,0.14501953125,0.0029296875,1.7528019890952733e-06,1524,BARK,250,0.06103515625,0.14097451198951522,792.0,0.193359375,True,2025078073
10,12,1,1.0,0.476303,0.0,0.0,-0.594078,0.14501953125,0.0029296875,1.7528019890952733e-06,1524,BARK,325,0.079345703125,0.18962215066746482,792.0,0.193359375,True,2025078073
10,12,1,1.0,0.476303,0.0,0.0,-0.594078,0.14501953125,0.0029296875,1.7528019890952733e-06,1524,BARK,423,0.103271484375,0.5237499026520901,792.0,0.193359375,True,2025078073
10,12,1,1.0,0.476303,0.0,0.0,-0.594078,0.14501953125,0.0029296875,1.7528019890952733e-06,1524,BARK,550,0.13427734375,0.7359152024011233,792.0,0.193359375,True,2025078073
10,12,1,1.0,0.476303,0.0,0.0,-0.594078,0.14501953125,0.0029296875,1.7528019890952733e-06,1524,BARK,715,0.174560546875,0.9979894129587119,792.0,0.193359375,True,2025078073
10,12,1,1.0,0.476303,0.0,0.0,-0.594078,0.14501953125,0.0029296875,1.7528019890952733e-06,1524,BARK,931,0.227294921875,1.0,792.0,0.193359375,True,2025078073
10,12,1,1.0,0.476303,0.0,0.0,-0.594078,0.14501953125,0.0029296875,1.7528019890952733e-06,1524,BARK,1210,0.29541015625,1.0,792.0,0.193359375,True,2025078073
10,12,1,1.0,0.476303,0.0,0.0,-0.594078,0.14501953125,0.0029296875,1.7528019890952733e-06,1524,BARK,1575,0.384521484375,1.0,792.0,0.193359375,True,2025078073
10,12,1,1.0,0.476303,0.0,0.0,-0.594078,0.14501953125,0.0029296875,1.7528019890952733e-06,1524,BARK,2048,0.5,1.0,792.0,0.193359375,True,2025078073
10,12,1,1.0,0.476303,0.0,0.0,-0.594078,0.14501953125,0.0029296875,1.7528019890952733e-06,1524,Simplified BARK,1,0.000244140625,1.7528019890952733e-06,792.0,0.193359375,True,2025078073
10,12,1,1.0,0.476303,0.0,0.0,-0.594078,0.14501953125,0.0029296875,1.7528019890952733e-06,1524,Simplified BARK,2,0.00048828125,1.7446405469913978e-06,792.0,0.193359375,True,2025078073
10,12,1,1.0,0.476303,0.0,0.0,-0.594078,0.14501953125,0.0029296875,1.7528019890952733e-06,1524,Simplified BARK,3,0.000732421875,2.0352818783898168e-06,792.0,0.193359375,True,2025078073
10,12,1,1.0,0.476303,0.0,0.0,-0.594078,0.14501953125,0.0029296875,1.7528019890952733e-06,1524,Simplified BARK,4,0.0009765625,2.4201309901361554e-06,792.0,0.193359375,True,2025078073
10,12,1,1.0,0.476303,0.0,0.0,-0.594078,0.14501953125,0.0029296875,1.7528019890952733e-06,1524,Simplified BARK,5,0.001220703125,2.692489016896228e-06,792.0,0.193359375,True,2025078073
10,12,1,1.0,0.476303,0.0,0.0,-0.594078,0.14501953125,0.0029296875,1.7528019890952733e-06,1524,Simplified BARK,6,0.00146484375,2.8146298600150217e-06,792.0,0.193359375,True,2025078073
10,12,1,1.0,0.476303,0.0,0.0,-0.594078,0.14501953125,0.0029296875,1.7528019890952733e-06,1524,Simplified BARK,8,0.001953125,2.8584123571411e-06,792.0,0.193359375,True,2025078073
10,12,1,1.0,0.476303,0.0,0.0,-0.594078,0.14501953125,0.0029296875,1.7528019890952733e-06,1524,Simplified BARK,11,0.002685546875,2.861035514005767e-06,792.0,0.193359375,True,2025078073
10,12,1,1.0,0.476303,0.0,0.0,-0.594078,0.14501953125,0.0029296875,1.7528019890952733e-06,1524,Simplified BARK,14,0.00341796875,2.8613861171151852e-06,792.0,0.193359375,True,2025078073
10,12,1,1.0,0.476303,0.0,0.0,-0.594078,0.14501953125,0.0029296875,1.7528019890952733e-06,1524,Simplified BARK,18,0.00439453125,2.8613893407117827e-06,792.0,0.193359375,True,2025078073
10,12,1,1.0,0.476303,0.0,0.0,-0.594078,0.14501953125,0.0029296875,1.7528019890952733e-06,1524,Simplified BARK,23,0.005615234375,2.861389341760628e-06,792.0,0.193359375,True,2025078073
10,12,1,1.0,0.476303,0.0,0.0,-0.594078,0.14501953125,0.0029296875,1.7528019890952733e-06,1524,Simplified BARK,31,0.007568359375,9.163456515997113e-09,792.0,0.193359375,True,2025078073
10,12,1,1.0,0.476303,0.0,0.0,-0.594078,0.14501953125,0.0029296875,1.7528019890952733e-06,1524,Simplified BARK,40,0.009765625,7.650742132965624e-07,792.0,0.193359375,True,2025078073
10,12,1,1.0,0.476303,0.0,0.0,-0.594078,0.14501953125,0.0029296875,1.7528019890952733e-06,1524,Simplified BARK,52,0.0126953125,2.8331711150796913e-07,792.0,0.193359375,True,2025078073
10,12,1,1.0,0.476303,0.0,0.0,-0.594078,0.14501953125,0.0029296875,1.7528019890952733e-06,1524,Simplified BARK,67,0.016357421875,7.082225661688754e-05,792.0,0.193359375,True,2025078073
10,12,1,1.0,0.476303,0.0,0.0,-0.594078,0.14501953125,0.0029296875,1.7528019890952733e-06,1524,Simplified BARK,87,0.021240234375,0.0005224872230780272,792.0,0.193359375,True,2025078073
10,12,1,1.0,0.476303,0.0,0.0,-0.594078,0.14501953125,0.0029296875,1.7528019890952733e-06,1524,Simplified BARK,114,0.02783203125,0.0018540433286279444,792.0,0.193359375,True,2025078073
10,12,1,1.0,0.476303,0.0,0.0,-0.594078,0.14501953125,0.0029296875,1.7528019890952733e-06,1524,Simplified BARK,148,0.0361328125,0.001704927294349598,792.0,0.193359375,True,2025078073
10,12,1,1.0,0.476303,0.0,0.0,-0.594078,0.14501953125,0.0029296875,1.7528019890952733e-06,1524,Simplified BARK,192,0.046875,0.05202372746304215,792.0,0.193359375,True,2025078073
10,12,1,1.0,0.476303,0.0,0.0,-0.594078,0.14501953125,0.0029296875,1.7528019890952733e-06,1524,Simplified BARK,250,0.06103515625,0.14900850983743563,792.0,0.193359375,True,2025078073
10,12,1,1.0,0.476303,0.0,0.0,-0.594078,0.14501953125,0.0029296875,1.7528019890952733e-06,1524,Simplified BARK,325,0.079345703125,0.2001528109169247,792.0,0.193359375,True,2025078073
10,12,1,1.0,0.476303,0.0,0.0,-0.594078,0.14501953125,0.0029296875,1.7528019890952733e-06,1524,Simplified BARK,423,0.103271484375,0.21779423700866904,792.0,0.193359375,True,2025078073
10,12,1,1.0,0.476303,0.0,0.0,-0.594078,0.14501953125,0.0029296875,1.7528019890952733e-06,1524,Simplified BARK,550,0.13427734375,0.837480482743414,792.0,0.193359375,True,2025078073
10,12,1,1.0,0.476303,0.0,0.0,-0.594078,0.14501953125,0.0029296875,1.7528019890952733e-06,1524,Simplified BARK,715,0.174560546875,0.9996469068475639,792.0,0.193359375,True,2025078073
10,12,1,1.0,0.476303,0.0,0.0,-0.594078,0.14501953125,0.0029296875,1.7528019890952733e-06,1524,Simplified BARK,931,0.227294921875,1.0000000000000004,792.0,0.193359375,True,2025078073
10,12,1,1.0,0.476303,0.0,0.0,-0.594078,0.14501953125,0.0029296875,1.7528019890952733e-06,1524,Simplified BARK,1210,0.29541015625,1.0000000000000004,792.0,0.193359375,True,2025078073
10,12,1,1.0,0.476303,0.0,0.0,-0.594078,0.14501953125,0.0029296875,1.7528019890952733e-06,1524,Simplified BARK,1575,0.384521484375,1.0000000000000004,792.0,0.193359375,True,2025078073
10,12,1,1.0,0.476303,0.0,0.0,-0.594078,0.14501953125,0.0029296875,1.7528019890952733e-06,1524,Simplified BARK,2048,0.5,1.0000000000000004,792.0,0.193359375,True,2025078073
10,12,1,1.0,0.476303,0.0,0.0,-0.594078,0.14501953125,0.0029296875,1.7528019890952733e-06,1524,SKQD,1,0.000244140625,1.7528019890952733e-06,746.3333333333334,0.18221028645833334,True,2025078073
10,12,1,1.0,0.476303,0.0,0.0,-0.594078,0.14501953125,0.0029296875,1.7528019890952733e-06,1524,SKQD,2,0.00048828125,1.7528019890952733e-06,746.3333333333334,0.18221028645833334,True,2025078073
10,12,1,1.0,0.476303,0.0,0.0,-0.594078,0.14501953125,0.0029296875,1.7528019890952733e-06,1524,SKQD,3,0.000732421875,4.655584897351511e-06,746.3333333333334,0.18221028645833334,True,2025078073
10,12,1,1.0,0.476303,0.0,0.0,-0.594078,0.14501953125,0.0029296875,1.7528019890952733e-06,1524,SKQD,4,0.0009765625,8.72154036208233e-06,746.3333333333334,0.18221028645833334,True,2025078073
10,12,1,1.0,0.476303,0.0,0.0,-0.594078,0.14501953125,0.0029296875,1.7528019890952733e-06,1524,SKQD,5,0.001220703125,1.1608859134320458e-05,746.3333333333334,0.18221028645833334,True,2025078073
10,12,1,1.0,0.476303,0.0,0.0,-0.594078,0.14501953125,0.0029296875,1.7528019890952733e-06,1524,SKQD,6,0.00146484375,1.1608859134320458e-05,746.3333333333334,0.18221028645833334,True,2025078073
10,12,1,1.0,0.476303,0.0,0.0,-0.594078,0.14501953125,0.0029296875,1.7528019890952733e-06,1524,SKQD,8,0.001953125,2.3621626100467146e-05,746.3333333333334,0.18221028645833334,True,2025078073
10,12,1,1.0,0.476303,0.0,0.0,-0.594078,0.14501953125,0.0029296875,1.7528019890952733e-06,1524,SKQD,11,0.002685546875,2.8225035061101126e-05,746.3333333333334,0.18221028645833334,True,2025078073
10,12,1,1.0,0.476303,0.0,0.0,-0.594078,0.14501953125,0.0029296875,1.7528019890952733e-06,1524,SKQD,14,0.00341796875,0.00013824991778601205,746.3333333333334,0.18221028645833334,True,2025078073
10,12,1,1.0,0.476303,0.0,0.0,-0.594078,0.14501953125,0.0029296875,1.7528019890952733e-06,1524,SKQD,18,0.00439453125,0.0005814968841119103,746.3333333333334,0.18221028645833334,True,2025078073
10,12,1,1.0,0.476303,0.0,0.0,-0.594078,0.14501953125,0.0029296875,1.7528019890952733e-06,1524,SKQD,23,0.005615234375,0.0007923979754923513,746.3333333333334,0.18221028645833334,True,2025078073
10,12,1,1.0,0.476303,0.0,0.0,-0.594078,0.14501953125,0.0029296875,1.7528019890952733e-06,1524,SKQD,31,0.007568359375,0.001450923773786285,746.3333333333334,0.18221028645833334,True,2025078073
10,12,1,1.0,0.476303,0.0,0.0,-0.594078,0.14501953125,0.0029296875,1.7528019890952733e-06,1524,SKQD,40,0.009765625,0.0028117166286239417,746.3333333333334,0.18221028645833334,True,2025078073
10,12,1,1.0,0.476303,0.0,0.0,-0.594078,0.14501953125,0.0029296875,1.7528019890952733e-06,1524,SKQD,52,0.0126953125,0.011201823199161956,746.3333333333334,0.18221028645833334,True,2025078073
10,12,1,1.0,0.476303,0.0,0.0,-0.594078,0.14501953125,0.0029296875,1.7528019890952733e-06,1524,SKQD,67,0.016357421875,0.017698335321734468,746.3333333333334,0.18221028645833334,True,2025078073
10,12,1,1.0,0.476303,0.0,0.0,-0.594078,0.14501953125,0.0029296875,1.7528019890952733e-06,1524,SKQD,87,0.021240234375,0.030406138756245038,746.3333333333334,0.18221028645833334,True,2025078073
10,12,1,1.0,0.476303,0.0,0.0,-0.594078,0.14501953125,0.0029296875,1.7528019890952733e-06,1524,SKQD,114,0.02783203125,0.07904494442071447,746.3333333333334,0.18221028645833334,True,2025078073
10,12,1,1.0,0.476303,0.0,0.0,-0.594078,0.14501953125,0.0029296875,1.7528019890952733e-06,1524,SKQD,148,0.0361328125,0.1378578846044848,746.3333333333334,0.18221028645833334,True,2025078073
10,12,1,1.0,0.476303,0.0,0.0,-0.594078,0.14501953125,0.0029296875,1.7528019890952733e-06,1524,SKQD,192,0.046875,0.2320190874150895,746.3333333333334,0.18221028645833334,True,2025078073
10,12,1,1.0,0.476303,0.0,0.0,-0.594078,0.14501953125,0.0029296875,1.7528019890952733e-06,1524,SKQD,250,0.06103515625,0.47401172851314505,746.3333333333334,0.18221028645833334,True,2025078073
10,12,1,1.0,0.476303,0.0,0.0,-0.594078,0.14501953125,0.0029296875,1.7528019890952733e-06,1524,SKQD,325,0.079345703125,0.5461884128570901,746.3333333333334,0.18221028645833334,True,2025078073
10,12,1,1.0,0.476303,0.0,0.0,-0.594078,0.14501953125,0.0029296875,1.7528019890952733e-06,1524,SKQD,423,0.103271484375,0.6614974249075155,746.3333333333334,0.18221028645833334,True,2025078073
10,12,1,1.0,0.476303,0.0,0.0,-0.594078,0.14501953125,0.0029296875,1.7528019890952733e-06,1524,SKQD,550,0.13427734375,0.7890324542270285,746.3333333333334,0.18221028645833334,True,2025078073
10,12,1,1.0,0.476303,0.0,0.0,-0.594078,0.14501953125,0.0029296875,1.7528019890952733e-06,1524,SKQD,715,0.174560546875,0.9684624471058417,746.3333333333334,0.18221028645833334,True,2025078073
10,12,1,1.0,0.476303,0.0,0.0,-0.594078,0.14501953125,0.0029296875,1.7528019890952733e-06,1524,SKQD,931,0.227294921875,0.9839287336106118,746.3333333333334,0.18221028645833334,True,2025078073
10,12,1,1.0,0.476303,0.0,0.0,-0.594078,0.14501953125,0.0029296875,1.7528019890952733e-06,1524,SKQD,1210,0.29541015625,0.9839287336106118,746.3333333333334,0.18221028645833334,True,2025078073
10,12,1,1.0,0.476303,0.0,0.0,-0.594078,0.14501953125,0.0029296875,1.7528019890952733e-06,1524,SKQD,1575,0.384521484375,0.9839287336106118,746.3333333333334,0.18221028645833334,True,2025078073
10,12,1,1.0,0.476303,0.0,0.0,-0.594078,0.14501953125,0.0029296875,1.7528019890952733e-06,1524,SKQD,2048,0.5,0.9839287336106118,746.3333333333334,0.18221028645833334,True,2025078073
10,12,1,1.0,0.476303,0.0,0.0,-0.594078,0.14501953125,0.0029296875,1.7528019890952733e-06,1524,Ceiling,1,0.000244140625,0.06627869779889523,2048.0,0.5,False,2025078073
10,12,1,1.0,0.476303,0.0,0.0,-0.594078,0.14501953125,0.0029296875,1.7528019890952733e-06,1524,Ceiling,2,0.00048828125,0.13255739559778995,2048.0,0.5,False,2025078073
10,12,1,1.0,0.476303,0.0,0.0,-0.594078,0.14501953125,0.0029296875,1.7528019890952733e-06,1524,Ceiling,3,0.000732421875,0.1825366119124655,2048.0,0.5,False,2025078073
10,12,1,1.0,0.476303,0.0,0.0,-0.594078,0.14501953125,0.0029296875,1.7528019890952733e-06,1524,Ceiling,4,0.0009765625,0.2325158282271404,2048.0,0.5,False,2025078073
10,12,1,1.0,0.476303,0.0,0.0,-0.594078,0.14501953125,0.0029296875,1.7528019890952733e-06,1524,Ceiling,5,0.001220703125,0.255651732981135,2048.0,0.5,False,2025078073
10,12,1,1.0,0.476303,0.0,0.0,-0.594078,0.14501953125,0.0029296875,1.7528019890952733e-06,1524,Ceiling,6,0.00146484375,0.2787876377351295,2048.0,0.5,False,2025078073
10,12,1,1.0,0.476303,0.0,0.0,-0.594078,0.14501953125,0.0029296875,1.7528019890952733e-06,1524,Ceiling,8,0.001953125,0.3250053380132246,2048.0,0.5,False,2025078073
10,12,1,1.0,0.476303,0.0,0.0,-0.594078,0.14501953125,0.0029296875,1.7528019890952733e-06,1524,Ceiling,11,0.002685546875,0.3858090935095133,2048.0,0.5,False,2025078073
10,12,1,1.0,0.476303,0.0,0.0,-0.594078,0.14501953125,0.0029296875,1.7528019890952733e-06,1524,Ceiling,14,0.00341796875,0.43231505269467346,2048.0,0.5,False,2025078073
10,12,1,1.0,0.476303,0.0,0.0,-0.594078,0.14501953125,0.0029296875,1.7528019890952733e-06,1524,Ceiling,18,0.00439453125,0.47869542013419425,2048.0,0.5,False,2025078073
10,12,1,1.0,0.476303,0.0,0.0,-0.594078,0.14501953125,0.0029296875,1.7528019890952733e-06,1524,Ceiling,23,0.005615234375,0.5260759045836749,2048.0,0.5,False,2025078073
10,12,1,1.0,0.476303,0.0,0.0,-0.594078,0.14501953125,0.0029296875,1.7528019890952733e-06,1524,Ceiling,31,0.007568359375,0.5930159939377964,2048.0,0.5,False,2025078073
10,12,1,1.0,0.476303,0.0,0.0,-0.594078,0.14501953125,0.0029296875,1.7528019890952733e-06,1524,Ceiling,40,0.009765625,0.6566081202000097,2048.0,0.5,False,2025078073
10,12,1,1.0,0.476303,0.0,0.0,-0.594078,0.14501953125,0.0029296875,1.7528019890952733e-06,1524,Ceiling,52,0.0126953125,0.7171881255297027,2048.0,0.5,False,2025078073
10,12,1,1.0,0.476303,0.0,0.0,-0.594078,0.14501953125,0.0029296875,1.7528019890952733e-06,1524,Ceiling,67,0.016357421875,0.7726750327381526,2048.0,0.5,False,2025078073
10,12,1,1.0,0.476303,0.0,0.0,-0.594078,0.14501953125,0.0029296875,1.7528019890952733e-06,1524,Ceiling,87,0.021240234375,0.8266210336179389,2048.0,0.5,False,2025078073
10,12,1,1.0,0.476303,0.0,0.0,-0.594078,0.14501953125,0.0029296875,1.7528019890952733e-06,1524,Ceiling,114,0.02783203125,0.881463531607296,2048.0,0.5,False,2025078073
10,12,1,1.0,0.476303,0.0,0.0,-0.594078,0.14501953125,0.0029296875,1.7528019890952733e-06,1524,Ceiling,148,0.0361328125,0.923052897709631,2048.0,0.5,False,2025078073
10,12,1,1.0,0.476303,0.0,0.0,-0.594078,0.14501953125,0.0029296875,1.7528019890952733e-06,1524,Ceiling,192,0.046875,0.9566991637512888,2048.0,0.5,False,2025078073
10,12,1,1.0,0.476303,0.0,0.0,-0.594078,0.14501953125,0.0029296875,1.7528019890952733e-06,1524,Ceiling,250,0.06103515625,0.9806545035524394,2048.0,0.5,False,2025078073
10,12,1,1.0,0.476303,0.0,0.0,-0.594078,0.14501953125,0.0029296875,1.7528019890952733e-06,1524,Ceiling,325,0.079345703125,0.9929520054152716,2048.0,0.5,False,2025078073
10,12,1,1.0,0.476303,0.0,0.0,-0.594078,0.14501953125,0.0029296875,1.7528019890952733e-06,1524,Ceiling,423,0.103271484375,0.9983528691124257,2048.0,0.5,False,2025078073
10,12,1,1.0,0.476303,0.0,0.0,-0.594078,0.14501953125,0.0029296875,1.7528019890952733e-06,1524,Ceiling,550,0.13427734375,0.9998793366676741,2048.0,0.5,False,2025078073
10,12,1,1.0,0.476303,0.0,0.0,-0.594078,0.14501953125,0.0029296875,1.7528019890952733e-06,1524,Ceiling,715,0.174560546875,0.9999998814171402,2048.0,0.5,False,2025078073
10,12,1,1.0,0.476303,0.0,0.0,-0.594078,0.14501953125,0.0029296875,1.7528019890952733e-06,1524,Ceiling,931,0.227294921875,1.0000000000000002,2048.0,0.5,False,2025078073
10,12,1,1.0,0.476303,0.0,0.0,-0.594078,0.14501953125,0.0029296875,1.7528019890952733e-06,1524,Ceiling,1210,0.29541015625,1.0000000000000002,2048.0,0.5,False,2025078073
10,12,1,1.0,0.476303,0.0,0.0,-0.594078,0.14501953125,0.0029296875,1.7528019890952733e-06,1524,Ceiling,1575,0.384521484375,1.0000000000000002,2048.0,0.5,False,2025078073
10,12,1,1.0,0.476303,0.0,0.0,-0.594078,0.14501953125,0.0029296875,1.7528019890952733e-06,1524,Ceiling,2048,0.5,1.0000000000000002,2048.0,0.5,False,2025078073
10,12,1,1.0,0.476303,0.0,0.0,-0.594078,0.14501953125,0.0029296875,0.0007526165547501927,1769,BARK,1,0.000244140625,0.0007526165547501927,792.0,0.193359375,True,2025078073
10,12,1,1.0,0.476303,0.0,0.0,-0.594078,0.14501953125,0.0029296875,0.0007526165547501927,1769,BARK,2,0.00048828125,0.0017724681735549904,792.0,0.193359375,True,2025078073
10,12,1,1.0,0.476303,0.0,0.0,-0.594078,0.14501953125,0.0029296875,0.0007526165547501927,1769,BARK,3,0.000732421875,0.0050753166318527,792.0,0.193359375,True,2025078073
10,12,1,1.0,0.476303,0.0,0.0,-0.594078,0.14501953125,0.0029296875,0.0007526165547501927,1769,BARK,4,0.0009765625,0.005818076088588916,792.0,0.193359375,True,2025078073
10,12,1,1.0,0.476303,0.0,0.0,-0.594078,0.14501953125,0.0029296875,0.0007526165547501927,1769,BARK,5,0.001220703125,0.00789391489383477,792.0,0.193359375,True,2025078073
10,12,1,1.0,0.476303,0.0,0.0,-0.594078,0.14501953125,0.0029296875,0.0007526165547501927,1769,BARK,6,0.00146484375,0.007758963991532814,792.0,0.193359375,True,2025078073
10,12,1,1.0,0.476303,0.0,0.0,-0.594078,0.14501953125,0.0029296875,0.0007526165547501927,1769,BARK,8,0.001953125,0.007971622358833629,792.0,0.193359375,True,2025078073
10,12,1,1.0,0.476303,0.0,0.0,-0.594078,0.14501953125,0.0029296875,0.0007526165547501927,1769,BARK,11,0.002685546875,0.023087783674727892,792.0,0.193359375,True,2025078073
10,12,1,1.0,0.476303,0.0,0.0,-0.594078,0.14501953125,0.0029296875,0.0007526165547501927,1769,BARK,14,0.00341796875,0.052513664322746054,792.0,0.193359375,True,2025078073
10,12,1,1.0,0.476303,0.0,0.0,-0.594078,0.14501953125,0.0029296875,0.0007526165547501927,1769,BARK,18,0.00439453125,0.05916332702608416,792.0,0.193359375,True,2025078073
10,12,1,1.0,0.476303,0.0,0.0,-0.594078,0.14501953125,0.0029296875,0.0007526165547501927,1769,BARK,23,0.005615234375,0.06455732736914707,792.0,0.193359375,True,2025078073
10,12,1,1.0,0.476303,0.0,0.0,-0.594078,0.14501953125,0.0029296875,0.0007526165547501927,1769,BARK,31,0.007568359375,0.1162334639756299,792.0,0.193359375,True,2025078073
10,12,1,1.0,0.476303,0.0,0.0,-0.594078,0.14501953125,0.0029296875,0.0007526165547501927,1769,BARK,40,0.009765625,0.11947335123592442,792.0,0.193359375,True,2025078073
10,12,1,1.0,0.476303,0.0,0.0,-0.594078,0.14501953125,0.0029296875,0.0007526165547501927,1769,BARK,52,0.0126953125,0.1193732128756135,792.0,0.193359375,True,2025078073
10,12,1,1.0,0.476303,0.0,0.0,-0.594078,0.14501953125,0.0029296875,0.0007526165547501927,1769,BARK,67,0.016357421875,0.11470468256665015,792.0,0.193359375,True,2025078073
10,12,1,1.0,0.476303,0.0,0.0,-0.594078,0.14501953125,0.0029296875,0.0007526165547501927,1769,BARK,87,0.021240234375,0.11426781798427736,792.0,0.193359375,True,2025078073
10,12,1,1.0,0.476303,0.0,0.0,-0.594078,0.14501953125,0.0029296875,0.0007526165547501927,1769,BARK,114,0.02783203125,0.11418227488807105,792.0,0.193359375,True,2025078073
10,12,1,1.0,0.476303,0.0,0.0,-0.594078,0.14501953125,0.0029296875,0.0007526165547501927,1769,BARK,148,0.0361328125,0.12003880901232962,792.0,0.193359375,True,2025078073
10,12,1,1.0,0.476303,0.0,0.0,-0.594078,0.14501953125,0.0029296875,0.0007526165547501927,1769,BARK,192,0.046875,0.18069371101582102,792.0,0.193359375,True,2025078073
10,12,1,1.0,0.476303,0.0,0.0,-0.594078,0.14501953125,0.0029296875,0.0007526165547501927,1769,BARK,250,0.06103515625,0.23439060481992813,792.0,0.193359375,True,2025078073
10,12,1,1.0,0.476303,0.0,0.0,-0.594078,0.14501953125,0.0029296875,0.0007526165547501927,1769,BARK,325,0.079345703125,0.35960542993725464,792.0,0.193359375,True,2025078073
10,12,1,1.0,0.476303,0.0,0.0,-0.594078,0.14501953125,0.0029296875,0.0007526165547501927,1769,BARK,423,0.103271484375,0.5994769377485981,792.0,0.193359375,True,2025078073
10,12,1,1.0,0.476303,0.0,0.0,-0.594078,0.14501953125,0.0029296875,0.0007526165547501927,1769,BARK,550,0.13427734375,0.7531052498531556,792.0,0.193359375,True,2025078073
10,12,1,1.0,0.476303,0.0,0.0,-0.594078,0.14501953125,0.0029296875,0.0007526165547501927,1769,BARK,715,0.174560546875,0.9976645643759033,792.0,0.193359375,True,2025078073
10,12,1,1.0,0.476303,0.0,0.0,-0.594078,0.14501953125,0.0029296875,0.0007526165547501927,1769,BARK,931,0.227294921875,1.0,792.0,0.193359375,True,2025078073
10,12,1,1.0,0.476303,0.0,0.0,-0.594078,0.14501953125,0.0029296875,0.0007526165547501927,1769,BARK,1210,0.29541015625,1.0,792.0,0.193359375,True,2025078073
10,12,1,1.0,0.476303,0.0,0.0,-0.594078,0.14501953125,0.0029296875,0.0007526165547501927,1769,BARK,1575,0.384521484375,1.0,792.0,0.193359375,True,2025078073
10,12,1,1.0,0.476303,0.0,0.0,-0.594078,0.14501953125,0.0029296875,0.0007526165547501927,1769,BARK,2048,0.5,1.0,792.0,0.193359375,True,2025078073
10,12,1,1.0,0.476303,0.0,0.0,-0.594078,0.14501953125,0.0029296875,0.0007526165547501927,1769,Simplified BARK,1,0.000244140625,0.0007526165547501927,792.0,0.193359375,True,2025078073
10,12,1,1.0,0.476303,0.0,0.0,-0.594078,0.14501953125,0.0029296875,0.0007526165547501927,1769,Simplified BARK,2,0.00048828125,0.0008869193152485329,792.0,0.193359375,True,2025078073
10,12,1,1.0,0.476303,0.0,0.0,-0.594078,0.14501953125,0.0029296875,0.0007526165547501927,1769,Simplified BARK,3,0.000732421875,0.0008332460477967864,792.0,0.193359375,True,2025078073
10,12,1,1.0,0.476303,0.0,0.0,-0.594078,0.14501953125,0.0029296875,0.0007526165547501927,1769,Simplified BARK,4,0.0009765625,0.0008468216349902828,792.0,0.193359375,True,2025078073
10,12,1,1.0,0.476303,0.0,0.0,-0.594078,0.14501953125,0.0029296875,0.0007526165547501927,1769,Simplified BARK,5,0.001220703125,0.0008589503874205413,792.0,0.193359375,True,2025078073
10,12,1,1.0,0.476303,0.0,0.0,-0.594078,0.14501953125,0.0029296875,0.0007526165547501927,1769,Simplified BARK,6,0.00146484375,0.0008628713311467014,792.0,0.193359375,True,2025078073
10,12,1,1.0,0.476303,0.0,0.0,-0.594078,0.14501953125,0.0029296875,0.0007526165547501927,1769,Simplified BARK,8,0.001953125,0.0008636882397282913,792.0,0.193359375,True,2025078073
10,12,1,1.0,0.476303,0.0,0.0,-0.594078,0.14501953125,0.0029296875,0.0007526165547501927,1769,Simplified BARK,11,0.002685546875,0.0008637082560115869,792.0,0.193359375,True,2025078073
10,12,1,1.0,0.476303,0.0,0.0,-0.594078,0.14501953125,0.0029296875,0.0007526165547501927,1769,Simplified BARK,14,0.00341796875,0.0008637086380395705,792.0,0.193359375,True,2025078073
10,12,1,1.0,0.476303,0.0,0.0,-0.594078,0.14501953125,0.0029296875,0.0007526165547501927,1769,Simplified BARK,18,0.00439453125,0.000863708638253651,792.0,0.193359375,True,2025078073
10,12,1,1.0,0.476303,0.0,0.0,-0.594078,0.14501953125,0.0029296875,0.0007526165547501927,1769,Simplified BARK,23,0.005615234375,0.0008637086384160537,792.0,0.193359375,True,2025078073
10,12,1,1.0,0.476303,0.0,0.0,-0.594078,0.14501953125,0.0029296875,0.0007526165547501927,1769,Simplified BARK,31,0.007568359375,0.0008637090931993861,792.0,0.193359375,True,2025078073
10,12,1,1.0,0.476303,0.0,0.0,-0.594078,0.14501953125,0.0029296875,0.0007526165547501927,1769,Simplified BARK,40,0.009765625,1.0371326247216384e-06,792.0,0.193359375,True,2025078073
10,12,1,1.0,0.476303,0.0,0.0,-0.594078,0.14501953125,0.0029296875,0.0007526165547501927,1769,Simplified BARK,52,0.0126953125,2.875098304419308e-07,792.0,0.193359375,True,2025078073
10,12,1,1.0,0.476303,0.0,0.0,-0.594078,0.14501953125,0.0029296875,0.0007526165547501927,1769,Simplified BARK,67,0.016357421875,7.290564268107811e-05,792.0,0.193359375,True,2025078073
10,12,1,1.0,0.476303,0.0,0.0,-0.594078,0.14501953125,0.0029296875,0.0007526165547501927,1769,Simplified BARK,87,0.021240234375,0.0005368463378510597,792.0,0.193359375,True,2025078073
10,12,1,1.0,0.476303,0.0,0.0,-0.594078,0.14501953125,0.0029296875,0.0007526165547501927,1769,Simplified BARK,114,0.02783203125,0.0018573384926827484,792.0,0.193359375,True,2025078073
10,12,1,1.0,0.476303,0.0,0.0,-0.594078,0.14501953125,0.0029296875,0.0007526165547501927,1769,Simplified BARK,148,0.0361328125,0.0016931008720701434,792.0,0.193359375,True,2025078073
10,12,1,1.0,0.476303,0.0,0.0,-0.594078,0.14501953125,0.0029296875,0.0007526165547501927,1769,Simplified BARK,192,0.046875,0.04929782999797665,792.0,0.193359375,True,2025078073
10,12,1,1.0,0.476303,0.0,0.0,-0.594078,0.14501953125,0.0029296875,0.0007526165547501927,1769,Simplified BARK,250,0.06103515625,0.14913125192966892,792.0,0.193359375,True,2025078073
10,12,1,1.0,0.476303,0.0,0.0,-0.594078,0.14501953125,0.0029296875,0.0007526165547501927,1769,Simplified BARK,325,0.079345703125,0.2001528109169247,792.0,0.193359375,True,2025078073
10,12,1,1.0,0.476303,0.0,0.0,-0.594078,0.14501953125,0.0029296875,0.0007526165547501927,1769,Simplified BARK,423,0.103271484375,0.21779423700866934,792.0,0.193359375,True,2025078073
10,12,1,1.0,0.476303,0.0,0.0,-0.594078,0.14501953125,0.0029296875,0.0007526165547501927,1769,Simplified BARK,550,0.13427734375,0.8374804827434137,792.0,0.193359375,True,2025078073
10,12,1,1.0,0.476303,0.0,0.0,-0.594078,0.14501953125,0.0029296875,0.0007526165547501927,1769,Simplified BARK,715,0.174560546875,0.9996469068475641,792.0,0.193359375,True,2025078073
10,12,1,1.0,0.476303,0.0,0.0,-0.594078,0.14501953125,0.0029296875,0.0007526165547501927,1769,Simplified BARK,931,0.227294921875,1.0000000000000009,792.0,0.193359375,True,2025078073
10,12,1,1.0,0.476303,0.0,0.0,-0.594078,0.14501953125,0.0029296875,0.0007526165547501927,1769,Simplified BARK,1210,0.29541015625,1.0000000000000009,792.0,0.193359375,True,2025078073
10,12,1,1.0,0.476303,0.0,0.0,-0.594078,0.14501953125,0.0029296875,0.0007526165547501927,1769,Simplified BARK,1575,0.384521484375,1.0000000000000009,792.0,0.193359375,True,2025078073
10,12,1,1.0,0.476303,0.0,0.0,-0.594078,0.14501953125,0.0029296875,0.0007526165547501927,1769,Simplified BARK,2048,0.5,1.0000000000000009,792.0,0.193359375,True,2025078073
10,12,1,1.0,0.476303,0.0,0.0,-0.594078,0.14501953125,0.0029296875,0.0007526165547501927,1769,SKQD,1,0.000244140625,0.0007526165547501927,778.6666666666666,0.19010416666666666,True,2025078073
10,12,1,1.0,0.476303,0.0,0.0,-0.594078,0.14501953125,0.0029296875,0.0007526165547501927,1769,SKQD,2,0.00048828125,0.0007526165547501927,778.6666666666666,0.19010416666666666,True,2025078073
10,12,1,1.0,0.476303,0.0,0.0,-0.594078,0.14501953125,0.0029296875,0.0007526165547501927,1769,SKQD,3,0.000732421875,0.0007526165547501927,778.6666666666666,0.19010416666666666,True,2025078073
10,12,1,1.0,0.476303,0.0,0.0,-0.594078,0.14501953125,0.0029296875,0.0007526165547501927,1769,SKQD,4,0.0009765625,0.0007526165547501927,778.6666666666666,0.19010416666666666,True,2025078073
10,12,1,1.0,0.476303,0.0,0.0,-0.594078,0.14501953125,0.0029296875,0.0007526165547501927,1769,SKQD,5,0.001220703125,0.0007526165547501927,778.6666666666666,0.19010416666666666,True,2025078073
10,12,1,1.0,0.476303,0.0,0.0,-0.594078,0.14501953125,0.0029296875,0.0007526165547501927,1769,SKQD,6,0.00146484375,0.0007526165547501927,778.6666666666666,0.19010416666666666,True,2025078073
10,12,1,1.0,0.476303,0.0,0.0,-0.594078,0.14501953125,0.0029296875,0.0007526165547501927,1769,SKQD,8,0.001953125,0.0007526165547501927,778.6666666666666,0.19010416666666666,True,2025078073
10,12,1,1.0,0.476303,0.0,0.0,-0.594078,0.14501953125,0.0029296875,0.0007526165547501927,1769,SKQD,11,0.002685546875,0.0007526165547501927,778.6666666666666,0.19010416666666666,True,2025078073
10,12,1,1.0,0.476303,0.0,0.0,-0.594078,0.14501953125,0.0029296875,0.0007526165547501927,1769,SKQD,14,0.00341796875,0.005190413995869325,778.6666666666666,0.19010416666666666,True,2025078073
10,12,1,1.0,0.476303,0.0,0.0,-0.594078,0.14501953125,0.0029296875,0.0007526165547501927,1769,SKQD,18,0.00439453125,0.0202536876535914,778.6666666666666,0.19010416666666666,True,2025078073
10,12,1,1.0,0.476303,0.0,0.0,-0.594078,0.14501953125,0.0029296875,0.0007526165547501927,1769,SKQD,23,0.005615234375,0.0202536876535914,778.6666666666666,0.19010416666666666,True,2025078073
10,12,1,1.0,0.476303,0.0,0.0,-0.594078,0.14501953125,0.0029296875,0.0007526165547501927,1769,SKQD,31,0.007568359375,0.0202536876535914,778.6666666666666,0.19010416666666666,True,2025078073
10,12,1,1.0,0.476303,0.0,0.0,-0.594078,0.14501953125,0.0029296875,0.0007526165547501927,1769,SKQD,40,0.009765625,0.09940838281639923,778.6666666666666,0.19010416666666666,True,2025078073
10,12,1,1.0,0.476303,0.0,0.0,-0.594078,0.14501953125,0.0029296875,0.0007526165547501927,1769,SKQD,52,0.0126953125,0.09940838281639923,778.6666666666666,0.19010416666666666,True,2025078073
10,12,1,1.0,0.476303,0.0,0.0,-0.594078,0.14501953125,0.0029296875,0.0007526165547501927,1769,SKQD,67,0.016357421875,0.09940838281639923,778.6666666666666,0.19010416666666666,True,2025078073
10,12,1,1.0,0.476303,0.0,0.0,-0.594078,0.14501953125,0.0029296875,0.0007526165547501927,1769,SKQD,87,0.021240234375,0.1849035686590201,778.6666666666666,0.19010416666666666,True,2025078073
10,12,1,1.0,0.476303,0.0,0.0,-0.594078,0.14501953125,0.0029296875,0.0007526165547501927,1769,SKQD,114,0.02783203125,0.2640322510621797,778.6666666666666,0.19010416666666666,True,2025078073
10,12,1,1.0,0.476303,0.0,0.0,-0.594078,0.14501953125,0.0029296875,0.0007526165547501927,1769,SKQD,148,0.0361328125,0.31190196063051806,778.6666666666666,0.19010416666666666,True,2025078073
10,12,1,1.0,0.476303,0.0,0.0,-0.594078,0.14501953125,0.0029296875,0.0007526165547501927,1769,SKQD,192,0.046875,0.36357125549314856,778.6666666666666,0.19010416666666666,True,2025078073
10,12,1,1.0,0.476303,0.0,0.0,-0.594078,0.14501953125,0.0029296875,0.0007526165547501927,1769,SKQD,250,0.06103515625,0.39730984951040504,778.6666666666666,0.19010416666666666,True,2025078073
10,12,1,1.0,0.476303,0.0,0.0,-0.594078,0.14501953125,0.0029296875,0.0007526165547501927,1769,SKQD,325,0.079345703125,0.5159987085218501,778.6666666666666,0.19010416666666666,True,2025078073
10,12,1,1.0,0.476303,0.0,0.0,-0.594078,0.14501953125,0.0029296875,0.0007526165547501927,1769,SKQD,423,0.103271484375,0.5965232563759683,778.6666666666666,0.19010416666666666,True,2025078073
10,12,1,1.0,0.476303,0.0,0.0,-0.594078,0.14501953125,0.0029296875,0.0007526165547501927,1769,SKQD,550,0.13427734375,0.7553336337889217,778.6666666666666,0.19010416666666666,True,2025078073
10,12,1,1.0,0.476303,0.0,0.0,-0.594078,0.14501953125,0.0029296875,0.0007526165547501927,1769,SKQD,715,0.174560546875,0.9836868123512855,778.6666666666666,0.19010416666666666,True,2025078073
10,12,1,1.0,0.476303,0.0,0.0,-0.594078,0.14501953125,0.0029296875,0.0007526165547501927,1769,SKQD,931,0.227294921875,0.9964651902036913,778.6666666666666,0.19010416666666666,True,2025078073
10,12,1,1.0,0.476303,0.0,0.0,-0.594078,0.14501953125,0.0029296875,0.0007526165547501927,1769,SKQD,1210,0.29541015625,0.9964651902036913,778.6666666666666,0.19010416666666666,True,2025078073
10,12,1,1.0,0.476303,0.0,0.0,-0.594078,0.14501953125,0.0029296875,0.0007526165547501927,1769,SKQD,1575,0.384521484375,0.9964651902036913,778.6666666666666,0.19010416666666666,True,2025078073
10,12,1,1.0,0.476303,0.0,0.0,-0.594078,0.14501953125,0.0029296875,0.0007526165547501927,1769,SKQD,2048,0.5,0.9964651902036913,778.6666666666666,0.19010416666666666,True,2025078073
10,12,1,1.0,0.476303,0.0,0.0,-0.594078,0.14501953125,0.0029296875,0.0007526165547501927,1769,Ceiling,1,0.000244140625,0.06627869779889523,2048.0,0.5,False,2025078073
10,12,1,1.0,0.476303,0.0,0.0,-0.594078,0.14501953125,0.0029296875,0.0007526165547501927,1769,Ceiling,2,0.00048828125,0.13255739559778995,2048.0,0.5,False,2025078073
10,12,1,1.0,0.476303,0.0,0.0,-0.594078,0.14501953125,0.0029296875,0.0007526165547501927,1769,Ceiling,3,0.000732421875,0.1825366119124655,2048.0,0.5,False,2025078073
10,12,1,1.0,0.476303,0.0,0.0,-0.594078,0.14501953125,0.0029296875,0.0007526165547501927,1769,Ceiling,4,0.0009765625,0.2325158282271404,2048.0,0.5,False,2025078073
10,12,1,1.0,0.476303,0.0,0.0,-0.594078,0.14501953125,0.0029296875,0.0007526165547501927,1769,Ceiling,5,0.001220703125,0.255651732981135,2048.0,0.5,False,2025078073
10,12,1,1.0,0.476303,0.0,0.0,-0.594078,0.14501953125,0.0029296875,0.0007526165547501927,1769,Ceiling,6,0.00146484375,0.2787876377351295,2048.0,0.5,False,2025078073
10,12,1,1.0,0.476303,0.0,0.0,-0.594078,0.14501953125,0.0029296875,0.0007526165547501927,1769,Ceiling,8,0.001953125,0.3250053380132246,2048.0,0.5,False,2025078073
10,12,1,1.0,0.476303,0.0,0.0,-0.594078,0.14501953125,0.0029296875,0.0007526165547501927,1769,Ceiling,11,0.002685546875,0.3858090935095133,2048.0,0.5,False,2025078073
10,12,1,1.0,0.476303,0.0,0.0,-0.594078,0.14501953125,0.0029296875,0.0007526165547501927,1769,Ceiling,14,0.00341796875,0.43231505269467346,2048.0,0.5,False,2025078073
10,12,1,1.0,0.476303,0.0,0.0,-0.594078,0.14501953125,0.0029296875,0.0007526165547501927,1769,Ceiling,18,0.00439453125,0.47869542013419425,2048.0,0.5,False,2025078073
10,12,1,1.0,0.476303,0.0,0.0,-0.594078,0.14501953125,0.0029296875,0.0007526165547501927,1769,Ceiling,23,0.005615234375,0.5260759045836749,2048.0,0.5,False,2025078073
10,12,1,1.0,0.476303,0.0,0.0,-0.594078,0.14501953125,0.0029296875,0.0007526165547501927,1769,Ceiling,31,0.007568359375,0.5930159939377964,2048.0,0.5,False,2025078073
10,12,1,1.0,0.476303,0.0,0.0,-0.594078,0.14501953125,0.0029296875,0.0007526165547501927,1769,Ceiling,40,0.009765625,0.6566081202000097,2048.0,0.5,False,2025078073
10,12,1,1.0,0.476303,0.0,0.0,-0.594078,0.14501953125,0.0029296875,0.0007526165547501927,1769,Ceiling,52,0.0126953125,0.7171881255297027,2048.0,0.5,False,2025078073
10,12,1,1.0,0.476303,0.0,0.0,-0.594078,0.14501953125,0.0029296875,0.0007526165547501927,1769,Ceiling,67,0.016357421875,0.7726750327381526,2048.0,0.5,False,2025078073
10,12,1,1.0,0.476303,0.0,0.0,-0.594078,0.14501953125,0.0029296875,0.0007526165547501927,1769,Ceiling,87,0.021240234375,0.8266210336179389,2048.0,0.5,False,2025078073
10,12,1,1.0,0.476303,0.0,0.0,-0.594078,0.14501953125,0.0029296875,0.0007526165547501927,1769,Ceiling,114,0.02783203125,0.881463531607296,2048.0,0.5,False,2025078073
10,12,1,1.0,0.476303,0.0,0.0,-0.594078,0.14501953125,0.0029296875,0.0007526165547501927,1769,Ceiling,148,0.0361328125,0.923052897709631,2048.0,0.5,False,2025078073
10,12,1,1.0,0.476303,0.0,0.0,-0.594078,0.14501953125,0.0029296875,0.0007526165547501927,1769,Ceiling,192,0.046875,0.9566991637512888,2048.0,0.5,False,2025078073
10,12,1,1.0,0.476303,0.0,0.0,-0.594078,0.14501953125,0.0029296875,0.0007526165547501927,1769,Ceiling,250,0.06103515625,0.9806545035524394,2048.0,0.5,False,2025078073
10,12,1,1.0,0.476303,0.0,0.0,-0.594078,0.14501953125,0.0029296875,0.0007526165547501927,1769,Ceiling,325,0.079345703125,0.9929520054152716,2048.0,0.5,False,2025078073
10,12,1,1.0,0.476303,0.0,0.0,-0.594078,0.14501953125,0.0029296875,0.0007526165547501927,1769,Ceiling,423,0.103271484375,0.9983528691124257,2048.0,0.5,False,2025078073
10,12,1,1.0,0.476303,0.0,0.0,-0.594078,0.14501953125,0.0029296875,0.0007526165547501927,1769,Ceiling,550,0.13427734375,0.9998793366676741,2048.0,0.5,False,2025078073
10,12,1,1.0,0.476303,0.0,0.0,-0.594078,0.14501953125,0.0029296875,0.0007526165547501927,1769,Ceiling,715,0.174560546875,0.9999998814171402,2048.0,0.5,False,2025078073
10,12,1,1.0,0.476303,0.0,0.0,-0.594078,0.14501953125,0.0029296875,0.0007526165547501927,1769,Ceiling,931,0.227294921875,1.0000000000000002,2048.0,0.5,False,2025078073
10,12,1,1.0,0.476303,0.0,0.0,-0.594078,0.14501953125,0.0029296875,0.0007526165547501927,1769,Ceiling,1210,0.29541015625,1.0000000000000002,2048.0,0.5,False,2025078073
10,12,1,1.0,0.476303,0.0,0.0,-0.594078,0.14501953125,0.0029296875,0.0007526165547501927,1769,Ceiling,1575,0.384521484375,1.0000000000000002,2048.0,0.5,False,2025078073
10,12,1,1.0,0.476303,0.0,0.0,-0.594078,0.14501953125,0.0029296875,0.0007526165547501927,1769,Ceiling,2048,0.5,1.0000000000000002,2048.0,0.5,False,2025078073
10,12,1,1.0,0.476303,0.0,0.0,-0.594078,0.14501953125,0.0029296875,4.3994771242496265e-05,925,BARK,1,0.000244140625,4.3994771242496265e-05,792.0,0.193359375,True,2025078073
10,12,1,1.0,0.476303,0.0,0.0,-0.594078,0.14501953125,0.0029296875,4.3994771242496265e-05,925,BARK,2,0.00048828125,0.0005015297970493804,792.0,0.193359375,True,2025078073
10,12,1,1.0,0.476303,0.0,0.0,-0.594078,0.14501953125,0.0029296875,4.3994771242496265e-05,925,BARK,3,0.000732421875,0.009370321090213818,792.0,0.193359375,True,2025078073
10,12,1,1.0,0.476303,0.0,0.0,-0.594078,0.14501953125,0.0029296875,4.3994771242496265e-05,925,BARK,4,0.0009765625,0.009372929640362071,792.0,0.193359375,True,2025078073
10,12,1,1.0,0.476303,0.0,0.0,-0.594078,0.14501953125,0.0029296875,4.3994771242496265e-05,925,BARK,5,0.001220703125,0.00921760126949694,792.0,0.193359375,True,2025078073
10,12,1,1.0,0.476303,0.0,0.0,-0.594078,0.14501953125,0.0029296875,4.3994771242496265e-05,925,BARK,6,0.00146484375,0.009245335937246427,792.0,0.193359375,True,2025078073
10,12,1,1.0,0.476303,0.0,0.0,-0.594078,0.14501953125,0.0029296875,4.3994771242496265e-05,925,BARK,8,0.001953125,0.008697600102381353,792.0,0.193359375,True,2025078073
10,12,1,1.0,0.476303,0.0,0.0,-0.594078,0.14501953125,0.0029296875,4.3994771242496265e-05,925,BARK,11,0.002685546875,0.02165986739590557,792.0,0.193359375,True,2025078073
10,12,1,1.0,0.476303,0.0,0.0,-0.594078,0.14501953125,0.0029296875,4.3994771242496265e-05,925,BARK,14,0.00341796875,0.0824239114646447,792.0,0.193359375,True,2025078073
10,12,1,1.0,0.476303,0.0,0.0,-0.594078,0.14501953125,0.0029296875,4.3994771242496265e-05,925,BARK,18,0.00439453125,0.09121686193540911,792.0,0.193359375,True,2025078073
10,12,1,1.0,0.476303,0.0,0.0,-0.594078,0.14501953125,0.0029296875,4.3994771242496265e-05,925,BARK,23,0.005615234375,0.10151910235102979,792.0,0.193359375,True,2025078073
10,12,1,1.0,0.476303,0.0,0.0,-0.594078,0.14501953125,0.0029296875,4.3994771242496265e-05,925,BARK,31,0.007568359375,0.10223030350780732,792.0,0.193359375,True,2025078073
10,12,1,1.0,0.476303,0.0,0.0,-0.594078,0.14501953125,0.0029296875,4.3994771242496265e-05,925,BARK,40,0.009765625,0.10235110732036017,792.0,0.193359375,True,2025078073
10,12,1,1.0,0.476303,0.0,0.0,-0.594078,0.14501953125,0.0029296875,4.3994771242496265e-05,925,BARK,52,0.0126953125,0.10235977180800732,792.0,0.193359375,True,2025078073
10,12,1,1.0,0.476303,0.0,0.0,-0.594078,0.14501953125,0.0029296875,4.3994771242496265e-05,925,BARK,67,0.016357421875,0.10235987335823579,792.0,0.193359375,True,2025078073
10,12,1,1.0,0.476303,0.0,0.0,-0.594078,0.14501953125,0.0029296875,4.3994771242496265e-05,925,BARK,87,0.021240234375,0.1023600093210049,792.0,0.193359375,True,2025078073
10,12,1,1.0,0.476303,0.0,0.0,-0.594078,0.14501953125,0.0029296875,4.3994771242496265e-05,925,BARK,114,0.02783203125,0.10236024357132684,792.0,0.193359375,True,2025078073
10,12,1,1.0,0.476303,0.0,0.0,-0.594078,0.14501953125,0.0029296875,4.3994771242496265e-05,925,BARK,148,0.0361328125,0.11096222163261141,792.0,0.193359375,True,2025078073
10,12,1,1.0,0.476303,0.0,0.0,-0.594078,0.14501953125,0.0029296875,4.3994771242496265e-05,925,BARK,192,0.046875,0.060185158868639566,792.0,0.193359375,True,2025078073
10,12,1,1.0,0.476303,0.0,0.0,-0.594078,0.14501953125,0.0029296875,4.3994771242496265e-05,925,BARK,250,0.06103515625,0.1845690642682031,792.0,0.193359375,True,2025078073
10,12,1,1.0,0.476303,0.0,0.0,-0.594078,0.14501953125,0.0029296875,4.3994771242496265e-05,925,BARK,325,0.079345703125,0.2719739370990722,792.0,0.193359375,True,2025078073
10,12,1,1.0,0.476303,0.0,0.0,-0.594078,0.14501953125,0.0029296875,4.3994771242496265e-05,925,BARK,423,0.103271484375,0.5930920473692209,792.0,0.193359375,True,2025078073
10,12,1,1.0,0.476303,0.0,0.0,-0.594078,0.14501953125,0.0029296875,4.3994771242496265e-05,925,BARK,550,0.13427734375,0.7304852825308202,792.0,0.193359375,True,2025078073
10,12,1,1.0,0.476303,0.0,0.0,-0.594078,0.14501953125,0.0029296875,4.3994771242496265e-05,925,BARK,715,0.174560546875,0.999108025944855,792.0,0.193359375,True,2025078073
10,12,1,1.0,0.476303,0.0,0.0,-0.594078,0.14501953125,0.0029296875,4.3994771242496265e-05,925,BARK,931,0.227294921875,1.0000000000000004,792.0,0.193359375,True,2025078073
10,12,1,1.0,0.476303,0.0,0.0,-0.594078,0.14501953125,0.0029296875,4.3994771242496265e-05,925,BARK,1210,0.29541015625,1.0000000000000004,792.0,0.193359375,True,2025078073
10,12,1,1.0,0.476303,0.0,0.0,-0.594078,0.14501953125,0.0029296875,4.3994771242496265e-05,925,BARK,1575,0.384521484375,1.0000000000000004,792.0,0.193359375,True,2025078073
10,12,1,1.0,0.476303,0.0,0.0,-0.594078,0.14501953125,0.0029296875,4.3994771242496265e-05,925,BARK,2048,0.5,1.0000000000000004,792.0,0.193359375,True,2025078073
10,12,1,1.0,0.476303,0.0,0.0,-0.594078,0.14501953125,0.0029296875,4.3994771242496265e-05,925,Simplified BARK,1,0.000244140625,4.3994771242496265e-05,792.0,0.193359375,True,2025078073
10,12,1,1.0,0.476303,0.0,0.0,-0.594078,0.14501953125,0.0029296875,4.3994771242496265e-05,925,Simplified BARK,2,0.00048828125,0.00011996882679559785,792.0,0.193359375,True,2025078073
10,12,1,1.0,0.476303,0.0,0.0,-0.594078,0.14501953125,0.0029296875,4.3994771242496265e-05,925,Simplified BARK,3,0.000732421875,0.00011291537075227163,792.0,0.193359375,True,2025078073
10,12,1,1.0,0.476303,0.0,0.0,-0.594078,0.14501953125,0.0029296875,4.3994771242496265e-05,925,Simplified BARK,4,0.0009765625,0.00010292161610255984,792.0,0.193359375,True,2025078073
10,12,1,1.0,0.476303,0.0,0.0,-0.594078,0.14501953125,0.0029296875,4.3994771242496265e-05,925,Simplified BARK,5,0.001220703125,0.00010125893066141712,792.0,0.193359375,True,2025078073
10,12,1,1.0,0.476303,0.0,0.0,-0.594078,0.14501953125,0.0029296875,4.3994771242496265e-05,925,Simplified BARK,6,0.00146484375,0.00010098525737844635,792.0,0.193359375,True,2025078073
10,12,1,1.0,0.476303,0.0,0.0,-0.594078,0.14501953125,0.0029296875,4.3994771242496265e-05,925,Simplified BARK,8,0.001953125,0.00010096006470257901,792.0,0.193359375,True,2025078073
10,12,1,1.0,0.476303,0.0,0.0,-0.594078,0.14501953125,0.0029296875,4.3994771242496265e-05,925,Simplified BARK,11,0.002685546875,0.00010096002728736777,792.0,0.193359375,True,2025078073
10,12,1,1.0,0.476303,0.0,0.0,-0.594078,0.14501953125,0.0029296875,4.3994771242496265e-05,925,Simplified BARK,14,0.00341796875,0.00010095904050167913,792.0,0.193359375,True,2025078073
10,12,1,1.0,0.476303,0.0,0.0,-0.594078,0.14501953125,0.0029296875,4.3994771242496265e-05,925,Simplified BARK,18,0.00439453125,0.00010095908809729635,792.0,0.193359375,True,2025078073
10,12,1,1.0,0.476303,0.0,0.0,-0.594078,0.14501953125,0.0029296875,4.3994771242496265e-05,925,Simplified BARK,23,0.005615234375,0.00010082950216686459,792.0,0.193359375,True,2025078073
10,12,1,1.0,0.476303,0.0,0.0,-0.594078,0.14501953125,0.0029296875,4.3994771242496265e-05,925,Simplified BARK,31,0.007568359375,6.680423866925703e-05,792.0,0.193359375,True,2025078073
10,12,1,1.0,0.476303,0.0,0.0,-0.594078,0.14501953125,0.0029296875,4.3994771242496265e-05,925,Simplified BARK,40,0.009765625,5.5099779739246846e-05,792.0,0.193359375,True,2025078073
10,12,1,1.0,0.476303,0.0,0.0,-0.594078,0.14501953125,0.0029296875,4.3994771242496265e-05,925,Simplified BARK,52,0.0126953125,1.3499066539150936e-05,792.0,0.193359375,True,2025078073
10,12,1,1.0,0.476303,0.0,0.0,-0.594078,0.14501953125,0.0029296875,4.3994771242496265e-05,925,Simplified BARK,67,0.016357421875,0.00010361914129350206,792.0,0.193359375,True,2025078073
10,12,1,1.0,0.476303,0.0,0.0,-0.594078,0.14501953125,0.0029296875,4.3994771242496265e-05,925,Simplified BARK,87,0.021240234375,0.0006187219971465493,792.0,0.193359375,True,2025078073
10,12,1,1.0,0.476303,0.0,0.0,-0.594078,0.14501953125,0.0029296875,4.3994771242496265e-05,925,Simplified BARK,114,0.02783203125,0.0018840139379450009,792.0,0.193359375,True,2025078073
10,12,1,1.0,0.476303,0.0,0.0,-0.594078,0.14501953125,0.0029296875,4.3994771242496265e-05,925,Simplified BARK,148,0.0361328125,0.001705601033660299,792.0,0.193359375,True,2025078073
10,12,1,1.0,0.476303,0.0,0.0,-0.594078,0.14501953125,0.0029296875,4.3994771242496265e-05,925,Simplified BARK,192,0.046875,0.05322144813578249,792.0,0.193359375,True,2025078073
10,12,1,1.0,0.476303,0.0,0.0,-0.594078,0.14501953125,0.0029296875,4.3994771242496265e-05,925,Simplified BARK,250,0.06103515625,0.14900850983743547,792.0,0.193359375,True,2025078073
10,12,1,1.0,0.476303,0.0,0.0,-0.594078,0.14501953125,0.0029296875,4.3994771242496265e-05,925,Simplified BARK,325,0.079345703125,0.20015281091692477,792.0,0.193359375,True,2025078073
10,12,1,1.0,0.476303,0.0,0.0,-0.594078,0.14501953125,0.0029296875,4.3994771242496265e-05,925,Simplified BARK,423,0.103271484375,0.21779423700866923,792.0,0.193359375,True,2025078073
10,12,1,1.0,0.476303,0.0,0.0,-0.594078,0.14501953125,0.0029296875,4.3994771242496265e-05,925,Simplified BARK,550,0.13427734375,0.8374804827434137,792.0,0.193359375,True,2025078073
10,12,1,1.0,0.476303,0.0,0.0,-0.594078,0.14501953125,0.0029296875,4.3994771242496265e-05,925,Simplified BARK,715,0.174560546875,0.9996469068475645,792.0,0.193359375,True,2025078073
10,12,1,1.0,0.476303,0.0,0.0,-0.594078,0.14501953125,0.0029296875,4.3994771242496265e-05,925,Simplified BARK,931,0.227294921875,1.0000000000000009,792.0,0.193359375,True,2025078073
10,12,1,1.0,0.476303,0.0,0.0,-0.594078,0.14501953125,0.0029296875,4.3994771242496265e-05,925,Simplified BARK,1210,0.29541015625,1.0000000000000009,792.0,0.193359375,True,2025078073
10,12,1,1.0,0.476303,0.0,0.0,-0.594078,0.14501953125,0.0029296875,4.3994771242496265e-05,925,Simplified BARK,1575,0.384521484375,1.0000000000000009,792.0,0.193359375,True,2025078073
10,12,1,1.0,0.476303,0.0,0.0,-0.594078,0.14501953125,0.0029296875,4.3994771242496265e-05,925,Simplified BARK,2048,0.5,1.0000000000000009,792.0,0.193359375,True,2025078073
10,12,1,1.0,0.476303,0.0,0.0,-0.594078,0.14501953125,0.0029296875,4.3994771242496265e-05,925,SKQD,1,0.000244140625,4.3994771242496265e-05,764.6666666666666,0.18668619791666666,True,2025078073
10,12,1,1.0,0.476303,0.0,0.0,-0.594078,0.14501953125,0.0029296875,4.3994771242496265e-05,925,SKQD,2,0.00048828125,4.3994771242496265e-05,764.6666666666666,0.18668619791666666,True,2025078073
10,12,1,1.0,0.476303,0.0,0.0,-0.594078,0.14501953125,0.0029296875,4.3994771242496265e-05,925,SKQD,3,0.000732421875,4.3994771242496265e-05,764.6666666666666,0.18668619791666666,True,2025078073
10,12,1,1.0,0.476303,0.0,0.0,-0.594078,0.14501953125,0.0029296875,4.3994771242496265e-05,925,SKQD,4,0.0009765625,4.3994771242496265e-05,764.6666666666666,0.18668619791666666,True,2025078073
10,12,1,1.0,0.476303,0.0,0.0,-0.594078,0.14501953125,0.0029296875,4.3994771242496265e-05,925,SKQD,5,0.001220703125,4.3994771242496265e-05,764.6666666666666,0.18668619791666666,True,2025078073
10,12,1,1.0,0.476303,0.0,0.0,-0.594078,0.14501953125,0.0029296875,4.3994771242496265e-05,925,SKQD,6,0.00146484375,4.3994771242496265e-05,764.6666666666666,0.18668619791666666,True,2025078073
10,12,1,1.0,0.476303,0.0,0.0,-0.594078,0.14501953125,0.0029296875,4.3994771242496265e-05,925,SKQD,8,0.001953125,0.0006514195304359996,764.6666666666666,0.18668619791666666,True,2025078073
10,12,1,1.0,0.476303,0.0,0.0,-0.594078,0.14501953125,0.0029296875,4.3994771242496265e-05,925,SKQD,11,0.002685546875,0.0006514195304359996,764.6666666666666,0.18668619791666666,True,2025078073
10,12,1,1.0,0.476303,0.0,0.0,-0.594078,0.14501953125,0.0029296875,4.3994771242496265e-05,925,SKQD,14,0.00341796875,0.0026073985674533082,764.6666666666666,0.18668619791666666,True,2025078073
10,12,1,1.0,0.476303,0.0,0.0,-0.594078,0.14501953125,0.0029296875,4.3994771242496265e-05,925,SKQD,18,0.00439453125,0.0026073985674533082,764.6666666666666,0.18668619791666666,True,2025078073
10,12,1,1.0,0.476303,0.0,0.0,-0.594078,0.14501953125,0.0029296875,4.3994771242496265e-05,925,SKQD,23,0.005615234375,0.003651500950136217,764.6666666666666,0.18668619791666666,True,2025078073
10,12,1,1.0,0.476303,0.0,0.0,-0.594078,0.14501953125,0.0029296875,4.3994771242496265e-05,925,SKQD,31,0.007568359375,0.014714606350649343,764.6666666666666,0.18668619791666666,True,2025078073
10,12,1,1.0,0.476303,0.0,0.0,-0.594078,0.14501953125,0.0029296875,4.3994771242496265e-05,925,SKQD,40,0.009765625,0.014714606350649343,764.6666666666666,0.18668619791666666,True,2025078073
10,12,1,1.0,0.476303,0.0,0.0,-0.594078,0.14501953125,0.0029296875,4.3994771242496265e-05,925,SKQD,52,0.0126953125,0.03973855264974762,764.6666666666666,0.18668619791666666,True,2025078073
10,12,1,1.0,0.476303,0.0,0.0,-0.594078,0.14501953125,0.0029296875,4.3994771242496265e-05,925,SKQD,67,0.016357421875,0.03973855264974762,764.6666666666666,0.18668619791666666,True,2025078073
10,12,1,1.0,0.476303,0.0,0.0,-0.594078,0.14501953125,0.0029296875,4.3994771242496265e-05,925,SKQD,87,0.021240234375,0.03703724203550591,764.6666666666666,0.18668619791666666,True,2025078073
10,12,1,1.0,0.476303,0.0,0.0,-0.594078,0.14501953125,0.0029296875,4.3994771242496265e-05,925,SKQD,114,0.02783203125,0.03957608029711391,764.6666666666666,0.18668619791666666,True,2025078073
10,12,1,1.0,0.476303,0.0,0.0,-0.594078,0.14501953125,0.0029296875,4.3994771242496265e-05,925,SKQD,148,0.0361328125,0.04441223500915344,764.6666666666666,0.18668619791666666,True,2025078073
10,12,1,1.0,0.476303,0.0,0.0,-0.594078,0.14501953125,0.0029296875,4.3994771242496265e-05,925,SKQD,192,0.046875,0.05116484959676373,764.6666666666666,0.18668619791666666,True,2025078073
10,12,1,1.0,0.476303,0.0,0.0,-0.594078,0.14501953125,0.0029296875,4.3994771242496265e-05,925,SKQD,250,0.06103515625,0.0894444112062683,764.6666666666666,0.18668619791666666,True,2025078073
10,12,1,1.0,0.476303,0.0,0.0,-0.594078,0.14501953125,0.0029296875,4.3994771242496265e-05,925,SKQD,325,0.079345703125,0.18872628416187923,764.6666666666666,0.18668619791666666,True,2025078073
10,12,1,1.0,0.476303,0.0,0.0,-0.594078,0.14501953125,0.0029296875,4.3994771242496265e-05,925,SKQD,423,0.103271484375,0.40416919813315383,764.6666666666666,0.18668619791666666,True,2025078073
10,12,1,1.0,0.476303,0.0,0.0,-0.594078,0.14501953125,0.0029296875,4.3994771242496265e-05,925,SKQD,550,0.13427734375,0.44021883348882157,764.6666666666666,0.18668619791666666,True,2025078073
10,12,1,1.0,0.476303,0.0,0.0,-0.594078,0.14501953125,0.0029296875,4.3994771242496265e-05,925,SKQD,715,0.174560546875,0.6536550525096331,764.6666666666666,0.18668619791666666,True,2025078073
10,12,1,1.0,0.476303,0.0,0.0,-0.594078,0.14501953125,0.0029296875,4.3994771242496265e-05,925,SKQD,931,0.227294921875,0.7523274173539226,764.6666666666666,0.18668619791666666,True,2025078073
10,12,1,1.0,0.476303,0.0,0.0,-0.594078,0.14501953125,0.0029296875,4.3994771242496265e-05,925,SKQD,1210,0.29541015625,0.7523274173539226,764.6666666666666,0.18668619791666666,True,2025078073
10,12,1,1.0,0.476303,0.0,0.0,-0.594078,0.14501953125,0.0029296875,4.3994771242496265e-05,925,SKQD,1575,0.384521484375,0.7523274173539226,764.6666666666666,0.18668619791666666,True,2025078073
10,12,1,1.0,0.476303,0.0,0.0,-0.594078,0.14501953125,0.0029296875,4.3994771242496265e-05,925,SKQD,2048,0.5,0.7523274173539226,764.6666666666666,0.18668619791666666,True,2025078073
10,12,1,1.0,0.476303,0.0,0.0,-0.594078,0.14501953125,0.0029296875,4.3994771242496265e-05,925,Ceiling,1,0.000244140625,0.06627869779889523,2048.0,0.5,False,2025078073
10,12,1,1.0,0.476303,0.0,0.0,-0.594078,0.14501953125,0.0029296875,4.3994771242496265e-05,925,Ceiling,2,0.00048828125,0.13255739559778995,2048.0,0.5,False,2025078073
10,12,1,1.0,0.476303,0.0,0.0,-0.594078,0.14501953125,0.0029296875,4.3994771242496265e-05,925,Ceiling,3,0.000732421875,0.1825366119124655,2048.0,0.5,False,2025078073
10,12,1,1.0,0.476303,0.0,0.0,-0.594078,0.14501953125,0.0029296875,4.3994771242496265e-05,925,Ceiling,4,0.0009765625,0.2325158282271404,2048.0,0.5,False,2025078073
10,12,1,1.0,0.476303,0.0,0.0,-0.594078,0.14501953125,0.0029296875,4.3994771242496265e-05,925,Ceiling,5,0.001220703125,0.255651732981135,2048.0,0.5,False,2025078073
10,12,1,1.0,0.476303,0.0,0.0,-0.594078,0.14501953125,0.0029296875,4.3994771242496265e-05,925,Ceiling,6,0.00146484375,0.2787876377351295,2048.0,0.5,False,2025078073
10,12,1,1.0,0.476303,0.0,0.0,-0.594078,0.14501953125,0.0029296875,4.3994771242496265e-05,925,Ceiling,8,0.001953125,0.3250053380132246,2048.0,0.5,False,2025078073
10,12,1,1.0,0.476303,0.0,0.0,-0.594078,0.14501953125,0.0029296875,4.3994771242496265e-05,925,Ceiling,11,0.002685546875,0.3858090935095133,2048.0,0.5,False,2025078073
10,12,1,1.0,0.476303,0.0,0.0,-0.594078,0.14501953125,0.0029296875,4.3994771242496265e-05,925,Ceiling,14,0.00341796875,0.43231505269467346,2048.0,0.5,False,2025078073
10,12,1,1.0,0.476303,0.0,0.0,-0.594078,0.14501953125,0.0029296875,4.3994771242496265e-05,925,Ceiling,18,0.00439453125,0.47869542013419425,2048.0,0.5,False,2025078073
10,12,1,1.0,0.476303,0.0,0.0,-0.594078,0.14501953125,0.0029296875,4.3994771242496265e-05,925,Ceiling,23,0.005615234375,0.5260759045836749,2048.0,0.5,False,2025078073
10,12,1,1.0,0.476303,0.0,0.0,-0.594078,0.14501953125,0.0029296875,4.3994771242496265e-05,925,Ceiling,31,0.007568359375,0.5930159939377964,2048.0,0.5,False,2025078073
10,12,1,1.0,0.476303,0.0,0.0,-0.594078,0.14501953125,0.0029296875,4.3994771242496265e-05,925,Ceiling,40,0.009765625,0.6566081202000097,2048.0,0.5,False,2025078073
10,12,1,1.0,0.476303,0.0,0.0,-0.594078,0.14501953125,0.0029296875,4.3994771242496265e-05,925,Ceiling,52,0.0126953125,0.7171881255297027,2048.0,0.5,False,2025078073
10,12,1,1.0,0.476303,0.0,0.0,-0.594078,0.14501953125,0.0029296875,4.3994771242496265e-05,925,Ceiling,67,0.016357421875,0.7726750327381526,2048.0,0.5,False,2025078073
10,12,1,1.0,0.476303,0.0,0.0,-0.594078,0.14501953125,0.0029296875,4.3994771242496265e-05,925,Ceiling,87,0.021240234375,0.8266210336179389,2048.0,0.5,False,2025078073
10,12,1,1.0,0.476303,0.0,0.0,-0.594078,0.14501953125,0.0029296875,4.3994771242496265e-05,925,Ceiling,114,0.02783203125,0.881463531607296,2048.0,0.5,False,2025078073
10,12,1,1.0,0.476303,0.0,0.0,-0.594078,0.14501953125,0.0029296875,4.3994771242496265e-05,925,Ceiling,148,0.0361328125,0.923052897709631,2048.0,0.5,False,2025078073
10,12,1,1.0,0.476303,0.0,0.0,-0.594078,0.14501953125,0.0029296875,4.3994771242496265e-05,925,Ceiling,192,0.046875,0.9566991637512888,2048.0,0.5,False,2025078073
10,12,1,1.0,0.476303,0.0,0.0,-0.594078,0.14501953125,0.0029296875,4.3994771242496265e-05,925,Ceiling,250,0.06103515625,0.9806545035524394,2048.0,0.5,False,2025078073
10,12,1,1.0,0.476303,0.0,0.0,-0.594078,0.14501953125,0.0029296875,4.3994771242496265e-05,925,Ceiling,325,0.079345703125,0.9929520054152716,2048.0,0.5,False,2025078073
10,12,1,1.0,0.476303,0.0,0.0,-0.594078,0.14501953125,0.0029296875,4.3994771242496265e-05,925,Ceiling,423,0.103271484375,0.9983528691124257,2048.0,0.5,False,2025078073
10,12,1,1.0,0.476303,0.0,0.0,-0.594078,0.14501953125,0.0029296875,4.3994771242496265e-05,925,Ceiling,550,0.13427734375,0.9998793366676741,2048.0,0.5,False,2025078073
10,12,1,1.0,0.476303,0.0,0.0,-0.594078,0.14501953125,0.0029296875,4.3994771242496265e-05,925,Ceiling,715,0.174560546875,0.9999998814171402,2048.0,0.5,False,2025078073
10,12,1,1.0,0.476303,0.0,0.0,-0.594078,0.14501953125,0.0029296875,4.3994771242496265e-05,925,Ceiling,931,0.227294921875,1.0000000000000002,2048.0,0.5,False,2025078073
10,12,1,1.0,0.476303,0.0,0.0,-0.594078,0.14501953125,0.0029296875,4.3994771242496265e-05,925,Ceiling,1210,0.29541015625,1.0000000000000002,2048.0,0.5,False,2025078073
10,12,1,1.0,0.476303,0.0,0.0,-0.594078,0.14501953125,0.0029296875,4.3994771242496265e-05,925,Ceiling,1575,0.384521484375,1.0000000000000002,2048.0,0.5,False,2025078073
10,12,1,1.0,0.476303,0.0,0.0,-0.594078,0.14501953125,0.0029296875,4.3994771242496265e-05,925,Ceiling,2048,0.5,1.0000000000000002,2048.0,0.5,False,2025078073
10,12,1,1.0,0.476303,0.0,0.0,-0.594078,0.14501953125,0.0029296875,0.0024316135146304095,1837,BARK,1,0.000244140625,0.0024316135146304095,792.0,0.193359375,True,2025078073
10,12,1,1.0,0.476303,0.0,0.0,-0.594078,0.14501953125,0.0029296875,0.0024316135146304095,1837,BARK,2,0.00048828125,0.020414722638486055,792.0,0.193359375,True,2025078073
10,12,1,1.0,0.476303,0.0,0.0,-0.594078,0.14501953125,0.0029296875,0.0024316135146304095,1837,BARK,3,0.000732421875,0.07001814257662886,792.0,0.193359375,True,2025078073
10,12,1,1.0,0.476303,0.0,0.0,-0.594078,0.14501953125,0.0029296875,0.0024316135146304095,1837,BARK,4,0.0009765625,0.07718781945720986,792.0,0.193359375,True,2025078073
10,12,1,1.0,0.476303,0.0,0.0,-0.594078,0.14501953125,0.0029296875,0.0024316135146304095,1837,BARK,5,0.001220703125,0.08237005303234614,792.0,0.193359375,True,2025078073
10,12,1,1.0,0.476303,0.0,0.0,-0.594078,0.14501953125,0.0029296875,0.0024316135146304095,1837,BARK,6,0.00146484375,0.09790516544934051,792.0,0.193359375,True,2025078073
10,12,1,1.0,0.476303,0.0,0.0,-0.594078,0.14501953125,0.0029296875,0.0024316135146304095,1837,BARK,8,0.001953125,0.09971218666287593,792.0,0.193359375,True,2025078073
10,12,1,1.0,0.476303,0.0,0.0,-0.594078,0.14501953125,0.0029296875,0.0024316135146304095,1837,BARK,11,0.002685546875,0.12937946679889206,792.0,0.193359375,True,2025078073
10,12,1,1.0,0.476303,0.0,0.0,-0.594078,0.14501953125,0.0029296875,0.0024316135146304095,1837,BARK,14,0.00341796875,0.1341961725815065,792.0,0.193359375,True,2025078073
10,12,1,1.0,0.476303,0.0,0.0,-0.594078,0.14501953125,0.0029296875,0.0024316135146304095,1837,BARK,18,0.00439453125,0.14120001845912966,792.0,0.193359375,True,2025078073
10,12,1,1.0,0.476303,0.0,0.0,-0.594078,0.14501953125,0.0029296875,0.0024316135146304095,1837,BARK,23,0.005615234375,0.14328070084892633,792.0,0.193359375,True,2025078073
10,12,1,1.0,0.476303,0.0,0.0,-0.594078,0.14501953125,0.0029296875,0.0024316135146304095,1837,BARK,31,0.007568359375,0.1437377494513222,792.0,0.193359375,True,2025078073
10,12,1,1.0,0.476303,0.0,0.0,-0.594078,0.14501953125,0.0029296875,0.0024316135146304095,1837,BARK,40,0.009765625,0.14383571917352136,792.0,0.193359375,True,2025078073
10,12,1,1.0,0.476303,0.0,0.0,-0.594078,0.14501953125,0.0029296875,0.0024316135146304095,1837,BARK,52,0.0126953125,0.14902453464620696,792.0,0.193359375,True,2025078073
10,12,1,1.0,0.476303,0.0,0.0,-0.594078,0.14501953125,0.0029296875,0.0024316135146304095,1837,BARK,67,0.016357421875,0.15013112395199943,792.0,0.193359375,True,2025078073
10,12,1,1.0,0.476303,0.0,0.0,-0.594078,0.14501953125,0.0029296875,0.0024316135146304095,1837,BARK,87,0.021240234375,0.1525812241522125,792.0,0.193359375,True,2025078073
10,12,1,1.0,0.476303,0.0,0.0,-0.594078,0.14501953125,0.0029296875,0.0024316135146304095,1837,BARK,114,0.02783203125,0.15554983057032049,792.0,0.193359375,True,2025078073
10,12,1,1.0,0.476303,0.0,0.0,-0.594078,0.14501953125,0.0029296875,0.0024316135146304095,1837,BARK,148,0.0361328125,0.15952767124146539,792.0,0.193359375,True,2025078073
10,12,1,1.0,0.476303,0.0,0.0,-0.594078,0.14501953125,0.0029296875,0.0024316135146304095,1837,BARK,192,0.046875,0.06841772197669148,792.0,0.193359375,True,2025078073
10,12,1,1.0,0.476303,0.0,0.0,-0.594078,0.14501953125,0.0029296875,0.0024316135146304095,1837,BARK,250,0.06103515625,0.4078533379460792,792.0,0.193359375,True,2025078073
10,12,1,1.0,0.476303,0.0,0.0,-0.594078,0.14501953125,0.0029296875,0.0024316135146304095,1837,BARK,325,0.079345703125,0.5168104011504352,792.0,0.193359375,True,2025078073
10,12,1,1.0,0.476303,0.0,0.0,-0.594078,0.14501953125,0.0029296875,0.0024316135146304095,1837,BARK,423,0.103271484375,0.6444476644667683,792.0,0.193359375,True,2025078073
10,12,1,1.0,0.476303,0.0,0.0,-0.594078,0.14501953125,0.0029296875,0.0024316135146304095,1837,BARK,550,0.13427734375,0.7952338855721085,792.0,0.193359375,True,2025078073
10,12,1,1.0,0.476303,0.0,0.0,-0.594078,0.14501953125,0.0029296875,0.0024316135146304095,1837,BARK,715,0.174560546875,0.9994212552209687,792.0,0.193359375,True,2025078073
10,12,1,1.0,0.476303,0.0,0.0,-0.594078,0.14501953125,0.0029296875,0.0024316135146304095,1837,BARK,931,0.227294921875,1.0000000000000009,792.0,0.193359375,True,2025078073
10,12,1,1.0,0.476303,0.0,0.0,-0.594078,0.14501953125,0.0029296875,0.0024316135146304095,1837,BARK,1210,0.29541015625,1.0000000000000009,792.0,0.193359375,True,2025078073
10,12,1,1.0,0.476303,0.0,0.0,-0.594078,0.14501953125,0.0029296875,0.0024316135146304095,1837,BARK,1575,0.384521484375,1.0000000000000009,792.0,0.193359375,True,2025078073
10,12,1,1.0,0.476303,0.0,0.0,-0.594078,0.14501953125,0.0029296875,0.0024316135146304095,1837,BARK,2048,0.5,1.0000000000000009,792.0,0.193359375,True,2025078073
10,12,1,1.0,0.476303,0.0,0.0,-0.594078,0.14501953125,0.0029296875,0.0024316135146304095,1837,Simplified BARK,1,0.000244140625,0.0024316135146304095,792.0,0.193359375,True,2025078073
10,12,1,1.0,0.476303,0.0,0.0,-0.594078,0.14501953125,0.0029296875,0.0024316135146304095,1837,Simplified BARK,2,0.00048828125,0.020414722638486055,792.0,0.193359375,True,2025078073
10,12,1,1.0,0.476303,0.0,0.0,-0.594078,0.14501953125,0.0029296875,0.0024316135146304095,1837,Simplified BARK,3,0.000732421875,0.029423469347896962,792.0,0.193359375,True,2025078073
10,12,1,1.0,0.476303,0.0,0.0,-0.594078,0.14501953125,0.0029296875,0.0024316135146304095,1837,Simplified BARK,4,0.0009765625,0.029065567045492333,792.0,0.193359375,True,2025078073
10,12,1,1.0,0.476303,0.0,0.0,-0.594078,0.14501953125,0.0029296875,0.0024316135146304095,1837,Simplified BARK,5,0.001220703125,0.02912503685904769,792.0,0.193359375,True,2025078073
10,12,1,1.0,0.476303,0.0,0.0,-0.594078,0.14501953125,0.0029296875,0.0024316135146304095,1837,Simplified BARK,6,0.00146484375,0.029143447658167225,792.0,0.193359375,True,2025078073
10,12,1,1.0,0.476303,0.0,0.0,-0.594078,0.14501953125,0.0029296875,0.0024316135146304095,1837,Simplified BARK,8,0.001953125,0.029144217291981585,792.0,0.193359375,True,2025078073
10,12,1,1.0,0.476303,0.0,0.0,-0.594078,0.14501953125,0.0029296875,0.0024316135146304095,1837,Simplified BARK,11,0.002685546875,0.0291442342905663,792.0,0.193359375,True,2025078073
10,12,1,1.0,0.476303,0.0,0.0,-0.594078,0.14501953125,0.0029296875,0.0024316135146304095,1837,Simplified BARK,14,0.00341796875,0.029144234292326918,792.0,0.193359375,True,2025078073
10,12,1,1.0,0.476303,0.0,0.0,-0.594078,0.14501953125,0.0029296875,0.0024316135146304095,1837,Simplified BARK,18,0.00439453125,0.02914423429331961,792.0,0.193359375,True,2025078073
10,12,1,1.0,0.476303,0.0,0.0,-0.594078,0.14501953125,0.0029296875,0.0024316135146304095,1837,Simplified BARK,23,0.005615234375,0.029144234474191698,792.0,0.193359375,True,2025078073
10,12,1,1.0,0.476303,0.0,0.0,-0.594078,0.14501953125,0.0029296875,0.0024316135146304095,1837,Simplified BARK,31,0.007568359375,0.02914424071671326,792.0,0.193359375,True,2025078073
10,12,1,1.0,0.476303,0.0,0.0,-0.594078,0.14501953125,0.0029296875,0.0024316135146304095,1837,Simplified BARK,40,0.009765625,0.029144973551456232,792.0,0.193359375,True,2025078073
10,12,1,1.0,0.476303,0.0,0.0,-0.594078,0.14501953125,0.0029296875,0.0024316135146304095,1837,Simplified BARK,52,0.0126953125,0.029144998583655858,792.0,0.193359375,True,2025078073
10,12,1,1.0,0.476303,0.0,0.0,-0.594078,0.14501953125,0.0029296875,0.0024316135146304095,1837,Simplified BARK,67,0.016357421875,0.0005123773104656167,792.0,0.193359375,True,2025078073
10,12,1,1.0,0.476303,0.0,0.0,-0.594078,0.14501953125,0.0029296875,0.0024316135146304095,1837,Simplified BARK,87,0.021240234375,0.0011292789523782184,792.0,0.193359375,True,2025078073
10,12,1,1.0,0.476303,0.0,0.0,-0.594078,0.14501953125,0.0029296875,0.0024316135146304095,1837,Simplified BARK,114,0.02783203125,0.0040626412808876244,792.0,0.193359375,True,2025078073
10,12,1,1.0,0.476303,0.0,0.0,-0.594078,0.14501953125,0.0029296875,0.0024316135146304095,1837,Simplified BARK,148,0.0361328125,0.002517736292825975,792.0,0.193359375,True,2025078073
10,12,1,1.0,0.476303,0.0,0.0,-0.594078,0.14501953125,0.0029296875,0.0024316135146304095,1837,Simplified BARK,192,0.046875,0.054600729247420106,792.0,0.193359375,True,2025078073
10,12,1,1.0,0.476303,0.0,0.0,-0.594078,0.14501953125,0.0029296875,0.0024316135146304095,1837,Simplified BARK,250,0.06103515625,0.1507264067814264,792.0,0.193359375,True,2025078073
10,12,1,1.0,0.476303,0.0,0.0,-0.594078,0.14501953125,0.0029296875,0.0024316135146304095,1837,Simplified BARK,325,0.079345703125,0.20015281091692483,792.0,0.193359375,True,2025078073
10,12,1,1.0,0.476303,0.0,0.0,-0.594078,0.14501953125,0.0029296875,0.0024316135146304095,1837,Simplified BARK,423,0.103271484375,0.21779423700866923,792.0,0.193359375,True,2025078073
10,12,1,1.0,0.476303,0.0,0.0,-0.594078,0.14501953125,0.0029296875,0.0024316135146304095,1837,Simplified BARK,550,0.13427734375,0.8374804827434135,792.0,0.193359375,True,2025078073
10,12,1,1.0,0.476303,0.0,0.0,-0.594078,0.14501953125,0.0029296875,0.0024316135146304095,1837,Simplified BARK,715,0.174560546875,0.9996469068475641,792.0,0.193359375,True,2025078073
10,12,1,1.0,0.476303,0.0,0.0,-0.594078,0.14501953125,0.0029296875,0.0024316135146304095,1837,Simplified BARK,931,0.227294921875,1.0000000000000009,792.0,0.193359375,True,2025078073
10,12,1,1.0,0.476303,0.0,0.0,-0.594078,0.14501953125,0.0029296875,0.0024316135146304095,1837,Simplified BARK,1210,0.29541015625,1.0000000000000009,792.0,0.193359375,True,2025078073
10,12,1,1.0,0.476303,0.0,0.0,-0.594078,0.14501953125,0.0029296875,0.0024316135146304095,1837,Simplified BARK,1575,0.384521484375,1.0000000000000009,792.0,0.193359375,True,2025078073
10,12,1,1.0,0.476303,0.0,0.0,-0.594078,0.14501953125,0.0029296875,0.0024316135146304095,1837,Simplified BARK,2048,0.5,1.0000000000000009,792.0,0.193359375,True,2025078073
10,12,1,1.0,0.476303,0.0,0.0,-0.594078,0.14501953125,0.0029296875,0.0024316135146304095,1837,SKQD,1,0.000244140625,0.0024316135146304095,758.0,0.18505859375,True,2025078073
10,12,1,1.0,0.476303,0.0,0.0,-0.594078,0.14501953125,0.0029296875,0.0024316135146304095,1837,SKQD,2,0.00048828125,0.0024316135146304095,758.0,0.18505859375,True,2025078073
10,12,1,1.0,0.476303,0.0,0.0,-0.594078,0.14501953125,0.0029296875,0.0024316135146304095,1837,SKQD,3,0.000732421875,0.005264974103870032,758.0,0.18505859375,True,2025078073
10,12,1,1.0,0.476303,0.0,0.0,-0.594078,0.14501953125,0.0029296875,0.0024316135146304095,1837,SKQD,4,0.0009765625,0.005264974103870032,758.0,0.18505859375,True,2025078073
10,12,1,1.0,0.476303,0.0,0.0,-0.594078,0.14501953125,0.0029296875,0.0024316135146304095,1837,SKQD,5,0.001220703125,0.013488235514651517,758.0,0.18505859375,True,2025078073
10,12,1,1.0,0.476303,0.0,0.0,-0.594078,0.14501953125,0.0029296875,0.0024316135146304095,1837,SKQD,6,0.00146484375,0.013488235514651517,758.0,0.18505859375,True,2025078073
10,12,1,1.0,0.476303,0.0,0.0,-0.594078,0.14501953125,0.0029296875,0.0024316135146304095,1837,SKQD,8,0.001953125,0.02295220350110389,758.0,0.18505859375,True,2025078073
10,12,1,1.0,0.476303,0.0,0.0,-0.594078,0.14501953125,0.0029296875,0.0024316135146304095,1837,SKQD,11,0.002685546875,0.027633152735418554,758.0,0.18505859375,True,2025078073
10,12,1,1.0,0.476303,0.0,0.0,-0.594078,0.14501953125,0.0029296875,0.0024316135146304095,1837,SKQD,14,0.00341796875,0.027633152735418554,758.0,0.18505859375,True,2025078073
10,12,1,1.0,0.476303,0.0,0.0,-0.594078,0.14501953125,0.0029296875,0.0024316135146304095,1837,SKQD,18,0.00439453125,0.13743129813484217,758.0,0.18505859375,True,2025078073
10,12,1,1.0,0.476303,0.0,0.0,-0.594078,0.14501953125,0.0029296875,0.0024316135146304095,1837,SKQD,23,0.005615234375,0.14890390308244048,758.0,0.18505859375,True,2025078073
10,12,1,1.0,0.476303,0.0,0.0,-0.594078,0.14501953125,0.0029296875,0.0024316135146304095,1837,SKQD,31,0.007568359375,0.16428103946997438,758.0,0.18505859375,True,2025078073
10,12,1,1.0,0.476303,0.0,0.0,-0.594078,0.14501953125,0.0029296875,0.0024316135146304095,1837,SKQD,40,0.009765625,0.1988605741361391,758.0,0.18505859375,True,2025078073
10,12,1,1.0,0.476303,0.0,0.0,-0.594078,0.14501953125,0.0029296875,0.0024316135146304095,1837,SKQD,52,0.0126953125,0.21993437476707967,758.0,0.18505859375,True,2025078073
10,12,1,1.0,0.476303,0.0,0.0,-0.594078,0.14501953125,0.0029296875,0.0024316135146304095,1837,SKQD,67,0.016357421875,0.3300325129066278,758.0,0.18505859375,True,2025078073
10,12,1,1.0,0.476303,0.0,0.0,-0.594078,0.14501953125,0.0029296875,0.0024316135146304095,1837,SKQD,87,0.021240234375,0.41084943672839275,758.0,0.18505859375,True,2025078073
10,12,1,1.0,0.476303,0.0,0.0,-0.594078,0.14501953125,0.0029296875,0.0024316135146304095,1837,SKQD,114,0.02783203125,0.5425400406274453,758.0,0.18505859375,True,2025078073
10,12,1,1.0,0.476303,0.0,0.0,-0.594078,0.14501953125,0.0029296875,0.0024316135146304095,1837,SKQD,148,0.0361328125,0.6130482358057223,758.0,0.18505859375,True,2025078073
10,12,1,1.0,0.476303,0.0,0.0,-0.594078,0.14501953125,0.0029296875,0.0024316135146304095,1837,SKQD,192,0.046875,0.7109324245273606,758.0,0.18505859375,True,2025078073
10,12,1,1.0,0.476303,0.0,0.0,-0.594078,0.14501953125,0.0029296875,0.0024316135146304095,1837,SKQD,250,0.06103515625,0.7656159948311441,758.0,0.18505859375,True,2025078073
10,12,1,1.0,0.476303,0.0,0.0,-0.594078,0.14501953125,0.0029296875,0.0024316135146304095,1837,SKQD,325,0.079345703125,0.8101514201087542,758.0,0.18505859375,True,2025078073
10,12,1,1.0,0.476303,0.0,0.0,-0.594078,0.14501953125,0.0029296875,0.0024316135146304095,1837,SKQD,423,0.103271484375,0.8833907500337187,758.0,0.18505859375,True,2025078073
10,12,1,1.0,0.476303,0.0,0.0,-0.594078,0.14501953125,0.0029296875,0.0024316135146304095,1837,SKQD,550,0.13427734375,0.9544548019982501,758.0,0.18505859375,True,2025078073
10,12,1,1.0,0.476303,0.0,0.0,-0.594078,0.14501953125,0.0029296875,0.0024316135146304095,1837,SKQD,715,0.174560546875,0.9982349170878746,758.0,0.18505859375,True,2025078073
10,12,1,1.0,0.476303,0.0,0.0,-0.594078,0.14501953125,0.0029296875,0.0024316135146304095,1837,SKQD,931,0.227294921875,0.9998769254256133,758.0,0.18505859375,True,2025078073
10,12,1,1.0,0.476303,0.0,0.0,-0.594078,0.14501953125,0.0029296875,0.0024316135146304095,1837,SKQD,1210,0.29541015625,0.9998769254256133,758.0,0.18505859375,True,2025078073
10,12,1,1.0,0.476303,0.0,0.0,-0.594078,0.14501953125,0.0029296875,0.0024316135146304095,1837,SKQD,1575,0.384521484375,0.9998769254256133,758.0,0.18505859375,True,2025078073
10,12,1,1.0,0.476303,0.0,0.0,-0.594078,0.14501953125,0.0029296875,0.0024316135146304095,1837,SKQD,2048,0.5,0.9998769254256133,758.0,0.18505859375,True,2025078073
10,12,1,1.0,0.476303,0.0,0.0,-0.594078,0.14501953125,0.0029296875,0.0024316135146304095,1837,Ceiling,1,0.000244140625,0.06627869779889523,2048.0,0.5,False,2025078073
10,12,1,1.0,0.476303,0.0,0.0,-0.594078,0.14501953125,0.0029296875,0.0024316135146304095,1837,Ceiling,2,0.00048828125,0.13255739559778995,2048.0,0.5,False,2025078073
10,12,1,1.0,0.476303,0.0,0.0,-0.594078,0.14501953125,0.0029296875,0.0024316135146304095,1837,Ceiling,3,0.000732421875,0.1825366119124655,2048.0,0.5,False,2025078073
10,12,1,1.0,0.476303,0.0,0.0,-0.594078,0.14501953125,0.0029296875,0.0024316135146304095,1837,Ceiling,4,0.0009765625,0.2325158282271404,2048.0,0.5,False,2025078073
10,12,1,1.0,0.476303,0.0,0.0,-0.594078,0.14501953125,0.0029296875,0.0024316135146304095,1837,Ceiling,5,0.001220703125,0.255651732981135,2048.0,0.5,False,2025078073
10,12,1,1.0,0.476303,0.0,0.0,-0.594078,0.14501953125,0.0029296875,0.0024316135146304095,1837,Ceiling,6,0.00146484375,0.2787876377351295,2048.0,0.5,False,2025078073
10,12,1,1.0,0.476303,0.0,0.0,-0.594078,0.14501953125,0.0029296875,0.0024316135146304095,1837,Ceiling,8,0.001953125,0.3250053380132246,2048.0,0.5,False,2025078073
10,12,1,1.0,0.476303,0.0,0.0,-0.594078,0.14501953125,0.0029296875,0.0024316135146304095,1837,Ceiling,11,0.002685546875,0.3858090935095133,2048.0,0.5,False,2025078073
10,12,1,1.0,0.476303,0.0,0.0,-0.594078,0.14501953125,0.0029296875,0.0024316135146304095,1837,Ceiling,14,0.00341796875,0.43231505269467346,2048.0,0.5,False,2025078073
10,12,1,1.0,0.476303,0.0,0.0,-0.594078,0.14501953125,0.0029296875,0.0024316135146304095,1837,Ceiling,18,0.00439453125,0.47869542013419425,2048.0,0.5,False,2025078073
10,12,1,1.0,0.476303,0.0,0.0,-0.594078,0.14501953125,0.0029296875,0.0024316135146304095,1837,Ceiling,23,0.005615234375,0.5260759045836749,2048.0,0.5,False,2025078073
10,12,1,1.0,0.476303,0.0,0.0,-0.594078,0.14501953125,0.0029296875,0.0024316135146304095,1837,Ceiling,31,0.007568359375,0.5930159939377964,2048.0,0.5,False,2025078073
10,12,1,1.0,0.476303,0.0,0.0,-0.594078,0.14501953125,0.0029296875,0.0024316135146304095,1837,Ceiling,40,0.009765625,0.6566081202000097,2048.0,0.5,False,2025078073
10,12,1,1.0,0.476303,0.0,0.0,-0.594078,0.14501953125,0.0029296875,0.0024316135146304095,1837,Ceiling,52,0.0126953125,0.7171881255297027,2048.0,0.5,False,2025078073
10,12,1,1.0,0.476303,0.0,0.0,-0.594078,0.14501953125,0.0029296875,0.0024316135146304095,1837,Ceiling,67,0.016357421875,0.7726750327381526,2048.0,0.5,False,2025078073
10,12,1,1.0,0.476303,0.0,0.0,-0.594078,0.14501953125,0.0029296875,0.0024316135146304095,1837,Ceiling,87,0.021240234375,0.8266210336179389,2048.0,0.5,False,2025078073
10,12,1,1.0,0.476303,0.0,0.0,-0.594078,0.14501953125,0.0029296875,0.0024316135146304095,1837,Ceiling,114,0.02783203125,0.881463531607296,2048.0,0.5,False,2025078073
10,12,1,1.0,0.476303,0.0,0.0,-0.594078,0.14501953125,0.0029296875,0.0024316135146304095,1837,Ceiling,148,0.0361328125,0.923052897709631,2048.0,0.5,False,2025078073
10,12,1,1.0,0.476303,0.0,0.0,-0.594078,0.14501953125,0.0029296875,0.0024316135146304095,1837,Ceiling,192,0.046875,0.9566991637512888,2048.0,0.5,False,2025078073
10,12,1,1.0,0.476303,0.0,0.0,-0.594078,0.14501953125,0.0029296875,0.0024316135146304095,1837,Ceiling,250,0.06103515625,0.9806545035524394,2048.0,0.5,False,2025078073
10,12,1,1.0,0.476303,0.0,0.0,-0.594078,0.14501953125,0.0029296875,0.0024316135146304095,1837,Ceiling,325,0.079345703125,0.9929520054152716,2048.0,0.5,False,2025078073
10,12,1,1.0,0.476303,0.0,0.0,-0.594078,0.14501953125,0.0029296875,0.0024316135146304095,1837,Ceiling,423,0.103271484375,0.9983528691124257,2048.0,0.5,False,2025078073
10,12,1,1.0,0.476303,0.0,0.0,-0.594078,0.14501953125,0.0029296875,0.0024316135146304095,1837,Ceiling,550,0.13427734375,0.9998793366676741,2048.0,0.5,False,2025078073
10,12,1,1.0,0.476303,0.0,0.0,-0.594078,0.14501953125,0.0029296875,0.0024316135146304095,1837,Ceiling,715,0.174560546875,0.9999998814171402,2048.0,0.5,False,2025078073
10,12,1,1.0,0.476303,0.0,0.0,-0.594078,0.14501953125,0.0029296875,0.0024316135146304095,1837,Ceiling,931,0.227294921875,1.0000000000000002,2048.0,0.5,False,2025078073
10,12,1,1.0,0.476303,0.0,0.0,-0.594078,0.14501953125,0.0029296875,0.0024316135146304095,1837,Ceiling,1210,0.29541015625,1.0000000000000002,2048.0,0.5,False,2025078073
10,12,1,1.0,0.476303,0.0,0.0,-0.594078,0.14501953125,0.0029296875,0.0024316135146304095,1837,Ceiling,1575,0.384521484375,1.0000000000000002,2048.0,0.5,False,2025078073
10,12,1,1.0,0.476303,0.0,0.0,-0.594078,0.14501953125,0.0029296875,0.0024316135146304095,1837,Ceiling,2048,0.5,1.0000000000000002,2048.0,0.5,False,2025078073
10,12,1,1.0,0.476303,0.0,0.0,-0.594078,0.14501953125,0.0029296875,3.520155698001752e-05,3358,BARK,1,0.000244140625,3.520155698001752e-05,792.0,0.193359375,True,2025078073
10,12,1,1.0,0.476303,0.0,0.0,-0.594078,0.14501953125,0.0029296875,3.520155698001752e-05,3358,BARK,2,0.00048828125,0.0007495815169497947,792.0,0.193359375,True,2025078073
10,12,1,1.0,0.476303,0.0,0.0,-0.594078,0.14501953125,0.0029296875,3.520155698001752e-05,3358,BARK,3,0.000732421875,0.0035235467689005324,792.0,0.193359375,True,2025078073
10,12,1,1.0,0.476303,0.0,0.0,-0.594078,0.14501953125,0.0029296875,3.520155698001752e-05,3358,BARK,4,0.0009765625,0.004906251974333148,792.0,0.193359375,True,2025078073
10,12,1,1.0,0.476303,0.0,0.0,-0.594078,0.14501953125,0.0029296875,3.520155698001752e-05,3358,BARK,5,0.001220703125,0.005853040643279191,792.0,0.193359375,True,2025078073
10,12,1,1.0,0.476303,0.0,0.0,-0.594078,0.14501953125,0.0029296875,3.520155698001752e-05,3358,BARK,6,0.00146484375,0.0069841728312849665,792.0,0.193359375,True,2025078073
10,12,1,1.0,0.476303,0.0,0.0,-0.594078,0.14501953125,0.0029296875,3.520155698001752e-05,3358,BARK,8,0.001953125,0.007406113098157805,792.0,0.193359375,True,2025078073
10,12,1,1.0,0.476303,0.0,0.0,-0.594078,0.14501953125,0.0029296875,3.520155698001752e-05,3358,BARK,11,0.002685546875,0.028668723667406804,792.0,0.193359375,True,2025078073
10,12,1,1.0,0.476303,0.0,0.0,-0.594078,0.14501953125,0.0029296875,3.520155698001752e-05,3358,BARK,14,0.00341796875,0.03049912061157876,792.0,0.193359375,True,2025078073
10,12,1,1.0,0.476303,0.0,0.0,-0.594078,0.14501953125,0.0029296875,3.520155698001752e-05,3358,BARK,18,0.00439453125,0.03252252210549631,792.0,0.193359375,True,2025078073
10,12,1,1.0,0.476303,0.0,0.0,-0.594078,0.14501953125,0.0029296875,3.520155698001752e-05,3358,BARK,23,0.005615234375,0.036559752360322155,792.0,0.193359375,True,2025078073
10,12,1,1.0,0.476303,0.0,0.0,-0.594078,0.14501953125,0.0029296875,3.520155698001752e-05,3358,BARK,31,0.007568359375,0.050495257566580666,792.0,0.193359375,True,2025078073
10,12,1,1.0,0.476303,0.0,0.0,-0.594078,0.14501953125,0.0029296875,3.520155698001752e-05,3358,BARK,40,0.009765625,0.05733981263807921,792.0,0.193359375,True,2025078073
10,12,1,1.0,0.476303,0.0,0.0,-0.594078,0.14501953125,0.0029296875,3.520155698001752e-05,3358,BARK,52,0.0126953125,0.052673907087313496,792.0,0.193359375,True,2025078073
10,12,1,1.0,0.476303,0.0,0.0,-0.594078,0.14501953125,0.0029296875,3.520155698001752e-05,3358,BARK,67,0.016357421875,0.04400196830560626,792.0,0.193359375,True,2025078073
10,12,1,1.0,0.476303,0.0,0.0,-0.594078,0.14501953125,0.0029296875,3.520155698001752e-05,3358,BARK,87,0.021240234375,0.046775188828086664,792.0,0.193359375,True,2025078073
10,12,1,1.0,0.476303,0.0,0.0,-0.594078,0.14501953125,0.0029296875,3.520155698001752e-05,3358,BARK,114,0.02783203125,0.04447567836143005,792.0,0.193359375,True,2025078073
10,12,1,1.0,0.476303,0.0,0.0,-0.594078,0.14501953125,0.0029296875,3.520155698001752e-05,3358,BARK,148,0.0361328125,0.05209742184657298,792.0,0.193359375,True,2025078073
10,12,1,1.0,0.476303,0.0,0.0,-0.594078,0.14501953125,0.0029296875,3.520155698001752e-05,3358,BARK,192,0.046875,0.03549615614834288,792.0,0.193359375,True,2025078073
10,12,1,1.0,0.476303,0.0,0.0,-0.594078,0.14501953125,0.0029296875,3.520155698001752e-05,3358,BARK,250,0.06103515625,0.07585441976122513,792.0,0.193359375,True,2025078073
10,12,1,1.0,0.476303,0.0,0.0,-0.594078,0.14501953125,0.0029296875,3.520155698001752e-05,3358,BARK,325,0.079345703125,0.20499864073145527,792.0,0.193359375,True,2025078073
10,12,1,1.0,0.476303,0.0,0.0,-0.594078,0.14501953125,0.0029296875,3.520155698001752e-05,3358,BARK,423,0.103271484375,0.4892440385145133,792.0,0.193359375,True,2025078073
10,12,1,1.0,0.476303,0.0,0.0,-0.594078,0.14501953125,0.0029296875,3.520155698001752e-05,3358,BARK,550,0.13427734375,0.7571269004103316,792.0,0.193359375,True,2025078073
10,12,1,1.0,0.476303,0.0,0.0,-0.594078,0.14501953125,0.0029296875,3.520155698001752e-05,3358,BARK,715,0.174560546875,0.9986658455076591,792.0,0.193359375,True,2025078073
10,12,1,1.0,0.476303,0.0,0.0,-0.594078,0.14501953125,0.0029296875,3.520155698001752e-05,3358,BARK,931,0.227294921875,1.0000000000000004,792.0,0.193359375,True,2025078073
10,12,1,1.0,0.476303,0.0,0.0,-0.594078,0.14501953125,0.0029296875,3.520155698001752e-05,3358,BARK,1210,0.29541015625,1.0000000000000004,792.0,0.193359375,True,2025078073
10,12,1,1.0,0.476303,0.0,0.0,-0.594078,0.14501953125,0.0029296875,3.520155698001752e-05,3358,BARK,1575,0.384521484375,1.0000000000000004,792.0,0.193359375,True,2025078073
10,12,1,1.0,0.476303,0.0,0.0,-0.594078,0.14501953125,0.0029296875,3.520155698001752e-05,3358,BARK,2048,0.5,1.0000000000000004,792.0,0.193359375,True,2025078073
10,12,1,1.0,0.476303,0.0,0.0,-0.594078,0.14501953125,0.0029296875,3.520155698001752e-05,3358,Simplified BARK,1,0.000244140625,3.520155698001752e-05,792.0,0.193359375,True,2025078073
10,12,1,1.0,0.476303,0.0,0.0,-0.594078,0.14501953125,0.0029296875,3.520155698001752e-05,3358,Simplified BARK,2,0.00048828125,0.00013890912259160106,792.0,0.193359375,True,2025078073
10,12,1,1.0,0.476303,0.0,0.0,-0.594078,0.14501953125,0.0029296875,3.520155698001752e-05,3358,Simplified BARK,3,0.000732421875,0.0001776273326196362,792.0,0.193359375,True,2025078073
10,12,1,1.0,0.476303,0.0,0.0,-0.594078,0.14501953125,0.0029296875,3.520155698001752e-05,3358,Simplified BARK,4,0.0009765625,0.00047577236091429976,792.0,0.193359375,True,2025078073
10,12,1,1.0,0.476303,0.0,0.0,-0.594078,0.14501953125,0.0029296875,3.520155698001752e-05,3358,Simplified BARK,5,0.001220703125,0.0006112648468862222,792.0,0.193359375,True,2025078073
10,12,1,1.0,0.476303,0.0,0.0,-0.594078,0.14501953125,0.0029296875,3.520155698001752e-05,3358,Simplified BARK,6,0.00146484375,0.0005981314052219421,792.0,0.193359375,True,2025078073
10,12,1,1.0,0.476303,0.0,0.0,-0.594078,0.14501953125,0.0029296875,3.520155698001752e-05,3358,Simplified BARK,8,0.001953125,0.0005175040467496575,792.0,0.193359375,True,2025078073
10,12,1,1.0,0.476303,0.0,0.0,-0.594078,0.14501953125,0.0029296875,3.520155698001752e-05,3358,Simplified BARK,11,0.002685546875,0.0004047564307371124,792.0,0.193359375,True,2025078073
10,12,1,1.0,0.476303,0.0,0.0,-0.594078,0.14501953125,0.0029296875,3.520155698001752e-05,3358,Simplified BARK,14,0.00341796875,0.000404648014063026,792.0,0.193359375,True,2025078073
10,12,1,1.0,0.476303,0.0,0.0,-0.594078,0.14501953125,0.0029296875,3.520155698001752e-05,3358,Simplified BARK,18,0.00439453125,0.0004046480016835498,792.0,0.193359375,True,2025078073
10,12,1,1.0,0.476303,0.0,0.0,-0.594078,0.14501953125,0.0029296875,3.520155698001752e-05,3358,Simplified BARK,23,0.005615234375,0.00040464803941664857,792.0,0.193359375,True,2025078073
10,12,1,1.0,0.476303,0.0,0.0,-0.594078,0.14501953125,0.0029296875,3.520155698001752e-05,3358,Simplified BARK,31,0.007568359375,1.8721513881268888e-07,792.0,0.193359375,True,2025078073
10,12,1,1.0,0.476303,0.0,0.0,-0.594078,0.14501953125,0.0029296875,3.520155698001752e-05,3358,Simplified BARK,40,0.009765625,1.9191303097229317e-06,792.0,0.193359375,True,2025078073
10,12,1,1.0,0.476303,0.0,0.0,-0.594078,0.14501953125,0.0029296875,3.520155698001752e-05,3358,Simplified BARK,52,0.0126953125,1.053036393103075e-06,792.0,0.193359375,True,2025078073
10,12,1,1.0,0.476303,0.0,0.0,-0.594078,0.14501953125,0.0029296875,3.520155698001752e-05,3358,Simplified BARK,67,0.016357421875,7.400962847623838e-05,792.0,0.193359375,True,2025078073
10,12,1,1.0,0.476303,0.0,0.0,-0.594078,0.14501953125,0.0029296875,3.520155698001752e-05,3358,Simplified BARK,87,0.021240234375,0.0005276321059574291,792.0,0.193359375,True,2025078073
10,12,1,1.0,0.476303,0.0,0.0,-0.594078,0.14501953125,0.0029296875,3.520155698001752e-05,3358,Simplified BARK,114,0.02783203125,0.001862579302173898,792.0,0.193359375,True,2025078073
10,12,1,1.0,0.476303,0.0,0.0,-0.594078,0.14501953125,0.0029296875,3.520155698001752e-05,3358,Simplified BARK,148,0.0361328125,0.0015212414429724742,792.0,0.193359375,True,2025078073
10,12,1,1.0,0.476303,0.0,0.0,-0.594078,0.14501953125,0.0029296875,3.520155698001752e-05,3358,Simplified BARK,192,0.046875,0.043456960025912095,792.0,0.193359375,True,2025078073
10,12,1,1.0,0.476303,0.0,0.0,-0.594078,0.14501953125,0.0029296875,3.520155698001752e-05,3358,Simplified BARK,250,0.06103515625,0.14146656882676398,792.0,0.193359375,True,2025078073
10,12,1,1.0,0.476303,0.0,0.0,-0.594078,0.14501953125,0.0029296875,3.520155698001752e-05,3358,Simplified BARK,325,0.079345703125,0.2001629944978291,792.0,0.193359375,True,2025078073
10,12,1,1.0,0.476303,0.0,0.0,-0.594078,0.14501953125,0.0029296875,3.520155698001752e-05,3358,Simplified BARK,423,0.103271484375,0.21871307249897143,792.0,0.193359375,True,2025078073
10,12,1,1.0,0.476303,0.0,0.0,-0.594078,0.14501953125,0.0029296875,3.520155698001752e-05,3358,Simplified BARK,550,0.13427734375,0.8375192468788885,792.0,0.193359375,True,2025078073
10,12,1,1.0,0.476303,0.0,0.0,-0.594078,0.14501953125,0.0029296875,3.520155698001752e-05,3358,Simplified BARK,715,0.174560546875,0.9996469068475636,792.0,0.193359375,True,2025078073
10,12,1,1.0,0.476303,0.0,0.0,-0.594078,0.14501953125,0.0029296875,3.520155698001752e-05,3358,Simplified BARK,931,0.227294921875,1.0000000000000009,792.0,0.193359375,True,2025078073
10,12,1,1.0,0.476303,0.0,0.0,-0.594078,0.14501953125,0.0029296875,3.520155698001752e-05,3358,Simplified BARK,1210,0.29541015625,1.0000000000000009,792.0,0.193359375,True,2025078073
10,12,1,1.0,0.476303,0.0,0.0,-0.594078,0.14501953125,0.0029296875,3.520155698001752e-05,3358,Simplified BARK,1575,0.384521484375,1.0000000000000009,792.0,0.193359375,True,2025078073
10,12,1,1.0,0.476303,0.0,0.0,-0.594078,0.14501953125,0.0029296875,3.520155698001752e-05,3358,Simplified BARK,2048,0.5,1.0000000000000009,792.0,0.193359375,True,2025078073
10,12,1,1.0,0.476303,0.0,0.0,-0.594078,0.14501953125,0.0029296875,3.520155698001752e-05,3358,SKQD,1,0.000244140625,3.520155698001752e-05,737.0,0.179931640625,True,2025078073
10,12,1,1.0,0.476303,0.0,0.0,-0.594078,0.14501953125,0.0029296875,3.520155698001752e-05,3358,SKQD,2,0.00048828125,3.520155698001752e-05,737.0,0.179931640625,True,2025078073
10,12,1,1.0,0.476303,0.0,0.0,-0.594078,0.14501953125,0.0029296875,3.520155698001752e-05,3358,SKQD,3,0.000732421875,3.520155698001752e-05,737.0,0.179931640625,True,2025078073
10,12,1,1.0,0.476303,0.0,0.0,-0.594078,0.14501953125,0.0029296875,3.520155698001752e-05,3358,SKQD,4,0.0009765625,0.00032304671337770127,737.0,0.179931640625,True,2025078073
10,12,1,1.0,0.476303,0.0,0.0,-0.594078,0.14501953125,0.0029296875,3.520155698001752e-05,3358,SKQD,5,0.001220703125,0.000901485170455444,737.0,0.179931640625,True,2025078073
10,12,1,1.0,0.476303,0.0,0.0,-0.594078,0.14501953125,0.0029296875,3.520155698001752e-05,3358,SKQD,6,0.00146484375,0.000901485170455444,737.0,0.179931640625,True,2025078073
10,12,1,1.0,0.476303,0.0,0.0,-0.594078,0.14501953125,0.0029296875,3.520155698001752e-05,3358,SKQD,8,0.001953125,0.0023029049076066523,737.0,0.179931640625,True,2025078073
10,12,1,1.0,0.476303,0.0,0.0,-0.594078,0.14501953125,0.0029296875,3.520155698001752e-05,3358,SKQD,11,0.002685546875,0.0023029049076066523,737.0,0.179931640625,True,2025078073
10,12,1,1.0,0.476303,0.0,0.0,-0.594078,0.14501953125,0.0029296875,3.520155698001752e-05,3358,SKQD,14,0.00341796875,0.004939449732131136,737.0,0.179931640625,True,2025078073
10,12,1,1.0,0.476303,0.0,0.0,-0.594078,0.14501953125,0.0029296875,3.520155698001752e-05,3358,SKQD,18,0.00439453125,0.008267858023126422,737.0,0.179931640625,True,2025078073
10,12,1,1.0,0.476303,0.0,0.0,-0.594078,0.14501953125,0.0029296875,3.520155698001752e-05,3358,SKQD,23,0.005615234375,0.014028366251458571,737.0,0.179931640625,True,2025078073
10,12,1,1.0,0.476303,0.0,0.0,-0.594078,0.14501953125,0.0029296875,3.520155698001752e-05,3358,SKQD,31,0.007568359375,0.04506901457029908,737.0,0.179931640625,True,2025078073
10,12,1,1.0,0.476303,0.0,0.0,-0.594078,0.14501953125,0.0029296875,3.520155698001752e-05,3358,SKQD,40,0.009765625,0.07717536432600719,737.0,0.179931640625,True,2025078073
10,12,1,1.0,0.476303,0.0,0.0,-0.594078,0.14501953125,0.0029296875,3.520155698001752e-05,3358,SKQD,52,0.0126953125,0.09341236092916595,737.0,0.179931640625,True,2025078073
10,12,1,1.0,0.476303,0.0,0.0,-0.594078,0.14501953125,0.0029296875,3.520155698001752e-05,3358,SKQD,67,0.016357421875,0.10565187009752237,737.0,0.179931640625,True,2025078073
10,12,1,1.0,0.476303,0.0,0.0,-0.594078,0.14501953125,0.0029296875,3.520155698001752e-05,3358,SKQD,87,0.021240234375,0.20581915577969492,737.0,0.179931640625,True,2025078073
10,12,1,1.0,0.476303,0.0,0.0,-0.594078,0.14501953125,0.0029296875,3.520155698001752e-05,3358,SKQD,114,0.02783203125,0.33381906046046145,737.0,0.179931640625,True,2025078073
10,12,1,1.0,0.476303,0.0,0.0,-0.594078,0.14501953125,0.0029296875,3.520155698001752e-05,3358,SKQD,148,0.0361328125,0.3890913445792905,737.0,0.179931640625,True,2025078073
10,12,1,1.0,0.476303,0.0,0.0,-0.594078,0.14501953125,0.0029296875,3.520155698001752e-05,3358,SKQD,192,0.046875,0.4711046826564845,737.0,0.179931640625,True,2025078073
10,12,1,1.0,0.476303,0.0,0.0,-0.594078,0.14501953125,0.0029296875,3.520155698001752e-05,3358,SKQD,250,0.06103515625,0.5853036329334853,737.0,0.179931640625,True,2025078073
10,12,1,1.0,0.476303,0.0,0.0,-0.594078,0.14501953125,0.0029296875,3.520155698001752e-05,3358,SKQD,325,0.079345703125,0.6357306413793201,737.0,0.179931640625,True,2025078073
10,12,1,1.0,0.476303,0.0,0.0,-0.594078,0.14501953125,0.0029296875,3.520155698001752e-05,3358,SKQD,423,0.103271484375,0.6966504805924228,737.0,0.179931640625,True,2025078073
10,12,1,1.0,0.476303,0.0,0.0,-0.594078,0.14501953125,0.0029296875,3.520155698001752e-05,3358,SKQD,550,0.13427734375,0.7576818662018643,737.0,0.179931640625,True,2025078073
10,12,1,1.0,0.476303,0.0,0.0,-0.594078,0.14501953125,0.0029296875,3.520155698001752e-05,3358,SKQD,715,0.174560546875,0.8787455525919127,737.0,0.179931640625,True,2025078073
10,12,1,1.0,0.476303,0.0,0.0,-0.594078,0.14501953125,0.0029296875,3.520155698001752e-05,3358,SKQD,931,0.227294921875,0.9280944867709563,737.0,0.179931640625,True,2025078073
10,12,1,1.0,0.476303,0.0,0.0,-0.594078,0.14501953125,0.0029296875,3.520155698001752e-05,3358,SKQD,1210,0.29541015625,0.9280944867709563,737.0,0.179931640625,True,2025078073
10,12,1,1.0,0.476303,0.0,0.0,-0.594078,0.14501953125,0.0029296875,3.520155698001752e-05,3358,SKQD,1575,0.384521484375,0.9280944867709563,737.0,0.179931640625,True,2025078073
10,12,1,1.0,0.476303,0.0,0.0,-0.594078,0.14501953125,0.0029296875,3.520155698001752e-05,3358,SKQD,2048,0.5,0.9280944867709563,737.0,0.179931640625,True,2025078073
10,12,1,1.0,0.476303,0.0,0.0,-0.594078,0.14501953125,0.0029296875,3.520155698001752e-05,3358,Ceiling,1,0.000244140625,0.06627869779889523,2048.0,0.5,False,2025078073
10,12,1,1.0,0.476303,0.0,0.0,-0.594078,0.14501953125,0.0029296875,3.520155698001752e-05,3358,Ceiling,2,0.00048828125,0.13255739559778995,2048.0,0.5,False,2025078073
10,12,1,1.0,0.476303,0.0,0.0,-0.594078,0.14501953125,0.0029296875,3.520155698001752e-05,3358,Ceiling,3,0.000732421875,0.1825366119124655,2048.0,0.5,False,2025078073
10,12,1,1.0,0.476303,0.0,0.0,-0.594078,0.14501953125,0.0029296875,3.520155698001752e-05,3358,Ceiling,4,0.0009765625,0.2325158282271404,2048.0,0.5,False,2025078073
10,12,1,1.0,0.476303,0.0,0.0,-0.594078,0.14501953125,0.0029296875,3.520155698001752e-05,3358,Ceiling,5,0.001220703125,0.255651732981135,2048.0,0.5,False,2025078073
10,12,1,1.0,0.476303,0.0,0.0,-0.594078,0.14501953125,0.0029296875,3.520155698001752e-05,3358,Ceiling,6,0.00146484375,0.2787876377351295,2048.0,0.5,False,2025078073
10,12,1,1.0,0.476303,0.0,0.0,-0.594078,0.14501953125,0.0029296875,3.520155698001752e-05,3358,Ceiling,8,0.001953125,0.3250053380132246,2048.0,0.5,False,2025078073
10,12,1,1.0,0.476303,0.0,0.0,-0.594078,0.14501953125,0.0029296875,3.520155698001752e-05,3358,Ceiling,11,0.002685546875,0.3858090935095133,2048.0,0.5,False,2025078073
10,12,1,1.0,0.476303,0.0,0.0,-0.594078,0.14501953125,0.0029296875,3.520155698001752e-05,3358,Ceiling,14,0.00341796875,0.43231505269467346,2048.0,0.5,False,2025078073
10,12,1,1.0,0.476303,0.0,0.0,-0.594078,0.14501953125,0.0029296875,3.520155698001752e-05,3358,Ceiling,18,0.00439453125,0.47869542013419425,2048.0,0.5,False,2025078073
10,12,1,1.0,0.476303,0.0,0.0,-0.594078,0.14501953125,0.0029296875,3.520155698001752e-05,3358,Ceiling,23,0.005615234375,0.5260759045836749,2048.0,0.5,False,2025078073
10,12,1,1.0,0.476303,0.0,0.0,-0.594078,0.14501953125,0.0029296875,3.520155698001752e-05,3358,Ceiling,31,0.007568359375,0.5930159939377964,2048.0,0.5,False,2025078073
10,12,1,1.0,0.476303,0.0,0.0,-0.594078,0.14501953125,0.0029296875,3.520155698001752e-05,3358,Ceiling,40,0.009765625,0.6566081202000097,2048.0,0.5,False,2025078073
10,12,1,1.0,0.476303,0.0,0.0,-0.594078,0.14501953125,0.0029296875,3.520155698001752e-05,3358,Ceiling,52,0.0126953125,0.7171881255297027,2048.0,0.5,False,2025078073
10,12,1,1.0,0.476303,0.0,0.0,-0.594078,0.14501953125,0.0029296875,3.520155698001752e-05,3358,Ceiling,67,0.016357421875,0.7726750327381526,2048.0,0.5,False,2025078073
10,12,1,1.0,0.476303,0.0,0.0,-0.594078,0.14501953125,0.0029296875,3.520155698001752e-05,3358,Ceiling,87,0.021240234375,0.8266210336179389,2048.0,0.5,False,2025078073
10,12,1,1.0,0.476303,0.0,0.0,-0.594078,0.14501953125,0.0029296875,3.520155698001752e-05,3358,Ceiling,114,0.02783203125,0.881463531607296,2048.0,0.5,False,2025078073
10,12,1,1.0,0.476303,0.0,0.0,-0.594078,0.14501953125,0.0029296875,3.520155698001752e-05,3358,Ceiling,148,0.0361328125,0.923052897709631,2048.0,0.5,False,2025078073
10,12,1,1.0,0.476303,0.0,0.0,-0.594078,0.14501953125,0.0029296875,3.520155698001752e-05,3358,Ceiling,192,0.046875,0.9566991637512888,2048.0,0.5,False,2025078073
10,12,1,1.0,0.476303,0.0,0.0,-0.594078,0.14501953125,0.0029296875,3.520155698001752e-05,3358,Ceiling,250,0.06103515625,0.9806545035524394,2048.0,0.5,False,2025078073
10,12,1,1.0,0.476303,0.0,0.0,-0.594078,0.14501953125,0.0029296875,3.520155698001752e-05,3358,Ceiling,325,0.079345703125,0.9929520054152716,2048.0,0.5,False,2025078073
10,12,1,1.0,0.476303,0.0,0.0,-0.594078,0.14501953125,0.0029296875,3.520155698001752e-05,3358,Ceiling,423,0.103271484375,0.9983528691124257,2048.0,0.5,False,2025078073
10,12,1,1.0,0.476303,0.0,0.0,-0.594078,0.14501953125,0.0029296875,3.520155698001752e-05,3358,Ceiling,550,0.13427734375,0.9998793366676741,2048.0,0.5,False,2025078073
10,12,1,1.0,0.476303,0.0,0.0,-0.594078,0.14501953125,0.0029296875,3.520155698001752e-05,3358,Ceiling,715,0.174560546875,0.9999998814171402,2048.0,0.5,False,2025078073
10,12,1,1.0,0.476303,0.0,0.0,-0.594078,0.14501953125,0.0029296875,3.520155698001752e-05,3358,Ceiling,931,0.227294921875,1.0000000000000002,2048.0,0.5,False,2025078073
10,12,1,1.0,0.476303,0.0,0.0,-0.594078,0.14501953125,0.0029296875,3.520155698001752e-05,3358,Ceiling,1210,0.29541015625,1.0000000000000002,2048.0,0.5,False,2025078073
10,12,1,1.0,0.476303,0.0,0.0,-0.594078,0.14501953125,0.0029296875,3.520155698001752e-05,3358,Ceiling,1575,0.384521484375,1.0000000000000002,2048.0,0.5,False,2025078073
10,12,1,1.0,0.476303,0.0,0.0,-0.594078,0.14501953125,0.0029296875,3.520155698001752e-05,3358,Ceiling,2048,0.5,1.0000000000000002,2048.0,0.5,False,2025078073
10,12,1,1.0,0.476303,0.0,0.0,-0.594078,0.14501953125,0.0029296875,1.0685206648322286e-05,731,BARK,1,0.000244140625,1.0685206648322286e-05,792.0,0.193359375,True,2025078073
10,12,1,1.0,0.476303,0.0,0.0,-0.594078,0.14501953125,0.0029296875,1.0685206648322286e-05,731,BARK,2,0.00048828125,1.171305689131152e-05,792.0,0.193359375,True,2025078073
10,12,1,1.0,0.476303,0.0,0.0,-0.594078,0.14501953125,0.0029296875,1.0685206648322286e-05,731,BARK,3,0.000732421875,2.0799945033712867e-05,792.0,0.193359375,True,2025078073
10,12,1,1.0,0.476303,0.0,0.0,-0.594078,0.14501953125,0.0029296875,1.0685206648322286e-05,731,BARK,4,0.0009765625,1.7691686322571265e-05,792.0,0.193359375,True,2025078073
10,12,1,1.0,0.476303,0.0,0.0,-0.594078,0.14501953125,0.0029296875,1.0685206648322286e-05,731,BARK,5,0.001220703125,2.5599518708278102e-05,792.0,0.193359375,True,2025078073
10,12,1,1.0,0.476303,0.0,0.0,-0.594078,0.14501953125,0.0029296875,1.0685206648322286e-05,731,BARK,6,0.00146484375,2.436471132097489e-05,792.0,0.193359375,True,2025078073
10,12,1,1.0,0.476303,0.0,0.0,-0.594078,0.14501953125,0.0029296875,1.0685206648322286e-05,731,BARK,8,0.001953125,2.3887980110003238e-05,792.0,0.193359375,True,2025078073
10,12,1,1.0,0.476303,0.0,0.0,-0.594078,0.14501953125,0.0029296875,1.0685206648322286e-05,731,BARK,11,0.002685546875,0.0007681515499629627,792.0,0.193359375,True,2025078073
10,12,1,1.0,0.476303,0.0,0.0,-0.594078,0.14501953125,0.0029296875,1.0685206648322286e-05,731,BARK,14,0.00341796875,0.0013090697472512222,792.0,0.193359375,True,2025078073
10,12,1,1.0,0.476303,0.0,0.0,-0.594078,0.14501953125,0.0029296875,1.0685206648322286e-05,731,BARK,18,0.00439453125,0.001341963043457107,792.0,0.193359375,True,2025078073
10,12,1,1.0,0.476303,0.0,0.0,-0.594078,0.14501953125,0.0029296875,1.0685206648322286e-05,731,BARK,23,0.005615234375,0.0019304908151011803,792.0,0.193359375,True,2025078073
10,12,1,1.0,0.476303,0.0,0.0,-0.594078,0.14501953125,0.0029296875,1.0685206648322286e-05,731,BARK,31,0.007568359375,0.002005309997923004,792.0,0.193359375,True,2025078073
10,12,1,1.0,0.476303,0.0,0.0,-0.594078,0.14501953125,0.0029296875,1.0685206648322286e-05,731,BARK,40,0.009765625,0.0023070032452040803,792.0,0.193359375,True,2025078073
10,12,1,1.0,0.476303,0.0,0.0,-0.594078,0.14501953125,0.0029296875,1.0685206648322286e-05,731,BARK,52,0.0126953125,0.3114585616611901,792.0,0.193359375,True,2025078073
10,12,1,1.0,0.476303,0.0,0.0,-0.594078,0.14501953125,0.0029296875,1.0685206648322286e-05,731,BARK,67,0.016357421875,0.21082815855522874,792.0,0.193359375,True,2025078073
10,12,1,1.0,0.476303,0.0,0.0,-0.594078,0.14501953125,0.0029296875,1.0685206648322286e-05,731,BARK,87,0.021240234375,0.2435243891372182,792.0,0.193359375,True,2025078073
10,12,1,1.0,0.476303,0.0,0.0,-0.594078,0.14501953125,0.0029296875,1.0685206648322286e-05,731,BARK,114,0.02783203125,0.2276309100795523,792.0,0.193359375,True,2025078073
10,12,1,1.0,0.476303,0.0,0.0,-0.594078,0.14501953125,0.0029296875,1.0685206648322286e-05,731,BARK,148,0.0361328125,0.23286673330754804,792.0,0.193359375,True,2025078073
10,12,1,1.0,0.476303,0.0,0.0,-0.594078,0.14501953125,0.0029296875,1.0685206648322286e-05,731,BARK,192,0.046875,0.2269201148291653,792.0,0.193359375,True,2025078073
10,12,1,1.0,0.476303,0.0,0.0,-0.594078,0.14501953125,0.0029296875,1.0685206648322286e-05,731,BARK,250,0.06103515625,0.21274678545932976,792.0,0.193359375,True,2025078073
10,12,1,1.0,0.476303,0.0,0.0,-0.594078,0.14501953125,0.0029296875,1.0685206648322286e-05,731,BARK,325,0.079345703125,0.2309132827351576,792.0,0.193359375,True,2025078073
10,12,1,1.0,0.476303,0.0,0.0,-0.594078,0.14501953125,0.0029296875,1.0685206648322286e-05,731,BARK,423,0.103271484375,0.4872720930239344,792.0,0.193359375,True,2025078073
10,12,1,1.0,0.476303,0.0,0.0,-0.594078,0.14501953125,0.0029296875,1.0685206648322286e-05,731,BARK,550,0.13427734375,0.7424432333335428,792.0,0.193359375,True,2025078073
10,12,1,1.0,0.476303,0.0,0.0,-0.594078,0.14501953125,0.0029296875,1.0685206648322286e-05,731,BARK,715,0.174560546875,0.997608361288525,792.0,0.193359375,True,2025078073
10,12,1,1.0,0.476303,0.0,0.0,-0.594078,0.14501953125,0.0029296875,1.0685206648322286e-05,731,BARK,931,0.227294921875,1.0000000000000009,792.0,0.193359375,True,2025078073
10,12,1,1.0,0.476303,0.0,0.0,-0.594078,0.14501953125,0.0029296875,1.0685206648322286e-05,731,BARK,1210,0.29541015625,1.0000000000000009,792.0,0.193359375,True,2025078073
10,12,1,1.0,0.476303,0.0,0.0,-0.594078,0.14501953125,0.0029296875,1.0685206648322286e-05,731,BARK,1575,0.384521484375,1.0000000000000009,792.0,0.193359375,True,2025078073
10,12,1,1.0,0.476303,0.0,0.0,-0.594078,0.14501953125,0.0029296875,1.0685206648322286e-05,731,BARK,2048,0.5,1.0000000000000009,792.0,0.193359375,True,2025078073
10,12,1,1.0,0.476303,0.0,0.0,-0.594078,0.14501953125,0.0029296875,1.0685206648322286e-05,731,Simplified BARK,1,0.000244140625,1.0685206648322286e-05,792.0,0.193359375,True,2025078073
10,12,1,1.0,0.476303,0.0,0.0,-0.594078,0.14501953125,0.0029296875,1.0685206648322286e-05,731,Simplified BARK,2,0.00048828125,1.0243678308455016e-05,792.0,0.193359375,True,2025078073
10,12,1,1.0,0.476303,0.0,0.0,-0.594078,0.14501953125,0.0029296875,1.0685206648322286e-05,731,Simplified BARK,3,0.000732421875,9.846657297558537e-06,792.0,0.193359375,True,2025078073
10,12,1,1.0,0.476303,0.0,0.0,-0.594078,0.14501953125,0.0029296875,1.0685206648322286e-05,731,Simplified BARK,4,0.0009765625,9.643014001179357e-06,792.0,0.193359375,True,2025078073
10,12,1,1.0,0.476303,0.0,0.0,-0.594078,0.14501953125,0.0029296875,1.0685206648322286e-05,731,Simplified BARK,5,0.001220703125,9.605167371040176e-06,792.0,0.193359375,True,2025078073
10,12,1,1.0,0.476303,0.0,0.0,-0.594078,0.14501953125,0.0029296875,1.0685206648322286e-05,731,Simplified BARK,6,0.00146484375,9.602497803993648e-06,792.0,0.193359375,True,2025078073
10,12,1,1.0,0.476303,0.0,0.0,-0.594078,0.14501953125,0.0029296875,1.0685206648322286e-05,731,Simplified BARK,8,0.001953125,9.602321994526115e-06,792.0,0.193359375,True,2025078073
10,12,1,1.0,0.476303,0.0,0.0,-0.594078,0.14501953125,0.0029296875,1.0685206648322286e-05,731,Simplified BARK,11,0.002685546875,9.599272682714003e-06,792.0,0.193359375,True,2025078073
10,12,1,1.0,0.476303,0.0,0.0,-0.594078,0.14501953125,0.0029296875,1.0685206648322286e-05,731,Simplified BARK,14,0.00341796875,9.599125254882682e-06,792.0,0.193359375,True,2025078073
10,12,1,1.0,0.476303,0.0,0.0,-0.594078,0.14501953125,0.0029296875,1.0685206648322286e-05,731,Simplified BARK,18,0.00439453125,7.875878367371777e-06,792.0,0.193359375,True,2025078073
10,12,1,1.0,0.476303,0.0,0.0,-0.594078,0.14501953125,0.0029296875,1.0685206648322286e-05,731,Simplified BARK,23,0.005615234375,9.656300719671382e-07,792.0,0.193359375,True,2025078073
10,12,1,1.0,0.476303,0.0,0.0,-0.594078,0.14501953125,0.0029296875,1.0685206648322286e-05,731,Simplified BARK,31,0.007568359375,3.4377172676562487e-06,792.0,0.193359375,True,2025078073
10,12,1,1.0,0.476303,0.0,0.0,-0.594078,0.14501953125,0.0029296875,1.0685206648322286e-05,731,Simplified BARK,40,0.009765625,3.713933136497928e-06,792.0,0.193359375,True,2025078073
10,12,1,1.0,0.476303,0.0,0.0,-0.594078,0.14501953125,0.0029296875,1.0685206648322286e-05,731,Simplified BARK,52,0.0126953125,9.483955317264903e-06,792.0,0.193359375,True,2025078073
10,12,1,1.0,0.476303,0.0,0.0,-0.594078,0.14501953125,0.0029296875,1.0685206648322286e-05,731,Simplified BARK,67,0.016357421875,7.82809128239906e-05,792.0,0.193359375,True,2025078073
10,12,1,1.0,0.476303,0.0,0.0,-0.594078,0.14501953125,0.0029296875,1.0685206648322286e-05,731,Simplified BARK,87,0.021240234375,0.0006019031520354938,792.0,0.193359375,True,2025078073
10,12,1,1.0,0.476303,0.0,0.0,-0.594078,0.14501953125,0.0029296875,1.0685206648322286e-05,731,Simplified BARK,114,0.02783203125,0.001884013937945002,792.0,0.193359375,True,2025078073
10,12,1,1.0,0.476303,0.0,0.0,-0.594078,0.14501953125,0.0029296875,1.0685206648322286e-05,731,Simplified BARK,148,0.0361328125,0.0017056010336603026,792.0,0.193359375,True,2025078073
10,12,1,1.0,0.476303,0.0,0.0,-0.594078,0.14501953125,0.0029296875,1.0685206648322286e-05,731,Simplified BARK,192,0.046875,0.05322144813578249,792.0,0.193359375,True,2025078073
10,12,1,1.0,0.476303,0.0,0.0,-0.594078,0.14501953125,0.0029296875,1.0685206648322286e-05,731,Simplified BARK,250,0.06103515625,0.14900850983743547,792.0,0.193359375,True,2025078073
10,12,1,1.0,0.476303,0.0,0.0,-0.594078,0.14501953125,0.0029296875,1.0685206648322286e-05,731,Simplified BARK,325,0.079345703125,0.20015281091692488,792.0,0.193359375,True,2025078073
10,12,1,1.0,0.476303,0.0,0.0,-0.594078,0.14501953125,0.0029296875,1.0685206648322286e-05,731,Simplified BARK,423,0.103271484375,0.21779423700866915,792.0,0.193359375,True,2025078073
10,12,1,1.0,0.476303,0.0,0.0,-0.594078,0.14501953125,0.0029296875,1.0685206648322286e-05,731,Simplified BARK,550,0.13427734375,0.8374804827434137,792.0,0.193359375,True,2025078073
10,12,1,1.0,0.476303,0.0,0.0,-0.594078,0.14501953125,0.0029296875,1.0685206648322286e-05,731,Simplified BARK,715,0.174560546875,0.9996469068475639,792.0,0.193359375,True,2025078073
10,12,1,1.0,0.476303,0.0,0.0,-0.594078,0.14501953125,0.0029296875,1.0685206648322286e-05,731,Simplified BARK,931,0.227294921875,1.0000000000000009,792.0,0.193359375,True,2025078073
10,12,1,1.0,0.476303,0.0,0.0,-0.594078,0.14501953125,0.0029296875,1.0685206648322286e-05,731,Simplified BARK,1210,0.29541015625,1.0000000000000009,792.0,0.193359375,True,2025078073
10,12,1,1.0,0.476303,0.0,0.0,-0.594078,0.14501953125,0.0029296875,1.0685206648322286e-05,731,Simplified BARK,1575,0.384521484375,1.0000000000000009,792.0,0.193359375,True,2025078073
10,12,1,1.0,0.476303,0.0,0.0,-0.594078,0.14501953125,0.0029296875,1.0685206648322286e-05,731,Simplified BARK,2048,0.5,1.0000000000000009,792.0,0.193359375,True,2025078073
10,12,1,1.0,0.476303,0.0,0.0,-0.594078,0.14501953125,0.0029296875,1.0685206648322286e-05,731,SKQD,1,0.000244140625,1.0685206648322286e-05,761.0,0.185791015625,True,2025078073
10,12,1,1.0,0.476303,0.0,0.0,-0.594078,0.14501953125,0.0029296875,1.0685206648322286e-05,731,SKQD,2,0.00048828125,1.0685206648322286e-05,761.0,0.185791015625,True,2025078073
10,12,1,1.0,0.476303,0.0,0.0,-0.594078,0.14501953125,0.0029296875,1.0685206648322286e-05,731,SKQD,3,0.000732421875,1.0685206648322286e-05,761.0,0.185791015625,True,2025078073
10,12,1,1.0,0.476303,0.0,0.0,-0.594078,0.14501953125,0.0029296875,1.0685206648322286e-05,731,SKQD,4,0.0009765625,1.0685206648322286e-05,761.0,0.185791015625,True,2025078073
10,12,1,1.0,0.476303,0.0,0.0,-0.594078,0.14501953125,0.0029296875,1.0685206648322286e-05,731,SKQD,5,0.001220703125,1.0685206648322286e-05,761.0,0.185791015625,True,2025078073
10,12,1,1.0,0.476303,0.0,0.0,-0.594078,0.14501953125,0.0029296875,1.0685206648322286e-05,731,SKQD,6,0.00146484375,1.0685206648322286e-05,761.0,0.185791015625,True,2025078073
10,12,1,1.0,0.476303,0.0,0.0,-0.594078,0.14501953125,0.0029296875,1.0685206648322286e-05,731,SKQD,8,0.001953125,1.0685206648322286e-05,761.0,0.185791015625,True,2025078073
10,12,1,1.0,0.476303,0.0,0.0,-0.594078,0.14501953125,0.0029296875,1.0685206648322286e-05,731,SKQD,11,0.002685546875,6.947714467788778e-05,761.0,0.185791015625,True,2025078073
10,12,1,1.0,0.476303,0.0,0.0,-0.594078,0.14501953125,0.0029296875,1.0685206648322286e-05,731,SKQD,14,0.00341796875,6.947714467788778e-05,761.0,0.185791015625,True,2025078073
10,12,1,1.0,0.476303,0.0,0.0,-0.594078,0.14501953125,0.0029296875,1.0685206648322286e-05,731,SKQD,18,0.00439453125,0.00011967240810724845,761.0,0.185791015625,True,2025078073
10,12,1,1.0,0.476303,0.0,0.0,-0.594078,0.14501953125,0.0029296875,1.0685206648322286e-05,731,SKQD,23,0.005615234375,0.00011967240810724845,761.0,0.185791015625,True,2025078073
10,12,1,1.0,0.476303,0.0,0.0,-0.594078,0.14501953125,0.0029296875,1.0685206648322286e-05,731,SKQD,31,0.007568359375,0.0011408125451674292,761.0,0.185791015625,True,2025078073
10,12,1,1.0,0.476303,0.0,0.0,-0.594078,0.14501953125,0.0029296875,1.0685206648322286e-05,731,SKQD,40,0.009765625,0.002710230950569296,761.0,0.185791015625,True,2025078073
10,12,1,1.0,0.476303,0.0,0.0,-0.594078,0.14501953125,0.0029296875,1.0685206648322286e-05,731,SKQD,52,0.0126953125,0.002710230950569296,761.0,0.185791015625,True,2025078073
10,12,1,1.0,0.476303,0.0,0.0,-0.594078,0.14501953125,0.0029296875,1.0685206648322286e-05,731,SKQD,67,0.016357421875,0.0034800144111707034,761.0,0.185791015625,True,2025078073
10,12,1,1.0,0.476303,0.0,0.0,-0.594078,0.14501953125,0.0029296875,1.0685206648322286e-05,731,SKQD,87,0.021240234375,0.00501818520418701,761.0,0.185791015625,True,2025078073
10,12,1,1.0,0.476303,0.0,0.0,-0.594078,0.14501953125,0.0029296875,1.0685206648322286e-05,731,SKQD,114,0.02783203125,0.006328826720987454,761.0,0.185791015625,True,2025078073
10,12,1,1.0,0.476303,0.0,0.0,-0.594078,0.14501953125,0.0029296875,1.0685206648322286e-05,731,SKQD,148,0.0361328125,0.012778628168366252,761.0,0.185791015625,True,2025078073
10,12,1,1.0,0.476303,0.0,0.0,-0.594078,0.14501953125,0.0029296875,1.0685206648322286e-05,731,SKQD,192,0.046875,0.017462079510544643,761.0,0.185791015625,True,2025078073
10,12,1,1.0,0.476303,0.0,0.0,-0.594078,0.14501953125,0.0029296875,1.0685206648322286e-05,731,SKQD,250,0.06103515625,0.05507689761787867,761.0,0.185791015625,True,2025078073
10,12,1,1.0,0.476303,0.0,0.0,-0.594078,0.14501953125,0.0029296875,1.0685206648322286e-05,731,SKQD,325,0.079345703125,0.15626529902790345,761.0,0.185791015625,True,2025078073
10,12,1,1.0,0.476303,0.0,0.0,-0.594078,0.14501953125,0.0029296875,1.0685206648322286e-05,731,SKQD,423,0.103271484375,0.47975615871551525,761.0,0.185791015625,True,2025078073
10,12,1,1.0,0.476303,0.0,0.0,-0.594078,0.14501953125,0.0029296875,1.0685206648322286e-05,731,SKQD,550,0.13427734375,0.7801349425009687,761.0,0.185791015625,True,2025078073
10,12,1,1.0,0.476303,0.0,0.0,-0.594078,0.14501953125,0.0029296875,1.0685206648322286e-05,731,SKQD,715,0.174560546875,0.9802072417560579,761.0,0.185791015625,True,2025078073
10,12,1,1.0,0.476303,0.0,0.0,-0.594078,0.14501953125,0.0029296875,1.0685206648322286e-05,731,SKQD,931,0.227294921875,0.9946261961604179,761.0,0.185791015625,True,2025078073
10,12,1,1.0,0.476303,0.0,0.0,-0.594078,0.14501953125,0.0029296875,1.0685206648322286e-05,731,SKQD,1210,0.29541015625,0.9946261961604179,761.0,0.185791015625,True,2025078073
10,12,1,1.0,0.476303,0.0,0.0,-0.594078,0.14501953125,0.0029296875,1.0685206648322286e-05,731,SKQD,1575,0.384521484375,0.9946261961604179,761.0,0.185791015625,True,2025078073
10,12,1,1.0,0.476303,0.0,0.0,-0.594078,0.14501953125,0.0029296875,1.0685206648322286e-05,731,SKQD,2048,0.5,0.9946261961604179,761.0,0.185791015625,True,2025078073
10,12,1,1.0,0.476303,0.0,0.0,-0.594078,0.14501953125,0.0029296875,1.0685206648322286e-05,731,Ceiling,1,0.000244140625,0.06627869779889523,2048.0,0.5,False,2025078073
10,12,1,1.0,0.476303,0.0,0.0,-0.594078,0.14501953125,0.0029296875,1.0685206648322286e-05,731,Ceiling,2,0.00048828125,0.13255739559778995,2048.0,0.5,False,2025078073
10,12,1,1.0,0.476303,0.0,0.0,-0.594078,0.14501953125,0.0029296875,1.0685206648322286e-05,731,Ceiling,3,0.000732421875,0.1825366119124655,2048.0,0.5,False,2025078073
10,12,1,1.0,0.476303,0.0,0.0,-0.594078,0.14501953125,0.0029296875,1.0685206648322286e-05,731,Ceiling,4,0.0009765625,0.2325158282271404,2048.0,0.5,False,2025078073
10,12,1,1.0,0.476303,0.0,0.0,-0.594078,0.14501953125,0.0029296875,1.0685206648322286e-05,731,Ceiling,5,0.001220703125,0.255651732981135,2048.0,0.5,False,2025078073
10,12,1,1.0,0.476303,0.0,0.0,-0.594078,0.14501953125,0.0029296875,1.0685206648322286e-05,731,Ceiling,6,0.00146484375,0.2787876377351295,2048.0,0.5,False,2025078073
10,12,1,1.0,0.476303,0.0,0.0,-0.594078,0.14501953125,0.0029296875,1.0685206648322286e-05,731,Ceiling,8,0.001953125,0.3250053380132246,2048.0,0.5,False,2025078073
10,12,1,1.0,0.476303,0.0,0.0,-0.594078,0.14501953125,0.0029296875,1.0685206648322286e-05,731,Ceiling,11,0.002685546875,0.3858090935095133,2048.0,0.5,False,2025078073
10,12,1,1.0,0.476303,0.0,0.0,-0.594078,0.14501953125,0.0029296875,1.0685206648322286e-05,731,Ceiling,14,0.00341796875,0.43231505269467346,2048.0,0.5,False,2025078073
10,12,1,1.0,0.476303,0.0,0.0,-0.594078,0.14501953125,0.0029296875,1.0685206648322286e-05,731,Ceiling,18,0.00439453125,0.47869542013419425,2048.0,0.5,False,2025078073
10,12,1,1.0,0.476303,0.0,0.0,-0.594078,0.14501953125,0.0029296875,1.0685206648322286e-05,731,Ceiling,23,0.005615234375,0.5260759045836749,2048.0,0.5,False,2025078073
10,12,1,1.0,0.476303,0.0,0.0,-0.594078,0.14501953125,0.0029296875,1.0685206648322286e-05,731,Ceiling,31,0.007568359375,0.5930159939377964,2048.0,0.5,False,2025078073
10,12,1,1.0,0.476303,0.0,0.0,-0.594078,0.14501953125,0.0029296875,1.0685206648322286e-05,731,Ceiling,40,0.009765625,0.6566081202000097,2048.0,0.5,False,2025078073
10,12,1,1.0,0.476303,0.0,0.0,-0.594078,0.14501953125,0.0029296875,1.0685206648322286e-05,731,Ceiling,52,0.0126953125,0.7171881255297027,2048.0,0.5,False,2025078073
10,12,1,1.0,0.476303,0.0,0.0,-0.594078,0.14501953125,0.0029296875,1.0685206648322286e-05,731,Ceiling,67,0.016357421875,0.7726750327381526,2048.0,0.5,False,2025078073
10,12,1,1.0,0.476303,0.0,0.0,-0.594078,0.14501953125,0.0029296875,1.0685206648322286e-05,731,Ceiling,87,0.021240234375,0.8266210336179389,2048.0,0.5,False,2025078073
10,12,1,1.0,0.476303,0.0,0.0,-0.594078,0.14501953125,0.0029296875,1.0685206648322286e-05,731,Ceiling,114,0.02783203125,0.881463531607296,2048.0,0.5,False,2025078073
10,12,1,1.0,0.476303,0.0,0.0,-0.594078,0.14501953125,0.0029296875,1.0685206648322286e-05,731,Ceiling,148,0.0361328125,0.923052897709631,2048.0,0.5,False,2025078073
10,12,1,1.0,0.476303,0.0,0.0,-0.594078,0.14501953125,0.0029296875,1.0685206648322286e-05,731,Ceiling,192,0.046875,0.9566991637512888,2048.0,0.5,False,2025078073
10,12,1,1.0,0.476303,0.0,0.0,-0.594078,0.14501953125,0.0029296875,1.0685206648322286e-05,731,Ceiling,250,0.06103515625,0.9806545035524394,2048.0,0.5,False,2025078073
10,12,1,1.0,0.476303,0.0,0.0,-0.594078,0.14501953125,0.0029296875,1.0685206648322286e-05,731,Ceiling,325,0.079345703125,0.9929520054152716,2048.0,0.5,False,2025078073
10,12,1,1.0,0.476303,0.0,0.0,-0.594078,0.14501953125,0.0029296875,1.0685206648322286e-05,731,Ceiling,423,0.103271484375,0.9983528691124257,2048.0,0.5,False,2025078073
10,12,1,1.0,0.476303,0.0,0.0,-0.594078,0.14501953125,0.0029296875,1.0685206648322286e-05,731,Ceiling,550,0.13427734375,0.9998793366676741,2048.0,0.5,False,2025078073
10,12,1,1.0,0.476303,0.0,0.0,-0.594078,0.14501953125,0.0029296875,1.0685206648322286e-05,731,Ceiling,715,0.174560546875,0.9999998814171402,2048.0,0.5,False,2025078073
10,12,1,1.0,0.476303,0.0,0.0,-0.594078,0.14501953125,0.0029296875,1.0685206648322286e-05,731,Ceiling,931,0.227294921875,1.0000000000000002,2048.0,0.5,False,2025078073
10,12,1,1.0,0.476303,0.0,0.0,-0.594078,0.14501953125,0.0029296875,1.0685206648322286e-05,731,Ceiling,1210,0.29541015625,1.0000000000000002,2048.0,0.5,False,2025078073
10,12,1,1.0,0.476303,0.0,0.0,-0.594078,0.14501953125,0.0029296875,1.0685206648322286e-05,731,Ceiling,1575,0.384521484375,1.0000000000000002,2048.0,0.5,False,2025078073
10,12,1,1.0,0.476303,0.0,0.0,-0.594078,0.14501953125,0.0029296875,1.0685206648322286e-05,731,Ceiling,2048,0.5,1.0000000000000002,2048.0,0.5,False,2025078073
0,12,2,1.0,-0.81358,0.0,0.0,0.120636,0.000244140625,0.00439453125,1.0,0,BARK,1,0.000244140625,1.0,1.0,0.000244140625,True,1356469640
0,12,2,1.0,-0.81358,0.0,0.0,0.120636,0.000244140625,0.00439453125,1.0,0,BARK,2,0.00048828125,1.0,1.0,0.000244140625,True,1356469640
0,12,2,1.0,-0.81358,0.0,0.0,0.120636,0.000244140625,0.00439453125,1.0,0,BARK,3,0.000732421875,1.0,1.0,0.000244140625,True,1356469640
0,12,2,1.0,-0.81358,0.0,0.0,0.120636,0.000244140625,0.00439453125,1.0,0,BARK,4,0.0009765625,1.0,1.0,0.000244140625,True,1356469640
0,12,2,1.0,-0.81358,0.0,0.0,0.120636,0.000244140625,0.00439453125,1.0,0,BARK,5,0.001220703125,1.0,1.0,0.000244140625,True,1356469640
0,12,2,1.0,-0.81358,0.0,0.0,0.120636,0.000244140625,0.00439453125,1.0,0,BARK,6,0.00146484375,1.0,1.0,0.000244140625,True,1356469640
0,12,2,1.0,-0.81358,0.0,0.0,0.120636,0.000244140625,0.00439453125,1.0,0,BARK,8,0.001953125,1.0,1.0,0.000244140625,True,1356469640
0,12,2,1.0,-0.81358,0.0,0.0,0.120636,0.000244140625,0.00439453125,1.0,0,BARK,11,0.002685546875,1.0,1.0,0.000244140625,True,1356469640
0,12,2,1.0,-0.81358,0.0,0.0,0.120636,0.000244140625,0.00439453125,1.0,0,BARK,14,0.00341796875,1.0,1.0,0.000244140625,True,1356469640
0,12,2,1.0,-0.81358,0.0,0.0,0.120636,0.000244140625,0.00439453125,1.0,0,BARK,18,0.00439453125,1.0,1.0,0.000244140625,True,1356469640
0,12,2,1.0,-0.81358,0.0,0.0,0.120636,0.000244140625,0.00439453125,1.0,0,BARK,23,0.005615234375,1.0,1.0,0.000244140625,True,1356469640
0,12,2,1.0,-0.81358,0.0,0.0,0.120636,0.000244140625,0.00439453125,1.0,0,BARK,31,0.007568359375,1.0,1.0,0.000244140625,True,1356469640
0,12,2,1.0,-0.81358,0.0,0.0,0.120636,0.000244140625,0.00439453125,1.0,0,BARK,40,0.009765625,1.0,1.0,0.000244140625,True,1356469640
0,12,2,1.0,-0.81358,0.0,0.0,0.120636,0.000244140625,0.00439453125,1.0,0,BARK,52,0.0126953125,1.0,1.0,0.000244140625,True,1356469640
0,12,2,1.0,-0.81358,0.0,0.0,0.120636,0.000244140625,0.00439453125,1.0,0,BARK,67,0.016357421875,1.0,1.0,0.000244140625,True,1356469640
0,12,2,1.0,-0.81358,0.0,0.0,0.120636,0.000244140625,0.00439453125,1.0,0,BARK,87,0.021240234375,1.0,1.0,0.000244140625,True,1356469640
0,12,2,1.0,-0.81358,0.0,0.0,0.120636,0.000244140625,0.00439453125,1.0,0,BARK,114,0.02783203125,1.0,1.0,0.000244140625,True,1356469640
0,12,2,1.0,-0.81358,0.0,0.0,0.120636,0.000244140625,0.00439453125,1.0,0,BARK,148,0.0361328125,1.0,1.0,0.000244140625,True,1356469640
0,12,2,1.0,-0.81358,0.0,0.0,0.120636,0.000244140625,0.00439453125,1.0,0,BARK,192,0.046875,1.0,1.0,0.000244140625,True,1356469640
0,12,2,1.0,-0.81358,0.0,0.0,0.120636,0.000244140625,0.00439453125,1.0,0,BARK,250,0.06103515625,1.0,1.0,0.000244140625,True,1356469640
0,12,2,1.0,-0.81358,0.0,0.0,0.120636,0.000244140625,0.00439453125,1.0,0,BARK,325,0.079345703125,1.0,1.0,0.000244140625,True,1356469640
0,12,2,1.0,-0.81358,0.0,0.0,0.120636,0.000244140625,0.00439453125,1.0,0,BARK,423,0.103271484375,1.0,1.0,0.000244140625,True,1356469640
0,12,2,1.0,-0.81358,0.0,0.0,0.120636,0.000244140625,0.00439453125,1.0,0,BARK,550,0.13427734375,1.0,1.0,0.000244140625,True,1356469640
0,12,2,1.0,-0.81358,0.0,0.0,0.120636,0.000244140625,0.00439453125,1.0,0,BARK,715,0.174560546875,1.0,1.0,0.000244140625,True,1356469640
0,12,2,1.0,-0.81358,0.0,0.0,0.120636,0.000244140625,0.00439453125,1.0,0,BARK,931,0.227294921875,1.0,1.0,0.000244140625,True,1356469640
0,12,2,1.0,-0.81358,0.0,0.0,0.120636,0.000244140625,0.00439453125,1.0,0,BARK,1210,0.29541015625,1.0,1.0,0.000244140625,True,1356469640
0,12,2,1.0,-0.81358,0.0,0.0,0.120636,0.000244140625,0.00439453125,1.0,0,BARK,1575,0.384521484375,1.0,1.0,0.000244140625,True,1356469640
0,12,2,1.0,-0.81358,0.0,0.0,0.120636,0.000244140625,0.00439453125,1.0,0,BARK,2048,0.5,1.0,1.0,0.000244140625,True,1356469640
0,12,2,1.0,-0.81358,0.0,0.0,0.120636,0.000244140625,0.00439453125,1.0,0,Simplified BARK,1,0.000244140625,1.0,1.0,0.000244140625,True,1356469640
0,12,2,1.0,-0.81358,0.0,0.0,0.120636,0.000244140625,0.00439453125,1.0,0,Simplified BARK,2,0.00048828125,1.0,1.0,0.000244140625,True,1356469640
0,12,2,1.0,-0.81358,0.0,0.0,0.120636,0.000244140625,0.00439453125,1.0,0,Simplified BARK,3,0.000732421875,1.0,1.0,0.000244140625,True,1356469640
0,12,2,1.0,-0.81358,0.0,0.0,0.120636,0.000244140625,0.00439453125,1.0,0,Simplified BARK,4,0.0009765625,1.0,1.0,0.000244140625,True,1356469640
0,12,2,1.0,-0.81358,0.0,0.0,0.120636,0.000244140625,0.00439453125,1.0,0,Simplified BARK,5,0.001220703125,1.0,1.0,0.000244140625,True,1356469640
0,12,2,1.0,-0.81358,0.0,0.0,0.120636,0.000244140625,0.00439453125,1.0,0,Simplified BARK,6,0.00146484375,1.0,1.0,0.000244140625,True,1356469640
0,12,2,1.0,-0.81358,0.0,0.0,0.120636,0.000244140625,0.00439453125,1.0,0,Simplified BARK,8,0.001953125,1.0,1.0,0.000244140625,True,1356469640
0,12,2,1.0,-0.81358,0.0,0.0,0.120636,0.000244140625,0.00439453125,1.0,0,Simplified BARK,11,0.002685546875,1.0,1.0,0.000244140625,True,1356469640
0,12,2,1.0,-0.81358,0.0,0.0,0.120636,0.000244140625,0.00439453125,1.0,0,Simplified BARK,14,0.00341796875,1.0,1.0,0.000244140625,True,1356469640
0,12,2,1.0,-0.81358,0.0,0.0,0.120636,0.000244140625,0.00439453125,1.0,0,Simplified BARK,18,0.00439453125,1.0,1.0,0.000244140625,True,1356469640
0,12,2,1.0,-0.81358,0.0,0.0,0.120636,0.000244140625,0.00439453125,1.0,0,Simplified BARK,23,0.005615234375,1.0,1.0,0.000244140625,True,1356469640
0,12,2,1.0,-0.81358,0.0,0.0,0.120636,0.000244140625,0.00439453125,1.0,0,Simplified BARK,31,0.007568359375,1.0,1.0,0.000244140625,True,1356469640
0,12,2,1.0,-0.81358,0.0,0.0,0.120636,0.000244140625,0.00439453125,1.0,0,Simplified BARK,40,0.009765625,1.0,1.0,0.000244140625,True,1356469640
0,12,2,1.0,-0.81358,0.0,0.0,0.120636,0.000244140625,0.00439453125,1.0,0,Simplified BARK,52,0.0126953125,1.0,1.0,0.000244140625,True,1356469640
0,12,2,1.0,-0.81358,0.0,0.0,0.120636,0.000244140625,0.00439453125,1.0,0,Simplified BARK,67,0.016357421875,1.0,1.0,0.000244140625,True,1356469640
0,12,2,1.0,-0.81358,0.0,0.0,0.120636,0.000244140625,0.00439453125,1.0,0,Simplified BARK,87,0.021240234375,1.0,1.0,0.000244140625,True,1356469640
0,12,2,1.0,-0.81358,0.0,0.0,0.120636,0.000244140625,0.00439453125,1.0,0,Simplified BARK,114,0.02783203125,1.0,1.0,0.000244140625,True,1356469640
0,12,2,1.0,-0.81358,0.0,0.0,0.120636,0.000244140625,0.00439453125,1.0,0,Simplified BARK,148,0.0361328125,1.0,1.0,0.000244140625,True,1356469640
0,12,2,1.0,-0.81358,0.0,0.0,0.120636,0.000244140625,0.00439453125,1.0,0,Simplified BARK,192,0.046875,1.0,1.0,0.000244140625,True,1356469640
0,12,2,1.0,-0.81358,0.0,0.0,0.120636,0.000244140625,0.00439453125,1.0,0,Simplified BARK,250,0.06103515625,1.0,1.0,0.000244140625,True,1356469640
0,12,2,1.0,-0.81358,0.0,0.0,0.120636,0.000244140625,0.00439453125,1.0,0,Simplified BARK,325,0.079345703125,1.0,1.0,0.000244140625,True,1356469640
0,12,2,1.0,-0.81358,0.0,0.0,0.120636,0.000244140625,0.00439453125,1.0,0,Simplified BARK,423,0.103271484375,1.0,1.0,0.000244140625,True,1356469640
0,12,2,1.0,-0.81358,0.0,0.0,0.120636,0.000244140625,0.00439453125,1.0,0,Simplified BARK,550,0.13427734375,1.0,1.0,0.000244140625,True,1356469640
0,12,2,1.0,-0.81358,0.0,0.0,0.120636,0.000244140625,0.00439453125,1.0,0,Simplified BARK,715,0.174560546875,1.0,1.0,0.000244140625,True,1356469640
0,12,2,1.0,-0.81358,0.0,0.0,0.120636,0.000244140625,0.00439453125,1.0,0,Simplified BARK,931,0.227294921875,1.0,1.0,0.000244140625,True,1356469640
0,12,2,1.0,-0.81358,0.0,0.0,0.120636,0.000244140625,0.00439453125,1.0,0,Simplified BARK,1210,0.29541015625,1.0,1.0,0.000244140625,True,1356469640
0,12,2,1.0,-0.81358,0.0,0.0,0.120636,0.000244140625,0.00439453125,1.0,0,Simplified BARK,1575,0.384521484375,1.0,1.0,0.000244140625,True,1356469640
0,12,2,1.0,-0.81358,0.0,0.0,0.120636,0.000244140625,0.00439453125,1.0,0,Simplified BARK,2048,0.5,1.0,1.0,0.000244140625,True,1356469640
0,12,2,1.0,-0.81358,0.0,0.0,0.120636,0.000244140625,0.00439453125,1.0,0,SKQD,1,0.000244140625,1.0,1.0,0.000244140625,True,1356469640
0,12,2,1.0,-0.81358,0.0,0.0,0.120636,0.000244140625,0.00439453125,1.0,0,SKQD,2,0.00048828125,1.0,1.0,0.000244140625,True,1356469640
0,12,2,1.0,-0.81358,0.0,0.0,0.120636,0.000244140625,0.00439453125,1.0,0,SKQD,3,0.000732421875,1.0,1.0,0.000244140625,True,1356469640
0,12,2,1.0,-0.81358,0.0,0.0,0.120636,0.000244140625,0.00439453125,1.0,0,SKQD,4,0.0009765625,1.0,1.0,0.000244140625,True,1356469640
0,12,2,1.0,-0.81358,0.0,0.0,0.120636,0.000244140625,0.00439453125,1.0,0,SKQD,5,0.001220703125,1.0,1.0,0.000244140625,True,1356469640
0,12,2,1.0,-0.81358,0.0,0.0,0.120636,0.000244140625,0.00439453125,1.0,0,SKQD,6,0.00146484375,1.0,1.0,0.000244140625,True,1356469640
0,12,2,1.0,-0.81358,0.0,0.0,0.120636,0.000244140625,0.00439453125,1.0,0,SKQD,8,0.001953125,1.0,1.0,0.000244140625,True,1356469640
0,12,2,1.0,-0.81358,0.0,0.0,0.120636,0.000244140625,0.00439453125,1.0,0,SKQD,11,0.002685546875,1.0,1.0,0.000244140625,True,1356469640
0,12,2,1.0,-0.81358,0.0,0.0,0.120636,0.000244140625,0.00439453125,1.0,0,SKQD,14,0.00341796875,1.0,1.0,0.000244140625,True,1356469640
0,12,2,1.0,-0.81358,0.0,0.0,0.120636,0.000244140625,0.00439453125,1.0,0,SKQD,18,0.00439453125,1.0,1.0,0.000244140625,True,1356469640
0,12,2,1.0,-0.81358,0.0,0.0,0.120636,0.000244140625,0.00439453125,1.0,0,SKQD,23,0.005615234375,1.0,1.0,0.000244140625,True,1356469640
0,12,2,1.0,-0.81358,0.0,0.0,0.120636,0.000244140625,0.00439453125,1.0,0,SKQD,31,0.007568359375,1.0,1.0,0.000244140625,True,1356469640
0,12,2,1.0,-0.81358,0.0,0.0,0.120636,0.000244140625,0.00439453125,1.0,0,SKQD,40,0.009765625,1.0,1.0,0.000244140625,True,1356469640
0,12,2,1.0,-0.81358,0.0,0.0,0.120636,0.000244140625,0.00439453125,1.0,0,SKQD,52,0.0126953125,1.0,1.0,0.000244140625,True,1356469640
0,12,2,1.0,-0.81358,0.0,0.0,0.120636,0.000244140625,0.00439453125,1.0,0,SKQD,67,0.016357421875,1.0,1.0,0.000244140625,True,1356469640
0,12,2,1.0,-0.81358,0.0,0.0,0.120636,0.000244140625,0.00439453125,1.0,0,SKQD,87,0.021240234375,1.0,1.0,0.000244140625,True,1356469640
0,12,2,1.0,-0.81358,0.0,0.0,0.120636,0.000244140625,0.00439453125,1.0,0,SKQD,114,0.02783203125,1.0,1.0,0.000244140625,True,1356469640
0,12,2,1.0,-0.81358,0.0,0.0,0.120636,0.000244140625,0.00439453125,1.0,0,SKQD,148,0.0361328125,1.0,1.0,0.000244140625,True,1356469640
0,12,2,1.0,-0.81358,0.0,0.0,0.120636,0.000244140625,0.00439453125,1.0,0,SKQD,192,0.046875,1.0,1.0,0.000244140625,True,1356469640
0,12,2,1.0,-0.81358,0.0,0.0,0.120636,0.000244140625,0.00439453125,1.0,0,SKQD,250,0.06103515625,1.0,1.0,0.000244140625,True,1356469640
0,12,2,1.0,-0.81358,0.0,0.0,0.120636,0.000244140625,0.00439453125,1.0,0,SKQD,325,0.079345703125,1.0,1.0,0.000244140625,True,1356469640
0,12,2,1.0,-0.81358,0.0,0.0,0.120636,0.000244140625,0.00439453125,1.0,0,SKQD,423,0.103271484375,1.0,1.0,0.000244140625,True,1356469640
0,12,2,1.0,-0.81358,0.0,0.0,0.120636,0.000244140625,0.00439453125,1.0,0,SKQD,550,0.13427734375,1.0,1.0,0.000244140625,True,1356469640
0,12,2,1.0,-0.81358,0.0,0.0,0.120636,0.000244140625,0.00439453125,1.0,0,SKQD,715,0.174560546875,1.0,1.0,0.000244140625,True,1356469640
0,12,2,1.0,-0.81358,0.0,0.0,0.120636,0.000244140625,0.00439453125,1.0,0,SKQD,931,0.227294921875,1.0,1.0,0.000244140625,True,1356469640
0,12,2,1.0,-0.81358,0.0,0.0,0.120636,0.000244140625,0.00439453125,1.0,0,SKQD,1210,0.29541015625,1.0,1.0,0.000244140625,True,1356469640
0,12,2,1.0,-0.81358,0.0,0.0,0.120636,0.000244140625,0.00439453125,1.0,0,SKQD,1575,0.384521484375,1.0,1.0,0.000244140625,True,1356469640
0,12,2,1.0,-0.81358,0.0,0.0,0.120636,0.000244140625,0.00439453125,1.0,0,SKQD,2048,0.5,1.0,1.0,0.000244140625,True,1356469640
0,12,2,1.0,-0.81358,0.0,0.0,0.120636,0.000244140625,0.00439453125,1.0,0,Ceiling,1,0.000244140625,1.0,2048.0,0.5,False,1356469640
0,12,2,1.0,-0.81358,0.0,0.0,0.120636,0.000244140625,0.00439453125,1.0,0,Ceiling,2,0.00048828125,1.0,2048.0,0.5,False,1356469640
0,12,2,1.0,-0.81358,0.0,0.0,0.120636,0.000244140625,0.00439453125,1.0,0,Ceiling,3,0.000732421875,1.0,2048.0,0.5,False,1356469640
0,12,2,1.0,-0.81358,0.0,0.0,0.120636,0.000244140625,0.00439453125,1.0,0,Ceiling,4,0.0009765625,1.0,2048.0,0.5,False,1356469640
0,12,2,1.0,-0.81358,0.0,0.0,0.120636,0.000244140625,0.00439453125,1.0,0,Ceiling,5,0.001220703125,1.0,2048.0,0.5,False,1356469640
0,12,2,1.0,-0.81358,0.0,0.0,0.120636,0.000244140625,0.00439453125,1.0,0,Ceiling,6,0.00146484375,1.0,2048.0,0.5,False,1356469640
0,12,2,1.0,-0.81358,0.0,0.0,0.120636,0.000244140625,0.00439453125,1.0,0,Ceiling,8,0.001953125,1.0,2048.0,0.5,False,1356469640
0,12,2,1.0,-0.81358,0.0,0.0,0.120636,0.000244140625,0.00439453125,1.0,0,Ceiling,11,0.002685546875,1.0,2048.0,0.5,False,1356469640
0,12,2,1.0,-0.81358,0.0,0.0,0.120636,0.000244140625,0.00439453125,1.0,0,Ceiling,14,0.00341796875,1.0,2048.0,0.5,False,1356469640
0,12,2,1.0,-0.81358,0.0,0.0,0.120636,0.000244140625,0.00439453125,1.0,0,Ceiling,18,0.00439453125,1.0,2048.0,0.5,False,1356469640
0,12,2,1.0,-0.81358,0.0,0.0,0.120636,0.000244140625,0.00439453125,1.0,0,Ceiling,23,0.005615234375,1.0,2048.0,0.5,False,1356469640
0,12,2,1.0,-0.81358,0.0,0.0,0.120636,0.000244140625,0.00439453125,1.0,0,Ceiling,31,0.007568359375,1.0,2048.0,0.5,False,1356469640
0,12,2,1.0,-0.81358,0.0,0.0,0.120636,0.000244140625,0.00439453125,1.0,0,Ceiling,40,0.009765625,1.0,2048.0,0.5,False,1356469640
0,12,2,1.0,-0.81358,0.0,0.0,0.120636,0.000244140625,0.00439453125,1.0,0,Ceiling,52,0.0126953125,1.0,2048.0,0.5,False,1356469640
0,12,2,1.0,-0.81358,0.0,0.0,0.120636,0.000244140625,0.00439453125,1.0,0,Ceiling,67,0.016357421875,1.0,2048.0,0.5,False,1356469640
0,12,2,1.0,-0.81358,0.0,0.0,0.120636,0.000244140625,0.00439453125,1.0,0,Ceiling,87,0.021240234375,1.0,2048.0,0.5,False,1356469640
0,12,2,1.0,-0.81358,0.0,0.0,0.120636,0.000244140625,0.00439453125,1.0,0,Ceiling,114,0.02783203125,1.0,2048.0,0.5,False,1356469640
0,12,2,1.0,-0.81358,0.0,0.0,0.120636,0.000244140625,0.00439453125,1.0,0,Ceiling,148,0.0361328125,1.0,2048.0,0.5,False,1356469640
0,12,2,1.0,-0.81358,0.0,0.0,0.120636,0.000244140625,0.00439453125,1.0,0,Ceiling,192,0.046875,1.0,2048.0,0.5,False,1356469640
0,12,2,1.0,-0.81358,0.0,0.0,0.120636,0.000244140625,0.00439453125,1.0,0,Ceiling,250,0.06103515625,1.0,2048.0,0.5,False,1356469640
0,12,2,1.0,-0.81358,0.0,0.0,0.120636,0.000244140625,0.00439453125,1.0,0,Ceiling,325,0.079345703125,1.0,2048.0,0.5,False,1356469640
0,12,2,1.0,-0.81358,0.0,0.0,0.120636,0.000244140625,0.00439453125,1.0,0,Ceiling,423,0.103271484375,1.0,2048.0,0.5,False,1356469640
0,12,2,1.0,-0.81358,0.0,0.0,0.120636,0.000244140625,0.00439453125,1.0,0,Ceiling,550,0.13427734375,1.0,2048.0,0.5,False,1356469640
0,12,2,1.0,-0.81358,0.0,0.0,0.120636,0.000244140625,0.00439453125,1.0,0,Ceiling,715,0.174560546875,1.0,2048.0,0.5,False,1356469640
0,12,2,1.0,-0.81358,0.0,0.0,0.120636,0.000244140625,0.00439453125,1.0,0,Ceiling,931,0.227294921875,1.0,2048.0,0.5,False,1356469640
0,12,2,1.0,-0.81358,0.0,0.0,0.120636,0.000244140625,0.00439453125,1.0,0,Ceiling,1210,0.29541015625,1.0,2048.0,0.5,False,1356469640
0,12,2,1.0,-0.81358,0.0,0.0,0.120636,0.000244140625,0.00439453125,1.0,0,Ceiling,1575,0.384521484375,1.0,2048.0,0.5,False,1356469640
0,12,2,1.0,-0.81358,0.0,0.0,0.120636,0.000244140625,0.00439453125,1.0,0,Ceiling,2048,0.5,1.0,2048.0,0.5,False,1356469640
8,12,2,1.0,0.039924,0.0,0.0,-0.550025,0.000244140625,0.00439453125,1.0,4095,BARK,1,0.000244140625,1.0,1.0,0.000244140625,True,1049253436
8,12,2,1.0,0.039924,0.0,0.0,-0.550025,0.000244140625,0.00439453125,1.0,4095,BARK,2,0.00048828125,1.0,1.0,0.000244140625,True,1049253436
8,12,2,1.0,0.039924,0.0,0.0,-0.550025,0.000244140625,0.00439453125,1.0,4095,BARK,3,0.000732421875,1.0,1.0,0.000244140625,True,1049253436
8,12,2,1.0,0.039924,0.0,0.0,-0.550025,0.000244140625,0.00439453125,1.0,4095,BARK,4,0.0009765625,1.0,1.0,0.000244140625,True,1049253436
8,12,2,1.0,0.039924,0.0,0.0,-0.550025,0.000244140625,0.00439453125,1.0,4095,BARK,5,0.001220703125,1.0,1.0,0.000244140625,True,1049253436
8,12,2,1.0,0.039924,0.0,0.0,-0.550025,0.000244140625,0.00439453125,1.0,4095,BARK,6,0.00146484375,1.0,1.0,0.000244140625,True,1049253436
8,12,2,1.0,0.039924,0.0,0.0,-0.550025,0.000244140625,0.00439453125,1.0,4095,BARK,8,0.001953125,1.0,1.0,0.000244140625,True,1049253436
8,12,2,1.0,0.039924,0.0,0.0,-0.550025,0.000244140625,0.00439453125,1.0,4095,BARK,11,0.002685546875,1.0,1.0,0.000244140625,True,1049253436
8,12,2,1.0,0.039924,0.0,0.0,-0.550025,0.000244140625,0.00439453125,1.0,4095,BARK,14,0.00341796875,1.0,1.0,0.000244140625,True,1049253436
8,12,2,1.0,0.039924,0.0,0.0,-0.550025,0.000244140625,0.00439453125,1.0,4095,BARK,18,0.00439453125,1.0,1.0,0.000244140625,True,1049253436
8,12,2,1.0,0.039924,0.0,0.0,-0.550025,0.000244140625,0.00439453125,1.0,4095,BARK,23,0.005615234375,1.0,1.0,0.000244140625,True,1049253436
8,12,2,1.0,0.039924,0.0,0.0,-0.550025,0.000244140625,0.00439453125,1.0,4095,BARK,31,0.007568359375,1.0,1.0,0.000244140625,True,1049253436
8,12,2,1.0,0.039924,0.0,0.0,-0.550025,0.000244140625,0.00439453125,1.0,4095,BARK,40,0.009765625,1.0,1.0,0.000244140625,True,1049253436
8,12,2,1.0,0.039924,0.0,0.0,-0.550025,0.000244140625,0.00439453125,1.0,4095,BARK,52,0.0126953125,1.0,1.0,0.000244140625,True,1049253436
8,12,2,1.0,0.039924,0.0,0.0,-0.550025,0.000244140625,0.00439453125,1.0,4095,BARK,67,0.016357421875,1.0,1.0,0.000244140625,True,1049253436
8,12,2,1.0,0.039924,0.0,0.0,-0.550025,0.000244140625,0.00439453125,1.0,4095,BARK,87,0.021240234375,1.0,1.0,0.000244140625,True,1049253436
8,12,2,1.0,0.039924,0.0,0.0,-0.550025,0.000244140625,0.00439453125,1.0,4095,BARK,114,0.02783203125,1.0,1.0,0.000244140625,True,1049253436
8,12,2,1.0,0.039924,0.0,0.0,-0.550025,0.000244140625,0.00439453125,1.0,4095,BARK,148,0.0361328125,1.0,1.0,0.000244140625,True,1049253436
8,12,2,1.0,0.039924,0.0,0.0,-0.550025,0.000244140625,0.00439453125,1.0,4095,BARK,192,0.046875,1.0,1.0,0.000244140625,True,1049253436
8,12,2,1.0,0.039924,0.0,0.0,-0.550025,0.000244140625,0.00439453125,1.0,4095,BARK,250,0.06103515625,1.0,1.0,0.000244140625,True,1049253436
8,12,2,1.0,0.039924,0.0,0.0,-0.550025,0.000244140625,0.00439453125,1.0,4095,BARK,325,0.079345703125,1.0,1.0,0.000244140625,True,1049253436
8,12,2,1.0,0.039924,0.0,0.0,-0.550025,0.000244140625,0.00439453125,1.0,4095,BARK,423,0.103271484375,1.0,1.0,0.000244140625,True,1049253436
8,12,2,1.0,0.039924,0.0,0.0,-0.550025,0.000244140625,0.00439453125,1.0,4095,BARK,550,0.13427734375,1.0,1.0,0.000244140625,True,1049253436
8,12,2,1.0,0.039924,0.0,0.0,-0.550025,0.000244140625,0.00439453125,1.0,4095,BARK,715,0.174560546875,1.0,1.0,0.000244140625,True,1049253436
8,12,2,1.0,0.039924,0.0,0.0,-0.550025,0.000244140625,0.00439453125,1.0,4095,BARK,931,0.227294921875,1.0,1.0,0.000244140625,True,1049253436
8,12,2,1.0,0.039924,0.0,0.0,-0.550025,0.000244140625,0.00439453125,1.0,4095,BARK,1210,0.29541015625,1.0,1.0,0.000244140625,True,1049253436
8,12,2,1.0,0.039924,0.0,0.0,-0.550025,0.000244140625,0.00439453125,1.0,4095,BARK,1575,0.384521484375,1.0,1.0,0.000244140625,True,1049253436
8,12,2,1.0,0.039924,0.0,0.0,-0.550025,0.000244140625,0.00439453125,1.0,4095,BARK,2048,0.5,1.0,1.0,0.000244140625,True,1049253436
8,12,2,1.0,0.039924,0.0,0.0,-0.550025,0.000244140625,0.00439453125,1.0,4095,Simplified BARK,1,0.000244140625,1.0,1.0,0.000244140625,True,1049253436
8,12,2,1.0,0.039924,0.0,0.0,-0.550025,0.000244140625,0.00439453125,1.0,4095,Simplified BARK,2,0.00048828125,1.0,1.0,0.000244140625,True,1049253436
8,12,2,1.0,0.039924,0.0,0.0,-0.550025,0.000244140625,0.00439453125,1.0,4095,Simplified BARK,3,0.000732421875,1.0,1.0,0.000244140625,True,1049253436
8,12,2,1.0,0.039924,0.0,0.0,-0.550025,0.000244140625,0.00439453125,1.0,4095,Simplified BARK,4,0.0009765625,1.0,1.0,0.000244140625,True,1049253436
8,12,2,1.0,0.039924,0.0,0.0,-0.550025,0.000244140625,0.00439453125,1.0,4095,Simplified BARK,5,0.001220703125,1.0,1.0,0.000244140625,True,1049253436
8,12,2,1.0,0.039924,0.0,0.0,-0.550025,0.000244140625,0.00439453125,1.0,4095,Simplified BARK,6,0.00146484375,1.0,1.0,0.000244140625,True,1049253436
8,12,2,1.0,0.039924,0.0,0.0,-0.550025,0.000244140625,0.00439453125,1.0,4095,Simplified BARK,8,0.001953125,1.0,1.0,0.000244140625,True,1049253436
8,12,2,1.0,0.039924,0.0,0.0,-0.550025,0.000244140625,0.00439453125,1.0,4095,Simplified BARK,11,0.002685546875,1.0,1.0,0.000244140625,True,1049253436
8,12,2,1.0,0.039924,0.0,0.0,-0.550025,0.000244140625,0.00439453125,1.0,4095,Simplified BARK,14,0.00341796875,1.0,1.0,0.000244140625,True,1049253436
8,12,2,1.0,0.039924,0.0,0.0,-0.550025,0.000244140625,0.00439453125,1.0,4095,Simplified BARK,18,0.00439453125,1.0,1.0,0.000244140625,True,1049253436
8,12,2,1.0,0.039924,0.0,0.0,-0.550025,0.000244140625,0.00439453125,1.0,4095,Simplified BARK,23,0.005615234375,1.0,1.0,0.000244140625,True,1049253436
8,12,2,1.0,0.039924,0.0,0.0,-0.550025,0.000244140625,0.00439453125,1.0,4095,Simplified BARK,31,0.007568359375,1.0,1.0,0.000244140625,True,1049253436
8,12,2,1.0,0.039924,0.0,0.0,-0.550025,0.000244140625,0.00439453125,1.0,4095,Simplified BARK,40,0.009765625,1.0,1.0,0.000244140625,True,1049253436
8,12,2,1.0,0.039924,0.0,0.0,-0.550025,0.000244140625,0.00439453125,1.0,4095,Simplified BARK,52,0.0126953125,1.0,1.0,0.000244140625,True,1049253436
8,12,2,1.0,0.039924,0.0,0.0,-0.550025,0.000244140625,0.00439453125,1.0,4095,Simplified BARK,67,0.016357421875,1.0,1.0,0.000244140625,True,1049253436
8,12,2,1.0,0.039924,0.0,0.0,-0.550025,0.000244140625,0.00439453125,1.0,4095,Simplified BARK,87,0.021240234375,1.0,1.0,0.000244140625,True,1049253436
8,12,2,1.0,0.039924,0.0,0.0,-0.550025,0.000244140625,0.00439453125,1.0,4095,Simplified BARK,114,0.02783203125,1.0,1.0,0.000244140625,True,1049253436
8,12,2,1.0,0.039924,0.0,0.0,-0.550025,0.000244140625,0.00439453125,1.0,4095,Simplified BARK,148,0.0361328125,1.0,1.0,0.000244140625,True,1049253436
8,12,2,1.0,0.039924,0.0,0.0,-0.550025,0.000244140625,0.00439453125,1.0,4095,Simplified BARK,192,0.046875,1.0,1.0,0.000244140625,True,1049253436
8,12,2,1.0,0.039924,0.0,0.0,-0.550025,0.000244140625,0.00439453125,1.0,4095,Simplified BARK,250,0.06103515625,1.0,1.0,0.000244140625,True,1049253436
8,12,2,1.0,0.039924,0.0,0.0,-0.550025,0.000244140625,0.00439453125,1.0,4095,Simplified BARK,325,0.079345703125,1.0,1.0,0.000244140625,True,1049253436
8,12,2,1.0,0.039924,0.0,0.0,-0.550025,0.000244140625,0.00439453125,1.0,4095,Simplified BARK,423,0.103271484375,1.0,1.0,0.000244140625,True,1049253436
8,12,2,1.0,0.039924,0.0,0.0,-0.550025,0.000244140625,0.00439453125,1.0,4095,Simplified BARK,550,0.13427734375,1.0,1.0,0.000244140625,True,1049253436
8,12,2,1.0,0.039924,0.0,0.0,-0.550025,0.000244140625,0.00439453125,1.0,4095,Simplified BARK,715,0.174560546875,1.0,1.0,0.000244140625,True,1049253436
8,12,2,1.0,0.039924,0.0,0.0,-0.550025,0.000244140625,0.00439453125,1.0,4095,Simplified BARK,931,0.227294921875,1.0,1.0,0.000244140625,True,1049253436
8,12,2,1.0,0.039924,0.0,0.0,-0.550025,0.000244140625,0.00439453125,1.0,4095,Simplified BARK,1210,0.29541015625,1.0,1.0,0.000244140625,True,1049253436
8,12,2,1.0,0.039924,0.0,0.0,-0.550025,0.000244140625,0.00439453125,1.0,4095,Simplified BARK,1575,0.384521484375,1.0,1.0,0.000244140625,True,1049253436
8,12,2,1.0,0.039924,0.0,0.0,-0.550025,0.000244140625,0.00439453125,1.0,4095,Simplified BARK,2048,0.5,1.0,1.0,0.000244140625,True,1049253436
8,12,2,1.0,0.039924,0.0,0.0,-0.550025,0.000244140625,0.00439453125,1.0,4095,SKQD,1,0.000244140625,1.0,1.0,0.000244140625,True,1049253436
8,12,2,1.0,0.039924,0.0,0.0,-0.550025,0.000244140625,0.00439453125,1.0,4095,SKQD,2,0.00048828125,1.0,1.0,0.000244140625,True,1049253436
8,12,2,1.0,0.039924,0.0,0.0,-0.550025,0.000244140625,0.00439453125,1.0,4095,SKQD,3,0.000732421875,1.0,1.0,0.000244140625,True,1049253436
8,12,2,1.0,0.039924,0.0,0.0,-0.550025,0.000244140625,0.00439453125,1.0,4095,SKQD,4,0.0009765625,1.0,1.0,0.000244140625,True,1049253436
8,12,2,1.0,0.039924,0.0,0.0,-0.550025,0.000244140625,0.00439453125,1.0,4095,SKQD,5,0.001220703125,1.0,1.0,0.000244140625,True,1049253436
8,12,2,1.0,0.039924,0.0,0.0,-0.550025,0.000244140625,0.00439453125,1.0,4095,SKQD,6,0.00146484375,1.0,1.0,0.000244140625,True,1049253436
8,12,2,1.0,0.039924,0.0,0.0,-0.550025,0.000244140625,0.00439453125,1.0,4095,SKQD,8,0.001953125,1.0,1.0,0.000244140625,True,1049253436
8,12,2,1.0,0.039924,0.0,0.0,-0.550025,0.000244140625,0.00439453125,1.0,4095,SKQD,11,0.002685546875,1.0,1.0,0.000244140625,True,1049253436
8,12,2,1.0,0.039924,0.0,0.0,-0.550025,0.000244140625,0.00439453125,1.0,4095,SKQD,14,0.00341796875,1.0,1.0,0.000244140625,True,1049253436
8,12,2,1.0,0.039924,0.0,0.0,-0.550025,0.000244140625,0.00439453125,1.0,4095,SKQD,18,0.00439453125,1.0,1.0,0.000244140625,True,1049253436
8,12,2,1.0,0.039924,0.0,0.0,-0.550025,0.000244140625,0.00439453125,1.0,4095,SKQD,23,0.005615234375,1.0,1.0,0.000244140625,True,1049253436
8,12,2,1.0,0.039924,0.0,0.0,-0.550025,0.000244140625,0.00439453125,1.0,4095,SKQD,31,0.007568359375,1.0,1.0,0.000244140625,True,1049253436
8,12,2,1.0,0.039924,0.0,0.0,-0.550025,0.000244140625,0.00439453125,1.0,4095,SKQD,40,0.009765625,1.0,1.0,0.000244140625,True,1049253436
8,12,2,1.0,0.039924,0.0,0.0,-0.550025,0.000244140625,0.00439453125,1.0,4095,SKQD,52,0.0126953125,1.0,1.0,0.000244140625,True,1049253436
8,12,2,1.0,0.039924,0.0,0.0,-0.550025,0.000244140625,0.00439453125,1.0,4095,SKQD,67,0.016357421875,1.0,1.0,0.000244140625,True,1049253436
8,12,2,1.0,0.039924,0.0,0.0,-0.550025,0.000244140625,0.00439453125,1.0,4095,SKQD,87,0.021240234375,1.0,1.0,0.000244140625,True,1049253436
8,12,2,1.0,0.039924,0.0,0.0,-0.550025,0.000244140625,0.00439453125,1.0,4095,SKQD,114,0.02783203125,1.0,1.0,0.000244140625,True,1049253436
8,12,2,1.0,0.039924,0.0,0.0,-0.550025,0.000244140625,0.00439453125,1.0,4095,SKQD,148,0.0361328125,1.0,1.0,0.000244140625,True,1049253436
8,12,2,1.0,0.039924,0.0,0.0,-0.550025,0.000244140625,0.00439453125,1.0,4095,SKQD,192,0.046875,1.0,1.0,0.000244140625,True,1049253436
8,12,2,1.0,0.039924,0.0,0.0,-0.550025,0.000244140625,0.00439453125,1.0,4095,SKQD,250,0.06103515625,1.0,1.0,0.000244140625,True,1049253436
8,12,2,1.0,0.039924,0.0,0.0,-0.550025,0.000244140625,0.00439453125,1.0,4095,SKQD,325,0.079345703125,1.0,1.0,0.000244140625,True,1049253436
8,12,2,1.0,0.039924,0.0,0.0,-0.550025,0.000244140625,0.00439453125,1.0,4095,SKQD,423,0.103271484375,1.0,1.0,0.000244140625,True,1049253436
8,12,2,1.0,0.039924,0.0,0.0,-0.550025,0.000244140625,0.00439453125,1.0,4095,SKQD,550,0.13427734375,1.0,1.0,0.000244140625,True,1049253436
8,12,2,1.0,0.039924,0.0,0.0,-0.550025,0.000244140625,0.00439453125,1.0,4095,SKQD,715,0.174560546875,1.0,1.0,0.000244140625,True,1049253436
8,12,2,1.0,0.039924,0.0,0.0,-0.550025,0.000244140625,0.00439453125,1.0,4095,SKQD,931,0.227294921875,1.0,1.0,0.000244140625,True,1049253436
8,12,2,1.0,0.039924,0.0,0.0,-0.550025,0.000244140625,0.00439453125,1.0,4095,SKQD,1210,0.29541015625,1.0,1.0,0.000244140625,True,1049253436
8,12,2,1.0,0.039924,0.0,0.0,-0.550025,0.000244140625,0.00439453125,1.0,4095,SKQD,1575,0.384521484375,1.0,1.0,0.000244140625,True,1049253436
8,12,2,1.0,0.039924,0.0,0.0,-0.550025,0.000244140625,0.00439453125,1.0,4095,SKQD,2048,0.5,1.0,1.0,0.000244140625,True,1049253436
8,12,2,1.0,0.039924,0.0,0.0,-0.550025,0.000244140625,0.00439453125,1.0,4095,Ceiling,1,0.000244140625,1.0,2048.0,0.5,False,1049253436
8,12,2,1.0,0.039924,0.0,0.0,-0.550025,0.000244140625,0.00439453125,1.0,4095,Ceiling,2,0.00048828125,1.0,2048.0,0.5,False,1049253436
8,12,2,1.0,0.039924,0.0,0.0,-0.550025,0.000244140625,0.00439453125,1.0,4095,Ceiling,3,0.000732421875,1.0,2048.0,0.5,False,1049253436
8,12,2,1.0,0.039924,0.0,0.0,-0.550025,0.000244140625,0.00439453125,1.0,4095,Ceiling,4,0.0009765625,1.0,2048.0,0.5,False,1049253436
8,12,2,1.0,0.039924,0.0,0.0,-0.550025,0.000244140625,0.00439453125,1.0,4095,Ceiling,5,0.001220703125,1.0,2048.0,0.5,False,1049253436
8,12,2,1.0,0.039924,0.0,0.0,-0.550025,0.000244140625,0.00439453125,1.0,4095,Ceiling,6,0.00146484375,1.0,2048.0,0.5,False,1049253436
8,12,2,1.0,0.039924,0.0,0.0,-0.550025,0.000244140625,0.00439453125,1.0,4095,Ceiling,8,0.001953125,1.0,2048.0,0.5,False,1049253436
8,12,2,1.0,0.039924,0.0,0.0,-0.550025,0.000244140625,0.00439453125,1.0,4095,Ceiling,11,0.002685546875,1.0,2048.0,0.5,False,1049253436
8,12,2,1.0,0.039924,0.0,0.0,-0.550025,0.000244140625,0.00439453125,1.0,4095,Ceiling,14,0.00341796875,1.0,2048.0,0.5,False,1049253436
8,12,2,1.0,0.039924,0.0,0.0,-0.550025,0.000244140625,0.00439453125,1.0,4095,Ceiling,18,0.00439453125,1.0,2048.0,0.5,False,1049253436
8,12,2,1.0,0.039924,0.0,0.0,-0.550025,0.000244140625,0.00439453125,1.0,4095,Ceiling,23,0.005615234375,1.0,2048.0,0.5,False,1049253436
8,12,2,1.0,0.039924,0.0,0.0,-0.550025,0.000244140625,0.00439453125,1.0,4095,Ceiling,31,0.007568359375,1.0,2048.0,0.5,False,1049253436
8,12,2,1.0,0.039924,0.0,0.0,-0.550025,0.000244140625,0.00439453125,1.0,4095,Ceiling,40,0.009765625,1.0,2048.0,0.5,False,1049253436
8,12,2,1.0,0.039924,0.0,0.0,-0.550025,0.000244140625,0.00439453125,1.0,4095,Ceiling,52,0.0126953125,1.0,2048.0,0.5,False,1049253436
8,12,2,1.0,0.039924,0.0,0.0,-0.550025,0.000244140625,0.00439453125,1.0,4095,Ceiling,67,0.016357421875,1.0,2048.0,0.5,False,1049253436
8,12,2,1.0,0.039924,0.0,0.0,-0.550025,0.000244140625,0.00439453125,1.0,4095,Ceiling,87,0.021240234375,1.0,2048.0,0.5,False,1049253436
8,12,2,1.0,0.039924,0.0,0.0,-0.550025,0.000244140625,0.00439453125,1.0,4095,Ceiling,114,0.02783203125,1.0,2048.0,0.5,False,1049253436
8,12,2,1.0,0.039924,0.0,0.0,-0.550025,0.000244140625,0.00439453125,1.0,4095,Ceiling,148,0.0361328125,1.0,2048.0,0.5,False,1049253436
8,12,2,1.0,0.039924,0.0,0.0,-0.550025,0.000244140625,0.00439453125,1.0,4095,Ceiling,192,0.046875,1.0,2048.0,0.5,False,1049253436
8,12,2,1.0,0.039924,0.0,0.0,-0.550025,0.000244140625,0.00439453125,1.0,4095,Ceiling,250,0.06103515625,1.0,2048.0,0.5,False,1049253436
8,12,2,1.0,0.039924,0.0,0.0,-0.550025,0.000244140625,0.00439453125,1.0,4095,Ceiling,325,0.079345703125,1.0,2048.0,0.5,False,1049253436
8,12,2,1.0,0.039924,0.0,0.0,-0.550025,0.000244140625,0.00439453125,1.0,4095,Ceiling,423,0.103271484375,1.0,2048.0,0.5,False,1049253436
8,12,2,1.0,0.039924,0.0,0.0,-0.550025,0.000244140625,0.00439453125,1.0,4095,Ceiling,550,0.13427734375,1.0,2048.0,0.5,False,1049253436
8,12,2,1.0,0.039924,0.0,0.0,-0.550025,0.000244140625,0.00439453125,1.0,4095,Ceiling,715,0.174560546875,1.0,2048.0,0.5,False,1049253436
8,12,2,1.0,0.039924,0.0,0.0,-0.550025,0.000244140625,0.00439453125,1.0,4095,Ceiling,931,0.227294921875,1.0,2048.0,0.5,False,1049253436
8,12,2,1.0,0.039924,0.0,0.0,-0.550025,0.000244140625,0.00439453125,1.0,4095,Ceiling,1210,0.29541015625,1.0,2048.0,0.5,False,1049253436
8,12,2,1.0,0.039924,0.0,0.0,-0.550025,0.000244140625,0.00439453125,1.0,4095,Ceiling,1575,0.384521484375,1.0,2048.0,0.5,False,1049253436
8,12,2,1.0,0.039924,0.0,0.0,-0.550025,0.000244140625,0.00439453125,1.0,4095,Ceiling,2048,0.5,1.0,2048.0,0.5,False,1049253436
