Hamiltonian_Index,Number_of_Sites,Dimensions,Delta,J,Bx,By,Bz,Ground_State_Density,Hamiltonian_Density,Overlap,Initial_State_Index,Algorithm,Budget,Budget_Fraction,Fidelity,Final_Pool_Size,Final_Pool_Fraction,Terminated_Early,Seed
2,12,1,0.0,0.0689,0.0,0.0,0.546175,0.000244140625,0.0029296875,1.0,0,BARK,1,0.000244140625,1.0,1.0,0.000244140625,True,1925911901
2,12,1,0.0,0.0689,0.0,0.0,0.546175,0.000244140625,0.0029296875,1.0,0,BARK,2,0.00048828125,1.0,1.0,0.000244140625,True,1925911901
2,12,1,0.0,0.0689,0.0,0.0,0.546175,0.000244140625,0.0029296875,1.0,0,BARK,3,0.000732421875,1.0,1.0,0.000244140625,True,1925911901
2,12,1,0.0,0.0689,0.0,0.0,0.546175,0.000244140625,0.0029296875,1.0,0,BARK,4,0.0009765625,1.0,1.0,0.000244140625,True,1925911901
2,12,1,0.0,0.0689,0.0,0.0,0.546175,0.000244140625,0.0029296875,1.0,0,BARK,5,0.001220703125,1.0,1.0,0.000244140625,True,1925911901
2,12,1,0.0,0.0689,0.0,0.0,0.546175,0.000244140625,0.0029296875,1.0,0,BARK,6,0.00146484375,1.0,1.0,0.000244140625,True,1925911901
2,12,1,0.0,0.0689,0.0,0.0,0.546175,0.000244140625,0.0029296875,1.0,0,BARK,8,0.001953125,1.0,1.0,0.000244140625,True,1925911901
2,12,1,0.0,0.0689,0.0,0.0,0.546175,0.000244140625,0.0029296875,1.0,0,BARK,11,0.002685546875,1.0,1.0,0.000244140625,True,1925911901
2,12,1,0.0,0.0689,0.0,0.0,0.546175,0.000244140625,0.0029296875,1.0,0,BARK,14,0.00341796875,1.0,1.0,0.000244140625,True,1925911901
2,12,1,0.0,0.0689,0.0,0.0,0.546175,0.000244140625,0.0029296875,1.0,0,BARK,18,0.00439453125,1.0,1.0,0.000244140625,True,1925911901
2,12,1,0.0,0.0689,0.0,0.0,0.546175,0.000244140625,0.0029296875,1.0,0,BARK,23,0.005615234375,1.0,1.0,0.000244140625,True,1925911901
2,12,1,0.0,0.0689,0.0,0.0,0.546175,0.000244140625,0.0029296875,1.0,0,BARK,31,0.007568359375,1.0,1.0,0.000244140625,True,1925911901
2,12,1,0.0,0.0689,0.0,0.0,0.546175,0.000244140625,0.0029296875,1.0,0,BARK,40,0.009765625,1.0,1.0,0.000244140625,True,1925911901
2,12,1,0.0,0.0689,0.0,0.0,0.546175,0.000244140625,0.0029296875,1.0,0,BARK,52,0.0126953125,1.0,1.0,0.000244140625,True,1925911901
2,12,1,0.0,0.0689,0.0,0.0,0.546175,0.000244140625,0.0029296875,1.0,0,BARK,67,0.016357421875,1.0,1.0,0.000244140625,True,1925911901
2,12,1,0.0,0.0689,0.0,0.0,0.546175,0.000244140625,0.0029296875,1.0,0,BARK,87,0.021240234375,1.0,1.0,0.000244140625,True,1925911901
2,12,1,0.0,0.0689,0.0,0.0,0.546175,0.000244140625,0.0029296875,1.0,0,BARK,114,0.02783203125,1.0,1.0,0.000244140625,True,1925911901
2,12,1,0.0,0.0689,0.0,0.0,0.546175,0.000244140625,0.0029296875,1.0,0,BARK,148,0.0361328125,1.0,1.0,0.000244140625,True,1925911901
2,12,1,0.0,0.0689,0.0,0.0,0.546175,0.000244140625,0.0029296875,1.0,0,BARK,192,0.046875,1.0,1.0,0.000244140625,True,1925911901
2,12,1,0.0,0.0689,0.0,0.0,0.546175,0.000244140625,0.0029296875,1.0,0,BARK,250,0.06103515625,1.0,1.0,0.000244140625,True,1925911901
2,12,1,0.0,0.0689,0.0,0.0,0.546175,0.000244140625,0.0029296875,1.0,0,BARK,325,0.079345703125,1.0,1.0,0.000244140625,True,1925911901
2,12,1,0.0,0.0689,0.0,0.0,0.546175,0.000244140625,0.0029296875,1.0,0,BARK,423,0.103271484375,1.0,1.0,0.000244140625,True,1925911901
2,12,1,0.0,0.0689,0.0,0.0,0.546175,0.000244140625,0.0029296875,1.0,0,BARK,550,0.13427734375,1.0,1.0,0.000244140625,True,1925911901
2,12,1,0.0,0.0689,0.0,0.0,0.546175,0.000244140625,0.0029296875,1.0,0,BARK,715,0.174560546875,1.0,1.0,0.000244140625,True,1925911901
2,12,1,0.0,0.0689,0.0,0.0,0.546175,0.000244140625,0.0029296875,1.0,0,BARK,931,0.227294921875,1.0,1.0,0.000244140625,True,1925911901
2,12,1,0.0,0.0689,0.0,0.0,0.546175,0.000244140625,0.0029296875,1.0,0,BARK,1210,0.29541015625,1.0,1.0,0.000244140625,True,1925911901
2,12,1,0.0,0.0689,0.0,0.0,0.546175,0.000244140625,0.0029296875,1.0,0,BARK,1575,0.384521484375,1.0,1.0,0.000244140625,True,1925911901
2,12,1,0.0,0.0689,0.0,0.0,0.546175,0.000244140625,0.0029296875,1.0,0,BARK,2048,0.5,1.0,1.0,0.000244140625,True,1925911901
2,12,1,0.0,0.0689,0.0,0.0,0.546175,0.000244140625,0.0029296875,1.0,0,Simplified BARK,1,0.000244140625,1.0,1.0,0.000244140625,True,1925911901
2,12,1,0.0,0.0689,0.0,0.0,0.546175,0.000244140625,0.0029296875,1.0,0,Simplified BARK,2,0.00048828125,1.0,1.0,0.000244140625,True,1925911901
2,12,1,0.0,0.0689,0.0,0.0,0.546175,0.000244140625,0.0029296875,1.0,0,Simplified BARK,3,0.000732421875,1.0,1.0,0.000244140625,True,1925911901
2,12,1,0.0,0.0689,0.0,0.0,0.546175,0.000244140625,0.0029296875,1.0,0,Simplified BARK,4,0.0009765625,1.0,1.0,0.000244140625,True,1925911901
2,12,1,0.0,0.0689,0.0,0.0,0.546175,0.000244140625,0.0029296875,1.0,0,Simplified BARK,5,0.001220703125,1.0,1.0,0.000244140625,True,1925911901
2,12,1,0.0,0.0689,0.0,0.0,0.546175,0.000244140625,0.0029296875,1.0,0,Simplified BARK,6,0.00146484375,1.0,1.0,0.000244140625,True,1925911901
2,12,1,0.0,0.0689,0.0,0.0,0.546175,0.000244140625,0.0029296875,1.0,0,Simplified BARK,8,0.001953125,1.0,1.0,0.000244140625,True,1925911901
2,12,1,0.0,0.0689,0.0,0.0,0.546175,0.000244140625,0.0029296875,1.0,0,Simplified BARK,11,0.002685546875,1.0,1.0,0.000244140625,True,1925911901
2,12,1,0.0,0.0689,0.0,0.0,0.546175,0.000244140625,0.0029296875,1.0,0,Simplified BARK,14,0.00341796875,1.0,1.0,0.000244140625,True,1925911901
2,12,1,0.0,0.0689,0.0,0.0,0.546175,0.000244140625,0.0029296875,1.0,0,Simplified BARK,18,0.00439453125,1.0,1.0,0.000244140625,True,1925911901
2,12,1,0.0,0.0689,0.0,0.0,0.546175,0.000244140625,0.0029296875,1.0,0,Simplified BARK,23,0.005615234375,1.0,1.0,0.000244140625,True,1925911901
2,12,1,0.0,0.0689,0.0,0.0,0.546175,0.000244140625,0.0029296875,1.0,0,Simplified BARK,31,0.007568359375,1.0,1.0,0.000244140625,True,1925911901
2,12,1,0.0,0.0689,0.0,0.0,0.546175,0.000244140625,0.0029296875,1.0,0,Simplified BARK,40,0.009765625,1.0,1.0,0.000244140625,True,1925911901
2,12,1,0.0,0.0689,0.0,0.0,0.546175,0.000244140625,0.0029296875,1.0,0,Simplified BARK,52,0.0126953125,1.0,1.0,0.000244140625,True,1925911901
2,12,1,0.0,0.0689,0.0,0.0,0.546175,0.000244140625,0.0029296875,1.0,0,Simplified BARK,67,0.016357421875,1.0,1.0,0.000244140625,True,1925911901
2,12,1,0.0,0.0689,0.0,0.0,0.546175,0.000244140625,0.0029296875,1.0,0,Simplified BARK,87,0.021240234375,1.0,1.0,0.000244140625,True,1925911901
2,12,1,0.0,0.0689,0.0,0.0,0.546175,0.000244140625,0.0029296875,1.0,0,Simplified BARK,114,0.02783203125,1.0,1.0,0.000244140625,True,1925911901
2,12,1,0.0,0.0689,0.0,0.0,0.546175,0.000244140625,0.0029296875,1.0,0,Simplified BARK,148,0.0361328125,1.0,1.0,0.000244140625,True,1925911901
2,12,1,0.0,0.0689,0.0,0.0,0.546175,0.000244140625,0.0029296875,1.0,0,Simplified BARK,192,0.046875,1.0,1.0,0.000244140625,True,1925911901
2,12,1,0.0,0.0689,0.0,0.0,0.546175,0.000244140625,0.0029296875,1.0,0,Simplified BARK,250,0.06103515625,1.0,1.0,0.000244140625,True,1925911901
2,12,1,0.0,0.0689,0.0,0.0,0.546175,0.000244140625,0.0029296875,1.0,0,Simplified BARK,325,0.079345703125,1.0,1.0,0.000244140625,True,1925911901
2,12,1,0.0,0.0689,0.0,0.0,0.546175,0.000244140625,0.0029296875,1.0,0,Simplified BARK,423,0.103271484375,1.0,1.0,0.000244140625,True,1925911901
2,12,1,0.0,0.0689,0.0,0.0,0.546175,0.000244140625,0.0029296875,1.0,0,Simplified BARK,550,0.13427734375,1.0,1.0,0.000244140625,True,1925911901
2,12,1,0.0,0.0689,0.0,0.0,0.546175,0.000244140625,0.0029296875,1.0,0,Simplified BARK,715,0.174560546875,1.0,1.0,0.000244140625,True,1925911901
2,12,1,0.0,0.0689,0.0,0.0,0.546175,0.000244140625,0.0029296875,1.0,0,Simplified BARK,931,0.227294921875,1.0,1.0,0.000244140625,True,1925911901
2,12,1,0.0,0.0689,0.0,0.0,0.546175,0.000244140625,0.0029296875,1.0,0,Simplified BARK,1210,0.29541015625,1.0,1.0,0.000244140625,True,1925911901
2,12,1,0.0,0.0689,0.0,0.0,0.546175,0.000244140625,0.0029296875,1.0,0,Simplified BARK,1575,0.384521484375,1.0,1.0,0.000244140625,True,1925911901
2,12,1,0.0,0.0689,0.0,0.0,0.546175,0.000244140625,0.0029296875,1.0,0,Simplified BARK,2048,0.5,1.0,1.0,0.000244140625,True,1925911901
2,12,1,0.0,0.0689,0.0,0.0,0.546175,0.000244140625,0.0029296875,1.0,0,SKQD,1,0.000244140625,1.0,1.0,0.000244140625,True,1925911901
2,12,1,0.0,0.0689,0.0,0.0,0.546175,0.000244140625,0.0029296875,1.0,0,SKQD,2,0.00048828125,1.0,1.0,0.000244140625,True,1925911901
2,12,1,0.0,0.0689,0.0,0.0,0.546175,0.000244140625,0.0029296875,1.0,0,SKQD,3,0.000732421875,1.0,1.0,0.000244140625,True,1925911901
2,12,1,0.0,0.0689,0.0,0.0,0.546175,0.000244140625,0.0029296875,1.0,0,SKQD,4,0.0009765625,1.0,1.0,0.000244140625,True,1925911901
2,12,1,0.0,0.0689,0.0,0.0,0.546175,0.000244140625,0.0029296875,1.0,0,SKQD,5,0.001220703125,1.0,1.0,0.000244140625,True,1925911901
2,12,1,0.0,0.0689,0.0,0.0,0.546175,0.000244140625,0.0029296875,1.0,0,SKQD,6,0.00146484375,1.0,1.0,0.000244140625,True,1925911901
2,12,1,0.0,0.0689,0.0,0.0,0.546175,0.000244140625,0.0029296875,1.0,0,SKQD,8,0.001953125,1.0,1.0,0.000244140625,True,1925911901
2,12,1,0.0,0.0689,0.0,0.0,0.546175,0.000244140625,0.0029296875,1.0,0,SKQD,11,0.002685546875,1.0,1.0,0.000244140625,True,1925911901
2,12,1,0.0,0.0689,0.0,0.0,0.546175,0.000244140625,0.0029296875,1.0,0,SKQD,14,0.00341796875,1.0,1.0,0.000244140625,True,1925911901
2,12,1,0.0,0.0689,0.0,0.0,0.546175,0.000244140625,0.0029296875,1.0,0,SKQD,18,0.00439453125,1.0,1.0,0.000244140625,True,1925911901
2,12,1,0.0,0.0689,0.0,0.0,0.546175,0.000244140625,0.0029296875,1.0,0,SKQD,23,0.005615234375,1.0,1.0,0.000244140625,True,1925911901
2,12,1,0.0,0.0689,0.0,0.0,0.546175,0.000244140625,0.0029296875,1.0,0,SKQD,31,0.007568359375,1.0,1.0,0.000244140625,True,1925911901
2,12,1,0.0,0.0689,0.0,0.0,0.546175,0.000244140625,0.0029296875,1.0,0,SKQD,40,0.009765625,1.0,1.0,0.000244140625,True,1925911901
2,12,1,0.0,0.0689,0.0,0.0,0.546175,0.000244140625,0.0029296875,1.0,0,SKQD,52,0.0126953125,1.0,1.0,0.000244140625,True,1925911901
2,12,1,0.0,0.0689,0.0,0.0,0.546175,0.000244140625,0.0029296875,1.0,0,SKQD,67,0.016357421875,1.0,1.0,0.000244140625,True,1925911901
2,12,1,0.0,0.0689,0.0,0.0,0.546175,0.000244140625,0.0029296875,1.0,0,SKQD,87,0.021240234375,1.0,1.0,0.000244140625,True,1925911901
2,12,1,0.0,0.0689,0.0,0.0,0.546175,0.000244140625,0.0029296875,1.0,0,SKQD,114,0.02783203125,1.0,1.0,0.000244140625,True,1925911901
2,12,1,0.0,0.0689,0.0,0.0,0.546175,0.000244140625,0.0029296875,1.0,0,SKQD,148,0.0361328125,1.0,1.0,0.000244140625,True,1925911901
2,12,1,0.0,0.0689,0.0,0.0,0.546175,0.000244140625,0.0029296875,1.0,0,SKQD,192,0.046875,1.0,1.0,0.000244140625,True,1925911901
2,12,1,0.0,0.0689,0.0,0.0,0.546175,0.000244140625,0.0029296875,1.0,0,SKQD,250,0.06103515625,1.0,1.0,0.000244140625,True,1925911901
2,12,1,0.0,0.0689,0.0,0.0,0.546175,0.000244140625,0.0029296875,1.0,0,SKQD,325,0.079345703125,1.0,1.0,0.000244140625,True,1925911901
2,12,1,0.0,0.0689,0.0,0.0,0.546175,0.000244140625,0.0029296875,1.0,0,SKQD,423,0.103271484375,1.0,1.0,0.000244140625,True,1925911901
2,12,1,0.0,0.0689,0.0,0.0,0.546175,0.000244140625,0.0029296875,1.0,0,SKQD,550,0.13427734375,1.0,1.0,0.000244140625,True,1925911901
2,12,1,0.0,0.0689,0.0,0.0,0.546175,0.000244140625,0.0029296875,1.0,0,SKQD,715,0.174560546875,1.0,1.0,0.000244140625,True,1925911901
2,12,1,0.0,0.0689,0.0,0.0,0.546175,0.000244140625,0.0029296875,1.0,0,SKQD,931,0.227294921875,1.0,1.0,0.000244140625,True,1925911901
2,12,1,0.0,0.0689,0.0,0.0,0.546175,0.000244140625,0.0029296875,1.0,0,SKQD,1210,0.29541015625,1.0,1.0,0.000244140625,True,1925911901
2,12,1,0.0,0.0689,0.0,0.0,0.546175,0.000244140625,0.0029296875,1.0,0,SKQD,1575,0.384521484375,1.0,1.0,0.000244140625,True,1925911901
2,12,1,0.0,0.0689,0.0,0.0,0.546175,0.000244140625,0.0029296875,1.0,0,SKQD,2048,0.5,1.0,1.0,0.000244140625,True,1925911901
2,12,1,0.0,0.0689,0.0,0.0,0.546175,0.000244140625,0.0029296875,1.0,0,Ceiling,1,0.000244140625,1.0,2048.0,0.5,False,1925911901
2,12,1,0.0,0.0689,0.0,0.0,0.546175,0.000244140625,0.0029296875,1.0,0,Ceiling,2,0.00048828125,1.0,2048.0,0.5,False,1925911901
2,12,1,0.0,0.0689,0.0,0.0,0.546175,0.000244140625,0.0029296875,1.0,0,Ceiling,3,0.000732421875,1.0,2048.0,0.5,False,1925911901
2,12,1,0.0,0.0689,0.0,0.0,0.546175,0.000244140625,0.0029296875,1.0,0,Ceiling,4,0.0009765625,1.0,2048.0,0.5,False,1925911901
2,12,1,0.0,0.0689,0.0,0.0,0.546175,0.000244140625,0.0029296875,1.0,0,Ceiling,5,0.001220703125,1.0,2048.0,0.5,False,1925911901
2,12,1,0.0,0.0689,0.0,0.0,0.546175,0.000244140625,0.0029296875,1.0,0,Ceiling,6,0.00146484375,1.0,2048.0,0.5,False,1925911901
2,12,1,0.0,0.0689,0.0,0.0,0.546175,0.000244140625,0.0029296875,1.0,0,Ceiling,8,0.001953125,1.0,2048.0,0.5,False,1925911901
2,12,1,0.0,0.0689,0.0,0.0,0.546175,0.000244140625,0.0029296875,1.0,0,Ceiling,11,0.002685546875,1.0,2048.0,0.5,False,1925911901
2,12,1,0.0,0.0689,0.0,0.0,0.546175,0.000244140625,0.0029296875,1.0,0,Ceiling,14,0.00341796875,1.0,2048.0,0.5,False,1925911901
2,12,1,0.0,0.0689,0.0,0.0,0.546175,0.000244140625,0.0029296875,1.0,0,Ceiling,18,0.00439453125,1.0,2048.0,0.5,False,1925911901
2,12,1,0.0,0.0689,0.0,0.0,0.546175,0.000244140625,0.0029296875,1.0,0,Ceiling,23,0.005615234375,1.0,2048.0,0.5,False,1925911901
2,12,1,0.0,0.0689,0.0,0.0,0.546175,0.000244140625,0.0029296875,1.0,0,Ceiling,31,0.007568359375,1.0,2048.0,0.5,False,1925911901
2,12,1,0.0,0.0689,0.0,0.0,0.546175,0.000244140625,0.0029296875,1.0,0,Ceiling,40,0.009765625,1.0,2048.0,0.5,False,1925911901
2,12,1,0.0,0.0689,0.0,0.0,0.546175,0.000244140625,0.0029296875,1.0,0,Ceiling,52,0.0126953125,1.0,2048.0,0.5,False,1925911901
2,12,1,0.0,0.0689,0.0,0.0,0.546175,0.000244140625,0.0029296875,1.0,0,Ceiling,67,0.016357421875,1.0,2048.0,0.5,False,1925911901
2,12,1,0.0,0.0689,0.0,0.0,0.546175,0.000244140625,0.0029296875,1.0,0,Ceiling,87,0.021240234375,1.0,2048.0,0.5,False,1925911901
2,12,1,0.0,0.0689,0.0,0.0,0.546175,0.000244140625,0.0029296875,1.0,0,Ceiling,114,0.02783203125,1.0,2048.0,0.5,False,1925911901
2,12,1,0.0,0.0689,0.0,0.0,0.546175,0.000244140625,0.0029296875,1.0,0,Ceiling,148,0.0361328125,1.0,2048.0,0.5,False,1925911901
2,12,1,0.0,0.0689,0.0,0.0,0.546175,0.000244140625,0.0029296875,1.0,0,Ceiling,192,0.046875,1.0,2048.0,0.5,False,1925911901
2,12,1,0.0,0.0689,0.0,0.0,0.546175,0.000244140625,0.0029296875,1.0,0,Ceiling,250,0.06103515625,1.0,2048.0,0.5,False,1925911901
2,12,1,0.0,0.0689,0.0,0.0,0.546175,0.000244140625,0.0029296875,1.0,0,Ceiling,325,0.079345703125,1.0,2048.0,0.5,False,1925911901
2,12,1,0.0,0.0689,0.0,0.0,0.546175,0.000244140625,0.0029296875,1.0,0,Ceiling,423,0.103271484375,1.0,2048.0,0.5,False,1925911901
2,12,1,0.0,0.0689,0.0,0.0,0.546175,0.000244140625,0.0029296875,1.0,0,Ceiling,550,0.13427734375,1.0,2048.0,0.5,False,1925911901
2,12,1,0.0,0.0689,0.0,0.0,0.546175,0.000244140625,0.0029296875,1.0,0,Ceiling,715,0.174560546875,1.0,2048.0,0.5,False,1925911901
2,12,1,0.0,0.0689,0.0,0.0,0.546175,0.000244140625,0.0029296875,1.0,0,Ceiling,931,0.227294921875,1.0,2048.0,0.5,False,1925911901
2,12,1,0.0,0.0689,0.0,0.0,0.546175,0.000244140625,0.0029296875,1.0,0,Ceiling,1210,0.29541015625,1.0,2048.0,0.5,False,1925911901
2,12,1,0.0,0.0689,0.0,0.0,0.546175,0.000244140625,0.0029296875,1.0,0,Ceiling,1575,0.384521484375,1.0,2048.0,0.5,False,1925911901
2,12,1,0.0,0.0689,0.0,0.0,0.546175,0.000244140625,0.0029296875,1.0,0,Ceiling,2048,0.5,1.0,2048.0,0.5,False,1925911901
10,12,1,0.0,0.476303,0.0,0.0,-0.594078,0.05224609375,0.0029296875,0.0016820371101524182,3997,BARK,1,0.000244140625,0.0016820371101524182,220.0,0.0537109375,True,321936748
10,12,1,0.0,0.476303,0.0,0.0,-0.594078,0.05224609375,0.0029296875,0.0016820371101524182,3997,BARK,2,0.00048828125,0.009094046797220421,220.0,0.0537109375,True,321936748
10,12,1,0.0,0.476303,0.0,0.0,-0.594078,0.05224609375,0.0029296875,0.0016820371101524182,3997,BARK,3,0.000732421875,0.024658663381823504,220.0,0.0537109375,True,321936748
10,12,1,0.0,0.476303,0.0,0.0,-0.594078,0.05224609375,0.0029296875,0.0016820371101524182,3997,BARK,4,0.0009765625,0.04654155371804691,220.0,0.0537109375,True,321936748
10,12,1,0.0,0.476303,0.0,0.0,-0.594078,0.05224609375,0.0029296875,0.0016820371101524182,3997,BARK,5,0.001220703125,0.06796464994070917,220.0,0.0537109375,True,321936748
10,12,1,0.0,0.476303,0.0,0.0,-0.594078,0.05224609375,0.0029296875,0.0016820371101524182,3997,BARK,6,0.00146484375,0.08040079624367258,220.0,0.0537109375,True,321936748
10,12,1,0.0,0.476303,0.0,0.0,-0.594078,0.05224609375,0.0029296875,0.0016820371101524182,3997,BARK,8,0.001953125,0.09316778733902181,220.0,0.0537109375,True,321936748
10,12,1,0.0,0.476303,0.0,0.0,-0.594078,0.05224609375,0.0029296875,0.0016820371101524182,3997,BARK,11,0.002685546875,0.14968942802105709,220.0,0.0537109375,True,321936748
10,12,1,0.0,0.476303,0.0,0.0,-0.594078,0.05224609375,0.0029296875,0.0016820371101524182,3997,BARK,14,0.00341796875,0.14574555347629628,220.0,0.0537109375,True,321936748
10,12,1,0.0,0.476303,0.0,0.0,-0.594078,0.05224609375,0.0029296875,0.0016820371101524182,3997,BARK,18,0.00439453125,0.22947961110515727,220.0,0.0537109375,True,321936748
10,12,1,0.0,0.476303,0.0,0.0,-0.594078,0.05224609375,0.0029296875,0.0016820371101524182,3997,BARK,23,0.005615234375,0.33214296754797434,220.0,0.0537109375,True,321936748
10,12,1,0.0,0.476303,0.0,0.0,-0.594078,0.05224609375,0.0029296875,0.0016820371101524182,3997,BARK,31,0.007568359375,0.381133335819634,220.0,0.0537109375,True,321936748
10,12,1,0.0,0.476303,0.0,0.0,-0.594078,0.05224609375,0.0029296875,0.0016820371101524182,3997,BARK,40,0.009765625,0.4563487244776566,220.0,0.0537109375,True,321936748
10,12,1,0.0,0.476303,0.0,0.0,-0.594078,0.05224609375,0.0029296875,0.0016820371101524182,3997,BARK,52,0.0126953125,0.5557394572608035,220.0,0.0537109375,True,321936748
10,12,1,0.0,0.476303,0.0,0.0,-0.594078,0.05224609375,0.0029296875,0.0016820371101524182,3997,BARK,67,0.016357421875,0.6088419996050338,220.0,0.0537109375,True,321936748
10,12,1,0.0,0.476303,0.0,0.0,-0.594078,0.05224609375,0.0029296875,0.0016820371101524182,3997,BARK,87,0.021240234375,0.6179291650134829,220.0,0.0537109375,True,321936748
10,12,1,0.0,0.476303,0.0,0.0,-0.594078,0.05224609375,0.0029296875,0.0016820371101524182,3997,BARK,114,0.02783203125,0.576597641020332,220.0,0.0537109375,True,321936748
10,12,1,0.0,0.476303,0.0,0.0,-0.594078,0.05224609375,0.0029296875,0.0016820371101524182,3997,BARK,148,0.0361328125,0.7291903068226989,220.0,0.0537109375,True,321936748
10,12,1,0.0,0.476303,0.0,0.0,-0.594078,0.05224609375,0.0029296875,0.0016820371101524182,3997,BARK,192,0.046875,0.978211341847481,220.0,0.0537109375,True,321936748
10,12,1,0.0,0.476303,0.0,0.0,-0.594078,0.05224609375,0.0029296875,0.0016820371101524182,3997,BARK,250,0.06103515625,1.0000000000000004,220.0,0.0537109375,True,321936748
10,12,1,0.0,0.476303,0.0,0.0,-0.594078,0.05224609375,0.0029296875,0.0016820371101524182,3997,BARK,325,0.079345703125,1.0000000000000004,220.0,0.0537109375,True,321936748
10,12,1,0.0,0.476303,0.0,0.0,-0.594078,0.05224609375,0.0029296875,0.0016820371101524182,3997,BARK,423,0.103271484375,1.0000000000000004,220.0,0.0537109375,True,321936748
10,12,1,0.0,0.476303,0.0,0.0,-0.594078,0.05224609375,0.0029296875,0.0016820371101524182,3997,BARK,550,0.13427734375,1.0000000000000004,220.0,0.0537109375,True,321936748
10,12,1,0.0,0.476303,0.0,0.0,-0.594078,0.05224609375,0.0029296875,0.0016820371101524182,3997,BARK,715,0.174560546875,1.0000000000000004,220.0,0.0537109375,True,321936748
10,12,1,0.0,0.476303,0.0,0.0,-0.594078,0.05224609375,0.0029296875,0.0016820371101524182,3997,BARK,931,0.227294921875,1.0000000000000004,220.0,0.0537109375,True,321936748
10,12,1,0.0,0.476303,0.0,0.0,-0.594078,0.05224609375,0.0029296875,0.0016820371101524182,3997,BARK,1210,0.29541015625,1.0000000000000004,220.0,0.0537109375,True,321936748
10,12,1,0.0,0.476303,0.0,0.0,-0.594078,0.05224609375,0.0029296875,0.0016820371101524182,3997,BARK,1575,0.384521484375,1.0000000000000004,220.0,0.0537109375,True,321936748
10,12,1,0.0,0.476303,0.0,0.0,-0.594078,0.05224609375,0.0029296875,0.0016820371101524182,3997,BARK,2048,0.5,1.0000000000000004,220.0,0.0537109375,True,321936748
10,12,1,0.0,0.476303,0.0,0.0,-0.594078,0.05224609375,0.0029296875,0.0016820371101524182,3997,Simplified BARK,1,0.000244140625,0.0016820371101524182,220.0,0.0537109375,True,321936748
10,12,1,0.0,0.476303,0.0,0.0,-0.594078,0.05224609375,0.0029296875,0.0016820371101524182,3997,Simplified BARK,2,0.00048828125,0.009094046797220421,220.0,0.0537109375,True,321936748
10,12,1,0.0,0.476303,0.0,0.0,-0.594078,0.05224609375,0.0029296875,0.0016820371101524182,3997,Simplified BARK,3,0.000732421875,0.024658663381823504,220.0,0.0537109375,True,321936748
10,12,1,0.0,0.476303,0.0,0.0,-0.594078,0.05224609375,0.0029296875,0.0016820371101524182,3997,Simplified BARK,4,0.0009765625,0.04654155371804691,220.0,0.0537109375,True,321936748
10,12,1,0.0,0.476303,0.0,0.0,-0.594078,0.05224609375,0.0029296875,0.0016820371101524182,3997,Simplified BARK,5,0.001220703125,0.06796464994070917,220.0,0.0537109375,True,321936748
10,12,1,0.0,0.476303,0.0,0.0,-0.594078,0.05224609375,0.0029296875,0.0016820371101524182,3997,Simplified BARK,6,0.00146484375,0.08040079624367258,220.0,0.0537109375,True,321936748
10,12,1,0.0,0.476303,0.0,0.0,-0.594078,0.05224609375,0.0029296875,0.0016820371101524182,3997,Simplified BARK,8,0.001953125,0.09189306509837622,220.0,0.0537109375,True,321936748
10,12,1,0.0,0.476303,0.0,0.0,-0.594078,0.05224609375,0.0029296875,0.0016820371101524182,3997,Simplified BARK,11,0.002685546875,0.08301516822103197,220.0,0.0537109375,True,321936748
10,12,1,0.0,0.476303,0.0,0.0,-0.594078,0.05224609375,0.0029296875,0.0016820371101524182,3997,Simplified BARK,14,0.00341796875,0.06269772144872023,220.0,0.0537109375,True,321936748
10,12,1,0.0,0.476303,0.0,0.0,-0.594078,0.05224609375,0.0029296875,0.0016820371101524182,3997,Simplified BARK,18,0.00439453125,0.04121537841934752,220.0,0.0537109375,True,321936748
10,12,1,0.0,0.476303,0.0,0.0,-0.594078,0.05224609375,0.0029296875,0.0016820371101524182,3997,Simplified BARK,23,0.005615234375,0.00010011856469262687,220.0,0.0537109375,True,321936748
10,12,1,0.0,0.476303,0.0,0.0,-0.594078,0.05224609375,0.0029296875,0.0016820371101524182,3997,Simplified BARK,31,0.007568359375,0.0023336166904977555,220.0,0.0537109375,True,321936748
10,12,1,0.0,0.476303,0.0,0.0,-0.594078,0.05224609375,0.0029296875,0.0016820371101524182,3997,Simplified BARK,40,0.009765625,0.024135863259002924,220.0,0.0537109375,True,321936748
10,12,1,0.0,0.476303,0.0,0.0,-0.594078,0.05224609375,0.0029296875,0.0016820371101524182,3997,Simplified BARK,52,0.0126953125,0.07749455009907251,220.0,0.0537109375,True,321936748
10,12,1,0.0,0.476303,0.0,0.0,-0.594078,0.05224609375,0.0029296875,0.0016820371101524182,3997,Simplified BARK,67,0.016357421875,0.06575453194263492,220.0,0.0537109375,True,321936748
10,12,1,0.0,0.476303,0.0,0.0,-0.594078,0.05224609375,0.0029296875,0.0016820371101524182,3997,Simplified BARK,87,0.021240234375,0.14212733109122444,220.0,0.0537109375,True,321936748
10,12,1,0.0,0.476303,0.0,0.0,-0.594078,0.05224609375,0.0029296875,0.0016820371101524182,3997,Simplified BARK,114,0.02783203125,0.3308029250914482,220.0,0.0537109375,True,321936748
10,12,1,0.0,0.476303,0.0,0.0,-0.594078,0.05224609375,0.0029296875,0.0016820371101524182,3997,Simplified BARK,148,0.0361328125,0.6663151291338104,220.0,0.0537109375,True,321936748
10,12,1,0.0,0.476303,0.0,0.0,-0.594078,0.05224609375,0.0029296875,0.0016820371101524182,3997,Simplified BARK,192,0.046875,0.9836996634821257,220.0,0.0537109375,True,321936748
10,12,1,0.0,0.476303,0.0,0.0,-0.594078,0.05224609375,0.0029296875,0.0016820371101524182,3997,Simplified BARK,250,0.06103515625,1.0,220.0,0.0537109375,True,321936748
10,12,1,0.0,0.476303,0.0,0.0,-0.594078,0.05224609375,0.0029296875,0.0016820371101524182,3997,Simplified BARK,325,0.079345703125,1.0,220.0,0.0537109375,True,321936748
10,12,1,0.0,0.476303,0.0,0.0,-0.594078,0.05224609375,0.0029296875,0.0016820371101524182,3997,Simplified BARK,423,0.103271484375,1.0,220.0,0.0537109375,True,321936748
10,12,1,0.0,0.476303,0.0,0.0,-0.594078,0.05224609375,0.0029296875,0.0016820371101524182,3997,Simplified BARK,550,0.13427734375,1.0,220.0,0.0537109375,True,321936748
10,12,1,0.0,0.476303,0.0,0.0,-0.594078,0.05224609375,0.0029296875,0.0016820371101524182,3997,Simplified BARK,715,0.174560546875,1.0,220.0,0.0537109375,True,321936748
10,12,1,0.0,0.476303,0.0,0.0,-0.594078,0.05224609375,0.0029296875,0.0016820371101524182,3997,Simplified BARK,931,0.227294921875,1.0,220.0,0.0537109375,True,321936748
10,12,1,0.0,0.476303,0.0,0.0,-0.594078,0.05224609375,0.0029296875,0.0016820371101524182,3997,Simplified BARK,1210,0.29541015625,1.0,220.0,0.0537109375,True,321936748
10,12,1,0.0,0.476303,0.0,0.0,-0.594078,0.05224609375,0.0029296875,0.0016820371101524182,3997,Simplified BARK,1575,0.384521484375,1.0,220.0,0.0537109375,True,321936748
10,12,1,0.0,0.476303,0.0,0.0,-0.594078,0.05224609375,0.0029296875,0.0016820371101524182,3997,Simplified BARK,2048,0.5,1.0,220.0,0.0537109375,True,321936748
10,12,1,0.0,0.476303,0.0,0.0,-0.594078,0.05224609375,0.0029296875,0.0016820371101524182,3997,SKQD,1,0.000244140625,0.0016820371101524182,215.33333333333334,0.052571614583333336,True,321936748
10,12,1,0.0,0.476303,0.0,0.0,-0.594078,0.05224609375,0.0029296875,0.0016820371101524182,3997,SKQD,2,0.00048828125,0.0016820371101524182,215.33333333333334,0.052571614583333336,True,321936748
10,12,1,0.0,0.476303,0.0,0.0,-0.594078,0.05224609375,0.0029296875,0.0016820371101524182,3997,SKQD,3,0.000732421875,0.0016820371101524182,215.33333333333334,0.052571614583333336,True,321936748
10,12,1,0.0,0.476303,0.0,0.0,-0.594078,0.05224609375,0.0029296875,0.0016820371101524182,3997,SKQD,4,0.0009765625,0.0016820371101524182,215.33333333333334,0.052571614583333336,True,321936748
10,12,1,0.0,0.476303,0.0,0.0,-0.594078,0.05224609375,0.0029296875,0.0016820371101524182,3997,SKQD,5,0.001220703125,0.0016820371101524182,215.33333333333334,0.052571614583333336,True,321936748
10,12,1,0.0,0.476303,0.0,0.0,-0.594078,0.05224609375,0.0029296875,0.0016820371101524182,3997,SKQD,6,0.00146484375,0.0016820371101524182,215.33333333333334,0.052571614583333336,True,321936748
10,12,1,0.0,0.476303,0.0,0.0,-0.594078,0.05224609375,0.0029296875,0.0016820371101524182,3997,SKQD,8,0.001953125,0.0016820371101524182,215.33333333333334,0.052571614583333336,True,321936748
10,12,1,0.0,0.476303,0.0,0.0,-0.594078,0.05224609375,0.0029296875,0.0016820371101524182,3997,SKQD,11,0.002685546875,0.0016820371101524182,215.33333333333334,0.052571614583333336,True,321936748
10,12,1,0.0,0.476303,0.0,0.0,-0.594078,0.05224609375,0.0029296875,0.0016820371101524182,3997,SKQD,14,0.00341796875,0.04229823073229322,215.33333333333334,0.052571614583333336,True,321936748
10,12,1,0.0,0.476303,0.0,0.0,-0.594078,0.05224609375,0.0029296875,0.0016820371101524182,3997,SKQD,18,0.00439453125,0.04229823073229322,215.33333333333334,0.052571614583333336,True,321936748
10,12,1,0.0,0.476303,0.0,0.0,-0.594078,0.05224609375,0.0029296875,0.0016820371101524182,3997,SKQD,23,0.005615234375,0.04229823073229322,215.33333333333334,0.052571614583333336,True,321936748
10,12,1,0.0,0.476303,0.0,0.0,-0.594078,0.05224609375,0.0029296875,0.0016820371101524182,3997,SKQD,31,0.007568359375,0.04229823073229322,215.33333333333334,0.052571614583333336,True,321936748
10,12,1,0.0,0.476303,0.0,0.0,-0.594078,0.05224609375,0.0029296875,0.0016820371101524182,3997,SKQD,40,0.009765625,0.0797928413957608,215.33333333333334,0.052571614583333336,True,321936748
10,12,1,0.0,0.476303,0.0,0.0,-0.594078,0.05224609375,0.0029296875,0.0016820371101524182,3997,SKQD,52,0.0126953125,0.10762471157417834,215.33333333333334,0.052571614583333336,True,321936748
10,12,1,0.0,0.476303,0.0,0.0,-0.594078,0.05224609375,0.0029296875,0.0016820371101524182,3997,SKQD,67,0.016357421875,0.12539591154326693,215.33333333333334,0.052571614583333336,True,321936748
10,12,1,0.0,0.476303,0.0,0.0,-0.594078,0.05224609375,0.0029296875,0.0016820371101524182,3997,SKQD,87,0.021240234375,0.1751072225589924,215.33333333333334,0.052571614583333336,True,321936748
10,12,1,0.0,0.476303,0.0,0.0,-0.594078,0.05224609375,0.0029296875,0.0016820371101524182,3997,SKQD,114,0.02783203125,0.2639197524342393,215.33333333333334,0.052571614583333336,True,321936748
10,12,1,0.0,0.476303,0.0,0.0,-0.594078,0.05224609375,0.0029296875,0.0016820371101524182,3997,SKQD,148,0.0361328125,0.35714419562872407,215.33333333333334,0.052571614583333336,True,321936748
10,12,1,0.0,0.476303,0.0,0.0,-0.594078,0.05224609375,0.0029296875,0.0016820371101524182,3997,SKQD,192,0.046875,0.6565663398422366,215.33333333333334,0.052571614583333336,True,321936748
10,12,1,0.0,0.476303,0.0,0.0,-0.594078,0.05224609375,0.0029296875,0.0016820371101524182,3997,SKQD,250,0.06103515625,0.9311465539691509,215.33333333333334,0.052571614583333336,True,321936748
10,12,1,0.0,0.476303,0.0,0.0,-0.594078,0.05224609375,0.0029296875,0.0016820371101524182,3997,SKQD,325,0.079345703125,0.9311465539691509,215.33333333333334,0.052571614583333336,True,321936748
10,12,1,0.0,0.476303,0.0,0.0,-0.594078,0.05224609375,0.0029296875,0.0016820371101524182,3997,SKQD,423,0.103271484375,0.9311465539691509,215.33333333333334,0.052571614583333336,True,321936748
10,12,1,0.0,0.476303,0.0,0.0,-0.594078,0.05224609375,0.0029296875,0.0016820371101524182,3997,SKQD,550,0.13427734375,0.9311465539691509,215.33333333333334,0.052571614583333336,True,321936748
10,12,1,0.0,0.476303,0.0,0.0,-0.594078,0.05224609375,0.0029296875,0.0016820371101524182,3997,SKQD,715,0.174560546875,0.9311465539691509,215.33333333333334,0.052571614583333336,True,321936748
10,12,1,0.0,0.476303,0.0,0.0,-0.594078,0.05224609375,0.0029296875,0.0016820371101524182,3997,SKQD,931,0.227294921875,0.9311465539691509,215.33333333333334,0.052571614583333336,True,321936748
10,12,1,0.0,0.476303,0.0,0.0,-0.594078,0.05224609375,0.0029296875,0.0016820371101524182,3997,SKQD,1210,0.29541015625,0.9311465539691509,215.33333333333334,0.052571614583333336,True,321936748
10,12,1,0.0,0.476303,0.0,0.0,-0.594078,0.05224609375,0.0029296875,0.0016820371101524182,3997,SKQD,1575,0.384521484375,0.9311465539691509,215.33333333333334,0.052571614583333336,True,321936748
10,12,1,0.0,0.476303,0.0,0.0,-0.594078,0.05224609375,0.0029296875,0.0016820371101524182,3997,SKQD,2048,0.5,0.9311465539691509,215.33333333333334,0.052571614583333336,True,321936748
10,12,1,0.0,0.476303,0.0,0.0,-0.594078,0.05224609375,0.0029296875,0.0016820371101524182,3997,Ceiling,1,0.000244140625,0.02964050737645611,2048.0,0.5,False,321936748
10,12,1,0.0,0.476303,0.0,0.0,-0.594078,0.05224609375,0.0029296875,0.0016820371101524182,3997,Ceiling,2,0.00048828125,0.05928101475291209,2048.0,0.5,False,321936748
10,12,1,0.0,0.476303,0.0,0.0,-0.594078,0.05224609375,0.0029296875,0.0016820371101524182,3997,Ceiling,3,0.000732421875,0.08501249629488027,2048.0,0.5,False,321936748
10,12,1,0.0,0.476303,0.0,0.0,-0.594078,0.05224609375,0.0029296875,0.0016820371101524182,3997,Ceiling,4,0.0009765625,0.11074397783684832,2048.0,0.5,False,321936748
10,12,1,0.0,0.476303,0.0,0.0,-0.594078,0.05224609375,0.0029296875,0.0016820371101524182,3997,Ceiling,5,0.001220703125,0.13398309518297108,2048.0,0.5,False,321936748
10,12,1,0.0,0.476303,0.0,0.0,-0.594078,0.05224609375,0.0029296875,0.0016820371101524182,3997,Ceiling,6,0.00146484375,0.1572222125290937,2048.0,0.5,False,321936748
10,12,1,0.0,0.476303,0.0,0.0,-0.594078,0.05224609375,0.0029296875,0.0016820371101524182,3997,Ceiling,8,0.001953125,0.20156212966617698,2048.0,0.5,False,321936748
10,12,1,0.0,0.476303,0.0,0.0,-0.594078,0.05224609375,0.0029296875,0.0016820371101524182,3997,Ceiling,11,0.002685546875,0.26103675900884277,2048.0,0.5,False,321936748
10,12,1,0.0,0.476303,0.0,0.0,-0.594078,0.05224609375,0.0029296875,0.0016820371101524182,3997,Ceiling,14,0.00341796875,0.316595283434492,2048.0,0.5,False,321936748
10,12,1,0.0,0.476303,0.0,0.0,-0.594078,0.05224609375,0.0029296875,0.0016820371101524182,3997,Ceiling,18,0.00439453125,0.3853643482058873,2048.0,0.5,False,321936748
10,12,1,0.0,0.476303,0.0,0.0,-0.594078,0.05224609375,0.0029296875,0.0016820371101524182,3997,Ceiling,23,0.005615234375,0.45823985824988334,2048.0,0.5,False,321936748
10,12,1,0.0,0.476303,0.0,0.0,-0.594078,0.05224609375,0.0029296875,0.0016820371101524182,3997,Ceiling,31,0.007568359375,0.5580082961372019,2048.0,0.5,False,321936748
10,12,1,0.0,0.476303,0.0,0.0,-0.594078,0.05224609375,0.0029296875,0.0016820371101524182,3997,Ceiling,40,0.009765625,0.6367049395209002,2048.0,0.5,False,321936748
10,12,1,0.0,0.476303,0.0,0.0,-0.594078,0.05224609375,0.0029296875,0.0016820371101524182,3997,Ceiling,52,0.0126953125,0.7220310831211163,2048.0,0.5,False,321936748
10,12,1,0.0,0.476303,0.0,0.0,-0.594078,0.05224609375,0.0029296875,0.0016820371101524182,3997,Ceiling,67,0.016357421875,0.8036798825454111,2048.0,0.5,False,321936748
10,12,1,0.0,0.476303,0.0,0.0,-0.594078,0.05224609375,0.0029296875,0.0016820371101524182,3997,Ceiling,87,0.021240234375,0.8829277023622182,2048.0,0.5,False,321936748
10,12,1,0.0,0.476303,0.0,0.0,-0.594078,0.05224609375,0.0029296875,0.0016820371101524182,3997,Ceiling,114,0.02783203125,0.9496421456844545,2048.0,0.5,False,321936748
10,12,1,0.0,0.476303,0.0,0.0,-0.594078,0.05224609375,0.0029296875,0.0016820371101524182,3997,Ceiling,148,0.0361328125,0.9869192539376296,2048.0,0.5,False,321936748
10,12,1,0.0,0.476303,0.0,0.0,-0.594078,0.05224609375,0.0029296875,0.0016820371101524182,3997,Ceiling,192,0.046875,0.9995832330174657,2048.0,0.5,False,321936748
10,12,1,0.0,0.476303,0.0,0.0,-0.594078,0.05224609375,0.0029296875,0.0016820371101524182,3997,Ceiling,250,0.06103515625,1.0000000000000009,2048.0,0.5,False,321936748
10,12,1,0.0,0.476303,0.0,0.0,-0.594078,0.05224609375,0.0029296875,0.0016820371101524182,3997,Ceiling,325,0.079345703125,1.0000000000000009,2048.0,0.5,False,321936748
10,12,1,0.0,0.476303,0.0,0.0,-0.594078,0.05224609375,0.0029296875,0.0016820371101524182,3997,Ceiling,423,0.103271484375,1.0000000000000009,2048.0,0.5,False,321936748
10,12,1,0.0,0.476303,0.0,0.0,-0.594078,0.05224609375,0.0029296875,0.0016820371101524182,3997,Ceiling,550,0.13427734375,1.0000000000000009,2048.0,0.5,False,321936748
10,12,1,0.0,0.476303,0.0,0.0,-0.594078,0.05224609375,0.0029296875,0.0016820371101524182,3997,Ceiling,715,0.174560546875,1.0000000000000009,2048.0,0.5,False,321936748
10,12,1,0.0,0.476303,0.0,0.0,-0.594078,0.05224609375,0.0029296875,0.0016820371101524182,3997,Ceiling,931,0.227294921875,1.0000000000000009,2048.0,0.5,False,321936748
10,12,1,0.0,0.476303,0.0,0.0,-0.594078,0.05224609375,0.0029296875,0.0016820371101524182,3997,Ceiling,1210,0.29541015625,1.0000000000000009,2048.0,0.5,False,321936748
10,12,1,0.0,0.476303,0.0,0.0,-0.594078,0.05224609375,0.0029296875,0.0016820371101524182,3997,Ceiling,1575,0.384521484375,1.0000000000000009,2048.0,0.5,False,321936748
10,12,1,0.0,0.476303,0.0,0.0,-0.594078,0.05224609375,0.0029296875,0.0016820371101524182,3997,Ceiling,2048,0.5,1.0000000000000009,2048.0,0.5,False,321936748
10,12,1,0.0,0.476303,0.0,0.0,-0.594078,0.05224609375,0.0029296875,1.586642628842292e-05,4073,BARK,1,0.000244140625,1.586642628842292e-05,220.0,0.0537109375,True,321936748
10,12,1,0.0,0.476303,0.0,0.0,-0.594078,0.05224609375,0.0029296875,1.586642628842292e-05,4073,BARK,2,0.00048828125,9.381872207929095e-05,220.0,0.0537109375,True,321936748
10,12,1,0.0,0.476303,0.0,0.0,-0.594078,0.05224609375,0.0029296875,1.586642628842292e-05,4073,BARK,3,0.000732421875,0.00031335087908072954,220.0,0.0537109375,True,321936748
10,12,1,0.0,0.476303,0.0,0.0,-0.594078,0.05224609375,0.0029296875,1.586642628842292e-05,4073,BARK,4,0.0009765625,0.0007643312672308542,220.0,0.0537109375,True,321936748
10,12,1,0.0,0.476303,0.0,0.0,-0.594078,0.05224609375,0.0029296875,1.586642628842292e-05,4073,BARK,5,0.001220703125,0.0014827826249684463,220.0,0.0537109375,True,321936748
10,12,1,0.0,0.476303,0.0,0.0,-0.594078,0.05224609375,0.0029296875,1.586642628842292e-05,4073,BARK,6,0.00146484375,0.0023863274588193113,220.0,0.0537109375,True,321936748
10,12,1,0.0,0.476303,0.0,0.0,-0.594078,0.05224609375,0.0029296875,1.586642628842292e-05,4073,BARK,8,0.001953125,0.003856249285610775,220.0,0.0537109375,True,321936748
10,12,1,0.0,0.476303,0.0,0.0,-0.594078,0.05224609375,0.0029296875,1.586642628842292e-05,4073,BARK,11,0.002685546875,0.013668341244742848,220.0,0.0537109375,True,321936748
10,12,1,0.0,0.476303,0.0,0.0,-0.594078,0.05224609375,0.0029296875,1.586642628842292e-05,4073,BARK,14,0.00341796875,0.024803511387126137,220.0,0.0537109375,True,321936748
10,12,1,0.0,0.476303,0.0,0.0,-0.594078,0.05224609375,0.0029296875,1.586642628842292e-05,4073,BARK,18,0.00439453125,0.01873498540652091,220.0,0.0537109375,True,321936748
10,12,1,0.0,0.476303,0.0,0.0,-0.594078,0.05224609375,0.0029296875,1.586642628842292e-05,4073,BARK,23,0.005615234375,0.03441359652892313,220.0,0.0537109375,True,321936748
10,12,1,0.0,0.476303,0.0,0.0,-0.594078,0.05224609375,0.0029296875,1.586642628842292e-05,4073,BARK,31,0.007568359375,0.08660922536958644,220.0,0.0537109375,True,321936748
10,12,1,0.0,0.476303,0.0,0.0,-0.594078,0.05224609375,0.0029296875,1.586642628842292e-05,4073,BARK,40,0.009765625,0.15276948242598654,220.0,0.0537109375,True,321936748
10,12,1,0.0,0.476303,0.0,0.0,-0.594078,0.05224609375,0.0029296875,1.586642628842292e-05,4073,BARK,52,0.0126953125,0.2867356320924497,220.0,0.0537109375,True,321936748
10,12,1,0.0,0.476303,0.0,0.0,-0.594078,0.05224609375,0.0029296875,1.586642628842292e-05,4073,BARK,67,0.016357421875,0.252424502464892,220.0,0.0537109375,True,321936748
10,12,1,0.0,0.476303,0.0,0.0,-0.594078,0.05224609375,0.0029296875,1.586642628842292e-05,4073,BARK,87,0.021240234375,0.4239492471093661,220.0,0.0537109375,True,321936748
10,12,1,0.0,0.476303,0.0,0.0,-0.594078,0.05224609375,0.0029296875,1.586642628842292e-05,4073,BARK,114,0.02783203125,0.5727628087508125,220.0,0.0537109375,True,321936748
10,12,1,0.0,0.476303,0.0,0.0,-0.594078,0.05224609375,0.0029296875,1.586642628842292e-05,4073,BARK,148,0.0361328125,0.7765177586900982,220.0,0.0537109375,True,321936748
10,12,1,0.0,0.476303,0.0,0.0,-0.594078,0.05224609375,0.0029296875,1.586642628842292e-05,4073,BARK,192,0.046875,0.9961580374473202,220.0,0.0537109375,True,321936748
10,12,1,0.0,0.476303,0.0,0.0,-0.594078,0.05224609375,0.0029296875,1.586642628842292e-05,4073,BARK,250,0.06103515625,1.0,220.0,0.0537109375,True,321936748
10,12,1,0.0,0.476303,0.0,0.0,-0.594078,0.05224609375,0.0029296875,1.586642628842292e-05,4073,BARK,325,0.079345703125,1.0,220.0,0.0537109375,True,321936748
10,12,1,0.0,0.476303,0.0,0.0,-0.594078,0.05224609375,0.0029296875,1.586642628842292e-05,4073,BARK,423,0.103271484375,1.0,220.0,0.0537109375,True,321936748
10,12,1,0.0,0.476303,0.0,0.0,-0.594078,0.05224609375,0.0029296875,1.586642628842292e-05,4073,BARK,550,0.13427734375,1.0,220.0,0.0537109375,True,321936748
10,12,1,0.0,0.476303,0.0,0.0,-0.594078,0.05224609375,0.0029296875,1.586642628842292e-05,4073,BARK,715,0.174560546875,1.0,220.0,0.0537109375,True,321936748
10,12,1,0.0,0.476303,0.0,0.0,-0.594078,0.05224609375,0.0029296875,1.586642628842292e-05,4073,BARK,931,0.227294921875,1.0,220.0,0.0537109375,True,321936748
10,12,1,0.0,0.476303,0.0,0.0,-0.594078,0.05224609375,0.0029296875,1.586642628842292e-05,4073,BARK,1210,0.29541015625,1.0,220.0,0.0537109375,True,321936748
10,12,1,0.0,0.476303,0.0,0.0,-0.594078,0.05224609375,0.0029296875,1.586642628842292e-05,4073,BARK,1575,0.384521484375,1.0,220.0,0.0537109375,True,321936748
10,12,1,0.0,0.476303,0.0,0.0,-0.594078,0.05224609375,0.0029296875,1.586642628842292e-05,4073,BARK,2048,0.5,1.0,220.0,0.0537109375,True,321936748
10,12,1,0.0,0.476303,0.0,0.0,-0.594078,0.05224609375,0.0029296875,1.586642628842292e-05,4073,Simplified BARK,1,0.000244140625,1.586642628842292e-05,220.0,0.0537109375,True,321936748
10,12,1,0.0,0.476303,0.0,0.0,-0.594078,0.05224609375,0.0029296875,1.586642628842292e-05,4073,Simplified BARK,2,0.00048828125,9.381872207929095e-05,220.0,0.0537109375,True,321936748
10,12,1,0.0,0.476303,0.0,0.0,-0.594078,0.05224609375,0.0029296875,1.586642628842292e-05,4073,Simplified BARK,3,0.000732421875,0.00031335087908072954,220.0,0.0537109375,True,321936748
10,12,1,0.0,0.476303,0.0,0.0,-0.594078,0.05224609375,0.0029296875,1.586642628842292e-05,4073,Simplified BARK,4,0.0009765625,0.0007643312672308542,220.0,0.0537109375,True,321936748
10,12,1,0.0,0.476303,0.0,0.0,-0.594078,0.05224609375,0.0029296875,1.586642628842292e-05,4073,Simplified BARK,5,0.001220703125,0.0014827826249684463,220.0,0.0537109375,True,321936748
10,12,1,0.0,0.476303,0.0,0.0,-0.594078,0.05224609375,0.0029296875,1.586642628842292e-05,4073,Simplified BARK,6,0.00146484375,0.0023863274588193113,220.0,0.0537109375,True,321936748
10,12,1,0.0,0.476303,0.0,0.0,-0.594078,0.05224609375,0.0029296875,1.586642628842292e-05,4073,Simplified BARK,8,0.001953125,0.003856249285610775,220.0,0.0537109375,True,321936748
10,12,1,0.0,0.476303,0.0,0.0,-0.594078,0.05224609375,0.0029296875,1.586642628842292e-05,4073,Simplified BARK,11,0.002685546875,0.008621188331411416,220.0,0.0537109375,True,321936748
10,12,1,0.0,0.476303,0.0,0.0,-0.594078,0.05224609375,0.0029296875,1.586642628842292e-05,4073,Simplified BARK,14,0.00341796875,0.01940258761403863,220.0,0.0537109375,True,321936748
10,12,1,0.0,0.476303,0.0,0.0,-0.594078,0.05224609375,0.0029296875,1.586642628842292e-05,4073,Simplified BARK,18,0.00439453125,0.026292347489839413,220.0,0.0537109375,True,321936748
10,12,1,0.0,0.476303,0.0,0.0,-0.594078,0.05224609375,0.0029296875,1.586642628842292e-05,4073,Simplified BARK,23,0.005615234375,0.02378401452203468,220.0,0.0537109375,True,321936748
10,12,1,0.0,0.476303,0.0,0.0,-0.594078,0.05224609375,0.0029296875,1.586642628842292e-05,4073,Simplified BARK,31,0.007568359375,0.0009800841585619526,220.0,0.0537109375,True,321936748
10,12,1,0.0,0.476303,0.0,0.0,-0.594078,0.05224609375,0.0029296875,1.586642628842292e-05,4073,Simplified BARK,40,0.009765625,0.01113460519307292,220.0,0.0537109375,True,321936748
10,12,1,0.0,0.476303,0.0,0.0,-0.594078,0.05224609375,0.0029296875,1.586642628842292e-05,4073,Simplified BARK,52,0.0126953125,0.049232402999659745,220.0,0.0537109375,True,321936748
10,12,1,0.0,0.476303,0.0,0.0,-0.594078,0.05224609375,0.0029296875,1.586642628842292e-05,4073,Simplified BARK,67,0.016357421875,0.06652943070333557,220.0,0.0537109375,True,321936748
10,12,1,0.0,0.476303,0.0,0.0,-0.594078,0.05224609375,0.0029296875,1.586642628842292e-05,4073,Simplified BARK,87,0.021240234375,0.11837360643900018,220.0,0.0537109375,True,321936748
10,12,1,0.0,0.476303,0.0,0.0,-0.594078,0.05224609375,0.0029296875,1.586642628842292e-05,4073,Simplified BARK,114,0.02783203125,0.32765755712333466,220.0,0.0537109375,True,321936748
10,12,1,0.0,0.476303,0.0,0.0,-0.594078,0.05224609375,0.0029296875,1.586642628842292e-05,4073,Simplified BARK,148,0.0361328125,0.6555593971539484,220.0,0.0537109375,True,321936748
10,12,1,0.0,0.476303,0.0,0.0,-0.594078,0.05224609375,0.0029296875,1.586642628842292e-05,4073,Simplified BARK,192,0.046875,0.9783809478077169,220.0,0.0537109375,True,321936748
10,12,1,0.0,0.476303,0.0,0.0,-0.594078,0.05224609375,0.0029296875,1.586642628842292e-05,4073,Simplified BARK,250,0.06103515625,1.0000000000000004,220.0,0.0537109375,True,321936748
10,12,1,0.0,0.476303,0.0,0.0,-0.594078,0.05224609375,0.0029296875,1.586642628842292e-05,4073,Simplified BARK,325,0.079345703125,1.0000000000000004,220.0,0.0537109375,True,321936748
10,12,1,0.0,0.476303,0.0,0.0,-0.594078,0.05224609375,0.0029296875,1.586642628842292e-05,4073,Simplified BARK,423,0.103271484375,1.0000000000000004,220.0,0.0537109375,True,321936748
10,12,1,0.0,0.476303,0.0,0.0,-0.594078,0.05224609375,0.0029296875,1.586642628842292e-05,4073,Simplified BARK,550,0.13427734375,1.0000000000000004,220.0,0.0537109375,True,321936748
10,12,1,0.0,0.476303,0.0,0.0,-0.594078,0.05224609375,0.0029296875,1.586642628842292e-05,4073,Simplified BARK,715,0.174560546875,1.0000000000000004,220.0,0.0537109375,True,321936748
10,12,1,0.0,0.476303,0.0,0.0,-0.594078,0.05224609375,0.0029296875,1.586642628842292e-05,4073,Simplified BARK,931,0.227294921875,1.0000000000000004,220.0,0.0537109375,True,321936748
10,12,1,0.0,0.476303,0.0,0.0,-0.594078,0.05224609375,0.0029296875,1.586642628842292e-05,4073,Simplified BARK,1210,0.29541015625,1.0000000000000004,220.0,0.0537109375,True,321936748
10,12,1,0.0,0.476303,0.0,0.0,-0.594078,0.05224609375,0.0029296875,1.586642628842292e-05,4073,Simplified BARK,1575,0.384521484375,1.0000000000000004,220.0,0.0537109375,True,321936748
10,12,1,0.0,0.476303,0.0,0.0,-0.594078,0.05224609375,0.0029296875,1.586642628842292e-05,4073,Simplified BARK,2048,0.5,1.0000000000000004,220.0,0.0537109375,True,321936748
10,12,1,0.0,0.476303,0.0,0.0,-0.594078,0.05224609375,0.0029296875,1.586642628842292e-05,4073,SKQD,1,0.000244140625,1.586642628842292e-05,212.33333333333334,0.051839192708333336,True,321936748
10,12,1,0.0,0.476303,0.0,0.0,-0.594078,0.05224609375,0.0029296875,1.586642628842292e-05,4073,SKQD,2,0.00048828125,1.586642628842292e-05,212.33333333333334,0.051839192708333336,True,321936748
10,12,1,0.0,0.476303,0.0,0.0,-0.594078,0.05224609375,0.0029296875,1.586642628842292e-05,4073,SKQD,3,0.000732421875,1.586642628842292e-05,212.33333333333334,0.051839192708333336,True,321936748
10,12,1,0.0,0.476303,0.0,0.0,-0.594078,0.05224609375,0.0029296875,1.586642628842292e-05,4073,SKQD,4,0.0009765625,1.586642628842292e-05,212.33333333333334,0.051839192708333336,True,321936748
10,12,1,0.0,0.476303,0.0,0.0,-0.594078,0.05224609375,0.0029296875,1.586642628842292e-05,4073,SKQD,5,0.001220703125,7.401881408178006e-05,212.33333333333334,0.051839192708333336,True,321936748
10,12,1,0.0,0.476303,0.0,0.0,-0.594078,0.05224609375,0.0029296875,1.586642628842292e-05,4073,SKQD,6,0.00146484375,7.401881408178006e-05,212.33333333333334,0.051839192708333336,True,321936748
10,12,1,0.0,0.476303,0.0,0.0,-0.594078,0.05224609375,0.0029296875,1.586642628842292e-05,4073,SKQD,8,0.001953125,0.0001182262109295237,212.33333333333334,0.051839192708333336,True,321936748
10,12,1,0.0,0.476303,0.0,0.0,-0.594078,0.05224609375,0.0029296875,1.586642628842292e-05,4073,SKQD,11,0.002685546875,0.00014451713183751084,212.33333333333334,0.051839192708333336,True,321936748
10,12,1,0.0,0.476303,0.0,0.0,-0.594078,0.05224609375,0.0029296875,1.586642628842292e-05,4073,SKQD,14,0.00341796875,0.0005612086851375196,212.33333333333334,0.051839192708333336,True,321936748
10,12,1,0.0,0.476303,0.0,0.0,-0.594078,0.05224609375,0.0029296875,1.586642628842292e-05,4073,SKQD,18,0.00439453125,0.0010169059319865797,212.33333333333334,0.051839192708333336,True,321936748
10,12,1,0.0,0.476303,0.0,0.0,-0.594078,0.05224609375,0.0029296875,1.586642628842292e-05,4073,SKQD,23,0.005615234375,0.0016039961251815484,212.33333333333334,0.051839192708333336,True,321936748
10,12,1,0.0,0.476303,0.0,0.0,-0.594078,0.05224609375,0.0029296875,1.586642628842292e-05,4073,SKQD,31,0.007568359375,0.004059119828437432,212.33333333333334,0.051839192708333336,True,321936748
10,12,1,0.0,0.476303,0.0,0.0,-0.594078,0.05224609375,0.0029296875,1.586642628842292e-05,4073,SKQD,40,0.009765625,0.006165735114432726,212.33333333333334,0.051839192708333336,True,321936748
10,12,1,0.0,0.476303,0.0,0.0,-0.594078,0.05224609375,0.0029296875,1.586642628842292e-05,4073,SKQD,52,0.0126953125,0.019290501989249045,212.33333333333334,0.051839192708333336,True,321936748
10,12,1,0.0,0.476303,0.0,0.0,-0.594078,0.05224609375,0.0029296875,1.586642628842292e-05,4073,SKQD,67,0.016357421875,0.06382741339296316,212.33333333333334,0.051839192708333336,True,321936748
10,12,1,0.0,0.476303,0.0,0.0,-0.594078,0.05224609375,0.0029296875,1.586642628842292e-05,4073,SKQD,87,0.021240234375,0.18783012424340081,212.33333333333334,0.051839192708333336,True,321936748
10,12,1,0.0,0.476303,0.0,0.0,-0.594078,0.05224609375,0.0029296875,1.586642628842292e-05,4073,SKQD,114,0.02783203125,0.37249282277546114,212.33333333333334,0.051839192708333336,True,321936748
10,12,1,0.0,0.476303,0.0,0.0,-0.594078,0.05224609375,0.0029296875,1.586642628842292e-05,4073,SKQD,148,0.0361328125,0.5692780047651959,212.33333333333334,0.051839192708333336,True,321936748
10,12,1,0.0,0.476303,0.0,0.0,-0.594078,0.05224609375,0.0029296875,1.586642628842292e-05,4073,SKQD,192,0.046875,0.887939106334629,212.33333333333334,0.051839192708333336,True,321936748
10,12,1,0.0,0.476303,0.0,0.0,-0.594078,0.05224609375,0.0029296875,1.586642628842292e-05,4073,SKQD,250,0.06103515625,0.9632957871938498,212.33333333333334,0.051839192708333336,True,321936748
10,12,1,0.0,0.476303,0.0,0.0,-0.594078,0.05224609375,0.0029296875,1.586642628842292e-05,4073,SKQD,325,0.079345703125,0.9632957871938498,212.33333333333334,0.051839192708333336,True,321936748
10,12,1,0.0,0.476303,0.0,0.0,-0.594078,0.05224609375,0.0029296875,1.586642628842292e-05,4073,SKQD,423,0.103271484375,0.9632957871938498,212.33333333333334,0.051839192708333336,True,321936748
10,12,1,0.0,0.476303,0.0,0.0,-0.594078,0.05224609375,0.0029296875,1.586642628842292e-05,4073,SKQD,550,0.13427734375,0.9632957871938498,212.33333333333334,0.051839192708333336,True,321936748
10,12,1,0.0,0.476303,0.0,0.0,-0.594078,0.05224609375,0.0029296875,1.586642628842292e-05,4073,SKQD,715,0.174560546875,0.9632957871938498,212.33333333333334,0.051839192708333336,True,321936748
10,12,1,0.0,0.476303,0.0,0.0,-0.594078,0.05224609375,0.0029296875,1.586642628842292e-05,4073,SKQD,931,0.227294921875,0.9632957871938498,212.33333333333334,0.051839192708333336,True,321936748
10,12,1,0.0,0.476303,0.0,0.0,-0.594078,0.05224609375,0.0029296875,1.586642628842292e-05,4073,SKQD,1210,0.29541015625,0.9632957871938498,212.33333333333334,0.051839192708333336,True,321936748
10,12,1,0.0,0.476303,0.0,0.0,-0.594078,0.05224609375,0.0029296875,1.586642628842292e-05,4073,SKQD,1575,0.384521484375,0.9632957871938498,212.33333333333334,0.051839192708333336,True,321936748
10,12,1,0.0,0.476303,0.0,0.0,-0.594078,0.05224609375,0.0029296875,1.586642628842292e-05,4073,SKQD,2048,0.5,0.9632957871938498,212.33333333333334,0.051839192708333336,True,321936748
10,12,1,0.0,0.476303,0.0,0.0,-0.594078,0.05224609375,0.0029296875,1.586642628842292e-05,4073,Ceiling,1,0.000244140625,0.02964050737645611,2048.0,0.5,False,321936748
10,12,1,0.0,0.476303,0.0,0.0,-0.594078,0.05224609375,0.0029296875,1.586642628842292e-05,4073,Ceiling,2,0.00048828125,0.05928101475291209,2048.0,0.5,False,321936748
10,12,1,0.0,0.476303,0.0,0.0,-0.594078,0.05224609375,0.0029296875,1.586642628842292e-05,4073,Ceiling,3,0.000732421875,0.08501249629488027,2048.0,0.5,False,321936748
10,12,1,0.0,0.476303,0.0,0.0,-0.594078,0.05224609375,0.0029296875,1.586642628842292e-05,4073,Ceiling,4,0.0009765625,0.11074397783684832,2048.0,0.5,False,321936748
10,12,1,0.0,0.476303,0.0,0.0,-0.594078,0.05224609375,0.0029296875,1.586642628842292e-05,4073,Ceiling,5,0.001220703125,0.13398309518297108,2048.0,0.5,False,321936748
10,12,1,0.0,0.476303,0.0,0.0,-0.594078,0.05224609375,0.0029296875,1.586642628842292e-05,4073,Ceiling,6,0.00146484375,0.1572222125290937,2048.0,0.5,False,321936748
10,12,1,0.0,0.476303,0.0,0.0,-0.594078,0.05224609375,0.0029296875,1.586642628842292e-05,4073,Ceiling,8,0.001953125,0.20156212966617698,2048.0,0.5,False,321936748
10,12,1,0.0,0.476303,0.0,0.0,-0.594078,0.05224609375,0.0029296875,1.586642628842292e-05,4073,Ceiling,11,0.002685546875,0.26103675900884277,2048.0,0.5,False,321936748
10,12,1,0.0,0.476303,0.0,0.0,-0.594078,0.05224609375,0.0029296875,1.586642628842292e-05,4073,Ceiling,14,0.00341796875,0.316595283434492,2048.0,0.5,False,321936748
10,12,1,0.0,0.476303,0.0,0.0,-0.594078,0.05224609375,0.0029296875,1.586642628842292e-05,4073,Ceiling,18,0.00439453125,0.3853643482058873,2048.0,0.5,False,321936748
10,12,1,0.0,0.476303,0.0,0.0,-0.594078,0.05224609375,0.0029296875,1.586642628842292e-05,4073,Ceiling,23,0.005615234375,0.45823985824988334,2048.0,0.5,False,321936748
10,12,1,0.0,0.476303,0.0,0.0,-0.594078,0.05224609375,0.0029296875,1.586642628842292e-05,4073,Ceiling,31,0.007568359375,0.5580082961372019,2048.0,0.5,False,321936748
10,12,1,0.0,0.476303,0.0,0.0,-0.594078,0.05224609375,0.0029296875,1.586642628842292e-05,4073,Ceiling,40,0.009765625,0.6367049395209002,2048.0,0.5,False,321936748
10,12,1,0.0,0.476303,0.0,0.0,-0.594078,0.05224609375,0.0029296875,1.586642628842292e-05,4073,Ceiling,52,0.0126953125,0.7220310831211163,2048.0,0.5,False,321936748
10,12,1,0.0,0.476303,0.0,0.0,-0.594078,0.05224609375,0.0029296875,1.586642628842292e-05,4073,Ceiling,67,0.016357421875,0.8036798825454111,2048.0,0.5,False,321936748
10,12,1,0.0,0.476303,0.0,0.0,-0.594078,0.05224609375,0.0029296875,1.586642628842292e-05,4073,Ceiling,87,0.021240234375,0.8829277023622182,2048.0,0.5,False,321936748
10,12,1,0.0,0.476303,0.0,0.0,-0.594078,0.05224609375,0.0029296875,1.586642628842292e-05,4073,Ceiling,114,0.02783203125,0.9496421456844545,2048.0,0.5,False,321936748
10,12,1,0.0,0.476303,0.0,0.0,-0.594078,0.05224609375,0.0029296875,1.586642628842292e-05,4073,Ceiling,148,0.0361328125,0.9869192539376296,2048.0,0.5,False,321936748
10,12,1,0.0,0.476303,0.0,0.0,-0.594078,0.05224609375,0.0029296875,1.586642628842292e-05,4073,Ceiling,192,0.046875,0.9995832330174657,2048.0,0.5,False,321936748
10,12,1,0.0,0.476303,0.0,0.0,-0.594078,0.05224609375,0.0029296875,1.586642628842292e-05,4073,Ceiling,250,0.06103515625,1.0000000000000009,2048.0,0.5,False,321936748
10,12,1,0.0,0.476303,0.0,0.0,-0.594078,0.05224609375,0.0029296875,1.586642628842292e-05,4073,Ceiling,325,0.079345703125,1.0000000000000009,2048.0,0.5,False,321936748
10,12,1,0.0,0.476303,0.0,0.0,-0.594078,0.05224609375,0.0029296875,1.586642628842292e-05,4073,Ceiling,423,0.103271484375,1.0000000000000009,2048.0,0.5,False,321936748
10,12,1,0.0,0.476303,0.0,0.0,-0.594078,0.05224609375,0.0029296875,1.586642628842292e-05,4073,Ceiling,550,0.13427734375,1.0000000000000009,2048.0,0.5,False,321936748
10,12,1,0.0,0.476303,0.0,0.0,-0.594078,0.05224609375,0.0029296875,1.586642628842292e-05,4073,Ceiling,715,0.174560546875,1.0000000000000009,2048.0,0.5,False,321936748
10,12,1,0.0,0.476303,0.0,0.0,-0.594078,0.05224609375,0.0029296875,1.586642628842292e-05,4073,Ceiling,931,0.227294921875,1.0000000000000009,2048.0,0.5,False,321936748
10,12,1,0.0,0.476303,0.0,0.0,-0.594078,0.05224609375,0.0029296875,1.586642628842292e-05,4073,Ceiling,1210,0.29541015625,1.0000000000000009,2048.0,0.5,False,321936748
10,12,1,0.0,0.476303,0.0,0.0,-0.594078,0.05224609375,0.0029296875,1.586642628842292e-05,4073,Ceiling,1575,0.384521484375,1.0000000000000009,2048.0,0.5,False,321936748
10,12,1,0.0,0.476303,0.0,0.0,-0.594078,0.05224609375,0.0029296875,1.586642628842292e-05,4073,Ceiling,2048,0.5,1.0000000000000009,2048.0,0.5,False,321936748
10,12,1,0.0,0.476303,0.0,0.0,-0.594078,0.05224609375,0.0029296875,0.0008460285087613753,3743,BARK,1,0.000244140625,0.0008460285087613753,220.0,0.0537109375,True,321936748
10,12,1,0.0,0.476303,0.0,0.0,-0.594078,0.05224609375,0.0029296875,0.0008460285087613753,3743,BARK,2,0.00048828125,0.002491528291617153,220.0,0.0537109375,True,321936748
10,12,1,0.0,0.476303,0.0,0.0,-0.594078,0.05224609375,0.0029296875,0.0008460285087613753,3743,BARK,3,0.000732421875,0.0041470390579477255,220.0,0.0537109375,True,321936748
10,12,1,0.0,0.476303,0.0,0.0,-0.594078,0.05224609375,0.0029296875,0.0008460285087613753,3743,BARK,4,0.0009765625,0.004888436734937165,220.0,0.0537109375,True,321936748
10,12,1,0.0,0.476303,0.0,0.0,-0.594078,0.05224609375,0.0029296875,0.0008460285087613753,3743,BARK,5,0.001220703125,0.005694173175417714,220.0,0.0537109375,True,321936748
10,12,1,0.0,0.476303,0.0,0.0,-0.594078,0.05224609375,0.0029296875,0.0008460285087613753,3743,BARK,6,0.00146484375,0.008006073266230748,220.0,0.0537109375,True,321936748
10,12,1,0.0,0.476303,0.0,0.0,-0.594078,0.05224609375,0.0029296875,0.0008460285087613753,3743,BARK,8,0.001953125,0.011717675433381064,220.0,0.0537109375,True,321936748
10,12,1,0.0,0.476303,0.0,0.0,-0.594078,0.05224609375,0.0029296875,0.0008460285087613753,3743,BARK,11,0.002685546875,0.011680426313227988,220.0,0.0537109375,True,321936748
10,12,1,0.0,0.476303,0.0,0.0,-0.594078,0.05224609375,0.0029296875,0.0008460285087613753,3743,BARK,14,0.00341796875,0.011947583865579307,220.0,0.0537109375,True,321936748
10,12,1,0.0,0.476303,0.0,0.0,-0.594078,0.05224609375,0.0029296875,0.0008460285087613753,3743,BARK,18,0.00439453125,0.013165177884032864,220.0,0.0537109375,True,321936748
10,12,1,0.0,0.476303,0.0,0.0,-0.594078,0.05224609375,0.0029296875,0.0008460285087613753,3743,BARK,23,0.005615234375,0.01161082166431163,220.0,0.0537109375,True,321936748
10,12,1,0.0,0.476303,0.0,0.0,-0.594078,0.05224609375,0.0029296875,0.0008460285087613753,3743,BARK,31,0.007568359375,0.02221068903543668,220.0,0.0537109375,True,321936748
10,12,1,0.0,0.476303,0.0,0.0,-0.594078,0.05224609375,0.0029296875,0.0008460285087613753,3743,BARK,40,0.009765625,0.08033854530481026,220.0,0.0537109375,True,321936748
10,12,1,0.0,0.476303,0.0,0.0,-0.594078,0.05224609375,0.0029296875,0.0008460285087613753,3743,BARK,52,0.0126953125,0.17063436969627538,220.0,0.0537109375,True,321936748
10,12,1,0.0,0.476303,0.0,0.0,-0.594078,0.05224609375,0.0029296875,0.0008460285087613753,3743,BARK,67,0.016357421875,0.273831312969597,220.0,0.0537109375,True,321936748
10,12,1,0.0,0.476303,0.0,0.0,-0.594078,0.05224609375,0.0029296875,0.0008460285087613753,3743,BARK,87,0.021240234375,0.4535368477656228,220.0,0.0537109375,True,321936748
10,12,1,0.0,0.476303,0.0,0.0,-0.594078,0.05224609375,0.0029296875,0.0008460285087613753,3743,BARK,114,0.02783203125,0.6597280854697746,220.0,0.0537109375,True,321936748
10,12,1,0.0,0.476303,0.0,0.0,-0.594078,0.05224609375,0.0029296875,0.0008460285087613753,3743,BARK,148,0.0361328125,0.8537965916658896,220.0,0.0537109375,True,321936748
10,12,1,0.0,0.476303,0.0,0.0,-0.594078,0.05224609375,0.0029296875,0.0008460285087613753,3743,BARK,192,0.046875,0.9916160518682443,220.0,0.0537109375,True,321936748
10,12,1,0.0,0.476303,0.0,0.0,-0.594078,0.05224609375,0.0029296875,0.0008460285087613753,3743,BARK,250,0.06103515625,1.0,220.0,0.0537109375,True,321936748
10,12,1,0.0,0.476303,0.0,0.0,-0.594078,0.05224609375,0.0029296875,0.0008460285087613753,3743,BARK,325,0.079345703125,1.0,220.0,0.0537109375,True,321936748
10,12,1,0.0,0.476303,0.0,0.0,-0.594078,0.05224609375,0.0029296875,0.0008460285087613753,3743,BARK,423,0.103271484375,1.0,220.0,0.0537109375,True,321936748
10,12,1,0.0,0.476303,0.0,0.0,-0.594078,0.05224609375,0.0029296875,0.0008460285087613753,3743,BARK,550,0.13427734375,1.0,220.0,0.0537109375,True,321936748
10,12,1,0.0,0.476303,0.0,0.0,-0.594078,0.05224609375,0.0029296875,0.0008460285087613753,3743,BARK,715,0.174560546875,1.0,220.0,0.0537109375,True,321936748
10,12,1,0.0,0.476303,0.0,0.0,-0.594078,0.05224609375,0.0029296875,0.0008460285087613753,3743,BARK,931,0.227294921875,1.0,220.0,0.0537109375,True,321936748
10,12,1,0.0,0.476303,0.0,0.0,-0.594078,0.05224609375,0.0029296875,0.0008460285087613753,3743,BARK,1210,0.29541015625,1.0,220.0,0.0537109375,True,321936748
10,12,1,0.0,0.476303,0.0,0.0,-0.594078,0.05224609375,0.0029296875,0.0008460285087613753,3743,BARK,1575,0.384521484375,1.0,220.0,0.0537109375,True,321936748
10,12,1,0.0,0.476303,0.0,0.0,-0.594078,0.05224609375,0.0029296875,0.0008460285087613753,3743,BARK,2048,0.5,1.0,220.0,0.0537109375,True,321936748
10,12,1,0.0,0.476303,0.0,0.0,-0.594078,0.05224609375,0.0029296875,0.0008460285087613753,3743,Simplified BARK,1,0.000244140625,0.0008460285087613753,220.0,0.0537109375,True,321936748
10,12,1,0.0,0.476303,0.0,0.0,-0.594078,0.05224609375,0.0029296875,0.0008460285087613753,3743,Simplified BARK,2,0.00048828125,0.002491528291617153,220.0,0.0537109375,True,321936748
10,12,1,0.0,0.476303,0.0,0.0,-0.594078,0.05224609375,0.0029296875,0.0008460285087613753,3743,Simplified BARK,3,0.000732421875,0.0041470390579477255,220.0,0.0537109375,True,321936748
10,12,1,0.0,0.476303,0.0,0.0,-0.594078,0.05224609375,0.0029296875,0.0008460285087613753,3743,Simplified BARK,4,0.0009765625,0.004888436734937165,220.0,0.0537109375,True,321936748
10,12,1,0.0,0.476303,0.0,0.0,-0.594078,0.05224609375,0.0029296875,0.0008460285087613753,3743,Simplified BARK,5,0.001220703125,0.005694173175417714,220.0,0.0537109375,True,321936748
10,12,1,0.0,0.476303,0.0,0.0,-0.594078,0.05224609375,0.0029296875,0.0008460285087613753,3743,Simplified BARK,6,0.00146484375,0.006350727798429154,220.0,0.0537109375,True,321936748
10,12,1,0.0,0.476303,0.0,0.0,-0.594078,0.05224609375,0.0029296875,0.0008460285087613753,3743,Simplified BARK,8,0.001953125,0.0062544125291299196,220.0,0.0537109375,True,321936748
10,12,1,0.0,0.476303,0.0,0.0,-0.594078,0.05224609375,0.0029296875,0.0008460285087613753,3743,Simplified BARK,11,0.002685546875,0.004470934294455155,220.0,0.0537109375,True,321936748
10,12,1,0.0,0.476303,0.0,0.0,-0.594078,0.05224609375,0.0029296875,0.0008460285087613753,3743,Simplified BARK,14,0.00341796875,0.0017630039200682275,220.0,0.0537109375,True,321936748
10,12,1,0.0,0.476303,0.0,0.0,-0.594078,0.05224609375,0.0029296875,0.0008460285087613753,3743,Simplified BARK,18,0.00439453125,0.0014181996553225772,220.0,0.0537109375,True,321936748
10,12,1,0.0,0.476303,0.0,0.0,-0.594078,0.05224609375,0.0029296875,0.0008460285087613753,3743,Simplified BARK,23,0.005615234375,0.002016423152246492,220.0,0.0537109375,True,321936748
10,12,1,0.0,0.476303,0.0,0.0,-0.594078,0.05224609375,0.0029296875,0.0008460285087613753,3743,Simplified BARK,31,0.007568359375,0.009012503195497951,220.0,0.0537109375,True,321936748
10,12,1,0.0,0.476303,0.0,0.0,-0.594078,0.05224609375,0.0029296875,0.0008460285087613753,3743,Simplified BARK,40,0.009765625,0.03169519110080844,220.0,0.0537109375,True,321936748
10,12,1,0.0,0.476303,0.0,0.0,-0.594078,0.05224609375,0.0029296875,0.0008460285087613753,3743,Simplified BARK,52,0.0126953125,0.08179411627054654,220.0,0.0537109375,True,321936748
10,12,1,0.0,0.476303,0.0,0.0,-0.594078,0.05224609375,0.0029296875,0.0008460285087613753,3743,Simplified BARK,67,0.016357421875,0.062006769323236705,220.0,0.0537109375,True,321936748
10,12,1,0.0,0.476303,0.0,0.0,-0.594078,0.05224609375,0.0029296875,0.0008460285087613753,3743,Simplified BARK,87,0.021240234375,0.19624333065467714,220.0,0.0537109375,True,321936748
10,12,1,0.0,0.476303,0.0,0.0,-0.594078,0.05224609375,0.0029296875,0.0008460285087613753,3743,Simplified BARK,114,0.02783203125,0.31680946600982773,220.0,0.0537109375,True,321936748
10,12,1,0.0,0.476303,0.0,0.0,-0.594078,0.05224609375,0.0029296875,0.0008460285087613753,3743,Simplified BARK,148,0.0361328125,0.7014160678565325,220.0,0.0537109375,True,321936748
10,12,1,0.0,0.476303,0.0,0.0,-0.594078,0.05224609375,0.0029296875,0.0008460285087613753,3743,Simplified BARK,192,0.046875,0.983699663481834,220.0,0.0537109375,True,321936748
10,12,1,0.0,0.476303,0.0,0.0,-0.594078,0.05224609375,0.0029296875,0.0008460285087613753,3743,Simplified BARK,250,0.06103515625,1.0000000000000004,220.0,0.0537109375,True,321936748
10,12,1,0.0,0.476303,0.0,0.0,-0.594078,0.05224609375,0.0029296875,0.0008460285087613753,3743,Simplified BARK,325,0.079345703125,1.0000000000000004,220.0,0.0537109375,True,321936748
10,12,1,0.0,0.476303,0.0,0.0,-0.594078,0.05224609375,0.0029296875,0.0008460285087613753,3743,Simplified BARK,423,0.103271484375,1.0000000000000004,220.0,0.0537109375,True,321936748
10,12,1,0.0,0.476303,0.0,0.0,-0.594078,0.05224609375,0.0029296875,0.0008460285087613753,3743,Simplified BARK,550,0.13427734375,1.0000000000000004,220.0,0.0537109375,True,321936748
10,12,1,0.0,0.476303,0.0,0.0,-0.594078,0.05224609375,0.0029296875,0.0008460285087613753,3743,Simplified BARK,715,0.174560546875,1.0000000000000004,220.0,0.0537109375,True,321936748
10,12,1,0.0,0.476303,0.0,0.0,-0.594078,0.05224609375,0.0029296875,0.0008460285087613753,3743,Simplified BARK,931,0.227294921875,1.0000000000000004,220.0,0.0537109375,True,321936748
10,12,1,0.0,0.476303,0.0,0.0,-0.594078,0.05224609375,0.0029296875,0.0008460285087613753,3743,Simplified BARK,1210,0.29541015625,1.0000000000000004,220.0,0.0537109375,True,321936748
10,12,1,0.0,0.476303,0.0,0.0,-0.594078,0.05224609375,0.0029296875,0.0008460285087613753,3743,Simplified BARK,1575,0.384521484375,1.0000000000000004,220.0,0.0537109375,True,321936748
10,12,1,0.0,0.476303,0.0,0.0,-0.594078,0.05224609375,0.0029296875,0.0008460285087613753,3743,Simplified BARK,2048,0.5,1.0000000000000004,220.0,0.0537109375,True,321936748
10,12,1,0.0,0.476303,0.0,0.0,-0.594078,0.05224609375,0.0029296875,0.0008460285087613753,3743,SKQD,1,0.000244140625,0.0008460285087613753,213.66666666666666,0.052164713541666664,True,321936748
10,12,1,0.0,0.476303,0.0,0.0,-0.594078,0.05224609375,0.0029296875,0.0008460285087613753,3743,SKQD,2,0.00048828125,0.0008460285087613753,213.66666666666666,0.052164713541666664,True,321936748
10,12,1,0.0,0.476303,0.0,0.0,-0.594078,0.05224609375,0.0029296875,0.0008460285087613753,3743,SKQD,3,0.000732421875,0.0008460285087613753,213.66666666666666,0.052164713541666664,True,321936748
10,12,1,0.0,0.476303,0.0,0.0,-0.594078,0.05224609375,0.0029296875,0.0008460285087613753,3743,SKQD,4,0.0009765625,0.0008460285087613753,213.66666666666666,0.052164713541666664,True,321936748
10,12,1,0.0,0.476303,0.0,0.0,-0.594078,0.05224609375,0.0029296875,0.0008460285087613753,3743,SKQD,5,0.001220703125,0.0008460285087613753,213.66666666666666,0.052164713541666664,True,321936748
10,12,1,0.0,0.476303,0.0,0.0,-0.594078,0.05224609375,0.0029296875,0.0008460285087613753,3743,SKQD,6,0.00146484375,0.0008460285087613753,213.66666666666666,0.052164713541666664,True,321936748
10,12,1,0.0,0.476303,0.0,0.0,-0.594078,0.05224609375,0.0029296875,0.0008460285087613753,3743,SKQD,8,0.001953125,0.0008460285087613753,213.66666666666666,0.052164713541666664,True,321936748
10,12,1,0.0,0.476303,0.0,0.0,-0.594078,0.05224609375,0.0029296875,0.0008460285087613753,3743,SKQD,11,0.002685546875,0.0008460285087613753,213.66666666666666,0.052164713541666664,True,321936748
10,12,1,0.0,0.476303,0.0,0.0,-0.594078,0.05224609375,0.0029296875,0.0008460285087613753,3743,SKQD,14,0.00341796875,0.0008460285087613753,213.66666666666666,0.052164713541666664,True,321936748
10,12,1,0.0,0.476303,0.0,0.0,-0.594078,0.05224609375,0.0029296875,0.0008460285087613753,3743,SKQD,18,0.00439453125,0.0008460285087613753,213.66666666666666,0.052164713541666664,True,321936748
10,12,1,0.0,0.476303,0.0,0.0,-0.594078,0.05224609375,0.0029296875,0.0008460285087613753,3743,SKQD,23,0.005615234375,0.0008460285087613753,213.66666666666666,0.052164713541666664,True,321936748
10,12,1,0.0,0.476303,0.0,0.0,-0.594078,0.05224609375,0.0029296875,0.0008460285087613753,3743,SKQD,31,0.007568359375,0.0008460285087613753,213.66666666666666,0.052164713541666664,True,321936748
10,12,1,0.0,0.476303,0.0,0.0,-0.594078,0.05224609375,0.0029296875,0.0008460285087613753,3743,SKQD,40,0.009765625,0.0008460285087613753,213.66666666666666,0.052164713541666664,True,321936748
10,12,1,0.0,0.476303,0.0,0.0,-0.594078,0.05224609375,0.0029296875,0.0008460285087613753,3743,SKQD,52,0.0126953125,0.0014872942228165542,213.66666666666666,0.052164713541666664,True,321936748
10,12,1,0.0,0.476303,0.0,0.0,-0.594078,0.05224609375,0.0029296875,0.0008460285087613753,3743,SKQD,67,0.016357421875,0.0014872942228165542,213.66666666666666,0.052164713541666664,True,321936748
10,12,1,0.0,0.476303,0.0,0.0,-0.594078,0.05224609375,0.0029296875,0.0008460285087613753,3743,SKQD,87,0.021240234375,0.0014872942228165542,213.66666666666666,0.052164713541666664,True,321936748
10,12,1,0.0,0.476303,0.0,0.0,-0.594078,0.05224609375,0.0029296875,0.0008460285087613753,3743,SKQD,114,0.02783203125,0.09311100450412353,213.66666666666666,0.052164713541666664,True,321936748
10,12,1,0.0,0.476303,0.0,0.0,-0.594078,0.05224609375,0.0029296875,0.0008460285087613753,3743,SKQD,148,0.0361328125,0.284903769473556,213.66666666666666,0.052164713541666664,True,321936748
10,12,1,0.0,0.476303,0.0,0.0,-0.594078,0.05224609375,0.0029296875,0.0008460285087613753,3743,SKQD,192,0.046875,0.6464424389925364,213.66666666666666,0.052164713541666664,True,321936748
10,12,1,0.0,0.476303,0.0,0.0,-0.594078,0.05224609375,0.0029296875,0.0008460285087613753,3743,SKQD,250,0.06103515625,0.9677046874412077,213.66666666666666,0.052164713541666664,True,321936748
10,12,1,0.0,0.476303,0.0,0.0,-0.594078,0.05224609375,0.0029296875,0.0008460285087613753,3743,SKQD,325,0.079345703125,0.9677046874412077,213.66666666666666,0.052164713541666664,True,321936748
10,12,1,0.0,0.476303,0.0,0.0,-0.594078,0.05224609375,0.0029296875,0.0008460285087613753,3743,SKQD,423,0.103271484375,0.9677046874412077,213.66666666666666,0.052164713541666664,True,321936748
10,12,1,0.0,0.476303,0.0,0.0,-0.594078,0.05224609375,0.0029296875,0.0008460285087613753,3743,SKQD,550,0.13427734375,0.9677046874412077,213.66666666666666,0.052164713541666664,True,321936748
10,12,1,0.0,0.476303,0.0,0.0,-0.594078,0.05224609375,0.0029296875,0.0008460285087613753,3743,SKQD,715,0.174560546875,0.9677046874412077,213.66666666666666,0.052164713541666664,True,321936748
10,12,1,0.0,0.476303,0.0,0.0,-0.594078,0.05224609375,0.0029296875,0.0008460285087613753,3743,SKQD,931,0.227294921875,0.9677046874412077,213.66666666666666,0.052164713541666664,True,321936748
10,12,1,0.0,0.476303,0.0,0.0,-0.594078,0.05224609375,0.0029296875,0.0008460285087613753,3743,SKQD,1210,0.29541015625,0.9677046874412077,213.66666666666666,0.052164713541666664,True,321936748
10,12,1,0.0,0.476303,0.0,0.0,-0.594078,0.05224609375,0.0029296875,0.0008460285087613753,3743,SKQD,1575,0.384521484375,0.9677046874412077,213.66666666666666,0.052164713541666664,True,321936748
10,12,1,0.0,0.476303,0.0,0.0,-0.594078,0.05224609375,0.0029296875,0.0008460285087613753,3743,SKQD,2048,0.5,0.9677046874412077,213.66666666666666,0.052164713541666664,True,321936748
10,12,1,0.0,0.476303,0.0,0.0,-0.594078,0.05224609375,0.0029296875,0.0008460285087613753,3743,Ceiling,1,0.000244140625,0.02964050737645611,2048.0,0.5,False,321936748
10,12,1,0.0,0.476303,0.0,0.0,-0.594078,0.05224609375,0.0029296875,0.0008460285087613753,3743,Ceiling,2,0.00048828125,0.05928101475291209,2048.0,0.5,False,321936748
10,12,1,0.0,0.476303,0.0,0.0,-0.594078,0.05224609375,0.0029296875,0.0008460285087613753,3743,Ceiling,3,0.000732421875,0.08501249629488027,2048.0,0.5,False,321936748
10,12,1,0.0,0.476303,0.0,0.0,-0.594078,0.05224609375,0.0029296875,0.0008460285087613753,3743,Ceiling,4,0.0009765625,0.11074397783684832,2048.0,0.5,False,321936748
10,12,1,0.0,0.476303,0.0,0.0,-0.594078,0.05224609375,0.0029296875,0.0008460285087613753,3743,Ceiling,5,0.001220703125,0.13398309518297108,2048.0,0.5,False,321936748
10,12,1,0.0,0.476303,0.0,0.0,-0.594078,0.05224609375,0.0029296875,0.0008460285087613753,3743,Ceiling,6,0.00146484375,0.1572222125290937,2048.0,0.5,False,321936748
10,12,1,0.0,0.476303,0.0,0.0,-0.594078,0.05224609375,0.0029296875,0.0008460285087613753,3743,Ceiling,8,0.001953125,0.20156212966617698,2048.0,0.5,False,321936748
10,12,1,0.0,0.476303,0.0,0.0,-0.594078,0.05224609375,0.0029296875,0.0008460285087613753,3743,Ceiling,11,0.002685546875,0.26103675900884277,2048.0,0.5,False,321936748
10,12,1,0.0,0.476303,0.0,0.0,-0.594078,0.05224609375,0.0029296875,0.0008460285087613753,3743,Ceiling,14,0.00341796875,0.316595283434492,2048.0,0.5,False,321936748
10,12,1,0.0,0.476303,0.0,0.0,-0.594078,0.05224609375,0.0029296875,0.0008460285087613753,3743,Ceiling,18,0.00439453125,0.3853643482058873,2048.0,0.5,False,321936748
10,12,1,0.0,0.476303,0.0,0.0,-0.594078,0.05224609375,0.0029296875,0.0008460285087613753,3743,Ceiling,23,0.005615234375,0.45823985824988334,2048.0,0.5,False,321936748
10,12,1,0.0,0.476303,0.0,0.0,-0.594078,0.05224609375,0.0029296875,0.0008460285087613753,3743,Ceiling,31,0.007568359375,0.5580082961372019,2048.0,0.5,False,321936748
10,12,1,0.0,0.476303,0.0,0.0,-0.594078,0.05224609375,0.0029296875,0.0008460285087613753,3743,Ceiling,40,0.009765625,0.6367049395209002,2048.0,0.5,False,321936748
10,12,1,0.0,0.476303,0.0,0.0,-0.594078,0.05224609375,0.0029296875,0.0008460285087613753,3743,Ceiling,52,0.0126953125,0.7220310831211163,2048.0,0.5,False,321936748
10,12,1,0.0,0.476303,0.0,0.0,-0.594078,0.05224609375,0.0029296875,0.0008460285087613753,3743,Ceiling,67,0.016357421875,0.8036798825454111,2048.0,0.5,False,321936748
10,12,1,0.0,0.476303,0.0,0.0,-0.594078,0.05224609375,0.0029296875,0.0008460285087613753,3743,Ceiling,87,0.021240234375,0.8829277023622182,2048.0,0.5,False,321936748
10,12,1,0.0,0.476303,0.0,0.0,-0.594078,0.05224609375,0.0029296875,0.0008460285087613753,3743,Ceiling,114,0.02783203125,0.9496421456844545,2048.0,0.5,False,321936748
10,12,1,0.0,0.476303,0.0,0.0,-0.594078,0.05224609375,0.0029296875,0.0008460285087613753,3743,Ceiling,148,0.0361328125,0.9869192539376296,2048.0,0.5,False,321936748
10,12,1,0.0,0.476303,0.0,0.0,-0.594078,0.05224609375,0.0029296875,0.0008460285087613753,3743,Ceiling,192,0.046875,0.9995832330174657,2048.0,0.5,False,321936748
10,12,1,0.0,0.476303,0.0,0.0,-0.594078,0.05224609375,0.0029296875,0.0008460285087613753,3743,Ceiling,250,0.06103515625,1.0000000000000009,2048.0,0.5,False,321936748
10,12,1,0.0,0.476303,0.0,0.0,-0.594078,0.05224609375,0.0029296875,0.0008460285087613753,3743,Ceiling,325,0.079345703125,1.0000000000000009,2048.0,0.5,False,321936748
10,12,1,0.0,0.476303,0.0,0.0,-0.594078,0.05224609375,0.0029296875,0.0008460285087613753,3743,Ceiling,423,0.103271484375,1.0000000000000009,2048.0,0.5,False,321936748
10,12,1,0.0,0.476303,0.0,0.0,-0.594078,0.05224609375,0.0029296875,0.0008460285087613753,3743,Ceiling,550,0.13427734375,1.0000000000000009,2048.0,0.5,False,321936748
10,12,1,0.0,0.476303,0.0,0.0,-0.594078,0.05224609375,0.0029296875,0.0008460285087613753,3743,Ceiling,715,0.174560546875,1.0000000000000009,2048.0,0.5,False,321936748
10,12,1,0.0,0.476303,0.0,0.0,-0.594078,0.05224609375,0.0029296875,0.0008460285087613753,3743,Ceiling,931,0.227294921875,1.0000000000000009,2048.0,0.5,False,321936748
10,12,1,0.0,0.476303,0.0,0.0,-0.594078,0.05224609375,0.0029296875,0.0008460285087613753,3743,Ceiling,1210,0.29541015625,1.0000000000000009,2048.0,0.5,False,321936748
10,12,1,0.0,0.476303,0.0,0.0,-0.594078,0.05224609375,0.0029296875,0.0008460285087613753,3743,Ceiling,1575,0.384521484375,1.0000000000000009,2048.0,0.5,False,321936748
10,12,1,0.0,0.476303,0.0,0.0,-0.594078,0.05224609375,0.0029296875,0.0008460285087613753,3743,Ceiling,2048,0.5,1.0000000000000009,2048.0,0.5,False,321936748
10,12,1,0.0,0.476303,0.0,0.0,-0.594078,0.05224609375,0.0029296875,4.9759167438971145e-05,1007,BARK,1,0.000244140625,4.9759167438971145e-05,220.0,0.0537109375,True,321936748
10,12,1,0.0,0.476303,0.0,0.0,-0.594078,0.05224609375,0.0029296875,4.9759167438971145e-05,1007,BARK,2,0.00048828125,7.268316740839529e-05,220.0,0.0537109375,True,321936748
10,12,1,0.0,0.476303,0.0,0.0,-0.594078,0.05224609375,0.0029296875,4.9759167438971145e-05,1007,BARK,3,0.000732421875,7.304072275550058e-05,220.0,0.0537109375,True,321936748
10,12,1,0.0,0.476303,0.0,0.0,-0.594078,0.05224609375,0.0029296875,4.9759167438971145e-05,1007,BARK,4,0.0009765625,6.298259918136116e-05,220.0,0.0537109375,True,321936748
10,12,1,0.0,0.476303,0.0,0.0,-0.594078,0.05224609375,0.0029296875,4.9759167438971145e-05,1007,BARK,5,0.001220703125,5.027233510530782e-05,220.0,0.0537109375,True,321936748
10,12,1,0.0,0.476303,0.0,0.0,-0.594078,0.05224609375,0.0029296875,4.9759167438971145e-05,1007,BARK,6,0.00146484375,3.876530447719451e-05,220.0,0.0537109375,True,321936748
10,12,1,0.0,0.476303,0.0,0.0,-0.594078,0.05224609375,0.0029296875,4.9759167438971145e-05,1007,BARK,8,0.001953125,2.6433515215685906e-05,220.0,0.0537109375,True,321936748
10,12,1,0.0,0.476303,0.0,0.0,-0.594078,0.05224609375,0.0029296875,4.9759167438971145e-05,1007,BARK,11,0.002685546875,0.00040172396317118315,220.0,0.0537109375,True,321936748
10,12,1,0.0,0.476303,0.0,0.0,-0.594078,0.05224609375,0.0029296875,4.9759167438971145e-05,1007,BARK,14,0.00341796875,0.0008743646287967281,220.0,0.0537109375,True,321936748
10,12,1,0.0,0.476303,0.0,0.0,-0.594078,0.05224609375,0.0029296875,4.9759167438971145e-05,1007,BARK,18,0.00439453125,0.0019384156456285994,220.0,0.0537109375,True,321936748
10,12,1,0.0,0.476303,0.0,0.0,-0.594078,0.05224609375,0.0029296875,4.9759167438971145e-05,1007,BARK,23,0.005615234375,0.008308868969317745,220.0,0.0537109375,True,321936748
10,12,1,0.0,0.476303,0.0,0.0,-0.594078,0.05224609375,0.0029296875,4.9759167438971145e-05,1007,BARK,31,0.007568359375,0.005685844146459787,220.0,0.0537109375,True,321936748
10,12,1,0.0,0.476303,0.0,0.0,-0.594078,0.05224609375,0.0029296875,4.9759167438971145e-05,1007,BARK,40,0.009765625,0.01334845958265958,220.0,0.0537109375,True,321936748
10,12,1,0.0,0.476303,0.0,0.0,-0.594078,0.05224609375,0.0029296875,4.9759167438971145e-05,1007,BARK,52,0.0126953125,0.04859663641486948,220.0,0.0537109375,True,321936748
10,12,1,0.0,0.476303,0.0,0.0,-0.594078,0.05224609375,0.0029296875,4.9759167438971145e-05,1007,BARK,67,0.016357421875,0.15940130004233824,220.0,0.0537109375,True,321936748
10,12,1,0.0,0.476303,0.0,0.0,-0.594078,0.05224609375,0.0029296875,4.9759167438971145e-05,1007,BARK,87,0.021240234375,0.3093597194943346,220.0,0.0537109375,True,321936748
10,12,1,0.0,0.476303,0.0,0.0,-0.594078,0.05224609375,0.0029296875,4.9759167438971145e-05,1007,BARK,114,0.02783203125,0.39049648086709143,220.0,0.0537109375,True,321936748
10,12,1,0.0,0.476303,0.0,0.0,-0.594078,0.05224609375,0.0029296875,4.9759167438971145e-05,1007,BARK,148,0.0361328125,0.7274965409833848,220.0,0.0537109375,True,321936748
10,12,1,0.0,0.476303,0.0,0.0,-0.594078,0.05224609375,0.0029296875,4.9759167438971145e-05,1007,BARK,192,0.046875,0.994460709047947,220.0,0.0537109375,True,321936748
10,12,1,0.0,0.476303,0.0,0.0,-0.594078,0.05224609375,0.0029296875,4.9759167438971145e-05,1007,BARK,250,0.06103515625,1.0,220.0,0.0537109375,True,321936748
10,12,1,0.0,0.476303,0.0,0.0,-0.594078,0.05224609375,0.0029296875,4.9759167438971145e-05,1007,BARK,325,0.079345703125,1.0,220.0,0.0537109375,True,321936748
10,12,1,0.0,0.476303,0.0,0.0,-0.594078,0.05224609375,0.0029296875,4.9759167438971145e-05,1007,BARK,423,0.103271484375,1.0,220.0,0.0537109375,True,321936748
10,12,1,0.0,0.476303,0.0,0.0,-0.594078,0.05224609375,0.0029296875,4.9759167438971145e-05,1007,BARK,550,0.13427734375,1.0,220.0,0.0537109375,True,321936748
10,12,1,0.0,0.476303,0.0,0.0,-0.594078,0.05224609375,0.0029296875,4.9759167438971145e-05,1007,BARK,715,0.174560546875,1.0,220.0,0.0537109375,True,321936748
10,12,1,0.0,0.476303,0.0,0.0,-0.594078,0.05224609375,0.0029296875,4.9759167438971145e-05,1007,BARK,931,0.227294921875,1.0,220.0,0.0537109375,True,321936748
10,12,1,0.0,0.476303,0.0,0.0,-0.594078,0.05224609375,0.0029296875,4.9759167438971145e-05,1007,BARK,1210,0.29541015625,1.0,220.0,0.0537109375,True,321936748
10,12,1,0.0,0.476303,0.0,0.0,-0.594078,0.05224609375,0.0029296875,4.9759167438971145e-05,1007,BARK,1575,0.384521484375,1.0,220.0,0.0537109375,True,321936748
10,12,1,0.0,0.476303,0.0,0.0,-0.594078,0.05224609375,0.0029296875,4.9759167438971145e-05,1007,BARK,2048,0.5,1.0,220.0,0.0537109375,True,321936748
10,12,1,0.0,0.476303,0.0,0.0,-0.594078,0.05224609375,0.0029296875,4.9759167438971145e-05,1007,Simplified BARK,1,0.000244140625,4.9759167438971145e-05,220.0,0.0537109375,True,321936748
10,12,1,0.0,0.476303,0.0,0.0,-0.594078,0.05224609375,0.0029296875,4.9759167438971145e-05,1007,Simplified BARK,2,0.00048828125,7.268316740839529e-05,220.0,0.0537109375,True,321936748
10,12,1,0.0,0.476303,0.0,0.0,-0.594078,0.05224609375,0.0029296875,4.9759167438971145e-05,1007,Simplified BARK,3,0.000732421875,7.304072275550058e-05,220.0,0.0537109375,True,321936748
10,12,1,0.0,0.476303,0.0,0.0,-0.594078,0.05224609375,0.0029296875,4.9759167438971145e-05,1007,Simplified BARK,4,0.0009765625,6.298259918136116e-05,220.0,0.0537109375,True,321936748
10,12,1,0.0,0.476303,0.0,0.0,-0.594078,0.05224609375,0.0029296875,4.9759167438971145e-05,1007,Simplified BARK,5,0.001220703125,5.027233510530782e-05,220.0,0.0537109375,True,321936748
10,12,1,0.0,0.476303,0.0,0.0,-0.594078,0.05224609375,0.0029296875,4.9759167438971145e-05,1007,Simplified BARK,6,0.00146484375,3.876530447719451e-05,220.0,0.0537109375,True,321936748
10,12,1,0.0,0.476303,0.0,0.0,-0.594078,0.05224609375,0.0029296875,4.9759167438971145e-05,1007,Simplified BARK,8,0.001953125,0.00012660002892230426,220.0,0.0537109375,True,321936748
10,12,1,0.0,0.476303,0.0,0.0,-0.594078,0.05224609375,0.0029296875,4.9759167438971145e-05,1007,Simplified BARK,11,0.002685546875,0.00013188458989783249,220.0,0.0537109375,True,321936748
10,12,1,0.0,0.476303,0.0,0.0,-0.594078,0.05224609375,0.0029296875,4.9759167438971145e-05,1007,Simplified BARK,14,0.00341796875,0.0002212036177827722,220.0,0.0537109375,True,321936748
10,12,1,0.0,0.476303,0.0,0.0,-0.594078,0.05224609375,0.0029296875,4.9759167438971145e-05,1007,Simplified BARK,18,0.00439453125,0.0019384156456285957,220.0,0.0537109375,True,321936748
10,12,1,0.0,0.476303,0.0,0.0,-0.594078,0.05224609375,0.0029296875,4.9759167438971145e-05,1007,Simplified BARK,23,0.005615234375,0.0029895225793021476,220.0,0.0537109375,True,321936748
10,12,1,0.0,0.476303,0.0,0.0,-0.594078,0.05224609375,0.0029296875,4.9759167438971145e-05,1007,Simplified BARK,31,0.007568359375,0.014549743811519696,220.0,0.0537109375,True,321936748
10,12,1,0.0,0.476303,0.0,0.0,-0.594078,0.05224609375,0.0029296875,4.9759167438971145e-05,1007,Simplified BARK,40,0.009765625,0.04565545011967805,220.0,0.0537109375,True,321936748
10,12,1,0.0,0.476303,0.0,0.0,-0.594078,0.05224609375,0.0029296875,4.9759167438971145e-05,1007,Simplified BARK,52,0.0126953125,0.08690327053318674,220.0,0.0537109375,True,321936748
10,12,1,0.0,0.476303,0.0,0.0,-0.594078,0.05224609375,0.0029296875,4.9759167438971145e-05,1007,Simplified BARK,67,0.016357421875,0.03435801984664266,220.0,0.0537109375,True,321936748
10,12,1,0.0,0.476303,0.0,0.0,-0.594078,0.05224609375,0.0029296875,4.9759167438971145e-05,1007,Simplified BARK,87,0.021240234375,0.21207893672768197,220.0,0.0537109375,True,321936748
10,12,1,0.0,0.476303,0.0,0.0,-0.594078,0.05224609375,0.0029296875,4.9759167438971145e-05,1007,Simplified BARK,114,0.02783203125,0.34777157324848945,220.0,0.0537109375,True,321936748
10,12,1,0.0,0.476303,0.0,0.0,-0.594078,0.05224609375,0.0029296875,4.9759167438971145e-05,1007,Simplified BARK,148,0.0361328125,0.7014160678565328,220.0,0.0537109375,True,321936748
10,12,1,0.0,0.476303,0.0,0.0,-0.594078,0.05224609375,0.0029296875,4.9759167438971145e-05,1007,Simplified BARK,192,0.046875,0.9836996634818336,220.0,0.0537109375,True,321936748
10,12,1,0.0,0.476303,0.0,0.0,-0.594078,0.05224609375,0.0029296875,4.9759167438971145e-05,1007,Simplified BARK,250,0.06103515625,1.0,220.0,0.0537109375,True,321936748
10,12,1,0.0,0.476303,0.0,0.0,-0.594078,0.05224609375,0.0029296875,4.9759167438971145e-05,1007,Simplified BARK,325,0.079345703125,1.0,220.0,0.0537109375,True,321936748
10,12,1,0.0,0.476303,0.0,0.0,-0.594078,0.05224609375,0.0029296875,4.9759167438971145e-05,1007,Simplified BARK,423,0.103271484375,1.0,220.0,0.0537109375,True,321936748
10,12,1,0.0,0.476303,0.0,0.0,-0.594078,0.05224609375,0.0029296875,4.9759167438971145e-05,1007,Simplified BARK,550,0.13427734375,1.0,220.0,0.0537109375,True,321936748
10,12,1,0.0,0.476303,0.0,0.0,-0.594078,0.05224609375,0.0029296875,4.9759167438971145e-05,1007,Simplified BARK,715,0.174560546875,1.0,220.0,0.0537109375,True,321936748
10,12,1,0.0,0.476303,0.0,0.0,-0.594078,0.05224609375,0.0029296875,4.9759167438971145e-05,1007,Simplified BARK,931,0.227294921875,1.0,220.0,0.0537109375,True,321936748
10,12,1,0.0,0.476303,0.0,0.0,-0.594078,0.05224609375,0.0029296875,4.9759167438971145e-05,1007,Simplified BARK,1210,0.29541015625,1.0,220.0,0.0537109375,True,321936748
10,12,1,0.0,0.476303,0.0,0.0,-0.594078,0.05224609375,0.0029296875,4.9759167438971145e-05,1007,Simplified BARK,1575,0.384521484375,1.0,220.0,0.0537109375,True,321936748
10,12,1,0.0,0.476303,0.0,0.0,-0.594078,0.05224609375,0.0029296875,4.9759167438971145e-05,1007,Simplified BARK,2048,0.5,1.0,220.0,0.0537109375,True,321936748
10,12,1,0.0,0.476303,0.0,0.0,-0.594078,0.05224609375,0.0029296875,4.9759167438971145e-05,1007,SKQD,1,0.000244140625,4.975916743897115e-05,213.33333333333334,0.052083333333333336,True,321936748
10,12,1,0.0,0.476303,0.0,0.0,-0.594078,0.05224609375,0.0029296875,4.9759167438971145e-05,1007,SKQD,2,0.00048828125,4.975916743897115e-05,213.33333333333334,0.052083333333333336,True,321936748
10,12,1,0.0,0.476303,0.0,0.0,-0.594078,0.05224609375,0.0029296875,4.9759167438971145e-05,1007,SKQD,3,0.000732421875,4.975916743897115e-05,213.33333333333334,0.052083333333333336,True,321936748
10,12,1,0.0,0.476303,0.0,0.0,-0.594078,0.05224609375,0.0029296875,4.9759167438971145e-05,1007,SKQD,4,0.0009765625,4.975916743897115e-05,213.33333333333334,0.052083333333333336,True,321936748
10,12,1,0.0,0.476303,0.0,0.0,-0.594078,0.05224609375,0.0029296875,4.9759167438971145e-05,1007,SKQD,5,0.001220703125,0.0005955938468521551,213.33333333333334,0.052083333333333336,True,321936748
10,12,1,0.0,0.476303,0.0,0.0,-0.594078,0.05224609375,0.0029296875,4.9759167438971145e-05,1007,SKQD,6,0.00146484375,0.0010026847843105527,213.33333333333334,0.052083333333333336,True,321936748
10,12,1,0.0,0.476303,0.0,0.0,-0.594078,0.05224609375,0.0029296875,4.9759167438971145e-05,1007,SKQD,8,0.001953125,0.0010026847843105527,213.33333333333334,0.052083333333333336,True,321936748
10,12,1,0.0,0.476303,0.0,0.0,-0.594078,0.05224609375,0.0029296875,4.9759167438971145e-05,1007,SKQD,11,0.002685546875,0.002385628900336413,213.33333333333334,0.052083333333333336,True,321936748
10,12,1,0.0,0.476303,0.0,0.0,-0.594078,0.05224609375,0.0029296875,4.9759167438971145e-05,1007,SKQD,14,0.00341796875,0.002385628900336413,213.33333333333334,0.052083333333333336,True,321936748
10,12,1,0.0,0.476303,0.0,0.0,-0.594078,0.05224609375,0.0029296875,4.9759167438971145e-05,1007,SKQD,18,0.00439453125,0.006285980498016493,213.33333333333334,0.052083333333333336,True,321936748
10,12,1,0.0,0.476303,0.0,0.0,-0.594078,0.05224609375,0.0029296875,4.9759167438971145e-05,1007,SKQD,23,0.005615234375,0.010404511284216962,213.33333333333334,0.052083333333333336,True,321936748
10,12,1,0.0,0.476303,0.0,0.0,-0.594078,0.05224609375,0.0029296875,4.9759167438971145e-05,1007,SKQD,31,0.007568359375,0.014517149403810247,213.33333333333334,0.052083333333333336,True,321936748
10,12,1,0.0,0.476303,0.0,0.0,-0.594078,0.05224609375,0.0029296875,4.9759167438971145e-05,1007,SKQD,40,0.009765625,0.019736218943232044,213.33333333333334,0.052083333333333336,True,321936748
10,12,1,0.0,0.476303,0.0,0.0,-0.594078,0.05224609375,0.0029296875,4.9759167438971145e-05,1007,SKQD,52,0.0126953125,0.04573564523027701,213.33333333333334,0.052083333333333336,True,321936748
10,12,1,0.0,0.476303,0.0,0.0,-0.594078,0.05224609375,0.0029296875,4.9759167438971145e-05,1007,SKQD,67,0.016357421875,0.0828400253408643,213.33333333333334,0.052083333333333336,True,321936748
10,12,1,0.0,0.476303,0.0,0.0,-0.594078,0.05224609375,0.0029296875,4.9759167438971145e-05,1007,SKQD,87,0.021240234375,0.19385025016463012,213.33333333333334,0.052083333333333336,True,321936748
10,12,1,0.0,0.476303,0.0,0.0,-0.594078,0.05224609375,0.0029296875,4.9759167438971145e-05,1007,SKQD,114,0.02783203125,0.33773929019805066,213.33333333333334,0.052083333333333336,True,321936748
10,12,1,0.0,0.476303,0.0,0.0,-0.594078,0.05224609375,0.0029296875,4.9759167438971145e-05,1007,SKQD,148,0.0361328125,0.41277268148906776,213.33333333333334,0.052083333333333336,True,321936748
10,12,1,0.0,0.476303,0.0,0.0,-0.594078,0.05224609375,0.0029296875,4.9759167438971145e-05,1007,SKQD,192,0.046875,0.7479829151279733,213.33333333333334,0.052083333333333336,True,321936748
10,12,1,0.0,0.476303,0.0,0.0,-0.594078,0.05224609375,0.0029296875,4.9759167438971145e-05,1007,SKQD,250,0.06103515625,0.9880472090603387,213.33333333333334,0.052083333333333336,True,321936748
10,12,1,0.0,0.476303,0.0,0.0,-0.594078,0.05224609375,0.0029296875,4.9759167438971145e-05,1007,SKQD,325,0.079345703125,0.9880472090603387,213.33333333333334,0.052083333333333336,True,321936748
10,12,1,0.0,0.476303,0.0,0.0,-0.594078,0.05224609375,0.0029296875,4.9759167438971145e-05,1007,SKQD,423,0.103271484375,0.9880472090603387,213.33333333333334,0.052083333333333336,True,321936748
10,12,1,0.0,0.476303,0.0,0.0,-0.594078,0.05224609375,0.0029296875,4.9759167438971145e-05,1007,SKQD,550,0.13427734375,0.9880472090603387,213.33333333333334,0.052083333333333336,True,321936748
10,12,1,0.0,0.476303,0.0,0.0,-0.594078,0.05224609375,0.0029296875,4.9759167438971145e-05,1007,SKQD,715,0.174560546875,0.9880472090603387,213.33333333333334,0.052083333333333336,True,321936748
10,12,1,0.0,0.476303,0.0,0.0,-0.594078,0.05224609375,0.0029296875,4.9759167438971145e-05,1007,SKQD,931,0.227294921875,0.9880472090603387,213.33333333333334,0.052083333333333336,True,321936748
10,12,1,0.0,0.476303,0.0,0.0,-0.594078,0.05224609375,0.0029296875,4.9759167438971145e-05,1007,SKQD,1210,0.29541015625,0.9880472090603387,213.33333333333334,0.052083333333333336,True,321936748
10,12,1,0.0,0.476303,0.0,0.0,-0.594078,0.05224609375,0.0029296875,4.9759167438971145e-05,1007,SKQD,1575,0.384521484375,0.9880472090603387,213.33333333333334,0.052083333333333336,True,321936748
10,12,1,0.0,0.476303,0.0,0.0,-0.594078,0.05224609375,0.0029296875,4.9759167438971145e-05,1007,SKQD,2048,0.5,0.9880472090603387,213.33333333333334,0.052083333333333336,True,321936748
10,12,1,0.0,0.476303,0.0,0.0,-0.594078,0.05224609375,0.0029296875,4.9759167438971145e-05,1007,Ceiling,1,0.000244140625,0.02964050737645611,2048.0,0.5,False,321936748
10,12,1,0.0,0.476303,0.0,0.0,-0.594078,0.05224609375,0.0029296875,4.9759167438971145e-05,1007,Ceiling,2,0.00048828125,0.05928101475291209,2048.0,0.5,False,321936748
10,12,1,0.0,0.476303,0.0,0.0,-0.594078,0.05224609375,0.0029296875,4.9759167438971145e-05,1007,Ceiling,3,0.000732421875,0.08501249629488027,2048.0,0.5,False,321936748
10,12,1,0.0,0.476303,0.0,0.0,-0.594078,0.05224609375,0.0029296875,4.9759167438971145e-05,1007,Ceiling,4,0.0009765625,0.11074397783684832,2048.0,0.5,False,321936748
10,12,1,0.0,0.476303,0.0,0.0,-0.594078,0.05224609375,0.0029296875,4.9759167438971145e-05,1007,Ceiling,5,0.001220703125,0.13398309518297108,2048.0,0.5,False,321936748
10,12,1,0.0,0.476303,0.0,0.0,-0.594078,0.05224609375,0.0029296875,4.9759167438971145e-05,1007,Ceiling,6,0.00146484375,0.1572222125290937,2048.0,0.5,False,321936748
10,12,1,0.0,0.476303,0.0,0.0,-0.594078,0.05224609375,0.0029296875,4.9759167438971145e-05,1007,Ceiling,8,0.001953125,0.20156212966617698,2048.0,0.5,False,321936748
10,12,1,0.0,0.476303,0.0,0.0,-0.594078,0.05224609375,0.0029296875,4.9759167438971145e-05,1007,Ceiling,11,0.002685546875,0.26103675900884277,2048.0,0.5,False,321936748
10,12,1,0.0,0.476303,0.0,0.0,-0.594078,0.05224609375,0.0029296875,4.9759167438971145e-05,1007,Ceiling,14,0.00341796875,0.316595283434492,2048.0,0.5,False,321936748
10,12,1,0.0,0.476303,0.0,0.0,-0.594078,0.05224609375,0.0029296875,4.9759167438971145e-05,1007,Ceiling,18,0.00439453125,0.3853643482058873,2048.0,0.5,False,321936748
10,12,1,0.0,0.476303,0.0,0.0,-0.594078,0.05224609375,0.0029296875,4.9759167438971145e-05,1007,Ceiling,23,0.005615234375,0.45823985824988334,2048.0,0.5,False,321936748
10,12,1,0.0,0.476303,0.0,0.0,-0.594078,0.05224609375,0.0029296875,4.9759167438971145e-05,1007,Ceiling,31,0.007568359375,0.5580082961372019,2048.0,0.5,False,321936748
10,12,1,0.0,0.476303,0.0,0.0,-0.594078,0.05224609375,0.0029296875,4.9759167438971145e-05,1007,Ceiling,40,0.009765625,0.6367049395209002,2048.0,0.5,False,321936748
10,12,1,0.0,0.476303,0.0,0.0,-0.594078,0.05224609375,0.0029296875,4.9759167438971145e-05,1007,Ceiling,52,0.0126953125,0.7220310831211163,2048.0,0.5,False,321936748
10,12,1,0.0,0.476303,0.0,0.0,-0.594078,0.05224609375,0.0029296875,4.9759167438971145e-05,1007,Ceiling,67,0.016357421875,0.8036798825454111,2048.0,0.5,False,321936748
10,12,1,0.0,0.476303,0.0,0.0,-0.594078,0.05224609375,0.0029296875,4.9759167438971145e-05,1007,Ceiling,87,0.021240234375,0.8829277023622182,2048.0,0.5,False,321936748
10,12,1,0.0,0.476303,0.0,0.0,-0.594078,0.05224609375,0.0029296875,4.9759167438971145e-05,1007,Ceiling,114,0.02783203125,0.9496421456844545,2048.0,0.5,False,321936748
10,12,1,0.0,0.476303,0.0,0.0,-0.594078,0.05224609375,0.0029296875,4.9759167438971145e-05,1007,Ceiling,148,0.0361328125,0.9869192539376296,2048.0,0.5,False,321936748
10,12,1,0.0,0.476303,0.0,0.0,-0.594078,0.05224609375,0.0029296875,4.9759167438971145e-05,1007,Ceiling,192,0.046875,0.9995832330174657,2048.0,0.5,False,321936748
10,12,1,0.0,0.476303,0.0,0.0,-0.594078,0.05224609375,0.0029296875,4.9759167438971145e-05,1007,Ceiling,250,0.06103515625,1.0000000000000009,2048.0,0.5,False,321936748
10,12,1,0.0,0.476303,0.0,0.0,-0.594078,0.05224609375,0.0029296875,4.9759167438971145e-05,1007,Ceiling,325,0.079345703125,1.0000000000000009,2048.0,0.5,False,321936748
10,12,1,0.0,0.476303,0.0,0.0,-0.594078,0.05224609375,0.0029296875,4.9759167438971145e-05,1007,Ceiling,423,0.103271484375,1.0000000000000009,2048.0,0.5,False,321936748
10,12,1,0.0,0.476303,0.0,0.0,-0.594078,0.05224609375,0.0029296875,4.9759167438971145e-05,1007,Ceiling,550,0.13427734375,1.0000000000000009,2048.0,0.5,False,321936748
10,12,1,0.0,0.476303,0.0,0.0,-0.594078,0.05224609375,0.0029296875,4.9759167438971145e-05,1007,Ceiling,715,0.174560546875,1.0000000000000009,2048.0,0.5,False,321936748
10,12,1,0.0,0.476303,0.0,0.0,-0.594078,0.05224609375,0.0029296875,4.9759167438971145e-05,1007,Ceiling,931,0.227294921875,1.0000000000000009,2048.0,0.5,False,321936748
10,12,1,0.0,0.476303,0.0,0.0,-0.594078,0.05224609375,0.0029296875,4.9759167438971145e-05,1007,Ceiling,1210,0.29541015625,1.0000000000000009,2048.0,0.5,False,321936748
10,12,1,0.0,0.476303,0.0,0.0,-0.594078,0.05224609375,0.0029296875,4.9759167438971145e-05,1007,Ceiling,1575,0.384521484375,1.0000000000000009,2048.0,0.5,False,321936748
10,12,1,0.0,0.476303,0.0,0.0,-0.594078,0.05224609375,0.0029296875,4.9759167438971145e-05,1007,Ceiling,2048,0.5,1.0000000000000009,2048.0,0.5,False,321936748
10,12,1,0.0,0.476303,0.0,0.0,-0.594078,0.05224609375,0.0029296875,2.3327941164446842e-07,767,BARK,1,0.000244140625,2.3327941164446842e-07,220.0,0.0537109375,True,321936748
10,12,1,0.0,0.476303,0.0,0.0,-0.594078,0.05224609375,0.0029296875,2.3327941164446842e-07,767,BARK,2,0.00048828125,1.1287533774119749e-06,220.0,0.0537109375,True,321936748
10,12,1,0.0,0.476303,0.0,0.0,-0.594078,0.05224609375,0.0029296875,2.3327941164446842e-07,767,BARK,3,0.000732421875,8.389730596050792e-06,220.0,0.0537109375,True,321936748
10,12,1,0.0,0.476303,0.0,0.0,-0.594078,0.05224609375,0.0029296875,2.3327941164446842e-07,767,BARK,4,0.0009765625,1.1474423332035105e-05,220.0,0.0537109375,True,321936748
10,12,1,0.0,0.476303,0.0,0.0,-0.594078,0.05224609375,0.0029296875,2.3327941164446842e-07,767,BARK,5,0.001220703125,1.6173611452462988e-05,220.0,0.0537109375,True,321936748
10,12,1,0.0,0.476303,0.0,0.0,-0.594078,0.05224609375,0.0029296875,2.3327941164446842e-07,767,BARK,6,0.00146484375,5.489518996074478e-05,220.0,0.0537109375,True,321936748
10,12,1,0.0,0.476303,0.0,0.0,-0.594078,0.05224609375,0.0029296875,2.3327941164446842e-07,767,BARK,8,0.001953125,0.00017617770539621254,220.0,0.0537109375,True,321936748
10,12,1,0.0,0.476303,0.0,0.0,-0.594078,0.05224609375,0.0029296875,2.3327941164446842e-07,767,BARK,11,0.002685546875,0.0005889244508830833,220.0,0.0537109375,True,321936748
10,12,1,0.0,0.476303,0.0,0.0,-0.594078,0.05224609375,0.0029296875,2.3327941164446842e-07,767,BARK,14,0.00341796875,0.0013767652731192174,220.0,0.0537109375,True,321936748
10,12,1,0.0,0.476303,0.0,0.0,-0.594078,0.05224609375,0.0029296875,2.3327941164446842e-07,767,BARK,18,0.00439453125,0.00233545131044949,220.0,0.0537109375,True,321936748
10,12,1,0.0,0.476303,0.0,0.0,-0.594078,0.05224609375,0.0029296875,2.3327941164446842e-07,767,BARK,23,0.005615234375,0.009789309286616145,220.0,0.0537109375,True,321936748
10,12,1,0.0,0.476303,0.0,0.0,-0.594078,0.05224609375,0.0029296875,2.3327941164446842e-07,767,BARK,31,0.007568359375,0.0038295616034560403,220.0,0.0537109375,True,321936748
10,12,1,0.0,0.476303,0.0,0.0,-0.594078,0.05224609375,0.0029296875,2.3327941164446842e-07,767,BARK,40,0.009765625,0.02337031713376755,220.0,0.0537109375,True,321936748
10,12,1,0.0,0.476303,0.0,0.0,-0.594078,0.05224609375,0.0029296875,2.3327941164446842e-07,767,BARK,52,0.0126953125,0.049332863048007505,220.0,0.0537109375,True,321936748
10,12,1,0.0,0.476303,0.0,0.0,-0.594078,0.05224609375,0.0029296875,2.3327941164446842e-07,767,BARK,67,0.016357421875,0.14533468802042598,220.0,0.0537109375,True,321936748
10,12,1,0.0,0.476303,0.0,0.0,-0.594078,0.05224609375,0.0029296875,2.3327941164446842e-07,767,BARK,87,0.021240234375,0.3091351186424231,220.0,0.0537109375,True,321936748
10,12,1,0.0,0.476303,0.0,0.0,-0.594078,0.05224609375,0.0029296875,2.3327941164446842e-07,767,BARK,114,0.02783203125,0.41435761051921227,220.0,0.0537109375,True,321936748
10,12,1,0.0,0.476303,0.0,0.0,-0.594078,0.05224609375,0.0029296875,2.3327941164446842e-07,767,BARK,148,0.0361328125,0.7181056614006187,220.0,0.0537109375,True,321936748
10,12,1,0.0,0.476303,0.0,0.0,-0.594078,0.05224609375,0.0029296875,2.3327941164446842e-07,767,BARK,192,0.046875,0.9853367788150083,220.0,0.0537109375,True,321936748
10,12,1,0.0,0.476303,0.0,0.0,-0.594078,0.05224609375,0.0029296875,2.3327941164446842e-07,767,BARK,250,0.06103515625,1.0000000000000004,220.0,0.0537109375,True,321936748
10,12,1,0.0,0.476303,0.0,0.0,-0.594078,0.05224609375,0.0029296875,2.3327941164446842e-07,767,BARK,325,0.079345703125,1.0000000000000004,220.0,0.0537109375,True,321936748
10,12,1,0.0,0.476303,0.0,0.0,-0.594078,0.05224609375,0.0029296875,2.3327941164446842e-07,767,BARK,423,0.103271484375,1.0000000000000004,220.0,0.0537109375,True,321936748
10,12,1,0.0,0.476303,0.0,0.0,-0.594078,0.05224609375,0.0029296875,2.3327941164446842e-07,767,BARK,550,0.13427734375,1.0000000000000004,220.0,0.0537109375,True,321936748
10,12,1,0.0,0.476303,0.0,0.0,-0.594078,0.05224609375,0.0029296875,2.3327941164446842e-07,767,BARK,715,0.174560546875,1.0000000000000004,220.0,0.0537109375,True,321936748
10,12,1,0.0,0.476303,0.0,0.0,-0.594078,0.05224609375,0.0029296875,2.3327941164446842e-07,767,BARK,931,0.227294921875,1.0000000000000004,220.0,0.0537109375,True,321936748
10,12,1,0.0,0.476303,0.0,0.0,-0.594078,0.05224609375,0.0029296875,2.3327941164446842e-07,767,BARK,1210,0.29541015625,1.0000000000000004,220.0,0.0537109375,True,321936748
10,12,1,0.0,0.476303,0.0,0.0,-0.594078,0.05224609375,0.0029296875,2.3327941164446842e-07,767,BARK,1575,0.384521484375,1.0000000000000004,220.0,0.0537109375,True,321936748
10,12,1,0.0,0.476303,0.0,0.0,-0.594078,0.05224609375,0.0029296875,2.3327941164446842e-07,767,BARK,2048,0.5,1.0000000000000004,220.0,0.0537109375,True,321936748
10,12,1,0.0,0.476303,0.0,0.0,-0.594078,0.05224609375,0.0029296875,2.3327941164446842e-07,767,Simplified BARK,1,0.000244140625,2.3327941164446842e-07,220.0,0.0537109375,True,321936748
10,12,1,0.0,0.476303,0.0,0.0,-0.594078,0.05224609375,0.0029296875,2.3327941164446842e-07,767,Simplified BARK,2,0.00048828125,1.657139531057296e-07,220.0,0.0537109375,True,321936748
10,12,1,0.0,0.476303,0.0,0.0,-0.594078,0.05224609375,0.0029296875,2.3327941164446842e-07,767,Simplified BARK,3,0.000732421875,1.1879158038314153e-06,220.0,0.0537109375,True,321936748
10,12,1,0.0,0.476303,0.0,0.0,-0.594078,0.05224609375,0.0029296875,2.3327941164446842e-07,767,Simplified BARK,4,0.0009765625,5.1588261759602984e-06,220.0,0.0537109375,True,321936748
10,12,1,0.0,0.476303,0.0,0.0,-0.594078,0.05224609375,0.0029296875,2.3327941164446842e-07,767,Simplified BARK,5,0.001220703125,1.603967041325474e-05,220.0,0.0537109375,True,321936748
10,12,1,0.0,0.476303,0.0,0.0,-0.594078,0.05224609375,0.0029296875,2.3327941164446842e-07,767,Simplified BARK,6,0.00146484375,3.8765304477194514e-05,220.0,0.0537109375,True,321936748
10,12,1,0.0,0.476303,0.0,0.0,-0.594078,0.05224609375,0.0029296875,2.3327941164446842e-07,767,Simplified BARK,8,0.001953125,0.00012660002892230424,220.0,0.0537109375,True,321936748
10,12,1,0.0,0.476303,0.0,0.0,-0.594078,0.05224609375,0.0029296875,2.3327941164446842e-07,767,Simplified BARK,11,0.002685546875,0.0001318845898978319,220.0,0.0537109375,True,321936748
10,12,1,0.0,0.476303,0.0,0.0,-0.594078,0.05224609375,0.0029296875,2.3327941164446842e-07,767,Simplified BARK,14,0.00341796875,0.00022120361778277234,220.0,0.0537109375,True,321936748
10,12,1,0.0,0.476303,0.0,0.0,-0.594078,0.05224609375,0.0029296875,2.3327941164446842e-07,767,Simplified BARK,18,0.00439453125,0.0019384156456285907,220.0,0.0537109375,True,321936748
10,12,1,0.0,0.476303,0.0,0.0,-0.594078,0.05224609375,0.0029296875,2.3327941164446842e-07,767,Simplified BARK,23,0.005615234375,0.0029895225793021537,220.0,0.0537109375,True,321936748
10,12,1,0.0,0.476303,0.0,0.0,-0.594078,0.05224609375,0.0029296875,2.3327941164446842e-07,767,Simplified BARK,31,0.007568359375,0.014549743811519711,220.0,0.0537109375,True,321936748
10,12,1,0.0,0.476303,0.0,0.0,-0.594078,0.05224609375,0.0029296875,2.3327941164446842e-07,767,Simplified BARK,40,0.009765625,0.045655450119678136,220.0,0.0537109375,True,321936748
10,12,1,0.0,0.476303,0.0,0.0,-0.594078,0.05224609375,0.0029296875,2.3327941164446842e-07,767,Simplified BARK,52,0.0126953125,0.08690327053318671,220.0,0.0537109375,True,321936748
10,12,1,0.0,0.476303,0.0,0.0,-0.594078,0.05224609375,0.0029296875,2.3327941164446842e-07,767,Simplified BARK,67,0.016357421875,0.03435801984664261,220.0,0.0537109375,True,321936748
10,12,1,0.0,0.476303,0.0,0.0,-0.594078,0.05224609375,0.0029296875,2.3327941164446842e-07,767,Simplified BARK,87,0.021240234375,0.2120789367276818,220.0,0.0537109375,True,321936748
10,12,1,0.0,0.476303,0.0,0.0,-0.594078,0.05224609375,0.0029296875,2.3327941164446842e-07,767,Simplified BARK,114,0.02783203125,0.3477715732484896,220.0,0.0537109375,True,321936748
10,12,1,0.0,0.476303,0.0,0.0,-0.594078,0.05224609375,0.0029296875,2.3327941164446842e-07,767,Simplified BARK,148,0.0361328125,0.7014160678565324,220.0,0.0537109375,True,321936748
10,12,1,0.0,0.476303,0.0,0.0,-0.594078,0.05224609375,0.0029296875,2.3327941164446842e-07,767,Simplified BARK,192,0.046875,0.9836996634818338,220.0,0.0537109375,True,321936748
10,12,1,0.0,0.476303,0.0,0.0,-0.594078,0.05224609375,0.0029296875,2.3327941164446842e-07,767,Simplified BARK,250,0.06103515625,1.0,220.0,0.0537109375,True,321936748
10,12,1,0.0,0.476303,0.0,0.0,-0.594078,0.05224609375,0.0029296875,2.3327941164446842e-07,767,Simplified BARK,325,0.079345703125,1.0,220.0,0.0537109375,True,321936748
10,12,1,0.0,0.476303,0.0,0.0,-0.594078,0.05224609375,0.0029296875,2.3327941164446842e-07,767,Simplified BARK,423,0.103271484375,1.0,220.0,0.0537109375,True,321936748
10,12,1,0.0,0.476303,0.0,0.0,-0.594078,0.05224609375,0.0029296875,2.3327941164446842e-07,767,Simplified BARK,550,0.13427734375,1.0,220.0,0.0537109375,True,321936748
10,12,1,0.0,0.476303,0.0,0.0,-0.594078,0.05224609375,0.0029296875,2.3327941164446842e-07,767,Simplified BARK,715,0.174560546875,1.0,220.0,0.0537109375,True,321936748
10,12,1,0.0,0.476303,0.0,0.0,-0.594078,0.05224609375,0.0029296875,2.3327941164446842e-07,767,Simplified BARK,931,0.227294921875,1.0,220.0,0.0537109375,True,321936748
10,12,1,0.0,0.476303,0.0,0.0,-0.594078,0.05224609375,0.0029296875,2.3327941164446842e-07,767,Simplified BARK,1210,0.29541015625,1.0,220.0,0.0537109375,True,321936748
10,12,1,0.0,0.476303,0.0,0.0,-0.594078,0.05224609375,0.0029296875,2.3327941164446842e-07,767,Simplified BARK,1575,0.384521484375,1.0,220.0,0.0537109375,True,321936748
10,12,1,0.0,0.476303,0.0,0.0,-0.594078,0.05224609375,0.0029296875,2.3327941164446842e-07,767,Simplified BARK,2048,0.5,1.0,220.0,0.0537109375,True,321936748
10,12,1,0.0,0.476303,0.0,0.0,-0.594078,0.05224609375,0.0029296875,2.3327941164446842e-07,767,SKQD,1,0.000244140625,2.3327941164446842e-07,216.0,0.052734375,True,321936748
10,12,1,0.0,0.476303,0.0,0.0,-0.594078,0.05224609375,0.0029296875,2.3327941164446842e-07,767,SKQD,2,0.00048828125,2.3327941164446842e-07,216.0,0.052734375,True,321936748
10,12,1,0.0,0.476303,0.0,0.0,-0.594078,0.05224609375,0.0029296875,2.3327941164446842e-07,767,SKQD,3,0.000732421875,2.3327941164446842e-07,216.0,0.052734375,True,321936748
10,12,1,0.0,0.476303,0.0,0.0,-0.594078,0.05224609375,0.0029296875,2.3327941164446842e-07,767,SKQD,4,0.0009765625,2.3327941164446842e-07,216.0,0.052734375,True,321936748
10,12,1,0.0,0.476303,0.0,0.0,-0.594078,0.05224609375,0.0029296875,2.3327941164446842e-07,767,SKQD,5,0.001220703125,2.3327941164446842e-07,216.0,0.052734375,True,321936748
10,12,1,0.0,0.476303,0.0,0.0,-0.594078,0.05224609375,0.0029296875,2.3327941164446842e-07,767,SKQD,6,0.00146484375,2.3327941164446842e-07,216.0,0.052734375,True,321936748
10,12,1,0.0,0.476303,0.0,0.0,-0.594078,0.05224609375,0.0029296875,2.3327941164446842e-07,767,SKQD,8,0.001953125,2.3327941164446842e-07,216.0,0.052734375,True,321936748
10,12,1,0.0,0.476303,0.0,0.0,-0.594078,0.05224609375,0.0029296875,2.3327941164446842e-07,767,SKQD,11,0.002685546875,2.3327941164446842e-07,216.0,0.052734375,True,321936748
10,12,1,0.0,0.476303,0.0,0.0,-0.594078,0.05224609375,0.0029296875,2.3327941164446842e-07,767,SKQD,14,0.00341796875,2.3327941164446842e-07,216.0,0.052734375,True,321936748
10,12,1,0.0,0.476303,0.0,0.0,-0.594078,0.05224609375,0.0029296875,2.3327941164446842e-07,767,SKQD,18,0.00439453125,0.0006218777814609142,216.0,0.052734375,True,321936748
10,12,1,0.0,0.476303,0.0,0.0,-0.594078,0.05224609375,0.0029296875,2.3327941164446842e-07,767,SKQD,23,0.005615234375,0.0027859955909893823,216.0,0.052734375,True,321936748
10,12,1,0.0,0.476303,0.0,0.0,-0.594078,0.05224609375,0.0029296875,2.3327941164446842e-07,767,SKQD,31,0.007568359375,0.0027859955909893823,216.0,0.052734375,True,321936748
10,12,1,0.0,0.476303,0.0,0.0,-0.594078,0.05224609375,0.0029296875,2.3327941164446842e-07,767,SKQD,40,0.009765625,0.0027859955909893823,216.0,0.052734375,True,321936748
10,12,1,0.0,0.476303,0.0,0.0,-0.594078,0.05224609375,0.0029296875,2.3327941164446842e-07,767,SKQD,52,0.0126953125,0.022645654800964782,216.0,0.052734375,True,321936748
10,12,1,0.0,0.476303,0.0,0.0,-0.594078,0.05224609375,0.0029296875,2.3327941164446842e-07,767,SKQD,67,0.016357421875,0.022645654800964782,216.0,0.052734375,True,321936748
10,12,1,0.0,0.476303,0.0,0.0,-0.594078,0.05224609375,0.0029296875,2.3327941164446842e-07,767,SKQD,87,0.021240234375,0.14147969429198368,216.0,0.052734375,True,321936748
10,12,1,0.0,0.476303,0.0,0.0,-0.594078,0.05224609375,0.0029296875,2.3327941164446842e-07,767,SKQD,114,0.02783203125,0.24294514729979275,216.0,0.052734375,True,321936748
10,12,1,0.0,0.476303,0.0,0.0,-0.594078,0.05224609375,0.0029296875,2.3327941164446842e-07,767,SKQD,148,0.0361328125,0.3423165834981801,216.0,0.052734375,True,321936748
10,12,1,0.0,0.476303,0.0,0.0,-0.594078,0.05224609375,0.0029296875,2.3327941164446842e-07,767,SKQD,192,0.046875,0.6235701042415512,216.0,0.052734375,True,321936748
10,12,1,0.0,0.476303,0.0,0.0,-0.594078,0.05224609375,0.0029296875,2.3327941164446842e-07,767,SKQD,250,0.06103515625,0.9575048264383977,216.0,0.052734375,True,321936748
10,12,1,0.0,0.476303,0.0,0.0,-0.594078,0.05224609375,0.0029296875,2.3327941164446842e-07,767,SKQD,325,0.079345703125,0.9575048264383977,216.0,0.052734375,True,321936748
10,12,1,0.0,0.476303,0.0,0.0,-0.594078,0.05224609375,0.0029296875,2.3327941164446842e-07,767,SKQD,423,0.103271484375,0.9575048264383977,216.0,0.052734375,True,321936748
10,12,1,0.0,0.476303,0.0,0.0,-0.594078,0.05224609375,0.0029296875,2.3327941164446842e-07,767,SKQD,550,0.13427734375,0.9575048264383977,216.0,0.052734375,True,321936748
10,12,1,0.0,0.476303,0.0,0.0,-0.594078,0.05224609375,0.0029296875,2.3327941164446842e-07,767,SKQD,715,0.174560546875,0.9575048264383977,216.0,0.052734375,True,321936748
10,12,1,0.0,0.476303,0.0,0.0,-0.594078,0.05224609375,0.0029296875,2.3327941164446842e-07,767,SKQD,931,0.227294921875,0.9575048264383977,216.0,0.052734375,True,321936748
10,12,1,0.0,0.476303,0.0,0.0,-0.594078,0.05224609375,0.0029296875,2.3327941164446842e-07,767,SKQD,1210,0.29541015625,0.9575048264383977,216.0,0.052734375,True,321936748
10,12,1,0.0,0.476303,0.0,0.0,-0.594078,0.05224609375,0.0029296875,2.3327941164446842e-07,767,SKQD,1575,0.384521484375,0.9575048264383977,216.0,0.052734375,True,321936748
10,12,1,0.0,0.476303,0.0,0.0,-0.594078,0.05224609375,0.0029296875,2.3327941164446842e-07,767,SKQD,2048,0.5,0.9575048264383977,216.0,0.052734375,True,321936748
10,12,1,0.0,0.476303,0.0,0.0,-0.594078,0.05224609375,0.0029296875,2.3327941164446842e-07,767,Ceiling,1,0.000244140625,0.02964050737645611,2048.0,0.5,False,321936748
10,12,1,0.0,0.476303,0.0,0.0,-0.594078,0.05224609375,0.0029296875,2.3327941164446842e-07,767,Ceiling,2,0.00048828125,0.05928101475291209,2048.0,0.5,False,321936748
10,12,1,0.0,0.476303,0.0,0.0,-0.594078,0.05224609375,0.0029296875,2.3327941164446842e-07,767,Ceiling,3,0.000732421875,0.08501249629488027,2048.0,0.5,False,321936748
10,12,1,0.0,0.476303,0.0,0.0,-0.594078,0.05224609375,0.0029296875,2.3327941164446842e-07,767,Ceiling,4,0.0009765625,0.11074397783684832,2048.0,0.5,False,321936748
10,12,1,0.0,0.476303,0.0,0.0,-0.594078,0.05224609375,0.0029296875,2.3327941164446842e-07,767,Ceiling,5,0.001220703125,0.13398309518297108,2048.0,0.5,False,321936748
10,12,1,0.0,0.476303,0.0,0.0,-0.594078,0.05224609375,0.0029296875,2.3327941164446842e-07,767,Ceiling,6,0.00146484375,0.1572222125290937,2048.0,0.5,False,321936748
10,12,1,0.0,0.476303,0.0,0.0,-0.594078,0.05224609375,0.0029296875,2.3327941164446842e-07,767,Ceiling,8,0.001953125,0.20156212966617698,2048.0,0.5,False,321936748
10,12,1,0.0,0.476303,0.0,0.0,-0.594078,0.05224609375,0.0029296875,2.3327941164446842e-07,767,Ceiling,11,0.002685546875,0.26103675900884277,2048.0,0.5,False,321936748
10,12,1,0.0,0.476303,0.0,0.0,-0.594078,0.05224609375,0.0029296875,2.3327941164446842e-07,767,Ceiling,14,0.00341796875,0.316595283434492,2048.0,0.5,False,321936748
10,12,1,0.0,0.476303,0.0,0.0,-0.594078,0.05224609375,0.0029296875,2.3327941164446842e-07,767,Ceiling,18,0.00439453125,0.3853643482058873,2048.0,0.5,False,321936748
10,12,1,0.0,0.476303,0.0,0.0,-0.594078,0.05224609375,0.0029296875,2.3327941164446842e-07,767,Ceiling,23,0.005615234375,0.45823985824988334,2048.0,0.5,False,321936748
10,12,1,0.0,0.476303,0.0,0.0,-0.594078,0.05224609375,0.0029296875,2.3327941164446842e-07,767,Ceiling,31,0.007568359375,0.5580082961372019,2048.0,0.5,False,321936748
10,12,1,0.0,0.476303,0.0,0.0,-0.594078,0.05224609375,0.0029296875,2.3327941164446842e-07,767,Ceiling,40,0.009765625,0.6367049395209002,2048.0,0.5,False,321936748
10,12,1,0.0,0.476303,0.0,0.0,-0.594078,0.05224609375,0.0029296875,2.3327941164446842e-07,767,Ceiling,52,0.0126953125,0.7220310831211163,2048.0,0.5,False,321936748
10,12,1,0.0,0.476303,0.0,0.0,-0.594078,0.05224609375,0.0029296875,2.3327941164446842e-07,767,Ceiling,67,0.016357421875,0.8036798825454111,2048.0,0.5,False,321936748
10,12,1,0.0,0.476303,0.0,0.0,-0.594078,0.05224609375,0.0029296875,2.3327941164446842e-07,767,Ceiling,87,0.021240234375,0.8829277023622182,2048.0,0.5,False,321936748
10,12,1,0.0,0.476303,0.0,0.0,-0.594078,0.05224609375,0.0029296875,2.3327941164446842e-07,767,Ceiling,114,0.02783203125,0.9496421456844545,2048.0,0.5,False,321936748
10,12,1,0.0,0.476303,0.0,0.0,-0.594078,0.05224609375,0.0029296875,2.3327941164446842e-07,767,Ceiling,148,0.0361328125,0.9869192539376296,2048.0,0.5,False,321936748
10,12,1,0.0,0.476303,0.0,0.0,-0.594078,0.05224609375,0.0029296875,2.3327941164446842e-07,767,Ceiling,192,0.046875,0.9995832330174657,2048.0,0.5,False,321936748
10,12,1,0.0,0.476303,0.0,0.0,-0.594078,0.05224609375,0.0029296875,2.3327941164446842e-07,767,Ceiling,250,0.06103515625,1.0000000000000009,2048.0,0.5,False,321936748
10,12,1,0.0,0.476303,0.0,0.0,-0.594078,0.05224609375,0.0029296875,2.3327941164446842e-07,767,Ceiling,325,0.079345703125,1.0000000000000009,2048.0,0.5,False,321936748
10,12,1,0.0,0.476303,0.0,0.0,-0.594078,0.05224609375,0.0029296875,2.3327941164446842e-07,767,Ceiling,423,0.103271484375,1.0000000000000009,2048.0,0.5,False,321936748
10,12,1,0.0,0.476303,0.0,0.0,-0.594078,0.05224609375,0.0029296875,2.3327941164446842e-07,767,Ceiling,550,0.13427734375,1.0000000000000009,2048.0,0.5,False,321936748
10,12,1,0.0,0.476303,0.0,0.0,-0.594078,0.05224609375,0.0029296875,2.3327941164446842e-07,767,Ceiling,715,0.174560546875,1.0000000000000009,2048.0,0.5,False,321936748
10,12,1,0.0,0.476303,0.0,0.0,-0.594078,0.05224609375,0.0029296875,2.3327941164446842e-07,767,Ceiling,931,0.227294921875,1.0000000000000009,2048.0,0.5,False,321936748
10,12,1,0.0,0.476303,0.0,0.0,-0.594078,0.05224609375,0.0029296875,2.3327941164446842e-07,767,Ceiling,1210,0.29541015625,1.0000000000000009,2048.0,0.5,False,321936748
10,12,1,0.0,0.476303,0.0,0.0,-0.594078,0.05224609375,0.0029296875,2.3327941164446842e-07,767,Ceiling,1575,0.384521484375,1.0000000000000009,2048.0,0.5,False,321936748
10,12,1,0.0,0.476303,0.0,0.0,-0.594078,0.05224609375,0.0029296875,2.3327941164446842e-07,767,Ceiling,2048,0.5,1.0000000000000009,2048.0,0.5,False,321936748
10,12,1,0.0,0.476303,0.0,0.0,-0.594078,0.05224609375,0.0029296875,0.009564919303172362,3503,BARK,1,0.000244140625,0.009564919303172362,220.0,0.0537109375,True,321936748
10,12,1,0.0,0.476303,0.0,0.0,-0.594078,0.05224609375,0.0029296875,0.009564919303172362,3503,BARK,2,0.00048828125,0.01836505290776447,220.0,0.0537109375,True,321936748
10,12,1,0.0,0.476303,0.0,0.0,-0.594078,0.05224609375,0.0029296875,0.009564919303172362,3503,BARK,3,0.000732421875,0.020730257113855257,220.0,0.0537109375,True,321936748
10,12,1,0.0,0.476303,0.0,0.0,-0.594078,0.05224609375,0.0029296875,0.009564919303172362,3503,BARK,4,0.0009765625,0.022234042843327625,220.0,0.0537109375,True,321936748
10,12,1,0.0,0.476303,0.0,0.0,-0.594078,0.05224609375,0.0029296875,0.009564919303172362,3503,BARK,5,0.001220703125,0.029769243911164863,220.0,0.0537109375,True,321936748
10,12,1,0.0,0.476303,0.0,0.0,-0.594078,0.05224609375,0.0029296875,0.009564919303172362,3503,BARK,6,0.00146484375,0.03951206995100623,220.0,0.0537109375,True,321936748
10,12,1,0.0,0.476303,0.0,0.0,-0.594078,0.05224609375,0.0029296875,0.009564919303172362,3503,BARK,8,0.001953125,0.045230879450285345,220.0,0.0537109375,True,321936748
10,12,1,0.0,0.476303,0.0,0.0,-0.594078,0.05224609375,0.0029296875,0.009564919303172362,3503,BARK,11,0.002685546875,0.04382774955957692,220.0,0.0537109375,True,321936748
10,12,1,0.0,0.476303,0.0,0.0,-0.594078,0.05224609375,0.0029296875,0.009564919303172362,3503,BARK,14,0.00341796875,0.04462340173597159,220.0,0.0537109375,True,321936748
10,12,1,0.0,0.476303,0.0,0.0,-0.594078,0.05224609375,0.0029296875,0.009564919303172362,3503,BARK,18,0.00439453125,0.05400626741616465,220.0,0.0537109375,True,321936748
10,12,1,0.0,0.476303,0.0,0.0,-0.594078,0.05224609375,0.0029296875,0.009564919303172362,3503,BARK,23,0.005615234375,0.047540891536538295,220.0,0.0537109375,True,321936748
10,12,1,0.0,0.476303,0.0,0.0,-0.594078,0.05224609375,0.0029296875,0.009564919303172362,3503,BARK,31,0.007568359375,0.04424903885614573,220.0,0.0537109375,True,321936748
10,12,1,0.0,0.476303,0.0,0.0,-0.594078,0.05224609375,0.0029296875,0.009564919303172362,3503,BARK,40,0.009765625,0.038708859977545945,220.0,0.0537109375,True,321936748
10,12,1,0.0,0.476303,0.0,0.0,-0.594078,0.05224609375,0.0029296875,0.009564919303172362,3503,BARK,52,0.0126953125,0.09416345310017463,220.0,0.0537109375,True,321936748
10,12,1,0.0,0.476303,0.0,0.0,-0.594078,0.05224609375,0.0029296875,0.009564919303172362,3503,BARK,67,0.016357421875,0.23150586382469845,220.0,0.0537109375,True,321936748
10,12,1,0.0,0.476303,0.0,0.0,-0.594078,0.05224609375,0.0029296875,0.009564919303172362,3503,BARK,87,0.021240234375,0.4063156360795494,220.0,0.0537109375,True,321936748
10,12,1,0.0,0.476303,0.0,0.0,-0.594078,0.05224609375,0.0029296875,0.009564919303172362,3503,BARK,114,0.02783203125,0.6333263700626048,220.0,0.0537109375,True,321936748
10,12,1,0.0,0.476303,0.0,0.0,-0.594078,0.05224609375,0.0029296875,0.009564919303172362,3503,BARK,148,0.0361328125,0.8715571431539978,220.0,0.0537109375,True,321936748
10,12,1,0.0,0.476303,0.0,0.0,-0.594078,0.05224609375,0.0029296875,0.009564919303172362,3503,BARK,192,0.046875,0.9914851327011933,220.0,0.0537109375,True,321936748
10,12,1,0.0,0.476303,0.0,0.0,-0.594078,0.05224609375,0.0029296875,0.009564919303172362,3503,BARK,250,0.06103515625,1.0,220.0,0.0537109375,True,321936748
10,12,1,0.0,0.476303,0.0,0.0,-0.594078,0.05224609375,0.0029296875,0.009564919303172362,3503,BARK,325,0.079345703125,1.0,220.0,0.0537109375,True,321936748
10,12,1,0.0,0.476303,0.0,0.0,-0.594078,0.05224609375,0.0029296875,0.009564919303172362,3503,BARK,423,0.103271484375,1.0,220.0,0.0537109375,True,321936748
10,12,1,0.0,0.476303,0.0,0.0,-0.594078,0.05224609375,0.0029296875,0.009564919303172362,3503,BARK,550,0.13427734375,1.0,220.0,0.0537109375,True,321936748
10,12,1,0.0,0.476303,0.0,0.0,-0.594078,0.05224609375,0.0029296875,0.009564919303172362,3503,BARK,715,0.174560546875,1.0,220.0,0.0537109375,True,321936748
10,12,1,0.0,0.476303,0.0,0.0,-0.594078,0.05224609375,0.0029296875,0.009564919303172362,3503,BARK,931,0.227294921875,1.0,220.0,0.0537109375,True,321936748
10,12,1,0.0,0.476303,0.0,0.0,-0.594078,0.05224609375,0.0029296875,0.009564919303172362,3503,BARK,1210,0.29541015625,1.0,220.0,0.0537109375,True,321936748
10,12,1,0.0,0.476303,0.0,0.0,-0.594078,0.05224609375,0.0029296875,0.009564919303172362,3503,BARK,1575,0.384521484375,1.0,220.0,0.0537109375,True,321936748
10,12,1,0.0,0.476303,0.0,0.0,-0.594078,0.05224609375,0.0029296875,0.009564919303172362,3503,BARK,2048,0.5,1.0,220.0,0.0537109375,True,321936748
10,12,1,0.0,0.476303,0.0,0.0,-0.594078,0.05224609375,0.0029296875,0.009564919303172362,3503,Simplified BARK,1,0.000244140625,0.009564919303172362,220.0,0.0537109375,True,321936748
10,12,1,0.0,0.476303,0.0,0.0,-0.594078,0.05224609375,0.0029296875,0.009564919303172362,3503,Simplified BARK,2,0.00048828125,0.01836505290776447,220.0,0.0537109375,True,321936748
10,12,1,0.0,0.476303,0.0,0.0,-0.594078,0.05224609375,0.0029296875,0.009564919303172362,3503,Simplified BARK,3,0.000732421875,0.020730257113855257,220.0,0.0537109375,True,321936748
10,12,1,0.0,0.476303,0.0,0.0,-0.594078,0.05224609375,0.0029296875,0.009564919303172362,3503,Simplified BARK,4,0.0009765625,0.022234042843327625,220.0,0.0537109375,True,321936748
10,12,1,0.0,0.476303,0.0,0.0,-0.594078,0.05224609375,0.0029296875,0.009564919303172362,3503,Simplified BARK,5,0.001220703125,0.02256723863630427,220.0,0.0537109375,True,321936748
10,12,1,0.0,0.476303,0.0,0.0,-0.594078,0.05224609375,0.0029296875,0.009564919303172362,3503,Simplified BARK,6,0.00146484375,0.021327519525996978,220.0,0.0537109375,True,321936748
10,12,1,0.0,0.476303,0.0,0.0,-0.594078,0.05224609375,0.0029296875,0.009564919303172362,3503,Simplified BARK,8,0.001953125,0.01628518849225537,220.0,0.0537109375,True,321936748
10,12,1,0.0,0.476303,0.0,0.0,-0.594078,0.05224609375,0.0029296875,0.009564919303172362,3503,Simplified BARK,11,0.002685546875,0.009858532947321058,220.0,0.0537109375,True,321936748
10,12,1,0.0,0.476303,0.0,0.0,-0.594078,0.05224609375,0.0029296875,0.009564919303172362,3503,Simplified BARK,14,0.00341796875,0.00417140677230337,220.0,0.0537109375,True,321936748
10,12,1,0.0,0.476303,0.0,0.0,-0.594078,0.05224609375,0.0029296875,0.009564919303172362,3503,Simplified BARK,18,0.00439453125,0.00033267147080366535,220.0,0.0537109375,True,321936748
10,12,1,0.0,0.476303,0.0,0.0,-0.594078,0.05224609375,0.0029296875,0.009564919303172362,3503,Simplified BARK,23,0.005615234375,0.0032358873448728722,220.0,0.0537109375,True,321936748
10,12,1,0.0,0.476303,0.0,0.0,-0.594078,0.05224609375,0.0029296875,0.009564919303172362,3503,Simplified BARK,31,0.007568359375,0.011109117603887048,220.0,0.0537109375,True,321936748
10,12,1,0.0,0.476303,0.0,0.0,-0.594078,0.05224609375,0.0029296875,0.009564919303172362,3503,Simplified BARK,40,0.009765625,0.0397064187632445,220.0,0.0537109375,True,321936748
10,12,1,0.0,0.476303,0.0,0.0,-0.594078,0.05224609375,0.0029296875,0.009564919303172362,3503,Simplified BARK,52,0.0126953125,0.08658283690896866,220.0,0.0537109375,True,321936748
10,12,1,0.0,0.476303,0.0,0.0,-0.594078,0.05224609375,0.0029296875,0.009564919303172362,3503,Simplified BARK,67,0.016357421875,0.06274913264378812,220.0,0.0537109375,True,321936748
10,12,1,0.0,0.476303,0.0,0.0,-0.594078,0.05224609375,0.0029296875,0.009564919303172362,3503,Simplified BARK,87,0.021240234375,0.20183487225012522,220.0,0.0537109375,True,321936748
10,12,1,0.0,0.476303,0.0,0.0,-0.594078,0.05224609375,0.0029296875,0.009564919303172362,3503,Simplified BARK,114,0.02783203125,0.336665968319603,220.0,0.0537109375,True,321936748
10,12,1,0.0,0.476303,0.0,0.0,-0.594078,0.05224609375,0.0029296875,0.009564919303172362,3503,Simplified BARK,148,0.0361328125,0.7014160678565325,220.0,0.0537109375,True,321936748
10,12,1,0.0,0.476303,0.0,0.0,-0.594078,0.05224609375,0.0029296875,0.009564919303172362,3503,Simplified BARK,192,0.046875,0.9836996634818336,220.0,0.0537109375,True,321936748
10,12,1,0.0,0.476303,0.0,0.0,-0.594078,0.05224609375,0.0029296875,0.009564919303172362,3503,Simplified BARK,250,0.06103515625,1.0,220.0,0.0537109375,True,321936748
10,12,1,0.0,0.476303,0.0,0.0,-0.594078,0.05224609375,0.0029296875,0.009564919303172362,3503,Simplified BARK,325,0.079345703125,1.0,220.0,0.0537109375,True,321936748
10,12,1,0.0,0.476303,0.0,0.0,-0.594078,0.05224609375,0.0029296875,0.009564919303172362,3503,Simplified BARK,423,0.103271484375,1.0,220.0,0.0537109375,True,321936748
10,12,1,0.0,0.476303,0.0,0.0,-0.594078,0.05224609375,0.0029296875,0.009564919303172362,3503,Simplified BARK,550,0.13427734375,1.0,220.0,0.0537109375,True,321936748
10,12,1,0.0,0.476303,0.0,0.0,-0.594078,0.05224609375,0.0029296875,0.009564919303172362,3503,Simplified BARK,715,0.174560546875,1.0,220.0,0.0537109375,True,321936748
10,12,1,0.0,0.476303,0.0,0.0,-0.594078,0.05224609375,0.0029296875,0.009564919303172362,3503,Simplified BARK,931,0.227294921875,1.0,220.0,0.0537109375,True,321936748
10,12,1,0.0,0.476303,0.0,0.0,-0.594078,0.05224609375,0.0029296875,0.009564919303172362,3503,Simplified BARK,1210,0.29541015625,1.0,220.0,0.0537109375,True,321936748
10,12,1,0.0,0.476303,0.0,0.0,-0.594078,0.05224609375,0.0029296875,0.009564919303172362,3503,Simplified BARK,1575,0.384521484375,1.0,220.0,0.0537109375,True,321936748
10,12,1,0.0,0.476303,0.0,0.0,-0.594078,0.05224609375,0.0029296875,0.009564919303172362,3503,Simplified BARK,2048,0.5,1.0,220.0,0.0537109375,True,321936748
10,12,1,0.0,0.476303,0.0,0.0,-0.594078,0.05224609375,0.0029296875,0.009564919303172362,3503,SKQD,1,0.000244140625,0.009564919303172362,202.33333333333334,0.049397786458333336,True,321936748
10,12,1,0.0,0.476303,0.0,0.0,-0.594078,0.05224609375,0.0029296875,0.009564919303172362,3503,SKQD,2,0.00048828125,0.009564919303172362,202.33333333333334,0.049397786458333336,True,321936748
10,12,1,0.0,0.476303,0.0,0.0,-0.594078,0.05224609375,0.0029296875,0.009564919303172362,3503,SKQD,3,0.000732421875,0.013722784087382811,202.33333333333334,0.049397786458333336,True,321936748
10,12,1,0.0,0.476303,0.0,0.0,-0.594078,0.05224609375,0.0029296875,0.009564919303172362,3503,SKQD,4,0.0009765625,0.018434748605968568,202.33333333333334,0.049397786458333336,True,321936748
10,12,1,0.0,0.476303,0.0,0.0,-0.594078,0.05224609375,0.0029296875,0.009564919303172362,3503,SKQD,5,0.001220703125,0.030094032712216834,202.33333333333334,0.049397786458333336,True,321936748
10,12,1,0.0,0.476303,0.0,0.0,-0.594078,0.05224609375,0.0029296875,0.009564919303172362,3503,SKQD,6,0.00146484375,0.030094032712216834,202.33333333333334,0.049397786458333336,True,321936748
10,12,1,0.0,0.476303,0.0,0.0,-0.594078,0.05224609375,0.0029296875,0.009564919303172362,3503,SKQD,8,0.001953125,0.04184838106167308,202.33333333333334,0.049397786458333336,True,321936748
10,12,1,0.0,0.476303,0.0,0.0,-0.594078,0.05224609375,0.0029296875,0.009564919303172362,3503,SKQD,11,0.002685546875,0.05519190425227729,202.33333333333334,0.049397786458333336,True,321936748
10,12,1,0.0,0.476303,0.0,0.0,-0.594078,0.05224609375,0.0029296875,0.009564919303172362,3503,SKQD,14,0.00341796875,0.07321896816936778,202.33333333333334,0.049397786458333336,True,321936748
10,12,1,0.0,0.476303,0.0,0.0,-0.594078,0.05224609375,0.0029296875,0.009564919303172362,3503,SKQD,18,0.00439453125,0.09741148188609693,202.33333333333334,0.049397786458333336,True,321936748
10,12,1,0.0,0.476303,0.0,0.0,-0.594078,0.05224609375,0.0029296875,0.009564919303172362,3503,SKQD,23,0.005615234375,0.11118558783745418,202.33333333333334,0.049397786458333336,True,321936748
10,12,1,0.0,0.476303,0.0,0.0,-0.594078,0.05224609375,0.0029296875,0.009564919303172362,3503,SKQD,31,0.007568359375,0.15843306108902058,202.33333333333334,0.049397786458333336,True,321936748
10,12,1,0.0,0.476303,0.0,0.0,-0.594078,0.05224609375,0.0029296875,0.009564919303172362,3503,SKQD,40,0.009765625,0.2015057287146983,202.33333333333334,0.049397786458333336,True,321936748
10,12,1,0.0,0.476303,0.0,0.0,-0.594078,0.05224609375,0.0029296875,0.009564919303172362,3503,SKQD,52,0.0126953125,0.2667296214410578,202.33333333333334,0.049397786458333336,True,321936748
10,12,1,0.0,0.476303,0.0,0.0,-0.594078,0.05224609375,0.0029296875,0.009564919303172362,3503,SKQD,67,0.016357421875,0.32896699331701207,202.33333333333334,0.049397786458333336,True,321936748
10,12,1,0.0,0.476303,0.0,0.0,-0.594078,0.05224609375,0.0029296875,0.009564919303172362,3503,SKQD,87,0.021240234375,0.4087802974408383,202.33333333333334,0.049397786458333336,True,321936748
10,12,1,0.0,0.476303,0.0,0.0,-0.594078,0.05224609375,0.0029296875,0.009564919303172362,3503,SKQD,114,0.02783203125,0.4478717555955221,202.33333333333334,0.049397786458333336,True,321936748
10,12,1,0.0,0.476303,0.0,0.0,-0.594078,0.05224609375,0.0029296875,0.009564919303172362,3503,SKQD,148,0.0361328125,0.5377662852078305,202.33333333333334,0.049397786458333336,True,321936748
10,12,1,0.0,0.476303,0.0,0.0,-0.594078,0.05224609375,0.0029296875,0.009564919303172362,3503,SKQD,192,0.046875,0.8848942117427812,202.33333333333334,0.049397786458333336,True,321936748
10,12,1,0.0,0.476303,0.0,0.0,-0.594078,0.05224609375,0.0029296875,0.009564919303172362,3503,SKQD,250,0.06103515625,0.9599819379772422,202.33333333333334,0.049397786458333336,True,321936748
10,12,1,0.0,0.476303,0.0,0.0,-0.594078,0.05224609375,0.0029296875,0.009564919303172362,3503,SKQD,325,0.079345703125,0.9599819379772422,202.33333333333334,0.049397786458333336,True,321936748
10,12,1,0.0,0.476303,0.0,0.0,-0.594078,0.05224609375,0.0029296875,0.009564919303172362,3503,SKQD,423,0.103271484375,0.9599819379772422,202.33333333333334,0.049397786458333336,True,321936748
10,12,1,0.0,0.476303,0.0,0.0,-0.594078,0.05224609375,0.0029296875,0.009564919303172362,3503,SKQD,550,0.13427734375,0.9599819379772422,202.33333333333334,0.049397786458333336,True,321936748
10,12,1,0.0,0.476303,0.0,0.0,-0.594078,0.05224609375,0.0029296875,0.009564919303172362,3503,SKQD,715,0.174560546875,0.9599819379772422,202.33333333333334,0.049397786458333336,True,321936748
10,12,1,0.0,0.476303,0.0,0.0,-0.594078,0.05224609375,0.0029296875,0.009564919303172362,3503,SKQD,931,0.227294921875,0.9599819379772422,202.33333333333334,0.049397786458333336,True,321936748
10,12,1,0.0,0.476303,0.0,0.0,-0.594078,0.05224609375,0.0029296875,0.009564919303172362,3503,SKQD,1210,0.29541015625,0.9599819379772422,202.33333333333334,0.049397786458333336,True,321936748
10,12,1,0.0,0.476303,0.0,0.0,-0.594078,0.05224609375,0.0029296875,0.009564919303172362,3503,SKQD,1575,0.384521484375,0.9599819379772422,202.33333333333334,0.049397786458333336,True,321936748
10,12,1,0.0,0.476303,0.0,0.0,-0.594078,0.05224609375,0.0029296875,0.009564919303172362,3503,SKQD,2048,0.5,0.9599819379772422,202.33333333333334,0.049397786458333336,True,321936748
10,12,1,0.0,0.476303,0.0,0.0,-0.594078,0.05224609375,0.0029296875,0.009564919303172362,3503,Ceiling,1,0.000244140625,0.02964050737645611,2048.0,0.5,False,321936748
10,12,1,0.0,0.476303,0.0,0.0,-0.594078,0.05224609375,0.0029296875,0.009564919303172362,3503,Ceiling,2,0.00048828125,0.05928101475291209,2048.0,0.5,False,321936748
10,12,1,0.0,0.476303,0.0,0.0,-0.594078,0.05224609375,0.0029296875,0.009564919303172362,3503,Ceiling,3,0.000732421875,0.08501249629488027,2048.0,0.5,False,321936748
10,12,1,0.0,0.476303,0.0,0.0,-0.594078,0.05224609375,0.0029296875,0.009564919303172362,3503,Ceiling,4,0.0009765625,0.11074397783684832,2048.0,0.5,False,321936748
10,12,1,0.0,0.476303,0.0,0.0,-0.594078,0.05224609375,0.0029296875,0.009564919303172362,3503,Ceiling,5,0.001220703125,0.13398309518297108,2048.0,0.5,False,321936748
10,12,1,0.0,0.476303,0.0,0.0,-0.594078,0.05224609375,0.0029296875,0.009564919303172362,3503,Ceiling,6,0.00146484375,0.1572222125290937,2048.0,0.5,False,321936748
10,12,1,0.0,0.476303,0.0,0.0,-0.594078,0.05224609375,0.0029296875,0.009564919303172362,3503,Ceiling,8,0.001953125,0.20156212966617698,2048.0,0.5,False,321936748
10,12,1,0.0,0.476303,0.0,0.0,-0.594078,0.05224609375,0.0029296875,0.009564919303172362,3503,Ceiling,11,0.002685546875,0.26103675900884277,2048.0,0.5,False,321936748
10,12,1,0.0,0.476303,0.0,0.0,-0.594078,0.05224609375,0.0029296875,0.009564919303172362,3503,Ceiling,14,0.00341796875,0.316595283434492,2048.0,0.5,False,321936748
10,12,1,0.0,0.476303,0.0,0.0,-0.594078,0.05224609375,0.0029296875,0.009564919303172362,3503,Ceiling,18,0.00439453125,0.3853643482058873,2048.0,0.5,False,321936748
10,12,1,0.0,0.476303,0.0,0.0,-0.594078,0.05224609375,0.0029296875,0.009564919303172362,3503,Ceiling,23,0.005615234375,0.45823985824988334,2048.0,0.5,False,321936748
10,12,1,0.0,0.476303,0.0,0.0,-0.594078,0.05224609375,0.0029296875,0.009564919303172362,3503,Ceiling,31,0.007568359375,0.5580082961372019,2048.0,0.5,False,321936748
10,12,1,0.0,0.476303,0.0,0.0,-0.594078,0.05224609375,0.0029296875,0.009564919303172362,3503,Ceiling,40,0.009765625,0.6367049395209002,2048.0,0.5,False,321936748
10,12,1,0.0,0.476303,0.0,0.0,-0.594078,0.05224609375,0.0029296875,0.009564919303172362,3503,Ceiling,52,0.0126953125,0.7220310831211163,2048.0,0.5,False,321936748
10,12,1,0.0,0.476303,0.0,0.0,-0.594078,0.05224609375,0.0029296875,0.009564919303172362,3503,Ceiling,67,0.016357421875,0.8036798825454111,2048.0,0.5,False,321936748
10,12,1,0.0,0.476303,0.0,0.0,-0.594078,0.05224609375,0.0029296875,0.009564919303172362,3503,Ceiling,87,0.021240234375,0.8829277023622182,2048.0,0.5,False,321936748
10,12,1,0.0,0.476303,0.0,0.0,-0.594078,0.05224609375,0.0029296875,0.009564919303172362,3503,Ceiling,114,0.02783203125,0.9496421456844545,2048.0,0.5,False,321936748
10,12,1,0.0,0.476303,0.0,0.0,-0.594078,0.05224609375,0.0029296875,0.009564919303172362,3503,Ceiling,148,0.0361328125,0.9869192539376296,2048.0,0.5,False,321936748
10,12,1,0.0,0.476303,0.0,0.0,-0.594078,0.05224609375,0.0029296875,0.009564919303172362,3503,Ceiling,192,0.046875,0.9995832330174657,2048.0,0.5,False,321936748
10,12,1,0.0,0.476303,0.0,0.0,-0.594078,0.05224609375,0.0029296875,0.009564919303172362,3503,Ceiling,250,0.06103515625,1.0000000000000009,2048.0,0.5,False,321936748
10,12,1,0.0,0.476303,0.0,0.0,-0.594078,0.05224609375,0.0029296875,0.009564919303172362,3503,Ceiling,325,0.079345703125,1.0000000000000009,2048.0,0.5,False,321936748
10,12,1,0.0,0.476303,0.0,0.0,-0.594078,0.05224609375,0.0029296875,0.009564919303172362,3503,Ceiling,423,0.103271484375,1.0000000000000009,2048.0,0.5,False,321936748
10,12,1,0.0,0.476303,0.0,0.0,-0.594078,0.05224609375,0.0029296875,0.009564919303172362,3503,Ceiling,550,0.13427734375,1.0000000000000009,2048.0,0.5,False,321936748
10,12,1,0.0,0.476303,0.0,0.0,-0.594078,0.05224609375,0.0029296875,0.009564919303172362,3503,Ceiling,715,0.174560546875,1.0000000000000009,2048.0,0.5,False,321936748
10,12,1,0.0,0.476303,0.0,0.0,-0.594078,0.05224609375,0.0029296875,0.009564919303172362,3503,Ceiling,931,0.227294921875,1.0000000000000009,2048.0,0.5,False,321936748
10,12,1,0.0,0.476303,0.0,0.0,-0.594078,0.05224609375,0.0029296875,0.009564919303172362,3503,Ceiling,1210,0.29541015625,1.0000000000000009,2048.0,0.5,False,321936748
10,12,1,0.0,0.476303,0.0,0.0,-0.594078,0.05224609375,0.0029296875,0.009564919303172362,3503,Ceiling,1575,0.384521484375,1.0000000000000009,2048.0,0.5,False,321936748
10,12,1,0.0,0.476303,0.0,0.0,-0.594078,0.05224609375,0.0029296875,0.009564919303172362,3503,Ceiling,2048,0.5,1.0000000000000009,2048.0,0.5,False,321936748
0,12,2,0.0,-0.81358,0.0,0.0,0.120636,0.2255859375,0.00439453125,0.0019001251990763191,1145,BARK,1,0.000244140625,0.0019001251990763191,924.0,0.2255859375,True,3682568159
0,12,2,0.0,-0.81358,0.0,0.0,0.120636,0.2255859375,0.00439453125,0.0019001251990763191,1145,BARK,2,0.00048828125,0.0026968643828434793,924.0,0.2255859375,True,3682568159
0,12,2,0.0,-0.81358,0.0,0.0,0.120636,0.2255859375,0.00439453125,0.0019001251990763191,1145,BARK,3,0.000732421875,0.0026968626827972384,924.0,0.2255859375,True,3682568159
0,12,2,0.0,-0.81358,0.0,0.0,0.120636,0.2255859375,0.00439453125,0.0019001251990763191,1145,BARK,4,0.0009765625,0.002479815439723431,924.0,0.2255859375,True,3682568159
0,12,2,0.0,-0.81358,0.0,0.0,0.120636,0.2255859375,0.00439453125,0.0019001251990763191,1145,BARK,5,0.001220703125,0.0028186530709013095,924.0,0.2255859375,True,3682568159
0,12,2,0.0,-0.81358,0.0,0.0,0.120636,0.2255859375,0.00439453125,0.0019001251990763191,1145,BARK,6,0.00146484375,0.0045548444973910595,924.0,0.2255859375,True,3682568159
0,12,2,0.0,-0.81358,0.0,0.0,0.120636,0.2255859375,0.00439453125,0.0019001251990763191,1145,BARK,8,0.001953125,0.0061770037056473525,924.0,0.2255859375,True,3682568159
0,12,2,0.0,-0.81358,0.0,0.0,0.120636,0.2255859375,0.00439453125,0.0019001251990763191,1145,BARK,11,0.002685546875,0.010089400950872152,924.0,0.2255859375,True,3682568159
0,12,2,0.0,-0.81358,0.0,0.0,0.120636,0.2255859375,0.00439453125,0.0019001251990763191,1145,BARK,14,0.00341796875,0.013370255000895299,924.0,0.2255859375,True,3682568159
0,12,2,0.0,-0.81358,0.0,0.0,0.120636,0.2255859375,0.00439453125,0.0019001251990763191,1145,BARK,18,0.00439453125,0.016476491348195725,924.0,0.2255859375,True,3682568159
0,12,2,0.0,-0.81358,0.0,0.0,0.120636,0.2255859375,0.00439453125,0.0019001251990763191,1145,BARK,23,0.005615234375,0.01687877890332823,924.0,0.2255859375,True,3682568159
0,12,2,0.0,-0.81358,0.0,0.0,0.120636,0.2255859375,0.00439453125,0.0019001251990763191,1145,BARK,31,0.007568359375,0.02495207994655266,924.0,0.2255859375,True,3682568159
0,12,2,0.0,-0.81358,0.0,0.0,0.120636,0.2255859375,0.00439453125,0.0019001251990763191,1145,BARK,40,0.009765625,0.04116565176891982,924.0,0.2255859375,True,3682568159
0,12,2,0.0,-0.81358,0.0,0.0,0.120636,0.2255859375,0.00439453125,0.0019001251990763191,1145,BARK,52,0.0126953125,0.047611970279382736,924.0,0.2255859375,True,3682568159
0,12,2,0.0,-0.81358,0.0,0.0,0.120636,0.2255859375,0.00439453125,0.0019001251990763191,1145,BARK,67,0.016357421875,0.05477642667980332,924.0,0.2255859375,True,3682568159
0,12,2,0.0,-0.81358,0.0,0.0,0.120636,0.2255859375,0.00439453125,0.0019001251990763191,1145,BARK,87,0.021240234375,0.08589803094571598,924.0,0.2255859375,True,3682568159
0,12,2,0.0,-0.81358,0.0,0.0,0.120636,0.2255859375,0.00439453125,0.0019001251990763191,1145,BARK,114,0.02783203125,0.10594036496797471,924.0,0.2255859375,True,3682568159
0,12,2,0.0,-0.81358,0.0,0.0,0.120636,0.2255859375,0.00439453125,0.0019001251990763191,1145,BARK,148,0.0361328125,0.1410984975219121,924.0,0.2255859375,True,3682568159
0,12,2,0.0,-0.81358,0.0,0.0,0.120636,0.2255859375,0.00439453125,0.0019001251990763191,1145,BARK,192,0.046875,0.19527830535770063,924.0,0.2255859375,True,3682568159
0,12,2,0.0,-0.81358,0.0,0.0,0.120636,0.2255859375,0.00439453125,0.0019001251990763191,1145,BARK,250,0.06103515625,0.2456492684112353,924.0,0.2255859375,True,3682568159
0,12,2,0.0,-0.81358,0.0,0.0,0.120636,0.2255859375,0.00439453125,0.0019001251990763191,1145,BARK,325,0.079345703125,0.3396325934310787,924.0,0.2255859375,True,3682568159
0,12,2,0.0,-0.81358,0.0,0.0,0.120636,0.2255859375,0.00439453125,0.0019001251990763191,1145,BARK,423,0.103271484375,0.4923353202451574,924.0,0.2255859375,True,3682568159
0,12,2,0.0,-0.81358,0.0,0.0,0.120636,0.2255859375,0.00439453125,0.0019001251990763191,1145,BARK,550,0.13427734375,0.6545877619551749,924.0,0.2255859375,True,3682568159
0,12,2,0.0,-0.81358,0.0,0.0,0.120636,0.2255859375,0.00439453125,0.0019001251990763191,1145,BARK,715,0.174560546875,0.867223606257904,924.0,0.2255859375,True,3682568159
0,12,2,0.0,-0.81358,0.0,0.0,0.120636,0.2255859375,0.00439453125,0.0019001251990763191,1145,BARK,931,0.227294921875,1.0000000000000004,924.0,0.2255859375,True,3682568159
0,12,2,0.0,-0.81358,0.0,0.0,0.120636,0.2255859375,0.00439453125,0.0019001251990763191,1145,BARK,1210,0.29541015625,1.0000000000000004,924.0,0.2255859375,True,3682568159
0,12,2,0.0,-0.81358,0.0,0.0,0.120636,0.2255859375,0.00439453125,0.0019001251990763191,1145,BARK,1575,0.384521484375,1.0000000000000004,924.0,0.2255859375,True,3682568159
0,12,2,0.0,-0.81358,0.0,0.0,0.120636,0.2255859375,0.00439453125,0.0019001251990763191,1145,BARK,2048,0.5,1.0000000000000004,924.0,0.2255859375,True,3682568159
0,12,2,0.0,-0.81358,0.0,0.0,0.120636,0.2255859375,0.00439453125,0.0019001251990763191,1145,Simplified BARK,1,0.000244140625,0.0019001251990763191,924.0,0.2255859375,True,3682568159
0,12,2,0.0,-0.81358,0.0,0.0,0.120636,0.2255859375,0.00439453125,0.0019001251990763191,1145,Simplified BARK,2,0.00048828125,0.0026968643828434793,924.0,0.2255859375,True,3682568159
0,12,2,0.0,-0.81358,0.0,0.0,0.120636,0.2255859375,0.00439453125,0.0019001251990763191,1145,Simplified BARK,3,0.000732421875,0.0026968626827972384,924.0,0.2255859375,True,3682568159
0,12,2,0.0,-0.81358,0.0,0.0,0.120636,0.2255859375,0.00439453125,0.0019001251990763191,1145,Simplified BARK,4,0.0009765625,0.002479815439723431,924.0,0.2255859375,True,3682568159
0,12,2,0.0,-0.81358,0.0,0.0,0.120636,0.2255859375,0.00439453125,0.0019001251990763191,1145,Simplified BARK,5,0.001220703125,0.0021595480269136808,924.0,0.2255859375,True,3682568159
0,12,2,0.0,-0.81358,0.0,0.0,0.120636,0.2255859375,0.00439453125,0.0019001251990763191,1145,Simplified BARK,6,0.00146484375,0.0020120545200282124,924.0,0.2255859375,True,3682568159
0,12,2,0.0,-0.81358,0.0,0.0,0.120636,0.2255859375,0.00439453125,0.0019001251990763191,1145,Simplified BARK,8,0.001953125,0.0017615466866886438,924.0,0.2255859375,True,3682568159
0,12,2,0.0,-0.81358,0.0,0.0,0.120636,0.2255859375,0.00439453125,0.0019001251990763191,1145,Simplified BARK,11,0.002685546875,0.0012589936717244206,924.0,0.2255859375,True,3682568159
0,12,2,0.0,-0.81358,0.0,0.0,0.120636,0.2255859375,0.00439453125,0.0019001251990763191,1145,Simplified BARK,14,0.00341796875,0.0013835275180923976,924.0,0.2255859375,True,3682568159
0,12,2,0.0,-0.81358,0.0,0.0,0.120636,0.2255859375,0.00439453125,0.0019001251990763191,1145,Simplified BARK,18,0.00439453125,0.002157090209508466,924.0,0.2255859375,True,3682568159
0,12,2,0.0,-0.81358,0.0,0.0,0.120636,0.2255859375,0.00439453125,0.0019001251990763191,1145,Simplified BARK,23,0.005615234375,0.003378328890067411,924.0,0.2255859375,True,3682568159
0,12,2,0.0,-0.81358,0.0,0.0,0.120636,0.2255859375,0.00439453125,0.0019001251990763191,1145,Simplified BARK,31,0.007568359375,0.0060477383410034455,924.0,0.2255859375,True,3682568159
0,12,2,0.0,-0.81358,0.0,0.0,0.120636,0.2255859375,0.00439453125,0.0019001251990763191,1145,Simplified BARK,40,0.009765625,0.008576220360429236,924.0,0.2255859375,True,3682568159
0,12,2,0.0,-0.81358,0.0,0.0,0.120636,0.2255859375,0.00439453125,0.0019001251990763191,1145,Simplified BARK,52,0.0126953125,0.013853025796888964,924.0,0.2255859375,True,3682568159
0,12,2,0.0,-0.81358,0.0,0.0,0.120636,0.2255859375,0.00439453125,0.0019001251990763191,1145,Simplified BARK,67,0.016357421875,0.02169037524718319,924.0,0.2255859375,True,3682568159
0,12,2,0.0,-0.81358,0.0,0.0,0.120636,0.2255859375,0.00439453125,0.0019001251990763191,1145,Simplified BARK,87,0.021240234375,0.04309964837587339,924.0,0.2255859375,True,3682568159
0,12,2,0.0,-0.81358,0.0,0.0,0.120636,0.2255859375,0.00439453125,0.0019001251990763191,1145,Simplified BARK,114,0.02783203125,0.055873381604415774,924.0,0.2255859375,True,3682568159
0,12,2,0.0,-0.81358,0.0,0.0,0.120636,0.2255859375,0.00439453125,0.0019001251990763191,1145,Simplified BARK,148,0.0361328125,0.09884138393270955,924.0,0.2255859375,True,3682568159
0,12,2,0.0,-0.81358,0.0,0.0,0.120636,0.2255859375,0.00439453125,0.0019001251990763191,1145,Simplified BARK,192,0.046875,0.1195503634610659,924.0,0.2255859375,True,3682568159
0,12,2,0.0,-0.81358,0.0,0.0,0.120636,0.2255859375,0.00439453125,0.0019001251990763191,1145,Simplified BARK,250,0.06103515625,0.17205757991881973,924.0,0.2255859375,True,3682568159
0,12,2,0.0,-0.81358,0.0,0.0,0.120636,0.2255859375,0.00439453125,0.0019001251990763191,1145,Simplified BARK,325,0.079345703125,0.29108581828132407,924.0,0.2255859375,True,3682568159
0,12,2,0.0,-0.81358,0.0,0.0,0.120636,0.2255859375,0.00439453125,0.0019001251990763191,1145,Simplified BARK,423,0.103271484375,0.4395458298965002,924.0,0.2255859375,True,3682568159
0,12,2,0.0,-0.81358,0.0,0.0,0.120636,0.2255859375,0.00439453125,0.0019001251990763191,1145,Simplified BARK,550,0.13427734375,0.5475931927215208,924.0,0.2255859375,True,3682568159
0,12,2,0.0,-0.81358,0.0,0.0,0.120636,0.2255859375,0.00439453125,0.0019001251990763191,1145,Simplified BARK,715,0.174560546875,0.8222269272393712,924.0,0.2255859375,True,3682568159
0,12,2,0.0,-0.81358,0.0,0.0,0.120636,0.2255859375,0.00439453125,0.0019001251990763191,1145,Simplified BARK,931,0.227294921875,1.0,924.0,0.2255859375,True,3682568159
0,12,2,0.0,-0.81358,0.0,0.0,0.120636,0.2255859375,0.00439453125,0.0019001251990763191,1145,Simplified BARK,1210,0.29541015625,1.0,924.0,0.2255859375,True,3682568159
0,12,2,0.0,-0.81358,0.0,0.0,0.120636,0.2255859375,0.00439453125,0.0019001251990763191,1145,Simplified BARK,1575,0.384521484375,1.0,924.0,0.2255859375,True,3682568159
0,12,2,0.0,-0.81358,0.0,0.0,0.120636,0.2255859375,0.00439453125,0.0019001251990763191,1145,Simplified BARK,2048,0.5,1.0,924.0,0.2255859375,True,3682568159
0,12,2,0.0,-0.81358,0.0,0.0,0.120636,0.2255859375,0.00439453125,0.0019001251990763191,1145,SKQD,1,0.000244140625,0.0019001251990763194,909.0,0.221923828125,True,3682568159
0,12,2,0.0,-0.81358,0.0,0.0,0.120636,0.2255859375,0.00439453125,0.0019001251990763191,1145,SKQD,2,0.00048828125,0.0019001251990763194,909.0,0.221923828125,True,3682568159
0,12,2,0.0,-0.81358,0.0,0.0,0.120636,0.2255859375,0.00439453125,0.0019001251990763191,1145,SKQD,3,0.000732421875,0.0019001251990763194,909.0,0.221923828125,True,3682568159
0,12,2,0.0,-0.81358,0.0,0.0,0.120636,0.2255859375,0.00439453125,0.0019001251990763191,1145,SKQD,4,0.0009765625,0.0019001251990763194,909.0,0.221923828125,True,3682568159
0,12,2,0.0,-0.81358,0.0,0.0,0.120636,0.2255859375,0.00439453125,0.0019001251990763191,1145,SKQD,5,0.001220703125,0.0019001251990763194,909.0,0.221923828125,True,3682568159
0,12,2,0.0,-0.81358,0.0,0.0,0.120636,0.2255859375,0.00439453125,0.0019001251990763191,1145,SKQD,6,0.00146484375,0.0019001251990763194,909.0,0.221923828125,True,3682568159
0,12,2,0.0,-0.81358,0.0,0.0,0.120636,0.2255859375,0.00439453125,0.0019001251990763191,1145,SKQD,8,0.001953125,0.0019001251990763194,909.0,0.221923828125,True,3682568159
0,12,2,0.0,-0.81358,0.0,0.0,0.120636,0.2255859375,0.00439453125,0.0019001251990763191,1145,SKQD,11,0.002685546875,0.0019001251990763194,909.0,0.221923828125,True,3682568159
0,12,2,0.0,-0.81358,0.0,0.0,0.120636,0.2255859375,0.00439453125,0.0019001251990763191,1145,SKQD,14,0.00341796875,0.0019001251990763194,909.0,0.221923828125,True,3682568159
0,12,2,0.0,-0.81358,0.0,0.0,0.120636,0.2255859375,0.00439453125,0.0019001251990763191,1145,SKQD,18,0.00439453125,0.0019001251990763194,909.0,0.221923828125,True,3682568159
0,12,2,0.0,-0.81358,0.0,0.0,0.120636,0.2255859375,0.00439453125,0.0019001251990763191,1145,SKQD,23,0.005615234375,0.0019001251990763194,909.0,0.221923828125,True,3682568159
0,12,2,0.0,-0.81358,0.0,0.0,0.120636,0.2255859375,0.00439453125,0.0019001251990763191,1145,SKQD,31,0.007568359375,0.0019001251990763194,909.0,0.221923828125,True,3682568159
0,12,2,0.0,-0.81358,0.0,0.0,0.120636,0.2255859375,0.00439453125,0.0019001251990763191,1145,SKQD,40,0.009765625,0.0019001251990763194,909.0,0.221923828125,True,3682568159
0,12,2,0.0,-0.81358,0.0,0.0,0.120636,0.2255859375,0.00439453125,0.0019001251990763191,1145,SKQD,52,0.0126953125,0.0019001251990763194,909.0,0.221923828125,True,3682568159
0,12,2,0.0,-0.81358,0.0,0.0,0.120636,0.2255859375,0.00439453125,0.0019001251990763191,1145,SKQD,67,0.016357421875,0.0019001251990763194,909.0,0.221923828125,True,3682568159
0,12,2,0.0,-0.81358,0.0,0.0,0.120636,0.2255859375,0.00439453125,0.0019001251990763191,1145,SKQD,87,0.021240234375,0.021427970275668992,909.0,0.221923828125,True,3682568159
0,12,2,0.0,-0.81358,0.0,0.0,0.120636,0.2255859375,0.00439453125,0.0019001251990763191,1145,SKQD,114,0.02783203125,0.021427970275668992,909.0,0.221923828125,True,3682568159
0,12,2,0.0,-0.81358,0.0,0.0,0.120636,0.2255859375,0.00439453125,0.0019001251990763191,1145,SKQD,148,0.0361328125,0.021427970275668992,909.0,0.221923828125,True,3682568159
0,12,2,0.0,-0.81358,0.0,0.0,0.120636,0.2255859375,0.00439453125,0.0019001251990763191,1145,SKQD,192,0.046875,0.03772773458580717,909.0,0.221923828125,True,3682568159
0,12,2,0.0,-0.81358,0.0,0.0,0.120636,0.2255859375,0.00439453125,0.0019001251990763191,1145,SKQD,250,0.06103515625,0.1042808754606606,909.0,0.221923828125,True,3682568159
0,12,2,0.0,-0.81358,0.0,0.0,0.120636,0.2255859375,0.00439453125,0.0019001251990763191,1145,SKQD,325,0.079345703125,0.1572450071875964,909.0,0.221923828125,True,3682568159
0,12,2,0.0,-0.81358,0.0,0.0,0.120636,0.2255859375,0.00439453125,0.0019001251990763191,1145,SKQD,423,0.103271484375,0.284408245577415,909.0,0.221923828125,True,3682568159
0,12,2,0.0,-0.81358,0.0,0.0,0.120636,0.2255859375,0.00439453125,0.0019001251990763191,1145,SKQD,550,0.13427734375,0.4627254392356884,909.0,0.221923828125,True,3682568159
0,12,2,0.0,-0.81358,0.0,0.0,0.120636,0.2255859375,0.00439453125,0.0019001251990763191,1145,SKQD,715,0.174560546875,0.7004787752157107,909.0,0.221923828125,True,3682568159
0,12,2,0.0,-0.81358,0.0,0.0,0.120636,0.2255859375,0.00439453125,0.0019001251990763191,1145,SKQD,931,0.227294921875,0.9831261767064735,909.0,0.221923828125,True,3682568159
0,12,2,0.0,-0.81358,0.0,0.0,0.120636,0.2255859375,0.00439453125,0.0019001251990763191,1145,SKQD,1210,0.29541015625,0.9831261767064735,909.0,0.221923828125,True,3682568159
0,12,2,0.0,-0.81358,0.0,0.0,0.120636,0.2255859375,0.00439453125,0.0019001251990763191,1145,SKQD,1575,0.384521484375,0.9831261767064735,909.0,0.221923828125,True,3682568159
0,12,2,0.0,-0.81358,0.0,0.0,0.120636,0.2255859375,0.00439453125,0.0019001251990763191,1145,SKQD,2048,0.5,0.9831261767064735,909.0,0.221923828125,True,3682568159
0,12,2,0.0,-0.81358,0.0,0.0,0.120636,0.2255859375,0.00439453125,0.0019001251990763191,1145,Ceiling,1,0.000244140625,0.010406537246220763,2048.0,0.5,False,3682568159
0,12,2,0.0,-0.81358,0.0,0.0,0.120636,0.2255859375,0.00439453125,0.0019001251990763191,1145,Ceiling,2,0.00048828125,0.020813074492441505,2048.0,0.5,False,3682568159
0,12,2,0.0,-0.81358,0.0,0.0,0.120636,0.2255859375,0.00439453125,0.0019001251990763191,1145,Ceiling,3,0.000732421875,0.027155224574584344,2048.0,0.5,False,3682568159
0,12,2,0.0,-0.81358,0.0,0.0,0.120636,0.2255859375,0.00439453125,0.0019001251990763191,1145,Ceiling,4,0.0009765625,0.03349737465672717,2048.0,0.5,False,3682568159
0,12,2,0.0,-0.81358,0.0,0.0,0.120636,0.2255859375,0.00439453125,0.0019001251990763191,1145,Ceiling,5,0.001220703125,0.038776366899863454,2048.0,0.5,False,3682568159
0,12,2,0.0,-0.81358,0.0,0.0,0.120636,0.2255859375,0.00439453125,0.0019001251990763191,1145,Ceiling,6,0.00146484375,0.04405535914299973,2048.0,0.5,False,3682568159
0,12,2,0.0,-0.81358,0.0,0.0,0.120636,0.2255859375,0.00439453125,0.0019001251990763191,1145,Ceiling,8,0.001953125,0.05461334362927229,2048.0,0.5,False,3682568159
0,12,2,0.0,-0.81358,0.0,0.0,0.120636,0.2255859375,0.00439453125,0.0019001251990763191,1145,Ceiling,11,0.002685546875,0.07045032035868111,2048.0,0.5,False,3682568159
0,12,2,0.0,-0.81358,0.0,0.0,0.120636,0.2255859375,0.00439453125,0.0019001251990763191,1145,Ceiling,14,0.00341796875,0.0850516454110783,2048.0,0.5,False,3682568159
0,12,2,0.0,-0.81358,0.0,0.0,0.120636,0.2255859375,0.00439453125,0.0019001251990763191,1145,Ceiling,18,0.00439453125,0.10369631102960011,2048.0,0.5,False,3682568159
0,12,2,0.0,-0.81358,0.0,0.0,0.120636,0.2255859375,0.00439453125,0.0019001251990763191,1145,Ceiling,23,0.005615234375,0.12564840793077608,2048.0,0.5,False,3682568159
0,12,2,0.0,-0.81358,0.0,0.0,0.120636,0.2255859375,0.00439453125,0.0019001251990763191,1145,Ceiling,31,0.007568359375,0.15901297197115347,2048.0,0.5,False,3682568159
0,12,2,0.0,-0.81358,0.0,0.0,0.120636,0.2255859375,0.00439453125,0.0019001251990763191,1145,Ceiling,40,0.009765625,0.1923189019756293,2048.0,0.5,False,3682568159
0,12,2,0.0,-0.81358,0.0,0.0,0.120636,0.2255859375,0.00439453125,0.0019001251990763191,1145,Ceiling,52,0.0126953125,0.23077615293195056,2048.0,0.5,False,3682568159
0,12,2,0.0,-0.81358,0.0,0.0,0.120636,0.2255859375,0.00439453125,0.0019001251990763191,1145,Ceiling,67,0.016357421875,0.27446105396601106,2048.0,0.5,False,3682568159
0,12,2,0.0,-0.81358,0.0,0.0,0.120636,0.2255859375,0.00439453125,0.0019001251990763191,1145,Ceiling,87,0.021240234375,0.32505712436016104,2048.0,0.5,False,3682568159
0,12,2,0.0,-0.81358,0.0,0.0,0.120636,0.2255859375,0.00439453125,0.0019001251990763191,1145,Ceiling,114,0.02783203125,0.3856963604674111,2048.0,0.5,False,3682568159
0,12,2,0.0,-0.81358,0.0,0.0,0.120636,0.2255859375,0.00439453125,0.0019001251990763191,1145,Ceiling,148,0.0361328125,0.4477156810193787,2048.0,0.5,False,3682568159
0,12,2,0.0,-0.81358,0.0,0.0,0.120636,0.2255859375,0.00439453125,0.0019001251990763191,1145,Ceiling,192,0.046875,0.521287521548561,2048.0,0.5,False,3682568159
0,12,2,0.0,-0.81358,0.0,0.0,0.120636,0.2255859375,0.00439453125,0.0019001251990763191,1145,Ceiling,250,0.06103515625,0.6046577309495756,2048.0,0.5,False,3682568159
0,12,2,0.0,-0.81358,0.0,0.0,0.120636,0.2255859375,0.00439453125,0.0019001251990763191,1145,Ceiling,325,0.079345703125,0.6982420630238685,2048.0,0.5,False,3682568159
0,12,2,0.0,-0.81358,0.0,0.0,0.120636,0.2255859375,0.00439453125,0.0019001251990763191,1145,Ceiling,423,0.103271484375,0.7966348093308425,2048.0,0.5,False,3682568159
0,12,2,0.0,-0.81358,0.0,0.0,0.120636,0.2255859375,0.00439453125,0.0019001251990763191,1145,Ceiling,550,0.13427734375,0.8920760465222999,2048.0,0.5,False,3682568159
0,12,2,0.0,-0.81358,0.0,0.0,0.120636,0.2255859375,0.00439453125,0.0019001251990763191,1145,Ceiling,715,0.174560546875,0.9646307105912851,2048.0,0.5,False,3682568159
0,12,2,0.0,-0.81358,0.0,0.0,0.120636,0.2255859375,0.00439453125,0.0019001251990763191,1145,Ceiling,931,0.227294921875,1.0000000000000038,2048.0,0.5,False,3682568159
0,12,2,0.0,-0.81358,0.0,0.0,0.120636,0.2255859375,0.00439453125,0.0019001251990763191,1145,Ceiling,1210,0.29541015625,1.0000000000000038,2048.0,0.5,False,3682568159
0,12,2,0.0,-0.81358,0.0,0.0,0.120636,0.2255859375,0.00439453125,0.0019001251990763191,1145,Ceiling,1575,0.384521484375,1.0000000000000038,2048.0,0.5,False,3682568159
0,12,2,0.0,-0.81358,0.0,0.0,0.120636,0.2255859375,0.00439453125,0.0019001251990763191,1145,Ceiling,2048,0.5,1.0000000000000038,2048.0,0.5,False,3682568159
0,12,2,0.0,-0.81358,0.0,0.0,0.120636,0.2255859375,0.00439453125,0.0010644126944328986,1141,BARK,1,0.000244140625,0.0010644126944328986,924.0,0.2255859375,True,3682568159
0,12,2,0.0,-0.81358,0.0,0.0,0.120636,0.2255859375,0.00439453125,0.0010644126944328986,1141,BARK,2,0.00048828125,0.0014439315257750223,924.0,0.2255859375,True,3682568159
0,12,2,0.0,-0.81358,0.0,0.0,0.120636,0.2255859375,0.00439453125,0.0010644126944328986,1141,BARK,3,0.000732421875,0.001406849104993539,924.0,0.2255859375,True,3682568159
0,12,2,0.0,-0.81358,0.0,0.0,0.120636,0.2255859375,0.00439453125,0.0010644126944328986,1141,BARK,4,0.0009765625,0.0012806852501327961,924.0,0.2255859375,True,3682568159
0,12,2,0.0,-0.81358,0.0,0.0,0.120636,0.2255859375,0.00439453125,0.0010644126944328986,1141,BARK,5,0.001220703125,0.0014793320801420105,924.0,0.2255859375,True,3682568159
0,12,2,0.0,-0.81358,0.0,0.0,0.120636,0.2255859375,0.00439453125,0.0010644126944328986,1141,BARK,6,0.00146484375,0.0021299437284570018,924.0,0.2255859375,True,3682568159
0,12,2,0.0,-0.81358,0.0,0.0,0.120636,0.2255859375,0.00439453125,0.0010644126944328986,1141,BARK,8,0.001953125,0.002751098178351586,924.0,0.2255859375,True,3682568159
0,12,2,0.0,-0.81358,0.0,0.0,0.120636,0.2255859375,0.00439453125,0.0010644126944328986,1141,BARK,11,0.002685546875,0.002403791610313693,924.0,0.2255859375,True,3682568159
0,12,2,0.0,-0.81358,0.0,0.0,0.120636,0.2255859375,0.00439453125,0.0010644126944328986,1141,BARK,14,0.00341796875,0.002419368338254839,924.0,0.2255859375,True,3682568159
0,12,2,0.0,-0.81358,0.0,0.0,0.120636,0.2255859375,0.00439453125,0.0010644126944328986,1141,BARK,18,0.00439453125,0.006847819358810341,924.0,0.2255859375,True,3682568159
0,12,2,0.0,-0.81358,0.0,0.0,0.120636,0.2255859375,0.00439453125,0.0010644126944328986,1141,BARK,23,0.005615234375,0.0086707955994645,924.0,0.2255859375,True,3682568159
0,12,2,0.0,-0.81358,0.0,0.0,0.120636,0.2255859375,0.00439453125,0.0010644126944328986,1141,BARK,31,0.007568359375,0.015902867218211575,924.0,0.2255859375,True,3682568159
0,12,2,0.0,-0.81358,0.0,0.0,0.120636,0.2255859375,0.00439453125,0.0010644126944328986,1141,BARK,40,0.009765625,0.01870829938302274,924.0,0.2255859375,True,3682568159
0,12,2,0.0,-0.81358,0.0,0.0,0.120636,0.2255859375,0.00439453125,0.0010644126944328986,1141,BARK,52,0.0126953125,0.02537084871367445,924.0,0.2255859375,True,3682568159
0,12,2,0.0,-0.81358,0.0,0.0,0.120636,0.2255859375,0.00439453125,0.0010644126944328986,1141,BARK,67,0.016357421875,0.053467051646003634,924.0,0.2255859375,True,3682568159
0,12,2,0.0,-0.81358,0.0,0.0,0.120636,0.2255859375,0.00439453125,0.0010644126944328986,1141,BARK,87,0.021240234375,0.060479598634186914,924.0,0.2255859375,True,3682568159
0,12,2,0.0,-0.81358,0.0,0.0,0.120636,0.2255859375,0.00439453125,0.0010644126944328986,1141,BARK,114,0.02783203125,0.08308083488589045,924.0,0.2255859375,True,3682568159
0,12,2,0.0,-0.81358,0.0,0.0,0.120636,0.2255859375,0.00439453125,0.0010644126944328986,1141,BARK,148,0.0361328125,0.11640310312245657,924.0,0.2255859375,True,3682568159
0,12,2,0.0,-0.81358,0.0,0.0,0.120636,0.2255859375,0.00439453125,0.0010644126944328986,1141,BARK,192,0.046875,0.14521548134420476,924.0,0.2255859375,True,3682568159
0,12,2,0.0,-0.81358,0.0,0.0,0.120636,0.2255859375,0.00439453125,0.0010644126944328986,1141,BARK,250,0.06103515625,0.23395217674219884,924.0,0.2255859375,True,3682568159
0,12,2,0.0,-0.81358,0.0,0.0,0.120636,0.2255859375,0.00439453125,0.0010644126944328986,1141,BARK,325,0.079345703125,0.31510085882955063,924.0,0.2255859375,True,3682568159
0,12,2,0.0,-0.81358,0.0,0.0,0.120636,0.2255859375,0.00439453125,0.0010644126944328986,1141,BARK,423,0.103271484375,0.421555067484602,924.0,0.2255859375,True,3682568159
0,12,2,0.0,-0.81358,0.0,0.0,0.120636,0.2255859375,0.00439453125,0.0010644126944328986,1141,BARK,550,0.13427734375,0.6491050840852457,924.0,0.2255859375,True,3682568159
0,12,2,0.0,-0.81358,0.0,0.0,0.120636,0.2255859375,0.00439453125,0.0010644126944328986,1141,BARK,715,0.174560546875,0.8741445549115009,924.0,0.2255859375,True,3682568159
0,12,2,0.0,-0.81358,0.0,0.0,0.120636,0.2255859375,0.00439453125,0.0010644126944328986,1141,BARK,931,0.227294921875,1.0000000000000009,924.0,0.2255859375,True,3682568159
0,12,2,0.0,-0.81358,0.0,0.0,0.120636,0.2255859375,0.00439453125,0.0010644126944328986,1141,BARK,1210,0.29541015625,1.0000000000000009,924.0,0.2255859375,True,3682568159
0,12,2,0.0,-0.81358,0.0,0.0,0.120636,0.2255859375,0.00439453125,0.0010644126944328986,1141,BARK,1575,0.384521484375,1.0000000000000009,924.0,0.2255859375,True,3682568159
0,12,2,0.0,-0.81358,0.0,0.0,0.120636,0.2255859375,0.00439453125,0.0010644126944328986,1141,BARK,2048,0.5,1.0000000000000009,924.0,0.2255859375,True,3682568159
0,12,2,0.0,-0.81358,0.0,0.0,0.120636,0.2255859375,0.00439453125,0.0010644126944328986,1141,Simplified BARK,1,0.000244140625,0.0010644126944328986,924.0,0.2255859375,True,3682568159
0,12,2,0.0,-0.81358,0.0,0.0,0.120636,0.2255859375,0.00439453125,0.0010644126944328986,1141,Simplified BARK,2,0.00048828125,0.0014439315257750223,924.0,0.2255859375,True,3682568159
0,12,2,0.0,-0.81358,0.0,0.0,0.120636,0.2255859375,0.00439453125,0.0010644126944328986,1141,Simplified BARK,3,0.000732421875,0.001406849104993539,924.0,0.2255859375,True,3682568159
0,12,2,0.0,-0.81358,0.0,0.0,0.120636,0.2255859375,0.00439453125,0.0010644126944328986,1141,Simplified BARK,4,0.0009765625,0.0012806852501327961,924.0,0.2255859375,True,3682568159
0,12,2,0.0,-0.81358,0.0,0.0,0.120636,0.2255859375,0.00439453125,0.0010644126944328986,1141,Simplified BARK,5,0.001220703125,0.001069645224049336,924.0,0.2255859375,True,3682568159
0,12,2,0.0,-0.81358,0.0,0.0,0.120636,0.2255859375,0.00439453125,0.0010644126944328986,1141,Simplified BARK,6,0.00146484375,0.0009296530768776705,924.0,0.2255859375,True,3682568159
0,12,2,0.0,-0.81358,0.0,0.0,0.120636,0.2255859375,0.00439453125,0.0010644126944328986,1141,Simplified BARK,8,0.001953125,0.0009097531158313153,924.0,0.2255859375,True,3682568159
0,12,2,0.0,-0.81358,0.0,0.0,0.120636,0.2255859375,0.00439453125,0.0010644126944328986,1141,Simplified BARK,11,0.002685546875,0.0010519768868339635,924.0,0.2255859375,True,3682568159
0,12,2,0.0,-0.81358,0.0,0.0,0.120636,0.2255859375,0.00439453125,0.0010644126944328986,1141,Simplified BARK,14,0.00341796875,0.0010155593948766772,924.0,0.2255859375,True,3682568159
0,12,2,0.0,-0.81358,0.0,0.0,0.120636,0.2255859375,0.00439453125,0.0010644126944328986,1141,Simplified BARK,18,0.00439453125,0.0014010999189706084,924.0,0.2255859375,True,3682568159
0,12,2,0.0,-0.81358,0.0,0.0,0.120636,0.2255859375,0.00439453125,0.0010644126944328986,1141,Simplified BARK,23,0.005615234375,0.002580011879242798,924.0,0.2255859375,True,3682568159
0,12,2,0.0,-0.81358,0.0,0.0,0.120636,0.2255859375,0.00439453125,0.0010644126944328986,1141,Simplified BARK,31,0.007568359375,0.004487992378714527,924.0,0.2255859375,True,3682568159
0,12,2,0.0,-0.81358,0.0,0.0,0.120636,0.2255859375,0.00439453125,0.0010644126944328986,1141,Simplified BARK,40,0.009765625,0.008559117471905754,924.0,0.2255859375,True,3682568159
0,12,2,0.0,-0.81358,0.0,0.0,0.120636,0.2255859375,0.00439453125,0.0010644126944328986,1141,Simplified BARK,52,0.0126953125,0.013739820537866652,924.0,0.2255859375,True,3682568159
0,12,2,0.0,-0.81358,0.0,0.0,0.120636,0.2255859375,0.00439453125,0.0010644126944328986,1141,Simplified BARK,67,0.016357421875,0.021568600008325285,924.0,0.2255859375,True,3682568159
0,12,2,0.0,-0.81358,0.0,0.0,0.120636,0.2255859375,0.00439453125,0.0010644126944328986,1141,Simplified BARK,87,0.021240234375,0.0429781800471796,924.0,0.2255859375,True,3682568159
0,12,2,0.0,-0.81358,0.0,0.0,0.120636,0.2255859375,0.00439453125,0.0010644126944328986,1141,Simplified BARK,114,0.02783203125,0.05575075469177394,924.0,0.2255859375,True,3682568159
0,12,2,0.0,-0.81358,0.0,0.0,0.120636,0.2255859375,0.00439453125,0.0010644126944328986,1141,Simplified BARK,148,0.0361328125,0.09868581119571246,924.0,0.2255859375,True,3682568159
0,12,2,0.0,-0.81358,0.0,0.0,0.120636,0.2255859375,0.00439453125,0.0010644126944328986,1141,Simplified BARK,192,0.046875,0.11937891556576709,924.0,0.2255859375,True,3682568159
0,12,2,0.0,-0.81358,0.0,0.0,0.120636,0.2255859375,0.00439453125,0.0010644126944328986,1141,Simplified BARK,250,0.06103515625,0.17205757991881968,924.0,0.2255859375,True,3682568159
0,12,2,0.0,-0.81358,0.0,0.0,0.120636,0.2255859375,0.00439453125,0.0010644126944328986,1141,Simplified BARK,325,0.079345703125,0.29108581828132407,924.0,0.2255859375,True,3682568159
0,12,2,0.0,-0.81358,0.0,0.0,0.120636,0.2255859375,0.00439453125,0.0010644126944328986,1141,Simplified BARK,423,0.103271484375,0.43954582989650004,924.0,0.2255859375,True,3682568159
0,12,2,0.0,-0.81358,0.0,0.0,0.120636,0.2255859375,0.00439453125,0.0010644126944328986,1141,Simplified BARK,550,0.13427734375,0.5475931927215208,924.0,0.2255859375,True,3682568159
0,12,2,0.0,-0.81358,0.0,0.0,0.120636,0.2255859375,0.00439453125,0.0010644126944328986,1141,Simplified BARK,715,0.174560546875,0.8222269272393712,924.0,0.2255859375,True,3682568159
0,12,2,0.0,-0.81358,0.0,0.0,0.120636,0.2255859375,0.00439453125,0.0010644126944328986,1141,Simplified BARK,931,0.227294921875,0.9999999999999998,924.0,0.2255859375,True,3682568159
0,12,2,0.0,-0.81358,0.0,0.0,0.120636,0.2255859375,0.00439453125,0.0010644126944328986,1141,Simplified BARK,1210,0.29541015625,0.9999999999999998,924.0,0.2255859375,True,3682568159
0,12,2,0.0,-0.81358,0.0,0.0,0.120636,0.2255859375,0.00439453125,0.0010644126944328986,1141,Simplified BARK,1575,0.384521484375,0.9999999999999998,924.0,0.2255859375,True,3682568159
0,12,2,0.0,-0.81358,0.0,0.0,0.120636,0.2255859375,0.00439453125,0.0010644126944328986,1141,Simplified BARK,2048,0.5,0.9999999999999998,924.0,0.2255859375,True,3682568159
0,12,2,0.0,-0.81358,0.0,0.0,0.120636,0.2255859375,0.00439453125,0.0010644126944328986,1141,SKQD,1,0.000244140625,0.0010644126944328986,906.0,0.22119140625,True,3682568159
0,12,2,0.0,-0.81358,0.0,0.0,0.120636,0.2255859375,0.00439453125,0.0010644126944328986,1141,SKQD,2,0.00048828125,0.0010644126944328986,906.0,0.22119140625,True,3682568159
0,12,2,0.0,-0.81358,0.0,0.0,0.120636,0.2255859375,0.00439453125,0.0010644126944328986,1141,SKQD,3,0.000732421875,0.0010644126944328986,906.0,0.22119140625,True,3682568159
0,12,2,0.0,-0.81358,0.0,0.0,0.120636,0.2255859375,0.00439453125,0.0010644126944328986,1141,SKQD,4,0.0009765625,0.0010644126944328986,906.0,0.22119140625,True,3682568159
0,12,2,0.0,-0.81358,0.0,0.0,0.120636,0.2255859375,0.00439453125,0.0010644126944328986,1141,SKQD,5,0.001220703125,0.0010644126944328986,906.0,0.22119140625,True,3682568159
0,12,2,0.0,-0.81358,0.0,0.0,0.120636,0.2255859375,0.00439453125,0.0010644126944328986,1141,SKQD,6,0.00146484375,0.0010644126944328986,906.0,0.22119140625,True,3682568159
0,12,2,0.0,-0.81358,0.0,0.0,0.120636,0.2255859375,0.00439453125,0.0010644126944328986,1141,SKQD,8,0.001953125,0.0010644126944328986,906.0,0.22119140625,True,3682568159
0,12,2,0.0,-0.81358,0.0,0.0,0.120636,0.2255859375,0.00439453125,0.0010644126944328986,1141,SKQD,11,0.002685546875,0.0010644126944328986,906.0,0.22119140625,True,3682568159
0,12,2,0.0,-0.81358,0.0,0.0,0.120636,0.2255859375,0.00439453125,0.0010644126944328986,1141,SKQD,14,0.00341796875,0.0010644126944328986,906.0,0.22119140625,True,3682568159
0,12,2,0.0,-0.81358,0.0,0.0,0.120636,0.2255859375,0.00439453125,0.0010644126944328986,1141,SKQD,18,0.00439453125,0.0010644126944328986,906.0,0.22119140625,True,3682568159
0,12,2,0.0,-0.81358,0.0,0.0,0.120636,0.2255859375,0.00439453125,0.0010644126944328986,1141,SKQD,23,0.005615234375,0.0010644126944328986,906.0,0.22119140625,True,3682568159
0,12,2,0.0,-0.81358,0.0,0.0,0.120636,0.2255859375,0.00439453125,0.0010644126944328986,1141,SKQD,31,0.007568359375,0.0010644126944328986,906.0,0.22119140625,True,3682568159
0,12,2,0.0,-0.81358,0.0,0.0,0.120636,0.2255859375,0.00439453125,0.0010644126944328986,1141,SKQD,40,0.009765625,0.0010644126944328986,906.0,0.22119140625,True,3682568159
0,12,2,0.0,-0.81358,0.0,0.0,0.120636,0.2255859375,0.00439453125,0.0010644126944328986,1141,SKQD,52,0.0126953125,0.0010644126944328986,906.0,0.22119140625,True,3682568159
0,12,2,0.0,-0.81358,0.0,0.0,0.120636,0.2255859375,0.00439453125,0.0010644126944328986,1141,SKQD,67,0.016357421875,0.0010644126944328986,906.0,0.22119140625,True,3682568159
0,12,2,0.0,-0.81358,0.0,0.0,0.120636,0.2255859375,0.00439453125,0.0010644126944328986,1141,SKQD,87,0.021240234375,0.0010644126944328986,906.0,0.22119140625,True,3682568159
0,12,2,0.0,-0.81358,0.0,0.0,0.120636,0.2255859375,0.00439453125,0.0010644126944328986,1141,SKQD,114,0.02783203125,0.01909855898267207,906.0,0.22119140625,True,3682568159
0,12,2,0.0,-0.81358,0.0,0.0,0.120636,0.2255859375,0.00439453125,0.0010644126944328986,1141,SKQD,148,0.0361328125,0.01909855898267207,906.0,0.22119140625,True,3682568159
0,12,2,0.0,-0.81358,0.0,0.0,0.120636,0.2255859375,0.00439453125,0.0010644126944328986,1141,SKQD,192,0.046875,0.07912007732834288,906.0,0.22119140625,True,3682568159
0,12,2,0.0,-0.81358,0.0,0.0,0.120636,0.2255859375,0.00439453125,0.0010644126944328986,1141,SKQD,250,0.06103515625,0.1280045891737331,906.0,0.22119140625,True,3682568159
0,12,2,0.0,-0.81358,0.0,0.0,0.120636,0.2255859375,0.00439453125,0.0010644126944328986,1141,SKQD,325,0.079345703125,0.1934657065869564,906.0,0.22119140625,True,3682568159
0,12,2,0.0,-0.81358,0.0,0.0,0.120636,0.2255859375,0.00439453125,0.0010644126944328986,1141,SKQD,423,0.103271484375,0.3266536298005372,906.0,0.22119140625,True,3682568159
0,12,2,0.0,-0.81358,0.0,0.0,0.120636,0.2255859375,0.00439453125,0.0010644126944328986,1141,SKQD,550,0.13427734375,0.45914167786613097,906.0,0.22119140625,True,3682568159
0,12,2,0.0,-0.81358,0.0,0.0,0.120636,0.2255859375,0.00439453125,0.0010644126944328986,1141,SKQD,715,0.174560546875,0.7273192044289608,906.0,0.22119140625,True,3682568159
0,12,2,0.0,-0.81358,0.0,0.0,0.120636,0.2255859375,0.00439453125,0.0010644126944328986,1141,SKQD,931,0.227294921875,0.9769584977079194,906.0,0.22119140625,True,3682568159
0,12,2,0.0,-0.81358,0.0,0.0,0.120636,0.2255859375,0.00439453125,0.0010644126944328986,1141,SKQD,1210,0.29541015625,0.9769584977079194,906.0,0.22119140625,True,3682568159
0,12,2,0.0,-0.81358,0.0,0.0,0.120636,0.2255859375,0.00439453125,0.0010644126944328986,1141,SKQD,1575,0.384521484375,0.9769584977079194,906.0,0.22119140625,True,3682568159
0,12,2,0.0,-0.81358,0.0,0.0,0.120636,0.2255859375,0.00439453125,0.0010644126944328986,1141,SKQD,2048,0.5,0.9769584977079194,906.0,0.22119140625,True,3682568159
0,12,2,0.0,-0.81358,0.0,0.0,0.120636,0.2255859375,0.00439453125,0.0010644126944328986,1141,Ceiling,1,0.000244140625,0.010406537246220763,2048.0,0.5,False,3682568159
0,12,2,0.0,-0.81358,0.0,0.0,0.120636,0.2255859375,0.00439453125,0.0010644126944328986,1141,Ceiling,2,0.00048828125,0.020813074492441505,2048.0,0.5,False,3682568159
0,12,2,0.0,-0.81358,0.0,0.0,0.120636,0.2255859375,0.00439453125,0.0010644126944328986,1141,Ceiling,3,0.000732421875,0.027155224574584344,2048.0,0.5,False,3682568159
0,12,2,0.0,-0.81358,0.0,0.0,0.120636,0.2255859375,0.00439453125,0.0010644126944328986,1141,Ceiling,4,0.0009765625,0.03349737465672717,2048.0,0.5,False,3682568159
0,12,2,0.0,-0.81358,0.0,0.0,0.120636,0.2255859375,0.00439453125,0.0010644126944328986,1141,Ceiling,5,0.001220703125,0.038776366899863454,2048.0,0.5,False,3682568159
0,12,2,0.0,-0.81358,0.0,0.0,0.120636,0.2255859375,0.00439453125,0.0010644126944328986,1141,Ceiling,6,0.00146484375,0.04405535914299973,2048.0,0.5,False,3682568159
0,12,2,0.0,-0.81358,0.0,0.0,0.120636,0.2255859375,0.00439453125,0.0010644126944328986,1141,Ceiling,8,0.001953125,0.05461334362927229,2048.0,0.5,False,3682568159
0,12,2,0.0,-0.81358,0.0,0.0,0.120636,0.2255859375,0.00439453125,0.0010644126944328986,1141,Ceiling,11,0.002685546875,0.07045032035868111,2048.0,0.5,False,3682568159
0,12,2,0.0,-0.81358,0.0,0.0,0.120636,0.2255859375,0.00439453125,0.0010644126944328986,1141,Ceiling,14,0.00341796875,0.0850516454110783,2048.0,0.5,False,3682568159
0,12,2,0.0,-0.81358,0.0,0.0,0.120636,0.2255859375,0.00439453125,0.0010644126944328986,1141,Ceiling,18,0.00439453125,0.10369631102960011,2048.0,0.5,False,3682568159
0,12,2,0.0,-0.81358,0.0,0.0,0.120636,0.2255859375,0.00439453125,0.0010644126944328986,1141,Ceiling,23,0.005615234375,0.12564840793077608,2048.0,0.5,False,3682568159
0,12,2,0.0,-0.81358,0.0,0.0,0.120636,0.2255859375,0.00439453125,0.0010644126944328986,1141,Ceiling,31,0.007568359375,0.15901297197115347,2048.0,0.5,False,3682568159
0,12,2,0.0,-0.81358,0.0,0.0,0.120636,0.2255859375,0.00439453125,0.0010644126944328986,1141,Ceiling,40,0.009765625,0.1923189019756293,2048.0,0.5,False,3682568159
0,12,2,0.0,-0.81358,0.0,0.0,0.120636,0.2255859375,0.00439453125,0.0010644126944328986,1141,Ceiling,52,0.0126953125,0.23077615293195056,2048.0,0.5,False,3682568159
0,12,2,0.0,-0.81358,0.0,0.0,0.120636,0.2255859375,0.00439453125,0.0010644126944328986,1141,Ceiling,67,0.016357421875,0.27446105396601106,2048.0,0.5,False,3682568159
0,12,2,0.0,-0.81358,0.0,0.0,0.120636,0.2255859375,0.00439453125,0.0010644126944328986,1141,Ceiling,87,0.021240234375,0.32505712436016104,2048.0,0.5,False,3682568159
0,12,2,0.0,-0.81358,0.0,0.0,0.120636,0.2255859375,0.00439453125,0.0010644126944328986,1141,Ceiling,114,0.02783203125,0.3856963604674111,2048.0,0.5,False,3682568159
0,12,2,0.0,-0.81358,0.0,0.0,0.120636,0.2255859375,0.00439453125,0.0010644126944328986,1141,Ceiling,148,0.0361328125,0.4477156810193787,2048.0,0.5,False,3682568159
0,12,2,0.0,-0.81358,0.0,0.0,0.120636,0.2255859375,0.00439453125,0.0010644126944328986,1141,Ceiling,192,0.046875,0.521287521548561,2048.0,0.5,False,3682568159
0,12,2,0.0,-0.81358,0.0,0.0,0.120636,0.2255859375,0.00439453125,0.0010644126944328986,1141,Ceiling,250,0.06103515625,0.6046577309495756,2048.0,0.5,False,3682568159
0,12,2,0.0,-0.81358,0.0,0.0,0.120636,0.2255859375,0.00439453125,0.0010644126944328986,1141,Ceiling,325,0.079345703125,0.6982420630238685,2048.0,0.5,False,3682568159
0,12,2,0.0,-0.81358,0.0,0.0,0.120636,0.2255859375,0.00439453125,0.0010644126944328986,1141,Ceiling,423,0.103271484375,0.7966348093308425,2048.0,0.5,False,3682568159
0,12,2,0.0,-0.81358,0.0,0.0,0.120636,0.2255859375,0.00439453125,0.0010644126944328986,1141,Ceiling,550,0.13427734375,0.8920760465222999,2048.0,0.5,False,3682568159
0,12,2,0.0,-0.81358,0.0,0.0,0.120636,0.2255859375,0.00439453125,0.0010644126944328986,1141,Ceiling,715,0.174560546875,0.9646307105912851,2048.0,0.5,False,3682568159
0,12,2,0.0,-0.81358,0.0,0.0,0.120636,0.2255859375,0.00439453125,0.0010644126944328986,1141,Ceiling,931,0.227294921875,1.0000000000000038,2048.0,0.5,False,3682568159
0,12,2,0.0,-0.81358,0.0,0.0,0.120636,0.2255859375,0.00439453125,0.0010644126944328986,1141,Ceiling,1210,0.29541015625,1.0000000000000038,2048.0,0.5,False,3682568159
0,12,2,0.0,-0.81358,0.0,0.0,0.120636,0.2255859375,0.00439453125,0.0010644126944328986,1141,Ceiling,1575,0.384521484375,1.0000000000000038,2048.0,0.5,False,3682568159
0,12,2,0.0,-0.81358,0.0,0.0,0.120636,0.2255859375,0.00439453125,0.0010644126944328986,1141,Ceiling,2048,0.5,1.0000000000000038,2048.0,0.5,False,3682568159
0,12,2,0.0,-0.81358,0.0,0.0,0.120636,0.2255859375,0.00439453125,4.069626585424771e-05,2865,BARK,1,0.000244140625,4.069626585424771e-05,924.0,0.2255859375,True,3682568159
0,12,2,0.0,-0.81358,0.0,0.0,0.120636,0.2255859375,0.00439453125,4.069626585424771e-05,2865,BARK,2,0.00048828125,0.00012264613101621157,924.0,0.2255859375,True,3682568159
0,12,2,0.0,-0.81358,0.0,0.0,0.120636,0.2255859375,0.00439453125,4.069626585424771e-05,2865,BARK,3,0.000732421875,0.00019391553979580833,924.0,0.2255859375,True,3682568159
0,12,2,0.0,-0.81358,0.0,0.0,0.120636,0.2255859375,0.00439453125,4.069626585424771e-05,2865,BARK,4,0.0009765625,0.00025935745218444076,924.0,0.2255859375,True,3682568159
0,12,2,0.0,-0.81358,0.0,0.0,0.120636,0.2255859375,0.00439453125,4.069626585424771e-05,2865,BARK,5,0.001220703125,0.00039543856669228887,924.0,0.2255859375,True,3682568159
0,12,2,0.0,-0.81358,0.0,0.0,0.120636,0.2255859375,0.00439453125,4.069626585424771e-05,2865,BARK,6,0.00146484375,0.0004719730953589354,924.0,0.2255859375,True,3682568159
0,12,2,0.0,-0.81358,0.0,0.0,0.120636,0.2255859375,0.00439453125,4.069626585424771e-05,2865,BARK,8,0.001953125,0.0004723672542782049,924.0,0.2255859375,True,3682568159
0,12,2,0.0,-0.81358,0.0,0.0,0.120636,0.2255859375,0.00439453125,4.069626585424771e-05,2865,BARK,11,0.002685546875,0.0005558379685489881,924.0,0.2255859375,True,3682568159
0,12,2,0.0,-0.81358,0.0,0.0,0.120636,0.2255859375,0.00439453125,4.069626585424771e-05,2865,BARK,14,0.00341796875,0.0005979681993336693,924.0,0.2255859375,True,3682568159
0,12,2,0.0,-0.81358,0.0,0.0,0.120636,0.2255859375,0.00439453125,4.069626585424771e-05,2865,BARK,18,0.00439453125,0.0007503801423667255,924.0,0.2255859375,True,3682568159
0,12,2,0.0,-0.81358,0.0,0.0,0.120636,0.2255859375,0.00439453125,4.069626585424771e-05,2865,BARK,23,0.005615234375,0.001326371421063914,924.0,0.2255859375,True,3682568159
0,12,2,0.0,-0.81358,0.0,0.0,0.120636,0.2255859375,0.00439453125,4.069626585424771e-05,2865,BARK,31,0.007568359375,0.0036109310282692614,924.0,0.2255859375,True,3682568159
0,12,2,0.0,-0.81358,0.0,0.0,0.120636,0.2255859375,0.00439453125,4.069626585424771e-05,2865,BARK,40,0.009765625,0.005270301146012974,924.0,0.2255859375,True,3682568159
0,12,2,0.0,-0.81358,0.0,0.0,0.120636,0.2255859375,0.00439453125,4.069626585424771e-05,2865,BARK,52,0.0126953125,0.010249923512169985,924.0,0.2255859375,True,3682568159
0,12,2,0.0,-0.81358,0.0,0.0,0.120636,0.2255859375,0.00439453125,4.069626585424771e-05,2865,BARK,67,0.016357421875,0.011461694992399995,924.0,0.2255859375,True,3682568159
0,12,2,0.0,-0.81358,0.0,0.0,0.120636,0.2255859375,0.00439453125,4.069626585424771e-05,2865,BARK,87,0.021240234375,0.021183068071750227,924.0,0.2255859375,True,3682568159
0,12,2,0.0,-0.81358,0.0,0.0,0.120636,0.2255859375,0.00439453125,4.069626585424771e-05,2865,BARK,114,0.02783203125,0.036744778361434825,924.0,0.2255859375,True,3682568159
0,12,2,0.0,-0.81358,0.0,0.0,0.120636,0.2255859375,0.00439453125,4.069626585424771e-05,2865,BARK,148,0.0361328125,0.05787868456110703,924.0,0.2255859375,True,3682568159
0,12,2,0.0,-0.81358,0.0,0.0,0.120636,0.2255859375,0.00439453125,4.069626585424771e-05,2865,BARK,192,0.046875,0.09981587110871638,924.0,0.2255859375,True,3682568159
0,12,2,0.0,-0.81358,0.0,0.0,0.120636,0.2255859375,0.00439453125,4.069626585424771e-05,2865,BARK,250,0.06103515625,0.16200547277829172,924.0,0.2255859375,True,3682568159
0,12,2,0.0,-0.81358,0.0,0.0,0.120636,0.2255859375,0.00439453125,4.069626585424771e-05,2865,BARK,325,0.079345703125,0.24190970469486953,924.0,0.2255859375,True,3682568159
0,12,2,0.0,-0.81358,0.0,0.0,0.120636,0.2255859375,0.00439453125,4.069626585424771e-05,2865,BARK,423,0.103271484375,0.41096881197194,924.0,0.2255859375,True,3682568159
0,12,2,0.0,-0.81358,0.0,0.0,0.120636,0.2255859375,0.00439453125,4.069626585424771e-05,2865,BARK,550,0.13427734375,0.6178731452857151,924.0,0.2255859375,True,3682568159
0,12,2,0.0,-0.81358,0.0,0.0,0.120636,0.2255859375,0.00439453125,4.069626585424771e-05,2865,BARK,715,0.174560546875,0.8520725576371748,924.0,0.2255859375,True,3682568159
0,12,2,0.0,-0.81358,0.0,0.0,0.120636,0.2255859375,0.00439453125,4.069626585424771e-05,2865,BARK,931,0.227294921875,1.0000000000000004,924.0,0.2255859375,True,3682568159
0,12,2,0.0,-0.81358,0.0,0.0,0.120636,0.2255859375,0.00439453125,4.069626585424771e-05,2865,BARK,1210,0.29541015625,1.0000000000000004,924.0,0.2255859375,True,3682568159
0,12,2,0.0,-0.81358,0.0,0.0,0.120636,0.2255859375,0.00439453125,4.069626585424771e-05,2865,BARK,1575,0.384521484375,1.0000000000000004,924.0,0.2255859375,True,3682568159
0,12,2,0.0,-0.81358,0.0,0.0,0.120636,0.2255859375,0.00439453125,4.069626585424771e-05,2865,BARK,2048,0.5,1.0000000000000004,924.0,0.2255859375,True,3682568159
0,12,2,0.0,-0.81358,0.0,0.0,0.120636,0.2255859375,0.00439453125,4.069626585424771e-05,2865,Simplified BARK,1,0.000244140625,4.069626585424771e-05,924.0,0.2255859375,True,3682568159
0,12,2,0.0,-0.81358,0.0,0.0,0.120636,0.2255859375,0.00439453125,4.069626585424771e-05,2865,Simplified BARK,2,0.00048828125,0.00012264613101621157,924.0,0.2255859375,True,3682568159
0,12,2,0.0,-0.81358,0.0,0.0,0.120636,0.2255859375,0.00439453125,4.069626585424771e-05,2865,Simplified BARK,3,0.000732421875,0.00019391553979580833,924.0,0.2255859375,True,3682568159
0,12,2,0.0,-0.81358,0.0,0.0,0.120636,0.2255859375,0.00439453125,4.069626585424771e-05,2865,Simplified BARK,4,0.0009765625,0.00025935745218444076,924.0,0.2255859375,True,3682568159
0,12,2,0.0,-0.81358,0.0,0.0,0.120636,0.2255859375,0.00439453125,4.069626585424771e-05,2865,Simplified BARK,5,0.001220703125,0.00030111264579247047,924.0,0.2255859375,True,3682568159
0,12,2,0.0,-0.81358,0.0,0.0,0.120636,0.2255859375,0.00439453125,4.069626585424771e-05,2865,Simplified BARK,6,0.00146484375,0.0003055627104647873,924.0,0.2255859375,True,3682568159
0,12,2,0.0,-0.81358,0.0,0.0,0.120636,0.2255859375,0.00439453125,4.069626585424771e-05,2865,Simplified BARK,8,0.001953125,0.0004268368615013262,924.0,0.2255859375,True,3682568159
0,12,2,0.0,-0.81358,0.0,0.0,0.120636,0.2255859375,0.00439453125,4.069626585424771e-05,2865,Simplified BARK,11,0.002685546875,0.0006196265391337356,924.0,0.2255859375,True,3682568159
0,12,2,0.0,-0.81358,0.0,0.0,0.120636,0.2255859375,0.00439453125,4.069626585424771e-05,2865,Simplified BARK,14,0.00341796875,0.0009885593542166297,924.0,0.2255859375,True,3682568159
0,12,2,0.0,-0.81358,0.0,0.0,0.120636,0.2255859375,0.00439453125,4.069626585424771e-05,2865,Simplified BARK,18,0.00439453125,0.0014070526445267347,924.0,0.2255859375,True,3682568159
0,12,2,0.0,-0.81358,0.0,0.0,0.120636,0.2255859375,0.00439453125,4.069626585424771e-05,2865,Simplified BARK,23,0.005615234375,0.002581317918084023,924.0,0.2255859375,True,3682568159
0,12,2,0.0,-0.81358,0.0,0.0,0.120636,0.2255859375,0.00439453125,4.069626585424771e-05,2865,Simplified BARK,31,0.007568359375,0.004488321110333611,924.0,0.2255859375,True,3682568159
0,12,2,0.0,-0.81358,0.0,0.0,0.120636,0.2255859375,0.00439453125,4.069626585424771e-05,2865,Simplified BARK,40,0.009765625,0.008542392315943774,924.0,0.2255859375,True,3682568159
0,12,2,0.0,-0.81358,0.0,0.0,0.120636,0.2255859375,0.00439453125,4.069626585424771e-05,2865,Simplified BARK,52,0.0126953125,0.012565032602951824,924.0,0.2255859375,True,3682568159
0,12,2,0.0,-0.81358,0.0,0.0,0.120636,0.2255859375,0.00439453125,4.069626585424771e-05,2865,Simplified BARK,67,0.016357421875,0.019902325395785025,924.0,0.2255859375,True,3682568159
0,12,2,0.0,-0.81358,0.0,0.0,0.120636,0.2255859375,0.00439453125,4.069626585424771e-05,2865,Simplified BARK,87,0.021240234375,0.041238727961546304,924.0,0.2255859375,True,3682568159
0,12,2,0.0,-0.81358,0.0,0.0,0.120636,0.2255859375,0.00439453125,4.069626585424771e-05,2865,Simplified BARK,114,0.02783203125,0.0532512797401379,924.0,0.2255859375,True,3682568159
0,12,2,0.0,-0.81358,0.0,0.0,0.120636,0.2255859375,0.00439453125,4.069626585424771e-05,2865,Simplified BARK,148,0.0361328125,0.09843812749759824,924.0,0.2255859375,True,3682568159
0,12,2,0.0,-0.81358,0.0,0.0,0.120636,0.2255859375,0.00439453125,4.069626585424771e-05,2865,Simplified BARK,192,0.046875,0.11827910901737958,924.0,0.2255859375,True,3682568159
0,12,2,0.0,-0.81358,0.0,0.0,0.120636,0.2255859375,0.00439453125,4.069626585424771e-05,2865,Simplified BARK,250,0.06103515625,0.17197512759045103,924.0,0.2255859375,True,3682568159
0,12,2,0.0,-0.81358,0.0,0.0,0.120636,0.2255859375,0.00439453125,4.069626585424771e-05,2865,Simplified BARK,325,0.079345703125,0.2886966576687056,924.0,0.2255859375,True,3682568159
0,12,2,0.0,-0.81358,0.0,0.0,0.120636,0.2255859375,0.00439453125,4.069626585424771e-05,2865,Simplified BARK,423,0.103271484375,0.4395542974251234,924.0,0.2255859375,True,3682568159
0,12,2,0.0,-0.81358,0.0,0.0,0.120636,0.2255859375,0.00439453125,4.069626585424771e-05,2865,Simplified BARK,550,0.13427734375,0.5474342162062825,924.0,0.2255859375,True,3682568159
0,12,2,0.0,-0.81358,0.0,0.0,0.120636,0.2255859375,0.00439453125,4.069626585424771e-05,2865,Simplified BARK,715,0.174560546875,0.8222269272393711,924.0,0.2255859375,True,3682568159
0,12,2,0.0,-0.81358,0.0,0.0,0.120636,0.2255859375,0.00439453125,4.069626585424771e-05,2865,Simplified BARK,931,0.227294921875,1.0000000000000004,924.0,0.2255859375,True,3682568159
0,12,2,0.0,-0.81358,0.0,0.0,0.120636,0.2255859375,0.00439453125,4.069626585424771e-05,2865,Simplified BARK,1210,0.29541015625,1.0000000000000004,924.0,0.2255859375,True,3682568159
0,12,2,0.0,-0.81358,0.0,0.0,0.120636,0.2255859375,0.00439453125,4.069626585424771e-05,2865,Simplified BARK,1575,0.384521484375,1.0000000000000004,924.0,0.2255859375,True,3682568159
0,12,2,0.0,-0.81358,0.0,0.0,0.120636,0.2255859375,0.00439453125,4.069626585424771e-05,2865,Simplified BARK,2048,0.5,1.0000000000000004,924.0,0.2255859375,True,3682568159
0,12,2,0.0,-0.81358,0.0,0.0,0.120636,0.2255859375,0.00439453125,4.069626585424771e-05,2865,SKQD,1,0.000244140625,4.069626585424771e-05,903.3333333333334,0.22054036458333334,True,3682568159
0,12,2,0.0,-0.81358,0.0,0.0,0.120636,0.2255859375,0.00439453125,4.069626585424771e-05,2865,SKQD,2,0.00048828125,4.069626585424771e-05,903.3333333333334,0.22054036458333334,True,3682568159
0,12,2,0.0,-0.81358,0.0,0.0,0.120636,0.2255859375,0.00439453125,4.069626585424771e-05,2865,SKQD,3,0.000732421875,4.069626585424771e-05,903.3333333333334,0.22054036458333334,True,3682568159
0,12,2,0.0,-0.81358,0.0,0.0,0.120636,0.2255859375,0.00439453125,4.069626585424771e-05,2865,SKQD,4,0.0009765625,4.069626585424771e-05,903.3333333333334,0.22054036458333334,True,3682568159
0,12,2,0.0,-0.81358,0.0,0.0,0.120636,0.2255859375,0.00439453125,4.069626585424771e-05,2865,SKQD,5,0.001220703125,4.069626585424771e-05,903.3333333333334,0.22054036458333334,True,3682568159
0,12,2,0.0,-0.81358,0.0,0.0,0.120636,0.2255859375,0.00439453125,4.069626585424771e-05,2865,SKQD,6,0.00146484375,4.069626585424771e-05,903.3333333333334,0.22054036458333334,True,3682568159
0,12,2,0.0,-0.81358,0.0,0.0,0.120636,0.2255859375,0.00439453125,4.069626585424771e-05,2865,SKQD,8,0.001953125,4.069626585424771e-05,903.3333333333334,0.22054036458333334,True,3682568159
0,12,2,0.0,-0.81358,0.0,0.0,0.120636,0.2255859375,0.00439453125,4.069626585424771e-05,2865,SKQD,11,0.002685546875,4.069626585424771e-05,903.3333333333334,0.22054036458333334,True,3682568159
0,12,2,0.0,-0.81358,0.0,0.0,0.120636,0.2255859375,0.00439453125,4.069626585424771e-05,2865,SKQD,14,0.00341796875,4.069626585424771e-05,903.3333333333334,0.22054036458333334,True,3682568159
0,12,2,0.0,-0.81358,0.0,0.0,0.120636,0.2255859375,0.00439453125,4.069626585424771e-05,2865,SKQD,18,0.00439453125,4.069626585424771e-05,903.3333333333334,0.22054036458333334,True,3682568159
0,12,2,0.0,-0.81358,0.0,0.0,0.120636,0.2255859375,0.00439453125,4.069626585424771e-05,2865,SKQD,23,0.005615234375,4.069626585424771e-05,903.3333333333334,0.22054036458333334,True,3682568159
0,12,2,0.0,-0.81358,0.0,0.0,0.120636,0.2255859375,0.00439453125,4.069626585424771e-05,2865,SKQD,31,0.007568359375,4.069626585424771e-05,903.3333333333334,0.22054036458333334,True,3682568159
0,12,2,0.0,-0.81358,0.0,0.0,0.120636,0.2255859375,0.00439453125,4.069626585424771e-05,2865,SKQD,40,0.009765625,4.069626585424771e-05,903.3333333333334,0.22054036458333334,True,3682568159
0,12,2,0.0,-0.81358,0.0,0.0,0.120636,0.2255859375,0.00439453125,4.069626585424771e-05,2865,SKQD,52,0.0126953125,4.069626585424771e-05,903.3333333333334,0.22054036458333334,True,3682568159
0,12,2,0.0,-0.81358,0.0,0.0,0.120636,0.2255859375,0.00439453125,4.069626585424771e-05,2865,SKQD,67,0.016357421875,4.069626585424771e-05,903.3333333333334,0.22054036458333334,True,3682568159
0,12,2,0.0,-0.81358,0.0,0.0,0.120636,0.2255859375,0.00439453125,4.069626585424771e-05,2865,SKQD,87,0.021240234375,0.008550747493630259,903.3333333333334,0.22054036458333334,True,3682568159
0,12,2,0.0,-0.81358,0.0,0.0,0.120636,0.2255859375,0.00439453125,4.069626585424771e-05,2865,SKQD,114,0.02783203125,0.008550747493630259,903.3333333333334,0.22054036458333334,True,3682568159
0,12,2,0.0,-0.81358,0.0,0.0,0.120636,0.2255859375,0.00439453125,4.069626585424771e-05,2865,SKQD,148,0.0361328125,0.008550747493630259,903.3333333333334,0.22054036458333334,True,3682568159
0,12,2,0.0,-0.81358,0.0,0.0,0.120636,0.2255859375,0.00439453125,4.069626585424771e-05,2865,SKQD,192,0.046875,0.028817638465774786,903.3333333333334,0.22054036458333334,True,3682568159
0,12,2,0.0,-0.81358,0.0,0.0,0.120636,0.2255859375,0.00439453125,4.069626585424771e-05,2865,SKQD,250,0.06103515625,0.04731333088891596,903.3333333333334,0.22054036458333334,True,3682568159
0,12,2,0.0,-0.81358,0.0,0.0,0.120636,0.2255859375,0.00439453125,4.069626585424771e-05,2865,SKQD,325,0.079345703125,0.10693985094200699,903.3333333333334,0.22054036458333334,True,3682568159
0,12,2,0.0,-0.81358,0.0,0.0,0.120636,0.2255859375,0.00439453125,4.069626585424771e-05,2865,SKQD,423,0.103271484375,0.25806754520009334,903.3333333333334,0.22054036458333334,True,3682568159
0,12,2,0.0,-0.81358,0.0,0.0,0.120636,0.2255859375,0.00439453125,4.069626585424771e-05,2865,SKQD,550,0.13427734375,0.4376834093333613,903.3333333333334,0.22054036458333334,True,3682568159
0,12,2,0.0,-0.81358,0.0,0.0,0.120636,0.2255859375,0.00439453125,4.069626585424771e-05,2865,SKQD,715,0.174560546875,0.6860211370328386,903.3333333333334,0.22054036458333334,True,3682568159
0,12,2,0.0,-0.81358,0.0,0.0,0.120636,0.2255859375,0.00439453125,4.069626585424771e-05,2865,SKQD,931,0.227294921875,0.9642872181422879,903.3333333333334,0.22054036458333334,True,3682568159
0,12,2,0.0,-0.81358,0.0,0.0,0.120636,0.2255859375,0.00439453125,4.069626585424771e-05,2865,SKQD,1210,0.29541015625,0.9642872181422879,903.3333333333334,0.22054036458333334,True,3682568159
0,12,2,0.0,-0.81358,0.0,0.0,0.120636,0.2255859375,0.00439453125,4.069626585424771e-05,2865,SKQD,1575,0.384521484375,0.9642872181422879,903.3333333333334,0.22054036458333334,True,3682568159
0,12,2,0.0,-0.81358,0.0,0.0,0.120636,0.2255859375,0.00439453125,4.069626585424771e-05,2865,SKQD,2048,0.5,0.9642872181422879,903.3333333333334,0.22054036458333334,True,3682568159
0,12,2,0.0,-0.81358,0.0,0.0,0.120636,0.2255859375,0.00439453125,4.069626585424771e-05,2865,Ceiling,1,0.000244140625,0.010406537246220763,2048.0,0.5,False,3682568159
0,12,2,0.0,-0.81358,0.0,0.0,0.120636,0.2255859375,0.00439453125,4.069626585424771e-05,2865,Ceiling,2,0.00048828125,0.020813074492441505,2048.0,0.5,False,3682568159
0,12,2,0.0,-0.81358,0.0,0.0,0.120636,0.2255859375,0.00439453125,4.069626585424771e-05,2865,Ceiling,3,0.000732421875,0.027155224574584344,2048.0,0.5,False,3682568159
0,12,2,0.0,-0.81358,0.0,0.0,0.120636,0.2255859375,0.00439453125,4.069626585424771e-05,2865,Ceiling,4,0.0009765625,0.03349737465672717,2048.0,0.5,False,3682568159
0,12,2,0.0,-0.81358,0.0,0.0,0.120636,0.2255859375,0.00439453125,4.069626585424771e-05,2865,Ceiling,5,0.001220703125,0.038776366899863454,2048.0,0.5,False,3682568159
0,12,2,0.0,-0.81358,0.0,0.0,0.120636,0.2255859375,0.00439453125,4.069626585424771e-05,2865,Ceiling,6,0.00146484375,0.04405535914299973,2048.0,0.5,False,3682568159
0,12,2,0.0,-0.81358,0.0,0.0,0.120636,0.2255859375,0.00439453125,4.069626585424771e-05,2865,Ceiling,8,0.001953125,0.05461334362927229,2048.0,0.5,False,3682568159
0,12,2,0.0,-0.81358,0.0,0.0,0.120636,0.2255859375,0.00439453125,4.069626585424771e-05,2865,Ceiling,11,0.002685546875,0.07045032035868111,2048.0,0.5,False,3682568159
0,12,2,0.0,-0.81358,0.0,0.0,0.120636,0.2255859375,0.00439453125,4.069626585424771e-05,2865,Ceiling,14,0.00341796875,0.0850516454110783,2048.0,0.5,False,3682568159
0,12,2,0.0,-0.81358,0.0,0.0,0.120636,0.2255859375,0.00439453125,4.069626585424771e-05,2865,Ceiling,18,0.00439453125,0.10369631102960011,2048.0,0.5,False,3682568159
0,12,2,0.0,-0.81358,0.0,0.0,0.120636,0.2255859375,0.00439453125,4.069626585424771e-05,2865,Ceiling,23,0.005615234375,0.12564840793077608,2048.0,0.5,False,3682568159
0,12,2,0.0,-0.81358,0.0,0.0,0.120636,0.2255859375,0.00439453125,4.069626585424771e-05,2865,Ceiling,31,0.007568359375,0.15901297197115347,2048.0,0.5,False,3682568159
0,12,2,0.0,-0.81358,0.0,0.0,0.120636,0.2255859375,0.00439453125,4.069626585424771e-05,2865,Ceiling,40,0.009765625,0.1923189019756293,2048.0,0.5,False,3682568159
0,12,2,0.0,-0.81358,0.0,0.0,0.120636,0.2255859375,0.00439453125,4.069626585424771e-05,2865,Ceiling,52,0.0126953125,0.23077615293195056,2048.0,0.5,False,3682568159
0,12,2,0.0,-0.81358,0.0,0.0,0.120636,0.2255859375,0.00439453125,4.069626585424771e-05,2865,Ceiling,67,0.016357421875,0.27446105396601106,2048.0,0.5,False,3682568159
0,12,2,0.0,-0.81358,0.0,0.0,0.120636,0.2255859375,0.00439453125,4.069626585424771e-05,2865,Ceiling,87,0.021240234375,0.32505712436016104,2048.0,0.5,False,3682568159
0,12,2,0.0,-0.81358,0.0,0.0,0.120636,0.2255859375,0.00439453125,4.069626585424771e-05,2865,Ceiling,114,0.02783203125,0.3856963604674111,2048.0,0.5,False,3682568159
0,12,2,0.0,-0.81358,0.0,0.0,0.120636,0.2255859375,0.00439453125,4.069626585424771e-05,2865,Ceiling,148,0.0361328125,0.4477156810193787,2048.0,0.5,False,3682568159
0,12,2,0.0,-0.81358,0.0,0.0,0.120636,0.2255859375,0.00439453125,4.069626585424771e-05,2865,Ceiling,192,0.046875,0.521287521548561,2048.0,0.5,False,3682568159
0,12,2,0.0,-0.81358,0.0,0.0,0.120636,0.2255859375,0.00439453125,4.069626585424771e-05,2865,Ceiling,250,0.06103515625,0.6046577309495756,2048.0,0.5,False,3682568159
0,12,2,0.0,-0.81358,0.0,0.0,0.120636,0.2255859375,0.00439453125,4.069626585424771e-05,2865,Ceiling,325,0.079345703125,0.6982420630238685,2048.0,0.5,False,3682568159
0,12,2,0.0,-0.81358,0.0,0.0,0.120636,0.2255859375,0.00439453125,4.069626585424771e-05,2865,Ceiling,423,0.103271484375,0.7966348093308425,2048.0,0.5,False,3682568159
0,12,2,0.0,-0.81358,0.0,0.0,0.120636,0.2255859375,0.00439453125,4.069626585424771e-05,2865,Ceiling,550,0.13427734375,0.8920760465222999,2048.0,0.5,False,3682568159
0,12,2,0.0,-0.81358,0.0,0.0,0.120636,0.2255859375,0.00439453125,4.069626585424771e-05,2865,Ceiling,715,0.174560546875,0.9646307105912851,2048.0,0.5,False,3682568159
0,12,2,0.0,-0.81358,0.0,0.0,0.120636,0.2255859375,0.00439453125,4.069626585424771e-05,2865,Ceiling,931,0.227294921875,1.0000000000000038,2048.0,0.5,False,3682568159
0,12,2,0.0,-0.81358,0.0,0.0,0.120636,0.2255859375,0.00439453125,4.069626585424771e-05,2865,Ceiling,1210,0.29541015625,1.0000000000000038,2048.0,0.5,False,3682568159
0,12,2,0.0,-0.81358,0.0,0.0,0.120636,0.2255859375,0.00439453125,4.069626585424771e-05,2865,Ceiling,1575,0.384521484375,1.0000000000000038,2048.0,0.5,False,3682568159
0,12,2,0.0,-0.81358,0.0,0.0,0.120636,0.2255859375,0.00439453125,4.069626585424771e-05,2865,Ceiling,2048,0.5,1.0000000000000038,2048.0,0.5,False,3682568159
0,12,2,0.0,-0.81358,0.0,0.0,0.120636,0.2255859375,0.00439453125,0.00022812829030037333,797,BARK,1,0.000244140625,0.00022812829030037333,924.0,0.2255859375,True,3682568159
0,12,2,0.0,-0.81358,0.0,0.0,0.120636,0.2255859375,0.00439453125,0.00022812829030037333,797,BARK,2,0.00048828125,0.00039069894091029323,924.0,0.2255859375,True,3682568159
0,12,2,0.0,-0.81358,0.0,0.0,0.120636,0.2255859375,0.00439453125,0.00022812829030037333,797,BARK,3,0.000732421875,0.0004119596851170187,924.0,0.2255859375,True,3682568159
0,12,2,0.0,-0.81358,0.0,0.0,0.120636,0.2255859375,0.00439453125,0.00022812829030037333,797,BARK,4,0.0009765625,0.0005165126378902047,924.0,0.2255859375,True,3682568159
0,12,2,0.0,-0.81358,0.0,0.0,0.120636,0.2255859375,0.00439453125,0.00022812829030037333,797,BARK,5,0.001220703125,0.000732794948864984,924.0,0.2255859375,True,3682568159
0,12,2,0.0,-0.81358,0.0,0.0,0.120636,0.2255859375,0.00439453125,0.00022812829030037333,797,BARK,6,0.00146484375,0.0011147889239912603,924.0,0.2255859375,True,3682568159
0,12,2,0.0,-0.81358,0.0,0.0,0.120636,0.2255859375,0.00439453125,0.00022812829030037333,797,BARK,8,0.001953125,0.002056614104614072,924.0,0.2255859375,True,3682568159
0,12,2,0.0,-0.81358,0.0,0.0,0.120636,0.2255859375,0.00439453125,0.00022812829030037333,797,BARK,11,0.002685546875,0.00278899431308031,924.0,0.2255859375,True,3682568159
0,12,2,0.0,-0.81358,0.0,0.0,0.120636,0.2255859375,0.00439453125,0.00022812829030037333,797,BARK,14,0.00341796875,0.0037737920598980095,924.0,0.2255859375,True,3682568159
0,12,2,0.0,-0.81358,0.0,0.0,0.120636,0.2255859375,0.00439453125,0.00022812829030037333,797,BARK,18,0.00439453125,0.006868128364671815,924.0,0.2255859375,True,3682568159
0,12,2,0.0,-0.81358,0.0,0.0,0.120636,0.2255859375,0.00439453125,0.00022812829030037333,797,BARK,23,0.005615234375,0.013048848495399496,924.0,0.2255859375,True,3682568159
0,12,2,0.0,-0.81358,0.0,0.0,0.120636,0.2255859375,0.00439453125,0.00022812829030037333,797,BARK,31,0.007568359375,0.017253260181554746,924.0,0.2255859375,True,3682568159
0,12,2,0.0,-0.81358,0.0,0.0,0.120636,0.2255859375,0.00439453125,0.00022812829030037333,797,BARK,40,0.009765625,0.022573215322511463,924.0,0.2255859375,True,3682568159
0,12,2,0.0,-0.81358,0.0,0.0,0.120636,0.2255859375,0.00439453125,0.00022812829030037333,797,BARK,52,0.0126953125,0.03788788633570634,924.0,0.2255859375,True,3682568159
0,12,2,0.0,-0.81358,0.0,0.0,0.120636,0.2255859375,0.00439453125,0.00022812829030037333,797,BARK,67,0.016357421875,0.04961793864715219,924.0,0.2255859375,True,3682568159
0,12,2,0.0,-0.81358,0.0,0.0,0.120636,0.2255859375,0.00439453125,0.00022812829030037333,797,BARK,87,0.021240234375,0.059889583829165656,924.0,0.2255859375,True,3682568159
0,12,2,0.0,-0.81358,0.0,0.0,0.120636,0.2255859375,0.00439453125,0.00022812829030037333,797,BARK,114,0.02783203125,0.06674603493046469,924.0,0.2255859375,True,3682568159
0,12,2,0.0,-0.81358,0.0,0.0,0.120636,0.2255859375,0.00439453125,0.00022812829030037333,797,BARK,148,0.0361328125,0.11298982229196304,924.0,0.2255859375,True,3682568159
0,12,2,0.0,-0.81358,0.0,0.0,0.120636,0.2255859375,0.00439453125,0.00022812829030037333,797,BARK,192,0.046875,0.18087813625326785,924.0,0.2255859375,True,3682568159
0,12,2,0.0,-0.81358,0.0,0.0,0.120636,0.2255859375,0.00439453125,0.00022812829030037333,797,BARK,250,0.06103515625,0.2684301933758949,924.0,0.2255859375,True,3682568159
0,12,2,0.0,-0.81358,0.0,0.0,0.120636,0.2255859375,0.00439453125,0.00022812829030037333,797,BARK,325,0.079345703125,0.33683995441009,924.0,0.2255859375,True,3682568159
0,12,2,0.0,-0.81358,0.0,0.0,0.120636,0.2255859375,0.00439453125,0.00022812829030037333,797,BARK,423,0.103271484375,0.4573700392825766,924.0,0.2255859375,True,3682568159
0,12,2,0.0,-0.81358,0.0,0.0,0.120636,0.2255859375,0.00439453125,0.00022812829030037333,797,BARK,550,0.13427734375,0.6532307106667018,924.0,0.2255859375,True,3682568159
0,12,2,0.0,-0.81358,0.0,0.0,0.120636,0.2255859375,0.00439453125,0.00022812829030037333,797,BARK,715,0.174560546875,0.8701546085201668,924.0,0.2255859375,True,3682568159
0,12,2,0.0,-0.81358,0.0,0.0,0.120636,0.2255859375,0.00439453125,0.00022812829030037333,797,BARK,931,0.227294921875,1.0000000000000004,924.0,0.2255859375,True,3682568159
0,12,2,0.0,-0.81358,0.0,0.0,0.120636,0.2255859375,0.00439453125,0.00022812829030037333,797,BARK,1210,0.29541015625,1.0000000000000004,924.0,0.2255859375,True,3682568159
0,12,2,0.0,-0.81358,0.0,0.0,0.120636,0.2255859375,0.00439453125,0.00022812829030037333,797,BARK,1575,0.384521484375,1.0000000000000004,924.0,0.2255859375,True,3682568159
0,12,2,0.0,-0.81358,0.0,0.0,0.120636,0.2255859375,0.00439453125,0.00022812829030037333,797,BARK,2048,0.5,1.0000000000000004,924.0,0.2255859375,True,3682568159
0,12,2,0.0,-0.81358,0.0,0.0,0.120636,0.2255859375,0.00439453125,0.00022812829030037333,797,Simplified BARK,1,0.000244140625,0.00022812829030037333,924.0,0.2255859375,True,3682568159
0,12,2,0.0,-0.81358,0.0,0.0,0.120636,0.2255859375,0.00439453125,0.00022812829030037333,797,Simplified BARK,2,0.00048828125,0.00039069894091029323,924.0,0.2255859375,True,3682568159
0,12,2,0.0,-0.81358,0.0,0.0,0.120636,0.2255859375,0.00439453125,0.00022812829030037333,797,Simplified BARK,3,0.000732421875,0.0004119596851170187,924.0,0.2255859375,True,3682568159
0,12,2,0.0,-0.81358,0.0,0.0,0.120636,0.2255859375,0.00439453125,0.00022812829030037333,797,Simplified BARK,4,0.0009765625,0.0005165126378902047,924.0,0.2255859375,True,3682568159
0,12,2,0.0,-0.81358,0.0,0.0,0.120636,0.2255859375,0.00439453125,0.00022812829030037333,797,Simplified BARK,5,0.001220703125,0.0005590101711351943,924.0,0.2255859375,True,3682568159
0,12,2,0.0,-0.81358,0.0,0.0,0.120636,0.2255859375,0.00439453125,0.00022812829030037333,797,Simplified BARK,6,0.00146484375,0.0006180785291808617,924.0,0.2255859375,True,3682568159
0,12,2,0.0,-0.81358,0.0,0.0,0.120636,0.2255859375,0.00439453125,0.00022812829030037333,797,Simplified BARK,8,0.001953125,0.0007636421871298751,924.0,0.2255859375,True,3682568159
0,12,2,0.0,-0.81358,0.0,0.0,0.120636,0.2255859375,0.00439453125,0.00022812829030037333,797,Simplified BARK,11,0.002685546875,0.0013167229023447874,924.0,0.2255859375,True,3682568159
0,12,2,0.0,-0.81358,0.0,0.0,0.120636,0.2255859375,0.00439453125,0.00022812829030037333,797,Simplified BARK,14,0.00341796875,0.0015339889905152792,924.0,0.2255859375,True,3682568159
0,12,2,0.0,-0.81358,0.0,0.0,0.120636,0.2255859375,0.00439453125,0.00022812829030037333,797,Simplified BARK,18,0.00439453125,0.0025812448247383673,924.0,0.2255859375,True,3682568159
0,12,2,0.0,-0.81358,0.0,0.0,0.120636,0.2255859375,0.00439453125,0.00022812829030037333,797,Simplified BARK,23,0.005615234375,0.003787645141079504,924.0,0.2255859375,True,3682568159
0,12,2,0.0,-0.81358,0.0,0.0,0.120636,0.2255859375,0.00439453125,0.00022812829030037333,797,Simplified BARK,31,0.007568359375,0.00796040105473029,924.0,0.2255859375,True,3682568159
0,12,2,0.0,-0.81358,0.0,0.0,0.120636,0.2255859375,0.00439453125,0.00022812829030037333,797,Simplified BARK,40,0.009765625,0.008732052857571797,924.0,0.2255859375,True,3682568159
0,12,2,0.0,-0.81358,0.0,0.0,0.120636,0.2255859375,0.00439453125,0.00022812829030037333,797,Simplified BARK,52,0.0126953125,0.013942429209047867,924.0,0.2255859375,True,3682568159
0,12,2,0.0,-0.81358,0.0,0.0,0.120636,0.2255859375,0.00439453125,0.00022812829030037333,797,Simplified BARK,67,0.016357421875,0.02269093634426617,924.0,0.2255859375,True,3682568159
0,12,2,0.0,-0.81358,0.0,0.0,0.120636,0.2255859375,0.00439453125,0.00022812829030037333,797,Simplified BARK,87,0.021240234375,0.042962839911845595,924.0,0.2255859375,True,3682568159
0,12,2,0.0,-0.81358,0.0,0.0,0.120636,0.2255859375,0.00439453125,0.00022812829030037333,797,Simplified BARK,114,0.02783203125,0.055693203120489594,924.0,0.2255859375,True,3682568159
0,12,2,0.0,-0.81358,0.0,0.0,0.120636,0.2255859375,0.00439453125,0.00022812829030037333,797,Simplified BARK,148,0.0361328125,0.0988701972332973,924.0,0.2255859375,True,3682568159
0,12,2,0.0,-0.81358,0.0,0.0,0.120636,0.2255859375,0.00439453125,0.00022812829030037333,797,Simplified BARK,192,0.046875,0.11923530597816048,924.0,0.2255859375,True,3682568159
0,12,2,0.0,-0.81358,0.0,0.0,0.120636,0.2255859375,0.00439453125,0.00022812829030037333,797,Simplified BARK,250,0.06103515625,0.17205757991881976,924.0,0.2255859375,True,3682568159
0,12,2,0.0,-0.81358,0.0,0.0,0.120636,0.2255859375,0.00439453125,0.00022812829030037333,797,Simplified BARK,325,0.079345703125,0.29108581828132407,924.0,0.2255859375,True,3682568159
0,12,2,0.0,-0.81358,0.0,0.0,0.120636,0.2255859375,0.00439453125,0.00022812829030037333,797,Simplified BARK,423,0.103271484375,0.43954582989649993,924.0,0.2255859375,True,3682568159
0,12,2,0.0,-0.81358,0.0,0.0,0.120636,0.2255859375,0.00439453125,0.00022812829030037333,797,Simplified BARK,550,0.13427734375,0.5475931927215208,924.0,0.2255859375,True,3682568159
0,12,2,0.0,-0.81358,0.0,0.0,0.120636,0.2255859375,0.00439453125,0.00022812829030037333,797,Simplified BARK,715,0.174560546875,0.8222269272393712,924.0,0.2255859375,True,3682568159
0,12,2,0.0,-0.81358,0.0,0.0,0.120636,0.2255859375,0.00439453125,0.00022812829030037333,797,Simplified BARK,931,0.227294921875,1.0,924.0,0.2255859375,True,3682568159
0,12,2,0.0,-0.81358,0.0,0.0,0.120636,0.2255859375,0.00439453125,0.00022812829030037333,797,Simplified BARK,1210,0.29541015625,1.0,924.0,0.2255859375,True,3682568159
0,12,2,0.0,-0.81358,0.0,0.0,0.120636,0.2255859375,0.00439453125,0.00022812829030037333,797,Simplified BARK,1575,0.384521484375,1.0,924.0,0.2255859375,True,3682568159
0,12,2,0.0,-0.81358,0.0,0.0,0.120636,0.2255859375,0.00439453125,0.00022812829030037333,797,Simplified BARK,2048,0.5,1.0,924.0,0.2255859375,True,3682568159
0,12,2,0.0,-0.81358,0.0,0.0,0.120636,0.2255859375,0.00439453125,0.00022812829030037333,797,SKQD,1,0.000244140625,0.00022812829030037333,904.0,0.220703125,True,3682568159
0,12,2,0.0,-0.81358,0.0,0.0,0.120636,0.2255859375,0.00439453125,0.00022812829030037333,797,SKQD,2,0.00048828125,0.00022812829030037333,904.0,0.220703125,True,3682568159
0,12,2,0.0,-0.81358,0.0,0.0,0.120636,0.2255859375,0.00439453125,0.00022812829030037333,797,SKQD,3,0.000732421875,0.00022812829030037333,904.0,0.220703125,True,3682568159
0,12,2,0.0,-0.81358,0.0,0.0,0.120636,0.2255859375,0.00439453125,0.00022812829030037333,797,SKQD,4,0.0009765625,0.00022812829030037333,904.0,0.220703125,True,3682568159
0,12,2,0.0,-0.81358,0.0,0.0,0.120636,0.2255859375,0.00439453125,0.00022812829030037333,797,SKQD,5,0.001220703125,0.00022812829030037333,904.0,0.220703125,True,3682568159
0,12,2,0.0,-0.81358,0.0,0.0,0.120636,0.2255859375,0.00439453125,0.00022812829030037333,797,SKQD,6,0.00146484375,0.00022812829030037333,904.0,0.220703125,True,3682568159
0,12,2,0.0,-0.81358,0.0,0.0,0.120636,0.2255859375,0.00439453125,0.00022812829030037333,797,SKQD,8,0.001953125,0.00022812829030037333,904.0,0.220703125,True,3682568159
0,12,2,0.0,-0.81358,0.0,0.0,0.120636,0.2255859375,0.00439453125,0.00022812829030037333,797,SKQD,11,0.002685546875,0.00022812829030037333,904.0,0.220703125,True,3682568159
0,12,2,0.0,-0.81358,0.0,0.0,0.120636,0.2255859375,0.00439453125,0.00022812829030037333,797,SKQD,14,0.00341796875,0.00022812829030037333,904.0,0.220703125,True,3682568159
0,12,2,0.0,-0.81358,0.0,0.0,0.120636,0.2255859375,0.00439453125,0.00022812829030037333,797,SKQD,18,0.00439453125,0.00022812829030037333,904.0,0.220703125,True,3682568159
0,12,2,0.0,-0.81358,0.0,0.0,0.120636,0.2255859375,0.00439453125,0.00022812829030037333,797,SKQD,23,0.005615234375,0.00022812829030037333,904.0,0.220703125,True,3682568159
0,12,2,0.0,-0.81358,0.0,0.0,0.120636,0.2255859375,0.00439453125,0.00022812829030037333,797,SKQD,31,0.007568359375,0.00022812829030037333,904.0,0.220703125,True,3682568159
0,12,2,0.0,-0.81358,0.0,0.0,0.120636,0.2255859375,0.00439453125,0.00022812829030037333,797,SKQD,40,0.009765625,0.00022812829030037333,904.0,0.220703125,True,3682568159
0,12,2,0.0,-0.81358,0.0,0.0,0.120636,0.2255859375,0.00439453125,0.00022812829030037333,797,SKQD,52,0.0126953125,0.00022812829030037333,904.0,0.220703125,True,3682568159
0,12,2,0.0,-0.81358,0.0,0.0,0.120636,0.2255859375,0.00439453125,0.00022812829030037333,797,SKQD,67,0.016357421875,0.00022812829030037333,904.0,0.220703125,True,3682568159
0,12,2,0.0,-0.81358,0.0,0.0,0.120636,0.2255859375,0.00439453125,0.00022812829030037333,797,SKQD,87,0.021240234375,0.006944727572156193,904.0,0.220703125,True,3682568159
0,12,2,0.0,-0.81358,0.0,0.0,0.120636,0.2255859375,0.00439453125,0.00022812829030037333,797,SKQD,114,0.02783203125,0.006944727572156193,904.0,0.220703125,True,3682568159
0,12,2,0.0,-0.81358,0.0,0.0,0.120636,0.2255859375,0.00439453125,0.00022812829030037333,797,SKQD,148,0.0361328125,0.006944727572156193,904.0,0.220703125,True,3682568159
0,12,2,0.0,-0.81358,0.0,0.0,0.120636,0.2255859375,0.00439453125,0.00022812829030037333,797,SKQD,192,0.046875,0.02955644189690902,904.0,0.220703125,True,3682568159
0,12,2,0.0,-0.81358,0.0,0.0,0.120636,0.2255859375,0.00439453125,0.00022812829030037333,797,SKQD,250,0.06103515625,0.07084396932694638,904.0,0.220703125,True,3682568159
0,12,2,0.0,-0.81358,0.0,0.0,0.120636,0.2255859375,0.00439453125,0.00022812829030037333,797,SKQD,325,0.079345703125,0.11380577268655385,904.0,0.220703125,True,3682568159
0,12,2,0.0,-0.81358,0.0,0.0,0.120636,0.2255859375,0.00439453125,0.00022812829030037333,797,SKQD,423,0.103271484375,0.22265703983748464,904.0,0.220703125,True,3682568159
0,12,2,0.0,-0.81358,0.0,0.0,0.120636,0.2255859375,0.00439453125,0.00022812829030037333,797,SKQD,550,0.13427734375,0.3937931380543202,904.0,0.220703125,True,3682568159
0,12,2,0.0,-0.81358,0.0,0.0,0.120636,0.2255859375,0.00439453125,0.00022812829030037333,797,SKQD,715,0.174560546875,0.6718950253181148,904.0,0.220703125,True,3682568159
0,12,2,0.0,-0.81358,0.0,0.0,0.120636,0.2255859375,0.00439453125,0.00022812829030037333,797,SKQD,931,0.227294921875,0.9573759545526549,904.0,0.220703125,True,3682568159
0,12,2,0.0,-0.81358,0.0,0.0,0.120636,0.2255859375,0.00439453125,0.00022812829030037333,797,SKQD,1210,0.29541015625,0.9573759545526549,904.0,0.220703125,True,3682568159
0,12,2,0.0,-0.81358,0.0,0.0,0.120636,0.2255859375,0.00439453125,0.00022812829030037333,797,SKQD,1575,0.384521484375,0.9573759545526549,904.0,0.220703125,True,3682568159
0,12,2,0.0,-0.81358,0.0,0.0,0.120636,0.2255859375,0.00439453125,0.00022812829030037333,797,SKQD,2048,0.5,0.9573759545526549,904.0,0.220703125,True,3682568159
0,12,2,0.0,-0.81358,0.0,0.0,0.120636,0.2255859375,0.00439453125,0.00022812829030037333,797,Ceiling,1,0.000244140625,0.010406537246220763,2048.0,0.5,False,3682568159
0,12,2,0.0,-0.81358,0.0,0.0,0.120636,0.2255859375,0.00439453125,0.00022812829030037333,797,Ceiling,2,0.00048828125,0.020813074492441505,2048.0,0.5,False,3682568159
0,12,2,0.0,-0.81358,0.0,0.0,0.120636,0.2255859375,0.00439453125,0.00022812829030037333,797,Ceiling,3,0.000732421875,0.027155224574584344,2048.0,0.5,False,3682568159
0,12,2,0.0,-0.81358,0.0,0.0,0.120636,0.2255859375,0.00439453125,0.00022812829030037333,797,Ceiling,4,0.0009765625,0.03349737465672717,2048.0,0.5,False,3682568159
0,12,2,0.0,-0.81358,0.0,0.0,0.120636,0.2255859375,0.00439453125,0.00022812829030037333,797,Ceiling,5,0.001220703125,0.038776366899863454,2048.0,0.5,False,3682568159
0,12,2,0.0,-0.81358,0.0,0.0,0.120636,0.2255859375,0.00439453125,0.00022812829030037333,797,Ceiling,6,0.00146484375,0.04405535914299973,2048.0,0.5,False,3682568159
0,12,2,0.0,-0.81358,0.0,0.0,0.120636,0.2255859375,0.00439453125,0.00022812829030037333,797,Ceiling,8,0.001953125,0.05461334362927229,2048.0,0.5,False,3682568159
0,12,2,0.0,-0.81358,0.0,0.0,0.120636,0.2255859375,0.00439453125,0.00022812829030037333,797,Ceiling,11,0.002685546875,0.07045032035868111,2048.0,0.5,False,3682568159
0,12,2,0.0,-0.81358,0.0,0.0,0.120636,0.2255859375,0.00439453125,0.00022812829030037333,797,Ceiling,14,0.00341796875,0.0850516454110783,2048.0,0.5,False,3682568159
0,12,2,0.0,-0.81358,0.0,0.0,0.120636,0.2255859375,0.00439453125,0.00022812829030037333,797,Ceiling,18,0.00439453125,0.10369631102960011,2048.0,0.5,False,3682568159
0,12,2,0.0,-0.81358,0.0,0.0,0.120636,0.2255859375,0.00439453125,0.00022812829030037333,797,Ceiling,23,0.005615234375,0.12564840793077608,2048.0,0.5,False,3682568159
0,12,2,0.0,-0.81358,0.0,0.0,0.120636,0.2255859375,0.00439453125,0.00022812829030037333,797,Ceiling,31,0.007568359375,0.15901297197115347,2048.0,0.5,False,3682568159
0,12,2,0.0,-0.81358,0.0,0.0,0.120636,0.2255859375,0.00439453125,0.00022812829030037333,797,Ceiling,40,0.009765625,0.1923189019756293,2048.0,0.5,False,3682568159
0,12,2,0.0,-0.81358,0.0,0.0,0.120636,0.2255859375,0.00439453125,0.00022812829030037333,797,Ceiling,52,0.0126953125,0.23077615293195056,2048.0,0.5,False,3682568159
0,12,2,0.0,-0.81358,0.0,0.0,0.120636,0.2255859375,0.00439453125,0.00022812829030037333,797,Ceiling,67,0.016357421875,0.27446105396601106,2048.0,0.5,False,3682568159
0,12,2,0.0,-0.81358,0.0,0.0,0.120636,0.2255859375,0.00439453125,0.00022812829030037333,797,Ceiling,87,0.021240234375,0.32505712436016104,2048.0,0.5,False,3682568159
0,12,2,0.0,-0.81358,0.0,0.0,0.120636,0.2255859375,0.00439453125,0.00022812829030037333,797,Ceiling,114,0.02783203125,0.3856963604674111,2048.0,0.5,False,3682568159
0,12,2,0.0,-0.81358,0.0,0.0,0.120636,0.2255859375,0.00439453125,0.00022812829030037333,797,Ceiling,148,0.0361328125,0.4477156810193787,2048.0,0.5,False,3682568159
0,12,2,0.0,-0.81358,0.0,0.0,0.120636,0.2255859375,0.00439453125,0.00022812829030037333,797,Ceiling,192,0.046875,0.521287521548561,2048.0,0.5,False,3682568159
0,12,2,0.0,-0.81358,0.0,0.0,0.120636,0.2255859375,0.00439453125,0.00022812829030037333,797,Ceiling,250,0.06103515625,0.6046577309495756,2048.0,0.5,False,3682568159
0,12,2,0.0,-0.81358,0.0,0.0,0.120636,0.2255859375,0.00439453125,0.00022812829030037333,797,Ceiling,325,0.079345703125,0.6982420630238685,2048.0,0.5,False,3682568159
0,12,2,0.0,-0.81358,0.0,0.0,0.120636,0.2255859375,0.00439453125,0.00022812829030037333,797,Ceiling,423,0.103271484375,0.7966348093308425,2048.0,0.5,False,3682568159
0,12,2,0.0,-0.81358,0.0,0.0,0.120636,0.2255859375,0.00439453125,0.00022812829030037333,797,Ceiling,550,0.13427734375,0.8920760465222999,2048.0,0.5,False,3682568159
0,12,2,0.0,-0.81358,0.0,0.0,0.120636,0.2255859375,0.00439453125,0.00022812829030037333,797,Ceiling,715,0.174560546875,0.9646307105912851,2048.0,0.5,False,3682568159
0,12,2,0.0,-0.81358,0.0,0.0,0.120636,0.2255859375,0.00439453125,0.00022812829030037333,797,Ceiling,931,0.227294921875,1.0000000000000038,2048.0,0.5,False,3682568159
0,12,2,0.0,-0.81358,0.0,0.0,0.120636,0.2255859375,0.00439453125,0.00022812829030037333,797,Ceiling,1210,0.29541015625,1.0000000000000038,2048.0,0.5,False,3682568159
0,12,2,0.0,-0.81358,0.0,0.0,0.120636,0.2255859375,0.00439453125,0.00022812829030037333,797,Ceiling,1575,0.384521484375,1.0000000000000038,2048.0,0.5,False,3682568159
0,12,2,0.0,-0.81358,0.0,0.0,0.120636,0.2255859375,0.00439453125,0.00022812829030037333,797,Ceiling,2048,0.5,1.0000000000000038,2048.0,0.5,False,3682568159
0,12,2,0.0,-0.81358,0.0,0.0,0.120636,0.2255859375,0.00439453125,0.0008720685015753073,3186,BARK,1,0.000244140625,0.0008720685015753073,924.0,0.2255859375,True,3682568159
0,12,2,0.0,-0.81358,0.0,0.0,0.120636,0.2255859375,0.00439453125,0.0008720685015753073,3186,BARK,2,0.00048828125,0.002518896063934068,924.0,0.2255859375,True,3682568159
0,12,2,0.0,-0.81358,0.0,0.0,0.120636,0.2255859375,0.00439453125,0.0008720685015753073,3186,BARK,3,0.000732421875,0.0037822754392028562,924.0,0.2255859375,True,3682568159
0,12,2,0.0,-0.81358,0.0,0.0,0.120636,0.2255859375,0.00439453125,0.0008720685015753073,3186,BARK,4,0.0009765625,0.004936438113852506,924.0,0.2255859375,True,3682568159
0,12,2,0.0,-0.81358,0.0,0.0,0.120636,0.2255859375,0.00439453125,0.0008720685015753073,3186,BARK,5,0.001220703125,0.005246933481192368,924.0,0.2255859375,True,3682568159
0,12,2,0.0,-0.81358,0.0,0.0,0.120636,0.2255859375,0.00439453125,0.0008720685015753073,3186,BARK,6,0.00146484375,0.006608016419470621,924.0,0.2255859375,True,3682568159
0,12,2,0.0,-0.81358,0.0,0.0,0.120636,0.2255859375,0.00439453125,0.0008720685015753073,3186,BARK,8,0.001953125,0.011262099328911609,924.0,0.2255859375,True,3682568159
0,12,2,0.0,-0.81358,0.0,0.0,0.120636,0.2255859375,0.00439453125,0.0008720685015753073,3186,BARK,11,0.002685546875,0.012227521181219154,924.0,0.2255859375,True,3682568159
0,12,2,0.0,-0.81358,0.0,0.0,0.120636,0.2255859375,0.00439453125,0.0008720685015753073,3186,BARK,14,0.00341796875,0.014562561377815222,924.0,0.2255859375,True,3682568159
0,12,2,0.0,-0.81358,0.0,0.0,0.120636,0.2255859375,0.00439453125,0.0008720685015753073,3186,BARK,18,0.00439453125,0.01843082433074422,924.0,0.2255859375,True,3682568159
0,12,2,0.0,-0.81358,0.0,0.0,0.120636,0.2255859375,0.00439453125,0.0008720685015753073,3186,BARK,23,0.005615234375,0.025675908512282016,924.0,0.2255859375,True,3682568159
0,12,2,0.0,-0.81358,0.0,0.0,0.120636,0.2255859375,0.00439453125,0.0008720685015753073,3186,BARK,31,0.007568359375,0.03401640706777967,924.0,0.2255859375,True,3682568159
0,12,2,0.0,-0.81358,0.0,0.0,0.120636,0.2255859375,0.00439453125,0.0008720685015753073,3186,BARK,40,0.009765625,0.04593816213972291,924.0,0.2255859375,True,3682568159
0,12,2,0.0,-0.81358,0.0,0.0,0.120636,0.2255859375,0.00439453125,0.0008720685015753073,3186,BARK,52,0.0126953125,0.06869953308352568,924.0,0.2255859375,True,3682568159
0,12,2,0.0,-0.81358,0.0,0.0,0.120636,0.2255859375,0.00439453125,0.0008720685015753073,3186,BARK,67,0.016357421875,0.08758904147196271,924.0,0.2255859375,True,3682568159
0,12,2,0.0,-0.81358,0.0,0.0,0.120636,0.2255859375,0.00439453125,0.0008720685015753073,3186,BARK,87,0.021240234375,0.10629711431015497,924.0,0.2255859375,True,3682568159
0,12,2,0.0,-0.81358,0.0,0.0,0.120636,0.2255859375,0.00439453125,0.0008720685015753073,3186,BARK,114,0.02783203125,0.13705796348679694,924.0,0.2255859375,True,3682568159
0,12,2,0.0,-0.81358,0.0,0.0,0.120636,0.2255859375,0.00439453125,0.0008720685015753073,3186,BARK,148,0.0361328125,0.1829777393140598,924.0,0.2255859375,True,3682568159
0,12,2,0.0,-0.81358,0.0,0.0,0.120636,0.2255859375,0.00439453125,0.0008720685015753073,3186,BARK,192,0.046875,0.24148166344987584,924.0,0.2255859375,True,3682568159
0,12,2,0.0,-0.81358,0.0,0.0,0.120636,0.2255859375,0.00439453125,0.0008720685015753073,3186,BARK,250,0.06103515625,0.3233955199206368,924.0,0.2255859375,True,3682568159
0,12,2,0.0,-0.81358,0.0,0.0,0.120636,0.2255859375,0.00439453125,0.0008720685015753073,3186,BARK,325,0.079345703125,0.4002715633919925,924.0,0.2255859375,True,3682568159
0,12,2,0.0,-0.81358,0.0,0.0,0.120636,0.2255859375,0.00439453125,0.0008720685015753073,3186,BARK,423,0.103271484375,0.54861201954347,924.0,0.2255859375,True,3682568159
0,12,2,0.0,-0.81358,0.0,0.0,0.120636,0.2255859375,0.00439453125,0.0008720685015753073,3186,BARK,550,0.13427734375,0.6991354017980776,924.0,0.2255859375,True,3682568159
0,12,2,0.0,-0.81358,0.0,0.0,0.120636,0.2255859375,0.00439453125,0.0008720685015753073,3186,BARK,715,0.174560546875,0.8818718350760176,924.0,0.2255859375,True,3682568159
0,12,2,0.0,-0.81358,0.0,0.0,0.120636,0.2255859375,0.00439453125,0.0008720685015753073,3186,BARK,931,0.227294921875,1.0000000000000004,924.0,0.2255859375,True,3682568159
0,12,2,0.0,-0.81358,0.0,0.0,0.120636,0.2255859375,0.00439453125,0.0008720685015753073,3186,BARK,1210,0.29541015625,1.0000000000000004,924.0,0.2255859375,True,3682568159
0,12,2,0.0,-0.81358,0.0,0.0,0.120636,0.2255859375,0.00439453125,0.0008720685015753073,3186,BARK,1575,0.384521484375,1.0000000000000004,924.0,0.2255859375,True,3682568159
0,12,2,0.0,-0.81358,0.0,0.0,0.120636,0.2255859375,0.00439453125,0.0008720685015753073,3186,BARK,2048,0.5,1.0000000000000004,924.0,0.2255859375,True,3682568159
0,12,2,0.0,-0.81358,0.0,0.0,0.120636,0.2255859375,0.00439453125,0.0008720685015753073,3186,Simplified BARK,1,0.000244140625,0.0008720685015753073,924.0,0.2255859375,True,3682568159
0,12,2,0.0,-0.81358,0.0,0.0,0.120636,0.2255859375,0.00439453125,0.0008720685015753073,3186,Simplified BARK,2,0.00048828125,0.002518896063934068,924.0,0.2255859375,True,3682568159
0,12,2,0.0,-0.81358,0.0,0.0,0.120636,0.2255859375,0.00439453125,0.0008720685015753073,3186,Simplified BARK,3,0.000732421875,0.0037822754392028562,924.0,0.2255859375,True,3682568159
0,12,2,0.0,-0.81358,0.0,0.0,0.120636,0.2255859375,0.00439453125,0.0008720685015753073,3186,Simplified BARK,4,0.0009765625,0.004546318961068812,924.0,0.2255859375,True,3682568159
0,12,2,0.0,-0.81358,0.0,0.0,0.120636,0.2255859375,0.00439453125,0.0008720685015753073,3186,Simplified BARK,5,0.001220703125,0.00506875741000024,924.0,0.2255859375,True,3682568159
0,12,2,0.0,-0.81358,0.0,0.0,0.120636,0.2255859375,0.00439453125,0.0008720685015753073,3186,Simplified BARK,6,0.00146484375,0.005117039609956077,924.0,0.2255859375,True,3682568159
0,12,2,0.0,-0.81358,0.0,0.0,0.120636,0.2255859375,0.00439453125,0.0008720685015753073,3186,Simplified BARK,8,0.001953125,0.004631607166686195,924.0,0.2255859375,True,3682568159
0,12,2,0.0,-0.81358,0.0,0.0,0.120636,0.2255859375,0.00439453125,0.0008720685015753073,3186,Simplified BARK,11,0.002685546875,0.002608748225940682,924.0,0.2255859375,True,3682568159
0,12,2,0.0,-0.81358,0.0,0.0,0.120636,0.2255859375,0.00439453125,0.0008720685015753073,3186,Simplified BARK,14,0.00341796875,0.0014976069055612415,924.0,0.2255859375,True,3682568159
0,12,2,0.0,-0.81358,0.0,0.0,0.120636,0.2255859375,0.00439453125,0.0008720685015753073,3186,Simplified BARK,18,0.00439453125,0.0017961653613972315,924.0,0.2255859375,True,3682568159
0,12,2,0.0,-0.81358,0.0,0.0,0.120636,0.2255859375,0.00439453125,0.0008720685015753073,3186,Simplified BARK,23,0.005615234375,0.003165737755741609,924.0,0.2255859375,True,3682568159
0,12,2,0.0,-0.81358,0.0,0.0,0.120636,0.2255859375,0.00439453125,0.0008720685015753073,3186,Simplified BARK,31,0.007568359375,0.005416568274169848,924.0,0.2255859375,True,3682568159
0,12,2,0.0,-0.81358,0.0,0.0,0.120636,0.2255859375,0.00439453125,0.0008720685015753073,3186,Simplified BARK,40,0.009765625,0.008562453774653487,924.0,0.2255859375,True,3682568159
0,12,2,0.0,-0.81358,0.0,0.0,0.120636,0.2255859375,0.00439453125,0.0008720685015753073,3186,Simplified BARK,52,0.0126953125,0.012718424996074756,924.0,0.2255859375,True,3682568159
0,12,2,0.0,-0.81358,0.0,0.0,0.120636,0.2255859375,0.00439453125,0.0008720685015753073,3186,Simplified BARK,67,0.016357421875,0.020408001362085645,924.0,0.2255859375,True,3682568159
0,12,2,0.0,-0.81358,0.0,0.0,0.120636,0.2255859375,0.00439453125,0.0008720685015753073,3186,Simplified BARK,87,0.021240234375,0.04315344200550905,924.0,0.2255859375,True,3682568159
0,12,2,0.0,-0.81358,0.0,0.0,0.120636,0.2255859375,0.00439453125,0.0008720685015753073,3186,Simplified BARK,114,0.02783203125,0.054085210610903926,924.0,0.2255859375,True,3682568159
0,12,2,0.0,-0.81358,0.0,0.0,0.120636,0.2255859375,0.00439453125,0.0008720685015753073,3186,Simplified BARK,148,0.0361328125,0.09876350391133218,924.0,0.2255859375,True,3682568159
0,12,2,0.0,-0.81358,0.0,0.0,0.120636,0.2255859375,0.00439453125,0.0008720685015753073,3186,Simplified BARK,192,0.046875,0.11853410537412594,924.0,0.2255859375,True,3682568159
0,12,2,0.0,-0.81358,0.0,0.0,0.120636,0.2255859375,0.00439453125,0.0008720685015753073,3186,Simplified BARK,250,0.06103515625,0.17283717975555687,924.0,0.2255859375,True,3682568159
0,12,2,0.0,-0.81358,0.0,0.0,0.120636,0.2255859375,0.00439453125,0.0008720685015753073,3186,Simplified BARK,325,0.079345703125,0.28884858710925804,924.0,0.2255859375,True,3682568159
0,12,2,0.0,-0.81358,0.0,0.0,0.120636,0.2255859375,0.00439453125,0.0008720685015753073,3186,Simplified BARK,423,0.103271484375,0.43979437670596805,924.0,0.2255859375,True,3682568159
0,12,2,0.0,-0.81358,0.0,0.0,0.120636,0.2255859375,0.00439453125,0.0008720685015753073,3186,Simplified BARK,550,0.13427734375,0.5476845780365328,924.0,0.2255859375,True,3682568159
0,12,2,0.0,-0.81358,0.0,0.0,0.120636,0.2255859375,0.00439453125,0.0008720685015753073,3186,Simplified BARK,715,0.174560546875,0.8224150414595768,924.0,0.2255859375,True,3682568159
0,12,2,0.0,-0.81358,0.0,0.0,0.120636,0.2255859375,0.00439453125,0.0008720685015753073,3186,Simplified BARK,931,0.227294921875,1.0000000000000004,924.0,0.2255859375,True,3682568159
0,12,2,0.0,-0.81358,0.0,0.0,0.120636,0.2255859375,0.00439453125,0.0008720685015753073,3186,Simplified BARK,1210,0.29541015625,1.0000000000000004,924.0,0.2255859375,True,3682568159
0,12,2,0.0,-0.81358,0.0,0.0,0.120636,0.2255859375,0.00439453125,0.0008720685015753073,3186,Simplified BARK,1575,0.384521484375,1.0000000000000004,924.0,0.2255859375,True,3682568159
0,12,2,0.0,-0.81358,0.0,0.0,0.120636,0.2255859375,0.00439453125,0.0008720685015753073,3186,Simplified BARK,2048,0.5,1.0000000000000004,924.0,0.2255859375,True,3682568159
0,12,2,0.0,-0.81358,0.0,0.0,0.120636,0.2255859375,0.00439453125,0.0008720685015753073,3186,SKQD,1,0.000244140625,0.0008720685015753072,908.0,0.2216796875,True,3682568159
0,12,2,0.0,-0.81358,0.0,0.0,0.120636,0.2255859375,0.00439453125,0.0008720685015753073,3186,SKQD,2,0.00048828125,0.0008720685015753072,908.0,0.2216796875,True,3682568159
0,12,2,0.0,-0.81358,0.0,0.0,0.120636,0.2255859375,0.00439453125,0.0008720685015753073,3186,SKQD,3,0.000732421875,0.0008720685015753072,908.0,0.2216796875,True,3682568159
0,12,2,0.0,-0.81358,0.0,0.0,0.120636,0.2255859375,0.00439453125,0.0008720685015753073,3186,SKQD,4,0.0009765625,0.0008720685015753072,908.0,0.2216796875,True,3682568159
0,12,2,0.0,-0.81358,0.0,0.0,0.120636,0.2255859375,0.00439453125,0.0008720685015753073,3186,SKQD,5,0.001220703125,0.0008720685015753072,908.0,0.2216796875,True,3682568159
0,12,2,0.0,-0.81358,0.0,0.0,0.120636,0.2255859375,0.00439453125,0.0008720685015753073,3186,SKQD,6,0.00146484375,0.0008720685015753072,908.0,0.2216796875,True,3682568159
0,12,2,0.0,-0.81358,0.0,0.0,0.120636,0.2255859375,0.00439453125,0.0008720685015753073,3186,SKQD,8,0.001953125,0.0008720685015753072,908.0,0.2216796875,True,3682568159
0,12,2,0.0,-0.81358,0.0,0.0,0.120636,0.2255859375,0.00439453125,0.0008720685015753073,3186,SKQD,11,0.002685546875,0.0008720685015753072,908.0,0.2216796875,True,3682568159
0,12,2,0.0,-0.81358,0.0,0.0,0.120636,0.2255859375,0.00439453125,0.0008720685015753073,3186,SKQD,14,0.00341796875,0.0008720685015753072,908.0,0.2216796875,True,3682568159
0,12,2,0.0,-0.81358,0.0,0.0,0.120636,0.2255859375,0.00439453125,0.0008720685015753073,3186,SKQD,18,0.00439453125,0.0008720685015753072,908.0,0.2216796875,True,3682568159
0,12,2,0.0,-0.81358,0.0,0.0,0.120636,0.2255859375,0.00439453125,0.0008720685015753073,3186,SKQD,23,0.005615234375,0.0008720685015753072,908.0,0.2216796875,True,3682568159
0,12,2,0.0,-0.81358,0.0,0.0,0.120636,0.2255859375,0.00439453125,0.0008720685015753073,3186,SKQD,31,0.007568359375,0.0008720685015753072,908.0,0.2216796875,True,3682568159
0,12,2,0.0,-0.81358,0.0,0.0,0.120636,0.2255859375,0.00439453125,0.0008720685015753073,3186,SKQD,40,0.009765625,0.0008720685015753072,908.0,0.2216796875,True,3682568159
0,12,2,0.0,-0.81358,0.0,0.0,0.120636,0.2255859375,0.00439453125,0.0008720685015753073,3186,SKQD,52,0.0126953125,0.0008720685015753072,908.0,0.2216796875,True,3682568159
0,12,2,0.0,-0.81358,0.0,0.0,0.120636,0.2255859375,0.00439453125,0.0008720685015753073,3186,SKQD,67,0.016357421875,0.0008720685015753072,908.0,0.2216796875,True,3682568159
0,12,2,0.0,-0.81358,0.0,0.0,0.120636,0.2255859375,0.00439453125,0.0008720685015753073,3186,SKQD,87,0.021240234375,0.0008720685015753072,908.0,0.2216796875,True,3682568159
0,12,2,0.0,-0.81358,0.0,0.0,0.120636,0.2255859375,0.00439453125,0.0008720685015753073,3186,SKQD,114,0.02783203125,0.006367610329716405,908.0,0.2216796875,True,3682568159
0,12,2,0.0,-0.81358,0.0,0.0,0.120636,0.2255859375,0.00439453125,0.0008720685015753073,3186,SKQD,148,0.0361328125,0.006367610329716405,908.0,0.2216796875,True,3682568159
0,12,2,0.0,-0.81358,0.0,0.0,0.120636,0.2255859375,0.00439453125,0.0008720685015753073,3186,SKQD,192,0.046875,0.034678249980704096,908.0,0.2216796875,True,3682568159
0,12,2,0.0,-0.81358,0.0,0.0,0.120636,0.2255859375,0.00439453125,0.0008720685015753073,3186,SKQD,250,0.06103515625,0.12186986931477169,908.0,0.2216796875,True,3682568159
0,12,2,0.0,-0.81358,0.0,0.0,0.120636,0.2255859375,0.00439453125,0.0008720685015753073,3186,SKQD,325,0.079345703125,0.1721225424039359,908.0,0.2216796875,True,3682568159
0,12,2,0.0,-0.81358,0.0,0.0,0.120636,0.2255859375,0.00439453125,0.0008720685015753073,3186,SKQD,423,0.103271484375,0.30141637744031663,908.0,0.2216796875,True,3682568159
0,12,2,0.0,-0.81358,0.0,0.0,0.120636,0.2255859375,0.00439453125,0.0008720685015753073,3186,SKQD,550,0.13427734375,0.47168175954799746,908.0,0.2216796875,True,3682568159
0,12,2,0.0,-0.81358,0.0,0.0,0.120636,0.2255859375,0.00439453125,0.0008720685015753073,3186,SKQD,715,0.174560546875,0.7187733017575219,908.0,0.2216796875,True,3682568159
0,12,2,0.0,-0.81358,0.0,0.0,0.120636,0.2255859375,0.00439453125,0.0008720685015753073,3186,SKQD,931,0.227294921875,0.9755123964998945,908.0,0.2216796875,True,3682568159
0,12,2,0.0,-0.81358,0.0,0.0,0.120636,0.2255859375,0.00439453125,0.0008720685015753073,3186,SKQD,1210,0.29541015625,0.9755123964998945,908.0,0.2216796875,True,3682568159
0,12,2,0.0,-0.81358,0.0,0.0,0.120636,0.2255859375,0.00439453125,0.0008720685015753073,3186,SKQD,1575,0.384521484375,0.9755123964998945,908.0,0.2216796875,True,3682568159
0,12,2,0.0,-0.81358,0.0,0.0,0.120636,0.2255859375,0.00439453125,0.0008720685015753073,3186,SKQD,2048,0.5,0.9755123964998945,908.0,0.2216796875,True,3682568159
0,12,2,0.0,-0.81358,0.0,0.0,0.120636,0.2255859375,0.00439453125,0.0008720685015753073,3186,Ceiling,1,0.000244140625,0.010406537246220763,2048.0,0.5,False,3682568159
0,12,2,0.0,-0.81358,0.0,0.0,0.120636,0.2255859375,0.00439453125,0.0008720685015753073,3186,Ceiling,2,0.00048828125,0.020813074492441505,2048.0,0.5,False,3682568159
0,12,2,0.0,-0.81358,0.0,0.0,0.120636,0.2255859375,0.00439453125,0.0008720685015753073,3186,Ceiling,3,0.000732421875,0.027155224574584344,2048.0,0.5,False,3682568159
0,12,2,0.0,-0.81358,0.0,0.0,0.120636,0.2255859375,0.00439453125,0.0008720685015753073,3186,Ceiling,4,0.0009765625,0.03349737465672717,2048.0,0.5,False,3682568159
0,12,2,0.0,-0.81358,0.0,0.0,0.120636,0.2255859375,0.00439453125,0.0008720685015753073,3186,Ceiling,5,0.001220703125,0.038776366899863454,2048.0,0.5,False,3682568159
0,12,2,0.0,-0.81358,0.0,0.0,0.120636,0.2255859375,0.00439453125,0.0008720685015753073,3186,Ceiling,6,0.00146484375,0.04405535914299973,2048.0,0.5,False,3682568159
0,12,2,0.0,-0.81358,0.0,0.0,0.120636,0.2255859375,0.00439453125,0.0008720685015753073,3186,Ceiling,8,0.001953125,0.05461334362927229,2048.0,0.5,False,3682568159
0,12,2,0.0,-0.81358,0.0,0.0,0.120636,0.2255859375,0.00439453125,0.0008720685015753073,3186,Ceiling,11,0.002685546875,0.07045032035868111,2048.0,0.5,False,3682568159
0,12,2,0.0,-0.81358,0.0,0.0,0.120636,0.2255859375,0.00439453125,0.0008720685015753073,3186,Ceiling,14,0.00341796875,0.0850516454110783,2048.0,0.5,False,3682568159
0,12,2,0.0,-0.81358,0.0,0.0,0.120636,0.2255859375,0.00439453125,0.0008720685015753073,3186,Ceiling,18,0.00439453125,0.10369631102960011,2048.0,0.5,False,3682568159
0,12,2,0.0,-0.81358,0.0,0.0,0.120636,0.2255859375,0.00439453125,0.0008720685015753073,3186,Ceiling,23,0.005615234375,0.12564840793077608,2048.0,0.5,False,3682568159
0,12,2,0.0,-0.81358,0.0,0.0,0.120636,0.2255859375,0.00439453125,0.0008720685015753073,3186,Ceiling,31,0.007568359375,0.15901297197115347,2048.0,0.5,False,3682568159
0,12,2,0.0,-0.81358,0.0,0.0,0.120636,0.2255859375,0.00439453125,0.0008720685015753073,3186,Ceiling,40,0.009765625,0.1923189019756293,2048.0,0.5,False,3682568159
0,12,2,0.0,-0.81358,0.0,0.0,0.120636,0.2255859375,0.00439453125,0.0008720685015753073,3186,Ceiling,52,0.0126953125,0.23077615293195056,2048.0,0.5,False,3682568159
0,12,2,0.0,-0.81358,0.0,0.0,0.120636,0.2255859375,0.00439453125,0.0008720685015753073,3186,Ceiling,67,0.016357421875,0.27446105396601106,2048.0,0.5,False,3682568159
0,12,2,0.0,-0.81358,0.0,0.0,0.120636,0.2255859375,0.00439453125,0.0008720685015753073,3186,Ceiling,87,0.021240234375,0.32505712436016104,2048.0,0.5,False,3682568159
0,12,2,0.0,-0.81358,0.0,0.0,0.120636,0.2255859375,0.00439453125,0.0008720685015753073,3186,Ceiling,114,0.02783203125,0.3856963604674111,2048.0,0.5,False,3682568159
0,12,2,0.0,-0.81358,0.0,0.0,0.120636,0.2255859375,0.00439453125,0.0008720685015753073,3186,Ceiling,148,0.0361328125,0.4477156810193787,2048.0,0.5,False,3682568159
0,12,2,0.0,-0.81358,0.0,0.0,0.120636,0.2255859375,0.00439453125,0.0008720685015753073,3186,Ceiling,192,0.046875,0.521287521548561,2048.0,0.5,False,3682568159
0,12,2,0.0,-0.81358,0.0,0.0,0.120636,0.2255859375,0.00439453125,0.0008720685015753073,3186,Ceiling,250,0.06103515625,0.6046577309495756,2048.0,0.5,False,3682568159
0,12,2,0.0,-0.81358,0.0,0.0,0.120636,0.2255859375,0.00439453125,0.0008720685015753073,3186,Ceiling,325,0.079345703125,0.6982420630238685,2048.0,0.5,False,3682568159
0,12,2,0.0,-0.81358,0.0,0.0,0.120636,0.2255859375,0.00439453125,0.0008720685015753073,3186,Ceiling,423,0.103271484375,0.7966348093308425,2048.0,0.5,False,3682568159
0,12,2,0.0,-0.81358,0.0,0.0,0.120636,0.2255859375,0.00439453125,0.0008720685015753073,3186,Ceiling,550,0.13427734375,0.8920760465222999,2048.0,0.5,False,3682568159
0,12,2,0.0,-0.81358,0.0,0.0,0.120636,0.2255859375,0.00439453125,0.0008720685015753073,3186,Ceiling,715,0.174560546875,0.9646307105912851,2048.0,0.5,False,3682568159
0,12,2,0.0,-0.81358,0.0,0.0,0.120636,0.2255859375,0.00439453125,0.0008720685015753073,3186,Ceiling,931,0.227294921875,1.0000000000000038,2048.0,0.5,False,3682568159
0,12,2,0.0,-0.81358,0.0,0.0,0.120636,0.2255859375,0.00439453125,0.0008720685015753073,3186,Ceiling,1210,0.29541015625,1.0000000000000038,2048.0,0.5,False,3682568159
0,12,2,0.0,-0.81358,0.0,0.0,0.120636,0.2255859375,0.00439453125,0.0008720685015753073,3186,Ceiling,1575,0.384521484375,1.0000000000000038,2048.0,0.5,False,3682568159
0,12,2,0.0,-0.81358,0.0,0.0,0.120636,0.2255859375,0.00439453125,0.0008720685015753073,3186,Ceiling,2048,0.5,1.0000000000000038,2048.0,0.5,False,3682568159
0,12,2,0.0,-0.81358,0.0,0.0,0.120636,0.2255859375,0.00439453125,0.0016929534557444078,1310,BARK,1,0.000244140625,0.0016929534557444078,924.0,0.2255859375,True,3682568159
0,12,2,0.0,-0.81358,0.0,0.0,0.120636,0.2255859375,0.00439453125,0.0016929534557444078,1310,BARK,2,0.00048828125,0.002116395372492417,924.0,0.2255859375,True,3682568159
0,12,2,0.0,-0.81358,0.0,0.0,0.120636,0.2255859375,0.00439453125,0.0016929534557444078,1310,BARK,3,0.000732421875,0.002000740184746949,924.0,0.2255859375,True,3682568159
0,12,2,0.0,-0.81358,0.0,0.0,0.120636,0.2255859375,0.00439453125,0.0016929534557444078,1310,BARK,4,0.0009765625,0.0024750376738254076,924.0,0.2255859375,True,3682568159
0,12,2,0.0,-0.81358,0.0,0.0,0.120636,0.2255859375,0.00439453125,0.0016929534557444078,1310,BARK,5,0.001220703125,0.0027141571821205344,924.0,0.2255859375,True,3682568159
0,12,2,0.0,-0.81358,0.0,0.0,0.120636,0.2255859375,0.00439453125,0.0016929534557444078,1310,BARK,6,0.00146484375,0.003868710780713946,924.0,0.2255859375,True,3682568159
0,12,2,0.0,-0.81358,0.0,0.0,0.120636,0.2255859375,0.00439453125,0.0016929534557444078,1310,BARK,8,0.001953125,0.0041643984545125775,924.0,0.2255859375,True,3682568159
0,12,2,0.0,-0.81358,0.0,0.0,0.120636,0.2255859375,0.00439453125,0.0016929534557444078,1310,BARK,11,0.002685546875,0.004489651943408738,924.0,0.2255859375,True,3682568159
0,12,2,0.0,-0.81358,0.0,0.0,0.120636,0.2255859375,0.00439453125,0.0016929534557444078,1310,BARK,14,0.00341796875,0.0043935011087893085,924.0,0.2255859375,True,3682568159
0,12,2,0.0,-0.81358,0.0,0.0,0.120636,0.2255859375,0.00439453125,0.0016929534557444078,1310,BARK,18,0.00439453125,0.006506519141829719,924.0,0.2255859375,True,3682568159
0,12,2,0.0,-0.81358,0.0,0.0,0.120636,0.2255859375,0.00439453125,0.0016929534557444078,1310,BARK,23,0.005615234375,0.01225771241698488,924.0,0.2255859375,True,3682568159
0,12,2,0.0,-0.81358,0.0,0.0,0.120636,0.2255859375,0.00439453125,0.0016929534557444078,1310,BARK,31,0.007568359375,0.018947225788634368,924.0,0.2255859375,True,3682568159
0,12,2,0.0,-0.81358,0.0,0.0,0.120636,0.2255859375,0.00439453125,0.0016929534557444078,1310,BARK,40,0.009765625,0.031231975660623423,924.0,0.2255859375,True,3682568159
0,12,2,0.0,-0.81358,0.0,0.0,0.120636,0.2255859375,0.00439453125,0.0016929534557444078,1310,BARK,52,0.0126953125,0.04037752678852128,924.0,0.2255859375,True,3682568159
0,12,2,0.0,-0.81358,0.0,0.0,0.120636,0.2255859375,0.00439453125,0.0016929534557444078,1310,BARK,67,0.016357421875,0.054693155446764785,924.0,0.2255859375,True,3682568159
0,12,2,0.0,-0.81358,0.0,0.0,0.120636,0.2255859375,0.00439453125,0.0016929534557444078,1310,BARK,87,0.021240234375,0.07989881660175321,924.0,0.2255859375,True,3682568159
0,12,2,0.0,-0.81358,0.0,0.0,0.120636,0.2255859375,0.00439453125,0.0016929534557444078,1310,BARK,114,0.02783203125,0.12760271462391384,924.0,0.2255859375,True,3682568159
0,12,2,0.0,-0.81358,0.0,0.0,0.120636,0.2255859375,0.00439453125,0.0016929534557444078,1310,BARK,148,0.0361328125,0.15451522738817802,924.0,0.2255859375,True,3682568159
0,12,2,0.0,-0.81358,0.0,0.0,0.120636,0.2255859375,0.00439453125,0.0016929534557444078,1310,BARK,192,0.046875,0.2268774531188842,924.0,0.2255859375,True,3682568159
0,12,2,0.0,-0.81358,0.0,0.0,0.120636,0.2255859375,0.00439453125,0.0016929534557444078,1310,BARK,250,0.06103515625,0.2781411977565869,924.0,0.2255859375,True,3682568159
0,12,2,0.0,-0.81358,0.0,0.0,0.120636,0.2255859375,0.00439453125,0.0016929534557444078,1310,BARK,325,0.079345703125,0.38425729786235224,924.0,0.2255859375,True,3682568159
0,12,2,0.0,-0.81358,0.0,0.0,0.120636,0.2255859375,0.00439453125,0.0016929534557444078,1310,BARK,423,0.103271484375,0.5361675300666404,924.0,0.2255859375,True,3682568159
0,12,2,0.0,-0.81358,0.0,0.0,0.120636,0.2255859375,0.00439453125,0.0016929534557444078,1310,BARK,550,0.13427734375,0.6944792852549082,924.0,0.2255859375,True,3682568159
0,12,2,0.0,-0.81358,0.0,0.0,0.120636,0.2255859375,0.00439453125,0.0016929534557444078,1310,BARK,715,0.174560546875,0.8656348079228928,924.0,0.2255859375,True,3682568159
0,12,2,0.0,-0.81358,0.0,0.0,0.120636,0.2255859375,0.00439453125,0.0016929534557444078,1310,BARK,931,0.227294921875,1.0000000000000004,924.0,0.2255859375,True,3682568159
0,12,2,0.0,-0.81358,0.0,0.0,0.120636,0.2255859375,0.00439453125,0.0016929534557444078,1310,BARK,1210,0.29541015625,1.0000000000000004,924.0,0.2255859375,True,3682568159
0,12,2,0.0,-0.81358,0.0,0.0,0.120636,0.2255859375,0.00439453125,0.0016929534557444078,1310,BARK,1575,0.384521484375,1.0000000000000004,924.0,0.2255859375,True,3682568159
0,12,2,0.0,-0.81358,0.0,0.0,0.120636,0.2255859375,0.00439453125,0.0016929534557444078,1310,BARK,2048,0.5,1.0000000000000004,924.0,0.2255859375,True,3682568159
0,12,2,0.0,-0.81358,0.0,0.0,0.120636,0.2255859375,0.00439453125,0.0016929534557444078,1310,Simplified BARK,1,0.000244140625,0.0016929534557444078,924.0,0.2255859375,True,3682568159
0,12,2,0.0,-0.81358,0.0,0.0,0.120636,0.2255859375,0.00439453125,0.0016929534557444078,1310,Simplified BARK,2,0.00048828125,0.002116395372492417,924.0,0.2255859375,True,3682568159
0,12,2,0.0,-0.81358,0.0,0.0,0.120636,0.2255859375,0.00439453125,0.0016929534557444078,1310,Simplified BARK,3,0.000732421875,0.002000740184746949,924.0,0.2255859375,True,3682568159
0,12,2,0.0,-0.81358,0.0,0.0,0.120636,0.2255859375,0.00439453125,0.0016929534557444078,1310,Simplified BARK,4,0.0009765625,0.0018818022080638987,924.0,0.2255859375,True,3682568159
0,12,2,0.0,-0.81358,0.0,0.0,0.120636,0.2255859375,0.00439453125,0.0016929534557444078,1310,Simplified BARK,5,0.001220703125,0.0016676179870786,924.0,0.2255859375,True,3682568159
0,12,2,0.0,-0.81358,0.0,0.0,0.120636,0.2255859375,0.00439453125,0.0016929534557444078,1310,Simplified BARK,6,0.00146484375,0.0015416957535833353,924.0,0.2255859375,True,3682568159
0,12,2,0.0,-0.81358,0.0,0.0,0.120636,0.2255859375,0.00439453125,0.0016929534557444078,1310,Simplified BARK,8,0.001953125,0.0012877130789741042,924.0,0.2255859375,True,3682568159
0,12,2,0.0,-0.81358,0.0,0.0,0.120636,0.2255859375,0.00439453125,0.0016929534557444078,1310,Simplified BARK,11,0.002685546875,0.001439119936771871,924.0,0.2255859375,True,3682568159
0,12,2,0.0,-0.81358,0.0,0.0,0.120636,0.2255859375,0.00439453125,0.0016929534557444078,1310,Simplified BARK,14,0.00341796875,0.0016179605778756589,924.0,0.2255859375,True,3682568159
0,12,2,0.0,-0.81358,0.0,0.0,0.120636,0.2255859375,0.00439453125,0.0016929534557444078,1310,Simplified BARK,18,0.00439453125,0.002621101383811363,924.0,0.2255859375,True,3682568159
0,12,2,0.0,-0.81358,0.0,0.0,0.120636,0.2255859375,0.00439453125,0.0016929534557444078,1310,Simplified BARK,23,0.005615234375,0.003813519623147576,924.0,0.2255859375,True,3682568159
0,12,2,0.0,-0.81358,0.0,0.0,0.120636,0.2255859375,0.00439453125,0.0016929534557444078,1310,Simplified BARK,31,0.007568359375,0.007975173786072601,924.0,0.2255859375,True,3682568159
0,12,2,0.0,-0.81358,0.0,0.0,0.120636,0.2255859375,0.00439453125,0.0016929534557444078,1310,Simplified BARK,40,0.009765625,0.008766203337389976,924.0,0.2255859375,True,3682568159
0,12,2,0.0,-0.81358,0.0,0.0,0.120636,0.2255859375,0.00439453125,0.0016929534557444078,1310,Simplified BARK,52,0.0126953125,0.0141445974873307,924.0,0.2255859375,True,3682568159
0,12,2,0.0,-0.81358,0.0,0.0,0.120636,0.2255859375,0.00439453125,0.0016929534557444078,1310,Simplified BARK,67,0.016357421875,0.02297197903451755,924.0,0.2255859375,True,3682568159
0,12,2,0.0,-0.81358,0.0,0.0,0.120636,0.2255859375,0.00439453125,0.0016929534557444078,1310,Simplified BARK,87,0.021240234375,0.04329863116702219,924.0,0.2255859375,True,3682568159
0,12,2,0.0,-0.81358,0.0,0.0,0.120636,0.2255859375,0.00439453125,0.0016929534557444078,1310,Simplified BARK,114,0.02783203125,0.0560589225443189,924.0,0.2255859375,True,3682568159
0,12,2,0.0,-0.81358,0.0,0.0,0.120636,0.2255859375,0.00439453125,0.0016929534557444078,1310,Simplified BARK,148,0.0361328125,0.09896677076730248,924.0,0.2255859375,True,3682568159
0,12,2,0.0,-0.81358,0.0,0.0,0.120636,0.2255859375,0.00439453125,0.0016929534557444078,1310,Simplified BARK,192,0.046875,0.11972452973034561,924.0,0.2255859375,True,3682568159
0,12,2,0.0,-0.81358,0.0,0.0,0.120636,0.2255859375,0.00439453125,0.0016929534557444078,1310,Simplified BARK,250,0.06103515625,0.17243980831002542,924.0,0.2255859375,True,3682568159
0,12,2,0.0,-0.81358,0.0,0.0,0.120636,0.2255859375,0.00439453125,0.0016929534557444078,1310,Simplified BARK,325,0.079345703125,0.29108581828132407,924.0,0.2255859375,True,3682568159
0,12,2,0.0,-0.81358,0.0,0.0,0.120636,0.2255859375,0.00439453125,0.0016929534557444078,1310,Simplified BARK,423,0.103271484375,0.43954582989649993,924.0,0.2255859375,True,3682568159
0,12,2,0.0,-0.81358,0.0,0.0,0.120636,0.2255859375,0.00439453125,0.0016929534557444078,1310,Simplified BARK,550,0.13427734375,0.5475931927215208,924.0,0.2255859375,True,3682568159
0,12,2,0.0,-0.81358,0.0,0.0,0.120636,0.2255859375,0.00439453125,0.0016929534557444078,1310,Simplified BARK,715,0.174560546875,0.8222269272393712,924.0,0.2255859375,True,3682568159
0,12,2,0.0,-0.81358,0.0,0.0,0.120636,0.2255859375,0.00439453125,0.0016929534557444078,1310,Simplified BARK,931,0.227294921875,1.0,924.0,0.2255859375,True,3682568159
0,12,2,0.0,-0.81358,0.0,0.0,0.120636,0.2255859375,0.00439453125,0.0016929534557444078,1310,Simplified BARK,1210,0.29541015625,1.0,924.0,0.2255859375,True,3682568159
0,12,2,0.0,-0.81358,0.0,0.0,0.120636,0.2255859375,0.00439453125,0.0016929534557444078,1310,Simplified BARK,1575,0.384521484375,1.0,924.0,0.2255859375,True,3682568159
0,12,2,0.0,-0.81358,0.0,0.0,0.120636,0.2255859375,0.00439453125,0.0016929534557444078,1310,Simplified BARK,2048,0.5,1.0,924.0,0.2255859375,True,3682568159
0,12,2,0.0,-0.81358,0.0,0.0,0.120636,0.2255859375,0.00439453125,0.0016929534557444078,1310,SKQD,1,0.000244140625,0.0016929534557444078,909.3333333333334,0.22200520833333334,True,3682568159
0,12,2,0.0,-0.81358,0.0,0.0,0.120636,0.2255859375,0.00439453125,0.0016929534557444078,1310,SKQD,2,0.00048828125,0.0016929534557444078,909.3333333333334,0.22200520833333334,True,3682568159
0,12,2,0.0,-0.81358,0.0,0.0,0.120636,0.2255859375,0.00439453125,0.0016929534557444078,1310,SKQD,3,0.000732421875,0.0016929534557444078,909.3333333333334,0.22200520833333334,True,3682568159
0,12,2,0.0,-0.81358,0.0,0.0,0.120636,0.2255859375,0.00439453125,0.0016929534557444078,1310,SKQD,4,0.0009765625,0.0016929534557444078,909.3333333333334,0.22200520833333334,True,3682568159
0,12,2,0.0,-0.81358,0.0,0.0,0.120636,0.2255859375,0.00439453125,0.0016929534557444078,1310,SKQD,5,0.001220703125,0.0016929534557444078,909.3333333333334,0.22200520833333334,True,3682568159
0,12,2,0.0,-0.81358,0.0,0.0,0.120636,0.2255859375,0.00439453125,0.0016929534557444078,1310,SKQD,6,0.00146484375,0.0016929534557444078,909.3333333333334,0.22200520833333334,True,3682568159
0,12,2,0.0,-0.81358,0.0,0.0,0.120636,0.2255859375,0.00439453125,0.0016929534557444078,1310,SKQD,8,0.001953125,0.0016929534557444078,909.3333333333334,0.22200520833333334,True,3682568159
0,12,2,0.0,-0.81358,0.0,0.0,0.120636,0.2255859375,0.00439453125,0.0016929534557444078,1310,SKQD,11,0.002685546875,0.0016929534557444078,909.3333333333334,0.22200520833333334,True,3682568159
0,12,2,0.0,-0.81358,0.0,0.0,0.120636,0.2255859375,0.00439453125,0.0016929534557444078,1310,SKQD,14,0.00341796875,0.0016929534557444078,909.3333333333334,0.22200520833333334,True,3682568159
0,12,2,0.0,-0.81358,0.0,0.0,0.120636,0.2255859375,0.00439453125,0.0016929534557444078,1310,SKQD,18,0.00439453125,0.0016929534557444078,909.3333333333334,0.22200520833333334,True,3682568159
0,12,2,0.0,-0.81358,0.0,0.0,0.120636,0.2255859375,0.00439453125,0.0016929534557444078,1310,SKQD,23,0.005615234375,0.0016929534557444078,909.3333333333334,0.22200520833333334,True,3682568159
0,12,2,0.0,-0.81358,0.0,0.0,0.120636,0.2255859375,0.00439453125,0.0016929534557444078,1310,SKQD,31,0.007568359375,0.0016929534557444078,909.3333333333334,0.22200520833333334,True,3682568159
0,12,2,0.0,-0.81358,0.0,0.0,0.120636,0.2255859375,0.00439453125,0.0016929534557444078,1310,SKQD,40,0.009765625,0.0016929534557444078,909.3333333333334,0.22200520833333334,True,3682568159
0,12,2,0.0,-0.81358,0.0,0.0,0.120636,0.2255859375,0.00439453125,0.0016929534557444078,1310,SKQD,52,0.0126953125,0.0016929534557444078,909.3333333333334,0.22200520833333334,True,3682568159
0,12,2,0.0,-0.81358,0.0,0.0,0.120636,0.2255859375,0.00439453125,0.0016929534557444078,1310,SKQD,67,0.016357421875,0.0016929534557444078,909.3333333333334,0.22200520833333334,True,3682568159
0,12,2,0.0,-0.81358,0.0,0.0,0.120636,0.2255859375,0.00439453125,0.0016929534557444078,1310,SKQD,87,0.021240234375,0.024012151515618058,909.3333333333334,0.22200520833333334,True,3682568159
0,12,2,0.0,-0.81358,0.0,0.0,0.120636,0.2255859375,0.00439453125,0.0016929534557444078,1310,SKQD,114,0.02783203125,0.024012151515618058,909.3333333333334,0.22200520833333334,True,3682568159
0,12,2,0.0,-0.81358,0.0,0.0,0.120636,0.2255859375,0.00439453125,0.0016929534557444078,1310,SKQD,148,0.0361328125,0.03388863000741809,909.3333333333334,0.22200520833333334,True,3682568159
0,12,2,0.0,-0.81358,0.0,0.0,0.120636,0.2255859375,0.00439453125,0.0016929534557444078,1310,SKQD,192,0.046875,0.04839135979892545,909.3333333333334,0.22200520833333334,True,3682568159
0,12,2,0.0,-0.81358,0.0,0.0,0.120636,0.2255859375,0.00439453125,0.0016929534557444078,1310,SKQD,250,0.06103515625,0.08785044753146039,909.3333333333334,0.22200520833333334,True,3682568159
0,12,2,0.0,-0.81358,0.0,0.0,0.120636,0.2255859375,0.00439453125,0.0016929534557444078,1310,SKQD,325,0.079345703125,0.15778443602241987,909.3333333333334,0.22200520833333334,True,3682568159
0,12,2,0.0,-0.81358,0.0,0.0,0.120636,0.2255859375,0.00439453125,0.0016929534557444078,1310,SKQD,423,0.103271484375,0.3041835403507933,909.3333333333334,0.22200520833333334,True,3682568159
0,12,2,0.0,-0.81358,0.0,0.0,0.120636,0.2255859375,0.00439453125,0.0016929534557444078,1310,SKQD,550,0.13427734375,0.4448503769506309,909.3333333333334,0.22200520833333334,True,3682568159
0,12,2,0.0,-0.81358,0.0,0.0,0.120636,0.2255859375,0.00439453125,0.0016929534557444078,1310,SKQD,715,0.174560546875,0.7076280782050879,909.3333333333334,0.22200520833333334,True,3682568159
0,12,2,0.0,-0.81358,0.0,0.0,0.120636,0.2255859375,0.00439453125,0.0016929534557444078,1310,SKQD,931,0.227294921875,0.9855528180198898,909.3333333333334,0.22200520833333334,True,3682568159
0,12,2,0.0,-0.81358,0.0,0.0,0.120636,0.2255859375,0.00439453125,0.0016929534557444078,1310,SKQD,1210,0.29541015625,0.9855528180198898,909.3333333333334,0.22200520833333334,True,3682568159
0,12,2,0.0,-0.81358,0.0,0.0,0.120636,0.2255859375,0.00439453125,0.0016929534557444078,1310,SKQD,1575,0.384521484375,0.9855528180198898,909.3333333333334,0.22200520833333334,True,3682568159
0,12,2,0.0,-0.81358,0.0,0.0,0.120636,0.2255859375,0.00439453125,0.0016929534557444078,1310,SKQD,2048,0.5,0.9855528180198898,909.3333333333334,0.22200520833333334,True,3682568159
0,12,2,0.0,-0.81358,0.0,0.0,0.120636,0.2255859375,0.00439453125,0.0016929534557444078,1310,Ceiling,1,0.000244140625,0.010406537246220763,2048.0,0.5,False,3682568159
0,12,2,0.0,-0.81358,0.0,0.0,0.120636,0.2255859375,0.00439453125,0.0016929534557444078,1310,Ceiling,2,0.00048828125,0.020813074492441505,2048.0,0.5,False,3682568159
0,12,2,0.0,-0.81358,0.0,0.0,0.120636,0.2255859375,0.00439453125,0.0016929534557444078,1310,Ceiling,3,0.000732421875,0.027155224574584344,2048.0,0.5,False,3682568159
0,12,2,0.0,-0.81358,0.0,0.0,0.120636,0.2255859375,0.00439453125,0.0016929534557444078,1310,Ceiling,4,0.0009765625,0.03349737465672717,2048.0,0.5,False,3682568159
0,12,2,0.0,-0.81358,0.0,0.0,0.120636,0.2255859375,0.00439453125,0.0016929534557444078,1310,Ceiling,5,0.001220703125,0.038776366899863454,2048.0,0.5,False,3682568159
0,12,2,0.0,-0.81358,0.0,0.0,0.120636,0.2255859375,0.00439453125,0.0016929534557444078,1310,Ceiling,6,0.00146484375,0.04405535914299973,2048.0,0.5,False,3682568159
0,12,2,0.0,-0.81358,0.0,0.0,0.120636,0.2255859375,0.00439453125,0.0016929534557444078,1310,Ceiling,8,0.001953125,0.05461334362927229,2048.0,0.5,False,3682568159
0,12,2,0.0,-0.81358,0.0,0.0,0.120636,0.2255859375,0.00439453125,0.0016929534557444078,1310,Ceiling,11,0.002685546875,0.07045032035868111,2048.0,0.5,False,3682568159
0,12,2,0.0,-0.81358,0.0,0.0,0.120636,0.2255859375,0.00439453125,0.0016929534557444078,1310,Ceiling,14,0.00341796875,0.0850516454110783,2048.0,0.5,False,3682568159
0,12,2,0.0,-0.81358,0.0,0.0,0.120636,0.2255859375,0.00439453125,0.0016929534557444078,1310,Ceiling,18,0.00439453125,0.10369631102960011,2048.0,0.5,False,3682568159
0,12,2,0.0,-0.81358,0.0,0.0,0.120636,0.2255859375,0.00439453125,0.0016929534557444078,1310,Ceiling,23,0.005615234375,0.12564840793077608,2048.0,0.5,False,3682568159
0,12,2,0.0,-0.81358,0.0,0.0,0.120636,0.2255859375,0.00439453125,0.0016929534557444078,1310,Ceiling,31,0.007568359375,0.15901297197115347,2048.0,0.5,False,3682568159
0,12,2,0.0,-0.81358,0.0,0.0,0.120636,0.2255859375,0.00439453125,0.0016929534557444078,1310,Ceiling,40,0.009765625,0.1923189019756293,2048.0,0.5,False,3682568159
0,12,2,0.0,-0.81358,0.0,0.0,0.120636,0.2255859375,0.00439453125,0.0016929534557444078,1310,Ceiling,52,0.0126953125,0.23077615293195056,2048.0,0.5,False,3682568159
0,12,2,0.0,-0.81358,0.0,0.0,0.120636,0.2255859375,0.00439453125,0.0016929534557444078,1310,Ceiling,67,0.016357421875,0.27446105396601106,2048.0,0.5,False,3682568159
0,12,2,0.0,-0.81358,0.0,0.0,0.120636,0.2255859375,0.00439453125,0.0016929534557444078,1310,Ceiling,87,0.021240234375,0.32505712436016104,2048.0,0.5,False,3682568159
0,12,2,0.0,-0.81358,0.0,0.0,0.120636,0.2255859375,0.00439453125,0.0016929534557444078,1310,Ceiling,114,0.02783203125,0.3856963604674111,2048.0,0.5,False,3682568159
0,12,2,0.0,-0.81358,0.0,0.0,0.120636,0.2255859375,0.00439453125,0.0016929534557444078,1310,Ceiling,148,0.0361328125,0.4477156810193787,2048.0,0.5,False,3682568159
0,12,2,0.0,-0.81358,0.0,0.0,0.120636,0.2255859375,0.00439453125,0.0016929534557444078,1310,Ceiling,192,0.046875,0.521287521548561,2048.0,0.5,False,3682568159
0,12,2,0.0,-0.81358,0.0,0.0,0.120636,0.2255859375,0.00439453125,0.0016929534557444078,1310,Ceiling,250,0.06103515625,0.6046577309495756,2048.0,0.5,False,3682568159
0,12,2,0.0,-0.81358,0.0,0.0,0.120636,0.2255859375,0.00439453125,0.0016929534557444078,1310,Ceiling,325,0.079345703125,0.6982420630238685,2048.0,0.5,False,3682568159
0,12,2,0.0,-0.81358,0.0,0.0,0.120636,0.2255859375,0.00439453125,0.0016929534557444078,1310,Ceiling,423,0.103271484375,0.7966348093308425,2048.0,0.5,False,3682568159
0,12,2,0.0,-0.81358,0.0,0.0,0.120636,0.2255859375,0.00439453125,0.0016929534557444078,1310,Ceiling,550,0.13427734375,0.8920760465222999,2048.0,0.5,False,3682568159
0,12,2,0.0,-0.81358,0.0,0.0,0.120636,0.2255859375,0.00439453125,0.0016929534557444078,1310,Ceiling,715,0.174560546875,0.9646307105912851,2048.0,0.5,False,3682568159
0,12,2,0.0,-0.81358,0.0,0.0,0.120636,0.2255859375,0.00439453125,0.0016929534557444078,1310,Ceiling,931,0.227294921875,1.0000000000000038,2048.0,0.5,False,3682568159
0,12,2,0.0,-0.81358,0.0,0.0,0.120636,0.2255859375,0.00439453125,0.0016929534557444078,1310,Ceiling,1210,0.29541015625,1.0000000000000038,2048.0,0.5,False,3682568159
0,12,2,0.0,-0.81358,0.0,0.0,0.120636,0.2255859375,0.00439453125,0.0016929534557444078,1310,Ceiling,1575,0.384521484375,1.0000000000000038,2048.0,0.5,False,3682568159
0,12,2,0.0,-0.81358,0.0,0.0,0.120636,0.2255859375,0.00439453125,0.0016929534557444078,1310,Ceiling,2048,0.5,1.0000000000000038,2048.0,0.5,False,3682568159
8,12,2,0.0,0.039924,0.0,0.0,-0.550025,0.000244140625,0.00439453125,1.0,4095,BARK,1,0.000244140625,1.0,1.0,0.000244140625,True,451652010
8,12,2,0.0,0.039924,0.0,0.0,-0.550025,0.000244140625,0.00439453125,1.0,4095,BARK,2,0.00048828125,1.0,1.0,0.000244140625,True,451652010
8,12,2,0.0,0.039924,0.0,0.0,-0.550025,0.000244140625,0.00439453125,1.0,4095,BARK,3,0.000732421875,1.0,1.0,0.000244140625,True,451652010
8,12,2,0.0,0.039924,0.0,0.0,-0.550025,0.000244140625,0.00439453125,1.0,4095,BARK,4,0.0009765625,1.0,1.0,0.000244140625,True,451652010
8,12,2,0.0,0.039924,0.0,0.0,-0.550025,0.000244140625,0.00439453125,1.0,4095,BARK,5,0.001220703125,1.0,1.0,0.000244140625,True,451652010
8,12,2,0.0,0.039924,0.0,0.0,-0.550025,0.000244140625,0.00439453125,1.0,4095,BARK,6,0.00146484375,1.0,1.0,0.000244140625,True,451652010
8,12,2,0.0,0.039924,0.0,0.0,-0.550025,0.000244140625,0.00439453125,1.0,4095,BARK,8,0.001953125,1.0,1.0,0.000244140625,True,451652010
8,12,2,0.0,0.039924,0.0,0.0,-0.550025,0.000244140625,0.00439453125,1.0,4095,BARK,11,0.002685546875,1.0,1.0,0.000244140625,True,451652010
8,12,2,0.0,0.039924,0.0,0.0,-0.550025,0.000244140625,0.00439453125,1.0,4095,BARK,14,0.00341796875,1.0,1.0,0.000244140625,True,451652010
8,12,2,0.0,0.039924,0.0,0.0,-0.550025,0.000244140625,0.00439453125,1.0,4095,BARK,18,0.00439453125,1.0,1.0,0.000244140625,True,451652010
8,12,2,0.0,0.039924,0.0,0.0,-0.550025,0.000244140625,0.00439453125,1.0,4095,BARK,23,0.005615234375,1.0,1.0,0.000244140625,True,451652010
8,12,2,0.0,0.039924,0.0,0.0,-0.550025,0.000244140625,0.00439453125,1.0,4095,BARK,31,0.007568359375,1.0,1.0,0.000244140625,True,451652010
8,12,2,0.0,0.039924,0.0,0.0,-0.550025,0.000244140625,0.00439453125,1.0,4095,BARK,40,0.009765625,1.0,1.0,0.000244140625,True,451652010
8,12,2,0.0,0.039924,0.0,0.0,-0.550025,0.000244140625,0.00439453125,1.0,4095,BARK,52,0.0126953125,1.0,1.0,0.000244140625,True,451652010
8,12,2,0.0,0.039924,0.0,0.0,-0.550025,0.000244140625,0.00439453125,1.0,4095,BARK,67,0.016357421875,1.0,1.0,0.000244140625,True,451652010
8,12,2,0.0,0.039924,0.0,0.0,-0.550025,0.000244140625,0.00439453125,1.0,4095,BARK,87,0.021240234375,1.0,1.0,0.000244140625,True,451652010
8,12,2,0.0,0.039924,0.0,0.0,-0.550025,0.000244140625,0.00439453125,1.0,4095,BARK,114,0.02783203125,1.0,1.0,0.000244140625,True,451652010
8,12,2,0.0,0.039924,0.0,0.0,-0.550025,0.000244140625,0.00439453125,1.0,4095,BARK,148,0.0361328125,1.0,1.0,0.000244140625,True,451652010
8,12,2,0.0,0.039924,0.0,0.0,-0.550025,0.000244140625,0.00439453125,1.0,4095,BARK,192,0.046875,1.0,1.0,0.000244140625,True,451652010
8,12,2,0.0,0.039924,0.0,0.0,-0.550025,0.000244140625,0.00439453125,1.0,4095,BARK,250,0.06103515625,1.0,1.0,0.000244140625,True,451652010
8,12,2,0.0,0.039924,0.0,0.0,-0.550025,0.000244140625,0.00439453125,1.0,4095,BARK,325,0.079345703125,1.0,1.0,0.000244140625,True,451652010
8,12,2,0.0,0.039924,0.0,0.0,-0.550025,0.000244140625,0.00439453125,1.0,4095,BARK,423,0.103271484375,1.0,1.0,0.000244140625,True,451652010
8,12,2,0.0,0.039924,0.0,0.0,-0.550025,0.000244140625,0.00439453125,1.0,4095,BARK,550,0.13427734375,1.0,1.0,0.000244140625,True,451652010
8,12,2,0.0,0.039924,0.0,0.0,-0.550025,0.000244140625,0.00439453125,1.0,4095,BARK,715,0.174560546875,1.0,1.0,0.000244140625,True,451652010
8,12,2,0.0,0.039924,0.0,0.0,-0.550025,0.000244140625,0.00439453125,1.0,4095,BARK,931,0.227294921875,1.0,1.0,0.000244140625,True,451652010
8,12,2,0.0,0.039924,0.0,0.0,-0.550025,0.000244140625,0.00439453125,1.0,4095,BARK,1210,0.29541015625,1.0,1.0,0.000244140625,True,451652010
8,12,2,0.0,0.039924,0.0,0.0,-0.550025,0.000244140625,0.00439453125,1.0,4095,BARK,1575,0.384521484375,1.0,1.0,0.000244140625,True,451652010
8,12,2,0.0,0.039924,0.0,0.0,-0.550025,0.000244140625,0.00439453125,1.0,4095,BARK,2048,0.5,1.0,1.0,0.000244140625,True,451652010
8,12,2,0.0,0.039924,0.0,0.0,-0.550025,0.000244140625,0.00439453125,1.0,4095,Simplified BARK,1,0.000244140625,1.0,1.0,0.000244140625,True,451652010
8,12,2,0.0,0.039924,0.0,0.0,-0.550025,0.000244140625,0.00439453125,1.0,4095,Simplified BARK,2,0.00048828125,1.0,1.0,0.000244140625,True,451652010
8,12,2,0.0,0.039924,0.0,0.0,-0.550025,0.000244140625,0.00439453125,1.0,4095,Simplified BARK,3,0.000732421875,1.0,1.0,0.000244140625,True,451652010
8,12,2,0.0,0.039924,0.0,0.0,-0.550025,0.000244140625,0.00439453125,1.0,4095,Simplified BARK,4,0.0009765625,1.0,1.0,0.000244140625,True,451652010
8,12,2,0.0,0.039924,0.0,0.0,-0.550025,0.000244140625,0.00439453125,1.0,4095,Simplified BARK,5,0.001220703125,1.0,1.0,0.000244140625,True,451652010
8,12,2,0.0,0.039924,0.0,0.0,-0.550025,0.000244140625,0.00439453125,1.0,4095,Simplified BARK,6,0.00146484375,1.0,1.0,0.000244140625,True,451652010
8,12,2,0.0,0.039924,0.0,0.0,-0.550025,0.000244140625,0.00439453125,1.0,4095,Simplified BARK,8,0.001953125,1.0,1.0,0.000244140625,True,451652010
8,12,2,0.0,0.039924,0.0,0.0,-0.550025,0.000244140625,0.00439453125,1.0,4095,Simplified BARK,11,0.002685546875,1.0,1.0,0.000244140625,True,451652010
8,12,2,0.0,0.039924,0.0,0.0,-0.550025,0.000244140625,0.00439453125,1.0,4095,Simplified BARK,14,0.00341796875,1.0,1.0,0.000244140625,True,451652010
8,12,2,0.0,0.039924,0.0,0.0,-0.550025,0.000244140625,0.00439453125,1.0,4095,Simplified BARK,18,0.00439453125,1.0,1.0,0.000244140625,True,451652010
8,12,2,0.0,0.039924,0.0,0.0,-0.550025,0.000244140625,0.00439453125,1.0,4095,Simplified BARK,23,0.005615234375,1.0,1.0,0.000244140625,True,451652010
8,12,2,0.0,0.039924,0.0,0.0,-0.550025,0.000244140625,0.00439453125,1.0,4095,Simplified BARK,31,0.007568359375,1.0,1.0,0.000244140625,True,451652010
8,12,2,0.0,0.039924,0.0,0.0,-0.550025,0.000244140625,0.00439453125,1.0,4095,Simplified BARK,40,0.009765625,1.0,1.0,0.000244140625,True,451652010
8,12,2,0.0,0.039924,0.0,0.0,-0.550025,0.000244140625,0.00439453125,1.0,4095,Simplified BARK,52,0.0126953125,1.0,1.0,0.000244140625,True,451652010
8,12,2,0.0,0.039924,0.0,0.0,-0.550025,0.000244140625,0.00439453125,1.0,4095,Simplified BARK,67,0.016357421875,1.0,1.0,0.000244140625,True,451652010
8,12,2,0.0,0.039924,0.0,0.0,-0.550025,0.000244140625,0.00439453125,1.0,4095,Simplified BARK,87,0.021240234375,1.0,1.0,0.000244140625,True,451652010
8,12,2,0.0,0.039924,0.0,0.0,-0.550025,0.000244140625,0.00439453125,1.0,4095,Simplified BARK,114,0.02783203125,1.0,1.0,0.000244140625,True,451652010
8,12,2,0.0,0.039924,0.0,0.0,-0.550025,0.000244140625,0.00439453125,1.0,4095,Simplified BARK,148,0.0361328125,1.0,1.0,0.000244140625,True,451652010
8,12,2,0.0,0.039924,0.0,0.0,-0.550025,0.000244140625,0.00439453125,1.0,4095,Simplified BARK,192,0.046875,1.0,1.0,0.000244140625,True,451652010
8,12,2,0.0,0.039924,0.0,0.0,-0.550025,0.000244140625,0.00439453125,1.0,4095,Simplified BARK,250,0.06103515625,1.0,1.0,0.000244140625,True,451652010
8,12,2,0.0,0.039924,0.0,0.0,-0.550025,0.000244140625,0.00439453125,1.0,4095,Simplified BARK,325,0.079345703125,1.0,1.0,0.000244140625,True,451652010
8,12,2,0.0,0.039924,0.0,0.0,-0.550025,0.000244140625,0.00439453125,1.0,4095,Simplified BARK,423,0.103271484375,1.0,1.0,0.000244140625,True,451652010
8,12,2,0.0,0.039924,0.0,0.0,-0.550025,0.000244140625,0.00439453125,1.0,4095,Simplified BARK,550,0.13427734375,1.0,1.0,0.000244140625,True,451652010
8,12,2,0.0,0.039924,0.0,0.0,-0.550025,0.000244140625,0.00439453125,1.0,4095,Simplified BARK,715,0.174560546875,1.0,1.0,0.000244140625,True,451652010
8,12,2,0.0,0.039924,0.0,0.0,-0.550025,0.000244140625,0.00439453125,1.0,4095,Simplified BARK,931,0.227294921875,1.0,1.0,0.000244140625,True,451652010
8,12,2,0.0,0.039924,0.0,0.0,-0.550025,0.000244140625,0.00439453125,1.0,4095,Simplified BARK,1210,0.29541015625,1.0,1.0,0.000244140625,True,451652010
8,12,2,0.0,0.039924,0.0,0.0,-0.550025,0.000244140625,0.00439453125,1.0,4095,Simplified BARK,1575,0.384521484375,1.0,1.0,0.000244140625,True,451652010
8,12,2,0.0,0.039924,0.0,0.0,-0.550025,0.000244140625,0.00439453125,1.0,4095,Simplified BARK,2048,0.5,1.0,1.0,0.000244140625,True,451652010
8,12,2,0.0,0.039924,0.0,0.0,-0.550025,0.000244140625,0.00439453125,1.0,4095,SKQD,1,0.000244140625,1.0,1.0,0.000244140625,True,451652010
8,12,2,0.0,0.039924,0.0,0.0,-0.550025,0.000244140625,0.00439453125,1.0,4095,SKQD,2,0.00048828125,1.0,1.0,0.000244140625,True,451652010
8,12,2,0.0,0.039924,0.0,0.0,-0.550025,0.000244140625,0.00439453125,1.0,4095,SKQD,3,0.000732421875,1.0,1.0,0.000244140625,True,451652010
8,12,2,0.0,0.039924,0.0,0.0,-0.550025,0.000244140625,0.00439453125,1.0,4095,SKQD,4,0.0009765625,1.0,1.0,0.000244140625,True,451652010
8,12,2,0.0,0.039924,0.0,0.0,-0.550025,0.000244140625,0.00439453125,1.0,4095,SKQD,5,0.001220703125,1.0,1.0,0.000244140625,True,451652010
8,12,2,0.0,0.039924,0.0,0.0,-0.550025,0.000244140625,0.00439453125,1.0,4095,SKQD,6,0.00146484375,1.0,1.0,0.000244140625,True,451652010
8,12,2,0.0,0.039924,0.0,0.0,-0.550025,0.000244140625,0.00439453125,1.0,4095,SKQD,8,0.001953125,1.0,1.0,0.000244140625,True,451652010
8,12,2,0.0,0.039924,0.0,0.0,-0.550025,0.000244140625,0.00439453125,1.0,4095,SKQD,11,0.002685546875,1.0,1.0,0.000244140625,True,451652010
8,12,2,0.0,0.039924,0.0,0.0,-0.550025,0.000244140625,0.00439453125,1.0,4095,SKQD,14,0.00341796875,1.0,1.0,0.000244140625,True,451652010
8,12,2,0.0,0.039924,0.0,0.0,-0.550025,0.000244140625,0.00439453125,1.0,4095,SKQD,18,0.00439453125,1.0,1.0,0.000244140625,True,451652010
8,12,2,0.0,0.039924,0.0,0.0,-0.550025,0.000244140625,0.00439453125,1.0,4095,SKQD,23,0.005615234375,1.0,1.0,0.000244140625,True,451652010
8,12,2,0.0,0.039924,0.0,0.0,-0.550025,0.000244140625,0.00439453125,1.0,4095,SKQD,31,0.007568359375,1.0,1.0,0.000244140625,True,451652010
8,12,2,0.0,0.039924,0.0,0.0,-0.550025,0.000244140625,0.00439453125,1.0,4095,SKQD,40,0.009765625,1.0,1.0,0.000244140625,True,451652010
8,12,2,0.0,0.039924,0.0,0.0,-0.550025,0.000244140625,0.00439453125,1.0,4095,SKQD,52,0.0126953125,1.0,1.0,0.000244140625,True,451652010
8,12,2,0.0,0.039924,0.0,0.0,-0.550025,0.000244140625,0.00439453125,1.0,4095,SKQD,67,0.016357421875,1.0,1.0,0.000244140625,True,451652010
8,12,2,0.0,0.039924,0.0,0.0,-0.550025,0.000244140625,0.00439453125,1.0,4095,SKQD,87,0.021240234375,1.0,1.0,0.000244140625,True,451652010
8,12,2,0.0,0.039924,0.0,0.0,-0.550025,0.000244140625,0.00439453125,1.0,4095,SKQD,114,0.02783203125,1.0,1.0,0.000244140625,True,451652010
8,12,2,0.0,0.039924,0.0,0.0,-0.550025,0.000244140625,0.00439453125,1.0,4095,SKQD,148,0.0361328125,1.0,1.0,0.000244140625,True,451652010
8,12,2,0.0,0.039924,0.0,0.0,-0.550025,0.000244140625,0.00439453125,1.0,4095,SKQD,192,0.046875,1.0,1.0,0.000244140625,True,451652010
8,12,2,0.0,0.039924,0.0,0.0,-0.550025,0.000244140625,0.00439453125,1.0,4095,SKQD,250,0.06103515625,1.0,1.0,0.000244140625,True,451652010
8,12,2,0.0,0.039924,0.0,0.0,-0.550025,0.000244140625,0.00439453125,1.0,4095,SKQD,325,0.079345703125,1.0,1.0,0.000244140625,True,451652010
8,12,2,0.0,0.039924,0.0,0.0,-0.550025,0.000244140625,0.00439453125,1.0,4095,SKQD,423,0.103271484375,1.0,1.0,0.000244140625,True,451652010
8,12,2,0.0,0.039924,0.0,0.0,-0.550025,0.000244140625,0.00439453125,1.0,4095,SKQD,550,0.13427734375,1.0,1.0,0.000244140625,True,451652010
8,12,2,0.0,0.039924,0.0,0.0,-0.550025,0.000244140625,0.00439453125,1.0,4095,SKQD,715,0.174560546875,1.0,1.0,0.000244140625,True,451652010
8,12,2,0.0,0.039924,0.0,0.0,-0.550025,0.000244140625,0.00439453125,1.0,4095,SKQD,931,0.227294921875,1.0,1.0,0.000244140625,True,451652010
8,12,2,0.0,0.039924,0.0,0.0,-0.550025,0.000244140625,0.00439453125,1.0,4095,SKQD,1210,0.29541015625,1.0,1.0,0.000244140625,True,451652010
8,12,2,0.0,0.039924,0.0,0.0,-0.550025,0.000244140625,0.00439453125,1.0,4095,SKQD,1575,0.384521484375,1.0,1.0,0.000244140625,True,451652010
8,12,2,0.0,0.039924,0.0,0.0,-0.550025,0.000244140625,0.00439453125,1.0,4095,SKQD,2048,0.5,1.0,1.0,0.000244140625,True,451652010
8,12,2,0.0,0.039924,0.0,0.0,-0.550025,0.000244140625,0.00439453125,1.0,4095,Ceiling,1,0.000244140625,1.0,2048.0,0.5,False,451652010
8,12,2,0.0,0.039924,0.0,0.0,-0.550025,0.000244140625,0.00439453125,1.0,4095,Ceiling,2,0.00048828125,1.0,2048.0,0.5,False,451652010
8,12,2,0.0,0.039924,0.0,0.0,-0.550025,0.000244140625,0.00439453125,1.0,4095,Ceiling,3,0.000732421875,1.0,2048.0,0.5,False,451652010
8,12,2,0.0,0.039924,0.0,0.0,-0.550025,0.000244140625,0.00439453125,1.0,4095,Ceiling,4,0.0009765625,1.0,2048.0,0.5,False,451652010
8,12,2,0.0,0.039924,0.0,0.0,-0.550025,0.000244140625,0.00439453125,1.0,4095,Ceiling,5,0.001220703125,1.0,2048.0,0.5,False,451652010
8,12,2,0.0,0.039924,0.0,0.0,-0.550025,0.000244140625,0.00439453125,1.0,4095,Ceiling,6,0.00146484375,1.0,2048.0,0.5,False,451652010
8,12,2,0.0,0.039924,0.0,0.0,-0.550025,0.000244140625,0.00439453125,1.0,4095,Ceiling,8,0.001953125,1.0,2048.0,0.5,False,451652010
8,12,2,0.0,0.039924,0.0,0.0,-0.550025,0.000244140625,0.00439453125,1.0,4095,Ceiling,11,0.002685546875,1.0,2048.0,0.5,False,451652010
8,12,2,0.0,0.039924,0.0,0.0,-0.550025,0.000244140625,0.00439453125,1.0,4095,Ceiling,14,0.00341796875,1.0,2048.0,0.5,False,451652010
8,12,2,0.0,0.039924,0.0,0.0,-0.550025,0.000244140625,0.00439453125,1.0,4095,Ceiling,18,0.00439453125,1.0,2048.0,0.5,False,451652010
8,12,2,0.0,0.039924,0.0,0.0,-0.550025,0.000244140625,0.00439453125,1.0,4095,Ceiling,23,0.005615234375,1.0,2048.0,0.5,False,451652010
8,12,2,0.0,0.039924,0.0,0.0,-0.550025,0.000244140625,0.00439453125,1.0,4095,Ceiling,31,0.007568359375,1.0,2048.0,0.5,False,451652010
8,12,2,0.0,0.039924,0.0,0.0,-0.550025,0.000244140625,0.00439453125,1.0,4095,Ceiling,40,0.009765625,1.0,2048.0,0.5,False,451652010
8,12,2,0.0,0.039924,0.0,0.0,-0.550025,0.000244140625,0.00439453125,1.0,4095,Ceiling,52,0.0126953125,1.0,2048.0,0.5,False,451652010
8,12,2,0.0,0.039924,0.0,0.0,-0.550025,0.000244140625,0.00439453125,1.0,4095,Ceiling,67,0.016357421875,1.0,2048.0,0.5,False,451652010
8,12,2,0.0,0.039924,0.0,0.0,-0.550025,0.000244140625,0.00439453125,1.0,4095,Ceiling,87,0.021240234375,1.0,2048.0,0.5,False,451652010
8,12,2,0.0,0.039924,0.0,0.0,-0.550025,0.000244140625,0.00439453125,1.0,4095,Ceiling,114,0.02783203125,1.0,2048.0,0.5,False,451652010
8,12,2,0.0,0.039924,0.0,0.0,-0.550025,0.000244140625,0.00439453125,1.0,4095,Ceiling,148,0.0361328125,1.0,2048.0,0.5,False,451652010
8,12,2,0.0,0.039924,0.0,0.0,-0.550025,0.000244140625,0.00439453125,1.0,4095,Ceiling,192,0.046875,1.0,2048.0,0.5,False,451652010
8,12,2,0.0,0.039924,0.0,0.0,-0.550025,0.000244140625,0.00439453125,1.0,4095,Ceiling,250,0.06103515625,1.0,2048.0,0.5,False,451652010
8,12,2,0.0,0.039924,0.0,0.0,-0.550025,0.000244140625,0.00439453125,1.0,4095,Ceiling,325,0.079345703125,1.0,2048.0,0.5,False,451652010
8,12,2,0.0,0.039924,0.0,0.0,-0.550025,0.000244140625,0.00439453125,1.0,4095,Ceiling,423,0.103271484375,1.0,2048.0,0.5,False,451652010
8,12,2,0.0,0.039924,0.0,0.0,-0.550025,0.000244140625,0.00439453125,1.0,4095,Ceiling,550,0.13427734375,1.0,2048.0,0.5,False,451652010
8,12,2,0.0,0.039924,0.0,0.0,-0.550025,0.000244140625,0.00439453125,1.0,4095,Ceiling,715,0.174560546875,1.0,2048.0,0.5,False,451652010
8,12,2,0.0,0.039924,0.0,0.0,-0.550025,0.000244140625,0.00439453125,1.0,4095,Ceiling,931,0.227294921875,1.0,2048.0,0.5,False,451652010
8,12,2,0.0,0.039924,0.0,0.0,-0.550025,0.000244140625,0.00439453125,1.0,4095,Ceiling,1210,0.29541015625,1.0,2048.0,0.5,False,451652010
8,12,2,0.0,0.039924,0.0,0.0,-0.550025,0.000244140625,0.00439453125,1.0,4095,Ceiling,1575,0.384521484375,1.0,2048.0,0.5,False,451652010
8,12,2,0.0,0.039924,0.0,0.0,-0.550025,0.000244140625,0.00439453125,1.0,4095,Ceiling,2048,0.5,1.0,2048.0,0.5,False,451652010
