Hamiltonian_Index,Number_of_Sites,Dimensions,Delta,J,Bx,By,Bz,Ground_State_Density,Hamiltonian_Density,Overlap,Initial_State_Index,Algorithm,Budget,Budget_Fraction,Fidelity,Final_Pool_Size,Final_Pool_Fraction,Terminated_Early,Seed
6,12,1,0.0,-0.958446,0.0,0.0,-0.004125,0.19970703125,0.0029296875,0.00026370735244498657,910,BARK,1,0.000244140625,0.00026370735244498657,924.0,0.2255859375,True,2004042334
6,12,1,0.0,-0.958446,0.0,0.0,-0.004125,0.19970703125,0.0029296875,0.00026370735244498657,910,BARK,2,0.00048828125,0.0009559452250945433,924.0,0.2255859375,True,2004042334
6,12,1,0.0,-0.958446,0.0,0.0,-0.004125,0.19970703125,0.0029296875,0.00026370735244498657,910,BARK,3,0.000732421875,0.0014367156465809408,924.0,0.2255859375,True,2004042334
6,12,1,0.0,-0.958446,0.0,0.0,-0.004125,0.19970703125,0.0029296875,0.00026370735244498657,910,BARK,4,0.0009765625,0.0014069407473783274,924.0,0.2255859375,True,2004042334
6,12,1,0.0,-0.958446,0.0,0.0,-0.004125,0.19970703125,0.0029296875,0.00026370735244498657,910,BARK,5,0.001220703125,0.0012877836272126573,924.0,0.2255859375,True,2004042334
6,12,1,0.0,-0.958446,0.0,0.0,-0.004125,0.19970703125,0.0029296875,0.00026370735244498657,910,BARK,6,0.00146484375,0.0014551517504491174,924.0,0.2255859375,True,2004042334
6,12,1,0.0,-0.958446,0.0,0.0,-0.004125,0.19970703125,0.0029296875,0.00026370735244498657,910,BARK,8,0.001953125,0.002212076280784549,924.0,0.2255859375,True,2004042334
6,12,1,0.0,-0.958446,0.0,0.0,-0.004125,0.19970703125,0.0029296875,0.00026370735244498657,910,BARK,11,0.002685546875,0.0018580947728012922,924.0,0.2255859375,True,2004042334
6,12,1,0.0,-0.958446,0.0,0.0,-0.004125,0.19970703125,0.0029296875,0.00026370735244498657,910,BARK,14,0.00341796875,0.0013901258616272746,924.0,0.2255859375,True,2004042334
6,12,1,0.0,-0.958446,0.0,0.0,-0.004125,0.19970703125,0.0029296875,0.00026370735244498657,910,BARK,18,0.00439453125,0.0010984561224630914,924.0,0.2255859375,True,2004042334
6,12,1,0.0,-0.958446,0.0,0.0,-0.004125,0.19970703125,0.0029296875,0.00026370735244498657,910,BARK,23,0.005615234375,0.001398932553579266,924.0,0.2255859375,True,2004042334
6,12,1,0.0,-0.958446,0.0,0.0,-0.004125,0.19970703125,0.0029296875,0.00026370735244498657,910,BARK,31,0.007568359375,0.004817921734427641,924.0,0.2255859375,True,2004042334
6,12,1,0.0,-0.958446,0.0,0.0,-0.004125,0.19970703125,0.0029296875,0.00026370735244498657,910,BARK,40,0.009765625,0.006075722734126265,924.0,0.2255859375,True,2004042334
6,12,1,0.0,-0.958446,0.0,0.0,-0.004125,0.19970703125,0.0029296875,0.00026370735244498657,910,BARK,52,0.0126953125,0.004942328685776439,924.0,0.2255859375,True,2004042334
6,12,1,0.0,-0.958446,0.0,0.0,-0.004125,0.19970703125,0.0029296875,0.00026370735244498657,910,BARK,67,0.016357421875,0.004267551838835534,924.0,0.2255859375,True,2004042334
6,12,1,0.0,-0.958446,0.0,0.0,-0.004125,0.19970703125,0.0029296875,0.00026370735244498657,910,BARK,87,0.021240234375,0.011918865547461759,924.0,0.2255859375,True,2004042334
6,12,1,0.0,-0.958446,0.0,0.0,-0.004125,0.19970703125,0.0029296875,0.00026370735244498657,910,BARK,114,0.02783203125,0.025722250730947038,924.0,0.2255859375,True,2004042334
6,12,1,0.0,-0.958446,0.0,0.0,-0.004125,0.19970703125,0.0029296875,0.00026370735244498657,910,BARK,148,0.0361328125,0.09362200488630838,924.0,0.2255859375,True,2004042334
6,12,1,0.0,-0.958446,0.0,0.0,-0.004125,0.19970703125,0.0029296875,0.00026370735244498657,910,BARK,192,0.046875,0.12378781414294354,924.0,0.2255859375,True,2004042334
6,12,1,0.0,-0.958446,0.0,0.0,-0.004125,0.19970703125,0.0029296875,0.00026370735244498657,910,BARK,250,0.06103515625,0.2306730453597709,924.0,0.2255859375,True,2004042334
6,12,1,0.0,-0.958446,0.0,0.0,-0.004125,0.19970703125,0.0029296875,0.00026370735244498657,910,BARK,325,0.079345703125,0.3563055251424835,924.0,0.2255859375,True,2004042334
6,12,1,0.0,-0.958446,0.0,0.0,-0.004125,0.19970703125,0.0029296875,0.00026370735244498657,910,BARK,423,0.103271484375,0.5085988967590682,924.0,0.2255859375,True,2004042334
6,12,1,0.0,-0.958446,0.0,0.0,-0.004125,0.19970703125,0.0029296875,0.00026370735244498657,910,BARK,550,0.13427734375,0.7709507220325784,924.0,0.2255859375,True,2004042334
6,12,1,0.0,-0.958446,0.0,0.0,-0.004125,0.19970703125,0.0029296875,0.00026370735244498657,910,BARK,715,0.174560546875,0.9852348254287103,924.0,0.2255859375,True,2004042334
6,12,1,0.0,-0.958446,0.0,0.0,-0.004125,0.19970703125,0.0029296875,0.00026370735244498657,910,BARK,931,0.227294921875,1.0000000000000013,924.0,0.2255859375,True,2004042334
6,12,1,0.0,-0.958446,0.0,0.0,-0.004125,0.19970703125,0.0029296875,0.00026370735244498657,910,BARK,1210,0.29541015625,1.0000000000000013,924.0,0.2255859375,True,2004042334
6,12,1,0.0,-0.958446,0.0,0.0,-0.004125,0.19970703125,0.0029296875,0.00026370735244498657,910,BARK,1575,0.384521484375,1.0000000000000013,924.0,0.2255859375,True,2004042334
6,12,1,0.0,-0.958446,0.0,0.0,-0.004125,0.19970703125,0.0029296875,0.00026370735244498657,910,BARK,2048,0.5,1.0000000000000013,924.0,0.2255859375,True,2004042334
6,12,1,0.0,-0.958446,0.0,0.0,-0.004125,0.19970703125,0.0029296875,0.00026370735244498657,910,Simplified BARK,1,0.000244140625,0.00026370735244498657,924.0,0.2255859375,True,2004042334
6,12,1,0.0,-0.958446,0.0,0.0,-0.004125,0.19970703125,0.0029296875,0.00026370735244498657,910,Simplified BARK,2,0.00048828125,0.0009559452250945433,924.0,0.2255859375,True,2004042334
6,12,1,0.0,-0.958446,0.0,0.0,-0.004125,0.19970703125,0.0029296875,0.00026370735244498657,910,Simplified BARK,3,0.000732421875,0.0014367156465809408,924.0,0.2255859375,True,2004042334
6,12,1,0.0,-0.958446,0.0,0.0,-0.004125,0.19970703125,0.0029296875,0.00026370735244498657,910,Simplified BARK,4,0.0009765625,0.0014069407473783274,924.0,0.2255859375,True,2004042334
6,12,1,0.0,-0.958446,0.0,0.0,-0.004125,0.19970703125,0.0029296875,0.00026370735244498657,910,Simplified BARK,5,0.001220703125,0.0012877836272126573,924.0,0.2255859375,True,2004042334
6,12,1,0.0,-0.958446,0.0,0.0,-0.004125,0.19970703125,0.0029296875,0.00026370735244498657,910,Simplified BARK,6,0.00146484375,0.0011278692673114671,924.0,0.2255859375,True,2004042334
6,12,1,0.0,-0.958446,0.0,0.0,-0.004125,0.19970703125,0.0029296875,0.00026370735244498657,910,Simplified BARK,8,0.001953125,0.0007837402192786716,924.0,0.2255859375,True,2004042334
6,12,1,0.0,-0.958446,0.0,0.0,-0.004125,0.19970703125,0.0029296875,0.00026370735244498657,910,Simplified BARK,11,0.002685546875,0.00043676891713239637,924.0,0.2255859375,True,2004042334
6,12,1,0.0,-0.958446,0.0,0.0,-0.004125,0.19970703125,0.0029296875,0.00026370735244498657,910,Simplified BARK,14,0.00341796875,0.0002556723432481214,924.0,0.2255859375,True,2004042334
6,12,1,0.0,-0.958446,0.0,0.0,-0.004125,0.19970703125,0.0029296875,0.00026370735244498657,910,Simplified BARK,18,0.00439453125,5.109904678632393e-08,924.0,0.2255859375,True,2004042334
6,12,1,0.0,-0.958446,0.0,0.0,-0.004125,0.19970703125,0.0029296875,0.00026370735244498657,910,Simplified BARK,23,0.005615234375,2.653160790652063e-07,924.0,0.2255859375,True,2004042334
6,12,1,0.0,-0.958446,0.0,0.0,-0.004125,0.19970703125,0.0029296875,0.00026370735244498657,910,Simplified BARK,31,0.007568359375,6.856144844241726e-06,924.0,0.2255859375,True,2004042334
6,12,1,0.0,-0.958446,0.0,0.0,-0.004125,0.19970703125,0.0029296875,0.00026370735244498657,910,Simplified BARK,40,0.009765625,6.034403159470543e-06,924.0,0.2255859375,True,2004042334
6,12,1,0.0,-0.958446,0.0,0.0,-0.004125,0.19970703125,0.0029296875,0.00026370735244498657,910,Simplified BARK,52,0.0126953125,9.040312501383458e-05,924.0,0.2255859375,True,2004042334
6,12,1,0.0,-0.958446,0.0,0.0,-0.004125,0.19970703125,0.0029296875,0.00026370735244498657,910,Simplified BARK,67,0.016357421875,0.00042415633830188116,924.0,0.2255859375,True,2004042334
6,12,1,0.0,-0.958446,0.0,0.0,-0.004125,0.19970703125,0.0029296875,0.00026370735244498657,910,Simplified BARK,87,0.021240234375,0.0010379322850488843,924.0,0.2255859375,True,2004042334
6,12,1,0.0,-0.958446,0.0,0.0,-0.004125,0.19970703125,0.0029296875,0.00026370735244498657,910,Simplified BARK,114,0.02783203125,0.001333186599305991,924.0,0.2255859375,True,2004042334
6,12,1,0.0,-0.958446,0.0,0.0,-0.004125,0.19970703125,0.0029296875,0.00026370735244498657,910,Simplified BARK,148,0.0361328125,0.010647626187666043,924.0,0.2255859375,True,2004042334
6,12,1,0.0,-0.958446,0.0,0.0,-0.004125,0.19970703125,0.0029296875,0.00026370735244498657,910,Simplified BARK,192,0.046875,0.03835867713651984,924.0,0.2255859375,True,2004042334
6,12,1,0.0,-0.958446,0.0,0.0,-0.004125,0.19970703125,0.0029296875,0.00026370735244498657,910,Simplified BARK,250,0.06103515625,0.04211772466306689,924.0,0.2255859375,True,2004042334
6,12,1,0.0,-0.958446,0.0,0.0,-0.004125,0.19970703125,0.0029296875,0.00026370735244498657,910,Simplified BARK,325,0.079345703125,0.21495828880833356,924.0,0.2255859375,True,2004042334
6,12,1,0.0,-0.958446,0.0,0.0,-0.004125,0.19970703125,0.0029296875,0.00026370735244498657,910,Simplified BARK,423,0.103271484375,0.3916133171815134,924.0,0.2255859375,True,2004042334
6,12,1,0.0,-0.958446,0.0,0.0,-0.004125,0.19970703125,0.0029296875,0.00026370735244498657,910,Simplified BARK,550,0.13427734375,0.46657385540631335,924.0,0.2255859375,True,2004042334
6,12,1,0.0,-0.958446,0.0,0.0,-0.004125,0.19970703125,0.0029296875,0.00026370735244498657,910,Simplified BARK,715,0.174560546875,0.9040277512618462,924.0,0.2255859375,True,2004042334
6,12,1,0.0,-0.958446,0.0,0.0,-0.004125,0.19970703125,0.0029296875,0.00026370735244498657,910,Simplified BARK,931,0.227294921875,1.0000000000000013,924.0,0.2255859375,True,2004042334
6,12,1,0.0,-0.958446,0.0,0.0,-0.004125,0.19970703125,0.0029296875,0.00026370735244498657,910,Simplified BARK,1210,0.29541015625,1.0000000000000013,924.0,0.2255859375,True,2004042334
6,12,1,0.0,-0.958446,0.0,0.0,-0.004125,0.19970703125,0.0029296875,0.00026370735244498657,910,Simplified BARK,1575,0.384521484375,1.0000000000000013,924.0,0.2255859375,True,2004042334
6,12,1,0.0,-0.958446,0.0,0.0,-0.004125,0.19970703125,0.0029296875,0.00026370735244498657,910,Simplified BARK,2048,0.5,1.0000000000000013,924.0,0.2255859375,True,2004042334
6,12,1,0.0,-0.958446,0.0,0.0,-0.004125,0.19970703125,0.0029296875,0.00026370735244498657,910,SKQD,1,0.000244140625,0.00026370735244498657,885.0,0.216064453125,True,2004042334
6,12,1,0.0,-0.958446,0.0,0.0,-0.004125,0.19970703125,0.0029296875,0.00026370735244498657,910,SKQD,2,0.00048828125,0.00026370735244498657,885.0,0.216064453125,True,2004042334
6,12,1,0.0,-0.958446,0.0,0.0,-0.004125,0.19970703125,0.0029296875,0.00026370735244498657,910,SKQD,3,0.000732421875,0.00026370735244498657,885.0,0.216064453125,True,2004042334
6,12,1,0.0,-0.958446,0.0,0.0,-0.004125,0.19970703125,0.0029296875,0.00026370735244498657,910,SKQD,4,0.0009765625,0.00026370735244498657,885.0,0.216064453125,True,2004042334
6,12,1,0.0,-0.958446,0.0,0.0,-0.004125,0.19970703125,0.0029296875,0.00026370735244498657,910,SKQD,5,0.001220703125,0.0019870324545833732,885.0,0.216064453125,True,2004042334
6,12,1,0.0,-0.958446,0.0,0.0,-0.004125,0.19970703125,0.0029296875,0.00026370735244498657,910,SKQD,6,0.00146484375,0.0035860539716131936,885.0,0.216064453125,True,2004042334
6,12,1,0.0,-0.958446,0.0,0.0,-0.004125,0.19970703125,0.0029296875,0.00026370735244498657,910,SKQD,8,0.001953125,0.0035860539716131936,885.0,0.216064453125,True,2004042334
6,12,1,0.0,-0.958446,0.0,0.0,-0.004125,0.19970703125,0.0029296875,0.00026370735244498657,910,SKQD,11,0.002685546875,0.0035860539716131936,885.0,0.216064453125,True,2004042334
6,12,1,0.0,-0.958446,0.0,0.0,-0.004125,0.19970703125,0.0029296875,0.00026370735244498657,910,SKQD,14,0.00341796875,0.011194232745186708,885.0,0.216064453125,True,2004042334
6,12,1,0.0,-0.958446,0.0,0.0,-0.004125,0.19970703125,0.0029296875,0.00026370735244498657,910,SKQD,18,0.00439453125,0.016524240478466564,885.0,0.216064453125,True,2004042334
6,12,1,0.0,-0.958446,0.0,0.0,-0.004125,0.19970703125,0.0029296875,0.00026370735244498657,910,SKQD,23,0.005615234375,0.016524240478466564,885.0,0.216064453125,True,2004042334
6,12,1,0.0,-0.958446,0.0,0.0,-0.004125,0.19970703125,0.0029296875,0.00026370735244498657,910,SKQD,31,0.007568359375,0.04281191020486571,885.0,0.216064453125,True,2004042334
6,12,1,0.0,-0.958446,0.0,0.0,-0.004125,0.19970703125,0.0029296875,0.00026370735244498657,910,SKQD,40,0.009765625,0.04281191020486571,885.0,0.216064453125,True,2004042334
6,12,1,0.0,-0.958446,0.0,0.0,-0.004125,0.19970703125,0.0029296875,0.00026370735244498657,910,SKQD,52,0.0126953125,0.06911017057321134,885.0,0.216064453125,True,2004042334
6,12,1,0.0,-0.958446,0.0,0.0,-0.004125,0.19970703125,0.0029296875,0.00026370735244498657,910,SKQD,67,0.016357421875,0.09227509867731663,885.0,0.216064453125,True,2004042334
6,12,1,0.0,-0.958446,0.0,0.0,-0.004125,0.19970703125,0.0029296875,0.00026370735244498657,910,SKQD,87,0.021240234375,0.09227509867731663,885.0,0.216064453125,True,2004042334
6,12,1,0.0,-0.958446,0.0,0.0,-0.004125,0.19970703125,0.0029296875,0.00026370735244498657,910,SKQD,114,0.02783203125,0.16818628032362837,885.0,0.216064453125,True,2004042334
6,12,1,0.0,-0.958446,0.0,0.0,-0.004125,0.19970703125,0.0029296875,0.00026370735244498657,910,SKQD,148,0.0361328125,0.2402945601304675,885.0,0.216064453125,True,2004042334
6,12,1,0.0,-0.958446,0.0,0.0,-0.004125,0.19970703125,0.0029296875,0.00026370735244498657,910,SKQD,192,0.046875,0.29034573585009416,885.0,0.216064453125,True,2004042334
6,12,1,0.0,-0.958446,0.0,0.0,-0.004125,0.19970703125,0.0029296875,0.00026370735244498657,910,SKQD,250,0.06103515625,0.31899519264271525,885.0,0.216064453125,True,2004042334
6,12,1,0.0,-0.958446,0.0,0.0,-0.004125,0.19970703125,0.0029296875,0.00026370735244498657,910,SKQD,325,0.079345703125,0.37360445787673596,885.0,0.216064453125,True,2004042334
6,12,1,0.0,-0.958446,0.0,0.0,-0.004125,0.19970703125,0.0029296875,0.00026370735244498657,910,SKQD,423,0.103271484375,0.46374942114395207,885.0,0.216064453125,True,2004042334
6,12,1,0.0,-0.958446,0.0,0.0,-0.004125,0.19970703125,0.0029296875,0.00026370735244498657,910,SKQD,550,0.13427734375,0.5406009805636063,885.0,0.216064453125,True,2004042334
6,12,1,0.0,-0.958446,0.0,0.0,-0.004125,0.19970703125,0.0029296875,0.00026370735244498657,910,SKQD,715,0.174560546875,0.7192725093071051,885.0,0.216064453125,True,2004042334
6,12,1,0.0,-0.958446,0.0,0.0,-0.004125,0.19970703125,0.0029296875,0.00026370735244498657,910,SKQD,931,0.227294921875,0.9628351996458813,885.0,0.216064453125,True,2004042334
6,12,1,0.0,-0.958446,0.0,0.0,-0.004125,0.19970703125,0.0029296875,0.00026370735244498657,910,SKQD,1210,0.29541015625,0.9628351996458813,885.0,0.216064453125,True,2004042334
6,12,1,0.0,-0.958446,0.0,0.0,-0.004125,0.19970703125,0.0029296875,0.00026370735244498657,910,SKQD,1575,0.384521484375,0.9628351996458813,885.0,0.216064453125,True,2004042334
6,12,1,0.0,-0.958446,0.0,0.0,-0.004125,0.19970703125,0.0029296875,0.00026370735244498657,910,SKQD,2048,0.5,0.9628351996458813,885.0,0.216064453125,True,2004042334
6,12,1,0.0,-0.958446,0.0,0.0,-0.004125,0.19970703125,0.0029296875,0.00026370735244498657,910,Ceiling,1,0.000244140625,0.015625000000000035,2048.0,0.5,False,2004042334
6,12,1,0.0,-0.958446,0.0,0.0,-0.004125,0.19970703125,0.0029296875,0.00026370735244498657,910,Ceiling,2,0.00048828125,0.03125000000000002,2048.0,0.5,False,2004042334
6,12,1,0.0,-0.958446,0.0,0.0,-0.004125,0.19970703125,0.0029296875,0.00026370735244498657,910,Ceiling,3,0.000732421875,0.04267487580015069,2048.0,0.5,False,2004042334
6,12,1,0.0,-0.958446,0.0,0.0,-0.004125,0.19970703125,0.0029296875,0.00026370735244498657,910,Ceiling,4,0.0009765625,0.05409975160030135,2048.0,0.5,False,2004042334
6,12,1,0.0,-0.958446,0.0,0.0,-0.004125,0.19970703125,0.0029296875,0.00026370735244498657,910,Ceiling,5,0.001220703125,0.065524627400452,2048.0,0.5,False,2004042334
6,12,1,0.0,-0.958446,0.0,0.0,-0.004125,0.19970703125,0.0029296875,0.00026370735244498657,910,Ceiling,6,0.00146484375,0.07694950320060266,2048.0,0.5,False,2004042334
6,12,1,0.0,-0.958446,0.0,0.0,-0.004125,0.19970703125,0.0029296875,0.00026370735244498657,910,Ceiling,8,0.001953125,0.09748895544979426,2048.0,0.5,False,2004042334
6,12,1,0.0,-0.958446,0.0,0.0,-0.004125,0.19970703125,0.0029296875,0.00026370735244498657,910,Ceiling,11,0.002685546875,0.1279975468354542,2048.0,0.5,False,2004042334
6,12,1,0.0,-0.958446,0.0,0.0,-0.004125,0.19970703125,0.0029296875,0.00026370735244498657,910,Ceiling,14,0.00341796875,0.15512267422990475,2048.0,0.5,False,2004042334
6,12,1,0.0,-0.958446,0.0,0.0,-0.004125,0.19970703125,0.0029296875,0.00026370735244498657,910,Ceiling,18,0.00439453125,0.1890573032246229,2048.0,0.5,False,2004042334
6,12,1,0.0,-0.958446,0.0,0.0,-0.004125,0.19970703125,0.0029296875,0.00026370735244498657,910,Ceiling,23,0.005615234375,0.22885852290597478,2048.0,0.5,False,2004042334
6,12,1,0.0,-0.958446,0.0,0.0,-0.004125,0.19970703125,0.0029296875,0.00026370735244498657,910,Ceiling,31,0.007568359375,0.2895177430227045,2048.0,0.5,False,2004042334
6,12,1,0.0,-0.958446,0.0,0.0,-0.004125,0.19970703125,0.0029296875,0.00026370735244498657,910,Ceiling,40,0.009765625,0.3477839158282514,2048.0,0.5,False,2004042334
6,12,1,0.0,-0.958446,0.0,0.0,-0.004125,0.19970703125,0.0029296875,0.00026370735244498657,910,Ceiling,52,0.0126953125,0.41950906206790917,2048.0,0.5,False,2004042334
6,12,1,0.0,-0.958446,0.0,0.0,-0.004125,0.19970703125,0.0029296875,0.00026370735244498657,910,Ceiling,67,0.016357421875,0.4924643237919245,2048.0,0.5,False,2004042334
6,12,1,0.0,-0.958446,0.0,0.0,-0.004125,0.19970703125,0.0029296875,0.00026370735244498657,910,Ceiling,87,0.021240234375,0.5627892237830541,2048.0,0.5,False,2004042334
6,12,1,0.0,-0.958446,0.0,0.0,-0.004125,0.19970703125,0.0029296875,0.00026370735244498657,910,Ceiling,114,0.02783203125,0.6325386600781361,2048.0,0.5,False,2004042334
6,12,1,0.0,-0.958446,0.0,0.0,-0.004125,0.19970703125,0.0029296875,0.00026370735244498657,910,Ceiling,148,0.0361328125,0.7032268866130247,2048.0,0.5,False,2004042334
6,12,1,0.0,-0.958446,0.0,0.0,-0.004125,0.19970703125,0.0029296875,0.00026370735244498657,910,Ceiling,192,0.046875,0.776103667101161,2048.0,0.5,False,2004042334
6,12,1,0.0,-0.958446,0.0,0.0,-0.004125,0.19970703125,0.0029296875,0.00026370735244498657,910,Ceiling,250,0.06103515625,0.8524609762577516,2048.0,0.5,False,2004042334
6,12,1,0.0,-0.958446,0.0,0.0,-0.004125,0.19970703125,0.0029296875,0.00026370735244498657,910,Ceiling,325,0.079345703125,0.9214959608627912,2048.0,0.5,False,2004042334
6,12,1,0.0,-0.958446,0.0,0.0,-0.004125,0.19970703125,0.0029296875,0.00026370735244498657,910,Ceiling,423,0.103271484375,0.9690657052770282,2048.0,0.5,False,2004042334
6,12,1,0.0,-0.958446,0.0,0.0,-0.004125,0.19970703125,0.0029296875,0.00026370735244498657,910,Ceiling,550,0.13427734375,0.9907599595813976,2048.0,0.5,False,2004042334
6,12,1,0.0,-0.958446,0.0,0.0,-0.004125,0.19970703125,0.0029296875,0.00026370735244498657,910,Ceiling,715,0.174560546875,0.9992610989678536,2048.0,0.5,False,2004042334
6,12,1,0.0,-0.958446,0.0,0.0,-0.004125,0.19970703125,0.0029296875,0.00026370735244498657,910,Ceiling,931,0.227294921875,1.0000000000000022,2048.0,0.5,False,2004042334
6,12,1,0.0,-0.958446,0.0,0.0,-0.004125,0.19970703125,0.0029296875,0.00026370735244498657,910,Ceiling,1210,0.29541015625,1.0000000000000022,2048.0,0.5,False,2004042334
6,12,1,0.0,-0.958446,0.0,0.0,-0.004125,0.19970703125,0.0029296875,0.00026370735244498657,910,Ceiling,1575,0.384521484375,1.0000000000000022,2048.0,0.5,False,2004042334
6,12,1,0.0,-0.958446,0.0,0.0,-0.004125,0.19970703125,0.0029296875,0.00026370735244498657,910,Ceiling,2048,0.5,1.0000000000000022,2048.0,0.5,False,2004042334
6,12,1,0.0,-0.958446,0.0,0.0,-0.004125,0.19970703125,0.0029296875,1.1753133592797714e-05,371,BARK,1,0.000244140625,1.1753133592797714e-05,924.0,0.2255859375,True,2004042334
6,12,1,0.0,-0.958446,0.0,0.0,-0.004125,0.19970703125,0.0029296875,1.1753133592797714e-05,371,BARK,2,0.00048828125,8.91358204631726e-06,924.0,0.2255859375,True,2004042334
6,12,1,0.0,-0.958446,0.0,0.0,-0.004125,0.19970703125,0.0029296875,1.1753133592797714e-05,371,BARK,3,0.000732421875,7.66075699585203e-06,924.0,0.2255859375,True,2004042334
6,12,1,0.0,-0.958446,0.0,0.0,-0.004125,0.19970703125,0.0029296875,1.1753133592797714e-05,371,BARK,4,0.0009765625,2.130050868766352e-05,924.0,0.2255859375,True,2004042334
6,12,1,0.0,-0.958446,0.0,0.0,-0.004125,0.19970703125,0.0029296875,1.1753133592797714e-05,371,BARK,5,0.001220703125,2.772408795487864e-05,924.0,0.2255859375,True,2004042334
6,12,1,0.0,-0.958446,0.0,0.0,-0.004125,0.19970703125,0.0029296875,1.1753133592797714e-05,371,BARK,6,0.00146484375,2.577853759452793e-05,924.0,0.2255859375,True,2004042334
6,12,1,0.0,-0.958446,0.0,0.0,-0.004125,0.19970703125,0.0029296875,1.1753133592797714e-05,371,BARK,8,0.001953125,2.294525504978474e-05,924.0,0.2255859375,True,2004042334
6,12,1,0.0,-0.958446,0.0,0.0,-0.004125,0.19970703125,0.0029296875,1.1753133592797714e-05,371,BARK,11,0.002685546875,2.7493255825321833e-05,924.0,0.2255859375,True,2004042334
6,12,1,0.0,-0.958446,0.0,0.0,-0.004125,0.19970703125,0.0029296875,1.1753133592797714e-05,371,BARK,14,0.00341796875,1.9224680959399035e-05,924.0,0.2255859375,True,2004042334
6,12,1,0.0,-0.958446,0.0,0.0,-0.004125,0.19970703125,0.0029296875,1.1753133592797714e-05,371,BARK,18,0.00439453125,1.6340679725383126e-05,924.0,0.2255859375,True,2004042334
6,12,1,0.0,-0.958446,0.0,0.0,-0.004125,0.19970703125,0.0029296875,1.1753133592797714e-05,371,BARK,23,0.005615234375,4.117107969859449e-05,924.0,0.2255859375,True,2004042334
6,12,1,0.0,-0.958446,0.0,0.0,-0.004125,0.19970703125,0.0029296875,1.1753133592797714e-05,371,BARK,31,0.007568359375,8.485170163511517e-05,924.0,0.2255859375,True,2004042334
6,12,1,0.0,-0.958446,0.0,0.0,-0.004125,0.19970703125,0.0029296875,1.1753133592797714e-05,371,BARK,40,0.009765625,0.0001020422322077294,924.0,0.2255859375,True,2004042334
6,12,1,0.0,-0.958446,0.0,0.0,-0.004125,0.19970703125,0.0029296875,1.1753133592797714e-05,371,BARK,52,0.0126953125,0.00030458414212456596,924.0,0.2255859375,True,2004042334
6,12,1,0.0,-0.958446,0.0,0.0,-0.004125,0.19970703125,0.0029296875,1.1753133592797714e-05,371,BARK,67,0.016357421875,0.0008299150375775737,924.0,0.2255859375,True,2004042334
6,12,1,0.0,-0.958446,0.0,0.0,-0.004125,0.19970703125,0.0029296875,1.1753133592797714e-05,371,BARK,87,0.021240234375,0.006510534080134789,924.0,0.2255859375,True,2004042334
6,12,1,0.0,-0.958446,0.0,0.0,-0.004125,0.19970703125,0.0029296875,1.1753133592797714e-05,371,BARK,114,0.02783203125,0.015024300111372044,924.0,0.2255859375,True,2004042334
6,12,1,0.0,-0.958446,0.0,0.0,-0.004125,0.19970703125,0.0029296875,1.1753133592797714e-05,371,BARK,148,0.0361328125,0.03599622219471157,924.0,0.2255859375,True,2004042334
6,12,1,0.0,-0.958446,0.0,0.0,-0.004125,0.19970703125,0.0029296875,1.1753133592797714e-05,371,BARK,192,0.046875,0.11465884812854245,924.0,0.2255859375,True,2004042334
6,12,1,0.0,-0.958446,0.0,0.0,-0.004125,0.19970703125,0.0029296875,1.1753133592797714e-05,371,BARK,250,0.06103515625,0.12175837951359197,924.0,0.2255859375,True,2004042334
6,12,1,0.0,-0.958446,0.0,0.0,-0.004125,0.19970703125,0.0029296875,1.1753133592797714e-05,371,BARK,325,0.079345703125,0.2437877593812985,924.0,0.2255859375,True,2004042334
6,12,1,0.0,-0.958446,0.0,0.0,-0.004125,0.19970703125,0.0029296875,1.1753133592797714e-05,371,BARK,423,0.103271484375,0.31564921882828134,924.0,0.2255859375,True,2004042334
6,12,1,0.0,-0.958446,0.0,0.0,-0.004125,0.19970703125,0.0029296875,1.1753133592797714e-05,371,BARK,550,0.13427734375,0.7026498748306549,924.0,0.2255859375,True,2004042334
6,12,1,0.0,-0.958446,0.0,0.0,-0.004125,0.19970703125,0.0029296875,1.1753133592797714e-05,371,BARK,715,0.174560546875,0.9428491337396271,924.0,0.2255859375,True,2004042334
6,12,1,0.0,-0.958446,0.0,0.0,-0.004125,0.19970703125,0.0029296875,1.1753133592797714e-05,371,BARK,931,0.227294921875,1.0000000000000018,924.0,0.2255859375,True,2004042334
6,12,1,0.0,-0.958446,0.0,0.0,-0.004125,0.19970703125,0.0029296875,1.1753133592797714e-05,371,BARK,1210,0.29541015625,1.0000000000000018,924.0,0.2255859375,True,2004042334
6,12,1,0.0,-0.958446,0.0,0.0,-0.004125,0.19970703125,0.0029296875,1.1753133592797714e-05,371,BARK,1575,0.384521484375,1.0000000000000018,924.0,0.2255859375,True,2004042334
6,12,1,0.0,-0.958446,0.0,0.0,-0.004125,0.19970703125,0.0029296875,1.1753133592797714e-05,371,BARK,2048,0.5,1.0000000000000018,924.0,0.2255859375,True,2004042334
6,12,1,0.0,-0.958446,0.0,0.0,-0.004125,0.19970703125,0.0029296875,1.1753133592797714e-05,371,Simplified BARK,1,0.000244140625,1.1753133592797714e-05,924.0,0.2255859375,True,2004042334
6,12,1,0.0,-0.958446,0.0,0.0,-0.004125,0.19970703125,0.0029296875,1.1753133592797714e-05,371,Simplified BARK,2,0.00048828125,8.91358204631726e-06,924.0,0.2255859375,True,2004042334
6,12,1,0.0,-0.958446,0.0,0.0,-0.004125,0.19970703125,0.0029296875,1.1753133592797714e-05,371,Simplified BARK,3,0.000732421875,7.66075699585203e-06,924.0,0.2255859375,True,2004042334
6,12,1,0.0,-0.958446,0.0,0.0,-0.004125,0.19970703125,0.0029296875,1.1753133592797714e-05,371,Simplified BARK,4,0.0009765625,6.695218112837546e-06,924.0,0.2255859375,True,2004042334
6,12,1,0.0,-0.958446,0.0,0.0,-0.004125,0.19970703125,0.0029296875,1.1753133592797714e-05,371,Simplified BARK,5,0.001220703125,5.546182493213449e-06,924.0,0.2255859375,True,2004042334
6,12,1,0.0,-0.958446,0.0,0.0,-0.004125,0.19970703125,0.0029296875,1.1753133592797714e-05,371,Simplified BARK,6,0.00146484375,4.396690778738518e-06,924.0,0.2255859375,True,2004042334
6,12,1,0.0,-0.958446,0.0,0.0,-0.004125,0.19970703125,0.0029296875,1.1753133592797714e-05,371,Simplified BARK,8,0.001953125,2.7066816952085912e-06,924.0,0.2255859375,True,2004042334
6,12,1,0.0,-0.958446,0.0,0.0,-0.004125,0.19970703125,0.0029296875,1.1753133592797714e-05,371,Simplified BARK,11,0.002685546875,9.183185900173768e-07,924.0,0.2255859375,True,2004042334
6,12,1,0.0,-0.958446,0.0,0.0,-0.004125,0.19970703125,0.0029296875,1.1753133592797714e-05,371,Simplified BARK,14,0.00341796875,7.489741253549592e-08,924.0,0.2255859375,True,2004042334
6,12,1,0.0,-0.958446,0.0,0.0,-0.004125,0.19970703125,0.0029296875,1.1753133592797714e-05,371,Simplified BARK,18,0.00439453125,3.01850746473645e-07,924.0,0.2255859375,True,2004042334
6,12,1,0.0,-0.958446,0.0,0.0,-0.004125,0.19970703125,0.0029296875,1.1753133592797714e-05,371,Simplified BARK,23,0.005615234375,2.3545121721485596e-06,924.0,0.2255859375,True,2004042334
6,12,1,0.0,-0.958446,0.0,0.0,-0.004125,0.19970703125,0.0029296875,1.1753133592797714e-05,371,Simplified BARK,31,0.007568359375,5.7379526173174725e-06,924.0,0.2255859375,True,2004042334
6,12,1,0.0,-0.958446,0.0,0.0,-0.004125,0.19970703125,0.0029296875,1.1753133592797714e-05,371,Simplified BARK,40,0.009765625,1.4047717612733992e-05,924.0,0.2255859375,True,2004042334
6,12,1,0.0,-0.958446,0.0,0.0,-0.004125,0.19970703125,0.0029296875,1.1753133592797714e-05,371,Simplified BARK,52,0.0126953125,9.342197687177787e-05,924.0,0.2255859375,True,2004042334
6,12,1,0.0,-0.958446,0.0,0.0,-0.004125,0.19970703125,0.0029296875,1.1753133592797714e-05,371,Simplified BARK,67,0.016357421875,0.0004633366396170889,924.0,0.2255859375,True,2004042334
6,12,1,0.0,-0.958446,0.0,0.0,-0.004125,0.19970703125,0.0029296875,1.1753133592797714e-05,371,Simplified BARK,87,0.021240234375,0.0009900229126820327,924.0,0.2255859375,True,2004042334
6,12,1,0.0,-0.958446,0.0,0.0,-0.004125,0.19970703125,0.0029296875,1.1753133592797714e-05,371,Simplified BARK,114,0.02783203125,0.002097114476081118,924.0,0.2255859375,True,2004042334
6,12,1,0.0,-0.958446,0.0,0.0,-0.004125,0.19970703125,0.0029296875,1.1753133592797714e-05,371,Simplified BARK,148,0.0361328125,0.010969025919566182,924.0,0.2255859375,True,2004042334
6,12,1,0.0,-0.958446,0.0,0.0,-0.004125,0.19970703125,0.0029296875,1.1753133592797714e-05,371,Simplified BARK,192,0.046875,0.03835867713651981,924.0,0.2255859375,True,2004042334
6,12,1,0.0,-0.958446,0.0,0.0,-0.004125,0.19970703125,0.0029296875,1.1753133592797714e-05,371,Simplified BARK,250,0.06103515625,0.04211772466306692,924.0,0.2255859375,True,2004042334
6,12,1,0.0,-0.958446,0.0,0.0,-0.004125,0.19970703125,0.0029296875,1.1753133592797714e-05,371,Simplified BARK,325,0.079345703125,0.21495828880833365,924.0,0.2255859375,True,2004042334
6,12,1,0.0,-0.958446,0.0,0.0,-0.004125,0.19970703125,0.0029296875,1.1753133592797714e-05,371,Simplified BARK,423,0.103271484375,0.39161331718151365,924.0,0.2255859375,True,2004042334
6,12,1,0.0,-0.958446,0.0,0.0,-0.004125,0.19970703125,0.0029296875,1.1753133592797714e-05,371,Simplified BARK,550,0.13427734375,0.46657385540631335,924.0,0.2255859375,True,2004042334
6,12,1,0.0,-0.958446,0.0,0.0,-0.004125,0.19970703125,0.0029296875,1.1753133592797714e-05,371,Simplified BARK,715,0.174560546875,0.9040277512618464,924.0,0.2255859375,True,2004042334
6,12,1,0.0,-0.958446,0.0,0.0,-0.004125,0.19970703125,0.0029296875,1.1753133592797714e-05,371,Simplified BARK,931,0.227294921875,1.0000000000000018,924.0,0.2255859375,True,2004042334
6,12,1,0.0,-0.958446,0.0,0.0,-0.004125,0.19970703125,0.0029296875,1.1753133592797714e-05,371,Simplified BARK,1210,0.29541015625,1.0000000000000018,924.0,0.2255859375,True,2004042334
6,12,1,0.0,-0.958446,0.0,0.0,-0.004125,0.19970703125,0.0029296875,1.1753133592797714e-05,371,Simplified BARK,1575,0.384521484375,1.0000000000000018,924.0,0.2255859375,True,2004042334
6,12,1,0.0,-0.958446,0.0,0.0,-0.004125,0.19970703125,0.0029296875,1.1753133592797714e-05,371,Simplified BARK,2048,0.5,1.0000000000000018,924.0,0.2255859375,True,2004042334
6,12,1,0.0,-0.958446,0.0,0.0,-0.004125,0.19970703125,0.0029296875,1.1753133592797714e-05,371,SKQD,1,0.000244140625,1.1753133592797714e-05,864.6666666666666,0.21110026041666666,True,2004042334
6,12,1,0.0,-0.958446,0.0,0.0,-0.004125,0.19970703125,0.0029296875,1.1753133592797714e-05,371,SKQD,2,0.00048828125,1.1753133592797714e-05,864.6666666666666,0.21110026041666666,True,2004042334
6,12,1,0.0,-0.958446,0.0,0.0,-0.004125,0.19970703125,0.0029296875,1.1753133592797714e-05,371,SKQD,3,0.000732421875,1.1753133592797714e-05,864.6666666666666,0.21110026041666666,True,2004042334
6,12,1,0.0,-0.958446,0.0,0.0,-0.004125,0.19970703125,0.0029296875,1.1753133592797714e-05,371,SKQD,4,0.0009765625,1.1753133592797714e-05,864.6666666666666,0.21110026041666666,True,2004042334
6,12,1,0.0,-0.958446,0.0,0.0,-0.004125,0.19970703125,0.0029296875,1.1753133592797714e-05,371,SKQD,5,0.001220703125,1.1753133592797714e-05,864.6666666666666,0.21110026041666666,True,2004042334
6,12,1,0.0,-0.958446,0.0,0.0,-0.004125,0.19970703125,0.0029296875,1.1753133592797714e-05,371,SKQD,6,0.00146484375,7.511404260664247e-05,864.6666666666666,0.21110026041666666,True,2004042334
6,12,1,0.0,-0.958446,0.0,0.0,-0.004125,0.19970703125,0.0029296875,1.1753133592797714e-05,371,SKQD,8,0.001953125,0.00016188799705032703,864.6666666666666,0.21110026041666666,True,2004042334
6,12,1,0.0,-0.958446,0.0,0.0,-0.004125,0.19970703125,0.0029296875,1.1753133592797714e-05,371,SKQD,11,0.002685546875,0.00016188799705032703,864.6666666666666,0.21110026041666666,True,2004042334
6,12,1,0.0,-0.958446,0.0,0.0,-0.004125,0.19970703125,0.0029296875,1.1753133592797714e-05,371,SKQD,14,0.00341796875,0.00016188799705032703,864.6666666666666,0.21110026041666666,True,2004042334
6,12,1,0.0,-0.958446,0.0,0.0,-0.004125,0.19970703125,0.0029296875,1.1753133592797714e-05,371,SKQD,18,0.00439453125,0.0005013079837941032,864.6666666666666,0.21110026041666666,True,2004042334
6,12,1,0.0,-0.958446,0.0,0.0,-0.004125,0.19970703125,0.0029296875,1.1753133592797714e-05,371,SKQD,23,0.005615234375,0.0005013079837941032,864.6666666666666,0.21110026041666666,True,2004042334
6,12,1,0.0,-0.958446,0.0,0.0,-0.004125,0.19970703125,0.0029296875,1.1753133592797714e-05,371,SKQD,31,0.007568359375,0.0007889457086840204,864.6666666666666,0.21110026041666666,True,2004042334
6,12,1,0.0,-0.958446,0.0,0.0,-0.004125,0.19970703125,0.0029296875,1.1753133592797714e-05,371,SKQD,40,0.009765625,0.0011409084828423706,864.6666666666666,0.21110026041666666,True,2004042334
6,12,1,0.0,-0.958446,0.0,0.0,-0.004125,0.19970703125,0.0029296875,1.1753133592797714e-05,371,SKQD,52,0.0126953125,0.0022789066073471437,864.6666666666666,0.21110026041666666,True,2004042334
6,12,1,0.0,-0.958446,0.0,0.0,-0.004125,0.19970703125,0.0029296875,1.1753133592797714e-05,371,SKQD,67,0.016357421875,0.003334544623011984,864.6666666666666,0.21110026041666666,True,2004042334
6,12,1,0.0,-0.958446,0.0,0.0,-0.004125,0.19970703125,0.0029296875,1.1753133592797714e-05,371,SKQD,87,0.021240234375,0.007819541514065236,864.6666666666666,0.21110026041666666,True,2004042334
6,12,1,0.0,-0.958446,0.0,0.0,-0.004125,0.19970703125,0.0029296875,1.1753133592797714e-05,371,SKQD,114,0.02783203125,0.01270229660160716,864.6666666666666,0.21110026041666666,True,2004042334
6,12,1,0.0,-0.958446,0.0,0.0,-0.004125,0.19970703125,0.0029296875,1.1753133592797714e-05,371,SKQD,148,0.0361328125,0.018733109618688626,864.6666666666666,0.21110026041666666,True,2004042334
6,12,1,0.0,-0.958446,0.0,0.0,-0.004125,0.19970703125,0.0029296875,1.1753133592797714e-05,371,SKQD,192,0.046875,0.02563290539181075,864.6666666666666,0.21110026041666666,True,2004042334
6,12,1,0.0,-0.958446,0.0,0.0,-0.004125,0.19970703125,0.0029296875,1.1753133592797714e-05,371,SKQD,250,0.06103515625,0.03241704596995731,864.6666666666666,0.21110026041666666,True,2004042334
6,12,1,0.0,-0.958446,0.0,0.0,-0.004125,0.19970703125,0.0029296875,1.1753133592797714e-05,371,SKQD,325,0.079345703125,0.05674612460185726,864.6666666666666,0.21110026041666666,True,2004042334
6,12,1,0.0,-0.958446,0.0,0.0,-0.004125,0.19970703125,0.0029296875,1.1753133592797714e-05,371,SKQD,423,0.103271484375,0.11194730885034528,864.6666666666666,0.21110026041666666,True,2004042334
6,12,1,0.0,-0.958446,0.0,0.0,-0.004125,0.19970703125,0.0029296875,1.1753133592797714e-05,371,SKQD,550,0.13427734375,0.2703657499538653,864.6666666666666,0.21110026041666666,True,2004042334
6,12,1,0.0,-0.958446,0.0,0.0,-0.004125,0.19970703125,0.0029296875,1.1753133592797714e-05,371,SKQD,715,0.174560546875,0.4675690842922278,864.6666666666666,0.21110026041666666,True,2004042334
6,12,1,0.0,-0.958446,0.0,0.0,-0.004125,0.19970703125,0.0029296875,1.1753133592797714e-05,371,SKQD,931,0.227294921875,0.8743459026759135,864.6666666666666,0.21110026041666666,True,2004042334
6,12,1,0.0,-0.958446,0.0,0.0,-0.004125,0.19970703125,0.0029296875,1.1753133592797714e-05,371,SKQD,1210,0.29541015625,0.8743459026759135,864.6666666666666,0.21110026041666666,True,2004042334
6,12,1,0.0,-0.958446,0.0,0.0,-0.004125,0.19970703125,0.0029296875,1.1753133592797714e-05,371,SKQD,1575,0.384521484375,0.8743459026759135,864.6666666666666,0.21110026041666666,True,2004042334
6,12,1,0.0,-0.958446,0.0,0.0,-0.004125,0.19970703125,0.0029296875,1.1753133592797714e-05,371,SKQD,2048,0.5,0.8743459026759135,864.6666666666666,0.21110026041666666,True,2004042334
6,12,1,0.0,-0.958446,0.0,0.0,-0.004125,0.19970703125,0.0029296875,1.1753133592797714e-05,371,Ceiling,1,0.000244140625,0.015625000000000035,2048.0,0.5,False,2004042334
6,12,1,0.0,-0.958446,0.0,0.0,-0.004125,0.19970703125,0.0029296875,1.1753133592797714e-05,371,Ceiling,2,0.00048828125,0.03125000000000002,2048.0,0.5,False,2004042334
6,12,1,0.0,-0.958446,0.0,0.0,-0.004125,0.19970703125,0.0029296875,1.1753133592797714e-05,371,Ceiling,3,0.000732421875,0.04267487580015069,2048.0,0.5,False,2004042334
6,12,1,0.0,-0.958446,0.0,0.0,-0.004125,0.19970703125,0.0029296875,1.1753133592797714e-05,371,Ceiling,4,0.0009765625,0.05409975160030135,2048.0,0.5,False,2004042334
6,12,1,0.0,-0.958446,0.0,0.0,-0.004125,0.19970703125,0.0029296875,1.1753133592797714e-05,371,Ceiling,5,0.001220703125,0.065524627400452,2048.0,0.5,False,2004042334
6,12,1,0.0,-0.958446,0.0,0.0,-0.004125,0.19970703125,0.0029296875,1.1753133592797714e-05,371,Ceiling,6,0.00146484375,0.07694950320060266,2048.0,0.5,False,2004042334
6,12,1,0.0,-0.958446,0.0,0.0,-0.004125,0.19970703125,0.0029296875,1.1753133592797714e-05,371,Ceiling,8,0.001953125,0.09748895544979426,2048.0,0.5,False,2004042334
6,12,1,0.0,-0.958446,0.0,0.0,-0.004125,0.19970703125,0.0029296875,1.1753133592797714e-05,371,Ceiling,11,0.002685546875,0.1279975468354542,2048.0,0.5,False,2004042334
6,12,1,0.0,-0.958446,0.0,0.0,-0.004125,0.19970703125,0.0029296875,1.1753133592797714e-05,371,Ceiling,14,0.00341796875,0.15512267422990475,2048.0,0.5,False,2004042334
6,12,1,0.0,-0.958446,0.0,0.0,-0.004125,0.19970703125,0.0029296875,1.1753133592797714e-05,371,Ceiling,18,0.00439453125,0.1890573032246229,2048.0,0.5,False,2004042334
6,12,1,0.0,-0.958446,0.0,0.0,-0.004125,0.19970703125,0.0029296875,1.1753133592797714e-05,371,Ceiling,23,0.005615234375,0.22885852290597478,2048.0,0.5,False,2004042334
6,12,1,0.0,-0.958446,0.0,0.0,-0.004125,0.19970703125,0.0029296875,1.1753133592797714e-05,371,Ceiling,31,0.007568359375,0.2895177430227045,2048.0,0.5,False,2004042334
6,12,1,0.0,-0.958446,0.0,0.0,-0.004125,0.19970703125,0.0029296875,1.1753133592797714e-05,371,Ceiling,40,0.009765625,0.3477839158282514,2048.0,0.5,False,2004042334
6,12,1,0.0,-0.958446,0.0,0.0,-0.004125,0.19970703125,0.0029296875,1.1753133592797714e-05,371,Ceiling,52,0.0126953125,0.41950906206790917,2048.0,0.5,False,2004042334
6,12,1,0.0,-0.958446,0.0,0.0,-0.004125,0.19970703125,0.0029296875,1.1753133592797714e-05,371,Ceiling,67,0.016357421875,0.4924643237919245,2048.0,0.5,False,2004042334
6,12,1,0.0,-0.958446,0.0,0.0,-0.004125,0.19970703125,0.0029296875,1.1753133592797714e-05,371,Ceiling,87,0.021240234375,0.5627892237830541,2048.0,0.5,False,2004042334
6,12,1,0.0,-0.958446,0.0,0.0,-0.004125,0.19970703125,0.0029296875,1.1753133592797714e-05,371,Ceiling,114,0.02783203125,0.6325386600781361,2048.0,0.5,False,2004042334
6,12,1,0.0,-0.958446,0.0,0.0,-0.004125,0.19970703125,0.0029296875,1.1753133592797714e-05,371,Ceiling,148,0.0361328125,0.7032268866130247,2048.0,0.5,False,2004042334
6,12,1,0.0,-0.958446,0.0,0.0,-0.004125,0.19970703125,0.0029296875,1.1753133592797714e-05,371,Ceiling,192,0.046875,0.776103667101161,2048.0,0.5,False,2004042334
6,12,1,0.0,-0.958446,0.0,0.0,-0.004125,0.19970703125,0.0029296875,1.1753133592797714e-05,371,Ceiling,250,0.06103515625,0.8524609762577516,2048.0,0.5,False,2004042334
6,12,1,0.0,-0.958446,0.0,0.0,-0.004125,0.19970703125,0.0029296875,1.1753133592797714e-05,371,Ceiling,325,0.079345703125,0.9214959608627912,2048.0,0.5,False,2004042334
6,12,1,0.0,-0.958446,0.0,0.0,-0.004125,0.19970703125,0.0029296875,1.1753133592797714e-05,371,Ceiling,423,0.103271484375,0.9690657052770282,2048.0,0.5,False,2004042334
6,12,1,0.0,-0.958446,0.0,0.0,-0.004125,0.19970703125,0.0029296875,1.1753133592797714e-05,371,Ceiling,550,0.13427734375,0.9907599595813976,2048.0,0.5,False,2004042334
6,12,1,0.0,-0.958446,0.0,0.0,-0.004125,0.19970703125,0.0029296875,1.1753133592797714e-05,371,Ceiling,715,0.174560546875,0.9992610989678536,2048.0,0.5,False,2004042334
6,12,1,0.0,-0.958446,0.0,0.0,-0.004125,0.19970703125,0.0029296875,1.1753133592797714e-05,371,Ceiling,931,0.227294921875,1.0000000000000022,2048.0,0.5,False,2004042334
6,12,1,0.0,-0.958446,0.0,0.0,-0.004125,0.19970703125,0.0029296875,1.1753133592797714e-05,371,Ceiling,1210,0.29541015625,1.0000000000000022,2048.0,0.5,False,2004042334
6,12,1,0.0,-0.958446,0.0,0.0,-0.004125,0.19970703125,0.0029296875,1.1753133592797714e-05,371,Ceiling,1575,0.384521484375,1.0000000000000022,2048.0,0.5,False,2004042334
6,12,1,0.0,-0.958446,0.0,0.0,-0.004125,0.19970703125,0.0029296875,1.1753133592797714e-05,371,Ceiling,2048,0.5,1.0000000000000022,2048.0,0.5,False,2004042334
6,12,1,0.0,-0.958446,0.0,0.0,-0.004125,0.19970703125,0.0029296875,0.0005018862052047793,2835,BARK,1,0.000244140625,0.0005018862052047793,924.0,0.2255859375,True,2004042334
6,12,1,0.0,-0.958446,0.0,0.0,-0.004125,0.19970703125,0.0029296875,0.0005018862052047793,2835,BARK,2,0.00048828125,0.0008162761202711815,924.0,0.2255859375,True,2004042334
6,12,1,0.0,-0.958446,0.0,0.0,-0.004125,0.19970703125,0.0029296875,0.0005018862052047793,2835,BARK,3,0.000732421875,0.0020267416391079774,924.0,0.2255859375,True,2004042334
6,12,1,0.0,-0.958446,0.0,0.0,-0.004125,0.19970703125,0.0029296875,0.0005018862052047793,2835,BARK,4,0.0009765625,0.004263527641738174,924.0,0.2255859375,True,2004042334
6,12,1,0.0,-0.958446,0.0,0.0,-0.004125,0.19970703125,0.0029296875,0.0005018862052047793,2835,BARK,5,0.001220703125,0.005589927816591433,924.0,0.2255859375,True,2004042334
6,12,1,0.0,-0.958446,0.0,0.0,-0.004125,0.19970703125,0.0029296875,0.0005018862052047793,2835,BARK,6,0.00146484375,0.007854910990484808,924.0,0.2255859375,True,2004042334
6,12,1,0.0,-0.958446,0.0,0.0,-0.004125,0.19970703125,0.0029296875,0.0005018862052047793,2835,BARK,8,0.001953125,0.008883306746064253,924.0,0.2255859375,True,2004042334
6,12,1,0.0,-0.958446,0.0,0.0,-0.004125,0.19970703125,0.0029296875,0.0005018862052047793,2835,BARK,11,0.002685546875,0.0168015234726978,924.0,0.2255859375,True,2004042334
6,12,1,0.0,-0.958446,0.0,0.0,-0.004125,0.19970703125,0.0029296875,0.0005018862052047793,2835,BARK,14,0.00341796875,0.022734308760384844,924.0,0.2255859375,True,2004042334
6,12,1,0.0,-0.958446,0.0,0.0,-0.004125,0.19970703125,0.0029296875,0.0005018862052047793,2835,BARK,18,0.00439453125,0.023814821812170057,924.0,0.2255859375,True,2004042334
6,12,1,0.0,-0.958446,0.0,0.0,-0.004125,0.19970703125,0.0029296875,0.0005018862052047793,2835,BARK,23,0.005615234375,0.028017080789720594,924.0,0.2255859375,True,2004042334
6,12,1,0.0,-0.958446,0.0,0.0,-0.004125,0.19970703125,0.0029296875,0.0005018862052047793,2835,BARK,31,0.007568359375,0.027354773287533156,924.0,0.2255859375,True,2004042334
6,12,1,0.0,-0.958446,0.0,0.0,-0.004125,0.19970703125,0.0029296875,0.0005018862052047793,2835,BARK,40,0.009765625,0.03200708476260065,924.0,0.2255859375,True,2004042334
6,12,1,0.0,-0.958446,0.0,0.0,-0.004125,0.19970703125,0.0029296875,0.0005018862052047793,2835,BARK,52,0.0126953125,0.042108670523199596,924.0,0.2255859375,True,2004042334
6,12,1,0.0,-0.958446,0.0,0.0,-0.004125,0.19970703125,0.0029296875,0.0005018862052047793,2835,BARK,67,0.016357421875,0.039897015530461225,924.0,0.2255859375,True,2004042334
6,12,1,0.0,-0.958446,0.0,0.0,-0.004125,0.19970703125,0.0029296875,0.0005018862052047793,2835,BARK,87,0.021240234375,0.0691162083021381,924.0,0.2255859375,True,2004042334
6,12,1,0.0,-0.958446,0.0,0.0,-0.004125,0.19970703125,0.0029296875,0.0005018862052047793,2835,BARK,114,0.02783203125,0.14427718741410783,924.0,0.2255859375,True,2004042334
6,12,1,0.0,-0.958446,0.0,0.0,-0.004125,0.19970703125,0.0029296875,0.0005018862052047793,2835,BARK,148,0.0361328125,0.18638970682283387,924.0,0.2255859375,True,2004042334
6,12,1,0.0,-0.958446,0.0,0.0,-0.004125,0.19970703125,0.0029296875,0.0005018862052047793,2835,BARK,192,0.046875,0.26710178396032486,924.0,0.2255859375,True,2004042334
6,12,1,0.0,-0.958446,0.0,0.0,-0.004125,0.19970703125,0.0029296875,0.0005018862052047793,2835,BARK,250,0.06103515625,0.31733033159996565,924.0,0.2255859375,True,2004042334
6,12,1,0.0,-0.958446,0.0,0.0,-0.004125,0.19970703125,0.0029296875,0.0005018862052047793,2835,BARK,325,0.079345703125,0.38248559858550546,924.0,0.2255859375,True,2004042334
6,12,1,0.0,-0.958446,0.0,0.0,-0.004125,0.19970703125,0.0029296875,0.0005018862052047793,2835,BARK,423,0.103271484375,0.42233471624903,924.0,0.2255859375,True,2004042334
6,12,1,0.0,-0.958446,0.0,0.0,-0.004125,0.19970703125,0.0029296875,0.0005018862052047793,2835,BARK,550,0.13427734375,0.8035297681572157,924.0,0.2255859375,True,2004042334
6,12,1,0.0,-0.958446,0.0,0.0,-0.004125,0.19970703125,0.0029296875,0.0005018862052047793,2835,BARK,715,0.174560546875,0.9557783190835552,924.0,0.2255859375,True,2004042334
6,12,1,0.0,-0.958446,0.0,0.0,-0.004125,0.19970703125,0.0029296875,0.0005018862052047793,2835,BARK,931,0.227294921875,1.0000000000000018,924.0,0.2255859375,True,2004042334
6,12,1,0.0,-0.958446,0.0,0.0,-0.004125,0.19970703125,0.0029296875,0.0005018862052047793,2835,BARK,1210,0.29541015625,1.0000000000000018,924.0,0.2255859375,True,2004042334
6,12,1,0.0,-0.958446,0.0,0.0,-0.004125,0.19970703125,0.0029296875,0.0005018862052047793,2835,BARK,1575,0.384521484375,1.0000000000000018,924.0,0.2255859375,True,2004042334
6,12,1,0.0,-0.958446,0.0,0.0,-0.004125,0.19970703125,0.0029296875,0.0005018862052047793,2835,BARK,2048,0.5,1.0000000000000018,924.0,0.2255859375,True,2004042334
6,12,1,0.0,-0.958446,0.0,0.0,-0.004125,0.19970703125,0.0029296875,0.0005018862052047793,2835,Simplified BARK,1,0.000244140625,0.0005018862052047793,924.0,0.2255859375,True,2004042334
6,12,1,0.0,-0.958446,0.0,0.0,-0.004125,0.19970703125,0.0029296875,0.0005018862052047793,2835,Simplified BARK,2,0.00048828125,0.0008162761202711815,924.0,0.2255859375,True,2004042334
6,12,1,0.0,-0.958446,0.0,0.0,-0.004125,0.19970703125,0.0029296875,0.0005018862052047793,2835,Simplified BARK,3,0.000732421875,0.0020267416391079774,924.0,0.2255859375,True,2004042334
6,12,1,0.0,-0.958446,0.0,0.0,-0.004125,0.19970703125,0.0029296875,0.0005018862052047793,2835,Simplified BARK,4,0.0009765625,0.0036968925664986997,924.0,0.2255859375,True,2004042334
6,12,1,0.0,-0.958446,0.0,0.0,-0.004125,0.19970703125,0.0029296875,0.0005018862052047793,2835,Simplified BARK,5,0.001220703125,0.004555481516950529,924.0,0.2255859375,True,2004042334
6,12,1,0.0,-0.958446,0.0,0.0,-0.004125,0.19970703125,0.0029296875,0.0005018862052047793,2835,Simplified BARK,6,0.00146484375,0.005368051463701314,924.0,0.2255859375,True,2004042334
6,12,1,0.0,-0.958446,0.0,0.0,-0.004125,0.19970703125,0.0029296875,0.0005018862052047793,2835,Simplified BARK,8,0.001953125,0.005954730499915468,924.0,0.2255859375,True,2004042334
6,12,1,0.0,-0.958446,0.0,0.0,-0.004125,0.19970703125,0.0029296875,0.0005018862052047793,2835,Simplified BARK,11,0.002685546875,0.0047822211827552325,924.0,0.2255859375,True,2004042334
6,12,1,0.0,-0.958446,0.0,0.0,-0.004125,0.19970703125,0.0029296875,0.0005018862052047793,2835,Simplified BARK,14,0.00341796875,0.0033460084104823574,924.0,0.2255859375,True,2004042334
6,12,1,0.0,-0.958446,0.0,0.0,-0.004125,0.19970703125,0.0029296875,0.0005018862052047793,2835,Simplified BARK,18,0.00439453125,0.002035757097491405,924.0,0.2255859375,True,2004042334
6,12,1,0.0,-0.958446,0.0,0.0,-0.004125,0.19970703125,0.0029296875,0.0005018862052047793,2835,Simplified BARK,23,0.005615234375,3.700485646300864e-07,924.0,0.2255859375,True,2004042334
6,12,1,0.0,-0.958446,0.0,0.0,-0.004125,0.19970703125,0.0029296875,0.0005018862052047793,2835,Simplified BARK,31,0.007568359375,1.6883070734853841e-06,924.0,0.2255859375,True,2004042334
6,12,1,0.0,-0.958446,0.0,0.0,-0.004125,0.19970703125,0.0029296875,0.0005018862052047793,2835,Simplified BARK,40,0.009765625,6.722182067558657e-06,924.0,0.2255859375,True,2004042334
6,12,1,0.0,-0.958446,0.0,0.0,-0.004125,0.19970703125,0.0029296875,0.0005018862052047793,2835,Simplified BARK,52,0.0126953125,3.9687440236478004e-05,924.0,0.2255859375,True,2004042334
6,12,1,0.0,-0.958446,0.0,0.0,-0.004125,0.19970703125,0.0029296875,0.0005018862052047793,2835,Simplified BARK,67,0.016357421875,0.00022712726192689257,924.0,0.2255859375,True,2004042334
6,12,1,0.0,-0.958446,0.0,0.0,-0.004125,0.19970703125,0.0029296875,0.0005018862052047793,2835,Simplified BARK,87,0.021240234375,0.0010292129018559329,924.0,0.2255859375,True,2004042334
6,12,1,0.0,-0.958446,0.0,0.0,-0.004125,0.19970703125,0.0029296875,0.0005018862052047793,2835,Simplified BARK,114,0.02783203125,0.0012584113461716613,924.0,0.2255859375,True,2004042334
6,12,1,0.0,-0.958446,0.0,0.0,-0.004125,0.19970703125,0.0029296875,0.0005018862052047793,2835,Simplified BARK,148,0.0361328125,0.010665827486144915,924.0,0.2255859375,True,2004042334
6,12,1,0.0,-0.958446,0.0,0.0,-0.004125,0.19970703125,0.0029296875,0.0005018862052047793,2835,Simplified BARK,192,0.046875,0.03547291136663661,924.0,0.2255859375,True,2004042334
6,12,1,0.0,-0.958446,0.0,0.0,-0.004125,0.19970703125,0.0029296875,0.0005018862052047793,2835,Simplified BARK,250,0.06103515625,0.04057500422807433,924.0,0.2255859375,True,2004042334
6,12,1,0.0,-0.958446,0.0,0.0,-0.004125,0.19970703125,0.0029296875,0.0005018862052047793,2835,Simplified BARK,325,0.079345703125,0.21166334203540926,924.0,0.2255859375,True,2004042334
6,12,1,0.0,-0.958446,0.0,0.0,-0.004125,0.19970703125,0.0029296875,0.0005018862052047793,2835,Simplified BARK,423,0.103271484375,0.39098454462696797,924.0,0.2255859375,True,2004042334
6,12,1,0.0,-0.958446,0.0,0.0,-0.004125,0.19970703125,0.0029296875,0.0005018862052047793,2835,Simplified BARK,550,0.13427734375,0.46498181005673483,924.0,0.2255859375,True,2004042334
6,12,1,0.0,-0.958446,0.0,0.0,-0.004125,0.19970703125,0.0029296875,0.0005018862052047793,2835,Simplified BARK,715,0.174560546875,0.9040277512618462,924.0,0.2255859375,True,2004042334
6,12,1,0.0,-0.958446,0.0,0.0,-0.004125,0.19970703125,0.0029296875,0.0005018862052047793,2835,Simplified BARK,931,0.227294921875,1.0000000000000018,924.0,0.2255859375,True,2004042334
6,12,1,0.0,-0.958446,0.0,0.0,-0.004125,0.19970703125,0.0029296875,0.0005018862052047793,2835,Simplified BARK,1210,0.29541015625,1.0000000000000018,924.0,0.2255859375,True,2004042334
6,12,1,0.0,-0.958446,0.0,0.0,-0.004125,0.19970703125,0.0029296875,0.0005018862052047793,2835,Simplified BARK,1575,0.384521484375,1.0000000000000018,924.0,0.2255859375,True,2004042334
6,12,1,0.0,-0.958446,0.0,0.0,-0.004125,0.19970703125,0.0029296875,0.0005018862052047793,2835,Simplified BARK,2048,0.5,1.0000000000000018,924.0,0.2255859375,True,2004042334
6,12,1,0.0,-0.958446,0.0,0.0,-0.004125,0.19970703125,0.0029296875,0.0005018862052047793,2835,SKQD,1,0.000244140625,0.0005018862052047793,889.3333333333334,0.21712239583333334,True,2004042334
6,12,1,0.0,-0.958446,0.0,0.0,-0.004125,0.19970703125,0.0029296875,0.0005018862052047793,2835,SKQD,2,0.00048828125,0.0005018862052047793,889.3333333333334,0.21712239583333334,True,2004042334
6,12,1,0.0,-0.958446,0.0,0.0,-0.004125,0.19970703125,0.0029296875,0.0005018862052047793,2835,SKQD,3,0.000732421875,0.0005018862052047793,889.3333333333334,0.21712239583333334,True,2004042334
6,12,1,0.0,-0.958446,0.0,0.0,-0.004125,0.19970703125,0.0029296875,0.0005018862052047793,2835,SKQD,4,0.0009765625,0.0005018862052047793,889.3333333333334,0.21712239583333334,True,2004042334
6,12,1,0.0,-0.958446,0.0,0.0,-0.004125,0.19970703125,0.0029296875,0.0005018862052047793,2835,SKQD,5,0.001220703125,0.0005018862052047793,889.3333333333334,0.21712239583333334,True,2004042334
6,12,1,0.0,-0.958446,0.0,0.0,-0.004125,0.19970703125,0.0029296875,0.0005018862052047793,2835,SKQD,6,0.00146484375,0.0005018862052047793,889.3333333333334,0.21712239583333334,True,2004042334
6,12,1,0.0,-0.958446,0.0,0.0,-0.004125,0.19970703125,0.0029296875,0.0005018862052047793,2835,SKQD,8,0.001953125,0.0005018862052047793,889.3333333333334,0.21712239583333334,True,2004042334
6,12,1,0.0,-0.958446,0.0,0.0,-0.004125,0.19970703125,0.0029296875,0.0005018862052047793,2835,SKQD,11,0.002685546875,0.0005018862052047793,889.3333333333334,0.21712239583333334,True,2004042334
6,12,1,0.0,-0.958446,0.0,0.0,-0.004125,0.19970703125,0.0029296875,0.0005018862052047793,2835,SKQD,14,0.00341796875,0.0005018862052047793,889.3333333333334,0.21712239583333334,True,2004042334
6,12,1,0.0,-0.958446,0.0,0.0,-0.004125,0.19970703125,0.0029296875,0.0005018862052047793,2835,SKQD,18,0.00439453125,0.0005018862052047793,889.3333333333334,0.21712239583333334,True,2004042334
6,12,1,0.0,-0.958446,0.0,0.0,-0.004125,0.19970703125,0.0029296875,0.0005018862052047793,2835,SKQD,23,0.005615234375,0.0005018862052047793,889.3333333333334,0.21712239583333334,True,2004042334
6,12,1,0.0,-0.958446,0.0,0.0,-0.004125,0.19970703125,0.0029296875,0.0005018862052047793,2835,SKQD,31,0.007568359375,0.0005018862052047793,889.3333333333334,0.21712239583333334,True,2004042334
6,12,1,0.0,-0.958446,0.0,0.0,-0.004125,0.19970703125,0.0029296875,0.0005018862052047793,2835,SKQD,40,0.009765625,0.0005018862052047793,889.3333333333334,0.21712239583333334,True,2004042334
6,12,1,0.0,-0.958446,0.0,0.0,-0.004125,0.19970703125,0.0029296875,0.0005018862052047793,2835,SKQD,52,0.0126953125,0.0005018862052047793,889.3333333333334,0.21712239583333334,True,2004042334
6,12,1,0.0,-0.958446,0.0,0.0,-0.004125,0.19970703125,0.0029296875,0.0005018862052047793,2835,SKQD,67,0.016357421875,0.03263438932015442,889.3333333333334,0.21712239583333334,True,2004042334
6,12,1,0.0,-0.958446,0.0,0.0,-0.004125,0.19970703125,0.0029296875,0.0005018862052047793,2835,SKQD,87,0.021240234375,0.03263438932015442,889.3333333333334,0.21712239583333334,True,2004042334
6,12,1,0.0,-0.958446,0.0,0.0,-0.004125,0.19970703125,0.0029296875,0.0005018862052047793,2835,SKQD,114,0.02783203125,0.03263438932015442,889.3333333333334,0.21712239583333334,True,2004042334
6,12,1,0.0,-0.958446,0.0,0.0,-0.004125,0.19970703125,0.0029296875,0.0005018862052047793,2835,SKQD,148,0.0361328125,0.03119737771725088,889.3333333333334,0.21712239583333334,True,2004042334
6,12,1,0.0,-0.958446,0.0,0.0,-0.004125,0.19970703125,0.0029296875,0.0005018862052047793,2835,SKQD,192,0.046875,0.03119737771725088,889.3333333333334,0.21712239583333334,True,2004042334
6,12,1,0.0,-0.958446,0.0,0.0,-0.004125,0.19970703125,0.0029296875,0.0005018862052047793,2835,SKQD,250,0.06103515625,0.07030663077698258,889.3333333333334,0.21712239583333334,True,2004042334
6,12,1,0.0,-0.958446,0.0,0.0,-0.004125,0.19970703125,0.0029296875,0.0005018862052047793,2835,SKQD,325,0.079345703125,0.10846581082189861,889.3333333333334,0.21712239583333334,True,2004042334
6,12,1,0.0,-0.958446,0.0,0.0,-0.004125,0.19970703125,0.0029296875,0.0005018862052047793,2835,SKQD,423,0.103271484375,0.19857241173950138,889.3333333333334,0.21712239583333334,True,2004042334
6,12,1,0.0,-0.958446,0.0,0.0,-0.004125,0.19970703125,0.0029296875,0.0005018862052047793,2835,SKQD,550,0.13427734375,0.39035972135185476,889.3333333333334,0.21712239583333334,True,2004042334
6,12,1,0.0,-0.958446,0.0,0.0,-0.004125,0.19970703125,0.0029296875,0.0005018862052047793,2835,SKQD,715,0.174560546875,0.6584047651224495,889.3333333333334,0.21712239583333334,True,2004042334
6,12,1,0.0,-0.958446,0.0,0.0,-0.004125,0.19970703125,0.0029296875,0.0005018862052047793,2835,SKQD,931,0.227294921875,0.9279106718844755,889.3333333333334,0.21712239583333334,True,2004042334
6,12,1,0.0,-0.958446,0.0,0.0,-0.004125,0.19970703125,0.0029296875,0.0005018862052047793,2835,SKQD,1210,0.29541015625,0.9279106718844755,889.3333333333334,0.21712239583333334,True,2004042334
6,12,1,0.0,-0.958446,0.0,0.0,-0.004125,0.19970703125,0.0029296875,0.0005018862052047793,2835,SKQD,1575,0.384521484375,0.9279106718844755,889.3333333333334,0.21712239583333334,True,2004042334
6,12,1,0.0,-0.958446,0.0,0.0,-0.004125,0.19970703125,0.0029296875,0.0005018862052047793,2835,SKQD,2048,0.5,0.9279106718844755,889.3333333333334,0.21712239583333334,True,2004042334
6,12,1,0.0,-0.958446,0.0,0.0,-0.004125,0.19970703125,0.0029296875,0.0005018862052047793,2835,Ceiling,1,0.000244140625,0.015625000000000035,2048.0,0.5,False,2004042334
6,12,1,0.0,-0.958446,0.0,0.0,-0.004125,0.19970703125,0.0029296875,0.0005018862052047793,2835,Ceiling,2,0.00048828125,0.03125000000000002,2048.0,0.5,False,2004042334
6,12,1,0.0,-0.958446,0.0,0.0,-0.004125,0.19970703125,0.0029296875,0.0005018862052047793,2835,Ceiling,3,0.000732421875,0.04267487580015069,2048.0,0.5,False,2004042334
6,12,1,0.0,-0.958446,0.0,0.0,-0.004125,0.19970703125,0.0029296875,0.0005018862052047793,2835,Ceiling,4,0.0009765625,0.05409975160030135,2048.0,0.5,False,2004042334
6,12,1,0.0,-0.958446,0.0,0.0,-0.004125,0.19970703125,0.0029296875,0.0005018862052047793,2835,Ceiling,5,0.001220703125,0.065524627400452,2048.0,0.5,False,2004042334
6,12,1,0.0,-0.958446,0.0,0.0,-0.004125,0.19970703125,0.0029296875,0.0005018862052047793,2835,Ceiling,6,0.00146484375,0.07694950320060266,2048.0,0.5,False,2004042334
6,12,1,0.0,-0.958446,0.0,0.0,-0.004125,0.19970703125,0.0029296875,0.0005018862052047793,2835,Ceiling,8,0.001953125,0.09748895544979426,2048.0,0.5,False,2004042334
6,12,1,0.0,-0.958446,0.0,0.0,-0.004125,0.19970703125,0.0029296875,0.0005018862052047793,2835,Ceiling,11,0.002685546875,0.1279975468354542,2048.0,0.5,False,2004042334
6,12,1,0.0,-0.958446,0.0,0.0,-0.004125,0.19970703125,0.0029296875,0.0005018862052047793,2835,Ceiling,14,0.00341796875,0.15512267422990475,2048.0,0.5,False,2004042334
6,12,1,0.0,-0.958446,0.0,0.0,-0.004125,0.19970703125,0.0029296875,0.0005018862052047793,2835,Ceiling,18,0.00439453125,0.1890573032246229,2048.0,0.5,False,2004042334
6,12,1,0.0,-0.958446,0.0,0.0,-0.004125,0.19970703125,0.0029296875,0.0005018862052047793,2835,Ceiling,23,0.005615234375,0.22885852290597478,2048.0,0.5,False,2004042334
6,12,1,0.0,-0.958446,0.0,0.0,-0.004125,0.19970703125,0.0029296875,0.0005018862052047793,2835,Ceiling,31,0.007568359375,0.2895177430227045,2048.0,0.5,False,2004042334
6,12,1,0.0,-0.958446,0.0,0.0,-0.004125,0.19970703125,0.0029296875,0.0005018862052047793,2835,Ceiling,40,0.009765625,0.3477839158282514,2048.0,0.5,False,2004042334
6,12,1,0.0,-0.958446,0.0,0.0,-0.004125,0.19970703125,0.0029296875,0.0005018862052047793,2835,Ceiling,52,0.0126953125,0.41950906206790917,2048.0,0.5,False,2004042334
6,12,1,0.0,-0.958446,0.0,0.0,-0.004125,0.19970703125,0.0029296875,0.0005018862052047793,2835,Ceiling,67,0.016357421875,0.4924643237919245,2048.0,0.5,False,2004042334
6,12,1,0.0,-0.958446,0.0,0.0,-0.004125,0.19970703125,0.0029296875,0.0005018862052047793,2835,Ceiling,87,0.021240234375,0.5627892237830541,2048.0,0.5,False,2004042334
6,12,1,0.0,-0.958446,0.0,0.0,-0.004125,0.19970703125,0.0029296875,0.0005018862052047793,2835,Ceiling,114,0.02783203125,0.6325386600781361,2048.0,0.5,False,2004042334
6,12,1,0.0,-0.958446,0.0,0.0,-0.004125,0.19970703125,0.0029296875,0.0005018862052047793,2835,Ceiling,148,0.0361328125,0.7032268866130247,2048.0,0.5,False,2004042334
6,12,1,0.0,-0.958446,0.0,0.0,-0.004125,0.19970703125,0.0029296875,0.0005018862052047793,2835,Ceiling,192,0.046875,0.776103667101161,2048.0,0.5,False,2004042334
6,12,1,0.0,-0.958446,0.0,0.0,-0.004125,0.19970703125,0.0029296875,0.0005018862052047793,2835,Ceiling,250,0.06103515625,0.8524609762577516,2048.0,0.5,False,2004042334
6,12,1,0.0,-0.958446,0.0,0.0,-0.004125,0.19970703125,0.0029296875,0.0005018862052047793,2835,Ceiling,325,0.079345703125,0.9214959608627912,2048.0,0.5,False,2004042334
6,12,1,0.0,-0.958446,0.0,0.0,-0.004125,0.19970703125,0.0029296875,0.0005018862052047793,2835,Ceiling,423,0.103271484375,0.9690657052770282,2048.0,0.5,False,2004042334
6,12,1,0.0,-0.958446,0.0,0.0,-0.004125,0.19970703125,0.0029296875,0.0005018862052047793,2835,Ceiling,550,0.13427734375,0.9907599595813976,2048.0,0.5,False,2004042334
6,12,1,0.0,-0.958446,0.0,0.0,-0.004125,0.19970703125,0.0029296875,0.0005018862052047793,2835,Ceiling,715,0.174560546875,0.9992610989678536,2048.0,0.5,False,2004042334
6,12,1,0.0,-0.958446,0.0,0.0,-0.004125,0.19970703125,0.0029296875,0.0005018862052047793,2835,Ceiling,931,0.227294921875,1.0000000000000022,2048.0,0.5,False,2004042334
6,12,1,0.0,-0.958446,0.0,0.0,-0.004125,0.19970703125,0.0029296875,0.0005018862052047793,2835,Ceiling,1210,0.29541015625,1.0000000000000022,2048.0,0.5,False,2004042334
6,12,1,0.0,-0.958446,0.0,0.0,-0.004125,0.19970703125,0.0029296875,0.0005018862052047793,2835,Ceiling,1575,0.384521484375,1.0000000000000022,2048.0,0.5,False,2004042334
6,12,1,0.0,-0.958446,0.0,0.0,-0.004125,0.19970703125,0.0029296875,0.0005018862052047793,2835,Ceiling,2048,0.5,1.0000000000000022,2048.0,0.5,False,2004042334
6,12,1,0.0,-0.958446,0.0,0.0,-0.004125,0.19970703125,0.0029296875,1.718983296255325e-06,237,BARK,1,0.000244140625,1.718983296255325e-06,924.0,0.2255859375,True,2004042334
6,12,1,0.0,-0.958446,0.0,0.0,-0.004125,0.19970703125,0.0029296875,1.718983296255325e-06,237,BARK,2,0.00048828125,2.202620563193992e-06,924.0,0.2255859375,True,2004042334
6,12,1,0.0,-0.958446,0.0,0.0,-0.004125,0.19970703125,0.0029296875,1.718983296255325e-06,237,BARK,3,0.000732421875,1.8406529141972006e-06,924.0,0.2255859375,True,2004042334
6,12,1,0.0,-0.958446,0.0,0.0,-0.004125,0.19970703125,0.0029296875,1.718983296255325e-06,237,BARK,4,0.0009765625,1.3301967350101232e-06,924.0,0.2255859375,True,2004042334
6,12,1,0.0,-0.958446,0.0,0.0,-0.004125,0.19970703125,0.0029296875,1.718983296255325e-06,237,BARK,5,0.001220703125,9.546286344483858e-07,924.0,0.2255859375,True,2004042334
6,12,1,0.0,-0.958446,0.0,0.0,-0.004125,0.19970703125,0.0029296875,1.718983296255325e-06,237,BARK,6,0.00146484375,5.859849346579041e-07,924.0,0.2255859375,True,2004042334
6,12,1,0.0,-0.958446,0.0,0.0,-0.004125,0.19970703125,0.0029296875,1.718983296255325e-06,237,BARK,8,0.001953125,2.166189264896353e-06,924.0,0.2255859375,True,2004042334
6,12,1,0.0,-0.958446,0.0,0.0,-0.004125,0.19970703125,0.0029296875,1.718983296255325e-06,237,BARK,11,0.002685546875,2.5104478951980942e-06,924.0,0.2255859375,True,2004042334
6,12,1,0.0,-0.958446,0.0,0.0,-0.004125,0.19970703125,0.0029296875,1.718983296255325e-06,237,BARK,14,0.00341796875,1.8257706985420032e-06,924.0,0.2255859375,True,2004042334
6,12,1,0.0,-0.958446,0.0,0.0,-0.004125,0.19970703125,0.0029296875,1.718983296255325e-06,237,BARK,18,0.00439453125,4.026556723629568e-06,924.0,0.2255859375,True,2004042334
6,12,1,0.0,-0.958446,0.0,0.0,-0.004125,0.19970703125,0.0029296875,1.718983296255325e-06,237,BARK,23,0.005615234375,2.989621829279829e-05,924.0,0.2255859375,True,2004042334
6,12,1,0.0,-0.958446,0.0,0.0,-0.004125,0.19970703125,0.0029296875,1.718983296255325e-06,237,BARK,31,0.007568359375,0.00011573349346079075,924.0,0.2255859375,True,2004042334
6,12,1,0.0,-0.958446,0.0,0.0,-0.004125,0.19970703125,0.0029296875,1.718983296255325e-06,237,BARK,40,0.009765625,0.00027898802354180374,924.0,0.2255859375,True,2004042334
6,12,1,0.0,-0.958446,0.0,0.0,-0.004125,0.19970703125,0.0029296875,1.718983296255325e-06,237,BARK,52,0.0126953125,0.00025773053365537164,924.0,0.2255859375,True,2004042334
6,12,1,0.0,-0.958446,0.0,0.0,-0.004125,0.19970703125,0.0029296875,1.718983296255325e-06,237,BARK,67,0.016357421875,0.0018674696427072371,924.0,0.2255859375,True,2004042334
6,12,1,0.0,-0.958446,0.0,0.0,-0.004125,0.19970703125,0.0029296875,1.718983296255325e-06,237,BARK,87,0.021240234375,0.002240969935072535,924.0,0.2255859375,True,2004042334
6,12,1,0.0,-0.958446,0.0,0.0,-0.004125,0.19970703125,0.0029296875,1.718983296255325e-06,237,BARK,114,0.02783203125,0.005630429298908574,924.0,0.2255859375,True,2004042334
6,12,1,0.0,-0.958446,0.0,0.0,-0.004125,0.19970703125,0.0029296875,1.718983296255325e-06,237,BARK,148,0.0361328125,0.010745048508057787,924.0,0.2255859375,True,2004042334
6,12,1,0.0,-0.958446,0.0,0.0,-0.004125,0.19970703125,0.0029296875,1.718983296255325e-06,237,BARK,192,0.046875,0.019205028435796707,924.0,0.2255859375,True,2004042334
6,12,1,0.0,-0.958446,0.0,0.0,-0.004125,0.19970703125,0.0029296875,1.718983296255325e-06,237,BARK,250,0.06103515625,0.052856558035155286,924.0,0.2255859375,True,2004042334
6,12,1,0.0,-0.958446,0.0,0.0,-0.004125,0.19970703125,0.0029296875,1.718983296255325e-06,237,BARK,325,0.079345703125,0.20003866487285749,924.0,0.2255859375,True,2004042334
6,12,1,0.0,-0.958446,0.0,0.0,-0.004125,0.19970703125,0.0029296875,1.718983296255325e-06,237,BARK,423,0.103271484375,0.4573934466423823,924.0,0.2255859375,True,2004042334
6,12,1,0.0,-0.958446,0.0,0.0,-0.004125,0.19970703125,0.0029296875,1.718983296255325e-06,237,BARK,550,0.13427734375,0.7636870519683266,924.0,0.2255859375,True,2004042334
6,12,1,0.0,-0.958446,0.0,0.0,-0.004125,0.19970703125,0.0029296875,1.718983296255325e-06,237,BARK,715,0.174560546875,0.9612319872724847,924.0,0.2255859375,True,2004042334
6,12,1,0.0,-0.958446,0.0,0.0,-0.004125,0.19970703125,0.0029296875,1.718983296255325e-06,237,BARK,931,0.227294921875,1.0000000000000018,924.0,0.2255859375,True,2004042334
6,12,1,0.0,-0.958446,0.0,0.0,-0.004125,0.19970703125,0.0029296875,1.718983296255325e-06,237,BARK,1210,0.29541015625,1.0000000000000018,924.0,0.2255859375,True,2004042334
6,12,1,0.0,-0.958446,0.0,0.0,-0.004125,0.19970703125,0.0029296875,1.718983296255325e-06,237,BARK,1575,0.384521484375,1.0000000000000018,924.0,0.2255859375,True,2004042334
6,12,1,0.0,-0.958446,0.0,0.0,-0.004125,0.19970703125,0.0029296875,1.718983296255325e-06,237,BARK,2048,0.5,1.0000000000000018,924.0,0.2255859375,True,2004042334
6,12,1,0.0,-0.958446,0.0,0.0,-0.004125,0.19970703125,0.0029296875,1.718983296255325e-06,237,Simplified BARK,1,0.000244140625,1.718983296255325e-06,924.0,0.2255859375,True,2004042334
6,12,1,0.0,-0.958446,0.0,0.0,-0.004125,0.19970703125,0.0029296875,1.718983296255325e-06,237,Simplified BARK,2,0.00048828125,2.202620563193992e-06,924.0,0.2255859375,True,2004042334
6,12,1,0.0,-0.958446,0.0,0.0,-0.004125,0.19970703125,0.0029296875,1.718983296255325e-06,237,Simplified BARK,3,0.000732421875,1.8406529141972006e-06,924.0,0.2255859375,True,2004042334
6,12,1,0.0,-0.958446,0.0,0.0,-0.004125,0.19970703125,0.0029296875,1.718983296255325e-06,237,Simplified BARK,4,0.0009765625,1.3301967350101232e-06,924.0,0.2255859375,True,2004042334
6,12,1,0.0,-0.958446,0.0,0.0,-0.004125,0.19970703125,0.0029296875,1.718983296255325e-06,237,Simplified BARK,5,0.001220703125,9.546286344483858e-07,924.0,0.2255859375,True,2004042334
6,12,1,0.0,-0.958446,0.0,0.0,-0.004125,0.19970703125,0.0029296875,1.718983296255325e-06,237,Simplified BARK,6,0.00146484375,6.976926176176797e-07,924.0,0.2255859375,True,2004042334
6,12,1,0.0,-0.958446,0.0,0.0,-0.004125,0.19970703125,0.0029296875,1.718983296255325e-06,237,Simplified BARK,8,0.001953125,3.9454217370625637e-07,924.0,0.2255859375,True,2004042334
6,12,1,0.0,-0.958446,0.0,0.0,-0.004125,0.19970703125,0.0029296875,1.718983296255325e-06,237,Simplified BARK,11,0.002685546875,2.3269359655092439e-07,924.0,0.2255859375,True,2004042334
6,12,1,0.0,-0.958446,0.0,0.0,-0.004125,0.19970703125,0.0029296875,1.718983296255325e-06,237,Simplified BARK,14,0.00341796875,1.7767297136919186e-07,924.0,0.2255859375,True,2004042334
6,12,1,0.0,-0.958446,0.0,0.0,-0.004125,0.19970703125,0.0029296875,1.718983296255325e-06,237,Simplified BARK,18,0.00439453125,7.199670458371096e-07,924.0,0.2255859375,True,2004042334
6,12,1,0.0,-0.958446,0.0,0.0,-0.004125,0.19970703125,0.0029296875,1.718983296255325e-06,237,Simplified BARK,23,0.005615234375,2.711514179830283e-06,924.0,0.2255859375,True,2004042334
6,12,1,0.0,-0.958446,0.0,0.0,-0.004125,0.19970703125,0.0029296875,1.718983296255325e-06,237,Simplified BARK,31,0.007568359375,4.2590507573477185e-06,924.0,0.2255859375,True,2004042334
6,12,1,0.0,-0.958446,0.0,0.0,-0.004125,0.19970703125,0.0029296875,1.718983296255325e-06,237,Simplified BARK,40,0.009765625,1.451422197429886e-05,924.0,0.2255859375,True,2004042334
6,12,1,0.0,-0.958446,0.0,0.0,-0.004125,0.19970703125,0.0029296875,1.718983296255325e-06,237,Simplified BARK,52,0.0126953125,9.342197687177787e-05,924.0,0.2255859375,True,2004042334
6,12,1,0.0,-0.958446,0.0,0.0,-0.004125,0.19970703125,0.0029296875,1.718983296255325e-06,237,Simplified BARK,67,0.016357421875,0.0004633366396170894,924.0,0.2255859375,True,2004042334
6,12,1,0.0,-0.958446,0.0,0.0,-0.004125,0.19970703125,0.0029296875,1.718983296255325e-06,237,Simplified BARK,87,0.021240234375,0.0009900229126820332,924.0,0.2255859375,True,2004042334
6,12,1,0.0,-0.958446,0.0,0.0,-0.004125,0.19970703125,0.0029296875,1.718983296255325e-06,237,Simplified BARK,114,0.02783203125,0.002097114476081118,924.0,0.2255859375,True,2004042334
6,12,1,0.0,-0.958446,0.0,0.0,-0.004125,0.19970703125,0.0029296875,1.718983296255325e-06,237,Simplified BARK,148,0.0361328125,0.010969025919566179,924.0,0.2255859375,True,2004042334
6,12,1,0.0,-0.958446,0.0,0.0,-0.004125,0.19970703125,0.0029296875,1.718983296255325e-06,237,Simplified BARK,192,0.046875,0.0383586771365198,924.0,0.2255859375,True,2004042334
6,12,1,0.0,-0.958446,0.0,0.0,-0.004125,0.19970703125,0.0029296875,1.718983296255325e-06,237,Simplified BARK,250,0.06103515625,0.04211772466306697,924.0,0.2255859375,True,2004042334
6,12,1,0.0,-0.958446,0.0,0.0,-0.004125,0.19970703125,0.0029296875,1.718983296255325e-06,237,Simplified BARK,325,0.079345703125,0.21495828880833365,924.0,0.2255859375,True,2004042334
6,12,1,0.0,-0.958446,0.0,0.0,-0.004125,0.19970703125,0.0029296875,1.718983296255325e-06,237,Simplified BARK,423,0.103271484375,0.3916133171815134,924.0,0.2255859375,True,2004042334
6,12,1,0.0,-0.958446,0.0,0.0,-0.004125,0.19970703125,0.0029296875,1.718983296255325e-06,237,Simplified BARK,550,0.13427734375,0.46657385540631363,924.0,0.2255859375,True,2004042334
6,12,1,0.0,-0.958446,0.0,0.0,-0.004125,0.19970703125,0.0029296875,1.718983296255325e-06,237,Simplified BARK,715,0.174560546875,0.9040277512618462,924.0,0.2255859375,True,2004042334
6,12,1,0.0,-0.958446,0.0,0.0,-0.004125,0.19970703125,0.0029296875,1.718983296255325e-06,237,Simplified BARK,931,0.227294921875,1.0000000000000018,924.0,0.2255859375,True,2004042334
6,12,1,0.0,-0.958446,0.0,0.0,-0.004125,0.19970703125,0.0029296875,1.718983296255325e-06,237,Simplified BARK,1210,0.29541015625,1.0000000000000018,924.0,0.2255859375,True,2004042334
6,12,1,0.0,-0.958446,0.0,0.0,-0.004125,0.19970703125,0.0029296875,1.718983296255325e-06,237,Simplified BARK,1575,0.384521484375,1.0000000000000018,924.0,0.2255859375,True,2004042334
6,12,1,0.0,-0.958446,0.0,0.0,-0.004125,0.19970703125,0.0029296875,1.718983296255325e-06,237,Simplified BARK,2048,0.5,1.0000000000000018,924.0,0.2255859375,True,2004042334
6,12,1,0.0,-0.958446,0.0,0.0,-0.004125,0.19970703125,0.0029296875,1.718983296255325e-06,237,SKQD,1,0.000244140625,1.718983296255325e-06,888.0,0.216796875,True,2004042334
6,12,1,0.0,-0.958446,0.0,0.0,-0.004125,0.19970703125,0.0029296875,1.718983296255325e-06,237,SKQD,2,0.00048828125,1.718983296255325e-06,888.0,0.216796875,True,2004042334
6,12,1,0.0,-0.958446,0.0,0.0,-0.004125,0.19970703125,0.0029296875,1.718983296255325e-06,237,SKQD,3,0.000732421875,1.718983296255325e-06,888.0,0.216796875,True,2004042334
6,12,1,0.0,-0.958446,0.0,0.0,-0.004125,0.19970703125,0.0029296875,1.718983296255325e-06,237,SKQD,4,0.0009765625,1.718983296255325e-06,888.0,0.216796875,True,2004042334
6,12,1,0.0,-0.958446,0.0,0.0,-0.004125,0.19970703125,0.0029296875,1.718983296255325e-06,237,SKQD,5,0.001220703125,1.718983296255325e-06,888.0,0.216796875,True,2004042334
6,12,1,0.0,-0.958446,0.0,0.0,-0.004125,0.19970703125,0.0029296875,1.718983296255325e-06,237,SKQD,6,0.00146484375,1.718983296255325e-06,888.0,0.216796875,True,2004042334
6,12,1,0.0,-0.958446,0.0,0.0,-0.004125,0.19970703125,0.0029296875,1.718983296255325e-06,237,SKQD,8,0.001953125,2.6913536265329223e-05,888.0,0.216796875,True,2004042334
6,12,1,0.0,-0.958446,0.0,0.0,-0.004125,0.19970703125,0.0029296875,1.718983296255325e-06,237,SKQD,11,0.002685546875,2.6913536265329223e-05,888.0,0.216796875,True,2004042334
6,12,1,0.0,-0.958446,0.0,0.0,-0.004125,0.19970703125,0.0029296875,1.718983296255325e-06,237,SKQD,14,0.00341796875,3.799376697739582e-05,888.0,0.216796875,True,2004042334
6,12,1,0.0,-0.958446,0.0,0.0,-0.004125,0.19970703125,0.0029296875,1.718983296255325e-06,237,SKQD,18,0.00439453125,5.3509482290390986e-05,888.0,0.216796875,True,2004042334
6,12,1,0.0,-0.958446,0.0,0.0,-0.004125,0.19970703125,0.0029296875,1.718983296255325e-06,237,SKQD,23,0.005615234375,5.3509482290390986e-05,888.0,0.216796875,True,2004042334
6,12,1,0.0,-0.958446,0.0,0.0,-0.004125,0.19970703125,0.0029296875,1.718983296255325e-06,237,SKQD,31,0.007568359375,0.00017116439421378587,888.0,0.216796875,True,2004042334
6,12,1,0.0,-0.958446,0.0,0.0,-0.004125,0.19970703125,0.0029296875,1.718983296255325e-06,237,SKQD,40,0.009765625,0.00017116439421378587,888.0,0.216796875,True,2004042334
6,12,1,0.0,-0.958446,0.0,0.0,-0.004125,0.19970703125,0.0029296875,1.718983296255325e-06,237,SKQD,52,0.0126953125,0.00046518047924273034,888.0,0.216796875,True,2004042334
6,12,1,0.0,-0.958446,0.0,0.0,-0.004125,0.19970703125,0.0029296875,1.718983296255325e-06,237,SKQD,67,0.016357421875,0.000728004798465462,888.0,0.216796875,True,2004042334
6,12,1,0.0,-0.958446,0.0,0.0,-0.004125,0.19970703125,0.0029296875,1.718983296255325e-06,237,SKQD,87,0.021240234375,0.001017195892005708,888.0,0.216796875,True,2004042334
6,12,1,0.0,-0.958446,0.0,0.0,-0.004125,0.19970703125,0.0029296875,1.718983296255325e-06,237,SKQD,114,0.02783203125,0.0024039812381414726,888.0,0.216796875,True,2004042334
6,12,1,0.0,-0.958446,0.0,0.0,-0.004125,0.19970703125,0.0029296875,1.718983296255325e-06,237,SKQD,148,0.0361328125,0.00642747319953088,888.0,0.216796875,True,2004042334
6,12,1,0.0,-0.958446,0.0,0.0,-0.004125,0.19970703125,0.0029296875,1.718983296255325e-06,237,SKQD,192,0.046875,0.008955030625294118,888.0,0.216796875,True,2004042334
6,12,1,0.0,-0.958446,0.0,0.0,-0.004125,0.19970703125,0.0029296875,1.718983296255325e-06,237,SKQD,250,0.06103515625,0.016430575835422883,888.0,0.216796875,True,2004042334
6,12,1,0.0,-0.958446,0.0,0.0,-0.004125,0.19970703125,0.0029296875,1.718983296255325e-06,237,SKQD,325,0.079345703125,0.042139059504709815,888.0,0.216796875,True,2004042334
6,12,1,0.0,-0.958446,0.0,0.0,-0.004125,0.19970703125,0.0029296875,1.718983296255325e-06,237,SKQD,423,0.103271484375,0.1923998396362769,888.0,0.216796875,True,2004042334
6,12,1,0.0,-0.958446,0.0,0.0,-0.004125,0.19970703125,0.0029296875,1.718983296255325e-06,237,SKQD,550,0.13427734375,0.36355856257391145,888.0,0.216796875,True,2004042334
6,12,1,0.0,-0.958446,0.0,0.0,-0.004125,0.19970703125,0.0029296875,1.718983296255325e-06,237,SKQD,715,0.174560546875,0.6111123237864843,888.0,0.216796875,True,2004042334
6,12,1,0.0,-0.958446,0.0,0.0,-0.004125,0.19970703125,0.0029296875,1.718983296255325e-06,237,SKQD,931,0.227294921875,0.9215257348712887,888.0,0.216796875,True,2004042334
6,12,1,0.0,-0.958446,0.0,0.0,-0.004125,0.19970703125,0.0029296875,1.718983296255325e-06,237,SKQD,1210,0.29541015625,0.9215257348712887,888.0,0.216796875,True,2004042334
6,12,1,0.0,-0.958446,0.0,0.0,-0.004125,0.19970703125,0.0029296875,1.718983296255325e-06,237,SKQD,1575,0.384521484375,0.9215257348712887,888.0,0.216796875,True,2004042334
6,12,1,0.0,-0.958446,0.0,0.0,-0.004125,0.19970703125,0.0029296875,1.718983296255325e-06,237,SKQD,2048,0.5,0.9215257348712887,888.0,0.216796875,True,2004042334
6,12,1,0.0,-0.958446,0.0,0.0,-0.004125,0.19970703125,0.0029296875,1.718983296255325e-06,237,Ceiling,1,0.000244140625,0.015625000000000035,2048.0,0.5,False,2004042334
6,12,1,0.0,-0.958446,0.0,0.0,-0.004125,0.19970703125,0.0029296875,1.718983296255325e-06,237,Ceiling,2,0.00048828125,0.03125000000000002,2048.0,0.5,False,2004042334
6,12,1,0.0,-0.958446,0.0,0.0,-0.004125,0.19970703125,0.0029296875,1.718983296255325e-06,237,Ceiling,3,0.000732421875,0.04267487580015069,2048.0,0.5,False,2004042334
6,12,1,0.0,-0.958446,0.0,0.0,-0.004125,0.19970703125,0.0029296875,1.718983296255325e-06,237,Ceiling,4,0.0009765625,0.05409975160030135,2048.0,0.5,False,2004042334
6,12,1,0.0,-0.958446,0.0,0.0,-0.004125,0.19970703125,0.0029296875,1.718983296255325e-06,237,Ceiling,5,0.001220703125,0.065524627400452,2048.0,0.5,False,2004042334
6,12,1,0.0,-0.958446,0.0,0.0,-0.004125,0.19970703125,0.0029296875,1.718983296255325e-06,237,Ceiling,6,0.00146484375,0.07694950320060266,2048.0,0.5,False,2004042334
6,12,1,0.0,-0.958446,0.0,0.0,-0.004125,0.19970703125,0.0029296875,1.718983296255325e-06,237,Ceiling,8,0.001953125,0.09748895544979426,2048.0,0.5,False,2004042334
6,12,1,0.0,-0.958446,0.0,0.0,-0.004125,0.19970703125,0.0029296875,1.718983296255325e-06,237,Ceiling,11,0.002685546875,0.1279975468354542,2048.0,0.5,False,2004042334
6,12,1,0.0,-0.958446,0.0,0.0,-0.004125,0.19970703125,0.0029296875,1.718983296255325e-06,237,Ceiling,14,0.00341796875,0.15512267422990475,2048.0,0.5,False,2004042334
6,12,1,0.0,-0.958446,0.0,0.0,-0.004125,0.19970703125,0.0029296875,1.718983296255325e-06,237,Ceiling,18,0.00439453125,0.1890573032246229,2048.0,0.5,False,2004042334
6,12,1,0.0,-0.958446,0.0,0.0,-0.004125,0.19970703125,0.0029296875,1.718983296255325e-06,237,Ceiling,23,0.005615234375,0.22885852290597478,2048.0,0.5,False,2004042334
6,12,1,0.0,-0.958446,0.0,0.0,-0.004125,0.19970703125,0.0029296875,1.718983296255325e-06,237,Ceiling,31,0.007568359375,0.2895177430227045,2048.0,0.5,False,2004042334
6,12,1,0.0,-0.958446,0.0,0.0,-0.004125,0.19970703125,0.0029296875,1.718983296255325e-06,237,Ceiling,40,0.009765625,0.3477839158282514,2048.0,0.5,False,2004042334
6,12,1,0.0,-0.958446,0.0,0.0,-0.004125,0.19970703125,0.0029296875,1.718983296255325e-06,237,Ceiling,52,0.0126953125,0.41950906206790917,2048.0,0.5,False,2004042334
6,12,1,0.0,-0.958446,0.0,0.0,-0.004125,0.19970703125,0.0029296875,1.718983296255325e-06,237,Ceiling,67,0.016357421875,0.4924643237919245,2048.0,0.5,False,2004042334
6,12,1,0.0,-0.958446,0.0,0.0,-0.004125,0.19970703125,0.0029296875,1.718983296255325e-06,237,Ceiling,87,0.021240234375,0.5627892237830541,2048.0,0.5,False,2004042334
6,12,1,0.0,-0.958446,0.0,0.0,-0.004125,0.19970703125,0.0029296875,1.718983296255325e-06,237,Ceiling,114,0.02783203125,0.6325386600781361,2048.0,0.5,False,2004042334
6,12,1,0.0,-0.958446,0.0,0.0,-0.004125,0.19970703125,0.0029296875,1.718983296255325e-06,237,Ceiling,148,0.0361328125,0.7032268866130247,2048.0,0.5,False,2004042334
6,12,1,0.0,-0.958446,0.0,0.0,-0.004125,0.19970703125,0.0029296875,1.718983296255325e-06,237,Ceiling,192,0.046875,0.776103667101161,2048.0,0.5,False,2004042334
6,12,1,0.0,-0.958446,0.0,0.0,-0.004125,0.19970703125,0.0029296875,1.718983296255325e-06,237,Ceiling,250,0.06103515625,0.8524609762577516,2048.0,0.5,False,2004042334
6,12,1,0.0,-0.958446,0.0,0.0,-0.004125,0.19970703125,0.0029296875,1.718983296255325e-06,237,Ceiling,325,0.079345703125,0.9214959608627912,2048.0,0.5,False,2004042334
6,12,1,0.0,-0.958446,0.0,0.0,-0.004125,0.19970703125,0.0029296875,1.718983296255325e-06,237,Ceiling,423,0.103271484375,0.9690657052770282,2048.0,0.5,False,2004042334
6,12,1,0.0,-0.958446,0.0,0.0,-0.004125,0.19970703125,0.0029296875,1.718983296255325e-06,237,Ceiling,550,0.13427734375,0.9907599595813976,2048.0,0.5,False,2004042334
6,12,1,0.0,-0.958446,0.0,0.0,-0.004125,0.19970703125,0.0029296875,1.718983296255325e-06,237,Ceiling,715,0.174560546875,0.9992610989678536,2048.0,0.5,False,2004042334
6,12,1,0.0,-0.958446,0.0,0.0,-0.004125,0.19970703125,0.0029296875,1.718983296255325e-06,237,Ceiling,931,0.227294921875,1.0000000000000022,2048.0,0.5,False,2004042334
6,12,1,0.0,-0.958446,0.0,0.0,-0.004125,0.19970703125,0.0029296875,1.718983296255325e-06,237,Ceiling,1210,0.29541015625,1.0000000000000022,2048.0,0.5,False,2004042334
6,12,1,0.0,-0.958446,0.0,0.0,-0.004125,0.19970703125,0.0029296875,1.718983296255325e-06,237,Ceiling,1575,0.384521484375,1.0000000000000022,2048.0,0.5,False,2004042334
6,12,1,0.0,-0.958446,0.0,0.0,-0.004125,0.19970703125,0.0029296875,1.718983296255325e-06,237,Ceiling,2048,0.5,1.0000000000000022,2048.0,0.5,False,2004042334
6,12,1,0.0,-0.958446,0.0,0.0,-0.004125,0.19970703125,0.0029296875,3.4448422870206807e-09,3920,BARK,1,0.000244140625,3.4448422870206807e-09,924.0,0.2255859375,True,2004042334
6,12,1,0.0,-0.958446,0.0,0.0,-0.004125,0.19970703125,0.0029296875,3.4448422870206807e-09,3920,BARK,2,0.00048828125,2.1721673061138834e-08,924.0,0.2255859375,True,2004042334
6,12,1,0.0,-0.958446,0.0,0.0,-0.004125,0.19970703125,0.0029296875,3.4448422870206807e-09,3920,BARK,3,0.000732421875,6.823673302687986e-08,924.0,0.2255859375,True,2004042334
6,12,1,0.0,-0.958446,0.0,0.0,-0.004125,0.19970703125,0.0029296875,3.4448422870206807e-09,3920,BARK,4,0.0009765625,1.3735316433493801e-07,924.0,0.2255859375,True,2004042334
6,12,1,0.0,-0.958446,0.0,0.0,-0.004125,0.19970703125,0.0029296875,3.4448422870206807e-09,3920,BARK,5,0.001220703125,1.920374902540731e-07,924.0,0.2255859375,True,2004042334
6,12,1,0.0,-0.958446,0.0,0.0,-0.004125,0.19970703125,0.0029296875,3.4448422870206807e-09,3920,BARK,6,0.00146484375,3.2232867702860035e-07,924.0,0.2255859375,True,2004042334
6,12,1,0.0,-0.958446,0.0,0.0,-0.004125,0.19970703125,0.0029296875,3.4448422870206807e-09,3920,BARK,8,0.001953125,1.2426549393740526e-06,924.0,0.2255859375,True,2004042334
6,12,1,0.0,-0.958446,0.0,0.0,-0.004125,0.19970703125,0.0029296875,3.4448422870206807e-09,3920,BARK,11,0.002685546875,1.260759770226328e-06,924.0,0.2255859375,True,2004042334
6,12,1,0.0,-0.958446,0.0,0.0,-0.004125,0.19970703125,0.0029296875,3.4448422870206807e-09,3920,BARK,14,0.00341796875,1.3757069081636735e-06,924.0,0.2255859375,True,2004042334
6,12,1,0.0,-0.958446,0.0,0.0,-0.004125,0.19970703125,0.0029296875,3.4448422870206807e-09,3920,BARK,18,0.00439453125,8.749895510280285e-06,924.0,0.2255859375,True,2004042334
6,12,1,0.0,-0.958446,0.0,0.0,-0.004125,0.19970703125,0.0029296875,3.4448422870206807e-09,3920,BARK,23,0.005615234375,2.3138792013032992e-05,924.0,0.2255859375,True,2004042334
6,12,1,0.0,-0.958446,0.0,0.0,-0.004125,0.19970703125,0.0029296875,3.4448422870206807e-09,3920,BARK,31,0.007568359375,4.510845662238765e-05,924.0,0.2255859375,True,2004042334
6,12,1,0.0,-0.958446,0.0,0.0,-0.004125,0.19970703125,0.0029296875,3.4448422870206807e-09,3920,BARK,40,0.009765625,0.00018826262294459968,924.0,0.2255859375,True,2004042334
6,12,1,0.0,-0.958446,0.0,0.0,-0.004125,0.19970703125,0.0029296875,3.4448422870206807e-09,3920,BARK,52,0.0126953125,0.0005006758259047703,924.0,0.2255859375,True,2004042334
6,12,1,0.0,-0.958446,0.0,0.0,-0.004125,0.19970703125,0.0029296875,3.4448422870206807e-09,3920,BARK,67,0.016357421875,0.0014299698377840796,924.0,0.2255859375,True,2004042334
6,12,1,0.0,-0.958446,0.0,0.0,-0.004125,0.19970703125,0.0029296875,3.4448422870206807e-09,3920,BARK,87,0.021240234375,0.0037215168183190373,924.0,0.2255859375,True,2004042334
6,12,1,0.0,-0.958446,0.0,0.0,-0.004125,0.19970703125,0.0029296875,3.4448422870206807e-09,3920,BARK,114,0.02783203125,0.01147545304579762,924.0,0.2255859375,True,2004042334
6,12,1,0.0,-0.958446,0.0,0.0,-0.004125,0.19970703125,0.0029296875,3.4448422870206807e-09,3920,BARK,148,0.0361328125,0.013868609353297194,924.0,0.2255859375,True,2004042334
6,12,1,0.0,-0.958446,0.0,0.0,-0.004125,0.19970703125,0.0029296875,3.4448422870206807e-09,3920,BARK,192,0.046875,0.028957361315263174,924.0,0.2255859375,True,2004042334
6,12,1,0.0,-0.958446,0.0,0.0,-0.004125,0.19970703125,0.0029296875,3.4448422870206807e-09,3920,BARK,250,0.06103515625,0.09936089908687233,924.0,0.2255859375,True,2004042334
6,12,1,0.0,-0.958446,0.0,0.0,-0.004125,0.19970703125,0.0029296875,3.4448422870206807e-09,3920,BARK,325,0.079345703125,0.20573191466538499,924.0,0.2255859375,True,2004042334
6,12,1,0.0,-0.958446,0.0,0.0,-0.004125,0.19970703125,0.0029296875,3.4448422870206807e-09,3920,BARK,423,0.103271484375,0.47448689555506096,924.0,0.2255859375,True,2004042334
6,12,1,0.0,-0.958446,0.0,0.0,-0.004125,0.19970703125,0.0029296875,3.4448422870206807e-09,3920,BARK,550,0.13427734375,0.7884482818578605,924.0,0.2255859375,True,2004042334
6,12,1,0.0,-0.958446,0.0,0.0,-0.004125,0.19970703125,0.0029296875,3.4448422870206807e-09,3920,BARK,715,0.174560546875,0.9711518824193727,924.0,0.2255859375,True,2004042334
6,12,1,0.0,-0.958446,0.0,0.0,-0.004125,0.19970703125,0.0029296875,3.4448422870206807e-09,3920,BARK,931,0.227294921875,1.0000000000000009,924.0,0.2255859375,True,2004042334
6,12,1,0.0,-0.958446,0.0,0.0,-0.004125,0.19970703125,0.0029296875,3.4448422870206807e-09,3920,BARK,1210,0.29541015625,1.0000000000000009,924.0,0.2255859375,True,2004042334
6,12,1,0.0,-0.958446,0.0,0.0,-0.004125,0.19970703125,0.0029296875,3.4448422870206807e-09,3920,BARK,1575,0.384521484375,1.0000000000000009,924.0,0.2255859375,True,2004042334
6,12,1,0.0,-0.958446,0.0,0.0,-0.004125,0.19970703125,0.0029296875,3.4448422870206807e-09,3920,BARK,2048,0.5,1.0000000000000009,924.0,0.2255859375,True,2004042334
6,12,1,0.0,-0.958446,0.0,0.0,-0.004125,0.19970703125,0.0029296875,3.4448422870206807e-09,3920,Simplified BARK,1,0.000244140625,3.4448422870206807e-09,924.0,0.2255859375,True,2004042334
6,12,1,0.0,-0.958446,0.0,0.0,-0.004125,0.19970703125,0.0029296875,3.4448422870206807e-09,3920,Simplified BARK,2,0.00048828125,2.1721673061138834e-08,924.0,0.2255859375,True,2004042334
6,12,1,0.0,-0.958446,0.0,0.0,-0.004125,0.19970703125,0.0029296875,3.4448422870206807e-09,3920,Simplified BARK,3,0.000732421875,6.823673302687986e-08,924.0,0.2255859375,True,2004042334
6,12,1,0.0,-0.958446,0.0,0.0,-0.004125,0.19970703125,0.0029296875,3.4448422870206807e-09,3920,Simplified BARK,4,0.0009765625,1.3735316433493801e-07,924.0,0.2255859375,True,2004042334
6,12,1,0.0,-0.958446,0.0,0.0,-0.004125,0.19970703125,0.0029296875,3.4448422870206807e-09,3920,Simplified BARK,5,0.001220703125,1.920374902540731e-07,924.0,0.2255859375,True,2004042334
6,12,1,0.0,-0.958446,0.0,0.0,-0.004125,0.19970703125,0.0029296875,3.4448422870206807e-09,3920,Simplified BARK,6,0.00146484375,3.2232867702860035e-07,924.0,0.2255859375,True,2004042334
6,12,1,0.0,-0.958446,0.0,0.0,-0.004125,0.19970703125,0.0029296875,3.4448422870206807e-09,3920,Simplified BARK,8,0.001953125,1.1571832162016197e-06,924.0,0.2255859375,True,2004042334
6,12,1,0.0,-0.958446,0.0,0.0,-0.004125,0.19970703125,0.0029296875,3.4448422870206807e-09,3920,Simplified BARK,11,0.002685546875,2.9936298160839835e-06,924.0,0.2255859375,True,2004042334
6,12,1,0.0,-0.958446,0.0,0.0,-0.004125,0.19970703125,0.0029296875,3.4448422870206807e-09,3920,Simplified BARK,14,0.00341796875,1.2903949112549312e-05,924.0,0.2255859375,True,2004042334
6,12,1,0.0,-0.958446,0.0,0.0,-0.004125,0.19970703125,0.0029296875,3.4448422870206807e-09,3920,Simplified BARK,18,0.00439453125,3.464420090946316e-05,924.0,0.2255859375,True,2004042334
6,12,1,0.0,-0.958446,0.0,0.0,-0.004125,0.19970703125,0.0029296875,3.4448422870206807e-09,3920,Simplified BARK,23,0.005615234375,6.931768411479684e-05,924.0,0.2255859375,True,2004042334
6,12,1,0.0,-0.958446,0.0,0.0,-0.004125,0.19970703125,0.0029296875,3.4448422870206807e-09,3920,Simplified BARK,31,0.007568359375,7.937178549778759e-05,924.0,0.2255859375,True,2004042334
6,12,1,0.0,-0.958446,0.0,0.0,-0.004125,0.19970703125,0.0029296875,3.4448422870206807e-09,3920,Simplified BARK,40,0.009765625,1.7800367489002754e-07,924.0,0.2255859375,True,2004042334
6,12,1,0.0,-0.958446,0.0,0.0,-0.004125,0.19970703125,0.0029296875,3.4448422870206807e-09,3920,Simplified BARK,52,0.0126953125,4.3211433516730365e-06,924.0,0.2255859375,True,2004042334
6,12,1,0.0,-0.958446,0.0,0.0,-0.004125,0.19970703125,0.0029296875,3.4448422870206807e-09,3920,Simplified BARK,67,0.016357421875,7.503864630864897e-05,924.0,0.2255859375,True,2004042334
6,12,1,0.0,-0.958446,0.0,0.0,-0.004125,0.19970703125,0.0029296875,3.4448422870206807e-09,3920,Simplified BARK,87,0.021240234375,0.000491458774827086,924.0,0.2255859375,True,2004042334
6,12,1,0.0,-0.958446,0.0,0.0,-0.004125,0.19970703125,0.0029296875,3.4448422870206807e-09,3920,Simplified BARK,114,0.02783203125,0.0009154585695972109,924.0,0.2255859375,True,2004042334
6,12,1,0.0,-0.958446,0.0,0.0,-0.004125,0.19970703125,0.0029296875,3.4448422870206807e-09,3920,Simplified BARK,148,0.0361328125,0.009213744945957707,924.0,0.2255859375,True,2004042334
6,12,1,0.0,-0.958446,0.0,0.0,-0.004125,0.19970703125,0.0029296875,3.4448422870206807e-09,3920,Simplified BARK,192,0.046875,0.029535725698588127,924.0,0.2255859375,True,2004042334
6,12,1,0.0,-0.958446,0.0,0.0,-0.004125,0.19970703125,0.0029296875,3.4448422870206807e-09,3920,Simplified BARK,250,0.06103515625,0.035909368434311265,924.0,0.2255859375,True,2004042334
6,12,1,0.0,-0.958446,0.0,0.0,-0.004125,0.19970703125,0.0029296875,3.4448422870206807e-09,3920,Simplified BARK,325,0.079345703125,0.20270354189326162,924.0,0.2255859375,True,2004042334
6,12,1,0.0,-0.958446,0.0,0.0,-0.004125,0.19970703125,0.0029296875,3.4448422870206807e-09,3920,Simplified BARK,423,0.103271484375,0.3791632819170549,924.0,0.2255859375,True,2004042334
6,12,1,0.0,-0.958446,0.0,0.0,-0.004125,0.19970703125,0.0029296875,3.4448422870206807e-09,3920,Simplified BARK,550,0.13427734375,0.4421362680733184,924.0,0.2255859375,True,2004042334
6,12,1,0.0,-0.958446,0.0,0.0,-0.004125,0.19970703125,0.0029296875,3.4448422870206807e-09,3920,Simplified BARK,715,0.174560546875,0.9040252793433223,924.0,0.2255859375,True,2004042334
6,12,1,0.0,-0.958446,0.0,0.0,-0.004125,0.19970703125,0.0029296875,3.4448422870206807e-09,3920,Simplified BARK,931,0.227294921875,1.0000000000000018,924.0,0.2255859375,True,2004042334
6,12,1,0.0,-0.958446,0.0,0.0,-0.004125,0.19970703125,0.0029296875,3.4448422870206807e-09,3920,Simplified BARK,1210,0.29541015625,1.0000000000000018,924.0,0.2255859375,True,2004042334
6,12,1,0.0,-0.958446,0.0,0.0,-0.004125,0.19970703125,0.0029296875,3.4448422870206807e-09,3920,Simplified BARK,1575,0.384521484375,1.0000000000000018,924.0,0.2255859375,True,2004042334
6,12,1,0.0,-0.958446,0.0,0.0,-0.004125,0.19970703125,0.0029296875,3.4448422870206807e-09,3920,Simplified BARK,2048,0.5,1.0000000000000018,924.0,0.2255859375,True,2004042334
6,12,1,0.0,-0.958446,0.0,0.0,-0.004125,0.19970703125,0.0029296875,3.4448422870206807e-09,3920,SKQD,1,0.000244140625,3.4448422870206807e-09,879.0,0.214599609375,True,2004042334
6,12,1,0.0,-0.958446,0.0,0.0,-0.004125,0.19970703125,0.0029296875,3.4448422870206807e-09,3920,SKQD,2,0.00048828125,3.4448422870206807e-09,879.0,0.214599609375,True,2004042334
6,12,1,0.0,-0.958446,0.0,0.0,-0.004125,0.19970703125,0.0029296875,3.4448422870206807e-09,3920,SKQD,3,0.000732421875,3.4448422870206807e-09,879.0,0.214599609375,True,2004042334
6,12,1,0.0,-0.958446,0.0,0.0,-0.004125,0.19970703125,0.0029296875,3.4448422870206807e-09,3920,SKQD,4,0.0009765625,3.4448422870206807e-09,879.0,0.214599609375,True,2004042334
6,12,1,0.0,-0.958446,0.0,0.0,-0.004125,0.19970703125,0.0029296875,3.4448422870206807e-09,3920,SKQD,5,0.001220703125,3.4448422870206807e-09,879.0,0.214599609375,True,2004042334
6,12,1,0.0,-0.958446,0.0,0.0,-0.004125,0.19970703125,0.0029296875,3.4448422870206807e-09,3920,SKQD,6,0.00146484375,2.201591841677018e-08,879.0,0.214599609375,True,2004042334
6,12,1,0.0,-0.958446,0.0,0.0,-0.004125,0.19970703125,0.0029296875,3.4448422870206807e-09,3920,SKQD,8,0.001953125,2.8568338702111334e-08,879.0,0.214599609375,True,2004042334
6,12,1,0.0,-0.958446,0.0,0.0,-0.004125,0.19970703125,0.0029296875,3.4448422870206807e-09,3920,SKQD,11,0.002685546875,1.2380175749664774e-07,879.0,0.214599609375,True,2004042334
6,12,1,0.0,-0.958446,0.0,0.0,-0.004125,0.19970703125,0.0029296875,3.4448422870206807e-09,3920,SKQD,14,0.00341796875,1.9184396905235148e-07,879.0,0.214599609375,True,2004042334
6,12,1,0.0,-0.958446,0.0,0.0,-0.004125,0.19970703125,0.0029296875,3.4448422870206807e-09,3920,SKQD,18,0.00439453125,1.329199026269731e-06,879.0,0.214599609375,True,2004042334
6,12,1,0.0,-0.958446,0.0,0.0,-0.004125,0.19970703125,0.0029296875,3.4448422870206807e-09,3920,SKQD,23,0.005615234375,1.710671459190072e-06,879.0,0.214599609375,True,2004042334
6,12,1,0.0,-0.958446,0.0,0.0,-0.004125,0.19970703125,0.0029296875,3.4448422870206807e-09,3920,SKQD,31,0.007568359375,3.203228627184543e-06,879.0,0.214599609375,True,2004042334
6,12,1,0.0,-0.958446,0.0,0.0,-0.004125,0.19970703125,0.0029296875,3.4448422870206807e-09,3920,SKQD,40,0.009765625,2.2646831507953627e-05,879.0,0.214599609375,True,2004042334
6,12,1,0.0,-0.958446,0.0,0.0,-0.004125,0.19970703125,0.0029296875,3.4448422870206807e-09,3920,SKQD,52,0.0126953125,6.960056377831629e-05,879.0,0.214599609375,True,2004042334
6,12,1,0.0,-0.958446,0.0,0.0,-0.004125,0.19970703125,0.0029296875,3.4448422870206807e-09,3920,SKQD,67,0.016357421875,0.00025694754552451287,879.0,0.214599609375,True,2004042334
6,12,1,0.0,-0.958446,0.0,0.0,-0.004125,0.19970703125,0.0029296875,3.4448422870206807e-09,3920,SKQD,87,0.021240234375,0.0010397576981055286,879.0,0.214599609375,True,2004042334
6,12,1,0.0,-0.958446,0.0,0.0,-0.004125,0.19970703125,0.0029296875,3.4448422870206807e-09,3920,SKQD,114,0.02783203125,0.0031958127268470176,879.0,0.214599609375,True,2004042334
6,12,1,0.0,-0.958446,0.0,0.0,-0.004125,0.19970703125,0.0029296875,3.4448422870206807e-09,3920,SKQD,148,0.0361328125,0.006144580074388713,879.0,0.214599609375,True,2004042334
6,12,1,0.0,-0.958446,0.0,0.0,-0.004125,0.19970703125,0.0029296875,3.4448422870206807e-09,3920,SKQD,192,0.046875,0.017294338286805194,879.0,0.214599609375,True,2004042334
6,12,1,0.0,-0.958446,0.0,0.0,-0.004125,0.19970703125,0.0029296875,3.4448422870206807e-09,3920,SKQD,250,0.06103515625,0.04041834339177102,879.0,0.214599609375,True,2004042334
6,12,1,0.0,-0.958446,0.0,0.0,-0.004125,0.19970703125,0.0029296875,3.4448422870206807e-09,3920,SKQD,325,0.079345703125,0.10064879175703867,879.0,0.214599609375,True,2004042334
6,12,1,0.0,-0.958446,0.0,0.0,-0.004125,0.19970703125,0.0029296875,3.4448422870206807e-09,3920,SKQD,423,0.103271484375,0.2608931147867293,879.0,0.214599609375,True,2004042334
6,12,1,0.0,-0.958446,0.0,0.0,-0.004125,0.19970703125,0.0029296875,3.4448422870206807e-09,3920,SKQD,550,0.13427734375,0.5344182956361582,879.0,0.214599609375,True,2004042334
6,12,1,0.0,-0.958446,0.0,0.0,-0.004125,0.19970703125,0.0029296875,3.4448422870206807e-09,3920,SKQD,715,0.174560546875,0.7174752812460553,879.0,0.214599609375,True,2004042334
6,12,1,0.0,-0.958446,0.0,0.0,-0.004125,0.19970703125,0.0029296875,3.4448422870206807e-09,3920,SKQD,931,0.227294921875,0.9469530857789192,879.0,0.214599609375,True,2004042334
6,12,1,0.0,-0.958446,0.0,0.0,-0.004125,0.19970703125,0.0029296875,3.4448422870206807e-09,3920,SKQD,1210,0.29541015625,0.9469530857789192,879.0,0.214599609375,True,2004042334
6,12,1,0.0,-0.958446,0.0,0.0,-0.004125,0.19970703125,0.0029296875,3.4448422870206807e-09,3920,SKQD,1575,0.384521484375,0.9469530857789192,879.0,0.214599609375,True,2004042334
6,12,1,0.0,-0.958446,0.0,0.0,-0.004125,0.19970703125,0.0029296875,3.4448422870206807e-09,3920,SKQD,2048,0.5,0.9469530857789192,879.0,0.214599609375,True,2004042334
6,12,1,0.0,-0.958446,0.0,0.0,-0.004125,0.19970703125,0.0029296875,3.4448422870206807e-09,3920,Ceiling,1,0.000244140625,0.015625000000000035,2048.0,0.5,False,2004042334
6,12,1,0.0,-0.958446,0.0,0.0,-0.004125,0.19970703125,0.0029296875,3.4448422870206807e-09,3920,Ceiling,2,0.00048828125,0.03125000000000002,2048.0,0.5,False,2004042334
6,12,1,0.0,-0.958446,0.0,0.0,-0.004125,0.19970703125,0.0029296875,3.4448422870206807e-09,3920,Ceiling,3,0.000732421875,0.04267487580015069,2048.0,0.5,False,2004042334
6,12,1,0.0,-0.958446,0.0,0.0,-0.004125,0.19970703125,0.0029296875,3.4448422870206807e-09,3920,Ceiling,4,0.0009765625,0.05409975160030135,2048.0,0.5,False,2004042334
6,12,1,0.0,-0.958446,0.0,0.0,-0.004125,0.19970703125,0.0029296875,3.4448422870206807e-09,3920,Ceiling,5,0.001220703125,0.065524627400452,2048.0,0.5,False,2004042334
6,12,1,0.0,-0.958446,0.0,0.0,-0.004125,0.19970703125,0.0029296875,3.4448422870206807e-09,3920,Ceiling,6,0.00146484375,0.07694950320060266,2048.0,0.5,False,2004042334
6,12,1,0.0,-0.958446,0.0,0.0,-0.004125,0.19970703125,0.0029296875,3.4448422870206807e-09,3920,Ceiling,8,0.001953125,0.09748895544979426,2048.0,0.5,False,2004042334
6,12,1,0.0,-0.958446,0.0,0.0,-0.004125,0.19970703125,0.0029296875,3.4448422870206807e-09,3920,Ceiling,11,0.002685546875,0.1279975468354542,2048.0,0.5,False,2004042334
6,12,1,0.0,-0.958446,0.0,0.0,-0.004125,0.19970703125,0.0029296875,3.4448422870206807e-09,3920,Ceiling,14,0.00341796875,0.15512267422990475,2048.0,0.5,False,2004042334
6,12,1,0.0,-0.958446,0.0,0.0,-0.004125,0.19970703125,0.0029296875,3.4448422870206807e-09,3920,Ceiling,18,0.00439453125,0.1890573032246229,2048.0,0.5,False,2004042334
6,12,1,0.0,-0.958446,0.0,0.0,-0.004125,0.19970703125,0.0029296875,3.4448422870206807e-09,3920,Ceiling,23,0.005615234375,0.22885852290597478,2048.0,0.5,False,2004042334
6,12,1,0.0,-0.958446,0.0,0.0,-0.004125,0.19970703125,0.0029296875,3.4448422870206807e-09,3920,Ceiling,31,0.007568359375,0.2895177430227045,2048.0,0.5,False,2004042334
6,12,1,0.0,-0.958446,0.0,0.0,-0.004125,0.19970703125,0.0029296875,3.4448422870206807e-09,3920,Ceiling,40,0.009765625,0.3477839158282514,2048.0,0.5,False,2004042334
6,12,1,0.0,-0.958446,0.0,0.0,-0.004125,0.19970703125,0.0029296875,3.4448422870206807e-09,3920,Ceiling,52,0.0126953125,0.41950906206790917,2048.0,0.5,False,2004042334
6,12,1,0.0,-0.958446,0.0,0.0,-0.004125,0.19970703125,0.0029296875,3.4448422870206807e-09,3920,Ceiling,67,0.016357421875,0.4924643237919245,2048.0,0.5,False,2004042334
6,12,1,0.0,-0.958446,0.0,0.0,-0.004125,0.19970703125,0.0029296875,3.4448422870206807e-09,3920,Ceiling,87,0.021240234375,0.5627892237830541,2048.0,0.5,False,2004042334
6,12,1,0.0,-0.958446,0.0,0.0,-0.004125,0.19970703125,0.0029296875,3.4448422870206807e-09,3920,Ceiling,114,0.02783203125,0.6325386600781361,2048.0,0.5,False,2004042334
6,12,1,0.0,-0.958446,0.0,0.0,-0.004125,0.19970703125,0.0029296875,3.4448422870206807e-09,3920,Ceiling,148,0.0361328125,0.7032268866130247,2048.0,0.5,False,2004042334
6,12,1,0.0,-0.958446,0.0,0.0,-0.004125,0.19970703125,0.0029296875,3.4448422870206807e-09,3920,Ceiling,192,0.046875,0.776103667101161,2048.0,0.5,False,2004042334
6,12,1,0.0,-0.958446,0.0,0.0,-0.004125,0.19970703125,0.0029296875,3.4448422870206807e-09,3920,Ceiling,250,0.06103515625,0.8524609762577516,2048.0,0.5,False,2004042334
6,12,1,0.0,-0.958446,0.0,0.0,-0.004125,0.19970703125,0.0029296875,3.4448422870206807e-09,3920,Ceiling,325,0.079345703125,0.9214959608627912,2048.0,0.5,False,2004042334
6,12,1,0.0,-0.958446,0.0,0.0,-0.004125,0.19970703125,0.0029296875,3.4448422870206807e-09,3920,Ceiling,423,0.103271484375,0.9690657052770282,2048.0,0.5,False,2004042334
6,12,1,0.0,-0.958446,0.0,0.0,-0.004125,0.19970703125,0.0029296875,3.4448422870206807e-09,3920,Ceiling,550,0.13427734375,0.9907599595813976,2048.0,0.5,False,2004042334
6,12,1,0.0,-0.958446,0.0,0.0,-0.004125,0.19970703125,0.0029296875,3.4448422870206807e-09,3920,Ceiling,715,0.174560546875,0.9992610989678536,2048.0,0.5,False,2004042334
6,12,1,0.0,-0.958446,0.0,0.0,-0.004125,0.19970703125,0.0029296875,3.4448422870206807e-09,3920,Ceiling,931,0.227294921875,1.0000000000000022,2048.0,0.5,False,2004042334
6,12,1,0.0,-0.958446,0.0,0.0,-0.004125,0.19970703125,0.0029296875,3.4448422870206807e-09,3920,Ceiling,1210,0.29541015625,1.0000000000000022,2048.0,0.5,False,2004042334
6,12,1,0.0,-0.958446,0.0,0.0,-0.004125,0.19970703125,0.0029296875,3.4448422870206807e-09,3920,Ceiling,1575,0.384521484375,1.0000000000000022,2048.0,0.5,False,2004042334
6,12,1,0.0,-0.958446,0.0,0.0,-0.004125,0.19970703125,0.0029296875,3.4448422870206807e-09,3920,Ceiling,2048,0.5,1.0000000000000022,2048.0,0.5,False,2004042334
6,12,1,0.0,-0.958446,0.0,0.0,-0.004125,0.19970703125,0.0029296875,3.429566037150952e-05,3490,BARK,1,0.000244140625,3.429566037150952e-05,924.0,0.2255859375,True,2004042334
6,12,1,0.0,-0.958446,0.0,0.0,-0.004125,0.19970703125,0.0029296875,3.429566037150952e-05,3490,BARK,2,0.00048828125,8.669060165302415e-05,924.0,0.2255859375,True,2004042334
6,12,1,0.0,-0.958446,0.0,0.0,-0.004125,0.19970703125,0.0029296875,3.429566037150952e-05,3490,BARK,3,0.000732421875,0.0001146045847350765,924.0,0.2255859375,True,2004042334
6,12,1,0.0,-0.958446,0.0,0.0,-0.004125,0.19970703125,0.0029296875,3.429566037150952e-05,3490,BARK,4,0.0009765625,0.00019020789129376326,924.0,0.2255859375,True,2004042334
6,12,1,0.0,-0.958446,0.0,0.0,-0.004125,0.19970703125,0.0029296875,3.429566037150952e-05,3490,BARK,5,0.001220703125,0.00038610910040575385,924.0,0.2255859375,True,2004042334
6,12,1,0.0,-0.958446,0.0,0.0,-0.004125,0.19970703125,0.0029296875,3.429566037150952e-05,3490,BARK,6,0.00146484375,0.0005102557171981552,924.0,0.2255859375,True,2004042334
6,12,1,0.0,-0.958446,0.0,0.0,-0.004125,0.19970703125,0.0029296875,3.429566037150952e-05,3490,BARK,8,0.001953125,0.0008319931496139828,924.0,0.2255859375,True,2004042334
6,12,1,0.0,-0.958446,0.0,0.0,-0.004125,0.19970703125,0.0029296875,3.429566037150952e-05,3490,BARK,11,0.002685546875,0.0013086397356170158,924.0,0.2255859375,True,2004042334
6,12,1,0.0,-0.958446,0.0,0.0,-0.004125,0.19970703125,0.0029296875,3.429566037150952e-05,3490,BARK,14,0.00341796875,0.0036899207461404218,924.0,0.2255859375,True,2004042334
6,12,1,0.0,-0.958446,0.0,0.0,-0.004125,0.19970703125,0.0029296875,3.429566037150952e-05,3490,BARK,18,0.00439453125,0.0057681963874266495,924.0,0.2255859375,True,2004042334
6,12,1,0.0,-0.958446,0.0,0.0,-0.004125,0.19970703125,0.0029296875,3.429566037150952e-05,3490,BARK,23,0.005615234375,0.012401210953378188,924.0,0.2255859375,True,2004042334
6,12,1,0.0,-0.958446,0.0,0.0,-0.004125,0.19970703125,0.0029296875,3.429566037150952e-05,3490,BARK,31,0.007568359375,0.016634457229345527,924.0,0.2255859375,True,2004042334
6,12,1,0.0,-0.958446,0.0,0.0,-0.004125,0.19970703125,0.0029296875,3.429566037150952e-05,3490,BARK,40,0.009765625,0.03393039691557124,924.0,0.2255859375,True,2004042334
6,12,1,0.0,-0.958446,0.0,0.0,-0.004125,0.19970703125,0.0029296875,3.429566037150952e-05,3490,BARK,52,0.0126953125,0.07656943826465232,924.0,0.2255859375,True,2004042334
6,12,1,0.0,-0.958446,0.0,0.0,-0.004125,0.19970703125,0.0029296875,3.429566037150952e-05,3490,BARK,67,0.016357421875,0.14320620443729784,924.0,0.2255859375,True,2004042334
6,12,1,0.0,-0.958446,0.0,0.0,-0.004125,0.19970703125,0.0029296875,3.429566037150952e-05,3490,BARK,87,0.021240234375,0.18849342170340103,924.0,0.2255859375,True,2004042334
6,12,1,0.0,-0.958446,0.0,0.0,-0.004125,0.19970703125,0.0029296875,3.429566037150952e-05,3490,BARK,114,0.02783203125,0.15964362428922363,924.0,0.2255859375,True,2004042334
6,12,1,0.0,-0.958446,0.0,0.0,-0.004125,0.19970703125,0.0029296875,3.429566037150952e-05,3490,BARK,148,0.0361328125,0.2964349597978889,924.0,0.2255859375,True,2004042334
6,12,1,0.0,-0.958446,0.0,0.0,-0.004125,0.19970703125,0.0029296875,3.429566037150952e-05,3490,BARK,192,0.046875,0.40001281176201564,924.0,0.2255859375,True,2004042334
6,12,1,0.0,-0.958446,0.0,0.0,-0.004125,0.19970703125,0.0029296875,3.429566037150952e-05,3490,BARK,250,0.06103515625,0.43898336289087364,924.0,0.2255859375,True,2004042334
6,12,1,0.0,-0.958446,0.0,0.0,-0.004125,0.19970703125,0.0029296875,3.429566037150952e-05,3490,BARK,325,0.079345703125,0.38699264916362347,924.0,0.2255859375,True,2004042334
6,12,1,0.0,-0.958446,0.0,0.0,-0.004125,0.19970703125,0.0029296875,3.429566037150952e-05,3490,BARK,423,0.103271484375,0.44861505353657366,924.0,0.2255859375,True,2004042334
6,12,1,0.0,-0.958446,0.0,0.0,-0.004125,0.19970703125,0.0029296875,3.429566037150952e-05,3490,BARK,550,0.13427734375,0.6634715536467388,924.0,0.2255859375,True,2004042334
6,12,1,0.0,-0.958446,0.0,0.0,-0.004125,0.19970703125,0.0029296875,3.429566037150952e-05,3490,BARK,715,0.174560546875,0.9539339438164024,924.0,0.2255859375,True,2004042334
6,12,1,0.0,-0.958446,0.0,0.0,-0.004125,0.19970703125,0.0029296875,3.429566037150952e-05,3490,BARK,931,0.227294921875,1.0000000000000022,924.0,0.2255859375,True,2004042334
6,12,1,0.0,-0.958446,0.0,0.0,-0.004125,0.19970703125,0.0029296875,3.429566037150952e-05,3490,BARK,1210,0.29541015625,1.0000000000000022,924.0,0.2255859375,True,2004042334
6,12,1,0.0,-0.958446,0.0,0.0,-0.004125,0.19970703125,0.0029296875,3.429566037150952e-05,3490,BARK,1575,0.384521484375,1.0000000000000022,924.0,0.2255859375,True,2004042334
6,12,1,0.0,-0.958446,0.0,0.0,-0.004125,0.19970703125,0.0029296875,3.429566037150952e-05,3490,BARK,2048,0.5,1.0000000000000022,924.0,0.2255859375,True,2004042334
6,12,1,0.0,-0.958446,0.0,0.0,-0.004125,0.19970703125,0.0029296875,3.429566037150952e-05,3490,Simplified BARK,1,0.000244140625,3.429566037150952e-05,924.0,0.2255859375,True,2004042334
6,12,1,0.0,-0.958446,0.0,0.0,-0.004125,0.19970703125,0.0029296875,3.429566037150952e-05,3490,Simplified BARK,2,0.00048828125,8.669060165302415e-05,924.0,0.2255859375,True,2004042334
6,12,1,0.0,-0.958446,0.0,0.0,-0.004125,0.19970703125,0.0029296875,3.429566037150952e-05,3490,Simplified BARK,3,0.000732421875,0.0001146045847350765,924.0,0.2255859375,True,2004042334
6,12,1,0.0,-0.958446,0.0,0.0,-0.004125,0.19970703125,0.0029296875,3.429566037150952e-05,3490,Simplified BARK,4,0.0009765625,0.00019020789129376326,924.0,0.2255859375,True,2004042334
6,12,1,0.0,-0.958446,0.0,0.0,-0.004125,0.19970703125,0.0029296875,3.429566037150952e-05,3490,Simplified BARK,5,0.001220703125,0.00032009477139184313,924.0,0.2255859375,True,2004042334
6,12,1,0.0,-0.958446,0.0,0.0,-0.004125,0.19970703125,0.0029296875,3.429566037150952e-05,3490,Simplified BARK,6,0.00146484375,0.0004517384807355861,924.0,0.2255859375,True,2004042334
6,12,1,0.0,-0.958446,0.0,0.0,-0.004125,0.19970703125,0.0029296875,3.429566037150952e-05,3490,Simplified BARK,8,0.001953125,0.0006230950132223935,924.0,0.2255859375,True,2004042334
6,12,1,0.0,-0.958446,0.0,0.0,-0.004125,0.19970703125,0.0029296875,3.429566037150952e-05,3490,Simplified BARK,11,0.002685546875,0.0013528175377053376,924.0,0.2255859375,True,2004042334
6,12,1,0.0,-0.958446,0.0,0.0,-0.004125,0.19970703125,0.0029296875,3.429566037150952e-05,3490,Simplified BARK,14,0.00341796875,0.0017704453938111923,924.0,0.2255859375,True,2004042334
6,12,1,0.0,-0.958446,0.0,0.0,-0.004125,0.19970703125,0.0029296875,3.429566037150952e-05,3490,Simplified BARK,18,0.00439453125,0.0018712570413512673,924.0,0.2255859375,True,2004042334
6,12,1,0.0,-0.958446,0.0,0.0,-0.004125,0.19970703125,0.0029296875,3.429566037150952e-05,3490,Simplified BARK,23,0.005615234375,0.0014884286776037199,924.0,0.2255859375,True,2004042334
6,12,1,0.0,-0.958446,0.0,0.0,-0.004125,0.19970703125,0.0029296875,3.429566037150952e-05,3490,Simplified BARK,31,0.007568359375,1.951251576134005e-08,924.0,0.2255859375,True,2004042334
6,12,1,0.0,-0.958446,0.0,0.0,-0.004125,0.19970703125,0.0029296875,3.429566037150952e-05,3490,Simplified BARK,40,0.009765625,2.798062895056844e-06,924.0,0.2255859375,True,2004042334
6,12,1,0.0,-0.958446,0.0,0.0,-0.004125,0.19970703125,0.0029296875,3.429566037150952e-05,3490,Simplified BARK,52,0.0126953125,4.740200088359175e-06,924.0,0.2255859375,True,2004042334
6,12,1,0.0,-0.958446,0.0,0.0,-0.004125,0.19970703125,0.0029296875,3.429566037150952e-05,3490,Simplified BARK,67,0.016357421875,9.735313370106135e-05,924.0,0.2255859375,True,2004042334
6,12,1,0.0,-0.958446,0.0,0.0,-0.004125,0.19970703125,0.0029296875,3.429566037150952e-05,3490,Simplified BARK,87,0.021240234375,0.0008301335757539128,924.0,0.2255859375,True,2004042334
6,12,1,0.0,-0.958446,0.0,0.0,-0.004125,0.19970703125,0.0029296875,3.429566037150952e-05,3490,Simplified BARK,114,0.02783203125,0.0011769094844050925,924.0,0.2255859375,True,2004042334
6,12,1,0.0,-0.958446,0.0,0.0,-0.004125,0.19970703125,0.0029296875,3.429566037150952e-05,3490,Simplified BARK,148,0.0361328125,0.010483247078716538,924.0,0.2255859375,True,2004042334
6,12,1,0.0,-0.958446,0.0,0.0,-0.004125,0.19970703125,0.0029296875,3.429566037150952e-05,3490,Simplified BARK,192,0.046875,0.03238413824261178,924.0,0.2255859375,True,2004042334
6,12,1,0.0,-0.958446,0.0,0.0,-0.004125,0.19970703125,0.0029296875,3.429566037150952e-05,3490,Simplified BARK,250,0.06103515625,0.03908413086737129,924.0,0.2255859375,True,2004042334
6,12,1,0.0,-0.958446,0.0,0.0,-0.004125,0.19970703125,0.0029296875,3.429566037150952e-05,3490,Simplified BARK,325,0.079345703125,0.20969825841514822,924.0,0.2255859375,True,2004042334
6,12,1,0.0,-0.958446,0.0,0.0,-0.004125,0.19970703125,0.0029296875,3.429566037150952e-05,3490,Simplified BARK,423,0.103271484375,0.3833462325012593,924.0,0.2255859375,True,2004042334
6,12,1,0.0,-0.958446,0.0,0.0,-0.004125,0.19970703125,0.0029296875,3.429566037150952e-05,3490,Simplified BARK,550,0.13427734375,0.461687963083761,924.0,0.2255859375,True,2004042334
6,12,1,0.0,-0.958446,0.0,0.0,-0.004125,0.19970703125,0.0029296875,3.429566037150952e-05,3490,Simplified BARK,715,0.174560546875,0.9040372405458627,924.0,0.2255859375,True,2004042334
6,12,1,0.0,-0.958446,0.0,0.0,-0.004125,0.19970703125,0.0029296875,3.429566037150952e-05,3490,Simplified BARK,931,0.227294921875,1.0000000000000009,924.0,0.2255859375,True,2004042334
6,12,1,0.0,-0.958446,0.0,0.0,-0.004125,0.19970703125,0.0029296875,3.429566037150952e-05,3490,Simplified BARK,1210,0.29541015625,1.0000000000000009,924.0,0.2255859375,True,2004042334
6,12,1,0.0,-0.958446,0.0,0.0,-0.004125,0.19970703125,0.0029296875,3.429566037150952e-05,3490,Simplified BARK,1575,0.384521484375,1.0000000000000009,924.0,0.2255859375,True,2004042334
6,12,1,0.0,-0.958446,0.0,0.0,-0.004125,0.19970703125,0.0029296875,3.429566037150952e-05,3490,Simplified BARK,2048,0.5,1.0000000000000009,924.0,0.2255859375,True,2004042334
6,12,1,0.0,-0.958446,0.0,0.0,-0.004125,0.19970703125,0.0029296875,3.429566037150952e-05,3490,SKQD,1,0.000244140625,3.429566037150952e-05,890.3333333333334,0.21736653645833334,True,2004042334
6,12,1,0.0,-0.958446,0.0,0.0,-0.004125,0.19970703125,0.0029296875,3.429566037150952e-05,3490,SKQD,2,0.00048828125,3.429566037150952e-05,890.3333333333334,0.21736653645833334,True,2004042334
6,12,1,0.0,-0.958446,0.0,0.0,-0.004125,0.19970703125,0.0029296875,3.429566037150952e-05,3490,SKQD,3,0.000732421875,3.429566037150952e-05,890.3333333333334,0.21736653645833334,True,2004042334
6,12,1,0.0,-0.958446,0.0,0.0,-0.004125,0.19970703125,0.0029296875,3.429566037150952e-05,3490,SKQD,4,0.0009765625,3.429566037150952e-05,890.3333333333334,0.21736653645833334,True,2004042334
6,12,1,0.0,-0.958446,0.0,0.0,-0.004125,0.19970703125,0.0029296875,3.429566037150952e-05,3490,SKQD,5,0.001220703125,3.429566037150952e-05,890.3333333333334,0.21736653645833334,True,2004042334
6,12,1,0.0,-0.958446,0.0,0.0,-0.004125,0.19970703125,0.0029296875,3.429566037150952e-05,3490,SKQD,6,0.00146484375,3.429566037150952e-05,890.3333333333334,0.21736653645833334,True,2004042334
6,12,1,0.0,-0.958446,0.0,0.0,-0.004125,0.19970703125,0.0029296875,3.429566037150952e-05,3490,SKQD,8,0.001953125,3.429566037150952e-05,890.3333333333334,0.21736653645833334,True,2004042334
6,12,1,0.0,-0.958446,0.0,0.0,-0.004125,0.19970703125,0.0029296875,3.429566037150952e-05,3490,SKQD,11,0.002685546875,3.429566037150952e-05,890.3333333333334,0.21736653645833334,True,2004042334
6,12,1,0.0,-0.958446,0.0,0.0,-0.004125,0.19970703125,0.0029296875,3.429566037150952e-05,3490,SKQD,14,0.00341796875,3.429566037150952e-05,890.3333333333334,0.21736653645833334,True,2004042334
6,12,1,0.0,-0.958446,0.0,0.0,-0.004125,0.19970703125,0.0029296875,3.429566037150952e-05,3490,SKQD,18,0.00439453125,3.429566037150952e-05,890.3333333333334,0.21736653645833334,True,2004042334
6,12,1,0.0,-0.958446,0.0,0.0,-0.004125,0.19970703125,0.0029296875,3.429566037150952e-05,3490,SKQD,23,0.005615234375,3.429566037150952e-05,890.3333333333334,0.21736653645833334,True,2004042334
6,12,1,0.0,-0.958446,0.0,0.0,-0.004125,0.19970703125,0.0029296875,3.429566037150952e-05,3490,SKQD,31,0.007568359375,3.429566037150952e-05,890.3333333333334,0.21736653645833334,True,2004042334
6,12,1,0.0,-0.958446,0.0,0.0,-0.004125,0.19970703125,0.0029296875,3.429566037150952e-05,3490,SKQD,40,0.009765625,0.001394784956516127,890.3333333333334,0.21736653645833334,True,2004042334
6,12,1,0.0,-0.958446,0.0,0.0,-0.004125,0.19970703125,0.0029296875,3.429566037150952e-05,3490,SKQD,52,0.0126953125,0.001394784956516127,890.3333333333334,0.21736653645833334,True,2004042334
6,12,1,0.0,-0.958446,0.0,0.0,-0.004125,0.19970703125,0.0029296875,3.429566037150952e-05,3490,SKQD,67,0.016357421875,0.001394784956516127,890.3333333333334,0.21736653645833334,True,2004042334
6,12,1,0.0,-0.958446,0.0,0.0,-0.004125,0.19970703125,0.0029296875,3.429566037150952e-05,3490,SKQD,87,0.021240234375,0.0025858574429787977,890.3333333333334,0.21736653645833334,True,2004042334
6,12,1,0.0,-0.958446,0.0,0.0,-0.004125,0.19970703125,0.0029296875,3.429566037150952e-05,3490,SKQD,114,0.02783203125,0.0026837003521154434,890.3333333333334,0.21736653645833334,True,2004042334
6,12,1,0.0,-0.958446,0.0,0.0,-0.004125,0.19970703125,0.0029296875,3.429566037150952e-05,3490,SKQD,148,0.0361328125,0.003051809674038988,890.3333333333334,0.21736653645833334,True,2004042334
6,12,1,0.0,-0.958446,0.0,0.0,-0.004125,0.19970703125,0.0029296875,3.429566037150952e-05,3490,SKQD,192,0.046875,0.0040129892479125505,890.3333333333334,0.21736653645833334,True,2004042334
6,12,1,0.0,-0.958446,0.0,0.0,-0.004125,0.19970703125,0.0029296875,3.429566037150952e-05,3490,SKQD,250,0.06103515625,0.006124789759622266,890.3333333333334,0.21736653645833334,True,2004042334
6,12,1,0.0,-0.958446,0.0,0.0,-0.004125,0.19970703125,0.0029296875,3.429566037150952e-05,3490,SKQD,325,0.079345703125,0.009975628380848587,890.3333333333334,0.21736653645833334,True,2004042334
6,12,1,0.0,-0.958446,0.0,0.0,-0.004125,0.19970703125,0.0029296875,3.429566037150952e-05,3490,SKQD,423,0.103271484375,0.02469512291694526,890.3333333333334,0.21736653645833334,True,2004042334
6,12,1,0.0,-0.958446,0.0,0.0,-0.004125,0.19970703125,0.0029296875,3.429566037150952e-05,3490,SKQD,550,0.13427734375,0.0844525313372241,890.3333333333334,0.21736653645833334,True,2004042334
6,12,1,0.0,-0.958446,0.0,0.0,-0.004125,0.19970703125,0.0029296875,3.429566037150952e-05,3490,SKQD,715,0.174560546875,0.3765426299602141,890.3333333333334,0.21736653645833334,True,2004042334
6,12,1,0.0,-0.958446,0.0,0.0,-0.004125,0.19970703125,0.0029296875,3.429566037150952e-05,3490,SKQD,931,0.227294921875,0.9522751564363539,890.3333333333334,0.21736653645833334,True,2004042334
6,12,1,0.0,-0.958446,0.0,0.0,-0.004125,0.19970703125,0.0029296875,3.429566037150952e-05,3490,SKQD,1210,0.29541015625,0.9522751564363539,890.3333333333334,0.21736653645833334,True,2004042334
6,12,1,0.0,-0.958446,0.0,0.0,-0.004125,0.19970703125,0.0029296875,3.429566037150952e-05,3490,SKQD,1575,0.384521484375,0.9522751564363539,890.3333333333334,0.21736653645833334,True,2004042334
6,12,1,0.0,-0.958446,0.0,0.0,-0.004125,0.19970703125,0.0029296875,3.429566037150952e-05,3490,SKQD,2048,0.5,0.9522751564363539,890.3333333333334,0.21736653645833334,True,2004042334
6,12,1,0.0,-0.958446,0.0,0.0,-0.004125,0.19970703125,0.0029296875,3.429566037150952e-05,3490,Ceiling,1,0.000244140625,0.015625000000000035,2048.0,0.5,False,2004042334
6,12,1,0.0,-0.958446,0.0,0.0,-0.004125,0.19970703125,0.0029296875,3.429566037150952e-05,3490,Ceiling,2,0.00048828125,0.03125000000000002,2048.0,0.5,False,2004042334
6,12,1,0.0,-0.958446,0.0,0.0,-0.004125,0.19970703125,0.0029296875,3.429566037150952e-05,3490,Ceiling,3,0.000732421875,0.04267487580015069,2048.0,0.5,False,2004042334
6,12,1,0.0,-0.958446,0.0,0.0,-0.004125,0.19970703125,0.0029296875,3.429566037150952e-05,3490,Ceiling,4,0.0009765625,0.05409975160030135,2048.0,0.5,False,2004042334
6,12,1,0.0,-0.958446,0.0,0.0,-0.004125,0.19970703125,0.0029296875,3.429566037150952e-05,3490,Ceiling,5,0.001220703125,0.065524627400452,2048.0,0.5,False,2004042334
6,12,1,0.0,-0.958446,0.0,0.0,-0.004125,0.19970703125,0.0029296875,3.429566037150952e-05,3490,Ceiling,6,0.00146484375,0.07694950320060266,2048.0,0.5,False,2004042334
6,12,1,0.0,-0.958446,0.0,0.0,-0.004125,0.19970703125,0.0029296875,3.429566037150952e-05,3490,Ceiling,8,0.001953125,0.09748895544979426,2048.0,0.5,False,2004042334
6,12,1,0.0,-0.958446,0.0,0.0,-0.004125,0.19970703125,0.0029296875,3.429566037150952e-05,3490,Ceiling,11,0.002685546875,0.1279975468354542,2048.0,0.5,False,2004042334
6,12,1,0.0,-0.958446,0.0,0.0,-0.004125,0.19970703125,0.0029296875,3.429566037150952e-05,3490,Ceiling,14,0.00341796875,0.15512267422990475,2048.0,0.5,False,2004042334
6,12,1,0.0,-0.958446,0.0,0.0,-0.004125,0.19970703125,0.0029296875,3.429566037150952e-05,3490,Ceiling,18,0.00439453125,0.1890573032246229,2048.0,0.5,False,2004042334
6,12,1,0.0,-0.958446,0.0,0.0,-0.004125,0.19970703125,0.0029296875,3.429566037150952e-05,3490,Ceiling,23,0.005615234375,0.22885852290597478,2048.0,0.5,False,2004042334
6,12,1,0.0,-0.958446,0.0,0.0,-0.004125,0.19970703125,0.0029296875,3.429566037150952e-05,3490,Ceiling,31,0.007568359375,0.2895177430227045,2048.0,0.5,False,2004042334
6,12,1,0.0,-0.958446,0.0,0.0,-0.004125,0.19970703125,0.0029296875,3.429566037150952e-05,3490,Ceiling,40,0.009765625,0.3477839158282514,2048.0,0.5,False,2004042334
6,12,1,0.0,-0.958446,0.0,0.0,-0.004125,0.19970703125,0.0029296875,3.429566037150952e-05,3490,Ceiling,52,0.0126953125,0.41950906206790917,2048.0,0.5,False,2004042334
6,12,1,0.0,-0.958446,0.0,0.0,-0.004125,0.19970703125,0.0029296875,3.429566037150952e-05,3490,Ceiling,67,0.016357421875,0.4924643237919245,2048.0,0.5,False,2004042334
6,12,1,0.0,-0.958446,0.0,0.0,-0.004125,0.19970703125,0.0029296875,3.429566037150952e-05,3490,Ceiling,87,0.021240234375,0.5627892237830541,2048.0,0.5,False,2004042334
6,12,1,0.0,-0.958446,0.0,0.0,-0.004125,0.19970703125,0.0029296875,3.429566037150952e-05,3490,Ceiling,114,0.02783203125,0.6325386600781361,2048.0,0.5,False,2004042334
6,12,1,0.0,-0.958446,0.0,0.0,-0.004125,0.19970703125,0.0029296875,3.429566037150952e-05,3490,Ceiling,148,0.0361328125,0.7032268866130247,2048.0,0.5,False,2004042334
6,12,1,0.0,-0.958446,0.0,0.0,-0.004125,0.19970703125,0.0029296875,3.429566037150952e-05,3490,Ceiling,192,0.046875,0.776103667101161,2048.0,0.5,False,2004042334
6,12,1,0.0,-0.958446,0.0,0.0,-0.004125,0.19970703125,0.0029296875,3.429566037150952e-05,3490,Ceiling,250,0.06103515625,0.8524609762577516,2048.0,0.5,False,2004042334
6,12,1,0.0,-0.958446,0.0,0.0,-0.004125,0.19970703125,0.0029296875,3.429566037150952e-05,3490,Ceiling,325,0.079345703125,0.9214959608627912,2048.0,0.5,False,2004042334
6,12,1,0.0,-0.958446,0.0,0.0,-0.004125,0.19970703125,0.0029296875,3.429566037150952e-05,3490,Ceiling,423,0.103271484375,0.9690657052770282,2048.0,0.5,False,2004042334
6,12,1,0.0,-0.958446,0.0,0.0,-0.004125,0.19970703125,0.0029296875,3.429566037150952e-05,3490,Ceiling,550,0.13427734375,0.9907599595813976,2048.0,0.5,False,2004042334
6,12,1,0.0,-0.958446,0.0,0.0,-0.004125,0.19970703125,0.0029296875,3.429566037150952e-05,3490,Ceiling,715,0.174560546875,0.9992610989678536,2048.0,0.5,False,2004042334
6,12,1,0.0,-0.958446,0.0,0.0,-0.004125,0.19970703125,0.0029296875,3.429566037150952e-05,3490,Ceiling,931,0.227294921875,1.0000000000000022,2048.0,0.5,False,2004042334
6,12,1,0.0,-0.958446,0.0,0.0,-0.004125,0.19970703125,0.0029296875,3.429566037150952e-05,3490,Ceiling,1210,0.29541015625,1.0000000000000022,2048.0,0.5,False,2004042334
6,12,1,0.0,-0.958446,0.0,0.0,-0.004125,0.19970703125,0.0029296875,3.429566037150952e-05,3490,Ceiling,1575,0.384521484375,1.0000000000000022,2048.0,0.5,False,2004042334
6,12,1,0.0,-0.958446,0.0,0.0,-0.004125,0.19970703125,0.0029296875,3.429566037150952e-05,3490,Ceiling,2048,0.5,1.0000000000000022,2048.0,0.5,False,2004042334
14,12,1,0.0,0.618667,0.0,0.0,-0.813737,0.05224609375,0.0029296875,0.0011748355457185421,4014,BARK,1,0.000244140625,0.0011748355457185421,220.0,0.0537109375,True,1435184369
14,12,1,0.0,0.618667,0.0,0.0,-0.813737,0.05224609375,0.0029296875,0.0011748355457185421,4014,BARK,2,0.00048828125,0.004305699792904358,220.0,0.0537109375,True,1435184369
14,12,1,0.0,0.618667,0.0,0.0,-0.813737,0.05224609375,0.0029296875,0.0011748355457185421,4014,BARK,3,0.000732421875,0.009490942879144353,220.0,0.0537109375,True,1435184369
14,12,1,0.0,0.618667,0.0,0.0,-0.813737,0.05224609375,0.0029296875,0.0011748355457185421,4014,BARK,4,0.0009765625,0.01584395376425432,220.0,0.0537109375,True,1435184369
14,12,1,0.0,0.618667,0.0,0.0,-0.813737,0.05224609375,0.0029296875,0.0011748355457185421,4014,BARK,5,0.001220703125,0.02146437302854197,220.0,0.0537109375,True,1435184369
14,12,1,0.0,0.618667,0.0,0.0,-0.813737,0.05224609375,0.0029296875,0.0011748355457185421,4014,BARK,6,0.00146484375,0.024294741159954936,220.0,0.0537109375,True,1435184369
14,12,1,0.0,0.618667,0.0,0.0,-0.813737,0.05224609375,0.0029296875,0.0011748355457185421,4014,BARK,8,0.001953125,0.027809120551802055,220.0,0.0537109375,True,1435184369
14,12,1,0.0,0.618667,0.0,0.0,-0.813737,0.05224609375,0.0029296875,0.0011748355457185421,4014,BARK,11,0.002685546875,0.05338979993220132,220.0,0.0537109375,True,1435184369
14,12,1,0.0,0.618667,0.0,0.0,-0.813737,0.05224609375,0.0029296875,0.0011748355457185421,4014,BARK,14,0.00341796875,0.05439359003062632,220.0,0.0537109375,True,1435184369
14,12,1,0.0,0.618667,0.0,0.0,-0.813737,0.05224609375,0.0029296875,0.0011748355457185421,4014,BARK,18,0.00439453125,0.10057895833379712,220.0,0.0537109375,True,1435184369
14,12,1,0.0,0.618667,0.0,0.0,-0.813737,0.05224609375,0.0029296875,0.0011748355457185421,4014,BARK,23,0.005615234375,0.12891746094843146,220.0,0.0537109375,True,1435184369
14,12,1,0.0,0.618667,0.0,0.0,-0.813737,0.05224609375,0.0029296875,0.0011748355457185421,4014,BARK,31,0.007568359375,0.1908235433151622,220.0,0.0537109375,True,1435184369
14,12,1,0.0,0.618667,0.0,0.0,-0.813737,0.05224609375,0.0029296875,0.0011748355457185421,4014,BARK,40,0.009765625,0.2940874774768713,220.0,0.0537109375,True,1435184369
14,12,1,0.0,0.618667,0.0,0.0,-0.813737,0.05224609375,0.0029296875,0.0011748355457185421,4014,BARK,52,0.0126953125,0.3190759958624416,220.0,0.0537109375,True,1435184369
14,12,1,0.0,0.618667,0.0,0.0,-0.813737,0.05224609375,0.0029296875,0.0011748355457185421,4014,BARK,67,0.016357421875,0.43457311515975433,220.0,0.0537109375,True,1435184369
14,12,1,0.0,0.618667,0.0,0.0,-0.813737,0.05224609375,0.0029296875,0.0011748355457185421,4014,BARK,87,0.021240234375,0.6633811454268631,220.0,0.0537109375,True,1435184369
14,12,1,0.0,0.618667,0.0,0.0,-0.813737,0.05224609375,0.0029296875,0.0011748355457185421,4014,BARK,114,0.02783203125,0.8563085177087747,220.0,0.0537109375,True,1435184369
14,12,1,0.0,0.618667,0.0,0.0,-0.813737,0.05224609375,0.0029296875,0.0011748355457185421,4014,BARK,148,0.0361328125,0.8904280224736175,220.0,0.0537109375,True,1435184369
14,12,1,0.0,0.618667,0.0,0.0,-0.813737,0.05224609375,0.0029296875,0.0011748355457185421,4014,BARK,192,0.046875,0.9879880867851102,220.0,0.0537109375,True,1435184369
14,12,1,0.0,0.618667,0.0,0.0,-0.813737,0.05224609375,0.0029296875,0.0011748355457185421,4014,BARK,250,0.06103515625,1.0000000000000009,220.0,0.0537109375,True,1435184369
14,12,1,0.0,0.618667,0.0,0.0,-0.813737,0.05224609375,0.0029296875,0.0011748355457185421,4014,BARK,325,0.079345703125,1.0000000000000009,220.0,0.0537109375,True,1435184369
14,12,1,0.0,0.618667,0.0,0.0,-0.813737,0.05224609375,0.0029296875,0.0011748355457185421,4014,BARK,423,0.103271484375,1.0000000000000009,220.0,0.0537109375,True,1435184369
14,12,1,0.0,0.618667,0.0,0.0,-0.813737,0.05224609375,0.0029296875,0.0011748355457185421,4014,BARK,550,0.13427734375,1.0000000000000009,220.0,0.0537109375,True,1435184369
14,12,1,0.0,0.618667,0.0,0.0,-0.813737,0.05224609375,0.0029296875,0.0011748355457185421,4014,BARK,715,0.174560546875,1.0000000000000009,220.0,0.0537109375,True,1435184369
14,12,1,0.0,0.618667,0.0,0.0,-0.813737,0.05224609375,0.0029296875,0.0011748355457185421,4014,BARK,931,0.227294921875,1.0000000000000009,220.0,0.0537109375,True,1435184369
14,12,1,0.0,0.618667,0.0,0.0,-0.813737,0.05224609375,0.0029296875,0.0011748355457185421,4014,BARK,1210,0.29541015625,1.0000000000000009,220.0,0.0537109375,True,1435184369
14,12,1,0.0,0.618667,0.0,0.0,-0.813737,0.05224609375,0.0029296875,0.0011748355457185421,4014,BARK,1575,0.384521484375,1.0000000000000009,220.0,0.0537109375,True,1435184369
14,12,1,0.0,0.618667,0.0,0.0,-0.813737,0.05224609375,0.0029296875,0.0011748355457185421,4014,BARK,2048,0.5,1.0000000000000009,220.0,0.0537109375,True,1435184369
14,12,1,0.0,0.618667,0.0,0.0,-0.813737,0.05224609375,0.0029296875,0.0011748355457185421,4014,Simplified BARK,1,0.000244140625,0.0011748355457185421,220.0,0.0537109375,True,1435184369
14,12,1,0.0,0.618667,0.0,0.0,-0.813737,0.05224609375,0.0029296875,0.0011748355457185421,4014,Simplified BARK,2,0.00048828125,0.004305699792904358,220.0,0.0537109375,True,1435184369
14,12,1,0.0,0.618667,0.0,0.0,-0.813737,0.05224609375,0.0029296875,0.0011748355457185421,4014,Simplified BARK,3,0.000732421875,0.009490942879144353,220.0,0.0537109375,True,1435184369
14,12,1,0.0,0.618667,0.0,0.0,-0.813737,0.05224609375,0.0029296875,0.0011748355457185421,4014,Simplified BARK,4,0.0009765625,0.01584395376425432,220.0,0.0537109375,True,1435184369
14,12,1,0.0,0.618667,0.0,0.0,-0.813737,0.05224609375,0.0029296875,0.0011748355457185421,4014,Simplified BARK,5,0.001220703125,0.02146437302854197,220.0,0.0537109375,True,1435184369
14,12,1,0.0,0.618667,0.0,0.0,-0.813737,0.05224609375,0.0029296875,0.0011748355457185421,4014,Simplified BARK,6,0.00146484375,0.024294741159954936,220.0,0.0537109375,True,1435184369
14,12,1,0.0,0.618667,0.0,0.0,-0.813737,0.05224609375,0.0029296875,0.0011748355457185421,4014,Simplified BARK,8,0.001953125,0.027780347570913133,220.0,0.0537109375,True,1435184369
14,12,1,0.0,0.618667,0.0,0.0,-0.813737,0.05224609375,0.0029296875,0.0011748355457185421,4014,Simplified BARK,11,0.002685546875,0.028336208782185707,220.0,0.0537109375,True,1435184369
14,12,1,0.0,0.618667,0.0,0.0,-0.813737,0.05224609375,0.0029296875,0.0011748355457185421,4014,Simplified BARK,14,0.00341796875,0.023272938659816188,220.0,0.0537109375,True,1435184369
14,12,1,0.0,0.618667,0.0,0.0,-0.813737,0.05224609375,0.0029296875,0.0011748355457185421,4014,Simplified BARK,18,0.00439453125,0.016920365602387955,220.0,0.0537109375,True,1435184369
14,12,1,0.0,0.618667,0.0,0.0,-0.813737,0.05224609375,0.0029296875,0.0011748355457185421,4014,Simplified BARK,23,0.005615234375,4.8831291655487576e-05,220.0,0.0537109375,True,1435184369
14,12,1,0.0,0.618667,0.0,0.0,-0.813737,0.05224609375,0.0029296875,0.0011748355457185421,4014,Simplified BARK,31,0.007568359375,0.0018604531745862476,220.0,0.0537109375,True,1435184369
14,12,1,0.0,0.618667,0.0,0.0,-0.813737,0.05224609375,0.0029296875,0.0011748355457185421,4014,Simplified BARK,40,0.009765625,0.014941201718774996,220.0,0.0537109375,True,1435184369
14,12,1,0.0,0.618667,0.0,0.0,-0.813737,0.05224609375,0.0029296875,0.0011748355457185421,4014,Simplified BARK,52,0.0126953125,0.06933172030002052,220.0,0.0537109375,True,1435184369
14,12,1,0.0,0.618667,0.0,0.0,-0.813737,0.05224609375,0.0029296875,0.0011748355457185421,4014,Simplified BARK,67,0.016357421875,0.061567477669723564,220.0,0.0537109375,True,1435184369
14,12,1,0.0,0.618667,0.0,0.0,-0.813737,0.05224609375,0.0029296875,0.0011748355457185421,4014,Simplified BARK,87,0.021240234375,0.14086409189904361,220.0,0.0537109375,True,1435184369
14,12,1,0.0,0.618667,0.0,0.0,-0.813737,0.05224609375,0.0029296875,0.0011748355457185421,4014,Simplified BARK,114,0.02783203125,0.3231934842041734,220.0,0.0537109375,True,1435184369
14,12,1,0.0,0.618667,0.0,0.0,-0.813737,0.05224609375,0.0029296875,0.0011748355457185421,4014,Simplified BARK,148,0.0361328125,0.6597234226400718,220.0,0.0537109375,True,1435184369
14,12,1,0.0,0.618667,0.0,0.0,-0.813737,0.05224609375,0.0029296875,0.0011748355457185421,4014,Simplified BARK,192,0.046875,0.9815578496338343,220.0,0.0537109375,True,1435184369
14,12,1,0.0,0.618667,0.0,0.0,-0.813737,0.05224609375,0.0029296875,0.0011748355457185421,4014,Simplified BARK,250,0.06103515625,1.0000000000000013,220.0,0.0537109375,True,1435184369
14,12,1,0.0,0.618667,0.0,0.0,-0.813737,0.05224609375,0.0029296875,0.0011748355457185421,4014,Simplified BARK,325,0.079345703125,1.0000000000000013,220.0,0.0537109375,True,1435184369
14,12,1,0.0,0.618667,0.0,0.0,-0.813737,0.05224609375,0.0029296875,0.0011748355457185421,4014,Simplified BARK,423,0.103271484375,1.0000000000000013,220.0,0.0537109375,True,1435184369
14,12,1,0.0,0.618667,0.0,0.0,-0.813737,0.05224609375,0.0029296875,0.0011748355457185421,4014,Simplified BARK,550,0.13427734375,1.0000000000000013,220.0,0.0537109375,True,1435184369
14,12,1,0.0,0.618667,0.0,0.0,-0.813737,0.05224609375,0.0029296875,0.0011748355457185421,4014,Simplified BARK,715,0.174560546875,1.0000000000000013,220.0,0.0537109375,True,1435184369
14,12,1,0.0,0.618667,0.0,0.0,-0.813737,0.05224609375,0.0029296875,0.0011748355457185421,4014,Simplified BARK,931,0.227294921875,1.0000000000000013,220.0,0.0537109375,True,1435184369
14,12,1,0.0,0.618667,0.0,0.0,-0.813737,0.05224609375,0.0029296875,0.0011748355457185421,4014,Simplified BARK,1210,0.29541015625,1.0000000000000013,220.0,0.0537109375,True,1435184369
14,12,1,0.0,0.618667,0.0,0.0,-0.813737,0.05224609375,0.0029296875,0.0011748355457185421,4014,Simplified BARK,1575,0.384521484375,1.0000000000000013,220.0,0.0537109375,True,1435184369
14,12,1,0.0,0.618667,0.0,0.0,-0.813737,0.05224609375,0.0029296875,0.0011748355457185421,4014,Simplified BARK,2048,0.5,1.0000000000000013,220.0,0.0537109375,True,1435184369
14,12,1,0.0,0.618667,0.0,0.0,-0.813737,0.05224609375,0.0029296875,0.0011748355457185421,4014,SKQD,1,0.000244140625,0.0011748355457185421,218.33333333333334,0.053304036458333336,True,1435184369
14,12,1,0.0,0.618667,0.0,0.0,-0.813737,0.05224609375,0.0029296875,0.0011748355457185421,4014,SKQD,2,0.00048828125,0.0011748355457185421,218.33333333333334,0.053304036458333336,True,1435184369
14,12,1,0.0,0.618667,0.0,0.0,-0.813737,0.05224609375,0.0029296875,0.0011748355457185421,4014,SKQD,3,0.000732421875,0.0011748355457185421,218.33333333333334,0.053304036458333336,True,1435184369
14,12,1,0.0,0.618667,0.0,0.0,-0.813737,0.05224609375,0.0029296875,0.0011748355457185421,4014,SKQD,4,0.0009765625,0.0011748355457185421,218.33333333333334,0.053304036458333336,True,1435184369
14,12,1,0.0,0.618667,0.0,0.0,-0.813737,0.05224609375,0.0029296875,0.0011748355457185421,4014,SKQD,5,0.001220703125,0.0011748355457185421,218.33333333333334,0.053304036458333336,True,1435184369
14,12,1,0.0,0.618667,0.0,0.0,-0.813737,0.05224609375,0.0029296875,0.0011748355457185421,4014,SKQD,6,0.00146484375,0.0011748355457185421,218.33333333333334,0.053304036458333336,True,1435184369
14,12,1,0.0,0.618667,0.0,0.0,-0.813737,0.05224609375,0.0029296875,0.0011748355457185421,4014,SKQD,8,0.001953125,0.0011748355457185421,218.33333333333334,0.053304036458333336,True,1435184369
14,12,1,0.0,0.618667,0.0,0.0,-0.813737,0.05224609375,0.0029296875,0.0011748355457185421,4014,SKQD,11,0.002685546875,0.0011748355457185421,218.33333333333334,0.053304036458333336,True,1435184369
14,12,1,0.0,0.618667,0.0,0.0,-0.813737,0.05224609375,0.0029296875,0.0011748355457185421,4014,SKQD,14,0.00341796875,0.0011748355457185421,218.33333333333334,0.053304036458333336,True,1435184369
14,12,1,0.0,0.618667,0.0,0.0,-0.813737,0.05224609375,0.0029296875,0.0011748355457185421,4014,SKQD,18,0.00439453125,0.0011748355457185421,218.33333333333334,0.053304036458333336,True,1435184369
14,12,1,0.0,0.618667,0.0,0.0,-0.813737,0.05224609375,0.0029296875,0.0011748355457185421,4014,SKQD,23,0.005615234375,0.0011748355457185421,218.33333333333334,0.053304036458333336,True,1435184369
14,12,1,0.0,0.618667,0.0,0.0,-0.813737,0.05224609375,0.0029296875,0.0011748355457185421,4014,SKQD,31,0.007568359375,0.0011748355457185421,218.33333333333334,0.053304036458333336,True,1435184369
14,12,1,0.0,0.618667,0.0,0.0,-0.813737,0.05224609375,0.0029296875,0.0011748355457185421,4014,SKQD,40,0.009765625,0.0011748355457185421,218.33333333333334,0.053304036458333336,True,1435184369
14,12,1,0.0,0.618667,0.0,0.0,-0.813737,0.05224609375,0.0029296875,0.0011748355457185421,4014,SKQD,52,0.0126953125,0.034784545470656944,218.33333333333334,0.053304036458333336,True,1435184369
14,12,1,0.0,0.618667,0.0,0.0,-0.813737,0.05224609375,0.0029296875,0.0011748355457185421,4014,SKQD,67,0.016357421875,0.06646354198995154,218.33333333333334,0.053304036458333336,True,1435184369
14,12,1,0.0,0.618667,0.0,0.0,-0.813737,0.05224609375,0.0029296875,0.0011748355457185421,4014,SKQD,87,0.021240234375,0.06646354198995154,218.33333333333334,0.053304036458333336,True,1435184369
14,12,1,0.0,0.618667,0.0,0.0,-0.813737,0.05224609375,0.0029296875,0.0011748355457185421,4014,SKQD,114,0.02783203125,0.17486489066912703,218.33333333333334,0.053304036458333336,True,1435184369
14,12,1,0.0,0.618667,0.0,0.0,-0.813737,0.05224609375,0.0029296875,0.0011748355457185421,4014,SKQD,148,0.0361328125,0.31101072774903854,218.33333333333334,0.053304036458333336,True,1435184369
14,12,1,0.0,0.618667,0.0,0.0,-0.813737,0.05224609375,0.0029296875,0.0011748355457185421,4014,SKQD,192,0.046875,0.7066196807239694,218.33333333333334,0.053304036458333336,True,1435184369
14,12,1,0.0,0.618667,0.0,0.0,-0.813737,0.05224609375,0.0029296875,0.0011748355457185421,4014,SKQD,250,0.06103515625,0.9770551253749069,218.33333333333334,0.053304036458333336,True,1435184369
14,12,1,0.0,0.618667,0.0,0.0,-0.813737,0.05224609375,0.0029296875,0.0011748355457185421,4014,SKQD,325,0.079345703125,0.9770551253749069,218.33333333333334,0.053304036458333336,True,1435184369
14,12,1,0.0,0.618667,0.0,0.0,-0.813737,0.05224609375,0.0029296875,0.0011748355457185421,4014,SKQD,423,0.103271484375,0.9770551253749069,218.33333333333334,0.053304036458333336,True,1435184369
14,12,1,0.0,0.618667,0.0,0.0,-0.813737,0.05224609375,0.0029296875,0.0011748355457185421,4014,SKQD,550,0.13427734375,0.9770551253749069,218.33333333333334,0.053304036458333336,True,1435184369
14,12,1,0.0,0.618667,0.0,0.0,-0.813737,0.05224609375,0.0029296875,0.0011748355457185421,4014,SKQD,715,0.174560546875,0.9770551253749069,218.33333333333334,0.053304036458333336,True,1435184369
14,12,1,0.0,0.618667,0.0,0.0,-0.813737,0.05224609375,0.0029296875,0.0011748355457185421,4014,SKQD,931,0.227294921875,0.9770551253749069,218.33333333333334,0.053304036458333336,True,1435184369
14,12,1,0.0,0.618667,0.0,0.0,-0.813737,0.05224609375,0.0029296875,0.0011748355457185421,4014,SKQD,1210,0.29541015625,0.9770551253749069,218.33333333333334,0.053304036458333336,True,1435184369
14,12,1,0.0,0.618667,0.0,0.0,-0.813737,0.05224609375,0.0029296875,0.0011748355457185421,4014,SKQD,1575,0.384521484375,0.9770551253749069,218.33333333333334,0.053304036458333336,True,1435184369
14,12,1,0.0,0.618667,0.0,0.0,-0.813737,0.05224609375,0.0029296875,0.0011748355457185421,4014,SKQD,2048,0.5,0.9770551253749069,218.33333333333334,0.053304036458333336,True,1435184369
14,12,1,0.0,0.618667,0.0,0.0,-0.813737,0.05224609375,0.0029296875,0.0011748355457185421,4014,Ceiling,1,0.000244140625,0.029640507376456127,2048.0,0.5,False,1435184369
14,12,1,0.0,0.618667,0.0,0.0,-0.813737,0.05224609375,0.0029296875,0.0011748355457185421,4014,Ceiling,2,0.00048828125,0.059281014752912226,2048.0,0.5,False,1435184369
14,12,1,0.0,0.618667,0.0,0.0,-0.813737,0.05224609375,0.0029296875,0.0011748355457185421,4014,Ceiling,3,0.000732421875,0.08501249629488047,2048.0,0.5,False,1435184369
14,12,1,0.0,0.618667,0.0,0.0,-0.813737,0.05224609375,0.0029296875,0.0011748355457185421,4014,Ceiling,4,0.0009765625,0.11074397783684857,2048.0,0.5,False,1435184369
14,12,1,0.0,0.618667,0.0,0.0,-0.813737,0.05224609375,0.0029296875,0.0011748355457185421,4014,Ceiling,5,0.001220703125,0.1339830951829714,2048.0,0.5,False,1435184369
14,12,1,0.0,0.618667,0.0,0.0,-0.813737,0.05224609375,0.0029296875,0.0011748355457185421,4014,Ceiling,6,0.00146484375,0.15722221252909424,2048.0,0.5,False,1435184369
14,12,1,0.0,0.618667,0.0,0.0,-0.813737,0.05224609375,0.0029296875,0.0011748355457185421,4014,Ceiling,8,0.001953125,0.20156212966617756,2048.0,0.5,False,1435184369
14,12,1,0.0,0.618667,0.0,0.0,-0.813737,0.05224609375,0.0029296875,0.0011748355457185421,4014,Ceiling,11,0.002685546875,0.2610367590088435,2048.0,0.5,False,1435184369
14,12,1,0.0,0.618667,0.0,0.0,-0.813737,0.05224609375,0.0029296875,0.0011748355457185421,4014,Ceiling,14,0.00341796875,0.3165952834344928,2048.0,0.5,False,1435184369
14,12,1,0.0,0.618667,0.0,0.0,-0.813737,0.05224609375,0.0029296875,0.0011748355457185421,4014,Ceiling,18,0.00439453125,0.38536434820588794,2048.0,0.5,False,1435184369
14,12,1,0.0,0.618667,0.0,0.0,-0.813737,0.05224609375,0.0029296875,0.0011748355457185421,4014,Ceiling,23,0.005615234375,0.4582398582498841,2048.0,0.5,False,1435184369
14,12,1,0.0,0.618667,0.0,0.0,-0.813737,0.05224609375,0.0029296875,0.0011748355457185421,4014,Ceiling,31,0.007568359375,0.5580082961372027,2048.0,0.5,False,1435184369
14,12,1,0.0,0.618667,0.0,0.0,-0.813737,0.05224609375,0.0029296875,0.0011748355457185421,4014,Ceiling,40,0.009765625,0.636704939520901,2048.0,0.5,False,1435184369
14,12,1,0.0,0.618667,0.0,0.0,-0.813737,0.05224609375,0.0029296875,0.0011748355457185421,4014,Ceiling,52,0.0126953125,0.7220310831211169,2048.0,0.5,False,1435184369
14,12,1,0.0,0.618667,0.0,0.0,-0.813737,0.05224609375,0.0029296875,0.0011748355457185421,4014,Ceiling,67,0.016357421875,0.8036798825454115,2048.0,0.5,False,1435184369
14,12,1,0.0,0.618667,0.0,0.0,-0.813737,0.05224609375,0.0029296875,0.0011748355457185421,4014,Ceiling,87,0.021240234375,0.8829277023622187,2048.0,0.5,False,1435184369
14,12,1,0.0,0.618667,0.0,0.0,-0.813737,0.05224609375,0.0029296875,0.0011748355457185421,4014,Ceiling,114,0.02783203125,0.9496421456844548,2048.0,0.5,False,1435184369
14,12,1,0.0,0.618667,0.0,0.0,-0.813737,0.05224609375,0.0029296875,0.0011748355457185421,4014,Ceiling,148,0.0361328125,0.9869192539376299,2048.0,0.5,False,1435184369
14,12,1,0.0,0.618667,0.0,0.0,-0.813737,0.05224609375,0.0029296875,0.0011748355457185421,4014,Ceiling,192,0.046875,0.999583233017466,2048.0,0.5,False,1435184369
14,12,1,0.0,0.618667,0.0,0.0,-0.813737,0.05224609375,0.0029296875,0.0011748355457185421,4014,Ceiling,250,0.06103515625,1.0000000000000013,2048.0,0.5,False,1435184369
14,12,1,0.0,0.618667,0.0,0.0,-0.813737,0.05224609375,0.0029296875,0.0011748355457185421,4014,Ceiling,325,0.079345703125,1.0000000000000013,2048.0,0.5,False,1435184369
14,12,1,0.0,0.618667,0.0,0.0,-0.813737,0.05224609375,0.0029296875,0.0011748355457185421,4014,Ceiling,423,0.103271484375,1.0000000000000013,2048.0,0.5,False,1435184369
14,12,1,0.0,0.618667,0.0,0.0,-0.813737,0.05224609375,0.0029296875,0.0011748355457185421,4014,Ceiling,550,0.13427734375,1.0000000000000013,2048.0,0.5,False,1435184369
14,12,1,0.0,0.618667,0.0,0.0,-0.813737,0.05224609375,0.0029296875,0.0011748355457185421,4014,Ceiling,715,0.174560546875,1.0000000000000013,2048.0,0.5,False,1435184369
14,12,1,0.0,0.618667,0.0,0.0,-0.813737,0.05224609375,0.0029296875,0.0011748355457185421,4014,Ceiling,931,0.227294921875,1.0000000000000013,2048.0,0.5,False,1435184369
14,12,1,0.0,0.618667,0.0,0.0,-0.813737,0.05224609375,0.0029296875,0.0011748355457185421,4014,Ceiling,1210,0.29541015625,1.0000000000000013,2048.0,0.5,False,1435184369
14,12,1,0.0,0.618667,0.0,0.0,-0.813737,0.05224609375,0.0029296875,0.0011748355457185421,4014,Ceiling,1575,0.384521484375,1.0000000000000013,2048.0,0.5,False,1435184369
14,12,1,0.0,0.618667,0.0,0.0,-0.813737,0.05224609375,0.0029296875,0.0011748355457185421,4014,Ceiling,2048,0.5,1.0000000000000013,2048.0,0.5,False,1435184369
14,12,1,0.0,0.618667,0.0,0.0,-0.813737,0.05224609375,0.0029296875,1.9714187737455094e-06,895,BARK,1,0.000244140625,1.9714187737455094e-06,220.0,0.0537109375,True,1435184369
14,12,1,0.0,0.618667,0.0,0.0,-0.813737,0.05224609375,0.0029296875,1.9714187737455094e-06,895,BARK,2,0.00048828125,1.7805020338846855e-06,220.0,0.0537109375,True,1435184369
14,12,1,0.0,0.618667,0.0,0.0,-0.813737,0.05224609375,0.0029296875,1.9714187737455094e-06,895,BARK,3,0.000732421875,1.187915803831453e-06,220.0,0.0537109375,True,1435184369
14,12,1,0.0,0.618667,0.0,0.0,-0.813737,0.05224609375,0.0029296875,1.9714187737455094e-06,895,BARK,4,0.0009765625,1.873604247298127e-06,220.0,0.0537109375,True,1435184369
14,12,1,0.0,0.618667,0.0,0.0,-0.813737,0.05224609375,0.0029296875,1.9714187737455094e-06,895,BARK,5,0.001220703125,9.62820697285675e-06,220.0,0.0537109375,True,1435184369
14,12,1,0.0,0.618667,0.0,0.0,-0.813737,0.05224609375,0.0029296875,1.9714187737455094e-06,895,BARK,6,0.00146484375,2.8092184168461986e-05,220.0,0.0537109375,True,1435184369
14,12,1,0.0,0.618667,0.0,0.0,-0.813737,0.05224609375,0.0029296875,1.9714187737455094e-06,895,BARK,8,0.001953125,6.186920252479943e-05,220.0,0.0537109375,True,1435184369
14,12,1,0.0,0.618667,0.0,0.0,-0.813737,0.05224609375,0.0029296875,1.9714187737455094e-06,895,BARK,11,0.002685546875,0.000401723963171179,220.0,0.0537109375,True,1435184369
14,12,1,0.0,0.618667,0.0,0.0,-0.813737,0.05224609375,0.0029296875,1.9714187737455094e-06,895,BARK,14,0.00341796875,0.0009880598940275626,220.0,0.0537109375,True,1435184369
14,12,1,0.0,0.618667,0.0,0.0,-0.813737,0.05224609375,0.0029296875,1.9714187737455094e-06,895,BARK,18,0.00439453125,0.0020065684168676145,220.0,0.0537109375,True,1435184369
14,12,1,0.0,0.618667,0.0,0.0,-0.813737,0.05224609375,0.0029296875,1.9714187737455094e-06,895,BARK,23,0.005615234375,0.008308868969317646,220.0,0.0537109375,True,1435184369
14,12,1,0.0,0.618667,0.0,0.0,-0.813737,0.05224609375,0.0029296875,1.9714187737455094e-06,895,BARK,31,0.007568359375,0.005213199412031065,220.0,0.0537109375,True,1435184369
14,12,1,0.0,0.618667,0.0,0.0,-0.813737,0.05224609375,0.0029296875,1.9714187737455094e-06,895,BARK,40,0.009765625,0.013725970070059492,220.0,0.0537109375,True,1435184369
14,12,1,0.0,0.618667,0.0,0.0,-0.813737,0.05224609375,0.0029296875,1.9714187737455094e-06,895,BARK,52,0.0126953125,0.05601938610928896,220.0,0.0537109375,True,1435184369
14,12,1,0.0,0.618667,0.0,0.0,-0.813737,0.05224609375,0.0029296875,1.9714187737455094e-06,895,BARK,67,0.016357421875,0.1547130588918172,220.0,0.0537109375,True,1435184369
14,12,1,0.0,0.618667,0.0,0.0,-0.813737,0.05224609375,0.0029296875,1.9714187737455094e-06,895,BARK,87,0.021240234375,0.2024594365394601,220.0,0.0537109375,True,1435184369
14,12,1,0.0,0.618667,0.0,0.0,-0.813737,0.05224609375,0.0029296875,1.9714187737455094e-06,895,BARK,114,0.02783203125,0.44696865647710826,220.0,0.0537109375,True,1435184369
14,12,1,0.0,0.618667,0.0,0.0,-0.813737,0.05224609375,0.0029296875,1.9714187737455094e-06,895,BARK,148,0.0361328125,0.7013396593356802,220.0,0.0537109375,True,1435184369
14,12,1,0.0,0.618667,0.0,0.0,-0.813737,0.05224609375,0.0029296875,1.9714187737455094e-06,895,BARK,192,0.046875,0.9889585190473468,220.0,0.0537109375,True,1435184369
14,12,1,0.0,0.618667,0.0,0.0,-0.813737,0.05224609375,0.0029296875,1.9714187737455094e-06,895,BARK,250,0.06103515625,1.0000000000000004,220.0,0.0537109375,True,1435184369
14,12,1,0.0,0.618667,0.0,0.0,-0.813737,0.05224609375,0.0029296875,1.9714187737455094e-06,895,BARK,325,0.079345703125,1.0000000000000004,220.0,0.0537109375,True,1435184369
14,12,1,0.0,0.618667,0.0,0.0,-0.813737,0.05224609375,0.0029296875,1.9714187737455094e-06,895,BARK,423,0.103271484375,1.0000000000000004,220.0,0.0537109375,True,1435184369
14,12,1,0.0,0.618667,0.0,0.0,-0.813737,0.05224609375,0.0029296875,1.9714187737455094e-06,895,BARK,550,0.13427734375,1.0000000000000004,220.0,0.0537109375,True,1435184369
14,12,1,0.0,0.618667,0.0,0.0,-0.813737,0.05224609375,0.0029296875,1.9714187737455094e-06,895,BARK,715,0.174560546875,1.0000000000000004,220.0,0.0537109375,True,1435184369
14,12,1,0.0,0.618667,0.0,0.0,-0.813737,0.05224609375,0.0029296875,1.9714187737455094e-06,895,BARK,931,0.227294921875,1.0000000000000004,220.0,0.0537109375,True,1435184369
14,12,1,0.0,0.618667,0.0,0.0,-0.813737,0.05224609375,0.0029296875,1.9714187737455094e-06,895,BARK,1210,0.29541015625,1.0000000000000004,220.0,0.0537109375,True,1435184369
14,12,1,0.0,0.618667,0.0,0.0,-0.813737,0.05224609375,0.0029296875,1.9714187737455094e-06,895,BARK,1575,0.384521484375,1.0000000000000004,220.0,0.0537109375,True,1435184369
14,12,1,0.0,0.618667,0.0,0.0,-0.813737,0.05224609375,0.0029296875,1.9714187737455094e-06,895,BARK,2048,0.5,1.0000000000000004,220.0,0.0537109375,True,1435184369
14,12,1,0.0,0.618667,0.0,0.0,-0.813737,0.05224609375,0.0029296875,1.9714187737455094e-06,895,Simplified BARK,1,0.000244140625,1.9714187737455094e-06,220.0,0.0537109375,True,1435184369
14,12,1,0.0,0.618667,0.0,0.0,-0.813737,0.05224609375,0.0029296875,1.9714187737455094e-06,895,Simplified BARK,2,0.00048828125,1.7805020338846855e-06,220.0,0.0537109375,True,1435184369
14,12,1,0.0,0.618667,0.0,0.0,-0.813737,0.05224609375,0.0029296875,1.9714187737455094e-06,895,Simplified BARK,3,0.000732421875,1.187915803831453e-06,220.0,0.0537109375,True,1435184369
14,12,1,0.0,0.618667,0.0,0.0,-0.813737,0.05224609375,0.0029296875,1.9714187737455094e-06,895,Simplified BARK,4,0.0009765625,5.158826175960487e-06,220.0,0.0537109375,True,1435184369
14,12,1,0.0,0.618667,0.0,0.0,-0.813737,0.05224609375,0.0029296875,1.9714187737455094e-06,895,Simplified BARK,5,0.001220703125,1.6039670413255198e-05,220.0,0.0537109375,True,1435184369
14,12,1,0.0,0.618667,0.0,0.0,-0.813737,0.05224609375,0.0029296875,1.9714187737455094e-06,895,Simplified BARK,6,0.00146484375,3.8765304477195144e-05,220.0,0.0537109375,True,1435184369
14,12,1,0.0,0.618667,0.0,0.0,-0.813737,0.05224609375,0.0029296875,1.9714187737455094e-06,895,Simplified BARK,8,0.001953125,0.00012660002892230388,220.0,0.0537109375,True,1435184369
14,12,1,0.0,0.618667,0.0,0.0,-0.813737,0.05224609375,0.0029296875,1.9714187737455094e-06,895,Simplified BARK,11,0.002685546875,0.00013188458989783175,220.0,0.0537109375,True,1435184369
14,12,1,0.0,0.618667,0.0,0.0,-0.813737,0.05224609375,0.0029296875,1.9714187737455094e-06,895,Simplified BARK,14,0.00341796875,0.00022120361778277142,220.0,0.0537109375,True,1435184369
14,12,1,0.0,0.618667,0.0,0.0,-0.813737,0.05224609375,0.0029296875,1.9714187737455094e-06,895,Simplified BARK,18,0.00439453125,0.0019384156456285688,220.0,0.0537109375,True,1435184369
14,12,1,0.0,0.618667,0.0,0.0,-0.813737,0.05224609375,0.0029296875,1.9714187737455094e-06,895,Simplified BARK,23,0.005615234375,0.002989522579302108,220.0,0.0537109375,True,1435184369
14,12,1,0.0,0.618667,0.0,0.0,-0.813737,0.05224609375,0.0029296875,1.9714187737455094e-06,895,Simplified BARK,31,0.007568359375,0.014549743811519527,220.0,0.0537109375,True,1435184369
14,12,1,0.0,0.618667,0.0,0.0,-0.813737,0.05224609375,0.0029296875,1.9714187737455094e-06,895,Simplified BARK,40,0.009765625,0.045655450119677594,220.0,0.0537109375,True,1435184369
14,12,1,0.0,0.618667,0.0,0.0,-0.813737,0.05224609375,0.0029296875,1.9714187737455094e-06,895,Simplified BARK,52,0.0126953125,0.08690327053318606,220.0,0.0537109375,True,1435184369
14,12,1,0.0,0.618667,0.0,0.0,-0.813737,0.05224609375,0.0029296875,1.9714187737455094e-06,895,Simplified BARK,67,0.016357421875,0.034358019846642246,220.0,0.0537109375,True,1435184369
14,12,1,0.0,0.618667,0.0,0.0,-0.813737,0.05224609375,0.0029296875,1.9714187737455094e-06,895,Simplified BARK,87,0.021240234375,0.21207893672768094,220.0,0.0537109375,True,1435184369
14,12,1,0.0,0.618667,0.0,0.0,-0.813737,0.05224609375,0.0029296875,1.9714187737455094e-06,895,Simplified BARK,114,0.02783203125,0.3477715732484883,220.0,0.0537109375,True,1435184369
14,12,1,0.0,0.618667,0.0,0.0,-0.813737,0.05224609375,0.0029296875,1.9714187737455094e-06,895,Simplified BARK,148,0.0361328125,0.7014160678565311,220.0,0.0537109375,True,1435184369
14,12,1,0.0,0.618667,0.0,0.0,-0.813737,0.05224609375,0.0029296875,1.9714187737455094e-06,895,Simplified BARK,192,0.046875,0.9836996634818345,220.0,0.0537109375,True,1435184369
14,12,1,0.0,0.618667,0.0,0.0,-0.813737,0.05224609375,0.0029296875,1.9714187737455094e-06,895,Simplified BARK,250,0.06103515625,1.0000000000000009,220.0,0.0537109375,True,1435184369
14,12,1,0.0,0.618667,0.0,0.0,-0.813737,0.05224609375,0.0029296875,1.9714187737455094e-06,895,Simplified BARK,325,0.079345703125,1.0000000000000009,220.0,0.0537109375,True,1435184369
14,12,1,0.0,0.618667,0.0,0.0,-0.813737,0.05224609375,0.0029296875,1.9714187737455094e-06,895,Simplified BARK,423,0.103271484375,1.0000000000000009,220.0,0.0537109375,True,1435184369
14,12,1,0.0,0.618667,0.0,0.0,-0.813737,0.05224609375,0.0029296875,1.9714187737455094e-06,895,Simplified BARK,550,0.13427734375,1.0000000000000009,220.0,0.0537109375,True,1435184369
14,12,1,0.0,0.618667,0.0,0.0,-0.813737,0.05224609375,0.0029296875,1.9714187737455094e-06,895,Simplified BARK,715,0.174560546875,1.0000000000000009,220.0,0.0537109375,True,1435184369
14,12,1,0.0,0.618667,0.0,0.0,-0.813737,0.05224609375,0.0029296875,1.9714187737455094e-06,895,Simplified BARK,931,0.227294921875,1.0000000000000009,220.0,0.0537109375,True,1435184369
14,12,1,0.0,0.618667,0.0,0.0,-0.813737,0.05224609375,0.0029296875,1.9714187737455094e-06,895,Simplified BARK,1210,0.29541015625,1.0000000000000009,220.0,0.0537109375,True,1435184369
14,12,1,0.0,0.618667,0.0,0.0,-0.813737,0.05224609375,0.0029296875,1.9714187737455094e-06,895,Simplified BARK,1575,0.384521484375,1.0000000000000009,220.0,0.0537109375,True,1435184369
14,12,1,0.0,0.618667,0.0,0.0,-0.813737,0.05224609375,0.0029296875,1.9714187737455094e-06,895,Simplified BARK,2048,0.5,1.0000000000000009,220.0,0.0537109375,True,1435184369
14,12,1,0.0,0.618667,0.0,0.0,-0.813737,0.05224609375,0.0029296875,1.9714187737455094e-06,895,SKQD,1,0.000244140625,1.9714187737455094e-06,216.33333333333334,0.052815755208333336,True,1435184369
14,12,1,0.0,0.618667,0.0,0.0,-0.813737,0.05224609375,0.0029296875,1.9714187737455094e-06,895,SKQD,2,0.00048828125,1.9714187737455094e-06,216.33333333333334,0.052815755208333336,True,1435184369
14,12,1,0.0,0.618667,0.0,0.0,-0.813737,0.05224609375,0.0029296875,1.9714187737455094e-06,895,SKQD,3,0.000732421875,1.9714187737455094e-06,216.33333333333334,0.052815755208333336,True,1435184369
14,12,1,0.0,0.618667,0.0,0.0,-0.813737,0.05224609375,0.0029296875,1.9714187737455094e-06,895,SKQD,4,0.0009765625,1.9714187737455094e-06,216.33333333333334,0.052815755208333336,True,1435184369
14,12,1,0.0,0.618667,0.0,0.0,-0.813737,0.05224609375,0.0029296875,1.9714187737455094e-06,895,SKQD,5,0.001220703125,1.9714187737455094e-06,216.33333333333334,0.052815755208333336,True,1435184369
14,12,1,0.0,0.618667,0.0,0.0,-0.813737,0.05224609375,0.0029296875,1.9714187737455094e-06,895,SKQD,6,0.00146484375,1.9714187737455094e-06,216.33333333333334,0.052815755208333336,True,1435184369
14,12,1,0.0,0.618667,0.0,0.0,-0.813737,0.05224609375,0.0029296875,1.9714187737455094e-06,895,SKQD,8,0.001953125,1.9714187737455094e-06,216.33333333333334,0.052815755208333336,True,1435184369
14,12,1,0.0,0.618667,0.0,0.0,-0.813737,0.05224609375,0.0029296875,1.9714187737455094e-06,895,SKQD,11,0.002685546875,1.9714187737455094e-06,216.33333333333334,0.052815755208333336,True,1435184369
14,12,1,0.0,0.618667,0.0,0.0,-0.813737,0.05224609375,0.0029296875,1.9714187737455094e-06,895,SKQD,14,0.00341796875,1.9714187737455094e-06,216.33333333333334,0.052815755208333336,True,1435184369
14,12,1,0.0,0.618667,0.0,0.0,-0.813737,0.05224609375,0.0029296875,1.9714187737455094e-06,895,SKQD,18,0.00439453125,1.9714187737455094e-06,216.33333333333334,0.052815755208333336,True,1435184369
14,12,1,0.0,0.618667,0.0,0.0,-0.813737,0.05224609375,0.0029296875,1.9714187737455094e-06,895,SKQD,23,0.005615234375,1.9714187737455094e-06,216.33333333333334,0.052815755208333336,True,1435184369
14,12,1,0.0,0.618667,0.0,0.0,-0.813737,0.05224609375,0.0029296875,1.9714187737455094e-06,895,SKQD,31,0.007568359375,1.9714187737455094e-06,216.33333333333334,0.052815755208333336,True,1435184369
14,12,1,0.0,0.618667,0.0,0.0,-0.813737,0.05224609375,0.0029296875,1.9714187737455094e-06,895,SKQD,40,0.009765625,0.0007344830012108259,216.33333333333334,0.052815755208333336,True,1435184369
14,12,1,0.0,0.618667,0.0,0.0,-0.813737,0.05224609375,0.0029296875,1.9714187737455094e-06,895,SKQD,52,0.0126953125,0.04836900299233401,216.33333333333334,0.052815755208333336,True,1435184369
14,12,1,0.0,0.618667,0.0,0.0,-0.813737,0.05224609375,0.0029296875,1.9714187737455094e-06,895,SKQD,67,0.016357421875,0.04836900299233401,216.33333333333334,0.052815755208333336,True,1435184369
14,12,1,0.0,0.618667,0.0,0.0,-0.813737,0.05224609375,0.0029296875,1.9714187737455094e-06,895,SKQD,87,0.021240234375,0.30710194083328907,216.33333333333334,0.052815755208333336,True,1435184369
14,12,1,0.0,0.618667,0.0,0.0,-0.813737,0.05224609375,0.0029296875,1.9714187737455094e-06,895,SKQD,114,0.02783203125,0.330286677542248,216.33333333333334,0.052815755208333336,True,1435184369
14,12,1,0.0,0.618667,0.0,0.0,-0.813737,0.05224609375,0.0029296875,1.9714187737455094e-06,895,SKQD,148,0.0361328125,0.4769984359324206,216.33333333333334,0.052815755208333336,True,1435184369
14,12,1,0.0,0.618667,0.0,0.0,-0.813737,0.05224609375,0.0029296875,1.9714187737455094e-06,895,SKQD,192,0.046875,0.809489941232061,216.33333333333334,0.052815755208333336,True,1435184369
14,12,1,0.0,0.618667,0.0,0.0,-0.813737,0.05224609375,0.0029296875,1.9714187737455094e-06,895,SKQD,250,0.06103515625,0.9541905099683308,216.33333333333334,0.052815755208333336,True,1435184369
14,12,1,0.0,0.618667,0.0,0.0,-0.813737,0.05224609375,0.0029296875,1.9714187737455094e-06,895,SKQD,325,0.079345703125,0.9541905099683308,216.33333333333334,0.052815755208333336,True,1435184369
14,12,1,0.0,0.618667,0.0,0.0,-0.813737,0.05224609375,0.0029296875,1.9714187737455094e-06,895,SKQD,423,0.103271484375,0.9541905099683308,216.33333333333334,0.052815755208333336,True,1435184369
14,12,1,0.0,0.618667,0.0,0.0,-0.813737,0.05224609375,0.0029296875,1.9714187737455094e-06,895,SKQD,550,0.13427734375,0.9541905099683308,216.33333333333334,0.052815755208333336,True,1435184369
14,12,1,0.0,0.618667,0.0,0.0,-0.813737,0.05224609375,0.0029296875,1.9714187737455094e-06,895,SKQD,715,0.174560546875,0.9541905099683308,216.33333333333334,0.052815755208333336,True,1435184369
14,12,1,0.0,0.618667,0.0,0.0,-0.813737,0.05224609375,0.0029296875,1.9714187737455094e-06,895,SKQD,931,0.227294921875,0.9541905099683308,216.33333333333334,0.052815755208333336,True,1435184369
14,12,1,0.0,0.618667,0.0,0.0,-0.813737,0.05224609375,0.0029296875,1.9714187737455094e-06,895,SKQD,1210,0.29541015625,0.9541905099683308,216.33333333333334,0.052815755208333336,True,1435184369
14,12,1,0.0,0.618667,0.0,0.0,-0.813737,0.05224609375,0.0029296875,1.9714187737455094e-06,895,SKQD,1575,0.384521484375,0.9541905099683308,216.33333333333334,0.052815755208333336,True,1435184369
14,12,1,0.0,0.618667,0.0,0.0,-0.813737,0.05224609375,0.0029296875,1.9714187737455094e-06,895,SKQD,2048,0.5,0.9541905099683308,216.33333333333334,0.052815755208333336,True,1435184369
14,12,1,0.0,0.618667,0.0,0.0,-0.813737,0.05224609375,0.0029296875,1.9714187737455094e-06,895,Ceiling,1,0.000244140625,0.029640507376456127,2048.0,0.5,False,1435184369
14,12,1,0.0,0.618667,0.0,0.0,-0.813737,0.05224609375,0.0029296875,1.9714187737455094e-06,895,Ceiling,2,0.00048828125,0.059281014752912226,2048.0,0.5,False,1435184369
14,12,1,0.0,0.618667,0.0,0.0,-0.813737,0.05224609375,0.0029296875,1.9714187737455094e-06,895,Ceiling,3,0.000732421875,0.08501249629488047,2048.0,0.5,False,1435184369
14,12,1,0.0,0.618667,0.0,0.0,-0.813737,0.05224609375,0.0029296875,1.9714187737455094e-06,895,Ceiling,4,0.0009765625,0.11074397783684857,2048.0,0.5,False,1435184369
14,12,1,0.0,0.618667,0.0,0.0,-0.813737,0.05224609375,0.0029296875,1.9714187737455094e-06,895,Ceiling,5,0.001220703125,0.1339830951829714,2048.0,0.5,False,1435184369
14,12,1,0.0,0.618667,0.0,0.0,-0.813737,0.05224609375,0.0029296875,1.9714187737455094e-06,895,Ceiling,6,0.00146484375,0.15722221252909424,2048.0,0.5,False,1435184369
14,12,1,0.0,0.618667,0.0,0.0,-0.813737,0.05224609375,0.0029296875,1.9714187737455094e-06,895,Ceiling,8,0.001953125,0.20156212966617756,2048.0,0.5,False,1435184369
14,12,1,0.0,0.618667,0.0,0.0,-0.813737,0.05224609375,0.0029296875,1.9714187737455094e-06,895,Ceiling,11,0.002685546875,0.2610367590088435,2048.0,0.5,False,1435184369
14,12,1,0.0,0.618667,0.0,0.0,-0.813737,0.05224609375,0.0029296875,1.9714187737455094e-06,895,Ceiling,14,0.00341796875,0.3165952834344928,2048.0,0.5,False,1435184369
14,12,1,0.0,0.618667,0.0,0.0,-0.813737,0.05224609375,0.0029296875,1.9714187737455094e-06,895,Ceiling,18,0.00439453125,0.38536434820588794,2048.0,0.5,False,1435184369
14,12,1,0.0,0.618667,0.0,0.0,-0.813737,0.05224609375,0.0029296875,1.9714187737455094e-06,895,Ceiling,23,0.005615234375,0.4582398582498841,2048.0,0.5,False,1435184369
14,12,1,0.0,0.618667,0.0,0.0,-0.813737,0.05224609375,0.0029296875,1.9714187737455094e-06,895,Ceiling,31,0.007568359375,0.5580082961372027,2048.0,0.5,False,1435184369
14,12,1,0.0,0.618667,0.0,0.0,-0.813737,0.05224609375,0.0029296875,1.9714187737455094e-06,895,Ceiling,40,0.009765625,0.636704939520901,2048.0,0.5,False,1435184369
14,12,1,0.0,0.618667,0.0,0.0,-0.813737,0.05224609375,0.0029296875,1.9714187737455094e-06,895,Ceiling,52,0.0126953125,0.7220310831211169,2048.0,0.5,False,1435184369
14,12,1,0.0,0.618667,0.0,0.0,-0.813737,0.05224609375,0.0029296875,1.9714187737455094e-06,895,Ceiling,67,0.016357421875,0.8036798825454115,2048.0,0.5,False,1435184369
14,12,1,0.0,0.618667,0.0,0.0,-0.813737,0.05224609375,0.0029296875,1.9714187737455094e-06,895,Ceiling,87,0.021240234375,0.8829277023622187,2048.0,0.5,False,1435184369
14,12,1,0.0,0.618667,0.0,0.0,-0.813737,0.05224609375,0.0029296875,1.9714187737455094e-06,895,Ceiling,114,0.02783203125,0.9496421456844548,2048.0,0.5,False,1435184369
14,12,1,0.0,0.618667,0.0,0.0,-0.813737,0.05224609375,0.0029296875,1.9714187737455094e-06,895,Ceiling,148,0.0361328125,0.9869192539376299,2048.0,0.5,False,1435184369
14,12,1,0.0,0.618667,0.0,0.0,-0.813737,0.05224609375,0.0029296875,1.9714187737455094e-06,895,Ceiling,192,0.046875,0.999583233017466,2048.0,0.5,False,1435184369
14,12,1,0.0,0.618667,0.0,0.0,-0.813737,0.05224609375,0.0029296875,1.9714187737455094e-06,895,Ceiling,250,0.06103515625,1.0000000000000013,2048.0,0.5,False,1435184369
14,12,1,0.0,0.618667,0.0,0.0,-0.813737,0.05224609375,0.0029296875,1.9714187737455094e-06,895,Ceiling,325,0.079345703125,1.0000000000000013,2048.0,0.5,False,1435184369
14,12,1,0.0,0.618667,0.0,0.0,-0.813737,0.05224609375,0.0029296875,1.9714187737455094e-06,895,Ceiling,423,0.103271484375,1.0000000000000013,2048.0,0.5,False,1435184369
14,12,1,0.0,0.618667,0.0,0.0,-0.813737,0.05224609375,0.0029296875,1.9714187737455094e-06,895,Ceiling,550,0.13427734375,1.0000000000000013,2048.0,0.5,False,1435184369
14,12,1,0.0,0.618667,0.0,0.0,-0.813737,0.05224609375,0.0029296875,1.9714187737455094e-06,895,Ceiling,715,0.174560546875,1.0000000000000013,2048.0,0.5,False,1435184369
14,12,1,0.0,0.618667,0.0,0.0,-0.813737,0.05224609375,0.0029296875,1.9714187737455094e-06,895,Ceiling,931,0.227294921875,1.0000000000000013,2048.0,0.5,False,1435184369
14,12,1,0.0,0.618667,0.0,0.0,-0.813737,0.05224609375,0.0029296875,1.9714187737455094e-06,895,Ceiling,1210,0.29541015625,1.0000000000000013,2048.0,0.5,False,1435184369
14,12,1,0.0,0.618667,0.0,0.0,-0.813737,0.05224609375,0.0029296875,1.9714187737455094e-06,895,Ceiling,1575,0.384521484375,1.0000000000000013,2048.0,0.5,False,1435184369
14,12,1,0.0,0.618667,0.0,0.0,-0.813737,0.05224609375,0.0029296875,1.9714187737455094e-06,895,Ceiling,2048,0.5,1.0000000000000013,2048.0,0.5,False,1435184369
14,12,1,0.0,0.618667,0.0,0.0,-0.813737,0.05224609375,0.0029296875,0.0006790110526556999,2543,BARK,1,0.000244140625,0.0006790110526556999,220.0,0.0537109375,True,1435184369
14,12,1,0.0,0.618667,0.0,0.0,-0.813737,0.05224609375,0.0029296875,0.0006790110526556999,2543,BARK,2,0.00048828125,0.0012179915116336166,220.0,0.0537109375,True,1435184369
14,12,1,0.0,0.618667,0.0,0.0,-0.813737,0.05224609375,0.0029296875,0.0006790110526556999,2543,BARK,3,0.000732421875,0.0010909801441922708,220.0,0.0537109375,True,1435184369
14,12,1,0.0,0.618667,0.0,0.0,-0.813737,0.05224609375,0.0029296875,0.0006790110526556999,2543,BARK,4,0.0009765625,0.0008882423189007238,220.0,0.0537109375,True,1435184369
14,12,1,0.0,0.618667,0.0,0.0,-0.813737,0.05224609375,0.0029296875,0.0006790110526556999,2543,BARK,5,0.001220703125,0.0010690625483571958,220.0,0.0537109375,True,1435184369
14,12,1,0.0,0.618667,0.0,0.0,-0.813737,0.05224609375,0.0029296875,0.0006790110526556999,2543,BARK,6,0.00146484375,0.0015522553400625489,220.0,0.0537109375,True,1435184369
14,12,1,0.0,0.618667,0.0,0.0,-0.813737,0.05224609375,0.0029296875,0.0006790110526556999,2543,BARK,8,0.001953125,0.0017112732167205585,220.0,0.0537109375,True,1435184369
14,12,1,0.0,0.618667,0.0,0.0,-0.813737,0.05224609375,0.0029296875,0.0006790110526556999,2543,BARK,11,0.002685546875,0.0013334804226385606,220.0,0.0537109375,True,1435184369
14,12,1,0.0,0.618667,0.0,0.0,-0.813737,0.05224609375,0.0029296875,0.0006790110526556999,2543,BARK,14,0.00341796875,0.0011282451135036105,220.0,0.0537109375,True,1435184369
14,12,1,0.0,0.618667,0.0,0.0,-0.813737,0.05224609375,0.0029296875,0.0006790110526556999,2543,BARK,18,0.00439453125,0.0011130787506517328,220.0,0.0537109375,True,1435184369
14,12,1,0.0,0.618667,0.0,0.0,-0.813737,0.05224609375,0.0029296875,0.0006790110526556999,2543,BARK,23,0.005615234375,0.006004889679384453,220.0,0.0537109375,True,1435184369
14,12,1,0.0,0.618667,0.0,0.0,-0.813737,0.05224609375,0.0029296875,0.0006790110526556999,2543,BARK,31,0.007568359375,0.013741066209879218,220.0,0.0537109375,True,1435184369
14,12,1,0.0,0.618667,0.0,0.0,-0.813737,0.05224609375,0.0029296875,0.0006790110526556999,2543,BARK,40,0.009765625,0.03409020385970396,220.0,0.0537109375,True,1435184369
14,12,1,0.0,0.618667,0.0,0.0,-0.813737,0.05224609375,0.0029296875,0.0006790110526556999,2543,BARK,52,0.0126953125,0.09045884718875143,220.0,0.0537109375,True,1435184369
14,12,1,0.0,0.618667,0.0,0.0,-0.813737,0.05224609375,0.0029296875,0.0006790110526556999,2543,BARK,67,0.016357421875,0.1465745888167412,220.0,0.0537109375,True,1435184369
14,12,1,0.0,0.618667,0.0,0.0,-0.813737,0.05224609375,0.0029296875,0.0006790110526556999,2543,BARK,87,0.021240234375,0.31905090254942875,220.0,0.0537109375,True,1435184369
14,12,1,0.0,0.618667,0.0,0.0,-0.813737,0.05224609375,0.0029296875,0.0006790110526556999,2543,BARK,114,0.02783203125,0.5961921340685974,220.0,0.0537109375,True,1435184369
14,12,1,0.0,0.618667,0.0,0.0,-0.813737,0.05224609375,0.0029296875,0.0006790110526556999,2543,BARK,148,0.0361328125,0.8839928940570604,220.0,0.0537109375,True,1435184369
14,12,1,0.0,0.618667,0.0,0.0,-0.813737,0.05224609375,0.0029296875,0.0006790110526556999,2543,BARK,192,0.046875,0.9939356329000284,220.0,0.0537109375,True,1435184369
14,12,1,0.0,0.618667,0.0,0.0,-0.813737,0.05224609375,0.0029296875,0.0006790110526556999,2543,BARK,250,0.06103515625,1.0000000000000009,220.0,0.0537109375,True,1435184369
14,12,1,0.0,0.618667,0.0,0.0,-0.813737,0.05224609375,0.0029296875,0.0006790110526556999,2543,BARK,325,0.079345703125,1.0000000000000009,220.0,0.0537109375,True,1435184369
14,12,1,0.0,0.618667,0.0,0.0,-0.813737,0.05224609375,0.0029296875,0.0006790110526556999,2543,BARK,423,0.103271484375,1.0000000000000009,220.0,0.0537109375,True,1435184369
14,12,1,0.0,0.618667,0.0,0.0,-0.813737,0.05224609375,0.0029296875,0.0006790110526556999,2543,BARK,550,0.13427734375,1.0000000000000009,220.0,0.0537109375,True,1435184369
14,12,1,0.0,0.618667,0.0,0.0,-0.813737,0.05224609375,0.0029296875,0.0006790110526556999,2543,BARK,715,0.174560546875,1.0000000000000009,220.0,0.0537109375,True,1435184369
14,12,1,0.0,0.618667,0.0,0.0,-0.813737,0.05224609375,0.0029296875,0.0006790110526556999,2543,BARK,931,0.227294921875,1.0000000000000009,220.0,0.0537109375,True,1435184369
14,12,1,0.0,0.618667,0.0,0.0,-0.813737,0.05224609375,0.0029296875,0.0006790110526556999,2543,BARK,1210,0.29541015625,1.0000000000000009,220.0,0.0537109375,True,1435184369
14,12,1,0.0,0.618667,0.0,0.0,-0.813737,0.05224609375,0.0029296875,0.0006790110526556999,2543,BARK,1575,0.384521484375,1.0000000000000009,220.0,0.0537109375,True,1435184369
14,12,1,0.0,0.618667,0.0,0.0,-0.813737,0.05224609375,0.0029296875,0.0006790110526556999,2543,BARK,2048,0.5,1.0000000000000009,220.0,0.0537109375,True,1435184369
14,12,1,0.0,0.618667,0.0,0.0,-0.813737,0.05224609375,0.0029296875,0.0006790110526556999,2543,Simplified BARK,1,0.000244140625,0.0006790110526556999,220.0,0.0537109375,True,1435184369
14,12,1,0.0,0.618667,0.0,0.0,-0.813737,0.05224609375,0.0029296875,0.0006790110526556999,2543,Simplified BARK,2,0.00048828125,0.0012179915116336166,220.0,0.0537109375,True,1435184369
14,12,1,0.0,0.618667,0.0,0.0,-0.813737,0.05224609375,0.0029296875,0.0006790110526556999,2543,Simplified BARK,3,0.000732421875,0.0010909801441922708,220.0,0.0537109375,True,1435184369
14,12,1,0.0,0.618667,0.0,0.0,-0.813737,0.05224609375,0.0029296875,0.0006790110526556999,2543,Simplified BARK,4,0.0009765625,0.0008882423189007238,220.0,0.0537109375,True,1435184369
14,12,1,0.0,0.618667,0.0,0.0,-0.813737,0.05224609375,0.0029296875,0.0006790110526556999,2543,Simplified BARK,5,0.001220703125,0.0007076005019756119,220.0,0.0537109375,True,1435184369
14,12,1,0.0,0.618667,0.0,0.0,-0.813737,0.05224609375,0.0029296875,0.0006790110526556999,2543,Simplified BARK,6,0.00146484375,0.0005582315385333407,220.0,0.0537109375,True,1435184369
14,12,1,0.0,0.618667,0.0,0.0,-0.813737,0.05224609375,0.0029296875,0.0006790110526556999,2543,Simplified BARK,8,0.001953125,0.0003449770113715012,220.0,0.0537109375,True,1435184369
14,12,1,0.0,0.618667,0.0,0.0,-0.813737,0.05224609375,0.0029296875,0.0006790110526556999,2543,Simplified BARK,11,0.002685546875,0.0006688798951627452,220.0,0.0537109375,True,1435184369
14,12,1,0.0,0.618667,0.0,0.0,-0.813737,0.05224609375,0.0029296875,0.0006790110526556999,2543,Simplified BARK,14,0.00341796875,0.00012325893264180662,220.0,0.0537109375,True,1435184369
14,12,1,0.0,0.618667,0.0,0.0,-0.813737,0.05224609375,0.0029296875,0.0006790110526556999,2543,Simplified BARK,18,0.00439453125,0.001813879198304807,220.0,0.0537109375,True,1435184369
14,12,1,0.0,0.618667,0.0,0.0,-0.813737,0.05224609375,0.0029296875,0.0006790110526556999,2543,Simplified BARK,23,0.005615234375,0.00229484453463508,220.0,0.0537109375,True,1435184369
14,12,1,0.0,0.618667,0.0,0.0,-0.813737,0.05224609375,0.0029296875,0.0006790110526556999,2543,Simplified BARK,31,0.007568359375,0.011524524491549715,220.0,0.0537109375,True,1435184369
14,12,1,0.0,0.618667,0.0,0.0,-0.813737,0.05224609375,0.0029296875,0.0006790110526556999,2543,Simplified BARK,40,0.009765625,0.04167477823389889,220.0,0.0537109375,True,1435184369
14,12,1,0.0,0.618667,0.0,0.0,-0.813737,0.05224609375,0.0029296875,0.0006790110526556999,2543,Simplified BARK,52,0.0126953125,0.08255686168433891,220.0,0.0537109375,True,1435184369
14,12,1,0.0,0.618667,0.0,0.0,-0.813737,0.05224609375,0.0029296875,0.0006790110526556999,2543,Simplified BARK,67,0.016357421875,0.03435801984664231,220.0,0.0537109375,True,1435184369
14,12,1,0.0,0.618667,0.0,0.0,-0.813737,0.05224609375,0.0029296875,0.0006790110526556999,2543,Simplified BARK,87,0.021240234375,0.21207893672768094,220.0,0.0537109375,True,1435184369
14,12,1,0.0,0.618667,0.0,0.0,-0.813737,0.05224609375,0.0029296875,0.0006790110526556999,2543,Simplified BARK,114,0.02783203125,0.34777157324848856,220.0,0.0537109375,True,1435184369
14,12,1,0.0,0.618667,0.0,0.0,-0.813737,0.05224609375,0.0029296875,0.0006790110526556999,2543,Simplified BARK,148,0.0361328125,0.7014160678565317,220.0,0.0537109375,True,1435184369
14,12,1,0.0,0.618667,0.0,0.0,-0.813737,0.05224609375,0.0029296875,0.0006790110526556999,2543,Simplified BARK,192,0.046875,0.983699663481834,220.0,0.0537109375,True,1435184369
14,12,1,0.0,0.618667,0.0,0.0,-0.813737,0.05224609375,0.0029296875,0.0006790110526556999,2543,Simplified BARK,250,0.06103515625,1.0000000000000009,220.0,0.0537109375,True,1435184369
14,12,1,0.0,0.618667,0.0,0.0,-0.813737,0.05224609375,0.0029296875,0.0006790110526556999,2543,Simplified BARK,325,0.079345703125,1.0000000000000009,220.0,0.0537109375,True,1435184369
14,12,1,0.0,0.618667,0.0,0.0,-0.813737,0.05224609375,0.0029296875,0.0006790110526556999,2543,Simplified BARK,423,0.103271484375,1.0000000000000009,220.0,0.0537109375,True,1435184369
14,12,1,0.0,0.618667,0.0,0.0,-0.813737,0.05224609375,0.0029296875,0.0006790110526556999,2543,Simplified BARK,550,0.13427734375,1.0000000000000009,220.0,0.0537109375,True,1435184369
14,12,1,0.0,0.618667,0.0,0.0,-0.813737,0.05224609375,0.0029296875,0.0006790110526556999,2543,Simplified BARK,715,0.174560546875,1.0000000000000009,220.0,0.0537109375,True,1435184369
14,12,1,0.0,0.618667,0.0,0.0,-0.813737,0.05224609375,0.0029296875,0.0006790110526556999,2543,Simplified BARK,931,0.227294921875,1.0000000000000009,220.0,0.0537109375,True,1435184369
14,12,1,0.0,0.618667,0.0,0.0,-0.813737,0.05224609375,0.0029296875,0.0006790110526556999,2543,Simplified BARK,1210,0.29541015625,1.0000000000000009,220.0,0.0537109375,True,1435184369
14,12,1,0.0,0.618667,0.0,0.0,-0.813737,0.05224609375,0.0029296875,0.0006790110526556999,2543,Simplified BARK,1575,0.384521484375,1.0000000000000009,220.0,0.0537109375,True,1435184369
14,12,1,0.0,0.618667,0.0,0.0,-0.813737,0.05224609375,0.0029296875,0.0006790110526556999,2543,Simplified BARK,2048,0.5,1.0000000000000009,220.0,0.0537109375,True,1435184369
14,12,1,0.0,0.618667,0.0,0.0,-0.813737,0.05224609375,0.0029296875,0.0006790110526556999,2543,SKQD,1,0.000244140625,0.0006790110526556999,209.66666666666666,0.051188151041666664,True,1435184369
14,12,1,0.0,0.618667,0.0,0.0,-0.813737,0.05224609375,0.0029296875,0.0006790110526556999,2543,SKQD,2,0.00048828125,0.0006790110526556999,209.66666666666666,0.051188151041666664,True,1435184369
14,12,1,0.0,0.618667,0.0,0.0,-0.813737,0.05224609375,0.0029296875,0.0006790110526556999,2543,SKQD,3,0.000732421875,0.0006790110526556999,209.66666666666666,0.051188151041666664,True,1435184369
14,12,1,0.0,0.618667,0.0,0.0,-0.813737,0.05224609375,0.0029296875,0.0006790110526556999,2543,SKQD,4,0.0009765625,0.0006790110526556999,209.66666666666666,0.051188151041666664,True,1435184369
14,12,1,0.0,0.618667,0.0,0.0,-0.813737,0.05224609375,0.0029296875,0.0006790110526556999,2543,SKQD,5,0.001220703125,0.0006790110526556999,209.66666666666666,0.051188151041666664,True,1435184369
14,12,1,0.0,0.618667,0.0,0.0,-0.813737,0.05224609375,0.0029296875,0.0006790110526556999,2543,SKQD,6,0.00146484375,0.0018172398131832631,209.66666666666666,0.051188151041666664,True,1435184369
14,12,1,0.0,0.618667,0.0,0.0,-0.813737,0.05224609375,0.0029296875,0.0006790110526556999,2543,SKQD,8,0.001953125,0.004732852986320928,209.66666666666666,0.051188151041666664,True,1435184369
14,12,1,0.0,0.618667,0.0,0.0,-0.813737,0.05224609375,0.0029296875,0.0006790110526556999,2543,SKQD,11,0.002685546875,0.004732852986320928,209.66666666666666,0.051188151041666664,True,1435184369
14,12,1,0.0,0.618667,0.0,0.0,-0.813737,0.05224609375,0.0029296875,0.0006790110526556999,2543,SKQD,14,0.00341796875,0.0102757359135883,209.66666666666666,0.051188151041666664,True,1435184369
14,12,1,0.0,0.618667,0.0,0.0,-0.813737,0.05224609375,0.0029296875,0.0006790110526556999,2543,SKQD,18,0.00439453125,0.015139206226874882,209.66666666666666,0.051188151041666664,True,1435184369
14,12,1,0.0,0.618667,0.0,0.0,-0.813737,0.05224609375,0.0029296875,0.0006790110526556999,2543,SKQD,23,0.005615234375,0.024736189213546502,209.66666666666666,0.051188151041666664,True,1435184369
14,12,1,0.0,0.618667,0.0,0.0,-0.813737,0.05224609375,0.0029296875,0.0006790110526556999,2543,SKQD,31,0.007568359375,0.024736189213546502,209.66666666666666,0.051188151041666664,True,1435184369
14,12,1,0.0,0.618667,0.0,0.0,-0.813737,0.05224609375,0.0029296875,0.0006790110526556999,2543,SKQD,40,0.009765625,0.03893161786072245,209.66666666666666,0.051188151041666664,True,1435184369
14,12,1,0.0,0.618667,0.0,0.0,-0.813737,0.05224609375,0.0029296875,0.0006790110526556999,2543,SKQD,52,0.0126953125,0.05329066718428208,209.66666666666666,0.051188151041666664,True,1435184369
14,12,1,0.0,0.618667,0.0,0.0,-0.813737,0.05224609375,0.0029296875,0.0006790110526556999,2543,SKQD,67,0.016357421875,0.063239292753822,209.66666666666666,0.051188151041666664,True,1435184369
14,12,1,0.0,0.618667,0.0,0.0,-0.813737,0.05224609375,0.0029296875,0.0006790110526556999,2543,SKQD,87,0.021240234375,0.153782428291163,209.66666666666666,0.051188151041666664,True,1435184369
14,12,1,0.0,0.618667,0.0,0.0,-0.813737,0.05224609375,0.0029296875,0.0006790110526556999,2543,SKQD,114,0.02783203125,0.2378624665604706,209.66666666666666,0.051188151041666664,True,1435184369
14,12,1,0.0,0.618667,0.0,0.0,-0.813737,0.05224609375,0.0029296875,0.0006790110526556999,2543,SKQD,148,0.0361328125,0.49522644053269244,209.66666666666666,0.051188151041666664,True,1435184369
14,12,1,0.0,0.618667,0.0,0.0,-0.813737,0.05224609375,0.0029296875,0.0006790110526556999,2543,SKQD,192,0.046875,0.8750107712853435,209.66666666666666,0.051188151041666664,True,1435184369
14,12,1,0.0,0.618667,0.0,0.0,-0.813737,0.05224609375,0.0029296875,0.0006790110526556999,2543,SKQD,250,0.06103515625,0.9418271716846859,209.66666666666666,0.051188151041666664,True,1435184369
14,12,1,0.0,0.618667,0.0,0.0,-0.813737,0.05224609375,0.0029296875,0.0006790110526556999,2543,SKQD,325,0.079345703125,0.9418271716846859,209.66666666666666,0.051188151041666664,True,1435184369
14,12,1,0.0,0.618667,0.0,0.0,-0.813737,0.05224609375,0.0029296875,0.0006790110526556999,2543,SKQD,423,0.103271484375,0.9418271716846859,209.66666666666666,0.051188151041666664,True,1435184369
14,12,1,0.0,0.618667,0.0,0.0,-0.813737,0.05224609375,0.0029296875,0.0006790110526556999,2543,SKQD,550,0.13427734375,0.9418271716846859,209.66666666666666,0.051188151041666664,True,1435184369
14,12,1,0.0,0.618667,0.0,0.0,-0.813737,0.05224609375,0.0029296875,0.0006790110526556999,2543,SKQD,715,0.174560546875,0.9418271716846859,209.66666666666666,0.051188151041666664,True,1435184369
14,12,1,0.0,0.618667,0.0,0.0,-0.813737,0.05224609375,0.0029296875,0.0006790110526556999,2543,SKQD,931,0.227294921875,0.9418271716846859,209.66666666666666,0.051188151041666664,True,1435184369
14,12,1,0.0,0.618667,0.0,0.0,-0.813737,0.05224609375,0.0029296875,0.0006790110526556999,2543,SKQD,1210,0.29541015625,0.9418271716846859,209.66666666666666,0.051188151041666664,True,1435184369
14,12,1,0.0,0.618667,0.0,0.0,-0.813737,0.05224609375,0.0029296875,0.0006790110526556999,2543,SKQD,1575,0.384521484375,0.9418271716846859,209.66666666666666,0.051188151041666664,True,1435184369
14,12,1,0.0,0.618667,0.0,0.0,-0.813737,0.05224609375,0.0029296875,0.0006790110526556999,2543,SKQD,2048,0.5,0.9418271716846859,209.66666666666666,0.051188151041666664,True,1435184369
14,12,1,0.0,0.618667,0.0,0.0,-0.813737,0.05224609375,0.0029296875,0.0006790110526556999,2543,Ceiling,1,0.000244140625,0.029640507376456127,2048.0,0.5,False,1435184369
14,12,1,0.0,0.618667,0.0,0.0,-0.813737,0.05224609375,0.0029296875,0.0006790110526556999,2543,Ceiling,2,0.00048828125,0.059281014752912226,2048.0,0.5,False,1435184369
14,12,1,0.0,0.618667,0.0,0.0,-0.813737,0.05224609375,0.0029296875,0.0006790110526556999,2543,Ceiling,3,0.000732421875,0.08501249629488047,2048.0,0.5,False,1435184369
14,12,1,0.0,0.618667,0.0,0.0,-0.813737,0.05224609375,0.0029296875,0.0006790110526556999,2543,Ceiling,4,0.0009765625,0.11074397783684857,2048.0,0.5,False,1435184369
14,12,1,0.0,0.618667,0.0,0.0,-0.813737,0.05224609375,0.0029296875,0.0006790110526556999,2543,Ceiling,5,0.001220703125,0.1339830951829714,2048.0,0.5,False,1435184369
14,12,1,0.0,0.618667,0.0,0.0,-0.813737,0.05224609375,0.0029296875,0.0006790110526556999,2543,Ceiling,6,0.00146484375,0.15722221252909424,2048.0,0.5,False,1435184369
14,12,1,0.0,0.618667,0.0,0.0,-0.813737,0.05224609375,0.0029296875,0.0006790110526556999,2543,Ceiling,8,0.001953125,0.20156212966617756,2048.0,0.5,False,1435184369
14,12,1,0.0,0.618667,0.0,0.0,-0.813737,0.05224609375,0.0029296875,0.0006790110526556999,2543,Ceiling,11,0.002685546875,0.2610367590088435,2048.0,0.5,False,1435184369
14,12,1,0.0,0.618667,0.0,0.0,-0.813737,0.05224609375,0.0029296875,0.0006790110526556999,2543,Ceiling,14,0.00341796875,0.3165952834344928,2048.0,0.5,False,1435184369
14,12,1,0.0,0.618667,0.0,0.0,-0.813737,0.05224609375,0.0029296875,0.0006790110526556999,2543,Ceiling,18,0.00439453125,0.38536434820588794,2048.0,0.5,False,1435184369
14,12,1,0.0,0.618667,0.0,0.0,-0.813737,0.05224609375,0.0029296875,0.0006790110526556999,2543,Ceiling,23,0.005615234375,0.4582398582498841,2048.0,0.5,False,1435184369
14,12,1,0.0,0.618667,0.0,0.0,-0.813737,0.05224609375,0.0029296875,0.0006790110526556999,2543,Ceiling,31,0.007568359375,0.5580082961372027,2048.0,0.5,False,1435184369
14,12,1,0.0,0.618667,0.0,0.0,-0.813737,0.05224609375,0.0029296875,0.0006790110526556999,2543,Ceiling,40,0.009765625,0.636704939520901,2048.0,0.5,False,1435184369
14,12,1,0.0,0.618667,0.0,0.0,-0.813737,0.05224609375,0.0029296875,0.0006790110526556999,2543,Ceiling,52,0.0126953125,0.7220310831211169,2048.0,0.5,False,1435184369
14,12,1,0.0,0.618667,0.0,0.0,-0.813737,0.05224609375,0.0029296875,0.0006790110526556999,2543,Ceiling,67,0.016357421875,0.8036798825454115,2048.0,0.5,False,1435184369
14,12,1,0.0,0.618667,0.0,0.0,-0.813737,0.05224609375,0.0029296875,0.0006790110526556999,2543,Ceiling,87,0.021240234375,0.8829277023622187,2048.0,0.5,False,1435184369
14,12,1,0.0,0.618667,0.0,0.0,-0.813737,0.05224609375,0.0029296875,0.0006790110526556999,2543,Ceiling,114,0.02783203125,0.9496421456844548,2048.0,0.5,False,1435184369
14,12,1,0.0,0.618667,0.0,0.0,-0.813737,0.05224609375,0.0029296875,0.0006790110526556999,2543,Ceiling,148,0.0361328125,0.9869192539376299,2048.0,0.5,False,1435184369
14,12,1,0.0,0.618667,0.0,0.0,-0.813737,0.05224609375,0.0029296875,0.0006790110526556999,2543,Ceiling,192,0.046875,0.999583233017466,2048.0,0.5,False,1435184369
14,12,1,0.0,0.618667,0.0,0.0,-0.813737,0.05224609375,0.0029296875,0.0006790110526556999,2543,Ceiling,250,0.06103515625,1.0000000000000013,2048.0,0.5,False,1435184369
14,12,1,0.0,0.618667,0.0,0.0,-0.813737,0.05224609375,0.0029296875,0.0006790110526556999,2543,Ceiling,325,0.079345703125,1.0000000000000013,2048.0,0.5,False,1435184369
14,12,1,0.0,0.618667,0.0,0.0,-0.813737,0.05224609375,0.0029296875,0.0006790110526556999,2543,Ceiling,423,0.103271484375,1.0000000000000013,2048.0,0.5,False,1435184369
14,12,1,0.0,0.618667,0.0,0.0,-0.813737,0.05224609375,0.0029296875,0.0006790110526556999,2543,Ceiling,550,0.13427734375,1.0000000000000013,2048.0,0.5,False,1435184369
14,12,1,0.0,0.618667,0.0,0.0,-0.813737,0.05224609375,0.0029296875,0.0006790110526556999,2543,Ceiling,715,0.174560546875,1.0000000000000013,2048.0,0.5,False,1435184369
14,12,1,0.0,0.618667,0.0,0.0,-0.813737,0.05224609375,0.0029296875,0.0006790110526556999,2543,Ceiling,931,0.227294921875,1.0000000000000013,2048.0,0.5,False,1435184369
14,12,1,0.0,0.618667,0.0,0.0,-0.813737,0.05224609375,0.0029296875,0.0006790110526556999,2543,Ceiling,1210,0.29541015625,1.0000000000000013,2048.0,0.5,False,1435184369
14,12,1,0.0,0.618667,0.0,0.0,-0.813737,0.05224609375,0.0029296875,0.0006790110526556999,2543,Ceiling,1575,0.384521484375,1.0000000000000013,2048.0,0.5,False,1435184369
14,12,1,0.0,0.618667,0.0,0.0,-0.813737,0.05224609375,0.0029296875,0.0006790110526556999,2543,Ceiling,2048,0.5,1.0000000000000013,2048.0,0.5,False,1435184369
14,12,1,0.0,0.618667,0.0,0.0,-0.813737,0.05224609375,0.0029296875,0.002307188887863133,3062,BARK,1,0.000244140625,0.002307188887863133,220.0,0.0537109375,True,1435184369
14,12,1,0.0,0.618667,0.0,0.0,-0.813737,0.05224609375,0.0029296875,0.002307188887863133,3062,BARK,2,0.00048828125,0.0028447949017392313,220.0,0.0537109375,True,1435184369
14,12,1,0.0,0.618667,0.0,0.0,-0.813737,0.05224609375,0.0029296875,0.002307188887863133,3062,BARK,3,0.000732421875,0.004082563221119353,220.0,0.0537109375,True,1435184369
14,12,1,0.0,0.618667,0.0,0.0,-0.813737,0.05224609375,0.0029296875,0.002307188887863133,3062,BARK,4,0.0009765625,0.008804794384635113,220.0,0.0537109375,True,1435184369
14,12,1,0.0,0.618667,0.0,0.0,-0.813737,0.05224609375,0.0029296875,0.002307188887863133,3062,BARK,5,0.001220703125,0.013245181149012521,220.0,0.0537109375,True,1435184369
14,12,1,0.0,0.618667,0.0,0.0,-0.813737,0.05224609375,0.0029296875,0.002307188887863133,3062,BARK,6,0.00146484375,0.016953188224466776,220.0,0.0537109375,True,1435184369
14,12,1,0.0,0.618667,0.0,0.0,-0.813737,0.05224609375,0.0029296875,0.002307188887863133,3062,BARK,8,0.001953125,0.025384952290592188,220.0,0.0537109375,True,1435184369
14,12,1,0.0,0.618667,0.0,0.0,-0.813737,0.05224609375,0.0029296875,0.002307188887863133,3062,BARK,11,0.002685546875,0.03258721719383965,220.0,0.0537109375,True,1435184369
14,12,1,0.0,0.618667,0.0,0.0,-0.813737,0.05224609375,0.0029296875,0.002307188887863133,3062,BARK,14,0.00341796875,0.03400277117935585,220.0,0.0537109375,True,1435184369
14,12,1,0.0,0.618667,0.0,0.0,-0.813737,0.05224609375,0.0029296875,0.002307188887863133,3062,BARK,18,0.00439453125,0.026528119837061517,220.0,0.0537109375,True,1435184369
14,12,1,0.0,0.618667,0.0,0.0,-0.813737,0.05224609375,0.0029296875,0.002307188887863133,3062,BARK,23,0.005615234375,0.05289203423449211,220.0,0.0537109375,True,1435184369
14,12,1,0.0,0.618667,0.0,0.0,-0.813737,0.05224609375,0.0029296875,0.002307188887863133,3062,BARK,31,0.007568359375,0.1200612156109607,220.0,0.0537109375,True,1435184369
14,12,1,0.0,0.618667,0.0,0.0,-0.813737,0.05224609375,0.0029296875,0.002307188887863133,3062,BARK,40,0.009765625,0.20170641824068586,220.0,0.0537109375,True,1435184369
14,12,1,0.0,0.618667,0.0,0.0,-0.813737,0.05224609375,0.0029296875,0.002307188887863133,3062,BARK,52,0.0126953125,0.2464572797360178,220.0,0.0537109375,True,1435184369
14,12,1,0.0,0.618667,0.0,0.0,-0.813737,0.05224609375,0.0029296875,0.002307188887863133,3062,BARK,67,0.016357421875,0.3462015142746469,220.0,0.0537109375,True,1435184369
14,12,1,0.0,0.618667,0.0,0.0,-0.813737,0.05224609375,0.0029296875,0.002307188887863133,3062,BARK,87,0.021240234375,0.3358553001230067,220.0,0.0537109375,True,1435184369
14,12,1,0.0,0.618667,0.0,0.0,-0.813737,0.05224609375,0.0029296875,0.002307188887863133,3062,BARK,114,0.02783203125,0.44965474851179943,220.0,0.0537109375,True,1435184369
14,12,1,0.0,0.618667,0.0,0.0,-0.813737,0.05224609375,0.0029296875,0.002307188887863133,3062,BARK,148,0.0361328125,0.7907972950691813,220.0,0.0537109375,True,1435184369
14,12,1,0.0,0.618667,0.0,0.0,-0.813737,0.05224609375,0.0029296875,0.002307188887863133,3062,BARK,192,0.046875,0.9883698600169925,220.0,0.0537109375,True,1435184369
14,12,1,0.0,0.618667,0.0,0.0,-0.813737,0.05224609375,0.0029296875,0.002307188887863133,3062,BARK,250,0.06103515625,1.0000000000000004,220.0,0.0537109375,True,1435184369
14,12,1,0.0,0.618667,0.0,0.0,-0.813737,0.05224609375,0.0029296875,0.002307188887863133,3062,BARK,325,0.079345703125,1.0000000000000004,220.0,0.0537109375,True,1435184369
14,12,1,0.0,0.618667,0.0,0.0,-0.813737,0.05224609375,0.0029296875,0.002307188887863133,3062,BARK,423,0.103271484375,1.0000000000000004,220.0,0.0537109375,True,1435184369
14,12,1,0.0,0.618667,0.0,0.0,-0.813737,0.05224609375,0.0029296875,0.002307188887863133,3062,BARK,550,0.13427734375,1.0000000000000004,220.0,0.0537109375,True,1435184369
14,12,1,0.0,0.618667,0.0,0.0,-0.813737,0.05224609375,0.0029296875,0.002307188887863133,3062,BARK,715,0.174560546875,1.0000000000000004,220.0,0.0537109375,True,1435184369
14,12,1,0.0,0.618667,0.0,0.0,-0.813737,0.05224609375,0.0029296875,0.002307188887863133,3062,BARK,931,0.227294921875,1.0000000000000004,220.0,0.0537109375,True,1435184369
14,12,1,0.0,0.618667,0.0,0.0,-0.813737,0.05224609375,0.0029296875,0.002307188887863133,3062,BARK,1210,0.29541015625,1.0000000000000004,220.0,0.0537109375,True,1435184369
14,12,1,0.0,0.618667,0.0,0.0,-0.813737,0.05224609375,0.0029296875,0.002307188887863133,3062,BARK,1575,0.384521484375,1.0000000000000004,220.0,0.0537109375,True,1435184369
14,12,1,0.0,0.618667,0.0,0.0,-0.813737,0.05224609375,0.0029296875,0.002307188887863133,3062,BARK,2048,0.5,1.0000000000000004,220.0,0.0537109375,True,1435184369
14,12,1,0.0,0.618667,0.0,0.0,-0.813737,0.05224609375,0.0029296875,0.002307188887863133,3062,Simplified BARK,1,0.000244140625,0.002307188887863133,220.0,0.0537109375,True,1435184369
14,12,1,0.0,0.618667,0.0,0.0,-0.813737,0.05224609375,0.0029296875,0.002307188887863133,3062,Simplified BARK,2,0.00048828125,0.0028447949017392313,220.0,0.0537109375,True,1435184369
14,12,1,0.0,0.618667,0.0,0.0,-0.813737,0.05224609375,0.0029296875,0.002307188887863133,3062,Simplified BARK,3,0.000732421875,0.004082563221119353,220.0,0.0537109375,True,1435184369
14,12,1,0.0,0.618667,0.0,0.0,-0.813737,0.05224609375,0.0029296875,0.002307188887863133,3062,Simplified BARK,4,0.0009765625,0.005989964795393223,220.0,0.0537109375,True,1435184369
14,12,1,0.0,0.618667,0.0,0.0,-0.813737,0.05224609375,0.0029296875,0.002307188887863133,3062,Simplified BARK,5,0.001220703125,0.008146700664897278,220.0,0.0537109375,True,1435184369
14,12,1,0.0,0.618667,0.0,0.0,-0.813737,0.05224609375,0.0029296875,0.002307188887863133,3062,Simplified BARK,6,0.00146484375,0.009985510484355354,220.0,0.0537109375,True,1435184369
14,12,1,0.0,0.618667,0.0,0.0,-0.813737,0.05224609375,0.0029296875,0.002307188887863133,3062,Simplified BARK,8,0.001953125,0.01122796865730618,220.0,0.0537109375,True,1435184369
14,12,1,0.0,0.618667,0.0,0.0,-0.813737,0.05224609375,0.0029296875,0.002307188887863133,3062,Simplified BARK,11,0.002685546875,0.00909052410174703,220.0,0.0537109375,True,1435184369
14,12,1,0.0,0.618667,0.0,0.0,-0.813737,0.05224609375,0.0029296875,0.002307188887863133,3062,Simplified BARK,14,0.00341796875,0.007035253809998637,220.0,0.0537109375,True,1435184369
14,12,1,0.0,0.618667,0.0,0.0,-0.813737,0.05224609375,0.0029296875,0.002307188887863133,3062,Simplified BARK,18,0.00439453125,0.004862824935844461,220.0,0.0537109375,True,1435184369
14,12,1,0.0,0.618667,0.0,0.0,-0.813737,0.05224609375,0.0029296875,0.002307188887863133,3062,Simplified BARK,23,0.005615234375,0.0004937272684300618,220.0,0.0537109375,True,1435184369
14,12,1,0.0,0.618667,0.0,0.0,-0.813737,0.05224609375,0.0029296875,0.002307188887863133,3062,Simplified BARK,31,0.007568359375,0.004790904940711082,220.0,0.0537109375,True,1435184369
14,12,1,0.0,0.618667,0.0,0.0,-0.813737,0.05224609375,0.0029296875,0.002307188887863133,3062,Simplified BARK,40,0.009765625,0.025351106352848915,220.0,0.0537109375,True,1435184369
14,12,1,0.0,0.618667,0.0,0.0,-0.813737,0.05224609375,0.0029296875,0.002307188887863133,3062,Simplified BARK,52,0.0126953125,0.08301140302705923,220.0,0.0537109375,True,1435184369
14,12,1,0.0,0.618667,0.0,0.0,-0.813737,0.05224609375,0.0029296875,0.002307188887863133,3062,Simplified BARK,67,0.016357421875,0.048411956949102365,220.0,0.0537109375,True,1435184369
14,12,1,0.0,0.618667,0.0,0.0,-0.813737,0.05224609375,0.0029296875,0.002307188887863133,3062,Simplified BARK,87,0.021240234375,0.1988277283746254,220.0,0.0537109375,True,1435184369
14,12,1,0.0,0.618667,0.0,0.0,-0.813737,0.05224609375,0.0029296875,0.002307188887863133,3062,Simplified BARK,114,0.02783203125,0.34777157324848856,220.0,0.0537109375,True,1435184369
14,12,1,0.0,0.618667,0.0,0.0,-0.813737,0.05224609375,0.0029296875,0.002307188887863133,3062,Simplified BARK,148,0.0361328125,0.7014160678565313,220.0,0.0537109375,True,1435184369
14,12,1,0.0,0.618667,0.0,0.0,-0.813737,0.05224609375,0.0029296875,0.002307188887863133,3062,Simplified BARK,192,0.046875,0.983699663481834,220.0,0.0537109375,True,1435184369
14,12,1,0.0,0.618667,0.0,0.0,-0.813737,0.05224609375,0.0029296875,0.002307188887863133,3062,Simplified BARK,250,0.06103515625,1.0000000000000009,220.0,0.0537109375,True,1435184369
14,12,1,0.0,0.618667,0.0,0.0,-0.813737,0.05224609375,0.0029296875,0.002307188887863133,3062,Simplified BARK,325,0.079345703125,1.0000000000000009,220.0,0.0537109375,True,1435184369
14,12,1,0.0,0.618667,0.0,0.0,-0.813737,0.05224609375,0.0029296875,0.002307188887863133,3062,Simplified BARK,423,0.103271484375,1.0000000000000009,220.0,0.0537109375,True,1435184369
14,12,1,0.0,0.618667,0.0,0.0,-0.813737,0.05224609375,0.0029296875,0.002307188887863133,3062,Simplified BARK,550,0.13427734375,1.0000000000000009,220.0,0.0537109375,True,1435184369
14,12,1,0.0,0.618667,0.0,0.0,-0.813737,0.05224609375,0.0029296875,0.002307188887863133,3062,Simplified BARK,715,0.174560546875,1.0000000000000009,220.0,0.0537109375,True,1435184369
14,12,1,0.0,0.618667,0.0,0.0,-0.813737,0.05224609375,0.0029296875,0.002307188887863133,3062,Simplified BARK,931,0.227294921875,1.0000000000000009,220.0,0.0537109375,True,1435184369
14,12,1,0.0,0.618667,0.0,0.0,-0.813737,0.05224609375,0.0029296875,0.002307188887863133,3062,Simplified BARK,1210,0.29541015625,1.0000000000000009,220.0,0.0537109375,True,1435184369
14,12,1,0.0,0.618667,0.0,0.0,-0.813737,0.05224609375,0.0029296875,0.002307188887863133,3062,Simplified BARK,1575,0.384521484375,1.0000000000000009,220.0,0.0537109375,True,1435184369
14,12,1,0.0,0.618667,0.0,0.0,-0.813737,0.05224609375,0.0029296875,0.002307188887863133,3062,Simplified BARK,2048,0.5,1.0000000000000009,220.0,0.0537109375,True,1435184369
14,12,1,0.0,0.618667,0.0,0.0,-0.813737,0.05224609375,0.0029296875,0.002307188887863133,3062,SKQD,1,0.000244140625,0.002307188887863133,209.0,0.051025390625,True,1435184369
14,12,1,0.0,0.618667,0.0,0.0,-0.813737,0.05224609375,0.0029296875,0.002307188887863133,3062,SKQD,2,0.00048828125,0.002307188887863133,209.0,0.051025390625,True,1435184369
14,12,1,0.0,0.618667,0.0,0.0,-0.813737,0.05224609375,0.0029296875,0.002307188887863133,3062,SKQD,3,0.000732421875,0.002307188887863133,209.0,0.051025390625,True,1435184369
14,12,1,0.0,0.618667,0.0,0.0,-0.813737,0.05224609375,0.0029296875,0.002307188887863133,3062,SKQD,4,0.0009765625,0.002307188887863133,209.0,0.051025390625,True,1435184369
14,12,1,0.0,0.618667,0.0,0.0,-0.813737,0.05224609375,0.0029296875,0.002307188887863133,3062,SKQD,5,0.001220703125,0.002307188887863133,209.0,0.051025390625,True,1435184369
14,12,1,0.0,0.618667,0.0,0.0,-0.813737,0.05224609375,0.0029296875,0.002307188887863133,3062,SKQD,6,0.00146484375,0.002307188887863133,209.0,0.051025390625,True,1435184369
14,12,1,0.0,0.618667,0.0,0.0,-0.813737,0.05224609375,0.0029296875,0.002307188887863133,3062,SKQD,8,0.001953125,0.008955704683171193,209.0,0.051025390625,True,1435184369
14,12,1,0.0,0.618667,0.0,0.0,-0.813737,0.05224609375,0.0029296875,0.002307188887863133,3062,SKQD,11,0.002685546875,0.008955704683171193,209.0,0.051025390625,True,1435184369
14,12,1,0.0,0.618667,0.0,0.0,-0.813737,0.05224609375,0.0029296875,0.002307188887863133,3062,SKQD,14,0.00341796875,0.02983136007902781,209.0,0.051025390625,True,1435184369
14,12,1,0.0,0.618667,0.0,0.0,-0.813737,0.05224609375,0.0029296875,0.002307188887863133,3062,SKQD,18,0.00439453125,0.02983136007902781,209.0,0.051025390625,True,1435184369
14,12,1,0.0,0.618667,0.0,0.0,-0.813737,0.05224609375,0.0029296875,0.002307188887863133,3062,SKQD,23,0.005615234375,0.02983136007902781,209.0,0.051025390625,True,1435184369
14,12,1,0.0,0.618667,0.0,0.0,-0.813737,0.05224609375,0.0029296875,0.002307188887863133,3062,SKQD,31,0.007568359375,0.06800974178754243,209.0,0.051025390625,True,1435184369
14,12,1,0.0,0.618667,0.0,0.0,-0.813737,0.05224609375,0.0029296875,0.002307188887863133,3062,SKQD,40,0.009765625,0.08402447363377148,209.0,0.051025390625,True,1435184369
14,12,1,0.0,0.618667,0.0,0.0,-0.813737,0.05224609375,0.0029296875,0.002307188887863133,3062,SKQD,52,0.0126953125,0.10728861866421495,209.0,0.051025390625,True,1435184369
14,12,1,0.0,0.618667,0.0,0.0,-0.813737,0.05224609375,0.0029296875,0.002307188887863133,3062,SKQD,67,0.016357421875,0.16878551515227022,209.0,0.051025390625,True,1435184369
14,12,1,0.0,0.618667,0.0,0.0,-0.813737,0.05224609375,0.0029296875,0.002307188887863133,3062,SKQD,87,0.021240234375,0.32132265868270254,209.0,0.051025390625,True,1435184369
14,12,1,0.0,0.618667,0.0,0.0,-0.813737,0.05224609375,0.0029296875,0.002307188887863133,3062,SKQD,114,0.02783203125,0.4396458149344655,209.0,0.051025390625,True,1435184369
14,12,1,0.0,0.618667,0.0,0.0,-0.813737,0.05224609375,0.0029296875,0.002307188887863133,3062,SKQD,148,0.0361328125,0.6997245748978426,209.0,0.051025390625,True,1435184369
14,12,1,0.0,0.618667,0.0,0.0,-0.813737,0.05224609375,0.0029296875,0.002307188887863133,3062,SKQD,192,0.046875,0.8687885319158308,209.0,0.051025390625,True,1435184369
14,12,1,0.0,0.618667,0.0,0.0,-0.813737,0.05224609375,0.0029296875,0.002307188887863133,3062,SKQD,250,0.06103515625,0.956950930619163,209.0,0.051025390625,True,1435184369
14,12,1,0.0,0.618667,0.0,0.0,-0.813737,0.05224609375,0.0029296875,0.002307188887863133,3062,SKQD,325,0.079345703125,0.956950930619163,209.0,0.051025390625,True,1435184369
14,12,1,0.0,0.618667,0.0,0.0,-0.813737,0.05224609375,0.0029296875,0.002307188887863133,3062,SKQD,423,0.103271484375,0.956950930619163,209.0,0.051025390625,True,1435184369
14,12,1,0.0,0.618667,0.0,0.0,-0.813737,0.05224609375,0.0029296875,0.002307188887863133,3062,SKQD,550,0.13427734375,0.956950930619163,209.0,0.051025390625,True,1435184369
14,12,1,0.0,0.618667,0.0,0.0,-0.813737,0.05224609375,0.0029296875,0.002307188887863133,3062,SKQD,715,0.174560546875,0.956950930619163,209.0,0.051025390625,True,1435184369
14,12,1,0.0,0.618667,0.0,0.0,-0.813737,0.05224609375,0.0029296875,0.002307188887863133,3062,SKQD,931,0.227294921875,0.956950930619163,209.0,0.051025390625,True,1435184369
14,12,1,0.0,0.618667,0.0,0.0,-0.813737,0.05224609375,0.0029296875,0.002307188887863133,3062,SKQD,1210,0.29541015625,0.956950930619163,209.0,0.051025390625,True,1435184369
14,12,1,0.0,0.618667,0.0,0.0,-0.813737,0.05224609375,0.0029296875,0.002307188887863133,3062,SKQD,1575,0.384521484375,0.956950930619163,209.0,0.051025390625,True,1435184369
14,12,1,0.0,0.618667,0.0,0.0,-0.813737,0.05224609375,0.0029296875,0.002307188887863133,3062,SKQD,2048,0.5,0.956950930619163,209.0,0.051025390625,True,1435184369
14,12,1,0.0,0.618667,0.0,0.0,-0.813737,0.05224609375,0.0029296875,0.002307188887863133,3062,Ceiling,1,0.000244140625,0.029640507376456127,2048.0,0.5,False,1435184369
14,12,1,0.0,0.618667,0.0,0.0,-0.813737,0.05224609375,0.0029296875,0.002307188887863133,3062,Ceiling,2,0.00048828125,0.059281014752912226,2048.0,0.5,False,1435184369
14,12,1,0.0,0.618667,0.0,0.0,-0.813737,0.05224609375,0.0029296875,0.002307188887863133,3062,Ceiling,3,0.000732421875,0.08501249629488047,2048.0,0.5,False,1435184369
14,12,1,0.0,0.618667,0.0,0.0,-0.813737,0.05224609375,0.0029296875,0.002307188887863133,3062,Ceiling,4,0.0009765625,0.11074397783684857,2048.0,0.5,False,1435184369
14,12,1,0.0,0.618667,0.0,0.0,-0.813737,0.05224609375,0.0029296875,0.002307188887863133,3062,Ceiling,5,0.001220703125,0.1339830951829714,2048.0,0.5,False,1435184369
14,12,1,0.0,0.618667,0.0,0.0,-0.813737,0.05224609375,0.0029296875,0.002307188887863133,3062,Ceiling,6,0.00146484375,0.15722221252909424,2048.0,0.5,False,1435184369
14,12,1,0.0,0.618667,0.0,0.0,-0.813737,0.05224609375,0.0029296875,0.002307188887863133,3062,Ceiling,8,0.001953125,0.20156212966617756,2048.0,0.5,False,1435184369
14,12,1,0.0,0.618667,0.0,0.0,-0.813737,0.05224609375,0.0029296875,0.002307188887863133,3062,Ceiling,11,0.002685546875,0.2610367590088435,2048.0,0.5,False,1435184369
14,12,1,0.0,0.618667,0.0,0.0,-0.813737,0.05224609375,0.0029296875,0.002307188887863133,3062,Ceiling,14,0.00341796875,0.3165952834344928,2048.0,0.5,False,1435184369
14,12,1,0.0,0.618667,0.0,0.0,-0.813737,0.05224609375,0.0029296875,0.002307188887863133,3062,Ceiling,18,0.00439453125,0.38536434820588794,2048.0,0.5,False,1435184369
14,12,1,0.0,0.618667,0.0,0.0,-0.813737,0.05224609375,0.0029296875,0.002307188887863133,3062,Ceiling,23,0.005615234375,0.4582398582498841,2048.0,0.5,False,1435184369
14,12,1,0.0,0.618667,0.0,0.0,-0.813737,0.05224609375,0.0029296875,0.002307188887863133,3062,Ceiling,31,0.007568359375,0.5580082961372027,2048.0,0.5,False,1435184369
14,12,1,0.0,0.618667,0.0,0.0,-0.813737,0.05224609375,0.0029296875,0.002307188887863133,3062,Ceiling,40,0.009765625,0.636704939520901,2048.0,0.5,False,1435184369
14,12,1,0.0,0.618667,0.0,0.0,-0.813737,0.05224609375,0.0029296875,0.002307188887863133,3062,Ceiling,52,0.0126953125,0.7220310831211169,2048.0,0.5,False,1435184369
14,12,1,0.0,0.618667,0.0,0.0,-0.813737,0.05224609375,0.0029296875,0.002307188887863133,3062,Ceiling,67,0.016357421875,0.8036798825454115,2048.0,0.5,False,1435184369
14,12,1,0.0,0.618667,0.0,0.0,-0.813737,0.05224609375,0.0029296875,0.002307188887863133,3062,Ceiling,87,0.021240234375,0.8829277023622187,2048.0,0.5,False,1435184369
14,12,1,0.0,0.618667,0.0,0.0,-0.813737,0.05224609375,0.0029296875,0.002307188887863133,3062,Ceiling,114,0.02783203125,0.9496421456844548,2048.0,0.5,False,1435184369
14,12,1,0.0,0.618667,0.0,0.0,-0.813737,0.05224609375,0.0029296875,0.002307188887863133,3062,Ceiling,148,0.0361328125,0.9869192539376299,2048.0,0.5,False,1435184369
14,12,1,0.0,0.618667,0.0,0.0,-0.813737,0.05224609375,0.0029296875,0.002307188887863133,3062,Ceiling,192,0.046875,0.999583233017466,2048.0,0.5,False,1435184369
14,12,1,0.0,0.618667,0.0,0.0,-0.813737,0.05224609375,0.0029296875,0.002307188887863133,3062,Ceiling,250,0.06103515625,1.0000000000000013,2048.0,0.5,False,1435184369
14,12,1,0.0,0.618667,0.0,0.0,-0.813737,0.05224609375,0.0029296875,0.002307188887863133,3062,Ceiling,325,0.079345703125,1.0000000000000013,2048.0,0.5,False,1435184369
14,12,1,0.0,0.618667,0.0,0.0,-0.813737,0.05224609375,0.0029296875,0.002307188887863133,3062,Ceiling,423,0.103271484375,1.0000000000000013,2048.0,0.5,False,1435184369
14,12,1,0.0,0.618667,0.0,0.0,-0.813737,0.05224609375,0.0029296875,0.002307188887863133,3062,Ceiling,550,0.13427734375,1.0000000000000013,2048.0,0.5,False,1435184369
14,12,1,0.0,0.618667,0.0,0.0,-0.813737,0.05224609375,0.0029296875,0.002307188887863133,3062,Ceiling,715,0.174560546875,1.0000000000000013,2048.0,0.5,False,1435184369
14,12,1,0.0,0.618667,0.0,0.0,-0.813737,0.05224609375,0.0029296875,0.002307188887863133,3062,Ceiling,931,0.227294921875,1.0000000000000013,2048.0,0.5,False,1435184369
14,12,1,0.0,0.618667,0.0,0.0,-0.813737,0.05224609375,0.0029296875,0.002307188887863133,3062,Ceiling,1210,0.29541015625,1.0000000000000013,2048.0,0.5,False,1435184369
14,12,1,0.0,0.618667,0.0,0.0,-0.813737,0.05224609375,0.0029296875,0.002307188887863133,3062,Ceiling,1575,0.384521484375,1.0000000000000013,2048.0,0.5,False,1435184369
14,12,1,0.0,0.618667,0.0,0.0,-0.813737,0.05224609375,0.0029296875,0.002307188887863133,3062,Ceiling,2048,0.5,1.0000000000000013,2048.0,0.5,False,1435184369
14,12,1,0.0,0.618667,0.0,0.0,-0.813737,0.05224609375,0.0029296875,0.0032987708308991133,3934,BARK,1,0.000244140625,0.0032987708308991133,220.0,0.0537109375,True,1435184369
14,12,1,0.0,0.618667,0.0,0.0,-0.813737,0.05224609375,0.0029296875,0.0032987708308991133,3934,BARK,2,0.00048828125,0.01015277024414761,220.0,0.0537109375,True,1435184369
14,12,1,0.0,0.618667,0.0,0.0,-0.813737,0.05224609375,0.0029296875,0.0032987708308991133,3934,BARK,3,0.000732421875,0.018820231286615488,220.0,0.0537109375,True,1435184369
14,12,1,0.0,0.618667,0.0,0.0,-0.813737,0.05224609375,0.0029296875,0.0032987708308991133,3934,BARK,4,0.0009765625,0.026280727916785783,220.0,0.0537109375,True,1435184369
14,12,1,0.0,0.618667,0.0,0.0,-0.813737,0.05224609375,0.0029296875,0.0032987708308991133,3934,BARK,5,0.001220703125,0.02941599859827092,220.0,0.0537109375,True,1435184369
14,12,1,0.0,0.618667,0.0,0.0,-0.813737,0.05224609375,0.0029296875,0.0032987708308991133,3934,BARK,6,0.00146484375,0.030796125547430084,220.0,0.0537109375,True,1435184369
14,12,1,0.0,0.618667,0.0,0.0,-0.813737,0.05224609375,0.0029296875,0.0032987708308991133,3934,BARK,8,0.001953125,0.04189815805419439,220.0,0.0537109375,True,1435184369
14,12,1,0.0,0.618667,0.0,0.0,-0.813737,0.05224609375,0.0029296875,0.0032987708308991133,3934,BARK,11,0.002685546875,0.05445755882798833,220.0,0.0537109375,True,1435184369
14,12,1,0.0,0.618667,0.0,0.0,-0.813737,0.05224609375,0.0029296875,0.0032987708308991133,3934,BARK,14,0.00341796875,0.09193721819171526,220.0,0.0537109375,True,1435184369
14,12,1,0.0,0.618667,0.0,0.0,-0.813737,0.05224609375,0.0029296875,0.0032987708308991133,3934,BARK,18,0.00439453125,0.1700026928642705,220.0,0.0537109375,True,1435184369
14,12,1,0.0,0.618667,0.0,0.0,-0.813737,0.05224609375,0.0029296875,0.0032987708308991133,3934,BARK,23,0.005615234375,0.1948591877224411,220.0,0.0537109375,True,1435184369
14,12,1,0.0,0.618667,0.0,0.0,-0.813737,0.05224609375,0.0029296875,0.0032987708308991133,3934,BARK,31,0.007568359375,0.25563877608687063,220.0,0.0537109375,True,1435184369
14,12,1,0.0,0.618667,0.0,0.0,-0.813737,0.05224609375,0.0029296875,0.0032987708308991133,3934,BARK,40,0.009765625,0.4143024180047005,220.0,0.0537109375,True,1435184369
14,12,1,0.0,0.618667,0.0,0.0,-0.813737,0.05224609375,0.0029296875,0.0032987708308991133,3934,BARK,52,0.0126953125,0.5724279083629813,220.0,0.0537109375,True,1435184369
14,12,1,0.0,0.618667,0.0,0.0,-0.813737,0.05224609375,0.0029296875,0.0032987708308991133,3934,BARK,67,0.016357421875,0.5802210964437742,220.0,0.0537109375,True,1435184369
14,12,1,0.0,0.618667,0.0,0.0,-0.813737,0.05224609375,0.0029296875,0.0032987708308991133,3934,BARK,87,0.021240234375,0.6240808589818874,220.0,0.0537109375,True,1435184369
14,12,1,0.0,0.618667,0.0,0.0,-0.813737,0.05224609375,0.0029296875,0.0032987708308991133,3934,BARK,114,0.02783203125,0.6579525448470752,220.0,0.0537109375,True,1435184369
14,12,1,0.0,0.618667,0.0,0.0,-0.813737,0.05224609375,0.0029296875,0.0032987708308991133,3934,BARK,148,0.0361328125,0.735929650981361,220.0,0.0537109375,True,1435184369
14,12,1,0.0,0.618667,0.0,0.0,-0.813737,0.05224609375,0.0029296875,0.0032987708308991133,3934,BARK,192,0.046875,0.9562544497453482,220.0,0.0537109375,True,1435184369
14,12,1,0.0,0.618667,0.0,0.0,-0.813737,0.05224609375,0.0029296875,0.0032987708308991133,3934,BARK,250,0.06103515625,1.0000000000000009,220.0,0.0537109375,True,1435184369
14,12,1,0.0,0.618667,0.0,0.0,-0.813737,0.05224609375,0.0029296875,0.0032987708308991133,3934,BARK,325,0.079345703125,1.0000000000000009,220.0,0.0537109375,True,1435184369
14,12,1,0.0,0.618667,0.0,0.0,-0.813737,0.05224609375,0.0029296875,0.0032987708308991133,3934,BARK,423,0.103271484375,1.0000000000000009,220.0,0.0537109375,True,1435184369
14,12,1,0.0,0.618667,0.0,0.0,-0.813737,0.05224609375,0.0029296875,0.0032987708308991133,3934,BARK,550,0.13427734375,1.0000000000000009,220.0,0.0537109375,True,1435184369
14,12,1,0.0,0.618667,0.0,0.0,-0.813737,0.05224609375,0.0029296875,0.0032987708308991133,3934,BARK,715,0.174560546875,1.0000000000000009,220.0,0.0537109375,True,1435184369
14,12,1,0.0,0.618667,0.0,0.0,-0.813737,0.05224609375,0.0029296875,0.0032987708308991133,3934,BARK,931,0.227294921875,1.0000000000000009,220.0,0.0537109375,True,1435184369
14,12,1,0.0,0.618667,0.0,0.0,-0.813737,0.05224609375,0.0029296875,0.0032987708308991133,3934,BARK,1210,0.29541015625,1.0000000000000009,220.0,0.0537109375,True,1435184369
14,12,1,0.0,0.618667,0.0,0.0,-0.813737,0.05224609375,0.0029296875,0.0032987708308991133,3934,BARK,1575,0.384521484375,1.0000000000000009,220.0,0.0537109375,True,1435184369
14,12,1,0.0,0.618667,0.0,0.0,-0.813737,0.05224609375,0.0029296875,0.0032987708308991133,3934,BARK,2048,0.5,1.0000000000000009,220.0,0.0537109375,True,1435184369
14,12,1,0.0,0.618667,0.0,0.0,-0.813737,0.05224609375,0.0029296875,0.0032987708308991133,3934,Simplified BARK,1,0.000244140625,0.0032987708308991133,220.0,0.0537109375,True,1435184369
14,12,1,0.0,0.618667,0.0,0.0,-0.813737,0.05224609375,0.0029296875,0.0032987708308991133,3934,Simplified BARK,2,0.00048828125,0.01015277024414761,220.0,0.0537109375,True,1435184369
14,12,1,0.0,0.618667,0.0,0.0,-0.813737,0.05224609375,0.0029296875,0.0032987708308991133,3934,Simplified BARK,3,0.000732421875,0.018820231286615488,220.0,0.0537109375,True,1435184369
14,12,1,0.0,0.618667,0.0,0.0,-0.813737,0.05224609375,0.0029296875,0.0032987708308991133,3934,Simplified BARK,4,0.0009765625,0.026280727916785783,220.0,0.0537109375,True,1435184369
14,12,1,0.0,0.618667,0.0,0.0,-0.813737,0.05224609375,0.0029296875,0.0032987708308991133,3934,Simplified BARK,5,0.001220703125,0.02941599859827092,220.0,0.0537109375,True,1435184369
14,12,1,0.0,0.618667,0.0,0.0,-0.813737,0.05224609375,0.0029296875,0.0032987708308991133,3934,Simplified BARK,6,0.00146484375,0.030796125547430084,220.0,0.0537109375,True,1435184369
14,12,1,0.0,0.618667,0.0,0.0,-0.813737,0.05224609375,0.0029296875,0.0032987708308991133,3934,Simplified BARK,8,0.001953125,0.03020370104895479,220.0,0.0537109375,True,1435184369
14,12,1,0.0,0.618667,0.0,0.0,-0.813737,0.05224609375,0.0029296875,0.0032987708308991133,3934,Simplified BARK,11,0.002685546875,0.02319523410236429,220.0,0.0537109375,True,1435184369
14,12,1,0.0,0.618667,0.0,0.0,-0.813737,0.05224609375,0.0029296875,0.0032987708308991133,3934,Simplified BARK,14,0.00341796875,0.01686902892810669,220.0,0.0537109375,True,1435184369
14,12,1,0.0,0.618667,0.0,0.0,-0.813737,0.05224609375,0.0029296875,0.0032987708308991133,3934,Simplified BARK,18,0.00439453125,0.01121537950779407,220.0,0.0537109375,True,1435184369
14,12,1,0.0,0.618667,0.0,0.0,-0.813737,0.05224609375,0.0029296875,0.0032987708308991133,3934,Simplified BARK,23,0.005615234375,0.00022463062347536926,220.0,0.0537109375,True,1435184369
14,12,1,0.0,0.618667,0.0,0.0,-0.813737,0.05224609375,0.0029296875,0.0032987708308991133,3934,Simplified BARK,31,0.007568359375,0.0030849319135040254,220.0,0.0537109375,True,1435184369
14,12,1,0.0,0.618667,0.0,0.0,-0.813737,0.05224609375,0.0029296875,0.0032987708308991133,3934,Simplified BARK,40,0.009765625,0.025142462964134946,220.0,0.0537109375,True,1435184369
14,12,1,0.0,0.618667,0.0,0.0,-0.813737,0.05224609375,0.0029296875,0.0032987708308991133,3934,Simplified BARK,52,0.0126953125,0.07972668090299068,220.0,0.0537109375,True,1435184369
14,12,1,0.0,0.618667,0.0,0.0,-0.813737,0.05224609375,0.0029296875,0.0032987708308991133,3934,Simplified BARK,67,0.016357421875,0.06262684382709174,220.0,0.0537109375,True,1435184369
14,12,1,0.0,0.618667,0.0,0.0,-0.813737,0.05224609375,0.0029296875,0.0032987708308991133,3934,Simplified BARK,87,0.021240234375,0.16489975288871406,220.0,0.0537109375,True,1435184369
14,12,1,0.0,0.618667,0.0,0.0,-0.813737,0.05224609375,0.0029296875,0.0032987708308991133,3934,Simplified BARK,114,0.02783203125,0.3180492411827099,220.0,0.0537109375,True,1435184369
14,12,1,0.0,0.618667,0.0,0.0,-0.813737,0.05224609375,0.0029296875,0.0032987708308991133,3934,Simplified BARK,148,0.0361328125,0.6698623216673258,220.0,0.0537109375,True,1435184369
14,12,1,0.0,0.618667,0.0,0.0,-0.813737,0.05224609375,0.0029296875,0.0032987708308991133,3934,Simplified BARK,192,0.046875,0.9836996634818345,220.0,0.0537109375,True,1435184369
14,12,1,0.0,0.618667,0.0,0.0,-0.813737,0.05224609375,0.0029296875,0.0032987708308991133,3934,Simplified BARK,250,0.06103515625,1.0000000000000009,220.0,0.0537109375,True,1435184369
14,12,1,0.0,0.618667,0.0,0.0,-0.813737,0.05224609375,0.0029296875,0.0032987708308991133,3934,Simplified BARK,325,0.079345703125,1.0000000000000009,220.0,0.0537109375,True,1435184369
14,12,1,0.0,0.618667,0.0,0.0,-0.813737,0.05224609375,0.0029296875,0.0032987708308991133,3934,Simplified BARK,423,0.103271484375,1.0000000000000009,220.0,0.0537109375,True,1435184369
14,12,1,0.0,0.618667,0.0,0.0,-0.813737,0.05224609375,0.0029296875,0.0032987708308991133,3934,Simplified BARK,550,0.13427734375,1.0000000000000009,220.0,0.0537109375,True,1435184369
14,12,1,0.0,0.618667,0.0,0.0,-0.813737,0.05224609375,0.0029296875,0.0032987708308991133,3934,Simplified BARK,715,0.174560546875,1.0000000000000009,220.0,0.0537109375,True,1435184369
14,12,1,0.0,0.618667,0.0,0.0,-0.813737,0.05224609375,0.0029296875,0.0032987708308991133,3934,Simplified BARK,931,0.227294921875,1.0000000000000009,220.0,0.0537109375,True,1435184369
14,12,1,0.0,0.618667,0.0,0.0,-0.813737,0.05224609375,0.0029296875,0.0032987708308991133,3934,Simplified BARK,1210,0.29541015625,1.0000000000000009,220.0,0.0537109375,True,1435184369
14,12,1,0.0,0.618667,0.0,0.0,-0.813737,0.05224609375,0.0029296875,0.0032987708308991133,3934,Simplified BARK,1575,0.384521484375,1.0000000000000009,220.0,0.0537109375,True,1435184369
14,12,1,0.0,0.618667,0.0,0.0,-0.813737,0.05224609375,0.0029296875,0.0032987708308991133,3934,Simplified BARK,2048,0.5,1.0000000000000009,220.0,0.0537109375,True,1435184369
14,12,1,0.0,0.618667,0.0,0.0,-0.813737,0.05224609375,0.0029296875,0.0032987708308991133,3934,SKQD,1,0.000244140625,0.0032987708308991133,218.33333333333334,0.053304036458333336,True,1435184369
14,12,1,0.0,0.618667,0.0,0.0,-0.813737,0.05224609375,0.0029296875,0.0032987708308991133,3934,SKQD,2,0.00048828125,0.0032987708308991133,218.33333333333334,0.053304036458333336,True,1435184369
14,12,1,0.0,0.618667,0.0,0.0,-0.813737,0.05224609375,0.0029296875,0.0032987708308991133,3934,SKQD,3,0.000732421875,0.0032987708308991133,218.33333333333334,0.053304036458333336,True,1435184369
14,12,1,0.0,0.618667,0.0,0.0,-0.813737,0.05224609375,0.0029296875,0.0032987708308991133,3934,SKQD,4,0.0009765625,0.0032987708308991133,218.33333333333334,0.053304036458333336,True,1435184369
14,12,1,0.0,0.618667,0.0,0.0,-0.813737,0.05224609375,0.0029296875,0.0032987708308991133,3934,SKQD,5,0.001220703125,0.0032987708308991133,218.33333333333334,0.053304036458333336,True,1435184369
14,12,1,0.0,0.618667,0.0,0.0,-0.813737,0.05224609375,0.0029296875,0.0032987708308991133,3934,SKQD,6,0.00146484375,0.0032987708308991133,218.33333333333334,0.053304036458333336,True,1435184369
14,12,1,0.0,0.618667,0.0,0.0,-0.813737,0.05224609375,0.0029296875,0.0032987708308991133,3934,SKQD,8,0.001953125,0.0032987708308991133,218.33333333333334,0.053304036458333336,True,1435184369
14,12,1,0.0,0.618667,0.0,0.0,-0.813737,0.05224609375,0.0029296875,0.0032987708308991133,3934,SKQD,11,0.002685546875,0.0032987708308991133,218.33333333333334,0.053304036458333336,True,1435184369
14,12,1,0.0,0.618667,0.0,0.0,-0.813737,0.05224609375,0.0029296875,0.0032987708308991133,3934,SKQD,14,0.00341796875,0.0032987708308991133,218.33333333333334,0.053304036458333336,True,1435184369
14,12,1,0.0,0.618667,0.0,0.0,-0.813737,0.05224609375,0.0029296875,0.0032987708308991133,3934,SKQD,18,0.00439453125,0.0032987708308991133,218.33333333333334,0.053304036458333336,True,1435184369
14,12,1,0.0,0.618667,0.0,0.0,-0.813737,0.05224609375,0.0029296875,0.0032987708308991133,3934,SKQD,23,0.005615234375,0.0032987708308991133,218.33333333333334,0.053304036458333336,True,1435184369
14,12,1,0.0,0.618667,0.0,0.0,-0.813737,0.05224609375,0.0029296875,0.0032987708308991133,3934,SKQD,31,0.007568359375,0.0032987708308991133,218.33333333333334,0.053304036458333336,True,1435184369
14,12,1,0.0,0.618667,0.0,0.0,-0.813737,0.05224609375,0.0029296875,0.0032987708308991133,3934,SKQD,40,0.009765625,0.0032987708308991133,218.33333333333334,0.053304036458333336,True,1435184369
14,12,1,0.0,0.618667,0.0,0.0,-0.813737,0.05224609375,0.0029296875,0.0032987708308991133,3934,SKQD,52,0.0126953125,0.0032987708308991133,218.33333333333334,0.053304036458333336,True,1435184369
14,12,1,0.0,0.618667,0.0,0.0,-0.813737,0.05224609375,0.0029296875,0.0032987708308991133,3934,SKQD,67,0.016357421875,0.03344924344758501,218.33333333333334,0.053304036458333336,True,1435184369
14,12,1,0.0,0.618667,0.0,0.0,-0.813737,0.05224609375,0.0029296875,0.0032987708308991133,3934,SKQD,87,0.021240234375,0.03344924344758501,218.33333333333334,0.053304036458333336,True,1435184369
14,12,1,0.0,0.618667,0.0,0.0,-0.813737,0.05224609375,0.0029296875,0.0032987708308991133,3934,SKQD,114,0.02783203125,0.06837905219763726,218.33333333333334,0.053304036458333336,True,1435184369
14,12,1,0.0,0.618667,0.0,0.0,-0.813737,0.05224609375,0.0029296875,0.0032987708308991133,3934,SKQD,148,0.0361328125,0.19601068761063653,218.33333333333334,0.053304036458333336,True,1435184369
14,12,1,0.0,0.618667,0.0,0.0,-0.813737,0.05224609375,0.0029296875,0.0032987708308991133,3934,SKQD,192,0.046875,0.5929175431953208,218.33333333333334,0.053304036458333336,True,1435184369
14,12,1,0.0,0.618667,0.0,0.0,-0.813737,0.05224609375,0.0029296875,0.0032987708308991133,3934,SKQD,250,0.06103515625,0.9815037272909883,218.33333333333334,0.053304036458333336,True,1435184369
14,12,1,0.0,0.618667,0.0,0.0,-0.813737,0.05224609375,0.0029296875,0.0032987708308991133,3934,SKQD,325,0.079345703125,0.9815037272909883,218.33333333333334,0.053304036458333336,True,1435184369
14,12,1,0.0,0.618667,0.0,0.0,-0.813737,0.05224609375,0.0029296875,0.0032987708308991133,3934,SKQD,423,0.103271484375,0.9815037272909883,218.33333333333334,0.053304036458333336,True,1435184369
14,12,1,0.0,0.618667,0.0,0.0,-0.813737,0.05224609375,0.0029296875,0.0032987708308991133,3934,SKQD,550,0.13427734375,0.9815037272909883,218.33333333333334,0.053304036458333336,True,1435184369
14,12,1,0.0,0.618667,0.0,0.0,-0.813737,0.05224609375,0.0029296875,0.0032987708308991133,3934,SKQD,715,0.174560546875,0.9815037272909883,218.33333333333334,0.053304036458333336,True,1435184369
14,12,1,0.0,0.618667,0.0,0.0,-0.813737,0.05224609375,0.0029296875,0.0032987708308991133,3934,SKQD,931,0.227294921875,0.9815037272909883,218.33333333333334,0.053304036458333336,True,1435184369
14,12,1,0.0,0.618667,0.0,0.0,-0.813737,0.05224609375,0.0029296875,0.0032987708308991133,3934,SKQD,1210,0.29541015625,0.9815037272909883,218.33333333333334,0.053304036458333336,True,1435184369
14,12,1,0.0,0.618667,0.0,0.0,-0.813737,0.05224609375,0.0029296875,0.0032987708308991133,3934,SKQD,1575,0.384521484375,0.9815037272909883,218.33333333333334,0.053304036458333336,True,1435184369
14,12,1,0.0,0.618667,0.0,0.0,-0.813737,0.05224609375,0.0029296875,0.0032987708308991133,3934,SKQD,2048,0.5,0.9815037272909883,218.33333333333334,0.053304036458333336,True,1435184369
14,12,1,0.0,0.618667,0.0,0.0,-0.813737,0.05224609375,0.0029296875,0.0032987708308991133,3934,Ceiling,1,0.000244140625,0.029640507376456127,2048.0,0.5,False,1435184369
14,12,1,0.0,0.618667,0.0,0.0,-0.813737,0.05224609375,0.0029296875,0.0032987708308991133,3934,Ceiling,2,0.00048828125,0.059281014752912226,2048.0,0.5,False,1435184369
14,12,1,0.0,0.618667,0.0,0.0,-0.813737,0.05224609375,0.0029296875,0.0032987708308991133,3934,Ceiling,3,0.000732421875,0.08501249629488047,2048.0,0.5,False,1435184369
14,12,1,0.0,0.618667,0.0,0.0,-0.813737,0.05224609375,0.0029296875,0.0032987708308991133,3934,Ceiling,4,0.0009765625,0.11074397783684857,2048.0,0.5,False,1435184369
14,12,1,0.0,0.618667,0.0,0.0,-0.813737,0.05224609375,0.0029296875,0.0032987708308991133,3934,Ceiling,5,0.001220703125,0.1339830951829714,2048.0,0.5,False,1435184369
14,12,1,0.0,0.618667,0.0,0.0,-0.813737,0.05224609375,0.0029296875,0.0032987708308991133,3934,Ceiling,6,0.00146484375,0.15722221252909424,2048.0,0.5,False,1435184369
14,12,1,0.0,0.618667,0.0,0.0,-0.813737,0.05224609375,0.0029296875,0.0032987708308991133,3934,Ceiling,8,0.001953125,0.20156212966617756,2048.0,0.5,False,1435184369
14,12,1,0.0,0.618667,0.0,0.0,-0.813737,0.05224609375,0.0029296875,0.0032987708308991133,3934,Ceiling,11,0.002685546875,0.2610367590088435,2048.0,0.5,False,1435184369
14,12,1,0.0,0.618667,0.0,0.0,-0.813737,0.05224609375,0.0029296875,0.0032987708308991133,3934,Ceiling,14,0.00341796875,0.3165952834344928,2048.0,0.5,False,1435184369
14,12,1,0.0,0.618667,0.0,0.0,-0.813737,0.05224609375,0.0029296875,0.0032987708308991133,3934,Ceiling,18,0.00439453125,0.38536434820588794,2048.0,0.5,False,1435184369
14,12,1,0.0,0.618667,0.0,0.0,-0.813737,0.05224609375,0.0029296875,0.0032987708308991133,3934,Ceiling,23,0.005615234375,0.4582398582498841,2048.0,0.5,False,1435184369
14,12,1,0.0,0.618667,0.0,0.0,-0.813737,0.05224609375,0.0029296875,0.0032987708308991133,3934,Ceiling,31,0.007568359375,0.5580082961372027,2048.0,0.5,False,1435184369
14,12,1,0.0,0.618667,0.0,0.0,-0.813737,0.05224609375,0.0029296875,0.0032987708308991133,3934,Ceiling,40,0.009765625,0.636704939520901,2048.0,0.5,False,1435184369
14,12,1,0.0,0.618667,0.0,0.0,-0.813737,0.05224609375,0.0029296875,0.0032987708308991133,3934,Ceiling,52,0.0126953125,0.7220310831211169,2048.0,0.5,False,1435184369
14,12,1,0.0,0.618667,0.0,0.0,-0.813737,0.05224609375,0.0029296875,0.0032987708308991133,3934,Ceiling,67,0.016357421875,0.8036798825454115,2048.0,0.5,False,1435184369
14,12,1,0.0,0.618667,0.0,0.0,-0.813737,0.05224609375,0.0029296875,0.0032987708308991133,3934,Ceiling,87,0.021240234375,0.8829277023622187,2048.0,0.5,False,1435184369
14,12,1,0.0,0.618667,0.0,0.0,-0.813737,0.05224609375,0.0029296875,0.0032987708308991133,3934,Ceiling,114,0.02783203125,0.9496421456844548,2048.0,0.5,False,1435184369
14,12,1,0.0,0.618667,0.0,0.0,-0.813737,0.05224609375,0.0029296875,0.0032987708308991133,3934,Ceiling,148,0.0361328125,0.9869192539376299,2048.0,0.5,False,1435184369
14,12,1,0.0,0.618667,0.0,0.0,-0.813737,0.05224609375,0.0029296875,0.0032987708308991133,3934,Ceiling,192,0.046875,0.999583233017466,2048.0,0.5,False,1435184369
14,12,1,0.0,0.618667,0.0,0.0,-0.813737,0.05224609375,0.0029296875,0.0032987708308991133,3934,Ceiling,250,0.06103515625,1.0000000000000013,2048.0,0.5,False,1435184369
14,12,1,0.0,0.618667,0.0,0.0,-0.813737,0.05224609375,0.0029296875,0.0032987708308991133,3934,Ceiling,325,0.079345703125,1.0000000000000013,2048.0,0.5,False,1435184369
14,12,1,0.0,0.618667,0.0,0.0,-0.813737,0.05224609375,0.0029296875,0.0032987708308991133,3934,Ceiling,423,0.103271484375,1.0000000000000013,2048.0,0.5,False,1435184369
14,12,1,0.0,0.618667,0.0,0.0,-0.813737,0.05224609375,0.0029296875,0.0032987708308991133,3934,Ceiling,550,0.13427734375,1.0000000000000013,2048.0,0.5,False,1435184369
14,12,1,0.0,0.618667,0.0,0.0,-0.813737,0.05224609375,0.0029296875,0.0032987708308991133,3934,Ceiling,715,0.174560546875,1.0000000000000013,2048.0,0.5,False,1435184369
14,12,1,0.0,0.618667,0.0,0.0,-0.813737,0.05224609375,0.0029296875,0.0032987708308991133,3934,Ceiling,931,0.227294921875,1.0000000000000013,2048.0,0.5,False,1435184369
14,12,1,0.0,0.618667,0.0,0.0,-0.813737,0.05224609375,0.0029296875,0.0032987708308991133,3934,Ceiling,1210,0.29541015625,1.0000000000000013,2048.0,0.5,False,1435184369
14,12,1,0.0,0.618667,0.0,0.0,-0.813737,0.05224609375,0.0029296875,0.0032987708308991133,3934,Ceiling,1575,0.384521484375,1.0000000000000013,2048.0,0.5,False,1435184369
14,12,1,0.0,0.618667,0.0,0.0,-0.813737,0.05224609375,0.0029296875,0.0032987708308991133,3934,Ceiling,2048,0.5,1.0000000000000013,2048.0,0.5,False,1435184369
14,12,1,0.0,0.618667,0.0,0.0,-0.813737,0.05224609375,0.0029296875,4.975916743896908e-05,3964,BARK,1,0.000244140625,4.975916743896908e-05,220.0,0.0537109375,True,1435184369
14,12,1,0.0,0.618667,0.0,0.0,-0.813737,0.05224609375,0.0029296875,4.975916743896908e-05,3964,BARK,2,0.00048828125,0.00012017994573834593,220.0,0.0537109375,True,1435184369
14,12,1,0.0,0.618667,0.0,0.0,-0.813737,0.05224609375,0.0029296875,4.975916743896908e-05,3964,BARK,3,0.000732421875,0.00018980918337869435,220.0,0.0537109375,True,1435184369
14,12,1,0.0,0.618667,0.0,0.0,-0.813737,0.05224609375,0.0029296875,4.975916743896908e-05,3964,BARK,4,0.0009765625,0.00023884851568706532,220.0,0.0537109375,True,1435184369
14,12,1,0.0,0.618667,0.0,0.0,-0.813737,0.05224609375,0.0029296875,4.975916743896908e-05,3964,BARK,5,0.001220703125,0.0002511244758259486,220.0,0.0537109375,True,1435184369
14,12,1,0.0,0.618667,0.0,0.0,-0.813737,0.05224609375,0.0029296875,4.975916743896908e-05,3964,BARK,6,0.00146484375,0.00032724238825763616,220.0,0.0537109375,True,1435184369
14,12,1,0.0,0.618667,0.0,0.0,-0.813737,0.05224609375,0.0029296875,4.975916743896908e-05,3964,BARK,8,0.001953125,0.0013155413270885693,220.0,0.0537109375,True,1435184369
14,12,1,0.0,0.618667,0.0,0.0,-0.813737,0.05224609375,0.0029296875,4.975916743896908e-05,3964,BARK,11,0.002685546875,0.002861154672748747,220.0,0.0537109375,True,1435184369
14,12,1,0.0,0.618667,0.0,0.0,-0.813737,0.05224609375,0.0029296875,4.975916743896908e-05,3964,BARK,14,0.00341796875,0.008974954864672598,220.0,0.0537109375,True,1435184369
14,12,1,0.0,0.618667,0.0,0.0,-0.813737,0.05224609375,0.0029296875,4.975916743896908e-05,3964,BARK,18,0.00439453125,0.01714445533067982,220.0,0.0537109375,True,1435184369
14,12,1,0.0,0.618667,0.0,0.0,-0.813737,0.05224609375,0.0029296875,4.975916743896908e-05,3964,BARK,23,0.005615234375,0.03732176439375114,220.0,0.0537109375,True,1435184369
14,12,1,0.0,0.618667,0.0,0.0,-0.813737,0.05224609375,0.0029296875,4.975916743896908e-05,3964,BARK,31,0.007568359375,0.07242687237669536,220.0,0.0537109375,True,1435184369
14,12,1,0.0,0.618667,0.0,0.0,-0.813737,0.05224609375,0.0029296875,4.975916743896908e-05,3964,BARK,40,0.009765625,0.07190921485434165,220.0,0.0537109375,True,1435184369
14,12,1,0.0,0.618667,0.0,0.0,-0.813737,0.05224609375,0.0029296875,4.975916743896908e-05,3964,BARK,52,0.0126953125,0.13708096704437597,220.0,0.0537109375,True,1435184369
14,12,1,0.0,0.618667,0.0,0.0,-0.813737,0.05224609375,0.0029296875,4.975916743896908e-05,3964,BARK,67,0.016357421875,0.37786696180330515,220.0,0.0537109375,True,1435184369
14,12,1,0.0,0.618667,0.0,0.0,-0.813737,0.05224609375,0.0029296875,4.975916743896908e-05,3964,BARK,87,0.021240234375,0.6055858031524235,220.0,0.0537109375,True,1435184369
14,12,1,0.0,0.618667,0.0,0.0,-0.813737,0.05224609375,0.0029296875,4.975916743896908e-05,3964,BARK,114,0.02783203125,0.7416878053552612,220.0,0.0537109375,True,1435184369
14,12,1,0.0,0.618667,0.0,0.0,-0.813737,0.05224609375,0.0029296875,4.975916743896908e-05,3964,BARK,148,0.0361328125,0.7552726202663049,220.0,0.0537109375,True,1435184369
14,12,1,0.0,0.618667,0.0,0.0,-0.813737,0.05224609375,0.0029296875,4.975916743896908e-05,3964,BARK,192,0.046875,0.9774941931123632,220.0,0.0537109375,True,1435184369
14,12,1,0.0,0.618667,0.0,0.0,-0.813737,0.05224609375,0.0029296875,4.975916743896908e-05,3964,BARK,250,0.06103515625,1.0000000000000004,220.0,0.0537109375,True,1435184369
14,12,1,0.0,0.618667,0.0,0.0,-0.813737,0.05224609375,0.0029296875,4.975916743896908e-05,3964,BARK,325,0.079345703125,1.0000000000000004,220.0,0.0537109375,True,1435184369
14,12,1,0.0,0.618667,0.0,0.0,-0.813737,0.05224609375,0.0029296875,4.975916743896908e-05,3964,BARK,423,0.103271484375,1.0000000000000004,220.0,0.0537109375,True,1435184369
14,12,1,0.0,0.618667,0.0,0.0,-0.813737,0.05224609375,0.0029296875,4.975916743896908e-05,3964,BARK,550,0.13427734375,1.0000000000000004,220.0,0.0537109375,True,1435184369
14,12,1,0.0,0.618667,0.0,0.0,-0.813737,0.05224609375,0.0029296875,4.975916743896908e-05,3964,BARK,715,0.174560546875,1.0000000000000004,220.0,0.0537109375,True,1435184369
14,12,1,0.0,0.618667,0.0,0.0,-0.813737,0.05224609375,0.0029296875,4.975916743896908e-05,3964,BARK,931,0.227294921875,1.0000000000000004,220.0,0.0537109375,True,1435184369
14,12,1,0.0,0.618667,0.0,0.0,-0.813737,0.05224609375,0.0029296875,4.975916743896908e-05,3964,BARK,1210,0.29541015625,1.0000000000000004,220.0,0.0537109375,True,1435184369
14,12,1,0.0,0.618667,0.0,0.0,-0.813737,0.05224609375,0.0029296875,4.975916743896908e-05,3964,BARK,1575,0.384521484375,1.0000000000000004,220.0,0.0537109375,True,1435184369
14,12,1,0.0,0.618667,0.0,0.0,-0.813737,0.05224609375,0.0029296875,4.975916743896908e-05,3964,BARK,2048,0.5,1.0000000000000004,220.0,0.0537109375,True,1435184369
14,12,1,0.0,0.618667,0.0,0.0,-0.813737,0.05224609375,0.0029296875,4.975916743896908e-05,3964,Simplified BARK,1,0.000244140625,4.975916743896908e-05,220.0,0.0537109375,True,1435184369
14,12,1,0.0,0.618667,0.0,0.0,-0.813737,0.05224609375,0.0029296875,4.975916743896908e-05,3964,Simplified BARK,2,0.00048828125,0.00012017994573834593,220.0,0.0537109375,True,1435184369
14,12,1,0.0,0.618667,0.0,0.0,-0.813737,0.05224609375,0.0029296875,4.975916743896908e-05,3964,Simplified BARK,3,0.000732421875,0.00018980918337869435,220.0,0.0537109375,True,1435184369
14,12,1,0.0,0.618667,0.0,0.0,-0.813737,0.05224609375,0.0029296875,4.975916743896908e-05,3964,Simplified BARK,4,0.0009765625,0.00023884851568706532,220.0,0.0537109375,True,1435184369
14,12,1,0.0,0.618667,0.0,0.0,-0.813737,0.05224609375,0.0029296875,4.975916743896908e-05,3964,Simplified BARK,5,0.001220703125,0.0002511244758259486,220.0,0.0537109375,True,1435184369
14,12,1,0.0,0.618667,0.0,0.0,-0.813737,0.05224609375,0.0029296875,4.975916743896908e-05,3964,Simplified BARK,6,0.00146484375,0.00032724238825763616,220.0,0.0537109375,True,1435184369
14,12,1,0.0,0.618667,0.0,0.0,-0.813737,0.05224609375,0.0029296875,4.975916743896908e-05,3964,Simplified BARK,8,0.001953125,0.001072870476441077,220.0,0.0537109375,True,1435184369
14,12,1,0.0,0.618667,0.0,0.0,-0.813737,0.05224609375,0.0029296875,4.975916743896908e-05,3964,Simplified BARK,11,0.002685546875,0.004699657952870458,220.0,0.0537109375,True,1435184369
14,12,1,0.0,0.618667,0.0,0.0,-0.813737,0.05224609375,0.0029296875,4.975916743896908e-05,3964,Simplified BARK,14,0.00341796875,0.007833644352079424,220.0,0.0537109375,True,1435184369
14,12,1,0.0,0.618667,0.0,0.0,-0.813737,0.05224609375,0.0029296875,4.975916743896908e-05,3964,Simplified BARK,18,0.00439453125,0.008340305952861653,220.0,0.0537109375,True,1435184369
14,12,1,0.0,0.618667,0.0,0.0,-0.813737,0.05224609375,0.0029296875,4.975916743896908e-05,3964,Simplified BARK,23,0.005615234375,0.00695173859939454,220.0,0.0537109375,True,1435184369
14,12,1,0.0,0.618667,0.0,0.0,-0.813737,0.05224609375,0.0029296875,4.975916743896908e-05,3964,Simplified BARK,31,0.007568359375,0.002610766078206191,220.0,0.0537109375,True,1435184369
14,12,1,0.0,0.618667,0.0,0.0,-0.813737,0.05224609375,0.0029296875,4.975916743896908e-05,3964,Simplified BARK,40,0.009765625,0.009916134352514068,220.0,0.0537109375,True,1435184369
14,12,1,0.0,0.618667,0.0,0.0,-0.813737,0.05224609375,0.0029296875,4.975916743896908e-05,3964,Simplified BARK,52,0.0126953125,0.057873508204463624,220.0,0.0537109375,True,1435184369
14,12,1,0.0,0.618667,0.0,0.0,-0.813737,0.05224609375,0.0029296875,4.975916743896908e-05,3964,Simplified BARK,67,0.016357421875,0.0610631086731367,220.0,0.0537109375,True,1435184369
14,12,1,0.0,0.618667,0.0,0.0,-0.813737,0.05224609375,0.0029296875,4.975916743896908e-05,3964,Simplified BARK,87,0.021240234375,0.16437282161505934,220.0,0.0537109375,True,1435184369
14,12,1,0.0,0.618667,0.0,0.0,-0.813737,0.05224609375,0.0029296875,4.975916743896908e-05,3964,Simplified BARK,114,0.02783203125,0.3148460908519948,220.0,0.0537109375,True,1435184369
14,12,1,0.0,0.618667,0.0,0.0,-0.813737,0.05224609375,0.0029296875,4.975916743896908e-05,3964,Simplified BARK,148,0.0361328125,0.6667068191397946,220.0,0.0537109375,True,1435184369
14,12,1,0.0,0.618667,0.0,0.0,-0.813737,0.05224609375,0.0029296875,4.975916743896908e-05,3964,Simplified BARK,192,0.046875,0.983699663481834,220.0,0.0537109375,True,1435184369
14,12,1,0.0,0.618667,0.0,0.0,-0.813737,0.05224609375,0.0029296875,4.975916743896908e-05,3964,Simplified BARK,250,0.06103515625,1.0000000000000009,220.0,0.0537109375,True,1435184369
14,12,1,0.0,0.618667,0.0,0.0,-0.813737,0.05224609375,0.0029296875,4.975916743896908e-05,3964,Simplified BARK,325,0.079345703125,1.0000000000000009,220.0,0.0537109375,True,1435184369
14,12,1,0.0,0.618667,0.0,0.0,-0.813737,0.05224609375,0.0029296875,4.975916743896908e-05,3964,Simplified BARK,423,0.103271484375,1.0000000000000009,220.0,0.0537109375,True,1435184369
14,12,1,0.0,0.618667,0.0,0.0,-0.813737,0.05224609375,0.0029296875,4.975916743896908e-05,3964,Simplified BARK,550,0.13427734375,1.0000000000000009,220.0,0.0537109375,True,1435184369
14,12,1,0.0,0.618667,0.0,0.0,-0.813737,0.05224609375,0.0029296875,4.975916743896908e-05,3964,Simplified BARK,715,0.174560546875,1.0000000000000009,220.0,0.0537109375,True,1435184369
14,12,1,0.0,0.618667,0.0,0.0,-0.813737,0.05224609375,0.0029296875,4.975916743896908e-05,3964,Simplified BARK,931,0.227294921875,1.0000000000000009,220.0,0.0537109375,True,1435184369
14,12,1,0.0,0.618667,0.0,0.0,-0.813737,0.05224609375,0.0029296875,4.975916743896908e-05,3964,Simplified BARK,1210,0.29541015625,1.0000000000000009,220.0,0.0537109375,True,1435184369
14,12,1,0.0,0.618667,0.0,0.0,-0.813737,0.05224609375,0.0029296875,4.975916743896908e-05,3964,Simplified BARK,1575,0.384521484375,1.0000000000000009,220.0,0.0537109375,True,1435184369
14,12,1,0.0,0.618667,0.0,0.0,-0.813737,0.05224609375,0.0029296875,4.975916743896908e-05,3964,Simplified BARK,2048,0.5,1.0000000000000009,220.0,0.0537109375,True,1435184369
14,12,1,0.0,0.618667,0.0,0.0,-0.813737,0.05224609375,0.0029296875,4.975916743896908e-05,3964,SKQD,1,0.000244140625,4.975916743896908e-05,212.66666666666666,0.051920572916666664,True,1435184369
14,12,1,0.0,0.618667,0.0,0.0,-0.813737,0.05224609375,0.0029296875,4.975916743896908e-05,3964,SKQD,2,0.00048828125,4.975916743896908e-05,212.66666666666666,0.051920572916666664,True,1435184369
14,12,1,0.0,0.618667,0.0,0.0,-0.813737,0.05224609375,0.0029296875,4.975916743896908e-05,3964,SKQD,3,0.000732421875,4.975916743896908e-05,212.66666666666666,0.051920572916666664,True,1435184369
14,12,1,0.0,0.618667,0.0,0.0,-0.813737,0.05224609375,0.0029296875,4.975916743896908e-05,3964,SKQD,4,0.0009765625,4.975916743896908e-05,212.66666666666666,0.051920572916666664,True,1435184369
14,12,1,0.0,0.618667,0.0,0.0,-0.813737,0.05224609375,0.0029296875,4.975916743896908e-05,3964,SKQD,5,0.001220703125,4.975916743896908e-05,212.66666666666666,0.051920572916666664,True,1435184369
14,12,1,0.0,0.618667,0.0,0.0,-0.813737,0.05224609375,0.0029296875,4.975916743896908e-05,3964,SKQD,6,0.00146484375,0.00086394104235573,212.66666666666666,0.051920572916666664,True,1435184369
14,12,1,0.0,0.618667,0.0,0.0,-0.813737,0.05224609375,0.0029296875,4.975916743896908e-05,3964,SKQD,8,0.001953125,0.0012878420402390569,212.66666666666666,0.051920572916666664,True,1435184369
14,12,1,0.0,0.618667,0.0,0.0,-0.813737,0.05224609375,0.0029296875,4.975916743896908e-05,3964,SKQD,11,0.002685546875,0.0012878420402390569,212.66666666666666,0.051920572916666664,True,1435184369
14,12,1,0.0,0.618667,0.0,0.0,-0.813737,0.05224609375,0.0029296875,4.975916743896908e-05,3964,SKQD,14,0.00341796875,0.003196290883574505,212.66666666666666,0.051920572916666664,True,1435184369
14,12,1,0.0,0.618667,0.0,0.0,-0.813737,0.05224609375,0.0029296875,4.975916743896908e-05,3964,SKQD,18,0.00439453125,0.003196290883574505,212.66666666666666,0.051920572916666664,True,1435184369
14,12,1,0.0,0.618667,0.0,0.0,-0.813737,0.05224609375,0.0029296875,4.975916743896908e-05,3964,SKQD,23,0.005615234375,0.005766754726454447,212.66666666666666,0.051920572916666664,True,1435184369
14,12,1,0.0,0.618667,0.0,0.0,-0.813737,0.05224609375,0.0029296875,4.975916743896908e-05,3964,SKQD,31,0.007568359375,0.01605439638361907,212.66666666666666,0.051920572916666664,True,1435184369
14,12,1,0.0,0.618667,0.0,0.0,-0.813737,0.05224609375,0.0029296875,4.975916743896908e-05,3964,SKQD,40,0.009765625,0.019885538841695912,212.66666666666666,0.051920572916666664,True,1435184369
14,12,1,0.0,0.618667,0.0,0.0,-0.813737,0.05224609375,0.0029296875,4.975916743896908e-05,3964,SKQD,52,0.0126953125,0.03400135220168333,212.66666666666666,0.051920572916666664,True,1435184369
14,12,1,0.0,0.618667,0.0,0.0,-0.813737,0.05224609375,0.0029296875,4.975916743896908e-05,3964,SKQD,67,0.016357421875,0.10227631683235465,212.66666666666666,0.051920572916666664,True,1435184369
14,12,1,0.0,0.618667,0.0,0.0,-0.813737,0.05224609375,0.0029296875,4.975916743896908e-05,3964,SKQD,87,0.021240234375,0.16844941299683205,212.66666666666666,0.051920572916666664,True,1435184369
14,12,1,0.0,0.618667,0.0,0.0,-0.813737,0.05224609375,0.0029296875,4.975916743896908e-05,3964,SKQD,114,0.02783203125,0.2787235117348848,212.66666666666666,0.051920572916666664,True,1435184369
14,12,1,0.0,0.618667,0.0,0.0,-0.813737,0.05224609375,0.0029296875,4.975916743896908e-05,3964,SKQD,148,0.0361328125,0.42678062383114024,212.66666666666666,0.051920572916666664,True,1435184369
14,12,1,0.0,0.618667,0.0,0.0,-0.813737,0.05224609375,0.0029296875,4.975916743896908e-05,3964,SKQD,192,0.046875,0.7478223204397789,212.66666666666666,0.051920572916666664,True,1435184369
14,12,1,0.0,0.618667,0.0,0.0,-0.813737,0.05224609375,0.0029296875,4.975916743896908e-05,3964,SKQD,250,0.06103515625,0.9835270479192862,212.66666666666666,0.051920572916666664,True,1435184369
14,12,1,0.0,0.618667,0.0,0.0,-0.813737,0.05224609375,0.0029296875,4.975916743896908e-05,3964,SKQD,325,0.079345703125,0.9835270479192862,212.66666666666666,0.051920572916666664,True,1435184369
14,12,1,0.0,0.618667,0.0,0.0,-0.813737,0.05224609375,0.0029296875,4.975916743896908e-05,3964,SKQD,423,0.103271484375,0.9835270479192862,212.66666666666666,0.051920572916666664,True,1435184369
14,12,1,0.0,0.618667,0.0,0.0,-0.813737,0.05224609375,0.0029296875,4.975916743896908e-05,3964,SKQD,550,0.13427734375,0.9835270479192862,212.66666666666666,0.051920572916666664,True,1435184369
14,12,1,0.0,0.618667,0.0,0.0,-0.813737,0.05224609375,0.0029296875,4.975916743896908e-05,3964,SKQD,715,0.174560546875,0.9835270479192862,212.66666666666666,0.051920572916666664,True,1435184369
14,12,1,0.0,0.618667,0.0,0.0,-0.813737,0.05224609375,0.0029296875,4.975916743896908e-05,3964,SKQD,931,0.227294921875,0.9835270479192862,212.66666666666666,0.051920572916666664,True,1435184369
14,12,1,0.0,0.618667,0.0,0.0,-0.813737,0.05224609375,0.0029296875,4.975916743896908e-05,3964,SKQD,1210,0.29541015625,0.9835270479192862,212.66666666666666,0.051920572916666664,True,1435184369
14,12,1,0.0,0.618667,0.0,0.0,-0.813737,0.05224609375,0.0029296875,4.975916743896908e-05,3964,SKQD,1575,0.384521484375,0.9835270479192862,212.66666666666666,0.051920572916666664,True,1435184369
14,12,1,0.0,0.618667,0.0,0.0,-0.813737,0.05224609375,0.0029296875,4.975916743896908e-05,3964,SKQD,2048,0.5,0.9835270479192862,212.66666666666666,0.051920572916666664,True,1435184369
14,12,1,0.0,0.618667,0.0,0.0,-0.813737,0.05224609375,0.0029296875,4.975916743896908e-05,3964,Ceiling,1,0.000244140625,0.029640507376456127,2048.0,0.5,False,1435184369
14,12,1,0.0,0.618667,0.0,0.0,-0.813737,0.05224609375,0.0029296875,4.975916743896908e-05,3964,Ceiling,2,0.00048828125,0.059281014752912226,2048.0,0.5,False,1435184369
14,12,1,0.0,0.618667,0.0,0.0,-0.813737,0.05224609375,0.0029296875,4.975916743896908e-05,3964,Ceiling,3,0.000732421875,0.08501249629488047,2048.0,0.5,False,1435184369
14,12,1,0.0,0.618667,0.0,0.0,-0.813737,0.05224609375,0.0029296875,4.975916743896908e-05,3964,Ceiling,4,0.0009765625,0.11074397783684857,2048.0,0.5,False,1435184369
14,12,1,0.0,0.618667,0.0,0.0,-0.813737,0.05224609375,0.0029296875,4.975916743896908e-05,3964,Ceiling,5,0.001220703125,0.1339830951829714,2048.0,0.5,False,1435184369
14,12,1,0.0,0.618667,0.0,0.0,-0.813737,0.05224609375,0.0029296875,4.975916743896908e-05,3964,Ceiling,6,0.00146484375,0.15722221252909424,2048.0,0.5,False,1435184369
14,12,1,0.0,0.618667,0.0,0.0,-0.813737,0.05224609375,0.0029296875,4.975916743896908e-05,3964,Ceiling,8,0.001953125,0.20156212966617756,2048.0,0.5,False,1435184369
14,12,1,0.0,0.618667,0.0,0.0,-0.813737,0.05224609375,0.0029296875,4.975916743896908e-05,3964,Ceiling,11,0.002685546875,0.2610367590088435,2048.0,0.5,False,1435184369
14,12,1,0.0,0.618667,0.0,0.0,-0.813737,0.05224609375,0.0029296875,4.975916743896908e-05,3964,Ceiling,14,0.00341796875,0.3165952834344928,2048.0,0.5,False,1435184369
14,12,1,0.0,0.618667,0.0,0.0,-0.813737,0.05224609375,0.0029296875,4.975916743896908e-05,3964,Ceiling,18,0.00439453125,0.38536434820588794,2048.0,0.5,False,1435184369
14,12,1,0.0,0.618667,0.0,0.0,-0.813737,0.05224609375,0.0029296875,4.975916743896908e-05,3964,Ceiling,23,0.005615234375,0.4582398582498841,2048.0,0.5,False,1435184369
14,12,1,0.0,0.618667,0.0,0.0,-0.813737,0.05224609375,0.0029296875,4.975916743896908e-05,3964,Ceiling,31,0.007568359375,0.5580082961372027,2048.0,0.5,False,1435184369
14,12,1,0.0,0.618667,0.0,0.0,-0.813737,0.05224609375,0.0029296875,4.975916743896908e-05,3964,Ceiling,40,0.009765625,0.636704939520901,2048.0,0.5,False,1435184369
14,12,1,0.0,0.618667,0.0,0.0,-0.813737,0.05224609375,0.0029296875,4.975916743896908e-05,3964,Ceiling,52,0.0126953125,0.7220310831211169,2048.0,0.5,False,1435184369
14,12,1,0.0,0.618667,0.0,0.0,-0.813737,0.05224609375,0.0029296875,4.975916743896908e-05,3964,Ceiling,67,0.016357421875,0.8036798825454115,2048.0,0.5,False,1435184369
14,12,1,0.0,0.618667,0.0,0.0,-0.813737,0.05224609375,0.0029296875,4.975916743896908e-05,3964,Ceiling,87,0.021240234375,0.8829277023622187,2048.0,0.5,False,1435184369
14,12,1,0.0,0.618667,0.0,0.0,-0.813737,0.05224609375,0.0029296875,4.975916743896908e-05,3964,Ceiling,114,0.02783203125,0.9496421456844548,2048.0,0.5,False,1435184369
14,12,1,0.0,0.618667,0.0,0.0,-0.813737,0.05224609375,0.0029296875,4.975916743896908e-05,3964,Ceiling,148,0.0361328125,0.9869192539376299,2048.0,0.5,False,1435184369
14,12,1,0.0,0.618667,0.0,0.0,-0.813737,0.05224609375,0.0029296875,4.975916743896908e-05,3964,Ceiling,192,0.046875,0.999583233017466,2048.0,0.5,False,1435184369
14,12,1,0.0,0.618667,0.0,0.0,-0.813737,0.05224609375,0.0029296875,4.975916743896908e-05,3964,Ceiling,250,0.06103515625,1.0000000000000013,2048.0,0.5,False,1435184369
14,12,1,0.0,0.618667,0.0,0.0,-0.813737,0.05224609375,0.0029296875,4.975916743896908e-05,3964,Ceiling,325,0.079345703125,1.0000000000000013,2048.0,0.5,False,1435184369
14,12,1,0.0,0.618667,0.0,0.0,-0.813737,0.05224609375,0.0029296875,4.975916743896908e-05,3964,Ceiling,423,0.103271484375,1.0000000000000013,2048.0,0.5,False,1435184369
14,12,1,0.0,0.618667,0.0,0.0,-0.813737,0.05224609375,0.0029296875,4.975916743896908e-05,3964,Ceiling,550,0.13427734375,1.0000000000000013,2048.0,0.5,False,1435184369
14,12,1,0.0,0.618667,0.0,0.0,-0.813737,0.05224609375,0.0029296875,4.975916743896908e-05,3964,Ceiling,715,0.174560546875,1.0000000000000013,2048.0,0.5,False,1435184369
14,12,1,0.0,0.618667,0.0,0.0,-0.813737,0.05224609375,0.0029296875,4.975916743896908e-05,3964,Ceiling,931,0.227294921875,1.0000000000000013,2048.0,0.5,False,1435184369
14,12,1,0.0,0.618667,0.0,0.0,-0.813737,0.05224609375,0.0029296875,4.975916743896908e-05,3964,Ceiling,1210,0.29541015625,1.0000000000000013,2048.0,0.5,False,1435184369
14,12,1,0.0,0.618667,0.0,0.0,-0.813737,0.05224609375,0.0029296875,4.975916743896908e-05,3964,Ceiling,1575,0.384521484375,1.0000000000000013,2048.0,0.5,False,1435184369
14,12,1,0.0,0.618667,0.0,0.0,-0.813737,0.05224609375,0.0029296875,4.975916743896908e-05,3964,Ceiling,2048,0.5,1.0000000000000013,2048.0,0.5,False,1435184369
4,12,2,0.0,0.139088,0.0,0.0,-0.127075,0.120849609375,0.00439453125,0.0018272737613541014,3060,BARK,1,0.000244140625,0.0018272737613541014,495.0,0.120849609375,True,309561926
4,12,2,0.0,0.139088,0.0,0.0,-0.127075,0.120849609375,0.00439453125,0.0018272737613541014,3060,BARK,2,0.00048828125,0.002543457197097574,495.0,0.120849609375,True,309561926
4,12,2,0.0,0.139088,0.0,0.0,-0.127075,0.120849609375,0.00439453125,0.0018272737613541014,3060,BARK,3,0.000732421875,0.0031517787328391783,495.0,0.120849609375,True,309561926
4,12,2,0.0,0.139088,0.0,0.0,-0.127075,0.120849609375,0.00439453125,0.0018272737613541014,3060,BARK,4,0.0009765625,0.006007917126410248,495.0,0.120849609375,True,309561926
4,12,2,0.0,0.139088,0.0,0.0,-0.127075,0.120849609375,0.00439453125,0.0018272737613541014,3060,BARK,5,0.001220703125,0.007125026405465912,495.0,0.120849609375,True,309561926
4,12,2,0.0,0.139088,0.0,0.0,-0.127075,0.120849609375,0.00439453125,0.0018272737613541014,3060,BARK,6,0.00146484375,0.008844788350350345,495.0,0.120849609375,True,309561926
4,12,2,0.0,0.139088,0.0,0.0,-0.127075,0.120849609375,0.00439453125,0.0018272737613541014,3060,BARK,8,0.001953125,0.01068454183959814,495.0,0.120849609375,True,309561926
4,12,2,0.0,0.139088,0.0,0.0,-0.127075,0.120849609375,0.00439453125,0.0018272737613541014,3060,BARK,11,0.002685546875,0.01858306019835625,495.0,0.120849609375,True,309561926
4,12,2,0.0,0.139088,0.0,0.0,-0.127075,0.120849609375,0.00439453125,0.0018272737613541014,3060,BARK,14,0.00341796875,0.02854352840775276,495.0,0.120849609375,True,309561926
4,12,2,0.0,0.139088,0.0,0.0,-0.127075,0.120849609375,0.00439453125,0.0018272737613541014,3060,BARK,18,0.00439453125,0.04536623818877725,495.0,0.120849609375,True,309561926
4,12,2,0.0,0.139088,0.0,0.0,-0.127075,0.120849609375,0.00439453125,0.0018272737613541014,3060,BARK,23,0.005615234375,0.052280236519741355,495.0,0.120849609375,True,309561926
4,12,2,0.0,0.139088,0.0,0.0,-0.127075,0.120849609375,0.00439453125,0.0018272737613541014,3060,BARK,31,0.007568359375,0.06577032992551939,495.0,0.120849609375,True,309561926
4,12,2,0.0,0.139088,0.0,0.0,-0.127075,0.120849609375,0.00439453125,0.0018272737613541014,3060,BARK,40,0.009765625,0.07943132352169209,495.0,0.120849609375,True,309561926
4,12,2,0.0,0.139088,0.0,0.0,-0.127075,0.120849609375,0.00439453125,0.0018272737613541014,3060,BARK,52,0.0126953125,0.112889418534711,495.0,0.120849609375,True,309561926
4,12,2,0.0,0.139088,0.0,0.0,-0.127075,0.120849609375,0.00439453125,0.0018272737613541014,3060,BARK,67,0.016357421875,0.18350432132993635,495.0,0.120849609375,True,309561926
4,12,2,0.0,0.139088,0.0,0.0,-0.127075,0.120849609375,0.00439453125,0.0018272737613541014,3060,BARK,87,0.021240234375,0.2328227916491321,495.0,0.120849609375,True,309561926
4,12,2,0.0,0.139088,0.0,0.0,-0.127075,0.120849609375,0.00439453125,0.0018272737613541014,3060,BARK,114,0.02783203125,0.31122596853636697,495.0,0.120849609375,True,309561926
4,12,2,0.0,0.139088,0.0,0.0,-0.127075,0.120849609375,0.00439453125,0.0018272737613541014,3060,BARK,148,0.0361328125,0.3824652010837001,495.0,0.120849609375,True,309561926
4,12,2,0.0,0.139088,0.0,0.0,-0.127075,0.120849609375,0.00439453125,0.0018272737613541014,3060,BARK,192,0.046875,0.5055596881986885,495.0,0.120849609375,True,309561926
4,12,2,0.0,0.139088,0.0,0.0,-0.127075,0.120849609375,0.00439453125,0.0018272737613541014,3060,BARK,250,0.06103515625,0.6118191072697877,495.0,0.120849609375,True,309561926
4,12,2,0.0,0.139088,0.0,0.0,-0.127075,0.120849609375,0.00439453125,0.0018272737613541014,3060,BARK,325,0.079345703125,0.7936303942795093,495.0,0.120849609375,True,309561926
4,12,2,0.0,0.139088,0.0,0.0,-0.127075,0.120849609375,0.00439453125,0.0018272737613541014,3060,BARK,423,0.103271484375,0.9351215142627101,495.0,0.120849609375,True,309561926
4,12,2,0.0,0.139088,0.0,0.0,-0.127075,0.120849609375,0.00439453125,0.0018272737613541014,3060,BARK,550,0.13427734375,0.9999999999999998,495.0,0.120849609375,True,309561926
4,12,2,0.0,0.139088,0.0,0.0,-0.127075,0.120849609375,0.00439453125,0.0018272737613541014,3060,BARK,715,0.174560546875,0.9999999999999998,495.0,0.120849609375,True,309561926
4,12,2,0.0,0.139088,0.0,0.0,-0.127075,0.120849609375,0.00439453125,0.0018272737613541014,3060,BARK,931,0.227294921875,0.9999999999999998,495.0,0.120849609375,True,309561926
4,12,2,0.0,0.139088,0.0,0.0,-0.127075,0.120849609375,0.00439453125,0.0018272737613541014,3060,BARK,1210,0.29541015625,0.9999999999999998,495.0,0.120849609375,True,309561926
4,12,2,0.0,0.139088,0.0,0.0,-0.127075,0.120849609375,0.00439453125,0.0018272737613541014,3060,BARK,1575,0.384521484375,0.9999999999999998,495.0,0.120849609375,True,309561926
4,12,2,0.0,0.139088,0.0,0.0,-0.127075,0.120849609375,0.00439453125,0.0018272737613541014,3060,BARK,2048,0.5,0.9999999999999998,495.0,0.120849609375,True,309561926
4,12,2,0.0,0.139088,0.0,0.0,-0.127075,0.120849609375,0.00439453125,0.0018272737613541014,3060,Simplified BARK,1,0.000244140625,0.0018272737613541014,495.0,0.120849609375,True,309561926
4,12,2,0.0,0.139088,0.0,0.0,-0.127075,0.120849609375,0.00439453125,0.0018272737613541014,3060,Simplified BARK,2,0.00048828125,0.002543457197097574,495.0,0.120849609375,True,309561926
4,12,2,0.0,0.139088,0.0,0.0,-0.127075,0.120849609375,0.00439453125,0.0018272737613541014,3060,Simplified BARK,3,0.000732421875,0.0031517787328391783,495.0,0.120849609375,True,309561926
4,12,2,0.0,0.139088,0.0,0.0,-0.127075,0.120849609375,0.00439453125,0.0018272737613541014,3060,Simplified BARK,4,0.0009765625,0.004627711646969716,495.0,0.120849609375,True,309561926
4,12,2,0.0,0.139088,0.0,0.0,-0.127075,0.120849609375,0.00439453125,0.0018272737613541014,3060,Simplified BARK,5,0.001220703125,0.006158932553180966,495.0,0.120849609375,True,309561926
4,12,2,0.0,0.139088,0.0,0.0,-0.127075,0.120849609375,0.00439453125,0.0018272737613541014,3060,Simplified BARK,6,0.00146484375,0.006848064166227551,495.0,0.120849609375,True,309561926
4,12,2,0.0,0.139088,0.0,0.0,-0.127075,0.120849609375,0.00439453125,0.0018272737613541014,3060,Simplified BARK,8,0.001953125,0.0072312058517208025,495.0,0.120849609375,True,309561926
4,12,2,0.0,0.139088,0.0,0.0,-0.127075,0.120849609375,0.00439453125,0.0018272737613541014,3060,Simplified BARK,11,0.002685546875,0.006727338578920708,495.0,0.120849609375,True,309561926
4,12,2,0.0,0.139088,0.0,0.0,-0.127075,0.120849609375,0.00439453125,0.0018272737613541014,3060,Simplified BARK,14,0.00341796875,0.004704845729794591,495.0,0.120849609375,True,309561926
4,12,2,0.0,0.139088,0.0,0.0,-0.127075,0.120849609375,0.00439453125,0.0018272737613541014,3060,Simplified BARK,18,0.00439453125,0.005366054536665521,495.0,0.120849609375,True,309561926
4,12,2,0.0,0.139088,0.0,0.0,-0.127075,0.120849609375,0.00439453125,0.0018272737613541014,3060,Simplified BARK,23,0.005615234375,0.010604281599961613,495.0,0.120849609375,True,309561926
4,12,2,0.0,0.139088,0.0,0.0,-0.127075,0.120849609375,0.00439453125,0.0018272737613541014,3060,Simplified BARK,31,0.007568359375,0.014085046403776972,495.0,0.120849609375,True,309561926
4,12,2,0.0,0.139088,0.0,0.0,-0.127075,0.120849609375,0.00439453125,0.0018272737613541014,3060,Simplified BARK,40,0.009765625,0.025360206846553945,495.0,0.120849609375,True,309561926
4,12,2,0.0,0.139088,0.0,0.0,-0.127075,0.120849609375,0.00439453125,0.0018272737613541014,3060,Simplified BARK,52,0.0126953125,0.04036255236990224,495.0,0.120849609375,True,309561926
4,12,2,0.0,0.139088,0.0,0.0,-0.127075,0.120849609375,0.00439453125,0.0018272737613541014,3060,Simplified BARK,67,0.016357421875,0.054509813502391986,495.0,0.120849609375,True,309561926
4,12,2,0.0,0.139088,0.0,0.0,-0.127075,0.120849609375,0.00439453125,0.0018272737613541014,3060,Simplified BARK,87,0.021240234375,0.1110300192977081,495.0,0.120849609375,True,309561926
4,12,2,0.0,0.139088,0.0,0.0,-0.127075,0.120849609375,0.00439453125,0.0018272737613541014,3060,Simplified BARK,114,0.02783203125,0.16824525476313426,495.0,0.120849609375,True,309561926
4,12,2,0.0,0.139088,0.0,0.0,-0.127075,0.120849609375,0.00439453125,0.0018272737613541014,3060,Simplified BARK,148,0.0361328125,0.2221199058640187,495.0,0.120849609375,True,309561926
4,12,2,0.0,0.139088,0.0,0.0,-0.127075,0.120849609375,0.00439453125,0.0018272737613541014,3060,Simplified BARK,192,0.046875,0.2938834228494246,495.0,0.120849609375,True,309561926
4,12,2,0.0,0.139088,0.0,0.0,-0.127075,0.120849609375,0.00439453125,0.0018272737613541014,3060,Simplified BARK,250,0.06103515625,0.4347643162242693,495.0,0.120849609375,True,309561926
4,12,2,0.0,0.139088,0.0,0.0,-0.127075,0.120849609375,0.00439453125,0.0018272737613541014,3060,Simplified BARK,325,0.079345703125,0.6184402042599167,495.0,0.120849609375,True,309561926
4,12,2,0.0,0.139088,0.0,0.0,-0.127075,0.120849609375,0.00439453125,0.0018272737613541014,3060,Simplified BARK,423,0.103271484375,0.8723112706668052,495.0,0.120849609375,True,309561926
4,12,2,0.0,0.139088,0.0,0.0,-0.127075,0.120849609375,0.00439453125,0.0018272737613541014,3060,Simplified BARK,550,0.13427734375,1.0000000000000004,495.0,0.120849609375,True,309561926
4,12,2,0.0,0.139088,0.0,0.0,-0.127075,0.120849609375,0.00439453125,0.0018272737613541014,3060,Simplified BARK,715,0.174560546875,1.0000000000000004,495.0,0.120849609375,True,309561926
4,12,2,0.0,0.139088,0.0,0.0,-0.127075,0.120849609375,0.00439453125,0.0018272737613541014,3060,Simplified BARK,931,0.227294921875,1.0000000000000004,495.0,0.120849609375,True,309561926
4,12,2,0.0,0.139088,0.0,0.0,-0.127075,0.120849609375,0.00439453125,0.0018272737613541014,3060,Simplified BARK,1210,0.29541015625,1.0000000000000004,495.0,0.120849609375,True,309561926
4,12,2,0.0,0.139088,0.0,0.0,-0.127075,0.120849609375,0.00439453125,0.0018272737613541014,3060,Simplified BARK,1575,0.384521484375,1.0000000000000004,495.0,0.120849609375,True,309561926
4,12,2,0.0,0.139088,0.0,0.0,-0.127075,0.120849609375,0.00439453125,0.0018272737613541014,3060,Simplified BARK,2048,0.5,1.0000000000000004,495.0,0.120849609375,True,309561926
4,12,2,0.0,0.139088,0.0,0.0,-0.127075,0.120849609375,0.00439453125,0.0018272737613541014,3060,SKQD,1,0.000244140625,0.0018272737613541014,484.6666666666667,0.11832682291666667,True,309561926
4,12,2,0.0,0.139088,0.0,0.0,-0.127075,0.120849609375,0.00439453125,0.0018272737613541014,3060,SKQD,2,0.00048828125,0.0018272737613541014,484.6666666666667,0.11832682291666667,True,309561926
4,12,2,0.0,0.139088,0.0,0.0,-0.127075,0.120849609375,0.00439453125,0.0018272737613541014,3060,SKQD,3,0.000732421875,0.0018272737613541014,484.6666666666667,0.11832682291666667,True,309561926
4,12,2,0.0,0.139088,0.0,0.0,-0.127075,0.120849609375,0.00439453125,0.0018272737613541014,3060,SKQD,4,0.0009765625,0.0018272737613541014,484.6666666666667,0.11832682291666667,True,309561926
4,12,2,0.0,0.139088,0.0,0.0,-0.127075,0.120849609375,0.00439453125,0.0018272737613541014,3060,SKQD,5,0.001220703125,0.0018272737613541014,484.6666666666667,0.11832682291666667,True,309561926
4,12,2,0.0,0.139088,0.0,0.0,-0.127075,0.120849609375,0.00439453125,0.0018272737613541014,3060,SKQD,6,0.00146484375,0.0018272737613541014,484.6666666666667,0.11832682291666667,True,309561926
4,12,2,0.0,0.139088,0.0,0.0,-0.127075,0.120849609375,0.00439453125,0.0018272737613541014,3060,SKQD,8,0.001953125,0.0018272737613541014,484.6666666666667,0.11832682291666667,True,309561926
4,12,2,0.0,0.139088,0.0,0.0,-0.127075,0.120849609375,0.00439453125,0.0018272737613541014,3060,SKQD,11,0.002685546875,0.0018272737613541014,484.6666666666667,0.11832682291666667,True,309561926
4,12,2,0.0,0.139088,0.0,0.0,-0.127075,0.120849609375,0.00439453125,0.0018272737613541014,3060,SKQD,14,0.00341796875,0.0018272737613541014,484.6666666666667,0.11832682291666667,True,309561926
4,12,2,0.0,0.139088,0.0,0.0,-0.127075,0.120849609375,0.00439453125,0.0018272737613541014,3060,SKQD,18,0.00439453125,0.0018272737613541014,484.6666666666667,0.11832682291666667,True,309561926
4,12,2,0.0,0.139088,0.0,0.0,-0.127075,0.120849609375,0.00439453125,0.0018272737613541014,3060,SKQD,23,0.005615234375,0.0018272737613541014,484.6666666666667,0.11832682291666667,True,309561926
4,12,2,0.0,0.139088,0.0,0.0,-0.127075,0.120849609375,0.00439453125,0.0018272737613541014,3060,SKQD,31,0.007568359375,0.0018272737613541014,484.6666666666667,0.11832682291666667,True,309561926
4,12,2,0.0,0.139088,0.0,0.0,-0.127075,0.120849609375,0.00439453125,0.0018272737613541014,3060,SKQD,40,0.009765625,0.0018272737613541014,484.6666666666667,0.11832682291666667,True,309561926
4,12,2,0.0,0.139088,0.0,0.0,-0.127075,0.120849609375,0.00439453125,0.0018272737613541014,3060,SKQD,52,0.0126953125,0.0018272737613541014,484.6666666666667,0.11832682291666667,True,309561926
4,12,2,0.0,0.139088,0.0,0.0,-0.127075,0.120849609375,0.00439453125,0.0018272737613541014,3060,SKQD,67,0.016357421875,0.06817774300284815,484.6666666666667,0.11832682291666667,True,309561926
4,12,2,0.0,0.139088,0.0,0.0,-0.127075,0.120849609375,0.00439453125,0.0018272737613541014,3060,SKQD,87,0.021240234375,0.06817774300284815,484.6666666666667,0.11832682291666667,True,309561926
4,12,2,0.0,0.139088,0.0,0.0,-0.127075,0.120849609375,0.00439453125,0.0018272737613541014,3060,SKQD,114,0.02783203125,0.06817774300284815,484.6666666666667,0.11832682291666667,True,309561926
4,12,2,0.0,0.139088,0.0,0.0,-0.127075,0.120849609375,0.00439453125,0.0018272737613541014,3060,SKQD,148,0.0361328125,0.11583994500606715,484.6666666666667,0.11832682291666667,True,309561926
4,12,2,0.0,0.139088,0.0,0.0,-0.127075,0.120849609375,0.00439453125,0.0018272737613541014,3060,SKQD,192,0.046875,0.20615051722305255,484.6666666666667,0.11832682291666667,True,309561926
4,12,2,0.0,0.139088,0.0,0.0,-0.127075,0.120849609375,0.00439453125,0.0018272737613541014,3060,SKQD,250,0.06103515625,0.3184394339800322,484.6666666666667,0.11832682291666667,True,309561926
4,12,2,0.0,0.139088,0.0,0.0,-0.127075,0.120849609375,0.00439453125,0.0018272737613541014,3060,SKQD,325,0.079345703125,0.5425926749430396,484.6666666666667,0.11832682291666667,True,309561926
4,12,2,0.0,0.139088,0.0,0.0,-0.127075,0.120849609375,0.00439453125,0.0018272737613541014,3060,SKQD,423,0.103271484375,0.820466435650162,484.6666666666667,0.11832682291666667,True,309561926
4,12,2,0.0,0.139088,0.0,0.0,-0.127075,0.120849609375,0.00439453125,0.0018272737613541014,3060,SKQD,550,0.13427734375,0.9754087782619837,484.6666666666667,0.11832682291666667,True,309561926
4,12,2,0.0,0.139088,0.0,0.0,-0.127075,0.120849609375,0.00439453125,0.0018272737613541014,3060,SKQD,715,0.174560546875,0.9754087782619837,484.6666666666667,0.11832682291666667,True,309561926
4,12,2,0.0,0.139088,0.0,0.0,-0.127075,0.120849609375,0.00439453125,0.0018272737613541014,3060,SKQD,931,0.227294921875,0.9754087782619837,484.6666666666667,0.11832682291666667,True,309561926
4,12,2,0.0,0.139088,0.0,0.0,-0.127075,0.120849609375,0.00439453125,0.0018272737613541014,3060,SKQD,1210,0.29541015625,0.9754087782619837,484.6666666666667,0.11832682291666667,True,309561926
4,12,2,0.0,0.139088,0.0,0.0,-0.127075,0.120849609375,0.00439453125,0.0018272737613541014,3060,SKQD,1575,0.384521484375,0.9754087782619837,484.6666666666667,0.11832682291666667,True,309561926
4,12,2,0.0,0.139088,0.0,0.0,-0.127075,0.120849609375,0.00439453125,0.0018272737613541014,3060,SKQD,2048,0.5,0.9754087782619837,484.6666666666667,0.11832682291666667,True,309561926
4,12,2,0.0,0.139088,0.0,0.0,-0.127075,0.120849609375,0.00439453125,0.0018272737613541014,3060,Ceiling,1,0.000244140625,0.00936801142702854,2048.0,0.5,False,309561926
4,12,2,0.0,0.139088,0.0,0.0,-0.127075,0.120849609375,0.00439453125,0.0018272737613541014,3060,Ceiling,2,0.00048828125,0.018736022854057073,2048.0,0.5,False,309561926
4,12,2,0.0,0.139088,0.0,0.0,-0.127075,0.120849609375,0.00439453125,0.0018272737613541014,3060,Ceiling,3,0.000732421875,0.02634960522854084,2048.0,0.5,False,309561926
4,12,2,0.0,0.139088,0.0,0.0,-0.127075,0.120849609375,0.00439453125,0.0018272737613541014,3060,Ceiling,4,0.0009765625,0.033963187603024594,2048.0,0.5,False,309561926
4,12,2,0.0,0.139088,0.0,0.0,-0.127075,0.120849609375,0.00439453125,0.0018272737613541014,3060,Ceiling,5,0.001220703125,0.040545768722875276,2048.0,0.5,False,309561926
4,12,2,0.0,0.139088,0.0,0.0,-0.127075,0.120849609375,0.00439453125,0.0018272737613541014,3060,Ceiling,6,0.00146484375,0.04712834984272596,2048.0,0.5,False,309561926
4,12,2,0.0,0.139088,0.0,0.0,-0.127075,0.120849609375,0.00439453125,0.0018272737613541014,3060,Ceiling,8,0.001953125,0.0602935120824273,2048.0,0.5,False,309561926
4,12,2,0.0,0.139088,0.0,0.0,-0.127075,0.120849609375,0.00439453125,0.0018272737613541014,3060,Ceiling,11,0.002685546875,0.07899839720759264,2048.0,0.5,False,309561926
4,12,2,0.0,0.139088,0.0,0.0,-0.127075,0.120849609375,0.00439453125,0.0018272737613541014,3060,Ceiling,14,0.00341796875,0.09770188809038133,2048.0,0.5,False,309561926
4,12,2,0.0,0.139088,0.0,0.0,-0.127075,0.120849609375,0.00439453125,0.0018272737613541014,3060,Ceiling,18,0.00439453125,0.1224644321907021,2048.0,0.5,False,309561926
4,12,2,0.0,0.139088,0.0,0.0,-0.127075,0.120849609375,0.00439453125,0.0018272737613541014,3060,Ceiling,23,0.005615234375,0.15267085561054033,2048.0,0.5,False,309561926
4,12,2,0.0,0.139088,0.0,0.0,-0.127075,0.120849609375,0.00439453125,0.0018272737613541014,3060,Ceiling,31,0.007568359375,0.19744872642075187,2048.0,0.5,False,309561926
4,12,2,0.0,0.139088,0.0,0.0,-0.127075,0.120849609375,0.00439453125,0.0018272737613541014,3060,Ceiling,40,0.009765625,0.24310206687521457,2048.0,0.5,False,309561926
4,12,2,0.0,0.139088,0.0,0.0,-0.127075,0.120849609375,0.00439453125,0.0018272737613541014,3060,Ceiling,52,0.0126953125,0.29600915140896655,2048.0,0.5,False,309561926
4,12,2,0.0,0.139088,0.0,0.0,-0.127075,0.120849609375,0.00439453125,0.0018272737613541014,3060,Ceiling,67,0.016357421875,0.35722166078064205,2048.0,0.5,False,309561926
4,12,2,0.0,0.139088,0.0,0.0,-0.127075,0.120849609375,0.00439453125,0.0018272737613541014,3060,Ceiling,87,0.021240234375,0.4255910074165923,2048.0,0.5,False,309561926
4,12,2,0.0,0.139088,0.0,0.0,-0.127075,0.120849609375,0.00439453125,0.0018272737613541014,3060,Ceiling,114,0.02783203125,0.5069304390969918,2048.0,0.5,False,309561926
4,12,2,0.0,0.139088,0.0,0.0,-0.127075,0.120849609375,0.00439453125,0.0018272737613541014,3060,Ceiling,148,0.0361328125,0.5972862225822726,2048.0,0.5,False,309561926
4,12,2,0.0,0.139088,0.0,0.0,-0.127075,0.120849609375,0.00439453125,0.0018272737613541014,3060,Ceiling,192,0.046875,0.6978663474001108,2048.0,0.5,False,309561926
4,12,2,0.0,0.139088,0.0,0.0,-0.127075,0.120849609375,0.00439453125,0.0018272737613541014,3060,Ceiling,250,0.06103515625,0.8093169919742402,2048.0,0.5,False,309561926
4,12,2,0.0,0.139088,0.0,0.0,-0.127075,0.120849609375,0.00439453125,0.0018272737613541014,3060,Ceiling,325,0.079345703125,0.9069763089013392,2048.0,0.5,False,309561926
4,12,2,0.0,0.139088,0.0,0.0,-0.127075,0.120849609375,0.00439453125,0.0018272737613541014,3060,Ceiling,423,0.103271484375,0.98104207908343,2048.0,0.5,False,309561926
4,12,2,0.0,0.139088,0.0,0.0,-0.127075,0.120849609375,0.00439453125,0.0018272737613541014,3060,Ceiling,550,0.13427734375,0.9999999999999988,2048.0,0.5,False,309561926
4,12,2,0.0,0.139088,0.0,0.0,-0.127075,0.120849609375,0.00439453125,0.0018272737613541014,3060,Ceiling,715,0.174560546875,0.9999999999999988,2048.0,0.5,False,309561926
4,12,2,0.0,0.139088,0.0,0.0,-0.127075,0.120849609375,0.00439453125,0.0018272737613541014,3060,Ceiling,931,0.227294921875,0.9999999999999988,2048.0,0.5,False,309561926
4,12,2,0.0,0.139088,0.0,0.0,-0.127075,0.120849609375,0.00439453125,0.0018272737613541014,3060,Ceiling,1210,0.29541015625,0.9999999999999988,2048.0,0.5,False,309561926
4,12,2,0.0,0.139088,0.0,0.0,-0.127075,0.120849609375,0.00439453125,0.0018272737613541014,3060,Ceiling,1575,0.384521484375,0.9999999999999988,2048.0,0.5,False,309561926
4,12,2,0.0,0.139088,0.0,0.0,-0.127075,0.120849609375,0.00439453125,0.0018272737613541014,3060,Ceiling,2048,0.5,0.9999999999999988,2048.0,0.5,False,309561926
4,12,2,0.0,0.139088,0.0,0.0,-0.127075,0.120849609375,0.00439453125,0.0013876644090681889,3167,BARK,1,0.000244140625,0.0013876644090681889,495.0,0.120849609375,True,309561926
4,12,2,0.0,0.139088,0.0,0.0,-0.127075,0.120849609375,0.00439453125,0.0013876644090681889,3167,BARK,2,0.00048828125,0.0019042338221213339,495.0,0.120849609375,True,309561926
4,12,2,0.0,0.139088,0.0,0.0,-0.127075,0.120849609375,0.00439453125,0.0013876644090681889,3167,BARK,3,0.000732421875,0.0029256096018994084,495.0,0.120849609375,True,309561926
4,12,2,0.0,0.139088,0.0,0.0,-0.127075,0.120849609375,0.00439453125,0.0013876644090681889,3167,BARK,4,0.0009765625,0.006941172496876798,495.0,0.120849609375,True,309561926
4,12,2,0.0,0.139088,0.0,0.0,-0.127075,0.120849609375,0.00439453125,0.0013876644090681889,3167,BARK,5,0.001220703125,0.008908845257557297,495.0,0.120849609375,True,309561926
4,12,2,0.0,0.139088,0.0,0.0,-0.127075,0.120849609375,0.00439453125,0.0013876644090681889,3167,BARK,6,0.00146484375,0.012265529224418346,495.0,0.120849609375,True,309561926
4,12,2,0.0,0.139088,0.0,0.0,-0.127075,0.120849609375,0.00439453125,0.0013876644090681889,3167,BARK,8,0.001953125,0.014672931040028593,495.0,0.120849609375,True,309561926
4,12,2,0.0,0.139088,0.0,0.0,-0.127075,0.120849609375,0.00439453125,0.0013876644090681889,3167,BARK,11,0.002685546875,0.023884912354617895,495.0,0.120849609375,True,309561926
4,12,2,0.0,0.139088,0.0,0.0,-0.127075,0.120849609375,0.00439453125,0.0013876644090681889,3167,BARK,14,0.00341796875,0.029014053045939354,495.0,0.120849609375,True,309561926
4,12,2,0.0,0.139088,0.0,0.0,-0.127075,0.120849609375,0.00439453125,0.0013876644090681889,3167,BARK,18,0.00439453125,0.02995630247084447,495.0,0.120849609375,True,309561926
4,12,2,0.0,0.139088,0.0,0.0,-0.127075,0.120849609375,0.00439453125,0.0013876644090681889,3167,BARK,23,0.005615234375,0.038897927246455376,495.0,0.120849609375,True,309561926
4,12,2,0.0,0.139088,0.0,0.0,-0.127075,0.120849609375,0.00439453125,0.0013876644090681889,3167,BARK,31,0.007568359375,0.06703184941660728,495.0,0.120849609375,True,309561926
4,12,2,0.0,0.139088,0.0,0.0,-0.127075,0.120849609375,0.00439453125,0.0013876644090681889,3167,BARK,40,0.009765625,0.07750304320665305,495.0,0.120849609375,True,309561926
4,12,2,0.0,0.139088,0.0,0.0,-0.127075,0.120849609375,0.00439453125,0.0013876644090681889,3167,BARK,52,0.0126953125,0.09409925138872904,495.0,0.120849609375,True,309561926
4,12,2,0.0,0.139088,0.0,0.0,-0.127075,0.120849609375,0.00439453125,0.0013876644090681889,3167,BARK,67,0.016357421875,0.12491961923940946,495.0,0.120849609375,True,309561926
4,12,2,0.0,0.139088,0.0,0.0,-0.127075,0.120849609375,0.00439453125,0.0013876644090681889,3167,BARK,87,0.021240234375,0.1656702892498932,495.0,0.120849609375,True,309561926
4,12,2,0.0,0.139088,0.0,0.0,-0.127075,0.120849609375,0.00439453125,0.0013876644090681889,3167,BARK,114,0.02783203125,0.24312638994904878,495.0,0.120849609375,True,309561926
4,12,2,0.0,0.139088,0.0,0.0,-0.127075,0.120849609375,0.00439453125,0.0013876644090681889,3167,BARK,148,0.0361328125,0.31490418694928696,495.0,0.120849609375,True,309561926
4,12,2,0.0,0.139088,0.0,0.0,-0.127075,0.120849609375,0.00439453125,0.0013876644090681889,3167,BARK,192,0.046875,0.45367225014986184,495.0,0.120849609375,True,309561926
4,12,2,0.0,0.139088,0.0,0.0,-0.127075,0.120849609375,0.00439453125,0.0013876644090681889,3167,BARK,250,0.06103515625,0.5804700024619294,495.0,0.120849609375,True,309561926
4,12,2,0.0,0.139088,0.0,0.0,-0.127075,0.120849609375,0.00439453125,0.0013876644090681889,3167,BARK,325,0.079345703125,0.7228024380966303,495.0,0.120849609375,True,309561926
4,12,2,0.0,0.139088,0.0,0.0,-0.127075,0.120849609375,0.00439453125,0.0013876644090681889,3167,BARK,423,0.103271484375,0.9379608170223394,495.0,0.120849609375,True,309561926
4,12,2,0.0,0.139088,0.0,0.0,-0.127075,0.120849609375,0.00439453125,0.0013876644090681889,3167,BARK,550,0.13427734375,1.0,495.0,0.120849609375,True,309561926
4,12,2,0.0,0.139088,0.0,0.0,-0.127075,0.120849609375,0.00439453125,0.0013876644090681889,3167,BARK,715,0.174560546875,1.0,495.0,0.120849609375,True,309561926
4,12,2,0.0,0.139088,0.0,0.0,-0.127075,0.120849609375,0.00439453125,0.0013876644090681889,3167,BARK,931,0.227294921875,1.0,495.0,0.120849609375,True,309561926
4,12,2,0.0,0.139088,0.0,0.0,-0.127075,0.120849609375,0.00439453125,0.0013876644090681889,3167,BARK,1210,0.29541015625,1.0,495.0,0.120849609375,True,309561926
4,12,2,0.0,0.139088,0.0,0.0,-0.127075,0.120849609375,0.00439453125,0.0013876644090681889,3167,BARK,1575,0.384521484375,1.0,495.0,0.120849609375,True,309561926
4,12,2,0.0,0.139088,0.0,0.0,-0.127075,0.120849609375,0.00439453125,0.0013876644090681889,3167,BARK,2048,0.5,1.0,495.0,0.120849609375,True,309561926
4,12,2,0.0,0.139088,0.0,0.0,-0.127075,0.120849609375,0.00439453125,0.0013876644090681889,3167,Simplified BARK,1,0.000244140625,0.0013876644090681889,495.0,0.120849609375,True,309561926
4,12,2,0.0,0.139088,0.0,0.0,-0.127075,0.120849609375,0.00439453125,0.0013876644090681889,3167,Simplified BARK,2,0.00048828125,0.0019042338221213339,495.0,0.120849609375,True,309561926
4,12,2,0.0,0.139088,0.0,0.0,-0.127075,0.120849609375,0.00439453125,0.0013876644090681889,3167,Simplified BARK,3,0.000732421875,0.0029256096018994084,495.0,0.120849609375,True,309561926
4,12,2,0.0,0.139088,0.0,0.0,-0.127075,0.120849609375,0.00439453125,0.0013876644090681889,3167,Simplified BARK,4,0.0009765625,0.0031215660074922543,495.0,0.120849609375,True,309561926
4,12,2,0.0,0.139088,0.0,0.0,-0.127075,0.120849609375,0.00439453125,0.0013876644090681889,3167,Simplified BARK,5,0.001220703125,0.003559805439070572,495.0,0.120849609375,True,309561926
4,12,2,0.0,0.139088,0.0,0.0,-0.127075,0.120849609375,0.00439453125,0.0013876644090681889,3167,Simplified BARK,6,0.00146484375,0.003757042167158901,495.0,0.120849609375,True,309561926
4,12,2,0.0,0.139088,0.0,0.0,-0.127075,0.120849609375,0.00439453125,0.0013876644090681889,3167,Simplified BARK,8,0.001953125,0.004143253346643485,495.0,0.120849609375,True,309561926
4,12,2,0.0,0.139088,0.0,0.0,-0.127075,0.120849609375,0.00439453125,0.0013876644090681889,3167,Simplified BARK,11,0.002685546875,0.005526314685540114,495.0,0.120849609375,True,309561926
4,12,2,0.0,0.139088,0.0,0.0,-0.127075,0.120849609375,0.00439453125,0.0013876644090681889,3167,Simplified BARK,14,0.00341796875,0.006896611444248359,495.0,0.120849609375,True,309561926
4,12,2,0.0,0.139088,0.0,0.0,-0.127075,0.120849609375,0.00439453125,0.0013876644090681889,3167,Simplified BARK,18,0.00439453125,0.010960424235590922,495.0,0.120849609375,True,309561926
4,12,2,0.0,0.139088,0.0,0.0,-0.127075,0.120849609375,0.00439453125,0.0013876644090681889,3167,Simplified BARK,23,0.005615234375,0.012656477197923536,495.0,0.120849609375,True,309561926
4,12,2,0.0,0.139088,0.0,0.0,-0.127075,0.120849609375,0.00439453125,0.0013876644090681889,3167,Simplified BARK,31,0.007568359375,0.015561779754782798,495.0,0.120849609375,True,309561926
4,12,2,0.0,0.139088,0.0,0.0,-0.127075,0.120849609375,0.00439453125,0.0013876644090681889,3167,Simplified BARK,40,0.009765625,0.032667736778012955,495.0,0.120849609375,True,309561926
4,12,2,0.0,0.139088,0.0,0.0,-0.127075,0.120849609375,0.00439453125,0.0013876644090681889,3167,Simplified BARK,52,0.0126953125,0.042581604153717034,495.0,0.120849609375,True,309561926
4,12,2,0.0,0.139088,0.0,0.0,-0.127075,0.120849609375,0.00439453125,0.0013876644090681889,3167,Simplified BARK,67,0.016357421875,0.06542564846979215,495.0,0.120849609375,True,309561926
4,12,2,0.0,0.139088,0.0,0.0,-0.127075,0.120849609375,0.00439453125,0.0013876644090681889,3167,Simplified BARK,87,0.021240234375,0.11181289234184037,495.0,0.120849609375,True,309561926
4,12,2,0.0,0.139088,0.0,0.0,-0.127075,0.120849609375,0.00439453125,0.0013876644090681889,3167,Simplified BARK,114,0.02783203125,0.16844222482248913,495.0,0.120849609375,True,309561926
4,12,2,0.0,0.139088,0.0,0.0,-0.127075,0.120849609375,0.00439453125,0.0013876644090681889,3167,Simplified BARK,148,0.0361328125,0.22887512581995512,495.0,0.120849609375,True,309561926
4,12,2,0.0,0.139088,0.0,0.0,-0.127075,0.120849609375,0.00439453125,0.0013876644090681889,3167,Simplified BARK,192,0.046875,0.2938663585421287,495.0,0.120849609375,True,309561926
4,12,2,0.0,0.139088,0.0,0.0,-0.127075,0.120849609375,0.00439453125,0.0013876644090681889,3167,Simplified BARK,250,0.06103515625,0.4353245709157167,495.0,0.120849609375,True,309561926
4,12,2,0.0,0.139088,0.0,0.0,-0.127075,0.120849609375,0.00439453125,0.0013876644090681889,3167,Simplified BARK,325,0.079345703125,0.6184402042599164,495.0,0.120849609375,True,309561926
4,12,2,0.0,0.139088,0.0,0.0,-0.127075,0.120849609375,0.00439453125,0.0013876644090681889,3167,Simplified BARK,423,0.103271484375,0.8723112706668055,495.0,0.120849609375,True,309561926
4,12,2,0.0,0.139088,0.0,0.0,-0.127075,0.120849609375,0.00439453125,0.0013876644090681889,3167,Simplified BARK,550,0.13427734375,1.0,495.0,0.120849609375,True,309561926
4,12,2,0.0,0.139088,0.0,0.0,-0.127075,0.120849609375,0.00439453125,0.0013876644090681889,3167,Simplified BARK,715,0.174560546875,1.0,495.0,0.120849609375,True,309561926
4,12,2,0.0,0.139088,0.0,0.0,-0.127075,0.120849609375,0.00439453125,0.0013876644090681889,3167,Simplified BARK,931,0.227294921875,1.0,495.0,0.120849609375,True,309561926
4,12,2,0.0,0.139088,0.0,0.0,-0.127075,0.120849609375,0.00439453125,0.0013876644090681889,3167,Simplified BARK,1210,0.29541015625,1.0,495.0,0.120849609375,True,309561926
4,12,2,0.0,0.139088,0.0,0.0,-0.127075,0.120849609375,0.00439453125,0.0013876644090681889,3167,Simplified BARK,1575,0.384521484375,1.0,495.0,0.120849609375,True,309561926
4,12,2,0.0,0.139088,0.0,0.0,-0.127075,0.120849609375,0.00439453125,0.0013876644090681889,3167,Simplified BARK,2048,0.5,1.0,495.0,0.120849609375,True,309561926
4,12,2,0.0,0.139088,0.0,0.0,-0.127075,0.120849609375,0.00439453125,0.0013876644090681889,3167,SKQD,1,0.000244140625,0.0013876644090681887,483.0,0.117919921875,True,309561926
4,12,2,0.0,0.139088,0.0,0.0,-0.127075,0.120849609375,0.00439453125,0.0013876644090681889,3167,SKQD,2,0.00048828125,0.0013876644090681887,483.0,0.117919921875,True,309561926
4,12,2,0.0,0.139088,0.0,0.0,-0.127075,0.120849609375,0.00439453125,0.0013876644090681889,3167,SKQD,3,0.000732421875,0.0013876644090681887,483.0,0.117919921875,True,309561926
4,12,2,0.0,0.139088,0.0,0.0,-0.127075,0.120849609375,0.00439453125,0.0013876644090681889,3167,SKQD,4,0.0009765625,0.0013876644090681887,483.0,0.117919921875,True,309561926
4,12,2,0.0,0.139088,0.0,0.0,-0.127075,0.120849609375,0.00439453125,0.0013876644090681889,3167,SKQD,5,0.001220703125,0.0013876644090681887,483.0,0.117919921875,True,309561926
4,12,2,0.0,0.139088,0.0,0.0,-0.127075,0.120849609375,0.00439453125,0.0013876644090681889,3167,SKQD,6,0.00146484375,0.0013876644090681887,483.0,0.117919921875,True,309561926
4,12,2,0.0,0.139088,0.0,0.0,-0.127075,0.120849609375,0.00439453125,0.0013876644090681889,3167,SKQD,8,0.001953125,0.0013876644090681887,483.0,0.117919921875,True,309561926
4,12,2,0.0,0.139088,0.0,0.0,-0.127075,0.120849609375,0.00439453125,0.0013876644090681889,3167,SKQD,11,0.002685546875,0.0013876644090681887,483.0,0.117919921875,True,309561926
4,12,2,0.0,0.139088,0.0,0.0,-0.127075,0.120849609375,0.00439453125,0.0013876644090681889,3167,SKQD,14,0.00341796875,0.0013876644090681887,483.0,0.117919921875,True,309561926
4,12,2,0.0,0.139088,0.0,0.0,-0.127075,0.120849609375,0.00439453125,0.0013876644090681889,3167,SKQD,18,0.00439453125,0.014480941040634092,483.0,0.117919921875,True,309561926
4,12,2,0.0,0.139088,0.0,0.0,-0.127075,0.120849609375,0.00439453125,0.0013876644090681889,3167,SKQD,23,0.005615234375,0.023902298559528117,483.0,0.117919921875,True,309561926
4,12,2,0.0,0.139088,0.0,0.0,-0.127075,0.120849609375,0.00439453125,0.0013876644090681889,3167,SKQD,31,0.007568359375,0.023902298559528117,483.0,0.117919921875,True,309561926
4,12,2,0.0,0.139088,0.0,0.0,-0.127075,0.120849609375,0.00439453125,0.0013876644090681889,3167,SKQD,40,0.009765625,0.023902298559528117,483.0,0.117919921875,True,309561926
4,12,2,0.0,0.139088,0.0,0.0,-0.127075,0.120849609375,0.00439453125,0.0013876644090681889,3167,SKQD,52,0.0126953125,0.023902298559528117,483.0,0.117919921875,True,309561926
4,12,2,0.0,0.139088,0.0,0.0,-0.127075,0.120849609375,0.00439453125,0.0013876644090681889,3167,SKQD,67,0.016357421875,0.07583695479470792,483.0,0.117919921875,True,309561926
4,12,2,0.0,0.139088,0.0,0.0,-0.127075,0.120849609375,0.00439453125,0.0013876644090681889,3167,SKQD,87,0.021240234375,0.07583695479470792,483.0,0.117919921875,True,309561926
4,12,2,0.0,0.139088,0.0,0.0,-0.127075,0.120849609375,0.00439453125,0.0013876644090681889,3167,SKQD,114,0.02783203125,0.08529320525105542,483.0,0.117919921875,True,309561926
4,12,2,0.0,0.139088,0.0,0.0,-0.127075,0.120849609375,0.00439453125,0.0013876644090681889,3167,SKQD,148,0.0361328125,0.1319090736255392,483.0,0.117919921875,True,309561926
4,12,2,0.0,0.139088,0.0,0.0,-0.127075,0.120849609375,0.00439453125,0.0013876644090681889,3167,SKQD,192,0.046875,0.18147528042211528,483.0,0.117919921875,True,309561926
4,12,2,0.0,0.139088,0.0,0.0,-0.127075,0.120849609375,0.00439453125,0.0013876644090681889,3167,SKQD,250,0.06103515625,0.2681144094653129,483.0,0.117919921875,True,309561926
4,12,2,0.0,0.139088,0.0,0.0,-0.127075,0.120849609375,0.00439453125,0.0013876644090681889,3167,SKQD,325,0.079345703125,0.4275378596027328,483.0,0.117919921875,True,309561926
4,12,2,0.0,0.139088,0.0,0.0,-0.127075,0.120849609375,0.00439453125,0.0013876644090681889,3167,SKQD,423,0.103271484375,0.7960141577112786,483.0,0.117919921875,True,309561926
4,12,2,0.0,0.139088,0.0,0.0,-0.127075,0.120849609375,0.00439453125,0.0013876644090681889,3167,SKQD,550,0.13427734375,0.9671386337553788,483.0,0.117919921875,True,309561926
4,12,2,0.0,0.139088,0.0,0.0,-0.127075,0.120849609375,0.00439453125,0.0013876644090681889,3167,SKQD,715,0.174560546875,0.9671386337553788,483.0,0.117919921875,True,309561926
4,12,2,0.0,0.139088,0.0,0.0,-0.127075,0.120849609375,0.00439453125,0.0013876644090681889,3167,SKQD,931,0.227294921875,0.9671386337553788,483.0,0.117919921875,True,309561926
4,12,2,0.0,0.139088,0.0,0.0,-0.127075,0.120849609375,0.00439453125,0.0013876644090681889,3167,SKQD,1210,0.29541015625,0.9671386337553788,483.0,0.117919921875,True,309561926
4,12,2,0.0,0.139088,0.0,0.0,-0.127075,0.120849609375,0.00439453125,0.0013876644090681889,3167,SKQD,1575,0.384521484375,0.9671386337553788,483.0,0.117919921875,True,309561926
4,12,2,0.0,0.139088,0.0,0.0,-0.127075,0.120849609375,0.00439453125,0.0013876644090681889,3167,SKQD,2048,0.5,0.9671386337553788,483.0,0.117919921875,True,309561926
4,12,2,0.0,0.139088,0.0,0.0,-0.127075,0.120849609375,0.00439453125,0.0013876644090681889,3167,Ceiling,1,0.000244140625,0.00936801142702854,2048.0,0.5,False,309561926
4,12,2,0.0,0.139088,0.0,0.0,-0.127075,0.120849609375,0.00439453125,0.0013876644090681889,3167,Ceiling,2,0.00048828125,0.018736022854057073,2048.0,0.5,False,309561926
4,12,2,0.0,0.139088,0.0,0.0,-0.127075,0.120849609375,0.00439453125,0.0013876644090681889,3167,Ceiling,3,0.000732421875,0.02634960522854084,2048.0,0.5,False,309561926
4,12,2,0.0,0.139088,0.0,0.0,-0.127075,0.120849609375,0.00439453125,0.0013876644090681889,3167,Ceiling,4,0.0009765625,0.033963187603024594,2048.0,0.5,False,309561926
4,12,2,0.0,0.139088,0.0,0.0,-0.127075,0.120849609375,0.00439453125,0.0013876644090681889,3167,Ceiling,5,0.001220703125,0.040545768722875276,2048.0,0.5,False,309561926
4,12,2,0.0,0.139088,0.0,0.0,-0.127075,0.120849609375,0.00439453125,0.0013876644090681889,3167,Ceiling,6,0.00146484375,0.04712834984272596,2048.0,0.5,False,309561926
4,12,2,0.0,0.139088,0.0,0.0,-0.127075,0.120849609375,0.00439453125,0.0013876644090681889,3167,Ceiling,8,0.001953125,0.0602935120824273,2048.0,0.5,False,309561926
4,12,2,0.0,0.139088,0.0,0.0,-0.127075,0.120849609375,0.00439453125,0.0013876644090681889,3167,Ceiling,11,0.002685546875,0.07899839720759264,2048.0,0.5,False,309561926
4,12,2,0.0,0.139088,0.0,0.0,-0.127075,0.120849609375,0.00439453125,0.0013876644090681889,3167,Ceiling,14,0.00341796875,0.09770188809038133,2048.0,0.5,False,309561926
4,12,2,0.0,0.139088,0.0,0.0,-0.127075,0.120849609375,0.00439453125,0.0013876644090681889,3167,Ceiling,18,0.00439453125,0.1224644321907021,2048.0,0.5,False,309561926
4,12,2,0.0,0.139088,0.0,0.0,-0.127075,0.120849609375,0.00439453125,0.0013876644090681889,3167,Ceiling,23,0.005615234375,0.15267085561054033,2048.0,0.5,False,309561926
4,12,2,0.0,0.139088,0.0,0.0,-0.127075,0.120849609375,0.00439453125,0.0013876644090681889,3167,Ceiling,31,0.007568359375,0.19744872642075187,2048.0,0.5,False,309561926
4,12,2,0.0,0.139088,0.0,0.0,-0.127075,0.120849609375,0.00439453125,0.0013876644090681889,3167,Ceiling,40,0.009765625,0.24310206687521457,2048.0,0.5,False,309561926
4,12,2,0.0,0.139088,0.0,0.0,-0.127075,0.120849609375,0.00439453125,0.0013876644090681889,3167,Ceiling,52,0.0126953125,0.29600915140896655,2048.0,0.5,False,309561926
4,12,2,0.0,0.139088,0.0,0.0,-0.127075,0.120849609375,0.00439453125,0.0013876644090681889,3167,Ceiling,67,0.016357421875,0.35722166078064205,2048.0,0.5,False,309561926
4,12,2,0.0,0.139088,0.0,0.0,-0.127075,0.120849609375,0.00439453125,0.0013876644090681889,3167,Ceiling,87,0.021240234375,0.4255910074165923,2048.0,0.5,False,309561926
4,12,2,0.0,0.139088,0.0,0.0,-0.127075,0.120849609375,0.00439453125,0.0013876644090681889,3167,Ceiling,114,0.02783203125,0.5069304390969918,2048.0,0.5,False,309561926
4,12,2,0.0,0.139088,0.0,0.0,-0.127075,0.120849609375,0.00439453125,0.0013876644090681889,3167,Ceiling,148,0.0361328125,0.5972862225822726,2048.0,0.5,False,309561926
4,12,2,0.0,0.139088,0.0,0.0,-0.127075,0.120849609375,0.00439453125,0.0013876644090681889,3167,Ceiling,192,0.046875,0.6978663474001108,2048.0,0.5,False,309561926
4,12,2,0.0,0.139088,0.0,0.0,-0.127075,0.120849609375,0.00439453125,0.0013876644090681889,3167,Ceiling,250,0.06103515625,0.8093169919742402,2048.0,0.5,False,309561926
4,12,2,0.0,0.139088,0.0,0.0,-0.127075,0.120849609375,0.00439453125,0.0013876644090681889,3167,Ceiling,325,0.079345703125,0.9069763089013392,2048.0,0.5,False,309561926
4,12,2,0.0,0.139088,0.0,0.0,-0.127075,0.120849609375,0.00439453125,0.0013876644090681889,3167,Ceiling,423,0.103271484375,0.98104207908343,2048.0,0.5,False,309561926
4,12,2,0.0,0.139088,0.0,0.0,-0.127075,0.120849609375,0.00439453125,0.0013876644090681889,3167,Ceiling,550,0.13427734375,0.9999999999999988,2048.0,0.5,False,309561926
4,12,2,0.0,0.139088,0.0,0.0,-0.127075,0.120849609375,0.00439453125,0.0013876644090681889,3167,Ceiling,715,0.174560546875,0.9999999999999988,2048.0,0.5,False,309561926
4,12,2,0.0,0.139088,0.0,0.0,-0.127075,0.120849609375,0.00439453125,0.0013876644090681889,3167,Ceiling,931,0.227294921875,0.9999999999999988,2048.0,0.5,False,309561926
4,12,2,0.0,0.139088,0.0,0.0,-0.127075,0.120849609375,0.00439453125,0.0013876644090681889,3167,Ceiling,1210,0.29541015625,0.9999999999999988,2048.0,0.5,False,309561926
4,12,2,0.0,0.139088,0.0,0.0,-0.127075,0.120849609375,0.00439453125,0.0013876644090681889,3167,Ceiling,1575,0.384521484375,0.9999999999999988,2048.0,0.5,False,309561926
4,12,2,0.0,0.139088,0.0,0.0,-0.127075,0.120849609375,0.00439453125,0.0013876644090681889,3167,Ceiling,2048,0.5,0.9999999999999988,2048.0,0.5,False,309561926
4,12,2,0.0,0.139088,0.0,0.0,-0.127075,0.120849609375,0.00439453125,0.0028934993698040076,2686,BARK,1,0.000244140625,0.0028934993698040076,495.0,0.120849609375,True,309561926
4,12,2,0.0,0.139088,0.0,0.0,-0.127075,0.120849609375,0.00439453125,0.0028934993698040076,2686,BARK,2,0.00048828125,0.003392181313802692,495.0,0.120849609375,True,309561926
4,12,2,0.0,0.139088,0.0,0.0,-0.127075,0.120849609375,0.00439453125,0.0028934993698040076,2686,BARK,3,0.000732421875,0.0038082412619846987,495.0,0.120849609375,True,309561926
4,12,2,0.0,0.139088,0.0,0.0,-0.127075,0.120849609375,0.00439453125,0.0028934993698040076,2686,BARK,4,0.0009765625,0.007037063853391326,495.0,0.120849609375,True,309561926
4,12,2,0.0,0.139088,0.0,0.0,-0.127075,0.120849609375,0.00439453125,0.0028934993698040076,2686,BARK,5,0.001220703125,0.008613054597914914,495.0,0.120849609375,True,309561926
4,12,2,0.0,0.139088,0.0,0.0,-0.127075,0.120849609375,0.00439453125,0.0028934993698040076,2686,BARK,6,0.00146484375,0.01020382326871344,495.0,0.120849609375,True,309561926
4,12,2,0.0,0.139088,0.0,0.0,-0.127075,0.120849609375,0.00439453125,0.0028934993698040076,2686,BARK,8,0.001953125,0.01633905762922808,495.0,0.120849609375,True,309561926
4,12,2,0.0,0.139088,0.0,0.0,-0.127075,0.120849609375,0.00439453125,0.0028934993698040076,2686,BARK,11,0.002685546875,0.02232656292108242,495.0,0.120849609375,True,309561926
4,12,2,0.0,0.139088,0.0,0.0,-0.127075,0.120849609375,0.00439453125,0.0028934993698040076,2686,BARK,14,0.00341796875,0.02603381566920727,495.0,0.120849609375,True,309561926
4,12,2,0.0,0.139088,0.0,0.0,-0.127075,0.120849609375,0.00439453125,0.0028934993698040076,2686,BARK,18,0.00439453125,0.031437665536185024,495.0,0.120849609375,True,309561926
4,12,2,0.0,0.139088,0.0,0.0,-0.127075,0.120849609375,0.00439453125,0.0028934993698040076,2686,BARK,23,0.005615234375,0.040406224718538115,495.0,0.120849609375,True,309561926
4,12,2,0.0,0.139088,0.0,0.0,-0.127075,0.120849609375,0.00439453125,0.0028934993698040076,2686,BARK,31,0.007568359375,0.05785179138657974,495.0,0.120849609375,True,309561926
4,12,2,0.0,0.139088,0.0,0.0,-0.127075,0.120849609375,0.00439453125,0.0028934993698040076,2686,BARK,40,0.009765625,0.08429778702038451,495.0,0.120849609375,True,309561926
4,12,2,0.0,0.139088,0.0,0.0,-0.127075,0.120849609375,0.00439453125,0.0028934993698040076,2686,BARK,52,0.0126953125,0.09868915002685838,495.0,0.120849609375,True,309561926
4,12,2,0.0,0.139088,0.0,0.0,-0.127075,0.120849609375,0.00439453125,0.0028934993698040076,2686,BARK,67,0.016357421875,0.1303828883420064,495.0,0.120849609375,True,309561926
4,12,2,0.0,0.139088,0.0,0.0,-0.127075,0.120849609375,0.00439453125,0.0028934993698040076,2686,BARK,87,0.021240234375,0.18519787784591515,495.0,0.120849609375,True,309561926
4,12,2,0.0,0.139088,0.0,0.0,-0.127075,0.120849609375,0.00439453125,0.0028934993698040076,2686,BARK,114,0.02783203125,0.24161079077490133,495.0,0.120849609375,True,309561926
4,12,2,0.0,0.139088,0.0,0.0,-0.127075,0.120849609375,0.00439453125,0.0028934993698040076,2686,BARK,148,0.0361328125,0.2940519406186008,495.0,0.120849609375,True,309561926
4,12,2,0.0,0.139088,0.0,0.0,-0.127075,0.120849609375,0.00439453125,0.0028934993698040076,2686,BARK,192,0.046875,0.3900080030810075,495.0,0.120849609375,True,309561926
4,12,2,0.0,0.139088,0.0,0.0,-0.127075,0.120849609375,0.00439453125,0.0028934993698040076,2686,BARK,250,0.06103515625,0.5555617545895875,495.0,0.120849609375,True,309561926
4,12,2,0.0,0.139088,0.0,0.0,-0.127075,0.120849609375,0.00439453125,0.0028934993698040076,2686,BARK,325,0.079345703125,0.7650289920437898,495.0,0.120849609375,True,309561926
4,12,2,0.0,0.139088,0.0,0.0,-0.127075,0.120849609375,0.00439453125,0.0028934993698040076,2686,BARK,423,0.103271484375,0.9428548275927612,495.0,0.120849609375,True,309561926
4,12,2,0.0,0.139088,0.0,0.0,-0.127075,0.120849609375,0.00439453125,0.0028934993698040076,2686,BARK,550,0.13427734375,0.9999999999999998,495.0,0.120849609375,True,309561926
4,12,2,0.0,0.139088,0.0,0.0,-0.127075,0.120849609375,0.00439453125,0.0028934993698040076,2686,BARK,715,0.174560546875,0.9999999999999998,495.0,0.120849609375,True,309561926
4,12,2,0.0,0.139088,0.0,0.0,-0.127075,0.120849609375,0.00439453125,0.0028934993698040076,2686,BARK,931,0.227294921875,0.9999999999999998,495.0,0.120849609375,True,309561926
4,12,2,0.0,0.139088,0.0,0.0,-0.127075,0.120849609375,0.00439453125,0.0028934993698040076,2686,BARK,1210,0.29541015625,0.9999999999999998,495.0,0.120849609375,True,309561926
4,12,2,0.0,0.139088,0.0,0.0,-0.127075,0.120849609375,0.00439453125,0.0028934993698040076,2686,BARK,1575,0.384521484375,0.9999999999999998,495.0,0.120849609375,True,309561926
4,12,2,0.0,0.139088,0.0,0.0,-0.127075,0.120849609375,0.00439453125,0.0028934993698040076,2686,BARK,2048,0.5,0.9999999999999998,495.0,0.120849609375,True,309561926
4,12,2,0.0,0.139088,0.0,0.0,-0.127075,0.120849609375,0.00439453125,0.0028934993698040076,2686,Simplified BARK,1,0.000244140625,0.0028934993698040076,495.0,0.120849609375,True,309561926
4,12,2,0.0,0.139088,0.0,0.0,-0.127075,0.120849609375,0.00439453125,0.0028934993698040076,2686,Simplified BARK,2,0.00048828125,0.003392181313802692,495.0,0.120849609375,True,309561926
4,12,2,0.0,0.139088,0.0,0.0,-0.127075,0.120849609375,0.00439453125,0.0028934993698040076,2686,Simplified BARK,3,0.000732421875,0.0038082412619846987,495.0,0.120849609375,True,309561926
4,12,2,0.0,0.139088,0.0,0.0,-0.127075,0.120849609375,0.00439453125,0.0028934993698040076,2686,Simplified BARK,4,0.0009765625,0.004294387886043081,495.0,0.120849609375,True,309561926
4,12,2,0.0,0.139088,0.0,0.0,-0.127075,0.120849609375,0.00439453125,0.0028934993698040076,2686,Simplified BARK,5,0.001220703125,0.004278348797804043,495.0,0.120849609375,True,309561926
4,12,2,0.0,0.139088,0.0,0.0,-0.127075,0.120849609375,0.00439453125,0.0028934993698040076,2686,Simplified BARK,6,0.00146484375,0.004315807419385476,495.0,0.120849609375,True,309561926
4,12,2,0.0,0.139088,0.0,0.0,-0.127075,0.120849609375,0.00439453125,0.0028934993698040076,2686,Simplified BARK,8,0.001953125,0.004368724593764722,495.0,0.120849609375,True,309561926
4,12,2,0.0,0.139088,0.0,0.0,-0.127075,0.120849609375,0.00439453125,0.0028934993698040076,2686,Simplified BARK,11,0.002685546875,0.005728703980469509,495.0,0.120849609375,True,309561926
4,12,2,0.0,0.139088,0.0,0.0,-0.127075,0.120849609375,0.00439453125,0.0028934993698040076,2686,Simplified BARK,14,0.00341796875,0.006855435333274503,495.0,0.120849609375,True,309561926
4,12,2,0.0,0.139088,0.0,0.0,-0.127075,0.120849609375,0.00439453125,0.0028934993698040076,2686,Simplified BARK,18,0.00439453125,0.012234974863911832,495.0,0.120849609375,True,309561926
4,12,2,0.0,0.139088,0.0,0.0,-0.127075,0.120849609375,0.00439453125,0.0028934993698040076,2686,Simplified BARK,23,0.005615234375,0.012682420326852078,495.0,0.120849609375,True,309561926
4,12,2,0.0,0.139088,0.0,0.0,-0.127075,0.120849609375,0.00439453125,0.0028934993698040076,2686,Simplified BARK,31,0.007568359375,0.016458386182148798,495.0,0.120849609375,True,309561926
4,12,2,0.0,0.139088,0.0,0.0,-0.127075,0.120849609375,0.00439453125,0.0028934993698040076,2686,Simplified BARK,40,0.009765625,0.03435539143311545,495.0,0.120849609375,True,309561926
4,12,2,0.0,0.139088,0.0,0.0,-0.127075,0.120849609375,0.00439453125,0.0028934993698040076,2686,Simplified BARK,52,0.0126953125,0.042810252870683164,495.0,0.120849609375,True,309561926
4,12,2,0.0,0.139088,0.0,0.0,-0.127075,0.120849609375,0.00439453125,0.0028934993698040076,2686,Simplified BARK,67,0.016357421875,0.06561680226224595,495.0,0.120849609375,True,309561926
4,12,2,0.0,0.139088,0.0,0.0,-0.127075,0.120849609375,0.00439453125,0.0028934993698040076,2686,Simplified BARK,87,0.021240234375,0.11189145295432587,495.0,0.120849609375,True,309561926
4,12,2,0.0,0.139088,0.0,0.0,-0.127075,0.120849609375,0.00439453125,0.0028934993698040076,2686,Simplified BARK,114,0.02783203125,0.16915961485817255,495.0,0.120849609375,True,309561926
4,12,2,0.0,0.139088,0.0,0.0,-0.127075,0.120849609375,0.00439453125,0.0028934993698040076,2686,Simplified BARK,148,0.0361328125,0.22960813552367926,495.0,0.120849609375,True,309561926
4,12,2,0.0,0.139088,0.0,0.0,-0.127075,0.120849609375,0.00439453125,0.0028934993698040076,2686,Simplified BARK,192,0.046875,0.2950493645438209,495.0,0.120849609375,True,309561926
4,12,2,0.0,0.139088,0.0,0.0,-0.127075,0.120849609375,0.00439453125,0.0028934993698040076,2686,Simplified BARK,250,0.06103515625,0.4382425815767407,495.0,0.120849609375,True,309561926
4,12,2,0.0,0.139088,0.0,0.0,-0.127075,0.120849609375,0.00439453125,0.0028934993698040076,2686,Simplified BARK,325,0.079345703125,0.6184402042599164,495.0,0.120849609375,True,309561926
4,12,2,0.0,0.139088,0.0,0.0,-0.127075,0.120849609375,0.00439453125,0.0028934993698040076,2686,Simplified BARK,423,0.103271484375,0.8723112706668052,495.0,0.120849609375,True,309561926
4,12,2,0.0,0.139088,0.0,0.0,-0.127075,0.120849609375,0.00439453125,0.0028934993698040076,2686,Simplified BARK,550,0.13427734375,1.0,495.0,0.120849609375,True,309561926
4,12,2,0.0,0.139088,0.0,0.0,-0.127075,0.120849609375,0.00439453125,0.0028934993698040076,2686,Simplified BARK,715,0.174560546875,1.0,495.0,0.120849609375,True,309561926
4,12,2,0.0,0.139088,0.0,0.0,-0.127075,0.120849609375,0.00439453125,0.0028934993698040076,2686,Simplified BARK,931,0.227294921875,1.0,495.0,0.120849609375,True,309561926
4,12,2,0.0,0.139088,0.0,0.0,-0.127075,0.120849609375,0.00439453125,0.0028934993698040076,2686,Simplified BARK,1210,0.29541015625,1.0,495.0,0.120849609375,True,309561926
4,12,2,0.0,0.139088,0.0,0.0,-0.127075,0.120849609375,0.00439453125,0.0028934993698040076,2686,Simplified BARK,1575,0.384521484375,1.0,495.0,0.120849609375,True,309561926
4,12,2,0.0,0.139088,0.0,0.0,-0.127075,0.120849609375,0.00439453125,0.0028934993698040076,2686,Simplified BARK,2048,0.5,1.0,495.0,0.120849609375,True,309561926
4,12,2,0.0,0.139088,0.0,0.0,-0.127075,0.120849609375,0.00439453125,0.0028934993698040076,2686,SKQD,1,0.000244140625,0.0028934993698040076,486.6666666666667,0.11881510416666667,True,309561926
4,12,2,0.0,0.139088,0.0,0.0,-0.127075,0.120849609375,0.00439453125,0.0028934993698040076,2686,SKQD,2,0.00048828125,0.0028934993698040076,486.6666666666667,0.11881510416666667,True,309561926
4,12,2,0.0,0.139088,0.0,0.0,-0.127075,0.120849609375,0.00439453125,0.0028934993698040076,2686,SKQD,3,0.000732421875,0.0028934993698040076,486.6666666666667,0.11881510416666667,True,309561926
4,12,2,0.0,0.139088,0.0,0.0,-0.127075,0.120849609375,0.00439453125,0.0028934993698040076,2686,SKQD,4,0.0009765625,0.0028934993698040076,486.6666666666667,0.11881510416666667,True,309561926
4,12,2,0.0,0.139088,0.0,0.0,-0.127075,0.120849609375,0.00439453125,0.0028934993698040076,2686,SKQD,5,0.001220703125,0.0028934993698040076,486.6666666666667,0.11881510416666667,True,309561926
4,12,2,0.0,0.139088,0.0,0.0,-0.127075,0.120849609375,0.00439453125,0.0028934993698040076,2686,SKQD,6,0.00146484375,0.0028934993698040076,486.6666666666667,0.11881510416666667,True,309561926
4,12,2,0.0,0.139088,0.0,0.0,-0.127075,0.120849609375,0.00439453125,0.0028934993698040076,2686,SKQD,8,0.001953125,0.006656179495034231,486.6666666666667,0.11881510416666667,True,309561926
4,12,2,0.0,0.139088,0.0,0.0,-0.127075,0.120849609375,0.00439453125,0.0028934993698040076,2686,SKQD,11,0.002685546875,0.011543601119843492,486.6666666666667,0.11881510416666667,True,309561926
4,12,2,0.0,0.139088,0.0,0.0,-0.127075,0.120849609375,0.00439453125,0.0028934993698040076,2686,SKQD,14,0.00341796875,0.018233783705675972,486.6666666666667,0.11881510416666667,True,309561926
4,12,2,0.0,0.139088,0.0,0.0,-0.127075,0.120849609375,0.00439453125,0.0028934993698040076,2686,SKQD,18,0.00439453125,0.018233783705675972,486.6666666666667,0.11881510416666667,True,309561926
4,12,2,0.0,0.139088,0.0,0.0,-0.127075,0.120849609375,0.00439453125,0.0028934993698040076,2686,SKQD,23,0.005615234375,0.018233783705675972,486.6666666666667,0.11881510416666667,True,309561926
4,12,2,0.0,0.139088,0.0,0.0,-0.127075,0.120849609375,0.00439453125,0.0028934993698040076,2686,SKQD,31,0.007568359375,0.04478559684498464,486.6666666666667,0.11881510416666667,True,309561926
4,12,2,0.0,0.139088,0.0,0.0,-0.127075,0.120849609375,0.00439453125,0.0028934993698040076,2686,SKQD,40,0.009765625,0.04478559684498464,486.6666666666667,0.11881510416666667,True,309561926
4,12,2,0.0,0.139088,0.0,0.0,-0.127075,0.120849609375,0.00439453125,0.0028934993698040076,2686,SKQD,52,0.0126953125,0.06942128368944743,486.6666666666667,0.11881510416666667,True,309561926
4,12,2,0.0,0.139088,0.0,0.0,-0.127075,0.120849609375,0.00439453125,0.0028934993698040076,2686,SKQD,67,0.016357421875,0.087462158902612,486.6666666666667,0.11881510416666667,True,309561926
4,12,2,0.0,0.139088,0.0,0.0,-0.127075,0.120849609375,0.00439453125,0.0028934993698040076,2686,SKQD,87,0.021240234375,0.10307793590254065,486.6666666666667,0.11881510416666667,True,309561926
4,12,2,0.0,0.139088,0.0,0.0,-0.127075,0.120849609375,0.00439453125,0.0028934993698040076,2686,SKQD,114,0.02783203125,0.1410870261564345,486.6666666666667,0.11881510416666667,True,309561926
4,12,2,0.0,0.139088,0.0,0.0,-0.127075,0.120849609375,0.00439453125,0.0028934993698040076,2686,SKQD,148,0.0361328125,0.20650321221190107,486.6666666666667,0.11881510416666667,True,309561926
4,12,2,0.0,0.139088,0.0,0.0,-0.127075,0.120849609375,0.00439453125,0.0028934993698040076,2686,SKQD,192,0.046875,0.25417088956284223,486.6666666666667,0.11881510416666667,True,309561926
4,12,2,0.0,0.139088,0.0,0.0,-0.127075,0.120849609375,0.00439453125,0.0028934993698040076,2686,SKQD,250,0.06103515625,0.3326060718137979,486.6666666666667,0.11881510416666667,True,309561926
4,12,2,0.0,0.139088,0.0,0.0,-0.127075,0.120849609375,0.00439453125,0.0028934993698040076,2686,SKQD,325,0.079345703125,0.57203193890052,486.6666666666667,0.11881510416666667,True,309561926
4,12,2,0.0,0.139088,0.0,0.0,-0.127075,0.120849609375,0.00439453125,0.0028934993698040076,2686,SKQD,423,0.103271484375,0.8210491524947257,486.6666666666667,0.11881510416666667,True,309561926
4,12,2,0.0,0.139088,0.0,0.0,-0.127075,0.120849609375,0.00439453125,0.0028934993698040076,2686,SKQD,550,0.13427734375,0.9819850724564075,486.6666666666667,0.11881510416666667,True,309561926
4,12,2,0.0,0.139088,0.0,0.0,-0.127075,0.120849609375,0.00439453125,0.0028934993698040076,2686,SKQD,715,0.174560546875,0.9819850724564075,486.6666666666667,0.11881510416666667,True,309561926
4,12,2,0.0,0.139088,0.0,0.0,-0.127075,0.120849609375,0.00439453125,0.0028934993698040076,2686,SKQD,931,0.227294921875,0.9819850724564075,486.6666666666667,0.11881510416666667,True,309561926
4,12,2,0.0,0.139088,0.0,0.0,-0.127075,0.120849609375,0.00439453125,0.0028934993698040076,2686,SKQD,1210,0.29541015625,0.9819850724564075,486.6666666666667,0.11881510416666667,True,309561926
4,12,2,0.0,0.139088,0.0,0.0,-0.127075,0.120849609375,0.00439453125,0.0028934993698040076,2686,SKQD,1575,0.384521484375,0.9819850724564075,486.6666666666667,0.11881510416666667,True,309561926
4,12,2,0.0,0.139088,0.0,0.0,-0.127075,0.120849609375,0.00439453125,0.0028934993698040076,2686,SKQD,2048,0.5,0.9819850724564075,486.6666666666667,0.11881510416666667,True,309561926
4,12,2,0.0,0.139088,0.0,0.0,-0.127075,0.120849609375,0.00439453125,0.0028934993698040076,2686,Ceiling,1,0.000244140625,0.00936801142702854,2048.0,0.5,False,309561926
4,12,2,0.0,0.139088,0.0,0.0,-0.127075,0.120849609375,0.00439453125,0.0028934993698040076,2686,Ceiling,2,0.00048828125,0.018736022854057073,2048.0,0.5,False,309561926
4,12,2,0.0,0.139088,0.0,0.0,-0.127075,0.120849609375,0.00439453125,0.0028934993698040076,2686,Ceiling,3,0.000732421875,0.02634960522854084,2048.0,0.5,False,309561926
4,12,2,0.0,0.139088,0.0,0.0,-0.127075,0.120849609375,0.00439453125,0.0028934993698040076,2686,Ceiling,4,0.0009765625,0.033963187603024594,2048.0,0.5,False,309561926
4,12,2,0.0,0.139088,0.0,0.0,-0.127075,0.120849609375,0.00439453125,0.0028934993698040076,2686,Ceiling,5,0.001220703125,0.040545768722875276,2048.0,0.5,False,309561926
4,12,2,0.0,0.139088,0.0,0.0,-0.127075,0.120849609375,0.00439453125,0.0028934993698040076,2686,Ceiling,6,0.00146484375,0.04712834984272596,2048.0,0.5,False,309561926
4,12,2,0.0,0.139088,0.0,0.0,-0.127075,0.120849609375,0.00439453125,0.0028934993698040076,2686,Ceiling,8,0.001953125,0.0602935120824273,2048.0,0.5,False,309561926
4,12,2,0.0,0.139088,0.0,0.0,-0.127075,0.120849609375,0.00439453125,0.0028934993698040076,2686,Ceiling,11,0.002685546875,0.07899839720759264,2048.0,0.5,False,309561926
4,12,2,0.0,0.139088,0.0,0.0,-0.127075,0.120849609375,0.00439453125,0.0028934993698040076,2686,Ceiling,14,0.00341796875,0.09770188809038133,2048.0,0.5,False,309561926
4,12,2,0.0,0.139088,0.0,0.0,-0.127075,0.120849609375,0.00439453125,0.0028934993698040076,2686,Ceiling,18,0.00439453125,0.1224644321907021,2048.0,0.5,False,309561926
4,12,2,0.0,0.139088,0.0,0.0,-0.127075,0.120849609375,0.00439453125,0.0028934993698040076,2686,Ceiling,23,0.005615234375,0.15267085561054033,2048.0,0.5,False,309561926
4,12,2,0.0,0.139088,0.0,0.0,-0.127075,0.120849609375,0.00439453125,0.0028934993698040076,2686,Ceiling,31,0.007568359375,0.19744872642075187,2048.0,0.5,False,309561926
4,12,2,0.0,0.139088,0.0,0.0,-0.127075,0.120849609375,0.00439453125,0.0028934993698040076,2686,Ceiling,40,0.009765625,0.24310206687521457,2048.0,0.5,False,309561926
4,12,2,0.0,0.139088,0.0,0.0,-0.127075,0.120849609375,0.00439453125,0.0028934993698040076,2686,Ceiling,52,0.0126953125,0.29600915140896655,2048.0,0.5,False,309561926
4,12,2,0.0,0.139088,0.0,0.0,-0.127075,0.120849609375,0.00439453125,0.0028934993698040076,2686,Ceiling,67,0.016357421875,0.35722166078064205,2048.0,0.5,False,309561926
4,12,2,0.0,0.139088,0.0,0.0,-0.127075,0.120849609375,0.00439453125,0.0028934993698040076,2686,Ceiling,87,0.021240234375,0.4255910074165923,2048.0,0.5,False,309561926
4,12,2,0.0,0.139088,0.0,0.0,-0.127075,0.120849609375,0.00439453125,0.0028934993698040076,2686,Ceiling,114,0.02783203125,0.5069304390969918,2048.0,0.5,False,309561926
4,12,2,0.0,0.139088,0.0,0.0,-0.127075,0.120849609375,0.00439453125,0.0028934993698040076,2686,Ceiling,148,0.0361328125,0.5972862225822726,2048.0,0.5,False,309561926
4,12,2,0.0,0.139088,0.0,0.0,-0.127075,0.120849609375,0.00439453125,0.0028934993698040076,2686,Ceiling,192,0.046875,0.6978663474001108,2048.0,0.5,False,309561926
4,12,2,0.0,0.139088,0.0,0.0,-0.127075,0.120849609375,0.00439453125,0.0028934993698040076,2686,Ceiling,250,0.06103515625,0.8093169919742402,2048.0,0.5,False,309561926
4,12,2,0.0,0.139088,0.0,0.0,-0.127075,0.120849609375,0.00439453125,0.0028934993698040076,2686,Ceiling,325,0.079345703125,0.9069763089013392,2048.0,0.5,False,309561926
4,12,2,0.0,0.139088,0.0,0.0,-0.127075,0.120849609375,0.00439453125,0.0028934993698040076,2686,Ceiling,423,0.103271484375,0.98104207908343,2048.0,0.5,False,309561926
4,12,2,0.0,0.139088,0.0,0.0,-0.127075,0.120849609375,0.00439453125,0.0028934993698040076,2686,Ceiling,550,0.13427734375,0.9999999999999988,2048.0,0.5,False,309561926
4,12,2,0.0,0.139088,0.0,0.0,-0.127075,0.120849609375,0.00439453125,0.0028934993698040076,2686,Ceiling,715,0.174560546875,0.9999999999999988,2048.0,0.5,False,309561926
4,12,2,0.0,0.139088,0.0,0.0,-0.127075,0.120849609375,0.00439453125,0.0028934993698040076,2686,Ceiling,931,0.227294921875,0.9999999999999988,2048.0,0.5,False,309561926
4,12,2,0.0,0.139088,0.0,0.0,-0.127075,0.120849609375,0.00439453125,0.0028934993698040076,2686,Ceiling,1210,0.29541015625,0.9999999999999988,2048.0,0.5,False,309561926
4,12,2,0.0,0.139088,0.0,0.0,-0.127075,0.120849609375,0.00439453125,0.0028934993698040076,2686,Ceiling,1575,0.384521484375,0.9999999999999988,2048.0,0.5,False,309561926
4,12,2,0.0,0.139088,0.0,0.0,-0.127075,0.120849609375,0.00439453125,0.0028934993698040076,2686,Ceiling,2048,0.5,0.9999999999999988,2048.0,0.5,False,309561926
4,12,2,0.0,0.139088,0.0,0.0,-0.127075,0.120849609375,0.00439453125,0.00043428185114113724,3247,BARK,1,0.000244140625,0.00043428185114113724,495.0,0.120849609375,True,309561926
4,12,2,0.0,0.139088,0.0,0.0,-0.127075,0.120849609375,0.00439453125,0.00043428185114113724,3247,BARK,2,0.00048828125,0.00048715737461895754,495.0,0.120849609375,True,309561926
4,12,2,0.0,0.139088,0.0,0.0,-0.127075,0.120849609375,0.00439453125,0.00043428185114113724,3247,BARK,3,0.000732421875,0.0006239010740683726,495.0,0.120849609375,True,309561926
4,12,2,0.0,0.139088,0.0,0.0,-0.127075,0.120849609375,0.00439453125,0.00043428185114113724,3247,BARK,4,0.0009765625,0.0011739167413203884,495.0,0.120849609375,True,309561926
4,12,2,0.0,0.139088,0.0,0.0,-0.127075,0.120849609375,0.00439453125,0.00043428185114113724,3247,BARK,5,0.001220703125,0.0019890982945053584,495.0,0.120849609375,True,309561926
4,12,2,0.0,0.139088,0.0,0.0,-0.127075,0.120849609375,0.00439453125,0.00043428185114113724,3247,BARK,6,0.00146484375,0.0033807438997051505,495.0,0.120849609375,True,309561926
4,12,2,0.0,0.139088,0.0,0.0,-0.127075,0.120849609375,0.00439453125,0.00043428185114113724,3247,BARK,8,0.001953125,0.003710898560809568,495.0,0.120849609375,True,309561926
4,12,2,0.0,0.139088,0.0,0.0,-0.127075,0.120849609375,0.00439453125,0.00043428185114113724,3247,BARK,11,0.002685546875,0.004675248031333365,495.0,0.120849609375,True,309561926
4,12,2,0.0,0.139088,0.0,0.0,-0.127075,0.120849609375,0.00439453125,0.00043428185114113724,3247,BARK,14,0.00341796875,0.00931173793828052,495.0,0.120849609375,True,309561926
4,12,2,0.0,0.139088,0.0,0.0,-0.127075,0.120849609375,0.00439453125,0.00043428185114113724,3247,BARK,18,0.00439453125,0.01312597553089495,495.0,0.120849609375,True,309561926
4,12,2,0.0,0.139088,0.0,0.0,-0.127075,0.120849609375,0.00439453125,0.00043428185114113724,3247,BARK,23,0.005615234375,0.019862614641171762,495.0,0.120849609375,True,309561926
4,12,2,0.0,0.139088,0.0,0.0,-0.127075,0.120849609375,0.00439453125,0.00043428185114113724,3247,BARK,31,0.007568359375,0.03296789133892775,495.0,0.120849609375,True,309561926
4,12,2,0.0,0.139088,0.0,0.0,-0.127075,0.120849609375,0.00439453125,0.00043428185114113724,3247,BARK,40,0.009765625,0.03950057933524774,495.0,0.120849609375,True,309561926
4,12,2,0.0,0.139088,0.0,0.0,-0.127075,0.120849609375,0.00439453125,0.00043428185114113724,3247,BARK,52,0.0126953125,0.06527299119367044,495.0,0.120849609375,True,309561926
4,12,2,0.0,0.139088,0.0,0.0,-0.127075,0.120849609375,0.00439453125,0.00043428185114113724,3247,BARK,67,0.016357421875,0.09490483583485716,495.0,0.120849609375,True,309561926
4,12,2,0.0,0.139088,0.0,0.0,-0.127075,0.120849609375,0.00439453125,0.00043428185114113724,3247,BARK,87,0.021240234375,0.15716705781807383,495.0,0.120849609375,True,309561926
4,12,2,0.0,0.139088,0.0,0.0,-0.127075,0.120849609375,0.00439453125,0.00043428185114113724,3247,BARK,114,0.02783203125,0.18713087442111706,495.0,0.120849609375,True,309561926
4,12,2,0.0,0.139088,0.0,0.0,-0.127075,0.120849609375,0.00439453125,0.00043428185114113724,3247,BARK,148,0.0361328125,0.2311041858419889,495.0,0.120849609375,True,309561926
4,12,2,0.0,0.139088,0.0,0.0,-0.127075,0.120849609375,0.00439453125,0.00043428185114113724,3247,BARK,192,0.046875,0.35218962608486004,495.0,0.120849609375,True,309561926
4,12,2,0.0,0.139088,0.0,0.0,-0.127075,0.120849609375,0.00439453125,0.00043428185114113724,3247,BARK,250,0.06103515625,0.5193414098735891,495.0,0.120849609375,True,309561926
4,12,2,0.0,0.139088,0.0,0.0,-0.127075,0.120849609375,0.00439453125,0.00043428185114113724,3247,BARK,325,0.079345703125,0.6851947210821736,495.0,0.120849609375,True,309561926
4,12,2,0.0,0.139088,0.0,0.0,-0.127075,0.120849609375,0.00439453125,0.00043428185114113724,3247,BARK,423,0.103271484375,0.9055503317782206,495.0,0.120849609375,True,309561926
4,12,2,0.0,0.139088,0.0,0.0,-0.127075,0.120849609375,0.00439453125,0.00043428185114113724,3247,BARK,550,0.13427734375,1.0,495.0,0.120849609375,True,309561926
4,12,2,0.0,0.139088,0.0,0.0,-0.127075,0.120849609375,0.00439453125,0.00043428185114113724,3247,BARK,715,0.174560546875,1.0,495.0,0.120849609375,True,309561926
4,12,2,0.0,0.139088,0.0,0.0,-0.127075,0.120849609375,0.00439453125,0.00043428185114113724,3247,BARK,931,0.227294921875,1.0,495.0,0.120849609375,True,309561926
4,12,2,0.0,0.139088,0.0,0.0,-0.127075,0.120849609375,0.00439453125,0.00043428185114113724,3247,BARK,1210,0.29541015625,1.0,495.0,0.120849609375,True,309561926
4,12,2,0.0,0.139088,0.0,0.0,-0.127075,0.120849609375,0.00439453125,0.00043428185114113724,3247,BARK,1575,0.384521484375,1.0,495.0,0.120849609375,True,309561926
4,12,2,0.0,0.139088,0.0,0.0,-0.127075,0.120849609375,0.00439453125,0.00043428185114113724,3247,BARK,2048,0.5,1.0,495.0,0.120849609375,True,309561926
4,12,2,0.0,0.139088,0.0,0.0,-0.127075,0.120849609375,0.00439453125,0.00043428185114113724,3247,Simplified BARK,1,0.000244140625,0.00043428185114113724,495.0,0.120849609375,True,309561926
4,12,2,0.0,0.139088,0.0,0.0,-0.127075,0.120849609375,0.00439453125,0.00043428185114113724,3247,Simplified BARK,2,0.00048828125,0.00048715737461895754,495.0,0.120849609375,True,309561926
4,12,2,0.0,0.139088,0.0,0.0,-0.127075,0.120849609375,0.00439453125,0.00043428185114113724,3247,Simplified BARK,3,0.000732421875,0.0006239010740683726,495.0,0.120849609375,True,309561926
4,12,2,0.0,0.139088,0.0,0.0,-0.127075,0.120849609375,0.00439453125,0.00043428185114113724,3247,Simplified BARK,4,0.0009765625,0.0009464092527468405,495.0,0.120849609375,True,309561926
4,12,2,0.0,0.139088,0.0,0.0,-0.127075,0.120849609375,0.00439453125,0.00043428185114113724,3247,Simplified BARK,5,0.001220703125,0.0015043158294082092,495.0,0.120849609375,True,309561926
4,12,2,0.0,0.139088,0.0,0.0,-0.127075,0.120849609375,0.00439453125,0.00043428185114113724,3247,Simplified BARK,6,0.00146484375,0.0018962694548018187,495.0,0.120849609375,True,309561926
4,12,2,0.0,0.139088,0.0,0.0,-0.127075,0.120849609375,0.00439453125,0.00043428185114113724,3247,Simplified BARK,8,0.001953125,0.002816005414929424,495.0,0.120849609375,True,309561926
4,12,2,0.0,0.139088,0.0,0.0,-0.127075,0.120849609375,0.00439453125,0.00043428185114113724,3247,Simplified BARK,11,0.002685546875,0.0032430726451178437,495.0,0.120849609375,True,309561926
4,12,2,0.0,0.139088,0.0,0.0,-0.127075,0.120849609375,0.00439453125,0.00043428185114113724,3247,Simplified BARK,14,0.00341796875,0.005461005346371792,495.0,0.120849609375,True,309561926
4,12,2,0.0,0.139088,0.0,0.0,-0.127075,0.120849609375,0.00439453125,0.00043428185114113724,3247,Simplified BARK,18,0.00439453125,0.008447351200242271,495.0,0.120849609375,True,309561926
4,12,2,0.0,0.139088,0.0,0.0,-0.127075,0.120849609375,0.00439453125,0.00043428185114113724,3247,Simplified BARK,23,0.005615234375,0.01223842191612716,495.0,0.120849609375,True,309561926
4,12,2,0.0,0.139088,0.0,0.0,-0.127075,0.120849609375,0.00439453125,0.00043428185114113724,3247,Simplified BARK,31,0.007568359375,0.01427354415589027,495.0,0.120849609375,True,309561926
4,12,2,0.0,0.139088,0.0,0.0,-0.127075,0.120849609375,0.00439453125,0.00043428185114113724,3247,Simplified BARK,40,0.009765625,0.028190334429626547,495.0,0.120849609375,True,309561926
4,12,2,0.0,0.139088,0.0,0.0,-0.127075,0.120849609375,0.00439453125,0.00043428185114113724,3247,Simplified BARK,52,0.0126953125,0.04114957504611476,495.0,0.120849609375,True,309561926
4,12,2,0.0,0.139088,0.0,0.0,-0.127075,0.120849609375,0.00439453125,0.00043428185114113724,3247,Simplified BARK,67,0.016357421875,0.06006420969316377,495.0,0.120849609375,True,309561926
4,12,2,0.0,0.139088,0.0,0.0,-0.127075,0.120849609375,0.00439453125,0.00043428185114113724,3247,Simplified BARK,87,0.021240234375,0.11104186015541194,495.0,0.120849609375,True,309561926
4,12,2,0.0,0.139088,0.0,0.0,-0.127075,0.120849609375,0.00439453125,0.00043428185114113724,3247,Simplified BARK,114,0.02783203125,0.16813735369426328,495.0,0.120849609375,True,309561926
4,12,2,0.0,0.139088,0.0,0.0,-0.127075,0.120849609375,0.00439453125,0.00043428185114113724,3247,Simplified BARK,148,0.0361328125,0.2219693142097299,495.0,0.120849609375,True,309561926
4,12,2,0.0,0.139088,0.0,0.0,-0.127075,0.120849609375,0.00439453125,0.00043428185114113724,3247,Simplified BARK,192,0.046875,0.29363229413163827,495.0,0.120849609375,True,309561926
4,12,2,0.0,0.139088,0.0,0.0,-0.127075,0.120849609375,0.00439453125,0.00043428185114113724,3247,Simplified BARK,250,0.06103515625,0.434807973442552,495.0,0.120849609375,True,309561926
4,12,2,0.0,0.139088,0.0,0.0,-0.127075,0.120849609375,0.00439453125,0.00043428185114113724,3247,Simplified BARK,325,0.079345703125,0.6184402042599166,495.0,0.120849609375,True,309561926
4,12,2,0.0,0.139088,0.0,0.0,-0.127075,0.120849609375,0.00439453125,0.00043428185114113724,3247,Simplified BARK,423,0.103271484375,0.872311270666805,495.0,0.120849609375,True,309561926
4,12,2,0.0,0.139088,0.0,0.0,-0.127075,0.120849609375,0.00439453125,0.00043428185114113724,3247,Simplified BARK,550,0.13427734375,1.0,495.0,0.120849609375,True,309561926
4,12,2,0.0,0.139088,0.0,0.0,-0.127075,0.120849609375,0.00439453125,0.00043428185114113724,3247,Simplified BARK,715,0.174560546875,1.0,495.0,0.120849609375,True,309561926
4,12,2,0.0,0.139088,0.0,0.0,-0.127075,0.120849609375,0.00439453125,0.00043428185114113724,3247,Simplified BARK,931,0.227294921875,1.0,495.0,0.120849609375,True,309561926
4,12,2,0.0,0.139088,0.0,0.0,-0.127075,0.120849609375,0.00439453125,0.00043428185114113724,3247,Simplified BARK,1210,0.29541015625,1.0,495.0,0.120849609375,True,309561926
4,12,2,0.0,0.139088,0.0,0.0,-0.127075,0.120849609375,0.00439453125,0.00043428185114113724,3247,Simplified BARK,1575,0.384521484375,1.0,495.0,0.120849609375,True,309561926
4,12,2,0.0,0.139088,0.0,0.0,-0.127075,0.120849609375,0.00439453125,0.00043428185114113724,3247,Simplified BARK,2048,0.5,1.0,495.0,0.120849609375,True,309561926
4,12,2,0.0,0.139088,0.0,0.0,-0.127075,0.120849609375,0.00439453125,0.00043428185114113724,3247,SKQD,1,0.000244140625,0.00043428185114113724,485.6666666666667,0.11857096354166667,True,309561926
4,12,2,0.0,0.139088,0.0,0.0,-0.127075,0.120849609375,0.00439453125,0.00043428185114113724,3247,SKQD,2,0.00048828125,0.00043428185114113724,485.6666666666667,0.11857096354166667,True,309561926
4,12,2,0.0,0.139088,0.0,0.0,-0.127075,0.120849609375,0.00439453125,0.00043428185114113724,3247,SKQD,3,0.000732421875,0.00043428185114113724,485.6666666666667,0.11857096354166667,True,309561926
4,12,2,0.0,0.139088,0.0,0.0,-0.127075,0.120849609375,0.00439453125,0.00043428185114113724,3247,SKQD,4,0.0009765625,0.00043428185114113724,485.6666666666667,0.11857096354166667,True,309561926
4,12,2,0.0,0.139088,0.0,0.0,-0.127075,0.120849609375,0.00439453125,0.00043428185114113724,3247,SKQD,5,0.001220703125,0.00043428185114113724,485.6666666666667,0.11857096354166667,True,309561926
4,12,2,0.0,0.139088,0.0,0.0,-0.127075,0.120849609375,0.00439453125,0.00043428185114113724,3247,SKQD,6,0.00146484375,0.00043428185114113724,485.6666666666667,0.11857096354166667,True,309561926
4,12,2,0.0,0.139088,0.0,0.0,-0.127075,0.120849609375,0.00439453125,0.00043428185114113724,3247,SKQD,8,0.001953125,0.00043428185114113724,485.6666666666667,0.11857096354166667,True,309561926
4,12,2,0.0,0.139088,0.0,0.0,-0.127075,0.120849609375,0.00439453125,0.00043428185114113724,3247,SKQD,11,0.002685546875,0.00043428185114113724,485.6666666666667,0.11857096354166667,True,309561926
4,12,2,0.0,0.139088,0.0,0.0,-0.127075,0.120849609375,0.00439453125,0.00043428185114113724,3247,SKQD,14,0.00341796875,0.00043428185114113724,485.6666666666667,0.11857096354166667,True,309561926
4,12,2,0.0,0.139088,0.0,0.0,-0.127075,0.120849609375,0.00439453125,0.00043428185114113724,3247,SKQD,18,0.00439453125,0.00043428185114113724,485.6666666666667,0.11857096354166667,True,309561926
4,12,2,0.0,0.139088,0.0,0.0,-0.127075,0.120849609375,0.00439453125,0.00043428185114113724,3247,SKQD,23,0.005615234375,0.00043428185114113724,485.6666666666667,0.11857096354166667,True,309561926
4,12,2,0.0,0.139088,0.0,0.0,-0.127075,0.120849609375,0.00439453125,0.00043428185114113724,3247,SKQD,31,0.007568359375,0.00043428185114113724,485.6666666666667,0.11857096354166667,True,309561926
4,12,2,0.0,0.139088,0.0,0.0,-0.127075,0.120849609375,0.00439453125,0.00043428185114113724,3247,SKQD,40,0.009765625,0.00043428185114113724,485.6666666666667,0.11857096354166667,True,309561926
4,12,2,0.0,0.139088,0.0,0.0,-0.127075,0.120849609375,0.00439453125,0.00043428185114113724,3247,SKQD,52,0.0126953125,0.00043428185114113724,485.6666666666667,0.11857096354166667,True,309561926
4,12,2,0.0,0.139088,0.0,0.0,-0.127075,0.120849609375,0.00439453125,0.00043428185114113724,3247,SKQD,67,0.016357421875,0.011526861506131822,485.6666666666667,0.11857096354166667,True,309561926
4,12,2,0.0,0.139088,0.0,0.0,-0.127075,0.120849609375,0.00439453125,0.00043428185114113724,3247,SKQD,87,0.021240234375,0.036627378601209265,485.6666666666667,0.11857096354166667,True,309561926
4,12,2,0.0,0.139088,0.0,0.0,-0.127075,0.120849609375,0.00439453125,0.00043428185114113724,3247,SKQD,114,0.02783203125,0.036627378601209265,485.6666666666667,0.11857096354166667,True,309561926
4,12,2,0.0,0.139088,0.0,0.0,-0.127075,0.120849609375,0.00439453125,0.00043428185114113724,3247,SKQD,148,0.0361328125,0.06402155920976708,485.6666666666667,0.11857096354166667,True,309561926
4,12,2,0.0,0.139088,0.0,0.0,-0.127075,0.120849609375,0.00439453125,0.00043428185114113724,3247,SKQD,192,0.046875,0.08691248050848387,485.6666666666667,0.11857096354166667,True,309561926
4,12,2,0.0,0.139088,0.0,0.0,-0.127075,0.120849609375,0.00439453125,0.00043428185114113724,3247,SKQD,250,0.06103515625,0.25487332413102487,485.6666666666667,0.11857096354166667,True,309561926
4,12,2,0.0,0.139088,0.0,0.0,-0.127075,0.120849609375,0.00439453125,0.00043428185114113724,3247,SKQD,325,0.079345703125,0.4569812600802709,485.6666666666667,0.11857096354166667,True,309561926
4,12,2,0.0,0.139088,0.0,0.0,-0.127075,0.120849609375,0.00439453125,0.00043428185114113724,3247,SKQD,423,0.103271484375,0.76880393324937,485.6666666666667,0.11857096354166667,True,309561926
4,12,2,0.0,0.139088,0.0,0.0,-0.127075,0.120849609375,0.00439453125,0.00043428185114113724,3247,SKQD,550,0.13427734375,0.9711513814764148,485.6666666666667,0.11857096354166667,True,309561926
4,12,2,0.0,0.139088,0.0,0.0,-0.127075,0.120849609375,0.00439453125,0.00043428185114113724,3247,SKQD,715,0.174560546875,0.9711513814764148,485.6666666666667,0.11857096354166667,True,309561926
4,12,2,0.0,0.139088,0.0,0.0,-0.127075,0.120849609375,0.00439453125,0.00043428185114113724,3247,SKQD,931,0.227294921875,0.9711513814764148,485.6666666666667,0.11857096354166667,True,309561926
4,12,2,0.0,0.139088,0.0,0.0,-0.127075,0.120849609375,0.00439453125,0.00043428185114113724,3247,SKQD,1210,0.29541015625,0.9711513814764148,485.6666666666667,0.11857096354166667,True,309561926
4,12,2,0.0,0.139088,0.0,0.0,-0.127075,0.120849609375,0.00439453125,0.00043428185114113724,3247,SKQD,1575,0.384521484375,0.9711513814764148,485.6666666666667,0.11857096354166667,True,309561926
4,12,2,0.0,0.139088,0.0,0.0,-0.127075,0.120849609375,0.00439453125,0.00043428185114113724,3247,SKQD,2048,0.5,0.9711513814764148,485.6666666666667,0.11857096354166667,True,309561926
4,12,2,0.0,0.139088,0.0,0.0,-0.127075,0.120849609375,0.00439453125,0.00043428185114113724,3247,Ceiling,1,0.000244140625,0.00936801142702854,2048.0,0.5,False,309561926
4,12,2,0.0,0.139088,0.0,0.0,-0.127075,0.120849609375,0.00439453125,0.00043428185114113724,3247,Ceiling,2,0.00048828125,0.018736022854057073,2048.0,0.5,False,309561926
4,12,2,0.0,0.139088,0.0,0.0,-0.127075,0.120849609375,0.00439453125,0.00043428185114113724,3247,Ceiling,3,0.000732421875,0.02634960522854084,2048.0,0.5,False,309561926
4,12,2,0.0,0.139088,0.0,0.0,-0.127075,0.120849609375,0.00439453125,0.00043428185114113724,3247,Ceiling,4,0.0009765625,0.033963187603024594,2048.0,0.5,False,309561926
4,12,2,0.0,0.139088,0.0,0.0,-0.127075,0.120849609375,0.00439453125,0.00043428185114113724,3247,Ceiling,5,0.001220703125,0.040545768722875276,2048.0,0.5,False,309561926
4,12,2,0.0,0.139088,0.0,0.0,-0.127075,0.120849609375,0.00439453125,0.00043428185114113724,3247,Ceiling,6,0.00146484375,0.04712834984272596,2048.0,0.5,False,309561926
4,12,2,0.0,0.139088,0.0,0.0,-0.127075,0.120849609375,0.00439453125,0.00043428185114113724,3247,Ceiling,8,0.001953125,0.0602935120824273,2048.0,0.5,False,309561926
4,12,2,0.0,0.139088,0.0,0.0,-0.127075,0.120849609375,0.00439453125,0.00043428185114113724,3247,Ceiling,11,0.002685546875,0.07899839720759264,2048.0,0.5,False,309561926
4,12,2,0.0,0.139088,0.0,0.0,-0.127075,0.120849609375,0.00439453125,0.00043428185114113724,3247,Ceiling,14,0.00341796875,0.09770188809038133,2048.0,0.5,False,309561926
4,12,2,0.0,0.139088,0.0,0.0,-0.127075,0.120849609375,0.00439453125,0.00043428185114113724,3247,Ceiling,18,0.00439453125,0.1224644321907021,2048.0,0.5,False,309561926
4,12,2,0.0,0.139088,0.0,0.0,-0.127075,0.120849609375,0.00439453125,0.00043428185114113724,3247,Ceiling,23,0.005615234375,0.15267085561054033,2048.0,0.5,False,309561926
4,12,2,0.0,0.139088,0.0,0.0,-0.127075,0.120849609375,0.00439453125,0.00043428185114113724,3247,Ceiling,31,0.007568359375,0.19744872642075187,2048.0,0.5,False,309561926
4,12,2,0.0,0.139088,0.0,0.0,-0.127075,0.120849609375,0.00439453125,0.00043428185114113724,3247,Ceiling,40,0.009765625,0.24310206687521457,2048.0,0.5,False,309561926
4,12,2,0.0,0.139088,0.0,0.0,-0.127075,0.120849609375,0.00439453125,0.00043428185114113724,3247,Ceiling,52,0.0126953125,0.29600915140896655,2048.0,0.5,False,309561926
4,12,2,0.0,0.139088,0.0,0.0,-0.127075,0.120849609375,0.00439453125,0.00043428185114113724,3247,Ceiling,67,0.016357421875,0.35722166078064205,2048.0,0.5,False,309561926
4,12,2,0.0,0.139088,0.0,0.0,-0.127075,0.120849609375,0.00439453125,0.00043428185114113724,3247,Ceiling,87,0.021240234375,0.4255910074165923,2048.0,0.5,False,309561926
4,12,2,0.0,0.139088,0.0,0.0,-0.127075,0.120849609375,0.00439453125,0.00043428185114113724,3247,Ceiling,114,0.02783203125,0.5069304390969918,2048.0,0.5,False,309561926
4,12,2,0.0,0.139088,0.0,0.0,-0.127075,0.120849609375,0.00439453125,0.00043428185114113724,3247,Ceiling,148,0.0361328125,0.5972862225822726,2048.0,0.5,False,309561926
4,12,2,0.0,0.139088,0.0,0.0,-0.127075,0.120849609375,0.00439453125,0.00043428185114113724,3247,Ceiling,192,0.046875,0.6978663474001108,2048.0,0.5,False,309561926
4,12,2,0.0,0.139088,0.0,0.0,-0.127075,0.120849609375,0.00439453125,0.00043428185114113724,3247,Ceiling,250,0.06103515625,0.8093169919742402,2048.0,0.5,False,309561926
4,12,2,0.0,0.139088,0.0,0.0,-0.127075,0.120849609375,0.00439453125,0.00043428185114113724,3247,Ceiling,325,0.079345703125,0.9069763089013392,2048.0,0.5,False,309561926
4,12,2,0.0,0.139088,0.0,0.0,-0.127075,0.120849609375,0.00439453125,0.00043428185114113724,3247,Ceiling,423,0.103271484375,0.98104207908343,2048.0,0.5,False,309561926
4,12,2,0.0,0.139088,0.0,0.0,-0.127075,0.120849609375,0.00439453125,0.00043428185114113724,3247,Ceiling,550,0.13427734375,0.9999999999999988,2048.0,0.5,False,309561926
4,12,2,0.0,0.139088,0.0,0.0,-0.127075,0.120849609375,0.00439453125,0.00043428185114113724,3247,Ceiling,715,0.174560546875,0.9999999999999988,2048.0,0.5,False,309561926
4,12,2,0.0,0.139088,0.0,0.0,-0.127075,0.120849609375,0.00439453125,0.00043428185114113724,3247,Ceiling,931,0.227294921875,0.9999999999999988,2048.0,0.5,False,309561926
4,12,2,0.0,0.139088,0.0,0.0,-0.127075,0.120849609375,0.00439453125,0.00043428185114113724,3247,Ceiling,1210,0.29541015625,0.9999999999999988,2048.0,0.5,False,309561926
4,12,2,0.0,0.139088,0.0,0.0,-0.127075,0.120849609375,0.00439453125,0.00043428185114113724,3247,Ceiling,1575,0.384521484375,0.9999999999999988,2048.0,0.5,False,309561926
4,12,2,0.0,0.139088,0.0,0.0,-0.127075,0.120849609375,0.00439453125,0.00043428185114113724,3247,Ceiling,2048,0.5,0.9999999999999988,2048.0,0.5,False,309561926
4,12,2,0.0,0.139088,0.0,0.0,-0.127075,0.120849609375,0.00439453125,0.0023701762415092426,987,BARK,1,0.000244140625,0.0023701762415092426,495.0,0.120849609375,True,309561926
4,12,2,0.0,0.139088,0.0,0.0,-0.127075,0.120849609375,0.00439453125,0.0023701762415092426,987,BARK,2,0.00048828125,0.0029810223860336294,495.0,0.120849609375,True,309561926
4,12,2,0.0,0.139088,0.0,0.0,-0.127075,0.120849609375,0.00439453125,0.0023701762415092426,987,BARK,3,0.000732421875,0.0027626073199201674,495.0,0.120849609375,True,309561926
4,12,2,0.0,0.139088,0.0,0.0,-0.127075,0.120849609375,0.00439453125,0.0023701762415092426,987,BARK,4,0.0009765625,0.0036715803654282357,495.0,0.120849609375,True,309561926
4,12,2,0.0,0.139088,0.0,0.0,-0.127075,0.120849609375,0.00439453125,0.0023701762415092426,987,BARK,5,0.001220703125,0.004031583424340374,495.0,0.120849609375,True,309561926
4,12,2,0.0,0.139088,0.0,0.0,-0.127075,0.120849609375,0.00439453125,0.0023701762415092426,987,BARK,6,0.00146484375,0.005353987724831562,495.0,0.120849609375,True,309561926
4,12,2,0.0,0.139088,0.0,0.0,-0.127075,0.120849609375,0.00439453125,0.0023701762415092426,987,BARK,8,0.001953125,0.005169421541998441,495.0,0.120849609375,True,309561926
4,12,2,0.0,0.139088,0.0,0.0,-0.127075,0.120849609375,0.00439453125,0.0023701762415092426,987,BARK,11,0.002685546875,0.006417941145698916,495.0,0.120849609375,True,309561926
4,12,2,0.0,0.139088,0.0,0.0,-0.127075,0.120849609375,0.00439453125,0.0023701762415092426,987,BARK,14,0.00341796875,0.01055660142780323,495.0,0.120849609375,True,309561926
4,12,2,0.0,0.139088,0.0,0.0,-0.127075,0.120849609375,0.00439453125,0.0023701762415092426,987,BARK,18,0.00439453125,0.014077229576717134,495.0,0.120849609375,True,309561926
4,12,2,0.0,0.139088,0.0,0.0,-0.127075,0.120849609375,0.00439453125,0.0023701762415092426,987,BARK,23,0.005615234375,0.021997016943113304,495.0,0.120849609375,True,309561926
4,12,2,0.0,0.139088,0.0,0.0,-0.127075,0.120849609375,0.00439453125,0.0023701762415092426,987,BARK,31,0.007568359375,0.040713926651829234,495.0,0.120849609375,True,309561926
4,12,2,0.0,0.139088,0.0,0.0,-0.127075,0.120849609375,0.00439453125,0.0023701762415092426,987,BARK,40,0.009765625,0.05080228816582841,495.0,0.120849609375,True,309561926
4,12,2,0.0,0.139088,0.0,0.0,-0.127075,0.120849609375,0.00439453125,0.0023701762415092426,987,BARK,52,0.0126953125,0.06158428004079737,495.0,0.120849609375,True,309561926
4,12,2,0.0,0.139088,0.0,0.0,-0.127075,0.120849609375,0.00439453125,0.0023701762415092426,987,BARK,67,0.016357421875,0.10167965043739614,495.0,0.120849609375,True,309561926
4,12,2,0.0,0.139088,0.0,0.0,-0.127075,0.120849609375,0.00439453125,0.0023701762415092426,987,BARK,87,0.021240234375,0.15781564610613424,495.0,0.120849609375,True,309561926
4,12,2,0.0,0.139088,0.0,0.0,-0.127075,0.120849609375,0.00439453125,0.0023701762415092426,987,BARK,114,0.02783203125,0.20512782907251226,495.0,0.120849609375,True,309561926
4,12,2,0.0,0.139088,0.0,0.0,-0.127075,0.120849609375,0.00439453125,0.0023701762415092426,987,BARK,148,0.0361328125,0.2181951786577952,495.0,0.120849609375,True,309561926
4,12,2,0.0,0.139088,0.0,0.0,-0.127075,0.120849609375,0.00439453125,0.0023701762415092426,987,BARK,192,0.046875,0.3323039972361678,495.0,0.120849609375,True,309561926
4,12,2,0.0,0.139088,0.0,0.0,-0.127075,0.120849609375,0.00439453125,0.0023701762415092426,987,BARK,250,0.06103515625,0.48871704781803127,495.0,0.120849609375,True,309561926
4,12,2,0.0,0.139088,0.0,0.0,-0.127075,0.120849609375,0.00439453125,0.0023701762415092426,987,BARK,325,0.079345703125,0.6951076690940539,495.0,0.120849609375,True,309561926
4,12,2,0.0,0.139088,0.0,0.0,-0.127075,0.120849609375,0.00439453125,0.0023701762415092426,987,BARK,423,0.103271484375,0.9194238224487178,495.0,0.120849609375,True,309561926
4,12,2,0.0,0.139088,0.0,0.0,-0.127075,0.120849609375,0.00439453125,0.0023701762415092426,987,BARK,550,0.13427734375,1.0000000000000004,495.0,0.120849609375,True,309561926
4,12,2,0.0,0.139088,0.0,0.0,-0.127075,0.120849609375,0.00439453125,0.0023701762415092426,987,BARK,715,0.174560546875,1.0000000000000004,495.0,0.120849609375,True,309561926
4,12,2,0.0,0.139088,0.0,0.0,-0.127075,0.120849609375,0.00439453125,0.0023701762415092426,987,BARK,931,0.227294921875,1.0000000000000004,495.0,0.120849609375,True,309561926
4,12,2,0.0,0.139088,0.0,0.0,-0.127075,0.120849609375,0.00439453125,0.0023701762415092426,987,BARK,1210,0.29541015625,1.0000000000000004,495.0,0.120849609375,True,309561926
4,12,2,0.0,0.139088,0.0,0.0,-0.127075,0.120849609375,0.00439453125,0.0023701762415092426,987,BARK,1575,0.384521484375,1.0000000000000004,495.0,0.120849609375,True,309561926
4,12,2,0.0,0.139088,0.0,0.0,-0.127075,0.120849609375,0.00439453125,0.0023701762415092426,987,BARK,2048,0.5,1.0000000000000004,495.0,0.120849609375,True,309561926
4,12,2,0.0,0.139088,0.0,0.0,-0.127075,0.120849609375,0.00439453125,0.0023701762415092426,987,Simplified BARK,1,0.000244140625,0.0023701762415092426,495.0,0.120849609375,True,309561926
4,12,2,0.0,0.139088,0.0,0.0,-0.127075,0.120849609375,0.00439453125,0.0023701762415092426,987,Simplified BARK,2,0.00048828125,0.0029810223860336294,495.0,0.120849609375,True,309561926
4,12,2,0.0,0.139088,0.0,0.0,-0.127075,0.120849609375,0.00439453125,0.0023701762415092426,987,Simplified BARK,3,0.000732421875,0.0027626073199201674,495.0,0.120849609375,True,309561926
4,12,2,0.0,0.139088,0.0,0.0,-0.127075,0.120849609375,0.00439453125,0.0023701762415092426,987,Simplified BARK,4,0.0009765625,0.002380808547976548,495.0,0.120849609375,True,309561926
4,12,2,0.0,0.139088,0.0,0.0,-0.127075,0.120849609375,0.00439453125,0.0023701762415092426,987,Simplified BARK,5,0.001220703125,0.002504728853533369,495.0,0.120849609375,True,309561926
4,12,2,0.0,0.139088,0.0,0.0,-0.127075,0.120849609375,0.00439453125,0.0023701762415092426,987,Simplified BARK,6,0.00146484375,0.0029791159990533458,495.0,0.120849609375,True,309561926
4,12,2,0.0,0.139088,0.0,0.0,-0.127075,0.120849609375,0.00439453125,0.0023701762415092426,987,Simplified BARK,8,0.001953125,0.0032566492652026115,495.0,0.120849609375,True,309561926
4,12,2,0.0,0.139088,0.0,0.0,-0.127075,0.120849609375,0.00439453125,0.0023701762415092426,987,Simplified BARK,11,0.002685546875,0.0056892569998122375,495.0,0.120849609375,True,309561926
4,12,2,0.0,0.139088,0.0,0.0,-0.127075,0.120849609375,0.00439453125,0.0023701762415092426,987,Simplified BARK,14,0.00341796875,0.007600973324255984,495.0,0.120849609375,True,309561926
4,12,2,0.0,0.139088,0.0,0.0,-0.127075,0.120849609375,0.00439453125,0.0023701762415092426,987,Simplified BARK,18,0.00439453125,0.012295644254716995,495.0,0.120849609375,True,309561926
4,12,2,0.0,0.139088,0.0,0.0,-0.127075,0.120849609375,0.00439453125,0.0023701762415092426,987,Simplified BARK,23,0.005615234375,0.012755978034562741,495.0,0.120849609375,True,309561926
4,12,2,0.0,0.139088,0.0,0.0,-0.127075,0.120849609375,0.00439453125,0.0023701762415092426,987,Simplified BARK,31,0.007568359375,0.017505778399439634,495.0,0.120849609375,True,309561926
4,12,2,0.0,0.139088,0.0,0.0,-0.127075,0.120849609375,0.00439453125,0.0023701762415092426,987,Simplified BARK,40,0.009765625,0.0338955129057594,495.0,0.120849609375,True,309561926
4,12,2,0.0,0.139088,0.0,0.0,-0.127075,0.120849609375,0.00439453125,0.0023701762415092426,987,Simplified BARK,52,0.0126953125,0.04380227202409397,495.0,0.120849609375,True,309561926
4,12,2,0.0,0.139088,0.0,0.0,-0.127075,0.120849609375,0.00439453125,0.0023701762415092426,987,Simplified BARK,67,0.016357421875,0.06716195785509348,495.0,0.120849609375,True,309561926
4,12,2,0.0,0.139088,0.0,0.0,-0.127075,0.120849609375,0.00439453125,0.0023701762415092426,987,Simplified BARK,87,0.021240234375,0.11271132756953957,495.0,0.120849609375,True,309561926
4,12,2,0.0,0.139088,0.0,0.0,-0.127075,0.120849609375,0.00439453125,0.0023701762415092426,987,Simplified BARK,114,0.02783203125,0.16841559467296152,495.0,0.120849609375,True,309561926
4,12,2,0.0,0.139088,0.0,0.0,-0.127075,0.120849609375,0.00439453125,0.0023701762415092426,987,Simplified BARK,148,0.0361328125,0.2326316186970667,495.0,0.120849609375,True,309561926
4,12,2,0.0,0.139088,0.0,0.0,-0.127075,0.120849609375,0.00439453125,0.0023701762415092426,987,Simplified BARK,192,0.046875,0.29563591400473305,495.0,0.120849609375,True,309561926
4,12,2,0.0,0.139088,0.0,0.0,-0.127075,0.120849609375,0.00439453125,0.0023701762415092426,987,Simplified BARK,250,0.06103515625,0.4382425815767407,495.0,0.120849609375,True,309561926
4,12,2,0.0,0.139088,0.0,0.0,-0.127075,0.120849609375,0.00439453125,0.0023701762415092426,987,Simplified BARK,325,0.079345703125,0.6184402042599166,495.0,0.120849609375,True,309561926
4,12,2,0.0,0.139088,0.0,0.0,-0.127075,0.120849609375,0.00439453125,0.0023701762415092426,987,Simplified BARK,423,0.103271484375,0.8723112706668048,495.0,0.120849609375,True,309561926
4,12,2,0.0,0.139088,0.0,0.0,-0.127075,0.120849609375,0.00439453125,0.0023701762415092426,987,Simplified BARK,550,0.13427734375,1.0,495.0,0.120849609375,True,309561926
4,12,2,0.0,0.139088,0.0,0.0,-0.127075,0.120849609375,0.00439453125,0.0023701762415092426,987,Simplified BARK,715,0.174560546875,1.0,495.0,0.120849609375,True,309561926
4,12,2,0.0,0.139088,0.0,0.0,-0.127075,0.120849609375,0.00439453125,0.0023701762415092426,987,Simplified BARK,931,0.227294921875,1.0,495.0,0.120849609375,True,309561926
4,12,2,0.0,0.139088,0.0,0.0,-0.127075,0.120849609375,0.00439453125,0.0023701762415092426,987,Simplified BARK,1210,0.29541015625,1.0,495.0,0.120849609375,True,309561926
4,12,2,0.0,0.139088,0.0,0.0,-0.127075,0.120849609375,0.00439453125,0.0023701762415092426,987,Simplified BARK,1575,0.384521484375,1.0,495.0,0.120849609375,True,309561926
4,12,2,0.0,0.139088,0.0,0.0,-0.127075,0.120849609375,0.00439453125,0.0023701762415092426,987,Simplified BARK,2048,0.5,1.0,495.0,0.120849609375,True,309561926
4,12,2,0.0,0.139088,0.0,0.0,-0.127075,0.120849609375,0.00439453125,0.0023701762415092426,987,SKQD,1,0.000244140625,0.0023701762415092426,481.3333333333333,0.11751302083333333,True,309561926
4,12,2,0.0,0.139088,0.0,0.0,-0.127075,0.120849609375,0.00439453125,0.0023701762415092426,987,SKQD,2,0.00048828125,0.0023701762415092426,481.3333333333333,0.11751302083333333,True,309561926
4,12,2,0.0,0.139088,0.0,0.0,-0.127075,0.120849609375,0.00439453125,0.0023701762415092426,987,SKQD,3,0.000732421875,0.0023701762415092426,481.3333333333333,0.11751302083333333,True,309561926
4,12,2,0.0,0.139088,0.0,0.0,-0.127075,0.120849609375,0.00439453125,0.0023701762415092426,987,SKQD,4,0.0009765625,0.0023701762415092426,481.3333333333333,0.11751302083333333,True,309561926
4,12,2,0.0,0.139088,0.0,0.0,-0.127075,0.120849609375,0.00439453125,0.0023701762415092426,987,SKQD,5,0.001220703125,0.0023701762415092426,481.3333333333333,0.11751302083333333,True,309561926
4,12,2,0.0,0.139088,0.0,0.0,-0.127075,0.120849609375,0.00439453125,0.0023701762415092426,987,SKQD,6,0.00146484375,0.0023701762415092426,481.3333333333333,0.11751302083333333,True,309561926
4,12,2,0.0,0.139088,0.0,0.0,-0.127075,0.120849609375,0.00439453125,0.0023701762415092426,987,SKQD,8,0.001953125,0.0023701762415092426,481.3333333333333,0.11751302083333333,True,309561926
4,12,2,0.0,0.139088,0.0,0.0,-0.127075,0.120849609375,0.00439453125,0.0023701762415092426,987,SKQD,11,0.002685546875,0.0023701762415092426,481.3333333333333,0.11751302083333333,True,309561926
4,12,2,0.0,0.139088,0.0,0.0,-0.127075,0.120849609375,0.00439453125,0.0023701762415092426,987,SKQD,14,0.00341796875,0.0023701762415092426,481.3333333333333,0.11751302083333333,True,309561926
4,12,2,0.0,0.139088,0.0,0.0,-0.127075,0.120849609375,0.00439453125,0.0023701762415092426,987,SKQD,18,0.00439453125,0.0023701762415092426,481.3333333333333,0.11751302083333333,True,309561926
4,12,2,0.0,0.139088,0.0,0.0,-0.127075,0.120849609375,0.00439453125,0.0023701762415092426,987,SKQD,23,0.005615234375,0.0023701762415092426,481.3333333333333,0.11751302083333333,True,309561926
4,12,2,0.0,0.139088,0.0,0.0,-0.127075,0.120849609375,0.00439453125,0.0023701762415092426,987,SKQD,31,0.007568359375,0.0023701762415092426,481.3333333333333,0.11751302083333333,True,309561926
4,12,2,0.0,0.139088,0.0,0.0,-0.127075,0.120849609375,0.00439453125,0.0023701762415092426,987,SKQD,40,0.009765625,0.0023701762415092426,481.3333333333333,0.11751302083333333,True,309561926
4,12,2,0.0,0.139088,0.0,0.0,-0.127075,0.120849609375,0.00439453125,0.0023701762415092426,987,SKQD,52,0.0126953125,0.0023701762415092426,481.3333333333333,0.11751302083333333,True,309561926
4,12,2,0.0,0.139088,0.0,0.0,-0.127075,0.120849609375,0.00439453125,0.0023701762415092426,987,SKQD,67,0.016357421875,0.0023701762415092426,481.3333333333333,0.11751302083333333,True,309561926
4,12,2,0.0,0.139088,0.0,0.0,-0.127075,0.120849609375,0.00439453125,0.0023701762415092426,987,SKQD,87,0.021240234375,0.06250141060258281,481.3333333333333,0.11751302083333333,True,309561926
4,12,2,0.0,0.139088,0.0,0.0,-0.127075,0.120849609375,0.00439453125,0.0023701762415092426,987,SKQD,114,0.02783203125,0.06250141060258281,481.3333333333333,0.11751302083333333,True,309561926
4,12,2,0.0,0.139088,0.0,0.0,-0.127075,0.120849609375,0.00439453125,0.0023701762415092426,987,SKQD,148,0.0361328125,0.12317259642086638,481.3333333333333,0.11751302083333333,True,309561926
4,12,2,0.0,0.139088,0.0,0.0,-0.127075,0.120849609375,0.00439453125,0.0023701762415092426,987,SKQD,192,0.046875,0.13569751733815788,481.3333333333333,0.11751302083333333,True,309561926
4,12,2,0.0,0.139088,0.0,0.0,-0.127075,0.120849609375,0.00439453125,0.0023701762415092426,987,SKQD,250,0.06103515625,0.25918097235111487,481.3333333333333,0.11751302083333333,True,309561926
4,12,2,0.0,0.139088,0.0,0.0,-0.127075,0.120849609375,0.00439453125,0.0023701762415092426,987,SKQD,325,0.079345703125,0.46609116652498933,481.3333333333333,0.11751302083333333,True,309561926
4,12,2,0.0,0.139088,0.0,0.0,-0.127075,0.120849609375,0.00439453125,0.0023701762415092426,987,SKQD,423,0.103271484375,0.7600564772762081,481.3333333333333,0.11751302083333333,True,309561926
4,12,2,0.0,0.139088,0.0,0.0,-0.127075,0.120849609375,0.00439453125,0.0023701762415092426,987,SKQD,550,0.13427734375,0.9649804351956476,481.3333333333333,0.11751302083333333,True,309561926
4,12,2,0.0,0.139088,0.0,0.0,-0.127075,0.120849609375,0.00439453125,0.0023701762415092426,987,SKQD,715,0.174560546875,0.9649804351956476,481.3333333333333,0.11751302083333333,True,309561926
4,12,2,0.0,0.139088,0.0,0.0,-0.127075,0.120849609375,0.00439453125,0.0023701762415092426,987,SKQD,931,0.227294921875,0.9649804351956476,481.3333333333333,0.11751302083333333,True,309561926
4,12,2,0.0,0.139088,0.0,0.0,-0.127075,0.120849609375,0.00439453125,0.0023701762415092426,987,SKQD,1210,0.29541015625,0.9649804351956476,481.3333333333333,0.11751302083333333,True,309561926
4,12,2,0.0,0.139088,0.0,0.0,-0.127075,0.120849609375,0.00439453125,0.0023701762415092426,987,SKQD,1575,0.384521484375,0.9649804351956476,481.3333333333333,0.11751302083333333,True,309561926
4,12,2,0.0,0.139088,0.0,0.0,-0.127075,0.120849609375,0.00439453125,0.0023701762415092426,987,SKQD,2048,0.5,0.9649804351956476,481.3333333333333,0.11751302083333333,True,309561926
4,12,2,0.0,0.139088,0.0,0.0,-0.127075,0.120849609375,0.00439453125,0.0023701762415092426,987,Ceiling,1,0.000244140625,0.00936801142702854,2048.0,0.5,False,309561926
4,12,2,0.0,0.139088,0.0,0.0,-0.127075,0.120849609375,0.00439453125,0.0023701762415092426,987,Ceiling,2,0.00048828125,0.018736022854057073,2048.0,0.5,False,309561926
4,12,2,0.0,0.139088,0.0,0.0,-0.127075,0.120849609375,0.00439453125,0.0023701762415092426,987,Ceiling,3,0.000732421875,0.02634960522854084,2048.0,0.5,False,309561926
4,12,2,0.0,0.139088,0.0,0.0,-0.127075,0.120849609375,0.00439453125,0.0023701762415092426,987,Ceiling,4,0.0009765625,0.033963187603024594,2048.0,0.5,False,309561926
4,12,2,0.0,0.139088,0.0,0.0,-0.127075,0.120849609375,0.00439453125,0.0023701762415092426,987,Ceiling,5,0.001220703125,0.040545768722875276,2048.0,0.5,False,309561926
4,12,2,0.0,0.139088,0.0,0.0,-0.127075,0.120849609375,0.00439453125,0.0023701762415092426,987,Ceiling,6,0.00146484375,0.04712834984272596,2048.0,0.5,False,309561926
4,12,2,0.0,0.139088,0.0,0.0,-0.127075,0.120849609375,0.00439453125,0.0023701762415092426,987,Ceiling,8,0.001953125,0.0602935120824273,2048.0,0.5,False,309561926
4,12,2,0.0,0.139088,0.0,0.0,-0.127075,0.120849609375,0.00439453125,0.0023701762415092426,987,Ceiling,11,0.002685546875,0.07899839720759264,2048.0,0.5,False,309561926
4,12,2,0.0,0.139088,0.0,0.0,-0.127075,0.120849609375,0.00439453125,0.0023701762415092426,987,Ceiling,14,0.00341796875,0.09770188809038133,2048.0,0.5,False,309561926
4,12,2,0.0,0.139088,0.0,0.0,-0.127075,0.120849609375,0.00439453125,0.0023701762415092426,987,Ceiling,18,0.00439453125,0.1224644321907021,2048.0,0.5,False,309561926
4,12,2,0.0,0.139088,0.0,0.0,-0.127075,0.120849609375,0.00439453125,0.0023701762415092426,987,Ceiling,23,0.005615234375,0.15267085561054033,2048.0,0.5,False,309561926
4,12,2,0.0,0.139088,0.0,0.0,-0.127075,0.120849609375,0.00439453125,0.0023701762415092426,987,Ceiling,31,0.007568359375,0.19744872642075187,2048.0,0.5,False,309561926
4,12,2,0.0,0.139088,0.0,0.0,-0.127075,0.120849609375,0.00439453125,0.0023701762415092426,987,Ceiling,40,0.009765625,0.24310206687521457,2048.0,0.5,False,309561926
4,12,2,0.0,0.139088,0.0,0.0,-0.127075,0.120849609375,0.00439453125,0.0023701762415092426,987,Ceiling,52,0.0126953125,0.29600915140896655,2048.0,0.5,False,309561926
4,12,2,0.0,0.139088,0.0,0.0,-0.127075,0.120849609375,0.00439453125,0.0023701762415092426,987,Ceiling,67,0.016357421875,0.35722166078064205,2048.0,0.5,False,309561926
4,12,2,0.0,0.139088,0.0,0.0,-0.127075,0.120849609375,0.00439453125,0.0023701762415092426,987,Ceiling,87,0.021240234375,0.4255910074165923,2048.0,0.5,False,309561926
4,12,2,0.0,0.139088,0.0,0.0,-0.127075,0.120849609375,0.00439453125,0.0023701762415092426,987,Ceiling,114,0.02783203125,0.5069304390969918,2048.0,0.5,False,309561926
4,12,2,0.0,0.139088,0.0,0.0,-0.127075,0.120849609375,0.00439453125,0.0023701762415092426,987,Ceiling,148,0.0361328125,0.5972862225822726,2048.0,0.5,False,309561926
4,12,2,0.0,0.139088,0.0,0.0,-0.127075,0.120849609375,0.00439453125,0.0023701762415092426,987,Ceiling,192,0.046875,0.6978663474001108,2048.0,0.5,False,309561926
4,12,2,0.0,0.139088,0.0,0.0,-0.127075,0.120849609375,0.00439453125,0.0023701762415092426,987,Ceiling,250,0.06103515625,0.8093169919742402,2048.0,0.5,False,309561926
4,12,2,0.0,0.139088,0.0,0.0,-0.127075,0.120849609375,0.00439453125,0.0023701762415092426,987,Ceiling,325,0.079345703125,0.9069763089013392,2048.0,0.5,False,309561926
4,12,2,0.0,0.139088,0.0,0.0,-0.127075,0.120849609375,0.00439453125,0.0023701762415092426,987,Ceiling,423,0.103271484375,0.98104207908343,2048.0,0.5,False,309561926
4,12,2,0.0,0.139088,0.0,0.0,-0.127075,0.120849609375,0.00439453125,0.0023701762415092426,987,Ceiling,550,0.13427734375,0.9999999999999988,2048.0,0.5,False,309561926
4,12,2,0.0,0.139088,0.0,0.0,-0.127075,0.120849609375,0.00439453125,0.0023701762415092426,987,Ceiling,715,0.174560546875,0.9999999999999988,2048.0,0.5,False,309561926
4,12,2,0.0,0.139088,0.0,0.0,-0.127075,0.120849609375,0.00439453125,0.0023701762415092426,987,Ceiling,931,0.227294921875,0.9999999999999988,2048.0,0.5,False,309561926
4,12,2,0.0,0.139088,0.0,0.0,-0.127075,0.120849609375,0.00439453125,0.0023701762415092426,987,Ceiling,1210,0.29541015625,0.9999999999999988,2048.0,0.5,False,309561926
4,12,2,0.0,0.139088,0.0,0.0,-0.127075,0.120849609375,0.00439453125,0.0023701762415092426,987,Ceiling,1575,0.384521484375,0.9999999999999988,2048.0,0.5,False,309561926
4,12,2,0.0,0.139088,0.0,0.0,-0.127075,0.120849609375,0.00439453125,0.0023701762415092426,987,Ceiling,2048,0.5,0.9999999999999988,2048.0,0.5,False,309561926
4,12,2,0.0,0.139088,0.0,0.0,-0.127075,0.120849609375,0.00439453125,0.0016127476365524421,3701,BARK,1,0.000244140625,0.0016127476365524421,495.0,0.120849609375,True,309561926
4,12,2,0.0,0.139088,0.0,0.0,-0.127075,0.120849609375,0.00439453125,0.0016127476365524421,3701,BARK,2,0.00048828125,0.0038788700298061887,495.0,0.120849609375,True,309561926
4,12,2,0.0,0.139088,0.0,0.0,-0.127075,0.120849609375,0.00439453125,0.0016127476365524421,3701,BARK,3,0.000732421875,0.006296812880490187,495.0,0.120849609375,True,309561926
4,12,2,0.0,0.139088,0.0,0.0,-0.127075,0.120849609375,0.00439453125,0.0016127476365524421,3701,BARK,4,0.0009765625,0.008556570078439603,495.0,0.120849609375,True,309561926
4,12,2,0.0,0.139088,0.0,0.0,-0.127075,0.120849609375,0.00439453125,0.0016127476365524421,3701,BARK,5,0.001220703125,0.00954433738734552,495.0,0.120849609375,True,309561926
4,12,2,0.0,0.139088,0.0,0.0,-0.127075,0.120849609375,0.00439453125,0.0016127476365524421,3701,BARK,6,0.00146484375,0.010315655817552208,495.0,0.120849609375,True,309561926
4,12,2,0.0,0.139088,0.0,0.0,-0.127075,0.120849609375,0.00439453125,0.0016127476365524421,3701,BARK,8,0.001953125,0.012199392103967732,495.0,0.120849609375,True,309561926
4,12,2,0.0,0.139088,0.0,0.0,-0.127075,0.120849609375,0.00439453125,0.0016127476365524421,3701,BARK,11,0.002685546875,0.018444628345844642,495.0,0.120849609375,True,309561926
4,12,2,0.0,0.139088,0.0,0.0,-0.127075,0.120849609375,0.00439453125,0.0016127476365524421,3701,BARK,14,0.00341796875,0.025465755895987183,495.0,0.120849609375,True,309561926
4,12,2,0.0,0.139088,0.0,0.0,-0.127075,0.120849609375,0.00439453125,0.0016127476365524421,3701,BARK,18,0.00439453125,0.029236590720583603,495.0,0.120849609375,True,309561926
4,12,2,0.0,0.139088,0.0,0.0,-0.127075,0.120849609375,0.00439453125,0.0016127476365524421,3701,BARK,23,0.005615234375,0.034101207513185884,495.0,0.120849609375,True,309561926
4,12,2,0.0,0.139088,0.0,0.0,-0.127075,0.120849609375,0.00439453125,0.0016127476365524421,3701,BARK,31,0.007568359375,0.041421601224920584,495.0,0.120849609375,True,309561926
4,12,2,0.0,0.139088,0.0,0.0,-0.127075,0.120849609375,0.00439453125,0.0016127476365524421,3701,BARK,40,0.009765625,0.050124103875500155,495.0,0.120849609375,True,309561926
4,12,2,0.0,0.139088,0.0,0.0,-0.127075,0.120849609375,0.00439453125,0.0016127476365524421,3701,BARK,52,0.0126953125,0.06553677530866293,495.0,0.120849609375,True,309561926
4,12,2,0.0,0.139088,0.0,0.0,-0.127075,0.120849609375,0.00439453125,0.0016127476365524421,3701,BARK,67,0.016357421875,0.1102564252719349,495.0,0.120849609375,True,309561926
4,12,2,0.0,0.139088,0.0,0.0,-0.127075,0.120849609375,0.00439453125,0.0016127476365524421,3701,BARK,87,0.021240234375,0.15673180493074035,495.0,0.120849609375,True,309561926
4,12,2,0.0,0.139088,0.0,0.0,-0.127075,0.120849609375,0.00439453125,0.0016127476365524421,3701,BARK,114,0.02783203125,0.19772539312052606,495.0,0.120849609375,True,309561926
4,12,2,0.0,0.139088,0.0,0.0,-0.127075,0.120849609375,0.00439453125,0.0016127476365524421,3701,BARK,148,0.0361328125,0.28266332444660036,495.0,0.120849609375,True,309561926
4,12,2,0.0,0.139088,0.0,0.0,-0.127075,0.120849609375,0.00439453125,0.0016127476365524421,3701,BARK,192,0.046875,0.33801770737396725,495.0,0.120849609375,True,309561926
4,12,2,0.0,0.139088,0.0,0.0,-0.127075,0.120849609375,0.00439453125,0.0016127476365524421,3701,BARK,250,0.06103515625,0.4563603880378715,495.0,0.120849609375,True,309561926
4,12,2,0.0,0.139088,0.0,0.0,-0.127075,0.120849609375,0.00439453125,0.0016127476365524421,3701,BARK,325,0.079345703125,0.6871360280909811,495.0,0.120849609375,True,309561926
4,12,2,0.0,0.139088,0.0,0.0,-0.127075,0.120849609375,0.00439453125,0.0016127476365524421,3701,BARK,423,0.103271484375,0.9158201953675549,495.0,0.120849609375,True,309561926
4,12,2,0.0,0.139088,0.0,0.0,-0.127075,0.120849609375,0.00439453125,0.0016127476365524421,3701,BARK,550,0.13427734375,1.0,495.0,0.120849609375,True,309561926
4,12,2,0.0,0.139088,0.0,0.0,-0.127075,0.120849609375,0.00439453125,0.0016127476365524421,3701,BARK,715,0.174560546875,1.0,495.0,0.120849609375,True,309561926
4,12,2,0.0,0.139088,0.0,0.0,-0.127075,0.120849609375,0.00439453125,0.0016127476365524421,3701,BARK,931,0.227294921875,1.0,495.0,0.120849609375,True,309561926
4,12,2,0.0,0.139088,0.0,0.0,-0.127075,0.120849609375,0.00439453125,0.0016127476365524421,3701,BARK,1210,0.29541015625,1.0,495.0,0.120849609375,True,309561926
4,12,2,0.0,0.139088,0.0,0.0,-0.127075,0.120849609375,0.00439453125,0.0016127476365524421,3701,BARK,1575,0.384521484375,1.0,495.0,0.120849609375,True,309561926
4,12,2,0.0,0.139088,0.0,0.0,-0.127075,0.120849609375,0.00439453125,0.0016127476365524421,3701,BARK,2048,0.5,1.0,495.0,0.120849609375,True,309561926
4,12,2,0.0,0.139088,0.0,0.0,-0.127075,0.120849609375,0.00439453125,0.0016127476365524421,3701,Simplified BARK,1,0.000244140625,0.0016127476365524421,495.0,0.120849609375,True,309561926
4,12,2,0.0,0.139088,0.0,0.0,-0.127075,0.120849609375,0.00439453125,0.0016127476365524421,3701,Simplified BARK,2,0.00048828125,0.0038788700298061887,495.0,0.120849609375,True,309561926
4,12,2,0.0,0.139088,0.0,0.0,-0.127075,0.120849609375,0.00439453125,0.0016127476365524421,3701,Simplified BARK,3,0.000732421875,0.006296812880490187,495.0,0.120849609375,True,309561926
4,12,2,0.0,0.139088,0.0,0.0,-0.127075,0.120849609375,0.00439453125,0.0016127476365524421,3701,Simplified BARK,4,0.0009765625,0.007184594324676647,495.0,0.120849609375,True,309561926
4,12,2,0.0,0.139088,0.0,0.0,-0.127075,0.120849609375,0.00439453125,0.0016127476365524421,3701,Simplified BARK,5,0.001220703125,0.0072413144620406406,495.0,0.120849609375,True,309561926
4,12,2,0.0,0.139088,0.0,0.0,-0.127075,0.120849609375,0.00439453125,0.0016127476365524421,3701,Simplified BARK,6,0.00146484375,0.0070910294208660725,495.0,0.120849609375,True,309561926
4,12,2,0.0,0.139088,0.0,0.0,-0.127075,0.120849609375,0.00439453125,0.0016127476365524421,3701,Simplified BARK,8,0.001953125,0.0062299864334632304,495.0,0.120849609375,True,309561926
4,12,2,0.0,0.139088,0.0,0.0,-0.127075,0.120849609375,0.00439453125,0.0016127476365524421,3701,Simplified BARK,11,0.002685546875,0.006347706333238232,495.0,0.120849609375,True,309561926
4,12,2,0.0,0.139088,0.0,0.0,-0.127075,0.120849609375,0.00439453125,0.0016127476365524421,3701,Simplified BARK,14,0.00341796875,0.004217310899756568,495.0,0.120849609375,True,309561926
4,12,2,0.0,0.139088,0.0,0.0,-0.127075,0.120849609375,0.00439453125,0.0016127476365524421,3701,Simplified BARK,18,0.00439453125,0.006600247651678796,495.0,0.120849609375,True,309561926
4,12,2,0.0,0.139088,0.0,0.0,-0.127075,0.120849609375,0.00439453125,0.0016127476365524421,3701,Simplified BARK,23,0.005615234375,0.011813485071005686,495.0,0.120849609375,True,309561926
4,12,2,0.0,0.139088,0.0,0.0,-0.127075,0.120849609375,0.00439453125,0.0016127476365524421,3701,Simplified BARK,31,0.007568359375,0.014175358284825,495.0,0.120849609375,True,309561926
4,12,2,0.0,0.139088,0.0,0.0,-0.127075,0.120849609375,0.00439453125,0.0016127476365524421,3701,Simplified BARK,40,0.009765625,0.026173210809086574,495.0,0.120849609375,True,309561926
4,12,2,0.0,0.139088,0.0,0.0,-0.127075,0.120849609375,0.00439453125,0.0016127476365524421,3701,Simplified BARK,52,0.0126953125,0.041412892448206375,495.0,0.120849609375,True,309561926
4,12,2,0.0,0.139088,0.0,0.0,-0.127075,0.120849609375,0.00439453125,0.0016127476365524421,3701,Simplified BARK,67,0.016357421875,0.05671131501824191,495.0,0.120849609375,True,309561926
4,12,2,0.0,0.139088,0.0,0.0,-0.127075,0.120849609375,0.00439453125,0.0016127476365524421,3701,Simplified BARK,87,0.021240234375,0.11168878591686786,495.0,0.120849609375,True,309561926
4,12,2,0.0,0.139088,0.0,0.0,-0.127075,0.120849609375,0.00439453125,0.0016127476365524421,3701,Simplified BARK,114,0.02783203125,0.16858218792878274,495.0,0.120849609375,True,309561926
4,12,2,0.0,0.139088,0.0,0.0,-0.127075,0.120849609375,0.00439453125,0.0016127476365524421,3701,Simplified BARK,148,0.0361328125,0.229019188373726,495.0,0.120849609375,True,309561926
4,12,2,0.0,0.139088,0.0,0.0,-0.127075,0.120849609375,0.00439453125,0.0016127476365524421,3701,Simplified BARK,192,0.046875,0.2940722785919683,495.0,0.120849609375,True,309561926
4,12,2,0.0,0.139088,0.0,0.0,-0.127075,0.120849609375,0.00439453125,0.0016127476365524421,3701,Simplified BARK,250,0.06103515625,0.43504017414004154,495.0,0.120849609375,True,309561926
4,12,2,0.0,0.139088,0.0,0.0,-0.127075,0.120849609375,0.00439453125,0.0016127476365524421,3701,Simplified BARK,325,0.079345703125,0.6172508183604184,495.0,0.120849609375,True,309561926
4,12,2,0.0,0.139088,0.0,0.0,-0.127075,0.120849609375,0.00439453125,0.0016127476365524421,3701,Simplified BARK,423,0.103271484375,0.8723112706668052,495.0,0.120849609375,True,309561926
4,12,2,0.0,0.139088,0.0,0.0,-0.127075,0.120849609375,0.00439453125,0.0016127476365524421,3701,Simplified BARK,550,0.13427734375,1.0000000000000004,495.0,0.120849609375,True,309561926
4,12,2,0.0,0.139088,0.0,0.0,-0.127075,0.120849609375,0.00439453125,0.0016127476365524421,3701,Simplified BARK,715,0.174560546875,1.0000000000000004,495.0,0.120849609375,True,309561926
4,12,2,0.0,0.139088,0.0,0.0,-0.127075,0.120849609375,0.00439453125,0.0016127476365524421,3701,Simplified BARK,931,0.227294921875,1.0000000000000004,495.0,0.120849609375,True,309561926
4,12,2,0.0,0.139088,0.0,0.0,-0.127075,0.120849609375,0.00439453125,0.0016127476365524421,3701,Simplified BARK,1210,0.29541015625,1.0000000000000004,495.0,0.120849609375,True,309561926
4,12,2,0.0,0.139088,0.0,0.0,-0.127075,0.120849609375,0.00439453125,0.0016127476365524421,3701,Simplified BARK,1575,0.384521484375,1.0000000000000004,495.0,0.120849609375,True,309561926
4,12,2,0.0,0.139088,0.0,0.0,-0.127075,0.120849609375,0.00439453125,0.0016127476365524421,3701,Simplified BARK,2048,0.5,1.0000000000000004,495.0,0.120849609375,True,309561926
4,12,2,0.0,0.139088,0.0,0.0,-0.127075,0.120849609375,0.00439453125,0.0016127476365524421,3701,SKQD,1,0.000244140625,0.0016127476365524421,485.3333333333333,0.11848958333333333,True,309561926
4,12,2,0.0,0.139088,0.0,0.0,-0.127075,0.120849609375,0.00439453125,0.0016127476365524421,3701,SKQD,2,0.00048828125,0.0016127476365524421,485.3333333333333,0.11848958333333333,True,309561926
4,12,2,0.0,0.139088,0.0,0.0,-0.127075,0.120849609375,0.00439453125,0.0016127476365524421,3701,SKQD,3,0.000732421875,0.0016127476365524421,485.3333333333333,0.11848958333333333,True,309561926
4,12,2,0.0,0.139088,0.0,0.0,-0.127075,0.120849609375,0.00439453125,0.0016127476365524421,3701,SKQD,4,0.0009765625,0.0016127476365524421,485.3333333333333,0.11848958333333333,True,309561926
4,12,2,0.0,0.139088,0.0,0.0,-0.127075,0.120849609375,0.00439453125,0.0016127476365524421,3701,SKQD,5,0.001220703125,0.0016127476365524421,485.3333333333333,0.11848958333333333,True,309561926
4,12,2,0.0,0.139088,0.0,0.0,-0.127075,0.120849609375,0.00439453125,0.0016127476365524421,3701,SKQD,6,0.00146484375,0.0016127476365524421,485.3333333333333,0.11848958333333333,True,309561926
4,12,2,0.0,0.139088,0.0,0.0,-0.127075,0.120849609375,0.00439453125,0.0016127476365524421,3701,SKQD,8,0.001953125,0.0016127476365524421,485.3333333333333,0.11848958333333333,True,309561926
4,12,2,0.0,0.139088,0.0,0.0,-0.127075,0.120849609375,0.00439453125,0.0016127476365524421,3701,SKQD,11,0.002685546875,0.0016127476365524421,485.3333333333333,0.11848958333333333,True,309561926
4,12,2,0.0,0.139088,0.0,0.0,-0.127075,0.120849609375,0.00439453125,0.0016127476365524421,3701,SKQD,14,0.00341796875,0.0016127476365524421,485.3333333333333,0.11848958333333333,True,309561926
4,12,2,0.0,0.139088,0.0,0.0,-0.127075,0.120849609375,0.00439453125,0.0016127476365524421,3701,SKQD,18,0.00439453125,0.0016127476365524421,485.3333333333333,0.11848958333333333,True,309561926
4,12,2,0.0,0.139088,0.0,0.0,-0.127075,0.120849609375,0.00439453125,0.0016127476365524421,3701,SKQD,23,0.005615234375,0.0016127476365524421,485.3333333333333,0.11848958333333333,True,309561926
4,12,2,0.0,0.139088,0.0,0.0,-0.127075,0.120849609375,0.00439453125,0.0016127476365524421,3701,SKQD,31,0.007568359375,0.0016127476365524421,485.3333333333333,0.11848958333333333,True,309561926
4,12,2,0.0,0.139088,0.0,0.0,-0.127075,0.120849609375,0.00439453125,0.0016127476365524421,3701,SKQD,40,0.009765625,0.0016127476365524421,485.3333333333333,0.11848958333333333,True,309561926
4,12,2,0.0,0.139088,0.0,0.0,-0.127075,0.120849609375,0.00439453125,0.0016127476365524421,3701,SKQD,52,0.0126953125,0.0016127476365524421,485.3333333333333,0.11848958333333333,True,309561926
4,12,2,0.0,0.139088,0.0,0.0,-0.127075,0.120849609375,0.00439453125,0.0016127476365524421,3701,SKQD,67,0.016357421875,0.07310286254737915,485.3333333333333,0.11848958333333333,True,309561926
4,12,2,0.0,0.139088,0.0,0.0,-0.127075,0.120849609375,0.00439453125,0.0016127476365524421,3701,SKQD,87,0.021240234375,0.07310286254737915,485.3333333333333,0.11848958333333333,True,309561926
4,12,2,0.0,0.139088,0.0,0.0,-0.127075,0.120849609375,0.00439453125,0.0016127476365524421,3701,SKQD,114,0.02783203125,0.07310286254737915,485.3333333333333,0.11848958333333333,True,309561926
4,12,2,0.0,0.139088,0.0,0.0,-0.127075,0.120849609375,0.00439453125,0.0016127476365524421,3701,SKQD,148,0.0361328125,0.11079517186856937,485.3333333333333,0.11848958333333333,True,309561926
4,12,2,0.0,0.139088,0.0,0.0,-0.127075,0.120849609375,0.00439453125,0.0016127476365524421,3701,SKQD,192,0.046875,0.19672056152416062,485.3333333333333,0.11848958333333333,True,309561926
4,12,2,0.0,0.139088,0.0,0.0,-0.127075,0.120849609375,0.00439453125,0.0016127476365524421,3701,SKQD,250,0.06103515625,0.3275725046644959,485.3333333333333,0.11848958333333333,True,309561926
4,12,2,0.0,0.139088,0.0,0.0,-0.127075,0.120849609375,0.00439453125,0.0016127476365524421,3701,SKQD,325,0.079345703125,0.5428767694520445,485.3333333333333,0.11848958333333333,True,309561926
4,12,2,0.0,0.139088,0.0,0.0,-0.127075,0.120849609375,0.00439453125,0.0016127476365524421,3701,SKQD,423,0.103271484375,0.812800659657189,485.3333333333333,0.11848958333333333,True,309561926
4,12,2,0.0,0.139088,0.0,0.0,-0.127075,0.120849609375,0.00439453125,0.0016127476365524421,3701,SKQD,550,0.13427734375,0.979219960342494,485.3333333333333,0.11848958333333333,True,309561926
4,12,2,0.0,0.139088,0.0,0.0,-0.127075,0.120849609375,0.00439453125,0.0016127476365524421,3701,SKQD,715,0.174560546875,0.979219960342494,485.3333333333333,0.11848958333333333,True,309561926
4,12,2,0.0,0.139088,0.0,0.0,-0.127075,0.120849609375,0.00439453125,0.0016127476365524421,3701,SKQD,931,0.227294921875,0.979219960342494,485.3333333333333,0.11848958333333333,True,309561926
4,12,2,0.0,0.139088,0.0,0.0,-0.127075,0.120849609375,0.00439453125,0.0016127476365524421,3701,SKQD,1210,0.29541015625,0.979219960342494,485.3333333333333,0.11848958333333333,True,309561926
4,12,2,0.0,0.139088,0.0,0.0,-0.127075,0.120849609375,0.00439453125,0.0016127476365524421,3701,SKQD,1575,0.384521484375,0.979219960342494,485.3333333333333,0.11848958333333333,True,309561926
4,12,2,0.0,0.139088,0.0,0.0,-0.127075,0.120849609375,0.00439453125,0.0016127476365524421,3701,SKQD,2048,0.5,0.979219960342494,485.3333333333333,0.11848958333333333,True,309561926
4,12,2,0.0,0.139088,0.0,0.0,-0.127075,0.120849609375,0.00439453125,0.0016127476365524421,3701,Ceiling,1,0.000244140625,0.00936801142702854,2048.0,0.5,False,309561926
4,12,2,0.0,0.139088,0.0,0.0,-0.127075,0.120849609375,0.00439453125,0.0016127476365524421,3701,Ceiling,2,0.00048828125,0.018736022854057073,2048.0,0.5,False,309561926
4,12,2,0.0,0.139088,0.0,0.0,-0.127075,0.120849609375,0.00439453125,0.0016127476365524421,3701,Ceiling,3,0.000732421875,0.02634960522854084,2048.0,0.5,False,309561926
4,12,2,0.0,0.139088,0.0,0.0,-0.127075,0.120849609375,0.00439453125,0.0016127476365524421,3701,Ceiling,4,0.0009765625,0.033963187603024594,2048.0,0.5,False,309561926
4,12,2,0.0,0.139088,0.0,0.0,-0.127075,0.120849609375,0.00439453125,0.0016127476365524421,3701,Ceiling,5,0.001220703125,0.040545768722875276,2048.0,0.5,False,309561926
4,12,2,0.0,0.139088,0.0,0.0,-0.127075,0.120849609375,0.00439453125,0.0016127476365524421,3701,Ceiling,6,0.00146484375,0.04712834984272596,2048.0,0.5,False,309561926
4,12,2,0.0,0.139088,0.0,0.0,-0.127075,0.120849609375,0.00439453125,0.0016127476365524421,3701,Ceiling,8,0.001953125,0.0602935120824273,2048.0,0.5,False,309561926
4,12,2,0.0,0.139088,0.0,0.0,-0.127075,0.120849609375,0.00439453125,0.0016127476365524421,3701,Ceiling,11,0.002685546875,0.07899839720759264,2048.0,0.5,False,309561926
4,12,2,0.0,0.139088,0.0,0.0,-0.127075,0.120849609375,0.00439453125,0.0016127476365524421,3701,Ceiling,14,0.00341796875,0.09770188809038133,2048.0,0.5,False,309561926
4,12,2,0.0,0.139088,0.0,0.0,-0.127075,0.120849609375,0.00439453125,0.0016127476365524421,3701,Ceiling,18,0.00439453125,0.1224644321907021,2048.0,0.5,False,309561926
4,12,2,0.0,0.139088,0.0,0.0,-0.127075,0.120849609375,0.00439453125,0.0016127476365524421,3701,Ceiling,23,0.005615234375,0.15267085561054033,2048.0,0.5,False,309561926
4,12,2,0.0,0.139088,0.0,0.0,-0.127075,0.120849609375,0.00439453125,0.0016127476365524421,3701,Ceiling,31,0.007568359375,0.19744872642075187,2048.0,0.5,False,309561926
4,12,2,0.0,0.139088,0.0,0.0,-0.127075,0.120849609375,0.00439453125,0.0016127476365524421,3701,Ceiling,40,0.009765625,0.24310206687521457,2048.0,0.5,False,309561926
4,12,2,0.0,0.139088,0.0,0.0,-0.127075,0.120849609375,0.00439453125,0.0016127476365524421,3701,Ceiling,52,0.0126953125,0.29600915140896655,2048.0,0.5,False,309561926
4,12,2,0.0,0.139088,0.0,0.0,-0.127075,0.120849609375,0.00439453125,0.0016127476365524421,3701,Ceiling,67,0.016357421875,0.35722166078064205,2048.0,0.5,False,309561926
4,12,2,0.0,0.139088,0.0,0.0,-0.127075,0.120849609375,0.00439453125,0.0016127476365524421,3701,Ceiling,87,0.021240234375,0.4255910074165923,2048.0,0.5,False,309561926
4,12,2,0.0,0.139088,0.0,0.0,-0.127075,0.120849609375,0.00439453125,0.0016127476365524421,3701,Ceiling,114,0.02783203125,0.5069304390969918,2048.0,0.5,False,309561926
4,12,2,0.0,0.139088,0.0,0.0,-0.127075,0.120849609375,0.00439453125,0.0016127476365524421,3701,Ceiling,148,0.0361328125,0.5972862225822726,2048.0,0.5,False,309561926
4,12,2,0.0,0.139088,0.0,0.0,-0.127075,0.120849609375,0.00439453125,0.0016127476365524421,3701,Ceiling,192,0.046875,0.6978663474001108,2048.0,0.5,False,309561926
4,12,2,0.0,0.139088,0.0,0.0,-0.127075,0.120849609375,0.00439453125,0.0016127476365524421,3701,Ceiling,250,0.06103515625,0.8093169919742402,2048.0,0.5,False,309561926
4,12,2,0.0,0.139088,0.0,0.0,-0.127075,0.120849609375,0.00439453125,0.0016127476365524421,3701,Ceiling,325,0.079345703125,0.9069763089013392,2048.0,0.5,False,309561926
4,12,2,0.0,0.139088,0.0,0.0,-0.127075,0.120849609375,0.00439453125,0.0016127476365524421,3701,Ceiling,423,0.103271484375,0.98104207908343,2048.0,0.5,False,309561926
4,12,2,0.0,0.139088,0.0,0.0,-0.127075,0.120849609375,0.00439453125,0.0016127476365524421,3701,Ceiling,550,0.13427734375,0.9999999999999988,2048.0,0.5,False,309561926
4,12,2,0.0,0.139088,0.0,0.0,-0.127075,0.120849609375,0.00439453125,0.0016127476365524421,3701,Ceiling,715,0.174560546875,0.9999999999999988,2048.0,0.5,False,309561926
4,12,2,0.0,0.139088,0.0,0.0,-0.127075,0.120849609375,0.00439453125,0.0016127476365524421,3701,Ceiling,931,0.227294921875,0.9999999999999988,2048.0,0.5,False,309561926
4,12,2,0.0,0.139088,0.0,0.0,-0.127075,0.120849609375,0.00439453125,0.0016127476365524421,3701,Ceiling,1210,0.29541015625,0.9999999999999988,2048.0,0.5,False,309561926
4,12,2,0.0,0.139088,0.0,0.0,-0.127075,0.120849609375,0.00439453125,0.0016127476365524421,3701,Ceiling,1575,0.384521484375,0.9999999999999988,2048.0,0.5,False,309561926
4,12,2,0.0,0.139088,0.0,0.0,-0.127075,0.120849609375,0.00439453125,0.0016127476365524421,3701,Ceiling,2048,0.5,0.9999999999999988,2048.0,0.5,False,309561926
12,12,2,0.0,-0.504785,0.0,0.0,-0.800446,0.0537109375,0.00439453125,0.007957922516905571,3047,BARK,1,0.000244140625,0.007957922516905571,220.0,0.0537109375,True,346628326
12,12,2,0.0,-0.504785,0.0,0.0,-0.800446,0.0537109375,0.00439453125,0.007957922516905571,3047,BARK,2,0.00048828125,0.010767731465689365,220.0,0.0537109375,True,346628326
12,12,2,0.0,-0.504785,0.0,0.0,-0.800446,0.0537109375,0.00439453125,0.007957922516905571,3047,BARK,3,0.000732421875,0.011197963658952764,220.0,0.0537109375,True,346628326
12,12,2,0.0,-0.504785,0.0,0.0,-0.800446,0.0537109375,0.00439453125,0.007957922516905571,3047,BARK,4,0.0009765625,0.015336784470253282,220.0,0.0537109375,True,346628326
12,12,2,0.0,-0.504785,0.0,0.0,-0.800446,0.0537109375,0.00439453125,0.007957922516905571,3047,BARK,5,0.001220703125,0.017882941593959905,220.0,0.0537109375,True,346628326
12,12,2,0.0,-0.504785,0.0,0.0,-0.800446,0.0537109375,0.00439453125,0.007957922516905571,3047,BARK,6,0.00146484375,0.02697960927220798,220.0,0.0537109375,True,346628326
12,12,2,0.0,-0.504785,0.0,0.0,-0.800446,0.0537109375,0.00439453125,0.007957922516905571,3047,BARK,8,0.001953125,0.03340629956661237,220.0,0.0537109375,True,346628326
12,12,2,0.0,-0.504785,0.0,0.0,-0.800446,0.0537109375,0.00439453125,0.007957922516905571,3047,BARK,11,0.002685546875,0.037873892258630984,220.0,0.0537109375,True,346628326
12,12,2,0.0,-0.504785,0.0,0.0,-0.800446,0.0537109375,0.00439453125,0.007957922516905571,3047,BARK,14,0.00341796875,0.054374761465763366,220.0,0.0537109375,True,346628326
12,12,2,0.0,-0.504785,0.0,0.0,-0.800446,0.0537109375,0.00439453125,0.007957922516905571,3047,BARK,18,0.00439453125,0.06323294935026909,220.0,0.0537109375,True,346628326
12,12,2,0.0,-0.504785,0.0,0.0,-0.800446,0.0537109375,0.00439453125,0.007957922516905571,3047,BARK,23,0.005615234375,0.09212307065046972,220.0,0.0537109375,True,346628326
12,12,2,0.0,-0.504785,0.0,0.0,-0.800446,0.0537109375,0.00439453125,0.007957922516905571,3047,BARK,31,0.007568359375,0.1323384799286591,220.0,0.0537109375,True,346628326
12,12,2,0.0,-0.504785,0.0,0.0,-0.800446,0.0537109375,0.00439453125,0.007957922516905571,3047,BARK,40,0.009765625,0.1871129702851963,220.0,0.0537109375,True,346628326
12,12,2,0.0,-0.504785,0.0,0.0,-0.800446,0.0537109375,0.00439453125,0.007957922516905571,3047,BARK,52,0.0126953125,0.2653274954864376,220.0,0.0537109375,True,346628326
12,12,2,0.0,-0.504785,0.0,0.0,-0.800446,0.0537109375,0.00439453125,0.007957922516905571,3047,BARK,67,0.016357421875,0.30102525816460746,220.0,0.0537109375,True,346628326
12,12,2,0.0,-0.504785,0.0,0.0,-0.800446,0.0537109375,0.00439453125,0.007957922516905571,3047,BARK,87,0.021240234375,0.34963492767281446,220.0,0.0537109375,True,346628326
12,12,2,0.0,-0.504785,0.0,0.0,-0.800446,0.0537109375,0.00439453125,0.007957922516905571,3047,BARK,114,0.02783203125,0.48198274426507565,220.0,0.0537109375,True,346628326
12,12,2,0.0,-0.504785,0.0,0.0,-0.800446,0.0537109375,0.00439453125,0.007957922516905571,3047,BARK,148,0.0361328125,0.6521444201587453,220.0,0.0537109375,True,346628326
12,12,2,0.0,-0.504785,0.0,0.0,-0.800446,0.0537109375,0.00439453125,0.007957922516905571,3047,BARK,192,0.046875,0.918868516024699,220.0,0.0537109375,True,346628326
12,12,2,0.0,-0.504785,0.0,0.0,-0.800446,0.0537109375,0.00439453125,0.007957922516905571,3047,BARK,250,0.06103515625,1.0000000000000009,220.0,0.0537109375,True,346628326
12,12,2,0.0,-0.504785,0.0,0.0,-0.800446,0.0537109375,0.00439453125,0.007957922516905571,3047,BARK,325,0.079345703125,1.0000000000000009,220.0,0.0537109375,True,346628326
12,12,2,0.0,-0.504785,0.0,0.0,-0.800446,0.0537109375,0.00439453125,0.007957922516905571,3047,BARK,423,0.103271484375,1.0000000000000009,220.0,0.0537109375,True,346628326
12,12,2,0.0,-0.504785,0.0,0.0,-0.800446,0.0537109375,0.00439453125,0.007957922516905571,3047,BARK,550,0.13427734375,1.0000000000000009,220.0,0.0537109375,True,346628326
12,12,2,0.0,-0.504785,0.0,0.0,-0.800446,0.0537109375,0.00439453125,0.007957922516905571,3047,BARK,715,0.174560546875,1.0000000000000009,220.0,0.0537109375,True,346628326
12,12,2,0.0,-0.504785,0.0,0.0,-0.800446,0.0537109375,0.00439453125,0.007957922516905571,3047,BARK,931,0.227294921875,1.0000000000000009,220.0,0.0537109375,True,346628326
12,12,2,0.0,-0.504785,0.0,0.0,-0.800446,0.0537109375,0.00439453125,0.007957922516905571,3047,BARK,1210,0.29541015625,1.0000000000000009,220.0,0.0537109375,True,346628326
12,12,2,0.0,-0.504785,0.0,0.0,-0.800446,0.0537109375,0.00439453125,0.007957922516905571,3047,BARK,1575,0.384521484375,1.0000000000000009,220.0,0.0537109375,True,346628326
12,12,2,0.0,-0.504785,0.0,0.0,-0.800446,0.0537109375,0.00439453125,0.007957922516905571,3047,BARK,2048,0.5,1.0000000000000009,220.0,0.0537109375,True,346628326
12,12,2,0.0,-0.504785,0.0,0.0,-0.800446,0.0537109375,0.00439453125,0.007957922516905571,3047,Simplified BARK,1,0.000244140625,0.007957922516905571,220.0,0.0537109375,True,346628326
12,12,2,0.0,-0.504785,0.0,0.0,-0.800446,0.0537109375,0.00439453125,0.007957922516905571,3047,Simplified BARK,2,0.00048828125,0.010767731465689365,220.0,0.0537109375,True,346628326
12,12,2,0.0,-0.504785,0.0,0.0,-0.800446,0.0537109375,0.00439453125,0.007957922516905571,3047,Simplified BARK,3,0.000732421875,0.011197963658952764,220.0,0.0537109375,True,346628326
12,12,2,0.0,-0.504785,0.0,0.0,-0.800446,0.0537109375,0.00439453125,0.007957922516905571,3047,Simplified BARK,4,0.0009765625,0.012094935123995629,220.0,0.0537109375,True,346628326
12,12,2,0.0,-0.504785,0.0,0.0,-0.800446,0.0537109375,0.00439453125,0.007957922516905571,3047,Simplified BARK,5,0.001220703125,0.0117758943364815,220.0,0.0537109375,True,346628326
12,12,2,0.0,-0.504785,0.0,0.0,-0.800446,0.0537109375,0.00439453125,0.007957922516905571,3047,Simplified BARK,6,0.00146484375,0.010841192025321128,220.0,0.0537109375,True,346628326
12,12,2,0.0,-0.504785,0.0,0.0,-0.800446,0.0537109375,0.00439453125,0.007957922516905571,3047,Simplified BARK,8,0.001953125,0.011327340237112352,220.0,0.0537109375,True,346628326
12,12,2,0.0,-0.504785,0.0,0.0,-0.800446,0.0537109375,0.00439453125,0.007957922516905571,3047,Simplified BARK,11,0.002685546875,0.011027853762432023,220.0,0.0537109375,True,346628326
12,12,2,0.0,-0.504785,0.0,0.0,-0.800446,0.0537109375,0.00439453125,0.007957922516905571,3047,Simplified BARK,14,0.00341796875,0.017122704542536258,220.0,0.0537109375,True,346628326
12,12,2,0.0,-0.504785,0.0,0.0,-0.800446,0.0537109375,0.00439453125,0.007957922516905571,3047,Simplified BARK,18,0.00439453125,0.02622216819626049,220.0,0.0537109375,True,346628326
12,12,2,0.0,-0.504785,0.0,0.0,-0.800446,0.0537109375,0.00439453125,0.007957922516905571,3047,Simplified BARK,23,0.005615234375,0.04838682010709906,220.0,0.0537109375,True,346628326
12,12,2,0.0,-0.504785,0.0,0.0,-0.800446,0.0537109375,0.00439453125,0.007957922516905571,3047,Simplified BARK,31,0.007568359375,0.07396107937805056,220.0,0.0537109375,True,346628326
12,12,2,0.0,-0.504785,0.0,0.0,-0.800446,0.0537109375,0.00439453125,0.007957922516905571,3047,Simplified BARK,40,0.009765625,0.0947184665521647,220.0,0.0537109375,True,346628326
12,12,2,0.0,-0.504785,0.0,0.0,-0.800446,0.0537109375,0.00439453125,0.007957922516905571,3047,Simplified BARK,52,0.0126953125,0.16605197057515894,220.0,0.0537109375,True,346628326
12,12,2,0.0,-0.504785,0.0,0.0,-0.800446,0.0537109375,0.00439453125,0.007957922516905571,3047,Simplified BARK,67,0.016357421875,0.20563721649051725,220.0,0.0537109375,True,346628326
12,12,2,0.0,-0.504785,0.0,0.0,-0.800446,0.0537109375,0.00439453125,0.007957922516905571,3047,Simplified BARK,87,0.021240234375,0.30336266485427454,220.0,0.0537109375,True,346628326
12,12,2,0.0,-0.504785,0.0,0.0,-0.800446,0.0537109375,0.00439453125,0.007957922516905571,3047,Simplified BARK,114,0.02783203125,0.45628460938904886,220.0,0.0537109375,True,346628326
12,12,2,0.0,-0.504785,0.0,0.0,-0.800446,0.0537109375,0.00439453125,0.007957922516905571,3047,Simplified BARK,148,0.0361328125,0.6738059523288622,220.0,0.0537109375,True,346628326
12,12,2,0.0,-0.504785,0.0,0.0,-0.800446,0.0537109375,0.00439453125,0.007957922516905571,3047,Simplified BARK,192,0.046875,0.8841833154256372,220.0,0.0537109375,True,346628326
12,12,2,0.0,-0.504785,0.0,0.0,-0.800446,0.0537109375,0.00439453125,0.007957922516905571,3047,Simplified BARK,250,0.06103515625,1.0000000000000009,220.0,0.0537109375,True,346628326
12,12,2,0.0,-0.504785,0.0,0.0,-0.800446,0.0537109375,0.00439453125,0.007957922516905571,3047,Simplified BARK,325,0.079345703125,1.0000000000000009,220.0,0.0537109375,True,346628326
12,12,2,0.0,-0.504785,0.0,0.0,-0.800446,0.0537109375,0.00439453125,0.007957922516905571,3047,Simplified BARK,423,0.103271484375,1.0000000000000009,220.0,0.0537109375,True,346628326
12,12,2,0.0,-0.504785,0.0,0.0,-0.800446,0.0537109375,0.00439453125,0.007957922516905571,3047,Simplified BARK,550,0.13427734375,1.0000000000000009,220.0,0.0537109375,True,346628326
12,12,2,0.0,-0.504785,0.0,0.0,-0.800446,0.0537109375,0.00439453125,0.007957922516905571,3047,Simplified BARK,715,0.174560546875,1.0000000000000009,220.0,0.0537109375,True,346628326
12,12,2,0.0,-0.504785,0.0,0.0,-0.800446,0.0537109375,0.00439453125,0.007957922516905571,3047,Simplified BARK,931,0.227294921875,1.0000000000000009,220.0,0.0537109375,True,346628326
12,12,2,0.0,-0.504785,0.0,0.0,-0.800446,0.0537109375,0.00439453125,0.007957922516905571,3047,Simplified BARK,1210,0.29541015625,1.0000000000000009,220.0,0.0537109375,True,346628326
12,12,2,0.0,-0.504785,0.0,0.0,-0.800446,0.0537109375,0.00439453125,0.007957922516905571,3047,Simplified BARK,1575,0.384521484375,1.0000000000000009,220.0,0.0537109375,True,346628326
12,12,2,0.0,-0.504785,0.0,0.0,-0.800446,0.0537109375,0.00439453125,0.007957922516905571,3047,Simplified BARK,2048,0.5,1.0000000000000009,220.0,0.0537109375,True,346628326
12,12,2,0.0,-0.504785,0.0,0.0,-0.800446,0.0537109375,0.00439453125,0.007957922516905571,3047,SKQD,1,0.000244140625,0.007957922516905571,215.0,0.052490234375,True,346628326
12,12,2,0.0,-0.504785,0.0,0.0,-0.800446,0.0537109375,0.00439453125,0.007957922516905571,3047,SKQD,2,0.00048828125,0.007957922516905571,215.0,0.052490234375,True,346628326
12,12,2,0.0,-0.504785,0.0,0.0,-0.800446,0.0537109375,0.00439453125,0.007957922516905571,3047,SKQD,3,0.000732421875,0.007957922516905571,215.0,0.052490234375,True,346628326
12,12,2,0.0,-0.504785,0.0,0.0,-0.800446,0.0537109375,0.00439453125,0.007957922516905571,3047,SKQD,4,0.0009765625,0.007957922516905571,215.0,0.052490234375,True,346628326
12,12,2,0.0,-0.504785,0.0,0.0,-0.800446,0.0537109375,0.00439453125,0.007957922516905571,3047,SKQD,5,0.001220703125,0.007957922516905571,215.0,0.052490234375,True,346628326
12,12,2,0.0,-0.504785,0.0,0.0,-0.800446,0.0537109375,0.00439453125,0.007957922516905571,3047,SKQD,6,0.00146484375,0.007957922516905571,215.0,0.052490234375,True,346628326
12,12,2,0.0,-0.504785,0.0,0.0,-0.800446,0.0537109375,0.00439453125,0.007957922516905571,3047,SKQD,8,0.001953125,0.007957922516905571,215.0,0.052490234375,True,346628326
12,12,2,0.0,-0.504785,0.0,0.0,-0.800446,0.0537109375,0.00439453125,0.007957922516905571,3047,SKQD,11,0.002685546875,0.007957922516905571,215.0,0.052490234375,True,346628326
12,12,2,0.0,-0.504785,0.0,0.0,-0.800446,0.0537109375,0.00439453125,0.007957922516905571,3047,SKQD,14,0.00341796875,0.007957922516905571,215.0,0.052490234375,True,346628326
12,12,2,0.0,-0.504785,0.0,0.0,-0.800446,0.0537109375,0.00439453125,0.007957922516905571,3047,SKQD,18,0.00439453125,0.007957922516905571,215.0,0.052490234375,True,346628326
12,12,2,0.0,-0.504785,0.0,0.0,-0.800446,0.0537109375,0.00439453125,0.007957922516905571,3047,SKQD,23,0.005615234375,0.007957922516905571,215.0,0.052490234375,True,346628326
12,12,2,0.0,-0.504785,0.0,0.0,-0.800446,0.0537109375,0.00439453125,0.007957922516905571,3047,SKQD,31,0.007568359375,0.007957922516905571,215.0,0.052490234375,True,346628326
12,12,2,0.0,-0.504785,0.0,0.0,-0.800446,0.0537109375,0.00439453125,0.007957922516905571,3047,SKQD,40,0.009765625,0.007957922516905571,215.0,0.052490234375,True,346628326
12,12,2,0.0,-0.504785,0.0,0.0,-0.800446,0.0537109375,0.00439453125,0.007957922516905571,3047,SKQD,52,0.0126953125,0.11244697516163528,215.0,0.052490234375,True,346628326
12,12,2,0.0,-0.504785,0.0,0.0,-0.800446,0.0537109375,0.00439453125,0.007957922516905571,3047,SKQD,67,0.016357421875,0.11244697516163528,215.0,0.052490234375,True,346628326
12,12,2,0.0,-0.504785,0.0,0.0,-0.800446,0.0537109375,0.00439453125,0.007957922516905571,3047,SKQD,87,0.021240234375,0.1544694964220039,215.0,0.052490234375,True,346628326
12,12,2,0.0,-0.504785,0.0,0.0,-0.800446,0.0537109375,0.00439453125,0.007957922516905571,3047,SKQD,114,0.02783203125,0.32058059397812827,215.0,0.052490234375,True,346628326
12,12,2,0.0,-0.504785,0.0,0.0,-0.800446,0.0537109375,0.00439453125,0.007957922516905571,3047,SKQD,148,0.0361328125,0.5168571875619086,215.0,0.052490234375,True,346628326
12,12,2,0.0,-0.504785,0.0,0.0,-0.800446,0.0537109375,0.00439453125,0.007957922516905571,3047,SKQD,192,0.046875,0.8125417048421285,215.0,0.052490234375,True,346628326
12,12,2,0.0,-0.504785,0.0,0.0,-0.800446,0.0537109375,0.00439453125,0.007957922516905571,3047,SKQD,250,0.06103515625,0.9795506487059426,215.0,0.052490234375,True,346628326
12,12,2,0.0,-0.504785,0.0,0.0,-0.800446,0.0537109375,0.00439453125,0.007957922516905571,3047,SKQD,325,0.079345703125,0.9795506487059426,215.0,0.052490234375,True,346628326
12,12,2,0.0,-0.504785,0.0,0.0,-0.800446,0.0537109375,0.00439453125,0.007957922516905571,3047,SKQD,423,0.103271484375,0.9795506487059426,215.0,0.052490234375,True,346628326
12,12,2,0.0,-0.504785,0.0,0.0,-0.800446,0.0537109375,0.00439453125,0.007957922516905571,3047,SKQD,550,0.13427734375,0.9795506487059426,215.0,0.052490234375,True,346628326
12,12,2,0.0,-0.504785,0.0,0.0,-0.800446,0.0537109375,0.00439453125,0.007957922516905571,3047,SKQD,715,0.174560546875,0.9795506487059426,215.0,0.052490234375,True,346628326
12,12,2,0.0,-0.504785,0.0,0.0,-0.800446,0.0537109375,0.00439453125,0.007957922516905571,3047,SKQD,931,0.227294921875,0.9795506487059426,215.0,0.052490234375,True,346628326
12,12,2,0.0,-0.504785,0.0,0.0,-0.800446,0.0537109375,0.00439453125,0.007957922516905571,3047,SKQD,1210,0.29541015625,0.9795506487059426,215.0,0.052490234375,True,346628326
12,12,2,0.0,-0.504785,0.0,0.0,-0.800446,0.0537109375,0.00439453125,0.007957922516905571,3047,SKQD,1575,0.384521484375,0.9795506487059426,215.0,0.052490234375,True,346628326
12,12,2,0.0,-0.504785,0.0,0.0,-0.800446,0.0537109375,0.00439453125,0.007957922516905571,3047,SKQD,2048,0.5,0.9795506487059426,215.0,0.052490234375,True,346628326
12,12,2,0.0,-0.504785,0.0,0.0,-0.800446,0.0537109375,0.00439453125,0.007957922516905571,3047,Ceiling,1,0.000244140625,0.014056026580236573,2048.0,0.5,False,346628326
12,12,2,0.0,-0.504785,0.0,0.0,-0.800446,0.0537109375,0.00439453125,0.007957922516905571,3047,Ceiling,2,0.00048828125,0.028112053160473133,2048.0,0.5,False,346628326
12,12,2,0.0,-0.504785,0.0,0.0,-0.800446,0.0537109375,0.00439453125,0.007957922516905571,3047,Ceiling,3,0.000732421875,0.040915671740343704,2048.0,0.5,False,346628326
12,12,2,0.0,-0.504785,0.0,0.0,-0.800446,0.0537109375,0.00439453125,0.007957922516905571,3047,Ceiling,4,0.0009765625,0.05371929032021427,2048.0,0.5,False,346628326
12,12,2,0.0,-0.504785,0.0,0.0,-0.800446,0.0537109375,0.00439453125,0.007957922516905571,3047,Ceiling,5,0.001220703125,0.06470576990461514,2048.0,0.5,False,346628326
12,12,2,0.0,-0.504785,0.0,0.0,-0.800446,0.0537109375,0.00439453125,0.007957922516905571,3047,Ceiling,6,0.00146484375,0.07569224948901601,2048.0,0.5,False,346628326
12,12,2,0.0,-0.504785,0.0,0.0,-0.800446,0.0537109375,0.00439453125,0.007957922516905571,3047,Ceiling,8,0.001953125,0.09766520865781762,2048.0,0.5,False,346628326
12,12,2,0.0,-0.504785,0.0,0.0,-0.800446,0.0537109375,0.00439453125,0.007957922516905571,3047,Ceiling,11,0.002685546875,0.1267763450844279,2048.0,0.5,False,346628326
12,12,2,0.0,-0.504785,0.0,0.0,-0.800446,0.0537109375,0.00439453125,0.007957922516905571,3047,Ceiling,14,0.00341796875,0.1556191910692512,2048.0,0.5,False,346628326
12,12,2,0.0,-0.504785,0.0,0.0,-0.800446,0.0537109375,0.00439453125,0.007957922516905571,3047,Ceiling,18,0.00439453125,0.1935973746364971,2048.0,0.5,False,346628326
12,12,2,0.0,-0.504785,0.0,0.0,-0.800446,0.0537109375,0.00439453125,0.007957922516905571,3047,Ceiling,23,0.005615234375,0.24038698940270317,2048.0,0.5,False,346628326
12,12,2,0.0,-0.504785,0.0,0.0,-0.800446,0.0537109375,0.00439453125,0.007957922516905571,3047,Ceiling,31,0.007568359375,0.31146938214820913,2048.0,0.5,False,346628326
12,12,2,0.0,-0.504785,0.0,0.0,-0.800446,0.0537109375,0.00439453125,0.007957922516905571,3047,Ceiling,40,0.009765625,0.3833062304867294,2048.0,0.5,False,346628326
12,12,2,0.0,-0.504785,0.0,0.0,-0.800446,0.0537109375,0.00439453125,0.007957922516905571,3047,Ceiling,52,0.0126953125,0.46982545531328634,2048.0,0.5,False,346628326
12,12,2,0.0,-0.504785,0.0,0.0,-0.800446,0.0537109375,0.00439453125,0.007957922516905571,3047,Ceiling,67,0.016357421875,0.5676167332634442,2048.0,0.5,False,346628326
12,12,2,0.0,-0.504785,0.0,0.0,-0.800446,0.0537109375,0.00439453125,0.007957922516905571,3047,Ceiling,87,0.021240234375,0.6788969007479975,2048.0,0.5,False,346628326
12,12,2,0.0,-0.504785,0.0,0.0,-0.800446,0.0537109375,0.00439453125,0.007957922516905571,3047,Ceiling,114,0.02783203125,0.7950613737718472,2048.0,0.5,False,346628326
12,12,2,0.0,-0.504785,0.0,0.0,-0.800446,0.0537109375,0.00439453125,0.007957922516905571,3047,Ceiling,148,0.0361328125,0.899677444319642,2048.0,0.5,False,346628326
12,12,2,0.0,-0.504785,0.0,0.0,-0.800446,0.0537109375,0.00439453125,0.007957922516905571,3047,Ceiling,192,0.046875,0.9803550547343974,2048.0,0.5,False,346628326
12,12,2,0.0,-0.504785,0.0,0.0,-0.800446,0.0537109375,0.00439453125,0.007957922516905571,3047,Ceiling,250,0.06103515625,0.9999999999999997,2048.0,0.5,False,346628326
12,12,2,0.0,-0.504785,0.0,0.0,-0.800446,0.0537109375,0.00439453125,0.007957922516905571,3047,Ceiling,325,0.079345703125,0.9999999999999997,2048.0,0.5,False,346628326
12,12,2,0.0,-0.504785,0.0,0.0,-0.800446,0.0537109375,0.00439453125,0.007957922516905571,3047,Ceiling,423,0.103271484375,0.9999999999999997,2048.0,0.5,False,346628326
12,12,2,0.0,-0.504785,0.0,0.0,-0.800446,0.0537109375,0.00439453125,0.007957922516905571,3047,Ceiling,550,0.13427734375,0.9999999999999997,2048.0,0.5,False,346628326
12,12,2,0.0,-0.504785,0.0,0.0,-0.800446,0.0537109375,0.00439453125,0.007957922516905571,3047,Ceiling,715,0.174560546875,0.9999999999999997,2048.0,0.5,False,346628326
12,12,2,0.0,-0.504785,0.0,0.0,-0.800446,0.0537109375,0.00439453125,0.007957922516905571,3047,Ceiling,931,0.227294921875,0.9999999999999997,2048.0,0.5,False,346628326
12,12,2,0.0,-0.504785,0.0,0.0,-0.800446,0.0537109375,0.00439453125,0.007957922516905571,3047,Ceiling,1210,0.29541015625,0.9999999999999997,2048.0,0.5,False,346628326
12,12,2,0.0,-0.504785,0.0,0.0,-0.800446,0.0537109375,0.00439453125,0.007957922516905571,3047,Ceiling,1575,0.384521484375,0.9999999999999997,2048.0,0.5,False,346628326
12,12,2,0.0,-0.504785,0.0,0.0,-0.800446,0.0537109375,0.00439453125,0.007957922516905571,3047,Ceiling,2048,0.5,0.9999999999999997,2048.0,0.5,False,346628326
12,12,2,0.0,-0.504785,0.0,0.0,-0.800446,0.0537109375,0.00439453125,0.00452548309249904,1789,BARK,1,0.000244140625,0.00452548309249904,220.0,0.0537109375,True,346628326
12,12,2,0.0,-0.504785,0.0,0.0,-0.800446,0.0537109375,0.00439453125,0.00452548309249904,1789,BARK,2,0.00048828125,0.010784846292229056,220.0,0.0537109375,True,346628326
12,12,2,0.0,-0.504785,0.0,0.0,-0.800446,0.0537109375,0.00439453125,0.00452548309249904,1789,BARK,3,0.000732421875,0.013646397566433092,220.0,0.0537109375,True,346628326
12,12,2,0.0,-0.504785,0.0,0.0,-0.800446,0.0537109375,0.00439453125,0.00452548309249904,1789,BARK,4,0.0009765625,0.015946584699106838,220.0,0.0537109375,True,346628326
12,12,2,0.0,-0.504785,0.0,0.0,-0.800446,0.0537109375,0.00439453125,0.00452548309249904,1789,BARK,5,0.001220703125,0.02021870144627874,220.0,0.0537109375,True,346628326
12,12,2,0.0,-0.504785,0.0,0.0,-0.800446,0.0537109375,0.00439453125,0.00452548309249904,1789,BARK,6,0.00146484375,0.025481766087696384,220.0,0.0537109375,True,346628326
12,12,2,0.0,-0.504785,0.0,0.0,-0.800446,0.0537109375,0.00439453125,0.00452548309249904,1789,BARK,8,0.001953125,0.0297551890025238,220.0,0.0537109375,True,346628326
12,12,2,0.0,-0.504785,0.0,0.0,-0.800446,0.0537109375,0.00439453125,0.00452548309249904,1789,BARK,11,0.002685546875,0.03516791606012559,220.0,0.0537109375,True,346628326
12,12,2,0.0,-0.504785,0.0,0.0,-0.800446,0.0537109375,0.00439453125,0.00452548309249904,1789,BARK,14,0.00341796875,0.04347658419749766,220.0,0.0537109375,True,346628326
12,12,2,0.0,-0.504785,0.0,0.0,-0.800446,0.0537109375,0.00439453125,0.00452548309249904,1789,BARK,18,0.00439453125,0.06044632465017881,220.0,0.0537109375,True,346628326
12,12,2,0.0,-0.504785,0.0,0.0,-0.800446,0.0537109375,0.00439453125,0.00452548309249904,1789,BARK,23,0.005615234375,0.07305438042621665,220.0,0.0537109375,True,346628326
12,12,2,0.0,-0.504785,0.0,0.0,-0.800446,0.0537109375,0.00439453125,0.00452548309249904,1789,BARK,31,0.007568359375,0.10668557434576224,220.0,0.0537109375,True,346628326
12,12,2,0.0,-0.504785,0.0,0.0,-0.800446,0.0537109375,0.00439453125,0.00452548309249904,1789,BARK,40,0.009765625,0.14552180373060514,220.0,0.0537109375,True,346628326
12,12,2,0.0,-0.504785,0.0,0.0,-0.800446,0.0537109375,0.00439453125,0.00452548309249904,1789,BARK,52,0.0126953125,0.2182956045823338,220.0,0.0537109375,True,346628326
12,12,2,0.0,-0.504785,0.0,0.0,-0.800446,0.0537109375,0.00439453125,0.00452548309249904,1789,BARK,67,0.016357421875,0.27770043518154003,220.0,0.0537109375,True,346628326
12,12,2,0.0,-0.504785,0.0,0.0,-0.800446,0.0537109375,0.00439453125,0.00452548309249904,1789,BARK,87,0.021240234375,0.42490967335384844,220.0,0.0537109375,True,346628326
12,12,2,0.0,-0.504785,0.0,0.0,-0.800446,0.0537109375,0.00439453125,0.00452548309249904,1789,BARK,114,0.02783203125,0.6233502543893683,220.0,0.0537109375,True,346628326
12,12,2,0.0,-0.504785,0.0,0.0,-0.800446,0.0537109375,0.00439453125,0.00452548309249904,1789,BARK,148,0.0361328125,0.7640078893639136,220.0,0.0537109375,True,346628326
12,12,2,0.0,-0.504785,0.0,0.0,-0.800446,0.0537109375,0.00439453125,0.00452548309249904,1789,BARK,192,0.046875,0.9341115614611947,220.0,0.0537109375,True,346628326
12,12,2,0.0,-0.504785,0.0,0.0,-0.800446,0.0537109375,0.00439453125,0.00452548309249904,1789,BARK,250,0.06103515625,1.0000000000000004,220.0,0.0537109375,True,346628326
12,12,2,0.0,-0.504785,0.0,0.0,-0.800446,0.0537109375,0.00439453125,0.00452548309249904,1789,BARK,325,0.079345703125,1.0000000000000004,220.0,0.0537109375,True,346628326
12,12,2,0.0,-0.504785,0.0,0.0,-0.800446,0.0537109375,0.00439453125,0.00452548309249904,1789,BARK,423,0.103271484375,1.0000000000000004,220.0,0.0537109375,True,346628326
12,12,2,0.0,-0.504785,0.0,0.0,-0.800446,0.0537109375,0.00439453125,0.00452548309249904,1789,BARK,550,0.13427734375,1.0000000000000004,220.0,0.0537109375,True,346628326
12,12,2,0.0,-0.504785,0.0,0.0,-0.800446,0.0537109375,0.00439453125,0.00452548309249904,1789,BARK,715,0.174560546875,1.0000000000000004,220.0,0.0537109375,True,346628326
12,12,2,0.0,-0.504785,0.0,0.0,-0.800446,0.0537109375,0.00439453125,0.00452548309249904,1789,BARK,931,0.227294921875,1.0000000000000004,220.0,0.0537109375,True,346628326
12,12,2,0.0,-0.504785,0.0,0.0,-0.800446,0.0537109375,0.00439453125,0.00452548309249904,1789,BARK,1210,0.29541015625,1.0000000000000004,220.0,0.0537109375,True,346628326
12,12,2,0.0,-0.504785,0.0,0.0,-0.800446,0.0537109375,0.00439453125,0.00452548309249904,1789,BARK,1575,0.384521484375,1.0000000000000004,220.0,0.0537109375,True,346628326
12,12,2,0.0,-0.504785,0.0,0.0,-0.800446,0.0537109375,0.00439453125,0.00452548309249904,1789,BARK,2048,0.5,1.0000000000000004,220.0,0.0537109375,True,346628326
12,12,2,0.0,-0.504785,0.0,0.0,-0.800446,0.0537109375,0.00439453125,0.00452548309249904,1789,Simplified BARK,1,0.000244140625,0.00452548309249904,220.0,0.0537109375,True,346628326
12,12,2,0.0,-0.504785,0.0,0.0,-0.800446,0.0537109375,0.00439453125,0.00452548309249904,1789,Simplified BARK,2,0.00048828125,0.010784846292229056,220.0,0.0537109375,True,346628326
12,12,2,0.0,-0.504785,0.0,0.0,-0.800446,0.0537109375,0.00439453125,0.00452548309249904,1789,Simplified BARK,3,0.000732421875,0.013646397566433092,220.0,0.0537109375,True,346628326
12,12,2,0.0,-0.504785,0.0,0.0,-0.800446,0.0537109375,0.00439453125,0.00452548309249904,1789,Simplified BARK,4,0.0009765625,0.015946584699106838,220.0,0.0537109375,True,346628326
12,12,2,0.0,-0.504785,0.0,0.0,-0.800446,0.0537109375,0.00439453125,0.00452548309249904,1789,Simplified BARK,5,0.001220703125,0.016140200847926604,220.0,0.0537109375,True,346628326
12,12,2,0.0,-0.504785,0.0,0.0,-0.800446,0.0537109375,0.00439453125,0.00452548309249904,1789,Simplified BARK,6,0.00146484375,0.015953491704128898,220.0,0.0537109375,True,346628326
12,12,2,0.0,-0.504785,0.0,0.0,-0.800446,0.0537109375,0.00439453125,0.00452548309249904,1789,Simplified BARK,8,0.001953125,0.014590747044166925,220.0,0.0537109375,True,346628326
12,12,2,0.0,-0.504785,0.0,0.0,-0.800446,0.0537109375,0.00439453125,0.00452548309249904,1789,Simplified BARK,11,0.002685546875,0.01685382239965573,220.0,0.0537109375,True,346628326
12,12,2,0.0,-0.504785,0.0,0.0,-0.800446,0.0537109375,0.00439453125,0.00452548309249904,1789,Simplified BARK,14,0.00341796875,0.020782356290921213,220.0,0.0537109375,True,346628326
12,12,2,0.0,-0.504785,0.0,0.0,-0.800446,0.0537109375,0.00439453125,0.00452548309249904,1789,Simplified BARK,18,0.00439453125,0.03575090323641303,220.0,0.0537109375,True,346628326
12,12,2,0.0,-0.504785,0.0,0.0,-0.800446,0.0537109375,0.00439453125,0.00452548309249904,1789,Simplified BARK,23,0.005615234375,0.05869457031328675,220.0,0.0537109375,True,346628326
12,12,2,0.0,-0.504785,0.0,0.0,-0.800446,0.0537109375,0.00439453125,0.00452548309249904,1789,Simplified BARK,31,0.007568359375,0.07431630922610281,220.0,0.0537109375,True,346628326
12,12,2,0.0,-0.504785,0.0,0.0,-0.800446,0.0537109375,0.00439453125,0.00452548309249904,1789,Simplified BARK,40,0.009765625,0.10591134849182715,220.0,0.0537109375,True,346628326
12,12,2,0.0,-0.504785,0.0,0.0,-0.800446,0.0537109375,0.00439453125,0.00452548309249904,1789,Simplified BARK,52,0.0126953125,0.16628740039645873,220.0,0.0537109375,True,346628326
12,12,2,0.0,-0.504785,0.0,0.0,-0.800446,0.0537109375,0.00439453125,0.00452548309249904,1789,Simplified BARK,67,0.016357421875,0.20872524658661912,220.0,0.0537109375,True,346628326
12,12,2,0.0,-0.504785,0.0,0.0,-0.800446,0.0537109375,0.00439453125,0.00452548309249904,1789,Simplified BARK,87,0.021240234375,0.30491095863946016,220.0,0.0537109375,True,346628326
12,12,2,0.0,-0.504785,0.0,0.0,-0.800446,0.0537109375,0.00439453125,0.00452548309249904,1789,Simplified BARK,114,0.02783203125,0.4562846093890487,220.0,0.0537109375,True,346628326
12,12,2,0.0,-0.504785,0.0,0.0,-0.800446,0.0537109375,0.00439453125,0.00452548309249904,1789,Simplified BARK,148,0.0361328125,0.6738059523288626,220.0,0.0537109375,True,346628326
12,12,2,0.0,-0.504785,0.0,0.0,-0.800446,0.0537109375,0.00439453125,0.00452548309249904,1789,Simplified BARK,192,0.046875,0.8841833154256372,220.0,0.0537109375,True,346628326
12,12,2,0.0,-0.504785,0.0,0.0,-0.800446,0.0537109375,0.00439453125,0.00452548309249904,1789,Simplified BARK,250,0.06103515625,1.0000000000000004,220.0,0.0537109375,True,346628326
12,12,2,0.0,-0.504785,0.0,0.0,-0.800446,0.0537109375,0.00439453125,0.00452548309249904,1789,Simplified BARK,325,0.079345703125,1.0000000000000004,220.0,0.0537109375,True,346628326
12,12,2,0.0,-0.504785,0.0,0.0,-0.800446,0.0537109375,0.00439453125,0.00452548309249904,1789,Simplified BARK,423,0.103271484375,1.0000000000000004,220.0,0.0537109375,True,346628326
12,12,2,0.0,-0.504785,0.0,0.0,-0.800446,0.0537109375,0.00439453125,0.00452548309249904,1789,Simplified BARK,550,0.13427734375,1.0000000000000004,220.0,0.0537109375,True,346628326
12,12,2,0.0,-0.504785,0.0,0.0,-0.800446,0.0537109375,0.00439453125,0.00452548309249904,1789,Simplified BARK,715,0.174560546875,1.0000000000000004,220.0,0.0537109375,True,346628326
12,12,2,0.0,-0.504785,0.0,0.0,-0.800446,0.0537109375,0.00439453125,0.00452548309249904,1789,Simplified BARK,931,0.227294921875,1.0000000000000004,220.0,0.0537109375,True,346628326
12,12,2,0.0,-0.504785,0.0,0.0,-0.800446,0.0537109375,0.00439453125,0.00452548309249904,1789,Simplified BARK,1210,0.29541015625,1.0000000000000004,220.0,0.0537109375,True,346628326
12,12,2,0.0,-0.504785,0.0,0.0,-0.800446,0.0537109375,0.00439453125,0.00452548309249904,1789,Simplified BARK,1575,0.384521484375,1.0000000000000004,220.0,0.0537109375,True,346628326
12,12,2,0.0,-0.504785,0.0,0.0,-0.800446,0.0537109375,0.00439453125,0.00452548309249904,1789,Simplified BARK,2048,0.5,1.0000000000000004,220.0,0.0537109375,True,346628326
12,12,2,0.0,-0.504785,0.0,0.0,-0.800446,0.0537109375,0.00439453125,0.00452548309249904,1789,SKQD,1,0.000244140625,0.00452548309249904,216.0,0.052734375,True,346628326
12,12,2,0.0,-0.504785,0.0,0.0,-0.800446,0.0537109375,0.00439453125,0.00452548309249904,1789,SKQD,2,0.00048828125,0.00452548309249904,216.0,0.052734375,True,346628326
12,12,2,0.0,-0.504785,0.0,0.0,-0.800446,0.0537109375,0.00439453125,0.00452548309249904,1789,SKQD,3,0.000732421875,0.00452548309249904,216.0,0.052734375,True,346628326
12,12,2,0.0,-0.504785,0.0,0.0,-0.800446,0.0537109375,0.00439453125,0.00452548309249904,1789,SKQD,4,0.0009765625,0.00452548309249904,216.0,0.052734375,True,346628326
12,12,2,0.0,-0.504785,0.0,0.0,-0.800446,0.0537109375,0.00439453125,0.00452548309249904,1789,SKQD,5,0.001220703125,0.00452548309249904,216.0,0.052734375,True,346628326
12,12,2,0.0,-0.504785,0.0,0.0,-0.800446,0.0537109375,0.00439453125,0.00452548309249904,1789,SKQD,6,0.00146484375,0.00452548309249904,216.0,0.052734375,True,346628326
12,12,2,0.0,-0.504785,0.0,0.0,-0.800446,0.0537109375,0.00439453125,0.00452548309249904,1789,SKQD,8,0.001953125,0.00452548309249904,216.0,0.052734375,True,346628326
12,12,2,0.0,-0.504785,0.0,0.0,-0.800446,0.0537109375,0.00439453125,0.00452548309249904,1789,SKQD,11,0.002685546875,0.00452548309249904,216.0,0.052734375,True,346628326
12,12,2,0.0,-0.504785,0.0,0.0,-0.800446,0.0537109375,0.00439453125,0.00452548309249904,1789,SKQD,14,0.00341796875,0.00452548309249904,216.0,0.052734375,True,346628326
12,12,2,0.0,-0.504785,0.0,0.0,-0.800446,0.0537109375,0.00439453125,0.00452548309249904,1789,SKQD,18,0.00439453125,0.00452548309249904,216.0,0.052734375,True,346628326
12,12,2,0.0,-0.504785,0.0,0.0,-0.800446,0.0537109375,0.00439453125,0.00452548309249904,1789,SKQD,23,0.005615234375,0.00452548309249904,216.0,0.052734375,True,346628326
12,12,2,0.0,-0.504785,0.0,0.0,-0.800446,0.0537109375,0.00439453125,0.00452548309249904,1789,SKQD,31,0.007568359375,0.00452548309249904,216.0,0.052734375,True,346628326
12,12,2,0.0,-0.504785,0.0,0.0,-0.800446,0.0537109375,0.00439453125,0.00452548309249904,1789,SKQD,40,0.009765625,0.00452548309249904,216.0,0.052734375,True,346628326
12,12,2,0.0,-0.504785,0.0,0.0,-0.800446,0.0537109375,0.00439453125,0.00452548309249904,1789,SKQD,52,0.0126953125,0.00452548309249904,216.0,0.052734375,True,346628326
12,12,2,0.0,-0.504785,0.0,0.0,-0.800446,0.0537109375,0.00439453125,0.00452548309249904,1789,SKQD,67,0.016357421875,0.10673886947960015,216.0,0.052734375,True,346628326
12,12,2,0.0,-0.504785,0.0,0.0,-0.800446,0.0537109375,0.00439453125,0.00452548309249904,1789,SKQD,87,0.021240234375,0.10673886947960015,216.0,0.052734375,True,346628326
12,12,2,0.0,-0.504785,0.0,0.0,-0.800446,0.0537109375,0.00439453125,0.00452548309249904,1789,SKQD,114,0.02783203125,0.33098281352736497,216.0,0.052734375,True,346628326
12,12,2,0.0,-0.504785,0.0,0.0,-0.800446,0.0537109375,0.00439453125,0.00452548309249904,1789,SKQD,148,0.0361328125,0.5441818974592405,216.0,0.052734375,True,346628326
12,12,2,0.0,-0.504785,0.0,0.0,-0.800446,0.0537109375,0.00439453125,0.00452548309249904,1789,SKQD,192,0.046875,0.8503743964646248,216.0,0.052734375,True,346628326
12,12,2,0.0,-0.504785,0.0,0.0,-0.800446,0.0537109375,0.00439453125,0.00452548309249904,1789,SKQD,250,0.06103515625,0.9864495479756382,216.0,0.052734375,True,346628326
12,12,2,0.0,-0.504785,0.0,0.0,-0.800446,0.0537109375,0.00439453125,0.00452548309249904,1789,SKQD,325,0.079345703125,0.9864495479756382,216.0,0.052734375,True,346628326
12,12,2,0.0,-0.504785,0.0,0.0,-0.800446,0.0537109375,0.00439453125,0.00452548309249904,1789,SKQD,423,0.103271484375,0.9864495479756382,216.0,0.052734375,True,346628326
12,12,2,0.0,-0.504785,0.0,0.0,-0.800446,0.0537109375,0.00439453125,0.00452548309249904,1789,SKQD,550,0.13427734375,0.9864495479756382,216.0,0.052734375,True,346628326
12,12,2,0.0,-0.504785,0.0,0.0,-0.800446,0.0537109375,0.00439453125,0.00452548309249904,1789,SKQD,715,0.174560546875,0.9864495479756382,216.0,0.052734375,True,346628326
12,12,2,0.0,-0.504785,0.0,0.0,-0.800446,0.0537109375,0.00439453125,0.00452548309249904,1789,SKQD,931,0.227294921875,0.9864495479756382,216.0,0.052734375,True,346628326
12,12,2,0.0,-0.504785,0.0,0.0,-0.800446,0.0537109375,0.00439453125,0.00452548309249904,1789,SKQD,1210,0.29541015625,0.9864495479756382,216.0,0.052734375,True,346628326
12,12,2,0.0,-0.504785,0.0,0.0,-0.800446,0.0537109375,0.00439453125,0.00452548309249904,1789,SKQD,1575,0.384521484375,0.9864495479756382,216.0,0.052734375,True,346628326
12,12,2,0.0,-0.504785,0.0,0.0,-0.800446,0.0537109375,0.00439453125,0.00452548309249904,1789,SKQD,2048,0.5,0.9864495479756382,216.0,0.052734375,True,346628326
12,12,2,0.0,-0.504785,0.0,0.0,-0.800446,0.0537109375,0.00439453125,0.00452548309249904,1789,Ceiling,1,0.000244140625,0.014056026580236573,2048.0,0.5,False,346628326
12,12,2,0.0,-0.504785,0.0,0.0,-0.800446,0.0537109375,0.00439453125,0.00452548309249904,1789,Ceiling,2,0.00048828125,0.028112053160473133,2048.0,0.5,False,346628326
12,12,2,0.0,-0.504785,0.0,0.0,-0.800446,0.0537109375,0.00439453125,0.00452548309249904,1789,Ceiling,3,0.000732421875,0.040915671740343704,2048.0,0.5,False,346628326
12,12,2,0.0,-0.504785,0.0,0.0,-0.800446,0.0537109375,0.00439453125,0.00452548309249904,1789,Ceiling,4,0.0009765625,0.05371929032021427,2048.0,0.5,False,346628326
12,12,2,0.0,-0.504785,0.0,0.0,-0.800446,0.0537109375,0.00439453125,0.00452548309249904,1789,Ceiling,5,0.001220703125,0.06470576990461514,2048.0,0.5,False,346628326
12,12,2,0.0,-0.504785,0.0,0.0,-0.800446,0.0537109375,0.00439453125,0.00452548309249904,1789,Ceiling,6,0.00146484375,0.07569224948901601,2048.0,0.5,False,346628326
12,12,2,0.0,-0.504785,0.0,0.0,-0.800446,0.0537109375,0.00439453125,0.00452548309249904,1789,Ceiling,8,0.001953125,0.09766520865781762,2048.0,0.5,False,346628326
12,12,2,0.0,-0.504785,0.0,0.0,-0.800446,0.0537109375,0.00439453125,0.00452548309249904,1789,Ceiling,11,0.002685546875,0.1267763450844279,2048.0,0.5,False,346628326
12,12,2,0.0,-0.504785,0.0,0.0,-0.800446,0.0537109375,0.00439453125,0.00452548309249904,1789,Ceiling,14,0.00341796875,0.1556191910692512,2048.0,0.5,False,346628326
12,12,2,0.0,-0.504785,0.0,0.0,-0.800446,0.0537109375,0.00439453125,0.00452548309249904,1789,Ceiling,18,0.00439453125,0.1935973746364971,2048.0,0.5,False,346628326
12,12,2,0.0,-0.504785,0.0,0.0,-0.800446,0.0537109375,0.00439453125,0.00452548309249904,1789,Ceiling,23,0.005615234375,0.24038698940270317,2048.0,0.5,False,346628326
12,12,2,0.0,-0.504785,0.0,0.0,-0.800446,0.0537109375,0.00439453125,0.00452548309249904,1789,Ceiling,31,0.007568359375,0.31146938214820913,2048.0,0.5,False,346628326
12,12,2,0.0,-0.504785,0.0,0.0,-0.800446,0.0537109375,0.00439453125,0.00452548309249904,1789,Ceiling,40,0.009765625,0.3833062304867294,2048.0,0.5,False,346628326
12,12,2,0.0,-0.504785,0.0,0.0,-0.800446,0.0537109375,0.00439453125,0.00452548309249904,1789,Ceiling,52,0.0126953125,0.46982545531328634,2048.0,0.5,False,346628326
12,12,2,0.0,-0.504785,0.0,0.0,-0.800446,0.0537109375,0.00439453125,0.00452548309249904,1789,Ceiling,67,0.016357421875,0.5676167332634442,2048.0,0.5,False,346628326
12,12,2,0.0,-0.504785,0.0,0.0,-0.800446,0.0537109375,0.00439453125,0.00452548309249904,1789,Ceiling,87,0.021240234375,0.6788969007479975,2048.0,0.5,False,346628326
12,12,2,0.0,-0.504785,0.0,0.0,-0.800446,0.0537109375,0.00439453125,0.00452548309249904,1789,Ceiling,114,0.02783203125,0.7950613737718472,2048.0,0.5,False,346628326
12,12,2,0.0,-0.504785,0.0,0.0,-0.800446,0.0537109375,0.00439453125,0.00452548309249904,1789,Ceiling,148,0.0361328125,0.899677444319642,2048.0,0.5,False,346628326
12,12,2,0.0,-0.504785,0.0,0.0,-0.800446,0.0537109375,0.00439453125,0.00452548309249904,1789,Ceiling,192,0.046875,0.9803550547343974,2048.0,0.5,False,346628326
12,12,2,0.0,-0.504785,0.0,0.0,-0.800446,0.0537109375,0.00439453125,0.00452548309249904,1789,Ceiling,250,0.06103515625,0.9999999999999997,2048.0,0.5,False,346628326
12,12,2,0.0,-0.504785,0.0,0.0,-0.800446,0.0537109375,0.00439453125,0.00452548309249904,1789,Ceiling,325,0.079345703125,0.9999999999999997,2048.0,0.5,False,346628326
12,12,2,0.0,-0.504785,0.0,0.0,-0.800446,0.0537109375,0.00439453125,0.00452548309249904,1789,Ceiling,423,0.103271484375,0.9999999999999997,2048.0,0.5,False,346628326
12,12,2,0.0,-0.504785,0.0,0.0,-0.800446,0.0537109375,0.00439453125,0.00452548309249904,1789,Ceiling,550,0.13427734375,0.9999999999999997,2048.0,0.5,False,346628326
12,12,2,0.0,-0.504785,0.0,0.0,-0.800446,0.0537109375,0.00439453125,0.00452548309249904,1789,Ceiling,715,0.174560546875,0.9999999999999997,2048.0,0.5,False,346628326
12,12,2,0.0,-0.504785,0.0,0.0,-0.800446,0.0537109375,0.00439453125,0.00452548309249904,1789,Ceiling,931,0.227294921875,0.9999999999999997,2048.0,0.5,False,346628326
12,12,2,0.0,-0.504785,0.0,0.0,-0.800446,0.0537109375,0.00439453125,0.00452548309249904,1789,Ceiling,1210,0.29541015625,0.9999999999999997,2048.0,0.5,False,346628326
12,12,2,0.0,-0.504785,0.0,0.0,-0.800446,0.0537109375,0.00439453125,0.00452548309249904,1789,Ceiling,1575,0.384521484375,0.9999999999999997,2048.0,0.5,False,346628326
12,12,2,0.0,-0.504785,0.0,0.0,-0.800446,0.0537109375,0.00439453125,0.00452548309249904,1789,Ceiling,2048,0.5,0.9999999999999997,2048.0,0.5,False,346628326
12,12,2,0.0,-0.504785,0.0,0.0,-0.800446,0.0537109375,0.00439453125,0.0031497607608324666,4014,BARK,1,0.000244140625,0.0031497607608324666,220.0,0.0537109375,True,346628326
12,12,2,0.0,-0.504785,0.0,0.0,-0.800446,0.0537109375,0.00439453125,0.0031497607608324666,4014,BARK,2,0.00048828125,0.005373028520649338,220.0,0.0537109375,True,346628326
12,12,2,0.0,-0.504785,0.0,0.0,-0.800446,0.0537109375,0.00439453125,0.0031497607608324666,4014,BARK,3,0.000732421875,0.006598809974267541,220.0,0.0537109375,True,346628326
12,12,2,0.0,-0.504785,0.0,0.0,-0.800446,0.0537109375,0.00439453125,0.0031497607608324666,4014,BARK,4,0.0009765625,0.009352831973254244,220.0,0.0537109375,True,346628326
12,12,2,0.0,-0.504785,0.0,0.0,-0.800446,0.0537109375,0.00439453125,0.0031497607608324666,4014,BARK,5,0.001220703125,0.011704371790454427,220.0,0.0537109375,True,346628326
12,12,2,0.0,-0.504785,0.0,0.0,-0.800446,0.0537109375,0.00439453125,0.0031497607608324666,4014,BARK,6,0.00146484375,0.016401019041848208,220.0,0.0537109375,True,346628326
12,12,2,0.0,-0.504785,0.0,0.0,-0.800446,0.0537109375,0.00439453125,0.0031497607608324666,4014,BARK,8,0.001953125,0.020619930545634275,220.0,0.0537109375,True,346628326
12,12,2,0.0,-0.504785,0.0,0.0,-0.800446,0.0537109375,0.00439453125,0.0031497607608324666,4014,BARK,11,0.002685546875,0.03070427339246874,220.0,0.0537109375,True,346628326
12,12,2,0.0,-0.504785,0.0,0.0,-0.800446,0.0537109375,0.00439453125,0.0031497607608324666,4014,BARK,14,0.00341796875,0.052774884416082274,220.0,0.0537109375,True,346628326
12,12,2,0.0,-0.504785,0.0,0.0,-0.800446,0.0537109375,0.00439453125,0.0031497607608324666,4014,BARK,18,0.00439453125,0.07100681136368028,220.0,0.0537109375,True,346628326
12,12,2,0.0,-0.504785,0.0,0.0,-0.800446,0.0537109375,0.00439453125,0.0031497607608324666,4014,BARK,23,0.005615234375,0.09207630463666888,220.0,0.0537109375,True,346628326
12,12,2,0.0,-0.504785,0.0,0.0,-0.800446,0.0537109375,0.00439453125,0.0031497607608324666,4014,BARK,31,0.007568359375,0.14554816510876453,220.0,0.0537109375,True,346628326
12,12,2,0.0,-0.504785,0.0,0.0,-0.800446,0.0537109375,0.00439453125,0.0031497607608324666,4014,BARK,40,0.009765625,0.20931797575476496,220.0,0.0537109375,True,346628326
12,12,2,0.0,-0.504785,0.0,0.0,-0.800446,0.0537109375,0.00439453125,0.0031497607608324666,4014,BARK,52,0.0126953125,0.24491526506463096,220.0,0.0537109375,True,346628326
12,12,2,0.0,-0.504785,0.0,0.0,-0.800446,0.0537109375,0.00439453125,0.0031497607608324666,4014,BARK,67,0.016357421875,0.3425635076559563,220.0,0.0537109375,True,346628326
12,12,2,0.0,-0.504785,0.0,0.0,-0.800446,0.0537109375,0.00439453125,0.0031497607608324666,4014,BARK,87,0.021240234375,0.42441992449594634,220.0,0.0537109375,True,346628326
12,12,2,0.0,-0.504785,0.0,0.0,-0.800446,0.0537109375,0.00439453125,0.0031497607608324666,4014,BARK,114,0.02783203125,0.5471555190424084,220.0,0.0537109375,True,346628326
12,12,2,0.0,-0.504785,0.0,0.0,-0.800446,0.0537109375,0.00439453125,0.0031497607608324666,4014,BARK,148,0.0361328125,0.7369871946428501,220.0,0.0537109375,True,346628326
12,12,2,0.0,-0.504785,0.0,0.0,-0.800446,0.0537109375,0.00439453125,0.0031497607608324666,4014,BARK,192,0.046875,0.9631399043634269,220.0,0.0537109375,True,346628326
12,12,2,0.0,-0.504785,0.0,0.0,-0.800446,0.0537109375,0.00439453125,0.0031497607608324666,4014,BARK,250,0.06103515625,1.0000000000000004,220.0,0.0537109375,True,346628326
12,12,2,0.0,-0.504785,0.0,0.0,-0.800446,0.0537109375,0.00439453125,0.0031497607608324666,4014,BARK,325,0.079345703125,1.0000000000000004,220.0,0.0537109375,True,346628326
12,12,2,0.0,-0.504785,0.0,0.0,-0.800446,0.0537109375,0.00439453125,0.0031497607608324666,4014,BARK,423,0.103271484375,1.0000000000000004,220.0,0.0537109375,True,346628326
12,12,2,0.0,-0.504785,0.0,0.0,-0.800446,0.0537109375,0.00439453125,0.0031497607608324666,4014,BARK,550,0.13427734375,1.0000000000000004,220.0,0.0537109375,True,346628326
12,12,2,0.0,-0.504785,0.0,0.0,-0.800446,0.0537109375,0.00439453125,0.0031497607608324666,4014,BARK,715,0.174560546875,1.0000000000000004,220.0,0.0537109375,True,346628326
12,12,2,0.0,-0.504785,0.0,0.0,-0.800446,0.0537109375,0.00439453125,0.0031497607608324666,4014,BARK,931,0.227294921875,1.0000000000000004,220.0,0.0537109375,True,346628326
12,12,2,0.0,-0.504785,0.0,0.0,-0.800446,0.0537109375,0.00439453125,0.0031497607608324666,4014,BARK,1210,0.29541015625,1.0000000000000004,220.0,0.0537109375,True,346628326
12,12,2,0.0,-0.504785,0.0,0.0,-0.800446,0.0537109375,0.00439453125,0.0031497607608324666,4014,BARK,1575,0.384521484375,1.0000000000000004,220.0,0.0537109375,True,346628326
12,12,2,0.0,-0.504785,0.0,0.0,-0.800446,0.0537109375,0.00439453125,0.0031497607608324666,4014,BARK,2048,0.5,1.0000000000000004,220.0,0.0537109375,True,346628326
12,12,2,0.0,-0.504785,0.0,0.0,-0.800446,0.0537109375,0.00439453125,0.0031497607608324666,4014,Simplified BARK,1,0.000244140625,0.0031497607608324666,220.0,0.0537109375,True,346628326
12,12,2,0.0,-0.504785,0.0,0.0,-0.800446,0.0537109375,0.00439453125,0.0031497607608324666,4014,Simplified BARK,2,0.00048828125,0.005373028520649338,220.0,0.0537109375,True,346628326
12,12,2,0.0,-0.504785,0.0,0.0,-0.800446,0.0537109375,0.00439453125,0.0031497607608324666,4014,Simplified BARK,3,0.000732421875,0.006598809974267541,220.0,0.0537109375,True,346628326
12,12,2,0.0,-0.504785,0.0,0.0,-0.800446,0.0537109375,0.00439453125,0.0031497607608324666,4014,Simplified BARK,4,0.0009765625,0.007787546373788945,220.0,0.0537109375,True,346628326
12,12,2,0.0,-0.504785,0.0,0.0,-0.800446,0.0537109375,0.00439453125,0.0031497607608324666,4014,Simplified BARK,5,0.001220703125,0.010073244308419346,220.0,0.0537109375,True,346628326
12,12,2,0.0,-0.504785,0.0,0.0,-0.800446,0.0537109375,0.00439453125,0.0031497607608324666,4014,Simplified BARK,6,0.00146484375,0.012005294721424465,220.0,0.0537109375,True,346628326
12,12,2,0.0,-0.504785,0.0,0.0,-0.800446,0.0537109375,0.00439453125,0.0031497607608324666,4014,Simplified BARK,8,0.001953125,0.015544094800382609,220.0,0.0537109375,True,346628326
12,12,2,0.0,-0.504785,0.0,0.0,-0.800446,0.0537109375,0.00439453125,0.0031497607608324666,4014,Simplified BARK,11,0.002685546875,0.013970717049367328,220.0,0.0537109375,True,346628326
12,12,2,0.0,-0.504785,0.0,0.0,-0.800446,0.0537109375,0.00439453125,0.0031497607608324666,4014,Simplified BARK,14,0.00341796875,0.014688606464273318,220.0,0.0537109375,True,346628326
12,12,2,0.0,-0.504785,0.0,0.0,-0.800446,0.0537109375,0.00439453125,0.0031497607608324666,4014,Simplified BARK,18,0.00439453125,0.022164435181588386,220.0,0.0537109375,True,346628326
12,12,2,0.0,-0.504785,0.0,0.0,-0.800446,0.0537109375,0.00439453125,0.0031497607608324666,4014,Simplified BARK,23,0.005615234375,0.04740327071205893,220.0,0.0537109375,True,346628326
12,12,2,0.0,-0.504785,0.0,0.0,-0.800446,0.0537109375,0.00439453125,0.0031497607608324666,4014,Simplified BARK,31,0.007568359375,0.07238380935397189,220.0,0.0537109375,True,346628326
12,12,2,0.0,-0.504785,0.0,0.0,-0.800446,0.0537109375,0.00439453125,0.0031497607608324666,4014,Simplified BARK,40,0.009765625,0.09064321316023662,220.0,0.0537109375,True,346628326
12,12,2,0.0,-0.504785,0.0,0.0,-0.800446,0.0537109375,0.00439453125,0.0031497607608324666,4014,Simplified BARK,52,0.0126953125,0.1633694526651663,220.0,0.0537109375,True,346628326
12,12,2,0.0,-0.504785,0.0,0.0,-0.800446,0.0537109375,0.00439453125,0.0031497607608324666,4014,Simplified BARK,67,0.016357421875,0.2014150080428158,220.0,0.0537109375,True,346628326
12,12,2,0.0,-0.504785,0.0,0.0,-0.800446,0.0537109375,0.00439453125,0.0031497607608324666,4014,Simplified BARK,87,0.021240234375,0.2914027918936083,220.0,0.0537109375,True,346628326
12,12,2,0.0,-0.504785,0.0,0.0,-0.800446,0.0537109375,0.00439453125,0.0031497607608324666,4014,Simplified BARK,114,0.02783203125,0.4475884812352097,220.0,0.0537109375,True,346628326
12,12,2,0.0,-0.504785,0.0,0.0,-0.800446,0.0537109375,0.00439453125,0.0031497607608324666,4014,Simplified BARK,148,0.0361328125,0.6630539619061305,220.0,0.0537109375,True,346628326
12,12,2,0.0,-0.504785,0.0,0.0,-0.800446,0.0537109375,0.00439453125,0.0031497607608324666,4014,Simplified BARK,192,0.046875,0.8771385507866252,220.0,0.0537109375,True,346628326
12,12,2,0.0,-0.504785,0.0,0.0,-0.800446,0.0537109375,0.00439453125,0.0031497607608324666,4014,Simplified BARK,250,0.06103515625,1.0000000000000004,220.0,0.0537109375,True,346628326
12,12,2,0.0,-0.504785,0.0,0.0,-0.800446,0.0537109375,0.00439453125,0.0031497607608324666,4014,Simplified BARK,325,0.079345703125,1.0000000000000004,220.0,0.0537109375,True,346628326
12,12,2,0.0,-0.504785,0.0,0.0,-0.800446,0.0537109375,0.00439453125,0.0031497607608324666,4014,Simplified BARK,423,0.103271484375,1.0000000000000004,220.0,0.0537109375,True,346628326
12,12,2,0.0,-0.504785,0.0,0.0,-0.800446,0.0537109375,0.00439453125,0.0031497607608324666,4014,Simplified BARK,550,0.13427734375,1.0000000000000004,220.0,0.0537109375,True,346628326
12,12,2,0.0,-0.504785,0.0,0.0,-0.800446,0.0537109375,0.00439453125,0.0031497607608324666,4014,Simplified BARK,715,0.174560546875,1.0000000000000004,220.0,0.0537109375,True,346628326
12,12,2,0.0,-0.504785,0.0,0.0,-0.800446,0.0537109375,0.00439453125,0.0031497607608324666,4014,Simplified BARK,931,0.227294921875,1.0000000000000004,220.0,0.0537109375,True,346628326
12,12,2,0.0,-0.504785,0.0,0.0,-0.800446,0.0537109375,0.00439453125,0.0031497607608324666,4014,Simplified BARK,1210,0.29541015625,1.0000000000000004,220.0,0.0537109375,True,346628326
12,12,2,0.0,-0.504785,0.0,0.0,-0.800446,0.0537109375,0.00439453125,0.0031497607608324666,4014,Simplified BARK,1575,0.384521484375,1.0000000000000004,220.0,0.0537109375,True,346628326
12,12,2,0.0,-0.504785,0.0,0.0,-0.800446,0.0537109375,0.00439453125,0.0031497607608324666,4014,Simplified BARK,2048,0.5,1.0000000000000004,220.0,0.0537109375,True,346628326
12,12,2,0.0,-0.504785,0.0,0.0,-0.800446,0.0537109375,0.00439453125,0.0031497607608324666,4014,SKQD,1,0.000244140625,0.0031497607608324666,215.66666666666666,0.052652994791666664,True,346628326
12,12,2,0.0,-0.504785,0.0,0.0,-0.800446,0.0537109375,0.00439453125,0.0031497607608324666,4014,SKQD,2,0.00048828125,0.0031497607608324666,215.66666666666666,0.052652994791666664,True,346628326
12,12,2,0.0,-0.504785,0.0,0.0,-0.800446,0.0537109375,0.00439453125,0.0031497607608324666,4014,SKQD,3,0.000732421875,0.0031497607608324666,215.66666666666666,0.052652994791666664,True,346628326
12,12,2,0.0,-0.504785,0.0,0.0,-0.800446,0.0537109375,0.00439453125,0.0031497607608324666,4014,SKQD,4,0.0009765625,0.0031497607608324666,215.66666666666666,0.052652994791666664,True,346628326
12,12,2,0.0,-0.504785,0.0,0.0,-0.800446,0.0537109375,0.00439453125,0.0031497607608324666,4014,SKQD,5,0.001220703125,0.0031497607608324666,215.66666666666666,0.052652994791666664,True,346628326
12,12,2,0.0,-0.504785,0.0,0.0,-0.800446,0.0537109375,0.00439453125,0.0031497607608324666,4014,SKQD,6,0.00146484375,0.0031497607608324666,215.66666666666666,0.052652994791666664,True,346628326
12,12,2,0.0,-0.504785,0.0,0.0,-0.800446,0.0537109375,0.00439453125,0.0031497607608324666,4014,SKQD,8,0.001953125,0.0031497607608324666,215.66666666666666,0.052652994791666664,True,346628326
12,12,2,0.0,-0.504785,0.0,0.0,-0.800446,0.0537109375,0.00439453125,0.0031497607608324666,4014,SKQD,11,0.002685546875,0.0031497607608324666,215.66666666666666,0.052652994791666664,True,346628326
12,12,2,0.0,-0.504785,0.0,0.0,-0.800446,0.0537109375,0.00439453125,0.0031497607608324666,4014,SKQD,14,0.00341796875,0.0031497607608324666,215.66666666666666,0.052652994791666664,True,346628326
12,12,2,0.0,-0.504785,0.0,0.0,-0.800446,0.0537109375,0.00439453125,0.0031497607608324666,4014,SKQD,18,0.00439453125,0.0031497607608324666,215.66666666666666,0.052652994791666664,True,346628326
12,12,2,0.0,-0.504785,0.0,0.0,-0.800446,0.0537109375,0.00439453125,0.0031497607608324666,4014,SKQD,23,0.005615234375,0.07181220906991828,215.66666666666666,0.052652994791666664,True,346628326
12,12,2,0.0,-0.504785,0.0,0.0,-0.800446,0.0537109375,0.00439453125,0.0031497607608324666,4014,SKQD,31,0.007568359375,0.07181220906991828,215.66666666666666,0.052652994791666664,True,346628326
12,12,2,0.0,-0.504785,0.0,0.0,-0.800446,0.0537109375,0.00439453125,0.0031497607608324666,4014,SKQD,40,0.009765625,0.07181220906991828,215.66666666666666,0.052652994791666664,True,346628326
12,12,2,0.0,-0.504785,0.0,0.0,-0.800446,0.0537109375,0.00439453125,0.0031497607608324666,4014,SKQD,52,0.0126953125,0.07181220906991828,215.66666666666666,0.052652994791666664,True,346628326
12,12,2,0.0,-0.504785,0.0,0.0,-0.800446,0.0537109375,0.00439453125,0.0031497607608324666,4014,SKQD,67,0.016357421875,0.1602536156168716,215.66666666666666,0.052652994791666664,True,346628326
12,12,2,0.0,-0.504785,0.0,0.0,-0.800446,0.0537109375,0.00439453125,0.0031497607608324666,4014,SKQD,87,0.021240234375,0.1602536156168716,215.66666666666666,0.052652994791666664,True,346628326
12,12,2,0.0,-0.504785,0.0,0.0,-0.800446,0.0537109375,0.00439453125,0.0031497607608324666,4014,SKQD,114,0.02783203125,0.25141387210300514,215.66666666666666,0.052652994791666664,True,346628326
12,12,2,0.0,-0.504785,0.0,0.0,-0.800446,0.0537109375,0.00439453125,0.0031497607608324666,4014,SKQD,148,0.0361328125,0.34538185323393117,215.66666666666666,0.052652994791666664,True,346628326
12,12,2,0.0,-0.504785,0.0,0.0,-0.800446,0.0537109375,0.00439453125,0.0031497607608324666,4014,SKQD,192,0.046875,0.7401492224959606,215.66666666666666,0.052652994791666664,True,346628326
12,12,2,0.0,-0.504785,0.0,0.0,-0.800446,0.0537109375,0.00439453125,0.0031497607608324666,4014,SKQD,250,0.06103515625,0.9778955156741801,215.66666666666666,0.052652994791666664,True,346628326
12,12,2,0.0,-0.504785,0.0,0.0,-0.800446,0.0537109375,0.00439453125,0.0031497607608324666,4014,SKQD,325,0.079345703125,0.9778955156741801,215.66666666666666,0.052652994791666664,True,346628326
12,12,2,0.0,-0.504785,0.0,0.0,-0.800446,0.0537109375,0.00439453125,0.0031497607608324666,4014,SKQD,423,0.103271484375,0.9778955156741801,215.66666666666666,0.052652994791666664,True,346628326
12,12,2,0.0,-0.504785,0.0,0.0,-0.800446,0.0537109375,0.00439453125,0.0031497607608324666,4014,SKQD,550,0.13427734375,0.9778955156741801,215.66666666666666,0.052652994791666664,True,346628326
12,12,2,0.0,-0.504785,0.0,0.0,-0.800446,0.0537109375,0.00439453125,0.0031497607608324666,4014,SKQD,715,0.174560546875,0.9778955156741801,215.66666666666666,0.052652994791666664,True,346628326
12,12,2,0.0,-0.504785,0.0,0.0,-0.800446,0.0537109375,0.00439453125,0.0031497607608324666,4014,SKQD,931,0.227294921875,0.9778955156741801,215.66666666666666,0.052652994791666664,True,346628326
12,12,2,0.0,-0.504785,0.0,0.0,-0.800446,0.0537109375,0.00439453125,0.0031497607608324666,4014,SKQD,1210,0.29541015625,0.9778955156741801,215.66666666666666,0.052652994791666664,True,346628326
12,12,2,0.0,-0.504785,0.0,0.0,-0.800446,0.0537109375,0.00439453125,0.0031497607608324666,4014,SKQD,1575,0.384521484375,0.9778955156741801,215.66666666666666,0.052652994791666664,True,346628326
12,12,2,0.0,-0.504785,0.0,0.0,-0.800446,0.0537109375,0.00439453125,0.0031497607608324666,4014,SKQD,2048,0.5,0.9778955156741801,215.66666666666666,0.052652994791666664,True,346628326
12,12,2,0.0,-0.504785,0.0,0.0,-0.800446,0.0537109375,0.00439453125,0.0031497607608324666,4014,Ceiling,1,0.000244140625,0.014056026580236573,2048.0,0.5,False,346628326
12,12,2,0.0,-0.504785,0.0,0.0,-0.800446,0.0537109375,0.00439453125,0.0031497607608324666,4014,Ceiling,2,0.00048828125,0.028112053160473133,2048.0,0.5,False,346628326
12,12,2,0.0,-0.504785,0.0,0.0,-0.800446,0.0537109375,0.00439453125,0.0031497607608324666,4014,Ceiling,3,0.000732421875,0.040915671740343704,2048.0,0.5,False,346628326
12,12,2,0.0,-0.504785,0.0,0.0,-0.800446,0.0537109375,0.00439453125,0.0031497607608324666,4014,Ceiling,4,0.0009765625,0.05371929032021427,2048.0,0.5,False,346628326
12,12,2,0.0,-0.504785,0.0,0.0,-0.800446,0.0537109375,0.00439453125,0.0031497607608324666,4014,Ceiling,5,0.001220703125,0.06470576990461514,2048.0,0.5,False,346628326
12,12,2,0.0,-0.504785,0.0,0.0,-0.800446,0.0537109375,0.00439453125,0.0031497607608324666,4014,Ceiling,6,0.00146484375,0.07569224948901601,2048.0,0.5,False,346628326
12,12,2,0.0,-0.504785,0.0,0.0,-0.800446,0.0537109375,0.00439453125,0.0031497607608324666,4014,Ceiling,8,0.001953125,0.09766520865781762,2048.0,0.5,False,346628326
12,12,2,0.0,-0.504785,0.0,0.0,-0.800446,0.0537109375,0.00439453125,0.0031497607608324666,4014,Ceiling,11,0.002685546875,0.1267763450844279,2048.0,0.5,False,346628326
12,12,2,0.0,-0.504785,0.0,0.0,-0.800446,0.0537109375,0.00439453125,0.0031497607608324666,4014,Ceiling,14,0.00341796875,0.1556191910692512,2048.0,0.5,False,346628326
12,12,2,0.0,-0.504785,0.0,0.0,-0.800446,0.0537109375,0.00439453125,0.0031497607608324666,4014,Ceiling,18,0.00439453125,0.1935973746364971,2048.0,0.5,False,346628326
12,12,2,0.0,-0.504785,0.0,0.0,-0.800446,0.0537109375,0.00439453125,0.0031497607608324666,4014,Ceiling,23,0.005615234375,0.24038698940270317,2048.0,0.5,False,346628326
12,12,2,0.0,-0.504785,0.0,0.0,-0.800446,0.0537109375,0.00439453125,0.0031497607608324666,4014,Ceiling,31,0.007568359375,0.31146938214820913,2048.0,0.5,False,346628326
12,12,2,0.0,-0.504785,0.0,0.0,-0.800446,0.0537109375,0.00439453125,0.0031497607608324666,4014,Ceiling,40,0.009765625,0.3833062304867294,2048.0,0.5,False,346628326
12,12,2,0.0,-0.504785,0.0,0.0,-0.800446,0.0537109375,0.00439453125,0.0031497607608324666,4014,Ceiling,52,0.0126953125,0.46982545531328634,2048.0,0.5,False,346628326
12,12,2,0.0,-0.504785,0.0,0.0,-0.800446,0.0537109375,0.00439453125,0.0031497607608324666,4014,Ceiling,67,0.016357421875,0.5676167332634442,2048.0,0.5,False,346628326
12,12,2,0.0,-0.504785,0.0,0.0,-0.800446,0.0537109375,0.00439453125,0.0031497607608324666,4014,Ceiling,87,0.021240234375,0.6788969007479975,2048.0,0.5,False,346628326
12,12,2,0.0,-0.504785,0.0,0.0,-0.800446,0.0537109375,0.00439453125,0.0031497607608324666,4014,Ceiling,114,0.02783203125,0.7950613737718472,2048.0,0.5,False,346628326
12,12,2,0.0,-0.504785,0.0,0.0,-0.800446,0.0537109375,0.00439453125,0.0031497607608324666,4014,Ceiling,148,0.0361328125,0.899677444319642,2048.0,0.5,False,346628326
12,12,2,0.0,-0.504785,0.0,0.0,-0.800446,0.0537109375,0.00439453125,0.0031497607608324666,4014,Ceiling,192,0.046875,0.9803550547343974,2048.0,0.5,False,346628326
12,12,2,0.0,-0.504785,0.0,0.0,-0.800446,0.0537109375,0.00439453125,0.0031497607608324666,4014,Ceiling,250,0.06103515625,0.9999999999999997,2048.0,0.5,False,346628326
12,12,2,0.0,-0.504785,0.0,0.0,-0.800446,0.0537109375,0.00439453125,0.0031497607608324666,4014,Ceiling,325,0.079345703125,0.9999999999999997,2048.0,0.5,False,346628326
12,12,2,0.0,-0.504785,0.0,0.0,-0.800446,0.0537109375,0.00439453125,0.0031497607608324666,4014,Ceiling,423,0.103271484375,0.9999999999999997,2048.0,0.5,False,346628326
12,12,2,0.0,-0.504785,0.0,0.0,-0.800446,0.0537109375,0.00439453125,0.0031497607608324666,4014,Ceiling,550,0.13427734375,0.9999999999999997,2048.0,0.5,False,346628326
12,12,2,0.0,-0.504785,0.0,0.0,-0.800446,0.0537109375,0.00439453125,0.0031497607608324666,4014,Ceiling,715,0.174560546875,0.9999999999999997,2048.0,0.5,False,346628326
12,12,2,0.0,-0.504785,0.0,0.0,-0.800446,0.0537109375,0.00439453125,0.0031497607608324666,4014,Ceiling,931,0.227294921875,0.9999999999999997,2048.0,0.5,False,346628326
12,12,2,0.0,-0.504785,0.0,0.0,-0.800446,0.0537109375,0.00439453125,0.0031497607608324666,4014,Ceiling,1210,0.29541015625,0.9999999999999997,2048.0,0.5,False,346628326
12,12,2,0.0,-0.504785,0.0,0.0,-0.800446,0.0537109375,0.00439453125,0.0031497607608324666,4014,Ceiling,1575,0.384521484375,0.9999999999999997,2048.0,0.5,False,346628326
12,12,2,0.0,-0.504785,0.0,0.0,-0.800446,0.0537109375,0.00439453125,0.0031497607608324666,4014,Ceiling,2048,0.5,0.9999999999999997,2048.0,0.5,False,346628326
12,12,2,0.0,-0.504785,0.0,0.0,-0.800446,0.0537109375,0.00439453125,0.001706905048795698,1019,BARK,1,0.000244140625,0.001706905048795698,220.0,0.0537109375,True,346628326
12,12,2,0.0,-0.504785,0.0,0.0,-0.800446,0.0537109375,0.00439453125,0.001706905048795698,1019,BARK,2,0.00048828125,0.0026476890085411426,220.0,0.0537109375,True,346628326
12,12,2,0.0,-0.504785,0.0,0.0,-0.800446,0.0537109375,0.00439453125,0.001706905048795698,1019,BARK,3,0.000732421875,0.0025853836519797654,220.0,0.0537109375,True,346628326
12,12,2,0.0,-0.504785,0.0,0.0,-0.800446,0.0537109375,0.00439453125,0.001706905048795698,1019,BARK,4,0.0009765625,0.003137234722082416,220.0,0.0537109375,True,346628326
12,12,2,0.0,-0.504785,0.0,0.0,-0.800446,0.0537109375,0.00439453125,0.001706905048795698,1019,BARK,5,0.001220703125,0.0043009070979480825,220.0,0.0537109375,True,346628326
12,12,2,0.0,-0.504785,0.0,0.0,-0.800446,0.0537109375,0.00439453125,0.001706905048795698,1019,BARK,6,0.00146484375,0.008661382939719997,220.0,0.0537109375,True,346628326
12,12,2,0.0,-0.504785,0.0,0.0,-0.800446,0.0537109375,0.00439453125,0.001706905048795698,1019,BARK,8,0.001953125,0.01495766917709744,220.0,0.0537109375,True,346628326
12,12,2,0.0,-0.504785,0.0,0.0,-0.800446,0.0537109375,0.00439453125,0.001706905048795698,1019,BARK,11,0.002685546875,0.023742100592216476,220.0,0.0537109375,True,346628326
12,12,2,0.0,-0.504785,0.0,0.0,-0.800446,0.0537109375,0.00439453125,0.001706905048795698,1019,BARK,14,0.00341796875,0.031193004068245034,220.0,0.0537109375,True,346628326
12,12,2,0.0,-0.504785,0.0,0.0,-0.800446,0.0537109375,0.00439453125,0.001706905048795698,1019,BARK,18,0.00439453125,0.048018106018530175,220.0,0.0537109375,True,346628326
12,12,2,0.0,-0.504785,0.0,0.0,-0.800446,0.0537109375,0.00439453125,0.001706905048795698,1019,BARK,23,0.005615234375,0.06604747112200539,220.0,0.0537109375,True,346628326
12,12,2,0.0,-0.504785,0.0,0.0,-0.800446,0.0537109375,0.00439453125,0.001706905048795698,1019,BARK,31,0.007568359375,0.1018534892519399,220.0,0.0537109375,True,346628326
12,12,2,0.0,-0.504785,0.0,0.0,-0.800446,0.0537109375,0.00439453125,0.001706905048795698,1019,BARK,40,0.009765625,0.154392067790209,220.0,0.0537109375,True,346628326
12,12,2,0.0,-0.504785,0.0,0.0,-0.800446,0.0537109375,0.00439453125,0.001706905048795698,1019,BARK,52,0.0126953125,0.17918965144002005,220.0,0.0537109375,True,346628326
12,12,2,0.0,-0.504785,0.0,0.0,-0.800446,0.0537109375,0.00439453125,0.001706905048795698,1019,BARK,67,0.016357421875,0.26870901787343743,220.0,0.0537109375,True,346628326
12,12,2,0.0,-0.504785,0.0,0.0,-0.800446,0.0537109375,0.00439453125,0.001706905048795698,1019,BARK,87,0.021240234375,0.3397148378649865,220.0,0.0537109375,True,346628326
12,12,2,0.0,-0.504785,0.0,0.0,-0.800446,0.0537109375,0.00439453125,0.001706905048795698,1019,BARK,114,0.02783203125,0.4900234380724147,220.0,0.0537109375,True,346628326
12,12,2,0.0,-0.504785,0.0,0.0,-0.800446,0.0537109375,0.00439453125,0.001706905048795698,1019,BARK,148,0.0361328125,0.6948255790637647,220.0,0.0537109375,True,346628326
12,12,2,0.0,-0.504785,0.0,0.0,-0.800446,0.0537109375,0.00439453125,0.001706905048795698,1019,BARK,192,0.046875,0.9445580539180779,220.0,0.0537109375,True,346628326
12,12,2,0.0,-0.504785,0.0,0.0,-0.800446,0.0537109375,0.00439453125,0.001706905048795698,1019,BARK,250,0.06103515625,1.0000000000000004,220.0,0.0537109375,True,346628326
12,12,2,0.0,-0.504785,0.0,0.0,-0.800446,0.0537109375,0.00439453125,0.001706905048795698,1019,BARK,325,0.079345703125,1.0000000000000004,220.0,0.0537109375,True,346628326
12,12,2,0.0,-0.504785,0.0,0.0,-0.800446,0.0537109375,0.00439453125,0.001706905048795698,1019,BARK,423,0.103271484375,1.0000000000000004,220.0,0.0537109375,True,346628326
12,12,2,0.0,-0.504785,0.0,0.0,-0.800446,0.0537109375,0.00439453125,0.001706905048795698,1019,BARK,550,0.13427734375,1.0000000000000004,220.0,0.0537109375,True,346628326
12,12,2,0.0,-0.504785,0.0,0.0,-0.800446,0.0537109375,0.00439453125,0.001706905048795698,1019,BARK,715,0.174560546875,1.0000000000000004,220.0,0.0537109375,True,346628326
12,12,2,0.0,-0.504785,0.0,0.0,-0.800446,0.0537109375,0.00439453125,0.001706905048795698,1019,BARK,931,0.227294921875,1.0000000000000004,220.0,0.0537109375,True,346628326
12,12,2,0.0,-0.504785,0.0,0.0,-0.800446,0.0537109375,0.00439453125,0.001706905048795698,1019,BARK,1210,0.29541015625,1.0000000000000004,220.0,0.0537109375,True,346628326
12,12,2,0.0,-0.504785,0.0,0.0,-0.800446,0.0537109375,0.00439453125,0.001706905048795698,1019,BARK,1575,0.384521484375,1.0000000000000004,220.0,0.0537109375,True,346628326
12,12,2,0.0,-0.504785,0.0,0.0,-0.800446,0.0537109375,0.00439453125,0.001706905048795698,1019,BARK,2048,0.5,1.0000000000000004,220.0,0.0537109375,True,346628326
12,12,2,0.0,-0.504785,0.0,0.0,-0.800446,0.0537109375,0.00439453125,0.001706905048795698,1019,Simplified BARK,1,0.000244140625,0.001706905048795698,220.0,0.0537109375,True,346628326
12,12,2,0.0,-0.504785,0.0,0.0,-0.800446,0.0537109375,0.00439453125,0.001706905048795698,1019,Simplified BARK,2,0.00048828125,0.0026476890085411426,220.0,0.0537109375,True,346628326
12,12,2,0.0,-0.504785,0.0,0.0,-0.800446,0.0537109375,0.00439453125,0.001706905048795698,1019,Simplified BARK,3,0.000732421875,0.0025853836519797654,220.0,0.0537109375,True,346628326
12,12,2,0.0,-0.504785,0.0,0.0,-0.800446,0.0537109375,0.00439453125,0.001706905048795698,1019,Simplified BARK,4,0.0009765625,0.0047193408724279535,220.0,0.0537109375,True,346628326
12,12,2,0.0,-0.504785,0.0,0.0,-0.800446,0.0537109375,0.00439453125,0.001706905048795698,1019,Simplified BARK,5,0.001220703125,0.005930596386759507,220.0,0.0537109375,True,346628326
12,12,2,0.0,-0.504785,0.0,0.0,-0.800446,0.0537109375,0.00439453125,0.001706905048795698,1019,Simplified BARK,6,0.00146484375,0.006942846389961433,220.0,0.0537109375,True,346628326
12,12,2,0.0,-0.504785,0.0,0.0,-0.800446,0.0537109375,0.00439453125,0.001706905048795698,1019,Simplified BARK,8,0.001953125,0.010190455841537846,220.0,0.0537109375,True,346628326
12,12,2,0.0,-0.504785,0.0,0.0,-0.800446,0.0537109375,0.00439453125,0.001706905048795698,1019,Simplified BARK,11,0.002685546875,0.016184413485461974,220.0,0.0537109375,True,346628326
12,12,2,0.0,-0.504785,0.0,0.0,-0.800446,0.0537109375,0.00439453125,0.001706905048795698,1019,Simplified BARK,14,0.00341796875,0.023873432553348575,220.0,0.0537109375,True,346628326
12,12,2,0.0,-0.504785,0.0,0.0,-0.800446,0.0537109375,0.00439453125,0.001706905048795698,1019,Simplified BARK,18,0.00439453125,0.04082886971363923,220.0,0.0537109375,True,346628326
12,12,2,0.0,-0.504785,0.0,0.0,-0.800446,0.0537109375,0.00439453125,0.001706905048795698,1019,Simplified BARK,23,0.005615234375,0.056643964763738765,220.0,0.0537109375,True,346628326
12,12,2,0.0,-0.504785,0.0,0.0,-0.800446,0.0537109375,0.00439453125,0.001706905048795698,1019,Simplified BARK,31,0.007568359375,0.07431630922610284,220.0,0.0537109375,True,346628326
12,12,2,0.0,-0.504785,0.0,0.0,-0.800446,0.0537109375,0.00439453125,0.001706905048795698,1019,Simplified BARK,40,0.009765625,0.10591134849182718,220.0,0.0537109375,True,346628326
12,12,2,0.0,-0.504785,0.0,0.0,-0.800446,0.0537109375,0.00439453125,0.001706905048795698,1019,Simplified BARK,52,0.0126953125,0.16628740039645878,220.0,0.0537109375,True,346628326
12,12,2,0.0,-0.504785,0.0,0.0,-0.800446,0.0537109375,0.00439453125,0.001706905048795698,1019,Simplified BARK,67,0.016357421875,0.20872524658661906,220.0,0.0537109375,True,346628326
12,12,2,0.0,-0.504785,0.0,0.0,-0.800446,0.0537109375,0.00439453125,0.001706905048795698,1019,Simplified BARK,87,0.021240234375,0.30491095863946016,220.0,0.0537109375,True,346628326
12,12,2,0.0,-0.504785,0.0,0.0,-0.800446,0.0537109375,0.00439453125,0.001706905048795698,1019,Simplified BARK,114,0.02783203125,0.456284609389049,220.0,0.0537109375,True,346628326
12,12,2,0.0,-0.504785,0.0,0.0,-0.800446,0.0537109375,0.00439453125,0.001706905048795698,1019,Simplified BARK,148,0.0361328125,0.6738059523288621,220.0,0.0537109375,True,346628326
12,12,2,0.0,-0.504785,0.0,0.0,-0.800446,0.0537109375,0.00439453125,0.001706905048795698,1019,Simplified BARK,192,0.046875,0.8841833154256374,220.0,0.0537109375,True,346628326
12,12,2,0.0,-0.504785,0.0,0.0,-0.800446,0.0537109375,0.00439453125,0.001706905048795698,1019,Simplified BARK,250,0.06103515625,1.0000000000000004,220.0,0.0537109375,True,346628326
12,12,2,0.0,-0.504785,0.0,0.0,-0.800446,0.0537109375,0.00439453125,0.001706905048795698,1019,Simplified BARK,325,0.079345703125,1.0000000000000004,220.0,0.0537109375,True,346628326
12,12,2,0.0,-0.504785,0.0,0.0,-0.800446,0.0537109375,0.00439453125,0.001706905048795698,1019,Simplified BARK,423,0.103271484375,1.0000000000000004,220.0,0.0537109375,True,346628326
12,12,2,0.0,-0.504785,0.0,0.0,-0.800446,0.0537109375,0.00439453125,0.001706905048795698,1019,Simplified BARK,550,0.13427734375,1.0000000000000004,220.0,0.0537109375,True,346628326
12,12,2,0.0,-0.504785,0.0,0.0,-0.800446,0.0537109375,0.00439453125,0.001706905048795698,1019,Simplified BARK,715,0.174560546875,1.0000000000000004,220.0,0.0537109375,True,346628326
12,12,2,0.0,-0.504785,0.0,0.0,-0.800446,0.0537109375,0.00439453125,0.001706905048795698,1019,Simplified BARK,931,0.227294921875,1.0000000000000004,220.0,0.0537109375,True,346628326
12,12,2,0.0,-0.504785,0.0,0.0,-0.800446,0.0537109375,0.00439453125,0.001706905048795698,1019,Simplified BARK,1210,0.29541015625,1.0000000000000004,220.0,0.0537109375,True,346628326
12,12,2,0.0,-0.504785,0.0,0.0,-0.800446,0.0537109375,0.00439453125,0.001706905048795698,1019,Simplified BARK,1575,0.384521484375,1.0000000000000004,220.0,0.0537109375,True,346628326
12,12,2,0.0,-0.504785,0.0,0.0,-0.800446,0.0537109375,0.00439453125,0.001706905048795698,1019,Simplified BARK,2048,0.5,1.0000000000000004,220.0,0.0537109375,True,346628326
12,12,2,0.0,-0.504785,0.0,0.0,-0.800446,0.0537109375,0.00439453125,0.001706905048795698,1019,SKQD,1,0.000244140625,0.001706905048795698,215.66666666666666,0.052652994791666664,True,346628326
12,12,2,0.0,-0.504785,0.0,0.0,-0.800446,0.0537109375,0.00439453125,0.001706905048795698,1019,SKQD,2,0.00048828125,0.001706905048795698,215.66666666666666,0.052652994791666664,True,346628326
12,12,2,0.0,-0.504785,0.0,0.0,-0.800446,0.0537109375,0.00439453125,0.001706905048795698,1019,SKQD,3,0.000732421875,0.001706905048795698,215.66666666666666,0.052652994791666664,True,346628326
12,12,2,0.0,-0.504785,0.0,0.0,-0.800446,0.0537109375,0.00439453125,0.001706905048795698,1019,SKQD,4,0.0009765625,0.001706905048795698,215.66666666666666,0.052652994791666664,True,346628326
12,12,2,0.0,-0.504785,0.0,0.0,-0.800446,0.0537109375,0.00439453125,0.001706905048795698,1019,SKQD,5,0.001220703125,0.001706905048795698,215.66666666666666,0.052652994791666664,True,346628326
12,12,2,0.0,-0.504785,0.0,0.0,-0.800446,0.0537109375,0.00439453125,0.001706905048795698,1019,SKQD,6,0.00146484375,0.001706905048795698,215.66666666666666,0.052652994791666664,True,346628326
12,12,2,0.0,-0.504785,0.0,0.0,-0.800446,0.0537109375,0.00439453125,0.001706905048795698,1019,SKQD,8,0.001953125,0.001706905048795698,215.66666666666666,0.052652994791666664,True,346628326
12,12,2,0.0,-0.504785,0.0,0.0,-0.800446,0.0537109375,0.00439453125,0.001706905048795698,1019,SKQD,11,0.002685546875,0.001706905048795698,215.66666666666666,0.052652994791666664,True,346628326
12,12,2,0.0,-0.504785,0.0,0.0,-0.800446,0.0537109375,0.00439453125,0.001706905048795698,1019,SKQD,14,0.00341796875,0.001706905048795698,215.66666666666666,0.052652994791666664,True,346628326
12,12,2,0.0,-0.504785,0.0,0.0,-0.800446,0.0537109375,0.00439453125,0.001706905048795698,1019,SKQD,18,0.00439453125,0.001706905048795698,215.66666666666666,0.052652994791666664,True,346628326
12,12,2,0.0,-0.504785,0.0,0.0,-0.800446,0.0537109375,0.00439453125,0.001706905048795698,1019,SKQD,23,0.005615234375,0.001706905048795698,215.66666666666666,0.052652994791666664,True,346628326
12,12,2,0.0,-0.504785,0.0,0.0,-0.800446,0.0537109375,0.00439453125,0.001706905048795698,1019,SKQD,31,0.007568359375,0.01579591676865948,215.66666666666666,0.052652994791666664,True,346628326
12,12,2,0.0,-0.504785,0.0,0.0,-0.800446,0.0537109375,0.00439453125,0.001706905048795698,1019,SKQD,40,0.009765625,0.07231175939413957,215.66666666666666,0.052652994791666664,True,346628326
12,12,2,0.0,-0.504785,0.0,0.0,-0.800446,0.0537109375,0.00439453125,0.001706905048795698,1019,SKQD,52,0.0126953125,0.07231175939413957,215.66666666666666,0.052652994791666664,True,346628326
12,12,2,0.0,-0.504785,0.0,0.0,-0.800446,0.0537109375,0.00439453125,0.001706905048795698,1019,SKQD,67,0.016357421875,0.07231175939413957,215.66666666666666,0.052652994791666664,True,346628326
12,12,2,0.0,-0.504785,0.0,0.0,-0.800446,0.0537109375,0.00439453125,0.001706905048795698,1019,SKQD,87,0.021240234375,0.14914962936165418,215.66666666666666,0.052652994791666664,True,346628326
12,12,2,0.0,-0.504785,0.0,0.0,-0.800446,0.0537109375,0.00439453125,0.001706905048795698,1019,SKQD,114,0.02783203125,0.28317441110604336,215.66666666666666,0.052652994791666664,True,346628326
12,12,2,0.0,-0.504785,0.0,0.0,-0.800446,0.0537109375,0.00439453125,0.001706905048795698,1019,SKQD,148,0.0361328125,0.41890806704723116,215.66666666666666,0.052652994791666664,True,346628326
12,12,2,0.0,-0.504785,0.0,0.0,-0.800446,0.0537109375,0.00439453125,0.001706905048795698,1019,SKQD,192,0.046875,0.8113161171168682,215.66666666666666,0.052652994791666664,True,346628326
12,12,2,0.0,-0.504785,0.0,0.0,-0.800446,0.0537109375,0.00439453125,0.001706905048795698,1019,SKQD,250,0.06103515625,0.9740624639249232,215.66666666666666,0.052652994791666664,True,346628326
12,12,2,0.0,-0.504785,0.0,0.0,-0.800446,0.0537109375,0.00439453125,0.001706905048795698,1019,SKQD,325,0.079345703125,0.9740624639249232,215.66666666666666,0.052652994791666664,True,346628326
12,12,2,0.0,-0.504785,0.0,0.0,-0.800446,0.0537109375,0.00439453125,0.001706905048795698,1019,SKQD,423,0.103271484375,0.9740624639249232,215.66666666666666,0.052652994791666664,True,346628326
12,12,2,0.0,-0.504785,0.0,0.0,-0.800446,0.0537109375,0.00439453125,0.001706905048795698,1019,SKQD,550,0.13427734375,0.9740624639249232,215.66666666666666,0.052652994791666664,True,346628326
12,12,2,0.0,-0.504785,0.0,0.0,-0.800446,0.0537109375,0.00439453125,0.001706905048795698,1019,SKQD,715,0.174560546875,0.9740624639249232,215.66666666666666,0.052652994791666664,True,346628326
12,12,2,0.0,-0.504785,0.0,0.0,-0.800446,0.0537109375,0.00439453125,0.001706905048795698,1019,SKQD,931,0.227294921875,0.9740624639249232,215.66666666666666,0.052652994791666664,True,346628326
12,12,2,0.0,-0.504785,0.0,0.0,-0.800446,0.0537109375,0.00439453125,0.001706905048795698,1019,SKQD,1210,0.29541015625,0.9740624639249232,215.66666666666666,0.052652994791666664,True,346628326
12,12,2,0.0,-0.504785,0.0,0.0,-0.800446,0.0537109375,0.00439453125,0.001706905048795698,1019,SKQD,1575,0.384521484375,0.9740624639249232,215.66666666666666,0.052652994791666664,True,346628326
12,12,2,0.0,-0.504785,0.0,0.0,-0.800446,0.0537109375,0.00439453125,0.001706905048795698,1019,SKQD,2048,0.5,0.9740624639249232,215.66666666666666,0.052652994791666664,True,346628326
12,12,2,0.0,-0.504785,0.0,0.0,-0.800446,0.0537109375,0.00439453125,0.001706905048795698,1019,Ceiling,1,0.000244140625,0.014056026580236573,2048.0,0.5,False,346628326
12,12,2,0.0,-0.504785,0.0,0.0,-0.800446,0.0537109375,0.00439453125,0.001706905048795698,1019,Ceiling,2,0.00048828125,0.028112053160473133,2048.0,0.5,False,346628326
12,12,2,0.0,-0.504785,0.0,0.0,-0.800446,0.0537109375,0.00439453125,0.001706905048795698,1019,Ceiling,3,0.000732421875,0.040915671740343704,2048.0,0.5,False,346628326
12,12,2,0.0,-0.504785,0.0,0.0,-0.800446,0.0537109375,0.00439453125,0.001706905048795698,1019,Ceiling,4,0.0009765625,0.05371929032021427,2048.0,0.5,False,346628326
12,12,2,0.0,-0.504785,0.0,0.0,-0.800446,0.0537109375,0.00439453125,0.001706905048795698,1019,Ceiling,5,0.001220703125,0.06470576990461514,2048.0,0.5,False,346628326
12,12,2,0.0,-0.504785,0.0,0.0,-0.800446,0.0537109375,0.00439453125,0.001706905048795698,1019,Ceiling,6,0.00146484375,0.07569224948901601,2048.0,0.5,False,346628326
12,12,2,0.0,-0.504785,0.0,0.0,-0.800446,0.0537109375,0.00439453125,0.001706905048795698,1019,Ceiling,8,0.001953125,0.09766520865781762,2048.0,0.5,False,346628326
12,12,2,0.0,-0.504785,0.0,0.0,-0.800446,0.0537109375,0.00439453125,0.001706905048795698,1019,Ceiling,11,0.002685546875,0.1267763450844279,2048.0,0.5,False,346628326
12,12,2,0.0,-0.504785,0.0,0.0,-0.800446,0.0537109375,0.00439453125,0.001706905048795698,1019,Ceiling,14,0.00341796875,0.1556191910692512,2048.0,0.5,False,346628326
12,12,2,0.0,-0.504785,0.0,0.0,-0.800446,0.0537109375,0.00439453125,0.001706905048795698,1019,Ceiling,18,0.00439453125,0.1935973746364971,2048.0,0.5,False,346628326
12,12,2,0.0,-0.504785,0.0,0.0,-0.800446,0.0537109375,0.00439453125,0.001706905048795698,1019,Ceiling,23,0.005615234375,0.24038698940270317,2048.0,0.5,False,346628326
12,12,2,0.0,-0.504785,0.0,0.0,-0.800446,0.0537109375,0.00439453125,0.001706905048795698,1019,Ceiling,31,0.007568359375,0.31146938214820913,2048.0,0.5,False,346628326
12,12,2,0.0,-0.504785,0.0,0.0,-0.800446,0.0537109375,0.00439453125,0.001706905048795698,1019,Ceiling,40,0.009765625,0.3833062304867294,2048.0,0.5,False,346628326
12,12,2,0.0,-0.504785,0.0,0.0,-0.800446,0.0537109375,0.00439453125,0.001706905048795698,1019,Ceiling,52,0.0126953125,0.46982545531328634,2048.0,0.5,False,346628326
12,12,2,0.0,-0.504785,0.0,0.0,-0.800446,0.0537109375,0.00439453125,0.001706905048795698,1019,Ceiling,67,0.016357421875,0.5676167332634442,2048.0,0.5,False,346628326
12,12,2,0.0,-0.504785,0.0,0.0,-0.800446,0.0537109375,0.00439453125,0.001706905048795698,1019,Ceiling,87,0.021240234375,0.6788969007479975,2048.0,0.5,False,346628326
12,12,2,0.0,-0.504785,0.0,0.0,-0.800446,0.0537109375,0.00439453125,0.001706905048795698,1019,Ceiling,114,0.02783203125,0.7950613737718472,2048.0,0.5,False,346628326
12,12,2,0.0,-0.504785,0.0,0.0,-0.800446,0.0537109375,0.00439453125,0.001706905048795698,1019,Ceiling,148,0.0361328125,0.899677444319642,2048.0,0.5,False,346628326
12,12,2,0.0,-0.504785,0.0,0.0,-0.800446,0.0537109375,0.00439453125,0.001706905048795698,1019,Ceiling,192,0.046875,0.9803550547343974,2048.0,0.5,False,346628326
12,12,2,0.0,-0.504785,0.0,0.0,-0.800446,0.0537109375,0.00439453125,0.001706905048795698,1019,Ceiling,250,0.06103515625,0.9999999999999997,2048.0,0.5,False,346628326
12,12,2,0.0,-0.504785,0.0,0.0,-0.800446,0.0537109375,0.00439453125,0.001706905048795698,1019,Ceiling,325,0.079345703125,0.9999999999999997,2048.0,0.5,False,346628326
12,12,2,0.0,-0.504785,0.0,0.0,-0.800446,0.0537109375,0.00439453125,0.001706905048795698,1019,Ceiling,423,0.103271484375,0.9999999999999997,2048.0,0.5,False,346628326
12,12,2,0.0,-0.504785,0.0,0.0,-0.800446,0.0537109375,0.00439453125,0.001706905048795698,1019,Ceiling,550,0.13427734375,0.9999999999999997,2048.0,0.5,False,346628326
12,12,2,0.0,-0.504785,0.0,0.0,-0.800446,0.0537109375,0.00439453125,0.001706905048795698,1019,Ceiling,715,0.174560546875,0.9999999999999997,2048.0,0.5,False,346628326
12,12,2,0.0,-0.504785,0.0,0.0,-0.800446,0.0537109375,0.00439453125,0.001706905048795698,1019,Ceiling,931,0.227294921875,0.9999999999999997,2048.0,0.5,False,346628326
12,12,2,0.0,-0.504785,0.0,0.0,-0.800446,0.0537109375,0.00439453125,0.001706905048795698,1019,Ceiling,1210,0.29541015625,0.9999999999999997,2048.0,0.5,False,346628326
12,12,2,0.0,-0.504785,0.0,0.0,-0.800446,0.0537109375,0.00439453125,0.001706905048795698,1019,Ceiling,1575,0.384521484375,0.9999999999999997,2048.0,0.5,False,346628326
12,12,2,0.0,-0.504785,0.0,0.0,-0.800446,0.0537109375,0.00439453125,0.001706905048795698,1019,Ceiling,2048,0.5,0.9999999999999997,2048.0,0.5,False,346628326
12,12,2,0.0,-0.504785,0.0,0.0,-0.800446,0.0537109375,0.00439453125,0.0015296722889653186,1918,BARK,1,0.000244140625,0.0015296722889653186,220.0,0.0537109375,True,346628326
12,12,2,0.0,-0.504785,0.0,0.0,-0.800446,0.0537109375,0.00439453125,0.0015296722889653186,1918,BARK,2,0.00048828125,0.004028149743104459,220.0,0.0537109375,True,346628326
12,12,2,0.0,-0.504785,0.0,0.0,-0.800446,0.0537109375,0.00439453125,0.0015296722889653186,1918,BARK,3,0.000732421875,0.005316359817905841,220.0,0.0537109375,True,346628326
12,12,2,0.0,-0.504785,0.0,0.0,-0.800446,0.0537109375,0.00439453125,0.0015296722889653186,1918,BARK,4,0.0009765625,0.006439582010864541,220.0,0.0537109375,True,346628326
12,12,2,0.0,-0.504785,0.0,0.0,-0.800446,0.0537109375,0.00439453125,0.0015296722889653186,1918,BARK,5,0.001220703125,0.00948074159205509,220.0,0.0537109375,True,346628326
12,12,2,0.0,-0.504785,0.0,0.0,-0.800446,0.0537109375,0.00439453125,0.0015296722889653186,1918,BARK,6,0.00146484375,0.012071741147007724,220.0,0.0537109375,True,346628326
12,12,2,0.0,-0.504785,0.0,0.0,-0.800446,0.0537109375,0.00439453125,0.0015296722889653186,1918,BARK,8,0.001953125,0.013650887782286228,220.0,0.0537109375,True,346628326
12,12,2,0.0,-0.504785,0.0,0.0,-0.800446,0.0537109375,0.00439453125,0.0015296722889653186,1918,BARK,11,0.002685546875,0.016451782316059146,220.0,0.0537109375,True,346628326
12,12,2,0.0,-0.504785,0.0,0.0,-0.800446,0.0537109375,0.00439453125,0.0015296722889653186,1918,BARK,14,0.00341796875,0.03192207983729283,220.0,0.0537109375,True,346628326
12,12,2,0.0,-0.504785,0.0,0.0,-0.800446,0.0537109375,0.00439453125,0.0015296722889653186,1918,BARK,18,0.00439453125,0.046610353750666515,220.0,0.0537109375,True,346628326
12,12,2,0.0,-0.504785,0.0,0.0,-0.800446,0.0537109375,0.00439453125,0.0015296722889653186,1918,BARK,23,0.005615234375,0.05206754097012553,220.0,0.0537109375,True,346628326
12,12,2,0.0,-0.504785,0.0,0.0,-0.800446,0.0537109375,0.00439453125,0.0015296722889653186,1918,BARK,31,0.007568359375,0.08684309115709492,220.0,0.0537109375,True,346628326
12,12,2,0.0,-0.504785,0.0,0.0,-0.800446,0.0537109375,0.00439453125,0.0015296722889653186,1918,BARK,40,0.009765625,0.1278720077136157,220.0,0.0537109375,True,346628326
12,12,2,0.0,-0.504785,0.0,0.0,-0.800446,0.0537109375,0.00439453125,0.0015296722889653186,1918,BARK,52,0.0126953125,0.18518941036883296,220.0,0.0537109375,True,346628326
12,12,2,0.0,-0.504785,0.0,0.0,-0.800446,0.0537109375,0.00439453125,0.0015296722889653186,1918,BARK,67,0.016357421875,0.2567975760172183,220.0,0.0537109375,True,346628326
12,12,2,0.0,-0.504785,0.0,0.0,-0.800446,0.0537109375,0.00439453125,0.0015296722889653186,1918,BARK,87,0.021240234375,0.3738601266238934,220.0,0.0537109375,True,346628326
12,12,2,0.0,-0.504785,0.0,0.0,-0.800446,0.0537109375,0.00439453125,0.0015296722889653186,1918,BARK,114,0.02783203125,0.5174621518169799,220.0,0.0537109375,True,346628326
12,12,2,0.0,-0.504785,0.0,0.0,-0.800446,0.0537109375,0.00439453125,0.0015296722889653186,1918,BARK,148,0.0361328125,0.6968975988479542,220.0,0.0537109375,True,346628326
12,12,2,0.0,-0.504785,0.0,0.0,-0.800446,0.0537109375,0.00439453125,0.0015296722889653186,1918,BARK,192,0.046875,0.9273476509551313,220.0,0.0537109375,True,346628326
12,12,2,0.0,-0.504785,0.0,0.0,-0.800446,0.0537109375,0.00439453125,0.0015296722889653186,1918,BARK,250,0.06103515625,1.0000000000000009,220.0,0.0537109375,True,346628326
12,12,2,0.0,-0.504785,0.0,0.0,-0.800446,0.0537109375,0.00439453125,0.0015296722889653186,1918,BARK,325,0.079345703125,1.0000000000000009,220.0,0.0537109375,True,346628326
12,12,2,0.0,-0.504785,0.0,0.0,-0.800446,0.0537109375,0.00439453125,0.0015296722889653186,1918,BARK,423,0.103271484375,1.0000000000000009,220.0,0.0537109375,True,346628326
12,12,2,0.0,-0.504785,0.0,0.0,-0.800446,0.0537109375,0.00439453125,0.0015296722889653186,1918,BARK,550,0.13427734375,1.0000000000000009,220.0,0.0537109375,True,346628326
12,12,2,0.0,-0.504785,0.0,0.0,-0.800446,0.0537109375,0.00439453125,0.0015296722889653186,1918,BARK,715,0.174560546875,1.0000000000000009,220.0,0.0537109375,True,346628326
12,12,2,0.0,-0.504785,0.0,0.0,-0.800446,0.0537109375,0.00439453125,0.0015296722889653186,1918,BARK,931,0.227294921875,1.0000000000000009,220.0,0.0537109375,True,346628326
12,12,2,0.0,-0.504785,0.0,0.0,-0.800446,0.0537109375,0.00439453125,0.0015296722889653186,1918,BARK,1210,0.29541015625,1.0000000000000009,220.0,0.0537109375,True,346628326
12,12,2,0.0,-0.504785,0.0,0.0,-0.800446,0.0537109375,0.00439453125,0.0015296722889653186,1918,BARK,1575,0.384521484375,1.0000000000000009,220.0,0.0537109375,True,346628326
12,12,2,0.0,-0.504785,0.0,0.0,-0.800446,0.0537109375,0.00439453125,0.0015296722889653186,1918,BARK,2048,0.5,1.0000000000000009,220.0,0.0537109375,True,346628326
12,12,2,0.0,-0.504785,0.0,0.0,-0.800446,0.0537109375,0.00439453125,0.0015296722889653186,1918,Simplified BARK,1,0.000244140625,0.0015296722889653186,220.0,0.0537109375,True,346628326
12,12,2,0.0,-0.504785,0.0,0.0,-0.800446,0.0537109375,0.00439453125,0.0015296722889653186,1918,Simplified BARK,2,0.00048828125,0.004028149743104459,220.0,0.0537109375,True,346628326
12,12,2,0.0,-0.504785,0.0,0.0,-0.800446,0.0537109375,0.00439453125,0.0015296722889653186,1918,Simplified BARK,3,0.000732421875,0.005316359817905841,220.0,0.0537109375,True,346628326
12,12,2,0.0,-0.504785,0.0,0.0,-0.800446,0.0537109375,0.00439453125,0.0015296722889653186,1918,Simplified BARK,4,0.0009765625,0.006439582010864541,220.0,0.0537109375,True,346628326
12,12,2,0.0,-0.504785,0.0,0.0,-0.800446,0.0537109375,0.00439453125,0.0015296722889653186,1918,Simplified BARK,5,0.001220703125,0.006476283150151174,220.0,0.0537109375,True,346628326
12,12,2,0.0,-0.504785,0.0,0.0,-0.800446,0.0537109375,0.00439453125,0.0015296722889653186,1918,Simplified BARK,6,0.00146484375,0.006769509528840127,220.0,0.0537109375,True,346628326
12,12,2,0.0,-0.504785,0.0,0.0,-0.800446,0.0537109375,0.00439453125,0.0015296722889653186,1918,Simplified BARK,8,0.001953125,0.00916437202629757,220.0,0.0537109375,True,346628326
12,12,2,0.0,-0.504785,0.0,0.0,-0.800446,0.0537109375,0.00439453125,0.0015296722889653186,1918,Simplified BARK,11,0.002685546875,0.01166043271441588,220.0,0.0537109375,True,346628326
12,12,2,0.0,-0.504785,0.0,0.0,-0.800446,0.0537109375,0.00439453125,0.0015296722889653186,1918,Simplified BARK,14,0.00341796875,0.016659283143182234,220.0,0.0537109375,True,346628326
12,12,2,0.0,-0.504785,0.0,0.0,-0.800446,0.0537109375,0.00439453125,0.0015296722889653186,1918,Simplified BARK,18,0.00439453125,0.0293992450132182,220.0,0.0537109375,True,346628326
12,12,2,0.0,-0.504785,0.0,0.0,-0.800446,0.0537109375,0.00439453125,0.0015296722889653186,1918,Simplified BARK,23,0.005615234375,0.050832062107851496,220.0,0.0537109375,True,346628326
12,12,2,0.0,-0.504785,0.0,0.0,-0.800446,0.0537109375,0.00439453125,0.0015296722889653186,1918,Simplified BARK,31,0.007568359375,0.07443339958978669,220.0,0.0537109375,True,346628326
12,12,2,0.0,-0.504785,0.0,0.0,-0.800446,0.0537109375,0.00439453125,0.0015296722889653186,1918,Simplified BARK,40,0.009765625,0.10591134849182715,220.0,0.0537109375,True,346628326
12,12,2,0.0,-0.504785,0.0,0.0,-0.800446,0.0537109375,0.00439453125,0.0015296722889653186,1918,Simplified BARK,52,0.0126953125,0.16628740039645867,220.0,0.0537109375,True,346628326
12,12,2,0.0,-0.504785,0.0,0.0,-0.800446,0.0537109375,0.00439453125,0.0015296722889653186,1918,Simplified BARK,67,0.016357421875,0.20872524658661917,220.0,0.0537109375,True,346628326
12,12,2,0.0,-0.504785,0.0,0.0,-0.800446,0.0537109375,0.00439453125,0.0015296722889653186,1918,Simplified BARK,87,0.021240234375,0.30491095863946005,220.0,0.0537109375,True,346628326
12,12,2,0.0,-0.504785,0.0,0.0,-0.800446,0.0537109375,0.00439453125,0.0015296722889653186,1918,Simplified BARK,114,0.02783203125,0.4562846093890487,220.0,0.0537109375,True,346628326
12,12,2,0.0,-0.504785,0.0,0.0,-0.800446,0.0537109375,0.00439453125,0.0015296722889653186,1918,Simplified BARK,148,0.0361328125,0.6738059523288622,220.0,0.0537109375,True,346628326
12,12,2,0.0,-0.504785,0.0,0.0,-0.800446,0.0537109375,0.00439453125,0.0015296722889653186,1918,Simplified BARK,192,0.046875,0.8841833154256372,220.0,0.0537109375,True,346628326
12,12,2,0.0,-0.504785,0.0,0.0,-0.800446,0.0537109375,0.00439453125,0.0015296722889653186,1918,Simplified BARK,250,0.06103515625,1.0000000000000004,220.0,0.0537109375,True,346628326
12,12,2,0.0,-0.504785,0.0,0.0,-0.800446,0.0537109375,0.00439453125,0.0015296722889653186,1918,Simplified BARK,325,0.079345703125,1.0000000000000004,220.0,0.0537109375,True,346628326
12,12,2,0.0,-0.504785,0.0,0.0,-0.800446,0.0537109375,0.00439453125,0.0015296722889653186,1918,Simplified BARK,423,0.103271484375,1.0000000000000004,220.0,0.0537109375,True,346628326
12,12,2,0.0,-0.504785,0.0,0.0,-0.800446,0.0537109375,0.00439453125,0.0015296722889653186,1918,Simplified BARK,550,0.13427734375,1.0000000000000004,220.0,0.0537109375,True,346628326
12,12,2,0.0,-0.504785,0.0,0.0,-0.800446,0.0537109375,0.00439453125,0.0015296722889653186,1918,Simplified BARK,715,0.174560546875,1.0000000000000004,220.0,0.0537109375,True,346628326
12,12,2,0.0,-0.504785,0.0,0.0,-0.800446,0.0537109375,0.00439453125,0.0015296722889653186,1918,Simplified BARK,931,0.227294921875,1.0000000000000004,220.0,0.0537109375,True,346628326
12,12,2,0.0,-0.504785,0.0,0.0,-0.800446,0.0537109375,0.00439453125,0.0015296722889653186,1918,Simplified BARK,1210,0.29541015625,1.0000000000000004,220.0,0.0537109375,True,346628326
12,12,2,0.0,-0.504785,0.0,0.0,-0.800446,0.0537109375,0.00439453125,0.0015296722889653186,1918,Simplified BARK,1575,0.384521484375,1.0000000000000004,220.0,0.0537109375,True,346628326
12,12,2,0.0,-0.504785,0.0,0.0,-0.800446,0.0537109375,0.00439453125,0.0015296722889653186,1918,Simplified BARK,2048,0.5,1.0000000000000004,220.0,0.0537109375,True,346628326
12,12,2,0.0,-0.504785,0.0,0.0,-0.800446,0.0537109375,0.00439453125,0.0015296722889653186,1918,SKQD,1,0.000244140625,0.0015296722889653186,215.33333333333334,0.052571614583333336,True,346628326
12,12,2,0.0,-0.504785,0.0,0.0,-0.800446,0.0537109375,0.00439453125,0.0015296722889653186,1918,SKQD,2,0.00048828125,0.0015296722889653186,215.33333333333334,0.052571614583333336,True,346628326
12,12,2,0.0,-0.504785,0.0,0.0,-0.800446,0.0537109375,0.00439453125,0.0015296722889653186,1918,SKQD,3,0.000732421875,0.0015296722889653186,215.33333333333334,0.052571614583333336,True,346628326
12,12,2,0.0,-0.504785,0.0,0.0,-0.800446,0.0537109375,0.00439453125,0.0015296722889653186,1918,SKQD,4,0.0009765625,0.0015296722889653186,215.33333333333334,0.052571614583333336,True,346628326
12,12,2,0.0,-0.504785,0.0,0.0,-0.800446,0.0537109375,0.00439453125,0.0015296722889653186,1918,SKQD,5,0.001220703125,0.0015296722889653186,215.33333333333334,0.052571614583333336,True,346628326
12,12,2,0.0,-0.504785,0.0,0.0,-0.800446,0.0537109375,0.00439453125,0.0015296722889653186,1918,SKQD,6,0.00146484375,0.0015296722889653186,215.33333333333334,0.052571614583333336,True,346628326
12,12,2,0.0,-0.504785,0.0,0.0,-0.800446,0.0537109375,0.00439453125,0.0015296722889653186,1918,SKQD,8,0.001953125,0.0015296722889653186,215.33333333333334,0.052571614583333336,True,346628326
12,12,2,0.0,-0.504785,0.0,0.0,-0.800446,0.0537109375,0.00439453125,0.0015296722889653186,1918,SKQD,11,0.002685546875,0.0015296722889653186,215.33333333333334,0.052571614583333336,True,346628326
12,12,2,0.0,-0.504785,0.0,0.0,-0.800446,0.0537109375,0.00439453125,0.0015296722889653186,1918,SKQD,14,0.00341796875,0.0015296722889653186,215.33333333333334,0.052571614583333336,True,346628326
12,12,2,0.0,-0.504785,0.0,0.0,-0.800446,0.0537109375,0.00439453125,0.0015296722889653186,1918,SKQD,18,0.00439453125,0.0015296722889653186,215.33333333333334,0.052571614583333336,True,346628326
12,12,2,0.0,-0.504785,0.0,0.0,-0.800446,0.0537109375,0.00439453125,0.0015296722889653186,1918,SKQD,23,0.005615234375,0.0015296722889653186,215.33333333333334,0.052571614583333336,True,346628326
12,12,2,0.0,-0.504785,0.0,0.0,-0.800446,0.0537109375,0.00439453125,0.0015296722889653186,1918,SKQD,31,0.007568359375,0.0015296722889653186,215.33333333333334,0.052571614583333336,True,346628326
12,12,2,0.0,-0.504785,0.0,0.0,-0.800446,0.0537109375,0.00439453125,0.0015296722889653186,1918,SKQD,40,0.009765625,0.0015296722889653186,215.33333333333334,0.052571614583333336,True,346628326
12,12,2,0.0,-0.504785,0.0,0.0,-0.800446,0.0537109375,0.00439453125,0.0015296722889653186,1918,SKQD,52,0.0126953125,0.0015296722889653186,215.33333333333334,0.052571614583333336,True,346628326
12,12,2,0.0,-0.504785,0.0,0.0,-0.800446,0.0537109375,0.00439453125,0.0015296722889653186,1918,SKQD,67,0.016357421875,0.16689562756933793,215.33333333333334,0.052571614583333336,True,346628326
12,12,2,0.0,-0.504785,0.0,0.0,-0.800446,0.0537109375,0.00439453125,0.0015296722889653186,1918,SKQD,87,0.021240234375,0.16689562756933793,215.33333333333334,0.052571614583333336,True,346628326
12,12,2,0.0,-0.504785,0.0,0.0,-0.800446,0.0537109375,0.00439453125,0.0015296722889653186,1918,SKQD,114,0.02783203125,0.3583962420757558,215.33333333333334,0.052571614583333336,True,346628326
12,12,2,0.0,-0.504785,0.0,0.0,-0.800446,0.0537109375,0.00439453125,0.0015296722889653186,1918,SKQD,148,0.0361328125,0.47675873115140655,215.33333333333334,0.052571614583333336,True,346628326
12,12,2,0.0,-0.504785,0.0,0.0,-0.800446,0.0537109375,0.00439453125,0.0015296722889653186,1918,SKQD,192,0.046875,0.7704986681845938,215.33333333333334,0.052571614583333336,True,346628326
12,12,2,0.0,-0.504785,0.0,0.0,-0.800446,0.0537109375,0.00439453125,0.0015296722889653186,1918,SKQD,250,0.06103515625,0.9639628735627319,215.33333333333334,0.052571614583333336,True,346628326
12,12,2,0.0,-0.504785,0.0,0.0,-0.800446,0.0537109375,0.00439453125,0.0015296722889653186,1918,SKQD,325,0.079345703125,0.9639628735627319,215.33333333333334,0.052571614583333336,True,346628326
12,12,2,0.0,-0.504785,0.0,0.0,-0.800446,0.0537109375,0.00439453125,0.0015296722889653186,1918,SKQD,423,0.103271484375,0.9639628735627319,215.33333333333334,0.052571614583333336,True,346628326
12,12,2,0.0,-0.504785,0.0,0.0,-0.800446,0.0537109375,0.00439453125,0.0015296722889653186,1918,SKQD,550,0.13427734375,0.9639628735627319,215.33333333333334,0.052571614583333336,True,346628326
12,12,2,0.0,-0.504785,0.0,0.0,-0.800446,0.0537109375,0.00439453125,0.0015296722889653186,1918,SKQD,715,0.174560546875,0.9639628735627319,215.33333333333334,0.052571614583333336,True,346628326
12,12,2,0.0,-0.504785,0.0,0.0,-0.800446,0.0537109375,0.00439453125,0.0015296722889653186,1918,SKQD,931,0.227294921875,0.9639628735627319,215.33333333333334,0.052571614583333336,True,346628326
12,12,2,0.0,-0.504785,0.0,0.0,-0.800446,0.0537109375,0.00439453125,0.0015296722889653186,1918,SKQD,1210,0.29541015625,0.9639628735627319,215.33333333333334,0.052571614583333336,True,346628326
12,12,2,0.0,-0.504785,0.0,0.0,-0.800446,0.0537109375,0.00439453125,0.0015296722889653186,1918,SKQD,1575,0.384521484375,0.9639628735627319,215.33333333333334,0.052571614583333336,True,346628326
12,12,2,0.0,-0.504785,0.0,0.0,-0.800446,0.0537109375,0.00439453125,0.0015296722889653186,1918,SKQD,2048,0.5,0.9639628735627319,215.33333333333334,0.052571614583333336,True,346628326
12,12,2,0.0,-0.504785,0.0,0.0,-0.800446,0.0537109375,0.00439453125,0.0015296722889653186,1918,Ceiling,1,0.000244140625,0.014056026580236573,2048.0,0.5,False,346628326
12,12,2,0.0,-0.504785,0.0,0.0,-0.800446,0.0537109375,0.00439453125,0.0015296722889653186,1918,Ceiling,2,0.00048828125,0.028112053160473133,2048.0,0.5,False,346628326
12,12,2,0.0,-0.504785,0.0,0.0,-0.800446,0.0537109375,0.00439453125,0.0015296722889653186,1918,Ceiling,3,0.000732421875,0.040915671740343704,2048.0,0.5,False,346628326
12,12,2,0.0,-0.504785,0.0,0.0,-0.800446,0.0537109375,0.00439453125,0.0015296722889653186,1918,Ceiling,4,0.0009765625,0.05371929032021427,2048.0,0.5,False,346628326
12,12,2,0.0,-0.504785,0.0,0.0,-0.800446,0.0537109375,0.00439453125,0.0015296722889653186,1918,Ceiling,5,0.001220703125,0.06470576990461514,2048.0,0.5,False,346628326
12,12,2,0.0,-0.504785,0.0,0.0,-0.800446,0.0537109375,0.00439453125,0.0015296722889653186,1918,Ceiling,6,0.00146484375,0.07569224948901601,2048.0,0.5,False,346628326
12,12,2,0.0,-0.504785,0.0,0.0,-0.800446,0.0537109375,0.00439453125,0.0015296722889653186,1918,Ceiling,8,0.001953125,0.09766520865781762,2048.0,0.5,False,346628326
12,12,2,0.0,-0.504785,0.0,0.0,-0.800446,0.0537109375,0.00439453125,0.0015296722889653186,1918,Ceiling,11,0.002685546875,0.1267763450844279,2048.0,0.5,False,346628326
12,12,2,0.0,-0.504785,0.0,0.0,-0.800446,0.0537109375,0.00439453125,0.0015296722889653186,1918,Ceiling,14,0.00341796875,0.1556191910692512,2048.0,0.5,False,346628326
12,12,2,0.0,-0.504785,0.0,0.0,-0.800446,0.0537109375,0.00439453125,0.0015296722889653186,1918,Ceiling,18,0.00439453125,0.1935973746364971,2048.0,0.5,False,346628326
12,12,2,0.0,-0.504785,0.0,0.0,-0.800446,0.0537109375,0.00439453125,0.0015296722889653186,1918,Ceiling,23,0.005615234375,0.24038698940270317,2048.0,0.5,False,346628326
12,12,2,0.0,-0.504785,0.0,0.0,-0.800446,0.0537109375,0.00439453125,0.0015296722889653186,1918,Ceiling,31,0.007568359375,0.31146938214820913,2048.0,0.5,False,346628326
12,12,2,0.0,-0.504785,0.0,0.0,-0.800446,0.0537109375,0.00439453125,0.0015296722889653186,1918,Ceiling,40,0.009765625,0.3833062304867294,2048.0,0.5,False,346628326
12,12,2,0.0,-0.504785,0.0,0.0,-0.800446,0.0537109375,0.00439453125,0.0015296722889653186,1918,Ceiling,52,0.0126953125,0.46982545531328634,2048.0,0.5,False,346628326
12,12,2,0.0,-0.504785,0.0,0.0,-0.800446,0.0537109375,0.00439453125,0.0015296722889653186,1918,Ceiling,67,0.016357421875,0.5676167332634442,2048.0,0.5,False,346628326
12,12,2,0.0,-0.504785,0.0,0.0,-0.800446,0.0537109375,0.00439453125,0.0015296722889653186,1918,Ceiling,87,0.021240234375,0.6788969007479975,2048.0,0.5,False,346628326
12,12,2,0.0,-0.504785,0.0,0.0,-0.800446,0.0537109375,0.00439453125,0.0015296722889653186,1918,Ceiling,114,0.02783203125,0.7950613737718472,2048.0,0.5,False,346628326
12,12,2,0.0,-0.504785,0.0,0.0,-0.800446,0.0537109375,0.00439453125,0.0015296722889653186,1918,Ceiling,148,0.0361328125,0.899677444319642,2048.0,0.5,False,346628326
12,12,2,0.0,-0.504785,0.0,0.0,-0.800446,0.0537109375,0.00439453125,0.0015296722889653186,1918,Ceiling,192,0.046875,0.9803550547343974,2048.0,0.5,False,346628326
12,12,2,0.0,-0.504785,0.0,0.0,-0.800446,0.0537109375,0.00439453125,0.0015296722889653186,1918,Ceiling,250,0.06103515625,0.9999999999999997,2048.0,0.5,False,346628326
12,12,2,0.0,-0.504785,0.0,0.0,-0.800446,0.0537109375,0.00439453125,0.0015296722889653186,1918,Ceiling,325,0.079345703125,0.9999999999999997,2048.0,0.5,False,346628326
12,12,2,0.0,-0.504785,0.0,0.0,-0.800446,0.0537109375,0.00439453125,0.0015296722889653186,1918,Ceiling,423,0.103271484375,0.9999999999999997,2048.0,0.5,False,346628326
12,12,2,0.0,-0.504785,0.0,0.0,-0.800446,0.0537109375,0.00439453125,0.0015296722889653186,1918,Ceiling,550,0.13427734375,0.9999999999999997,2048.0,0.5,False,346628326
12,12,2,0.0,-0.504785,0.0,0.0,-0.800446,0.0537109375,0.00439453125,0.0015296722889653186,1918,Ceiling,715,0.174560546875,0.9999999999999997,2048.0,0.5,False,346628326
12,12,2,0.0,-0.504785,0.0,0.0,-0.800446,0.0537109375,0.00439453125,0.0015296722889653186,1918,Ceiling,931,0.227294921875,0.9999999999999997,2048.0,0.5,False,346628326
12,12,2,0.0,-0.504785,0.0,0.0,-0.800446,0.0537109375,0.00439453125,0.0015296722889653186,1918,Ceiling,1210,0.29541015625,0.9999999999999997,2048.0,0.5,False,346628326
12,12,2,0.0,-0.504785,0.0,0.0,-0.800446,0.0537109375,0.00439453125,0.0015296722889653186,1918,Ceiling,1575,0.384521484375,0.9999999999999997,2048.0,0.5,False,346628326
12,12,2,0.0,-0.504785,0.0,0.0,-0.800446,0.0537109375,0.00439453125,0.0015296722889653186,1918,Ceiling,2048,0.5,0.9999999999999997,2048.0,0.5,False,346628326
12,12,2,0.0,-0.504785,0.0,0.0,-0.800446,0.0537109375,0.00439453125,0.005378546664412594,2014,BARK,1,0.000244140625,0.005378546664412594,220.0,0.0537109375,True,346628326
12,12,2,0.0,-0.504785,0.0,0.0,-0.800446,0.0537109375,0.00439453125,0.005378546664412594,2014,BARK,2,0.00048828125,0.008873268555068047,220.0,0.0537109375,True,346628326
12,12,2,0.0,-0.504785,0.0,0.0,-0.800446,0.0537109375,0.00439453125,0.005378546664412594,2014,BARK,3,0.000732421875,0.010064197258844948,220.0,0.0537109375,True,346628326
12,12,2,0.0,-0.504785,0.0,0.0,-0.800446,0.0537109375,0.00439453125,0.005378546664412594,2014,BARK,4,0.0009765625,0.015522347440056171,220.0,0.0537109375,True,346628326
12,12,2,0.0,-0.504785,0.0,0.0,-0.800446,0.0537109375,0.00439453125,0.005378546664412594,2014,BARK,5,0.001220703125,0.017167668095729473,220.0,0.0537109375,True,346628326
12,12,2,0.0,-0.504785,0.0,0.0,-0.800446,0.0537109375,0.00439453125,0.005378546664412594,2014,BARK,6,0.00146484375,0.021552018777621047,220.0,0.0537109375,True,346628326
12,12,2,0.0,-0.504785,0.0,0.0,-0.800446,0.0537109375,0.00439453125,0.005378546664412594,2014,BARK,8,0.001953125,0.03645070544765279,220.0,0.0537109375,True,346628326
12,12,2,0.0,-0.504785,0.0,0.0,-0.800446,0.0537109375,0.00439453125,0.005378546664412594,2014,BARK,11,0.002685546875,0.05419611373691995,220.0,0.0537109375,True,346628326
12,12,2,0.0,-0.504785,0.0,0.0,-0.800446,0.0537109375,0.00439453125,0.005378546664412594,2014,BARK,14,0.00341796875,0.06665243885495509,220.0,0.0537109375,True,346628326
12,12,2,0.0,-0.504785,0.0,0.0,-0.800446,0.0537109375,0.00439453125,0.005378546664412594,2014,BARK,18,0.00439453125,0.10218886015155447,220.0,0.0537109375,True,346628326
12,12,2,0.0,-0.504785,0.0,0.0,-0.800446,0.0537109375,0.00439453125,0.005378546664412594,2014,BARK,23,0.005615234375,0.11673329688110982,220.0,0.0537109375,True,346628326
12,12,2,0.0,-0.504785,0.0,0.0,-0.800446,0.0537109375,0.00439453125,0.005378546664412594,2014,BARK,31,0.007568359375,0.15860045133784065,220.0,0.0537109375,True,346628326
12,12,2,0.0,-0.504785,0.0,0.0,-0.800446,0.0537109375,0.00439453125,0.005378546664412594,2014,BARK,40,0.009765625,0.20998643160892347,220.0,0.0537109375,True,346628326
12,12,2,0.0,-0.504785,0.0,0.0,-0.800446,0.0537109375,0.00439453125,0.005378546664412594,2014,BARK,52,0.0126953125,0.27322610581766377,220.0,0.0537109375,True,346628326
12,12,2,0.0,-0.504785,0.0,0.0,-0.800446,0.0537109375,0.00439453125,0.005378546664412594,2014,BARK,67,0.016357421875,0.39165844265714894,220.0,0.0537109375,True,346628326
12,12,2,0.0,-0.504785,0.0,0.0,-0.800446,0.0537109375,0.00439453125,0.005378546664412594,2014,BARK,87,0.021240234375,0.4817621058833875,220.0,0.0537109375,True,346628326
12,12,2,0.0,-0.504785,0.0,0.0,-0.800446,0.0537109375,0.00439453125,0.005378546664412594,2014,BARK,114,0.02783203125,0.6393085417931911,220.0,0.0537109375,True,346628326
12,12,2,0.0,-0.504785,0.0,0.0,-0.800446,0.0537109375,0.00439453125,0.005378546664412594,2014,BARK,148,0.0361328125,0.836210986454437,220.0,0.0537109375,True,346628326
12,12,2,0.0,-0.504785,0.0,0.0,-0.800446,0.0537109375,0.00439453125,0.005378546664412594,2014,BARK,192,0.046875,0.9457798340512846,220.0,0.0537109375,True,346628326
12,12,2,0.0,-0.504785,0.0,0.0,-0.800446,0.0537109375,0.00439453125,0.005378546664412594,2014,BARK,250,0.06103515625,1.0000000000000004,220.0,0.0537109375,True,346628326
12,12,2,0.0,-0.504785,0.0,0.0,-0.800446,0.0537109375,0.00439453125,0.005378546664412594,2014,BARK,325,0.079345703125,1.0000000000000004,220.0,0.0537109375,True,346628326
12,12,2,0.0,-0.504785,0.0,0.0,-0.800446,0.0537109375,0.00439453125,0.005378546664412594,2014,BARK,423,0.103271484375,1.0000000000000004,220.0,0.0537109375,True,346628326
12,12,2,0.0,-0.504785,0.0,0.0,-0.800446,0.0537109375,0.00439453125,0.005378546664412594,2014,BARK,550,0.13427734375,1.0000000000000004,220.0,0.0537109375,True,346628326
12,12,2,0.0,-0.504785,0.0,0.0,-0.800446,0.0537109375,0.00439453125,0.005378546664412594,2014,BARK,715,0.174560546875,1.0000000000000004,220.0,0.0537109375,True,346628326
12,12,2,0.0,-0.504785,0.0,0.0,-0.800446,0.0537109375,0.00439453125,0.005378546664412594,2014,BARK,931,0.227294921875,1.0000000000000004,220.0,0.0537109375,True,346628326
12,12,2,0.0,-0.504785,0.0,0.0,-0.800446,0.0537109375,0.00439453125,0.005378546664412594,2014,BARK,1210,0.29541015625,1.0000000000000004,220.0,0.0537109375,True,346628326
12,12,2,0.0,-0.504785,0.0,0.0,-0.800446,0.0537109375,0.00439453125,0.005378546664412594,2014,BARK,1575,0.384521484375,1.0000000000000004,220.0,0.0537109375,True,346628326
12,12,2,0.0,-0.504785,0.0,0.0,-0.800446,0.0537109375,0.00439453125,0.005378546664412594,2014,BARK,2048,0.5,1.0000000000000004,220.0,0.0537109375,True,346628326
12,12,2,0.0,-0.504785,0.0,0.0,-0.800446,0.0537109375,0.00439453125,0.005378546664412594,2014,Simplified BARK,1,0.000244140625,0.005378546664412594,220.0,0.0537109375,True,346628326
12,12,2,0.0,-0.504785,0.0,0.0,-0.800446,0.0537109375,0.00439453125,0.005378546664412594,2014,Simplified BARK,2,0.00048828125,0.008873268555068047,220.0,0.0537109375,True,346628326
12,12,2,0.0,-0.504785,0.0,0.0,-0.800446,0.0537109375,0.00439453125,0.005378546664412594,2014,Simplified BARK,3,0.000732421875,0.010064197258844948,220.0,0.0537109375,True,346628326
12,12,2,0.0,-0.504785,0.0,0.0,-0.800446,0.0537109375,0.00439453125,0.005378546664412594,2014,Simplified BARK,4,0.0009765625,0.01169656943044154,220.0,0.0537109375,True,346628326
12,12,2,0.0,-0.504785,0.0,0.0,-0.800446,0.0537109375,0.00439453125,0.005378546664412594,2014,Simplified BARK,5,0.001220703125,0.012345604230231112,220.0,0.0537109375,True,346628326
12,12,2,0.0,-0.504785,0.0,0.0,-0.800446,0.0537109375,0.00439453125,0.005378546664412594,2014,Simplified BARK,6,0.00146484375,0.012499411323238004,220.0,0.0537109375,True,346628326
12,12,2,0.0,-0.504785,0.0,0.0,-0.800446,0.0537109375,0.00439453125,0.005378546664412594,2014,Simplified BARK,8,0.001953125,0.013056656372725656,220.0,0.0537109375,True,346628326
12,12,2,0.0,-0.504785,0.0,0.0,-0.800446,0.0537109375,0.00439453125,0.005378546664412594,2014,Simplified BARK,11,0.002685546875,0.014222428093175836,220.0,0.0537109375,True,346628326
12,12,2,0.0,-0.504785,0.0,0.0,-0.800446,0.0537109375,0.00439453125,0.005378546664412594,2014,Simplified BARK,14,0.00341796875,0.019257657802175563,220.0,0.0537109375,True,346628326
12,12,2,0.0,-0.504785,0.0,0.0,-0.800446,0.0537109375,0.00439453125,0.005378546664412594,2014,Simplified BARK,18,0.00439453125,0.03402227525340483,220.0,0.0537109375,True,346628326
12,12,2,0.0,-0.504785,0.0,0.0,-0.800446,0.0537109375,0.00439453125,0.005378546664412594,2014,Simplified BARK,23,0.005615234375,0.05626383210988539,220.0,0.0537109375,True,346628326
12,12,2,0.0,-0.504785,0.0,0.0,-0.800446,0.0537109375,0.00439453125,0.005378546664412594,2014,Simplified BARK,31,0.007568359375,0.07580526979139521,220.0,0.0537109375,True,346628326
12,12,2,0.0,-0.504785,0.0,0.0,-0.800446,0.0537109375,0.00439453125,0.005378546664412594,2014,Simplified BARK,40,0.009765625,0.10043841311868928,220.0,0.0537109375,True,346628326
12,12,2,0.0,-0.504785,0.0,0.0,-0.800446,0.0537109375,0.00439453125,0.005378546664412594,2014,Simplified BARK,52,0.0126953125,0.1662874003964586,220.0,0.0537109375,True,346628326
12,12,2,0.0,-0.504785,0.0,0.0,-0.800446,0.0537109375,0.00439453125,0.005378546664412594,2014,Simplified BARK,67,0.016357421875,0.20872524658661912,220.0,0.0537109375,True,346628326
12,12,2,0.0,-0.504785,0.0,0.0,-0.800446,0.0537109375,0.00439453125,0.005378546664412594,2014,Simplified BARK,87,0.021240234375,0.30491095863946016,220.0,0.0537109375,True,346628326
12,12,2,0.0,-0.504785,0.0,0.0,-0.800446,0.0537109375,0.00439453125,0.005378546664412594,2014,Simplified BARK,114,0.02783203125,0.45628460938904886,220.0,0.0537109375,True,346628326
12,12,2,0.0,-0.504785,0.0,0.0,-0.800446,0.0537109375,0.00439453125,0.005378546664412594,2014,Simplified BARK,148,0.0361328125,0.6738059523288619,220.0,0.0537109375,True,346628326
12,12,2,0.0,-0.504785,0.0,0.0,-0.800446,0.0537109375,0.00439453125,0.005378546664412594,2014,Simplified BARK,192,0.046875,0.8841833154256368,220.0,0.0537109375,True,346628326
12,12,2,0.0,-0.504785,0.0,0.0,-0.800446,0.0537109375,0.00439453125,0.005378546664412594,2014,Simplified BARK,250,0.06103515625,1.0000000000000009,220.0,0.0537109375,True,346628326
12,12,2,0.0,-0.504785,0.0,0.0,-0.800446,0.0537109375,0.00439453125,0.005378546664412594,2014,Simplified BARK,325,0.079345703125,1.0000000000000009,220.0,0.0537109375,True,346628326
12,12,2,0.0,-0.504785,0.0,0.0,-0.800446,0.0537109375,0.00439453125,0.005378546664412594,2014,Simplified BARK,423,0.103271484375,1.0000000000000009,220.0,0.0537109375,True,346628326
12,12,2,0.0,-0.504785,0.0,0.0,-0.800446,0.0537109375,0.00439453125,0.005378546664412594,2014,Simplified BARK,550,0.13427734375,1.0000000000000009,220.0,0.0537109375,True,346628326
12,12,2,0.0,-0.504785,0.0,0.0,-0.800446,0.0537109375,0.00439453125,0.005378546664412594,2014,Simplified BARK,715,0.174560546875,1.0000000000000009,220.0,0.0537109375,True,346628326
12,12,2,0.0,-0.504785,0.0,0.0,-0.800446,0.0537109375,0.00439453125,0.005378546664412594,2014,Simplified BARK,931,0.227294921875,1.0000000000000009,220.0,0.0537109375,True,346628326
12,12,2,0.0,-0.504785,0.0,0.0,-0.800446,0.0537109375,0.00439453125,0.005378546664412594,2014,Simplified BARK,1210,0.29541015625,1.0000000000000009,220.0,0.0537109375,True,346628326
12,12,2,0.0,-0.504785,0.0,0.0,-0.800446,0.0537109375,0.00439453125,0.005378546664412594,2014,Simplified BARK,1575,0.384521484375,1.0000000000000009,220.0,0.0537109375,True,346628326
12,12,2,0.0,-0.504785,0.0,0.0,-0.800446,0.0537109375,0.00439453125,0.005378546664412594,2014,Simplified BARK,2048,0.5,1.0000000000000009,220.0,0.0537109375,True,346628326
12,12,2,0.0,-0.504785,0.0,0.0,-0.800446,0.0537109375,0.00439453125,0.005378546664412594,2014,SKQD,1,0.000244140625,0.005378546664412595,209.0,0.051025390625,True,346628326
12,12,2,0.0,-0.504785,0.0,0.0,-0.800446,0.0537109375,0.00439453125,0.005378546664412594,2014,SKQD,2,0.00048828125,0.005378546664412595,209.0,0.051025390625,True,346628326
12,12,2,0.0,-0.504785,0.0,0.0,-0.800446,0.0537109375,0.00439453125,0.005378546664412594,2014,SKQD,3,0.000732421875,0.005378546664412595,209.0,0.051025390625,True,346628326
12,12,2,0.0,-0.504785,0.0,0.0,-0.800446,0.0537109375,0.00439453125,0.005378546664412594,2014,SKQD,4,0.0009765625,0.005378546664412595,209.0,0.051025390625,True,346628326
12,12,2,0.0,-0.504785,0.0,0.0,-0.800446,0.0537109375,0.00439453125,0.005378546664412594,2014,SKQD,5,0.001220703125,0.005378546664412595,209.0,0.051025390625,True,346628326
12,12,2,0.0,-0.504785,0.0,0.0,-0.800446,0.0537109375,0.00439453125,0.005378546664412594,2014,SKQD,6,0.00146484375,0.005378546664412595,209.0,0.051025390625,True,346628326
12,12,2,0.0,-0.504785,0.0,0.0,-0.800446,0.0537109375,0.00439453125,0.005378546664412594,2014,SKQD,8,0.001953125,0.005378546664412595,209.0,0.051025390625,True,346628326
12,12,2,0.0,-0.504785,0.0,0.0,-0.800446,0.0537109375,0.00439453125,0.005378546664412594,2014,SKQD,11,0.002685546875,0.005378546664412595,209.0,0.051025390625,True,346628326
12,12,2,0.0,-0.504785,0.0,0.0,-0.800446,0.0537109375,0.00439453125,0.005378546664412594,2014,SKQD,14,0.00341796875,0.02149437230255016,209.0,0.051025390625,True,346628326
12,12,2,0.0,-0.504785,0.0,0.0,-0.800446,0.0537109375,0.00439453125,0.005378546664412594,2014,SKQD,18,0.00439453125,0.06391621254762331,209.0,0.051025390625,True,346628326
12,12,2,0.0,-0.504785,0.0,0.0,-0.800446,0.0537109375,0.00439453125,0.005378546664412594,2014,SKQD,23,0.005615234375,0.06391621254762331,209.0,0.051025390625,True,346628326
12,12,2,0.0,-0.504785,0.0,0.0,-0.800446,0.0537109375,0.00439453125,0.005378546664412594,2014,SKQD,31,0.007568359375,0.06391621254762331,209.0,0.051025390625,True,346628326
12,12,2,0.0,-0.504785,0.0,0.0,-0.800446,0.0537109375,0.00439453125,0.005378546664412594,2014,SKQD,40,0.009765625,0.06391621254762331,209.0,0.051025390625,True,346628326
12,12,2,0.0,-0.504785,0.0,0.0,-0.800446,0.0537109375,0.00439453125,0.005378546664412594,2014,SKQD,52,0.0126953125,0.17138565490464308,209.0,0.051025390625,True,346628326
12,12,2,0.0,-0.504785,0.0,0.0,-0.800446,0.0537109375,0.00439453125,0.005378546664412594,2014,SKQD,67,0.016357421875,0.17138565490464308,209.0,0.051025390625,True,346628326
12,12,2,0.0,-0.504785,0.0,0.0,-0.800446,0.0537109375,0.00439453125,0.005378546664412594,2014,SKQD,87,0.021240234375,0.3157154793814588,209.0,0.051025390625,True,346628326
12,12,2,0.0,-0.504785,0.0,0.0,-0.800446,0.0537109375,0.00439453125,0.005378546664412594,2014,SKQD,114,0.02783203125,0.4009724359750832,209.0,0.051025390625,True,346628326
12,12,2,0.0,-0.504785,0.0,0.0,-0.800446,0.0537109375,0.00439453125,0.005378546664412594,2014,SKQD,148,0.0361328125,0.6209373891885194,209.0,0.051025390625,True,346628326
12,12,2,0.0,-0.504785,0.0,0.0,-0.800446,0.0537109375,0.00439453125,0.005378546664412594,2014,SKQD,192,0.046875,0.8776849640475254,209.0,0.051025390625,True,346628326
12,12,2,0.0,-0.504785,0.0,0.0,-0.800446,0.0537109375,0.00439453125,0.005378546664412594,2014,SKQD,250,0.06103515625,0.9670215842126281,209.0,0.051025390625,True,346628326
12,12,2,0.0,-0.504785,0.0,0.0,-0.800446,0.0537109375,0.00439453125,0.005378546664412594,2014,SKQD,325,0.079345703125,0.9670215842126281,209.0,0.051025390625,True,346628326
12,12,2,0.0,-0.504785,0.0,0.0,-0.800446,0.0537109375,0.00439453125,0.005378546664412594,2014,SKQD,423,0.103271484375,0.9670215842126281,209.0,0.051025390625,True,346628326
12,12,2,0.0,-0.504785,0.0,0.0,-0.800446,0.0537109375,0.00439453125,0.005378546664412594,2014,SKQD,550,0.13427734375,0.9670215842126281,209.0,0.051025390625,True,346628326
12,12,2,0.0,-0.504785,0.0,0.0,-0.800446,0.0537109375,0.00439453125,0.005378546664412594,2014,SKQD,715,0.174560546875,0.9670215842126281,209.0,0.051025390625,True,346628326
12,12,2,0.0,-0.504785,0.0,0.0,-0.800446,0.0537109375,0.00439453125,0.005378546664412594,2014,SKQD,931,0.227294921875,0.9670215842126281,209.0,0.051025390625,True,346628326
12,12,2,0.0,-0.504785,0.0,0.0,-0.800446,0.0537109375,0.00439453125,0.005378546664412594,2014,SKQD,1210,0.29541015625,0.9670215842126281,209.0,0.051025390625,True,346628326
12,12,2,0.0,-0.504785,0.0,0.0,-0.800446,0.0537109375,0.00439453125,0.005378546664412594,2014,SKQD,1575,0.384521484375,0.9670215842126281,209.0,0.051025390625,True,346628326
12,12,2,0.0,-0.504785,0.0,0.0,-0.800446,0.0537109375,0.00439453125,0.005378546664412594,2014,SKQD,2048,0.5,0.9670215842126281,209.0,0.051025390625,True,346628326
12,12,2,0.0,-0.504785,0.0,0.0,-0.800446,0.0537109375,0.00439453125,0.005378546664412594,2014,Ceiling,1,0.000244140625,0.014056026580236573,2048.0,0.5,False,346628326
12,12,2,0.0,-0.504785,0.0,0.0,-0.800446,0.0537109375,0.00439453125,0.005378546664412594,2014,Ceiling,2,0.00048828125,0.028112053160473133,2048.0,0.5,False,346628326
12,12,2,0.0,-0.504785,0.0,0.0,-0.800446,0.0537109375,0.00439453125,0.005378546664412594,2014,Ceiling,3,0.000732421875,0.040915671740343704,2048.0,0.5,False,346628326
12,12,2,0.0,-0.504785,0.0,0.0,-0.800446,0.0537109375,0.00439453125,0.005378546664412594,2014,Ceiling,4,0.0009765625,0.05371929032021427,2048.0,0.5,False,346628326
12,12,2,0.0,-0.504785,0.0,0.0,-0.800446,0.0537109375,0.00439453125,0.005378546664412594,2014,Ceiling,5,0.001220703125,0.06470576990461514,2048.0,0.5,False,346628326
12,12,2,0.0,-0.504785,0.0,0.0,-0.800446,0.0537109375,0.00439453125,0.005378546664412594,2014,Ceiling,6,0.00146484375,0.07569224948901601,2048.0,0.5,False,346628326
12,12,2,0.0,-0.504785,0.0,0.0,-0.800446,0.0537109375,0.00439453125,0.005378546664412594,2014,Ceiling,8,0.001953125,0.09766520865781762,2048.0,0.5,False,346628326
12,12,2,0.0,-0.504785,0.0,0.0,-0.800446,0.0537109375,0.00439453125,0.005378546664412594,2014,Ceiling,11,0.002685546875,0.1267763450844279,2048.0,0.5,False,346628326
12,12,2,0.0,-0.504785,0.0,0.0,-0.800446,0.0537109375,0.00439453125,0.005378546664412594,2014,Ceiling,14,0.00341796875,0.1556191910692512,2048.0,0.5,False,346628326
12,12,2,0.0,-0.504785,0.0,0.0,-0.800446,0.0537109375,0.00439453125,0.005378546664412594,2014,Ceiling,18,0.00439453125,0.1935973746364971,2048.0,0.5,False,346628326
12,12,2,0.0,-0.504785,0.0,0.0,-0.800446,0.0537109375,0.00439453125,0.005378546664412594,2014,Ceiling,23,0.005615234375,0.24038698940270317,2048.0,0.5,False,346628326
12,12,2,0.0,-0.504785,0.0,0.0,-0.800446,0.0537109375,0.00439453125,0.005378546664412594,2014,Ceiling,31,0.007568359375,0.31146938214820913,2048.0,0.5,False,346628326
12,12,2,0.0,-0.504785,0.0,0.0,-0.800446,0.0537109375,0.00439453125,0.005378546664412594,2014,Ceiling,40,0.009765625,0.3833062304867294,2048.0,0.5,False,346628326
12,12,2,0.0,-0.504785,0.0,0.0,-0.800446,0.0537109375,0.00439453125,0.005378546664412594,2014,Ceiling,52,0.0126953125,0.46982545531328634,2048.0,0.5,False,346628326
12,12,2,0.0,-0.504785,0.0,0.0,-0.800446,0.0537109375,0.00439453125,0.005378546664412594,2014,Ceiling,67,0.016357421875,0.5676167332634442,2048.0,0.5,False,346628326
12,12,2,0.0,-0.504785,0.0,0.0,-0.800446,0.0537109375,0.00439453125,0.005378546664412594,2014,Ceiling,87,0.021240234375,0.6788969007479975,2048.0,0.5,False,346628326
12,12,2,0.0,-0.504785,0.0,0.0,-0.800446,0.0537109375,0.00439453125,0.005378546664412594,2014,Ceiling,114,0.02783203125,0.7950613737718472,2048.0,0.5,False,346628326
12,12,2,0.0,-0.504785,0.0,0.0,-0.800446,0.0537109375,0.00439453125,0.005378546664412594,2014,Ceiling,148,0.0361328125,0.899677444319642,2048.0,0.5,False,346628326
12,12,2,0.0,-0.504785,0.0,0.0,-0.800446,0.0537109375,0.00439453125,0.005378546664412594,2014,Ceiling,192,0.046875,0.9803550547343974,2048.0,0.5,False,346628326
12,12,2,0.0,-0.504785,0.0,0.0,-0.800446,0.0537109375,0.00439453125,0.005378546664412594,2014,Ceiling,250,0.06103515625,0.9999999999999997,2048.0,0.5,False,346628326
12,12,2,0.0,-0.504785,0.0,0.0,-0.800446,0.0537109375,0.00439453125,0.005378546664412594,2014,Ceiling,325,0.079345703125,0.9999999999999997,2048.0,0.5,False,346628326
12,12,2,0.0,-0.504785,0.0,0.0,-0.800446,0.0537109375,0.00439453125,0.005378546664412594,2014,Ceiling,423,0.103271484375,0.9999999999999997,2048.0,0.5,False,346628326
12,12,2,0.0,-0.504785,0.0,0.0,-0.800446,0.0537109375,0.00439453125,0.005378546664412594,2014,Ceiling,550,0.13427734375,0.9999999999999997,2048.0,0.5,False,346628326
12,12,2,0.0,-0.504785,0.0,0.0,-0.800446,0.0537109375,0.00439453125,0.005378546664412594,2014,Ceiling,715,0.174560546875,0.9999999999999997,2048.0,0.5,False,346628326
12,12,2,0.0,-0.504785,0.0,0.0,-0.800446,0.0537109375,0.00439453125,0.005378546664412594,2014,Ceiling,931,0.227294921875,0.9999999999999997,2048.0,0.5,False,346628326
12,12,2,0.0,-0.504785,0.0,0.0,-0.800446,0.0537109375,0.00439453125,0.005378546664412594,2014,Ceiling,1210,0.29541015625,0.9999999999999997,2048.0,0.5,False,346628326
12,12,2,0.0,-0.504785,0.0,0.0,-0.800446,0.0537109375,0.00439453125,0.005378546664412594,2014,Ceiling,1575,0.384521484375,0.9999999999999997,2048.0,0.5,False,346628326
12,12,2,0.0,-0.504785,0.0,0.0,-0.800446,0.0537109375,0.00439453125,0.005378546664412594,2014,Ceiling,2048,0.5,0.9999999999999997,2048.0,0.5,False,346628326
