Hamiltonian_Index,Number_of_Sites,Dimensions,Delta,J,Bx,By,Bz,Ground_State_Density,Hamiltonian_Density,Gap,Overlap,Initial_State_Index,Algorithm,Budget,Budget_Fraction,Fidelity,Final_Pool_Size,Final_Pool_Fraction,Terminated_Early,T,N_Shots,Seed
3,12,1,100.0,-0.746409,0.0,0.0,-0.96867,0.000244140625,0.0029296875,23.248079999999618,1.0,4095,BARK,1,0.000244140625,1.0,1.0,0.000244140625,True,,,1947905541
3,12,1,100.0,-0.746409,0.0,0.0,-0.96867,0.000244140625,0.0029296875,23.248079999999618,1.0,4095,BARK,2,0.00048828125,1.0,1.0,0.000244140625,True,,,1947905541
3,12,1,100.0,-0.746409,0.0,0.0,-0.96867,0.000244140625,0.0029296875,23.248079999999618,1.0,4095,BARK,3,0.000732421875,1.0,1.0,0.000244140625,True,,,1947905541
3,12,1,100.0,-0.746409,0.0,0.0,-0.96867,0.000244140625,0.0029296875,23.248079999999618,1.0,4095,BARK,4,0.0009765625,1.0,1.0,0.000244140625,True,,,1947905541
3,12,1,100.0,-0.746409,0.0,0.0,-0.96867,0.000244140625,0.0029296875,23.248079999999618,1.0,4095,BARK,5,0.001220703125,1.0,1.0,0.000244140625,True,,,1947905541
3,12,1,100.0,-0.746409,0.0,0.0,-0.96867,0.000244140625,0.0029296875,23.248079999999618,1.0,4095,BARK,6,0.00146484375,1.0,1.0,0.000244140625,True,,,1947905541
3,12,1,100.0,-0.746409,0.0,0.0,-0.96867,0.000244140625,0.0029296875,23.248079999999618,1.0,4095,BARK,8,0.001953125,1.0,1.0,0.000244140625,True,,,1947905541
3,12,1,100.0,-0.746409,0.0,0.0,-0.96867,0.000244140625,0.0029296875,23.248079999999618,1.0,4095,BARK,11,0.002685546875,1.0,1.0,0.000244140625,True,,,1947905541
3,12,1,100.0,-0.746409,0.0,0.0,-0.96867,0.000244140625,0.0029296875,23.248079999999618,1.0,4095,BARK,14,0.00341796875,1.0,1.0,0.000244140625,True,,,1947905541
3,12,1,100.0,-0.746409,0.0,0.0,-0.96867,0.000244140625,0.0029296875,23.248079999999618,1.0,4095,BARK,18,0.00439453125,1.0,1.0,0.000244140625,True,,,1947905541
3,12,1,100.0,-0.746409,0.0,0.0,-0.96867,0.000244140625,0.0029296875,23.248079999999618,1.0,4095,BARK,23,0.005615234375,1.0,1.0,0.000244140625,True,,,1947905541
3,12,1,100.0,-0.746409,0.0,0.0,-0.96867,0.000244140625,0.0029296875,23.248079999999618,1.0,4095,BARK,31,0.007568359375,1.0,1.0,0.000244140625,True,,,1947905541
3,12,1,100.0,-0.746409,0.0,0.0,-0.96867,0.000244140625,0.0029296875,23.248079999999618,1.0,4095,BARK,40,0.009765625,1.0,1.0,0.000244140625,True,,,1947905541
3,12,1,100.0,-0.746409,0.0,0.0,-0.96867,0.000244140625,0.0029296875,23.248079999999618,1.0,4095,BARK,52,0.0126953125,1.0,1.0,0.000244140625,True,,,1947905541
3,12,1,100.0,-0.746409,0.0,0.0,-0.96867,0.000244140625,0.0029296875,23.248079999999618,1.0,4095,BARK,67,0.016357421875,1.0,1.0,0.000244140625,True,,,1947905541
3,12,1,100.0,-0.746409,0.0,0.0,-0.96867,0.000244140625,0.0029296875,23.248079999999618,1.0,4095,BARK,87,0.021240234375,1.0,1.0,0.000244140625,True,,,1947905541
3,12,1,100.0,-0.746409,0.0,0.0,-0.96867,0.000244140625,0.0029296875,23.248079999999618,1.0,4095,BARK,114,0.02783203125,1.0,1.0,0.000244140625,True,,,1947905541
3,12,1,100.0,-0.746409,0.0,0.0,-0.96867,0.000244140625,0.0029296875,23.248079999999618,1.0,4095,BARK,148,0.0361328125,1.0,1.0,0.000244140625,True,,,1947905541
3,12,1,100.0,-0.746409,0.0,0.0,-0.96867,0.000244140625,0.0029296875,23.248079999999618,1.0,4095,BARK,192,0.046875,1.0,1.0,0.000244140625,True,,,1947905541
3,12,1,100.0,-0.746409,0.0,0.0,-0.96867,0.000244140625,0.0029296875,23.248079999999618,1.0,4095,BARK,250,0.06103515625,1.0,1.0,0.000244140625,True,,,1947905541
3,12,1,100.0,-0.746409,0.0,0.0,-0.96867,0.000244140625,0.0029296875,23.248079999999618,1.0,4095,BARK,325,0.079345703125,1.0,1.0,0.000244140625,True,,,1947905541
3,12,1,100.0,-0.746409,0.0,0.0,-0.96867,0.000244140625,0.0029296875,23.248079999999618,1.0,4095,BARK,423,0.103271484375,1.0,1.0,0.000244140625,True,,,1947905541
3,12,1,100.0,-0.746409,0.0,0.0,-0.96867,0.000244140625,0.0029296875,23.248079999999618,1.0,4095,BARK,550,0.13427734375,1.0,1.0,0.000244140625,True,,,1947905541
3,12,1,100.0,-0.746409,0.0,0.0,-0.96867,0.000244140625,0.0029296875,23.248079999999618,1.0,4095,BARK,715,0.174560546875,1.0,1.0,0.000244140625,True,,,1947905541
3,12,1,100.0,-0.746409,0.0,0.0,-0.96867,0.000244140625,0.0029296875,23.248079999999618,1.0,4095,BARK,931,0.227294921875,1.0,1.0,0.000244140625,True,,,1947905541
3,12,1,100.0,-0.746409,0.0,0.0,-0.96867,0.000244140625,0.0029296875,23.248079999999618,1.0,4095,BARK,1210,0.29541015625,1.0,1.0,0.000244140625,True,,,1947905541
3,12,1,100.0,-0.746409,0.0,0.0,-0.96867,0.000244140625,0.0029296875,23.248079999999618,1.0,4095,BARK,1575,0.384521484375,1.0,1.0,0.000244140625,True,,,1947905541
3,12,1,100.0,-0.746409,0.0,0.0,-0.96867,0.000244140625,0.0029296875,23.248079999999618,1.0,4095,BARK,2048,0.5,1.0,1.0,0.000244140625,True,,,1947905541
3,12,1,100.0,-0.746409,0.0,0.0,-0.96867,0.000244140625,0.0029296875,23.248079999999618,1.0,4095,Simplified BARK,1,0.000244140625,1.0,1.0,0.000244140625,True,,,1947905541
3,12,1,100.0,-0.746409,0.0,0.0,-0.96867,0.000244140625,0.0029296875,23.248079999999618,1.0,4095,Simplified BARK,2,0.00048828125,1.0,1.0,0.000244140625,True,,,1947905541
3,12,1,100.0,-0.746409,0.0,0.0,-0.96867,0.000244140625,0.0029296875,23.248079999999618,1.0,4095,Simplified BARK,3,0.000732421875,1.0,1.0,0.000244140625,True,,,1947905541
3,12,1,100.0,-0.746409,0.0,0.0,-0.96867,0.000244140625,0.0029296875,23.248079999999618,1.0,4095,Simplified BARK,4,0.0009765625,1.0,1.0,0.000244140625,True,,,1947905541
3,12,1,100.0,-0.746409,0.0,0.0,-0.96867,0.000244140625,0.0029296875,23.248079999999618,1.0,4095,Simplified BARK,5,0.001220703125,1.0,1.0,0.000244140625,True,,,1947905541
3,12,1,100.0,-0.746409,0.0,0.0,-0.96867,0.000244140625,0.0029296875,23.248079999999618,1.0,4095,Simplified BARK,6,0.00146484375,1.0,1.0,0.000244140625,True,,,1947905541
3,12,1,100.0,-0.746409,0.0,0.0,-0.96867,0.000244140625,0.0029296875,23.248079999999618,1.0,4095,Simplified BARK,8,0.001953125,1.0,1.0,0.000244140625,True,,,1947905541
3,12,1,100.0,-0.746409,0.0,0.0,-0.96867,0.000244140625,0.0029296875,23.248079999999618,1.0,4095,Simplified BARK,11,0.002685546875,1.0,1.0,0.000244140625,True,,,1947905541
3,12,1,100.0,-0.746409,0.0,0.0,-0.96867,0.000244140625,0.0029296875,23.248079999999618,1.0,4095,Simplified BARK,14,0.00341796875,1.0,1.0,0.000244140625,True,,,1947905541
3,12,1,100.0,-0.746409,0.0,0.0,-0.96867,0.000244140625,0.0029296875,23.248079999999618,1.0,4095,Simplified BARK,18,0.00439453125,1.0,1.0,0.000244140625,True,,,1947905541
3,12,1,100.0,-0.746409,0.0,0.0,-0.96867,0.000244140625,0.0029296875,23.248079999999618,1.0,4095,Simplified BARK,23,0.005615234375,1.0,1.0,0.000244140625,True,,,1947905541
3,12,1,100.0,-0.746409,0.0,0.0,-0.96867,0.000244140625,0.0029296875,23.248079999999618,1.0,4095,Simplified BARK,31,0.007568359375,1.0,1.0,0.000244140625,True,,,1947905541
3,12,1,100.0,-0.746409,0.0,0.0,-0.96867,0.000244140625,0.0029296875,23.248079999999618,1.0,4095,Simplified BARK,40,0.009765625,1.0,1.0,0.000244140625,True,,,1947905541
3,12,1,100.0,-0.746409,0.0,0.0,-0.96867,0.000244140625,0.0029296875,23.248079999999618,1.0,4095,Simplified BARK,52,0.0126953125,1.0,1.0,0.000244140625,True,,,1947905541
3,12,1,100.0,-0.746409,0.0,0.0,-0.96867,0.000244140625,0.0029296875,23.248079999999618,1.0,4095,Simplified BARK,67,0.016357421875,1.0,1.0,0.000244140625,True,,,1947905541
3,12,1,100.0,-0.746409,0.0,0.0,-0.96867,0.000244140625,0.0029296875,23.248079999999618,1.0,4095,Simplified BARK,87,0.021240234375,1.0,1.0,0.000244140625,True,,,1947905541
3,12,1,100.0,-0.746409,0.0,0.0,-0.96867,0.000244140625,0.0029296875,23.248079999999618,1.0,4095,Simplified BARK,114,0.02783203125,1.0,1.0,0.000244140625,True,,,1947905541
3,12,1,100.0,-0.746409,0.0,0.0,-0.96867,0.000244140625,0.0029296875,23.248079999999618,1.0,4095,Simplified BARK,148,0.0361328125,1.0,1.0,0.000244140625,True,,,1947905541
3,12,1,100.0,-0.746409,0.0,0.0,-0.96867,0.000244140625,0.0029296875,23.248079999999618,1.0,4095,Simplified BARK,192,0.046875,1.0,1.0,0.000244140625,True,,,1947905541
3,12,1,100.0,-0.746409,0.0,0.0,-0.96867,0.000244140625,0.0029296875,23.248079999999618,1.0,4095,Simplified BARK,250,0.06103515625,1.0,1.0,0.000244140625,True,,,1947905541
3,12,1,100.0,-0.746409,0.0,0.0,-0.96867,0.000244140625,0.0029296875,23.248079999999618,1.0,4095,Simplified BARK,325,0.079345703125,1.0,1.0,0.000244140625,True,,,1947905541
3,12,1,100.0,-0.746409,0.0,0.0,-0.96867,0.000244140625,0.0029296875,23.248079999999618,1.0,4095,Simplified BARK,423,0.103271484375,1.0,1.0,0.000244140625,True,,,1947905541
3,12,1,100.0,-0.746409,0.0,0.0,-0.96867,0.000244140625,0.0029296875,23.248079999999618,1.0,4095,Simplified BARK,550,0.13427734375,1.0,1.0,0.000244140625,True,,,1947905541
3,12,1,100.0,-0.746409,0.0,0.0,-0.96867,0.000244140625,0.0029296875,23.248079999999618,1.0,4095,Simplified BARK,715,0.174560546875,1.0,1.0,0.000244140625,True,,,1947905541
3,12,1,100.0,-0.746409,0.0,0.0,-0.96867,0.000244140625,0.0029296875,23.248079999999618,1.0,4095,Simplified BARK,931,0.227294921875,1.0,1.0,0.000244140625,True,,,1947905541
3,12,1,100.0,-0.746409,0.0,0.0,-0.96867,0.000244140625,0.0029296875,23.248079999999618,1.0,4095,Simplified BARK,1210,0.29541015625,1.0,1.0,0.000244140625,True,,,1947905541
3,12,1,100.0,-0.746409,0.0,0.0,-0.96867,0.000244140625,0.0029296875,23.248079999999618,1.0,4095,Simplified BARK,1575,0.384521484375,1.0,1.0,0.000244140625,True,,,1947905541
3,12,1,100.0,-0.746409,0.0,0.0,-0.96867,0.000244140625,0.0029296875,23.248079999999618,1.0,4095,Simplified BARK,2048,0.5,1.0,1.0,0.000244140625,True,,,1947905541
3,12,1,100.0,-0.746409,0.0,0.0,-0.96867,0.000244140625,0.0029296875,23.248079999999618,1.0,4095,SKQD,1,0.000244140625,1.0,1.0,0.000244140625,True,0.02,10.0,1947905541
3,12,1,100.0,-0.746409,0.0,0.0,-0.96867,0.000244140625,0.0029296875,23.248079999999618,1.0,4095,SKQD,2,0.00048828125,1.0,1.0,0.000244140625,True,0.02,10.0,1947905541
3,12,1,100.0,-0.746409,0.0,0.0,-0.96867,0.000244140625,0.0029296875,23.248079999999618,1.0,4095,SKQD,3,0.000732421875,1.0,1.0,0.000244140625,True,0.02,10.0,1947905541
3,12,1,100.0,-0.746409,0.0,0.0,-0.96867,0.000244140625,0.0029296875,23.248079999999618,1.0,4095,SKQD,4,0.0009765625,1.0,1.0,0.000244140625,True,0.02,10.0,1947905541
3,12,1,100.0,-0.746409,0.0,0.0,-0.96867,0.000244140625,0.0029296875,23.248079999999618,1.0,4095,SKQD,5,0.001220703125,1.0,1.0,0.000244140625,True,0.02,10.0,1947905541
3,12,1,100.0,-0.746409,0.0,0.0,-0.96867,0.000244140625,0.0029296875,23.248079999999618,1.0,4095,SKQD,6,0.00146484375,1.0,1.0,0.000244140625,True,0.02,10.0,1947905541
3,12,1,100.0,-0.746409,0.0,0.0,-0.96867,0.000244140625,0.0029296875,23.248079999999618,1.0,4095,SKQD,8,0.001953125,1.0,1.0,0.000244140625,True,0.02,10.0,1947905541
3,12,1,100.0,-0.746409,0.0,0.0,-0.96867,0.000244140625,0.0029296875,23.248079999999618,1.0,4095,SKQD,11,0.002685546875,1.0,1.0,0.000244140625,True,0.02,10.0,1947905541
3,12,1,100.0,-0.746409,0.0,0.0,-0.96867,0.000244140625,0.0029296875,23.248079999999618,1.0,4095,SKQD,14,0.00341796875,1.0,1.0,0.000244140625,True,0.02,10.0,1947905541
3,12,1,100.0,-0.746409,0.0,0.0,-0.96867,0.000244140625,0.0029296875,23.248079999999618,1.0,4095,SKQD,18,0.00439453125,1.0,1.0,0.000244140625,True,0.02,10.0,1947905541
3,12,1,100.0,-0.746409,0.0,0.0,-0.96867,0.000244140625,0.0029296875,23.248079999999618,1.0,4095,SKQD,23,0.005615234375,1.0,1.0,0.000244140625,True,0.02,10.0,1947905541
3,12,1,100.0,-0.746409,0.0,0.0,-0.96867,0.000244140625,0.0029296875,23.248079999999618,1.0,4095,SKQD,31,0.007568359375,1.0,1.0,0.000244140625,True,0.02,10.0,1947905541
3,12,1,100.0,-0.746409,0.0,0.0,-0.96867,0.000244140625,0.0029296875,23.248079999999618,1.0,4095,SKQD,40,0.009765625,1.0,1.0,0.000244140625,True,0.02,10.0,1947905541
3,12,1,100.0,-0.746409,0.0,0.0,-0.96867,0.000244140625,0.0029296875,23.248079999999618,1.0,4095,SKQD,52,0.0126953125,1.0,1.0,0.000244140625,True,0.02,10.0,1947905541
3,12,1,100.0,-0.746409,0.0,0.0,-0.96867,0.000244140625,0.0029296875,23.248079999999618,1.0,4095,SKQD,67,0.016357421875,1.0,1.0,0.000244140625,True,0.02,10.0,1947905541
3,12,1,100.0,-0.746409,0.0,0.0,-0.96867,0.000244140625,0.0029296875,23.248079999999618,1.0,4095,SKQD,87,0.021240234375,1.0,1.0,0.000244140625,True,0.02,10.0,1947905541
3,12,1,100.0,-0.746409,0.0,0.0,-0.96867,0.000244140625,0.0029296875,23.248079999999618,1.0,4095,SKQD,114,0.02783203125,1.0,1.0,0.000244140625,True,0.02,10.0,1947905541
3,12,1,100.0,-0.746409,0.0,0.0,-0.96867,0.000244140625,0.0029296875,23.248079999999618,1.0,4095,SKQD,148,0.0361328125,1.0,1.0,0.000244140625,True,0.02,10.0,1947905541
3,12,1,100.0,-0.746409,0.0,0.0,-0.96867,0.000244140625,0.0029296875,23.248079999999618,1.0,4095,SKQD,192,0.046875,1.0,1.0,0.000244140625,True,0.02,10.0,1947905541
3,12,1,100.0,-0.746409,0.0,0.0,-0.96867,0.000244140625,0.0029296875,23.248079999999618,1.0,4095,SKQD,250,0.06103515625,1.0,1.0,0.000244140625,True,0.02,10.0,1947905541
3,12,1,100.0,-0.746409,0.0,0.0,-0.96867,0.000244140625,0.0029296875,23.248079999999618,1.0,4095,SKQD,325,0.079345703125,1.0,1.0,0.000244140625,True,0.02,10.0,1947905541
3,12,1,100.0,-0.746409,0.0,0.0,-0.96867,0.000244140625,0.0029296875,23.248079999999618,1.0,4095,SKQD,423,0.103271484375,1.0,1.0,0.000244140625,True,0.02,10.0,1947905541
3,12,1,100.0,-0.746409,0.0,0.0,-0.96867,0.000244140625,0.0029296875,23.248079999999618,1.0,4095,SKQD,550,0.13427734375,1.0,1.0,0.000244140625,True,0.02,10.0,1947905541
3,12,1,100.0,-0.746409,0.0,0.0,-0.96867,0.000244140625,0.0029296875,23.248079999999618,1.0,4095,SKQD,715,0.174560546875,1.0,1.0,0.000244140625,True,0.02,10.0,1947905541
3,12,1,100.0,-0.746409,0.0,0.0,-0.96867,0.000244140625,0.0029296875,23.248079999999618,1.0,4095,SKQD,931,0.227294921875,1.0,1.0,0.000244140625,True,0.02,10.0,1947905541
3,12,1,100.0,-0.746409,0.0,0.0,-0.96867,0.000244140625,0.0029296875,23.248079999999618,1.0,4095,SKQD,1210,0.29541015625,1.0,1.0,0.000244140625,True,0.02,10.0,1947905541
3,12,1,100.0,-0.746409,0.0,0.0,-0.96867,0.000244140625,0.0029296875,23.248079999999618,1.0,4095,SKQD,1575,0.384521484375,1.0,1.0,0.000244140625,True,0.02,10.0,1947905541
3,12,1,100.0,-0.746409,0.0,0.0,-0.96867,0.000244140625,0.0029296875,23.248079999999618,1.0,4095,SKQD,2048,0.5,1.0,1.0,0.000244140625,True,0.02,10.0,1947905541
3,12,1,100.0,-0.746409,0.0,0.0,-0.96867,0.000244140625,0.0029296875,23.248079999999618,1.0,4095,Ceiling,1,0.000244140625,1.0,2048.0,0.5,False,,,1947905541
3,12,1,100.0,-0.746409,0.0,0.0,-0.96867,0.000244140625,0.0029296875,23.248079999999618,1.0,4095,Ceiling,2,0.00048828125,1.0,2048.0,0.5,False,,,1947905541
3,12,1,100.0,-0.746409,0.0,0.0,-0.96867,0.000244140625,0.0029296875,23.248079999999618,1.0,4095,Ceiling,3,0.000732421875,1.0,2048.0,0.5,False,,,1947905541
3,12,1,100.0,-0.746409,0.0,0.0,-0.96867,0.000244140625,0.0029296875,23.248079999999618,1.0,4095,Ceiling,4,0.0009765625,1.0,2048.0,0.5,False,,,1947905541
3,12,1,100.0,-0.746409,0.0,0.0,-0.96867,0.000244140625,0.0029296875,23.248079999999618,1.0,4095,Ceiling,5,0.001220703125,1.0,2048.0,0.5,False,,,1947905541
3,12,1,100.0,-0.746409,0.0,0.0,-0.96867,0.000244140625,0.0029296875,23.248079999999618,1.0,4095,Ceiling,6,0.00146484375,1.0,2048.0,0.5,False,,,1947905541
3,12,1,100.0,-0.746409,0.0,0.0,-0.96867,0.000244140625,0.0029296875,23.248079999999618,1.0,4095,Ceiling,8,0.001953125,1.0,2048.0,0.5,False,,,1947905541
3,12,1,100.0,-0.746409,0.0,0.0,-0.96867,0.000244140625,0.0029296875,23.248079999999618,1.0,4095,Ceiling,11,0.002685546875,1.0,2048.0,0.5,False,,,1947905541
3,12,1,100.0,-0.746409,0.0,0.0,-0.96867,0.000244140625,0.0029296875,23.248079999999618,1.0,4095,Ceiling,14,0.00341796875,1.0,2048.0,0.5,False,,,1947905541
3,12,1,100.0,-0.746409,0.0,0.0,-0.96867,0.000244140625,0.0029296875,23.248079999999618,1.0,4095,Ceiling,18,0.00439453125,1.0,2048.0,0.5,False,,,1947905541
3,12,1,100.0,-0.746409,0.0,0.0,-0.96867,0.000244140625,0.0029296875,23.248079999999618,1.0,4095,Ceiling,23,0.005615234375,1.0,2048.0,0.5,False,,,1947905541
3,12,1,100.0,-0.746409,0.0,0.0,-0.96867,0.000244140625,0.0029296875,23.248079999999618,1.0,4095,Ceiling,31,0.007568359375,1.0,2048.0,0.5,False,,,1947905541
3,12,1,100.0,-0.746409,0.0,0.0,-0.96867,0.000244140625,0.0029296875,23.248079999999618,1.0,4095,Ceiling,40,0.009765625,1.0,2048.0,0.5,False,,,1947905541
3,12,1,100.0,-0.746409,0.0,0.0,-0.96867,0.000244140625,0.0029296875,23.248079999999618,1.0,4095,Ceiling,52,0.0126953125,1.0,2048.0,0.5,False,,,1947905541
3,12,1,100.0,-0.746409,0.0,0.0,-0.96867,0.000244140625,0.0029296875,23.248079999999618,1.0,4095,Ceiling,67,0.016357421875,1.0,2048.0,0.5,False,,,1947905541
3,12,1,100.0,-0.746409,0.0,0.0,-0.96867,0.000244140625,0.0029296875,23.248079999999618,1.0,4095,Ceiling,87,0.021240234375,1.0,2048.0,0.5,False,,,1947905541
3,12,1,100.0,-0.746409,0.0,0.0,-0.96867,0.000244140625,0.0029296875,23.248079999999618,1.0,4095,Ceiling,114,0.02783203125,1.0,2048.0,0.5,False,,,1947905541
3,12,1,100.0,-0.746409,0.0,0.0,-0.96867,0.000244140625,0.0029296875,23.248079999999618,1.0,4095,Ceiling,148,0.0361328125,1.0,2048.0,0.5,False,,,1947905541
3,12,1,100.0,-0.746409,0.0,0.0,-0.96867,0.000244140625,0.0029296875,23.248079999999618,1.0,4095,Ceiling,192,0.046875,1.0,2048.0,0.5,False,,,1947905541
3,12,1,100.0,-0.746409,0.0,0.0,-0.96867,0.000244140625,0.0029296875,23.248079999999618,1.0,4095,Ceiling,250,0.06103515625,1.0,2048.0,0.5,False,,,1947905541
3,12,1,100.0,-0.746409,0.0,0.0,-0.96867,0.000244140625,0.0029296875,23.248079999999618,1.0,4095,Ceiling,325,0.079345703125,1.0,2048.0,0.5,False,,,1947905541
3,12,1,100.0,-0.746409,0.0,0.0,-0.96867,0.000244140625,0.0029296875,23.248079999999618,1.0,4095,Ceiling,423,0.103271484375,1.0,2048.0,0.5,False,,,1947905541
3,12,1,100.0,-0.746409,0.0,0.0,-0.96867,0.000244140625,0.0029296875,23.248079999999618,1.0,4095,Ceiling,550,0.13427734375,1.0,2048.0,0.5,False,,,1947905541
3,12,1,100.0,-0.746409,0.0,0.0,-0.96867,0.000244140625,0.0029296875,23.248079999999618,1.0,4095,Ceiling,715,0.174560546875,1.0,2048.0,0.5,False,,,1947905541
3,12,1,100.0,-0.746409,0.0,0.0,-0.96867,0.000244140625,0.0029296875,23.248079999999618,1.0,4095,Ceiling,931,0.227294921875,1.0,2048.0,0.5,False,,,1947905541
3,12,1,100.0,-0.746409,0.0,0.0,-0.96867,0.000244140625,0.0029296875,23.248079999999618,1.0,4095,Ceiling,1210,0.29541015625,1.0,2048.0,0.5,False,,,1947905541
3,12,1,100.0,-0.746409,0.0,0.0,-0.96867,0.000244140625,0.0029296875,23.248079999999618,1.0,4095,Ceiling,1575,0.384521484375,1.0,2048.0,0.5,False,,,1947905541
3,12,1,100.0,-0.746409,0.0,0.0,-0.96867,0.000244140625,0.0029296875,23.248079999999618,1.0,4095,Ceiling,2048,0.5,1.0,2048.0,0.5,False,,,1947905541
11,12,1,100.0,-0.899855,0.0,0.0,0.734512,0.000244140625,0.0029296875,17.628287999999884,1.0,0,BARK,1,0.000244140625,1.0,1.0,0.000244140625,True,,,2222937602
11,12,1,100.0,-0.899855,0.0,0.0,0.734512,0.000244140625,0.0029296875,17.628287999999884,1.0,0,BARK,2,0.00048828125,1.0,1.0,0.000244140625,True,,,2222937602
11,12,1,100.0,-0.899855,0.0,0.0,0.734512,0.000244140625,0.0029296875,17.628287999999884,1.0,0,BARK,3,0.000732421875,1.0,1.0,0.000244140625,True,,,2222937602
11,12,1,100.0,-0.899855,0.0,0.0,0.734512,0.000244140625,0.0029296875,17.628287999999884,1.0,0,BARK,4,0.0009765625,1.0,1.0,0.000244140625,True,,,2222937602
11,12,1,100.0,-0.899855,0.0,0.0,0.734512,0.000244140625,0.0029296875,17.628287999999884,1.0,0,BARK,5,0.001220703125,1.0,1.0,0.000244140625,True,,,2222937602
11,12,1,100.0,-0.899855,0.0,0.0,0.734512,0.000244140625,0.0029296875,17.628287999999884,1.0,0,BARK,6,0.00146484375,1.0,1.0,0.000244140625,True,,,2222937602
11,12,1,100.0,-0.899855,0.0,0.0,0.734512,0.000244140625,0.0029296875,17.628287999999884,1.0,0,BARK,8,0.001953125,1.0,1.0,0.000244140625,True,,,2222937602
11,12,1,100.0,-0.899855,0.0,0.0,0.734512,0.000244140625,0.0029296875,17.628287999999884,1.0,0,BARK,11,0.002685546875,1.0,1.0,0.000244140625,True,,,2222937602
11,12,1,100.0,-0.899855,0.0,0.0,0.734512,0.000244140625,0.0029296875,17.628287999999884,1.0,0,BARK,14,0.00341796875,1.0,1.0,0.000244140625,True,,,2222937602
11,12,1,100.0,-0.899855,0.0,0.0,0.734512,0.000244140625,0.0029296875,17.628287999999884,1.0,0,BARK,18,0.00439453125,1.0,1.0,0.000244140625,True,,,2222937602
11,12,1,100.0,-0.899855,0.0,0.0,0.734512,0.000244140625,0.0029296875,17.628287999999884,1.0,0,BARK,23,0.005615234375,1.0,1.0,0.000244140625,True,,,2222937602
11,12,1,100.0,-0.899855,0.0,0.0,0.734512,0.000244140625,0.0029296875,17.628287999999884,1.0,0,BARK,31,0.007568359375,1.0,1.0,0.000244140625,True,,,2222937602
11,12,1,100.0,-0.899855,0.0,0.0,0.734512,0.000244140625,0.0029296875,17.628287999999884,1.0,0,BARK,40,0.009765625,1.0,1.0,0.000244140625,True,,,2222937602
11,12,1,100.0,-0.899855,0.0,0.0,0.734512,0.000244140625,0.0029296875,17.628287999999884,1.0,0,BARK,52,0.0126953125,1.0,1.0,0.000244140625,True,,,2222937602
11,12,1,100.0,-0.899855,0.0,0.0,0.734512,0.000244140625,0.0029296875,17.628287999999884,1.0,0,BARK,67,0.016357421875,1.0,1.0,0.000244140625,True,,,2222937602
11,12,1,100.0,-0.899855,0.0,0.0,0.734512,0.000244140625,0.0029296875,17.628287999999884,1.0,0,BARK,87,0.021240234375,1.0,1.0,0.000244140625,True,,,2222937602
11,12,1,100.0,-0.899855,0.0,0.0,0.734512,0.000244140625,0.0029296875,17.628287999999884,1.0,0,BARK,114,0.02783203125,1.0,1.0,0.000244140625,True,,,2222937602
11,12,1,100.0,-0.899855,0.0,0.0,0.734512,0.000244140625,0.0029296875,17.628287999999884,1.0,0,BARK,148,0.0361328125,1.0,1.0,0.000244140625,True,,,2222937602
11,12,1,100.0,-0.899855,0.0,0.0,0.734512,0.000244140625,0.0029296875,17.628287999999884,1.0,0,BARK,192,0.046875,1.0,1.0,0.000244140625,True,,,2222937602
11,12,1,100.0,-0.899855,0.0,0.0,0.734512,0.000244140625,0.0029296875,17.628287999999884,1.0,0,BARK,250,0.06103515625,1.0,1.0,0.000244140625,True,,,2222937602
11,12,1,100.0,-0.899855,0.0,0.0,0.734512,0.000244140625,0.0029296875,17.628287999999884,1.0,0,BARK,325,0.079345703125,1.0,1.0,0.000244140625,True,,,2222937602
11,12,1,100.0,-0.899855,0.0,0.0,0.734512,0.000244140625,0.0029296875,17.628287999999884,1.0,0,BARK,423,0.103271484375,1.0,1.0,0.000244140625,True,,,2222937602
11,12,1,100.0,-0.899855,0.0,0.0,0.734512,0.000244140625,0.0029296875,17.628287999999884,1.0,0,BARK,550,0.13427734375,1.0,1.0,0.000244140625,True,,,2222937602
11,12,1,100.0,-0.899855,0.0,0.0,0.734512,0.000244140625,0.0029296875,17.628287999999884,1.0,0,BARK,715,0.174560546875,1.0,1.0,0.000244140625,True,,,2222937602
11,12,1,100.0,-0.899855,0.0,0.0,0.734512,0.000244140625,0.0029296875,17.628287999999884,1.0,0,BARK,931,0.227294921875,1.0,1.0,0.000244140625,True,,,2222937602
11,12,1,100.0,-0.899855,0.0,0.0,0.734512,0.000244140625,0.0029296875,17.628287999999884,1.0,0,BARK,1210,0.29541015625,1.0,1.0,0.000244140625,True,,,2222937602
11,12,1,100.0,-0.899855,0.0,0.0,0.734512,0.000244140625,0.0029296875,17.628287999999884,1.0,0,BARK,1575,0.384521484375,1.0,1.0,0.000244140625,True,,,2222937602
11,12,1,100.0,-0.899855,0.0,0.0,0.734512,0.000244140625,0.0029296875,17.628287999999884,1.0,0,BARK,2048,0.5,1.0,1.0,0.000244140625,True,,,2222937602
11,12,1,100.0,-0.899855,0.0,0.0,0.734512,0.000244140625,0.0029296875,17.628287999999884,1.0,0,Simplified BARK,1,0.000244140625,1.0,1.0,0.000244140625,True,,,2222937602
11,12,1,100.0,-0.899855,0.0,0.0,0.734512,0.000244140625,0.0029296875,17.628287999999884,1.0,0,Simplified BARK,2,0.00048828125,1.0,1.0,0.000244140625,True,,,2222937602
11,12,1,100.0,-0.899855,0.0,0.0,0.734512,0.000244140625,0.0029296875,17.628287999999884,1.0,0,Simplified BARK,3,0.000732421875,1.0,1.0,0.000244140625,True,,,2222937602
11,12,1,100.0,-0.899855,0.0,0.0,0.734512,0.000244140625,0.0029296875,17.628287999999884,1.0,0,Simplified BARK,4,0.0009765625,1.0,1.0,0.000244140625,True,,,2222937602
11,12,1,100.0,-0.899855,0.0,0.0,0.734512,0.000244140625,0.0029296875,17.628287999999884,1.0,0,Simplified BARK,5,0.001220703125,1.0,1.0,0.000244140625,True,,,2222937602
11,12,1,100.0,-0.899855,0.0,0.0,0.734512,0.000244140625,0.0029296875,17.628287999999884,1.0,0,Simplified BARK,6,0.00146484375,1.0,1.0,0.000244140625,True,,,2222937602
11,12,1,100.0,-0.899855,0.0,0.0,0.734512,0.000244140625,0.0029296875,17.628287999999884,1.0,0,Simplified BARK,8,0.001953125,1.0,1.0,0.000244140625,True,,,2222937602
11,12,1,100.0,-0.899855,0.0,0.0,0.734512,0.000244140625,0.0029296875,17.628287999999884,1.0,0,Simplified BARK,11,0.002685546875,1.0,1.0,0.000244140625,True,,,2222937602
11,12,1,100.0,-0.899855,0.0,0.0,0.734512,0.000244140625,0.0029296875,17.628287999999884,1.0,0,Simplified BARK,14,0.00341796875,1.0,1.0,0.000244140625,True,,,2222937602
11,12,1,100.0,-0.899855,0.0,0.0,0.734512,0.000244140625,0.0029296875,17.628287999999884,1.0,0,Simplified BARK,18,0.00439453125,1.0,1.0,0.000244140625,True,,,2222937602
11,12,1,100.0,-0.899855,0.0,0.0,0.734512,0.000244140625,0.0029296875,17.628287999999884,1.0,0,Simplified BARK,23,0.005615234375,1.0,1.0,0.000244140625,True,,,2222937602
11,12,1,100.0,-0.899855,0.0,0.0,0.734512,0.000244140625,0.0029296875,17.628287999999884,1.0,0,Simplified BARK,31,0.007568359375,1.0,1.0,0.000244140625,True,,,2222937602
11,12,1,100.0,-0.899855,0.0,0.0,0.734512,0.000244140625,0.0029296875,17.628287999999884,1.0,0,Simplified BARK,40,0.009765625,1.0,1.0,0.000244140625,True,,,2222937602
11,12,1,100.0,-0.899855,0.0,0.0,0.734512,0.000244140625,0.0029296875,17.628287999999884,1.0,0,Simplified BARK,52,0.0126953125,1.0,1.0,0.000244140625,True,,,2222937602
11,12,1,100.0,-0.899855,0.0,0.0,0.734512,0.000244140625,0.0029296875,17.628287999999884,1.0,0,Simplified BARK,67,0.016357421875,1.0,1.0,0.000244140625,True,,,2222937602
11,12,1,100.0,-0.899855,0.0,0.0,0.734512,0.000244140625,0.0029296875,17.628287999999884,1.0,0,Simplified BARK,87,0.021240234375,1.0,1.0,0.000244140625,True,,,2222937602
11,12,1,100.0,-0.899855,0.0,0.0,0.734512,0.000244140625,0.0029296875,17.628287999999884,1.0,0,Simplified BARK,114,0.02783203125,1.0,1.0,0.000244140625,True,,,2222937602
11,12,1,100.0,-0.899855,0.0,0.0,0.734512,0.000244140625,0.0029296875,17.628287999999884,1.0,0,Simplified BARK,148,0.0361328125,1.0,1.0,0.000244140625,True,,,2222937602
11,12,1,100.0,-0.899855,0.0,0.0,0.734512,0.000244140625,0.0029296875,17.628287999999884,1.0,0,Simplified BARK,192,0.046875,1.0,1.0,0.000244140625,True,,,2222937602
11,12,1,100.0,-0.899855,0.0,0.0,0.734512,0.000244140625,0.0029296875,17.628287999999884,1.0,0,Simplified BARK,250,0.06103515625,1.0,1.0,0.000244140625,True,,,2222937602
11,12,1,100.0,-0.899855,0.0,0.0,0.734512,0.000244140625,0.0029296875,17.628287999999884,1.0,0,Simplified BARK,325,0.079345703125,1.0,1.0,0.000244140625,True,,,2222937602
11,12,1,100.0,-0.899855,0.0,0.0,0.734512,0.000244140625,0.0029296875,17.628287999999884,1.0,0,Simplified BARK,423,0.103271484375,1.0,1.0,0.000244140625,True,,,2222937602
11,12,1,100.0,-0.899855,0.0,0.0,0.734512,0.000244140625,0.0029296875,17.628287999999884,1.0,0,Simplified BARK,550,0.13427734375,1.0,1.0,0.000244140625,True,,,2222937602
11,12,1,100.0,-0.899855,0.0,0.0,0.734512,0.000244140625,0.0029296875,17.628287999999884,1.0,0,Simplified BARK,715,0.174560546875,1.0,1.0,0.000244140625,True,,,2222937602
11,12,1,100.0,-0.899855,0.0,0.0,0.734512,0.000244140625,0.0029296875,17.628287999999884,1.0,0,Simplified BARK,931,0.227294921875,1.0,1.0,0.000244140625,True,,,2222937602
11,12,1,100.0,-0.899855,0.0,0.0,0.734512,0.000244140625,0.0029296875,17.628287999999884,1.0,0,Simplified BARK,1210,0.29541015625,1.0,1.0,0.000244140625,True,,,2222937602
11,12,1,100.0,-0.899855,0.0,0.0,0.734512,0.000244140625,0.0029296875,17.628287999999884,1.0,0,Simplified BARK,1575,0.384521484375,1.0,1.0,0.000244140625,True,,,2222937602
11,12,1,100.0,-0.899855,0.0,0.0,0.734512,0.000244140625,0.0029296875,17.628287999999884,1.0,0,Simplified BARK,2048,0.5,1.0,1.0,0.000244140625,True,,,2222937602
11,12,1,100.0,-0.899855,0.0,0.0,0.734512,0.000244140625,0.0029296875,17.628287999999884,1.0,0,SKQD,1,0.000244140625,1.0,1.0,0.000244140625,True,0.02,10.0,2222937602
11,12,1,100.0,-0.899855,0.0,0.0,0.734512,0.000244140625,0.0029296875,17.628287999999884,1.0,0,SKQD,2,0.00048828125,1.0,1.0,0.000244140625,True,0.02,10.0,2222937602
11,12,1,100.0,-0.899855,0.0,0.0,0.734512,0.000244140625,0.0029296875,17.628287999999884,1.0,0,SKQD,3,0.000732421875,1.0,1.0,0.000244140625,True,0.02,10.0,2222937602
11,12,1,100.0,-0.899855,0.0,0.0,0.734512,0.000244140625,0.0029296875,17.628287999999884,1.0,0,SKQD,4,0.0009765625,1.0,1.0,0.000244140625,True,0.02,10.0,2222937602
11,12,1,100.0,-0.899855,0.0,0.0,0.734512,0.000244140625,0.0029296875,17.628287999999884,1.0,0,SKQD,5,0.001220703125,1.0,1.0,0.000244140625,True,0.02,10.0,2222937602
11,12,1,100.0,-0.899855,0.0,0.0,0.734512,0.000244140625,0.0029296875,17.628287999999884,1.0,0,SKQD,6,0.00146484375,1.0,1.0,0.000244140625,True,0.02,10.0,2222937602
11,12,1,100.0,-0.899855,0.0,0.0,0.734512,0.000244140625,0.0029296875,17.628287999999884,1.0,0,SKQD,8,0.001953125,1.0,1.0,0.000244140625,True,0.02,10.0,2222937602
11,12,1,100.0,-0.899855,0.0,0.0,0.734512,0.000244140625,0.0029296875,17.628287999999884,1.0,0,SKQD,11,0.002685546875,1.0,1.0,0.000244140625,True,0.02,10.0,2222937602
11,12,1,100.0,-0.899855,0.0,0.0,0.734512,0.000244140625,0.0029296875,17.628287999999884,1.0,0,SKQD,14,0.00341796875,1.0,1.0,0.000244140625,True,0.02,10.0,2222937602
11,12,1,100.0,-0.899855,0.0,0.0,0.734512,0.000244140625,0.0029296875,17.628287999999884,1.0,0,SKQD,18,0.00439453125,1.0,1.0,0.000244140625,True,0.02,10.0,2222937602
11,12,1,100.0,-0.899855,0.0,0.0,0.734512,0.000244140625,0.0029296875,17.628287999999884,1.0,0,SKQD,23,0.005615234375,1.0,1.0,0.000244140625,True,0.02,10.0,2222937602
11,12,1,100.0,-0.899855,0.0,0.0,0.734512,0.000244140625,0.0029296875,17.628287999999884,1.0,0,SKQD,31,0.007568359375,1.0,1.0,0.000244140625,True,0.02,10.0,2222937602
11,12,1,100.0,-0.899855,0.0,0.0,0.734512,0.000244140625,0.0029296875,17.628287999999884,1.0,0,SKQD,40,0.009765625,1.0,1.0,0.000244140625,True,0.02,10.0,2222937602
11,12,1,100.0,-0.899855,0.0,0.0,0.734512,0.000244140625,0.0029296875,17.628287999999884,1.0,0,SKQD,52,0.0126953125,1.0,1.0,0.000244140625,True,0.02,10.0,2222937602
11,12,1,100.0,-0.899855,0.0,0.0,0.734512,0.000244140625,0.0029296875,17.628287999999884,1.0,0,SKQD,67,0.016357421875,1.0,1.0,0.000244140625,True,0.02,10.0,2222937602
11,12,1,100.0,-0.899855,0.0,0.0,0.734512,0.000244140625,0.0029296875,17.628287999999884,1.0,0,SKQD,87,0.021240234375,1.0,1.0,0.000244140625,True,0.02,10.0,2222937602
11,12,1,100.0,-0.899855,0.0,0.0,0.734512,0.000244140625,0.0029296875,17.628287999999884,1.0,0,SKQD,114,0.02783203125,1.0,1.0,0.000244140625,True,0.02,10.0,2222937602
11,12,1,100.0,-0.899855,0.0,0.0,0.734512,0.000244140625,0.0029296875,17.628287999999884,1.0,0,SKQD,148,0.0361328125,1.0,1.0,0.000244140625,True,0.02,10.0,2222937602
11,12,1,100.0,-0.899855,0.0,0.0,0.734512,0.000244140625,0.0029296875,17.628287999999884,1.0,0,SKQD,192,0.046875,1.0,1.0,0.000244140625,True,0.02,10.0,2222937602
11,12,1,100.0,-0.899855,0.0,0.0,0.734512,0.000244140625,0.0029296875,17.628287999999884,1.0,0,SKQD,250,0.06103515625,1.0,1.0,0.000244140625,True,0.02,10.0,2222937602
11,12,1,100.0,-0.899855,0.0,0.0,0.734512,0.000244140625,0.0029296875,17.628287999999884,1.0,0,SKQD,325,0.079345703125,1.0,1.0,0.000244140625,True,0.02,10.0,2222937602
11,12,1,100.0,-0.899855,0.0,0.0,0.734512,0.000244140625,0.0029296875,17.628287999999884,1.0,0,SKQD,423,0.103271484375,1.0,1.0,0.000244140625,True,0.02,10.0,2222937602
11,12,1,100.0,-0.899855,0.0,0.0,0.734512,0.000244140625,0.0029296875,17.628287999999884,1.0,0,SKQD,550,0.13427734375,1.0,1.0,0.000244140625,True,0.02,10.0,2222937602
11,12,1,100.0,-0.899855,0.0,0.0,0.734512,0.000244140625,0.0029296875,17.628287999999884,1.0,0,SKQD,715,0.174560546875,1.0,1.0,0.000244140625,True,0.02,10.0,2222937602
11,12,1,100.0,-0.899855,0.0,0.0,0.734512,0.000244140625,0.0029296875,17.628287999999884,1.0,0,SKQD,931,0.227294921875,1.0,1.0,0.000244140625,True,0.02,10.0,2222937602
11,12,1,100.0,-0.899855,0.0,0.0,0.734512,0.000244140625,0.0029296875,17.628287999999884,1.0,0,SKQD,1210,0.29541015625,1.0,1.0,0.000244140625,True,0.02,10.0,2222937602
11,12,1,100.0,-0.899855,0.0,0.0,0.734512,0.000244140625,0.0029296875,17.628287999999884,1.0,0,SKQD,1575,0.384521484375,1.0,1.0,0.000244140625,True,0.02,10.0,2222937602
11,12,1,100.0,-0.899855,0.0,0.0,0.734512,0.000244140625,0.0029296875,17.628287999999884,1.0,0,SKQD,2048,0.5,1.0,1.0,0.000244140625,True,0.02,10.0,2222937602
11,12,1,100.0,-0.899855,0.0,0.0,0.734512,0.000244140625,0.0029296875,17.628287999999884,1.0,0,Ceiling,1,0.000244140625,1.0,2048.0,0.5,False,,,2222937602
11,12,1,100.0,-0.899855,0.0,0.0,0.734512,0.000244140625,0.0029296875,17.628287999999884,1.0,0,Ceiling,2,0.00048828125,1.0,2048.0,0.5,False,,,2222937602
11,12,1,100.0,-0.899855,0.0,0.0,0.734512,0.000244140625,0.0029296875,17.628287999999884,1.0,0,Ceiling,3,0.000732421875,1.0,2048.0,0.5,False,,,2222937602
11,12,1,100.0,-0.899855,0.0,0.0,0.734512,0.000244140625,0.0029296875,17.628287999999884,1.0,0,Ceiling,4,0.0009765625,1.0,2048.0,0.5,False,,,2222937602
11,12,1,100.0,-0.899855,0.0,0.0,0.734512,0.000244140625,0.0029296875,17.628287999999884,1.0,0,Ceiling,5,0.001220703125,1.0,2048.0,0.5,False,,,2222937602
11,12,1,100.0,-0.899855,0.0,0.0,0.734512,0.000244140625,0.0029296875,17.628287999999884,1.0,0,Ceiling,6,0.00146484375,1.0,2048.0,0.5,False,,,2222937602
11,12,1,100.0,-0.899855,0.0,0.0,0.734512,0.000244140625,0.0029296875,17.628287999999884,1.0,0,Ceiling,8,0.001953125,1.0,2048.0,0.5,False,,,2222937602
11,12,1,100.0,-0.899855,0.0,0.0,0.734512,0.000244140625,0.0029296875,17.628287999999884,1.0,0,Ceiling,11,0.002685546875,1.0,2048.0,0.5,False,,,2222937602
11,12,1,100.0,-0.899855,0.0,0.0,0.734512,0.000244140625,0.0029296875,17.628287999999884,1.0,0,Ceiling,14,0.00341796875,1.0,2048.0,0.5,False,,,2222937602
11,12,1,100.0,-0.899855,0.0,0.0,0.734512,0.000244140625,0.0029296875,17.628287999999884,1.0,0,Ceiling,18,0.00439453125,1.0,2048.0,0.5,False,,,2222937602
11,12,1,100.0,-0.899855,0.0,0.0,0.734512,0.000244140625,0.0029296875,17.628287999999884,1.0,0,Ceiling,23,0.005615234375,1.0,2048.0,0.5,False,,,2222937602
11,12,1,100.0,-0.899855,0.0,0.0,0.734512,0.000244140625,0.0029296875,17.628287999999884,1.0,0,Ceiling,31,0.007568359375,1.0,2048.0,0.5,False,,,2222937602
11,12,1,100.0,-0.899855,0.0,0.0,0.734512,0.000244140625,0.0029296875,17.628287999999884,1.0,0,Ceiling,40,0.009765625,1.0,2048.0,0.5,False,,,2222937602
11,12,1,100.0,-0.899855,0.0,0.0,0.734512,0.000244140625,0.0029296875,17.628287999999884,1.0,0,Ceiling,52,0.0126953125,1.0,2048.0,0.5,False,,,2222937602
11,12,1,100.0,-0.899855,0.0,0.0,0.734512,0.000244140625,0.0029296875,17.628287999999884,1.0,0,Ceiling,67,0.016357421875,1.0,2048.0,0.5,False,,,2222937602
11,12,1,100.0,-0.899855,0.0,0.0,0.734512,0.000244140625,0.0029296875,17.628287999999884,1.0,0,Ceiling,87,0.021240234375,1.0,2048.0,0.5,False,,,2222937602
11,12,1,100.0,-0.899855,0.0,0.0,0.734512,0.000244140625,0.0029296875,17.628287999999884,1.0,0,Ceiling,114,0.02783203125,1.0,2048.0,0.5,False,,,2222937602
11,12,1,100.0,-0.899855,0.0,0.0,0.734512,0.000244140625,0.0029296875,17.628287999999884,1.0,0,Ceiling,148,0.0361328125,1.0,2048.0,0.5,False,,,2222937602
11,12,1,100.0,-0.899855,0.0,0.0,0.734512,0.000244140625,0.0029296875,17.628287999999884,1.0,0,Ceiling,192,0.046875,1.0,2048.0,0.5,False,,,2222937602
11,12,1,100.0,-0.899855,0.0,0.0,0.734512,0.000244140625,0.0029296875,17.628287999999884,1.0,0,Ceiling,250,0.06103515625,1.0,2048.0,0.5,False,,,2222937602
11,12,1,100.0,-0.899855,0.0,0.0,0.734512,0.000244140625,0.0029296875,17.628287999999884,1.0,0,Ceiling,325,0.079345703125,1.0,2048.0,0.5,False,,,2222937602
11,12,1,100.0,-0.899855,0.0,0.0,0.734512,0.000244140625,0.0029296875,17.628287999999884,1.0,0,Ceiling,423,0.103271484375,1.0,2048.0,0.5,False,,,2222937602
11,12,1,100.0,-0.899855,0.0,0.0,0.734512,0.000244140625,0.0029296875,17.628287999999884,1.0,0,Ceiling,550,0.13427734375,1.0,2048.0,0.5,False,,,2222937602
11,12,1,100.0,-0.899855,0.0,0.0,0.734512,0.000244140625,0.0029296875,17.628287999999884,1.0,0,Ceiling,715,0.174560546875,1.0,2048.0,0.5,False,,,2222937602
11,12,1,100.0,-0.899855,0.0,0.0,0.734512,0.000244140625,0.0029296875,17.628287999999884,1.0,0,Ceiling,931,0.227294921875,1.0,2048.0,0.5,False,,,2222937602
11,12,1,100.0,-0.899855,0.0,0.0,0.734512,0.000244140625,0.0029296875,17.628287999999884,1.0,0,Ceiling,1210,0.29541015625,1.0,2048.0,0.5,False,,,2222937602
11,12,1,100.0,-0.899855,0.0,0.0,0.734512,0.000244140625,0.0029296875,17.628287999999884,1.0,0,Ceiling,1575,0.384521484375,1.0,2048.0,0.5,False,,,2222937602
11,12,1,100.0,-0.899855,0.0,0.0,0.734512,0.000244140625,0.0029296875,17.628287999999884,1.0,0,Ceiling,2048,0.5,1.0,2048.0,0.5,False,,,2222937602
1,12,2,100.0,0.494654,0.0,0.0,0.709254,0.0087890625,0.00439453125,7.710241334279999e-10,1.2462842506463086e-11,2110,BARK,1,0.000244140625,1.2462842506463086e-11,924.0,0.2255859375,True,,,3020311399
1,12,2,100.0,0.494654,0.0,0.0,0.709254,0.0087890625,0.00439453125,7.710241334279999e-10,1.2462842506463086e-11,2110,BARK,2,0.00048828125,1.993787129313324e-06,924.0,0.2255859375,True,,,3020311399
1,12,2,100.0,0.494654,0.0,0.0,0.709254,0.0087890625,0.00439453125,7.710241334279999e-10,1.2462842506463086e-11,2110,BARK,3,0.000732421875,0.49843333294893555,924.0,0.2255859375,True,,,3020311399
1,12,2,100.0,0.494654,0.0,0.0,0.709254,0.0087890625,0.00439453125,7.710241334279999e-10,1.2462842506463086e-11,2110,BARK,4,0.0009765625,0.4984388709941542,924.0,0.2255859375,True,,,3020311399
1,12,2,100.0,0.494654,0.0,0.0,0.709254,0.0087890625,0.00439453125,7.710241334279999e-10,1.2462842506463086e-11,2110,BARK,5,0.001220703125,0.49843887103353707,924.0,0.2255859375,True,,,3020311399
1,12,2,100.0,0.494654,0.0,0.0,0.709254,0.0087890625,0.00439453125,7.710241334279999e-10,1.2462842506463086e-11,2110,BARK,6,0.00146484375,0.49843887103353723,924.0,0.2255859375,True,,,3020311399
1,12,2,100.0,0.494654,0.0,0.0,0.709254,0.0087890625,0.00439453125,7.710241334279999e-10,1.2462842506463086e-11,2110,BARK,8,0.001953125,0.49844086483485794,924.0,0.2255859375,True,,,3020311399
1,12,2,100.0,0.494654,0.0,0.0,0.709254,0.0087890625,0.00439453125,7.710241334279999e-10,1.2462842506463086e-11,2110,BARK,11,0.002685546875,0.4984464032875409,924.0,0.2255859375,True,,,3020311399
1,12,2,100.0,0.494654,0.0,0.0,0.709254,0.0087890625,0.00439453125,7.710241334279999e-10,1.2462842506463086e-11,2110,BARK,14,0.00341796875,0.4984519414704761,924.0,0.2255859375,True,,,3020311399
1,12,2,100.0,0.494654,0.0,0.0,0.709254,0.0087890625,0.00439453125,7.710241334279999e-10,1.2462842506463086e-11,2110,BARK,18,0.00439453125,0.498451941492632,924.0,0.2255859375,True,,,3020311399
1,12,2,100.0,0.494654,0.0,0.0,0.709254,0.0087890625,0.00439453125,7.710241334279999e-10,1.2462842506463086e-11,2110,BARK,23,0.005615234375,0.4984539353558201,924.0,0.2255859375,True,,,3020311399
1,12,2,100.0,0.494654,0.0,0.0,0.709254,0.0087890625,0.00439453125,7.710241334279999e-10,1.2462842506463086e-11,2110,BARK,31,0.007568359375,0.4984594736811526,924.0,0.2255859375,True,,,3020311399
1,12,2,100.0,0.494654,0.0,0.0,0.709254,0.0087890625,0.00439453125,7.710241334279999e-10,1.2462842506463086e-11,2110,BARK,40,0.009765625,0.49845947368115245,924.0,0.2255859375,True,,,3020311399
1,12,2,100.0,0.494654,0.0,0.0,0.709254,0.0087890625,0.00439453125,7.710241334279999e-10,1.2462842506463086e-11,2110,BARK,52,0.0126953125,0.4984650122358221,924.0,0.2255859375,True,,,3020311399
1,12,2,100.0,0.494654,0.0,0.0,0.709254,0.0087890625,0.00439453125,7.710241334279999e-10,1.2462842506463086e-11,2110,BARK,67,0.016357421875,0.49847453867625624,924.0,0.2255859375,True,,,3020311399
1,12,2,100.0,0.494654,0.0,0.0,0.709254,0.0087890625,0.00439453125,7.710241334279999e-10,1.2462842506463086e-11,2110,BARK,87,0.021240234375,0.49848760963424726,924.0,0.2255859375,True,,,3020311399
1,12,2,100.0,0.494654,0.0,0.0,0.709254,0.0087890625,0.00439453125,7.710241334279999e-10,1.2462842506463086e-11,2110,BARK,114,0.02783203125,0.4984876100210544,924.0,0.2255859375,True,,,3020311399
1,12,2,100.0,0.494654,0.0,0.0,0.709254,0.0087890625,0.00439453125,7.710241334279999e-10,1.2462842506463086e-11,2110,BARK,148,0.0361328125,0.49848761018364346,924.0,0.2255859375,True,,,3020311399
1,12,2,100.0,0.494654,0.0,0.0,0.709254,0.0087890625,0.00439453125,7.710241334279999e-10,1.2462842506463086e-11,2110,BARK,192,0.046875,0.49849522562887827,924.0,0.2255859375,True,,,3020311399
1,12,2,100.0,0.494654,0.0,0.0,0.709254,0.0087890625,0.00439453125,7.710241334279999e-10,1.2462842506463086e-11,2110,BARK,250,0.06103515625,0.4984952259304754,924.0,0.2255859375,True,,,3020311399
1,12,2,100.0,0.494654,0.0,0.0,0.709254,0.0087890625,0.00439453125,7.710241334279999e-10,1.2462842506463086e-11,2110,BARK,325,0.079345703125,0.4984952261854369,924.0,0.2255859375,True,,,3020311399
1,12,2,100.0,0.494654,0.0,0.0,0.709254,0.0087890625,0.00439453125,7.710241334279999e-10,1.2462842506463086e-11,2110,BARK,423,0.103271484375,0.49849523452056815,924.0,0.2255859375,True,,,3020311399
1,12,2,100.0,0.494654,0.0,0.0,0.709254,0.0087890625,0.00439453125,7.710241334279999e-10,1.2462842506463086e-11,2110,BARK,550,0.13427734375,0.49849523046548777,924.0,0.2255859375,True,,,3020311399
1,12,2,100.0,0.494654,0.0,0.0,0.709254,0.0087890625,0.00439453125,7.710241334279999e-10,1.2462842506463086e-11,2110,BARK,715,0.174560546875,0.4984952386979243,924.0,0.2255859375,True,,,3020311399
1,12,2,100.0,0.494654,0.0,0.0,0.709254,0.0087890625,0.00439453125,7.710241334279999e-10,1.2462842506463086e-11,2110,BARK,931,0.227294921875,0.498498677818805,924.0,0.2255859375,True,,,3020311399
1,12,2,100.0,0.494654,0.0,0.0,0.709254,0.0087890625,0.00439453125,7.710241334279999e-10,1.2462842506463086e-11,2110,BARK,1210,0.29541015625,0.498498677818805,924.0,0.2255859375,True,,,3020311399
1,12,2,100.0,0.494654,0.0,0.0,0.709254,0.0087890625,0.00439453125,7.710241334279999e-10,1.2462842506463086e-11,2110,BARK,1575,0.384521484375,0.498498677818805,924.0,0.2255859375,True,,,3020311399
1,12,2,100.0,0.494654,0.0,0.0,0.709254,0.0087890625,0.00439453125,7.710241334279999e-10,1.2462842506463086e-11,2110,BARK,2048,0.5,0.498498677818805,924.0,0.2255859375,True,,,3020311399
1,12,2,100.0,0.494654,0.0,0.0,0.709254,0.0087890625,0.00439453125,7.710241334279999e-10,1.2462842506463086e-11,2110,Simplified BARK,1,0.000244140625,1.2462842506463086e-11,924.0,0.2255859375,True,,,3020311399
1,12,2,100.0,0.494654,0.0,0.0,0.709254,0.0087890625,0.00439453125,7.710241334279999e-10,1.2462842506463086e-11,2110,Simplified BARK,2,0.00048828125,1.2462734945420326e-11,924.0,0.2255859375,True,,,3020311399
1,12,2,100.0,0.494654,0.0,0.0,0.709254,0.0087890625,0.00439453125,7.710241334279999e-10,1.2462842506463086e-11,2110,Simplified BARK,3,0.000732421875,1.2462734922919588e-11,924.0,0.2255859375,True,,,3020311399
1,12,2,100.0,0.494654,0.0,0.0,0.709254,0.0087890625,0.00439453125,7.710241334279999e-10,1.2462842506463086e-11,2110,Simplified BARK,4,0.0009765625,1.2462734922919553e-11,924.0,0.2255859375,True,,,3020311399
1,12,2,100.0,0.494654,0.0,0.0,0.709254,0.0087890625,0.00439453125,7.710241334279999e-10,1.2462842506463086e-11,2110,Simplified BARK,5,0.001220703125,1.2462734922919989e-11,924.0,0.2255859375,True,,,3020311399
1,12,2,100.0,0.494654,0.0,0.0,0.709254,0.0087890625,0.00439453125,7.710241334279999e-10,1.2462842506463086e-11,2110,Simplified BARK,6,0.00146484375,1.2462734922919989e-11,924.0,0.2255859375,True,,,3020311399
1,12,2,100.0,0.494654,0.0,0.0,0.709254,0.0087890625,0.00439453125,7.710241334279999e-10,1.2462842506463086e-11,2110,Simplified BARK,8,0.001953125,1.2462734922919989e-11,924.0,0.2255859375,True,,,3020311399
1,12,2,100.0,0.494654,0.0,0.0,0.709254,0.0087890625,0.00439453125,7.710241334279999e-10,1.2462842506463086e-11,2110,Simplified BARK,11,0.002685546875,1.2462734924323482e-11,924.0,0.2255859375,True,,,3020311399
1,12,2,100.0,0.494654,0.0,0.0,0.709254,0.0087890625,0.00439453125,7.710241334279999e-10,1.2462842506463086e-11,2110,Simplified BARK,14,0.00341796875,2.0215085109411865e-12,924.0,0.2255859375,True,,,3020311399
1,12,2,100.0,0.494654,0.0,0.0,0.709254,0.0087890625,0.00439453125,7.710241334279999e-10,1.2462842506463086e-11,2110,Simplified BARK,18,0.00439453125,7.060689492354434e-13,924.0,0.2255859375,True,,,3020311399
1,12,2,100.0,0.494654,0.0,0.0,0.709254,0.0087890625,0.00439453125,7.710241334279999e-10,1.2462842506463086e-11,2110,Simplified BARK,23,0.005615234375,4.564672820964647e-13,924.0,0.2255859375,True,,,3020311399
1,12,2,100.0,0.494654,0.0,0.0,0.709254,0.0087890625,0.00439453125,7.710241334279999e-10,1.2462842506463086e-11,2110,Simplified BARK,31,0.007568359375,2.5060563525007868e-11,924.0,0.2255859375,True,,,3020311399
1,12,2,100.0,0.494654,0.0,0.0,0.709254,0.0087890625,0.00439453125,7.710241334279999e-10,1.2462842506463086e-11,2110,Simplified BARK,40,0.009765625,4.138409328037851e-20,924.0,0.2255859375,True,,,3020311399
1,12,2,100.0,0.494654,0.0,0.0,0.709254,0.0087890625,0.00439453125,7.710241334279999e-10,1.2462842506463086e-11,2110,Simplified BARK,52,0.0126953125,1.9879985568753603e-11,924.0,0.2255859375,True,,,3020311399
1,12,2,100.0,0.494654,0.0,0.0,0.709254,0.0087890625,0.00439453125,7.710241334279999e-10,1.2462842506463086e-11,2110,Simplified BARK,67,0.016357421875,1.248777495161508e-14,924.0,0.2255859375,True,,,3020311399
1,12,2,100.0,0.494654,0.0,0.0,0.709254,0.0087890625,0.00439453125,7.710241334279999e-10,1.2462842506463086e-11,2110,Simplified BARK,87,0.021240234375,1.0071634958380649e-06,924.0,0.2255859375,True,,,3020311399
1,12,2,100.0,0.494654,0.0,0.0,0.709254,0.0087890625,0.00439453125,7.710241334279999e-10,1.2462842506463086e-11,2110,Simplified BARK,114,0.02783203125,2.7085076154525717e-21,924.0,0.2255859375,True,,,3020311399
1,12,2,100.0,0.494654,0.0,0.0,0.709254,0.0087890625,0.00439453125,7.710241334279999e-10,1.2462842506463086e-11,2110,Simplified BARK,148,0.0361328125,5.538392895579147e-06,924.0,0.2255859375,True,,,3020311399
1,12,2,100.0,0.494654,0.0,0.0,0.709254,0.0087890625,0.00439453125,7.710241334279999e-10,1.2462842506463086e-11,2110,Simplified BARK,192,0.046875,5.53839296442589e-06,924.0,0.2255859375,True,,,3020311399
1,12,2,100.0,0.494654,0.0,0.0,0.709254,0.0087890625,0.00439453125,7.710241334279999e-10,1.2462842506463086e-11,2110,Simplified BARK,250,0.06103515625,5.541654585382845e-06,924.0,0.2255859375,True,,,3020311399
1,12,2,100.0,0.494654,0.0,0.0,0.709254,0.0087890625,0.00439453125,7.710241334279999e-10,1.2462842506463086e-11,2110,Simplified BARK,325,0.079345703125,0.5014840442100316,924.0,0.2255859375,True,,,3020311399
1,12,2,100.0,0.494654,0.0,0.0,0.709254,0.0087890625,0.00439453125,7.710241334279999e-10,1.2462842506463086e-11,2110,Simplified BARK,423,0.103271484375,0.501491622583585,924.0,0.2255859375,True,,,3020311399
1,12,2,100.0,0.494654,0.0,0.0,0.709254,0.0087890625,0.00439453125,7.710241334279999e-10,1.2462842506463086e-11,2110,Simplified BARK,550,0.13427734375,0.501493628933853,924.0,0.2255859375,True,,,3020311399
1,12,2,100.0,0.494654,0.0,0.0,0.709254,0.0087890625,0.00439453125,7.710241334279999e-10,1.2462842506463086e-11,2110,Simplified BARK,715,0.174560546875,0.5014994733068574,924.0,0.2255859375,True,,,3020311399
1,12,2,100.0,0.494654,0.0,0.0,0.709254,0.0087890625,0.00439453125,7.710241334279999e-10,1.2462842506463086e-11,2110,Simplified BARK,931,0.227294921875,0.5015069568756673,924.0,0.2255859375,True,,,3020311399
1,12,2,100.0,0.494654,0.0,0.0,0.709254,0.0087890625,0.00439453125,7.710241334279999e-10,1.2462842506463086e-11,2110,Simplified BARK,1210,0.29541015625,0.5015069568756673,924.0,0.2255859375,True,,,3020311399
1,12,2,100.0,0.494654,0.0,0.0,0.709254,0.0087890625,0.00439453125,7.710241334279999e-10,1.2462842506463086e-11,2110,Simplified BARK,1575,0.384521484375,0.5015069568756673,924.0,0.2255859375,True,,,3020311399
1,12,2,100.0,0.494654,0.0,0.0,0.709254,0.0087890625,0.00439453125,7.710241334279999e-10,1.2462842506463086e-11,2110,Simplified BARK,2048,0.5,0.5015069568756673,924.0,0.2255859375,True,,,3020311399
1,12,2,100.0,0.494654,0.0,0.0,0.709254,0.0087890625,0.00439453125,7.710241334279999e-10,1.2462842506463086e-11,2110,SKQD,1,0.000244140625,1.2462842506463088e-11,26.0,0.00634765625,True,0.05,1000.0,3020311399
1,12,2,100.0,0.494654,0.0,0.0,0.709254,0.0087890625,0.00439453125,7.710241334279999e-10,1.2462842506463086e-11,2110,SKQD,2,0.00048828125,4.157955198819049e-12,26.0,0.00634765625,True,0.05,1000.0,3020311399
1,12,2,100.0,0.494654,0.0,0.0,0.709254,0.0087890625,0.00439453125,7.710241334279999e-10,1.2462842506463086e-11,2110,SKQD,3,0.000732421875,4.157883606114637e-12,26.0,0.00634765625,True,0.05,1000.0,3020311399
1,12,2,100.0,0.494654,0.0,0.0,0.709254,0.0087890625,0.00439453125,7.710241334279999e-10,1.2462842506463086e-11,2110,SKQD,4,0.0009765625,4.157883606114637e-12,26.0,0.00634765625,True,0.05,1000.0,3020311399
1,12,2,100.0,0.494654,0.0,0.0,0.709254,0.0087890625,0.00439453125,7.710241334279999e-10,1.2462842506463086e-11,2110,SKQD,5,0.001220703125,1.918879016751545e-14,26.0,0.00634765625,True,0.05,1000.0,3020311399
1,12,2,100.0,0.494654,0.0,0.0,0.709254,0.0087890625,0.00439453125,7.710241334279999e-10,1.2462842506463086e-11,2110,SKQD,6,0.00146484375,6.645957256959226e-07,26.0,0.00634765625,True,0.05,1000.0,3020311399
1,12,2,100.0,0.494654,0.0,0.0,0.709254,0.0087890625,0.00439453125,7.710241334279999e-10,1.2462842506463086e-11,2110,SKQD,8,0.001953125,6.64595716921162e-07,26.0,0.00634765625,True,0.05,1000.0,3020311399
1,12,2,100.0,0.494654,0.0,0.0,0.709254,0.0087890625,0.00439453125,7.710241334279999e-10,1.2462842506463086e-11,2110,SKQD,11,0.002685546875,1.2590307714837404e-06,26.0,0.00634765625,True,0.05,1000.0,3020311399
1,12,2,100.0,0.494654,0.0,0.0,0.709254,0.0087890625,0.00439453125,7.710241334279999e-10,1.2462842506463086e-11,2110,SKQD,14,0.00341796875,1.1345577140773452e-06,26.0,0.00634765625,True,0.05,1000.0,3020311399
1,12,2,100.0,0.494654,0.0,0.0,0.709254,0.0087890625,0.00439453125,7.710241334279999e-10,1.2462842506463086e-11,2110,SKQD,18,0.00439453125,1.2590636436436039e-06,26.0,0.00634765625,True,0.05,1000.0,3020311399
1,12,2,100.0,0.494654,0.0,0.0,0.709254,0.0087890625,0.00439453125,7.710241334279999e-10,1.2462842506463086e-11,2110,SKQD,23,0.005615234375,1.2590683892231434e-06,26.0,0.00634765625,True,0.05,1000.0,3020311399
1,12,2,100.0,0.494654,0.0,0.0,0.709254,0.0087890625,0.00439453125,7.710241334279999e-10,1.2462842506463086e-11,2110,SKQD,31,0.007568359375,1.3292283509800896e-06,26.0,0.00634765625,True,0.05,1000.0,3020311399
1,12,2,100.0,0.494654,0.0,0.0,0.709254,0.0087890625,0.00439453125,7.710241334279999e-10,1.2462842506463086e-11,2110,SKQD,40,0.009765625,1.3292283509800896e-06,26.0,0.00634765625,True,0.05,1000.0,3020311399
1,12,2,100.0,0.494654,0.0,0.0,0.709254,0.0087890625,0.00439453125,7.710241334279999e-10,1.2462842506463086e-11,2110,SKQD,52,0.0126953125,1.3292283509800896e-06,26.0,0.00634765625,True,0.05,1000.0,3020311399
1,12,2,100.0,0.494654,0.0,0.0,0.709254,0.0087890625,0.00439453125,7.710241334279999e-10,1.2462842506463086e-11,2110,SKQD,67,0.016357421875,1.3292283509800896e-06,26.0,0.00634765625,True,0.05,1000.0,3020311399
1,12,2,100.0,0.494654,0.0,0.0,0.709254,0.0087890625,0.00439453125,7.710241334279999e-10,1.2462842506463086e-11,2110,SKQD,87,0.021240234375,1.3292283509800896e-06,26.0,0.00634765625,True,0.05,1000.0,3020311399
1,12,2,100.0,0.494654,0.0,0.0,0.709254,0.0087890625,0.00439453125,7.710241334279999e-10,1.2462842506463086e-11,2110,SKQD,114,0.02783203125,1.3292283509800896e-06,26.0,0.00634765625,True,0.05,1000.0,3020311399
1,12,2,100.0,0.494654,0.0,0.0,0.709254,0.0087890625,0.00439453125,7.710241334279999e-10,1.2462842506463086e-11,2110,SKQD,148,0.0361328125,1.3292283509800896e-06,26.0,0.00634765625,True,0.05,1000.0,3020311399
1,12,2,100.0,0.494654,0.0,0.0,0.709254,0.0087890625,0.00439453125,7.710241334279999e-10,1.2462842506463086e-11,2110,SKQD,192,0.046875,1.3292283509800896e-06,26.0,0.00634765625,True,0.05,1000.0,3020311399
1,12,2,100.0,0.494654,0.0,0.0,0.709254,0.0087890625,0.00439453125,7.710241334279999e-10,1.2462842506463086e-11,2110,SKQD,250,0.06103515625,1.3292283509800896e-06,26.0,0.00634765625,True,0.05,1000.0,3020311399
1,12,2,100.0,0.494654,0.0,0.0,0.709254,0.0087890625,0.00439453125,7.710241334279999e-10,1.2462842506463086e-11,2110,SKQD,325,0.079345703125,1.3292283509800896e-06,26.0,0.00634765625,True,0.05,1000.0,3020311399
1,12,2,100.0,0.494654,0.0,0.0,0.709254,0.0087890625,0.00439453125,7.710241334279999e-10,1.2462842506463086e-11,2110,SKQD,423,0.103271484375,1.3292283509800896e-06,26.0,0.00634765625,True,0.05,1000.0,3020311399
1,12,2,100.0,0.494654,0.0,0.0,0.709254,0.0087890625,0.00439453125,7.710241334279999e-10,1.2462842506463086e-11,2110,SKQD,550,0.13427734375,1.3292283509800896e-06,26.0,0.00634765625,True,0.05,1000.0,3020311399
1,12,2,100.0,0.494654,0.0,0.0,0.709254,0.0087890625,0.00439453125,7.710241334279999e-10,1.2462842506463086e-11,2110,SKQD,715,0.174560546875,1.3292283509800896e-06,26.0,0.00634765625,True,0.05,1000.0,3020311399
1,12,2,100.0,0.494654,0.0,0.0,0.709254,0.0087890625,0.00439453125,7.710241334279999e-10,1.2462842506463086e-11,2110,SKQD,931,0.227294921875,1.3292283509800896e-06,26.0,0.00634765625,True,0.05,1000.0,3020311399
1,12,2,100.0,0.494654,0.0,0.0,0.709254,0.0087890625,0.00439453125,7.710241334279999e-10,1.2462842506463086e-11,2110,SKQD,1210,0.29541015625,1.3292283509800896e-06,26.0,0.00634765625,True,0.05,1000.0,3020311399
1,12,2,100.0,0.494654,0.0,0.0,0.709254,0.0087890625,0.00439453125,7.710241334279999e-10,1.2462842506463086e-11,2110,SKQD,1575,0.384521484375,1.3292283509800896e-06,26.0,0.00634765625,True,0.05,1000.0,3020311399
1,12,2,100.0,0.494654,0.0,0.0,0.709254,0.0087890625,0.00439453125,7.710241334279999e-10,1.2462842506463086e-11,2110,SKQD,2048,0.5,1.3292283509800896e-06,26.0,0.00634765625,True,0.05,1000.0,3020311399
1,12,2,100.0,0.494654,0.0,0.0,0.709254,0.0087890625,0.00439453125,7.710241334279999e-10,1.2462842506463086e-11,2110,Ceiling,1,0.000244140625,0.5014405000468731,2048.0,0.5,False,,,3020311399
1,12,2,100.0,0.494654,0.0,0.0,0.709254,0.0087890625,0.00439453125,7.710241334279999e-10,1.2462842506463086e-11,2110,Ceiling,2,0.00048828125,0.9998718392104122,2048.0,0.5,False,,,3020311399
1,12,2,100.0,0.494654,0.0,0.0,0.709254,0.0087890625,0.00439453125,7.710241334279999e-10,1.2462842506463086e-11,2110,Ceiling,3,0.000732421875,0.9998774107708165,2048.0,0.5,False,,,3020311399
1,12,2,100.0,0.494654,0.0,0.0,0.709254,0.0087890625,0.00439453125,7.710241334279999e-10,1.2462842506463086e-11,2110,Ceiling,4,0.0009765625,0.9998829823312207,2048.0,0.5,False,,,3020311399
1,12,2,100.0,0.494654,0.0,0.0,0.709254,0.0087890625,0.00439453125,7.710241334279999e-10,1.2462842506463086e-11,2110,Ceiling,5,0.001220703125,0.999888553891625,2048.0,0.5,False,,,3020311399
1,12,2,100.0,0.494654,0.0,0.0,0.709254,0.0087890625,0.00439453125,7.710241334279999e-10,1.2462842506463086e-11,2110,Ceiling,6,0.00146484375,0.9998941254520293,2048.0,0.5,False,,,3020311399
1,12,2,100.0,0.494654,0.0,0.0,0.709254,0.0087890625,0.00439453125,7.710241334279999e-10,1.2462842506463086e-11,2110,Ceiling,8,0.001953125,0.9999052684117342,2048.0,0.5,False,,,3020311399
1,12,2,100.0,0.494654,0.0,0.0,0.709254,0.0087890625,0.00439453125,7.710241334279999e-10,1.2462842506463086e-11,2110,Ceiling,11,0.002685546875,0.9999219494967276,2048.0,0.5,False,,,3020311399
1,12,2,100.0,0.494654,0.0,0.0,0.709254,0.0087890625,0.00439453125,7.710241334279999e-10,1.2462842506463086e-11,2110,Ceiling,14,0.00341796875,0.9999385638725931,2048.0,0.5,False,,,3020311399
1,12,2,100.0,0.494654,0.0,0.0,0.709254,0.0087890625,0.00439453125,7.710241334279999e-10,1.2462842506463086e-11,2110,Ceiling,18,0.00439453125,0.999960716053472,2048.0,0.5,False,,,3020311399
1,12,2,100.0,0.494654,0.0,0.0,0.709254,0.0087890625,0.00439453125,7.710241334279999e-10,1.2462842506463086e-11,2110,Ceiling,23,0.005615234375,0.9999752200052716,2048.0,0.5,False,,,3020311399
1,12,2,100.0,0.494654,0.0,0.0,0.709254,0.0087890625,0.00439453125,7.710241334279999e-10,1.2462842506463086e-11,2110,Ceiling,31,0.007568359375,0.9999912304521664,2048.0,0.5,False,,,3020311399
1,12,2,100.0,0.494654,0.0,0.0,0.709254,0.0087890625,0.00439453125,7.710241334279999e-10,1.2462842506463086e-11,2110,Ceiling,40,0.009765625,0.9999999906776139,2048.0,0.5,False,,,3020311399
1,12,2,100.0,0.494654,0.0,0.0,0.709254,0.0087890625,0.00439453125,7.710241334279999e-10,1.2462842506463086e-11,2110,Ceiling,52,0.0126953125,0.9999999932086184,2048.0,0.5,False,,,3020311399
1,12,2,100.0,0.494654,0.0,0.0,0.709254,0.0087890625,0.00439453125,7.710241334279999e-10,1.2462842506463086e-11,2110,Ceiling,67,0.016357421875,0.9999999946096816,2048.0,0.5,False,,,3020311399
1,12,2,100.0,0.494654,0.0,0.0,0.709254,0.0087890625,0.00439453125,7.710241334279999e-10,1.2462842506463086e-11,2110,Ceiling,87,0.021240234375,0.9999999958527964,2048.0,0.5,False,,,3020311399
1,12,2,100.0,0.494654,0.0,0.0,0.709254,0.0087890625,0.00439453125,7.710241334279999e-10,1.2462842506463086e-11,2110,Ceiling,114,0.02783203125,0.9999999972071644,2048.0,0.5,False,,,3020311399
1,12,2,100.0,0.494654,0.0,0.0,0.709254,0.0087890625,0.00439453125,7.710241334279999e-10,1.2462842506463086e-11,2110,Ceiling,148,0.0361328125,0.999999998361235,2048.0,0.5,False,,,3020311399
1,12,2,100.0,0.494654,0.0,0.0,0.709254,0.0087890625,0.00439453125,7.710241334279999e-10,1.2462842506463086e-11,2110,Ceiling,192,0.046875,0.9999999993649707,2048.0,0.5,False,,,3020311399
1,12,2,100.0,0.494654,0.0,0.0,0.709254,0.0087890625,0.00439453125,7.710241334279999e-10,1.2462842506463086e-11,2110,Ceiling,250,0.06103515625,0.9999999999993299,2048.0,0.5,False,,,3020311399
1,12,2,100.0,0.494654,0.0,0.0,0.709254,0.0087890625,0.00439453125,7.710241334279999e-10,1.2462842506463086e-11,2110,Ceiling,325,0.079345703125,0.9999999999998006,2048.0,0.5,False,,,3020311399
1,12,2,100.0,0.494654,0.0,0.0,0.709254,0.0087890625,0.00439453125,7.710241334279999e-10,1.2462842506463086e-11,2110,Ceiling,423,0.103271484375,0.9999999999999455,2048.0,0.5,False,,,3020311399
1,12,2,100.0,0.494654,0.0,0.0,0.709254,0.0087890625,0.00439453125,7.710241334279999e-10,1.2462842506463086e-11,2110,Ceiling,550,0.13427734375,0.9999999999999947,2048.0,0.5,False,,,3020311399
1,12,2,100.0,0.494654,0.0,0.0,0.709254,0.0087890625,0.00439453125,7.710241334279999e-10,1.2462842506463086e-11,2110,Ceiling,715,0.174560546875,0.9999999999999991,2048.0,0.5,False,,,3020311399
1,12,2,100.0,0.494654,0.0,0.0,0.709254,0.0087890625,0.00439453125,7.710241334279999e-10,1.2462842506463086e-11,2110,Ceiling,931,0.227294921875,0.9999999999999991,2048.0,0.5,False,,,3020311399
1,12,2,100.0,0.494654,0.0,0.0,0.709254,0.0087890625,0.00439453125,7.710241334279999e-10,1.2462842506463086e-11,2110,Ceiling,1210,0.29541015625,0.9999999999999991,2048.0,0.5,False,,,3020311399
1,12,2,100.0,0.494654,0.0,0.0,0.709254,0.0087890625,0.00439453125,7.710241334279999e-10,1.2462842506463086e-11,2110,Ceiling,1575,0.384521484375,0.9999999999999991,2048.0,0.5,False,,,3020311399
1,12,2,100.0,0.494654,0.0,0.0,0.709254,0.0087890625,0.00439453125,7.710241334279999e-10,1.2462842506463086e-11,2110,Ceiling,2048,0.5,0.9999999999999991,2048.0,0.5,False,,,3020311399
1,12,2,100.0,0.494654,0.0,0.0,0.709254,0.0087890625,0.00439453125,7.710241334279999e-10,1.2539009519947253e-11,1861,BARK,1,0.000244140625,1.2539009519947253e-11,924.0,0.2255859375,True,,,3020311399
1,12,2,100.0,0.494654,0.0,0.0,0.709254,0.0087890625,0.00439453125,7.710241334279999e-10,1.2539009519947253e-11,1861,BARK,2,0.00048828125,2.0058421337561397e-06,924.0,0.2255859375,True,,,3020311399
1,12,2,100.0,0.494654,0.0,0.0,0.709254,0.0087890625,0.00439453125,7.710241334279999e-10,1.2539009519947253e-11,1861,BARK,3,0.000732421875,0.5014425058872626,924.0,0.2255859375,True,,,3020311399
1,12,2,100.0,0.494654,0.0,0.0,0.709254,0.0087890625,0.00439453125,7.710241334279999e-10,1.2539009519947253e-11,1861,BARK,4,0.0009765625,0.5014480773671137,924.0,0.2255859375,True,,,3020311399
1,12,2,100.0,0.494654,0.0,0.0,0.709254,0.0087890625,0.00439453125,7.710241334279999e-10,1.2539009519947253e-11,1861,BARK,5,0.001220703125,0.5014480773894034,924.0,0.2255859375,True,,,3020311399
1,12,2,100.0,0.494654,0.0,0.0,0.709254,0.0087890625,0.00439453125,7.710241334279999e-10,1.2539009519947253e-11,1861,BARK,6,0.00146484375,0.5014480773894046,924.0,0.2255859375,True,,,3020311399
1,12,2,100.0,0.494654,0.0,0.0,0.709254,0.0087890625,0.00439453125,7.710241334279999e-10,1.2539009519947253e-11,1861,BARK,8,0.001953125,0.5014536492562799,924.0,0.2255859375,True,,,3020311399
1,12,2,100.0,0.494654,0.0,0.0,0.709254,0.0087890625,0.00439453125,7.710241334279999e-10,1.2539009519947253e-11,1861,BARK,11,0.002685546875,0.5014536493126331,924.0,0.2255859375,True,,,3020311399
1,12,2,100.0,0.494654,0.0,0.0,0.709254,0.0087890625,0.00439453125,7.710241334279999e-10,1.2539009519947253e-11,1861,BARK,14,0.00341796875,0.5014556551708304,924.0,0.2255859375,True,,,3020311399
1,12,2,100.0,0.494654,0.0,0.0,0.709254,0.0087890625,0.00439453125,7.710241334279999e-10,1.2539009519947253e-11,1861,BARK,18,0.00439453125,0.5014612269326126,924.0,0.2255859375,True,,,3020311399
1,12,2,100.0,0.494654,0.0,0.0,0.709254,0.0087890625,0.00439453125,7.710241334279999e-10,1.2539009519947253e-11,1861,BARK,23,0.005615234375,0.501466798918253,924.0,0.2255859375,True,,,3020311399
1,12,2,100.0,0.494654,0.0,0.0,0.709254,0.0087890625,0.00439453125,7.710241334279999e-10,1.2539009519947253e-11,1861,BARK,31,0.007568359375,0.5014723707021996,924.0,0.2255859375,True,,,3020311399
1,12,2,100.0,0.494654,0.0,0.0,0.709254,0.0087890625,0.00439453125,7.710241334279999e-10,1.2539009519947253e-11,1861,BARK,40,0.009765625,0.5014775105790055,924.0,0.2255859375,True,,,3020311399
1,12,2,100.0,0.494654,0.0,0.0,0.709254,0.0087890625,0.00439453125,7.710241334279999e-10,1.2539009519947253e-11,1861,BARK,52,0.0126953125,0.5014775106693924,924.0,0.2255859375,True,,,3020311399
1,12,2,100.0,0.494654,0.0,0.0,0.709254,0.0087890625,0.00439453125,7.710241334279999e-10,1.2539009519947253e-11,1861,BARK,67,0.016357421875,0.5014830825900705,924.0,0.2255859375,True,,,3020311399
1,12,2,100.0,0.494654,0.0,0.0,0.709254,0.0087890625,0.00439453125,7.710241334279999e-10,1.2539009519947253e-11,1861,BARK,87,0.021240234375,0.5014850886633987,924.0,0.2255859375,True,,,3020311399
1,12,2,100.0,0.494654,0.0,0.0,0.709254,0.0087890625,0.00439453125,7.710241334279999e-10,1.2539009519947253e-11,1861,BARK,114,0.02783203125,0.5014916218914636,924.0,0.2255859375,True,,,3020311399
1,12,2,100.0,0.494654,0.0,0.0,0.709254,0.0087890625,0.00439453125,7.710241334279999e-10,1.2539009519947253e-11,1861,BARK,148,0.0361328125,0.5014992002062115,924.0,0.2255859375,True,,,3020311399
1,12,2,100.0,0.494654,0.0,0.0,0.709254,0.0087890625,0.00439453125,7.710241334279999e-10,1.2539009519947253e-11,1861,BARK,192,0.046875,0.5015047723670506,924.0,0.2255859375,True,,,3020311399
1,12,2,100.0,0.494654,0.0,0.0,0.709254,0.0087890625,0.00439453125,7.710241334279999e-10,1.2539009519947253e-11,1861,BARK,250,0.06103515625,0.5015047725337576,924.0,0.2255859375,True,,,3020311399
1,12,2,100.0,0.494654,0.0,0.0,0.709254,0.0087890625,0.00439453125,7.710241334279999e-10,1.2539009519947253e-11,1861,BARK,325,0.079345703125,0.5015047729725909,924.0,0.2255859375,True,,,3020311399
1,12,2,100.0,0.494654,0.0,0.0,0.709254,0.0087890625,0.00439453125,7.710241334279999e-10,1.2539009519947253e-11,1861,BARK,423,0.103271484375,0.5015047732078164,924.0,0.2255859375,True,,,3020311399
1,12,2,100.0,0.494654,0.0,0.0,0.709254,0.0087890625,0.00439453125,7.710241334279999e-10,1.2539009519947253e-11,1861,BARK,550,0.13427734375,0.5015047732338211,924.0,0.2255859375,True,,,3020311399
1,12,2,100.0,0.494654,0.0,0.0,0.709254,0.0087890625,0.00439453125,7.710241334279999e-10,1.2539009519947253e-11,1861,BARK,715,0.174560546875,0.5015047927912591,924.0,0.2255859375,True,,,3020311399
1,12,2,100.0,0.494654,0.0,0.0,0.709254,0.0087890625,0.00439453125,7.710241334279999e-10,1.2539009519947253e-11,1861,BARK,931,0.227294921875,0.5015015329749625,924.0,0.2255859375,True,,,3020311399
1,12,2,100.0,0.494654,0.0,0.0,0.709254,0.0087890625,0.00439453125,7.710241334279999e-10,1.2539009519947253e-11,1861,BARK,1210,0.29541015625,0.5015015329749625,924.0,0.2255859375,True,,,3020311399
1,12,2,100.0,0.494654,0.0,0.0,0.709254,0.0087890625,0.00439453125,7.710241334279999e-10,1.2539009519947253e-11,1861,BARK,1575,0.384521484375,0.5015015329749625,924.0,0.2255859375,True,,,3020311399
1,12,2,100.0,0.494654,0.0,0.0,0.709254,0.0087890625,0.00439453125,7.710241334279999e-10,1.2539009519947253e-11,1861,BARK,2048,0.5,0.5015015329749625,924.0,0.2255859375,True,,,3020311399
1,12,2,100.0,0.494654,0.0,0.0,0.709254,0.0087890625,0.00439453125,7.710241334279999e-10,1.2539009519947253e-11,1861,Simplified BARK,1,0.000244140625,1.2539009519947253e-11,924.0,0.2255859375,True,,,3020311399
1,12,2,100.0,0.494654,0.0,0.0,0.709254,0.0087890625,0.00439453125,7.710241334279999e-10,1.2539009519947253e-11,1861,Simplified BARK,2,0.00048828125,2.0058421337561397e-06,924.0,0.2255859375,True,,,3020311399
1,12,2,100.0,0.494654,0.0,0.0,0.709254,0.0087890625,0.00439453125,7.710241334279999e-10,1.2539009519947253e-11,1861,Simplified BARK,3,0.000732421875,2.005856461763768e-06,924.0,0.2255859375,True,,,3020311399
1,12,2,100.0,0.494654,0.0,0.0,0.709254,0.0087890625,0.00439453125,7.710241334279999e-10,1.2539009519947253e-11,1861,Simplified BARK,4,0.0009765625,2.0058564616445447e-06,924.0,0.2255859375,True,,,3020311399
1,12,2,100.0,0.494654,0.0,0.0,0.709254,0.0087890625,0.00439453125,7.710241334279999e-10,1.2539009519947253e-11,1861,Simplified BARK,5,0.001220703125,2.0058564616445434e-06,924.0,0.2255859375,True,,,3020311399
1,12,2,100.0,0.494654,0.0,0.0,0.709254,0.0087890625,0.00439453125,7.710241334279999e-10,1.2539009519947253e-11,1861,Simplified BARK,6,0.00146484375,2.0058564616445434e-06,924.0,0.2255859375,True,,,3020311399
1,12,2,100.0,0.494654,0.0,0.0,0.709254,0.0087890625,0.00439453125,7.710241334279999e-10,1.2539009519947253e-11,1861,Simplified BARK,8,0.001953125,2.0058564616445434e-06,924.0,0.2255859375,True,,,3020311399
1,12,2,100.0,0.494654,0.0,0.0,0.709254,0.0087890625,0.00439453125,7.710241334279999e-10,1.2539009519947253e-11,1861,Simplified BARK,11,0.002685546875,2.0058564616445447e-06,924.0,0.2255859375,True,,,3020311399
1,12,2,100.0,0.494654,0.0,0.0,0.709254,0.0087890625,0.00439453125,7.710241334279999e-10,1.2539009519947253e-11,1861,Simplified BARK,14,0.00341796875,2.005856461644544e-06,924.0,0.2255859375,True,,,3020311399
1,12,2,100.0,0.494654,0.0,0.0,0.709254,0.0087890625,0.00439453125,7.710241334279999e-10,1.2539009519947253e-11,1861,Simplified BARK,18,0.00439453125,2.005856461644544e-06,924.0,0.2255859375,True,,,3020311399
1,12,2,100.0,0.494654,0.0,0.0,0.709254,0.0087890625,0.00439453125,7.710241334279999e-10,1.2539009519947253e-11,1861,Simplified BARK,23,0.005615234375,2.005856461644544e-06,924.0,0.2255859375,True,,,3020311399
1,12,2,100.0,0.494654,0.0,0.0,0.709254,0.0087890625,0.00439453125,7.710241334279999e-10,1.2539009519947253e-11,1861,Simplified BARK,31,0.007568359375,2.005856461644544e-06,924.0,0.2255859375,True,,,3020311399
1,12,2,100.0,0.494654,0.0,0.0,0.709254,0.0087890625,0.00439453125,7.710241334279999e-10,1.2539009519947253e-11,1861,Simplified BARK,40,0.009765625,2.0058564616445447e-06,924.0,0.2255859375,True,,,3020311399
1,12,2,100.0,0.494654,0.0,0.0,0.709254,0.0087890625,0.00439453125,7.710241334279999e-10,1.2539009519947253e-11,1861,Simplified BARK,52,0.0126953125,2.0058564616445434e-06,924.0,0.2255859375,True,,,3020311399
1,12,2,100.0,0.494654,0.0,0.0,0.709254,0.0087890625,0.00439453125,7.710241334279999e-10,1.2539009519947253e-11,1861,Simplified BARK,67,0.016357421875,1.248701430939848e-14,924.0,0.2255859375,True,,,3020311399
1,12,2,100.0,0.494654,0.0,0.0,0.709254,0.0087890625,0.00439453125,7.710241334279999e-10,1.2539009519947253e-11,1861,Simplified BARK,87,0.021240234375,1.007163587647445e-06,924.0,0.2255859375,True,,,3020311399
1,12,2,100.0,0.494654,0.0,0.0,0.709254,0.0087890625,0.00439453125,7.710241334279999e-10,1.2539009519947253e-11,1861,Simplified BARK,114,0.02783203125,2.778037193466207e-21,924.0,0.2255859375,True,,,3020311399
1,12,2,100.0,0.494654,0.0,0.0,0.709254,0.0087890625,0.00439453125,7.710241334279999e-10,1.2539009519947253e-11,1861,Simplified BARK,148,0.0361328125,5.538392895283989e-06,924.0,0.2255859375,True,,,3020311399
1,12,2,100.0,0.494654,0.0,0.0,0.709254,0.0087890625,0.00439453125,7.710241334279999e-10,1.2539009519947253e-11,1861,Simplified BARK,192,0.046875,5.538392964139487e-06,924.0,0.2255859375,True,,,3020311399
1,12,2,100.0,0.494654,0.0,0.0,0.709254,0.0087890625,0.00439453125,7.710241334279999e-10,1.2539009519947253e-11,1861,Simplified BARK,250,0.06103515625,5.541654613574473e-06,924.0,0.2255859375,True,,,3020311399
1,12,2,100.0,0.494654,0.0,0.0,0.709254,0.0087890625,0.00439453125,7.710241334279999e-10,1.2539009519947253e-11,1861,Simplified BARK,325,0.079345703125,0.5014840442194345,924.0,0.2255859375,True,,,3020311399
1,12,2,100.0,0.494654,0.0,0.0,0.709254,0.0087890625,0.00439453125,7.710241334279999e-10,1.2539009519947253e-11,1861,Simplified BARK,423,0.103271484375,0.5014916225929893,924.0,0.2255859375,True,,,3020311399
1,12,2,100.0,0.494654,0.0,0.0,0.709254,0.0087890625,0.00439453125,7.710241334279999e-10,1.2539009519947253e-11,1861,Simplified BARK,550,0.13427734375,0.5014936289338527,924.0,0.2255859375,True,,,3020311399
1,12,2,100.0,0.494654,0.0,0.0,0.709254,0.0087890625,0.00439453125,7.710241334279999e-10,1.2539009519947253e-11,1861,Simplified BARK,715,0.174560546875,0.5014994733068592,924.0,0.2255859375,True,,,3020311399
1,12,2,100.0,0.494654,0.0,0.0,0.709254,0.0087890625,0.00439453125,7.710241334279999e-10,1.2539009519947253e-11,1861,Simplified BARK,931,0.227294921875,0.5015029177946917,924.0,0.2255859375,True,,,3020311399
1,12,2,100.0,0.494654,0.0,0.0,0.709254,0.0087890625,0.00439453125,7.710241334279999e-10,1.2539009519947253e-11,1861,Simplified BARK,1210,0.29541015625,0.5015029177946917,924.0,0.2255859375,True,,,3020311399
1,12,2,100.0,0.494654,0.0,0.0,0.709254,0.0087890625,0.00439453125,7.710241334279999e-10,1.2539009519947253e-11,1861,Simplified BARK,1575,0.384521484375,0.5015029177946917,924.0,0.2255859375,True,,,3020311399
1,12,2,100.0,0.494654,0.0,0.0,0.709254,0.0087890625,0.00439453125,7.710241334279999e-10,1.2539009519947253e-11,1861,Simplified BARK,2048,0.5,0.5015029177946917,924.0,0.2255859375,True,,,3020311399
1,12,2,100.0,0.494654,0.0,0.0,0.709254,0.0087890625,0.00439453125,7.710241334279999e-10,1.2539009519947253e-11,1861,SKQD,1,0.000244140625,1.2539009519947252e-11,96.33333333333333,0.023518880208333332,True,0.5,1000.0,3020311399
1,12,2,100.0,0.494654,0.0,0.0,0.709254,0.0087890625,0.00439453125,7.710241334279999e-10,1.2539009519947253e-11,1861,SKQD,2,0.00048828125,8.396741732857694e-12,96.33333333333333,0.023518880208333332,True,0.5,1000.0,3020311399
1,12,2,100.0,0.494654,0.0,0.0,0.709254,0.0087890625,0.00439453125,7.710241334279999e-10,1.2539009519947253e-11,1861,SKQD,3,0.000732421875,8.386294986930347e-12,96.33333333333333,0.023518880208333332,True,0.5,1000.0,3020311399
1,12,2,100.0,0.494654,0.0,0.0,0.709254,0.0087890625,0.00439453125,7.710241334279999e-10,1.2539009519947253e-11,1861,SKQD,4,0.0009765625,8.386294986930347e-12,96.33333333333333,0.023518880208333332,True,0.5,1000.0,3020311399
1,12,2,100.0,0.494654,0.0,0.0,0.709254,0.0087890625,0.00439453125,7.710241334279999e-10,1.2539009519947253e-11,1861,SKQD,5,0.001220703125,2.1129227730389267e-12,96.33333333333333,0.023518880208333332,True,0.5,1000.0,3020311399
1,12,2,100.0,0.494654,0.0,0.0,0.709254,0.0087890625,0.00439453125,7.710241334279999e-10,1.2539009519947253e-11,1861,SKQD,6,0.00146484375,9.379959503489056e-12,96.33333333333333,0.023518880208333332,True,0.5,1000.0,3020311399
1,12,2,100.0,0.494654,0.0,0.0,0.709254,0.0087890625,0.00439453125,7.710241334279999e-10,1.2539009519947253e-11,1861,SKQD,8,0.001953125,9.38000877309958e-12,96.33333333333333,0.023518880208333332,True,0.5,1000.0,3020311399
1,12,2,100.0,0.494654,0.0,0.0,0.709254,0.0087890625,0.00439453125,7.710241334279999e-10,1.2539009519947253e-11,1861,SKQD,11,0.002685546875,6.552533758408148e-12,96.33333333333333,0.023518880208333332,True,0.5,1000.0,3020311399
1,12,2,100.0,0.494654,0.0,0.0,0.709254,0.0087890625,0.00439453125,7.710241334279999e-10,1.2539009519947253e-11,1861,SKQD,14,0.00341796875,2.097278919199001e-14,96.33333333333333,0.023518880208333332,True,0.5,1000.0,3020311399
1,12,2,100.0,0.494654,0.0,0.0,0.709254,0.0087890625,0.00439453125,7.710241334279999e-10,1.2539009519947253e-11,1861,SKQD,18,0.00439453125,3.6202791516623526e-14,96.33333333333333,0.023518880208333332,True,0.5,1000.0,3020311399
1,12,2,100.0,0.494654,0.0,0.0,0.709254,0.0087890625,0.00439453125,7.710241334279999e-10,1.2539009519947253e-11,1861,SKQD,23,0.005615234375,6.686155295220553e-07,96.33333333333333,0.023518880208333332,True,0.5,1000.0,3020311399
1,12,2,100.0,0.494654,0.0,0.0,0.709254,0.0087890625,0.00439453125,7.710241334279999e-10,1.2539009519947253e-11,1861,SKQD,31,0.007568359375,6.686229354961614e-07,96.33333333333333,0.023518880208333332,True,0.5,1000.0,3020311399
1,12,2,100.0,0.494654,0.0,0.0,0.709254,0.0087890625,0.00439453125,7.710241334279999e-10,1.2539009519947253e-11,1861,SKQD,40,0.009765625,1.3373011912223134e-06,96.33333333333333,0.023518880208333332,True,0.5,1000.0,3020311399
1,12,2,100.0,0.494654,0.0,0.0,0.709254,0.0087890625,0.00439453125,7.710241334279999e-10,1.2539009519947253e-11,1861,SKQD,52,0.0126953125,1.3085175391693306e-06,96.33333333333333,0.023518880208333332,True,0.5,1000.0,3020311399
1,12,2,100.0,0.494654,0.0,0.0,0.709254,0.0087890625,0.00439453125,7.710241334279999e-10,1.2539009519947253e-11,1861,SKQD,67,0.016357421875,1.7124995521421465e-06,96.33333333333333,0.023518880208333332,True,0.5,1000.0,3020311399
1,12,2,100.0,0.494654,0.0,0.0,0.709254,0.0087890625,0.00439453125,7.710241334279999e-10,1.2539009519947253e-11,1861,SKQD,87,0.021240234375,1.8310091528260901e-06,96.33333333333333,0.023518880208333332,True,0.5,1000.0,3020311399
1,12,2,100.0,0.494654,0.0,0.0,0.709254,0.0087890625,0.00439453125,7.710241334279999e-10,1.2539009519947253e-11,1861,SKQD,114,0.02783203125,1.8103383308442703e-06,96.33333333333333,0.023518880208333332,True,0.5,1000.0,3020311399
1,12,2,100.0,0.494654,0.0,0.0,0.709254,0.0087890625,0.00439453125,7.710241334279999e-10,1.2539009519947253e-11,1861,SKQD,148,0.0361328125,2.52588287685699e-06,96.33333333333333,0.023518880208333332,True,0.5,1000.0,3020311399
1,12,2,100.0,0.494654,0.0,0.0,0.709254,0.0087890625,0.00439453125,7.710241334279999e-10,1.2539009519947253e-11,1861,SKQD,192,0.046875,2.52588287685699e-06,96.33333333333333,0.023518880208333332,True,0.5,1000.0,3020311399
1,12,2,100.0,0.494654,0.0,0.0,0.709254,0.0087890625,0.00439453125,7.710241334279999e-10,1.2539009519947253e-11,1861,SKQD,250,0.06103515625,2.52588287685699e-06,96.33333333333333,0.023518880208333332,True,0.5,1000.0,3020311399
1,12,2,100.0,0.494654,0.0,0.0,0.709254,0.0087890625,0.00439453125,7.710241334279999e-10,1.2539009519947253e-11,1861,SKQD,325,0.079345703125,2.52588287685699e-06,96.33333333333333,0.023518880208333332,True,0.5,1000.0,3020311399
1,12,2,100.0,0.494654,0.0,0.0,0.709254,0.0087890625,0.00439453125,7.710241334279999e-10,1.2539009519947253e-11,1861,SKQD,423,0.103271484375,2.52588287685699e-06,96.33333333333333,0.023518880208333332,True,0.5,1000.0,3020311399
1,12,2,100.0,0.494654,0.0,0.0,0.709254,0.0087890625,0.00439453125,7.710241334279999e-10,1.2539009519947253e-11,1861,SKQD,550,0.13427734375,2.52588287685699e-06,96.33333333333333,0.023518880208333332,True,0.5,1000.0,3020311399
1,12,2,100.0,0.494654,0.0,0.0,0.709254,0.0087890625,0.00439453125,7.710241334279999e-10,1.2539009519947253e-11,1861,SKQD,715,0.174560546875,2.52588287685699e-06,96.33333333333333,0.023518880208333332,True,0.5,1000.0,3020311399
1,12,2,100.0,0.494654,0.0,0.0,0.709254,0.0087890625,0.00439453125,7.710241334279999e-10,1.2539009519947253e-11,1861,SKQD,931,0.227294921875,2.52588287685699e-06,96.33333333333333,0.023518880208333332,True,0.5,1000.0,3020311399
1,12,2,100.0,0.494654,0.0,0.0,0.709254,0.0087890625,0.00439453125,7.710241334279999e-10,1.2539009519947253e-11,1861,SKQD,1210,0.29541015625,2.52588287685699e-06,96.33333333333333,0.023518880208333332,True,0.5,1000.0,3020311399
1,12,2,100.0,0.494654,0.0,0.0,0.709254,0.0087890625,0.00439453125,7.710241334279999e-10,1.2539009519947253e-11,1861,SKQD,1575,0.384521484375,2.52588287685699e-06,96.33333333333333,0.023518880208333332,True,0.5,1000.0,3020311399
1,12,2,100.0,0.494654,0.0,0.0,0.709254,0.0087890625,0.00439453125,7.710241334279999e-10,1.2539009519947253e-11,1861,SKQD,2048,0.5,2.52588287685699e-06,96.33333333333333,0.023518880208333332,True,0.5,1000.0,3020311399
1,12,2,100.0,0.494654,0.0,0.0,0.709254,0.0087890625,0.00439453125,7.710241334279999e-10,1.2539009519947253e-11,1861,Ceiling,1,0.000244140625,0.5014405000468731,2048.0,0.5,False,,,3020311399
1,12,2,100.0,0.494654,0.0,0.0,0.709254,0.0087890625,0.00439453125,7.710241334279999e-10,1.2539009519947253e-11,1861,Ceiling,2,0.00048828125,0.9998718392104122,2048.0,0.5,False,,,3020311399
1,12,2,100.0,0.494654,0.0,0.0,0.709254,0.0087890625,0.00439453125,7.710241334279999e-10,1.2539009519947253e-11,1861,Ceiling,3,0.000732421875,0.9998774107708165,2048.0,0.5,False,,,3020311399
1,12,2,100.0,0.494654,0.0,0.0,0.709254,0.0087890625,0.00439453125,7.710241334279999e-10,1.2539009519947253e-11,1861,Ceiling,4,0.0009765625,0.9998829823312207,2048.0,0.5,False,,,3020311399
1,12,2,100.0,0.494654,0.0,0.0,0.709254,0.0087890625,0.00439453125,7.710241334279999e-10,1.2539009519947253e-11,1861,Ceiling,5,0.001220703125,0.999888553891625,2048.0,0.5,False,,,3020311399
1,12,2,100.0,0.494654,0.0,0.0,0.709254,0.0087890625,0.00439453125,7.710241334279999e-10,1.2539009519947253e-11,1861,Ceiling,6,0.00146484375,0.9998941254520293,2048.0,0.5,False,,,3020311399
1,12,2,100.0,0.494654,0.0,0.0,0.709254,0.0087890625,0.00439453125,7.710241334279999e-10,1.2539009519947253e-11,1861,Ceiling,8,0.001953125,0.9999052684117342,2048.0,0.5,False,,,3020311399
1,12,2,100.0,0.494654,0.0,0.0,0.709254,0.0087890625,0.00439453125,7.710241334279999e-10,1.2539009519947253e-11,1861,Ceiling,11,0.002685546875,0.9999219494967276,2048.0,0.5,False,,,3020311399
1,12,2,100.0,0.494654,0.0,0.0,0.709254,0.0087890625,0.00439453125,7.710241334279999e-10,1.2539009519947253e-11,1861,Ceiling,14,0.00341796875,0.9999385638725931,2048.0,0.5,False,,,3020311399
1,12,2,100.0,0.494654,0.0,0.0,0.709254,0.0087890625,0.00439453125,7.710241334279999e-10,1.2539009519947253e-11,1861,Ceiling,18,0.00439453125,0.999960716053472,2048.0,0.5,False,,,3020311399
1,12,2,100.0,0.494654,0.0,0.0,0.709254,0.0087890625,0.00439453125,7.710241334279999e-10,1.2539009519947253e-11,1861,Ceiling,23,0.005615234375,0.9999752200052716,2048.0,0.5,False,,,3020311399
1,12,2,100.0,0.494654,0.0,0.0,0.709254,0.0087890625,0.00439453125,7.710241334279999e-10,1.2539009519947253e-11,1861,Ceiling,31,0.007568359375,0.9999912304521664,2048.0,0.5,False,,,3020311399
1,12,2,100.0,0.494654,0.0,0.0,0.709254,0.0087890625,0.00439453125,7.710241334279999e-10,1.2539009519947253e-11,1861,Ceiling,40,0.009765625,0.9999999906776139,2048.0,0.5,False,,,3020311399
1,12,2,100.0,0.494654,0.0,0.0,0.709254,0.0087890625,0.00439453125,7.710241334279999e-10,1.2539009519947253e-11,1861,Ceiling,52,0.0126953125,0.9999999932086184,2048.0,0.5,False,,,3020311399
1,12,2,100.0,0.494654,0.0,0.0,0.709254,0.0087890625,0.00439453125,7.710241334279999e-10,1.2539009519947253e-11,1861,Ceiling,67,0.016357421875,0.9999999946096816,2048.0,0.5,False,,,3020311399
1,12,2,100.0,0.494654,0.0,0.0,0.709254,0.0087890625,0.00439453125,7.710241334279999e-10,1.2539009519947253e-11,1861,Ceiling,87,0.021240234375,0.9999999958527964,2048.0,0.5,False,,,3020311399
1,12,2,100.0,0.494654,0.0,0.0,0.709254,0.0087890625,0.00439453125,7.710241334279999e-10,1.2539009519947253e-11,1861,Ceiling,114,0.02783203125,0.9999999972071644,2048.0,0.5,False,,,3020311399
1,12,2,100.0,0.494654,0.0,0.0,0.709254,0.0087890625,0.00439453125,7.710241334279999e-10,1.2539009519947253e-11,1861,Ceiling,148,0.0361328125,0.999999998361235,2048.0,0.5,False,,,3020311399
1,12,2,100.0,0.494654,0.0,0.0,0.709254,0.0087890625,0.00439453125,7.710241334279999e-10,1.2539009519947253e-11,1861,Ceiling,192,0.046875,0.9999999993649707,2048.0,0.5,False,,,3020311399
1,12,2,100.0,0.494654,0.0,0.0,0.709254,0.0087890625,0.00439453125,7.710241334279999e-10,1.2539009519947253e-11,1861,Ceiling,250,0.06103515625,0.9999999999993299,2048.0,0.5,False,,,3020311399
1,12,2,100.0,0.494654,0.0,0.0,0.709254,0.0087890625,0.00439453125,7.710241334279999e-10,1.2539009519947253e-11,1861,Ceiling,325,0.079345703125,0.9999999999998006,2048.0,0.5,False,,,3020311399
1,12,2,100.0,0.494654,0.0,0.0,0.709254,0.0087890625,0.00439453125,7.710241334279999e-10,1.2539009519947253e-11,1861,Ceiling,423,0.103271484375,0.9999999999999455,2048.0,0.5,False,,,3020311399
1,12,2,100.0,0.494654,0.0,0.0,0.709254,0.0087890625,0.00439453125,7.710241334279999e-10,1.2539009519947253e-11,1861,Ceiling,550,0.13427734375,0.9999999999999947,2048.0,0.5,False,,,3020311399
1,12,2,100.0,0.494654,0.0,0.0,0.709254,0.0087890625,0.00439453125,7.710241334279999e-10,1.2539009519947253e-11,1861,Ceiling,715,0.174560546875,0.9999999999999991,2048.0,0.5,False,,,3020311399
1,12,2,100.0,0.494654,0.0,0.0,0.709254,0.0087890625,0.00439453125,7.710241334279999e-10,1.2539009519947253e-11,1861,Ceiling,931,0.227294921875,0.9999999999999991,2048.0,0.5,False,,,3020311399
1,12,2,100.0,0.494654,0.0,0.0,0.709254,0.0087890625,0.00439453125,7.710241334279999e-10,1.2539009519947253e-11,1861,Ceiling,1210,0.29541015625,0.9999999999999991,2048.0,0.5,False,,,3020311399
1,12,2,100.0,0.494654,0.0,0.0,0.709254,0.0087890625,0.00439453125,7.710241334279999e-10,1.2539009519947253e-11,1861,Ceiling,1575,0.384521484375,0.9999999999999991,2048.0,0.5,False,,,3020311399
1,12,2,100.0,0.494654,0.0,0.0,0.709254,0.0087890625,0.00439453125,7.710241334279999e-10,1.2539009519947253e-11,1861,Ceiling,2048,0.5,0.9999999999999991,2048.0,0.5,False,,,3020311399
1,12,2,100.0,0.494654,0.0,0.0,0.709254,0.0087890625,0.00439453125,7.710241334279999e-10,3.9391600940481446e-11,3354,BARK,1,0.000244140625,3.9391600940481446e-11,924.0,0.2255859375,True,,,3020311399
1,12,2,100.0,0.494654,0.0,0.0,0.709254,0.0087890625,0.00439453125,7.710241334279999e-10,3.9391600940481446e-11,3354,BARK,2,0.00048828125,5.538162221334891e-06,924.0,0.2255859375,True,,,3020311399
1,12,2,100.0,0.494654,0.0,0.0,0.709254,0.0087890625,0.00439453125,7.710241334279999e-10,3.9391600940481446e-11,3354,BARK,3,0.000732421875,0.4984368773226772,924.0,0.2255859375,True,,,3020311399
1,12,2,100.0,0.494654,0.0,0.0,0.709254,0.0087890625,0.00439453125,7.710241334279999e-10,3.9391600940481446e-11,3354,BARK,4,0.0009765625,0.49844241536789397,924.0,0.2255859375,True,,,3020311399
1,12,2,100.0,0.494654,0.0,0.0,0.709254,0.0087890625,0.00439453125,7.710241334279999e-10,3.9391600940481446e-11,3354,BARK,5,0.001220703125,0.4984424154294375,924.0,0.2255859375,True,,,3020311399
1,12,2,100.0,0.494654,0.0,0.0,0.709254,0.0087890625,0.00439453125,7.710241334279999e-10,3.9391600940481446e-11,3354,BARK,6,0.00146484375,0.49844241542944595,924.0,0.2255859375,True,,,3020311399
1,12,2,100.0,0.494654,0.0,0.0,0.709254,0.0087890625,0.00439453125,7.710241334279999e-10,3.9391600940481446e-11,3354,BARK,8,0.001953125,0.4984479536932369,924.0,0.2255859375,True,,,3020311399
1,12,2,100.0,0.494654,0.0,0.0,0.709254,0.0087890625,0.00439453125,7.710241334279999e-10,3.9391600940481446e-11,3354,BARK,11,0.002685546875,0.49844994785655977,924.0,0.2255859375,True,,,3020311399
1,12,2,100.0,0.494654,0.0,0.0,0.709254,0.0087890625,0.00439453125,7.710241334279999e-10,3.9391600940481446e-11,3354,BARK,14,0.00341796875,0.49845306308524384,924.0,0.2255859375,True,,,3020311399
1,12,2,100.0,0.494654,0.0,0.0,0.709254,0.0087890625,0.00439453125,7.710241334279999e-10,3.9391600940481446e-11,3354,BARK,18,0.00439453125,0.49846059530268777,924.0,0.2255859375,True,,,3020311399
1,12,2,100.0,0.494654,0.0,0.0,0.709254,0.0087890625,0.00439453125,7.710241334279999e-10,3.9391600940481446e-11,3354,BARK,23,0.005615234375,0.4984605954202412,924.0,0.2255859375,True,,,3020311399
1,12,2,100.0,0.494654,0.0,0.0,0.709254,0.0087890625,0.00439453125,7.710241334279999e-10,3.9391600940481446e-11,3354,BARK,31,0.007568359375,0.49846812762822046,924.0,0.2255859375,True,,,3020311399
1,12,2,100.0,0.494654,0.0,0.0,0.709254,0.0087890625,0.00439453125,7.710241334279999e-10,3.9391600940481446e-11,3354,BARK,40,0.009765625,0.4984681277119587,924.0,0.2255859375,True,,,3020311399
1,12,2,100.0,0.494654,0.0,0.0,0.709254,0.0087890625,0.00439453125,7.710241334279999e-10,3.9391600940481446e-11,3354,BARK,52,0.0126953125,0.4984681277119607,924.0,0.2255859375,True,,,3020311399
1,12,2,100.0,0.494654,0.0,0.0,0.709254,0.0087890625,0.00439453125,7.710241334279999e-10,3.9391600940481446e-11,3354,BARK,67,0.016357421875,0.49847366601875925,924.0,0.2255859375,True,,,3020311399
1,12,2,100.0,0.494654,0.0,0.0,0.709254,0.0087890625,0.00439453125,7.710241334279999e-10,3.9391600940481446e-11,3354,BARK,87,0.021240234375,0.4984750507876504,924.0,0.2255859375,True,,,3020311399
1,12,2,100.0,0.494654,0.0,0.0,0.709254,0.0087890625,0.00439453125,7.710241334279999e-10,3.9391600940481446e-11,3354,BARK,114,0.02783203125,0.4984825834339232,924.0,0.2255859375,True,,,3020311399
1,12,2,100.0,0.494654,0.0,0.0,0.709254,0.0087890625,0.00439453125,7.710241334279999e-10,3.9391600940481446e-11,3354,BARK,148,0.0361328125,0.4984901159915341,924.0,0.2255859375,True,,,3020311399
1,12,2,100.0,0.494654,0.0,0.0,0.709254,0.0087890625,0.00439453125,7.710241334279999e-10,3.9391600940481446e-11,3354,BARK,192,0.046875,0.498495225497869,924.0,0.2255859375,True,,,3020311399
1,12,2,100.0,0.494654,0.0,0.0,0.709254,0.0087890625,0.00439453125,7.710241334279999e-10,3.9391600940481446e-11,3354,BARK,250,0.06103515625,0.4984952255627361,924.0,0.2255859375,True,,,3020311399
1,12,2,100.0,0.494654,0.0,0.0,0.709254,0.0087890625,0.00439453125,7.710241334279999e-10,3.9391600940481446e-11,3354,BARK,325,0.079345703125,0.4984952260935207,924.0,0.2255859375,True,,,3020311399
1,12,2,100.0,0.494654,0.0,0.0,0.709254,0.0087890625,0.00439453125,7.710241334279999e-10,3.9391600940481446e-11,3354,BARK,423,0.103271484375,0.49849522631463794,924.0,0.2255859375,True,,,3020311399
1,12,2,100.0,0.494654,0.0,0.0,0.709254,0.0087890625,0.00439453125,7.710241334279999e-10,3.9391600940481446e-11,3354,BARK,550,0.13427734375,0.4984952473599674,924.0,0.2255859375,True,,,3020311399
1,12,2,100.0,0.494654,0.0,0.0,0.709254,0.0087890625,0.00439453125,7.710241334279999e-10,3.9391600940481446e-11,3354,BARK,715,0.174560546875,0.49849522981807726,924.0,0.2255859375,True,,,3020311399
1,12,2,100.0,0.494654,0.0,0.0,0.709254,0.0087890625,0.00439453125,7.710241334279999e-10,3.9391600940481446e-11,3354,BARK,931,0.227294921875,0.49849708693747113,924.0,0.2255859375,True,,,3020311399
1,12,2,100.0,0.494654,0.0,0.0,0.709254,0.0087890625,0.00439453125,7.710241334279999e-10,3.9391600940481446e-11,3354,BARK,1210,0.29541015625,0.49849708693747113,924.0,0.2255859375,True,,,3020311399
1,12,2,100.0,0.494654,0.0,0.0,0.709254,0.0087890625,0.00439453125,7.710241334279999e-10,3.9391600940481446e-11,3354,BARK,1575,0.384521484375,0.49849708693747113,924.0,0.2255859375,True,,,3020311399
1,12,2,100.0,0.494654,0.0,0.0,0.709254,0.0087890625,0.00439453125,7.710241334279999e-10,3.9391600940481446e-11,3354,BARK,2048,0.5,0.49849708693747113,924.0,0.2255859375,True,,,3020311399
1,12,2,100.0,0.494654,0.0,0.0,0.709254,0.0087890625,0.00439453125,7.710241334279999e-10,3.9391600940481446e-11,3354,Simplified BARK,1,0.000244140625,3.9391600940481446e-11,924.0,0.2255859375,True,,,3020311399
1,12,2,100.0,0.494654,0.0,0.0,0.709254,0.0087890625,0.00439453125,7.710241334279999e-10,3.9391600940481446e-11,3354,Simplified BARK,2,0.00048828125,6.797760429217405e-14,924.0,0.2255859375,True,,,3020311399
1,12,2,100.0,0.494654,0.0,0.0,0.709254,0.0087890625,0.00439453125,7.710241334279999e-10,3.9391600940481446e-11,3354,Simplified BARK,3,0.000732421875,1.1500920376795372e-13,924.0,0.2255859375,True,,,3020311399
1,12,2,100.0,0.494654,0.0,0.0,0.709254,0.0087890625,0.00439453125,7.710241334279999e-10,3.9391600940481446e-11,3354,Simplified BARK,4,0.0009765625,1.1501088700392924e-13,924.0,0.2255859375,True,,,3020311399
1,12,2,100.0,0.494654,0.0,0.0,0.709254,0.0087890625,0.00439453125,7.710241334279999e-10,3.9391600940481446e-11,3354,Simplified BARK,5,0.001220703125,1.1501088704119775e-13,924.0,0.2255859375,True,,,3020311399
1,12,2,100.0,0.494654,0.0,0.0,0.709254,0.0087890625,0.00439453125,7.710241334279999e-10,3.9391600940481446e-11,3354,Simplified BARK,6,0.00146484375,1.1501088704119813e-13,924.0,0.2255859375,True,,,3020311399
1,12,2,100.0,0.494654,0.0,0.0,0.709254,0.0087890625,0.00439453125,7.710241334279999e-10,3.9391600940481446e-11,3354,Simplified BARK,8,0.001953125,1.1501088704119818e-13,924.0,0.2255859375,True,,,3020311399
1,12,2,100.0,0.494654,0.0,0.0,0.709254,0.0087890625,0.00439453125,7.710241334279999e-10,3.9391600940481446e-11,3354,Simplified BARK,11,0.002685546875,1.1501088704119818e-13,924.0,0.2255859375,True,,,3020311399
1,12,2,100.0,0.494654,0.0,0.0,0.709254,0.0087890625,0.00439453125,7.710241334279999e-10,3.9391600940481446e-11,3354,Simplified BARK,14,0.00341796875,1.1501088704119818e-13,924.0,0.2255859375,True,,,3020311399
1,12,2,100.0,0.494654,0.0,0.0,0.709254,0.0087890625,0.00439453125,7.710241334279999e-10,3.9391600940481446e-11,3354,Simplified BARK,18,0.00439453125,1.1501088704119818e-13,924.0,0.2255859375,True,,,3020311399
1,12,2,100.0,0.494654,0.0,0.0,0.709254,0.0087890625,0.00439453125,7.710241334279999e-10,3.9391600940481446e-11,3354,Simplified BARK,23,0.005615234375,1.1501088704119813e-13,924.0,0.2255859375,True,,,3020311399
1,12,2,100.0,0.494654,0.0,0.0,0.709254,0.0087890625,0.00439453125,7.710241334279999e-10,3.9391600940481446e-11,3354,Simplified BARK,31,0.007568359375,1.1501088704119813e-13,924.0,0.2255859375,True,,,3020311399
1,12,2,100.0,0.494654,0.0,0.0,0.709254,0.0087890625,0.00439453125,7.710241334279999e-10,3.9391600940481446e-11,3354,Simplified BARK,40,0.009765625,1.150108870434832e-13,924.0,0.2255859375,True,,,3020311399
1,12,2,100.0,0.494654,0.0,0.0,0.709254,0.0087890625,0.00439453125,7.710241334279999e-10,3.9391600940481446e-11,3354,Simplified BARK,52,0.0126953125,1.1501088707540963e-13,924.0,0.2255859375,True,,,3020311399
1,12,2,100.0,0.494654,0.0,0.0,0.709254,0.0087890625,0.00439453125,7.710241334279999e-10,3.9391600940481446e-11,3354,Simplified BARK,67,0.016357421875,1.2492476679510133e-14,924.0,0.2255859375,True,,,3020311399
1,12,2,100.0,0.494654,0.0,0.0,0.709254,0.0087890625,0.00439453125,7.710241334279999e-10,3.9391600940481446e-11,3354,Simplified BARK,87,0.021240234375,1.0071635502900992e-06,924.0,0.2255859375,True,,,3020311399
1,12,2,100.0,0.494654,0.0,0.0,0.709254,0.0087890625,0.00439453125,7.710241334279999e-10,3.9391600940481446e-11,3354,Simplified BARK,114,0.02783203125,2.7083493758187666e-21,924.0,0.2255859375,True,,,3020311399
1,12,2,100.0,0.494654,0.0,0.0,0.709254,0.0087890625,0.00439453125,7.710241334279999e-10,3.9391600940481446e-11,3354,Simplified BARK,148,0.0361328125,5.538392910914795e-06,924.0,0.2255859375,True,,,3020311399
1,12,2,100.0,0.494654,0.0,0.0,0.709254,0.0087890625,0.00439453125,7.710241334279999e-10,3.9391600940481446e-11,3354,Simplified BARK,192,0.046875,5.5383929797704114e-06,924.0,0.2255859375,True,,,3020311399
1,12,2,100.0,0.494654,0.0,0.0,0.709254,0.0087890625,0.00439453125,7.710241334279999e-10,3.9391600940481446e-11,3354,Simplified BARK,250,0.06103515625,5.541654570807918e-06,924.0,0.2255859375,True,,,3020311399
1,12,2,100.0,0.494654,0.0,0.0,0.709254,0.0087890625,0.00439453125,7.710241334279999e-10,3.9391600940481446e-11,3354,Simplified BARK,325,0.079345703125,0.5014840442100333,924.0,0.2255859375,True,,,3020311399
1,12,2,100.0,0.494654,0.0,0.0,0.709254,0.0087890625,0.00439453125,7.710241334279999e-10,3.9391600940481446e-11,3354,Simplified BARK,423,0.103271484375,0.5014916225835869,924.0,0.2255859375,True,,,3020311399
1,12,2,100.0,0.494654,0.0,0.0,0.709254,0.0087890625,0.00439453125,7.710241334279999e-10,3.9391600940481446e-11,3354,Simplified BARK,550,0.13427734375,0.5014936289338588,924.0,0.2255859375,True,,,3020311399
1,12,2,100.0,0.494654,0.0,0.0,0.709254,0.0087890625,0.00439453125,7.710241334279999e-10,3.9391600940481446e-11,3354,Simplified BARK,715,0.174560546875,0.5014994635079028,924.0,0.2255859375,True,,,3020311399
1,12,2,100.0,0.494654,0.0,0.0,0.709254,0.0087890625,0.00439453125,7.710241334279999e-10,3.9391600940481446e-11,3354,Simplified BARK,931,0.227294921875,0.5015069568738841,924.0,0.2255859375,True,,,3020311399
1,12,2,100.0,0.494654,0.0,0.0,0.709254,0.0087890625,0.00439453125,7.710241334279999e-10,3.9391600940481446e-11,3354,Simplified BARK,1210,0.29541015625,0.5015069568738841,924.0,0.2255859375,True,,,3020311399
1,12,2,100.0,0.494654,0.0,0.0,0.709254,0.0087890625,0.00439453125,7.710241334279999e-10,3.9391600940481446e-11,3354,Simplified BARK,1575,0.384521484375,0.5015069568738841,924.0,0.2255859375,True,,,3020311399
1,12,2,100.0,0.494654,0.0,0.0,0.709254,0.0087890625,0.00439453125,7.710241334279999e-10,3.9391600940481446e-11,3354,Simplified BARK,2048,0.5,0.5015069568738841,924.0,0.2255859375,True,,,3020311399
1,12,2,100.0,0.494654,0.0,0.0,0.709254,0.0087890625,0.00439453125,7.710241334279999e-10,3.9391600940481446e-11,3354,SKQD,1,0.000244140625,3.9391600940481446e-11,225.33333333333334,0.055013020833333336,True,10.0,1000.0,3020311399
1,12,2,100.0,0.494654,0.0,0.0,0.709254,0.0087890625,0.00439453125,7.710241334279999e-10,3.9391600940481446e-11,3354,SKQD,2,0.00048828125,3.9391600940481446e-11,225.33333333333334,0.055013020833333336,True,10.0,1000.0,3020311399
1,12,2,100.0,0.494654,0.0,0.0,0.709254,0.0087890625,0.00439453125,7.710241334279999e-10,3.9391600940481446e-11,3354,SKQD,3,0.000732421875,3.9391600940481446e-11,225.33333333333334,0.055013020833333336,True,10.0,1000.0,3020311399
1,12,2,100.0,0.494654,0.0,0.0,0.709254,0.0087890625,0.00439453125,7.710241334279999e-10,3.9391600940481446e-11,3354,SKQD,4,0.0009765625,3.9391600940481446e-11,225.33333333333334,0.055013020833333336,True,10.0,1000.0,3020311399
1,12,2,100.0,0.494654,0.0,0.0,0.709254,0.0087890625,0.00439453125,7.710241334279999e-10,3.9391600940481446e-11,3354,SKQD,5,0.001220703125,3.9391600940481446e-11,225.33333333333334,0.055013020833333336,True,10.0,1000.0,3020311399
1,12,2,100.0,0.494654,0.0,0.0,0.709254,0.0087890625,0.00439453125,7.710241334279999e-10,3.9391600940481446e-11,3354,SKQD,6,0.00146484375,3.9391600940481446e-11,225.33333333333334,0.055013020833333336,True,10.0,1000.0,3020311399
1,12,2,100.0,0.494654,0.0,0.0,0.709254,0.0087890625,0.00439453125,7.710241334279999e-10,3.9391600940481446e-11,3354,SKQD,8,0.001953125,3.293127190439369e-11,225.33333333333334,0.055013020833333336,True,10.0,1000.0,3020311399
1,12,2,100.0,0.494654,0.0,0.0,0.709254,0.0087890625,0.00439453125,7.710241334279999e-10,3.9391600940481446e-11,3354,SKQD,11,0.002685546875,2.6391107844119602e-11,225.33333333333334,0.055013020833333336,True,10.0,1000.0,3020311399
1,12,2,100.0,0.494654,0.0,0.0,0.709254,0.0087890625,0.00439453125,7.710241334279999e-10,3.9391600940481446e-11,3354,SKQD,14,0.00341796875,2.922463721066636e-11,225.33333333333334,0.055013020833333336,True,10.0,1000.0,3020311399
1,12,2,100.0,0.494654,0.0,0.0,0.709254,0.0087890625,0.00439453125,7.710241334279999e-10,3.9391600940481446e-11,3354,SKQD,18,0.00439453125,2.922463721066636e-11,225.33333333333334,0.055013020833333336,True,10.0,1000.0,3020311399
1,12,2,100.0,0.494654,0.0,0.0,0.709254,0.0087890625,0.00439453125,7.710241334279999e-10,3.9391600940481446e-11,3354,SKQD,23,0.005615234375,1.857193410681517e-06,225.33333333333334,0.055013020833333336,True,10.0,1000.0,3020311399
1,12,2,100.0,0.494654,0.0,0.0,0.709254,0.0087890625,0.00439453125,7.710241334279999e-10,3.9391600940481446e-11,3354,SKQD,31,0.007568359375,1.857186824473297e-06,225.33333333333334,0.055013020833333336,True,10.0,1000.0,3020311399
1,12,2,100.0,0.494654,0.0,0.0,0.709254,0.0087890625,0.00439453125,7.710241334279999e-10,3.9391600940481446e-11,3354,SKQD,40,0.009765625,2.189692733211374e-06,225.33333333333334,0.055013020833333336,True,10.0,1000.0,3020311399
1,12,2,100.0,0.494654,0.0,0.0,0.709254,0.0087890625,0.00439453125,7.710241334279999e-10,3.9391600940481446e-11,3354,SKQD,52,0.0126953125,2.2702862030759705e-06,225.33333333333334,0.055013020833333336,True,10.0,1000.0,3020311399
1,12,2,100.0,0.494654,0.0,0.0,0.709254,0.0087890625,0.00439453125,7.710241334279999e-10,3.9391600940481446e-11,3354,SKQD,67,0.016357421875,3.703311058665729e-06,225.33333333333334,0.055013020833333336,True,10.0,1000.0,3020311399
1,12,2,100.0,0.494654,0.0,0.0,0.709254,0.0087890625,0.00439453125,7.710241334279999e-10,3.9391600940481446e-11,3354,SKQD,87,0.021240234375,3.703323456948254e-06,225.33333333333334,0.055013020833333336,True,10.0,1000.0,3020311399
1,12,2,100.0,0.494654,0.0,0.0,0.709254,0.0087890625,0.00439453125,7.710241334279999e-10,3.9391600940481446e-11,3354,SKQD,114,0.02783203125,3.70343009785695e-06,225.33333333333334,0.055013020833333336,True,10.0,1000.0,3020311399
1,12,2,100.0,0.494654,0.0,0.0,0.709254,0.0087890625,0.00439453125,7.710241334279999e-10,3.9391600940481446e-11,3354,SKQD,148,0.0361328125,6.178923939916566e-06,225.33333333333334,0.055013020833333336,True,10.0,1000.0,3020311399
1,12,2,100.0,0.494654,0.0,0.0,0.709254,0.0087890625,0.00439453125,7.710241334279999e-10,3.9391600940481446e-11,3354,SKQD,192,0.046875,5.5387845657227944e-06,225.33333333333334,0.055013020833333336,True,10.0,1000.0,3020311399
1,12,2,100.0,0.494654,0.0,0.0,0.709254,0.0087890625,0.00439453125,7.710241334279999e-10,3.9391600940481446e-11,3354,SKQD,250,0.06103515625,5.188974717842038e-06,225.33333333333334,0.055013020833333336,True,10.0,1000.0,3020311399
1,12,2,100.0,0.494654,0.0,0.0,0.709254,0.0087890625,0.00439453125,7.710241334279999e-10,3.9391600940481446e-11,3354,SKQD,325,0.079345703125,5.188974717842038e-06,225.33333333333334,0.055013020833333336,True,10.0,1000.0,3020311399
1,12,2,100.0,0.494654,0.0,0.0,0.709254,0.0087890625,0.00439453125,7.710241334279999e-10,3.9391600940481446e-11,3354,SKQD,423,0.103271484375,5.188974717842038e-06,225.33333333333334,0.055013020833333336,True,10.0,1000.0,3020311399
1,12,2,100.0,0.494654,0.0,0.0,0.709254,0.0087890625,0.00439453125,7.710241334279999e-10,3.9391600940481446e-11,3354,SKQD,550,0.13427734375,5.188974717842038e-06,225.33333333333334,0.055013020833333336,True,10.0,1000.0,3020311399
1,12,2,100.0,0.494654,0.0,0.0,0.709254,0.0087890625,0.00439453125,7.710241334279999e-10,3.9391600940481446e-11,3354,SKQD,715,0.174560546875,5.188974717842038e-06,225.33333333333334,0.055013020833333336,True,10.0,1000.0,3020311399
1,12,2,100.0,0.494654,0.0,0.0,0.709254,0.0087890625,0.00439453125,7.710241334279999e-10,3.9391600940481446e-11,3354,SKQD,931,0.227294921875,5.188974717842038e-06,225.33333333333334,0.055013020833333336,True,10.0,1000.0,3020311399
1,12,2,100.0,0.494654,0.0,0.0,0.709254,0.0087890625,0.00439453125,7.710241334279999e-10,3.9391600940481446e-11,3354,SKQD,1210,0.29541015625,5.188974717842038e-06,225.33333333333334,0.055013020833333336,True,10.0,1000.0,3020311399
1,12,2,100.0,0.494654,0.0,0.0,0.709254,0.0087890625,0.00439453125,7.710241334279999e-10,3.9391600940481446e-11,3354,SKQD,1575,0.384521484375,5.188974717842038e-06,225.33333333333334,0.055013020833333336,True,10.0,1000.0,3020311399
1,12,2,100.0,0.494654,0.0,0.0,0.709254,0.0087890625,0.00439453125,7.710241334279999e-10,3.9391600940481446e-11,3354,SKQD,2048,0.5,5.188974717842038e-06,225.33333333333334,0.055013020833333336,True,10.0,1000.0,3020311399
1,12,2,100.0,0.494654,0.0,0.0,0.709254,0.0087890625,0.00439453125,7.710241334279999e-10,3.9391600940481446e-11,3354,Ceiling,1,0.000244140625,0.5014405000468731,2048.0,0.5,False,,,3020311399
1,12,2,100.0,0.494654,0.0,0.0,0.709254,0.0087890625,0.00439453125,7.710241334279999e-10,3.9391600940481446e-11,3354,Ceiling,2,0.00048828125,0.9998718392104122,2048.0,0.5,False,,,3020311399
1,12,2,100.0,0.494654,0.0,0.0,0.709254,0.0087890625,0.00439453125,7.710241334279999e-10,3.9391600940481446e-11,3354,Ceiling,3,0.000732421875,0.9998774107708165,2048.0,0.5,False,,,3020311399
1,12,2,100.0,0.494654,0.0,0.0,0.709254,0.0087890625,0.00439453125,7.710241334279999e-10,3.9391600940481446e-11,3354,Ceiling,4,0.0009765625,0.9998829823312207,2048.0,0.5,False,,,3020311399
1,12,2,100.0,0.494654,0.0,0.0,0.709254,0.0087890625,0.00439453125,7.710241334279999e-10,3.9391600940481446e-11,3354,Ceiling,5,0.001220703125,0.999888553891625,2048.0,0.5,False,,,3020311399
1,12,2,100.0,0.494654,0.0,0.0,0.709254,0.0087890625,0.00439453125,7.710241334279999e-10,3.9391600940481446e-11,3354,Ceiling,6,0.00146484375,0.9998941254520293,2048.0,0.5,False,,,3020311399
1,12,2,100.0,0.494654,0.0,0.0,0.709254,0.0087890625,0.00439453125,7.710241334279999e-10,3.9391600940481446e-11,3354,Ceiling,8,0.001953125,0.9999052684117342,2048.0,0.5,False,,,3020311399
1,12,2,100.0,0.494654,0.0,0.0,0.709254,0.0087890625,0.00439453125,7.710241334279999e-10,3.9391600940481446e-11,3354,Ceiling,11,0.002685546875,0.9999219494967276,2048.0,0.5,False,,,3020311399
1,12,2,100.0,0.494654,0.0,0.0,0.709254,0.0087890625,0.00439453125,7.710241334279999e-10,3.9391600940481446e-11,3354,Ceiling,14,0.00341796875,0.9999385638725931,2048.0,0.5,False,,,3020311399
1,12,2,100.0,0.494654,0.0,0.0,0.709254,0.0087890625,0.00439453125,7.710241334279999e-10,3.9391600940481446e-11,3354,Ceiling,18,0.00439453125,0.999960716053472,2048.0,0.5,False,,,3020311399
1,12,2,100.0,0.494654,0.0,0.0,0.709254,0.0087890625,0.00439453125,7.710241334279999e-10,3.9391600940481446e-11,3354,Ceiling,23,0.005615234375,0.9999752200052716,2048.0,0.5,False,,,3020311399
1,12,2,100.0,0.494654,0.0,0.0,0.709254,0.0087890625,0.00439453125,7.710241334279999e-10,3.9391600940481446e-11,3354,Ceiling,31,0.007568359375,0.9999912304521664,2048.0,0.5,False,,,3020311399
1,12,2,100.0,0.494654,0.0,0.0,0.709254,0.0087890625,0.00439453125,7.710241334279999e-10,3.9391600940481446e-11,3354,Ceiling,40,0.009765625,0.9999999906776139,2048.0,0.5,False,,,3020311399
1,12,2,100.0,0.494654,0.0,0.0,0.709254,0.0087890625,0.00439453125,7.710241334279999e-10,3.9391600940481446e-11,3354,Ceiling,52,0.0126953125,0.9999999932086184,2048.0,0.5,False,,,3020311399
1,12,2,100.0,0.494654,0.0,0.0,0.709254,0.0087890625,0.00439453125,7.710241334279999e-10,3.9391600940481446e-11,3354,Ceiling,67,0.016357421875,0.9999999946096816,2048.0,0.5,False,,,3020311399
1,12,2,100.0,0.494654,0.0,0.0,0.709254,0.0087890625,0.00439453125,7.710241334279999e-10,3.9391600940481446e-11,3354,Ceiling,87,0.021240234375,0.9999999958527964,2048.0,0.5,False,,,3020311399
1,12,2,100.0,0.494654,0.0,0.0,0.709254,0.0087890625,0.00439453125,7.710241334279999e-10,3.9391600940481446e-11,3354,Ceiling,114,0.02783203125,0.9999999972071644,2048.0,0.5,False,,,3020311399
1,12,2,100.0,0.494654,0.0,0.0,0.709254,0.0087890625,0.00439453125,7.710241334279999e-10,3.9391600940481446e-11,3354,Ceiling,148,0.0361328125,0.999999998361235,2048.0,0.5,False,,,3020311399
1,12,2,100.0,0.494654,0.0,0.0,0.709254,0.0087890625,0.00439453125,7.710241334279999e-10,3.9391600940481446e-11,3354,Ceiling,192,0.046875,0.9999999993649707,2048.0,0.5,False,,,3020311399
1,12,2,100.0,0.494654,0.0,0.0,0.709254,0.0087890625,0.00439453125,7.710241334279999e-10,3.9391600940481446e-11,3354,Ceiling,250,0.06103515625,0.9999999999993299,2048.0,0.5,False,,,3020311399
1,12,2,100.0,0.494654,0.0,0.0,0.709254,0.0087890625,0.00439453125,7.710241334279999e-10,3.9391600940481446e-11,3354,Ceiling,325,0.079345703125,0.9999999999998006,2048.0,0.5,False,,,3020311399
1,12,2,100.0,0.494654,0.0,0.0,0.709254,0.0087890625,0.00439453125,7.710241334279999e-10,3.9391600940481446e-11,3354,Ceiling,423,0.103271484375,0.9999999999999455,2048.0,0.5,False,,,3020311399
1,12,2,100.0,0.494654,0.0,0.0,0.709254,0.0087890625,0.00439453125,7.710241334279999e-10,3.9391600940481446e-11,3354,Ceiling,550,0.13427734375,0.9999999999999947,2048.0,0.5,False,,,3020311399
1,12,2,100.0,0.494654,0.0,0.0,0.709254,0.0087890625,0.00439453125,7.710241334279999e-10,3.9391600940481446e-11,3354,Ceiling,715,0.174560546875,0.9999999999999991,2048.0,0.5,False,,,3020311399
1,12,2,100.0,0.494654,0.0,0.0,0.709254,0.0087890625,0.00439453125,7.710241334279999e-10,3.9391600940481446e-11,3354,Ceiling,931,0.227294921875,0.9999999999999991,2048.0,0.5,False,,,3020311399
1,12,2,100.0,0.494654,0.0,0.0,0.709254,0.0087890625,0.00439453125,7.710241334279999e-10,3.9391600940481446e-11,3354,Ceiling,1210,0.29541015625,0.9999999999999991,2048.0,0.5,False,,,3020311399
1,12,2,100.0,0.494654,0.0,0.0,0.709254,0.0087890625,0.00439453125,7.710241334279999e-10,3.9391600940481446e-11,3354,Ceiling,1575,0.384521484375,0.9999999999999991,2048.0,0.5,False,,,3020311399
1,12,2,100.0,0.494654,0.0,0.0,0.709254,0.0087890625,0.00439453125,7.710241334279999e-10,3.9391600940481446e-11,3354,Ceiling,2048,0.5,0.9999999999999991,2048.0,0.5,False,,,3020311399
1,12,2,100.0,0.494654,0.0,0.0,0.709254,0.0087890625,0.00439453125,7.710241334279999e-10,2.21548501530651e-11,2575,BARK,1,0.000244140625,2.21548501530651e-11,924.0,0.2255859375,True,,,3020311399
1,12,2,100.0,0.494654,0.0,0.0,0.709254,0.0087890625,0.00439453125,7.710241334279999e-10,2.21548501530651e-11,2575,BARK,2,0.00048828125,5.538067374601668e-06,924.0,0.2255859375,True,,,3020311399
1,12,2,100.0,0.494654,0.0,0.0,0.709254,0.0087890625,0.00439453125,7.710241334279999e-10,2.21548501530651e-11,2575,BARK,3,0.000732421875,0.49843687722779745,924.0,0.2255859375,True,,,3020311399
1,12,2,100.0,0.494654,0.0,0.0,0.709254,0.0087890625,0.00439453125,7.710241334279999e-10,2.21548501530651e-11,2575,BARK,4,0.0009765625,0.49844241527301536,924.0,0.2255859375,True,,,3020311399
1,12,2,100.0,0.494654,0.0,0.0,0.709254,0.0087890625,0.00439453125,7.710241334279999e-10,2.21548501530651e-11,2575,BARK,5,0.001220703125,0.49844241533455313,924.0,0.2255859375,True,,,3020311399
1,12,2,100.0,0.494654,0.0,0.0,0.709254,0.0087890625,0.00439453125,7.710241334279999e-10,2.21548501530651e-11,2575,BARK,6,0.00146484375,0.49844241533455297,924.0,0.2255859375,True,,,3020311399
1,12,2,100.0,0.494654,0.0,0.0,0.709254,0.0087890625,0.00439453125,7.710241334279999e-10,2.21548501530651e-11,2575,BARK,8,0.001953125,0.4984444091531015,924.0,0.2255859375,True,,,3020311399
1,12,2,100.0,0.494654,0.0,0.0,0.709254,0.0087890625,0.00439453125,7.710241334279999e-10,2.21548501530651e-11,2575,BARK,11,0.002685546875,0.4984499476827408,924.0,0.2255859375,True,,,3020311399
1,12,2,100.0,0.494654,0.0,0.0,0.709254,0.0087890625,0.00439453125,7.710241334279999e-10,2.21548501530651e-11,2575,BARK,14,0.00341796875,0.4984554861127571,924.0,0.2255859375,True,,,3020311399
1,12,2,100.0,0.494654,0.0,0.0,0.709254,0.0087890625,0.00439453125,7.710241334279999e-10,2.21548501530651e-11,2575,BARK,18,0.00439453125,0.49845748008182156,924.0,0.2255859375,True,,,3020311399
1,12,2,100.0,0.494654,0.0,0.0,0.709254,0.0087890625,0.00439453125,7.710241334279999e-10,2.21548501530651e-11,2575,BARK,23,0.005615234375,0.4984605953316545,924.0,0.2255859375,True,,,3020311399
1,12,2,100.0,0.494654,0.0,0.0,0.709254,0.0087890625,0.00439453125,7.710241334279999e-10,2.21548501530651e-11,2575,BARK,31,0.007568359375,0.4984625892210971,924.0,0.2255859375,True,,,3020311399
1,12,2,100.0,0.494654,0.0,0.0,0.709254,0.0087890625,0.00439453125,7.710241334279999e-10,2.21548501530651e-11,2575,BARK,40,0.009765625,0.4984625893885596,924.0,0.2255859375,True,,,3020311399
1,12,2,100.0,0.494654,0.0,0.0,0.709254,0.0087890625,0.00439453125,7.710241334279999e-10,2.21548501530651e-11,2575,BARK,52,0.0126953125,0.4984625894404464,924.0,0.2255859375,True,,,3020311399
1,12,2,100.0,0.494654,0.0,0.0,0.709254,0.0087890625,0.00439453125,7.710241334279999e-10,2.21548501530651e-11,2575,BARK,67,0.016357421875,0.49846812784272887,924.0,0.2255859375,True,,,3020311399
1,12,2,100.0,0.494654,0.0,0.0,0.709254,0.0087890625,0.00439453125,7.710241334279999e-10,2.21548501530651e-11,2575,BARK,87,0.021240234375,0.498477045037166,924.0,0.2255859375,True,,,3020311399
1,12,2,100.0,0.494654,0.0,0.0,0.709254,0.0087890625,0.00439453125,7.710241334279999e-10,2.21548501530651e-11,2575,BARK,114,0.02783203125,0.4984821543796248,924.0,0.2255859375,True,,,3020311399
1,12,2,100.0,0.494654,0.0,0.0,0.709254,0.0087890625,0.00439453125,7.710241334279999e-10,2.21548501530651e-11,2575,BARK,148,0.0361328125,0.49848215460387973,924.0,0.2255859375,True,,,3020311399
1,12,2,100.0,0.494654,0.0,0.0,0.709254,0.0087890625,0.00439453125,7.710241334279999e-10,2.21548501530651e-11,2575,BARK,192,0.046875,0.49848215477161767,924.0,0.2255859375,True,,,3020311399
1,12,2,100.0,0.494654,0.0,0.0,0.709254,0.0087890625,0.00439453125,7.710241334279999e-10,2.21548501530651e-11,2575,BARK,250,0.06103515625,0.49848968739963845,924.0,0.2255859375,True,,,3020311399
1,12,2,100.0,0.494654,0.0,0.0,0.709254,0.0087890625,0.00439453125,7.710241334279999e-10,2.21548501530651e-11,2575,BARK,325,0.079345703125,0.49848968780708147,924.0,0.2255859375,True,,,3020311399
1,12,2,100.0,0.494654,0.0,0.0,0.709254,0.0087890625,0.00439453125,7.710241334279999e-10,2.21548501530651e-11,2575,BARK,423,0.103271484375,0.49848968788640025,924.0,0.2255859375,True,,,3020311399
1,12,2,100.0,0.494654,0.0,0.0,0.709254,0.0087890625,0.00439453125,7.710241334279999e-10,2.21548501530651e-11,2575,BARK,550,0.13427734375,0.49849525058870825,924.0,0.2255859375,True,,,3020311399
1,12,2,100.0,0.494654,0.0,0.0,0.709254,0.0087890625,0.00439453125,7.710241334279999e-10,2.21548501530651e-11,2575,BARK,715,0.174560546875,0.49849531493679033,924.0,0.2255859375,True,,,3020311399
1,12,2,100.0,0.494654,0.0,0.0,0.709254,0.0087890625,0.00439453125,7.710241334279999e-10,2.21548501530651e-11,2575,BARK,931,0.227294921875,0.4984986227965122,924.0,0.2255859375,True,,,3020311399
1,12,2,100.0,0.494654,0.0,0.0,0.709254,0.0087890625,0.00439453125,7.710241334279999e-10,2.21548501530651e-11,2575,BARK,1210,0.29541015625,0.4984986227965122,924.0,0.2255859375,True,,,3020311399
1,12,2,100.0,0.494654,0.0,0.0,0.709254,0.0087890625,0.00439453125,7.710241334279999e-10,2.21548501530651e-11,2575,BARK,1575,0.384521484375,0.4984986227965122,924.0,0.2255859375,True,,,3020311399
1,12,2,100.0,0.494654,0.0,0.0,0.709254,0.0087890625,0.00439453125,7.710241334279999e-10,2.21548501530651e-11,2575,BARK,2048,0.5,0.4984986227965122,924.0,0.2255859375,True,,,3020311399
1,12,2,100.0,0.494654,0.0,0.0,0.709254,0.0087890625,0.00439453125,7.710241334279999e-10,2.21548501530651e-11,2575,Simplified BARK,1,0.000244140625,2.21548501530651e-11,924.0,0.2255859375,True,,,3020311399
1,12,2,100.0,0.494654,0.0,0.0,0.709254,0.0087890625,0.00439453125,7.710241334279999e-10,2.21548501530651e-11,2575,Simplified BARK,2,0.00048828125,2.2154604284100397e-11,924.0,0.2255859375,True,,,3020311399
1,12,2,100.0,0.494654,0.0,0.0,0.709254,0.0087890625,0.00439453125,7.710241334279999e-10,2.21548501530651e-11,2575,Simplified BARK,3,0.000732421875,2.2154604140587133e-11,924.0,0.2255859375,True,,,3020311399
1,12,2,100.0,0.494654,0.0,0.0,0.709254,0.0087890625,0.00439453125,7.710241334279999e-10,2.21548501530651e-11,2575,Simplified BARK,4,0.0009765625,2.2154604140584813e-11,924.0,0.2255859375,True,,,3020311399
1,12,2,100.0,0.494654,0.0,0.0,0.709254,0.0087890625,0.00439453125,7.710241334279999e-10,2.21548501530651e-11,2575,Simplified BARK,5,0.001220703125,2.2154604140585395e-11,924.0,0.2255859375,True,,,3020311399
1,12,2,100.0,0.494654,0.0,0.0,0.709254,0.0087890625,0.00439453125,7.710241334279999e-10,2.21548501530651e-11,2575,Simplified BARK,6,0.00146484375,2.2154604140585395e-11,924.0,0.2255859375,True,,,3020311399
1,12,2,100.0,0.494654,0.0,0.0,0.709254,0.0087890625,0.00439453125,7.710241334279999e-10,2.21548501530651e-11,2575,Simplified BARK,8,0.001953125,2.2154604140585395e-11,924.0,0.2255859375,True,,,3020311399
1,12,2,100.0,0.494654,0.0,0.0,0.709254,0.0087890625,0.00439453125,7.710241334279999e-10,2.21548501530651e-11,2575,Simplified BARK,11,0.002685546875,2.215460414059029e-11,924.0,0.2255859375,True,,,3020311399
1,12,2,100.0,0.494654,0.0,0.0,0.709254,0.0087890625,0.00439453125,7.710241334279999e-10,2.21548501530651e-11,2575,Simplified BARK,14,0.00341796875,3.3411277067183983e-19,924.0,0.2255859375,True,,,3020311399
1,12,2,100.0,0.494654,0.0,0.0,0.709254,0.0087890625,0.00439453125,7.710241334279999e-10,2.21548501530651e-11,2575,Simplified BARK,18,0.00439453125,8.30242934189854e-19,924.0,0.2255859375,True,,,3020311399
1,12,2,100.0,0.494654,0.0,0.0,0.709254,0.0087890625,0.00439453125,7.710241334279999e-10,2.21548501530651e-11,2575,Simplified BARK,23,0.005615234375,1.0672630664059713e-18,924.0,0.2255859375,True,,,3020311399
1,12,2,100.0,0.494654,0.0,0.0,0.709254,0.0087890625,0.00439453125,7.710241334279999e-10,2.21548501530651e-11,2575,Simplified BARK,31,0.007568359375,2.175749390071806e-11,924.0,0.2255859375,True,,,3020311399
1,12,2,100.0,0.494654,0.0,0.0,0.709254,0.0087890625,0.00439453125,7.710241334279999e-10,2.21548501530651e-11,2575,Simplified BARK,40,0.009765625,4.1372434273641575e-20,924.0,0.2255859375,True,,,3020311399
1,12,2,100.0,0.494654,0.0,0.0,0.709254,0.0087890625,0.00439453125,7.710241334279999e-10,2.21548501530651e-11,2575,Simplified BARK,52,0.0126953125,1.9879985564247892e-11,924.0,0.2255859375,True,,,3020311399
1,12,2,100.0,0.494654,0.0,0.0,0.709254,0.0087890625,0.00439453125,7.710241334279999e-10,2.21548501530651e-11,2575,Simplified BARK,67,0.016357421875,1.2487192599903872e-14,924.0,0.2255859375,True,,,3020311399
1,12,2,100.0,0.494654,0.0,0.0,0.709254,0.0087890625,0.00439453125,7.710241334279999e-10,2.21548501530651e-11,2575,Simplified BARK,87,0.021240234375,1.0071632450876483e-06,924.0,0.2255859375,True,,,3020311399
1,12,2,100.0,0.494654,0.0,0.0,0.709254,0.0087890625,0.00439453125,7.710241334279999e-10,2.21548501530651e-11,2575,Simplified BARK,114,0.02783203125,2.7085088233809554e-21,924.0,0.2255859375,True,,,3020311399
1,12,2,100.0,0.494654,0.0,0.0,0.709254,0.0087890625,0.00439453125,7.710241334279999e-10,2.21548501530651e-11,2575,Simplified BARK,148,0.0361328125,5.538392895776059e-06,924.0,0.2255859375,True,,,3020311399
1,12,2,100.0,0.494654,0.0,0.0,0.709254,0.0087890625,0.00439453125,7.710241334279999e-10,2.21548501530651e-11,2575,Simplified BARK,192,0.046875,5.538392964639009e-06,924.0,0.2255859375,True,,,3020311399
1,12,2,100.0,0.494654,0.0,0.0,0.709254,0.0087890625,0.00439453125,7.710241334279999e-10,2.21548501530651e-11,2575,Simplified BARK,250,0.06103515625,5.541654584494713e-06,924.0,0.2255859375,True,,,3020311399
1,12,2,100.0,0.494654,0.0,0.0,0.709254,0.0087890625,0.00439453125,7.710241334279999e-10,2.21548501530651e-11,2575,Simplified BARK,325,0.079345703125,0.5014840442100315,924.0,0.2255859375,True,,,3020311399
1,12,2,100.0,0.494654,0.0,0.0,0.709254,0.0087890625,0.00439453125,7.710241334279999e-10,2.21548501530651e-11,2575,Simplified BARK,423,0.103271484375,0.5014916225835853,924.0,0.2255859375,True,,,3020311399
1,12,2,100.0,0.494654,0.0,0.0,0.709254,0.0087890625,0.00439453125,7.710241334279999e-10,2.21548501530651e-11,2575,Simplified BARK,550,0.13427734375,0.5014936289338546,924.0,0.2255859375,True,,,3020311399
1,12,2,100.0,0.494654,0.0,0.0,0.709254,0.0087890625,0.00439453125,7.710241334279999e-10,2.21548501530651e-11,2575,Simplified BARK,715,0.174560546875,0.5014994733068621,924.0,0.2255859375,True,,,3020311399
1,12,2,100.0,0.494654,0.0,0.0,0.709254,0.0087890625,0.00439453125,7.710241334279999e-10,2.21548501530651e-11,2575,Simplified BARK,931,0.227294921875,0.5015069568758804,924.0,0.2255859375,True,,,3020311399
1,12,2,100.0,0.494654,0.0,0.0,0.709254,0.0087890625,0.00439453125,7.710241334279999e-10,2.21548501530651e-11,2575,Simplified BARK,1210,0.29541015625,0.5015069568758804,924.0,0.2255859375,True,,,3020311399
1,12,2,100.0,0.494654,0.0,0.0,0.709254,0.0087890625,0.00439453125,7.710241334279999e-10,2.21548501530651e-11,2575,Simplified BARK,1575,0.384521484375,0.5015069568758804,924.0,0.2255859375,True,,,3020311399
1,12,2,100.0,0.494654,0.0,0.0,0.709254,0.0087890625,0.00439453125,7.710241334279999e-10,2.21548501530651e-11,2575,Simplified BARK,2048,0.5,0.5015069568758804,924.0,0.2255859375,True,,,3020311399
1,12,2,100.0,0.494654,0.0,0.0,0.709254,0.0087890625,0.00439453125,7.710241334279999e-10,2.21548501530651e-11,2575,SKQD,1,0.000244140625,2.21548501530651e-11,135.33333333333334,0.033040364583333336,True,1.5,1000.0,3020311399
1,12,2,100.0,0.494654,0.0,0.0,0.709254,0.0087890625,0.00439453125,7.710241334279999e-10,2.21548501530651e-11,2575,SKQD,2,0.00048828125,2.21548501530651e-11,135.33333333333334,0.033040364583333336,True,1.5,1000.0,3020311399
1,12,2,100.0,0.494654,0.0,0.0,0.709254,0.0087890625,0.00439453125,7.710241334279999e-10,2.21548501530651e-11,2575,SKQD,3,0.000732421875,2.2199484474180492e-11,135.33333333333334,0.033040364583333336,True,1.5,1000.0,3020311399
1,12,2,100.0,0.494654,0.0,0.0,0.709254,0.0087890625,0.00439453125,7.710241334279999e-10,2.21548501530651e-11,2575,SKQD,4,0.0009765625,1.4776713708593178e-11,135.33333333333334,0.033040364583333336,True,1.5,1000.0,3020311399
1,12,2,100.0,0.494654,0.0,0.0,0.709254,0.0087890625,0.00439453125,7.710241334279999e-10,2.21548501530651e-11,2575,SKQD,5,0.001220703125,1.4776713708593178e-11,135.33333333333334,0.033040364583333336,True,1.5,1000.0,3020311399
1,12,2,100.0,0.494654,0.0,0.0,0.709254,0.0087890625,0.00439453125,7.710241334279999e-10,2.21548501530651e-11,2575,SKQD,6,0.00146484375,1.477715657394961e-11,135.33333333333334,0.033040364583333336,True,1.5,1000.0,3020311399
1,12,2,100.0,0.494654,0.0,0.0,0.709254,0.0087890625,0.00439453125,7.710241334279999e-10,2.21548501530651e-11,2575,SKQD,8,0.001953125,2.156429348443139e-11,135.33333333333334,0.033040364583333336,True,1.5,1000.0,3020311399
1,12,2,100.0,0.494654,0.0,0.0,0.709254,0.0087890625,0.00439453125,7.710241334279999e-10,2.21548501530651e-11,2575,SKQD,11,0.002685546875,2.15642940307197e-11,135.33333333333334,0.033040364583333336,True,1.5,1000.0,3020311399
1,12,2,100.0,0.494654,0.0,0.0,0.709254,0.0087890625,0.00439453125,7.710241334279999e-10,2.21548501530651e-11,2575,SKQD,14,0.00341796875,3.876477539662857e-12,135.33333333333334,0.033040364583333336,True,1.5,1000.0,3020311399
1,12,2,100.0,0.494654,0.0,0.0,0.709254,0.0087890625,0.00439453125,7.710241334279999e-10,2.21548501530651e-11,2575,SKQD,18,0.00439453125,3.742182336148698e-14,135.33333333333334,0.033040364583333336,True,1.5,1000.0,3020311399
1,12,2,100.0,0.494654,0.0,0.0,0.709254,0.0087890625,0.00439453125,7.710241334279999e-10,2.21548501530651e-11,2575,SKQD,23,0.005615234375,6.646442019786784e-07,135.33333333333334,0.033040364583333336,True,1.5,1000.0,3020311399
1,12,2,100.0,0.494654,0.0,0.0,0.709254,0.0087890625,0.00439453125,7.710241334279999e-10,2.21548501530651e-11,2575,SKQD,31,0.007568359375,6.646442025911109e-07,135.33333333333334,0.033040364583333336,True,1.5,1000.0,3020311399
1,12,2,100.0,0.494654,0.0,0.0,0.709254,0.0087890625,0.00439453125,7.710241334279999e-10,2.21548501530651e-11,2575,SKQD,40,0.009765625,6.646441978227058e-07,135.33333333333334,0.033040364583333336,True,1.5,1000.0,3020311399
1,12,2,100.0,0.494654,0.0,0.0,0.709254,0.0087890625,0.00439453125,7.710241334279999e-10,2.21548501530651e-11,2575,SKQD,52,0.0126953125,2.5106698729866358e-06,135.33333333333334,0.033040364583333336,True,1.5,1000.0,3020311399
1,12,2,100.0,0.494654,0.0,0.0,0.709254,0.0087890625,0.00439453125,7.710241334279999e-10,2.21548501530651e-11,2575,SKQD,67,0.016357421875,2.5106744511030904e-06,135.33333333333334,0.033040364583333336,True,1.5,1000.0,3020311399
1,12,2,100.0,0.494654,0.0,0.0,0.709254,0.0087890625,0.00439453125,7.710241334279999e-10,2.21548501530651e-11,2575,SKQD,87,0.021240234375,2.5106744511891447e-06,135.33333333333334,0.033040364583333336,True,1.5,1000.0,3020311399
1,12,2,100.0,0.494654,0.0,0.0,0.709254,0.0087890625,0.00439453125,7.710241334279999e-10,2.21548501530651e-11,2575,SKQD,114,0.02783203125,2.413403734841152e-06,135.33333333333334,0.033040364583333336,True,1.5,1000.0,3020311399
1,12,2,100.0,0.494654,0.0,0.0,0.709254,0.0087890625,0.00439453125,7.710241334279999e-10,2.21548501530651e-11,2575,SKQD,148,0.0361328125,2.413437128230472e-06,135.33333333333334,0.033040364583333336,True,1.5,1000.0,3020311399
1,12,2,100.0,0.494654,0.0,0.0,0.709254,0.0087890625,0.00439453125,7.710241334279999e-10,2.21548501530651e-11,2575,SKQD,192,0.046875,2.4134371282327444e-06,135.33333333333334,0.033040364583333336,True,1.5,1000.0,3020311399
1,12,2,100.0,0.494654,0.0,0.0,0.709254,0.0087890625,0.00439453125,7.710241334279999e-10,2.21548501530651e-11,2575,SKQD,250,0.06103515625,2.4134371282327444e-06,135.33333333333334,0.033040364583333336,True,1.5,1000.0,3020311399
1,12,2,100.0,0.494654,0.0,0.0,0.709254,0.0087890625,0.00439453125,7.710241334279999e-10,2.21548501530651e-11,2575,SKQD,325,0.079345703125,2.4134371282327444e-06,135.33333333333334,0.033040364583333336,True,1.5,1000.0,3020311399
1,12,2,100.0,0.494654,0.0,0.0,0.709254,0.0087890625,0.00439453125,7.710241334279999e-10,2.21548501530651e-11,2575,SKQD,423,0.103271484375,2.4134371282327444e-06,135.33333333333334,0.033040364583333336,True,1.5,1000.0,3020311399
1,12,2,100.0,0.494654,0.0,0.0,0.709254,0.0087890625,0.00439453125,7.710241334279999e-10,2.21548501530651e-11,2575,SKQD,550,0.13427734375,2.4134371282327444e-06,135.33333333333334,0.033040364583333336,True,1.5,1000.0,3020311399
1,12,2,100.0,0.494654,0.0,0.0,0.709254,0.0087890625,0.00439453125,7.710241334279999e-10,2.21548501530651e-11,2575,SKQD,715,0.174560546875,2.4134371282327444e-06,135.33333333333334,0.033040364583333336,True,1.5,1000.0,3020311399
1,12,2,100.0,0.494654,0.0,0.0,0.709254,0.0087890625,0.00439453125,7.710241334279999e-10,2.21548501530651e-11,2575,SKQD,931,0.227294921875,2.4134371282327444e-06,135.33333333333334,0.033040364583333336,True,1.5,1000.0,3020311399
1,12,2,100.0,0.494654,0.0,0.0,0.709254,0.0087890625,0.00439453125,7.710241334279999e-10,2.21548501530651e-11,2575,SKQD,1210,0.29541015625,2.4134371282327444e-06,135.33333333333334,0.033040364583333336,True,1.5,1000.0,3020311399
1,12,2,100.0,0.494654,0.0,0.0,0.709254,0.0087890625,0.00439453125,7.710241334279999e-10,2.21548501530651e-11,2575,SKQD,1575,0.384521484375,2.4134371282327444e-06,135.33333333333334,0.033040364583333336,True,1.5,1000.0,3020311399
1,12,2,100.0,0.494654,0.0,0.0,0.709254,0.0087890625,0.00439453125,7.710241334279999e-10,2.21548501530651e-11,2575,SKQD,2048,0.5,2.4134371282327444e-06,135.33333333333334,0.033040364583333336,True,1.5,1000.0,3020311399
1,12,2,100.0,0.494654,0.0,0.0,0.709254,0.0087890625,0.00439453125,7.710241334279999e-10,2.21548501530651e-11,2575,Ceiling,1,0.000244140625,0.5014405000468731,2048.0,0.5,False,,,3020311399
1,12,2,100.0,0.494654,0.0,0.0,0.709254,0.0087890625,0.00439453125,7.710241334279999e-10,2.21548501530651e-11,2575,Ceiling,2,0.00048828125,0.9998718392104122,2048.0,0.5,False,,,3020311399
1,12,2,100.0,0.494654,0.0,0.0,0.709254,0.0087890625,0.00439453125,7.710241334279999e-10,2.21548501530651e-11,2575,Ceiling,3,0.000732421875,0.9998774107708165,2048.0,0.5,False,,,3020311399
1,12,2,100.0,0.494654,0.0,0.0,0.709254,0.0087890625,0.00439453125,7.710241334279999e-10,2.21548501530651e-11,2575,Ceiling,4,0.0009765625,0.9998829823312207,2048.0,0.5,False,,,3020311399
1,12,2,100.0,0.494654,0.0,0.0,0.709254,0.0087890625,0.00439453125,7.710241334279999e-10,2.21548501530651e-11,2575,Ceiling,5,0.001220703125,0.999888553891625,2048.0,0.5,False,,,3020311399
1,12,2,100.0,0.494654,0.0,0.0,0.709254,0.0087890625,0.00439453125,7.710241334279999e-10,2.21548501530651e-11,2575,Ceiling,6,0.00146484375,0.9998941254520293,2048.0,0.5,False,,,3020311399
1,12,2,100.0,0.494654,0.0,0.0,0.709254,0.0087890625,0.00439453125,7.710241334279999e-10,2.21548501530651e-11,2575,Ceiling,8,0.001953125,0.9999052684117342,2048.0,0.5,False,,,3020311399
1,12,2,100.0,0.494654,0.0,0.0,0.709254,0.0087890625,0.00439453125,7.710241334279999e-10,2.21548501530651e-11,2575,Ceiling,11,0.002685546875,0.9999219494967276,2048.0,0.5,False,,,3020311399
1,12,2,100.0,0.494654,0.0,0.0,0.709254,0.0087890625,0.00439453125,7.710241334279999e-10,2.21548501530651e-11,2575,Ceiling,14,0.00341796875,0.9999385638725931,2048.0,0.5,False,,,3020311399
1,12,2,100.0,0.494654,0.0,0.0,0.709254,0.0087890625,0.00439453125,7.710241334279999e-10,2.21548501530651e-11,2575,Ceiling,18,0.00439453125,0.999960716053472,2048.0,0.5,False,,,3020311399
1,12,2,100.0,0.494654,0.0,0.0,0.709254,0.0087890625,0.00439453125,7.710241334279999e-10,2.21548501530651e-11,2575,Ceiling,23,0.005615234375,0.9999752200052716,2048.0,0.5,False,,,3020311399
1,12,2,100.0,0.494654,0.0,0.0,0.709254,0.0087890625,0.00439453125,7.710241334279999e-10,2.21548501530651e-11,2575,Ceiling,31,0.007568359375,0.9999912304521664,2048.0,0.5,False,,,3020311399
1,12,2,100.0,0.494654,0.0,0.0,0.709254,0.0087890625,0.00439453125,7.710241334279999e-10,2.21548501530651e-11,2575,Ceiling,40,0.009765625,0.9999999906776139,2048.0,0.5,False,,,3020311399
1,12,2,100.0,0.494654,0.0,0.0,0.709254,0.0087890625,0.00439453125,7.710241334279999e-10,2.21548501530651e-11,2575,Ceiling,52,0.0126953125,0.9999999932086184,2048.0,0.5,False,,,3020311399
1,12,2,100.0,0.494654,0.0,0.0,0.709254,0.0087890625,0.00439453125,7.710241334279999e-10,2.21548501530651e-11,2575,Ceiling,67,0.016357421875,0.9999999946096816,2048.0,0.5,False,,,3020311399
1,12,2,100.0,0.494654,0.0,0.0,0.709254,0.0087890625,0.00439453125,7.710241334279999e-10,2.21548501530651e-11,2575,Ceiling,87,0.021240234375,0.9999999958527964,2048.0,0.5,False,,,3020311399
1,12,2,100.0,0.494654,0.0,0.0,0.709254,0.0087890625,0.00439453125,7.710241334279999e-10,2.21548501530651e-11,2575,Ceiling,114,0.02783203125,0.9999999972071644,2048.0,0.5,False,,,3020311399
1,12,2,100.0,0.494654,0.0,0.0,0.709254,0.0087890625,0.00439453125,7.710241334279999e-10,2.21548501530651e-11,2575,Ceiling,148,0.0361328125,0.999999998361235,2048.0,0.5,False,,,3020311399
1,12,2,100.0,0.494654,0.0,0.0,0.709254,0.0087890625,0.00439453125,7.710241334279999e-10,2.21548501530651e-11,2575,Ceiling,192,0.046875,0.9999999993649707,2048.0,0.5,False,,,3020311399
1,12,2,100.0,0.494654,0.0,0.0,0.709254,0.0087890625,0.00439453125,7.710241334279999e-10,2.21548501530651e-11,2575,Ceiling,250,0.06103515625,0.9999999999993299,2048.0,0.5,False,,,3020311399
1,12,2,100.0,0.494654,0.0,0.0,0.709254,0.0087890625,0.00439453125,7.710241334279999e-10,2.21548501530651e-11,2575,Ceiling,325,0.079345703125,0.9999999999998006,2048.0,0.5,False,,,3020311399
1,12,2,100.0,0.494654,0.0,0.0,0.709254,0.0087890625,0.00439453125,7.710241334279999e-10,2.21548501530651e-11,2575,Ceiling,423,0.103271484375,0.9999999999999455,2048.0,0.5,False,,,3020311399
1,12,2,100.0,0.494654,0.0,0.0,0.709254,0.0087890625,0.00439453125,7.710241334279999e-10,2.21548501530651e-11,2575,Ceiling,550,0.13427734375,0.9999999999999947,2048.0,0.5,False,,,3020311399
1,12,2,100.0,0.494654,0.0,0.0,0.709254,0.0087890625,0.00439453125,7.710241334279999e-10,2.21548501530651e-11,2575,Ceiling,715,0.174560546875,0.9999999999999991,2048.0,0.5,False,,,3020311399
1,12,2,100.0,0.494654,0.0,0.0,0.709254,0.0087890625,0.00439453125,7.710241334279999e-10,2.21548501530651e-11,2575,Ceiling,931,0.227294921875,0.9999999999999991,2048.0,0.5,False,,,3020311399
1,12,2,100.0,0.494654,0.0,0.0,0.709254,0.0087890625,0.00439453125,7.710241334279999e-10,2.21548501530651e-11,2575,Ceiling,1210,0.29541015625,0.9999999999999991,2048.0,0.5,False,,,3020311399
1,12,2,100.0,0.494654,0.0,0.0,0.709254,0.0087890625,0.00439453125,7.710241334279999e-10,2.21548501530651e-11,2575,Ceiling,1575,0.384521484375,0.9999999999999991,2048.0,0.5,False,,,3020311399
1,12,2,100.0,0.494654,0.0,0.0,0.709254,0.0087890625,0.00439453125,7.710241334279999e-10,2.21548501530651e-11,2575,Ceiling,2048,0.5,0.9999999999999991,2048.0,0.5,False,,,3020311399
1,12,2,100.0,0.494654,0.0,0.0,0.709254,0.0087890625,0.00439453125,7.710241334279999e-10,5.571560404216685e-06,2469,BARK,1,0.000244140625,5.571560404216685e-06,924.0,0.2255859375,True,,,3020311399
1,12,2,100.0,0.494654,0.0,0.0,0.709254,0.0087890625,0.00439453125,7.710241334279999e-10,5.571560404216685e-06,2469,BARK,2,0.00048828125,0.5014460716072766,924.0,0.2255859375,True,,,3020311399
1,12,2,100.0,0.494654,0.0,0.0,0.709254,0.0087890625,0.00439453125,7.710241334279999e-10,5.571560404216685e-06,2469,BARK,3,0.000732421875,0.5014516430871258,924.0,0.2255859375,True,,,3020311399
1,12,2,100.0,0.494654,0.0,0.0,0.709254,0.0087890625,0.00439453125,7.710241334279999e-10,5.571560404216685e-06,2469,BARK,4,0.0009765625,0.5014516431490411,924.0,0.2255859375,True,,,3020311399
1,12,2,100.0,0.494654,0.0,0.0,0.709254,0.0087890625,0.00439453125,7.710241334279999e-10,5.571560404216685e-06,2469,BARK,5,0.001220703125,0.5014516431490471,924.0,0.2255859375,True,,,3020311399
1,12,2,100.0,0.494654,0.0,0.0,0.709254,0.0087890625,0.00439453125,7.710241334279999e-10,5.571560404216685e-06,2469,BARK,6,0.00146484375,0.5014516432535402,924.0,0.2255859375,True,,,3020311399
1,12,2,100.0,0.494654,0.0,0.0,0.709254,0.0087890625,0.00439453125,7.710241334279999e-10,5.571560404216685e-06,2469,BARK,8,0.001953125,0.5014572151552712,924.0,0.2255859375,True,,,3020311399
1,12,2,100.0,0.494654,0.0,0.0,0.709254,0.0087890625,0.00439453125,7.710241334279999e-10,5.571560404216685e-06,2469,BARK,11,0.002685546875,0.5014592210461724,924.0,0.2255859375,True,,,3020311399
1,12,2,100.0,0.494654,0.0,0.0,0.709254,0.0087890625,0.00439453125,7.710241334279999e-10,5.571560404216685e-06,2469,BARK,14,0.00341796875,0.5014647927272627,924.0,0.2255859375,True,,,3020311399
1,12,2,100.0,0.494654,0.0,0.0,0.709254,0.0087890625,0.00439453125,7.710241334279999e-10,5.571560404216685e-06,2469,BARK,18,0.00439453125,0.5014647927613146,924.0,0.2255859375,True,,,3020311399
1,12,2,100.0,0.494654,0.0,0.0,0.709254,0.0087890625,0.00439453125,7.710241334279999e-10,5.571560404216685e-06,2469,BARK,23,0.005615234375,0.5014723704657263,924.0,0.2255859375,True,,,3020311399
1,12,2,100.0,0.494654,0.0,0.0,0.709254,0.0087890625,0.00439453125,7.710241334279999e-10,5.571560404216685e-06,2469,BARK,31,0.007568359375,0.5014723706119157,924.0,0.2255859375,True,,,3020311399
1,12,2,100.0,0.494654,0.0,0.0,0.709254,0.0087890625,0.00439453125,7.710241334279999e-10,5.571560404216685e-06,2469,BARK,40,0.009765625,0.5014723707086924,924.0,0.2255859375,True,,,3020311399
1,12,2,100.0,0.494654,0.0,0.0,0.709254,0.0087890625,0.00439453125,7.710241334279999e-10,5.571560404216685e-06,2469,BARK,52,0.0126953125,0.5014743766357728,924.0,0.2255859375,True,,,3020311399
1,12,2,100.0,0.494654,0.0,0.0,0.709254,0.0087890625,0.00439453125,7.710241334279999e-10,5.571560404216685e-06,2469,BARK,67,0.016357421875,0.5014850885443115,924.0,0.2255859375,True,,,3020311399
1,12,2,100.0,0.494654,0.0,0.0,0.709254,0.0087890625,0.00439453125,7.710241334279999e-10,5.571560404216685e-06,2469,BARK,87,0.021240234375,0.5014850887886152,924.0,0.2255859375,True,,,3020311399
1,12,2,100.0,0.494654,0.0,0.0,0.709254,0.0087890625,0.00439453125,7.710241334279999e-10,5.571560404216685e-06,2469,BARK,114,0.02783203125,0.5014962327721619,924.0,0.2255859375,True,,,3020311399
1,12,2,100.0,0.494654,0.0,0.0,0.709254,0.0087890625,0.00439453125,7.710241334279999e-10,5.571560404216685e-06,2469,BARK,148,0.0361328125,0.5015013730667777,924.0,0.2255859375,True,,,3020311399
1,12,2,100.0,0.494654,0.0,0.0,0.709254,0.0087890625,0.00439453125,7.710241334279999e-10,5.571560404216685e-06,2469,BARK,192,0.046875,0.5015047722172685,924.0,0.2255859375,True,,,3020311399
1,12,2,100.0,0.494654,0.0,0.0,0.709254,0.0087890625,0.00439453125,7.710241334279999e-10,5.571560404216685e-06,2469,BARK,250,0.06103515625,0.5015047727144425,924.0,0.2255859375,True,,,3020311399
1,12,2,100.0,0.494654,0.0,0.0,0.709254,0.0087890625,0.00439453125,7.710241334279999e-10,5.571560404216685e-06,2469,BARK,325,0.079345703125,0.5015047729643868,924.0,0.2255859375,True,,,3020311399
1,12,2,100.0,0.494654,0.0,0.0,0.709254,0.0087890625,0.00439453125,7.710241334279999e-10,5.571560404216685e-06,2469,BARK,423,0.103271484375,0.5015047731587865,924.0,0.2255859375,True,,,3020311399
1,12,2,100.0,0.494654,0.0,0.0,0.709254,0.0087890625,0.00439453125,7.710241334279999e-10,5.571560404216685e-06,2469,BARK,550,0.13427734375,0.5015047732337459,924.0,0.2255859375,True,,,3020311399
1,12,2,100.0,0.494654,0.0,0.0,0.709254,0.0087890625,0.00439453125,7.710241334279999e-10,5.571560404216685e-06,2469,BARK,715,0.174560546875,0.5015047957785539,924.0,0.2255859375,True,,,3020311399
1,12,2,100.0,0.494654,0.0,0.0,0.709254,0.0087890625,0.00439453125,7.710241334279999e-10,5.571560404216685e-06,2469,BARK,931,0.227294921875,0.5015082047607258,924.0,0.2255859375,True,,,3020311399
1,12,2,100.0,0.494654,0.0,0.0,0.709254,0.0087890625,0.00439453125,7.710241334279999e-10,5.571560404216685e-06,2469,BARK,1210,0.29541015625,0.5015082047607258,924.0,0.2255859375,True,,,3020311399
1,12,2,100.0,0.494654,0.0,0.0,0.709254,0.0087890625,0.00439453125,7.710241334279999e-10,5.571560404216685e-06,2469,BARK,1575,0.384521484375,0.5015082047607258,924.0,0.2255859375,True,,,3020311399
1,12,2,100.0,0.494654,0.0,0.0,0.709254,0.0087890625,0.00439453125,7.710241334279999e-10,5.571560404216685e-06,2469,BARK,2048,0.5,0.5015082047607258,924.0,0.2255859375,True,,,3020311399
1,12,2,100.0,0.494654,0.0,0.0,0.709254,0.0087890625,0.00439453125,7.710241334279999e-10,5.571560404216685e-06,2469,Simplified BARK,1,0.000244140625,5.571560404216685e-06,924.0,0.2255859375,True,,,3020311399
1,12,2,100.0,0.494654,0.0,0.0,0.709254,0.0087890625,0.00439453125,7.710241334279999e-10,5.571560404216685e-06,2469,Simplified BARK,2,0.00048828125,0.5014460716072766,924.0,0.2255859375,True,,,3020311399
1,12,2,100.0,0.494654,0.0,0.0,0.709254,0.0087890625,0.00439453125,7.710241334279999e-10,5.571560404216685e-06,2469,Simplified BARK,3,0.000732421875,0.5014480774202741,924.0,0.2255859375,True,,,3020311399
1,12,2,100.0,0.494654,0.0,0.0,0.709254,0.0087890625,0.00439453125,7.710241334279999e-10,5.571560404216685e-06,2469,Simplified BARK,4,0.0009765625,0.5014480774338559,924.0,0.2255859375,True,,,3020311399
1,12,2,100.0,0.494654,0.0,0.0,0.709254,0.0087890625,0.00439453125,7.710241334279999e-10,5.571560404216685e-06,2469,Simplified BARK,5,0.001220703125,0.501448077433856,924.0,0.2255859375,True,,,3020311399
1,12,2,100.0,0.494654,0.0,0.0,0.709254,0.0087890625,0.00439453125,7.710241334279999e-10,5.571560404216685e-06,2469,Simplified BARK,6,0.00146484375,0.501448077433856,924.0,0.2255859375,True,,,3020311399
1,12,2,100.0,0.494654,0.0,0.0,0.709254,0.0087890625,0.00439453125,7.710241334279999e-10,5.571560404216685e-06,2469,Simplified BARK,8,0.001953125,0.501448077433856,924.0,0.2255859375,True,,,3020311399
1,12,2,100.0,0.494654,0.0,0.0,0.709254,0.0087890625,0.00439453125,7.710241334279999e-10,5.571560404216685e-06,2469,Simplified BARK,11,0.002685546875,0.501448077433856,924.0,0.2255859375,True,,,3020311399
1,12,2,100.0,0.494654,0.0,0.0,0.709254,0.0087890625,0.00439453125,7.710241334279999e-10,5.571560404216685e-06,2469,Simplified BARK,14,0.00341796875,0.501448077433856,924.0,0.2255859375,True,,,3020311399
1,12,2,100.0,0.494654,0.0,0.0,0.709254,0.0087890625,0.00439453125,7.710241334279999e-10,5.571560404216685e-06,2469,Simplified BARK,18,0.00439453125,0.501448077433856,924.0,0.2255859375,True,,,3020311399
1,12,2,100.0,0.494654,0.0,0.0,0.709254,0.0087890625,0.00439453125,7.710241334279999e-10,5.571560404216685e-06,2469,Simplified BARK,23,0.005615234375,0.501448077433856,924.0,0.2255859375,True,,,3020311399
1,12,2,100.0,0.494654,0.0,0.0,0.709254,0.0087890625,0.00439453125,7.710241334279999e-10,5.571560404216685e-06,2469,Simplified BARK,31,0.007568359375,0.5014480774338563,924.0,0.2255859375,True,,,3020311399
1,12,2,100.0,0.494654,0.0,0.0,0.709254,0.0087890625,0.00439453125,7.710241334279999e-10,5.571560404216685e-06,2469,Simplified BARK,40,0.009765625,0.5014480774338567,924.0,0.2255859375,True,,,3020311399
1,12,2,100.0,0.494654,0.0,0.0,0.709254,0.0087890625,0.00439453125,7.710241334279999e-10,5.571560404216685e-06,2469,Simplified BARK,52,0.0126953125,0.5014480774580008,924.0,0.2255859375,True,,,3020311399
1,12,2,100.0,0.494654,0.0,0.0,0.709254,0.0087890625,0.00439453125,7.710241334279999e-10,5.571560404216685e-06,2469,Simplified BARK,67,0.016357421875,0.5014480774580012,924.0,0.2255859375,True,,,3020311399
1,12,2,100.0,0.494654,0.0,0.0,0.709254,0.0087890625,0.00439453125,7.710241334279999e-10,5.571560404216685e-06,2469,Simplified BARK,87,0.021240234375,0.501448077542458,924.0,0.2255859375,True,,,3020311399
1,12,2,100.0,0.494654,0.0,0.0,0.709254,0.0087890625,0.00439453125,7.710241334279999e-10,5.571560404216685e-06,2469,Simplified BARK,114,0.02783203125,0.5014480775424583,924.0,0.2255859375,True,,,3020311399
1,12,2,100.0,0.494654,0.0,0.0,0.709254,0.0087890625,0.00439453125,7.710241334279999e-10,5.571560404216685e-06,2469,Simplified BARK,148,0.0361328125,0.5014480775666235,924.0,0.2255859375,True,,,3020311399
1,12,2,100.0,0.494654,0.0,0.0,0.709254,0.0087890625,0.00439453125,7.710241334279999e-10,5.571560404216685e-06,2469,Simplified BARK,192,0.046875,0.5014512116811629,924.0,0.2255859375,True,,,3020311399
1,12,2,100.0,0.494654,0.0,0.0,0.709254,0.0087890625,0.00439453125,7.710241334279999e-10,5.571560404216685e-06,2469,Simplified BARK,250,0.06103515625,0.501456783585305,924.0,0.2255859375,True,,,3020311399
1,12,2,100.0,0.494654,0.0,0.0,0.709254,0.0087890625,0.00439453125,7.710241334279999e-10,5.571560404216685e-06,2469,Simplified BARK,325,0.079345703125,0.5014896157703497,924.0,0.2255859375,True,,,3020311399
1,12,2,100.0,0.494654,0.0,0.0,0.709254,0.0087890625,0.00439453125,7.710241334279999e-10,5.571560404216685e-06,2469,Simplified BARK,423,0.103271484375,0.5014971941438818,924.0,0.2255859375,True,,,3020311399
1,12,2,100.0,0.494654,0.0,0.0,0.709254,0.0087890625,0.00439453125,7.710241334279999e-10,5.571560404216685e-06,2469,Simplified BARK,550,0.13427734375,0.5014992006490693,924.0,0.2255859375,True,,,3020311399
1,12,2,100.0,0.494654,0.0,0.0,0.709254,0.0087890625,0.00439453125,7.710241334279999e-10,5.571560404216685e-06,2469,Simplified BARK,715,0.174560546875,0.5014994628305016,924.0,0.2255859375,True,,,3020311399
1,12,2,100.0,0.494654,0.0,0.0,0.709254,0.0087890625,0.00439453125,7.710241334279999e-10,5.571560404216685e-06,2469,Simplified BARK,931,0.227294921875,0.5015069568756644,924.0,0.2255859375,True,,,3020311399
1,12,2,100.0,0.494654,0.0,0.0,0.709254,0.0087890625,0.00439453125,7.710241334279999e-10,5.571560404216685e-06,2469,Simplified BARK,1210,0.29541015625,0.5015069568756644,924.0,0.2255859375,True,,,3020311399
1,12,2,100.0,0.494654,0.0,0.0,0.709254,0.0087890625,0.00439453125,7.710241334279999e-10,5.571560404216685e-06,2469,Simplified BARK,1575,0.384521484375,0.5015069568756644,924.0,0.2255859375,True,,,3020311399
1,12,2,100.0,0.494654,0.0,0.0,0.709254,0.0087890625,0.00439453125,7.710241334279999e-10,5.571560404216685e-06,2469,Simplified BARK,2048,0.5,0.5015069568756644,924.0,0.2255859375,True,,,3020311399
1,12,2,100.0,0.494654,0.0,0.0,0.709254,0.0087890625,0.00439453125,7.710241334279999e-10,5.571560404216685e-06,2469,SKQD,1,0.000244140625,5.571560404216685e-06,14.333333333333334,0.0034993489583333335,True,0.15,1000.0,3020311399
1,12,2,100.0,0.494654,0.0,0.0,0.709254,0.0087890625,0.00439453125,7.710241334279999e-10,5.571560404216685e-06,2469,SKQD,2,0.00048828125,5.571579442176412e-06,14.333333333333334,0.0034993489583333335,True,0.15,1000.0,3020311399
1,12,2,100.0,0.494654,0.0,0.0,0.709254,0.0087890625,0.00439453125,7.710241334279999e-10,5.571560404216685e-06,2469,SKQD,3,0.000732421875,5.5715795943406974e-06,14.333333333333334,0.0034993489583333335,True,0.15,1000.0,3020311399
1,12,2,100.0,0.494654,0.0,0.0,0.709254,0.0087890625,0.00439453125,7.710241334279999e-10,5.571560404216685e-06,2469,SKQD,4,0.0009765625,5.571802672891656e-06,14.333333333333334,0.0034993489583333335,True,0.15,1000.0,3020311399
1,12,2,100.0,0.494654,0.0,0.0,0.709254,0.0087890625,0.00439453125,7.710241334279999e-10,5.571560404216685e-06,2469,SKQD,5,0.001220703125,6.443397111016151e-06,14.333333333333334,0.0034993489583333335,True,0.15,1000.0,3020311399
1,12,2,100.0,0.494654,0.0,0.0,0.709254,0.0087890625,0.00439453125,7.710241334279999e-10,5.571560404216685e-06,2469,SKQD,6,0.00146484375,7.3957833478773654e-06,14.333333333333334,0.0034993489583333335,True,0.15,1000.0,3020311399
1,12,2,100.0,0.494654,0.0,0.0,0.709254,0.0087890625,0.00439453125,7.710241334279999e-10,5.571560404216685e-06,2469,SKQD,8,0.001953125,5.710781447906601e-06,14.333333333333334,0.0034993489583333335,True,0.15,1000.0,3020311399
1,12,2,100.0,0.494654,0.0,0.0,0.709254,0.0087890625,0.00439453125,7.710241334279999e-10,5.571560404216685e-06,2469,SKQD,11,0.002685546875,9.917156226428385e-06,14.333333333333334,0.0034993489583333335,True,0.15,1000.0,3020311399
1,12,2,100.0,0.494654,0.0,0.0,0.709254,0.0087890625,0.00439453125,7.710241334279999e-10,5.571560404216685e-06,2469,SKQD,14,0.00341796875,1.079633234764218e-05,14.333333333333334,0.0034993489583333335,True,0.15,1000.0,3020311399
1,12,2,100.0,0.494654,0.0,0.0,0.709254,0.0087890625,0.00439453125,7.710241334279999e-10,5.571560404216685e-06,2469,SKQD,18,0.00439453125,1.079633234764081e-05,14.333333333333334,0.0034993489583333335,True,0.15,1000.0,3020311399
1,12,2,100.0,0.494654,0.0,0.0,0.709254,0.0087890625,0.00439453125,7.710241334279999e-10,5.571560404216685e-06,2469,SKQD,23,0.005615234375,1.079633234764081e-05,14.333333333333334,0.0034993489583333335,True,0.15,1000.0,3020311399
1,12,2,100.0,0.494654,0.0,0.0,0.709254,0.0087890625,0.00439453125,7.710241334279999e-10,5.571560404216685e-06,2469,SKQD,31,0.007568359375,1.079633234764081e-05,14.333333333333334,0.0034993489583333335,True,0.15,1000.0,3020311399
1,12,2,100.0,0.494654,0.0,0.0,0.709254,0.0087890625,0.00439453125,7.710241334279999e-10,5.571560404216685e-06,2469,SKQD,40,0.009765625,1.079633234764081e-05,14.333333333333334,0.0034993489583333335,True,0.15,1000.0,3020311399
1,12,2,100.0,0.494654,0.0,0.0,0.709254,0.0087890625,0.00439453125,7.710241334279999e-10,5.571560404216685e-06,2469,SKQD,52,0.0126953125,1.079633234764081e-05,14.333333333333334,0.0034993489583333335,True,0.15,1000.0,3020311399
1,12,2,100.0,0.494654,0.0,0.0,0.709254,0.0087890625,0.00439453125,7.710241334279999e-10,5.571560404216685e-06,2469,SKQD,67,0.016357421875,1.079633234764081e-05,14.333333333333334,0.0034993489583333335,True,0.15,1000.0,3020311399
1,12,2,100.0,0.494654,0.0,0.0,0.709254,0.0087890625,0.00439453125,7.710241334279999e-10,5.571560404216685e-06,2469,SKQD,87,0.021240234375,1.079633234764081e-05,14.333333333333334,0.0034993489583333335,True,0.15,1000.0,3020311399
1,12,2,100.0,0.494654,0.0,0.0,0.709254,0.0087890625,0.00439453125,7.710241334279999e-10,5.571560404216685e-06,2469,SKQD,114,0.02783203125,1.079633234764081e-05,14.333333333333334,0.0034993489583333335,True,0.15,1000.0,3020311399
1,12,2,100.0,0.494654,0.0,0.0,0.709254,0.0087890625,0.00439453125,7.710241334279999e-10,5.571560404216685e-06,2469,SKQD,148,0.0361328125,1.079633234764081e-05,14.333333333333334,0.0034993489583333335,True,0.15,1000.0,3020311399
1,12,2,100.0,0.494654,0.0,0.0,0.709254,0.0087890625,0.00439453125,7.710241334279999e-10,5.571560404216685e-06,2469,SKQD,192,0.046875,1.079633234764081e-05,14.333333333333334,0.0034993489583333335,True,0.15,1000.0,3020311399
1,12,2,100.0,0.494654,0.0,0.0,0.709254,0.0087890625,0.00439453125,7.710241334279999e-10,5.571560404216685e-06,2469,SKQD,250,0.06103515625,1.079633234764081e-05,14.333333333333334,0.0034993489583333335,True,0.15,1000.0,3020311399
1,12,2,100.0,0.494654,0.0,0.0,0.709254,0.0087890625,0.00439453125,7.710241334279999e-10,5.571560404216685e-06,2469,SKQD,325,0.079345703125,1.079633234764081e-05,14.333333333333334,0.0034993489583333335,True,0.15,1000.0,3020311399
1,12,2,100.0,0.494654,0.0,0.0,0.709254,0.0087890625,0.00439453125,7.710241334279999e-10,5.571560404216685e-06,2469,SKQD,423,0.103271484375,1.079633234764081e-05,14.333333333333334,0.0034993489583333335,True,0.15,1000.0,3020311399
1,12,2,100.0,0.494654,0.0,0.0,0.709254,0.0087890625,0.00439453125,7.710241334279999e-10,5.571560404216685e-06,2469,SKQD,550,0.13427734375,1.079633234764081e-05,14.333333333333334,0.0034993489583333335,True,0.15,1000.0,3020311399
1,12,2,100.0,0.494654,0.0,0.0,0.709254,0.0087890625,0.00439453125,7.710241334279999e-10,5.571560404216685e-06,2469,SKQD,715,0.174560546875,1.079633234764081e-05,14.333333333333334,0.0034993489583333335,True,0.15,1000.0,3020311399
1,12,2,100.0,0.494654,0.0,0.0,0.709254,0.0087890625,0.00439453125,7.710241334279999e-10,5.571560404216685e-06,2469,SKQD,931,0.227294921875,1.079633234764081e-05,14.333333333333334,0.0034993489583333335,True,0.15,1000.0,3020311399
1,12,2,100.0,0.494654,0.0,0.0,0.709254,0.0087890625,0.00439453125,7.710241334279999e-10,5.571560404216685e-06,2469,SKQD,1210,0.29541015625,1.079633234764081e-05,14.333333333333334,0.0034993489583333335,True,0.15,1000.0,3020311399
1,12,2,100.0,0.494654,0.0,0.0,0.709254,0.0087890625,0.00439453125,7.710241334279999e-10,5.571560404216685e-06,2469,SKQD,1575,0.384521484375,1.079633234764081e-05,14.333333333333334,0.0034993489583333335,True,0.15,1000.0,3020311399
1,12,2,100.0,0.494654,0.0,0.0,0.709254,0.0087890625,0.00439453125,7.710241334279999e-10,5.571560404216685e-06,2469,SKQD,2048,0.5,1.079633234764081e-05,14.333333333333334,0.0034993489583333335,True,0.15,1000.0,3020311399
1,12,2,100.0,0.494654,0.0,0.0,0.709254,0.0087890625,0.00439453125,7.710241334279999e-10,5.571560404216685e-06,2469,Ceiling,1,0.000244140625,0.5014405000468731,2048.0,0.5,False,,,3020311399
1,12,2,100.0,0.494654,0.0,0.0,0.709254,0.0087890625,0.00439453125,7.710241334279999e-10,5.571560404216685e-06,2469,Ceiling,2,0.00048828125,0.9998718392104122,2048.0,0.5,False,,,3020311399
1,12,2,100.0,0.494654,0.0,0.0,0.709254,0.0087890625,0.00439453125,7.710241334279999e-10,5.571560404216685e-06,2469,Ceiling,3,0.000732421875,0.9998774107708165,2048.0,0.5,False,,,3020311399
1,12,2,100.0,0.494654,0.0,0.0,0.709254,0.0087890625,0.00439453125,7.710241334279999e-10,5.571560404216685e-06,2469,Ceiling,4,0.0009765625,0.9998829823312207,2048.0,0.5,False,,,3020311399
1,12,2,100.0,0.494654,0.0,0.0,0.709254,0.0087890625,0.00439453125,7.710241334279999e-10,5.571560404216685e-06,2469,Ceiling,5,0.001220703125,0.999888553891625,2048.0,0.5,False,,,3020311399
1,12,2,100.0,0.494654,0.0,0.0,0.709254,0.0087890625,0.00439453125,7.710241334279999e-10,5.571560404216685e-06,2469,Ceiling,6,0.00146484375,0.9998941254520293,2048.0,0.5,False,,,3020311399
1,12,2,100.0,0.494654,0.0,0.0,0.709254,0.0087890625,0.00439453125,7.710241334279999e-10,5.571560404216685e-06,2469,Ceiling,8,0.001953125,0.9999052684117342,2048.0,0.5,False,,,3020311399
1,12,2,100.0,0.494654,0.0,0.0,0.709254,0.0087890625,0.00439453125,7.710241334279999e-10,5.571560404216685e-06,2469,Ceiling,11,0.002685546875,0.9999219494967276,2048.0,0.5,False,,,3020311399
1,12,2,100.0,0.494654,0.0,0.0,0.709254,0.0087890625,0.00439453125,7.710241334279999e-10,5.571560404216685e-06,2469,Ceiling,14,0.00341796875,0.9999385638725931,2048.0,0.5,False,,,3020311399
1,12,2,100.0,0.494654,0.0,0.0,0.709254,0.0087890625,0.00439453125,7.710241334279999e-10,5.571560404216685e-06,2469,Ceiling,18,0.00439453125,0.999960716053472,2048.0,0.5,False,,,3020311399
1,12,2,100.0,0.494654,0.0,0.0,0.709254,0.0087890625,0.00439453125,7.710241334279999e-10,5.571560404216685e-06,2469,Ceiling,23,0.005615234375,0.9999752200052716,2048.0,0.5,False,,,3020311399
1,12,2,100.0,0.494654,0.0,0.0,0.709254,0.0087890625,0.00439453125,7.710241334279999e-10,5.571560404216685e-06,2469,Ceiling,31,0.007568359375,0.9999912304521664,2048.0,0.5,False,,,3020311399
1,12,2,100.0,0.494654,0.0,0.0,0.709254,0.0087890625,0.00439453125,7.710241334279999e-10,5.571560404216685e-06,2469,Ceiling,40,0.009765625,0.9999999906776139,2048.0,0.5,False,,,3020311399
1,12,2,100.0,0.494654,0.0,0.0,0.709254,0.0087890625,0.00439453125,7.710241334279999e-10,5.571560404216685e-06,2469,Ceiling,52,0.0126953125,0.9999999932086184,2048.0,0.5,False,,,3020311399
1,12,2,100.0,0.494654,0.0,0.0,0.709254,0.0087890625,0.00439453125,7.710241334279999e-10,5.571560404216685e-06,2469,Ceiling,67,0.016357421875,0.9999999946096816,2048.0,0.5,False,,,3020311399
1,12,2,100.0,0.494654,0.0,0.0,0.709254,0.0087890625,0.00439453125,7.710241334279999e-10,5.571560404216685e-06,2469,Ceiling,87,0.021240234375,0.9999999958527964,2048.0,0.5,False,,,3020311399
1,12,2,100.0,0.494654,0.0,0.0,0.709254,0.0087890625,0.00439453125,7.710241334279999e-10,5.571560404216685e-06,2469,Ceiling,114,0.02783203125,0.9999999972071644,2048.0,0.5,False,,,3020311399
1,12,2,100.0,0.494654,0.0,0.0,0.709254,0.0087890625,0.00439453125,7.710241334279999e-10,5.571560404216685e-06,2469,Ceiling,148,0.0361328125,0.999999998361235,2048.0,0.5,False,,,3020311399
1,12,2,100.0,0.494654,0.0,0.0,0.709254,0.0087890625,0.00439453125,7.710241334279999e-10,5.571560404216685e-06,2469,Ceiling,192,0.046875,0.9999999993649707,2048.0,0.5,False,,,3020311399
1,12,2,100.0,0.494654,0.0,0.0,0.709254,0.0087890625,0.00439453125,7.710241334279999e-10,5.571560404216685e-06,2469,Ceiling,250,0.06103515625,0.9999999999993299,2048.0,0.5,False,,,3020311399
1,12,2,100.0,0.494654,0.0,0.0,0.709254,0.0087890625,0.00439453125,7.710241334279999e-10,5.571560404216685e-06,2469,Ceiling,325,0.079345703125,0.9999999999998006,2048.0,0.5,False,,,3020311399
1,12,2,100.0,0.494654,0.0,0.0,0.709254,0.0087890625,0.00439453125,7.710241334279999e-10,5.571560404216685e-06,2469,Ceiling,423,0.103271484375,0.9999999999999455,2048.0,0.5,False,,,3020311399
1,12,2,100.0,0.494654,0.0,0.0,0.709254,0.0087890625,0.00439453125,7.710241334279999e-10,5.571560404216685e-06,2469,Ceiling,550,0.13427734375,0.9999999999999947,2048.0,0.5,False,,,3020311399
1,12,2,100.0,0.494654,0.0,0.0,0.709254,0.0087890625,0.00439453125,7.710241334279999e-10,5.571560404216685e-06,2469,Ceiling,715,0.174560546875,0.9999999999999991,2048.0,0.5,False,,,3020311399
1,12,2,100.0,0.494654,0.0,0.0,0.709254,0.0087890625,0.00439453125,7.710241334279999e-10,5.571560404216685e-06,2469,Ceiling,931,0.227294921875,0.9999999999999991,2048.0,0.5,False,,,3020311399
1,12,2,100.0,0.494654,0.0,0.0,0.709254,0.0087890625,0.00439453125,7.710241334279999e-10,5.571560404216685e-06,2469,Ceiling,1210,0.29541015625,0.9999999999999991,2048.0,0.5,False,,,3020311399
1,12,2,100.0,0.494654,0.0,0.0,0.709254,0.0087890625,0.00439453125,7.710241334279999e-10,5.571560404216685e-06,2469,Ceiling,1575,0.384521484375,0.9999999999999991,2048.0,0.5,False,,,3020311399
1,12,2,100.0,0.494654,0.0,0.0,0.709254,0.0087890625,0.00439453125,7.710241334279999e-10,5.571560404216685e-06,2469,Ceiling,2048,0.5,0.9999999999999991,2048.0,0.5,False,,,3020311399
1,12,2,100.0,0.494654,0.0,0.0,0.709254,0.0087890625,0.00439453125,7.710241334279999e-10,2.005812999751748e-06,1925,BARK,1,0.000244140625,2.005812999751748e-06,924.0,0.2255859375,True,,,3020311399
1,12,2,100.0,0.494654,0.0,0.0,0.709254,0.0087890625,0.00439453125,7.710241334279999e-10,2.005812999751748e-06,1925,BARK,2,0.00048828125,0.5014425058598723,924.0,0.2255859375,True,,,3020311399
1,12,2,100.0,0.494654,0.0,0.0,0.709254,0.0087890625,0.00439453125,7.710241334279999e-10,2.005812999751748e-06,1925,BARK,3,0.000732421875,0.5014480773397236,924.0,0.2255859375,True,,,3020311399
1,12,2,100.0,0.494654,0.0,0.0,0.709254,0.0087890625,0.00439453125,7.710241334279999e-10,2.005812999751748e-06,1925,BARK,4,0.0009765625,0.5014480776071878,924.0,0.2255859375,True,,,3020311399
1,12,2,100.0,0.494654,0.0,0.0,0.709254,0.0087890625,0.00439453125,7.710241334279999e-10,2.005812999751748e-06,1925,BARK,5,0.001220703125,0.5014536492442201,924.0,0.2255859375,True,,,3020311399
1,12,2,100.0,0.494654,0.0,0.0,0.709254,0.0087890625,0.00439453125,7.710241334279999e-10,2.005812999751748e-06,1925,BARK,6,0.00146484375,0.5014536493487086,924.0,0.2255859375,True,,,3020311399
1,12,2,100.0,0.494654,0.0,0.0,0.709254,0.0087890625,0.00439453125,7.710241334279999e-10,2.005812999751748e-06,1925,BARK,8,0.001953125,0.5014592209030243,924.0,0.2255859375,True,,,3020311399
1,12,2,100.0,0.494654,0.0,0.0,0.709254,0.0087890625,0.00439453125,7.710241334279999e-10,2.005812999751748e-06,1925,BARK,11,0.002685546875,0.5014647925030515,924.0,0.2255859375,True,,,3020311399
1,12,2,100.0,0.494654,0.0,0.0,0.709254,0.0087890625,0.00439453125,7.710241334279999e-10,2.005812999751748e-06,1925,BARK,14,0.00341796875,0.5014647929490473,924.0,0.2255859375,True,,,3020311399
1,12,2,100.0,0.494654,0.0,0.0,0.709254,0.0087890625,0.00439453125,7.710241334279999e-10,2.005812999751748e-06,1925,BARK,18,0.00439453125,0.5014699328528122,924.0,0.2255859375,True,,,3020311399
1,12,2,100.0,0.494654,0.0,0.0,0.709254,0.0087890625,0.00439453125,7.710241334279999e-10,2.005812999751748e-06,1925,BARK,23,0.005615234375,0.5014699329224728,924.0,0.2255859375,True,,,3020311399
1,12,2,100.0,0.494654,0.0,0.0,0.709254,0.0087890625,0.00439453125,7.710241334279999e-10,2.005812999751748e-06,1925,BARK,31,0.007568359375,0.5014719389087449,924.0,0.2255859375,True,,,3020311399
1,12,2,100.0,0.494654,0.0,0.0,0.709254,0.0087890625,0.00439453125,7.710241334279999e-10,2.005812999751748e-06,1925,BARK,40,0.009765625,0.5014733319009534,924.0,0.2255859375,True,,,3020311399
1,12,2,100.0,0.494654,0.0,0.0,0.709254,0.0087890625,0.00439453125,7.710241334279999e-10,2.005812999751748e-06,1925,BARK,52,0.0126953125,0.5014789036855738,924.0,0.2255859375,True,,,3020311399
1,12,2,100.0,0.494654,0.0,0.0,0.709254,0.0087890625,0.00439453125,7.710241334279999e-10,2.005812999751748e-06,1925,BARK,67,0.016357421875,0.5014809096648601,924.0,0.2255859375,True,,,3020311399
1,12,2,100.0,0.494654,0.0,0.0,0.709254,0.0087890625,0.00439453125,7.710241334279999e-10,2.005812999751748e-06,1925,BARK,87,0.021240234375,0.5014916218021728,924.0,0.2255859375,True,,,3020311399
1,12,2,100.0,0.494654,0.0,0.0,0.709254,0.0087890625,0.00439453125,7.710241334279999e-10,2.005812999751748e-06,1925,BARK,114,0.02783203125,0.5014916219106,924.0,0.2255859375,True,,,3020311399
1,12,2,100.0,0.494654,0.0,0.0,0.709254,0.0087890625,0.00439453125,7.710241334279999e-10,2.005812999751748e-06,1925,BARK,148,0.0361328125,0.5014992001455367,924.0,0.2255859375,True,,,3020311399
1,12,2,100.0,0.494654,0.0,0.0,0.709254,0.0087890625,0.00439453125,7.710241334279999e-10,2.005812999751748e-06,1925,BARK,192,0.046875,0.5014992006203319,924.0,0.2255859375,True,,,3020311399
1,12,2,100.0,0.494654,0.0,0.0,0.709254,0.0087890625,0.00439453125,7.710241334279999e-10,2.005812999751748e-06,1925,BARK,250,0.06103515625,0.5015047727621146,924.0,0.2255859375,True,,,3020311399
1,12,2,100.0,0.494654,0.0,0.0,0.709254,0.0087890625,0.00439453125,7.710241334279999e-10,2.005812999751748e-06,1925,BARK,325,0.079345703125,0.501504773080212,924.0,0.2255859375,True,,,3020311399
1,12,2,100.0,0.494654,0.0,0.0,0.709254,0.0087890625,0.00439453125,7.710241334279999e-10,2.005812999751748e-06,1925,BARK,423,0.103271484375,0.501504773221857,924.0,0.2255859375,True,,,3020311399
1,12,2,100.0,0.494654,0.0,0.0,0.709254,0.0087890625,0.00439453125,7.710241334279999e-10,2.005812999751748e-06,1925,BARK,550,0.13427734375,0.5015047732734953,924.0,0.2255859375,True,,,3020311399
1,12,2,100.0,0.494654,0.0,0.0,0.709254,0.0087890625,0.00439453125,7.710241334279999e-10,2.005812999751748e-06,1925,BARK,715,0.174560546875,0.5015047968619288,924.0,0.2255859375,True,,,3020311399
1,12,2,100.0,0.494654,0.0,0.0,0.709254,0.0087890625,0.00439453125,7.710241334279999e-10,2.005812999751748e-06,1925,BARK,931,0.227294921875,0.5015015751408568,924.0,0.2255859375,True,,,3020311399
1,12,2,100.0,0.494654,0.0,0.0,0.709254,0.0087890625,0.00439453125,7.710241334279999e-10,2.005812999751748e-06,1925,BARK,1210,0.29541015625,0.5015015751408568,924.0,0.2255859375,True,,,3020311399
1,12,2,100.0,0.494654,0.0,0.0,0.709254,0.0087890625,0.00439453125,7.710241334279999e-10,2.005812999751748e-06,1925,BARK,1575,0.384521484375,0.5015015751408568,924.0,0.2255859375,True,,,3020311399
1,12,2,100.0,0.494654,0.0,0.0,0.709254,0.0087890625,0.00439453125,7.710241334279999e-10,2.005812999751748e-06,1925,BARK,2048,0.5,0.5015015751408568,924.0,0.2255859375,True,,,3020311399
1,12,2,100.0,0.494654,0.0,0.0,0.709254,0.0087890625,0.00439453125,7.710241334279999e-10,2.005812999751748e-06,1925,Simplified BARK,1,0.000244140625,2.005812999751748e-06,924.0,0.2255859375,True,,,3020311399
1,12,2,100.0,0.494654,0.0,0.0,0.709254,0.0087890625,0.00439453125,7.710241334279999e-10,2.005812999751748e-06,1925,Simplified BARK,2,0.00048828125,2.005885456012055e-06,924.0,0.2255859375,True,,,3020311399
1,12,2,100.0,0.494654,0.0,0.0,0.709254,0.0087890625,0.00439453125,7.710241334279999e-10,2.005812999751748e-06,1925,Simplified BARK,3,0.000732421875,4.011370001073458e-06,924.0,0.2255859375,True,,,3020311399
1,12,2,100.0,0.494654,0.0,0.0,0.709254,0.0087890625,0.00439453125,7.710241334279999e-10,2.005812999751748e-06,1925,Simplified BARK,4,0.0009765625,3.984100327742257e-06,924.0,0.2255859375,True,,,3020311399
1,12,2,100.0,0.494654,0.0,0.0,0.709254,0.0087890625,0.00439453125,7.710241334279999e-10,2.005812999751748e-06,1925,Simplified BARK,5,0.001220703125,3.984099882506553e-06,924.0,0.2255859375,True,,,3020311399
1,12,2,100.0,0.494654,0.0,0.0,0.709254,0.0087890625,0.00439453125,7.710241334279999e-10,2.005812999751748e-06,1925,Simplified BARK,6,0.00146484375,3.984099882504327e-06,924.0,0.2255859375,True,,,3020311399
1,12,2,100.0,0.494654,0.0,0.0,0.709254,0.0087890625,0.00439453125,7.710241334279999e-10,2.005812999751748e-06,1925,Simplified BARK,8,0.001953125,3.98409988250433e-06,924.0,0.2255859375,True,,,3020311399
1,12,2,100.0,0.494654,0.0,0.0,0.709254,0.0087890625,0.00439453125,7.710241334279999e-10,2.005812999751748e-06,1925,Simplified BARK,11,0.002685546875,3.984099882499335e-06,924.0,0.2255859375,True,,,3020311399
1,12,2,100.0,0.494654,0.0,0.0,0.709254,0.0087890625,0.00439453125,7.710241334279999e-10,2.005812999751748e-06,1925,Simplified BARK,14,0.00341796875,3.984099882499335e-06,924.0,0.2255859375,True,,,3020311399
1,12,2,100.0,0.494654,0.0,0.0,0.709254,0.0087890625,0.00439453125,7.710241334279999e-10,2.005812999751748e-06,1925,Simplified BARK,18,0.00439453125,3.98409988249565e-06,924.0,0.2255859375,True,,,3020311399
1,12,2,100.0,0.494654,0.0,0.0,0.709254,0.0087890625,0.00439453125,7.710241334279999e-10,2.005812999751748e-06,1925,Simplified BARK,23,0.005615234375,3.984099437111711e-06,924.0,0.2255859375,True,,,3020311399
1,12,2,100.0,0.494654,0.0,0.0,0.709254,0.0087890625,0.00439453125,7.710241334279999e-10,2.005812999751748e-06,1925,Simplified BARK,31,0.007568359375,3.984098192196099e-06,924.0,0.2255859375,True,,,3020311399
1,12,2,100.0,0.494654,0.0,0.0,0.709254,0.0087890625,0.00439453125,7.710241334279999e-10,2.005812999751748e-06,1925,Simplified BARK,40,0.009765625,3.9840981921961024e-06,924.0,0.2255859375,True,,,3020311399
1,12,2,100.0,0.494654,0.0,0.0,0.709254,0.0087890625,0.00439453125,7.710241334279999e-10,2.005812999751748e-06,1925,Simplified BARK,52,0.0126953125,3.674403442463166e-06,924.0,0.2255859375,True,,,3020311399
1,12,2,100.0,0.494654,0.0,0.0,0.709254,0.0087890625,0.00439453125,7.710241334279999e-10,2.005812999751748e-06,1925,Simplified BARK,67,0.016357421875,1.5643088809545397e-06,924.0,0.2255859375,True,,,3020311399
1,12,2,100.0,0.494654,0.0,0.0,0.709254,0.0087890625,0.00439453125,7.710241334279999e-10,2.005812999751748e-06,1925,Simplified BARK,87,0.021240234375,1.7352189079843895e-06,924.0,0.2255859375,True,,,3020311399
1,12,2,100.0,0.494654,0.0,0.0,0.709254,0.0087890625,0.00439453125,7.710241334279999e-10,2.005812999751748e-06,1925,Simplified BARK,114,0.02783203125,2.7085070589304838e-21,924.0,0.2255859375,True,,,3020311399
1,12,2,100.0,0.494654,0.0,0.0,0.709254,0.0087890625,0.00439453125,7.710241334279999e-10,2.005812999751748e-06,1925,Simplified BARK,148,0.0361328125,5.538392920177162e-06,924.0,0.2255859375,True,,,3020311399
1,12,2,100.0,0.494654,0.0,0.0,0.709254,0.0087890625,0.00439453125,7.710241334279999e-10,2.005812999751748e-06,1925,Simplified BARK,192,0.046875,5.538393007554724e-06,924.0,0.2255859375,True,,,3020311399
1,12,2,100.0,0.494654,0.0,0.0,0.709254,0.0087890625,0.00439453125,7.710241334279999e-10,2.005812999751748e-06,1925,Simplified BARK,250,0.06103515625,5.541654596987253e-06,924.0,0.2255859375,True,,,3020311399
1,12,2,100.0,0.494654,0.0,0.0,0.709254,0.0087890625,0.00439453125,7.710241334279999e-10,2.005812999751748e-06,1925,Simplified BARK,325,0.079345703125,0.5014860500285943,924.0,0.2255859375,True,,,3020311399
1,12,2,100.0,0.494654,0.0,0.0,0.709254,0.0087890625,0.00439453125,7.710241334279999e-10,2.005812999751748e-06,1925,Simplified BARK,423,0.103271484375,0.501493628417858,924.0,0.2255859375,True,,,3020311399
1,12,2,100.0,0.494654,0.0,0.0,0.709254,0.0087890625,0.00439453125,7.710241334279999e-10,2.005812999751748e-06,1925,Simplified BARK,550,0.13427734375,0.5014936289338526,924.0,0.2255859375,True,,,3020311399
1,12,2,100.0,0.494654,0.0,0.0,0.709254,0.0087890625,0.00439453125,7.710241334279999e-10,2.005812999751748e-06,1925,Simplified BARK,715,0.174560546875,0.5014994733068542,924.0,0.2255859375,True,,,3020311399
1,12,2,100.0,0.494654,0.0,0.0,0.709254,0.0087890625,0.00439453125,7.710241334279999e-10,2.005812999751748e-06,1925,Simplified BARK,931,0.227294921875,0.5015069568758325,924.0,0.2255859375,True,,,3020311399
1,12,2,100.0,0.494654,0.0,0.0,0.709254,0.0087890625,0.00439453125,7.710241334279999e-10,2.005812999751748e-06,1925,Simplified BARK,1210,0.29541015625,0.5015069568758325,924.0,0.2255859375,True,,,3020311399
1,12,2,100.0,0.494654,0.0,0.0,0.709254,0.0087890625,0.00439453125,7.710241334279999e-10,2.005812999751748e-06,1925,Simplified BARK,1575,0.384521484375,0.5015069568758325,924.0,0.2255859375,True,,,3020311399
1,12,2,100.0,0.494654,0.0,0.0,0.709254,0.0087890625,0.00439453125,7.710241334279999e-10,2.005812999751748e-06,1925,Simplified BARK,2048,0.5,0.5015069568758325,924.0,0.2255859375,True,,,3020311399
1,12,2,100.0,0.494654,0.0,0.0,0.709254,0.0087890625,0.00439453125,7.710241334279999e-10,2.005812999751748e-06,1925,SKQD,1,0.000244140625,2.005812999751748e-06,11.333333333333334,0.0027669270833333335,True,0.02,1000.0,3020311399
1,12,2,100.0,0.494654,0.0,0.0,0.709254,0.0087890625,0.00439453125,7.710241334279999e-10,2.005812999751748e-06,1925,SKQD,2,0.00048828125,2.005805586587687e-06,11.333333333333334,0.0027669270833333335,True,0.02,1000.0,3020311399
1,12,2,100.0,0.494654,0.0,0.0,0.709254,0.0087890625,0.00439453125,7.710241334279999e-10,2.005812999751748e-06,1925,SKQD,3,0.000732421875,1.3375746242810396e-06,11.333333333333334,0.0027669270833333335,True,0.02,1000.0,3020311399
1,12,2,100.0,0.494654,0.0,0.0,0.709254,0.0087890625,0.00439453125,7.710241334279999e-10,2.005812999751748e-06,1925,SKQD,4,0.0009765625,1.3375672719697503e-06,11.333333333333334,0.0027669270833333335,True,0.02,1000.0,3020311399
1,12,2,100.0,0.494654,0.0,0.0,0.709254,0.0087890625,0.00439453125,7.710241334279999e-10,2.005812999751748e-06,1925,SKQD,5,0.001220703125,6.693176350043136e-07,11.333333333333334,0.0027669270833333335,True,0.02,1000.0,3020311399
1,12,2,100.0,0.494654,0.0,0.0,0.709254,0.0087890625,0.00439453125,7.710241334279999e-10,2.005812999751748e-06,1925,SKQD,6,0.00146484375,6.693419296497763e-07,11.333333333333334,0.0027669270833333335,True,0.02,1000.0,3020311399
1,12,2,100.0,0.494654,0.0,0.0,0.709254,0.0087890625,0.00439453125,7.710241334279999e-10,2.005812999751748e-06,1925,SKQD,8,0.001953125,1.0922474451204465e-09,11.333333333333334,0.0027669270833333335,True,0.02,1000.0,3020311399
1,12,2,100.0,0.494654,0.0,0.0,0.709254,0.0087890625,0.00439453125,7.710241334279999e-10,2.005812999751748e-06,1925,SKQD,11,0.002685546875,1.0922813568667715e-09,11.333333333333334,0.0027669270833333335,True,0.02,1000.0,3020311399
1,12,2,100.0,0.494654,0.0,0.0,0.709254,0.0087890625,0.00439453125,7.710241334279999e-10,2.005812999751748e-06,1925,SKQD,14,0.00341796875,1.4709833779974104e-09,11.333333333333334,0.0027669270833333335,True,0.02,1000.0,3020311399
1,12,2,100.0,0.494654,0.0,0.0,0.709254,0.0087890625,0.00439453125,7.710241334279999e-10,2.005812999751748e-06,1925,SKQD,18,0.00439453125,1.4709833779974104e-09,11.333333333333334,0.0027669270833333335,True,0.02,1000.0,3020311399
1,12,2,100.0,0.494654,0.0,0.0,0.709254,0.0087890625,0.00439453125,7.710241334279999e-10,2.005812999751748e-06,1925,SKQD,23,0.005615234375,1.4709833779974104e-09,11.333333333333334,0.0027669270833333335,True,0.02,1000.0,3020311399
1,12,2,100.0,0.494654,0.0,0.0,0.709254,0.0087890625,0.00439453125,7.710241334279999e-10,2.005812999751748e-06,1925,SKQD,31,0.007568359375,1.4709833779974104e-09,11.333333333333334,0.0027669270833333335,True,0.02,1000.0,3020311399
1,12,2,100.0,0.494654,0.0,0.0,0.709254,0.0087890625,0.00439453125,7.710241334279999e-10,2.005812999751748e-06,1925,SKQD,40,0.009765625,1.4709833779974104e-09,11.333333333333334,0.0027669270833333335,True,0.02,1000.0,3020311399
1,12,2,100.0,0.494654,0.0,0.0,0.709254,0.0087890625,0.00439453125,7.710241334279999e-10,2.005812999751748e-06,1925,SKQD,52,0.0126953125,1.4709833779974104e-09,11.333333333333334,0.0027669270833333335,True,0.02,1000.0,3020311399
1,12,2,100.0,0.494654,0.0,0.0,0.709254,0.0087890625,0.00439453125,7.710241334279999e-10,2.005812999751748e-06,1925,SKQD,67,0.016357421875,1.4709833779974104e-09,11.333333333333334,0.0027669270833333335,True,0.02,1000.0,3020311399
1,12,2,100.0,0.494654,0.0,0.0,0.709254,0.0087890625,0.00439453125,7.710241334279999e-10,2.005812999751748e-06,1925,SKQD,87,0.021240234375,1.4709833779974104e-09,11.333333333333334,0.0027669270833333335,True,0.02,1000.0,3020311399
1,12,2,100.0,0.494654,0.0,0.0,0.709254,0.0087890625,0.00439453125,7.710241334279999e-10,2.005812999751748e-06,1925,SKQD,114,0.02783203125,1.4709833779974104e-09,11.333333333333334,0.0027669270833333335,True,0.02,1000.0,3020311399
1,12,2,100.0,0.494654,0.0,0.0,0.709254,0.0087890625,0.00439453125,7.710241334279999e-10,2.005812999751748e-06,1925,SKQD,148,0.0361328125,1.4709833779974104e-09,11.333333333333334,0.0027669270833333335,True,0.02,1000.0,3020311399
1,12,2,100.0,0.494654,0.0,0.0,0.709254,0.0087890625,0.00439453125,7.710241334279999e-10,2.005812999751748e-06,1925,SKQD,192,0.046875,1.4709833779974104e-09,11.333333333333334,0.0027669270833333335,True,0.02,1000.0,3020311399
1,12,2,100.0,0.494654,0.0,0.0,0.709254,0.0087890625,0.00439453125,7.710241334279999e-10,2.005812999751748e-06,1925,SKQD,250,0.06103515625,1.4709833779974104e-09,11.333333333333334,0.0027669270833333335,True,0.02,1000.0,3020311399
1,12,2,100.0,0.494654,0.0,0.0,0.709254,0.0087890625,0.00439453125,7.710241334279999e-10,2.005812999751748e-06,1925,SKQD,325,0.079345703125,1.4709833779974104e-09,11.333333333333334,0.0027669270833333335,True,0.02,1000.0,3020311399
1,12,2,100.0,0.494654,0.0,0.0,0.709254,0.0087890625,0.00439453125,7.710241334279999e-10,2.005812999751748e-06,1925,SKQD,423,0.103271484375,1.4709833779974104e-09,11.333333333333334,0.0027669270833333335,True,0.02,1000.0,3020311399
1,12,2,100.0,0.494654,0.0,0.0,0.709254,0.0087890625,0.00439453125,7.710241334279999e-10,2.005812999751748e-06,1925,SKQD,550,0.13427734375,1.4709833779974104e-09,11.333333333333334,0.0027669270833333335,True,0.02,1000.0,3020311399
1,12,2,100.0,0.494654,0.0,0.0,0.709254,0.0087890625,0.00439453125,7.710241334279999e-10,2.005812999751748e-06,1925,SKQD,715,0.174560546875,1.4709833779974104e-09,11.333333333333334,0.0027669270833333335,True,0.02,1000.0,3020311399
1,12,2,100.0,0.494654,0.0,0.0,0.709254,0.0087890625,0.00439453125,7.710241334279999e-10,2.005812999751748e-06,1925,SKQD,931,0.227294921875,1.4709833779974104e-09,11.333333333333334,0.0027669270833333335,True,0.02,1000.0,3020311399
1,12,2,100.0,0.494654,0.0,0.0,0.709254,0.0087890625,0.00439453125,7.710241334279999e-10,2.005812999751748e-06,1925,SKQD,1210,0.29541015625,1.4709833779974104e-09,11.333333333333334,0.0027669270833333335,True,0.02,1000.0,3020311399
1,12,2,100.0,0.494654,0.0,0.0,0.709254,0.0087890625,0.00439453125,7.710241334279999e-10,2.005812999751748e-06,1925,SKQD,1575,0.384521484375,1.4709833779974104e-09,11.333333333333334,0.0027669270833333335,True,0.02,1000.0,3020311399
1,12,2,100.0,0.494654,0.0,0.0,0.709254,0.0087890625,0.00439453125,7.710241334279999e-10,2.005812999751748e-06,1925,SKQD,2048,0.5,1.4709833779974104e-09,11.333333333333334,0.0027669270833333335,True,0.02,1000.0,3020311399
1,12,2,100.0,0.494654,0.0,0.0,0.709254,0.0087890625,0.00439453125,7.710241334279999e-10,2.005812999751748e-06,1925,Ceiling,1,0.000244140625,0.5014405000468731,2048.0,0.5,False,,,3020311399
1,12,2,100.0,0.494654,0.0,0.0,0.709254,0.0087890625,0.00439453125,7.710241334279999e-10,2.005812999751748e-06,1925,Ceiling,2,0.00048828125,0.9998718392104122,2048.0,0.5,False,,,3020311399
1,12,2,100.0,0.494654,0.0,0.0,0.709254,0.0087890625,0.00439453125,7.710241334279999e-10,2.005812999751748e-06,1925,Ceiling,3,0.000732421875,0.9998774107708165,2048.0,0.5,False,,,3020311399
1,12,2,100.0,0.494654,0.0,0.0,0.709254,0.0087890625,0.00439453125,7.710241334279999e-10,2.005812999751748e-06,1925,Ceiling,4,0.0009765625,0.9998829823312207,2048.0,0.5,False,,,3020311399
1,12,2,100.0,0.494654,0.0,0.0,0.709254,0.0087890625,0.00439453125,7.710241334279999e-10,2.005812999751748e-06,1925,Ceiling,5,0.001220703125,0.999888553891625,2048.0,0.5,False,,,3020311399
1,12,2,100.0,0.494654,0.0,0.0,0.709254,0.0087890625,0.00439453125,7.710241334279999e-10,2.005812999751748e-06,1925,Ceiling,6,0.00146484375,0.9998941254520293,2048.0,0.5,False,,,3020311399
1,12,2,100.0,0.494654,0.0,0.0,0.709254,0.0087890625,0.00439453125,7.710241334279999e-10,2.005812999751748e-06,1925,Ceiling,8,0.001953125,0.9999052684117342,2048.0,0.5,False,,,3020311399
1,12,2,100.0,0.494654,0.0,0.0,0.709254,0.0087890625,0.00439453125,7.710241334279999e-10,2.005812999751748e-06,1925,Ceiling,11,0.002685546875,0.9999219494967276,2048.0,0.5,False,,,3020311399
1,12,2,100.0,0.494654,0.0,0.0,0.709254,0.0087890625,0.00439453125,7.710241334279999e-10,2.005812999751748e-06,1925,Ceiling,14,0.00341796875,0.9999385638725931,2048.0,0.5,False,,,3020311399
1,12,2,100.0,0.494654,0.0,0.0,0.709254,0.0087890625,0.00439453125,7.710241334279999e-10,2.005812999751748e-06,1925,Ceiling,18,0.00439453125,0.999960716053472,2048.0,0.5,False,,,3020311399
1,12,2,100.0,0.494654,0.0,0.0,0.709254,0.0087890625,0.00439453125,7.710241334279999e-10,2.005812999751748e-06,1925,Ceiling,23,0.005615234375,0.9999752200052716,2048.0,0.5,False,,,3020311399
1,12,2,100.0,0.494654,0.0,0.0,0.709254,0.0087890625,0.00439453125,7.710241334279999e-10,2.005812999751748e-06,1925,Ceiling,31,0.007568359375,0.9999912304521664,2048.0,0.5,False,,,3020311399
1,12,2,100.0,0.494654,0.0,0.0,0.709254,0.0087890625,0.00439453125,7.710241334279999e-10,2.005812999751748e-06,1925,Ceiling,40,0.009765625,0.9999999906776139,2048.0,0.5,False,,,3020311399
1,12,2,100.0,0.494654,0.0,0.0,0.709254,0.0087890625,0.00439453125,7.710241334279999e-10,2.005812999751748e-06,1925,Ceiling,52,0.0126953125,0.9999999932086184,2048.0,0.5,False,,,3020311399
1,12,2,100.0,0.494654,0.0,0.0,0.709254,0.0087890625,0.00439453125,7.710241334279999e-10,2.005812999751748e-06,1925,Ceiling,67,0.016357421875,0.9999999946096816,2048.0,0.5,False,,,3020311399
1,12,2,100.0,0.494654,0.0,0.0,0.709254,0.0087890625,0.00439453125,7.710241334279999e-10,2.005812999751748e-06,1925,Ceiling,87,0.021240234375,0.9999999958527964,2048.0,0.5,False,,,3020311399
1,12,2,100.0,0.494654,0.0,0.0,0.709254,0.0087890625,0.00439453125,7.710241334279999e-10,2.005812999751748e-06,1925,Ceiling,114,0.02783203125,0.9999999972071644,2048.0,0.5,False,,,3020311399
1,12,2,100.0,0.494654,0.0,0.0,0.709254,0.0087890625,0.00439453125,7.710241334279999e-10,2.005812999751748e-06,1925,Ceiling,148,0.0361328125,0.999999998361235,2048.0,0.5,False,,,3020311399
1,12,2,100.0,0.494654,0.0,0.0,0.709254,0.0087890625,0.00439453125,7.710241334279999e-10,2.005812999751748e-06,1925,Ceiling,192,0.046875,0.9999999993649707,2048.0,0.5,False,,,3020311399
1,12,2,100.0,0.494654,0.0,0.0,0.709254,0.0087890625,0.00439453125,7.710241334279999e-10,2.005812999751748e-06,1925,Ceiling,250,0.06103515625,0.9999999999993299,2048.0,0.5,False,,,3020311399
1,12,2,100.0,0.494654,0.0,0.0,0.709254,0.0087890625,0.00439453125,7.710241334279999e-10,2.005812999751748e-06,1925,Ceiling,325,0.079345703125,0.9999999999998006,2048.0,0.5,False,,,3020311399
1,12,2,100.0,0.494654,0.0,0.0,0.709254,0.0087890625,0.00439453125,7.710241334279999e-10,2.005812999751748e-06,1925,Ceiling,423,0.103271484375,0.9999999999999455,2048.0,0.5,False,,,3020311399
1,12,2,100.0,0.494654,0.0,0.0,0.709254,0.0087890625,0.00439453125,7.710241334279999e-10,2.005812999751748e-06,1925,Ceiling,550,0.13427734375,0.9999999999999947,2048.0,0.5,False,,,3020311399
1,12,2,100.0,0.494654,0.0,0.0,0.709254,0.0087890625,0.00439453125,7.710241334279999e-10,2.005812999751748e-06,1925,Ceiling,715,0.174560546875,0.9999999999999991,2048.0,0.5,False,,,3020311399
1,12,2,100.0,0.494654,0.0,0.0,0.709254,0.0087890625,0.00439453125,7.710241334279999e-10,2.005812999751748e-06,1925,Ceiling,931,0.227294921875,0.9999999999999991,2048.0,0.5,False,,,3020311399
1,12,2,100.0,0.494654,0.0,0.0,0.709254,0.0087890625,0.00439453125,7.710241334279999e-10,2.005812999751748e-06,1925,Ceiling,1210,0.29541015625,0.9999999999999991,2048.0,0.5,False,,,3020311399
1,12,2,100.0,0.494654,0.0,0.0,0.709254,0.0087890625,0.00439453125,7.710241334279999e-10,2.005812999751748e-06,1925,Ceiling,1575,0.384521484375,0.9999999999999991,2048.0,0.5,False,,,3020311399
1,12,2,100.0,0.494654,0.0,0.0,0.709254,0.0087890625,0.00439453125,7.710241334279999e-10,2.005812999751748e-06,1925,Ceiling,2048,0.5,0.9999999999999991,2048.0,0.5,False,,,3020311399
9,12,2,100.0,0.454189,0.0,0.0,0.225511,0.0087890625,0.00439453125,7.080416253302246e-10,3.544028715398241e-10,2665,BARK,1,0.000244140625,3.544028715398241e-10,924.0,0.2255859375,True,,,2444890222
9,12,2,100.0,0.454189,0.0,0.0,0.225511,0.0087890625,0.00439453125,7.080416253302246e-10,3.544028715398241e-10,2665,BARK,2,0.00048828125,5.536843053223323e-06,924.0,0.2255859375,True,,,2444890222
9,12,2,100.0,0.454189,0.0,0.0,0.225511,0.0087890625,0.00439453125,7.080416253302246e-10,3.544028715398241e-10,2665,BARK,3,0.000732421875,0.49829877206343764,924.0,0.2255859375,True,,,2444890222
9,12,2,100.0,0.454189,0.0,0.0,0.225511,0.0087890625,0.00439453125,7.080416253302246e-10,3.544028715398241e-10,2665,BARK,4,0.0009765625,0.4983043087719093,924.0,0.2255859375,True,,,2444890222
9,12,2,100.0,0.454189,0.0,0.0,0.225511,0.0087890625,0.00439453125,7.080416253302246e-10,3.544028715398241e-10,2665,BARK,5,0.001220703125,0.498304308875742,924.0,0.2255859375,True,,,2444890222
9,12,2,100.0,0.454189,0.0,0.0,0.225511,0.0087890625,0.00439453125,7.080416253302246e-10,3.544028715398241e-10,2665,BARK,6,0.00146484375,0.498309845501166,924.0,0.2255859375,True,,,2444890222
9,12,2,100.0,0.454189,0.0,0.0,0.225511,0.0087890625,0.00439453125,7.080416253302246e-10,3.544028715398241e-10,2665,BARK,8,0.001953125,0.4983098455627155,924.0,0.2255859375,True,,,2444890222
9,12,2,100.0,0.454189,0.0,0.0,0.225511,0.0087890625,0.00439453125,7.080416253302246e-10,3.544028715398241e-10,2665,BARK,11,0.002685546875,0.49831183888710345,924.0,0.2255859375,True,,,2444890222
9,12,2,100.0,0.454189,0.0,0.0,0.225511,0.0087890625,0.00439453125,7.080416253302246e-10,3.544028715398241e-10,2665,BARK,14,0.00341796875,0.4983173756318598,924.0,0.2255859375,True,,,2444890222
9,12,2,100.0,0.454189,0.0,0.0,0.225511,0.0087890625,0.00439453125,7.080416253302246e-10,3.544028715398241e-10,2665,BARK,18,0.00439453125,0.49831737575496216,924.0,0.2255859375,True,,,2444890222
9,12,2,100.0,0.454189,0.0,0.0,0.225511,0.0087890625,0.00439453125,7.080416253302246e-10,3.544028715398241e-10,2665,BARK,23,0.005615234375,0.4983229124656971,924.0,0.2255859375,True,,,2444890222
9,12,2,100.0,0.454189,0.0,0.0,0.225511,0.0087890625,0.00439453125,7.080416253302246e-10,3.544028715398241e-10,2665,BARK,31,0.007568359375,0.4983304426428778,924.0,0.2255859375,True,,,2444890222
9,12,2,100.0,0.454189,0.0,0.0,0.225511,0.0087890625,0.00439453125,7.080416253302246e-10,3.544028715398241e-10,2665,BARK,40,0.009765625,0.4983324360421145,924.0,0.2255859375,True,,,2444890222
9,12,2,100.0,0.454189,0.0,0.0,0.225511,0.0087890625,0.00439453125,7.080416253302246e-10,3.544028715398241e-10,2665,BARK,52,0.0126953125,0.4983379732585646,924.0,0.2255859375,True,,,2444890222
9,12,2,100.0,0.454189,0.0,0.0,0.225511,0.0087890625,0.00439453125,7.080416253302246e-10,3.544028715398241e-10,2665,BARK,67,0.016357421875,0.4983424720108174,924.0,0.2255859375,True,,,2444890222
9,12,2,100.0,0.454189,0.0,0.0,0.225511,0.0087890625,0.00439453125,7.080416253302246e-10,3.544028715398241e-10,2665,BARK,87,0.021240234375,0.4983500024513902,924.0,0.2255859375,True,,,2444890222
9,12,2,100.0,0.454189,0.0,0.0,0.225511,0.0087890625,0.00439453125,7.080416253302246e-10,3.544028715398241e-10,2665,BARK,114,0.02783203125,0.4983519961312716,924.0,0.2255859375,True,,,2444890222
9,12,2,100.0,0.454189,0.0,0.0,0.225511,0.0087890625,0.00439453125,7.080416253302246e-10,3.544028715398241e-10,2665,BARK,148,0.0361328125,0.4983519964181997,924.0,0.2255859375,True,,,2444890222
9,12,2,100.0,0.454189,0.0,0.0,0.225511,0.0087890625,0.00439453125,7.080416253302246e-10,3.544028715398241e-10,2665,BARK,192,0.046875,0.49835710448734105,924.0,0.2255859375,True,,,2444890222
9,12,2,100.0,0.454189,0.0,0.0,0.225511,0.0087890625,0.00439453125,7.080416253302246e-10,3.544028715398241e-10,2665,BARK,250,0.06103515625,0.4983571046782814,924.0,0.2255859375,True,,,2444890222
9,12,2,100.0,0.454189,0.0,0.0,0.225511,0.0087890625,0.00439453125,7.080416253302246e-10,3.544028715398241e-10,2665,BARK,325,0.079345703125,0.49835710482063367,924.0,0.2255859375,True,,,2444890222
9,12,2,100.0,0.454189,0.0,0.0,0.225511,0.0087890625,0.00439453125,7.080416253302246e-10,3.544028715398241e-10,2665,BARK,423,0.103271484375,0.4983571050468429,924.0,0.2255859375,True,,,2444890222
9,12,2,100.0,0.454189,0.0,0.0,0.225511,0.0087890625,0.00439453125,7.080416253302246e-10,3.544028715398241e-10,2665,BARK,550,0.13427734375,0.4983571050933625,924.0,0.2255859375,True,,,2444890222
9,12,2,100.0,0.454189,0.0,0.0,0.225511,0.0087890625,0.00439453125,7.080416253302246e-10,3.544028715398241e-10,2665,BARK,715,0.174560546875,0.49835716141420194,924.0,0.2255859375,True,,,2444890222
9,12,2,100.0,0.454189,0.0,0.0,0.225511,0.0087890625,0.00439453125,7.080416253302246e-10,3.544028715398241e-10,2665,BARK,931,0.227294921875,0.4983592508953507,924.0,0.2255859375,True,,,2444890222
9,12,2,100.0,0.454189,0.0,0.0,0.225511,0.0087890625,0.00439453125,7.080416253302246e-10,3.544028715398241e-10,2665,BARK,1210,0.29541015625,0.4983592508953507,924.0,0.2255859375,True,,,2444890222
9,12,2,100.0,0.454189,0.0,0.0,0.225511,0.0087890625,0.00439453125,7.080416253302246e-10,3.544028715398241e-10,2665,BARK,1575,0.384521484375,0.4983592508953507,924.0,0.2255859375,True,,,2444890222
9,12,2,100.0,0.454189,0.0,0.0,0.225511,0.0087890625,0.00439453125,7.080416253302246e-10,3.544028715398241e-10,2665,BARK,2048,0.5,0.4983592508953507,924.0,0.2255859375,True,,,2444890222
9,12,2,100.0,0.454189,0.0,0.0,0.225511,0.0087890625,0.00439453125,7.080416253302246e-10,3.544028715398241e-10,2665,Simplified BARK,1,0.000244140625,3.544028715398241e-10,924.0,0.2255859375,True,,,2444890222
9,12,2,100.0,0.454189,0.0,0.0,0.225511,0.0087890625,0.00439453125,7.080416253302246e-10,3.544028715398241e-10,2665,Simplified BARK,2,0.00048828125,3.544104773618066e-10,924.0,0.2255859375,True,,,2444890222
9,12,2,100.0,0.454189,0.0,0.0,0.225511,0.0087890625,0.00439453125,7.080416253302246e-10,3.544028715398241e-10,2665,Simplified BARK,3,0.000732421875,3.5441442856382897e-10,924.0,0.2255859375,True,,,2444890222
9,12,2,100.0,0.454189,0.0,0.0,0.225511,0.0087890625,0.00439453125,7.080416253302246e-10,3.544028715398241e-10,2665,Simplified BARK,4,0.0009765625,3.5441442865592974e-10,924.0,0.2255859375,True,,,2444890222
9,12,2,100.0,0.454189,0.0,0.0,0.225511,0.0087890625,0.00439453125,7.080416253302246e-10,3.544028715398241e-10,2665,Simplified BARK,5,0.001220703125,3.5441442865593124e-10,924.0,0.2255859375,True,,,2444890222
9,12,2,100.0,0.454189,0.0,0.0,0.225511,0.0087890625,0.00439453125,7.080416253302246e-10,3.544028715398241e-10,2665,Simplified BARK,6,0.00146484375,3.544144286559314e-10,924.0,0.2255859375,True,,,2444890222
9,12,2,100.0,0.454189,0.0,0.0,0.225511,0.0087890625,0.00439453125,7.080416253302246e-10,3.544028715398241e-10,2665,Simplified BARK,8,0.001953125,3.544144286559314e-10,924.0,0.2255859375,True,,,2444890222
9,12,2,100.0,0.454189,0.0,0.0,0.225511,0.0087890625,0.00439453125,7.080416253302246e-10,3.544028715398241e-10,2665,Simplified BARK,11,0.002685546875,3.544144286559314e-10,924.0,0.2255859375,True,,,2444890222
9,12,2,100.0,0.454189,0.0,0.0,0.225511,0.0087890625,0.00439453125,7.080416253302246e-10,3.544028715398241e-10,2665,Simplified BARK,14,0.00341796875,3.544144286559314e-10,924.0,0.2255859375,True,,,2444890222
9,12,2,100.0,0.454189,0.0,0.0,0.225511,0.0087890625,0.00439453125,7.080416253302246e-10,3.544028715398241e-10,2665,Simplified BARK,18,0.00439453125,3.544144286559315e-10,924.0,0.2255859375,True,,,2444890222
9,12,2,100.0,0.454189,0.0,0.0,0.225511,0.0087890625,0.00439453125,7.080416253302246e-10,3.544028715398241e-10,2665,Simplified BARK,23,0.005615234375,3.5441442865593294e-10,924.0,0.2255859375,True,,,2444890222
9,12,2,100.0,0.454189,0.0,0.0,0.225511,0.0087890625,0.00439453125,7.080416253302246e-10,3.544028715398241e-10,2665,Simplified BARK,31,0.007568359375,3.5441442868551804e-10,924.0,0.2255859375,True,,,2444890222
9,12,2,100.0,0.454189,0.0,0.0,0.225511,0.0087890625,0.00439453125,7.080416253302246e-10,3.544028715398241e-10,2665,Simplified BARK,40,0.009765625,3.544144286855179e-10,924.0,0.2255859375,True,,,2444890222
9,12,2,100.0,0.454189,0.0,0.0,0.225511,0.0087890625,0.00439453125,7.080416253302246e-10,3.544028715398241e-10,2665,Simplified BARK,52,0.0126953125,3.5441442868551825e-10,924.0,0.2255859375,True,,,2444890222
9,12,2,100.0,0.454189,0.0,0.0,0.225511,0.0087890625,0.00439453125,7.080416253302246e-10,3.544028715398241e-10,2665,Simplified BARK,67,0.016357421875,3.5441442938703927e-10,924.0,0.2255859375,True,,,2444890222
9,12,2,100.0,0.454189,0.0,0.0,0.225511,0.0087890625,0.00439453125,7.080416253302246e-10,3.544028715398241e-10,2665,Simplified BARK,87,0.021240234375,3.5442332358147673e-10,924.0,0.2255859375,True,,,2444890222
9,12,2,100.0,0.454189,0.0,0.0,0.225511,0.0087890625,0.00439453125,7.080416253302246e-10,3.544028715398241e-10,2665,Simplified BARK,114,0.02783203125,2.708730884843083e-21,924.0,0.2255859375,True,,,2444890222
9,12,2,100.0,0.454189,0.0,0.0,0.225511,0.0087890625,0.00439453125,7.080416253302246e-10,3.544028715398241e-10,2665,Simplified BARK,148,0.0361328125,5.5368583584162195e-06,924.0,0.2255859375,True,,,2444890222
9,12,2,100.0,0.454189,0.0,0.0,0.225511,0.0087890625,0.00439453125,7.080416253302246e-10,3.544028715398241e-10,2665,Simplified BARK,192,0.046875,5.536858427262725e-06,924.0,0.2255859375,True,,,2444890222
9,12,2,100.0,0.454189,0.0,0.0,0.225511,0.0087890625,0.00439453125,7.080416253302246e-10,3.544028715398241e-10,2665,Simplified BARK,250,0.06103515625,5.540120027555704e-06,924.0,0.2255859375,True,,,2444890222
9,12,2,100.0,0.454189,0.0,0.0,0.225511,0.0087890625,0.00439453125,7.080416253302246e-10,3.544028715398241e-10,2665,Simplified BARK,325,0.079345703125,0.5016221600004437,924.0,0.2255859375,True,,,2444890222
9,12,2,100.0,0.454189,0.0,0.0,0.225511,0.0087890625,0.00439453125,7.080416253302246e-10,3.544028715398241e-10,2665,Simplified BARK,423,0.103271484375,0.5016297404611988,924.0,0.2255859375,True,,,2444890222
9,12,2,100.0,0.454189,0.0,0.0,0.225511,0.0087890625,0.00439453125,7.080416253302246e-10,3.544028715398241e-10,2665,Simplified BARK,550,0.13427734375,0.501631747364051,924.0,0.2255859375,True,,,2444890222
9,12,2,100.0,0.454189,0.0,0.0,0.225511,0.0087890625,0.00439453125,7.080416253302246e-10,3.544028715398241e-10,2665,Simplified BARK,715,0.174560546875,0.5016375932290301,924.0,0.2255859375,True,,,2444890222
9,12,2,100.0,0.454189,0.0,0.0,0.225511,0.0087890625,0.00439453125,7.080416253302246e-10,3.544028715398241e-10,2665,Simplified BARK,931,0.227294921875,0.5016450783403142,924.0,0.2255859375,True,,,2444890222
9,12,2,100.0,0.454189,0.0,0.0,0.225511,0.0087890625,0.00439453125,7.080416253302246e-10,3.544028715398241e-10,2665,Simplified BARK,1210,0.29541015625,0.5016450783403142,924.0,0.2255859375,True,,,2444890222
9,12,2,100.0,0.454189,0.0,0.0,0.225511,0.0087890625,0.00439453125,7.080416253302246e-10,3.544028715398241e-10,2665,Simplified BARK,1575,0.384521484375,0.5016450783403142,924.0,0.2255859375,True,,,2444890222
9,12,2,100.0,0.454189,0.0,0.0,0.225511,0.0087890625,0.00439453125,7.080416253302246e-10,3.544028715398241e-10,2665,Simplified BARK,2048,0.5,0.5016450783403142,924.0,0.2255859375,True,,,2444890222
9,12,2,100.0,0.454189,0.0,0.0,0.225511,0.0087890625,0.00439453125,7.080416253302246e-10,3.544028715398241e-10,2665,SKQD,1,0.000244140625,3.544028715398241e-10,5.333333333333333,0.0013020833333333333,True,0.02,300.0,2444890222
9,12,2,100.0,0.454189,0.0,0.0,0.225511,0.0087890625,0.00439453125,7.080416253302246e-10,3.544028715398241e-10,2665,SKQD,2,0.00048828125,3.544053144974434e-10,5.333333333333333,0.0013020833333333333,True,0.02,300.0,2444890222
9,12,2,100.0,0.454189,0.0,0.0,0.225511,0.0087890625,0.00439453125,7.080416253302246e-10,3.544028715398241e-10,2665,SKQD,3,0.000732421875,1.8458773092078809e-06,5.333333333333333,0.0013020833333333333,True,0.02,300.0,2444890222
9,12,2,100.0,0.454189,0.0,0.0,0.225511,0.0087890625,0.00439453125,7.080416253302246e-10,3.544028715398241e-10,2665,SKQD,4,0.0009765625,1.8458773164340314e-06,5.333333333333333,0.0013020833333333333,True,0.02,300.0,2444890222
9,12,2,100.0,0.454189,0.0,0.0,0.225511,0.0087890625,0.00439453125,7.080416253302246e-10,3.544028715398241e-10,2665,SKQD,5,0.001220703125,9.234215175718483e-07,5.333333333333333,0.0013020833333333333,True,0.02,300.0,2444890222
9,12,2,100.0,0.454189,0.0,0.0,0.225511,0.0087890625,0.00439453125,7.080416253302246e-10,3.544028715398241e-10,2665,SKQD,6,0.00146484375,1.434201958867546e-06,5.333333333333333,0.0013020833333333333,True,0.02,300.0,2444890222
9,12,2,100.0,0.454189,0.0,0.0,0.225511,0.0087890625,0.00439453125,7.080416253302246e-10,3.544028715398241e-10,2665,SKQD,8,0.001953125,4.405792745655633e-06,5.333333333333333,0.0013020833333333333,True,0.02,300.0,2444890222
9,12,2,100.0,0.454189,0.0,0.0,0.225511,0.0087890625,0.00439453125,7.080416253302246e-10,3.544028715398241e-10,2665,SKQD,11,0.002685546875,4.405792745655633e-06,5.333333333333333,0.0013020833333333333,True,0.02,300.0,2444890222
9,12,2,100.0,0.454189,0.0,0.0,0.225511,0.0087890625,0.00439453125,7.080416253302246e-10,3.544028715398241e-10,2665,SKQD,14,0.00341796875,4.405792745655633e-06,5.333333333333333,0.0013020833333333333,True,0.02,300.0,2444890222
9,12,2,100.0,0.454189,0.0,0.0,0.225511,0.0087890625,0.00439453125,7.080416253302246e-10,3.544028715398241e-10,2665,SKQD,18,0.00439453125,4.405792745655633e-06,5.333333333333333,0.0013020833333333333,True,0.02,300.0,2444890222
9,12,2,100.0,0.454189,0.0,0.0,0.225511,0.0087890625,0.00439453125,7.080416253302246e-10,3.544028715398241e-10,2665,SKQD,23,0.005615234375,4.405792745655633e-06,5.333333333333333,0.0013020833333333333,True,0.02,300.0,2444890222
9,12,2,100.0,0.454189,0.0,0.0,0.225511,0.0087890625,0.00439453125,7.080416253302246e-10,3.544028715398241e-10,2665,SKQD,31,0.007568359375,4.405792745655633e-06,5.333333333333333,0.0013020833333333333,True,0.02,300.0,2444890222
9,12,2,100.0,0.454189,0.0,0.0,0.225511,0.0087890625,0.00439453125,7.080416253302246e-10,3.544028715398241e-10,2665,SKQD,40,0.009765625,4.405792745655633e-06,5.333333333333333,0.0013020833333333333,True,0.02,300.0,2444890222
9,12,2,100.0,0.454189,0.0,0.0,0.225511,0.0087890625,0.00439453125,7.080416253302246e-10,3.544028715398241e-10,2665,SKQD,52,0.0126953125,4.405792745655633e-06,5.333333333333333,0.0013020833333333333,True,0.02,300.0,2444890222
9,12,2,100.0,0.454189,0.0,0.0,0.225511,0.0087890625,0.00439453125,7.080416253302246e-10,3.544028715398241e-10,2665,SKQD,67,0.016357421875,4.405792745655633e-06,5.333333333333333,0.0013020833333333333,True,0.02,300.0,2444890222
9,12,2,100.0,0.454189,0.0,0.0,0.225511,0.0087890625,0.00439453125,7.080416253302246e-10,3.544028715398241e-10,2665,SKQD,87,0.021240234375,4.405792745655633e-06,5.333333333333333,0.0013020833333333333,True,0.02,300.0,2444890222
9,12,2,100.0,0.454189,0.0,0.0,0.225511,0.0087890625,0.00439453125,7.080416253302246e-10,3.544028715398241e-10,2665,SKQD,114,0.02783203125,4.405792745655633e-06,5.333333333333333,0.0013020833333333333,True,0.02,300.0,2444890222
9,12,2,100.0,0.454189,0.0,0.0,0.225511,0.0087890625,0.00439453125,7.080416253302246e-10,3.544028715398241e-10,2665,SKQD,148,0.0361328125,4.405792745655633e-06,5.333333333333333,0.0013020833333333333,True,0.02,300.0,2444890222
9,12,2,100.0,0.454189,0.0,0.0,0.225511,0.0087890625,0.00439453125,7.080416253302246e-10,3.544028715398241e-10,2665,SKQD,192,0.046875,4.405792745655633e-06,5.333333333333333,0.0013020833333333333,True,0.02,300.0,2444890222
9,12,2,100.0,0.454189,0.0,0.0,0.225511,0.0087890625,0.00439453125,7.080416253302246e-10,3.544028715398241e-10,2665,SKQD,250,0.06103515625,4.405792745655633e-06,5.333333333333333,0.0013020833333333333,True,0.02,300.0,2444890222
9,12,2,100.0,0.454189,0.0,0.0,0.225511,0.0087890625,0.00439453125,7.080416253302246e-10,3.544028715398241e-10,2665,SKQD,325,0.079345703125,4.405792745655633e-06,5.333333333333333,0.0013020833333333333,True,0.02,300.0,2444890222
9,12,2,100.0,0.454189,0.0,0.0,0.225511,0.0087890625,0.00439453125,7.080416253302246e-10,3.544028715398241e-10,2665,SKQD,423,0.103271484375,4.405792745655633e-06,5.333333333333333,0.0013020833333333333,True,0.02,300.0,2444890222
9,12,2,100.0,0.454189,0.0,0.0,0.225511,0.0087890625,0.00439453125,7.080416253302246e-10,3.544028715398241e-10,2665,SKQD,550,0.13427734375,4.405792745655633e-06,5.333333333333333,0.0013020833333333333,True,0.02,300.0,2444890222
9,12,2,100.0,0.454189,0.0,0.0,0.225511,0.0087890625,0.00439453125,7.080416253302246e-10,3.544028715398241e-10,2665,SKQD,715,0.174560546875,4.405792745655633e-06,5.333333333333333,0.0013020833333333333,True,0.02,300.0,2444890222
9,12,2,100.0,0.454189,0.0,0.0,0.225511,0.0087890625,0.00439453125,7.080416253302246e-10,3.544028715398241e-10,2665,SKQD,931,0.227294921875,4.405792745655633e-06,5.333333333333333,0.0013020833333333333,True,0.02,300.0,2444890222
9,12,2,100.0,0.454189,0.0,0.0,0.225511,0.0087890625,0.00439453125,7.080416253302246e-10,3.544028715398241e-10,2665,SKQD,1210,0.29541015625,4.405792745655633e-06,5.333333333333333,0.0013020833333333333,True,0.02,300.0,2444890222
9,12,2,100.0,0.454189,0.0,0.0,0.225511,0.0087890625,0.00439453125,7.080416253302246e-10,3.544028715398241e-10,2665,SKQD,1575,0.384521484375,4.405792745655633e-06,5.333333333333333,0.0013020833333333333,True,0.02,300.0,2444890222
9,12,2,100.0,0.454189,0.0,0.0,0.225511,0.0087890625,0.00439453125,7.080416253302246e-10,3.544028715398241e-10,2665,SKQD,2048,0.5,4.405792745655633e-06,5.333333333333333,0.0013020833333333333,True,0.02,300.0,2444890222
9,12,2,100.0,0.454189,0.0,0.0,0.225511,0.0087890625,0.00439453125,7.080416253302246e-10,3.544028715398241e-10,2665,Ceiling,1,0.000244140625,0.5015786038446068,2048.0,0.5,False,,,2444890222
9,12,2,100.0,0.454189,0.0,0.0,0.225511,0.0087890625,0.00439453125,7.080416253302246e-10,3.544028715398241e-10,2665,Ceiling,2,0.00048828125,0.9998718392104118,2048.0,0.5,False,,,2444890222
9,12,2,100.0,0.454189,0.0,0.0,0.225511,0.0087890625,0.00439453125,7.080416253302246e-10,3.544028715398241e-10,2665,Ceiling,3,0.000732421875,0.9998774123053024,2048.0,0.5,False,,,2444890222
9,12,2,100.0,0.454189,0.0,0.0,0.225511,0.0087890625,0.00439453125,7.080416253302246e-10,3.544028715398241e-10,2665,Ceiling,4,0.0009765625,0.9998829854001929,2048.0,0.5,False,,,2444890222
9,12,2,100.0,0.454189,0.0,0.0,0.225511,0.0087890625,0.00439453125,7.080416253302246e-10,3.544028715398241e-10,2665,Ceiling,5,0.001220703125,0.9998885584950835,2048.0,0.5,False,,,2444890222
9,12,2,100.0,0.454189,0.0,0.0,0.225511,0.0087890625,0.00439453125,7.080416253302246e-10,3.544028715398241e-10,2665,Ceiling,6,0.00146484375,0.9998941315899741,2048.0,0.5,False,,,2444890222
9,12,2,100.0,0.454189,0.0,0.0,0.225511,0.0087890625,0.00439453125,7.080416253302246e-10,3.544028715398241e-10,2665,Ceiling,8,0.001953125,0.9999052776186075,2048.0,0.5,False,,,2444890222
9,12,2,100.0,0.454189,0.0,0.0,0.225511,0.0087890625,0.00439453125,7.080416253302246e-10,3.544028715398241e-10,2665,Ceiling,11,0.002685546875,0.9999219602380429,2048.0,0.5,False,,,2444890222
9,12,2,100.0,0.454189,0.0,0.0,0.225511,0.0087890625,0.00439453125,7.080416253302246e-10,3.544028715398241e-10,2665,Ceiling,14,0.00341796875,0.9999385700104491,2048.0,0.5,False,,,2444890222
9,12,2,100.0,0.454189,0.0,0.0,0.225511,0.0087890625,0.00439453125,7.080416253302246e-10,3.544028715398241e-10,2665,Ceiling,18,0.00439453125,0.9999607160534711,2048.0,0.5,False,,,2444890222
9,12,2,100.0,0.454189,0.0,0.0,0.225511,0.0087890625,0.00439453125,7.080416253302246e-10,3.544028715398241e-10,2665,Ceiling,23,0.005615234375,0.9999752205577047,2048.0,0.5,False,,,2444890222
9,12,2,100.0,0.454189,0.0,0.0,0.225511,0.0087890625,0.00439453125,7.080416253302246e-10,3.544028715398241e-10,2665,Ceiling,31,0.007568359375,0.9999912321094531,2048.0,0.5,False,,,2444890222
9,12,2,100.0,0.454189,0.0,0.0,0.225511,0.0087890625,0.00439453125,7.080416253302246e-10,3.544028715398241e-10,2665,Ceiling,40,0.009765625,0.9999999906780056,2048.0,0.5,False,,,2444890222
9,12,2,100.0,0.454189,0.0,0.0,0.225511,0.0087890625,0.00439453125,7.080416253302246e-10,3.544028715398241e-10,2665,Ceiling,52,0.0126953125,0.9999999932087703,2048.0,0.5,False,,,2444890222
9,12,2,100.0,0.454189,0.0,0.0,0.225511,0.0087890625,0.00439453125,7.080416253302246e-10,3.544028715398241e-10,2665,Ceiling,67,0.016357421875,0.9999999946096992,2048.0,0.5,False,,,2444890222
9,12,2,100.0,0.454189,0.0,0.0,0.225511,0.0087890625,0.00439453125,7.080416253302246e-10,3.544028715398241e-10,2665,Ceiling,87,0.021240234375,0.999999995853017,2048.0,0.5,False,,,2444890222
9,12,2,100.0,0.454189,0.0,0.0,0.225511,0.0087890625,0.00439453125,7.080416253302246e-10,3.544028715398241e-10,2665,Ceiling,114,0.02783203125,0.999999997207273,2048.0,0.5,False,,,2444890222
9,12,2,100.0,0.454189,0.0,0.0,0.225511,0.0087890625,0.00439453125,7.080416253302246e-10,3.544028715398241e-10,2665,Ceiling,148,0.0361328125,0.9999999983612916,2048.0,0.5,False,,,2444890222
9,12,2,100.0,0.454189,0.0,0.0,0.225511,0.0087890625,0.00439453125,7.080416253302246e-10,3.544028715398241e-10,2665,Ceiling,192,0.046875,0.9999999993649954,2048.0,0.5,False,,,2444890222
9,12,2,100.0,0.454189,0.0,0.0,0.225511,0.0087890625,0.00439453125,7.080416253302246e-10,3.544028715398241e-10,2665,Ceiling,250,0.06103515625,0.9999999999993302,2048.0,0.5,False,,,2444890222
9,12,2,100.0,0.454189,0.0,0.0,0.225511,0.0087890625,0.00439453125,7.080416253302246e-10,3.544028715398241e-10,2665,Ceiling,325,0.079345703125,0.9999999999998009,2048.0,0.5,False,,,2444890222
9,12,2,100.0,0.454189,0.0,0.0,0.225511,0.0087890625,0.00439453125,7.080416253302246e-10,3.544028715398241e-10,2665,Ceiling,423,0.103271484375,0.9999999999999458,2048.0,0.5,False,,,2444890222
9,12,2,100.0,0.454189,0.0,0.0,0.225511,0.0087890625,0.00439453125,7.080416253302246e-10,3.544028715398241e-10,2665,Ceiling,550,0.13427734375,0.999999999999995,2048.0,0.5,False,,,2444890222
9,12,2,100.0,0.454189,0.0,0.0,0.225511,0.0087890625,0.00439453125,7.080416253302246e-10,3.544028715398241e-10,2665,Ceiling,715,0.174560546875,0.9999999999999994,2048.0,0.5,False,,,2444890222
9,12,2,100.0,0.454189,0.0,0.0,0.225511,0.0087890625,0.00439453125,7.080416253302246e-10,3.544028715398241e-10,2665,Ceiling,931,0.227294921875,0.9999999999999994,2048.0,0.5,False,,,2444890222
9,12,2,100.0,0.454189,0.0,0.0,0.225511,0.0087890625,0.00439453125,7.080416253302246e-10,3.544028715398241e-10,2665,Ceiling,1210,0.29541015625,0.9999999999999994,2048.0,0.5,False,,,2444890222
9,12,2,100.0,0.454189,0.0,0.0,0.225511,0.0087890625,0.00439453125,7.080416253302246e-10,3.544028715398241e-10,2665,Ceiling,1575,0.384521484375,0.9999999999999994,2048.0,0.5,False,,,2444890222
9,12,2,100.0,0.454189,0.0,0.0,0.225511,0.0087890625,0.00439453125,7.080416253302246e-10,3.544028715398241e-10,2665,Ceiling,2048,0.5,0.9999999999999994,2048.0,0.5,False,,,2444890222
9,12,2,100.0,0.454189,0.0,0.0,0.225511,0.0087890625,0.00439453125,7.080416253302246e-10,6.782728662740996e-11,1242,BARK,1,0.000244140625,6.782728662740996e-11,924.0,0.2255859375,True,,,2444890222
9,12,2,100.0,0.454189,0.0,0.0,0.225511,0.0087890625,0.00439453125,7.080416253302246e-10,6.782728662740996e-11,1242,BARK,2,0.00048828125,5.536566130195072e-06,924.0,0.2255859375,True,,,2444890222
9,12,2,100.0,0.454189,0.0,0.0,0.225511,0.0087890625,0.00439453125,7.080416253302246e-10,6.782728662740996e-11,1242,BARK,3,0.000732421875,0.49829877193192823,924.0,0.2255859375,True,,,2444890222
9,12,2,100.0,0.454189,0.0,0.0,0.225511,0.0087890625,0.00439453125,7.080416253302246e-10,6.782728662740996e-11,1242,BARK,4,0.0009765625,0.49830430852272684,924.0,0.2255859375,True,,,2444890222
9,12,2,100.0,0.454189,0.0,0.0,0.225511,0.0087890625,0.00439453125,7.080416253302246e-10,6.782728662740996e-11,1242,BARK,5,0.001220703125,0.4983043088272771,924.0,0.2255859375,True,,,2444890222
9,12,2,100.0,0.454189,0.0,0.0,0.225511,0.0087890625,0.00439453125,7.080416253302246e-10,6.782728662740996e-11,1242,BARK,6,0.00146484375,0.4983063021061559,924.0,0.2255859375,True,,,2444890222
9,12,2,100.0,0.454189,0.0,0.0,0.225511,0.0087890625,0.00439453125,7.080416253302246e-10,6.782728662740996e-11,1242,BARK,8,0.001953125,0.4983118389627299,924.0,0.2255859375,True,,,2444890222
9,12,2,100.0,0.454189,0.0,0.0,0.225511,0.0087890625,0.00439453125,7.080416253302246e-10,6.782728662740996e-11,1242,BARK,11,0.002685546875,0.4983118391628819,924.0,0.2255859375,True,,,2444890222
9,12,2,100.0,0.454189,0.0,0.0,0.225511,0.0087890625,0.00439453125,7.080416253302246e-10,6.782728662740996e-11,1242,BARK,14,0.00341796875,0.4983173758921355,924.0,0.2255859375,True,,,2444890222
9,12,2,100.0,0.454189,0.0,0.0,0.225511,0.0087890625,0.00439453125,7.080416253302246e-10,6.782728662740996e-11,1242,BARK,18,0.00439453125,0.49831737597584697,924.0,0.2255859375,True,,,2444890222
9,12,2,100.0,0.454189,0.0,0.0,0.225511,0.0087890625,0.00439453125,7.080416253302246e-10,6.782728662740996e-11,1242,BARK,23,0.005615234375,0.4983173760712486,924.0,0.2255859375,True,,,2444890222
9,12,2,100.0,0.454189,0.0,0.0,0.225511,0.0087890625,0.00439453125,7.080416253302246e-10,6.782728662740996e-11,1242,BARK,31,0.007568359375,0.49832248372510224,924.0,0.2255859375,True,,,2444890222
9,12,2,100.0,0.454189,0.0,0.0,0.225511,0.0087890625,0.00439453125,7.080416253302246e-10,6.782728662740996e-11,1242,BARK,40,0.009765625,0.49833001392446186,924.0,0.2255859375,True,,,2444890222
9,12,2,100.0,0.454189,0.0,0.0,0.225511,0.0087890625,0.00439453125,7.080416253302246e-10,6.782728662740996e-11,1242,BARK,52,0.0126953125,0.4983320073721513,924.0,0.2255859375,True,,,2444890222
9,12,2,100.0,0.454189,0.0,0.0,0.225511,0.0087890625,0.00439453125,7.080416253302246e-10,6.782728662740996e-11,1242,BARK,67,0.016357421875,0.4983375441790115,924.0,0.2255859375,True,,,2444890222
9,12,2,100.0,0.454189,0.0,0.0,0.225511,0.0087890625,0.00439453125,7.080416253302246e-10,6.782728662740996e-11,1242,BARK,87,0.021240234375,0.4983389284864235,924.0,0.2255859375,True,,,2444890222
9,12,2,100.0,0.454189,0.0,0.0,0.225511,0.0087890625,0.00439453125,7.080416253302246e-10,6.782728662740996e-11,1242,BARK,114,0.02783203125,0.4983389285372888,924.0,0.2255859375,True,,,2444890222
9,12,2,100.0,0.454189,0.0,0.0,0.225511,0.0087890625,0.00439453125,7.080416253302246e-10,6.782728662740996e-11,1242,BARK,148,0.0361328125,0.498344465629223,924.0,0.2255859375,True,,,2444890222
9,12,2,100.0,0.454189,0.0,0.0,0.225511,0.0087890625,0.00439453125,7.080416253302246e-10,6.782728662740996e-11,1242,BARK,192,0.046875,0.4983475800715439,924.0,0.2255859375,True,,,2444890222
9,12,2,100.0,0.454189,0.0,0.0,0.225511,0.0087890625,0.00439453125,7.080416253302246e-10,6.782728662740996e-11,1242,BARK,250,0.06103515625,0.4983571040545146,924.0,0.2255859375,True,,,2444890222
9,12,2,100.0,0.454189,0.0,0.0,0.225511,0.0087890625,0.00439453125,7.080416253302246e-10,6.782728662740996e-11,1242,BARK,325,0.079345703125,0.49835710438724545,924.0,0.2255859375,True,,,2444890222
9,12,2,100.0,0.454189,0.0,0.0,0.225511,0.0087890625,0.00439453125,7.080416253302246e-10,6.782728662740996e-11,1242,BARK,423,0.103271484375,0.4983571046876061,924.0,0.2255859375,True,,,2444890222
9,12,2,100.0,0.454189,0.0,0.0,0.225511,0.0087890625,0.00439453125,7.080416253302246e-10,6.782728662740996e-11,1242,BARK,550,0.13427734375,0.4983571004202097,924.0,0.2255859375,True,,,2444890222
9,12,2,100.0,0.454189,0.0,0.0,0.225511,0.0087890625,0.00439453125,7.080416253302246e-10,6.782728662740996e-11,1242,BARK,715,0.174560546875,0.49835713399156784,924.0,0.2255859375,True,,,2444890222
9,12,2,100.0,0.454189,0.0,0.0,0.225511,0.0087890625,0.00439453125,7.080416253302246e-10,6.782728662740996e-11,1242,BARK,931,0.227294921875,0.49836051151439564,924.0,0.2255859375,True,,,2444890222
9,12,2,100.0,0.454189,0.0,0.0,0.225511,0.0087890625,0.00439453125,7.080416253302246e-10,6.782728662740996e-11,1242,BARK,1210,0.29541015625,0.49836051151439564,924.0,0.2255859375,True,,,2444890222
9,12,2,100.0,0.454189,0.0,0.0,0.225511,0.0087890625,0.00439453125,7.080416253302246e-10,6.782728662740996e-11,1242,BARK,1575,0.384521484375,0.49836051151439564,924.0,0.2255859375,True,,,2444890222
9,12,2,100.0,0.454189,0.0,0.0,0.225511,0.0087890625,0.00439453125,7.080416253302246e-10,6.782728662740996e-11,1242,BARK,2048,0.5,0.49836051151439564,924.0,0.2255859375,True,,,2444890222
9,12,2,100.0,0.454189,0.0,0.0,0.225511,0.0087890625,0.00439453125,7.080416253302246e-10,6.782728662740996e-11,1242,Simplified BARK,1,0.000244140625,6.782728662740996e-11,924.0,0.2255859375,True,,,2444890222
9,12,2,100.0,0.454189,0.0,0.0,0.225511,0.0087890625,0.00439453125,7.080416253302246e-10,6.782728662740996e-11,1242,Simplified BARK,2,0.00048828125,5.536566130195072e-06,924.0,0.2255859375,True,,,2444890222
9,12,2,100.0,0.454189,0.0,0.0,0.225511,0.0087890625,0.00439453125,7.080416253302246e-10,6.782728662740996e-11,1242,Simplified BARK,3,0.000732421875,5.536588279737148e-06,924.0,0.2255859375,True,,,2444890222
9,12,2,100.0,0.454189,0.0,0.0,0.225511,0.0087890625,0.00439453125,7.080416253302246e-10,6.782728662740996e-11,1242,Simplified BARK,4,0.0009765625,5.53658827992856e-06,924.0,0.2255859375,True,,,2444890222
9,12,2,100.0,0.454189,0.0,0.0,0.225511,0.0087890625,0.00439453125,7.080416253302246e-10,6.782728662740996e-11,1242,Simplified BARK,5,0.001220703125,5.536588279928564e-06,924.0,0.2255859375,True,,,2444890222
9,12,2,100.0,0.454189,0.0,0.0,0.225511,0.0087890625,0.00439453125,7.080416253302246e-10,6.782728662740996e-11,1242,Simplified BARK,6,0.00146484375,5.536588279928564e-06,924.0,0.2255859375,True,,,2444890222
9,12,2,100.0,0.454189,0.0,0.0,0.225511,0.0087890625,0.00439453125,7.080416253302246e-10,6.782728662740996e-11,1242,Simplified BARK,8,0.001953125,5.536588279928564e-06,924.0,0.2255859375,True,,,2444890222
9,12,2,100.0,0.454189,0.0,0.0,0.225511,0.0087890625,0.00439453125,7.080416253302246e-10,6.782728662740996e-11,1242,Simplified BARK,11,0.002685546875,5.536588279928567e-06,924.0,0.2255859375,True,,,2444890222
9,12,2,100.0,0.454189,0.0,0.0,0.225511,0.0087890625,0.00439453125,7.080416253302246e-10,6.782728662740996e-11,1242,Simplified BARK,14,0.00341796875,5.536588279928568e-06,924.0,0.2255859375,True,,,2444890222
9,12,2,100.0,0.454189,0.0,0.0,0.225511,0.0087890625,0.00439453125,7.080416253302246e-10,6.782728662740996e-11,1242,Simplified BARK,18,0.00439453125,5.536588279928577e-06,924.0,0.2255859375,True,,,2444890222
9,12,2,100.0,0.454189,0.0,0.0,0.225511,0.0087890625,0.00439453125,7.080416253302246e-10,6.782728662740996e-11,1242,Simplified BARK,23,0.005615234375,5.536588280195196e-06,924.0,0.2255859375,True,,,2444890222
9,12,2,100.0,0.454189,0.0,0.0,0.225511,0.0087890625,0.00439453125,7.080416253302246e-10,6.782728662740996e-11,1242,Simplified BARK,31,0.007568359375,5.536588281923516e-06,924.0,0.2255859375,True,,,2444890222
9,12,2,100.0,0.454189,0.0,0.0,0.225511,0.0087890625,0.00439453125,7.080416253302246e-10,6.782728662740996e-11,1242,Simplified BARK,40,0.009765625,5.536588281923516e-06,924.0,0.2255859375,True,,,2444890222
9,12,2,100.0,0.454189,0.0,0.0,0.225511,0.0087890625,0.00439453125,7.080416253302246e-10,6.782728662740996e-11,1242,Simplified BARK,52,0.0126953125,5.5365882819235215e-06,924.0,0.2255859375,True,,,2444890222
9,12,2,100.0,0.454189,0.0,0.0,0.225511,0.0087890625,0.00439453125,7.080416253302246e-10,6.782728662740996e-11,1242,Simplified BARK,67,0.016357421875,5.536588281923575e-06,924.0,0.2255859375,True,,,2444890222
9,12,2,100.0,0.454189,0.0,0.0,0.225511,0.0087890625,0.00439453125,7.080416253302246e-10,6.782728662740996e-11,1242,Simplified BARK,87,0.021240234375,5.536649835337565e-06,924.0,0.2255859375,True,,,2444890222
9,12,2,100.0,0.454189,0.0,0.0,0.225511,0.0087890625,0.00439453125,7.080416253302246e-10,6.782728662740996e-11,1242,Simplified BARK,114,0.02783203125,5.536686750199207e-06,924.0,0.2255859375,True,,,2444890222
9,12,2,100.0,0.454189,0.0,0.0,0.225511,0.0087890625,0.00439453125,7.080416253302246e-10,6.782728662740996e-11,1242,Simplified BARK,148,0.0361328125,5.5369137563112565e-06,924.0,0.2255859375,True,,,2444890222
9,12,2,100.0,0.454189,0.0,0.0,0.225511,0.0087890625,0.00439453125,7.080416253302246e-10,6.782728662740996e-11,1242,Simplified BARK,192,0.046875,5.536913825165036e-06,924.0,0.2255859375,True,,,2444890222
9,12,2,100.0,0.454189,0.0,0.0,0.225511,0.0087890625,0.00439453125,7.080416253302246e-10,6.782728662740996e-11,1242,Simplified BARK,250,0.06103515625,5.539074233872429e-06,924.0,0.2255859375,True,,,2444890222
9,12,2,100.0,0.454189,0.0,0.0,0.225511,0.0087890625,0.00439453125,7.080416253302246e-10,6.782728662740996e-11,1242,Simplified BARK,325,0.079345703125,0.5016221600260398,924.0,0.2255859375,True,,,2444890222
9,12,2,100.0,0.454189,0.0,0.0,0.225511,0.0087890625,0.00439453125,7.080416253302246e-10,6.782728662740996e-11,1242,Simplified BARK,423,0.103271484375,0.5016297404611886,924.0,0.2255859375,True,,,2444890222
9,12,2,100.0,0.454189,0.0,0.0,0.225511,0.0087890625,0.00439453125,7.080416253302246e-10,6.782728662740996e-11,1242,Simplified BARK,550,0.13427734375,0.5016317473640317,924.0,0.2255859375,True,,,2444890222
9,12,2,100.0,0.454189,0.0,0.0,0.225511,0.0087890625,0.00439453125,7.080416253302246e-10,6.782728662740996e-11,1242,Simplified BARK,715,0.174560546875,0.5016375828375683,924.0,0.2255859375,True,,,2444890222
9,12,2,100.0,0.454189,0.0,0.0,0.225511,0.0087890625,0.00439453125,7.080416253302246e-10,6.782728662740996e-11,1242,Simplified BARK,931,0.227294921875,0.5016450783403239,924.0,0.2255859375,True,,,2444890222
9,12,2,100.0,0.454189,0.0,0.0,0.225511,0.0087890625,0.00439453125,7.080416253302246e-10,6.782728662740996e-11,1242,Simplified BARK,1210,0.29541015625,0.5016450783403239,924.0,0.2255859375,True,,,2444890222
9,12,2,100.0,0.454189,0.0,0.0,0.225511,0.0087890625,0.00439453125,7.080416253302246e-10,6.782728662740996e-11,1242,Simplified BARK,1575,0.384521484375,0.5016450783403239,924.0,0.2255859375,True,,,2444890222
9,12,2,100.0,0.454189,0.0,0.0,0.225511,0.0087890625,0.00439453125,7.080416253302246e-10,6.782728662740996e-11,1242,Simplified BARK,2048,0.5,0.5016450783403239,924.0,0.2255859375,True,,,2444890222
9,12,2,100.0,0.454189,0.0,0.0,0.225511,0.0087890625,0.00439453125,7.080416253302246e-10,6.782728662740996e-11,1242,SKQD,1,0.000244140625,6.782728662740996e-11,9.0,0.002197265625,True,0.02,1000.0,2444890222
9,12,2,100.0,0.454189,0.0,0.0,0.225511,0.0087890625,0.00439453125,7.080416253302246e-10,6.782728662740996e-11,1242,SKQD,2,0.00048828125,6.782728662740996e-11,9.0,0.002197265625,True,0.02,1000.0,2444890222
9,12,2,100.0,0.454189,0.0,0.0,0.225511,0.0087890625,0.00439453125,7.080416253302246e-10,6.782728662740996e-11,1242,SKQD,3,0.000732421875,6.782994166596757e-11,9.0,0.002197265625,True,0.02,1000.0,2444890222
9,12,2,100.0,0.454189,0.0,0.0,0.225511,0.0087890625,0.00439453125,7.080416253302246e-10,6.782728662740996e-11,1242,SKQD,4,0.0009765625,1.0381261959781739e-06,9.0,0.002197265625,True,0.02,1000.0,2444890222
9,12,2,100.0,0.454189,0.0,0.0,0.225511,0.0087890625,0.00439453125,7.080416253302246e-10,6.782728662740996e-11,1242,SKQD,5,0.001220703125,1.038126192379643e-06,9.0,0.002197265625,True,0.02,1000.0,2444890222
9,12,2,100.0,0.454189,0.0,0.0,0.225511,0.0087890625,0.00439453125,7.080416253302246e-10,6.782728662740996e-11,1242,SKQD,6,0.00146484375,3.1142429037024902e-06,9.0,0.002197265625,True,0.02,1000.0,2444890222
9,12,2,100.0,0.454189,0.0,0.0,0.225511,0.0087890625,0.00439453125,7.080416253302246e-10,6.782728662740996e-11,1242,SKQD,8,0.001953125,3.1142428792920184e-06,9.0,0.002197265625,True,0.02,1000.0,2444890222
9,12,2,100.0,0.454189,0.0,0.0,0.225511,0.0087890625,0.00439453125,7.080416253302246e-10,6.782728662740996e-11,1242,SKQD,11,0.002685546875,3.9218223860819885e-06,9.0,0.002197265625,True,0.02,1000.0,2444890222
9,12,2,100.0,0.454189,0.0,0.0,0.225511,0.0087890625,0.00439453125,7.080416253302246e-10,6.782728662740996e-11,1242,SKQD,14,0.00341796875,3.9218223860819885e-06,9.0,0.002197265625,True,0.02,1000.0,2444890222
9,12,2,100.0,0.454189,0.0,0.0,0.225511,0.0087890625,0.00439453125,7.080416253302246e-10,6.782728662740996e-11,1242,SKQD,18,0.00439453125,3.9218223860819885e-06,9.0,0.002197265625,True,0.02,1000.0,2444890222
9,12,2,100.0,0.454189,0.0,0.0,0.225511,0.0087890625,0.00439453125,7.080416253302246e-10,6.782728662740996e-11,1242,SKQD,23,0.005615234375,3.9218223860819885e-06,9.0,0.002197265625,True,0.02,1000.0,2444890222
9,12,2,100.0,0.454189,0.0,0.0,0.225511,0.0087890625,0.00439453125,7.080416253302246e-10,6.782728662740996e-11,1242,SKQD,31,0.007568359375,3.9218223860819885e-06,9.0,0.002197265625,True,0.02,1000.0,2444890222
9,12,2,100.0,0.454189,0.0,0.0,0.225511,0.0087890625,0.00439453125,7.080416253302246e-10,6.782728662740996e-11,1242,SKQD,40,0.009765625,3.9218223860819885e-06,9.0,0.002197265625,True,0.02,1000.0,2444890222
9,12,2,100.0,0.454189,0.0,0.0,0.225511,0.0087890625,0.00439453125,7.080416253302246e-10,6.782728662740996e-11,1242,SKQD,52,0.0126953125,3.9218223860819885e-06,9.0,0.002197265625,True,0.02,1000.0,2444890222
9,12,2,100.0,0.454189,0.0,0.0,0.225511,0.0087890625,0.00439453125,7.080416253302246e-10,6.782728662740996e-11,1242,SKQD,67,0.016357421875,3.9218223860819885e-06,9.0,0.002197265625,True,0.02,1000.0,2444890222
9,12,2,100.0,0.454189,0.0,0.0,0.225511,0.0087890625,0.00439453125,7.080416253302246e-10,6.782728662740996e-11,1242,SKQD,87,0.021240234375,3.9218223860819885e-06,9.0,0.002197265625,True,0.02,1000.0,2444890222
9,12,2,100.0,0.454189,0.0,0.0,0.225511,0.0087890625,0.00439453125,7.080416253302246e-10,6.782728662740996e-11,1242,SKQD,114,0.02783203125,3.9218223860819885e-06,9.0,0.002197265625,True,0.02,1000.0,2444890222
9,12,2,100.0,0.454189,0.0,0.0,0.225511,0.0087890625,0.00439453125,7.080416253302246e-10,6.782728662740996e-11,1242,SKQD,148,0.0361328125,3.9218223860819885e-06,9.0,0.002197265625,True,0.02,1000.0,2444890222
9,12,2,100.0,0.454189,0.0,0.0,0.225511,0.0087890625,0.00439453125,7.080416253302246e-10,6.782728662740996e-11,1242,SKQD,192,0.046875,3.9218223860819885e-06,9.0,0.002197265625,True,0.02,1000.0,2444890222
9,12,2,100.0,0.454189,0.0,0.0,0.225511,0.0087890625,0.00439453125,7.080416253302246e-10,6.782728662740996e-11,1242,SKQD,250,0.06103515625,3.9218223860819885e-06,9.0,0.002197265625,True,0.02,1000.0,2444890222
9,12,2,100.0,0.454189,0.0,0.0,0.225511,0.0087890625,0.00439453125,7.080416253302246e-10,6.782728662740996e-11,1242,SKQD,325,0.079345703125,3.9218223860819885e-06,9.0,0.002197265625,True,0.02,1000.0,2444890222
9,12,2,100.0,0.454189,0.0,0.0,0.225511,0.0087890625,0.00439453125,7.080416253302246e-10,6.782728662740996e-11,1242,SKQD,423,0.103271484375,3.9218223860819885e-06,9.0,0.002197265625,True,0.02,1000.0,2444890222
9,12,2,100.0,0.454189,0.0,0.0,0.225511,0.0087890625,0.00439453125,7.080416253302246e-10,6.782728662740996e-11,1242,SKQD,550,0.13427734375,3.9218223860819885e-06,9.0,0.002197265625,True,0.02,1000.0,2444890222
9,12,2,100.0,0.454189,0.0,0.0,0.225511,0.0087890625,0.00439453125,7.080416253302246e-10,6.782728662740996e-11,1242,SKQD,715,0.174560546875,3.9218223860819885e-06,9.0,0.002197265625,True,0.02,1000.0,2444890222
9,12,2,100.0,0.454189,0.0,0.0,0.225511,0.0087890625,0.00439453125,7.080416253302246e-10,6.782728662740996e-11,1242,SKQD,931,0.227294921875,3.9218223860819885e-06,9.0,0.002197265625,True,0.02,1000.0,2444890222
9,12,2,100.0,0.454189,0.0,0.0,0.225511,0.0087890625,0.00439453125,7.080416253302246e-10,6.782728662740996e-11,1242,SKQD,1210,0.29541015625,3.9218223860819885e-06,9.0,0.002197265625,True,0.02,1000.0,2444890222
9,12,2,100.0,0.454189,0.0,0.0,0.225511,0.0087890625,0.00439453125,7.080416253302246e-10,6.782728662740996e-11,1242,SKQD,1575,0.384521484375,3.9218223860819885e-06,9.0,0.002197265625,True,0.02,1000.0,2444890222
9,12,2,100.0,0.454189,0.0,0.0,0.225511,0.0087890625,0.00439453125,7.080416253302246e-10,6.782728662740996e-11,1242,SKQD,2048,0.5,3.9218223860819885e-06,9.0,0.002197265625,True,0.02,1000.0,2444890222
9,12,2,100.0,0.454189,0.0,0.0,0.225511,0.0087890625,0.00439453125,7.080416253302246e-10,6.782728662740996e-11,1242,Ceiling,1,0.000244140625,0.5015786038446068,2048.0,0.5,False,,,2444890222
9,12,2,100.0,0.454189,0.0,0.0,0.225511,0.0087890625,0.00439453125,7.080416253302246e-10,6.782728662740996e-11,1242,Ceiling,2,0.00048828125,0.9998718392104118,2048.0,0.5,False,,,2444890222
9,12,2,100.0,0.454189,0.0,0.0,0.225511,0.0087890625,0.00439453125,7.080416253302246e-10,6.782728662740996e-11,1242,Ceiling,3,0.000732421875,0.9998774123053024,2048.0,0.5,False,,,2444890222
9,12,2,100.0,0.454189,0.0,0.0,0.225511,0.0087890625,0.00439453125,7.080416253302246e-10,6.782728662740996e-11,1242,Ceiling,4,0.0009765625,0.9998829854001929,2048.0,0.5,False,,,2444890222
9,12,2,100.0,0.454189,0.0,0.0,0.225511,0.0087890625,0.00439453125,7.080416253302246e-10,6.782728662740996e-11,1242,Ceiling,5,0.001220703125,0.9998885584950835,2048.0,0.5,False,,,2444890222
9,12,2,100.0,0.454189,0.0,0.0,0.225511,0.0087890625,0.00439453125,7.080416253302246e-10,6.782728662740996e-11,1242,Ceiling,6,0.00146484375,0.9998941315899741,2048.0,0.5,False,,,2444890222
9,12,2,100.0,0.454189,0.0,0.0,0.225511,0.0087890625,0.00439453125,7.080416253302246e-10,6.782728662740996e-11,1242,Ceiling,8,0.001953125,0.9999052776186075,2048.0,0.5,False,,,2444890222
9,12,2,100.0,0.454189,0.0,0.0,0.225511,0.0087890625,0.00439453125,7.080416253302246e-10,6.782728662740996e-11,1242,Ceiling,11,0.002685546875,0.9999219602380429,2048.0,0.5,False,,,2444890222
9,12,2,100.0,0.454189,0.0,0.0,0.225511,0.0087890625,0.00439453125,7.080416253302246e-10,6.782728662740996e-11,1242,Ceiling,14,0.00341796875,0.9999385700104491,2048.0,0.5,False,,,2444890222
9,12,2,100.0,0.454189,0.0,0.0,0.225511,0.0087890625,0.00439453125,7.080416253302246e-10,6.782728662740996e-11,1242,Ceiling,18,0.00439453125,0.9999607160534711,2048.0,0.5,False,,,2444890222
9,12,2,100.0,0.454189,0.0,0.0,0.225511,0.0087890625,0.00439453125,7.080416253302246e-10,6.782728662740996e-11,1242,Ceiling,23,0.005615234375,0.9999752205577047,2048.0,0.5,False,,,2444890222
9,12,2,100.0,0.454189,0.0,0.0,0.225511,0.0087890625,0.00439453125,7.080416253302246e-10,6.782728662740996e-11,1242,Ceiling,31,0.007568359375,0.9999912321094531,2048.0,0.5,False,,,2444890222
9,12,2,100.0,0.454189,0.0,0.0,0.225511,0.0087890625,0.00439453125,7.080416253302246e-10,6.782728662740996e-11,1242,Ceiling,40,0.009765625,0.9999999906780056,2048.0,0.5,False,,,2444890222
9,12,2,100.0,0.454189,0.0,0.0,0.225511,0.0087890625,0.00439453125,7.080416253302246e-10,6.782728662740996e-11,1242,Ceiling,52,0.0126953125,0.9999999932087703,2048.0,0.5,False,,,2444890222
9,12,2,100.0,0.454189,0.0,0.0,0.225511,0.0087890625,0.00439453125,7.080416253302246e-10,6.782728662740996e-11,1242,Ceiling,67,0.016357421875,0.9999999946096992,2048.0,0.5,False,,,2444890222
9,12,2,100.0,0.454189,0.0,0.0,0.225511,0.0087890625,0.00439453125,7.080416253302246e-10,6.782728662740996e-11,1242,Ceiling,87,0.021240234375,0.999999995853017,2048.0,0.5,False,,,2444890222
9,12,2,100.0,0.454189,0.0,0.0,0.225511,0.0087890625,0.00439453125,7.080416253302246e-10,6.782728662740996e-11,1242,Ceiling,114,0.02783203125,0.999999997207273,2048.0,0.5,False,,,2444890222
9,12,2,100.0,0.454189,0.0,0.0,0.225511,0.0087890625,0.00439453125,7.080416253302246e-10,6.782728662740996e-11,1242,Ceiling,148,0.0361328125,0.9999999983612916,2048.0,0.5,False,,,2444890222
9,12,2,100.0,0.454189,0.0,0.0,0.225511,0.0087890625,0.00439453125,7.080416253302246e-10,6.782728662740996e-11,1242,Ceiling,192,0.046875,0.9999999993649954,2048.0,0.5,False,,,2444890222
9,12,2,100.0,0.454189,0.0,0.0,0.225511,0.0087890625,0.00439453125,7.080416253302246e-10,6.782728662740996e-11,1242,Ceiling,250,0.06103515625,0.9999999999993302,2048.0,0.5,False,,,2444890222
9,12,2,100.0,0.454189,0.0,0.0,0.225511,0.0087890625,0.00439453125,7.080416253302246e-10,6.782728662740996e-11,1242,Ceiling,325,0.079345703125,0.9999999999998009,2048.0,0.5,False,,,2444890222
9,12,2,100.0,0.454189,0.0,0.0,0.225511,0.0087890625,0.00439453125,7.080416253302246e-10,6.782728662740996e-11,1242,Ceiling,423,0.103271484375,0.9999999999999458,2048.0,0.5,False,,,2444890222
9,12,2,100.0,0.454189,0.0,0.0,0.225511,0.0087890625,0.00439453125,7.080416253302246e-10,6.782728662740996e-11,1242,Ceiling,550,0.13427734375,0.999999999999995,2048.0,0.5,False,,,2444890222
9,12,2,100.0,0.454189,0.0,0.0,0.225511,0.0087890625,0.00439453125,7.080416253302246e-10,6.782728662740996e-11,1242,Ceiling,715,0.174560546875,0.9999999999999994,2048.0,0.5,False,,,2444890222
9,12,2,100.0,0.454189,0.0,0.0,0.225511,0.0087890625,0.00439453125,7.080416253302246e-10,6.782728662740996e-11,1242,Ceiling,931,0.227294921875,0.9999999999999994,2048.0,0.5,False,,,2444890222
9,12,2,100.0,0.454189,0.0,0.0,0.225511,0.0087890625,0.00439453125,7.080416253302246e-10,6.782728662740996e-11,1242,Ceiling,1210,0.29541015625,0.9999999999999994,2048.0,0.5,False,,,2444890222
9,12,2,100.0,0.454189,0.0,0.0,0.225511,0.0087890625,0.00439453125,7.080416253302246e-10,6.782728662740996e-11,1242,Ceiling,1575,0.384521484375,0.9999999999999994,2048.0,0.5,False,,,2444890222
9,12,2,100.0,0.454189,0.0,0.0,0.225511,0.0087890625,0.00439453125,7.080416253302246e-10,6.782728662740996e-11,1242,Ceiling,2048,0.5,0.9999999999999994,2048.0,0.5,False,,,2444890222
9,12,2,100.0,0.454189,0.0,0.0,0.225511,0.0087890625,0.00439453125,7.080416253302246e-10,2.5425533533760614e-11,2614,BARK,1,0.000244140625,2.5425533533760614e-11,924.0,0.2255859375,True,,,2444890222
9,12,2,100.0,0.454189,0.0,0.0,0.225511,0.0087890625,0.00439453125,7.080416253302246e-10,2.5425533533760614e-11,2614,BARK,2,0.00048828125,5.536615521879274e-06,924.0,0.2255859375,True,,,2444890222
9,12,2,100.0,0.454189,0.0,0.0,0.225511,0.0087890625,0.00439453125,7.080416253302246e-10,2.5425533533760614e-11,2614,BARK,3,0.000732421875,0.49829877197920674,924.0,0.2255859375,True,,,2444890222
9,12,2,100.0,0.454189,0.0,0.0,0.225511,0.0087890625,0.00439453125,7.080416253302246e-10,2.5425533533760614e-11,2614,BARK,4,0.0009765625,0.49830430848995927,924.0,0.2255859375,True,,,2444890222
9,12,2,100.0,0.454189,0.0,0.0,0.225511,0.0087890625,0.00439453125,7.080416253302246e-10,2.5425533533760614e-11,2614,BARK,5,0.001220703125,0.49830430862842207,924.0,0.2255859375,True,,,2444890222
9,12,2,100.0,0.454189,0.0,0.0,0.225511,0.0087890625,0.00439453125,7.080416253302246e-10,2.5425533533760614e-11,2614,BARK,6,0.00146484375,0.4983043086284262,924.0,0.2255859375,True,,,2444890222
9,12,2,100.0,0.454189,0.0,0.0,0.225511,0.0087890625,0.00439453125,7.080416253302246e-10,2.5425533533760614e-11,2614,BARK,8,0.001953125,0.4983056928289531,924.0,0.2255859375,True,,,2444890222
9,12,2,100.0,0.454189,0.0,0.0,0.225511,0.0087890625,0.00439453125,7.080416253302246e-10,2.5425533533760614e-11,2614,BARK,11,0.002685546875,0.49830880719738085,924.0,0.2255859375,True,,,2444890222
9,12,2,100.0,0.454189,0.0,0.0,0.225511,0.0087890625,0.00439453125,7.080416253302246e-10,2.5425533533760614e-11,2614,BARK,14,0.00341796875,0.4983108004769853,924.0,0.2255859375,True,,,2444890222
9,12,2,100.0,0.454189,0.0,0.0,0.225511,0.0087890625,0.00439453125,7.080416253302246e-10,2.5425533533760614e-11,2614,BARK,18,0.00439453125,0.4983163373975177,924.0,0.2255859375,True,,,2444890222
9,12,2,100.0,0.454189,0.0,0.0,0.225511,0.0087890625,0.00439453125,7.080416253302246e-10,2.5425533533760614e-11,2614,BARK,23,0.005615234375,0.49831833071363896,924.0,0.2255859375,True,,,2444890222
9,12,2,100.0,0.454189,0.0,0.0,0.225511,0.0087890625,0.00439453125,7.080416253302246e-10,2.5425533533760614e-11,2614,BARK,31,0.007568359375,0.49832386746209506,924.0,0.2255859375,True,,,2444890222
9,12,2,100.0,0.454189,0.0,0.0,0.225511,0.0087890625,0.00439453125,7.080416253302246e-10,2.5425533533760614e-11,2614,BARK,40,0.009765625,0.4983294041759449,924.0,0.2255859375,True,,,2444890222
9,12,2,100.0,0.454189,0.0,0.0,0.225511,0.0087890625,0.00439453125,7.080416253302246e-10,2.5425533533760614e-11,2614,BARK,52,0.0126953125,0.498331398132742,924.0,0.2255859375,True,,,2444890222
9,12,2,100.0,0.454189,0.0,0.0,0.225511,0.0087890625,0.00439453125,7.080416253302246e-10,2.5425533533760614e-11,2614,BARK,67,0.016357421875,0.4983389283829315,924.0,0.2255859375,True,,,2444890222
9,12,2,100.0,0.454189,0.0,0.0,0.225511,0.0087890625,0.00439453125,7.080416253302246e-10,2.5425533533760614e-11,2614,BARK,87,0.021240234375,0.4983440362335831,924.0,0.2255859375,True,,,2444890222
9,12,2,100.0,0.454189,0.0,0.0,0.225511,0.0087890625,0.00439453125,7.080416253302246e-10,2.5425533533760614e-11,2614,BARK,114,0.02783203125,0.4983515667105038,924.0,0.2255859375,True,,,2444890222
9,12,2,100.0,0.454189,0.0,0.0,0.225511,0.0087890625,0.00439453125,7.080416253302246e-10,2.5425533533760614e-11,2614,BARK,148,0.0361328125,0.4983571039667307,924.0,0.2255859375,True,,,2444890222
9,12,2,100.0,0.454189,0.0,0.0,0.225511,0.0087890625,0.00439453125,7.080416253302246e-10,2.5425533533760614e-11,2614,BARK,192,0.046875,0.4983571042841187,924.0,0.2255859375,True,,,2444890222
9,12,2,100.0,0.454189,0.0,0.0,0.225511,0.0087890625,0.00439453125,7.080416253302246e-10,2.5425533533760614e-11,2614,BARK,250,0.06103515625,0.4983571045163953,924.0,0.2255859375,True,,,2444890222
9,12,2,100.0,0.454189,0.0,0.0,0.225511,0.0087890625,0.00439453125,7.080416253302246e-10,2.5425533533760614e-11,2614,BARK,325,0.079345703125,0.49835710480214895,924.0,0.2255859375,True,,,2444890222
9,12,2,100.0,0.454189,0.0,0.0,0.225511,0.0087890625,0.00439453125,7.080416253302246e-10,2.5425533533760614e-11,2614,BARK,423,0.103271484375,0.4983571048591825,924.0,0.2255859375,True,,,2444890222
9,12,2,100.0,0.454189,0.0,0.0,0.225511,0.0087890625,0.00439453125,7.080416253302246e-10,2.5425533533760614e-11,2614,BARK,550,0.13427734375,0.49835710511854475,924.0,0.2255859375,True,,,2444890222
9,12,2,100.0,0.454189,0.0,0.0,0.225511,0.0087890625,0.00439453125,7.080416253302246e-10,2.5425533533760614e-11,2614,BARK,715,0.174560546875,0.4983571949777623,924.0,0.2255859375,True,,,2444890222
9,12,2,100.0,0.454189,0.0,0.0,0.225511,0.0087890625,0.00439453125,7.080416253302246e-10,2.5425533533760614e-11,2614,BARK,931,0.227294921875,0.49835380591176265,924.0,0.2255859375,True,,,2444890222
9,12,2,100.0,0.454189,0.0,0.0,0.225511,0.0087890625,0.00439453125,7.080416253302246e-10,2.5425533533760614e-11,2614,BARK,1210,0.29541015625,0.49835380591176265,924.0,0.2255859375,True,,,2444890222
9,12,2,100.0,0.454189,0.0,0.0,0.225511,0.0087890625,0.00439453125,7.080416253302246e-10,2.5425533533760614e-11,2614,BARK,1575,0.384521484375,0.49835380591176265,924.0,0.2255859375,True,,,2444890222
9,12,2,100.0,0.454189,0.0,0.0,0.225511,0.0087890625,0.00439453125,7.080416253302246e-10,2.5425533533760614e-11,2614,BARK,2048,0.5,0.49835380591176265,924.0,0.2255859375,True,,,2444890222
9,12,2,100.0,0.454189,0.0,0.0,0.225511,0.0087890625,0.00439453125,7.080416253302246e-10,2.5425533533760614e-11,2614,Simplified BARK,1,0.000244140625,2.5425533533760614e-11,924.0,0.2255859375,True,,,2444890222
9,12,2,100.0,0.454189,0.0,0.0,0.225511,0.0087890625,0.00439453125,7.080416253302246e-10,2.5425533533760614e-11,2614,Simplified BARK,2,0.00048828125,1.692948053169263e-14,924.0,0.2255859375,True,,,2444890222
9,12,2,100.0,0.454189,0.0,0.0,0.225511,0.0087890625,0.00439453125,7.080416253302246e-10,2.5425533533760614e-11,2614,Simplified BARK,3,0.000732421875,1.6927781831347138e-14,924.0,0.2255859375,True,,,2444890222
9,12,2,100.0,0.454189,0.0,0.0,0.225511,0.0087890625,0.00439453125,7.080416253302246e-10,2.5425533533760614e-11,2614,Simplified BARK,4,0.0009765625,1.6927781749159665e-14,924.0,0.2255859375,True,,,2444890222
9,12,2,100.0,0.454189,0.0,0.0,0.225511,0.0087890625,0.00439453125,7.080416253302246e-10,2.5425533533760614e-11,2614,Simplified BARK,5,0.001220703125,1.692778175118883e-14,924.0,0.2255859375,True,,,2444890222
9,12,2,100.0,0.454189,0.0,0.0,0.225511,0.0087890625,0.00439453125,7.080416253302246e-10,2.5425533533760614e-11,2614,Simplified BARK,6,0.00146484375,1.6927781751188858e-14,924.0,0.2255859375,True,,,2444890222
9,12,2,100.0,0.454189,0.0,0.0,0.225511,0.0087890625,0.00439453125,7.080416253302246e-10,2.5425533533760614e-11,2614,Simplified BARK,8,0.001953125,1.6927781751188858e-14,924.0,0.2255859375,True,,,2444890222
9,12,2,100.0,0.454189,0.0,0.0,0.225511,0.0087890625,0.00439453125,7.080416253302246e-10,2.5425533533760614e-11,2614,Simplified BARK,11,0.002685546875,1.6927781751188893e-14,924.0,0.2255859375,True,,,2444890222
9,12,2,100.0,0.454189,0.0,0.0,0.225511,0.0087890625,0.00439453125,7.080416253302246e-10,2.5425533533760614e-11,2614,Simplified BARK,14,0.00341796875,1.6927781751188886e-14,924.0,0.2255859375,True,,,2444890222
9,12,2,100.0,0.454189,0.0,0.0,0.225511,0.0087890625,0.00439453125,7.080416253302246e-10,2.5425533533760614e-11,2614,Simplified BARK,18,0.00439453125,1.69277817511889e-14,924.0,0.2255859375,True,,,2444890222
9,12,2,100.0,0.454189,0.0,0.0,0.225511,0.0087890625,0.00439453125,7.080416253302246e-10,2.5425533533760614e-11,2614,Simplified BARK,23,0.005615234375,1.6927781751188912e-14,924.0,0.2255859375,True,,,2444890222
9,12,2,100.0,0.454189,0.0,0.0,0.225511,0.0087890625,0.00439453125,7.080416253302246e-10,2.5425533533760614e-11,2614,Simplified BARK,31,0.007568359375,1.6927781751188975e-14,924.0,0.2255859375,True,,,2444890222
9,12,2,100.0,0.454189,0.0,0.0,0.225511,0.0087890625,0.00439453125,7.080416253302246e-10,2.5425533533760614e-11,2614,Simplified BARK,40,0.009765625,1.6927781754432376e-14,924.0,0.2255859375,True,,,2444890222
9,12,2,100.0,0.454189,0.0,0.0,0.225511,0.0087890625,0.00439453125,7.080416253302246e-10,2.5425533533760614e-11,2614,Simplified BARK,52,0.0126953125,1.9885461033358862e-11,924.0,0.2255859375,True,,,2444890222
9,12,2,100.0,0.454189,0.0,0.0,0.225511,0.0087890625,0.00439453125,7.080416253302246e-10,2.5425533533760614e-11,2614,Simplified BARK,67,0.016357421875,1.2490590071161446e-14,924.0,0.2255859375,True,,,2444890222
9,12,2,100.0,0.454189,0.0,0.0,0.225511,0.0087890625,0.00439453125,7.080416253302246e-10,2.5425533533760614e-11,2614,Simplified BARK,87,0.021240234375,1.007440882595748e-06,924.0,0.2255859375,True,,,2444890222
9,12,2,100.0,0.454189,0.0,0.0,0.225511,0.0087890625,0.00439453125,7.080416253302246e-10,2.5425533533760614e-11,2614,Simplified BARK,114,0.02783203125,2.708735832198928e-21,924.0,0.2255859375,True,,,2444890222
9,12,2,100.0,0.454189,0.0,0.0,0.225511,0.0087890625,0.00439453125,7.080416253302246e-10,2.5425533533760614e-11,2614,Simplified BARK,148,0.0361328125,5.536858337270415e-06,924.0,0.2255859375,True,,,2444890222
9,12,2,100.0,0.454189,0.0,0.0,0.225511,0.0087890625,0.00439453125,7.080416253302246e-10,2.5425533533760614e-11,2614,Simplified BARK,192,0.046875,5.536858406117202e-06,924.0,0.2255859375,True,,,2444890222
9,12,2,100.0,0.454189,0.0,0.0,0.225511,0.0087890625,0.00439453125,7.080416253302246e-10,2.5425533533760614e-11,2614,Simplified BARK,250,0.06103515625,5.5401200207234296e-06,924.0,0.2255859375,True,,,2444890222
9,12,2,100.0,0.454189,0.0,0.0,0.225511,0.0087890625,0.00439453125,7.080416253302246e-10,2.5425533533760614e-11,2614,Simplified BARK,325,0.079345703125,0.5016221600004432,924.0,0.2255859375,True,,,2444890222
9,12,2,100.0,0.454189,0.0,0.0,0.225511,0.0087890625,0.00439453125,7.080416253302246e-10,2.5425533533760614e-11,2614,Simplified BARK,423,0.103271484375,0.5016297404611908,924.0,0.2255859375,True,,,2444890222
9,12,2,100.0,0.454189,0.0,0.0,0.225511,0.0087890625,0.00439453125,7.080416253302246e-10,2.5425533533760614e-11,2614,Simplified BARK,550,0.13427734375,0.5016317473640312,924.0,0.2255859375,True,,,2444890222
9,12,2,100.0,0.454189,0.0,0.0,0.225511,0.0087890625,0.00439453125,7.080416253302246e-10,2.5425533533760614e-11,2614,Simplified BARK,715,0.174560546875,0.5016375828375608,924.0,0.2255859375,True,,,2444890222
9,12,2,100.0,0.454189,0.0,0.0,0.225511,0.0087890625,0.00439453125,7.080416253302246e-10,2.5425533533760614e-11,2614,Simplified BARK,931,0.227294921875,0.5016450783402153,924.0,0.2255859375,True,,,2444890222
9,12,2,100.0,0.454189,0.0,0.0,0.225511,0.0087890625,0.00439453125,7.080416253302246e-10,2.5425533533760614e-11,2614,Simplified BARK,1210,0.29541015625,0.5016450783402153,924.0,0.2255859375,True,,,2444890222
9,12,2,100.0,0.454189,0.0,0.0,0.225511,0.0087890625,0.00439453125,7.080416253302246e-10,2.5425533533760614e-11,2614,Simplified BARK,1575,0.384521484375,0.5016450783402153,924.0,0.2255859375,True,,,2444890222
9,12,2,100.0,0.454189,0.0,0.0,0.225511,0.0087890625,0.00439453125,7.080416253302246e-10,2.5425533533760614e-11,2614,Simplified BARK,2048,0.5,0.5016450783402153,924.0,0.2255859375,True,,,2444890222
9,12,2,100.0,0.454189,0.0,0.0,0.225511,0.0087890625,0.00439453125,7.080416253302246e-10,2.5425533533760614e-11,2614,SKQD,1,0.000244140625,2.5425533533760617e-11,8.333333333333334,0.0020345052083333335,True,0.02,300.0,2444890222
9,12,2,100.0,0.454189,0.0,0.0,0.225511,0.0087890625,0.00439453125,7.080416253302246e-10,2.5425533533760614e-11,2614,SKQD,2,0.00048828125,1.2861307144722946e-11,8.333333333333334,0.0020345052083333335,True,0.02,300.0,2444890222
9,12,2,100.0,0.454189,0.0,0.0,0.225511,0.0087890625,0.00439453125,7.080416253302246e-10,2.5425533533760614e-11,2614,SKQD,3,0.000732421875,1.2882440995079287e-11,8.333333333333334,0.0020345052083333335,True,0.02,300.0,2444890222
9,12,2,100.0,0.454189,0.0,0.0,0.225511,0.0087890625,0.00439453125,7.080416253302246e-10,2.5425533533760614e-11,2614,SKQD,4,0.0009765625,1.2883180274908078e-11,8.333333333333334,0.0020345052083333335,True,0.02,300.0,2444890222
9,12,2,100.0,0.454189,0.0,0.0,0.225511,0.0087890625,0.00439453125,7.080416253302246e-10,2.5425533533760614e-11,2614,SKQD,5,0.001220703125,8.857203289640689e-12,8.333333333333334,0.0020345052083333335,True,0.02,300.0,2444890222
9,12,2,100.0,0.454189,0.0,0.0,0.225511,0.0087890625,0.00439453125,7.080416253302246e-10,2.5425533533760614e-11,2614,SKQD,6,0.00146484375,4.6138857690456237e-07,8.333333333333334,0.0020345052083333335,True,0.02,300.0,2444890222
9,12,2,100.0,0.454189,0.0,0.0,0.225511,0.0087890625,0.00439453125,7.080416253302246e-10,2.5425533533760614e-11,2614,SKQD,8,0.001953125,3.461006305758658e-07,8.333333333333334,0.0020345052083333335,True,0.02,300.0,2444890222
9,12,2,100.0,0.454189,0.0,0.0,0.225511,0.0087890625,0.00439453125,7.080416253302246e-10,2.5425533533760614e-11,2614,SKQD,11,0.002685546875,2.6919922338737336e-07,8.333333333333334,0.0020345052083333335,True,0.02,300.0,2444890222
9,12,2,100.0,0.454189,0.0,0.0,0.225511,0.0087890625,0.00439453125,7.080416253302246e-10,2.5425533533760614e-11,2614,SKQD,14,0.00341796875,1.5389033541185517e-07,8.333333333333334,0.0020345052083333335,True,0.02,300.0,2444890222
9,12,2,100.0,0.454189,0.0,0.0,0.225511,0.0087890625,0.00439453125,7.080416253302246e-10,2.5425533533760614e-11,2614,SKQD,18,0.00439453125,1.5389033541185517e-07,8.333333333333334,0.0020345052083333335,True,0.02,300.0,2444890222
9,12,2,100.0,0.454189,0.0,0.0,0.225511,0.0087890625,0.00439453125,7.080416253302246e-10,2.5425533533760614e-11,2614,SKQD,23,0.005615234375,1.5389033541185517e-07,8.333333333333334,0.0020345052083333335,True,0.02,300.0,2444890222
9,12,2,100.0,0.454189,0.0,0.0,0.225511,0.0087890625,0.00439453125,7.080416253302246e-10,2.5425533533760614e-11,2614,SKQD,31,0.007568359375,1.5389033541185517e-07,8.333333333333334,0.0020345052083333335,True,0.02,300.0,2444890222
9,12,2,100.0,0.454189,0.0,0.0,0.225511,0.0087890625,0.00439453125,7.080416253302246e-10,2.5425533533760614e-11,2614,SKQD,40,0.009765625,1.5389033541185517e-07,8.333333333333334,0.0020345052083333335,True,0.02,300.0,2444890222
9,12,2,100.0,0.454189,0.0,0.0,0.225511,0.0087890625,0.00439453125,7.080416253302246e-10,2.5425533533760614e-11,2614,SKQD,52,0.0126953125,1.5389033541185517e-07,8.333333333333334,0.0020345052083333335,True,0.02,300.0,2444890222
9,12,2,100.0,0.454189,0.0,0.0,0.225511,0.0087890625,0.00439453125,7.080416253302246e-10,2.5425533533760614e-11,2614,SKQD,67,0.016357421875,1.5389033541185517e-07,8.333333333333334,0.0020345052083333335,True,0.02,300.0,2444890222
9,12,2,100.0,0.454189,0.0,0.0,0.225511,0.0087890625,0.00439453125,7.080416253302246e-10,2.5425533533760614e-11,2614,SKQD,87,0.021240234375,1.5389033541185517e-07,8.333333333333334,0.0020345052083333335,True,0.02,300.0,2444890222
9,12,2,100.0,0.454189,0.0,0.0,0.225511,0.0087890625,0.00439453125,7.080416253302246e-10,2.5425533533760614e-11,2614,SKQD,114,0.02783203125,1.5389033541185517e-07,8.333333333333334,0.0020345052083333335,True,0.02,300.0,2444890222
9,12,2,100.0,0.454189,0.0,0.0,0.225511,0.0087890625,0.00439453125,7.080416253302246e-10,2.5425533533760614e-11,2614,SKQD,148,0.0361328125,1.5389033541185517e-07,8.333333333333334,0.0020345052083333335,True,0.02,300.0,2444890222
9,12,2,100.0,0.454189,0.0,0.0,0.225511,0.0087890625,0.00439453125,7.080416253302246e-10,2.5425533533760614e-11,2614,SKQD,192,0.046875,1.5389033541185517e-07,8.333333333333334,0.0020345052083333335,True,0.02,300.0,2444890222
9,12,2,100.0,0.454189,0.0,0.0,0.225511,0.0087890625,0.00439453125,7.080416253302246e-10,2.5425533533760614e-11,2614,SKQD,250,0.06103515625,1.5389033541185517e-07,8.333333333333334,0.0020345052083333335,True,0.02,300.0,2444890222
9,12,2,100.0,0.454189,0.0,0.0,0.225511,0.0087890625,0.00439453125,7.080416253302246e-10,2.5425533533760614e-11,2614,SKQD,325,0.079345703125,1.5389033541185517e-07,8.333333333333334,0.0020345052083333335,True,0.02,300.0,2444890222
9,12,2,100.0,0.454189,0.0,0.0,0.225511,0.0087890625,0.00439453125,7.080416253302246e-10,2.5425533533760614e-11,2614,SKQD,423,0.103271484375,1.5389033541185517e-07,8.333333333333334,0.0020345052083333335,True,0.02,300.0,2444890222
9,12,2,100.0,0.454189,0.0,0.0,0.225511,0.0087890625,0.00439453125,7.080416253302246e-10,2.5425533533760614e-11,2614,SKQD,550,0.13427734375,1.5389033541185517e-07,8.333333333333334,0.0020345052083333335,True,0.02,300.0,2444890222
9,12,2,100.0,0.454189,0.0,0.0,0.225511,0.0087890625,0.00439453125,7.080416253302246e-10,2.5425533533760614e-11,2614,SKQD,715,0.174560546875,1.5389033541185517e-07,8.333333333333334,0.0020345052083333335,True,0.02,300.0,2444890222
9,12,2,100.0,0.454189,0.0,0.0,0.225511,0.0087890625,0.00439453125,7.080416253302246e-10,2.5425533533760614e-11,2614,SKQD,931,0.227294921875,1.5389033541185517e-07,8.333333333333334,0.0020345052083333335,True,0.02,300.0,2444890222
9,12,2,100.0,0.454189,0.0,0.0,0.225511,0.0087890625,0.00439453125,7.080416253302246e-10,2.5425533533760614e-11,2614,SKQD,1210,0.29541015625,1.5389033541185517e-07,8.333333333333334,0.0020345052083333335,True,0.02,300.0,2444890222
9,12,2,100.0,0.454189,0.0,0.0,0.225511,0.0087890625,0.00439453125,7.080416253302246e-10,2.5425533533760614e-11,2614,SKQD,1575,0.384521484375,1.5389033541185517e-07,8.333333333333334,0.0020345052083333335,True,0.02,300.0,2444890222
9,12,2,100.0,0.454189,0.0,0.0,0.225511,0.0087890625,0.00439453125,7.080416253302246e-10,2.5425533533760614e-11,2614,SKQD,2048,0.5,1.5389033541185517e-07,8.333333333333334,0.0020345052083333335,True,0.02,300.0,2444890222
9,12,2,100.0,0.454189,0.0,0.0,0.225511,0.0087890625,0.00439453125,7.080416253302246e-10,2.5425533533760614e-11,2614,Ceiling,1,0.000244140625,0.5015786038446068,2048.0,0.5,False,,,2444890222
9,12,2,100.0,0.454189,0.0,0.0,0.225511,0.0087890625,0.00439453125,7.080416253302246e-10,2.5425533533760614e-11,2614,Ceiling,2,0.00048828125,0.9998718392104118,2048.0,0.5,False,,,2444890222
9,12,2,100.0,0.454189,0.0,0.0,0.225511,0.0087890625,0.00439453125,7.080416253302246e-10,2.5425533533760614e-11,2614,Ceiling,3,0.000732421875,0.9998774123053024,2048.0,0.5,False,,,2444890222
9,12,2,100.0,0.454189,0.0,0.0,0.225511,0.0087890625,0.00439453125,7.080416253302246e-10,2.5425533533760614e-11,2614,Ceiling,4,0.0009765625,0.9998829854001929,2048.0,0.5,False,,,2444890222
9,12,2,100.0,0.454189,0.0,0.0,0.225511,0.0087890625,0.00439453125,7.080416253302246e-10,2.5425533533760614e-11,2614,Ceiling,5,0.001220703125,0.9998885584950835,2048.0,0.5,False,,,2444890222
9,12,2,100.0,0.454189,0.0,0.0,0.225511,0.0087890625,0.00439453125,7.080416253302246e-10,2.5425533533760614e-11,2614,Ceiling,6,0.00146484375,0.9998941315899741,2048.0,0.5,False,,,2444890222
9,12,2,100.0,0.454189,0.0,0.0,0.225511,0.0087890625,0.00439453125,7.080416253302246e-10,2.5425533533760614e-11,2614,Ceiling,8,0.001953125,0.9999052776186075,2048.0,0.5,False,,,2444890222
9,12,2,100.0,0.454189,0.0,0.0,0.225511,0.0087890625,0.00439453125,7.080416253302246e-10,2.5425533533760614e-11,2614,Ceiling,11,0.002685546875,0.9999219602380429,2048.0,0.5,False,,,2444890222
9,12,2,100.0,0.454189,0.0,0.0,0.225511,0.0087890625,0.00439453125,7.080416253302246e-10,2.5425533533760614e-11,2614,Ceiling,14,0.00341796875,0.9999385700104491,2048.0,0.5,False,,,2444890222
9,12,2,100.0,0.454189,0.0,0.0,0.225511,0.0087890625,0.00439453125,7.080416253302246e-10,2.5425533533760614e-11,2614,Ceiling,18,0.00439453125,0.9999607160534711,2048.0,0.5,False,,,2444890222
9,12,2,100.0,0.454189,0.0,0.0,0.225511,0.0087890625,0.00439453125,7.080416253302246e-10,2.5425533533760614e-11,2614,Ceiling,23,0.005615234375,0.9999752205577047,2048.0,0.5,False,,,2444890222
9,12,2,100.0,0.454189,0.0,0.0,0.225511,0.0087890625,0.00439453125,7.080416253302246e-10,2.5425533533760614e-11,2614,Ceiling,31,0.007568359375,0.9999912321094531,2048.0,0.5,False,,,2444890222
9,12,2,100.0,0.454189,0.0,0.0,0.225511,0.0087890625,0.00439453125,7.080416253302246e-10,2.5425533533760614e-11,2614,Ceiling,40,0.009765625,0.9999999906780056,2048.0,0.5,False,,,2444890222
9,12,2,100.0,0.454189,0.0,0.0,0.225511,0.0087890625,0.00439453125,7.080416253302246e-10,2.5425533533760614e-11,2614,Ceiling,52,0.0126953125,0.9999999932087703,2048.0,0.5,False,,,2444890222
9,12,2,100.0,0.454189,0.0,0.0,0.225511,0.0087890625,0.00439453125,7.080416253302246e-10,2.5425533533760614e-11,2614,Ceiling,67,0.016357421875,0.9999999946096992,2048.0,0.5,False,,,2444890222
9,12,2,100.0,0.454189,0.0,0.0,0.225511,0.0087890625,0.00439453125,7.080416253302246e-10,2.5425533533760614e-11,2614,Ceiling,87,0.021240234375,0.999999995853017,2048.0,0.5,False,,,2444890222
9,12,2,100.0,0.454189,0.0,0.0,0.225511,0.0087890625,0.00439453125,7.080416253302246e-10,2.5425533533760614e-11,2614,Ceiling,114,0.02783203125,0.999999997207273,2048.0,0.5,False,,,2444890222
9,12,2,100.0,0.454189,0.0,0.0,0.225511,0.0087890625,0.00439453125,7.080416253302246e-10,2.5425533533760614e-11,2614,Ceiling,148,0.0361328125,0.9999999983612916,2048.0,0.5,False,,,2444890222
9,12,2,100.0,0.454189,0.0,0.0,0.225511,0.0087890625,0.00439453125,7.080416253302246e-10,2.5425533533760614e-11,2614,Ceiling,192,0.046875,0.9999999993649954,2048.0,0.5,False,,,2444890222
9,12,2,100.0,0.454189,0.0,0.0,0.225511,0.0087890625,0.00439453125,7.080416253302246e-10,2.5425533533760614e-11,2614,Ceiling,250,0.06103515625,0.9999999999993302,2048.0,0.5,False,,,2444890222
9,12,2,100.0,0.454189,0.0,0.0,0.225511,0.0087890625,0.00439453125,7.080416253302246e-10,2.5425533533760614e-11,2614,Ceiling,325,0.079345703125,0.9999999999998009,2048.0,0.5,False,,,2444890222
9,12,2,100.0,0.454189,0.0,0.0,0.225511,0.0087890625,0.00439453125,7.080416253302246e-10,2.5425533533760614e-11,2614,Ceiling,423,0.103271484375,0.9999999999999458,2048.0,0.5,False,,,2444890222
9,12,2,100.0,0.454189,0.0,0.0,0.225511,0.0087890625,0.00439453125,7.080416253302246e-10,2.5425533533760614e-11,2614,Ceiling,550,0.13427734375,0.999999999999995,2048.0,0.5,False,,,2444890222
9,12,2,100.0,0.454189,0.0,0.0,0.225511,0.0087890625,0.00439453125,7.080416253302246e-10,2.5425533533760614e-11,2614,Ceiling,715,0.174560546875,0.9999999999999994,2048.0,0.5,False,,,2444890222
9,12,2,100.0,0.454189,0.0,0.0,0.225511,0.0087890625,0.00439453125,7.080416253302246e-10,2.5425533533760614e-11,2614,Ceiling,931,0.227294921875,0.9999999999999994,2048.0,0.5,False,,,2444890222
9,12,2,100.0,0.454189,0.0,0.0,0.225511,0.0087890625,0.00439453125,7.080416253302246e-10,2.5425533533760614e-11,2614,Ceiling,1210,0.29541015625,0.9999999999999994,2048.0,0.5,False,,,2444890222
9,12,2,100.0,0.454189,0.0,0.0,0.225511,0.0087890625,0.00439453125,7.080416253302246e-10,2.5425533533760614e-11,2614,Ceiling,1575,0.384521484375,0.9999999999999994,2048.0,0.5,False,,,2444890222
9,12,2,100.0,0.454189,0.0,0.0,0.225511,0.0087890625,0.00439453125,7.080416253302246e-10,2.5425533533760614e-11,2614,Ceiling,2048,0.5,0.9999999999999994,2048.0,0.5,False,,,2444890222
9,12,2,100.0,0.454189,0.0,0.0,0.225511,0.0087890625,0.00439453125,7.080416253302246e-10,1.2460318390382338e-11,2234,BARK,1,0.000244140625,1.2460318390382338e-11,924.0,0.2255859375,True,,,2444890222
9,12,2,100.0,0.454189,0.0,0.0,0.225511,0.0087890625,0.00439453125,7.080416253302246e-10,1.2460318390382338e-11,2234,BARK,2,0.00048828125,3.5029799517515506e-14,924.0,0.2255859375,True,,,2444890222
9,12,2,100.0,0.454189,0.0,0.0,0.225511,0.0087890625,0.00439453125,7.080416253302246e-10,1.2460318390382338e-11,2234,BARK,3,0.000732421875,1.3940062749669403e-10,924.0,0.2255859375,True,,,2444890222
9,12,2,100.0,0.454189,0.0,0.0,0.225511,0.0087890625,0.00439453125,7.080416253302246e-10,1.2460318390382338e-11,2234,BARK,4,0.0009765625,5.57309504892363e-06,924.0,0.2255859375,True,,,2444890222
9,12,2,100.0,0.454189,0.0,0.0,0.225511,0.0087890625,0.00439453125,7.080416253302246e-10,1.2460318390382338e-11,2234,BARK,5,0.001220703125,0.5015841770440185,924.0,0.2255859375,True,,,2444890222
9,12,2,100.0,0.454189,0.0,0.0,0.225511,0.0087890625,0.00439453125,7.080416253302246e-10,1.2460318390382338e-11,2234,BARK,6,0.00146484375,0.5015897501737668,924.0,0.2255859375,True,,,2444890222
9,12,2,100.0,0.454189,0.0,0.0,0.225511,0.0087890625,0.00439453125,7.080416253302246e-10,1.2460318390382338e-11,2234,BARK,8,0.001953125,0.5015953234946344,924.0,0.2255859375,True,,,2444890222
9,12,2,100.0,0.454189,0.0,0.0,0.225511,0.0087890625,0.00439453125,7.080416253302246e-10,1.2460318390382338e-11,2234,BARK,11,0.002685546875,0.501595323590656,924.0,0.2255859375,True,,,2444890222
9,12,2,100.0,0.454189,0.0,0.0,0.225511,0.0087890625,0.00439453125,7.080416253302246e-10,1.2460318390382338e-11,2234,BARK,14,0.00341796875,0.501600464870237,924.0,0.2255859375,True,,,2444890222
9,12,2,100.0,0.454189,0.0,0.0,0.225511,0.0087890625,0.00439453125,7.080416253302246e-10,1.2460318390382338e-11,2234,BARK,18,0.00439453125,0.5016024713584661,924.0,0.2255859375,True,,,2444890222
9,12,2,100.0,0.454189,0.0,0.0,0.225511,0.0087890625,0.00439453125,7.080416253302246e-10,1.2460318390382338e-11,2234,BARK,23,0.005615234375,0.501608044798078,924.0,0.2255859375,True,,,2444890222
9,12,2,100.0,0.454189,0.0,0.0,0.225511,0.0087890625,0.00439453125,7.080416253302246e-10,1.2460318390382338e-11,2234,BARK,31,0.007568359375,0.5016100513720286,924.0,0.2255859375,True,,,2444890222
9,12,2,100.0,0.454189,0.0,0.0,0.225511,0.0087890625,0.00439453125,7.080416253302246e-10,1.2460318390382338e-11,2234,BARK,40,0.009765625,0.5016120578390385,924.0,0.2255859375,True,,,2444890222
9,12,2,100.0,0.454189,0.0,0.0,0.225511,0.0087890625,0.00439453125,7.080416253302246e-10,1.2460318390382338e-11,2234,BARK,52,0.0126953125,0.501623204668074,924.0,0.2255859375,True,,,2444890222
9,12,2,100.0,0.454189,0.0,0.0,0.225511,0.0087890625,0.00439453125,7.080416253302246e-10,1.2460318390382338e-11,2234,BARK,67,0.016357421875,0.5016287779370964,924.0,0.2255859375,True,,,2444890222
9,12,2,100.0,0.454189,0.0,0.0,0.225511,0.0087890625,0.00439453125,7.080416253302246e-10,1.2460318390382338e-11,2234,BARK,87,0.021240234375,0.5016287784211366,924.0,0.2255859375,True,,,2444890222
9,12,2,100.0,0.454189,0.0,0.0,0.225511,0.0087890625,0.00439453125,7.080416253302246e-10,1.2460318390382338e-11,2234,BARK,114,0.02783203125,0.5016363586376537,924.0,0.2255859375,True,,,2444890222
9,12,2,100.0,0.454189,0.0,0.0,0.225511,0.0087890625,0.00439453125,7.080416253302246e-10,1.2460318390382338e-11,2234,BARK,148,0.0361328125,0.501639493848583,924.0,0.2255859375,True,,,2444890222
9,12,2,100.0,0.454189,0.0,0.0,0.225511,0.0087890625,0.00439453125,7.080416253302246e-10,1.2460318390382338e-11,2234,BARK,192,0.046875,0.5016394940587069,924.0,0.2255859375,True,,,2444890222
9,12,2,100.0,0.454189,0.0,0.0,0.225511,0.0087890625,0.00439453125,7.080416253302246e-10,1.2460318390382338e-11,2234,BARK,250,0.06103515625,0.5016428942106474,924.0,0.2255859375,True,,,2444890222
9,12,2,100.0,0.454189,0.0,0.0,0.225511,0.0087890625,0.00439453125,7.080416253302246e-10,1.2460318390382338e-11,2234,BARK,325,0.079345703125,0.5016428945611593,924.0,0.2255859375,True,,,2444890222
9,12,2,100.0,0.454189,0.0,0.0,0.225511,0.0087890625,0.00439453125,7.080416253302246e-10,1.2460318390382338e-11,2234,BARK,423,0.103271484375,0.5016428946646927,924.0,0.2255859375,True,,,2444890222
9,12,2,100.0,0.454189,0.0,0.0,0.225511,0.0087890625,0.00439453125,7.080416253302246e-10,1.2460318390382338e-11,2234,BARK,550,0.13427734375,0.5016428947298992,924.0,0.2255859375,True,,,2444890222
9,12,2,100.0,0.454189,0.0,0.0,0.225511,0.0087890625,0.00439453125,7.080416253302246e-10,1.2460318390382338e-11,2234,BARK,715,0.174560546875,0.5016429095239238,924.0,0.2255859375,True,,,2444890222
9,12,2,100.0,0.454189,0.0,0.0,0.225511,0.0087890625,0.00439453125,7.080416253302246e-10,1.2460318390382338e-11,2234,BARK,931,0.227294921875,0.5016450889142035,924.0,0.2255859375,True,,,2444890222
9,12,2,100.0,0.454189,0.0,0.0,0.225511,0.0087890625,0.00439453125,7.080416253302246e-10,1.2460318390382338e-11,2234,BARK,1210,0.29541015625,0.5016450889142035,924.0,0.2255859375,True,,,2444890222
9,12,2,100.0,0.454189,0.0,0.0,0.225511,0.0087890625,0.00439453125,7.080416253302246e-10,1.2460318390382338e-11,2234,BARK,1575,0.384521484375,0.5016450889142035,924.0,0.2255859375,True,,,2444890222
9,12,2,100.0,0.454189,0.0,0.0,0.225511,0.0087890625,0.00439453125,7.080416253302246e-10,1.2460318390382338e-11,2234,BARK,2048,0.5,0.5016450889142035,924.0,0.2255859375,True,,,2444890222
9,12,2,100.0,0.454189,0.0,0.0,0.225511,0.0087890625,0.00439453125,7.080416253302246e-10,1.2460318390382338e-11,2234,Simplified BARK,1,0.000244140625,1.2460318390382338e-11,924.0,0.2255859375,True,,,2444890222
9,12,2,100.0,0.454189,0.0,0.0,0.225511,0.0087890625,0.00439453125,7.080416253302246e-10,1.2460318390382338e-11,2234,Simplified BARK,2,0.00048828125,3.5029799517515506e-14,924.0,0.2255859375,True,,,2444890222
9,12,2,100.0,0.454189,0.0,0.0,0.225511,0.0087890625,0.00439453125,7.080416253302246e-10,1.2460318390382338e-11,2234,Simplified BARK,3,0.000732421875,4.1147422407705704e-14,924.0,0.2255859375,True,,,2444890222
9,12,2,100.0,0.454189,0.0,0.0,0.225511,0.0087890625,0.00439453125,7.080416253302246e-10,1.2460318390382338e-11,2234,Simplified BARK,4,0.0009765625,4.1147529936599113e-14,924.0,0.2255859375,True,,,2444890222
9,12,2,100.0,0.454189,0.0,0.0,0.225511,0.0087890625,0.00439453125,7.080416253302246e-10,1.2460318390382338e-11,2234,Simplified BARK,5,0.001220703125,4.1147529938598383e-14,924.0,0.2255859375,True,,,2444890222
9,12,2,100.0,0.454189,0.0,0.0,0.225511,0.0087890625,0.00439453125,7.080416253302246e-10,1.2460318390382338e-11,2234,Simplified BARK,6,0.00146484375,4.114752993859842e-14,924.0,0.2255859375,True,,,2444890222
9,12,2,100.0,0.454189,0.0,0.0,0.225511,0.0087890625,0.00439453125,7.080416253302246e-10,1.2460318390382338e-11,2234,Simplified BARK,8,0.001953125,4.114752993859842e-14,924.0,0.2255859375,True,,,2444890222
9,12,2,100.0,0.454189,0.0,0.0,0.225511,0.0087890625,0.00439453125,7.080416253302246e-10,1.2460318390382338e-11,2234,Simplified BARK,11,0.002685546875,4.1147529938953156e-14,924.0,0.2255859375,True,,,2444890222
9,12,2,100.0,0.454189,0.0,0.0,0.225511,0.0087890625,0.00439453125,7.080416253302246e-10,1.2460318390382338e-11,2234,Simplified BARK,14,0.00341796875,4.1147529939991676e-14,924.0,0.2255859375,True,,,2444890222
9,12,2,100.0,0.454189,0.0,0.0,0.225511,0.0087890625,0.00439453125,7.080416253302246e-10,1.2460318390382338e-11,2234,Simplified BARK,18,0.00439453125,4.114752994456767e-14,924.0,0.2255859375,True,,,2444890222
9,12,2,100.0,0.454189,0.0,0.0,0.225511,0.0087890625,0.00439453125,7.080416253302246e-10,1.2460318390382338e-11,2234,Simplified BARK,23,0.005615234375,4.114765369023115e-14,924.0,0.2255859375,True,,,2444890222
9,12,2,100.0,0.454189,0.0,0.0,0.225511,0.0087890625,0.00439453125,7.080416253302246e-10,1.2460318390382338e-11,2234,Simplified BARK,31,0.007568359375,4.114825058509275e-14,924.0,0.2255859375,True,,,2444890222
9,12,2,100.0,0.454189,0.0,0.0,0.225511,0.0087890625,0.00439453125,7.080416253302246e-10,1.2460318390382338e-11,2234,Simplified BARK,40,0.009765625,4.1148250585092794e-14,924.0,0.2255859375,True,,,2444890222
9,12,2,100.0,0.454189,0.0,0.0,0.225511,0.0087890625,0.00439453125,7.080416253302246e-10,1.2460318390382338e-11,2234,Simplified BARK,52,0.0126953125,4.1148250597158144e-14,924.0,0.2255859375,True,,,2444890222
9,12,2,100.0,0.454189,0.0,0.0,0.225511,0.0087890625,0.00439453125,7.080416253302246e-10,1.2460318390382338e-11,2234,Simplified BARK,67,0.016357421875,1.2490759137815095e-14,924.0,0.2255859375,True,,,2444890222
9,12,2,100.0,0.454189,0.0,0.0,0.225511,0.0087890625,0.00439453125,7.080416253302246e-10,1.2460318390382338e-11,2234,Simplified BARK,87,0.021240234375,1.0074408865711134e-06,924.0,0.2255859375,True,,,2444890222
9,12,2,100.0,0.454189,0.0,0.0,0.225511,0.0087890625,0.00439453125,7.080416253302246e-10,1.2460318390382338e-11,2234,Simplified BARK,114,0.02783203125,2.7087040126104993e-21,924.0,0.2255859375,True,,,2444890222
9,12,2,100.0,0.454189,0.0,0.0,0.225511,0.0087890625,0.00439453125,7.080416253302246e-10,1.2460318390382338e-11,2234,Simplified BARK,148,0.0361328125,5.53685835109155e-06,924.0,0.2255859375,True,,,2444890222
9,12,2,100.0,0.454189,0.0,0.0,0.225511,0.0087890625,0.00439453125,7.080416253302246e-10,1.2460318390382338e-11,2234,Simplified BARK,192,0.046875,5.536858419946226e-06,924.0,0.2255859375,True,,,2444890222
9,12,2,100.0,0.454189,0.0,0.0,0.225511,0.0087890625,0.00439453125,7.080416253302246e-10,1.2460318390382338e-11,2234,Simplified BARK,250,0.06103515625,5.540120010109758e-06,924.0,0.2255859375,True,,,2444890222
9,12,2,100.0,0.454189,0.0,0.0,0.225511,0.0087890625,0.00439453125,7.080416253302246e-10,1.2460318390382338e-11,2234,Simplified BARK,325,0.079345703125,0.5016221600004432,924.0,0.2255859375,True,,,2444890222
9,12,2,100.0,0.454189,0.0,0.0,0.225511,0.0087890625,0.00439453125,7.080416253302246e-10,1.2460318390382338e-11,2234,Simplified BARK,423,0.103271484375,0.5016297404611908,924.0,0.2255859375,True,,,2444890222
9,12,2,100.0,0.454189,0.0,0.0,0.225511,0.0087890625,0.00439453125,7.080416253302246e-10,1.2460318390382338e-11,2234,Simplified BARK,550,0.13427734375,0.5016317473640317,924.0,0.2255859375,True,,,2444890222
9,12,2,100.0,0.454189,0.0,0.0,0.225511,0.0087890625,0.00439453125,7.080416253302246e-10,1.2460318390382338e-11,2234,Simplified BARK,715,0.174560546875,0.501637582837568,924.0,0.2255859375,True,,,2444890222
9,12,2,100.0,0.454189,0.0,0.0,0.225511,0.0087890625,0.00439453125,7.080416253302246e-10,1.2460318390382338e-11,2234,Simplified BARK,931,0.227294921875,0.5016450783403511,924.0,0.2255859375,True,,,2444890222
9,12,2,100.0,0.454189,0.0,0.0,0.225511,0.0087890625,0.00439453125,7.080416253302246e-10,1.2460318390382338e-11,2234,Simplified BARK,1210,0.29541015625,0.5016450783403511,924.0,0.2255859375,True,,,2444890222
9,12,2,100.0,0.454189,0.0,0.0,0.225511,0.0087890625,0.00439453125,7.080416253302246e-10,1.2460318390382338e-11,2234,Simplified BARK,1575,0.384521484375,0.5016450783403511,924.0,0.2255859375,True,,,2444890222
9,12,2,100.0,0.454189,0.0,0.0,0.225511,0.0087890625,0.00439453125,7.080416253302246e-10,1.2460318390382338e-11,2234,Simplified BARK,2048,0.5,0.5016450783403511,924.0,0.2255859375,True,,,2444890222
9,12,2,100.0,0.454189,0.0,0.0,0.225511,0.0087890625,0.00439453125,7.080416253302246e-10,1.2460318390382338e-11,2234,SKQD,1,0.000244140625,1.2460318390382338e-11,100.33333333333333,0.024495442708333332,True,0.5,1000.0,2444890222
9,12,2,100.0,0.454189,0.0,0.0,0.225511,0.0087890625,0.00439453125,7.080416253302246e-10,1.2460318390382338e-11,2234,SKQD,2,0.00048828125,1.0402182320590188e-11,100.33333333333333,0.024495442708333332,True,0.5,1000.0,2444890222
9,12,2,100.0,0.454189,0.0,0.0,0.225511,0.0087890625,0.00439453125,7.080416253302246e-10,1.2460318390382338e-11,2234,SKQD,3,0.000732421875,6.2494125457957855e-12,100.33333333333333,0.024495442708333332,True,0.5,1000.0,2444890222
9,12,2,100.0,0.454189,0.0,0.0,0.225511,0.0087890625,0.00439453125,7.080416253302246e-10,1.2460318390382338e-11,2234,SKQD,4,0.0009765625,6.868374929899903e-12,100.33333333333333,0.024495442708333332,True,0.5,1000.0,2444890222
9,12,2,100.0,0.454189,0.0,0.0,0.225511,0.0087890625,0.00439453125,7.080416253302246e-10,1.2460318390382338e-11,2234,SKQD,5,0.001220703125,6.868374929899903e-12,100.33333333333333,0.024495442708333332,True,0.5,1000.0,2444890222
9,12,2,100.0,0.454189,0.0,0.0,0.225511,0.0087890625,0.00439453125,7.080416253302246e-10,1.2460318390382338e-11,2234,SKQD,6,0.00146484375,6.644243920620196e-07,100.33333333333333,0.024495442708333332,True,0.5,1000.0,2444890222
9,12,2,100.0,0.454189,0.0,0.0,0.225511,0.0087890625,0.00439453125,7.080416253302246e-10,1.2460318390382338e-11,2234,SKQD,8,0.001953125,6.644243953247324e-07,100.33333333333333,0.024495442708333332,True,0.5,1000.0,2444890222
9,12,2,100.0,0.454189,0.0,0.0,0.225511,0.0087890625,0.00439453125,7.080416253302246e-10,1.2460318390382338e-11,2234,SKQD,11,0.002685546875,1.3288398022779143e-06,100.33333333333333,0.024495442708333332,True,0.5,1000.0,2444890222
9,12,2,100.0,0.454189,0.0,0.0,0.225511,0.0087890625,0.00439453125,7.080416253302246e-10,1.2460318390382338e-11,2234,SKQD,14,0.00341796875,1.3288619550053935e-06,100.33333333333333,0.024495442708333332,True,0.5,1000.0,2444890222
9,12,2,100.0,0.454189,0.0,0.0,0.225511,0.0087890625,0.00439453125,7.080416253302246e-10,1.2460318390382338e-11,2234,SKQD,18,0.00439453125,1.328874878222284e-06,100.33333333333333,0.024495442708333332,True,0.5,1000.0,2444890222
9,12,2,100.0,0.454189,0.0,0.0,0.225511,0.0087890625,0.00439453125,7.080416253302246e-10,1.2460318390382338e-11,2234,SKQD,23,0.005615234375,1.3288896471636723e-06,100.33333333333333,0.024495442708333332,True,0.5,1000.0,2444890222
9,12,2,100.0,0.454189,0.0,0.0,0.225511,0.0087890625,0.00439453125,7.080416253302246e-10,1.2460318390382338e-11,2234,SKQD,31,0.007568359375,1.3289054426241144e-06,100.33333333333333,0.024495442708333332,True,0.5,1000.0,2444890222
9,12,2,100.0,0.454189,0.0,0.0,0.225511,0.0087890625,0.00439453125,7.080416253302246e-10,1.2460318390382338e-11,2234,SKQD,40,0.009765625,1.798768370317097e-06,100.33333333333333,0.024495442708333332,True,0.5,1000.0,2444890222
9,12,2,100.0,0.454189,0.0,0.0,0.225511,0.0087890625,0.00439453125,7.080416253302246e-10,1.2460318390382338e-11,2234,SKQD,52,0.0126953125,2.4433517804089964e-06,100.33333333333333,0.024495442708333332,True,0.5,1000.0,2444890222
9,12,2,100.0,0.454189,0.0,0.0,0.225511,0.0087890625,0.00439453125,7.080416253302246e-10,1.2460318390382338e-11,2234,SKQD,67,0.016357421875,2.4433420453947973e-06,100.33333333333333,0.024495442708333332,True,0.5,1000.0,2444890222
9,12,2,100.0,0.454189,0.0,0.0,0.225511,0.0087890625,0.00439453125,7.080416253302246e-10,1.2460318390382338e-11,2234,SKQD,87,0.021240234375,2.268685039447989e-06,100.33333333333333,0.024495442708333332,True,0.5,1000.0,2444890222
9,12,2,100.0,0.454189,0.0,0.0,0.225511,0.0087890625,0.00439453125,7.080416253302246e-10,1.2460318390382338e-11,2234,SKQD,114,0.02783203125,2.7564237168963083e-06,100.33333333333333,0.024495442708333332,True,0.5,1000.0,2444890222
9,12,2,100.0,0.454189,0.0,0.0,0.225511,0.0087890625,0.00439453125,7.080416253302246e-10,1.2460318390382338e-11,2234,SKQD,148,0.0361328125,2.7158188270902794e-06,100.33333333333333,0.024495442708333332,True,0.5,1000.0,2444890222
9,12,2,100.0,0.454189,0.0,0.0,0.225511,0.0087890625,0.00439453125,7.080416253302246e-10,1.2460318390382338e-11,2234,SKQD,192,0.046875,2.7158288272382263e-06,100.33333333333333,0.024495442708333332,True,0.5,1000.0,2444890222
9,12,2,100.0,0.454189,0.0,0.0,0.225511,0.0087890625,0.00439453125,7.080416253302246e-10,1.2460318390382338e-11,2234,SKQD,250,0.06103515625,2.7158288272382263e-06,100.33333333333333,0.024495442708333332,True,0.5,1000.0,2444890222
9,12,2,100.0,0.454189,0.0,0.0,0.225511,0.0087890625,0.00439453125,7.080416253302246e-10,1.2460318390382338e-11,2234,SKQD,325,0.079345703125,2.7158288272382263e-06,100.33333333333333,0.024495442708333332,True,0.5,1000.0,2444890222
9,12,2,100.0,0.454189,0.0,0.0,0.225511,0.0087890625,0.00439453125,7.080416253302246e-10,1.2460318390382338e-11,2234,SKQD,423,0.103271484375,2.7158288272382263e-06,100.33333333333333,0.024495442708333332,True,0.5,1000.0,2444890222
9,12,2,100.0,0.454189,0.0,0.0,0.225511,0.0087890625,0.00439453125,7.080416253302246e-10,1.2460318390382338e-11,2234,SKQD,550,0.13427734375,2.7158288272382263e-06,100.33333333333333,0.024495442708333332,True,0.5,1000.0,2444890222
9,12,2,100.0,0.454189,0.0,0.0,0.225511,0.0087890625,0.00439453125,7.080416253302246e-10,1.2460318390382338e-11,2234,SKQD,715,0.174560546875,2.7158288272382263e-06,100.33333333333333,0.024495442708333332,True,0.5,1000.0,2444890222
9,12,2,100.0,0.454189,0.0,0.0,0.225511,0.0087890625,0.00439453125,7.080416253302246e-10,1.2460318390382338e-11,2234,SKQD,931,0.227294921875,2.7158288272382263e-06,100.33333333333333,0.024495442708333332,True,0.5,1000.0,2444890222
9,12,2,100.0,0.454189,0.0,0.0,0.225511,0.0087890625,0.00439453125,7.080416253302246e-10,1.2460318390382338e-11,2234,SKQD,1210,0.29541015625,2.7158288272382263e-06,100.33333333333333,0.024495442708333332,True,0.5,1000.0,2444890222
9,12,2,100.0,0.454189,0.0,0.0,0.225511,0.0087890625,0.00439453125,7.080416253302246e-10,1.2460318390382338e-11,2234,SKQD,1575,0.384521484375,2.7158288272382263e-06,100.33333333333333,0.024495442708333332,True,0.5,1000.0,2444890222
9,12,2,100.0,0.454189,0.0,0.0,0.225511,0.0087890625,0.00439453125,7.080416253302246e-10,1.2460318390382338e-11,2234,SKQD,2048,0.5,2.7158288272382263e-06,100.33333333333333,0.024495442708333332,True,0.5,1000.0,2444890222
9,12,2,100.0,0.454189,0.0,0.0,0.225511,0.0087890625,0.00439453125,7.080416253302246e-10,1.2460318390382338e-11,2234,Ceiling,1,0.000244140625,0.5015786038446068,2048.0,0.5,False,,,2444890222
9,12,2,100.0,0.454189,0.0,0.0,0.225511,0.0087890625,0.00439453125,7.080416253302246e-10,1.2460318390382338e-11,2234,Ceiling,2,0.00048828125,0.9998718392104118,2048.0,0.5,False,,,2444890222
9,12,2,100.0,0.454189,0.0,0.0,0.225511,0.0087890625,0.00439453125,7.080416253302246e-10,1.2460318390382338e-11,2234,Ceiling,3,0.000732421875,0.9998774123053024,2048.0,0.5,False,,,2444890222
9,12,2,100.0,0.454189,0.0,0.0,0.225511,0.0087890625,0.00439453125,7.080416253302246e-10,1.2460318390382338e-11,2234,Ceiling,4,0.0009765625,0.9998829854001929,2048.0,0.5,False,,,2444890222
9,12,2,100.0,0.454189,0.0,0.0,0.225511,0.0087890625,0.00439453125,7.080416253302246e-10,1.2460318390382338e-11,2234,Ceiling,5,0.001220703125,0.9998885584950835,2048.0,0.5,False,,,2444890222
9,12,2,100.0,0.454189,0.0,0.0,0.225511,0.0087890625,0.00439453125,7.080416253302246e-10,1.2460318390382338e-11,2234,Ceiling,6,0.00146484375,0.9998941315899741,2048.0,0.5,False,,,2444890222
9,12,2,100.0,0.454189,0.0,0.0,0.225511,0.0087890625,0.00439453125,7.080416253302246e-10,1.2460318390382338e-11,2234,Ceiling,8,0.001953125,0.9999052776186075,2048.0,0.5,False,,,2444890222
9,12,2,100.0,0.454189,0.0,0.0,0.225511,0.0087890625,0.00439453125,7.080416253302246e-10,1.2460318390382338e-11,2234,Ceiling,11,0.002685546875,0.9999219602380429,2048.0,0.5,False,,,2444890222
9,12,2,100.0,0.454189,0.0,0.0,0.225511,0.0087890625,0.00439453125,7.080416253302246e-10,1.2460318390382338e-11,2234,Ceiling,14,0.00341796875,0.9999385700104491,2048.0,0.5,False,,,2444890222
9,12,2,100.0,0.454189,0.0,0.0,0.225511,0.0087890625,0.00439453125,7.080416253302246e-10,1.2460318390382338e-11,2234,Ceiling,18,0.00439453125,0.9999607160534711,2048.0,0.5,False,,,2444890222
9,12,2,100.0,0.454189,0.0,0.0,0.225511,0.0087890625,0.00439453125,7.080416253302246e-10,1.2460318390382338e-11,2234,Ceiling,23,0.005615234375,0.9999752205577047,2048.0,0.5,False,,,2444890222
9,12,2,100.0,0.454189,0.0,0.0,0.225511,0.0087890625,0.00439453125,7.080416253302246e-10,1.2460318390382338e-11,2234,Ceiling,31,0.007568359375,0.9999912321094531,2048.0,0.5,False,,,2444890222
9,12,2,100.0,0.454189,0.0,0.0,0.225511,0.0087890625,0.00439453125,7.080416253302246e-10,1.2460318390382338e-11,2234,Ceiling,40,0.009765625,0.9999999906780056,2048.0,0.5,False,,,2444890222
9,12,2,100.0,0.454189,0.0,0.0,0.225511,0.0087890625,0.00439453125,7.080416253302246e-10,1.2460318390382338e-11,2234,Ceiling,52,0.0126953125,0.9999999932087703,2048.0,0.5,False,,,2444890222
9,12,2,100.0,0.454189,0.0,0.0,0.225511,0.0087890625,0.00439453125,7.080416253302246e-10,1.2460318390382338e-11,2234,Ceiling,67,0.016357421875,0.9999999946096992,2048.0,0.5,False,,,2444890222
9,12,2,100.0,0.454189,0.0,0.0,0.225511,0.0087890625,0.00439453125,7.080416253302246e-10,1.2460318390382338e-11,2234,Ceiling,87,0.021240234375,0.999999995853017,2048.0,0.5,False,,,2444890222
9,12,2,100.0,0.454189,0.0,0.0,0.225511,0.0087890625,0.00439453125,7.080416253302246e-10,1.2460318390382338e-11,2234,Ceiling,114,0.02783203125,0.999999997207273,2048.0,0.5,False,,,2444890222
9,12,2,100.0,0.454189,0.0,0.0,0.225511,0.0087890625,0.00439453125,7.080416253302246e-10,1.2460318390382338e-11,2234,Ceiling,148,0.0361328125,0.9999999983612916,2048.0,0.5,False,,,2444890222
9,12,2,100.0,0.454189,0.0,0.0,0.225511,0.0087890625,0.00439453125,7.080416253302246e-10,1.2460318390382338e-11,2234,Ceiling,192,0.046875,0.9999999993649954,2048.0,0.5,False,,,2444890222
9,12,2,100.0,0.454189,0.0,0.0,0.225511,0.0087890625,0.00439453125,7.080416253302246e-10,1.2460318390382338e-11,2234,Ceiling,250,0.06103515625,0.9999999999993302,2048.0,0.5,False,,,2444890222
9,12,2,100.0,0.454189,0.0,0.0,0.225511,0.0087890625,0.00439453125,7.080416253302246e-10,1.2460318390382338e-11,2234,Ceiling,325,0.079345703125,0.9999999999998009,2048.0,0.5,False,,,2444890222
9,12,2,100.0,0.454189,0.0,0.0,0.225511,0.0087890625,0.00439453125,7.080416253302246e-10,1.2460318390382338e-11,2234,Ceiling,423,0.103271484375,0.9999999999999458,2048.0,0.5,False,,,2444890222
9,12,2,100.0,0.454189,0.0,0.0,0.225511,0.0087890625,0.00439453125,7.080416253302246e-10,1.2460318390382338e-11,2234,Ceiling,550,0.13427734375,0.999999999999995,2048.0,0.5,False,,,2444890222
9,12,2,100.0,0.454189,0.0,0.0,0.225511,0.0087890625,0.00439453125,7.080416253302246e-10,1.2460318390382338e-11,2234,Ceiling,715,0.174560546875,0.9999999999999994,2048.0,0.5,False,,,2444890222
9,12,2,100.0,0.454189,0.0,0.0,0.225511,0.0087890625,0.00439453125,7.080416253302246e-10,1.2460318390382338e-11,2234,Ceiling,931,0.227294921875,0.9999999999999994,2048.0,0.5,False,,,2444890222
9,12,2,100.0,0.454189,0.0,0.0,0.225511,0.0087890625,0.00439453125,7.080416253302246e-10,1.2460318390382338e-11,2234,Ceiling,1210,0.29541015625,0.9999999999999994,2048.0,0.5,False,,,2444890222
9,12,2,100.0,0.454189,0.0,0.0,0.225511,0.0087890625,0.00439453125,7.080416253302246e-10,1.2460318390382338e-11,2234,Ceiling,1575,0.384521484375,0.9999999999999994,2048.0,0.5,False,,,2444890222
9,12,2,100.0,0.454189,0.0,0.0,0.225511,0.0087890625,0.00439453125,7.080416253302246e-10,1.2460318390382338e-11,2234,Ceiling,2048,0.5,0.9999999999999994,2048.0,0.5,False,,,2444890222
9,12,2,100.0,0.454189,0.0,0.0,0.225511,0.0087890625,0.00439453125,7.080416253302246e-10,1.3937277513414906e-10,2349,BARK,1,0.000244140625,1.3937277513414906e-10,924.0,0.2255859375,True,,,2444890222
9,12,2,100.0,0.454189,0.0,0.0,0.225511,0.0087890625,0.00439453125,7.080416253302246e-10,1.3937277513414906e-10,2349,BARK,2,0.00048828125,5.5730144811786115e-06,924.0,0.2255859375,True,,,2444890222
9,12,2,100.0,0.454189,0.0,0.0,0.225511,0.0087890625,0.00439453125,7.080416253302246e-10,1.3937277513414906e-10,2349,BARK,3,0.000732421875,0.501584176963441,924.0,0.2255859375,True,,,2444890222
9,12,2,100.0,0.454189,0.0,0.0,0.225511,0.0087890625,0.00439453125,7.080416253302246e-10,1.3937277513414906e-10,2349,BARK,4,0.0009765625,0.5015897500931867,924.0,0.2255859375,True,,,2444890222
9,12,2,100.0,0.454189,0.0,0.0,0.225511,0.0087890625,0.00439453125,7.080416253302246e-10,1.3937277513414906e-10,2349,BARK,5,0.001220703125,0.5015897502812959,924.0,0.2255859375,True,,,2444890222
9,12,2,100.0,0.454189,0.0,0.0,0.225511,0.0087890625,0.00439453125,7.080416253302246e-10,1.3937277513414906e-10,2349,BARK,6,0.00146484375,0.5015953234140555,924.0,0.2255859375,True,,,2444890222
9,12,2,100.0,0.454189,0.0,0.0,0.225511,0.0087890625,0.00439453125,7.080416253302246e-10,1.3937277513414906e-10,2349,BARK,8,0.001953125,0.5016008966483104,924.0,0.2255859375,True,,,2444890222
9,12,2,100.0,0.454189,0.0,0.0,0.225511,0.0087890625,0.00439453125,7.080416253302246e-10,1.3937277513414906e-10,2349,BARK,11,0.002685546875,0.5016029034278833,924.0,0.2255859375,True,,,2444890222
9,12,2,100.0,0.454189,0.0,0.0,0.225511,0.0087890625,0.00439453125,7.080416253302246e-10,1.3937277513414906e-10,2349,BARK,14,0.00341796875,0.5016060382993048,924.0,0.2255859375,True,,,2444890222
9,12,2,100.0,0.454189,0.0,0.0,0.225511,0.0087890625,0.00439453125,7.080416253302246e-10,1.3937277513414906e-10,2349,BARK,18,0.00439453125,0.5016060383689788,924.0,0.2255859375,True,,,2444890222
9,12,2,100.0,0.454189,0.0,0.0,0.225511,0.0087890625,0.00439453125,7.080416253302246e-10,1.3937277513414906e-10,2349,BARK,23,0.005615234375,0.5016116115071362,924.0,0.2255859375,True,,,2444890222
9,12,2,100.0,0.454189,0.0,0.0,0.225511,0.0087890625,0.00439453125,7.080416253302246e-10,1.3937277513414906e-10,2349,BARK,31,0.007568359375,0.5016156246864037,924.0,0.2255859375,True,,,2444890222
9,12,2,100.0,0.454189,0.0,0.0,0.225511,0.0087890625,0.00439453125,7.080416253302246e-10,1.3937277513414906e-10,2349,BARK,40,0.009765625,0.5016211981212269,924.0,0.2255859375,True,,,2444890222
9,12,2,100.0,0.454189,0.0,0.0,0.225511,0.0087890625,0.00439453125,7.080416253302246e-10,1.3937277513414906e-10,2349,BARK,52,0.0126953125,0.5016232046809108,924.0,0.2255859375,True,,,2444890222
9,12,2,100.0,0.454189,0.0,0.0,0.225511,0.0087890625,0.00439453125,7.080416253302246e-10,1.3937277513414906e-10,2349,BARK,67,0.016357421875,0.501623204997053,924.0,0.2255859375,True,,,2444890222
9,12,2,100.0,0.454189,0.0,0.0,0.225511,0.0087890625,0.00439453125,7.080416253302246e-10,1.3937277513414906e-10,2349,BARK,87,0.021240234375,0.5016252115485801,924.0,0.2255859375,True,,,2444890222
9,12,2,100.0,0.454189,0.0,0.0,0.225511,0.0087890625,0.00439453125,7.080416253302246e-10,1.3937277513414906e-10,2349,BARK,114,0.02783203125,0.5016283465518313,924.0,0.2255859375,True,,,2444890222
9,12,2,100.0,0.454189,0.0,0.0,0.225511,0.0087890625,0.00439453125,7.080416253302246e-10,1.3937277513414906e-10,2349,BARK,148,0.0361328125,0.5016394936761253,924.0,0.2255859375,True,,,2444890222
9,12,2,100.0,0.454189,0.0,0.0,0.225511,0.0087890625,0.00439453125,7.080416253302246e-10,1.3937277513414906e-10,2349,BARK,192,0.046875,0.5016394942268619,924.0,0.2255859375,True,,,2444890222
9,12,2,100.0,0.454189,0.0,0.0,0.225511,0.0087890625,0.00439453125,7.080416253302246e-10,1.3937277513414906e-10,2349,BARK,250,0.06103515625,0.5016428944142654,924.0,0.2255859375,True,,,2444890222
9,12,2,100.0,0.454189,0.0,0.0,0.225511,0.0087890625,0.00439453125,7.080416253302246e-10,1.3937277513414906e-10,2349,BARK,325,0.079345703125,0.5016428945086339,924.0,0.2255859375,True,,,2444890222
9,12,2,100.0,0.454189,0.0,0.0,0.225511,0.0087890625,0.00439453125,7.080416253302246e-10,1.3937277513414906e-10,2349,BARK,423,0.103271484375,0.5016428946722182,924.0,0.2255859375,True,,,2444890222
9,12,2,100.0,0.454189,0.0,0.0,0.225511,0.0087890625,0.00439453125,7.080416253302246e-10,1.3937277513414906e-10,2349,BARK,550,0.13427734375,0.5016428947951301,924.0,0.2255859375,True,,,2444890222
9,12,2,100.0,0.454189,0.0,0.0,0.225511,0.0087890625,0.00439453125,7.080416253302246e-10,1.3937277513414906e-10,2349,BARK,715,0.174560546875,0.5016429367391609,924.0,0.2255859375,True,,,2444890222
9,12,2,100.0,0.454189,0.0,0.0,0.225511,0.0087890625,0.00439453125,7.080416253302246e-10,1.3937277513414906e-10,2349,BARK,931,0.227294921875,0.5016396450456843,924.0,0.2255859375,True,,,2444890222
9,12,2,100.0,0.454189,0.0,0.0,0.225511,0.0087890625,0.00439453125,7.080416253302246e-10,1.3937277513414906e-10,2349,BARK,1210,0.29541015625,0.5016396450456843,924.0,0.2255859375,True,,,2444890222
9,12,2,100.0,0.454189,0.0,0.0,0.225511,0.0087890625,0.00439453125,7.080416253302246e-10,1.3937277513414906e-10,2349,BARK,1575,0.384521484375,0.5016396450456843,924.0,0.2255859375,True,,,2444890222
9,12,2,100.0,0.454189,0.0,0.0,0.225511,0.0087890625,0.00439453125,7.080416253302246e-10,1.3937277513414906e-10,2349,BARK,2048,0.5,0.5016396450456843,924.0,0.2255859375,True,,,2444890222
9,12,2,100.0,0.454189,0.0,0.0,0.225511,0.0087890625,0.00439453125,7.080416253302246e-10,1.3937277513414906e-10,2349,Simplified BARK,1,0.000244140625,1.3937277513414906e-10,924.0,0.2255859375,True,,,2444890222
9,12,2,100.0,0.454189,0.0,0.0,0.225511,0.0087890625,0.00439453125,7.080416253302246e-10,1.3937277513414906e-10,2349,Simplified BARK,2,0.00048828125,1.3937036168103184e-10,924.0,0.2255859375,True,,,2444890222
9,12,2,100.0,0.454189,0.0,0.0,0.225511,0.0087890625,0.00439453125,7.080416253302246e-10,1.3937277513414906e-10,2349,Simplified BARK,3,0.000732421875,1.393703613471328e-10,924.0,0.2255859375,True,,,2444890222
9,12,2,100.0,0.454189,0.0,0.0,0.225511,0.0087890625,0.00439453125,7.080416253302246e-10,1.3937277513414906e-10,2349,Simplified BARK,4,0.0009765625,1.393703613719005e-10,924.0,0.2255859375,True,,,2444890222
9,12,2,100.0,0.454189,0.0,0.0,0.225511,0.0087890625,0.00439453125,7.080416253302246e-10,1.3937277513414906e-10,2349,Simplified BARK,5,0.001220703125,1.3937036137190074e-10,924.0,0.2255859375,True,,,2444890222
9,12,2,100.0,0.454189,0.0,0.0,0.225511,0.0087890625,0.00439453125,7.080416253302246e-10,1.3937277513414906e-10,2349,Simplified BARK,6,0.00146484375,1.3937036137190074e-10,924.0,0.2255859375,True,,,2444890222
9,12,2,100.0,0.454189,0.0,0.0,0.225511,0.0087890625,0.00439453125,7.080416253302246e-10,1.3937277513414906e-10,2349,Simplified BARK,8,0.001953125,1.3937036137190115e-10,924.0,0.2255859375,True,,,2444890222
9,12,2,100.0,0.454189,0.0,0.0,0.225511,0.0087890625,0.00439453125,7.080416253302246e-10,1.3937277513414906e-10,2349,Simplified BARK,11,0.002685546875,1.39370361371901e-10,924.0,0.2255859375,True,,,2444890222
9,12,2,100.0,0.454189,0.0,0.0,0.225511,0.0087890625,0.00439453125,7.080416253302246e-10,1.3937277513414906e-10,2349,Simplified BARK,14,0.00341796875,1.3937036137190152e-10,924.0,0.2255859375,True,,,2444890222
9,12,2,100.0,0.454189,0.0,0.0,0.225511,0.0087890625,0.00439453125,7.080416253302246e-10,1.3937277513414906e-10,2349,Simplified BARK,18,0.00439453125,1.3937036139093308e-10,924.0,0.2255859375,True,,,2444890222
9,12,2,100.0,0.454189,0.0,0.0,0.225511,0.0087890625,0.00439453125,7.080416253302246e-10,1.3937277513414906e-10,2349,Simplified BARK,23,0.005615234375,1.3937036139093505e-10,924.0,0.2255859375,True,,,2444890222
9,12,2,100.0,0.454189,0.0,0.0,0.225511,0.0087890625,0.00439453125,7.080416253302246e-10,1.3937277513414906e-10,2349,Simplified BARK,31,0.007568359375,1.3937036149604605e-10,924.0,0.2255859375,True,,,2444890222
9,12,2,100.0,0.454189,0.0,0.0,0.225511,0.0087890625,0.00439453125,7.080416253302246e-10,1.3937277513414906e-10,2349,Simplified BARK,40,0.009765625,1.3937036149604618e-10,924.0,0.2255859375,True,,,2444890222
9,12,2,100.0,0.454189,0.0,0.0,0.225511,0.0087890625,0.00439453125,7.080416253302246e-10,1.3937277513414906e-10,2349,Simplified BARK,52,0.0126953125,1.393777923438331e-10,924.0,0.2255859375,True,,,2444890222
9,12,2,100.0,0.454189,0.0,0.0,0.225511,0.0087890625,0.00439453125,7.080416253302246e-10,1.3937277513414906e-10,2349,Simplified BARK,67,0.016357421875,1.3937779300706012e-10,924.0,0.2255859375,True,,,2444890222
9,12,2,100.0,0.454189,0.0,0.0,0.225511,0.0087890625,0.00439453125,7.080416253302246e-10,1.3937277513414906e-10,2349,Simplified BARK,87,0.021240234375,1.394186947554061e-10,924.0,0.2255859375,True,,,2444890222
9,12,2,100.0,0.454189,0.0,0.0,0.225511,0.0087890625,0.00439453125,7.080416253302246e-10,1.3937277513414906e-10,2349,Simplified BARK,114,0.02783203125,3.755823008697231e-21,924.0,0.2255859375,True,,,2444890222
9,12,2,100.0,0.454189,0.0,0.0,0.225511,0.0087890625,0.00439453125,7.080416253302246e-10,1.3937277513414906e-10,2349,Simplified BARK,148,0.0361328125,5.5368583348026435e-06,924.0,0.2255859375,True,,,2444890222
9,12,2,100.0,0.454189,0.0,0.0,0.225511,0.0087890625,0.00439453125,7.080416253302246e-10,1.3937277513414906e-10,2349,Simplified BARK,192,0.046875,5.536858403649305e-06,924.0,0.2255859375,True,,,2444890222
9,12,2,100.0,0.454189,0.0,0.0,0.225511,0.0087890625,0.00439453125,7.080416253302246e-10,1.3937277513414906e-10,2349,Simplified BARK,250,0.06103515625,5.540120003939784e-06,924.0,0.2255859375,True,,,2444890222
9,12,2,100.0,0.454189,0.0,0.0,0.225511,0.0087890625,0.00439453125,7.080416253302246e-10,1.3937277513414906e-10,2349,Simplified BARK,325,0.079345703125,0.5016221601049567,924.0,0.2255859375,True,,,2444890222
9,12,2,100.0,0.454189,0.0,0.0,0.225511,0.0087890625,0.00439453125,7.080416253302246e-10,1.3937277513414906e-10,2349,Simplified BARK,423,0.103271484375,0.501629740565703,924.0,0.2255859375,True,,,2444890222
9,12,2,100.0,0.454189,0.0,0.0,0.225511,0.0087890625,0.00439453125,7.080416253302246e-10,1.3937277513414906e-10,2349,Simplified BARK,550,0.13427734375,0.5016317473640318,924.0,0.2255859375,True,,,2444890222
9,12,2,100.0,0.454189,0.0,0.0,0.225511,0.0087890625,0.00439453125,7.080416253302246e-10,1.3937277513414906e-10,2349,Simplified BARK,715,0.174560546875,0.5016375828375678,924.0,0.2255859375,True,,,2444890222
9,12,2,100.0,0.454189,0.0,0.0,0.225511,0.0087890625,0.00439453125,7.080416253302246e-10,1.3937277513414906e-10,2349,Simplified BARK,931,0.227294921875,0.5016410623515519,924.0,0.2255859375,True,,,2444890222
9,12,2,100.0,0.454189,0.0,0.0,0.225511,0.0087890625,0.00439453125,7.080416253302246e-10,1.3937277513414906e-10,2349,Simplified BARK,1210,0.29541015625,0.5016410623515519,924.0,0.2255859375,True,,,2444890222
9,12,2,100.0,0.454189,0.0,0.0,0.225511,0.0087890625,0.00439453125,7.080416253302246e-10,1.3937277513414906e-10,2349,Simplified BARK,1575,0.384521484375,0.5016410623515519,924.0,0.2255859375,True,,,2444890222
9,12,2,100.0,0.454189,0.0,0.0,0.225511,0.0087890625,0.00439453125,7.080416253302246e-10,1.3937277513414906e-10,2349,Simplified BARK,2048,0.5,0.5016410623515519,924.0,0.2255859375,True,,,2444890222
9,12,2,100.0,0.454189,0.0,0.0,0.225511,0.0087890625,0.00439453125,7.080416253302246e-10,1.3937277513414906e-10,2349,SKQD,1,0.000244140625,1.3937277513414906e-10,54.0,0.01318359375,True,4.0595979967756035,1000.0,2444890222
9,12,2,100.0,0.454189,0.0,0.0,0.225511,0.0087890625,0.00439453125,7.080416253302246e-10,1.3937277513414906e-10,2349,SKQD,2,0.00048828125,1.3937277513414906e-10,54.0,0.01318359375,True,4.0595979967756035,1000.0,2444890222
9,12,2,100.0,0.454189,0.0,0.0,0.225511,0.0087890625,0.00439453125,7.080416253302246e-10,1.3937277513414906e-10,2349,SKQD,3,0.000732421875,1.3937277513414906e-10,54.0,0.01318359375,True,4.0595979967756035,1000.0,2444890222
9,12,2,100.0,0.454189,0.0,0.0,0.225511,0.0087890625,0.00439453125,7.080416253302246e-10,1.3937277513414906e-10,2349,SKQD,4,0.0009765625,1.3937277513414906e-10,54.0,0.01318359375,True,4.0595979967756035,1000.0,2444890222
9,12,2,100.0,0.454189,0.0,0.0,0.225511,0.0087890625,0.00439453125,7.080416253302246e-10,1.3937277513414906e-10,2349,SKQD,5,0.001220703125,1.3937277513414916e-10,54.0,0.01318359375,True,4.0595979967756035,1000.0,2444890222
9,12,2,100.0,0.454189,0.0,0.0,0.225511,0.0087890625,0.00439453125,7.080416253302246e-10,1.3937277513414906e-10,2349,SKQD,6,0.00146484375,1.393744723021521e-10,54.0,0.01318359375,True,4.0595979967756035,1000.0,2444890222
9,12,2,100.0,0.454189,0.0,0.0,0.225511,0.0087890625,0.00439453125,7.080416253302246e-10,1.3937277513414906e-10,2349,SKQD,8,0.001953125,1.8578303015827406e-06,54.0,0.01318359375,True,4.0595979967756035,1000.0,2444890222
9,12,2,100.0,0.454189,0.0,0.0,0.225511,0.0087890625,0.00439453125,7.080416253302246e-10,1.3937277513414906e-10,2349,SKQD,11,0.002685546875,4.859175908955878e-06,54.0,0.01318359375,True,4.0595979967756035,1000.0,2444890222
9,12,2,100.0,0.454189,0.0,0.0,0.225511,0.0087890625,0.00439453125,7.080416253302246e-10,1.3937277513414906e-10,2349,SKQD,14,0.00341796875,5.4563987969107055e-06,54.0,0.01318359375,True,4.0595979967756035,1000.0,2444890222
9,12,2,100.0,0.454189,0.0,0.0,0.225511,0.0087890625,0.00439453125,7.080416253302246e-10,1.3937277513414906e-10,2349,SKQD,18,0.00439453125,3.2859989153333163e-06,54.0,0.01318359375,True,4.0595979967756035,1000.0,2444890222
9,12,2,100.0,0.454189,0.0,0.0,0.225511,0.0087890625,0.00439453125,7.080416253302246e-10,1.3937277513414906e-10,2349,SKQD,23,0.005615234375,6.74740889227473e-06,54.0,0.01318359375,True,4.0595979967756035,1000.0,2444890222
9,12,2,100.0,0.454189,0.0,0.0,0.225511,0.0087890625,0.00439453125,7.080416253302246e-10,1.3937277513414906e-10,2349,SKQD,31,0.007568359375,1.0406618028208698e-05,54.0,0.01318359375,True,4.0595979967756035,1000.0,2444890222
9,12,2,100.0,0.454189,0.0,0.0,0.225511,0.0087890625,0.00439453125,7.080416253302246e-10,1.3937277513414906e-10,2349,SKQD,40,0.009765625,1.2207211702227304e-05,54.0,0.01318359375,True,4.0595979967756035,1000.0,2444890222
9,12,2,100.0,0.454189,0.0,0.0,0.225511,0.0087890625,0.00439453125,7.080416253302246e-10,1.3937277513414906e-10,2349,SKQD,52,0.0126953125,1.3969188280801113e-05,54.0,0.01318359375,True,4.0595979967756035,1000.0,2444890222
9,12,2,100.0,0.454189,0.0,0.0,0.225511,0.0087890625,0.00439453125,7.080416253302246e-10,1.3937277513414906e-10,2349,SKQD,67,0.016357421875,1.3969413136251371e-05,54.0,0.01318359375,True,4.0595979967756035,1000.0,2444890222
9,12,2,100.0,0.454189,0.0,0.0,0.225511,0.0087890625,0.00439453125,7.080416253302246e-10,1.3937277513414906e-10,2349,SKQD,87,0.021240234375,1.3969413136251371e-05,54.0,0.01318359375,True,4.0595979967756035,1000.0,2444890222
9,12,2,100.0,0.454189,0.0,0.0,0.225511,0.0087890625,0.00439453125,7.080416253302246e-10,1.3937277513414906e-10,2349,SKQD,114,0.02783203125,1.3969413136251371e-05,54.0,0.01318359375,True,4.0595979967756035,1000.0,2444890222
9,12,2,100.0,0.454189,0.0,0.0,0.225511,0.0087890625,0.00439453125,7.080416253302246e-10,1.3937277513414906e-10,2349,SKQD,148,0.0361328125,1.3969413136251371e-05,54.0,0.01318359375,True,4.0595979967756035,1000.0,2444890222
9,12,2,100.0,0.454189,0.0,0.0,0.225511,0.0087890625,0.00439453125,7.080416253302246e-10,1.3937277513414906e-10,2349,SKQD,192,0.046875,1.3969413136251371e-05,54.0,0.01318359375,True,4.0595979967756035,1000.0,2444890222
9,12,2,100.0,0.454189,0.0,0.0,0.225511,0.0087890625,0.00439453125,7.080416253302246e-10,1.3937277513414906e-10,2349,SKQD,250,0.06103515625,1.3969413136251371e-05,54.0,0.01318359375,True,4.0595979967756035,1000.0,2444890222
9,12,2,100.0,0.454189,0.0,0.0,0.225511,0.0087890625,0.00439453125,7.080416253302246e-10,1.3937277513414906e-10,2349,SKQD,325,0.079345703125,1.3969413136251371e-05,54.0,0.01318359375,True,4.0595979967756035,1000.0,2444890222
9,12,2,100.0,0.454189,0.0,0.0,0.225511,0.0087890625,0.00439453125,7.080416253302246e-10,1.3937277513414906e-10,2349,SKQD,423,0.103271484375,1.3969413136251371e-05,54.0,0.01318359375,True,4.0595979967756035,1000.0,2444890222
9,12,2,100.0,0.454189,0.0,0.0,0.225511,0.0087890625,0.00439453125,7.080416253302246e-10,1.3937277513414906e-10,2349,SKQD,550,0.13427734375,1.3969413136251371e-05,54.0,0.01318359375,True,4.0595979967756035,1000.0,2444890222
9,12,2,100.0,0.454189,0.0,0.0,0.225511,0.0087890625,0.00439453125,7.080416253302246e-10,1.3937277513414906e-10,2349,SKQD,715,0.174560546875,1.3969413136251371e-05,54.0,0.01318359375,True,4.0595979967756035,1000.0,2444890222
9,12,2,100.0,0.454189,0.0,0.0,0.225511,0.0087890625,0.00439453125,7.080416253302246e-10,1.3937277513414906e-10,2349,SKQD,931,0.227294921875,1.3969413136251371e-05,54.0,0.01318359375,True,4.0595979967756035,1000.0,2444890222
9,12,2,100.0,0.454189,0.0,0.0,0.225511,0.0087890625,0.00439453125,7.080416253302246e-10,1.3937277513414906e-10,2349,SKQD,1210,0.29541015625,1.3969413136251371e-05,54.0,0.01318359375,True,4.0595979967756035,1000.0,2444890222
9,12,2,100.0,0.454189,0.0,0.0,0.225511,0.0087890625,0.00439453125,7.080416253302246e-10,1.3937277513414906e-10,2349,SKQD,1575,0.384521484375,1.3969413136251371e-05,54.0,0.01318359375,True,4.0595979967756035,1000.0,2444890222
9,12,2,100.0,0.454189,0.0,0.0,0.225511,0.0087890625,0.00439453125,7.080416253302246e-10,1.3937277513414906e-10,2349,SKQD,2048,0.5,1.3969413136251371e-05,54.0,0.01318359375,True,4.0595979967756035,1000.0,2444890222
9,12,2,100.0,0.454189,0.0,0.0,0.225511,0.0087890625,0.00439453125,7.080416253302246e-10,1.3937277513414906e-10,2349,Ceiling,1,0.000244140625,0.5015786038446068,2048.0,0.5,False,,,2444890222
9,12,2,100.0,0.454189,0.0,0.0,0.225511,0.0087890625,0.00439453125,7.080416253302246e-10,1.3937277513414906e-10,2349,Ceiling,2,0.00048828125,0.9998718392104118,2048.0,0.5,False,,,2444890222
9,12,2,100.0,0.454189,0.0,0.0,0.225511,0.0087890625,0.00439453125,7.080416253302246e-10,1.3937277513414906e-10,2349,Ceiling,3,0.000732421875,0.9998774123053024,2048.0,0.5,False,,,2444890222
9,12,2,100.0,0.454189,0.0,0.0,0.225511,0.0087890625,0.00439453125,7.080416253302246e-10,1.3937277513414906e-10,2349,Ceiling,4,0.0009765625,0.9998829854001929,2048.0,0.5,False,,,2444890222
9,12,2,100.0,0.454189,0.0,0.0,0.225511,0.0087890625,0.00439453125,7.080416253302246e-10,1.3937277513414906e-10,2349,Ceiling,5,0.001220703125,0.9998885584950835,2048.0,0.5,False,,,2444890222
9,12,2,100.0,0.454189,0.0,0.0,0.225511,0.0087890625,0.00439453125,7.080416253302246e-10,1.3937277513414906e-10,2349,Ceiling,6,0.00146484375,0.9998941315899741,2048.0,0.5,False,,,2444890222
9,12,2,100.0,0.454189,0.0,0.0,0.225511,0.0087890625,0.00439453125,7.080416253302246e-10,1.3937277513414906e-10,2349,Ceiling,8,0.001953125,0.9999052776186075,2048.0,0.5,False,,,2444890222
9,12,2,100.0,0.454189,0.0,0.0,0.225511,0.0087890625,0.00439453125,7.080416253302246e-10,1.3937277513414906e-10,2349,Ceiling,11,0.002685546875,0.9999219602380429,2048.0,0.5,False,,,2444890222
9,12,2,100.0,0.454189,0.0,0.0,0.225511,0.0087890625,0.00439453125,7.080416253302246e-10,1.3937277513414906e-10,2349,Ceiling,14,0.00341796875,0.9999385700104491,2048.0,0.5,False,,,2444890222
9,12,2,100.0,0.454189,0.0,0.0,0.225511,0.0087890625,0.00439453125,7.080416253302246e-10,1.3937277513414906e-10,2349,Ceiling,18,0.00439453125,0.9999607160534711,2048.0,0.5,False,,,2444890222
9,12,2,100.0,0.454189,0.0,0.0,0.225511,0.0087890625,0.00439453125,7.080416253302246e-10,1.3937277513414906e-10,2349,Ceiling,23,0.005615234375,0.9999752205577047,2048.0,0.5,False,,,2444890222
9,12,2,100.0,0.454189,0.0,0.0,0.225511,0.0087890625,0.00439453125,7.080416253302246e-10,1.3937277513414906e-10,2349,Ceiling,31,0.007568359375,0.9999912321094531,2048.0,0.5,False,,,2444890222
9,12,2,100.0,0.454189,0.0,0.0,0.225511,0.0087890625,0.00439453125,7.080416253302246e-10,1.3937277513414906e-10,2349,Ceiling,40,0.009765625,0.9999999906780056,2048.0,0.5,False,,,2444890222
9,12,2,100.0,0.454189,0.0,0.0,0.225511,0.0087890625,0.00439453125,7.080416253302246e-10,1.3937277513414906e-10,2349,Ceiling,52,0.0126953125,0.9999999932087703,2048.0,0.5,False,,,2444890222
9,12,2,100.0,0.454189,0.0,0.0,0.225511,0.0087890625,0.00439453125,7.080416253302246e-10,1.3937277513414906e-10,2349,Ceiling,67,0.016357421875,0.9999999946096992,2048.0,0.5,False,,,2444890222
9,12,2,100.0,0.454189,0.0,0.0,0.225511,0.0087890625,0.00439453125,7.080416253302246e-10,1.3937277513414906e-10,2349,Ceiling,87,0.021240234375,0.999999995853017,2048.0,0.5,False,,,2444890222
9,12,2,100.0,0.454189,0.0,0.0,0.225511,0.0087890625,0.00439453125,7.080416253302246e-10,1.3937277513414906e-10,2349,Ceiling,114,0.02783203125,0.999999997207273,2048.0,0.5,False,,,2444890222
9,12,2,100.0,0.454189,0.0,0.0,0.225511,0.0087890625,0.00439453125,7.080416253302246e-10,1.3937277513414906e-10,2349,Ceiling,148,0.0361328125,0.9999999983612916,2048.0,0.5,False,,,2444890222
9,12,2,100.0,0.454189,0.0,0.0,0.225511,0.0087890625,0.00439453125,7.080416253302246e-10,1.3937277513414906e-10,2349,Ceiling,192,0.046875,0.9999999993649954,2048.0,0.5,False,,,2444890222
9,12,2,100.0,0.454189,0.0,0.0,0.225511,0.0087890625,0.00439453125,7.080416253302246e-10,1.3937277513414906e-10,2349,Ceiling,250,0.06103515625,0.9999999999993302,2048.0,0.5,False,,,2444890222
9,12,2,100.0,0.454189,0.0,0.0,0.225511,0.0087890625,0.00439453125,7.080416253302246e-10,1.3937277513414906e-10,2349,Ceiling,325,0.079345703125,0.9999999999998009,2048.0,0.5,False,,,2444890222
9,12,2,100.0,0.454189,0.0,0.0,0.225511,0.0087890625,0.00439453125,7.080416253302246e-10,1.3937277513414906e-10,2349,Ceiling,423,0.103271484375,0.9999999999999458,2048.0,0.5,False,,,2444890222
9,12,2,100.0,0.454189,0.0,0.0,0.225511,0.0087890625,0.00439453125,7.080416253302246e-10,1.3937277513414906e-10,2349,Ceiling,550,0.13427734375,0.999999999999995,2048.0,0.5,False,,,2444890222
9,12,2,100.0,0.454189,0.0,0.0,0.225511,0.0087890625,0.00439453125,7.080416253302246e-10,1.3937277513414906e-10,2349,Ceiling,715,0.174560546875,0.9999999999999994,2048.0,0.5,False,,,2444890222
9,12,2,100.0,0.454189,0.0,0.0,0.225511,0.0087890625,0.00439453125,7.080416253302246e-10,1.3937277513414906e-10,2349,Ceiling,931,0.227294921875,0.9999999999999994,2048.0,0.5,False,,,2444890222
9,12,2,100.0,0.454189,0.0,0.0,0.225511,0.0087890625,0.00439453125,7.080416253302246e-10,1.3937277513414906e-10,2349,Ceiling,1210,0.29541015625,0.9999999999999994,2048.0,0.5,False,,,2444890222
9,12,2,100.0,0.454189,0.0,0.0,0.225511,0.0087890625,0.00439453125,7.080416253302246e-10,1.3937277513414906e-10,2349,Ceiling,1575,0.384521484375,0.9999999999999994,2048.0,0.5,False,,,2444890222
9,12,2,100.0,0.454189,0.0,0.0,0.225511,0.0087890625,0.00439453125,7.080416253302246e-10,1.3937277513414906e-10,2349,Ceiling,2048,0.5,0.9999999999999994,2048.0,0.5,False,,,2444890222
9,12,2,100.0,0.454189,0.0,0.0,0.225511,0.0087890625,0.00439453125,7.080416253302246e-10,2.2150574016615368e-11,1642,BARK,1,0.000244140625,2.2150574016615368e-11,924.0,0.2255859375,True,,,2444890222
9,12,2,100.0,0.454189,0.0,0.0,0.225511,0.0087890625,0.00439453125,7.080416253302246e-10,2.2150574016615368e-11,1642,BARK,2,0.00048828125,5.536612952649153e-06,924.0,0.2255859375,True,,,2444890222
9,12,2,100.0,0.454189,0.0,0.0,0.225511,0.0087890625,0.00439453125,7.080416253302246e-10,2.2150574016615368e-11,1642,BARK,3,0.000732421875,0.4982987719756413,924.0,0.2255859375,True,,,2444890222
9,12,2,100.0,0.454189,0.0,0.0,0.225511,0.0087890625,0.00439453125,7.080416253302246e-10,2.2150574016615368e-11,1642,BARK,4,0.0009765625,0.4983043085664391,924.0,0.2255859375,True,,,2444890222
9,12,2,100.0,0.454189,0.0,0.0,0.225511,0.0087890625,0.00439453125,7.080416253302246e-10,2.2150574016615368e-11,1642,BARK,5,0.001220703125,0.49830430862797226,924.0,0.2255859375,True,,,2444890222
9,12,2,100.0,0.454189,0.0,0.0,0.225511,0.0087890625,0.00439453125,7.080416253302246e-10,2.2150574016615368e-11,1642,BARK,6,0.00146484375,0.49830430862797587,924.0,0.2255859375,True,,,2444890222
9,12,2,100.0,0.454189,0.0,0.0,0.225511,0.0087890625,0.00439453125,7.080416253302246e-10,2.2150574016615368e-11,1642,BARK,8,0.001953125,0.49830984544327916,924.0,0.2255859375,True,,,2444890222
9,12,2,100.0,0.454189,0.0,0.0,0.225511,0.0087890625,0.00439453125,7.080416253302246e-10,2.2150574016615368e-11,1642,BARK,11,0.002685546875,0.49830984553865204,924.0,0.2255859375,True,,,2444890222
9,12,2,100.0,0.454189,0.0,0.0,0.225511,0.0087890625,0.00439453125,7.080416253302246e-10,2.2150574016615368e-11,1642,BARK,14,0.00341796875,0.49831183880718205,924.0,0.2255859375,True,,,2444890222
9,12,2,100.0,0.454189,0.0,0.0,0.225511,0.0087890625,0.00439453125,7.080416253302246e-10,2.2150574016615368e-11,1642,BARK,18,0.00439453125,0.4983193689628666,924.0,0.2255859375,True,,,2444890222
9,12,2,100.0,0.454189,0.0,0.0,0.225511,0.0087890625,0.00439453125,7.080416253302246e-10,2.2150574016615368e-11,1642,BARK,23,0.005615234375,0.49831936906560415,924.0,0.2255859375,True,,,2444890222
9,12,2,100.0,0.454189,0.0,0.0,0.225511,0.0087890625,0.00439453125,7.080416253302246e-10,2.2150574016615368e-11,1642,BARK,31,0.007568359375,0.4983324361451169,924.0,0.2255859375,True,,,2444890222
9,12,2,100.0,0.454189,0.0,0.0,0.225511,0.0087890625,0.00439453125,7.080416253302246e-10,2.2150574016615368e-11,1642,BARK,40,0.009765625,0.49833382048147207,924.0,0.2255859375,True,,,2444890222
9,12,2,100.0,0.454189,0.0,0.0,0.225511,0.0087890625,0.00439453125,7.080416253302246e-10,2.2150574016615368e-11,1642,BARK,52,0.0126953125,0.4983358138964404,924.0,0.2255859375,True,,,2444890222
9,12,2,100.0,0.454189,0.0,0.0,0.225511,0.0087890625,0.00439453125,7.080416253302246e-10,2.2150574016615368e-11,1642,BARK,67,0.016357421875,0.49833892834568433,924.0,0.2255859375,True,,,2444890222
9,12,2,100.0,0.454189,0.0,0.0,0.225511,0.0087890625,0.00439453125,7.080416253302246e-10,2.2150574016615368e-11,1642,BARK,87,0.021240234375,0.49835199558105603,924.0,0.2255859375,True,,,2444890222
9,12,2,100.0,0.454189,0.0,0.0,0.225511,0.0087890625,0.00439453125,7.080416253302246e-10,2.2150574016615368e-11,1642,BARK,114,0.02783203125,0.49835511034983954,924.0,0.2255859375,True,,,2444890222
9,12,2,100.0,0.454189,0.0,0.0,0.225511,0.0087890625,0.00439453125,7.080416253302246e-10,2.2150574016615368e-11,1642,BARK,148,0.0361328125,0.49835511075564726,924.0,0.2255859375,True,,,2444890222
9,12,2,100.0,0.454189,0.0,0.0,0.225511,0.0087890625,0.00439453125,7.080416253302246e-10,2.2150574016615368e-11,1642,BARK,192,0.046875,0.4983551108124592,924.0,0.2255859375,True,,,2444890222
9,12,2,100.0,0.454189,0.0,0.0,0.225511,0.0087890625,0.00439453125,7.080416253302246e-10,2.2150574016615368e-11,1642,BARK,250,0.06103515625,0.4983551111015159,924.0,0.2255859375,True,,,2444890222
9,12,2,100.0,0.454189,0.0,0.0,0.225511,0.0087890625,0.00439453125,7.080416253302246e-10,2.2150574016615368e-11,1642,BARK,325,0.079345703125,0.4983571046349868,924.0,0.2255859375,True,,,2444890222
9,12,2,100.0,0.454189,0.0,0.0,0.225511,0.0087890625,0.00439453125,7.080416253302246e-10,2.2150574016615368e-11,1642,BARK,423,0.103271484375,0.4983571047763797,924.0,0.2255859375,True,,,2444890222
9,12,2,100.0,0.454189,0.0,0.0,0.225511,0.0087890625,0.00439453125,7.080416253302246e-10,2.2150574016615368e-11,1642,BARK,550,0.13427734375,0.4983571050980011,924.0,0.2255859375,True,,,2444890222
9,12,2,100.0,0.454189,0.0,0.0,0.225511,0.0087890625,0.00439453125,7.080416253302246e-10,2.2150574016615368e-11,1642,BARK,715,0.174560546875,0.49835718262314466,924.0,0.2255859375,True,,,2444890222
9,12,2,100.0,0.454189,0.0,0.0,0.225511,0.0087890625,0.00439453125,7.080416253302246e-10,2.2150574016615368e-11,1642,BARK,931,0.227294921875,0.4983538837613181,924.0,0.2255859375,True,,,2444890222
9,12,2,100.0,0.454189,0.0,0.0,0.225511,0.0087890625,0.00439453125,7.080416253302246e-10,2.2150574016615368e-11,1642,BARK,1210,0.29541015625,0.4983538837613181,924.0,0.2255859375,True,,,2444890222
9,12,2,100.0,0.454189,0.0,0.0,0.225511,0.0087890625,0.00439453125,7.080416253302246e-10,2.2150574016615368e-11,1642,BARK,1575,0.384521484375,0.4983538837613181,924.0,0.2255859375,True,,,2444890222
9,12,2,100.0,0.454189,0.0,0.0,0.225511,0.0087890625,0.00439453125,7.080416253302246e-10,2.2150574016615368e-11,1642,BARK,2048,0.5,0.4983538837613181,924.0,0.2255859375,True,,,2444890222
9,12,2,100.0,0.454189,0.0,0.0,0.225511,0.0087890625,0.00439453125,7.080416253302246e-10,2.2150574016615368e-11,1642,Simplified BARK,1,0.000244140625,2.2150574016615368e-11,924.0,0.2255859375,True,,,2444890222
9,12,2,100.0,0.454189,0.0,0.0,0.225511,0.0087890625,0.00439453125,7.080416253302246e-10,2.2150574016615368e-11,1642,Simplified BARK,2,0.00048828125,4.565421011878335e-14,924.0,0.2255859375,True,,,2444890222
9,12,2,100.0,0.454189,0.0,0.0,0.225511,0.0087890625,0.00439453125,7.080416253302246e-10,2.2150574016615368e-11,1642,Simplified BARK,3,0.000732421875,4.565433407982066e-14,924.0,0.2255859375,True,,,2444890222
9,12,2,100.0,0.454189,0.0,0.0,0.225511,0.0087890625,0.00439453125,7.080416253302246e-10,2.2150574016615368e-11,1642,Simplified BARK,4,0.0009765625,4.565491654901805e-14,924.0,0.2255859375,True,,,2444890222
9,12,2,100.0,0.454189,0.0,0.0,0.225511,0.0087890625,0.00439453125,7.080416253302246e-10,2.2150574016615368e-11,1642,Simplified BARK,5,0.001220703125,4.5654916613375936e-14,924.0,0.2255859375,True,,,2444890222
9,12,2,100.0,0.454189,0.0,0.0,0.225511,0.0087890625,0.00439453125,7.080416253302246e-10,2.2150574016615368e-11,1642,Simplified BARK,6,0.00146484375,4.5654916613377015e-14,924.0,0.2255859375,True,,,2444890222
9,12,2,100.0,0.454189,0.0,0.0,0.225511,0.0087890625,0.00439453125,7.080416253302246e-10,2.2150574016615368e-11,1642,Simplified BARK,8,0.001953125,4.565491661337707e-14,924.0,0.2255859375,True,,,2444890222
9,12,2,100.0,0.454189,0.0,0.0,0.225511,0.0087890625,0.00439453125,7.080416253302246e-10,2.2150574016615368e-11,1642,Simplified BARK,11,0.002685546875,4.565491661337708e-14,924.0,0.2255859375,True,,,2444890222
9,12,2,100.0,0.454189,0.0,0.0,0.225511,0.0087890625,0.00439453125,7.080416253302246e-10,2.2150574016615368e-11,1642,Simplified BARK,14,0.00341796875,4.565491661337706e-14,924.0,0.2255859375,True,,,2444890222
9,12,2,100.0,0.454189,0.0,0.0,0.225511,0.0087890625,0.00439453125,7.080416253302246e-10,2.2150574016615368e-11,1642,Simplified BARK,18,0.00439453125,4.565491661337706e-14,924.0,0.2255859375,True,,,2444890222
9,12,2,100.0,0.454189,0.0,0.0,0.225511,0.0087890625,0.00439453125,7.080416253302246e-10,2.2150574016615368e-11,1642,Simplified BARK,23,0.005615234375,4.565491661337706e-14,924.0,0.2255859375,True,,,2444890222
9,12,2,100.0,0.454189,0.0,0.0,0.225511,0.0087890625,0.00439453125,7.080416253302246e-10,2.2150574016615368e-11,1642,Simplified BARK,31,0.007568359375,4.565491661337708e-14,924.0,0.2255859375,True,,,2444890222
9,12,2,100.0,0.454189,0.0,0.0,0.225511,0.0087890625,0.00439453125,7.080416253302246e-10,2.2150574016615368e-11,1642,Simplified BARK,40,0.009765625,4.5654916613377135e-14,924.0,0.2255859375,True,,,2444890222
9,12,2,100.0,0.454189,0.0,0.0,0.225511,0.0087890625,0.00439453125,7.080416253302246e-10,2.2150574016615368e-11,1642,Simplified BARK,52,0.0126953125,4.5654916714696127e-14,924.0,0.2255859375,True,,,2444890222
9,12,2,100.0,0.454189,0.0,0.0,0.225511,0.0087890625,0.00439453125,7.080416253302246e-10,2.2150574016615368e-11,1642,Simplified BARK,67,0.016357421875,1.2490452800066685e-14,924.0,0.2255859375,True,,,2444890222
9,12,2,100.0,0.454189,0.0,0.0,0.225511,0.0087890625,0.00439453125,7.080416253302246e-10,2.2150574016615368e-11,1642,Simplified BARK,87,0.021240234375,1.0074409746288994e-06,924.0,0.2255859375,True,,,2444890222
9,12,2,100.0,0.454189,0.0,0.0,0.225511,0.0087890625,0.00439453125,7.080416253302246e-10,2.2150574016615368e-11,1642,Simplified BARK,114,0.02783203125,2.6699398240876693e-21,924.0,0.2255859375,True,,,2444890222
9,12,2,100.0,0.454189,0.0,0.0,0.225511,0.0087890625,0.00439453125,7.080416253302246e-10,2.2150574016615368e-11,1642,Simplified BARK,148,0.0361328125,5.536858334799361e-06,924.0,0.2255859375,True,,,2444890222
9,12,2,100.0,0.454189,0.0,0.0,0.225511,0.0087890625,0.00439453125,7.080416253302246e-10,2.2150574016615368e-11,1642,Simplified BARK,192,0.046875,5.536858403653718e-06,924.0,0.2255859375,True,,,2444890222
9,12,2,100.0,0.454189,0.0,0.0,0.225511,0.0087890625,0.00439453125,7.080416253302246e-10,2.2150574016615368e-11,1642,Simplified BARK,250,0.06103515625,5.540120008876609e-06,924.0,0.2255859375,True,,,2444890222
9,12,2,100.0,0.454189,0.0,0.0,0.225511,0.0087890625,0.00439453125,7.080416253302246e-10,2.2150574016615368e-11,1642,Simplified BARK,325,0.079345703125,0.5016221600004436,924.0,0.2255859375,True,,,2444890222
9,12,2,100.0,0.454189,0.0,0.0,0.225511,0.0087890625,0.00439453125,7.080416253302246e-10,2.2150574016615368e-11,1642,Simplified BARK,423,0.103271484375,0.5016297404611881,924.0,0.2255859375,True,,,2444890222
9,12,2,100.0,0.454189,0.0,0.0,0.225511,0.0087890625,0.00439453125,7.080416253302246e-10,2.2150574016615368e-11,1642,Simplified BARK,550,0.13427734375,0.5016317473640317,924.0,0.2255859375,True,,,2444890222
9,12,2,100.0,0.454189,0.0,0.0,0.225511,0.0087890625,0.00439453125,7.080416253302246e-10,2.2150574016615368e-11,1642,Simplified BARK,715,0.174560546875,0.5016375828375658,924.0,0.2255859375,True,,,2444890222
9,12,2,100.0,0.454189,0.0,0.0,0.225511,0.0087890625,0.00439453125,7.080416253302246e-10,2.2150574016615368e-11,1642,Simplified BARK,931,0.227294921875,0.5016450783404056,924.0,0.2255859375,True,,,2444890222
9,12,2,100.0,0.454189,0.0,0.0,0.225511,0.0087890625,0.00439453125,7.080416253302246e-10,2.2150574016615368e-11,1642,Simplified BARK,1210,0.29541015625,0.5016450783404056,924.0,0.2255859375,True,,,2444890222
9,12,2,100.0,0.454189,0.0,0.0,0.225511,0.0087890625,0.00439453125,7.080416253302246e-10,2.2150574016615368e-11,1642,Simplified BARK,1575,0.384521484375,0.5016450783404056,924.0,0.2255859375,True,,,2444890222
9,12,2,100.0,0.454189,0.0,0.0,0.225511,0.0087890625,0.00439453125,7.080416253302246e-10,2.2150574016615368e-11,1642,Simplified BARK,2048,0.5,0.5016450783404056,924.0,0.2255859375,True,,,2444890222
9,12,2,100.0,0.454189,0.0,0.0,0.225511,0.0087890625,0.00439453125,7.080416253302246e-10,2.2150574016615368e-11,1642,SKQD,1,0.000244140625,2.2150574016615365e-11,135.66666666666666,0.033121744791666664,True,0.9964328234677797,1000.0,2444890222
9,12,2,100.0,0.454189,0.0,0.0,0.225511,0.0087890625,0.00439453125,7.080416253302246e-10,2.2150574016615368e-11,1642,SKQD,2,0.00048828125,1.477394812901481e-11,135.66666666666666,0.033121744791666664,True,0.9964328234677797,1000.0,2444890222
9,12,2,100.0,0.454189,0.0,0.0,0.225511,0.0087890625,0.00439453125,7.080416253302246e-10,2.2150574016615368e-11,1642,SKQD,3,0.000732421875,1.1543705455564074e-11,135.66666666666666,0.033121744791666664,True,0.9964328234677797,1000.0,2444890222
9,12,2,100.0,0.454189,0.0,0.0,0.225511,0.0087890625,0.00439453125,7.080416253302246e-10,2.2150574016615368e-11,1642,SKQD,4,0.0009765625,1.1543705455564074e-11,135.66666666666666,0.033121744791666664,True,0.9964328234677797,1000.0,2444890222
9,12,2,100.0,0.454189,0.0,0.0,0.225511,0.0087890625,0.00439453125,7.080416253302246e-10,2.2150574016615368e-11,1642,SKQD,5,0.001220703125,1.1543705455564074e-11,135.66666666666666,0.033121744791666664,True,0.9964328234677797,1000.0,2444890222
9,12,2,100.0,0.454189,0.0,0.0,0.225511,0.0087890625,0.00439453125,7.080416253302246e-10,2.2150574016615368e-11,1642,SKQD,6,0.00146484375,7.400296376687407e-12,135.66666666666666,0.033121744791666664,True,0.9964328234677797,1000.0,2444890222
9,12,2,100.0,0.454189,0.0,0.0,0.225511,0.0087890625,0.00439453125,7.080416253302246e-10,2.2150574016615368e-11,1642,SKQD,8,0.001953125,7.424993003563782e-12,135.66666666666666,0.033121744791666664,True,0.9964328234677797,1000.0,2444890222
9,12,2,100.0,0.454189,0.0,0.0,0.225511,0.0087890625,0.00439453125,7.080416253302246e-10,2.2150574016615368e-11,1642,SKQD,11,0.002685546875,5.672033035765975e-07,135.66666666666666,0.033121744791666664,True,0.9964328234677797,1000.0,2444890222
9,12,2,100.0,0.454189,0.0,0.0,0.225511,0.0087890625,0.00439453125,7.080416253302246e-10,2.2150574016615368e-11,1642,SKQD,14,0.00341796875,6.086948756205467e-07,135.66666666666666,0.033121744791666664,True,0.9964328234677797,1000.0,2444890222
9,12,2,100.0,0.454189,0.0,0.0,0.225511,0.0087890625,0.00439453125,7.080416253302246e-10,2.2150574016615368e-11,1642,SKQD,18,0.00439453125,3.1186744363907256e-06,135.66666666666666,0.033121744791666664,True,0.9964328234677797,1000.0,2444890222
9,12,2,100.0,0.454189,0.0,0.0,0.225511,0.0087890625,0.00439453125,7.080416253302246e-10,2.2150574016615368e-11,1642,SKQD,23,0.005615234375,3.139389285846461e-06,135.66666666666666,0.033121744791666664,True,0.9964328234677797,1000.0,2444890222
9,12,2,100.0,0.454189,0.0,0.0,0.225511,0.0087890625,0.00439453125,7.080416253302246e-10,2.2150574016615368e-11,1642,SKQD,31,0.007568359375,3.139403559092259e-06,135.66666666666666,0.033121744791666664,True,0.9964328234677797,1000.0,2444890222
9,12,2,100.0,0.454189,0.0,0.0,0.225511,0.0087890625,0.00439453125,7.080416253302246e-10,2.2150574016615368e-11,1642,SKQD,40,0.009765625,3.1337018401592033e-06,135.66666666666666,0.033121744791666664,True,0.9964328234677797,1000.0,2444890222
9,12,2,100.0,0.454189,0.0,0.0,0.225511,0.0087890625,0.00439453125,7.080416253302246e-10,2.2150574016615368e-11,1642,SKQD,52,0.0126953125,3.105152058819715e-06,135.66666666666666,0.033121744791666664,True,0.9964328234677797,1000.0,2444890222
9,12,2,100.0,0.454189,0.0,0.0,0.225511,0.0087890625,0.00439453125,7.080416253302246e-10,2.2150574016615368e-11,1642,SKQD,67,0.016357421875,3.1077391937834272e-06,135.66666666666666,0.033121744791666664,True,0.9964328234677797,1000.0,2444890222
9,12,2,100.0,0.454189,0.0,0.0,0.225511,0.0087890625,0.00439453125,7.080416253302246e-10,2.2150574016615368e-11,1642,SKQD,87,0.021240234375,4.743836545591873e-06,135.66666666666666,0.033121744791666664,True,0.9964328234677797,1000.0,2444890222
9,12,2,100.0,0.454189,0.0,0.0,0.225511,0.0087890625,0.00439453125,7.080416253302246e-10,2.2150574016615368e-11,1642,SKQD,114,0.02783203125,4.917815555043456e-06,135.66666666666666,0.033121744791666664,True,0.9964328234677797,1000.0,2444890222
9,12,2,100.0,0.454189,0.0,0.0,0.225511,0.0087890625,0.00439453125,7.080416253302246e-10,2.2150574016615368e-11,1642,SKQD,148,0.0361328125,5.361129866123617e-06,135.66666666666666,0.033121744791666664,True,0.9964328234677797,1000.0,2444890222
9,12,2,100.0,0.454189,0.0,0.0,0.225511,0.0087890625,0.00439453125,7.080416253302246e-10,2.2150574016615368e-11,1642,SKQD,192,0.046875,6.063442389136908e-06,135.66666666666666,0.033121744791666664,True,0.9964328234677797,1000.0,2444890222
9,12,2,100.0,0.454189,0.0,0.0,0.225511,0.0087890625,0.00439453125,7.080416253302246e-10,2.2150574016615368e-11,1642,SKQD,250,0.06103515625,6.063442389136908e-06,135.66666666666666,0.033121744791666664,True,0.9964328234677797,1000.0,2444890222
9,12,2,100.0,0.454189,0.0,0.0,0.225511,0.0087890625,0.00439453125,7.080416253302246e-10,2.2150574016615368e-11,1642,SKQD,325,0.079345703125,6.063442389136908e-06,135.66666666666666,0.033121744791666664,True,0.9964328234677797,1000.0,2444890222
9,12,2,100.0,0.454189,0.0,0.0,0.225511,0.0087890625,0.00439453125,7.080416253302246e-10,2.2150574016615368e-11,1642,SKQD,423,0.103271484375,6.063442389136908e-06,135.66666666666666,0.033121744791666664,True,0.9964328234677797,1000.0,2444890222
9,12,2,100.0,0.454189,0.0,0.0,0.225511,0.0087890625,0.00439453125,7.080416253302246e-10,2.2150574016615368e-11,1642,SKQD,550,0.13427734375,6.063442389136908e-06,135.66666666666666,0.033121744791666664,True,0.9964328234677797,1000.0,2444890222
9,12,2,100.0,0.454189,0.0,0.0,0.225511,0.0087890625,0.00439453125,7.080416253302246e-10,2.2150574016615368e-11,1642,SKQD,715,0.174560546875,6.063442389136908e-06,135.66666666666666,0.033121744791666664,True,0.9964328234677797,1000.0,2444890222
9,12,2,100.0,0.454189,0.0,0.0,0.225511,0.0087890625,0.00439453125,7.080416253302246e-10,2.2150574016615368e-11,1642,SKQD,931,0.227294921875,6.063442389136908e-06,135.66666666666666,0.033121744791666664,True,0.9964328234677797,1000.0,2444890222
9,12,2,100.0,0.454189,0.0,0.0,0.225511,0.0087890625,0.00439453125,7.080416253302246e-10,2.2150574016615368e-11,1642,SKQD,1210,0.29541015625,6.063442389136908e-06,135.66666666666666,0.033121744791666664,True,0.9964328234677797,1000.0,2444890222
9,12,2,100.0,0.454189,0.0,0.0,0.225511,0.0087890625,0.00439453125,7.080416253302246e-10,2.2150574016615368e-11,1642,SKQD,1575,0.384521484375,6.063442389136908e-06,135.66666666666666,0.033121744791666664,True,0.9964328234677797,1000.0,2444890222
9,12,2,100.0,0.454189,0.0,0.0,0.225511,0.0087890625,0.00439453125,7.080416253302246e-10,2.2150574016615368e-11,1642,SKQD,2048,0.5,6.063442389136908e-06,135.66666666666666,0.033121744791666664,True,0.9964328234677797,1000.0,2444890222
9,12,2,100.0,0.454189,0.0,0.0,0.225511,0.0087890625,0.00439453125,7.080416253302246e-10,2.2150574016615368e-11,1642,Ceiling,1,0.000244140625,0.5015786038446068,2048.0,0.5,False,,,2444890222
9,12,2,100.0,0.454189,0.0,0.0,0.225511,0.0087890625,0.00439453125,7.080416253302246e-10,2.2150574016615368e-11,1642,Ceiling,2,0.00048828125,0.9998718392104118,2048.0,0.5,False,,,2444890222
9,12,2,100.0,0.454189,0.0,0.0,0.225511,0.0087890625,0.00439453125,7.080416253302246e-10,2.2150574016615368e-11,1642,Ceiling,3,0.000732421875,0.9998774123053024,2048.0,0.5,False,,,2444890222
9,12,2,100.0,0.454189,0.0,0.0,0.225511,0.0087890625,0.00439453125,7.080416253302246e-10,2.2150574016615368e-11,1642,Ceiling,4,0.0009765625,0.9998829854001929,2048.0,0.5,False,,,2444890222
9,12,2,100.0,0.454189,0.0,0.0,0.225511,0.0087890625,0.00439453125,7.080416253302246e-10,2.2150574016615368e-11,1642,Ceiling,5,0.001220703125,0.9998885584950835,2048.0,0.5,False,,,2444890222
9,12,2,100.0,0.454189,0.0,0.0,0.225511,0.0087890625,0.00439453125,7.080416253302246e-10,2.2150574016615368e-11,1642,Ceiling,6,0.00146484375,0.9998941315899741,2048.0,0.5,False,,,2444890222
9,12,2,100.0,0.454189,0.0,0.0,0.225511,0.0087890625,0.00439453125,7.080416253302246e-10,2.2150574016615368e-11,1642,Ceiling,8,0.001953125,0.9999052776186075,2048.0,0.5,False,,,2444890222
9,12,2,100.0,0.454189,0.0,0.0,0.225511,0.0087890625,0.00439453125,7.080416253302246e-10,2.2150574016615368e-11,1642,Ceiling,11,0.002685546875,0.9999219602380429,2048.0,0.5,False,,,2444890222
9,12,2,100.0,0.454189,0.0,0.0,0.225511,0.0087890625,0.00439453125,7.080416253302246e-10,2.2150574016615368e-11,1642,Ceiling,14,0.00341796875,0.9999385700104491,2048.0,0.5,False,,,2444890222
9,12,2,100.0,0.454189,0.0,0.0,0.225511,0.0087890625,0.00439453125,7.080416253302246e-10,2.2150574016615368e-11,1642,Ceiling,18,0.00439453125,0.9999607160534711,2048.0,0.5,False,,,2444890222
9,12,2,100.0,0.454189,0.0,0.0,0.225511,0.0087890625,0.00439453125,7.080416253302246e-10,2.2150574016615368e-11,1642,Ceiling,23,0.005615234375,0.9999752205577047,2048.0,0.5,False,,,2444890222
9,12,2,100.0,0.454189,0.0,0.0,0.225511,0.0087890625,0.00439453125,7.080416253302246e-10,2.2150574016615368e-11,1642,Ceiling,31,0.007568359375,0.9999912321094531,2048.0,0.5,False,,,2444890222
9,12,2,100.0,0.454189,0.0,0.0,0.225511,0.0087890625,0.00439453125,7.080416253302246e-10,2.2150574016615368e-11,1642,Ceiling,40,0.009765625,0.9999999906780056,2048.0,0.5,False,,,2444890222
9,12,2,100.0,0.454189,0.0,0.0,0.225511,0.0087890625,0.00439453125,7.080416253302246e-10,2.2150574016615368e-11,1642,Ceiling,52,0.0126953125,0.9999999932087703,2048.0,0.5,False,,,2444890222
9,12,2,100.0,0.454189,0.0,0.0,0.225511,0.0087890625,0.00439453125,7.080416253302246e-10,2.2150574016615368e-11,1642,Ceiling,67,0.016357421875,0.9999999946096992,2048.0,0.5,False,,,2444890222
9,12,2,100.0,0.454189,0.0,0.0,0.225511,0.0087890625,0.00439453125,7.080416253302246e-10,2.2150574016615368e-11,1642,Ceiling,87,0.021240234375,0.999999995853017,2048.0,0.5,False,,,2444890222
9,12,2,100.0,0.454189,0.0,0.0,0.225511,0.0087890625,0.00439453125,7.080416253302246e-10,2.2150574016615368e-11,1642,Ceiling,114,0.02783203125,0.999999997207273,2048.0,0.5,False,,,2444890222
9,12,2,100.0,0.454189,0.0,0.0,0.225511,0.0087890625,0.00439453125,7.080416253302246e-10,2.2150574016615368e-11,1642,Ceiling,148,0.0361328125,0.9999999983612916,2048.0,0.5,False,,,2444890222
9,12,2,100.0,0.454189,0.0,0.0,0.225511,0.0087890625,0.00439453125,7.080416253302246e-10,2.2150574016615368e-11,1642,Ceiling,192,0.046875,0.9999999993649954,2048.0,0.5,False,,,2444890222
9,12,2,100.0,0.454189,0.0,0.0,0.225511,0.0087890625,0.00439453125,7.080416253302246e-10,2.2150574016615368e-11,1642,Ceiling,250,0.06103515625,0.9999999999993302,2048.0,0.5,False,,,2444890222
9,12,2,100.0,0.454189,0.0,0.0,0.225511,0.0087890625,0.00439453125,7.080416253302246e-10,2.2150574016615368e-11,1642,Ceiling,325,0.079345703125,0.9999999999998009,2048.0,0.5,False,,,2444890222
9,12,2,100.0,0.454189,0.0,0.0,0.225511,0.0087890625,0.00439453125,7.080416253302246e-10,2.2150574016615368e-11,1642,Ceiling,423,0.103271484375,0.9999999999999458,2048.0,0.5,False,,,2444890222
9,12,2,100.0,0.454189,0.0,0.0,0.225511,0.0087890625,0.00439453125,7.080416253302246e-10,2.2150574016615368e-11,1642,Ceiling,550,0.13427734375,0.999999999999995,2048.0,0.5,False,,,2444890222
9,12,2,100.0,0.454189,0.0,0.0,0.225511,0.0087890625,0.00439453125,7.080416253302246e-10,2.2150574016615368e-11,1642,Ceiling,715,0.174560546875,0.9999999999999994,2048.0,0.5,False,,,2444890222
9,12,2,100.0,0.454189,0.0,0.0,0.225511,0.0087890625,0.00439453125,7.080416253302246e-10,2.2150574016615368e-11,1642,Ceiling,931,0.227294921875,0.9999999999999994,2048.0,0.5,False,,,2444890222
9,12,2,100.0,0.454189,0.0,0.0,0.225511,0.0087890625,0.00439453125,7.080416253302246e-10,2.2150574016615368e-11,1642,Ceiling,1210,0.29541015625,0.9999999999999994,2048.0,0.5,False,,,2444890222
9,12,2,100.0,0.454189,0.0,0.0,0.225511,0.0087890625,0.00439453125,7.080416253302246e-10,2.2150574016615368e-11,1642,Ceiling,1575,0.384521484375,0.9999999999999994,2048.0,0.5,False,,,2444890222
9,12,2,100.0,0.454189,0.0,0.0,0.225511,0.0087890625,0.00439453125,7.080416253302246e-10,2.2150574016615368e-11,1642,Ceiling,2048,0.5,0.9999999999999994,2048.0,0.5,False,,,2444890222
