n_qubits,gs_sparsity,ham_sparsity,overlap,actual_overlap,Q_frac,Q_int,epsilon,seed,dim,gs_support_size,ham_nnz,gap,true_ground_energy,krab_final_energy,krab_rel_error_final,krab_final_subspace,krab_iterations_run,krab_max_iterations,krab_native_converged,krab_iter_to_target,krab_subspace_at_target,krab_n_states_to_target,krab_walltime_s,skqd_best_t,skqd_best_n_states_to_target,skqd_any_converged,skqd_best_final_energy,skqd_walltime_s,rand_median_n_states_to_target,rand_min_n_states_to_target,n_random_paths,krab_beats_skqd,advantage_ratio
6,0.05,0.1,0.5,0.4928031770049739,0.1,6,0.0001,42,64,4,510,1.0,-5.000000000000008,-5.000000000000001,1.421085471520198e-15,4,1,30,True,0,6,4,0.0014982090797275305,0.9,6,True,-5.000000000000045,1.1645457870326936,53.5,19,20,True,1.5
6,0.05,0.1,0.8,0.4928031770049739,0.05,3,1e-06,42,64,4,510,1.0,-5.000000000000008,-5.000000000000001,1.421085471520198e-15,4,2,60,True,1,6,4,0.0019863001070916653,0.5,5,True,-5.000000000000034,1.1656786550302058,48.0,28,20,True,1.25
6,0.05,0.1,0.8,0.4928031770049739,0.05,3,1e-07,42,64,4,510,1.0,-5.000000000000008,-5.000000000000001,1.421085471520198e-15,4,2,60,True,1,6,4,0.002011643024161458,0.9,5,True,-5.000000000000033,1.1814242850523442,51.5,8,20,True,1.25
6,0.05,0.1,0.3,0.3137098842006708,0.1,6,1e-06,42,64,4,510,1.0,-5.000000000000008,-4.999999999999998,1.9539925233402725e-15,4,2,30,True,1,12,4,0.0021401098929345608,0.4,8,True,-5.000000000000039,1.1894578849896789,51.5,25,20,True,2.0
6,0.05,0.1,0.5,0.4928031770049739,0.1,6,1e-06,42,64,4,510,1.0,-5.000000000000008,-5.000000000000001,1.421085471520198e-15,4,1,30,True,0,6,4,0.0015133379492908716,0.1,6,True,-5.000000000000031,1.173011293169111,54.0,30,20,True,1.5
6,0.05,0.1,0.5,0.4928031770049739,0.05,3,1e-07,42,64,4,510,1.0,-5.000000000000008,-5.000000000000001,1.421085471520198e-15,4,2,60,True,1,6,4,0.0020507010631263256,0.6,6,True,-5.000000000000036,1.1736387631390244,52.5,14,20,True,1.5
6,0.05,0.1,0.5,0.4928031770049739,0.05,3,1e-06,42,64,4,510,1.0,-5.000000000000008,-5.000000000000001,1.421085471520198e-15,4,2,60,True,1,6,4,0.0019913369324058294,0.001,5,True,-5.000000000000027,1.1793382100295275,54.5,15,20,True,1.25
6,0.05,0.1,0.5,0.4928031770049739,0.1,6,1e-05,42,64,4,510,1.0,-5.000000000000008,-5.000000000000001,1.421085471520198e-15,4,1,30,True,0,6,4,0.0015445309691131115,0.9,5,True,-5.0000000000000355,1.1911154941190034,54.5,16,20,True,1.25
6,0.05,0.1,0.5,0.4928031770049739,0.05,3,0.0001,42,64,4,510,1.0,-5.000000000000008,-5.000000000000001,1.421085471520198e-15,4,2,60,True,1,6,4,0.002006903989240527,0.001,4,True,-5.000000000000037,1.187205214984715,50.0,39,20,False,1.0
6,0.05,0.1,0.5,0.4928031770049739,0.1,6,1e-07,42,64,4,510,1.0,-5.000000000000008,-5.000000000000001,1.421085471520198e-15,4,1,30,True,0,6,4,0.0015247820410877466,0.001,4,True,-5.000000000000022,1.1691410830244422,48.0,20,20,False,1.0
6,0.05,0.1,0.3,0.3137098842006708,0.1,6,1e-07,42,64,4,510,1.0,-5.000000000000008,-4.999999999999998,1.9539925233402725e-15,4,2,30,True,1,12,4,0.0021658700425177813,0.2,5,True,-5.000000000000025,1.170266862027347,57.0,25,20,True,1.25
6,0.05,0.1,0.5,0.4928031770049739,0.05,3,1e-05,42,64,4,510,1.0,-5.000000000000008,-5.000000000000001,1.421085471520198e-15,4,2,60,True,1,6,4,0.002136338036507368,0.8,7,True,-5.000000000000033,1.1928476649336517,54.5,14,20,True,1.75
6,0.05,0.1,0.3,0.3137098842006708,0.05,3,1e-07,42,64,4,510,1.0,-5.000000000000008,-4.999999999999998,1.9539925233402725e-15,4,2,60,True,1,6,4,0.0020109941251575947,0.6,7,True,-5.000000000000033,1.1923316100146621,48.0,26,20,True,1.75
6,0.05,0.1,0.1,0.102226716202623,0.1,6,0.0001,42,64,4,510,1.0,-5.000000000000008,-5.000000000000002,1.2434497875801733e-15,4,2,30,True,1,12,4,0.0020804060623049736,0.8,8,True,-5.00000000000003,1.1758120630402118,52.0,33,20,True,2.0
6,0.05,0.1,0.3,0.3137098842006708,0.05,3,0.0001,42,64,4,510,1.0,-5.000000000000008,-4.999999999999998,1.9539925233402725e-15,4,2,60,True,1,6,4,0.0020104520954191685,1.0,7,True,-5.000000000000034,1.1898358520120382,53.0,30,20,True,1.75
6,0.05,0.1,0.1,0.102226716202623,0.1,6,1e-05,42,64,4,510,1.0,-5.000000000000008,-5.000000000000002,1.2434497875801733e-15,4,2,30,True,1,12,4,0.0021221009083092213,1.0,12,True,-5.000000000000038,1.1721329679712653,52.0,25,20,True,3.0
6,0.05,0.1,0.3,0.3137098842006708,0.1,6,0.0001,42,64,4,510,1.0,-5.000000000000008,-4.999999999999998,1.9539925233402725e-15,4,2,30,True,1,10,4,0.0022198690567165613,1.0,7,True,-5.000000000000037,1.1857613800093532,48.5,19,20,True,1.75
6,0.05,0.1,0.3,0.3137098842006708,0.05,3,1e-06,42,64,4,510,1.0,-5.000000000000008,-4.999999999999998,1.9539925233402725e-15,4,2,60,True,1,6,4,0.001984194153919816,0.2,8,True,-5.0000000000000355,1.1706609269604087,57.5,37,20,True,2.0
6,0.05,0.1,0.3,0.3137098842006708,0.1,6,1e-05,42,64,4,510,1.0,-5.000000000000008,-4.999999999999998,1.9539925233402725e-15,4,2,30,True,1,11,4,0.002134493086487055,0.6,9,True,-5.0000000000000435,1.1840511341579258,55.5,33,20,True,2.25
6,0.05,0.1,0.3,0.3137098842006708,0.05,3,1e-05,42,64,4,510,1.0,-5.000000000000008,-4.999999999999998,1.9539925233402725e-15,4,2,60,True,1,6,4,0.0021553910337388515,0.6,7,True,-5.00000000000003,1.2039487450383604,54.5,33,20,True,1.75
6,0.05,0.25,0.5,0.4928031770049739,0.1,6,0.0001,42,64,4,1162,1.0,-5.000000000000002,-5.0,3.5527136788004996e-16,4,1,30,True,0,6,4,0.001530077075585723,0.6,6,True,-5.000000000000031,0.8556583309546113,55.0,18,20,True,1.5
6,0.05,0.25,0.5,0.4928031770049739,0.1,6,1e-06,42,64,4,1162,1.0,-5.000000000000002,-5.0,3.5527136788004996e-16,4,1,30,True,0,6,4,0.001528305932879448,0.8,4,True,-5.000000000000045,0.8449613200500607,50.0,29,20,False,1.0
6,0.05,0.25,0.5,0.4928031770049739,0.1,6,1e-05,42,64,4,1162,1.0,-5.000000000000002,-5.0,3.5527136788004996e-16,4,1,30,True,0,6,4,0.0015334570780396461,0.6,6,True,-5.000000000000029,0.8629262680187821,48.5,32,20,True,1.5
6,0.05,0.25,0.3,0.3137098842006708,0.05,3,0.0001,42,64,4,1162,1.0,-5.000000000000002,-5.000000000000001,1.7763568394002498e-16,4,2,60,True,1,5,4,0.0021222939249128103,1.0,13,True,-5.000000000000032,0.8610142150428146,56.5,20,20,True,3.25
6,0.05,0.25,0.5,0.4928031770049739,0.05,3,0.0001,42,64,4,1162,1.0,-5.000000000000002,-5.0,3.5527136788004996e-16,4,2,60,True,1,6,4,0.0021061329171061516,0.2,4,True,-5.000000000000024,0.8597382660955191,51.5,37,20,False,1.0
6,0.05,0.25,0.3,0.3137098842006708,0.1,6,0.0001,42,64,4,1162,1.0,-5.000000000000002,-5.000000000000001,1.7763568394002498e-16,4,2,30,True,1,8,4,0.0021387150045484304,0.9,12,True,-5.000000000000035,0.8527748319320381,50.5,19,20,True,3.0
6,0.05,0.25,0.3,0.3137098842006708,0.1,6,1e-05,42,64,4,1162,1.0,-5.000000000000002,-5.000000000000001,1.7763568394002498e-16,4,2,30,True,1,12,4,0.0022510390263050795,0.9,7,True,-5.000000000000042,0.8494256159756333,53.5,27,20,True,1.75
6,0.05,0.25,0.5,0.4928031770049739,0.05,3,1e-06,42,64,4,1162,1.0,-5.000000000000002,-5.0,3.5527136788004996e-16,4,2,60,True,1,6,4,0.0021128691732883453,0.1,5,True,-5.000000000000028,0.8650564041454345,52.0,20,20,True,1.25
6,0.05,0.25,0.3,0.3137098842006708,0.05,3,1e-05,42,64,4,1162,1.0,-5.000000000000002,-5.000000000000001,1.7763568394002498e-16,4,2,60,True,1,6,4,0.0021349529270082712,0.4,8,True,-5.000000000000022,0.8567623309791088,41.5,20,20,True,2.0
6,0.05,0.25,0.5,0.4928031770049739,0.1,6,1e-07,42,64,4,1162,1.0,-5.000000000000002,-5.0,3.5527136788004996e-16,4,1,30,True,0,6,4,0.0015512390527874231,0.8,5,True,-5.000000000000037,0.8580695420969278,51.5,21,20,True,1.25
6,0.05,0.25,0.5,0.4928031770049739,0.05,3,1e-05,42,64,4,1162,1.0,-5.000000000000002,-5.0,3.5527136788004996e-16,4,2,60,True,1,6,4,0.0020879460498690605,0.001,7,True,-5.000000000000033,0.8650912349112332,48.0,15,20,True,1.75
6,0.05,0.25,0.5,0.4928031770049739,0.05,3,1e-07,42,64,4,1162,1.0,-5.000000000000002,-5.0,3.5527136788004996e-16,4,2,60,True,1,6,4,0.0021037941332906485,0.5,5,True,-5.0000000000000355,0.8706997239496559,51.5,22,20,True,1.25
6,0.05,0.25,0.1,0.102226716202623,0.1,6,1e-05,42,64,4,1162,1.0,-5.000000000000002,-5.000000000000001,1.7763568394002498e-16,4,2,30,True,1,12,4,0.0023838479537516832,0.6,12,True,-5.000000000000036,0.8775008940137923,52.0,19,20,True,3.0
6,0.05,0.25,0.1,0.102226716202623,0.1,6,1e-06,42,64,4,1162,1.0,-5.000000000000002,-5.000000000000001,1.7763568394002498e-16,4,2,30,True,1,12,4,0.0022585189435631037,0.8,5,True,-5.000000000000028,0.8723389469087124,47.5,33,20,True,1.25
6,0.05,0.25,0.1,0.102226716202623,0.1,6,1e-07,42,64,4,1162,1.0,-5.000000000000002,-5.000000000000001,1.7763568394002498e-16,4,2,30,True,1,12,4,0.002240058034658432,0.3,8,True,-5.0000000000000275,0.8675061750691384,51.0,25,20,True,2.0
6,0.05,0.25,0.3,0.3137098842006708,0.05,3,1e-06,42,64,4,1162,1.0,-5.000000000000002,-5.000000000000001,1.7763568394002498e-16,4,2,60,True,1,6,4,0.002150234067812562,0.7,11,True,-5.000000000000031,0.8667806750163436,53.0,37,20,True,2.75
6,0.05,0.25,0.3,0.3137098842006708,0.1,6,1e-06,42,64,4,1162,1.0,-5.000000000000002,-5.000000000000001,1.7763568394002498e-16,4,2,30,True,1,12,4,0.0022384028416126966,0.6,7,True,-5.000000000000023,0.8623026418499649,49.0,32,20,True,1.75
6,0.05,0.25,0.1,0.102226716202623,0.1,6,0.0001,42,64,4,1162,1.0,-5.000000000000002,-5.000000000000001,1.7763568394002498e-16,4,2,30,True,1,12,4,0.0022078929468989372,0.7,7,True,-5.000000000000036,0.8732891348190606,51.0,33,20,True,1.75
6,0.05,0.25,0.3,0.3137098842006708,0.1,6,1e-07,42,64,4,1162,1.0,-5.000000000000002,-5.000000000000001,1.7763568394002498e-16,4,2,30,True,1,12,4,0.0022434419952332973,0.8,8,True,-5.000000000000036,0.859706292161718,53.5,15,20,True,2.0
6,0.05,0.25,0.3,0.3137098842006708,0.05,3,1e-07,42,64,4,1162,1.0,-5.000000000000002,-5.000000000000001,1.7763568394002498e-16,4,2,60,True,1,6,4,0.002171242143958807,0.7,9,True,-5.000000000000028,0.8729948711115867,53.5,21,20,True,2.25
6,0.05,0.5,0.5,0.4928031770049739,0.05,3,0.0001,42,64,4,2166,1.0,-5.0,-5.0,0.0,4,2,60,True,1,6,4,0.00217344518750906,0.001,4,True,-5.00000000000003,0.7740522890817374,43.5,18,20,False,1.0
6,0.05,0.5,0.5,0.4928031770049739,0.1,6,1e-06,42,64,4,2166,1.0,-5.0,-5.0,0.0,4,1,30,True,0,6,4,0.0016026129014790058,0.2,4,True,-5.000000000000018,0.7769253170117736,48.0,15,20,False,1.0
6,0.05,0.5,0.5,0.4928031770049739,0.1,6,1e-07,42,64,4,2166,1.0,-5.0,-5.0,0.0,4,1,30,True,0,6,4,0.001587604871019721,0.001,4,True,-5.0000000000000275,0.7767774539534003,54.5,33,20,False,1.0
6,0.05,0.5,0.3,0.3137098842006708,0.05,3,1e-06,42,64,4,2166,1.0,-5.0,-4.999999999999999,1.7763568394002506e-16,4,2,60,True,1,6,4,0.002226113108918071,0.3,7,True,-5.000000000000032,0.7838133058976382,51.0,17,20,True,1.75
6,0.05,0.5,0.5,0.4928031770049739,0.05,3,1e-06,42,64,4,2166,1.0,-5.0,-5.0,0.0,4,2,60,True,1,6,4,0.002379697049036622,0.001,6,True,-5.000000000000027,0.7775392420589924,50.5,24,20,True,1.5
6,0.05,0.5,0.3,0.3137098842006708,0.1,6,1e-06,42,64,4,2166,1.0,-5.0,-4.999999999999999,1.7763568394002506e-16,4,2,30,True,1,12,4,0.002344343112781644,0.8,8,True,-5.000000000000021,0.7754985850770026,57.0,5,20,True,2.0
6,0.05,0.5,0.3,0.3137098842006708,0.1,6,1e-07,42,64,4,2166,1.0,-5.0,-4.999999999999999,1.7763568394002506e-16,4,2,30,True,1,12,4,0.002512217964977026,0.6,7,True,-5.000000000000021,0.7778477028477937,56.0,21,20,True,1.75
6,0.05,0.5,0.3,0.3137098842006708,0.1,6,0.0001,42,64,4,2166,1.0,-5.0,-4.999999999999999,1.7763568394002506e-16,4,2,30,True,1,8,4,0.002236732980236411,1.0,6,True,-5.000000000000015,0.7774569890461862,48.0,18,20,True,1.5
6,0.05,0.5,0.3,0.3137098842006708,0.05,3,1e-07,42,64,4,2166,1.0,-5.0,-4.999999999999999,1.7763568394002506e-16,4,2,60,True,1,6,4,0.002202823059633374,0.9,6,True,-5.000000000000026,0.7790809669531882,54.0,35,20,True,1.5
6,0.05,0.5,0.5,0.4928031770049739,0.05,3,1e-07,42,64,4,2166,1.0,-5.0,-5.0,0.0,4,2,60,True,1,6,4,0.0021466861944645643,0.001,4,True,-5.000000000000028,0.787236211122945,46.0,27,20,False,1.0
6,0.05,0.5,0.5,0.4928031770049739,0.05,3,1e-05,42,64,4,2166,1.0,-5.0,-5.0,0.0,4,2,60,True,1,6,4,0.0022007019724696875,0.001,7,True,-5.000000000000023,0.7816144388634712,55.5,28,20,True,1.75
6,0.05,0.5,0.3,0.3137098842006708,0.1,6,1e-05,42,64,4,2166,1.0,-5.0,-4.999999999999999,1.7763568394002506e-16,4,2,30,True,1,11,4,0.0024977391585707664,0.3,9,True,-5.000000000000034,0.780030561145395,55.5,16,20,True,2.25
6,0.05,0.5,0.1,0.102226716202623,0.1,6,1e-07,42,64,4,2166,1.0,-5.0,-4.999999999999999,1.7763568394002506e-16,4,2,30,True,1,12,4,0.002364763058722019,0.6,6,True,-5.000000000000028,0.7800464478787035,56.5,25,20,True,1.5
6,0.05,0.5,0.1,0.102226716202623,0.05,3,0.0001,42,64,4,2166,1.0,-5.0,-4.999999999999999,1.7763568394002506e-16,4,2,60,True,1,6,4,0.0021688039414584637,0.5,10,True,-5.000000000000013,0.7900640880689025,47.5,14,20,True,2.5
6,0.05,0.5,0.1,0.102226716202623,0.05,3,1e-05,42,64,4,2166,1.0,-5.0,-4.999999999999999,1.7763568394002506e-16,4,2,60,True,1,6,4,0.002179230097681284,0.8,9,True,-5.000000000000025,0.7913262189831585,43.5,25,20,True,2.25
6,0.05,0.5,0.1,0.102226716202623,0.1,6,0.0001,42,64,4,2166,1.0,-5.0,-4.999999999999999,1.7763568394002506e-16,4,2,30,True,1,12,4,0.0023297290317714214,0.9,7,True,-5.00000000000003,0.7867877050302923,56.0,23,20,True,1.75
6,0.05,0.5,0.1,0.102226716202623,0.1,6,1e-06,42,64,4,2166,1.0,-5.0,-4.999999999999999,1.7763568394002506e-16,4,2,30,True,1,12,4,0.0023305839858949184,1.0,12,True,-5.000000000000025,0.7827126749325544,56.0,33,20,True,3.0
6,0.05,0.5,0.3,0.3137098842006708,0.05,3,0.0001,42,64,4,2166,1.0,-5.0,-4.999999999999999,1.7763568394002506e-16,4,2,60,True,1,5,4,0.002149268053472042,0.5,7,True,-5.000000000000025,0.7850476009771228,55.0,32,20,True,1.75
6,0.05,0.5,0.3,0.3137098842006708,0.05,3,1e-05,42,64,4,2166,1.0,-5.0,-4.999999999999999,1.7763568394002506e-16,4,2,60,True,1,5,4,0.0021655489690601826,0.5,10,True,-5.000000000000021,0.7914171919692308,56.0,16,20,True,2.5
6,0.05,0.5,0.1,0.102226716202623,0.1,6,1e-05,42,64,4,2166,1.0,-5.0,-4.999999999999999,1.7763568394002506e-16,4,2,30,True,1,12,4,0.00235518510453403,0.8,11,True,-5.000000000000022,0.7882799780927598,53.5,13,20,True,2.75
6,0.1,0.1,0.5,0.2686112156427715,0.05,3,1e-06,42,64,7,546,1.0,-4.999999999999963,-4.999999999999999,7.283063041541081e-15,7,6,60,True,4,14,6,0.004516704007983208,0.6,8,True,-5.000000000000007,1.4044938951265067,53.0,25,20,True,1.3333333333333333
6,0.1,0.1,0.5,0.2686112156427715,0.05,3,0.0001,42,64,7,546,1.0,-4.999999999999963,-4.999999999999999,7.283063041541081e-15,7,6,60,True,4,8,6,0.00430744094774127,0.6,8,True,-5.0000000000000195,1.4294709048699588,58.0,43,20,True,1.3333333333333333
6,0.1,0.1,0.5,0.2686112156427715,0.05,3,1e-05,42,64,7,546,1.0,-4.999999999999963,-4.999999999999999,7.283063041541081e-15,7,6,60,True,4,9,6,0.0043611249420791864,0.8,9,True,-5.000000000000016,1.429741764208302,56.5,28,20,True,1.5
6,0.1,0.1,0.1,0.11721072571111824,0.1,6,0.0001,42,64,7,546,1.0,-4.999999999999963,-4.999999999999998,7.105427357601056e-15,7,5,30,True,3,14,6,0.004542664159089327,0.4,8,True,-5.000000000000027,1.450515063945204,57.0,41,20,True,1.3333333333333333
6,0.1,0.1,0.3,0.2686112156427715,0.1,6,0.0001,42,64,7,546,1.0,-4.999999999999963,-4.999999999999999,7.283063041541081e-15,7,5,30,True,3,11,6,0.05030048079788685,0.6,7,True,-5.000000000000021,1.4356538108550012,54.5,34,20,True,1.1666666666666667
6,0.1,0.1,0.3,0.2686112156427715,0.05,3,1e-05,42,64,7,546,1.0,-4.999999999999963,-4.999999999999999,7.283063041541081e-15,7,6,60,True,4,9,6,0.004797682864591479,0.2,8,True,-5.00000000000002,1.4185007240157574,56.5,32,20,True,1.3333333333333333
6,0.1,0.1,0.3,0.2686112156427715,0.05,3,0.0001,42,64,7,546,1.0,-4.999999999999963,-4.999999999999999,7.283063041541081e-15,7,6,60,True,4,8,6,0.004457525908946991,0.9,8,True,-5.000000000000012,1.414464411092922,57.0,38,20,True,1.3333333333333333
6,0.1,0.1,0.3,0.2686112156427715,0.1,6,1e-06,42,64,7,546,1.0,-4.999999999999963,-4.999999999999999,7.283063041541081e-15,7,4,30,True,2,17,6,0.003545441199094057,0.7,9,True,-5.000000000000009,1.4101370349526405,58.5,30,20,True,1.5
6,0.1,0.1,0.5,0.2686112156427715,0.05,3,1e-07,42,64,7,546,1.0,-4.999999999999963,-4.999999999999999,7.283063041541081e-15,7,6,60,True,4,15,6,0.00451386789791286,0.7,7,True,-5.000000000000012,1.4150875818450004,57.5,36,20,True,1.1666666666666667
6,0.1,0.1,0.3,0.2686112156427715,0.1,6,1e-05,42,64,7,546,1.0,-4.999999999999963,-4.999999999999999,7.283063041541081e-15,7,4,30,True,2,16,6,0.048209388041868806,0.9,7,True,-5.000000000000024,1.4282545638270676,56.5,30,20,True,1.1666666666666667
6,0.1,0.1,0.1,0.11721072571111824,0.1,6,1e-05,42,64,7,546,1.0,-4.999999999999963,-5.000000000000001,7.638334409421133e-15,7,4,30,True,2,18,6,0.0035909959115087986,0.5,7,True,-5.000000000000034,1.438439829973504,59.5,40,20,True,1.1666666666666667
6,0.1,0.1,0.3,0.2686112156427715,0.1,6,1e-07,42,64,7,546,1.0,-4.999999999999963,-4.999999999999999,7.283063041541081e-15,7,4,30,True,2,17,6,0.003787468886002898,0.5,11,True,-5.000000000000013,1.4396597219165415,58.5,38,20,True,1.8333333333333333
6,0.1,0.1,0.1,0.11721072571111824,0.05,3,1e-07,42,64,7,546,1.0,-4.999999999999963,-5.000000000000003,7.993605777301187e-15,7,6,60,True,4,16,6,0.004652479197829962,0.6,12,True,-5.000000000000014,1.4229274350218475,59.5,32,20,True,2.0
6,0.1,0.1,0.1,0.11721072571111824,0.05,3,1e-06,42,64,7,546,1.0,-4.999999999999963,-5.000000000000003,7.993605777301187e-15,7,6,60,True,4,15,6,0.004696965916082263,0.3,10,True,-5.000000000000016,1.4379269191995263,53.5,41,20,True,1.6666666666666667
6,0.1,0.1,0.1,0.11721072571111824,0.05,3,1e-05,42,64,7,546,1.0,-4.999999999999963,-4.999999999999997,6.927791673661029e-15,7,7,60,True,5,10,6,0.005295882001519203,0.7,7,True,-5.000000000000017,1.4526965951081365,60.0,29,20,True,1.1666666666666667
6,0.1,0.1,0.1,0.11721072571111824,0.05,3,0.0001,42,64,7,546,1.0,-4.999999999999963,-4.999999999999997,6.927791673661029e-15,7,7,60,True,5,8,6,0.0049905660562217236,1.0,11,True,-5.000000000000032,1.4217384839430451,59.5,36,20,True,1.8333333333333333
6,0.1,0.1,0.3,0.2686112156427715,0.05,3,1e-07,42,64,7,546,1.0,-4.999999999999963,-4.999999999999999,7.283063041541081e-15,7,6,60,True,4,15,6,0.004941594088450074,0.7,6,True,-5.000000000000009,1.4274559312034398,56.0,46,20,False,1.0
6,0.1,0.1,0.1,0.11721072571111824,0.1,6,1e-06,42,64,7,546,1.0,-4.999999999999963,-5.000000000000001,7.638334409421133e-15,7,4,30,True,2,19,6,0.003913878928869963,0.8,10,True,-5.000000000000021,1.4470809770282358,57.0,37,20,True,1.6666666666666667
6,0.1,0.1,0.3,0.2686112156427715,0.05,3,1e-06,42,64,7,546,1.0,-4.999999999999963,-4.999999999999999,7.283063041541081e-15,7,6,60,True,4,14,6,0.004556469852104783,0.4,11,True,-5.000000000000014,1.4182272120378911,56.5,34,20,True,1.8333333333333333
6,0.1,0.1,0.1,0.11721072571111824,0.1,6,1e-07,42,64,7,546,1.0,-4.999999999999963,-5.000000000000001,7.638334409421133e-15,7,4,30,True,2,19,6,0.0038971598260104656,0.1,9,True,-5.000000000000018,1.4465334909036756,58.0,33,20,True,1.5
6,0.1,0.25,0.5,0.2686112156427715,0.05,3,1e-06,42,64,7,1182,1.0,-5.0000000000000355,-5.0,7.105427357600951e-15,7,5,60,True,3,12,6,0.00409876718185842,0.4,7,True,-5.000000000000004,1.1786377259995788,56.5,35,20,True,1.1666666666666667
6,0.1,0.25,0.3,0.2686112156427715,0.1,6,0.0001,42,64,7,1182,1.0,-5.0000000000000355,-5.0,7.105427357600951e-15,7,4,30,True,2,11,6,0.0035795101430267096,0.5,11,True,-5.000000000000023,1.175816958071664,57.0,42,20,True,1.8333333333333333
6,0.1,0.25,0.5,0.2686112156427715,0.05,3,1e-07,42,64,7,1182,1.0,-5.0000000000000355,-5.0,7.105427357600951e-15,7,5,60,True,3,12,6,0.0040707821026444435,0.4,9,True,-5.000000000000024,1.1828991079237312,52.0,34,20,True,1.5
6,0.1,0.25,0.1,0.11721072571111824,0.1,6,1e-06,42,64,7,1182,1.0,-5.0000000000000355,-5.000000000000003,6.57252030578088e-15,7,4,30,True,2,16,6,0.0037925979122519493,0.8,7,True,-5.000000000000032,1.1903023510240018,57.0,30,20,True,1.1666666666666667
6,0.1,0.25,0.3,0.2686112156427715,0.1,6,1e-06,42,64,7,1182,1.0,-5.0000000000000355,-5.0,7.105427357600951e-15,7,4,30,True,2,16,6,0.00374348321929574,0.6,7,True,-5.000000000000025,1.1789566529914737,52.5,27,20,True,1.1666666666666667
6,0.1,0.25,0.3,0.2686112156427715,0.05,3,1e-06,42,64,7,1182,1.0,-5.0000000000000355,-5.0,7.105427357600951e-15,7,5,60,True,3,12,6,0.004197984002530575,0.9,9,True,-5.000000000000017,1.1849712079856545,57.0,20,20,True,1.5
6,0.1,0.25,0.3,0.2686112156427715,0.05,3,1e-07,42,64,7,1182,1.0,-5.0000000000000355,-5.0,7.105427357600951e-15,7,5,60,True,3,12,6,0.004140958888456225,1.0,10,True,-5.00000000000003,1.1998350981157273,57.0,27,20,True,1.6666666666666667
6,0.1,0.25,0.3,0.2686112156427715,0.05,3,0.0001,42,64,7,1182,1.0,-5.0000000000000355,-5.0,7.105427357600951e-15,7,5,60,True,3,8,6,0.004020976833999157,0.9,9,True,-5.000000000000036,1.1760040919762105,46.5,20,20,True,1.5
6,0.1,0.25,0.1,0.11721072571111824,0.1,6,1e-07,42,64,7,1182,1.0,-5.0000000000000355,-5.000000000000003,6.57252030578088e-15,7,4,30,True,2,18,6,0.0038411058485507965,0.5,9,True,-5.000000000000031,1.1846936841029674,58.0,33,20,True,1.5
6,0.1,0.25,0.3,0.2686112156427715,0.1,6,1e-05,42,64,7,1182,1.0,-5.0000000000000355,-5.0,7.105427357600951e-15,7,4,30,True,2,11,6,0.0036321200896054506,1.0,8,True,-5.000000000000019,1.1942116050049663,59.5,26,20,True,1.3333333333333333
6,0.1,0.25,0.3,0.2686112156427715,0.1,6,1e-07,42,64,7,1182,1.0,-5.0000000000000355,-5.0,7.105427357600951e-15,7,4,30,True,2,17,6,0.0037481840699911118,0.6,7,True,-5.000000000000017,1.188782564830035,57.5,22,20,True,1.1666666666666667
6,0.1,0.25,0.3,0.2686112156427715,0.05,3,1e-05,42,64,7,1182,1.0,-5.0000000000000355,-5.0,7.105427357600951e-15,7,5,60,True,3,8,6,0.004028150113299489,0.7,11,True,-5.000000000000017,1.185928744962439,58.5,40,20,True,1.8333333333333333
6,0.1,0.25,0.1,0.11721072571111824,0.05,3,1e-07,42,64,7,1182,1.0,-5.0000000000000355,-5.000000000000001,6.927791673660928e-15,7,5,60,True,3,9,6,0.004108282038941979,0.7,8,True,-5.000000000000031,1.1828861518297344,55.0,41,20,True,1.3333333333333333
6,0.1,0.25,0.1,0.11721072571111824,0.05,3,1e-06,42,64,7,1182,1.0,-5.0000000000000355,-5.000000000000001,6.927791673660928e-15,7,5,60,True,3,9,6,0.00408827094361186,0.9,9,True,-5.000000000000034,1.1736351340077817,57.5,36,20,True,1.5
6,0.1,0.25,0.1,0.11721072571111824,0.05,3,0.0001,42,64,7,1182,1.0,-5.0000000000000355,-5.000000000000001,6.927791673660928e-15,7,5,60,True,3,8,6,0.004062417894601822,0.5,9,True,-5.000000000000017,1.1847138730809093,55.0,33,20,True,1.5
6,0.1,0.25,0.1,0.11721072571111824,0.1,6,1e-05,42,64,7,1182,1.0,-5.0000000000000355,-5.000000000000003,6.57252030578088e-15,7,4,30,True,2,12,6,0.0037737570237368345,0.4,10,True,-5.000000000000019,1.1767168450169265,53.5,28,20,True,1.6666666666666667
6,0.1,0.25,0.1,0.11721072571111824,0.1,6,0.0001,42,64,7,1182,1.0,-5.0000000000000355,-5.000000000000003,6.57252030578088e-15,7,4,30,True,2,11,6,0.003629331011325121,0.5,9,True,-5.00000000000001,1.1879241920541972,55.0,28,20,True,1.5
6,0.1,0.25,0.1,0.11721072571111824,0.05,3,1e-05,42,64,7,1182,1.0,-5.0000000000000355,-5.000000000000001,6.927791673660928e-15,7,5,60,True,3,8,6,0.004074139054864645,0.3,8,True,-5.000000000000033,1.2021719149779528,60.5,36,20,True,1.3333333333333333
6,0.1,0.1,0.8,0.2686112156427715,0.1,6,0.0001,42,64,7,546,1.0,-4.999999999999963,-4.999999999999999,7.283063041541081e-15,7,5,30,True,3,11,6,0.004017577040940523,0.6,8,True,-5.000000000000014,1.437841190956533,59.5,37,20,True,1.3333333333333333
6,0.1,0.1,0.8,0.2686112156427715,0.1,6,1e-05,42,64,7,546,1.0,-4.999999999999963,-4.999999999999999,7.283063041541081e-15,7,4,30,True,2,16,6,0.003520712023600936,0.7,8,True,-5.000000000000021,1.4294391798321158,57.0,40,20,True,1.3333333333333333
6,0.1,0.5,0.3,0.2686112156427715,0.1,6,0.0001,42,64,7,2164,1.0,-5.000000000000036,-4.999999999999998,7.638334409421021e-15,7,4,30,True,2,11,6,0.00397879583761096,0.5,8,True,-5.0000000000000195,1.0983593321871012,55.0,36,20,True,1.3333333333333333
6,0.1,0.5,0.3,0.2686112156427715,0.1,6,1e-06,42,64,7,2164,1.0,-5.000000000000036,-4.999999999999998,7.638334409421021e-15,7,4,30,True,2,14,6,0.00391061301343143,0.9,8,True,-5.00000000000002,1.101772801950574,58.5,33,20,True,1.3333333333333333
6,0.1,0.5,0.3,0.2686112156427715,0.1,6,1e-05,42,64,7,2164,1.0,-5.000000000000036,-4.999999999999998,7.638334409421021e-15,7,4,30,True,2,11,6,0.003752665827050805,0.6,9,True,-5.000000000000015,1.110086461994797,57.0,44,20,True,1.5
6,0.1,0.5,0.1,0.11721072571111824,0.05,3,0.0001,42,64,7,2164,1.0,-5.000000000000036,-4.999999999999999,7.460698725480997e-15,7,4,60,True,2,6,6,0.003621842944994569,0.4,8,True,-5.0000000000000115,1.1030632827896625,57.0,20,20,True,1.3333333333333333
6,0.1,0.5,0.3,0.2686112156427715,0.05,3,0.0001,42,64,7,2164,1.0,-5.000000000000036,-4.999999999999998,7.638334409421021e-15,7,4,60,True,2,8,6,0.003647887846454978,1.0,6,True,-5.000000000000014,1.112888511037454,59.5,43,20,False,1.0
6,0.1,0.5,0.1,0.11721072571111824,0.1,6,0.0001,42,64,7,2164,1.0,-5.000000000000036,-4.999999999999999,7.460698725480997e-15,7,4,30,True,2,10,6,0.0038193799555301666,0.4,8,True,-5.000000000000013,1.094193700933829,55.5,30,20,True,1.3333333333333333
6,0.1,0.5,0.1,0.11721072571111824,0.1,6,1e-05,42,64,7,2164,1.0,-5.000000000000036,-5.0,7.283063041540974e-15,7,4,30,True,2,13,6,0.004194144858047366,0.6,6,True,-5.000000000000014,1.1176845519803464,57.5,31,20,False,1.0
6,0.1,0.5,0.3,0.2686112156427715,0.05,3,1e-06,42,64,7,2164,1.0,-5.000000000000036,-4.999999999999998,7.638334409421021e-15,7,4,60,True,2,9,6,0.003674070117995143,0.9,8,True,-5.000000000000018,1.1145467271562666,59.5,33,20,True,1.3333333333333333
6,0.1,0.5,0.1,0.11721072571111824,0.05,3,1e-05,42,64,7,2164,1.0,-5.000000000000036,-4.999999999999999,7.460698725480997e-15,7,4,60,True,2,6,6,0.003610460087656975,0.6,9,True,-5.0000000000000195,1.0880055739544332,56.0,24,20,True,1.5
6,0.1,0.5,0.3,0.2686112156427715,0.1,6,1e-07,42,64,7,2164,1.0,-5.000000000000036,-4.999999999999998,7.638334409421021e-15,7,4,30,True,2,18,6,0.004074774915352464,0.8,7,True,-5.000000000000016,1.1031827400438488,55.5,41,20,True,1.1666666666666667
6,0.1,0.5,0.3,0.2686112156427715,0.05,3,1e-05,42,64,7,2164,1.0,-5.000000000000036,-4.999999999999998,7.638334409421021e-15,7,4,60,True,2,8,6,0.003591732122004032,0.2,10,True,-5.0000000000000195,1.0954126291908324,59.5,37,20,True,1.6666666666666667
6,0.1,0.5,0.3,0.2686112156427715,0.05,3,1e-07,42,64,7,2164,1.0,-5.000000000000036,-4.999999999999998,7.638334409421021e-15,7,4,60,True,2,9,6,0.0036269391421228647,0.5,8,True,-5.0000000000000195,1.1165360088925809,59.0,34,20,True,1.3333333333333333
6,0.1,0.5,0.1,0.11721072571111824,0.1,6,1e-07,42,64,7,2164,1.0,-5.000000000000036,-5.0,7.283063041540974e-15,7,4,30,True,2,17,6,0.004067823989316821,0.6,6,True,-5.000000000000023,1.0965925711207092,59.0,48,20,False,1.0
6,0.1,0.5,0.1,0.11721072571111824,0.05,3,1e-06,42,64,7,2164,1.0,-5.000000000000036,-4.999999999999999,7.460698725480997e-15,7,4,60,True,2,7,6,0.0037968659307807684,0.6,7,True,-5.000000000000027,1.1162330228835344,55.5,31,20,True,1.1666666666666667
6,0.1,0.5,0.1,0.11721072571111824,0.1,6,1e-06,42,64,7,2164,1.0,-5.000000000000036,-5.0,7.283063041540974e-15,7,4,30,True,2,13,6,0.0039244662038981915,0.8,9,True,-5.0000000000000275,1.1016185500193387,59.0,22,20,True,1.5
6,0.1,0.5,0.1,0.11721072571111824,0.05,3,1e-07,42,64,7,2164,1.0,-5.000000000000036,-4.999999999999999,7.460698725480997e-15,7,4,60,True,2,9,6,0.003859048942103982,0.9,8,True,-5.000000000000018,1.1182271880097687,51.5,33,20,True,1.3333333333333333
6,0.1,0.25,0.8,0.2686112156427715,0.1,6,1e-05,42,64,7,1182,1.0,-5.0000000000000355,-5.0,7.105427357600951e-15,7,4,30,True,2,11,6,0.0036494808737188578,1.0,7,True,-5.00000000000001,1.2078706161119044,51.5,39,20,True,1.1666666666666667
6,0.1,0.25,0.8,0.2686112156427715,0.1,6,0.0001,42,64,7,1182,1.0,-5.0000000000000355,-5.0,7.105427357600951e-15,7,4,30,True,2,11,6,0.0036258939653635025,0.4,11,True,-5.000000000000024,1.1969105920288712,51.5,27,20,True,1.8333333333333333
6,0.1,0.25,0.8,0.2686112156427715,0.1,6,1e-06,42,64,7,1182,1.0,-5.0000000000000355,-5.0,7.105427357600951e-15,7,4,30,True,2,16,6,0.003765844041481614,0.8,8,True,-5.000000000000009,1.1878312649205327,55.0,38,20,True,1.3333333333333333
6,0.1,0.25,0.8,0.2686112156427715,0.1,6,1e-07,42,64,7,1182,1.0,-5.0000000000000355,-5.0,7.105427357600951e-15,7,4,30,True,2,17,6,0.0037963760551065207,1.0,8,True,-5.000000000000023,1.1919182201381773,57.0,17,20,True,1.3333333333333333
6,0.1,0.5,0.8,0.2686112156427715,0.1,6,0.0001,42,64,7,2164,1.0,-5.000000000000036,-4.999999999999998,7.638334409421021e-15,7,4,30,True,2,11,6,0.004007197916507721,0.7,7,True,-5.000000000000017,1.0959594149608165,55.0,22,20,True,1.1666666666666667
6,0.1,0.5,0.8,0.2686112156427715,0.1,6,1e-05,42,64,7,2164,1.0,-5.000000000000036,-4.999999999999998,7.638334409421021e-15,7,4,30,True,2,11,6,0.0038858428597450256,0.4,9,True,-5.000000000000015,1.1091725311707705,55.0,30,20,True,1.5
6,0.1,0.5,0.8,0.2686112156427715,0.1,6,1e-06,42,64,7,2164,1.0,-5.000000000000036,-4.999999999999998,7.638334409421021e-15,7,4,30,True,2,14,6,0.003937120083719492,0.4,10,True,-5.00000000000002,1.1103458041325212,56.0,31,20,True,1.6666666666666667
6,0.1,0.5,0.8,0.2686112156427715,0.1,6,1e-07,42,64,7,2164,1.0,-5.000000000000036,-4.999999999999998,7.638334409421021e-15,7,4,30,True,2,18,6,0.004143436206504703,0.9,8,True,-5.000000000000026,1.1101461679209024,59.0,29,20,True,1.3333333333333333
6,0.25,0.1,0.3,0.27753131564596295,0.1,6,1e-06,42,64,17,602,1.0,-4.999999999999994,-5.000000000000001,1.4210854715202022e-15,17,7,30,True,5,27,16,0.007098999805748463,0.3,25,True,-5.000000000000043,2.2878917888738215,62.0,48,20,True,1.5625
6,0.1,0.5,0.8,0.2686112156427715,0.05,3,0.0001,42,64,7,2164,1.0,-5.000000000000036,-4.999999999999998,7.638334409421021e-15,7,4,60,True,2,8,6,0.003639928065240383,0.9,9,True,-5.000000000000009,1.1120133979711682,56.0,29,20,True,1.5
6,0.1,0.5,0.8,0.2686112156427715,0.05,3,1e-05,42,64,7,2164,1.0,-5.000000000000036,-4.999999999999998,7.638334409421021e-15,7,4,60,True,2,8,6,0.003578149015083909,0.8,7,True,-5.000000000000023,1.1158229690045118,60.0,39,20,True,1.1666666666666667
6,0.25,0.1,0.3,0.27753131564596295,0.1,6,1e-07,42,64,17,602,1.0,-4.999999999999994,-5.000000000000001,1.4210854715202022e-15,17,7,30,True,5,33,16,0.007223765831440687,0.9,24,True,-5.000000000000046,2.312300900928676,62.0,55,20,True,1.5
6,0.25,0.1,0.3,0.27753131564596295,0.05,3,0.0001,42,64,17,602,1.0,-4.999999999999994,-3.988871296729226,0.20222574065415377,5,60,60,False,nan,nan,nan,0.03565557091496885,0.4,26,True,-5.000000000000052,2.2231564840767533,63.0,53,20,False,0.0
6,0.25,0.1,0.1,0.11479653521648928,0.05,3,1e-06,42,64,17,602,1.0,-4.999999999999994,-4.999999999999998,8.881784197001264e-16,17,13,60,True,11,21,16,0.012854187982156873,0.3,35,True,-5.00000000000003,2.2463382000569254,62.5,48,20,True,2.1875
6,0.25,0.1,0.1,0.11479653521648928,0.1,6,1e-06,42,64,17,602,1.0,-4.999999999999994,-4.999999999999999,1.0658141036401516e-15,17,7,30,True,5,26,16,0.006664111977443099,0.5,31,True,-5.000000000000064,2.273736705072224,63.0,53,20,True,1.9375
6,0.25,0.1,0.3,0.27753131564596295,0.05,3,1e-06,42,64,17,602,1.0,-4.999999999999994,-5.0,1.2434497875801768e-15,17,12,60,True,10,25,16,0.010171371046453714,0.2,32,True,-5.000000000000042,2.2555286739952862,60.5,53,20,True,2.0
6,0.25,0.1,0.1,0.11479653521648928,0.1,6,1e-07,42,64,17,602,1.0,-4.999999999999994,-4.999999999999999,1.0658141036401516e-15,17,7,30,True,5,35,16,0.007387385005131364,0.7,27,True,-5.000000000000035,2.234922792064026,60.0,48,20,True,1.6875
6,0.25,0.1,0.1,0.11479653521648928,0.05,3,1e-07,42,64,17,602,1.0,-4.999999999999994,-4.999999999999998,8.881784197001264e-16,17,13,60,True,11,28,16,0.011629184009507298,0.8,33,True,-5.000000000000033,2.256465699058026,63.0,50,20,True,2.0625
6,0.25,0.1,0.1,0.11479653521648928,0.1,6,0.0001,42,64,17,602,1.0,-4.999999999999994,-4.999999999999999,1.0658141036401516e-15,17,10,30,True,9,21,17,0.008026002906262875,0.5,31,True,-5.000000000000038,2.2630228851921856,62.0,55,20,True,1.8235294117647058
6,0.25,0.1,0.3,0.27753131564596295,0.05,3,1e-05,42,64,17,602,1.0,-4.999999999999994,-5.0,1.2434497875801768e-15,17,12,60,True,10,22,16,0.009703684132546186,0.8,26,True,-5.000000000000028,2.2078496171161532,63.0,53,20,True,1.625
6,0.25,0.1,0.3,0.27753131564596295,0.05,3,1e-07,42,64,17,602,1.0,-4.999999999999994,-5.0,1.2434497875801768e-15,17,12,60,True,10,33,16,0.010539422044530511,0.7,33,True,-5.000000000000034,2.2689612810499966,61.5,52,20,True,2.0625
6,0.25,0.1,0.1,0.11479653521648928,0.1,6,1e-05,42,64,17,602,1.0,-4.999999999999994,-4.999999999999999,1.0658141036401516e-15,17,7,30,True,6,24,17,0.006440581055358052,0.4,26,True,-5.0000000000000435,2.265922836959362,59.0,50,20,True,1.5294117647058822
6,0.25,0.1,0.1,0.11479653521648928,0.05,3,1e-05,42,64,17,602,1.0,-4.999999999999994,-4.999999999999997,7.105427357601011e-16,17,13,60,True,11,22,16,0.012280612951144576,0.5,29,True,-5.000000000000041,2.268639590125531,61.0,51,20,True,1.8125
6,0.25,0.1,0.1,0.11479653521648928,0.05,3,0.0001,42,64,17,602,1.0,-4.999999999999994,-3.9943749300018467,0.20112501399962965,6,60,60,False,nan,nan,nan,0.03674516314640641,0.9,33,True,-5.000000000000032,2.2753012371249497,62.0,51,20,False,0.0
6,0.25,0.25,0.3,0.27753131564596295,0.05,3,0.0001,42,64,17,1200,1.0,-4.999999999999987,-4.999999999999999,2.4868995751603572e-15,17,11,60,True,9,18,16,0.00872825481928885,0.2,27,True,-5.000000000000032,1.6971214041113853,62.0,57,20,True,1.6875
6,0.25,0.25,0.3,0.27753131564596295,0.05,3,1e-05,42,64,17,1200,1.0,-4.999999999999987,-4.999999999999999,2.4868995751603572e-15,17,9,60,True,7,19,16,0.007594814989715815,0.4,20,True,-5.000000000000044,1.6991907409392297,62.0,56,20,True,1.25
6,0.25,0.25,0.3,0.27753131564596295,0.05,3,1e-06,42,64,17,1200,1.0,-4.999999999999987,-4.999999999999999,2.4868995751603572e-15,17,9,60,True,7,19,16,0.007692379876971245,0.7,28,True,-5.000000000000053,1.6588236689567566,62.0,52,20,True,1.75
6,0.25,0.1,0.8,0.27753131564596295,0.1,6,1e-06,42,64,17,602,1.0,-4.999999999999994,-5.000000000000001,1.4210854715202022e-15,17,7,30,True,5,27,16,0.0068182251416146755,0.6,25,True,-5.000000000000031,2.270768534159288,61.5,51,20,True,1.5625
6,0.25,0.1,0.8,0.27753131564596295,0.05,3,1e-05,42,64,17,602,1.0,-4.999999999999994,-5.0,1.2434497875801768e-15,17,12,60,True,10,22,16,0.009768546093255281,0.5,24,True,-5.000000000000038,2.247303309151903,63.0,49,20,True,1.5
6,0.25,0.1,0.8,0.27753131564596295,0.1,6,1e-07,42,64,17,602,1.0,-4.999999999999994,-5.000000000000001,1.4210854715202022e-15,17,7,30,True,5,33,16,0.007054923800751567,0.9,34,True,-5.00000000000005,2.287481687963009,59.0,46,20,True,2.125
6,0.25,0.1,0.8,0.27753131564596295,0.05,3,0.0001,42,64,17,602,1.0,-4.999999999999994,-3.988871296729226,0.20222574065415377,5,60,60,False,nan,nan,nan,0.03545398311689496,1.0,24,True,-5.000000000000032,2.3030416858382523,62.0,51,20,False,0.0
6,0.25,0.1,0.8,0.27753131564596295,0.05,3,1e-06,42,64,17,602,1.0,-4.999999999999994,-5.0,1.2434497875801768e-15,17,12,60,True,10,25,16,0.010161577025428414,0.5,28,True,-5.0000000000000515,2.3118052741046995,62.0,54,20,True,1.75
6,0.25,0.1,0.8,0.27753131564596295,0.05,3,1e-07,42,64,17,602,1.0,-4.999999999999994,-5.0,1.2434497875801768e-15,17,12,60,True,10,33,16,0.010763851925730705,0.8,32,True,-5.000000000000038,2.3426374720875174,62.5,55,20,True,2.0
6,0.25,0.25,0.1,0.11479653521648928,0.05,3,0.0001,42,64,17,1200,1.0,-4.999999999999987,-5.0,2.6645352591003828e-15,17,12,60,True,10,18,16,0.009523571934551,0.4,30,True,-5.000000000000048,1.7090059381444007,62.0,57,20,True,1.875
6,0.25,0.25,0.1,0.11479653521648928,0.1,6,0.0001,42,64,17,1200,1.0,-4.999999999999987,-5.0,2.6645352591003828e-15,17,6,30,True,5,21,17,0.005544071085751057,0.7,26,True,-5.000000000000049,1.686782310018316,61.0,49,20,True,1.5294117647058822
6,0.25,0.25,0.1,0.11479653521648928,0.05,3,1e-05,42,64,17,1200,1.0,-4.999999999999987,-5.0,2.6645352591003828e-15,17,11,60,True,9,19,16,0.00939958798699081,0.5,27,True,-5.0000000000000355,1.7221603021025658,61.5,52,20,True,1.6875
6,0.25,0.25,0.1,0.11479653521648928,0.1,6,1e-06,42,64,17,1200,1.0,-4.999999999999987,-4.999999999999999,2.4868995751603572e-15,17,6,30,True,4,24,16,0.006126046180725098,1.0,24,True,-5.00000000000003,1.6731906158383936,61.0,54,20,True,1.5
6,0.25,0.25,0.3,0.27753131564596295,0.05,3,1e-07,42,64,17,1200,1.0,-4.999999999999987,-4.999999999999999,2.4868995751603572e-15,17,9,60,True,7,22,16,0.00794535898603499,0.4,26,True,-5.000000000000037,1.6918630569707602,61.0,48,20,True,1.625
6,0.25,0.25,0.1,0.11479653521648928,0.1,6,1e-05,42,64,17,1200,1.0,-4.999999999999987,-4.999999999999999,2.4868995751603572e-15,17,6,30,True,4,20,16,0.005894880974665284,1.0,25,True,-5.000000000000035,1.712743196869269,61.0,53,20,True,1.5625
6,0.25,0.25,0.1,0.11479653521648928,0.1,6,1e-07,42,64,17,1200,1.0,-4.999999999999987,-4.999999999999999,2.4868995751603572e-15,17,6,30,True,4,29,16,0.006363234017044306,0.7,22,True,-5.000000000000031,1.7133313021622598,63.0,60,20,True,1.375
6,0.25,0.1,0.8,0.27753131564596295,0.1,6,0.0001,42,64,17,602,1.0,-4.999999999999994,-5.000000000000001,1.4210854715202022e-15,17,9,30,True,8,21,17,0.0074443339835852385,0.6,24,True,-5.000000000000045,2.2638877781573683,61.0,46,20,True,1.411764705882353
6,0.25,0.25,0.1,0.11479653521648928,0.05,3,1e-07,42,64,17,1200,1.0,-4.999999999999987,-5.0,2.6645352591003828e-15,17,11,60,True,9,24,16,0.010260970098897815,1.0,25,True,-5.0000000000000355,1.700137868989259,62.5,54,20,True,1.5625
6,0.25,0.25,0.1,0.11479653521648928,0.05,3,1e-06,42,64,17,1200,1.0,-4.999999999999987,-5.0,2.6645352591003828e-15,17,11,60,True,9,20,16,0.00975018716417253,0.3,28,True,-5.000000000000047,1.689226547954604,61.0,56,20,True,1.75
6,0.25,0.1,0.8,0.27753131564596295,0.1,6,1e-05,42,64,17,602,1.0,-4.999999999999994,-5.000000000000001,1.4210854715202022e-15,17,7,30,True,5,23,16,0.006526244105771184,0.8,29,True,-5.0000000000000355,2.242823249893263,62.0,51,20,True,1.8125
6,0.25,0.5,0.3,0.27753131564596295,0.05,3,1e-06,42,64,17,2178,1.0,-5.000000000000017,-4.999999999999999,3.552713678800489e-15,17,7,60,True,6,18,17,0.00698055000975728,0.8,24,True,-5.000000000000034,1.3135481581557542,62.0,55,20,True,1.411764705882353
6,0.25,0.5,0.3,0.27753131564596295,0.05,3,1e-07,42,64,17,2178,1.0,-5.000000000000017,-4.999999999999999,3.552713678800489e-15,17,7,60,True,6,18,17,0.007033311994746327,0.6,22,True,-5.000000000000032,1.3205515728332102,61.0,54,20,True,1.2941176470588236
6,0.25,0.5,0.1,0.11479653521648928,0.1,6,0.0001,42,64,17,2178,1.0,-5.000000000000017,-4.999999999999997,3.907985046680538e-15,17,5,30,True,3,16,16,0.005193948047235608,0.6,24,True,-5.0000000000000275,1.325183351058513,62.0,54,20,True,1.5
6,0.25,0.25,0.8,0.27753131564596295,0.05,3,0.0001,42,64,17,1200,1.0,-4.999999999999987,-4.999999999999999,2.4868995751603572e-15,17,11,60,True,9,18,16,0.009194392012432218,0.9,29,True,-5.000000000000051,1.7360444678924978,62.0,58,20,True,1.8125
6,0.25,0.25,0.8,0.27753131564596295,0.05,3,1e-07,42,64,17,1200,1.0,-4.999999999999987,-4.999999999999999,2.4868995751603572e-15,17,9,60,True,7,22,16,0.008001490961760283,0.6,24,True,-5.000000000000037,1.6951253050938249,63.0,57,20,True,1.5
6,0.25,0.5,0.1,0.11479653521648928,0.1,6,1e-06,42,64,17,2178,1.0,-5.000000000000017,-4.999999999999997,3.907985046680538e-15,17,5,30,True,3,21,16,0.0057016280479729176,1.0,23,True,-5.000000000000029,1.3266669199801981,61.5,52,20,True,1.4375
6,0.25,0.25,0.8,0.27753131564596295,0.05,3,1e-05,42,64,17,1200,1.0,-4.999999999999987,-4.999999999999999,2.4868995751603572e-15,17,9,60,True,7,19,16,0.0075638070702552795,1.0,22,True,-5.000000000000025,1.7046812060289085,61.0,52,20,True,1.375
6,0.25,0.5,0.1,0.11479653521648928,0.05,3,1e-06,42,64,17,2178,1.0,-5.000000000000017,-4.999999999999996,4.263256414560587e-15,17,9,60,True,7,19,16,0.008353311102837324,0.6,25,True,-5.0000000000000355,1.3305299109779298,62.0,56,20,True,1.5625
6,0.25,0.25,0.8,0.27753131564596295,0.05,3,1e-06,42,64,17,1200,1.0,-4.999999999999987,-4.999999999999999,2.4868995751603572e-15,17,9,60,True,7,19,16,0.007800036109983921,0.7,24,True,-5.000000000000032,1.6990449770819396,62.5,50,20,True,1.5
6,0.25,0.5,0.1,0.11479653521648928,0.05,3,1e-07,42,64,17,2178,1.0,-5.000000000000017,-4.999999999999996,4.263256414560587e-15,17,9,60,True,7,21,16,0.008601403096690774,0.8,26,True,-5.000000000000022,1.3234590061474591,62.0,52,20,True,1.625
6,0.25,0.5,0.1,0.11479653521648928,0.1,6,1e-05,42,64,17,2178,1.0,-5.000000000000017,-4.999999999999997,3.907985046680538e-15,17,5,30,True,3,16,16,0.005384173942729831,0.4,20,True,-5.000000000000026,1.325172308133915,62.0,57,20,True,1.25
6,0.25,0.5,0.1,0.11479653521648928,0.05,3,0.0001,42,64,17,2178,1.0,-5.000000000000017,-3.9589738583381893,0.20820522833236482,5,60,60,False,nan,nan,nan,0.03770389617420733,0.5,27,True,-5.000000000000039,1.3551779531408101,61.5,53,20,False,0.0
6,0.25,0.5,0.1,0.11479653521648928,0.1,6,1e-07,42,64,17,2178,1.0,-5.000000000000017,-4.999999999999997,3.907985046680538e-15,17,5,30,True,3,23,16,0.005717316176742315,0.4,24,True,-5.000000000000021,1.3558198981918395,62.0,55,20,True,1.5
6,0.25,0.5,0.1,0.11479653521648928,0.05,3,1e-05,42,64,17,2178,1.0,-5.000000000000017,-4.999999999999996,4.263256414560587e-15,17,9,60,True,7,16,16,0.007896330207586288,0.5,25,True,-5.000000000000026,1.36275802901946,62.5,54,20,True,1.5625
6,0.25,0.25,0.5,0.27753131564596295,0.1,6,0.0001,42,64,17,1200,1.0,-4.999999999999987,-4.999999999999999,2.4868995751603572e-15,17,7,30,True,5,19,16,0.006319717038422823,0.7,23,True,-5.000000000000042,1.6921977947931737,59.0,48,20,True,1.4375
6,0.25,0.25,0.5,0.27753131564596295,0.1,6,1e-05,42,64,17,1200,1.0,-4.999999999999987,-4.999999999999997,2.1316282072803064e-15,17,6,30,True,4,19,16,0.005771297961473465,0.8,25,True,-5.00000000000005,1.686493962071836,62.0,52,20,True,1.5625
6,0.25,0.25,0.8,0.27753131564596295,0.1,6,1e-06,42,64,17,1200,1.0,-4.999999999999987,-4.999999999999997,2.1316282072803064e-15,17,6,30,True,4,25,16,0.0062042570207268,0.9,20,True,-5.0000000000000435,1.6972980468999594,63.0,55,20,True,1.25
6,0.25,0.25,0.8,0.27753131564596295,0.1,6,1e-05,42,64,17,1200,1.0,-4.999999999999987,-4.999999999999997,2.1316282072803064e-15,17,6,30,True,4,19,16,0.005784566979855299,0.5,23,True,-5.000000000000033,1.70624507102184,61.0,47,20,True,1.4375
6,0.25,0.25,0.8,0.27753131564596295,0.1,6,0.0001,42,64,17,1200,1.0,-4.999999999999987,-4.999999999999999,2.4868995751603572e-15,17,7,30,True,5,19,16,0.00645300280302763,0.9,21,True,-5.0000000000000355,1.718597446102649,62.0,58,20,True,1.3125
6,0.05,0.1,0.1,0.102226716202623,0.03,2,1e-06,42,64,4,510,1.0,-5.000000000000008,-5.000000000000002,1.2434497875801733e-15,4,3,100,True,2,6,4,0.00241902400739491,0.8,8,True,-5.000000000000031,1.1583643690682948,48.5,23,20,True,2.0
6,0.05,0.1,0.1,0.102226716202623,0.03,2,1e-07,42,64,4,510,1.0,-5.000000000000008,-5.000000000000002,1.2434497875801733e-15,4,3,100,True,2,6,4,0.002621455118060112,0.8,12,True,-5.000000000000032,1.1587495068088174,49.0,19,20,True,3.0
6,0.25,0.25,0.8,0.27753131564596295,0.1,6,1e-07,42,64,17,1200,1.0,-4.999999999999987,-4.999999999999997,2.1316282072803064e-15,17,6,30,True,4,27,16,0.006347201066091657,0.4,24,True,-5.0000000000000355,1.7069918010383844,62.0,54,20,True,1.5
6,0.25,0.5,0.5,0.27753131564596295,0.1,6,1e-05,42,64,17,2178,1.0,-5.000000000000017,-5.000000000000003,2.842170943040391e-15,17,5,30,True,3,17,16,0.0053831900004297495,0.9,25,True,-5.0000000000000355,1.3423823760822415,62.5,51,20,True,1.5625
6,0.25,0.5,0.8,0.27753131564596295,0.05,3,1e-06,42,64,17,2178,1.0,-5.000000000000017,-4.999999999999999,3.552713678800489e-15,17,7,60,True,6,18,17,0.006644978886470199,0.4,24,True,-5.000000000000026,1.3577154399827123,63.0,55,20,True,1.411764705882353
6,0.25,0.5,0.8,0.27753131564596295,0.1,6,0.0001,42,64,17,2178,1.0,-5.000000000000017,-5.000000000000003,2.842170943040391e-15,17,5,30,True,3,17,16,0.005689018871635199,0.7,21,True,-5.000000000000015,1.3517796760424972,63.0,57,20,True,1.3125
6,0.25,0.5,0.8,0.27753131564596295,0.05,3,1e-07,42,64,17,2178,1.0,-5.000000000000017,-4.999999999999999,3.552713678800489e-15,17,7,60,True,6,18,17,0.0067298151552677155,0.8,25,True,-5.000000000000029,1.3504706099629402,62.5,50,20,True,1.4705882352941178
6,0.25,0.5,0.8,0.27753131564596295,0.1,6,1e-05,42,64,17,2178,1.0,-5.000000000000017,-5.000000000000003,2.842170943040391e-15,17,5,30,True,3,17,16,0.005506094079464674,0.5,22,True,-5.000000000000039,1.3304688590578735,62.0,52,20,True,1.375
6,0.25,0.5,0.5,0.27753131564596295,0.1,6,0.0001,42,64,17,2178,1.0,-5.000000000000017,-5.000000000000003,2.842170943040391e-15,17,5,30,True,3,17,16,0.005317435832694173,0.9,26,True,-5.00000000000004,1.3571883831173182,63.0,55,20,True,1.625
6,0.05,0.25,0.1,0.102226716202623,0.03,2,0.0001,42,64,4,1162,1.0,-5.000000000000002,-5.000000000000001,1.7763568394002498e-16,4,2,100,True,1,4,4,0.001973325153812766,0.9,13,True,-5.000000000000028,0.8608879570383579,52.0,15,20,True,3.25
6,0.05,0.25,0.1,0.102226716202623,0.03,2,1e-05,42,64,4,1162,1.0,-5.000000000000002,-5.000000000000001,1.7763568394002498e-16,4,2,100,True,1,4,4,0.0020313099958002567,0.9,15,True,-5.00000000000003,0.865830672904849,49.5,16,20,True,3.75
6,0.25,0.5,0.5,0.27753131564596295,0.1,6,1e-06,42,64,17,2178,1.0,-5.000000000000017,-5.000000000000003,2.842170943040391e-15,17,5,30,True,3,21,16,0.005696743028238416,0.7,22,True,-5.000000000000038,1.338478822959587,62.0,44,20,True,1.375
6,0.25,0.5,0.5,0.27753131564596295,0.1,6,1e-07,42,64,17,2178,1.0,-5.000000000000017,-5.000000000000003,2.842170943040391e-15,17,5,30,True,3,24,16,0.005802922882139683,0.5,26,True,-5.000000000000028,1.3448104599956423,61.0,50,20,True,1.625
6,0.25,0.5,0.8,0.27753131564596295,0.05,3,0.0001,42,64,17,2178,1.0,-5.000000000000017,-4.999999999999999,3.552713678800489e-15,17,7,60,True,6,18,17,0.006514941109344363,0.4,26,True,-5.000000000000028,1.3386436230503023,62.0,50,20,True,1.5294117647058822
6,0.25,0.5,0.8,0.27753131564596295,0.1,6,1e-06,42,64,17,2178,1.0,-5.000000000000017,-5.000000000000003,2.842170943040391e-15,17,5,30,True,3,21,16,0.005703657167032361,0.9,23,True,-5.000000000000024,1.327807849040255,61.5,56,20,True,1.4375
6,0.25,0.5,0.8,0.27753131564596295,0.1,6,1e-07,42,64,17,2178,1.0,-5.000000000000017,-5.000000000000003,2.842170943040391e-15,17,5,30,True,3,24,16,0.005937544163316488,0.5,25,True,-5.000000000000034,1.3411564929410815,63.0,54,20,True,1.5625
6,0.25,0.5,0.8,0.27753131564596295,0.05,3,1e-05,42,64,17,2178,1.0,-5.000000000000017,-4.999999999999999,3.552713678800489e-15,17,7,60,True,6,18,17,0.0065698709804564714,0.5,26,True,-5.000000000000027,1.330245308112353,62.0,52,20,True,1.5294117647058822
6,0.05,0.25,0.1,0.102226716202623,0.03,2,1e-06,42,64,4,1162,1.0,-5.000000000000002,-5.000000000000001,1.7763568394002498e-16,4,2,100,True,1,4,4,0.0020908969454467297,0.9,7,True,-5.000000000000028,0.8744708511512727,49.0,10,20,True,1.75
6,0.05,0.5,0.3,0.3137098842006708,0.03,2,1e-06,42,64,4,2166,1.0,-5.0,-4.999999999999999,1.7763568394002506e-16,4,2,100,True,1,4,4,0.0021021559368819,1.0,8,True,-5.0000000000000195,0.7746617929078639,55.5,36,20,True,2.0
6,0.05,0.25,0.1,0.102226716202623,0.03,2,1e-07,42,64,4,1162,1.0,-5.000000000000002,-5.000000000000001,1.7763568394002498e-16,4,2,100,True,1,4,4,0.002072483068332076,0.6,10,True,-5.000000000000029,0.8769897040911019,44.0,15,20,True,2.5
6,0.05,0.5,0.3,0.3137098842006708,0.03,2,1e-07,42,64,4,2166,1.0,-5.0,-4.999999999999999,1.7763568394002506e-16,4,2,100,True,1,4,4,0.0022675110958516598,0.7,7,True,-5.000000000000022,0.7852696529589593,54.0,29,20,True,1.75
6,0.05,0.1,0.8,0.4928031770049739,0.03,2,1e-06,42,64,4,510,1.0,-5.000000000000008,-5.0,1.5987211554602229e-15,4,2,100,True,1,4,4,0.001973220845684409,0.6,5,True,-5.00000000000004,1.1787982261739671,53.0,26,20,True,1.25
6,0.05,0.1,0.8,0.4928031770049739,0.03,2,0.0001,42,64,4,510,1.0,-5.000000000000008,-5.0,1.5987211554602229e-15,4,2,100,True,1,4,4,0.001986240968108177,0.2,9,True,-5.00000000000004,1.180892074946314,53.5,16,20,True,2.25
6,0.05,0.1,0.8,0.4928031770049739,0.03,2,1e-05,42,64,4,510,1.0,-5.000000000000008,-5.0,1.5987211554602229e-15,4,2,100,True,1,4,4,0.002100170124322176,0.9,5,True,-5.000000000000041,1.1834072740748525,56.0,24,20,True,1.25
6,0.05,0.5,0.1,0.102226716202623,0.03,2,0.0001,42,64,4,2166,1.0,-5.0,-4.999999999999999,1.7763568394002506e-16,4,2,100,True,1,4,4,0.0021451679058372974,0.9,10,True,-5.00000000000003,0.7800833701621741,57.5,22,20,True,2.5
6,0.05,0.5,0.1,0.102226716202623,0.03,2,1e-05,42,64,4,2166,1.0,-5.0,-4.999999999999999,1.7763568394002506e-16,4,2,100,True,1,4,4,0.0021905901376158,1.0,8,True,-5.0000000000000275,0.7823089661542326,47.0,18,20,True,2.0
6,0.05,0.1,0.8,0.4928031770049739,0.03,2,1e-07,42,64,4,510,1.0,-5.000000000000008,-5.0,1.5987211554602229e-15,4,2,100,True,1,4,4,0.0019958438351750374,0.2,6,True,-5.000000000000031,1.1716771489009261,53.0,28,20,True,1.5
6,0.25,0.1,0.5,0.27753131564596295,0.03,2,1e-07,42,64,17,602,1.0,-4.999999999999994,-4.999999999999998,8.881784197001264e-16,17,17,100,True,15,31,16,0.015092150075361133,0.4,25,True,-5.000000000000031,2.343072511954233,63.0,54,20,True,1.5625
6,0.25,0.1,0.5,0.27753131564596295,0.03,2,0.0001,42,64,17,602,1.0,-4.999999999999994,-3.9888712967292355,0.20222574065415191,5,100,100,False,nan,nan,nan,0.05805767793208361,0.8,24,True,-5.000000000000052,2.2686526030302048,61.5,53,20,False,0.0
6,0.25,0.1,0.5,0.27753131564596295,0.03,2,1e-05,42,64,17,602,1.0,-4.999999999999994,-5.000000000000002,1.5987211554602274e-15,17,18,100,True,16,20,16,0.013715734938159585,0.2,31,True,-5.000000000000035,2.2714605790097266,62.0,56,20,True,1.9375
6,0.25,0.1,0.5,0.27753131564596295,0.03,2,1e-06,42,64,17,602,1.0,-4.999999999999994,-4.999999999999998,8.881784197001264e-16,17,17,100,True,15,24,16,0.013696860987693071,1.0,23,True,-5.0000000000000355,2.2839862289838493,61.0,52,20,True,1.4375
6,0.25,0.1,0.3,0.27753131564596295,0.03,2,1e-05,42,64,17,602,1.0,-4.999999999999994,-5.000000000000002,1.5987211554602274e-15,17,18,100,True,16,20,16,0.013517881976440549,0.4,25,True,-5.000000000000035,2.2514226909261197,62.0,55,20,True,1.5625
6,0.1,0.1,0.3,0.2686112156427715,0.03,2,0.0001,42,64,7,546,1.0,-4.999999999999963,-4.5236375454744495,0.09527249090510334,8,100,100,False,nan,nan,nan,0.05802994198165834,1.0,9,True,-5.000000000000022,1.4112440808676183,55.0,43,20,False,0.0
6,0.1,0.1,0.3,0.2686112156427715,0.03,2,1e-05,42,64,7,546,1.0,-4.999999999999963,-4.999999999999999,7.283063041541081e-15,7,7,100,True,5,8,6,0.004815259017050266,0.9,10,True,-5.000000000000019,1.4313381158281118,55.0,40,20,True,1.6666666666666667
6,0.25,0.1,0.3,0.27753131564596295,0.03,2,0.0001,42,64,17,602,1.0,-4.999999999999994,-3.9888712967292355,0.20222574065415191,5,100,100,False,nan,nan,nan,0.05714362999424338,0.4,28,True,-5.000000000000042,2.3094032360240817,60.5,51,20,False,0.0
6,0.05,0.25,0.8,0.4928031770049739,0.03,2,0.0001,42,64,4,1162,1.0,-5.000000000000002,-5.0,3.5527136788004996e-16,4,2,100,True,1,4,4,0.0020978020038455725,0.001,6,True,-5.0000000000000435,0.866452065994963,56.0,29,20,True,1.5
6,0.05,0.5,0.1,0.102226716202623,0.03,2,1e-06,42,64,4,2166,1.0,-5.0,-4.999999999999999,1.7763568394002506e-16,4,2,100,True,1,4,4,0.0025757569819688797,0.9,11,True,-5.000000000000025,0.7897974739316851,57.0,21,20,True,2.75
6,0.05,0.5,0.1,0.102226716202623,0.03,2,1e-07,42,64,4,2166,1.0,-5.0,-4.999999999999999,1.7763568394002506e-16,4,2,100,True,1,4,4,0.002176544861868024,0.9,12,True,-5.000000000000035,0.7902527940459549,48.0,18,20,True,3.0
6,0.05,0.25,0.8,0.4928031770049739,0.03,2,1e-05,42,64,4,1162,1.0,-5.000000000000002,-5.0,3.5527136788004996e-16,4,2,100,True,1,4,4,0.0021004308946430683,0.7,5,True,-5.0000000000000275,0.8675914399791509,43.5,20,20,True,1.25
6,0.1,0.1,0.3,0.2686112156427715,0.03,2,1e-06,42,64,7,546,1.0,-4.999999999999963,-4.999999999999999,7.283063041541081e-15,7,7,100,True,5,12,6,0.00498164095915854,0.9,8,True,-5.000000000000012,1.428294694982469,57.0,33,20,True,1.3333333333333333
6,0.1,0.1,0.3,0.2686112156427715,0.03,2,1e-07,42,64,7,546,1.0,-4.999999999999963,-4.999999999999999,7.283063041541081e-15,7,7,100,True,5,12,6,0.005027553997933865,0.7,8,True,-5.000000000000021,1.4160550120286644,58.0,34,20,True,1.3333333333333333
6,0.25,0.5,0.1,0.11479653521648928,0.03,2,1e-07,42,64,17,2178,1.0,-5.000000000000017,-4.999999999999996,4.263256414560587e-15,17,13,100,True,11,20,16,0.011463470989838243,0.5,22,True,-5.000000000000025,1.3445856729522347,61.5,57,20,True,1.375
6,0.1,0.25,0.5,0.2686112156427715,0.03,2,1e-06,42,64,7,1182,1.0,-5.0000000000000355,-5.0,7.105427357600951e-15,7,5,100,True,3,8,6,0.003933365922421217,0.4,10,True,-5.0000000000000275,1.178565161069855,58.0,42,20,True,1.6666666666666667
6,0.25,0.5,0.1,0.11479653521648928,0.03,2,1e-05,42,64,17,2178,1.0,-5.000000000000017,-4.999999999999996,4.263256414560587e-15,17,13,100,True,11,16,16,0.010715330019593239,0.5,23,True,-5.000000000000031,1.3487859920132905,62.0,53,20,True,1.4375
6,0.25,0.5,0.1,0.11479653521648928,0.03,2,1e-06,42,64,17,2178,1.0,-5.000000000000017,-4.999999999999996,4.263256414560587e-15,17,13,100,True,11,16,16,0.012990058865398169,1.0,22,True,-5.000000000000029,1.349278576206416,59.5,52,20,True,1.375
6,0.25,0.5,0.1,0.11479653521648928,0.03,2,0.0001,42,64,17,2178,1.0,-5.000000000000017,-3.9589738583381893,0.20820522833236482,5,100,100,False,nan,nan,nan,0.060890140011906624,0.8,25,True,-5.000000000000019,1.3609940810129046,61.0,56,20,False,0.0
6,0.1,0.25,0.5,0.2686112156427715,0.03,2,1e-07,42,64,7,1182,1.0,-5.0000000000000355,-5.0,7.105427357600951e-15,7,5,100,True,3,8,6,0.004340647021308541,0.4,7,True,-5.000000000000024,1.1829787550959736,59.0,43,20,True,1.1666666666666667
6,0.25,0.25,0.8,0.27753131564596295,0.03,2,1e-05,42,64,17,1200,1.0,-4.999999999999987,-4.999999999999999,2.4868995751603572e-15,17,11,100,True,9,18,16,0.00877016899175942,0.3,26,True,-5.000000000000039,1.7158181639388204,62.0,55,20,True,1.625
6,0.1,0.1,0.1,0.11721072571111824,0.03,2,1e-06,42,64,7,546,1.0,-4.999999999999963,-4.999999999999997,6.927791673661029e-15,7,8,100,True,6,13,6,0.006070056930184364,0.8,12,True,-5.000000000000013,1.441234580008313,57.0,22,20,True,2.0
6,0.1,0.1,0.1,0.11721072571111824,0.03,2,1e-05,42,64,7,546,1.0,-4.999999999999963,-4.999999999999997,6.927791673661029e-15,7,8,100,True,6,9,6,0.005676287924870849,0.8,6,True,-5.0000000000000195,1.4685828569345176,57.5,39,20,False,1.0
6,0.1,0.1,0.1,0.11721072571111824,0.03,2,0.0001,42,64,7,546,1.0,-4.999999999999963,-4.52363754547443,0.09527249090510725,8,100,100,False,nan,nan,nan,0.059983022045344114,0.8,6,True,-5.0000000000000195,1.44341668789275,57.5,18,20,False,0.0
6,0.25,0.25,0.8,0.27753131564596295,0.03,2,0.0001,42,64,17,1200,1.0,-4.999999999999987,-4.9599559641390565,0.00800880717218606,15,100,100,False,nan,nan,nan,0.07675047707743943,0.2,26,True,-5.000000000000027,1.6894028538372368,61.0,50,20,False,0.0
6,0.1,0.25,0.3,0.2686112156427715,0.03,2,0.0001,42,64,7,1182,1.0,-5.0000000000000355,-5.0,7.105427357600951e-15,7,5,100,True,3,7,6,0.00395931419916451,0.6,8,True,-5.000000000000018,1.180826375959441,56.5,35,20,True,1.3333333333333333
6,0.1,0.1,0.1,0.11721072571111824,0.03,2,1e-07,42,64,7,546,1.0,-4.999999999999963,-4.999999999999997,6.927791673661029e-15,7,8,100,True,6,14,6,0.005817967001348734,0.5,12,True,-5.000000000000024,1.4239330780692399,58.0,41,20,True,2.0
6,0.1,0.25,0.3,0.2686112156427715,0.03,2,1e-05,42,64,7,1182,1.0,-5.0000000000000355,-5.0,7.105427357600951e-15,7,5,100,True,3,7,6,0.003998341038823128,0.9,9,True,-5.000000000000018,1.1778538369107991,60.0,40,20,True,1.5
6,0.1,0.5,0.5,0.2686112156427715,0.03,2,0.0001,42,64,7,2164,1.0,-5.000000000000036,-4.999999999999998,7.638334409421021e-15,7,4,100,True,2,6,6,0.0034944331273436546,0.3,9,True,-5.00000000000002,1.0984606030397117,55.0,22,20,True,1.5
6,0.1,0.5,0.5,0.2686112156427715,0.03,2,1e-05,42,64,7,2164,1.0,-5.000000000000036,-4.999999999999998,7.638334409421021e-15,7,4,100,True,2,6,6,0.003441904904320836,0.4,8,True,-5.000000000000019,1.1073474909644574,53.5,35,20,True,1.3333333333333333
6,0.1,0.25,0.1,0.11721072571111824,0.03,2,0.0001,42,64,7,1182,1.0,-5.0000000000000355,-5.000000000000001,6.927791673660928e-15,7,6,100,True,4,7,6,0.004498186055570841,0.5,7,True,-5.0000000000000115,1.1738663050346076,51.0,26,20,True,1.1666666666666667
6,0.1,0.25,0.3,0.2686112156427715,0.03,2,1e-07,42,64,7,1182,1.0,-5.0000000000000355,-5.0,7.105427357600951e-15,7,5,100,True,3,8,6,0.004029366187751293,0.2,10,True,-5.00000000000002,1.200114113977179,58.0,40,20,True,1.6666666666666667
6,0.1,0.25,0.3,0.2686112156427715,0.03,2,1e-06,42,64,7,1182,1.0,-5.0000000000000355,-5.0,7.105427357600951e-15,7,5,100,True,3,8,6,0.003992675105109811,0.7,10,True,-5.000000000000018,1.180522090056911,59.0,28,20,True,1.6666666666666667
6,0.1,0.5,0.5,0.2686112156427715,0.03,2,1e-06,42,64,7,2164,1.0,-5.000000000000036,-4.999999999999998,7.638334409421021e-15,7,4,100,True,2,6,6,0.003572146873921156,0.4,11,True,-5.000000000000041,1.0910466469358653,57.0,41,20,True,1.8333333333333333
6,0.1,0.25,0.1,0.11721072571111824,0.03,2,1e-05,42,64,7,1182,1.0,-5.0000000000000355,-5.000000000000001,6.927791673660928e-15,7,6,100,True,4,7,6,0.00460563600063324,0.4,8,True,-5.000000000000026,1.169899416854605,53.5,32,20,True,1.3333333333333333
6,0.1,0.5,0.5,0.2686112156427715,0.03,2,1e-07,42,64,7,2164,1.0,-5.000000000000036,-4.999999999999998,7.638334409421021e-15,7,4,100,True,2,6,6,0.003561793128028512,0.1,11,True,-5.00000000000002,1.1128590758889914,53.0,42,20,True,1.8333333333333333
6,0.1,0.5,0.3,0.2686112156427715,0.03,2,1e-06,42,64,7,2164,1.0,-5.000000000000036,-4.999999999999998,7.638334409421021e-15,7,4,100,True,2,6,6,0.0035293279215693474,0.2,12,True,-5.000000000000015,1.1108883898705244,56.5,45,20,True,2.0
6,0.1,0.5,0.3,0.2686112156427715,0.03,2,1e-05,42,64,7,2164,1.0,-5.000000000000036,-4.999999999999998,7.638334409421021e-15,7,4,100,True,2,6,6,0.003544769948348403,0.4,8,True,-5.00000000000002,1.11798455985263,59.0,29,20,True,1.3333333333333333
6,0.25,0.25,0.1,0.11479653521648928,0.03,2,0.0001,42,64,17,1200,1.0,-4.999999999999987,-4.959955964139057,0.008008807172185883,15,100,100,False,nan,nan,nan,0.07493705791421235,0.9,27,True,-5.000000000000041,1.6639938498847187,61.0,52,20,False,0.0
6,0.25,0.25,0.1,0.11479653521648928,0.03,2,1e-05,42,64,17,1200,1.0,-4.999999999999987,-4.999999999999998,2.3092638912203316e-15,17,14,100,True,12,18,16,0.010665680980309844,0.4,28,True,-5.000000000000052,1.6814268599264324,61.5,47,20,True,1.75
6,0.1,0.5,0.3,0.2686112156427715,0.03,2,0.0001,42,64,7,2164,1.0,-5.000000000000036,-4.999999999999998,7.638334409421021e-15,7,4,100,True,2,6,6,0.0035447871778160334,0.2,8,True,-5.000000000000018,1.0968693008180708,60.0,35,20,True,1.3333333333333333
6,0.1,0.5,0.3,0.2686112156427715,0.03,2,1e-07,42,64,7,2164,1.0,-5.000000000000036,-4.999999999999998,7.638334409421021e-15,7,4,100,True,2,6,6,0.003551844973117113,0.4,6,True,-5.000000000000025,1.0968715420458466,56.5,42,20,False,1.0
6,0.25,0.25,0.1,0.11479653521648928,0.03,2,1e-06,42,64,17,1200,1.0,-4.999999999999987,-4.999999999999998,2.3092638912203316e-15,17,14,100,True,12,20,16,0.011594763025641441,0.2,36,True,-5.000000000000041,1.6781319009605795,62.5,53,20,True,2.25
6,0.25,0.25,0.1,0.11479653521648928,0.03,2,1e-07,42,64,17,1200,1.0,-4.999999999999987,-4.999999999999998,2.3092638912203316e-15,17,14,100,True,12,22,16,0.01164901303127408,0.8,25,True,-5.000000000000045,1.708936074981466,62.0,52,20,True,1.5625
6,0.25,0.5,0.5,0.27753131564596295,0.03,2,1e-05,42,64,17,2178,1.0,-5.000000000000017,-5.000000000000001,3.19744231092044e-15,17,10,100,True,8,17,16,0.008616548031568527,0.3,25,True,-5.000000000000025,1.330581147922203,60.0,41,20,True,1.5625
6,0.25,0.5,0.5,0.27753131564596295,0.03,2,0.0001,42,64,17,2178,1.0,-5.000000000000017,-5.000000000000001,3.19744231092044e-15,17,10,100,True,8,17,16,0.008989730151370168,0.8,25,True,-5.000000000000022,1.3294781961012632,61.5,54,20,True,1.5625
6,0.25,0.5,0.5,0.27753131564596295,0.03,2,1e-06,42,64,17,2178,1.0,-5.000000000000017,-5.000000000000001,3.19744231092044e-15,17,10,100,True,8,17,16,0.008724442217499018,0.7,20,True,-5.000000000000037,1.3873353521339595,62.5,49,20,True,1.25
6,0.25,0.1,0.8,0.27753131564596295,0.03,2,1e-06,42,64,17,602,1.0,-4.999999999999994,-4.999999999999998,8.881784197001264e-16,17,17,100,True,15,24,16,0.01355363498441875,0.8,30,True,-5.000000000000048,2.2408880200237036,63.0,52,20,True,1.875
8,0.05,0.1,0.1,0.09491866551287778,0.1,26,1e-06,42,256,14,7190,1.0,-4.999999999999993,-5.000000000000002,1.776356839400253e-15,14,3,30,True,2,40,14,0.00546542601659894,0.7,23,True,-5.000000000000048,15.258477658964694,241.0,206,20,True,1.6428571428571428
6,0.25,0.1,0.8,0.27753131564596295,0.03,2,1e-05,42,64,17,602,1.0,-4.999999999999994,-5.000000000000002,1.5987211554602274e-15,17,18,100,True,16,20,16,0.01371535798534751,0.4,31,True,-5.000000000000046,2.298106310889125,62.0,49,20,True,1.9375
6,0.25,0.5,0.5,0.27753131564596295,0.03,2,1e-07,42,64,17,2178,1.0,-5.000000000000017,-5.000000000000001,3.19744231092044e-15,17,10,100,True,8,17,16,0.008837925968691707,0.6,25,True,-5.000000000000028,1.386427192017436,61.5,58,20,True,1.5625
6,0.25,0.1,0.8,0.27753131564596295,0.03,2,0.0001,42,64,17,602,1.0,-4.999999999999994,-3.9888712967292355,0.20222574065415191,5,100,100,False,nan,nan,nan,0.05735133797861636,0.5,25,True,-5.000000000000053,2.2729423348791897,62.5,52,20,False,0.0
6,0.25,0.1,0.8,0.27753131564596295,0.03,2,1e-07,42,64,17,602,1.0,-4.999999999999994,-4.999999999999998,8.881784197001264e-16,17,17,100,True,15,31,16,0.014272238127887249,0.3,25,True,-5.000000000000034,2.2497805510647595,60.0,53,20,True,1.5625
6,0.05,0.1,0.1,0.102226716202623,0.01,1,1e-06,42,64,4,510,1.0,-5.000000000000008,-5.000000000000002,1.2434497875801733e-15,4,5,300,True,4,5,4,0.0033597478177398443,1.0,5,True,-5.000000000000023,1.162776819895953,52.5,31,20,True,1.25
6,0.05,0.1,0.1,0.102226716202623,0.01,1,1e-07,42,64,4,510,1.0,-5.000000000000008,-5.000000000000002,1.2434497875801733e-15,4,5,300,True,4,5,4,0.0036181937903165817,0.8,11,True,-5.000000000000048,1.16500278795138,49.5,27,20,True,2.75
8,0.05,0.1,0.1,0.09491866551287778,0.05,13,0.0001,42,256,14,7190,1.0,-4.999999999999993,-5.000000000000003,1.9539925233402784e-15,14,4,60,True,3,22,14,0.005192050011828542,0.6,27,True,-5.000000000000031,15.27540879813023,245.0,221,20,True,1.9285714285714286
8,0.05,0.1,0.1,0.09491866551287778,0.05,13,1e-05,42,256,14,7190,1.0,-4.999999999999993,-5.000000000000001,1.5987211554602276e-15,14,4,60,True,3,22,14,0.005529996007680893,0.9,19,True,-5.00000000000002,15.289749110117555,238.5,191,20,True,1.3571428571428572
8,0.05,0.1,0.1,0.09491866551287778,0.05,13,1e-06,42,256,14,7190,1.0,-4.999999999999993,-5.000000000000001,1.5987211554602276e-15,14,4,60,True,3,26,14,0.005877776071429253,0.9,23,True,-5.000000000000039,15.408002217998728,238.5,154,20,True,1.6428571428571428
8,0.05,0.1,0.1,0.09491866551287778,0.05,13,1e-07,42,256,14,7190,1.0,-4.999999999999993,-5.000000000000001,1.5987211554602276e-15,14,4,60,True,3,38,14,0.00668584113009274,0.4,31,True,-5.000000000000037,15.364275208907202,243.0,215,20,True,2.2142857142857144
6,0.05,0.25,0.1,0.102226716202623,0.01,1,1e-06,42,64,4,1162,1.0,-5.000000000000002,-5.0,3.5527136788004996e-16,4,4,300,True,3,4,4,0.003054253989830613,1.0,9,True,-5.000000000000026,0.8632912961766124,48.5,16,20,True,2.25
6,0.05,0.25,0.1,0.102226716202623,0.01,1,1e-07,42,64,4,1162,1.0,-5.000000000000002,-5.0,3.5527136788004996e-16,4,4,300,True,3,4,4,0.0030388040468096733,0.6,10,True,-5.000000000000045,0.8687144098803401,56.5,7,20,True,2.5
8,0.05,0.1,0.1,0.09491866551287778,0.1,26,1e-07,42,256,14,7190,1.0,-4.999999999999993,-5.000000000000002,1.776356839400253e-15,14,3,30,True,2,58,14,0.0067844148725271225,0.5,23,True,-5.000000000000025,15.644933932926506,246.5,198,20,True,1.6428571428571428
6,0.25,0.5,0.3,0.27753131564596295,0.03,2,1e-06,42,64,17,2178,1.0,-5.000000000000017,-5.000000000000001,3.19744231092044e-15,17,10,100,True,8,17,16,0.008841102011501789,0.8,26,True,-5.000000000000026,1.356644578045234,63.0,57,20,True,1.625
6,0.25,0.5,0.3,0.27753131564596295,0.03,2,1e-05,42,64,17,2178,1.0,-5.000000000000017,-5.000000000000001,3.19744231092044e-15,17,10,100,True,8,17,16,0.008900577900931239,0.5,24,True,-5.000000000000036,1.3334426141809672,62.0,52,20,True,1.5
6,0.05,0.25,0.1,0.102226716202623,0.01,1,0.0001,42,64,4,1162,1.0,-5.000000000000002,-5.0,3.5527136788004996e-16,4,4,300,True,3,4,4,0.0029968128073960543,0.6,8,True,-5.000000000000035,0.8627049410715699,52.0,29,20,True,2.0
6,0.05,0.25,0.1,0.102226716202623,0.01,1,1e-05,42,64,4,1162,1.0,-5.000000000000002,-5.0,3.5527136788004996e-16,4,4,300,True,3,4,4,0.0030025760643184185,1.0,7,True,-5.000000000000032,0.8724935781210661,54.0,34,20,True,1.75
6,0.25,0.5,0.3,0.27753131564596295,0.03,2,0.0001,42,64,17,2178,1.0,-5.000000000000017,-5.000000000000001,3.19744231092044e-15,17,10,100,True,8,17,16,0.008714338997378945,0.5,26,True,-5.000000000000036,1.349212443921715,62.0,52,20,True,1.625
6,0.25,0.5,0.3,0.27753131564596295,0.03,2,1e-07,42,64,17,2178,1.0,-5.000000000000017,-5.000000000000001,3.19744231092044e-15,17,10,100,True,8,17,16,0.008873902959749103,0.9,22,True,-5.000000000000032,1.3511085300706327,62.0,50,20,True,1.375
6,0.05,0.5,0.1,0.102226716202623,0.01,1,0.0001,42,64,4,2166,1.0,-5.0,-4.999999999999999,1.7763568394002506e-16,4,4,300,True,3,4,4,0.0031938161700963974,0.4,10,True,-5.000000000000017,0.7879604529589415,50.0,23,20,True,2.5
6,0.05,0.5,0.1,0.102226716202623,0.01,1,1e-05,42,64,4,2166,1.0,-5.0,-4.999999999999999,1.7763568394002506e-16,4,4,300,True,3,4,4,0.003213901072740555,0.6,11,True,-5.00000000000002,0.7786476169712842,46.5,18,20,True,2.75
6,0.05,0.5,0.3,0.3137098842006708,0.01,1,1e-06,42,64,4,2166,1.0,-5.0,-4.999999999999999,1.7763568394002506e-16,4,4,300,True,3,4,4,0.0031444388441741467,0.7,10,True,-5.00000000000002,0.7757454439997673,45.5,14,20,True,2.5
6,0.05,0.5,0.3,0.3137098842006708,0.01,1,1e-07,42,64,4,2166,1.0,-5.0,-4.999999999999999,1.7763568394002506e-16,4,4,300,True,3,4,4,0.0031526838429272175,0.8,10,True,-5.000000000000021,0.7755099330097437,51.0,12,20,True,2.5
6,0.05,0.1,0.8,0.4928031770049739,0.01,1,1e-06,42,64,4,510,1.0,-5.000000000000008,-5.000000000000001,1.421085471520198e-15,4,4,300,True,3,4,4,0.002961477031931281,0.7,5,True,-5.000000000000041,1.1747843399643898,45.5,19,20,True,1.25
6,0.05,0.1,0.8,0.4928031770049739,0.01,1,1e-05,42,64,4,510,1.0,-5.000000000000008,-5.000000000000001,1.421085471520198e-15,4,4,300,True,3,4,4,0.0029305280186235905,0.001,6,True,-5.000000000000046,1.186181145021692,43.0,10,20,True,1.5
6,0.05,0.1,0.8,0.4928031770049739,0.01,1,0.0001,42,64,4,510,1.0,-5.000000000000008,-5.000000000000001,1.421085471520198e-15,4,4,300,True,3,4,4,0.0029617038089782,0.8,5,True,-5.000000000000031,1.1737359720282257,51.0,23,20,True,1.25
6,0.05,0.1,0.8,0.4928031770049739,0.01,1,1e-07,42,64,4,510,1.0,-5.000000000000008,-5.000000000000001,1.421085471520198e-15,4,4,300,True,3,4,4,0.0029120089020580053,0.4,5,True,-5.000000000000027,1.177444598870352,50.0,25,20,True,1.25
6,0.1,0.1,0.3,0.2686112156427715,0.01,1,1e-06,42,64,7,546,1.0,-4.999999999999963,-4.999999999999997,6.927791673661029e-15,7,14,300,True,12,13,6,0.009313591057434678,0.7,7,True,-5.00000000000002,1.4281398670282215,59.0,30,20,True,1.1666666666666667
6,0.1,0.1,0.3,0.2686112156427715,0.01,1,1e-07,42,64,7,546,1.0,-4.999999999999963,-4.999999999999997,6.927791673661029e-15,7,14,300,True,12,14,6,0.009293627925217152,0.5,11,True,-5.00000000000003,1.4521676891017705,60.0,25,20,True,1.8333333333333333
6,0.05,0.25,0.8,0.4928031770049739,0.01,1,0.0001,42,64,4,1162,1.0,-5.000000000000002,-5.0,3.5527136788004996e-16,4,4,300,True,3,4,4,0.003114531049504876,0.3,7,True,-5.000000000000025,0.8612782240379602,51.5,21,20,True,1.75
6,0.05,0.5,0.1,0.102226716202623,0.01,1,1e-07,42,64,4,2166,1.0,-5.0,-4.999999999999999,1.7763568394002506e-16,4,4,300,True,3,4,4,0.003188556060194969,1.0,6,True,-5.00000000000002,0.7941142818890512,56.0,25,20,True,1.5
6,0.1,0.1,0.3,0.2686112156427715,0.01,1,1e-05,42,64,7,546,1.0,-4.999999999999963,-4.999999999999997,6.927791673661029e-15,7,14,300,True,12,8,6,0.009868527064099908,0.8,7,True,-5.0000000000000115,1.4120923189911991,56.0,38,20,True,1.1666666666666667
6,0.05,0.5,0.1,0.102226716202623,0.01,1,1e-06,42,64,4,2166,1.0,-5.0,-4.999999999999999,1.7763568394002506e-16,4,4,300,True,3,4,4,0.003173986915498972,0.4,5,True,-5.00000000000003,0.7929701919201761,53.5,25,20,True,1.25
6,0.1,0.1,0.3,0.2686112156427715,0.01,1,0.0001,42,64,7,546,1.0,-4.999999999999963,-4.506679459027587,0.09866410819447594,6,300,300,False,nan,nan,nan,0.15908587188459933,0.7,7,True,-5.000000000000021,1.4120031672064215,58.0,35,20,False,0.0
6,0.05,0.25,0.8,0.4928031770049739,0.01,1,1e-05,42,64,4,1162,1.0,-5.000000000000002,-5.0,3.5527136788004996e-16,4,4,300,True,3,4,4,0.003034038934856653,0.01,9,True,-5.000000000000034,0.8703703889623284,43.0,24,20,True,2.25
6,0.1,0.25,0.3,0.2686112156427715,0.01,1,0.0001,42,64,7,1182,1.0,-5.0000000000000355,-5.0,7.105427357600951e-15,7,7,300,True,5,6,6,0.005143467802554369,0.4,13,True,-5.000000000000019,1.1822221181355417,56.5,39,20,True,2.1666666666666665
6,0.1,0.25,0.3,0.2686112156427715,0.01,1,1e-05,42,64,7,1182,1.0,-5.0000000000000355,-5.0,7.105427357600951e-15,7,7,300,True,5,6,6,0.0048453412018716335,0.9,8,True,-5.000000000000026,1.181451863842085,56.0,29,20,True,1.3333333333333333
6,0.1,0.25,0.5,0.2686112156427715,0.01,1,1e-07,42,64,7,1182,1.0,-5.0000000000000355,-5.0,7.105427357600951e-15,7,7,300,True,5,6,6,0.00481975101865828,0.6,10,True,-5.000000000000019,1.174501775065437,57.0,26,20,True,1.6666666666666667
6,0.1,0.1,0.1,0.11721072571111824,0.01,1,1e-06,42,64,7,546,1.0,-4.999999999999963,-4.999999999999997,6.927791673661029e-15,7,13,300,True,11,11,6,0.00826330715790391,0.4,11,True,-5.00000000000002,1.428033561911434,57.0,32,20,True,1.8333333333333333
6,0.1,0.1,0.1,0.11721072571111824,0.01,1,1e-05,42,64,7,546,1.0,-4.999999999999963,-4.999999999999997,6.927791673661029e-15,7,14,300,True,12,8,6,0.008882885100319982,1.0,9,True,-5.000000000000014,1.4585085520520806,57.5,49,20,True,1.5
6,0.1,0.25,0.5,0.2686112156427715,0.01,1,1e-06,42,64,7,1182,1.0,-5.0000000000000355,-5.0,7.105427357600951e-15,7,7,300,True,5,6,6,0.004749545129016042,0.8,9,True,-5.000000000000021,1.1828560021240264,57.5,35,20,True,1.5
6,0.1,0.1,0.1,0.11721072571111824,0.01,1,1e-07,42,64,7,546,1.0,-4.999999999999963,-4.999999999999997,6.927791673661029e-15,7,13,300,True,11,12,6,0.008810545084998012,0.4,7,True,-5.0000000000000275,1.4329740540124476,55.5,35,20,True,1.1666666666666667
6,0.1,0.1,0.1,0.11721072571111824,0.01,1,0.0001,42,64,7,546,1.0,-4.999999999999963,-0.863175230328422,0.8273649539343143,4,300,300,False,nan,nan,nan,0.15155286993831396,0.8,7,True,-5.000000000000027,1.4406640080269426,55.5,42,20,False,0.0
6,0.1,0.5,0.5,0.2686112156427715,0.01,1,1e-06,42,64,7,2164,1.0,-5.000000000000036,-4.999999999999998,7.638334409421021e-15,7,7,300,True,5,6,6,0.005083942087367177,0.9,7,True,-5.000000000000023,1.0966037060134113,59.0,38,20,True,1.1666666666666667
6,0.1,0.5,0.5,0.2686112156427715,0.01,1,1e-07,42,64,7,2164,1.0,-5.000000000000036,-4.999999999999998,7.638334409421021e-15,7,7,300,True,5,6,6,0.0050810768734663725,0.4,9,True,-5.000000000000019,1.1018513129092753,49.0,29,20,True,1.5
6,0.1,0.5,0.5,0.2686112156427715,0.01,1,1e-05,42,64,7,2164,1.0,-5.000000000000036,-4.999999999999998,7.638334409421021e-15,7,7,300,True,5,6,6,0.004993838956579566,0.8,7,True,-5.00000000000002,1.1140649230219424,58.5,47,20,True,1.1666666666666667
6,0.1,0.5,0.5,0.2686112156427715,0.01,1,0.0001,42,64,7,2164,1.0,-5.000000000000036,-4.999999999999998,7.638334409421021e-15,7,7,300,True,5,6,6,0.004983555991202593,0.6,7,True,-5.000000000000016,1.1097850680816919,53.5,30,20,True,1.1666666666666667
6,0.1,0.25,0.3,0.2686112156427715,0.01,1,1e-07,42,64,7,1182,1.0,-5.0000000000000355,-5.0,7.105427357600951e-15,7,7,300,True,5,6,6,0.004889483796432614,0.5,7,True,-5.000000000000017,1.2047827490605414,57.5,35,20,True,1.1666666666666667
6,0.1,0.25,0.1,0.11721072571111824,0.01,1,0.0001,42,64,7,1182,1.0,-5.0000000000000355,-2.123644852002177,0.5752710295995677,3,300,300,False,nan,nan,nan,0.15563147491775453,0.7,8,True,-5.000000000000008,1.1688411890063435,58.0,44,20,False,0.0
6,0.1,0.25,0.1,0.11721072571111824,0.01,1,1e-05,42,64,7,1182,1.0,-5.0000000000000355,-5.0,7.105427357600951e-15,7,8,300,True,6,6,6,0.005604428006336093,0.3,7,True,-5.0000000000000115,1.1908954090904444,50.5,32,20,True,1.1666666666666667
6,0.1,0.25,0.3,0.2686112156427715,0.01,1,1e-06,42,64,7,1182,1.0,-5.0000000000000355,-5.0,7.105427357600951e-15,7,7,300,True,5,6,6,0.004881486063823104,0.5,9,True,-5.000000000000014,1.188419003970921,57.0,38,20,True,1.5
6,0.1,0.5,0.3,0.2686112156427715,0.01,1,1e-05,42,64,7,2164,1.0,-5.000000000000036,-4.999999999999998,7.638334409421021e-15,7,7,300,True,5,6,6,0.005043972982093692,0.4,10,True,-5.000000000000023,1.1170981379691511,56.0,35,20,True,1.6666666666666667
6,0.05,0.1,0.8,0.4928031770049739,0.1,6,1e-07,42,64,4,510,1.0,-5.000000000000008,-5.000000000000001,1.421085471520198e-15,4,1,30,True,0,6,4,0.0014989129267632961,0.7,6,True,-5.000000000000035,1.1996083238627762,50.0,21,20,True,1.5
6,0.05,0.1,0.1,0.102226716202623,0.05,3,1e-07,42,64,4,510,1.0,-5.000000000000008,-5.000000000000002,1.2434497875801733e-15,4,2,60,True,1,6,4,0.001973806181922555,0.6,11,True,-5.00000000000003,1.178181008901447,47.5,14,20,True,2.75
6,0.1,0.5,0.3,0.2686112156427715,0.01,1,1e-06,42,64,7,2164,1.0,-5.000000000000036,-4.999999999999998,7.638334409421021e-15,7,7,300,True,5,6,6,0.005140224937349558,0.4,7,True,-5.000000000000021,1.1028796611353755,60.5,38,20,True,1.1666666666666667
6,0.05,0.1,0.1,0.102226716202623,0.1,6,1e-06,42,64,4,510,1.0,-5.000000000000008,-5.000000000000002,1.2434497875801733e-15,4,2,30,True,1,12,4,0.002123862039297819,0.8,6,True,-5.000000000000036,1.1841112009715289,52.0,19,20,True,1.5
6,0.05,0.1,0.1,0.102226716202623,0.1,6,1e-07,42,64,4,510,1.0,-5.000000000000008,-5.000000000000002,1.2434497875801733e-15,4,2,30,True,1,12,4,0.002155114896595478,0.5,7,True,-5.0000000000000355,1.1898717090953141,54.5,32,20,True,1.75
6,0.05,0.1,0.1,0.102226716202623,0.05,3,1e-05,42,64,4,510,1.0,-5.000000000000008,-5.000000000000002,1.2434497875801733e-15,4,2,60,True,1,6,4,0.00205177697353065,0.4,12,True,-5.000000000000035,1.2216475810855627,57.5,44,20,True,3.0
6,0.05,0.1,0.1,0.102226716202623,0.05,3,1e-06,42,64,4,510,1.0,-5.000000000000008,-5.000000000000002,1.2434497875801733e-15,4,2,60,True,1,6,4,0.0020696730352938175,0.9,14,True,-5.000000000000029,1.1910539139062166,49.0,31,20,True,3.5
6,0.1,0.5,0.3,0.2686112156427715,0.01,1,1e-07,42,64,7,2164,1.0,-5.000000000000036,-4.999999999999998,7.638334409421021e-15,7,7,300,True,5,6,6,0.005113322986289859,0.3,9,True,-5.000000000000029,1.1125387439969927,57.0,31,20,True,1.5
6,0.1,0.5,0.3,0.2686112156427715,0.01,1,0.0001,42,64,7,2164,1.0,-5.000000000000036,-4.999999999999998,7.638334409421021e-15,7,7,300,True,5,6,6,0.005118998000398278,0.4,9,True,-5.000000000000016,1.108857313869521,56.5,38,20,True,1.5
6,0.05,0.1,0.8,0.4928031770049739,0.05,3,0.0001,42,64,4,510,1.0,-5.000000000000008,-5.000000000000001,1.421085471520198e-15,4,2,60,True,1,6,4,0.0019750220235437155,0.3,7,True,-5.0000000000000355,1.1537674500141293,53.0,27,20,True,1.75
6,0.05,0.1,0.8,0.4928031770049739,0.05,3,1e-05,42,64,4,510,1.0,-5.000000000000008,-5.000000000000001,1.421085471520198e-15,4,2,60,True,1,6,4,0.001990659860894084,1.0,6,True,-5.000000000000044,1.1688885679468513,49.0,19,20,True,1.5
6,0.05,0.1,0.1,0.102226716202623,0.05,3,0.0001,42,64,4,510,1.0,-5.000000000000008,-5.000000000000002,1.2434497875801733e-15,4,2,60,True,1,6,4,0.0020683761686086655,0.7,10,True,-5.000000000000032,1.1901015329640359,53.5,22,20,True,2.5
6,0.05,0.1,0.8,0.4928031770049739,0.1,6,1e-06,42,64,4,510,1.0,-5.000000000000008,-5.000000000000001,1.421085471520198e-15,4,1,30,True,0,6,4,0.001500462181866169,0.2,7,True,-5.000000000000042,1.1775818841997534,56.5,35,20,True,1.75
6,0.25,0.1,0.5,0.27753131564596295,0.01,1,0.0001,42,64,17,602,1.0,-4.999999999999994,-3.0827499399618845,0.38345001200762235,7,300,300,False,nan,nan,nan,0.1716100920457393,0.7,30,True,-5.000000000000042,2.2776852829847485,63.0,60,20,False,0.0
6,0.25,0.1,0.5,0.27753131564596295,0.01,1,1e-05,42,64,17,602,1.0,-4.999999999999994,-4.934844256678589,0.01303114866428105,19,300,300,False,nan,nan,nan,0.22673105192370713,0.7,29,True,-5.000000000000041,2.303969251923263,62.5,55,20,False,0.0
6,0.25,0.1,0.8,0.27753131564596295,0.01,1,1e-07,42,64,17,602,1.0,-4.999999999999994,-5.000000000000001,1.4210854715202022e-15,17,32,300,True,30,26,16,0.024419896071776748,0.8,25,True,-5.000000000000045,2.257471294142306,62.0,56,20,True,1.5625
6,0.25,0.1,0.8,0.27753131564596295,0.01,1,1e-06,42,64,17,602,1.0,-4.999999999999994,-5.000000000000001,1.4210854715202022e-15,17,32,300,True,30,20,16,0.023012263933196664,0.3,25,True,-5.000000000000039,2.3092347511556,62.0,53,20,True,1.5625
6,0.05,0.25,0.8,0.4928031770049739,0.05,3,1e-05,42,64,4,1162,1.0,-5.000000000000002,-5.0,3.5527136788004996e-16,4,2,60,True,1,6,4,0.0022070270497351885,0.001,7,True,-5.000000000000036,0.8636049090418965,46.5,10,20,True,1.75
6,0.05,0.25,0.1,0.102226716202623,0.05,3,0.0001,42,64,4,1162,1.0,-5.000000000000002,-5.000000000000001,1.7763568394002498e-16,4,2,60,True,1,6,4,0.002140593947842717,0.7,9,True,-5.000000000000038,0.8803832111880183,53.0,21,20,True,2.25
6,0.05,0.25,0.1,0.102226716202623,0.05,3,1e-05,42,64,4,1162,1.0,-5.000000000000002,-5.000000000000001,1.7763568394002498e-16,4,2,60,True,1,6,4,0.0021382258273661137,1.0,7,True,-5.000000000000037,0.8813972719945014,56.5,26,20,True,1.75
6,0.05,0.1,0.8,0.4928031770049739,0.1,6,1e-05,42,64,4,510,1.0,-5.000000000000008,-5.000000000000001,1.421085471520198e-15,4,1,30,True,0,6,4,0.0014617668930441141,0.1,7,True,-5.000000000000031,1.169331530109048,48.0,31,20,True,1.75
6,0.05,0.25,0.8,0.4928031770049739,0.05,3,1e-06,42,64,4,1162,1.0,-5.000000000000002,-5.0,3.5527136788004996e-16,4,2,60,True,1,6,4,0.0021373340860009193,1.0,5,True,-5.000000000000024,0.8584975278936327,51.0,27,20,True,1.25
6,0.05,0.25,0.1,0.102226716202623,0.05,3,1e-07,42,64,4,1162,1.0,-5.000000000000002,-5.000000000000001,1.7763568394002498e-16,4,2,60,True,1,6,4,0.002110350877046585,1.0,9,True,-5.000000000000031,0.8994196369312704,55.0,27,20,True,2.25
6,0.05,0.25,0.8,0.4928031770049739,0.05,3,0.0001,42,64,4,1162,1.0,-5.000000000000002,-5.0,3.5527136788004996e-16,4,2,60,True,1,6,4,0.002099888864904642,0.3,6,True,-5.00000000000004,0.8591632030438632,51.5,26,20,True,1.5
6,0.05,0.25,0.8,0.4928031770049739,0.05,3,1e-07,42,64,4,1162,1.0,-5.000000000000002,-5.0,3.5527136788004996e-16,4,2,60,True,1,6,4,0.0021693669259548187,0.8,5,True,-5.000000000000039,0.8640182239469141,55.5,32,20,True,1.25
6,0.05,0.25,0.1,0.102226716202623,0.05,3,1e-06,42,64,4,1162,1.0,-5.000000000000002,-5.000000000000001,1.7763568394002498e-16,4,2,60,True,1,6,4,0.002137326169759035,1.0,10,True,-5.000000000000037,0.8841981068253517,54.5,20,20,True,2.5
6,0.05,0.1,0.8,0.4928031770049739,0.1,6,0.0001,42,64,4,510,1.0,-5.000000000000008,-5.000000000000001,1.421085471520198e-15,4,1,30,True,0,6,4,0.0015327020082622766,0.1,6,True,-5.000000000000034,1.1990466469433159,54.0,25,20,True,1.5
6,0.05,0.5,0.8,0.4928031770049739,0.05,3,1e-07,42,64,4,2166,1.0,-5.0,-5.0,0.0,4,2,60,True,1,6,4,0.0021438230760395527,0.8,7,True,-5.000000000000026,0.7821274381130934,48.5,23,20,True,1.75
6,0.25,0.25,0.8,0.27753131564596295,0.01,1,1e-06,42,64,17,1200,1.0,-4.999999999999987,-5.000000000000003,3.1974423109204592e-15,17,20,300,True,18,18,16,0.014676627004519105,0.9,27,True,-5.000000000000039,1.6937795088160783,62.0,55,20,True,1.6875
6,0.25,0.1,0.5,0.27753131564596295,0.01,1,1e-07,42,64,17,602,1.0,-4.999999999999994,-5.000000000000001,1.4210854715202022e-15,17,32,300,True,30,26,16,0.025157960830256343,0.3,31,True,-5.000000000000051,2.2192953629419208,62.0,52,20,True,1.9375
6,0.05,0.5,0.1,0.102226716202623,0.05,3,1e-06,42,64,4,2166,1.0,-5.0,-4.999999999999999,1.7763568394002506e-16,4,2,60,True,1,6,4,0.002201691037043929,1.0,6,True,-5.0000000000000195,0.7899845228530467,50.5,22,20,True,1.5
6,0.05,0.5,0.5,0.4928031770049739,0.1,6,0.0001,42,64,4,2166,1.0,-5.0,-5.0,0.0,4,1,30,True,0,6,4,0.001621949952095747,0.2,4,True,-5.000000000000023,0.7793924738653004,55.5,27,20,False,1.0
6,0.05,0.5,0.1,0.102226716202623,0.05,3,1e-07,42,64,4,2166,1.0,-5.0,-4.999999999999999,1.7763568394002506e-16,4,2,60,True,1,6,4,0.0022259210236370564,0.5,7,True,-5.000000000000029,0.798412682954222,55.0,29,20,True,1.75
6,0.05,0.5,0.5,0.4928031770049739,0.1,6,1e-05,42,64,4,2166,1.0,-5.0,-5.0,0.0,4,1,30,True,0,6,4,0.001602992881089449,0.001,5,True,-5.000000000000026,0.786495256004855,56.0,23,20,True,1.25
6,0.05,0.5,0.8,0.4928031770049739,0.05,3,1e-06,42,64,4,2166,1.0,-5.0,-5.0,0.0,4,2,60,True,1,6,4,0.0022033238783478737,0.1,5,True,-5.000000000000036,0.7846506778150797,51.0,31,20,True,1.25
6,0.25,0.25,0.8,0.27753131564596295,0.01,1,1e-07,42,64,17,1200,1.0,-4.999999999999987,-5.000000000000003,3.1974423109204592e-15,17,20,300,True,18,19,16,0.014918552013114095,0.5,26,True,-5.0000000000000435,1.68306481000036,62.0,57,20,True,1.625
6,0.05,0.25,0.8,0.4928031770049739,0.1,6,1e-07,42,64,4,1162,1.0,-5.000000000000002,-5.0,3.5527136788004996e-16,4,1,30,True,0,6,4,0.0015540330205112696,0.5,8,True,-5.0000000000000275,0.8550968149211258,48.0,22,20,True,2.0
6,0.05,0.25,0.8,0.4928031770049739,0.1,6,1e-05,42,64,4,1162,1.0,-5.000000000000002,-5.0,3.5527136788004996e-16,4,1,30,True,0,6,4,0.0015642691869288683,0.1,6,True,-5.000000000000043,0.8898858418688178,50.0,29,20,True,1.5
6,0.05,0.25,0.8,0.4928031770049739,0.1,6,0.0001,42,64,4,1162,1.0,-5.000000000000002,-5.0,3.5527136788004996e-16,4,1,30,True,0,6,4,0.001604139106348157,0.1,6,True,-5.000000000000026,0.8822666979394853,44.5,27,20,True,1.5
6,0.25,0.1,0.3,0.27753131564596295,0.01,1,0.0001,42,64,17,602,1.0,-4.999999999999994,-3.0827499399618845,0.38345001200762235,7,300,300,False,nan,nan,nan,0.17117927689105272,0.9,25,True,-5.00000000000004,2.2632438451983035,61.0,56,20,False,0.0
6,0.25,0.1,0.5,0.27753131564596295,0.01,1,1e-06,42,64,17,602,1.0,-4.999999999999994,-5.000000000000001,1.4210854715202022e-15,17,32,300,True,30,20,16,0.024061991833150387,0.5,24,True,-5.000000000000041,2.2732512410730124,62.0,52,20,True,1.5
6,0.05,0.25,0.8,0.4928031770049739,0.1,6,1e-06,42,64,4,1162,1.0,-5.000000000000002,-5.0,3.5527136788004996e-16,4,1,30,True,0,6,4,0.0016108211129903793,0.8,8,True,-5.000000000000035,0.8795563478488475,50.0,17,20,True,2.0
6,0.25,0.25,0.8,0.27753131564596295,0.01,1,1e-05,42,64,17,1200,1.0,-4.999999999999987,-4.960706904563623,0.007858619087272721,16,300,300,False,nan,nan,nan,0.22813573200255632,0.4,25,True,-5.000000000000037,1.702880270080641,62.0,58,20,False,0.0
6,0.25,0.1,0.3,0.27753131564596295,0.01,1,1e-05,42,64,17,602,1.0,-4.999999999999994,-4.934844256678589,0.01303114866428105,19,300,300,False,nan,nan,nan,0.223375482019037,0.3,28,True,-5.000000000000037,2.2688969110604376,62.5,54,20,False,0.0
6,0.25,0.25,0.8,0.27753131564596295,0.01,1,0.0001,42,64,17,1200,1.0,-4.999999999999987,-3.7559618220949713,0.24880763558100374,3,300,300,False,nan,nan,nan,0.1556914858520031,1.0,29,True,-5.000000000000033,1.712654349859804,62.5,53,20,False,0.0
6,0.05,0.5,0.8,0.4928031770049739,0.1,6,0.0001,42,64,4,2166,1.0,-5.0,-5.0,0.0,4,1,30,True,0,6,4,0.0016470120754092932,0.2,6,True,-5.000000000000028,0.7996647909749299,49.0,20,20,True,1.5
6,0.05,0.5,0.8,0.4928031770049739,0.1,6,1e-05,42,64,4,2166,1.0,-5.0,-5.0,0.0,4,1,30,True,0,6,4,0.001672870945185423,0.001,4,True,-5.0000000000000275,0.7936827978119254,51.5,19,20,False,1.0
6,0.05,0.5,0.8,0.4928031770049739,0.05,3,1e-05,42,64,4,2166,1.0,-5.0,-5.0,0.0,4,2,60,True,1,6,4,0.002167341997846961,0.001,4,True,-5.000000000000021,0.7840935629792511,46.0,29,20,False,1.0
6,0.05,0.5,0.8,0.4928031770049739,0.1,6,1e-07,42,64,4,2166,1.0,-5.0,-5.0,0.0,4,1,30,True,0,6,4,0.0016508291009813547,1.0,6,True,-5.000000000000026,0.8058786648325622,54.5,36,20,True,1.5
6,0.05,0.5,0.8,0.4928031770049739,0.1,6,1e-06,42,64,4,2166,1.0,-5.0,-5.0,0.0,4,1,30,True,0,6,4,0.0016477399040013552,0.5,7,True,-5.000000000000034,0.7937606938648969,46.5,29,20,True,1.75
8,0.05,0.1,0.8,0.2973391221610923,0.1,26,1e-06,42,256,14,7190,1.0,-4.999999999999993,-5.0,1.4210854715202024e-15,14,3,30,True,2,40,14,0.0055032288655638695,0.5,23,True,-5.000000000000047,15.328605439979583,244.0,211,20,True,1.6428571428571428
6,0.1,0.1,0.5,0.2686112156427715,0.1,6,1e-05,42,64,7,546,1.0,-4.999999999999963,-4.999999999999999,7.283063041541081e-15,7,4,30,True,2,16,6,0.04810882196761668,0.6,9,True,-5.0000000000000275,1.429477839032188,51.0,28,20,True,1.5
6,0.25,0.5,0.8,0.27753131564596295,0.01,1,0.0001,42,64,17,2178,1.0,-5.000000000000017,-5.000000000000002,3.0198066269804155e-15,17,17,300,True,15,16,16,0.013280206127092242,0.7,22,True,-5.000000000000025,1.3212288680952042,62.5,47,20,True,1.375
6,0.05,0.5,0.8,0.4928031770049739,0.05,3,0.0001,42,64,4,2166,1.0,-5.0,-5.0,0.0,4,2,60,True,1,6,4,0.0024028688203543425,0.2,6,True,-5.000000000000028,0.8077185968868434,52.5,35,20,True,1.5
6,0.25,0.5,0.8,0.27753131564596295,0.01,1,1e-05,42,64,17,2178,1.0,-5.000000000000017,-5.000000000000002,3.0198066269804155e-15,17,17,300,True,15,16,16,0.0129793849773705,0.3,24,True,-5.000000000000012,1.340462849009782,62.5,49,20,True,1.5
6,0.1,0.1,0.5,0.2686112156427715,0.1,6,1e-06,42,64,7,546,1.0,-4.999999999999963,-4.999999999999999,7.283063041541081e-15,7,4,30,True,2,17,6,0.0037224360276013613,0.6,7,True,-5.000000000000017,1.4227612691465765,57.5,46,20,True,1.1666666666666667
6,0.1,0.1,0.5,0.2686112156427715,0.1,6,0.0001,42,64,7,546,1.0,-4.999999999999963,-4.999999999999999,7.283063041541081e-15,7,5,30,True,3,11,6,0.05004225089214742,0.5,11,True,-5.000000000000022,1.4428058739285916,57.0,24,20,True,1.8333333333333333
6,0.1,0.1,0.5,0.2686112156427715,0.1,6,1e-07,42,64,7,546,1.0,-4.999999999999963,-4.999999999999999,7.283063041541081e-15,7,4,30,True,2,17,6,0.0034570079296827316,0.6,7,True,-5.000000000000024,1.418286660918966,60.5,37,20,True,1.1666666666666667
8,0.05,0.1,0.8,0.2973391221610923,0.05,13,0.0001,42,256,14,7190,1.0,-4.999999999999993,-5.0,1.4210854715202024e-15,14,4,60,True,3,22,14,0.005233235890045762,0.8,23,True,-5.00000000000004,15.262123325141147,240.5,165,20,True,1.6428571428571428
6,0.25,0.25,0.5,0.27753131564596295,0.01,1,1e-05,42,64,17,1200,1.0,-4.999999999999987,-4.960706904563623,0.007858619087272721,16,300,300,False,nan,nan,nan,0.2280929978005588,0.7,28,True,-5.000000000000043,1.7132164859212935,62.0,54,20,False,0.0
8,0.05,0.1,0.8,0.2973391221610923,0.05,13,1e-05,42,256,14,7190,1.0,-4.999999999999993,-5.0,1.4210854715202024e-15,14,4,60,True,3,23,14,0.005404781084507704,0.6,25,True,-5.00000000000002,15.476127183064818,246.0,211,20,True,1.7857142857142858
8,0.05,0.1,0.8,0.2973391221610923,0.05,13,1e-06,42,256,14,7190,1.0,-4.999999999999993,-4.999999999999999,1.243449787580177e-15,14,4,60,True,3,27,14,0.005914750043302774,0.3,27,True,-5.00000000000001,15.422965712146834,246.0,200,20,True,1.9285714285714286
6,0.25,0.25,0.5,0.27753131564596295,0.01,1,1e-06,42,64,17,1200,1.0,-4.999999999999987,-5.000000000000003,3.1974423109204592e-15,17,20,300,True,18,18,16,0.014803826110437512,0.4,23,True,-5.000000000000039,1.6977442540228367,62.5,48,20,True,1.4375
8,0.05,0.1,0.8,0.2973391221610923,0.05,13,1e-07,42,256,14,7190,1.0,-4.999999999999993,-4.999999999999999,1.243449787580177e-15,14,4,60,True,3,29,14,0.0062526511028409,0.9,20,True,-5.000000000000027,15.407987342914566,235.0,203,20,True,1.4285714285714286
6,0.25,0.25,0.5,0.27753131564596295,0.01,1,0.0001,42,64,17,1200,1.0,-4.999999999999987,-3.7559618220949713,0.24880763558100374,3,300,300,False,nan,nan,nan,0.16103175492025912,0.9,26,True,-5.000000000000032,1.6989277040120214,63.0,53,20,False,0.0
6,0.25,0.25,0.5,0.27753131564596295,0.01,1,1e-07,42,64,17,1200,1.0,-4.999999999999987,-5.000000000000003,3.1974423109204592e-15,17,20,300,True,18,19,16,0.014962518820539117,0.3,28,True,-5.000000000000053,1.72240444784984,60.0,51,20,True,1.75
6,0.1,0.25,0.5,0.2686112156427715,0.1,6,1e-07,42,64,7,1182,1.0,-5.0000000000000355,-5.0,7.105427357600951e-15,7,4,30,True,2,17,6,0.003727833041921258,0.7,8,True,-5.0000000000000275,1.1847554119303823,58.5,48,20,True,1.3333333333333333
6,0.1,0.1,0.8,0.2686112156427715,0.05,3,1e-07,42,64,7,546,1.0,-4.999999999999963,-4.999999999999999,7.283063041541081e-15,7,6,60,True,4,15,6,0.005051681073382497,0.6,8,True,-5.000000000000021,1.430189297068864,59.0,31,20,True,1.3333333333333333
6,0.1,0.1,0.8,0.2686112156427715,0.1,6,1e-06,42,64,7,546,1.0,-4.999999999999963,-4.999999999999999,7.283063041541081e-15,7,4,30,True,2,17,6,0.003551074070855975,0.7,9,True,-5.000000000000013,1.488688661949709,56.0,29,20,True,1.5
6,0.1,0.1,0.8,0.2686112156427715,0.1,6,1e-07,42,64,7,546,1.0,-4.999999999999963,-4.999999999999999,7.283063041541081e-15,7,4,30,True,2,17,6,0.0035819830372929573,1.0,9,True,-5.0000000000000275,1.5187941868789494,55.0,36,20,True,1.5
8,0.05,0.1,0.8,0.2973391221610923,0.1,26,1e-07,42,256,14,7190,1.0,-4.999999999999993,-5.0,1.4210854715202024e-15,14,3,30,True,2,61,14,0.007027390180155635,0.6,26,True,-5.0000000000000275,15.540357136866078,242.0,153,20,True,1.8571428571428572
6,0.1,0.1,0.8,0.2686112156427715,0.05,3,1e-05,42,64,7,546,1.0,-4.999999999999963,-4.999999999999999,7.283063041541081e-15,7,6,60,True,4,9,6,0.004588953917846084,0.4,7,True,-5.000000000000029,1.5136805621441454,55.0,43,20,True,1.1666666666666667
6,0.1,0.1,0.8,0.2686112156427715,0.05,3,0.0001,42,64,7,546,1.0,-4.999999999999963,-4.999999999999999,7.283063041541081e-15,7,6,60,True,4,8,6,0.004660972161218524,1.0,9,True,-5.000000000000016,1.5271562619600445,56.0,17,20,True,1.5
6,0.1,0.25,0.5,0.2686112156427715,0.05,3,0.0001,42,64,7,1182,1.0,-5.0000000000000355,-5.0,7.105427357600951e-15,7,5,60,True,3,8,6,0.004054808057844639,0.8,8,True,-5.000000000000012,1.1664792681112885,56.5,41,20,True,1.3333333333333333
6,0.1,0.25,0.5,0.2686112156427715,0.1,6,1e-06,42,64,7,1182,1.0,-5.0000000000000355,-5.0,7.105427357600951e-15,7,4,30,True,2,16,6,0.0037045939825475216,0.2,10,True,-5.000000000000015,1.1682969350367785,55.5,34,20,True,1.6666666666666667
6,0.1,0.25,0.5,0.2686112156427715,0.05,3,1e-05,42,64,7,1182,1.0,-5.0000000000000355,-5.0,7.105427357600951e-15,7,5,60,True,3,8,6,0.004035104997456074,0.8,7,True,-5.000000000000018,1.189154873136431,56.0,30,20,True,1.1666666666666667
6,0.1,0.1,0.8,0.2686112156427715,0.05,3,1e-06,42,64,7,546,1.0,-4.999999999999963,-4.999999999999999,7.283063041541081e-15,7,6,60,True,4,14,6,0.00559238507412374,0.9,8,True,-5.000000000000017,1.5093243687879294,55.0,28,20,True,1.3333333333333333
6,0.25,0.5,0.8,0.27753131564596295,0.01,1,1e-07,42,64,17,2178,1.0,-5.000000000000017,-5.000000000000002,3.0198066269804155e-15,17,17,300,True,15,16,16,0.013086914084851742,0.2,24,True,-5.000000000000038,1.3264261761214584,61.0,53,20,True,1.5
6,0.25,0.5,0.5,0.27753131564596295,0.01,1,0.0001,42,64,17,2178,1.0,-5.000000000000017,-5.000000000000002,3.0198066269804155e-15,17,17,300,True,15,16,16,0.012833221117034554,0.8,24,True,-5.000000000000022,1.3117218660190701,62.0,53,20,True,1.5
6,0.1,0.5,0.5,0.2686112156427715,0.05,3,1e-05,42,64,7,2164,1.0,-5.000000000000036,-4.999999999999998,7.638334409421021e-15,7,4,60,True,2,8,6,0.003576301969587803,0.4,7,True,-5.0000000000000195,1.1085653160698712,59.0,36,20,True,1.1666666666666667
6,0.25,0.5,0.8,0.27753131564596295,0.01,1,1e-06,42,64,17,2178,1.0,-5.000000000000017,-5.000000000000002,3.0198066269804155e-15,17,17,300,True,15,16,16,0.013050084002315998,0.5,24,True,-5.0000000000000435,1.338502025930211,62.0,55,20,True,1.5
6,0.1,0.25,0.5,0.2686112156427715,0.1,6,1e-05,42,64,7,1182,1.0,-5.0000000000000355,-5.0,7.105427357600951e-15,7,4,30,True,2,11,6,0.0036083441227674484,0.7,8,True,-5.000000000000036,1.1993624060414732,57.5,41,20,True,1.3333333333333333
6,0.25,0.5,0.5,0.27753131564596295,0.01,1,1e-05,42,64,17,2178,1.0,-5.000000000000017,-5.000000000000002,3.0198066269804155e-15,17,17,300,True,15,16,16,0.012955585028976202,0.7,25,True,-5.000000000000031,1.3279638409148902,62.0,52,20,True,1.5625
6,0.1,0.25,0.8,0.2686112156427715,0.05,3,0.0001,42,64,7,1182,1.0,-5.0000000000000355,-5.0,7.105427357600951e-15,7,5,60,True,3,8,6,0.004052461124956608,0.7,9,True,-5.000000000000012,1.196146473987028,62.0,37,20,True,1.5
6,0.1,0.25,0.8,0.2686112156427715,0.05,3,1e-05,42,64,7,1182,1.0,-5.0000000000000355,-5.0,7.105427357600951e-15,7,5,60,True,3,8,6,0.004117168951779604,0.9,7,True,-5.000000000000027,1.1907690120860934,60.0,31,20,True,1.1666666666666667
6,0.1,0.5,0.5,0.2686112156427715,0.05,3,1e-06,42,64,7,2164,1.0,-5.000000000000036,-4.999999999999998,7.638334409421021e-15,7,4,60,True,2,9,6,0.0036654528230428696,0.4,7,True,-5.000000000000023,1.1141178889665753,60.0,41,20,True,1.1666666666666667
6,0.1,0.25,0.8,0.2686112156427715,0.05,3,1e-07,42,64,7,1182,1.0,-5.0000000000000355,-5.0,7.105427357600951e-15,7,5,60,True,3,12,6,0.0042036480735987425,0.6,9,True,-5.000000000000018,1.2071489810477942,57.5,25,20,True,1.5
6,0.1,0.25,0.8,0.2686112156427715,0.05,3,1e-06,42,64,7,1182,1.0,-5.0000000000000355,-5.0,7.105427357600951e-15,7,5,60,True,3,12,6,0.004214158980175853,0.5,9,True,-5.0000000000000195,1.2037971050012857,54.0,35,20,True,1.5
6,0.1,0.5,0.5,0.2686112156427715,0.05,3,0.0001,42,64,7,2164,1.0,-5.000000000000036,-4.999999999999998,7.638334409421021e-15,7,4,60,True,2,8,6,0.0035656329710036516,1.0,7,True,-5.000000000000014,1.1052808351814747,54.5,31,20,True,1.1666666666666667
6,0.1,0.5,0.5,0.2686112156427715,0.05,3,1e-07,42,64,7,2164,1.0,-5.000000000000036,-4.999999999999998,7.638334409421021e-15,7,4,60,True,2,9,6,0.0036277060862630606,0.2,9,True,-5.0000000000000195,1.1020120079629123,53.5,40,20,True,1.5
6,0.1,0.25,0.5,0.2686112156427715,0.1,6,0.0001,42,64,7,1182,1.0,-5.0000000000000355,-5.0,7.105427357600951e-15,7,4,30,True,2,11,6,0.003710205899551511,0.7,7,True,-5.000000000000013,1.2020176160149276,61.0,32,20,True,1.1666666666666667
6,0.1,0.5,0.5,0.2686112156427715,0.1,6,1e-07,42,64,7,2164,1.0,-5.000000000000036,-4.999999999999998,7.638334409421021e-15,7,4,30,True,2,18,6,0.00402400316670537,0.6,11,True,-5.000000000000022,1.0976702410262078,59.0,43,20,True,1.8333333333333333
6,0.1,0.5,0.8,0.2686112156427715,0.05,3,1e-06,42,64,7,2164,1.0,-5.000000000000036,-4.999999999999998,7.638334409421021e-15,7,4,60,True,2,9,6,0.0036277510225772858,0.7,8,True,-5.000000000000008,1.1394777449313551,56.0,26,20,True,1.3333333333333333
6,0.1,0.5,0.8,0.2686112156427715,0.05,3,1e-07,42,64,7,2164,1.0,-5.000000000000036,-4.999999999999998,7.638334409421021e-15,7,4,60,True,2,9,6,0.0036656029988080263,0.8,9,True,-5.000000000000019,1.1317054769024253,52.0,26,20,True,1.5
6,0.1,0.5,0.5,0.2686112156427715,0.1,6,1e-05,42,64,7,2164,1.0,-5.000000000000036,-4.999999999999998,7.638334409421021e-15,7,4,30,True,2,11,6,0.0038772160187363625,0.3,10,True,-5.000000000000013,1.136170007986948,57.0,31,20,True,1.6666666666666667
6,0.1,0.5,0.5,0.2686112156427715,0.1,6,0.0001,42,64,7,2164,1.0,-5.000000000000036,-4.999999999999998,7.638334409421021e-15,7,4,30,True,2,11,6,0.003776031080633402,0.4,8,True,-5.00000000000001,1.1413765400648117,57.0,30,20,True,1.3333333333333333
6,0.1,0.5,0.5,0.2686112156427715,0.1,6,1e-06,42,64,7,2164,1.0,-5.000000000000036,-4.999999999999998,7.638334409421021e-15,7,4,30,True,2,14,6,0.00472342106513679,0.5,8,True,-5.00000000000002,1.1627732699271291,55.0,39,20,True,1.3333333333333333
6,0.25,0.1,0.5,0.27753131564596295,0.05,3,1e-07,42,64,17,602,1.0,-4.999999999999994,-5.0,1.2434497875801768e-15,17,12,60,True,10,33,16,0.010854325955733657,0.3,32,True,-5.000000000000035,2.2939169090241194,60.0,53,20,True,2.0
6,0.25,0.1,0.3,0.27753131564596295,0.1,6,0.0001,42,64,17,602,1.0,-4.999999999999994,-5.000000000000001,1.4210854715202022e-15,17,9,30,True,8,21,17,0.00739221996627748,0.9,24,True,-5.0000000000000355,2.265350207919255,61.0,54,20,True,1.411764705882353
6,0.25,0.1,0.5,0.27753131564596295,0.05,3,1e-06,42,64,17,602,1.0,-4.999999999999994,-5.0,1.2434497875801768e-15,17,12,60,True,10,25,16,0.010091925039887428,0.3,33,True,-5.000000000000038,2.2523567001335323,63.0,55,20,True,2.0625
6,0.25,0.1,0.3,0.27753131564596295,0.1,6,1e-05,42,64,17,602,1.0,-4.999999999999994,-5.000000000000001,1.4210854715202022e-15,17,7,30,True,5,23,16,0.006439923075959086,0.5,33,True,-5.000000000000031,2.242773053003475,61.5,54,20,True,2.0625
6,0.25,0.1,0.5,0.27753131564596295,0.05,3,1e-05,42,64,17,602,1.0,-4.999999999999994,-5.0,1.2434497875801768e-15,17,12,60,True,10,22,16,0.009499254170805216,0.4,31,True,-5.000000000000037,2.241925504989922,61.0,47,20,True,1.9375
6,0.25,0.1,0.5,0.27753131564596295,0.1,6,1e-05,42,64,17,602,1.0,-4.999999999999994,-5.000000000000001,1.4210854715202022e-15,17,7,30,True,5,23,16,0.006643983069807291,0.4,32,True,-5.000000000000043,2.2594629318919033,61.0,54,20,True,2.0
6,0.25,0.1,0.5,0.27753131564596295,0.1,6,0.0001,42,64,17,602,1.0,-4.999999999999994,-5.000000000000001,1.4210854715202022e-15,17,9,30,True,8,21,17,0.008068468188866973,0.8,30,True,-5.0000000000000515,2.3170712541323155,61.0,57,20,True,1.7647058823529411
6,0.25,0.1,0.5,0.27753131564596295,0.1,6,1e-07,42,64,17,602,1.0,-4.999999999999994,-5.000000000000001,1.4210854715202022e-15,17,7,30,True,5,33,16,0.007176394108682871,0.8,30,True,-5.000000000000041,2.3470011819154024,63.0,56,20,True,1.875
6,0.25,0.1,0.5,0.27753131564596295,0.1,6,1e-06,42,64,17,602,1.0,-4.999999999999994,-5.000000000000001,1.4210854715202022e-15,17,7,30,True,5,27,16,0.006908535026013851,0.9,24,True,-5.000000000000048,2.326425933977589,63.0,53,20,True,1.5
6,0.25,0.25,0.3,0.27753131564596295,0.1,6,1e-05,42,64,17,1200,1.0,-4.999999999999987,-4.999999999999997,2.1316282072803064e-15,17,6,30,True,4,19,16,0.0061866710893809795,0.2,25,True,-5.0000000000000515,1.7092054458335042,62.5,55,20,True,1.5625
6,0.25,0.25,0.3,0.27753131564596295,0.1,6,1e-06,42,64,17,1200,1.0,-4.999999999999987,-4.999999999999997,2.1316282072803064e-15,17,6,30,True,4,25,16,0.006118118995800614,0.4,28,True,-5.0000000000000515,1.6728250260930508,62.0,56,20,True,1.75
6,0.25,0.1,0.5,0.27753131564596295,0.05,3,0.0001,42,64,17,602,1.0,-4.999999999999994,-3.988871296729226,0.20222574065415377,5,60,60,False,nan,nan,nan,0.03635046607814729,0.4,28,True,-5.000000000000065,2.311084846034646,62.0,48,20,False,0.0
6,0.25,0.25,0.3,0.27753131564596295,0.1,6,0.0001,42,64,17,1200,1.0,-4.999999999999987,-4.999999999999999,2.4868995751603572e-15,17,7,30,True,5,19,16,0.006350215990096331,0.8,27,True,-5.0000000000000435,1.705834737047553,61.0,54,20,True,1.6875
6,0.25,0.25,0.3,0.27753131564596295,0.1,6,1e-07,42,64,17,1200,1.0,-4.999999999999987,-4.999999999999997,2.1316282072803064e-15,17,6,30,True,4,27,16,0.006300118053331971,0.8,23,True,-5.000000000000037,1.7200117909815162,61.5,55,20,True,1.4375
6,0.25,0.25,0.5,0.27753131564596295,0.05,3,1e-07,42,64,17,1200,1.0,-4.999999999999987,-4.999999999999999,2.4868995751603572e-15,17,9,60,True,7,22,16,0.00793063803575933,0.5,24,True,-5.0000000000000275,1.7583926839288324,61.0,51,20,True,1.5
6,0.25,0.25,0.5,0.27753131564596295,0.1,6,1e-07,42,64,17,1200,1.0,-4.999999999999987,-4.999999999999997,2.1316282072803064e-15,17,6,30,True,4,27,16,0.00629957695491612,0.4,25,True,-5.00000000000003,1.7366682020947337,63.0,49,20,True,1.5625
6,0.25,0.25,0.5,0.27753131564596295,0.1,6,1e-06,42,64,17,1200,1.0,-4.999999999999987,-4.999999999999997,2.1316282072803064e-15,17,6,30,True,4,25,16,0.006606017937883735,0.2,25,True,-5.0000000000000435,1.7055673450231552,63.0,51,20,True,1.5625
6,0.25,0.5,0.3,0.27753131564596295,0.1,6,1e-07,42,64,17,2178,1.0,-5.000000000000017,-5.000000000000003,2.842170943040391e-15,17,5,30,True,3,24,16,0.0057264037895947695,0.3,24,True,-5.00000000000002,1.3500349228270352,62.0,41,20,True,1.5
6,0.25,0.25,0.5,0.27753131564596295,0.05,3,1e-05,42,64,17,1200,1.0,-4.999999999999987,-4.999999999999999,2.4868995751603572e-15,17,9,60,True,7,19,16,0.007825726876035333,0.7,24,True,-5.000000000000037,1.7601492900867015,62.0,57,20,True,1.5
6,0.25,0.5,0.3,0.27753131564596295,0.05,3,0.0001,42,64,17,2178,1.0,-5.000000000000017,-4.999999999999999,3.552713678800489e-15,17,7,60,True,6,18,17,0.006364424945786595,0.3,26,True,-5.000000000000027,1.3268296311143786,61.5,51,20,True,1.5294117647058822
6,0.25,0.25,0.5,0.27753131564596295,0.05,3,0.0001,42,64,17,1200,1.0,-4.999999999999987,-4.999999999999999,2.4868995751603572e-15,17,11,60,True,9,18,16,0.00896785594522953,0.9,24,True,-5.000000000000046,1.736122729955241,60.5,51,20,True,1.5
6,0.25,0.5,0.3,0.27753131564596295,0.1,6,1e-06,42,64,17,2178,1.0,-5.000000000000017,-5.000000000000003,2.842170943040391e-15,17,5,30,True,3,21,16,0.005683095892891288,0.9,25,True,-5.000000000000025,1.3235564569476992,62.0,56,20,True,1.5625
6,0.25,0.5,0.3,0.27753131564596295,0.05,3,1e-05,42,64,17,2178,1.0,-5.000000000000017,-4.999999999999999,3.552713678800489e-15,17,7,60,True,6,18,17,0.006514039123430848,0.5,29,True,-5.00000000000003,1.3562587939668447,62.5,50,20,True,1.7058823529411764
8,0.1,0.1,0.1,0.11411892618047272,0.1,26,1e-07,42,256,27,7310,1.0,-4.999999999999297,-4.9999999999999964,1.3997691894475942e-13,27,5,30,True,4,54,27,0.014249914092943072,0.9,39,True,-5.000000000000032,29.656424469081685,250.0,230,20,True,1.4444444444444444
6,0.25,0.25,0.5,0.27753131564596295,0.05,3,1e-06,42,64,17,1200,1.0,-4.999999999999987,-4.999999999999999,2.4868995751603572e-15,17,9,60,True,7,19,16,0.008128222078084946,0.5,26,True,-5.000000000000042,1.763852751813829,61.5,54,20,True,1.625
8,0.1,0.1,0.1,0.11411892618047272,0.05,13,1e-06,42,256,27,7310,1.0,-4.999999999999297,-4.999999999999999,1.4050982599657957e-13,27,11,60,True,10,39,27,0.018709232099354267,1.0,39,True,-5.0000000000000435,29.78853794094175,252.0,237,20,True,1.4444444444444444
6,0.25,0.5,0.3,0.27753131564596295,0.1,6,1e-05,42,64,17,2178,1.0,-5.000000000000017,-5.000000000000003,2.842170943040391e-15,17,5,30,True,3,17,16,0.005381464958190918,0.8,22,True,-5.000000000000026,1.3275288240984082,61.0,51,20,True,1.375
8,0.1,0.1,0.1,0.11411892618047272,0.05,13,1e-05,42,256,27,7310,1.0,-4.999999999999297,-4.000802665487729,0.1998394669023416,8,60,60,False,nan,nan,nan,0.06315211183391511,1.0,41,True,-5.00000000000003,29.491898492909968,250.0,215,20,False,0.0
6,0.05,0.1,0.3,0.3137098842006708,0.03,2,1e-07,42,64,4,510,1.0,-5.000000000000008,-4.999999999999998,1.9539925233402725e-15,4,2,100,True,1,4,4,0.0019187598954886198,0.7,8,True,-5.0000000000000355,1.1832720439415425,53.5,37,20,True,2.0
6,0.25,0.5,0.5,0.27753131564596295,0.05,3,1e-05,42,64,17,2178,1.0,-5.000000000000017,-4.999999999999999,3.552713678800489e-15,17,7,60,True,6,18,17,0.006651315139606595,0.7,24,True,-5.000000000000045,1.366298567969352,61.5,53,20,True,1.411764705882353
6,0.25,0.5,0.5,0.27753131564596295,0.05,3,0.0001,42,64,17,2178,1.0,-5.000000000000017,-4.999999999999999,3.552713678800489e-15,17,7,60,True,6,18,17,0.006566943135112524,0.6,25,True,-5.00000000000003,1.3709104710724205,61.0,43,20,True,1.4705882352941178
6,0.05,0.1,0.1,0.102226716202623,0.03,2,0.0001,42,64,4,510,1.0,-5.000000000000008,-5.000000000000002,1.2434497875801733e-15,4,3,100,True,2,6,4,0.0025415290147066116,1.0,11,True,-5.000000000000033,1.1818447469267994,55.5,17,20,True,2.75
6,0.05,0.1,0.3,0.3137098842006708,0.03,2,1e-06,42,64,4,510,1.0,-5.000000000000008,-4.999999999999998,1.9539925233402725e-15,4,2,100,True,1,4,4,0.0019225729629397392,0.4,8,True,-5.000000000000026,1.1729022569488734,52.5,12,20,True,2.0
6,0.25,0.5,0.5,0.27753131564596295,0.05,3,1e-07,42,64,17,2178,1.0,-5.000000000000017,-4.999999999999999,3.552713678800489e-15,17,7,60,True,6,18,17,0.007134997984394431,0.2,25,True,-5.000000000000032,1.39683540398255,61.5,53,20,True,1.4705882352941178
6,0.25,0.5,0.5,0.27753131564596295,0.05,3,1e-06,42,64,17,2178,1.0,-5.000000000000017,-4.999999999999999,3.552713678800489e-15,17,7,60,True,6,18,17,0.006712540052831173,0.8,22,True,-5.000000000000035,1.3907333160750568,60.0,51,20,True,1.2941176470588236
6,0.25,0.5,0.3,0.27753131564596295,0.1,6,0.0001,42,64,17,2178,1.0,-5.000000000000017,-5.000000000000003,2.842170943040391e-15,17,5,30,True,3,17,16,0.005414063110947609,0.9,23,True,-5.000000000000037,1.4294730590190738,62.5,58,20,True,1.4375
8,0.1,0.1,0.1,0.11411892618047272,0.1,26,1e-06,42,256,27,7310,1.0,-4.999999999999297,-5.000000000000002,1.4104273304839974e-13,27,6,30,True,5,52,27,0.013253831071779132,1.0,42,True,-5.0000000000000595,29.944830818101764,250.5,215,20,True,1.5555555555555556
8,0.05,0.25,0.5,0.2973391221610923,0.1,26,1e-06,42,256,14,17050,1.0,-5.000000000000121,-5.0,2.4158453015842822e-14,14,2,30,True,1,50,14,0.0053671118803322315,0.6,23,True,-5.000000000000024,13.699098143028095,251.0,209,20,True,1.6428571428571428
8,0.1,0.1,0.1,0.11411892618047272,0.05,13,0.0001,42,256,27,7310,1.0,-4.999999999999297,-3.869760879256421,0.22604782414860694,3,60,60,False,nan,nan,nan,0.05627429485321045,1.0,48,True,-5.000000000000043,30.683374679880217,250.5,232,20,False,0.0
6,0.05,0.25,0.3,0.3137098842006708,0.03,2,1e-05,42,64,4,1162,1.0,-5.000000000000002,-5.000000000000001,1.7763568394002498e-16,4,2,100,True,1,4,4,0.002036438090726733,1.0,7,True,-5.000000000000032,0.8613480092026293,51.0,35,20,True,1.75
6,0.05,0.25,0.3,0.3137098842006708,0.03,2,1e-06,42,64,4,1162,1.0,-5.000000000000002,-5.000000000000001,1.7763568394002498e-16,4,2,100,True,1,4,4,0.002255822066217661,1.0,10,True,-5.00000000000004,0.8513430000748485,52.0,10,20,True,2.5
6,0.05,0.25,0.3,0.3137098842006708,0.03,2,0.0001,42,64,4,1162,1.0,-5.000000000000002,-5.000000000000001,1.7763568394002498e-16,4,2,100,True,1,4,4,0.00204244302585721,1.0,7,True,-5.000000000000037,0.8529757049400359,48.5,30,20,True,1.75
8,0.05,0.1,0.1,0.09491866551287778,0.1,26,1e-05,42,256,14,7190,1.0,-4.999999999999993,-5.000000000000002,1.776356839400253e-15,14,3,30,True,2,35,14,0.004984623985365033,0.8,22,True,-5.000000000000031,15.292539994930848,245.5,181,20,True,1.5714285714285714
6,0.05,0.1,0.3,0.3137098842006708,0.03,2,1e-05,42,64,4,510,1.0,-5.000000000000008,-4.999999999999998,1.9539925233402725e-15,4,2,100,True,1,4,4,0.0019506339449435472,1.0,9,True,-5.000000000000031,1.176996616879478,51.5,27,20,True,2.25
6,0.05,0.25,0.3,0.3137098842006708,0.03,2,1e-07,42,64,4,1162,1.0,-5.000000000000002,-5.000000000000001,1.7763568394002498e-16,4,2,100,True,1,4,4,0.002036944031715393,0.4,12,True,-5.000000000000046,0.9012271529063582,49.5,17,20,True,3.0
6,0.05,0.1,0.5,0.4928031770049739,0.03,2,1e-05,42,64,4,510,1.0,-5.000000000000008,-5.0,1.5987211554602229e-15,4,2,100,True,1,4,4,0.002030902076512575,1.0,6,True,-5.000000000000026,1.1923745058011264,45.5,29,20,True,1.5
6,0.05,0.1,0.5,0.4928031770049739,0.03,2,0.0001,42,64,4,510,1.0,-5.000000000000008,-5.0,1.5987211554602229e-15,4,2,100,True,1,4,4,0.0021441380959004164,0.001,9,True,-5.000000000000032,1.180047150934115,52.0,11,20,True,2.25
8,0.05,0.1,0.1,0.09491866551287778,0.1,26,0.0001,42,256,14,7190,1.0,-4.999999999999993,-5.000000000000002,1.776356839400253e-15,14,3,30,True,2,35,14,0.004956101067364216,1.0,27,True,-5.000000000000031,15.440587026067078,243.5,210,20,True,1.9285714285714286
8,0.05,0.25,0.5,0.2973391221610923,0.05,13,0.0001,42,256,14,17050,1.0,-5.000000000000121,-5.000000000000003,2.362554596402276e-14,14,3,60,True,2,21,14,0.005207599140703678,0.6,20,True,-5.00000000000002,13.714492495870218,245.5,183,20,True,1.4285714285714286
6,0.05,0.1,0.5,0.4928031770049739,0.03,2,1e-07,42,64,4,510,1.0,-5.000000000000008,-5.0,1.5987211554602229e-15,4,2,100,True,1,4,4,0.002130740787833929,0.5,8,True,-5.000000000000029,1.1996172270737588,44.0,21,20,True,2.0
6,0.05,0.1,0.5,0.4928031770049739,0.03,2,1e-06,42,64,4,510,1.0,-5.000000000000008,-5.0,1.5987211554602229e-15,4,2,100,True,1,4,4,0.002036720048636198,0.8,7,True,-5.000000000000031,1.2511852940078825,53.5,18,20,True,1.75
8,0.05,0.25,0.5,0.2973391221610923,0.05,13,1e-06,42,256,14,17050,1.0,-5.000000000000121,-5.0,2.4158453015842822e-14,14,3,60,True,2,23,14,0.005615963833406568,0.6,20,True,-5.00000000000003,13.80676984693855,239.0,216,20,True,1.4285714285714286
6,0.05,0.5,0.5,0.4928031770049739,0.03,2,1e-07,42,64,4,2166,1.0,-5.0,-5.0,0.0,4,2,100,True,1,4,4,0.002136989962309599,0.001,4,True,-5.000000000000038,0.7839103317819536,53.0,21,20,False,1.0
8,0.05,0.25,0.5,0.2973391221610923,0.05,13,1e-05,42,256,14,17050,1.0,-5.000000000000121,-5.000000000000003,2.362554596402276e-14,14,3,60,True,2,21,14,0.0050943021196872,0.4,20,True,-5.000000000000026,13.698428752832115,237.5,190,20,True,1.4285714285714286
8,0.05,0.25,0.5,0.2973391221610923,0.05,13,1e-07,42,256,14,17050,1.0,-5.000000000000121,-5.0,2.4158453015842822e-14,14,3,60,True,2,29,14,0.005723582813516259,0.9,22,True,-5.000000000000021,13.742426279000938,240.5,187,20,True,1.5714285714285714
6,0.05,0.5,0.3,0.3137098842006708,0.03,2,0.0001,42,64,4,2166,1.0,-5.0,-4.999999999999999,1.7763568394002506e-16,4,2,100,True,1,4,4,0.002173533197492361,0.9,7,True,-5.000000000000021,0.7752018058672547,48.0,16,20,True,1.75
8,0.05,0.1,0.5,0.2973391221610923,0.1,26,0.0001,42,256,14,7190,1.0,-4.999999999999993,-5.0,1.4210854715202024e-15,14,3,30,True,2,35,14,0.005001544952392578,0.9,21,True,-5.000000000000052,15.255544596118852,243.5,212,20,True,1.5
6,0.05,0.5,0.5,0.4928031770049739,0.03,2,1e-06,42,64,4,2166,1.0,-5.0,-5.0,0.0,4,2,100,True,1,4,4,0.0021274059545248747,0.001,4,True,-5.0000000000000275,0.7808768039103597,48.0,18,20,False,1.0
6,0.05,0.1,0.3,0.3137098842006708,0.03,2,0.0001,42,64,4,510,1.0,-5.000000000000008,-4.999999999999998,1.9539925233402725e-15,4,2,100,True,1,4,4,0.001960358815267682,0.6,10,True,-5.000000000000039,1.1772771580144763,54.5,16,20,True,2.5
6,0.05,0.25,0.5,0.4928031770049739,0.03,2,1e-07,42,64,4,1162,1.0,-5.000000000000002,-5.0,3.5527136788004996e-16,4,2,100,True,1,4,4,0.0020473289769142866,0.4,7,True,-5.000000000000027,0.8570158970542252,54.0,16,20,True,1.75
6,0.05,0.5,0.3,0.3137098842006708,0.03,2,1e-05,42,64,4,2166,1.0,-5.0,-4.999999999999999,1.7763568394002506e-16,4,2,100,True,1,4,4,0.0021102391183376312,0.9,8,True,-5.000000000000041,0.7901357009541243,52.0,19,20,True,2.0
8,0.05,0.1,0.5,0.2973391221610923,0.1,26,1e-05,42,256,14,7190,1.0,-4.999999999999993,-5.0,1.4210854715202024e-15,14,3,30,True,2,35,14,0.005157344974577427,0.9,27,True,-5.0000000000000355,15.52101132599637,242.0,201,20,True,1.9285714285714286
6,0.05,0.25,0.8,0.4928031770049739,0.03,2,1e-07,42,64,4,1162,1.0,-5.000000000000002,-5.0,3.5527136788004996e-16,4,2,100,True,1,4,4,0.002108028857037425,1.0,5,True,-5.000000000000037,0.8939701369963586,50.0,20,20,True,1.25
6,0.05,0.25,0.8,0.4928031770049739,0.03,2,1e-06,42,64,4,1162,1.0,-5.000000000000002,-5.0,3.5527136788004996e-16,4,2,100,True,1,4,4,0.0022647809237241745,0.8,7,True,-5.000000000000027,0.8895427568349987,53.5,28,20,True,1.75
8,0.05,0.25,0.5,0.2973391221610923,0.1,26,1e-07,42,256,14,17050,1.0,-5.000000000000121,-5.0,2.4158453015842822e-14,14,2,30,True,1,52,14,0.005892717046663165,0.5,20,True,-5.000000000000021,13.958370273932815,248.0,185,20,True,1.4285714285714286
8,0.1,0.1,0.1,0.11411892618047272,0.05,13,1e-07,42,256,27,7310,1.0,-4.999999999999297,-5.0,1.4068746168051963e-13,27,9,60,True,8,42,27,0.020633192965760827,0.9,41,True,-5.000000000000012,29.786097066942602,250.5,225,20,True,1.5185185185185186
6,0.05,0.25,0.5,0.4928031770049739,0.03,2,1e-05,42,64,4,1162,1.0,-5.000000000000002,-5.0,3.5527136788004996e-16,4,2,100,True,1,4,4,0.002138186013326049,0.2,5,True,-5.000000000000026,0.9062970459926873,50.5,18,20,True,1.25
6,0.05,0.25,0.5,0.4928031770049739,0.03,2,0.0001,42,64,4,1162,1.0,-5.000000000000002,-5.0,3.5527136788004996e-16,4,2,100,True,1,4,4,0.0021297510247677565,1.0,8,True,-5.0000000000000195,0.9092930641490966,53.5,20,20,True,2.0
6,0.05,0.5,0.5,0.4928031770049739,0.03,2,1e-05,42,64,4,2166,1.0,-5.0,-5.0,0.0,4,2,100,True,1,4,4,0.002181736985221505,0.001,4,True,-5.0000000000000355,0.7833449910394847,61.0,18,20,False,1.0
6,0.05,0.25,0.5,0.4928031770049739,0.03,2,1e-06,42,64,4,1162,1.0,-5.000000000000002,-5.0,3.5527136788004996e-16,4,2,100,True,1,4,4,0.002137889852747321,0.1,5,True,-5.000000000000034,0.8697796738706529,53.5,23,20,True,1.25
6,0.05,0.5,0.8,0.4928031770049739,0.03,2,1e-05,42,64,4,2166,1.0,-5.0,-5.0,0.0,4,2,100,True,1,4,4,0.002222073031589389,0.001,6,True,-5.000000000000021,0.7946840259246528,51.0,20,20,True,1.5
6,0.05,0.5,0.8,0.4928031770049739,0.03,2,0.0001,42,64,4,2166,1.0,-5.0,-5.0,0.0,4,2,100,True,1,4,4,0.002177121117711067,0.001,4,True,-5.000000000000024,0.7930631788913161,50.5,31,20,False,1.0
6,0.1,0.1,0.5,0.2686112156427715,0.03,2,1e-05,42,64,7,546,1.0,-4.999999999999963,-4.999999999999999,7.283063041541081e-15,7,7,100,True,5,8,6,0.004860010929405689,0.7,8,True,-5.000000000000018,1.4062180980108678,57.0,38,20,True,1.3333333333333333
6,0.1,0.1,0.5,0.2686112156427715,0.03,2,1e-06,42,64,7,546,1.0,-4.999999999999963,-4.999999999999999,7.283063041541081e-15,7,7,100,True,5,12,6,0.0049741610419005156,0.8,10,True,-5.000000000000018,1.4410702069289982,54.0,26,20,True,1.6666666666666667
6,0.05,0.5,0.8,0.4928031770049739,0.03,2,1e-07,42,64,4,2166,1.0,-5.0,-5.0,0.0,4,2,100,True,1,4,4,0.0021842869464308023,1.0,7,True,-5.0000000000000195,0.7979501378722489,51.5,20,20,True,1.75
6,0.05,0.5,0.8,0.4928031770049739,0.03,2,1e-06,42,64,4,2166,1.0,-5.0,-5.0,0.0,4,2,100,True,1,4,4,0.0022127500269562006,0.001,4,True,-5.000000000000019,0.8093188090715557,58.0,27,20,False,1.0
6,0.1,0.1,0.5,0.2686112156427715,0.03,2,0.0001,42,64,7,546,1.0,-4.999999999999963,-4.5236375454744495,0.09527249090510334,8,100,100,False,nan,nan,nan,0.060092541156336665,0.5,10,True,-5.00000000000003,1.437411213060841,56.5,33,20,False,0.0
6,0.1,0.1,0.5,0.2686112156427715,0.03,2,1e-07,42,64,7,546,1.0,-4.999999999999963,-4.999999999999999,7.283063041541081e-15,7,7,100,True,5,12,6,0.0049393221270293,0.9,7,True,-5.000000000000023,1.4272235450334847,58.5,36,20,True,1.1666666666666667
6,0.05,0.5,0.5,0.4928031770049739,0.03,2,0.0001,42,64,4,2166,1.0,-5.0,-5.0,0.0,4,2,100,True,1,4,4,0.0022067881654947996,0.001,5,True,-5.000000000000025,0.8172758610453457,47.0,14,20,True,1.25
8,0.05,0.1,0.5,0.2973391221610923,0.1,26,1e-07,42,256,14,7190,1.0,-4.999999999999993,-5.0,1.4210854715202024e-15,14,3,30,True,2,61,14,0.006937725935131311,0.7,25,True,-5.000000000000037,15.782588673057035,243.0,207,20,True,1.7857142857142858
8,0.05,0.1,0.5,0.2973391221610923,0.05,13,0.0001,42,256,14,7190,1.0,-4.999999999999993,-5.0,1.4210854715202024e-15,14,4,60,True,3,22,14,0.005227679153904319,0.9,22,True,-5.00000000000002,15.335659609176219,245.5,188,20,True,1.5714285714285714
8,0.05,0.1,0.5,0.2973391221610923,0.05,13,1e-05,42,256,14,7190,1.0,-4.999999999999993,-5.0,1.4210854715202024e-15,14,4,60,True,3,23,14,0.005469288909807801,0.3,28,True,-5.000000000000037,15.38056699000299,243.5,211,20,True,2.0
6,0.1,0.25,0.1,0.11721072571111824,0.03,2,1e-07,42,64,7,1182,1.0,-5.0000000000000355,-5.000000000000001,6.927791673660928e-15,7,6,100,True,4,7,6,0.004823056049644947,0.9,9,True,-5.000000000000014,1.2041145591065288,56.5,29,20,True,1.5
6,0.1,0.1,0.8,0.2686112156427715,0.03,2,1e-07,42,64,7,546,1.0,-4.999999999999963,-4.999999999999999,7.283063041541081e-15,7,7,100,True,5,12,6,0.004934923956170678,0.5,10,True,-5.000000000000011,1.4433055869303644,58.5,38,20,True,1.6666666666666667
6,0.1,0.25,0.1,0.11721072571111824,0.03,2,1e-06,42,64,7,1182,1.0,-5.0000000000000355,-5.000000000000001,6.927791673660928e-15,7,6,100,True,4,7,6,0.004630048060789704,0.9,8,True,-5.0000000000000275,1.1811109711416066,57.0,29,20,True,1.3333333333333333
6,0.1,0.25,0.8,0.2686112156427715,0.03,2,1e-07,42,64,7,1182,1.0,-5.0000000000000355,-5.0,7.105427357600951e-15,7,5,100,True,3,8,6,0.003920433111488819,0.4,10,True,-5.0000000000000195,1.1775696019176394,54.0,38,20,True,1.6666666666666667
8,0.05,0.1,0.5,0.2973391221610923,0.1,26,1e-06,42,256,14,7190,1.0,-4.999999999999993,-5.0,1.4210854715202024e-15,14,3,30,True,2,40,14,0.0057895120698958635,0.5,24,True,-5.000000000000038,15.401387718040496,246.0,179,20,True,1.7142857142857142
6,0.1,0.25,0.5,0.2686112156427715,0.03,2,0.0001,42,64,7,1182,1.0,-5.0000000000000355,-5.0,7.105427357600951e-15,7,5,100,True,3,7,6,0.003953816834837198,0.7,6,True,-5.000000000000028,1.1713173210155219,59.5,45,20,False,1.0
6,0.1,0.25,0.8,0.2686112156427715,0.03,2,1e-06,42,64,7,1182,1.0,-5.0000000000000355,-5.0,7.105427357600951e-15,7,5,100,True,3,8,6,0.00397026794962585,0.5,9,True,-5.000000000000027,1.17701596301049,56.5,41,20,True,1.5
6,0.1,0.25,0.5,0.2686112156427715,0.03,2,1e-05,42,64,7,1182,1.0,-5.0000000000000355,-5.0,7.105427357600951e-15,7,5,100,True,3,7,6,0.004261090885847807,0.7,8,True,-5.000000000000013,1.1787638959940523,57.5,31,20,True,1.3333333333333333
6,0.1,0.1,0.8,0.2686112156427715,0.03,2,1e-05,42,64,7,546,1.0,-4.999999999999963,-4.999999999999999,7.283063041541081e-15,7,7,100,True,5,8,6,0.0049966610968112946,0.6,7,True,-5.000000000000012,1.4660756941884756,59.0,33,20,True,1.1666666666666667
6,0.1,0.1,0.8,0.2686112156427715,0.03,2,0.0001,42,64,7,546,1.0,-4.999999999999963,-4.5236375454744495,0.09527249090510334,8,100,100,False,nan,nan,nan,0.05977414711378515,0.9,8,True,-5.000000000000019,1.4551238911226392,57.5,45,20,False,0.0
6,0.1,0.1,0.8,0.2686112156427715,0.03,2,1e-06,42,64,7,546,1.0,-4.999999999999963,-4.999999999999999,7.283063041541081e-15,7,7,100,True,5,12,6,0.005194121040403843,0.5,11,True,-5.0000000000000195,1.4620795890223235,56.5,44,20,True,1.8333333333333333
6,0.1,0.5,0.1,0.11721072571111824,0.03,2,1e-05,42,64,7,2164,1.0,-5.000000000000036,-4.999999999999999,7.460698725480997e-15,7,5,100,True,3,7,6,0.004273626953363419,0.8,7,True,-5.000000000000016,1.1675123660825193,55.0,36,20,True,1.1666666666666667
6,0.1,0.5,0.8,0.2686112156427715,0.03,2,1e-05,42,64,7,2164,1.0,-5.000000000000036,-4.999999999999998,7.638334409421021e-15,7,4,100,True,2,6,6,0.003542509162798524,0.6,9,True,-5.000000000000014,1.106692569795996,54.0,40,20,True,1.5
6,0.1,0.5,0.1,0.11721072571111824,0.03,2,0.0001,42,64,7,2164,1.0,-5.000000000000036,-4.999999999999999,7.460698725480997e-15,7,5,100,True,3,7,6,0.004168560961261392,0.6,8,True,-5.000000000000016,1.1047918410040438,57.5,35,20,True,1.3333333333333333
6,0.1,0.25,0.8,0.2686112156427715,0.03,2,1e-05,42,64,7,1182,1.0,-5.0000000000000355,-5.0,7.105427357600951e-15,7,5,100,True,3,7,6,0.0039518531411886215,0.3,8,True,-5.0000000000000036,1.1826391329523176,58.0,38,20,True,1.3333333333333333
6,0.1,0.5,0.8,0.2686112156427715,0.03,2,1e-06,42,64,7,2164,1.0,-5.000000000000036,-4.999999999999998,7.638334409421021e-15,7,4,100,True,2,6,6,0.003523461055010557,0.5,7,True,-5.0000000000000355,1.1058310410007834,55.0,31,20,True,1.1666666666666667
6,0.1,0.5,0.8,0.2686112156427715,0.03,2,0.0001,42,64,7,2164,1.0,-5.000000000000036,-4.999999999999998,7.638334409421021e-15,7,4,100,True,2,6,6,0.0035207518376410007,0.9,9,True,-5.00000000000001,1.0944053831044585,56.5,37,20,True,1.5
6,0.1,0.5,0.8,0.2686112156427715,0.03,2,1e-07,42,64,7,2164,1.0,-5.000000000000036,-4.999999999999998,7.638334409421021e-15,7,4,100,True,2,6,6,0.0034356520045548677,0.4,7,True,-5.000000000000014,1.1123630700167269,56.5,38,20,True,1.1666666666666667
6,0.1,0.5,0.1,0.11721072571111824,0.03,2,1e-07,42,64,7,2164,1.0,-5.000000000000036,-4.999999999999999,7.460698725480997e-15,7,5,100,True,3,8,6,0.004305217880755663,0.6,6,True,-5.000000000000019,1.1328421959187835,55.0,21,20,False,1.0
6,0.1,0.5,0.1,0.11721072571111824,0.03,2,1e-06,42,64,7,2164,1.0,-5.000000000000036,-4.999999999999999,7.460698725480997e-15,7,5,100,True,3,7,6,0.004232155159115791,0.4,9,True,-5.000000000000025,1.121804742142558,56.5,27,20,True,1.5
6,0.1,0.25,0.8,0.2686112156427715,0.03,2,0.0001,42,64,7,1182,1.0,-5.0000000000000355,-5.0,7.105427357600951e-15,7,5,100,True,3,7,6,0.004002558998763561,0.2,10,True,-5.000000000000021,1.208585489075631,60.0,30,20,True,1.6666666666666667
6,0.25,0.25,0.3,0.27753131564596295,0.03,2,1e-05,42,64,17,1200,1.0,-4.999999999999987,-4.999999999999999,2.4868995751603572e-15,17,11,100,True,9,18,16,0.008733270922675729,0.5,28,True,-5.000000000000039,1.695492547005415,60.5,53,20,True,1.75
6,0.25,0.25,0.3,0.27753131564596295,0.03,2,1e-06,42,64,17,1200,1.0,-4.999999999999987,-4.999999999999999,2.4868995751603572e-15,17,11,100,True,9,18,16,0.008788933046162128,1.0,31,True,-5.000000000000042,1.696304895915091,61.5,52,20,True,1.9375
6,0.25,0.25,0.3,0.27753131564596295,0.03,2,0.0001,42,64,17,1200,1.0,-4.999999999999987,-4.9599559641390565,0.00800880717218606,15,100,100,False,nan,nan,nan,0.07555485982447863,0.7,26,True,-5.00000000000004,1.681018145987764,61.0,55,20,False,0.0
6,0.25,0.25,0.3,0.27753131564596295,0.03,2,1e-07,42,64,17,1200,1.0,-4.999999999999987,-4.999999999999999,2.4868995751603572e-15,17,11,100,True,9,19,16,0.008948282105848193,0.6,28,True,-5.00000000000003,1.715984232025221,63.0,52,20,True,1.75
6,0.25,0.1,0.1,0.11479653521648928,0.03,2,1e-07,42,64,17,602,1.0,-4.999999999999994,-4.999999999999999,1.0658141036401516e-15,17,17,100,True,15,25,16,0.014193588169291615,1.0,34,True,-5.000000000000041,2.268456627149135,61.5,49,20,True,2.125
6,0.25,0.1,0.3,0.27753131564596295,0.03,2,1e-06,42,64,17,602,1.0,-4.999999999999994,-4.999999999999998,8.881784197001264e-16,17,17,100,True,15,24,16,0.015242642955854535,0.4,32,True,-5.0000000000000435,2.28277587890625,62.0,49,20,True,2.0
6,0.25,0.1,0.3,0.27753131564596295,0.03,2,1e-07,42,64,17,602,1.0,-4.999999999999994,-4.999999999999998,8.881784197001264e-16,17,17,100,True,15,31,16,0.01442050514742732,0.8,29,True,-5.0000000000000275,2.244447214063257,61.5,52,20,True,1.8125
6,0.25,0.1,0.1,0.11479653521648928,0.03,2,1e-05,42,64,17,602,1.0,-4.999999999999994,-4.999999999999999,1.0658141036401516e-15,17,18,100,True,16,20,16,0.014685107860714197,0.3,32,True,-5.000000000000037,2.3056828200351447,61.5,55,20,True,2.0
6,0.25,0.1,0.1,0.11479653521648928,0.03,2,0.0001,42,64,17,602,1.0,-4.999999999999994,-3.9943749300018467,0.20112501399962965,6,100,100,False,nan,nan,nan,0.06285525602288544,0.4,31,True,-5.00000000000004,2.328012970974669,62.0,51,20,False,0.0
6,0.25,0.5,0.8,0.27753131564596295,0.03,2,1e-05,42,64,17,2178,1.0,-5.000000000000017,-5.000000000000001,3.19744231092044e-15,17,10,100,True,8,17,16,0.009086967911571264,1.0,20,True,-5.000000000000043,1.3326246461365372,61.5,54,20,True,1.25
6,0.25,0.5,0.8,0.27753131564596295,0.03,2,1e-06,42,64,17,2178,1.0,-5.000000000000017,-5.000000000000001,3.19744231092044e-15,17,10,100,True,8,17,16,0.008775160880759358,1.0,24,True,-5.000000000000032,1.3328607711009681,62.0,49,20,True,1.5
6,0.25,0.1,0.1,0.11479653521648928,0.03,2,1e-06,42,64,17,602,1.0,-4.999999999999994,-4.999999999999999,1.0658141036401516e-15,17,17,100,True,15,20,16,0.013837473001331091,0.5,29,True,-5.000000000000048,2.3748596080113202,62.0,57,20,True,1.8125
6,0.25,0.5,0.8,0.27753131564596295,0.03,2,0.0001,42,64,17,2178,1.0,-5.000000000000017,-5.000000000000001,3.19744231092044e-15,17,10,100,True,8,17,16,0.008606530027464032,0.2,25,True,-5.00000000000003,1.3075039689429104,61.0,53,20,True,1.5625
6,0.25,0.5,0.8,0.27753131564596295,0.03,2,1e-07,42,64,17,2178,1.0,-5.000000000000017,-5.000000000000001,3.19744231092044e-15,17,10,100,True,8,17,16,0.00871447497047484,0.7,24,True,-5.000000000000025,1.3388515459373593,62.0,58,20,True,1.5
6,0.25,0.25,0.5,0.27753131564596295,0.03,2,1e-07,42,64,17,1200,1.0,-4.999999999999987,-4.999999999999999,2.4868995751603572e-15,17,11,100,True,9,19,16,0.008897442137822509,0.3,24,True,-5.00000000000003,1.672134917927906,63.0,55,20,True,1.5
6,0.25,0.25,0.8,0.27753131564596295,0.03,2,1e-06,42,64,17,1200,1.0,-4.999999999999987,-4.999999999999999,2.4868995751603572e-15,17,11,100,True,9,18,16,0.009091320913285017,1.0,25,True,-5.000000000000028,1.7196011119522154,63.0,51,20,True,1.5625
6,0.25,0.25,0.8,0.27753131564596295,0.03,2,1e-07,42,64,17,1200,1.0,-4.999999999999987,-4.999999999999999,2.4868995751603572e-15,17,11,100,True,9,19,16,0.008964334148913622,0.6,28,True,-5.000000000000034,1.7115619180258363,60.0,50,20,True,1.75
6,0.05,0.1,0.3,0.3137098842006708,0.01,1,1e-07,42,64,4,510,1.0,-5.000000000000008,-4.999999999999998,1.9539925233402725e-15,4,4,300,True,3,4,4,0.002821970032528043,0.4,4,True,-5.000000000000029,1.1706717109773308,50.5,17,20,False,1.0
6,0.25,0.25,0.5,0.27753131564596295,0.03,2,1e-05,42,64,17,1200,1.0,-4.999999999999987,-4.999999999999999,2.4868995751603572e-15,17,11,100,True,9,18,16,0.00875528296455741,0.9,26,True,-5.000000000000037,1.7131530868355185,63.0,59,20,True,1.625
6,0.05,0.1,0.1,0.102226716202623,0.01,1,0.0001,42,64,4,510,1.0,-5.000000000000008,-5.000000000000002,1.2434497875801733e-15,4,5,300,True,4,4,4,0.003636392066255212,0.5,10,True,-5.000000000000037,1.1854751149658114,52.5,35,20,True,2.5
6,0.05,0.1,0.3,0.3137098842006708,0.01,1,1e-06,42,64,4,510,1.0,-5.000000000000008,-4.999999999999998,1.9539925233402725e-15,4,4,300,True,3,4,4,0.0030932980589568615,1.0,7,True,-5.000000000000035,1.1617327141575515,50.0,38,20,True,1.75
6,0.05,0.1,0.1,0.102226716202623,0.01,1,1e-05,42,64,4,510,1.0,-5.000000000000008,-5.000000000000002,1.2434497875801733e-15,4,5,300,True,4,4,4,0.0035997661761939526,0.3,16,True,-5.000000000000032,1.1696984299924225,57.5,28,20,True,4.0
6,0.25,0.25,0.5,0.27753131564596295,0.03,2,0.0001,42,64,17,1200,1.0,-4.999999999999987,-4.9599559641390565,0.00800880717218606,15,100,100,False,nan,nan,nan,0.07663856609724462,0.3,26,True,-5.000000000000046,1.7244218131527305,63.0,58,20,False,0.0
6,0.25,0.25,0.5,0.27753131564596295,0.03,2,1e-06,42,64,17,1200,1.0,-4.999999999999987,-4.999999999999999,2.4868995751603572e-15,17,11,100,True,9,18,16,0.008962963940575719,0.4,24,True,-5.000000000000038,1.7566855049226433,62.0,54,20,True,1.5
6,0.05,0.1,0.3,0.3137098842006708,0.01,1,1e-05,42,64,4,510,1.0,-5.000000000000008,-4.999999999999998,1.9539925233402725e-15,4,4,300,True,3,4,4,0.002869250951334834,0.8,7,True,-5.00000000000003,1.181358861969784,56.0,29,20,True,1.75
6,0.05,0.1,0.5,0.4928031770049739,0.01,1,0.0001,42,64,4,510,1.0,-5.000000000000008,-5.000000000000001,1.421085471520198e-15,4,4,300,True,3,4,4,0.0029880129732191563,1.0,5,True,-5.0000000000000275,1.214090389199555,50.0,21,20,True,1.25
6,0.05,0.1,0.5,0.4928031770049739,0.01,1,1e-05,42,64,4,510,1.0,-5.000000000000008,-5.000000000000001,1.421085471520198e-15,4,4,300,True,3,4,4,0.002939983969554305,0.2,6,True,-5.000000000000026,1.226874582003802,47.0,18,20,True,1.5
6,0.05,0.25,0.3,0.3137098842006708,0.01,1,1e-05,42,64,4,1162,1.0,-5.000000000000002,-5.0,3.5527136788004996e-16,4,4,300,True,3,4,4,0.0030162420589476824,0.7,8,True,-5.000000000000024,0.8544850030448288,51.0,40,20,True,2.0
6,0.05,0.25,0.3,0.3137098842006708,0.01,1,1e-06,42,64,4,1162,1.0,-5.000000000000002,-5.0,3.5527136788004996e-16,4,4,300,True,3,4,4,0.0030718399211764336,0.8,10,True,-5.000000000000034,0.8579331559594721,54.0,33,20,True,2.5
6,0.05,0.25,0.3,0.3137098842006708,0.01,1,0.0001,42,64,4,1162,1.0,-5.000000000000002,-5.0,3.5527136788004996e-16,4,4,300,True,3,4,4,0.0030383348930627108,0.9,7,True,-5.000000000000029,0.8514302149415016,48.0,24,20,True,1.75
6,0.05,0.25,0.3,0.3137098842006708,0.01,1,1e-07,42,64,4,1162,1.0,-5.000000000000002,-5.0,3.5527136788004996e-16,4,4,300,True,3,4,4,0.0030364119447767735,1.0,11,True,-5.000000000000032,0.859623558120802,46.0,21,20,True,2.75
6,0.05,0.1,0.5,0.4928031770049739,0.01,1,1e-07,42,64,4,510,1.0,-5.000000000000008,-5.000000000000001,1.421085471520198e-15,4,4,300,True,3,4,4,0.002948230132460594,0.001,5,True,-5.000000000000031,1.19113825308159,51.5,21,20,True,1.25
8,0.05,0.5,0.3,0.2973391221610923,0.1,26,1e-06,42,256,14,33286,1.0,-4.999999999999895,-4.999999999999996,2.007283228522325e-14,14,2,30,True,1,40,14,0.00644680904224515,0.3,21,True,-5.00000000000004,14.76301338011399,243.5,187,20,True,1.5
6,0.05,0.1,0.5,0.4928031770049739,0.01,1,1e-06,42,64,4,510,1.0,-5.000000000000008,-5.000000000000001,1.421085471520198e-15,4,4,300,True,3,4,4,0.00289245811291039,0.001,5,True,-5.000000000000028,1.1921812298242003,52.5,23,20,True,1.25
6,0.05,0.25,0.5,0.4928031770049739,0.01,1,1e-07,42,64,4,1162,1.0,-5.000000000000002,-5.0,3.5527136788004996e-16,4,4,300,True,3,4,4,0.0030669821426272392,0.8,4,True,-5.000000000000027,0.8674782498273998,44.5,22,20,False,1.0
6,0.05,0.5,0.5,0.4928031770049739,0.01,1,1e-07,42,64,4,2166,1.0,-5.0,-5.0,0.0,4,4,300,True,3,4,4,0.003192674834281206,0.001,4,True,-5.000000000000023,0.8333731978200376,51.0,13,20,False,1.0
6,0.05,0.25,0.8,0.4928031770049739,0.01,1,1e-06,42,64,4,1162,1.0,-5.000000000000002,-5.0,3.5527136788004996e-16,4,4,300,True,3,4,4,0.0030914880335330963,0.2,7,True,-5.000000000000024,0.8823691180441529,48.5,19,20,True,1.75
8,0.05,0.25,0.3,0.2973391221610923,0.1,26,0.0001,42,256,14,17050,1.0,-5.000000000000121,-5.0,2.4158453015842822e-14,14,3,30,True,2,36,14,0.006152656860649586,0.9,21,True,-5.000000000000026,13.752999086864293,243.0,174,20,True,1.5
6,0.05,0.25,0.8,0.4928031770049739,0.01,1,1e-07,42,64,4,1162,1.0,-5.000000000000002,-5.0,3.5527136788004996e-16,4,4,300,True,3,4,4,0.0031507459934800863,0.8,5,True,-5.000000000000031,0.8769965809769928,53.5,23,20,True,1.25
6,0.05,0.1,0.3,0.3137098842006708,0.01,1,0.0001,42,64,4,510,1.0,-5.000000000000008,-4.999999999999998,1.9539925233402725e-15,4,4,300,True,3,4,4,0.0029269149526953697,0.9,7,True,-5.000000000000038,1.1967267661821097,49.0,21,20,True,1.75
8,0.05,0.1,0.8,0.2973391221610923,0.1,26,1e-05,42,256,14,7190,1.0,-4.999999999999993,-5.0,1.4210854715202024e-15,14,3,30,True,2,35,14,0.004991716938093305,0.3,22,True,-5.0000000000000275,15.442155560012907,245.0,212,20,True,1.5714285714285714
6,0.05,0.5,0.3,0.3137098842006708,0.01,1,0.0001,42,64,4,2166,1.0,-5.0,-4.999999999999999,1.7763568394002506e-16,4,4,300,True,3,4,4,0.00330565613694489,0.9,7,True,-5.000000000000022,0.7729999739676714,50.5,21,20,True,1.75
8,0.05,0.5,0.3,0.2973391221610923,0.05,13,0.0001,42,256,14,33286,1.0,-4.999999999999895,-4.9999999999999964,2.025046796916328e-14,14,3,60,True,2,22,14,0.006014835089445114,0.6,22,True,-5.000000000000028,14.704365722835064,242.0,211,20,True,1.5714285714285714
6,0.05,0.5,0.5,0.4928031770049739,0.01,1,1e-06,42,64,4,2166,1.0,-5.0,-5.0,0.0,4,4,300,True,3,4,4,0.004341997904703021,0.1,5,True,-5.000000000000036,0.7810761269647628,50.5,21,20,True,1.25
8,0.05,0.25,0.3,0.2973391221610923,0.1,26,1e-05,42,256,14,17050,1.0,-5.000000000000121,-5.0,2.4158453015842822e-14,14,3,30,True,2,36,14,0.0063107500318437815,0.9,24,True,-5.000000000000035,13.811599628068507,250.0,209,20,True,1.7142857142857142
6,0.05,0.5,0.3,0.3137098842006708,0.01,1,1e-05,42,64,4,2166,1.0,-5.0,-4.999999999999999,1.7763568394002506e-16,4,4,300,True,3,4,4,0.003171539166942239,0.7,8,True,-5.000000000000025,0.7862359129358083,55.5,28,20,True,2.0
8,0.05,0.1,0.8,0.2973391221610923,0.1,26,0.0001,42,256,14,7190,1.0,-4.999999999999993,-5.0,1.4210854715202024e-15,14,3,30,True,2,35,14,0.004950603935867548,0.5,23,True,-5.000000000000025,15.193380790064111,242.0,200,20,True,1.6428571428571428
6,0.05,0.25,0.5,0.4928031770049739,0.01,1,1e-05,42,64,4,1162,1.0,-5.000000000000002,-5.0,3.5527136788004996e-16,4,4,300,True,3,4,4,0.0031874768901616335,1.0,5,True,-5.000000000000029,0.8762310061138123,48.5,31,20,True,1.25
6,0.05,0.5,0.5,0.4928031770049739,0.01,1,1e-05,42,64,4,2166,1.0,-5.0,-5.0,0.0,4,4,300,True,3,4,4,0.003197643207386136,0.8,6,True,-5.000000000000019,0.7822961441706866,55.0,18,20,True,1.5
8,0.05,0.5,0.3,0.2973391221610923,0.05,13,1e-05,42,256,14,33286,1.0,-4.999999999999895,-4.9999999999999964,2.025046796916328e-14,14,3,60,True,2,22,14,0.00605367892421782,0.3,20,True,-5.000000000000025,14.740531909046695,243.0,186,20,True,1.4285714285714286
6,0.05,0.25,0.5,0.4928031770049739,0.01,1,0.0001,42,64,4,1162,1.0,-5.000000000000002,-5.0,3.5527136788004996e-16,4,4,300,True,3,4,4,0.003346693003550172,0.2,5,True,-5.000000000000021,0.8795712329447269,52.5,23,20,True,1.25
8,0.05,0.5,0.3,0.2973391221610923,0.05,13,1e-06,42,256,14,33286,1.0,-4.999999999999895,-4.999999999999996,2.007283228522325e-14,14,3,60,True,2,26,14,0.007080200128257275,1.0,21,True,-5.000000000000026,14.960762528935447,242.5,202,20,True,1.5
8,0.05,0.5,0.3,0.2973391221610923,0.05,13,1e-07,42,256,14,33286,1.0,-4.999999999999895,-4.999999999999996,2.007283228522325e-14,14,3,60,True,2,26,14,0.007083563832566142,0.7,20,True,-5.000000000000038,14.797174026956782,238.5,192,20,True,1.4285714285714286
6,0.05,0.5,0.8,0.4928031770049739,0.01,1,0.0001,42,64,4,2166,1.0,-5.0,-5.0,0.0,4,4,300,True,3,4,4,0.0031994699966162443,0.001,6,True,-5.000000000000037,0.796287250937894,44.0,19,20,True,1.5
6,0.05,0.5,0.8,0.4928031770049739,0.01,1,1e-05,42,64,4,2166,1.0,-5.0,-5.0,0.0,4,4,300,True,3,4,4,0.003284675069153309,0.1,6,True,-5.000000000000028,0.8003921508789062,52.0,26,20,True,1.5
6,0.05,0.25,0.5,0.4928031770049739,0.01,1,1e-06,42,64,4,1162,1.0,-5.000000000000002,-5.0,3.5527136788004996e-16,4,4,300,True,3,4,4,0.0031013227999210358,0.1,8,True,-5.000000000000033,0.8910608789883554,46.0,20,20,True,2.0
6,0.1,0.1,0.5,0.2686112156427715,0.01,1,1e-05,42,64,7,546,1.0,-4.999999999999963,-4.999999999999997,6.927791673661029e-15,7,14,300,True,12,8,6,0.008754048962146044,0.9,8,True,-5.000000000000011,1.4340631139930338,52.5,38,20,True,1.3333333333333333
6,0.05,0.5,0.8,0.4928031770049739,0.01,1,1e-07,42,64,4,2166,1.0,-5.0,-5.0,0.0,4,4,300,True,3,4,4,0.003233842086046934,0.5,5,True,-5.00000000000003,0.7923815161921084,54.0,28,20,True,1.25
8,0.05,0.5,0.3,0.2973391221610923,0.1,26,1e-07,42,256,14,33286,1.0,-4.999999999999895,-4.999999999999996,2.007283228522325e-14,14,2,30,True,1,52,14,0.007397711044177413,0.9,22,True,-5.0000000000000275,14.926260198000818,238.5,170,20,True,1.5714285714285714
6,0.1,0.1,0.5,0.2686112156427715,0.01,1,1e-06,42,64,7,546,1.0,-4.999999999999963,-4.999999999999997,6.927791673661029e-15,7,14,300,True,12,13,6,0.009491912089288235,0.6,8,True,-5.000000000000039,1.4275470429565758,58.0,33,20,True,1.3333333333333333
6,0.05,0.5,0.8,0.4928031770049739,0.01,1,1e-06,42,64,4,2166,1.0,-5.0,-5.0,0.0,4,4,300,True,3,4,4,0.00329006090760231,0.001,6,True,-5.000000000000032,0.7992479221429676,54.0,26,20,True,1.5
6,0.1,0.1,0.5,0.2686112156427715,0.01,1,1e-07,42,64,7,546,1.0,-4.999999999999963,-4.999999999999997,6.927791673661029e-15,7,14,300,True,12,14,6,0.00900794006884098,0.8,9,True,-5.000000000000024,1.4286390761844814,59.0,40,20,True,1.5
6,0.1,0.1,0.5,0.2686112156427715,0.01,1,0.0001,42,64,7,546,1.0,-4.999999999999963,-4.506679459027587,0.09866410819447594,6,300,300,False,nan,nan,nan,0.15875833109021187,0.7,8,True,-5.000000000000012,1.4217699610162526,57.5,43,20,False,0.0
6,0.05,0.5,0.5,0.4928031770049739,0.01,1,0.0001,42,64,4,2166,1.0,-5.0,-5.0,0.0,4,4,300,True,3,4,4,0.0032723320182412863,0.001,9,True,-5.000000000000039,0.7968360651284456,58.0,28,20,True,2.25
6,0.1,0.25,0.1,0.11721072571111824,0.01,1,1e-06,42,64,7,1182,1.0,-5.0000000000000355,-5.0,7.105427357600951e-15,7,8,300,True,6,6,6,0.005635750945657492,0.9,8,True,-5.000000000000024,1.1825071608182043,55.5,38,20,True,1.3333333333333333
6,0.1,0.25,0.1,0.11721072571111824,0.01,1,1e-07,42,64,7,1182,1.0,-5.0000000000000355,-5.0,7.105427357600951e-15,7,8,300,True,6,6,6,0.005706263007596135,0.6,7,True,-5.000000000000041,1.183940608985722,55.5,33,20,True,1.1666666666666667
8,0.05,0.25,0.3,0.2973391221610923,0.1,26,1e-07,42,256,14,17050,1.0,-5.000000000000121,-5.0,2.4158453015842822e-14,14,2,30,True,1,52,14,0.0058036979753524065,0.7,21,True,-5.000000000000028,13.886226890143007,240.0,207,20,True,1.5
6,0.1,0.1,0.8,0.2686112156427715,0.01,1,1e-07,42,64,7,546,1.0,-4.999999999999963,-4.999999999999997,6.927791673661029e-15,7,14,300,True,12,14,6,0.009032081812620163,0.9,8,True,-5.000000000000035,1.4404316667933017,59.0,38,20,True,1.3333333333333333
8,0.05,0.25,0.3,0.2973391221610923,0.05,13,1e-05,42,256,14,17050,1.0,-5.000000000000121,-5.000000000000003,2.362554596402276e-14,14,3,60,True,2,21,14,0.005159113090485334,1.0,17,True,-5.000000000000031,13.730784407118335,248.5,202,20,True,1.2142857142857142
8,0.05,0.25,0.3,0.2973391221610923,0.05,13,0.0001,42,256,14,17050,1.0,-5.000000000000121,-5.000000000000003,2.362554596402276e-14,14,3,60,True,2,21,14,0.00513380509801209,0.6,19,True,-5.000000000000029,13.771111696958542,241.5,205,20,True,1.3571428571428572
6,0.1,0.25,0.8,0.2686112156427715,0.01,1,1e-07,42,64,7,1182,1.0,-5.0000000000000355,-5.0,7.105427357600951e-15,7,7,300,True,5,6,6,0.0048603268805891275,0.9,10,True,-5.000000000000014,1.196246881969273,54.5,23,20,True,1.6666666666666667
8,0.05,0.25,0.3,0.2973391221610923,0.1,26,1e-06,42,256,14,17050,1.0,-5.000000000000121,-5.0,2.4158453015842822e-14,14,2,30,True,1,50,14,0.005511352093890309,0.9,22,True,-5.000000000000026,13.97196812205948,239.5,203,20,True,1.5714285714285714
6,0.1,0.25,0.5,0.2686112156427715,0.01,1,0.0001,42,64,7,1182,1.0,-5.0000000000000355,-5.0,7.105427357600951e-15,7,7,300,True,5,6,6,0.005195697071030736,0.5,9,True,-5.0000000000000115,1.1810119999572635,56.5,33,20,True,1.5
6,0.1,0.1,0.8,0.2686112156427715,0.01,1,1e-05,42,64,7,546,1.0,-4.999999999999963,-4.999999999999997,6.927791673661029e-15,7,14,300,True,12,8,6,0.009171247947961092,0.7,6,True,-5.0000000000000195,1.462537056999281,56.5,40,20,False,1.0
6,0.1,0.25,0.5,0.2686112156427715,0.01,1,1e-05,42,64,7,1182,1.0,-5.0000000000000355,-5.0,7.105427357600951e-15,7,7,300,True,5,6,6,0.005132382037118077,0.6,9,True,-5.000000000000016,1.1952731311321259,57.0,41,20,True,1.5
6,0.1,0.25,0.8,0.2686112156427715,0.01,1,1e-06,42,64,7,1182,1.0,-5.0000000000000355,-5.0,7.105427357600951e-15,7,7,300,True,5,6,6,0.004732305882498622,0.4,10,True,-5.000000000000028,1.1809149021282792,56.0,45,20,True,1.6666666666666667
6,0.1,0.5,0.1,0.11721072571111824,0.01,1,0.0001,42,64,7,2164,1.0,-5.000000000000036,-4.999999999999998,7.638334409421021e-15,7,6,300,True,4,6,6,0.004622363951057196,0.8,8,True,-5.000000000000028,1.1021501501090825,54.0,23,20,True,1.3333333333333333
6,0.1,0.5,0.1,0.11721072571111824,0.01,1,1e-05,42,64,7,2164,1.0,-5.000000000000036,-4.999999999999998,7.638334409421021e-15,7,6,300,True,4,6,6,0.004612659104168415,1.0,7,True,-5.000000000000014,1.1168734738603234,56.5,34,20,True,1.1666666666666667
6,0.1,0.25,0.8,0.2686112156427715,0.01,1,1e-05,42,64,7,1182,1.0,-5.0000000000000355,-5.0,7.105427357600951e-15,7,7,300,True,5,6,6,0.004801240982487798,0.9,9,True,-5.000000000000017,1.1763960011303425,58.0,32,20,True,1.5
6,0.1,0.1,0.8,0.2686112156427715,0.01,1,0.0001,42,64,7,546,1.0,-4.999999999999963,-4.506679459027587,0.09866410819447594,6,300,300,False,nan,nan,nan,0.1593430528882891,0.2,8,True,-5.000000000000012,1.447149840882048,57.5,39,20,False,0.0
6,0.1,0.1,0.8,0.2686112156427715,0.01,1,1e-06,42,64,7,546,1.0,-4.999999999999963,-4.999999999999997,6.927791673661029e-15,7,14,300,True,12,13,6,0.009258705889806151,0.7,7,True,-5.000000000000014,1.4676467638928443,59.5,28,20,True,1.1666666666666667
6,0.1,0.5,0.8,0.2686112156427715,0.01,1,1e-05,42,64,7,2164,1.0,-5.000000000000036,-4.999999999999998,7.638334409421021e-15,7,7,300,True,5,6,6,0.00497048906981945,0.6,7,True,-5.000000000000025,1.0975297729019076,56.0,32,20,True,1.1666666666666667
6,0.1,0.5,0.8,0.2686112156427715,0.01,1,1e-06,42,64,7,2164,1.0,-5.000000000000036,-4.999999999999998,7.638334409421021e-15,7,7,300,True,5,6,6,0.005104016978293657,0.8,8,True,-5.000000000000017,1.112732650944963,56.0,36,20,True,1.3333333333333333
6,0.1,0.5,0.1,0.11721072571111824,0.01,1,1e-07,42,64,7,2164,1.0,-5.000000000000036,-4.999999999999998,7.638334409421021e-15,7,6,300,True,4,6,6,0.004989363951608539,0.8,7,True,-5.000000000000016,1.1441042909864336,51.0,33,20,True,1.1666666666666667
6,0.1,0.5,0.8,0.2686112156427715,0.01,1,0.0001,42,64,7,2164,1.0,-5.000000000000036,-4.999999999999998,7.638334409421021e-15,7,7,300,True,5,6,6,0.005041156895458698,0.4,8,True,-5.000000000000023,1.0991785309743136,58.0,31,20,True,1.3333333333333333
6,0.1,0.5,0.8,0.2686112156427715,0.01,1,1e-07,42,64,7,2164,1.0,-5.000000000000036,-4.999999999999998,7.638334409421021e-15,7,7,300,True,5,6,6,0.0049761810805648565,0.4,6,True,-5.00000000000002,1.107082884060219,57.0,38,20,False,1.0
6,0.1,0.5,0.1,0.11721072571111824,0.01,1,1e-06,42,64,7,2164,1.0,-5.000000000000036,-4.999999999999998,7.638334409421021e-15,7,6,300,True,4,6,6,0.004546643001958728,0.6,8,True,-5.000000000000018,1.1208909598644823,58.5,37,20,True,1.3333333333333333
6,0.1,0.25,0.8,0.2686112156427715,0.01,1,0.0001,42,64,7,1182,1.0,-5.0000000000000355,-5.0,7.105427357600951e-15,7,7,300,True,5,6,6,0.004912305856123567,1.0,8,True,-5.00000000000001,1.1879376058932394,53.0,33,20,True,1.3333333333333333
6,0.25,0.25,0.1,0.11479653521648928,0.01,1,1e-07,42,64,17,1200,1.0,-4.999999999999987,-4.999999999999999,2.4868995751603572e-15,17,24,300,True,22,20,16,0.01746298698708415,0.4,30,True,-5.000000000000052,1.7386392811313272,61.0,56,20,True,1.875
6,0.25,0.1,0.3,0.27753131564596295,0.01,1,1e-06,42,64,17,602,1.0,-4.999999999999994,-5.000000000000001,1.4210854715202022e-15,17,32,300,True,30,20,16,0.023535304935649037,0.3,27,True,-5.0000000000000355,2.2826325080823153,62.0,54,20,True,1.6875
6,0.25,0.1,0.3,0.27753131564596295,0.01,1,1e-07,42,64,17,602,1.0,-4.999999999999994,-5.000000000000001,1.4210854715202022e-15,17,32,300,True,30,26,16,0.024886506842449307,0.6,25,True,-5.0000000000000435,2.272437648847699,62.0,54,20,True,1.5625
6,0.25,0.1,0.1,0.11479653521648928,0.01,1,1e-07,42,64,17,602,1.0,-4.999999999999994,-4.999999999999999,1.0658141036401516e-15,17,32,300,True,30,24,16,0.024224435910582542,0.4,28,True,-5.000000000000029,2.313574206084013,62.0,55,20,True,1.75
6,0.25,0.25,0.1,0.11479653521648928,0.01,1,1e-06,42,64,17,1200,1.0,-4.999999999999987,-4.999999999999999,2.4868995751603572e-15,17,24,300,True,22,19,16,0.017287743976339698,0.5,25,True,-5.000000000000044,1.708663386059925,61.0,55,20,True,1.5625
8,0.1,0.25,0.1,0.11411892618047272,0.05,13,1e-05,42,256,27,17068,1.0,-4.999999999999893,-3.7821164087992334,0.24357671824013719,3,60,60,False,nan,nan,nan,0.06161139812320471,0.8,40,True,-5.000000000000058,21.747055921005085,249.5,233,20,False,0.0
8,0.1,0.25,0.1,0.11411892618047272,0.05,13,1e-07,42,256,27,17068,1.0,-4.999999999999893,-5.0,2.131628207280346e-14,27,6,60,True,5,36,27,0.013724657008424401,0.9,45,True,-5.000000000000067,21.645956391934305,251.0,224,20,True,1.6666666666666667
6,0.25,0.1,0.8,0.27753131564596295,0.01,1,0.0001,42,64,17,602,1.0,-4.999999999999994,-3.0827499399618845,0.38345001200762235,7,300,300,False,nan,nan,nan,0.16888308408670127,0.7,28,True,-5.0000000000000355,2.284798074979335,61.0,53,20,False,0.0
6,0.25,0.1,0.8,0.27753131564596295,0.01,1,1e-05,42,64,17,602,1.0,-4.999999999999994,-4.934844256678589,0.01303114866428105,19,300,300,False,nan,nan,nan,0.22346083796583116,0.4,29,True,-5.000000000000044,2.2503112768754363,61.5,50,20,False,0.0
6,0.25,0.1,0.1,0.11479653521648928,0.01,1,1e-05,42,64,17,602,1.0,-4.999999999999994,-4.934844256678586,0.013031148664281582,19,300,300,False,nan,nan,nan,0.2273479620926082,0.4,25,True,-5.0000000000000275,2.2702747639268637,60.0,48,20,False,0.0
6,0.25,0.5,0.1,0.11479653521648928,0.01,1,1e-05,42,64,17,2178,1.0,-5.000000000000017,-4.9999999999999964,4.085620730620562e-15,17,23,300,True,21,16,16,0.016585380071774125,0.9,23,True,-5.000000000000032,1.3294046958908439,62.5,56,20,True,1.4375
6,0.25,0.1,0.1,0.11479653521648928,0.01,1,0.0001,42,64,17,602,1.0,-4.999999999999994,-3.4338743737849566,0.31322512524300783,6,300,300,False,nan,nan,nan,0.1662971491459757,0.7,29,True,-5.000000000000034,2.3703542188741267,61.0,52,20,False,0.0
8,0.1,0.25,0.1,0.11411892618047272,0.05,13,0.0001,42,256,27,17068,1.0,-4.999999999999893,-3.780212281463017,0.2439575437073805,2,60,60,False,nan,nan,nan,0.05962775810621679,0.5,44,True,-5.000000000000055,21.744848715839908,246.0,220,20,False,0.0
6,0.25,0.1,0.1,0.11479653521648928,0.01,1,1e-06,42,64,17,602,1.0,-4.999999999999994,-4.999999999999999,1.0658141036401516e-15,17,32,300,True,30,19,16,0.023963985964655876,0.7,29,True,-5.000000000000049,2.381934094009921,61.0,54,20,True,1.8125
6,0.25,0.25,0.3,0.27753131564596295,0.01,1,0.0001,42,64,17,1200,1.0,-4.999999999999987,-3.7559618220949713,0.24880763558100374,3,300,300,False,nan,nan,nan,0.1705688340589404,0.7,25,True,-5.000000000000038,1.7321333950385451,61.0,52,20,False,0.0
6,0.25,0.25,0.3,0.27753131564596295,0.01,1,1e-05,42,64,17,1200,1.0,-4.999999999999987,-4.960706904563623,0.007858619087272721,16,300,300,False,nan,nan,nan,0.2354842519853264,0.3,22,True,-5.000000000000044,1.7062385231256485,63.0,56,20,False,0.0
6,0.25,0.5,0.1,0.11479653521648928,0.01,1,0.0001,42,64,17,2178,1.0,-5.000000000000017,-3.9589738583381893,0.20820522833236482,5,300,300,False,nan,nan,nan,0.17206134903244674,0.9,24,True,-5.00000000000002,1.3240183221641928,62.0,53,20,False,0.0
6,0.25,0.25,0.1,0.11479653521648928,0.01,1,1e-05,42,64,17,1200,1.0,-4.999999999999987,-4.9607069045636205,0.007858619087273254,16,300,300,False,nan,nan,nan,0.22278087306767702,1.0,21,True,-5.000000000000032,1.709053395083174,62.5,54,20,False,0.0
6,0.25,0.5,0.1,0.11479653521648928,0.01,1,1e-06,42,64,17,2178,1.0,-5.000000000000017,-4.9999999999999964,4.085620730620562e-15,17,23,300,True,21,16,16,0.01779975020326674,0.6,24,True,-5.000000000000038,1.346302554011345,60.5,54,20,True,1.5
8,0.1,0.25,0.1,0.11411892618047272,0.05,13,1e-06,42,256,27,17068,1.0,-4.999999999999893,-5.0,2.131628207280346e-14,27,7,60,True,6,34,27,0.01328200101852417,0.3,38,True,-5.000000000000062,21.60230070212856,254.0,236,20,True,1.4074074074074074
6,0.25,0.5,0.1,0.11479653521648928,0.01,1,1e-07,42,64,17,2178,1.0,-5.000000000000017,-4.9999999999999964,4.085620730620562e-15,17,23,300,True,21,19,16,0.018046775134280324,0.6,27,True,-5.0000000000000195,1.3413696219213307,62.0,56,20,True,1.6875
6,0.25,0.25,0.3,0.27753131564596295,0.01,1,1e-07,42,64,17,1200,1.0,-4.999999999999987,-5.000000000000003,3.1974423109204592e-15,17,20,300,True,18,19,16,0.014819954056292772,0.1,27,True,-5.000000000000032,1.7170972330495715,61.5,54,20,True,1.6875
6,0.25,0.25,0.3,0.27753131564596295,0.01,1,1e-06,42,64,17,1200,1.0,-4.999999999999987,-5.000000000000003,3.1974423109204592e-15,17,20,300,True,18,18,16,0.014607404125854373,0.3,26,True,-5.0000000000000355,1.7438296298496425,60.5,52,20,True,1.625
6,0.25,0.5,0.5,0.27753131564596295,0.01,1,1e-06,42,64,17,2178,1.0,-5.000000000000017,-5.000000000000002,3.0198066269804155e-15,17,17,300,True,15,16,16,0.012934899190440774,0.5,22,True,-5.000000000000021,1.3381187790073454,62.0,54,20,True,1.375
6,0.25,0.5,0.5,0.27753131564596295,0.01,1,1e-07,42,64,17,2178,1.0,-5.000000000000017,-5.000000000000002,3.0198066269804155e-15,17,17,300,True,15,16,16,0.012928697979077697,0.7,23,True,-5.000000000000043,1.3372944460716099,62.0,51,20,True,1.4375
6,0.25,0.5,0.3,0.27753131564596295,0.01,1,1e-07,42,64,17,2178,1.0,-5.000000000000017,-5.000000000000002,3.0198066269804155e-15,17,17,300,True,15,16,16,0.014084186172112823,1.0,24,True,-5.000000000000043,1.332729963120073,63.0,58,20,True,1.5
6,0.25,0.25,0.1,0.11479653521648928,0.01,1,0.0001,42,64,17,1200,1.0,-4.999999999999987,-3.061036155022303,0.3877927689955378,5,300,300,False,nan,nan,nan,0.168169055134058,0.9,28,True,-5.00000000000004,1.7521271819714457,61.0,57,20,False,0.0
6,0.25,0.5,0.3,0.27753131564596295,0.01,1,1e-05,42,64,17,2178,1.0,-5.000000000000017,-5.000000000000002,3.0198066269804155e-15,17,17,300,True,15,16,16,0.013182783033698797,0.9,21,True,-5.000000000000033,1.3392560321372002,62.5,43,20,True,1.3125
8,0.05,0.25,0.5,0.2973391221610923,0.1,26,1e-05,42,256,14,17050,1.0,-5.000000000000121,-5.0,2.4158453015842822e-14,14,3,30,True,2,36,14,0.005983476992696524,0.9,21,True,-5.000000000000023,13.755614760098979,239.5,190,20,True,1.5
6,0.25,0.5,0.3,0.27753131564596295,0.01,1,0.0001,42,64,17,2178,1.0,-5.000000000000017,-5.000000000000002,3.0198066269804155e-15,17,17,300,True,15,16,16,0.013053902890533209,0.7,23,True,-5.000000000000018,1.3694754489697516,62.0,58,20,True,1.4375
6,0.25,0.5,0.3,0.27753131564596295,0.01,1,1e-06,42,64,17,2178,1.0,-5.000000000000017,-5.000000000000002,3.0198066269804155e-15,17,17,300,True,15,16,16,0.013248019153252244,0.3,24,True,-5.000000000000021,1.3642639620229602,63.0,56,20,True,1.5
8,0.05,0.25,0.5,0.2973391221610923,0.1,26,0.0001,42,256,14,17050,1.0,-5.000000000000121,-5.0,2.4158453015842822e-14,14,3,30,True,2,36,14,0.0060409740544855595,0.9,18,True,-5.0000000000000115,13.747531611006707,243.0,216,20,True,1.2857142857142858
8,0.05,0.5,0.1,0.09491866551287778,0.1,26,0.0001,42,256,14,33286,1.0,-4.999999999999895,-5.000000000000001,2.1138646388863423e-14,14,3,30,True,2,32,14,0.007623211946338415,0.3,20,True,-5.000000000000025,14.872290279017761,243.5,211,20,True,1.4285714285714286
8,0.05,0.5,0.1,0.09491866551287778,0.1,26,1e-05,42,256,14,33286,1.0,-4.999999999999895,-5.000000000000001,2.1138646388863423e-14,14,3,30,True,2,32,14,0.007496024016290903,0.3,18,True,-5.000000000000026,14.843674237839878,243.0,224,20,True,1.2857142857142858
8,0.05,0.5,0.1,0.09491866551287778,0.05,13,1e-05,42,256,14,33286,1.0,-4.999999999999895,-5.0,2.0961010704923395e-14,14,3,60,True,2,18,14,0.006323658162727952,0.7,21,True,-5.000000000000019,14.839581419946626,246.5,198,20,True,1.5
8,0.05,0.5,0.1,0.09491866551287778,0.05,13,0.0001,42,256,14,33286,1.0,-4.999999999999895,-5.0,2.0961010704923395e-14,14,3,60,True,2,18,14,0.006049704039469361,0.2,18,True,-5.000000000000024,14.86836102209054,242.0,202,20,True,1.2857142857142858
8,0.05,0.5,0.1,0.09491866551287778,0.1,26,1e-07,42,256,14,33286,1.0,-4.999999999999895,-4.999999999999999,2.0783375020983365e-14,14,3,30,True,2,44,14,0.010170733090490103,0.8,19,True,-5.000000000000036,14.916560977930203,244.0,212,20,True,1.3571428571428572
8,0.1,0.1,0.8,0.2227822150580107,0.1,26,0.0001,42,256,27,7310,1.0,-4.999999999999297,-4.209683001574192,0.15806339968504307,4,30,30,False,nan,nan,nan,0.03633327386341989,1.0,43,True,-5.000000000000088,29.267040099017322,248.0,218,20,False,0.0
8,0.05,0.5,0.1,0.09491866551287778,0.1,26,1e-06,42,256,14,33286,1.0,-4.999999999999895,-4.9999999999999964,2.025046796916328e-14,14,3,30,True,2,35,14,0.010170688154175878,0.3,19,True,-5.000000000000025,15.068627739092335,244.0,176,20,True,1.3571428571428572
8,0.1,0.1,0.8,0.2227822150580107,0.1,26,1e-05,42,256,27,7310,1.0,-4.999999999999297,-4.238574704752283,0.15228505904942413,9,30,30,False,nan,nan,nan,0.04267202503979206,1.0,38,True,-5.000000000000041,28.974222667049617,243.5,198,20,False,0.0
8,0.05,0.1,0.3,0.2973391221610923,0.05,13,1e-05,42,256,14,7190,1.0,-4.999999999999993,-5.0,1.4210854715202024e-15,14,4,60,True,3,23,14,0.005442284047603607,0.3,25,True,-5.0000000000000435,15.41329939593561,249.5,140,20,True,1.7857142857142858
8,0.05,0.1,0.3,0.2973391221610923,0.05,13,0.0001,42,256,14,7190,1.0,-4.999999999999993,-5.0,1.4210854715202024e-15,14,4,60,True,3,22,14,0.005182140041142702,1.0,23,True,-5.00000000000004,15.388660936849192,241.0,191,20,True,1.6428571428571428
8,0.05,0.1,0.3,0.2973391221610923,0.05,13,1e-07,42,256,14,7190,1.0,-4.999999999999993,-4.999999999999999,1.243449787580177e-15,14,4,60,True,3,29,14,0.0061177341267466545,0.7,28,True,-5.000000000000021,15.300712521886453,244.5,180,20,True,2.0
8,0.05,0.1,0.3,0.2973391221610923,0.05,13,1e-06,42,256,14,7190,1.0,-4.999999999999993,-4.999999999999999,1.243449787580177e-15,14,4,60,True,3,27,14,0.00574210099875927,0.4,20,True,-5.0000000000000355,15.397938400041312,239.5,185,20,True,1.4285714285714286
8,0.05,0.1,0.5,0.2973391221610923,0.05,13,1e-07,42,256,14,7190,1.0,-4.999999999999993,-4.999999999999999,1.243449787580177e-15,14,4,60,True,3,29,14,0.006459330907091498,0.5,23,True,-5.000000000000036,15.494899723911658,250.5,216,20,True,1.6428571428571428
8,0.05,0.1,0.3,0.2973391221610923,0.1,26,1e-07,42,256,14,7190,1.0,-4.999999999999993,-5.0,1.4210854715202024e-15,14,3,30,True,2,61,14,0.006802186137065291,0.9,23,True,-5.00000000000002,15.359907493926585,245.5,220,20,True,1.6428571428571428
8,0.05,0.1,0.5,0.2973391221610923,0.05,13,1e-06,42,256,14,7190,1.0,-4.999999999999993,-4.999999999999999,1.243449787580177e-15,14,4,60,True,3,27,14,0.006007227813825011,0.6,19,True,-5.000000000000023,15.617305173072964,249.0,198,20,True,1.3571428571428572
8,0.05,0.1,0.3,0.2973391221610923,0.1,26,1e-05,42,256,14,7190,1.0,-4.999999999999993,-5.0,1.4210854715202024e-15,14,3,30,True,2,35,14,0.0052557101007550955,0.4,23,True,-5.000000000000028,15.726419767132029,246.0,205,20,True,1.6428571428571428
8,0.05,0.5,0.3,0.2973391221610923,0.1,26,1e-05,42,256,14,33286,1.0,-4.999999999999895,-4.999999999999996,2.007283228522325e-14,14,3,30,True,2,39,14,0.007650776067748666,0.4,22,True,-5.00000000000002,14.731203078990802,244.0,190,20,True,1.5714285714285714
8,0.1,0.5,0.1,0.11411892618047272,0.05,13,1e-07,42,256,27,33292,1.0,-4.999999999999962,-5.000000000000003,8.171241461241215e-15,27,5,60,True,4,38,26,0.013683784985914826,0.1,42,True,-5.000000000000056,18.28665001015179,247.5,207,20,True,1.6153846153846154
8,0.05,0.5,0.3,0.2973391221610923,0.1,26,0.0001,42,256,14,33286,1.0,-4.999999999999895,-4.999999999999996,2.007283228522325e-14,14,3,30,True,2,39,14,0.007685022195801139,0.4,20,True,-5.000000000000041,14.760527680860832,245.5,196,20,True,1.4285714285714286
8,0.05,0.1,0.3,0.2973391221610923,0.1,26,0.0001,42,256,14,7190,1.0,-4.999999999999993,-5.0,1.4210854715202024e-15,14,3,30,True,2,35,14,0.004947876092046499,0.4,22,True,-5.0000000000000275,15.672874824842438,239.5,206,20,True,1.5714285714285714
8,0.05,0.1,0.3,0.2973391221610923,0.1,26,1e-06,42,256,14,7190,1.0,-4.999999999999993,-5.0,1.4210854715202024e-15,14,3,30,True,2,40,14,0.00574533105827868,0.4,21,True,-5.000000000000042,15.47765453485772,242.5,181,20,True,1.5
8,0.05,0.5,0.8,0.2973391221610923,0.1,26,0.0001,42,256,14,33286,1.0,-4.999999999999895,-4.999999999999996,2.007283228522325e-14,14,3,30,True,2,39,14,0.007762885885313153,0.8,17,True,-5.000000000000039,14.78072160994634,239.5,190,20,True,1.2142857142857142
8,0.05,0.5,0.8,0.2973391221610923,0.1,26,1e-05,42,256,14,33286,1.0,-4.999999999999895,-4.999999999999996,2.007283228522325e-14,14,3,30,True,2,39,14,0.007934766821563244,0.3,21,True,-5.0000000000000275,14.865640035131946,249.5,186,20,True,1.5
8,0.1,0.5,0.1,0.11411892618047272,0.05,13,1e-06,42,256,27,33292,1.0,-4.999999999999962,-4.999999999999998,7.283063041541083e-15,27,5,60,True,4,35,27,0.011369667947292328,0.3,40,True,-5.0000000000000355,18.405907924985513,249.0,234,20,True,1.4814814814814814
8,0.05,0.5,0.8,0.2973391221610923,0.05,13,1e-05,42,256,14,33286,1.0,-4.999999999999895,-4.9999999999999964,2.025046796916328e-14,14,3,60,True,2,22,14,0.006199783878400922,1.0,17,True,-5.000000000000034,14.88196157105267,247.0,215,20,True,1.2142857142857142
8,0.05,0.5,0.8,0.2973391221610923,0.05,13,0.0001,42,256,14,33286,1.0,-4.999999999999895,-4.9999999999999964,2.025046796916328e-14,14,3,60,True,2,22,14,0.006453418871387839,0.5,22,True,-5.000000000000036,14.723769669886678,240.0,181,20,True,1.5714285714285714
8,0.1,0.1,0.3,0.2227822150580107,0.05,13,0.0001,42,256,27,7310,1.0,-4.999999999999297,-4.204658378603781,0.1590683242791254,3,60,60,False,nan,nan,nan,0.0553682039026171,0.5,42,True,-5.000000000000061,29.042045179987326,251.0,233,20,False,0.0
8,0.05,0.5,0.8,0.2973391221610923,0.1,26,1e-07,42,256,14,33286,1.0,-4.999999999999895,-4.999999999999996,2.007283228522325e-14,14,2,30,True,1,52,14,0.007286834996193647,0.6,25,True,-5.000000000000017,14.894463686970994,247.0,188,20,True,1.7857142857142858
8,0.1,0.25,0.8,0.2227822150580107,0.1,26,1e-05,42,256,27,17068,1.0,-4.999999999999893,-5.0,2.131628207280346e-14,27,5,30,True,4,49,27,0.010892664082348347,0.4,43,True,-5.00000000000005,21.398464699974284,250.0,237,20,True,1.5925925925925926
8,0.05,0.5,0.8,0.2973391221610923,0.1,26,1e-06,42,256,14,33286,1.0,-4.999999999999895,-4.999999999999996,2.007283228522325e-14,14,2,30,True,1,40,14,0.00645195203833282,0.2,21,True,-5.000000000000032,14.95046632294543,248.5,205,20,True,1.5
8,0.1,0.1,0.3,0.2227822150580107,0.05,13,1e-07,42,256,27,7310,1.0,-4.999999999999297,-5.000000000000003,1.4122036873233978e-13,27,8,60,True,7,42,27,0.016771746100857854,1.0,37,True,-5.000000000000047,29.083691785112023,251.0,237,20,True,1.3703703703703705
8,0.1,0.1,0.1,0.11411892618047272,0.1,26,1e-05,42,256,27,7310,1.0,-4.999999999999297,-4.11872413726039,0.17625517254780612,10,30,30,False,nan,nan,nan,0.04339899402111769,0.6,47,True,-5.000000000000022,29.280321459984407,250.0,181,20,False,0.0
8,0.1,0.25,0.8,0.2227822150580107,0.1,26,0.0001,42,256,27,17068,1.0,-4.999999999999893,-5.0,2.131628207280346e-14,27,5,30,True,4,49,27,0.011073702946305275,0.9,37,True,-5.000000000000033,21.634100788040087,252.5,232,20,True,1.3703703703703705
8,0.1,0.1,0.3,0.2227822150580107,0.05,13,1e-06,42,256,27,7310,1.0,-4.999999999999297,-5.000000000000001,1.4086509736445967e-13,27,11,60,True,10,39,27,0.018180750077590346,0.9,39,True,-5.000000000000037,29.261145049938932,253.0,243,20,True,1.4444444444444444
8,0.1,0.1,0.1,0.11411892618047272,0.1,26,0.0001,42,256,27,7310,1.0,-4.999999999999297,-4.110120777529939,0.1779758444938965,7,30,30,False,nan,nan,nan,0.04046983318403363,0.9,43,True,-5.000000000000028,30.072263109963387,248.0,233,20,False,0.0
8,0.1,0.1,0.3,0.2227822150580107,0.05,13,1e-05,42,256,27,7310,1.0,-4.999999999999297,-4.217638174423733,0.15647236511513468,7,60,60,False,nan,nan,nan,0.06454083696007729,0.6,34,True,-5.00000000000003,29.758117992896587,249.5,230,20,False,0.0
8,0.05,0.25,0.1,0.09491866551287778,0.05,13,1e-05,42,256,14,17050,1.0,-5.000000000000121,-5.000000000000002,2.3803181647962783e-14,14,4,60,True,3,24,14,0.006348383845761418,0.7,23,True,-5.000000000000032,13.683191979071125,249.0,219,20,True,1.6428571428571428
8,0.05,0.25,0.1,0.09491866551287778,0.05,13,0.0001,42,256,14,17050,1.0,-5.000000000000121,-5.000000000000002,2.3803181647962783e-14,14,4,60,True,3,24,14,0.006266674026846886,0.9,19,True,-5.0000000000000275,13.67971422499977,238.0,194,20,True,1.3571428571428572
8,0.05,0.25,0.1,0.09491866551287778,0.05,13,1e-06,42,256,14,17050,1.0,-5.000000000000121,-5.0,2.4158453015842822e-14,14,3,60,True,2,22,14,0.0055948051158338785,0.7,23,True,-5.000000000000028,13.758958514779806,247.5,216,20,True,1.6428571428571428
8,0.05,0.25,0.1,0.09491866551287778,0.05,13,1e-07,42,256,14,17050,1.0,-5.000000000000121,-5.0,2.4158453015842822e-14,14,3,60,True,2,37,14,0.0060391000006347895,0.8,17,True,-5.000000000000021,13.684678394114599,244.0,171,20,True,1.2142857142857142
8,0.05,0.25,0.1,0.09491866551287778,0.1,26,1e-07,42,256,14,17050,1.0,-5.000000000000121,-5.0,2.4158453015842822e-14,14,3,30,True,2,64,14,0.008713835151866078,0.5,17,True,-5.0000000000000115,13.638832536060363,245.5,200,20,True,1.2142857142857142
8,0.05,0.25,0.3,0.2973391221610923,0.05,13,1e-07,42,256,14,17050,1.0,-5.000000000000121,-5.0,2.4158453015842822e-14,14,3,60,True,2,29,14,0.0060463170520961285,1.0,22,True,-5.000000000000015,13.950402713147923,246.5,208,20,True,1.5714285714285714
8,0.05,0.25,0.3,0.2973391221610923,0.05,13,1e-06,42,256,14,17050,1.0,-5.000000000000121,-5.0,2.4158453015842822e-14,14,3,60,True,2,23,14,0.005638791946694255,0.9,18,True,-5.000000000000022,13.889713006094098,240.5,199,20,True,1.2857142857142858
8,0.05,0.25,0.1,0.09491866551287778,0.1,26,1e-05,42,256,14,17050,1.0,-5.000000000000121,-5.0,2.4158453015842822e-14,14,3,30,True,2,31,14,0.006552647100761533,0.8,18,True,-5.000000000000047,14.0868700069841,249.0,200,20,True,1.2857142857142858
8,0.05,0.25,0.1,0.09491866551287778,0.1,26,1e-06,42,256,14,17050,1.0,-5.000000000000121,-5.0,2.4158453015842822e-14,14,3,30,True,2,38,14,0.007911757100373507,0.7,23,True,-5.000000000000016,13.890168623067439,246.0,194,20,True,1.6428571428571428
8,0.05,0.25,0.1,0.09491866551287778,0.1,26,0.0001,42,256,14,17050,1.0,-5.000000000000121,-5.0,2.4158453015842822e-14,14,3,30,True,2,31,14,0.005947567988187075,0.8,20,True,-5.000000000000045,13.942077073967084,237.0,193,20,True,1.4285714285714286
8,0.1,0.25,0.8,0.2227822150580107,0.1,26,1e-06,42,256,27,17068,1.0,-4.999999999999893,-5.0,2.131628207280346e-14,27,4,30,True,3,47,27,0.010194180067628622,0.7,42,True,-5.000000000000047,21.702589330961928,249.5,221,20,True,1.5555555555555556
8,0.1,0.25,0.8,0.2227822150580107,0.1,26,1e-07,42,256,27,17068,1.0,-4.999999999999893,-4.999999999999998,2.0961010704923402e-14,27,4,30,True,3,49,27,0.0123353679664433,0.5,40,True,-5.000000000000053,21.590388932963833,248.5,224,20,True,1.4814814814814814
8,0.1,0.5,0.8,0.2227822150580107,0.1,26,1e-05,42,256,27,33292,1.0,-4.999999999999962,-4.9999999999999964,6.9277916736610295e-15,27,4,30,True,3,49,27,0.012299919035285711,0.7,31,True,-5.00000000000006,18.312276126118377,249.5,236,20,True,1.1481481481481481
8,0.05,0.25,0.8,0.2973391221610923,0.05,13,1e-05,42,256,14,17050,1.0,-5.000000000000121,-5.000000000000003,2.362554596402276e-14,14,3,60,True,2,21,14,0.005133308004587889,0.9,20,True,-5.000000000000029,13.718604486901313,246.0,192,20,True,1.4285714285714286
8,0.1,0.5,0.8,0.2227822150580107,0.1,26,0.0001,42,256,27,33292,1.0,-4.999999999999962,-4.9999999999999964,6.9277916736610295e-15,27,4,30,True,3,49,27,0.011782986111938953,0.7,36,True,-5.000000000000044,18.324516559951007,252.0,209,20,True,1.3333333333333333
8,0.05,0.25,0.8,0.2973391221610923,0.05,13,0.0001,42,256,14,17050,1.0,-5.000000000000121,-5.000000000000003,2.362554596402276e-14,14,3,60,True,2,21,14,0.005082973977550864,0.9,19,True,-5.000000000000034,13.767589477123693,240.5,178,20,True,1.3571428571428572
8,0.05,0.25,0.8,0.2973391221610923,0.05,13,1e-06,42,256,14,17050,1.0,-5.000000000000121,-5.0,2.4158453015842822e-14,14,3,60,True,2,23,14,0.005561655852943659,0.9,19,True,-5.000000000000019,13.729732147883624,242.5,199,20,True,1.3571428571428572
8,0.05,0.25,0.8,0.2973391221610923,0.05,13,1e-07,42,256,14,17050,1.0,-5.000000000000121,-5.0,2.4158453015842822e-14,14,3,60,True,2,29,14,0.005867432802915573,0.9,17,True,-5.000000000000016,13.698242365848273,236.5,191,20,True,1.2142857142857142
8,0.1,0.5,0.8,0.2227822150580107,0.1,26,1e-07,42,256,27,33292,1.0,-4.999999999999962,-4.9999999999999964,6.9277916736610295e-15,27,4,30,True,3,51,26,0.015484428033232689,0.6,40,True,-5.000000000000046,18.25546804210171,249.0,221,20,True,1.5384615384615385
8,0.05,0.25,0.8,0.2973391221610923,0.1,26,1e-07,42,256,14,17050,1.0,-5.000000000000121,-5.0,2.4158453015842822e-14,14,2,30,True,1,52,14,0.005574276903644204,0.6,18,True,-5.000000000000019,13.742430857149884,244.5,209,20,True,1.2857142857142858
8,0.05,0.5,0.1,0.09491866551287778,0.05,13,1e-07,42,256,14,33286,1.0,-4.999999999999895,-5.000000000000001,2.1138646388863423e-14,14,3,60,True,2,33,14,0.00770705402828753,0.4,22,True,-5.0000000000000275,15.02757058199495,248.5,212,20,True,1.5714285714285714
8,0.05,0.5,0.1,0.09491866551287778,0.05,13,1e-06,42,256,14,33286,1.0,-4.999999999999895,-5.000000000000001,2.1138646388863423e-14,14,3,60,True,2,19,14,0.006859158864244819,0.6,23,True,-5.000000000000042,14.903691004961729,247.5,194,20,True,1.6428571428571428
8,0.05,0.25,0.8,0.2973391221610923,0.1,26,1e-05,42,256,14,17050,1.0,-5.000000000000121,-5.0,2.4158453015842822e-14,14,3,30,True,2,36,14,0.006417693104594946,0.7,19,True,-5.000000000000021,14.060143010923639,238.0,206,20,True,1.3571428571428572
8,0.05,0.25,0.8,0.2973391221610923,0.1,26,1e-06,42,256,14,17050,1.0,-5.000000000000121,-5.0,2.4158453015842822e-14,14,2,30,True,1,50,14,0.005910621024668217,0.6,21,True,-5.00000000000002,14.019160520052537,244.5,173,20,True,1.5
8,0.05,0.25,0.8,0.2973391221610923,0.1,26,0.0001,42,256,14,17050,1.0,-5.000000000000121,-5.0,2.4158453015842822e-14,14,3,30,True,2,36,14,0.00628287810832262,0.2,25,True,-5.00000000000003,13.977657380979508,235.0,156,20,True,1.7857142857142858
8,0.1,0.5,0.8,0.2227822150580107,0.1,26,1e-06,42,256,27,33292,1.0,-4.999999999999962,-4.9999999999999964,6.9277916736610295e-15,27,4,30,True,3,49,27,0.011971686966717243,0.6,33,True,-5.00000000000004,18.2611747039482,252.0,233,20,True,1.2222222222222223
8,0.1,0.25,0.1,0.11411892618047272,0.1,26,1e-07,42,256,27,17068,1.0,-4.999999999999893,-4.999999999999998,2.0961010704923402e-14,27,4,30,True,3,48,27,0.012241694843396544,0.6,44,True,-5.000000000000056,21.611364170908928,249.0,200,20,True,1.6296296296296295
8,0.1,0.25,0.3,0.2227822150580107,0.05,13,1e-06,42,256,27,17068,1.0,-4.999999999999893,-4.9999999999999964,2.0605739337043343e-14,27,6,60,True,5,37,27,0.011526382062584162,0.1,41,True,-5.000000000000049,21.71348298084922,245.0,223,20,True,1.5185185185185186
8,0.1,0.25,0.1,0.11411892618047272,0.1,26,1e-05,42,256,27,17068,1.0,-4.999999999999893,-4.999999999999997,2.0783375020983374e-14,27,6,30,True,4,42,26,0.012962447013705969,0.9,39,True,-5.000000000000065,21.728026472963393,245.5,221,20,True,1.5
8,0.1,0.25,0.1,0.11411892618047272,0.1,26,0.0001,42,256,27,17068,1.0,-4.999999999999893,-4.999999999999997,2.0783375020983374e-14,27,6,30,True,4,42,26,0.012774075847119093,0.9,40,True,-5.00000000000004,21.59161954582669,248.5,218,20,True,1.5384615384615385
8,0.1,0.25,0.1,0.11411892618047272,0.1,26,1e-06,42,256,27,17068,1.0,-4.999999999999893,-4.999999999999998,2.0961010704923402e-14,27,4,30,True,3,45,27,0.009962836047634482,0.6,44,True,-5.000000000000036,21.62840468180366,250.0,230,20,True,1.6296296296296295
8,0.1,0.25,0.3,0.2227822150580107,0.05,13,1e-07,42,256,27,17068,1.0,-4.999999999999893,-4.999999999999997,2.0783375020983374e-14,27,5,60,True,4,33,27,0.011496047023683786,0.7,38,True,-5.000000000000069,21.87699550879188,253.5,229,20,True,1.4074074074074074
8,0.1,0.1,0.3,0.2227822150580107,0.1,26,1e-06,42,256,27,7310,1.0,-4.999999999999297,-5.000000000000001,1.4086509736445967e-13,27,6,30,True,5,51,27,0.012727586086839437,1.0,51,True,-5.000000000000076,29.189192038029432,253.0,221,20,True,1.8888888888888888
8,0.1,0.1,0.3,0.2227822150580107,0.1,26,1e-07,42,256,27,7310,1.0,-4.999999999999297,-5.000000000000003,1.4122036873233978e-13,27,5,30,True,4,54,27,0.01430582720786333,0.7,38,True,-5.000000000000051,29.500124198151752,247.0,222,20,True,1.4074074074074074
8,0.1,0.5,0.8,0.2227822150580107,0.05,13,0.0001,42,256,27,33292,1.0,-4.999999999999962,-4.9999999999999964,6.9277916736610295e-15,27,5,60,True,4,38,26,0.01200479082763195,0.4,41,True,-5.0000000000000435,18.40564083494246,247.5,218,20,True,1.5769230769230769
8,0.1,0.1,0.8,0.2227822150580107,0.1,26,1e-06,42,256,27,7310,1.0,-4.999999999999297,-5.000000000000001,1.4086509736445967e-13,27,6,30,True,5,51,27,0.012960023013874888,0.7,45,True,-5.000000000000011,29.033733051037416,251.0,214,20,True,1.6666666666666667
8,0.1,0.1,0.8,0.2227822150580107,0.05,13,0.0001,42,256,27,7310,1.0,-4.999999999999297,-4.204658378603781,0.1590683242791254,3,60,60,False,nan,nan,nan,0.055013230070471764,0.4,42,True,-5.000000000000049,29.85556918103248,249.5,229,20,False,0.0
8,0.1,0.1,0.8,0.2227822150580107,0.1,26,1e-07,42,256,27,7310,1.0,-4.999999999999297,-5.000000000000003,1.4122036873233978e-13,27,5,30,True,4,54,27,0.01462455908767879,0.6,41,True,-5.0000000000000355,29.623420467134565,248.5,222,20,True,1.5185185185185186
8,0.05,0.5,0.5,0.2973391221610923,0.05,13,1e-05,42,256,14,33286,1.0,-4.999999999999895,-4.9999999999999964,2.025046796916328e-14,14,3,60,True,2,22,14,0.006031099008396268,0.3,20,True,-5.000000000000034,14.683081801049411,241.0,185,20,True,1.4285714285714286
8,0.05,0.5,0.5,0.2973391221610923,0.05,13,0.0001,42,256,14,33286,1.0,-4.999999999999895,-4.9999999999999964,2.025046796916328e-14,14,3,60,True,2,22,14,0.0060287839733064175,0.5,23,True,-5.000000000000039,14.739005466923118,242.5,222,20,True,1.6428571428571428
8,0.1,0.1,0.8,0.2227822150580107,0.05,13,1e-06,42,256,27,7310,1.0,-4.999999999999297,-5.000000000000001,1.4086509736445967e-13,27,11,60,True,10,39,27,0.01850697584450245,0.7,40,True,-5.0000000000000915,29.290022179018706,245.5,228,20,True,1.4814814814814814
8,0.1,0.1,0.8,0.2227822150580107,0.05,13,1e-07,42,256,27,7310,1.0,-4.999999999999297,-5.000000000000003,1.4122036873233978e-13,27,8,60,True,7,42,27,0.016812530113384128,0.7,44,True,-5.0000000000000515,29.09137511602603,248.0,220,20,True,1.6296296296296295
8,0.05,0.5,0.5,0.2973391221610923,0.05,13,1e-06,42,256,14,33286,1.0,-4.999999999999895,-4.999999999999996,2.007283228522325e-14,14,3,60,True,2,26,14,0.0069174207746982574,0.4,21,True,-5.000000000000032,14.925239969044924,246.5,192,20,True,1.5
8,0.05,0.5,0.5,0.2973391221610923,0.05,13,1e-07,42,256,14,33286,1.0,-4.999999999999895,-4.999999999999996,2.007283228522325e-14,14,3,60,True,2,26,14,0.006966247921809554,0.4,22,True,-5.000000000000036,14.613124049035832,231.0,197,20,True,1.5714285714285714
8,0.1,0.1,0.8,0.2227822150580107,0.05,13,1e-05,42,256,27,7310,1.0,-4.999999999999297,-4.217638174423733,0.15647236511513468,7,60,60,False,nan,nan,nan,0.06500251404941082,0.9,41,True,-5.000000000000042,29.482868609018624,251.5,229,20,False,0.0
8,0.1,0.5,0.8,0.2227822150580107,0.05,13,1e-05,42,256,27,33292,1.0,-4.999999999999962,-4.9999999999999964,6.9277916736610295e-15,27,5,60,True,4,38,26,0.011978578055277467,0.9,41,True,-5.00000000000005,18.329357507172972,248.0,226,20,True,1.5769230769230769
8,0.05,0.5,0.5,0.2973391221610923,0.1,26,1e-07,42,256,14,33286,1.0,-4.999999999999895,-4.999999999999996,2.007283228522325e-14,14,2,30,True,1,52,14,0.007302113110199571,0.1,25,True,-5.000000000000019,14.82031502109021,242.5,196,20,True,1.7857142857142858
8,0.05,0.5,0.8,0.2973391221610923,0.05,13,1e-07,42,256,14,33286,1.0,-4.999999999999895,-4.999999999999996,2.007283228522325e-14,14,3,60,True,2,26,14,0.007219847058877349,1.0,17,True,-5.0000000000000355,15.084949912969023,245.5,217,20,True,1.2142857142857142
8,0.05,0.5,0.8,0.2973391221610923,0.05,13,1e-06,42,256,14,33286,1.0,-4.999999999999895,-4.999999999999996,2.007283228522325e-14,14,3,60,True,2,26,14,0.0070387450978159904,1.0,23,True,-5.000000000000039,15.14491959894076,244.0,198,20,True,1.6428571428571428
8,0.05,0.5,0.5,0.2973391221610923,0.1,26,1e-05,42,256,14,33286,1.0,-4.999999999999895,-4.999999999999996,2.007283228522325e-14,14,3,30,True,2,39,14,0.008577971952036023,0.8,24,True,-5.00000000000002,15.096893216948956,231.0,194,20,True,1.7142857142857142
8,0.05,0.5,0.5,0.2973391221610923,0.1,26,0.0001,42,256,14,33286,1.0,-4.999999999999895,-4.999999999999996,2.007283228522325e-14,14,3,30,True,2,39,14,0.00816644192673266,0.5,23,True,-5.000000000000043,14.929150071926415,239.5,216,20,True,1.6428571428571428
8,0.05,0.5,0.5,0.2973391221610923,0.1,26,1e-06,42,256,14,33286,1.0,-4.999999999999895,-4.999999999999996,2.007283228522325e-14,14,2,30,True,1,40,14,0.006582814967259765,1.0,22,True,-5.000000000000038,14.963325817137957,243.5,203,20,True,1.5714285714285714
8,0.1,0.5,0.1,0.11411892618047272,0.1,26,0.0001,42,256,27,33292,1.0,-4.999999999999962,-5.000000000000007,9.059419880941346e-15,27,4,30,True,3,48,27,0.01121226791292429,0.7,40,True,-5.00000000000004,18.17448591114953,247.5,228,20,True,1.4814814814814814
8,0.1,0.5,0.1,0.11411892618047272,0.05,13,1e-05,42,256,27,33292,1.0,-4.999999999999962,-4.999999999999998,7.283063041541083e-15,27,5,60,True,4,35,27,0.011141941882669926,0.3,38,True,-5.00000000000005,18.312112134881318,248.0,218,20,True,1.4074074074074074
8,0.1,0.5,0.1,0.11411892618047272,0.1,26,1e-07,42,256,27,33292,1.0,-4.999999999999962,-5.000000000000003,8.171241461241215e-15,27,4,30,True,3,48,27,0.015207703923806548,1.0,33,True,-5.000000000000041,18.185885180020705,252.0,222,20,True,1.2222222222222223
8,0.1,0.5,0.1,0.11411892618047272,0.1,26,1e-06,42,256,27,33292,1.0,-4.999999999999962,-5.000000000000007,9.059419880941346e-15,27,4,30,True,3,48,27,0.01204596902243793,0.6,40,True,-5.000000000000061,18.151862133061513,251.5,224,20,True,1.4814814814814814
8,0.1,0.5,0.1,0.11411892618047272,0.05,13,0.0001,42,256,27,33292,1.0,-4.999999999999962,-4.999999999999998,7.283063041541083e-15,27,5,60,True,4,35,27,0.011028158944100142,0.8,43,True,-5.000000000000046,18.310128256911412,252.0,215,20,True,1.5925925925925926
8,0.1,0.5,0.1,0.11411892618047272,0.1,26,1e-05,42,256,27,33292,1.0,-4.999999999999962,-5.000000000000007,9.059419880941346e-15,27,4,30,True,3,48,27,0.011891240021213889,0.5,48,True,-5.000000000000056,18.59786535310559,250.0,231,20,True,1.7777777777777777
8,0.1,0.25,0.3,0.2227822150580107,0.05,13,0.0001,42,256,27,17068,1.0,-4.999999999999893,-4.267372423077592,0.14652551538446348,4,60,60,False,nan,nan,nan,0.06425199517980218,0.9,38,True,-5.000000000000078,21.44117311295122,250.0,229,20,False,0.0
8,0.1,0.25,0.8,0.2227822150580107,0.05,13,0.0001,42,256,27,17068,1.0,-4.999999999999893,-4.267372423077592,0.14652551538446348,4,60,60,False,nan,nan,nan,0.06445549405179918,0.4,38,True,-5.000000000000057,21.73969297995791,248.5,218,20,False,0.0
8,0.1,0.25,0.3,0.2227822150580107,0.05,13,1e-05,42,256,27,17068,1.0,-4.999999999999893,-4.267372423077592,0.14652551538446348,4,60,60,False,nan,nan,nan,0.06416453095152974,0.4,36,True,-5.000000000000046,21.63349193497561,247.5,218,20,False,0.0
8,0.1,0.25,0.8,0.2227822150580107,0.05,13,1e-06,42,256,27,17068,1.0,-4.999999999999893,-4.9999999999999964,2.0605739337043343e-14,27,6,60,True,5,37,27,0.011849607108160853,1.0,41,True,-5.000000000000126,21.72548625501804,253.0,232,20,True,1.5185185185185186
8,0.1,0.25,0.8,0.2227822150580107,0.05,13,1e-05,42,256,27,17068,1.0,-4.999999999999893,-4.267372423077592,0.14652551538446348,4,60,60,False,nan,nan,nan,0.06456860899925232,0.4,39,True,-5.000000000000057,21.595230982173234,249.5,230,20,False,0.0
8,0.1,0.25,0.5,0.2227822150580107,0.1,26,1e-05,42,256,27,17068,1.0,-4.999999999999893,-5.0,2.131628207280346e-14,27,5,30,True,4,49,27,0.01136672799475491,1.0,39,True,-5.000000000000046,21.735228699166328,247.0,235,20,True,1.4444444444444444
8,0.1,0.25,0.5,0.2227822150580107,0.1,26,0.0001,42,256,27,17068,1.0,-4.999999999999893,-5.0,2.131628207280346e-14,27,5,30,True,4,49,27,0.011195270111784339,0.7,30,True,-5.000000000000052,21.536550648976117,249.0,218,20,True,1.1111111111111112
8,0.1,0.25,0.8,0.2227822150580107,0.05,13,1e-07,42,256,27,17068,1.0,-4.999999999999893,-4.999999999999997,2.0783375020983374e-14,27,5,60,True,4,33,27,0.011477275053039193,0.9,40,True,-5.000000000000044,21.547925502061844,251.0,235,20,True,1.4814814814814814
8,0.25,0.1,0.8,0.07697496659005681,0.1,26,1e-07,42,256,65,7398,1.0,-5.0000000000001865,-5.0000000000000036,3.659295089164379e-14,65,14,30,True,12,87,62,0.06651353603228927,0.8,85,True,-5.00000000000003,35.330607407027856,254.0,243,20,True,1.3709677419354838
8,0.1,0.1,0.3,0.2227822150580107,0.1,26,0.0001,42,256,27,7310,1.0,-4.999999999999297,-4.209683001574192,0.15806339968504307,4,30,30,False,nan,nan,nan,0.03709375998005271,0.4,45,True,-5.000000000000045,29.20013007102534,249.0,227,20,False,0.0
8,0.1,0.1,0.5,0.2227822150580107,0.05,13,1e-07,42,256,27,7310,1.0,-4.999999999999297,-5.000000000000003,1.4122036873233978e-13,27,8,60,True,7,42,27,0.016397790983319283,1.0,37,True,-5.000000000000038,28.895258884178475,252.0,230,20,True,1.3703703703703705
8,0.1,0.1,0.5,0.2227822150580107,0.05,13,1e-06,42,256,27,7310,1.0,-4.999999999999297,-5.000000000000001,1.4086509736445967e-13,27,11,60,True,10,39,27,0.018671985948458314,0.9,41,True,-5.000000000000042,29.14223659504205,247.5,231,20,True,1.5185185185185186
8,0.25,0.1,0.8,0.07697496659005681,0.05,13,1e-05,42,256,65,7398,1.0,-5.0000000000001865,-2.9217389566102816,0.4156522086779655,5,60,60,False,nan,nan,nan,0.05932855512946844,0.2,89,True,-5.000000000000102,35.41676707798615,253.5,246,20,False,0.0
8,0.25,0.1,0.8,0.07697496659005681,0.1,26,1e-06,42,256,65,7398,1.0,-5.0000000000001865,-3.6234570838180202,0.275308583236423,32,30,30,False,nan,nan,nan,0.06812196597456932,0.2,91,True,-5.000000000000125,35.981919494923204,254.0,239,20,False,0.0
8,0.1,0.1,0.3,0.2227822150580107,0.1,26,1e-05,42,256,27,7310,1.0,-4.999999999999297,-4.238574704752283,0.15228505904942413,9,30,30,False,nan,nan,nan,0.041996961925178766,0.5,40,True,-5.000000000000035,29.404418949969113,251.5,242,20,False,0.0
8,0.1,0.1,0.5,0.2227822150580107,0.1,26,1e-05,42,256,27,7310,1.0,-4.999999999999297,-4.238574704752283,0.15228505904942413,9,30,30,False,nan,nan,nan,0.04242045315913856,0.7,44,True,-5.000000000000041,29.733422481222078,250.0,228,20,False,0.0
8,0.25,0.1,0.8,0.07697496659005681,0.05,13,0.0001,42,256,65,7398,1.0,-5.0000000000001865,-2.913282045884306,0.4173435908231606,3,60,60,False,nan,nan,nan,0.057441293029114604,0.2,93,True,-5.000000000000051,35.44058482791297,254.0,246,20,False,0.0
8,0.1,0.1,0.5,0.2227822150580107,0.05,13,0.0001,42,256,27,7310,1.0,-4.999999999999297,-4.204658378603781,0.1590683242791254,3,60,60,False,nan,nan,nan,0.05825986713171005,0.7,45,True,-5.000000000000045,29.903273117961362,255.0,225,20,False,0.0
8,0.1,0.1,0.5,0.2227822150580107,0.05,13,1e-05,42,256,27,7310,1.0,-4.999999999999297,-4.217638174423733,0.15647236511513468,7,60,60,False,nan,nan,nan,0.0634792500641197,1.0,43,True,-5.000000000000022,29.073175724828616,251.0,229,20,False,0.0
8,0.1,0.1,0.5,0.2227822150580107,0.1,26,1e-06,42,256,27,7310,1.0,-4.999999999999297,-5.000000000000001,1.4086509736445967e-13,27,6,30,True,5,51,27,0.012902211863547564,0.4,38,True,-5.0000000000000915,29.746926792897284,248.0,215,20,True,1.4074074074074074
8,0.1,0.1,0.5,0.2227822150580107,0.1,26,0.0001,42,256,27,7310,1.0,-4.999999999999297,-4.209683001574192,0.15806339968504307,4,30,30,False,nan,nan,nan,0.03695826302282512,0.8,44,True,-5.000000000000008,29.9652290889062,252.0,232,20,False,0.0
8,0.1,0.1,0.5,0.2227822150580107,0.1,26,1e-07,42,256,27,7310,1.0,-4.999999999999297,-5.000000000000003,1.4122036873233978e-13,27,5,30,True,4,54,27,0.014277650974690914,0.3,39,True,-5.000000000000014,29.95556748379022,249.5,213,20,True,1.4444444444444444
8,0.25,0.25,0.5,0.07697496659005681,0.1,26,1e-05,42,256,65,17130,1.0,-4.999999999999705,-3.7037008119914576,0.25925983760166477,4,30,30,False,nan,nan,nan,0.043132678139954805,0.3,89,True,-5.00000000000007,25.37816529511474,253.0,243,20,False,0.0
8,0.1,0.5,0.3,0.2227822150580107,0.05,13,1e-06,42,256,27,33292,1.0,-4.999999999999962,-4.9999999999999964,6.9277916736610295e-15,27,5,60,True,4,38,26,0.011784187983721495,0.2,39,True,-5.000000000000054,18.291728676995263,250.0,218,20,True,1.5
8,0.1,0.5,0.8,0.2227822150580107,0.05,13,1e-06,42,256,27,33292,1.0,-4.999999999999962,-4.9999999999999964,6.9277916736610295e-15,27,5,60,True,4,38,26,0.012105030007660389,0.8,42,True,-5.0000000000000435,18.243939793203026,249.0,226,20,True,1.6153846153846154
8,0.1,0.5,0.3,0.2227822150580107,0.05,13,1e-07,42,256,27,33292,1.0,-4.999999999999962,-4.9999999999999964,6.9277916736610295e-15,27,4,60,True,3,32,27,0.011035177856683731,0.5,42,True,-5.000000000000054,18.29754932806827,248.5,225,20,True,1.5555555555555556
8,0.1,0.5,0.5,0.2227822150580107,0.1,26,0.0001,42,256,27,33292,1.0,-4.999999999999962,-4.9999999999999964,6.9277916736610295e-15,27,4,30,True,3,49,27,0.012351716868579388,0.2,38,True,-5.000000000000048,18.400893810903654,248.5,226,20,True,1.4074074074074074
8,0.25,0.1,0.8,0.07697496659005681,0.05,13,1e-06,42,256,65,7398,1.0,-5.0000000000001865,-3.3805676040607953,0.32388647918786617,28,60,60,False,nan,nan,nan,0.0995131831150502,0.8,84,True,-5.000000000000175,35.70646754000336,253.5,246,20,False,0.0
8,0.1,0.5,0.5,0.2227822150580107,0.1,26,1e-07,42,256,27,33292,1.0,-4.999999999999962,-4.9999999999999964,6.9277916736610295e-15,27,4,30,True,3,51,26,0.015862094005569816,0.7,37,True,-5.000000000000061,18.12281249393709,249.5,227,20,True,1.4230769230769231
8,0.1,0.5,0.8,0.2227822150580107,0.05,13,1e-07,42,256,27,33292,1.0,-4.999999999999962,-4.9999999999999964,6.9277916736610295e-15,27,4,60,True,3,32,27,0.011305151041597128,0.9,33,True,-5.000000000000048,18.2639737050049,246.0,220,20,True,1.2222222222222223
8,0.1,0.5,0.5,0.2227822150580107,0.1,26,1e-06,42,256,27,33292,1.0,-4.999999999999962,-4.9999999999999964,6.9277916736610295e-15,27,4,30,True,3,49,27,0.011957817943766713,0.8,43,True,-5.000000000000039,18.207332980819046,245.5,232,20,True,1.5925925925925926
8,0.1,0.5,0.5,0.2227822150580107,0.1,26,1e-05,42,256,27,33292,1.0,-4.999999999999962,-4.9999999999999964,6.9277916736610295e-15,27,4,30,True,3,49,27,0.011802691966295242,0.9,41,True,-5.000000000000049,18.261275981087238,252.5,236,20,True,1.5185185185185186
8,0.1,0.25,0.3,0.2227822150580107,0.1,26,1e-06,42,256,27,17068,1.0,-4.999999999999893,-5.0,2.131628207280346e-14,27,4,30,True,3,47,27,0.009896663948893547,0.3,39,True,-5.000000000000069,21.434191592969,249.0,228,20,True,1.4444444444444444
8,0.25,0.1,0.1,0.07697496659005681,0.1,26,1e-06,42,256,65,7398,1.0,-5.0000000000001865,-3.6234570838180202,0.275308583236423,32,30,30,False,nan,nan,nan,0.0696164770051837,0.5,94,True,-5.000000000000097,35.23685680003837,253.0,247,20,False,0.0
8,0.1,0.25,0.3,0.2227822150580107,0.1,26,1e-07,42,256,27,17068,1.0,-4.999999999999893,-4.999999999999998,2.0961010704923402e-14,27,4,30,True,3,49,27,0.012482916004955769,0.3,42,True,-5.00000000000004,21.52710540802218,249.0,220,20,True,1.5555555555555556
8,0.1,0.25,0.3,0.2227822150580107,0.1,26,1e-05,42,256,27,17068,1.0,-4.999999999999893,-5.0,2.131628207280346e-14,27,5,30,True,4,49,27,0.011113642016425729,0.3,37,True,-5.000000000000056,21.593749570893124,246.5,238,20,True,1.3703703703703705
8,0.1,0.25,0.3,0.2227822150580107,0.1,26,0.0001,42,256,27,17068,1.0,-4.999999999999893,-5.0,2.131628207280346e-14,27,5,30,True,4,49,27,0.010659738909453154,0.9,43,True,-5.000000000000052,21.81421043095179,250.5,223,20,True,1.5925925925925926
8,0.1,0.25,0.5,0.2227822150580107,0.1,26,1e-07,42,256,27,17068,1.0,-4.999999999999893,-4.999999999999998,2.0961010704923402e-14,27,4,30,True,3,49,27,0.01278420607559383,1.0,37,True,-5.000000000000038,21.880423097871244,249.0,221,20,True,1.3703703703703705
8,0.25,0.1,0.1,0.07697496659005681,0.05,13,1e-05,42,256,65,7398,1.0,-5.0000000000001865,-2.9217389566102816,0.4156522086779655,5,60,60,False,nan,nan,nan,0.058950097067281604,0.3,93,True,-5.000000000000105,35.559496781090274,253.5,246,20,False,0.0
8,0.1,0.25,0.5,0.2227822150580107,0.05,13,1e-07,42,256,27,17068,1.0,-4.999999999999893,-4.999999999999997,2.0783375020983374e-14,27,5,60,True,4,33,27,0.01177513087168336,0.2,41,True,-5.000000000000051,21.520081684924662,251.0,200,20,True,1.5185185185185186
8,0.25,0.1,0.1,0.07697496659005681,0.05,13,1e-07,42,256,65,7398,1.0,-5.0000000000001865,-4.999999999999999,3.7481129311343886e-14,65,27,60,True,25,75,63,0.10098374006338418,0.3,91,True,-5.00000000000011,36.06748896394856,254.0,247,20,True,1.4444444444444444
8,0.25,0.1,0.1,0.07697496659005681,0.05,13,1e-06,42,256,65,7398,1.0,-5.0000000000001865,-3.3805676040607953,0.32388647918786617,28,60,60,False,nan,nan,nan,0.0994738049339503,0.3,97,True,-5.00000000000017,35.024495834019035,254.0,243,20,False,0.0
8,0.1,0.25,0.5,0.2227822150580107,0.05,13,1e-06,42,256,27,17068,1.0,-4.999999999999893,-4.9999999999999964,2.0605739337043343e-14,27,6,60,True,5,37,27,0.011692404048517346,0.4,38,True,-5.000000000000043,21.847319392953068,246.0,221,20,True,1.4074074074074074
8,0.1,0.25,0.5,0.2227822150580107,0.1,26,1e-06,42,256,27,17068,1.0,-4.999999999999893,-5.0,2.131628207280346e-14,27,4,30,True,3,47,27,0.009960264898836613,0.7,37,True,-5.000000000000059,21.838094734819606,251.5,225,20,True,1.3703703703703705
8,0.1,0.25,0.5,0.2227822150580107,0.05,13,0.0001,42,256,27,17068,1.0,-4.999999999999893,-4.267372423077592,0.14652551538446348,4,60,60,False,nan,nan,nan,0.0641757280100137,1.0,39,True,-5.000000000000048,21.776172147132456,247.5,211,20,False,0.0
8,0.25,0.1,0.1,0.07697496659005681,0.05,13,0.0001,42,256,65,7398,1.0,-5.0000000000001865,-2.913282045884306,0.4173435908231606,3,60,60,False,nan,nan,nan,0.056753013050183654,0.9,96,True,-5.000000000000116,35.781713814940304,253.5,248,20,False,0.0
8,0.1,0.25,0.5,0.2227822150580107,0.05,13,1e-05,42,256,27,17068,1.0,-4.999999999999893,-4.267372423077592,0.14652551538446348,4,60,60,False,nan,nan,nan,0.06687740492634475,0.2,37,True,-5.000000000000047,22.1019633281976,246.5,232,20,False,0.0
8,0.25,0.25,0.8,0.07697496659005681,0.05,13,1e-05,42,256,65,17130,1.0,-4.999999999999705,-3.2214717620758817,0.3557056475847857,2,60,60,False,nan,nan,nan,0.06079621589742601,0.3,75,True,-5.00000000000008,25.555904485983774,253.0,246,20,False,0.0
8,0.25,0.1,0.1,0.07697496659005681,0.1,26,1e-07,42,256,65,7398,1.0,-5.0000000000001865,-5.0000000000000036,3.659295089164379e-14,65,14,30,True,12,87,62,0.08068720903247595,0.9,87,True,-5.00000000000008,36.22363516082987,254.0,245,20,True,1.403225806451613
8,0.25,0.5,0.5,0.07697496659005681,0.1,26,1e-07,42,256,65,33318,1.0,-4.999999999999581,-5.000000000000018,8.739675649849965e-14,65,7,30,True,5,82,62,0.03797188610769808,0.2,93,True,-5.000000000000048,21.842341888928786,252.0,249,20,True,1.5
8,0.25,0.25,0.8,0.07697496659005681,0.05,13,1e-06,42,256,65,17130,1.0,-4.999999999999705,-3.7105490411448216,0.25789019177099193,17,60,60,False,nan,nan,nan,0.10061536799184978,0.2,87,True,-5.000000000000069,25.23828806099482,254.0,242,20,False,0.0
8,0.25,0.25,0.8,0.07697496659005681,0.05,13,0.0001,42,256,65,17130,1.0,-4.999999999999705,-3.2214717620758817,0.3557056475847857,2,60,60,False,nan,nan,nan,0.060906278900802135,0.4,93,True,-5.000000000000099,26.02167600300163,253.5,248,20,False,0.0
8,0.25,0.25,0.8,0.07697496659005681,0.05,13,1e-07,42,256,65,17130,1.0,-4.999999999999705,-4.999999999999997,5.844214001627168e-14,65,17,60,True,15,72,61,0.06098633003421128,0.8,87,True,-5.0000000000000355,25.932483104988933,253.0,248,20,True,1.4262295081967213
8,0.1,0.5,0.3,0.2227822150580107,0.05,13,0.0001,42,256,27,33292,1.0,-4.999999999999962,-4.9999999999999964,6.9277916736610295e-15,27,5,60,True,4,38,26,0.011717172106727958,0.9,39,True,-5.000000000000051,18.026461792876944,250.0,227,20,True,1.5
8,0.1,0.5,0.3,0.2227822150580107,0.1,26,1e-07,42,256,27,33292,1.0,-4.999999999999962,-4.9999999999999964,6.9277916736610295e-15,27,4,30,True,3,51,26,0.015027225017547607,0.7,38,True,-5.000000000000037,18.37311283289455,251.0,202,20,True,1.4615384615384615
8,0.1,0.5,0.3,0.2227822150580107,0.05,13,1e-05,42,256,27,33292,1.0,-4.999999999999962,-4.9999999999999964,6.9277916736610295e-15,27,5,60,True,4,38,26,0.012003242038190365,0.3,39,True,-5.00000000000006,18.10550797311589,251.0,239,20,True,1.5
8,0.1,0.5,0.3,0.2227822150580107,0.1,26,1e-06,42,256,27,33292,1.0,-4.999999999999962,-4.9999999999999964,6.9277916736610295e-15,27,4,30,True,3,49,27,0.011752263875678182,0.7,35,True,-5.0000000000000675,18.345242378069088,245.0,214,20,True,1.2962962962962963
8,0.25,0.25,0.5,0.07697496659005681,0.1,26,0.0001,42,256,65,17130,1.0,-4.999999999999705,-3.7037008119914576,0.25925983760166477,4,30,30,False,nan,nan,nan,0.04334830306470394,0.4,81,True,-5.0000000000000835,25.739928263938054,254.5,243,20,False,0.0
8,0.1,0.5,0.5,0.2227822150580107,0.05,13,1e-05,42,256,27,33292,1.0,-4.999999999999962,-4.9999999999999964,6.9277916736610295e-15,27,5,60,True,4,38,26,0.012739377096295357,0.5,40,True,-5.000000000000059,18.438525089994073,247.5,232,20,True,1.5384615384615385
8,0.1,0.5,0.3,0.2227822150580107,0.1,26,1e-05,42,256,27,33292,1.0,-4.999999999999962,-4.9999999999999964,6.9277916736610295e-15,27,4,30,True,3,49,27,0.011935306945815682,0.6,40,True,-5.0000000000000675,18.262272929074243,252.0,230,20,True,1.4814814814814814
8,0.1,0.5,0.3,0.2227822150580107,0.1,26,0.0001,42,256,27,33292,1.0,-4.999999999999962,-4.9999999999999964,6.9277916736610295e-15,27,4,30,True,3,49,27,0.012231350876390934,0.9,43,True,-5.000000000000049,18.54334506089799,248.5,212,20,True,1.5925925925925926
8,0.1,0.5,0.5,0.2227822150580107,0.05,13,1e-06,42,256,27,33292,1.0,-4.999999999999962,-4.9999999999999964,6.9277916736610295e-15,27,5,60,True,4,38,26,0.012282250914722681,0.2,39,True,-5.000000000000055,18.429575135931373,252.0,232,20,True,1.5
8,0.1,0.5,0.5,0.2227822150580107,0.05,13,0.0001,42,256,27,33292,1.0,-4.999999999999962,-4.9999999999999964,6.9277916736610295e-15,27,5,60,True,4,38,26,0.012153497198596597,0.8,33,True,-5.000000000000052,18.399792034877464,248.5,222,20,True,1.2692307692307692
8,0.1,0.5,0.5,0.2227822150580107,0.05,13,1e-07,42,256,27,33292,1.0,-4.999999999999962,-4.9999999999999964,6.9277916736610295e-15,27,4,60,True,3,32,27,0.011615649098530412,0.9,41,True,-5.0000000000000595,18.660537670832127,246.5,217,20,True,1.5185185185185186
8,0.25,0.1,0.5,0.07697496659005681,0.1,26,1e-06,42,256,65,7398,1.0,-5.0000000000001865,-3.6234570838180202,0.275308583236423,32,30,30,False,nan,nan,nan,0.07068113796412945,0.9,87,True,-5.000000000000056,34.580342889996246,253.5,244,20,False,0.0
8,0.25,0.1,0.1,0.07697496659005681,0.1,26,0.0001,42,256,65,7398,1.0,-5.0000000000001865,-3.376988814641903,0.32460223707164454,7,30,30,False,nan,nan,nan,0.04016659292392433,1.0,94,True,-5.00000000000013,35.370520702097565,255.0,245,20,False,0.0
8,0.25,0.1,0.1,0.07697496659005681,0.1,26,1e-05,42,256,65,7398,1.0,-5.0000000000001865,-3.376988814641903,0.32460223707164454,7,30,30,False,nan,nan,nan,0.04170659207738936,1.0,84,True,-5.000000000000088,34.532668638043106,252.0,245,20,False,0.0
8,0.25,0.1,0.5,0.07697496659005681,0.1,26,0.0001,42,256,65,7398,1.0,-5.0000000000001865,-3.376988814641903,0.32460223707164454,7,30,30,False,nan,nan,nan,0.040785476099699736,0.2,96,True,-5.000000000000101,35.718001258093864,252.5,247,20,False,0.0
8,0.25,0.1,0.5,0.07697496659005681,0.05,13,1e-05,42,256,65,7398,1.0,-5.0000000000001865,-2.9217389566102816,0.4156522086779655,5,60,60,False,nan,nan,nan,0.05944188893772662,1.0,91,True,-5.000000000000098,34.82466778811067,255.0,244,20,False,0.0
8,0.25,0.1,0.5,0.07697496659005681,0.1,26,1e-05,42,256,65,7398,1.0,-5.0000000000001865,-3.376988814641903,0.32460223707164454,7,30,30,False,nan,nan,nan,0.042510316940024495,0.3,90,True,-5.000000000000095,34.530624561943114,254.0,242,20,False,0.0
8,0.25,0.25,0.1,0.07697496659005681,0.05,13,0.0001,42,256,65,17130,1.0,-4.999999999999705,-3.2214717620758817,0.3557056475847857,2,60,60,False,nan,nan,nan,0.060090576065704226,0.7,88,True,-5.000000000000097,25.945241978159174,253.0,234,20,False,0.0
8,0.25,0.5,0.8,0.07697496659005681,0.05,13,1e-07,42,256,65,33318,1.0,-4.999999999999581,-5.000000000000009,8.562039965909925e-14,65,10,60,True,8,63,61,0.041811534902080894,0.3,90,True,-5.000000000000059,21.94670399883762,254.5,238,20,True,1.4754098360655739
8,0.25,0.1,0.5,0.07697496659005681,0.05,13,0.0001,42,256,65,7398,1.0,-5.0000000000001865,-2.913282045884306,0.4173435908231606,3,60,60,False,nan,nan,nan,0.05611158488318324,0.7,96,True,-5.000000000000098,35.910664977971464,253.5,239,20,False,0.0
8,0.25,0.1,0.5,0.07697496659005681,0.1,26,1e-07,42,256,65,7398,1.0,-5.0000000000001865,-5.0000000000000036,3.659295089164379e-14,65,14,30,True,12,87,62,0.0654606819152832,0.2,80,True,-5.0000000000001155,35.032463100971654,253.5,246,20,True,1.2903225806451613
8,0.25,0.5,0.5,0.07697496659005681,0.1,26,0.0001,42,256,65,33318,1.0,-4.999999999999581,-3.596065663815194,0.2807868672369009,2,30,30,False,nan,nan,nan,0.049547804053872824,0.4,90,True,-5.000000000000072,21.658229771070182,253.0,243,20,False,0.0
8,0.25,0.25,0.1,0.07697496659005681,0.05,13,1e-07,42,256,65,17130,1.0,-4.999999999999705,-4.999999999999997,5.844214001627168e-14,65,17,60,True,15,72,61,0.061321702087298036,0.4,96,True,-5.00000000000003,26.202822239836678,252.0,242,20,True,1.5737704918032787
8,0.25,0.5,0.8,0.07697496659005681,0.05,13,1e-06,42,256,65,33318,1.0,-4.999999999999581,-3.596924151580049,0.2806151696839299,4,60,60,False,nan,nan,nan,0.07658857782371342,0.9,88,True,-5.0000000000000675,21.545844864100218,253.5,245,20,False,0.0
8,0.25,0.25,0.1,0.07697496659005681,0.05,13,1e-06,42,256,65,17130,1.0,-4.999999999999705,-3.7105490411448216,0.25789019177099193,17,60,60,False,nan,nan,nan,0.09880505781620741,0.6,91,True,-5.00000000000005,25.235446142964065,253.5,237,20,False,0.0
8,0.25,0.5,0.5,0.07697496659005681,0.1,26,1e-05,42,256,65,33318,1.0,-4.999999999999581,-3.596065663815194,0.2807868672369009,2,30,30,False,nan,nan,nan,0.04925387096591294,0.3,88,True,-5.000000000000086,21.756014361046255,253.0,239,20,False,0.0
8,0.25,0.25,0.1,0.07697496659005681,0.05,13,1e-05,42,256,65,17130,1.0,-4.999999999999705,-3.2214717620758817,0.3557056475847857,2,60,60,False,nan,nan,nan,0.05932701984420419,0.6,91,True,-5.000000000000072,25.782267853152007,254.5,243,20,False,0.0
8,0.25,0.1,0.8,0.07697496659005681,0.1,26,1e-05,42,256,65,7398,1.0,-5.0000000000001865,-3.376988814641903,0.32460223707164454,7,30,30,False,nan,nan,nan,0.04189523099921644,0.4,93,True,-5.000000000000102,35.18650355399586,253.0,243,20,False,0.0
8,0.25,0.5,0.5,0.07697496659005681,0.1,26,1e-06,42,256,65,33318,1.0,-4.999999999999581,-3.596924151580049,0.2806151696839299,4,30,30,False,nan,nan,nan,0.053315035067498684,0.5,79,True,-5.000000000000054,21.746164493029937,253.5,237,20,False,0.0
8,0.25,0.1,0.8,0.07697496659005681,0.1,26,0.0001,42,256,65,7398,1.0,-5.0000000000001865,-3.376988814641903,0.32460223707164454,7,30,30,False,nan,nan,nan,0.041478841099888086,0.3,91,True,-5.000000000000199,34.32688790303655,254.0,245,20,False,0.0
8,0.25,0.5,0.1,0.07697496659005681,0.05,13,1e-06,42,256,65,33318,1.0,-4.999999999999581,-3.596924151580049,0.2806151696839299,4,60,60,False,nan,nan,nan,0.07576696807518601,0.7,87,True,-5.000000000000048,21.556330203078687,252.5,240,20,False,0.0
8,0.25,0.1,0.3,0.07697496659005681,0.05,13,1e-06,42,256,65,7398,1.0,-5.0000000000001865,-3.3805676040607953,0.32388647918786617,28,60,60,False,nan,nan,nan,0.0981800421141088,0.9,95,True,-5.000000000000053,34.47665047994815,253.5,234,20,False,0.0
8,0.25,0.25,0.5,0.07697496659005681,0.05,13,0.0001,42,256,65,17130,1.0,-4.999999999999705,-3.2214717620758817,0.3557056475847857,2,60,60,False,nan,nan,nan,0.06086506904102862,0.3,86,True,-5.000000000000044,25.468576518120244,252.5,246,20,False,0.0
8,0.25,0.25,0.5,0.07697496659005681,0.1,26,1e-06,42,256,65,17130,1.0,-4.999999999999705,-4.174163639238903,0.16516727215217022,12,30,30,False,nan,nan,nan,0.05550313391722739,0.6,86,True,-5.000000000000072,25.634205997921526,254.0,239,20,False,0.0
8,0.25,0.1,0.3,0.07697496659005681,0.05,13,1e-07,42,256,65,7398,1.0,-5.0000000000001865,-4.999999999999999,3.7481129311343886e-14,65,27,60,True,25,75,63,0.0996060490142554,0.9,97,True,-5.000000000000151,35.492068018065766,253.5,246,20,True,1.5396825396825398
8,0.25,0.25,0.5,0.07697496659005681,0.1,26,1e-07,42,256,65,17130,1.0,-4.999999999999705,-4.999999999999996,5.808686864839162e-14,65,7,30,True,6,85,61,0.02954870113171637,0.8,93,True,-5.000000000000075,25.29647399811074,255.0,249,20,True,1.5245901639344261
8,0.25,0.25,0.1,0.07697496659005681,0.1,26,1e-06,42,256,65,17130,1.0,-4.999999999999705,-4.174163639238903,0.16516727215217022,12,30,30,False,nan,nan,nan,0.054956881096586585,0.9,87,True,-5.000000000000078,25.734423466026783,253.5,234,20,False,0.0
8,0.25,0.25,0.1,0.07697496659005681,0.1,26,1e-07,42,256,65,17130,1.0,-4.999999999999705,-4.999999999999996,5.808686864839162e-14,65,7,30,True,6,85,61,0.029060679022222757,0.2,84,True,-5.000000000000062,26.020666373195127,253.0,247,20,True,1.3770491803278688
8,0.25,0.1,0.3,0.07697496659005681,0.05,13,1e-05,42,256,65,7398,1.0,-5.0000000000001865,-2.9217389566102816,0.4156522086779655,5,60,60,False,nan,nan,nan,0.05832762992940843,0.9,87,True,-5.000000000000121,35.924662532052025,253.5,242,20,False,0.0
8,0.25,0.1,0.3,0.07697496659005681,0.1,26,1e-07,42,256,65,7398,1.0,-5.0000000000001865,-5.0000000000000036,3.659295089164379e-14,65,14,30,True,12,87,62,0.0646346709690988,0.3,98,True,-5.000000000000088,36.08551000314765,253.0,246,20,True,1.5806451612903225
8,0.25,0.25,0.5,0.07697496659005681,0.05,13,1e-07,42,256,65,17130,1.0,-4.999999999999705,-4.999999999999997,5.844214001627168e-14,65,17,60,True,15,72,61,0.06098788604140282,1.0,84,True,-5.000000000000048,25.362509259022772,253.5,237,20,True,1.3770491803278688
8,0.25,0.1,0.3,0.07697496659005681,0.05,13,0.0001,42,256,65,7398,1.0,-5.0000000000001865,-2.913282045884306,0.4173435908231606,3,60,60,False,nan,nan,nan,0.055574045050889254,1.0,85,True,-5.00000000000013,35.31943585118279,255.0,247,20,False,0.0
8,0.25,0.1,0.5,0.07697496659005681,0.05,13,1e-07,42,256,65,7398,1.0,-5.0000000000001865,-4.999999999999999,3.7481129311343886e-14,65,27,60,True,25,75,63,0.10468314494937658,0.5,100,True,-5.000000000000053,35.525764972902834,252.5,246,20,True,1.5873015873015872
8,0.25,0.1,0.3,0.07697496659005681,0.1,26,0.0001,42,256,65,7398,1.0,-5.0000000000001865,-3.376988814641903,0.32460223707164454,7,30,30,False,nan,nan,nan,0.04127952898852527,0.6,96,True,-5.000000000000098,35.136265167966485,253.0,246,20,False,0.0
8,0.25,0.25,0.5,0.07697496659005681,0.05,13,1e-06,42,256,65,17130,1.0,-4.999999999999705,-3.7105490411448216,0.25789019177099193,17,60,60,False,nan,nan,nan,0.09828433790244162,0.4,88,True,-5.000000000000054,25.36940683890134,252.5,242,20,False,0.0
8,0.25,0.1,0.3,0.07697496659005681,0.1,26,1e-06,42,256,65,7398,1.0,-5.0000000000001865,-3.6234570838180202,0.275308583236423,32,30,30,False,nan,nan,nan,0.06913795322179794,0.9,96,True,-5.000000000000084,36.13915511104278,254.5,242,20,False,0.0
8,0.25,0.5,0.1,0.07697496659005681,0.05,13,1e-07,42,256,65,33318,1.0,-4.999999999999581,-5.000000000000009,8.562039965909925e-14,65,10,60,True,8,63,61,0.04172756290063262,0.9,87,True,-5.000000000000045,22.065038905944675,253.0,241,20,True,1.4262295081967213
8,0.25,0.1,0.5,0.07697496659005681,0.05,13,1e-06,42,256,65,7398,1.0,-5.0000000000001865,-3.3805676040607953,0.32388647918786617,28,60,60,False,nan,nan,nan,0.10384159605018795,0.2,98,True,-5.000000000000144,36.066676313988864,252.0,245,20,False,0.0
8,0.25,0.25,0.5,0.07697496659005681,0.05,13,1e-05,42,256,65,17130,1.0,-4.999999999999705,-3.2214717620758817,0.3557056475847857,2,60,60,False,nan,nan,nan,0.06075159413740039,1.0,89,True,-5.000000000000041,25.72382382489741,253.5,242,20,False,0.0
8,0.25,0.1,0.3,0.07697496659005681,0.1,26,1e-05,42,256,65,7398,1.0,-5.0000000000001865,-3.376988814641903,0.32460223707164454,7,30,30,False,nan,nan,nan,0.04432706395164132,0.2,95,True,-5.000000000000038,37.5364616359584,255.0,248,20,False,0.0
8,0.25,0.25,0.8,0.07697496659005681,0.1,26,1e-05,42,256,65,17130,1.0,-4.999999999999705,-3.7037008119914576,0.25925983760166477,4,30,30,False,nan,nan,nan,0.04254231695085764,0.8,88,True,-5.000000000000046,26.003109211102128,252.5,244,20,False,0.0
8,0.25,0.25,0.8,0.07697496659005681,0.1,26,0.0001,42,256,65,17130,1.0,-4.999999999999705,-3.7037008119914576,0.25925983760166477,4,30,30,False,nan,nan,nan,0.043849030043929815,0.7,83,True,-5.000000000000066,25.655961043201387,253.0,227,20,False,0.0
8,0.25,0.25,0.8,0.07697496659005681,0.1,26,1e-07,42,256,65,17130,1.0,-4.999999999999705,-4.999999999999996,5.808686864839162e-14,65,7,30,True,6,85,61,0.029537799069657922,0.8,91,True,-5.000000000000056,25.837919237092137,253.5,248,20,True,1.4918032786885247
8,0.25,0.25,0.8,0.07697496659005681,0.1,26,1e-06,42,256,65,17130,1.0,-4.999999999999705,-4.174163639238903,0.16516727215217022,12,30,30,False,nan,nan,nan,0.05582349211908877,0.9,85,True,-5.000000000000097,25.682797770015895,253.0,245,20,False,0.0
8,0.25,0.5,0.8,0.07697496659005681,0.1,26,0.0001,42,256,65,33318,1.0,-4.999999999999581,-3.596065663815194,0.2807868672369009,2,30,30,False,nan,nan,nan,0.04850613698363304,0.8,84,True,-5.000000000000098,21.789648560108617,253.5,245,20,False,0.0
8,0.25,0.5,0.5,0.07697496659005681,0.05,13,0.0001,42,256,65,33318,1.0,-4.999999999999581,-3.596065663815194,0.2807868672369009,2,60,60,False,nan,nan,nan,0.06932741403579712,0.3,91,True,-5.000000000000063,21.767578807892278,252.5,243,20,False,0.0
8,0.25,0.5,0.5,0.07697496659005681,0.05,13,1e-06,42,256,65,33318,1.0,-4.999999999999581,-3.596924151580049,0.2806151696839299,4,60,60,False,nan,nan,nan,0.0771648169029504,0.2,76,True,-5.000000000000055,21.79115857393481,253.0,242,20,False,0.0
8,0.25,0.5,0.1,0.07697496659005681,0.05,13,0.0001,42,256,65,33318,1.0,-4.999999999999581,-3.596065663815194,0.2807868672369009,2,60,60,False,nan,nan,nan,0.06691540614701807,0.5,79,True,-5.000000000000083,21.45126471691765,253.0,236,20,False,0.0
8,0.25,0.5,0.1,0.07697496659005681,0.05,13,1e-05,42,256,65,33318,1.0,-4.999999999999581,-3.596065663815194,0.2807868672369009,2,60,60,False,nan,nan,nan,0.06758283101953566,0.4,85,True,-5.000000000000061,21.519243540940806,254.0,244,20,False,0.0
8,0.25,0.5,0.5,0.07697496659005681,0.05,13,1e-05,42,256,65,33318,1.0,-4.999999999999581,-3.596065663815194,0.2807868672369009,2,60,60,False,nan,nan,nan,0.06914782687090337,0.3,90,True,-5.000000000000058,21.61346078198403,254.0,244,20,False,0.0
8,0.25,0.5,0.3,0.07697496659005681,0.1,26,1e-05,42,256,65,33318,1.0,-4.999999999999581,-3.596065663815194,0.2807868672369009,2,30,30,False,nan,nan,nan,0.04876285512000322,0.2,94,True,-5.000000000000048,21.528693187981844,253.5,245,20,False,0.0
8,0.25,0.5,0.3,0.07697496659005681,0.1,26,0.0001,42,256,65,33318,1.0,-4.999999999999581,-3.596065663815194,0.2807868672369009,2,30,30,False,nan,nan,nan,0.049311547074466944,0.4,88,True,-5.000000000000068,21.832224020035937,252.0,240,20,False,0.0
8,0.25,0.5,0.5,0.07697496659005681,0.05,13,1e-07,42,256,65,33318,1.0,-4.999999999999581,-5.000000000000009,8.562039965909925e-14,65,10,60,True,8,63,61,0.04145031189545989,0.5,80,True,-5.000000000000067,21.579661349998787,253.5,239,20,True,1.3114754098360655
8,0.25,0.5,0.8,0.07697496659005681,0.1,26,1e-05,42,256,65,33318,1.0,-4.999999999999581,-3.596065663815194,0.2807868672369009,2,30,30,False,nan,nan,nan,0.04972832812927663,0.8,89,True,-5.000000000000087,22.11871967604384,255.0,240,20,False,0.0
8,0.25,0.25,0.1,0.07697496659005681,0.1,26,0.0001,42,256,65,17130,1.0,-4.999999999999705,-3.7037008119914576,0.25925983760166477,4,30,30,False,nan,nan,nan,0.042244928888976574,0.6,87,True,-5.000000000000065,25.295456276042387,253.5,246,20,False,0.0
8,0.05,0.1,0.3,0.2973391221610923,0.03,8,1e-06,42,256,14,7190,1.0,-4.999999999999993,-5.000000000000001,1.5987211554602276e-15,14,4,100,True,3,20,14,0.005304775899276137,0.5,21,True,-5.000000000000046,15.163217952940613,236.0,153,20,True,1.5
8,0.25,0.25,0.3,0.07697496659005681,0.05,13,1e-07,42,256,65,17130,1.0,-4.999999999999705,-4.999999999999997,5.844214001627168e-14,65,17,60,True,15,72,61,0.06111732101999223,0.3,80,True,-5.000000000000058,25.77275717514567,253.0,237,20,True,1.3114754098360655
8,0.25,0.5,0.8,0.07697496659005681,0.1,26,1e-06,42,256,65,33318,1.0,-4.999999999999581,-3.596924151580049,0.2806151696839299,4,30,30,False,nan,nan,nan,0.0541719039902091,0.2,95,True,-5.000000000000069,21.54537993390113,253.0,245,20,False,0.0
8,0.25,0.5,0.8,0.07697496659005681,0.1,26,1e-07,42,256,65,33318,1.0,-4.999999999999581,-5.000000000000018,8.739675649849965e-14,65,7,30,True,5,82,62,0.039566065883263946,0.3,84,True,-5.000000000000075,21.842068462865427,252.0,240,20,True,1.3548387096774193
8,0.25,0.25,0.1,0.07697496659005681,0.1,26,1e-05,42,256,65,17130,1.0,-4.999999999999705,-3.7037008119914576,0.25925983760166477,4,30,30,False,nan,nan,nan,0.04351157997734845,0.6,84,True,-5.000000000000075,25.492303075967357,251.5,238,20,False,0.0
8,0.25,0.25,0.3,0.07697496659005681,0.1,26,1e-05,42,256,65,17130,1.0,-4.999999999999705,-3.7037008119914576,0.25925983760166477,4,30,30,False,nan,nan,nan,0.04483259795233607,0.2,82,True,-5.000000000000048,26.30005542188883,254.0,247,20,False,0.0
8,0.05,0.25,0.3,0.2973391221610923,0.03,8,0.0001,42,256,14,17050,1.0,-5.000000000000121,-4.999999999999999,2.4336088699782843e-14,14,3,100,True,2,14,14,0.005124407121911645,0.8,16,True,-5.0000000000000275,13.823509383946657,235.5,171,20,True,1.1428571428571428
8,0.05,0.25,0.3,0.2973391221610923,0.03,8,1e-06,42,256,14,17050,1.0,-5.000000000000121,-5.000000000000003,2.362554596402276e-14,14,3,100,True,2,16,14,0.005232716910541058,0.8,20,True,-5.000000000000034,13.897421929985285,247.5,218,20,True,1.4285714285714286
8,0.25,0.25,0.3,0.07697496659005681,0.05,13,1e-05,42,256,65,17130,1.0,-4.999999999999705,-3.2214717620758817,0.3557056475847857,2,60,60,False,nan,nan,nan,0.060040808049961925,0.7,87,True,-5.000000000000039,25.78874918189831,252.5,243,20,False,0.0
8,0.25,0.25,0.3,0.07697496659005681,0.05,13,1e-06,42,256,65,17130,1.0,-4.999999999999705,-3.7105490411448216,0.25789019177099193,17,60,60,False,nan,nan,nan,0.09848227305337787,0.8,81,True,-5.000000000000076,25.540464991005138,253.0,245,20,False,0.0
8,0.25,0.25,0.3,0.07697496659005681,0.1,26,1e-06,42,256,65,17130,1.0,-4.999999999999705,-4.174163639238903,0.16516727215217022,12,30,30,False,nan,nan,nan,0.055595780024304986,0.6,96,True,-5.000000000000058,25.68913606693968,254.0,242,20,False,0.0
8,0.05,0.25,0.3,0.2973391221610923,0.03,8,1e-05,42,256,14,17050,1.0,-5.000000000000121,-4.999999999999999,2.4336088699782843e-14,14,3,100,True,2,14,14,0.005075730849057436,0.3,22,True,-5.000000000000046,13.925941868918017,242.5,179,20,True,1.5714285714285714
8,0.05,0.1,0.3,0.2973391221610923,0.03,8,0.0001,42,256,14,7190,1.0,-4.999999999999993,-5.0,1.4210854715202024e-15,14,6,100,True,5,21,14,0.00654691900126636,0.5,16,True,-5.000000000000023,15.298654832877219,244.0,196,20,True,1.1428571428571428
8,0.25,0.25,0.3,0.07697496659005681,0.05,13,0.0001,42,256,65,17130,1.0,-4.999999999999705,-3.2214717620758817,0.3557056475847857,2,60,60,False,nan,nan,nan,0.061343705048784614,0.4,79,True,-5.00000000000006,25.890421628020704,253.5,241,20,False,0.0
8,0.05,0.1,0.3,0.2973391221610923,0.03,8,1e-05,42,256,14,7190,1.0,-4.999999999999993,-5.000000000000002,1.776356839400253e-15,14,5,100,True,4,21,14,0.005958921043202281,0.5,23,True,-5.000000000000038,15.465222469996661,243.5,191,20,True,1.6428571428571428
8,0.05,0.25,0.1,0.09491866551287778,0.03,8,1e-05,42,256,14,17050,1.0,-5.000000000000121,-4.9999999999999964,2.4868995751602907e-14,14,4,100,True,3,18,14,0.0061294150073081255,0.7,22,True,-5.0000000000000275,13.697662827093154,245.5,206,20,True,1.5714285714285714
8,0.25,0.25,0.3,0.07697496659005681,0.1,26,0.0001,42,256,65,17130,1.0,-4.999999999999705,-3.7037008119914576,0.25925983760166477,4,30,30,False,nan,nan,nan,0.044131397968158126,0.2,90,True,-5.000000000000039,26.321522344835103,254.0,243,20,False,0.0
8,0.25,0.5,0.8,0.07697496659005681,0.05,13,1e-05,42,256,65,33318,1.0,-4.999999999999581,-3.596065663815194,0.2807868672369009,2,60,60,False,nan,nan,nan,0.06727385194972157,0.4,91,True,-5.000000000000068,21.792815044987947,253.0,244,20,False,0.0
8,0.05,0.25,0.1,0.09491866551287778,0.03,8,0.0001,42,256,14,17050,1.0,-5.000000000000121,-5.0,2.4158453015842822e-14,14,4,100,True,3,15,14,0.005670516053214669,0.9,18,True,-5.000000000000018,13.689216571860015,231.5,195,20,True,1.2857142857142858
8,0.05,0.25,0.3,0.2973391221610923,0.03,8,1e-07,42,256,14,17050,1.0,-5.000000000000121,-5.000000000000003,2.362554596402276e-14,14,3,100,True,2,23,14,0.005479123909026384,0.2,22,True,-5.00000000000003,13.851888591889292,237.0,204,20,True,1.5714285714285714
8,0.25,0.25,0.3,0.07697496659005681,0.1,26,1e-07,42,256,65,17130,1.0,-4.999999999999705,-4.999999999999996,5.808686864839162e-14,65,7,30,True,6,85,61,0.029368333984166384,0.5,88,True,-5.000000000000081,26.198426817078143,253.5,245,20,True,1.4426229508196722
8,0.25,0.5,0.8,0.07697496659005681,0.05,13,0.0001,42,256,65,33318,1.0,-4.999999999999581,-3.596065663815194,0.2807868672369009,2,60,60,False,nan,nan,nan,0.06795829301699996,0.8,92,True,-5.000000000000068,21.50648243399337,253.5,246,20,False,0.0
8,0.05,0.1,0.3,0.2973391221610923,0.03,8,1e-07,42,256,14,7190,1.0,-4.999999999999993,-5.000000000000001,1.5987211554602276e-15,14,4,100,True,3,27,14,0.005886738188564777,0.5,22,True,-5.000000000000012,15.652149581117555,245.5,201,20,True,1.5714285714285714
8,0.05,0.25,0.8,0.2973391221610923,0.03,8,1e-06,42,256,14,17050,1.0,-5.000000000000121,-5.000000000000003,2.362554596402276e-14,14,3,100,True,2,16,14,0.004900788888335228,0.6,19,True,-5.000000000000037,13.74181140284054,247.5,207,20,True,1.3571428571428572
8,0.05,0.1,0.1,0.09491866551287778,0.03,8,1e-05,42,256,14,7190,1.0,-4.999999999999993,-5.0000000000000036,2.1316282072803036e-15,14,6,100,True,5,21,14,0.006939576007425785,0.9,23,True,-5.0000000000000115,15.393984331050888,245.5,205,20,True,1.6428571428571428
8,0.05,0.1,0.1,0.09491866551287778,0.03,8,0.0001,42,256,14,7190,1.0,-4.999999999999993,-5.0000000000000036,2.1316282072803036e-15,14,6,100,True,5,20,14,0.00656994991004467,0.7,23,True,-5.000000000000033,15.325283394893631,241.0,186,20,True,1.6428571428571428
8,0.05,0.5,0.8,0.2973391221610923,0.03,8,0.0001,42,256,14,33286,1.0,-4.999999999999895,-4.999999999999999,2.0783375020983365e-14,14,3,100,True,2,15,14,0.006144823040813208,0.7,21,True,-5.00000000000003,14.976359747815877,239.0,215,20,True,1.5
8,0.05,0.5,0.8,0.2973391221610923,0.03,8,1e-06,42,256,14,33286,1.0,-4.999999999999895,-4.9999999999999964,2.025046796916328e-14,14,3,100,True,2,17,14,0.006091157905757427,0.8,19,True,-5.00000000000004,14.951034459052607,238.0,203,20,True,1.3571428571428572
8,0.05,0.25,0.8,0.2973391221610923,0.03,8,0.0001,42,256,14,17050,1.0,-5.000000000000121,-4.999999999999999,2.4336088699782843e-14,14,3,100,True,2,14,14,0.004494225140661001,0.7,20,True,-5.000000000000021,13.691730516962707,247.5,208,20,True,1.4285714285714286
8,0.05,0.25,0.8,0.2973391221610923,0.03,8,1e-05,42,256,14,17050,1.0,-5.000000000000121,-4.999999999999999,2.4336088699782843e-14,14,3,100,True,2,14,14,0.004596509970724583,0.2,19,True,-5.000000000000031,13.825119399931282,247.5,200,20,True,1.3571428571428572
8,0.05,0.5,0.8,0.2973391221610923,0.03,8,1e-05,42,256,14,33286,1.0,-4.999999999999895,-4.999999999999999,2.0783375020983365e-14,14,3,100,True,2,15,14,0.006211814936250448,1.0,20,True,-5.000000000000031,15.223335111979395,243.0,198,20,True,1.4285714285714286
8,0.05,0.5,0.5,0.2973391221610923,0.03,8,1e-05,42,256,14,33286,1.0,-4.999999999999895,-4.999999999999999,2.0783375020983365e-14,14,3,100,True,2,15,14,0.005637174937874079,0.6,16,True,-5.000000000000021,14.815631578909233,250.0,184,20,True,1.1428571428571428
8,0.05,0.1,0.1,0.09491866551287778,0.03,8,1e-07,42,256,14,7190,1.0,-4.999999999999993,-5.0,1.4210854715202024e-15,14,5,100,True,4,29,14,0.007234981982037425,0.8,20,True,-5.000000000000029,15.337571034906432,235.5,187,20,True,1.4285714285714286
8,0.05,0.5,0.5,0.2973391221610923,0.03,8,0.0001,42,256,14,33286,1.0,-4.999999999999895,-4.999999999999999,2.0783375020983365e-14,14,3,100,True,2,15,14,0.005679517984390259,0.7,19,True,-5.000000000000025,14.758555385982618,247.0,176,20,True,1.3571428571428572
8,0.05,0.5,0.8,0.2973391221610923,0.03,8,1e-07,42,256,14,33286,1.0,-4.999999999999895,-4.9999999999999964,2.025046796916328e-14,14,3,100,True,2,19,14,0.006177057977765799,0.5,22,True,-5.000000000000028,14.888966900995001,249.0,199,20,True,1.5714285714285714
8,0.05,0.1,0.1,0.09491866551287778,0.03,8,1e-06,42,256,14,7190,1.0,-4.999999999999993,-5.0,1.4210854715202024e-15,14,5,100,True,4,21,14,0.006435734918341041,0.7,22,True,-5.00000000000002,15.3209052530583,245.5,174,20,True,1.5714285714285714
8,0.25,0.5,0.1,0.07697496659005681,0.1,26,1e-06,42,256,65,33318,1.0,-4.999999999999581,-3.596924151580049,0.2806151696839299,4,30,30,False,nan,nan,nan,0.052954601822420955,0.2,88,True,-5.000000000000067,21.568094498943537,254.0,245,20,False,0.0
8,0.05,0.25,0.8,0.2973391221610923,0.03,8,1e-07,42,256,14,17050,1.0,-5.000000000000121,-5.000000000000003,2.362554596402276e-14,14,3,100,True,2,23,14,0.005678950110450387,0.4,24,True,-5.000000000000025,14.68295234395191,246.0,188,20,True,1.7142857142857142
8,0.25,0.5,0.1,0.07697496659005681,0.1,26,1e-05,42,256,65,33318,1.0,-4.999999999999581,-3.596065663815194,0.2807868672369009,2,30,30,False,nan,nan,nan,0.047856895020231605,0.2,89,True,-5.000000000000047,21.85842539416626,252.0,242,20,False,0.0
8,0.25,0.5,0.1,0.07697496659005681,0.1,26,1e-07,42,256,65,33318,1.0,-4.999999999999581,-5.000000000000018,8.739675649849965e-14,65,7,30,True,5,82,62,0.03823223919607699,0.2,84,True,-5.000000000000097,21.07037155586295,254.0,237,20,True,1.3548387096774193
8,0.05,0.25,0.5,0.2973391221610923,0.03,8,0.0001,42,256,14,17050,1.0,-5.000000000000121,-4.999999999999999,2.4336088699782843e-14,14,3,100,True,2,14,14,0.004560647066682577,0.8,17,True,-5.0000000000000275,13.855132856871933,240.5,193,20,True,1.2142857142857142
8,0.05,0.25,0.5,0.2973391221610923,0.03,8,1e-05,42,256,14,17050,1.0,-5.000000000000121,-4.999999999999999,2.4336088699782843e-14,14,3,100,True,2,14,14,0.004897261969745159,0.8,22,True,-5.000000000000038,13.907665608916432,247.5,143,20,True,1.5714285714285714
8,0.25,0.5,0.3,0.07697496659005681,0.05,13,1e-07,42,256,65,33318,1.0,-4.999999999999581,-5.000000000000009,8.562039965909925e-14,65,10,60,True,8,63,61,0.04076690808869898,0.3,93,True,-5.000000000000051,21.416679370217025,253.0,246,20,True,1.5245901639344261
8,0.25,0.5,0.3,0.07697496659005681,0.1,26,1e-07,42,256,65,33318,1.0,-4.999999999999581,-5.000000000000018,8.739675649849965e-14,65,7,30,True,5,82,62,0.03868802194483578,0.3,88,True,-5.000000000000069,21.681000928860158,254.0,242,20,True,1.4193548387096775
8,0.25,0.5,0.1,0.07697496659005681,0.1,26,0.0001,42,256,65,33318,1.0,-4.999999999999581,-3.596065663815194,0.2807868672369009,2,30,30,False,nan,nan,nan,0.04801164288073778,0.2,90,True,-5.000000000000058,21.508627683855593,253.0,240,20,False,0.0
8,0.25,0.5,0.3,0.07697496659005681,0.05,13,0.0001,42,256,65,33318,1.0,-4.999999999999581,-3.596065663815194,0.2807868672369009,2,60,60,False,nan,nan,nan,0.0688073500059545,0.2,81,True,-5.00000000000005,21.582666147034615,253.5,246,20,False,0.0
8,0.25,0.5,0.3,0.07697496659005681,0.05,13,1e-06,42,256,65,33318,1.0,-4.999999999999581,-3.596924151580049,0.2806151696839299,4,60,60,False,nan,nan,nan,0.07695159502327442,0.9,83,True,-5.00000000000007,21.92277938919142,251.5,244,20,False,0.0
8,0.25,0.5,0.3,0.07697496659005681,0.1,26,1e-06,42,256,65,33318,1.0,-4.999999999999581,-3.596924151580049,0.2806151696839299,4,30,30,False,nan,nan,nan,0.054730123141780496,0.6,88,True,-5.0000000000000595,22.067331919213757,253.5,243,20,False,0.0
8,0.05,0.25,0.5,0.2973391221610923,0.03,8,1e-07,42,256,14,17050,1.0,-5.000000000000121,-5.000000000000003,2.362554596402276e-14,14,3,100,True,2,23,14,0.005336844827979803,1.0,22,True,-5.000000000000034,13.853174109943211,243.0,199,20,True,1.5714285714285714
8,0.25,0.5,0.3,0.07697496659005681,0.05,13,1e-05,42,256,65,33318,1.0,-4.999999999999581,-3.596065663815194,0.2807868672369009,2,60,60,False,nan,nan,nan,0.0699883911293,0.3,85,True,-5.000000000000055,21.967431226046756,251.5,234,20,False,0.0
8,0.05,0.25,0.5,0.2973391221610923,0.03,8,1e-06,42,256,14,17050,1.0,-5.000000000000121,-5.000000000000003,2.362554596402276e-14,14,3,100,True,2,16,14,0.005058177979663014,0.2,21,True,-5.000000000000026,13.7586800691206,238.0,204,20,True,1.5
8,0.05,0.1,0.5,0.2973391221610923,0.03,8,1e-06,42,256,14,7190,1.0,-4.999999999999993,-5.000000000000001,1.5987211554602276e-15,14,4,100,True,3,20,14,0.0053258410189300776,0.5,20,True,-5.00000000000003,15.36065981304273,243.5,210,20,True,1.4285714285714286
8,0.1,0.25,0.3,0.2227822150580107,0.03,8,0.0001,42,256,27,17068,1.0,-4.999999999999893,-4.197772343843075,0.160445531231367,3,100,100,False,nan,nan,nan,0.09161494905129075,0.4,38,True,-5.000000000000039,21.60002923104912,245.5,203,20,False,0.0
8,0.05,0.1,0.5,0.2973391221610923,0.03,8,1e-05,42,256,14,7190,1.0,-4.999999999999993,-5.000000000000002,1.776356839400253e-15,14,5,100,True,4,21,14,0.005987043026834726,1.0,24,True,-5.000000000000029,15.332019740017131,247.0,201,20,True,1.7142857142857142
8,0.05,0.1,0.5,0.2973391221610923,0.03,8,1e-07,42,256,14,7190,1.0,-4.999999999999993,-5.000000000000001,1.5987211554602276e-15,14,4,100,True,3,27,14,0.005524636013433337,0.6,19,True,-5.000000000000039,15.396249402081594,248.0,199,20,True,1.3571428571428572
8,0.05,0.25,0.1,0.09491866551287778,0.03,8,1e-07,42,256,14,17050,1.0,-5.000000000000121,-4.9999999999999964,2.4868995751602907e-14,14,4,100,True,3,26,14,0.006964417174458504,0.9,23,True,-5.000000000000033,13.83653961098753,245.0,202,20,True,1.6428571428571428
8,0.05,0.1,0.8,0.2973391221610923,0.03,8,1e-07,42,256,14,7190,1.0,-4.999999999999993,-5.000000000000001,1.5987211554602276e-15,14,4,100,True,3,27,14,0.005488926079124212,0.8,21,True,-5.000000000000034,15.309705235995352,243.5,195,20,True,1.5
8,0.1,0.25,0.3,0.2227822150580107,0.03,8,1e-05,42,256,27,17068,1.0,-4.999999999999893,-4.197772343843075,0.160445531231367,3,100,100,False,nan,nan,nan,0.08954674494452775,0.5,40,True,-5.000000000000044,21.707214501919225,249.5,229,20,False,0.0
8,0.1,0.25,0.1,0.11411892618047272,0.03,8,1e-05,42,256,27,17068,1.0,-4.999999999999893,-3.7821164087992334,0.24357671824013719,3,100,100,False,nan,nan,nan,0.09168348903767765,0.5,38,True,-5.000000000000066,21.496912158094347,250.0,204,20,False,0.0
8,0.1,0.25,0.3,0.2227822150580107,0.03,8,1e-06,42,256,27,17068,1.0,-4.999999999999893,-4.999999999999999,2.1138646388863432e-14,27,9,100,True,8,30,27,0.015020956983789802,0.3,39,True,-5.000000000000044,21.976056565064937,249.5,198,20,True,1.4444444444444444
8,0.05,0.1,0.5,0.2973391221610923,0.03,8,0.0001,42,256,14,7190,1.0,-4.999999999999993,-5.0,1.4210854715202024e-15,14,6,100,True,5,21,14,0.006593802943825722,0.4,23,True,-5.000000000000024,15.26184216607362,248.5,209,20,True,1.6428571428571428
8,0.05,0.1,0.8,0.2973391221610923,0.03,8,1e-06,42,256,14,7190,1.0,-4.999999999999993,-5.000000000000001,1.5987211554602276e-15,14,4,100,True,3,20,14,0.00558771681971848,0.7,21,True,-5.0000000000000355,15.337631967151538,243.5,221,20,True,1.5
8,0.05,0.25,0.1,0.09491866551287778,0.03,8,1e-06,42,256,14,17050,1.0,-5.000000000000121,-4.9999999999999964,2.4868995751602907e-14,14,4,100,True,3,18,14,0.006297782063484192,0.2,27,True,-5.000000000000026,13.860376483993605,243.5,212,20,True,1.9285714285714286
8,0.05,0.1,0.8,0.2973391221610923,0.03,8,0.0001,42,256,14,7190,1.0,-4.999999999999993,-5.0,1.4210854715202024e-15,14,6,100,True,5,21,14,0.007048267871141434,0.5,20,True,-5.0000000000000435,15.485713803907856,248.0,212,20,True,1.4285714285714286
8,0.1,0.1,0.3,0.2227822150580107,0.03,8,1e-06,42,256,27,7310,1.0,-4.999999999999297,-4.248884218554902,0.15022315628890012,30,100,100,False,nan,nan,nan,0.15594295598566532,0.9,44,True,-5.000000000000058,28.969303294783458,250.5,235,20,False,0.0
8,0.1,0.25,0.3,0.2227822150580107,0.03,8,1e-07,42,256,27,17068,1.0,-4.999999999999893,-4.999999999999999,2.1138646388863432e-14,27,8,100,True,6,28,26,0.015616307035088539,0.7,38,True,-5.000000000000039,21.752463051117957,244.5,224,20,True,1.4615384615384615
8,0.1,0.25,0.1,0.11411892618047272,0.03,8,0.0001,42,256,27,17068,1.0,-4.999999999999893,-3.780212281463017,0.2439575437073805,2,100,100,False,nan,nan,nan,0.09045630204491317,0.9,44,True,-5.0000000000000675,21.7700360880699,248.5,228,20,False,0.0
8,0.1,0.1,0.3,0.2227822150580107,0.03,8,0.0001,42,256,27,7310,1.0,-4.999999999999297,-4.028228476810032,0.19435430463788028,2,100,100,False,nan,nan,nan,0.07895303494296968,1.0,44,True,-5.000000000000071,29.00763640110381,246.5,219,20,False,0.0
8,0.1,0.1,0.3,0.2227822150580107,0.03,8,1e-05,42,256,27,7310,1.0,-4.999999999999297,-4.217638174423733,0.15647236511513468,7,100,100,False,nan,nan,nan,0.09470658400095999,0.7,41,True,-5.000000000000031,29.731440542032942,251.5,226,20,False,0.0
8,0.05,0.1,0.8,0.2973391221610923,0.03,8,1e-05,42,256,14,7190,1.0,-4.999999999999993,-5.000000000000002,1.776356839400253e-15,14,5,100,True,4,21,14,0.006241210037842393,0.5,26,True,-5.000000000000043,15.717658189823851,243.0,208,20,True,1.8571428571428572
8,0.05,0.5,0.1,0.09491866551287778,0.03,8,1e-06,42,256,14,33286,1.0,-4.999999999999895,-5.000000000000001,2.1138646388863423e-14,14,4,100,True,3,21,14,0.007355592912063003,0.8,25,True,-5.000000000000044,14.688145118067041,244.0,221,20,True,1.7857142857142858
8,0.05,0.5,0.1,0.09491866551287778,0.03,8,1e-05,42,256,14,33286,1.0,-4.999999999999895,-5.000000000000002,2.1316282072803454e-14,14,4,100,True,3,20,14,0.006881045876070857,0.2,21,True,-5.000000000000029,14.748360669007525,246.5,204,20,True,1.5
8,0.05,0.5,0.1,0.09491866551287778,0.03,8,1e-07,42,256,14,33286,1.0,-4.999999999999895,-5.000000000000001,2.1138646388863423e-14,14,4,100,True,3,21,14,0.007909577107056975,0.7,21,True,-5.000000000000027,14.718851604033262,250.0,217,20,True,1.5
8,0.05,0.5,0.5,0.2973391221610923,0.03,8,1e-07,42,256,14,33286,1.0,-4.999999999999895,-4.9999999999999964,2.025046796916328e-14,14,3,100,True,2,19,14,0.006735295057296753,0.2,23,True,-5.000000000000038,14.981847688090056,247.5,192,20,True,1.6428571428571428
8,0.05,0.5,0.3,0.2973391221610923,0.03,8,1e-07,42,256,14,33286,1.0,-4.999999999999895,-4.9999999999999964,2.025046796916328e-14,14,3,100,True,2,19,14,0.006131526082754135,0.6,22,True,-5.000000000000037,14.86290260287933,242.5,207,20,True,1.5714285714285714
8,0.1,0.5,0.8,0.2227822150580107,0.03,8,0.0001,42,256,27,33292,1.0,-4.999999999999962,-4.999999999999998,7.283063041541083e-15,27,5,100,True,4,28,27,0.011024112813174725,0.9,38,True,-5.000000000000035,18.47023134189658,250.0,235,20,True,1.4074074074074074
8,0.05,0.5,0.1,0.09491866551287778,0.03,8,0.0001,42,256,14,33286,1.0,-4.999999999999895,-5.000000000000002,2.1316282072803454e-14,14,4,100,True,3,20,14,0.006910310126841068,1.0,19,True,-5.000000000000028,14.771296927006915,247.5,213,20,True,1.3571428571428572
8,0.1,0.1,0.3,0.2227822150580107,0.03,8,1e-07,42,256,27,7310,1.0,-4.999999999999297,-5.000000000000003,1.4122036873233978e-13,27,12,100,True,11,36,27,0.02264977293089032,0.7,49,True,-5.000000000000156,30.548306073993444,252.0,240,20,True,1.8148148148148149
8,0.05,0.5,0.5,0.2973391221610923,0.03,8,1e-06,42,256,14,33286,1.0,-4.999999999999895,-4.9999999999999964,2.025046796916328e-14,14,3,100,True,2,17,14,0.0064565581269562244,0.7,20,True,-5.000000000000032,14.915217482950538,240.0,198,20,True,1.4285714285714286
8,0.05,0.5,0.3,0.2973391221610923,0.03,8,1e-06,42,256,14,33286,1.0,-4.999999999999895,-4.9999999999999964,2.025046796916328e-14,14,3,100,True,2,17,14,0.00643385318107903,0.6,22,True,-5.000000000000026,14.934346430003643,247.5,183,20,True,1.5714285714285714
8,0.05,0.5,0.3,0.2973391221610923,0.03,8,0.0001,42,256,14,33286,1.0,-4.999999999999895,-4.999999999999999,2.0783375020983365e-14,14,3,100,True,2,15,14,0.0056748047936707735,0.9,20,True,-5.000000000000033,14.935611535096541,243.5,198,20,True,1.4285714285714286
8,0.1,0.1,0.1,0.11411892618047272,0.03,8,1e-05,42,256,27,7310,1.0,-4.999999999999297,-3.8810809787472516,0.22378380425044048,6,100,100,False,nan,nan,nan,0.09242154494859278,0.7,38,True,-5.000000000000049,29.92127646296285,248.5,220,20,False,0.0
8,0.1,0.1,0.1,0.11411892618047272,0.03,8,0.0001,42,256,27,7310,1.0,-4.999999999999297,-3.7202346101942885,0.2559530779610376,2,100,100,False,nan,nan,nan,0.08144174795597792,1.0,37,True,-5.000000000000026,29.703117083059624,251.0,231,20,False,0.0
8,0.1,0.5,0.8,0.2227822150580107,0.03,8,1e-05,42,256,27,33292,1.0,-4.999999999999962,-4.999999999999998,7.283063041541083e-15,27,5,100,True,4,28,27,0.011071715038269758,0.7,43,True,-5.000000000000045,18.57798270112835,248.5,232,20,True,1.5925925925925926
8,0.1,0.5,0.5,0.2227822150580107,0.03,8,1e-05,42,256,27,33292,1.0,-4.999999999999962,-4.999999999999998,7.283063041541083e-15,27,5,100,True,4,28,27,0.01018834812566638,0.8,38,True,-5.000000000000051,18.299579093931243,250.0,220,20,True,1.4074074074074074
8,0.1,0.5,0.8,0.2227822150580107,0.03,8,1e-06,42,256,27,33292,1.0,-4.999999999999962,-4.999999999999998,7.283063041541083e-15,27,5,100,True,4,28,27,0.01051483815535903,0.9,38,True,-5.000000000000044,18.467952635139227,251.5,228,20,True,1.4074074074074074
8,0.05,0.5,0.3,0.2973391221610923,0.03,8,1e-05,42,256,14,33286,1.0,-4.999999999999895,-4.999999999999999,2.0783375020983365e-14,14,3,100,True,2,15,14,0.005876248003914952,0.9,18,True,-5.000000000000029,15.247407275950536,243.5,216,20,True,1.2857142857142858
8,0.1,0.5,0.5,0.2227822150580107,0.03,8,0.0001,42,256,27,33292,1.0,-4.999999999999962,-4.999999999999998,7.283063041541083e-15,27,5,100,True,4,28,27,0.010448750108480453,0.2,41,True,-5.000000000000046,18.292569546960294,250.5,213,20,True,1.5185185185185186
8,0.1,0.5,0.8,0.2227822150580107,0.03,8,1e-07,42,256,27,33292,1.0,-4.999999999999962,-4.999999999999997,7.105427357601056e-15,27,5,100,True,4,30,27,0.011695593828335404,0.4,43,True,-5.0000000000000515,18.392512704012915,251.0,229,20,True,1.5925925925925926
8,0.1,0.1,0.1,0.11411892618047272,0.03,8,1e-07,42,256,27,7310,1.0,-4.999999999999297,-5.000000000000001,1.4086509736445967e-13,27,14,100,True,13,34,27,0.028223517816513777,0.3,49,True,-5.00000000000004,30.160116816870868,248.5,234,20,True,1.8148148148148149
8,0.1,0.25,0.8,0.2227822150580107,0.03,8,1e-06,42,256,27,17068,1.0,-4.999999999999893,-4.999999999999999,2.1138646388863432e-14,27,9,100,True,8,30,27,0.014637985033914447,0.2,37,True,-5.000000000000044,21.403877537930384,245.0,229,20,True,1.3703703703703705
8,0.1,0.1,0.1,0.11411892618047272,0.03,8,1e-06,42,256,27,7310,1.0,-4.999999999999297,-4.052411579544064,0.18951768409107325,31,100,100,False,nan,nan,nan,0.16452884185127914,0.5,43,True,-5.000000000000032,29.758130113827065,250.5,235,20,False,0.0
8,0.1,0.25,0.8,0.2227822150580107,0.03,8,0.0001,42,256,27,17068,1.0,-4.999999999999893,-4.197772343843075,0.160445531231367,3,100,100,False,nan,nan,nan,0.08968867780640721,0.9,36,True,-5.000000000000049,21.524563073180616,249.5,229,20,False,0.0
8,0.1,0.25,0.8,0.2227822150580107,0.03,8,1e-05,42,256,27,17068,1.0,-4.999999999999893,-4.197772343843075,0.160445531231367,3,100,100,False,nan,nan,nan,0.09057800681330264,0.9,41,True,-5.0000000000000435,21.83040200918913,249.5,229,20,False,0.0
8,0.1,0.25,0.1,0.11411892618047272,0.03,8,1e-07,42,256,27,17068,1.0,-4.999999999999893,-5.000000000000002,2.1671553440683518e-14,27,9,100,True,8,30,27,0.018043003976345062,0.9,36,True,-5.0000000000000515,21.847642123000696,250.0,213,20,True,1.3333333333333333
8,0.1,0.25,0.1,0.11411892618047272,0.03,8,1e-06,42,256,27,17068,1.0,-4.999999999999893,-5.000000000000001,2.1493917756743488e-14,27,10,100,True,8,28,26,0.016533785965293646,0.9,41,True,-5.000000000000047,21.905164162861183,251.5,224,20,True,1.5769230769230769
8,0.1,0.25,0.5,0.2227822150580107,0.03,8,1e-05,42,256,27,17068,1.0,-4.999999999999893,-4.197772343843075,0.160445531231367,3,100,100,False,nan,nan,nan,0.09106660098768771,0.6,40,True,-5.0000000000000675,21.822070745984092,250.5,237,20,False,0.0
8,0.1,0.25,0.8,0.2227822150580107,0.03,8,1e-07,42,256,27,17068,1.0,-4.999999999999893,-4.999999999999999,2.1138646388863432e-14,27,8,100,True,6,28,26,0.016690002055838704,0.8,38,True,-5.000000000000058,22.42929439805448,253.5,239,20,True,1.4615384615384615
8,0.1,0.25,0.5,0.2227822150580107,0.03,8,0.0001,42,256,27,17068,1.0,-4.999999999999893,-4.197772343843075,0.160445531231367,3,100,100,False,nan,nan,nan,0.09228702588006854,0.4,41,True,-5.000000000000014,21.662777454126626,245.5,223,20,False,0.0
8,0.1,0.1,0.5,0.2227822150580107,0.03,8,1e-07,42,256,27,7310,1.0,-4.999999999999297,-5.000000000000003,1.4122036873233978e-13,27,12,100,True,11,36,27,0.021981565048918128,0.7,43,True,-5.000000000000034,29.110779515001923,250.5,212,20,True,1.5925925925925926
8,0.1,0.1,0.5,0.2227822150580107,0.03,8,1e-05,42,256,27,7310,1.0,-4.999999999999297,-4.217638174423733,0.15647236511513468,7,100,100,False,nan,nan,nan,0.09310530498623848,1.0,46,True,-5.000000000000061,29.325646217912436,246.5,233,20,False,0.0
8,0.1,0.1,0.5,0.2227822150580107,0.03,8,1e-06,42,256,27,7310,1.0,-4.999999999999297,-4.248884218554902,0.15022315628890012,30,100,100,False,nan,nan,nan,0.1577565490733832,0.3,36,True,-5.00000000000003,29.52377882692963,252.5,240,20,False,0.0
8,0.1,0.1,0.8,0.2227822150580107,0.03,8,1e-07,42,256,27,7310,1.0,-4.999999999999297,-5.000000000000003,1.4122036873233978e-13,27,12,100,True,11,36,27,0.02151791309006512,0.7,34,True,-5.00000000000005,29.176566106034443,250.5,243,20,True,1.2592592592592593
8,0.1,0.1,0.8,0.2227822150580107,0.03,8,0.0001,42,256,27,7310,1.0,-4.999999999999297,-4.028228476810032,0.19435430463788028,2,100,100,False,nan,nan,nan,0.08262161281891167,0.7,38,True,-5.000000000000028,29.381757388124242,250.5,236,20,False,0.0
8,0.1,0.1,0.5,0.2227822150580107,0.03,8,0.0001,42,256,27,7310,1.0,-4.999999999999297,-4.028228476810032,0.19435430463788028,2,100,100,False,nan,nan,nan,0.07969999103806913,0.9,37,True,-5.000000000000076,29.449341190047562,251.0,230,20,False,0.0
8,0.1,0.1,0.8,0.2227822150580107,0.03,8,1e-06,42,256,27,7310,1.0,-4.999999999999297,-4.248884218554902,0.15022315628890012,30,100,100,False,nan,nan,nan,0.16075071902014315,0.6,47,True,-5.000000000000036,29.929593495093286,244.5,223,20,False,0.0
8,0.25,0.25,0.3,0.07697496659005681,0.03,8,0.0001,42,256,65,17130,1.0,-4.999999999999705,-3.2214717620758817,0.3557056475847857,2,100,100,False,nan,nan,nan,0.09080384206026793,0.8,91,True,-5.000000000000027,26.022991726873443,254.0,243,20,False,0.0
8,0.1,0.25,0.5,0.2227822150580107,0.03,8,1e-06,42,256,27,17068,1.0,-4.999999999999893,-4.999999999999999,2.1138646388863432e-14,27,9,100,True,8,30,27,0.014898594003170729,0.4,41,True,-5.000000000000067,21.604530012002215,246.0,212,20,True,1.5185185185185186
8,0.1,0.25,0.5,0.2227822150580107,0.03,8,1e-07,42,256,27,17068,1.0,-4.999999999999893,-4.999999999999999,2.1138646388863432e-14,27,8,100,True,6,28,26,0.015887350775301456,0.8,41,True,-5.0000000000000515,21.825309382984415,250.5,213,20,True,1.5769230769230769
8,0.1,0.1,0.8,0.2227822150580107,0.03,8,1e-05,42,256,27,7310,1.0,-4.999999999999297,-4.217638174423733,0.15647236511513468,7,100,100,False,nan,nan,nan,0.09595340304076672,0.7,37,True,-5.000000000000098,29.745558158960193,251.0,224,20,False,0.0
8,0.25,0.25,0.3,0.07697496659005681,0.03,8,1e-05,42,256,65,17130,1.0,-4.999999999999705,-3.2214717620758817,0.3557056475847857,2,100,100,False,nan,nan,nan,0.09072232712060213,0.5,86,True,-5.000000000000066,25.574463814962655,253.0,244,20,False,0.0
8,0.25,0.25,0.1,0.07697496659005681,0.03,8,1e-05,42,256,65,17130,1.0,-4.999999999999705,-3.2214717620758817,0.3557056475847857,2,100,100,False,nan,nan,nan,0.08934115315787494,0.6,82,True,-5.000000000000029,26.04674050095491,254.5,238,20,False,0.0
8,0.25,0.25,0.3,0.07697496659005681,0.03,8,1e-06,42,256,65,17130,1.0,-4.999999999999705,-3.473406208346921,0.30531875833057487,13,100,100,False,nan,nan,nan,0.13199087302200496,0.5,85,True,-5.000000000000057,25.984650865895674,253.0,236,20,False,0.0
8,0.1,0.5,0.5,0.2227822150580107,0.03,8,1e-07,42,256,27,33292,1.0,-4.999999999999962,-4.999999999999997,7.105427357601056e-15,27,5,100,True,4,30,27,0.01178988185711205,0.2,38,True,-5.000000000000066,18.460654344875365,248.5,224,20,True,1.4074074074074074
8,0.25,0.25,0.1,0.07697496659005681,0.03,8,0.0001,42,256,65,17130,1.0,-4.999999999999705,-3.2214717620758817,0.3557056475847857,2,100,100,False,nan,nan,nan,0.08937379415147007,0.3,90,True,-5.000000000000083,25.77433993597515,252.0,231,20,False,0.0
8,0.1,0.5,0.5,0.2227822150580107,0.03,8,1e-06,42,256,27,33292,1.0,-4.999999999999962,-4.999999999999998,7.283063041541083e-15,27,5,100,True,4,28,27,0.01055882521905005,0.9,42,True,-5.0000000000000275,18.48462043190375,250.5,234,20,True,1.5555555555555556
8,0.25,0.25,0.3,0.07697496659005681,0.03,8,1e-07,42,256,65,17130,1.0,-4.999999999999705,-5.0000000000000036,5.968558980385194e-14,65,24,100,True,22,66,61,0.07509494689293206,0.4,86,True,-5.0000000000000355,25.973900367040187,254.0,241,20,True,1.4098360655737705
8,0.1,0.5,0.1,0.11411892618047272,0.03,8,1e-07,42,256,27,33292,1.0,-4.999999999999962,-4.999999999999985,4.618527782440687e-15,27,6,100,True,5,32,26,0.013636179035529494,0.7,38,True,-5.000000000000043,18.347426338819787,249.5,234,20,True,1.4615384615384615
8,0.1,0.5,0.1,0.11411892618047272,0.03,8,1e-05,42,256,27,33292,1.0,-4.999999999999962,-4.999999999999985,4.618527782440687e-15,27,6,100,True,5,32,26,0.012026562821120024,0.9,40,True,-5.000000000000052,18.291660505114123,246.5,212,20,True,1.5384615384615385
8,0.1,0.5,0.1,0.11411892618047272,0.03,8,1e-06,42,256,27,33292,1.0,-4.999999999999962,-4.999999999999985,4.618527782440687e-15,27,6,100,True,5,32,26,0.01204110705293715,0.6,44,True,-5.000000000000046,18.41253639291972,247.0,227,20,True,1.6923076923076923
8,0.1,0.5,0.3,0.2227822150580107,0.03,8,1e-07,42,256,27,33292,1.0,-4.999999999999962,-4.999999999999997,7.105427357601056e-15,27,5,100,True,4,30,27,0.011742118978872895,1.0,41,True,-5.000000000000065,18.306274445960298,244.0,214,20,True,1.5185185185185186
8,0.1,0.5,0.1,0.11411892618047272,0.03,8,0.0001,42,256,27,33292,1.0,-4.999999999999962,-4.999999999999985,4.618527782440687e-15,27,6,100,True,5,32,26,0.011907950975000858,0.5,41,True,-5.000000000000046,18.28955213399604,250.0,221,20,True,1.5769230769230769
8,0.1,0.5,0.3,0.2227822150580107,0.03,8,0.0001,42,256,27,33292,1.0,-4.999999999999962,-4.999999999999998,7.283063041541083e-15,27,5,100,True,4,28,27,0.01062361802905798,0.3,39,True,-5.000000000000051,18.419810890918598,252.0,228,20,True,1.4444444444444444
8,0.1,0.5,0.3,0.2227822150580107,0.03,8,1e-06,42,256,27,33292,1.0,-4.999999999999962,-4.999999999999998,7.283063041541083e-15,27,5,100,True,4,28,27,0.010793020017445087,0.9,41,True,-5.000000000000065,18.482825960963964,250.0,229,20,True,1.5185185185185186
8,0.25,0.1,0.3,0.07697496659005681,0.03,8,1e-06,42,256,65,7398,1.0,-5.0000000000001865,-3.2899471777670066,0.3420105644466232,29,100,100,False,nan,nan,nan,0.15588907012715936,1.0,93,True,-5.000000000000092,35.38509843405336,253.5,235,20,False,0.0
8,0.1,0.5,0.3,0.2227822150580107,0.03,8,1e-05,42,256,27,33292,1.0,-4.999999999999962,-4.999999999999998,7.283063041541083e-15,27,5,100,True,4,28,27,0.01128325005993247,0.4,43,True,-5.0000000000000515,18.62921799882315,251.0,224,20,True,1.5925925925925926
8,0.25,0.1,0.3,0.07697496659005681,0.03,8,0.0001,42,256,65,7398,1.0,-5.0000000000001865,-2.39660387876728,0.5206792242465619,2,100,100,False,nan,nan,nan,0.08173589990474284,0.9,95,True,-5.000000000000132,34.98914168798365,253.0,231,20,False,0.0
8,0.25,0.5,0.8,0.07697496659005681,0.03,8,0.0001,42,256,65,33318,1.0,-4.999999999999581,-3.596065663815194,0.2807868672369009,2,100,100,False,nan,nan,nan,0.09885479998774827,1.0,91,True,-5.000000000000048,21.56911577610299,253.0,246,20,False,0.0
8,0.25,0.1,0.3,0.07697496659005681,0.03,8,1e-05,42,256,65,7398,1.0,-5.0000000000001865,-2.414396103769006,0.5171207792462168,5,100,100,False,nan,nan,nan,0.0889521858189255,0.5,102,True,-5.000000000000064,34.9940918921493,254.5,250,20,False,0.0
8,0.25,0.5,0.8,0.07697496659005681,0.03,8,1e-05,42,256,65,33318,1.0,-4.999999999999581,-3.596065663815194,0.2807868672369009,2,100,100,False,nan,nan,nan,0.10142331314273179,0.3,83,True,-5.000000000000052,22.00299185188487,253.0,244,20,False,0.0
8,0.25,0.5,0.5,0.07697496659005681,0.03,8,1e-05,42,256,65,33318,1.0,-4.999999999999581,-3.596065663815194,0.2807868672369009,2,100,100,False,nan,nan,nan,0.0977082159370184,0.5,89,True,-5.000000000000058,21.404039789922535,253.0,247,20,False,0.0
8,0.25,0.5,0.8,0.07697496659005681,0.03,8,1e-06,42,256,65,33318,1.0,-4.999999999999581,-3.596924151580049,0.2806151696839299,4,100,100,False,nan,nan,nan,0.11061511095613241,0.9,86,True,-5.000000000000124,21.492251592921093,254.0,237,20,False,0.0
8,0.25,0.5,0.5,0.07697496659005681,0.03,8,0.0001,42,256,65,33318,1.0,-4.999999999999581,-3.596065663815194,0.2807868672369009,2,100,100,False,nan,nan,nan,0.09912898298352957,0.9,77,True,-5.000000000000056,21.326179349096492,254.0,249,20,False,0.0
8,0.25,0.1,0.1,0.07697496659005681,0.03,8,1e-05,42,256,65,7398,1.0,-5.0000000000001865,-2.414396103769006,0.5171207792462168,5,100,100,False,nan,nan,nan,0.087844013934955,0.8,87,True,-5.000000000000011,35.0872322418727,253.0,232,20,False,0.0
8,0.25,0.5,0.8,0.07697496659005681,0.03,8,1e-07,42,256,65,33318,1.0,-4.999999999999581,-5.000000000000008,8.544276397515921e-14,65,19,100,True,17,62,62,0.06544709508307278,0.8,85,True,-5.0000000000000675,21.71572065493092,254.0,240,20,True,1.3709677419354838
8,0.25,0.1,0.3,0.07697496659005681,0.03,8,1e-07,42,256,65,7398,1.0,-5.0000000000001865,-4.717354222239791,0.05652915555207694,72,100,100,False,nan,nan,nan,0.5144506487995386,0.3,94,True,-5.0000000000000275,37.172609213972464,254.0,237,20,False,0.0
8,0.25,0.1,0.1,0.07697496659005681,0.03,8,0.0001,42,256,65,7398,1.0,-5.0000000000001865,-2.39660387876728,0.5206792242465619,2,100,100,False,nan,nan,nan,0.08466254500672221,0.4,95,True,-5.000000000000208,35.294726382009685,254.0,246,20,False,0.0
8,0.05,0.25,0.3,0.2973391221610923,0.01,3,0.0001,42,256,14,17050,1.0,-5.000000000000121,-5.000000000000001,2.39808173319028e-14,14,6,300,True,5,15,14,0.007342277094721794,0.7,22,True,-5.000000000000014,13.844489983981475,248.0,210,20,True,1.5714285714285714
8,0.25,0.25,0.1,0.07697496659005681,0.03,8,1e-07,42,256,65,17130,1.0,-4.999999999999705,-5.0000000000000036,5.968558980385194e-14,65,24,100,True,22,66,61,0.07604068610817194,0.4,90,True,-5.000000000000045,25.451212676940486,254.5,246,20,True,1.4754098360655739
8,0.05,0.25,0.3,0.2973391221610923,0.01,3,1e-05,42,256,14,17050,1.0,-5.000000000000121,-5.000000000000001,2.39808173319028e-14,14,6,300,True,5,15,14,0.007893470115959644,0.4,21,True,-5.000000000000036,13.911730705061927,236.5,209,20,True,1.5
8,0.25,0.25,0.1,0.07697496659005681,0.03,8,1e-06,42,256,65,17130,1.0,-4.999999999999705,-3.473406208346921,0.30531875833057487,13,100,100,False,nan,nan,nan,0.13255389011465013,0.8,90,True,-5.000000000000152,25.652758626965806,252.5,240,20,False,0.0
8,0.05,0.25,0.1,0.09491866551287778,0.01,3,1e-05,42,256,14,17050,1.0,-5.000000000000121,-4.999999999999997,2.4691360067662886e-14,14,7,300,True,6,15,14,0.008471539011225104,0.2,21,True,-5.000000000000027,13.780843337997794,244.0,227,20,True,1.5
8,0.05,0.25,0.3,0.2973391221610923,0.01,3,1e-06,42,256,14,17050,1.0,-5.000000000000121,-5.000000000000001,2.39808173319028e-14,14,6,300,True,5,15,14,0.007798762992024422,0.8,18,True,-5.000000000000021,13.935701292008162,244.0,207,20,True,1.2857142857142858
8,0.05,0.25,0.1,0.09491866551287778,0.01,3,0.0001,42,256,14,17050,1.0,-5.000000000000121,-3.7317161907551015,0.2536567618489977,2,300,300,False,nan,nan,nan,0.23429122101515532,0.8,23,True,-5.0000000000000195,13.725901328958571,245.5,227,20,False,0.0
8,0.25,0.1,0.1,0.07697496659005681,0.03,8,1e-06,42,256,65,7398,1.0,-5.0000000000001865,-3.2899471777670066,0.3420105644466232,29,100,100,False,nan,nan,nan,0.16012074402533472,0.3,94,True,-5.000000000000129,36.41535496292636,254.5,239,20,False,0.0
8,0.25,0.1,0.1,0.07697496659005681,0.03,8,1e-07,42,256,65,7398,1.0,-5.0000000000001865,-4.717354222239791,0.05652915555207694,72,100,100,False,nan,nan,nan,0.37616477184928954,0.4,105,True,-5.00000000000009,35.67906716698781,254.5,248,20,False,0.0
8,0.05,0.25,0.3,0.2973391221610923,0.01,3,1e-07,42,256,14,17050,1.0,-5.000000000000121,-5.000000000000001,2.39808173319028e-14,14,6,300,True,5,15,14,0.008011986035853624,0.6,18,True,-5.000000000000033,13.883619112893939,242.5,185,20,True,1.2857142857142858
8,0.05,0.5,0.8,0.2973391221610923,0.01,3,0.0001,42,256,14,33286,1.0,-4.999999999999895,-5.0,2.0961010704923395e-14,14,5,300,True,4,14,14,0.007963504875078797,0.4,22,True,-5.000000000000021,15.011875092983246,244.5,190,20,True,1.5714285714285714
8,0.25,0.25,0.8,0.07697496659005681,0.03,8,1e-06,42,256,65,17130,1.0,-4.999999999999705,-3.473406208346921,0.30531875833057487,13,100,100,False,nan,nan,nan,0.13086418388411403,0.9,88,True,-5.00000000000004,26.177934584906325,253.5,239,20,False,0.0
8,0.25,0.5,0.3,0.07697496659005681,0.03,8,1e-06,42,256,65,33318,1.0,-4.999999999999581,-3.596924151580049,0.2806151696839299,4,100,100,False,nan,nan,nan,0.11158908088691533,0.3,79,True,-5.000000000000054,21.83985362108797,252.5,237,20,False,0.0
8,0.25,0.1,0.5,0.07697496659005681,0.03,8,1e-07,42,256,65,7398,1.0,-5.0000000000001865,-4.717354222239791,0.05652915555207694,72,100,100,False,nan,nan,nan,0.3618776930961758,0.4,99,True,-5.000000000000204,35.045380192110315,252.5,243,20,False,0.0
8,0.25,0.1,0.5,0.07697496659005681,0.03,8,1e-05,42,256,65,7398,1.0,-5.0000000000001865,-2.414396103769006,0.5171207792462168,5,100,100,False,nan,nan,nan,0.08687278581783175,0.8,95,True,-5.000000000000103,34.341587509028614,252.5,247,20,False,0.0
8,0.05,0.5,0.8,0.2973391221610923,0.01,3,1e-05,42,256,14,33286,1.0,-4.999999999999895,-5.0,2.0961010704923395e-14,14,5,300,True,4,14,14,0.00819989014416933,0.3,20,True,-5.00000000000004,15.023911038180813,248.0,222,20,True,1.4285714285714286
8,0.05,0.5,0.5,0.2973391221610923,0.01,3,1e-05,42,256,14,33286,1.0,-4.999999999999895,-5.0,2.0961010704923395e-14,14,5,300,True,4,14,14,0.007692493963986635,0.6,21,True,-5.000000000000034,14.91802148311399,240.0,168,20,True,1.5
8,0.05,0.5,0.8,0.2973391221610923,0.01,3,1e-06,42,256,14,33286,1.0,-4.999999999999895,-5.0,2.0961010704923395e-14,14,5,300,True,4,14,14,0.00789171690121293,0.4,21,True,-5.000000000000028,15.031232070177794,240.0,199,20,True,1.5
8,0.25,0.1,0.8,0.07697496659005681,0.03,8,1e-07,42,256,65,7398,1.0,-5.0000000000001865,-4.717354222239791,0.05652915555207694,72,100,100,False,nan,nan,nan,0.36201117001473904,0.2,98,True,-5.000000000000052,35.72079719789326,253.5,238,20,False,0.0
8,0.05,0.5,0.5,0.2973391221610923,0.01,3,0.0001,42,256,14,33286,1.0,-4.999999999999895,-5.0,2.0961010704923395e-14,14,5,300,True,4,14,14,0.007597597083076835,0.3,19,True,-5.000000000000022,14.829244850901887,246.5,214,20,True,1.3571428571428572
8,0.25,0.1,0.5,0.07697496659005681,0.03,8,1e-06,42,256,65,7398,1.0,-5.0000000000001865,-3.2899471777670066,0.3420105644466232,29,100,100,False,nan,nan,nan,0.15567551995627582,0.3,92,True,-5.0000000000001315,35.50937575404532,255.0,245,20,False,0.0
8,0.25,0.25,0.8,0.07697496659005681,0.03,8,0.0001,42,256,65,17130,1.0,-4.999999999999705,-3.2214717620758817,0.3557056475847857,2,100,100,False,nan,nan,nan,0.08820002316497266,0.4,91,True,-5.00000000000008,25.81051944894716,251.5,237,20,False,0.0
8,0.25,0.25,0.8,0.07697496659005681,0.03,8,1e-05,42,256,65,17130,1.0,-4.999999999999705,-3.2214717620758817,0.3557056475847857,2,100,100,False,nan,nan,nan,0.08828505780547857,0.6,86,True,-5.000000000000095,25.60777290002443,252.5,245,20,False,0.0
8,0.05,0.5,0.8,0.2973391221610923,0.01,3,1e-07,42,256,14,33286,1.0,-4.999999999999895,-5.0,2.0961010704923395e-14,14,5,300,True,4,14,14,0.008043370908126235,0.9,23,True,-5.000000000000022,14.970128095010296,236.0,212,20,True,1.6428571428571428
8,0.25,0.1,0.8,0.07697496659005681,0.03,8,0.0001,42,256,65,7398,1.0,-5.0000000000001865,-2.39660387876728,0.5206792242465619,2,100,100,False,nan,nan,nan,0.08256051200442016,0.8,95,True,-5.000000000000125,35.2423906319309,253.0,235,20,False,0.0
8,0.25,0.1,0.5,0.07697496659005681,0.03,8,0.0001,42,256,65,7398,1.0,-5.0000000000001865,-2.39660387876728,0.5206792242465619,2,100,100,False,nan,nan,nan,0.08108922303654253,0.2,88,True,-5.000000000000025,35.053423650795594,253.0,241,20,False,0.0
8,0.25,0.1,0.8,0.07697496659005681,0.03,8,1e-05,42,256,65,7398,1.0,-5.0000000000001865,-2.414396103769006,0.5171207792462168,5,100,100,False,nan,nan,nan,0.08895516092889011,1.0,92,True,-5.000000000000094,37.07513562985696,255.5,249,20,False,0.0
8,0.05,0.1,0.3,0.2973391221610923,0.01,3,1e-06,42,256,14,7190,1.0,-4.999999999999993,-5.0,1.4210854715202024e-15,14,7,300,True,6,16,14,0.0070590360555797815,0.9,27,True,-5.000000000000035,15.18366442900151,242.5,197,20,True,1.9285714285714286
8,0.25,0.5,0.5,0.07697496659005681,0.03,8,1e-07,42,256,65,33318,1.0,-4.999999999999581,-5.000000000000008,8.544276397515921e-14,65,19,100,True,17,62,62,0.06538148201070726,0.4,91,True,-5.000000000000057,21.75792931811884,253.5,239,20,True,1.467741935483871
8,0.05,0.1,0.8,0.2973391221610923,0.01,3,1e-06,42,256,14,7190,1.0,-4.999999999999993,-5.0,1.4210854715202024e-15,14,7,300,True,6,16,14,0.007830383023247123,0.7,24,True,-5.00000000000002,15.486266714055091,246.5,215,20,True,1.7142857142857142
8,0.25,0.5,0.5,0.07697496659005681,0.03,8,1e-06,42,256,65,33318,1.0,-4.999999999999581,-3.596924151580049,0.2806151696839299,4,100,100,False,nan,nan,nan,0.10893011908046901,0.2,85,True,-5.000000000000079,21.7937264861539,251.5,242,20,False,0.0
8,0.25,0.25,0.5,0.07697496659005681,0.03,8,1e-05,42,256,65,17130,1.0,-4.999999999999705,-3.2214717620758817,0.3557056475847857,2,100,100,False,nan,nan,nan,0.09187540505081415,0.6,92,True,-5.000000000000034,26.151755352970213,254.0,247,20,False,0.0
8,0.25,0.25,0.5,0.07697496659005681,0.03,8,0.0001,42,256,65,17130,1.0,-4.999999999999705,-3.2214717620758817,0.3557056475847857,2,100,100,False,nan,nan,nan,0.09274434088729322,0.8,88,True,-5.000000000000049,25.91163702495396,253.5,240,20,False,0.0
8,0.25,0.25,0.8,0.07697496659005681,0.03,8,1e-07,42,256,65,17130,1.0,-4.999999999999705,-5.0000000000000036,5.968558980385194e-14,65,24,100,True,22,66,61,0.08294896711595356,0.8,94,True,-5.00000000000006,26.680888351984322,252.5,244,20,True,1.540983606557377
8,0.05,0.1,0.3,0.2973391221610923,0.01,3,0.0001,42,256,14,7190,1.0,-4.999999999999993,-4.999999999999999,1.243449787580177e-15,14,11,300,True,10,16,14,0.010208921041339636,0.4,18,True,-5.000000000000039,15.24789538490586,251.0,198,20,True,1.2857142857142858
8,0.05,0.1,0.3,0.2973391221610923,0.01,3,1e-05,42,256,14,7190,1.0,-4.999999999999993,-5.0,1.4210854715202024e-15,14,9,300,True,8,16,14,0.00865849805995822,1.0,19,True,-5.000000000000023,15.266076338011771,244.0,222,20,True,1.3571428571428572
8,0.1,0.25,0.3,0.2227822150580107,0.01,3,0.0001,42,256,27,17068,1.0,-4.999999999999893,-4.088127514756126,0.1823744970487574,2,300,300,False,nan,nan,nan,0.23034418001770973,1.0,40,True,-5.0000000000000435,21.70104203489609,250.0,230,20,False,0.0
8,0.1,0.25,0.3,0.2227822150580107,0.01,3,1e-05,42,256,27,17068,1.0,-4.999999999999893,-4.088127514756126,0.1823744970487574,2,300,300,False,nan,nan,nan,0.23441924201324582,1.0,36,True,-5.000000000000067,21.49771394697018,247.5,217,20,False,0.0
8,0.05,0.25,0.8,0.2973391221610923,0.01,3,1e-06,42,256,14,17050,1.0,-5.000000000000121,-5.000000000000001,2.39808173319028e-14,14,6,300,True,5,15,14,0.007290435954928398,0.6,18,True,-5.000000000000025,13.607961426954716,246.0,206,20,True,1.2857142857142858
8,0.1,0.25,0.1,0.11411892618047272,0.01,3,1e-05,42,256,27,17068,1.0,-4.999999999999893,-3.7821164087992334,0.24357671824013719,3,300,300,False,nan,nan,nan,0.24179235310293734,0.9,45,True,-5.000000000000059,21.68991918908432,246.0,228,20,False,0.0
8,0.05,0.25,0.1,0.09491866551287778,0.01,3,1e-07,42,256,14,17050,1.0,-5.000000000000121,-4.999999999999997,2.4691360067662886e-14,14,6,300,True,5,16,14,0.008039650972932577,0.7,21,True,-5.000000000000014,13.822330469964072,248.5,204,20,True,1.5
8,0.25,0.5,0.1,0.07697496659005681,0.03,8,1e-07,42,256,65,33318,1.0,-4.999999999999581,-5.000000000000008,8.544276397515921e-14,65,19,100,True,17,62,62,0.0642441469244659,0.5,94,True,-5.0000000000000595,21.74764182907529,252.0,238,20,True,1.5161290322580645
8,0.25,0.5,0.1,0.07697496659005681,0.03,8,1e-05,42,256,65,33318,1.0,-4.999999999999581,-3.596065663815194,0.2807868672369009,2,100,100,False,nan,nan,nan,0.09635114599950612,0.4,86,True,-5.000000000000054,21.716254523023963,251.0,243,20,False,0.0
8,0.05,0.25,0.1,0.09491866551287778,0.01,3,1e-06,42,256,14,17050,1.0,-5.000000000000121,-4.999999999999997,2.4691360067662886e-14,14,6,300,True,5,14,14,0.007828695001080632,0.9,18,True,-5.000000000000019,13.98162622610107,242.0,185,20,True,1.2857142857142858
8,0.25,0.25,0.5,0.07697496659005681,0.03,8,1e-06,42,256,65,17130,1.0,-4.999999999999705,-3.473406208346921,0.30531875833057487,13,100,100,False,nan,nan,nan,0.13640139298513532,1.0,81,True,-5.000000000000054,25.594081703107804,253.0,239,20,False,0.0
8,0.1,0.25,0.3,0.2227822150580107,0.01,3,1e-06,42,256,27,17068,1.0,-4.999999999999893,-4.272080845920546,0.1455838308158726,15,300,300,False,nan,nan,nan,0.36773962806910276,0.4,43,True,-5.000000000000057,21.845414395909756,250.0,227,20,False,0.0
8,0.05,0.5,0.3,0.2973391221610923,0.01,3,1e-06,42,256,14,33286,1.0,-4.999999999999895,-5.0,2.0961010704923395e-14,14,5,300,True,4,14,14,0.007895039161667228,0.5,21,True,-5.000000000000023,15.01740747783333,243.5,220,20,True,1.5
8,0.1,0.25,0.1,0.11411892618047272,0.01,3,0.0001,42,256,27,17068,1.0,-4.999999999999893,-3.780212281463017,0.2439575437073805,2,300,300,False,nan,nan,nan,0.2351232620421797,0.8,41,True,-5.000000000000058,21.630490401992574,248.0,225,20,False,0.0
8,0.05,0.1,0.1,0.09491866551287778,0.01,3,1e-05,42,256,14,7190,1.0,-4.999999999999993,-5.0000000000000036,2.1316282072803036e-15,14,10,300,True,9,16,14,0.010069983080029488,0.7,19,True,-5.000000000000026,15.622232964029536,239.5,203,20,True,1.3571428571428572
8,0.25,0.25,0.5,0.07697496659005681,0.03,8,1e-07,42,256,65,17130,1.0,-4.999999999999705,-5.0000000000000036,5.968558980385194e-14,65,24,100,True,22,66,61,0.07787997182458639,0.4,83,True,-5.000000000000053,25.844288724008948,253.5,244,20,True,1.360655737704918
8,0.1,0.25,0.3,0.2227822150580107,0.01,3,1e-07,42,256,27,17068,1.0,-4.999999999999893,-4.999999999999997,2.0783375020983374e-14,27,16,300,True,15,28,26,0.02456709393300116,0.4,40,True,-5.0000000000000595,21.741398021113127,247.0,211,20,True,1.5384615384615385
8,0.25,0.5,0.1,0.07697496659005681,0.03,8,1e-06,42,256,65,33318,1.0,-4.999999999999581,-3.596924151580049,0.2806151696839299,4,100,100,False,nan,nan,nan,0.10873227217234671,0.5,86,True,-5.000000000000034,21.630302800098434,252.5,247,20,False,0.0
8,0.05,0.1,0.1,0.09491866551287778,0.01,3,0.0001,42,256,14,7190,1.0,-4.999999999999993,-2.687447033583163,0.46251059328336663,2,300,300,False,nan,nan,nan,0.2162237069569528,0.4,22,True,-5.00000000000003,15.349383165827021,243.5,188,20,False,0.0
8,0.25,0.5,0.3,0.07697496659005681,0.03,8,1e-07,42,256,65,33318,1.0,-4.999999999999581,-5.000000000000008,8.544276397515921e-14,65,19,100,True,17,62,62,0.06423055287450552,0.9,90,True,-5.000000000000074,21.435817135032266,252.5,241,20,True,1.4516129032258065
8,0.05,0.25,0.8,0.2973391221610923,0.01,3,0.0001,42,256,14,17050,1.0,-5.000000000000121,-5.000000000000001,2.39808173319028e-14,14,6,300,True,5,15,14,0.007431684993207455,0.3,24,True,-5.000000000000016,13.745803103083745,246.0,203,20,True,1.7142857142857142
8,0.05,0.1,0.3,0.2973391221610923,0.01,3,1e-07,42,256,14,7190,1.0,-4.999999999999993,-5.000000000000002,1.776356839400253e-15,14,7,300,True,6,15,14,0.008258787915110588,0.5,25,True,-5.000000000000031,15.950755927944556,242.0,205,20,True,1.7857142857142858
8,0.05,0.25,0.8,0.2973391221610923,0.01,3,1e-05,42,256,14,17050,1.0,-5.000000000000121,-5.000000000000001,2.39808173319028e-14,14,6,300,True,5,15,14,0.007188484072685242,0.2,20,True,-5.0000000000000195,13.754506683908403,244.5,196,20,True,1.4285714285714286
8,0.25,0.5,0.3,0.07697496659005681,0.03,8,0.0001,42,256,65,33318,1.0,-4.999999999999581,-3.596065663815194,0.2807868672369009,2,100,100,False,nan,nan,nan,0.09834414697252214,0.4,88,True,-5.000000000000081,21.791812566109,254.5,244,20,False,0.0
8,0.25,0.5,0.1,0.07697496659005681,0.03,8,0.0001,42,256,65,33318,1.0,-4.999999999999581,-3.596065663815194,0.2807868672369009,2,100,100,False,nan,nan,nan,0.0972820830065757,0.5,87,True,-5.000000000000063,21.75904274894856,250.5,239,20,False,0.0
8,0.25,0.5,0.3,0.07697496659005681,0.03,8,1e-05,42,256,65,33318,1.0,-4.999999999999581,-3.596065663815194,0.2807868672369009,2,100,100,False,nan,nan,nan,0.10095346719026566,0.5,81,True,-5.000000000000087,22.330252437852323,254.5,245,20,False,0.0
8,0.05,0.5,0.5,0.2973391221610923,0.01,3,1e-07,42,256,14,33286,1.0,-4.999999999999895,-5.0,2.0961010704923395e-14,14,5,300,True,4,14,14,0.00784977781586349,0.6,20,True,-5.000000000000032,14.855245128972456,246.0,202,20,True,1.4285714285714286
8,0.1,0.5,0.8,0.2227822150580107,0.01,3,0.0001,42,256,27,33292,1.0,-4.999999999999962,-4.999999999999995,6.572520305780977e-15,27,11,300,True,9,26,26,0.01956468098796904,0.8,37,True,-5.0000000000000355,18.487807390047237,250.0,217,20,True,1.4230769230769231
8,0.05,0.1,0.5,0.2973391221610923,0.01,3,1e-05,42,256,14,7190,1.0,-4.999999999999993,-5.0,1.4210854715202024e-15,14,9,300,True,8,16,14,0.008964810986071825,0.6,24,True,-5.000000000000031,15.231675941031426,244.0,208,20,True,1.7142857142857142
8,0.05,0.1,0.5,0.2973391221610923,0.01,3,1e-07,42,256,14,7190,1.0,-4.999999999999993,-5.000000000000002,1.776356839400253e-15,14,7,300,True,6,15,14,0.007491085911169648,1.0,20,True,-5.000000000000044,15.20327806705609,245.5,195,20,True,1.4285714285714286
8,0.05,0.5,0.5,0.2973391221610923,0.01,3,1e-06,42,256,14,33286,1.0,-4.999999999999895,-5.0,2.0961010704923395e-14,14,5,300,True,4,14,14,0.00807304005138576,0.9,23,True,-5.0000000000000195,15.133607172872871,245.5,228,20,True,1.6428571428571428
8,0.05,0.1,0.1,0.09491866551287778,0.01,3,1e-06,42,256,14,7190,1.0,-4.999999999999993,-5.000000000000003,1.9539925233402784e-15,14,8,300,True,7,15,14,0.00837785005569458,0.9,22,True,-5.000000000000056,15.257170039927587,241.5,195,20,True,1.5714285714285714
8,0.05,0.25,0.5,0.2973391221610923,0.01,3,1e-05,42,256,14,17050,1.0,-5.000000000000121,-5.000000000000001,2.39808173319028e-14,14,6,300,True,5,15,14,0.007513747084885836,0.9,24,True,-5.000000000000026,13.813738449010998,247.0,195,20,True,1.7142857142857142
8,0.05,0.1,0.1,0.09491866551287778,0.01,3,1e-07,42,256,14,7190,1.0,-4.999999999999993,-5.000000000000003,1.9539925233402784e-15,14,8,300,True,7,16,14,0.008615517988801003,0.7,24,True,-5.000000000000034,15.53449306706898,235.5,179,20,True,1.7142857142857142
8,0.05,0.25,0.5,0.2973391221610923,0.01,3,0.0001,42,256,14,17050,1.0,-5.000000000000121,-5.000000000000001,2.39808173319028e-14,14,6,300,True,5,15,14,0.00762560311704874,0.7,23,True,-5.000000000000028,13.897597635164857,242.5,197,20,True,1.6428571428571428
8,0.1,0.5,0.5,0.2227822150580107,0.01,3,1e-05,42,256,27,33292,1.0,-4.999999999999962,-4.999999999999995,6.572520305780977e-15,27,11,300,True,9,26,26,0.01884085708297789,0.3,42,True,-5.000000000000069,18.33126563904807,246.0,223,20,True,1.6153846153846154
8,0.05,0.1,0.5,0.2973391221610923,0.01,3,1e-06,42,256,14,7190,1.0,-4.999999999999993,-5.0,1.4210854715202024e-15,14,7,300,True,6,16,14,0.00739816902205348,0.7,23,True,-5.000000000000034,15.317937506129965,243.0,207,20,True,1.6428571428571428
8,0.05,0.1,0.8,0.2973391221610923,0.01,3,1e-07,42,256,14,7190,1.0,-4.999999999999993,-5.000000000000002,1.776356839400253e-15,14,7,300,True,6,15,14,0.007555491058155894,1.0,20,True,-5.000000000000037,15.30596265103668,243.5,209,20,True,1.4285714285714286
8,0.1,0.5,0.8,0.2227822150580107,0.01,3,1e-05,42,256,27,33292,1.0,-4.999999999999962,-4.999999999999995,6.572520305780977e-15,27,11,300,True,9,26,26,0.019118394004181027,0.5,46,True,-5.000000000000044,18.53390023089014,250.0,230,20,True,1.7692307692307692
8,0.05,0.25,0.8,0.2973391221610923,0.01,3,1e-07,42,256,14,17050,1.0,-5.000000000000121,-5.000000000000001,2.39808173319028e-14,14,6,300,True,5,15,14,0.008977057877928019,0.8,18,True,-5.000000000000033,14.435654415981844,244.5,206,20,True,1.2857142857142858
8,0.1,0.5,0.5,0.2227822150580107,0.01,3,0.0001,42,256,27,33292,1.0,-4.999999999999962,-4.999999999999995,6.572520305780977e-15,27,11,300,True,9,26,26,0.019244897877797484,0.7,35,True,-5.000000000000033,18.314381279051304,246.0,223,20,True,1.3461538461538463
8,0.05,0.1,0.8,0.2973391221610923,0.01,3,0.0001,42,256,14,7190,1.0,-4.999999999999993,-4.999999999999999,1.243449787580177e-15,14,11,300,True,10,16,14,0.010528510203585029,0.6,23,True,-5.000000000000042,15.548340497072786,246.5,201,20,True,1.6428571428571428
8,0.05,0.1,0.5,0.2973391221610923,0.01,3,0.0001,42,256,14,7190,1.0,-4.999999999999993,-4.999999999999999,1.243449787580177e-15,14,11,300,True,10,16,14,0.010066764894872904,0.2,24,True,-5.000000000000035,15.280086699873209,243.5,207,20,True,1.7142857142857142
8,0.1,0.5,0.8,0.2227822150580107,0.01,3,1e-06,42,256,27,33292,1.0,-4.999999999999962,-4.999999999999995,6.572520305780977e-15,27,11,300,True,9,26,26,0.01950775901786983,0.3,45,True,-5.000000000000047,18.5316535520833,247.5,232,20,True,1.7307692307692308
8,0.1,0.5,0.8,0.2227822150580107,0.01,3,1e-07,42,256,27,33292,1.0,-4.999999999999962,-4.999999999999997,7.105427357601056e-15,27,10,300,True,9,28,26,0.018167105969041586,0.7,35,True,-5.000000000000057,18.471798753133044,251.5,217,20,True,1.3461538461538463
8,0.05,0.1,0.8,0.2973391221610923,0.01,3,1e-05,42,256,14,7190,1.0,-4.999999999999993,-5.0,1.4210854715202024e-15,14,9,300,True,8,16,14,0.009156417101621628,0.4,29,True,-5.000000000000028,15.784620016813278,245.5,221,20,True,2.0714285714285716
8,0.05,0.5,0.1,0.09491866551287778,0.01,3,1e-05,42,256,14,33286,1.0,-4.999999999999895,-5.000000000000003,2.149391775674348e-14,14,6,300,True,5,15,14,0.008537542074918747,0.4,19,True,-5.000000000000016,14.7564566610381,242.5,199,20,True,1.3571428571428572
8,0.05,0.5,0.1,0.09491866551287778,0.01,3,1e-07,42,256,14,33286,1.0,-4.999999999999895,-5.000000000000003,2.149391775674348e-14,14,6,300,True,5,15,14,0.00899119395762682,0.9,21,True,-5.00000000000002,14.69348154310137,249.0,193,20,True,1.5
8,0.05,0.25,0.5,0.2973391221610923,0.01,3,1e-06,42,256,14,17050,1.0,-5.000000000000121,-5.000000000000001,2.39808173319028e-14,14,6,300,True,5,15,14,0.007719281828030944,0.3,19,True,-5.000000000000034,13.955120742088184,248.5,173,20,True,1.3571428571428572
8,0.05,0.25,0.5,0.2973391221610923,0.01,3,1e-07,42,256,14,17050,1.0,-5.000000000000121,-5.000000000000001,2.39808173319028e-14,14,6,300,True,5,15,14,0.008490220876410604,0.5,19,True,-5.00000000000002,13.94190557510592,243.5,210,20,True,1.3571428571428572
8,0.1,0.1,0.3,0.2227822150580107,0.01,3,1e-06,42,256,27,7310,1.0,-4.999999999999297,-4.232787306699574,0.15344253865996604,27,300,300,False,nan,nan,nan,0.3857237750198692,0.7,44,True,-5.00000000000006,29.263365995837376,250.5,224,20,False,0.0
8,0.05,0.5,0.1,0.09491866551287778,0.01,3,1e-06,42,256,14,33286,1.0,-4.999999999999895,-5.000000000000003,2.149391775674348e-14,14,6,300,True,5,15,14,0.008706013904884458,0.7,19,True,-5.000000000000028,14.856191494967788,244.5,221,20,True,1.3571428571428572
8,0.05,0.5,0.3,0.2973391221610923,0.01,3,1e-07,42,256,14,33286,1.0,-4.999999999999895,-5.0,2.0961010704923395e-14,14,5,300,True,4,14,14,0.007657703943550587,0.2,18,True,-5.000000000000029,14.845021368935704,239.5,216,20,True,1.2857142857142858
8,0.1,0.1,0.8,0.2227822150580107,0.01,3,1e-06,42,256,27,7310,1.0,-4.999999999999297,-4.232787306699574,0.15344253865996604,27,300,300,False,nan,nan,nan,0.3975081220269203,0.7,47,True,-5.000000000000018,29.68904414679855,249.0,226,20,False,0.0
8,0.05,0.5,0.1,0.09491866551287778,0.01,3,0.0001,42,256,14,33286,1.0,-4.999999999999895,-5.000000000000003,2.149391775674348e-14,14,6,300,True,5,15,14,0.00861956481821835,1.0,17,True,-5.000000000000043,14.771927278954536,245.0,175,20,True,1.2142857142857142
8,0.1,0.1,0.3,0.2227822150580107,0.01,3,0.0001,42,256,27,7310,1.0,-4.999999999999297,-4.028228476810032,0.19435430463788028,2,300,300,False,nan,nan,nan,0.21669449703767896,1.0,45,True,-4.999999999999997,29.356271833879873,247.0,216,20,False,0.0
8,0.1,0.25,0.1,0.11411892618047272,0.01,3,1e-07,42,256,27,17068,1.0,-4.999999999999893,-4.999999999999997,2.0783375020983374e-14,27,20,300,True,18,26,26,0.03221513889729977,0.7,37,True,-5.000000000000059,22.067599198082462,246.0,214,20,True,1.4230769230769231
8,0.05,0.5,0.3,0.2973391221610923,0.01,3,0.0001,42,256,14,33286,1.0,-4.999999999999895,-5.0,2.0961010704923395e-14,14,5,300,True,4,14,14,0.007634429028257728,0.6,21,True,-5.000000000000021,15.046757420990616,244.0,196,20,True,1.5
8,0.1,0.1,0.3,0.2227822150580107,0.01,3,1e-05,42,256,27,7310,1.0,-4.999999999999297,-4.0477577666957725,0.1904484466607316,8,300,300,False,nan,nan,nan,0.24940882506780326,0.6,38,True,-5.000000000000034,29.52489865384996,247.5,226,20,False,0.0
8,0.1,0.25,0.1,0.11411892618047272,0.01,3,1e-06,42,256,27,17068,1.0,-4.999999999999893,-3.8836752511425283,0.2232649497714778,20,300,300,False,nan,nan,nan,0.42881686985492706,0.6,38,True,-5.00000000000007,22.153723345836625,252.5,236,20,False,0.0
8,0.05,0.5,0.3,0.2973391221610923,0.01,3,1e-05,42,256,14,33286,1.0,-4.999999999999895,-5.0,2.0961010704923395e-14,14,5,300,True,4,14,14,0.007709316909313202,0.4,21,True,-5.000000000000023,15.094261203194037,238.5,203,20,True,1.5
8,0.1,0.1,0.1,0.11411892618047272,0.01,3,1e-05,42,256,27,7310,1.0,-4.999999999999297,-3.747136723746668,0.25057265525056094,8,300,300,False,nan,nan,nan,0.2719182800501585,0.3,47,True,-5.000000000000031,29.841018880950287,249.0,221,20,False,0.0
8,0.25,0.25,0.3,0.07697496659005681,0.01,3,0.0001,42,256,65,17130,1.0,-4.999999999999705,-3.2214717620758817,0.3557056475847857,2,300,300,False,nan,nan,nan,0.23397120903246105,0.4,92,True,-5.000000000000064,26.00476664188318,254.0,245,20,False,0.0
8,0.1,0.1,0.1,0.11411892618047272,0.01,3,0.0001,42,256,27,7310,1.0,-4.999999999999297,-3.7202346101942885,0.2559530779610376,2,300,300,False,nan,nan,nan,0.22578070405870676,0.6,46,True,-5.000000000000055,29.470945704961196,246.0,219,20,False,0.0
8,0.1,0.1,0.3,0.2227822150580107,0.01,3,1e-07,42,256,27,7310,1.0,-4.999999999999297,-5.0,1.4068746168051963e-13,27,30,300,True,29,29,27,0.05134654510766268,0.4,45,True,-5.000000000000071,31.73876345390454,253.0,236,20,True,1.6666666666666667
8,0.25,0.25,0.3,0.07697496659005681,0.01,3,1e-05,42,256,65,17130,1.0,-4.999999999999705,-3.2214717620758817,0.3557056475847857,2,300,300,False,nan,nan,nan,0.23541673505678773,0.4,86,True,-5.000000000000058,25.825753573793918,254.0,243,20,False,0.0
8,0.25,0.25,0.1,0.07697496659005681,0.01,3,0.0001,42,256,65,17130,1.0,-4.999999999999705,-3.2214717620758817,0.3557056475847857,2,300,300,False,nan,nan,nan,0.2364556109532714,0.7,98,True,-5.000000000000106,25.51877054409124,254.0,238,20,False,0.0
8,0.25,0.25,0.1,0.07697496659005681,0.01,3,1e-05,42,256,65,17130,1.0,-4.999999999999705,-3.2214717620758817,0.3557056475847857,2,300,300,False,nan,nan,nan,0.23209373489953578,1.0,90,True,-5.000000000000048,25.51714875595644,253.0,244,20,False,0.0
8,0.1,0.5,0.3,0.2227822150580107,0.01,3,1e-06,42,256,27,33292,1.0,-4.999999999999962,-4.999999999999995,6.572520305780977e-15,27,11,300,True,9,26,26,0.01973616797477007,0.9,38,True,-5.000000000000037,18.423069826094434,250.5,228,20,True,1.4615384615384615
8,0.1,0.5,0.5,0.2227822150580107,0.01,3,1e-07,42,256,27,33292,1.0,-4.999999999999962,-4.999999999999997,7.105427357601056e-15,27,10,300,True,9,28,26,0.01827707700431347,0.7,35,True,-5.000000000000062,18.440884293057024,248.0,213,20,True,1.3461538461538463
8,0.1,0.25,0.8,0.2227822150580107,0.01,3,1e-06,42,256,27,17068,1.0,-4.999999999999893,-4.272080845920546,0.1455838308158726,15,300,300,False,nan,nan,nan,0.3506914610043168,0.4,34,True,-5.000000000000099,21.35134841199033,249.5,230,20,False,0.0
8,0.25,0.25,0.3,0.07697496659005681,0.01,3,1e-06,42,256,65,17130,1.0,-4.999999999999705,-3.2287666468811222,0.3542466706237375,15,300,300,False,nan,nan,nan,0.37193568400107324,0.8,82,True,-5.000000000000042,26.20145285408944,253.0,246,20,False,0.0
8,0.25,0.25,0.3,0.07697496659005681,0.01,3,1e-07,42,256,65,17130,1.0,-4.999999999999705,-4.999999999999984,5.5777604757171156e-14,65,58,300,True,55,62,61,0.1568173859268427,0.6,84,True,-5.000000000000074,25.5913481998723,255.0,245,20,True,1.3770491803278688
8,0.1,0.25,0.8,0.2227822150580107,0.01,3,0.0001,42,256,27,17068,1.0,-4.999999999999893,-4.088127514756126,0.1823744970487574,2,300,300,False,nan,nan,nan,0.22594250715337694,0.6,44,True,-5.000000000000059,21.503935947082937,251.0,230,20,False,0.0
8,0.1,0.5,0.5,0.2227822150580107,0.01,3,1e-06,42,256,27,33292,1.0,-4.999999999999962,-4.999999999999995,6.572520305780977e-15,27,11,300,True,9,26,26,0.01916981884278357,0.9,37,True,-5.0000000000000275,18.486283311154693,249.0,230,20,True,1.4230769230769231
8,0.1,0.1,0.5,0.2227822150580107,0.01,3,1e-07,42,256,27,7310,1.0,-4.999999999999297,-5.0,1.4068746168051963e-13,27,30,300,True,29,29,27,0.04838948603719473,0.5,44,True,-5.000000000000052,29.792865260038525,244.5,209,20,True,1.6296296296296295
8,0.1,0.1,0.1,0.11411892618047272,0.01,3,1e-06,42,256,27,7310,1.0,-4.999999999999297,-4.01179032503334,0.19764193499321908,21,300,300,False,nan,nan,nan,0.3545929458923638,0.5,45,True,-5.00000000000003,28.982673744903877,248.0,225,20,False,0.0
8,0.1,0.1,0.5,0.2227822150580107,0.01,3,1e-05,42,256,27,7310,1.0,-4.999999999999297,-4.0477577666957725,0.1904484466607316,8,300,300,False,nan,nan,nan,0.25363145489245653,0.8,44,True,-5.000000000000038,29.10228489409201,250.0,198,20,False,0.0
8,0.1,0.25,0.8,0.2227822150580107,0.01,3,1e-05,42,256,27,17068,1.0,-4.999999999999893,-4.088127514756126,0.1823744970487574,2,300,300,False,nan,nan,nan,0.23029297008179128,0.4,39,True,-5.000000000000055,21.715015790890902,251.5,240,20,False,0.0
8,0.1,0.1,0.1,0.11411892618047272,0.01,3,1e-07,42,256,27,7310,1.0,-4.999999999999297,-4.999999999999998,1.4033219031263953e-13,27,33,300,True,32,29,27,0.056787961861118674,0.9,45,True,-5.00000000000007,30.064328282140195,253.0,230,20,True,1.6666666666666667
8,0.1,0.1,0.8,0.2227822150580107,0.01,3,1e-07,42,256,27,7310,1.0,-4.999999999999297,-5.0,1.4068746168051963e-13,27,30,300,True,29,29,27,0.04809392895549536,0.6,41,True,-5.000000000000057,29.291598041076213,250.0,226,20,True,1.5185185185185186
8,0.1,0.1,0.5,0.2227822150580107,0.01,3,1e-06,42,256,27,7310,1.0,-4.999999999999297,-4.232787306699574,0.15344253865996604,27,300,300,False,nan,nan,nan,0.3934110898990184,0.6,41,True,-5.000000000000128,29.015439614187926,249.5,207,20,False,0.0
8,0.1,0.1,0.5,0.2227822150580107,0.01,3,0.0001,42,256,27,7310,1.0,-4.999999999999297,-4.028228476810032,0.19435430463788028,2,300,300,False,nan,nan,nan,0.2167256479151547,0.4,42,True,-5.000000000000036,29.925115247024223,251.0,234,20,False,0.0
8,0.1,0.1,0.8,0.2227822150580107,0.01,3,0.0001,42,256,27,7310,1.0,-4.999999999999297,-4.028228476810032,0.19435430463788028,2,300,300,False,nan,nan,nan,0.21854046499356627,0.5,46,True,-5.000000000000049,30.161926751956344,251.0,244,20,False,0.0
8,0.1,0.25,0.5,0.2227822150580107,0.01,3,1e-05,42,256,27,17068,1.0,-4.999999999999893,-4.088127514756126,0.1823744970487574,2,300,300,False,nan,nan,nan,0.22898888518102467,0.5,44,True,-5.000000000000044,21.553813787177205,251.5,233,20,False,0.0
8,0.1,0.1,0.8,0.2227822150580107,0.01,3,1e-05,42,256,27,7310,1.0,-4.999999999999297,-4.0477577666957725,0.1904484466607316,8,300,300,False,nan,nan,nan,0.26101440098136663,1.0,44,True,-5.000000000000018,29.822036487981677,252.0,213,20,False,0.0
8,0.25,0.5,0.8,0.07697496659005681,0.01,3,0.0001,42,256,65,33318,1.0,-4.999999999999581,-3.596065663815194,0.2807868672369009,2,300,300,False,nan,nan,nan,0.24448757292702794,0.5,87,True,-5.000000000000102,21.321253835922107,251.0,237,20,False,0.0
8,0.1,0.25,0.5,0.2227822150580107,0.01,3,0.0001,42,256,27,17068,1.0,-4.999999999999893,-4.088127514756126,0.1823744970487574,2,300,300,False,nan,nan,nan,0.22705633100122213,0.4,41,True,-5.000000000000058,21.57021421403624,245.5,215,20,False,0.0
8,0.1,0.25,0.8,0.2227822150580107,0.01,3,1e-07,42,256,27,17068,1.0,-4.999999999999893,-4.999999999999997,2.0783375020983374e-14,27,16,300,True,15,28,26,0.02580661280080676,1.0,43,True,-5.0000000000000435,22.30894676805474,250.5,237,20,True,1.6538461538461537
8,0.1,0.5,0.1,0.11411892618047272,0.01,3,1e-07,42,256,27,33292,1.0,-4.999999999999962,-5.000000000000001,7.815970093361161e-15,27,11,300,True,9,26,26,0.019020491978153586,1.0,35,True,-5.000000000000038,18.132100036134943,247.0,220,20,True,1.3461538461538463
8,0.1,0.5,0.1,0.11411892618047272,0.01,3,1e-05,42,256,27,33292,1.0,-4.999999999999962,-5.000000000000001,7.815970093361161e-15,27,11,300,True,9,26,26,0.018847809871658683,0.1,44,True,-5.00000000000004,18.147292745066807,249.0,235,20,True,1.6923076923076923
8,0.25,0.5,0.5,0.07697496659005681,0.01,3,0.0001,42,256,65,33318,1.0,-4.999999999999581,-3.596065663815194,0.2807868672369009,2,300,300,False,nan,nan,nan,0.24540700786747038,0.7,91,True,-5.000000000000086,21.511838333215564,253.5,237,20,False,0.0
8,0.25,0.5,0.8,0.07697496659005681,0.01,3,1e-05,42,256,65,33318,1.0,-4.999999999999581,-3.596065663815194,0.2807868672369009,2,300,300,False,nan,nan,nan,0.24477227684110403,0.2,94,True,-5.000000000000097,21.83207705197856,252.0,246,20,False,0.0
8,0.25,0.5,0.5,0.07697496659005681,0.01,3,1e-05,42,256,65,33318,1.0,-4.999999999999581,-3.596065663815194,0.2807868672369009,2,300,300,False,nan,nan,nan,0.24248045613057911,0.4,80,True,-5.00000000000005,21.80095436400734,254.0,241,20,False,0.0
8,0.1,0.5,0.3,0.2227822150580107,0.01,3,1e-07,42,256,27,33292,1.0,-4.999999999999962,-4.999999999999997,7.105427357601056e-15,27,10,300,True,9,28,26,0.017825375078245997,0.4,38,True,-5.0000000000000515,18.145261588972062,244.0,219,20,True,1.4615384615384615
8,0.1,0.25,0.5,0.2227822150580107,0.01,3,1e-06,42,256,27,17068,1.0,-4.999999999999893,-4.272080845920546,0.1455838308158726,15,300,300,False,nan,nan,nan,0.36152550717815757,0.1,42,True,-5.0000000000000515,21.427407409995794,250.0,233,20,False,0.0
8,0.25,0.5,0.8,0.07697496659005681,0.01,3,1e-06,42,256,65,33318,1.0,-4.999999999999581,-3.596924151580049,0.2806151696839299,4,300,300,False,nan,nan,nan,0.2799429791048169,0.2,98,True,-5.000000000000083,21.817777142161503,253.5,239,20,False,0.0
8,0.1,0.5,0.1,0.11411892618047272,0.01,3,1e-06,42,256,27,33292,1.0,-4.999999999999962,-5.000000000000001,7.815970093361161e-15,27,11,300,True,9,26,26,0.018710041185840964,0.9,40,True,-5.000000000000058,18.06945273396559,252.0,212,20,True,1.5384615384615385
8,0.25,0.5,0.8,0.07697496659005681,0.01,3,1e-07,42,256,65,33318,1.0,-4.999999999999581,-5.000000000000002,8.419931418757894e-14,65,43,300,True,40,61,61,0.12490054196678102,0.4,80,True,-5.000000000000073,21.432595796883106,253.5,244,20,True,1.3114754098360655
8,0.1,0.25,0.5,0.2227822150580107,0.01,3,1e-07,42,256,27,17068,1.0,-4.999999999999893,-4.999999999999997,2.0783375020983374e-14,27,16,300,True,15,28,26,0.024548155954107642,0.1,46,True,-5.000000000000063,21.67759684799239,248.5,218,20,True,1.7692307692307692
8,0.1,0.5,0.1,0.11411892618047272,0.01,3,0.0001,42,256,27,33292,1.0,-4.999999999999962,-5.000000000000001,7.815970093361161e-15,27,11,300,True,9,26,26,0.018943442963063717,1.0,35,True,-5.000000000000035,18.106708080042154,248.0,225,20,True,1.3461538461538463
8,0.25,0.25,0.1,0.07697496659005681,0.01,3,1e-07,42,256,65,17130,1.0,-4.999999999999705,-4.999999999999984,5.5777604757171156e-14,65,58,300,True,55,62,61,0.15468454780057073,0.8,87,True,-5.000000000000056,25.902651597047225,253.0,245,20,True,1.4262295081967213
8,0.1,0.5,0.3,0.2227822150580107,0.01,3,0.0001,42,256,27,33292,1.0,-4.999999999999962,-4.999999999999995,6.572520305780977e-15,27,11,300,True,9,26,26,0.019508709898218513,0.1,36,True,-5.000000000000055,18.565772607922554,247.5,210,20,True,1.3846153846153846
8,0.1,0.5,0.3,0.2227822150580107,0.01,3,1e-05,42,256,27,33292,1.0,-4.999999999999962,-4.999999999999995,6.572520305780977e-15,27,11,300,True,9,26,26,0.0201194379478693,0.7,39,True,-5.000000000000049,18.562239880906418,245.5,207,20,True,1.5
8,0.25,0.25,0.1,0.07697496659005681,0.01,3,1e-06,42,256,65,17130,1.0,-4.999999999999705,-3.2287666468811222,0.3542466706237375,15,300,300,False,nan,nan,nan,0.37155568203888834,0.1,85,True,-5.0000000000000595,25.933048001956195,252.0,238,20,False,0.0
8,0.25,0.1,0.3,0.07697496659005681,0.01,3,1e-06,42,256,65,7398,1.0,-5.0000000000001865,-3.175247013350314,0.36495059732996094,27,300,300,False,nan,nan,nan,0.3918277018237859,0.4,91,True,-5.000000000000074,34.552084917901084,253.0,247,20,False,0.0
8,0.25,0.1,0.8,0.07697496659005681,0.01,3,1e-06,42,256,65,7398,1.0,-5.0000000000001865,-3.175247013350314,0.36495059732996094,27,300,300,False,nan,nan,nan,0.4041398190893233,0.1,102,True,-5.000000000000069,35.67890161299147,254.5,248,20,False,0.0
8,0.25,0.1,0.3,0.07697496659005681,0.01,3,0.0001,42,256,65,7398,1.0,-5.0000000000001865,-2.39660387876728,0.5206792242465619,2,300,300,False,nan,nan,nan,0.21355617698282003,0.3,95,True,-5.000000000000097,34.607044097967446,254.0,233,20,False,0.0
8,0.25,0.1,0.3,0.07697496659005681,0.01,3,1e-05,42,256,65,7398,1.0,-5.0000000000001865,-2.4092152449088453,0.5181569510182489,4,300,300,False,nan,nan,nan,0.22913761204108596,0.5,86,True,-5.0000000000001,35.639534988906235,254.5,242,20,False,0.0
8,0.25,0.1,0.1,0.07697496659005681,0.01,3,1e-05,42,256,65,7398,1.0,-5.0000000000001865,-2.4092152449088453,0.5181569510182489,4,300,300,False,nan,nan,nan,0.22924634302034974,0.4,91,True,-5.000000000000135,35.57688557403162,255.0,245,20,False,0.0
8,0.25,0.5,0.5,0.07697496659005681,0.01,3,1e-07,42,256,65,33318,1.0,-4.999999999999581,-5.000000000000002,8.419931418757894e-14,65,43,300,True,40,61,61,0.12613711296580732,0.5,84,True,-5.000000000000028,21.681483146036044,254.0,238,20,True,1.3770491803278688
8,0.25,0.1,0.1,0.07697496659005681,0.01,3,0.0001,42,256,65,7398,1.0,-5.0000000000001865,-2.39660387876728,0.5206792242465619,2,300,300,False,nan,nan,nan,0.22098459000699222,0.2,89,True,-5.0000000000001075,35.53264662111178,254.0,249,20,False,0.0
8,0.25,0.5,0.5,0.07697496659005681,0.01,3,1e-06,42,256,65,33318,1.0,-4.999999999999581,-3.596924151580049,0.2806151696839299,4,300,300,False,nan,nan,nan,0.2736304069403559,0.3,80,True,-5.000000000000049,21.593447759980336,254.0,241,20,False,0.0
8,0.25,0.1,0.3,0.07697496659005681,0.01,3,1e-07,42,256,65,7398,1.0,-5.0000000000001865,-4.516870586723544,0.09662588265532483,90,300,300,False,nan,nan,nan,1.7866691688541323,0.7,95,True,-5.000000000000063,36.267313881078735,252.0,240,20,False,0.0
8,0.25,0.1,0.5,0.07697496659005681,0.01,3,1e-05,42,256,65,7398,1.0,-5.0000000000001865,-2.4092152449088453,0.5181569510182489,4,300,300,False,nan,nan,nan,0.22750369389541447,0.1,92,True,-5.000000000000059,35.84232944413088,254.0,251,20,False,0.0
8,0.25,0.1,0.5,0.07697496659005681,0.01,3,1e-07,42,256,65,7398,1.0,-5.0000000000001865,-4.516870586723544,0.09662588265532483,90,300,300,False,nan,nan,nan,1.266759093850851,0.4,100,True,-5.000000000000093,35.31348882615566,253.5,238,20,False,0.0
8,0.25,0.5,0.3,0.07697496659005681,0.01,3,1e-06,42,256,65,33318,1.0,-4.999999999999581,-3.596924151580049,0.2806151696839299,4,300,300,False,nan,nan,nan,0.2825945320073515,0.1,93,True,-5.0000000000000835,22.093606219859794,254.0,244,20,False,0.0
8,0.25,0.1,0.5,0.07697496659005681,0.01,3,1e-06,42,256,65,7398,1.0,-5.0000000000001865,-3.175247013350314,0.36495059732996094,27,300,300,False,nan,nan,nan,0.3943240619264543,0.2,84,True,-5.000000000000072,34.48764269286767,253.0,244,20,False,0.0
8,0.25,0.1,0.8,0.07697496659005681,0.01,3,1e-07,42,256,65,7398,1.0,-5.0000000000001865,-4.516870586723544,0.09662588265532483,90,300,300,False,nan,nan,nan,1.275727802887559,0.9,90,True,-5.000000000000124,35.59043662506156,254.0,240,20,False,0.0
8,0.25,0.1,0.1,0.07697496659005681,0.01,3,1e-06,42,256,65,7398,1.0,-5.0000000000001865,-3.175247013350314,0.36495059732996094,27,300,300,False,nan,nan,nan,0.3968677190132439,0.5,93,True,-5.000000000000072,35.92042784392834,251.5,237,20,False,0.0
8,0.25,0.1,0.1,0.07697496659005681,0.01,3,1e-07,42,256,65,7398,1.0,-5.0000000000001865,-4.516870586723544,0.09662588265532483,90,300,300,False,nan,nan,nan,1.2773559188935906,0.5,88,True,-5.000000000000106,35.41247882298194,251.0,241,20,False,0.0
8,0.25,0.25,0.8,0.07697496659005681,0.01,3,1e-06,42,256,65,17130,1.0,-4.999999999999705,-3.2287666468811222,0.3542466706237375,15,300,300,False,nan,nan,nan,0.35767317307181656,1.0,79,True,-5.000000000000085,25.299807197181508,253.5,241,20,False,0.0
8,0.25,0.1,0.5,0.07697496659005681,0.01,3,0.0001,42,256,65,7398,1.0,-5.0000000000001865,-2.39660387876728,0.5206792242465619,2,300,300,False,nan,nan,nan,0.21770476992242038,0.9,99,True,-5.0000000000000915,35.41825349605642,251.5,243,20,False,0.0
8,0.25,0.1,0.8,0.07697496659005681,0.01,3,0.0001,42,256,65,7398,1.0,-5.0000000000001865,-2.39660387876728,0.5206792242465619,2,300,300,False,nan,nan,nan,0.22528558503836393,0.9,91,True,-5.000000000000104,36.810833970084786,254.0,248,20,False,0.0
8,0.25,0.1,0.8,0.07697496659005681,0.01,3,1e-05,42,256,65,7398,1.0,-5.0000000000001865,-2.4092152449088453,0.5181569510182489,4,300,300,False,nan,nan,nan,0.2324931148905307,0.4,103,True,-5.0000000000001155,35.942524957004935,254.5,245,20,False,0.0
8,0.25,0.25,0.8,0.07697496659005681,0.01,3,0.0001,42,256,65,17130,1.0,-4.999999999999705,-3.2214717620758817,0.3557056475847857,2,300,300,False,nan,nan,nan,0.22132892697118223,0.3,84,True,-5.000000000000084,24.622932265046984,252.0,243,20,False,0.0
8,0.25,0.25,0.8,0.07697496659005681,0.01,3,1e-05,42,256,65,17130,1.0,-4.999999999999705,-3.2214717620758817,0.3557056475847857,2,300,300,False,nan,nan,nan,0.22869028709828854,0.3,87,True,-5.000000000000059,25.604281862964854,254.0,228,20,False,0.0
8,0.25,0.25,0.5,0.07697496659005681,0.01,3,1e-05,42,256,65,17130,1.0,-4.999999999999705,-3.2214717620758817,0.3557056475847857,2,300,300,False,nan,nan,nan,0.23414679104462266,0.3,88,True,-5.00000000000005,25.27359655802138,254.5,236,20,False,0.0
8,0.25,0.5,0.1,0.07697496659005681,0.01,3,1e-05,42,256,65,33318,1.0,-4.999999999999581,-3.596065663815194,0.2807868672369009,2,300,300,False,nan,nan,nan,0.23979319189675152,0.3,87,True,-5.000000000000023,21.607567741069943,254.0,247,20,False,0.0
8,0.25,0.5,0.1,0.07697496659005681,0.01,3,1e-07,42,256,65,33318,1.0,-4.999999999999581,-5.000000000000002,8.419931418757894e-14,65,43,300,True,40,61,61,0.12207875191234052,0.2,93,True,-5.000000000000063,21.411768886027858,254.5,238,20,True,1.5245901639344261
8,0.25,0.25,0.5,0.07697496659005681,0.01,3,0.0001,42,256,65,17130,1.0,-4.999999999999705,-3.2214717620758817,0.3557056475847857,2,300,300,False,nan,nan,nan,0.23047870211303234,0.1,86,True,-5.0000000000000675,25.308828906854615,254.0,241,20,False,0.0
8,0.25,0.5,0.1,0.07697496659005681,0.01,3,1e-06,42,256,65,33318,1.0,-4.999999999999581,-3.596924151580049,0.2806151696839299,4,300,300,False,nan,nan,nan,0.27202620496973395,0.4,90,True,-5.000000000000053,21.522230793023482,251.5,243,20,False,0.0
8,0.25,0.5,0.3,0.07697496659005681,0.01,3,1e-07,42,256,65,33318,1.0,-4.999999999999581,-5.000000000000002,8.419931418757894e-14,65,43,300,True,40,61,61,0.1231781670358032,0.9,83,True,-5.000000000000076,21.590919071109965,252.0,242,20,True,1.360655737704918
8,0.25,0.25,0.8,0.07697496659005681,0.01,3,1e-07,42,256,65,17130,1.0,-4.999999999999705,-4.999999999999984,5.5777604757171156e-14,65,58,300,True,55,62,61,0.1548421150073409,0.9,89,True,-5.000000000000064,26.23658314999193,249.5,235,20,True,1.459016393442623
8,0.25,0.5,0.1,0.07697496659005681,0.01,3,0.0001,42,256,65,33318,1.0,-4.999999999999581,-3.596065663815194,0.2807868672369009,2,300,300,False,nan,nan,nan,0.24306402308866382,0.4,91,True,-5.000000000000062,21.73680364107713,253.0,237,20,False,0.0
8,0.25,0.5,0.3,0.07697496659005681,0.01,3,0.0001,42,256,65,33318,1.0,-4.999999999999581,-3.596065663815194,0.2807868672369009,2,300,300,False,nan,nan,nan,0.2489469142165035,0.4,92,True,-5.000000000000094,22.301464688964188,253.0,245,20,False,0.0
8,0.25,0.25,0.5,0.07697496659005681,0.01,3,1e-06,42,256,65,17130,1.0,-4.999999999999705,-3.2287666468811222,0.3542466706237375,15,300,300,False,nan,nan,nan,0.36707089794799685,0.6,91,True,-5.0000000000000515,25.708943019155413,252.5,237,20,False,0.0
8,0.25,0.25,0.5,0.07697496659005681,0.01,3,1e-07,42,256,65,17130,1.0,-4.999999999999705,-4.999999999999984,5.5777604757171156e-14,65,58,300,True,55,62,61,0.15214509004727006,1.0,84,True,-5.000000000000038,25.525753680849448,254.0,241,20,True,1.3770491803278688
8,0.25,0.5,0.3,0.07697496659005681,0.01,3,1e-05,42,256,65,33318,1.0,-4.999999999999581,-3.596065663815194,0.2807868672369009,2,300,300,False,nan,nan,nan,0.2570001529529691,0.2,83,True,-5.000000000000054,22.207433514064178,253.0,243,20,False,0.0
10,0.05,0.1,0.3,0.1007197243212317,0.01,10,1e-06,42,1024,52,107870,1.0,-4.999999999999974,-3.7125566004878565,0.25748867990242486,2,300,300,False,nan,nan,nan,0.5172258140519261,0.5,78,True,-5.000000000000056,580.2155700940639,1012.0,966,20,False,0.0
10,0.05,0.1,0.1,0.1007197243212317,0.01,10,0.0001,42,1024,52,107870,1.0,-5.000000000000074,-3.7125566004878565,0.2574886799024396,2,300,300,False,nan,nan,nan,0.5181262919213623,0.6,68,True,-5.0000000000001545,626.0739714310039,1014.5,981,20,False,0.0
10,0.05,0.1,0.1,0.1007197243212317,0.01,10,1e-07,42,1024,52,107870,1.0,-4.999999999999955,-3.8567547477613053,0.22864905044773196,31,300,300,False,nan,nan,nan,0.9922146198805422,0.5,69,True,-5.000000000000142,602.537327443948,1005.0,948,20,False,0.0
10,0.05,0.1,0.3,0.1007197243212317,0.01,10,1e-07,42,1024,52,107870,1.0,-4.99999999999988,-3.8567547477613053,0.22864905044772044,31,300,300,False,nan,nan,nan,1.0217173229902983,0.1,68,True,-5.000000000000074,584.928709527012,1000.5,945,20,False,0.0
10,0.05,0.1,0.1,0.1007197243212317,0.01,10,1e-06,42,1024,52,107870,1.0,-5.0000000000000115,-3.7125566004878565,0.2574886799024304,2,300,300,False,nan,nan,nan,0.5217530860099941,0.2,69,True,-5.000000000000162,618.6448265979998,1009.5,949,20,False,0.0
10,0.05,0.1,0.1,0.1007197243212317,0.01,10,1e-05,42,1024,52,107870,1.0,-4.9999999999999165,-3.7125566004878565,0.2574886799024163,2,300,300,False,nan,nan,nan,0.5207436808850616,0.9,71,True,-5.000000000000191,624.8091978330631,1003.0,929,20,False,0.0
10,0.05,0.1,0.5,0.1007197243212317,0.01,10,0.0001,42,1024,52,107870,1.0,-4.9999999999999964,-3.7125566004878565,0.2574886799024282,2,300,300,False,nan,nan,nan,0.4945830989163369,0.4,73,True,-5.000000000000105,566.4886503741145,1017.0,961,20,False,0.0
10,0.05,0.1,0.8,0.1007197243212317,0.01,10,1e-07,42,1024,52,107870,1.0,-4.999999999999959,-3.8567547477613053,0.22864905044773262,31,300,300,False,nan,nan,nan,0.9640286541543901,0.2,67,True,-5.000000000000115,569.2052878539544,1013.5,981,20,False,0.0
10,0.05,0.1,0.5,0.1007197243212317,0.01,10,1e-07,42,1024,52,107870,1.0,-4.99999999999983,-3.8567547477613053,0.22864905044771278,31,300,300,False,nan,nan,nan,0.9986775300931185,0.9,69,True,-5.000000000000232,615.1925245479215,992.0,951,20,False,0.0
10,0.05,0.1,0.5,0.1007197243212317,0.01,10,1e-06,42,1024,52,107870,1.0,-4.99999999999992,-3.7125566004878565,0.2574886799024168,2,300,300,False,nan,nan,nan,0.5101341980043799,0.4,74,True,-5.00000000000009,609.5243773139082,1002.0,967,20,False,0.0
10,0.05,0.1,0.8,0.1007197243212317,0.01,10,1e-06,42,1024,52,107870,1.0,-5.000000000000063,-3.7125566004878565,0.25748867990243807,2,300,300,False,nan,nan,nan,0.5012380450498313,0.1,65,True,-5.000000000000153,656.7434282239992,1009.5,967,20,False,0.0
10,0.05,0.1,0.3,0.1007197243212317,0.01,10,0.0001,42,1024,52,107870,1.0,-5.000000000000125,-3.7125566004878565,0.2574886799024473,2,300,300,False,nan,nan,nan,0.516516761155799,0.1,71,True,-5.00000000000024,576.5323958510999,1004.0,919,20,False,0.0
10,0.05,0.5,0.8,0.1007197243212317,0.01,10,0.0001,42,1024,52,526354,1.0,-5.000000000000086,-4.999999999999998,1.7585932710062177e-14,52,8,300,True,6,51,50,0.09107663086615503,0.1,73,True,-5.000000000000143,704.1405147090554,1007.0,958,20,True,1.46
10,0.05,0.5,0.8,0.1007197243212317,0.01,10,1e-06,42,1024,52,526354,1.0,-5.00000000000002,-4.999999999999998,4.440892098500608e-15,52,8,300,True,6,51,50,0.07586346985772252,0.5,73,True,-5.000000000000165,651.3218410881236,1008.5,938,20,True,1.46
10,0.05,0.1,0.8,0.1007197243212317,0.01,10,1e-05,42,1024,52,107870,1.0,-4.999999999999829,-3.7125566004878565,0.25748867990240326,2,300,300,False,nan,nan,nan,0.5090832801070064,0.4,71,True,-5.000000000000062,676.0440104580484,1008.5,966,20,False,0.0
10,0.05,0.25,0.1,0.1007197243212317,0.01,10,1e-06,42,1024,52,264864,1.0,-5.0000000000000195,-3.724958220802007,0.2550083558396015,2,300,300,False,nan,nan,nan,0.5841104318387806,1.0,70,True,-5.000000000000096,671.7309909539763,1012.0,962,20,False,0.0
10,0.05,0.5,0.8,0.1007197243212317,0.01,10,1e-07,42,1024,52,526354,1.0,-5.0000000000000515,-4.999999999999998,1.0658141036401392e-14,52,8,300,True,6,51,50,0.13450874504633248,0.6,70,True,-5.000000000000078,697.5698742449749,1012.5,972,20,True,1.4
10,0.05,0.5,0.5,0.1007197243212317,0.01,10,0.0001,42,1024,52,526354,1.0,-5.00000000000005,-4.999999999999998,1.030286966852135e-14,52,8,300,True,6,51,50,0.07658160594291985,0.2,68,True,-5.000000000000103,708.9506275111344,1001.5,928,20,True,1.36
10,0.05,0.5,0.8,0.1007197243212317,0.01,10,1e-05,42,1024,52,526354,1.0,-4.9999999999999485,-4.999999999999998,9.947598300641505e-15,52,8,300,True,6,51,50,0.09014135389588773,0.6,73,True,-5.000000000000059,690.8314088801853,1012.0,950,20,True,1.46
10,0.05,0.1,0.3,0.1007197243212317,0.01,10,1e-05,42,1024,52,107870,1.0,-4.999999999999884,-3.7125566004878565,0.2574886799024114,2,300,300,False,nan,nan,nan,0.5175601129885763,0.6,70,True,-5.000000000000181,609.0739968859125,1005.0,963,20,False,0.0
10,0.05,0.1,0.8,0.1007197243212317,0.01,10,0.0001,42,1024,52,107870,1.0,-5.00000000000002,-3.7125566004878565,0.25748867990243174,2,300,300,False,nan,nan,nan,0.5284724640659988,0.8,81,True,-5.000000000000091,671.9109286870807,988.5,918,20,False,0.0
10,0.05,0.5,0.5,0.1007197243212317,0.01,10,1e-05,42,1024,52,526354,1.0,-5.000000000000118,-4.999999999999998,2.3980817331902813e-14,52,8,300,True,6,51,50,0.07756609190255404,0.7,65,True,-5.00000000000013,707.6424416999798,1005.5,982,20,True,1.3
10,0.05,0.25,0.1,0.1007197243212317,0.01,10,1e-07,42,1024,52,264864,1.0,-5.000000000000069,-3.7252418229396826,0.2549516354120738,5,300,300,False,nan,nan,nan,0.662223843857646,0.8,67,True,-5.000000000000147,684.6055792898405,1005.0,935,20,False,0.0
10,0.05,0.5,0.3,0.1007197243212317,0.01,10,1e-07,42,1024,52,526354,1.0,-5.0000000000000195,-4.999999999999998,4.263256414560584e-15,52,8,300,True,6,51,50,0.07939353189431131,0.7,71,True,-5.0000000000000915,713.5691742789932,1011.5,960,20,True,1.42
10,0.05,0.5,0.5,0.1007197243212317,0.01,10,1e-07,42,1024,52,526354,1.0,-4.999999999999833,-4.999999999999998,3.304023721284576e-14,52,8,300,True,6,51,50,0.17378601804375648,1.0,66,True,-5.000000000000096,769.789317304967,1016.0,931,20,True,1.32
10,0.05,0.5,0.3,0.1007197243212317,0.01,10,1e-06,42,1024,52,526354,1.0,-4.99999999999996,-4.999999999999998,7.638334409421138e-15,52,8,300,True,6,51,50,0.07936688791960478,0.5,64,True,-5.000000000000133,759.4687523641624,1012.5,971,20,True,1.28
10,0.05,0.1,0.5,0.1007197243212317,0.01,10,1e-05,42,1024,52,107870,1.0,-5.000000000000042,-3.7125566004878565,0.2574886799024349,2,300,300,False,nan,nan,nan,0.5273774520028383,0.5,71,True,-5.000000000000134,659.8029001299292,1013.0,979,20,False,0.0
10,0.05,0.25,0.3,0.1007197243212317,0.01,10,0.0001,42,1024,52,264864,1.0,-4.999999999999958,-3.724958220802007,0.2550083558395924,2,300,300,False,nan,nan,nan,0.5922889958601445,0.1,71,True,-5.000000000000099,622.6911706340034,1016.5,916,20,False,0.0
10,0.05,0.25,0.3,0.1007197243212317,0.01,10,1e-05,42,1024,52,264864,1.0,-5.00000000000001,-3.724958220802007,0.2550083558396001,2,300,300,False,nan,nan,nan,0.6582376260776073,0.3,68,True,-5.000000000000192,622.6031388330739,1004.5,949,20,False,0.0
10,0.05,0.5,0.5,0.1007197243212317,0.01,10,1e-06,42,1024,52,526354,1.0,-4.999999999999949,-4.999999999999998,9.769962616701477e-15,52,8,300,True,6,51,50,0.08251689001917839,0.5,67,True,-5.00000000000012,760.9722807169892,1012.0,952,20,True,1.34
10,0.05,0.25,0.1,0.1007197243212317,0.01,10,1e-05,42,1024,52,264864,1.0,-5.000000000000108,-3.724958220802007,0.2550083558396148,2,300,300,False,nan,nan,nan,0.5927452819887549,0.1,68,True,-5.000000000000124,673.8413573419675,1006.0,969,20,False,0.0
10,0.05,0.5,0.3,0.1007197243212317,0.01,10,0.0001,42,1024,52,526354,1.0,-5.000000000000087,-4.999999999999998,1.7763568394002195e-14,52,8,300,True,6,51,50,0.0856092229951173,0.6,61,True,-5.00000000000006,768.60025854595,1004.0,955,20,True,1.22
10,0.05,0.5,0.3,0.1007197243212317,0.01,10,1e-05,42,1024,52,526354,1.0,-5.000000000000022,-4.999999999999998,4.796163466380655e-15,52,8,300,True,6,51,50,0.07975194207392633,0.6,65,True,-5.000000000000156,768.858500683913,999.0,932,20,True,1.3
10,0.05,0.25,0.3,0.1007197243212317,0.01,10,1e-06,42,1024,52,264864,1.0,-5.0,-3.724958220802007,0.25500835583959863,2,300,300,False,nan,nan,nan,0.5936410608701408,0.3,62,True,-5.000000000000203,679.7166604381055,1008.5,950,20,False,0.0
10,0.05,0.25,0.1,0.1007197243212317,0.01,10,0.0001,42,1024,52,264864,1.0,-4.99999999999997,-3.724958220802007,0.25500835583959414,2,300,300,False,nan,nan,nan,0.5992679300252348,0.3,76,True,-5.000000000000162,673.0019111640286,1012.0,953,20,False,0.0
10,0.05,0.25,0.3,0.1007197243212317,0.01,10,1e-07,42,1024,52,264864,1.0,-4.999999999999933,-3.7252418229396826,0.25495163541205357,5,300,300,False,nan,nan,nan,0.6836963770911098,0.2,68,True,-5.0000000000001785,673.8468870909419,1001.5,959,20,False,0.0
10,0.1,0.25,0.8,0.05606159822354621,0.01,10,1e-06,42,1024,103,264956,1.0,-4.999999999999998,-4.9999999999999964,3.552713678800502e-16,103,13,300,True,11,97,94,0.14379008417017758,0.3,130,True,-5.000000000000033,452.5779312150553,1011.0,988,20,True,1.3829787234042554
10,0.1,0.25,0.5,0.05606159822354621,0.01,10,0.0001,42,1024,103,264956,1.0,-5.000000000000044,-4.999940153525572,1.196929489442045e-05,102,300,300,True,11,96,94,4.358759912895039,0.4,133,True,-5.0000000000000515,405.07108431193046,1009.0,965,20,True,1.4148936170212767
10,0.1,0.25,0.5,0.05606159822354621,0.01,10,1e-07,42,1024,103,264956,1.0,-5.000000000000023,-4.999999999999999,4.7961634663806545e-15,103,13,300,True,11,100,94,0.1504449718631804,0.3,133,True,-5.000000000000039,425.45355756697245,1009.5,968,20,True,1.4148936170212767
10,0.1,0.25,0.5,0.05606159822354621,0.01,10,1e-06,42,1024,103,264956,1.0,-5.000000000000018,-4.9999999999999964,4.263256414560586e-15,103,13,300,True,11,97,94,0.14249672507867217,0.5,135,True,-5.000000000000037,425.8765567939263,1018.5,964,20,True,1.4361702127659575
10,0.1,0.25,0.5,0.05606159822354621,0.01,10,1e-05,42,1024,103,264956,1.0,-5.000000000000017,-4.9999999999999964,4.085620730620562e-15,103,13,300,True,11,96,94,0.15799405402503908,0.8,134,True,-5.000000000000051,417.61172185186297,1011.0,983,20,True,1.425531914893617
10,0.1,0.25,0.8,0.05606159822354621,0.01,10,1e-07,42,1024,103,264956,1.0,-5.000000000000011,-4.999999999999999,2.3092638912203206e-15,103,13,300,True,11,100,94,0.15104488795623183,0.4,127,True,-5.000000000000033,451.19087937590666,1010.0,991,20,True,1.351063829787234
10,0.05,0.25,0.8,0.1007197243212317,0.01,10,1e-05,42,1024,52,264864,1.0,-4.9999999999999005,-3.724958220802007,0.2550083558395838,2,300,300,False,nan,nan,nan,0.5691206918563694,0.9,72,True,-5.000000000000164,597.7360804530326,1006.0,928,20,False,0.0
10,0.05,0.25,0.8,0.1007197243212317,0.01,10,1e-06,42,1024,52,264864,1.0,-4.999999999999881,-3.724958220802007,0.25500835583958087,2,300,300,False,nan,nan,nan,0.572609632043168,0.7,70,True,-5.000000000000142,600.5161226151977,1009.5,882,20,False,0.0
10,0.1,0.25,0.1,0.05606159822354621,0.01,10,1e-05,42,1024,103,264956,1.0,-5.000000000000005,-4.9999999999999964,1.7763568394002485e-15,103,13,300,True,11,96,94,0.14328415505588055,0.4,129,True,-5.000000000000035,474.87953917100094,1014.0,978,20,True,1.372340425531915
10,0.05,0.25,0.5,0.1007197243212317,0.01,10,1e-05,42,1024,52,264864,1.0,-4.999999999999911,-3.724958220802007,0.25500835583958537,2,300,300,False,nan,nan,nan,0.5768051808699965,0.9,69,True,-5.0000000000002505,620.4898910932243,1004.0,955,20,False,0.0
10,0.05,0.25,0.5,0.1007197243212317,0.01,10,1e-06,42,1024,52,264864,1.0,-4.999999999999971,-3.724958220802007,0.25500835583959425,2,300,300,False,nan,nan,nan,0.5834279539994895,0.6,67,True,-5.000000000000207,581.1122266189195,1005.5,957,20,False,0.0
10,0.05,0.25,0.5,0.1007197243212317,0.01,10,0.0001,42,1024,52,264864,1.0,-5.000000000000093,-3.724958220802007,0.2550083558396125,2,300,300,False,nan,nan,nan,0.5879977159202099,0.1,63,True,-5.0000000000000675,618.1632181268651,1010.5,966,20,False,0.0
10,0.1,0.1,0.3,0.05606159822354621,0.01,10,1e-06,42,1024,103,107962,1.0,-5.000000000000023,-3.7793961024915776,0.24412077950168795,34,300,300,False,nan,nan,nan,1.0208934331312776,0.1,150,True,-5.000000000000067,416.1667397371493,1014.0,983,20,False,0.0
10,0.1,0.25,0.1,0.05606159822354621,0.01,10,0.0001,42,1024,103,264956,1.0,-5.000000000000005,-4.999940153525572,1.1969294886604574e-05,102,300,300,True,11,96,94,4.4979227520525455,0.9,136,True,-5.000000000000048,479.71692875097506,1021.0,994,20,True,1.446808510638298
10,0.1,0.25,0.3,0.05606159822354621,0.01,10,1e-05,42,1024,103,264956,1.0,-5.000000000000022,-4.9999999999999964,5.151434834260703e-15,103,13,300,True,11,96,94,0.2235737459268421,0.8,132,True,-5.000000000000021,481.1932019148953,1015.0,979,20,True,1.4042553191489362
10,0.1,0.1,0.3,0.05606159822354621,0.01,10,1e-07,42,1024,103,107962,1.0,-5.0000000000000275,-5.000000000000004,4.618527782440626e-15,103,22,300,True,20,98,95,0.2111881000455469,0.4,128,True,-5.000000000000043,412.7510728619527,1016.0,968,20,True,1.3473684210526315
10,0.1,0.1,0.1,0.05606159822354621,0.01,10,1e-07,42,1024,103,107962,1.0,-5.0000000000000195,-5.000000000000004,3.019806626980414e-15,103,22,300,True,20,98,95,0.18435222492553294,0.8,149,True,-5.000000000000053,440.989250367973,1017.0,991,20,True,1.568421052631579
10,0.1,0.1,0.1,0.05606159822354621,0.01,10,0.0001,42,1024,103,107962,1.0,-4.999999999999999,-3.7714052523385577,0.24571894953228832,2,300,300,False,nan,nan,nan,0.531334358965978,0.9,134,True,-5.000000000000037,438.9133266720455,1013.5,996,20,False,0.0
10,0.1,0.1,0.1,0.05606159822354621,0.01,10,1e-05,42,1024,103,107962,1.0,-5.000000000000017,-3.7714052523385577,0.245718949532291,2,300,300,False,nan,nan,nan,0.5392363551072776,0.2,135,True,-5.000000000000029,443.3501630460378,1020.5,985,20,False,0.0
10,0.1,0.25,0.3,0.05606159822354621,0.01,10,0.0001,42,1024,103,264956,1.0,-5.000000000000034,-4.999940153525572,1.1969294892288848e-05,102,300,300,True,11,96,94,4.493809749837965,0.3,130,True,-5.000000000000031,474.6407079210039,1016.0,966,20,True,1.3829787234042554
10,0.05,0.25,0.8,0.1007197243212317,0.01,10,0.0001,42,1024,52,264864,1.0,-4.999999999999902,-3.724958220802007,0.2550083558395841,2,300,300,False,nan,nan,nan,0.5691872502211481,0.3,75,True,-5.000000000000216,685.9919800730422,1015.5,917,20,False,0.0
10,0.1,0.25,0.3,0.05606159822354621,0.01,10,1e-06,42,1024,103,264956,1.0,-5.000000000000026,-4.9999999999999964,5.861977570020796e-15,103,13,300,True,11,97,94,0.22355664405040443,0.6,137,True,-5.000000000000038,472.63079392001964,1017.0,1001,20,True,1.4574468085106382
10,0.1,0.1,0.1,0.05606159822354621,0.01,10,1e-06,42,1024,103,107962,1.0,-4.99999999999997,-3.7793961024915776,0.2441207795016799,34,300,300,False,nan,nan,nan,1.0794253561180085,0.2,136,True,-5.0000000000000595,443.36477691400796,1016.5,993,20,False,0.0
10,0.05,0.25,0.5,0.1007197243212317,0.01,10,1e-07,42,1024,52,264864,1.0,-5.000000000000006,-3.7252418229396826,0.2549516354120644,5,300,300,False,nan,nan,nan,0.6657984869088978,0.1,74,True,-5.000000000000144,621.9546338559594,1010.0,990,20,False,0.0
10,0.1,0.25,0.3,0.05606159822354621,0.01,10,1e-07,42,1024,103,264956,1.0,-5.000000000000009,-4.999999999999999,1.953992523340272e-15,103,13,300,True,11,100,94,0.1530566499568522,0.4,134,True,-5.0000000000000355,473.2916838580277,1015.0,988,20,True,1.425531914893617
10,0.05,0.5,0.1,0.1007197243212317,0.01,10,0.0001,42,1024,52,526354,1.0,-4.999999999999863,-4.999999999999998,2.7000623958884544e-14,52,8,300,True,6,51,50,0.07857686397619545,0.8,70,True,-5.000000000000046,756.7501593229827,1013.5,948,20,True,1.4
10,0.05,0.5,0.1,0.1007197243212317,0.01,10,1e-07,42,1024,52,526354,1.0,-5.000000000000063,-4.999999999999998,1.2967404927621666e-14,52,8,300,True,6,51,50,0.07746491394937038,0.6,69,True,-5.000000000000078,770.7226262770128,1010.0,976,20,True,1.38
10,0.05,0.5,0.1,0.1007197243212317,0.01,10,1e-06,42,1024,52,526354,1.0,-5.000000000000057,-4.999999999999998,1.172395514004152e-14,52,8,300,True,6,51,50,0.07607532199472189,0.6,71,True,-5.0000000000002,748.6483378841076,1009.5,933,20,True,1.42
10,0.05,0.25,0.8,0.1007197243212317,0.01,10,1e-07,42,1024,52,264864,1.0,-5.000000000000071,-3.7252418229396826,0.25495163541207405,5,300,300,False,nan,nan,nan,0.6779651269316673,0.7,68,True,-5.000000000000099,648.1768765309826,1008.5,966,20,False,0.0
10,0.05,0.5,0.1,0.1007197243212317,0.01,10,1e-05,42,1024,52,526354,1.0,-5.000000000000027,-4.999999999999998,5.684341886080771e-15,52,8,300,True,6,51,50,0.078497305046767,0.5,70,True,-5.000000000000169,775.3246127059683,1000.5,934,20,True,1.4
10,0.1,0.1,0.8,0.05606159822354621,0.01,10,1e-07,42,1024,103,107962,1.0,-5.000000000000018,-5.000000000000004,2.6645352591003662e-15,103,22,300,True,20,98,95,0.1756948442198336,0.4,149,True,-5.000000000000048,386.324073811993,1015.0,991,20,True,1.568421052631579
10,0.1,0.1,0.5,0.05606159822354621,0.01,10,0.0001,42,1024,103,107962,1.0,-5.0000000000000275,-3.7714052523385577,0.24571894953229262,2,300,300,False,nan,nan,nan,0.5190356271341443,0.2,136,True,-5.000000000000037,388.57007706793956,1019.0,984,20,False,0.0
10,0.1,0.1,0.5,0.05606159822354621,0.01,10,1e-07,42,1024,103,107962,1.0,-5.000000000000024,-5.000000000000004,3.9079850466805324e-15,103,22,300,True,20,98,95,0.18639184907078743,0.2,127,True,-5.000000000000043,402.2784840099048,1014.5,982,20,True,1.3368421052631578
10,0.1,0.1,0.3,0.05606159822354621,0.01,10,0.0001,42,1024,103,107962,1.0,-5.000000000000039,-3.7714052523385577,0.24571894953229434,2,300,300,False,nan,nan,nan,0.5284071417991072,0.3,128,True,-5.000000000000062,387.1965071160812,1016.5,1001,20,False,0.0
10,0.25,0.1,0.5,0.01732704031205277,0.01,10,0.0001,42,1024,257,108198,1.0,-4.99999999999995,-3.499981383964329,0.30000372320712726,2,300,300,False,nan,nan,nan,0.5193009150680155,0.9,323,True,-5.0000000000000675,515.1971540909726,1018.0,1008,20,False,0.0
10,0.25,0.1,0.5,0.01732704031205277,0.01,10,1e-06,42,1024,257,108198,1.0,-5.000000000000012,-3.5103544564218976,0.2979291087156222,25,300,300,False,nan,nan,nan,0.922881840961054,0.1,338,True,-5.000000000000061,491.7237308730837,1015.5,1004,20,False,0.0
10,0.1,0.1,0.5,0.05606159822354621,0.01,10,1e-06,42,1024,103,107962,1.0,-5.000000000000012,-3.7793961024915776,0.24412077950168634,34,300,300,False,nan,nan,nan,1.0318983958568424,0.9,141,True,-5.000000000000046,395.53994500101544,1015.0,988,20,False,0.0
10,0.25,0.1,0.3,0.01732704031205277,0.01,10,0.0001,42,1024,257,108198,1.0,-5.000000000000007,-3.499981383964329,0.30000372320713525,2,300,300,False,nan,nan,nan,0.5225499940570444,0.9,344,True,-5.0000000000000515,488.5699924060609,1018.0,1005,20,False,0.0
10,0.1,0.1,0.8,0.05606159822354621,0.01,10,1e-06,42,1024,103,107962,1.0,-5.00000000000003,-3.7793961024915776,0.24412077950168903,34,300,300,False,nan,nan,nan,1.0240944749675691,0.8,135,True,-5.000000000000037,453.1192458209116,1015.5,964,20,False,0.0
10,0.25,0.1,0.3,0.01732704031205277,0.01,10,1e-05,42,1024,257,108198,1.0,-4.999999999999973,-3.499981383964329,0.30000372320713053,2,300,300,False,nan,nan,nan,0.521745293866843,0.6,322,True,-5.000000000000107,495.19744686596096,1018.0,998,20,False,0.0
10,0.25,0.1,0.5,0.01732704031205277,0.01,10,1e-05,42,1024,257,108198,1.0,-5.000000000000051,-3.499981383964329,0.3000037232071413,2,300,300,False,nan,nan,nan,0.5240969210863113,0.1,337,True,-5.000000000000054,534.4383392690215,1018.0,996,20,False,0.0
10,0.1,0.25,0.8,0.05606159822354621,0.01,10,1e-05,42,1024,103,264956,1.0,-5.000000000000023,-4.9999999999999964,5.329070518200727e-15,103,13,300,True,11,96,94,0.2216853171121329,0.3,136,True,-5.00000000000003,472.62571839010343,1010.5,980,20,True,1.446808510638298
10,0.25,0.1,0.5,0.01732704031205277,0.01,10,1e-07,42,1024,257,108198,1.0,-4.999999999999997,-3.531257800333896,0.2937484399332204,98,300,300,False,nan,nan,nan,2.68921364704147,0.3,330,True,-5.000000000000078,479.566157985013,1019.0,1004,20,False,0.0
10,0.1,0.1,0.3,0.05606159822354621,0.01,10,1e-05,42,1024,103,107962,1.0,-4.999999999999988,-3.7714052523385577,0.24571894953228657,2,300,300,False,nan,nan,nan,0.5313604471739382,0.2,146,True,-5.000000000000057,421.17429311806336,1014.0,986,20,False,0.0
10,0.1,0.25,0.8,0.05606159822354621,0.01,10,0.0001,42,1024,103,264956,1.0,-5.000000000000012,-4.999940153525572,1.1969294888025643e-05,102,300,300,True,11,96,94,4.52358449716121,0.2,143,True,-5.000000000000036,469.58030950906686,1015.5,991,20,True,1.5212765957446808
10,0.1,0.5,0.1,0.05606159822354621,0.01,10,1e-05,42,1024,103,526398,1.0,-5.000000000000009,-4.999999999999997,2.3092638912203213e-15,103,12,300,True,10,97,94,0.2395332739688456,0.1,127,True,-5.000000000000033,486.9243720320519,1010.5,961,20,True,1.351063829787234
10,0.25,0.1,0.1,0.01732704031205277,0.01,10,1e-06,42,1024,257,108198,1.0,-5.000000000000022,-3.5103544564218976,0.2979291087156236,25,300,300,False,nan,nan,nan,0.9095132059883326,1.0,331,True,-5.000000000000048,537.8799869869836,1018.5,1004,20,False,0.0
10,0.25,0.1,0.1,0.01732704031205277,0.01,10,1e-07,42,1024,257,108198,1.0,-4.999999999999999,-3.531257800333896,0.29374843993322064,98,300,300,False,nan,nan,nan,2.673336045118049,1.0,325,True,-5.000000000000046,533.9386921250261,1019.0,1004,20,False,0.0
10,0.25,0.1,0.3,0.01732704031205277,0.01,10,1e-07,42,1024,257,108198,1.0,-5.000000000000035,-3.531257800333896,0.2937484399332257,98,300,300,False,nan,nan,nan,2.7614613049663603,0.9,322,True,-5.0000000000000675,533.6135259650182,1018.5,990,20,False,0.0
10,0.1,0.1,0.8,0.05606159822354621,0.01,10,1e-05,42,1024,103,107962,1.0,-5.000000000000012,-3.7714052523385577,0.24571894953229034,2,300,300,False,nan,nan,nan,0.512199685908854,0.7,140,True,-5.0000000000000435,440.6033831939567,1014.0,984,20,False,0.0
10,0.1,0.1,0.8,0.05606159822354621,0.01,10,0.0001,42,1024,103,107962,1.0,-5.000000000000026,-3.7714052523385577,0.24571894953229234,2,300,300,False,nan,nan,nan,0.5230166011024266,0.4,137,True,-5.000000000000057,441.9396245169919,1017.0,997,20,False,0.0
10,0.25,0.1,0.3,0.01732704031205277,0.01,10,1e-06,42,1024,257,108198,1.0,-4.999999999999981,-3.5103544564218976,0.29792910871561784,25,300,300,False,nan,nan,nan,0.9392166309989989,0.1,325,True,-5.000000000000076,528.9994005218614,1018.5,1005,20,False,0.0
10,0.25,0.1,0.1,0.01732704031205277,0.01,10,0.0001,42,1024,257,108198,1.0,-5.000000000000039,-3.499981383964329,0.3000037232071397,2,300,300,False,nan,nan,nan,0.548930789809674,0.7,325,True,-5.00000000000004,537.1850409707986,1016.0,999,20,False,0.0
10,0.25,0.1,0.1,0.01732704031205277,0.01,10,1e-05,42,1024,257,108198,1.0,-5.000000000000032,-3.499981383964329,0.3000037232071387,2,300,300,False,nan,nan,nan,0.5418188169132918,0.6,339,True,-5.000000000000049,528.2607031429652,1020.5,1008,20,False,0.0
10,0.1,0.25,0.1,0.05606159822354621,0.01,10,1e-07,42,1024,103,264956,1.0,-5.0000000000000195,-4.999999999999999,4.08562073062056e-15,103,13,300,True,11,100,94,0.15040205395780504,1.0,129,True,-5.000000000000039,448.5368112018332,1016.5,989,20,True,1.372340425531915
10,0.1,0.25,0.1,0.05606159822354621,0.01,10,1e-06,42,1024,103,264956,1.0,-5.000000000000041,-4.9999999999999964,8.88178419700118e-15,103,13,300,True,11,97,94,0.14506951998919249,0.4,125,True,-5.00000000000004,452.8991785310209,1015.0,967,20,True,1.3297872340425532
10,0.1,0.5,0.1,0.05606159822354621,0.01,10,1e-06,42,1024,103,526398,1.0,-5.000000000000017,-4.999999999999997,3.907985046680538e-15,103,12,300,True,10,97,94,0.18598095793277025,0.2,136,True,-5.000000000000033,570.3653225479648,1016.0,976,20,True,1.446808510638298
10,0.1,0.5,0.1,0.05606159822354621,0.01,10,0.0001,42,1024,103,526398,1.0,-4.999999999999998,-4.999941064019283,1.1787196143053796e-05,102,300,300,True,10,97,94,7.0309073510579765,0.9,131,True,-5.000000000000048,501.4315084479749,1011.5,975,20,True,1.3936170212765957
10,0.1,0.1,0.5,0.05606159822354621,0.01,10,1e-05,42,1024,103,107962,1.0,-5.000000000000022,-3.7714052523385577,0.2457189495322918,2,300,300,False,nan,nan,nan,0.5419907269533724,0.9,130,True,-5.0000000000000355,469.2139093980659,1014.5,956,20,False,0.0
10,0.1,0.5,0.1,0.05606159822354621,0.01,10,1e-07,42,1024,103,526398,1.0,-4.999999999999991,-4.999999999999997,1.2434497875801776e-15,103,12,300,True,10,100,94,0.22237935196608305,0.5,128,True,-5.000000000000048,546.5607534851879,1014.5,977,20,True,1.3617021276595744
10,0.1,0.5,0.5,0.05606159822354621,0.01,10,1e-06,42,1024,103,526398,1.0,-5.000000000000015,-4.999999999999997,3.5527136788004903e-15,103,12,300,True,10,97,94,0.20280769490636885,1.0,131,True,-5.000000000000025,481.5150703371037,1015.5,967,20,True,1.3936170212765957
10,0.1,0.5,0.3,0.05606159822354621,0.01,10,1e-05,42,1024,103,526398,1.0,-5.000000000000005,-4.999999999999997,1.5987211554602237e-15,103,12,300,True,10,97,94,0.2023509901482612,0.8,131,True,-5.0000000000000515,485.1098925289698,1012.0,971,20,True,1.3936170212765957
10,0.1,0.5,0.3,0.05606159822354621,0.01,10,0.0001,42,1024,103,526398,1.0,-5.000000000000025,-4.999941064019283,1.1787196148382803e-05,102,300,300,True,10,97,94,7.061953152995557,0.9,131,True,-5.000000000000039,488.0582943740301,1014.0,950,20,True,1.3936170212765957
10,0.1,0.5,0.5,0.05606159822354621,0.01,10,1e-05,42,1024,103,526398,1.0,-5.000000000000012,-4.999999999999997,3.0198066269804182e-15,103,12,300,True,10,97,94,0.20061659696511924,0.3,130,True,-5.000000000000023,485.74498020205647,1013.0,993,20,True,1.3829787234042554
10,0.1,0.5,0.3,0.05606159822354621,0.01,10,1e-06,42,1024,103,526398,1.0,-5.00000000000001,-4.999999999999997,2.4868995751603458e-15,103,12,300,True,10,97,94,0.20163201191462576,0.2,126,True,-5.000000000000021,462.6549587100744,1009.0,971,20,True,1.3404255319148937
10,0.1,0.5,0.5,0.05606159822354621,0.01,10,0.0001,42,1024,103,526398,1.0,-4.999999999999989,-4.999941064019283,1.1787196141277459e-05,102,300,300,True,10,97,94,6.89196982095018,0.3,127,True,-5.000000000000032,513.8030342159327,1017.0,996,20,True,1.351063829787234
10,0.25,0.25,0.1,0.01732704031205277,0.01,10,1e-07,42,1024,257,265122,1.0,-4.99999999999998,-3.7403447010260757,0.2519310597947818,91,300,300,False,nan,nan,nan,4.0240806438960135,0.1,315,True,-5.000000000000039,487.89055556315,1018.5,996,20,False,0.0
10,0.25,0.1,0.8,0.01732704031205277,0.01,10,1e-07,42,1024,257,108198,1.0,-5.0000000000000275,-3.531257800333896,0.29374843993322464,98,300,300,False,nan,nan,nan,2.7683920718263835,0.1,316,True,-5.000000000000083,537.8346806431655,1021.0,998,20,False,0.0
10,0.25,0.1,0.8,0.01732704031205277,0.01,10,1e-06,42,1024,257,108198,1.0,-5.000000000000017,-3.5103544564218976,0.29792910871562284,25,300,300,False,nan,nan,nan,0.9642850030213594,1.0,316,True,-5.000000000000027,527.3075926920865,1020.0,1008,20,False,0.0
10,0.1,0.5,0.3,0.05606159822354621,0.01,10,1e-07,42,1024,103,526398,1.0,-4.999999999999979,-4.999999999999997,3.730349362740542e-15,103,12,300,True,10,100,94,0.1981250790413469,0.5,129,True,-5.000000000000022,491.74246889492497,1007.5,975,20,True,1.372340425531915
10,0.25,0.5,0.5,0.01732704031205277,0.01,10,1e-07,42,1024,257,526466,1.0,-5.000000000000026,-3.89726226424114,0.220547547151776,35,300,300,False,nan,nan,nan,2.6977402579504997,0.2,300,True,-5.000000000000034,574.1949081271887,1017.0,1009,20,False,0.0
10,0.25,0.25,0.8,0.01732704031205277,0.01,10,0.0001,42,1024,257,265122,1.0,-5.00000000000003,-3.7359538704754756,0.2528092259049094,2,300,300,False,nan,nan,nan,0.6172755029983819,0.8,322,True,-5.00000000000005,550.7380162419286,1019.0,1003,20,False,0.0
10,0.25,0.25,0.8,0.01732704031205277,0.01,10,1e-05,42,1024,257,265122,1.0,-5.000000000000029,-3.7359538704754756,0.2528092259049093,2,300,300,False,nan,nan,nan,0.5924623890314251,0.1,314,True,-5.000000000000074,550.4519030749798,1017.0,1005,20,False,0.0
10,0.25,0.5,0.3,0.01732704031205277,0.01,10,1e-05,42,1024,257,526466,1.0,-5.000000000000018,-3.896393154725153,0.2207213690549722,2,300,300,False,nan,nan,nan,0.7158607090823352,1.0,313,True,-5.0000000000000515,567.4880433960352,1018.0,991,20,False,0.0
10,0.25,0.5,0.3,0.01732704031205277,0.01,10,1e-07,42,1024,257,526466,1.0,-5.00000000000005,-3.89726226424114,0.22054754715177974,35,300,300,False,nan,nan,nan,2.5513424249365926,0.2,294,True,-5.000000000000044,585.9557867730036,1016.5,989,20,False,0.0
10,0.25,0.5,0.3,0.01732704031205277,0.01,10,0.0001,42,1024,257,526466,1.0,-5.000000000000023,-3.896393154725153,0.22072136905497303,2,300,300,False,nan,nan,nan,0.7365120358299464,0.4,303,True,-5.000000000000031,567.5891168888193,1015.0,1008,20,False,0.0
10,0.25,0.5,0.3,0.01732704031205277,0.01,10,1e-06,42,1024,257,526466,1.0,-5.000000000000036,-3.896393154725153,0.22072136905497508,2,300,300,False,nan,nan,nan,0.7188887589145452,0.5,321,True,-5.000000000000062,557.1572090617847,1019.0,1005,20,False,0.0
10,0.25,0.5,0.5,0.01732704031205277,0.01,10,1e-06,42,1024,257,526466,1.0,-5.00000000000002,-3.896393154725153,0.2207213690549726,2,300,300,False,nan,nan,nan,0.7641244451515377,1.0,301,True,-5.000000000000061,623.1478742619511,1018.0,1004,20,False,0.0
10,0.1,0.5,0.8,0.05606159822354621,0.01,10,1e-07,42,1024,103,526398,1.0,-4.999999999999988,-4.999999999999997,1.9539925233402804e-15,103,12,300,True,10,100,94,0.21751171885989606,0.2,122,True,-5.000000000000041,549.5776471530553,1009.5,976,20,True,1.297872340425532
10,0.25,0.1,0.8,0.01732704031205277,0.01,10,0.0001,42,1024,257,108198,1.0,-5.000000000000036,-3.499981383964329,0.30000372320713936,2,300,300,False,nan,nan,nan,0.5342364141251892,0.6,317,True,-5.000000000000046,510.99801346007735,1021.0,1005,20,False,0.0
10,0.25,0.25,0.1,0.01732704031205277,0.01,10,1e-06,42,1024,257,265122,1.0,-5.000000000000015,-3.7359538704754756,0.2528092259049071,2,300,300,False,nan,nan,nan,0.5948839879129082,0.7,324,True,-5.000000000000058,502.53286916413344,1017.0,1006,20,False,0.0
10,0.25,0.1,0.8,0.01732704031205277,0.01,10,1e-05,42,1024,257,108198,1.0,-4.999999999999998,-3.499981383964329,0.300003723207134,2,300,300,False,nan,nan,nan,0.5276936509180814,0.8,337,True,-5.0000000000000835,503.8184205109719,1018.5,1007,20,False,0.0
10,0.1,0.5,0.8,0.05606159822354621,0.01,10,1e-06,42,1024,103,526398,1.0,-4.999999999999981,-4.999999999999997,3.1974423109204627e-15,103,12,300,True,10,97,94,0.18585995421744883,0.8,133,True,-5.000000000000025,555.7405256158672,1010.5,967,20,True,1.4148936170212767
10,0.25,0.5,0.1,0.01732704031205277,0.01,10,1e-05,42,1024,257,526466,1.0,-5.000000000000038,-3.896393154725153,0.22072136905497536,2,300,300,False,nan,nan,nan,0.7180045880377293,0.1,315,True,-5.00000000000006,631.866294960957,1018.0,986,20,False,0.0
10,0.1,0.5,0.5,0.05606159822354621,0.01,10,1e-07,42,1024,103,526398,1.0,-5.000000000000004,-4.999999999999997,1.421085471520199e-15,103,12,300,True,10,100,94,0.2708839550614357,0.7,127,True,-5.0000000000000195,526.6602049779613,1015.0,955,20,True,1.351063829787234
10,0.1,0.5,0.8,0.05606159822354621,0.01,10,1e-05,42,1024,103,526398,1.0,-5.000000000000015,-4.999999999999997,3.5527136788004903e-15,103,12,300,True,10,97,94,0.20658473391085863,0.5,134,True,-5.000000000000036,558.811292279046,1020.0,993,20,True,1.425531914893617
10,0.1,0.5,0.8,0.05606159822354621,0.01,10,0.0001,42,1024,103,526398,1.0,-5.000000000000021,-4.999941064019283,1.1787196147672268e-05,102,300,300,True,10,97,94,7.185528846923262,0.3,127,True,-5.0000000000000355,556.504816978937,1016.0,981,20,True,1.351063829787234
10,0.25,0.5,0.1,0.01732704031205277,0.01,10,0.0001,42,1024,257,526466,1.0,-5.000000000000035,-3.896393154725153,0.22072136905497483,2,300,300,False,nan,nan,nan,0.7176759031135589,1.0,305,True,-5.000000000000045,652.6202457610052,1021.5,995,20,False,0.0
10,0.25,0.5,0.1,0.01732704031205277,0.01,10,1e-07,42,1024,257,526466,1.0,-5.000000000000023,-3.89726226424114,0.22054754715177557,35,300,300,False,nan,nan,nan,2.7906178911216557,0.2,327,True,-5.000000000000054,648.915001520887,1019.5,1003,20,False,0.0
10,0.25,0.5,0.1,0.01732704031205277,0.01,10,1e-06,42,1024,257,526466,1.0,-5.000000000000004,-3.896393154725153,0.2207213690549701,2,300,300,False,nan,nan,nan,0.7412667330354452,0.2,316,True,-5.000000000000039,657.0626880801283,1017.0,1009,20,False,0.0
10,0.25,0.25,0.3,0.01732704031205277,0.01,10,0.0001,42,1024,257,265122,1.0,-5.000000000000023,-3.7359538704754756,0.25280922590490834,2,300,300,False,nan,nan,nan,0.5893561660777777,0.3,321,True,-5.000000000000046,483.27926859096624,1021.0,1003,20,False,0.0
10,0.25,0.25,0.3,0.01732704031205277,0.01,10,1e-06,42,1024,257,265122,1.0,-4.999999999999987,-3.7359538704754756,0.2528092259049029,2,300,300,False,nan,nan,nan,0.5998512071091682,0.7,325,True,-5.000000000000055,483.8062076109927,1020.5,1005,20,False,0.0
10,0.25,0.25,0.5,0.01732704031205277,0.01,10,1e-07,42,1024,257,265122,1.0,-5.000000000000015,-3.7403447010260757,0.2519310597947871,91,300,300,False,nan,nan,nan,3.850993521977216,0.4,321,True,-5.000000000000076,478.18594737909734,1016.5,1004,20,False,0.0
10,0.25,0.25,0.3,0.01732704031205277,0.01,10,1e-07,42,1024,257,265122,1.0,-5.000000000000016,-3.7403447010260757,0.25193105979478725,91,300,300,False,nan,nan,nan,4.010424436070025,0.6,323,True,-5.000000000000056,494.64774302206933,1017.0,994,20,False,0.0
10,0.25,0.25,0.1,0.01732704031205277,0.01,10,0.0001,42,1024,257,265122,1.0,-5.0000000000000036,-3.7359538704754756,0.2528092259049054,2,300,300,False,nan,nan,nan,0.5960537639912218,0.9,316,True,-5.000000000000044,466.7243483979255,1016.5,1001,20,False,0.0
10,0.25,0.25,0.1,0.01732704031205277,0.01,10,1e-05,42,1024,257,265122,1.0,-5.000000000000032,-3.7359538704754756,0.2528092259049097,2,300,300,False,nan,nan,nan,0.5911255460232496,0.1,315,True,-5.000000000000037,504.52958092209883,1019.5,1005,20,False,0.0
10,0.25,0.25,0.5,0.01732704031205277,0.01,10,1e-06,42,1024,257,265122,1.0,-5.000000000000016,-3.7359538704754756,0.2528092259049073,2,300,300,False,nan,nan,nan,0.5957191740162671,0.1,330,True,-5.000000000000077,551.0931866818573,1018.5,1007,20,False,0.0
10,0.05,0.1,0.5,0.1007197243212317,0.05,51,1e-07,42,1024,52,107870,1.0,-5.000000000000073,-3.9474903531239436,0.21050192937522277,25,60,60,False,nan,nan,nan,0.6439518798142672,0.5,78,True,-5.0000000000000915,591.1969519671984,1010.5,926,20,False,0.0
10,0.05,0.1,0.3,0.1007197243212317,0.1,102,1e-05,42,1024,52,107870,1.0,-5.000000000000048,-5.0,9.59232693276126e-15,52,7,30,True,5,135,49,0.12138339295051992,0.6,70,True,-5.00000000000004,598.7572590971831,1011.5,959,20,True,1.4285714285714286
10,0.05,0.1,0.3,0.1007197243212317,0.1,102,0.0001,42,1024,52,107870,1.0,-4.999999999999962,-5.0,7.638334409421135e-15,52,7,30,True,5,135,49,0.09342391905374825,0.5,70,True,-5.000000000000138,594.6463350090198,1013.5,989,20,True,1.4285714285714286
10,0.25,0.5,0.5,0.01732704031205277,0.01,10,1e-05,42,1024,257,526466,1.0,-5.000000000000051,-3.896393154725153,0.2207213690549773,2,300,300,False,nan,nan,nan,0.7217191429808736,0.8,301,True,-5.000000000000038,598.9972845539451,1018.5,1000,20,False,0.0
10,0.25,0.25,0.5,0.01732704031205277,0.01,10,1e-05,42,1024,257,265122,1.0,-5.000000000000002,-3.7359538704754756,0.2528092259049052,2,300,300,False,nan,nan,nan,0.5966713360976428,0.9,326,True,-5.000000000000059,546.1511471241247,1017.0,965,20,False,0.0
10,0.05,0.1,0.1,0.1007197243212317,0.05,51,1e-07,42,1024,52,107870,1.0,-4.999999999999998,-3.9474903531239436,0.210501929375211,25,60,60,False,nan,nan,nan,0.36506411409936845,0.2,73,True,-5.000000000000144,663.1468259098474,1009.5,937,20,False,0.0
10,0.05,0.1,0.3,0.1007197243212317,0.1,102,1e-07,42,1024,52,107870,1.0,-5.000000000000092,-5.0,1.8474111129762265e-14,52,6,30,True,4,137,49,0.09096067189238966,0.4,64,True,-5.000000000000189,645.1156290951185,1013.5,974,20,True,1.3061224489795917
10,0.05,0.1,0.1,0.1007197243212317,0.05,51,1e-06,42,1024,52,107870,1.0,-5.00000000000021,-3.898077716516462,0.22038445669674028,4,60,60,False,nan,nan,nan,0.27175522316247225,0.7,68,True,-5.0000000000002,669.6495685919654,1004.0,953,20,False,0.0
10,0.05,0.1,0.3,0.1007197243212317,0.1,102,1e-06,42,1024,52,107870,1.0,-4.9999999999999885,-5.0,2.309263891220331e-15,52,7,30,True,5,135,49,0.09243477904237807,0.7,71,True,-5.000000000000168,601.6235532399733,1014.5,950,20,True,1.4489795918367347
10,0.05,0.1,0.5,0.1007197243212317,0.05,51,1e-06,42,1024,52,107870,1.0,-4.999999999999938,-3.898077716516462,0.22038445669669793,4,60,60,False,nan,nan,nan,0.2596374121494591,0.4,68,True,-5.0000000000001625,653.8783210050315,1003.5,967,20,False,0.0
10,0.25,0.5,0.8,0.01732704031205277,0.01,10,1e-05,42,1024,257,526466,1.0,-5.000000000000023,-3.896393154725153,0.22072136905497303,2,300,300,False,nan,nan,nan,0.7166372979991138,0.7,320,True,-5.0000000000000595,545.3311683908105,1018.0,1003,20,False,0.0
10,0.25,0.5,0.5,0.01732704031205277,0.01,10,0.0001,42,1024,257,526466,1.0,-5.000000000000012,-3.896393154725153,0.22072136905497136,2,300,300,False,nan,nan,nan,0.7231075349263847,1.0,314,True,-5.000000000000057,601.8173658479936,1019.0,1007,20,False,0.0
10,0.25,0.25,0.8,0.01732704031205277,0.01,10,1e-06,42,1024,257,265122,1.0,-5.000000000000044,-3.7359538704754756,0.2528092259049115,2,300,300,False,nan,nan,nan,0.5777240470051765,0.4,322,True,-5.000000000000047,541.9669299109373,1017.5,982,20,False,0.0
10,0.25,0.25,0.8,0.01732704031205277,0.01,10,1e-07,42,1024,257,265122,1.0,-4.999999999999984,-3.7403447010260757,0.2519310597947825,91,300,300,False,nan,nan,nan,3.965825878083706,0.4,315,True,-5.000000000000056,544.5585436259862,1020.0,987,20,False,0.0
10,0.05,0.1,0.1,0.1007197243212317,0.1,102,1e-07,42,1024,52,107870,1.0,-5.000000000000126,-5.0,2.522426711948292e-14,52,6,30,True,4,137,49,0.08419452095404267,0.3,72,True,-5.000000000000216,662.4712334920187,1004.0,948,20,True,1.469387755102041
10,0.25,0.25,0.5,0.01732704031205277,0.01,10,0.0001,42,1024,257,265122,1.0,-5.000000000000048,-3.7359538704754756,0.25280922590491206,2,300,300,False,nan,nan,nan,0.6080816630274057,0.7,328,True,-5.000000000000046,531.9319562460296,1018.0,1004,20,False,0.0
10,0.25,0.25,0.3,0.01732704031205277,0.01,10,1e-05,42,1024,257,265122,1.0,-5.000000000000016,-3.7359538704754756,0.2528092259049073,2,300,300,False,nan,nan,nan,0.6033300200942904,0.7,320,True,-5.000000000000068,509.4608464129269,1019.5,1007,20,False,0.0
10,0.25,0.5,0.8,0.01732704031205277,0.01,10,1e-06,42,1024,257,526466,1.0,-5.0000000000000115,-3.896393154725153,0.22072136905497122,2,300,300,False,nan,nan,nan,0.7286751291248947,0.4,316,True,-5.000000000000058,618.4312869759742,1017.0,983,20,False,0.0
10,0.05,0.1,0.1,0.1007197243212317,0.1,102,1e-06,42,1024,52,107870,1.0,-4.999999999999902,-5.0,1.9539925233403137e-14,52,7,30,True,5,135,49,0.0939287799410522,0.3,65,True,-5.000000000000222,664.8035378858913,1010.5,985,20,True,1.3265306122448979
10,0.25,0.5,0.8,0.01732704031205277,0.01,10,0.0001,42,1024,257,526466,1.0,-5.000000000000059,-3.896393154725153,0.22072136905497855,2,300,300,False,nan,nan,nan,0.705850088968873,1.0,317,True,-5.000000000000038,555.9426412398461,1019.0,1001,20,False,0.0
10,0.05,0.1,0.1,0.1007197243212317,0.05,51,1e-05,42,1024,52,107870,1.0,-4.9999999999999964,-3.898077716516462,0.22038445669670706,4,60,60,False,nan,nan,nan,0.26105486089363694,0.3,73,True,-5.000000000000135,657.008789611049,1004.5,896,20,False,0.0
10,0.05,0.1,0.8,0.1007197243212317,0.1,102,1e-06,42,1024,52,107870,1.0,-5.000000000000053,-5.0,1.0658141036401389e-14,52,7,30,True,5,135,49,0.0916567500680685,1.0,64,True,-5.000000000000183,581.501565764891,1008.5,914,20,True,1.3061224489795917
10,0.05,0.1,0.1,0.1007197243212317,0.05,51,0.0001,42,1024,52,107870,1.0,-5.000000000000057,-3.898077716516462,0.22038445669671647,4,60,60,False,nan,nan,nan,0.26941067609004676,0.4,72,True,-5.000000000000151,653.8516355780885,1008.0,946,20,False,0.0
10,0.05,0.1,0.8,0.1007197243212317,0.05,51,0.0001,42,1024,52,107870,1.0,-5.000000000000093,-3.898077716516462,0.22038445669672216,4,60,60,False,nan,nan,nan,0.2580212021712214,0.5,79,True,-5.000000000000002,590.538777587004,1004.0,970,20,False,0.0
10,0.25,0.5,0.8,0.01732704031205277,0.01,10,1e-07,42,1024,257,526466,1.0,-5.000000000000003,-3.89726226424114,0.2205475471517724,35,300,300,False,nan,nan,nan,2.707264647819102,0.2,320,True,-5.00000000000006,611.0591323841363,1020.0,1001,20,False,0.0
10,0.05,0.1,0.8,0.1007197243212317,0.1,102,1e-05,42,1024,52,107870,1.0,-5.000000000000076,-5.0,1.527666881884192e-14,52,7,30,True,5,135,49,0.09258070192299783,0.5,70,True,-5.000000000000176,584.4307582499459,1007.0,984,20,True,1.4285714285714286
10,0.05,0.1,0.8,0.1007197243212317,0.05,51,1e-05,42,1024,52,107870,1.0,-5.000000000000015,-3.898077716516462,0.22038445669670997,4,60,60,False,nan,nan,nan,0.26190407993271947,0.4,67,True,-5.0000000000000915,593.7215073721018,1008.0,966,20,False,0.0
10,0.05,0.1,0.8,0.1007197243212317,0.05,51,1e-06,42,1024,52,107870,1.0,-4.999999999999879,-3.898077716516462,0.22038445669668877,4,60,60,False,nan,nan,nan,0.2584787600208074,0.4,68,True,-5.0000000000000915,565.0322170010768,1011.5,925,20,False,0.0
10,0.05,0.1,0.8,0.1007197243212317,0.05,51,1e-07,42,1024,52,107870,1.0,-4.999999999999901,-3.9474903531239436,0.2105019293751957,25,60,60,False,nan,nan,nan,0.3497801579069346,0.1,75,True,-5.000000000000132,604.8699621050619,1007.0,971,20,False,0.0
10,0.05,0.1,0.8,0.1007197243212317,0.1,102,0.0001,42,1024,52,107870,1.0,-4.999999999999886,-5.0,2.273736754432372e-14,52,7,30,True,5,135,49,0.09273151191882789,0.1,70,True,-5.000000000000133,636.1060873609968,1014.5,909,20,True,1.4285714285714286
10,0.05,0.25,0.3,0.1007197243212317,0.1,102,1e-05,42,1024,52,264864,1.0,-5.000000000000164,-5.000000000000002,3.250733016102352e-14,52,4,30,True,3,137,51,0.0896080459933728,0.9,69,True,-5.000000000000174,600.9401004300453,1001.5,973,20,True,1.3529411764705883
10,0.05,0.25,0.3,0.1007197243212317,0.05,51,0.0001,42,1024,52,264864,1.0,-5.000000000000026,-5.000000000000001,4.973799150320676e-15,52,6,60,True,4,87,50,0.07230010395869613,0.4,73,True,-5.000000000000141,604.3376358610112,1014.5,916,20,True,1.46
10,0.05,0.1,0.1,0.1007197243212317,0.1,102,0.0001,42,1024,52,107870,1.0,-4.999999999999949,-5.0,1.012523398458153e-14,52,7,30,True,5,135,49,0.09322337713092566,0.1,69,True,-5.000000000000111,612.3871935938951,1008.5,943,20,True,1.4081632653061225
10,0.05,0.25,0.1,0.1007197243212317,0.05,51,1e-07,42,1024,52,264864,1.0,-5.0000000000001545,-5.000000000000001,3.073097332162338e-14,52,6,60,True,4,87,50,0.16947832214646041,0.3,71,True,-5.000000000000214,656.7455359508749,1014.5,951,20,True,1.42
10,0.05,0.25,0.3,0.1007197243212317,0.1,102,1e-06,42,1024,52,264864,1.0,-4.999999999999981,-5.000000000000002,4.0856207306205915e-15,52,4,30,True,3,137,51,0.08851406397297978,1.0,69,True,-5.000000000000183,680.6935899329837,1010.0,949,20,True,1.3529411764705883
10,0.05,0.25,0.3,0.1007197243212317,0.05,51,1e-05,42,1024,52,264864,1.0,-5.000000000000044,-5.000000000000001,8.70414851306115e-15,52,6,60,True,4,87,50,0.07096934807486832,0.6,71,True,-5.000000000000142,639.9142562809866,1012.0,962,20,True,1.42
10,0.05,0.25,0.3,0.1007197243212317,0.1,102,1e-07,42,1024,52,264864,1.0,-5.000000000000051,-5.000000000000002,9.769962616701278e-15,52,4,30,True,3,137,51,0.12294590403325856,0.9,71,True,-5.000000000000222,693.9954486889765,1006.0,924,20,True,1.392156862745098
10,0.05,0.1,0.5,0.1007197243212317,0.05,51,1e-05,42,1024,52,107870,1.0,-4.999999999999866,-3.898077716516462,0.2203844566966867,4,60,60,False,nan,nan,nan,0.2550917670596391,0.5,70,True,-5.00000000000013,653.4945756229572,1007.5,959,20,False,0.0
10,0.05,0.1,0.5,0.1007197243212317,0.1,102,1e-05,42,1024,52,107870,1.0,-4.999999999999883,-5.0,2.3447910280083857e-14,52,7,30,True,5,135,49,0.33273442392237484,0.1,68,True,-5.00000000000012,576.4388625051361,1007.5,923,20,True,1.3877551020408163
10,0.05,0.25,0.3,0.1007197243212317,0.1,102,0.0001,42,1024,52,264864,1.0,-4.99999999999997,-5.000000000000002,6.3948846218409405e-15,52,4,30,True,3,137,51,0.07523832190781832,0.1,70,True,-5.000000000000052,664.3738776240498,997.5,921,20,True,1.3725490196078431
10,0.05,0.1,0.1,0.1007197243212317,0.1,102,1e-05,42,1024,52,107870,1.0,-5.000000000000067,-5.0,1.3322676295501702e-14,52,7,30,True,5,135,49,0.0917299659922719,0.6,69,True,-5.0000000000001945,645.9051973309834,1008.0,964,20,True,1.4081632653061225
10,0.05,0.1,0.5,0.1007197243212317,0.05,51,0.0001,42,1024,52,107870,1.0,-5.0000000000000595,-3.898077716516462,0.22038445669671688,4,60,60,False,nan,nan,nan,0.2657333619426936,0.1,66,True,-5.000000000000143,646.152729454916,1007.0,960,20,False,0.0
10,0.05,0.25,0.1,0.1007197243212317,0.05,51,1e-05,42,1024,52,264864,1.0,-5.000000000000011,-5.000000000000001,1.9539925233402713e-15,52,6,60,True,4,87,50,0.07122741709463298,0.7,73,True,-5.000000000000159,644.8580964689609,1002.5,968,20,True,1.46
10,0.05,0.25,0.1,0.1007197243212317,0.05,51,1e-06,42,1024,52,264864,1.0,-4.999999999999954,-5.000000000000001,9.414691248821414e-15,52,6,60,True,4,87,50,0.07170708710327744,0.6,67,True,-5.000000000000135,654.4209484730382,1000.0,940,20,True,1.34
10,0.05,0.25,0.1,0.1007197243212317,0.05,51,0.0001,42,1024,52,264864,1.0,-4.999999999999971,-5.000000000000001,6.039613253960887e-15,52,6,60,True,4,87,50,0.07115029683336616,0.2,73,True,-5.000000000000238,656.6550743251573,1005.5,883,20,True,1.46
10,0.05,0.1,0.5,0.1007197243212317,0.1,102,1e-06,42,1024,52,107870,1.0,-4.99999999999988,-5.0,2.3980817331903956e-14,52,7,30,True,5,135,49,0.09372221096418798,0.4,70,True,-5.000000000000141,636.9520594100468,1011.5,952,20,True,1.4285714285714286
10,0.05,0.1,0.5,0.1007197243212317,0.1,102,0.0001,42,1024,52,107870,1.0,-5.000000000000006,-5.0,1.2434497875801739e-15,52,7,30,True,5,135,49,0.08212910802103579,0.2,71,True,-5.000000000000167,580.2659840898123,1004.0,965,20,True,1.4489795918367347
10,0.05,0.1,0.3,0.1007197243212317,0.05,51,1e-05,42,1024,52,107870,1.0,-4.999999999999944,-3.898077716516462,0.22038445669669887,4,60,60,False,nan,nan,nan,0.26074382616207004,1.0,65,True,-5.000000000000188,653.4534195249435,1009.0,940,20,False,0.0
10,0.05,0.1,0.3,0.1007197243212317,0.05,51,0.0001,42,1024,52,107870,1.0,-5.000000000000014,-3.898077716516462,0.22038445669670984,4,60,60,False,nan,nan,nan,0.2665473627857864,0.4,69,True,-5.000000000000178,645.4356991669629,1011.0,937,20,False,0.0
10,0.05,0.25,0.8,0.1007197243212317,0.05,51,0.0001,42,1024,52,264864,1.0,-4.999999999999789,-5.000000000000001,4.245492846166778e-14,52,6,60,True,4,87,50,0.07056434219703078,0.8,62,True,-5.000000000000107,586.9178225242067,998.5,954,20,True,1.24
10,0.05,0.1,0.3,0.1007197243212317,0.05,51,1e-07,42,1024,52,107870,1.0,-4.999999999999934,-3.9474903531239436,0.2105019293752009,25,60,60,False,nan,nan,nan,0.37522015208378434,0.6,73,True,-5.000000000000115,640.5967462051194,1009.0,947,20,False,0.0
10,0.05,0.1,0.5,0.1007197243212317,0.1,102,1e-07,42,1024,52,107870,1.0,-5.0000000000000115,-5.0,2.30926389122032e-15,52,6,30,True,4,137,49,0.08958748588338494,0.5,71,True,-5.00000000000015,615.2670818010811,1014.5,934,20,True,1.4489795918367347
10,0.05,0.1,0.8,0.1007197243212317,0.1,102,1e-07,42,1024,52,107870,1.0,-4.999999999999956,-5.0,8.881784197001331e-15,52,6,30,True,4,137,49,1.1348277709912509,0.3,74,True,-5.0000000000001865,658.2622941262089,1009.5,972,20,True,1.510204081632653
10,0.05,0.25,0.8,0.1007197243212317,0.05,51,1e-06,42,1024,52,264864,1.0,-4.999999999999999,-5.000000000000001,3.5527136788005016e-16,52,6,60,True,4,87,50,0.07156728697009385,1.0,71,True,-5.000000000000114,613.6843738378957,1017.0,976,20,True,1.42
10,0.05,0.1,0.3,0.1007197243212317,0.05,51,1e-06,42,1024,52,107870,1.0,-5.00000000000007,-3.898077716516462,0.22038445669671855,4,60,60,False,nan,nan,nan,0.27146758302114904,0.7,73,True,-5.000000000000218,638.9361647581682,1015.5,948,20,False,0.0
10,0.05,0.25,0.8,0.1007197243212317,0.1,102,1e-07,42,1024,52,264864,1.0,-5.000000000000109,-5.000000000000002,2.149391775674256e-14,52,4,30,True,3,137,51,0.07336483709514141,0.9,76,True,-5.000000000000122,593.3497980558313,1005.5,928,20,True,1.4901960784313726
10,0.05,0.25,0.5,0.1007197243212317,0.1,102,0.0001,42,1024,52,264864,1.0,-4.999999999999991,-5.000000000000002,2.1316282072803044e-15,52,4,30,True,3,137,51,0.05879361485131085,0.6,72,True,-5.000000000000129,575.0510071839672,1009.5,940,20,True,1.411764705882353
10,0.05,0.25,0.8,0.1007197243212317,0.05,51,1e-07,42,1024,52,264864,1.0,-4.999999999999919,-5.000000000000001,1.6342482922482568e-14,52,6,60,True,4,87,50,0.07081177597865462,0.6,64,True,-5.000000000000155,612.1143875028938,1009.5,960,20,True,1.28
10,0.05,0.25,0.5,0.1007197243212317,0.1,102,1e-05,42,1024,52,264864,1.0,-5.000000000000033,-5.000000000000002,6.217248937900836e-15,52,4,30,True,3,137,51,0.07452511391602457,0.1,72,True,-5.000000000000134,591.5538471608888,1007.0,971,20,True,1.411764705882353
10,0.05,0.25,0.8,0.1007197243212317,0.1,102,1e-06,42,1024,52,264864,1.0,-5.0000000000000036,-5.000000000000002,3.552713678800498e-16,52,4,30,True,3,137,51,0.06957597704604268,0.1,70,True,-5.000000000000101,651.5132299279794,1005.5,955,20,True,1.3725490196078431
10,0.05,0.5,0.3,0.1007197243212317,0.1,102,1e-07,42,1024,52,526354,1.0,-5.000000000000056,-4.9999999999999964,1.1901590823981544e-14,52,4,30,True,2,128,51,0.12899483600631356,0.1,66,True,-5.000000000000195,640.7168792190496,1015.5,973,20,True,1.2941176470588236
10,0.05,0.25,0.1,0.1007197243212317,0.1,102,1e-06,42,1024,52,264864,1.0,-5.000000000000061,-5.000000000000002,1.1901590823981532e-14,52,4,30,True,3,137,51,0.07561066490598023,0.9,72,True,-5.00000000000019,618.4935073170345,990.0,880,20,True,1.411764705882353
10,0.05,0.25,0.5,0.1007197243212317,0.1,102,1e-07,42,1024,52,264864,1.0,-4.999999999999902,-5.000000000000002,1.9895196601283195e-14,52,4,30,True,3,137,51,0.1589083750732243,0.3,69,True,-5.000000000000132,595.9193045219872,1004.0,936,20,True,1.3529411764705883
10,0.05,0.25,0.8,0.1007197243212317,0.1,102,1e-05,42,1024,52,264864,1.0,-4.999999999999873,-5.000000000000002,2.5757174171304285e-14,52,4,30,True,3,137,51,0.07374667911790311,0.1,71,True,-5.000000000000158,671.2818845869042,1013.5,945,20,True,1.392156862745098
10,0.05,0.25,0.5,0.1007197243212317,0.05,51,1e-07,42,1024,52,264864,1.0,-5.000000000000039,-5.000000000000001,7.638334409421017e-15,52,6,60,True,4,87,50,0.07103685499168932,0.4,62,True,-5.000000000000119,653.2110377959907,1016.5,956,20,True,1.24
10,0.05,0.5,0.3,0.1007197243212317,0.05,51,1e-06,42,1024,52,526354,1.0,-5.00000000000002,-4.999999999999999,4.2632564145605836e-15,52,4,60,True,3,88,50,0.09222357789985836,0.9,65,True,-5.000000000000186,666.5445360131562,1009.5,972,20,True,1.3
10,0.05,0.25,0.1,0.1007197243212317,0.1,102,1e-07,42,1024,52,264864,1.0,-4.999999999999921,-5.000000000000002,1.6164847238542534e-14,52,4,30,True,3,137,51,0.07356401509605348,0.5,70,True,-5.000000000000162,669.4542218740098,1004.0,873,20,True,1.3725490196078431
10,0.05,0.5,0.3,0.1007197243212317,0.05,51,1e-05,42,1024,52,526354,1.0,-4.99999999999997,-4.999999999999999,5.861977570020862e-15,52,4,60,True,3,88,50,0.0911642478313297,0.1,65,True,-5.000000000000137,683.323325712001,1008.0,930,20,True,1.3
10,0.05,0.25,0.5,0.1007197243212317,0.05,51,1e-06,42,1024,52,264864,1.0,-4.999999999999958,-5.000000000000001,8.526512829121273e-15,52,6,60,True,4,87,50,0.07163785211741924,0.2,77,True,-5.000000000000158,665.1038580229506,1004.0,891,20,True,1.54
10,0.05,0.5,0.3,0.1007197243212317,0.05,51,0.0001,42,1024,52,526354,1.0,-5.0000000000001155,-4.999999999999999,2.3270274596142744e-14,52,4,60,True,3,88,50,0.5690483159851283,0.1,72,True,-5.000000000000183,684.3434636399616,1009.0,908,20,True,1.44
10,0.05,0.5,0.3,0.1007197243212317,0.05,51,1e-07,42,1024,52,526354,1.0,-5.00000000000005,-4.999999999999999,1.0125233984581327e-14,52,4,60,True,3,88,50,0.08113576495088637,0.6,60,True,-5.000000000000101,707.6679372820072,1009.5,940,20,True,1.2
10,0.05,0.5,0.3,0.1007197243212317,0.1,102,1e-06,42,1024,52,526354,1.0,-5.0000000000000515,-4.9999999999999964,1.101341240428144e-14,52,4,30,True,2,128,51,0.12663498101755977,0.6,72,True,-5.000000000000145,707.2416550340131,1011.0,968,20,True,1.411764705882353
10,0.05,0.25,0.8,0.1007197243212317,0.1,102,0.0001,42,1024,52,264864,1.0,-4.9999999999998845,-5.000000000000002,2.3447910280083848e-14,52,4,30,True,3,137,51,0.07487508887425065,0.7,71,True,-5.000000000000175,670.9694955409504,1010.5,947,20,True,1.392156862745098
10,0.05,0.25,0.5,0.1007197243212317,0.1,102,1e-06,42,1024,52,264864,1.0,-4.999999999999974,-5.000000000000002,5.506706202140805e-15,52,4,30,True,3,137,51,0.07421015109866858,0.6,74,True,-5.000000000000066,599.9610349710565,1010.5,979,20,True,1.4509803921568627
10,0.05,0.25,0.5,0.1007197243212317,0.05,51,0.0001,42,1024,52,264864,1.0,-4.999999999999957,-5.000000000000001,8.704148513061302e-15,52,6,60,True,4,87,50,0.07701023994013667,0.2,72,True,-5.000000000000136,666.4247290089261,1014.5,954,20,True,1.44
10,0.05,0.25,0.3,0.1007197243212317,0.05,51,1e-07,42,1024,52,264864,1.0,-4.999999999999868,-5.000000000000001,2.6645352591004464e-14,52,6,60,True,4,87,50,0.07225417508743703,0.7,69,True,-5.000000000000053,666.9166358979419,1006.0,901,20,True,1.38
10,0.05,0.5,0.1,0.1007197243212317,0.05,51,1e-07,42,1024,52,526354,1.0,-5.000000000000116,-4.999999999999999,2.344791028008276e-14,52,4,60,True,3,88,50,0.09127382701262832,0.7,72,True,-5.000000000000092,733.2288948099595,1009.0,970,20,True,1.44
10,0.05,0.25,0.3,0.1007197243212317,0.05,51,1e-06,42,1024,52,264864,1.0,-4.999999999999984,-5.000000000000001,3.3750779948604868e-15,52,6,60,True,4,87,50,0.07226049597375095,0.9,76,True,-5.000000000000317,667.0124362290371,1010.0,954,20,True,1.52
10,0.05,0.5,0.1,0.1007197243212317,0.05,51,1e-06,42,1024,52,526354,1.0,-4.999999999999969,-4.999999999999999,6.039613253960889e-15,52,4,60,True,3,88,50,0.09140477213077247,0.5,62,True,-5.0000000000000515,724.2974129840732,1010.5,960,20,True,1.24
10,0.05,0.25,0.5,0.1007197243212317,0.05,51,1e-05,42,1024,52,264864,1.0,-4.999999999999878,-5.000000000000001,2.4513724383724054e-14,52,6,60,True,4,87,50,0.07216455601155758,0.5,66,True,-5.000000000000156,655.8159510351252,1012.0,953,20,True,1.32
10,0.05,0.25,0.1,0.1007197243212317,0.1,102,1e-05,42,1024,52,264864,1.0,-5.000000000000003,-5.000000000000002,1.7763568394002496e-16,52,4,30,True,3,137,51,0.08828678191639483,0.6,67,True,-5.0000000000001625,664.6542939129286,996.5,951,20,True,1.3137254901960784
10,0.05,0.25,0.8,0.1007197243212317,0.05,51,1e-05,42,1024,52,264864,1.0,-4.999999999999865,-5.000000000000001,2.7178259642824565e-14,52,6,60,True,4,87,50,0.0858480129390955,0.3,66,True,-5.000000000000154,661.549983615987,1005.0,961,20,True,1.32
10,0.05,0.5,0.8,0.1007197243212317,0.05,51,1e-06,42,1024,52,526354,1.0,-4.999999999999965,-4.999999999999999,6.750155989720999e-15,52,4,60,True,3,88,50,0.09183210507035255,0.6,71,True,-5.000000000000138,641.9943363100756,1006.0,962,20,True,1.42
10,0.05,0.25,0.1,0.1007197243212317,0.1,102,0.0001,42,1024,52,264864,1.0,-5.00000000000021,-5.000000000000002,4.1566750041964117e-14,52,4,30,True,3,137,51,0.07484926003962755,0.5,74,True,-5.000000000000089,668.5935206678696,998.5,972,20,True,1.4509803921568627
10,0.1,0.1,0.3,0.05606159822354621,0.05,51,1e-05,42,1024,103,107962,1.0,-5.000000000000029,-5.000000000000006,4.618527782440624e-15,103,7,60,True,6,140,97,0.08339694188907743,1.0,125,True,-5.000000000000064,401.733893530909,1014.0,981,20,True,1.288659793814433
10,0.05,0.5,0.5,0.1007197243212317,0.1,102,0.0001,42,1024,52,526354,1.0,-4.999999999999904,-4.9999999999999964,1.847411112976296e-14,52,4,30,True,2,128,51,0.12630881811492145,0.2,69,True,-5.000000000000161,686.7870112850796,1008.5,905,20,True,1.3529411764705883
10,0.05,0.5,0.5,0.1007197243212317,0.1,102,1e-06,42,1024,52,526354,1.0,-5.000000000000002,-4.9999999999999964,1.0658141036401498e-15,52,4,30,True,2,128,51,0.12680952693335712,0.1,69,True,-5.0000000000000915,633.8572702410165,1015.0,920,20,True,1.3529411764705883
10,0.05,0.5,0.8,0.1007197243212317,0.05,51,1e-05,42,1024,52,526354,1.0,-5.000000000000032,-4.999999999999999,6.5725203057808844e-15,52,4,60,True,3,88,50,0.09102317411452532,0.3,67,True,-5.000000000000135,657.6440500000026,1010.5,951,20,True,1.34
10,0.1,0.1,0.1,0.05606159822354621,0.1,102,0.0001,42,1024,103,107962,1.0,-5.000000000000015,-4.999932036894669,1.3592621069236048e-05,102,30,30,True,3,166,99,0.5072572978679091,0.2,130,True,-5.000000000000034,396.61852262797765,1016.5,975,20,True,1.3131313131313131
10,0.05,0.5,0.5,0.1007197243212317,0.1,102,1e-07,42,1024,52,526354,1.0,-4.9999999999999485,-4.9999999999999964,9.592326932761451e-15,52,4,30,True,2,128,51,0.12683075293898582,0.3,78,True,-5.000000000000155,660.5812083689962,1006.5,949,20,True,1.5294117647058822
10,0.1,0.1,0.3,0.05606159822354621,0.05,51,1e-07,42,1024,103,107962,1.0,-5.000000000000028,-5.000000000000007,4.2632564145605765e-15,103,5,60,True,3,112,96,0.08224071911536157,0.8,123,True,-5.000000000000059,384.91709597199224,1013.0,990,20,True,1.28125
10,0.05,0.5,0.5,0.1007197243212317,0.1,102,1e-05,42,1024,52,526354,1.0,-4.999999999999874,-4.9999999999999964,2.4513724383724076e-14,52,4,30,True,2,128,51,0.1270045021083206,0.2,65,True,-5.000000000000156,678.7841627439484,1014.5,978,20,True,1.2745098039215685
10,0.1,0.1,0.1,0.05606159822354621,0.1,102,1e-05,42,1024,103,107962,1.0,-5.000000000000028,-5.0000000000000115,3.3750779948604568e-15,103,5,30,True,3,166,99,0.11788648297078907,0.9,135,True,-5.000000000000049,412.0911734770052,1017.0,961,20,True,1.3636363636363635
10,0.1,0.1,0.3,0.05606159822354621,0.05,51,1e-06,42,1024,103,107962,1.0,-5.000000000000037,-5.000000000000009,5.684341886080759e-15,103,6,60,True,4,135,97,0.07802855898626149,0.9,137,True,-5.000000000000066,393.86898888321593,1017.0,960,20,True,1.4123711340206186
10,0.1,0.1,0.3,0.05606159822354621,0.05,51,0.0001,42,1024,103,107962,1.0,-5.000000000000036,-4.999932036894673,1.3592621072611068e-05,102,60,60,True,6,140,97,0.7636127949226648,0.4,129,True,-5.000000000000059,447.45640699309297,1014.0,977,20,True,1.3298969072164948
10,0.05,0.5,0.5,0.1007197243212317,0.05,51,1e-05,42,1024,52,526354,1.0,-4.9999999999999964,-4.999999999999999,5.329070518200755e-16,52,4,60,True,3,88,50,0.1667735839728266,0.1,67,True,-5.000000000000193,637.5965831829235,1010.5,971,20,True,1.34
10,0.05,0.5,0.8,0.1007197243212317,0.05,51,0.0001,42,1024,52,526354,1.0,-4.999999999999938,-4.999999999999999,1.225686219186188e-14,52,4,60,True,3,88,50,0.0916420710273087,0.5,70,True,-5.000000000000166,768.5686444160528,1011.5,959,20,True,1.4
10,0.1,0.1,0.5,0.05606159822354621,0.1,102,0.0001,42,1024,103,107962,1.0,-5.000000000000039,-4.999932036894669,1.3592621074032145e-05,102,30,30,True,3,166,99,0.4995817479211837,0.3,133,True,-5.00000000000004,387.58450861112215,1015.5,969,20,True,1.3434343434343434
10,0.05,0.5,0.1,0.1007197243212317,0.05,51,0.0001,42,1024,52,526354,1.0,-4.99999999999993,-4.999999999999999,1.3855583347322147e-14,52,4,60,True,3,88,50,0.09247060096822679,0.3,67,True,-5.000000000000149,724.6984202519525,1008.5,958,20,True,1.34
10,0.05,0.5,0.8,0.1007197243212317,0.1,102,1e-07,42,1024,52,526354,1.0,-5.00000000000001,-4.9999999999999964,2.6645352591003706e-15,52,4,30,True,2,128,51,0.1272163111716509,0.8,71,True,-5.000000000000091,763.1686320200097,1003.5,946,20,True,1.392156862745098
10,0.05,0.5,0.3,0.1007197243212317,0.1,102,1e-05,42,1024,52,526354,1.0,-5.000000000000056,-4.9999999999999964,1.1901590823981544e-14,52,4,30,True,2,128,51,0.12686158390715718,0.6,67,True,-5.00000000000012,726.5434530968778,1011.0,923,20,True,1.3137254901960784
10,0.1,0.1,0.5,0.05606159822354621,0.1,102,1e-06,42,1024,103,107962,1.0,-5.000000000000023,-5.0000000000000036,3.907985046680533e-15,103,5,30,True,3,173,100,0.11123549402691424,1.0,130,True,-5.000000000000057,416.39837414282374,1012.0,960,20,True,1.3
10,0.05,0.5,0.1,0.1007197243212317,0.05,51,1e-05,42,1024,52,526354,1.0,-5.000000000000006,-4.999999999999999,1.4210854715201987e-15,52,4,60,True,3,88,50,0.09356153896078467,0.8,64,True,-5.0000000000001235,760.9715606209356,1009.5,871,20,True,1.28
10,0.1,0.1,0.5,0.05606159822354621,0.05,51,0.0001,42,1024,103,107962,1.0,-5.0000000000000355,-4.999932036894673,1.3592621072433435e-05,102,60,60,True,6,140,97,0.7216861250344664,0.4,140,True,-5.0000000000000435,377.9160607031081,1011.0,970,20,True,1.443298969072165
10,0.05,0.5,0.3,0.1007197243212317,0.1,102,0.0001,42,1024,52,526354,1.0,-5.000000000000111,-4.9999999999999964,2.2915003228262724e-14,52,4,30,True,2,128,51,0.1279779700562358,0.3,68,True,-5.0000000000001705,734.78127097385,1002.0,913,20,True,1.3333333333333333
10,0.1,0.25,0.3,0.05606159822354621,0.05,51,1e-07,42,1024,103,264956,1.0,-5.000000000000013,-5.000000000000003,2.131628207280295e-15,103,5,60,True,3,120,100,0.12055500806309283,0.4,130,True,-5.000000000000055,419.18224223400466,1018.5,983,20,True,1.3
10,0.1,0.1,0.8,0.05606159822354621,0.05,51,1e-07,42,1024,103,107962,1.0,-5.000000000000037,-5.000000000000007,6.0396132539608065e-15,103,5,60,True,3,112,96,0.0927961990237236,0.2,135,True,-5.000000000000035,381.09180631511845,1011.5,977,20,True,1.40625
10,0.05,0.5,0.5,0.1007197243212317,0.05,51,0.0001,42,1024,52,526354,1.0,-4.999999999999941,-4.999999999999999,1.1546319456101764e-14,52,4,60,True,3,88,50,0.09247877891175449,0.6,70,True,-5.000000000000123,665.9363744540606,1010.0,960,20,True,1.4
10,0.1,0.25,0.1,0.05606159822354621,0.1,102,1e-06,42,1024,103,264956,1.0,-5.000000000000024,-4.999999999999999,4.973799150320677e-15,103,4,30,True,3,192,94,0.08912425395101309,0.8,136,True,-5.000000000000032,408.79239889001474,1019.0,998,20,True,1.446808510638298
10,0.1,0.1,0.5,0.05606159822354621,0.05,51,1e-05,42,1024,103,107962,1.0,-5.000000000000002,-5.000000000000006,8.881784197001249e-16,103,7,60,True,6,140,97,0.08975410717539489,0.4,133,True,-5.000000000000052,407.92086109286174,1013.5,973,20,True,1.3711340206185567
10,0.05,0.5,0.8,0.1007197243212317,0.1,102,1e-06,42,1024,52,526354,1.0,-4.999999999999994,-4.9999999999999964,5.329070518200758e-16,52,4,30,True,2,128,51,0.12667193706147373,0.5,58,True,-5.0000000000000835,790.481341880979,998.0,957,20,True,1.1372549019607843
10,0.1,0.25,0.1,0.05606159822354621,0.1,102,1e-05,42,1024,103,264956,1.0,-5.000000000000022,-5.000000000000001,4.263256414560582e-15,103,4,30,True,3,192,94,0.09636738197878003,0.9,134,True,-5.000000000000053,396.93759824708104,1010.5,977,20,True,1.425531914893617
10,0.05,0.5,0.5,0.1007197243212317,0.05,51,1e-06,42,1024,52,526354,1.0,-5.000000000000041,-4.999999999999999,8.34887714518111e-15,52,4,60,True,3,88,50,0.0921092159114778,0.5,69,True,-5.000000000000108,743.3754778348375,1002.0,942,20,True,1.38
10,0.1,0.1,0.5,0.05606159822354621,0.1,102,1e-07,42,1024,103,107962,1.0,-5.000000000000013,-5.000000000000009,8.881784197001229e-16,103,4,30,True,3,187,98,0.11599429207853973,0.2,133,True,-5.000000000000037,404.90306429495104,1013.5,971,20,True,1.3571428571428572
10,0.1,0.25,0.1,0.05606159822354621,0.1,102,0.0001,42,1024,103,264956,1.0,-5.000000000000037,-4.999940153525569,1.1969294893709925e-05,102,30,30,True,3,192,94,0.7554770261049271,0.5,137,True,-5.000000000000044,402.97931553190574,1016.0,974,20,True,1.4574468085106382
10,0.05,0.5,0.1,0.1007197243212317,0.1,102,1e-05,42,1024,52,526354,1.0,-4.999999999999996,-4.9999999999999964,1.776356839400252e-16,52,4,30,True,2,128,51,0.12840277515351772,0.2,66,True,-5.000000000000242,765.3252378159668,998.0,946,20,True,1.2941176470588236
10,0.1,0.25,0.1,0.05606159822354621,0.1,102,1e-07,42,1024,103,264956,1.0,-5.0,-5.00000000000001,1.9539925233402757e-15,103,4,30,True,2,152,100,0.1224122610874474,0.5,124,True,-5.000000000000052,430.6963734009769,1012.5,967,20,True,1.24
10,0.05,0.5,0.1,0.1007197243212317,0.1,102,0.0001,42,1024,52,526354,1.0,-5.0000000000001465,-4.9999999999999964,3.002043058586335e-14,52,4,30,True,2,128,51,0.12901139189489186,0.3,63,True,-5.00000000000011,767.404756629141,1006.5,861,20,True,1.2352941176470589
10,0.05,0.5,0.8,0.1007197243212317,0.1,102,1e-05,42,1024,52,526354,1.0,-5.000000000000035,-4.9999999999999964,7.638334409421025e-15,52,4,30,True,2,128,51,0.12842805311083794,0.9,66,True,-5.000000000000142,781.7001364598982,1016.0,878,20,True,1.2941176470588236
10,0.05,0.5,0.8,0.1007197243212317,0.1,102,0.0001,42,1024,52,526354,1.0,-4.999999999999947,-4.9999999999999964,9.94759830064151e-15,52,4,30,True,2,128,51,0.127267048927024,0.5,64,True,-5.000000000000173,776.1955443751067,1003.0,946,20,True,1.2549019607843137
10,0.05,0.5,0.5,0.1007197243212317,0.05,51,1e-07,42,1024,52,526354,1.0,-5.000000000000009,-4.999999999999999,1.953992523340272e-15,52,4,60,True,3,88,50,0.09329253016039729,0.1,65,True,-5.00000000000011,741.6650819480419,1008.5,943,20,True,1.3
10,0.1,0.25,0.3,0.05606159822354621,0.05,51,1e-06,42,1024,103,264956,1.0,-5.000000000000022,-5.0000000000000036,3.7303493627405096e-15,103,5,60,True,3,103,98,0.09494799003005028,0.5,128,True,-5.000000000000029,457.51024644006975,1018.0,978,20,True,1.3061224489795917
10,0.05,0.5,0.8,0.1007197243212317,0.05,51,1e-07,42,1024,52,526354,1.0,-5.000000000000047,-4.999999999999999,9.592326932761262e-15,52,4,60,True,3,88,50,1.761148075107485,0.3,69,True,-5.000000000000138,701.6192997589242,1004.0,940,20,True,1.38
10,0.05,0.5,0.1,0.1007197243212317,0.1,102,1e-07,42,1024,52,526354,1.0,-5.000000000000048,-4.9999999999999964,1.0302869668521355e-14,52,4,30,True,2,128,51,0.11817910196259618,0.6,70,True,-5.0000000000001235,766.0956205730326,1007.0,975,20,True,1.3725490196078431
10,0.1,0.1,0.5,0.05606159822354621,0.05,51,1e-07,42,1024,103,107962,1.0,-5.000000000000035,-5.000000000000007,5.506706202140738e-15,103,5,60,True,3,112,96,0.08692965982481837,0.8,136,True,-5.000000000000059,382.04445459204726,1016.5,993,20,True,1.4166666666666667
10,0.05,0.5,0.1,0.1007197243212317,0.1,102,1e-06,42,1024,52,526354,1.0,-5.0000000000000515,-4.9999999999999964,1.101341240428144e-14,52,4,30,True,2,128,51,0.11740086204372346,0.2,71,True,-5.000000000000155,756.4105502781458,1008.0,936,20,True,1.392156862745098
10,0.1,0.1,0.8,0.05606159822354621,0.05,51,1e-06,42,1024,103,107962,1.0,-5.000000000000037,-5.000000000000009,5.684341886080759e-15,103,6,60,True,4,135,97,0.08264459786005318,0.2,129,True,-5.000000000000039,456.49809409701265,1014.0,979,20,True,1.3298969072164948
10,0.1,0.25,0.5,0.05606159822354621,0.1,102,1e-06,42,1024,103,264956,1.0,-5.000000000000019,-4.999999999999999,3.907985046680536e-15,103,4,30,True,3,192,94,0.09597702883183956,0.4,137,True,-5.000000000000034,391.5988410532009,1018.0,989,20,True,1.4574468085106382
10,0.1,0.1,0.1,0.05606159822354621,0.05,51,1e-06,42,1024,103,107962,1.0,-5.000000000000044,-5.000000000000009,7.105427357600939e-15,103,6,60,True,4,135,97,0.08206945401616395,0.2,128,True,-5.000000000000039,458.1506186169572,1017.0,972,20,True,1.3195876288659794
10,0.1,0.1,0.3,0.05606159822354621,0.1,102,1e-07,42,1024,103,107962,1.0,-4.999999999999993,-5.000000000000009,3.1974423109204553e-15,103,4,30,True,3,187,98,0.11498932098038495,0.8,137,True,-5.000000000000042,442.5449924101122,1011.0,976,20,True,1.3979591836734695
10,0.1,0.1,0.8,0.05606159822354621,0.05,51,1e-05,42,1024,103,107962,1.0,-5.000000000000003,-5.000000000000006,7.105427357600998e-16,103,7,60,True,6,140,97,0.09531716699711978,0.3,140,True,-5.000000000000049,451.24084343388677,1014.0,982,20,True,1.443298969072165
10,0.1,0.25,0.5,0.05606159822354621,0.05,51,0.0001,42,1024,103,264956,1.0,-5.000000000000018,-4.999940153525574,1.1969294888736172e-05,102,60,60,True,3,102,98,1.116864101961255,0.3,120,True,-5.000000000000034,409.8057358621154,1012.5,987,20,True,1.2244897959183674
10,0.1,0.1,0.1,0.05606159822354621,0.05,51,1e-07,42,1024,103,107962,1.0,-5.000000000000013,-5.000000000000007,1.243449787580172e-15,103,5,60,True,3,112,96,0.07987995794974267,0.4,122,True,-5.000000000000056,443.6061122030951,1015.0,978,20,True,1.2708333333333333
10,0.1,0.1,0.5,0.05606159822354621,0.05,51,1e-06,42,1024,103,107962,1.0,-5.000000000000034,-5.000000000000009,4.973799150320668e-15,103,6,60,True,4,135,97,0.09156918409280479,1.0,140,True,-5.000000000000047,392.6373598810751,1016.0,970,20,True,1.443298969072165
10,0.1,0.25,0.5,0.05606159822354621,0.05,51,1e-06,42,1024,103,264956,1.0,-5.000000000000005,-5.0000000000000036,3.552713678800497e-16,103,5,60,True,3,103,98,0.09348460799083114,0.1,134,True,-5.000000000000044,392.8810301919002,1014.5,974,20,True,1.3673469387755102
10,0.1,0.1,0.3,0.05606159822354621,0.1,102,1e-06,42,1024,103,107962,1.0,-5.000000000000016,-5.0000000000000036,2.4868995751603426e-15,103,5,30,True,3,173,100,0.11589540308341384,0.8,128,True,-5.000000000000047,444.9937235149555,1015.5,963,20,True,1.28
10,0.1,0.25,0.5,0.05606159822354621,0.1,102,1e-05,42,1024,103,264956,1.0,-5.000000000000026,-5.000000000000001,4.973799150320676e-15,103,4,30,True,3,192,94,0.09628376015461981,0.2,127,True,-5.000000000000044,398.9158884091303,1013.0,982,20,True,1.351063829787234
10,0.1,0.25,0.5,0.05606159822354621,0.05,51,1e-07,42,1024,103,264956,1.0,-5.000000000000023,-5.000000000000003,4.085620730620557e-15,103,5,60,True,3,120,100,0.12025952502153814,0.9,130,True,-5.000000000000036,410.1677378169261,1010.0,976,20,True,1.3
10,0.1,0.1,0.8,0.05606159822354621,0.05,51,0.0001,42,1024,103,107962,1.0,-5.000000000000037,-4.999932036894673,1.35926210727887e-05,102,60,60,True,6,140,97,0.7536081960424781,0.3,127,True,-5.000000000000037,437.155587076908,1017.0,1001,20,True,1.309278350515464
10,0.1,0.1,0.3,0.05606159822354621,0.1,102,0.0001,42,1024,103,107962,1.0,-5.000000000000023,-4.999932036894669,1.3592621070834746e-05,102,30,30,True,3,166,99,0.5295193940401077,0.4,144,True,-5.000000000000046,441.05870164721273,1014.5,999,20,True,1.4545454545454546
10,0.1,0.1,0.1,0.05606159822354621,0.1,102,1e-07,42,1024,103,107962,1.0,-5.000000000000017,-5.000000000000009,1.59872115546022e-15,103,4,30,True,3,187,98,0.11144260899163783,1.0,137,True,-5.000000000000037,446.1671554420609,1016.0,980,20,True,1.3979591836734695
10,0.1,0.25,0.5,0.05606159822354621,0.05,51,1e-05,42,1024,103,264956,1.0,-5.000000000000028,-5.000000000000003,5.151434834260697e-15,103,5,60,True,3,102,98,0.09450897597707808,0.4,124,True,-5.000000000000036,421.71420584013686,1015.0,979,20,True,1.2653061224489797
10,0.1,0.1,0.1,0.05606159822354621,0.1,102,1e-06,42,1024,103,107962,1.0,-5.0000000000000195,-5.0000000000000036,3.1974423109204383e-15,103,5,30,True,3,173,100,0.11560936109162867,0.3,133,True,-5.000000000000038,444.3815426880028,1014.0,989,20,True,1.33
10,0.1,0.1,0.3,0.05606159822354621,0.1,102,1e-05,42,1024,103,107962,1.0,-5.000000000000018,-5.0000000000000115,1.243449787580171e-15,103,5,30,True,3,166,99,0.1252959631383419,0.4,135,True,-5.000000000000044,432.6765010440722,1017.5,992,20,True,1.3636363636363635
10,0.1,0.5,0.1,0.05606159822354621,0.1,102,1e-07,42,1024,103,526398,1.0,-5.0000000000000195,-5.000000000000002,3.552713678800487e-15,103,4,30,True,2,160,100,0.2959424280561507,0.6,122,True,-5.000000000000021,470.31218132493086,1011.0,977,20,True,1.22
10,0.1,0.1,0.8,0.05606159822354621,0.1,102,1e-06,42,1024,103,107962,1.0,-5.0000000000000195,-5.0000000000000036,3.1974423109204383e-15,103,5,30,True,3,173,100,0.11299191485159099,0.6,135,True,-5.000000000000049,428.5885762509424,1015.5,979,20,True,1.35
10,0.1,0.1,0.8,0.05606159822354621,0.1,102,1e-07,42,1024,103,107962,1.0,-5.000000000000002,-5.000000000000009,1.4210854715201999e-15,103,4,30,True,3,187,98,0.11386822606436908,0.5,135,True,-5.000000000000048,432.3990443130024,1012.0,992,20,True,1.3775510204081634
10,0.1,0.1,0.1,0.05606159822354621,0.05,51,1e-05,42,1024,103,107962,1.0,-5.000000000000028,-5.000000000000006,4.440892098500601e-15,103,7,60,True,6,140,97,0.08041669707745314,0.7,137,True,-5.0000000000000675,441.747793877963,1015.0,985,20,True,1.4123711340206186
10,0.1,0.5,0.1,0.05606159822354621,0.1,102,1e-05,42,1024,103,526398,1.0,-5.000000000000004,-5.000000000000003,3.5527136788004977e-16,103,4,30,True,2,139,101,0.18363023805432022,0.5,129,True,-5.000000000000059,517.431572804926,1016.5,977,20,True,1.2772277227722773
10,0.1,0.1,0.1,0.05606159822354621,0.05,51,0.0001,42,1024,103,107962,1.0,-5.000000000000006,-4.999932036894673,1.3592621066571536e-05,102,60,60,True,6,140,97,0.7657630650792271,0.3,137,True,-5.000000000000044,437.4756054948084,1013.0,965,20,True,1.4123711340206186
10,0.1,0.25,0.3,0.05606159822354621,0.1,102,1e-05,42,1024,103,264956,1.0,-5.000000000000013,-5.000000000000001,2.486899575160344e-15,103,4,30,True,3,192,94,0.09595920704305172,0.5,130,True,-5.000000000000031,393.6356841030065,1013.5,976,20,True,1.3829787234042554
10,0.1,0.1,0.5,0.05606159822354621,0.1,102,1e-05,42,1024,103,107962,1.0,-5.000000000000018,-5.0000000000000115,1.243449787580171e-15,103,5,30,True,3,166,99,0.2047676257789135,0.2,119,True,-5.000000000000049,430.84262113203295,1017.5,1001,20,True,1.202020202020202
10,0.1,0.5,0.1,0.05606159822354621,0.05,51,0.0001,42,1024,103,526398,1.0,-4.999999999999998,-4.999941064019281,1.1787196143409067e-05,102,60,60,True,3,125,100,1.7399096030276269,0.5,115,True,-5.000000000000025,483.1393499590922,1013.5,974,20,True,1.15
10,0.1,0.5,0.1,0.05606159822354621,0.05,51,1e-05,42,1024,103,526398,1.0,-5.000000000000016,-5.000000000000006,1.9539925233402694e-15,103,4,60,True,3,125,101,0.10381970787420869,0.9,130,True,-5.000000000000062,505.93005650886334,1013.0,973,20,True,1.2871287128712872
10,0.1,0.25,0.5,0.05606159822354621,0.1,102,0.0001,42,1024,103,264956,1.0,-5.000000000000022,-4.999940153525569,1.1969294890690155e-05,102,30,30,True,3,192,94,0.7749920778442174,0.5,131,True,-5.000000000000029,433.11467856913805,1011.5,1002,20,True,1.3936170212765957
10,0.1,0.5,0.1,0.05606159822354621,0.1,102,1e-06,42,1024,103,526398,1.0,-5.0000000000000195,-5.000000000000003,3.3750779948604627e-15,103,4,30,True,2,139,101,0.15998333506286144,0.7,136,True,-5.000000000000035,473.4880050988868,1019.0,951,20,True,1.3465346534653466
10,0.1,0.1,0.8,0.05606159822354621,0.1,102,0.0001,42,1024,103,107962,1.0,-5.0000000000000115,-4.999932036894669,1.3592621068525514e-05,102,30,30,True,3,166,99,0.5271102678962052,0.3,131,True,-5.000000000000053,421.5969635779038,1010.5,949,20,True,1.3232323232323233
10,0.1,0.5,0.1,0.05606159822354621,0.1,102,0.0001,42,1024,103,526398,1.0,-5.000000000000012,-4.999941064019284,1.1787196145718297e-05,102,30,30,True,2,139,101,1.210959750926122,1.0,132,True,-5.000000000000032,515.7808707221411,1015.5,987,20,True,1.306930693069307
10,0.1,0.25,0.8,0.05606159822354621,0.05,51,1e-07,42,1024,103,264956,1.0,-5.0000000000000115,-5.000000000000003,1.7763568394002463e-15,103,5,60,True,3,120,100,0.1228195340372622,1.0,134,True,-5.000000000000031,427.7205179980956,1012.5,971,20,True,1.34
10,0.1,0.25,0.3,0.05606159822354621,0.05,51,1e-05,42,1024,103,264956,1.0,-5.000000000000003,-5.000000000000003,0.0,103,5,60,True,3,102,98,0.09484326187521219,1.0,132,True,-5.000000000000042,448.0952562279999,1015.0,970,20,True,1.346938775510204
10,0.1,0.25,0.3,0.05606159822354621,0.1,102,0.0001,42,1024,103,264956,1.0,-5.0000000000000115,-4.999940153525569,1.1969294888558552e-05,102,30,30,True,3,192,94,0.7581316470168531,1.0,120,True,-5.000000000000023,418.2298806239851,1018.0,965,20,True,1.2765957446808511
10,0.1,0.1,0.8,0.05606159822354621,0.1,102,1e-05,42,1024,103,107962,1.0,-5.000000000000048,-5.0000000000000115,7.283063041540957e-15,103,5,30,True,3,166,99,0.11160547891631722,0.2,140,True,-5.000000000000043,418.62693040585145,1008.5,949,20,True,1.4141414141414141
10,0.1,0.25,0.3,0.05606159822354621,0.05,51,0.0001,42,1024,103,264956,1.0,-5.000000000000002,-4.999940153525574,1.1969294885538768e-05,102,60,60,True,3,102,98,1.1719342910218984,0.5,132,True,-5.000000000000045,453.4407526499126,1012.0,988,20,True,1.346938775510204
10,0.1,0.5,0.5,0.05606159822354621,0.05,51,0.0001,42,1024,103,526398,1.0,-4.999999999999993,-4.999941064019281,1.1787196142343265e-05,102,60,60,True,3,125,100,1.7624913258478045,0.4,129,True,-5.00000000000003,472.00516875996254,1013.5,936,20,True,1.29
10,0.1,0.25,0.8,0.05606159822354621,0.05,51,1e-06,42,1024,103,264956,1.0,-5.000000000000039,-5.0000000000000036,7.105427357600947e-15,103,5,60,True,3,103,98,0.09450760507024825,0.8,130,True,-5.000000000000029,440.0858139449265,1013.0,986,20,True,1.3265306122448979
10,0.1,0.25,0.1,0.05606159822354621,0.05,51,1e-05,42,1024,103,264956,1.0,-5.000000000000014,-5.000000000000003,2.309263891220319e-15,103,5,60,True,3,102,98,0.09405790409073234,1.0,128,True,-5.00000000000005,442.9869838550221,1015.5,987,20,True,1.3061224489795917
10,0.1,0.25,0.3,0.05606159822354621,0.1,102,1e-06,42,1024,103,264956,1.0,-5.0000000000000195,-4.999999999999999,4.08562073062056e-15,103,4,30,True,3,192,94,0.09758289996534586,1.0,131,True,-5.000000000000044,460.04063144302927,1010.0,981,20,True,1.3936170212765957
10,0.1,0.5,0.3,0.05606159822354621,0.1,102,0.0001,42,1024,103,526398,1.0,-5.000000000000023,-4.999941064019284,1.17871961478499e-05,102,30,30,True,2,139,101,1.1590787570457906,0.9,135,True,-5.0000000000000435,459.6915384528693,1017.5,957,20,True,1.3366336633663367
10,0.1,0.5,0.5,0.05606159822354621,0.05,51,1e-06,42,1024,103,526398,1.0,-4.999999999999993,-5.000000000000006,2.6645352591003796e-15,103,4,60,True,3,125,101,0.10439019789919257,0.4,134,True,-5.000000000000024,472.617640910903,1020.0,986,20,True,1.3267326732673268
10,0.1,0.5,0.5,0.05606159822354621,0.1,102,1e-07,42,1024,103,526398,1.0,-4.999999999999998,-5.000000000000002,7.105427357601004e-16,103,4,30,True,2,160,100,0.16129390499554574,0.4,128,True,-5.000000000000066,480.55586002301425,1016.5,974,20,True,1.28
10,0.1,0.25,0.3,0.05606159822354621,0.1,102,1e-07,42,1024,103,264956,1.0,-5.000000000000035,-5.00000000000001,4.973799150320667e-15,103,4,30,True,2,152,100,0.22992759197950363,0.5,123,True,-5.00000000000004,451.07284340797924,1014.0,966,20,True,1.23
10,0.1,0.25,0.1,0.05606159822354621,0.05,51,0.0001,42,1024,103,264956,1.0,-5.0000000000000195,-4.999940153525574,1.196929488909144e-05,102,60,60,True,3,102,98,1.1598070829641074,0.2,128,True,-5.000000000000032,451.6535909359809,1016.0,966,20,True,1.3061224489795917
10,0.1,0.25,0.8,0.05606159822354621,0.05,51,1e-05,42,1024,103,264956,1.0,-5.0000000000000115,-5.000000000000003,1.7763568394002463e-15,103,5,60,True,3,102,98,0.09366875211708248,0.3,124,True,-5.000000000000047,452.2533038579859,1010.5,987,20,True,1.2653061224489797
10,0.1,0.25,0.8,0.05606159822354621,0.05,51,0.0001,42,1024,103,264956,1.0,-5.000000000000028,-4.999940153525574,1.1969294890867776e-05,102,60,60,True,3,102,98,1.131542676128447,0.8,133,True,-5.000000000000042,453.36503159813583,1009.0,983,20,True,1.3571428571428572
10,0.1,0.25,0.1,0.05606159822354621,0.05,51,1e-07,42,1024,103,264956,1.0,-5.000000000000007,-5.000000000000003,8.8817841970012395e-16,103,5,60,True,3,120,100,0.12102259695529938,0.4,131,True,-5.000000000000044,459.78649471793324,1015.0,996,20,True,1.31
10,0.25,0.1,0.1,0.01732704031205277,0.05,51,1e-05,42,1024,257,108198,1.0,-5.00000000000006,-3.499981383964329,0.3000037232071427,2,60,60,False,nan,nan,nan,0.2390483971685171,0.1,323,True,-5.000000000000075,450.5506620579399,1021.0,1012,20,False,0.0
10,0.1,0.25,0.1,0.05606159822354621,0.05,51,1e-06,42,1024,103,264956,1.0,-5.0000000000000355,-5.0000000000000036,6.394884621840856e-15,103,5,60,True,3,103,98,0.0944143789820373,0.3,138,True,-5.000000000000026,460.35182167217135,1017.5,981,20,True,1.4081632653061225
10,0.1,0.25,0.5,0.05606159822354621,0.1,102,1e-07,42,1024,103,264956,1.0,-4.9999999999999725,-5.00000000000001,7.460698725481093e-15,103,4,30,True,2,152,100,0.12855377793312073,0.1,132,True,-5.00000000000004,454.91145310993306,1011.5,991,20,True,1.32
10,0.1,0.5,0.3,0.05606159822354621,0.1,102,1e-05,42,1024,103,526398,1.0,-5.000000000000002,-5.000000000000003,1.7763568394002498e-16,103,4,30,True,2,139,101,0.14741283608600497,0.3,134,True,-5.000000000000027,482.7033525528386,1014.5,985,20,True,1.3267326732673268
10,0.1,0.5,0.5,0.05606159822354621,0.05,51,1e-07,42,1024,103,526398,1.0,-4.999999999999977,-4.999999999999993,3.1974423109204655e-15,103,4,60,True,3,138,96,0.13034663791768253,0.3,129,True,-5.000000000000028,489.6704069899861,1018.0,986,20,True,1.34375
10,0.1,0.25,0.8,0.05606159822354621,0.1,102,1e-06,42,1024,103,264956,1.0,-5.000000000000012,-4.999999999999999,2.664535259100369e-15,103,4,30,True,3,192,94,0.09680111985653639,1.0,129,True,-5.0000000000000435,451.8201943191234,1017.5,991,20,True,1.372340425531915
10,0.25,0.1,0.1,0.01732704031205277,0.05,51,1e-07,42,1024,257,108198,1.0,-5.00000000000002,-3.8529557519771123,0.2294088496045807,90,60,60,False,nan,nan,nan,0.70568005903624,0.9,341,True,-5.000000000000077,486.48249164712615,1018.5,996,20,False,0.0
10,0.25,0.1,0.1,0.01732704031205277,0.05,51,1e-06,42,1024,257,108198,1.0,-4.9999999999999485,-3.5103544564218976,0.29792910871561323,25,60,60,False,nan,nan,nan,0.3489847001619637,1.0,320,True,-5.000000000000044,461.78861248586327,1017.5,997,20,False,0.0
10,0.25,0.1,0.1,0.01732704031205277,0.1,102,1e-07,42,1024,257,108198,1.0,-5.00000000000002,-4.999999999999993,5.506706202140754e-15,257,11,30,True,9,325,246,0.8038931621704251,0.3,338,True,-5.00000000000006,506.6574811579194,1018.0,984,20,True,1.3739837398373984
10,0.1,0.25,0.8,0.05606159822354621,0.1,102,1e-07,42,1024,103,264956,1.0,-4.999999999999991,-5.00000000000001,3.7303493627405324e-15,103,4,30,True,2,152,100,0.1225108380895108,0.2,132,True,-5.00000000000004,461.2255189421121,1010.5,965,20,True,1.32
10,0.25,0.1,0.1,0.01732704031205277,0.05,51,0.0001,42,1024,257,108198,1.0,-5.000000000000005,-3.499981383964329,0.300003723207135,2,60,60,False,nan,nan,nan,0.4007091319654137,0.5,327,True,-5.00000000000005,458.20899796602316,1017.0,1002,20,False,0.0
10,0.25,0.1,0.1,0.01732704031205277,0.1,102,1e-06,42,1024,257,108198,1.0,-4.999999999999942,-3.999468704830023,0.20010625903398616,45,30,30,False,nan,nan,nan,0.3720313780941069,1.0,332,True,-5.000000000000037,517.3158519379795,1019.5,1003,20,False,0.0
10,0.1,0.5,0.3,0.05606159822354621,0.1,102,1e-06,42,1024,103,526398,1.0,-5.000000000000012,-5.000000000000003,1.9539925233402705e-15,103,4,30,True,2,139,101,0.15664962399750948,0.6,130,True,-5.000000000000043,494.4220115619246,1017.0,992,20,True,1.2871287128712872
10,0.1,0.5,0.3,0.05606159822354621,0.1,102,1e-07,42,1024,103,526398,1.0,-4.999999999999979,-5.000000000000002,4.618527782440671e-15,103,4,30,True,2,160,100,0.19231763086281717,0.3,127,True,-5.000000000000032,488.6829417599365,1009.5,969,20,True,1.27
10,0.1,0.5,0.5,0.05606159822354621,0.1,102,1e-06,42,1024,103,526398,1.0,-4.999999999999995,-5.000000000000003,1.598721155460227e-15,103,4,30,True,2,139,101,0.1591862398199737,0.7,135,True,-5.000000000000022,535.6104990919121,1014.5,985,20,True,1.3366336633663367
10,0.25,0.1,0.5,0.01732704031205277,0.05,51,1e-06,42,1024,257,108198,1.0,-5.000000000000018,-3.5103544564218976,0.297929108715623,25,60,60,False,nan,nan,nan,0.34834396513178945,1.0,329,True,-5.000000000000046,456.8236706298776,1019.0,1009,20,False,0.0
10,0.1,0.5,0.5,0.05606159822354621,0.1,102,1e-05,42,1024,103,526398,1.0,-4.999999999999991,-5.000000000000003,2.3092638912203296e-15,103,4,30,True,2,139,101,0.16035873582586646,1.0,135,True,-5.000000000000037,539.3605788450222,1011.5,942,20,True,1.3366336633663367
10,0.1,0.5,0.3,0.05606159822354621,0.05,51,1e-07,42,1024,103,526398,1.0,-5.000000000000004,-4.999999999999993,2.3092638912203237e-15,103,4,60,True,3,138,96,0.13010860607028008,1.0,133,True,-5.000000000000029,531.9079581659753,1014.0,966,20,True,1.3854166666666667
10,0.1,0.25,0.8,0.05606159822354621,0.1,102,1e-05,42,1024,103,264956,1.0,-5.0000000000000195,-5.000000000000001,3.730349362740511e-15,103,4,30,True,3,192,94,0.10070797591470182,0.4,141,True,-5.000000000000034,469.0140518390108,1017.0,986,20,True,1.5
10,0.25,0.1,0.3,0.01732704031205277,0.1,102,1e-06,42,1024,257,108198,1.0,-4.999999999999988,-3.999468704830023,0.2001062590339934,45,30,30,False,nan,nan,nan,0.3633619979955256,0.4,334,True,-5.000000000000059,451.26697624102235,1015.0,994,20,False,0.0
10,0.25,0.1,0.5,0.01732704031205277,0.05,51,1e-05,42,1024,257,108198,1.0,-5.00000000000004,-3.499981383964329,0.30000372320713986,2,60,60,False,nan,nan,nan,0.2331863478757441,0.8,324,True,-5.000000000000058,449.1983821687754,1018.0,1006,20,False,0.0
10,0.1,0.5,0.3,0.05606159822354621,0.05,51,1e-06,42,1024,103,526398,1.0,-5.000000000000006,-5.000000000000006,0.0,103,4,60,True,3,125,101,0.10440038307569921,0.2,126,True,-5.000000000000024,535.5922442709561,1010.0,983,20,True,1.2475247524752475
10,0.25,0.1,0.3,0.01732704031205277,0.1,102,0.0001,42,1024,257,108198,1.0,-5.000000000000006,-3.9914529038733897,0.20170941922532307,3,30,30,False,nan,nan,nan,0.23709622817113996,0.9,334,True,-5.000000000000062,477.5243013300933,1020.5,1011,20,False,0.0
10,0.1,0.25,0.8,0.05606159822354621,0.1,102,0.0001,42,1024,103,264956,1.0,-5.000000000000019,-4.999940153525569,1.196929488997962e-05,102,30,30,True,3,192,94,0.7713635747786611,0.8,135,True,-5.000000000000029,470.1632874479983,1013.5,983,20,True,1.4361702127659575
10,0.1,0.5,0.5,0.05606159822354621,0.1,102,0.0001,42,1024,103,526398,1.0,-4.999999999999995,-4.999941064019284,1.1787196142165626e-05,102,30,30,True,2,139,101,1.2107577419374138,0.6,128,True,-5.0000000000000195,548.3113022199832,1011.5,987,20,True,1.2673267326732673
10,0.1,0.5,0.1,0.05606159822354621,0.05,51,1e-06,42,1024,103,526398,1.0,-4.999999999999991,-5.000000000000006,3.0198066269804312e-15,103,4,60,True,3,125,101,0.1054059281013906,0.4,123,True,-5.000000000000027,539.0150622208603,1019.0,976,20,True,1.2178217821782178
10,0.1,0.5,0.1,0.05606159822354621,0.05,51,1e-07,42,1024,103,526398,1.0,-4.999999999999998,-4.999999999999993,1.0658141036401506e-15,103,4,60,True,3,138,96,0.13089134800247848,0.1,136,True,-5.000000000000023,531.2091249639634,1008.0,929,20,True,1.4166666666666667
10,0.1,0.5,0.8,0.05606159822354621,0.05,51,1e-06,42,1024,103,526398,1.0,-5.0000000000000195,-5.000000000000006,2.6645352591003654e-15,103,4,60,True,3,125,101,0.10474518081173301,0.5,129,True,-5.0000000000000195,553.8931472420227,1012.0,959,20,True,1.2772277227722773
10,0.1,0.5,0.8,0.05606159822354621,0.05,51,1e-07,42,1024,103,526398,1.0,-4.999999999999979,-4.999999999999993,2.8421709430404127e-15,103,4,60,True,3,138,96,0.13009748980402946,0.9,124,True,-5.000000000000023,557.437914196169,1015.0,966,20,True,1.2916666666666667
10,0.1,0.5,0.3,0.05606159822354621,0.05,51,1e-05,42,1024,103,526398,1.0,-5.000000000000013,-5.000000000000006,1.4210854715201965e-15,103,4,60,True,3,125,101,0.1056766549590975,0.5,126,True,-5.00000000000002,531.8243227549829,1015.5,974,20,True,1.2475247524752475
10,0.25,0.1,0.3,0.01732704031205277,0.1,102,1e-07,42,1024,257,108198,1.0,-5.000000000000007,-4.999999999999993,2.8421709430403966e-15,257,11,30,True,9,325,246,0.316293858923018,0.5,328,True,-5.000000000000095,472.9567810681183,1019.5,982,20,True,1.3333333333333333
10,0.1,0.5,0.3,0.05606159822354621,0.05,51,0.0001,42,1024,103,526398,1.0,-4.999999999999998,-4.999941064019281,1.1787196143409067e-05,102,60,60,True,3,125,100,1.8362176129594445,0.2,128,True,-5.000000000000025,537.9462076600175,1011.5,983,20,True,1.28
10,0.25,0.25,0.1,0.01732704031205277,0.05,51,1e-07,42,1024,257,265122,1.0,-5.000000000000022,-3.741902342461059,0.2516195315077915,89,60,60,False,nan,nan,nan,1.0642609940841794,1.0,322,True,-5.000000000000067,477.56932596792467,1020.5,1003,20,False,0.0
10,0.25,0.1,0.3,0.01732704031205277,0.1,102,1e-05,42,1024,257,108198,1.0,-5.000000000000019,-3.995276651232023,0.20094466975359837,29,30,30,False,nan,nan,nan,0.3124496820382774,0.5,322,True,-5.000000000000064,477.96497559710406,1018.5,1006,20,False,0.0
10,0.25,0.1,0.8,0.01732704031205277,0.1,102,0.0001,42,1024,257,108198,1.0,-5.000000000000013,-3.9914529038733897,0.20170941922532418,3,30,30,False,nan,nan,nan,0.25024076411500573,0.5,332,True,-5.0000000000000675,462.2838502258528,1017.0,997,20,False,0.0
10,0.1,0.5,0.8,0.05606159822354621,0.05,51,0.0001,42,1024,103,526398,1.0,-4.999999999999987,-4.999941064019281,1.178719614109983e-05,102,60,60,True,3,125,100,1.8449096619151533,0.4,135,True,-5.000000000000032,545.0870967500377,1011.5,990,20,True,1.35
10,0.25,0.25,0.1,0.01732704031205277,0.05,51,1e-06,42,1024,257,265122,1.0,-5.00000000000001,-3.7359538704754756,0.25280922590490634,2,60,60,False,nan,nan,nan,0.32644915604032576,0.9,316,True,-5.000000000000044,469.71990839391947,1019.5,1007,20,False,0.0
10,0.25,0.25,0.1,0.01732704031205277,0.05,51,1e-05,42,1024,257,265122,1.0,-5.000000000000051,-3.7359538704754756,0.25280922590491245,2,60,60,False,nan,nan,nan,0.33196053584106266,0.9,310,True,-5.000000000000063,542.8023352748714,1015.0,999,20,False,0.0
10,0.1,0.5,0.5,0.05606159822354621,0.05,51,1e-05,42,1024,103,526398,1.0,-4.9999999999999964,-5.000000000000006,1.953992523340277e-15,103,4,60,True,3,125,101,0.1293685690034181,0.7,130,True,-5.000000000000038,505.0084271291271,1001.5,968,20,True,1.2871287128712872
10,0.25,0.1,0.3,0.01732704031205277,0.05,51,0.0001,42,1024,257,108198,1.0,-4.999999999999999,-3.499981383964329,0.30000372320713414,2,60,60,False,nan,nan,nan,0.24870763602666557,1.0,325,True,-5.00000000000007,456.42423542402685,1019.0,1000,20,False,0.0
10,0.25,0.25,0.1,0.01732704031205277,0.05,51,0.0001,42,1024,257,265122,1.0,-4.999999999999968,-3.7359538704754756,0.2528092259049001,2,60,60,False,nan,nan,nan,0.39322953508235514,0.4,334,True,-5.000000000000055,541.7620132351294,1018.0,1008,20,False,0.0
10,0.25,0.1,0.3,0.01732704031205277,0.05,51,1e-05,42,1024,257,108198,1.0,-4.999999999999992,-3.499981383964329,0.30000372320713314,2,60,60,False,nan,nan,nan,0.25852557993493974,0.1,325,True,-5.000000000000059,452.27015797398053,1018.5,1004,20,False,0.0
10,0.25,0.25,0.3,0.01732704031205277,0.1,102,0.0001,42,1024,257,265122,1.0,-5.000000000000047,-3.7359538704754756,0.25280922590491195,2,30,30,False,nan,nan,nan,0.3040407400112599,0.9,316,True,-5.000000000000041,467.1879803938791,1019.5,991,20,False,0.0
10,0.25,0.1,0.5,0.01732704031205277,0.05,51,0.0001,42,1024,257,108198,1.0,-5.000000000000009,-3.499981383964329,0.3000037232071355,2,60,60,False,nan,nan,nan,0.24714213307015598,0.9,328,True,-5.00000000000004,535.7750358867925,1018.0,995,20,False,0.0
10,0.25,0.1,0.5,0.01732704031205277,0.1,102,1e-07,42,1024,257,108198,1.0,-5.0,-4.999999999999993,1.4210854715202005e-15,257,11,30,True,9,325,246,0.32542482297867537,0.1,336,True,-5.000000000000051,533.2948353560641,1019.5,1001,20,True,1.3658536585365855
10,0.1,0.5,0.8,0.05606159822354621,0.05,51,1e-05,42,1024,103,526398,1.0,-5.0000000000000036,-5.000000000000006,5.329070518200747e-16,103,4,60,True,3,125,101,0.10414087912067771,0.5,129,True,-5.000000000000052,563.2740085960831,1015.5,975,20,True,1.2772277227722773
10,0.25,0.1,0.1,0.01732704031205277,0.1,102,1e-05,42,1024,257,108198,1.0,-4.9999999999999964,-3.995276651232023,0.20094466975359482,29,30,30,False,nan,nan,nan,0.3097012219950557,0.8,317,True,-5.000000000000037,513.8757091371808,1020.0,999,20,False,0.0
10,0.25,0.25,0.8,0.01732704031205277,0.1,102,1e-07,42,1024,257,265122,1.0,-5.000000000000011,-5.000000000000005,1.065814103640148e-15,257,7,30,True,5,271,242,0.2908924489747733,0.3,329,True,-5.000000000000045,474.3087317929603,1018.5,1007,20,True,1.359504132231405
10,0.25,0.25,0.3,0.01732704031205277,0.1,102,1e-06,42,1024,257,265122,1.0,-4.9999999999999885,-3.7359538704754756,0.2528092259049032,2,30,30,False,nan,nan,nan,0.29532345407642424,0.1,319,True,-5.000000000000052,479.46836768789217,1018.0,1002,20,False,0.0
10,0.25,0.25,0.5,0.01732704031205277,0.05,51,1e-07,42,1024,257,265122,1.0,-5.0000000000000515,-3.741902342461059,0.25161953150779587,89,60,60,False,nan,nan,nan,1.0263713649474084,0.8,322,True,-5.000000000000044,475.8670054629911,1019.5,985,20,False,0.0
10,0.25,0.25,0.3,0.01732704031205277,0.05,51,0.0001,42,1024,257,265122,1.0,-5.000000000000024,-3.7359538704754756,0.25280922590490845,2,60,60,False,nan,nan,nan,0.3003789889626205,0.6,328,True,-5.0000000000000595,470.704276308883,1018.5,994,20,False,0.0
10,0.25,0.1,0.1,0.01732704031205277,0.1,102,0.0001,42,1024,257,108198,1.0,-5.000000000000006,-3.9914529038733897,0.20170941922532307,3,30,30,False,nan,nan,nan,0.2434589359909296,0.6,322,True,-5.000000000000083,507.5082749230787,1016.5,992,20,False,0.0
10,0.25,0.1,0.5,0.01732704031205277,0.1,102,1e-06,42,1024,257,108198,1.0,-4.999999999999992,-3.999468704830023,0.20010625903399412,45,30,30,False,nan,nan,nan,0.37372034788131714,0.8,326,True,-5.00000000000008,511.7191219900269,1020.0,1000,20,False,0.0
10,0.25,0.1,0.5,0.01732704031205277,0.1,102,1e-05,42,1024,257,108198,1.0,-5.000000000000001,-3.995276651232023,0.20094466975359554,29,30,30,False,nan,nan,nan,0.3083318460267037,0.7,331,True,-5.000000000000062,512.5699019981548,1015.0,1002,20,False,0.0
10,0.25,0.1,0.5,0.01732704031205277,0.1,102,0.0001,42,1024,257,108198,1.0,-4.999999999999994,-3.9914529038733897,0.20170941922532107,3,30,30,False,nan,nan,nan,0.2308156790677458,0.6,338,True,-5.000000000000041,513.7566794040613,1016.5,994,20,False,0.0
10,0.1,0.5,0.8,0.05606159822354621,0.1,102,1e-06,42,1024,103,526398,1.0,-4.999999999999996,-5.000000000000003,1.4210854715202016e-15,103,4,30,True,2,139,101,0.15887225209735334,0.3,129,True,-5.000000000000047,557.5110470398795,1006.0,962,20,True,1.2772277227722773
10,0.25,0.25,0.3,0.01732704031205277,0.05,51,1e-05,42,1024,257,265122,1.0,-5.00000000000001,-3.7359538704754756,0.25280922590490634,2,60,60,False,nan,nan,nan,0.30239009391516447,0.8,322,True,-5.00000000000006,471.2422943029087,1018.5,1002,20,False,0.0
10,0.1,0.5,0.8,0.05606159822354621,0.1,102,1e-07,42,1024,103,526398,1.0,-5.0000000000000355,-5.000000000000002,6.750155989720904e-15,103,4,30,True,2,160,100,0.16305762296542525,0.5,136,True,-5.000000000000037,550.0305821010843,1015.0,983,20,True,1.36
10,0.25,0.25,0.8,0.01732704031205277,0.1,102,1e-05,42,1024,257,265122,1.0,-5.000000000000041,-3.7359538704754756,0.252809225904911,2,30,30,False,nan,nan,nan,1.0284368470311165,0.6,330,True,-5.00000000000003,486.26053871191107,1017.5,1004,20,False,0.0
10,0.25,0.1,0.3,0.01732704031205277,0.05,51,1e-06,42,1024,257,108198,1.0,-5.000000000000023,-3.5103544564218976,0.2979291087156237,25,60,60,False,nan,nan,nan,0.3615996898151934,0.8,326,True,-5.0000000000000275,503.0933263490442,1019.0,1004,20,False,0.0
10,0.1,0.5,0.8,0.05606159822354621,0.1,102,0.0001,42,1024,103,526398,1.0,-4.999999999999998,-4.999941064019284,1.178719614287616e-05,102,30,30,True,2,139,101,1.230674401158467,0.6,127,True,-5.000000000000024,559.2970500059891,1012.5,960,20,True,1.2574257425742574
10,0.25,0.1,0.3,0.01732704031205277,0.05,51,1e-07,42,1024,257,108198,1.0,-4.999999999999978,-3.8529557519771123,0.22940884960457414,90,60,60,False,nan,nan,nan,0.7871355710085481,0.7,331,True,-5.00000000000004,504.4708795121405,1019.5,1012,20,False,0.0
10,0.1,0.5,0.8,0.05606159822354621,0.1,102,1e-05,42,1024,103,526398,1.0,-5.0000000000000195,-5.000000000000003,3.3750779948604627e-15,103,4,30,True,2,139,101,0.15993636287748814,0.7,136,True,-5.0000000000000355,558.0721200800035,1018.5,1004,20,True,1.3465346534653466
10,0.25,0.25,0.3,0.01732704031205277,0.1,102,1e-07,42,1024,257,265122,1.0,-5.000000000000005,-5.000000000000005,0.0,257,7,30,True,5,271,242,0.2932156219612807,0.4,329,True,-5.000000000000047,486.68716985196806,1019.5,1003,20,True,1.359504132231405
10,0.25,0.1,0.8,0.01732704031205277,0.05,51,1e-06,42,1024,257,108198,1.0,-5.000000000000026,-3.5103544564218976,0.2979291087156241,25,60,60,False,nan,nan,nan,0.37330624810419977,0.5,338,True,-5.000000000000052,537.9879381700885,1019.5,1005,20,False,0.0
10,0.25,0.25,0.8,0.01732704031205277,0.1,102,1e-06,42,1024,257,265122,1.0,-4.999999999999999,-3.7359538704754756,0.25280922590490473,2,30,30,False,nan,nan,nan,0.29361950419843197,0.2,327,True,-5.0000000000000435,499.46333764796145,1021.0,1009,20,False,0.0
10,0.25,0.25,0.8,0.01732704031205277,0.1,102,0.0001,42,1024,257,265122,1.0,-5.000000000000014,-3.7359538704754756,0.252809225904907,2,30,30,False,nan,nan,nan,0.3064985170494765,0.8,329,True,-5.000000000000069,493.8561071159784,1018.5,993,20,False,0.0
10,0.25,0.25,0.3,0.01732704031205277,0.05,51,1e-07,42,1024,257,265122,1.0,-5.000000000000029,-3.741902342461059,0.25161953150779254,89,60,60,False,nan,nan,nan,1.100542139960453,0.1,311,True,-5.000000000000042,503.0152572270017,1019.0,1004,20,False,0.0
10,0.25,0.25,0.3,0.01732704031205277,0.05,51,1e-06,42,1024,257,265122,1.0,-4.99999999999998,-3.7359538704754756,0.25280922590490185,2,60,60,False,nan,nan,nan,0.3094058760907501,0.2,314,True,-5.000000000000044,502.182507814141,1017.5,1003,20,False,0.0
10,0.25,0.25,0.5,0.01732704031205277,0.05,51,1e-06,42,1024,257,265122,1.0,-5.000000000000019,-3.7359538704754756,0.2528092259049077,2,60,60,False,nan,nan,nan,0.29861807683482766,0.1,323,True,-5.00000000000006,505.3311421079561,1018.5,993,20,False,0.0
10,0.25,0.1,0.5,0.01732704031205277,0.05,51,1e-07,42,1024,257,108198,1.0,-5.000000000000004,-3.8529557519771123,0.22940884960457822,90,60,60,False,nan,nan,nan,0.9102046920452267,0.1,330,True,-5.000000000000052,525.9429264778737,1019.5,1007,20,False,0.0
10,0.25,0.1,0.8,0.01732704031205277,0.05,51,1e-07,42,1024,257,108198,1.0,-4.99999999999999,-3.8529557519771123,0.22940884960457605,90,60,60,False,nan,nan,nan,0.7591578590217978,0.5,334,True,-5.000000000000074,509.82828013505787,1017.0,998,20,False,0.0
10,0.25,0.25,0.1,0.01732704031205277,0.1,102,1e-07,42,1024,257,265122,1.0,-5.0000000000000115,-5.000000000000005,1.2434497875801725e-15,257,7,30,True,5,271,242,0.29372622491791844,0.6,311,True,-5.000000000000064,547.3263206400443,1016.0,1008,20,True,1.2851239669421488
10,0.25,0.25,0.5,0.01732704031205277,0.05,51,1e-05,42,1024,257,265122,1.0,-5.000000000000017,-3.7359538704754756,0.2528092259049074,2,60,60,False,nan,nan,nan,0.33046362083405256,0.4,321,True,-5.000000000000042,526.2811763989739,1017.5,1006,20,False,0.0
10,0.25,0.5,0.1,0.01732704031205277,0.05,51,1e-07,42,1024,257,526466,1.0,-5.00000000000001,-3.89726226424114,0.2205475471517735,35,60,60,False,nan,nan,nan,0.958619890967384,0.3,317,True,-5.000000000000051,585.6924623670056,1019.0,1009,20,False,0.0
10,0.25,0.5,0.3,0.01732704031205277,0.1,102,1e-06,42,1024,257,526466,1.0,-5.000000000000008,-3.896393154725153,0.22072136905497067,2,30,30,False,nan,nan,nan,0.4061399349011481,0.9,314,True,-5.000000000000051,538.3013766270597,1017.5,1007,20,False,0.0
10,0.25,0.5,0.1,0.01732704031205277,0.05,51,1e-06,42,1024,257,526466,1.0,-5.000000000000017,-3.896393154725153,0.22072136905497206,2,60,60,False,nan,nan,nan,0.4082390370313078,0.8,298,True,-5.000000000000058,600.6814606899861,1019.0,1009,20,False,0.0
10,0.25,0.5,0.3,0.01732704031205277,0.1,102,1e-05,42,1024,257,526466,1.0,-5.000000000000041,-3.896393154725153,0.22072136905497577,2,30,30,False,nan,nan,nan,0.41660919203422964,0.7,320,True,-5.000000000000048,539.0417152831797,1021.0,1002,20,False,0.0
10,0.25,0.25,0.1,0.01732704031205277,0.1,102,1e-06,42,1024,257,265122,1.0,-5.00000000000002,-3.7359538704754756,0.25280922590490795,2,30,30,False,nan,nan,nan,0.31433968199416995,0.1,317,True,-5.000000000000067,558.6904581249692,1017.5,1001,20,False,0.0
10,0.25,0.25,0.5,0.01732704031205277,0.1,102,1e-06,42,1024,257,265122,1.0,-4.999999999999974,-3.7359538704754756,0.252809225904901,2,30,30,False,nan,nan,nan,0.31026487797498703,0.1,329,True,-5.000000000000048,528.398737275973,1020.0,1003,20,False,0.0
10,0.25,0.5,0.8,0.01732704031205277,0.05,51,1e-05,42,1024,257,526466,1.0,-4.999999999999975,-3.896393154725153,0.22072136905496553,2,60,60,False,nan,nan,nan,0.41464163991622627,0.1,311,True,-5.000000000000049,600.8069929310586,1020.0,989,20,False,0.0
10,0.25,0.5,0.3,0.01732704031205277,0.05,51,1e-06,42,1024,257,526466,1.0,-4.999999999999996,-3.896393154725153,0.22072136905496872,2,60,60,False,nan,nan,nan,0.4029432290699333,0.4,316,True,-5.000000000000044,534.9098021548707,1019.5,1000,20,False,0.0
10,0.25,0.25,0.5,0.01732704031205277,0.1,102,1e-07,42,1024,257,265122,1.0,-5.000000000000005,-5.000000000000005,0.0,257,7,30,True,5,271,242,0.29734513186849654,0.4,327,True,-5.000000000000059,532.8259530898649,1016.0,999,20,True,1.3512396694214877
10,0.25,0.25,0.5,0.01732704031205277,0.05,51,0.0001,42,1024,257,265122,1.0,-5.000000000000058,-3.7359538704754756,0.2528092259049135,2,60,60,False,nan,nan,nan,0.32738371891900897,0.1,320,True,-5.00000000000006,522.0666722671594,1018.0,1004,20,False,0.0
10,0.25,0.1,0.8,0.01732704031205277,0.05,51,0.0001,42,1024,257,108198,1.0,-5.000000000000013,-3.499981383964329,0.3000037232071361,2,60,60,False,nan,nan,nan,0.259789225878194,0.8,342,True,-5.000000000000051,544.7692449002061,1021.5,1010,20,False,0.0
10,0.25,0.1,0.8,0.01732704031205277,0.1,102,1e-06,42,1024,257,108198,1.0,-5.0000000000000036,-3.999468704830023,0.20010625903399595,45,30,30,False,nan,nan,nan,0.3819492070470005,1.0,344,True,-5.000000000000039,543.8512716169935,1021.0,1004,20,False,0.0
10,0.25,0.1,0.8,0.01732704031205277,0.05,51,1e-05,42,1024,257,108198,1.0,-5.000000000000024,-3.499981383964329,0.3000037232071376,2,60,60,False,nan,nan,nan,0.2555909368675202,0.3,322,True,-5.0000000000000355,537.6498828839976,1020.5,1005,20,False,0.0
10,0.25,0.5,0.3,0.01732704031205277,0.05,51,0.0001,42,1024,257,526466,1.0,-5.000000000000018,-3.896393154725153,0.2207213690549722,2,60,60,False,nan,nan,nan,0.4118903400376439,0.8,314,True,-5.000000000000056,535.611611742992,1016.5,1009,20,False,0.0
10,0.25,0.25,0.1,0.01732704031205277,0.1,102,0.0001,42,1024,257,265122,1.0,-5.000000000000016,-3.7359538704754756,0.2528092259049073,2,30,30,False,nan,nan,nan,0.32240451709367335,0.9,323,True,-5.000000000000033,564.1349752759561,1022.0,1011,20,False,0.0
10,0.25,0.1,0.8,0.01732704031205277,0.1,102,1e-07,42,1024,257,108198,1.0,-4.999999999999996,-4.999999999999993,5.329070518200756e-16,257,11,30,True,9,325,246,0.33705513598397374,1.0,320,True,-5.000000000000054,545.7850511861034,1019.5,985,20,True,1.3008130081300813
10,0.25,0.25,0.1,0.01732704031205277,0.1,102,1e-05,42,1024,257,265122,1.0,-4.999999999999989,-3.7359538704754756,0.2528092259049033,2,30,30,False,nan,nan,nan,0.3241922031156719,0.9,320,True,-5.0000000000000515,568.1542586369906,1017.5,1002,20,False,0.0
10,0.25,0.25,0.5,0.01732704031205277,0.1,102,0.0001,42,1024,257,265122,1.0,-5.000000000000024,-3.7359538704754756,0.25280922590490845,2,30,30,False,nan,nan,nan,0.32474408810958266,0.9,315,True,-5.0000000000000595,546.677710773889,1018.5,1008,20,False,0.0
10,0.25,0.5,0.8,0.01732704031205277,0.1,102,1e-07,42,1024,257,526466,1.0,-5.000000000000026,-3.8984329957784736,0.2203134008443093,35,30,30,False,nan,nan,nan,0.6910846880637109,0.5,319,True,-5.0000000000000515,610.3282227599993,1020.0,996,20,False,0.0
10,0.25,0.5,0.3,0.01732704031205277,0.05,51,1e-07,42,1024,257,526466,1.0,-5.000000000000013,-3.89726226424114,0.22054754715177405,35,60,60,False,nan,nan,nan,0.8864664940629154,0.7,318,True,-5.0000000000000595,562.8716455011163,1016.0,998,20,False,0.0
10,0.25,0.5,0.3,0.01732704031205277,0.05,51,1e-05,42,1024,257,526466,1.0,-5.000000000000013,-3.896393154725153,0.2207213690549715,2,60,60,False,nan,nan,nan,0.409977151080966,1.0,318,True,-5.000000000000069,554.2711979860906,1019.5,998,20,False,0.0
10,0.25,0.5,0.8,0.01732704031205277,0.05,51,0.0001,42,1024,257,526466,1.0,-5.000000000000003,-3.896393154725153,0.22072136905496983,2,60,60,False,nan,nan,nan,0.408158061793074,0.1,305,True,-5.000000000000061,620.4461061928887,1019.5,991,20,False,0.0
10,0.25,0.25,0.5,0.01732704031205277,0.1,102,1e-05,42,1024,257,265122,1.0,-5.000000000000046,-3.7359538704754756,0.2528092259049118,2,30,30,False,nan,nan,nan,0.3009238289669156,1.0,321,True,-5.000000000000074,543.8376218918711,1015.0,1005,20,False,0.0
10,0.25,0.5,0.1,0.01732704031205277,0.1,102,0.0001,42,1024,257,526466,1.0,-5.0000000000000595,-3.896393154725153,0.2207213690549787,2,30,30,False,nan,nan,nan,0.4454565499909222,0.7,311,True,-5.0000000000000435,615.3949321219698,1021.0,1006,20,False,0.0
10,0.25,0.25,0.3,0.01732704031205277,0.1,102,1e-05,42,1024,257,265122,1.0,-5.000000000000029,-3.7359538704754756,0.2528092259049093,2,30,30,False,nan,nan,nan,0.4320291809272021,0.8,324,True,-5.000000000000035,556.5852112439461,1018.5,1006,20,False,0.0
10,0.05,0.25,0.1,0.1007197243212317,0.03,31,1e-06,42,1024,52,264864,1.0,-4.99999999999996,-5.0,7.993605777301192e-15,52,7,100,True,5,65,49,0.05168024101294577,0.7,70,True,-5.000000000000225,589.0317269410007,1009.0,943,20,True,1.4285714285714286
10,0.25,0.5,0.8,0.01732704031205277,0.1,102,1e-06,42,1024,257,526466,1.0,-5.00000000000004,-3.896393154725153,0.22072136905497564,2,30,30,False,nan,nan,nan,0.46909755282104015,0.1,324,True,-5.00000000000003,579.5906776159536,1019.5,984,20,False,0.0
10,0.25,0.5,0.1,0.01732704031205277,0.1,102,1e-05,42,1024,257,526466,1.0,-5.000000000000019,-3.896393154725153,0.22072136905497233,2,30,30,False,nan,nan,nan,0.4364565929863602,0.9,322,True,-5.000000000000046,586.1543301208876,1018.0,1008,20,False,0.0
10,0.25,0.5,0.3,0.01732704031205277,0.1,102,0.0001,42,1024,257,526466,1.0,-5.000000000000023,-3.896393154725153,0.22072136905497303,2,30,30,False,nan,nan,nan,0.42361873597837985,0.2,311,True,-5.000000000000044,597.9157146648504,1021.0,1009,20,False,0.0
10,0.25,0.5,0.5,0.01732704031205277,0.05,51,1e-07,42,1024,257,526466,1.0,-5.0000000000000115,-3.89726226424114,0.22054754715177377,35,60,60,False,nan,nan,nan,0.8819254979025573,0.4,316,True,-5.000000000000041,613.9994096488226,1018.0,997,20,False,0.0
10,0.25,0.5,0.1,0.01732704031205277,0.05,51,1e-05,42,1024,257,526466,1.0,-5.000000000000011,-3.896393154725153,0.22072136905497108,2,60,60,False,nan,nan,nan,0.42161825206130743,0.9,318,True,-5.00000000000005,647.1136801280081,1018.0,1001,20,False,0.0
10,0.05,0.25,0.1,0.1007197243212317,0.03,31,1e-05,42,1024,52,264864,1.0,-4.999999999999915,-5.0,1.7053025658242694e-14,52,7,100,True,5,65,49,0.06195412599481642,0.9,73,True,-5.000000000000209,586.2520339009352,1001.0,938,20,True,1.489795918367347
10,0.05,0.1,0.8,0.1007197243212317,0.03,31,1e-06,42,1024,52,107870,1.0,-4.99999999999994,-3.8520440412811343,0.22959119174376383,3,100,100,False,nan,nan,nan,0.2566883978433907,0.4,71,True,-5.000000000000137,585.8088990368415,1003.5,951,20,False,0.0
10,0.25,0.25,0.8,0.01732704031205277,0.05,51,1e-06,42,1024,257,265122,1.0,-5.000000000000066,-3.7359538704754756,0.2528092259049147,2,60,60,False,nan,nan,nan,0.3123522880487144,0.1,326,True,-5.000000000000067,561.9000339580234,1019.5,1005,20,False,0.0
10,0.05,0.1,0.1,0.1007197243212317,0.03,31,1e-07,42,1024,52,107870,1.0,-4.999999999999847,-3.9474903531233503,0.21050192937530582,25,100,100,False,nan,nan,nan,0.4607672628480941,0.1,72,True,-5.000000000000133,664.8329232351389,1012.5,973,20,False,0.0
10,0.05,0.1,0.8,0.1007197243212317,0.03,31,0.0001,42,1024,52,107870,1.0,-5.000000000000061,-3.8520440412811343,0.2295911917437826,3,100,100,False,nan,nan,nan,0.24581254785880446,0.8,70,True,-5.000000000000209,585.9651113860309,1006.5,961,20,False,0.0
10,0.25,0.5,0.8,0.01732704031205277,0.1,102,1e-05,42,1024,257,526466,1.0,-5.000000000000035,-3.896393154725153,0.22072136905497483,2,30,30,False,nan,nan,nan,0.46159044397063553,0.4,322,True,-5.000000000000054,654.5880153400358,1021.0,1002,20,False,0.0
10,0.25,0.25,0.8,0.01732704031205277,0.05,51,0.0001,42,1024,257,265122,1.0,-5.00000000000004,-3.7359538704754756,0.25280922590491084,2,60,60,False,nan,nan,nan,0.3407541059423238,0.6,316,True,-5.000000000000045,571.9321092190221,1019.0,1002,20,False,0.0
10,0.25,0.5,0.1,0.01732704031205277,0.05,51,0.0001,42,1024,257,526466,1.0,-5.000000000000016,-3.896393154725153,0.22072136905497192,2,60,60,False,nan,nan,nan,0.46309598884545267,0.2,309,True,-5.00000000000006,660.2679709929507,1015.5,998,20,False,0.0
10,0.25,0.5,0.5,0.01732704031205277,0.05,51,0.0001,42,1024,257,526466,1.0,-5.000000000000025,-3.896393154725153,0.2207213690549733,2,60,60,False,nan,nan,nan,0.4370583640411496,0.2,316,True,-5.000000000000046,637.6434350130148,1017.0,1009,20,False,0.0
10,0.25,0.5,0.8,0.01732704031205277,0.1,102,0.0001,42,1024,257,526466,1.0,-5.000000000000042,-3.896393154725153,0.2207213690549759,2,30,30,False,nan,nan,nan,0.4775524069555104,0.5,318,True,-5.000000000000049,669.9083767458797,1019.5,993,20,False,0.0
10,0.25,0.25,0.8,0.01732704031205277,0.05,51,1e-05,42,1024,257,265122,1.0,-5.000000000000011,-3.7359538704754756,0.25280922590490645,2,60,60,False,nan,nan,nan,0.3380672198254615,0.4,305,True,-5.0000000000000595,570.0854180930182,1020.5,1005,20,False,0.0
10,0.25,0.25,0.8,0.01732704031205277,0.05,51,1e-07,42,1024,257,265122,1.0,-5.000000000000027,-3.741902342461059,0.25161953150779215,89,60,60,False,nan,nan,nan,1.1067929998971522,0.1,316,True,-5.000000000000062,570.997119983891,1016.5,1007,20,False,0.0
10,0.25,0.5,0.5,0.01732704031205277,0.05,51,1e-05,42,1024,257,526466,1.0,-5.000000000000034,-3.896393154725153,0.2207213690549747,2,60,60,False,nan,nan,nan,0.43739194003865123,0.2,312,True,-5.000000000000069,652.2292454510462,1021.0,1003,20,False,0.0
10,0.25,0.5,0.5,0.01732704031205277,0.05,51,1e-06,42,1024,257,526466,1.0,-5.000000000000027,-3.896393154725153,0.22072136905497358,2,60,60,False,nan,nan,nan,0.4494449819903821,0.6,325,True,-5.0000000000000515,650.630821997067,1020.0,997,20,False,0.0
10,0.05,0.1,0.8,0.1007197243212317,0.03,31,1e-07,42,1024,52,107870,1.0,-5.000000000000039,-3.9474903531233503,0.21050192937533613,25,100,100,False,nan,nan,nan,0.47210330003872514,0.6,75,True,-5.000000000000228,648.0080725110602,1010.0,961,20,False,0.0
10,0.05,0.1,0.8,0.1007197243212317,0.03,31,1e-05,42,1024,52,107870,1.0,-5.000000000000009,-3.8520440412811343,0.22959119174377451,3,100,100,False,nan,nan,nan,0.24650512891821563,0.4,67,True,-5.00000000000009,582.9785636570305,1012.5,951,20,False,0.0
10,0.05,0.1,0.1,0.1007197243212317,0.03,31,1e-05,42,1024,52,107870,1.0,-5.000000000000008,-3.8520440412811343,0.22959119174377438,3,100,100,False,nan,nan,nan,0.3052800709847361,0.4,64,True,-5.000000000000164,647.3532690249849,1008.5,860,20,False,0.0
10,0.25,0.5,0.1,0.01732704031205277,0.1,102,1e-06,42,1024,257,526466,1.0,-5.000000000000013,-3.896393154725153,0.2207213690549715,2,30,30,False,nan,nan,nan,0.4689133551437408,0.1,311,True,-5.000000000000031,668.0183157660067,1017.5,998,20,False,0.0
10,0.1,0.1,0.1,0.05606159822354621,0.03,31,1e-07,42,1024,103,107962,1.0,-5.000000000000037,-5.000000000000007,6.0396132539608065e-15,103,7,100,True,5,107,99,0.09686591802164912,0.6,141,True,-5.000000000000051,396.51709709502757,1015.0,988,20,True,1.4242424242424243
10,0.05,0.1,0.1,0.1007197243212317,0.03,31,1e-06,42,1024,52,107870,1.0,-5.000000000000033,-3.8520440412811343,0.2295911917437782,3,100,100,False,nan,nan,nan,0.259184718830511,0.6,72,True,-5.000000000000103,631.825892650988,1010.5,967,20,False,0.0
10,0.05,0.1,0.5,0.1007197243212317,0.03,31,0.0001,42,1024,52,107870,1.0,-4.999999999999846,-3.8520440412811343,0.22959119174374945,3,100,100,False,nan,nan,nan,0.251362768933177,0.7,64,True,-5.000000000000118,627.7618006158154,1010.5,967,20,False,0.0
10,0.25,0.5,0.5,0.01732704031205277,0.1,102,1e-06,42,1024,257,526466,1.0,-5.000000000000013,-3.896393154725153,0.2207213690549715,2,30,30,False,nan,nan,nan,0.46692505409009755,0.1,299,True,-5.000000000000041,632.104705024045,1016.5,1003,20,False,0.0
10,0.25,0.5,0.1,0.01732704031205277,0.1,102,1e-07,42,1024,257,526466,1.0,-5.000000000000026,-3.8984329957784736,0.2203134008443093,35,30,30,False,nan,nan,nan,0.7055346260312945,0.1,316,True,-5.000000000000046,668.805953983916,1019.5,1004,20,False,0.0
10,0.05,0.1,0.5,0.1007197243212317,0.03,31,1e-05,42,1024,52,107870,1.0,-5.000000000000057,-3.8520440412811343,0.2295911917437819,3,100,100,False,nan,nan,nan,0.2527997058350593,0.6,77,True,-5.000000000000133,621.0999033430126,1000.0,934,20,False,0.0
10,0.05,0.1,0.1,0.1007197243212317,0.03,31,0.0001,42,1024,52,107870,1.0,-5.000000000000142,-3.8520440412811343,0.22959119174379503,3,100,100,False,nan,nan,nan,0.2706019449979067,0.9,70,True,-5.000000000000103,621.6575293741189,1005.5,942,20,False,0.0
10,0.05,0.5,0.8,0.1007197243212317,0.03,31,0.0001,42,1024,52,526354,1.0,-5.000000000000102,-4.999999999999999,2.0605739337042485e-14,52,5,100,True,3,59,50,0.08990610297769308,0.4,67,True,-5.000000000000085,645.8499177270569,1007.5,939,20,True,1.34
10,0.25,0.5,0.5,0.01732704031205277,0.1,102,1e-07,42,1024,257,526466,1.0,-5.000000000000016,-3.8984329957784736,0.22031340084430778,35,30,30,False,nan,nan,nan,0.6746903220191598,0.9,318,True,-5.000000000000048,635.8716776850633,1017.5,1006,20,False,0.0
10,0.05,0.25,0.1,0.1007197243212317,0.03,31,0.0001,42,1024,52,264864,1.0,-5.000000000000039,-5.0,7.815970093361041e-15,52,7,100,True,5,65,49,0.0612311540171504,0.1,76,True,-5.0000000000001625,675.927645763848,1000.5,960,20,True,1.5510204081632653
10,0.05,0.25,0.3,0.1007197243212317,0.03,31,1e-07,42,1024,52,264864,1.0,-5.000000000000034,-5.0,6.7501559897209065e-15,52,7,100,True,5,65,49,0.06183402403257787,0.2,69,True,-5.000000000000162,673.0770639460534,1004.5,969,20,True,1.4081632653061225
10,0.05,0.1,0.3,0.1007197243212317,0.03,31,1e-05,42,1024,52,107870,1.0,-4.9999999999999245,-3.8520440412811343,0.2295911917437615,3,100,100,False,nan,nan,nan,0.25217401306144893,0.2,71,True,-5.000000000000159,679.0827228859998,1009.5,937,20,False,0.0
10,0.25,0.5,0.3,0.01732704031205277,0.1,102,1e-07,42,1024,257,526466,1.0,-5.000000000000017,-3.8984329957784736,0.22031340084430792,35,30,30,False,nan,nan,nan,0.8095960128121078,0.2,295,True,-5.000000000000064,571.2135678147897,1019.0,1006,20,False,0.0
10,0.05,0.25,0.8,0.1007197243212317,0.03,31,1e-05,42,1024,52,264864,1.0,-5.000000000000023,-5.0,4.61852778244063e-15,52,7,100,True,5,65,49,0.06221764488145709,0.4,69,True,-5.000000000000204,645.4972215110902,1006.5,957,20,True,1.4081632653061225
10,0.05,0.25,0.3,0.1007197243212317,0.03,31,0.0001,42,1024,52,264864,1.0,-4.999999999999933,-5.0,1.3322676295502057e-14,52,7,100,True,5,65,49,0.06158010195940733,0.3,62,True,-5.000000000000106,664.6732789219823,1000.5,871,20,True,1.2653061224489797
10,0.05,0.1,0.3,0.1007197243212317,0.03,31,0.0001,42,1024,52,107870,1.0,-5.000000000000033,-3.8520440412811343,0.2295911917437782,3,100,100,False,nan,nan,nan,0.26927276491187513,0.1,74,True,-5.000000000000078,666.9415636649355,1012.0,969,20,False,0.0
10,0.05,0.5,0.5,0.1007197243212317,0.03,31,0.0001,42,1024,52,526354,1.0,-4.999999999999949,-4.999999999999999,9.947598300641503e-15,52,5,100,True,3,59,50,0.09076150902546942,0.2,65,True,-5.00000000000006,667.5539214659948,1004.0,951,20,True,1.3
10,0.05,0.1,0.3,0.1007197243212317,0.03,31,1e-07,42,1024,52,107870,1.0,-5.000000000000079,-3.9474903531233503,0.21050192937534243,25,100,100,False,nan,nan,nan,0.49128166516311467,1.0,69,True,-5.000000000000169,680.394846561132,1014.5,944,20,False,0.0
10,0.05,0.5,0.8,0.1007197243212317,0.03,31,1e-06,42,1024,52,526354,1.0,-5.00000000000003,-4.999999999999999,6.217248937900839e-15,52,5,100,True,3,59,50,0.09069111314602196,0.1,66,True,-5.000000000000137,656.8365071001463,1003.5,976,20,True,1.32
10,0.05,0.1,0.3,0.1007197243212317,0.03,31,1e-06,42,1024,52,107870,1.0,-5.000000000000021,-3.8520440412811343,0.22959119174377643,3,100,100,False,nan,nan,nan,0.25887837284244597,0.2,76,True,-5.000000000000088,672.5744277050253,1009.0,882,20,False,0.0
10,0.05,0.25,0.3,0.1007197243212317,0.03,31,1e-05,42,1024,52,264864,1.0,-4.999999999999905,-5.0,1.9007018181583042e-14,52,7,100,True,5,65,49,0.06674795597791672,0.4,72,True,-5.0000000000000915,671.6440039731096,1008.0,963,20,True,1.469387755102041
10,0.05,0.25,0.3,0.1007197243212317,0.03,31,1e-06,42,1024,52,264864,1.0,-5.000000000000066,-5.0,1.314504061156168e-14,52,7,100,True,5,65,49,0.05923219001851976,0.3,64,True,-5.000000000000101,659.8873732700013,1010.0,976,20,True,1.3061224489795917
10,0.1,0.25,0.8,0.05606159822354621,0.03,31,1e-05,42,1024,103,264956,1.0,-5.000000000000029,-5.000000000000002,5.506706202140744e-15,103,7,100,True,5,107,100,0.11902679200284183,0.2,125,True,-5.000000000000041,405.94855706905946,1018.5,983,20,True,1.25
10,0.25,0.5,0.5,0.01732704031205277,0.1,102,0.0001,42,1024,257,526466,1.0,-5.000000000000015,-3.896393154725153,0.22072136905497178,2,30,30,False,nan,nan,nan,0.45407831692136824,0.8,302,True,-5.000000000000059,646.8784819061402,1017.0,1004,20,False,0.0
10,0.25,0.5,0.8,0.01732704031205277,0.05,51,1e-06,42,1024,257,526466,1.0,-5.000000000000055,-3.896393154725153,0.220721369054978,2,60,60,False,nan,nan,nan,0.45529559906572104,0.7,318,True,-5.000000000000049,657.3183654781897,1016.0,1000,20,False,0.0
10,0.25,0.5,0.8,0.01732704031205277,0.05,51,1e-07,42,1024,257,526466,1.0,-5.000000000000023,-3.89726226424114,0.22054754715177557,35,60,60,False,nan,nan,nan,0.900942605221644,0.1,325,True,-5.000000000000045,652.623078381177,1018.0,993,20,False,0.0
10,0.05,0.1,0.5,0.1007197243212317,0.03,31,1e-06,42,1024,52,107870,1.0,-4.999999999999999,-3.8520440412811343,0.229591191743773,3,100,100,False,nan,nan,nan,0.26077887578867376,0.7,62,True,-5.000000000000119,649.8640350080095,1001.5,956,20,False,0.0
10,0.05,0.5,0.8,0.1007197243212317,0.03,31,1e-07,42,1024,52,526354,1.0,-5.000000000000048,-4.999999999999999,9.769962616701284e-15,52,5,100,True,3,59,50,0.08311030804179609,0.1,63,True,-5.000000000000128,677.4748698349576,1015.0,907,20,True,1.26
10,0.05,0.5,0.5,0.1007197243212317,0.03,31,1e-05,42,1024,52,526354,1.0,-4.999999999999999,-4.999999999999999,0.0,52,5,100,True,3,59,50,0.09261003392748535,0.6,62,True,-5.000000000000153,710.3669686368667,1007.5,895,20,True,1.24
10,0.1,0.25,0.8,0.05606159822354621,0.03,31,1e-06,42,1024,103,264956,1.0,-5.000000000000011,-4.9999999999999964,2.8421709430403946e-15,103,6,100,True,5,118,97,0.0935166331473738,0.1,133,True,-5.0000000000000355,394.9369640580844,1012.5,979,20,True,1.3711340206185567
10,0.05,0.25,0.8,0.1007197243212317,0.03,31,0.0001,42,1024,52,264864,1.0,-4.999999999999908,-5.0,1.8474111129762946e-14,52,7,100,True,5,65,49,0.06167322397232056,0.5,68,True,-5.000000000000063,675.053030241048,1015.0,962,20,True,1.3877551020408163
10,0.25,0.5,0.5,0.01732704031205277,0.1,102,1e-05,42,1024,257,526466,1.0,-5.000000000000006,-3.896393154725153,0.2207213690549704,2,30,30,False,nan,nan,nan,0.46767883701249957,0.8,308,True,-5.000000000000041,660.9942575208843,1019.0,1005,20,False,0.0
10,0.1,0.1,0.1,0.05606159822354621,0.03,31,1e-05,42,1024,103,107962,1.0,-5.000000000000039,-3.7714052523385577,0.24571894953229434,2,100,100,False,nan,nan,nan,0.24214021605439484,0.2,142,True,-5.000000000000049,440.3439142911229,1016.0,983,20,False,0.0
10,0.1,0.1,0.1,0.05606159822354621,0.03,31,1e-06,42,1024,103,107962,1.0,-5.000000000000034,-5.000000000000014,3.9079850466805245e-15,103,8,100,True,6,114,97,0.08720506401732564,0.8,130,True,-5.000000000000036,441.1722212389577,1009.0,985,20,True,1.3402061855670102
10,0.05,0.5,0.1,0.1007197243212317,0.03,31,1e-07,42,1024,52,526354,1.0,-5.000000000000135,-4.999999999999999,2.7178259642823098e-14,52,5,100,True,3,59,50,0.0909712640568614,0.7,80,True,-5.0000000000000835,721.2916589169763,1012.0,959,20,True,1.6
10,0.05,0.1,0.5,0.1007197243212317,0.03,31,1e-07,42,1024,52,107870,1.0,-5.000000000000008,-3.9474903531233503,0.21050192937533121,25,100,100,False,nan,nan,nan,0.47173775895498693,0.3,68,True,-5.000000000000132,641.2135567232035,1006.0,936,20,False,0.0
10,0.05,0.25,0.5,0.1007197243212317,0.03,31,1e-06,42,1024,52,264864,1.0,-5.000000000000002,-5.0,3.5527136788004996e-16,52,7,100,True,5,65,49,0.06259892205707729,0.8,63,True,-5.000000000000116,702.1108045261353,1004.0,895,20,True,1.2857142857142858
10,0.05,0.5,0.5,0.1007197243212317,0.03,31,1e-06,42,1024,52,526354,1.0,-5.000000000000011,-4.999999999999999,2.3092638912203206e-15,52,5,100,True,3,59,50,0.09121139906346798,0.7,73,True,-5.000000000000048,720.4431728790514,1004.0,972,20,True,1.46
10,0.1,0.1,0.8,0.05606159822354621,0.03,31,1e-07,42,1024,103,107962,1.0,-5.00000000000003,-5.000000000000007,4.618527782440623e-15,103,7,100,True,5,107,99,0.09205444995313883,0.8,130,True,-5.0000000000000515,436.79693577997386,1018.0,983,20,True,1.3131313131313131
10,0.05,0.5,0.5,0.1007197243212317,0.03,31,1e-07,42,1024,52,526354,1.0,-5.0000000000000435,-4.999999999999999,8.881784197001175e-15,52,5,100,True,3,59,50,0.09194916486740112,0.7,62,True,-5.000000000000108,682.3501715040766,1003.5,956,20,True,1.24
10,0.1,0.25,0.5,0.05606159822354621,0.03,31,1e-06,42,1024,103,264956,1.0,-5.000000000000032,-4.9999999999999964,7.105427357600956e-15,103,6,100,True,5,118,97,0.09446367807686329,0.3,131,True,-5.000000000000037,414.68271179893054,1014.0,989,20,True,1.3505154639175259
10,0.05,0.25,0.5,0.1007197243212317,0.03,31,1e-07,42,1024,52,264864,1.0,-5.0000000000000115,-5.0,2.30926389122032e-15,52,7,100,True,5,65,49,0.06132735311985016,0.2,79,True,-5.000000000000146,650.4473772500642,1012.0,964,20,True,1.6122448979591837
10,0.05,0.5,0.1,0.1007197243212317,0.03,31,1e-06,42,1024,52,526354,1.0,-5.000000000000034,-4.999999999999999,6.92779167366093e-15,52,5,100,True,3,59,50,0.1153446959797293,0.1,71,True,-5.000000000000154,712.6443941050675,1011.5,910,20,True,1.42
10,0.1,0.1,0.3,0.05606159822354621,0.03,31,1e-06,42,1024,103,107962,1.0,-5.00000000000002,-5.000000000000014,1.2434497875801703e-15,103,8,100,True,6,114,97,0.09647736698389053,0.4,134,True,-5.000000000000042,427.4180803329218,1016.0,995,20,True,1.3814432989690721
10,0.1,0.25,0.5,0.05606159822354621,0.03,31,0.0001,42,1024,103,264956,1.0,-5.000000000000024,-4.999940153525574,1.1969294889979607e-05,102,100,100,True,5,107,100,1.6022116909734905,0.2,126,True,-5.0000000000000435,431.07976105995476,1015.5,974,20,True,1.26
10,0.1,0.1,0.3,0.05606159822354621,0.03,31,1e-07,42,1024,103,107962,1.0,-5.000000000000038,-5.000000000000007,6.217248937900829e-15,103,7,100,True,5,107,99,0.09566058102063835,1.0,130,True,-5.000000000000051,425.3221038109623,1012.0,994,20,True,1.3131313131313131
10,0.1,0.1,0.1,0.05606159822354621,0.03,31,0.0001,42,1024,103,107962,1.0,-5.000000000000034,-3.7714052523385577,0.24571894953229353,2,100,100,False,nan,nan,nan,0.23335519898682833,0.4,125,True,-5.000000000000037,425.2151614020113,1018.5,953,20,False,0.0
10,0.05,0.25,0.1,0.1007197243212317,0.03,31,1e-07,42,1024,52,264864,1.0,-5.000000000000008,-5.0,1.5987211554602229e-15,52,7,100,True,5,65,49,0.06624023709446192,0.7,72,True,-5.000000000000102,674.5694417550694,1008.5,933,20,True,1.469387755102041
10,0.25,0.1,0.8,0.01732704031205277,0.03,31,1e-07,42,1024,257,108198,1.0,-4.9999999999999964,-3.7031621260798624,0.259367574784027,164,100,100,False,nan,nan,nan,1.7050493371207267,0.6,326,True,-5.00000000000007,455.3391938479617,1018.5,1007,20,False,0.0
10,0.05,0.5,0.3,0.1007197243212317,0.03,31,1e-07,42,1024,52,526354,1.0,-5.000000000000042,-4.999999999999999,8.526512829121131e-15,52,5,100,True,3,59,50,0.09241251298226416,0.7,67,True,-5.000000000000094,742.6318931300193,1008.5,953,20,True,1.34
10,0.1,0.25,0.5,0.05606159822354621,0.03,31,1e-07,42,1024,103,264956,1.0,-5.0000000000000355,-5.000000000000001,6.927791673660928e-15,103,6,100,True,4,101,98,0.12024604016914964,0.2,133,True,-5.000000000000043,453.7060325029306,1013.0,976,20,True,1.3571428571428572
10,0.1,0.1,0.8,0.05606159822354621,0.03,31,1e-06,42,1024,103,107962,1.0,-4.999999999999997,-5.000000000000014,3.3750779948604777e-15,103,8,100,True,6,114,97,0.10903268307447433,0.8,127,True,-5.000000000000032,438.1793163579423,1017.0,991,20,True,1.309278350515464
10,0.1,0.25,0.5,0.05606159822354621,0.03,31,1e-05,42,1024,103,264956,1.0,-5.00000000000001,-5.000000000000002,1.5987211554602223e-15,103,7,100,True,5,107,100,0.12054507690481842,0.3,127,True,-5.000000000000027,406.5478618990164,1014.0,980,20,True,1.27
10,0.1,0.1,0.8,0.05606159822354621,0.03,31,1e-05,42,1024,103,107962,1.0,-5.0000000000000115,-3.7714052523385577,0.2457189495322902,2,100,100,False,nan,nan,nan,0.3810625309124589,0.3,138,True,-5.00000000000003,426.1376771470532,1012.0,984,20,False,0.0
10,0.05,0.25,0.5,0.1007197243212317,0.03,31,0.0001,42,1024,52,264864,1.0,-5.000000000000008,-5.0,1.5987211554602229e-15,52,7,100,True,5,65,49,0.06261624884791672,0.7,68,True,-5.00000000000014,695.1421015369706,1006.0,962,20,True,1.3877551020408163
10,0.1,0.25,0.8,0.05606159822354621,0.03,31,0.0001,42,1024,103,264956,1.0,-5.00000000000002,-4.999940153525574,1.1969294889269074e-05,102,100,100,True,5,107,100,1.6271579801104963,0.3,138,True,-5.000000000000056,441.9082837381866,1019.0,999,20,True,1.38
10,0.05,0.5,0.3,0.1007197243212317,0.03,31,1e-06,42,1024,52,526354,1.0,-5.000000000000076,-4.999999999999999,1.5454304502781944e-14,52,5,100,True,3,59,50,0.09295133501291275,0.6,65,True,-5.000000000000157,761.033960291883,1013.5,962,20,True,1.3
10,0.05,0.5,0.1,0.1007197243212317,0.03,31,1e-05,42,1024,52,526354,1.0,-5.000000000000012,-4.999999999999999,2.664535259100369e-15,52,5,100,True,3,59,50,0.0928117057774216,0.5,72,True,-5.000000000000066,769.2169088639785,1012.0,977,20,True,1.44
10,0.25,0.1,0.5,0.01732704031205277,0.03,31,0.0001,42,1024,257,108198,1.0,-5.000000000000055,-3.499981383964329,0.30000372320714197,2,100,100,False,nan,nan,nan,0.2396348190959543,0.5,319,True,-5.0000000000000435,449.0267825021874,1019.0,1004,20,False,0.0
10,0.1,0.1,0.3,0.05606159822354621,0.03,31,0.0001,42,1024,103,107962,1.0,-5.000000000000012,-3.7714052523385577,0.24571894953229034,2,100,100,False,nan,nan,nan,0.2487195220310241,0.8,135,True,-5.000000000000035,470.332849587081,1015.5,961,20,False,0.0
10,0.05,0.25,0.8,0.1007197243212317,0.03,31,1e-06,42,1024,52,264864,1.0,-5.000000000000108,-5.0,2.1671553440682587e-14,52,7,100,True,5,65,49,0.06314899818971753,0.3,77,True,-5.000000000000172,699.6403028869536,1010.0,953,20,True,1.5714285714285714
10,0.05,0.5,0.1,0.1007197243212317,0.03,31,0.0001,42,1024,52,526354,1.0,-4.999999999999894,-4.999999999999999,2.09610107049234e-14,52,5,100,True,3,59,50,0.09196589305065572,1.0,69,True,-5.000000000000134,780.36720469594,1010.5,902,20,True,1.38
10,0.05,0.25,0.8,0.1007197243212317,0.03,31,1e-07,42,1024,52,264864,1.0,-4.999999999999929,-5.0,1.4210854715202206e-14,52,7,100,True,5,65,49,0.07198166218586266,0.1,74,True,-5.000000000000165,697.4992034099996,1009.5,988,20,True,1.510204081632653
10,0.1,0.25,0.3,0.05606159822354621,0.03,31,0.0001,42,1024,103,264956,1.0,-5.000000000000012,-4.999940153525574,1.196929488767037e-05,102,100,100,True,5,107,100,1.6477805350441486,0.9,131,True,-5.000000000000056,433.485636634985,1013.0,935,20,True,1.31
10,0.1,0.5,0.1,0.05606159822354621,0.03,31,1e-07,42,1024,103,526398,1.0,-5.000000000000003,-5.000000000000011,1.5987211554602245e-15,103,5,100,True,4,118,96,0.12849442404694855,0.9,134,True,-5.000000000000044,513.3807176148985,1014.0,981,20,True,1.3958333333333333
10,0.1,0.1,0.3,0.05606159822354621,0.03,31,1e-05,42,1024,103,107962,1.0,-5.0000000000000355,-3.7714052523385577,0.2457189495322938,2,100,100,False,nan,nan,nan,0.2426638409961015,0.8,132,True,-5.0000000000000355,454.87568085989915,1011.0,966,20,False,0.0
10,0.1,0.25,0.3,0.05606159822354621,0.03,31,1e-05,42,1024,103,264956,1.0,-5.000000000000014,-5.000000000000002,2.4868995751603434e-15,103,7,100,True,5,107,100,0.12061437196098268,0.9,124,True,-5.000000000000028,427.64459960884415,1018.5,985,20,True,1.24
10,0.1,0.1,0.8,0.05606159822354621,0.03,31,0.0001,42,1024,103,107962,1.0,-5.000000000000016,-3.7714052523385577,0.24571894953229087,2,100,100,False,nan,nan,nan,0.26215879106894135,0.4,131,True,-5.000000000000052,411.78987584705465,1012.5,975,20,False,0.0
10,0.05,0.25,0.5,0.1007197243212317,0.03,31,1e-05,42,1024,52,264864,1.0,-5.000000000000041,-5.0,8.171241461241085e-15,52,7,100,True,5,65,49,0.06316581787541509,0.6,64,True,-5.00000000000014,694.193957431009,1007.5,951,20,True,1.3061224489795917
10,0.25,0.1,0.3,0.01732704031205277,0.03,31,0.0001,42,1024,257,108198,1.0,-5.000000000000026,-3.499981383964329,0.30000372320713786,2,100,100,False,nan,nan,nan,0.23539420892484486,1.0,325,True,-5.000000000000094,467.2415371290408,1019.0,1007,20,False,0.0
10,0.25,0.1,0.5,0.01732704031205277,0.03,31,1e-06,42,1024,257,108198,1.0,-5.000000000000035,-3.5103544564218976,0.29792910871562533,25,100,100,False,nan,nan,nan,0.4306322771590203,0.4,327,True,-5.0000000000000435,468.375902922824,1019.5,1004,20,False,0.0
10,0.05,0.5,0.3,0.1007197243212317,0.03,31,0.0001,42,1024,52,526354,1.0,-5.00000000000015,-4.999999999999999,3.019806626980335e-14,52,5,100,True,3,59,50,0.09172781393863261,0.9,70,True,-5.000000000000082,819.6451837432105,1007.5,961,20,True,1.4
10,0.1,0.5,0.5,0.05606159822354621,0.03,31,1e-05,42,1024,103,526398,1.0,-5.000000000000007,-5.000000000000005,3.5527136788004957e-16,103,5,100,True,4,109,100,0.11868045711889863,0.1,126,True,-5.0000000000000355,508.69926223298535,1012.5,989,20,True,1.26
10,0.1,0.25,0.1,0.05606159822354621,0.03,31,1e-05,42,1024,103,264956,1.0,-5.000000000000012,-5.000000000000002,2.1316282072802954e-15,103,7,100,True,5,107,100,0.09735294920392334,0.2,118,True,-5.000000000000037,487.42682702001184,1017.0,991,20,True,1.18
10,0.1,0.5,0.1,0.05606159822354621,0.03,31,0.0001,42,1024,103,526398,1.0,-5.000000000000021,-4.99994106401928,1.1787196148205176e-05,102,100,100,True,4,109,99,2.659677298972383,0.5,130,True,-5.000000000000031,542.0564546929672,1013.5,980,20,True,1.3131313131313131
10,0.05,0.5,0.3,0.1007197243212317,0.03,31,1e-05,42,1024,52,526354,1.0,-4.999999999999952,-4.999999999999999,9.414691248821417e-15,52,5,100,True,3,59,50,0.09250471601262689,0.4,64,True,-5.000000000000071,827.0977705179248,1007.5,981,20,True,1.28
10,0.1,0.1,0.5,0.05606159822354621,0.03,31,1e-06,42,1024,103,107962,1.0,-5.000000000000031,-5.000000000000014,3.375077994860455e-15,103,8,100,True,6,114,97,0.10602269717492163,0.8,133,True,-5.00000000000003,464.764912788989,1013.0,989,20,True,1.3711340206185567
10,0.25,0.1,0.5,0.01732704031205277,0.03,31,1e-07,42,1024,257,108198,1.0,-4.999999999999947,-3.7031621260798624,0.2593675747840196,164,100,100,False,nan,nan,nan,1.7545154341496527,0.7,330,True,-5.000000000000059,472.1243416501675,1019.5,1009,20,False,0.0
10,0.25,0.1,0.3,0.01732704031205277,0.03,31,1e-05,42,1024,257,108198,1.0,-5.000000000000015,-3.499981383964329,0.30000372320713636,2,100,100,False,nan,nan,nan,0.23847792390733957,0.1,321,True,-5.000000000000057,501.9878982468508,1019.0,1002,20,False,0.0
10,0.1,0.5,0.1,0.05606159822354621,0.03,31,1e-05,42,1024,103,526398,1.0,-5.000000000000004,-5.000000000000005,1.7763568394002488e-16,103,5,100,True,4,109,100,0.10388283897191286,0.1,126,True,-5.000000000000057,541.4511644269805,1010.5,987,20,True,1.26
10,0.1,0.25,0.1,0.05606159822354621,0.03,31,0.0001,42,1024,103,264956,1.0,-5.000000000000019,-4.999940153525574,1.1969294888913806e-05,102,100,100,True,5,107,100,1.729950888082385,0.4,130,True,-5.000000000000041,486.62524949596263,1010.0,960,20,True,1.3
10,0.1,0.25,0.1,0.05606159822354621,0.03,31,1e-07,42,1024,103,264956,1.0,-5.00000000000001,-5.000000000000001,1.776356839400247e-15,103,6,100,True,4,101,98,0.1209321899805218,1.0,132,True,-5.000000000000047,487.7897437228821,1015.0,995,20,True,1.346938775510204
10,0.1,0.5,0.1,0.05606159822354621,0.03,31,1e-06,42,1024,103,526398,1.0,-5.000000000000015,-5.000000000000005,1.9539925233402698e-15,103,5,100,True,4,109,100,0.10260958410799503,0.5,132,True,-5.000000000000027,544.7806842569262,1014.0,967,20,True,1.32
10,0.1,0.5,0.5,0.05606159822354621,0.03,31,0.0001,42,1024,103,526398,1.0,-5.000000000000006,-4.99994106401928,1.1787196145185405e-05,102,100,100,True,4,109,99,2.748442669864744,0.5,132,True,-5.000000000000023,542.0493960410822,1015.0,1001,20,True,1.3333333333333333
10,0.1,0.1,0.5,0.05606159822354621,0.03,31,0.0001,42,1024,103,107962,1.0,-5.000000000000042,-3.7714052523385577,0.24571894953229476,2,100,100,False,nan,nan,nan,0.3751291469670832,0.8,131,True,-5.0000000000000515,474.4993444150314,1013.0,985,20,False,0.0
10,0.25,0.1,0.8,0.01732704031205277,0.03,31,1e-06,42,1024,257,108198,1.0,-4.999999999999986,-3.5103544564218976,0.2979291087156185,25,100,100,False,nan,nan,nan,0.46096540405415,0.8,333,True,-5.000000000000081,528.0487646399997,1019.0,1007,20,False,0.0
10,0.1,0.1,0.5,0.05606159822354621,0.03,31,1e-05,42,1024,103,107962,1.0,-5.000000000000021,-3.7714052523385577,0.24571894953229168,2,100,100,False,nan,nan,nan,0.377599636092782,0.8,138,True,-5.000000000000045,475.6390564260073,1013.0,960,20,False,0.0
10,0.05,0.5,0.8,0.1007197243212317,0.03,31,1e-05,42,1024,52,526354,1.0,-5.000000000000019,-4.999999999999999,3.907985046680536e-15,52,5,100,True,3,59,50,0.10391904902644455,0.8,71,True,-5.000000000000157,702.2534695041832,1002.0,929,20,True,1.42
10,0.1,0.25,0.1,0.05606159822354621,0.03,31,1e-06,42,1024,103,264956,1.0,-5.000000000000015,-4.9999999999999964,3.730349362740515e-15,103,6,100,True,5,118,97,0.10262134484946728,0.9,128,True,-5.000000000000029,484.9817403741181,1015.5,988,20,True,1.3195876288659794
10,0.25,0.5,0.5,0.01732704031205277,0.03,31,1e-05,42,1024,257,526466,1.0,-5.00000000000002,-3.896393154725153,0.2207213690549726,2,100,100,False,nan,nan,nan,0.41110177291557193,0.1,313,True,-5.00000000000004,527.7264028470963,1015.0,1002,20,False,0.0
10,0.1,0.1,0.5,0.05606159822354621,0.03,31,1e-07,42,1024,103,107962,1.0,-5.000000000000035,-5.000000000000007,5.506706202140738e-15,103,7,100,True,5,107,99,0.10969581012614071,0.8,131,True,-5.000000000000036,460.7171661739703,1015.0,916,20,True,1.3232323232323233
10,0.25,0.1,0.8,0.01732704031205277,0.03,31,1e-05,42,1024,257,108198,1.0,-4.999999999999992,-3.499981383964329,0.30000372320713314,2,100,100,False,nan,nan,nan,0.24121798598207533,0.8,343,True,-5.000000000000092,531.1041412390769,1019.0,1000,20,False,0.0
10,0.25,0.1,0.3,0.01732704031205277,0.03,31,1e-06,42,1024,257,108198,1.0,-5.0000000000000515,-3.5103544564218976,0.2979291087156277,25,100,100,False,nan,nan,nan,0.43472420098260045,0.6,323,True,-5.000000000000076,505.70765528199263,1016.0,998,20,False,0.0
10,0.1,0.5,0.3,0.05606159822354621,0.03,31,1e-06,42,1024,103,526398,1.0,-5.000000000000004,-5.000000000000005,1.7763568394002488e-16,103,5,100,True,4,109,100,0.11685992684215307,0.2,136,True,-5.000000000000017,557.3750375320669,1011.0,970,20,True,1.36
10,0.1,0.5,0.8,0.05606159822354621,0.03,31,1e-07,42,1024,103,526398,1.0,-4.999999999999975,-5.000000000000011,7.105427357601037e-15,103,5,100,True,4,118,96,0.20157905295491219,0.1,132,True,-5.000000000000023,515.2586518682074,1011.0,979,20,True,1.375
10,0.25,0.1,0.3,0.01732704031205277,0.03,31,1e-07,42,1024,257,108198,1.0,-4.999999999999967,-3.7031621260798624,0.25936757478402267,164,100,100,False,nan,nan,nan,1.899622400989756,0.5,329,True,-5.000000000000073,509.13975299405865,1017.0,996,20,False,0.0
10,0.25,0.5,0.5,0.01732704031205277,0.03,31,1e-06,42,1024,257,526466,1.0,-5.000000000000056,-3.896393154725153,0.22072136905497813,2,100,100,False,nan,nan,nan,0.4047284310217947,0.2,312,True,-5.0000000000000355,534.7250490179285,1015.5,1002,20,False,0.0
10,0.1,0.25,0.3,0.05606159822354621,0.03,31,1e-06,42,1024,103,264956,1.0,-5.000000000000014,-4.9999999999999964,3.5527136788004907e-15,103,6,100,True,5,118,97,0.095122060040012,0.7,133,True,-5.0000000000000195,475.511482660193,1013.0,978,20,True,1.3711340206185567
10,0.1,0.5,0.3,0.05606159822354621,0.03,31,1e-07,42,1024,103,526398,1.0,-5.000000000000005,-5.000000000000011,1.065814103640149e-15,103,5,100,True,4,118,96,0.1280636948067695,0.3,127,True,-5.000000000000027,538.5622234949842,1013.0,962,20,True,1.3229166666666667
10,0.1,0.5,0.8,0.05606159822354621,0.03,31,1e-06,42,1024,103,526398,1.0,-5.000000000000011,-5.000000000000005,1.065814103640148e-15,103,5,100,True,4,109,100,0.11862842412665486,0.5,135,True,-5.00000000000005,515.9503087450285,1018.0,971,20,True,1.35
10,0.1,0.25,0.3,0.05606159822354621,0.03,31,1e-07,42,1024,103,264956,1.0,-5.000000000000016,-5.000000000000001,3.0198066269804162e-15,103,6,100,True,4,101,98,0.12154154805466533,0.8,134,True,-5.0000000000000355,477.89640131709166,1021.0,975,20,True,1.3673469387755102
10,0.25,0.25,0.5,0.01732704031205277,0.03,31,1e-07,42,1024,257,265122,1.0,-5.0000000000000515,-3.7403447010260757,0.2519310597947926,91,100,100,False,nan,nan,nan,1.629614407895133,0.6,309,True,-5.00000000000006,557.8452622790355,1017.0,1003,20,False,0.0
10,0.25,0.5,0.3,0.01732704031205277,0.03,31,1e-06,42,1024,257,526466,1.0,-5.0000000000000115,-3.896393154725153,0.22072136905497122,2,100,100,False,nan,nan,nan,0.41718548303470016,0.2,311,True,-5.000000000000037,553.5047433071304,1017.5,997,20,False,0.0
10,0.25,0.5,0.3,0.01732704031205277,0.03,31,0.0001,42,1024,257,526466,1.0,-5.000000000000022,-3.896393154725153,0.2207213690549729,2,100,100,False,nan,nan,nan,0.4165503070689738,0.9,315,True,-5.000000000000042,542.6255651209503,1019.0,1006,20,False,0.0
10,0.25,0.1,0.1,0.01732704031205277,0.03,31,1e-07,42,1024,257,108198,1.0,-5.000000000000003,-3.7031621260798624,0.25936757478402794,164,100,100,False,nan,nan,nan,1.8881002948619425,0.5,335,True,-5.000000000000054,542.7656989800744,1021.0,1007,20,False,0.0
10,0.25,0.25,0.1,0.01732704031205277,0.03,31,1e-06,42,1024,257,265122,1.0,-5.000000000000005,-3.7359538704754756,0.2528092259049057,2,100,100,False,nan,nan,nan,0.4382639650721103,0.2,330,True,-5.000000000000044,542.0248248819262,1016.5,1007,20,False,0.0
10,0.25,0.1,0.1,0.01732704031205277,0.03,31,1e-06,42,1024,257,108198,1.0,-5.0000000000000755,-3.5103544564218976,0.2979291087156311,25,100,100,False,nan,nan,nan,0.4542518930975348,0.7,343,True,-5.000000000000048,546.7896870449185,1013.5,1002,20,False,0.0
10,0.1,0.5,0.8,0.05606159822354621,0.03,31,1e-05,42,1024,103,526398,1.0,-5.000000000000017,-5.000000000000005,2.3092638912203178e-15,103,5,100,True,4,109,100,0.11856805090792477,0.5,128,True,-5.000000000000033,547.046183888102,1014.5,984,20,True,1.28
10,0.25,0.25,0.1,0.01732704031205277,0.03,31,1e-07,42,1024,257,265122,1.0,-5.000000000000001,-3.7403447010260757,0.251931059794785,91,100,100,False,nan,nan,nan,1.529697157908231,1.0,322,True,-5.000000000000042,539.9740018020384,1020.0,1003,20,False,0.0
10,0.25,0.1,0.8,0.01732704031205277,0.03,31,0.0001,42,1024,257,108198,1.0,-5.000000000000012,-3.499981383964329,0.300003723207136,2,100,100,False,nan,nan,nan,0.2423083030153066,1.0,333,True,-5.000000000000073,526.2537123041693,1018.0,1003,20,False,0.0
10,0.25,0.5,0.3,0.01732704031205277,0.03,31,1e-05,42,1024,257,526466,1.0,-5.000000000000021,-3.896393154725153,0.22072136905497275,2,100,100,False,nan,nan,nan,0.43077227706089616,0.8,304,True,-5.000000000000069,560.2367401870433,1020.0,1003,20,False,0.0
10,0.1,0.25,0.8,0.05606159822354621,0.03,31,1e-07,42,1024,103,264956,1.0,-5.000000000000024,-5.000000000000001,4.618527782440629e-15,103,6,100,True,4,101,98,0.12919234787113965,0.4,125,True,-5.000000000000034,459.90256770700216,1012.5,990,20,True,1.2755102040816326
10,0.1,0.5,0.3,0.05606159822354621,0.03,31,0.0001,42,1024,103,526398,1.0,-4.999999999999997,-4.99994106401928,1.1787196143409068e-05,102,100,100,True,4,109,99,2.7997608750592917,0.6,133,True,-5.00000000000005,550.8072070870548,1009.5,985,20,True,1.3434343434343434
10,0.25,0.5,0.3,0.01732704031205277,0.03,31,1e-07,42,1024,257,526466,1.0,-5.000000000000019,-3.89726226424114,0.22054754715177488,35,100,100,False,nan,nan,nan,1.1696517739910632,0.1,317,True,-5.000000000000051,582.7487549539655,1017.5,1003,20,False,0.0
10,0.25,0.25,0.5,0.01732704031205277,0.03,31,1e-06,42,1024,257,265122,1.0,-5.000000000000036,-3.7359538704754756,0.25280922590491034,2,100,100,False,nan,nan,nan,0.33463350404053926,0.6,329,True,-5.000000000000046,541.7705123280175,1015.0,991,20,False,0.0
10,0.1,0.5,0.3,0.05606159822354621,0.03,31,1e-05,42,1024,103,526398,1.0,-5.000000000000012,-5.000000000000005,1.4210854715201969e-15,103,5,100,True,4,109,100,0.10480824788101017,0.9,128,True,-5.000000000000048,567.581083125202,1014.0,978,20,True,1.28
10,0.25,0.5,0.5,0.01732704031205277,0.03,31,0.0001,42,1024,257,526466,1.0,-5.000000000000037,-3.896393154725153,0.22072136905497522,2,100,100,False,nan,nan,nan,0.43268036586232483,0.7,315,True,-5.000000000000051,604.9676681959536,1016.5,1003,20,False,0.0
10,0.25,0.25,0.1,0.01732704031205277,0.03,31,0.0001,42,1024,257,265122,1.0,-4.999999999999974,-3.7359538704754756,0.252809225904901,2,100,100,False,nan,nan,nan,0.3268568019848317,0.9,330,True,-5.000000000000065,570.1200054378714,1019.0,993,20,False,0.0
10,0.1,0.5,0.5,0.05606159822354621,0.03,31,1e-06,42,1024,103,526398,1.0,-4.999999999999994,-5.000000000000005,2.3092638912203284e-15,103,5,100,True,4,109,100,0.105161237064749,1.0,122,True,-5.000000000000044,564.8694200210739,1019.0,975,20,True,1.22
10,0.1,0.5,0.5,0.05606159822354621,0.03,31,1e-07,42,1024,103,526398,1.0,-4.999999999999998,-5.000000000000011,2.4868995751603517e-15,103,5,100,True,4,118,96,0.13124752300791442,0.5,126,True,-5.000000000000014,571.6849085739814,1018.0,990,20,True,1.3125
10,0.1,0.5,0.8,0.05606159822354621,0.03,31,0.0001,42,1024,103,526398,1.0,-4.999999999999999,-4.99994106401928,1.1787196143764336e-05,102,100,100,True,4,109,99,2.7975175289902836,0.1,118,True,-5.000000000000032,551.6468929769471,1006.5,965,20,True,1.1919191919191918
10,0.25,0.1,0.1,0.01732704031205277,0.03,31,0.0001,42,1024,257,108198,1.0,-4.999999999999966,-3.499981383964329,0.30000372320712954,2,100,100,False,nan,nan,nan,0.25030482187867165,0.8,324,True,-5.000000000000068,534.7226944919676,1019.0,996,20,False,0.0
10,0.25,0.25,0.5,0.01732704031205277,0.03,31,1e-05,42,1024,257,265122,1.0,-4.999999999999991,-3.7359538704754756,0.25280922590490357,2,100,100,False,nan,nan,nan,0.32396052894182503,0.9,321,True,-5.000000000000066,499.62389303790405,1019.5,1008,20,False,0.0
10,0.25,0.5,0.1,0.01732704031205277,0.03,31,0.0001,42,1024,257,526466,1.0,-4.999999999999994,-3.896393154725153,0.22072136905496845,2,100,100,False,nan,nan,nan,0.4140401689801365,0.8,324,True,-5.000000000000043,595.599605581956,1015.5,996,20,False,0.0
10,0.25,0.25,0.5,0.01732704031205277,0.03,31,0.0001,42,1024,257,265122,1.0,-5.0000000000000036,-3.7359538704754756,0.2528092259049054,2,100,100,False,nan,nan,nan,0.32761092693544924,1.0,319,True,-5.000000000000049,507.49557293206453,1017.0,999,20,False,0.0
10,0.25,0.5,0.1,0.01732704031205277,0.03,31,1e-05,42,1024,257,526466,1.0,-5.0000000000000275,-3.896393154725153,0.22072136905497372,2,100,100,False,nan,nan,nan,0.412078371969983,0.3,323,True,-5.000000000000041,603.7316085570492,1018.5,1002,20,False,0.0
10,0.25,0.25,0.1,0.01732704031205277,0.03,31,1e-05,42,1024,257,265122,1.0,-5.000000000000015,-3.7359538704754756,0.2528092259049071,2,100,100,False,nan,nan,nan,0.3142528170719743,0.1,328,True,-5.000000000000057,527.9600235819817,1019.0,1005,20,False,0.0
10,0.25,0.5,0.8,0.01732704031205277,0.03,31,1e-07,42,1024,257,526466,1.0,-5.000000000000024,-3.89726226424114,0.2205475471517757,35,100,100,False,nan,nan,nan,1.165966821834445,0.1,315,True,-5.000000000000047,603.9560859538615,1018.0,997,20,False,0.0
10,0.25,0.1,0.1,0.01732704031205277,0.03,31,1e-05,42,1024,257,108198,1.0,-5.0,-3.499981383964329,0.30000372320713425,2,100,100,False,nan,nan,nan,0.25129053997807205,1.0,317,True,-5.000000000000039,534.982236034004,1021.0,1016,20,False,0.0
10,0.25,0.25,0.8,0.01732704031205277,0.03,31,1e-05,42,1024,257,265122,1.0,-5.000000000000007,-3.7359538704754756,0.25280922590490595,2,100,100,False,nan,nan,nan,0.3294003901537508,0.5,320,True,-5.00000000000003,547.3833939160686,1019.5,1008,20,False,0.0
10,0.25,0.25,0.8,0.01732704031205277,0.03,31,1e-07,42,1024,257,265122,1.0,-4.999999999999994,-3.7403447010260757,0.2519310597947839,91,100,100,False,nan,nan,nan,1.647358960006386,0.9,328,True,-5.000000000000051,547.0093970301095,1017.5,992,20,False,0.0
10,0.25,0.25,0.8,0.01732704031205277,0.03,31,0.0001,42,1024,257,265122,1.0,-5.000000000000036,-3.7359538704754756,0.25280922590491034,2,100,100,False,nan,nan,nan,0.3226611891295761,0.4,321,True,-5.000000000000041,556.528192026075,1017.5,1006,20,False,0.0
10,0.25,0.25,0.3,0.01732704031205277,0.03,31,1e-06,42,1024,257,265122,1.0,-5.000000000000014,-3.7359538704754756,0.252809225904907,2,100,100,False,nan,nan,nan,0.3259685169905424,0.9,324,True,-5.000000000000044,541.1575312949717,1018.5,1003,20,False,0.0
10,0.25,0.5,0.8,0.01732704031205277,0.03,31,0.0001,42,1024,257,526466,1.0,-5.0000000000000435,-3.896393154725153,0.2207213690549762,2,100,100,False,nan,nan,nan,0.43296442413702607,0.5,294,True,-5.000000000000048,612.915688817855,1021.5,1001,20,False,0.0
10,0.25,0.25,0.3,0.01732704031205277,0.03,31,1e-07,42,1024,257,265122,1.0,-5.000000000000025,-3.7403447010260757,0.2519310597947886,91,100,100,False,nan,nan,nan,1.5791832879185677,0.4,331,True,-5.000000000000034,540.190362530062,1017.0,1011,20,False,0.0
10,0.25,0.5,0.8,0.01732704031205277,0.03,31,1e-05,42,1024,257,526466,1.0,-5.000000000000018,-3.896393154725153,0.2207213690549722,2,100,100,False,nan,nan,nan,0.43998903408646584,0.2,307,True,-5.000000000000056,612.7254097349942,1018.5,1005,20,False,0.0
10,0.25,0.1,0.5,0.01732704031205277,0.03,31,1e-05,42,1024,257,108198,1.0,-5.0000000000000515,-3.499981383964329,0.30000372320714147,2,100,100,False,nan,nan,nan,0.24874963099136949,0.8,327,True,-5.000000000000082,598.2180380141363,1019.0,1008,20,False,0.0
10,0.25,0.5,0.8,0.01732704031205277,0.03,31,1e-06,42,1024,257,526466,1.0,-5.00000000000003,-3.896393154725153,0.22072136905497414,2,100,100,False,nan,nan,nan,0.4418149741832167,1.0,327,True,-5.000000000000057,614.0077895750292,1020.5,1009,20,False,0.0
10,0.25,0.25,0.3,0.01732704031205277,0.03,31,0.0001,42,1024,257,265122,1.0,-5.00000000000005,-3.7359538704754756,0.25280922590491234,2,100,100,False,nan,nan,nan,0.30518697295337915,0.9,309,True,-5.0000000000000355,537.5290870789904,1019.5,975,20,False,0.0
10,0.25,0.25,0.8,0.01732704031205277,0.03,31,1e-06,42,1024,257,265122,1.0,-4.999999999999998,-3.7359538704754756,0.2528092259049046,2,100,100,False,nan,nan,nan,0.3164710660930723,0.7,315,True,-5.000000000000066,570.4500672081485,1016.5,991,20,False,0.0
10,0.25,0.25,0.3,0.01732704031205277,0.03,31,1e-05,42,1024,257,265122,1.0,-4.999999999999981,-3.7359538704754756,0.2528092259049021,2,100,100,False,nan,nan,nan,0.31589018320664763,0.2,323,True,-5.000000000000059,535.8141285728198,1019.0,1007,20,False,0.0
10,0.25,0.5,0.1,0.01732704031205277,0.03,31,1e-06,42,1024,257,526466,1.0,-5.00000000000004,-3.896393154725153,0.22072136905497564,2,100,100,False,nan,nan,nan,0.44687367090955377,0.5,314,True,-5.000000000000085,641.4968579050619,1018.0,1010,20,False,0.0
10,0.25,0.5,0.1,0.01732704031205277,0.03,31,1e-07,42,1024,257,526466,1.0,-5.0000000000000515,-3.89726226424114,0.22054754715178002,35,100,100,False,nan,nan,nan,1.2485691129695624,0.9,316,True,-5.00000000000006,619.2259464331437,1019.0,1000,20,False,0.0
10,0.25,0.5,0.5,0.01732704031205277,0.03,31,1e-07,42,1024,257,526466,1.0,-5.000000000000028,-3.89726226424114,0.2205475471517764,35,100,100,False,nan,nan,nan,1.3049479541368783,0.9,322,True,-5.000000000000051,681.6571341769304,1014.5,995,20,False,0.0
