Hamiltonian_Index,Number_of_Sites,Dimensions,Delta,J,Bx,By,Bz,Ground_State_Density,Hamiltonian_Density,Gap,Overlap,Initial_State_Index,Algorithm,Budget,Budget_Fraction,Fidelity,Final_Pool_Size,Final_Pool_Fraction,Terminated_Early,Termination,T,N_Shots,Seed
1,12,1,0.0,0.494654,0.0,0.0,0.709254,0.05224609375,0.0029296875,0.0625073425032987,0.0005427892653527468,133,BARK,1,0.000244140625,0.0005427892653527468,220.0,0.0537109375,True,sector,,,3983188075
1,12,1,0.0,0.494654,0.0,0.0,0.709254,0.05224609375,0.0029296875,0.0625073425032987,0.0005427892653527468,133,BARK,2,0.00048828125,0.0007739603349123424,220.0,0.0537109375,True,sector,,,3983188075
1,12,1,0.0,0.494654,0.0,0.0,0.709254,0.05224609375,0.0029296875,0.0625073425032987,0.0005427892653527468,133,BARK,3,0.000732421875,0.0013901658352660391,220.0,0.0537109375,True,sector,,,3983188075
1,12,1,0.0,0.494654,0.0,0.0,0.709254,0.05224609375,0.0029296875,0.0625073425032987,0.0005427892653527468,133,BARK,4,0.0009765625,0.0031207660973493517,220.0,0.0537109375,True,sector,,,3983188075
1,12,1,0.0,0.494654,0.0,0.0,0.709254,0.05224609375,0.0029296875,0.0625073425032987,0.0005427892653527468,133,BARK,5,0.001220703125,0.005164457463800827,220.0,0.0537109375,True,sector,,,3983188075
1,12,1,0.0,0.494654,0.0,0.0,0.709254,0.05224609375,0.0029296875,0.0625073425032987,0.0005427892653527468,133,BARK,6,0.00146484375,0.0065134893525034265,220.0,0.0537109375,True,sector,,,3983188075
1,12,1,0.0,0.494654,0.0,0.0,0.709254,0.05224609375,0.0029296875,0.0625073425032987,0.0005427892653527468,133,BARK,8,0.001953125,0.008349972609547344,220.0,0.0537109375,True,sector,,,3983188075
1,12,1,0.0,0.494654,0.0,0.0,0.709254,0.05224609375,0.0029296875,0.0625073425032987,0.0005427892653527468,133,BARK,11,0.002685546875,0.00856003814927854,220.0,0.0537109375,True,sector,,,3983188075
1,12,1,0.0,0.494654,0.0,0.0,0.709254,0.05224609375,0.0029296875,0.0625073425032987,0.0005427892653527468,133,BARK,14,0.00341796875,0.007342736574327808,220.0,0.0537109375,True,sector,,,3983188075
1,12,1,0.0,0.494654,0.0,0.0,0.709254,0.05224609375,0.0029296875,0.0625073425032987,0.0005427892653527468,133,BARK,18,0.00439453125,0.006157398478034187,220.0,0.0537109375,True,sector,,,3983188075
1,12,1,0.0,0.494654,0.0,0.0,0.709254,0.05224609375,0.0029296875,0.0625073425032987,0.0005427892653527468,133,BARK,23,0.005615234375,0.01301793522060701,220.0,0.0537109375,True,sector,,,3983188075
1,12,1,0.0,0.494654,0.0,0.0,0.709254,0.05224609375,0.0029296875,0.0625073425032987,0.0005427892653527468,133,BARK,31,0.007568359375,0.024615369847213287,220.0,0.0537109375,True,sector,,,3983188075
1,12,1,0.0,0.494654,0.0,0.0,0.709254,0.05224609375,0.0029296875,0.0625073425032987,0.0005427892653527468,133,BARK,40,0.009765625,0.04689348623879131,220.0,0.0537109375,True,sector,,,3983188075
1,12,1,0.0,0.494654,0.0,0.0,0.709254,0.05224609375,0.0029296875,0.0625073425032987,0.0005427892653527468,133,BARK,52,0.0126953125,0.09261006567432199,220.0,0.0537109375,True,sector,,,3983188075
1,12,1,0.0,0.494654,0.0,0.0,0.709254,0.05224609375,0.0029296875,0.0625073425032987,0.0005427892653527468,133,BARK,67,0.016357421875,0.15437258516866692,220.0,0.0537109375,True,sector,,,3983188075
1,12,1,0.0,0.494654,0.0,0.0,0.709254,0.05224609375,0.0029296875,0.0625073425032987,0.0005427892653527468,133,BARK,87,0.021240234375,0.36551251250189604,220.0,0.0537109375,True,sector,,,3983188075
1,12,1,0.0,0.494654,0.0,0.0,0.709254,0.05224609375,0.0029296875,0.0625073425032987,0.0005427892653527468,133,BARK,114,0.02783203125,0.6627279031236833,220.0,0.0537109375,True,sector,,,3983188075
1,12,1,0.0,0.494654,0.0,0.0,0.709254,0.05224609375,0.0029296875,0.0625073425032987,0.0005427892653527468,133,BARK,148,0.0361328125,0.8703833010888821,220.0,0.0537109375,True,sector,,,3983188075
1,12,1,0.0,0.494654,0.0,0.0,0.709254,0.05224609375,0.0029296875,0.0625073425032987,0.0005427892653527468,133,BARK,192,0.046875,0.9879763565330727,220.0,0.0537109375,True,sector,,,3983188075
1,12,1,0.0,0.494654,0.0,0.0,0.709254,0.05224609375,0.0029296875,0.0625073425032987,0.0005427892653527468,133,BARK,250,0.06103515625,1.0000000000000013,220.0,0.0537109375,True,sector,,,3983188075
1,12,1,0.0,0.494654,0.0,0.0,0.709254,0.05224609375,0.0029296875,0.0625073425032987,0.0005427892653527468,133,BARK,325,0.079345703125,1.0000000000000013,220.0,0.0537109375,True,sector,,,3983188075
1,12,1,0.0,0.494654,0.0,0.0,0.709254,0.05224609375,0.0029296875,0.0625073425032987,0.0005427892653527468,133,BARK,423,0.103271484375,1.0000000000000013,220.0,0.0537109375,True,sector,,,3983188075
1,12,1,0.0,0.494654,0.0,0.0,0.709254,0.05224609375,0.0029296875,0.0625073425032987,0.0005427892653527468,133,BARK,550,0.13427734375,1.0000000000000013,220.0,0.0537109375,True,sector,,,3983188075
1,12,1,0.0,0.494654,0.0,0.0,0.709254,0.05224609375,0.0029296875,0.0625073425032987,0.0005427892653527468,133,BARK,715,0.174560546875,1.0000000000000013,220.0,0.0537109375,True,sector,,,3983188075
1,12,1,0.0,0.494654,0.0,0.0,0.709254,0.05224609375,0.0029296875,0.0625073425032987,0.0005427892653527468,133,BARK,931,0.227294921875,1.0000000000000013,220.0,0.0537109375,True,sector,,,3983188075
1,12,1,0.0,0.494654,0.0,0.0,0.709254,0.05224609375,0.0029296875,0.0625073425032987,0.0005427892653527468,133,BARK,1210,0.29541015625,1.0000000000000013,220.0,0.0537109375,True,sector,,,3983188075
1,12,1,0.0,0.494654,0.0,0.0,0.709254,0.05224609375,0.0029296875,0.0625073425032987,0.0005427892653527468,133,BARK,1575,0.384521484375,1.0000000000000013,220.0,0.0537109375,True,sector,,,3983188075
1,12,1,0.0,0.494654,0.0,0.0,0.709254,0.05224609375,0.0029296875,0.0625073425032987,0.0005427892653527468,133,BARK,2048,0.5,1.0000000000000013,220.0,0.0537109375,True,sector,,,3983188075
1,12,1,0.0,0.494654,0.0,0.0,0.709254,0.05224609375,0.0029296875,0.0625073425032987,0.0005427892653527468,133,Simplified BARK,1,0.000244140625,0.0005427892653527468,220.0,0.0537109375,True,sector,,,3983188075
1,12,1,0.0,0.494654,0.0,0.0,0.709254,0.05224609375,0.0029296875,0.0625073425032987,0.0005427892653527468,133,Simplified BARK,2,0.00048828125,0.0007739603349123424,220.0,0.0537109375,True,sector,,,3983188075
1,12,1,0.0,0.494654,0.0,0.0,0.709254,0.05224609375,0.0029296875,0.0625073425032987,0.0005427892653527468,133,Simplified BARK,3,0.000732421875,0.000756904433910968,220.0,0.0537109375,True,sector,,,3983188075
1,12,1,0.0,0.494654,0.0,0.0,0.709254,0.05224609375,0.0029296875,0.0625073425032987,0.0005427892653527468,133,Simplified BARK,4,0.0009765625,0.0006342495882299819,220.0,0.0537109375,True,sector,,,3983188075
1,12,1,0.0,0.494654,0.0,0.0,0.709254,0.05224609375,0.0029296875,0.0625073425032987,0.0005427892653527468,133,Simplified BARK,5,0.001220703125,0.0004925057967917715,220.0,0.0537109375,True,sector,,,3983188075
1,12,1,0.0,0.494654,0.0,0.0,0.709254,0.05224609375,0.0029296875,0.0625073425032987,0.0005427892653527468,133,Simplified BARK,6,0.00146484375,0.0003752148470360603,220.0,0.0537109375,True,sector,,,3983188075
1,12,1,0.0,0.494654,0.0,0.0,0.709254,0.05224609375,0.0029296875,0.0625073425032987,0.0005427892653527468,133,Simplified BARK,8,0.001953125,0.00015901428141050662,220.0,0.0537109375,True,sector,,,3983188075
1,12,1,0.0,0.494654,0.0,0.0,0.709254,0.05224609375,0.0029296875,0.0625073425032987,0.0005427892653527468,133,Simplified BARK,11,0.002685546875,0.00010991198388413473,220.0,0.0537109375,True,sector,,,3983188075
1,12,1,0.0,0.494654,0.0,0.0,0.709254,0.05224609375,0.0029296875,0.0625073425032987,0.0005427892653527468,133,Simplified BARK,14,0.00341796875,0.00017413139542243268,220.0,0.0537109375,True,sector,,,3983188075
1,12,1,0.0,0.494654,0.0,0.0,0.709254,0.05224609375,0.0029296875,0.0625073425032987,0.0005427892653527468,133,Simplified BARK,18,0.00439453125,0.0007557306090304057,220.0,0.0537109375,True,sector,,,3983188075
1,12,1,0.0,0.494654,0.0,0.0,0.709254,0.05224609375,0.0029296875,0.0625073425032987,0.0005427892653527468,133,Simplified BARK,23,0.005615234375,0.0013092123688643147,220.0,0.0537109375,True,sector,,,3983188075
1,12,1,0.0,0.494654,0.0,0.0,0.709254,0.05224609375,0.0029296875,0.0625073425032987,0.0005427892653527468,133,Simplified BARK,31,0.007568359375,0.007569699842840553,220.0,0.0537109375,True,sector,,,3983188075
1,12,1,0.0,0.494654,0.0,0.0,0.709254,0.05224609375,0.0029296875,0.0625073425032987,0.0005427892653527468,133,Simplified BARK,40,0.009765625,0.013787544767252356,220.0,0.0537109375,True,sector,,,3983188075
1,12,1,0.0,0.494654,0.0,0.0,0.709254,0.05224609375,0.0029296875,0.0625073425032987,0.0005427892653527468,133,Simplified BARK,52,0.0126953125,0.04942731191958327,220.0,0.0537109375,True,sector,,,3983188075
1,12,1,0.0,0.494654,0.0,0.0,0.709254,0.05224609375,0.0029296875,0.0625073425032987,0.0005427892653527468,133,Simplified BARK,67,0.016357421875,0.09352166583908697,220.0,0.0537109375,True,sector,,,3983188075
1,12,1,0.0,0.494654,0.0,0.0,0.709254,0.05224609375,0.0029296875,0.0625073425032987,0.0005427892653527468,133,Simplified BARK,87,0.021240234375,0.19423853130098934,220.0,0.0537109375,True,sector,,,3983188075
1,12,1,0.0,0.494654,0.0,0.0,0.709254,0.05224609375,0.0029296875,0.0625073425032987,0.0005427892653527468,133,Simplified BARK,114,0.02783203125,0.46340178883208855,220.0,0.0537109375,True,sector,,,3983188075
1,12,1,0.0,0.494654,0.0,0.0,0.709254,0.05224609375,0.0029296875,0.0625073425032987,0.0005427892653527468,133,Simplified BARK,148,0.0361328125,0.7710263935283576,220.0,0.0537109375,True,sector,,,3983188075
1,12,1,0.0,0.494654,0.0,0.0,0.709254,0.05224609375,0.0029296875,0.0625073425032987,0.0005427892653527468,133,Simplified BARK,192,0.046875,0.9691272173447819,220.0,0.0537109375,True,sector,,,3983188075
1,12,1,0.0,0.494654,0.0,0.0,0.709254,0.05224609375,0.0029296875,0.0625073425032987,0.0005427892653527468,133,Simplified BARK,250,0.06103515625,1.0000000000000009,220.0,0.0537109375,True,sector,,,3983188075
1,12,1,0.0,0.494654,0.0,0.0,0.709254,0.05224609375,0.0029296875,0.0625073425032987,0.0005427892653527468,133,Simplified BARK,325,0.079345703125,1.0000000000000009,220.0,0.0537109375,True,sector,,,3983188075
1,12,1,0.0,0.494654,0.0,0.0,0.709254,0.05224609375,0.0029296875,0.0625073425032987,0.0005427892653527468,133,Simplified BARK,423,0.103271484375,1.0000000000000009,220.0,0.0537109375,True,sector,,,3983188075
1,12,1,0.0,0.494654,0.0,0.0,0.709254,0.05224609375,0.0029296875,0.0625073425032987,0.0005427892653527468,133,Simplified BARK,550,0.13427734375,1.0000000000000009,220.0,0.0537109375,True,sector,,,3983188075
1,12,1,0.0,0.494654,0.0,0.0,0.709254,0.05224609375,0.0029296875,0.0625073425032987,0.0005427892653527468,133,Simplified BARK,715,0.174560546875,1.0000000000000009,220.0,0.0537109375,True,sector,,,3983188075
1,12,1,0.0,0.494654,0.0,0.0,0.709254,0.05224609375,0.0029296875,0.0625073425032987,0.0005427892653527468,133,Simplified BARK,931,0.227294921875,1.0000000000000009,220.0,0.0537109375,True,sector,,,3983188075
1,12,1,0.0,0.494654,0.0,0.0,0.709254,0.05224609375,0.0029296875,0.0625073425032987,0.0005427892653527468,133,Simplified BARK,1210,0.29541015625,1.0000000000000009,220.0,0.0537109375,True,sector,,,3983188075
1,12,1,0.0,0.494654,0.0,0.0,0.709254,0.05224609375,0.0029296875,0.0625073425032987,0.0005427892653527468,133,Simplified BARK,1575,0.384521484375,1.0000000000000009,220.0,0.0537109375,True,sector,,,3983188075
1,12,1,0.0,0.494654,0.0,0.0,0.709254,0.05224609375,0.0029296875,0.0625073425032987,0.0005427892653527468,133,Simplified BARK,2048,0.5,1.0000000000000009,220.0,0.0537109375,True,sector,,,3983188075
1,12,1,0.0,0.494654,0.0,0.0,0.709254,0.05224609375,0.0029296875,0.0625073425032987,0.0005427892653527468,133,SKQD,1,0.000244140625,0.0005427892653527468,220.0,0.0537109375,True,converged;converged;converged,0.02,300.0,3983188075
1,12,1,0.0,0.494654,0.0,0.0,0.709254,0.05224609375,0.0029296875,0.0625073425032987,0.0005427892653527468,133,SKQD,2,0.00048828125,0.0011096985000646614,220.0,0.0537109375,True,converged;converged;converged,0.02,300.0,3983188075
1,12,1,0.0,0.494654,0.0,0.0,0.709254,0.05224609375,0.0029296875,0.0625073425032987,0.0005427892653527468,133,SKQD,3,0.000732421875,0.001067361377584213,220.0,0.0537109375,True,converged;converged;converged,0.02,300.0,3983188075
1,12,1,0.0,0.494654,0.0,0.0,0.709254,0.05224609375,0.0029296875,0.0625073425032987,0.0005427892653527468,133,SKQD,4,0.0009765625,0.0019074227384537565,220.0,0.0537109375,True,converged;converged;converged,0.02,300.0,3983188075
1,12,1,0.0,0.494654,0.0,0.0,0.709254,0.05224609375,0.0029296875,0.0625073425032987,0.0005427892653527468,133,SKQD,5,0.001220703125,0.0019074227384537565,220.0,0.0537109375,True,converged;converged;converged,0.02,300.0,3983188075
1,12,1,0.0,0.494654,0.0,0.0,0.709254,0.05224609375,0.0029296875,0.0625073425032987,0.0005427892653527468,133,SKQD,6,0.00146484375,0.003009289137509127,220.0,0.0537109375,True,converged;converged;converged,0.02,300.0,3983188075
1,12,1,0.0,0.494654,0.0,0.0,0.709254,0.05224609375,0.0029296875,0.0625073425032987,0.0005427892653527468,133,SKQD,8,0.001953125,0.0059340052753151995,220.0,0.0537109375,True,converged;converged;converged,0.02,300.0,3983188075
1,12,1,0.0,0.494654,0.0,0.0,0.709254,0.05224609375,0.0029296875,0.0625073425032987,0.0005427892653527468,133,SKQD,11,0.002685546875,0.006358296162874254,220.0,0.0537109375,True,converged;converged;converged,0.02,300.0,3983188075
1,12,1,0.0,0.494654,0.0,0.0,0.709254,0.05224609375,0.0029296875,0.0625073425032987,0.0005427892653527468,133,SKQD,14,0.00341796875,0.009099957089824718,220.0,0.0537109375,True,converged;converged;converged,0.02,300.0,3983188075
1,12,1,0.0,0.494654,0.0,0.0,0.709254,0.05224609375,0.0029296875,0.0625073425032987,0.0005427892653527468,133,SKQD,18,0.00439453125,0.015845012048310753,220.0,0.0537109375,True,converged;converged;converged,0.02,300.0,3983188075
1,12,1,0.0,0.494654,0.0,0.0,0.709254,0.05224609375,0.0029296875,0.0625073425032987,0.0005427892653527468,133,SKQD,23,0.005615234375,0.02130288600361825,220.0,0.0537109375,True,converged;converged;converged,0.02,300.0,3983188075
1,12,1,0.0,0.494654,0.0,0.0,0.709254,0.05224609375,0.0029296875,0.0625073425032987,0.0005427892653527468,133,SKQD,31,0.007568359375,0.034249177549120685,220.0,0.0537109375,True,converged;converged;converged,0.02,300.0,3983188075
1,12,1,0.0,0.494654,0.0,0.0,0.709254,0.05224609375,0.0029296875,0.0625073425032987,0.0005427892653527468,133,SKQD,40,0.009765625,0.05363947354434944,220.0,0.0537109375,True,converged;converged;converged,0.02,300.0,3983188075
1,12,1,0.0,0.494654,0.0,0.0,0.709254,0.05224609375,0.0029296875,0.0625073425032987,0.0005427892653527468,133,SKQD,52,0.0126953125,0.08203378298582342,220.0,0.0537109375,True,converged;converged;converged,0.02,300.0,3983188075
1,12,1,0.0,0.494654,0.0,0.0,0.709254,0.05224609375,0.0029296875,0.0625073425032987,0.0005427892653527468,133,SKQD,67,0.016357421875,0.1404433591498552,220.0,0.0537109375,True,converged;converged;converged,0.02,300.0,3983188075
1,12,1,0.0,0.494654,0.0,0.0,0.709254,0.05224609375,0.0029296875,0.0625073425032987,0.0005427892653527468,133,SKQD,87,0.021240234375,0.2503374207965853,220.0,0.0537109375,True,converged;converged;converged,0.02,300.0,3983188075
1,12,1,0.0,0.494654,0.0,0.0,0.709254,0.05224609375,0.0029296875,0.0625073425032987,0.0005427892653527468,133,SKQD,114,0.02783203125,0.489281953539348,220.0,0.0537109375,True,converged;converged;converged,0.02,300.0,3983188075
1,12,1,0.0,0.494654,0.0,0.0,0.709254,0.05224609375,0.0029296875,0.0625073425032987,0.0005427892653527468,133,SKQD,148,0.0361328125,0.7785590662074405,220.0,0.0537109375,True,converged;converged;converged,0.02,300.0,3983188075
1,12,1,0.0,0.494654,0.0,0.0,0.709254,0.05224609375,0.0029296875,0.0625073425032987,0.0005427892653527468,133,SKQD,192,0.046875,0.9678227755991311,220.0,0.0537109375,True,converged;converged;converged,0.02,300.0,3983188075
1,12,1,0.0,0.494654,0.0,0.0,0.709254,0.05224609375,0.0029296875,0.0625073425032987,0.0005427892653527468,133,SKQD,250,0.06103515625,1.0000000000000004,220.0,0.0537109375,True,converged;converged;converged,0.02,300.0,3983188075
1,12,1,0.0,0.494654,0.0,0.0,0.709254,0.05224609375,0.0029296875,0.0625073425032987,0.0005427892653527468,133,SKQD,325,0.079345703125,1.0000000000000004,220.0,0.0537109375,True,converged;converged;converged,0.02,300.0,3983188075
1,12,1,0.0,0.494654,0.0,0.0,0.709254,0.05224609375,0.0029296875,0.0625073425032987,0.0005427892653527468,133,SKQD,423,0.103271484375,1.0000000000000004,220.0,0.0537109375,True,converged;converged;converged,0.02,300.0,3983188075
1,12,1,0.0,0.494654,0.0,0.0,0.709254,0.05224609375,0.0029296875,0.0625073425032987,0.0005427892653527468,133,SKQD,550,0.13427734375,1.0000000000000004,220.0,0.0537109375,True,converged;converged;converged,0.02,300.0,3983188075
1,12,1,0.0,0.494654,0.0,0.0,0.709254,0.05224609375,0.0029296875,0.0625073425032987,0.0005427892653527468,133,SKQD,715,0.174560546875,1.0000000000000004,220.0,0.0537109375,True,converged;converged;converged,0.02,300.0,3983188075
1,12,1,0.0,0.494654,0.0,0.0,0.709254,0.05224609375,0.0029296875,0.0625073425032987,0.0005427892653527468,133,SKQD,931,0.227294921875,1.0000000000000004,220.0,0.0537109375,True,converged;converged;converged,0.02,300.0,3983188075
1,12,1,0.0,0.494654,0.0,0.0,0.709254,0.05224609375,0.0029296875,0.0625073425032987,0.0005427892653527468,133,SKQD,1210,0.29541015625,1.0000000000000004,220.0,0.0537109375,True,converged;converged;converged,0.02,300.0,3983188075
1,12,1,0.0,0.494654,0.0,0.0,0.709254,0.05224609375,0.0029296875,0.0625073425032987,0.0005427892653527468,133,SKQD,1575,0.384521484375,1.0000000000000004,220.0,0.0537109375,True,converged;converged;converged,0.02,300.0,3983188075
1,12,1,0.0,0.494654,0.0,0.0,0.709254,0.05224609375,0.0029296875,0.0625073425032987,0.0005427892653527468,133,SKQD,2048,0.5,1.0000000000000004,220.0,0.0537109375,True,converged;converged;converged,0.02,300.0,3983188075
1,12,1,0.0,0.494654,0.0,0.0,0.709254,0.05224609375,0.0029296875,0.0625073425032987,0.0005427892653527468,133,Ceiling,1,0.000244140625,0.02964050737645611,2048.0,0.5,False,,,,3983188075
1,12,1,0.0,0.494654,0.0,0.0,0.709254,0.05224609375,0.0029296875,0.0625073425032987,0.0005427892653527468,133,Ceiling,2,0.00048828125,0.05928101475291217,2048.0,0.5,False,,,,3983188075
1,12,1,0.0,0.494654,0.0,0.0,0.709254,0.05224609375,0.0029296875,0.0625073425032987,0.0005427892653527468,133,Ceiling,3,0.000732421875,0.0850124962948804,2048.0,0.5,False,,,,3983188075
1,12,1,0.0,0.494654,0.0,0.0,0.709254,0.05224609375,0.0029296875,0.0625073425032987,0.0005427892653527468,133,Ceiling,4,0.0009765625,0.11074397783684857,2048.0,0.5,False,,,,3983188075
1,12,1,0.0,0.494654,0.0,0.0,0.709254,0.05224609375,0.0029296875,0.0625073425032987,0.0005427892653527468,133,Ceiling,5,0.001220703125,0.13398309518297133,2048.0,0.5,False,,,,3983188075
1,12,1,0.0,0.494654,0.0,0.0,0.709254,0.05224609375,0.0029296875,0.0625073425032987,0.0005427892653527468,133,Ceiling,6,0.00146484375,0.15722221252909407,2048.0,0.5,False,,,,3983188075
1,12,1,0.0,0.494654,0.0,0.0,0.709254,0.05224609375,0.0029296875,0.0625073425032987,0.0005427892653527468,133,Ceiling,8,0.001953125,0.2015621296661774,2048.0,0.5,False,,,,3983188075
1,12,1,0.0,0.494654,0.0,0.0,0.709254,0.05224609375,0.0029296875,0.0625073425032987,0.0005427892653527468,133,Ceiling,11,0.002685546875,0.2610367590088432,2048.0,0.5,False,,,,3983188075
1,12,1,0.0,0.494654,0.0,0.0,0.709254,0.05224609375,0.0029296875,0.0625073425032987,0.0005427892653527468,133,Ceiling,14,0.00341796875,0.31659528343449245,2048.0,0.5,False,,,,3983188075
1,12,1,0.0,0.494654,0.0,0.0,0.709254,0.05224609375,0.0029296875,0.0625073425032987,0.0005427892653527468,133,Ceiling,18,0.00439453125,0.3853643482058877,2048.0,0.5,False,,,,3983188075
1,12,1,0.0,0.494654,0.0,0.0,0.709254,0.05224609375,0.0029296875,0.0625073425032987,0.0005427892653527468,133,Ceiling,23,0.005615234375,0.4582398582498838,2048.0,0.5,False,,,,3983188075
1,12,1,0.0,0.494654,0.0,0.0,0.709254,0.05224609375,0.0029296875,0.0625073425032987,0.0005427892653527468,133,Ceiling,31,0.007568359375,0.5580082961372026,2048.0,0.5,False,,,,3983188075
1,12,1,0.0,0.494654,0.0,0.0,0.709254,0.05224609375,0.0029296875,0.0625073425032987,0.0005427892653527468,133,Ceiling,40,0.009765625,0.6367049395209009,2048.0,0.5,False,,,,3983188075
1,12,1,0.0,0.494654,0.0,0.0,0.709254,0.05224609375,0.0029296875,0.0625073425032987,0.0005427892653527468,133,Ceiling,52,0.0126953125,0.7220310831211167,2048.0,0.5,False,,,,3983188075
1,12,1,0.0,0.494654,0.0,0.0,0.709254,0.05224609375,0.0029296875,0.0625073425032987,0.0005427892653527468,133,Ceiling,67,0.016357421875,0.8036798825454115,2048.0,0.5,False,,,,3983188075
1,12,1,0.0,0.494654,0.0,0.0,0.709254,0.05224609375,0.0029296875,0.0625073425032987,0.0005427892653527468,133,Ceiling,87,0.021240234375,0.8829277023622185,2048.0,0.5,False,,,,3983188075
1,12,1,0.0,0.494654,0.0,0.0,0.709254,0.05224609375,0.0029296875,0.0625073425032987,0.0005427892653527468,133,Ceiling,114,0.02783203125,0.9496421456844544,2048.0,0.5,False,,,,3983188075
1,12,1,0.0,0.494654,0.0,0.0,0.709254,0.05224609375,0.0029296875,0.0625073425032987,0.0005427892653527468,133,Ceiling,148,0.0361328125,0.9869192539376296,2048.0,0.5,False,,,,3983188075
1,12,1,0.0,0.494654,0.0,0.0,0.709254,0.05224609375,0.0029296875,0.0625073425032987,0.0005427892653527468,133,Ceiling,192,0.046875,0.9995832330174659,2048.0,0.5,False,,,,3983188075
1,12,1,0.0,0.494654,0.0,0.0,0.709254,0.05224609375,0.0029296875,0.0625073425032987,0.0005427892653527468,133,Ceiling,250,0.06103515625,1.0000000000000013,2048.0,0.5,False,,,,3983188075
1,12,1,0.0,0.494654,0.0,0.0,0.709254,0.05224609375,0.0029296875,0.0625073425032987,0.0005427892653527468,133,Ceiling,325,0.079345703125,1.0000000000000013,2048.0,0.5,False,,,,3983188075
1,12,1,0.0,0.494654,0.0,0.0,0.709254,0.05224609375,0.0029296875,0.0625073425032987,0.0005427892653527468,133,Ceiling,423,0.103271484375,1.0000000000000013,2048.0,0.5,False,,,,3983188075
1,12,1,0.0,0.494654,0.0,0.0,0.709254,0.05224609375,0.0029296875,0.0625073425032987,0.0005427892653527468,133,Ceiling,550,0.13427734375,1.0000000000000013,2048.0,0.5,False,,,,3983188075
1,12,1,0.0,0.494654,0.0,0.0,0.709254,0.05224609375,0.0029296875,0.0625073425032987,0.0005427892653527468,133,Ceiling,715,0.174560546875,1.0000000000000013,2048.0,0.5,False,,,,3983188075
1,12,1,0.0,0.494654,0.0,0.0,0.709254,0.05224609375,0.0029296875,0.0625073425032987,0.0005427892653527468,133,Ceiling,931,0.227294921875,1.0000000000000013,2048.0,0.5,False,,,,3983188075
1,12,1,0.0,0.494654,0.0,0.0,0.709254,0.05224609375,0.0029296875,0.0625073425032987,0.0005427892653527468,133,Ceiling,1210,0.29541015625,1.0000000000000013,2048.0,0.5,False,,,,3983188075
1,12,1,0.0,0.494654,0.0,0.0,0.709254,0.05224609375,0.0029296875,0.0625073425032987,0.0005427892653527468,133,Ceiling,1575,0.384521484375,1.0000000000000013,2048.0,0.5,False,,,,3983188075
1,12,1,0.0,0.494654,0.0,0.0,0.709254,0.05224609375,0.0029296875,0.0625073425032987,0.0005427892653527468,133,Ceiling,2048,0.5,1.0000000000000013,2048.0,0.5,False,,,,3983188075
1,12,1,0.0,0.494654,0.0,0.0,0.709254,0.05224609375,0.0029296875,0.0625073425032987,9.220990237701763e-07,1792,BARK,1,0.000244140625,9.220990237701763e-07,220.0,0.0537109375,True,sector,,,3983188075
1,12,1,0.0,0.494654,0.0,0.0,0.709254,0.05224609375,0.0029296875,0.0625073425032987,9.220990237701763e-07,1792,BARK,2,0.00048828125,1.2219235360741666e-05,220.0,0.0537109375,True,sector,,,3983188075
1,12,1,0.0,0.494654,0.0,0.0,0.709254,0.05224609375,0.0029296875,0.0625073425032987,9.220990237701763e-07,1792,BARK,3,0.000732421875,4.09745094335956e-05,220.0,0.0537109375,True,sector,,,3983188075
1,12,1,0.0,0.494654,0.0,0.0,0.709254,0.05224609375,0.0029296875,0.0625073425032987,9.220990237701763e-07,1792,BARK,4,0.0009765625,6.204598981087865e-05,220.0,0.0537109375,True,sector,,,3983188075
1,12,1,0.0,0.494654,0.0,0.0,0.709254,0.05224609375,0.0029296875,0.0625073425032987,9.220990237701763e-07,1792,BARK,5,0.001220703125,0.00013342315510484322,220.0,0.0537109375,True,sector,,,3983188075
1,12,1,0.0,0.494654,0.0,0.0,0.709254,0.05224609375,0.0029296875,0.0625073425032987,9.220990237701763e-07,1792,BARK,6,0.00146484375,0.0004333667062861392,220.0,0.0537109375,True,sector,,,3983188075
1,12,1,0.0,0.494654,0.0,0.0,0.709254,0.05224609375,0.0029296875,0.0625073425032987,9.220990237701763e-07,1792,BARK,8,0.001953125,0.000599378305722712,220.0,0.0537109375,True,sector,,,3983188075
1,12,1,0.0,0.494654,0.0,0.0,0.709254,0.05224609375,0.0029296875,0.0625073425032987,9.220990237701763e-07,1792,BARK,11,0.002685546875,0.00047008967749930127,220.0,0.0537109375,True,sector,,,3983188075
1,12,1,0.0,0.494654,0.0,0.0,0.709254,0.05224609375,0.0029296875,0.0625073425032987,9.220990237701763e-07,1792,BARK,14,0.00341796875,0.00037827322038690804,220.0,0.0537109375,True,sector,,,3983188075
1,12,1,0.0,0.494654,0.0,0.0,0.709254,0.05224609375,0.0029296875,0.0625073425032987,9.220990237701763e-07,1792,BARK,18,0.00439453125,0.001628344796905224,220.0,0.0537109375,True,sector,,,3983188075
1,12,1,0.0,0.494654,0.0,0.0,0.709254,0.05224609375,0.0029296875,0.0625073425032987,9.220990237701763e-07,1792,BARK,23,0.005615234375,0.005698519471030185,220.0,0.0537109375,True,sector,,,3983188075
1,12,1,0.0,0.494654,0.0,0.0,0.709254,0.05224609375,0.0029296875,0.0625073425032987,9.220990237701763e-07,1792,BARK,31,0.007568359375,0.018056322391398722,220.0,0.0537109375,True,sector,,,3983188075
1,12,1,0.0,0.494654,0.0,0.0,0.709254,0.05224609375,0.0029296875,0.0625073425032987,9.220990237701763e-07,1792,BARK,40,0.009765625,0.02331258197723844,220.0,0.0537109375,True,sector,,,3983188075
1,12,1,0.0,0.494654,0.0,0.0,0.709254,0.05224609375,0.0029296875,0.0625073425032987,9.220990237701763e-07,1792,BARK,52,0.0126953125,0.052894618542332315,220.0,0.0537109375,True,sector,,,3983188075
1,12,1,0.0,0.494654,0.0,0.0,0.709254,0.05224609375,0.0029296875,0.0625073425032987,9.220990237701763e-07,1792,BARK,67,0.016357421875,0.1693612025679238,220.0,0.0537109375,True,sector,,,3983188075
1,12,1,0.0,0.494654,0.0,0.0,0.709254,0.05224609375,0.0029296875,0.0625073425032987,9.220990237701763e-07,1792,BARK,87,0.021240234375,0.20940044343733716,220.0,0.0537109375,True,sector,,,3983188075
1,12,1,0.0,0.494654,0.0,0.0,0.709254,0.05224609375,0.0029296875,0.0625073425032987,9.220990237701763e-07,1792,BARK,114,0.02783203125,0.4570122012488985,220.0,0.0537109375,True,sector,,,3983188075
1,12,1,0.0,0.494654,0.0,0.0,0.709254,0.05224609375,0.0029296875,0.0625073425032987,9.220990237701763e-07,1792,BARK,148,0.0361328125,0.8000974738234236,220.0,0.0537109375,True,sector,,,3983188075
1,12,1,0.0,0.494654,0.0,0.0,0.709254,0.05224609375,0.0029296875,0.0625073425032987,9.220990237701763e-07,1792,BARK,192,0.046875,0.9835525241539547,220.0,0.0537109375,True,sector,,,3983188075
1,12,1,0.0,0.494654,0.0,0.0,0.709254,0.05224609375,0.0029296875,0.0625073425032987,9.220990237701763e-07,1792,BARK,250,0.06103515625,1.0000000000000018,220.0,0.0537109375,True,sector,,,3983188075
1,12,1,0.0,0.494654,0.0,0.0,0.709254,0.05224609375,0.0029296875,0.0625073425032987,9.220990237701763e-07,1792,BARK,325,0.079345703125,1.0000000000000018,220.0,0.0537109375,True,sector,,,3983188075
1,12,1,0.0,0.494654,0.0,0.0,0.709254,0.05224609375,0.0029296875,0.0625073425032987,9.220990237701763e-07,1792,BARK,423,0.103271484375,1.0000000000000018,220.0,0.0537109375,True,sector,,,3983188075
1,12,1,0.0,0.494654,0.0,0.0,0.709254,0.05224609375,0.0029296875,0.0625073425032987,9.220990237701763e-07,1792,BARK,550,0.13427734375,1.0000000000000018,220.0,0.0537109375,True,sector,,,3983188075
1,12,1,0.0,0.494654,0.0,0.0,0.709254,0.05224609375,0.0029296875,0.0625073425032987,9.220990237701763e-07,1792,BARK,715,0.174560546875,1.0000000000000018,220.0,0.0537109375,True,sector,,,3983188075
1,12,1,0.0,0.494654,0.0,0.0,0.709254,0.05224609375,0.0029296875,0.0625073425032987,9.220990237701763e-07,1792,BARK,931,0.227294921875,1.0000000000000018,220.0,0.0537109375,True,sector,,,3983188075
1,12,1,0.0,0.494654,0.0,0.0,0.709254,0.05224609375,0.0029296875,0.0625073425032987,9.220990237701763e-07,1792,BARK,1210,0.29541015625,1.0000000000000018,220.0,0.0537109375,True,sector,,,3983188075
1,12,1,0.0,0.494654,0.0,0.0,0.709254,0.05224609375,0.0029296875,0.0625073425032987,9.220990237701763e-07,1792,BARK,1575,0.384521484375,1.0000000000000018,220.0,0.0537109375,True,sector,,,3983188075
1,12,1,0.0,0.494654,0.0,0.0,0.709254,0.05224609375,0.0029296875,0.0625073425032987,9.220990237701763e-07,1792,BARK,2048,0.5,1.0000000000000018,220.0,0.0537109375,True,sector,,,3983188075
1,12,1,0.0,0.494654,0.0,0.0,0.709254,0.05224609375,0.0029296875,0.0625073425032987,9.220990237701763e-07,1792,Simplified BARK,1,0.000244140625,9.220990237701763e-07,220.0,0.0537109375,True,sector,,,3983188075
1,12,1,0.0,0.494654,0.0,0.0,0.709254,0.05224609375,0.0029296875,0.0625073425032987,9.220990237701763e-07,1792,Simplified BARK,2,0.00048828125,1.2219235360741666e-05,220.0,0.0537109375,True,sector,,,3983188075
1,12,1,0.0,0.494654,0.0,0.0,0.709254,0.05224609375,0.0029296875,0.0625073425032987,9.220990237701763e-07,1792,Simplified BARK,3,0.000732421875,4.09745094335956e-05,220.0,0.0537109375,True,sector,,,3983188075
1,12,1,0.0,0.494654,0.0,0.0,0.709254,0.05224609375,0.0029296875,0.0625073425032987,9.220990237701763e-07,1792,Simplified BARK,4,0.0009765625,6.204598981087865e-05,220.0,0.0537109375,True,sector,,,3983188075
1,12,1,0.0,0.494654,0.0,0.0,0.709254,0.05224609375,0.0029296875,0.0625073425032987,9.220990237701763e-07,1792,Simplified BARK,5,0.001220703125,0.00013342315510484322,220.0,0.0537109375,True,sector,,,3983188075
1,12,1,0.0,0.494654,0.0,0.0,0.709254,0.05224609375,0.0029296875,0.0625073425032987,9.220990237701763e-07,1792,Simplified BARK,6,0.00146484375,0.00027566528330508075,220.0,0.0537109375,True,sector,,,3983188075
1,12,1,0.0,0.494654,0.0,0.0,0.709254,0.05224609375,0.0029296875,0.0625073425032987,9.220990237701763e-07,1792,Simplified BARK,8,0.001953125,0.0006483841378182647,220.0,0.0537109375,True,sector,,,3983188075
1,12,1,0.0,0.494654,0.0,0.0,0.709254,0.05224609375,0.0029296875,0.0625073425032987,9.220990237701763e-07,1792,Simplified BARK,11,0.002685546875,0.0018457240687977541,220.0,0.0537109375,True,sector,,,3983188075
1,12,1,0.0,0.494654,0.0,0.0,0.709254,0.05224609375,0.0029296875,0.0625073425032987,9.220990237701763e-07,1792,Simplified BARK,14,0.00341796875,0.0035330056564198136,220.0,0.0537109375,True,sector,,,3983188075
1,12,1,0.0,0.494654,0.0,0.0,0.709254,0.05224609375,0.0029296875,0.0625073425032987,9.220990237701763e-07,1792,Simplified BARK,18,0.00439453125,0.005350156116938936,220.0,0.0537109375,True,sector,,,3983188075
1,12,1,0.0,0.494654,0.0,0.0,0.709254,0.05224609375,0.0029296875,0.0625073425032987,9.220990237701763e-07,1792,Simplified BARK,23,0.005615234375,0.005627080080308169,220.0,0.0537109375,True,sector,,,3983188075
1,12,1,0.0,0.494654,0.0,0.0,0.709254,0.05224609375,0.0029296875,0.0625073425032987,9.220990237701763e-07,1792,Simplified BARK,31,0.007568359375,0.00018760201577572072,220.0,0.0537109375,True,sector,,,3983188075
1,12,1,0.0,0.494654,0.0,0.0,0.709254,0.05224609375,0.0029296875,0.0625073425032987,9.220990237701763e-07,1792,Simplified BARK,40,0.009765625,0.002809991383830515,220.0,0.0537109375,True,sector,,,3983188075
1,12,1,0.0,0.494654,0.0,0.0,0.709254,0.05224609375,0.0029296875,0.0625073425032987,9.220990237701763e-07,1792,Simplified BARK,52,0.0126953125,0.013811695262491612,220.0,0.0537109375,True,sector,,,3983188075
1,12,1,0.0,0.494654,0.0,0.0,0.709254,0.05224609375,0.0029296875,0.0625073425032987,9.220990237701763e-07,1792,Simplified BARK,67,0.016357421875,0.05480383713238941,220.0,0.0537109375,True,sector,,,3983188075
1,12,1,0.0,0.494654,0.0,0.0,0.709254,0.05224609375,0.0029296875,0.0625073425032987,9.220990237701763e-07,1792,Simplified BARK,87,0.021240234375,0.1840239516045785,220.0,0.0537109375,True,sector,,,3983188075
1,12,1,0.0,0.494654,0.0,0.0,0.709254,0.05224609375,0.0029296875,0.0625073425032987,9.220990237701763e-07,1792,Simplified BARK,114,0.02783203125,0.4335971790107444,220.0,0.0537109375,True,sector,,,3983188075
1,12,1,0.0,0.494654,0.0,0.0,0.709254,0.05224609375,0.0029296875,0.0625073425032987,9.220990237701763e-07,1792,Simplified BARK,148,0.0361328125,0.7523381909257016,220.0,0.0537109375,True,sector,,,3983188075
1,12,1,0.0,0.494654,0.0,0.0,0.709254,0.05224609375,0.0029296875,0.0625073425032987,9.220990237701763e-07,1792,Simplified BARK,192,0.046875,0.9691272173447812,220.0,0.0537109375,True,sector,,,3983188075
1,12,1,0.0,0.494654,0.0,0.0,0.709254,0.05224609375,0.0029296875,0.0625073425032987,9.220990237701763e-07,1792,Simplified BARK,250,0.06103515625,1.0000000000000009,220.0,0.0537109375,True,sector,,,3983188075
1,12,1,0.0,0.494654,0.0,0.0,0.709254,0.05224609375,0.0029296875,0.0625073425032987,9.220990237701763e-07,1792,Simplified BARK,325,0.079345703125,1.0000000000000009,220.0,0.0537109375,True,sector,,,3983188075
1,12,1,0.0,0.494654,0.0,0.0,0.709254,0.05224609375,0.0029296875,0.0625073425032987,9.220990237701763e-07,1792,Simplified BARK,423,0.103271484375,1.0000000000000009,220.0,0.0537109375,True,sector,,,3983188075
1,12,1,0.0,0.494654,0.0,0.0,0.709254,0.05224609375,0.0029296875,0.0625073425032987,9.220990237701763e-07,1792,Simplified BARK,550,0.13427734375,1.0000000000000009,220.0,0.0537109375,True,sector,,,3983188075
1,12,1,0.0,0.494654,0.0,0.0,0.709254,0.05224609375,0.0029296875,0.0625073425032987,9.220990237701763e-07,1792,Simplified BARK,715,0.174560546875,1.0000000000000009,220.0,0.0537109375,True,sector,,,3983188075
1,12,1,0.0,0.494654,0.0,0.0,0.709254,0.05224609375,0.0029296875,0.0625073425032987,9.220990237701763e-07,1792,Simplified BARK,931,0.227294921875,1.0000000000000009,220.0,0.0537109375,True,sector,,,3983188075
1,12,1,0.0,0.494654,0.0,0.0,0.709254,0.05224609375,0.0029296875,0.0625073425032987,9.220990237701763e-07,1792,Simplified BARK,1210,0.29541015625,1.0000000000000009,220.0,0.0537109375,True,sector,,,3983188075
1,12,1,0.0,0.494654,0.0,0.0,0.709254,0.05224609375,0.0029296875,0.0625073425032987,9.220990237701763e-07,1792,Simplified BARK,1575,0.384521484375,1.0000000000000009,220.0,0.0537109375,True,sector,,,3983188075
1,12,1,0.0,0.494654,0.0,0.0,0.709254,0.05224609375,0.0029296875,0.0625073425032987,9.220990237701763e-07,1792,Simplified BARK,2048,0.5,1.0000000000000009,220.0,0.0537109375,True,sector,,,3983188075
1,12,1,0.0,0.494654,0.0,0.0,0.709254,0.05224609375,0.0029296875,0.0625073425032987,9.220990237701763e-07,1792,SKQD,1,0.000244140625,9.220990237701764e-07,220.0,0.0537109375,True,converged;converged;converged,0.02,1000.0,3983188075
1,12,1,0.0,0.494654,0.0,0.0,0.709254,0.05224609375,0.0029296875,0.0625073425032987,9.220990237701763e-07,1792,SKQD,2,0.00048828125,8.453523248417837e-06,220.0,0.0537109375,True,converged;converged;converged,0.02,1000.0,3983188075
1,12,1,0.0,0.494654,0.0,0.0,0.709254,0.05224609375,0.0029296875,0.0625073425032987,9.220990237701763e-07,1792,SKQD,3,0.000732421875,1.0114915288615284e-05,220.0,0.0537109375,True,converged;converged;converged,0.02,1000.0,3983188075
1,12,1,0.0,0.494654,0.0,0.0,0.709254,0.05224609375,0.0029296875,0.0625073425032987,9.220990237701763e-07,1792,SKQD,4,0.0009765625,2.1445148768975836e-05,220.0,0.0537109375,True,converged;converged;converged,0.02,1000.0,3983188075
1,12,1,0.0,0.494654,0.0,0.0,0.709254,0.05224609375,0.0029296875,0.0625073425032987,9.220990237701763e-07,1792,SKQD,5,0.001220703125,2.9532436283542796e-05,220.0,0.0537109375,True,converged;converged;converged,0.02,1000.0,3983188075
1,12,1,0.0,0.494654,0.0,0.0,0.709254,0.05224609375,0.0029296875,0.0625073425032987,9.220990237701763e-07,1792,SKQD,6,0.00146484375,4.289977435239272e-05,220.0,0.0537109375,True,converged;converged;converged,0.02,1000.0,3983188075
1,12,1,0.0,0.494654,0.0,0.0,0.709254,0.05224609375,0.0029296875,0.0625073425032987,9.220990237701763e-07,1792,SKQD,8,0.001953125,8.842824860734825e-05,220.0,0.0537109375,True,converged;converged;converged,0.02,1000.0,3983188075
1,12,1,0.0,0.494654,0.0,0.0,0.709254,0.05224609375,0.0029296875,0.0625073425032987,9.220990237701763e-07,1792,SKQD,11,0.002685546875,0.0002739435216577421,220.0,0.0537109375,True,converged;converged;converged,0.02,1000.0,3983188075
1,12,1,0.0,0.494654,0.0,0.0,0.709254,0.05224609375,0.0029296875,0.0625073425032987,9.220990237701763e-07,1792,SKQD,14,0.00341796875,0.00047713529366946007,220.0,0.0537109375,True,converged;converged;converged,0.02,1000.0,3983188075
1,12,1,0.0,0.494654,0.0,0.0,0.709254,0.05224609375,0.0029296875,0.0625073425032987,9.220990237701763e-07,1792,SKQD,18,0.00439453125,0.000981227206470811,220.0,0.0537109375,True,converged;converged;converged,0.02,1000.0,3983188075
1,12,1,0.0,0.494654,0.0,0.0,0.709254,0.05224609375,0.0029296875,0.0625073425032987,9.220990237701763e-07,1792,SKQD,23,0.005615234375,0.002539274008876824,220.0,0.0537109375,True,converged;converged;converged,0.02,1000.0,3983188075
1,12,1,0.0,0.494654,0.0,0.0,0.709254,0.05224609375,0.0029296875,0.0625073425032987,9.220990237701763e-07,1792,SKQD,31,0.007568359375,0.008785925910903642,220.0,0.0537109375,True,converged;converged;converged,0.02,1000.0,3983188075
1,12,1,0.0,0.494654,0.0,0.0,0.709254,0.05224609375,0.0029296875,0.0625073425032987,9.220990237701763e-07,1792,SKQD,40,0.009765625,0.014426678052814975,220.0,0.0537109375,True,converged;converged;converged,0.02,1000.0,3983188075
1,12,1,0.0,0.494654,0.0,0.0,0.709254,0.05224609375,0.0029296875,0.0625073425032987,9.220990237701763e-07,1792,SKQD,52,0.0126953125,0.02969269011837203,220.0,0.0537109375,True,converged;converged;converged,0.02,1000.0,3983188075
1,12,1,0.0,0.494654,0.0,0.0,0.709254,0.05224609375,0.0029296875,0.0625073425032987,9.220990237701763e-07,1792,SKQD,67,0.016357421875,0.08893039559642857,220.0,0.0537109375,True,converged;converged;converged,0.02,1000.0,3983188075
1,12,1,0.0,0.494654,0.0,0.0,0.709254,0.05224609375,0.0029296875,0.0625073425032987,9.220990237701763e-07,1792,SKQD,87,0.021240234375,0.16606343942182947,220.0,0.0537109375,True,converged;converged;converged,0.02,1000.0,3983188075
1,12,1,0.0,0.494654,0.0,0.0,0.709254,0.05224609375,0.0029296875,0.0625073425032987,9.220990237701763e-07,1792,SKQD,114,0.02783203125,0.443288984765098,220.0,0.0537109375,True,converged;converged;converged,0.02,1000.0,3983188075
1,12,1,0.0,0.494654,0.0,0.0,0.709254,0.05224609375,0.0029296875,0.0625073425032987,9.220990237701763e-07,1792,SKQD,148,0.0361328125,0.712781224537283,220.0,0.0537109375,True,converged;converged;converged,0.02,1000.0,3983188075
1,12,1,0.0,0.494654,0.0,0.0,0.709254,0.05224609375,0.0029296875,0.0625073425032987,9.220990237701763e-07,1792,SKQD,192,0.046875,0.9773207887649088,220.0,0.0537109375,True,converged;converged;converged,0.02,1000.0,3983188075
1,12,1,0.0,0.494654,0.0,0.0,0.709254,0.05224609375,0.0029296875,0.0625073425032987,9.220990237701763e-07,1792,SKQD,250,0.06103515625,1.0000000000000004,220.0,0.0537109375,True,converged;converged;converged,0.02,1000.0,3983188075
1,12,1,0.0,0.494654,0.0,0.0,0.709254,0.05224609375,0.0029296875,0.0625073425032987,9.220990237701763e-07,1792,SKQD,325,0.079345703125,1.0000000000000004,220.0,0.0537109375,True,converged;converged;converged,0.02,1000.0,3983188075
1,12,1,0.0,0.494654,0.0,0.0,0.709254,0.05224609375,0.0029296875,0.0625073425032987,9.220990237701763e-07,1792,SKQD,423,0.103271484375,1.0000000000000004,220.0,0.0537109375,True,converged;converged;converged,0.02,1000.0,3983188075
1,12,1,0.0,0.494654,0.0,0.0,0.709254,0.05224609375,0.0029296875,0.0625073425032987,9.220990237701763e-07,1792,SKQD,550,0.13427734375,1.0000000000000004,220.0,0.0537109375,True,converged;converged;converged,0.02,1000.0,3983188075
1,12,1,0.0,0.494654,0.0,0.0,0.709254,0.05224609375,0.0029296875,0.0625073425032987,9.220990237701763e-07,1792,SKQD,715,0.174560546875,1.0000000000000004,220.0,0.0537109375,True,converged;converged;converged,0.02,1000.0,3983188075
1,12,1,0.0,0.494654,0.0,0.0,0.709254,0.05224609375,0.0029296875,0.0625073425032987,9.220990237701763e-07,1792,SKQD,931,0.227294921875,1.0000000000000004,220.0,0.0537109375,True,converged;converged;converged,0.02,1000.0,3983188075
1,12,1,0.0,0.494654,0.0,0.0,0.709254,0.05224609375,0.0029296875,0.0625073425032987,9.220990237701763e-07,1792,SKQD,1210,0.29541015625,1.0000000000000004,220.0,0.0537109375,True,converged;converged;converged,0.02,1000.0,3983188075
1,12,1,0.0,0.494654,0.0,0.0,0.709254,0.05224609375,0.0029296875,0.0625073425032987,9.220990237701763e-07,1792,SKQD,1575,0.384521484375,1.0000000000000004,220.0,0.0537109375,True,converged;converged;converged,0.02,1000.0,3983188075
1,12,1,0.0,0.494654,0.0,0.0,0.709254,0.05224609375,0.0029296875,0.0625073425032987,9.220990237701763e-07,1792,SKQD,2048,0.5,1.0000000000000004,220.0,0.0537109375,True,converged;converged;converged,0.02,1000.0,3983188075
1,12,1,0.0,0.494654,0.0,0.0,0.709254,0.05224609375,0.0029296875,0.0625073425032987,9.220990237701763e-07,1792,Ceiling,1,0.000244140625,0.02964050737645611,2048.0,0.5,False,,,,3983188075
1,12,1,0.0,0.494654,0.0,0.0,0.709254,0.05224609375,0.0029296875,0.0625073425032987,9.220990237701763e-07,1792,Ceiling,2,0.00048828125,0.05928101475291217,2048.0,0.5,False,,,,3983188075
1,12,1,0.0,0.494654,0.0,0.0,0.709254,0.05224609375,0.0029296875,0.0625073425032987,9.220990237701763e-07,1792,Ceiling,3,0.000732421875,0.0850124962948804,2048.0,0.5,False,,,,3983188075
1,12,1,0.0,0.494654,0.0,0.0,0.709254,0.05224609375,0.0029296875,0.0625073425032987,9.220990237701763e-07,1792,Ceiling,4,0.0009765625,0.11074397783684857,2048.0,0.5,False,,,,3983188075
1,12,1,0.0,0.494654,0.0,0.0,0.709254,0.05224609375,0.0029296875,0.0625073425032987,9.220990237701763e-07,1792,Ceiling,5,0.001220703125,0.13398309518297133,2048.0,0.5,False,,,,3983188075
1,12,1,0.0,0.494654,0.0,0.0,0.709254,0.05224609375,0.0029296875,0.0625073425032987,9.220990237701763e-07,1792,Ceiling,6,0.00146484375,0.15722221252909407,2048.0,0.5,False,,,,3983188075
1,12,1,0.0,0.494654,0.0,0.0,0.709254,0.05224609375,0.0029296875,0.0625073425032987,9.220990237701763e-07,1792,Ceiling,8,0.001953125,0.2015621296661774,2048.0,0.5,False,,,,3983188075
1,12,1,0.0,0.494654,0.0,0.0,0.709254,0.05224609375,0.0029296875,0.0625073425032987,9.220990237701763e-07,1792,Ceiling,11,0.002685546875,0.2610367590088432,2048.0,0.5,False,,,,3983188075
1,12,1,0.0,0.494654,0.0,0.0,0.709254,0.05224609375,0.0029296875,0.0625073425032987,9.220990237701763e-07,1792,Ceiling,14,0.00341796875,0.31659528343449245,2048.0,0.5,False,,,,3983188075
1,12,1,0.0,0.494654,0.0,0.0,0.709254,0.05224609375,0.0029296875,0.0625073425032987,9.220990237701763e-07,1792,Ceiling,18,0.00439453125,0.3853643482058877,2048.0,0.5,False,,,,3983188075
1,12,1,0.0,0.494654,0.0,0.0,0.709254,0.05224609375,0.0029296875,0.0625073425032987,9.220990237701763e-07,1792,Ceiling,23,0.005615234375,0.4582398582498838,2048.0,0.5,False,,,,3983188075
1,12,1,0.0,0.494654,0.0,0.0,0.709254,0.05224609375,0.0029296875,0.0625073425032987,9.220990237701763e-07,1792,Ceiling,31,0.007568359375,0.5580082961372026,2048.0,0.5,False,,,,3983188075
1,12,1,0.0,0.494654,0.0,0.0,0.709254,0.05224609375,0.0029296875,0.0625073425032987,9.220990237701763e-07,1792,Ceiling,40,0.009765625,0.6367049395209009,2048.0,0.5,False,,,,3983188075
1,12,1,0.0,0.494654,0.0,0.0,0.709254,0.05224609375,0.0029296875,0.0625073425032987,9.220990237701763e-07,1792,Ceiling,52,0.0126953125,0.7220310831211167,2048.0,0.5,False,,,,3983188075
1,12,1,0.0,0.494654,0.0,0.0,0.709254,0.05224609375,0.0029296875,0.0625073425032987,9.220990237701763e-07,1792,Ceiling,67,0.016357421875,0.8036798825454115,2048.0,0.5,False,,,,3983188075
1,12,1,0.0,0.494654,0.0,0.0,0.709254,0.05224609375,0.0029296875,0.0625073425032987,9.220990237701763e-07,1792,Ceiling,87,0.021240234375,0.8829277023622185,2048.0,0.5,False,,,,3983188075
1,12,1,0.0,0.494654,0.0,0.0,0.709254,0.05224609375,0.0029296875,0.0625073425032987,9.220990237701763e-07,1792,Ceiling,114,0.02783203125,0.9496421456844544,2048.0,0.5,False,,,,3983188075
1,12,1,0.0,0.494654,0.0,0.0,0.709254,0.05224609375,0.0029296875,0.0625073425032987,9.220990237701763e-07,1792,Ceiling,148,0.0361328125,0.9869192539376296,2048.0,0.5,False,,,,3983188075
1,12,1,0.0,0.494654,0.0,0.0,0.709254,0.05224609375,0.0029296875,0.0625073425032987,9.220990237701763e-07,1792,Ceiling,192,0.046875,0.9995832330174659,2048.0,0.5,False,,,,3983188075
1,12,1,0.0,0.494654,0.0,0.0,0.709254,0.05224609375,0.0029296875,0.0625073425032987,9.220990237701763e-07,1792,Ceiling,250,0.06103515625,1.0000000000000013,2048.0,0.5,False,,,,3983188075
1,12,1,0.0,0.494654,0.0,0.0,0.709254,0.05224609375,0.0029296875,0.0625073425032987,9.220990237701763e-07,1792,Ceiling,325,0.079345703125,1.0000000000000013,2048.0,0.5,False,,,,3983188075
1,12,1,0.0,0.494654,0.0,0.0,0.709254,0.05224609375,0.0029296875,0.0625073425032987,9.220990237701763e-07,1792,Ceiling,423,0.103271484375,1.0000000000000013,2048.0,0.5,False,,,,3983188075
1,12,1,0.0,0.494654,0.0,0.0,0.709254,0.05224609375,0.0029296875,0.0625073425032987,9.220990237701763e-07,1792,Ceiling,550,0.13427734375,1.0000000000000013,2048.0,0.5,False,,,,3983188075
1,12,1,0.0,0.494654,0.0,0.0,0.709254,0.05224609375,0.0029296875,0.0625073425032987,9.220990237701763e-07,1792,Ceiling,715,0.174560546875,1.0000000000000013,2048.0,0.5,False,,,,3983188075
1,12,1,0.0,0.494654,0.0,0.0,0.709254,0.05224609375,0.0029296875,0.0625073425032987,9.220990237701763e-07,1792,Ceiling,931,0.227294921875,1.0000000000000013,2048.0,0.5,False,,,,3983188075
1,12,1,0.0,0.494654,0.0,0.0,0.709254,0.05224609375,0.0029296875,0.0625073425032987,9.220990237701763e-07,1792,Ceiling,1210,0.29541015625,1.0000000000000013,2048.0,0.5,False,,,,3983188075
1,12,1,0.0,0.494654,0.0,0.0,0.709254,0.05224609375,0.0029296875,0.0625073425032987,9.220990237701763e-07,1792,Ceiling,1575,0.384521484375,1.0000000000000013,2048.0,0.5,False,,,,3983188075
1,12,1,0.0,0.494654,0.0,0.0,0.709254,0.05224609375,0.0029296875,0.0625073425032987,9.220990237701763e-07,1792,Ceiling,2048,0.5,1.0000000000000013,2048.0,0.5,False,,,,3983188075
1,12,1,0.0,0.494654,0.0,0.0,0.709254,0.05224609375,0.0029296875,0.0625073425032987,0.002753102561089239,1036,BARK,1,0.000244140625,0.002753102561089239,220.0,0.0537109375,True,sector,,,3983188075
1,12,1,0.0,0.494654,0.0,0.0,0.709254,0.05224609375,0.0029296875,0.0625073425032987,0.002753102561089239,1036,BARK,2,0.00048828125,0.006566888758379204,220.0,0.0537109375,True,sector,,,3983188075
1,12,1,0.0,0.494654,0.0,0.0,0.709254,0.05224609375,0.0029296875,0.0625073425032987,0.002753102561089239,1036,BARK,3,0.000732421875,0.009886389050686274,220.0,0.0537109375,True,sector,,,3983188075
1,12,1,0.0,0.494654,0.0,0.0,0.709254,0.05224609375,0.0029296875,0.0625073425032987,0.002753102561089239,1036,BARK,4,0.0009765625,0.011858750560358483,220.0,0.0537109375,True,sector,,,3983188075
1,12,1,0.0,0.494654,0.0,0.0,0.709254,0.05224609375,0.0029296875,0.0625073425032987,0.002753102561089239,1036,BARK,5,0.001220703125,0.012270902005179253,220.0,0.0537109375,True,sector,,,3983188075
1,12,1,0.0,0.494654,0.0,0.0,0.709254,0.05224609375,0.0029296875,0.0625073425032987,0.002753102561089239,1036,BARK,6,0.00146484375,0.011467411806779498,220.0,0.0537109375,True,sector,,,3983188075
1,12,1,0.0,0.494654,0.0,0.0,0.709254,0.05224609375,0.0029296875,0.0625073425032987,0.002753102561089239,1036,BARK,8,0.001953125,0.008619304966309718,220.0,0.0537109375,True,sector,,,3983188075
1,12,1,0.0,0.494654,0.0,0.0,0.709254,0.05224609375,0.0029296875,0.0625073425032987,0.002753102561089239,1036,BARK,11,0.002685546875,0.008103640875821846,220.0,0.0537109375,True,sector,,,3983188075
1,12,1,0.0,0.494654,0.0,0.0,0.709254,0.05224609375,0.0029296875,0.0625073425032987,0.002753102561089239,1036,BARK,14,0.00341796875,0.028336102148768465,220.0,0.0537109375,True,sector,,,3983188075
1,12,1,0.0,0.494654,0.0,0.0,0.709254,0.05224609375,0.0029296875,0.0625073425032987,0.002753102561089239,1036,BARK,18,0.00439453125,0.03794439803709492,220.0,0.0537109375,True,sector,,,3983188075
1,12,1,0.0,0.494654,0.0,0.0,0.709254,0.05224609375,0.0029296875,0.0625073425032987,0.002753102561089239,1036,BARK,23,0.005615234375,0.030560190102366398,220.0,0.0537109375,True,sector,,,3983188075
1,12,1,0.0,0.494654,0.0,0.0,0.709254,0.05224609375,0.0029296875,0.0625073425032987,0.002753102561089239,1036,BARK,31,0.007568359375,0.038835768895105316,220.0,0.0537109375,True,sector,,,3983188075
1,12,1,0.0,0.494654,0.0,0.0,0.709254,0.05224609375,0.0029296875,0.0625073425032987,0.002753102561089239,1036,BARK,40,0.009765625,0.04270379417957149,220.0,0.0537109375,True,sector,,,3983188075
1,12,1,0.0,0.494654,0.0,0.0,0.709254,0.05224609375,0.0029296875,0.0625073425032987,0.002753102561089239,1036,BARK,52,0.0126953125,0.10706480088458192,220.0,0.0537109375,True,sector,,,3983188075
1,12,1,0.0,0.494654,0.0,0.0,0.709254,0.05224609375,0.0029296875,0.0625073425032987,0.002753102561089239,1036,BARK,67,0.016357421875,0.14782624821448764,220.0,0.0537109375,True,sector,,,3983188075
1,12,1,0.0,0.494654,0.0,0.0,0.709254,0.05224609375,0.0029296875,0.0625073425032987,0.002753102561089239,1036,BARK,87,0.021240234375,0.31494648295467986,220.0,0.0537109375,True,sector,,,3983188075
1,12,1,0.0,0.494654,0.0,0.0,0.709254,0.05224609375,0.0029296875,0.0625073425032987,0.002753102561089239,1036,BARK,114,0.02783203125,0.5159624039033885,220.0,0.0537109375,True,sector,,,3983188075
1,12,1,0.0,0.494654,0.0,0.0,0.709254,0.05224609375,0.0029296875,0.0625073425032987,0.002753102561089239,1036,BARK,148,0.0361328125,0.8667203823280558,220.0,0.0537109375,True,sector,,,3983188075
1,12,1,0.0,0.494654,0.0,0.0,0.709254,0.05224609375,0.0029296875,0.0625073425032987,0.002753102561089239,1036,BARK,192,0.046875,0.9885270781777336,220.0,0.0537109375,True,sector,,,3983188075
1,12,1,0.0,0.494654,0.0,0.0,0.709254,0.05224609375,0.0029296875,0.0625073425032987,0.002753102561089239,1036,BARK,250,0.06103515625,1.0000000000000004,220.0,0.0537109375,True,sector,,,3983188075
1,12,1,0.0,0.494654,0.0,0.0,0.709254,0.05224609375,0.0029296875,0.0625073425032987,0.002753102561089239,1036,BARK,325,0.079345703125,1.0000000000000004,220.0,0.0537109375,True,sector,,,3983188075
1,12,1,0.0,0.494654,0.0,0.0,0.709254,0.05224609375,0.0029296875,0.0625073425032987,0.002753102561089239,1036,BARK,423,0.103271484375,1.0000000000000004,220.0,0.0537109375,True,sector,,,3983188075
1,12,1,0.0,0.494654,0.0,0.0,0.709254,0.05224609375,0.0029296875,0.0625073425032987,0.002753102561089239,1036,BARK,550,0.13427734375,1.0000000000000004,220.0,0.0537109375,True,sector,,,3983188075
1,12,1,0.0,0.494654,0.0,0.0,0.709254,0.05224609375,0.0029296875,0.0625073425032987,0.002753102561089239,1036,BARK,715,0.174560546875,1.0000000000000004,220.0,0.0537109375,True,sector,,,3983188075
1,12,1,0.0,0.494654,0.0,0.0,0.709254,0.05224609375,0.0029296875,0.0625073425032987,0.002753102561089239,1036,BARK,931,0.227294921875,1.0000000000000004,220.0,0.0537109375,True,sector,,,3983188075
1,12,1,0.0,0.494654,0.0,0.0,0.709254,0.05224609375,0.0029296875,0.0625073425032987,0.002753102561089239,1036,BARK,1210,0.29541015625,1.0000000000000004,220.0,0.0537109375,True,sector,,,3983188075
1,12,1,0.0,0.494654,0.0,0.0,0.709254,0.05224609375,0.0029296875,0.0625073425032987,0.002753102561089239,1036,BARK,1575,0.384521484375,1.0000000000000004,220.0,0.0537109375,True,sector,,,3983188075
1,12,1,0.0,0.494654,0.0,0.0,0.709254,0.05224609375,0.0029296875,0.0625073425032987,0.002753102561089239,1036,BARK,2048,0.5,1.0000000000000004,220.0,0.0537109375,True,sector,,,3983188075
1,12,1,0.0,0.494654,0.0,0.0,0.709254,0.05224609375,0.0029296875,0.0625073425032987,0.002753102561089239,1036,Simplified BARK,1,0.000244140625,0.002753102561089239,220.0,0.0537109375,True,sector,,,3983188075
1,12,1,0.0,0.494654,0.0,0.0,0.709254,0.05224609375,0.0029296875,0.0625073425032987,0.002753102561089239,1036,Simplified BARK,2,0.00048828125,0.006566888758379204,220.0,0.0537109375,True,sector,,,3983188075
1,12,1,0.0,0.494654,0.0,0.0,0.709254,0.05224609375,0.0029296875,0.0625073425032987,0.002753102561089239,1036,Simplified BARK,3,0.000732421875,0.009886389050686274,220.0,0.0537109375,True,sector,,,3983188075
1,12,1,0.0,0.494654,0.0,0.0,0.709254,0.05224609375,0.0029296875,0.0625073425032987,0.002753102561089239,1036,Simplified BARK,4,0.0009765625,0.011858750560358483,220.0,0.0537109375,True,sector,,,3983188075
1,12,1,0.0,0.494654,0.0,0.0,0.709254,0.05224609375,0.0029296875,0.0625073425032987,0.002753102561089239,1036,Simplified BARK,5,0.001220703125,0.012270902005179253,220.0,0.0537109375,True,sector,,,3983188075
1,12,1,0.0,0.494654,0.0,0.0,0.709254,0.05224609375,0.0029296875,0.0625073425032987,0.002753102561089239,1036,Simplified BARK,6,0.00146484375,0.011467411806779498,220.0,0.0537109375,True,sector,,,3983188075
1,12,1,0.0,0.494654,0.0,0.0,0.709254,0.05224609375,0.0029296875,0.0625073425032987,0.002753102561089239,1036,Simplified BARK,8,0.001953125,0.008619304966309718,220.0,0.0537109375,True,sector,,,3983188075
1,12,1,0.0,0.494654,0.0,0.0,0.709254,0.05224609375,0.0029296875,0.0625073425032987,0.002753102561089239,1036,Simplified BARK,11,0.002685546875,0.005298349969754226,220.0,0.0537109375,True,sector,,,3983188075
1,12,1,0.0,0.494654,0.0,0.0,0.709254,0.05224609375,0.0029296875,0.0625073425032987,0.002753102561089239,1036,Simplified BARK,14,0.00341796875,0.0016118888740528515,220.0,0.0537109375,True,sector,,,3983188075
1,12,1,0.0,0.494654,0.0,0.0,0.709254,0.05224609375,0.0029296875,0.0625073425032987,0.002753102561089239,1036,Simplified BARK,18,0.00439453125,0.00013983206774772195,220.0,0.0537109375,True,sector,,,3983188075
1,12,1,0.0,0.494654,0.0,0.0,0.709254,0.05224609375,0.0029296875,0.0625073425032987,0.002753102561089239,1036,Simplified BARK,23,0.005615234375,0.0010958296676245967,220.0,0.0537109375,True,sector,,,3983188075
1,12,1,0.0,0.494654,0.0,0.0,0.709254,0.05224609375,0.0029296875,0.0625073425032987,0.002753102561089239,1036,Simplified BARK,31,0.007568359375,0.0041092313638599765,220.0,0.0537109375,True,sector,,,3983188075
1,12,1,0.0,0.494654,0.0,0.0,0.709254,0.05224609375,0.0029296875,0.0625073425032987,0.002753102561089239,1036,Simplified BARK,40,0.009765625,0.010891914013853043,220.0,0.0537109375,True,sector,,,3983188075
1,12,1,0.0,0.494654,0.0,0.0,0.709254,0.05224609375,0.0029296875,0.0625073425032987,0.002753102561089239,1036,Simplified BARK,52,0.0126953125,0.04739049176348202,220.0,0.0537109375,True,sector,,,3983188075
1,12,1,0.0,0.494654,0.0,0.0,0.709254,0.05224609375,0.0029296875,0.0625073425032987,0.002753102561089239,1036,Simplified BARK,67,0.016357421875,0.08745246639024451,220.0,0.0537109375,True,sector,,,3983188075
1,12,1,0.0,0.494654,0.0,0.0,0.709254,0.05224609375,0.0029296875,0.0625073425032987,0.002753102561089239,1036,Simplified BARK,87,0.021240234375,0.1952586297676482,220.0,0.0537109375,True,sector,,,3983188075
1,12,1,0.0,0.494654,0.0,0.0,0.709254,0.05224609375,0.0029296875,0.0625073425032987,0.002753102561089239,1036,Simplified BARK,114,0.02783203125,0.4620345609370933,220.0,0.0537109375,True,sector,,,3983188075
1,12,1,0.0,0.494654,0.0,0.0,0.709254,0.05224609375,0.0029296875,0.0625073425032987,0.002753102561089239,1036,Simplified BARK,148,0.0361328125,0.7710263935283571,220.0,0.0537109375,True,sector,,,3983188075
1,12,1,0.0,0.494654,0.0,0.0,0.709254,0.05224609375,0.0029296875,0.0625073425032987,0.002753102561089239,1036,Simplified BARK,192,0.046875,0.9691272173447812,220.0,0.0537109375,True,sector,,,3983188075
1,12,1,0.0,0.494654,0.0,0.0,0.709254,0.05224609375,0.0029296875,0.0625073425032987,0.002753102561089239,1036,Simplified BARK,250,0.06103515625,0.9999999999999998,220.0,0.0537109375,True,sector,,,3983188075
1,12,1,0.0,0.494654,0.0,0.0,0.709254,0.05224609375,0.0029296875,0.0625073425032987,0.002753102561089239,1036,Simplified BARK,325,0.079345703125,0.9999999999999998,220.0,0.0537109375,True,sector,,,3983188075
1,12,1,0.0,0.494654,0.0,0.0,0.709254,0.05224609375,0.0029296875,0.0625073425032987,0.002753102561089239,1036,Simplified BARK,423,0.103271484375,0.9999999999999998,220.0,0.0537109375,True,sector,,,3983188075
1,12,1,0.0,0.494654,0.0,0.0,0.709254,0.05224609375,0.0029296875,0.0625073425032987,0.002753102561089239,1036,Simplified BARK,550,0.13427734375,0.9999999999999998,220.0,0.0537109375,True,sector,,,3983188075
1,12,1,0.0,0.494654,0.0,0.0,0.709254,0.05224609375,0.0029296875,0.0625073425032987,0.002753102561089239,1036,Simplified BARK,715,0.174560546875,0.9999999999999998,220.0,0.0537109375,True,sector,,,3983188075
1,12,1,0.0,0.494654,0.0,0.0,0.709254,0.05224609375,0.0029296875,0.0625073425032987,0.002753102561089239,1036,Simplified BARK,931,0.227294921875,0.9999999999999998,220.0,0.0537109375,True,sector,,,3983188075
1,12,1,0.0,0.494654,0.0,0.0,0.709254,0.05224609375,0.0029296875,0.0625073425032987,0.002753102561089239,1036,Simplified BARK,1210,0.29541015625,0.9999999999999998,220.0,0.0537109375,True,sector,,,3983188075
1,12,1,0.0,0.494654,0.0,0.0,0.709254,0.05224609375,0.0029296875,0.0625073425032987,0.002753102561089239,1036,Simplified BARK,1575,0.384521484375,0.9999999999999998,220.0,0.0537109375,True,sector,,,3983188075
1,12,1,0.0,0.494654,0.0,0.0,0.709254,0.05224609375,0.0029296875,0.0625073425032987,0.002753102561089239,1036,Simplified BARK,2048,0.5,0.9999999999999998,220.0,0.0537109375,True,sector,,,3983188075
1,12,1,0.0,0.494654,0.0,0.0,0.709254,0.05224609375,0.0029296875,0.0625073425032987,0.002753102561089239,1036,SKQD,1,0.000244140625,0.002753102561089239,220.0,0.0537109375,True,converged;converged;converged,0.02,300.0,3983188075
1,12,1,0.0,0.494654,0.0,0.0,0.709254,0.05224609375,0.0029296875,0.0625073425032987,0.002753102561089239,1036,SKQD,2,0.00048828125,0.0052956266926158825,220.0,0.0537109375,True,converged;converged;converged,0.02,300.0,3983188075
1,12,1,0.0,0.494654,0.0,0.0,0.709254,0.05224609375,0.0029296875,0.0625073425032987,0.002753102561089239,1036,SKQD,3,0.000732421875,0.0066579720047789115,220.0,0.0537109375,True,converged;converged;converged,0.02,300.0,3983188075
1,12,1,0.0,0.494654,0.0,0.0,0.709254,0.05224609375,0.0029296875,0.0625073425032987,0.002753102561089239,1036,SKQD,4,0.0009765625,0.009302477430304384,220.0,0.0537109375,True,converged;converged;converged,0.02,300.0,3983188075
1,12,1,0.0,0.494654,0.0,0.0,0.709254,0.05224609375,0.0029296875,0.0625073425032987,0.002753102561089239,1036,SKQD,5,0.001220703125,0.017888787641367573,220.0,0.0537109375,True,converged;converged;converged,0.02,300.0,3983188075
1,12,1,0.0,0.494654,0.0,0.0,0.709254,0.05224609375,0.0029296875,0.0625073425032987,0.002753102561089239,1036,SKQD,6,0.00146484375,0.02481798266790561,220.0,0.0537109375,True,converged;converged;converged,0.02,300.0,3983188075
1,12,1,0.0,0.494654,0.0,0.0,0.709254,0.05224609375,0.0029296875,0.0625073425032987,0.002753102561089239,1036,SKQD,8,0.001953125,0.03596744009420305,220.0,0.0537109375,True,converged;converged;converged,0.02,300.0,3983188075
1,12,1,0.0,0.494654,0.0,0.0,0.709254,0.05224609375,0.0029296875,0.0625073425032987,0.002753102561089239,1036,SKQD,11,0.002685546875,0.05499854819402686,220.0,0.0537109375,True,converged;converged;converged,0.02,300.0,3983188075
1,12,1,0.0,0.494654,0.0,0.0,0.709254,0.05224609375,0.0029296875,0.0625073425032987,0.002753102561089239,1036,SKQD,14,0.00341796875,0.06687017600413196,220.0,0.0537109375,True,converged;converged;converged,0.02,300.0,3983188075
1,12,1,0.0,0.494654,0.0,0.0,0.709254,0.05224609375,0.0029296875,0.0625073425032987,0.002753102561089239,1036,SKQD,18,0.00439453125,0.09328697226825493,220.0,0.0537109375,True,converged;converged;converged,0.02,300.0,3983188075
1,12,1,0.0,0.494654,0.0,0.0,0.709254,0.05224609375,0.0029296875,0.0625073425032987,0.002753102561089239,1036,SKQD,23,0.005615234375,0.1084134711503492,220.0,0.0537109375,True,converged;converged;converged,0.02,300.0,3983188075
1,12,1,0.0,0.494654,0.0,0.0,0.709254,0.05224609375,0.0029296875,0.0625073425032987,0.002753102561089239,1036,SKQD,31,0.007568359375,0.13973152709036896,220.0,0.0537109375,True,converged;converged;converged,0.02,300.0,3983188075
1,12,1,0.0,0.494654,0.0,0.0,0.709254,0.05224609375,0.0029296875,0.0625073425032987,0.002753102561089239,1036,SKQD,40,0.009765625,0.2165043919043519,220.0,0.0537109375,True,converged;converged;converged,0.02,300.0,3983188075
1,12,1,0.0,0.494654,0.0,0.0,0.709254,0.05224609375,0.0029296875,0.0625073425032987,0.002753102561089239,1036,SKQD,52,0.0126953125,0.28096536948336553,220.0,0.0537109375,True,converged;converged;converged,0.02,300.0,3983188075
1,12,1,0.0,0.494654,0.0,0.0,0.709254,0.05224609375,0.0029296875,0.0625073425032987,0.002753102561089239,1036,SKQD,67,0.016357421875,0.4165594290896187,220.0,0.0537109375,True,converged;converged;converged,0.02,300.0,3983188075
1,12,1,0.0,0.494654,0.0,0.0,0.709254,0.05224609375,0.0029296875,0.0625073425032987,0.002753102561089239,1036,SKQD,87,0.021240234375,0.5619232213352096,220.0,0.0537109375,True,converged;converged;converged,0.02,300.0,3983188075
1,12,1,0.0,0.494654,0.0,0.0,0.709254,0.05224609375,0.0029296875,0.0625073425032987,0.002753102561089239,1036,SKQD,114,0.02783203125,0.6648105200130624,220.0,0.0537109375,True,converged;converged;converged,0.02,300.0,3983188075
1,12,1,0.0,0.494654,0.0,0.0,0.709254,0.05224609375,0.0029296875,0.0625073425032987,0.002753102561089239,1036,SKQD,148,0.0361328125,0.8262846539924675,220.0,0.0537109375,True,converged;converged;converged,0.02,300.0,3983188075
1,12,1,0.0,0.494654,0.0,0.0,0.709254,0.05224609375,0.0029296875,0.0625073425032987,0.002753102561089239,1036,SKQD,192,0.046875,0.9924771770382087,220.0,0.0537109375,True,converged;converged;converged,0.02,300.0,3983188075
1,12,1,0.0,0.494654,0.0,0.0,0.709254,0.05224609375,0.0029296875,0.0625073425032987,0.002753102561089239,1036,SKQD,250,0.06103515625,1.0000000000000009,220.0,0.0537109375,True,converged;converged;converged,0.02,300.0,3983188075
1,12,1,0.0,0.494654,0.0,0.0,0.709254,0.05224609375,0.0029296875,0.0625073425032987,0.002753102561089239,1036,SKQD,325,0.079345703125,1.0000000000000009,220.0,0.0537109375,True,converged;converged;converged,0.02,300.0,3983188075
1,12,1,0.0,0.494654,0.0,0.0,0.709254,0.05224609375,0.0029296875,0.0625073425032987,0.002753102561089239,1036,SKQD,423,0.103271484375,1.0000000000000009,220.0,0.0537109375,True,converged;converged;converged,0.02,300.0,3983188075
1,12,1,0.0,0.494654,0.0,0.0,0.709254,0.05224609375,0.0029296875,0.0625073425032987,0.002753102561089239,1036,SKQD,550,0.13427734375,1.0000000000000009,220.0,0.0537109375,True,converged;converged;converged,0.02,300.0,3983188075
1,12,1,0.0,0.494654,0.0,0.0,0.709254,0.05224609375,0.0029296875,0.0625073425032987,0.002753102561089239,1036,SKQD,715,0.174560546875,1.0000000000000009,220.0,0.0537109375,True,converged;converged;converged,0.02,300.0,3983188075
1,12,1,0.0,0.494654,0.0,0.0,0.709254,0.05224609375,0.0029296875,0.0625073425032987,0.002753102561089239,1036,SKQD,931,0.227294921875,1.0000000000000009,220.0,0.0537109375,True,converged;converged;converged,0.02,300.0,3983188075
1,12,1,0.0,0.494654,0.0,0.0,0.709254,0.05224609375,0.0029296875,0.0625073425032987,0.002753102561089239,1036,SKQD,1210,0.29541015625,1.0000000000000009,220.0,0.0537109375,True,converged;converged;converged,0.02,300.0,3983188075
1,12,1,0.0,0.494654,0.0,0.0,0.709254,0.05224609375,0.0029296875,0.0625073425032987,0.002753102561089239,1036,SKQD,1575,0.384521484375,1.0000000000000009,220.0,0.0537109375,True,converged;converged;converged,0.02,300.0,3983188075
1,12,1,0.0,0.494654,0.0,0.0,0.709254,0.05224609375,0.0029296875,0.0625073425032987,0.002753102561089239,1036,SKQD,2048,0.5,1.0000000000000009,220.0,0.0537109375,True,converged;converged;converged,0.02,300.0,3983188075
1,12,1,0.0,0.494654,0.0,0.0,0.709254,0.05224609375,0.0029296875,0.0625073425032987,0.002753102561089239,1036,Ceiling,1,0.000244140625,0.02964050737645611,2048.0,0.5,False,,,,3983188075
1,12,1,0.0,0.494654,0.0,0.0,0.709254,0.05224609375,0.0029296875,0.0625073425032987,0.002753102561089239,1036,Ceiling,2,0.00048828125,0.05928101475291217,2048.0,0.5,False,,,,3983188075
1,12,1,0.0,0.494654,0.0,0.0,0.709254,0.05224609375,0.0029296875,0.0625073425032987,0.002753102561089239,1036,Ceiling,3,0.000732421875,0.0850124962948804,2048.0,0.5,False,,,,3983188075
1,12,1,0.0,0.494654,0.0,0.0,0.709254,0.05224609375,0.0029296875,0.0625073425032987,0.002753102561089239,1036,Ceiling,4,0.0009765625,0.11074397783684857,2048.0,0.5,False,,,,3983188075
1,12,1,0.0,0.494654,0.0,0.0,0.709254,0.05224609375,0.0029296875,0.0625073425032987,0.002753102561089239,1036,Ceiling,5,0.001220703125,0.13398309518297133,2048.0,0.5,False,,,,3983188075
1,12,1,0.0,0.494654,0.0,0.0,0.709254,0.05224609375,0.0029296875,0.0625073425032987,0.002753102561089239,1036,Ceiling,6,0.00146484375,0.15722221252909407,2048.0,0.5,False,,,,3983188075
1,12,1,0.0,0.494654,0.0,0.0,0.709254,0.05224609375,0.0029296875,0.0625073425032987,0.002753102561089239,1036,Ceiling,8,0.001953125,0.2015621296661774,2048.0,0.5,False,,,,3983188075
1,12,1,0.0,0.494654,0.0,0.0,0.709254,0.05224609375,0.0029296875,0.0625073425032987,0.002753102561089239,1036,Ceiling,11,0.002685546875,0.2610367590088432,2048.0,0.5,False,,,,3983188075
1,12,1,0.0,0.494654,0.0,0.0,0.709254,0.05224609375,0.0029296875,0.0625073425032987,0.002753102561089239,1036,Ceiling,14,0.00341796875,0.31659528343449245,2048.0,0.5,False,,,,3983188075
1,12,1,0.0,0.494654,0.0,0.0,0.709254,0.05224609375,0.0029296875,0.0625073425032987,0.002753102561089239,1036,Ceiling,18,0.00439453125,0.3853643482058877,2048.0,0.5,False,,,,3983188075
1,12,1,0.0,0.494654,0.0,0.0,0.709254,0.05224609375,0.0029296875,0.0625073425032987,0.002753102561089239,1036,Ceiling,23,0.005615234375,0.4582398582498838,2048.0,0.5,False,,,,3983188075
1,12,1,0.0,0.494654,0.0,0.0,0.709254,0.05224609375,0.0029296875,0.0625073425032987,0.002753102561089239,1036,Ceiling,31,0.007568359375,0.5580082961372026,2048.0,0.5,False,,,,3983188075
1,12,1,0.0,0.494654,0.0,0.0,0.709254,0.05224609375,0.0029296875,0.0625073425032987,0.002753102561089239,1036,Ceiling,40,0.009765625,0.6367049395209009,2048.0,0.5,False,,,,3983188075
1,12,1,0.0,0.494654,0.0,0.0,0.709254,0.05224609375,0.0029296875,0.0625073425032987,0.002753102561089239,1036,Ceiling,52,0.0126953125,0.7220310831211167,2048.0,0.5,False,,,,3983188075
1,12,1,0.0,0.494654,0.0,0.0,0.709254,0.05224609375,0.0029296875,0.0625073425032987,0.002753102561089239,1036,Ceiling,67,0.016357421875,0.8036798825454115,2048.0,0.5,False,,,,3983188075
1,12,1,0.0,0.494654,0.0,0.0,0.709254,0.05224609375,0.0029296875,0.0625073425032987,0.002753102561089239,1036,Ceiling,87,0.021240234375,0.8829277023622185,2048.0,0.5,False,,,,3983188075
1,12,1,0.0,0.494654,0.0,0.0,0.709254,0.05224609375,0.0029296875,0.0625073425032987,0.002753102561089239,1036,Ceiling,114,0.02783203125,0.9496421456844544,2048.0,0.5,False,,,,3983188075
1,12,1,0.0,0.494654,0.0,0.0,0.709254,0.05224609375,0.0029296875,0.0625073425032987,0.002753102561089239,1036,Ceiling,148,0.0361328125,0.9869192539376296,2048.0,0.5,False,,,,3983188075
1,12,1,0.0,0.494654,0.0,0.0,0.709254,0.05224609375,0.0029296875,0.0625073425032987,0.002753102561089239,1036,Ceiling,192,0.046875,0.9995832330174659,2048.0,0.5,False,,,,3983188075
1,12,1,0.0,0.494654,0.0,0.0,0.709254,0.05224609375,0.0029296875,0.0625073425032987,0.002753102561089239,1036,Ceiling,250,0.06103515625,1.0000000000000013,2048.0,0.5,False,,,,3983188075
1,12,1,0.0,0.494654,0.0,0.0,0.709254,0.05224609375,0.0029296875,0.0625073425032987,0.002753102561089239,1036,Ceiling,325,0.079345703125,1.0000000000000013,2048.0,0.5,False,,,,3983188075
1,12,1,0.0,0.494654,0.0,0.0,0.709254,0.05224609375,0.0029296875,0.0625073425032987,0.002753102561089239,1036,Ceiling,423,0.103271484375,1.0000000000000013,2048.0,0.5,False,,,,3983188075
1,12,1,0.0,0.494654,0.0,0.0,0.709254,0.05224609375,0.0029296875,0.0625073425032987,0.002753102561089239,1036,Ceiling,550,0.13427734375,1.0000000000000013,2048.0,0.5,False,,,,3983188075
1,12,1,0.0,0.494654,0.0,0.0,0.709254,0.05224609375,0.0029296875,0.0625073425032987,0.002753102561089239,1036,Ceiling,715,0.174560546875,1.0000000000000013,2048.0,0.5,False,,,,3983188075
1,12,1,0.0,0.494654,0.0,0.0,0.709254,0.05224609375,0.0029296875,0.0625073425032987,0.002753102561089239,1036,Ceiling,931,0.227294921875,1.0000000000000013,2048.0,0.5,False,,,,3983188075
1,12,1,0.0,0.494654,0.0,0.0,0.709254,0.05224609375,0.0029296875,0.0625073425032987,0.002753102561089239,1036,Ceiling,1210,0.29541015625,1.0000000000000013,2048.0,0.5,False,,,,3983188075
1,12,1,0.0,0.494654,0.0,0.0,0.709254,0.05224609375,0.0029296875,0.0625073425032987,0.002753102561089239,1036,Ceiling,1575,0.384521484375,1.0000000000000013,2048.0,0.5,False,,,,3983188075
1,12,1,0.0,0.494654,0.0,0.0,0.709254,0.05224609375,0.0029296875,0.0625073425032987,0.002753102561089239,1036,Ceiling,2048,0.5,1.0000000000000013,2048.0,0.5,False,,,,3983188075
1,12,1,0.0,0.494654,0.0,0.0,0.709254,0.05224609375,0.0029296875,0.0625073425032987,0.0016053380057380895,2058,BARK,1,0.000244140625,0.0016053380057380895,220.0,0.0537109375,True,sector,,,3983188075
1,12,1,0.0,0.494654,0.0,0.0,0.709254,0.05224609375,0.0029296875,0.0625073425032987,0.0016053380057380895,2058,BARK,2,0.00048828125,0.006068261049659366,220.0,0.0537109375,True,sector,,,3983188075
1,12,1,0.0,0.494654,0.0,0.0,0.709254,0.05224609375,0.0029296875,0.0625073425032987,0.0016053380057380895,2058,BARK,3,0.000732421875,0.012409685427172417,220.0,0.0537109375,True,sector,,,3983188075
1,12,1,0.0,0.494654,0.0,0.0,0.709254,0.05224609375,0.0029296875,0.0625073425032987,0.0016053380057380895,2058,BARK,4,0.0009765625,0.01875501874242678,220.0,0.0537109375,True,sector,,,3983188075
1,12,1,0.0,0.494654,0.0,0.0,0.709254,0.05224609375,0.0029296875,0.0625073425032987,0.0016053380057380895,2058,BARK,5,0.001220703125,0.02334728614665808,220.0,0.0537109375,True,sector,,,3983188075
1,12,1,0.0,0.494654,0.0,0.0,0.709254,0.05224609375,0.0029296875,0.0625073425032987,0.0016053380057380895,2058,BARK,6,0.00146484375,0.025344257634128006,220.0,0.0537109375,True,sector,,,3983188075
1,12,1,0.0,0.494654,0.0,0.0,0.709254,0.05224609375,0.0029296875,0.0625073425032987,0.0016053380057380895,2058,BARK,8,0.001953125,0.022919782535270522,220.0,0.0537109375,True,sector,,,3983188075
1,12,1,0.0,0.494654,0.0,0.0,0.709254,0.05224609375,0.0029296875,0.0625073425032987,0.0016053380057380895,2058,BARK,11,0.002685546875,0.004696347657495359,220.0,0.0537109375,True,sector,,,3983188075
1,12,1,0.0,0.494654,0.0,0.0,0.709254,0.05224609375,0.0029296875,0.0625073425032987,0.0016053380057380895,2058,BARK,14,0.00341796875,0.016274613440632343,220.0,0.0537109375,True,sector,,,3983188075
1,12,1,0.0,0.494654,0.0,0.0,0.709254,0.05224609375,0.0029296875,0.0625073425032987,0.0016053380057380895,2058,BARK,18,0.00439453125,0.024878617488388547,220.0,0.0537109375,True,sector,,,3983188075
1,12,1,0.0,0.494654,0.0,0.0,0.709254,0.05224609375,0.0029296875,0.0625073425032987,0.0016053380057380895,2058,BARK,23,0.005615234375,0.029844764093941465,220.0,0.0537109375,True,sector,,,3983188075
1,12,1,0.0,0.494654,0.0,0.0,0.709254,0.05224609375,0.0029296875,0.0625073425032987,0.0016053380057380895,2058,BARK,31,0.007568359375,0.03681821364483566,220.0,0.0537109375,True,sector,,,3983188075
1,12,1,0.0,0.494654,0.0,0.0,0.709254,0.05224609375,0.0029296875,0.0625073425032987,0.0016053380057380895,2058,BARK,40,0.009765625,0.028051451209321763,220.0,0.0537109375,True,sector,,,3983188075
1,12,1,0.0,0.494654,0.0,0.0,0.709254,0.05224609375,0.0029296875,0.0625073425032987,0.0016053380057380895,2058,BARK,52,0.0126953125,0.05338217821180625,220.0,0.0537109375,True,sector,,,3983188075
1,12,1,0.0,0.494654,0.0,0.0,0.709254,0.05224609375,0.0029296875,0.0625073425032987,0.0016053380057380895,2058,BARK,67,0.016357421875,0.13794947659168516,220.0,0.0537109375,True,sector,,,3983188075
1,12,1,0.0,0.494654,0.0,0.0,0.709254,0.05224609375,0.0029296875,0.0625073425032987,0.0016053380057380895,2058,BARK,87,0.021240234375,0.29528188132829,220.0,0.0537109375,True,sector,,,3983188075
1,12,1,0.0,0.494654,0.0,0.0,0.709254,0.05224609375,0.0029296875,0.0625073425032987,0.0016053380057380895,2058,BARK,114,0.02783203125,0.6522424164269662,220.0,0.0537109375,True,sector,,,3983188075
1,12,1,0.0,0.494654,0.0,0.0,0.709254,0.05224609375,0.0029296875,0.0625073425032987,0.0016053380057380895,2058,BARK,148,0.0361328125,0.8632106216915227,220.0,0.0537109375,True,sector,,,3983188075
1,12,1,0.0,0.494654,0.0,0.0,0.709254,0.05224609375,0.0029296875,0.0625073425032987,0.0016053380057380895,2058,BARK,192,0.046875,0.9855873151964113,220.0,0.0537109375,True,sector,,,3983188075
1,12,1,0.0,0.494654,0.0,0.0,0.709254,0.05224609375,0.0029296875,0.0625073425032987,0.0016053380057380895,2058,BARK,250,0.06103515625,1.0000000000000013,220.0,0.0537109375,True,sector,,,3983188075
1,12,1,0.0,0.494654,0.0,0.0,0.709254,0.05224609375,0.0029296875,0.0625073425032987,0.0016053380057380895,2058,BARK,325,0.079345703125,1.0000000000000013,220.0,0.0537109375,True,sector,,,3983188075
1,12,1,0.0,0.494654,0.0,0.0,0.709254,0.05224609375,0.0029296875,0.0625073425032987,0.0016053380057380895,2058,BARK,423,0.103271484375,1.0000000000000013,220.0,0.0537109375,True,sector,,,3983188075
1,12,1,0.0,0.494654,0.0,0.0,0.709254,0.05224609375,0.0029296875,0.0625073425032987,0.0016053380057380895,2058,BARK,550,0.13427734375,1.0000000000000013,220.0,0.0537109375,True,sector,,,3983188075
1,12,1,0.0,0.494654,0.0,0.0,0.709254,0.05224609375,0.0029296875,0.0625073425032987,0.0016053380057380895,2058,BARK,715,0.174560546875,1.0000000000000013,220.0,0.0537109375,True,sector,,,3983188075
1,12,1,0.0,0.494654,0.0,0.0,0.709254,0.05224609375,0.0029296875,0.0625073425032987,0.0016053380057380895,2058,BARK,931,0.227294921875,1.0000000000000013,220.0,0.0537109375,True,sector,,,3983188075
1,12,1,0.0,0.494654,0.0,0.0,0.709254,0.05224609375,0.0029296875,0.0625073425032987,0.0016053380057380895,2058,BARK,1210,0.29541015625,1.0000000000000013,220.0,0.0537109375,True,sector,,,3983188075
1,12,1,0.0,0.494654,0.0,0.0,0.709254,0.05224609375,0.0029296875,0.0625073425032987,0.0016053380057380895,2058,BARK,1575,0.384521484375,1.0000000000000013,220.0,0.0537109375,True,sector,,,3983188075
1,12,1,0.0,0.494654,0.0,0.0,0.709254,0.05224609375,0.0029296875,0.0625073425032987,0.0016053380057380895,2058,BARK,2048,0.5,1.0000000000000013,220.0,0.0537109375,True,sector,,,3983188075
1,12,1,0.0,0.494654,0.0,0.0,0.709254,0.05224609375,0.0029296875,0.0625073425032987,0.0016053380057380895,2058,Simplified BARK,1,0.000244140625,0.0016053380057380895,220.0,0.0537109375,True,sector,,,3983188075
1,12,1,0.0,0.494654,0.0,0.0,0.709254,0.05224609375,0.0029296875,0.0625073425032987,0.0016053380057380895,2058,Simplified BARK,2,0.00048828125,0.006068261049659366,220.0,0.0537109375,True,sector,,,3983188075
1,12,1,0.0,0.494654,0.0,0.0,0.709254,0.05224609375,0.0029296875,0.0625073425032987,0.0016053380057380895,2058,Simplified BARK,3,0.000732421875,0.012409685427172417,220.0,0.0537109375,True,sector,,,3983188075
1,12,1,0.0,0.494654,0.0,0.0,0.709254,0.05224609375,0.0029296875,0.0625073425032987,0.0016053380057380895,2058,Simplified BARK,4,0.0009765625,0.01875501874242678,220.0,0.0537109375,True,sector,,,3983188075
1,12,1,0.0,0.494654,0.0,0.0,0.709254,0.05224609375,0.0029296875,0.0625073425032987,0.0016053380057380895,2058,Simplified BARK,5,0.001220703125,0.02334728614665808,220.0,0.0537109375,True,sector,,,3983188075
1,12,1,0.0,0.494654,0.0,0.0,0.709254,0.05224609375,0.0029296875,0.0625073425032987,0.0016053380057380895,2058,Simplified BARK,6,0.00146484375,0.025344257634128006,220.0,0.0537109375,True,sector,,,3983188075
1,12,1,0.0,0.494654,0.0,0.0,0.709254,0.05224609375,0.0029296875,0.0625073425032987,0.0016053380057380895,2058,Simplified BARK,8,0.001953125,0.022919782535270522,220.0,0.0537109375,True,sector,,,3983188075
1,12,1,0.0,0.494654,0.0,0.0,0.709254,0.05224609375,0.0029296875,0.0625073425032987,0.0016053380057380895,2058,Simplified BARK,11,0.002685546875,0.01525396902562194,220.0,0.0537109375,True,sector,,,3983188075
1,12,1,0.0,0.494654,0.0,0.0,0.709254,0.05224609375,0.0029296875,0.0625073425032987,0.0016053380057380895,2058,Simplified BARK,14,0.00341796875,0.004833679785285342,220.0,0.0537109375,True,sector,,,3983188075
1,12,1,0.0,0.494654,0.0,0.0,0.709254,0.05224609375,0.0029296875,0.0625073425032987,0.0016053380057380895,2058,Simplified BARK,18,0.00439453125,0.00027930101003938965,220.0,0.0537109375,True,sector,,,3983188075
1,12,1,0.0,0.494654,0.0,0.0,0.709254,0.05224609375,0.0029296875,0.0625073425032987,0.0016053380057380895,2058,Simplified BARK,23,0.005615234375,0.001200997694290925,220.0,0.0537109375,True,sector,,,3983188075
1,12,1,0.0,0.494654,0.0,0.0,0.709254,0.05224609375,0.0029296875,0.0625073425032987,0.0016053380057380895,2058,Simplified BARK,31,0.007568359375,0.004195002072204254,220.0,0.0537109375,True,sector,,,3983188075
1,12,1,0.0,0.494654,0.0,0.0,0.709254,0.05224609375,0.0029296875,0.0625073425032987,0.0016053380057380895,2058,Simplified BARK,40,0.009765625,0.011806790869337115,220.0,0.0537109375,True,sector,,,3983188075
1,12,1,0.0,0.494654,0.0,0.0,0.709254,0.05224609375,0.0029296875,0.0625073425032987,0.0016053380057380895,2058,Simplified BARK,52,0.0126953125,0.04503749417583037,220.0,0.0537109375,True,sector,,,3983188075
1,12,1,0.0,0.494654,0.0,0.0,0.709254,0.05224609375,0.0029296875,0.0625073425032987,0.0016053380057380895,2058,Simplified BARK,67,0.016357421875,0.07794440717808465,220.0,0.0537109375,True,sector,,,3983188075
1,12,1,0.0,0.494654,0.0,0.0,0.709254,0.05224609375,0.0029296875,0.0625073425032987,0.0016053380057380895,2058,Simplified BARK,87,0.021240234375,0.1964333481724121,220.0,0.0537109375,True,sector,,,3983188075
1,12,1,0.0,0.494654,0.0,0.0,0.709254,0.05224609375,0.0029296875,0.0625073425032987,0.0016053380057380895,2058,Simplified BARK,114,0.02783203125,0.4623594788036841,220.0,0.0537109375,True,sector,,,3983188075
1,12,1,0.0,0.494654,0.0,0.0,0.709254,0.05224609375,0.0029296875,0.0625073425032987,0.0016053380057380895,2058,Simplified BARK,148,0.0361328125,0.7712208789656826,220.0,0.0537109375,True,sector,,,3983188075
1,12,1,0.0,0.494654,0.0,0.0,0.709254,0.05224609375,0.0029296875,0.0625073425032987,0.0016053380057380895,2058,Simplified BARK,192,0.046875,0.9691272173447819,220.0,0.0537109375,True,sector,,,3983188075
1,12,1,0.0,0.494654,0.0,0.0,0.709254,0.05224609375,0.0029296875,0.0625073425032987,0.0016053380057380895,2058,Simplified BARK,250,0.06103515625,1.0000000000000009,220.0,0.0537109375,True,sector,,,3983188075
1,12,1,0.0,0.494654,0.0,0.0,0.709254,0.05224609375,0.0029296875,0.0625073425032987,0.0016053380057380895,2058,Simplified BARK,325,0.079345703125,1.0000000000000009,220.0,0.0537109375,True,sector,,,3983188075
1,12,1,0.0,0.494654,0.0,0.0,0.709254,0.05224609375,0.0029296875,0.0625073425032987,0.0016053380057380895,2058,Simplified BARK,423,0.103271484375,1.0000000000000009,220.0,0.0537109375,True,sector,,,3983188075
1,12,1,0.0,0.494654,0.0,0.0,0.709254,0.05224609375,0.0029296875,0.0625073425032987,0.0016053380057380895,2058,Simplified BARK,550,0.13427734375,1.0000000000000009,220.0,0.0537109375,True,sector,,,3983188075
1,12,1,0.0,0.494654,0.0,0.0,0.709254,0.05224609375,0.0029296875,0.0625073425032987,0.0016053380057380895,2058,Simplified BARK,715,0.174560546875,1.0000000000000009,220.0,0.0537109375,True,sector,,,3983188075
1,12,1,0.0,0.494654,0.0,0.0,0.709254,0.05224609375,0.0029296875,0.0625073425032987,0.0016053380057380895,2058,Simplified BARK,931,0.227294921875,1.0000000000000009,220.0,0.0537109375,True,sector,,,3983188075
1,12,1,0.0,0.494654,0.0,0.0,0.709254,0.05224609375,0.0029296875,0.0625073425032987,0.0016053380057380895,2058,Simplified BARK,1210,0.29541015625,1.0000000000000009,220.0,0.0537109375,True,sector,,,3983188075
1,12,1,0.0,0.494654,0.0,0.0,0.709254,0.05224609375,0.0029296875,0.0625073425032987,0.0016053380057380895,2058,Simplified BARK,1575,0.384521484375,1.0000000000000009,220.0,0.0537109375,True,sector,,,3983188075
1,12,1,0.0,0.494654,0.0,0.0,0.709254,0.05224609375,0.0029296875,0.0625073425032987,0.0016053380057380895,2058,Simplified BARK,2048,0.5,1.0000000000000009,220.0,0.0537109375,True,sector,,,3983188075
1,12,1,0.0,0.494654,0.0,0.0,0.709254,0.05224609375,0.0029296875,0.0625073425032987,0.0016053380057380895,2058,SKQD,1,0.000244140625,0.0016053380057380895,220.0,0.0537109375,True,converged;converged;converged,0.02,1000.0,3983188075
1,12,1,0.0,0.494654,0.0,0.0,0.709254,0.05224609375,0.0029296875,0.0625073425032987,0.0016053380057380895,2058,SKQD,2,0.00048828125,0.0018909277833513531,220.0,0.0537109375,True,converged;converged;converged,0.02,1000.0,3983188075
1,12,1,0.0,0.494654,0.0,0.0,0.709254,0.05224609375,0.0029296875,0.0625073425032987,0.0016053380057380895,2058,SKQD,3,0.000732421875,0.0034064490814645324,220.0,0.0537109375,True,converged;converged;converged,0.02,1000.0,3983188075
1,12,1,0.0,0.494654,0.0,0.0,0.709254,0.05224609375,0.0029296875,0.0625073425032987,0.0016053380057380895,2058,SKQD,4,0.0009765625,0.005082960339694445,220.0,0.0537109375,True,converged;converged;converged,0.02,1000.0,3983188075
1,12,1,0.0,0.494654,0.0,0.0,0.709254,0.05224609375,0.0029296875,0.0625073425032987,0.0016053380057380895,2058,SKQD,5,0.001220703125,0.005255741603695924,220.0,0.0537109375,True,converged;converged;converged,0.02,1000.0,3983188075
1,12,1,0.0,0.494654,0.0,0.0,0.709254,0.05224609375,0.0029296875,0.0625073425032987,0.0016053380057380895,2058,SKQD,6,0.00146484375,0.00890018747802371,220.0,0.0537109375,True,converged;converged;converged,0.02,1000.0,3983188075
1,12,1,0.0,0.494654,0.0,0.0,0.709254,0.05224609375,0.0029296875,0.0625073425032987,0.0016053380057380895,2058,SKQD,8,0.001953125,0.01156388452009837,220.0,0.0537109375,True,converged;converged;converged,0.02,1000.0,3983188075
1,12,1,0.0,0.494654,0.0,0.0,0.709254,0.05224609375,0.0029296875,0.0625073425032987,0.0016053380057380895,2058,SKQD,11,0.002685546875,0.015587202327257951,220.0,0.0537109375,True,converged;converged;converged,0.02,1000.0,3983188075
1,12,1,0.0,0.494654,0.0,0.0,0.709254,0.05224609375,0.0029296875,0.0625073425032987,0.0016053380057380895,2058,SKQD,14,0.00341796875,0.02952536182779238,220.0,0.0537109375,True,converged;converged;converged,0.02,1000.0,3983188075
1,12,1,0.0,0.494654,0.0,0.0,0.709254,0.05224609375,0.0029296875,0.0625073425032987,0.0016053380057380895,2058,SKQD,18,0.00439453125,0.04434840020541794,220.0,0.0537109375,True,converged;converged;converged,0.02,1000.0,3983188075
1,12,1,0.0,0.494654,0.0,0.0,0.709254,0.05224609375,0.0029296875,0.0625073425032987,0.0016053380057380895,2058,SKQD,23,0.005615234375,0.0639276779093511,220.0,0.0537109375,True,converged;converged;converged,0.02,1000.0,3983188075
1,12,1,0.0,0.494654,0.0,0.0,0.709254,0.05224609375,0.0029296875,0.0625073425032987,0.0016053380057380895,2058,SKQD,31,0.007568359375,0.10504707730033253,220.0,0.0537109375,True,converged;converged;converged,0.02,1000.0,3983188075
1,12,1,0.0,0.494654,0.0,0.0,0.709254,0.05224609375,0.0029296875,0.0625073425032987,0.0016053380057380895,2058,SKQD,40,0.009765625,0.157903100744132,220.0,0.0537109375,True,converged;converged;converged,0.02,1000.0,3983188075
1,12,1,0.0,0.494654,0.0,0.0,0.709254,0.05224609375,0.0029296875,0.0625073425032987,0.0016053380057380895,2058,SKQD,52,0.0126953125,0.256197849156363,220.0,0.0537109375,True,converged;converged;converged,0.02,1000.0,3983188075
1,12,1,0.0,0.494654,0.0,0.0,0.709254,0.05224609375,0.0029296875,0.0625073425032987,0.0016053380057380895,2058,SKQD,67,0.016357421875,0.3957088978438639,220.0,0.0537109375,True,converged;converged;converged,0.02,1000.0,3983188075
1,12,1,0.0,0.494654,0.0,0.0,0.709254,0.05224609375,0.0029296875,0.0625073425032987,0.0016053380057380895,2058,SKQD,87,0.021240234375,0.5792289273990373,220.0,0.0537109375,True,converged;converged;converged,0.02,1000.0,3983188075
1,12,1,0.0,0.494654,0.0,0.0,0.709254,0.05224609375,0.0029296875,0.0625073425032987,0.0016053380057380895,2058,SKQD,114,0.02783203125,0.7479846431367543,220.0,0.0537109375,True,converged;converged;converged,0.02,1000.0,3983188075
1,12,1,0.0,0.494654,0.0,0.0,0.709254,0.05224609375,0.0029296875,0.0625073425032987,0.0016053380057380895,2058,SKQD,148,0.0361328125,0.9385376543365735,220.0,0.0537109375,True,converged;converged;converged,0.02,1000.0,3983188075
1,12,1,0.0,0.494654,0.0,0.0,0.709254,0.05224609375,0.0029296875,0.0625073425032987,0.0016053380057380895,2058,SKQD,192,0.046875,0.9846412401692369,220.0,0.0537109375,True,converged;converged;converged,0.02,1000.0,3983188075
1,12,1,0.0,0.494654,0.0,0.0,0.709254,0.05224609375,0.0029296875,0.0625073425032987,0.0016053380057380895,2058,SKQD,250,0.06103515625,1.000000000000001,220.0,0.0537109375,True,converged;converged;converged,0.02,1000.0,3983188075
1,12,1,0.0,0.494654,0.0,0.0,0.709254,0.05224609375,0.0029296875,0.0625073425032987,0.0016053380057380895,2058,SKQD,325,0.079345703125,1.000000000000001,220.0,0.0537109375,True,converged;converged;converged,0.02,1000.0,3983188075
1,12,1,0.0,0.494654,0.0,0.0,0.709254,0.05224609375,0.0029296875,0.0625073425032987,0.0016053380057380895,2058,SKQD,423,0.103271484375,1.000000000000001,220.0,0.0537109375,True,converged;converged;converged,0.02,1000.0,3983188075
1,12,1,0.0,0.494654,0.0,0.0,0.709254,0.05224609375,0.0029296875,0.0625073425032987,0.0016053380057380895,2058,SKQD,550,0.13427734375,1.000000000000001,220.0,0.0537109375,True,converged;converged;converged,0.02,1000.0,3983188075
1,12,1,0.0,0.494654,0.0,0.0,0.709254,0.05224609375,0.0029296875,0.0625073425032987,0.0016053380057380895,2058,SKQD,715,0.174560546875,1.000000000000001,220.0,0.0537109375,True,converged;converged;converged,0.02,1000.0,3983188075
1,12,1,0.0,0.494654,0.0,0.0,0.709254,0.05224609375,0.0029296875,0.0625073425032987,0.0016053380057380895,2058,SKQD,931,0.227294921875,1.000000000000001,220.0,0.0537109375,True,converged;converged;converged,0.02,1000.0,3983188075
1,12,1,0.0,0.494654,0.0,0.0,0.709254,0.05224609375,0.0029296875,0.0625073425032987,0.0016053380057380895,2058,SKQD,1210,0.29541015625,1.000000000000001,220.0,0.0537109375,True,converged;converged;converged,0.02,1000.0,3983188075
1,12,1,0.0,0.494654,0.0,0.0,0.709254,0.05224609375,0.0029296875,0.0625073425032987,0.0016053380057380895,2058,SKQD,1575,0.384521484375,1.000000000000001,220.0,0.0537109375,True,converged;converged;converged,0.02,1000.0,3983188075
1,12,1,0.0,0.494654,0.0,0.0,0.709254,0.05224609375,0.0029296875,0.0625073425032987,0.0016053380057380895,2058,SKQD,2048,0.5,1.000000000000001,220.0,0.0537109375,True,converged;converged;converged,0.02,1000.0,3983188075
1,12,1,0.0,0.494654,0.0,0.0,0.709254,0.05224609375,0.0029296875,0.0625073425032987,0.0016053380057380895,2058,Ceiling,1,0.000244140625,0.02964050737645611,2048.0,0.5,False,,,,3983188075
1,12,1,0.0,0.494654,0.0,0.0,0.709254,0.05224609375,0.0029296875,0.0625073425032987,0.0016053380057380895,2058,Ceiling,2,0.00048828125,0.05928101475291217,2048.0,0.5,False,,,,3983188075
1,12,1,0.0,0.494654,0.0,0.0,0.709254,0.05224609375,0.0029296875,0.0625073425032987,0.0016053380057380895,2058,Ceiling,3,0.000732421875,0.0850124962948804,2048.0,0.5,False,,,,3983188075
1,12,1,0.0,0.494654,0.0,0.0,0.709254,0.05224609375,0.0029296875,0.0625073425032987,0.0016053380057380895,2058,Ceiling,4,0.0009765625,0.11074397783684857,2048.0,0.5,False,,,,3983188075
1,12,1,0.0,0.494654,0.0,0.0,0.709254,0.05224609375,0.0029296875,0.0625073425032987,0.0016053380057380895,2058,Ceiling,5,0.001220703125,0.13398309518297133,2048.0,0.5,False,,,,3983188075
1,12,1,0.0,0.494654,0.0,0.0,0.709254,0.05224609375,0.0029296875,0.0625073425032987,0.0016053380057380895,2058,Ceiling,6,0.00146484375,0.15722221252909407,2048.0,0.5,False,,,,3983188075
1,12,1,0.0,0.494654,0.0,0.0,0.709254,0.05224609375,0.0029296875,0.0625073425032987,0.0016053380057380895,2058,Ceiling,8,0.001953125,0.2015621296661774,2048.0,0.5,False,,,,3983188075
1,12,1,0.0,0.494654,0.0,0.0,0.709254,0.05224609375,0.0029296875,0.0625073425032987,0.0016053380057380895,2058,Ceiling,11,0.002685546875,0.2610367590088432,2048.0,0.5,False,,,,3983188075
1,12,1,0.0,0.494654,0.0,0.0,0.709254,0.05224609375,0.0029296875,0.0625073425032987,0.0016053380057380895,2058,Ceiling,14,0.00341796875,0.31659528343449245,2048.0,0.5,False,,,,3983188075
1,12,1,0.0,0.494654,0.0,0.0,0.709254,0.05224609375,0.0029296875,0.0625073425032987,0.0016053380057380895,2058,Ceiling,18,0.00439453125,0.3853643482058877,2048.0,0.5,False,,,,3983188075
1,12,1,0.0,0.494654,0.0,0.0,0.709254,0.05224609375,0.0029296875,0.0625073425032987,0.0016053380057380895,2058,Ceiling,23,0.005615234375,0.4582398582498838,2048.0,0.5,False,,,,3983188075
1,12,1,0.0,0.494654,0.0,0.0,0.709254,0.05224609375,0.0029296875,0.0625073425032987,0.0016053380057380895,2058,Ceiling,31,0.007568359375,0.5580082961372026,2048.0,0.5,False,,,,3983188075
1,12,1,0.0,0.494654,0.0,0.0,0.709254,0.05224609375,0.0029296875,0.0625073425032987,0.0016053380057380895,2058,Ceiling,40,0.009765625,0.6367049395209009,2048.0,0.5,False,,,,3983188075
1,12,1,0.0,0.494654,0.0,0.0,0.709254,0.05224609375,0.0029296875,0.0625073425032987,0.0016053380057380895,2058,Ceiling,52,0.0126953125,0.7220310831211167,2048.0,0.5,False,,,,3983188075
1,12,1,0.0,0.494654,0.0,0.0,0.709254,0.05224609375,0.0029296875,0.0625073425032987,0.0016053380057380895,2058,Ceiling,67,0.016357421875,0.8036798825454115,2048.0,0.5,False,,,,3983188075
1,12,1,0.0,0.494654,0.0,0.0,0.709254,0.05224609375,0.0029296875,0.0625073425032987,0.0016053380057380895,2058,Ceiling,87,0.021240234375,0.8829277023622185,2048.0,0.5,False,,,,3983188075
1,12,1,0.0,0.494654,0.0,0.0,0.709254,0.05224609375,0.0029296875,0.0625073425032987,0.0016053380057380895,2058,Ceiling,114,0.02783203125,0.9496421456844544,2048.0,0.5,False,,,,3983188075
1,12,1,0.0,0.494654,0.0,0.0,0.709254,0.05224609375,0.0029296875,0.0625073425032987,0.0016053380057380895,2058,Ceiling,148,0.0361328125,0.9869192539376296,2048.0,0.5,False,,,,3983188075
1,12,1,0.0,0.494654,0.0,0.0,0.709254,0.05224609375,0.0029296875,0.0625073425032987,0.0016053380057380895,2058,Ceiling,192,0.046875,0.9995832330174659,2048.0,0.5,False,,,,3983188075
1,12,1,0.0,0.494654,0.0,0.0,0.709254,0.05224609375,0.0029296875,0.0625073425032987,0.0016053380057380895,2058,Ceiling,250,0.06103515625,1.0000000000000013,2048.0,0.5,False,,,,3983188075
1,12,1,0.0,0.494654,0.0,0.0,0.709254,0.05224609375,0.0029296875,0.0625073425032987,0.0016053380057380895,2058,Ceiling,325,0.079345703125,1.0000000000000013,2048.0,0.5,False,,,,3983188075
1,12,1,0.0,0.494654,0.0,0.0,0.709254,0.05224609375,0.0029296875,0.0625073425032987,0.0016053380057380895,2058,Ceiling,423,0.103271484375,1.0000000000000013,2048.0,0.5,False,,,,3983188075
1,12,1,0.0,0.494654,0.0,0.0,0.709254,0.05224609375,0.0029296875,0.0625073425032987,0.0016053380057380895,2058,Ceiling,550,0.13427734375,1.0000000000000013,2048.0,0.5,False,,,,3983188075
1,12,1,0.0,0.494654,0.0,0.0,0.709254,0.05224609375,0.0029296875,0.0625073425032987,0.0016053380057380895,2058,Ceiling,715,0.174560546875,1.0000000000000013,2048.0,0.5,False,,,,3983188075
1,12,1,0.0,0.494654,0.0,0.0,0.709254,0.05224609375,0.0029296875,0.0625073425032987,0.0016053380057380895,2058,Ceiling,931,0.227294921875,1.0000000000000013,2048.0,0.5,False,,,,3983188075
1,12,1,0.0,0.494654,0.0,0.0,0.709254,0.05224609375,0.0029296875,0.0625073425032987,0.0016053380057380895,2058,Ceiling,1210,0.29541015625,1.0000000000000013,2048.0,0.5,False,,,,3983188075
1,12,1,0.0,0.494654,0.0,0.0,0.709254,0.05224609375,0.0029296875,0.0625073425032987,0.0016053380057380895,2058,Ceiling,1575,0.384521484375,1.0000000000000013,2048.0,0.5,False,,,,3983188075
1,12,1,0.0,0.494654,0.0,0.0,0.709254,0.05224609375,0.0029296875,0.0625073425032987,0.0016053380057380895,2058,Ceiling,2048,0.5,1.0000000000000013,2048.0,0.5,False,,,,3983188075
1,12,1,0.0,0.494654,0.0,0.0,0.709254,0.05224609375,0.0029296875,0.0625073425032987,0.012914602878626748,328,BARK,1,0.000244140625,0.012914602878626748,220.0,0.0537109375,True,sector,,,3983188075
1,12,1,0.0,0.494654,0.0,0.0,0.709254,0.05224609375,0.0029296875,0.0625073425032987,0.012914602878626748,328,BARK,2,0.00048828125,0.014193409165350092,220.0,0.0537109375,True,sector,,,3983188075
1,12,1,0.0,0.494654,0.0,0.0,0.709254,0.05224609375,0.0029296875,0.0625073425032987,0.012914602878626748,328,BARK,3,0.000732421875,0.01736471745157967,220.0,0.0537109375,True,sector,,,3983188075
1,12,1,0.0,0.494654,0.0,0.0,0.709254,0.05224609375,0.0029296875,0.0625073425032987,0.012914602878626748,328,BARK,4,0.0009765625,0.03141346288377806,220.0,0.0537109375,True,sector,,,3983188075
1,12,1,0.0,0.494654,0.0,0.0,0.709254,0.05224609375,0.0029296875,0.0625073425032987,0.012914602878626748,328,BARK,5,0.001220703125,0.0366671290886791,220.0,0.0537109375,True,sector,,,3983188075
1,12,1,0.0,0.494654,0.0,0.0,0.709254,0.05224609375,0.0029296875,0.0625073425032987,0.012914602878626748,328,BARK,6,0.00146484375,0.03759867359156671,220.0,0.0537109375,True,sector,,,3983188075
1,12,1,0.0,0.494654,0.0,0.0,0.709254,0.05224609375,0.0029296875,0.0625073425032987,0.012914602878626748,328,BARK,8,0.001953125,0.04884441844556824,220.0,0.0537109375,True,sector,,,3983188075
1,12,1,0.0,0.494654,0.0,0.0,0.709254,0.05224609375,0.0029296875,0.0625073425032987,0.012914602878626748,328,BARK,11,0.002685546875,0.09082488093828961,220.0,0.0537109375,True,sector,,,3983188075
1,12,1,0.0,0.494654,0.0,0.0,0.709254,0.05224609375,0.0029296875,0.0625073425032987,0.012914602878626748,328,BARK,14,0.00341796875,0.11141248101988153,220.0,0.0537109375,True,sector,,,3983188075
1,12,1,0.0,0.494654,0.0,0.0,0.709254,0.05224609375,0.0029296875,0.0625073425032987,0.012914602878626748,328,BARK,18,0.00439453125,0.10851154240004661,220.0,0.0537109375,True,sector,,,3983188075
1,12,1,0.0,0.494654,0.0,0.0,0.709254,0.05224609375,0.0029296875,0.0625073425032987,0.012914602878626748,328,BARK,23,0.005615234375,0.13421911026820577,220.0,0.0537109375,True,sector,,,3983188075
1,12,1,0.0,0.494654,0.0,0.0,0.709254,0.05224609375,0.0029296875,0.0625073425032987,0.012914602878626748,328,BARK,31,0.007568359375,0.16613187810331909,220.0,0.0537109375,True,sector,,,3983188075
1,12,1,0.0,0.494654,0.0,0.0,0.709254,0.05224609375,0.0029296875,0.0625073425032987,0.012914602878626748,328,BARK,40,0.009765625,0.20037076463199816,220.0,0.0537109375,True,sector,,,3983188075
1,12,1,0.0,0.494654,0.0,0.0,0.709254,0.05224609375,0.0029296875,0.0625073425032987,0.012914602878626748,328,BARK,52,0.0126953125,0.1927707343876033,220.0,0.0537109375,True,sector,,,3983188075
1,12,1,0.0,0.494654,0.0,0.0,0.709254,0.05224609375,0.0029296875,0.0625073425032987,0.012914602878626748,328,BARK,67,0.016357421875,0.1687047717965141,220.0,0.0537109375,True,sector,,,3983188075
1,12,1,0.0,0.494654,0.0,0.0,0.709254,0.05224609375,0.0029296875,0.0625073425032987,0.012914602878626748,328,BARK,87,0.021240234375,0.35895371442475527,220.0,0.0537109375,True,sector,,,3983188075
1,12,1,0.0,0.494654,0.0,0.0,0.709254,0.05224609375,0.0029296875,0.0625073425032987,0.012914602878626748,328,BARK,114,0.02783203125,0.6355669760110325,220.0,0.0537109375,True,sector,,,3983188075
1,12,1,0.0,0.494654,0.0,0.0,0.709254,0.05224609375,0.0029296875,0.0625073425032987,0.012914602878626748,328,BARK,148,0.0361328125,0.8461815689695994,220.0,0.0537109375,True,sector,,,3983188075
1,12,1,0.0,0.494654,0.0,0.0,0.709254,0.05224609375,0.0029296875,0.0625073425032987,0.012914602878626748,328,BARK,192,0.046875,0.9957077537152427,220.0,0.0537109375,True,sector,,,3983188075
1,12,1,0.0,0.494654,0.0,0.0,0.709254,0.05224609375,0.0029296875,0.0625073425032987,0.012914602878626748,328,BARK,250,0.06103515625,1.0000000000000013,220.0,0.0537109375,True,sector,,,3983188075
1,12,1,0.0,0.494654,0.0,0.0,0.709254,0.05224609375,0.0029296875,0.0625073425032987,0.012914602878626748,328,BARK,325,0.079345703125,1.0000000000000013,220.0,0.0537109375,True,sector,,,3983188075
1,12,1,0.0,0.494654,0.0,0.0,0.709254,0.05224609375,0.0029296875,0.0625073425032987,0.012914602878626748,328,BARK,423,0.103271484375,1.0000000000000013,220.0,0.0537109375,True,sector,,,3983188075
1,12,1,0.0,0.494654,0.0,0.0,0.709254,0.05224609375,0.0029296875,0.0625073425032987,0.012914602878626748,328,BARK,550,0.13427734375,1.0000000000000013,220.0,0.0537109375,True,sector,,,3983188075
1,12,1,0.0,0.494654,0.0,0.0,0.709254,0.05224609375,0.0029296875,0.0625073425032987,0.012914602878626748,328,BARK,715,0.174560546875,1.0000000000000013,220.0,0.0537109375,True,sector,,,3983188075
1,12,1,0.0,0.494654,0.0,0.0,0.709254,0.05224609375,0.0029296875,0.0625073425032987,0.012914602878626748,328,BARK,931,0.227294921875,1.0000000000000013,220.0,0.0537109375,True,sector,,,3983188075
1,12,1,0.0,0.494654,0.0,0.0,0.709254,0.05224609375,0.0029296875,0.0625073425032987,0.012914602878626748,328,BARK,1210,0.29541015625,1.0000000000000013,220.0,0.0537109375,True,sector,,,3983188075
1,12,1,0.0,0.494654,0.0,0.0,0.709254,0.05224609375,0.0029296875,0.0625073425032987,0.012914602878626748,328,BARK,1575,0.384521484375,1.0000000000000013,220.0,0.0537109375,True,sector,,,3983188075
1,12,1,0.0,0.494654,0.0,0.0,0.709254,0.05224609375,0.0029296875,0.0625073425032987,0.012914602878626748,328,BARK,2048,0.5,1.0000000000000013,220.0,0.0537109375,True,sector,,,3983188075
1,12,1,0.0,0.494654,0.0,0.0,0.709254,0.05224609375,0.0029296875,0.0625073425032987,0.012914602878626748,328,Simplified BARK,1,0.000244140625,0.012914602878626748,220.0,0.0537109375,True,sector,,,3983188075
1,12,1,0.0,0.494654,0.0,0.0,0.709254,0.05224609375,0.0029296875,0.0625073425032987,0.012914602878626748,328,Simplified BARK,2,0.00048828125,0.014193409165350092,220.0,0.0537109375,True,sector,,,3983188075
1,12,1,0.0,0.494654,0.0,0.0,0.709254,0.05224609375,0.0029296875,0.0625073425032987,0.012914602878626748,328,Simplified BARK,3,0.000732421875,0.01736471745157967,220.0,0.0537109375,True,sector,,,3983188075
1,12,1,0.0,0.494654,0.0,0.0,0.709254,0.05224609375,0.0029296875,0.0625073425032987,0.012914602878626748,328,Simplified BARK,4,0.0009765625,0.01678717654027255,220.0,0.0537109375,True,sector,,,3983188075
1,12,1,0.0,0.494654,0.0,0.0,0.709254,0.05224609375,0.0029296875,0.0625073425032987,0.012914602878626748,328,Simplified BARK,5,0.001220703125,0.015370087790966908,220.0,0.0537109375,True,sector,,,3983188075
1,12,1,0.0,0.494654,0.0,0.0,0.709254,0.05224609375,0.0029296875,0.0625073425032987,0.012914602878626748,328,Simplified BARK,6,0.00146484375,0.013181593288061474,220.0,0.0537109375,True,sector,,,3983188075
1,12,1,0.0,0.494654,0.0,0.0,0.709254,0.05224609375,0.0029296875,0.0625073425032987,0.012914602878626748,328,Simplified BARK,8,0.001953125,0.01013137002549752,220.0,0.0537109375,True,sector,,,3983188075
1,12,1,0.0,0.494654,0.0,0.0,0.709254,0.05224609375,0.0029296875,0.0625073425032987,0.012914602878626748,328,Simplified BARK,11,0.002685546875,0.006746093332322868,220.0,0.0537109375,True,sector,,,3983188075
1,12,1,0.0,0.494654,0.0,0.0,0.709254,0.05224609375,0.0029296875,0.0625073425032987,0.012914602878626748,328,Simplified BARK,14,0.00341796875,0.004489317437695063,220.0,0.0537109375,True,sector,,,3983188075
1,12,1,0.0,0.494654,0.0,0.0,0.709254,0.05224609375,0.0029296875,0.0625073425032987,0.012914602878626748,328,Simplified BARK,18,0.00439453125,9.825545321382011e-05,220.0,0.0537109375,True,sector,,,3983188075
1,12,1,0.0,0.494654,0.0,0.0,0.709254,0.05224609375,0.0029296875,0.0625073425032987,0.012914602878626748,328,Simplified BARK,23,0.005615234375,0.0006962503071767144,220.0,0.0537109375,True,sector,,,3983188075
1,12,1,0.0,0.494654,0.0,0.0,0.709254,0.05224609375,0.0029296875,0.0625073425032987,0.012914602878626748,328,Simplified BARK,31,0.007568359375,0.003326428117322472,220.0,0.0537109375,True,sector,,,3983188075
1,12,1,0.0,0.494654,0.0,0.0,0.709254,0.05224609375,0.0029296875,0.0625073425032987,0.012914602878626748,328,Simplified BARK,40,0.009765625,0.010537445519571776,220.0,0.0537109375,True,sector,,,3983188075
1,12,1,0.0,0.494654,0.0,0.0,0.709254,0.05224609375,0.0029296875,0.0625073425032987,0.012914602878626748,328,Simplified BARK,52,0.0126953125,0.047633715282438184,220.0,0.0537109375,True,sector,,,3983188075
1,12,1,0.0,0.494654,0.0,0.0,0.709254,0.05224609375,0.0029296875,0.0625073425032987,0.012914602878626748,328,Simplified BARK,67,0.016357421875,0.09034855963419176,220.0,0.0537109375,True,sector,,,3983188075
1,12,1,0.0,0.494654,0.0,0.0,0.709254,0.05224609375,0.0029296875,0.0625073425032987,0.012914602878626748,328,Simplified BARK,87,0.021240234375,0.1942385313009895,220.0,0.0537109375,True,sector,,,3983188075
1,12,1,0.0,0.494654,0.0,0.0,0.709254,0.05224609375,0.0029296875,0.0625073425032987,0.012914602878626748,328,Simplified BARK,114,0.02783203125,0.46340178883208866,220.0,0.0537109375,True,sector,,,3983188075
1,12,1,0.0,0.494654,0.0,0.0,0.709254,0.05224609375,0.0029296875,0.0625073425032987,0.012914602878626748,328,Simplified BARK,148,0.0361328125,0.7710263935283573,220.0,0.0537109375,True,sector,,,3983188075
1,12,1,0.0,0.494654,0.0,0.0,0.709254,0.05224609375,0.0029296875,0.0625073425032987,0.012914602878626748,328,Simplified BARK,192,0.046875,0.9691272173447821,220.0,0.0537109375,True,sector,,,3983188075
1,12,1,0.0,0.494654,0.0,0.0,0.709254,0.05224609375,0.0029296875,0.0625073425032987,0.012914602878626748,328,Simplified BARK,250,0.06103515625,1.0000000000000009,220.0,0.0537109375,True,sector,,,3983188075
1,12,1,0.0,0.494654,0.0,0.0,0.709254,0.05224609375,0.0029296875,0.0625073425032987,0.012914602878626748,328,Simplified BARK,325,0.079345703125,1.0000000000000009,220.0,0.0537109375,True,sector,,,3983188075
1,12,1,0.0,0.494654,0.0,0.0,0.709254,0.05224609375,0.0029296875,0.0625073425032987,0.012914602878626748,328,Simplified BARK,423,0.103271484375,1.0000000000000009,220.0,0.0537109375,True,sector,,,3983188075
1,12,1,0.0,0.494654,0.0,0.0,0.709254,0.05224609375,0.0029296875,0.0625073425032987,0.012914602878626748,328,Simplified BARK,550,0.13427734375,1.0000000000000009,220.0,0.0537109375,True,sector,,,3983188075
1,12,1,0.0,0.494654,0.0,0.0,0.709254,0.05224609375,0.0029296875,0.0625073425032987,0.012914602878626748,328,Simplified BARK,715,0.174560546875,1.0000000000000009,220.0,0.0537109375,True,sector,,,3983188075
1,12,1,0.0,0.494654,0.0,0.0,0.709254,0.05224609375,0.0029296875,0.0625073425032987,0.012914602878626748,328,Simplified BARK,931,0.227294921875,1.0000000000000009,220.0,0.0537109375,True,sector,,,3983188075
1,12,1,0.0,0.494654,0.0,0.0,0.709254,0.05224609375,0.0029296875,0.0625073425032987,0.012914602878626748,328,Simplified BARK,1210,0.29541015625,1.0000000000000009,220.0,0.0537109375,True,sector,,,3983188075
1,12,1,0.0,0.494654,0.0,0.0,0.709254,0.05224609375,0.0029296875,0.0625073425032987,0.012914602878626748,328,Simplified BARK,1575,0.384521484375,1.0000000000000009,220.0,0.0537109375,True,sector,,,3983188075
1,12,1,0.0,0.494654,0.0,0.0,0.709254,0.05224609375,0.0029296875,0.0625073425032987,0.012914602878626748,328,Simplified BARK,2048,0.5,1.0000000000000009,220.0,0.0537109375,True,sector,,,3983188075
1,12,1,0.0,0.494654,0.0,0.0,0.709254,0.05224609375,0.0029296875,0.0625073425032987,0.012914602878626748,328,SKQD,1,0.000244140625,0.012914602878626747,220.0,0.0537109375,True,converged;converged;converged,0.02,186.0,3983188075
1,12,1,0.0,0.494654,0.0,0.0,0.709254,0.05224609375,0.0029296875,0.0625073425032987,0.012914602878626748,328,SKQD,2,0.00048828125,0.01480156932373653,220.0,0.0537109375,True,converged;converged;converged,0.02,186.0,3983188075
1,12,1,0.0,0.494654,0.0,0.0,0.709254,0.05224609375,0.0029296875,0.0625073425032987,0.012914602878626748,328,SKQD,3,0.000732421875,0.026889772576133564,220.0,0.0537109375,True,converged;converged;converged,0.02,186.0,3983188075
1,12,1,0.0,0.494654,0.0,0.0,0.709254,0.05224609375,0.0029296875,0.0625073425032987,0.012914602878626748,328,SKQD,4,0.0009765625,0.04167886859287625,220.0,0.0537109375,True,converged;converged;converged,0.02,186.0,3983188075
1,12,1,0.0,0.494654,0.0,0.0,0.709254,0.05224609375,0.0029296875,0.0625073425032987,0.012914602878626748,328,SKQD,5,0.001220703125,0.04547507137047915,220.0,0.0537109375,True,converged;converged;converged,0.02,186.0,3983188075
1,12,1,0.0,0.494654,0.0,0.0,0.709254,0.05224609375,0.0029296875,0.0625073425032987,0.012914602878626748,328,SKQD,6,0.00146484375,0.05190846176358375,220.0,0.0537109375,True,converged;converged;converged,0.02,186.0,3983188075
1,12,1,0.0,0.494654,0.0,0.0,0.709254,0.05224609375,0.0029296875,0.0625073425032987,0.012914602878626748,328,SKQD,8,0.001953125,0.06535996966669168,220.0,0.0537109375,True,converged;converged;converged,0.02,186.0,3983188075
1,12,1,0.0,0.494654,0.0,0.0,0.709254,0.05224609375,0.0029296875,0.0625073425032987,0.012914602878626748,328,SKQD,11,0.002685546875,0.08205196541834293,220.0,0.0537109375,True,converged;converged;converged,0.02,186.0,3983188075
1,12,1,0.0,0.494654,0.0,0.0,0.709254,0.05224609375,0.0029296875,0.0625073425032987,0.012914602878626748,328,SKQD,14,0.00341796875,0.08944296328316163,220.0,0.0537109375,True,converged;converged;converged,0.02,186.0,3983188075
1,12,1,0.0,0.494654,0.0,0.0,0.709254,0.05224609375,0.0029296875,0.0625073425032987,0.012914602878626748,328,SKQD,18,0.00439453125,0.14030737407841273,220.0,0.0537109375,True,converged;converged;converged,0.02,186.0,3983188075
1,12,1,0.0,0.494654,0.0,0.0,0.709254,0.05224609375,0.0029296875,0.0625073425032987,0.012914602878626748,328,SKQD,23,0.005615234375,0.17994122324091277,220.0,0.0537109375,True,converged;converged;converged,0.02,186.0,3983188075
1,12,1,0.0,0.494654,0.0,0.0,0.709254,0.05224609375,0.0029296875,0.0625073425032987,0.012914602878626748,328,SKQD,31,0.007568359375,0.25510331588913954,220.0,0.0537109375,True,converged;converged;converged,0.02,186.0,3983188075
1,12,1,0.0,0.494654,0.0,0.0,0.709254,0.05224609375,0.0029296875,0.0625073425032987,0.012914602878626748,328,SKQD,40,0.009765625,0.2985122797568606,220.0,0.0537109375,True,converged;converged;converged,0.02,186.0,3983188075
1,12,1,0.0,0.494654,0.0,0.0,0.709254,0.05224609375,0.0029296875,0.0625073425032987,0.012914602878626748,328,SKQD,52,0.0126953125,0.366724993045322,220.0,0.0537109375,True,converged;converged;converged,0.02,186.0,3983188075
1,12,1,0.0,0.494654,0.0,0.0,0.709254,0.05224609375,0.0029296875,0.0625073425032987,0.012914602878626748,328,SKQD,67,0.016357421875,0.499713664771461,220.0,0.0537109375,True,converged;converged;converged,0.02,186.0,3983188075
1,12,1,0.0,0.494654,0.0,0.0,0.709254,0.05224609375,0.0029296875,0.0625073425032987,0.012914602878626748,328,SKQD,87,0.021240234375,0.6204056537494248,220.0,0.0537109375,True,converged;converged;converged,0.02,186.0,3983188075
1,12,1,0.0,0.494654,0.0,0.0,0.709254,0.05224609375,0.0029296875,0.0625073425032987,0.012914602878626748,328,SKQD,114,0.02783203125,0.779052461328443,220.0,0.0537109375,True,converged;converged;converged,0.02,186.0,3983188075
1,12,1,0.0,0.494654,0.0,0.0,0.709254,0.05224609375,0.0029296875,0.0625073425032987,0.012914602878626748,328,SKQD,148,0.0361328125,0.9123318030691724,220.0,0.0537109375,True,converged;converged;converged,0.02,186.0,3983188075
1,12,1,0.0,0.494654,0.0,0.0,0.709254,0.05224609375,0.0029296875,0.0625073425032987,0.012914602878626748,328,SKQD,192,0.046875,0.9937379683030315,220.0,0.0537109375,True,converged;converged;converged,0.02,186.0,3983188075
1,12,1,0.0,0.494654,0.0,0.0,0.709254,0.05224609375,0.0029296875,0.0625073425032987,0.012914602878626748,328,SKQD,250,0.06103515625,1.0000000000000007,220.0,0.0537109375,True,converged;converged;converged,0.02,186.0,3983188075
1,12,1,0.0,0.494654,0.0,0.0,0.709254,0.05224609375,0.0029296875,0.0625073425032987,0.012914602878626748,328,SKQD,325,0.079345703125,1.0000000000000007,220.0,0.0537109375,True,converged;converged;converged,0.02,186.0,3983188075
1,12,1,0.0,0.494654,0.0,0.0,0.709254,0.05224609375,0.0029296875,0.0625073425032987,0.012914602878626748,328,SKQD,423,0.103271484375,1.0000000000000007,220.0,0.0537109375,True,converged;converged;converged,0.02,186.0,3983188075
1,12,1,0.0,0.494654,0.0,0.0,0.709254,0.05224609375,0.0029296875,0.0625073425032987,0.012914602878626748,328,SKQD,550,0.13427734375,1.0000000000000007,220.0,0.0537109375,True,converged;converged;converged,0.02,186.0,3983188075
1,12,1,0.0,0.494654,0.0,0.0,0.709254,0.05224609375,0.0029296875,0.0625073425032987,0.012914602878626748,328,SKQD,715,0.174560546875,1.0000000000000007,220.0,0.0537109375,True,converged;converged;converged,0.02,186.0,3983188075
1,12,1,0.0,0.494654,0.0,0.0,0.709254,0.05224609375,0.0029296875,0.0625073425032987,0.012914602878626748,328,SKQD,931,0.227294921875,1.0000000000000007,220.0,0.0537109375,True,converged;converged;converged,0.02,186.0,3983188075
1,12,1,0.0,0.494654,0.0,0.0,0.709254,0.05224609375,0.0029296875,0.0625073425032987,0.012914602878626748,328,SKQD,1210,0.29541015625,1.0000000000000007,220.0,0.0537109375,True,converged;converged;converged,0.02,186.0,3983188075
1,12,1,0.0,0.494654,0.0,0.0,0.709254,0.05224609375,0.0029296875,0.0625073425032987,0.012914602878626748,328,SKQD,1575,0.384521484375,1.0000000000000007,220.0,0.0537109375,True,converged;converged;converged,0.02,186.0,3983188075
1,12,1,0.0,0.494654,0.0,0.0,0.709254,0.05224609375,0.0029296875,0.0625073425032987,0.012914602878626748,328,SKQD,2048,0.5,1.0000000000000007,220.0,0.0537109375,True,converged;converged;converged,0.02,186.0,3983188075
1,12,1,0.0,0.494654,0.0,0.0,0.709254,0.05224609375,0.0029296875,0.0625073425032987,0.012914602878626748,328,Ceiling,1,0.000244140625,0.02964050737645611,2048.0,0.5,False,,,,3983188075
1,12,1,0.0,0.494654,0.0,0.0,0.709254,0.05224609375,0.0029296875,0.0625073425032987,0.012914602878626748,328,Ceiling,2,0.00048828125,0.05928101475291217,2048.0,0.5,False,,,,3983188075
1,12,1,0.0,0.494654,0.0,0.0,0.709254,0.05224609375,0.0029296875,0.0625073425032987,0.012914602878626748,328,Ceiling,3,0.000732421875,0.0850124962948804,2048.0,0.5,False,,,,3983188075
1,12,1,0.0,0.494654,0.0,0.0,0.709254,0.05224609375,0.0029296875,0.0625073425032987,0.012914602878626748,328,Ceiling,4,0.0009765625,0.11074397783684857,2048.0,0.5,False,,,,3983188075
1,12,1,0.0,0.494654,0.0,0.0,0.709254,0.05224609375,0.0029296875,0.0625073425032987,0.012914602878626748,328,Ceiling,5,0.001220703125,0.13398309518297133,2048.0,0.5,False,,,,3983188075
1,12,1,0.0,0.494654,0.0,0.0,0.709254,0.05224609375,0.0029296875,0.0625073425032987,0.012914602878626748,328,Ceiling,6,0.00146484375,0.15722221252909407,2048.0,0.5,False,,,,3983188075
1,12,1,0.0,0.494654,0.0,0.0,0.709254,0.05224609375,0.0029296875,0.0625073425032987,0.012914602878626748,328,Ceiling,8,0.001953125,0.2015621296661774,2048.0,0.5,False,,,,3983188075
1,12,1,0.0,0.494654,0.0,0.0,0.709254,0.05224609375,0.0029296875,0.0625073425032987,0.012914602878626748,328,Ceiling,11,0.002685546875,0.2610367590088432,2048.0,0.5,False,,,,3983188075
1,12,1,0.0,0.494654,0.0,0.0,0.709254,0.05224609375,0.0029296875,0.0625073425032987,0.012914602878626748,328,Ceiling,14,0.00341796875,0.31659528343449245,2048.0,0.5,False,,,,3983188075
1,12,1,0.0,0.494654,0.0,0.0,0.709254,0.05224609375,0.0029296875,0.0625073425032987,0.012914602878626748,328,Ceiling,18,0.00439453125,0.3853643482058877,2048.0,0.5,False,,,,3983188075
1,12,1,0.0,0.494654,0.0,0.0,0.709254,0.05224609375,0.0029296875,0.0625073425032987,0.012914602878626748,328,Ceiling,23,0.005615234375,0.4582398582498838,2048.0,0.5,False,,,,3983188075
1,12,1,0.0,0.494654,0.0,0.0,0.709254,0.05224609375,0.0029296875,0.0625073425032987,0.012914602878626748,328,Ceiling,31,0.007568359375,0.5580082961372026,2048.0,0.5,False,,,,3983188075
1,12,1,0.0,0.494654,0.0,0.0,0.709254,0.05224609375,0.0029296875,0.0625073425032987,0.012914602878626748,328,Ceiling,40,0.009765625,0.6367049395209009,2048.0,0.5,False,,,,3983188075
1,12,1,0.0,0.494654,0.0,0.0,0.709254,0.05224609375,0.0029296875,0.0625073425032987,0.012914602878626748,328,Ceiling,52,0.0126953125,0.7220310831211167,2048.0,0.5,False,,,,3983188075
1,12,1,0.0,0.494654,0.0,0.0,0.709254,0.05224609375,0.0029296875,0.0625073425032987,0.012914602878626748,328,Ceiling,67,0.016357421875,0.8036798825454115,2048.0,0.5,False,,,,3983188075
1,12,1,0.0,0.494654,0.0,0.0,0.709254,0.05224609375,0.0029296875,0.0625073425032987,0.012914602878626748,328,Ceiling,87,0.021240234375,0.8829277023622185,2048.0,0.5,False,,,,3983188075
1,12,1,0.0,0.494654,0.0,0.0,0.709254,0.05224609375,0.0029296875,0.0625073425032987,0.012914602878626748,328,Ceiling,114,0.02783203125,0.9496421456844544,2048.0,0.5,False,,,,3983188075
1,12,1,0.0,0.494654,0.0,0.0,0.709254,0.05224609375,0.0029296875,0.0625073425032987,0.012914602878626748,328,Ceiling,148,0.0361328125,0.9869192539376296,2048.0,0.5,False,,,,3983188075
1,12,1,0.0,0.494654,0.0,0.0,0.709254,0.05224609375,0.0029296875,0.0625073425032987,0.012914602878626748,328,Ceiling,192,0.046875,0.9995832330174659,2048.0,0.5,False,,,,3983188075
1,12,1,0.0,0.494654,0.0,0.0,0.709254,0.05224609375,0.0029296875,0.0625073425032987,0.012914602878626748,328,Ceiling,250,0.06103515625,1.0000000000000013,2048.0,0.5,False,,,,3983188075
1,12,1,0.0,0.494654,0.0,0.0,0.709254,0.05224609375,0.0029296875,0.0625073425032987,0.012914602878626748,328,Ceiling,325,0.079345703125,1.0000000000000013,2048.0,0.5,False,,,,3983188075
1,12,1,0.0,0.494654,0.0,0.0,0.709254,0.05224609375,0.0029296875,0.0625073425032987,0.012914602878626748,328,Ceiling,423,0.103271484375,1.0000000000000013,2048.0,0.5,False,,,,3983188075
1,12,1,0.0,0.494654,0.0,0.0,0.709254,0.05224609375,0.0029296875,0.0625073425032987,0.012914602878626748,328,Ceiling,550,0.13427734375,1.0000000000000013,2048.0,0.5,False,,,,3983188075
1,12,1,0.0,0.494654,0.0,0.0,0.709254,0.05224609375,0.0029296875,0.0625073425032987,0.012914602878626748,328,Ceiling,715,0.174560546875,1.0000000000000013,2048.0,0.5,False,,,,3983188075
1,12,1,0.0,0.494654,0.0,0.0,0.709254,0.05224609375,0.0029296875,0.0625073425032987,0.012914602878626748,328,Ceiling,931,0.227294921875,1.0000000000000013,2048.0,0.5,False,,,,3983188075
1,12,1,0.0,0.494654,0.0,0.0,0.709254,0.05224609375,0.0029296875,0.0625073425032987,0.012914602878626748,328,Ceiling,1210,0.29541015625,1.0000000000000013,2048.0,0.5,False,,,,3983188075
1,12,1,0.0,0.494654,0.0,0.0,0.709254,0.05224609375,0.0029296875,0.0625073425032987,0.012914602878626748,328,Ceiling,1575,0.384521484375,1.0000000000000013,2048.0,0.5,False,,,,3983188075
1,12,1,0.0,0.494654,0.0,0.0,0.709254,0.05224609375,0.0029296875,0.0625073425032987,0.012914602878626748,328,Ceiling,2048,0.5,1.0000000000000013,2048.0,0.5,False,,,,3983188075
1,12,1,0.0,0.494654,0.0,0.0,0.709254,0.05224609375,0.0029296875,0.0625073425032987,0.0043001817114187175,2066,BARK,1,0.000244140625,0.0043001817114187175,220.0,0.0537109375,True,sector,,,3983188075
1,12,1,0.0,0.494654,0.0,0.0,0.709254,0.05224609375,0.0029296875,0.0625073425032987,0.0043001817114187175,2066,BARK,2,0.00048828125,0.005580162593775337,220.0,0.0537109375,True,sector,,,3983188075
1,12,1,0.0,0.494654,0.0,0.0,0.709254,0.05224609375,0.0029296875,0.0625073425032987,0.0043001817114187175,2066,BARK,3,0.000732421875,0.004747305970544806,220.0,0.0537109375,True,sector,,,3983188075
1,12,1,0.0,0.494654,0.0,0.0,0.709254,0.05224609375,0.0029296875,0.0625073425032987,0.0043001817114187175,2066,BARK,4,0.0009765625,0.0046271706609408575,220.0,0.0537109375,True,sector,,,3983188075
1,12,1,0.0,0.494654,0.0,0.0,0.709254,0.05224609375,0.0029296875,0.0625073425032987,0.0043001817114187175,2066,BARK,5,0.001220703125,0.008312469442633147,220.0,0.0537109375,True,sector,,,3983188075
1,12,1,0.0,0.494654,0.0,0.0,0.709254,0.05224609375,0.0029296875,0.0625073425032987,0.0043001817114187175,2066,BARK,6,0.00146484375,0.017858161319183562,220.0,0.0537109375,True,sector,,,3983188075
1,12,1,0.0,0.494654,0.0,0.0,0.709254,0.05224609375,0.0029296875,0.0625073425032987,0.0043001817114187175,2066,BARK,8,0.001953125,0.036103677022359906,220.0,0.0537109375,True,sector,,,3983188075
1,12,1,0.0,0.494654,0.0,0.0,0.709254,0.05224609375,0.0029296875,0.0625073425032987,0.0043001817114187175,2066,BARK,11,0.002685546875,0.04190945639897004,220.0,0.0537109375,True,sector,,,3983188075
1,12,1,0.0,0.494654,0.0,0.0,0.709254,0.05224609375,0.0029296875,0.0625073425032987,0.0043001817114187175,2066,BARK,14,0.00341796875,0.06910344590176491,220.0,0.0537109375,True,sector,,,3983188075
1,12,1,0.0,0.494654,0.0,0.0,0.709254,0.05224609375,0.0029296875,0.0625073425032987,0.0043001817114187175,2066,BARK,18,0.00439453125,0.07432198169917653,220.0,0.0537109375,True,sector,,,3983188075
1,12,1,0.0,0.494654,0.0,0.0,0.709254,0.05224609375,0.0029296875,0.0625073425032987,0.0043001817114187175,2066,BARK,23,0.005615234375,0.06763839944470583,220.0,0.0537109375,True,sector,,,3983188075
1,12,1,0.0,0.494654,0.0,0.0,0.709254,0.05224609375,0.0029296875,0.0625073425032987,0.0043001817114187175,2066,BARK,31,0.007568359375,0.08103975515677782,220.0,0.0537109375,True,sector,,,3983188075
1,12,1,0.0,0.494654,0.0,0.0,0.709254,0.05224609375,0.0029296875,0.0625073425032987,0.0043001817114187175,2066,BARK,40,0.009765625,0.09839679802784883,220.0,0.0537109375,True,sector,,,3983188075
1,12,1,0.0,0.494654,0.0,0.0,0.709254,0.05224609375,0.0029296875,0.0625073425032987,0.0043001817114187175,2066,BARK,52,0.0126953125,0.16219777688563808,220.0,0.0537109375,True,sector,,,3983188075
1,12,1,0.0,0.494654,0.0,0.0,0.709254,0.05224609375,0.0029296875,0.0625073425032987,0.0043001817114187175,2066,BARK,67,0.016357421875,0.1521175189329371,220.0,0.0537109375,True,sector,,,3983188075
1,12,1,0.0,0.494654,0.0,0.0,0.709254,0.05224609375,0.0029296875,0.0625073425032987,0.0043001817114187175,2066,BARK,87,0.021240234375,0.20960103508893607,220.0,0.0537109375,True,sector,,,3983188075
1,12,1,0.0,0.494654,0.0,0.0,0.709254,0.05224609375,0.0029296875,0.0625073425032987,0.0043001817114187175,2066,BARK,114,0.02783203125,0.3617674713196612,220.0,0.0537109375,True,sector,,,3983188075
1,12,1,0.0,0.494654,0.0,0.0,0.709254,0.05224609375,0.0029296875,0.0625073425032987,0.0043001817114187175,2066,BARK,148,0.0361328125,0.7870989344578312,220.0,0.0537109375,True,sector,,,3983188075
1,12,1,0.0,0.494654,0.0,0.0,0.709254,0.05224609375,0.0029296875,0.0625073425032987,0.0043001817114187175,2066,BARK,192,0.046875,0.984744951024095,220.0,0.0537109375,True,sector,,,3983188075
1,12,1,0.0,0.494654,0.0,0.0,0.709254,0.05224609375,0.0029296875,0.0625073425032987,0.0043001817114187175,2066,BARK,250,0.06103515625,1.0000000000000013,220.0,0.0537109375,True,sector,,,3983188075
1,12,1,0.0,0.494654,0.0,0.0,0.709254,0.05224609375,0.0029296875,0.0625073425032987,0.0043001817114187175,2066,BARK,325,0.079345703125,1.0000000000000013,220.0,0.0537109375,True,sector,,,3983188075
1,12,1,0.0,0.494654,0.0,0.0,0.709254,0.05224609375,0.0029296875,0.0625073425032987,0.0043001817114187175,2066,BARK,423,0.103271484375,1.0000000000000013,220.0,0.0537109375,True,sector,,,3983188075
1,12,1,0.0,0.494654,0.0,0.0,0.709254,0.05224609375,0.0029296875,0.0625073425032987,0.0043001817114187175,2066,BARK,550,0.13427734375,1.0000000000000013,220.0,0.0537109375,True,sector,,,3983188075
1,12,1,0.0,0.494654,0.0,0.0,0.709254,0.05224609375,0.0029296875,0.0625073425032987,0.0043001817114187175,2066,BARK,715,0.174560546875,1.0000000000000013,220.0,0.0537109375,True,sector,,,3983188075
1,12,1,0.0,0.494654,0.0,0.0,0.709254,0.05224609375,0.0029296875,0.0625073425032987,0.0043001817114187175,2066,BARK,931,0.227294921875,1.0000000000000013,220.0,0.0537109375,True,sector,,,3983188075
1,12,1,0.0,0.494654,0.0,0.0,0.709254,0.05224609375,0.0029296875,0.0625073425032987,0.0043001817114187175,2066,BARK,1210,0.29541015625,1.0000000000000013,220.0,0.0537109375,True,sector,,,3983188075
1,12,1,0.0,0.494654,0.0,0.0,0.709254,0.05224609375,0.0029296875,0.0625073425032987,0.0043001817114187175,2066,BARK,1575,0.384521484375,1.0000000000000013,220.0,0.0537109375,True,sector,,,3983188075
1,12,1,0.0,0.494654,0.0,0.0,0.709254,0.05224609375,0.0029296875,0.0625073425032987,0.0043001817114187175,2066,BARK,2048,0.5,1.0000000000000013,220.0,0.0537109375,True,sector,,,3983188075
1,12,1,0.0,0.494654,0.0,0.0,0.709254,0.05224609375,0.0029296875,0.0625073425032987,0.0043001817114187175,2066,Simplified BARK,1,0.000244140625,0.0043001817114187175,220.0,0.0537109375,True,sector,,,3983188075
1,12,1,0.0,0.494654,0.0,0.0,0.709254,0.05224609375,0.0029296875,0.0625073425032987,0.0043001817114187175,2066,Simplified BARK,2,0.00048828125,0.016059582517293388,220.0,0.0537109375,True,sector,,,3983188075
1,12,1,0.0,0.494654,0.0,0.0,0.709254,0.05224609375,0.0029296875,0.0625073425032987,0.0043001817114187175,2066,Simplified BARK,3,0.000732421875,0.032289615987845695,220.0,0.0537109375,True,sector,,,3983188075
1,12,1,0.0,0.494654,0.0,0.0,0.709254,0.05224609375,0.0029296875,0.0625073425032987,0.0043001817114187175,2066,Simplified BARK,4,0.0009765625,0.04773357703786091,220.0,0.0537109375,True,sector,,,3983188075
1,12,1,0.0,0.494654,0.0,0.0,0.709254,0.05224609375,0.0029296875,0.0625073425032987,0.0043001817114187175,2066,Simplified BARK,5,0.001220703125,0.05783035128936267,220.0,0.0537109375,True,sector,,,3983188075
1,12,1,0.0,0.494654,0.0,0.0,0.709254,0.05224609375,0.0029296875,0.0625073425032987,0.0043001817114187175,2066,Simplified BARK,6,0.00146484375,0.06082536322733881,220.0,0.0537109375,True,sector,,,3983188075
1,12,1,0.0,0.494654,0.0,0.0,0.709254,0.05224609375,0.0029296875,0.0625073425032987,0.0043001817114187175,2066,Simplified BARK,8,0.001953125,0.052757421392759914,220.0,0.0537109375,True,sector,,,3983188075
1,12,1,0.0,0.494654,0.0,0.0,0.709254,0.05224609375,0.0029296875,0.0625073425032987,0.0043001817114187175,2066,Simplified BARK,11,0.002685546875,0.03505596392307151,220.0,0.0537109375,True,sector,,,3983188075
1,12,1,0.0,0.494654,0.0,0.0,0.709254,0.05224609375,0.0029296875,0.0625073425032987,0.0043001817114187175,2066,Simplified BARK,14,0.00341796875,0.022341988543999238,220.0,0.0537109375,True,sector,,,3983188075
1,12,1,0.0,0.494654,0.0,0.0,0.709254,0.05224609375,0.0029296875,0.0625073425032987,0.0043001817114187175,2066,Simplified BARK,18,0.00439453125,0.0002661086475622,220.0,0.0537109375,True,sector,,,3983188075
1,12,1,0.0,0.494654,0.0,0.0,0.709254,0.05224609375,0.0029296875,0.0625073425032987,0.0043001817114187175,2066,Simplified BARK,23,0.005615234375,0.0009729005302180461,220.0,0.0537109375,True,sector,,,3983188075
1,12,1,0.0,0.494654,0.0,0.0,0.709254,0.05224609375,0.0029296875,0.0625073425032987,0.0043001817114187175,2066,Simplified BARK,31,0.007568359375,0.004305386523103507,220.0,0.0537109375,True,sector,,,3983188075
1,12,1,0.0,0.494654,0.0,0.0,0.709254,0.05224609375,0.0029296875,0.0625073425032987,0.0043001817114187175,2066,Simplified BARK,40,0.009765625,0.012535708873237555,220.0,0.0537109375,True,sector,,,3983188075
1,12,1,0.0,0.494654,0.0,0.0,0.709254,0.05224609375,0.0029296875,0.0625073425032987,0.0043001817114187175,2066,Simplified BARK,52,0.0126953125,0.04718757247044268,220.0,0.0537109375,True,sector,,,3983188075
1,12,1,0.0,0.494654,0.0,0.0,0.709254,0.05224609375,0.0029296875,0.0625073425032987,0.0043001817114187175,2066,Simplified BARK,67,0.016357421875,0.07849251807482394,220.0,0.0537109375,True,sector,,,3983188075
1,12,1,0.0,0.494654,0.0,0.0,0.709254,0.05224609375,0.0029296875,0.0625073425032987,0.0043001817114187175,2066,Simplified BARK,87,0.021240234375,0.20079388950464505,220.0,0.0537109375,True,sector,,,3983188075
1,12,1,0.0,0.494654,0.0,0.0,0.709254,0.05224609375,0.0029296875,0.0625073425032987,0.0043001817114187175,2066,Simplified BARK,114,0.02783203125,0.46625392457602355,220.0,0.0537109375,True,sector,,,3983188075
1,12,1,0.0,0.494654,0.0,0.0,0.709254,0.05224609375,0.0029296875,0.0625073425032987,0.0043001817114187175,2066,Simplified BARK,148,0.0361328125,0.7730713425736553,220.0,0.0537109375,True,sector,,,3983188075
1,12,1,0.0,0.494654,0.0,0.0,0.709254,0.05224609375,0.0029296875,0.0625073425032987,0.0043001817114187175,2066,Simplified BARK,192,0.046875,0.9691272173447819,220.0,0.0537109375,True,sector,,,3983188075
1,12,1,0.0,0.494654,0.0,0.0,0.709254,0.05224609375,0.0029296875,0.0625073425032987,0.0043001817114187175,2066,Simplified BARK,250,0.06103515625,1.0000000000000009,220.0,0.0537109375,True,sector,,,3983188075
1,12,1,0.0,0.494654,0.0,0.0,0.709254,0.05224609375,0.0029296875,0.0625073425032987,0.0043001817114187175,2066,Simplified BARK,325,0.079345703125,1.0000000000000009,220.0,0.0537109375,True,sector,,,3983188075
1,12,1,0.0,0.494654,0.0,0.0,0.709254,0.05224609375,0.0029296875,0.0625073425032987,0.0043001817114187175,2066,Simplified BARK,423,0.103271484375,1.0000000000000009,220.0,0.0537109375,True,sector,,,3983188075
1,12,1,0.0,0.494654,0.0,0.0,0.709254,0.05224609375,0.0029296875,0.0625073425032987,0.0043001817114187175,2066,Simplified BARK,550,0.13427734375,1.0000000000000009,220.0,0.0537109375,True,sector,,,3983188075
1,12,1,0.0,0.494654,0.0,0.0,0.709254,0.05224609375,0.0029296875,0.0625073425032987,0.0043001817114187175,2066,Simplified BARK,715,0.174560546875,1.0000000000000009,220.0,0.0537109375,True,sector,,,3983188075
1,12,1,0.0,0.494654,0.0,0.0,0.709254,0.05224609375,0.0029296875,0.0625073425032987,0.0043001817114187175,2066,Simplified BARK,931,0.227294921875,1.0000000000000009,220.0,0.0537109375,True,sector,,,3983188075
1,12,1,0.0,0.494654,0.0,0.0,0.709254,0.05224609375,0.0029296875,0.0625073425032987,0.0043001817114187175,2066,Simplified BARK,1210,0.29541015625,1.0000000000000009,220.0,0.0537109375,True,sector,,,3983188075
1,12,1,0.0,0.494654,0.0,0.0,0.709254,0.05224609375,0.0029296875,0.0625073425032987,0.0043001817114187175,2066,Simplified BARK,1575,0.384521484375,1.0000000000000009,220.0,0.0537109375,True,sector,,,3983188075
1,12,1,0.0,0.494654,0.0,0.0,0.709254,0.05224609375,0.0029296875,0.0625073425032987,0.0043001817114187175,2066,Simplified BARK,2048,0.5,1.0000000000000009,220.0,0.0537109375,True,sector,,,3983188075
1,12,1,0.0,0.494654,0.0,0.0,0.709254,0.05224609375,0.0029296875,0.0625073425032987,0.0043001817114187175,2066,SKQD,1,0.000244140625,0.0043001817114187175,220.0,0.0537109375,True,converged;converged;converged,0.02,1000.0,3983188075
1,12,1,0.0,0.494654,0.0,0.0,0.709254,0.05224609375,0.0029296875,0.0625073425032987,0.0043001817114187175,2066,SKQD,2,0.00048828125,0.00652640480394864,220.0,0.0537109375,True,converged;converged;converged,0.02,1000.0,3983188075
1,12,1,0.0,0.494654,0.0,0.0,0.709254,0.05224609375,0.0029296875,0.0625073425032987,0.0043001817114187175,2066,SKQD,3,0.000732421875,0.010193294858190644,220.0,0.0537109375,True,converged;converged;converged,0.02,1000.0,3983188075
1,12,1,0.0,0.494654,0.0,0.0,0.709254,0.05224609375,0.0029296875,0.0625073425032987,0.0043001817114187175,2066,SKQD,4,0.0009765625,0.014868715535388653,220.0,0.0537109375,True,converged;converged;converged,0.02,1000.0,3983188075
1,12,1,0.0,0.494654,0.0,0.0,0.709254,0.05224609375,0.0029296875,0.0625073425032987,0.0043001817114187175,2066,SKQD,5,0.001220703125,0.014868715535388653,220.0,0.0537109375,True,converged;converged;converged,0.02,1000.0,3983188075
1,12,1,0.0,0.494654,0.0,0.0,0.709254,0.05224609375,0.0029296875,0.0625073425032987,0.0043001817114187175,2066,SKQD,6,0.00146484375,0.023840725930860295,220.0,0.0537109375,True,converged;converged;converged,0.02,1000.0,3983188075
1,12,1,0.0,0.494654,0.0,0.0,0.709254,0.05224609375,0.0029296875,0.0625073425032987,0.0043001817114187175,2066,SKQD,8,0.001953125,0.03183518417392124,220.0,0.0537109375,True,converged;converged;converged,0.02,1000.0,3983188075
1,12,1,0.0,0.494654,0.0,0.0,0.709254,0.05224609375,0.0029296875,0.0625073425032987,0.0043001817114187175,2066,SKQD,11,0.002685546875,0.03547496690531474,220.0,0.0537109375,True,converged;converged;converged,0.02,1000.0,3983188075
1,12,1,0.0,0.494654,0.0,0.0,0.709254,0.05224609375,0.0029296875,0.0625073425032987,0.0043001817114187175,2066,SKQD,14,0.00341796875,0.056445290718451314,220.0,0.0537109375,True,converged;converged;converged,0.02,1000.0,3983188075
1,12,1,0.0,0.494654,0.0,0.0,0.709254,0.05224609375,0.0029296875,0.0625073425032987,0.0043001817114187175,2066,SKQD,18,0.00439453125,0.08266298670358514,220.0,0.0537109375,True,converged;converged;converged,0.02,1000.0,3983188075
1,12,1,0.0,0.494654,0.0,0.0,0.709254,0.05224609375,0.0029296875,0.0625073425032987,0.0043001817114187175,2066,SKQD,23,0.005615234375,0.10608283606301878,220.0,0.0537109375,True,converged;converged;converged,0.02,1000.0,3983188075
1,12,1,0.0,0.494654,0.0,0.0,0.709254,0.05224609375,0.0029296875,0.0625073425032987,0.0043001817114187175,2066,SKQD,31,0.007568359375,0.15246965124474937,220.0,0.0537109375,True,converged;converged;converged,0.02,1000.0,3983188075
1,12,1,0.0,0.494654,0.0,0.0,0.709254,0.05224609375,0.0029296875,0.0625073425032987,0.0043001817114187175,2066,SKQD,40,0.009765625,0.2277008829497533,220.0,0.0537109375,True,converged;converged;converged,0.02,1000.0,3983188075
1,12,1,0.0,0.494654,0.0,0.0,0.709254,0.05224609375,0.0029296875,0.0625073425032987,0.0043001817114187175,2066,SKQD,52,0.0126953125,0.3174647812739811,220.0,0.0537109375,True,converged;converged;converged,0.02,1000.0,3983188075
1,12,1,0.0,0.494654,0.0,0.0,0.709254,0.05224609375,0.0029296875,0.0625073425032987,0.0043001817114187175,2066,SKQD,67,0.016357421875,0.42626323948112455,220.0,0.0537109375,True,converged;converged;converged,0.02,1000.0,3983188075
1,12,1,0.0,0.494654,0.0,0.0,0.709254,0.05224609375,0.0029296875,0.0625073425032987,0.0043001817114187175,2066,SKQD,87,0.021240234375,0.5641769369502008,220.0,0.0537109375,True,converged;converged;converged,0.02,1000.0,3983188075
1,12,1,0.0,0.494654,0.0,0.0,0.709254,0.05224609375,0.0029296875,0.0625073425032987,0.0043001817114187175,2066,SKQD,114,0.02783203125,0.7629785661127851,220.0,0.0537109375,True,converged;converged;converged,0.02,1000.0,3983188075
1,12,1,0.0,0.494654,0.0,0.0,0.709254,0.05224609375,0.0029296875,0.0625073425032987,0.0043001817114187175,2066,SKQD,148,0.0361328125,0.9347034902940791,220.0,0.0537109375,True,converged;converged;converged,0.02,1000.0,3983188075
1,12,1,0.0,0.494654,0.0,0.0,0.709254,0.05224609375,0.0029296875,0.0625073425032987,0.0043001817114187175,2066,SKQD,192,0.046875,0.995165302521059,220.0,0.0537109375,True,converged;converged;converged,0.02,1000.0,3983188075
1,12,1,0.0,0.494654,0.0,0.0,0.709254,0.05224609375,0.0029296875,0.0625073425032987,0.0043001817114187175,2066,SKQD,250,0.06103515625,1.0000000000000004,220.0,0.0537109375,True,converged;converged;converged,0.02,1000.0,3983188075
1,12,1,0.0,0.494654,0.0,0.0,0.709254,0.05224609375,0.0029296875,0.0625073425032987,0.0043001817114187175,2066,SKQD,325,0.079345703125,1.0000000000000004,220.0,0.0537109375,True,converged;converged;converged,0.02,1000.0,3983188075
1,12,1,0.0,0.494654,0.0,0.0,0.709254,0.05224609375,0.0029296875,0.0625073425032987,0.0043001817114187175,2066,SKQD,423,0.103271484375,1.0000000000000004,220.0,0.0537109375,True,converged;converged;converged,0.02,1000.0,3983188075
1,12,1,0.0,0.494654,0.0,0.0,0.709254,0.05224609375,0.0029296875,0.0625073425032987,0.0043001817114187175,2066,SKQD,550,0.13427734375,1.0000000000000004,220.0,0.0537109375,True,converged;converged;converged,0.02,1000.0,3983188075
1,12,1,0.0,0.494654,0.0,0.0,0.709254,0.05224609375,0.0029296875,0.0625073425032987,0.0043001817114187175,2066,SKQD,715,0.174560546875,1.0000000000000004,220.0,0.0537109375,True,converged;converged;converged,0.02,1000.0,3983188075
1,12,1,0.0,0.494654,0.0,0.0,0.709254,0.05224609375,0.0029296875,0.0625073425032987,0.0043001817114187175,2066,SKQD,931,0.227294921875,1.0000000000000004,220.0,0.0537109375,True,converged;converged;converged,0.02,1000.0,3983188075
1,12,1,0.0,0.494654,0.0,0.0,0.709254,0.05224609375,0.0029296875,0.0625073425032987,0.0043001817114187175,2066,SKQD,1210,0.29541015625,1.0000000000000004,220.0,0.0537109375,True,converged;converged;converged,0.02,1000.0,3983188075
1,12,1,0.0,0.494654,0.0,0.0,0.709254,0.05224609375,0.0029296875,0.0625073425032987,0.0043001817114187175,2066,SKQD,1575,0.384521484375,1.0000000000000004,220.0,0.0537109375,True,converged;converged;converged,0.02,1000.0,3983188075
1,12,1,0.0,0.494654,0.0,0.0,0.709254,0.05224609375,0.0029296875,0.0625073425032987,0.0043001817114187175,2066,SKQD,2048,0.5,1.0000000000000004,220.0,0.0537109375,True,converged;converged;converged,0.02,1000.0,3983188075
1,12,1,0.0,0.494654,0.0,0.0,0.709254,0.05224609375,0.0029296875,0.0625073425032987,0.0043001817114187175,2066,Ceiling,1,0.000244140625,0.02964050737645611,2048.0,0.5,False,,,,3983188075
1,12,1,0.0,0.494654,0.0,0.0,0.709254,0.05224609375,0.0029296875,0.0625073425032987,0.0043001817114187175,2066,Ceiling,2,0.00048828125,0.05928101475291217,2048.0,0.5,False,,,,3983188075
1,12,1,0.0,0.494654,0.0,0.0,0.709254,0.05224609375,0.0029296875,0.0625073425032987,0.0043001817114187175,2066,Ceiling,3,0.000732421875,0.0850124962948804,2048.0,0.5,False,,,,3983188075
1,12,1,0.0,0.494654,0.0,0.0,0.709254,0.05224609375,0.0029296875,0.0625073425032987,0.0043001817114187175,2066,Ceiling,4,0.0009765625,0.11074397783684857,2048.0,0.5,False,,,,3983188075
1,12,1,0.0,0.494654,0.0,0.0,0.709254,0.05224609375,0.0029296875,0.0625073425032987,0.0043001817114187175,2066,Ceiling,5,0.001220703125,0.13398309518297133,2048.0,0.5,False,,,,3983188075
1,12,1,0.0,0.494654,0.0,0.0,0.709254,0.05224609375,0.0029296875,0.0625073425032987,0.0043001817114187175,2066,Ceiling,6,0.00146484375,0.15722221252909407,2048.0,0.5,False,,,,3983188075
1,12,1,0.0,0.494654,0.0,0.0,0.709254,0.05224609375,0.0029296875,0.0625073425032987,0.0043001817114187175,2066,Ceiling,8,0.001953125,0.2015621296661774,2048.0,0.5,False,,,,3983188075
1,12,1,0.0,0.494654,0.0,0.0,0.709254,0.05224609375,0.0029296875,0.0625073425032987,0.0043001817114187175,2066,Ceiling,11,0.002685546875,0.2610367590088432,2048.0,0.5,False,,,,3983188075
1,12,1,0.0,0.494654,0.0,0.0,0.709254,0.05224609375,0.0029296875,0.0625073425032987,0.0043001817114187175,2066,Ceiling,14,0.00341796875,0.31659528343449245,2048.0,0.5,False,,,,3983188075
1,12,1,0.0,0.494654,0.0,0.0,0.709254,0.05224609375,0.0029296875,0.0625073425032987,0.0043001817114187175,2066,Ceiling,18,0.00439453125,0.3853643482058877,2048.0,0.5,False,,,,3983188075
1,12,1,0.0,0.494654,0.0,0.0,0.709254,0.05224609375,0.0029296875,0.0625073425032987,0.0043001817114187175,2066,Ceiling,23,0.005615234375,0.4582398582498838,2048.0,0.5,False,,,,3983188075
1,12,1,0.0,0.494654,0.0,0.0,0.709254,0.05224609375,0.0029296875,0.0625073425032987,0.0043001817114187175,2066,Ceiling,31,0.007568359375,0.5580082961372026,2048.0,0.5,False,,,,3983188075
1,12,1,0.0,0.494654,0.0,0.0,0.709254,0.05224609375,0.0029296875,0.0625073425032987,0.0043001817114187175,2066,Ceiling,40,0.009765625,0.6367049395209009,2048.0,0.5,False,,,,3983188075
1,12,1,0.0,0.494654,0.0,0.0,0.709254,0.05224609375,0.0029296875,0.0625073425032987,0.0043001817114187175,2066,Ceiling,52,0.0126953125,0.7220310831211167,2048.0,0.5,False,,,,3983188075
1,12,1,0.0,0.494654,0.0,0.0,0.709254,0.05224609375,0.0029296875,0.0625073425032987,0.0043001817114187175,2066,Ceiling,67,0.016357421875,0.8036798825454115,2048.0,0.5,False,,,,3983188075
1,12,1,0.0,0.494654,0.0,0.0,0.709254,0.05224609375,0.0029296875,0.0625073425032987,0.0043001817114187175,2066,Ceiling,87,0.021240234375,0.8829277023622185,2048.0,0.5,False,,,,3983188075
1,12,1,0.0,0.494654,0.0,0.0,0.709254,0.05224609375,0.0029296875,0.0625073425032987,0.0043001817114187175,2066,Ceiling,114,0.02783203125,0.9496421456844544,2048.0,0.5,False,,,,3983188075
1,12,1,0.0,0.494654,0.0,0.0,0.709254,0.05224609375,0.0029296875,0.0625073425032987,0.0043001817114187175,2066,Ceiling,148,0.0361328125,0.9869192539376296,2048.0,0.5,False,,,,3983188075
1,12,1,0.0,0.494654,0.0,0.0,0.709254,0.05224609375,0.0029296875,0.0625073425032987,0.0043001817114187175,2066,Ceiling,192,0.046875,0.9995832330174659,2048.0,0.5,False,,,,3983188075
1,12,1,0.0,0.494654,0.0,0.0,0.709254,0.05224609375,0.0029296875,0.0625073425032987,0.0043001817114187175,2066,Ceiling,250,0.06103515625,1.0000000000000013,2048.0,0.5,False,,,,3983188075
1,12,1,0.0,0.494654,0.0,0.0,0.709254,0.05224609375,0.0029296875,0.0625073425032987,0.0043001817114187175,2066,Ceiling,325,0.079345703125,1.0000000000000013,2048.0,0.5,False,,,,3983188075
1,12,1,0.0,0.494654,0.0,0.0,0.709254,0.05224609375,0.0029296875,0.0625073425032987,0.0043001817114187175,2066,Ceiling,423,0.103271484375,1.0000000000000013,2048.0,0.5,False,,,,3983188075
1,12,1,0.0,0.494654,0.0,0.0,0.709254,0.05224609375,0.0029296875,0.0625073425032987,0.0043001817114187175,2066,Ceiling,550,0.13427734375,1.0000000000000013,2048.0,0.5,False,,,,3983188075
1,12,1,0.0,0.494654,0.0,0.0,0.709254,0.05224609375,0.0029296875,0.0625073425032987,0.0043001817114187175,2066,Ceiling,715,0.174560546875,1.0000000000000013,2048.0,0.5,False,,,,3983188075
1,12,1,0.0,0.494654,0.0,0.0,0.709254,0.05224609375,0.0029296875,0.0625073425032987,0.0043001817114187175,2066,Ceiling,931,0.227294921875,1.0000000000000013,2048.0,0.5,False,,,,3983188075
1,12,1,0.0,0.494654,0.0,0.0,0.709254,0.05224609375,0.0029296875,0.0625073425032987,0.0043001817114187175,2066,Ceiling,1210,0.29541015625,1.0000000000000013,2048.0,0.5,False,,,,3983188075
1,12,1,0.0,0.494654,0.0,0.0,0.709254,0.05224609375,0.0029296875,0.0625073425032987,0.0043001817114187175,2066,Ceiling,1575,0.384521484375,1.0000000000000013,2048.0,0.5,False,,,,3983188075
1,12,1,0.0,0.494654,0.0,0.0,0.709254,0.05224609375,0.0029296875,0.0625073425032987,0.0043001817114187175,2066,Ceiling,2048,0.5,1.0000000000000013,2048.0,0.5,False,,,,3983188075
10,12,1,0.0,0.476303,0.0,0.0,-0.594078,0.05224609375,0.0029296875,0.10587222775083838,0.001682037110152436,3997,BARK,1,0.000244140625,0.001682037110152436,220.0,0.0537109375,True,sector,,,321936748
10,12,1,0.0,0.476303,0.0,0.0,-0.594078,0.05224609375,0.0029296875,0.10587222775083838,0.001682037110152436,3997,BARK,2,0.00048828125,0.009094046797220505,220.0,0.0537109375,True,sector,,,321936748
10,12,1,0.0,0.476303,0.0,0.0,-0.594078,0.05224609375,0.0029296875,0.10587222775083838,0.001682037110152436,3997,BARK,3,0.000732421875,0.0246586633818237,220.0,0.0537109375,True,sector,,,321936748
10,12,1,0.0,0.476303,0.0,0.0,-0.594078,0.05224609375,0.0029296875,0.10587222775083838,0.001682037110152436,3997,BARK,4,0.0009765625,0.0465415537180472,220.0,0.0537109375,True,sector,,,321936748
10,12,1,0.0,0.476303,0.0,0.0,-0.594078,0.05224609375,0.0029296875,0.10587222775083838,0.001682037110152436,3997,BARK,5,0.001220703125,0.0679646499407096,220.0,0.0537109375,True,sector,,,321936748
10,12,1,0.0,0.476303,0.0,0.0,-0.594078,0.05224609375,0.0029296875,0.10587222775083838,0.001682037110152436,3997,BARK,6,0.00146484375,0.08040079624367301,220.0,0.0537109375,True,sector,,,321936748
10,12,1,0.0,0.476303,0.0,0.0,-0.594078,0.05224609375,0.0029296875,0.10587222775083838,0.001682037110152436,3997,BARK,8,0.001953125,0.09316778733902209,220.0,0.0537109375,True,sector,,,321936748
10,12,1,0.0,0.476303,0.0,0.0,-0.594078,0.05224609375,0.0029296875,0.10587222775083838,0.001682037110152436,3997,BARK,11,0.002685546875,0.14968942802105759,220.0,0.0537109375,True,sector,,,321936748
10,12,1,0.0,0.476303,0.0,0.0,-0.594078,0.05224609375,0.0029296875,0.10587222775083838,0.001682037110152436,3997,BARK,14,0.00341796875,0.14574555347629653,220.0,0.0537109375,True,sector,,,321936748
10,12,1,0.0,0.476303,0.0,0.0,-0.594078,0.05224609375,0.0029296875,0.10587222775083838,0.001682037110152436,3997,BARK,18,0.00439453125,0.12271819054897773,220.0,0.0537109375,True,sector,,,321936748
10,12,1,0.0,0.476303,0.0,0.0,-0.594078,0.05224609375,0.0029296875,0.10587222775083838,0.001682037110152436,3997,BARK,23,0.005615234375,0.25718123486123873,220.0,0.0537109375,True,sector,,,321936748
10,12,1,0.0,0.476303,0.0,0.0,-0.594078,0.05224609375,0.0029296875,0.10587222775083838,0.001682037110152436,3997,BARK,31,0.007568359375,0.3906044512337403,220.0,0.0537109375,True,sector,,,321936748
10,12,1,0.0,0.476303,0.0,0.0,-0.594078,0.05224609375,0.0029296875,0.10587222775083838,0.001682037110152436,3997,BARK,40,0.009765625,0.4447441752697082,220.0,0.0537109375,True,sector,,,321936748
10,12,1,0.0,0.476303,0.0,0.0,-0.594078,0.05224609375,0.0029296875,0.10587222775083838,0.001682037110152436,3997,BARK,52,0.0126953125,0.535979284849984,220.0,0.0537109375,True,sector,,,321936748
10,12,1,0.0,0.476303,0.0,0.0,-0.594078,0.05224609375,0.0029296875,0.10587222775083838,0.001682037110152436,3997,BARK,67,0.016357421875,0.6259609420949861,220.0,0.0537109375,True,sector,,,321936748
10,12,1,0.0,0.476303,0.0,0.0,-0.594078,0.05224609375,0.0029296875,0.10587222775083838,0.001682037110152436,3997,BARK,87,0.021240234375,0.6320657853131076,220.0,0.0537109375,True,sector,,,321936748
10,12,1,0.0,0.476303,0.0,0.0,-0.594078,0.05224609375,0.0029296875,0.10587222775083838,0.001682037110152436,3997,BARK,114,0.02783203125,0.5856860315057192,220.0,0.0537109375,True,sector,,,321936748
10,12,1,0.0,0.476303,0.0,0.0,-0.594078,0.05224609375,0.0029296875,0.10587222775083838,0.001682037110152436,3997,BARK,148,0.0361328125,0.8650699430276936,220.0,0.0537109375,True,sector,,,321936748
10,12,1,0.0,0.476303,0.0,0.0,-0.594078,0.05224609375,0.0029296875,0.10587222775083838,0.001682037110152436,3997,BARK,192,0.046875,0.9789015899417655,220.0,0.0537109375,True,sector,,,321936748
10,12,1,0.0,0.476303,0.0,0.0,-0.594078,0.05224609375,0.0029296875,0.10587222775083838,0.001682037110152436,3997,BARK,250,0.06103515625,0.9999999999999976,220.0,0.0537109375,True,sector,,,321936748
10,12,1,0.0,0.476303,0.0,0.0,-0.594078,0.05224609375,0.0029296875,0.10587222775083838,0.001682037110152436,3997,BARK,325,0.079345703125,0.9999999999999976,220.0,0.0537109375,True,sector,,,321936748
10,12,1,0.0,0.476303,0.0,0.0,-0.594078,0.05224609375,0.0029296875,0.10587222775083838,0.001682037110152436,3997,BARK,423,0.103271484375,0.9999999999999976,220.0,0.0537109375,True,sector,,,321936748
10,12,1,0.0,0.476303,0.0,0.0,-0.594078,0.05224609375,0.0029296875,0.10587222775083838,0.001682037110152436,3997,BARK,550,0.13427734375,0.9999999999999976,220.0,0.0537109375,True,sector,,,321936748
10,12,1,0.0,0.476303,0.0,0.0,-0.594078,0.05224609375,0.0029296875,0.10587222775083838,0.001682037110152436,3997,BARK,715,0.174560546875,0.9999999999999976,220.0,0.0537109375,True,sector,,,321936748
10,12,1,0.0,0.476303,0.0,0.0,-0.594078,0.05224609375,0.0029296875,0.10587222775083838,0.001682037110152436,3997,BARK,931,0.227294921875,0.9999999999999976,220.0,0.0537109375,True,sector,,,321936748
10,12,1,0.0,0.476303,0.0,0.0,-0.594078,0.05224609375,0.0029296875,0.10587222775083838,0.001682037110152436,3997,BARK,1210,0.29541015625,0.9999999999999976,220.0,0.0537109375,True,sector,,,321936748
10,12,1,0.0,0.476303,0.0,0.0,-0.594078,0.05224609375,0.0029296875,0.10587222775083838,0.001682037110152436,3997,BARK,1575,0.384521484375,0.9999999999999976,220.0,0.0537109375,True,sector,,,321936748
10,12,1,0.0,0.476303,0.0,0.0,-0.594078,0.05224609375,0.0029296875,0.10587222775083838,0.001682037110152436,3997,BARK,2048,0.5,0.9999999999999976,220.0,0.0537109375,True,sector,,,321936748
10,12,1,0.0,0.476303,0.0,0.0,-0.594078,0.05224609375,0.0029296875,0.10587222775083838,0.001682037110152436,3997,Simplified BARK,1,0.000244140625,0.001682037110152436,220.0,0.0537109375,True,sector,,,321936748
10,12,1,0.0,0.476303,0.0,0.0,-0.594078,0.05224609375,0.0029296875,0.10587222775083838,0.001682037110152436,3997,Simplified BARK,2,0.00048828125,0.009094046797220505,220.0,0.0537109375,True,sector,,,321936748
10,12,1,0.0,0.476303,0.0,0.0,-0.594078,0.05224609375,0.0029296875,0.10587222775083838,0.001682037110152436,3997,Simplified BARK,3,0.000732421875,0.0246586633818237,220.0,0.0537109375,True,sector,,,321936748
10,12,1,0.0,0.476303,0.0,0.0,-0.594078,0.05224609375,0.0029296875,0.10587222775083838,0.001682037110152436,3997,Simplified BARK,4,0.0009765625,0.0465415537180472,220.0,0.0537109375,True,sector,,,321936748
10,12,1,0.0,0.476303,0.0,0.0,-0.594078,0.05224609375,0.0029296875,0.10587222775083838,0.001682037110152436,3997,Simplified BARK,5,0.001220703125,0.0679646499407096,220.0,0.0537109375,True,sector,,,321936748
10,12,1,0.0,0.476303,0.0,0.0,-0.594078,0.05224609375,0.0029296875,0.10587222775083838,0.001682037110152436,3997,Simplified BARK,6,0.00146484375,0.08040079624367301,220.0,0.0537109375,True,sector,,,321936748
10,12,1,0.0,0.476303,0.0,0.0,-0.594078,0.05224609375,0.0029296875,0.10587222775083838,0.001682037110152436,3997,Simplified BARK,8,0.001953125,0.0918930650983765,220.0,0.0537109375,True,sector,,,321936748
10,12,1,0.0,0.476303,0.0,0.0,-0.594078,0.05224609375,0.0029296875,0.10587222775083838,0.001682037110152436,3997,Simplified BARK,11,0.002685546875,0.08301516822103205,220.0,0.0537109375,True,sector,,,321936748
10,12,1,0.0,0.476303,0.0,0.0,-0.594078,0.05224609375,0.0029296875,0.10587222775083838,0.001682037110152436,3997,Simplified BARK,14,0.00341796875,0.06269772144872014,220.0,0.0537109375,True,sector,,,321936748
10,12,1,0.0,0.476303,0.0,0.0,-0.594078,0.05224609375,0.0029296875,0.10587222775083838,0.001682037110152436,3997,Simplified BARK,18,0.00439453125,0.04121537841934743,220.0,0.0537109375,True,sector,,,321936748
10,12,1,0.0,0.476303,0.0,0.0,-0.594078,0.05224609375,0.0029296875,0.10587222775083838,0.001682037110152436,3997,Simplified BARK,23,0.005615234375,0.00010011856469262078,220.0,0.0537109375,True,sector,,,321936748
10,12,1,0.0,0.476303,0.0,0.0,-0.594078,0.05224609375,0.0029296875,0.10587222775083838,0.001682037110152436,3997,Simplified BARK,31,0.007568359375,0.002333616690497627,220.0,0.0537109375,True,sector,,,321936748
10,12,1,0.0,0.476303,0.0,0.0,-0.594078,0.05224609375,0.0029296875,0.10587222775083838,0.001682037110152436,3997,Simplified BARK,40,0.009765625,0.024135863259002174,220.0,0.0537109375,True,sector,,,321936748
10,12,1,0.0,0.476303,0.0,0.0,-0.594078,0.05224609375,0.0029296875,0.10587222775083838,0.001682037110152436,3997,Simplified BARK,52,0.0126953125,0.077494550099071,220.0,0.0537109375,True,sector,,,321936748
10,12,1,0.0,0.476303,0.0,0.0,-0.594078,0.05224609375,0.0029296875,0.10587222775083838,0.001682037110152436,3997,Simplified BARK,67,0.016357421875,0.06575453194263343,220.0,0.0537109375,True,sector,,,321936748
10,12,1,0.0,0.476303,0.0,0.0,-0.594078,0.05224609375,0.0029296875,0.10587222775083838,0.001682037110152436,3997,Simplified BARK,87,0.021240234375,0.14212733109122086,220.0,0.0537109375,True,sector,,,321936748
10,12,1,0.0,0.476303,0.0,0.0,-0.594078,0.05224609375,0.0029296875,0.10587222775083838,0.001682037110152436,3997,Simplified BARK,114,0.02783203125,0.3308029250914439,220.0,0.0537109375,True,sector,,,321936748
10,12,1,0.0,0.476303,0.0,0.0,-0.594078,0.05224609375,0.0029296875,0.10587222775083838,0.001682037110152436,3997,Simplified BARK,148,0.0361328125,0.666315129133805,220.0,0.0537109375,True,sector,,,321936748
10,12,1,0.0,0.476303,0.0,0.0,-0.594078,0.05224609375,0.0029296875,0.10587222775083838,0.001682037110152436,3997,Simplified BARK,192,0.046875,0.9836996634821221,220.0,0.0537109375,True,sector,,,321936748
10,12,1,0.0,0.476303,0.0,0.0,-0.594078,0.05224609375,0.0029296875,0.10587222775083838,0.001682037110152436,3997,Simplified BARK,250,0.06103515625,0.9999999999999973,220.0,0.0537109375,True,sector,,,321936748
10,12,1,0.0,0.476303,0.0,0.0,-0.594078,0.05224609375,0.0029296875,0.10587222775083838,0.001682037110152436,3997,Simplified BARK,325,0.079345703125,0.9999999999999973,220.0,0.0537109375,True,sector,,,321936748
10,12,1,0.0,0.476303,0.0,0.0,-0.594078,0.05224609375,0.0029296875,0.10587222775083838,0.001682037110152436,3997,Simplified BARK,423,0.103271484375,0.9999999999999973,220.0,0.0537109375,True,sector,,,321936748
10,12,1,0.0,0.476303,0.0,0.0,-0.594078,0.05224609375,0.0029296875,0.10587222775083838,0.001682037110152436,3997,Simplified BARK,550,0.13427734375,0.9999999999999973,220.0,0.0537109375,True,sector,,,321936748
10,12,1,0.0,0.476303,0.0,0.0,-0.594078,0.05224609375,0.0029296875,0.10587222775083838,0.001682037110152436,3997,Simplified BARK,715,0.174560546875,0.9999999999999973,220.0,0.0537109375,True,sector,,,321936748
10,12,1,0.0,0.476303,0.0,0.0,-0.594078,0.05224609375,0.0029296875,0.10587222775083838,0.001682037110152436,3997,Simplified BARK,931,0.227294921875,0.9999999999999973,220.0,0.0537109375,True,sector,,,321936748
10,12,1,0.0,0.476303,0.0,0.0,-0.594078,0.05224609375,0.0029296875,0.10587222775083838,0.001682037110152436,3997,Simplified BARK,1210,0.29541015625,0.9999999999999973,220.0,0.0537109375,True,sector,,,321936748
10,12,1,0.0,0.476303,0.0,0.0,-0.594078,0.05224609375,0.0029296875,0.10587222775083838,0.001682037110152436,3997,Simplified BARK,1575,0.384521484375,0.9999999999999973,220.0,0.0537109375,True,sector,,,321936748
10,12,1,0.0,0.476303,0.0,0.0,-0.594078,0.05224609375,0.0029296875,0.10587222775083838,0.001682037110152436,3997,Simplified BARK,2048,0.5,0.9999999999999973,220.0,0.0537109375,True,sector,,,321936748
10,12,1,0.0,0.476303,0.0,0.0,-0.594078,0.05224609375,0.0029296875,0.10587222775083838,0.001682037110152436,3997,SKQD,1,0.000244140625,0.001682037110152436,220.0,0.0537109375,True,converged;converged;converged,0.02,643.0,321936748
10,12,1,0.0,0.476303,0.0,0.0,-0.594078,0.05224609375,0.0029296875,0.10587222775083838,0.001682037110152436,3997,SKQD,2,0.00048828125,0.004152707005841793,220.0,0.0537109375,True,converged;converged;converged,0.02,643.0,321936748
10,12,1,0.0,0.476303,0.0,0.0,-0.594078,0.05224609375,0.0029296875,0.10587222775083838,0.001682037110152436,3997,SKQD,3,0.000732421875,0.004893704725923182,220.0,0.0537109375,True,converged;converged;converged,0.02,643.0,321936748
10,12,1,0.0,0.476303,0.0,0.0,-0.594078,0.05224609375,0.0029296875,0.10587222775083838,0.001682037110152436,3997,SKQD,4,0.0009765625,0.006578807883570844,220.0,0.0537109375,True,converged;converged;converged,0.02,643.0,321936748
10,12,1,0.0,0.476303,0.0,0.0,-0.594078,0.05224609375,0.0029296875,0.10587222775083838,0.001682037110152436,3997,SKQD,5,0.001220703125,0.010929343895024349,220.0,0.0537109375,True,converged;converged;converged,0.02,643.0,321936748
10,12,1,0.0,0.476303,0.0,0.0,-0.594078,0.05224609375,0.0029296875,0.10587222775083838,0.001682037110152436,3997,SKQD,6,0.00146484375,0.011084219693437142,220.0,0.0537109375,True,converged;converged;converged,0.02,643.0,321936748
10,12,1,0.0,0.476303,0.0,0.0,-0.594078,0.05224609375,0.0029296875,0.10587222775083838,0.001682037110152436,3997,SKQD,8,0.001953125,0.014444075654382433,220.0,0.0537109375,True,converged;converged;converged,0.02,643.0,321936748
10,12,1,0.0,0.476303,0.0,0.0,-0.594078,0.05224609375,0.0029296875,0.10587222775083838,0.001682037110152436,3997,SKQD,11,0.002685546875,0.02932222736708826,220.0,0.0537109375,True,converged;converged;converged,0.02,643.0,321936748
10,12,1,0.0,0.476303,0.0,0.0,-0.594078,0.05224609375,0.0029296875,0.10587222775083838,0.001682037110152436,3997,SKQD,14,0.00341796875,0.04996732734079304,220.0,0.0537109375,True,converged;converged;converged,0.02,643.0,321936748
10,12,1,0.0,0.476303,0.0,0.0,-0.594078,0.05224609375,0.0029296875,0.10587222775083838,0.001682037110152436,3997,SKQD,18,0.00439453125,0.056030369042291334,220.0,0.0537109375,True,converged;converged;converged,0.02,643.0,321936748
10,12,1,0.0,0.476303,0.0,0.0,-0.594078,0.05224609375,0.0029296875,0.10587222775083838,0.001682037110152436,3997,SKQD,23,0.005615234375,0.0719138013381802,220.0,0.0537109375,True,converged;converged;converged,0.02,643.0,321936748
10,12,1,0.0,0.476303,0.0,0.0,-0.594078,0.05224609375,0.0029296875,0.10587222775083838,0.001682037110152436,3997,SKQD,31,0.007568359375,0.10408155577761612,220.0,0.0537109375,True,converged;converged;converged,0.02,643.0,321936748
10,12,1,0.0,0.476303,0.0,0.0,-0.594078,0.05224609375,0.0029296875,0.10587222775083838,0.001682037110152436,3997,SKQD,40,0.009765625,0.1347421138867502,220.0,0.0537109375,True,converged;converged;converged,0.02,643.0,321936748
10,12,1,0.0,0.476303,0.0,0.0,-0.594078,0.05224609375,0.0029296875,0.10587222775083838,0.001682037110152436,3997,SKQD,52,0.0126953125,0.16548774006846415,220.0,0.0537109375,True,converged;converged;converged,0.02,643.0,321936748
10,12,1,0.0,0.476303,0.0,0.0,-0.594078,0.05224609375,0.0029296875,0.10587222775083838,0.001682037110152436,3997,SKQD,67,0.016357421875,0.2490676176773694,220.0,0.0537109375,True,converged;converged;converged,0.02,643.0,321936748
10,12,1,0.0,0.476303,0.0,0.0,-0.594078,0.05224609375,0.0029296875,0.10587222775083838,0.001682037110152436,3997,SKQD,87,0.021240234375,0.3429003053329976,220.0,0.0537109375,True,converged;converged;converged,0.02,643.0,321936748
10,12,1,0.0,0.476303,0.0,0.0,-0.594078,0.05224609375,0.0029296875,0.10587222775083838,0.001682037110152436,3997,SKQD,114,0.02783203125,0.4633219812466169,220.0,0.0537109375,True,converged;converged;converged,0.02,643.0,321936748
10,12,1,0.0,0.476303,0.0,0.0,-0.594078,0.05224609375,0.0029296875,0.10587222775083838,0.001682037110152436,3997,SKQD,148,0.0361328125,0.6622086548189469,220.0,0.0537109375,True,converged;converged;converged,0.02,643.0,321936748
10,12,1,0.0,0.476303,0.0,0.0,-0.594078,0.05224609375,0.0029296875,0.10587222775083838,0.001682037110152436,3997,SKQD,192,0.046875,0.9749480182225064,220.0,0.0537109375,True,converged;converged;converged,0.02,643.0,321936748
10,12,1,0.0,0.476303,0.0,0.0,-0.594078,0.05224609375,0.0029296875,0.10587222775083838,0.001682037110152436,3997,SKQD,250,0.06103515625,0.999999999999997,220.0,0.0537109375,True,converged;converged;converged,0.02,643.0,321936748
10,12,1,0.0,0.476303,0.0,0.0,-0.594078,0.05224609375,0.0029296875,0.10587222775083838,0.001682037110152436,3997,SKQD,325,0.079345703125,0.999999999999997,220.0,0.0537109375,True,converged;converged;converged,0.02,643.0,321936748
10,12,1,0.0,0.476303,0.0,0.0,-0.594078,0.05224609375,0.0029296875,0.10587222775083838,0.001682037110152436,3997,SKQD,423,0.103271484375,0.999999999999997,220.0,0.0537109375,True,converged;converged;converged,0.02,643.0,321936748
10,12,1,0.0,0.476303,0.0,0.0,-0.594078,0.05224609375,0.0029296875,0.10587222775083838,0.001682037110152436,3997,SKQD,550,0.13427734375,0.999999999999997,220.0,0.0537109375,True,converged;converged;converged,0.02,643.0,321936748
10,12,1,0.0,0.476303,0.0,0.0,-0.594078,0.05224609375,0.0029296875,0.10587222775083838,0.001682037110152436,3997,SKQD,715,0.174560546875,0.999999999999997,220.0,0.0537109375,True,converged;converged;converged,0.02,643.0,321936748
10,12,1,0.0,0.476303,0.0,0.0,-0.594078,0.05224609375,0.0029296875,0.10587222775083838,0.001682037110152436,3997,SKQD,931,0.227294921875,0.999999999999997,220.0,0.0537109375,True,converged;converged;converged,0.02,643.0,321936748
10,12,1,0.0,0.476303,0.0,0.0,-0.594078,0.05224609375,0.0029296875,0.10587222775083838,0.001682037110152436,3997,SKQD,1210,0.29541015625,0.999999999999997,220.0,0.0537109375,True,converged;converged;converged,0.02,643.0,321936748
10,12,1,0.0,0.476303,0.0,0.0,-0.594078,0.05224609375,0.0029296875,0.10587222775083838,0.001682037110152436,3997,SKQD,1575,0.384521484375,0.999999999999997,220.0,0.0537109375,True,converged;converged;converged,0.02,643.0,321936748
10,12,1,0.0,0.476303,0.0,0.0,-0.594078,0.05224609375,0.0029296875,0.10587222775083838,0.001682037110152436,3997,SKQD,2048,0.5,0.999999999999997,220.0,0.0537109375,True,converged;converged;converged,0.02,643.0,321936748
10,12,1,0.0,0.476303,0.0,0.0,-0.594078,0.05224609375,0.0029296875,0.10587222775083838,0.001682037110152436,3997,Ceiling,1,0.000244140625,0.0296405073764561,2048.0,0.5,False,,,,321936748
10,12,1,0.0,0.476303,0.0,0.0,-0.594078,0.05224609375,0.0029296875,0.10587222775083838,0.001682037110152436,3997,Ceiling,2,0.00048828125,0.05928101475291213,2048.0,0.5,False,,,,321936748
10,12,1,0.0,0.476303,0.0,0.0,-0.594078,0.05224609375,0.0029296875,0.10587222775083838,0.001682037110152436,3997,Ceiling,3,0.000732421875,0.08501249629488027,2048.0,0.5,False,,,,321936748
10,12,1,0.0,0.476303,0.0,0.0,-0.594078,0.05224609375,0.0029296875,0.10587222775083838,0.001682037110152436,3997,Ceiling,4,0.0009765625,0.11074397783684839,2048.0,0.5,False,,,,321936748
10,12,1,0.0,0.476303,0.0,0.0,-0.594078,0.05224609375,0.0029296875,0.10587222775083838,0.001682037110152436,3997,Ceiling,5,0.001220703125,0.13398309518297116,2048.0,0.5,False,,,,321936748
10,12,1,0.0,0.476303,0.0,0.0,-0.594078,0.05224609375,0.0029296875,0.10587222775083838,0.001682037110152436,3997,Ceiling,6,0.00146484375,0.15722221252909394,2048.0,0.5,False,,,,321936748
10,12,1,0.0,0.476303,0.0,0.0,-0.594078,0.05224609375,0.0029296875,0.10587222775083838,0.001682037110152436,3997,Ceiling,8,0.001953125,0.2015621296661771,2048.0,0.5,False,,,,321936748
10,12,1,0.0,0.476303,0.0,0.0,-0.594078,0.05224609375,0.0029296875,0.10587222775083838,0.001682037110152436,3997,Ceiling,11,0.002685546875,0.2610367590088428,2048.0,0.5,False,,,,321936748
10,12,1,0.0,0.476303,0.0,0.0,-0.594078,0.05224609375,0.0029296875,0.10587222775083838,0.001682037110152436,3997,Ceiling,14,0.00341796875,0.316595283434492,2048.0,0.5,False,,,,321936748
10,12,1,0.0,0.476303,0.0,0.0,-0.594078,0.05224609375,0.0029296875,0.10587222775083838,0.001682037110152436,3997,Ceiling,18,0.00439453125,0.38536434820588716,2048.0,0.5,False,,,,321936748
10,12,1,0.0,0.476303,0.0,0.0,-0.594078,0.05224609375,0.0029296875,0.10587222775083838,0.001682037110152436,3997,Ceiling,23,0.005615234375,0.45823985824988295,2048.0,0.5,False,,,,321936748
10,12,1,0.0,0.476303,0.0,0.0,-0.594078,0.05224609375,0.0029296875,0.10587222775083838,0.001682037110152436,3997,Ceiling,31,0.007568359375,0.5580082961372015,2048.0,0.5,False,,,,321936748
10,12,1,0.0,0.476303,0.0,0.0,-0.594078,0.05224609375,0.0029296875,0.10587222775083838,0.001682037110152436,3997,Ceiling,40,0.009765625,0.6367049395208997,2048.0,0.5,False,,,,321936748
10,12,1,0.0,0.476303,0.0,0.0,-0.594078,0.05224609375,0.0029296875,0.10587222775083838,0.001682037110152436,3997,Ceiling,52,0.0126953125,0.7220310831211154,2048.0,0.5,False,,,,321936748
10,12,1,0.0,0.476303,0.0,0.0,-0.594078,0.05224609375,0.0029296875,0.10587222775083838,0.001682037110152436,3997,Ceiling,67,0.016357421875,0.8036798825454099,2048.0,0.5,False,,,,321936748
10,12,1,0.0,0.476303,0.0,0.0,-0.594078,0.05224609375,0.0029296875,0.10587222775083838,0.001682037110152436,3997,Ceiling,87,0.021240234375,0.8829277023622168,2048.0,0.5,False,,,,321936748
10,12,1,0.0,0.476303,0.0,0.0,-0.594078,0.05224609375,0.0029296875,0.10587222775083838,0.001682037110152436,3997,Ceiling,114,0.02783203125,0.9496421456844525,2048.0,0.5,False,,,,321936748
10,12,1,0.0,0.476303,0.0,0.0,-0.594078,0.05224609375,0.0029296875,0.10587222775083838,0.001682037110152436,3997,Ceiling,148,0.0361328125,0.9869192539376271,2048.0,0.5,False,,,,321936748
10,12,1,0.0,0.476303,0.0,0.0,-0.594078,0.05224609375,0.0029296875,0.10587222775083838,0.001682037110152436,3997,Ceiling,192,0.046875,0.999583233017463,2048.0,0.5,False,,,,321936748
10,12,1,0.0,0.476303,0.0,0.0,-0.594078,0.05224609375,0.0029296875,0.10587222775083838,0.001682037110152436,3997,Ceiling,250,0.06103515625,0.9999999999999982,2048.0,0.5,False,,,,321936748
10,12,1,0.0,0.476303,0.0,0.0,-0.594078,0.05224609375,0.0029296875,0.10587222775083838,0.001682037110152436,3997,Ceiling,325,0.079345703125,0.9999999999999982,2048.0,0.5,False,,,,321936748
10,12,1,0.0,0.476303,0.0,0.0,-0.594078,0.05224609375,0.0029296875,0.10587222775083838,0.001682037110152436,3997,Ceiling,423,0.103271484375,0.9999999999999982,2048.0,0.5,False,,,,321936748
10,12,1,0.0,0.476303,0.0,0.0,-0.594078,0.05224609375,0.0029296875,0.10587222775083838,0.001682037110152436,3997,Ceiling,550,0.13427734375,0.9999999999999982,2048.0,0.5,False,,,,321936748
10,12,1,0.0,0.476303,0.0,0.0,-0.594078,0.05224609375,0.0029296875,0.10587222775083838,0.001682037110152436,3997,Ceiling,715,0.174560546875,0.9999999999999982,2048.0,0.5,False,,,,321936748
10,12,1,0.0,0.476303,0.0,0.0,-0.594078,0.05224609375,0.0029296875,0.10587222775083838,0.001682037110152436,3997,Ceiling,931,0.227294921875,0.9999999999999982,2048.0,0.5,False,,,,321936748
10,12,1,0.0,0.476303,0.0,0.0,-0.594078,0.05224609375,0.0029296875,0.10587222775083838,0.001682037110152436,3997,Ceiling,1210,0.29541015625,0.9999999999999982,2048.0,0.5,False,,,,321936748
10,12,1,0.0,0.476303,0.0,0.0,-0.594078,0.05224609375,0.0029296875,0.10587222775083838,0.001682037110152436,3997,Ceiling,1575,0.384521484375,0.9999999999999982,2048.0,0.5,False,,,,321936748
10,12,1,0.0,0.476303,0.0,0.0,-0.594078,0.05224609375,0.0029296875,0.10587222775083838,0.001682037110152436,3997,Ceiling,2048,0.5,0.9999999999999982,2048.0,0.5,False,,,,321936748
10,12,1,0.0,0.476303,0.0,0.0,-0.594078,0.05224609375,0.0029296875,0.10587222775083838,1.586642628842319e-05,4073,BARK,1,0.000244140625,1.586642628842319e-05,220.0,0.0537109375,True,sector,,,321936748
10,12,1,0.0,0.476303,0.0,0.0,-0.594078,0.05224609375,0.0029296875,0.10587222775083838,1.586642628842319e-05,4073,BARK,2,0.00048828125,9.381872207929247e-05,220.0,0.0537109375,True,sector,,,321936748
10,12,1,0.0,0.476303,0.0,0.0,-0.594078,0.05224609375,0.0029296875,0.10587222775083838,1.586642628842319e-05,4073,BARK,3,0.000732421875,0.0003133508790807345,220.0,0.0537109375,True,sector,,,321936748
10,12,1,0.0,0.476303,0.0,0.0,-0.594078,0.05224609375,0.0029296875,0.10587222775083838,1.586642628842319e-05,4073,BARK,4,0.0009765625,0.0007643312672308654,220.0,0.0537109375,True,sector,,,321936748
10,12,1,0.0,0.476303,0.0,0.0,-0.594078,0.05224609375,0.0029296875,0.10587222775083838,1.586642628842319e-05,4073,BARK,5,0.001220703125,0.0014827826249684676,220.0,0.0537109375,True,sector,,,321936748
10,12,1,0.0,0.476303,0.0,0.0,-0.594078,0.05224609375,0.0029296875,0.10587222775083838,1.586642628842319e-05,4073,BARK,6,0.00146484375,0.0023863274588193438,220.0,0.0537109375,True,sector,,,321936748
10,12,1,0.0,0.476303,0.0,0.0,-0.594078,0.05224609375,0.0029296875,0.10587222775083838,1.586642628842319e-05,4073,BARK,8,0.001953125,0.003856249285610821,220.0,0.0537109375,True,sector,,,321936748
10,12,1,0.0,0.476303,0.0,0.0,-0.594078,0.05224609375,0.0029296875,0.10587222775083838,1.586642628842319e-05,4073,BARK,11,0.002685546875,0.013668341244742999,220.0,0.0537109375,True,sector,,,321936748
10,12,1,0.0,0.476303,0.0,0.0,-0.594078,0.05224609375,0.0029296875,0.10587222775083838,1.586642628842319e-05,4073,BARK,14,0.00341796875,0.024803511387126415,220.0,0.0537109375,True,sector,,,321936748
10,12,1,0.0,0.476303,0.0,0.0,-0.594078,0.05224609375,0.0029296875,0.10587222775083838,1.586642628842319e-05,4073,BARK,18,0.00439453125,0.018734985406521146,220.0,0.0537109375,True,sector,,,321936748
10,12,1,0.0,0.476303,0.0,0.0,-0.594078,0.05224609375,0.0029296875,0.10587222775083838,1.586642628842319e-05,4073,BARK,23,0.005615234375,0.0344135965289235,220.0,0.0537109375,True,sector,,,321936748
10,12,1,0.0,0.476303,0.0,0.0,-0.594078,0.05224609375,0.0029296875,0.10587222775083838,1.586642628842319e-05,4073,BARK,31,0.007568359375,0.08145813713884302,220.0,0.0537109375,True,sector,,,321936748
10,12,1,0.0,0.476303,0.0,0.0,-0.594078,0.05224609375,0.0029296875,0.10587222775083838,1.586642628842319e-05,4073,BARK,40,0.009765625,0.09809262023134717,220.0,0.0537109375,True,sector,,,321936748
10,12,1,0.0,0.476303,0.0,0.0,-0.594078,0.05224609375,0.0029296875,0.10587222775083838,1.586642628842319e-05,4073,BARK,52,0.0126953125,0.2965011802494068,220.0,0.0537109375,True,sector,,,321936748
10,12,1,0.0,0.476303,0.0,0.0,-0.594078,0.05224609375,0.0029296875,0.10587222775083838,1.586642628842319e-05,4073,BARK,67,0.016357421875,0.5226605073047025,220.0,0.0537109375,True,sector,,,321936748
10,12,1,0.0,0.476303,0.0,0.0,-0.594078,0.05224609375,0.0029296875,0.10587222775083838,1.586642628842319e-05,4073,BARK,87,0.021240234375,0.6145155794672748,220.0,0.0537109375,True,sector,,,321936748
10,12,1,0.0,0.476303,0.0,0.0,-0.594078,0.05224609375,0.0029296875,0.10587222775083838,1.586642628842319e-05,4073,BARK,114,0.02783203125,0.6328321641677684,220.0,0.0537109375,True,sector,,,321936748
10,12,1,0.0,0.476303,0.0,0.0,-0.594078,0.05224609375,0.0029296875,0.10587222775083838,1.586642628842319e-05,4073,BARK,148,0.0361328125,0.7080028819367974,220.0,0.0537109375,True,sector,,,321936748
10,12,1,0.0,0.476303,0.0,0.0,-0.594078,0.05224609375,0.0029296875,0.10587222775083838,1.586642628842319e-05,4073,BARK,192,0.046875,0.9776757666846647,220.0,0.0537109375,True,sector,,,321936748
10,12,1,0.0,0.476303,0.0,0.0,-0.594078,0.05224609375,0.0029296875,0.10587222775083838,1.586642628842319e-05,4073,BARK,250,0.06103515625,0.9999999999999973,220.0,0.0537109375,True,sector,,,321936748
10,12,1,0.0,0.476303,0.0,0.0,-0.594078,0.05224609375,0.0029296875,0.10587222775083838,1.586642628842319e-05,4073,BARK,325,0.079345703125,0.9999999999999973,220.0,0.0537109375,True,sector,,,321936748
10,12,1,0.0,0.476303,0.0,0.0,-0.594078,0.05224609375,0.0029296875,0.10587222775083838,1.586642628842319e-05,4073,BARK,423,0.103271484375,0.9999999999999973,220.0,0.0537109375,True,sector,,,321936748
10,12,1,0.0,0.476303,0.0,0.0,-0.594078,0.05224609375,0.0029296875,0.10587222775083838,1.586642628842319e-05,4073,BARK,550,0.13427734375,0.9999999999999973,220.0,0.0537109375,True,sector,,,321936748
10,12,1,0.0,0.476303,0.0,0.0,-0.594078,0.05224609375,0.0029296875,0.10587222775083838,1.586642628842319e-05,4073,BARK,715,0.174560546875,0.9999999999999973,220.0,0.0537109375,True,sector,,,321936748
10,12,1,0.0,0.476303,0.0,0.0,-0.594078,0.05224609375,0.0029296875,0.10587222775083838,1.586642628842319e-05,4073,BARK,931,0.227294921875,0.9999999999999973,220.0,0.0537109375,True,sector,,,321936748
10,12,1,0.0,0.476303,0.0,0.0,-0.594078,0.05224609375,0.0029296875,0.10587222775083838,1.586642628842319e-05,4073,BARK,1210,0.29541015625,0.9999999999999973,220.0,0.0537109375,True,sector,,,321936748
10,12,1,0.0,0.476303,0.0,0.0,-0.594078,0.05224609375,0.0029296875,0.10587222775083838,1.586642628842319e-05,4073,BARK,1575,0.384521484375,0.9999999999999973,220.0,0.0537109375,True,sector,,,321936748
10,12,1,0.0,0.476303,0.0,0.0,-0.594078,0.05224609375,0.0029296875,0.10587222775083838,1.586642628842319e-05,4073,BARK,2048,0.5,0.9999999999999973,220.0,0.0537109375,True,sector,,,321936748
10,12,1,0.0,0.476303,0.0,0.0,-0.594078,0.05224609375,0.0029296875,0.10587222775083838,1.586642628842319e-05,4073,Simplified BARK,1,0.000244140625,1.586642628842319e-05,220.0,0.0537109375,True,sector,,,321936748
10,12,1,0.0,0.476303,0.0,0.0,-0.594078,0.05224609375,0.0029296875,0.10587222775083838,1.586642628842319e-05,4073,Simplified BARK,2,0.00048828125,9.381872207929247e-05,220.0,0.0537109375,True,sector,,,321936748
10,12,1,0.0,0.476303,0.0,0.0,-0.594078,0.05224609375,0.0029296875,0.10587222775083838,1.586642628842319e-05,4073,Simplified BARK,3,0.000732421875,0.0003133508790807345,220.0,0.0537109375,True,sector,,,321936748
10,12,1,0.0,0.476303,0.0,0.0,-0.594078,0.05224609375,0.0029296875,0.10587222775083838,1.586642628842319e-05,4073,Simplified BARK,4,0.0009765625,0.0007643312672308654,220.0,0.0537109375,True,sector,,,321936748
10,12,1,0.0,0.476303,0.0,0.0,-0.594078,0.05224609375,0.0029296875,0.10587222775083838,1.586642628842319e-05,4073,Simplified BARK,5,0.001220703125,0.0014827826249684676,220.0,0.0537109375,True,sector,,,321936748
10,12,1,0.0,0.476303,0.0,0.0,-0.594078,0.05224609375,0.0029296875,0.10587222775083838,1.586642628842319e-05,4073,Simplified BARK,6,0.00146484375,0.0023863274588193438,220.0,0.0537109375,True,sector,,,321936748
10,12,1,0.0,0.476303,0.0,0.0,-0.594078,0.05224609375,0.0029296875,0.10587222775083838,1.586642628842319e-05,4073,Simplified BARK,8,0.001953125,0.003856249285610821,220.0,0.0537109375,True,sector,,,321936748
10,12,1,0.0,0.476303,0.0,0.0,-0.594078,0.05224609375,0.0029296875,0.10587222775083838,1.586642628842319e-05,4073,Simplified BARK,11,0.002685546875,0.008621188331411496,220.0,0.0537109375,True,sector,,,321936748
10,12,1,0.0,0.476303,0.0,0.0,-0.594078,0.05224609375,0.0029296875,0.10587222775083838,1.586642628842319e-05,4073,Simplified BARK,14,0.00341796875,0.019402587614038732,220.0,0.0537109375,True,sector,,,321936748
10,12,1,0.0,0.476303,0.0,0.0,-0.594078,0.05224609375,0.0029296875,0.10587222775083838,1.586642628842319e-05,4073,Simplified BARK,18,0.00439453125,0.02629234748983944,220.0,0.0537109375,True,sector,,,321936748
10,12,1,0.0,0.476303,0.0,0.0,-0.594078,0.05224609375,0.0029296875,0.10587222775083838,1.586642628842319e-05,4073,Simplified BARK,23,0.005615234375,0.02378401452203468,220.0,0.0537109375,True,sector,,,321936748
10,12,1,0.0,0.476303,0.0,0.0,-0.594078,0.05224609375,0.0029296875,0.10587222775083838,1.586642628842319e-05,4073,Simplified BARK,31,0.007568359375,0.0009800841585619034,220.0,0.0537109375,True,sector,,,321936748
10,12,1,0.0,0.476303,0.0,0.0,-0.594078,0.05224609375,0.0029296875,0.10587222775083838,1.586642628842319e-05,4073,Simplified BARK,40,0.009765625,0.011134605193072543,220.0,0.0537109375,True,sector,,,321936748
10,12,1,0.0,0.476303,0.0,0.0,-0.594078,0.05224609375,0.0029296875,0.10587222775083838,1.586642628842319e-05,4073,Simplified BARK,52,0.0126953125,0.049232402999658434,220.0,0.0537109375,True,sector,,,321936748
10,12,1,0.0,0.476303,0.0,0.0,-0.594078,0.05224609375,0.0029296875,0.10587222775083838,1.586642628842319e-05,4073,Simplified BARK,67,0.016357421875,0.06652943070333484,220.0,0.0537109375,True,sector,,,321936748
10,12,1,0.0,0.476303,0.0,0.0,-0.594078,0.05224609375,0.0029296875,0.10587222775083838,1.586642628842319e-05,4073,Simplified BARK,87,0.021240234375,0.11837360643899743,220.0,0.0537109375,True,sector,,,321936748
10,12,1,0.0,0.476303,0.0,0.0,-0.594078,0.05224609375,0.0029296875,0.10587222775083838,1.586642628842319e-05,4073,Simplified BARK,114,0.02783203125,0.3276575571233309,220.0,0.0537109375,True,sector,,,321936748
10,12,1,0.0,0.476303,0.0,0.0,-0.594078,0.05224609375,0.0029296875,0.10587222775083838,1.586642628842319e-05,4073,Simplified BARK,148,0.0361328125,0.6555593971539426,220.0,0.0537109375,True,sector,,,321936748
10,12,1,0.0,0.476303,0.0,0.0,-0.594078,0.05224609375,0.0029296875,0.10587222775083838,1.586642628842319e-05,4073,Simplified BARK,192,0.046875,0.9783809478077138,220.0,0.0537109375,True,sector,,,321936748
10,12,1,0.0,0.476303,0.0,0.0,-0.594078,0.05224609375,0.0029296875,0.10587222775083838,1.586642628842319e-05,4073,Simplified BARK,250,0.06103515625,0.9999999999999973,220.0,0.0537109375,True,sector,,,321936748
10,12,1,0.0,0.476303,0.0,0.0,-0.594078,0.05224609375,0.0029296875,0.10587222775083838,1.586642628842319e-05,4073,Simplified BARK,325,0.079345703125,0.9999999999999973,220.0,0.0537109375,True,sector,,,321936748
10,12,1,0.0,0.476303,0.0,0.0,-0.594078,0.05224609375,0.0029296875,0.10587222775083838,1.586642628842319e-05,4073,Simplified BARK,423,0.103271484375,0.9999999999999973,220.0,0.0537109375,True,sector,,,321936748
10,12,1,0.0,0.476303,0.0,0.0,-0.594078,0.05224609375,0.0029296875,0.10587222775083838,1.586642628842319e-05,4073,Simplified BARK,550,0.13427734375,0.9999999999999973,220.0,0.0537109375,True,sector,,,321936748
10,12,1,0.0,0.476303,0.0,0.0,-0.594078,0.05224609375,0.0029296875,0.10587222775083838,1.586642628842319e-05,4073,Simplified BARK,715,0.174560546875,0.9999999999999973,220.0,0.0537109375,True,sector,,,321936748
10,12,1,0.0,0.476303,0.0,0.0,-0.594078,0.05224609375,0.0029296875,0.10587222775083838,1.586642628842319e-05,4073,Simplified BARK,931,0.227294921875,0.9999999999999973,220.0,0.0537109375,True,sector,,,321936748
10,12,1,0.0,0.476303,0.0,0.0,-0.594078,0.05224609375,0.0029296875,0.10587222775083838,1.586642628842319e-05,4073,Simplified BARK,1210,0.29541015625,0.9999999999999973,220.0,0.0537109375,True,sector,,,321936748
10,12,1,0.0,0.476303,0.0,0.0,-0.594078,0.05224609375,0.0029296875,0.10587222775083838,1.586642628842319e-05,4073,Simplified BARK,1575,0.384521484375,0.9999999999999973,220.0,0.0537109375,True,sector,,,321936748
10,12,1,0.0,0.476303,0.0,0.0,-0.594078,0.05224609375,0.0029296875,0.10587222775083838,1.586642628842319e-05,4073,Simplified BARK,2048,0.5,0.9999999999999973,220.0,0.0537109375,True,sector,,,321936748
10,12,1,0.0,0.476303,0.0,0.0,-0.594078,0.05224609375,0.0029296875,0.10587222775083838,1.586642628842319e-05,4073,SKQD,1,0.000244140625,1.586642628842319e-05,220.0,0.0537109375,True,converged;converged;converged,0.02,300.0,321936748
10,12,1,0.0,0.476303,0.0,0.0,-0.594078,0.05224609375,0.0029296875,0.10587222775083838,1.586642628842319e-05,4073,SKQD,2,0.00048828125,4.683600464399807e-05,220.0,0.0537109375,True,converged;converged;converged,0.02,300.0,321936748
10,12,1,0.0,0.476303,0.0,0.0,-0.594078,0.05224609375,0.0029296875,0.10587222775083838,1.586642628842319e-05,4073,SKQD,3,0.000732421875,7.000853554867267e-05,220.0,0.0537109375,True,converged;converged;converged,0.02,300.0,321936748
10,12,1,0.0,0.476303,0.0,0.0,-0.594078,0.05224609375,0.0029296875,0.10587222775083838,1.586642628842319e-05,4073,SKQD,4,0.0009765625,7.000853554867267e-05,220.0,0.0537109375,True,converged;converged;converged,0.02,300.0,321936748
10,12,1,0.0,0.476303,0.0,0.0,-0.594078,0.05224609375,0.0029296875,0.10587222775083838,1.586642628842319e-05,4073,SKQD,5,0.001220703125,0.00010309500797846037,220.0,0.0537109375,True,converged;converged;converged,0.02,300.0,321936748
10,12,1,0.0,0.476303,0.0,0.0,-0.594078,0.05224609375,0.0029296875,0.10587222775083838,1.586642628842319e-05,4073,SKQD,6,0.00146484375,0.0001678984555507202,220.0,0.0537109375,True,converged;converged;converged,0.02,300.0,321936748
10,12,1,0.0,0.476303,0.0,0.0,-0.594078,0.05224609375,0.0029296875,0.10587222775083838,1.586642628842319e-05,4073,SKQD,8,0.001953125,0.0002957846471425009,220.0,0.0537109375,True,converged;converged;converged,0.02,300.0,321936748
10,12,1,0.0,0.476303,0.0,0.0,-0.594078,0.05224609375,0.0029296875,0.10587222775083838,1.586642628842319e-05,4073,SKQD,11,0.002685546875,0.0004330182706042385,220.0,0.0537109375,True,converged;converged;converged,0.02,300.0,321936748
10,12,1,0.0,0.476303,0.0,0.0,-0.594078,0.05224609375,0.0029296875,0.10587222775083838,1.586642628842319e-05,4073,SKQD,14,0.00341796875,0.0008071731211964315,220.0,0.0537109375,True,converged;converged;converged,0.02,300.0,321936748
10,12,1,0.0,0.476303,0.0,0.0,-0.594078,0.05224609375,0.0029296875,0.10587222775083838,1.586642628842319e-05,4073,SKQD,18,0.00439453125,0.0012221798572730751,220.0,0.0537109375,True,converged;converged;converged,0.02,300.0,321936748
10,12,1,0.0,0.476303,0.0,0.0,-0.594078,0.05224609375,0.0029296875,0.10587222775083838,1.586642628842319e-05,4073,SKQD,23,0.005615234375,0.0028326978641180912,220.0,0.0537109375,True,converged;converged;converged,0.02,300.0,321936748
10,12,1,0.0,0.476303,0.0,0.0,-0.594078,0.05224609375,0.0029296875,0.10587222775083838,1.586642628842319e-05,4073,SKQD,31,0.007568359375,0.008642667994485051,220.0,0.0537109375,True,converged;converged;converged,0.02,300.0,321936748
10,12,1,0.0,0.476303,0.0,0.0,-0.594078,0.05224609375,0.0029296875,0.10587222775083838,1.586642628842319e-05,4073,SKQD,40,0.009765625,0.018666796313947878,220.0,0.0537109375,True,converged;converged;converged,0.02,300.0,321936748
10,12,1,0.0,0.476303,0.0,0.0,-0.594078,0.05224609375,0.0029296875,0.10587222775083838,1.586642628842319e-05,4073,SKQD,52,0.0126953125,0.036298127874803354,220.0,0.0537109375,True,converged;converged;converged,0.02,300.0,321936748
10,12,1,0.0,0.476303,0.0,0.0,-0.594078,0.05224609375,0.0029296875,0.10587222775083838,1.586642628842319e-05,4073,SKQD,67,0.016357421875,0.0786131502275179,220.0,0.0537109375,True,converged;converged;converged,0.02,300.0,321936748
10,12,1,0.0,0.476303,0.0,0.0,-0.594078,0.05224609375,0.0029296875,0.10587222775083838,1.586642628842319e-05,4073,SKQD,87,0.021240234375,0.22007632500083552,220.0,0.0537109375,True,converged;converged;converged,0.02,300.0,321936748
10,12,1,0.0,0.476303,0.0,0.0,-0.594078,0.05224609375,0.0029296875,0.10587222775083838,1.586642628842319e-05,4073,SKQD,114,0.02783203125,0.4060841767771642,220.0,0.0537109375,True,converged;converged;converged,0.02,300.0,321936748
10,12,1,0.0,0.476303,0.0,0.0,-0.594078,0.05224609375,0.0029296875,0.10587222775083838,1.586642628842319e-05,4073,SKQD,148,0.0361328125,0.6824591124334857,220.0,0.0537109375,True,converged;converged;converged,0.02,300.0,321936748
10,12,1,0.0,0.476303,0.0,0.0,-0.594078,0.05224609375,0.0029296875,0.10587222775083838,1.586642628842319e-05,4073,SKQD,192,0.046875,0.9805148349179521,220.0,0.0537109375,True,converged;converged;converged,0.02,300.0,321936748
10,12,1,0.0,0.476303,0.0,0.0,-0.594078,0.05224609375,0.0029296875,0.10587222775083838,1.586642628842319e-05,4073,SKQD,250,0.06103515625,0.9999999999999978,220.0,0.0537109375,True,converged;converged;converged,0.02,300.0,321936748
10,12,1,0.0,0.476303,0.0,0.0,-0.594078,0.05224609375,0.0029296875,0.10587222775083838,1.586642628842319e-05,4073,SKQD,325,0.079345703125,0.9999999999999978,220.0,0.0537109375,True,converged;converged;converged,0.02,300.0,321936748
10,12,1,0.0,0.476303,0.0,0.0,-0.594078,0.05224609375,0.0029296875,0.10587222775083838,1.586642628842319e-05,4073,SKQD,423,0.103271484375,0.9999999999999978,220.0,0.0537109375,True,converged;converged;converged,0.02,300.0,321936748
10,12,1,0.0,0.476303,0.0,0.0,-0.594078,0.05224609375,0.0029296875,0.10587222775083838,1.586642628842319e-05,4073,SKQD,550,0.13427734375,0.9999999999999978,220.0,0.0537109375,True,converged;converged;converged,0.02,300.0,321936748
10,12,1,0.0,0.476303,0.0,0.0,-0.594078,0.05224609375,0.0029296875,0.10587222775083838,1.586642628842319e-05,4073,SKQD,715,0.174560546875,0.9999999999999978,220.0,0.0537109375,True,converged;converged;converged,0.02,300.0,321936748
10,12,1,0.0,0.476303,0.0,0.0,-0.594078,0.05224609375,0.0029296875,0.10587222775083838,1.586642628842319e-05,4073,SKQD,931,0.227294921875,0.9999999999999978,220.0,0.0537109375,True,converged;converged;converged,0.02,300.0,321936748
10,12,1,0.0,0.476303,0.0,0.0,-0.594078,0.05224609375,0.0029296875,0.10587222775083838,1.586642628842319e-05,4073,SKQD,1210,0.29541015625,0.9999999999999978,220.0,0.0537109375,True,converged;converged;converged,0.02,300.0,321936748
10,12,1,0.0,0.476303,0.0,0.0,-0.594078,0.05224609375,0.0029296875,0.10587222775083838,1.586642628842319e-05,4073,SKQD,1575,0.384521484375,0.9999999999999978,220.0,0.0537109375,True,converged;converged;converged,0.02,300.0,321936748
10,12,1,0.0,0.476303,0.0,0.0,-0.594078,0.05224609375,0.0029296875,0.10587222775083838,1.586642628842319e-05,4073,SKQD,2048,0.5,0.9999999999999978,220.0,0.0537109375,True,converged;converged;converged,0.02,300.0,321936748
10,12,1,0.0,0.476303,0.0,0.0,-0.594078,0.05224609375,0.0029296875,0.10587222775083838,1.586642628842319e-05,4073,Ceiling,1,0.000244140625,0.0296405073764561,2048.0,0.5,False,,,,321936748
10,12,1,0.0,0.476303,0.0,0.0,-0.594078,0.05224609375,0.0029296875,0.10587222775083838,1.586642628842319e-05,4073,Ceiling,2,0.00048828125,0.05928101475291213,2048.0,0.5,False,,,,321936748
10,12,1,0.0,0.476303,0.0,0.0,-0.594078,0.05224609375,0.0029296875,0.10587222775083838,1.586642628842319e-05,4073,Ceiling,3,0.000732421875,0.08501249629488027,2048.0,0.5,False,,,,321936748
10,12,1,0.0,0.476303,0.0,0.0,-0.594078,0.05224609375,0.0029296875,0.10587222775083838,1.586642628842319e-05,4073,Ceiling,4,0.0009765625,0.11074397783684839,2048.0,0.5,False,,,,321936748
10,12,1,0.0,0.476303,0.0,0.0,-0.594078,0.05224609375,0.0029296875,0.10587222775083838,1.586642628842319e-05,4073,Ceiling,5,0.001220703125,0.13398309518297116,2048.0,0.5,False,,,,321936748
10,12,1,0.0,0.476303,0.0,0.0,-0.594078,0.05224609375,0.0029296875,0.10587222775083838,1.586642628842319e-05,4073,Ceiling,6,0.00146484375,0.15722221252909394,2048.0,0.5,False,,,,321936748
10,12,1,0.0,0.476303,0.0,0.0,-0.594078,0.05224609375,0.0029296875,0.10587222775083838,1.586642628842319e-05,4073,Ceiling,8,0.001953125,0.2015621296661771,2048.0,0.5,False,,,,321936748
10,12,1,0.0,0.476303,0.0,0.0,-0.594078,0.05224609375,0.0029296875,0.10587222775083838,1.586642628842319e-05,4073,Ceiling,11,0.002685546875,0.2610367590088428,2048.0,0.5,False,,,,321936748
10,12,1,0.0,0.476303,0.0,0.0,-0.594078,0.05224609375,0.0029296875,0.10587222775083838,1.586642628842319e-05,4073,Ceiling,14,0.00341796875,0.316595283434492,2048.0,0.5,False,,,,321936748
10,12,1,0.0,0.476303,0.0,0.0,-0.594078,0.05224609375,0.0029296875,0.10587222775083838,1.586642628842319e-05,4073,Ceiling,18,0.00439453125,0.38536434820588716,2048.0,0.5,False,,,,321936748
10,12,1,0.0,0.476303,0.0,0.0,-0.594078,0.05224609375,0.0029296875,0.10587222775083838,1.586642628842319e-05,4073,Ceiling,23,0.005615234375,0.45823985824988295,2048.0,0.5,False,,,,321936748
10,12,1,0.0,0.476303,0.0,0.0,-0.594078,0.05224609375,0.0029296875,0.10587222775083838,1.586642628842319e-05,4073,Ceiling,31,0.007568359375,0.5580082961372015,2048.0,0.5,False,,,,321936748
10,12,1,0.0,0.476303,0.0,0.0,-0.594078,0.05224609375,0.0029296875,0.10587222775083838,1.586642628842319e-05,4073,Ceiling,40,0.009765625,0.6367049395208997,2048.0,0.5,False,,,,321936748
10,12,1,0.0,0.476303,0.0,0.0,-0.594078,0.05224609375,0.0029296875,0.10587222775083838,1.586642628842319e-05,4073,Ceiling,52,0.0126953125,0.7220310831211154,2048.0,0.5,False,,,,321936748
10,12,1,0.0,0.476303,0.0,0.0,-0.594078,0.05224609375,0.0029296875,0.10587222775083838,1.586642628842319e-05,4073,Ceiling,67,0.016357421875,0.8036798825454099,2048.0,0.5,False,,,,321936748
10,12,1,0.0,0.476303,0.0,0.0,-0.594078,0.05224609375,0.0029296875,0.10587222775083838,1.586642628842319e-05,4073,Ceiling,87,0.021240234375,0.8829277023622168,2048.0,0.5,False,,,,321936748
10,12,1,0.0,0.476303,0.0,0.0,-0.594078,0.05224609375,0.0029296875,0.10587222775083838,1.586642628842319e-05,4073,Ceiling,114,0.02783203125,0.9496421456844525,2048.0,0.5,False,,,,321936748
10,12,1,0.0,0.476303,0.0,0.0,-0.594078,0.05224609375,0.0029296875,0.10587222775083838,1.586642628842319e-05,4073,Ceiling,148,0.0361328125,0.9869192539376271,2048.0,0.5,False,,,,321936748
10,12,1,0.0,0.476303,0.0,0.0,-0.594078,0.05224609375,0.0029296875,0.10587222775083838,1.586642628842319e-05,4073,Ceiling,192,0.046875,0.999583233017463,2048.0,0.5,False,,,,321936748
10,12,1,0.0,0.476303,0.0,0.0,-0.594078,0.05224609375,0.0029296875,0.10587222775083838,1.586642628842319e-05,4073,Ceiling,250,0.06103515625,0.9999999999999982,2048.0,0.5,False,,,,321936748
10,12,1,0.0,0.476303,0.0,0.0,-0.594078,0.05224609375,0.0029296875,0.10587222775083838,1.586642628842319e-05,4073,Ceiling,325,0.079345703125,0.9999999999999982,2048.0,0.5,False,,,,321936748
10,12,1,0.0,0.476303,0.0,0.0,-0.594078,0.05224609375,0.0029296875,0.10587222775083838,1.586642628842319e-05,4073,Ceiling,423,0.103271484375,0.9999999999999982,2048.0,0.5,False,,,,321936748
10,12,1,0.0,0.476303,0.0,0.0,-0.594078,0.05224609375,0.0029296875,0.10587222775083838,1.586642628842319e-05,4073,Ceiling,550,0.13427734375,0.9999999999999982,2048.0,0.5,False,,,,321936748
10,12,1,0.0,0.476303,0.0,0.0,-0.594078,0.05224609375,0.0029296875,0.10587222775083838,1.586642628842319e-05,4073,Ceiling,715,0.174560546875,0.9999999999999982,2048.0,0.5,False,,,,321936748
10,12,1,0.0,0.476303,0.0,0.0,-0.594078,0.05224609375,0.0029296875,0.10587222775083838,1.586642628842319e-05,4073,Ceiling,931,0.227294921875,0.9999999999999982,2048.0,0.5,False,,,,321936748
10,12,1,0.0,0.476303,0.0,0.0,-0.594078,0.05224609375,0.0029296875,0.10587222775083838,1.586642628842319e-05,4073,Ceiling,1210,0.29541015625,0.9999999999999982,2048.0,0.5,False,,,,321936748
10,12,1,0.0,0.476303,0.0,0.0,-0.594078,0.05224609375,0.0029296875,0.10587222775083838,1.586642628842319e-05,4073,Ceiling,1575,0.384521484375,0.9999999999999982,2048.0,0.5,False,,,,321936748
10,12,1,0.0,0.476303,0.0,0.0,-0.594078,0.05224609375,0.0029296875,0.10587222775083838,1.586642628842319e-05,4073,Ceiling,2048,0.5,0.9999999999999982,2048.0,0.5,False,,,,321936748
10,12,1,0.0,0.476303,0.0,0.0,-0.594078,0.05224609375,0.0029296875,0.10587222775083838,0.0008460285087613498,3743,BARK,1,0.000244140625,0.0008460285087613498,220.0,0.0537109375,True,sector,,,321936748
10,12,1,0.0,0.476303,0.0,0.0,-0.594078,0.05224609375,0.0029296875,0.10587222775083838,0.0008460285087613498,3743,BARK,2,0.00048828125,0.0024915282916170636,220.0,0.0537109375,True,sector,,,321936748
10,12,1,0.0,0.476303,0.0,0.0,-0.594078,0.05224609375,0.0029296875,0.10587222775083838,0.0008460285087613498,3743,BARK,3,0.000732421875,0.004147039057947566,220.0,0.0537109375,True,sector,,,321936748
10,12,1,0.0,0.476303,0.0,0.0,-0.594078,0.05224609375,0.0029296875,0.10587222775083838,0.0008460285087613498,3743,BARK,4,0.0009765625,0.0048884367349369675,220.0,0.0537109375,True,sector,,,321936748
10,12,1,0.0,0.476303,0.0,0.0,-0.594078,0.05224609375,0.0029296875,0.10587222775083838,0.0008460285087613498,3743,BARK,5,0.001220703125,0.0056941731754174725,220.0,0.0537109375,True,sector,,,321936748
10,12,1,0.0,0.476303,0.0,0.0,-0.594078,0.05224609375,0.0029296875,0.10587222775083838,0.0008460285087613498,3743,BARK,6,0.00146484375,0.00800607326623037,220.0,0.0537109375,True,sector,,,321936748
10,12,1,0.0,0.476303,0.0,0.0,-0.594078,0.05224609375,0.0029296875,0.10587222775083838,0.0008460285087613498,3743,BARK,8,0.001953125,0.011717675433380512,220.0,0.0537109375,True,sector,,,321936748
10,12,1,0.0,0.476303,0.0,0.0,-0.594078,0.05224609375,0.0029296875,0.10587222775083838,0.0008460285087613498,3743,BARK,11,0.002685546875,0.0116804263132274,220.0,0.0537109375,True,sector,,,321936748
10,12,1,0.0,0.476303,0.0,0.0,-0.594078,0.05224609375,0.0029296875,0.10587222775083838,0.0008460285087613498,3743,BARK,14,0.00341796875,0.011947583865578655,220.0,0.0537109375,True,sector,,,321936748
10,12,1,0.0,0.476303,0.0,0.0,-0.594078,0.05224609375,0.0029296875,0.10587222775083838,0.0008460285087613498,3743,BARK,18,0.00439453125,0.013165177884032125,220.0,0.0537109375,True,sector,,,321936748
10,12,1,0.0,0.476303,0.0,0.0,-0.594078,0.05224609375,0.0029296875,0.10587222775083838,0.0008460285087613498,3743,BARK,23,0.005615234375,0.011442366062125993,220.0,0.0537109375,True,sector,,,321936748
10,12,1,0.0,0.476303,0.0,0.0,-0.594078,0.05224609375,0.0029296875,0.10587222775083838,0.0008460285087613498,3743,BARK,31,0.007568359375,0.024429398198375776,220.0,0.0537109375,True,sector,,,321936748
10,12,1,0.0,0.476303,0.0,0.0,-0.594078,0.05224609375,0.0029296875,0.10587222775083838,0.0008460285087613498,3743,BARK,40,0.009765625,0.08474568773333895,220.0,0.0537109375,True,sector,,,321936748
10,12,1,0.0,0.476303,0.0,0.0,-0.594078,0.05224609375,0.0029296875,0.10587222775083838,0.0008460285087613498,3743,BARK,52,0.0126953125,0.15186196538422433,220.0,0.0537109375,True,sector,,,321936748
10,12,1,0.0,0.476303,0.0,0.0,-0.594078,0.05224609375,0.0029296875,0.10587222775083838,0.0008460285087613498,3743,BARK,67,0.016357421875,0.2800210770639158,220.0,0.0537109375,True,sector,,,321936748
10,12,1,0.0,0.476303,0.0,0.0,-0.594078,0.05224609375,0.0029296875,0.10587222775083838,0.0008460285087613498,3743,BARK,87,0.021240234375,0.43022981252860476,220.0,0.0537109375,True,sector,,,321936748
10,12,1,0.0,0.476303,0.0,0.0,-0.594078,0.05224609375,0.0029296875,0.10587222775083838,0.0008460285087613498,3743,BARK,114,0.02783203125,0.7732264704636607,220.0,0.0537109375,True,sector,,,321936748
10,12,1,0.0,0.476303,0.0,0.0,-0.594078,0.05224609375,0.0029296875,0.10587222775083838,0.0008460285087613498,3743,BARK,148,0.0361328125,0.894634462584573,220.0,0.0537109375,True,sector,,,321936748
10,12,1,0.0,0.476303,0.0,0.0,-0.594078,0.05224609375,0.0029296875,0.10587222775083838,0.0008460285087613498,3743,BARK,192,0.046875,0.9784978281669207,220.0,0.0537109375,True,sector,,,321936748
10,12,1,0.0,0.476303,0.0,0.0,-0.594078,0.05224609375,0.0029296875,0.10587222775083838,0.0008460285087613498,3743,BARK,250,0.06103515625,0.9999999999999973,220.0,0.0537109375,True,sector,,,321936748
10,12,1,0.0,0.476303,0.0,0.0,-0.594078,0.05224609375,0.0029296875,0.10587222775083838,0.0008460285087613498,3743,BARK,325,0.079345703125,0.9999999999999973,220.0,0.0537109375,True,sector,,,321936748
10,12,1,0.0,0.476303,0.0,0.0,-0.594078,0.05224609375,0.0029296875,0.10587222775083838,0.0008460285087613498,3743,BARK,423,0.103271484375,0.9999999999999973,220.0,0.0537109375,True,sector,,,321936748
10,12,1,0.0,0.476303,0.0,0.0,-0.594078,0.05224609375,0.0029296875,0.10587222775083838,0.0008460285087613498,3743,BARK,550,0.13427734375,0.9999999999999973,220.0,0.0537109375,True,sector,,,321936748
10,12,1,0.0,0.476303,0.0,0.0,-0.594078,0.05224609375,0.0029296875,0.10587222775083838,0.0008460285087613498,3743,BARK,715,0.174560546875,0.9999999999999973,220.0,0.0537109375,True,sector,,,321936748
10,12,1,0.0,0.476303,0.0,0.0,-0.594078,0.05224609375,0.0029296875,0.10587222775083838,0.0008460285087613498,3743,BARK,931,0.227294921875,0.9999999999999973,220.0,0.0537109375,True,sector,,,321936748
10,12,1,0.0,0.476303,0.0,0.0,-0.594078,0.05224609375,0.0029296875,0.10587222775083838,0.0008460285087613498,3743,BARK,1210,0.29541015625,0.9999999999999973,220.0,0.0537109375,True,sector,,,321936748
10,12,1,0.0,0.476303,0.0,0.0,-0.594078,0.05224609375,0.0029296875,0.10587222775083838,0.0008460285087613498,3743,BARK,1575,0.384521484375,0.9999999999999973,220.0,0.0537109375,True,sector,,,321936748
10,12,1,0.0,0.476303,0.0,0.0,-0.594078,0.05224609375,0.0029296875,0.10587222775083838,0.0008460285087613498,3743,BARK,2048,0.5,0.9999999999999973,220.0,0.0537109375,True,sector,,,321936748
10,12,1,0.0,0.476303,0.0,0.0,-0.594078,0.05224609375,0.0029296875,0.10587222775083838,0.0008460285087613498,3743,Simplified BARK,1,0.000244140625,0.0008460285087613498,220.0,0.0537109375,True,sector,,,321936748
10,12,1,0.0,0.476303,0.0,0.0,-0.594078,0.05224609375,0.0029296875,0.10587222775083838,0.0008460285087613498,3743,Simplified BARK,2,0.00048828125,0.0024915282916170636,220.0,0.0537109375,True,sector,,,321936748
10,12,1,0.0,0.476303,0.0,0.0,-0.594078,0.05224609375,0.0029296875,0.10587222775083838,0.0008460285087613498,3743,Simplified BARK,3,0.000732421875,0.004147039057947566,220.0,0.0537109375,True,sector,,,321936748
10,12,1,0.0,0.476303,0.0,0.0,-0.594078,0.05224609375,0.0029296875,0.10587222775083838,0.0008460285087613498,3743,Simplified BARK,4,0.0009765625,0.0048884367349369675,220.0,0.0537109375,True,sector,,,321936748
10,12,1,0.0,0.476303,0.0,0.0,-0.594078,0.05224609375,0.0029296875,0.10587222775083838,0.0008460285087613498,3743,Simplified BARK,5,0.001220703125,0.0056941731754174725,220.0,0.0537109375,True,sector,,,321936748
10,12,1,0.0,0.476303,0.0,0.0,-0.594078,0.05224609375,0.0029296875,0.10587222775083838,0.0008460285087613498,3743,Simplified BARK,6,0.00146484375,0.0063507277984288756,220.0,0.0537109375,True,sector,,,321936748
10,12,1,0.0,0.476303,0.0,0.0,-0.594078,0.05224609375,0.0029296875,0.10587222775083838,0.0008460285087613498,3743,Simplified BARK,8,0.001953125,0.006254412529129619,220.0,0.0537109375,True,sector,,,321936748
10,12,1,0.0,0.476303,0.0,0.0,-0.594078,0.05224609375,0.0029296875,0.10587222775083838,0.0008460285087613498,3743,Simplified BARK,11,0.002685546875,0.004470934294454934,220.0,0.0537109375,True,sector,,,321936748
10,12,1,0.0,0.476303,0.0,0.0,-0.594078,0.05224609375,0.0029296875,0.10587222775083838,0.0008460285087613498,3743,Simplified BARK,14,0.00341796875,0.0017630039200681343,220.0,0.0537109375,True,sector,,,321936748
10,12,1,0.0,0.476303,0.0,0.0,-0.594078,0.05224609375,0.0029296875,0.10587222775083838,0.0008460285087613498,3743,Simplified BARK,18,0.00439453125,0.0014181996553225035,220.0,0.0537109375,True,sector,,,321936748
10,12,1,0.0,0.476303,0.0,0.0,-0.594078,0.05224609375,0.0029296875,0.10587222775083838,0.0008460285087613498,3743,Simplified BARK,23,0.005615234375,0.0020164231522463863,220.0,0.0537109375,True,sector,,,321936748
10,12,1,0.0,0.476303,0.0,0.0,-0.594078,0.05224609375,0.0029296875,0.10587222775083838,0.0008460285087613498,3743,Simplified BARK,31,0.007568359375,0.009012503195497573,220.0,0.0537109375,True,sector,,,321936748
10,12,1,0.0,0.476303,0.0,0.0,-0.594078,0.05224609375,0.0029296875,0.10587222775083838,0.0008460285087613498,3743,Simplified BARK,40,0.009765625,0.031695191100807416,220.0,0.0537109375,True,sector,,,321936748
10,12,1,0.0,0.476303,0.0,0.0,-0.594078,0.05224609375,0.0029296875,0.10587222775083838,0.0008460285087613498,3743,Simplified BARK,52,0.0126953125,0.08179411627054513,220.0,0.0537109375,True,sector,,,321936748
10,12,1,0.0,0.476303,0.0,0.0,-0.594078,0.05224609375,0.0029296875,0.10587222775083838,0.0008460285087613498,3743,Simplified BARK,67,0.016357421875,0.06200676932323524,220.0,0.0537109375,True,sector,,,321936748
10,12,1,0.0,0.476303,0.0,0.0,-0.594078,0.05224609375,0.0029296875,0.10587222775083838,0.0008460285087613498,3743,Simplified BARK,87,0.021240234375,0.19624333065467325,220.0,0.0537109375,True,sector,,,321936748
10,12,1,0.0,0.476303,0.0,0.0,-0.594078,0.05224609375,0.0029296875,0.10587222775083838,0.0008460285087613498,3743,Simplified BARK,114,0.02783203125,0.31680946600982246,220.0,0.0537109375,True,sector,,,321936748
10,12,1,0.0,0.476303,0.0,0.0,-0.594078,0.05224609375,0.0029296875,0.10587222775083838,0.0008460285087613498,3743,Simplified BARK,148,0.0361328125,0.7014160678565268,220.0,0.0537109375,True,sector,,,321936748
10,12,1,0.0,0.476303,0.0,0.0,-0.594078,0.05224609375,0.0029296875,0.10587222775083838,0.0008460285087613498,3743,Simplified BARK,192,0.046875,0.9836996634818301,220.0,0.0537109375,True,sector,,,321936748
10,12,1,0.0,0.476303,0.0,0.0,-0.594078,0.05224609375,0.0029296875,0.10587222775083838,0.0008460285087613498,3743,Simplified BARK,250,0.06103515625,0.9999999999999973,220.0,0.0537109375,True,sector,,,321936748
10,12,1,0.0,0.476303,0.0,0.0,-0.594078,0.05224609375,0.0029296875,0.10587222775083838,0.0008460285087613498,3743,Simplified BARK,325,0.079345703125,0.9999999999999973,220.0,0.0537109375,True,sector,,,321936748
10,12,1,0.0,0.476303,0.0,0.0,-0.594078,0.05224609375,0.0029296875,0.10587222775083838,0.0008460285087613498,3743,Simplified BARK,423,0.103271484375,0.9999999999999973,220.0,0.0537109375,True,sector,,,321936748
10,12,1,0.0,0.476303,0.0,0.0,-0.594078,0.05224609375,0.0029296875,0.10587222775083838,0.0008460285087613498,3743,Simplified BARK,550,0.13427734375,0.9999999999999973,220.0,0.0537109375,True,sector,,,321936748
10,12,1,0.0,0.476303,0.0,0.0,-0.594078,0.05224609375,0.0029296875,0.10587222775083838,0.0008460285087613498,3743,Simplified BARK,715,0.174560546875,0.9999999999999973,220.0,0.0537109375,True,sector,,,321936748
10,12,1,0.0,0.476303,0.0,0.0,-0.594078,0.05224609375,0.0029296875,0.10587222775083838,0.0008460285087613498,3743,Simplified BARK,931,0.227294921875,0.9999999999999973,220.0,0.0537109375,True,sector,,,321936748
10,12,1,0.0,0.476303,0.0,0.0,-0.594078,0.05224609375,0.0029296875,0.10587222775083838,0.0008460285087613498,3743,Simplified BARK,1210,0.29541015625,0.9999999999999973,220.0,0.0537109375,True,sector,,,321936748
10,12,1,0.0,0.476303,0.0,0.0,-0.594078,0.05224609375,0.0029296875,0.10587222775083838,0.0008460285087613498,3743,Simplified BARK,1575,0.384521484375,0.9999999999999973,220.0,0.0537109375,True,sector,,,321936748
10,12,1,0.0,0.476303,0.0,0.0,-0.594078,0.05224609375,0.0029296875,0.10587222775083838,0.0008460285087613498,3743,Simplified BARK,2048,0.5,0.9999999999999973,220.0,0.0537109375,True,sector,,,321936748
10,12,1,0.0,0.476303,0.0,0.0,-0.594078,0.05224609375,0.0029296875,0.10587222775083838,0.0008460285087613498,3743,SKQD,1,0.000244140625,0.0008460285087613498,220.0,0.0537109375,True,converged;converged;converged,0.02,1000.0,321936748
10,12,1,0.0,0.476303,0.0,0.0,-0.594078,0.05224609375,0.0029296875,0.10587222775083838,0.0008460285087613498,3743,SKQD,2,0.00048828125,0.0013928584518182075,220.0,0.0537109375,True,converged;converged;converged,0.02,1000.0,321936748
10,12,1,0.0,0.476303,0.0,0.0,-0.594078,0.05224609375,0.0029296875,0.10587222775083838,0.0008460285087613498,3743,SKQD,3,0.000732421875,0.0013928584518182075,220.0,0.0537109375,True,converged;converged;converged,0.02,1000.0,321936748
10,12,1,0.0,0.476303,0.0,0.0,-0.594078,0.05224609375,0.0029296875,0.10587222775083838,0.0008460285087613498,3743,SKQD,4,0.0009765625,0.003716870770178153,220.0,0.0537109375,True,converged;converged;converged,0.02,1000.0,321936748
10,12,1,0.0,0.476303,0.0,0.0,-0.594078,0.05224609375,0.0029296875,0.10587222775083838,0.0008460285087613498,3743,SKQD,5,0.001220703125,0.005497225038280778,220.0,0.0537109375,True,converged;converged;converged,0.02,1000.0,321936748
10,12,1,0.0,0.476303,0.0,0.0,-0.594078,0.05224609375,0.0029296875,0.10587222775083838,0.0008460285087613498,3743,SKQD,6,0.00146484375,0.006366758211679632,220.0,0.0537109375,True,converged;converged;converged,0.02,1000.0,321936748
10,12,1,0.0,0.476303,0.0,0.0,-0.594078,0.05224609375,0.0029296875,0.10587222775083838,0.0008460285087613498,3743,SKQD,8,0.001953125,0.008157812971290958,220.0,0.0537109375,True,converged;converged;converged,0.02,1000.0,321936748
10,12,1,0.0,0.476303,0.0,0.0,-0.594078,0.05224609375,0.0029296875,0.10587222775083838,0.0008460285087613498,3743,SKQD,11,0.002685546875,0.01873658972309251,220.0,0.0537109375,True,converged;converged;converged,0.02,1000.0,321936748
10,12,1,0.0,0.476303,0.0,0.0,-0.594078,0.05224609375,0.0029296875,0.10587222775083838,0.0008460285087613498,3743,SKQD,14,0.00341796875,0.03137339067846928,220.0,0.0537109375,True,converged;converged;converged,0.02,1000.0,321936748
10,12,1,0.0,0.476303,0.0,0.0,-0.594078,0.05224609375,0.0029296875,0.10587222775083838,0.0008460285087613498,3743,SKQD,18,0.00439453125,0.04181854811123778,220.0,0.0537109375,True,converged;converged;converged,0.02,1000.0,321936748
10,12,1,0.0,0.476303,0.0,0.0,-0.594078,0.05224609375,0.0029296875,0.10587222775083838,0.0008460285087613498,3743,SKQD,23,0.005615234375,0.05302933960908768,220.0,0.0537109375,True,converged;converged;converged,0.02,1000.0,321936748
10,12,1,0.0,0.476303,0.0,0.0,-0.594078,0.05224609375,0.0029296875,0.10587222775083838,0.0008460285087613498,3743,SKQD,31,0.007568359375,0.11681867521681166,220.0,0.0537109375,True,converged;converged;converged,0.02,1000.0,321936748
10,12,1,0.0,0.476303,0.0,0.0,-0.594078,0.05224609375,0.0029296875,0.10587222775083838,0.0008460285087613498,3743,SKQD,40,0.009765625,0.1654107771762414,220.0,0.0537109375,True,converged;converged;converged,0.02,1000.0,321936748
10,12,1,0.0,0.476303,0.0,0.0,-0.594078,0.05224609375,0.0029296875,0.10587222775083838,0.0008460285087613498,3743,SKQD,52,0.0126953125,0.2290139702094467,220.0,0.0537109375,True,converged;converged;converged,0.02,1000.0,321936748
10,12,1,0.0,0.476303,0.0,0.0,-0.594078,0.05224609375,0.0029296875,0.10587222775083838,0.0008460285087613498,3743,SKQD,67,0.016357421875,0.32130866027363353,220.0,0.0537109375,True,converged;converged;converged,0.02,1000.0,321936748
10,12,1,0.0,0.476303,0.0,0.0,-0.594078,0.05224609375,0.0029296875,0.10587222775083838,0.0008460285087613498,3743,SKQD,87,0.021240234375,0.4153897240777373,220.0,0.0537109375,True,converged;converged;converged,0.02,1000.0,321936748
10,12,1,0.0,0.476303,0.0,0.0,-0.594078,0.05224609375,0.0029296875,0.10587222775083838,0.0008460285087613498,3743,SKQD,114,0.02783203125,0.5517585428340537,220.0,0.0537109375,True,converged;converged;converged,0.02,1000.0,321936748
10,12,1,0.0,0.476303,0.0,0.0,-0.594078,0.05224609375,0.0029296875,0.10587222775083838,0.0008460285087613498,3743,SKQD,148,0.0361328125,0.7736618919296334,220.0,0.0537109375,True,converged;converged;converged,0.02,1000.0,321936748
10,12,1,0.0,0.476303,0.0,0.0,-0.594078,0.05224609375,0.0029296875,0.10587222775083838,0.0008460285087613498,3743,SKQD,192,0.046875,0.9817024878213676,220.0,0.0537109375,True,converged;converged;converged,0.02,1000.0,321936748
10,12,1,0.0,0.476303,0.0,0.0,-0.594078,0.05224609375,0.0029296875,0.10587222775083838,0.0008460285087613498,3743,SKQD,250,0.06103515625,0.9999999999999973,220.0,0.0537109375,True,converged;converged;converged,0.02,1000.0,321936748
10,12,1,0.0,0.476303,0.0,0.0,-0.594078,0.05224609375,0.0029296875,0.10587222775083838,0.0008460285087613498,3743,SKQD,325,0.079345703125,0.9999999999999973,220.0,0.0537109375,True,converged;converged;converged,0.02,1000.0,321936748
10,12,1,0.0,0.476303,0.0,0.0,-0.594078,0.05224609375,0.0029296875,0.10587222775083838,0.0008460285087613498,3743,SKQD,423,0.103271484375,0.9999999999999973,220.0,0.0537109375,True,converged;converged;converged,0.02,1000.0,321936748
10,12,1,0.0,0.476303,0.0,0.0,-0.594078,0.05224609375,0.0029296875,0.10587222775083838,0.0008460285087613498,3743,SKQD,550,0.13427734375,0.9999999999999973,220.0,0.0537109375,True,converged;converged;converged,0.02,1000.0,321936748
10,12,1,0.0,0.476303,0.0,0.0,-0.594078,0.05224609375,0.0029296875,0.10587222775083838,0.0008460285087613498,3743,SKQD,715,0.174560546875,0.9999999999999973,220.0,0.0537109375,True,converged;converged;converged,0.02,1000.0,321936748
10,12,1,0.0,0.476303,0.0,0.0,-0.594078,0.05224609375,0.0029296875,0.10587222775083838,0.0008460285087613498,3743,SKQD,931,0.227294921875,0.9999999999999973,220.0,0.0537109375,True,converged;converged;converged,0.02,1000.0,321936748
10,12,1,0.0,0.476303,0.0,0.0,-0.594078,0.05224609375,0.0029296875,0.10587222775083838,0.0008460285087613498,3743,SKQD,1210,0.29541015625,0.9999999999999973,220.0,0.0537109375,True,converged;converged;converged,0.02,1000.0,321936748
10,12,1,0.0,0.476303,0.0,0.0,-0.594078,0.05224609375,0.0029296875,0.10587222775083838,0.0008460285087613498,3743,SKQD,1575,0.384521484375,0.9999999999999973,220.0,0.0537109375,True,converged;converged;converged,0.02,1000.0,321936748
10,12,1,0.0,0.476303,0.0,0.0,-0.594078,0.05224609375,0.0029296875,0.10587222775083838,0.0008460285087613498,3743,SKQD,2048,0.5,0.9999999999999973,220.0,0.0537109375,True,converged;converged;converged,0.02,1000.0,321936748
10,12,1,0.0,0.476303,0.0,0.0,-0.594078,0.05224609375,0.0029296875,0.10587222775083838,0.0008460285087613498,3743,Ceiling,1,0.000244140625,0.0296405073764561,2048.0,0.5,False,,,,321936748
10,12,1,0.0,0.476303,0.0,0.0,-0.594078,0.05224609375,0.0029296875,0.10587222775083838,0.0008460285087613498,3743,Ceiling,2,0.00048828125,0.05928101475291213,2048.0,0.5,False,,,,321936748
10,12,1,0.0,0.476303,0.0,0.0,-0.594078,0.05224609375,0.0029296875,0.10587222775083838,0.0008460285087613498,3743,Ceiling,3,0.000732421875,0.08501249629488027,2048.0,0.5,False,,,,321936748
10,12,1,0.0,0.476303,0.0,0.0,-0.594078,0.05224609375,0.0029296875,0.10587222775083838,0.0008460285087613498,3743,Ceiling,4,0.0009765625,0.11074397783684839,2048.0,0.5,False,,,,321936748
10,12,1,0.0,0.476303,0.0,0.0,-0.594078,0.05224609375,0.0029296875,0.10587222775083838,0.0008460285087613498,3743,Ceiling,5,0.001220703125,0.13398309518297116,2048.0,0.5,False,,,,321936748
10,12,1,0.0,0.476303,0.0,0.0,-0.594078,0.05224609375,0.0029296875,0.10587222775083838,0.0008460285087613498,3743,Ceiling,6,0.00146484375,0.15722221252909394,2048.0,0.5,False,,,,321936748
10,12,1,0.0,0.476303,0.0,0.0,-0.594078,0.05224609375,0.0029296875,0.10587222775083838,0.0008460285087613498,3743,Ceiling,8,0.001953125,0.2015621296661771,2048.0,0.5,False,,,,321936748
10,12,1,0.0,0.476303,0.0,0.0,-0.594078,0.05224609375,0.0029296875,0.10587222775083838,0.0008460285087613498,3743,Ceiling,11,0.002685546875,0.2610367590088428,2048.0,0.5,False,,,,321936748
10,12,1,0.0,0.476303,0.0,0.0,-0.594078,0.05224609375,0.0029296875,0.10587222775083838,0.0008460285087613498,3743,Ceiling,14,0.00341796875,0.316595283434492,2048.0,0.5,False,,,,321936748
10,12,1,0.0,0.476303,0.0,0.0,-0.594078,0.05224609375,0.0029296875,0.10587222775083838,0.0008460285087613498,3743,Ceiling,18,0.00439453125,0.38536434820588716,2048.0,0.5,False,,,,321936748
10,12,1,0.0,0.476303,0.0,0.0,-0.594078,0.05224609375,0.0029296875,0.10587222775083838,0.0008460285087613498,3743,Ceiling,23,0.005615234375,0.45823985824988295,2048.0,0.5,False,,,,321936748
10,12,1,0.0,0.476303,0.0,0.0,-0.594078,0.05224609375,0.0029296875,0.10587222775083838,0.0008460285087613498,3743,Ceiling,31,0.007568359375,0.5580082961372015,2048.0,0.5,False,,,,321936748
10,12,1,0.0,0.476303,0.0,0.0,-0.594078,0.05224609375,0.0029296875,0.10587222775083838,0.0008460285087613498,3743,Ceiling,40,0.009765625,0.6367049395208997,2048.0,0.5,False,,,,321936748
10,12,1,0.0,0.476303,0.0,0.0,-0.594078,0.05224609375,0.0029296875,0.10587222775083838,0.0008460285087613498,3743,Ceiling,52,0.0126953125,0.7220310831211154,2048.0,0.5,False,,,,321936748
10,12,1,0.0,0.476303,0.0,0.0,-0.594078,0.05224609375,0.0029296875,0.10587222775083838,0.0008460285087613498,3743,Ceiling,67,0.016357421875,0.8036798825454099,2048.0,0.5,False,,,,321936748
10,12,1,0.0,0.476303,0.0,0.0,-0.594078,0.05224609375,0.0029296875,0.10587222775083838,0.0008460285087613498,3743,Ceiling,87,0.021240234375,0.8829277023622168,2048.0,0.5,False,,,,321936748
10,12,1,0.0,0.476303,0.0,0.0,-0.594078,0.05224609375,0.0029296875,0.10587222775083838,0.0008460285087613498,3743,Ceiling,114,0.02783203125,0.9496421456844525,2048.0,0.5,False,,,,321936748
10,12,1,0.0,0.476303,0.0,0.0,-0.594078,0.05224609375,0.0029296875,0.10587222775083838,0.0008460285087613498,3743,Ceiling,148,0.0361328125,0.9869192539376271,2048.0,0.5,False,,,,321936748
10,12,1,0.0,0.476303,0.0,0.0,-0.594078,0.05224609375,0.0029296875,0.10587222775083838,0.0008460285087613498,3743,Ceiling,192,0.046875,0.999583233017463,2048.0,0.5,False,,,,321936748
10,12,1,0.0,0.476303,0.0,0.0,-0.594078,0.05224609375,0.0029296875,0.10587222775083838,0.0008460285087613498,3743,Ceiling,250,0.06103515625,0.9999999999999982,2048.0,0.5,False,,,,321936748
10,12,1,0.0,0.476303,0.0,0.0,-0.594078,0.05224609375,0.0029296875,0.10587222775083838,0.0008460285087613498,3743,Ceiling,325,0.079345703125,0.9999999999999982,2048.0,0.5,False,,,,321936748
10,12,1,0.0,0.476303,0.0,0.0,-0.594078,0.05224609375,0.0029296875,0.10587222775083838,0.0008460285087613498,3743,Ceiling,423,0.103271484375,0.9999999999999982,2048.0,0.5,False,,,,321936748
10,12,1,0.0,0.476303,0.0,0.0,-0.594078,0.05224609375,0.0029296875,0.10587222775083838,0.0008460285087613498,3743,Ceiling,550,0.13427734375,0.9999999999999982,2048.0,0.5,False,,,,321936748
10,12,1,0.0,0.476303,0.0,0.0,-0.594078,0.05224609375,0.0029296875,0.10587222775083838,0.0008460285087613498,3743,Ceiling,715,0.174560546875,0.9999999999999982,2048.0,0.5,False,,,,321936748
10,12,1,0.0,0.476303,0.0,0.0,-0.594078,0.05224609375,0.0029296875,0.10587222775083838,0.0008460285087613498,3743,Ceiling,931,0.227294921875,0.9999999999999982,2048.0,0.5,False,,,,321936748
10,12,1,0.0,0.476303,0.0,0.0,-0.594078,0.05224609375,0.0029296875,0.10587222775083838,0.0008460285087613498,3743,Ceiling,1210,0.29541015625,0.9999999999999982,2048.0,0.5,False,,,,321936748
10,12,1,0.0,0.476303,0.0,0.0,-0.594078,0.05224609375,0.0029296875,0.10587222775083838,0.0008460285087613498,3743,Ceiling,1575,0.384521484375,0.9999999999999982,2048.0,0.5,False,,,,321936748
10,12,1,0.0,0.476303,0.0,0.0,-0.594078,0.05224609375,0.0029296875,0.10587222775083838,0.0008460285087613498,3743,Ceiling,2048,0.5,0.9999999999999982,2048.0,0.5,False,,,,321936748
10,12,1,0.0,0.476303,0.0,0.0,-0.594078,0.05224609375,0.0029296875,0.10587222775083838,4.9759167438968475e-05,1007,BARK,1,0.000244140625,4.9759167438968475e-05,220.0,0.0537109375,True,sector,,,321936748
10,12,1,0.0,0.476303,0.0,0.0,-0.594078,0.05224609375,0.0029296875,0.10587222775083838,4.9759167438968475e-05,1007,BARK,2,0.00048828125,7.268316740839118e-05,220.0,0.0537109375,True,sector,,,321936748
10,12,1,0.0,0.476303,0.0,0.0,-0.594078,0.05224609375,0.0029296875,0.10587222775083838,4.9759167438968475e-05,1007,BARK,3,0.000732421875,7.304072275549654e-05,220.0,0.0537109375,True,sector,,,321936748
10,12,1,0.0,0.476303,0.0,0.0,-0.594078,0.05224609375,0.0029296875,0.10587222775083838,4.9759167438968475e-05,1007,BARK,4,0.0009765625,6.298259918135755e-05,220.0,0.0537109375,True,sector,,,321936748
10,12,1,0.0,0.476303,0.0,0.0,-0.594078,0.05224609375,0.0029296875,0.10587222775083838,4.9759167438968475e-05,1007,BARK,5,0.001220703125,5.027233510530482e-05,220.0,0.0537109375,True,sector,,,321936748
10,12,1,0.0,0.476303,0.0,0.0,-0.594078,0.05224609375,0.0029296875,0.10587222775083838,4.9759167438968475e-05,1007,BARK,6,0.00146484375,3.8765304477192197e-05,220.0,0.0537109375,True,sector,,,321936748
10,12,1,0.0,0.476303,0.0,0.0,-0.594078,0.05224609375,0.0029296875,0.10587222775083838,4.9759167438968475e-05,1007,BARK,8,0.001953125,2.6433515215684077e-05,220.0,0.0537109375,True,sector,,,321936748
10,12,1,0.0,0.476303,0.0,0.0,-0.594078,0.05224609375,0.0029296875,0.10587222775083838,4.9759167438968475e-05,1007,BARK,11,0.002685546875,0.00040172396317115686,220.0,0.0537109375,True,sector,,,321936748
10,12,1,0.0,0.476303,0.0,0.0,-0.594078,0.05224609375,0.0029296875,0.10587222775083838,4.9759167438968475e-05,1007,BARK,14,0.00341796875,0.0008743646287966799,220.0,0.0537109375,True,sector,,,321936748
10,12,1,0.0,0.476303,0.0,0.0,-0.594078,0.05224609375,0.0029296875,0.10587222775083838,4.9759167438968475e-05,1007,BARK,18,0.00439453125,0.001938415645628501,220.0,0.0537109375,True,sector,,,321936748
10,12,1,0.0,0.476303,0.0,0.0,-0.594078,0.05224609375,0.0029296875,0.10587222775083838,4.9759167438968475e-05,1007,BARK,23,0.005615234375,0.008308868969317507,220.0,0.0537109375,True,sector,,,321936748
10,12,1,0.0,0.476303,0.0,0.0,-0.594078,0.05224609375,0.0029296875,0.10587222775083838,4.9759167438968475e-05,1007,BARK,31,0.007568359375,0.005685844146459498,220.0,0.0537109375,True,sector,,,321936748
10,12,1,0.0,0.476303,0.0,0.0,-0.594078,0.05224609375,0.0029296875,0.10587222775083838,4.9759167438968475e-05,1007,BARK,40,0.009765625,0.013612586645951111,220.0,0.0537109375,True,sector,,,321936748
10,12,1,0.0,0.476303,0.0,0.0,-0.594078,0.05224609375,0.0029296875,0.10587222775083838,4.9759167438968475e-05,1007,BARK,52,0.0126953125,0.0709102071787123,220.0,0.0537109375,True,sector,,,321936748
10,12,1,0.0,0.476303,0.0,0.0,-0.594078,0.05224609375,0.0029296875,0.10587222775083838,4.9759167438968475e-05,1007,BARK,67,0.016357421875,0.14569024785938695,220.0,0.0537109375,True,sector,,,321936748
10,12,1,0.0,0.476303,0.0,0.0,-0.594078,0.05224609375,0.0029296875,0.10587222775083838,4.9759167438968475e-05,1007,BARK,87,0.021240234375,0.30935971949433055,220.0,0.0537109375,True,sector,,,321936748
10,12,1,0.0,0.476303,0.0,0.0,-0.594078,0.05224609375,0.0029296875,0.10587222775083838,4.9759167438968475e-05,1007,BARK,114,0.02783203125,0.4141838490003006,220.0,0.0537109375,True,sector,,,321936748
10,12,1,0.0,0.476303,0.0,0.0,-0.594078,0.05224609375,0.0029296875,0.10587222775083838,4.9759167438968475e-05,1007,BARK,148,0.0361328125,0.6803149559847153,220.0,0.0537109375,True,sector,,,321936748
10,12,1,0.0,0.476303,0.0,0.0,-0.594078,0.05224609375,0.0029296875,0.10587222775083838,4.9759167438968475e-05,1007,BARK,192,0.046875,0.9853493180131707,220.0,0.0537109375,True,sector,,,321936748
10,12,1,0.0,0.476303,0.0,0.0,-0.594078,0.05224609375,0.0029296875,0.10587222775083838,4.9759167438968475e-05,1007,BARK,250,0.06103515625,0.9999999999999973,220.0,0.0537109375,True,sector,,,321936748
10,12,1,0.0,0.476303,0.0,0.0,-0.594078,0.05224609375,0.0029296875,0.10587222775083838,4.9759167438968475e-05,1007,BARK,325,0.079345703125,0.9999999999999973,220.0,0.0537109375,True,sector,,,321936748
10,12,1,0.0,0.476303,0.0,0.0,-0.594078,0.05224609375,0.0029296875,0.10587222775083838,4.9759167438968475e-05,1007,BARK,423,0.103271484375,0.9999999999999973,220.0,0.0537109375,True,sector,,,321936748
10,12,1,0.0,0.476303,0.0,0.0,-0.594078,0.05224609375,0.0029296875,0.10587222775083838,4.9759167438968475e-05,1007,BARK,550,0.13427734375,0.9999999999999973,220.0,0.0537109375,True,sector,,,321936748
10,12,1,0.0,0.476303,0.0,0.0,-0.594078,0.05224609375,0.0029296875,0.10587222775083838,4.9759167438968475e-05,1007,BARK,715,0.174560546875,0.9999999999999973,220.0,0.0537109375,True,sector,,,321936748
10,12,1,0.0,0.476303,0.0,0.0,-0.594078,0.05224609375,0.0029296875,0.10587222775083838,4.9759167438968475e-05,1007,BARK,931,0.227294921875,0.9999999999999973,220.0,0.0537109375,True,sector,,,321936748
10,12,1,0.0,0.476303,0.0,0.0,-0.594078,0.05224609375,0.0029296875,0.10587222775083838,4.9759167438968475e-05,1007,BARK,1210,0.29541015625,0.9999999999999973,220.0,0.0537109375,True,sector,,,321936748
10,12,1,0.0,0.476303,0.0,0.0,-0.594078,0.05224609375,0.0029296875,0.10587222775083838,4.9759167438968475e-05,1007,BARK,1575,0.384521484375,0.9999999999999973,220.0,0.0537109375,True,sector,,,321936748
10,12,1,0.0,0.476303,0.0,0.0,-0.594078,0.05224609375,0.0029296875,0.10587222775083838,4.9759167438968475e-05,1007,BARK,2048,0.5,0.9999999999999973,220.0,0.0537109375,True,sector,,,321936748
10,12,1,0.0,0.476303,0.0,0.0,-0.594078,0.05224609375,0.0029296875,0.10587222775083838,4.9759167438968475e-05,1007,Simplified BARK,1,0.000244140625,4.9759167438968475e-05,220.0,0.0537109375,True,sector,,,321936748
10,12,1,0.0,0.476303,0.0,0.0,-0.594078,0.05224609375,0.0029296875,0.10587222775083838,4.9759167438968475e-05,1007,Simplified BARK,2,0.00048828125,7.268316740839118e-05,220.0,0.0537109375,True,sector,,,321936748
10,12,1,0.0,0.476303,0.0,0.0,-0.594078,0.05224609375,0.0029296875,0.10587222775083838,4.9759167438968475e-05,1007,Simplified BARK,3,0.000732421875,7.304072275549654e-05,220.0,0.0537109375,True,sector,,,321936748
10,12,1,0.0,0.476303,0.0,0.0,-0.594078,0.05224609375,0.0029296875,0.10587222775083838,4.9759167438968475e-05,1007,Simplified BARK,4,0.0009765625,6.298259918135755e-05,220.0,0.0537109375,True,sector,,,321936748
10,12,1,0.0,0.476303,0.0,0.0,-0.594078,0.05224609375,0.0029296875,0.10587222775083838,4.9759167438968475e-05,1007,Simplified BARK,5,0.001220703125,5.027233510530482e-05,220.0,0.0537109375,True,sector,,,321936748
10,12,1,0.0,0.476303,0.0,0.0,-0.594078,0.05224609375,0.0029296875,0.10587222775083838,4.9759167438968475e-05,1007,Simplified BARK,6,0.00146484375,3.8765304477192197e-05,220.0,0.0537109375,True,sector,,,321936748
10,12,1,0.0,0.476303,0.0,0.0,-0.594078,0.05224609375,0.0029296875,0.10587222775083838,4.9759167438968475e-05,1007,Simplified BARK,8,0.001953125,0.00012660002892229803,220.0,0.0537109375,True,sector,,,321936748
10,12,1,0.0,0.476303,0.0,0.0,-0.594078,0.05224609375,0.0029296875,0.10587222775083838,4.9759167438968475e-05,1007,Simplified BARK,11,0.002685546875,0.00013188458989782625,220.0,0.0537109375,True,sector,,,321936748
10,12,1,0.0,0.476303,0.0,0.0,-0.594078,0.05224609375,0.0029296875,0.10587222775083838,4.9759167438968475e-05,1007,Simplified BARK,14,0.00341796875,0.00022120361778275822,220.0,0.0537109375,True,sector,,,321936748
10,12,1,0.0,0.476303,0.0,0.0,-0.594078,0.05224609375,0.0029296875,0.10587222775083838,4.9759167438968475e-05,1007,Simplified BARK,18,0.00439453125,0.001938415645628504,220.0,0.0537109375,True,sector,,,321936748
10,12,1,0.0,0.476303,0.0,0.0,-0.594078,0.05224609375,0.0029296875,0.10587222775083838,4.9759167438968475e-05,1007,Simplified BARK,23,0.005615234375,0.002989522579301982,220.0,0.0537109375,True,sector,,,321936748
10,12,1,0.0,0.476303,0.0,0.0,-0.594078,0.05224609375,0.0029296875,0.10587222775083838,4.9759167438968475e-05,1007,Simplified BARK,31,0.007568359375,0.014549743811519099,220.0,0.0537109375,True,sector,,,321936748
10,12,1,0.0,0.476303,0.0,0.0,-0.594078,0.05224609375,0.0029296875,0.10587222775083838,4.9759167438968475e-05,1007,Simplified BARK,40,0.009765625,0.04565545011967686,220.0,0.0537109375,True,sector,,,321936748
10,12,1,0.0,0.476303,0.0,0.0,-0.594078,0.05224609375,0.0029296875,0.10587222775083838,4.9759167438968475e-05,1007,Simplified BARK,52,0.0126953125,0.08690327053318524,220.0,0.0537109375,True,sector,,,321936748
10,12,1,0.0,0.476303,0.0,0.0,-0.594078,0.05224609375,0.0029296875,0.10587222775083838,4.9759167438968475e-05,1007,Simplified BARK,67,0.016357421875,0.03435801984664151,220.0,0.0537109375,True,sector,,,321936748
10,12,1,0.0,0.476303,0.0,0.0,-0.594078,0.05224609375,0.0029296875,0.10587222775083838,4.9759167438968475e-05,1007,Simplified BARK,87,0.021240234375,0.21207893672767772,220.0,0.0537109375,True,sector,,,321936748
10,12,1,0.0,0.476303,0.0,0.0,-0.594078,0.05224609375,0.0029296875,0.10587222775083838,4.9759167438968475e-05,1007,Simplified BARK,114,0.02783203125,0.3477715732484845,220.0,0.0537109375,True,sector,,,321936748
10,12,1,0.0,0.476303,0.0,0.0,-0.594078,0.05224609375,0.0029296875,0.10587222775083838,4.9759167438968475e-05,1007,Simplified BARK,148,0.0361328125,0.7014160678565267,220.0,0.0537109375,True,sector,,,321936748
10,12,1,0.0,0.476303,0.0,0.0,-0.594078,0.05224609375,0.0029296875,0.10587222775083838,4.9759167438968475e-05,1007,Simplified BARK,192,0.046875,0.9836996634818306,220.0,0.0537109375,True,sector,,,321936748
10,12,1,0.0,0.476303,0.0,0.0,-0.594078,0.05224609375,0.0029296875,0.10587222775083838,4.9759167438968475e-05,1007,Simplified BARK,250,0.06103515625,0.9999999999999976,220.0,0.0537109375,True,sector,,,321936748
10,12,1,0.0,0.476303,0.0,0.0,-0.594078,0.05224609375,0.0029296875,0.10587222775083838,4.9759167438968475e-05,1007,Simplified BARK,325,0.079345703125,0.9999999999999976,220.0,0.0537109375,True,sector,,,321936748
10,12,1,0.0,0.476303,0.0,0.0,-0.594078,0.05224609375,0.0029296875,0.10587222775083838,4.9759167438968475e-05,1007,Simplified BARK,423,0.103271484375,0.9999999999999976,220.0,0.0537109375,True,sector,,,321936748
10,12,1,0.0,0.476303,0.0,0.0,-0.594078,0.05224609375,0.0029296875,0.10587222775083838,4.9759167438968475e-05,1007,Simplified BARK,550,0.13427734375,0.9999999999999976,220.0,0.0537109375,True,sector,,,321936748
10,12,1,0.0,0.476303,0.0,0.0,-0.594078,0.05224609375,0.0029296875,0.10587222775083838,4.9759167438968475e-05,1007,Simplified BARK,715,0.174560546875,0.9999999999999976,220.0,0.0537109375,True,sector,,,321936748
10,12,1,0.0,0.476303,0.0,0.0,-0.594078,0.05224609375,0.0029296875,0.10587222775083838,4.9759167438968475e-05,1007,Simplified BARK,931,0.227294921875,0.9999999999999976,220.0,0.0537109375,True,sector,,,321936748
10,12,1,0.0,0.476303,0.0,0.0,-0.594078,0.05224609375,0.0029296875,0.10587222775083838,4.9759167438968475e-05,1007,Simplified BARK,1210,0.29541015625,0.9999999999999976,220.0,0.0537109375,True,sector,,,321936748
10,12,1,0.0,0.476303,0.0,0.0,-0.594078,0.05224609375,0.0029296875,0.10587222775083838,4.9759167438968475e-05,1007,Simplified BARK,1575,0.384521484375,0.9999999999999976,220.0,0.0537109375,True,sector,,,321936748
10,12,1,0.0,0.476303,0.0,0.0,-0.594078,0.05224609375,0.0029296875,0.10587222775083838,4.9759167438968475e-05,1007,Simplified BARK,2048,0.5,0.9999999999999976,220.0,0.0537109375,True,sector,,,321936748
10,12,1,0.0,0.476303,0.0,0.0,-0.594078,0.05224609375,0.0029296875,0.10587222775083838,4.9759167438968475e-05,1007,SKQD,1,0.000244140625,4.9759167438968475e-05,220.0,0.0537109375,True,converged;converged;converged,0.02,1000.0,321936748
10,12,1,0.0,0.476303,0.0,0.0,-0.594078,0.05224609375,0.0029296875,0.10587222775083838,4.9759167438968475e-05,1007,SKQD,2,0.00048828125,4.9759167438968475e-05,220.0,0.0537109375,True,converged;converged;converged,0.02,1000.0,321936748
10,12,1,0.0,0.476303,0.0,0.0,-0.594078,0.05224609375,0.0029296875,0.10587222775083838,4.9759167438968475e-05,1007,SKQD,3,0.000732421875,7.89127961308504e-05,220.0,0.0537109375,True,converged;converged;converged,0.02,1000.0,321936748
10,12,1,0.0,0.476303,0.0,0.0,-0.594078,0.05224609375,0.0029296875,0.10587222775083838,4.9759167438968475e-05,1007,SKQD,4,0.0009765625,0.00039964515856098104,220.0,0.0537109375,True,converged;converged;converged,0.02,1000.0,321936748
10,12,1,0.0,0.476303,0.0,0.0,-0.594078,0.05224609375,0.0029296875,0.10587222775083838,4.9759167438968475e-05,1007,SKQD,5,0.001220703125,0.0006313217130042111,220.0,0.0537109375,True,converged;converged;converged,0.02,1000.0,321936748
10,12,1,0.0,0.476303,0.0,0.0,-0.594078,0.05224609375,0.0029296875,0.10587222775083838,4.9759167438968475e-05,1007,SKQD,6,0.00146484375,0.0010958608808251875,220.0,0.0537109375,True,converged;converged;converged,0.02,1000.0,321936748
10,12,1,0.0,0.476303,0.0,0.0,-0.594078,0.05224609375,0.0029296875,0.10587222775083838,4.9759167438968475e-05,1007,SKQD,8,0.001953125,0.002084165785131794,220.0,0.0537109375,True,converged;converged;converged,0.02,1000.0,321936748
10,12,1,0.0,0.476303,0.0,0.0,-0.594078,0.05224609375,0.0029296875,0.10587222775083838,4.9759167438968475e-05,1007,SKQD,11,0.002685546875,0.0028108461175437548,220.0,0.0537109375,True,converged;converged;converged,0.02,1000.0,321936748
10,12,1,0.0,0.476303,0.0,0.0,-0.594078,0.05224609375,0.0029296875,0.10587222775083838,4.9759167438968475e-05,1007,SKQD,14,0.00341796875,0.004131479320834836,220.0,0.0537109375,True,converged;converged;converged,0.02,1000.0,321936748
10,12,1,0.0,0.476303,0.0,0.0,-0.594078,0.05224609375,0.0029296875,0.10587222775083838,4.9759167438968475e-05,1007,SKQD,18,0.00439453125,0.00948023728555067,220.0,0.0537109375,True,converged;converged;converged,0.02,1000.0,321936748
10,12,1,0.0,0.476303,0.0,0.0,-0.594078,0.05224609375,0.0029296875,0.10587222775083838,4.9759167438968475e-05,1007,SKQD,23,0.005615234375,0.013985294920862317,220.0,0.0537109375,True,converged;converged;converged,0.02,1000.0,321936748
10,12,1,0.0,0.476303,0.0,0.0,-0.594078,0.05224609375,0.0029296875,0.10587222775083838,4.9759167438968475e-05,1007,SKQD,31,0.007568359375,0.023519992972271277,220.0,0.0537109375,True,converged;converged;converged,0.02,1000.0,321936748
10,12,1,0.0,0.476303,0.0,0.0,-0.594078,0.05224609375,0.0029296875,0.10587222775083838,4.9759167438968475e-05,1007,SKQD,40,0.009765625,0.04285663703526695,220.0,0.0537109375,True,converged;converged;converged,0.02,1000.0,321936748
10,12,1,0.0,0.476303,0.0,0.0,-0.594078,0.05224609375,0.0029296875,0.10587222775083838,4.9759167438968475e-05,1007,SKQD,52,0.0126953125,0.06662917137150476,220.0,0.0537109375,True,converged;converged;converged,0.02,1000.0,321936748
10,12,1,0.0,0.476303,0.0,0.0,-0.594078,0.05224609375,0.0029296875,0.10587222775083838,4.9759167438968475e-05,1007,SKQD,67,0.016357421875,0.09356157174810714,220.0,0.0537109375,True,converged;converged;converged,0.02,1000.0,321936748
10,12,1,0.0,0.476303,0.0,0.0,-0.594078,0.05224609375,0.0029296875,0.10587222775083838,4.9759167438968475e-05,1007,SKQD,87,0.021240234375,0.23308286571334746,220.0,0.0537109375,True,converged;converged;converged,0.02,1000.0,321936748
10,12,1,0.0,0.476303,0.0,0.0,-0.594078,0.05224609375,0.0029296875,0.10587222775083838,4.9759167438968475e-05,1007,SKQD,114,0.02783203125,0.49304271331924027,220.0,0.0537109375,True,converged;converged;converged,0.02,1000.0,321936748
10,12,1,0.0,0.476303,0.0,0.0,-0.594078,0.05224609375,0.0029296875,0.10587222775083838,4.9759167438968475e-05,1007,SKQD,148,0.0361328125,0.7574324217467415,220.0,0.0537109375,True,converged;converged;converged,0.02,1000.0,321936748
10,12,1,0.0,0.476303,0.0,0.0,-0.594078,0.05224609375,0.0029296875,0.10587222775083838,4.9759167438968475e-05,1007,SKQD,192,0.046875,0.9692979310528851,220.0,0.0537109375,True,converged;converged;converged,0.02,1000.0,321936748
10,12,1,0.0,0.476303,0.0,0.0,-0.594078,0.05224609375,0.0029296875,0.10587222775083838,4.9759167438968475e-05,1007,SKQD,250,0.06103515625,0.9999999999999977,220.0,0.0537109375,True,converged;converged;converged,0.02,1000.0,321936748
10,12,1,0.0,0.476303,0.0,0.0,-0.594078,0.05224609375,0.0029296875,0.10587222775083838,4.9759167438968475e-05,1007,SKQD,325,0.079345703125,0.9999999999999977,220.0,0.0537109375,True,converged;converged;converged,0.02,1000.0,321936748
10,12,1,0.0,0.476303,0.0,0.0,-0.594078,0.05224609375,0.0029296875,0.10587222775083838,4.9759167438968475e-05,1007,SKQD,423,0.103271484375,0.9999999999999977,220.0,0.0537109375,True,converged;converged;converged,0.02,1000.0,321936748
10,12,1,0.0,0.476303,0.0,0.0,-0.594078,0.05224609375,0.0029296875,0.10587222775083838,4.9759167438968475e-05,1007,SKQD,550,0.13427734375,0.9999999999999977,220.0,0.0537109375,True,converged;converged;converged,0.02,1000.0,321936748
10,12,1,0.0,0.476303,0.0,0.0,-0.594078,0.05224609375,0.0029296875,0.10587222775083838,4.9759167438968475e-05,1007,SKQD,715,0.174560546875,0.9999999999999977,220.0,0.0537109375,True,converged;converged;converged,0.02,1000.0,321936748
10,12,1,0.0,0.476303,0.0,0.0,-0.594078,0.05224609375,0.0029296875,0.10587222775083838,4.9759167438968475e-05,1007,SKQD,931,0.227294921875,0.9999999999999977,220.0,0.0537109375,True,converged;converged;converged,0.02,1000.0,321936748
10,12,1,0.0,0.476303,0.0,0.0,-0.594078,0.05224609375,0.0029296875,0.10587222775083838,4.9759167438968475e-05,1007,SKQD,1210,0.29541015625,0.9999999999999977,220.0,0.0537109375,True,converged;converged;converged,0.02,1000.0,321936748
10,12,1,0.0,0.476303,0.0,0.0,-0.594078,0.05224609375,0.0029296875,0.10587222775083838,4.9759167438968475e-05,1007,SKQD,1575,0.384521484375,0.9999999999999977,220.0,0.0537109375,True,converged;converged;converged,0.02,1000.0,321936748
10,12,1,0.0,0.476303,0.0,0.0,-0.594078,0.05224609375,0.0029296875,0.10587222775083838,4.9759167438968475e-05,1007,SKQD,2048,0.5,0.9999999999999977,220.0,0.0537109375,True,converged;converged;converged,0.02,1000.0,321936748
10,12,1,0.0,0.476303,0.0,0.0,-0.594078,0.05224609375,0.0029296875,0.10587222775083838,4.9759167438968475e-05,1007,Ceiling,1,0.000244140625,0.0296405073764561,2048.0,0.5,False,,,,321936748
10,12,1,0.0,0.476303,0.0,0.0,-0.594078,0.05224609375,0.0029296875,0.10587222775083838,4.9759167438968475e-05,1007,Ceiling,2,0.00048828125,0.05928101475291213,2048.0,0.5,False,,,,321936748
10,12,1,0.0,0.476303,0.0,0.0,-0.594078,0.05224609375,0.0029296875,0.10587222775083838,4.9759167438968475e-05,1007,Ceiling,3,0.000732421875,0.08501249629488027,2048.0,0.5,False,,,,321936748
10,12,1,0.0,0.476303,0.0,0.0,-0.594078,0.05224609375,0.0029296875,0.10587222775083838,4.9759167438968475e-05,1007,Ceiling,4,0.0009765625,0.11074397783684839,2048.0,0.5,False,,,,321936748
10,12,1,0.0,0.476303,0.0,0.0,-0.594078,0.05224609375,0.0029296875,0.10587222775083838,4.9759167438968475e-05,1007,Ceiling,5,0.001220703125,0.13398309518297116,2048.0,0.5,False,,,,321936748
10,12,1,0.0,0.476303,0.0,0.0,-0.594078,0.05224609375,0.0029296875,0.10587222775083838,4.9759167438968475e-05,1007,Ceiling,6,0.00146484375,0.15722221252909394,2048.0,0.5,False,,,,321936748
10,12,1,0.0,0.476303,0.0,0.0,-0.594078,0.05224609375,0.0029296875,0.10587222775083838,4.9759167438968475e-05,1007,Ceiling,8,0.001953125,0.2015621296661771,2048.0,0.5,False,,,,321936748
10,12,1,0.0,0.476303,0.0,0.0,-0.594078,0.05224609375,0.0029296875,0.10587222775083838,4.9759167438968475e-05,1007,Ceiling,11,0.002685546875,0.2610367590088428,2048.0,0.5,False,,,,321936748
10,12,1,0.0,0.476303,0.0,0.0,-0.594078,0.05224609375,0.0029296875,0.10587222775083838,4.9759167438968475e-05,1007,Ceiling,14,0.00341796875,0.316595283434492,2048.0,0.5,False,,,,321936748
10,12,1,0.0,0.476303,0.0,0.0,-0.594078,0.05224609375,0.0029296875,0.10587222775083838,4.9759167438968475e-05,1007,Ceiling,18,0.00439453125,0.38536434820588716,2048.0,0.5,False,,,,321936748
10,12,1,0.0,0.476303,0.0,0.0,-0.594078,0.05224609375,0.0029296875,0.10587222775083838,4.9759167438968475e-05,1007,Ceiling,23,0.005615234375,0.45823985824988295,2048.0,0.5,False,,,,321936748
10,12,1,0.0,0.476303,0.0,0.0,-0.594078,0.05224609375,0.0029296875,0.10587222775083838,4.9759167438968475e-05,1007,Ceiling,31,0.007568359375,0.5580082961372015,2048.0,0.5,False,,,,321936748
10,12,1,0.0,0.476303,0.0,0.0,-0.594078,0.05224609375,0.0029296875,0.10587222775083838,4.9759167438968475e-05,1007,Ceiling,40,0.009765625,0.6367049395208997,2048.0,0.5,False,,,,321936748
10,12,1,0.0,0.476303,0.0,0.0,-0.594078,0.05224609375,0.0029296875,0.10587222775083838,4.9759167438968475e-05,1007,Ceiling,52,0.0126953125,0.7220310831211154,2048.0,0.5,False,,,,321936748
10,12,1,0.0,0.476303,0.0,0.0,-0.594078,0.05224609375,0.0029296875,0.10587222775083838,4.9759167438968475e-05,1007,Ceiling,67,0.016357421875,0.8036798825454099,2048.0,0.5,False,,,,321936748
10,12,1,0.0,0.476303,0.0,0.0,-0.594078,0.05224609375,0.0029296875,0.10587222775083838,4.9759167438968475e-05,1007,Ceiling,87,0.021240234375,0.8829277023622168,2048.0,0.5,False,,,,321936748
10,12,1,0.0,0.476303,0.0,0.0,-0.594078,0.05224609375,0.0029296875,0.10587222775083838,4.9759167438968475e-05,1007,Ceiling,114,0.02783203125,0.9496421456844525,2048.0,0.5,False,,,,321936748
10,12,1,0.0,0.476303,0.0,0.0,-0.594078,0.05224609375,0.0029296875,0.10587222775083838,4.9759167438968475e-05,1007,Ceiling,148,0.0361328125,0.9869192539376271,2048.0,0.5,False,,,,321936748
10,12,1,0.0,0.476303,0.0,0.0,-0.594078,0.05224609375,0.0029296875,0.10587222775083838,4.9759167438968475e-05,1007,Ceiling,192,0.046875,0.999583233017463,2048.0,0.5,False,,,,321936748
10,12,1,0.0,0.476303,0.0,0.0,-0.594078,0.05224609375,0.0029296875,0.10587222775083838,4.9759167438968475e-05,1007,Ceiling,250,0.06103515625,0.9999999999999982,2048.0,0.5,False,,,,321936748
10,12,1,0.0,0.476303,0.0,0.0,-0.594078,0.05224609375,0.0029296875,0.10587222775083838,4.9759167438968475e-05,1007,Ceiling,325,0.079345703125,0.9999999999999982,2048.0,0.5,False,,,,321936748
10,12,1,0.0,0.476303,0.0,0.0,-0.594078,0.05224609375,0.0029296875,0.10587222775083838,4.9759167438968475e-05,1007,Ceiling,423,0.103271484375,0.9999999999999982,2048.0,0.5,False,,,,321936748
10,12,1,0.0,0.476303,0.0,0.0,-0.594078,0.05224609375,0.0029296875,0.10587222775083838,4.9759167438968475e-05,1007,Ceiling,550,0.13427734375,0.9999999999999982,2048.0,0.5,False,,,,321936748
10,12,1,0.0,0.476303,0.0,0.0,-0.594078,0.05224609375,0.0029296875,0.10587222775083838,4.9759167438968475e-05,1007,Ceiling,715,0.174560546875,0.9999999999999982,2048.0,0.5,False,,,,321936748
10,12,1,0.0,0.476303,0.0,0.0,-0.594078,0.05224609375,0.0029296875,0.10587222775083838,4.9759167438968475e-05,1007,Ceiling,931,0.227294921875,0.9999999999999982,2048.0,0.5,False,,,,321936748
10,12,1,0.0,0.476303,0.0,0.0,-0.594078,0.05224609375,0.0029296875,0.10587222775083838,4.9759167438968475e-05,1007,Ceiling,1210,0.29541015625,0.9999999999999982,2048.0,0.5,False,,,,321936748
10,12,1,0.0,0.476303,0.0,0.0,-0.594078,0.05224609375,0.0029296875,0.10587222775083838,4.9759167438968475e-05,1007,Ceiling,1575,0.384521484375,0.9999999999999982,2048.0,0.5,False,,,,321936748
10,12,1,0.0,0.476303,0.0,0.0,-0.594078,0.05224609375,0.0029296875,0.10587222775083838,4.9759167438968475e-05,1007,Ceiling,2048,0.5,0.9999999999999982,2048.0,0.5,False,,,,321936748
10,12,1,0.0,0.476303,0.0,0.0,-0.594078,0.05224609375,0.0029296875,0.10587222775083838,2.3327941164444322e-07,767,BARK,1,0.000244140625,2.3327941164444322e-07,220.0,0.0537109375,True,sector,,,321936748
10,12,1,0.0,0.476303,0.0,0.0,-0.594078,0.05224609375,0.0029296875,0.10587222775083838,2.3327941164444322e-07,767,BARK,2,0.00048828125,1.128753377411862e-06,220.0,0.0537109375,True,sector,,,321936748
10,12,1,0.0,0.476303,0.0,0.0,-0.594078,0.05224609375,0.0029296875,0.10587222775083838,2.3327941164444322e-07,767,BARK,3,0.000732421875,8.389730596050125e-06,220.0,0.0537109375,True,sector,,,321936748
10,12,1,0.0,0.476303,0.0,0.0,-0.594078,0.05224609375,0.0029296875,0.10587222775083838,2.3327941164444322e-07,767,BARK,4,0.0009765625,1.1474423332034174e-05,220.0,0.0537109375,True,sector,,,321936748
10,12,1,0.0,0.476303,0.0,0.0,-0.594078,0.05224609375,0.0029296875,0.10587222775083838,2.3327941164444322e-07,767,BARK,5,0.001220703125,1.6173611452461775e-05,220.0,0.0537109375,True,sector,,,321936748
10,12,1,0.0,0.476303,0.0,0.0,-0.594078,0.05224609375,0.0029296875,0.10587222775083838,2.3327941164444322e-07,767,BARK,6,0.00146484375,5.489518996074088e-05,220.0,0.0537109375,True,sector,,,321936748
10,12,1,0.0,0.476303,0.0,0.0,-0.594078,0.05224609375,0.0029296875,0.10587222775083838,2.3327941164444322e-07,767,BARK,8,0.001953125,0.00017617770539620062,220.0,0.0537109375,True,sector,,,321936748
10,12,1,0.0,0.476303,0.0,0.0,-0.594078,0.05224609375,0.0029296875,0.10587222775083838,2.3327941164444322e-07,767,BARK,11,0.002685546875,0.0005889244508830463,220.0,0.0537109375,True,sector,,,321936748
10,12,1,0.0,0.476303,0.0,0.0,-0.594078,0.05224609375,0.0029296875,0.10587222775083838,2.3327941164444322e-07,767,BARK,14,0.00341796875,0.0013767652731191443,220.0,0.0537109375,True,sector,,,321936748
10,12,1,0.0,0.476303,0.0,0.0,-0.594078,0.05224609375,0.0029296875,0.10587222775083838,2.3327941164444322e-07,767,BARK,18,0.00439453125,0.0023354513104493786,220.0,0.0537109375,True,sector,,,321936748
10,12,1,0.0,0.476303,0.0,0.0,-0.594078,0.05224609375,0.0029296875,0.10587222775083838,2.3327941164444322e-07,767,BARK,23,0.005615234375,0.009789309286615835,220.0,0.0537109375,True,sector,,,321936748
10,12,1,0.0,0.476303,0.0,0.0,-0.594078,0.05224609375,0.0029296875,0.10587222775083838,2.3327941164444322e-07,767,BARK,31,0.007568359375,0.00382956160345583,220.0,0.0537109375,True,sector,,,321936748
10,12,1,0.0,0.476303,0.0,0.0,-0.594078,0.05224609375,0.0029296875,0.10587222775083838,2.3327941164444322e-07,767,BARK,40,0.009765625,0.023370317133766676,220.0,0.0537109375,True,sector,,,321936748
10,12,1,0.0,0.476303,0.0,0.0,-0.594078,0.05224609375,0.0029296875,0.10587222775083838,2.3327941164444322e-07,767,BARK,52,0.0126953125,0.04933286304800594,220.0,0.0537109375,True,sector,,,321936748
10,12,1,0.0,0.476303,0.0,0.0,-0.594078,0.05224609375,0.0029296875,0.10587222775083838,2.3327941164444322e-07,767,BARK,67,0.016357421875,0.14533468802042243,220.0,0.0537109375,True,sector,,,321936748
10,12,1,0.0,0.476303,0.0,0.0,-0.594078,0.05224609375,0.0029296875,0.10587222775083838,2.3327941164444322e-07,767,BARK,87,0.021240234375,0.30913511864241916,220.0,0.0537109375,True,sector,,,321936748
10,12,1,0.0,0.476303,0.0,0.0,-0.594078,0.05224609375,0.0029296875,0.10587222775083838,2.3327941164444322e-07,767,BARK,114,0.02783203125,0.4127727337180584,220.0,0.0537109375,True,sector,,,321936748
10,12,1,0.0,0.476303,0.0,0.0,-0.594078,0.05224609375,0.0029296875,0.10587222775083838,2.3327941164444322e-07,767,BARK,148,0.0361328125,0.6065190653151968,220.0,0.0537109375,True,sector,,,321936748
10,12,1,0.0,0.476303,0.0,0.0,-0.594078,0.05224609375,0.0029296875,0.10587222775083838,2.3327941164444322e-07,767,BARK,192,0.046875,0.9868448596495721,220.0,0.0537109375,True,sector,,,321936748
10,12,1,0.0,0.476303,0.0,0.0,-0.594078,0.05224609375,0.0029296875,0.10587222775083838,2.3327941164444322e-07,767,BARK,250,0.06103515625,0.9999999999999978,220.0,0.0537109375,True,sector,,,321936748
10,12,1,0.0,0.476303,0.0,0.0,-0.594078,0.05224609375,0.0029296875,0.10587222775083838,2.3327941164444322e-07,767,BARK,325,0.079345703125,0.9999999999999978,220.0,0.0537109375,True,sector,,,321936748
10,12,1,0.0,0.476303,0.0,0.0,-0.594078,0.05224609375,0.0029296875,0.10587222775083838,2.3327941164444322e-07,767,BARK,423,0.103271484375,0.9999999999999978,220.0,0.0537109375,True,sector,,,321936748
10,12,1,0.0,0.476303,0.0,0.0,-0.594078,0.05224609375,0.0029296875,0.10587222775083838,2.3327941164444322e-07,767,BARK,550,0.13427734375,0.9999999999999978,220.0,0.0537109375,True,sector,,,321936748
10,12,1,0.0,0.476303,0.0,0.0,-0.594078,0.05224609375,0.0029296875,0.10587222775083838,2.3327941164444322e-07,767,BARK,715,0.174560546875,0.9999999999999978,220.0,0.0537109375,True,sector,,,321936748
10,12,1,0.0,0.476303,0.0,0.0,-0.594078,0.05224609375,0.0029296875,0.10587222775083838,2.3327941164444322e-07,767,BARK,931,0.227294921875,0.9999999999999978,220.0,0.0537109375,True,sector,,,321936748
10,12,1,0.0,0.476303,0.0,0.0,-0.594078,0.05224609375,0.0029296875,0.10587222775083838,2.3327941164444322e-07,767,BARK,1210,0.29541015625,0.9999999999999978,220.0,0.0537109375,True,sector,,,321936748
10,12,1,0.0,0.476303,0.0,0.0,-0.594078,0.05224609375,0.0029296875,0.10587222775083838,2.3327941164444322e-07,767,BARK,1575,0.384521484375,0.9999999999999978,220.0,0.0537109375,True,sector,,,321936748
10,12,1,0.0,0.476303,0.0,0.0,-0.594078,0.05224609375,0.0029296875,0.10587222775083838,2.3327941164444322e-07,767,BARK,2048,0.5,0.9999999999999978,220.0,0.0537109375,True,sector,,,321936748
10,12,1,0.0,0.476303,0.0,0.0,-0.594078,0.05224609375,0.0029296875,0.10587222775083838,2.3327941164444322e-07,767,Simplified BARK,1,0.000244140625,2.3327941164444322e-07,220.0,0.0537109375,True,sector,,,321936748
10,12,1,0.0,0.476303,0.0,0.0,-0.594078,0.05224609375,0.0029296875,0.10587222775083838,2.3327941164444322e-07,767,Simplified BARK,2,0.00048828125,1.6571395310572002e-07,220.0,0.0537109375,True,sector,,,321936748
10,12,1,0.0,0.476303,0.0,0.0,-0.594078,0.05224609375,0.0029296875,0.10587222775083838,2.3327941164444322e-07,767,Simplified BARK,3,0.000732421875,1.1879158038313164e-06,220.0,0.0537109375,True,sector,,,321936748
10,12,1,0.0,0.476303,0.0,0.0,-0.594078,0.05224609375,0.0029296875,0.10587222775083838,2.3327941164444322e-07,767,Simplified BARK,4,0.0009765625,5.15882617595995e-06,220.0,0.0537109375,True,sector,,,321936748
10,12,1,0.0,0.476303,0.0,0.0,-0.594078,0.05224609375,0.0029296875,0.10587222775083838,2.3327941164444322e-07,767,Simplified BARK,5,0.001220703125,1.6039670413253717e-05,220.0,0.0537109375,True,sector,,,321936748
10,12,1,0.0,0.476303,0.0,0.0,-0.594078,0.05224609375,0.0029296875,0.10587222775083838,2.3327941164444322e-07,767,Simplified BARK,6,0.00146484375,3.8765304477192176e-05,220.0,0.0537109375,True,sector,,,321936748
10,12,1,0.0,0.476303,0.0,0.0,-0.594078,0.05224609375,0.0029296875,0.10587222775083838,2.3327941164444322e-07,767,Simplified BARK,8,0.001953125,0.00012660002892229803,220.0,0.0537109375,True,sector,,,321936748
10,12,1,0.0,0.476303,0.0,0.0,-0.594078,0.05224609375,0.0029296875,0.10587222775083838,2.3327941164444322e-07,767,Simplified BARK,11,0.002685546875,0.00013188458989782536,220.0,0.0537109375,True,sector,,,321936748
10,12,1,0.0,0.476303,0.0,0.0,-0.594078,0.05224609375,0.0029296875,0.10587222775083838,2.3327941164444322e-07,767,Simplified BARK,14,0.00341796875,0.0002212036177827577,220.0,0.0537109375,True,sector,,,321936748
10,12,1,0.0,0.476303,0.0,0.0,-0.594078,0.05224609375,0.0029296875,0.10587222775083838,2.3327941164444322e-07,767,Simplified BARK,18,0.00439453125,0.0019384156456285057,220.0,0.0537109375,True,sector,,,321936748
10,12,1,0.0,0.476303,0.0,0.0,-0.594078,0.05224609375,0.0029296875,0.10587222775083838,2.3327941164444322e-07,767,Simplified BARK,23,0.005615234375,0.0029895225793019897,220.0,0.0537109375,True,sector,,,321936748
10,12,1,0.0,0.476303,0.0,0.0,-0.594078,0.05224609375,0.0029296875,0.10587222775083838,2.3327941164444322e-07,767,Simplified BARK,31,0.007568359375,0.014549743811519102,220.0,0.0537109375,True,sector,,,321936748
10,12,1,0.0,0.476303,0.0,0.0,-0.594078,0.05224609375,0.0029296875,0.10587222775083838,2.3327941164444322e-07,767,Simplified BARK,40,0.009765625,0.04565545011967694,220.0,0.0537109375,True,sector,,,321936748
10,12,1,0.0,0.476303,0.0,0.0,-0.594078,0.05224609375,0.0029296875,0.10587222775083838,2.3327941164444322e-07,767,Simplified BARK,52,0.0126953125,0.08690327053318526,220.0,0.0537109375,True,sector,,,321936748
10,12,1,0.0,0.476303,0.0,0.0,-0.594078,0.05224609375,0.0029296875,0.10587222775083838,2.3327941164444322e-07,767,Simplified BARK,67,0.016357421875,0.034358019846641386,220.0,0.0537109375,True,sector,,,321936748
10,12,1,0.0,0.476303,0.0,0.0,-0.594078,0.05224609375,0.0029296875,0.10587222775083838,2.3327941164444322e-07,767,Simplified BARK,87,0.021240234375,0.21207893672767808,220.0,0.0537109375,True,sector,,,321936748
10,12,1,0.0,0.476303,0.0,0.0,-0.594078,0.05224609375,0.0029296875,0.10587222775083838,2.3327941164444322e-07,767,Simplified BARK,114,0.02783203125,0.34777157324848434,220.0,0.0537109375,True,sector,,,321936748
10,12,1,0.0,0.476303,0.0,0.0,-0.594078,0.05224609375,0.0029296875,0.10587222775083838,2.3327941164444322e-07,767,Simplified BARK,148,0.0361328125,0.701416067856527,220.0,0.0537109375,True,sector,,,321936748
10,12,1,0.0,0.476303,0.0,0.0,-0.594078,0.05224609375,0.0029296875,0.10587222775083838,2.3327941164444322e-07,767,Simplified BARK,192,0.046875,0.9836996634818301,220.0,0.0537109375,True,sector,,,321936748
10,12,1,0.0,0.476303,0.0,0.0,-0.594078,0.05224609375,0.0029296875,0.10587222775083838,2.3327941164444322e-07,767,Simplified BARK,250,0.06103515625,0.9999999999999971,220.0,0.0537109375,True,sector,,,321936748
10,12,1,0.0,0.476303,0.0,0.0,-0.594078,0.05224609375,0.0029296875,0.10587222775083838,2.3327941164444322e-07,767,Simplified BARK,325,0.079345703125,0.9999999999999971,220.0,0.0537109375,True,sector,,,321936748
10,12,1,0.0,0.476303,0.0,0.0,-0.594078,0.05224609375,0.0029296875,0.10587222775083838,2.3327941164444322e-07,767,Simplified BARK,423,0.103271484375,0.9999999999999971,220.0,0.0537109375,True,sector,,,321936748
10,12,1,0.0,0.476303,0.0,0.0,-0.594078,0.05224609375,0.0029296875,0.10587222775083838,2.3327941164444322e-07,767,Simplified BARK,550,0.13427734375,0.9999999999999971,220.0,0.0537109375,True,sector,,,321936748
10,12,1,0.0,0.476303,0.0,0.0,-0.594078,0.05224609375,0.0029296875,0.10587222775083838,2.3327941164444322e-07,767,Simplified BARK,715,0.174560546875,0.9999999999999971,220.0,0.0537109375,True,sector,,,321936748
10,12,1,0.0,0.476303,0.0,0.0,-0.594078,0.05224609375,0.0029296875,0.10587222775083838,2.3327941164444322e-07,767,Simplified BARK,931,0.227294921875,0.9999999999999971,220.0,0.0537109375,True,sector,,,321936748
10,12,1,0.0,0.476303,0.0,0.0,-0.594078,0.05224609375,0.0029296875,0.10587222775083838,2.3327941164444322e-07,767,Simplified BARK,1210,0.29541015625,0.9999999999999971,220.0,0.0537109375,True,sector,,,321936748
10,12,1,0.0,0.476303,0.0,0.0,-0.594078,0.05224609375,0.0029296875,0.10587222775083838,2.3327941164444322e-07,767,Simplified BARK,1575,0.384521484375,0.9999999999999971,220.0,0.0537109375,True,sector,,,321936748
10,12,1,0.0,0.476303,0.0,0.0,-0.594078,0.05224609375,0.0029296875,0.10587222775083838,2.3327941164444322e-07,767,Simplified BARK,2048,0.5,0.9999999999999971,220.0,0.0537109375,True,sector,,,321936748
10,12,1,0.0,0.476303,0.0,0.0,-0.594078,0.05224609375,0.0029296875,0.10587222775083838,2.3327941164444322e-07,767,SKQD,1,0.000244140625,2.3327941164444322e-07,220.0,0.0537109375,True,converged;converged;converged,0.05,1000.0,321936748
10,12,1,0.0,0.476303,0.0,0.0,-0.594078,0.05224609375,0.0029296875,0.10587222775083838,2.3327941164444322e-07,767,SKQD,2,0.00048828125,2.3327941164444322e-07,220.0,0.0537109375,True,converged;converged;converged,0.05,1000.0,321936748
10,12,1,0.0,0.476303,0.0,0.0,-0.594078,0.05224609375,0.0029296875,0.10587222775083838,2.3327941164444322e-07,767,SKQD,3,0.000732421875,2.3327941164444322e-07,220.0,0.0537109375,True,converged;converged;converged,0.05,1000.0,321936748
10,12,1,0.0,0.476303,0.0,0.0,-0.594078,0.05224609375,0.0029296875,0.10587222775083838,2.3327941164444322e-07,767,SKQD,4,0.0009765625,1.8736042472979193e-06,220.0,0.0537109375,True,converged;converged;converged,0.05,1000.0,321936748
10,12,1,0.0,0.476303,0.0,0.0,-0.594078,0.05224609375,0.0029296875,0.10587222775083838,2.3327941164444322e-07,767,SKQD,5,0.001220703125,7.043339397670112e-06,220.0,0.0537109375,True,converged;converged;converged,0.05,1000.0,321936748
10,12,1,0.0,0.476303,0.0,0.0,-0.594078,0.05224609375,0.0029296875,0.10587222775083838,2.3327941164444322e-07,767,SKQD,6,0.00146484375,1.1337850763327447e-05,220.0,0.0537109375,True,converged;converged;converged,0.05,1000.0,321936748
10,12,1,0.0,0.476303,0.0,0.0,-0.594078,0.05224609375,0.0029296875,0.10587222775083838,2.3327941164444322e-07,767,SKQD,8,0.001953125,3.182836745393622e-05,220.0,0.0537109375,True,converged;converged;converged,0.05,1000.0,321936748
10,12,1,0.0,0.476303,0.0,0.0,-0.594078,0.05224609375,0.0029296875,0.10587222775083838,2.3327941164444322e-07,767,SKQD,11,0.002685546875,7.87409633694202e-05,220.0,0.0537109375,True,converged;converged;converged,0.05,1000.0,321936748
10,12,1,0.0,0.476303,0.0,0.0,-0.594078,0.05224609375,0.0029296875,0.10587222775083838,2.3327941164444322e-07,767,SKQD,14,0.00341796875,0.0002748052943532398,220.0,0.0537109375,True,converged;converged;converged,0.05,1000.0,321936748
10,12,1,0.0,0.476303,0.0,0.0,-0.594078,0.05224609375,0.0029296875,0.10587222775083838,2.3327941164444322e-07,767,SKQD,18,0.00439453125,0.0009906386662211892,220.0,0.0537109375,True,converged;converged;converged,0.05,1000.0,321936748
10,12,1,0.0,0.476303,0.0,0.0,-0.594078,0.05224609375,0.0029296875,0.10587222775083838,2.3327941164444322e-07,767,SKQD,23,0.005615234375,0.002431184330975509,220.0,0.0537109375,True,converged;converged;converged,0.05,1000.0,321936748
10,12,1,0.0,0.476303,0.0,0.0,-0.594078,0.05224609375,0.0029296875,0.10587222775083838,2.3327941164444322e-07,767,SKQD,31,0.007568359375,0.00730807646537093,220.0,0.0537109375,True,converged;converged;converged,0.05,1000.0,321936748
10,12,1,0.0,0.476303,0.0,0.0,-0.594078,0.05224609375,0.0029296875,0.10587222775083838,2.3327941164444322e-07,767,SKQD,40,0.009765625,0.017950250835014746,220.0,0.0537109375,True,converged;converged;converged,0.05,1000.0,321936748
10,12,1,0.0,0.476303,0.0,0.0,-0.594078,0.05224609375,0.0029296875,0.10587222775083838,2.3327941164444322e-07,767,SKQD,52,0.0126953125,0.05337224283385775,220.0,0.0537109375,True,converged;converged;converged,0.05,1000.0,321936748
10,12,1,0.0,0.476303,0.0,0.0,-0.594078,0.05224609375,0.0029296875,0.10587222775083838,2.3327941164444322e-07,767,SKQD,67,0.016357421875,0.11725213128058526,220.0,0.0537109375,True,converged;converged;converged,0.05,1000.0,321936748
10,12,1,0.0,0.476303,0.0,0.0,-0.594078,0.05224609375,0.0029296875,0.10587222775083838,2.3327941164444322e-07,767,SKQD,87,0.021240234375,0.2505576478674188,220.0,0.0537109375,True,converged;converged;converged,0.05,1000.0,321936748
10,12,1,0.0,0.476303,0.0,0.0,-0.594078,0.05224609375,0.0029296875,0.10587222775083838,2.3327941164444322e-07,767,SKQD,114,0.02783203125,0.48014571637987763,220.0,0.0537109375,True,converged;converged;converged,0.05,1000.0,321936748
10,12,1,0.0,0.476303,0.0,0.0,-0.594078,0.05224609375,0.0029296875,0.10587222775083838,2.3327941164444322e-07,767,SKQD,148,0.0361328125,0.7605223054165423,220.0,0.0537109375,True,converged;converged;converged,0.05,1000.0,321936748
10,12,1,0.0,0.476303,0.0,0.0,-0.594078,0.05224609375,0.0029296875,0.10587222775083838,2.3327941164444322e-07,767,SKQD,192,0.046875,0.9790469962195859,220.0,0.0537109375,True,converged;converged;converged,0.05,1000.0,321936748
10,12,1,0.0,0.476303,0.0,0.0,-0.594078,0.05224609375,0.0029296875,0.10587222775083838,2.3327941164444322e-07,767,SKQD,250,0.06103515625,0.9999999999999973,220.0,0.0537109375,True,converged;converged;converged,0.05,1000.0,321936748
10,12,1,0.0,0.476303,0.0,0.0,-0.594078,0.05224609375,0.0029296875,0.10587222775083838,2.3327941164444322e-07,767,SKQD,325,0.079345703125,0.9999999999999973,220.0,0.0537109375,True,converged;converged;converged,0.05,1000.0,321936748
10,12,1,0.0,0.476303,0.0,0.0,-0.594078,0.05224609375,0.0029296875,0.10587222775083838,2.3327941164444322e-07,767,SKQD,423,0.103271484375,0.9999999999999973,220.0,0.0537109375,True,converged;converged;converged,0.05,1000.0,321936748
10,12,1,0.0,0.476303,0.0,0.0,-0.594078,0.05224609375,0.0029296875,0.10587222775083838,2.3327941164444322e-07,767,SKQD,550,0.13427734375,0.9999999999999973,220.0,0.0537109375,True,converged;converged;converged,0.05,1000.0,321936748
10,12,1,0.0,0.476303,0.0,0.0,-0.594078,0.05224609375,0.0029296875,0.10587222775083838,2.3327941164444322e-07,767,SKQD,715,0.174560546875,0.9999999999999973,220.0,0.0537109375,True,converged;converged;converged,0.05,1000.0,321936748
10,12,1,0.0,0.476303,0.0,0.0,-0.594078,0.05224609375,0.0029296875,0.10587222775083838,2.3327941164444322e-07,767,SKQD,931,0.227294921875,0.9999999999999973,220.0,0.0537109375,True,converged;converged;converged,0.05,1000.0,321936748
10,12,1,0.0,0.476303,0.0,0.0,-0.594078,0.05224609375,0.0029296875,0.10587222775083838,2.3327941164444322e-07,767,SKQD,1210,0.29541015625,0.9999999999999973,220.0,0.0537109375,True,converged;converged;converged,0.05,1000.0,321936748
10,12,1,0.0,0.476303,0.0,0.0,-0.594078,0.05224609375,0.0029296875,0.10587222775083838,2.3327941164444322e-07,767,SKQD,1575,0.384521484375,0.9999999999999973,220.0,0.0537109375,True,converged;converged;converged,0.05,1000.0,321936748
10,12,1,0.0,0.476303,0.0,0.0,-0.594078,0.05224609375,0.0029296875,0.10587222775083838,2.3327941164444322e-07,767,SKQD,2048,0.5,0.9999999999999973,220.0,0.0537109375,True,converged;converged;converged,0.05,1000.0,321936748
10,12,1,0.0,0.476303,0.0,0.0,-0.594078,0.05224609375,0.0029296875,0.10587222775083838,2.3327941164444322e-07,767,Ceiling,1,0.000244140625,0.0296405073764561,2048.0,0.5,False,,,,321936748
10,12,1,0.0,0.476303,0.0,0.0,-0.594078,0.05224609375,0.0029296875,0.10587222775083838,2.3327941164444322e-07,767,Ceiling,2,0.00048828125,0.05928101475291213,2048.0,0.5,False,,,,321936748
10,12,1,0.0,0.476303,0.0,0.0,-0.594078,0.05224609375,0.0029296875,0.10587222775083838,2.3327941164444322e-07,767,Ceiling,3,0.000732421875,0.08501249629488027,2048.0,0.5,False,,,,321936748
10,12,1,0.0,0.476303,0.0,0.0,-0.594078,0.05224609375,0.0029296875,0.10587222775083838,2.3327941164444322e-07,767,Ceiling,4,0.0009765625,0.11074397783684839,2048.0,0.5,False,,,,321936748
10,12,1,0.0,0.476303,0.0,0.0,-0.594078,0.05224609375,0.0029296875,0.10587222775083838,2.3327941164444322e-07,767,Ceiling,5,0.001220703125,0.13398309518297116,2048.0,0.5,False,,,,321936748
10,12,1,0.0,0.476303,0.0,0.0,-0.594078,0.05224609375,0.0029296875,0.10587222775083838,2.3327941164444322e-07,767,Ceiling,6,0.00146484375,0.15722221252909394,2048.0,0.5,False,,,,321936748
10,12,1,0.0,0.476303,0.0,0.0,-0.594078,0.05224609375,0.0029296875,0.10587222775083838,2.3327941164444322e-07,767,Ceiling,8,0.001953125,0.2015621296661771,2048.0,0.5,False,,,,321936748
10,12,1,0.0,0.476303,0.0,0.0,-0.594078,0.05224609375,0.0029296875,0.10587222775083838,2.3327941164444322e-07,767,Ceiling,11,0.002685546875,0.2610367590088428,2048.0,0.5,False,,,,321936748
10,12,1,0.0,0.476303,0.0,0.0,-0.594078,0.05224609375,0.0029296875,0.10587222775083838,2.3327941164444322e-07,767,Ceiling,14,0.00341796875,0.316595283434492,2048.0,0.5,False,,,,321936748
10,12,1,0.0,0.476303,0.0,0.0,-0.594078,0.05224609375,0.0029296875,0.10587222775083838,2.3327941164444322e-07,767,Ceiling,18,0.00439453125,0.38536434820588716,2048.0,0.5,False,,,,321936748
10,12,1,0.0,0.476303,0.0,0.0,-0.594078,0.05224609375,0.0029296875,0.10587222775083838,2.3327941164444322e-07,767,Ceiling,23,0.005615234375,0.45823985824988295,2048.0,0.5,False,,,,321936748
10,12,1,0.0,0.476303,0.0,0.0,-0.594078,0.05224609375,0.0029296875,0.10587222775083838,2.3327941164444322e-07,767,Ceiling,31,0.007568359375,0.5580082961372015,2048.0,0.5,False,,,,321936748
10,12,1,0.0,0.476303,0.0,0.0,-0.594078,0.05224609375,0.0029296875,0.10587222775083838,2.3327941164444322e-07,767,Ceiling,40,0.009765625,0.6367049395208997,2048.0,0.5,False,,,,321936748
10,12,1,0.0,0.476303,0.0,0.0,-0.594078,0.05224609375,0.0029296875,0.10587222775083838,2.3327941164444322e-07,767,Ceiling,52,0.0126953125,0.7220310831211154,2048.0,0.5,False,,,,321936748
10,12,1,0.0,0.476303,0.0,0.0,-0.594078,0.05224609375,0.0029296875,0.10587222775083838,2.3327941164444322e-07,767,Ceiling,67,0.016357421875,0.8036798825454099,2048.0,0.5,False,,,,321936748
10,12,1,0.0,0.476303,0.0,0.0,-0.594078,0.05224609375,0.0029296875,0.10587222775083838,2.3327941164444322e-07,767,Ceiling,87,0.021240234375,0.8829277023622168,2048.0,0.5,False,,,,321936748
10,12,1,0.0,0.476303,0.0,0.0,-0.594078,0.05224609375,0.0029296875,0.10587222775083838,2.3327941164444322e-07,767,Ceiling,114,0.02783203125,0.9496421456844525,2048.0,0.5,False,,,,321936748
10,12,1,0.0,0.476303,0.0,0.0,-0.594078,0.05224609375,0.0029296875,0.10587222775083838,2.3327941164444322e-07,767,Ceiling,148,0.0361328125,0.9869192539376271,2048.0,0.5,False,,,,321936748
10,12,1,0.0,0.476303,0.0,0.0,-0.594078,0.05224609375,0.0029296875,0.10587222775083838,2.3327941164444322e-07,767,Ceiling,192,0.046875,0.999583233017463,2048.0,0.5,False,,,,321936748
10,12,1,0.0,0.476303,0.0,0.0,-0.594078,0.05224609375,0.0029296875,0.10587222775083838,2.3327941164444322e-07,767,Ceiling,250,0.06103515625,0.9999999999999982,2048.0,0.5,False,,,,321936748
10,12,1,0.0,0.476303,0.0,0.0,-0.594078,0.05224609375,0.0029296875,0.10587222775083838,2.3327941164444322e-07,767,Ceiling,325,0.079345703125,0.9999999999999982,2048.0,0.5,False,,,,321936748
10,12,1,0.0,0.476303,0.0,0.0,-0.594078,0.05224609375,0.0029296875,0.10587222775083838,2.3327941164444322e-07,767,Ceiling,423,0.103271484375,0.9999999999999982,2048.0,0.5,False,,,,321936748
10,12,1,0.0,0.476303,0.0,0.0,-0.594078,0.05224609375,0.0029296875,0.10587222775083838,2.3327941164444322e-07,767,Ceiling,550,0.13427734375,0.9999999999999982,2048.0,0.5,False,,,,321936748
10,12,1,0.0,0.476303,0.0,0.0,-0.594078,0.05224609375,0.0029296875,0.10587222775083838,2.3327941164444322e-07,767,Ceiling,715,0.174560546875,0.9999999999999982,2048.0,0.5,False,,,,321936748
10,12,1,0.0,0.476303,0.0,0.0,-0.594078,0.05224609375,0.0029296875,0.10587222775083838,2.3327941164444322e-07,767,Ceiling,931,0.227294921875,0.9999999999999982,2048.0,0.5,False,,,,321936748
10,12,1,0.0,0.476303,0.0,0.0,-0.594078,0.05224609375,0.0029296875,0.10587222775083838,2.3327941164444322e-07,767,Ceiling,1210,0.29541015625,0.9999999999999982,2048.0,0.5,False,,,,321936748
10,12,1,0.0,0.476303,0.0,0.0,-0.594078,0.05224609375,0.0029296875,0.10587222775083838,2.3327941164444322e-07,767,Ceiling,1575,0.384521484375,0.9999999999999982,2048.0,0.5,False,,,,321936748
10,12,1,0.0,0.476303,0.0,0.0,-0.594078,0.05224609375,0.0029296875,0.10587222775083838,2.3327941164444322e-07,767,Ceiling,2048,0.5,0.9999999999999982,2048.0,0.5,False,,,,321936748
10,12,1,0.0,0.476303,0.0,0.0,-0.594078,0.05224609375,0.0029296875,0.10587222775083838,0.009564919303172149,3503,BARK,1,0.000244140625,0.009564919303172149,220.0,0.0537109375,True,sector,,,321936748
10,12,1,0.0,0.476303,0.0,0.0,-0.594078,0.05224609375,0.0029296875,0.10587222775083838,0.009564919303172149,3503,BARK,2,0.00048828125,0.01836505290776405,220.0,0.0537109375,True,sector,,,321936748
10,12,1,0.0,0.476303,0.0,0.0,-0.594078,0.05224609375,0.0029296875,0.10587222775083838,0.009564919303172149,3503,BARK,3,0.000732421875,0.02073025711385474,220.0,0.0537109375,True,sector,,,321936748
10,12,1,0.0,0.476303,0.0,0.0,-0.594078,0.05224609375,0.0029296875,0.10587222775083838,0.009564919303172149,3503,BARK,4,0.0009765625,0.022234042843326994,220.0,0.0537109375,True,sector,,,321936748
10,12,1,0.0,0.476303,0.0,0.0,-0.594078,0.05224609375,0.0029296875,0.10587222775083838,0.009564919303172149,3503,BARK,5,0.001220703125,0.02976924391116401,220.0,0.0537109375,True,sector,,,321936748
10,12,1,0.0,0.476303,0.0,0.0,-0.594078,0.05224609375,0.0029296875,0.10587222775083838,0.009564919303172149,3503,BARK,6,0.00146484375,0.03951206995100512,220.0,0.0537109375,True,sector,,,321936748
10,12,1,0.0,0.476303,0.0,0.0,-0.594078,0.05224609375,0.0029296875,0.10587222775083838,0.009564919303172149,3503,BARK,8,0.001953125,0.045230879450284055,220.0,0.0537109375,True,sector,,,321936748
10,12,1,0.0,0.476303,0.0,0.0,-0.594078,0.05224609375,0.0029296875,0.10587222775083838,0.009564919303172149,3503,BARK,11,0.002685546875,0.043827749559575475,220.0,0.0537109375,True,sector,,,321936748
10,12,1,0.0,0.476303,0.0,0.0,-0.594078,0.05224609375,0.0029296875,0.10587222775083838,0.009564919303172149,3503,BARK,14,0.00341796875,0.04462340173597003,220.0,0.0537109375,True,sector,,,321936748
10,12,1,0.0,0.476303,0.0,0.0,-0.594078,0.05224609375,0.0029296875,0.10587222775083838,0.009564919303172149,3503,BARK,18,0.00439453125,0.054006267416162664,220.0,0.0537109375,True,sector,,,321936748
10,12,1,0.0,0.476303,0.0,0.0,-0.594078,0.05224609375,0.0029296875,0.10587222775083838,0.009564919303172149,3503,BARK,23,0.005615234375,0.047540891536536393,220.0,0.0537109375,True,sector,,,321936748
10,12,1,0.0,0.476303,0.0,0.0,-0.594078,0.05224609375,0.0029296875,0.10587222775083838,0.009564919303172149,3503,BARK,31,0.007568359375,0.04424903885614377,220.0,0.0537109375,True,sector,,,321936748
10,12,1,0.0,0.476303,0.0,0.0,-0.594078,0.05224609375,0.0029296875,0.10587222775083838,0.009564919303172149,3503,BARK,40,0.009765625,0.038708859977544155,220.0,0.0537109375,True,sector,,,321936748
10,12,1,0.0,0.476303,0.0,0.0,-0.594078,0.05224609375,0.0029296875,0.10587222775083838,0.009564919303172149,3503,BARK,52,0.0126953125,0.09239456072027923,220.0,0.0537109375,True,sector,,,321936748
10,12,1,0.0,0.476303,0.0,0.0,-0.594078,0.05224609375,0.0029296875,0.10587222775083838,0.009564919303172149,3503,BARK,67,0.016357421875,0.2171741919065669,220.0,0.0537109375,True,sector,,,321936748
10,12,1,0.0,0.476303,0.0,0.0,-0.594078,0.05224609375,0.0029296875,0.10587222775083838,0.009564919303172149,3503,BARK,87,0.021240234375,0.39450434790371075,220.0,0.0537109375,True,sector,,,321936748
10,12,1,0.0,0.476303,0.0,0.0,-0.594078,0.05224609375,0.0029296875,0.10587222775083838,0.009564919303172149,3503,BARK,114,0.02783203125,0.5817994345031148,220.0,0.0537109375,True,sector,,,321936748
10,12,1,0.0,0.476303,0.0,0.0,-0.594078,0.05224609375,0.0029296875,0.10587222775083838,0.009564919303172149,3503,BARK,148,0.0361328125,0.7516543500849769,220.0,0.0537109375,True,sector,,,321936748
10,12,1,0.0,0.476303,0.0,0.0,-0.594078,0.05224609375,0.0029296875,0.10587222775083838,0.009564919303172149,3503,BARK,192,0.046875,0.9950384492309446,220.0,0.0537109375,True,sector,,,321936748
10,12,1,0.0,0.476303,0.0,0.0,-0.594078,0.05224609375,0.0029296875,0.10587222775083838,0.009564919303172149,3503,BARK,250,0.06103515625,0.9999999999999969,220.0,0.0537109375,True,sector,,,321936748
10,12,1,0.0,0.476303,0.0,0.0,-0.594078,0.05224609375,0.0029296875,0.10587222775083838,0.009564919303172149,3503,BARK,325,0.079345703125,0.9999999999999969,220.0,0.0537109375,True,sector,,,321936748
10,12,1,0.0,0.476303,0.0,0.0,-0.594078,0.05224609375,0.0029296875,0.10587222775083838,0.009564919303172149,3503,BARK,423,0.103271484375,0.9999999999999969,220.0,0.0537109375,True,sector,,,321936748
10,12,1,0.0,0.476303,0.0,0.0,-0.594078,0.05224609375,0.0029296875,0.10587222775083838,0.009564919303172149,3503,BARK,550,0.13427734375,0.9999999999999969,220.0,0.0537109375,True,sector,,,321936748
10,12,1,0.0,0.476303,0.0,0.0,-0.594078,0.05224609375,0.0029296875,0.10587222775083838,0.009564919303172149,3503,BARK,715,0.174560546875,0.9999999999999969,220.0,0.0537109375,True,sector,,,321936748
10,12,1,0.0,0.476303,0.0,0.0,-0.594078,0.05224609375,0.0029296875,0.10587222775083838,0.009564919303172149,3503,BARK,931,0.227294921875,0.9999999999999969,220.0,0.0537109375,True,sector,,,321936748
10,12,1,0.0,0.476303,0.0,0.0,-0.594078,0.05224609375,0.0029296875,0.10587222775083838,0.009564919303172149,3503,BARK,1210,0.29541015625,0.9999999999999969,220.0,0.0537109375,True,sector,,,321936748
10,12,1,0.0,0.476303,0.0,0.0,-0.594078,0.05224609375,0.0029296875,0.10587222775083838,0.009564919303172149,3503,BARK,1575,0.384521484375,0.9999999999999969,220.0,0.0537109375,True,sector,,,321936748
10,12,1,0.0,0.476303,0.0,0.0,-0.594078,0.05224609375,0.0029296875,0.10587222775083838,0.009564919303172149,3503,BARK,2048,0.5,0.9999999999999969,220.0,0.0537109375,True,sector,,,321936748
10,12,1,0.0,0.476303,0.0,0.0,-0.594078,0.05224609375,0.0029296875,0.10587222775083838,0.009564919303172149,3503,Simplified BARK,1,0.000244140625,0.009564919303172149,220.0,0.0537109375,True,sector,,,321936748
10,12,1,0.0,0.476303,0.0,0.0,-0.594078,0.05224609375,0.0029296875,0.10587222775083838,0.009564919303172149,3503,Simplified BARK,2,0.00048828125,0.01836505290776405,220.0,0.0537109375,True,sector,,,321936748
10,12,1,0.0,0.476303,0.0,0.0,-0.594078,0.05224609375,0.0029296875,0.10587222775083838,0.009564919303172149,3503,Simplified BARK,3,0.000732421875,0.02073025711385474,220.0,0.0537109375,True,sector,,,321936748
10,12,1,0.0,0.476303,0.0,0.0,-0.594078,0.05224609375,0.0029296875,0.10587222775083838,0.009564919303172149,3503,Simplified BARK,4,0.0009765625,0.022234042843326994,220.0,0.0537109375,True,sector,,,321936748
10,12,1,0.0,0.476303,0.0,0.0,-0.594078,0.05224609375,0.0029296875,0.10587222775083838,0.009564919303172149,3503,Simplified BARK,5,0.001220703125,0.02256723863630356,220.0,0.0537109375,True,sector,,,321936748
10,12,1,0.0,0.476303,0.0,0.0,-0.594078,0.05224609375,0.0029296875,0.10587222775083838,0.009564919303172149,3503,Simplified BARK,6,0.00146484375,0.02132751952599624,220.0,0.0537109375,True,sector,,,321936748
10,12,1,0.0,0.476303,0.0,0.0,-0.594078,0.05224609375,0.0029296875,0.10587222775083838,0.009564919303172149,3503,Simplified BARK,8,0.001953125,0.016285188492254746,220.0,0.0537109375,True,sector,,,321936748
10,12,1,0.0,0.476303,0.0,0.0,-0.594078,0.05224609375,0.0029296875,0.10587222775083838,0.009564919303172149,3503,Simplified BARK,11,0.002685546875,0.009858532947320664,220.0,0.0537109375,True,sector,,,321936748
10,12,1,0.0,0.476303,0.0,0.0,-0.594078,0.05224609375,0.0029296875,0.10587222775083838,0.009564919303172149,3503,Simplified BARK,14,0.00341796875,0.004171406772303188,220.0,0.0537109375,True,sector,,,321936748
10,12,1,0.0,0.476303,0.0,0.0,-0.594078,0.05224609375,0.0029296875,0.10587222775083838,0.009564919303172149,3503,Simplified BARK,18,0.00439453125,0.0003326714708036461,220.0,0.0537109375,True,sector,,,321936748
10,12,1,0.0,0.476303,0.0,0.0,-0.594078,0.05224609375,0.0029296875,0.10587222775083838,0.009564919303172149,3503,Simplified BARK,23,0.005615234375,0.0032358873448727205,220.0,0.0537109375,True,sector,,,321936748
10,12,1,0.0,0.476303,0.0,0.0,-0.594078,0.05224609375,0.0029296875,0.10587222775083838,0.009564919303172149,3503,Simplified BARK,31,0.007568359375,0.011109117603886613,220.0,0.0537109375,True,sector,,,321936748
10,12,1,0.0,0.476303,0.0,0.0,-0.594078,0.05224609375,0.0029296875,0.10587222775083838,0.009564919303172149,3503,Simplified BARK,40,0.009765625,0.03970641876324331,220.0,0.0537109375,True,sector,,,321936748
10,12,1,0.0,0.476303,0.0,0.0,-0.594078,0.05224609375,0.0029296875,0.10587222775083838,0.009564919303172149,3503,Simplified BARK,52,0.0126953125,0.08658283690896713,220.0,0.0537109375,True,sector,,,321936748
10,12,1,0.0,0.476303,0.0,0.0,-0.594078,0.05224609375,0.0029296875,0.10587222775083838,0.009564919303172149,3503,Simplified BARK,67,0.016357421875,0.06274913264378668,220.0,0.0537109375,True,sector,,,321936748
10,12,1,0.0,0.476303,0.0,0.0,-0.594078,0.05224609375,0.0029296875,0.10587222775083838,0.009564919303172149,3503,Simplified BARK,87,0.021240234375,0.2018348722501212,220.0,0.0537109375,True,sector,,,321936748
10,12,1,0.0,0.476303,0.0,0.0,-0.594078,0.05224609375,0.0029296875,0.10587222775083838,0.009564919303172149,3503,Simplified BARK,114,0.02783203125,0.3366659683195977,220.0,0.0537109375,True,sector,,,321936748
10,12,1,0.0,0.476303,0.0,0.0,-0.594078,0.05224609375,0.0029296875,0.10587222775083838,0.009564919303172149,3503,Simplified BARK,148,0.0361328125,0.7014160678565264,220.0,0.0537109375,True,sector,,,321936748
10,12,1,0.0,0.476303,0.0,0.0,-0.594078,0.05224609375,0.0029296875,0.10587222775083838,0.009564919303172149,3503,Simplified BARK,192,0.046875,0.9836996634818301,220.0,0.0537109375,True,sector,,,321936748
10,12,1,0.0,0.476303,0.0,0.0,-0.594078,0.05224609375,0.0029296875,0.10587222775083838,0.009564919303172149,3503,Simplified BARK,250,0.06103515625,0.9999999999999978,220.0,0.0537109375,True,sector,,,321936748
10,12,1,0.0,0.476303,0.0,0.0,-0.594078,0.05224609375,0.0029296875,0.10587222775083838,0.009564919303172149,3503,Simplified BARK,325,0.079345703125,0.9999999999999978,220.0,0.0537109375,True,sector,,,321936748
10,12,1,0.0,0.476303,0.0,0.0,-0.594078,0.05224609375,0.0029296875,0.10587222775083838,0.009564919303172149,3503,Simplified BARK,423,0.103271484375,0.9999999999999978,220.0,0.0537109375,True,sector,,,321936748
10,12,1,0.0,0.476303,0.0,0.0,-0.594078,0.05224609375,0.0029296875,0.10587222775083838,0.009564919303172149,3503,Simplified BARK,550,0.13427734375,0.9999999999999978,220.0,0.0537109375,True,sector,,,321936748
10,12,1,0.0,0.476303,0.0,0.0,-0.594078,0.05224609375,0.0029296875,0.10587222775083838,0.009564919303172149,3503,Simplified BARK,715,0.174560546875,0.9999999999999978,220.0,0.0537109375,True,sector,,,321936748
10,12,1,0.0,0.476303,0.0,0.0,-0.594078,0.05224609375,0.0029296875,0.10587222775083838,0.009564919303172149,3503,Simplified BARK,931,0.227294921875,0.9999999999999978,220.0,0.0537109375,True,sector,,,321936748
10,12,1,0.0,0.476303,0.0,0.0,-0.594078,0.05224609375,0.0029296875,0.10587222775083838,0.009564919303172149,3503,Simplified BARK,1210,0.29541015625,0.9999999999999978,220.0,0.0537109375,True,sector,,,321936748
10,12,1,0.0,0.476303,0.0,0.0,-0.594078,0.05224609375,0.0029296875,0.10587222775083838,0.009564919303172149,3503,Simplified BARK,1575,0.384521484375,0.9999999999999978,220.0,0.0537109375,True,sector,,,321936748
10,12,1,0.0,0.476303,0.0,0.0,-0.594078,0.05224609375,0.0029296875,0.10587222775083838,0.009564919303172149,3503,Simplified BARK,2048,0.5,0.9999999999999978,220.0,0.0537109375,True,sector,,,321936748
10,12,1,0.0,0.476303,0.0,0.0,-0.594078,0.05224609375,0.0029296875,0.10587222775083838,0.009564919303172149,3503,SKQD,1,0.000244140625,0.009564919303172149,220.0,0.0537109375,True,converged;converged;converged,0.02,1000.0,321936748
10,12,1,0.0,0.476303,0.0,0.0,-0.594078,0.05224609375,0.0029296875,0.10587222775083838,0.009564919303172149,3503,SKQD,2,0.00048828125,0.01220567259307361,220.0,0.0537109375,True,converged;converged;converged,0.02,1000.0,321936748
10,12,1,0.0,0.476303,0.0,0.0,-0.594078,0.05224609375,0.0029296875,0.10587222775083838,0.009564919303172149,3503,SKQD,3,0.000732421875,0.01220567259307361,220.0,0.0537109375,True,converged;converged;converged,0.02,1000.0,321936748
10,12,1,0.0,0.476303,0.0,0.0,-0.594078,0.05224609375,0.0029296875,0.10587222775083838,0.009564919303172149,3503,SKQD,4,0.0009765625,0.01220567259307361,220.0,0.0537109375,True,converged;converged;converged,0.02,1000.0,321936748
10,12,1,0.0,0.476303,0.0,0.0,-0.594078,0.05224609375,0.0029296875,0.10587222775083838,0.009564919303172149,3503,SKQD,5,0.001220703125,0.01220567259307361,220.0,0.0537109375,True,converged;converged;converged,0.02,1000.0,321936748
10,12,1,0.0,0.476303,0.0,0.0,-0.594078,0.05224609375,0.0029296875,0.10587222775083838,0.009564919303172149,3503,SKQD,6,0.00146484375,0.023605018721701402,220.0,0.0537109375,True,converged;converged;converged,0.02,1000.0,321936748
10,12,1,0.0,0.476303,0.0,0.0,-0.594078,0.05224609375,0.0029296875,0.10587222775083838,0.009564919303172149,3503,SKQD,8,0.001953125,0.04979391263115187,220.0,0.0537109375,True,converged;converged;converged,0.02,1000.0,321936748
10,12,1,0.0,0.476303,0.0,0.0,-0.594078,0.05224609375,0.0029296875,0.10587222775083838,0.009564919303172149,3503,SKQD,11,0.002685546875,0.05499147857748963,220.0,0.0537109375,True,converged;converged;converged,0.02,1000.0,321936748
10,12,1,0.0,0.476303,0.0,0.0,-0.594078,0.05224609375,0.0029296875,0.10587222775083838,0.009564919303172149,3503,SKQD,14,0.00341796875,0.07264927033166266,220.0,0.0537109375,True,converged;converged;converged,0.02,1000.0,321936748
10,12,1,0.0,0.476303,0.0,0.0,-0.594078,0.05224609375,0.0029296875,0.10587222775083838,0.009564919303172149,3503,SKQD,18,0.00439453125,0.08379602745296122,220.0,0.0537109375,True,converged;converged;converged,0.02,1000.0,321936748
10,12,1,0.0,0.476303,0.0,0.0,-0.594078,0.05224609375,0.0029296875,0.10587222775083838,0.009564919303172149,3503,SKQD,23,0.005615234375,0.12949731506585505,220.0,0.0537109375,True,converged;converged;converged,0.02,1000.0,321936748
10,12,1,0.0,0.476303,0.0,0.0,-0.594078,0.05224609375,0.0029296875,0.10587222775083838,0.009564919303172149,3503,SKQD,31,0.007568359375,0.18782079602420662,220.0,0.0537109375,True,converged;converged;converged,0.02,1000.0,321936748
10,12,1,0.0,0.476303,0.0,0.0,-0.594078,0.05224609375,0.0029296875,0.10587222775083838,0.009564919303172149,3503,SKQD,40,0.009765625,0.21448177188214557,220.0,0.0537109375,True,converged;converged;converged,0.02,1000.0,321936748
10,12,1,0.0,0.476303,0.0,0.0,-0.594078,0.05224609375,0.0029296875,0.10587222775083838,0.009564919303172149,3503,SKQD,52,0.0126953125,0.3070639535248801,220.0,0.0537109375,True,converged;converged;converged,0.02,1000.0,321936748
10,12,1,0.0,0.476303,0.0,0.0,-0.594078,0.05224609375,0.0029296875,0.10587222775083838,0.009564919303172149,3503,SKQD,67,0.016357421875,0.4005281676119358,220.0,0.0537109375,True,converged;converged;converged,0.02,1000.0,321936748
10,12,1,0.0,0.476303,0.0,0.0,-0.594078,0.05224609375,0.0029296875,0.10587222775083838,0.009564919303172149,3503,SKQD,87,0.021240234375,0.5233780243254392,220.0,0.0537109375,True,converged;converged;converged,0.02,1000.0,321936748
10,12,1,0.0,0.476303,0.0,0.0,-0.594078,0.05224609375,0.0029296875,0.10587222775083838,0.009564919303172149,3503,SKQD,114,0.02783203125,0.6791875876777337,220.0,0.0537109375,True,converged;converged;converged,0.02,1000.0,321936748
10,12,1,0.0,0.476303,0.0,0.0,-0.594078,0.05224609375,0.0029296875,0.10587222775083838,0.009564919303172149,3503,SKQD,148,0.0361328125,0.8271823337969271,220.0,0.0537109375,True,converged;converged;converged,0.02,1000.0,321936748
10,12,1,0.0,0.476303,0.0,0.0,-0.594078,0.05224609375,0.0029296875,0.10587222775083838,0.009564919303172149,3503,SKQD,192,0.046875,0.9614153814495855,220.0,0.0537109375,True,converged;converged;converged,0.02,1000.0,321936748
10,12,1,0.0,0.476303,0.0,0.0,-0.594078,0.05224609375,0.0029296875,0.10587222775083838,0.009564919303172149,3503,SKQD,250,0.06103515625,0.9999999999999977,220.0,0.0537109375,True,converged;converged;converged,0.02,1000.0,321936748
10,12,1,0.0,0.476303,0.0,0.0,-0.594078,0.05224609375,0.0029296875,0.10587222775083838,0.009564919303172149,3503,SKQD,325,0.079345703125,0.9999999999999977,220.0,0.0537109375,True,converged;converged;converged,0.02,1000.0,321936748
10,12,1,0.0,0.476303,0.0,0.0,-0.594078,0.05224609375,0.0029296875,0.10587222775083838,0.009564919303172149,3503,SKQD,423,0.103271484375,0.9999999999999977,220.0,0.0537109375,True,converged;converged;converged,0.02,1000.0,321936748
10,12,1,0.0,0.476303,0.0,0.0,-0.594078,0.05224609375,0.0029296875,0.10587222775083838,0.009564919303172149,3503,SKQD,550,0.13427734375,0.9999999999999977,220.0,0.0537109375,True,converged;converged;converged,0.02,1000.0,321936748
10,12,1,0.0,0.476303,0.0,0.0,-0.594078,0.05224609375,0.0029296875,0.10587222775083838,0.009564919303172149,3503,SKQD,715,0.174560546875,0.9999999999999977,220.0,0.0537109375,True,converged;converged;converged,0.02,1000.0,321936748
10,12,1,0.0,0.476303,0.0,0.0,-0.594078,0.05224609375,0.0029296875,0.10587222775083838,0.009564919303172149,3503,SKQD,931,0.227294921875,0.9999999999999977,220.0,0.0537109375,True,converged;converged;converged,0.02,1000.0,321936748
10,12,1,0.0,0.476303,0.0,0.0,-0.594078,0.05224609375,0.0029296875,0.10587222775083838,0.009564919303172149,3503,SKQD,1210,0.29541015625,0.9999999999999977,220.0,0.0537109375,True,converged;converged;converged,0.02,1000.0,321936748
10,12,1,0.0,0.476303,0.0,0.0,-0.594078,0.05224609375,0.0029296875,0.10587222775083838,0.009564919303172149,3503,SKQD,1575,0.384521484375,0.9999999999999977,220.0,0.0537109375,True,converged;converged;converged,0.02,1000.0,321936748
10,12,1,0.0,0.476303,0.0,0.0,-0.594078,0.05224609375,0.0029296875,0.10587222775083838,0.009564919303172149,3503,SKQD,2048,0.5,0.9999999999999977,220.0,0.0537109375,True,converged;converged;converged,0.02,1000.0,321936748
10,12,1,0.0,0.476303,0.0,0.0,-0.594078,0.05224609375,0.0029296875,0.10587222775083838,0.009564919303172149,3503,Ceiling,1,0.000244140625,0.0296405073764561,2048.0,0.5,False,,,,321936748
10,12,1,0.0,0.476303,0.0,0.0,-0.594078,0.05224609375,0.0029296875,0.10587222775083838,0.009564919303172149,3503,Ceiling,2,0.00048828125,0.05928101475291213,2048.0,0.5,False,,,,321936748
10,12,1,0.0,0.476303,0.0,0.0,-0.594078,0.05224609375,0.0029296875,0.10587222775083838,0.009564919303172149,3503,Ceiling,3,0.000732421875,0.08501249629488027,2048.0,0.5,False,,,,321936748
10,12,1,0.0,0.476303,0.0,0.0,-0.594078,0.05224609375,0.0029296875,0.10587222775083838,0.009564919303172149,3503,Ceiling,4,0.0009765625,0.11074397783684839,2048.0,0.5,False,,,,321936748
10,12,1,0.0,0.476303,0.0,0.0,-0.594078,0.05224609375,0.0029296875,0.10587222775083838,0.009564919303172149,3503,Ceiling,5,0.001220703125,0.13398309518297116,2048.0,0.5,False,,,,321936748
10,12,1,0.0,0.476303,0.0,0.0,-0.594078,0.05224609375,0.0029296875,0.10587222775083838,0.009564919303172149,3503,Ceiling,6,0.00146484375,0.15722221252909394,2048.0,0.5,False,,,,321936748
10,12,1,0.0,0.476303,0.0,0.0,-0.594078,0.05224609375,0.0029296875,0.10587222775083838,0.009564919303172149,3503,Ceiling,8,0.001953125,0.2015621296661771,2048.0,0.5,False,,,,321936748
10,12,1,0.0,0.476303,0.0,0.0,-0.594078,0.05224609375,0.0029296875,0.10587222775083838,0.009564919303172149,3503,Ceiling,11,0.002685546875,0.2610367590088428,2048.0,0.5,False,,,,321936748
10,12,1,0.0,0.476303,0.0,0.0,-0.594078,0.05224609375,0.0029296875,0.10587222775083838,0.009564919303172149,3503,Ceiling,14,0.00341796875,0.316595283434492,2048.0,0.5,False,,,,321936748
10,12,1,0.0,0.476303,0.0,0.0,-0.594078,0.05224609375,0.0029296875,0.10587222775083838,0.009564919303172149,3503,Ceiling,18,0.00439453125,0.38536434820588716,2048.0,0.5,False,,,,321936748
10,12,1,0.0,0.476303,0.0,0.0,-0.594078,0.05224609375,0.0029296875,0.10587222775083838,0.009564919303172149,3503,Ceiling,23,0.005615234375,0.45823985824988295,2048.0,0.5,False,,,,321936748
10,12,1,0.0,0.476303,0.0,0.0,-0.594078,0.05224609375,0.0029296875,0.10587222775083838,0.009564919303172149,3503,Ceiling,31,0.007568359375,0.5580082961372015,2048.0,0.5,False,,,,321936748
10,12,1,0.0,0.476303,0.0,0.0,-0.594078,0.05224609375,0.0029296875,0.10587222775083838,0.009564919303172149,3503,Ceiling,40,0.009765625,0.6367049395208997,2048.0,0.5,False,,,,321936748
10,12,1,0.0,0.476303,0.0,0.0,-0.594078,0.05224609375,0.0029296875,0.10587222775083838,0.009564919303172149,3503,Ceiling,52,0.0126953125,0.7220310831211154,2048.0,0.5,False,,,,321936748
10,12,1,0.0,0.476303,0.0,0.0,-0.594078,0.05224609375,0.0029296875,0.10587222775083838,0.009564919303172149,3503,Ceiling,67,0.016357421875,0.8036798825454099,2048.0,0.5,False,,,,321936748
10,12,1,0.0,0.476303,0.0,0.0,-0.594078,0.05224609375,0.0029296875,0.10587222775083838,0.009564919303172149,3503,Ceiling,87,0.021240234375,0.8829277023622168,2048.0,0.5,False,,,,321936748
10,12,1,0.0,0.476303,0.0,0.0,-0.594078,0.05224609375,0.0029296875,0.10587222775083838,0.009564919303172149,3503,Ceiling,114,0.02783203125,0.9496421456844525,2048.0,0.5,False,,,,321936748
10,12,1,0.0,0.476303,0.0,0.0,-0.594078,0.05224609375,0.0029296875,0.10587222775083838,0.009564919303172149,3503,Ceiling,148,0.0361328125,0.9869192539376271,2048.0,0.5,False,,,,321936748
10,12,1,0.0,0.476303,0.0,0.0,-0.594078,0.05224609375,0.0029296875,0.10587222775083838,0.009564919303172149,3503,Ceiling,192,0.046875,0.999583233017463,2048.0,0.5,False,,,,321936748
10,12,1,0.0,0.476303,0.0,0.0,-0.594078,0.05224609375,0.0029296875,0.10587222775083838,0.009564919303172149,3503,Ceiling,250,0.06103515625,0.9999999999999982,2048.0,0.5,False,,,,321936748
10,12,1,0.0,0.476303,0.0,0.0,-0.594078,0.05224609375,0.0029296875,0.10587222775083838,0.009564919303172149,3503,Ceiling,325,0.079345703125,0.9999999999999982,2048.0,0.5,False,,,,321936748
10,12,1,0.0,0.476303,0.0,0.0,-0.594078,0.05224609375,0.0029296875,0.10587222775083838,0.009564919303172149,3503,Ceiling,423,0.103271484375,0.9999999999999982,2048.0,0.5,False,,,,321936748
10,12,1,0.0,0.476303,0.0,0.0,-0.594078,0.05224609375,0.0029296875,0.10587222775083838,0.009564919303172149,3503,Ceiling,550,0.13427734375,0.9999999999999982,2048.0,0.5,False,,,,321936748
10,12,1,0.0,0.476303,0.0,0.0,-0.594078,0.05224609375,0.0029296875,0.10587222775083838,0.009564919303172149,3503,Ceiling,715,0.174560546875,0.9999999999999982,2048.0,0.5,False,,,,321936748
10,12,1,0.0,0.476303,0.0,0.0,-0.594078,0.05224609375,0.0029296875,0.10587222775083838,0.009564919303172149,3503,Ceiling,931,0.227294921875,0.9999999999999982,2048.0,0.5,False,,,,321936748
10,12,1,0.0,0.476303,0.0,0.0,-0.594078,0.05224609375,0.0029296875,0.10587222775083838,0.009564919303172149,3503,Ceiling,1210,0.29541015625,0.9999999999999982,2048.0,0.5,False,,,,321936748
10,12,1,0.0,0.476303,0.0,0.0,-0.594078,0.05224609375,0.0029296875,0.10587222775083838,0.009564919303172149,3503,Ceiling,1575,0.384521484375,0.9999999999999982,2048.0,0.5,False,,,,321936748
10,12,1,0.0,0.476303,0.0,0.0,-0.594078,0.05224609375,0.0029296875,0.10587222775083838,0.009564919303172149,3503,Ceiling,2048,0.5,0.9999999999999982,2048.0,0.5,False,,,,321936748
4,12,2,0.0,0.139088,0.0,0.0,-0.127075,0.120849609375,0.00439453125,0.0066366285373069545,0.0018272737613541055,3060,BARK,1,0.000244140625,0.0018272737613541055,495.0,0.120849609375,True,sector,,,309561926
4,12,2,0.0,0.139088,0.0,0.0,-0.127075,0.120849609375,0.00439453125,0.0066366285373069545,0.0018272737613541055,3060,BARK,2,0.00048828125,0.0025434571970975794,495.0,0.120849609375,True,sector,,,309561926
4,12,2,0.0,0.139088,0.0,0.0,-0.127075,0.120849609375,0.00439453125,0.0066366285373069545,0.0018272737613541055,3060,BARK,3,0.000732421875,0.0031517787328391813,495.0,0.120849609375,True,sector,,,309561926
4,12,2,0.0,0.139088,0.0,0.0,-0.127075,0.120849609375,0.00439453125,0.0066366285373069545,0.0018272737613541055,3060,BARK,4,0.0009765625,0.006007917126410261,495.0,0.120849609375,True,sector,,,309561926
4,12,2,0.0,0.139088,0.0,0.0,-0.127075,0.120849609375,0.00439453125,0.0066366285373069545,0.0018272737613541055,3060,BARK,5,0.001220703125,0.007125026405465929,495.0,0.120849609375,True,sector,,,309561926
4,12,2,0.0,0.139088,0.0,0.0,-0.127075,0.120849609375,0.00439453125,0.0066366285373069545,0.0018272737613541055,3060,BARK,6,0.00146484375,0.008844788350350357,495.0,0.120849609375,True,sector,,,309561926
4,12,2,0.0,0.139088,0.0,0.0,-0.127075,0.120849609375,0.00439453125,0.0066366285373069545,0.0018272737613541055,3060,BARK,8,0.001953125,0.010684541839598154,495.0,0.120849609375,True,sector,,,309561926
4,12,2,0.0,0.139088,0.0,0.0,-0.127075,0.120849609375,0.00439453125,0.0066366285373069545,0.0018272737613541055,3060,BARK,11,0.002685546875,0.01858306019835628,495.0,0.120849609375,True,sector,,,309561926
4,12,2,0.0,0.139088,0.0,0.0,-0.127075,0.120849609375,0.00439453125,0.0066366285373069545,0.0018272737613541055,3060,BARK,14,0.00341796875,0.0285435284077528,495.0,0.120849609375,True,sector,,,309561926
4,12,2,0.0,0.139088,0.0,0.0,-0.127075,0.120849609375,0.00439453125,0.0066366285373069545,0.0018272737613541055,3060,BARK,18,0.00439453125,0.04536623818877728,495.0,0.120849609375,True,sector,,,309561926
4,12,2,0.0,0.139088,0.0,0.0,-0.127075,0.120849609375,0.00439453125,0.0066366285373069545,0.0018272737613541055,3060,BARK,23,0.005615234375,0.05228023651974143,495.0,0.120849609375,True,sector,,,309561926
4,12,2,0.0,0.139088,0.0,0.0,-0.127075,0.120849609375,0.00439453125,0.0066366285373069545,0.0018272737613541055,3060,BARK,31,0.007568359375,0.0657703299255195,495.0,0.120849609375,True,sector,,,309561926
4,12,2,0.0,0.139088,0.0,0.0,-0.127075,0.120849609375,0.00439453125,0.0066366285373069545,0.0018272737613541055,3060,BARK,40,0.009765625,0.08078587710095399,495.0,0.120849609375,True,sector,,,309561926
4,12,2,0.0,0.139088,0.0,0.0,-0.127075,0.120849609375,0.00439453125,0.0066366285373069545,0.0018272737613541055,3060,BARK,52,0.0126953125,0.09711485865558536,495.0,0.120849609375,True,sector,,,309561926
4,12,2,0.0,0.139088,0.0,0.0,-0.127075,0.120849609375,0.00439453125,0.0066366285373069545,0.0018272737613541055,3060,BARK,67,0.016357421875,0.15314557920771887,495.0,0.120849609375,True,sector,,,309561926
4,12,2,0.0,0.139088,0.0,0.0,-0.127075,0.120849609375,0.00439453125,0.0066366285373069545,0.0018272737613541055,3060,BARK,87,0.021240234375,0.20378163708324473,495.0,0.120849609375,True,sector,,,309561926
4,12,2,0.0,0.139088,0.0,0.0,-0.127075,0.120849609375,0.00439453125,0.0066366285373069545,0.0018272737613541055,3060,BARK,114,0.02783203125,0.27728458838057635,495.0,0.120849609375,True,sector,,,309561926
4,12,2,0.0,0.139088,0.0,0.0,-0.127075,0.120849609375,0.00439453125,0.0066366285373069545,0.0018272737613541055,3060,BARK,148,0.0361328125,0.3605332200289638,495.0,0.120849609375,True,sector,,,309561926
4,12,2,0.0,0.139088,0.0,0.0,-0.127075,0.120849609375,0.00439453125,0.0066366285373069545,0.0018272737613541055,3060,BARK,192,0.046875,0.47022565972847724,495.0,0.120849609375,True,sector,,,309561926
4,12,2,0.0,0.139088,0.0,0.0,-0.127075,0.120849609375,0.00439453125,0.0066366285373069545,0.0018272737613541055,3060,BARK,250,0.06103515625,0.5866373848954155,495.0,0.120849609375,True,sector,,,309561926
4,12,2,0.0,0.139088,0.0,0.0,-0.127075,0.120849609375,0.00439453125,0.0066366285373069545,0.0018272737613541055,3060,BARK,325,0.079345703125,0.7268640308642182,495.0,0.120849609375,True,sector,,,309561926
4,12,2,0.0,0.139088,0.0,0.0,-0.127075,0.120849609375,0.00439453125,0.0066366285373069545,0.0018272737613541055,3060,BARK,423,0.103271484375,0.8828793319808415,495.0,0.120849609375,True,sector,,,309561926
4,12,2,0.0,0.139088,0.0,0.0,-0.127075,0.120849609375,0.00439453125,0.0066366285373069545,0.0018272737613541055,3060,BARK,550,0.13427734375,1.0000000000000018,495.0,0.120849609375,True,sector,,,309561926
4,12,2,0.0,0.139088,0.0,0.0,-0.127075,0.120849609375,0.00439453125,0.0066366285373069545,0.0018272737613541055,3060,BARK,715,0.174560546875,1.0000000000000018,495.0,0.120849609375,True,sector,,,309561926
4,12,2,0.0,0.139088,0.0,0.0,-0.127075,0.120849609375,0.00439453125,0.0066366285373069545,0.0018272737613541055,3060,BARK,931,0.227294921875,1.0000000000000018,495.0,0.120849609375,True,sector,,,309561926
4,12,2,0.0,0.139088,0.0,0.0,-0.127075,0.120849609375,0.00439453125,0.0066366285373069545,0.0018272737613541055,3060,BARK,1210,0.29541015625,1.0000000000000018,495.0,0.120849609375,True,sector,,,309561926
4,12,2,0.0,0.139088,0.0,0.0,-0.127075,0.120849609375,0.00439453125,0.0066366285373069545,0.0018272737613541055,3060,BARK,1575,0.384521484375,1.0000000000000018,495.0,0.120849609375,True,sector,,,309561926
4,12,2,0.0,0.139088,0.0,0.0,-0.127075,0.120849609375,0.00439453125,0.0066366285373069545,0.0018272737613541055,3060,BARK,2048,0.5,1.0000000000000018,495.0,0.120849609375,True,sector,,,309561926
4,12,2,0.0,0.139088,0.0,0.0,-0.127075,0.120849609375,0.00439453125,0.0066366285373069545,0.0018272737613541055,3060,Simplified BARK,1,0.000244140625,0.0018272737613541055,495.0,0.120849609375,True,sector,,,309561926
4,12,2,0.0,0.139088,0.0,0.0,-0.127075,0.120849609375,0.00439453125,0.0066366285373069545,0.0018272737613541055,3060,Simplified BARK,2,0.00048828125,0.0025434571970975794,495.0,0.120849609375,True,sector,,,309561926
4,12,2,0.0,0.139088,0.0,0.0,-0.127075,0.120849609375,0.00439453125,0.0066366285373069545,0.0018272737613541055,3060,Simplified BARK,3,0.000732421875,0.0031517787328391813,495.0,0.120849609375,True,sector,,,309561926
4,12,2,0.0,0.139088,0.0,0.0,-0.127075,0.120849609375,0.00439453125,0.0066366285373069545,0.0018272737613541055,3060,Simplified BARK,4,0.0009765625,0.004627711646969723,495.0,0.120849609375,True,sector,,,309561926
4,12,2,0.0,0.139088,0.0,0.0,-0.127075,0.120849609375,0.00439453125,0.0066366285373069545,0.0018272737613541055,3060,Simplified BARK,5,0.001220703125,0.006158932553180975,495.0,0.120849609375,True,sector,,,309561926
4,12,2,0.0,0.139088,0.0,0.0,-0.127075,0.120849609375,0.00439453125,0.0066366285373069545,0.0018272737613541055,3060,Simplified BARK,6,0.00146484375,0.006848064166227563,495.0,0.120849609375,True,sector,,,309561926
4,12,2,0.0,0.139088,0.0,0.0,-0.127075,0.120849609375,0.00439453125,0.0066366285373069545,0.0018272737613541055,3060,Simplified BARK,8,0.001953125,0.007231205851720812,495.0,0.120849609375,True,sector,,,309561926
4,12,2,0.0,0.139088,0.0,0.0,-0.127075,0.120849609375,0.00439453125,0.0066366285373069545,0.0018272737613541055,3060,Simplified BARK,11,0.002685546875,0.006727338578920719,495.0,0.120849609375,True,sector,,,309561926
4,12,2,0.0,0.139088,0.0,0.0,-0.127075,0.120849609375,0.00439453125,0.0066366285373069545,0.0018272737613541055,3060,Simplified BARK,14,0.00341796875,0.004704845729794591,495.0,0.120849609375,True,sector,,,309561926
4,12,2,0.0,0.139088,0.0,0.0,-0.127075,0.120849609375,0.00439453125,0.0066366285373069545,0.0018272737613541055,3060,Simplified BARK,18,0.00439453125,0.005366054536665532,495.0,0.120849609375,True,sector,,,309561926
4,12,2,0.0,0.139088,0.0,0.0,-0.127075,0.120849609375,0.00439453125,0.0066366285373069545,0.0018272737613541055,3060,Simplified BARK,23,0.005615234375,0.010604281599961607,495.0,0.120849609375,True,sector,,,309561926
4,12,2,0.0,0.139088,0.0,0.0,-0.127075,0.120849609375,0.00439453125,0.0066366285373069545,0.0018272737613541055,3060,Simplified BARK,31,0.007568359375,0.014085046403776976,495.0,0.120849609375,True,sector,,,309561926
4,12,2,0.0,0.139088,0.0,0.0,-0.127075,0.120849609375,0.00439453125,0.0066366285373069545,0.0018272737613541055,3060,Simplified BARK,40,0.009765625,0.025360206846553962,495.0,0.120849609375,True,sector,,,309561926
4,12,2,0.0,0.139088,0.0,0.0,-0.127075,0.120849609375,0.00439453125,0.0066366285373069545,0.0018272737613541055,3060,Simplified BARK,52,0.0126953125,0.04036255236990227,495.0,0.120849609375,True,sector,,,309561926
4,12,2,0.0,0.139088,0.0,0.0,-0.127075,0.120849609375,0.00439453125,0.0066366285373069545,0.0018272737613541055,3060,Simplified BARK,67,0.016357421875,0.05450981350239204,495.0,0.120849609375,True,sector,,,309561926
4,12,2,0.0,0.139088,0.0,0.0,-0.127075,0.120849609375,0.00439453125,0.0066366285373069545,0.0018272737613541055,3060,Simplified BARK,87,0.021240234375,0.11103001929770837,495.0,0.120849609375,True,sector,,,309561926
4,12,2,0.0,0.139088,0.0,0.0,-0.127075,0.120849609375,0.00439453125,0.0066366285373069545,0.0018272737613541055,3060,Simplified BARK,114,0.02783203125,0.16824525476313468,495.0,0.120849609375,True,sector,,,309561926
4,12,2,0.0,0.139088,0.0,0.0,-0.127075,0.120849609375,0.00439453125,0.0066366285373069545,0.0018272737613541055,3060,Simplified BARK,148,0.0361328125,0.22211990586401906,495.0,0.120849609375,True,sector,,,309561926
4,12,2,0.0,0.139088,0.0,0.0,-0.127075,0.120849609375,0.00439453125,0.0066366285373069545,0.0018272737613541055,3060,Simplified BARK,192,0.046875,0.29388342284942504,495.0,0.120849609375,True,sector,,,309561926
4,12,2,0.0,0.139088,0.0,0.0,-0.127075,0.120849609375,0.00439453125,0.0066366285373069545,0.0018272737613541055,3060,Simplified BARK,250,0.06103515625,0.4347643162242699,495.0,0.120849609375,True,sector,,,309561926
4,12,2,0.0,0.139088,0.0,0.0,-0.127075,0.120849609375,0.00439453125,0.0066366285373069545,0.0018272737613541055,3060,Simplified BARK,325,0.079345703125,0.6184402042599173,495.0,0.120849609375,True,sector,,,309561926
4,12,2,0.0,0.139088,0.0,0.0,-0.127075,0.120849609375,0.00439453125,0.0066366285373069545,0.0018272737613541055,3060,Simplified BARK,423,0.103271484375,0.8723112706668067,495.0,0.120849609375,True,sector,,,309561926
4,12,2,0.0,0.139088,0.0,0.0,-0.127075,0.120849609375,0.00439453125,0.0066366285373069545,0.0018272737613541055,3060,Simplified BARK,550,0.13427734375,1.0000000000000018,495.0,0.120849609375,True,sector,,,309561926
4,12,2,0.0,0.139088,0.0,0.0,-0.127075,0.120849609375,0.00439453125,0.0066366285373069545,0.0018272737613541055,3060,Simplified BARK,715,0.174560546875,1.0000000000000018,495.0,0.120849609375,True,sector,,,309561926
4,12,2,0.0,0.139088,0.0,0.0,-0.127075,0.120849609375,0.00439453125,0.0066366285373069545,0.0018272737613541055,3060,Simplified BARK,931,0.227294921875,1.0000000000000018,495.0,0.120849609375,True,sector,,,309561926
4,12,2,0.0,0.139088,0.0,0.0,-0.127075,0.120849609375,0.00439453125,0.0066366285373069545,0.0018272737613541055,3060,Simplified BARK,1210,0.29541015625,1.0000000000000018,495.0,0.120849609375,True,sector,,,309561926
4,12,2,0.0,0.139088,0.0,0.0,-0.127075,0.120849609375,0.00439453125,0.0066366285373069545,0.0018272737613541055,3060,Simplified BARK,1575,0.384521484375,1.0000000000000018,495.0,0.120849609375,True,sector,,,309561926
4,12,2,0.0,0.139088,0.0,0.0,-0.127075,0.120849609375,0.00439453125,0.0066366285373069545,0.0018272737613541055,3060,Simplified BARK,2048,0.5,1.0000000000000018,495.0,0.120849609375,True,sector,,,309561926
4,12,2,0.0,0.139088,0.0,0.0,-0.127075,0.120849609375,0.00439453125,0.0066366285373069545,0.0018272737613541055,3060,SKQD,1,0.000244140625,0.0018272737613541055,495.0,0.120849609375,True,converged;converged;converged,0.02,1000.0,309561926
4,12,2,0.0,0.139088,0.0,0.0,-0.127075,0.120849609375,0.00439453125,0.0066366285373069545,0.0018272737613541055,3060,SKQD,2,0.00048828125,0.00408269994569859,495.0,0.120849609375,True,converged;converged;converged,0.02,1000.0,309561926
4,12,2,0.0,0.139088,0.0,0.0,-0.127075,0.120849609375,0.00439453125,0.0066366285373069545,0.0018272737613541055,3060,SKQD,3,0.000732421875,0.00408269994569859,495.0,0.120849609375,True,converged;converged;converged,0.02,1000.0,309561926
4,12,2,0.0,0.139088,0.0,0.0,-0.127075,0.120849609375,0.00439453125,0.0066366285373069545,0.0018272737613541055,3060,SKQD,4,0.0009765625,0.007105757640218345,495.0,0.120849609375,True,converged;converged;converged,0.02,1000.0,309561926
4,12,2,0.0,0.139088,0.0,0.0,-0.127075,0.120849609375,0.00439453125,0.0066366285373069545,0.0018272737613541055,3060,SKQD,5,0.001220703125,0.007105757640218345,495.0,0.120849609375,True,converged;converged;converged,0.02,1000.0,309561926
4,12,2,0.0,0.139088,0.0,0.0,-0.127075,0.120849609375,0.00439453125,0.0066366285373069545,0.0018272737613541055,3060,SKQD,6,0.00146484375,0.011330340026068733,495.0,0.120849609375,True,converged;converged;converged,0.02,1000.0,309561926
4,12,2,0.0,0.139088,0.0,0.0,-0.127075,0.120849609375,0.00439453125,0.0066366285373069545,0.0018272737613541055,3060,SKQD,8,0.001953125,0.01299425741925618,495.0,0.120849609375,True,converged;converged;converged,0.02,1000.0,309561926
4,12,2,0.0,0.139088,0.0,0.0,-0.127075,0.120849609375,0.00439453125,0.0066366285373069545,0.0018272737613541055,3060,SKQD,11,0.002685546875,0.020601309959637448,495.0,0.120849609375,True,converged;converged;converged,0.02,1000.0,309561926
4,12,2,0.0,0.139088,0.0,0.0,-0.127075,0.120849609375,0.00439453125,0.0066366285373069545,0.0018272737613541055,3060,SKQD,14,0.00341796875,0.027469914274584718,495.0,0.120849609375,True,converged;converged;converged,0.02,1000.0,309561926
4,12,2,0.0,0.139088,0.0,0.0,-0.127075,0.120849609375,0.00439453125,0.0066366285373069545,0.0018272737613541055,3060,SKQD,18,0.00439453125,0.03239504941307466,495.0,0.120849609375,True,converged;converged;converged,0.02,1000.0,309561926
4,12,2,0.0,0.139088,0.0,0.0,-0.127075,0.120849609375,0.00439453125,0.0066366285373069545,0.0018272737613541055,3060,SKQD,23,0.005615234375,0.04010338200098434,495.0,0.120849609375,True,converged;converged;converged,0.02,1000.0,309561926
4,12,2,0.0,0.139088,0.0,0.0,-0.127075,0.120849609375,0.00439453125,0.0066366285373069545,0.0018272737613541055,3060,SKQD,31,0.007568359375,0.05236906142573752,495.0,0.120849609375,True,converged;converged;converged,0.02,1000.0,309561926
4,12,2,0.0,0.139088,0.0,0.0,-0.127075,0.120849609375,0.00439453125,0.0066366285373069545,0.0018272737613541055,3060,SKQD,40,0.009765625,0.07042069518329784,495.0,0.120849609375,True,converged;converged;converged,0.02,1000.0,309561926
4,12,2,0.0,0.139088,0.0,0.0,-0.127075,0.120849609375,0.00439453125,0.0066366285373069545,0.0018272737613541055,3060,SKQD,52,0.0126953125,0.08872677564877889,495.0,0.120849609375,True,converged;converged;converged,0.02,1000.0,309561926
4,12,2,0.0,0.139088,0.0,0.0,-0.127075,0.120849609375,0.00439453125,0.0066366285373069545,0.0018272737613541055,3060,SKQD,67,0.016357421875,0.12024275849244635,495.0,0.120849609375,True,converged;converged;converged,0.02,1000.0,309561926
4,12,2,0.0,0.139088,0.0,0.0,-0.127075,0.120849609375,0.00439453125,0.0066366285373069545,0.0018272737613541055,3060,SKQD,87,0.021240234375,0.1587965330191321,495.0,0.120849609375,True,converged;converged;converged,0.02,1000.0,309561926
4,12,2,0.0,0.139088,0.0,0.0,-0.127075,0.120849609375,0.00439453125,0.0066366285373069545,0.0018272737613541055,3060,SKQD,114,0.02783203125,0.23093983151678102,495.0,0.120849609375,True,converged;converged;converged,0.02,1000.0,309561926
4,12,2,0.0,0.139088,0.0,0.0,-0.127075,0.120849609375,0.00439453125,0.0066366285373069545,0.0018272737613541055,3060,SKQD,148,0.0361328125,0.2995754754593722,495.0,0.120849609375,True,converged;converged;converged,0.02,1000.0,309561926
4,12,2,0.0,0.139088,0.0,0.0,-0.127075,0.120849609375,0.00439453125,0.0066366285373069545,0.0018272737613541055,3060,SKQD,192,0.046875,0.390657266623985,495.0,0.120849609375,True,converged;converged;converged,0.02,1000.0,309561926
4,12,2,0.0,0.139088,0.0,0.0,-0.127075,0.120849609375,0.00439453125,0.0066366285373069545,0.0018272737613541055,3060,SKQD,250,0.06103515625,0.5267191189990221,495.0,0.120849609375,True,converged;converged;converged,0.02,1000.0,309561926
4,12,2,0.0,0.139088,0.0,0.0,-0.127075,0.120849609375,0.00439453125,0.0066366285373069545,0.0018272737613541055,3060,SKQD,325,0.079345703125,0.6885057112491424,495.0,0.120849609375,True,converged;converged;converged,0.02,1000.0,309561926
4,12,2,0.0,0.139088,0.0,0.0,-0.127075,0.120849609375,0.00439453125,0.0066366285373069545,0.0018272737613541055,3060,SKQD,423,0.103271484375,0.8916856784746138,495.0,0.120849609375,True,converged;converged;converged,0.02,1000.0,309561926
4,12,2,0.0,0.139088,0.0,0.0,-0.127075,0.120849609375,0.00439453125,0.0066366285373069545,0.0018272737613541055,3060,SKQD,550,0.13427734375,1.000000000000001,495.0,0.120849609375,True,converged;converged;converged,0.02,1000.0,309561926
4,12,2,0.0,0.139088,0.0,0.0,-0.127075,0.120849609375,0.00439453125,0.0066366285373069545,0.0018272737613541055,3060,SKQD,715,0.174560546875,1.000000000000001,495.0,0.120849609375,True,converged;converged;converged,0.02,1000.0,309561926
4,12,2,0.0,0.139088,0.0,0.0,-0.127075,0.120849609375,0.00439453125,0.0066366285373069545,0.0018272737613541055,3060,SKQD,931,0.227294921875,1.000000000000001,495.0,0.120849609375,True,converged;converged;converged,0.02,1000.0,309561926
4,12,2,0.0,0.139088,0.0,0.0,-0.127075,0.120849609375,0.00439453125,0.0066366285373069545,0.0018272737613541055,3060,SKQD,1210,0.29541015625,1.000000000000001,495.0,0.120849609375,True,converged;converged;converged,0.02,1000.0,309561926
4,12,2,0.0,0.139088,0.0,0.0,-0.127075,0.120849609375,0.00439453125,0.0066366285373069545,0.0018272737613541055,3060,SKQD,1575,0.384521484375,1.000000000000001,495.0,0.120849609375,True,converged;converged;converged,0.02,1000.0,309561926
4,12,2,0.0,0.139088,0.0,0.0,-0.127075,0.120849609375,0.00439453125,0.0066366285373069545,0.0018272737613541055,3060,SKQD,2048,0.5,1.000000000000001,495.0,0.120849609375,True,converged;converged;converged,0.02,1000.0,309561926
4,12,2,0.0,0.139088,0.0,0.0,-0.127075,0.120849609375,0.00439453125,0.0066366285373069545,0.0018272737613541055,3060,Ceiling,1,0.000244140625,0.00936801142702855,2048.0,0.5,False,,,,309561926
4,12,2,0.0,0.139088,0.0,0.0,-0.127075,0.120849609375,0.00439453125,0.0066366285373069545,0.0018272737613541055,3060,Ceiling,2,0.00048828125,0.018736022854057087,2048.0,0.5,False,,,,309561926
4,12,2,0.0,0.139088,0.0,0.0,-0.127075,0.120849609375,0.00439453125,0.0066366285373069545,0.0018272737613541055,3060,Ceiling,3,0.000732421875,0.026349605228540865,2048.0,0.5,False,,,,309561926
4,12,2,0.0,0.139088,0.0,0.0,-0.127075,0.120849609375,0.00439453125,0.0066366285373069545,0.0018272737613541055,3060,Ceiling,4,0.0009765625,0.03396318760302462,2048.0,0.5,False,,,,309561926
4,12,2,0.0,0.139088,0.0,0.0,-0.127075,0.120849609375,0.00439453125,0.0066366285373069545,0.0018272737613541055,3060,Ceiling,5,0.001220703125,0.04054576872287531,2048.0,0.5,False,,,,309561926
4,12,2,0.0,0.139088,0.0,0.0,-0.127075,0.120849609375,0.00439453125,0.0066366285373069545,0.0018272737613541055,3060,Ceiling,6,0.00146484375,0.047128349842726,2048.0,0.5,False,,,,309561926
4,12,2,0.0,0.139088,0.0,0.0,-0.127075,0.120849609375,0.00439453125,0.0066366285373069545,0.0018272737613541055,3060,Ceiling,8,0.001953125,0.06029351208242738,2048.0,0.5,False,,,,309561926
4,12,2,0.0,0.139088,0.0,0.0,-0.127075,0.120849609375,0.00439453125,0.0066366285373069545,0.0018272737613541055,3060,Ceiling,11,0.002685546875,0.07899839720759275,2048.0,0.5,False,,,,309561926
4,12,2,0.0,0.139088,0.0,0.0,-0.127075,0.120849609375,0.00439453125,0.0066366285373069545,0.0018272737613541055,3060,Ceiling,14,0.00341796875,0.09770188809038147,2048.0,0.5,False,,,,309561926
4,12,2,0.0,0.139088,0.0,0.0,-0.127075,0.120849609375,0.00439453125,0.0066366285373069545,0.0018272737613541055,3060,Ceiling,18,0.00439453125,0.12246443219070227,2048.0,0.5,False,,,,309561926
4,12,2,0.0,0.139088,0.0,0.0,-0.127075,0.120849609375,0.00439453125,0.0066366285373069545,0.0018272737613541055,3060,Ceiling,23,0.005615234375,0.1526708556105405,2048.0,0.5,False,,,,309561926
4,12,2,0.0,0.139088,0.0,0.0,-0.127075,0.120849609375,0.00439453125,0.0066366285373069545,0.0018272737613541055,3060,Ceiling,31,0.007568359375,0.19744872642075217,2048.0,0.5,False,,,,309561926
4,12,2,0.0,0.139088,0.0,0.0,-0.127075,0.120849609375,0.00439453125,0.0066366285373069545,0.0018272737613541055,3060,Ceiling,40,0.009765625,0.24310206687521502,2048.0,0.5,False,,,,309561926
4,12,2,0.0,0.139088,0.0,0.0,-0.127075,0.120849609375,0.00439453125,0.0066366285373069545,0.0018272737613541055,3060,Ceiling,52,0.0126953125,0.2960091514089671,2048.0,0.5,False,,,,309561926
4,12,2,0.0,0.139088,0.0,0.0,-0.127075,0.120849609375,0.00439453125,0.0066366285373069545,0.0018272737613541055,3060,Ceiling,67,0.016357421875,0.35722166078064266,2048.0,0.5,False,,,,309561926
4,12,2,0.0,0.139088,0.0,0.0,-0.127075,0.120849609375,0.00439453125,0.0066366285373069545,0.0018272737613541055,3060,Ceiling,87,0.021240234375,0.42559100741659317,2048.0,0.5,False,,,,309561926
4,12,2,0.0,0.139088,0.0,0.0,-0.127075,0.120849609375,0.00439453125,0.0066366285373069545,0.0018272737613541055,3060,Ceiling,114,0.02783203125,0.5069304390969928,2048.0,0.5,False,,,,309561926
4,12,2,0.0,0.139088,0.0,0.0,-0.127075,0.120849609375,0.00439453125,0.0066366285373069545,0.0018272737613541055,3060,Ceiling,148,0.0361328125,0.5972862225822738,2048.0,0.5,False,,,,309561926
4,12,2,0.0,0.139088,0.0,0.0,-0.127075,0.120849609375,0.00439453125,0.0066366285373069545,0.0018272737613541055,3060,Ceiling,192,0.046875,0.6978663474001122,2048.0,0.5,False,,,,309561926
4,12,2,0.0,0.139088,0.0,0.0,-0.127075,0.120849609375,0.00439453125,0.0066366285373069545,0.0018272737613541055,3060,Ceiling,250,0.06103515625,0.8093169919742417,2048.0,0.5,False,,,,309561926
4,12,2,0.0,0.139088,0.0,0.0,-0.127075,0.120849609375,0.00439453125,0.0066366285373069545,0.0018272737613541055,3060,Ceiling,325,0.079345703125,0.9069763089013405,2048.0,0.5,False,,,,309561926
4,12,2,0.0,0.139088,0.0,0.0,-0.127075,0.120849609375,0.00439453125,0.0066366285373069545,0.0018272737613541055,3060,Ceiling,423,0.103271484375,0.9810420790834316,2048.0,0.5,False,,,,309561926
4,12,2,0.0,0.139088,0.0,0.0,-0.127075,0.120849609375,0.00439453125,0.0066366285373069545,0.0018272737613541055,3060,Ceiling,550,0.13427734375,1.0000000000000004,2048.0,0.5,False,,,,309561926
4,12,2,0.0,0.139088,0.0,0.0,-0.127075,0.120849609375,0.00439453125,0.0066366285373069545,0.0018272737613541055,3060,Ceiling,715,0.174560546875,1.0000000000000004,2048.0,0.5,False,,,,309561926
4,12,2,0.0,0.139088,0.0,0.0,-0.127075,0.120849609375,0.00439453125,0.0066366285373069545,0.0018272737613541055,3060,Ceiling,931,0.227294921875,1.0000000000000004,2048.0,0.5,False,,,,309561926
4,12,2,0.0,0.139088,0.0,0.0,-0.127075,0.120849609375,0.00439453125,0.0066366285373069545,0.0018272737613541055,3060,Ceiling,1210,0.29541015625,1.0000000000000004,2048.0,0.5,False,,,,309561926
4,12,2,0.0,0.139088,0.0,0.0,-0.127075,0.120849609375,0.00439453125,0.0066366285373069545,0.0018272737613541055,3060,Ceiling,1575,0.384521484375,1.0000000000000004,2048.0,0.5,False,,,,309561926
4,12,2,0.0,0.139088,0.0,0.0,-0.127075,0.120849609375,0.00439453125,0.0066366285373069545,0.0018272737613541055,3060,Ceiling,2048,0.5,1.0000000000000004,2048.0,0.5,False,,,,309561926
4,12,2,0.0,0.139088,0.0,0.0,-0.127075,0.120849609375,0.00439453125,0.0066366285373069545,0.001387664409068193,3167,BARK,1,0.000244140625,0.001387664409068193,495.0,0.120849609375,True,sector,,,309561926
4,12,2,0.0,0.139088,0.0,0.0,-0.127075,0.120849609375,0.00439453125,0.0066366285373069545,0.001387664409068193,3167,BARK,2,0.00048828125,0.00190423382212134,495.0,0.120849609375,True,sector,,,309561926
4,12,2,0.0,0.139088,0.0,0.0,-0.127075,0.120849609375,0.00439453125,0.0066366285373069545,0.001387664409068193,3167,BARK,3,0.000732421875,0.0029256096018994114,495.0,0.120849609375,True,sector,,,309561926
4,12,2,0.0,0.139088,0.0,0.0,-0.127075,0.120849609375,0.00439453125,0.0066366285373069545,0.001387664409068193,3167,BARK,4,0.0009765625,0.006941172496876807,495.0,0.120849609375,True,sector,,,309561926
4,12,2,0.0,0.139088,0.0,0.0,-0.127075,0.120849609375,0.00439453125,0.0066366285373069545,0.001387664409068193,3167,BARK,5,0.001220703125,0.008908845257557316,495.0,0.120849609375,True,sector,,,309561926
4,12,2,0.0,0.139088,0.0,0.0,-0.127075,0.120849609375,0.00439453125,0.0066366285373069545,0.001387664409068193,3167,BARK,6,0.00146484375,0.01226552922441837,495.0,0.120849609375,True,sector,,,309561926
4,12,2,0.0,0.139088,0.0,0.0,-0.127075,0.120849609375,0.00439453125,0.0066366285373069545,0.001387664409068193,3167,BARK,8,0.001953125,0.014672931040028607,495.0,0.120849609375,True,sector,,,309561926
4,12,2,0.0,0.139088,0.0,0.0,-0.127075,0.120849609375,0.00439453125,0.0066366285373069545,0.001387664409068193,3167,BARK,11,0.002685546875,0.02388491235461791,495.0,0.120849609375,True,sector,,,309561926
4,12,2,0.0,0.139088,0.0,0.0,-0.127075,0.120849609375,0.00439453125,0.0066366285373069545,0.001387664409068193,3167,BARK,14,0.00341796875,0.02901405304593942,495.0,0.120849609375,True,sector,,,309561926
4,12,2,0.0,0.139088,0.0,0.0,-0.127075,0.120849609375,0.00439453125,0.0066366285373069545,0.001387664409068193,3167,BARK,18,0.00439453125,0.02995630247084451,495.0,0.120849609375,True,sector,,,309561926
4,12,2,0.0,0.139088,0.0,0.0,-0.127075,0.120849609375,0.00439453125,0.0066366285373069545,0.001387664409068193,3167,BARK,23,0.005615234375,0.038897927246455424,495.0,0.120849609375,True,sector,,,309561926
4,12,2,0.0,0.139088,0.0,0.0,-0.127075,0.120849609375,0.00439453125,0.0066366285373069545,0.001387664409068193,3167,BARK,31,0.007568359375,0.06703184941660731,495.0,0.120849609375,True,sector,,,309561926
4,12,2,0.0,0.139088,0.0,0.0,-0.127075,0.120849609375,0.00439453125,0.0066366285373069545,0.001387664409068193,3167,BARK,40,0.009765625,0.0794579146352873,495.0,0.120849609375,True,sector,,,309561926
4,12,2,0.0,0.139088,0.0,0.0,-0.127075,0.120849609375,0.00439453125,0.0066366285373069545,0.001387664409068193,3167,BARK,52,0.0126953125,0.10098315162926796,495.0,0.120849609375,True,sector,,,309561926
4,12,2,0.0,0.139088,0.0,0.0,-0.127075,0.120849609375,0.00439453125,0.0066366285373069545,0.001387664409068193,3167,BARK,67,0.016357421875,0.1389370289972079,495.0,0.120849609375,True,sector,,,309561926
4,12,2,0.0,0.139088,0.0,0.0,-0.127075,0.120849609375,0.00439453125,0.0066366285373069545,0.001387664409068193,3167,BARK,87,0.021240234375,0.1927346968479674,495.0,0.120849609375,True,sector,,,309561926
4,12,2,0.0,0.139088,0.0,0.0,-0.127075,0.120849609375,0.00439453125,0.0066366285373069545,0.001387664409068193,3167,BARK,114,0.02783203125,0.2851188191193843,495.0,0.120849609375,True,sector,,,309561926
4,12,2,0.0,0.139088,0.0,0.0,-0.127075,0.120849609375,0.00439453125,0.0066366285373069545,0.001387664409068193,3167,BARK,148,0.0361328125,0.3498487506421725,495.0,0.120849609375,True,sector,,,309561926
4,12,2,0.0,0.139088,0.0,0.0,-0.127075,0.120849609375,0.00439453125,0.0066366285373069545,0.001387664409068193,3167,BARK,192,0.046875,0.44465669932392826,495.0,0.120849609375,True,sector,,,309561926
4,12,2,0.0,0.139088,0.0,0.0,-0.127075,0.120849609375,0.00439453125,0.0066366285373069545,0.001387664409068193,3167,BARK,250,0.06103515625,0.5786586617918574,495.0,0.120849609375,True,sector,,,309561926
4,12,2,0.0,0.139088,0.0,0.0,-0.127075,0.120849609375,0.00439453125,0.0066366285373069545,0.001387664409068193,3167,BARK,325,0.079345703125,0.7480482211140764,495.0,0.120849609375,True,sector,,,309561926
4,12,2,0.0,0.139088,0.0,0.0,-0.127075,0.120849609375,0.00439453125,0.0066366285373069545,0.001387664409068193,3167,BARK,423,0.103271484375,0.9511805249145615,495.0,0.120849609375,True,sector,,,309561926
4,12,2,0.0,0.139088,0.0,0.0,-0.127075,0.120849609375,0.00439453125,0.0066366285373069545,0.001387664409068193,3167,BARK,550,0.13427734375,1.0000000000000022,495.0,0.120849609375,True,sector,,,309561926
4,12,2,0.0,0.139088,0.0,0.0,-0.127075,0.120849609375,0.00439453125,0.0066366285373069545,0.001387664409068193,3167,BARK,715,0.174560546875,1.0000000000000022,495.0,0.120849609375,True,sector,,,309561926
4,12,2,0.0,0.139088,0.0,0.0,-0.127075,0.120849609375,0.00439453125,0.0066366285373069545,0.001387664409068193,3167,BARK,931,0.227294921875,1.0000000000000022,495.0,0.120849609375,True,sector,,,309561926
4,12,2,0.0,0.139088,0.0,0.0,-0.127075,0.120849609375,0.00439453125,0.0066366285373069545,0.001387664409068193,3167,BARK,1210,0.29541015625,1.0000000000000022,495.0,0.120849609375,True,sector,,,309561926
4,12,2,0.0,0.139088,0.0,0.0,-0.127075,0.120849609375,0.00439453125,0.0066366285373069545,0.001387664409068193,3167,BARK,1575,0.384521484375,1.0000000000000022,495.0,0.120849609375,True,sector,,,309561926
4,12,2,0.0,0.139088,0.0,0.0,-0.127075,0.120849609375,0.00439453125,0.0066366285373069545,0.001387664409068193,3167,BARK,2048,0.5,1.0000000000000022,495.0,0.120849609375,True,sector,,,309561926
4,12,2,0.0,0.139088,0.0,0.0,-0.127075,0.120849609375,0.00439453125,0.0066366285373069545,0.001387664409068193,3167,Simplified BARK,1,0.000244140625,0.001387664409068193,495.0,0.120849609375,True,sector,,,309561926
4,12,2,0.0,0.139088,0.0,0.0,-0.127075,0.120849609375,0.00439453125,0.0066366285373069545,0.001387664409068193,3167,Simplified BARK,2,0.00048828125,0.00190423382212134,495.0,0.120849609375,True,sector,,,309561926
4,12,2,0.0,0.139088,0.0,0.0,-0.127075,0.120849609375,0.00439453125,0.0066366285373069545,0.001387664409068193,3167,Simplified BARK,3,0.000732421875,0.0029256096018994114,495.0,0.120849609375,True,sector,,,309561926
4,12,2,0.0,0.139088,0.0,0.0,-0.127075,0.120849609375,0.00439453125,0.0066366285373069545,0.001387664409068193,3167,Simplified BARK,4,0.0009765625,0.0031215660074922534,495.0,0.120849609375,True,sector,,,309561926
4,12,2,0.0,0.139088,0.0,0.0,-0.127075,0.120849609375,0.00439453125,0.0066366285373069545,0.001387664409068193,3167,Simplified BARK,5,0.001220703125,0.0035598054390705712,495.0,0.120849609375,True,sector,,,309561926
4,12,2,0.0,0.139088,0.0,0.0,-0.127075,0.120849609375,0.00439453125,0.0066366285373069545,0.001387664409068193,3167,Simplified BARK,6,0.00146484375,0.003757042167158898,495.0,0.120849609375,True,sector,,,309561926
4,12,2,0.0,0.139088,0.0,0.0,-0.127075,0.120849609375,0.00439453125,0.0066366285373069545,0.001387664409068193,3167,Simplified BARK,8,0.001953125,0.004143253346643479,495.0,0.120849609375,True,sector,,,309561926
4,12,2,0.0,0.139088,0.0,0.0,-0.127075,0.120849609375,0.00439453125,0.0066366285373069545,0.001387664409068193,3167,Simplified BARK,11,0.002685546875,0.005526314685540119,495.0,0.120849609375,True,sector,,,309561926
4,12,2,0.0,0.139088,0.0,0.0,-0.127075,0.120849609375,0.00439453125,0.0066366285373069545,0.001387664409068193,3167,Simplified BARK,14,0.00341796875,0.006896611444248364,495.0,0.120849609375,True,sector,,,309561926
4,12,2,0.0,0.139088,0.0,0.0,-0.127075,0.120849609375,0.00439453125,0.0066366285373069545,0.001387664409068193,3167,Simplified BARK,18,0.00439453125,0.01096042423559093,495.0,0.120849609375,True,sector,,,309561926
4,12,2,0.0,0.139088,0.0,0.0,-0.127075,0.120849609375,0.00439453125,0.0066366285373069545,0.001387664409068193,3167,Simplified BARK,23,0.005615234375,0.012656477197923543,495.0,0.120849609375,True,sector,,,309561926
4,12,2,0.0,0.139088,0.0,0.0,-0.127075,0.120849609375,0.00439453125,0.0066366285373069545,0.001387664409068193,3167,Simplified BARK,31,0.007568359375,0.015561779754782809,495.0,0.120849609375,True,sector,,,309561926
4,12,2,0.0,0.139088,0.0,0.0,-0.127075,0.120849609375,0.00439453125,0.0066366285373069545,0.001387664409068193,3167,Simplified BARK,40,0.009765625,0.03266773677801293,495.0,0.120849609375,True,sector,,,309561926
4,12,2,0.0,0.139088,0.0,0.0,-0.127075,0.120849609375,0.00439453125,0.0066366285373069545,0.001387664409068193,3167,Simplified BARK,52,0.0126953125,0.042581604153717055,495.0,0.120849609375,True,sector,,,309561926
4,12,2,0.0,0.139088,0.0,0.0,-0.127075,0.120849609375,0.00439453125,0.0066366285373069545,0.001387664409068193,3167,Simplified BARK,67,0.016357421875,0.06542564846979224,495.0,0.120849609375,True,sector,,,309561926
4,12,2,0.0,0.139088,0.0,0.0,-0.127075,0.120849609375,0.00439453125,0.0066366285373069545,0.001387664409068193,3167,Simplified BARK,87,0.021240234375,0.11181289234184053,495.0,0.120849609375,True,sector,,,309561926
4,12,2,0.0,0.139088,0.0,0.0,-0.127075,0.120849609375,0.00439453125,0.0066366285373069545,0.001387664409068193,3167,Simplified BARK,114,0.02783203125,0.1684422248224894,495.0,0.120849609375,True,sector,,,309561926
4,12,2,0.0,0.139088,0.0,0.0,-0.127075,0.120849609375,0.00439453125,0.0066366285373069545,0.001387664409068193,3167,Simplified BARK,148,0.0361328125,0.22887512581995564,495.0,0.120849609375,True,sector,,,309561926
4,12,2,0.0,0.139088,0.0,0.0,-0.127075,0.120849609375,0.00439453125,0.0066366285373069545,0.001387664409068193,3167,Simplified BARK,192,0.046875,0.29386635854212934,495.0,0.120849609375,True,sector,,,309561926
4,12,2,0.0,0.139088,0.0,0.0,-0.127075,0.120849609375,0.00439453125,0.0066366285373069545,0.001387664409068193,3167,Simplified BARK,250,0.06103515625,0.4353245709157177,495.0,0.120849609375,True,sector,,,309561926
4,12,2,0.0,0.139088,0.0,0.0,-0.127075,0.120849609375,0.00439453125,0.0066366285373069545,0.001387664409068193,3167,Simplified BARK,325,0.079345703125,0.6184402042599171,495.0,0.120849609375,True,sector,,,309561926
4,12,2,0.0,0.139088,0.0,0.0,-0.127075,0.120849609375,0.00439453125,0.0066366285373069545,0.001387664409068193,3167,Simplified BARK,423,0.103271484375,0.8723112706668067,495.0,0.120849609375,True,sector,,,309561926
4,12,2,0.0,0.139088,0.0,0.0,-0.127075,0.120849609375,0.00439453125,0.0066366285373069545,0.001387664409068193,3167,Simplified BARK,550,0.13427734375,1.0000000000000022,495.0,0.120849609375,True,sector,,,309561926
4,12,2,0.0,0.139088,0.0,0.0,-0.127075,0.120849609375,0.00439453125,0.0066366285373069545,0.001387664409068193,3167,Simplified BARK,715,0.174560546875,1.0000000000000022,495.0,0.120849609375,True,sector,,,309561926
4,12,2,0.0,0.139088,0.0,0.0,-0.127075,0.120849609375,0.00439453125,0.0066366285373069545,0.001387664409068193,3167,Simplified BARK,931,0.227294921875,1.0000000000000022,495.0,0.120849609375,True,sector,,,309561926
4,12,2,0.0,0.139088,0.0,0.0,-0.127075,0.120849609375,0.00439453125,0.0066366285373069545,0.001387664409068193,3167,Simplified BARK,1210,0.29541015625,1.0000000000000022,495.0,0.120849609375,True,sector,,,309561926
4,12,2,0.0,0.139088,0.0,0.0,-0.127075,0.120849609375,0.00439453125,0.0066366285373069545,0.001387664409068193,3167,Simplified BARK,1575,0.384521484375,1.0000000000000022,495.0,0.120849609375,True,sector,,,309561926
4,12,2,0.0,0.139088,0.0,0.0,-0.127075,0.120849609375,0.00439453125,0.0066366285373069545,0.001387664409068193,3167,Simplified BARK,2048,0.5,1.0000000000000022,495.0,0.120849609375,True,sector,,,309561926
4,12,2,0.0,0.139088,0.0,0.0,-0.127075,0.120849609375,0.00439453125,0.0066366285373069545,0.001387664409068193,3167,SKQD,1,0.000244140625,0.001387664409068193,495.0,0.120849609375,True,converged;converged;converged,0.02,1000.0,309561926
4,12,2,0.0,0.139088,0.0,0.0,-0.127075,0.120849609375,0.00439453125,0.0066366285373069545,0.001387664409068193,3167,SKQD,2,0.00048828125,0.002815549527638114,495.0,0.120849609375,True,converged;converged;converged,0.02,1000.0,309561926
4,12,2,0.0,0.139088,0.0,0.0,-0.127075,0.120849609375,0.00439453125,0.0066366285373069545,0.001387664409068193,3167,SKQD,3,0.000732421875,0.00316550978435859,495.0,0.120849609375,True,converged;converged;converged,0.02,1000.0,309561926
4,12,2,0.0,0.139088,0.0,0.0,-0.127075,0.120849609375,0.00439453125,0.0066366285373069545,0.001387664409068193,3167,SKQD,4,0.0009765625,0.004039171764208146,495.0,0.120849609375,True,converged;converged;converged,0.02,1000.0,309561926
4,12,2,0.0,0.139088,0.0,0.0,-0.127075,0.120849609375,0.00439453125,0.0066366285373069545,0.001387664409068193,3167,SKQD,5,0.001220703125,0.006412069531104466,495.0,0.120849609375,True,converged;converged;converged,0.02,1000.0,309561926
4,12,2,0.0,0.139088,0.0,0.0,-0.127075,0.120849609375,0.00439453125,0.0066366285373069545,0.001387664409068193,3167,SKQD,6,0.00146484375,0.006412069531104466,495.0,0.120849609375,True,converged;converged;converged,0.02,1000.0,309561926
4,12,2,0.0,0.139088,0.0,0.0,-0.127075,0.120849609375,0.00439453125,0.0066366285373069545,0.001387664409068193,3167,SKQD,8,0.001953125,0.008640325229480378,495.0,0.120849609375,True,converged;converged;converged,0.02,1000.0,309561926
4,12,2,0.0,0.139088,0.0,0.0,-0.127075,0.120849609375,0.00439453125,0.0066366285373069545,0.001387664409068193,3167,SKQD,11,0.002685546875,0.01470718837630563,495.0,0.120849609375,True,converged;converged;converged,0.02,1000.0,309561926
4,12,2,0.0,0.139088,0.0,0.0,-0.127075,0.120849609375,0.00439453125,0.0066366285373069545,0.001387664409068193,3167,SKQD,14,0.00341796875,0.01906806102329884,495.0,0.120849609375,True,converged;converged;converged,0.02,1000.0,309561926
4,12,2,0.0,0.139088,0.0,0.0,-0.127075,0.120849609375,0.00439453125,0.0066366285373069545,0.001387664409068193,3167,SKQD,18,0.00439453125,0.025809141032989324,495.0,0.120849609375,True,converged;converged;converged,0.02,1000.0,309561926
4,12,2,0.0,0.139088,0.0,0.0,-0.127075,0.120849609375,0.00439453125,0.0066366285373069545,0.001387664409068193,3167,SKQD,23,0.005615234375,0.03311795157340971,495.0,0.120849609375,True,converged;converged;converged,0.02,1000.0,309561926
4,12,2,0.0,0.139088,0.0,0.0,-0.127075,0.120849609375,0.00439453125,0.0066366285373069545,0.001387664409068193,3167,SKQD,31,0.007568359375,0.04585767301479408,495.0,0.120849609375,True,converged;converged;converged,0.02,1000.0,309561926
4,12,2,0.0,0.139088,0.0,0.0,-0.127075,0.120849609375,0.00439453125,0.0066366285373069545,0.001387664409068193,3167,SKQD,40,0.009765625,0.061174170977684496,495.0,0.120849609375,True,converged;converged;converged,0.02,1000.0,309561926
4,12,2,0.0,0.139088,0.0,0.0,-0.127075,0.120849609375,0.00439453125,0.0066366285373069545,0.001387664409068193,3167,SKQD,52,0.0126953125,0.0817276579250842,495.0,0.120849609375,True,converged;converged;converged,0.02,1000.0,309561926
4,12,2,0.0,0.139088,0.0,0.0,-0.127075,0.120849609375,0.00439453125,0.0066366285373069545,0.001387664409068193,3167,SKQD,67,0.016357421875,0.11435180183663951,495.0,0.120849609375,True,converged;converged;converged,0.02,1000.0,309561926
4,12,2,0.0,0.139088,0.0,0.0,-0.127075,0.120849609375,0.00439453125,0.0066366285373069545,0.001387664409068193,3167,SKQD,87,0.021240234375,0.14453703177273283,495.0,0.120849609375,True,converged;converged;converged,0.02,1000.0,309561926
4,12,2,0.0,0.139088,0.0,0.0,-0.127075,0.120849609375,0.00439453125,0.0066366285373069545,0.001387664409068193,3167,SKQD,114,0.02783203125,0.20664408580116078,495.0,0.120849609375,True,converged;converged;converged,0.02,1000.0,309561926
4,12,2,0.0,0.139088,0.0,0.0,-0.127075,0.120849609375,0.00439453125,0.0066366285373069545,0.001387664409068193,3167,SKQD,148,0.0361328125,0.2805295175100045,495.0,0.120849609375,True,converged;converged;converged,0.02,1000.0,309561926
4,12,2,0.0,0.139088,0.0,0.0,-0.127075,0.120849609375,0.00439453125,0.0066366285373069545,0.001387664409068193,3167,SKQD,192,0.046875,0.3847103791620721,495.0,0.120849609375,True,converged;converged;converged,0.02,1000.0,309561926
4,12,2,0.0,0.139088,0.0,0.0,-0.127075,0.120849609375,0.00439453125,0.0066366285373069545,0.001387664409068193,3167,SKQD,250,0.06103515625,0.5151376780781111,495.0,0.120849609375,True,converged;converged;converged,0.02,1000.0,309561926
4,12,2,0.0,0.139088,0.0,0.0,-0.127075,0.120849609375,0.00439453125,0.0066366285373069545,0.001387664409068193,3167,SKQD,325,0.079345703125,0.6843804545802507,495.0,0.120849609375,True,converged;converged;converged,0.02,1000.0,309561926
4,12,2,0.0,0.139088,0.0,0.0,-0.127075,0.120849609375,0.00439453125,0.0066366285373069545,0.001387664409068193,3167,SKQD,423,0.103271484375,0.8926108525678021,495.0,0.120849609375,True,converged;converged;converged,0.02,1000.0,309561926
4,12,2,0.0,0.139088,0.0,0.0,-0.127075,0.120849609375,0.00439453125,0.0066366285373069545,0.001387664409068193,3167,SKQD,550,0.13427734375,1.0000000000000016,495.0,0.120849609375,True,converged;converged;converged,0.02,1000.0,309561926
4,12,2,0.0,0.139088,0.0,0.0,-0.127075,0.120849609375,0.00439453125,0.0066366285373069545,0.001387664409068193,3167,SKQD,715,0.174560546875,1.0000000000000016,495.0,0.120849609375,True,converged;converged;converged,0.02,1000.0,309561926
4,12,2,0.0,0.139088,0.0,0.0,-0.127075,0.120849609375,0.00439453125,0.0066366285373069545,0.001387664409068193,3167,SKQD,931,0.227294921875,1.0000000000000016,495.0,0.120849609375,True,converged;converged;converged,0.02,1000.0,309561926
4,12,2,0.0,0.139088,0.0,0.0,-0.127075,0.120849609375,0.00439453125,0.0066366285373069545,0.001387664409068193,3167,SKQD,1210,0.29541015625,1.0000000000000016,495.0,0.120849609375,True,converged;converged;converged,0.02,1000.0,309561926
4,12,2,0.0,0.139088,0.0,0.0,-0.127075,0.120849609375,0.00439453125,0.0066366285373069545,0.001387664409068193,3167,SKQD,1575,0.384521484375,1.0000000000000016,495.0,0.120849609375,True,converged;converged;converged,0.02,1000.0,309561926
4,12,2,0.0,0.139088,0.0,0.0,-0.127075,0.120849609375,0.00439453125,0.0066366285373069545,0.001387664409068193,3167,SKQD,2048,0.5,1.0000000000000016,495.0,0.120849609375,True,converged;converged;converged,0.02,1000.0,309561926
4,12,2,0.0,0.139088,0.0,0.0,-0.127075,0.120849609375,0.00439453125,0.0066366285373069545,0.001387664409068193,3167,Ceiling,1,0.000244140625,0.00936801142702855,2048.0,0.5,False,,,,309561926
4,12,2,0.0,0.139088,0.0,0.0,-0.127075,0.120849609375,0.00439453125,0.0066366285373069545,0.001387664409068193,3167,Ceiling,2,0.00048828125,0.018736022854057087,2048.0,0.5,False,,,,309561926
4,12,2,0.0,0.139088,0.0,0.0,-0.127075,0.120849609375,0.00439453125,0.0066366285373069545,0.001387664409068193,3167,Ceiling,3,0.000732421875,0.026349605228540865,2048.0,0.5,False,,,,309561926
4,12,2,0.0,0.139088,0.0,0.0,-0.127075,0.120849609375,0.00439453125,0.0066366285373069545,0.001387664409068193,3167,Ceiling,4,0.0009765625,0.03396318760302462,2048.0,0.5,False,,,,309561926
4,12,2,0.0,0.139088,0.0,0.0,-0.127075,0.120849609375,0.00439453125,0.0066366285373069545,0.001387664409068193,3167,Ceiling,5,0.001220703125,0.04054576872287531,2048.0,0.5,False,,,,309561926
4,12,2,0.0,0.139088,0.0,0.0,-0.127075,0.120849609375,0.00439453125,0.0066366285373069545,0.001387664409068193,3167,Ceiling,6,0.00146484375,0.047128349842726,2048.0,0.5,False,,,,309561926
4,12,2,0.0,0.139088,0.0,0.0,-0.127075,0.120849609375,0.00439453125,0.0066366285373069545,0.001387664409068193,3167,Ceiling,8,0.001953125,0.06029351208242738,2048.0,0.5,False,,,,309561926
4,12,2,0.0,0.139088,0.0,0.0,-0.127075,0.120849609375,0.00439453125,0.0066366285373069545,0.001387664409068193,3167,Ceiling,11,0.002685546875,0.07899839720759275,2048.0,0.5,False,,,,309561926
4,12,2,0.0,0.139088,0.0,0.0,-0.127075,0.120849609375,0.00439453125,0.0066366285373069545,0.001387664409068193,3167,Ceiling,14,0.00341796875,0.09770188809038147,2048.0,0.5,False,,,,309561926
4,12,2,0.0,0.139088,0.0,0.0,-0.127075,0.120849609375,0.00439453125,0.0066366285373069545,0.001387664409068193,3167,Ceiling,18,0.00439453125,0.12246443219070227,2048.0,0.5,False,,,,309561926
4,12,2,0.0,0.139088,0.0,0.0,-0.127075,0.120849609375,0.00439453125,0.0066366285373069545,0.001387664409068193,3167,Ceiling,23,0.005615234375,0.1526708556105405,2048.0,0.5,False,,,,309561926
4,12,2,0.0,0.139088,0.0,0.0,-0.127075,0.120849609375,0.00439453125,0.0066366285373069545,0.001387664409068193,3167,Ceiling,31,0.007568359375,0.19744872642075217,2048.0,0.5,False,,,,309561926
4,12,2,0.0,0.139088,0.0,0.0,-0.127075,0.120849609375,0.00439453125,0.0066366285373069545,0.001387664409068193,3167,Ceiling,40,0.009765625,0.24310206687521502,2048.0,0.5,False,,,,309561926
4,12,2,0.0,0.139088,0.0,0.0,-0.127075,0.120849609375,0.00439453125,0.0066366285373069545,0.001387664409068193,3167,Ceiling,52,0.0126953125,0.2960091514089671,2048.0,0.5,False,,,,309561926
4,12,2,0.0,0.139088,0.0,0.0,-0.127075,0.120849609375,0.00439453125,0.0066366285373069545,0.001387664409068193,3167,Ceiling,67,0.016357421875,0.35722166078064266,2048.0,0.5,False,,,,309561926
4,12,2,0.0,0.139088,0.0,0.0,-0.127075,0.120849609375,0.00439453125,0.0066366285373069545,0.001387664409068193,3167,Ceiling,87,0.021240234375,0.42559100741659317,2048.0,0.5,False,,,,309561926
4,12,2,0.0,0.139088,0.0,0.0,-0.127075,0.120849609375,0.00439453125,0.0066366285373069545,0.001387664409068193,3167,Ceiling,114,0.02783203125,0.5069304390969928,2048.0,0.5,False,,,,309561926
4,12,2,0.0,0.139088,0.0,0.0,-0.127075,0.120849609375,0.00439453125,0.0066366285373069545,0.001387664409068193,3167,Ceiling,148,0.0361328125,0.5972862225822738,2048.0,0.5,False,,,,309561926
4,12,2,0.0,0.139088,0.0,0.0,-0.127075,0.120849609375,0.00439453125,0.0066366285373069545,0.001387664409068193,3167,Ceiling,192,0.046875,0.6978663474001122,2048.0,0.5,False,,,,309561926
4,12,2,0.0,0.139088,0.0,0.0,-0.127075,0.120849609375,0.00439453125,0.0066366285373069545,0.001387664409068193,3167,Ceiling,250,0.06103515625,0.8093169919742417,2048.0,0.5,False,,,,309561926
4,12,2,0.0,0.139088,0.0,0.0,-0.127075,0.120849609375,0.00439453125,0.0066366285373069545,0.001387664409068193,3167,Ceiling,325,0.079345703125,0.9069763089013405,2048.0,0.5,False,,,,309561926
4,12,2,0.0,0.139088,0.0,0.0,-0.127075,0.120849609375,0.00439453125,0.0066366285373069545,0.001387664409068193,3167,Ceiling,423,0.103271484375,0.9810420790834316,2048.0,0.5,False,,,,309561926
4,12,2,0.0,0.139088,0.0,0.0,-0.127075,0.120849609375,0.00439453125,0.0066366285373069545,0.001387664409068193,3167,Ceiling,550,0.13427734375,1.0000000000000004,2048.0,0.5,False,,,,309561926
4,12,2,0.0,0.139088,0.0,0.0,-0.127075,0.120849609375,0.00439453125,0.0066366285373069545,0.001387664409068193,3167,Ceiling,715,0.174560546875,1.0000000000000004,2048.0,0.5,False,,,,309561926
4,12,2,0.0,0.139088,0.0,0.0,-0.127075,0.120849609375,0.00439453125,0.0066366285373069545,0.001387664409068193,3167,Ceiling,931,0.227294921875,1.0000000000000004,2048.0,0.5,False,,,,309561926
4,12,2,0.0,0.139088,0.0,0.0,-0.127075,0.120849609375,0.00439453125,0.0066366285373069545,0.001387664409068193,3167,Ceiling,1210,0.29541015625,1.0000000000000004,2048.0,0.5,False,,,,309561926
4,12,2,0.0,0.139088,0.0,0.0,-0.127075,0.120849609375,0.00439453125,0.0066366285373069545,0.001387664409068193,3167,Ceiling,1575,0.384521484375,1.0000000000000004,2048.0,0.5,False,,,,309561926
4,12,2,0.0,0.139088,0.0,0.0,-0.127075,0.120849609375,0.00439453125,0.0066366285373069545,0.001387664409068193,3167,Ceiling,2048,0.5,1.0000000000000004,2048.0,0.5,False,,,,309561926
4,12,2,0.0,0.139088,0.0,0.0,-0.127075,0.120849609375,0.00439453125,0.0066366285373069545,0.002893499369804019,2686,BARK,1,0.000244140625,0.002893499369804019,495.0,0.120849609375,True,sector,,,309561926
4,12,2,0.0,0.139088,0.0,0.0,-0.127075,0.120849609375,0.00439453125,0.0066366285373069545,0.002893499369804019,2686,BARK,2,0.00048828125,0.0033921813138027023,495.0,0.120849609375,True,sector,,,309561926
4,12,2,0.0,0.139088,0.0,0.0,-0.127075,0.120849609375,0.00439453125,0.0066366285373069545,0.002893499369804019,2686,BARK,3,0.000732421875,0.0038082412619847043,495.0,0.120849609375,True,sector,,,309561926
4,12,2,0.0,0.139088,0.0,0.0,-0.127075,0.120849609375,0.00439453125,0.0066366285373069545,0.002893499369804019,2686,BARK,4,0.0009765625,0.00703706385339134,495.0,0.120849609375,True,sector,,,309561926
4,12,2,0.0,0.139088,0.0,0.0,-0.127075,0.120849609375,0.00439453125,0.0066366285373069545,0.002893499369804019,2686,BARK,5,0.001220703125,0.008613054597914933,495.0,0.120849609375,True,sector,,,309561926
4,12,2,0.0,0.139088,0.0,0.0,-0.127075,0.120849609375,0.00439453125,0.0066366285373069545,0.002893499369804019,2686,BARK,6,0.00146484375,0.010203823268713467,495.0,0.120849609375,True,sector,,,309561926
4,12,2,0.0,0.139088,0.0,0.0,-0.127075,0.120849609375,0.00439453125,0.0066366285373069545,0.002893499369804019,2686,BARK,8,0.001953125,0.016339057629228132,495.0,0.120849609375,True,sector,,,309561926
4,12,2,0.0,0.139088,0.0,0.0,-0.127075,0.120849609375,0.00439453125,0.0066366285373069545,0.002893499369804019,2686,BARK,11,0.002685546875,0.02232656292108248,495.0,0.120849609375,True,sector,,,309561926
4,12,2,0.0,0.139088,0.0,0.0,-0.127075,0.120849609375,0.00439453125,0.0066366285373069545,0.002893499369804019,2686,BARK,14,0.00341796875,0.026033815669207334,495.0,0.120849609375,True,sector,,,309561926
4,12,2,0.0,0.139088,0.0,0.0,-0.127075,0.120849609375,0.00439453125,0.0066366285373069545,0.002893499369804019,2686,BARK,18,0.00439453125,0.03143766553618511,495.0,0.120849609375,True,sector,,,309561926
4,12,2,0.0,0.139088,0.0,0.0,-0.127075,0.120849609375,0.00439453125,0.0066366285373069545,0.002893499369804019,2686,BARK,23,0.005615234375,0.040815613582155956,495.0,0.120849609375,True,sector,,,309561926
4,12,2,0.0,0.139088,0.0,0.0,-0.127075,0.120849609375,0.00439453125,0.0066366285373069545,0.002893499369804019,2686,BARK,31,0.007568359375,0.055626096731775355,495.0,0.120849609375,True,sector,,,309561926
4,12,2,0.0,0.139088,0.0,0.0,-0.127075,0.120849609375,0.00439453125,0.0066366285373069545,0.002893499369804019,2686,BARK,40,0.009765625,0.08426784299111796,495.0,0.120849609375,True,sector,,,309561926
4,12,2,0.0,0.139088,0.0,0.0,-0.127075,0.120849609375,0.00439453125,0.0066366285373069545,0.002893499369804019,2686,BARK,52,0.0126953125,0.11088434314979609,495.0,0.120849609375,True,sector,,,309561926
4,12,2,0.0,0.139088,0.0,0.0,-0.127075,0.120849609375,0.00439453125,0.0066366285373069545,0.002893499369804019,2686,BARK,67,0.016357421875,0.1679835508501893,495.0,0.120849609375,True,sector,,,309561926
4,12,2,0.0,0.139088,0.0,0.0,-0.127075,0.120849609375,0.00439453125,0.0066366285373069545,0.002893499369804019,2686,BARK,87,0.021240234375,0.20066061125174164,495.0,0.120849609375,True,sector,,,309561926
4,12,2,0.0,0.139088,0.0,0.0,-0.127075,0.120849609375,0.00439453125,0.0066366285373069545,0.002893499369804019,2686,BARK,114,0.02783203125,0.2774034631739639,495.0,0.120849609375,True,sector,,,309561926
4,12,2,0.0,0.139088,0.0,0.0,-0.127075,0.120849609375,0.00439453125,0.0066366285373069545,0.002893499369804019,2686,BARK,148,0.0361328125,0.38147138439541084,495.0,0.120849609375,True,sector,,,309561926
4,12,2,0.0,0.139088,0.0,0.0,-0.127075,0.120849609375,0.00439453125,0.0066366285373069545,0.002893499369804019,2686,BARK,192,0.046875,0.4964447284988637,495.0,0.120849609375,True,sector,,,309561926
4,12,2,0.0,0.139088,0.0,0.0,-0.127075,0.120849609375,0.00439453125,0.0066366285373069545,0.002893499369804019,2686,BARK,250,0.06103515625,0.5889187194547322,495.0,0.120849609375,True,sector,,,309561926
4,12,2,0.0,0.139088,0.0,0.0,-0.127075,0.120849609375,0.00439453125,0.0066366285373069545,0.002893499369804019,2686,BARK,325,0.079345703125,0.7460211475983889,495.0,0.120849609375,True,sector,,,309561926
4,12,2,0.0,0.139088,0.0,0.0,-0.127075,0.120849609375,0.00439453125,0.0066366285373069545,0.002893499369804019,2686,BARK,423,0.103271484375,0.9434354843697356,495.0,0.120849609375,True,sector,,,309561926
4,12,2,0.0,0.139088,0.0,0.0,-0.127075,0.120849609375,0.00439453125,0.0066366285373069545,0.002893499369804019,2686,BARK,550,0.13427734375,1.0000000000000022,495.0,0.120849609375,True,sector,,,309561926
4,12,2,0.0,0.139088,0.0,0.0,-0.127075,0.120849609375,0.00439453125,0.0066366285373069545,0.002893499369804019,2686,BARK,715,0.174560546875,1.0000000000000022,495.0,0.120849609375,True,sector,,,309561926
4,12,2,0.0,0.139088,0.0,0.0,-0.127075,0.120849609375,0.00439453125,0.0066366285373069545,0.002893499369804019,2686,BARK,931,0.227294921875,1.0000000000000022,495.0,0.120849609375,True,sector,,,309561926
4,12,2,0.0,0.139088,0.0,0.0,-0.127075,0.120849609375,0.00439453125,0.0066366285373069545,0.002893499369804019,2686,BARK,1210,0.29541015625,1.0000000000000022,495.0,0.120849609375,True,sector,,,309561926
4,12,2,0.0,0.139088,0.0,0.0,-0.127075,0.120849609375,0.00439453125,0.0066366285373069545,0.002893499369804019,2686,BARK,1575,0.384521484375,1.0000000000000022,495.0,0.120849609375,True,sector,,,309561926
4,12,2,0.0,0.139088,0.0,0.0,-0.127075,0.120849609375,0.00439453125,0.0066366285373069545,0.002893499369804019,2686,BARK,2048,0.5,1.0000000000000022,495.0,0.120849609375,True,sector,,,309561926
4,12,2,0.0,0.139088,0.0,0.0,-0.127075,0.120849609375,0.00439453125,0.0066366285373069545,0.002893499369804019,2686,Simplified BARK,1,0.000244140625,0.002893499369804019,495.0,0.120849609375,True,sector,,,309561926
4,12,2,0.0,0.139088,0.0,0.0,-0.127075,0.120849609375,0.00439453125,0.0066366285373069545,0.002893499369804019,2686,Simplified BARK,2,0.00048828125,0.0033921813138027023,495.0,0.120849609375,True,sector,,,309561926
4,12,2,0.0,0.139088,0.0,0.0,-0.127075,0.120849609375,0.00439453125,0.0066366285373069545,0.002893499369804019,2686,Simplified BARK,3,0.000732421875,0.0038082412619847043,495.0,0.120849609375,True,sector,,,309561926
4,12,2,0.0,0.139088,0.0,0.0,-0.127075,0.120849609375,0.00439453125,0.0066366285373069545,0.002893499369804019,2686,Simplified BARK,4,0.0009765625,0.004294387886043086,495.0,0.120849609375,True,sector,,,309561926
4,12,2,0.0,0.139088,0.0,0.0,-0.127075,0.120849609375,0.00439453125,0.0066366285373069545,0.002893499369804019,2686,Simplified BARK,5,0.001220703125,0.004278348797804046,495.0,0.120849609375,True,sector,,,309561926
4,12,2,0.0,0.139088,0.0,0.0,-0.127075,0.120849609375,0.00439453125,0.0066366285373069545,0.002893499369804019,2686,Simplified BARK,6,0.00146484375,0.004315807419385474,495.0,0.120849609375,True,sector,,,309561926
4,12,2,0.0,0.139088,0.0,0.0,-0.127075,0.120849609375,0.00439453125,0.0066366285373069545,0.002893499369804019,2686,Simplified BARK,8,0.001953125,0.004368724593764722,495.0,0.120849609375,True,sector,,,309561926
4,12,2,0.0,0.139088,0.0,0.0,-0.127075,0.120849609375,0.00439453125,0.0066366285373069545,0.002893499369804019,2686,Simplified BARK,11,0.002685546875,0.005728703980469522,495.0,0.120849609375,True,sector,,,309561926
4,12,2,0.0,0.139088,0.0,0.0,-0.127075,0.120849609375,0.00439453125,0.0066366285373069545,0.002893499369804019,2686,Simplified BARK,14,0.00341796875,0.006855435333274503,495.0,0.120849609375,True,sector,,,309561926
4,12,2,0.0,0.139088,0.0,0.0,-0.127075,0.120849609375,0.00439453125,0.0066366285373069545,0.002893499369804019,2686,Simplified BARK,18,0.00439453125,0.01223497486391184,495.0,0.120849609375,True,sector,,,309561926
4,12,2,0.0,0.139088,0.0,0.0,-0.127075,0.120849609375,0.00439453125,0.0066366285373069545,0.002893499369804019,2686,Simplified BARK,23,0.005615234375,0.012682420326852097,495.0,0.120849609375,True,sector,,,309561926
4,12,2,0.0,0.139088,0.0,0.0,-0.127075,0.120849609375,0.00439453125,0.0066366285373069545,0.002893499369804019,2686,Simplified BARK,31,0.007568359375,0.016458386182148812,495.0,0.120849609375,True,sector,,,309561926
4,12,2,0.0,0.139088,0.0,0.0,-0.127075,0.120849609375,0.00439453125,0.0066366285373069545,0.002893499369804019,2686,Simplified BARK,40,0.009765625,0.03435539143311546,495.0,0.120849609375,True,sector,,,309561926
4,12,2,0.0,0.139088,0.0,0.0,-0.127075,0.120849609375,0.00439453125,0.0066366285373069545,0.002893499369804019,2686,Simplified BARK,52,0.0126953125,0.042810252870683185,495.0,0.120849609375,True,sector,,,309561926
4,12,2,0.0,0.139088,0.0,0.0,-0.127075,0.120849609375,0.00439453125,0.0066366285373069545,0.002893499369804019,2686,Simplified BARK,67,0.016357421875,0.06561680226224598,495.0,0.120849609375,True,sector,,,309561926
4,12,2,0.0,0.139088,0.0,0.0,-0.127075,0.120849609375,0.00439453125,0.0066366285373069545,0.002893499369804019,2686,Simplified BARK,87,0.021240234375,0.11189145295432598,495.0,0.120849609375,True,sector,,,309561926
4,12,2,0.0,0.139088,0.0,0.0,-0.127075,0.120849609375,0.00439453125,0.0066366285373069545,0.002893499369804019,2686,Simplified BARK,114,0.02783203125,0.16915961485817282,495.0,0.120849609375,True,sector,,,309561926
4,12,2,0.0,0.139088,0.0,0.0,-0.127075,0.120849609375,0.00439453125,0.0066366285373069545,0.002893499369804019,2686,Simplified BARK,148,0.0361328125,0.2296081355236794,495.0,0.120849609375,True,sector,,,309561926
4,12,2,0.0,0.139088,0.0,0.0,-0.127075,0.120849609375,0.00439453125,0.0066366285373069545,0.002893499369804019,2686,Simplified BARK,192,0.046875,0.2950493645438214,495.0,0.120849609375,True,sector,,,309561926
4,12,2,0.0,0.139088,0.0,0.0,-0.127075,0.120849609375,0.00439453125,0.0066366285373069545,0.002893499369804019,2686,Simplified BARK,250,0.06103515625,0.4382425815767414,495.0,0.120849609375,True,sector,,,309561926
4,12,2,0.0,0.139088,0.0,0.0,-0.127075,0.120849609375,0.00439453125,0.0066366285373069545,0.002893499369804019,2686,Simplified BARK,325,0.079345703125,0.618440204259917,495.0,0.120849609375,True,sector,,,309561926
4,12,2,0.0,0.139088,0.0,0.0,-0.127075,0.120849609375,0.00439453125,0.0066366285373069545,0.002893499369804019,2686,Simplified BARK,423,0.103271484375,0.8723112706668067,495.0,0.120849609375,True,sector,,,309561926
4,12,2,0.0,0.139088,0.0,0.0,-0.127075,0.120849609375,0.00439453125,0.0066366285373069545,0.002893499369804019,2686,Simplified BARK,550,0.13427734375,1.0000000000000018,495.0,0.120849609375,True,sector,,,309561926
4,12,2,0.0,0.139088,0.0,0.0,-0.127075,0.120849609375,0.00439453125,0.0066366285373069545,0.002893499369804019,2686,Simplified BARK,715,0.174560546875,1.0000000000000018,495.0,0.120849609375,True,sector,,,309561926
4,12,2,0.0,0.139088,0.0,0.0,-0.127075,0.120849609375,0.00439453125,0.0066366285373069545,0.002893499369804019,2686,Simplified BARK,931,0.227294921875,1.0000000000000018,495.0,0.120849609375,True,sector,,,309561926
4,12,2,0.0,0.139088,0.0,0.0,-0.127075,0.120849609375,0.00439453125,0.0066366285373069545,0.002893499369804019,2686,Simplified BARK,1210,0.29541015625,1.0000000000000018,495.0,0.120849609375,True,sector,,,309561926
4,12,2,0.0,0.139088,0.0,0.0,-0.127075,0.120849609375,0.00439453125,0.0066366285373069545,0.002893499369804019,2686,Simplified BARK,1575,0.384521484375,1.0000000000000018,495.0,0.120849609375,True,sector,,,309561926
4,12,2,0.0,0.139088,0.0,0.0,-0.127075,0.120849609375,0.00439453125,0.0066366285373069545,0.002893499369804019,2686,Simplified BARK,2048,0.5,1.0000000000000018,495.0,0.120849609375,True,sector,,,309561926
4,12,2,0.0,0.139088,0.0,0.0,-0.127075,0.120849609375,0.00439453125,0.0066366285373069545,0.002893499369804019,2686,SKQD,1,0.000244140625,0.0028934993698040193,495.0,0.120849609375,True,converged;converged;converged,0.02,1000.0,309561926
4,12,2,0.0,0.139088,0.0,0.0,-0.127075,0.120849609375,0.00439453125,0.0066366285373069545,0.002893499369804019,2686,SKQD,2,0.00048828125,0.0036531624781285625,495.0,0.120849609375,True,converged;converged;converged,0.02,1000.0,309561926
4,12,2,0.0,0.139088,0.0,0.0,-0.127075,0.120849609375,0.00439453125,0.0066366285373069545,0.002893499369804019,2686,SKQD,3,0.000732421875,0.008077509305326991,495.0,0.120849609375,True,converged;converged;converged,0.02,1000.0,309561926
4,12,2,0.0,0.139088,0.0,0.0,-0.127075,0.120849609375,0.00439453125,0.0066366285373069545,0.002893499369804019,2686,SKQD,4,0.0009765625,0.008077509305326991,495.0,0.120849609375,True,converged;converged;converged,0.02,1000.0,309561926
4,12,2,0.0,0.139088,0.0,0.0,-0.127075,0.120849609375,0.00439453125,0.0066366285373069545,0.002893499369804019,2686,SKQD,5,0.001220703125,0.01099589432982933,495.0,0.120849609375,True,converged;converged;converged,0.02,1000.0,309561926
4,12,2,0.0,0.139088,0.0,0.0,-0.127075,0.120849609375,0.00439453125,0.0066366285373069545,0.002893499369804019,2686,SKQD,6,0.00146484375,0.012336808785100179,495.0,0.120849609375,True,converged;converged;converged,0.02,1000.0,309561926
4,12,2,0.0,0.139088,0.0,0.0,-0.127075,0.120849609375,0.00439453125,0.0066366285373069545,0.002893499369804019,2686,SKQD,8,0.001953125,0.016163823321774195,495.0,0.120849609375,True,converged;converged;converged,0.02,1000.0,309561926
4,12,2,0.0,0.139088,0.0,0.0,-0.127075,0.120849609375,0.00439453125,0.0066366285373069545,0.002893499369804019,2686,SKQD,11,0.002685546875,0.020812838019206744,495.0,0.120849609375,True,converged;converged;converged,0.02,1000.0,309561926
4,12,2,0.0,0.139088,0.0,0.0,-0.127075,0.120849609375,0.00439453125,0.0066366285373069545,0.002893499369804019,2686,SKQD,14,0.00341796875,0.0246552334756055,495.0,0.120849609375,True,converged;converged;converged,0.02,1000.0,309561926
4,12,2,0.0,0.139088,0.0,0.0,-0.127075,0.120849609375,0.00439453125,0.0066366285373069545,0.002893499369804019,2686,SKQD,18,0.00439453125,0.03380580222621007,495.0,0.120849609375,True,converged;converged;converged,0.02,1000.0,309561926
4,12,2,0.0,0.139088,0.0,0.0,-0.127075,0.120849609375,0.00439453125,0.0066366285373069545,0.002893499369804019,2686,SKQD,23,0.005615234375,0.04085780594995019,495.0,0.120849609375,True,converged;converged;converged,0.02,1000.0,309561926
4,12,2,0.0,0.139088,0.0,0.0,-0.127075,0.120849609375,0.00439453125,0.0066366285373069545,0.002893499369804019,2686,SKQD,31,0.007568359375,0.05596293886831508,495.0,0.120849609375,True,converged;converged;converged,0.02,1000.0,309561926
4,12,2,0.0,0.139088,0.0,0.0,-0.127075,0.120849609375,0.00439453125,0.0066366285373069545,0.002893499369804019,2686,SKQD,40,0.009765625,0.06699711543837357,495.0,0.120849609375,True,converged;converged;converged,0.02,1000.0,309561926
4,12,2,0.0,0.139088,0.0,0.0,-0.127075,0.120849609375,0.00439453125,0.0066366285373069545,0.002893499369804019,2686,SKQD,52,0.0126953125,0.09114768135821623,495.0,0.120849609375,True,converged;converged;converged,0.02,1000.0,309561926
4,12,2,0.0,0.139088,0.0,0.0,-0.127075,0.120849609375,0.00439453125,0.0066366285373069545,0.002893499369804019,2686,SKQD,67,0.016357421875,0.1218529200260267,495.0,0.120849609375,True,converged;converged;converged,0.02,1000.0,309561926
4,12,2,0.0,0.139088,0.0,0.0,-0.127075,0.120849609375,0.00439453125,0.0066366285373069545,0.002893499369804019,2686,SKQD,87,0.021240234375,0.15874480502113616,495.0,0.120849609375,True,converged;converged;converged,0.02,1000.0,309561926
4,12,2,0.0,0.139088,0.0,0.0,-0.127075,0.120849609375,0.00439453125,0.0066366285373069545,0.002893499369804019,2686,SKQD,114,0.02783203125,0.20322407818475985,495.0,0.120849609375,True,converged;converged;converged,0.02,1000.0,309561926
4,12,2,0.0,0.139088,0.0,0.0,-0.127075,0.120849609375,0.00439453125,0.0066366285373069545,0.002893499369804019,2686,SKQD,148,0.0361328125,0.27892011273660827,495.0,0.120849609375,True,converged;converged;converged,0.02,1000.0,309561926
4,12,2,0.0,0.139088,0.0,0.0,-0.127075,0.120849609375,0.00439453125,0.0066366285373069545,0.002893499369804019,2686,SKQD,192,0.046875,0.37430732202952016,495.0,0.120849609375,True,converged;converged;converged,0.02,1000.0,309561926
4,12,2,0.0,0.139088,0.0,0.0,-0.127075,0.120849609375,0.00439453125,0.0066366285373069545,0.002893499369804019,2686,SKQD,250,0.06103515625,0.5066846158760983,495.0,0.120849609375,True,converged;converged;converged,0.02,1000.0,309561926
4,12,2,0.0,0.139088,0.0,0.0,-0.127075,0.120849609375,0.00439453125,0.0066366285373069545,0.002893499369804019,2686,SKQD,325,0.079345703125,0.7118528083705272,495.0,0.120849609375,True,converged;converged;converged,0.02,1000.0,309561926
4,12,2,0.0,0.139088,0.0,0.0,-0.127075,0.120849609375,0.00439453125,0.0066366285373069545,0.002893499369804019,2686,SKQD,423,0.103271484375,0.9109770598829198,495.0,0.120849609375,True,converged;converged;converged,0.02,1000.0,309561926
4,12,2,0.0,0.139088,0.0,0.0,-0.127075,0.120849609375,0.00439453125,0.0066366285373069545,0.002893499369804019,2686,SKQD,550,0.13427734375,1.0000000000000033,495.0,0.120849609375,True,converged;converged;converged,0.02,1000.0,309561926
4,12,2,0.0,0.139088,0.0,0.0,-0.127075,0.120849609375,0.00439453125,0.0066366285373069545,0.002893499369804019,2686,SKQD,715,0.174560546875,1.0000000000000033,495.0,0.120849609375,True,converged;converged;converged,0.02,1000.0,309561926
4,12,2,0.0,0.139088,0.0,0.0,-0.127075,0.120849609375,0.00439453125,0.0066366285373069545,0.002893499369804019,2686,SKQD,931,0.227294921875,1.0000000000000033,495.0,0.120849609375,True,converged;converged;converged,0.02,1000.0,309561926
4,12,2,0.0,0.139088,0.0,0.0,-0.127075,0.120849609375,0.00439453125,0.0066366285373069545,0.002893499369804019,2686,SKQD,1210,0.29541015625,1.0000000000000033,495.0,0.120849609375,True,converged;converged;converged,0.02,1000.0,309561926
4,12,2,0.0,0.139088,0.0,0.0,-0.127075,0.120849609375,0.00439453125,0.0066366285373069545,0.002893499369804019,2686,SKQD,1575,0.384521484375,1.0000000000000033,495.0,0.120849609375,True,converged;converged;converged,0.02,1000.0,309561926
4,12,2,0.0,0.139088,0.0,0.0,-0.127075,0.120849609375,0.00439453125,0.0066366285373069545,0.002893499369804019,2686,SKQD,2048,0.5,1.0000000000000033,495.0,0.120849609375,True,converged;converged;converged,0.02,1000.0,309561926
4,12,2,0.0,0.139088,0.0,0.0,-0.127075,0.120849609375,0.00439453125,0.0066366285373069545,0.002893499369804019,2686,Ceiling,1,0.000244140625,0.00936801142702855,2048.0,0.5,False,,,,309561926
4,12,2,0.0,0.139088,0.0,0.0,-0.127075,0.120849609375,0.00439453125,0.0066366285373069545,0.002893499369804019,2686,Ceiling,2,0.00048828125,0.018736022854057087,2048.0,0.5,False,,,,309561926
4,12,2,0.0,0.139088,0.0,0.0,-0.127075,0.120849609375,0.00439453125,0.0066366285373069545,0.002893499369804019,2686,Ceiling,3,0.000732421875,0.026349605228540865,2048.0,0.5,False,,,,309561926
4,12,2,0.0,0.139088,0.0,0.0,-0.127075,0.120849609375,0.00439453125,0.0066366285373069545,0.002893499369804019,2686,Ceiling,4,0.0009765625,0.03396318760302462,2048.0,0.5,False,,,,309561926
4,12,2,0.0,0.139088,0.0,0.0,-0.127075,0.120849609375,0.00439453125,0.0066366285373069545,0.002893499369804019,2686,Ceiling,5,0.001220703125,0.04054576872287531,2048.0,0.5,False,,,,309561926
4,12,2,0.0,0.139088,0.0,0.0,-0.127075,0.120849609375,0.00439453125,0.0066366285373069545,0.002893499369804019,2686,Ceiling,6,0.00146484375,0.047128349842726,2048.0,0.5,False,,,,309561926
4,12,2,0.0,0.139088,0.0,0.0,-0.127075,0.120849609375,0.00439453125,0.0066366285373069545,0.002893499369804019,2686,Ceiling,8,0.001953125,0.06029351208242738,2048.0,0.5,False,,,,309561926
4,12,2,0.0,0.139088,0.0,0.0,-0.127075,0.120849609375,0.00439453125,0.0066366285373069545,0.002893499369804019,2686,Ceiling,11,0.002685546875,0.07899839720759275,2048.0,0.5,False,,,,309561926
4,12,2,0.0,0.139088,0.0,0.0,-0.127075,0.120849609375,0.00439453125,0.0066366285373069545,0.002893499369804019,2686,Ceiling,14,0.00341796875,0.09770188809038147,2048.0,0.5,False,,,,309561926
4,12,2,0.0,0.139088,0.0,0.0,-0.127075,0.120849609375,0.00439453125,0.0066366285373069545,0.002893499369804019,2686,Ceiling,18,0.00439453125,0.12246443219070227,2048.0,0.5,False,,,,309561926
4,12,2,0.0,0.139088,0.0,0.0,-0.127075,0.120849609375,0.00439453125,0.0066366285373069545,0.002893499369804019,2686,Ceiling,23,0.005615234375,0.1526708556105405,2048.0,0.5,False,,,,309561926
4,12,2,0.0,0.139088,0.0,0.0,-0.127075,0.120849609375,0.00439453125,0.0066366285373069545,0.002893499369804019,2686,Ceiling,31,0.007568359375,0.19744872642075217,2048.0,0.5,False,,,,309561926
4,12,2,0.0,0.139088,0.0,0.0,-0.127075,0.120849609375,0.00439453125,0.0066366285373069545,0.002893499369804019,2686,Ceiling,40,0.009765625,0.24310206687521502,2048.0,0.5,False,,,,309561926
4,12,2,0.0,0.139088,0.0,0.0,-0.127075,0.120849609375,0.00439453125,0.0066366285373069545,0.002893499369804019,2686,Ceiling,52,0.0126953125,0.2960091514089671,2048.0,0.5,False,,,,309561926
4,12,2,0.0,0.139088,0.0,0.0,-0.127075,0.120849609375,0.00439453125,0.0066366285373069545,0.002893499369804019,2686,Ceiling,67,0.016357421875,0.35722166078064266,2048.0,0.5,False,,,,309561926
4,12,2,0.0,0.139088,0.0,0.0,-0.127075,0.120849609375,0.00439453125,0.0066366285373069545,0.002893499369804019,2686,Ceiling,87,0.021240234375,0.42559100741659317,2048.0,0.5,False,,,,309561926
4,12,2,0.0,0.139088,0.0,0.0,-0.127075,0.120849609375,0.00439453125,0.0066366285373069545,0.002893499369804019,2686,Ceiling,114,0.02783203125,0.5069304390969928,2048.0,0.5,False,,,,309561926
4,12,2,0.0,0.139088,0.0,0.0,-0.127075,0.120849609375,0.00439453125,0.0066366285373069545,0.002893499369804019,2686,Ceiling,148,0.0361328125,0.5972862225822738,2048.0,0.5,False,,,,309561926
4,12,2,0.0,0.139088,0.0,0.0,-0.127075,0.120849609375,0.00439453125,0.0066366285373069545,0.002893499369804019,2686,Ceiling,192,0.046875,0.6978663474001122,2048.0,0.5,False,,,,309561926
4,12,2,0.0,0.139088,0.0,0.0,-0.127075,0.120849609375,0.00439453125,0.0066366285373069545,0.002893499369804019,2686,Ceiling,250,0.06103515625,0.8093169919742417,2048.0,0.5,False,,,,309561926
4,12,2,0.0,0.139088,0.0,0.0,-0.127075,0.120849609375,0.00439453125,0.0066366285373069545,0.002893499369804019,2686,Ceiling,325,0.079345703125,0.9069763089013405,2048.0,0.5,False,,,,309561926
4,12,2,0.0,0.139088,0.0,0.0,-0.127075,0.120849609375,0.00439453125,0.0066366285373069545,0.002893499369804019,2686,Ceiling,423,0.103271484375,0.9810420790834316,2048.0,0.5,False,,,,309561926
4,12,2,0.0,0.139088,0.0,0.0,-0.127075,0.120849609375,0.00439453125,0.0066366285373069545,0.002893499369804019,2686,Ceiling,550,0.13427734375,1.0000000000000004,2048.0,0.5,False,,,,309561926
4,12,2,0.0,0.139088,0.0,0.0,-0.127075,0.120849609375,0.00439453125,0.0066366285373069545,0.002893499369804019,2686,Ceiling,715,0.174560546875,1.0000000000000004,2048.0,0.5,False,,,,309561926
4,12,2,0.0,0.139088,0.0,0.0,-0.127075,0.120849609375,0.00439453125,0.0066366285373069545,0.002893499369804019,2686,Ceiling,931,0.227294921875,1.0000000000000004,2048.0,0.5,False,,,,309561926
4,12,2,0.0,0.139088,0.0,0.0,-0.127075,0.120849609375,0.00439453125,0.0066366285373069545,0.002893499369804019,2686,Ceiling,1210,0.29541015625,1.0000000000000004,2048.0,0.5,False,,,,309561926
4,12,2,0.0,0.139088,0.0,0.0,-0.127075,0.120849609375,0.00439453125,0.0066366285373069545,0.002893499369804019,2686,Ceiling,1575,0.384521484375,1.0000000000000004,2048.0,0.5,False,,,,309561926
4,12,2,0.0,0.139088,0.0,0.0,-0.127075,0.120849609375,0.00439453125,0.0066366285373069545,0.002893499369804019,2686,Ceiling,2048,0.5,1.0000000000000004,2048.0,0.5,False,,,,309561926
4,12,2,0.0,0.139088,0.0,0.0,-0.127075,0.120849609375,0.00439453125,0.0066366285373069545,0.0004342818511411375,3247,BARK,1,0.000244140625,0.0004342818511411375,495.0,0.120849609375,True,sector,,,309561926
4,12,2,0.0,0.139088,0.0,0.0,-0.127075,0.120849609375,0.00439453125,0.0066366285373069545,0.0004342818511411375,3247,BARK,2,0.00048828125,0.0004871573746189583,495.0,0.120849609375,True,sector,,,309561926
4,12,2,0.0,0.139088,0.0,0.0,-0.127075,0.120849609375,0.00439453125,0.0066366285373069545,0.0004342818511411375,3247,BARK,3,0.000732421875,0.0006239010740683732,495.0,0.120849609375,True,sector,,,309561926
4,12,2,0.0,0.139088,0.0,0.0,-0.127075,0.120849609375,0.00439453125,0.0066366285373069545,0.0004342818511411375,3247,BARK,4,0.0009765625,0.0011739167413203904,495.0,0.120849609375,True,sector,,,309561926
4,12,2,0.0,0.139088,0.0,0.0,-0.127075,0.120849609375,0.00439453125,0.0066366285373069545,0.0004342818511411375,3247,BARK,5,0.001220703125,0.0019890982945053623,495.0,0.120849609375,True,sector,,,309561926
4,12,2,0.0,0.139088,0.0,0.0,-0.127075,0.120849609375,0.00439453125,0.0066366285373069545,0.0004342818511411375,3247,BARK,6,0.00146484375,0.003380743899705158,495.0,0.120849609375,True,sector,,,309561926
4,12,2,0.0,0.139088,0.0,0.0,-0.127075,0.120849609375,0.00439453125,0.0066366285373069545,0.0004342818511411375,3247,BARK,8,0.001953125,0.0037108985608095765,495.0,0.120849609375,True,sector,,,309561926
4,12,2,0.0,0.139088,0.0,0.0,-0.127075,0.120849609375,0.00439453125,0.0066366285373069545,0.0004342818511411375,3247,BARK,11,0.002685546875,0.004675248031333374,495.0,0.120849609375,True,sector,,,309561926
4,12,2,0.0,0.139088,0.0,0.0,-0.127075,0.120849609375,0.00439453125,0.0066366285373069545,0.0004342818511411375,3247,BARK,14,0.00341796875,0.009311737938280539,495.0,0.120849609375,True,sector,,,309561926
4,12,2,0.0,0.139088,0.0,0.0,-0.127075,0.120849609375,0.00439453125,0.0066366285373069545,0.0004342818511411375,3247,BARK,18,0.00439453125,0.013125975530894979,495.0,0.120849609375,True,sector,,,309561926
4,12,2,0.0,0.139088,0.0,0.0,-0.127075,0.120849609375,0.00439453125,0.0066366285373069545,0.0004342818511411375,3247,BARK,23,0.005615234375,0.01986261464117183,495.0,0.120849609375,True,sector,,,309561926
4,12,2,0.0,0.139088,0.0,0.0,-0.127075,0.120849609375,0.00439453125,0.0066366285373069545,0.0004342818511411375,3247,BARK,31,0.007568359375,0.03296789133892782,495.0,0.120849609375,True,sector,,,309561926
4,12,2,0.0,0.139088,0.0,0.0,-0.127075,0.120849609375,0.00439453125,0.0066366285373069545,0.0004342818511411375,3247,BARK,40,0.009765625,0.03950057933524783,495.0,0.120849609375,True,sector,,,309561926
4,12,2,0.0,0.139088,0.0,0.0,-0.127075,0.120849609375,0.00439453125,0.0066366285373069545,0.0004342818511411375,3247,BARK,52,0.0126953125,0.062077836208770436,495.0,0.120849609375,True,sector,,,309561926
4,12,2,0.0,0.139088,0.0,0.0,-0.127075,0.120849609375,0.00439453125,0.0066366285373069545,0.0004342818511411375,3247,BARK,67,0.016357421875,0.09627295319442555,495.0,0.120849609375,True,sector,,,309561926
4,12,2,0.0,0.139088,0.0,0.0,-0.127075,0.120849609375,0.00439453125,0.0066366285373069545,0.0004342818511411375,3247,BARK,87,0.021240234375,0.10564866316702858,495.0,0.120849609375,True,sector,,,309561926
4,12,2,0.0,0.139088,0.0,0.0,-0.127075,0.120849609375,0.00439453125,0.0066366285373069545,0.0004342818511411375,3247,BARK,114,0.02783203125,0.1447363971838075,495.0,0.120849609375,True,sector,,,309561926
4,12,2,0.0,0.139088,0.0,0.0,-0.127075,0.120849609375,0.00439453125,0.0066366285373069545,0.0004342818511411375,3247,BARK,148,0.0361328125,0.22649265394514423,495.0,0.120849609375,True,sector,,,309561926
4,12,2,0.0,0.139088,0.0,0.0,-0.127075,0.120849609375,0.00439453125,0.0066366285373069545,0.0004342818511411375,3247,BARK,192,0.046875,0.3092680041821497,495.0,0.120849609375,True,sector,,,309561926
4,12,2,0.0,0.139088,0.0,0.0,-0.127075,0.120849609375,0.00439453125,0.0066366285373069545,0.0004342818511411375,3247,BARK,250,0.06103515625,0.5105884926667694,495.0,0.120849609375,True,sector,,,309561926
4,12,2,0.0,0.139088,0.0,0.0,-0.127075,0.120849609375,0.00439453125,0.0066366285373069545,0.0004342818511411375,3247,BARK,325,0.079345703125,0.725909726727363,495.0,0.120849609375,True,sector,,,309561926
4,12,2,0.0,0.139088,0.0,0.0,-0.127075,0.120849609375,0.00439453125,0.0066366285373069545,0.0004342818511411375,3247,BARK,423,0.103271484375,0.9117957930010628,495.0,0.120849609375,True,sector,,,309561926
4,12,2,0.0,0.139088,0.0,0.0,-0.127075,0.120849609375,0.00439453125,0.0066366285373069545,0.0004342818511411375,3247,BARK,550,0.13427734375,1.0000000000000018,495.0,0.120849609375,True,sector,,,309561926
4,12,2,0.0,0.139088,0.0,0.0,-0.127075,0.120849609375,0.00439453125,0.0066366285373069545,0.0004342818511411375,3247,BARK,715,0.174560546875,1.0000000000000018,495.0,0.120849609375,True,sector,,,309561926
4,12,2,0.0,0.139088,0.0,0.0,-0.127075,0.120849609375,0.00439453125,0.0066366285373069545,0.0004342818511411375,3247,BARK,931,0.227294921875,1.0000000000000018,495.0,0.120849609375,True,sector,,,309561926
4,12,2,0.0,0.139088,0.0,0.0,-0.127075,0.120849609375,0.00439453125,0.0066366285373069545,0.0004342818511411375,3247,BARK,1210,0.29541015625,1.0000000000000018,495.0,0.120849609375,True,sector,,,309561926
4,12,2,0.0,0.139088,0.0,0.0,-0.127075,0.120849609375,0.00439453125,0.0066366285373069545,0.0004342818511411375,3247,BARK,1575,0.384521484375,1.0000000000000018,495.0,0.120849609375,True,sector,,,309561926
4,12,2,0.0,0.139088,0.0,0.0,-0.127075,0.120849609375,0.00439453125,0.0066366285373069545,0.0004342818511411375,3247,BARK,2048,0.5,1.0000000000000018,495.0,0.120849609375,True,sector,,,309561926
4,12,2,0.0,0.139088,0.0,0.0,-0.127075,0.120849609375,0.00439453125,0.0066366285373069545,0.0004342818511411375,3247,Simplified BARK,1,0.000244140625,0.0004342818511411375,495.0,0.120849609375,True,sector,,,309561926
4,12,2,0.0,0.139088,0.0,0.0,-0.127075,0.120849609375,0.00439453125,0.0066366285373069545,0.0004342818511411375,3247,Simplified BARK,2,0.00048828125,0.0004871573746189583,495.0,0.120849609375,True,sector,,,309561926
4,12,2,0.0,0.139088,0.0,0.0,-0.127075,0.120849609375,0.00439453125,0.0066366285373069545,0.0004342818511411375,3247,Simplified BARK,3,0.000732421875,0.0006239010740683732,495.0,0.120849609375,True,sector,,,309561926
4,12,2,0.0,0.139088,0.0,0.0,-0.127075,0.120849609375,0.00439453125,0.0066366285373069545,0.0004342818511411375,3247,Simplified BARK,4,0.0009765625,0.000946409252746842,495.0,0.120849609375,True,sector,,,309561926
4,12,2,0.0,0.139088,0.0,0.0,-0.127075,0.120849609375,0.00439453125,0.0066366285373069545,0.0004342818511411375,3247,Simplified BARK,5,0.001220703125,0.0015043158294082114,495.0,0.120849609375,True,sector,,,309561926
4,12,2,0.0,0.139088,0.0,0.0,-0.127075,0.120849609375,0.00439453125,0.0066366285373069545,0.0004342818511411375,3247,Simplified BARK,6,0.00146484375,0.0018962694548018194,495.0,0.120849609375,True,sector,,,309561926
4,12,2,0.0,0.139088,0.0,0.0,-0.127075,0.120849609375,0.00439453125,0.0066366285373069545,0.0004342818511411375,3247,Simplified BARK,8,0.001953125,0.002816005414929423,495.0,0.120849609375,True,sector,,,309561926
4,12,2,0.0,0.139088,0.0,0.0,-0.127075,0.120849609375,0.00439453125,0.0066366285373069545,0.0004342818511411375,3247,Simplified BARK,11,0.002685546875,0.003243072645117849,495.0,0.120849609375,True,sector,,,309561926
4,12,2,0.0,0.139088,0.0,0.0,-0.127075,0.120849609375,0.00439453125,0.0066366285373069545,0.0004342818511411375,3247,Simplified BARK,14,0.00341796875,0.005461005346371807,495.0,0.120849609375,True,sector,,,309561926
4,12,2,0.0,0.139088,0.0,0.0,-0.127075,0.120849609375,0.00439453125,0.0066366285373069545,0.0004342818511411375,3247,Simplified BARK,18,0.00439453125,0.008447351200242278,495.0,0.120849609375,True,sector,,,309561926
4,12,2,0.0,0.139088,0.0,0.0,-0.127075,0.120849609375,0.00439453125,0.0066366285373069545,0.0004342818511411375,3247,Simplified BARK,23,0.005615234375,0.012238421916127172,495.0,0.120849609375,True,sector,,,309561926
4,12,2,0.0,0.139088,0.0,0.0,-0.127075,0.120849609375,0.00439453125,0.0066366285373069545,0.0004342818511411375,3247,Simplified BARK,31,0.007568359375,0.01427354415589027,495.0,0.120849609375,True,sector,,,309561926
4,12,2,0.0,0.139088,0.0,0.0,-0.127075,0.120849609375,0.00439453125,0.0066366285373069545,0.0004342818511411375,3247,Simplified BARK,40,0.009765625,0.028190334429626547,495.0,0.120849609375,True,sector,,,309561926
4,12,2,0.0,0.139088,0.0,0.0,-0.127075,0.120849609375,0.00439453125,0.0066366285373069545,0.0004342818511411375,3247,Simplified BARK,52,0.0126953125,0.04114957504611479,495.0,0.120849609375,True,sector,,,309561926
4,12,2,0.0,0.139088,0.0,0.0,-0.127075,0.120849609375,0.00439453125,0.0066366285373069545,0.0004342818511411375,3247,Simplified BARK,67,0.016357421875,0.0600642096931638,495.0,0.120849609375,True,sector,,,309561926
4,12,2,0.0,0.139088,0.0,0.0,-0.127075,0.120849609375,0.00439453125,0.0066366285373069545,0.0004342818511411375,3247,Simplified BARK,87,0.021240234375,0.11104186015541212,495.0,0.120849609375,True,sector,,,309561926
4,12,2,0.0,0.139088,0.0,0.0,-0.127075,0.120849609375,0.00439453125,0.0066366285373069545,0.0004342818511411375,3247,Simplified BARK,114,0.02783203125,0.16813735369426352,495.0,0.120849609375,True,sector,,,309561926
4,12,2,0.0,0.139088,0.0,0.0,-0.127075,0.120849609375,0.00439453125,0.0066366285373069545,0.0004342818511411375,3247,Simplified BARK,148,0.0361328125,0.22196931420973018,495.0,0.120849609375,True,sector,,,309561926
4,12,2,0.0,0.139088,0.0,0.0,-0.127075,0.120849609375,0.00439453125,0.0066366285373069545,0.0004342818511411375,3247,Simplified BARK,192,0.046875,0.2936322941316389,495.0,0.120849609375,True,sector,,,309561926
4,12,2,0.0,0.139088,0.0,0.0,-0.127075,0.120849609375,0.00439453125,0.0066366285373069545,0.0004342818511411375,3247,Simplified BARK,250,0.06103515625,0.4348079734425532,495.0,0.120849609375,True,sector,,,309561926
4,12,2,0.0,0.139088,0.0,0.0,-0.127075,0.120849609375,0.00439453125,0.0066366285373069545,0.0004342818511411375,3247,Simplified BARK,325,0.079345703125,0.6184402042599173,495.0,0.120849609375,True,sector,,,309561926
4,12,2,0.0,0.139088,0.0,0.0,-0.127075,0.120849609375,0.00439453125,0.0066366285373069545,0.0004342818511411375,3247,Simplified BARK,423,0.103271484375,0.8723112706668067,495.0,0.120849609375,True,sector,,,309561926
4,12,2,0.0,0.139088,0.0,0.0,-0.127075,0.120849609375,0.00439453125,0.0066366285373069545,0.0004342818511411375,3247,Simplified BARK,550,0.13427734375,1.0000000000000018,495.0,0.120849609375,True,sector,,,309561926
4,12,2,0.0,0.139088,0.0,0.0,-0.127075,0.120849609375,0.00439453125,0.0066366285373069545,0.0004342818511411375,3247,Simplified BARK,715,0.174560546875,1.0000000000000018,495.0,0.120849609375,True,sector,,,309561926
4,12,2,0.0,0.139088,0.0,0.0,-0.127075,0.120849609375,0.00439453125,0.0066366285373069545,0.0004342818511411375,3247,Simplified BARK,931,0.227294921875,1.0000000000000018,495.0,0.120849609375,True,sector,,,309561926
4,12,2,0.0,0.139088,0.0,0.0,-0.127075,0.120849609375,0.00439453125,0.0066366285373069545,0.0004342818511411375,3247,Simplified BARK,1210,0.29541015625,1.0000000000000018,495.0,0.120849609375,True,sector,,,309561926
4,12,2,0.0,0.139088,0.0,0.0,-0.127075,0.120849609375,0.00439453125,0.0066366285373069545,0.0004342818511411375,3247,Simplified BARK,1575,0.384521484375,1.0000000000000018,495.0,0.120849609375,True,sector,,,309561926
4,12,2,0.0,0.139088,0.0,0.0,-0.127075,0.120849609375,0.00439453125,0.0066366285373069545,0.0004342818511411375,3247,Simplified BARK,2048,0.5,1.0000000000000018,495.0,0.120849609375,True,sector,,,309561926
4,12,2,0.0,0.139088,0.0,0.0,-0.127075,0.120849609375,0.00439453125,0.0066366285373069545,0.0004342818511411375,3247,SKQD,1,0.000244140625,0.0004342818511411375,495.0,0.120849609375,True,converged;converged;converged,0.02,1000.0,309561926
4,12,2,0.0,0.139088,0.0,0.0,-0.127075,0.120849609375,0.00439453125,0.0066366285373069545,0.0004342818511411375,3247,SKQD,2,0.00048828125,0.0007318737007103532,495.0,0.120849609375,True,converged;converged;converged,0.02,1000.0,309561926
4,12,2,0.0,0.139088,0.0,0.0,-0.127075,0.120849609375,0.00439453125,0.0066366285373069545,0.0004342818511411375,3247,SKQD,3,0.000732421875,0.0010617936055419953,495.0,0.120849609375,True,converged;converged;converged,0.02,1000.0,309561926
4,12,2,0.0,0.139088,0.0,0.0,-0.127075,0.120849609375,0.00439453125,0.0066366285373069545,0.0004342818511411375,3247,SKQD,4,0.0009765625,0.0013628144612704996,495.0,0.120849609375,True,converged;converged;converged,0.02,1000.0,309561926
4,12,2,0.0,0.139088,0.0,0.0,-0.127075,0.120849609375,0.00439453125,0.0066366285373069545,0.0004342818511411375,3247,SKQD,5,0.001220703125,0.001807405711218465,495.0,0.120849609375,True,converged;converged;converged,0.02,1000.0,309561926
4,12,2,0.0,0.139088,0.0,0.0,-0.127075,0.120849609375,0.00439453125,0.0066366285373069545,0.0004342818511411375,3247,SKQD,6,0.00146484375,0.0023366260667700123,495.0,0.120849609375,True,converged;converged;converged,0.02,1000.0,309561926
4,12,2,0.0,0.139088,0.0,0.0,-0.127075,0.120849609375,0.00439453125,0.0066366285373069545,0.0004342818511411375,3247,SKQD,8,0.001953125,0.0030605377614738374,495.0,0.120849609375,True,converged;converged;converged,0.02,1000.0,309561926
4,12,2,0.0,0.139088,0.0,0.0,-0.127075,0.120849609375,0.00439453125,0.0066366285373069545,0.0004342818511411375,3247,SKQD,11,0.002685546875,0.005946577285713931,495.0,0.120849609375,True,converged;converged;converged,0.02,1000.0,309561926
4,12,2,0.0,0.139088,0.0,0.0,-0.127075,0.120849609375,0.00439453125,0.0066366285373069545,0.0004342818511411375,3247,SKQD,14,0.00341796875,0.007059106056656025,495.0,0.120849609375,True,converged;converged;converged,0.02,1000.0,309561926
4,12,2,0.0,0.139088,0.0,0.0,-0.127075,0.120849609375,0.00439453125,0.0066366285373069545,0.0004342818511411375,3247,SKQD,18,0.00439453125,0.009714474907316573,495.0,0.120849609375,True,converged;converged;converged,0.02,1000.0,309561926
4,12,2,0.0,0.139088,0.0,0.0,-0.127075,0.120849609375,0.00439453125,0.0066366285373069545,0.0004342818511411375,3247,SKQD,23,0.005615234375,0.013052877919901973,495.0,0.120849609375,True,converged;converged;converged,0.02,1000.0,309561926
4,12,2,0.0,0.139088,0.0,0.0,-0.127075,0.120849609375,0.00439453125,0.0066366285373069545,0.0004342818511411375,3247,SKQD,31,0.007568359375,0.01783702866563862,495.0,0.120849609375,True,converged;converged;converged,0.02,1000.0,309561926
4,12,2,0.0,0.139088,0.0,0.0,-0.127075,0.120849609375,0.00439453125,0.0066366285373069545,0.0004342818511411375,3247,SKQD,40,0.009765625,0.02667248117036915,495.0,0.120849609375,True,converged;converged;converged,0.02,1000.0,309561926
4,12,2,0.0,0.139088,0.0,0.0,-0.127075,0.120849609375,0.00439453125,0.0066366285373069545,0.0004342818511411375,3247,SKQD,52,0.0126953125,0.0377358457912917,495.0,0.120849609375,True,converged;converged;converged,0.02,1000.0,309561926
4,12,2,0.0,0.139088,0.0,0.0,-0.127075,0.120849609375,0.00439453125,0.0066366285373069545,0.0004342818511411375,3247,SKQD,67,0.016357421875,0.05992721892250402,495.0,0.120849609375,True,converged;converged;converged,0.02,1000.0,309561926
4,12,2,0.0,0.139088,0.0,0.0,-0.127075,0.120849609375,0.00439453125,0.0066366285373069545,0.0004342818511411375,3247,SKQD,87,0.021240234375,0.0881056122334727,495.0,0.120849609375,True,converged;converged;converged,0.02,1000.0,309561926
4,12,2,0.0,0.139088,0.0,0.0,-0.127075,0.120849609375,0.00439453125,0.0066366285373069545,0.0004342818511411375,3247,SKQD,114,0.02783203125,0.13048782732703443,495.0,0.120849609375,True,converged;converged;converged,0.02,1000.0,309561926
4,12,2,0.0,0.139088,0.0,0.0,-0.127075,0.120849609375,0.00439453125,0.0066366285373069545,0.0004342818511411375,3247,SKQD,148,0.0361328125,0.1882652082497808,495.0,0.120849609375,True,converged;converged;converged,0.02,1000.0,309561926
4,12,2,0.0,0.139088,0.0,0.0,-0.127075,0.120849609375,0.00439453125,0.0066366285373069545,0.0004342818511411375,3247,SKQD,192,0.046875,0.28351197060261457,495.0,0.120849609375,True,converged;converged;converged,0.02,1000.0,309561926
4,12,2,0.0,0.139088,0.0,0.0,-0.127075,0.120849609375,0.00439453125,0.0066366285373069545,0.0004342818511411375,3247,SKQD,250,0.06103515625,0.4193085506325456,495.0,0.120849609375,True,converged;converged;converged,0.02,1000.0,309561926
4,12,2,0.0,0.139088,0.0,0.0,-0.127075,0.120849609375,0.00439453125,0.0066366285373069545,0.0004342818511411375,3247,SKQD,325,0.079345703125,0.6308770357595481,495.0,0.120849609375,True,converged;converged;converged,0.02,1000.0,309561926
4,12,2,0.0,0.139088,0.0,0.0,-0.127075,0.120849609375,0.00439453125,0.0066366285373069545,0.0004342818511411375,3247,SKQD,423,0.103271484375,0.8975623037167767,495.0,0.120849609375,True,converged;converged;converged,0.02,1000.0,309561926
4,12,2,0.0,0.139088,0.0,0.0,-0.127075,0.120849609375,0.00439453125,0.0066366285373069545,0.0004342818511411375,3247,SKQD,550,0.13427734375,1.0000000000000029,495.0,0.120849609375,True,converged;converged;converged,0.02,1000.0,309561926
4,12,2,0.0,0.139088,0.0,0.0,-0.127075,0.120849609375,0.00439453125,0.0066366285373069545,0.0004342818511411375,3247,SKQD,715,0.174560546875,1.0000000000000029,495.0,0.120849609375,True,converged;converged;converged,0.02,1000.0,309561926
4,12,2,0.0,0.139088,0.0,0.0,-0.127075,0.120849609375,0.00439453125,0.0066366285373069545,0.0004342818511411375,3247,SKQD,931,0.227294921875,1.0000000000000029,495.0,0.120849609375,True,converged;converged;converged,0.02,1000.0,309561926
4,12,2,0.0,0.139088,0.0,0.0,-0.127075,0.120849609375,0.00439453125,0.0066366285373069545,0.0004342818511411375,3247,SKQD,1210,0.29541015625,1.0000000000000029,495.0,0.120849609375,True,converged;converged;converged,0.02,1000.0,309561926
4,12,2,0.0,0.139088,0.0,0.0,-0.127075,0.120849609375,0.00439453125,0.0066366285373069545,0.0004342818511411375,3247,SKQD,1575,0.384521484375,1.0000000000000029,495.0,0.120849609375,True,converged;converged;converged,0.02,1000.0,309561926
4,12,2,0.0,0.139088,0.0,0.0,-0.127075,0.120849609375,0.00439453125,0.0066366285373069545,0.0004342818511411375,3247,SKQD,2048,0.5,1.0000000000000029,495.0,0.120849609375,True,converged;converged;converged,0.02,1000.0,309561926
4,12,2,0.0,0.139088,0.0,0.0,-0.127075,0.120849609375,0.00439453125,0.0066366285373069545,0.0004342818511411375,3247,Ceiling,1,0.000244140625,0.00936801142702855,2048.0,0.5,False,,,,309561926
4,12,2,0.0,0.139088,0.0,0.0,-0.127075,0.120849609375,0.00439453125,0.0066366285373069545,0.0004342818511411375,3247,Ceiling,2,0.00048828125,0.018736022854057087,2048.0,0.5,False,,,,309561926
4,12,2,0.0,0.139088,0.0,0.0,-0.127075,0.120849609375,0.00439453125,0.0066366285373069545,0.0004342818511411375,3247,Ceiling,3,0.000732421875,0.026349605228540865,2048.0,0.5,False,,,,309561926
4,12,2,0.0,0.139088,0.0,0.0,-0.127075,0.120849609375,0.00439453125,0.0066366285373069545,0.0004342818511411375,3247,Ceiling,4,0.0009765625,0.03396318760302462,2048.0,0.5,False,,,,309561926
4,12,2,0.0,0.139088,0.0,0.0,-0.127075,0.120849609375,0.00439453125,0.0066366285373069545,0.0004342818511411375,3247,Ceiling,5,0.001220703125,0.04054576872287531,2048.0,0.5,False,,,,309561926
4,12,2,0.0,0.139088,0.0,0.0,-0.127075,0.120849609375,0.00439453125,0.0066366285373069545,0.0004342818511411375,3247,Ceiling,6,0.00146484375,0.047128349842726,2048.0,0.5,False,,,,309561926
4,12,2,0.0,0.139088,0.0,0.0,-0.127075,0.120849609375,0.00439453125,0.0066366285373069545,0.0004342818511411375,3247,Ceiling,8,0.001953125,0.06029351208242738,2048.0,0.5,False,,,,309561926
4,12,2,0.0,0.139088,0.0,0.0,-0.127075,0.120849609375,0.00439453125,0.0066366285373069545,0.0004342818511411375,3247,Ceiling,11,0.002685546875,0.07899839720759275,2048.0,0.5,False,,,,309561926
4,12,2,0.0,0.139088,0.0,0.0,-0.127075,0.120849609375,0.00439453125,0.0066366285373069545,0.0004342818511411375,3247,Ceiling,14,0.00341796875,0.09770188809038147,2048.0,0.5,False,,,,309561926
4,12,2,0.0,0.139088,0.0,0.0,-0.127075,0.120849609375,0.00439453125,0.0066366285373069545,0.0004342818511411375,3247,Ceiling,18,0.00439453125,0.12246443219070227,2048.0,0.5,False,,,,309561926
4,12,2,0.0,0.139088,0.0,0.0,-0.127075,0.120849609375,0.00439453125,0.0066366285373069545,0.0004342818511411375,3247,Ceiling,23,0.005615234375,0.1526708556105405,2048.0,0.5,False,,,,309561926
4,12,2,0.0,0.139088,0.0,0.0,-0.127075,0.120849609375,0.00439453125,0.0066366285373069545,0.0004342818511411375,3247,Ceiling,31,0.007568359375,0.19744872642075217,2048.0,0.5,False,,,,309561926
4,12,2,0.0,0.139088,0.0,0.0,-0.127075,0.120849609375,0.00439453125,0.0066366285373069545,0.0004342818511411375,3247,Ceiling,40,0.009765625,0.24310206687521502,2048.0,0.5,False,,,,309561926
4,12,2,0.0,0.139088,0.0,0.0,-0.127075,0.120849609375,0.00439453125,0.0066366285373069545,0.0004342818511411375,3247,Ceiling,52,0.0126953125,0.2960091514089671,2048.0,0.5,False,,,,309561926
4,12,2,0.0,0.139088,0.0,0.0,-0.127075,0.120849609375,0.00439453125,0.0066366285373069545,0.0004342818511411375,3247,Ceiling,67,0.016357421875,0.35722166078064266,2048.0,0.5,False,,,,309561926
4,12,2,0.0,0.139088,0.0,0.0,-0.127075,0.120849609375,0.00439453125,0.0066366285373069545,0.0004342818511411375,3247,Ceiling,87,0.021240234375,0.42559100741659317,2048.0,0.5,False,,,,309561926
4,12,2,0.0,0.139088,0.0,0.0,-0.127075,0.120849609375,0.00439453125,0.0066366285373069545,0.0004342818511411375,3247,Ceiling,114,0.02783203125,0.5069304390969928,2048.0,0.5,False,,,,309561926
4,12,2,0.0,0.139088,0.0,0.0,-0.127075,0.120849609375,0.00439453125,0.0066366285373069545,0.0004342818511411375,3247,Ceiling,148,0.0361328125,0.5972862225822738,2048.0,0.5,False,,,,309561926
4,12,2,0.0,0.139088,0.0,0.0,-0.127075,0.120849609375,0.00439453125,0.0066366285373069545,0.0004342818511411375,3247,Ceiling,192,0.046875,0.6978663474001122,2048.0,0.5,False,,,,309561926
4,12,2,0.0,0.139088,0.0,0.0,-0.127075,0.120849609375,0.00439453125,0.0066366285373069545,0.0004342818511411375,3247,Ceiling,250,0.06103515625,0.8093169919742417,2048.0,0.5,False,,,,309561926
4,12,2,0.0,0.139088,0.0,0.0,-0.127075,0.120849609375,0.00439453125,0.0066366285373069545,0.0004342818511411375,3247,Ceiling,325,0.079345703125,0.9069763089013405,2048.0,0.5,False,,,,309561926
4,12,2,0.0,0.139088,0.0,0.0,-0.127075,0.120849609375,0.00439453125,0.0066366285373069545,0.0004342818511411375,3247,Ceiling,423,0.103271484375,0.9810420790834316,2048.0,0.5,False,,,,309561926
4,12,2,0.0,0.139088,0.0,0.0,-0.127075,0.120849609375,0.00439453125,0.0066366285373069545,0.0004342818511411375,3247,Ceiling,550,0.13427734375,1.0000000000000004,2048.0,0.5,False,,,,309561926
4,12,2,0.0,0.139088,0.0,0.0,-0.127075,0.120849609375,0.00439453125,0.0066366285373069545,0.0004342818511411375,3247,Ceiling,715,0.174560546875,1.0000000000000004,2048.0,0.5,False,,,,309561926
4,12,2,0.0,0.139088,0.0,0.0,-0.127075,0.120849609375,0.00439453125,0.0066366285373069545,0.0004342818511411375,3247,Ceiling,931,0.227294921875,1.0000000000000004,2048.0,0.5,False,,,,309561926
4,12,2,0.0,0.139088,0.0,0.0,-0.127075,0.120849609375,0.00439453125,0.0066366285373069545,0.0004342818511411375,3247,Ceiling,1210,0.29541015625,1.0000000000000004,2048.0,0.5,False,,,,309561926
4,12,2,0.0,0.139088,0.0,0.0,-0.127075,0.120849609375,0.00439453125,0.0066366285373069545,0.0004342818511411375,3247,Ceiling,1575,0.384521484375,1.0000000000000004,2048.0,0.5,False,,,,309561926
4,12,2,0.0,0.139088,0.0,0.0,-0.127075,0.120849609375,0.00439453125,0.0066366285373069545,0.0004342818511411375,3247,Ceiling,2048,0.5,1.0000000000000004,2048.0,0.5,False,,,,309561926
4,12,2,0.0,0.139088,0.0,0.0,-0.127075,0.120849609375,0.00439453125,0.0066366285373069545,0.0023701762415092383,987,BARK,1,0.000244140625,0.0023701762415092383,495.0,0.120849609375,True,sector,,,309561926
4,12,2,0.0,0.139088,0.0,0.0,-0.127075,0.120849609375,0.00439453125,0.0066366285373069545,0.0023701762415092383,987,BARK,2,0.00048828125,0.0029810223860336294,495.0,0.120849609375,True,sector,,,309561926
4,12,2,0.0,0.139088,0.0,0.0,-0.127075,0.120849609375,0.00439453125,0.0066366285373069545,0.0023701762415092383,987,BARK,3,0.000732421875,0.0027626073199201674,495.0,0.120849609375,True,sector,,,309561926
4,12,2,0.0,0.139088,0.0,0.0,-0.127075,0.120849609375,0.00439453125,0.0066366285373069545,0.0023701762415092383,987,BARK,4,0.0009765625,0.0036715803654282365,495.0,0.120849609375,True,sector,,,309561926
4,12,2,0.0,0.139088,0.0,0.0,-0.127075,0.120849609375,0.00439453125,0.0066366285373069545,0.0023701762415092383,987,BARK,5,0.001220703125,0.004031583424340377,495.0,0.120849609375,True,sector,,,309561926
4,12,2,0.0,0.139088,0.0,0.0,-0.127075,0.120849609375,0.00439453125,0.0066366285373069545,0.0023701762415092383,987,BARK,6,0.00146484375,0.005353987724831568,495.0,0.120849609375,True,sector,,,309561926
4,12,2,0.0,0.139088,0.0,0.0,-0.127075,0.120849609375,0.00439453125,0.0066366285373069545,0.0023701762415092383,987,BARK,8,0.001953125,0.005169421541998452,495.0,0.120849609375,True,sector,,,309561926
4,12,2,0.0,0.139088,0.0,0.0,-0.127075,0.120849609375,0.00439453125,0.0066366285373069545,0.0023701762415092383,987,BARK,11,0.002685546875,0.0064179411456989225,495.0,0.120849609375,True,sector,,,309561926
4,12,2,0.0,0.139088,0.0,0.0,-0.127075,0.120849609375,0.00439453125,0.0066366285373069545,0.0023701762415092383,987,BARK,14,0.00341796875,0.010556601427803215,495.0,0.120849609375,True,sector,,,309561926
4,12,2,0.0,0.139088,0.0,0.0,-0.127075,0.120849609375,0.00439453125,0.0066366285373069545,0.0023701762415092383,987,BARK,18,0.00439453125,0.01407722957671713,495.0,0.120849609375,True,sector,,,309561926
4,12,2,0.0,0.139088,0.0,0.0,-0.127075,0.120849609375,0.00439453125,0.0066366285373069545,0.0023701762415092383,987,BARK,23,0.005615234375,0.021997016943113297,495.0,0.120849609375,True,sector,,,309561926
4,12,2,0.0,0.139088,0.0,0.0,-0.127075,0.120849609375,0.00439453125,0.0066366285373069545,0.0023701762415092383,987,BARK,31,0.007568359375,0.040713926651829255,495.0,0.120849609375,True,sector,,,309561926
4,12,2,0.0,0.139088,0.0,0.0,-0.127075,0.120849609375,0.00439453125,0.0066366285373069545,0.0023701762415092383,987,BARK,40,0.009765625,0.05687436848342986,495.0,0.120849609375,True,sector,,,309561926
4,12,2,0.0,0.139088,0.0,0.0,-0.127075,0.120849609375,0.00439453125,0.0066366285373069545,0.0023701762415092383,987,BARK,52,0.0126953125,0.09463569783058187,495.0,0.120849609375,True,sector,,,309561926
4,12,2,0.0,0.139088,0.0,0.0,-0.127075,0.120849609375,0.00439453125,0.0066366285373069545,0.0023701762415092383,987,BARK,67,0.016357421875,0.1413813724717096,495.0,0.120849609375,True,sector,,,309561926
4,12,2,0.0,0.139088,0.0,0.0,-0.127075,0.120849609375,0.00439453125,0.0066366285373069545,0.0023701762415092383,987,BARK,87,0.021240234375,0.16930310430785514,495.0,0.120849609375,True,sector,,,309561926
4,12,2,0.0,0.139088,0.0,0.0,-0.127075,0.120849609375,0.00439453125,0.0066366285373069545,0.0023701762415092383,987,BARK,114,0.02783203125,0.2269101221047728,495.0,0.120849609375,True,sector,,,309561926
4,12,2,0.0,0.139088,0.0,0.0,-0.127075,0.120849609375,0.00439453125,0.0066366285373069545,0.0023701762415092383,987,BARK,148,0.0361328125,0.31549881261924495,495.0,0.120849609375,True,sector,,,309561926
4,12,2,0.0,0.139088,0.0,0.0,-0.127075,0.120849609375,0.00439453125,0.0066366285373069545,0.0023701762415092383,987,BARK,192,0.046875,0.3875290765808711,495.0,0.120849609375,True,sector,,,309561926
4,12,2,0.0,0.139088,0.0,0.0,-0.127075,0.120849609375,0.00439453125,0.0066366285373069545,0.0023701762415092383,987,BARK,250,0.06103515625,0.5630889353370857,495.0,0.120849609375,True,sector,,,309561926
4,12,2,0.0,0.139088,0.0,0.0,-0.127075,0.120849609375,0.00439453125,0.0066366285373069545,0.0023701762415092383,987,BARK,325,0.079345703125,0.7587302317355327,495.0,0.120849609375,True,sector,,,309561926
4,12,2,0.0,0.139088,0.0,0.0,-0.127075,0.120849609375,0.00439453125,0.0066366285373069545,0.0023701762415092383,987,BARK,423,0.103271484375,0.9339776189592561,495.0,0.120849609375,True,sector,,,309561926
4,12,2,0.0,0.139088,0.0,0.0,-0.127075,0.120849609375,0.00439453125,0.0066366285373069545,0.0023701762415092383,987,BARK,550,0.13427734375,1.0000000000000018,495.0,0.120849609375,True,sector,,,309561926
4,12,2,0.0,0.139088,0.0,0.0,-0.127075,0.120849609375,0.00439453125,0.0066366285373069545,0.0023701762415092383,987,BARK,715,0.174560546875,1.0000000000000018,495.0,0.120849609375,True,sector,,,309561926
4,12,2,0.0,0.139088,0.0,0.0,-0.127075,0.120849609375,0.00439453125,0.0066366285373069545,0.0023701762415092383,987,BARK,931,0.227294921875,1.0000000000000018,495.0,0.120849609375,True,sector,,,309561926
4,12,2,0.0,0.139088,0.0,0.0,-0.127075,0.120849609375,0.00439453125,0.0066366285373069545,0.0023701762415092383,987,BARK,1210,0.29541015625,1.0000000000000018,495.0,0.120849609375,True,sector,,,309561926
4,12,2,0.0,0.139088,0.0,0.0,-0.127075,0.120849609375,0.00439453125,0.0066366285373069545,0.0023701762415092383,987,BARK,1575,0.384521484375,1.0000000000000018,495.0,0.120849609375,True,sector,,,309561926
4,12,2,0.0,0.139088,0.0,0.0,-0.127075,0.120849609375,0.00439453125,0.0066366285373069545,0.0023701762415092383,987,BARK,2048,0.5,1.0000000000000018,495.0,0.120849609375,True,sector,,,309561926
4,12,2,0.0,0.139088,0.0,0.0,-0.127075,0.120849609375,0.00439453125,0.0066366285373069545,0.0023701762415092383,987,Simplified BARK,1,0.000244140625,0.0023701762415092383,495.0,0.120849609375,True,sector,,,309561926
4,12,2,0.0,0.139088,0.0,0.0,-0.127075,0.120849609375,0.00439453125,0.0066366285373069545,0.0023701762415092383,987,Simplified BARK,2,0.00048828125,0.0029810223860336294,495.0,0.120849609375,True,sector,,,309561926
4,12,2,0.0,0.139088,0.0,0.0,-0.127075,0.120849609375,0.00439453125,0.0066366285373069545,0.0023701762415092383,987,Simplified BARK,3,0.000732421875,0.0027626073199201674,495.0,0.120849609375,True,sector,,,309561926
4,12,2,0.0,0.139088,0.0,0.0,-0.127075,0.120849609375,0.00439453125,0.0066366285373069545,0.0023701762415092383,987,Simplified BARK,4,0.0009765625,0.002380808547976548,495.0,0.120849609375,True,sector,,,309561926
4,12,2,0.0,0.139088,0.0,0.0,-0.127075,0.120849609375,0.00439453125,0.0066366285373069545,0.0023701762415092383,987,Simplified BARK,5,0.001220703125,0.00250472885353337,495.0,0.120849609375,True,sector,,,309561926
4,12,2,0.0,0.139088,0.0,0.0,-0.127075,0.120849609375,0.00439453125,0.0066366285373069545,0.0023701762415092383,987,Simplified BARK,6,0.00146484375,0.0029791159990533458,495.0,0.120849609375,True,sector,,,309561926
4,12,2,0.0,0.139088,0.0,0.0,-0.127075,0.120849609375,0.00439453125,0.0066366285373069545,0.0023701762415092383,987,Simplified BARK,8,0.001953125,0.0032566492652026146,495.0,0.120849609375,True,sector,,,309561926
4,12,2,0.0,0.139088,0.0,0.0,-0.127075,0.120849609375,0.00439453125,0.0066366285373069545,0.0023701762415092383,987,Simplified BARK,11,0.002685546875,0.00568925699981225,495.0,0.120849609375,True,sector,,,309561926
4,12,2,0.0,0.139088,0.0,0.0,-0.127075,0.120849609375,0.00439453125,0.0066366285373069545,0.0023701762415092383,987,Simplified BARK,14,0.00341796875,0.007600973324255986,495.0,0.120849609375,True,sector,,,309561926
4,12,2,0.0,0.139088,0.0,0.0,-0.127075,0.120849609375,0.00439453125,0.0066366285373069545,0.0023701762415092383,987,Simplified BARK,18,0.00439453125,0.012295644254716999,495.0,0.120849609375,True,sector,,,309561926
4,12,2,0.0,0.139088,0.0,0.0,-0.127075,0.120849609375,0.00439453125,0.0066366285373069545,0.0023701762415092383,987,Simplified BARK,23,0.005615234375,0.012755978034562743,495.0,0.120849609375,True,sector,,,309561926
4,12,2,0.0,0.139088,0.0,0.0,-0.127075,0.120849609375,0.00439453125,0.0066366285373069545,0.0023701762415092383,987,Simplified BARK,31,0.007568359375,0.017505778399439627,495.0,0.120849609375,True,sector,,,309561926
4,12,2,0.0,0.139088,0.0,0.0,-0.127075,0.120849609375,0.00439453125,0.0066366285373069545,0.0023701762415092383,987,Simplified BARK,40,0.009765625,0.0338955129057594,495.0,0.120849609375,True,sector,,,309561926
4,12,2,0.0,0.139088,0.0,0.0,-0.127075,0.120849609375,0.00439453125,0.0066366285373069545,0.0023701762415092383,987,Simplified BARK,52,0.0126953125,0.043802272024093994,495.0,0.120849609375,True,sector,,,309561926
4,12,2,0.0,0.139088,0.0,0.0,-0.127075,0.120849609375,0.00439453125,0.0066366285373069545,0.0023701762415092383,987,Simplified BARK,67,0.016357421875,0.0671619578550936,495.0,0.120849609375,True,sector,,,309561926
4,12,2,0.0,0.139088,0.0,0.0,-0.127075,0.120849609375,0.00439453125,0.0066366285373069545,0.0023701762415092383,987,Simplified BARK,87,0.021240234375,0.11271132756953975,495.0,0.120849609375,True,sector,,,309561926
4,12,2,0.0,0.139088,0.0,0.0,-0.127075,0.120849609375,0.00439453125,0.0066366285373069545,0.0023701762415092383,987,Simplified BARK,114,0.02783203125,0.16841559467296188,495.0,0.120849609375,True,sector,,,309561926
4,12,2,0.0,0.139088,0.0,0.0,-0.127075,0.120849609375,0.00439453125,0.0066366285373069545,0.0023701762415092383,987,Simplified BARK,148,0.0361328125,0.23263161869706714,495.0,0.120849609375,True,sector,,,309561926
4,12,2,0.0,0.139088,0.0,0.0,-0.127075,0.120849609375,0.00439453125,0.0066366285373069545,0.0023701762415092383,987,Simplified BARK,192,0.046875,0.2956359140047334,495.0,0.120849609375,True,sector,,,309561926
4,12,2,0.0,0.139088,0.0,0.0,-0.127075,0.120849609375,0.00439453125,0.0066366285373069545,0.0023701762415092383,987,Simplified BARK,250,0.06103515625,0.4382425815767414,495.0,0.120849609375,True,sector,,,309561926
4,12,2,0.0,0.139088,0.0,0.0,-0.127075,0.120849609375,0.00439453125,0.0066366285373069545,0.0023701762415092383,987,Simplified BARK,325,0.079345703125,0.6184402042599173,495.0,0.120849609375,True,sector,,,309561926
4,12,2,0.0,0.139088,0.0,0.0,-0.127075,0.120849609375,0.00439453125,0.0066366285373069545,0.0023701762415092383,987,Simplified BARK,423,0.103271484375,0.8723112706668065,495.0,0.120849609375,True,sector,,,309561926
4,12,2,0.0,0.139088,0.0,0.0,-0.127075,0.120849609375,0.00439453125,0.0066366285373069545,0.0023701762415092383,987,Simplified BARK,550,0.13427734375,1.0000000000000018,495.0,0.120849609375,True,sector,,,309561926
4,12,2,0.0,0.139088,0.0,0.0,-0.127075,0.120849609375,0.00439453125,0.0066366285373069545,0.0023701762415092383,987,Simplified BARK,715,0.174560546875,1.0000000000000018,495.0,0.120849609375,True,sector,,,309561926
4,12,2,0.0,0.139088,0.0,0.0,-0.127075,0.120849609375,0.00439453125,0.0066366285373069545,0.0023701762415092383,987,Simplified BARK,931,0.227294921875,1.0000000000000018,495.0,0.120849609375,True,sector,,,309561926
4,12,2,0.0,0.139088,0.0,0.0,-0.127075,0.120849609375,0.00439453125,0.0066366285373069545,0.0023701762415092383,987,Simplified BARK,1210,0.29541015625,1.0000000000000018,495.0,0.120849609375,True,sector,,,309561926
4,12,2,0.0,0.139088,0.0,0.0,-0.127075,0.120849609375,0.00439453125,0.0066366285373069545,0.0023701762415092383,987,Simplified BARK,1575,0.384521484375,1.0000000000000018,495.0,0.120849609375,True,sector,,,309561926
4,12,2,0.0,0.139088,0.0,0.0,-0.127075,0.120849609375,0.00439453125,0.0066366285373069545,0.0023701762415092383,987,Simplified BARK,2048,0.5,1.0000000000000018,495.0,0.120849609375,True,sector,,,309561926
4,12,2,0.0,0.139088,0.0,0.0,-0.127075,0.120849609375,0.00439453125,0.0066366285373069545,0.0023701762415092383,987,SKQD,1,0.000244140625,0.0023701762415092383,495.0,0.120849609375,True,converged;converged;converged,0.02,1000.0,309561926
4,12,2,0.0,0.139088,0.0,0.0,-0.127075,0.120849609375,0.00439453125,0.0066366285373069545,0.0023701762415092383,987,SKQD,2,0.00048828125,0.0033237742565064275,495.0,0.120849609375,True,converged;converged;converged,0.02,1000.0,309561926
4,12,2,0.0,0.139088,0.0,0.0,-0.127075,0.120849609375,0.00439453125,0.0066366285373069545,0.0023701762415092383,987,SKQD,3,0.000732421875,0.0049733185987986235,495.0,0.120849609375,True,converged;converged;converged,0.02,1000.0,309561926
4,12,2,0.0,0.139088,0.0,0.0,-0.127075,0.120849609375,0.00439453125,0.0066366285373069545,0.0023701762415092383,987,SKQD,4,0.0009765625,0.006404970060075993,495.0,0.120849609375,True,converged;converged;converged,0.02,1000.0,309561926
4,12,2,0.0,0.139088,0.0,0.0,-0.127075,0.120849609375,0.00439453125,0.0066366285373069545,0.0023701762415092383,987,SKQD,5,0.001220703125,0.009308849580501072,495.0,0.120849609375,True,converged;converged;converged,0.02,1000.0,309561926
4,12,2,0.0,0.139088,0.0,0.0,-0.127075,0.120849609375,0.00439453125,0.0066366285373069545,0.0023701762415092383,987,SKQD,6,0.00146484375,0.009308849580501072,495.0,0.120849609375,True,converged;converged;converged,0.02,1000.0,309561926
4,12,2,0.0,0.139088,0.0,0.0,-0.127075,0.120849609375,0.00439453125,0.0066366285373069545,0.0023701762415092383,987,SKQD,8,0.001953125,0.013433227326438873,495.0,0.120849609375,True,converged;converged;converged,0.02,1000.0,309561926
4,12,2,0.0,0.139088,0.0,0.0,-0.127075,0.120849609375,0.00439453125,0.0066366285373069545,0.0023701762415092383,987,SKQD,11,0.002685546875,0.01724608782276749,495.0,0.120849609375,True,converged;converged;converged,0.02,1000.0,309561926
4,12,2,0.0,0.139088,0.0,0.0,-0.127075,0.120849609375,0.00439453125,0.0066366285373069545,0.0023701762415092383,987,SKQD,14,0.00341796875,0.02111308562090856,495.0,0.120849609375,True,converged;converged;converged,0.02,1000.0,309561926
4,12,2,0.0,0.139088,0.0,0.0,-0.127075,0.120849609375,0.00439453125,0.0066366285373069545,0.0023701762415092383,987,SKQD,18,0.00439453125,0.026098466819075305,495.0,0.120849609375,True,converged;converged;converged,0.02,1000.0,309561926
4,12,2,0.0,0.139088,0.0,0.0,-0.127075,0.120849609375,0.00439453125,0.0066366285373069545,0.0023701762415092383,987,SKQD,23,0.005615234375,0.03170606094460345,495.0,0.120849609375,True,converged;converged;converged,0.02,1000.0,309561926
4,12,2,0.0,0.139088,0.0,0.0,-0.127075,0.120849609375,0.00439453125,0.0066366285373069545,0.0023701762415092383,987,SKQD,31,0.007568359375,0.047435063489327856,495.0,0.120849609375,True,converged;converged;converged,0.02,1000.0,309561926
4,12,2,0.0,0.139088,0.0,0.0,-0.127075,0.120849609375,0.00439453125,0.0066366285373069545,0.0023701762415092383,987,SKQD,40,0.009765625,0.061104046007496186,495.0,0.120849609375,True,converged;converged;converged,0.02,1000.0,309561926
4,12,2,0.0,0.139088,0.0,0.0,-0.127075,0.120849609375,0.00439453125,0.0066366285373069545,0.0023701762415092383,987,SKQD,52,0.0126953125,0.07885224759520454,495.0,0.120849609375,True,converged;converged;converged,0.02,1000.0,309561926
4,12,2,0.0,0.139088,0.0,0.0,-0.127075,0.120849609375,0.00439453125,0.0066366285373069545,0.0023701762415092383,987,SKQD,67,0.016357421875,0.10184865109162526,495.0,0.120849609375,True,converged;converged;converged,0.02,1000.0,309561926
4,12,2,0.0,0.139088,0.0,0.0,-0.127075,0.120849609375,0.00439453125,0.0066366285373069545,0.0023701762415092383,987,SKQD,87,0.021240234375,0.12983774991352706,495.0,0.120849609375,True,converged;converged;converged,0.02,1000.0,309561926
4,12,2,0.0,0.139088,0.0,0.0,-0.127075,0.120849609375,0.00439453125,0.0066366285373069545,0.0023701762415092383,987,SKQD,114,0.02783203125,0.1754248848277318,495.0,0.120849609375,True,converged;converged;converged,0.02,1000.0,309561926
4,12,2,0.0,0.139088,0.0,0.0,-0.127075,0.120849609375,0.00439453125,0.0066366285373069545,0.0023701762415092383,987,SKQD,148,0.0361328125,0.23642538346651318,495.0,0.120849609375,True,converged;converged;converged,0.02,1000.0,309561926
4,12,2,0.0,0.139088,0.0,0.0,-0.127075,0.120849609375,0.00439453125,0.0066366285373069545,0.0023701762415092383,987,SKQD,192,0.046875,0.30558430499139394,495.0,0.120849609375,True,converged;converged;converged,0.02,1000.0,309561926
4,12,2,0.0,0.139088,0.0,0.0,-0.127075,0.120849609375,0.00439453125,0.0066366285373069545,0.0023701762415092383,987,SKQD,250,0.06103515625,0.4374262462125698,495.0,0.120849609375,True,converged;converged;converged,0.02,1000.0,309561926
4,12,2,0.0,0.139088,0.0,0.0,-0.127075,0.120849609375,0.00439453125,0.0066366285373069545,0.0023701762415092383,987,SKQD,325,0.079345703125,0.6504258764853905,495.0,0.120849609375,True,converged;converged;converged,0.02,1000.0,309561926
4,12,2,0.0,0.139088,0.0,0.0,-0.127075,0.120849609375,0.00439453125,0.0066366285373069545,0.0023701762415092383,987,SKQD,423,0.103271484375,0.8781889757968715,495.0,0.120849609375,True,converged;converged;converged,0.02,1000.0,309561926
4,12,2,0.0,0.139088,0.0,0.0,-0.127075,0.120849609375,0.00439453125,0.0066366285373069545,0.0023701762415092383,987,SKQD,550,0.13427734375,1.0000000000000016,495.0,0.120849609375,True,converged;converged;converged,0.02,1000.0,309561926
4,12,2,0.0,0.139088,0.0,0.0,-0.127075,0.120849609375,0.00439453125,0.0066366285373069545,0.0023701762415092383,987,SKQD,715,0.174560546875,1.0000000000000016,495.0,0.120849609375,True,converged;converged;converged,0.02,1000.0,309561926
4,12,2,0.0,0.139088,0.0,0.0,-0.127075,0.120849609375,0.00439453125,0.0066366285373069545,0.0023701762415092383,987,SKQD,931,0.227294921875,1.0000000000000016,495.0,0.120849609375,True,converged;converged;converged,0.02,1000.0,309561926
4,12,2,0.0,0.139088,0.0,0.0,-0.127075,0.120849609375,0.00439453125,0.0066366285373069545,0.0023701762415092383,987,SKQD,1210,0.29541015625,1.0000000000000016,495.0,0.120849609375,True,converged;converged;converged,0.02,1000.0,309561926
4,12,2,0.0,0.139088,0.0,0.0,-0.127075,0.120849609375,0.00439453125,0.0066366285373069545,0.0023701762415092383,987,SKQD,1575,0.384521484375,1.0000000000000016,495.0,0.120849609375,True,converged;converged;converged,0.02,1000.0,309561926
4,12,2,0.0,0.139088,0.0,0.0,-0.127075,0.120849609375,0.00439453125,0.0066366285373069545,0.0023701762415092383,987,SKQD,2048,0.5,1.0000000000000016,495.0,0.120849609375,True,converged;converged;converged,0.02,1000.0,309561926
4,12,2,0.0,0.139088,0.0,0.0,-0.127075,0.120849609375,0.00439453125,0.0066366285373069545,0.0023701762415092383,987,Ceiling,1,0.000244140625,0.00936801142702855,2048.0,0.5,False,,,,309561926
4,12,2,0.0,0.139088,0.0,0.0,-0.127075,0.120849609375,0.00439453125,0.0066366285373069545,0.0023701762415092383,987,Ceiling,2,0.00048828125,0.018736022854057087,2048.0,0.5,False,,,,309561926
4,12,2,0.0,0.139088,0.0,0.0,-0.127075,0.120849609375,0.00439453125,0.0066366285373069545,0.0023701762415092383,987,Ceiling,3,0.000732421875,0.026349605228540865,2048.0,0.5,False,,,,309561926
4,12,2,0.0,0.139088,0.0,0.0,-0.127075,0.120849609375,0.00439453125,0.0066366285373069545,0.0023701762415092383,987,Ceiling,4,0.0009765625,0.03396318760302462,2048.0,0.5,False,,,,309561926
4,12,2,0.0,0.139088,0.0,0.0,-0.127075,0.120849609375,0.00439453125,0.0066366285373069545,0.0023701762415092383,987,Ceiling,5,0.001220703125,0.04054576872287531,2048.0,0.5,False,,,,309561926
4,12,2,0.0,0.139088,0.0,0.0,-0.127075,0.120849609375,0.00439453125,0.0066366285373069545,0.0023701762415092383,987,Ceiling,6,0.00146484375,0.047128349842726,2048.0,0.5,False,,,,309561926
4,12,2,0.0,0.139088,0.0,0.0,-0.127075,0.120849609375,0.00439453125,0.0066366285373069545,0.0023701762415092383,987,Ceiling,8,0.001953125,0.06029351208242738,2048.0,0.5,False,,,,309561926
4,12,2,0.0,0.139088,0.0,0.0,-0.127075,0.120849609375,0.00439453125,0.0066366285373069545,0.0023701762415092383,987,Ceiling,11,0.002685546875,0.07899839720759275,2048.0,0.5,False,,,,309561926
4,12,2,0.0,0.139088,0.0,0.0,-0.127075,0.120849609375,0.00439453125,0.0066366285373069545,0.0023701762415092383,987,Ceiling,14,0.00341796875,0.09770188809038147,2048.0,0.5,False,,,,309561926
4,12,2,0.0,0.139088,0.0,0.0,-0.127075,0.120849609375,0.00439453125,0.0066366285373069545,0.0023701762415092383,987,Ceiling,18,0.00439453125,0.12246443219070227,2048.0,0.5,False,,,,309561926
4,12,2,0.0,0.139088,0.0,0.0,-0.127075,0.120849609375,0.00439453125,0.0066366285373069545,0.0023701762415092383,987,Ceiling,23,0.005615234375,0.1526708556105405,2048.0,0.5,False,,,,309561926
4,12,2,0.0,0.139088,0.0,0.0,-0.127075,0.120849609375,0.00439453125,0.0066366285373069545,0.0023701762415092383,987,Ceiling,31,0.007568359375,0.19744872642075217,2048.0,0.5,False,,,,309561926
4,12,2,0.0,0.139088,0.0,0.0,-0.127075,0.120849609375,0.00439453125,0.0066366285373069545,0.0023701762415092383,987,Ceiling,40,0.009765625,0.24310206687521502,2048.0,0.5,False,,,,309561926
4,12,2,0.0,0.139088,0.0,0.0,-0.127075,0.120849609375,0.00439453125,0.0066366285373069545,0.0023701762415092383,987,Ceiling,52,0.0126953125,0.2960091514089671,2048.0,0.5,False,,,,309561926
4,12,2,0.0,0.139088,0.0,0.0,-0.127075,0.120849609375,0.00439453125,0.0066366285373069545,0.0023701762415092383,987,Ceiling,67,0.016357421875,0.35722166078064266,2048.0,0.5,False,,,,309561926
4,12,2,0.0,0.139088,0.0,0.0,-0.127075,0.120849609375,0.00439453125,0.0066366285373069545,0.0023701762415092383,987,Ceiling,87,0.021240234375,0.42559100741659317,2048.0,0.5,False,,,,309561926
4,12,2,0.0,0.139088,0.0,0.0,-0.127075,0.120849609375,0.00439453125,0.0066366285373069545,0.0023701762415092383,987,Ceiling,114,0.02783203125,0.5069304390969928,2048.0,0.5,False,,,,309561926
4,12,2,0.0,0.139088,0.0,0.0,-0.127075,0.120849609375,0.00439453125,0.0066366285373069545,0.0023701762415092383,987,Ceiling,148,0.0361328125,0.5972862225822738,2048.0,0.5,False,,,,309561926
4,12,2,0.0,0.139088,0.0,0.0,-0.127075,0.120849609375,0.00439453125,0.0066366285373069545,0.0023701762415092383,987,Ceiling,192,0.046875,0.6978663474001122,2048.0,0.5,False,,,,309561926
4,12,2,0.0,0.139088,0.0,0.0,-0.127075,0.120849609375,0.00439453125,0.0066366285373069545,0.0023701762415092383,987,Ceiling,250,0.06103515625,0.8093169919742417,2048.0,0.5,False,,,,309561926
4,12,2,0.0,0.139088,0.0,0.0,-0.127075,0.120849609375,0.00439453125,0.0066366285373069545,0.0023701762415092383,987,Ceiling,325,0.079345703125,0.9069763089013405,2048.0,0.5,False,,,,309561926
4,12,2,0.0,0.139088,0.0,0.0,-0.127075,0.120849609375,0.00439453125,0.0066366285373069545,0.0023701762415092383,987,Ceiling,423,0.103271484375,0.9810420790834316,2048.0,0.5,False,,,,309561926
4,12,2,0.0,0.139088,0.0,0.0,-0.127075,0.120849609375,0.00439453125,0.0066366285373069545,0.0023701762415092383,987,Ceiling,550,0.13427734375,1.0000000000000004,2048.0,0.5,False,,,,309561926
4,12,2,0.0,0.139088,0.0,0.0,-0.127075,0.120849609375,0.00439453125,0.0066366285373069545,0.0023701762415092383,987,Ceiling,715,0.174560546875,1.0000000000000004,2048.0,0.5,False,,,,309561926
4,12,2,0.0,0.139088,0.0,0.0,-0.127075,0.120849609375,0.00439453125,0.0066366285373069545,0.0023701762415092383,987,Ceiling,931,0.227294921875,1.0000000000000004,2048.0,0.5,False,,,,309561926
4,12,2,0.0,0.139088,0.0,0.0,-0.127075,0.120849609375,0.00439453125,0.0066366285373069545,0.0023701762415092383,987,Ceiling,1210,0.29541015625,1.0000000000000004,2048.0,0.5,False,,,,309561926
4,12,2,0.0,0.139088,0.0,0.0,-0.127075,0.120849609375,0.00439453125,0.0066366285373069545,0.0023701762415092383,987,Ceiling,1575,0.384521484375,1.0000000000000004,2048.0,0.5,False,,,,309561926
4,12,2,0.0,0.139088,0.0,0.0,-0.127075,0.120849609375,0.00439453125,0.0066366285373069545,0.0023701762415092383,987,Ceiling,2048,0.5,1.0000000000000004,2048.0,0.5,False,,,,309561926
4,12,2,0.0,0.139088,0.0,0.0,-0.127075,0.120849609375,0.00439453125,0.0066366285373069545,0.0016127476365524465,3701,BARK,1,0.000244140625,0.0016127476365524465,495.0,0.120849609375,True,sector,,,309561926
4,12,2,0.0,0.139088,0.0,0.0,-0.127075,0.120849609375,0.00439453125,0.0066366285373069545,0.0016127476365524465,3701,BARK,2,0.00048828125,0.003878870029806207,495.0,0.120849609375,True,sector,,,309561926
4,12,2,0.0,0.139088,0.0,0.0,-0.127075,0.120849609375,0.00439453125,0.0066366285373069545,0.0016127476365524465,3701,BARK,3,0.000732421875,0.006296812880490212,495.0,0.120849609375,True,sector,,,309561926
4,12,2,0.0,0.139088,0.0,0.0,-0.127075,0.120849609375,0.00439453125,0.0066366285373069545,0.0016127476365524465,3701,BARK,4,0.0009765625,0.00855657007843963,495.0,0.120849609375,True,sector,,,309561926
4,12,2,0.0,0.139088,0.0,0.0,-0.127075,0.120849609375,0.00439453125,0.0066366285373069545,0.0016127476365524465,3701,BARK,5,0.001220703125,0.009544337387345555,495.0,0.120849609375,True,sector,,,309561926
4,12,2,0.0,0.139088,0.0,0.0,-0.127075,0.120849609375,0.00439453125,0.0066366285373069545,0.0016127476365524465,3701,BARK,6,0.00146484375,0.01031565581755224,495.0,0.120849609375,True,sector,,,309561926
4,12,2,0.0,0.139088,0.0,0.0,-0.127075,0.120849609375,0.00439453125,0.0066366285373069545,0.0016127476365524465,3701,BARK,8,0.001953125,0.012199392103967772,495.0,0.120849609375,True,sector,,,309561926
4,12,2,0.0,0.139088,0.0,0.0,-0.127075,0.120849609375,0.00439453125,0.0066366285373069545,0.0016127476365524465,3701,BARK,11,0.002685546875,0.01844462834584472,495.0,0.120849609375,True,sector,,,309561926
4,12,2,0.0,0.139088,0.0,0.0,-0.127075,0.120849609375,0.00439453125,0.0066366285373069545,0.0016127476365524465,3701,BARK,14,0.00341796875,0.02546575589598728,495.0,0.120849609375,True,sector,,,309561926
4,12,2,0.0,0.139088,0.0,0.0,-0.127075,0.120849609375,0.00439453125,0.0066366285373069545,0.0016127476365524465,3701,BARK,18,0.00439453125,0.0292365907205837,495.0,0.120849609375,True,sector,,,309561926
4,12,2,0.0,0.139088,0.0,0.0,-0.127075,0.120849609375,0.00439453125,0.0066366285373069545,0.0016127476365524465,3701,BARK,23,0.005615234375,0.03410120751318596,495.0,0.120849609375,True,sector,,,309561926
4,12,2,0.0,0.139088,0.0,0.0,-0.127075,0.120849609375,0.00439453125,0.0066366285373069545,0.0016127476365524465,3701,BARK,31,0.007568359375,0.04142160122492067,495.0,0.120849609375,True,sector,,,309561926
4,12,2,0.0,0.139088,0.0,0.0,-0.127075,0.120849609375,0.00439453125,0.0066366285373069545,0.0016127476365524465,3701,BARK,40,0.009765625,0.05454875240215117,495.0,0.120849609375,True,sector,,,309561926
4,12,2,0.0,0.139088,0.0,0.0,-0.127075,0.120849609375,0.00439453125,0.0066366285373069545,0.0016127476365524465,3701,BARK,52,0.0126953125,0.06791113230717852,495.0,0.120849609375,True,sector,,,309561926
4,12,2,0.0,0.139088,0.0,0.0,-0.127075,0.120849609375,0.00439453125,0.0066366285373069545,0.0016127476365524465,3701,BARK,67,0.016357421875,0.08004966301241187,495.0,0.120849609375,True,sector,,,309561926
4,12,2,0.0,0.139088,0.0,0.0,-0.127075,0.120849609375,0.00439453125,0.0066366285373069545,0.0016127476365524465,3701,BARK,87,0.021240234375,0.12648895727759382,495.0,0.120849609375,True,sector,,,309561926
4,12,2,0.0,0.139088,0.0,0.0,-0.127075,0.120849609375,0.00439453125,0.0066366285373069545,0.0016127476365524465,3701,BARK,114,0.02783203125,0.17632237034125134,495.0,0.120849609375,True,sector,,,309561926
4,12,2,0.0,0.139088,0.0,0.0,-0.127075,0.120849609375,0.00439453125,0.0066366285373069545,0.0016127476365524465,3701,BARK,148,0.0361328125,0.28636780292834757,495.0,0.120849609375,True,sector,,,309561926
4,12,2,0.0,0.139088,0.0,0.0,-0.127075,0.120849609375,0.00439453125,0.0066366285373069545,0.0016127476365524465,3701,BARK,192,0.046875,0.3779727978559192,495.0,0.120849609375,True,sector,,,309561926
4,12,2,0.0,0.139088,0.0,0.0,-0.127075,0.120849609375,0.00439453125,0.0066366285373069545,0.0016127476365524465,3701,BARK,250,0.06103515625,0.5780246567359538,495.0,0.120849609375,True,sector,,,309561926
4,12,2,0.0,0.139088,0.0,0.0,-0.127075,0.120849609375,0.00439453125,0.0066366285373069545,0.0016127476365524465,3701,BARK,325,0.079345703125,0.7293722043977982,495.0,0.120849609375,True,sector,,,309561926
4,12,2,0.0,0.139088,0.0,0.0,-0.127075,0.120849609375,0.00439453125,0.0066366285373069545,0.0016127476365524465,3701,BARK,423,0.103271484375,0.929477563766749,495.0,0.120849609375,True,sector,,,309561926
4,12,2,0.0,0.139088,0.0,0.0,-0.127075,0.120849609375,0.00439453125,0.0066366285373069545,0.0016127476365524465,3701,BARK,550,0.13427734375,1.0000000000000022,495.0,0.120849609375,True,sector,,,309561926
4,12,2,0.0,0.139088,0.0,0.0,-0.127075,0.120849609375,0.00439453125,0.0066366285373069545,0.0016127476365524465,3701,BARK,715,0.174560546875,1.0000000000000022,495.0,0.120849609375,True,sector,,,309561926
4,12,2,0.0,0.139088,0.0,0.0,-0.127075,0.120849609375,0.00439453125,0.0066366285373069545,0.0016127476365524465,3701,BARK,931,0.227294921875,1.0000000000000022,495.0,0.120849609375,True,sector,,,309561926
4,12,2,0.0,0.139088,0.0,0.0,-0.127075,0.120849609375,0.00439453125,0.0066366285373069545,0.0016127476365524465,3701,BARK,1210,0.29541015625,1.0000000000000022,495.0,0.120849609375,True,sector,,,309561926
4,12,2,0.0,0.139088,0.0,0.0,-0.127075,0.120849609375,0.00439453125,0.0066366285373069545,0.0016127476365524465,3701,BARK,1575,0.384521484375,1.0000000000000022,495.0,0.120849609375,True,sector,,,309561926
4,12,2,0.0,0.139088,0.0,0.0,-0.127075,0.120849609375,0.00439453125,0.0066366285373069545,0.0016127476365524465,3701,BARK,2048,0.5,1.0000000000000022,495.0,0.120849609375,True,sector,,,309561926
4,12,2,0.0,0.139088,0.0,0.0,-0.127075,0.120849609375,0.00439453125,0.0066366285373069545,0.0016127476365524465,3701,Simplified BARK,1,0.000244140625,0.0016127476365524465,495.0,0.120849609375,True,sector,,,309561926
4,12,2,0.0,0.139088,0.0,0.0,-0.127075,0.120849609375,0.00439453125,0.0066366285373069545,0.0016127476365524465,3701,Simplified BARK,2,0.00048828125,0.003878870029806207,495.0,0.120849609375,True,sector,,,309561926
4,12,2,0.0,0.139088,0.0,0.0,-0.127075,0.120849609375,0.00439453125,0.0066366285373069545,0.0016127476365524465,3701,Simplified BARK,3,0.000732421875,0.006296812880490212,495.0,0.120849609375,True,sector,,,309561926
4,12,2,0.0,0.139088,0.0,0.0,-0.127075,0.120849609375,0.00439453125,0.0066366285373069545,0.0016127476365524465,3701,Simplified BARK,4,0.0009765625,0.007184594324676673,495.0,0.120849609375,True,sector,,,309561926
4,12,2,0.0,0.139088,0.0,0.0,-0.127075,0.120849609375,0.00439453125,0.0066366285373069545,0.0016127476365524465,3701,Simplified BARK,5,0.001220703125,0.007241314462040669,495.0,0.120849609375,True,sector,,,309561926
4,12,2,0.0,0.139088,0.0,0.0,-0.127075,0.120849609375,0.00439453125,0.0066366285373069545,0.0016127476365524465,3701,Simplified BARK,6,0.00146484375,0.0070910294208661,495.0,0.120849609375,True,sector,,,309561926
4,12,2,0.0,0.139088,0.0,0.0,-0.127075,0.120849609375,0.00439453125,0.0066366285373069545,0.0016127476365524465,3701,Simplified BARK,8,0.001953125,0.00622998643346325,495.0,0.120849609375,True,sector,,,309561926
4,12,2,0.0,0.139088,0.0,0.0,-0.127075,0.120849609375,0.00439453125,0.0066366285373069545,0.0016127476365524465,3701,Simplified BARK,11,0.002685546875,0.006347706333238252,495.0,0.120849609375,True,sector,,,309561926
4,12,2,0.0,0.139088,0.0,0.0,-0.127075,0.120849609375,0.00439453125,0.0066366285373069545,0.0016127476365524465,3701,Simplified BARK,14,0.00341796875,0.004217310899756578,495.0,0.120849609375,True,sector,,,309561926
4,12,2,0.0,0.139088,0.0,0.0,-0.127075,0.120849609375,0.00439453125,0.0066366285373069545,0.0016127476365524465,3701,Simplified BARK,18,0.00439453125,0.006600247651678803,495.0,0.120849609375,True,sector,,,309561926
4,12,2,0.0,0.139088,0.0,0.0,-0.127075,0.120849609375,0.00439453125,0.0066366285373069545,0.0016127476365524465,3701,Simplified BARK,23,0.005615234375,0.011813485071005695,495.0,0.120849609375,True,sector,,,309561926
4,12,2,0.0,0.139088,0.0,0.0,-0.127075,0.120849609375,0.00439453125,0.0066366285373069545,0.0016127476365524465,3701,Simplified BARK,31,0.007568359375,0.014175358284825003,495.0,0.120849609375,True,sector,,,309561926
4,12,2,0.0,0.139088,0.0,0.0,-0.127075,0.120849609375,0.00439453125,0.0066366285373069545,0.0016127476365524465,3701,Simplified BARK,40,0.009765625,0.02617321080908661,495.0,0.120849609375,True,sector,,,309561926
4,12,2,0.0,0.139088,0.0,0.0,-0.127075,0.120849609375,0.00439453125,0.0066366285373069545,0.0016127476365524465,3701,Simplified BARK,52,0.0126953125,0.04141289244820638,495.0,0.120849609375,True,sector,,,309561926
4,12,2,0.0,0.139088,0.0,0.0,-0.127075,0.120849609375,0.00439453125,0.0066366285373069545,0.0016127476365524465,3701,Simplified BARK,67,0.016357421875,0.05671131501824193,495.0,0.120849609375,True,sector,,,309561926
4,12,2,0.0,0.139088,0.0,0.0,-0.127075,0.120849609375,0.00439453125,0.0066366285373069545,0.0016127476365524465,3701,Simplified BARK,87,0.021240234375,0.11168878591686797,495.0,0.120849609375,True,sector,,,309561926
4,12,2,0.0,0.139088,0.0,0.0,-0.127075,0.120849609375,0.00439453125,0.0066366285373069545,0.0016127476365524465,3701,Simplified BARK,114,0.02783203125,0.16858218792878304,495.0,0.120849609375,True,sector,,,309561926
4,12,2,0.0,0.139088,0.0,0.0,-0.127075,0.120849609375,0.00439453125,0.0066366285373069545,0.0016127476365524465,3701,Simplified BARK,148,0.0361328125,0.22901918837372623,495.0,0.120849609375,True,sector,,,309561926
4,12,2,0.0,0.139088,0.0,0.0,-0.127075,0.120849609375,0.00439453125,0.0066366285373069545,0.0016127476365524465,3701,Simplified BARK,192,0.046875,0.29407227859196877,495.0,0.120849609375,True,sector,,,309561926
4,12,2,0.0,0.139088,0.0,0.0,-0.127075,0.120849609375,0.00439453125,0.0066366285373069545,0.0016127476365524465,3701,Simplified BARK,250,0.06103515625,0.4350401741400426,495.0,0.120849609375,True,sector,,,309561926
4,12,2,0.0,0.139088,0.0,0.0,-0.127075,0.120849609375,0.00439453125,0.0066366285373069545,0.0016127476365524465,3701,Simplified BARK,325,0.079345703125,0.6172508183604196,495.0,0.120849609375,True,sector,,,309561926
4,12,2,0.0,0.139088,0.0,0.0,-0.127075,0.120849609375,0.00439453125,0.0066366285373069545,0.0016127476365524465,3701,Simplified BARK,423,0.103271484375,0.8723112706668071,495.0,0.120849609375,True,sector,,,309561926
4,12,2,0.0,0.139088,0.0,0.0,-0.127075,0.120849609375,0.00439453125,0.0066366285373069545,0.0016127476365524465,3701,Simplified BARK,550,0.13427734375,1.0000000000000022,495.0,0.120849609375,True,sector,,,309561926
4,12,2,0.0,0.139088,0.0,0.0,-0.127075,0.120849609375,0.00439453125,0.0066366285373069545,0.0016127476365524465,3701,Simplified BARK,715,0.174560546875,1.0000000000000022,495.0,0.120849609375,True,sector,,,309561926
4,12,2,0.0,0.139088,0.0,0.0,-0.127075,0.120849609375,0.00439453125,0.0066366285373069545,0.0016127476365524465,3701,Simplified BARK,931,0.227294921875,1.0000000000000022,495.0,0.120849609375,True,sector,,,309561926
4,12,2,0.0,0.139088,0.0,0.0,-0.127075,0.120849609375,0.00439453125,0.0066366285373069545,0.0016127476365524465,3701,Simplified BARK,1210,0.29541015625,1.0000000000000022,495.0,0.120849609375,True,sector,,,309561926
4,12,2,0.0,0.139088,0.0,0.0,-0.127075,0.120849609375,0.00439453125,0.0066366285373069545,0.0016127476365524465,3701,Simplified BARK,1575,0.384521484375,1.0000000000000022,495.0,0.120849609375,True,sector,,,309561926
4,12,2,0.0,0.139088,0.0,0.0,-0.127075,0.120849609375,0.00439453125,0.0066366285373069545,0.0016127476365524465,3701,Simplified BARK,2048,0.5,1.0000000000000022,495.0,0.120849609375,True,sector,,,309561926
4,12,2,0.0,0.139088,0.0,0.0,-0.127075,0.120849609375,0.00439453125,0.0066366285373069545,0.0016127476365524465,3701,SKQD,1,0.000244140625,0.0016127476365524465,495.0,0.120849609375,True,converged;converged;converged,0.02,1000.0,309561926
4,12,2,0.0,0.139088,0.0,0.0,-0.127075,0.120849609375,0.00439453125,0.0066366285373069545,0.0016127476365524465,3701,SKQD,2,0.00048828125,0.00267631991405959,495.0,0.120849609375,True,converged;converged;converged,0.02,1000.0,309561926
4,12,2,0.0,0.139088,0.0,0.0,-0.127075,0.120849609375,0.00439453125,0.0066366285373069545,0.0016127476365524465,3701,SKQD,3,0.000732421875,0.005394645138265712,495.0,0.120849609375,True,converged;converged;converged,0.02,1000.0,309561926
4,12,2,0.0,0.139088,0.0,0.0,-0.127075,0.120849609375,0.00439453125,0.0066366285373069545,0.0016127476365524465,3701,SKQD,4,0.0009765625,0.005943664624865968,495.0,0.120849609375,True,converged;converged;converged,0.02,1000.0,309561926
4,12,2,0.0,0.139088,0.0,0.0,-0.127075,0.120849609375,0.00439453125,0.0066366285373069545,0.0016127476365524465,3701,SKQD,5,0.001220703125,0.007949565547510482,495.0,0.120849609375,True,converged;converged;converged,0.02,1000.0,309561926
4,12,2,0.0,0.139088,0.0,0.0,-0.127075,0.120849609375,0.00439453125,0.0066366285373069545,0.0016127476365524465,3701,SKQD,6,0.00146484375,0.008631241578572861,495.0,0.120849609375,True,converged;converged;converged,0.02,1000.0,309561926
4,12,2,0.0,0.139088,0.0,0.0,-0.127075,0.120849609375,0.00439453125,0.0066366285373069545,0.0016127476365524465,3701,SKQD,8,0.001953125,0.011944733782007088,495.0,0.120849609375,True,converged;converged;converged,0.02,1000.0,309561926
4,12,2,0.0,0.139088,0.0,0.0,-0.127075,0.120849609375,0.00439453125,0.0066366285373069545,0.0016127476365524465,3701,SKQD,11,0.002685546875,0.015488013263837933,495.0,0.120849609375,True,converged;converged;converged,0.02,1000.0,309561926
4,12,2,0.0,0.139088,0.0,0.0,-0.127075,0.120849609375,0.00439453125,0.0066366285373069545,0.0016127476365524465,3701,SKQD,14,0.00341796875,0.022156297565694167,495.0,0.120849609375,True,converged;converged;converged,0.02,1000.0,309561926
4,12,2,0.0,0.139088,0.0,0.0,-0.127075,0.120849609375,0.00439453125,0.0066366285373069545,0.0016127476365524465,3701,SKQD,18,0.00439453125,0.030440321515881122,495.0,0.120849609375,True,converged;converged;converged,0.02,1000.0,309561926
4,12,2,0.0,0.139088,0.0,0.0,-0.127075,0.120849609375,0.00439453125,0.0066366285373069545,0.0016127476365524465,3701,SKQD,23,0.005615234375,0.03814804619990041,495.0,0.120849609375,True,converged;converged;converged,0.02,1000.0,309561926
4,12,2,0.0,0.139088,0.0,0.0,-0.127075,0.120849609375,0.00439453125,0.0066366285373069545,0.0016127476365524465,3701,SKQD,31,0.007568359375,0.05119802537230064,495.0,0.120849609375,True,converged;converged;converged,0.02,1000.0,309561926
4,12,2,0.0,0.139088,0.0,0.0,-0.127075,0.120849609375,0.00439453125,0.0066366285373069545,0.0016127476365524465,3701,SKQD,40,0.009765625,0.06674820091984825,495.0,0.120849609375,True,converged;converged;converged,0.02,1000.0,309561926
4,12,2,0.0,0.139088,0.0,0.0,-0.127075,0.120849609375,0.00439453125,0.0066366285373069545,0.0016127476365524465,3701,SKQD,52,0.0126953125,0.08907785882336128,495.0,0.120849609375,True,converged;converged;converged,0.02,1000.0,309561926
4,12,2,0.0,0.139088,0.0,0.0,-0.127075,0.120849609375,0.00439453125,0.0066366285373069545,0.0016127476365524465,3701,SKQD,67,0.016357421875,0.11692456679509243,495.0,0.120849609375,True,converged;converged;converged,0.02,1000.0,309561926
4,12,2,0.0,0.139088,0.0,0.0,-0.127075,0.120849609375,0.00439453125,0.0066366285373069545,0.0016127476365524465,3701,SKQD,87,0.021240234375,0.14999906380301545,495.0,0.120849609375,True,converged;converged;converged,0.02,1000.0,309561926
4,12,2,0.0,0.139088,0.0,0.0,-0.127075,0.120849609375,0.00439453125,0.0066366285373069545,0.0016127476365524465,3701,SKQD,114,0.02783203125,0.20593450446195752,495.0,0.120849609375,True,converged;converged;converged,0.02,1000.0,309561926
4,12,2,0.0,0.139088,0.0,0.0,-0.127075,0.120849609375,0.00439453125,0.0066366285373069545,0.0016127476365524465,3701,SKQD,148,0.0361328125,0.2787855697658555,495.0,0.120849609375,True,converged;converged;converged,0.02,1000.0,309561926
4,12,2,0.0,0.139088,0.0,0.0,-0.127075,0.120849609375,0.00439453125,0.0066366285373069545,0.0016127476365524465,3701,SKQD,192,0.046875,0.3845270944227952,495.0,0.120849609375,True,converged;converged;converged,0.02,1000.0,309561926
4,12,2,0.0,0.139088,0.0,0.0,-0.127075,0.120849609375,0.00439453125,0.0066366285373069545,0.0016127476365524465,3701,SKQD,250,0.06103515625,0.5090813021182137,495.0,0.120849609375,True,converged;converged;converged,0.02,1000.0,309561926
4,12,2,0.0,0.139088,0.0,0.0,-0.127075,0.120849609375,0.00439453125,0.0066366285373069545,0.0016127476365524465,3701,SKQD,325,0.079345703125,0.6891762711139067,495.0,0.120849609375,True,converged;converged;converged,0.02,1000.0,309561926
4,12,2,0.0,0.139088,0.0,0.0,-0.127075,0.120849609375,0.00439453125,0.0066366285373069545,0.0016127476365524465,3701,SKQD,423,0.103271484375,0.9114795295627752,495.0,0.120849609375,True,converged;converged;converged,0.02,1000.0,309561926
4,12,2,0.0,0.139088,0.0,0.0,-0.127075,0.120849609375,0.00439453125,0.0066366285373069545,0.0016127476365524465,3701,SKQD,550,0.13427734375,1.0000000000000016,495.0,0.120849609375,True,converged;converged;converged,0.02,1000.0,309561926
4,12,2,0.0,0.139088,0.0,0.0,-0.127075,0.120849609375,0.00439453125,0.0066366285373069545,0.0016127476365524465,3701,SKQD,715,0.174560546875,1.0000000000000016,495.0,0.120849609375,True,converged;converged;converged,0.02,1000.0,309561926
4,12,2,0.0,0.139088,0.0,0.0,-0.127075,0.120849609375,0.00439453125,0.0066366285373069545,0.0016127476365524465,3701,SKQD,931,0.227294921875,1.0000000000000016,495.0,0.120849609375,True,converged;converged;converged,0.02,1000.0,309561926
4,12,2,0.0,0.139088,0.0,0.0,-0.127075,0.120849609375,0.00439453125,0.0066366285373069545,0.0016127476365524465,3701,SKQD,1210,0.29541015625,1.0000000000000016,495.0,0.120849609375,True,converged;converged;converged,0.02,1000.0,309561926
4,12,2,0.0,0.139088,0.0,0.0,-0.127075,0.120849609375,0.00439453125,0.0066366285373069545,0.0016127476365524465,3701,SKQD,1575,0.384521484375,1.0000000000000016,495.0,0.120849609375,True,converged;converged;converged,0.02,1000.0,309561926
4,12,2,0.0,0.139088,0.0,0.0,-0.127075,0.120849609375,0.00439453125,0.0066366285373069545,0.0016127476365524465,3701,SKQD,2048,0.5,1.0000000000000016,495.0,0.120849609375,True,converged;converged;converged,0.02,1000.0,309561926
4,12,2,0.0,0.139088,0.0,0.0,-0.127075,0.120849609375,0.00439453125,0.0066366285373069545,0.0016127476365524465,3701,Ceiling,1,0.000244140625,0.00936801142702855,2048.0,0.5,False,,,,309561926
4,12,2,0.0,0.139088,0.0,0.0,-0.127075,0.120849609375,0.00439453125,0.0066366285373069545,0.0016127476365524465,3701,Ceiling,2,0.00048828125,0.018736022854057087,2048.0,0.5,False,,,,309561926
4,12,2,0.0,0.139088,0.0,0.0,-0.127075,0.120849609375,0.00439453125,0.0066366285373069545,0.0016127476365524465,3701,Ceiling,3,0.000732421875,0.026349605228540865,2048.0,0.5,False,,,,309561926
4,12,2,0.0,0.139088,0.0,0.0,-0.127075,0.120849609375,0.00439453125,0.0066366285373069545,0.0016127476365524465,3701,Ceiling,4,0.0009765625,0.03396318760302462,2048.0,0.5,False,,,,309561926
4,12,2,0.0,0.139088,0.0,0.0,-0.127075,0.120849609375,0.00439453125,0.0066366285373069545,0.0016127476365524465,3701,Ceiling,5,0.001220703125,0.04054576872287531,2048.0,0.5,False,,,,309561926
4,12,2,0.0,0.139088,0.0,0.0,-0.127075,0.120849609375,0.00439453125,0.0066366285373069545,0.0016127476365524465,3701,Ceiling,6,0.00146484375,0.047128349842726,2048.0,0.5,False,,,,309561926
4,12,2,0.0,0.139088,0.0,0.0,-0.127075,0.120849609375,0.00439453125,0.0066366285373069545,0.0016127476365524465,3701,Ceiling,8,0.001953125,0.06029351208242738,2048.0,0.5,False,,,,309561926
4,12,2,0.0,0.139088,0.0,0.0,-0.127075,0.120849609375,0.00439453125,0.0066366285373069545,0.0016127476365524465,3701,Ceiling,11,0.002685546875,0.07899839720759275,2048.0,0.5,False,,,,309561926
4,12,2,0.0,0.139088,0.0,0.0,-0.127075,0.120849609375,0.00439453125,0.0066366285373069545,0.0016127476365524465,3701,Ceiling,14,0.00341796875,0.09770188809038147,2048.0,0.5,False,,,,309561926
4,12,2,0.0,0.139088,0.0,0.0,-0.127075,0.120849609375,0.00439453125,0.0066366285373069545,0.0016127476365524465,3701,Ceiling,18,0.00439453125,0.12246443219070227,2048.0,0.5,False,,,,309561926
4,12,2,0.0,0.139088,0.0,0.0,-0.127075,0.120849609375,0.00439453125,0.0066366285373069545,0.0016127476365524465,3701,Ceiling,23,0.005615234375,0.1526708556105405,2048.0,0.5,False,,,,309561926
4,12,2,0.0,0.139088,0.0,0.0,-0.127075,0.120849609375,0.00439453125,0.0066366285373069545,0.0016127476365524465,3701,Ceiling,31,0.007568359375,0.19744872642075217,2048.0,0.5,False,,,,309561926
4,12,2,0.0,0.139088,0.0,0.0,-0.127075,0.120849609375,0.00439453125,0.0066366285373069545,0.0016127476365524465,3701,Ceiling,40,0.009765625,0.24310206687521502,2048.0,0.5,False,,,,309561926
4,12,2,0.0,0.139088,0.0,0.0,-0.127075,0.120849609375,0.00439453125,0.0066366285373069545,0.0016127476365524465,3701,Ceiling,52,0.0126953125,0.2960091514089671,2048.0,0.5,False,,,,309561926
4,12,2,0.0,0.139088,0.0,0.0,-0.127075,0.120849609375,0.00439453125,0.0066366285373069545,0.0016127476365524465,3701,Ceiling,67,0.016357421875,0.35722166078064266,2048.0,0.5,False,,,,309561926
4,12,2,0.0,0.139088,0.0,0.0,-0.127075,0.120849609375,0.00439453125,0.0066366285373069545,0.0016127476365524465,3701,Ceiling,87,0.021240234375,0.42559100741659317,2048.0,0.5,False,,,,309561926
4,12,2,0.0,0.139088,0.0,0.0,-0.127075,0.120849609375,0.00439453125,0.0066366285373069545,0.0016127476365524465,3701,Ceiling,114,0.02783203125,0.5069304390969928,2048.0,0.5,False,,,,309561926
4,12,2,0.0,0.139088,0.0,0.0,-0.127075,0.120849609375,0.00439453125,0.0066366285373069545,0.0016127476365524465,3701,Ceiling,148,0.0361328125,0.5972862225822738,2048.0,0.5,False,,,,309561926
4,12,2,0.0,0.139088,0.0,0.0,-0.127075,0.120849609375,0.00439453125,0.0066366285373069545,0.0016127476365524465,3701,Ceiling,192,0.046875,0.6978663474001122,2048.0,0.5,False,,,,309561926
4,12,2,0.0,0.139088,0.0,0.0,-0.127075,0.120849609375,0.00439453125,0.0066366285373069545,0.0016127476365524465,3701,Ceiling,250,0.06103515625,0.8093169919742417,2048.0,0.5,False,,,,309561926
4,12,2,0.0,0.139088,0.0,0.0,-0.127075,0.120849609375,0.00439453125,0.0066366285373069545,0.0016127476365524465,3701,Ceiling,325,0.079345703125,0.9069763089013405,2048.0,0.5,False,,,,309561926
4,12,2,0.0,0.139088,0.0,0.0,-0.127075,0.120849609375,0.00439453125,0.0066366285373069545,0.0016127476365524465,3701,Ceiling,423,0.103271484375,0.9810420790834316,2048.0,0.5,False,,,,309561926
4,12,2,0.0,0.139088,0.0,0.0,-0.127075,0.120849609375,0.00439453125,0.0066366285373069545,0.0016127476365524465,3701,Ceiling,550,0.13427734375,1.0000000000000004,2048.0,0.5,False,,,,309561926
4,12,2,0.0,0.139088,0.0,0.0,-0.127075,0.120849609375,0.00439453125,0.0066366285373069545,0.0016127476365524465,3701,Ceiling,715,0.174560546875,1.0000000000000004,2048.0,0.5,False,,,,309561926
4,12,2,0.0,0.139088,0.0,0.0,-0.127075,0.120849609375,0.00439453125,0.0066366285373069545,0.0016127476365524465,3701,Ceiling,931,0.227294921875,1.0000000000000004,2048.0,0.5,False,,,,309561926
4,12,2,0.0,0.139088,0.0,0.0,-0.127075,0.120849609375,0.00439453125,0.0066366285373069545,0.0016127476365524465,3701,Ceiling,1210,0.29541015625,1.0000000000000004,2048.0,0.5,False,,,,309561926
4,12,2,0.0,0.139088,0.0,0.0,-0.127075,0.120849609375,0.00439453125,0.0066366285373069545,0.0016127476365524465,3701,Ceiling,1575,0.384521484375,1.0000000000000004,2048.0,0.5,False,,,,309561926
4,12,2,0.0,0.139088,0.0,0.0,-0.127075,0.120849609375,0.00439453125,0.0066366285373069545,0.0016127476365524465,3701,Ceiling,2048,0.5,1.0000000000000004,2048.0,0.5,False,,,,309561926
