Hamiltonian_Index,Number_of_Sites,Dimensions,Delta,J,Bx,By,Bz,Ground_State_Density,Hamiltonian_Density,Gap,Overlap,Initial_State_Index,Algorithm,Budget,Budget_Fraction,Fidelity,Final_Pool_Size,Final_Pool_Fraction,Terminated_Early,Termination,T,N_Shots,Seed
5,12,1,100.0,-0.806853,0.0,0.0,-0.047127,0.000244140625,0.0029296875,1.1310480000007601,1.0,4095,BARK,1,0.000244140625,1.0,1.0,0.000244140625,True,sector,,,3362521208
5,12,1,100.0,-0.806853,0.0,0.0,-0.047127,0.000244140625,0.0029296875,1.1310480000007601,1.0,4095,BARK,2,0.00048828125,1.0,1.0,0.000244140625,True,sector,,,3362521208
5,12,1,100.0,-0.806853,0.0,0.0,-0.047127,0.000244140625,0.0029296875,1.1310480000007601,1.0,4095,BARK,3,0.000732421875,1.0,1.0,0.000244140625,True,sector,,,3362521208
5,12,1,100.0,-0.806853,0.0,0.0,-0.047127,0.000244140625,0.0029296875,1.1310480000007601,1.0,4095,BARK,4,0.0009765625,1.0,1.0,0.000244140625,True,sector,,,3362521208
5,12,1,100.0,-0.806853,0.0,0.0,-0.047127,0.000244140625,0.0029296875,1.1310480000007601,1.0,4095,BARK,5,0.001220703125,1.0,1.0,0.000244140625,True,sector,,,3362521208
5,12,1,100.0,-0.806853,0.0,0.0,-0.047127,0.000244140625,0.0029296875,1.1310480000007601,1.0,4095,BARK,6,0.00146484375,1.0,1.0,0.000244140625,True,sector,,,3362521208
5,12,1,100.0,-0.806853,0.0,0.0,-0.047127,0.000244140625,0.0029296875,1.1310480000007601,1.0,4095,BARK,8,0.001953125,1.0,1.0,0.000244140625,True,sector,,,3362521208
5,12,1,100.0,-0.806853,0.0,0.0,-0.047127,0.000244140625,0.0029296875,1.1310480000007601,1.0,4095,BARK,11,0.002685546875,1.0,1.0,0.000244140625,True,sector,,,3362521208
5,12,1,100.0,-0.806853,0.0,0.0,-0.047127,0.000244140625,0.0029296875,1.1310480000007601,1.0,4095,BARK,14,0.00341796875,1.0,1.0,0.000244140625,True,sector,,,3362521208
5,12,1,100.0,-0.806853,0.0,0.0,-0.047127,0.000244140625,0.0029296875,1.1310480000007601,1.0,4095,BARK,18,0.00439453125,1.0,1.0,0.000244140625,True,sector,,,3362521208
5,12,1,100.0,-0.806853,0.0,0.0,-0.047127,0.000244140625,0.0029296875,1.1310480000007601,1.0,4095,BARK,23,0.005615234375,1.0,1.0,0.000244140625,True,sector,,,3362521208
5,12,1,100.0,-0.806853,0.0,0.0,-0.047127,0.000244140625,0.0029296875,1.1310480000007601,1.0,4095,BARK,31,0.007568359375,1.0,1.0,0.000244140625,True,sector,,,3362521208
5,12,1,100.0,-0.806853,0.0,0.0,-0.047127,0.000244140625,0.0029296875,1.1310480000007601,1.0,4095,BARK,40,0.009765625,1.0,1.0,0.000244140625,True,sector,,,3362521208
5,12,1,100.0,-0.806853,0.0,0.0,-0.047127,0.000244140625,0.0029296875,1.1310480000007601,1.0,4095,BARK,52,0.0126953125,1.0,1.0,0.000244140625,True,sector,,,3362521208
5,12,1,100.0,-0.806853,0.0,0.0,-0.047127,0.000244140625,0.0029296875,1.1310480000007601,1.0,4095,BARK,67,0.016357421875,1.0,1.0,0.000244140625,True,sector,,,3362521208
5,12,1,100.0,-0.806853,0.0,0.0,-0.047127,0.000244140625,0.0029296875,1.1310480000007601,1.0,4095,BARK,87,0.021240234375,1.0,1.0,0.000244140625,True,sector,,,3362521208
5,12,1,100.0,-0.806853,0.0,0.0,-0.047127,0.000244140625,0.0029296875,1.1310480000007601,1.0,4095,BARK,114,0.02783203125,1.0,1.0,0.000244140625,True,sector,,,3362521208
5,12,1,100.0,-0.806853,0.0,0.0,-0.047127,0.000244140625,0.0029296875,1.1310480000007601,1.0,4095,BARK,148,0.0361328125,1.0,1.0,0.000244140625,True,sector,,,3362521208
5,12,1,100.0,-0.806853,0.0,0.0,-0.047127,0.000244140625,0.0029296875,1.1310480000007601,1.0,4095,BARK,192,0.046875,1.0,1.0,0.000244140625,True,sector,,,3362521208
5,12,1,100.0,-0.806853,0.0,0.0,-0.047127,0.000244140625,0.0029296875,1.1310480000007601,1.0,4095,BARK,250,0.06103515625,1.0,1.0,0.000244140625,True,sector,,,3362521208
5,12,1,100.0,-0.806853,0.0,0.0,-0.047127,0.000244140625,0.0029296875,1.1310480000007601,1.0,4095,BARK,325,0.079345703125,1.0,1.0,0.000244140625,True,sector,,,3362521208
5,12,1,100.0,-0.806853,0.0,0.0,-0.047127,0.000244140625,0.0029296875,1.1310480000007601,1.0,4095,BARK,423,0.103271484375,1.0,1.0,0.000244140625,True,sector,,,3362521208
5,12,1,100.0,-0.806853,0.0,0.0,-0.047127,0.000244140625,0.0029296875,1.1310480000007601,1.0,4095,BARK,550,0.13427734375,1.0,1.0,0.000244140625,True,sector,,,3362521208
5,12,1,100.0,-0.806853,0.0,0.0,-0.047127,0.000244140625,0.0029296875,1.1310480000007601,1.0,4095,BARK,715,0.174560546875,1.0,1.0,0.000244140625,True,sector,,,3362521208
5,12,1,100.0,-0.806853,0.0,0.0,-0.047127,0.000244140625,0.0029296875,1.1310480000007601,1.0,4095,BARK,931,0.227294921875,1.0,1.0,0.000244140625,True,sector,,,3362521208
5,12,1,100.0,-0.806853,0.0,0.0,-0.047127,0.000244140625,0.0029296875,1.1310480000007601,1.0,4095,BARK,1210,0.29541015625,1.0,1.0,0.000244140625,True,sector,,,3362521208
5,12,1,100.0,-0.806853,0.0,0.0,-0.047127,0.000244140625,0.0029296875,1.1310480000007601,1.0,4095,BARK,1575,0.384521484375,1.0,1.0,0.000244140625,True,sector,,,3362521208
5,12,1,100.0,-0.806853,0.0,0.0,-0.047127,0.000244140625,0.0029296875,1.1310480000007601,1.0,4095,BARK,2048,0.5,1.0,1.0,0.000244140625,True,sector,,,3362521208
5,12,1,100.0,-0.806853,0.0,0.0,-0.047127,0.000244140625,0.0029296875,1.1310480000007601,1.0,4095,Simplified BARK,1,0.000244140625,1.0,1.0,0.000244140625,True,sector,,,3362521208
5,12,1,100.0,-0.806853,0.0,0.0,-0.047127,0.000244140625,0.0029296875,1.1310480000007601,1.0,4095,Simplified BARK,2,0.00048828125,1.0,1.0,0.000244140625,True,sector,,,3362521208
5,12,1,100.0,-0.806853,0.0,0.0,-0.047127,0.000244140625,0.0029296875,1.1310480000007601,1.0,4095,Simplified BARK,3,0.000732421875,1.0,1.0,0.000244140625,True,sector,,,3362521208
5,12,1,100.0,-0.806853,0.0,0.0,-0.047127,0.000244140625,0.0029296875,1.1310480000007601,1.0,4095,Simplified BARK,4,0.0009765625,1.0,1.0,0.000244140625,True,sector,,,3362521208
5,12,1,100.0,-0.806853,0.0,0.0,-0.047127,0.000244140625,0.0029296875,1.1310480000007601,1.0,4095,Simplified BARK,5,0.001220703125,1.0,1.0,0.000244140625,True,sector,,,3362521208
5,12,1,100.0,-0.806853,0.0,0.0,-0.047127,0.000244140625,0.0029296875,1.1310480000007601,1.0,4095,Simplified BARK,6,0.00146484375,1.0,1.0,0.000244140625,True,sector,,,3362521208
5,12,1,100.0,-0.806853,0.0,0.0,-0.047127,0.000244140625,0.0029296875,1.1310480000007601,1.0,4095,Simplified BARK,8,0.001953125,1.0,1.0,0.000244140625,True,sector,,,3362521208
5,12,1,100.0,-0.806853,0.0,0.0,-0.047127,0.000244140625,0.0029296875,1.1310480000007601,1.0,4095,Simplified BARK,11,0.002685546875,1.0,1.0,0.000244140625,True,sector,,,3362521208
5,12,1,100.0,-0.806853,0.0,0.0,-0.047127,0.000244140625,0.0029296875,1.1310480000007601,1.0,4095,Simplified BARK,14,0.00341796875,1.0,1.0,0.000244140625,True,sector,,,3362521208
5,12,1,100.0,-0.806853,0.0,0.0,-0.047127,0.000244140625,0.0029296875,1.1310480000007601,1.0,4095,Simplified BARK,18,0.00439453125,1.0,1.0,0.000244140625,True,sector,,,3362521208
5,12,1,100.0,-0.806853,0.0,0.0,-0.047127,0.000244140625,0.0029296875,1.1310480000007601,1.0,4095,Simplified BARK,23,0.005615234375,1.0,1.0,0.000244140625,True,sector,,,3362521208
5,12,1,100.0,-0.806853,0.0,0.0,-0.047127,0.000244140625,0.0029296875,1.1310480000007601,1.0,4095,Simplified BARK,31,0.007568359375,1.0,1.0,0.000244140625,True,sector,,,3362521208
5,12,1,100.0,-0.806853,0.0,0.0,-0.047127,0.000244140625,0.0029296875,1.1310480000007601,1.0,4095,Simplified BARK,40,0.009765625,1.0,1.0,0.000244140625,True,sector,,,3362521208
5,12,1,100.0,-0.806853,0.0,0.0,-0.047127,0.000244140625,0.0029296875,1.1310480000007601,1.0,4095,Simplified BARK,52,0.0126953125,1.0,1.0,0.000244140625,True,sector,,,3362521208
5,12,1,100.0,-0.806853,0.0,0.0,-0.047127,0.000244140625,0.0029296875,1.1310480000007601,1.0,4095,Simplified BARK,67,0.016357421875,1.0,1.0,0.000244140625,True,sector,,,3362521208
5,12,1,100.0,-0.806853,0.0,0.0,-0.047127,0.000244140625,0.0029296875,1.1310480000007601,1.0,4095,Simplified BARK,87,0.021240234375,1.0,1.0,0.000244140625,True,sector,,,3362521208
5,12,1,100.0,-0.806853,0.0,0.0,-0.047127,0.000244140625,0.0029296875,1.1310480000007601,1.0,4095,Simplified BARK,114,0.02783203125,1.0,1.0,0.000244140625,True,sector,,,3362521208
5,12,1,100.0,-0.806853,0.0,0.0,-0.047127,0.000244140625,0.0029296875,1.1310480000007601,1.0,4095,Simplified BARK,148,0.0361328125,1.0,1.0,0.000244140625,True,sector,,,3362521208
5,12,1,100.0,-0.806853,0.0,0.0,-0.047127,0.000244140625,0.0029296875,1.1310480000007601,1.0,4095,Simplified BARK,192,0.046875,1.0,1.0,0.000244140625,True,sector,,,3362521208
5,12,1,100.0,-0.806853,0.0,0.0,-0.047127,0.000244140625,0.0029296875,1.1310480000007601,1.0,4095,Simplified BARK,250,0.06103515625,1.0,1.0,0.000244140625,True,sector,,,3362521208
5,12,1,100.0,-0.806853,0.0,0.0,-0.047127,0.000244140625,0.0029296875,1.1310480000007601,1.0,4095,Simplified BARK,325,0.079345703125,1.0,1.0,0.000244140625,True,sector,,,3362521208
5,12,1,100.0,-0.806853,0.0,0.0,-0.047127,0.000244140625,0.0029296875,1.1310480000007601,1.0,4095,Simplified BARK,423,0.103271484375,1.0,1.0,0.000244140625,True,sector,,,3362521208
5,12,1,100.0,-0.806853,0.0,0.0,-0.047127,0.000244140625,0.0029296875,1.1310480000007601,1.0,4095,Simplified BARK,550,0.13427734375,1.0,1.0,0.000244140625,True,sector,,,3362521208
5,12,1,100.0,-0.806853,0.0,0.0,-0.047127,0.000244140625,0.0029296875,1.1310480000007601,1.0,4095,Simplified BARK,715,0.174560546875,1.0,1.0,0.000244140625,True,sector,,,3362521208
5,12,1,100.0,-0.806853,0.0,0.0,-0.047127,0.000244140625,0.0029296875,1.1310480000007601,1.0,4095,Simplified BARK,931,0.227294921875,1.0,1.0,0.000244140625,True,sector,,,3362521208
5,12,1,100.0,-0.806853,0.0,0.0,-0.047127,0.000244140625,0.0029296875,1.1310480000007601,1.0,4095,Simplified BARK,1210,0.29541015625,1.0,1.0,0.000244140625,True,sector,,,3362521208
5,12,1,100.0,-0.806853,0.0,0.0,-0.047127,0.000244140625,0.0029296875,1.1310480000007601,1.0,4095,Simplified BARK,1575,0.384521484375,1.0,1.0,0.000244140625,True,sector,,,3362521208
5,12,1,100.0,-0.806853,0.0,0.0,-0.047127,0.000244140625,0.0029296875,1.1310480000007601,1.0,4095,Simplified BARK,2048,0.5,1.0,1.0,0.000244140625,True,sector,,,3362521208
5,12,1,100.0,-0.806853,0.0,0.0,-0.047127,0.000244140625,0.0029296875,1.1310480000007601,1.0,4095,SKQD,1,0.000244140625,1.0,1.0,0.000244140625,True,sector;sector;sector,0.02,10.0,3362521208
5,12,1,100.0,-0.806853,0.0,0.0,-0.047127,0.000244140625,0.0029296875,1.1310480000007601,1.0,4095,SKQD,2,0.00048828125,1.0,1.0,0.000244140625,True,sector;sector;sector,0.02,10.0,3362521208
5,12,1,100.0,-0.806853,0.0,0.0,-0.047127,0.000244140625,0.0029296875,1.1310480000007601,1.0,4095,SKQD,3,0.000732421875,1.0,1.0,0.000244140625,True,sector;sector;sector,0.02,10.0,3362521208
5,12,1,100.0,-0.806853,0.0,0.0,-0.047127,0.000244140625,0.0029296875,1.1310480000007601,1.0,4095,SKQD,4,0.0009765625,1.0,1.0,0.000244140625,True,sector;sector;sector,0.02,10.0,3362521208
5,12,1,100.0,-0.806853,0.0,0.0,-0.047127,0.000244140625,0.0029296875,1.1310480000007601,1.0,4095,SKQD,5,0.001220703125,1.0,1.0,0.000244140625,True,sector;sector;sector,0.02,10.0,3362521208
5,12,1,100.0,-0.806853,0.0,0.0,-0.047127,0.000244140625,0.0029296875,1.1310480000007601,1.0,4095,SKQD,6,0.00146484375,1.0,1.0,0.000244140625,True,sector;sector;sector,0.02,10.0,3362521208
5,12,1,100.0,-0.806853,0.0,0.0,-0.047127,0.000244140625,0.0029296875,1.1310480000007601,1.0,4095,SKQD,8,0.001953125,1.0,1.0,0.000244140625,True,sector;sector;sector,0.02,10.0,3362521208
5,12,1,100.0,-0.806853,0.0,0.0,-0.047127,0.000244140625,0.0029296875,1.1310480000007601,1.0,4095,SKQD,11,0.002685546875,1.0,1.0,0.000244140625,True,sector;sector;sector,0.02,10.0,3362521208
5,12,1,100.0,-0.806853,0.0,0.0,-0.047127,0.000244140625,0.0029296875,1.1310480000007601,1.0,4095,SKQD,14,0.00341796875,1.0,1.0,0.000244140625,True,sector;sector;sector,0.02,10.0,3362521208
5,12,1,100.0,-0.806853,0.0,0.0,-0.047127,0.000244140625,0.0029296875,1.1310480000007601,1.0,4095,SKQD,18,0.00439453125,1.0,1.0,0.000244140625,True,sector;sector;sector,0.02,10.0,3362521208
5,12,1,100.0,-0.806853,0.0,0.0,-0.047127,0.000244140625,0.0029296875,1.1310480000007601,1.0,4095,SKQD,23,0.005615234375,1.0,1.0,0.000244140625,True,sector;sector;sector,0.02,10.0,3362521208
5,12,1,100.0,-0.806853,0.0,0.0,-0.047127,0.000244140625,0.0029296875,1.1310480000007601,1.0,4095,SKQD,31,0.007568359375,1.0,1.0,0.000244140625,True,sector;sector;sector,0.02,10.0,3362521208
5,12,1,100.0,-0.806853,0.0,0.0,-0.047127,0.000244140625,0.0029296875,1.1310480000007601,1.0,4095,SKQD,40,0.009765625,1.0,1.0,0.000244140625,True,sector;sector;sector,0.02,10.0,3362521208
5,12,1,100.0,-0.806853,0.0,0.0,-0.047127,0.000244140625,0.0029296875,1.1310480000007601,1.0,4095,SKQD,52,0.0126953125,1.0,1.0,0.000244140625,True,sector;sector;sector,0.02,10.0,3362521208
5,12,1,100.0,-0.806853,0.0,0.0,-0.047127,0.000244140625,0.0029296875,1.1310480000007601,1.0,4095,SKQD,67,0.016357421875,1.0,1.0,0.000244140625,True,sector;sector;sector,0.02,10.0,3362521208
5,12,1,100.0,-0.806853,0.0,0.0,-0.047127,0.000244140625,0.0029296875,1.1310480000007601,1.0,4095,SKQD,87,0.021240234375,1.0,1.0,0.000244140625,True,sector;sector;sector,0.02,10.0,3362521208
5,12,1,100.0,-0.806853,0.0,0.0,-0.047127,0.000244140625,0.0029296875,1.1310480000007601,1.0,4095,SKQD,114,0.02783203125,1.0,1.0,0.000244140625,True,sector;sector;sector,0.02,10.0,3362521208
5,12,1,100.0,-0.806853,0.0,0.0,-0.047127,0.000244140625,0.0029296875,1.1310480000007601,1.0,4095,SKQD,148,0.0361328125,1.0,1.0,0.000244140625,True,sector;sector;sector,0.02,10.0,3362521208
5,12,1,100.0,-0.806853,0.0,0.0,-0.047127,0.000244140625,0.0029296875,1.1310480000007601,1.0,4095,SKQD,192,0.046875,1.0,1.0,0.000244140625,True,sector;sector;sector,0.02,10.0,3362521208
5,12,1,100.0,-0.806853,0.0,0.0,-0.047127,0.000244140625,0.0029296875,1.1310480000007601,1.0,4095,SKQD,250,0.06103515625,1.0,1.0,0.000244140625,True,sector;sector;sector,0.02,10.0,3362521208
5,12,1,100.0,-0.806853,0.0,0.0,-0.047127,0.000244140625,0.0029296875,1.1310480000007601,1.0,4095,SKQD,325,0.079345703125,1.0,1.0,0.000244140625,True,sector;sector;sector,0.02,10.0,3362521208
5,12,1,100.0,-0.806853,0.0,0.0,-0.047127,0.000244140625,0.0029296875,1.1310480000007601,1.0,4095,SKQD,423,0.103271484375,1.0,1.0,0.000244140625,True,sector;sector;sector,0.02,10.0,3362521208
5,12,1,100.0,-0.806853,0.0,0.0,-0.047127,0.000244140625,0.0029296875,1.1310480000007601,1.0,4095,SKQD,550,0.13427734375,1.0,1.0,0.000244140625,True,sector;sector;sector,0.02,10.0,3362521208
5,12,1,100.0,-0.806853,0.0,0.0,-0.047127,0.000244140625,0.0029296875,1.1310480000007601,1.0,4095,SKQD,715,0.174560546875,1.0,1.0,0.000244140625,True,sector;sector;sector,0.02,10.0,3362521208
5,12,1,100.0,-0.806853,0.0,0.0,-0.047127,0.000244140625,0.0029296875,1.1310480000007601,1.0,4095,SKQD,931,0.227294921875,1.0,1.0,0.000244140625,True,sector;sector;sector,0.02,10.0,3362521208
5,12,1,100.0,-0.806853,0.0,0.0,-0.047127,0.000244140625,0.0029296875,1.1310480000007601,1.0,4095,SKQD,1210,0.29541015625,1.0,1.0,0.000244140625,True,sector;sector;sector,0.02,10.0,3362521208
5,12,1,100.0,-0.806853,0.0,0.0,-0.047127,0.000244140625,0.0029296875,1.1310480000007601,1.0,4095,SKQD,1575,0.384521484375,1.0,1.0,0.000244140625,True,sector;sector;sector,0.02,10.0,3362521208
5,12,1,100.0,-0.806853,0.0,0.0,-0.047127,0.000244140625,0.0029296875,1.1310480000007601,1.0,4095,SKQD,2048,0.5,1.0,1.0,0.000244140625,True,sector;sector;sector,0.02,10.0,3362521208
5,12,1,100.0,-0.806853,0.0,0.0,-0.047127,0.000244140625,0.0029296875,1.1310480000007601,1.0,4095,Ceiling,1,0.000244140625,1.0,2048.0,0.5,False,,,,3362521208
5,12,1,100.0,-0.806853,0.0,0.0,-0.047127,0.000244140625,0.0029296875,1.1310480000007601,1.0,4095,Ceiling,2,0.00048828125,1.0,2048.0,0.5,False,,,,3362521208
5,12,1,100.0,-0.806853,0.0,0.0,-0.047127,0.000244140625,0.0029296875,1.1310480000007601,1.0,4095,Ceiling,3,0.000732421875,1.0,2048.0,0.5,False,,,,3362521208
5,12,1,100.0,-0.806853,0.0,0.0,-0.047127,0.000244140625,0.0029296875,1.1310480000007601,1.0,4095,Ceiling,4,0.0009765625,1.0,2048.0,0.5,False,,,,3362521208
5,12,1,100.0,-0.806853,0.0,0.0,-0.047127,0.000244140625,0.0029296875,1.1310480000007601,1.0,4095,Ceiling,5,0.001220703125,1.0,2048.0,0.5,False,,,,3362521208
5,12,1,100.0,-0.806853,0.0,0.0,-0.047127,0.000244140625,0.0029296875,1.1310480000007601,1.0,4095,Ceiling,6,0.00146484375,1.0,2048.0,0.5,False,,,,3362521208
5,12,1,100.0,-0.806853,0.0,0.0,-0.047127,0.000244140625,0.0029296875,1.1310480000007601,1.0,4095,Ceiling,8,0.001953125,1.0,2048.0,0.5,False,,,,3362521208
5,12,1,100.0,-0.806853,0.0,0.0,-0.047127,0.000244140625,0.0029296875,1.1310480000007601,1.0,4095,Ceiling,11,0.002685546875,1.0,2048.0,0.5,False,,,,3362521208
5,12,1,100.0,-0.806853,0.0,0.0,-0.047127,0.000244140625,0.0029296875,1.1310480000007601,1.0,4095,Ceiling,14,0.00341796875,1.0,2048.0,0.5,False,,,,3362521208
5,12,1,100.0,-0.806853,0.0,0.0,-0.047127,0.000244140625,0.0029296875,1.1310480000007601,1.0,4095,Ceiling,18,0.00439453125,1.0,2048.0,0.5,False,,,,3362521208
5,12,1,100.0,-0.806853,0.0,0.0,-0.047127,0.000244140625,0.0029296875,1.1310480000007601,1.0,4095,Ceiling,23,0.005615234375,1.0,2048.0,0.5,False,,,,3362521208
5,12,1,100.0,-0.806853,0.0,0.0,-0.047127,0.000244140625,0.0029296875,1.1310480000007601,1.0,4095,Ceiling,31,0.007568359375,1.0,2048.0,0.5,False,,,,3362521208
5,12,1,100.0,-0.806853,0.0,0.0,-0.047127,0.000244140625,0.0029296875,1.1310480000007601,1.0,4095,Ceiling,40,0.009765625,1.0,2048.0,0.5,False,,,,3362521208
5,12,1,100.0,-0.806853,0.0,0.0,-0.047127,0.000244140625,0.0029296875,1.1310480000007601,1.0,4095,Ceiling,52,0.0126953125,1.0,2048.0,0.5,False,,,,3362521208
5,12,1,100.0,-0.806853,0.0,0.0,-0.047127,0.000244140625,0.0029296875,1.1310480000007601,1.0,4095,Ceiling,67,0.016357421875,1.0,2048.0,0.5,False,,,,3362521208
5,12,1,100.0,-0.806853,0.0,0.0,-0.047127,0.000244140625,0.0029296875,1.1310480000007601,1.0,4095,Ceiling,87,0.021240234375,1.0,2048.0,0.5,False,,,,3362521208
5,12,1,100.0,-0.806853,0.0,0.0,-0.047127,0.000244140625,0.0029296875,1.1310480000007601,1.0,4095,Ceiling,114,0.02783203125,1.0,2048.0,0.5,False,,,,3362521208
5,12,1,100.0,-0.806853,0.0,0.0,-0.047127,0.000244140625,0.0029296875,1.1310480000007601,1.0,4095,Ceiling,148,0.0361328125,1.0,2048.0,0.5,False,,,,3362521208
5,12,1,100.0,-0.806853,0.0,0.0,-0.047127,0.000244140625,0.0029296875,1.1310480000007601,1.0,4095,Ceiling,192,0.046875,1.0,2048.0,0.5,False,,,,3362521208
5,12,1,100.0,-0.806853,0.0,0.0,-0.047127,0.000244140625,0.0029296875,1.1310480000007601,1.0,4095,Ceiling,250,0.06103515625,1.0,2048.0,0.5,False,,,,3362521208
5,12,1,100.0,-0.806853,0.0,0.0,-0.047127,0.000244140625,0.0029296875,1.1310480000007601,1.0,4095,Ceiling,325,0.079345703125,1.0,2048.0,0.5,False,,,,3362521208
5,12,1,100.0,-0.806853,0.0,0.0,-0.047127,0.000244140625,0.0029296875,1.1310480000007601,1.0,4095,Ceiling,423,0.103271484375,1.0,2048.0,0.5,False,,,,3362521208
5,12,1,100.0,-0.806853,0.0,0.0,-0.047127,0.000244140625,0.0029296875,1.1310480000007601,1.0,4095,Ceiling,550,0.13427734375,1.0,2048.0,0.5,False,,,,3362521208
5,12,1,100.0,-0.806853,0.0,0.0,-0.047127,0.000244140625,0.0029296875,1.1310480000007601,1.0,4095,Ceiling,715,0.174560546875,1.0,2048.0,0.5,False,,,,3362521208
5,12,1,100.0,-0.806853,0.0,0.0,-0.047127,0.000244140625,0.0029296875,1.1310480000007601,1.0,4095,Ceiling,931,0.227294921875,1.0,2048.0,0.5,False,,,,3362521208
5,12,1,100.0,-0.806853,0.0,0.0,-0.047127,0.000244140625,0.0029296875,1.1310480000007601,1.0,4095,Ceiling,1210,0.29541015625,1.0,2048.0,0.5,False,,,,3362521208
5,12,1,100.0,-0.806853,0.0,0.0,-0.047127,0.000244140625,0.0029296875,1.1310480000007601,1.0,4095,Ceiling,1575,0.384521484375,1.0,2048.0,0.5,False,,,,3362521208
5,12,1,100.0,-0.806853,0.0,0.0,-0.047127,0.000244140625,0.0029296875,1.1310480000007601,1.0,4095,Ceiling,2048,0.5,1.0,2048.0,0.5,False,,,,3362521208
14,12,1,100.0,0.618667,0.0,0.0,-0.813737,0.005859375,0.0029296875,7.912831279099919e-09,1.2489146563278262e-09,1834,BARK,1,0.000244140625,1.2489146563278262e-09,924.0,0.2255859375,True,sector,,,1477061526
14,12,1,100.0,0.618667,0.0,0.0,-0.813737,0.005859375,0.0029296875,7.912831279099919e-09,1.2489146563278262e-09,1834,BARK,2,0.00048828125,4.99653311847081e-05,924.0,0.2255859375,True,sector,,,1477061526
14,12,1,100.0,0.618667,0.0,0.0,-0.813737,0.005859375,0.0029296875,7.912831279099919e-09,1.2489146563278262e-09,1834,BARK,3,0.000732421875,0.4997406758204405,924.0,0.2255859375,True,sector,,,1477061526
14,12,1,100.0,0.618667,0.0,0.0,-0.813737,0.005859375,0.0029296875,7.912831279099919e-09,1.2489146563278262e-09,1834,BARK,4,0.0009765625,0.49979063990084655,924.0,0.2255859375,True,sector,,,1477061526
14,12,1,100.0,0.618667,0.0,0.0,-0.813737,0.005859375,0.0029296875,7.912831279099919e-09,1.2489146563278262e-09,1834,BARK,5,0.001220703125,0.4997906448993503,924.0,0.2255859375,True,sector,,,1477061526
14,12,1,100.0,0.618667,0.0,0.0,-0.813737,0.005859375,0.0029296875,7.912831279099919e-09,1.2489146563278262e-09,1834,BARK,6,0.00146484375,0.49979064489947955,924.0,0.2255859375,True,sector,,,1477061526
14,12,1,100.0,0.618667,0.0,0.0,-0.813737,0.005859375,0.0029296875,7.912831279099919e-09,1.2489146563278262e-09,1834,BARK,8,0.001953125,0.499803137930149,924.0,0.2255859375,True,sector,,,1477061526
14,12,1,100.0,0.618667,0.0,0.0,-0.813737,0.005859375,0.0029296875,7.912831279099919e-09,1.2489146563278262e-09,1834,BARK,11,0.002685546875,0.4998156320710285,924.0,0.2255859375,True,sector,,,1477061526
14,12,1,100.0,0.618667,0.0,0.0,-0.813737,0.005859375,0.0029296875,7.912831279099919e-09,1.2489146563278262e-09,1834,BARK,14,0.00341796875,0.4998156333206923,924.0,0.2255859375,True,sector,,,1477061526
14,12,1,100.0,0.618667,0.0,0.0,-0.813737,0.005859375,0.0029296875,7.912831279099919e-09,1.2489146563278262e-09,1834,BARK,18,0.00439453125,0.49981563332083734,924.0,0.2255859375,True,sector,,,1477061526
14,12,1,100.0,0.618667,0.0,0.0,-0.813737,0.005859375,0.0029296875,7.912831279099919e-09,1.2489146563278262e-09,1834,BARK,23,0.005615234375,0.4998281393386711,924.0,0.2255859375,True,sector,,,1477061526
14,12,1,100.0,0.618667,0.0,0.0,-0.813737,0.005859375,0.0029296875,7.912831279099919e-09,1.2489146563278262e-09,1834,BARK,31,0.007568359375,0.49984064647621235,924.0,0.2255859375,True,sector,,,1477061526
14,12,1,100.0,0.618667,0.0,0.0,-0.813737,0.005859375,0.0029296875,7.912831279099919e-09,1.2489146563278262e-09,1834,BARK,40,0.009765625,0.4998531401381121,924.0,0.2255859375,True,sector,,,1477061526
14,12,1,100.0,0.618667,0.0,0.0,-0.813737,0.005859375,0.0029296875,7.912831279099919e-09,1.2489146563278262e-09,1834,BARK,52,0.0126953125,0.4998531413912082,924.0,0.2255859375,True,sector,,,1477061526
14,12,1,100.0,0.618667,0.0,0.0,-0.813737,0.005859375,0.0029296875,7.912831279099919e-09,1.2489146563278262e-09,1834,BARK,67,0.016357421875,0.4998531413912082,924.0,0.2255859375,True,sector,,,1477061526
14,12,1,100.0,0.618667,0.0,0.0,-0.813737,0.005859375,0.0029296875,7.912831279099919e-09,1.2489146563278262e-09,1834,BARK,87,0.021240234375,0.4998531413912082,924.0,0.2255859375,True,sector,,,1477061526
14,12,1,100.0,0.618667,0.0,0.0,-0.813737,0.005859375,0.0029296875,7.912831279099919e-09,1.2489146563278262e-09,1834,BARK,114,0.02783203125,0.4998531413912082,924.0,0.2255859375,True,sector,,,1477061526
14,12,1,100.0,0.618667,0.0,0.0,-0.813737,0.005859375,0.0029296875,7.912831279099919e-09,1.2489146563278262e-09,1834,BARK,148,0.0361328125,0.49985314139120773,924.0,0.2255859375,True,sector,,,1477061526
14,12,1,100.0,0.618667,0.0,0.0,-0.813737,0.005859375,0.0029296875,7.912831279099919e-09,1.2489146563278262e-09,1834,BARK,192,0.046875,0.4998531413912079,924.0,0.2255859375,True,sector,,,1477061526
14,12,1,100.0,0.618667,0.0,0.0,-0.813737,0.005859375,0.0029296875,7.912831279099919e-09,1.2489146563278262e-09,1834,BARK,250,0.06103515625,0.4998656383793225,924.0,0.2255859375,True,sector,,,1477061526
14,12,1,100.0,0.618667,0.0,0.0,-0.813737,0.005859375,0.0029296875,7.912831279099919e-09,1.2489146563278262e-09,1834,BARK,325,0.079345703125,0.4998781306471367,924.0,0.2255859375,True,sector,,,1477061526
14,12,1,100.0,0.618667,0.0,0.0,-0.813737,0.005859375,0.0029296875,7.912831279099919e-09,1.2489146563278262e-09,1834,BARK,423,0.103271484375,0.49989073941714873,924.0,0.2255859375,True,sector,,,1477061526
14,12,1,100.0,0.618667,0.0,0.0,-0.813737,0.005859375,0.0029296875,7.912831279099919e-09,1.2489146563278262e-09,1834,BARK,550,0.13427734375,0.49988109171309814,924.0,0.2255859375,True,sector,,,1477061526
14,12,1,100.0,0.618667,0.0,0.0,-0.813737,0.005859375,0.0029296875,7.912831279099919e-09,1.2489146563278262e-09,1834,BARK,715,0.174560546875,0.5064901975951879,924.0,0.2255859375,True,sector,,,1477061526
14,12,1,100.0,0.618667,0.0,0.0,-0.813737,0.005859375,0.0029296875,7.912831279099919e-09,1.2489146563278262e-09,1834,BARK,931,0.227294921875,0.999573487739048,924.0,0.2255859375,True,sector,,,1477061526
14,12,1,100.0,0.618667,0.0,0.0,-0.813737,0.005859375,0.0029296875,7.912831279099919e-09,1.2489146563278262e-09,1834,BARK,1210,0.29541015625,0.999573487739048,924.0,0.2255859375,True,sector,,,1477061526
14,12,1,100.0,0.618667,0.0,0.0,-0.813737,0.005859375,0.0029296875,7.912831279099919e-09,1.2489146563278262e-09,1834,BARK,1575,0.384521484375,0.999573487739048,924.0,0.2255859375,True,sector,,,1477061526
14,12,1,100.0,0.618667,0.0,0.0,-0.813737,0.005859375,0.0029296875,7.912831279099919e-09,1.2489146563278262e-09,1834,BARK,2048,0.5,0.999573487739048,924.0,0.2255859375,True,sector,,,1477061526
14,12,1,100.0,0.618667,0.0,0.0,-0.813737,0.005859375,0.0029296875,7.912831279099919e-09,1.2489146563278262e-09,1834,Simplified BARK,1,0.000244140625,1.2489146563278262e-09,924.0,0.2255859375,True,sector,,,1477061526
14,12,1,100.0,0.618667,0.0,0.0,-0.813737,0.005859375,0.0029296875,7.912831279099919e-09,1.2489146563278262e-09,1834,Simplified BARK,2,0.00048828125,4.99653311847081e-05,924.0,0.2255859375,True,sector,,,1477061526
14,12,1,100.0,0.618667,0.0,0.0,-0.813737,0.005859375,0.0029296875,7.912831279099919e-09,1.2489146563278262e-09,1834,Simplified BARK,3,0.000732421875,2.5800365977832695e-05,924.0,0.2255859375,True,sector,,,1477061526
14,12,1,100.0,0.618667,0.0,0.0,-0.813737,0.005859375,0.0029296875,7.912831279099919e-09,1.2489146563278262e-09,1834,Simplified BARK,4,0.0009765625,2.573793143931408e-05,924.0,0.2255859375,True,sector,,,1477061526
14,12,1,100.0,0.618667,0.0,0.0,-0.813737,0.005859375,0.0029296875,7.912831279099919e-09,1.2489146563278262e-09,1834,Simplified BARK,5,0.001220703125,2.5737929880994427e-05,924.0,0.2255859375,True,sector,,,1477061526
14,12,1,100.0,0.618667,0.0,0.0,-0.813737,0.005859375,0.0029296875,7.912831279099919e-09,1.2489146563278262e-09,1834,Simplified BARK,6,0.00146484375,2.573792988095559e-05,924.0,0.2255859375,True,sector,,,1477061526
14,12,1,100.0,0.618667,0.0,0.0,-0.813737,0.005859375,0.0029296875,7.912831279099919e-09,1.2489146563278262e-09,1834,Simplified BARK,8,0.001953125,2.573792988095559e-05,924.0,0.2255859375,True,sector,,,1477061526
14,12,1,100.0,0.618667,0.0,0.0,-0.813737,0.005859375,0.0029296875,7.912831279099919e-09,1.2489146563278262e-09,1834,Simplified BARK,11,0.002685546875,2.5737929880955582e-05,924.0,0.2255859375,True,sector,,,1477061526
14,12,1,100.0,0.618667,0.0,0.0,-0.813737,0.005859375,0.0029296875,7.912831279099919e-09,1.2489146563278262e-09,1834,Simplified BARK,14,0.00341796875,2.573792988095559e-05,924.0,0.2255859375,True,sector,,,1477061526
14,12,1,100.0,0.618667,0.0,0.0,-0.813737,0.005859375,0.0029296875,7.912831279099919e-09,1.2489146563278262e-09,1834,Simplified BARK,18,0.00439453125,2.573792988095559e-05,924.0,0.2255859375,True,sector,,,1477061526
14,12,1,100.0,0.618667,0.0,0.0,-0.813737,0.005859375,0.0029296875,7.912831279099919e-09,1.2489146563278262e-09,1834,Simplified BARK,23,0.005615234375,2.573792988095559e-05,924.0,0.2255859375,True,sector,,,1477061526
14,12,1,100.0,0.618667,0.0,0.0,-0.813737,0.005859375,0.0029296875,7.912831279099919e-09,1.2489146563278262e-09,1834,Simplified BARK,31,0.007568359375,2.5737929880955582e-05,924.0,0.2255859375,True,sector,,,1477061526
14,12,1,100.0,0.618667,0.0,0.0,-0.813737,0.005859375,0.0029296875,7.912831279099919e-09,1.2489146563278262e-09,1834,Simplified BARK,40,0.009765625,2.57379298809556e-05,924.0,0.2255859375,True,sector,,,1477061526
14,12,1,100.0,0.618667,0.0,0.0,-0.813737,0.005859375,0.0029296875,7.912831279099919e-09,1.2489146563278262e-09,1834,Simplified BARK,52,0.0126953125,2.573792988095559e-05,924.0,0.2255859375,True,sector,,,1477061526
14,12,1,100.0,0.618667,0.0,0.0,-0.813737,0.005859375,0.0029296875,7.912831279099919e-09,1.2489146563278262e-09,1834,Simplified BARK,67,0.016357421875,2.573792988095559e-05,924.0,0.2255859375,True,sector,,,1477061526
14,12,1,100.0,0.618667,0.0,0.0,-0.813737,0.005859375,0.0029296875,7.912831279099919e-09,1.2489146563278262e-09,1834,Simplified BARK,87,0.021240234375,2.57379298809556e-05,924.0,0.2255859375,True,sector,,,1477061526
14,12,1,100.0,0.618667,0.0,0.0,-0.813737,0.005859375,0.0029296875,7.912831279099919e-09,1.2489146563278262e-09,1834,Simplified BARK,114,0.02783203125,2.57379298809556e-05,924.0,0.2255859375,True,sector,,,1477061526
14,12,1,100.0,0.618667,0.0,0.0,-0.813737,0.005859375,0.0029296875,7.912831279099919e-09,1.2489146563278262e-09,1834,Simplified BARK,148,0.0361328125,2.573792988095565e-05,924.0,0.2255859375,True,sector,,,1477061526
14,12,1,100.0,0.618667,0.0,0.0,-0.813737,0.005859375,0.0029296875,7.912831279099919e-09,1.2489146563278262e-09,1834,Simplified BARK,192,0.046875,2.573792832296068e-05,924.0,0.2255859375,True,sector,,,1477061526
14,12,1,100.0,0.618667,0.0,0.0,-0.813737,0.005859375,0.0029296875,7.912831279099919e-09,1.2489146563278262e-09,1834,Simplified BARK,250,0.06103515625,2.5737924941574583e-05,924.0,0.2255859375,True,sector,,,1477061526
14,12,1,100.0,0.618667,0.0,0.0,-0.813737,0.005859375,0.0029296875,7.912831279099919e-09,1.2489146563278262e-09,1834,Simplified BARK,325,0.079345703125,0.5000343639789179,924.0,0.2255859375,True,sector,,,1477061526
14,12,1,100.0,0.618667,0.0,0.0,-0.813737,0.005859375,0.0029296875,7.912831279099919e-09,1.2489146563278262e-09,1834,Simplified BARK,423,0.103271484375,0.50004686641221,924.0,0.2255859375,True,sector,,,1477061526
14,12,1,100.0,0.618667,0.0,0.0,-0.813737,0.005859375,0.0029296875,7.912831279099919e-09,1.2489146563278262e-09,1834,Simplified BARK,550,0.13427734375,0.5000968623585278,924.0,0.2255859375,True,sector,,,1477061526
14,12,1,100.0,0.618667,0.0,0.0,-0.813737,0.005859375,0.0029296875,7.912831279099919e-09,1.2489146563278262e-09,1834,Simplified BARK,715,0.174560546875,0.5000974637961344,924.0,0.2255859375,True,sector,,,1477061526
14,12,1,100.0,0.618667,0.0,0.0,-0.813737,0.005859375,0.0029296875,7.912831279099919e-09,1.2489146563278262e-09,1834,Simplified BARK,931,0.227294921875,0.9996289963106543,924.0,0.2255859375,True,sector,,,1477061526
14,12,1,100.0,0.618667,0.0,0.0,-0.813737,0.005859375,0.0029296875,7.912831279099919e-09,1.2489146563278262e-09,1834,Simplified BARK,1210,0.29541015625,0.9996289963106543,924.0,0.2255859375,True,sector,,,1477061526
14,12,1,100.0,0.618667,0.0,0.0,-0.813737,0.005859375,0.0029296875,7.912831279099919e-09,1.2489146563278262e-09,1834,Simplified BARK,1575,0.384521484375,0.9996289963106543,924.0,0.2255859375,True,sector,,,1477061526
14,12,1,100.0,0.618667,0.0,0.0,-0.813737,0.005859375,0.0029296875,7.912831279099919e-09,1.2489146563278262e-09,1834,Simplified BARK,2048,0.5,0.9996289963106543,924.0,0.2255859375,True,sector,,,1477061526
14,12,1,100.0,0.618667,0.0,0.0,-0.813737,0.005859375,0.0029296875,7.912831279099919e-09,1.2489146563278262e-09,1834,SKQD,1,0.000244140625,1.2489146563278262e-09,173.66666666666666,0.042399088541666664,True,max_iterations;max_iterations;max_iterations,1.5,300.0,1477061526
14,12,1,100.0,0.618667,0.0,0.0,-0.813737,0.005859375,0.0029296875,7.912831279099919e-09,1.2489146563278262e-09,1834,SKQD,2,0.00048828125,1.2489146563278262e-09,173.66666666666666,0.042399088541666664,True,max_iterations;max_iterations;max_iterations,1.5,300.0,1477061526
14,12,1,100.0,0.618667,0.0,0.0,-0.813737,0.005859375,0.0029296875,7.912831279099919e-09,1.2489146563278262e-09,1834,SKQD,3,0.000732421875,1.2489146563278262e-09,173.66666666666666,0.042399088541666664,True,max_iterations;max_iterations;max_iterations,1.5,300.0,1477061526
14,12,1,100.0,0.618667,0.0,0.0,-0.813737,0.005859375,0.0029296875,7.912831279099919e-09,1.2489146563278262e-09,1834,SKQD,4,0.0009765625,1.2489146563278262e-09,173.66666666666666,0.042399088541666664,True,max_iterations;max_iterations;max_iterations,1.5,300.0,1477061526
14,12,1,100.0,0.618667,0.0,0.0,-0.813737,0.005859375,0.0029296875,7.912831279099919e-09,1.2489146563278262e-09,1834,SKQD,5,0.001220703125,1.2489146563278262e-09,173.66666666666666,0.042399088541666664,True,max_iterations;max_iterations;max_iterations,1.5,300.0,1477061526
14,12,1,100.0,0.618667,0.0,0.0,-0.813737,0.005859375,0.0029296875,7.912831279099919e-09,1.2489146563278262e-09,1834,SKQD,6,0.00146484375,1.2489146563278262e-09,173.66666666666666,0.042399088541666664,True,max_iterations;max_iterations;max_iterations,1.5,300.0,1477061526
14,12,1,100.0,0.618667,0.0,0.0,-0.813737,0.005859375,0.0029296875,7.912831279099919e-09,1.2489146563278262e-09,1834,SKQD,8,0.001953125,1.2489146563278262e-09,173.66666666666666,0.042399088541666664,True,max_iterations;max_iterations;max_iterations,1.5,300.0,1477061526
14,12,1,100.0,0.618667,0.0,0.0,-0.813737,0.005859375,0.0029296875,7.912831279099919e-09,1.2489146563278262e-09,1834,SKQD,11,0.002685546875,1.2489146563278262e-09,173.66666666666666,0.042399088541666664,True,max_iterations;max_iterations;max_iterations,1.5,300.0,1477061526
14,12,1,100.0,0.618667,0.0,0.0,-0.813737,0.005859375,0.0029296875,7.912831279099919e-09,1.2489146563278262e-09,1834,SKQD,14,0.00341796875,1.2489146563278262e-09,173.66666666666666,0.042399088541666664,True,max_iterations;max_iterations;max_iterations,1.5,300.0,1477061526
14,12,1,100.0,0.618667,0.0,0.0,-0.813737,0.005859375,0.0029296875,7.912831279099919e-09,1.2489146563278262e-09,1834,SKQD,18,0.00439453125,9.574427832438299e-10,173.66666666666666,0.042399088541666664,True,max_iterations;max_iterations;max_iterations,1.5,300.0,1477061526
14,12,1,100.0,0.618667,0.0,0.0,-0.813737,0.005859375,0.0029296875,7.912831279099919e-09,1.2489146563278262e-09,1834,SKQD,23,0.005615234375,1.665652696245579e-05,173.66666666666666,0.042399088541666664,True,max_iterations;max_iterations;max_iterations,1.5,300.0,1477061526
14,12,1,100.0,0.618667,0.0,0.0,-0.813737,0.005859375,0.0029296875,7.912831279099919e-09,1.2489146563278262e-09,1834,SKQD,31,0.007568359375,1.665823924909717e-05,173.66666666666666,0.042399088541666664,True,max_iterations;max_iterations;max_iterations,1.5,300.0,1477061526
14,12,1,100.0,0.618667,0.0,0.0,-0.813737,0.005859375,0.0029296875,7.912831279099919e-09,1.2489146563278262e-09,1834,SKQD,40,0.009765625,1.6666358647291393e-05,173.66666666666666,0.042399088541666664,True,max_iterations;max_iterations;max_iterations,1.5,300.0,1477061526
14,12,1,100.0,0.618667,0.0,0.0,-0.813737,0.005859375,0.0029296875,7.912831279099919e-09,1.2489146563278262e-09,1834,SKQD,52,0.0126953125,1.6667370891263338e-05,173.66666666666666,0.042399088541666664,True,max_iterations;max_iterations;max_iterations,1.5,300.0,1477061526
14,12,1,100.0,0.618667,0.0,0.0,-0.813737,0.005859375,0.0029296875,7.912831279099919e-09,1.2489146563278262e-09,1834,SKQD,67,0.016357421875,1.1078106260051313e-05,173.66666666666666,0.042399088541666664,True,max_iterations;max_iterations;max_iterations,1.5,300.0,1477061526
14,12,1,100.0,0.618667,0.0,0.0,-0.813737,0.005859375,0.0029296875,7.912831279099919e-09,1.2489146563278262e-09,1834,SKQD,87,0.021240234375,1.4162527416587369e-05,173.66666666666666,0.042399088541666664,True,max_iterations;max_iterations;max_iterations,1.5,300.0,1477061526
14,12,1,100.0,0.618667,0.0,0.0,-0.813737,0.005859375,0.0029296875,7.912831279099919e-09,1.2489146563278262e-09,1834,SKQD,114,0.02783203125,1.7621696266619666e-05,173.66666666666666,0.042399088541666664,True,max_iterations;max_iterations;max_iterations,1.5,300.0,1477061526
14,12,1,100.0,0.618667,0.0,0.0,-0.813737,0.005859375,0.0029296875,7.912831279099919e-09,1.2489146563278262e-09,1834,SKQD,148,0.0361328125,1.7673600990952976e-05,173.66666666666666,0.042399088541666664,True,max_iterations;max_iterations;max_iterations,1.5,300.0,1477061526
14,12,1,100.0,0.618667,0.0,0.0,-0.813737,0.005859375,0.0029296875,7.912831279099919e-09,1.2489146563278262e-09,1834,SKQD,192,0.046875,1.770677046461695e-05,173.66666666666666,0.042399088541666664,True,max_iterations;max_iterations;max_iterations,1.5,300.0,1477061526
14,12,1,100.0,0.618667,0.0,0.0,-0.813737,0.005859375,0.0029296875,7.912831279099919e-09,1.2489146563278262e-09,1834,SKQD,250,0.06103515625,1.770677046461695e-05,173.66666666666666,0.042399088541666664,True,max_iterations;max_iterations;max_iterations,1.5,300.0,1477061526
14,12,1,100.0,0.618667,0.0,0.0,-0.813737,0.005859375,0.0029296875,7.912831279099919e-09,1.2489146563278262e-09,1834,SKQD,325,0.079345703125,1.770677046461695e-05,173.66666666666666,0.042399088541666664,True,max_iterations;max_iterations;max_iterations,1.5,300.0,1477061526
14,12,1,100.0,0.618667,0.0,0.0,-0.813737,0.005859375,0.0029296875,7.912831279099919e-09,1.2489146563278262e-09,1834,SKQD,423,0.103271484375,1.770677046461695e-05,173.66666666666666,0.042399088541666664,True,max_iterations;max_iterations;max_iterations,1.5,300.0,1477061526
14,12,1,100.0,0.618667,0.0,0.0,-0.813737,0.005859375,0.0029296875,7.912831279099919e-09,1.2489146563278262e-09,1834,SKQD,550,0.13427734375,1.770677046461695e-05,173.66666666666666,0.042399088541666664,True,max_iterations;max_iterations;max_iterations,1.5,300.0,1477061526
14,12,1,100.0,0.618667,0.0,0.0,-0.813737,0.005859375,0.0029296875,7.912831279099919e-09,1.2489146563278262e-09,1834,SKQD,715,0.174560546875,1.770677046461695e-05,173.66666666666666,0.042399088541666664,True,max_iterations;max_iterations;max_iterations,1.5,300.0,1477061526
14,12,1,100.0,0.618667,0.0,0.0,-0.813737,0.005859375,0.0029296875,7.912831279099919e-09,1.2489146563278262e-09,1834,SKQD,931,0.227294921875,1.770677046461695e-05,173.66666666666666,0.042399088541666664,True,max_iterations;max_iterations;max_iterations,1.5,300.0,1477061526
14,12,1,100.0,0.618667,0.0,0.0,-0.813737,0.005859375,0.0029296875,7.912831279099919e-09,1.2489146563278262e-09,1834,SKQD,1210,0.29541015625,1.770677046461695e-05,173.66666666666666,0.042399088541666664,True,max_iterations;max_iterations;max_iterations,1.5,300.0,1477061526
14,12,1,100.0,0.618667,0.0,0.0,-0.813737,0.005859375,0.0029296875,7.912831279099919e-09,1.2489146563278262e-09,1834,SKQD,1575,0.384521484375,1.770677046461695e-05,173.66666666666666,0.042399088541666664,True,max_iterations;max_iterations;max_iterations,1.5,300.0,1477061526
14,12,1,100.0,0.618667,0.0,0.0,-0.813737,0.005859375,0.0029296875,7.912831279099919e-09,1.2489146563278262e-09,1834,SKQD,2048,0.5,1.770677046461695e-05,173.66666666666666,0.042399088541666664,True,max_iterations;max_iterations;max_iterations,1.5,300.0,1477061526
14,12,1,100.0,0.618667,0.0,0.0,-0.813737,0.005859375,0.0029296875,7.912831279099919e-09,1.2489146563278262e-09,1834,Ceiling,1,0.000244140625,0.49988437800064534,2048.0,0.5,False,,,,1477061526
14,12,1,100.0,0.618667,0.0,0.0,-0.813737,0.005859375,0.0029296875,7.912831279099919e-09,1.2489146563278262e-09,1834,Ceiling,2,0.00048828125,0.9995750886286696,2048.0,0.5,False,,,,1477061526
14,12,1,100.0,0.618667,0.0,0.0,-0.813737,0.005859375,0.0029296875,7.912831279099919e-09,1.2489146563278262e-09,1834,Ceiling,3,0.000732421875,0.9996250720757404,2048.0,0.5,False,,,,1477061526
14,12,1,100.0,0.618667,0.0,0.0,-0.813737,0.005859375,0.0029296875,7.912831279099919e-09,1.2489146563278262e-09,1834,Ceiling,4,0.0009765625,0.9996750555228111,2048.0,0.5,False,,,,1477061526
14,12,1,100.0,0.618667,0.0,0.0,-0.813737,0.005859375,0.0029296875,7.912831279099919e-09,1.2489146563278262e-09,1834,Ceiling,5,0.001220703125,0.9997250196050812,2048.0,0.5,False,,,,1477061526
14,12,1,100.0,0.618667,0.0,0.0,-0.813737,0.005859375,0.0029296875,7.912831279099919e-09,1.2489146563278262e-09,1834,Ceiling,6,0.00146484375,0.9997749836873513,2048.0,0.5,False,,,,1477061526
14,12,1,100.0,0.618667,0.0,0.0,-0.813737,0.005859375,0.0029296875,7.912831279099919e-09,1.2489146563278262e-09,1834,Ceiling,8,0.001953125,0.9997999804094193,2048.0,0.5,False,,,,1477061526
14,12,1,100.0,0.618667,0.0,0.0,-0.813737,0.005859375,0.0029296875,7.912831279099919e-09,1.2489146563278262e-09,1834,Ceiling,11,0.002685546875,0.999837469867597,2048.0,0.5,False,,,,1477061526
14,12,1,100.0,0.618667,0.0,0.0,-0.813737,0.005859375,0.0029296875,7.912831279099919e-09,1.2489146563278262e-09,1834,Ceiling,14,0.00341796875,0.9998749580715209,2048.0,0.5,False,,,,1477061526
14,12,1,100.0,0.618667,0.0,0.0,-0.813737,0.005859375,0.0029296875,7.912831279099919e-09,1.2489146563278262e-09,1834,Ceiling,18,0.00439453125,0.9999249319896918,2048.0,0.5,False,,,,1477061526
14,12,1,100.0,0.618667,0.0,0.0,-0.813737,0.005859375,0.0029296875,7.912831279099919e-09,1.2489146563278262e-09,1834,Ceiling,23,0.005615234375,0.9999873889582783,2048.0,0.5,False,,,,1477061526
14,12,1,100.0,0.618667,0.0,0.0,-0.813737,0.005859375,0.0029296875,7.912831279099919e-09,1.2489146563278262e-09,1834,Ceiling,31,0.007568359375,0.9999999355958388,2048.0,0.5,False,,,,1477061526
14,12,1,100.0,0.618667,0.0,0.0,-0.813737,0.005859375,0.0029296875,7.912831279099919e-09,1.2489146563278262e-09,1834,Ceiling,40,0.009765625,0.9999999468505009,2048.0,0.5,False,,,,1477061526
14,12,1,100.0,0.618667,0.0,0.0,-0.813737,0.005859375,0.0029296875,7.912831279099919e-09,1.2489146563278262e-09,1834,Ceiling,52,0.0126953125,0.9999999618464089,2048.0,0.5,False,,,,1477061526
14,12,1,100.0,0.618667,0.0,0.0,-0.813737,0.005859375,0.0029296875,7.912831279099919e-09,1.2489146563278262e-09,1834,Ceiling,67,0.016357421875,0.9999999805847188,2048.0,0.5,False,,,,1477061526
14,12,1,100.0,0.618667,0.0,0.0,-0.813737,0.005859375,0.0029296875,7.912831279099919e-09,1.2489146563278262e-09,1834,Ceiling,87,0.021240234375,0.9999999915163607,2048.0,0.5,False,,,,1477061526
14,12,1,100.0,0.618667,0.0,0.0,-0.813737,0.005859375,0.0029296875,7.912831279099919e-09,1.2489146563278262e-09,1834,Ceiling,114,0.02783203125,0.9999999999484355,2048.0,0.5,False,,,,1477061526
14,12,1,100.0,0.618667,0.0,0.0,-0.813737,0.005859375,0.0029296875,7.912831279099919e-09,1.2489146563278262e-09,1834,Ceiling,148,0.0361328125,0.9999999999940936,2048.0,0.5,False,,,,1477061526
14,12,1,100.0,0.618667,0.0,0.0,-0.813737,0.005859375,0.0029296875,7.912831279099919e-09,1.2489146563278262e-09,1834,Ceiling,192,0.046875,0.9999999999980445,2048.0,0.5,False,,,,1477061526
14,12,1,100.0,0.618667,0.0,0.0,-0.813737,0.005859375,0.0029296875,7.912831279099919e-09,1.2489146563278262e-09,1834,Ceiling,250,0.06103515625,0.9999999999997606,2048.0,0.5,False,,,,1477061526
14,12,1,100.0,0.618667,0.0,0.0,-0.813737,0.005859375,0.0029296875,7.912831279099919e-09,1.2489146563278262e-09,1834,Ceiling,325,0.079345703125,0.9999999999999956,2048.0,0.5,False,,,,1477061526
14,12,1,100.0,0.618667,0.0,0.0,-0.813737,0.005859375,0.0029296875,7.912831279099919e-09,1.2489146563278262e-09,1834,Ceiling,423,0.103271484375,0.9999999999999956,2048.0,0.5,False,,,,1477061526
14,12,1,100.0,0.618667,0.0,0.0,-0.813737,0.005859375,0.0029296875,7.912831279099919e-09,1.2489146563278262e-09,1834,Ceiling,550,0.13427734375,0.9999999999999956,2048.0,0.5,False,,,,1477061526
14,12,1,100.0,0.618667,0.0,0.0,-0.813737,0.005859375,0.0029296875,7.912831279099919e-09,1.2489146563278262e-09,1834,Ceiling,715,0.174560546875,0.9999999999999956,2048.0,0.5,False,,,,1477061526
14,12,1,100.0,0.618667,0.0,0.0,-0.813737,0.005859375,0.0029296875,7.912831279099919e-09,1.2489146563278262e-09,1834,Ceiling,931,0.227294921875,0.9999999999999956,2048.0,0.5,False,,,,1477061526
14,12,1,100.0,0.618667,0.0,0.0,-0.813737,0.005859375,0.0029296875,7.912831279099919e-09,1.2489146563278262e-09,1834,Ceiling,1210,0.29541015625,0.9999999999999956,2048.0,0.5,False,,,,1477061526
14,12,1,100.0,0.618667,0.0,0.0,-0.813737,0.005859375,0.0029296875,7.912831279099919e-09,1.2489146563278262e-09,1834,Ceiling,1575,0.384521484375,0.9999999999999956,2048.0,0.5,False,,,,1477061526
14,12,1,100.0,0.618667,0.0,0.0,-0.813737,0.005859375,0.0029296875,7.912831279099919e-09,1.2489146563278262e-09,1834,Ceiling,2048,0.5,0.9999999999999956,2048.0,0.5,False,,,,1477061526
14,12,1,100.0,0.618667,0.0,0.0,-0.813737,0.005859375,0.0029296875,7.912831279099919e-09,1.1244844408827163e-12,2661,BARK,1,0.000244140625,1.1244844408827163e-12,924.0,0.2255859375,True,sector,,,1477061526
14,12,1,100.0,0.618667,0.0,0.0,-0.813737,0.005859375,0.0029296875,7.912831279099919e-09,1.1244844408827163e-12,2661,BARK,2,0.00048828125,1.1252176138394096e-08,924.0,0.2255859375,True,sector,,,1477061526
14,12,1,100.0,0.618667,0.0,0.0,-0.813737,0.005859375,0.0029296875,7.912831279099919e-09,1.1244844408827163e-12,2661,BARK,3,0.000732421875,2.568483282898714e-05,924.0,0.2255859375,True,sector,,,1477061526
14,12,1,100.0,0.618667,0.0,0.0,-0.813737,0.005859375,0.0029296875,7.912831279099919e-09,1.1244844408827163e-12,2661,BARK,4,0.0009765625,0.4999343714480125,924.0,0.2255859375,True,sector,,,1477061526
14,12,1,100.0,0.618667,0.0,0.0,-0.813737,0.005859375,0.0029296875,7.912831279099919e-09,1.1244844408827163e-12,2661,BARK,5,0.001220703125,0.4999843548929576,924.0,0.2255859375,True,sector,,,1477061526
14,12,1,100.0,0.618667,0.0,0.0,-0.813737,0.005859375,0.0029296875,7.912831279099919e-09,1.1244844408827163e-12,2661,BARK,6,0.00146484375,0.4999843598931771,924.0,0.2255859375,True,sector,,,1477061526
14,12,1,100.0,0.618667,0.0,0.0,-0.813737,0.005859375,0.0029296875,7.912831279099919e-09,1.1244844408827163e-12,2661,BARK,8,0.001953125,0.4999843610067226,924.0,0.2255859375,True,sector,,,1477061526
14,12,1,100.0,0.618667,0.0,0.0,-0.813737,0.005859375,0.0029296875,7.912831279099919e-09,1.1244844408827163e-12,2661,BARK,11,0.002685546875,0.5000093584960703,924.0,0.2255859375,True,sector,,,1477061526
14,12,1,100.0,0.618667,0.0,0.0,-0.813737,0.005859375,0.0029296875,7.912831279099919e-09,1.1244844408827163e-12,2661,BARK,14,0.00341796875,0.500009359747281,924.0,0.2255859375,True,sector,,,1477061526
14,12,1,100.0,0.618667,0.0,0.0,-0.813737,0.005859375,0.0029296875,7.912831279099919e-09,1.1244844408827163e-12,2661,BARK,18,0.00439453125,0.5000093610079253,924.0,0.2255859375,True,sector,,,1477061526
14,12,1,100.0,0.618667,0.0,0.0,-0.813737,0.005859375,0.0029296875,7.912831279099919e-09,1.1244844408827163e-12,2661,BARK,23,0.005615234375,0.5000218599916642,924.0,0.2255859375,True,sector,,,1477061526
14,12,1,100.0,0.618667,0.0,0.0,-0.813737,0.005859375,0.0029296875,7.912831279099919e-09,1.1244844408827163e-12,2661,BARK,31,0.007568359375,0.5000343580379673,924.0,0.2255859375,True,sector,,,1477061526
14,12,1,100.0,0.618667,0.0,0.0,-0.813737,0.005859375,0.0029296875,7.912831279099919e-09,1.1244844408827163e-12,2661,BARK,40,0.009765625,0.5000468582718334,924.0,0.2255859375,True,sector,,,1477061526
14,12,1,100.0,0.618667,0.0,0.0,-0.813737,0.005859375,0.0029296875,7.912831279099919e-09,1.1244844408827163e-12,2661,BARK,52,0.0126953125,0.5000593560056996,924.0,0.2255859375,True,sector,,,1477061526
14,12,1,100.0,0.618667,0.0,0.0,-0.813737,0.005859375,0.0029296875,7.912831279099919e-09,1.1244844408827163e-12,2661,BARK,67,0.016357421875,0.5000593560056994,924.0,0.2255859375,True,sector,,,1477061526
14,12,1,100.0,0.618667,0.0,0.0,-0.813737,0.005859375,0.0029296875,7.912831279099919e-09,1.1244844408827163e-12,2661,BARK,87,0.021240234375,0.5000593560056994,924.0,0.2255859375,True,sector,,,1477061526
14,12,1,100.0,0.618667,0.0,0.0,-0.813737,0.005859375,0.0029296875,7.912831279099919e-09,1.1244844408827163e-12,2661,BARK,114,0.02783203125,0.5000593560056994,924.0,0.2255859375,True,sector,,,1477061526
14,12,1,100.0,0.618667,0.0,0.0,-0.813737,0.005859375,0.0029296875,7.912831279099919e-09,1.1244844408827163e-12,2661,BARK,148,0.0361328125,0.500059358193201,924.0,0.2255859375,True,sector,,,1477061526
14,12,1,100.0,0.618667,0.0,0.0,-0.813737,0.005859375,0.0029296875,7.912831279099919e-09,1.1244844408827163e-12,2661,BARK,192,0.046875,0.5000718556141388,924.0,0.2255859375,True,sector,,,1477061526
14,12,1,100.0,0.618667,0.0,0.0,-0.813737,0.005859375,0.0029296875,7.912831279099919e-09,1.1244844408827163e-12,2661,BARK,250,0.06103515625,0.5000718595982417,924.0,0.2255859375,True,sector,,,1477061526
14,12,1,100.0,0.618667,0.0,0.0,-0.813737,0.005859375,0.0029296875,7.912831279099919e-09,1.1244844408827163e-12,2661,BARK,325,0.079345703125,0.5000968742521146,924.0,0.2255859375,True,sector,,,1477061526
14,12,1,100.0,0.618667,0.0,0.0,-0.813737,0.005859375,0.0029296875,7.912831279099919e-09,1.1244844408827163e-12,2661,BARK,423,0.103271484375,0.5000968748844372,924.0,0.2255859375,True,sector,,,1477061526
14,12,1,100.0,0.618667,0.0,0.0,-0.813737,0.005859375,0.0029296875,7.912831279099919e-09,1.1244844408827163e-12,2661,BARK,550,0.13427734375,0.5000969227002844,924.0,0.2255859375,True,sector,,,1477061526
14,12,1,100.0,0.618667,0.0,0.0,-0.813737,0.005859375,0.0029296875,7.912831279099919e-09,1.1244844408827163e-12,2661,BARK,715,0.174560546875,0.5000975648182175,924.0,0.2255859375,True,sector,,,1477061526
14,12,1,100.0,0.618667,0.0,0.0,-0.813737,0.005859375,0.0029296875,7.912831279099919e-09,1.1244844408827163e-12,2661,BARK,931,0.227294921875,0.9994990716433031,924.0,0.2255859375,True,sector,,,1477061526
14,12,1,100.0,0.618667,0.0,0.0,-0.813737,0.005859375,0.0029296875,7.912831279099919e-09,1.1244844408827163e-12,2661,BARK,1210,0.29541015625,0.9994990716433031,924.0,0.2255859375,True,sector,,,1477061526
14,12,1,100.0,0.618667,0.0,0.0,-0.813737,0.005859375,0.0029296875,7.912831279099919e-09,1.1244844408827163e-12,2661,BARK,1575,0.384521484375,0.9994990716433031,924.0,0.2255859375,True,sector,,,1477061526
14,12,1,100.0,0.618667,0.0,0.0,-0.813737,0.005859375,0.0029296875,7.912831279099919e-09,1.1244844408827163e-12,2661,BARK,2048,0.5,0.9994990716433031,924.0,0.2255859375,True,sector,,,1477061526
14,12,1,100.0,0.618667,0.0,0.0,-0.813737,0.005859375,0.0029296875,7.912831279099919e-09,1.1244844408827163e-12,2661,Simplified BARK,1,0.000244140625,1.1244844408827163e-12,924.0,0.2255859375,True,sector,,,1477061526
14,12,1,100.0,0.618667,0.0,0.0,-0.813737,0.005859375,0.0029296875,7.912831279099919e-09,1.1244844408827163e-12,2661,Simplified BARK,2,0.00048828125,1.530554223542866e-12,924.0,0.2255859375,True,sector,,,1477061526
14,12,1,100.0,0.618667,0.0,0.0,-0.813737,0.005859375,0.0029296875,7.912831279099919e-09,1.1244844408827163e-12,2661,Simplified BARK,3,0.000732421875,1.2496799777816314e-05,924.0,0.2255859375,True,sector,,,1477061526
14,12,1,100.0,0.618667,0.0,0.0,-0.813737,0.005859375,0.0029296875,7.912831279099919e-09,1.1244844408827163e-12,2661,Simplified BARK,4,0.0009765625,1.2497112143089625e-05,924.0,0.2255859375,True,sector,,,1477061526
14,12,1,100.0,0.618667,0.0,0.0,-0.813737,0.005859375,0.0029296875,7.912831279099919e-09,1.1244844408827163e-12,2661,Simplified BARK,5,0.001220703125,1.2497112166512926e-05,924.0,0.2255859375,True,sector,,,1477061526
14,12,1,100.0,0.618667,0.0,0.0,-0.813737,0.005859375,0.0029296875,7.912831279099919e-09,1.1244844408827163e-12,2661,Simplified BARK,6,0.00146484375,1.249711216651327e-05,924.0,0.2255859375,True,sector,,,1477061526
14,12,1,100.0,0.618667,0.0,0.0,-0.813737,0.005859375,0.0029296875,7.912831279099919e-09,1.1244844408827163e-12,2661,Simplified BARK,8,0.001953125,1.2497112166513463e-05,924.0,0.2255859375,True,sector,,,1477061526
14,12,1,100.0,0.618667,0.0,0.0,-0.813737,0.005859375,0.0029296875,7.912831279099919e-09,1.1244844408827163e-12,2661,Simplified BARK,11,0.002685546875,1.2497112166513466e-05,924.0,0.2255859375,True,sector,,,1477061526
14,12,1,100.0,0.618667,0.0,0.0,-0.813737,0.005859375,0.0029296875,7.912831279099919e-09,1.1244844408827163e-12,2661,Simplified BARK,14,0.00341796875,1.2497112166513463e-05,924.0,0.2255859375,True,sector,,,1477061526
14,12,1,100.0,0.618667,0.0,0.0,-0.813737,0.005859375,0.0029296875,7.912831279099919e-09,1.1244844408827163e-12,2661,Simplified BARK,18,0.00439453125,1.2497112166513463e-05,924.0,0.2255859375,True,sector,,,1477061526
14,12,1,100.0,0.618667,0.0,0.0,-0.813737,0.005859375,0.0029296875,7.912831279099919e-09,1.1244844408827163e-12,2661,Simplified BARK,23,0.005615234375,1.2497112166513463e-05,924.0,0.2255859375,True,sector,,,1477061526
14,12,1,100.0,0.618667,0.0,0.0,-0.813737,0.005859375,0.0029296875,7.912831279099919e-09,1.1244844408827163e-12,2661,Simplified BARK,31,0.007568359375,1.2497112166513456e-05,924.0,0.2255859375,True,sector,,,1477061526
14,12,1,100.0,0.618667,0.0,0.0,-0.813737,0.005859375,0.0029296875,7.912831279099919e-09,1.1244844408827163e-12,2661,Simplified BARK,40,0.009765625,1.2497112166513459e-05,924.0,0.2255859375,True,sector,,,1477061526
14,12,1,100.0,0.618667,0.0,0.0,-0.813737,0.005859375,0.0029296875,7.912831279099919e-09,1.1244844408827163e-12,2661,Simplified BARK,52,0.0126953125,1.2497112166513459e-05,924.0,0.2255859375,True,sector,,,1477061526
14,12,1,100.0,0.618667,0.0,0.0,-0.813737,0.005859375,0.0029296875,7.912831279099919e-09,1.1244844408827163e-12,2661,Simplified BARK,67,0.016357421875,1.2497112166513463e-05,924.0,0.2255859375,True,sector,,,1477061526
14,12,1,100.0,0.618667,0.0,0.0,-0.813737,0.005859375,0.0029296875,7.912831279099919e-09,1.1244844408827163e-12,2661,Simplified BARK,87,0.021240234375,1.2497112166513459e-05,924.0,0.2255859375,True,sector,,,1477061526
14,12,1,100.0,0.618667,0.0,0.0,-0.813737,0.005859375,0.0029296875,7.912831279099919e-09,1.1244844408827163e-12,2661,Simplified BARK,114,0.02783203125,1.2497112166513463e-05,924.0,0.2255859375,True,sector,,,1477061526
14,12,1,100.0,0.618667,0.0,0.0,-0.813737,0.005859375,0.0029296875,7.912831279099919e-09,1.1244844408827163e-12,2661,Simplified BARK,148,0.0361328125,1.8196877836256575e-10,924.0,0.2255859375,True,sector,,,1477061526
14,12,1,100.0,0.618667,0.0,0.0,-0.813737,0.005859375,0.0029296875,7.912831279099919e-09,1.1244844408827163e-12,2661,Simplified BARK,192,0.046875,1.0962378434674908e-06,924.0,0.2255859375,True,sector,,,1477061526
14,12,1,100.0,0.618667,0.0,0.0,-0.813737,0.005859375,0.0029296875,7.912831279099919e-09,1.1244844408827163e-12,2661,Simplified BARK,250,0.06103515625,9.839683784783205e-08,924.0,0.2255859375,True,sector,,,1477061526
14,12,1,100.0,0.618667,0.0,0.0,-0.813737,0.005859375,0.0029296875,7.912831279099919e-09,1.1244844408827163e-12,2661,Simplified BARK,325,0.079345703125,0.5000343642090161,924.0,0.2255859375,True,sector,,,1477061526
14,12,1,100.0,0.618667,0.0,0.0,-0.813737,0.005859375,0.0029296875,7.912831279099919e-09,1.1244844408827163e-12,2661,Simplified BARK,423,0.103271484375,0.5000468664123476,924.0,0.2255859375,True,sector,,,1477061526
14,12,1,100.0,0.618667,0.0,0.0,-0.813737,0.005859375,0.0029296875,7.912831279099919e-09,1.1244844408827163e-12,2661,Simplified BARK,550,0.13427734375,0.50009686235887,924.0,0.2255859375,True,sector,,,1477061526
14,12,1,100.0,0.618667,0.0,0.0,-0.813737,0.005859375,0.0029296875,7.912831279099919e-09,1.1244844408827163e-12,2661,Simplified BARK,715,0.174560546875,0.5000975649127167,924.0,0.2255859375,True,sector,,,1477061526
14,12,1,100.0,0.618667,0.0,0.0,-0.813737,0.005859375,0.0029296875,7.912831279099919e-09,1.1244844408827163e-12,2661,Simplified BARK,931,0.227294921875,0.999633414869877,924.0,0.2255859375,True,sector,,,1477061526
14,12,1,100.0,0.618667,0.0,0.0,-0.813737,0.005859375,0.0029296875,7.912831279099919e-09,1.1244844408827163e-12,2661,Simplified BARK,1210,0.29541015625,0.999633414869877,924.0,0.2255859375,True,sector,,,1477061526
14,12,1,100.0,0.618667,0.0,0.0,-0.813737,0.005859375,0.0029296875,7.912831279099919e-09,1.1244844408827163e-12,2661,Simplified BARK,1575,0.384521484375,0.999633414869877,924.0,0.2255859375,True,sector,,,1477061526
14,12,1,100.0,0.618667,0.0,0.0,-0.813737,0.005859375,0.0029296875,7.912831279099919e-09,1.1244844408827163e-12,2661,Simplified BARK,2048,0.5,0.999633414869877,924.0,0.2255859375,True,sector,,,1477061526
14,12,1,100.0,0.618667,0.0,0.0,-0.813737,0.005859375,0.0029296875,7.912831279099919e-09,1.1244844408827163e-12,2661,SKQD,1,0.000244140625,1.1244844408827163e-12,114.66666666666667,0.027994791666666668,True,max_iterations;max_iterations;max_iterations,0.02,1000.0,1477061526
14,12,1,100.0,0.618667,0.0,0.0,-0.813737,0.005859375,0.0029296875,7.912831279099919e-09,1.1244844408827163e-12,2661,SKQD,2,0.00048828125,2.220208336170285e-10,114.66666666666667,0.027994791666666668,True,max_iterations;max_iterations;max_iterations,0.02,1000.0,1477061526
14,12,1,100.0,0.618667,0.0,0.0,-0.813737,0.005859375,0.0029296875,7.912831279099919e-09,1.1244844408827163e-12,2661,SKQD,3,0.000732421875,4.354311304288385e-10,114.66666666666667,0.027994791666666668,True,max_iterations;max_iterations;max_iterations,0.02,1000.0,1477061526
14,12,1,100.0,0.618667,0.0,0.0,-0.813737,0.005859375,0.0029296875,7.912831279099919e-09,1.1244844408827163e-12,2661,SKQD,4,0.0009765625,1.093389455913352e-09,114.66666666666667,0.027994791666666668,True,max_iterations;max_iterations;max_iterations,0.02,1000.0,1477061526
14,12,1,100.0,0.618667,0.0,0.0,-0.813737,0.005859375,0.0029296875,7.912831279099919e-09,1.1244844408827163e-12,2661,SKQD,5,0.001220703125,1.3118207939110916e-09,114.66666666666667,0.027994791666666668,True,max_iterations;max_iterations;max_iterations,0.02,1000.0,1477061526
14,12,1,100.0,0.618667,0.0,0.0,-0.813737,0.005859375,0.0029296875,7.912831279099919e-09,1.1244844408827163e-12,2661,SKQD,6,0.00146484375,1.2965055100705264e-09,114.66666666666667,0.027994791666666668,True,max_iterations;max_iterations;max_iterations,0.02,1000.0,1477061526
14,12,1,100.0,0.618667,0.0,0.0,-0.813737,0.005859375,0.0029296875,7.912831279099919e-09,1.1244844408827163e-12,2661,SKQD,8,0.001953125,1.3248855598418441e-09,114.66666666666667,0.027994791666666668,True,max_iterations;max_iterations;max_iterations,0.02,1000.0,1477061526
14,12,1,100.0,0.618667,0.0,0.0,-0.813737,0.005859375,0.0029296875,7.912831279099919e-09,1.1244844408827163e-12,2661,SKQD,11,0.002685546875,8.148811596822426e-09,114.66666666666667,0.027994791666666668,True,max_iterations;max_iterations;max_iterations,0.02,1000.0,1477061526
14,12,1,100.0,0.618667,0.0,0.0,-0.813737,0.005859375,0.0029296875,7.912831279099919e-09,1.1244844408827163e-12,2661,SKQD,14,0.00341796875,1.1250865432307247e-08,114.66666666666667,0.027994791666666668,True,max_iterations;max_iterations;max_iterations,0.02,1000.0,1477061526
14,12,1,100.0,0.618667,0.0,0.0,-0.813737,0.005859375,0.0029296875,7.912831279099919e-09,1.1244844408827163e-12,2661,SKQD,18,0.00439453125,1.520631637549073e-08,114.66666666666667,0.027994791666666668,True,max_iterations;max_iterations;max_iterations,0.02,1000.0,1477061526
14,12,1,100.0,0.618667,0.0,0.0,-0.813737,0.005859375,0.0029296875,7.912831279099919e-09,1.1244844408827163e-12,2661,SKQD,23,0.005615234375,9.926943946203581e-09,114.66666666666667,0.027994791666666668,True,max_iterations;max_iterations;max_iterations,0.02,1000.0,1477061526
14,12,1,100.0,0.618667,0.0,0.0,-0.813737,0.005859375,0.0029296875,7.912831279099919e-09,1.1244844408827163e-12,2661,SKQD,31,0.007568359375,1.1468763178455271e-08,114.66666666666667,0.027994791666666668,True,max_iterations;max_iterations;max_iterations,0.02,1000.0,1477061526
14,12,1,100.0,0.618667,0.0,0.0,-0.813737,0.005859375,0.0029296875,7.912831279099919e-09,1.1244844408827163e-12,2661,SKQD,40,0.009765625,6.930589417450923e-06,114.66666666666667,0.027994791666666668,True,max_iterations;max_iterations;max_iterations,0.02,1000.0,1477061526
14,12,1,100.0,0.618667,0.0,0.0,-0.813737,0.005859375,0.0029296875,7.912831279099919e-09,1.1244844408827163e-12,2661,SKQD,52,0.0126953125,8.437060720510331e-06,114.66666666666667,0.027994791666666668,True,max_iterations;max_iterations;max_iterations,0.02,1000.0,1477061526
14,12,1,100.0,0.618667,0.0,0.0,-0.813737,0.005859375,0.0029296875,7.912831279099919e-09,1.1244844408827163e-12,2661,SKQD,67,0.016357421875,1.771947691604002e-05,114.66666666666667,0.027994791666666668,True,max_iterations;max_iterations;max_iterations,0.02,1000.0,1477061526
14,12,1,100.0,0.618667,0.0,0.0,-0.813737,0.005859375,0.0029296875,7.912831279099919e-09,1.1244844408827163e-12,2661,SKQD,87,0.021240234375,1.763501117784907e-05,114.66666666666667,0.027994791666666668,True,max_iterations;max_iterations;max_iterations,0.02,1000.0,1477061526
14,12,1,100.0,0.618667,0.0,0.0,-0.813737,0.005859375,0.0029296875,7.912831279099919e-09,1.1244844408827163e-12,2661,SKQD,114,0.02783203125,1.770925414009023e-05,114.66666666666667,0.027994791666666668,True,max_iterations;max_iterations;max_iterations,0.02,1000.0,1477061526
14,12,1,100.0,0.618667,0.0,0.0,-0.813737,0.005859375,0.0029296875,7.912831279099919e-09,1.1244844408827163e-12,2661,SKQD,148,0.0361328125,1.770925419562657e-05,114.66666666666667,0.027994791666666668,True,max_iterations;max_iterations;max_iterations,0.02,1000.0,1477061526
14,12,1,100.0,0.618667,0.0,0.0,-0.813737,0.005859375,0.0029296875,7.912831279099919e-09,1.1244844408827163e-12,2661,SKQD,192,0.046875,1.770925419562657e-05,114.66666666666667,0.027994791666666668,True,max_iterations;max_iterations;max_iterations,0.02,1000.0,1477061526
14,12,1,100.0,0.618667,0.0,0.0,-0.813737,0.005859375,0.0029296875,7.912831279099919e-09,1.1244844408827163e-12,2661,SKQD,250,0.06103515625,1.770925419562657e-05,114.66666666666667,0.027994791666666668,True,max_iterations;max_iterations;max_iterations,0.02,1000.0,1477061526
14,12,1,100.0,0.618667,0.0,0.0,-0.813737,0.005859375,0.0029296875,7.912831279099919e-09,1.1244844408827163e-12,2661,SKQD,325,0.079345703125,1.770925419562657e-05,114.66666666666667,0.027994791666666668,True,max_iterations;max_iterations;max_iterations,0.02,1000.0,1477061526
14,12,1,100.0,0.618667,0.0,0.0,-0.813737,0.005859375,0.0029296875,7.912831279099919e-09,1.1244844408827163e-12,2661,SKQD,423,0.103271484375,1.770925419562657e-05,114.66666666666667,0.027994791666666668,True,max_iterations;max_iterations;max_iterations,0.02,1000.0,1477061526
14,12,1,100.0,0.618667,0.0,0.0,-0.813737,0.005859375,0.0029296875,7.912831279099919e-09,1.1244844408827163e-12,2661,SKQD,550,0.13427734375,1.770925419562657e-05,114.66666666666667,0.027994791666666668,True,max_iterations;max_iterations;max_iterations,0.02,1000.0,1477061526
14,12,1,100.0,0.618667,0.0,0.0,-0.813737,0.005859375,0.0029296875,7.912831279099919e-09,1.1244844408827163e-12,2661,SKQD,715,0.174560546875,1.770925419562657e-05,114.66666666666667,0.027994791666666668,True,max_iterations;max_iterations;max_iterations,0.02,1000.0,1477061526
14,12,1,100.0,0.618667,0.0,0.0,-0.813737,0.005859375,0.0029296875,7.912831279099919e-09,1.1244844408827163e-12,2661,SKQD,931,0.227294921875,1.770925419562657e-05,114.66666666666667,0.027994791666666668,True,max_iterations;max_iterations;max_iterations,0.02,1000.0,1477061526
14,12,1,100.0,0.618667,0.0,0.0,-0.813737,0.005859375,0.0029296875,7.912831279099919e-09,1.1244844408827163e-12,2661,SKQD,1210,0.29541015625,1.770925419562657e-05,114.66666666666667,0.027994791666666668,True,max_iterations;max_iterations;max_iterations,0.02,1000.0,1477061526
14,12,1,100.0,0.618667,0.0,0.0,-0.813737,0.005859375,0.0029296875,7.912831279099919e-09,1.1244844408827163e-12,2661,SKQD,1575,0.384521484375,1.770925419562657e-05,114.66666666666667,0.027994791666666668,True,max_iterations;max_iterations;max_iterations,0.02,1000.0,1477061526
14,12,1,100.0,0.618667,0.0,0.0,-0.813737,0.005859375,0.0029296875,7.912831279099919e-09,1.1244844408827163e-12,2661,SKQD,2048,0.5,1.770925419562657e-05,114.66666666666667,0.027994791666666668,True,max_iterations;max_iterations;max_iterations,0.02,1000.0,1477061526
14,12,1,100.0,0.618667,0.0,0.0,-0.813737,0.005859375,0.0029296875,7.912831279099919e-09,1.1244844408827163e-12,2661,Ceiling,1,0.000244140625,0.49988437800064534,2048.0,0.5,False,,,,1477061526
14,12,1,100.0,0.618667,0.0,0.0,-0.813737,0.005859375,0.0029296875,7.912831279099919e-09,1.1244844408827163e-12,2661,Ceiling,2,0.00048828125,0.9995750886286696,2048.0,0.5,False,,,,1477061526
14,12,1,100.0,0.618667,0.0,0.0,-0.813737,0.005859375,0.0029296875,7.912831279099919e-09,1.1244844408827163e-12,2661,Ceiling,3,0.000732421875,0.9996250720757404,2048.0,0.5,False,,,,1477061526
14,12,1,100.0,0.618667,0.0,0.0,-0.813737,0.005859375,0.0029296875,7.912831279099919e-09,1.1244844408827163e-12,2661,Ceiling,4,0.0009765625,0.9996750555228111,2048.0,0.5,False,,,,1477061526
14,12,1,100.0,0.618667,0.0,0.0,-0.813737,0.005859375,0.0029296875,7.912831279099919e-09,1.1244844408827163e-12,2661,Ceiling,5,0.001220703125,0.9997250196050812,2048.0,0.5,False,,,,1477061526
14,12,1,100.0,0.618667,0.0,0.0,-0.813737,0.005859375,0.0029296875,7.912831279099919e-09,1.1244844408827163e-12,2661,Ceiling,6,0.00146484375,0.9997749836873513,2048.0,0.5,False,,,,1477061526
14,12,1,100.0,0.618667,0.0,0.0,-0.813737,0.005859375,0.0029296875,7.912831279099919e-09,1.1244844408827163e-12,2661,Ceiling,8,0.001953125,0.9997999804094193,2048.0,0.5,False,,,,1477061526
14,12,1,100.0,0.618667,0.0,0.0,-0.813737,0.005859375,0.0029296875,7.912831279099919e-09,1.1244844408827163e-12,2661,Ceiling,11,0.002685546875,0.999837469867597,2048.0,0.5,False,,,,1477061526
14,12,1,100.0,0.618667,0.0,0.0,-0.813737,0.005859375,0.0029296875,7.912831279099919e-09,1.1244844408827163e-12,2661,Ceiling,14,0.00341796875,0.9998749580715209,2048.0,0.5,False,,,,1477061526
14,12,1,100.0,0.618667,0.0,0.0,-0.813737,0.005859375,0.0029296875,7.912831279099919e-09,1.1244844408827163e-12,2661,Ceiling,18,0.00439453125,0.9999249319896918,2048.0,0.5,False,,,,1477061526
14,12,1,100.0,0.618667,0.0,0.0,-0.813737,0.005859375,0.0029296875,7.912831279099919e-09,1.1244844408827163e-12,2661,Ceiling,23,0.005615234375,0.9999873889582783,2048.0,0.5,False,,,,1477061526
14,12,1,100.0,0.618667,0.0,0.0,-0.813737,0.005859375,0.0029296875,7.912831279099919e-09,1.1244844408827163e-12,2661,Ceiling,31,0.007568359375,0.9999999355958388,2048.0,0.5,False,,,,1477061526
14,12,1,100.0,0.618667,0.0,0.0,-0.813737,0.005859375,0.0029296875,7.912831279099919e-09,1.1244844408827163e-12,2661,Ceiling,40,0.009765625,0.9999999468505009,2048.0,0.5,False,,,,1477061526
14,12,1,100.0,0.618667,0.0,0.0,-0.813737,0.005859375,0.0029296875,7.912831279099919e-09,1.1244844408827163e-12,2661,Ceiling,52,0.0126953125,0.9999999618464089,2048.0,0.5,False,,,,1477061526
14,12,1,100.0,0.618667,0.0,0.0,-0.813737,0.005859375,0.0029296875,7.912831279099919e-09,1.1244844408827163e-12,2661,Ceiling,67,0.016357421875,0.9999999805847188,2048.0,0.5,False,,,,1477061526
14,12,1,100.0,0.618667,0.0,0.0,-0.813737,0.005859375,0.0029296875,7.912831279099919e-09,1.1244844408827163e-12,2661,Ceiling,87,0.021240234375,0.9999999915163607,2048.0,0.5,False,,,,1477061526
14,12,1,100.0,0.618667,0.0,0.0,-0.813737,0.005859375,0.0029296875,7.912831279099919e-09,1.1244844408827163e-12,2661,Ceiling,114,0.02783203125,0.9999999999484355,2048.0,0.5,False,,,,1477061526
14,12,1,100.0,0.618667,0.0,0.0,-0.813737,0.005859375,0.0029296875,7.912831279099919e-09,1.1244844408827163e-12,2661,Ceiling,148,0.0361328125,0.9999999999940936,2048.0,0.5,False,,,,1477061526
14,12,1,100.0,0.618667,0.0,0.0,-0.813737,0.005859375,0.0029296875,7.912831279099919e-09,1.1244844408827163e-12,2661,Ceiling,192,0.046875,0.9999999999980445,2048.0,0.5,False,,,,1477061526
14,12,1,100.0,0.618667,0.0,0.0,-0.813737,0.005859375,0.0029296875,7.912831279099919e-09,1.1244844408827163e-12,2661,Ceiling,250,0.06103515625,0.9999999999997606,2048.0,0.5,False,,,,1477061526
14,12,1,100.0,0.618667,0.0,0.0,-0.813737,0.005859375,0.0029296875,7.912831279099919e-09,1.1244844408827163e-12,2661,Ceiling,325,0.079345703125,0.9999999999999956,2048.0,0.5,False,,,,1477061526
14,12,1,100.0,0.618667,0.0,0.0,-0.813737,0.005859375,0.0029296875,7.912831279099919e-09,1.1244844408827163e-12,2661,Ceiling,423,0.103271484375,0.9999999999999956,2048.0,0.5,False,,,,1477061526
14,12,1,100.0,0.618667,0.0,0.0,-0.813737,0.005859375,0.0029296875,7.912831279099919e-09,1.1244844408827163e-12,2661,Ceiling,550,0.13427734375,0.9999999999999956,2048.0,0.5,False,,,,1477061526
14,12,1,100.0,0.618667,0.0,0.0,-0.813737,0.005859375,0.0029296875,7.912831279099919e-09,1.1244844408827163e-12,2661,Ceiling,715,0.174560546875,0.9999999999999956,2048.0,0.5,False,,,,1477061526
14,12,1,100.0,0.618667,0.0,0.0,-0.813737,0.005859375,0.0029296875,7.912831279099919e-09,1.1244844408827163e-12,2661,Ceiling,931,0.227294921875,0.9999999999999956,2048.0,0.5,False,,,,1477061526
14,12,1,100.0,0.618667,0.0,0.0,-0.813737,0.005859375,0.0029296875,7.912831279099919e-09,1.1244844408827163e-12,2661,Ceiling,1210,0.29541015625,0.9999999999999956,2048.0,0.5,False,,,,1477061526
14,12,1,100.0,0.618667,0.0,0.0,-0.813737,0.005859375,0.0029296875,7.912831279099919e-09,1.1244844408827163e-12,2661,Ceiling,1575,0.384521484375,0.9999999999999956,2048.0,0.5,False,,,,1477061526
14,12,1,100.0,0.618667,0.0,0.0,-0.813737,0.005859375,0.0029296875,7.912831279099919e-09,1.1244844408827163e-12,2661,Ceiling,2048,0.5,0.9999999999999956,2048.0,0.5,False,,,,1477061526
14,12,1,100.0,0.618667,0.0,0.0,-0.813737,0.005859375,0.0029296875,7.912831279099919e-09,1.2494144352476508e-09,1690,BARK,1,0.000244140625,1.2494144352476508e-09,924.0,0.2255859375,True,sector,,,1477061526
14,12,1,100.0,0.618667,0.0,0.0,-0.813737,0.005859375,0.0029296875,7.912831279099919e-09,1.2494144352476508e-09,1690,BARK,2,0.00048828125,4.9965331684462035e-05,924.0,0.2255859375,True,sector,,,1477061526
14,12,1,100.0,0.618667,0.0,0.0,-0.813737,0.005859375,0.0029296875,7.912831279099919e-09,1.2494144352476508e-09,1690,BARK,3,0.000732421875,0.49974067582077375,924.0,0.2255859375,True,sector,,,1477061526
14,12,1,100.0,0.618667,0.0,0.0,-0.813737,0.005859375,0.0029296875,7.912831279099919e-09,1.2494144352476508e-09,1690,BARK,4,0.0009765625,0.49979063990117967,924.0,0.2255859375,True,sector,,,1477061526
14,12,1,100.0,0.618667,0.0,0.0,-0.813737,0.005859375,0.0029296875,7.912831279099919e-09,1.2494144352476508e-09,1690,BARK,5,0.001220703125,0.49979064489968344,924.0,0.2255859375,True,sector,,,1477061526
14,12,1,100.0,0.618667,0.0,0.0,-0.813737,0.005859375,0.0029296875,7.912831279099919e-09,1.2494144352476508e-09,1690,BARK,6,0.00146484375,0.499790644899896,924.0,0.2255859375,True,sector,,,1477061526
14,12,1,100.0,0.618667,0.0,0.0,-0.813737,0.005859375,0.0029296875,7.912831279099919e-09,1.2494144352476508e-09,1690,BARK,8,0.001953125,0.49980313793402087,924.0,0.2255859375,True,sector,,,1477061526
14,12,1,100.0,0.618667,0.0,0.0,-0.813737,0.005859375,0.0029296875,7.912831279099919e-09,1.2494144352476508e-09,1690,BARK,11,0.002685546875,0.4998156320790843,924.0,0.2255859375,True,sector,,,1477061526
14,12,1,100.0,0.618667,0.0,0.0,-0.813737,0.005859375,0.0029296875,7.912831279099919e-09,1.2494144352476508e-09,1690,BARK,14,0.00341796875,0.49981563332962275,924.0,0.2255859375,True,sector,,,1477061526
14,12,1,100.0,0.618667,0.0,0.0,-0.813737,0.005859375,0.0029296875,7.912831279099919e-09,1.2494144352476508e-09,1690,BARK,18,0.00439453125,0.49981563333411994,924.0,0.2255859375,True,sector,,,1477061526
14,12,1,100.0,0.618667,0.0,0.0,-0.813737,0.005859375,0.0029296875,7.912831279099919e-09,1.2494144352476508e-09,1690,BARK,23,0.005615234375,0.4998281393594367,924.0,0.2255859375,True,sector,,,1477061526
14,12,1,100.0,0.618667,0.0,0.0,-0.813737,0.005859375,0.0029296875,7.912831279099919e-09,1.2494144352476508e-09,1690,BARK,31,0.007568359375,0.49982813935956305,924.0,0.2255859375,True,sector,,,1477061526
14,12,1,100.0,0.618667,0.0,0.0,-0.813737,0.005859375,0.0029296875,7.912831279099919e-09,1.2494144352476508e-09,1690,BARK,40,0.009765625,0.4998281393595632,924.0,0.2255859375,True,sector,,,1477061526
14,12,1,100.0,0.618667,0.0,0.0,-0.813737,0.005859375,0.0029296875,7.912831279099919e-09,1.2494144352476508e-09,1690,BARK,52,0.0126953125,0.49982813935956305,924.0,0.2255859375,True,sector,,,1477061526
14,12,1,100.0,0.618667,0.0,0.0,-0.813737,0.005859375,0.0029296875,7.912831279099919e-09,1.2494144352476508e-09,1690,BARK,67,0.016357421875,0.49982813935956305,924.0,0.2255859375,True,sector,,,1477061526
14,12,1,100.0,0.618667,0.0,0.0,-0.813737,0.005859375,0.0029296875,7.912831279099919e-09,1.2494144352476508e-09,1690,BARK,87,0.021240234375,0.4998281393595632,924.0,0.2255859375,True,sector,,,1477061526
14,12,1,100.0,0.618667,0.0,0.0,-0.813737,0.005859375,0.0029296875,7.912831279099919e-09,1.2494144352476508e-09,1690,BARK,114,0.02783203125,0.4998281393595632,924.0,0.2255859375,True,sector,,,1477061526
14,12,1,100.0,0.618667,0.0,0.0,-0.813737,0.005859375,0.0029296875,7.912831279099919e-09,1.2494144352476508e-09,1690,BARK,148,0.0361328125,0.4998281393595632,924.0,0.2255859375,True,sector,,,1477061526
14,12,1,100.0,0.618667,0.0,0.0,-0.813737,0.005859375,0.0029296875,7.912831279099919e-09,1.2494144352476508e-09,1690,BARK,192,0.046875,0.49982813935956294,924.0,0.2255859375,True,sector,,,1477061526
14,12,1,100.0,0.618667,0.0,0.0,-0.813737,0.005859375,0.0029296875,7.912831279099919e-09,1.2494144352476508e-09,1690,BARK,250,0.06103515625,0.4998406488471675,924.0,0.2255859375,True,sector,,,1477061526
14,12,1,100.0,0.618667,0.0,0.0,-0.813737,0.005859375,0.0029296875,7.912831279099919e-09,1.2494144352476508e-09,1690,BARK,325,0.079345703125,0.4998406488471766,924.0,0.2255859375,True,sector,,,1477061526
14,12,1,100.0,0.618667,0.0,0.0,-0.813737,0.005859375,0.0029296875,7.912831279099919e-09,1.2494144352476508e-09,1690,BARK,423,0.103271484375,0.4998659787381109,924.0,0.2255859375,True,sector,,,1477061526
14,12,1,100.0,0.618667,0.0,0.0,-0.813737,0.005859375,0.0029296875,7.912831279099919e-09,1.2494144352476508e-09,1690,BARK,550,0.13427734375,0.4998682322557958,924.0,0.2255859375,True,sector,,,1477061526
14,12,1,100.0,0.618667,0.0,0.0,-0.813737,0.005859375,0.0029296875,7.912831279099919e-09,1.2494144352476508e-09,1690,BARK,715,0.174560546875,0.5038523604938685,924.0,0.2255859375,True,sector,,,1477061526
14,12,1,100.0,0.618667,0.0,0.0,-0.813737,0.005859375,0.0029296875,7.912831279099919e-09,1.2494144352476508e-09,1690,BARK,931,0.227294921875,0.9999379001080951,924.0,0.2255859375,True,sector,,,1477061526
14,12,1,100.0,0.618667,0.0,0.0,-0.813737,0.005859375,0.0029296875,7.912831279099919e-09,1.2494144352476508e-09,1690,BARK,1210,0.29541015625,0.9999379001080951,924.0,0.2255859375,True,sector,,,1477061526
14,12,1,100.0,0.618667,0.0,0.0,-0.813737,0.005859375,0.0029296875,7.912831279099919e-09,1.2494144352476508e-09,1690,BARK,1575,0.384521484375,0.9999379001080951,924.0,0.2255859375,True,sector,,,1477061526
14,12,1,100.0,0.618667,0.0,0.0,-0.813737,0.005859375,0.0029296875,7.912831279099919e-09,1.2494144352476508e-09,1690,BARK,2048,0.5,0.9999379001080951,924.0,0.2255859375,True,sector,,,1477061526
14,12,1,100.0,0.618667,0.0,0.0,-0.813737,0.005859375,0.0029296875,7.912831279099919e-09,1.2494144352476508e-09,1690,Simplified BARK,1,0.000244140625,1.2494144352476508e-09,924.0,0.2255859375,True,sector,,,1477061526
14,12,1,100.0,0.618667,0.0,0.0,-0.813737,0.005859375,0.0029296875,7.912831279099919e-09,1.2494144352476508e-09,1690,Simplified BARK,2,0.00048828125,6.627520837205409e-10,924.0,0.2255859375,True,sector,,,1477061526
14,12,1,100.0,0.618667,0.0,0.0,-0.813737,0.005859375,0.0029296875,7.912831279099919e-09,1.2494144352476508e-09,1690,Simplified BARK,3,0.000732421875,6.61191989667345e-10,924.0,0.2255859375,True,sector,,,1477061526
14,12,1,100.0,0.618667,0.0,0.0,-0.813737,0.005859375,0.0029296875,7.912831279099919e-09,1.2494144352476508e-09,1690,Simplified BARK,4,0.0009765625,6.61272222583563e-10,924.0,0.2255859375,True,sector,,,1477061526
14,12,1,100.0,0.618667,0.0,0.0,-0.813737,0.005859375,0.0029296875,7.912831279099919e-09,1.2494144352476508e-09,1690,Simplified BARK,5,0.001220703125,3.396384726955648e-10,924.0,0.2255859375,True,sector,,,1477061526
14,12,1,100.0,0.618667,0.0,0.0,-0.813737,0.005859375,0.0029296875,7.912831279099919e-09,1.2494144352476508e-09,1690,Simplified BARK,6,0.00146484375,1.9115651613176196e-10,924.0,0.2255859375,True,sector,,,1477061526
14,12,1,100.0,0.618667,0.0,0.0,-0.813737,0.005859375,0.0029296875,7.912831279099919e-09,1.2494144352476508e-09,1690,Simplified BARK,8,0.001953125,1.9115354475180547e-10,924.0,0.2255859375,True,sector,,,1477061526
14,12,1,100.0,0.618667,0.0,0.0,-0.813737,0.005859375,0.0029296875,7.912831279099919e-09,1.2494144352476508e-09,1690,Simplified BARK,11,0.002685546875,1.911535447518085e-10,924.0,0.2255859375,True,sector,,,1477061526
14,12,1,100.0,0.618667,0.0,0.0,-0.813737,0.005859375,0.0029296875,7.912831279099919e-09,1.2494144352476508e-09,1690,Simplified BARK,14,0.00341796875,1.9115354475180865e-10,924.0,0.2255859375,True,sector,,,1477061526
14,12,1,100.0,0.618667,0.0,0.0,-0.813737,0.005859375,0.0029296875,7.912831279099919e-09,1.2494144352476508e-09,1690,Simplified BARK,18,0.00439453125,1.9115354475180842e-10,924.0,0.2255859375,True,sector,,,1477061526
14,12,1,100.0,0.618667,0.0,0.0,-0.813737,0.005859375,0.0029296875,7.912831279099919e-09,1.2494144352476508e-09,1690,Simplified BARK,23,0.005615234375,1.911535447518045e-10,924.0,0.2255859375,True,sector,,,1477061526
14,12,1,100.0,0.618667,0.0,0.0,-0.813737,0.005859375,0.0029296875,7.912831279099919e-09,1.2494144352476508e-09,1690,Simplified BARK,31,0.007568359375,1.9115354475180847e-10,924.0,0.2255859375,True,sector,,,1477061526
14,12,1,100.0,0.618667,0.0,0.0,-0.813737,0.005859375,0.0029296875,7.912831279099919e-09,1.2494144352476508e-09,1690,Simplified BARK,40,0.009765625,1.9115354475180433e-10,924.0,0.2255859375,True,sector,,,1477061526
14,12,1,100.0,0.618667,0.0,0.0,-0.813737,0.005859375,0.0029296875,7.912831279099919e-09,1.2494144352476508e-09,1690,Simplified BARK,52,0.0126953125,1.9115354475180847e-10,924.0,0.2255859375,True,sector,,,1477061526
14,12,1,100.0,0.618667,0.0,0.0,-0.813737,0.005859375,0.0029296875,7.912831279099919e-09,1.2494144352476508e-09,1690,Simplified BARK,67,0.016357421875,1.9115354475180451e-10,924.0,0.2255859375,True,sector,,,1477061526
14,12,1,100.0,0.618667,0.0,0.0,-0.813737,0.005859375,0.0029296875,7.912831279099919e-09,1.2494144352476508e-09,1690,Simplified BARK,87,0.021240234375,1.9114412762724843e-10,924.0,0.2255859375,True,sector,,,1477061526
14,12,1,100.0,0.618667,0.0,0.0,-0.813737,0.005859375,0.0029296875,7.912831279099919e-09,1.2494144352476508e-09,1690,Simplified BARK,114,0.02783203125,1.9114412762724479e-10,924.0,0.2255859375,True,sector,,,1477061526
14,12,1,100.0,0.618667,0.0,0.0,-0.813737,0.005859375,0.0029296875,7.912831279099919e-09,1.2494144352476508e-09,1690,Simplified BARK,148,0.0361328125,1.814317427327342e-10,924.0,0.2255859375,True,sector,,,1477061526
14,12,1,100.0,0.618667,0.0,0.0,-0.813737,0.005859375,0.0029296875,7.912831279099919e-09,1.2494144352476508e-09,1690,Simplified BARK,192,0.046875,1.090136299390664e-06,924.0,0.2255859375,True,sector,,,1477061526
14,12,1,100.0,0.618667,0.0,0.0,-0.813737,0.005859375,0.0029296875,7.912831279099919e-09,1.2494144352476508e-09,1690,Simplified BARK,250,0.06103515625,9.781838096201249e-08,924.0,0.2255859375,True,sector,,,1477061526
14,12,1,100.0,0.618667,0.0,0.0,-0.813737,0.005859375,0.0029296875,7.912831279099919e-09,1.2494144352476508e-09,1690,Simplified BARK,325,0.079345703125,0.5000343639746709,924.0,0.2255859375,True,sector,,,1477061526
14,12,1,100.0,0.618667,0.0,0.0,-0.813737,0.005859375,0.0029296875,7.912831279099919e-09,1.2494144352476508e-09,1690,Simplified BARK,423,0.103271484375,0.5000468664122444,924.0,0.2255859375,True,sector,,,1477061526
14,12,1,100.0,0.618667,0.0,0.0,-0.813737,0.005859375,0.0029296875,7.912831279099919e-09,1.2494144352476508e-09,1690,Simplified BARK,550,0.13427734375,0.5000968623585276,924.0,0.2255859375,True,sector,,,1477061526
14,12,1,100.0,0.618667,0.0,0.0,-0.813737,0.005859375,0.0029296875,7.912831279099919e-09,1.2494144352476508e-09,1690,Simplified BARK,715,0.174560546875,0.5000974637954486,924.0,0.2255859375,True,sector,,,1477061526
14,12,1,100.0,0.618667,0.0,0.0,-0.813737,0.005859375,0.0029296875,7.912831279099919e-09,1.2494144352476508e-09,1690,Simplified BARK,931,0.227294921875,0.9996387474729758,924.0,0.2255859375,True,sector,,,1477061526
14,12,1,100.0,0.618667,0.0,0.0,-0.813737,0.005859375,0.0029296875,7.912831279099919e-09,1.2494144352476508e-09,1690,Simplified BARK,1210,0.29541015625,0.9996387474729758,924.0,0.2255859375,True,sector,,,1477061526
14,12,1,100.0,0.618667,0.0,0.0,-0.813737,0.005859375,0.0029296875,7.912831279099919e-09,1.2494144352476508e-09,1690,Simplified BARK,1575,0.384521484375,0.9996387474729758,924.0,0.2255859375,True,sector,,,1477061526
14,12,1,100.0,0.618667,0.0,0.0,-0.813737,0.005859375,0.0029296875,7.912831279099919e-09,1.2494144352476508e-09,1690,Simplified BARK,2048,0.5,0.9996387474729758,924.0,0.2255859375,True,sector,,,1477061526
14,12,1,100.0,0.618667,0.0,0.0,-0.813737,0.005859375,0.0029296875,7.912831279099919e-09,1.2494144352476508e-09,1690,SKQD,1,0.000244140625,1.2494144352476508e-09,75.33333333333333,0.018391927083333332,True,max_iterations;max_iterations;max_iterations,0.05,30.0,1477061526
14,12,1,100.0,0.618667,0.0,0.0,-0.813737,0.005859375,0.0029296875,7.912831279099919e-09,1.2494144352476508e-09,1690,SKQD,2,0.00048828125,8.540382309679509e-10,75.33333333333333,0.018391927083333332,True,max_iterations;max_iterations;max_iterations,0.05,30.0,1477061526
14,12,1,100.0,0.618667,0.0,0.0,-0.813737,0.005859375,0.0029296875,7.912831279099919e-09,1.2494144352476508e-09,1690,SKQD,3,0.000732421875,6.623148637244209e-10,75.33333333333333,0.018391927083333332,True,max_iterations;max_iterations;max_iterations,0.05,30.0,1477061526
14,12,1,100.0,0.618667,0.0,0.0,-0.813737,0.005859375,0.0029296875,7.912831279099919e-09,1.2494144352476508e-09,1690,SKQD,4,0.0009765625,6.799825912086952e-10,75.33333333333333,0.018391927083333332,True,max_iterations;max_iterations;max_iterations,0.05,30.0,1477061526
14,12,1,100.0,0.618667,0.0,0.0,-0.813737,0.005859375,0.0029296875,7.912831279099919e-09,1.2494144352476508e-09,1690,SKQD,5,0.001220703125,8.877712583306009e-10,75.33333333333333,0.018391927083333332,True,max_iterations;max_iterations;max_iterations,0.05,30.0,1477061526
14,12,1,100.0,0.618667,0.0,0.0,-0.813737,0.005859375,0.0029296875,7.912831279099919e-09,1.2494144352476508e-09,1690,SKQD,6,0.00146484375,1.7823441587238293e-09,75.33333333333333,0.018391927083333332,True,max_iterations;max_iterations;max_iterations,0.05,30.0,1477061526
14,12,1,100.0,0.618667,0.0,0.0,-0.813737,0.005859375,0.0029296875,7.912831279099919e-09,1.2494144352476508e-09,1690,SKQD,8,0.001953125,2.6697515623682526e-09,75.33333333333333,0.018391927083333332,True,max_iterations;max_iterations;max_iterations,0.05,30.0,1477061526
14,12,1,100.0,0.618667,0.0,0.0,-0.813737,0.005859375,0.0029296875,7.912831279099919e-09,1.2494144352476508e-09,1690,SKQD,11,0.002685546875,4.166460652302085e-06,75.33333333333333,0.018391927083333332,True,max_iterations;max_iterations;max_iterations,0.05,30.0,1477061526
14,12,1,100.0,0.618667,0.0,0.0,-0.813737,0.005859375,0.0029296875,7.912831279099919e-09,1.2494144352476508e-09,1690,SKQD,14,0.00341796875,1.2769824890287367e-05,75.33333333333333,0.018391927083333332,True,max_iterations;max_iterations;max_iterations,0.05,30.0,1477061526
14,12,1,100.0,0.618667,0.0,0.0,-0.813737,0.005859375,0.0029296875,7.912831279099919e-09,1.2494144352476508e-09,1690,SKQD,18,0.00439453125,8.624173640139569e-06,75.33333333333333,0.018391927083333332,True,max_iterations;max_iterations;max_iterations,0.05,30.0,1477061526
14,12,1,100.0,0.618667,0.0,0.0,-0.813737,0.005859375,0.0029296875,7.912831279099919e-09,1.2494144352476508e-09,1690,SKQD,23,0.005615234375,2.5262706315172775e-05,75.33333333333333,0.018391927083333332,True,max_iterations;max_iterations;max_iterations,0.05,30.0,1477061526
14,12,1,100.0,0.618667,0.0,0.0,-0.813737,0.005859375,0.0029296875,7.912831279099919e-09,1.2494144352476508e-09,1690,SKQD,31,0.007568359375,2.1035229127734406e-05,75.33333333333333,0.018391927083333332,True,max_iterations;max_iterations;max_iterations,0.05,30.0,1477061526
14,12,1,100.0,0.618667,0.0,0.0,-0.813737,0.005859375,0.0029296875,7.912831279099919e-09,1.2494144352476508e-09,1690,SKQD,40,0.009765625,1.1473373125245982e-05,75.33333333333333,0.018391927083333332,True,max_iterations;max_iterations;max_iterations,0.05,30.0,1477061526
14,12,1,100.0,0.618667,0.0,0.0,-0.813737,0.005859375,0.0029296875,7.912831279099919e-09,1.2494144352476508e-09,1690,SKQD,52,0.0126953125,1.172531100766e-05,75.33333333333333,0.018391927083333332,True,max_iterations;max_iterations;max_iterations,0.05,30.0,1477061526
14,12,1,100.0,0.618667,0.0,0.0,-0.813737,0.005859375,0.0029296875,7.912831279099919e-09,1.2494144352476508e-09,1690,SKQD,67,0.016357421875,1.7711223274782e-05,75.33333333333333,0.018391927083333332,True,max_iterations;max_iterations;max_iterations,0.05,30.0,1477061526
14,12,1,100.0,0.618667,0.0,0.0,-0.813737,0.005859375,0.0029296875,7.912831279099919e-09,1.2494144352476508e-09,1690,SKQD,87,0.021240234375,1.774487983961976e-05,75.33333333333333,0.018391927083333332,True,max_iterations;max_iterations;max_iterations,0.05,30.0,1477061526
14,12,1,100.0,0.618667,0.0,0.0,-0.813737,0.005859375,0.0029296875,7.912831279099919e-09,1.2494144352476508e-09,1690,SKQD,114,0.02783203125,1.774487983961976e-05,75.33333333333333,0.018391927083333332,True,max_iterations;max_iterations;max_iterations,0.05,30.0,1477061526
14,12,1,100.0,0.618667,0.0,0.0,-0.813737,0.005859375,0.0029296875,7.912831279099919e-09,1.2494144352476508e-09,1690,SKQD,148,0.0361328125,1.774487983961976e-05,75.33333333333333,0.018391927083333332,True,max_iterations;max_iterations;max_iterations,0.05,30.0,1477061526
14,12,1,100.0,0.618667,0.0,0.0,-0.813737,0.005859375,0.0029296875,7.912831279099919e-09,1.2494144352476508e-09,1690,SKQD,192,0.046875,1.774487983961976e-05,75.33333333333333,0.018391927083333332,True,max_iterations;max_iterations;max_iterations,0.05,30.0,1477061526
14,12,1,100.0,0.618667,0.0,0.0,-0.813737,0.005859375,0.0029296875,7.912831279099919e-09,1.2494144352476508e-09,1690,SKQD,250,0.06103515625,1.774487983961976e-05,75.33333333333333,0.018391927083333332,True,max_iterations;max_iterations;max_iterations,0.05,30.0,1477061526
14,12,1,100.0,0.618667,0.0,0.0,-0.813737,0.005859375,0.0029296875,7.912831279099919e-09,1.2494144352476508e-09,1690,SKQD,325,0.079345703125,1.774487983961976e-05,75.33333333333333,0.018391927083333332,True,max_iterations;max_iterations;max_iterations,0.05,30.0,1477061526
14,12,1,100.0,0.618667,0.0,0.0,-0.813737,0.005859375,0.0029296875,7.912831279099919e-09,1.2494144352476508e-09,1690,SKQD,423,0.103271484375,1.774487983961976e-05,75.33333333333333,0.018391927083333332,True,max_iterations;max_iterations;max_iterations,0.05,30.0,1477061526
14,12,1,100.0,0.618667,0.0,0.0,-0.813737,0.005859375,0.0029296875,7.912831279099919e-09,1.2494144352476508e-09,1690,SKQD,550,0.13427734375,1.774487983961976e-05,75.33333333333333,0.018391927083333332,True,max_iterations;max_iterations;max_iterations,0.05,30.0,1477061526
14,12,1,100.0,0.618667,0.0,0.0,-0.813737,0.005859375,0.0029296875,7.912831279099919e-09,1.2494144352476508e-09,1690,SKQD,715,0.174560546875,1.774487983961976e-05,75.33333333333333,0.018391927083333332,True,max_iterations;max_iterations;max_iterations,0.05,30.0,1477061526
14,12,1,100.0,0.618667,0.0,0.0,-0.813737,0.005859375,0.0029296875,7.912831279099919e-09,1.2494144352476508e-09,1690,SKQD,931,0.227294921875,1.774487983961976e-05,75.33333333333333,0.018391927083333332,True,max_iterations;max_iterations;max_iterations,0.05,30.0,1477061526
14,12,1,100.0,0.618667,0.0,0.0,-0.813737,0.005859375,0.0029296875,7.912831279099919e-09,1.2494144352476508e-09,1690,SKQD,1210,0.29541015625,1.774487983961976e-05,75.33333333333333,0.018391927083333332,True,max_iterations;max_iterations;max_iterations,0.05,30.0,1477061526
14,12,1,100.0,0.618667,0.0,0.0,-0.813737,0.005859375,0.0029296875,7.912831279099919e-09,1.2494144352476508e-09,1690,SKQD,1575,0.384521484375,1.774487983961976e-05,75.33333333333333,0.018391927083333332,True,max_iterations;max_iterations;max_iterations,0.05,30.0,1477061526
14,12,1,100.0,0.618667,0.0,0.0,-0.813737,0.005859375,0.0029296875,7.912831279099919e-09,1.2494144352476508e-09,1690,SKQD,2048,0.5,1.774487983961976e-05,75.33333333333333,0.018391927083333332,True,max_iterations;max_iterations;max_iterations,0.05,30.0,1477061526
14,12,1,100.0,0.618667,0.0,0.0,-0.813737,0.005859375,0.0029296875,7.912831279099919e-09,1.2494144352476508e-09,1690,Ceiling,1,0.000244140625,0.49988437800064534,2048.0,0.5,False,,,,1477061526
14,12,1,100.0,0.618667,0.0,0.0,-0.813737,0.005859375,0.0029296875,7.912831279099919e-09,1.2494144352476508e-09,1690,Ceiling,2,0.00048828125,0.9995750886286696,2048.0,0.5,False,,,,1477061526
14,12,1,100.0,0.618667,0.0,0.0,-0.813737,0.005859375,0.0029296875,7.912831279099919e-09,1.2494144352476508e-09,1690,Ceiling,3,0.000732421875,0.9996250720757404,2048.0,0.5,False,,,,1477061526
14,12,1,100.0,0.618667,0.0,0.0,-0.813737,0.005859375,0.0029296875,7.912831279099919e-09,1.2494144352476508e-09,1690,Ceiling,4,0.0009765625,0.9996750555228111,2048.0,0.5,False,,,,1477061526
14,12,1,100.0,0.618667,0.0,0.0,-0.813737,0.005859375,0.0029296875,7.912831279099919e-09,1.2494144352476508e-09,1690,Ceiling,5,0.001220703125,0.9997250196050812,2048.0,0.5,False,,,,1477061526
14,12,1,100.0,0.618667,0.0,0.0,-0.813737,0.005859375,0.0029296875,7.912831279099919e-09,1.2494144352476508e-09,1690,Ceiling,6,0.00146484375,0.9997749836873513,2048.0,0.5,False,,,,1477061526
14,12,1,100.0,0.618667,0.0,0.0,-0.813737,0.005859375,0.0029296875,7.912831279099919e-09,1.2494144352476508e-09,1690,Ceiling,8,0.001953125,0.9997999804094193,2048.0,0.5,False,,,,1477061526
14,12,1,100.0,0.618667,0.0,0.0,-0.813737,0.005859375,0.0029296875,7.912831279099919e-09,1.2494144352476508e-09,1690,Ceiling,11,0.002685546875,0.999837469867597,2048.0,0.5,False,,,,1477061526
14,12,1,100.0,0.618667,0.0,0.0,-0.813737,0.005859375,0.0029296875,7.912831279099919e-09,1.2494144352476508e-09,1690,Ceiling,14,0.00341796875,0.9998749580715209,2048.0,0.5,False,,,,1477061526
14,12,1,100.0,0.618667,0.0,0.0,-0.813737,0.005859375,0.0029296875,7.912831279099919e-09,1.2494144352476508e-09,1690,Ceiling,18,0.00439453125,0.9999249319896918,2048.0,0.5,False,,,,1477061526
14,12,1,100.0,0.618667,0.0,0.0,-0.813737,0.005859375,0.0029296875,7.912831279099919e-09,1.2494144352476508e-09,1690,Ceiling,23,0.005615234375,0.9999873889582783,2048.0,0.5,False,,,,1477061526
14,12,1,100.0,0.618667,0.0,0.0,-0.813737,0.005859375,0.0029296875,7.912831279099919e-09,1.2494144352476508e-09,1690,Ceiling,31,0.007568359375,0.9999999355958388,2048.0,0.5,False,,,,1477061526
14,12,1,100.0,0.618667,0.0,0.0,-0.813737,0.005859375,0.0029296875,7.912831279099919e-09,1.2494144352476508e-09,1690,Ceiling,40,0.009765625,0.9999999468505009,2048.0,0.5,False,,,,1477061526
14,12,1,100.0,0.618667,0.0,0.0,-0.813737,0.005859375,0.0029296875,7.912831279099919e-09,1.2494144352476508e-09,1690,Ceiling,52,0.0126953125,0.9999999618464089,2048.0,0.5,False,,,,1477061526
14,12,1,100.0,0.618667,0.0,0.0,-0.813737,0.005859375,0.0029296875,7.912831279099919e-09,1.2494144352476508e-09,1690,Ceiling,67,0.016357421875,0.9999999805847188,2048.0,0.5,False,,,,1477061526
14,12,1,100.0,0.618667,0.0,0.0,-0.813737,0.005859375,0.0029296875,7.912831279099919e-09,1.2494144352476508e-09,1690,Ceiling,87,0.021240234375,0.9999999915163607,2048.0,0.5,False,,,,1477061526
14,12,1,100.0,0.618667,0.0,0.0,-0.813737,0.005859375,0.0029296875,7.912831279099919e-09,1.2494144352476508e-09,1690,Ceiling,114,0.02783203125,0.9999999999484355,2048.0,0.5,False,,,,1477061526
14,12,1,100.0,0.618667,0.0,0.0,-0.813737,0.005859375,0.0029296875,7.912831279099919e-09,1.2494144352476508e-09,1690,Ceiling,148,0.0361328125,0.9999999999940936,2048.0,0.5,False,,,,1477061526
14,12,1,100.0,0.618667,0.0,0.0,-0.813737,0.005859375,0.0029296875,7.912831279099919e-09,1.2494144352476508e-09,1690,Ceiling,192,0.046875,0.9999999999980445,2048.0,0.5,False,,,,1477061526
14,12,1,100.0,0.618667,0.0,0.0,-0.813737,0.005859375,0.0029296875,7.912831279099919e-09,1.2494144352476508e-09,1690,Ceiling,250,0.06103515625,0.9999999999997606,2048.0,0.5,False,,,,1477061526
14,12,1,100.0,0.618667,0.0,0.0,-0.813737,0.005859375,0.0029296875,7.912831279099919e-09,1.2494144352476508e-09,1690,Ceiling,325,0.079345703125,0.9999999999999956,2048.0,0.5,False,,,,1477061526
14,12,1,100.0,0.618667,0.0,0.0,-0.813737,0.005859375,0.0029296875,7.912831279099919e-09,1.2494144352476508e-09,1690,Ceiling,423,0.103271484375,0.9999999999999956,2048.0,0.5,False,,,,1477061526
14,12,1,100.0,0.618667,0.0,0.0,-0.813737,0.005859375,0.0029296875,7.912831279099919e-09,1.2494144352476508e-09,1690,Ceiling,550,0.13427734375,0.9999999999999956,2048.0,0.5,False,,,,1477061526
14,12,1,100.0,0.618667,0.0,0.0,-0.813737,0.005859375,0.0029296875,7.912831279099919e-09,1.2494144352476508e-09,1690,Ceiling,715,0.174560546875,0.9999999999999956,2048.0,0.5,False,,,,1477061526
14,12,1,100.0,0.618667,0.0,0.0,-0.813737,0.005859375,0.0029296875,7.912831279099919e-09,1.2494144352476508e-09,1690,Ceiling,931,0.227294921875,0.9999999999999956,2048.0,0.5,False,,,,1477061526
14,12,1,100.0,0.618667,0.0,0.0,-0.813737,0.005859375,0.0029296875,7.912831279099919e-09,1.2494144352476508e-09,1690,Ceiling,1210,0.29541015625,0.9999999999999956,2048.0,0.5,False,,,,1477061526
14,12,1,100.0,0.618667,0.0,0.0,-0.813737,0.005859375,0.0029296875,7.912831279099919e-09,1.2494144352476508e-09,1690,Ceiling,1575,0.384521484375,0.9999999999999956,2048.0,0.5,False,,,,1477061526
14,12,1,100.0,0.618667,0.0,0.0,-0.813737,0.005859375,0.0029296875,7.912831279099919e-09,1.2494144352476508e-09,1690,Ceiling,2048,0.5,0.9999999999999956,2048.0,0.5,False,,,,1477061526
14,12,1,100.0,0.618667,0.0,0.0,-0.813737,0.005859375,0.0029296875,7.912831279099919e-09,1.2495236513908274e-09,1334,BARK,1,0.000244140625,1.2495236513908274e-09,924.0,0.2255859375,True,sector,,,1477061526
14,12,1,100.0,0.618667,0.0,0.0,-0.813737,0.005859375,0.0029296875,7.912831279099919e-09,1.2495236513908274e-09,1334,BARK,2,0.00048828125,4.998469659439158e-05,924.0,0.2255859375,True,sector,,,1477061526
14,12,1,100.0,0.618667,0.0,0.0,-0.813737,0.005859375,0.0029296875,7.912831279099919e-09,1.2495236513908274e-09,1334,BARK,3,0.000732421875,0.499934362558376,924.0,0.2255859375,True,sector,,,1477061526
14,12,1,100.0,0.618667,0.0,0.0,-0.813737,0.005859375,0.0029296875,7.912831279099919e-09,1.2495236513908274e-09,1334,BARK,4,0.0009765625,0.4999843460035815,924.0,0.2255859375,True,sector,,,1477061526
14,12,1,100.0,0.618667,0.0,0.0,-0.813737,0.005859375,0.0029296875,7.912831279099919e-09,1.2495236513908274e-09,1334,BARK,5,0.001220703125,0.49998435100402194,924.0,0.2255859375,True,sector,,,1477061526
14,12,1,100.0,0.618667,0.0,0.0,-0.813737,0.005859375,0.0029296875,7.912831279099919e-09,1.2495236513908274e-09,1334,BARK,6,0.00146484375,0.4999843510041518,924.0,0.2255859375,True,sector,,,1477061526
14,12,1,100.0,0.618667,0.0,0.0,-0.813737,0.005859375,0.0029296875,7.912831279099919e-09,1.2495236513908274e-09,1334,BARK,8,0.001953125,0.49999684887703016,924.0,0.2255859375,True,sector,,,1477061526
14,12,1,100.0,0.618667,0.0,0.0,-0.813737,0.005859375,0.0029296875,7.912831279099919e-09,1.2495236513908274e-09,1334,BARK,11,0.002685546875,0.5000093478601327,924.0,0.2255859375,True,sector,,,1477061526
14,12,1,100.0,0.618667,0.0,0.0,-0.813737,0.005859375,0.0029296875,7.912831279099919e-09,1.2495236513908274e-09,1334,BARK,14,0.00341796875,0.5000093491101557,924.0,0.2255859375,True,sector,,,1477061526
14,12,1,100.0,0.618667,0.0,0.0,-0.813737,0.005859375,0.0029296875,7.912831279099919e-09,1.2495236513908274e-09,1334,BARK,18,0.00439453125,0.5000093491102886,924.0,0.2255859375,True,sector,,,1477061526
14,12,1,100.0,0.618667,0.0,0.0,-0.813737,0.005859375,0.0029296875,7.912831279099919e-09,1.2495236513908274e-09,1334,BARK,23,0.005615234375,0.5000218468439147,924.0,0.2255859375,True,sector,,,1477061526
14,12,1,100.0,0.618667,0.0,0.0,-0.813737,0.005859375,0.0029296875,7.912831279099919e-09,1.2495236513908274e-09,1334,BARK,31,0.007568359375,0.5000218468439228,924.0,0.2255859375,True,sector,,,1477061526
14,12,1,100.0,0.618667,0.0,0.0,-0.813737,0.005859375,0.0029296875,7.912831279099919e-09,1.2495236513908274e-09,1334,BARK,40,0.009765625,0.5000218468439227,924.0,0.2255859375,True,sector,,,1477061526
14,12,1,100.0,0.618667,0.0,0.0,-0.813737,0.005859375,0.0029296875,7.912831279099919e-09,1.2495236513908274e-09,1334,BARK,52,0.0126953125,0.5000218468439224,924.0,0.2255859375,True,sector,,,1477061526
14,12,1,100.0,0.618667,0.0,0.0,-0.813737,0.005859375,0.0029296875,7.912831279099919e-09,1.2495236513908274e-09,1334,BARK,67,0.016357421875,0.5000218468439227,924.0,0.2255859375,True,sector,,,1477061526
14,12,1,100.0,0.618667,0.0,0.0,-0.813737,0.005859375,0.0029296875,7.912831279099919e-09,1.2495236513908274e-09,1334,BARK,87,0.021240234375,0.5000218468439227,924.0,0.2255859375,True,sector,,,1477061526
14,12,1,100.0,0.618667,0.0,0.0,-0.813737,0.005859375,0.0029296875,7.912831279099919e-09,1.2495236513908274e-09,1334,BARK,114,0.02783203125,0.5000343480146195,924.0,0.2255859375,True,sector,,,1477061526
14,12,1,100.0,0.618667,0.0,0.0,-0.813737,0.005859375,0.0029296875,7.912831279099919e-09,1.2495236513908274e-09,1334,BARK,148,0.0361328125,0.5000343480148157,924.0,0.2255859375,True,sector,,,1477061526
14,12,1,100.0,0.618667,0.0,0.0,-0.813737,0.005859375,0.0029296875,7.912831279099919e-09,1.2495236513908274e-09,1334,BARK,192,0.046875,0.5000468466858498,924.0,0.2255859375,True,sector,,,1477061526
14,12,1,100.0,0.618667,0.0,0.0,-0.813737,0.005859375,0.0029296875,7.912831279099919e-09,1.2495236513908274e-09,1334,BARK,250,0.06103515625,0.5000718596759794,924.0,0.2255859375,True,sector,,,1477061526
14,12,1,100.0,0.618667,0.0,0.0,-0.813737,0.005859375,0.0029296875,7.912831279099919e-09,1.2495236513908274e-09,1334,BARK,325,0.079345703125,0.5000968745455191,924.0,0.2255859375,True,sector,,,1477061526
14,12,1,100.0,0.618667,0.0,0.0,-0.813737,0.005859375,0.0029296875,7.912831279099919e-09,1.2495236513908274e-09,1334,BARK,423,0.103271484375,0.5000968748680779,924.0,0.2255859375,True,sector,,,1477061526
14,12,1,100.0,0.618667,0.0,0.0,-0.813737,0.005859375,0.0029296875,7.912831279099919e-09,1.2495236513908274e-09,1334,BARK,550,0.13427734375,0.5000969768058323,924.0,0.2255859375,True,sector,,,1477061526
14,12,1,100.0,0.618667,0.0,0.0,-0.813737,0.005859375,0.0029296875,7.912831279099919e-09,1.2495236513908274e-09,1334,BARK,715,0.174560546875,0.5000974764196052,924.0,0.2255859375,True,sector,,,1477061526
14,12,1,100.0,0.618667,0.0,0.0,-0.813737,0.005859375,0.0029296875,7.912831279099919e-09,1.2495236513908274e-09,1334,BARK,931,0.227294921875,0.9994786037563252,924.0,0.2255859375,True,sector,,,1477061526
14,12,1,100.0,0.618667,0.0,0.0,-0.813737,0.005859375,0.0029296875,7.912831279099919e-09,1.2495236513908274e-09,1334,BARK,1210,0.29541015625,0.9994786037563252,924.0,0.2255859375,True,sector,,,1477061526
14,12,1,100.0,0.618667,0.0,0.0,-0.813737,0.005859375,0.0029296875,7.912831279099919e-09,1.2495236513908274e-09,1334,BARK,1575,0.384521484375,0.9994786037563252,924.0,0.2255859375,True,sector,,,1477061526
14,12,1,100.0,0.618667,0.0,0.0,-0.813737,0.005859375,0.0029296875,7.912831279099919e-09,1.2495236513908274e-09,1334,BARK,2048,0.5,0.9994786037563252,924.0,0.2255859375,True,sector,,,1477061526
14,12,1,100.0,0.618667,0.0,0.0,-0.813737,0.005859375,0.0029296875,7.912831279099919e-09,1.2495236513908274e-09,1334,Simplified BARK,1,0.000244140625,1.2495236513908274e-09,924.0,0.2255859375,True,sector,,,1477061526
14,12,1,100.0,0.618667,0.0,0.0,-0.813737,0.005859375,0.0029296875,7.912831279099919e-09,1.2495236513908274e-09,1334,Simplified BARK,2,0.00048828125,1.2495548863577759e-09,924.0,0.2255859375,True,sector,,,1477061526
14,12,1,100.0,0.618667,0.0,0.0,-0.813737,0.005859375,0.0029296875,7.912831279099919e-09,1.2495236513908274e-09,1334,Simplified BARK,3,0.000732421875,6.249492296369183e-10,924.0,0.2255859375,True,sector,,,1477061526
14,12,1,100.0,0.618667,0.0,0.0,-0.813737,0.005859375,0.0029296875,7.912831279099919e-09,1.2495236513908274e-09,1334,Simplified BARK,4,0.0009765625,3.455221343956887e-10,924.0,0.2255859375,True,sector,,,1477061526
14,12,1,100.0,0.618667,0.0,0.0,-0.813737,0.005859375,0.0029296875,7.912831279099919e-09,1.2495236513908274e-09,1334,Simplified BARK,5,0.001220703125,3.455165457695847e-10,924.0,0.2255859375,True,sector,,,1477061526
14,12,1,100.0,0.618667,0.0,0.0,-0.813737,0.005859375,0.0029296875,7.912831279099919e-09,1.2495236513908274e-09,1334,Simplified BARK,6,0.00146484375,3.4551654569972865e-10,924.0,0.2255859375,True,sector,,,1477061526
14,12,1,100.0,0.618667,0.0,0.0,-0.813737,0.005859375,0.0029296875,7.912831279099919e-09,1.2495236513908274e-09,1334,Simplified BARK,8,0.001953125,3.4551654569972813e-10,924.0,0.2255859375,True,sector,,,1477061526
14,12,1,100.0,0.618667,0.0,0.0,-0.813737,0.005859375,0.0029296875,7.912831279099919e-09,1.2495236513908274e-09,1334,Simplified BARK,11,0.002685546875,3.455165456997283e-10,924.0,0.2255859375,True,sector,,,1477061526
14,12,1,100.0,0.618667,0.0,0.0,-0.813737,0.005859375,0.0029296875,7.912831279099919e-09,1.2495236513908274e-09,1334,Simplified BARK,14,0.00341796875,3.4551654569972813e-10,924.0,0.2255859375,True,sector,,,1477061526
14,12,1,100.0,0.618667,0.0,0.0,-0.813737,0.005859375,0.0029296875,7.912831279099919e-09,1.2495236513908274e-09,1334,Simplified BARK,18,0.00439453125,3.455165456997284e-10,924.0,0.2255859375,True,sector,,,1477061526
14,12,1,100.0,0.618667,0.0,0.0,-0.813737,0.005859375,0.0029296875,7.912831279099919e-09,1.2495236513908274e-09,1334,Simplified BARK,23,0.005615234375,3.455165456997283e-10,924.0,0.2255859375,True,sector,,,1477061526
14,12,1,100.0,0.618667,0.0,0.0,-0.813737,0.005859375,0.0029296875,7.912831279099919e-09,1.2495236513908274e-09,1334,Simplified BARK,31,0.007568359375,3.4551654569972777e-10,924.0,0.2255859375,True,sector,,,1477061526
14,12,1,100.0,0.618667,0.0,0.0,-0.813737,0.005859375,0.0029296875,7.912831279099919e-09,1.2495236513908274e-09,1334,Simplified BARK,40,0.009765625,3.4551654569972726e-10,924.0,0.2255859375,True,sector,,,1477061526
14,12,1,100.0,0.618667,0.0,0.0,-0.813737,0.005859375,0.0029296875,7.912831279099919e-09,1.2495236513908274e-09,1334,Simplified BARK,52,0.0126953125,3.455165451407721e-10,924.0,0.2255859375,True,sector,,,1477061526
14,12,1,100.0,0.618667,0.0,0.0,-0.813737,0.005859375,0.0029296875,7.912831279099919e-09,1.2495236513908274e-09,1334,Simplified BARK,67,0.016357421875,3.454941842523227e-10,924.0,0.2255859375,True,sector,,,1477061526
14,12,1,100.0,0.618667,0.0,0.0,-0.813737,0.005859375,0.0029296875,7.912831279099919e-09,1.2495236513908274e-09,1334,Simplified BARK,87,0.021240234375,3.4548859401772676e-10,924.0,0.2255859375,True,sector,,,1477061526
14,12,1,100.0,0.618667,0.0,0.0,-0.813737,0.005859375,0.0029296875,7.912831279099919e-09,1.2495236513908274e-09,1334,Simplified BARK,114,0.02783203125,1.8307865126819308e-10,924.0,0.2255859375,True,sector,,,1477061526
14,12,1,100.0,0.618667,0.0,0.0,-0.813737,0.005859375,0.0029296875,7.912831279099919e-09,1.2495236513908274e-09,1334,Simplified BARK,148,0.0361328125,1.8143202160334157e-10,924.0,0.2255859375,True,sector,,,1477061526
14,12,1,100.0,0.618667,0.0,0.0,-0.813737,0.005859375,0.0029296875,7.912831279099919e-09,1.2495236513908274e-09,1334,Simplified BARK,192,0.046875,1.0901363315125281e-06,924.0,0.2255859375,True,sector,,,1477061526
14,12,1,100.0,0.618667,0.0,0.0,-0.813737,0.005859375,0.0029296875,7.912831279099919e-09,1.2495236513908274e-09,1334,Simplified BARK,250,0.06103515625,9.749820025083178e-08,924.0,0.2255859375,True,sector,,,1477061526
14,12,1,100.0,0.618667,0.0,0.0,-0.813737,0.005859375,0.0029296875,7.912831279099919e-09,1.2495236513908274e-09,1334,Simplified BARK,325,0.079345703125,0.5000343639745461,924.0,0.2255859375,True,sector,,,1477061526
14,12,1,100.0,0.618667,0.0,0.0,-0.813737,0.005859375,0.0029296875,7.912831279099919e-09,1.2495236513908274e-09,1334,Simplified BARK,423,0.103271484375,0.5000468664122442,924.0,0.2255859375,True,sector,,,1477061526
14,12,1,100.0,0.618667,0.0,0.0,-0.813737,0.005859375,0.0029296875,7.912831279099919e-09,1.2495236513908274e-09,1334,Simplified BARK,550,0.13427734375,0.5000968623585278,924.0,0.2255859375,True,sector,,,1477061526
14,12,1,100.0,0.618667,0.0,0.0,-0.813737,0.005859375,0.0029296875,7.912831279099919e-09,1.2495236513908274e-09,1334,Simplified BARK,715,0.174560546875,0.5000974637960617,924.0,0.2255859375,True,sector,,,1477061526
14,12,1,100.0,0.618667,0.0,0.0,-0.813737,0.005859375,0.0029296875,7.912831279099919e-09,1.2495236513908274e-09,1334,Simplified BARK,931,0.227294921875,0.9996351107007169,924.0,0.2255859375,True,sector,,,1477061526
14,12,1,100.0,0.618667,0.0,0.0,-0.813737,0.005859375,0.0029296875,7.912831279099919e-09,1.2495236513908274e-09,1334,Simplified BARK,1210,0.29541015625,0.9996351107007169,924.0,0.2255859375,True,sector,,,1477061526
14,12,1,100.0,0.618667,0.0,0.0,-0.813737,0.005859375,0.0029296875,7.912831279099919e-09,1.2495236513908274e-09,1334,Simplified BARK,1575,0.384521484375,0.9996351107007169,924.0,0.2255859375,True,sector,,,1477061526
14,12,1,100.0,0.618667,0.0,0.0,-0.813737,0.005859375,0.0029296875,7.912831279099919e-09,1.2495236513908274e-09,1334,Simplified BARK,2048,0.5,0.9996351107007169,924.0,0.2255859375,True,sector,,,1477061526
14,12,1,100.0,0.618667,0.0,0.0,-0.813737,0.005859375,0.0029296875,7.912831279099919e-09,1.2495236513908274e-09,1334,SKQD,1,0.000244140625,1.2495236513908274e-09,129.66666666666666,0.031656901041666664,True,max_iterations;max_iterations;max_iterations,0.02,300.0,1477061526
14,12,1,100.0,0.618667,0.0,0.0,-0.813737,0.005859375,0.0029296875,7.912831279099919e-09,1.2495236513908274e-09,1334,SKQD,2,0.00048828125,4.166338363889422e-06,129.66666666666666,0.031656901041666664,True,max_iterations;max_iterations;max_iterations,0.02,300.0,1477061526
14,12,1,100.0,0.618667,0.0,0.0,-0.813737,0.005859375,0.0029296875,7.912831279099919e-09,1.2495236513908274e-09,1334,SKQD,3,0.000732421875,4.166342739599379e-06,129.66666666666666,0.031656901041666664,True,max_iterations;max_iterations;max_iterations,0.02,300.0,1477061526
14,12,1,100.0,0.618667,0.0,0.0,-0.813737,0.005859375,0.0029296875,7.912831279099919e-09,1.2495236513908274e-09,1334,SKQD,4,0.0009765625,4.16634496933676e-06,129.66666666666666,0.031656901041666664,True,max_iterations;max_iterations;max_iterations,0.02,300.0,1477061526
14,12,1,100.0,0.618667,0.0,0.0,-0.813737,0.005859375,0.0029296875,7.912831279099919e-09,1.2495236513908274e-09,1334,SKQD,5,0.001220703125,4.166345052638322e-06,129.66666666666666,0.031656901041666664,True,max_iterations;max_iterations;max_iterations,0.02,300.0,1477061526
14,12,1,100.0,0.618667,0.0,0.0,-0.813737,0.005859375,0.0029296875,7.912831279099919e-09,1.2495236513908274e-09,1334,SKQD,6,0.00146484375,4.166265739251738e-06,129.66666666666666,0.031656901041666664,True,max_iterations;max_iterations;max_iterations,0.02,300.0,1477061526
14,12,1,100.0,0.618667,0.0,0.0,-0.813737,0.005859375,0.0029296875,7.912831279099919e-09,1.2495236513908274e-09,1334,SKQD,8,0.001953125,4.1661590288804925e-06,129.66666666666666,0.031656901041666664,True,max_iterations;max_iterations;max_iterations,0.02,300.0,1477061526
14,12,1,100.0,0.618667,0.0,0.0,-0.813737,0.005859375,0.0029296875,7.912831279099919e-09,1.2495236513908274e-09,1334,SKQD,11,0.002685546875,2.082847018340902e-05,129.66666666666666,0.031656901041666664,True,max_iterations;max_iterations;max_iterations,0.02,300.0,1477061526
14,12,1,100.0,0.618667,0.0,0.0,-0.813737,0.005859375,0.0029296875,7.912831279099919e-09,1.2495236513908274e-09,1334,SKQD,14,0.00341796875,2.0828477292828017e-05,129.66666666666666,0.031656901041666664,True,max_iterations;max_iterations;max_iterations,0.02,300.0,1477061526
14,12,1,100.0,0.618667,0.0,0.0,-0.813737,0.005859375,0.0029296875,7.912831279099919e-09,1.2495236513908274e-09,1334,SKQD,18,0.00439453125,2.499422221216836e-05,129.66666666666666,0.031656901041666664,True,max_iterations;max_iterations;max_iterations,0.02,300.0,1477061526
14,12,1,100.0,0.618667,0.0,0.0,-0.813737,0.005859375,0.0029296875,7.912831279099919e-09,1.2495236513908274e-09,1334,SKQD,23,0.005615234375,2.4994222239995478e-05,129.66666666666666,0.031656901041666664,True,max_iterations;max_iterations;max_iterations,0.02,300.0,1477061526
14,12,1,100.0,0.618667,0.0,0.0,-0.813737,0.005859375,0.0029296875,7.912831279099919e-09,1.2495236513908274e-09,1334,SKQD,31,0.007568359375,2.0829980751882576e-05,129.66666666666666,0.031656901041666664,True,max_iterations;max_iterations;max_iterations,0.02,300.0,1477061526
14,12,1,100.0,0.618667,0.0,0.0,-0.813737,0.005859375,0.0029296875,7.912831279099919e-09,1.2495236513908274e-09,1334,SKQD,40,0.009765625,3.332771859835485e-05,129.66666666666666,0.031656901041666664,True,max_iterations;max_iterations;max_iterations,0.02,300.0,1477061526
14,12,1,100.0,0.618667,0.0,0.0,-0.813737,0.005859375,0.0029296875,7.912831279099919e-09,1.2495236513908274e-09,1334,SKQD,52,0.0126953125,3.332917742335591e-05,129.66666666666666,0.031656901041666664,True,max_iterations;max_iterations;max_iterations,0.02,300.0,1477061526
14,12,1,100.0,0.618667,0.0,0.0,-0.813737,0.005859375,0.0029296875,7.912831279099919e-09,1.2495236513908274e-09,1334,SKQD,67,0.016357421875,1.9690036393077956e-05,129.66666666666666,0.031656901041666664,True,max_iterations;max_iterations;max_iterations,0.02,300.0,1477061526
14,12,1,100.0,0.618667,0.0,0.0,-0.813737,0.005859375,0.0029296875,7.912831279099919e-09,1.2495236513908274e-09,1334,SKQD,87,0.021240234375,1.765020102609595e-05,129.66666666666666,0.031656901041666664,True,max_iterations;max_iterations;max_iterations,0.02,300.0,1477061526
14,12,1,100.0,0.618667,0.0,0.0,-0.813737,0.005859375,0.0029296875,7.912831279099919e-09,1.2495236513908274e-09,1334,SKQD,114,0.02783203125,1.764437326393794e-05,129.66666666666666,0.031656901041666664,True,max_iterations;max_iterations;max_iterations,0.02,300.0,1477061526
14,12,1,100.0,0.618667,0.0,0.0,-0.813737,0.005859375,0.0029296875,7.912831279099919e-09,1.2495236513908274e-09,1334,SKQD,148,0.0361328125,1.769391624707452e-05,129.66666666666666,0.031656901041666664,True,max_iterations;max_iterations;max_iterations,0.02,300.0,1477061526
14,12,1,100.0,0.618667,0.0,0.0,-0.813737,0.005859375,0.0029296875,7.912831279099919e-09,1.2495236513908274e-09,1334,SKQD,192,0.046875,1.769391624707452e-05,129.66666666666666,0.031656901041666664,True,max_iterations;max_iterations;max_iterations,0.02,300.0,1477061526
14,12,1,100.0,0.618667,0.0,0.0,-0.813737,0.005859375,0.0029296875,7.912831279099919e-09,1.2495236513908274e-09,1334,SKQD,250,0.06103515625,1.769391624707452e-05,129.66666666666666,0.031656901041666664,True,max_iterations;max_iterations;max_iterations,0.02,300.0,1477061526
14,12,1,100.0,0.618667,0.0,0.0,-0.813737,0.005859375,0.0029296875,7.912831279099919e-09,1.2495236513908274e-09,1334,SKQD,325,0.079345703125,1.769391624707452e-05,129.66666666666666,0.031656901041666664,True,max_iterations;max_iterations;max_iterations,0.02,300.0,1477061526
14,12,1,100.0,0.618667,0.0,0.0,-0.813737,0.005859375,0.0029296875,7.912831279099919e-09,1.2495236513908274e-09,1334,SKQD,423,0.103271484375,1.769391624707452e-05,129.66666666666666,0.031656901041666664,True,max_iterations;max_iterations;max_iterations,0.02,300.0,1477061526
14,12,1,100.0,0.618667,0.0,0.0,-0.813737,0.005859375,0.0029296875,7.912831279099919e-09,1.2495236513908274e-09,1334,SKQD,550,0.13427734375,1.769391624707452e-05,129.66666666666666,0.031656901041666664,True,max_iterations;max_iterations;max_iterations,0.02,300.0,1477061526
14,12,1,100.0,0.618667,0.0,0.0,-0.813737,0.005859375,0.0029296875,7.912831279099919e-09,1.2495236513908274e-09,1334,SKQD,715,0.174560546875,1.769391624707452e-05,129.66666666666666,0.031656901041666664,True,max_iterations;max_iterations;max_iterations,0.02,300.0,1477061526
14,12,1,100.0,0.618667,0.0,0.0,-0.813737,0.005859375,0.0029296875,7.912831279099919e-09,1.2495236513908274e-09,1334,SKQD,931,0.227294921875,1.769391624707452e-05,129.66666666666666,0.031656901041666664,True,max_iterations;max_iterations;max_iterations,0.02,300.0,1477061526
14,12,1,100.0,0.618667,0.0,0.0,-0.813737,0.005859375,0.0029296875,7.912831279099919e-09,1.2495236513908274e-09,1334,SKQD,1210,0.29541015625,1.769391624707452e-05,129.66666666666666,0.031656901041666664,True,max_iterations;max_iterations;max_iterations,0.02,300.0,1477061526
14,12,1,100.0,0.618667,0.0,0.0,-0.813737,0.005859375,0.0029296875,7.912831279099919e-09,1.2495236513908274e-09,1334,SKQD,1575,0.384521484375,1.769391624707452e-05,129.66666666666666,0.031656901041666664,True,max_iterations;max_iterations;max_iterations,0.02,300.0,1477061526
14,12,1,100.0,0.618667,0.0,0.0,-0.813737,0.005859375,0.0029296875,7.912831279099919e-09,1.2495236513908274e-09,1334,SKQD,2048,0.5,1.769391624707452e-05,129.66666666666666,0.031656901041666664,True,max_iterations;max_iterations;max_iterations,0.02,300.0,1477061526
14,12,1,100.0,0.618667,0.0,0.0,-0.813737,0.005859375,0.0029296875,7.912831279099919e-09,1.2495236513908274e-09,1334,Ceiling,1,0.000244140625,0.49988437800064534,2048.0,0.5,False,,,,1477061526
14,12,1,100.0,0.618667,0.0,0.0,-0.813737,0.005859375,0.0029296875,7.912831279099919e-09,1.2495236513908274e-09,1334,Ceiling,2,0.00048828125,0.9995750886286696,2048.0,0.5,False,,,,1477061526
14,12,1,100.0,0.618667,0.0,0.0,-0.813737,0.005859375,0.0029296875,7.912831279099919e-09,1.2495236513908274e-09,1334,Ceiling,3,0.000732421875,0.9996250720757404,2048.0,0.5,False,,,,1477061526
14,12,1,100.0,0.618667,0.0,0.0,-0.813737,0.005859375,0.0029296875,7.912831279099919e-09,1.2495236513908274e-09,1334,Ceiling,4,0.0009765625,0.9996750555228111,2048.0,0.5,False,,,,1477061526
14,12,1,100.0,0.618667,0.0,0.0,-0.813737,0.005859375,0.0029296875,7.912831279099919e-09,1.2495236513908274e-09,1334,Ceiling,5,0.001220703125,0.9997250196050812,2048.0,0.5,False,,,,1477061526
14,12,1,100.0,0.618667,0.0,0.0,-0.813737,0.005859375,0.0029296875,7.912831279099919e-09,1.2495236513908274e-09,1334,Ceiling,6,0.00146484375,0.9997749836873513,2048.0,0.5,False,,,,1477061526
14,12,1,100.0,0.618667,0.0,0.0,-0.813737,0.005859375,0.0029296875,7.912831279099919e-09,1.2495236513908274e-09,1334,Ceiling,8,0.001953125,0.9997999804094193,2048.0,0.5,False,,,,1477061526
14,12,1,100.0,0.618667,0.0,0.0,-0.813737,0.005859375,0.0029296875,7.912831279099919e-09,1.2495236513908274e-09,1334,Ceiling,11,0.002685546875,0.999837469867597,2048.0,0.5,False,,,,1477061526
14,12,1,100.0,0.618667,0.0,0.0,-0.813737,0.005859375,0.0029296875,7.912831279099919e-09,1.2495236513908274e-09,1334,Ceiling,14,0.00341796875,0.9998749580715209,2048.0,0.5,False,,,,1477061526
14,12,1,100.0,0.618667,0.0,0.0,-0.813737,0.005859375,0.0029296875,7.912831279099919e-09,1.2495236513908274e-09,1334,Ceiling,18,0.00439453125,0.9999249319896918,2048.0,0.5,False,,,,1477061526
14,12,1,100.0,0.618667,0.0,0.0,-0.813737,0.005859375,0.0029296875,7.912831279099919e-09,1.2495236513908274e-09,1334,Ceiling,23,0.005615234375,0.9999873889582783,2048.0,0.5,False,,,,1477061526
14,12,1,100.0,0.618667,0.0,0.0,-0.813737,0.005859375,0.0029296875,7.912831279099919e-09,1.2495236513908274e-09,1334,Ceiling,31,0.007568359375,0.9999999355958388,2048.0,0.5,False,,,,1477061526
14,12,1,100.0,0.618667,0.0,0.0,-0.813737,0.005859375,0.0029296875,7.912831279099919e-09,1.2495236513908274e-09,1334,Ceiling,40,0.009765625,0.9999999468505009,2048.0,0.5,False,,,,1477061526
14,12,1,100.0,0.618667,0.0,0.0,-0.813737,0.005859375,0.0029296875,7.912831279099919e-09,1.2495236513908274e-09,1334,Ceiling,52,0.0126953125,0.9999999618464089,2048.0,0.5,False,,,,1477061526
14,12,1,100.0,0.618667,0.0,0.0,-0.813737,0.005859375,0.0029296875,7.912831279099919e-09,1.2495236513908274e-09,1334,Ceiling,67,0.016357421875,0.9999999805847188,2048.0,0.5,False,,,,1477061526
14,12,1,100.0,0.618667,0.0,0.0,-0.813737,0.005859375,0.0029296875,7.912831279099919e-09,1.2495236513908274e-09,1334,Ceiling,87,0.021240234375,0.9999999915163607,2048.0,0.5,False,,,,1477061526
14,12,1,100.0,0.618667,0.0,0.0,-0.813737,0.005859375,0.0029296875,7.912831279099919e-09,1.2495236513908274e-09,1334,Ceiling,114,0.02783203125,0.9999999999484355,2048.0,0.5,False,,,,1477061526
14,12,1,100.0,0.618667,0.0,0.0,-0.813737,0.005859375,0.0029296875,7.912831279099919e-09,1.2495236513908274e-09,1334,Ceiling,148,0.0361328125,0.9999999999940936,2048.0,0.5,False,,,,1477061526
14,12,1,100.0,0.618667,0.0,0.0,-0.813737,0.005859375,0.0029296875,7.912831279099919e-09,1.2495236513908274e-09,1334,Ceiling,192,0.046875,0.9999999999980445,2048.0,0.5,False,,,,1477061526
14,12,1,100.0,0.618667,0.0,0.0,-0.813737,0.005859375,0.0029296875,7.912831279099919e-09,1.2495236513908274e-09,1334,Ceiling,250,0.06103515625,0.9999999999997606,2048.0,0.5,False,,,,1477061526
14,12,1,100.0,0.618667,0.0,0.0,-0.813737,0.005859375,0.0029296875,7.912831279099919e-09,1.2495236513908274e-09,1334,Ceiling,325,0.079345703125,0.9999999999999956,2048.0,0.5,False,,,,1477061526
14,12,1,100.0,0.618667,0.0,0.0,-0.813737,0.005859375,0.0029296875,7.912831279099919e-09,1.2495236513908274e-09,1334,Ceiling,423,0.103271484375,0.9999999999999956,2048.0,0.5,False,,,,1477061526
14,12,1,100.0,0.618667,0.0,0.0,-0.813737,0.005859375,0.0029296875,7.912831279099919e-09,1.2495236513908274e-09,1334,Ceiling,550,0.13427734375,0.9999999999999956,2048.0,0.5,False,,,,1477061526
14,12,1,100.0,0.618667,0.0,0.0,-0.813737,0.005859375,0.0029296875,7.912831279099919e-09,1.2495236513908274e-09,1334,Ceiling,715,0.174560546875,0.9999999999999956,2048.0,0.5,False,,,,1477061526
14,12,1,100.0,0.618667,0.0,0.0,-0.813737,0.005859375,0.0029296875,7.912831279099919e-09,1.2495236513908274e-09,1334,Ceiling,931,0.227294921875,0.9999999999999956,2048.0,0.5,False,,,,1477061526
14,12,1,100.0,0.618667,0.0,0.0,-0.813737,0.005859375,0.0029296875,7.912831279099919e-09,1.2495236513908274e-09,1334,Ceiling,1210,0.29541015625,0.9999999999999956,2048.0,0.5,False,,,,1477061526
14,12,1,100.0,0.618667,0.0,0.0,-0.813737,0.005859375,0.0029296875,7.912831279099919e-09,1.2495236513908274e-09,1334,Ceiling,1575,0.384521484375,0.9999999999999956,2048.0,0.5,False,,,,1477061526
14,12,1,100.0,0.618667,0.0,0.0,-0.813737,0.005859375,0.0029296875,7.912831279099919e-09,1.2495236513908274e-09,1334,Ceiling,2048,0.5,0.9999999999999956,2048.0,0.5,False,,,,1477061526
14,12,1,100.0,0.618667,0.0,0.0,-0.813737,0.005859375,0.0029296875,7.912831279099919e-09,3.1236525499104767e-10,845,BARK,1,0.000244140625,3.1236525499104767e-10,924.0,0.2255859375,True,sector,,,1477061526
14,12,1,100.0,0.618667,0.0,0.0,-0.813737,0.005859375,0.0029296875,7.912831279099919e-09,3.1236525499104767e-10,845,BARK,2,0.00048828125,1.2495547459530517e-05,924.0,0.2255859375,True,sector,,,1477061526
14,12,1,100.0,0.618667,0.0,0.0,-0.813737,0.005859375,0.0029296875,7.912831279099919e-09,3.1236525499104767e-10,845,BARK,3,0.000732421875,0.4998968734699766,924.0,0.2255859375,True,sector,,,1477061526
14,12,1,100.0,0.618667,0.0,0.0,-0.813737,0.005859375,0.0029296875,7.912831279099919e-09,3.1236525499104767e-10,845,BARK,4,0.0009765625,0.49994685691658225,924.0,0.2255859375,True,sector,,,1477061526
14,12,1,100.0,0.618667,0.0,0.0,-0.813737,0.005859375,0.0029296875,7.912831279099919e-09,3.1236525499104767e-10,845,BARK,5,0.001220703125,0.49994686691639206,924.0,0.2255859375,True,sector,,,1477061526
14,12,1,100.0,0.618667,0.0,0.0,-0.813737,0.005859375,0.0029296875,7.912831279099919e-09,3.1236525499104767e-10,845,BARK,6,0.00146484375,0.4999593665294413,924.0,0.2255859375,True,sector,,,1477061526
14,12,1,100.0,0.618667,0.0,0.0,-0.813737,0.005859375,0.0029296875,7.912831279099919e-09,3.1236525499104767e-10,845,BARK,8,0.001953125,0.4999593668421172,924.0,0.2255859375,True,sector,,,1477061526
14,12,1,100.0,0.618667,0.0,0.0,-0.813737,0.005859375,0.0029296875,7.912831279099919e-09,3.1236525499104767e-10,845,BARK,11,0.002685546875,0.4999593692018188,924.0,0.2255859375,True,sector,,,1477061526
14,12,1,100.0,0.618667,0.0,0.0,-0.813737,0.005859375,0.0029296875,7.912831279099919e-09,3.1236525499104767e-10,845,BARK,14,0.00341796875,0.4999843636375472,924.0,0.2255859375,True,sector,,,1477061526
14,12,1,100.0,0.618667,0.0,0.0,-0.813737,0.005859375,0.0029296875,7.912831279099919e-09,3.1236525499104767e-10,845,BARK,18,0.00439453125,0.49998436519974215,924.0,0.2255859375,True,sector,,,1477061526
14,12,1,100.0,0.618667,0.0,0.0,-0.813737,0.005859375,0.0029296875,7.912831279099919e-09,3.1236525499104767e-10,845,BARK,23,0.005615234375,0.4999843666227098,924.0,0.2255859375,True,sector,,,1477061526
14,12,1,100.0,0.618667,0.0,0.0,-0.813737,0.005859375,0.0029296875,7.912831279099919e-09,3.1236525499104767e-10,845,BARK,31,0.007568359375,0.4999968657453267,924.0,0.2255859375,True,sector,,,1477061526
14,12,1,100.0,0.618667,0.0,0.0,-0.813737,0.005859375,0.0029296875,7.912831279099919e-09,3.1236525499104767e-10,845,BARK,40,0.009765625,0.49999686574532703,924.0,0.2255859375,True,sector,,,1477061526
14,12,1,100.0,0.618667,0.0,0.0,-0.813737,0.005859375,0.0029296875,7.912831279099919e-09,3.1236525499104767e-10,845,BARK,52,0.0126953125,0.49999686574532703,924.0,0.2255859375,True,sector,,,1477061526
14,12,1,100.0,0.618667,0.0,0.0,-0.813737,0.005859375,0.0029296875,7.912831279099919e-09,3.1236525499104767e-10,845,BARK,67,0.016357421875,0.49999686574532715,924.0,0.2255859375,True,sector,,,1477061526
14,12,1,100.0,0.618667,0.0,0.0,-0.813737,0.005859375,0.0029296875,7.912831279099919e-09,3.1236525499104767e-10,845,BARK,87,0.021240234375,0.49999686574532715,924.0,0.2255859375,True,sector,,,1477061526
14,12,1,100.0,0.618667,0.0,0.0,-0.813737,0.005859375,0.0029296875,7.912831279099919e-09,3.1236525499104767e-10,845,BARK,114,0.02783203125,0.4999968660580129,924.0,0.2255859375,True,sector,,,1477061526
14,12,1,100.0,0.618667,0.0,0.0,-0.813737,0.005859375,0.0029296875,7.912831279099919e-09,3.1236525499104767e-10,845,BARK,148,0.0361328125,0.5000093634799431,924.0,0.2255859375,True,sector,,,1477061526
14,12,1,100.0,0.618667,0.0,0.0,-0.813737,0.005859375,0.0029296875,7.912831279099919e-09,3.1236525499104767e-10,845,BARK,192,0.046875,0.5000218631030051,924.0,0.2255859375,True,sector,,,1477061526
14,12,1,100.0,0.618667,0.0,0.0,-0.813737,0.005859375,0.0029296875,7.912831279099919e-09,3.1236525499104767e-10,845,BARK,250,0.06103515625,0.5000843667866309,924.0,0.2255859375,True,sector,,,1477061526
14,12,1,100.0,0.618667,0.0,0.0,-0.813737,0.005859375,0.0029296875,7.912831279099919e-09,3.1236525499104767e-10,845,BARK,325,0.079345703125,0.5000843699172576,924.0,0.2255859375,True,sector,,,1477061526
14,12,1,100.0,0.618667,0.0,0.0,-0.813737,0.005859375,0.0029296875,7.912831279099919e-09,3.1236525499104767e-10,845,BARK,423,0.103271484375,0.5000968717267749,924.0,0.2255859375,True,sector,,,1477061526
14,12,1,100.0,0.618667,0.0,0.0,-0.813737,0.005859375,0.0029296875,7.912831279099919e-09,3.1236525499104767e-10,845,BARK,550,0.13427734375,0.5000969091271023,924.0,0.2255859375,True,sector,,,1477061526
14,12,1,100.0,0.618667,0.0,0.0,-0.813737,0.005859375,0.0029296875,7.912831279099919e-09,3.1236525499104767e-10,845,BARK,715,0.174560546875,0.5000975629900068,924.0,0.2255859375,True,sector,,,1477061526
14,12,1,100.0,0.618667,0.0,0.0,-0.813737,0.005859375,0.0029296875,7.912831279099919e-09,3.1236525499104767e-10,845,BARK,931,0.227294921875,0.9996001110361653,924.0,0.2255859375,True,sector,,,1477061526
14,12,1,100.0,0.618667,0.0,0.0,-0.813737,0.005859375,0.0029296875,7.912831279099919e-09,3.1236525499104767e-10,845,BARK,1210,0.29541015625,0.9996001110361653,924.0,0.2255859375,True,sector,,,1477061526
14,12,1,100.0,0.618667,0.0,0.0,-0.813737,0.005859375,0.0029296875,7.912831279099919e-09,3.1236525499104767e-10,845,BARK,1575,0.384521484375,0.9996001110361653,924.0,0.2255859375,True,sector,,,1477061526
14,12,1,100.0,0.618667,0.0,0.0,-0.813737,0.005859375,0.0029296875,7.912831279099919e-09,3.1236525499104767e-10,845,BARK,2048,0.5,0.9996001110361653,924.0,0.2255859375,True,sector,,,1477061526
14,12,1,100.0,0.618667,0.0,0.0,-0.813737,0.005859375,0.0029296875,7.912831279099919e-09,3.1236525499104767e-10,845,Simplified BARK,1,0.000244140625,3.1236525499104767e-10,924.0,0.2255859375,True,sector,,,1477061526
14,12,1,100.0,0.618667,0.0,0.0,-0.813737,0.005859375,0.0029296875,7.912831279099919e-09,3.1236525499104767e-10,845,Simplified BARK,2,0.00048828125,1.5932181939157422e-10,924.0,0.2255859375,True,sector,,,1477061526
14,12,1,100.0,0.618667,0.0,0.0,-0.813737,0.005859375,0.0029296875,7.912831279099919e-09,3.1236525499104767e-10,845,Simplified BARK,3,0.000732421875,1.5893140806398428e-10,924.0,0.2255859375,True,sector,,,1477061526
14,12,1,100.0,0.618667,0.0,0.0,-0.813737,0.005859375,0.0029296875,7.912831279099919e-09,3.1236525499104767e-10,845,Simplified BARK,4,0.0009765625,1.5892747130139746e-10,924.0,0.2255859375,True,sector,,,1477061526
14,12,1,100.0,0.618667,0.0,0.0,-0.813737,0.005859375,0.0029296875,7.912831279099919e-09,3.1236525499104767e-10,845,Simplified BARK,5,0.001220703125,7.927067564470625e-11,924.0,0.2255859375,True,sector,,,1477061526
14,12,1,100.0,0.618667,0.0,0.0,-0.813737,0.005859375,0.0029296875,7.912831279099919e-09,3.1236525499104767e-10,845,Simplified BARK,6,0.00146484375,4.382450429288931e-11,924.0,0.2255859375,True,sector,,,1477061526
14,12,1,100.0,0.618667,0.0,0.0,-0.813737,0.005859375,0.0029296875,7.912831279099919e-09,3.1236525499104767e-10,845,Simplified BARK,8,0.001953125,4.382380040920854e-11,924.0,0.2255859375,True,sector,,,1477061526
14,12,1,100.0,0.618667,0.0,0.0,-0.813737,0.005859375,0.0029296875,7.912831279099919e-09,3.1236525499104767e-10,845,Simplified BARK,11,0.002685546875,4.38238004092083e-11,924.0,0.2255859375,True,sector,,,1477061526
14,12,1,100.0,0.618667,0.0,0.0,-0.813737,0.005859375,0.0029296875,7.912831279099919e-09,3.1236525499104767e-10,845,Simplified BARK,14,0.00341796875,4.3823800409208285e-11,924.0,0.2255859375,True,sector,,,1477061526
14,12,1,100.0,0.618667,0.0,0.0,-0.813737,0.005859375,0.0029296875,7.912831279099919e-09,3.1236525499104767e-10,845,Simplified BARK,18,0.00439453125,4.3823800409208466e-11,924.0,0.2255859375,True,sector,,,1477061526
14,12,1,100.0,0.618667,0.0,0.0,-0.813737,0.005859375,0.0029296875,7.912831279099919e-09,3.1236525499104767e-10,845,Simplified BARK,23,0.005615234375,4.382380039178264e-11,924.0,0.2255859375,True,sector,,,1477061526
14,12,1,100.0,0.618667,0.0,0.0,-0.813737,0.005859375,0.0029296875,7.912831279099919e-09,3.1236525499104767e-10,845,Simplified BARK,31,0.007568359375,4.3821922343562244e-11,924.0,0.2255859375,True,sector,,,1477061526
14,12,1,100.0,0.618667,0.0,0.0,-0.813737,0.005859375,0.0029296875,7.912831279099919e-09,3.1236525499104767e-10,845,Simplified BARK,40,0.009765625,4.3821922343560945e-11,924.0,0.2255859375,True,sector,,,1477061526
14,12,1,100.0,0.618667,0.0,0.0,-0.813737,0.005859375,0.0029296875,7.912831279099919e-09,3.1236525499104767e-10,845,Simplified BARK,52,0.0126953125,2.067777880512969e-17,924.0,0.2255859375,True,sector,,,1477061526
14,12,1,100.0,0.618667,0.0,0.0,-0.813737,0.005859375,0.0029296875,7.912831279099919e-09,3.1236525499104767e-10,845,Simplified BARK,67,0.016357421875,3.3108695301773055e-17,924.0,0.2255859375,True,sector,,,1477061526
14,12,1,100.0,0.618667,0.0,0.0,-0.813737,0.005859375,0.0029296875,7.912831279099919e-09,3.1236525499104767e-10,845,Simplified BARK,87,0.021240234375,2.7910244262683024e-16,924.0,0.2255859375,True,sector,,,1477061526
14,12,1,100.0,0.618667,0.0,0.0,-0.813737,0.005859375,0.0029296875,7.912831279099919e-09,3.1236525499104767e-10,845,Simplified BARK,114,0.02783203125,8.60307446796835e-21,924.0,0.2255859375,True,sector,,,1477061526
14,12,1,100.0,0.618667,0.0,0.0,-0.813737,0.005859375,0.0029296875,7.912831279099919e-09,3.1236525499104767e-10,845,Simplified BARK,148,0.0361328125,1.8101271419131073e-10,924.0,0.2255859375,True,sector,,,1477061526
14,12,1,100.0,0.618667,0.0,0.0,-0.813737,0.005859375,0.0029296875,7.912831279099919e-09,3.1236525499104767e-10,845,Simplified BARK,192,0.046875,1.0901362994031263e-06,924.0,0.2255859375,True,sector,,,1477061526
14,12,1,100.0,0.618667,0.0,0.0,-0.813737,0.005859375,0.0029296875,7.912831279099919e-09,3.1236525499104767e-10,845,Simplified BARK,250,0.06103515625,9.749739921003723e-08,924.0,0.2255859375,True,sector,,,1477061526
14,12,1,100.0,0.618667,0.0,0.0,-0.813737,0.005859375,0.0029296875,7.912831279099919e-09,3.1236525499104767e-10,845,Simplified BARK,325,0.079345703125,0.5000343639745465,924.0,0.2255859375,True,sector,,,1477061526
14,12,1,100.0,0.618667,0.0,0.0,-0.813737,0.005859375,0.0029296875,7.912831279099919e-09,3.1236525499104767e-10,845,Simplified BARK,423,0.103271484375,0.5000468664122077,924.0,0.2255859375,True,sector,,,1477061526
14,12,1,100.0,0.618667,0.0,0.0,-0.813737,0.005859375,0.0029296875,7.912831279099919e-09,3.1236525499104767e-10,845,Simplified BARK,550,0.13427734375,0.5000968623585275,924.0,0.2255859375,True,sector,,,1477061526
14,12,1,100.0,0.618667,0.0,0.0,-0.813737,0.005859375,0.0029296875,7.912831279099919e-09,3.1236525499104767e-10,845,Simplified BARK,715,0.174560546875,0.5000975649121907,924.0,0.2255859375,True,sector,,,1477061526
14,12,1,100.0,0.618667,0.0,0.0,-0.813737,0.005859375,0.0029296875,7.912831279099919e-09,3.1236525499104767e-10,845,Simplified BARK,931,0.227294921875,0.99957931419541,924.0,0.2255859375,True,sector,,,1477061526
14,12,1,100.0,0.618667,0.0,0.0,-0.813737,0.005859375,0.0029296875,7.912831279099919e-09,3.1236525499104767e-10,845,Simplified BARK,1210,0.29541015625,0.99957931419541,924.0,0.2255859375,True,sector,,,1477061526
14,12,1,100.0,0.618667,0.0,0.0,-0.813737,0.005859375,0.0029296875,7.912831279099919e-09,3.1236525499104767e-10,845,Simplified BARK,1575,0.384521484375,0.99957931419541,924.0,0.2255859375,True,sector,,,1477061526
14,12,1,100.0,0.618667,0.0,0.0,-0.813737,0.005859375,0.0029296875,7.912831279099919e-09,3.1236525499104767e-10,845,Simplified BARK,2048,0.5,0.99957931419541,924.0,0.2255859375,True,sector,,,1477061526
14,12,1,100.0,0.618667,0.0,0.0,-0.813737,0.005859375,0.0029296875,7.912831279099919e-09,3.1236525499104767e-10,845,SKQD,1,0.000244140625,3.1236525499104767e-10,85.66666666666667,0.020914713541666668,True,max_iterations;max_iterations;max_iterations,0.5,10.0,1477061526
14,12,1,100.0,0.618667,0.0,0.0,-0.813737,0.005859375,0.0029296875,7.912831279099919e-09,3.1236525499104767e-10,845,SKQD,2,0.00048828125,3.1236525499104767e-10,85.66666666666667,0.020914713541666668,True,max_iterations;max_iterations;max_iterations,0.5,10.0,1477061526
14,12,1,100.0,0.618667,0.0,0.0,-0.813737,0.005859375,0.0029296875,7.912831279099919e-09,3.1236525499104767e-10,845,SKQD,3,0.000732421875,2.350220078005526e-10,85.66666666666667,0.020914713541666668,True,max_iterations;max_iterations;max_iterations,0.5,10.0,1477061526
14,12,1,100.0,0.618667,0.0,0.0,-0.813737,0.005859375,0.0029296875,7.912831279099919e-09,3.1236525499104767e-10,845,SKQD,4,0.0009765625,2.350220078005526e-10,85.66666666666667,0.020914713541666668,True,max_iterations;max_iterations;max_iterations,0.5,10.0,1477061526
14,12,1,100.0,0.618667,0.0,0.0,-0.813737,0.005859375,0.0029296875,7.912831279099919e-09,3.1236525499104767e-10,845,SKQD,5,0.001220703125,2.350220078005526e-10,85.66666666666667,0.020914713541666668,True,max_iterations;max_iterations;max_iterations,0.5,10.0,1477061526
14,12,1,100.0,0.618667,0.0,0.0,-0.813737,0.005859375,0.0029296875,7.912831279099919e-09,3.1236525499104767e-10,845,SKQD,6,0.00146484375,2.356539512565165e-10,85.66666666666667,0.020914713541666668,True,max_iterations;max_iterations;max_iterations,0.5,10.0,1477061526
14,12,1,100.0,0.618667,0.0,0.0,-0.813737,0.005859375,0.0029296875,7.912831279099919e-09,3.1236525499104767e-10,845,SKQD,8,0.001953125,1.8424215840266498e-10,85.66666666666667,0.020914713541666668,True,max_iterations;max_iterations;max_iterations,0.5,10.0,1477061526
14,12,1,100.0,0.618667,0.0,0.0,-0.813737,0.005859375,0.0029296875,7.912831279099919e-09,3.1236525499104767e-10,845,SKQD,11,0.002685546875,2.2077257779417477e-10,85.66666666666667,0.020914713541666668,True,max_iterations;max_iterations;max_iterations,0.5,10.0,1477061526
14,12,1,100.0,0.618667,0.0,0.0,-0.813737,0.005859375,0.0029296875,7.912831279099919e-09,3.1236525499104767e-10,845,SKQD,14,0.00341796875,4.0817028526188846e-10,85.66666666666667,0.020914713541666668,True,max_iterations;max_iterations;max_iterations,0.5,10.0,1477061526
14,12,1,100.0,0.618667,0.0,0.0,-0.813737,0.005859375,0.0029296875,7.912831279099919e-09,3.1236525499104767e-10,845,SKQD,18,0.00439453125,3.7999164094007294e-10,85.66666666666667,0.020914713541666668,True,max_iterations;max_iterations;max_iterations,0.5,10.0,1477061526
14,12,1,100.0,0.618667,0.0,0.0,-0.813737,0.005859375,0.0029296875,7.912831279099919e-09,3.1236525499104767e-10,845,SKQD,23,0.005615234375,3.800117028682199e-10,85.66666666666667,0.020914713541666668,True,max_iterations;max_iterations;max_iterations,0.5,10.0,1477061526
14,12,1,100.0,0.618667,0.0,0.0,-0.813737,0.005859375,0.0029296875,7.912831279099919e-09,3.1236525499104767e-10,845,SKQD,31,0.007568359375,3.8002476623110736e-10,85.66666666666667,0.020914713541666668,True,max_iterations;max_iterations;max_iterations,0.5,10.0,1477061526
14,12,1,100.0,0.618667,0.0,0.0,-0.813737,0.005859375,0.0029296875,7.912831279099919e-09,3.1236525499104767e-10,845,SKQD,40,0.009765625,3.8017475667254506e-10,85.66666666666667,0.020914713541666668,True,max_iterations;max_iterations;max_iterations,0.5,10.0,1477061526
14,12,1,100.0,0.618667,0.0,0.0,-0.813737,0.005859375,0.0029296875,7.912831279099919e-09,3.1236525499104767e-10,845,SKQD,52,0.0126953125,8.332239473577757e-06,85.66666666666667,0.020914713541666668,True,max_iterations;max_iterations;max_iterations,0.5,10.0,1477061526
14,12,1,100.0,0.618667,0.0,0.0,-0.813737,0.005859375,0.0029296875,7.912831279099919e-09,3.1236525499104767e-10,845,SKQD,67,0.016357421875,1.0530696413786726e-05,85.66666666666667,0.020914713541666668,True,max_iterations;max_iterations;max_iterations,0.5,10.0,1477061526
14,12,1,100.0,0.618667,0.0,0.0,-0.813737,0.005859375,0.0029296875,7.912831279099919e-09,3.1236525499104767e-10,845,SKQD,87,0.021240234375,9.544847318812052e-06,85.66666666666667,0.020914713541666668,True,max_iterations;max_iterations;max_iterations,0.5,10.0,1477061526
14,12,1,100.0,0.618667,0.0,0.0,-0.813737,0.005859375,0.0029296875,7.912831279099919e-09,3.1236525499104767e-10,845,SKQD,114,0.02783203125,9.544847318812052e-06,85.66666666666667,0.020914713541666668,True,max_iterations;max_iterations;max_iterations,0.5,10.0,1477061526
14,12,1,100.0,0.618667,0.0,0.0,-0.813737,0.005859375,0.0029296875,7.912831279099919e-09,3.1236525499104767e-10,845,SKQD,148,0.0361328125,9.544847318812052e-06,85.66666666666667,0.020914713541666668,True,max_iterations;max_iterations;max_iterations,0.5,10.0,1477061526
14,12,1,100.0,0.618667,0.0,0.0,-0.813737,0.005859375,0.0029296875,7.912831279099919e-09,3.1236525499104767e-10,845,SKQD,192,0.046875,9.544847318812052e-06,85.66666666666667,0.020914713541666668,True,max_iterations;max_iterations;max_iterations,0.5,10.0,1477061526
14,12,1,100.0,0.618667,0.0,0.0,-0.813737,0.005859375,0.0029296875,7.912831279099919e-09,3.1236525499104767e-10,845,SKQD,250,0.06103515625,9.544847318812052e-06,85.66666666666667,0.020914713541666668,True,max_iterations;max_iterations;max_iterations,0.5,10.0,1477061526
14,12,1,100.0,0.618667,0.0,0.0,-0.813737,0.005859375,0.0029296875,7.912831279099919e-09,3.1236525499104767e-10,845,SKQD,325,0.079345703125,9.544847318812052e-06,85.66666666666667,0.020914713541666668,True,max_iterations;max_iterations;max_iterations,0.5,10.0,1477061526
14,12,1,100.0,0.618667,0.0,0.0,-0.813737,0.005859375,0.0029296875,7.912831279099919e-09,3.1236525499104767e-10,845,SKQD,423,0.103271484375,9.544847318812052e-06,85.66666666666667,0.020914713541666668,True,max_iterations;max_iterations;max_iterations,0.5,10.0,1477061526
14,12,1,100.0,0.618667,0.0,0.0,-0.813737,0.005859375,0.0029296875,7.912831279099919e-09,3.1236525499104767e-10,845,SKQD,550,0.13427734375,9.544847318812052e-06,85.66666666666667,0.020914713541666668,True,max_iterations;max_iterations;max_iterations,0.5,10.0,1477061526
14,12,1,100.0,0.618667,0.0,0.0,-0.813737,0.005859375,0.0029296875,7.912831279099919e-09,3.1236525499104767e-10,845,SKQD,715,0.174560546875,9.544847318812052e-06,85.66666666666667,0.020914713541666668,True,max_iterations;max_iterations;max_iterations,0.5,10.0,1477061526
14,12,1,100.0,0.618667,0.0,0.0,-0.813737,0.005859375,0.0029296875,7.912831279099919e-09,3.1236525499104767e-10,845,SKQD,931,0.227294921875,9.544847318812052e-06,85.66666666666667,0.020914713541666668,True,max_iterations;max_iterations;max_iterations,0.5,10.0,1477061526
14,12,1,100.0,0.618667,0.0,0.0,-0.813737,0.005859375,0.0029296875,7.912831279099919e-09,3.1236525499104767e-10,845,SKQD,1210,0.29541015625,9.544847318812052e-06,85.66666666666667,0.020914713541666668,True,max_iterations;max_iterations;max_iterations,0.5,10.0,1477061526
14,12,1,100.0,0.618667,0.0,0.0,-0.813737,0.005859375,0.0029296875,7.912831279099919e-09,3.1236525499104767e-10,845,SKQD,1575,0.384521484375,9.544847318812052e-06,85.66666666666667,0.020914713541666668,True,max_iterations;max_iterations;max_iterations,0.5,10.0,1477061526
14,12,1,100.0,0.618667,0.0,0.0,-0.813737,0.005859375,0.0029296875,7.912831279099919e-09,3.1236525499104767e-10,845,SKQD,2048,0.5,9.544847318812052e-06,85.66666666666667,0.020914713541666668,True,max_iterations;max_iterations;max_iterations,0.5,10.0,1477061526
14,12,1,100.0,0.618667,0.0,0.0,-0.813737,0.005859375,0.0029296875,7.912831279099919e-09,3.1236525499104767e-10,845,Ceiling,1,0.000244140625,0.49988437800064534,2048.0,0.5,False,,,,1477061526
14,12,1,100.0,0.618667,0.0,0.0,-0.813737,0.005859375,0.0029296875,7.912831279099919e-09,3.1236525499104767e-10,845,Ceiling,2,0.00048828125,0.9995750886286696,2048.0,0.5,False,,,,1477061526
14,12,1,100.0,0.618667,0.0,0.0,-0.813737,0.005859375,0.0029296875,7.912831279099919e-09,3.1236525499104767e-10,845,Ceiling,3,0.000732421875,0.9996250720757404,2048.0,0.5,False,,,,1477061526
14,12,1,100.0,0.618667,0.0,0.0,-0.813737,0.005859375,0.0029296875,7.912831279099919e-09,3.1236525499104767e-10,845,Ceiling,4,0.0009765625,0.9996750555228111,2048.0,0.5,False,,,,1477061526
14,12,1,100.0,0.618667,0.0,0.0,-0.813737,0.005859375,0.0029296875,7.912831279099919e-09,3.1236525499104767e-10,845,Ceiling,5,0.001220703125,0.9997250196050812,2048.0,0.5,False,,,,1477061526
14,12,1,100.0,0.618667,0.0,0.0,-0.813737,0.005859375,0.0029296875,7.912831279099919e-09,3.1236525499104767e-10,845,Ceiling,6,0.00146484375,0.9997749836873513,2048.0,0.5,False,,,,1477061526
14,12,1,100.0,0.618667,0.0,0.0,-0.813737,0.005859375,0.0029296875,7.912831279099919e-09,3.1236525499104767e-10,845,Ceiling,8,0.001953125,0.9997999804094193,2048.0,0.5,False,,,,1477061526
14,12,1,100.0,0.618667,0.0,0.0,-0.813737,0.005859375,0.0029296875,7.912831279099919e-09,3.1236525499104767e-10,845,Ceiling,11,0.002685546875,0.999837469867597,2048.0,0.5,False,,,,1477061526
14,12,1,100.0,0.618667,0.0,0.0,-0.813737,0.005859375,0.0029296875,7.912831279099919e-09,3.1236525499104767e-10,845,Ceiling,14,0.00341796875,0.9998749580715209,2048.0,0.5,False,,,,1477061526
14,12,1,100.0,0.618667,0.0,0.0,-0.813737,0.005859375,0.0029296875,7.912831279099919e-09,3.1236525499104767e-10,845,Ceiling,18,0.00439453125,0.9999249319896918,2048.0,0.5,False,,,,1477061526
14,12,1,100.0,0.618667,0.0,0.0,-0.813737,0.005859375,0.0029296875,7.912831279099919e-09,3.1236525499104767e-10,845,Ceiling,23,0.005615234375,0.9999873889582783,2048.0,0.5,False,,,,1477061526
14,12,1,100.0,0.618667,0.0,0.0,-0.813737,0.005859375,0.0029296875,7.912831279099919e-09,3.1236525499104767e-10,845,Ceiling,31,0.007568359375,0.9999999355958388,2048.0,0.5,False,,,,1477061526
14,12,1,100.0,0.618667,0.0,0.0,-0.813737,0.005859375,0.0029296875,7.912831279099919e-09,3.1236525499104767e-10,845,Ceiling,40,0.009765625,0.9999999468505009,2048.0,0.5,False,,,,1477061526
14,12,1,100.0,0.618667,0.0,0.0,-0.813737,0.005859375,0.0029296875,7.912831279099919e-09,3.1236525499104767e-10,845,Ceiling,52,0.0126953125,0.9999999618464089,2048.0,0.5,False,,,,1477061526
14,12,1,100.0,0.618667,0.0,0.0,-0.813737,0.005859375,0.0029296875,7.912831279099919e-09,3.1236525499104767e-10,845,Ceiling,67,0.016357421875,0.9999999805847188,2048.0,0.5,False,,,,1477061526
14,12,1,100.0,0.618667,0.0,0.0,-0.813737,0.005859375,0.0029296875,7.912831279099919e-09,3.1236525499104767e-10,845,Ceiling,87,0.021240234375,0.9999999915163607,2048.0,0.5,False,,,,1477061526
14,12,1,100.0,0.618667,0.0,0.0,-0.813737,0.005859375,0.0029296875,7.912831279099919e-09,3.1236525499104767e-10,845,Ceiling,114,0.02783203125,0.9999999999484355,2048.0,0.5,False,,,,1477061526
14,12,1,100.0,0.618667,0.0,0.0,-0.813737,0.005859375,0.0029296875,7.912831279099919e-09,3.1236525499104767e-10,845,Ceiling,148,0.0361328125,0.9999999999940936,2048.0,0.5,False,,,,1477061526
14,12,1,100.0,0.618667,0.0,0.0,-0.813737,0.005859375,0.0029296875,7.912831279099919e-09,3.1236525499104767e-10,845,Ceiling,192,0.046875,0.9999999999980445,2048.0,0.5,False,,,,1477061526
14,12,1,100.0,0.618667,0.0,0.0,-0.813737,0.005859375,0.0029296875,7.912831279099919e-09,3.1236525499104767e-10,845,Ceiling,250,0.06103515625,0.9999999999997606,2048.0,0.5,False,,,,1477061526
14,12,1,100.0,0.618667,0.0,0.0,-0.813737,0.005859375,0.0029296875,7.912831279099919e-09,3.1236525499104767e-10,845,Ceiling,325,0.079345703125,0.9999999999999956,2048.0,0.5,False,,,,1477061526
14,12,1,100.0,0.618667,0.0,0.0,-0.813737,0.005859375,0.0029296875,7.912831279099919e-09,3.1236525499104767e-10,845,Ceiling,423,0.103271484375,0.9999999999999956,2048.0,0.5,False,,,,1477061526
14,12,1,100.0,0.618667,0.0,0.0,-0.813737,0.005859375,0.0029296875,7.912831279099919e-09,3.1236525499104767e-10,845,Ceiling,550,0.13427734375,0.9999999999999956,2048.0,0.5,False,,,,1477061526
14,12,1,100.0,0.618667,0.0,0.0,-0.813737,0.005859375,0.0029296875,7.912831279099919e-09,3.1236525499104767e-10,845,Ceiling,715,0.174560546875,0.9999999999999956,2048.0,0.5,False,,,,1477061526
14,12,1,100.0,0.618667,0.0,0.0,-0.813737,0.005859375,0.0029296875,7.912831279099919e-09,3.1236525499104767e-10,845,Ceiling,931,0.227294921875,0.9999999999999956,2048.0,0.5,False,,,,1477061526
14,12,1,100.0,0.618667,0.0,0.0,-0.813737,0.005859375,0.0029296875,7.912831279099919e-09,3.1236525499104767e-10,845,Ceiling,1210,0.29541015625,0.9999999999999956,2048.0,0.5,False,,,,1477061526
14,12,1,100.0,0.618667,0.0,0.0,-0.813737,0.005859375,0.0029296875,7.912831279099919e-09,3.1236525499104767e-10,845,Ceiling,1575,0.384521484375,0.9999999999999956,2048.0,0.5,False,,,,1477061526
14,12,1,100.0,0.618667,0.0,0.0,-0.813737,0.005859375,0.0029296875,7.912831279099919e-09,3.1236525499104767e-10,845,Ceiling,2048,0.5,0.9999999999999956,2048.0,0.5,False,,,,1477061526
14,12,1,100.0,0.618667,0.0,0.0,-0.813737,0.005859375,0.0029296875,7.912831279099919e-09,1.2513041677269902e-09,1685,BARK,1,0.000244140625,1.2513041677269902e-09,924.0,0.2255859375,True,sector,,,1477061526
14,12,1,100.0,0.618667,0.0,0.0,-0.813737,0.005859375,0.0029296875,7.912831279099919e-09,1.2513041677269902e-09,1685,BARK,2,0.00048828125,1.5113651714356422e-11,924.0,0.2255859375,True,sector,,,1477061526
14,12,1,100.0,0.618667,0.0,0.0,-0.813737,0.005859375,0.0029296875,7.912831279099919e-09,1.2513041677269902e-09,1685,BARK,3,0.000732421875,6.017118845674073e-09,924.0,0.2255859375,True,sector,,,1477061526
14,12,1,100.0,0.618667,0.0,0.0,-0.813737,0.005859375,0.0029296875,7.912831279099919e-09,1.2513041677269902e-09,1685,BARK,4,0.0009765625,1.2978127941230745e-05,924.0,0.2255859375,True,sector,,,1477061526
14,12,1,100.0,0.618667,0.0,0.0,-0.813737,0.005859375,0.0029296875,7.912831279099919e-09,1.2513041677269902e-09,1685,BARK,5,0.001220703125,0.49993437145264885,924.0,0.2255859375,True,sector,,,1477061526
14,12,1,100.0,0.618667,0.0,0.0,-0.813737,0.005859375,0.0029296875,7.912831279099919e-09,1.2513041677269902e-09,1685,BARK,6,0.00146484375,0.49998435489759296,924.0,0.2255859375,True,sector,,,1477061526
14,12,1,100.0,0.618667,0.0,0.0,-0.813737,0.005859375,0.0029296875,7.912831279099919e-09,1.2513041677269902e-09,1685,BARK,8,0.001953125,0.4999968645100724,924.0,0.2255859375,True,sector,,,1477061526
14,12,1,100.0,0.618667,0.0,0.0,-0.813737,0.005859375,0.0029296875,7.912831279099919e-09,1.2513041677269902e-09,1685,BARK,11,0.002685546875,0.49999686599594845,924.0,0.2255859375,True,sector,,,1477061526
14,12,1,100.0,0.618667,0.0,0.0,-0.813737,0.005859375,0.0029296875,7.912831279099919e-09,1.2513041677269902e-09,1685,BARK,14,0.00341796875,0.5000093678796488,924.0,0.2255859375,True,sector,,,1477061526
14,12,1,100.0,0.618667,0.0,0.0,-0.813737,0.005859375,0.0029296875,7.912831279099919e-09,1.2513041677269902e-09,1685,BARK,18,0.00439453125,0.5000093728826523,924.0,0.2255859375,True,sector,,,1477061526
14,12,1,100.0,0.618667,0.0,0.0,-0.813737,0.005859375,0.0029296875,7.912831279099919e-09,1.2513041677269902e-09,1685,BARK,23,0.005615234375,0.5000218709295282,924.0,0.2255859375,True,sector,,,1477061526
14,12,1,100.0,0.618667,0.0,0.0,-0.813737,0.005859375,0.0029296875,7.912831279099919e-09,1.2513041677269902e-09,1685,BARK,31,0.007568359375,0.5000218732898433,924.0,0.2255859375,True,sector,,,1477061526
14,12,1,100.0,0.618667,0.0,0.0,-0.813737,0.005859375,0.0029296875,7.912831279099919e-09,1.2513041677269902e-09,1685,BARK,40,0.009765625,0.5000468679598781,924.0,0.2255859375,True,sector,,,1477061526
14,12,1,100.0,0.618667,0.0,0.0,-0.813737,0.005859375,0.0029296875,7.912831279099919e-09,1.2513041677269902e-09,1685,BARK,52,0.0126953125,0.5000468696955839,924.0,0.2255859375,True,sector,,,1477061526
14,12,1,100.0,0.618667,0.0,0.0,-0.813737,0.005859375,0.0029296875,7.912831279099919e-09,1.2513041677269902e-09,1685,BARK,67,0.016357421875,0.500059369442945,924.0,0.2255859375,True,sector,,,1477061526
14,12,1,100.0,0.618667,0.0,0.0,-0.813737,0.005859375,0.0029296875,7.912831279099919e-09,1.2513041677269902e-09,1685,BARK,87,0.021240234375,0.5000718706224213,924.0,0.2255859375,True,sector,,,1477061526
14,12,1,100.0,0.618667,0.0,0.0,-0.813737,0.005859375,0.0029296875,7.912831279099919e-09,1.2513041677269902e-09,1685,BARK,114,0.02783203125,0.5000843683562718,924.0,0.2255859375,True,sector,,,1477061526
14,12,1,100.0,0.618667,0.0,0.0,-0.813737,0.005859375,0.0029296875,7.912831279099919e-09,1.2513041677269902e-09,1685,BARK,148,0.0361328125,0.5000843683562713,924.0,0.2255859375,True,sector,,,1477061526
14,12,1,100.0,0.618667,0.0,0.0,-0.813737,0.005859375,0.0029296875,7.912831279099919e-09,1.2513041677269902e-09,1685,BARK,192,0.046875,0.5000843686688673,924.0,0.2255859375,True,sector,,,1477061526
14,12,1,100.0,0.618667,0.0,0.0,-0.813737,0.005859375,0.0029296875,7.912831279099919e-09,1.2513041677269902e-09,1685,BARK,250,0.06103515625,0.5000843686690393,924.0,0.2255859375,True,sector,,,1477061526
14,12,1,100.0,0.618667,0.0,0.0,-0.813737,0.005859375,0.0029296875,7.912831279099919e-09,1.2513041677269902e-09,1685,BARK,325,0.079345703125,0.5000968704884943,924.0,0.2255859375,True,sector,,,1477061526
14,12,1,100.0,0.618667,0.0,0.0,-0.813737,0.005859375,0.0029296875,7.912831279099919e-09,1.2513041677269902e-09,1685,BARK,423,0.103271484375,0.5000968748751707,924.0,0.2255859375,True,sector,,,1477061526
14,12,1,100.0,0.618667,0.0,0.0,-0.813737,0.005859375,0.0029296875,7.912831279099919e-09,1.2513041677269902e-09,1685,BARK,550,0.13427734375,0.5000969231015204,924.0,0.2255859375,True,sector,,,1477061526
14,12,1,100.0,0.618667,0.0,0.0,-0.813737,0.005859375,0.0029296875,7.912831279099919e-09,1.2513041677269902e-09,1685,BARK,715,0.174560546875,0.500097489376941,924.0,0.2255859375,True,sector,,,1477061526
14,12,1,100.0,0.618667,0.0,0.0,-0.813737,0.005859375,0.0029296875,7.912831279099919e-09,1.2513041677269902e-09,1685,BARK,931,0.227294921875,0.9986767949864863,924.0,0.2255859375,True,sector,,,1477061526
14,12,1,100.0,0.618667,0.0,0.0,-0.813737,0.005859375,0.0029296875,7.912831279099919e-09,1.2513041677269902e-09,1685,BARK,1210,0.29541015625,0.9986767949864863,924.0,0.2255859375,True,sector,,,1477061526
14,12,1,100.0,0.618667,0.0,0.0,-0.813737,0.005859375,0.0029296875,7.912831279099919e-09,1.2513041677269902e-09,1685,BARK,1575,0.384521484375,0.9986767949864863,924.0,0.2255859375,True,sector,,,1477061526
14,12,1,100.0,0.618667,0.0,0.0,-0.813737,0.005859375,0.0029296875,7.912831279099919e-09,1.2513041677269902e-09,1685,BARK,2048,0.5,0.9986767949864863,924.0,0.2255859375,True,sector,,,1477061526
14,12,1,100.0,0.618667,0.0,0.0,-0.813737,0.005859375,0.0029296875,7.912831279099919e-09,1.2513041677269902e-09,1685,Simplified BARK,1,0.000244140625,1.2513041677269902e-09,924.0,0.2255859375,True,sector,,,1477061526
14,12,1,100.0,0.618667,0.0,0.0,-0.813737,0.005859375,0.0029296875,7.912831279099919e-09,1.2513041677269902e-09,1685,Simplified BARK,2,0.00048828125,6.373916660906872e-06,924.0,0.2255859375,True,sector,,,1477061526
14,12,1,100.0,0.618667,0.0,0.0,-0.813737,0.005859375,0.0029296875,7.912831279099919e-09,1.2513041677269902e-09,1685,Simplified BARK,3,0.000732421875,6.389692808159008e-06,924.0,0.2255859375,True,sector,,,1477061526
14,12,1,100.0,0.618667,0.0,0.0,-0.813737,0.005859375,0.0029296875,7.912831279099919e-09,1.2513041677269902e-09,1685,Simplified BARK,4,0.0009765625,6.452948372945775e-06,924.0,0.2255859375,True,sector,,,1477061526
14,12,1,100.0,0.618667,0.0,0.0,-0.813737,0.005859375,0.0029296875,7.912831279099919e-09,1.2513041677269902e-09,1685,Simplified BARK,5,0.001220703125,1.2809571000616875e-05,924.0,0.2255859375,True,sector,,,1477061526
14,12,1,100.0,0.618667,0.0,0.0,-0.813737,0.005859375,0.0029296875,7.912831279099919e-09,1.2513041677269902e-09,1685,Simplified BARK,6,0.00146484375,1.2117780740552611e-05,924.0,0.2255859375,True,sector,,,1477061526
14,12,1,100.0,0.618667,0.0,0.0,-0.813737,0.005859375,0.0029296875,7.912831279099919e-09,1.2513041677269902e-09,1685,Simplified BARK,8,0.001953125,1.2117751913738486e-05,924.0,0.2255859375,True,sector,,,1477061526
14,12,1,100.0,0.618667,0.0,0.0,-0.813737,0.005859375,0.0029296875,7.912831279099919e-09,1.2513041677269902e-09,1685,Simplified BARK,11,0.002685546875,1.211775191373851e-05,924.0,0.2255859375,True,sector,,,1477061526
14,12,1,100.0,0.618667,0.0,0.0,-0.813737,0.005859375,0.0029296875,7.912831279099919e-09,1.2513041677269902e-09,1685,Simplified BARK,14,0.00341796875,1.2117751913738468e-05,924.0,0.2255859375,True,sector,,,1477061526
14,12,1,100.0,0.618667,0.0,0.0,-0.813737,0.005859375,0.0029296875,7.912831279099919e-09,1.2513041677269902e-09,1685,Simplified BARK,18,0.00439453125,1.2117751913738474e-05,924.0,0.2255859375,True,sector,,,1477061526
14,12,1,100.0,0.618667,0.0,0.0,-0.813737,0.005859375,0.0029296875,7.912831279099919e-09,1.2513041677269902e-09,1685,Simplified BARK,23,0.005615234375,1.211775191373851e-05,924.0,0.2255859375,True,sector,,,1477061526
14,12,1,100.0,0.618667,0.0,0.0,-0.813737,0.005859375,0.0029296875,7.912831279099919e-09,1.2513041677269902e-09,1685,Simplified BARK,31,0.007568359375,1.2117751913738468e-05,924.0,0.2255859375,True,sector,,,1477061526
14,12,1,100.0,0.618667,0.0,0.0,-0.813737,0.005859375,0.0029296875,7.912831279099919e-09,1.2513041677269902e-09,1685,Simplified BARK,40,0.009765625,1.2117751913738513e-05,924.0,0.2255859375,True,sector,,,1477061526
14,12,1,100.0,0.618667,0.0,0.0,-0.813737,0.005859375,0.0029296875,7.912831279099919e-09,1.2513041677269902e-09,1685,Simplified BARK,52,0.0126953125,1.2117751913738486e-05,924.0,0.2255859375,True,sector,,,1477061526
14,12,1,100.0,0.618667,0.0,0.0,-0.813737,0.005859375,0.0029296875,7.912831279099919e-09,1.2513041677269902e-09,1685,Simplified BARK,67,0.016357421875,1.2117751912190317e-05,924.0,0.2255859375,True,sector,,,1477061526
14,12,1,100.0,0.618667,0.0,0.0,-0.813737,0.005859375,0.0029296875,7.912831279099919e-09,1.2513041677269902e-09,1685,Simplified BARK,87,0.021240234375,1.2117674855008589e-05,924.0,0.2255859375,True,sector,,,1477061526
14,12,1,100.0,0.618667,0.0,0.0,-0.813737,0.005859375,0.0029296875,7.912831279099919e-09,1.2513041677269902e-09,1685,Simplified BARK,114,0.02783203125,1.2117674855008592e-05,924.0,0.2255859375,True,sector,,,1477061526
14,12,1,100.0,0.618667,0.0,0.0,-0.813737,0.005859375,0.0029296875,7.912831279099919e-09,1.2513041677269902e-09,1685,Simplified BARK,148,0.0361328125,1.0493732040212273e-06,924.0,0.2255859375,True,sector,,,1477061526
14,12,1,100.0,0.618667,0.0,0.0,-0.813737,0.005859375,0.0029296875,7.912831279099919e-09,1.2513041677269902e-09,1685,Simplified BARK,192,0.046875,1.0990484064186655e-06,924.0,0.2255859375,True,sector,,,1477061526
14,12,1,100.0,0.618667,0.0,0.0,-0.813737,0.005859375,0.0029296875,7.912831279099919e-09,1.2513041677269902e-09,1685,Simplified BARK,250,0.06103515625,9.824821082969344e-08,924.0,0.2255859375,True,sector,,,1477061526
14,12,1,100.0,0.618667,0.0,0.0,-0.813737,0.005859375,0.0029296875,7.912831279099919e-09,1.2513041677269902e-09,1685,Simplified BARK,325,0.079345703125,0.5000343649124617,924.0,0.2255859375,True,sector,,,1477061526
14,12,1,100.0,0.618667,0.0,0.0,-0.813737,0.005859375,0.0029296875,7.912831279099919e-09,1.2513041677269902e-09,1685,Simplified BARK,423,0.103271484375,0.500046866412208,924.0,0.2255859375,True,sector,,,1477061526
14,12,1,100.0,0.618667,0.0,0.0,-0.813737,0.005859375,0.0029296875,7.912831279099919e-09,1.2513041677269902e-09,1685,Simplified BARK,550,0.13427734375,0.5000968623585278,924.0,0.2255859375,True,sector,,,1477061526
14,12,1,100.0,0.618667,0.0,0.0,-0.813737,0.005859375,0.0029296875,7.912831279099919e-09,1.2513041677269902e-09,1685,Simplified BARK,715,0.174560546875,0.5000974637966713,924.0,0.2255859375,True,sector,,,1477061526
14,12,1,100.0,0.618667,0.0,0.0,-0.813737,0.005859375,0.0029296875,7.912831279099919e-09,1.2513041677269902e-09,1685,Simplified BARK,931,0.227294921875,0.9996331182465809,924.0,0.2255859375,True,sector,,,1477061526
14,12,1,100.0,0.618667,0.0,0.0,-0.813737,0.005859375,0.0029296875,7.912831279099919e-09,1.2513041677269902e-09,1685,Simplified BARK,1210,0.29541015625,0.9996331182465809,924.0,0.2255859375,True,sector,,,1477061526
14,12,1,100.0,0.618667,0.0,0.0,-0.813737,0.005859375,0.0029296875,7.912831279099919e-09,1.2513041677269902e-09,1685,Simplified BARK,1575,0.384521484375,0.9996331182465809,924.0,0.2255859375,True,sector,,,1477061526
14,12,1,100.0,0.618667,0.0,0.0,-0.813737,0.005859375,0.0029296875,7.912831279099919e-09,1.2513041677269902e-09,1685,Simplified BARK,2048,0.5,0.9996331182465809,924.0,0.2255859375,True,sector,,,1477061526
14,12,1,100.0,0.618667,0.0,0.0,-0.813737,0.005859375,0.0029296875,7.912831279099919e-09,1.2513041677269902e-09,1685,SKQD,1,0.000244140625,1.2513041677269902e-09,115.33333333333333,0.028157552083333332,True,max_iterations;max_iterations;max_iterations,0.05,300.0,1477061526
14,12,1,100.0,0.618667,0.0,0.0,-0.813737,0.005859375,0.0029296875,7.912831279099919e-09,1.2513041677269902e-09,1685,SKQD,2,0.00048828125,1.060841814091003e-09,115.33333333333333,0.028157552083333332,True,max_iterations;max_iterations;max_iterations,0.05,300.0,1477061526
14,12,1,100.0,0.618667,0.0,0.0,-0.813737,0.005859375,0.0029296875,7.912831279099919e-09,1.2513041677269902e-09,1685,SKQD,3,0.000732421875,4.22561047674628e-06,115.33333333333333,0.028157552083333332,True,max_iterations;max_iterations;max_iterations,0.05,300.0,1477061526
14,12,1,100.0,0.618667,0.0,0.0,-0.813737,0.005859375,0.0029296875,7.912831279099919e-09,1.2513041677269902e-09,1685,SKQD,4,0.0009765625,9.878440629095725e-06,115.33333333333333,0.028157552083333332,True,max_iterations;max_iterations;max_iterations,0.05,300.0,1477061526
14,12,1,100.0,0.618667,0.0,0.0,-0.813737,0.005859375,0.0029296875,7.912831279099919e-09,1.2513041677269902e-09,1685,SKQD,5,0.001220703125,7.333255423534902e-06,115.33333333333333,0.028157552083333332,True,max_iterations;max_iterations;max_iterations,0.05,300.0,1477061526
14,12,1,100.0,0.618667,0.0,0.0,-0.813737,0.005859375,0.0029296875,7.912831279099919e-09,1.2513041677269902e-09,1685,SKQD,6,0.00146484375,6.915090740693644e-06,115.33333333333333,0.028157552083333332,True,max_iterations;max_iterations;max_iterations,0.05,300.0,1477061526
14,12,1,100.0,0.618667,0.0,0.0,-0.813737,0.005859375,0.0029296875,7.912831279099919e-09,1.2513041677269902e-09,1685,SKQD,8,0.001953125,4.8737862123702705e-06,115.33333333333333,0.028157552083333332,True,max_iterations;max_iterations;max_iterations,0.05,300.0,1477061526
14,12,1,100.0,0.618667,0.0,0.0,-0.813737,0.005859375,0.0029296875,7.912831279099919e-09,1.2513041677269902e-09,1685,SKQD,11,0.002685546875,4.790257906411223e-06,115.33333333333333,0.028157552083333332,True,max_iterations;max_iterations;max_iterations,0.05,300.0,1477061526
14,12,1,100.0,0.618667,0.0,0.0,-0.813737,0.005859375,0.0029296875,7.912831279099919e-09,1.2513041677269902e-09,1685,SKQD,14,0.00341796875,2.523641010900974e-05,115.33333333333333,0.028157552083333332,True,max_iterations;max_iterations;max_iterations,0.05,300.0,1477061526
14,12,1,100.0,0.618667,0.0,0.0,-0.813737,0.005859375,0.0029296875,7.912831279099919e-09,1.2513041677269902e-09,1685,SKQD,18,0.00439453125,2.106611803148791e-05,115.33333333333333,0.028157552083333332,True,max_iterations;max_iterations;max_iterations,0.05,300.0,1477061526
14,12,1,100.0,0.618667,0.0,0.0,-0.813737,0.005859375,0.0029296875,7.912831279099919e-09,1.2513041677269902e-09,1685,SKQD,23,0.005615234375,6.7755264082948215e-06,115.33333333333333,0.028157552083333332,True,max_iterations;max_iterations;max_iterations,0.05,300.0,1477061526
14,12,1,100.0,0.618667,0.0,0.0,-0.813737,0.005859375,0.0029296875,7.912831279099919e-09,1.2513041677269902e-09,1685,SKQD,31,0.007568359375,1.2841590773832552e-05,115.33333333333333,0.028157552083333332,True,max_iterations;max_iterations;max_iterations,0.05,300.0,1477061526
14,12,1,100.0,0.618667,0.0,0.0,-0.813737,0.005859375,0.0029296875,7.912831279099919e-09,1.2513041677269902e-09,1685,SKQD,40,0.009765625,1.4466679516472415e-05,115.33333333333333,0.028157552083333332,True,max_iterations;max_iterations;max_iterations,0.05,300.0,1477061526
14,12,1,100.0,0.618667,0.0,0.0,-0.813737,0.005859375,0.0029296875,7.912831279099919e-09,1.2513041677269902e-09,1685,SKQD,52,0.0126953125,0.1666735110176889,115.33333333333333,0.028157552083333332,True,max_iterations;max_iterations;max_iterations,0.05,300.0,1477061526
14,12,1,100.0,0.618667,0.0,0.0,-0.813737,0.005859375,0.0029296875,7.912831279099919e-09,1.2513041677269902e-09,1685,SKQD,67,0.016357421875,0.33332895639329263,115.33333333333333,0.028157552083333332,True,max_iterations;max_iterations;max_iterations,0.05,300.0,1477061526
14,12,1,100.0,0.618667,0.0,0.0,-0.813737,0.005859375,0.0029296875,7.912831279099919e-09,1.2513041677269902e-09,1685,SKQD,87,0.021240234375,0.5000093759005239,115.33333333333333,0.028157552083333332,True,max_iterations;max_iterations;max_iterations,0.05,300.0,1477061526
14,12,1,100.0,0.618667,0.0,0.0,-0.813737,0.005859375,0.0029296875,7.912831279099919e-09,1.2513041677269902e-09,1685,SKQD,114,0.02783203125,0.5000468693351882,115.33333333333333,0.028157552083333332,True,max_iterations;max_iterations;max_iterations,0.05,300.0,1477061526
14,12,1,100.0,0.618667,0.0,0.0,-0.813737,0.005859375,0.0029296875,7.912831279099919e-09,1.2513041677269902e-09,1685,SKQD,148,0.0361328125,0.5000468693351984,115.33333333333333,0.028157552083333332,True,max_iterations;max_iterations;max_iterations,0.05,300.0,1477061526
14,12,1,100.0,0.618667,0.0,0.0,-0.813737,0.005859375,0.0029296875,7.912831279099919e-09,1.2513041677269902e-09,1685,SKQD,192,0.046875,0.5000468693351984,115.33333333333333,0.028157552083333332,True,max_iterations;max_iterations;max_iterations,0.05,300.0,1477061526
14,12,1,100.0,0.618667,0.0,0.0,-0.813737,0.005859375,0.0029296875,7.912831279099919e-09,1.2513041677269902e-09,1685,SKQD,250,0.06103515625,0.5000468693351984,115.33333333333333,0.028157552083333332,True,max_iterations;max_iterations;max_iterations,0.05,300.0,1477061526
14,12,1,100.0,0.618667,0.0,0.0,-0.813737,0.005859375,0.0029296875,7.912831279099919e-09,1.2513041677269902e-09,1685,SKQD,325,0.079345703125,0.5000468693351984,115.33333333333333,0.028157552083333332,True,max_iterations;max_iterations;max_iterations,0.05,300.0,1477061526
14,12,1,100.0,0.618667,0.0,0.0,-0.813737,0.005859375,0.0029296875,7.912831279099919e-09,1.2513041677269902e-09,1685,SKQD,423,0.103271484375,0.5000468693351984,115.33333333333333,0.028157552083333332,True,max_iterations;max_iterations;max_iterations,0.05,300.0,1477061526
14,12,1,100.0,0.618667,0.0,0.0,-0.813737,0.005859375,0.0029296875,7.912831279099919e-09,1.2513041677269902e-09,1685,SKQD,550,0.13427734375,0.5000468693351984,115.33333333333333,0.028157552083333332,True,max_iterations;max_iterations;max_iterations,0.05,300.0,1477061526
14,12,1,100.0,0.618667,0.0,0.0,-0.813737,0.005859375,0.0029296875,7.912831279099919e-09,1.2513041677269902e-09,1685,SKQD,715,0.174560546875,0.5000468693351984,115.33333333333333,0.028157552083333332,True,max_iterations;max_iterations;max_iterations,0.05,300.0,1477061526
14,12,1,100.0,0.618667,0.0,0.0,-0.813737,0.005859375,0.0029296875,7.912831279099919e-09,1.2513041677269902e-09,1685,SKQD,931,0.227294921875,0.5000468693351984,115.33333333333333,0.028157552083333332,True,max_iterations;max_iterations;max_iterations,0.05,300.0,1477061526
14,12,1,100.0,0.618667,0.0,0.0,-0.813737,0.005859375,0.0029296875,7.912831279099919e-09,1.2513041677269902e-09,1685,SKQD,1210,0.29541015625,0.5000468693351984,115.33333333333333,0.028157552083333332,True,max_iterations;max_iterations;max_iterations,0.05,300.0,1477061526
14,12,1,100.0,0.618667,0.0,0.0,-0.813737,0.005859375,0.0029296875,7.912831279099919e-09,1.2513041677269902e-09,1685,SKQD,1575,0.384521484375,0.5000468693351984,115.33333333333333,0.028157552083333332,True,max_iterations;max_iterations;max_iterations,0.05,300.0,1477061526
14,12,1,100.0,0.618667,0.0,0.0,-0.813737,0.005859375,0.0029296875,7.912831279099919e-09,1.2513041677269902e-09,1685,SKQD,2048,0.5,0.5000468693351984,115.33333333333333,0.028157552083333332,True,max_iterations;max_iterations;max_iterations,0.05,300.0,1477061526
14,12,1,100.0,0.618667,0.0,0.0,-0.813737,0.005859375,0.0029296875,7.912831279099919e-09,1.2513041677269902e-09,1685,Ceiling,1,0.000244140625,0.49988437800064534,2048.0,0.5,False,,,,1477061526
14,12,1,100.0,0.618667,0.0,0.0,-0.813737,0.005859375,0.0029296875,7.912831279099919e-09,1.2513041677269902e-09,1685,Ceiling,2,0.00048828125,0.9995750886286696,2048.0,0.5,False,,,,1477061526
14,12,1,100.0,0.618667,0.0,0.0,-0.813737,0.005859375,0.0029296875,7.912831279099919e-09,1.2513041677269902e-09,1685,Ceiling,3,0.000732421875,0.9996250720757404,2048.0,0.5,False,,,,1477061526
14,12,1,100.0,0.618667,0.0,0.0,-0.813737,0.005859375,0.0029296875,7.912831279099919e-09,1.2513041677269902e-09,1685,Ceiling,4,0.0009765625,0.9996750555228111,2048.0,0.5,False,,,,1477061526
14,12,1,100.0,0.618667,0.0,0.0,-0.813737,0.005859375,0.0029296875,7.912831279099919e-09,1.2513041677269902e-09,1685,Ceiling,5,0.001220703125,0.9997250196050812,2048.0,0.5,False,,,,1477061526
14,12,1,100.0,0.618667,0.0,0.0,-0.813737,0.005859375,0.0029296875,7.912831279099919e-09,1.2513041677269902e-09,1685,Ceiling,6,0.00146484375,0.9997749836873513,2048.0,0.5,False,,,,1477061526
14,12,1,100.0,0.618667,0.0,0.0,-0.813737,0.005859375,0.0029296875,7.912831279099919e-09,1.2513041677269902e-09,1685,Ceiling,8,0.001953125,0.9997999804094193,2048.0,0.5,False,,,,1477061526
14,12,1,100.0,0.618667,0.0,0.0,-0.813737,0.005859375,0.0029296875,7.912831279099919e-09,1.2513041677269902e-09,1685,Ceiling,11,0.002685546875,0.999837469867597,2048.0,0.5,False,,,,1477061526
14,12,1,100.0,0.618667,0.0,0.0,-0.813737,0.005859375,0.0029296875,7.912831279099919e-09,1.2513041677269902e-09,1685,Ceiling,14,0.00341796875,0.9998749580715209,2048.0,0.5,False,,,,1477061526
14,12,1,100.0,0.618667,0.0,0.0,-0.813737,0.005859375,0.0029296875,7.912831279099919e-09,1.2513041677269902e-09,1685,Ceiling,18,0.00439453125,0.9999249319896918,2048.0,0.5,False,,,,1477061526
14,12,1,100.0,0.618667,0.0,0.0,-0.813737,0.005859375,0.0029296875,7.912831279099919e-09,1.2513041677269902e-09,1685,Ceiling,23,0.005615234375,0.9999873889582783,2048.0,0.5,False,,,,1477061526
14,12,1,100.0,0.618667,0.0,0.0,-0.813737,0.005859375,0.0029296875,7.912831279099919e-09,1.2513041677269902e-09,1685,Ceiling,31,0.007568359375,0.9999999355958388,2048.0,0.5,False,,,,1477061526
14,12,1,100.0,0.618667,0.0,0.0,-0.813737,0.005859375,0.0029296875,7.912831279099919e-09,1.2513041677269902e-09,1685,Ceiling,40,0.009765625,0.9999999468505009,2048.0,0.5,False,,,,1477061526
14,12,1,100.0,0.618667,0.0,0.0,-0.813737,0.005859375,0.0029296875,7.912831279099919e-09,1.2513041677269902e-09,1685,Ceiling,52,0.0126953125,0.9999999618464089,2048.0,0.5,False,,,,1477061526
14,12,1,100.0,0.618667,0.0,0.0,-0.813737,0.005859375,0.0029296875,7.912831279099919e-09,1.2513041677269902e-09,1685,Ceiling,67,0.016357421875,0.9999999805847188,2048.0,0.5,False,,,,1477061526
14,12,1,100.0,0.618667,0.0,0.0,-0.813737,0.005859375,0.0029296875,7.912831279099919e-09,1.2513041677269902e-09,1685,Ceiling,87,0.021240234375,0.9999999915163607,2048.0,0.5,False,,,,1477061526
14,12,1,100.0,0.618667,0.0,0.0,-0.813737,0.005859375,0.0029296875,7.912831279099919e-09,1.2513041677269902e-09,1685,Ceiling,114,0.02783203125,0.9999999999484355,2048.0,0.5,False,,,,1477061526
14,12,1,100.0,0.618667,0.0,0.0,-0.813737,0.005859375,0.0029296875,7.912831279099919e-09,1.2513041677269902e-09,1685,Ceiling,148,0.0361328125,0.9999999999940936,2048.0,0.5,False,,,,1477061526
14,12,1,100.0,0.618667,0.0,0.0,-0.813737,0.005859375,0.0029296875,7.912831279099919e-09,1.2513041677269902e-09,1685,Ceiling,192,0.046875,0.9999999999980445,2048.0,0.5,False,,,,1477061526
14,12,1,100.0,0.618667,0.0,0.0,-0.813737,0.005859375,0.0029296875,7.912831279099919e-09,1.2513041677269902e-09,1685,Ceiling,250,0.06103515625,0.9999999999997606,2048.0,0.5,False,,,,1477061526
14,12,1,100.0,0.618667,0.0,0.0,-0.813737,0.005859375,0.0029296875,7.912831279099919e-09,1.2513041677269902e-09,1685,Ceiling,325,0.079345703125,0.9999999999999956,2048.0,0.5,False,,,,1477061526
14,12,1,100.0,0.618667,0.0,0.0,-0.813737,0.005859375,0.0029296875,7.912831279099919e-09,1.2513041677269902e-09,1685,Ceiling,423,0.103271484375,0.9999999999999956,2048.0,0.5,False,,,,1477061526
14,12,1,100.0,0.618667,0.0,0.0,-0.813737,0.005859375,0.0029296875,7.912831279099919e-09,1.2513041677269902e-09,1685,Ceiling,550,0.13427734375,0.9999999999999956,2048.0,0.5,False,,,,1477061526
14,12,1,100.0,0.618667,0.0,0.0,-0.813737,0.005859375,0.0029296875,7.912831279099919e-09,1.2513041677269902e-09,1685,Ceiling,715,0.174560546875,0.9999999999999956,2048.0,0.5,False,,,,1477061526
14,12,1,100.0,0.618667,0.0,0.0,-0.813737,0.005859375,0.0029296875,7.912831279099919e-09,1.2513041677269902e-09,1685,Ceiling,931,0.227294921875,0.9999999999999956,2048.0,0.5,False,,,,1477061526
14,12,1,100.0,0.618667,0.0,0.0,-0.813737,0.005859375,0.0029296875,7.912831279099919e-09,1.2513041677269902e-09,1685,Ceiling,1210,0.29541015625,0.9999999999999956,2048.0,0.5,False,,,,1477061526
14,12,1,100.0,0.618667,0.0,0.0,-0.813737,0.005859375,0.0029296875,7.912831279099919e-09,1.2513041677269902e-09,1685,Ceiling,1575,0.384521484375,0.9999999999999956,2048.0,0.5,False,,,,1477061526
14,12,1,100.0,0.618667,0.0,0.0,-0.813737,0.005859375,0.0029296875,7.912831279099919e-09,1.2513041677269902e-09,1685,Ceiling,2048,0.5,0.9999999999999956,2048.0,0.5,False,,,,1477061526
8,12,2,100.0,0.039924,0.0,0.0,-0.550025,0.0087890625,0.00439453125,6.222933279786957e-11,2.2235386919364862e-11,2954,BARK,1,0.000244140625,2.2235386919364862e-11,924.0,0.2255859375,True,sector,,,2019415387
8,12,2,100.0,0.039924,0.0,0.0,-0.550025,0.0087890625,0.00439453125,6.222933279786957e-11,2.2235386919364862e-11,2954,BARK,2,0.00048828125,5.558291774643915e-06,924.0,0.2255859375,True,sector,,,2019415387
8,12,2,100.0,0.039924,0.0,0.0,-0.550025,0.0087890625,0.00439453125,6.222933279786957e-11,2.2235386919364862e-11,2954,BARK,3,0.000732421875,0.5002571127844733,924.0,0.2255859375,True,sector,,,2019415387
8,12,2,100.0,0.039924,0.0,0.0,-0.550025,0.0087890625,0.00439453125,6.222933279786957e-11,2.2235386919364862e-11,2954,BARK,4,0.0009765625,0.5002626710540107,924.0,0.2255859375,True,sector,,,2019415387
8,12,2,100.0,0.039924,0.0,0.0,-0.550025,0.0087890625,0.00439453125,6.222933279786957e-11,2.2235386919364862e-11,2954,BARK,5,0.001220703125,0.500262671115776,924.0,0.2255859375,True,sector,,,2019415387
8,12,2,100.0,0.039924,0.0,0.0,-0.550025,0.0087890625,0.00439453125,6.222933279786957e-11,2.2235386919364862e-11,2954,BARK,6,0.00146484375,0.5002626711157792,924.0,0.2255859375,True,sector,,,2019415387
8,12,2,100.0,0.039924,0.0,0.0,-0.550025,0.0087890625,0.00439453125,6.222933279786957e-11,2.2235386919364862e-11,2954,BARK,8,0.001953125,0.5002682297714216,924.0,0.2255859375,True,sector,,,2019415387
8,12,2,100.0,0.039924,0.0,0.0,-0.550025,0.0087890625,0.00439453125,6.222933279786957e-11,2.2235386919364862e-11,2954,BARK,11,0.002685546875,0.5002682300208131,924.0,0.2255859375,True,sector,,,2019415387
8,12,2,100.0,0.039924,0.0,0.0,-0.550025,0.0087890625,0.00439453125,6.222933279786957e-11,2.2235386919364862e-11,2954,BARK,14,0.00341796875,0.5002737886278738,924.0,0.2255859375,True,sector,,,2019415387
8,12,2,100.0,0.039924,0.0,0.0,-0.550025,0.0087890625,0.00439453125,6.222933279786957e-11,2.2235386919364862e-11,2954,BARK,18,0.00439453125,0.5002757898065175,924.0,0.2255859375,True,sector,,,2019415387
8,12,2,100.0,0.039924,0.0,0.0,-0.550025,0.0087890625,0.00439453125,6.222933279786957e-11,2.2235386919364862e-11,2954,BARK,23,0.005615234375,0.5002789164851386,924.0,0.2255859375,True,sector,,,2019415387
8,12,2,100.0,0.039924,0.0,0.0,-0.550025,0.0087890625,0.00439453125,6.222933279786957e-11,2.2235386919364862e-11,2954,BARK,31,0.007568359375,0.5002809177256275,924.0,0.2255859375,True,sector,,,2019415387
8,12,2,100.0,0.039924,0.0,0.0,-0.550025,0.0087890625,0.00439453125,6.222933279786957e-11,2.2235386919364862e-11,2954,BARK,40,0.009765625,0.5002864762338802,924.0,0.2255859375,True,sector,,,2019415387
8,12,2,100.0,0.039924,0.0,0.0,-0.550025,0.0087890625,0.00439453125,6.222933279786957e-11,2.2235386919364862e-11,2954,BARK,52,0.0126953125,0.5002864762463907,924.0,0.2255859375,True,sector,,,2019415387
8,12,2,100.0,0.039924,0.0,0.0,-0.550025,0.0087890625,0.00439453125,6.222933279786957e-11,2.2235386919364862e-11,2954,BARK,67,0.016357421875,0.5002920347784542,924.0,0.2255859375,True,sector,,,2019415387
8,12,2,100.0,0.039924,0.0,0.0,-0.550025,0.0087890625,0.00439453125,6.222933279786957e-11,2.2235386919364862e-11,2954,BARK,87,0.021240234375,0.5002920348006991,924.0,0.2255859375,True,sector,,,2019415387
8,12,2,100.0,0.039924,0.0,0.0,-0.550025,0.0087890625,0.00439453125,6.222933279786957e-11,2.2235386919364862e-11,2954,BARK,114,0.02783203125,0.5002975936363142,924.0,0.2255859375,True,sector,,,2019415387
8,12,2,100.0,0.039924,0.0,0.0,-0.550025,0.0087890625,0.00439453125,6.222933279786957e-11,2.2235386919364862e-11,2954,BARK,148,0.0361328125,0.5003027219484677,924.0,0.2255859375,True,sector,,,2019415387
8,12,2,100.0,0.039924,0.0,0.0,-0.550025,0.0087890625,0.00439453125,6.222933279786957e-11,2.2235386919364862e-11,2954,BARK,192,0.046875,0.5003116714664521,924.0,0.2255859375,True,sector,,,2019415387
8,12,2,100.0,0.039924,0.0,0.0,-0.550025,0.0087890625,0.00439453125,6.222933279786957e-11,2.2235386919364862e-11,2954,BARK,250,0.06103515625,0.500313673331216,924.0,0.2255859375,True,sector,,,2019415387
8,12,2,100.0,0.039924,0.0,0.0,-0.550025,0.0087890625,0.00439453125,6.222933279786957e-11,2.2235386919364862e-11,2954,BARK,325,0.079345703125,0.5003156749198444,924.0,0.2255859375,True,sector,,,2019415387
8,12,2,100.0,0.039924,0.0,0.0,-0.550025,0.0087890625,0.00439453125,6.222933279786957e-11,2.2235386919364862e-11,2954,BARK,423,0.103271484375,0.5003156750705999,924.0,0.2255859375,True,sector,,,2019415387
8,12,2,100.0,0.039924,0.0,0.0,-0.550025,0.0087890625,0.00439453125,6.222933279786957e-11,2.2235386919364862e-11,2954,BARK,550,0.13427734375,0.5003156862264221,924.0,0.2255859375,True,sector,,,2019415387
8,12,2,100.0,0.039924,0.0,0.0,-0.550025,0.0087890625,0.00439453125,6.222933279786957e-11,2.2235386919364862e-11,2954,BARK,715,0.174560546875,0.5003157161735662,924.0,0.2255859375,True,sector,,,2019415387
8,12,2,100.0,0.039924,0.0,0.0,-0.550025,0.0087890625,0.00439453125,6.222933279786957e-11,2.2235386919364862e-11,2954,BARK,931,0.227294921875,0.5003191211299007,924.0,0.2255859375,True,sector,,,2019415387
8,12,2,100.0,0.039924,0.0,0.0,-0.550025,0.0087890625,0.00439453125,6.222933279786957e-11,2.2235386919364862e-11,2954,BARK,1210,0.29541015625,0.5003191211299007,924.0,0.2255859375,True,sector,,,2019415387
8,12,2,100.0,0.039924,0.0,0.0,-0.550025,0.0087890625,0.00439453125,6.222933279786957e-11,2.2235386919364862e-11,2954,BARK,1575,0.384521484375,0.5003191211299007,924.0,0.2255859375,True,sector,,,2019415387
8,12,2,100.0,0.039924,0.0,0.0,-0.550025,0.0087890625,0.00439453125,6.222933279786957e-11,2.2235386919364862e-11,2954,BARK,2048,0.5,0.5003191211299007,924.0,0.2255859375,True,sector,,,2019415387
8,12,2,100.0,0.039924,0.0,0.0,-0.550025,0.0087890625,0.00439453125,6.222933279786957e-11,2.2235386919364862e-11,2954,Simplified BARK,1,0.000244140625,2.2235386919364862e-11,924.0,0.2255859375,True,sector,,,2019415387
8,12,2,100.0,0.039924,0.0,0.0,-0.550025,0.0087890625,0.00439453125,6.222933279786957e-11,2.2235386919364862e-11,2954,Simplified BARK,2,0.00048828125,2.0321382030780008e-14,924.0,0.2255859375,True,sector,,,2019415387
8,12,2,100.0,0.039924,0.0,0.0,-0.550025,0.0087890625,0.00439453125,6.222933279786957e-11,2.2235386919364862e-11,2954,Simplified BARK,3,0.000732421875,6.177615384095163e-11,924.0,0.2255859375,True,sector,,,2019415387
8,12,2,100.0,0.039924,0.0,0.0,-0.550025,0.0087890625,0.00439453125,6.222933279786957e-11,2.2235386919364862e-11,2954,Simplified BARK,4,0.0009765625,6.178497288733527e-11,924.0,0.2255859375,True,sector,,,2019415387
8,12,2,100.0,0.039924,0.0,0.0,-0.550025,0.0087890625,0.00439453125,6.222933279786957e-11,2.2235386919364862e-11,2954,Simplified BARK,5,0.001220703125,6.178867815237896e-11,924.0,0.2255859375,True,sector,,,2019415387
8,12,2,100.0,0.039924,0.0,0.0,-0.550025,0.0087890625,0.00439453125,6.222933279786957e-11,2.2235386919364862e-11,2954,Simplified BARK,6,0.00146484375,6.178867825643595e-11,924.0,0.2255859375,True,sector,,,2019415387
8,12,2,100.0,0.039924,0.0,0.0,-0.550025,0.0087890625,0.00439453125,6.222933279786957e-11,2.2235386919364862e-11,2954,Simplified BARK,8,0.001953125,6.178867825643824e-11,924.0,0.2255859375,True,sector,,,2019415387
8,12,2,100.0,0.039924,0.0,0.0,-0.550025,0.0087890625,0.00439453125,6.222933279786957e-11,2.2235386919364862e-11,2954,Simplified BARK,11,0.002685546875,6.178867825643824e-11,924.0,0.2255859375,True,sector,,,2019415387
8,12,2,100.0,0.039924,0.0,0.0,-0.550025,0.0087890625,0.00439453125,6.222933279786957e-11,2.2235386919364862e-11,2954,Simplified BARK,14,0.00341796875,6.17886782564387e-11,924.0,0.2255859375,True,sector,,,2019415387
8,12,2,100.0,0.039924,0.0,0.0,-0.550025,0.0087890625,0.00439453125,6.222933279786957e-11,2.2235386919364862e-11,2954,Simplified BARK,18,0.00439453125,6.17886782564463e-11,924.0,0.2255859375,True,sector,,,2019415387
8,12,2,100.0,0.039924,0.0,0.0,-0.550025,0.0087890625,0.00439453125,6.222933279786957e-11,2.2235386919364862e-11,2954,Simplified BARK,23,0.005615234375,6.178867825644829e-11,924.0,0.2255859375,True,sector,,,2019415387
8,12,2,100.0,0.039924,0.0,0.0,-0.550025,0.0087890625,0.00439453125,6.222933279786957e-11,2.2235386919364862e-11,2954,Simplified BARK,31,0.007568359375,6.178867885333189e-11,924.0,0.2255859375,True,sector,,,2019415387
8,12,2,100.0,0.039924,0.0,0.0,-0.550025,0.0087890625,0.00439453125,6.222933279786957e-11,2.2235386919364862e-11,2954,Simplified BARK,40,0.009765625,6.178867892943584e-11,924.0,0.2255859375,True,sector,,,2019415387
8,12,2,100.0,0.039924,0.0,0.0,-0.550025,0.0087890625,0.00439453125,6.222933279786957e-11,2.2235386919364862e-11,2954,Simplified BARK,52,0.0126953125,1.977470542536081e-11,924.0,0.2255859375,True,sector,,,2019415387
8,12,2,100.0,0.039924,0.0,0.0,-0.550025,0.0087890625,0.00439453125,6.222933279786957e-11,2.2235386919364862e-11,2954,Simplified BARK,67,0.016357421875,1.2442402366283836e-14,924.0,0.2255859375,True,sector,,,2019415387
8,12,2,100.0,0.039924,0.0,0.0,-0.550025,0.0087890625,0.00439453125,6.222933279786957e-11,2.2235386919364862e-11,2954,Simplified BARK,87,0.021240234375,1.0035075349906436e-06,924.0,0.2255859375,True,sector,,,2019415387
8,12,2,100.0,0.039924,0.0,0.0,-0.550025,0.0087890625,0.00439453125,6.222933279786957e-11,2.2235386919364862e-11,2954,Simplified BARK,114,0.02783203125,2.6648311298113592e-21,924.0,0.2255859375,True,sector,,,2019415387
8,12,2,100.0,0.039924,0.0,0.0,-0.550025,0.0087890625,0.00439453125,6.222933279786957e-11,2.2235386919364862e-11,2954,Simplified BARK,148,0.0361328125,5.5586802739039685e-06,924.0,0.2255859375,True,sector,,,2019415387
8,12,2,100.0,0.039924,0.0,0.0,-0.550025,0.0087890625,0.00439453125,6.222933279786957e-11,2.2235386919364862e-11,2954,Simplified BARK,192,0.046875,5.558680338840617e-06,924.0,0.2255859375,True,sector,,,2019415387
8,12,2,100.0,0.039924,0.0,0.0,-0.550025,0.0087890625,0.00439453125,6.222933279786957e-11,2.2235386919364862e-11,2954,Simplified BARK,250,0.06103515625,5.561880404058842e-06,924.0,0.2255859375,True,sector,,,2019415387
8,12,2,100.0,0.039924,0.0,0.0,-0.550025,0.0087890625,0.00439453125,6.222933279786957e-11,2.2235386919364862e-11,2954,Simplified BARK,325,0.079345703125,0.49966367078813084,924.0,0.2255859375,True,sector,,,2019415387
8,12,2,100.0,0.039924,0.0,0.0,-0.550025,0.0087890625,0.00439453125,6.222933279786957e-11,2.2235386919364862e-11,2954,Simplified BARK,423,0.103271484375,0.49967122167790595,924.0,0.2255859375,True,sector,,,2019415387
8,12,2,100.0,0.039924,0.0,0.0,-0.550025,0.0087890625,0.00439453125,6.222933279786957e-11,2.2235386919364862e-11,2954,Simplified BARK,550,0.13427734375,0.4996732207451577,924.0,0.2255859375,True,sector,,,2019415387
8,12,2,100.0,0.039924,0.0,0.0,-0.550025,0.0087890625,0.00439453125,6.222933279786957e-11,2.2235386919364862e-11,2954,Simplified BARK,715,0.174560546875,0.4996754611257317,924.0,0.2255859375,True,sector,,,2019415387
8,12,2,100.0,0.039924,0.0,0.0,-0.550025,0.0087890625,0.00439453125,6.222933279786957e-11,2.2235386919364862e-11,2954,Simplified BARK,931,0.227294921875,0.4996864835700705,924.0,0.2255859375,True,sector,,,2019415387
8,12,2,100.0,0.039924,0.0,0.0,-0.550025,0.0087890625,0.00439453125,6.222933279786957e-11,2.2235386919364862e-11,2954,Simplified BARK,1210,0.29541015625,0.4996864835700705,924.0,0.2255859375,True,sector,,,2019415387
8,12,2,100.0,0.039924,0.0,0.0,-0.550025,0.0087890625,0.00439453125,6.222933279786957e-11,2.2235386919364862e-11,2954,Simplified BARK,1575,0.384521484375,0.4996864835700705,924.0,0.2255859375,True,sector,,,2019415387
8,12,2,100.0,0.039924,0.0,0.0,-0.550025,0.0087890625,0.00439453125,6.222933279786957e-11,2.2235386919364862e-11,2954,Simplified BARK,2048,0.5,0.4996864835700705,924.0,0.2255859375,True,sector,,,2019415387
8,12,2,100.0,0.039924,0.0,0.0,-0.550025,0.0087890625,0.00439453125,6.222933279786957e-11,2.2235386919364862e-11,2954,SKQD,1,0.000244140625,2.2235386919364865e-11,479.0,0.116943359375,True,max_iterations;max_iterations;max_iterations,0.5,1000.0,2019415387
8,12,2,100.0,0.039924,0.0,0.0,-0.550025,0.0087890625,0.00439453125,6.222933279786957e-11,2.2235386919364862e-11,2954,SKQD,2,0.00048828125,2.2235386919364865e-11,479.0,0.116943359375,True,max_iterations;max_iterations;max_iterations,0.5,1000.0,2019415387
8,12,2,100.0,0.039924,0.0,0.0,-0.550025,0.0087890625,0.00439453125,6.222933279786957e-11,2.2235386919364862e-11,2954,SKQD,3,0.000732421875,1.4829842124829656e-11,479.0,0.116943359375,True,max_iterations;max_iterations;max_iterations,0.5,1000.0,2019415387
8,12,2,100.0,0.039924,0.0,0.0,-0.550025,0.0087890625,0.00439453125,6.222933279786957e-11,2.2235386919364862e-11,2954,SKQD,4,0.0009765625,7.424298719914096e-12,479.0,0.116943359375,True,max_iterations;max_iterations;max_iterations,0.5,1000.0,2019415387
8,12,2,100.0,0.039924,0.0,0.0,-0.550025,0.0087890625,0.00439453125,6.222933279786957e-11,2.2235386919364862e-11,2954,SKQD,5,0.001220703125,7.430754660751441e-12,479.0,0.116943359375,True,max_iterations;max_iterations;max_iterations,0.5,1000.0,2019415387
8,12,2,100.0,0.039924,0.0,0.0,-0.550025,0.0087890625,0.00439453125,6.222933279786957e-11,2.2235386919364862e-11,2954,SKQD,6,0.00146484375,6.670324593937173e-07,479.0,0.116943359375,True,max_iterations;max_iterations;max_iterations,0.5,1000.0,2019415387
8,12,2,100.0,0.039924,0.0,0.0,-0.550025,0.0087890625,0.00439453125,6.222933279786957e-11,2.2235386919364862e-11,2954,SKQD,8,0.001953125,1.3340722909232684e-06,479.0,0.116943359375,True,max_iterations;max_iterations;max_iterations,0.5,1000.0,2019415387
8,12,2,100.0,0.039924,0.0,0.0,-0.550025,0.0087890625,0.00439453125,6.222933279786957e-11,2.2235386919364862e-11,2954,SKQD,11,0.002685546875,1.3340722778020705e-06,479.0,0.116943359375,True,max_iterations;max_iterations;max_iterations,0.5,1000.0,2019415387
8,12,2,100.0,0.039924,0.0,0.0,-0.550025,0.0087890625,0.00439453125,6.222933279786957e-11,2.2235386919364862e-11,2954,SKQD,14,0.00341796875,1.3340834006704617e-06,479.0,0.116943359375,True,max_iterations;max_iterations;max_iterations,0.5,1000.0,2019415387
8,12,2,100.0,0.039924,0.0,0.0,-0.550025,0.0087890625,0.00439453125,6.222933279786957e-11,2.2235386919364862e-11,2954,SKQD,18,0.00439453125,1.3341056407696954e-06,479.0,0.116943359375,True,max_iterations;max_iterations;max_iterations,0.5,1000.0,2019415387
8,12,2,100.0,0.039924,0.0,0.0,-0.550025,0.0087890625,0.00439453125,6.222933279786957e-11,2.2235386919364862e-11,2954,SKQD,23,0.005615234375,2.001169835625467e-06,479.0,0.116943359375,True,max_iterations;max_iterations;max_iterations,0.5,1000.0,2019415387
8,12,2,100.0,0.039924,0.0,0.0,-0.550025,0.0087890625,0.00439453125,6.222933279786957e-11,2.2235386919364862e-11,2954,SKQD,31,0.007568359375,2.00118571969273e-06,479.0,0.116943359375,True,max_iterations;max_iterations;max_iterations,0.5,1000.0,2019415387
8,12,2,100.0,0.039924,0.0,0.0,-0.550025,0.0087890625,0.00439453125,6.222933279786957e-11,2.2235386919364862e-11,2954,SKQD,40,0.009765625,3.186970023277046e-06,479.0,0.116943359375,True,max_iterations;max_iterations;max_iterations,0.5,1000.0,2019415387
8,12,2,100.0,0.039924,0.0,0.0,-0.550025,0.0087890625,0.00439453125,6.222933279786957e-11,2.2235386919364862e-11,2954,SKQD,52,0.0126953125,3.1869748116879525e-06,479.0,0.116943359375,True,max_iterations;max_iterations;max_iterations,0.5,1000.0,2019415387
8,12,2,100.0,0.039924,0.0,0.0,-0.550025,0.0087890625,0.00439453125,6.222933279786957e-11,2.2235386919364862e-11,2954,SKQD,67,0.016357421875,5.558460619674363e-06,479.0,0.116943359375,True,max_iterations;max_iterations;max_iterations,0.5,1000.0,2019415387
8,12,2,100.0,0.039924,0.0,0.0,-0.550025,0.0087890625,0.00439453125,6.222933279786957e-11,2.2235386919364862e-11,2954,SKQD,87,0.021240234375,5.558479152630539e-06,479.0,0.116943359375,True,max_iterations;max_iterations;max_iterations,0.5,1000.0,2019415387
8,12,2,100.0,0.039924,0.0,0.0,-0.550025,0.0087890625,0.00439453125,6.222933279786957e-11,2.2235386919364862e-11,2954,SKQD,114,0.02783203125,5.558501391265495e-06,479.0,0.116943359375,True,max_iterations;max_iterations;max_iterations,0.5,1000.0,2019415387
8,12,2,100.0,0.039924,0.0,0.0,-0.550025,0.0087890625,0.00439453125,6.222933279786957e-11,2.2235386919364862e-11,2954,SKQD,148,0.0361328125,5.55855249450127e-06,479.0,0.116943359375,True,max_iterations;max_iterations;max_iterations,0.5,1000.0,2019415387
8,12,2,100.0,0.039924,0.0,0.0,-0.550025,0.0087890625,0.00439453125,6.222933279786957e-11,2.2235386919364862e-11,2954,SKQD,192,0.046875,5.558574728652698e-06,479.0,0.116943359375,True,max_iterations;max_iterations;max_iterations,0.5,1000.0,2019415387
8,12,2,100.0,0.039924,0.0,0.0,-0.550025,0.0087890625,0.00439453125,6.222933279786957e-11,2.2235386919364862e-11,2954,SKQD,250,0.06103515625,5.558619204434564e-06,479.0,0.116943359375,True,max_iterations;max_iterations;max_iterations,0.5,1000.0,2019415387
8,12,2,100.0,0.039924,0.0,0.0,-0.550025,0.0087890625,0.00439453125,6.222933279786957e-11,2.2235386919364862e-11,2954,SKQD,325,0.079345703125,5.558920158901599e-06,479.0,0.116943359375,True,max_iterations;max_iterations;max_iterations,0.5,1000.0,2019415387
8,12,2,100.0,0.039924,0.0,0.0,-0.550025,0.0087890625,0.00439453125,6.222933279786957e-11,2.2235386919364862e-11,2954,SKQD,423,0.103271484375,5.5605039144155535e-06,479.0,0.116943359375,True,max_iterations;max_iterations;max_iterations,0.5,1000.0,2019415387
8,12,2,100.0,0.039924,0.0,0.0,-0.550025,0.0087890625,0.00439453125,6.222933279786957e-11,2.2235386919364862e-11,2954,SKQD,550,0.13427734375,9.030702640707073e-06,479.0,0.116943359375,True,max_iterations;max_iterations;max_iterations,0.5,1000.0,2019415387
8,12,2,100.0,0.039924,0.0,0.0,-0.550025,0.0087890625,0.00439453125,6.222933279786957e-11,2.2235386919364862e-11,2954,SKQD,715,0.174560546875,9.030702640707073e-06,479.0,0.116943359375,True,max_iterations;max_iterations;max_iterations,0.5,1000.0,2019415387
8,12,2,100.0,0.039924,0.0,0.0,-0.550025,0.0087890625,0.00439453125,6.222933279786957e-11,2.2235386919364862e-11,2954,SKQD,931,0.227294921875,9.030702640707073e-06,479.0,0.116943359375,True,max_iterations;max_iterations;max_iterations,0.5,1000.0,2019415387
8,12,2,100.0,0.039924,0.0,0.0,-0.550025,0.0087890625,0.00439453125,6.222933279786957e-11,2.2235386919364862e-11,2954,SKQD,1210,0.29541015625,9.030702640707073e-06,479.0,0.116943359375,True,max_iterations;max_iterations;max_iterations,0.5,1000.0,2019415387
8,12,2,100.0,0.039924,0.0,0.0,-0.550025,0.0087890625,0.00439453125,6.222933279786957e-11,2.2235386919364862e-11,2954,SKQD,1575,0.384521484375,9.030702640707073e-06,479.0,0.116943359375,True,max_iterations;max_iterations;max_iterations,0.5,1000.0,2019415387
8,12,2,100.0,0.039924,0.0,0.0,-0.550025,0.0087890625,0.00439453125,6.222933279786957e-11,2.2235386919364862e-11,2954,SKQD,2048,0.5,9.030702640707073e-06,479.0,0.116943359375,True,max_iterations;max_iterations;max_iterations,0.5,1000.0,2019415387
8,12,2,100.0,0.039924,0.0,0.0,-0.550025,0.0087890625,0.00439453125,6.222933279786957e-11,2.2235386919364862e-11,2954,Ceiling,1,0.000244140625,0.5002515544958263,2048.0,0.5,False,,,,2019415387
8,12,2,100.0,0.039924,0.0,0.0,-0.550025,0.0087890625,0.00439453125,6.222933279786957e-11,2.2235386919364862e-11,2954,Ceiling,2,0.00048828125,0.9998718392104129,2048.0,0.5,False,,,,2019415387
8,12,2,100.0,0.039924,0.0,0.0,-0.550025,0.0087890625,0.00439453125,6.222933279786957e-11,2.2235386919364862e-11,2954,Ceiling,3,0.000732421875,0.999877397560313,2048.0,0.5,False,,,,2019415387
8,12,2,100.0,0.039924,0.0,0.0,-0.550025,0.0087890625,0.00439453125,6.222933279786957e-11,2.2235386919364862e-11,2954,Ceiling,4,0.0009765625,0.9998829559102131,2048.0,0.5,False,,,,2019415387
8,12,2,100.0,0.039924,0.0,0.0,-0.550025,0.0087890625,0.00439453125,6.222933279786957e-11,2.2235386919364862e-11,2954,Ceiling,5,0.001220703125,0.9998885142601133,2048.0,0.5,False,,,,2019415387
8,12,2,100.0,0.039924,0.0,0.0,-0.550025,0.0087890625,0.00439453125,6.222933279786957e-11,2.2235386919364862e-11,2954,Ceiling,6,0.00146484375,0.9998940726100134,2048.0,0.5,False,,,,2019415387
8,12,2,100.0,0.039924,0.0,0.0,-0.550025,0.0087890625,0.00439453125,6.222933279786957e-11,2.2235386919364862e-11,2954,Ceiling,8,0.001953125,0.999905189149092,2048.0,0.5,False,,,,2019415387
8,12,2,100.0,0.039924,0.0,0.0,-0.550025,0.0087890625,0.00439453125,6.222933279786957e-11,2.2235386919364862e-11,2954,Ceiling,11,0.002685546875,0.9999218570239631,2048.0,0.5,False,,,,2019415387
8,12,2,100.0,0.039924,0.0,0.0,-0.550025,0.0087890625,0.00439453125,6.222933279786957e-11,2.2235386919364862e-11,2954,Ceiling,14,0.00341796875,0.9999385110313406,2048.0,0.5,False,,,,2019415387
8,12,2,100.0,0.039924,0.0,0.0,-0.550025,0.0087890625,0.00439453125,6.222933279786957e-11,2.2235386919364862e-11,2954,Ceiling,18,0.00439453125,0.9999607160534727,2048.0,0.5,False,,,,2019415387
8,12,2,100.0,0.039924,0.0,0.0,-0.550025,0.0087890625,0.00439453125,6.222933279786957e-11,2.2235386919364862e-11,2954,Ceiling,23,0.005615234375,0.9999752152493264,2048.0,0.5,False,,,,2019415387
8,12,2,100.0,0.039924,0.0,0.0,-0.550025,0.0087890625,0.00439453125,6.222933279786957e-11,2.2235386919364862e-11,2954,Ceiling,31,0.007568359375,0.9999912161844576,2048.0,0.5,False,,,,2019415387
8,12,2,100.0,0.039924,0.0,0.0,-0.550025,0.0087890625,0.00439453125,6.222933279786957e-11,2.2235386919364862e-11,2954,Ceiling,40,0.009765625,0.9999999906742324,2048.0,0.5,False,,,,2019415387
8,12,2,100.0,0.039924,0.0,0.0,-0.550025,0.0087890625,0.00439453125,6.222933279786957e-11,2.2235386919364862e-11,2954,Ceiling,52,0.0126953125,0.9999999932072975,2048.0,0.5,False,,,,2019415387
8,12,2,100.0,0.039924,0.0,0.0,-0.550025,0.0087890625,0.00439453125,6.222933279786957e-11,2.2235386919364862e-11,2954,Ceiling,67,0.016357421875,0.9999999946095202,2048.0,0.5,False,,,,2019415387
8,12,2,100.0,0.039924,0.0,0.0,-0.550025,0.0087890625,0.00439453125,6.222933279786957e-11,2.2235386919364862e-11,2954,Ceiling,87,0.021240234375,0.9999999958508888,2048.0,0.5,False,,,,2019415387
8,12,2,100.0,0.039924,0.0,0.0,-0.550025,0.0087890625,0.00439453125,6.222933279786957e-11,2.2235386919364862e-11,2954,Ceiling,114,0.02783203125,0.9999999972062253,2048.0,0.5,False,,,,2019415387
8,12,2,100.0,0.039924,0.0,0.0,-0.550025,0.0087890625,0.00439453125,6.222933279786957e-11,2.2235386919364862e-11,2954,Ceiling,148,0.0361328125,0.9999999983607503,2048.0,0.5,False,,,,2019415387
8,12,2,100.0,0.039924,0.0,0.0,-0.550025,0.0087890625,0.00439453125,6.222933279786957e-11,2.2235386919364862e-11,2954,Ceiling,192,0.046875,0.99999999936476,2048.0,0.5,False,,,,2019415387
8,12,2,100.0,0.039924,0.0,0.0,-0.550025,0.0087890625,0.00439453125,6.222933279786957e-11,2.2235386919364862e-11,2954,Ceiling,250,0.06103515625,0.9999999999993302,2048.0,0.5,False,,,,2019415387
8,12,2,100.0,0.039924,0.0,0.0,-0.550025,0.0087890625,0.00439453125,6.222933279786957e-11,2.2235386919364862e-11,2954,Ceiling,325,0.079345703125,0.9999999999998007,2048.0,0.5,False,,,,2019415387
8,12,2,100.0,0.039924,0.0,0.0,-0.550025,0.0087890625,0.00439453125,6.222933279786957e-11,2.2235386919364862e-11,2954,Ceiling,423,0.103271484375,0.9999999999999456,2048.0,0.5,False,,,,2019415387
8,12,2,100.0,0.039924,0.0,0.0,-0.550025,0.0087890625,0.00439453125,6.222933279786957e-11,2.2235386919364862e-11,2954,Ceiling,550,0.13427734375,0.9999999999999948,2048.0,0.5,False,,,,2019415387
8,12,2,100.0,0.039924,0.0,0.0,-0.550025,0.0087890625,0.00439453125,6.222933279786957e-11,2.2235386919364862e-11,2954,Ceiling,715,0.174560546875,0.9999999999999992,2048.0,0.5,False,,,,2019415387
8,12,2,100.0,0.039924,0.0,0.0,-0.550025,0.0087890625,0.00439453125,6.222933279786957e-11,2.2235386919364862e-11,2954,Ceiling,931,0.227294921875,0.9999999999999992,2048.0,0.5,False,,,,2019415387
8,12,2,100.0,0.039924,0.0,0.0,-0.550025,0.0087890625,0.00439453125,6.222933279786957e-11,2.2235386919364862e-11,2954,Ceiling,1210,0.29541015625,0.9999999999999992,2048.0,0.5,False,,,,2019415387
8,12,2,100.0,0.039924,0.0,0.0,-0.550025,0.0087890625,0.00439453125,6.222933279786957e-11,2.2235386919364862e-11,2954,Ceiling,1575,0.384521484375,0.9999999999999992,2048.0,0.5,False,,,,2019415387
8,12,2,100.0,0.039924,0.0,0.0,-0.550025,0.0087890625,0.00439453125,6.222933279786957e-11,2.2235386919364862e-11,2954,Ceiling,2048,0.5,0.9999999999999992,2048.0,0.5,False,,,,2019415387
8,12,2,100.0,0.039924,0.0,0.0,-0.550025,0.0087890625,0.00439453125,6.222933279786957e-11,2.2209556924189775e-11,1637,BARK,1,0.000244140625,2.2209556924189775e-11,924.0,0.2255859375,True,sector,,,2019415387
8,12,2,100.0,0.039924,0.0,0.0,-0.550025,0.0087890625,0.00439453125,6.222933279786957e-11,2.2209556924189775e-11,1637,BARK,2,0.00048828125,5.55135800210911e-06,924.0,0.2255859375,True,sector,,,2019415387
8,12,2,100.0,0.039924,0.0,0.0,-0.550025,0.0087890625,0.00439453125,6.222933279786957e-11,2.2209556924189775e-11,1637,BARK,3,0.000732421875,0.49962583606946415,924.0,0.2255859375,True,sector,,,2019415387
8,12,2,100.0,0.039924,0.0,0.0,-0.550025,0.0087890625,0.00439453125,6.222933279786957e-11,2.2209556924189775e-11,1637,BARK,4,0.0009765625,0.4996313873249941,924.0,0.2255859375,True,sector,,,2019415387
8,12,2,100.0,0.039924,0.0,0.0,-0.550025,0.0087890625,0.00439453125,6.222933279786957e-11,2.2209556924189775e-11,1637,BARK,5,0.001220703125,0.4996313876303556,924.0,0.2255859375,True,sector,,,2019415387
8,12,2,100.0,0.039924,0.0,0.0,-0.550025,0.0087890625,0.00439453125,6.222933279786957e-11,2.2209556924189775e-11,1637,BARK,6,0.00146484375,0.499633386217714,924.0,0.2255859375,True,sector,,,2019415387
8,12,2,100.0,0.039924,0.0,0.0,-0.550025,0.0087890625,0.00439453125,6.222933279786957e-11,2.2209556924189775e-11,1637,BARK,8,0.001953125,0.49963893781998603,924.0,0.2255859375,True,sector,,,2019415387
8,12,2,100.0,0.039924,0.0,0.0,-0.550025,0.0087890625,0.00439453125,6.222933279786957e-11,2.2209556924189775e-11,1637,BARK,11,0.002685546875,0.4996389380206714,924.0,0.2255859375,True,sector,,,2019415387
8,12,2,100.0,0.039924,0.0,0.0,-0.550025,0.0087890625,0.00439453125,6.222933279786957e-11,2.2209556924189775e-11,1637,BARK,14,0.00341796875,0.499640936595876,924.0,0.2255859375,True,sector,,,2019415387
8,12,2,100.0,0.039924,0.0,0.0,-0.550025,0.0087890625,0.00439453125,6.222933279786957e-11,2.2209556924189775e-11,1637,BARK,18,0.00439453125,0.4996409366305899,924.0,0.2255859375,True,sector,,,2019415387
8,12,2,100.0,0.039924,0.0,0.0,-0.550025,0.0087890625,0.00439453125,6.222933279786957e-11,2.2209556924189775e-11,1637,BARK,23,0.005615234375,0.49964293530816845,924.0,0.2255859375,True,sector,,,2019415387
8,12,2,100.0,0.039924,0.0,0.0,-0.550025,0.0087890625,0.00439453125,6.222933279786957e-11,2.2209556924189775e-11,1637,BARK,31,0.007568359375,0.49964605796840417,924.0,0.2255859375,True,sector,,,2019415387
8,12,2,100.0,0.039924,0.0,0.0,-0.550025,0.0087890625,0.00439453125,6.222933279786957e-11,2.2209556924189775e-11,1637,BARK,40,0.009765625,0.499648056595217,924.0,0.2255859375,True,sector,,,2019415387
8,12,2,100.0,0.039924,0.0,0.0,-0.550025,0.0087890625,0.00439453125,6.222933279786957e-11,2.2209556924189775e-11,1637,BARK,52,0.0126953125,0.49965360805323394,924.0,0.2255859375,True,sector,,,2019415387
8,12,2,100.0,0.039924,0.0,0.0,-0.550025,0.0087890625,0.00439453125,6.222933279786957e-11,2.2209556924189775e-11,1637,BARK,67,0.016357421875,0.49965915955653234,924.0,0.2255859375,True,sector,,,2019415387
8,12,2,100.0,0.039924,0.0,0.0,-0.550025,0.0087890625,0.00439453125,6.222933279786957e-11,2.2209556924189775e-11,1637,BARK,87,0.021240234375,0.4996622823929956,924.0,0.2255859375,True,sector,,,2019415387
8,12,2,100.0,0.039924,0.0,0.0,-0.550025,0.0087890625,0.00439453125,6.222933279786957e-11,2.2209556924189775e-11,1637,BARK,114,0.02783203125,0.4996732195299911,924.0,0.2255859375,True,sector,,,2019415387
8,12,2,100.0,0.039924,0.0,0.0,-0.550025,0.0087890625,0.00439453125,6.222933279786957e-11,2.2209556924189775e-11,1637,BARK,148,0.0361328125,0.49968432333295776,924.0,0.2255859375,True,sector,,,2019415387
8,12,2,100.0,0.039924,0.0,0.0,-0.550025,0.0087890625,0.00439453125,6.222933279786957e-11,2.2209556924189775e-11,1637,BARK,192,0.046875,0.49968432369869986,924.0,0.2255859375,True,sector,,,2019415387
8,12,2,100.0,0.039924,0.0,0.0,-0.550025,0.0087890625,0.00439453125,6.222933279786957e-11,2.2209556924189775e-11,1637,BARK,250,0.06103515625,0.49968432392833156,924.0,0.2255859375,True,sector,,,2019415387
8,12,2,100.0,0.039924,0.0,0.0,-0.550025,0.0087890625,0.00439453125,6.222933279786957e-11,2.2209556924189775e-11,1637,BARK,325,0.079345703125,0.4996843242486884,924.0,0.2255859375,True,sector,,,2019415387
8,12,2,100.0,0.039924,0.0,0.0,-0.550025,0.0087890625,0.00439453125,6.222933279786957e-11,2.2209556924189775e-11,1637,BARK,423,0.103271484375,0.49968432445930777,924.0,0.2255859375,True,sector,,,2019415387
8,12,2,100.0,0.039924,0.0,0.0,-0.550025,0.0087890625,0.00439453125,6.222933279786957e-11,2.2209556924189775e-11,1637,BARK,550,0.13427734375,0.49968432463111895,924.0,0.2255859375,True,sector,,,2019415387
8,12,2,100.0,0.039924,0.0,0.0,-0.550025,0.0087890625,0.00439453125,6.222933279786957e-11,2.2209556924189775e-11,1637,BARK,715,0.174560546875,0.4996843713962069,924.0,0.2255859375,True,sector,,,2019415387
8,12,2,100.0,0.039924,0.0,0.0,-0.550025,0.0087890625,0.00439453125,6.222933279786957e-11,2.2209556924189775e-11,1637,BARK,931,0.227294921875,0.4996870042111086,924.0,0.2255859375,True,sector,,,2019415387
8,12,2,100.0,0.039924,0.0,0.0,-0.550025,0.0087890625,0.00439453125,6.222933279786957e-11,2.2209556924189775e-11,1637,BARK,1210,0.29541015625,0.4996870042111086,924.0,0.2255859375,True,sector,,,2019415387
8,12,2,100.0,0.039924,0.0,0.0,-0.550025,0.0087890625,0.00439453125,6.222933279786957e-11,2.2209556924189775e-11,1637,BARK,1575,0.384521484375,0.4996870042111086,924.0,0.2255859375,True,sector,,,2019415387
8,12,2,100.0,0.039924,0.0,0.0,-0.550025,0.0087890625,0.00439453125,6.222933279786957e-11,2.2209556924189775e-11,1637,BARK,2048,0.5,0.4996870042111086,924.0,0.2255859375,True,sector,,,2019415387
8,12,2,100.0,0.039924,0.0,0.0,-0.550025,0.0087890625,0.00439453125,6.222933279786957e-11,2.2209556924189775e-11,1637,Simplified BARK,1,0.000244140625,2.2209556924189775e-11,924.0,0.2255859375,True,sector,,,2019415387
8,12,2,100.0,0.039924,0.0,0.0,-0.550025,0.0087890625,0.00439453125,6.222933279786957e-11,2.2209556924189775e-11,1637,Simplified BARK,2,0.00048828125,1.99857208459692e-06,924.0,0.2255859375,True,sector,,,2019415387
8,12,2,100.0,0.039924,0.0,0.0,-0.550025,0.0087890625,0.00439453125,6.222933279786957e-11,2.2209556924189775e-11,1637,Simplified BARK,3,0.000732421875,1.9985863603101257e-06,924.0,0.2255859375,True,sector,,,2019415387
8,12,2,100.0,0.039924,0.0,0.0,-0.550025,0.0087890625,0.00439453125,6.222933279786957e-11,2.2209556924189775e-11,1637,Simplified BARK,4,0.0009765625,1.9985863601913247e-06,924.0,0.2255859375,True,sector,,,2019415387
8,12,2,100.0,0.039924,0.0,0.0,-0.550025,0.0087890625,0.00439453125,6.222933279786957e-11,2.2209556924189775e-11,1637,Simplified BARK,5,0.001220703125,1.998586360191324e-06,924.0,0.2255859375,True,sector,,,2019415387
8,12,2,100.0,0.039924,0.0,0.0,-0.550025,0.0087890625,0.00439453125,6.222933279786957e-11,2.2209556924189775e-11,1637,Simplified BARK,6,0.00146484375,1.998586360191324e-06,924.0,0.2255859375,True,sector,,,2019415387
8,12,2,100.0,0.039924,0.0,0.0,-0.550025,0.0087890625,0.00439453125,6.222933279786957e-11,2.2209556924189775e-11,1637,Simplified BARK,8,0.001953125,1.9985863601913247e-06,924.0,0.2255859375,True,sector,,,2019415387
8,12,2,100.0,0.039924,0.0,0.0,-0.550025,0.0087890625,0.00439453125,6.222933279786957e-11,2.2209556924189775e-11,1637,Simplified BARK,11,0.002685546875,1.998586360191324e-06,924.0,0.2255859375,True,sector,,,2019415387
8,12,2,100.0,0.039924,0.0,0.0,-0.550025,0.0087890625,0.00439453125,6.222933279786957e-11,2.2209556924189775e-11,1637,Simplified BARK,14,0.00341796875,1.998586360191324e-06,924.0,0.2255859375,True,sector,,,2019415387
8,12,2,100.0,0.039924,0.0,0.0,-0.550025,0.0087890625,0.00439453125,6.222933279786957e-11,2.2209556924189775e-11,1637,Simplified BARK,18,0.00439453125,1.998586360191324e-06,924.0,0.2255859375,True,sector,,,2019415387
8,12,2,100.0,0.039924,0.0,0.0,-0.550025,0.0087890625,0.00439453125,6.222933279786957e-11,2.2209556924189775e-11,1637,Simplified BARK,23,0.005615234375,1.998586360191324e-06,924.0,0.2255859375,True,sector,,,2019415387
8,12,2,100.0,0.039924,0.0,0.0,-0.550025,0.0087890625,0.00439453125,6.222933279786957e-11,2.2209556924189775e-11,1637,Simplified BARK,31,0.007568359375,1.9985863601913247e-06,924.0,0.2255859375,True,sector,,,2019415387
8,12,2,100.0,0.039924,0.0,0.0,-0.550025,0.0087890625,0.00439453125,6.222933279786957e-11,2.2209556924189775e-11,1637,Simplified BARK,40,0.009765625,1.998586360191324e-06,924.0,0.2255859375,True,sector,,,2019415387
8,12,2,100.0,0.039924,0.0,0.0,-0.550025,0.0087890625,0.00439453125,6.222933279786957e-11,2.2209556924189775e-11,1637,Simplified BARK,52,0.0126953125,1.9985863601913247e-06,924.0,0.2255859375,True,sector,,,2019415387
8,12,2,100.0,0.039924,0.0,0.0,-0.550025,0.0087890625,0.00439453125,6.222933279786957e-11,2.2209556924189775e-11,1637,Simplified BARK,67,0.016357421875,1.2441697107575189e-14,924.0,0.2255859375,True,sector,,,2019415387
8,12,2,100.0,0.039924,0.0,0.0,-0.550025,0.0087890625,0.00439453125,6.222933279786957e-11,2.2209556924189775e-11,1637,Simplified BARK,87,0.021240234375,1.0035076118581466e-06,924.0,0.2255859375,True,sector,,,2019415387
8,12,2,100.0,0.039924,0.0,0.0,-0.550025,0.0087890625,0.00439453125,6.222933279786957e-11,2.2209556924189775e-11,1637,Simplified BARK,114,0.02783203125,2.773025345994971e-21,924.0,0.2255859375,True,sector,,,2019415387
8,12,2,100.0,0.039924,0.0,0.0,-0.550025,0.0087890625,0.00439453125,6.222933279786957e-11,2.2209556924189775e-11,1637,Simplified BARK,148,0.0361328125,5.558618483340616e-06,924.0,0.2255859375,True,sector,,,2019415387
8,12,2,100.0,0.039924,0.0,0.0,-0.550025,0.0087890625,0.00439453125,6.222933279786957e-11,2.2209556924189775e-11,1637,Simplified BARK,192,0.046875,5.558618552198526e-06,924.0,0.2255859375,True,sector,,,2019415387
8,12,2,100.0,0.039924,0.0,0.0,-0.550025,0.0087890625,0.00439453125,6.222933279786957e-11,2.2209556924189775e-11,1637,Simplified BARK,250,0.06103515625,5.561880434433706e-06,924.0,0.2255859375,True,sector,,,2019415387
8,12,2,100.0,0.039924,0.0,0.0,-0.550025,0.0087890625,0.00439453125,6.222933279786957e-11,2.2209556924189775e-11,1637,Simplified BARK,325,0.079345703125,0.49966367082715823,924.0,0.2255859375,True,sector,,,2019415387
8,12,2,100.0,0.039924,0.0,0.0,-0.550025,0.0087890625,0.00439453125,6.222933279786957e-11,2.2209556924189775e-11,1637,Simplified BARK,423,0.103271484375,0.4996712216778935,924.0,0.2255859375,True,sector,,,2019415387
8,12,2,100.0,0.039924,0.0,0.0,-0.550025,0.0087890625,0.00439453125,6.222933279786957e-11,2.2209556924189775e-11,1637,Simplified BARK,550,0.13427734375,0.49967322074516585,924.0,0.2255859375,True,sector,,,2019415387
8,12,2,100.0,0.039924,0.0,0.0,-0.550025,0.0087890625,0.00439453125,6.222933279786957e-11,2.2209556924189775e-11,1637,Simplified BARK,715,0.174560546875,0.4996754766408034,924.0,0.2255859375,True,sector,,,2019415387
8,12,2,100.0,0.039924,0.0,0.0,-0.550025,0.0087890625,0.00439453125,6.222933279786957e-11,2.2209556924189775e-11,1637,Simplified BARK,931,0.227294921875,0.4996855282003418,924.0,0.2255859375,True,sector,,,2019415387
8,12,2,100.0,0.039924,0.0,0.0,-0.550025,0.0087890625,0.00439453125,6.222933279786957e-11,2.2209556924189775e-11,1637,Simplified BARK,1210,0.29541015625,0.4996855282003418,924.0,0.2255859375,True,sector,,,2019415387
8,12,2,100.0,0.039924,0.0,0.0,-0.550025,0.0087890625,0.00439453125,6.222933279786957e-11,2.2209556924189775e-11,1637,Simplified BARK,1575,0.384521484375,0.4996855282003418,924.0,0.2255859375,True,sector,,,2019415387
8,12,2,100.0,0.039924,0.0,0.0,-0.550025,0.0087890625,0.00439453125,6.222933279786957e-11,2.2209556924189775e-11,1637,Simplified BARK,2048,0.5,0.4996855282003418,924.0,0.2255859375,True,sector,,,2019415387
8,12,2,100.0,0.039924,0.0,0.0,-0.550025,0.0087890625,0.00439453125,6.222933279786957e-11,2.2209556924189775e-11,1637,SKQD,1,0.000244140625,2.2209556924189775e-11,501.6666666666667,0.12247721354166667,True,max_iterations;max_iterations;max_iterations,1.5,1000.0,2019415387
8,12,2,100.0,0.039924,0.0,0.0,-0.550025,0.0087890625,0.00439453125,6.222933279786957e-11,2.2209556924189775e-11,1637,SKQD,2,0.00048828125,1.157769320031575e-11,501.6666666666667,0.12247721354166667,True,max_iterations;max_iterations;max_iterations,1.5,1000.0,2019415387
8,12,2,100.0,0.039924,0.0,0.0,-0.550025,0.0087890625,0.00439453125,6.222933279786957e-11,2.2209556924189775e-11,1637,SKQD,3,0.000732421875,1.157769320031575e-11,501.6666666666667,0.12247721354166667,True,max_iterations;max_iterations;max_iterations,1.5,1000.0,2019415387
8,12,2,100.0,0.039924,0.0,0.0,-0.550025,0.0087890625,0.00439453125,6.222933279786957e-11,2.2209556924189775e-11,1637,SKQD,4,0.0009765625,7.42314953654694e-12,501.6666666666667,0.12247721354166667,True,max_iterations;max_iterations;max_iterations,1.5,1000.0,2019415387
8,12,2,100.0,0.039924,0.0,0.0,-0.550025,0.0087890625,0.00439453125,6.222933279786957e-11,2.2209556924189775e-11,1637,SKQD,5,0.001220703125,3.5132231361093355e-14,501.6666666666667,0.12247721354166667,True,max_iterations;max_iterations;max_iterations,1.5,1000.0,2019415387
8,12,2,100.0,0.039924,0.0,0.0,-0.550025,0.0087890625,0.00439453125,6.222933279786957e-11,2.2209556924189775e-11,1637,SKQD,6,0.00146484375,4.734125520820766e-14,501.6666666666667,0.12247721354166667,True,max_iterations;max_iterations;max_iterations,1.5,1000.0,2019415387
8,12,2,100.0,0.039924,0.0,0.0,-0.550025,0.0087890625,0.00439453125,6.222933279786957e-11,2.2209556924189775e-11,1637,SKQD,8,0.001953125,3.256343917729231e-14,501.6666666666667,0.12247721354166667,True,max_iterations;max_iterations;max_iterations,1.5,1000.0,2019415387
8,12,2,100.0,0.039924,0.0,0.0,-0.550025,0.0087890625,0.00439453125,6.222933279786957e-11,2.2209556924189775e-11,1637,SKQD,11,0.002685546875,1.8504749018048266e-06,501.6666666666667,0.12247721354166667,True,max_iterations;max_iterations;max_iterations,1.5,1000.0,2019415387
8,12,2,100.0,0.039924,0.0,0.0,-0.550025,0.0087890625,0.00439453125,6.222933279786957e-11,2.2209556924189775e-11,1637,SKQD,14,0.00341796875,1.8504823058364778e-06,501.6666666666667,0.12247721354166667,True,max_iterations;max_iterations;max_iterations,1.5,1000.0,2019415387
8,12,2,100.0,0.039924,0.0,0.0,-0.550025,0.0087890625,0.00439453125,6.222933279786957e-11,2.2209556924189775e-11,1637,SKQD,18,0.00439453125,2.5166878034078975e-06,501.6666666666667,0.12247721354166667,True,max_iterations;max_iterations;max_iterations,1.5,1000.0,2019415387
8,12,2,100.0,0.039924,0.0,0.0,-0.550025,0.0087890625,0.00439453125,6.222933279786957e-11,2.2209556924189775e-11,1637,SKQD,23,0.005615234375,2.4815693446499253e-06,501.6666666666667,0.12247721354166667,True,max_iterations;max_iterations;max_iterations,1.5,1000.0,2019415387
8,12,2,100.0,0.039924,0.0,0.0,-0.550025,0.0087890625,0.00439453125,6.222933279786957e-11,2.2209556924189775e-11,1637,SKQD,31,0.007568359375,2.4815696758051204e-06,501.6666666666667,0.12247721354166667,True,max_iterations;max_iterations;max_iterations,1.5,1000.0,2019415387
8,12,2,100.0,0.039924,0.0,0.0,-0.550025,0.0087890625,0.00439453125,6.222933279786957e-11,2.2209556924189775e-11,1637,SKQD,40,0.009765625,4.3501228223236835e-06,501.6666666666667,0.12247721354166667,True,max_iterations;max_iterations;max_iterations,1.5,1000.0,2019415387
8,12,2,100.0,0.039924,0.0,0.0,-0.550025,0.0087890625,0.00439453125,6.222933279786957e-11,2.2209556924189775e-11,1637,SKQD,52,0.0126953125,5.551446856474629e-06,501.6666666666667,0.12247721354166667,True,max_iterations;max_iterations;max_iterations,1.5,1000.0,2019415387
8,12,2,100.0,0.039924,0.0,0.0,-0.550025,0.0087890625,0.00439453125,6.222933279786957e-11,2.2209556924189775e-11,1637,SKQD,67,0.016357421875,5.55144685831972e-06,501.6666666666667,0.12247721354166667,True,max_iterations;max_iterations;max_iterations,1.5,1000.0,2019415387
8,12,2,100.0,0.039924,0.0,0.0,-0.550025,0.0087890625,0.00439453125,6.222933279786957e-11,2.2209556924189775e-11,1637,SKQD,87,0.021240234375,5.551491275941722e-06,501.6666666666667,0.12247721354166667,True,max_iterations;max_iterations;max_iterations,1.5,1000.0,2019415387
8,12,2,100.0,0.039924,0.0,0.0,-0.550025,0.0087890625,0.00439453125,6.222933279786957e-11,2.2209556924189775e-11,1637,SKQD,114,0.02783203125,5.551495319147746e-06,501.6666666666667,0.12247721354166667,True,max_iterations;max_iterations;max_iterations,1.5,1000.0,2019415387
8,12,2,100.0,0.039924,0.0,0.0,-0.550025,0.0087890625,0.00439453125,6.222933279786957e-11,2.2209556924189775e-11,1637,SKQD,148,0.0361328125,5.55391171544918e-06,501.6666666666667,0.12247721354166667,True,max_iterations;max_iterations;max_iterations,1.5,1000.0,2019415387
8,12,2,100.0,0.039924,0.0,0.0,-0.550025,0.0087890625,0.00439453125,6.222933279786957e-11,2.2209556924189775e-11,1637,SKQD,192,0.046875,5.553897390849603e-06,501.6666666666667,0.12247721354166667,True,max_iterations;max_iterations;max_iterations,1.5,1000.0,2019415387
8,12,2,100.0,0.039924,0.0,0.0,-0.550025,0.0087890625,0.00439453125,6.222933279786957e-11,2.2209556924189775e-11,1637,SKQD,250,0.06103515625,5.5540919618793115e-06,501.6666666666667,0.12247721354166667,True,max_iterations;max_iterations;max_iterations,1.5,1000.0,2019415387
8,12,2,100.0,0.039924,0.0,0.0,-0.550025,0.0087890625,0.00439453125,6.222933279786957e-11,2.2209556924189775e-11,1637,SKQD,325,0.079345703125,5.553130632071254e-06,501.6666666666667,0.12247721354166667,True,max_iterations;max_iterations;max_iterations,1.5,1000.0,2019415387
8,12,2,100.0,0.039924,0.0,0.0,-0.550025,0.0087890625,0.00439453125,6.222933279786957e-11,2.2209556924189775e-11,1637,SKQD,423,0.103271484375,6.49082237067421e-06,501.6666666666667,0.12247721354166667,True,max_iterations;max_iterations;max_iterations,1.5,1000.0,2019415387
8,12,2,100.0,0.039924,0.0,0.0,-0.550025,0.0087890625,0.00439453125,6.222933279786957e-11,2.2209556924189775e-11,1637,SKQD,550,0.13427734375,9.839390482013992e-06,501.6666666666667,0.12247721354166667,True,max_iterations;max_iterations;max_iterations,1.5,1000.0,2019415387
8,12,2,100.0,0.039924,0.0,0.0,-0.550025,0.0087890625,0.00439453125,6.222933279786957e-11,2.2209556924189775e-11,1637,SKQD,715,0.174560546875,9.839390482013992e-06,501.6666666666667,0.12247721354166667,True,max_iterations;max_iterations;max_iterations,1.5,1000.0,2019415387
8,12,2,100.0,0.039924,0.0,0.0,-0.550025,0.0087890625,0.00439453125,6.222933279786957e-11,2.2209556924189775e-11,1637,SKQD,931,0.227294921875,9.839390482013992e-06,501.6666666666667,0.12247721354166667,True,max_iterations;max_iterations;max_iterations,1.5,1000.0,2019415387
8,12,2,100.0,0.039924,0.0,0.0,-0.550025,0.0087890625,0.00439453125,6.222933279786957e-11,2.2209556924189775e-11,1637,SKQD,1210,0.29541015625,9.839390482013992e-06,501.6666666666667,0.12247721354166667,True,max_iterations;max_iterations;max_iterations,1.5,1000.0,2019415387
8,12,2,100.0,0.039924,0.0,0.0,-0.550025,0.0087890625,0.00439453125,6.222933279786957e-11,2.2209556924189775e-11,1637,SKQD,1575,0.384521484375,9.839390482013992e-06,501.6666666666667,0.12247721354166667,True,max_iterations;max_iterations;max_iterations,1.5,1000.0,2019415387
8,12,2,100.0,0.039924,0.0,0.0,-0.550025,0.0087890625,0.00439453125,6.222933279786957e-11,2.2209556924189775e-11,1637,SKQD,2048,0.5,9.839390482013992e-06,501.6666666666667,0.12247721354166667,True,max_iterations;max_iterations;max_iterations,1.5,1000.0,2019415387
8,12,2,100.0,0.039924,0.0,0.0,-0.550025,0.0087890625,0.00439453125,6.222933279786957e-11,2.2209556924189775e-11,1637,Ceiling,1,0.000244140625,0.5002515544958263,2048.0,0.5,False,,,,2019415387
8,12,2,100.0,0.039924,0.0,0.0,-0.550025,0.0087890625,0.00439453125,6.222933279786957e-11,2.2209556924189775e-11,1637,Ceiling,2,0.00048828125,0.9998718392104129,2048.0,0.5,False,,,,2019415387
8,12,2,100.0,0.039924,0.0,0.0,-0.550025,0.0087890625,0.00439453125,6.222933279786957e-11,2.2209556924189775e-11,1637,Ceiling,3,0.000732421875,0.999877397560313,2048.0,0.5,False,,,,2019415387
8,12,2,100.0,0.039924,0.0,0.0,-0.550025,0.0087890625,0.00439453125,6.222933279786957e-11,2.2209556924189775e-11,1637,Ceiling,4,0.0009765625,0.9998829559102131,2048.0,0.5,False,,,,2019415387
8,12,2,100.0,0.039924,0.0,0.0,-0.550025,0.0087890625,0.00439453125,6.222933279786957e-11,2.2209556924189775e-11,1637,Ceiling,5,0.001220703125,0.9998885142601133,2048.0,0.5,False,,,,2019415387
8,12,2,100.0,0.039924,0.0,0.0,-0.550025,0.0087890625,0.00439453125,6.222933279786957e-11,2.2209556924189775e-11,1637,Ceiling,6,0.00146484375,0.9998940726100134,2048.0,0.5,False,,,,2019415387
8,12,2,100.0,0.039924,0.0,0.0,-0.550025,0.0087890625,0.00439453125,6.222933279786957e-11,2.2209556924189775e-11,1637,Ceiling,8,0.001953125,0.999905189149092,2048.0,0.5,False,,,,2019415387
8,12,2,100.0,0.039924,0.0,0.0,-0.550025,0.0087890625,0.00439453125,6.222933279786957e-11,2.2209556924189775e-11,1637,Ceiling,11,0.002685546875,0.9999218570239631,2048.0,0.5,False,,,,2019415387
8,12,2,100.0,0.039924,0.0,0.0,-0.550025,0.0087890625,0.00439453125,6.222933279786957e-11,2.2209556924189775e-11,1637,Ceiling,14,0.00341796875,0.9999385110313406,2048.0,0.5,False,,,,2019415387
8,12,2,100.0,0.039924,0.0,0.0,-0.550025,0.0087890625,0.00439453125,6.222933279786957e-11,2.2209556924189775e-11,1637,Ceiling,18,0.00439453125,0.9999607160534727,2048.0,0.5,False,,,,2019415387
8,12,2,100.0,0.039924,0.0,0.0,-0.550025,0.0087890625,0.00439453125,6.222933279786957e-11,2.2209556924189775e-11,1637,Ceiling,23,0.005615234375,0.9999752152493264,2048.0,0.5,False,,,,2019415387
8,12,2,100.0,0.039924,0.0,0.0,-0.550025,0.0087890625,0.00439453125,6.222933279786957e-11,2.2209556924189775e-11,1637,Ceiling,31,0.007568359375,0.9999912161844576,2048.0,0.5,False,,,,2019415387
8,12,2,100.0,0.039924,0.0,0.0,-0.550025,0.0087890625,0.00439453125,6.222933279786957e-11,2.2209556924189775e-11,1637,Ceiling,40,0.009765625,0.9999999906742324,2048.0,0.5,False,,,,2019415387
8,12,2,100.0,0.039924,0.0,0.0,-0.550025,0.0087890625,0.00439453125,6.222933279786957e-11,2.2209556924189775e-11,1637,Ceiling,52,0.0126953125,0.9999999932072975,2048.0,0.5,False,,,,2019415387
8,12,2,100.0,0.039924,0.0,0.0,-0.550025,0.0087890625,0.00439453125,6.222933279786957e-11,2.2209556924189775e-11,1637,Ceiling,67,0.016357421875,0.9999999946095202,2048.0,0.5,False,,,,2019415387
8,12,2,100.0,0.039924,0.0,0.0,-0.550025,0.0087890625,0.00439453125,6.222933279786957e-11,2.2209556924189775e-11,1637,Ceiling,87,0.021240234375,0.9999999958508888,2048.0,0.5,False,,,,2019415387
8,12,2,100.0,0.039924,0.0,0.0,-0.550025,0.0087890625,0.00439453125,6.222933279786957e-11,2.2209556924189775e-11,1637,Ceiling,114,0.02783203125,0.9999999972062253,2048.0,0.5,False,,,,2019415387
8,12,2,100.0,0.039924,0.0,0.0,-0.550025,0.0087890625,0.00439453125,6.222933279786957e-11,2.2209556924189775e-11,1637,Ceiling,148,0.0361328125,0.9999999983607503,2048.0,0.5,False,,,,2019415387
8,12,2,100.0,0.039924,0.0,0.0,-0.550025,0.0087890625,0.00439453125,6.222933279786957e-11,2.2209556924189775e-11,1637,Ceiling,192,0.046875,0.99999999936476,2048.0,0.5,False,,,,2019415387
8,12,2,100.0,0.039924,0.0,0.0,-0.550025,0.0087890625,0.00439453125,6.222933279786957e-11,2.2209556924189775e-11,1637,Ceiling,250,0.06103515625,0.9999999999993302,2048.0,0.5,False,,,,2019415387
8,12,2,100.0,0.039924,0.0,0.0,-0.550025,0.0087890625,0.00439453125,6.222933279786957e-11,2.2209556924189775e-11,1637,Ceiling,325,0.079345703125,0.9999999999998007,2048.0,0.5,False,,,,2019415387
8,12,2,100.0,0.039924,0.0,0.0,-0.550025,0.0087890625,0.00439453125,6.222933279786957e-11,2.2209556924189775e-11,1637,Ceiling,423,0.103271484375,0.9999999999999456,2048.0,0.5,False,,,,2019415387
8,12,2,100.0,0.039924,0.0,0.0,-0.550025,0.0087890625,0.00439453125,6.222933279786957e-11,2.2209556924189775e-11,1637,Ceiling,550,0.13427734375,0.9999999999999948,2048.0,0.5,False,,,,2019415387
8,12,2,100.0,0.039924,0.0,0.0,-0.550025,0.0087890625,0.00439453125,6.222933279786957e-11,2.2209556924189775e-11,1637,Ceiling,715,0.174560546875,0.9999999999999992,2048.0,0.5,False,,,,2019415387
8,12,2,100.0,0.039924,0.0,0.0,-0.550025,0.0087890625,0.00439453125,6.222933279786957e-11,2.2209556924189775e-11,1637,Ceiling,931,0.227294921875,0.9999999999999992,2048.0,0.5,False,,,,2019415387
8,12,2,100.0,0.039924,0.0,0.0,-0.550025,0.0087890625,0.00439453125,6.222933279786957e-11,2.2209556924189775e-11,1637,Ceiling,1210,0.29541015625,0.9999999999999992,2048.0,0.5,False,,,,2019415387
8,12,2,100.0,0.039924,0.0,0.0,-0.550025,0.0087890625,0.00439453125,6.222933279786957e-11,2.2209556924189775e-11,1637,Ceiling,1575,0.384521484375,0.9999999999999992,2048.0,0.5,False,,,,2019415387
8,12,2,100.0,0.039924,0.0,0.0,-0.550025,0.0087890625,0.00439453125,6.222933279786957e-11,2.2209556924189775e-11,1637,Ceiling,2048,0.5,0.9999999999999992,2048.0,0.5,False,,,,2019415387
8,12,2,100.0,0.039924,0.0,0.0,-0.550025,0.0087890625,0.00439453125,6.222933279786957e-11,2.0673542503307308e-11,3226,BARK,1,0.000244140625,2.0673542503307308e-11,924.0,0.2255859375,True,sector,,,2019415387
8,12,2,100.0,0.039924,0.0,0.0,-0.550025,0.0087890625,0.00439453125,6.222933279786957e-11,2.0673542503307308e-11,3226,BARK,2,0.00048828125,3.126521736426637e-06,924.0,0.2255859375,True,sector,,,2019415387
8,12,2,100.0,0.039924,0.0,0.0,-0.550025,0.0087890625,0.00439453125,6.222933279786957e-11,2.0673542503307308e-11,3226,BARK,3,0.000732421875,0.5002546810152935,924.0,0.2255859375,True,sector,,,2019415387
8,12,2,100.0,0.039924,0.0,0.0,-0.550025,0.0087890625,0.00439453125,6.222933279786957e-11,2.0673542503307308e-11,3226,BARK,4,0.0009765625,0.5002602392848319,924.0,0.2255859375,True,sector,,,2019415387
8,12,2,100.0,0.039924,0.0,0.0,-0.550025,0.0087890625,0.00439453125,6.222933279786957e-11,2.0673542503307308e-11,3226,BARK,5,0.001220703125,0.5002602393529263,924.0,0.2255859375,True,sector,,,2019415387
8,12,2,100.0,0.039924,0.0,0.0,-0.550025,0.0087890625,0.00439453125,6.222933279786957e-11,2.0673542503307308e-11,3226,BARK,6,0.00146484375,0.5002602393529275,924.0,0.2255859375,True,sector,,,2019415387
8,12,2,100.0,0.039924,0.0,0.0,-0.550025,0.0087890625,0.00439453125,6.222933279786957e-11,2.0673542503307308e-11,3226,BARK,8,0.001953125,0.500260239352928,924.0,0.2255859375,True,sector,,,2019415387
8,12,2,100.0,0.039924,0.0,0.0,-0.550025,0.0087890625,0.00439453125,6.222933279786957e-11,2.0673542503307308e-11,3226,BARK,11,0.002685546875,0.5002622404702242,924.0,0.2255859375,True,sector,,,2019415387
8,12,2,100.0,0.039924,0.0,0.0,-0.550025,0.0087890625,0.00439453125,6.222933279786957e-11,2.0673542503307308e-11,3226,BARK,14,0.00341796875,0.50026779908695,924.0,0.2255859375,True,sector,,,2019415387
8,12,2,100.0,0.039924,0.0,0.0,-0.550025,0.0087890625,0.00439453125,6.222933279786957e-11,2.0673542503307308e-11,3226,BARK,18,0.00439453125,0.5002733578817034,924.0,0.2255859375,True,sector,,,2019415387
8,12,2,100.0,0.039924,0.0,0.0,-0.550025,0.0087890625,0.00439453125,6.222933279786957e-11,2.0673542503307308e-11,3226,BARK,23,0.005615234375,0.5002753590623735,924.0,0.2255859375,True,sector,,,2019415387
8,12,2,100.0,0.039924,0.0,0.0,-0.550025,0.0087890625,0.00439453125,6.222933279786957e-11,2.0673542503307308e-11,3226,BARK,31,0.007568359375,0.500277360320172,924.0,0.2255859375,True,sector,,,2019415387
8,12,2,100.0,0.039924,0.0,0.0,-0.550025,0.0087890625,0.00439453125,6.222933279786957e-11,2.0673542503307308e-11,3226,BARK,40,0.009765625,0.5002773603944948,924.0,0.2255859375,True,sector,,,2019415387
8,12,2,100.0,0.039924,0.0,0.0,-0.550025,0.0087890625,0.00439453125,6.222933279786957e-11,2.0673542503307308e-11,3226,BARK,52,0.0126953125,0.5002844893124931,924.0,0.2255859375,True,sector,,,2019415387
8,12,2,100.0,0.039924,0.0,0.0,-0.550025,0.0087890625,0.00439453125,6.222933279786957e-11,2.0673542503307308e-11,3226,BARK,67,0.016357421875,0.5002914376354075,924.0,0.2255859375,True,sector,,,2019415387
8,12,2,100.0,0.039924,0.0,0.0,-0.550025,0.0087890625,0.00439453125,6.222933279786957e-11,2.0673542503307308e-11,3226,BARK,87,0.021240234375,0.5002914378192873,924.0,0.2255859375,True,sector,,,2019415387
8,12,2,100.0,0.039924,0.0,0.0,-0.550025,0.0087890625,0.00439453125,6.222933279786957e-11,2.0673542503307308e-11,3226,BARK,114,0.02783203125,0.5002969964576391,924.0,0.2255859375,True,sector,,,2019415387
8,12,2,100.0,0.039924,0.0,0.0,-0.550025,0.0087890625,0.00439453125,6.222933279786957e-11,2.0673542503307308e-11,3226,BARK,148,0.0361328125,0.5002969965875335,924.0,0.2255859375,True,sector,,,2019415387
8,12,2,100.0,0.039924,0.0,0.0,-0.550025,0.0087890625,0.00439453125,6.222933279786957e-11,2.0673542503307308e-11,3226,BARK,192,0.046875,0.5003101155238786,924.0,0.2255859375,True,sector,,,2019415387
8,12,2,100.0,0.039924,0.0,0.0,-0.550025,0.0087890625,0.00439453125,6.222933279786957e-11,2.0673542503307308e-11,3226,BARK,250,0.06103515625,0.5003101159155335,924.0,0.2255859375,True,sector,,,2019415387
8,12,2,100.0,0.039924,0.0,0.0,-0.550025,0.0087890625,0.00439453125,6.222933279786957e-11,2.0673542503307308e-11,3226,BARK,325,0.079345703125,0.5003101160960328,924.0,0.2255859375,True,sector,,,2019415387
8,12,2,100.0,0.039924,0.0,0.0,-0.550025,0.0087890625,0.00439453125,6.222933279786957e-11,2.0673542503307308e-11,3226,BARK,423,0.103271484375,0.5003156748938052,924.0,0.2255859375,True,sector,,,2019415387
8,12,2,100.0,0.039924,0.0,0.0,-0.550025,0.0087890625,0.00439453125,6.222933279786957e-11,2.0673542503307308e-11,3226,BARK,550,0.13427734375,0.5003156824019134,924.0,0.2255859375,True,sector,,,2019415387
8,12,2,100.0,0.039924,0.0,0.0,-0.550025,0.0087890625,0.00439453125,6.222933279786957e-11,2.0673542503307308e-11,3226,BARK,715,0.174560546875,0.5003120987730143,924.0,0.2255859375,True,sector,,,2019415387
8,12,2,100.0,0.039924,0.0,0.0,-0.550025,0.0087890625,0.00439453125,6.222933279786957e-11,2.0673542503307308e-11,3226,BARK,931,0.227294921875,0.5003121644624865,924.0,0.2255859375,True,sector,,,2019415387
8,12,2,100.0,0.039924,0.0,0.0,-0.550025,0.0087890625,0.00439453125,6.222933279786957e-11,2.0673542503307308e-11,3226,BARK,1210,0.29541015625,0.5003121644624865,924.0,0.2255859375,True,sector,,,2019415387
8,12,2,100.0,0.039924,0.0,0.0,-0.550025,0.0087890625,0.00439453125,6.222933279786957e-11,2.0673542503307308e-11,3226,BARK,1575,0.384521484375,0.5003121644624865,924.0,0.2255859375,True,sector,,,2019415387
8,12,2,100.0,0.039924,0.0,0.0,-0.550025,0.0087890625,0.00439453125,6.222933279786957e-11,2.0673542503307308e-11,3226,BARK,2048,0.5,0.5003121644624865,924.0,0.2255859375,True,sector,,,2019415387
8,12,2,100.0,0.039924,0.0,0.0,-0.550025,0.0087890625,0.00439453125,6.222933279786957e-11,2.0673542503307308e-11,3226,Simplified BARK,1,0.000244140625,2.0673542503307308e-11,924.0,0.2255859375,True,sector,,,2019415387
8,12,2,100.0,0.039924,0.0,0.0,-0.550025,0.0087890625,0.00439453125,6.222933279786957e-11,2.0673542503307308e-11,3226,Simplified BARK,2,0.00048828125,5.283328659923908e-15,924.0,0.2255859375,True,sector,,,2019415387
8,12,2,100.0,0.039924,0.0,0.0,-0.550025,0.0087890625,0.00439453125,6.222933279786957e-11,2.0673542503307308e-11,3226,Simplified BARK,3,0.000732421875,6.809526703369296e-11,924.0,0.2255859375,True,sector,,,2019415387
8,12,2,100.0,0.039924,0.0,0.0,-0.550025,0.0087890625,0.00439453125,6.222933279786957e-11,2.0673542503307308e-11,3226,Simplified BARK,4,0.0009765625,5.558325131633021e-06,924.0,0.2255859375,True,sector,,,2019415387
8,12,2,100.0,0.039924,0.0,0.0,-0.550025,0.0087890625,0.00439453125,6.222933279786957e-11,2.0673542503307308e-11,3226,Simplified BARK,5,0.001220703125,5.558347368217593e-06,924.0,0.2255859375,True,sector,,,2019415387
8,12,2,100.0,0.039924,0.0,0.0,-0.550025,0.0087890625,0.00439453125,6.222933279786957e-11,2.0673542503307308e-11,3226,Simplified BARK,6,0.00146484375,5.558347368409761e-06,924.0,0.2255859375,True,sector,,,2019415387
8,12,2,100.0,0.039924,0.0,0.0,-0.550025,0.0087890625,0.00439453125,6.222933279786957e-11,2.0673542503307308e-11,3226,Simplified BARK,8,0.001953125,5.558347368409763e-06,924.0,0.2255859375,True,sector,,,2019415387
8,12,2,100.0,0.039924,0.0,0.0,-0.550025,0.0087890625,0.00439453125,6.222933279786957e-11,2.0673542503307308e-11,3226,Simplified BARK,11,0.002685546875,5.558347368409761e-06,924.0,0.2255859375,True,sector,,,2019415387
8,12,2,100.0,0.039924,0.0,0.0,-0.550025,0.0087890625,0.00439453125,6.222933279786957e-11,2.0673542503307308e-11,3226,Simplified BARK,14,0.00341796875,5.558347368409763e-06,924.0,0.2255859375,True,sector,,,2019415387
8,12,2,100.0,0.039924,0.0,0.0,-0.550025,0.0087890625,0.00439453125,6.222933279786957e-11,2.0673542503307308e-11,3226,Simplified BARK,18,0.00439453125,5.558347368409773e-06,924.0,0.2255859375,True,sector,,,2019415387
8,12,2,100.0,0.039924,0.0,0.0,-0.550025,0.0087890625,0.00439453125,6.222933279786957e-11,2.0673542503307308e-11,3226,Simplified BARK,23,0.005615234375,5.558347368409777e-06,924.0,0.2255859375,True,sector,,,2019415387
8,12,2,100.0,0.039924,0.0,0.0,-0.550025,0.0087890625,0.00439453125,6.222933279786957e-11,2.0673542503307308e-11,3226,Simplified BARK,31,0.007568359375,5.558347370249801e-06,924.0,0.2255859375,True,sector,,,2019415387
8,12,2,100.0,0.039924,0.0,0.0,-0.550025,0.0087890625,0.00439453125,6.222933279786957e-11,2.0673542503307308e-11,3226,Simplified BARK,40,0.009765625,5.558347370408647e-06,924.0,0.2255859375,True,sector,,,2019415387
8,12,2,100.0,0.039924,0.0,0.0,-0.550025,0.0087890625,0.00439453125,6.222933279786957e-11,2.0673542503307308e-11,3226,Simplified BARK,52,0.0126953125,5.558347370408656e-06,924.0,0.2255859375,True,sector,,,2019415387
8,12,2,100.0,0.039924,0.0,0.0,-0.550025,0.0087890625,0.00439453125,6.222933279786957e-11,2.0673542503307308e-11,3226,Simplified BARK,67,0.016357421875,5.558347370408705e-06,924.0,0.2255859375,True,sector,,,2019415387
8,12,2,100.0,0.039924,0.0,0.0,-0.550025,0.0087890625,0.00439453125,6.222933279786957e-11,2.0673542503307308e-11,3226,Simplified BARK,87,0.021240234375,5.55840916291269e-06,924.0,0.2255859375,True,sector,,,2019415387
8,12,2,100.0,0.039924,0.0,0.0,-0.550025,0.0087890625,0.00439453125,6.222933279786957e-11,2.0673542503307308e-11,3226,Simplified BARK,114,0.02783203125,5.558446225561683e-06,924.0,0.2255859375,True,sector,,,2019415387
8,12,2,100.0,0.039924,0.0,0.0,-0.550025,0.0087890625,0.00439453125,6.222933279786957e-11,2.0673542503307308e-11,3226,Simplified BARK,148,0.0361328125,5.558674122734672e-06,924.0,0.2255859375,True,sector,,,2019415387
8,12,2,100.0,0.039924,0.0,0.0,-0.550025,0.0087890625,0.00439453125,6.222933279786957e-11,2.0673542503307308e-11,3226,Simplified BARK,192,0.046875,5.558674187770271e-06,924.0,0.2255859375,True,sector,,,2019415387
8,12,2,100.0,0.039924,0.0,0.0,-0.550025,0.0087890625,0.00439453125,6.222933279786957e-11,2.0673542503307308e-11,3226,Simplified BARK,250,0.06103515625,5.5608348420675815e-06,924.0,0.2255859375,True,sector,,,2019415387
8,12,2,100.0,0.039924,0.0,0.0,-0.550025,0.0087890625,0.00439453125,6.222933279786957e-11,2.0673542503307308e-11,3226,Simplified BARK,325,0.079345703125,0.49966367078812673,924.0,0.2255859375,True,sector,,,2019415387
8,12,2,100.0,0.039924,0.0,0.0,-0.550025,0.0087890625,0.00439453125,6.222933279786957e-11,2.0673542503307308e-11,3226,Simplified BARK,423,0.103271484375,0.4996712216778992,924.0,0.2255859375,True,sector,,,2019415387
8,12,2,100.0,0.039924,0.0,0.0,-0.550025,0.0087890625,0.00439453125,6.222933279786957e-11,2.0673542503307308e-11,3226,Simplified BARK,550,0.13427734375,0.4996732207451751,924.0,0.2255859375,True,sector,,,2019415387
8,12,2,100.0,0.039924,0.0,0.0,-0.550025,0.0087890625,0.00439453125,6.222933279786957e-11,2.0673542503307308e-11,3226,Simplified BARK,715,0.174560546875,0.4996821843253939,924.0,0.2255859375,True,sector,,,2019415387
8,12,2,100.0,0.039924,0.0,0.0,-0.550025,0.0087890625,0.00439453125,6.222933279786957e-11,2.0673542503307308e-11,3226,Simplified BARK,931,0.227294921875,0.49968324005500164,924.0,0.2255859375,True,sector,,,2019415387
8,12,2,100.0,0.039924,0.0,0.0,-0.550025,0.0087890625,0.00439453125,6.222933279786957e-11,2.0673542503307308e-11,3226,Simplified BARK,1210,0.29541015625,0.49968324005500164,924.0,0.2255859375,True,sector,,,2019415387
8,12,2,100.0,0.039924,0.0,0.0,-0.550025,0.0087890625,0.00439453125,6.222933279786957e-11,2.0673542503307308e-11,3226,Simplified BARK,1575,0.384521484375,0.49968324005500164,924.0,0.2255859375,True,sector,,,2019415387
8,12,2,100.0,0.039924,0.0,0.0,-0.550025,0.0087890625,0.00439453125,6.222933279786957e-11,2.0673542503307308e-11,3226,Simplified BARK,2048,0.5,0.49968324005500164,924.0,0.2255859375,True,sector,,,2019415387
8,12,2,100.0,0.039924,0.0,0.0,-0.550025,0.0087890625,0.00439453125,6.222933279786957e-11,2.0673542503307308e-11,3226,SKQD,1,0.000244140625,2.0673542503307308e-11,403.3333333333333,0.09847005208333333,True,max_iterations;max_iterations;max_iterations,0.15,300.0,2019415387
8,12,2,100.0,0.039924,0.0,0.0,-0.550025,0.0087890625,0.00439453125,6.222933279786957e-11,2.0673542503307308e-11,3226,SKQD,2,0.00048828125,6.8968904219180906e-12,403.3333333333333,0.09847005208333333,True,max_iterations;max_iterations;max_iterations,0.15,300.0,2019415387
8,12,2,100.0,0.039924,0.0,0.0,-0.550025,0.0087890625,0.00439453125,6.222933279786957e-11,2.0673542503307308e-11,3226,SKQD,3,0.000732421875,6.900584388205877e-12,403.3333333333333,0.09847005208333333,True,max_iterations;max_iterations;max_iterations,0.15,300.0,2019415387
8,12,2,100.0,0.039924,0.0,0.0,-0.550025,0.0087890625,0.00439453125,6.222933279786957e-11,2.0673542503307308e-11,3226,SKQD,4,0.0009765625,6.670297875983076e-07,403.3333333333333,0.09847005208333333,True,max_iterations;max_iterations;max_iterations,0.15,300.0,2019415387
8,12,2,100.0,0.039924,0.0,0.0,-0.550025,0.0087890625,0.00439453125,6.222933279786957e-11,2.0673542503307308e-11,3226,SKQD,5,0.001220703125,6.670297931031619e-07,403.3333333333333,0.09847005208333333,True,max_iterations;max_iterations;max_iterations,0.15,300.0,2019415387
8,12,2,100.0,0.039924,0.0,0.0,-0.550025,0.0087890625,0.00439453125,6.222933279786957e-11,2.0673542503307308e-11,3226,SKQD,6,0.00146484375,6.670297921223113e-07,403.3333333333333,0.09847005208333333,True,max_iterations;max_iterations;max_iterations,0.15,300.0,2019415387
8,12,2,100.0,0.039924,0.0,0.0,-0.550025,0.0087890625,0.00439453125,6.222933279786957e-11,2.0673542503307308e-11,3226,SKQD,8,0.001953125,6.670297921230888e-07,403.3333333333333,0.09847005208333333,True,max_iterations;max_iterations;max_iterations,0.15,300.0,2019415387
8,12,2,100.0,0.039924,0.0,0.0,-0.550025,0.0087890625,0.00439453125,6.222933279786957e-11,2.0673542503307308e-11,3226,SKQD,11,0.002685546875,6.670335007521326e-07,403.3333333333333,0.09847005208333333,True,max_iterations;max_iterations;max_iterations,0.15,300.0,2019415387
8,12,2,100.0,0.039924,0.0,0.0,-0.550025,0.0087890625,0.00439453125,6.222933279786957e-11,2.0673542503307308e-11,3226,SKQD,14,0.00341796875,1.7092808634267052e-06,403.3333333333333,0.09847005208333333,True,max_iterations;max_iterations;max_iterations,0.15,300.0,2019415387
8,12,2,100.0,0.039924,0.0,0.0,-0.550025,0.0087890625,0.00439453125,6.222933279786957e-11,2.0673542503307308e-11,3226,SKQD,18,0.00439453125,2.0845188990320083e-06,403.3333333333333,0.09847005208333333,True,max_iterations;max_iterations;max_iterations,0.15,300.0,2019415387
8,12,2,100.0,0.039924,0.0,0.0,-0.550025,0.0087890625,0.00439453125,6.222933279786957e-11,2.0673542503307308e-11,3226,SKQD,23,0.005615234375,2.0845430589020908e-06,403.3333333333333,0.09847005208333333,True,max_iterations;max_iterations;max_iterations,0.15,300.0,2019415387
8,12,2,100.0,0.039924,0.0,0.0,-0.550025,0.0087890625,0.00439453125,6.222933279786957e-11,2.0673542503307308e-11,3226,SKQD,31,0.007568359375,2.7515876466483914e-06,403.3333333333333,0.09847005208333333,True,max_iterations;max_iterations;max_iterations,0.15,300.0,2019415387
8,12,2,100.0,0.039924,0.0,0.0,-0.550025,0.0087890625,0.00439453125,6.222933279786957e-11,2.0673542503307308e-11,3226,SKQD,40,0.009765625,3.1268261375137082e-06,403.3333333333333,0.09847005208333333,True,max_iterations;max_iterations;max_iterations,0.15,300.0,2019415387
8,12,2,100.0,0.039924,0.0,0.0,-0.550025,0.0087890625,0.00439453125,6.222933279786957e-11,2.0673542503307308e-11,3226,SKQD,52,0.0126953125,3.126837718051174e-06,403.3333333333333,0.09847005208333333,True,max_iterations;max_iterations;max_iterations,0.15,300.0,2019415387
8,12,2,100.0,0.039924,0.0,0.0,-0.550025,0.0087890625,0.00439453125,6.222933279786957e-11,2.0673542503307308e-11,3226,SKQD,67,0.016357421875,3.1269951783131027e-06,403.3333333333333,0.09847005208333333,True,max_iterations;max_iterations;max_iterations,0.15,300.0,2019415387
8,12,2,100.0,0.039924,0.0,0.0,-0.550025,0.0087890625,0.00439453125,6.222933279786957e-11,2.0673542503307308e-11,3226,SKQD,87,0.021240234375,3.1269951838173087e-06,403.3333333333333,0.09847005208333333,True,max_iterations;max_iterations;max_iterations,0.15,300.0,2019415387
8,12,2,100.0,0.039924,0.0,0.0,-0.550025,0.0087890625,0.00439453125,6.222933279786957e-11,2.0673542503307308e-11,3226,SKQD,114,0.02783203125,3.1269951913547936e-06,403.3333333333333,0.09847005208333333,True,max_iterations;max_iterations;max_iterations,0.15,300.0,2019415387
8,12,2,100.0,0.039924,0.0,0.0,-0.550025,0.0087890625,0.00439453125,6.222933279786957e-11,2.0673542503307308e-11,3226,SKQD,148,0.0361328125,3.126995205318951e-06,403.3333333333333,0.09847005208333333,True,max_iterations;max_iterations;max_iterations,0.15,300.0,2019415387
8,12,2,100.0,0.039924,0.0,0.0,-0.550025,0.0087890625,0.00439453125,6.222933279786957e-11,2.0673542503307308e-11,3226,SKQD,192,0.046875,3.1269952213585548e-06,403.3333333333333,0.09847005208333333,True,max_iterations;max_iterations;max_iterations,0.15,300.0,2019415387
8,12,2,100.0,0.039924,0.0,0.0,-0.550025,0.0087890625,0.00439453125,6.222933279786957e-11,2.0673542503307308e-11,3226,SKQD,250,0.06103515625,4.0324388782951846e-06,403.3333333333333,0.09847005208333333,True,max_iterations;max_iterations;max_iterations,0.15,300.0,2019415387
8,12,2,100.0,0.039924,0.0,0.0,-0.550025,0.0087890625,0.00439453125,6.222933279786957e-11,2.0673542503307308e-11,3226,SKQD,325,0.079345703125,4.144800155455704e-06,403.3333333333333,0.09847005208333333,True,max_iterations;max_iterations;max_iterations,0.15,300.0,2019415387
8,12,2,100.0,0.039924,0.0,0.0,-0.550025,0.0087890625,0.00439453125,6.222933279786957e-11,2.0673542503307308e-11,3226,SKQD,423,0.103271484375,5.187035403668394e-06,403.3333333333333,0.09847005208333333,True,max_iterations;max_iterations;max_iterations,0.15,300.0,2019415387
8,12,2,100.0,0.039924,0.0,0.0,-0.550025,0.0087890625,0.00439453125,6.222933279786957e-11,2.0673542503307308e-11,3226,SKQD,550,0.13427734375,5.187035403668394e-06,403.3333333333333,0.09847005208333333,True,max_iterations;max_iterations;max_iterations,0.15,300.0,2019415387
8,12,2,100.0,0.039924,0.0,0.0,-0.550025,0.0087890625,0.00439453125,6.222933279786957e-11,2.0673542503307308e-11,3226,SKQD,715,0.174560546875,5.187035403668394e-06,403.3333333333333,0.09847005208333333,True,max_iterations;max_iterations;max_iterations,0.15,300.0,2019415387
8,12,2,100.0,0.039924,0.0,0.0,-0.550025,0.0087890625,0.00439453125,6.222933279786957e-11,2.0673542503307308e-11,3226,SKQD,931,0.227294921875,5.187035403668394e-06,403.3333333333333,0.09847005208333333,True,max_iterations;max_iterations;max_iterations,0.15,300.0,2019415387
8,12,2,100.0,0.039924,0.0,0.0,-0.550025,0.0087890625,0.00439453125,6.222933279786957e-11,2.0673542503307308e-11,3226,SKQD,1210,0.29541015625,5.187035403668394e-06,403.3333333333333,0.09847005208333333,True,max_iterations;max_iterations;max_iterations,0.15,300.0,2019415387
8,12,2,100.0,0.039924,0.0,0.0,-0.550025,0.0087890625,0.00439453125,6.222933279786957e-11,2.0673542503307308e-11,3226,SKQD,1575,0.384521484375,5.187035403668394e-06,403.3333333333333,0.09847005208333333,True,max_iterations;max_iterations;max_iterations,0.15,300.0,2019415387
8,12,2,100.0,0.039924,0.0,0.0,-0.550025,0.0087890625,0.00439453125,6.222933279786957e-11,2.0673542503307308e-11,3226,SKQD,2048,0.5,5.187035403668394e-06,403.3333333333333,0.09847005208333333,True,max_iterations;max_iterations;max_iterations,0.15,300.0,2019415387
8,12,2,100.0,0.039924,0.0,0.0,-0.550025,0.0087890625,0.00439453125,6.222933279786957e-11,2.0673542503307308e-11,3226,Ceiling,1,0.000244140625,0.5002515544958263,2048.0,0.5,False,,,,2019415387
8,12,2,100.0,0.039924,0.0,0.0,-0.550025,0.0087890625,0.00439453125,6.222933279786957e-11,2.0673542503307308e-11,3226,Ceiling,2,0.00048828125,0.9998718392104129,2048.0,0.5,False,,,,2019415387
8,12,2,100.0,0.039924,0.0,0.0,-0.550025,0.0087890625,0.00439453125,6.222933279786957e-11,2.0673542503307308e-11,3226,Ceiling,3,0.000732421875,0.999877397560313,2048.0,0.5,False,,,,2019415387
8,12,2,100.0,0.039924,0.0,0.0,-0.550025,0.0087890625,0.00439453125,6.222933279786957e-11,2.0673542503307308e-11,3226,Ceiling,4,0.0009765625,0.9998829559102131,2048.0,0.5,False,,,,2019415387
8,12,2,100.0,0.039924,0.0,0.0,-0.550025,0.0087890625,0.00439453125,6.222933279786957e-11,2.0673542503307308e-11,3226,Ceiling,5,0.001220703125,0.9998885142601133,2048.0,0.5,False,,,,2019415387
8,12,2,100.0,0.039924,0.0,0.0,-0.550025,0.0087890625,0.00439453125,6.222933279786957e-11,2.0673542503307308e-11,3226,Ceiling,6,0.00146484375,0.9998940726100134,2048.0,0.5,False,,,,2019415387
8,12,2,100.0,0.039924,0.0,0.0,-0.550025,0.0087890625,0.00439453125,6.222933279786957e-11,2.0673542503307308e-11,3226,Ceiling,8,0.001953125,0.999905189149092,2048.0,0.5,False,,,,2019415387
8,12,2,100.0,0.039924,0.0,0.0,-0.550025,0.0087890625,0.00439453125,6.222933279786957e-11,2.0673542503307308e-11,3226,Ceiling,11,0.002685546875,0.9999218570239631,2048.0,0.5,False,,,,2019415387
8,12,2,100.0,0.039924,0.0,0.0,-0.550025,0.0087890625,0.00439453125,6.222933279786957e-11,2.0673542503307308e-11,3226,Ceiling,14,0.00341796875,0.9999385110313406,2048.0,0.5,False,,,,2019415387
8,12,2,100.0,0.039924,0.0,0.0,-0.550025,0.0087890625,0.00439453125,6.222933279786957e-11,2.0673542503307308e-11,3226,Ceiling,18,0.00439453125,0.9999607160534727,2048.0,0.5,False,,,,2019415387
8,12,2,100.0,0.039924,0.0,0.0,-0.550025,0.0087890625,0.00439453125,6.222933279786957e-11,2.0673542503307308e-11,3226,Ceiling,23,0.005615234375,0.9999752152493264,2048.0,0.5,False,,,,2019415387
8,12,2,100.0,0.039924,0.0,0.0,-0.550025,0.0087890625,0.00439453125,6.222933279786957e-11,2.0673542503307308e-11,3226,Ceiling,31,0.007568359375,0.9999912161844576,2048.0,0.5,False,,,,2019415387
8,12,2,100.0,0.039924,0.0,0.0,-0.550025,0.0087890625,0.00439453125,6.222933279786957e-11,2.0673542503307308e-11,3226,Ceiling,40,0.009765625,0.9999999906742324,2048.0,0.5,False,,,,2019415387
8,12,2,100.0,0.039924,0.0,0.0,-0.550025,0.0087890625,0.00439453125,6.222933279786957e-11,2.0673542503307308e-11,3226,Ceiling,52,0.0126953125,0.9999999932072975,2048.0,0.5,False,,,,2019415387
8,12,2,100.0,0.039924,0.0,0.0,-0.550025,0.0087890625,0.00439453125,6.222933279786957e-11,2.0673542503307308e-11,3226,Ceiling,67,0.016357421875,0.9999999946095202,2048.0,0.5,False,,,,2019415387
8,12,2,100.0,0.039924,0.0,0.0,-0.550025,0.0087890625,0.00439453125,6.222933279786957e-11,2.0673542503307308e-11,3226,Ceiling,87,0.021240234375,0.9999999958508888,2048.0,0.5,False,,,,2019415387
8,12,2,100.0,0.039924,0.0,0.0,-0.550025,0.0087890625,0.00439453125,6.222933279786957e-11,2.0673542503307308e-11,3226,Ceiling,114,0.02783203125,0.9999999972062253,2048.0,0.5,False,,,,2019415387
8,12,2,100.0,0.039924,0.0,0.0,-0.550025,0.0087890625,0.00439453125,6.222933279786957e-11,2.0673542503307308e-11,3226,Ceiling,148,0.0361328125,0.9999999983607503,2048.0,0.5,False,,,,2019415387
8,12,2,100.0,0.039924,0.0,0.0,-0.550025,0.0087890625,0.00439453125,6.222933279786957e-11,2.0673542503307308e-11,3226,Ceiling,192,0.046875,0.99999999936476,2048.0,0.5,False,,,,2019415387
8,12,2,100.0,0.039924,0.0,0.0,-0.550025,0.0087890625,0.00439453125,6.222933279786957e-11,2.0673542503307308e-11,3226,Ceiling,250,0.06103515625,0.9999999999993302,2048.0,0.5,False,,,,2019415387
8,12,2,100.0,0.039924,0.0,0.0,-0.550025,0.0087890625,0.00439453125,6.222933279786957e-11,2.0673542503307308e-11,3226,Ceiling,325,0.079345703125,0.9999999999998007,2048.0,0.5,False,,,,2019415387
8,12,2,100.0,0.039924,0.0,0.0,-0.550025,0.0087890625,0.00439453125,6.222933279786957e-11,2.0673542503307308e-11,3226,Ceiling,423,0.103271484375,0.9999999999999456,2048.0,0.5,False,,,,2019415387
8,12,2,100.0,0.039924,0.0,0.0,-0.550025,0.0087890625,0.00439453125,6.222933279786957e-11,2.0673542503307308e-11,3226,Ceiling,550,0.13427734375,0.9999999999999948,2048.0,0.5,False,,,,2019415387
8,12,2,100.0,0.039924,0.0,0.0,-0.550025,0.0087890625,0.00439453125,6.222933279786957e-11,2.0673542503307308e-11,3226,Ceiling,715,0.174560546875,0.9999999999999992,2048.0,0.5,False,,,,2019415387
8,12,2,100.0,0.039924,0.0,0.0,-0.550025,0.0087890625,0.00439453125,6.222933279786957e-11,2.0673542503307308e-11,3226,Ceiling,931,0.227294921875,0.9999999999999992,2048.0,0.5,False,,,,2019415387
8,12,2,100.0,0.039924,0.0,0.0,-0.550025,0.0087890625,0.00439453125,6.222933279786957e-11,2.0673542503307308e-11,3226,Ceiling,1210,0.29541015625,0.9999999999999992,2048.0,0.5,False,,,,2019415387
8,12,2,100.0,0.039924,0.0,0.0,-0.550025,0.0087890625,0.00439453125,6.222933279786957e-11,2.0673542503307308e-11,3226,Ceiling,1575,0.384521484375,0.9999999999999992,2048.0,0.5,False,,,,2019415387
8,12,2,100.0,0.039924,0.0,0.0,-0.550025,0.0087890625,0.00439453125,6.222933279786957e-11,2.0673542503307308e-11,3226,Ceiling,2048,0.5,0.9999999999999992,2048.0,0.5,False,,,,2019415387
8,12,2,100.0,0.039924,0.0,0.0,-0.550025,0.0087890625,0.00439453125,6.222933279786957e-11,6.177504558524942e-11,1622,BARK,1,0.000244140625,6.177504558524942e-11,924.0,0.2255859375,True,sector,,,2019415387
8,12,2,100.0,0.039924,0.0,0.0,-0.550025,0.0087890625,0.00439453125,6.222933279786957e-11,6.177504558524942e-11,1622,BARK,2,0.00048828125,3.2590827820021986e-13,924.0,0.2255859375,True,sector,,,2019415387
8,12,2,100.0,0.039924,0.0,0.0,-0.550025,0.0087890625,0.00439453125,6.222933279786957e-11,6.177504558524942e-11,1622,BARK,3,0.000732421875,4.743519241555514e-13,924.0,0.2255859375,True,sector,,,2019415387
8,12,2,100.0,0.039924,0.0,0.0,-0.550025,0.0087890625,0.00439453125,6.222933279786957e-11,6.177504558524942e-11,1622,BARK,4,0.0009765625,2.780521176981344e-06,924.0,0.2255859375,True,sector,,,2019415387
8,12,2,100.0,0.039924,0.0,0.0,-0.550025,0.0087890625,0.00439453125,6.222933279786957e-11,6.177504558524942e-11,1622,BARK,5,0.001220703125,0.5002571129963309,924.0,0.2255859375,True,sector,,,2019415387
8,12,2,100.0,0.039924,0.0,0.0,-0.550025,0.0087890625,0.00439453125,6.222933279786957e-11,6.177504558524942e-11,1622,BARK,6,0.00146484375,0.5002626713006519,924.0,0.2255859375,True,sector,,,2019415387
8,12,2,100.0,0.039924,0.0,0.0,-0.550025,0.0087890625,0.00439453125,6.222933279786957e-11,6.177504558524942e-11,1622,BARK,8,0.001953125,0.5002682299717939,924.0,0.2255859375,True,sector,,,2019415387
8,12,2,100.0,0.039924,0.0,0.0,-0.550025,0.0087890625,0.00439453125,6.222933279786957e-11,6.177504558524942e-11,1622,BARK,11,0.002685546875,0.5002737886861495,924.0,0.2255859375,True,sector,,,2019415387
8,12,2,100.0,0.039924,0.0,0.0,-0.550025,0.0087890625,0.00439453125,6.222933279786957e-11,6.177504558524942e-11,1622,BARK,14,0.00341796875,0.5002789163598089,924.0,0.2255859375,True,sector,,,2019415387
8,12,2,100.0,0.039924,0.0,0.0,-0.550025,0.0087890625,0.00439453125,6.222933279786957e-11,6.177504558524942e-11,1622,BARK,18,0.00439453125,0.500280306065589,924.0,0.2255859375,True,sector,,,2019415387
8,12,2,100.0,0.039924,0.0,0.0,-0.550025,0.0087890625,0.00439453125,6.222933279786957e-11,6.177504558524942e-11,1622,BARK,23,0.005615234375,0.5002803061506258,924.0,0.2255859375,True,sector,,,2019415387
8,12,2,100.0,0.039924,0.0,0.0,-0.550025,0.0087890625,0.00439453125,6.222933279786957e-11,6.177504558524942e-11,1622,BARK,31,0.007568359375,0.5002843084894198,924.0,0.2255859375,True,sector,,,2019415387
8,12,2,100.0,0.039924,0.0,0.0,-0.550025,0.0087890625,0.00439453125,6.222933279786957e-11,6.177504558524942e-11,1622,BARK,40,0.009765625,0.5002843085497405,924.0,0.2255859375,True,sector,,,2019415387
8,12,2,100.0,0.039924,0.0,0.0,-0.550025,0.0087890625,0.00439453125,6.222933279786957e-11,6.177504558524942e-11,1622,BARK,52,0.0126953125,0.5002898671671834,924.0,0.2255859375,True,sector,,,2019415387
8,12,2,100.0,0.039924,0.0,0.0,-0.550025,0.0087890625,0.00439453125,6.222933279786957e-11,6.177504558524942e-11,1622,BARK,67,0.016357421875,0.5002954257865733,924.0,0.2255859375,True,sector,,,2019415387
8,12,2,100.0,0.039924,0.0,0.0,-0.550025,0.0087890625,0.00439453125,6.222933279786957e-11,6.177504558524942e-11,1622,BARK,87,0.021240234375,0.5003029856213034,924.0,0.2255859375,True,sector,,,2019415387
8,12,2,100.0,0.039924,0.0,0.0,-0.550025,0.0087890625,0.00439453125,6.222933279786957e-11,6.177504558524942e-11,1622,BARK,114,0.02783203125,0.5003105457644788,924.0,0.2255859375,True,sector,,,2019415387
8,12,2,100.0,0.039924,0.0,0.0,-0.550025,0.0087890625,0.00439453125,6.222933279786957e-11,6.177504558524942e-11,1622,BARK,148,0.0361328125,0.500313672801702,924.0,0.2255859375,True,sector,,,2019415387
8,12,2,100.0,0.039924,0.0,0.0,-0.550025,0.0087890625,0.00439453125,6.222933279786957e-11,6.177504558524942e-11,1622,BARK,192,0.046875,0.5003156743870418,924.0,0.2255859375,True,sector,,,2019415387
8,12,2,100.0,0.039924,0.0,0.0,-0.550025,0.0087890625,0.00439453125,6.222933279786957e-11,6.177504558524942e-11,1622,BARK,250,0.06103515625,0.5003156749350604,924.0,0.2255859375,True,sector,,,2019415387
8,12,2,100.0,0.039924,0.0,0.0,-0.550025,0.0087890625,0.00439453125,6.222933279786957e-11,6.177504558524942e-11,1622,BARK,325,0.079345703125,0.5003156749955073,924.0,0.2255859375,True,sector,,,2019415387
8,12,2,100.0,0.039924,0.0,0.0,-0.550025,0.0087890625,0.00439453125,6.222933279786957e-11,6.177504558524942e-11,1622,BARK,423,0.103271484375,0.5003156751350135,924.0,0.2255859375,True,sector,,,2019415387
8,12,2,100.0,0.039924,0.0,0.0,-0.550025,0.0087890625,0.00439453125,6.222933279786957e-11,6.177504558524942e-11,1622,BARK,550,0.13427734375,0.500315708249562,924.0,0.2255859375,True,sector,,,2019415387
8,12,2,100.0,0.039924,0.0,0.0,-0.550025,0.0087890625,0.00439453125,6.222933279786957e-11,6.177504558524942e-11,1622,BARK,715,0.174560546875,0.5003157028914446,924.0,0.2255859375,True,sector,,,2019415387
8,12,2,100.0,0.039924,0.0,0.0,-0.550025,0.0087890625,0.00439453125,6.222933279786957e-11,6.177504558524942e-11,1622,BARK,931,0.227294921875,0.5003170923084622,924.0,0.2255859375,True,sector,,,2019415387
8,12,2,100.0,0.039924,0.0,0.0,-0.550025,0.0087890625,0.00439453125,6.222933279786957e-11,6.177504558524942e-11,1622,BARK,1210,0.29541015625,0.5003170923084622,924.0,0.2255859375,True,sector,,,2019415387
8,12,2,100.0,0.039924,0.0,0.0,-0.550025,0.0087890625,0.00439453125,6.222933279786957e-11,6.177504558524942e-11,1622,BARK,1575,0.384521484375,0.5003170923084622,924.0,0.2255859375,True,sector,,,2019415387
8,12,2,100.0,0.039924,0.0,0.0,-0.550025,0.0087890625,0.00439453125,6.222933279786957e-11,6.177504558524942e-11,1622,BARK,2048,0.5,0.5003170923084622,924.0,0.2255859375,True,sector,,,2019415387
8,12,2,100.0,0.039924,0.0,0.0,-0.550025,0.0087890625,0.00439453125,6.222933279786957e-11,6.177504558524942e-11,1622,Simplified BARK,1,0.000244140625,6.177504558524942e-11,924.0,0.2255859375,True,sector,,,2019415387
8,12,2,100.0,0.039924,0.0,0.0,-0.550025,0.0087890625,0.00439453125,6.222933279786957e-11,6.177504558524942e-11,1622,Simplified BARK,2,0.00048828125,6.177669202072888e-11,924.0,0.2255859375,True,sector,,,2019415387
8,12,2,100.0,0.039924,0.0,0.0,-0.550025,0.0087890625,0.00439453125,6.222933279786957e-11,6.177504558524942e-11,1622,Simplified BARK,3,0.000732421875,6.17766920647192e-11,924.0,0.2255859375,True,sector,,,2019415387
8,12,2,100.0,0.039924,0.0,0.0,-0.550025,0.0087890625,0.00439453125,6.222933279786957e-11,6.177504558524942e-11,1622,Simplified BARK,4,0.0009765625,6.177669206472033e-11,924.0,0.2255859375,True,sector,,,2019415387
8,12,2,100.0,0.039924,0.0,0.0,-0.550025,0.0087890625,0.00439453125,6.222933279786957e-11,6.177504558524942e-11,1622,Simplified BARK,5,0.001220703125,6.177669206472051e-11,924.0,0.2255859375,True,sector,,,2019415387
8,12,2,100.0,0.039924,0.0,0.0,-0.550025,0.0087890625,0.00439453125,6.222933279786957e-11,6.177504558524942e-11,1622,Simplified BARK,6,0.00146484375,6.177669206472051e-11,924.0,0.2255859375,True,sector,,,2019415387
8,12,2,100.0,0.039924,0.0,0.0,-0.550025,0.0087890625,0.00439453125,6.222933279786957e-11,6.177504558524942e-11,1622,Simplified BARK,8,0.001953125,6.177669206472051e-11,924.0,0.2255859375,True,sector,,,2019415387
8,12,2,100.0,0.039924,0.0,0.0,-0.550025,0.0087890625,0.00439453125,6.222933279786957e-11,6.177504558524942e-11,1622,Simplified BARK,11,0.002685546875,6.177669206472051e-11,924.0,0.2255859375,True,sector,,,2019415387
8,12,2,100.0,0.039924,0.0,0.0,-0.550025,0.0087890625,0.00439453125,6.222933279786957e-11,6.177504558524942e-11,1622,Simplified BARK,14,0.00341796875,6.177669206472048e-11,924.0,0.2255859375,True,sector,,,2019415387
8,12,2,100.0,0.039924,0.0,0.0,-0.550025,0.0087890625,0.00439453125,6.222933279786957e-11,6.177504558524942e-11,1622,Simplified BARK,18,0.00439453125,6.177669206472048e-11,924.0,0.2255859375,True,sector,,,2019415387
8,12,2,100.0,0.039924,0.0,0.0,-0.550025,0.0087890625,0.00439453125,6.222933279786957e-11,6.177504558524942e-11,1622,Simplified BARK,23,0.005615234375,6.177669206472048e-11,924.0,0.2255859375,True,sector,,,2019415387
8,12,2,100.0,0.039924,0.0,0.0,-0.550025,0.0087890625,0.00439453125,6.222933279786957e-11,6.177504558524942e-11,1622,Simplified BARK,31,0.007568359375,6.177669206472051e-11,924.0,0.2255859375,True,sector,,,2019415387
8,12,2,100.0,0.039924,0.0,0.0,-0.550025,0.0087890625,0.00439453125,6.222933279786957e-11,6.177504558524942e-11,1622,Simplified BARK,40,0.009765625,6.177669206472048e-11,924.0,0.2255859375,True,sector,,,2019415387
8,12,2,100.0,0.039924,0.0,0.0,-0.550025,0.0087890625,0.00439453125,6.222933279786957e-11,6.177504558524942e-11,1622,Simplified BARK,52,0.0126953125,1.980782156469186e-11,924.0,0.2255859375,True,sector,,,2019415387
8,12,2,100.0,0.039924,0.0,0.0,-0.550025,0.0087890625,0.00439453125,6.222933279786957e-11,6.177504558524942e-11,1622,Simplified BARK,67,0.016357421875,1.2441624632016109e-14,924.0,0.2255859375,True,sector,,,2019415387
8,12,2,100.0,0.039924,0.0,0.0,-0.550025,0.0087890625,0.00439453125,6.222933279786957e-11,6.177504558524942e-11,1622,Simplified BARK,87,0.021240234375,1.0035075201710487e-06,924.0,0.2255859375,True,sector,,,2019415387
8,12,2,100.0,0.039924,0.0,0.0,-0.550025,0.0087890625,0.00439453125,6.222933279786957e-11,6.177504558524942e-11,1622,Simplified BARK,114,0.02783203125,2.7036699217341338e-21,924.0,0.2255859375,True,sector,,,2019415387
8,12,2,100.0,0.039924,0.0,0.0,-0.550025,0.0087890625,0.00439453125,6.222933279786957e-11,6.177504558524942e-11,1622,Simplified BARK,148,0.0361328125,5.558618483340465e-06,924.0,0.2255859375,True,sector,,,2019415387
8,12,2,100.0,0.039924,0.0,0.0,-0.550025,0.0087890625,0.00439453125,6.222933279786957e-11,6.177504558524942e-11,1622,Simplified BARK,192,0.046875,5.558618552197728e-06,924.0,0.2255859375,True,sector,,,2019415387
8,12,2,100.0,0.039924,0.0,0.0,-0.550025,0.0087890625,0.00439453125,6.222933279786957e-11,6.177504558524942e-11,1622,Simplified BARK,250,0.06103515625,5.5618804147435945e-06,924.0,0.2255859375,True,sector,,,2019415387
8,12,2,100.0,0.039924,0.0,0.0,-0.550025,0.0087890625,0.00439453125,6.222933279786957e-11,6.177504558524942e-11,1622,Simplified BARK,325,0.079345703125,0.4996636708136273,924.0,0.2255859375,True,sector,,,2019415387
8,12,2,100.0,0.039924,0.0,0.0,-0.550025,0.0087890625,0.00439453125,6.222933279786957e-11,6.177504558524942e-11,1622,Simplified BARK,423,0.103271484375,0.4996712216778935,924.0,0.2255859375,True,sector,,,2019415387
8,12,2,100.0,0.039924,0.0,0.0,-0.550025,0.0087890625,0.00439453125,6.222933279786957e-11,6.177504558524942e-11,1622,Simplified BARK,550,0.13427734375,0.49967322074516585,924.0,0.2255859375,True,sector,,,2019415387
8,12,2,100.0,0.039924,0.0,0.0,-0.550025,0.0087890625,0.00439453125,6.222933279786957e-11,6.177504558524942e-11,1622,Simplified BARK,715,0.174560546875,0.49967547664080203,924.0,0.2255859375,True,sector,,,2019415387
8,12,2,100.0,0.039924,0.0,0.0,-0.550025,0.0087890625,0.00439453125,6.222933279786957e-11,6.177504558524942e-11,1622,Simplified BARK,931,0.227294921875,0.49968552820034007,924.0,0.2255859375,True,sector,,,2019415387
8,12,2,100.0,0.039924,0.0,0.0,-0.550025,0.0087890625,0.00439453125,6.222933279786957e-11,6.177504558524942e-11,1622,Simplified BARK,1210,0.29541015625,0.49968552820034007,924.0,0.2255859375,True,sector,,,2019415387
8,12,2,100.0,0.039924,0.0,0.0,-0.550025,0.0087890625,0.00439453125,6.222933279786957e-11,6.177504558524942e-11,1622,Simplified BARK,1575,0.384521484375,0.49968552820034007,924.0,0.2255859375,True,sector,,,2019415387
8,12,2,100.0,0.039924,0.0,0.0,-0.550025,0.0087890625,0.00439453125,6.222933279786957e-11,6.177504558524942e-11,1622,Simplified BARK,2048,0.5,0.49968552820034007,924.0,0.2255859375,True,sector,,,2019415387
8,12,2,100.0,0.039924,0.0,0.0,-0.550025,0.0087890625,0.00439453125,6.222933279786957e-11,6.177504558524942e-11,1622,SKQD,1,0.000244140625,6.177504558524942e-11,396.6666666666667,0.09684244791666667,True,max_iterations;max_iterations;max_iterations,0.5,1000.0,2019415387
8,12,2,100.0,0.039924,0.0,0.0,-0.550025,0.0087890625,0.00439453125,6.222933279786957e-11,6.177504558524942e-11,1622,SKQD,2,0.00048828125,1.8528450782875936e-06,396.6666666666667,0.09684244791666667,True,max_iterations;max_iterations;max_iterations,0.5,1000.0,2019415387
8,12,2,100.0,0.039924,0.0,0.0,-0.550025,0.0087890625,0.00439453125,6.222933279786957e-11,6.177504558524942e-11,1622,SKQD,3,0.000732421875,1.8528450810064644e-06,396.6666666666667,0.09684244791666667,True,max_iterations;max_iterations;max_iterations,0.5,1000.0,2019415387
8,12,2,100.0,0.039924,0.0,0.0,-0.550025,0.0087890625,0.00439453125,6.222933279786957e-11,6.177504558524942e-11,1622,SKQD,4,0.0009765625,1.8528450857466778e-06,396.6666666666667,0.09684244791666667,True,max_iterations;max_iterations;max_iterations,0.5,1000.0,2019415387
8,12,2,100.0,0.039924,0.0,0.0,-0.550025,0.0087890625,0.00439453125,6.222933279786957e-11,6.177504558524942e-11,1622,SKQD,5,0.001220703125,1.8528450884654833e-06,396.6666666666667,0.09684244791666667,True,max_iterations;max_iterations;max_iterations,0.5,1000.0,2019415387
8,12,2,100.0,0.039924,0.0,0.0,-0.550025,0.0087890625,0.00439453125,6.222933279786957e-11,6.177504558524942e-11,1622,SKQD,6,0.00146484375,1.8528450886181997e-06,396.6666666666667,0.09684244791666667,True,max_iterations;max_iterations;max_iterations,0.5,1000.0,2019415387
8,12,2,100.0,0.039924,0.0,0.0,-0.550025,0.0087890625,0.00439453125,6.222933279786957e-11,6.177504558524942e-11,1622,SKQD,8,0.001953125,3.7056407446249817e-06,396.6666666666667,0.09684244791666667,True,max_iterations;max_iterations;max_iterations,0.5,1000.0,2019415387
8,12,2,100.0,0.039924,0.0,0.0,-0.550025,0.0087890625,0.00439453125,6.222933279786957e-11,6.177504558524942e-11,1622,SKQD,11,0.002685546875,5.362850519610704e-06,396.6666666666667,0.09684244791666667,True,max_iterations;max_iterations;max_iterations,0.5,1000.0,2019415387
8,12,2,100.0,0.039924,0.0,0.0,-0.550025,0.0087890625,0.00439453125,6.222933279786957e-11,6.177504558524942e-11,1622,SKQD,14,0.00341796875,8.113412412033414e-06,396.6666666666667,0.09684244791666667,True,max_iterations;max_iterations;max_iterations,0.5,1000.0,2019415387
8,12,2,100.0,0.039924,0.0,0.0,-0.550025,0.0087890625,0.00439453125,6.222933279786957e-11,6.177504558524942e-11,1622,SKQD,18,0.00439453125,6.808499302330936e-06,396.6666666666667,0.09684244791666667,True,max_iterations;max_iterations;max_iterations,0.5,1000.0,2019415387
8,12,2,100.0,0.039924,0.0,0.0,-0.550025,0.0087890625,0.00439453125,6.222933279786957e-11,6.177504558524942e-11,1622,SKQD,23,0.005615234375,7.412623407687383e-06,396.6666666666667,0.09684244791666667,True,max_iterations;max_iterations;max_iterations,0.5,1000.0,2019415387
8,12,2,100.0,0.039924,0.0,0.0,-0.550025,0.0087890625,0.00439453125,6.222933279786957e-11,6.177504558524942e-11,1622,SKQD,31,0.007568359375,5.560484973881191e-06,396.6666666666667,0.09684244791666667,True,max_iterations;max_iterations;max_iterations,0.5,1000.0,2019415387
8,12,2,100.0,0.039924,0.0,0.0,-0.550025,0.0087890625,0.00439453125,6.222933279786957e-11,6.177504558524942e-11,1622,SKQD,40,0.009765625,6.367429081408524e-06,396.6666666666667,0.09684244791666667,True,max_iterations;max_iterations;max_iterations,0.5,1000.0,2019415387
8,12,2,100.0,0.039924,0.0,0.0,-0.550025,0.0087890625,0.00439453125,6.222933279786957e-11,6.177504558524942e-11,1622,SKQD,52,0.0126953125,7.962323403942956e-06,396.6666666666667,0.09684244791666667,True,max_iterations;max_iterations;max_iterations,0.5,1000.0,2019415387
8,12,2,100.0,0.039924,0.0,0.0,-0.550025,0.0087890625,0.00439453125,6.222933279786957e-11,6.177504558524942e-11,1622,SKQD,67,0.016357421875,8.4295469038888e-06,396.6666666666667,0.09684244791666667,True,max_iterations;max_iterations;max_iterations,0.5,1000.0,2019415387
8,12,2,100.0,0.039924,0.0,0.0,-0.550025,0.0087890625,0.00439453125,6.222933279786957e-11,6.177504558524942e-11,1622,SKQD,87,0.021240234375,8.361907561344243e-06,396.6666666666667,0.09684244791666667,True,max_iterations;max_iterations;max_iterations,0.5,1000.0,2019415387
8,12,2,100.0,0.039924,0.0,0.0,-0.550025,0.0087890625,0.00439453125,6.222933279786957e-11,6.177504558524942e-11,1622,SKQD,114,0.02783203125,1.0249663854861692e-05,396.6666666666667,0.09684244791666667,True,max_iterations;max_iterations;max_iterations,0.5,1000.0,2019415387
8,12,2,100.0,0.039924,0.0,0.0,-0.550025,0.0087890625,0.00439453125,6.222933279786957e-11,6.177504558524942e-11,1622,SKQD,148,0.0361328125,1.3376468887468132e-05,396.6666666666667,0.09684244791666667,True,max_iterations;max_iterations;max_iterations,0.5,1000.0,2019415387
8,12,2,100.0,0.039924,0.0,0.0,-0.550025,0.0087890625,0.00439453125,6.222933279786957e-11,6.177504558524942e-11,1622,SKQD,192,0.046875,2.2706578231684562e-05,396.6666666666667,0.09684244791666667,True,max_iterations;max_iterations;max_iterations,0.5,1000.0,2019415387
8,12,2,100.0,0.039924,0.0,0.0,-0.550025,0.0087890625,0.00439453125,6.222933279786957e-11,6.177504558524942e-11,1622,SKQD,250,0.06103515625,2.7821195981220395e-05,396.6666666666667,0.09684244791666667,True,max_iterations;max_iterations;max_iterations,0.5,1000.0,2019415387
8,12,2,100.0,0.039924,0.0,0.0,-0.550025,0.0087890625,0.00439453125,6.222933279786957e-11,6.177504558524942e-11,1622,SKQD,325,0.079345703125,3.063158987871273e-05,396.6666666666667,0.09684244791666667,True,max_iterations;max_iterations;max_iterations,0.5,1000.0,2019415387
8,12,2,100.0,0.039924,0.0,0.0,-0.550025,0.0087890625,0.00439453125,6.222933279786957e-11,6.177504558524942e-11,1622,SKQD,423,0.103271484375,2.7950436546951313e-05,396.6666666666667,0.09684244791666667,True,max_iterations;max_iterations;max_iterations,0.5,1000.0,2019415387
8,12,2,100.0,0.039924,0.0,0.0,-0.550025,0.0087890625,0.00439453125,6.222933279786957e-11,6.177504558524942e-11,1622,SKQD,550,0.13427734375,2.7950436546951313e-05,396.6666666666667,0.09684244791666667,True,max_iterations;max_iterations;max_iterations,0.5,1000.0,2019415387
8,12,2,100.0,0.039924,0.0,0.0,-0.550025,0.0087890625,0.00439453125,6.222933279786957e-11,6.177504558524942e-11,1622,SKQD,715,0.174560546875,2.7950436546951313e-05,396.6666666666667,0.09684244791666667,True,max_iterations;max_iterations;max_iterations,0.5,1000.0,2019415387
8,12,2,100.0,0.039924,0.0,0.0,-0.550025,0.0087890625,0.00439453125,6.222933279786957e-11,6.177504558524942e-11,1622,SKQD,931,0.227294921875,2.7950436546951313e-05,396.6666666666667,0.09684244791666667,True,max_iterations;max_iterations;max_iterations,0.5,1000.0,2019415387
8,12,2,100.0,0.039924,0.0,0.0,-0.550025,0.0087890625,0.00439453125,6.222933279786957e-11,6.177504558524942e-11,1622,SKQD,1210,0.29541015625,2.7950436546951313e-05,396.6666666666667,0.09684244791666667,True,max_iterations;max_iterations;max_iterations,0.5,1000.0,2019415387
8,12,2,100.0,0.039924,0.0,0.0,-0.550025,0.0087890625,0.00439453125,6.222933279786957e-11,6.177504558524942e-11,1622,SKQD,1575,0.384521484375,2.7950436546951313e-05,396.6666666666667,0.09684244791666667,True,max_iterations;max_iterations;max_iterations,0.5,1000.0,2019415387
8,12,2,100.0,0.039924,0.0,0.0,-0.550025,0.0087890625,0.00439453125,6.222933279786957e-11,6.177504558524942e-11,1622,SKQD,2048,0.5,2.7950436546951313e-05,396.6666666666667,0.09684244791666667,True,max_iterations;max_iterations;max_iterations,0.5,1000.0,2019415387
8,12,2,100.0,0.039924,0.0,0.0,-0.550025,0.0087890625,0.00439453125,6.222933279786957e-11,6.177504558524942e-11,1622,Ceiling,1,0.000244140625,0.5002515544958263,2048.0,0.5,False,,,,2019415387
8,12,2,100.0,0.039924,0.0,0.0,-0.550025,0.0087890625,0.00439453125,6.222933279786957e-11,6.177504558524942e-11,1622,Ceiling,2,0.00048828125,0.9998718392104129,2048.0,0.5,False,,,,2019415387
8,12,2,100.0,0.039924,0.0,0.0,-0.550025,0.0087890625,0.00439453125,6.222933279786957e-11,6.177504558524942e-11,1622,Ceiling,3,0.000732421875,0.999877397560313,2048.0,0.5,False,,,,2019415387
8,12,2,100.0,0.039924,0.0,0.0,-0.550025,0.0087890625,0.00439453125,6.222933279786957e-11,6.177504558524942e-11,1622,Ceiling,4,0.0009765625,0.9998829559102131,2048.0,0.5,False,,,,2019415387
8,12,2,100.0,0.039924,0.0,0.0,-0.550025,0.0087890625,0.00439453125,6.222933279786957e-11,6.177504558524942e-11,1622,Ceiling,5,0.001220703125,0.9998885142601133,2048.0,0.5,False,,,,2019415387
8,12,2,100.0,0.039924,0.0,0.0,-0.550025,0.0087890625,0.00439453125,6.222933279786957e-11,6.177504558524942e-11,1622,Ceiling,6,0.00146484375,0.9998940726100134,2048.0,0.5,False,,,,2019415387
8,12,2,100.0,0.039924,0.0,0.0,-0.550025,0.0087890625,0.00439453125,6.222933279786957e-11,6.177504558524942e-11,1622,Ceiling,8,0.001953125,0.999905189149092,2048.0,0.5,False,,,,2019415387
8,12,2,100.0,0.039924,0.0,0.0,-0.550025,0.0087890625,0.00439453125,6.222933279786957e-11,6.177504558524942e-11,1622,Ceiling,11,0.002685546875,0.9999218570239631,2048.0,0.5,False,,,,2019415387
8,12,2,100.0,0.039924,0.0,0.0,-0.550025,0.0087890625,0.00439453125,6.222933279786957e-11,6.177504558524942e-11,1622,Ceiling,14,0.00341796875,0.9999385110313406,2048.0,0.5,False,,,,2019415387
8,12,2,100.0,0.039924,0.0,0.0,-0.550025,0.0087890625,0.00439453125,6.222933279786957e-11,6.177504558524942e-11,1622,Ceiling,18,0.00439453125,0.9999607160534727,2048.0,0.5,False,,,,2019415387
8,12,2,100.0,0.039924,0.0,0.0,-0.550025,0.0087890625,0.00439453125,6.222933279786957e-11,6.177504558524942e-11,1622,Ceiling,23,0.005615234375,0.9999752152493264,2048.0,0.5,False,,,,2019415387
8,12,2,100.0,0.039924,0.0,0.0,-0.550025,0.0087890625,0.00439453125,6.222933279786957e-11,6.177504558524942e-11,1622,Ceiling,31,0.007568359375,0.9999912161844576,2048.0,0.5,False,,,,2019415387
8,12,2,100.0,0.039924,0.0,0.0,-0.550025,0.0087890625,0.00439453125,6.222933279786957e-11,6.177504558524942e-11,1622,Ceiling,40,0.009765625,0.9999999906742324,2048.0,0.5,False,,,,2019415387
8,12,2,100.0,0.039924,0.0,0.0,-0.550025,0.0087890625,0.00439453125,6.222933279786957e-11,6.177504558524942e-11,1622,Ceiling,52,0.0126953125,0.9999999932072975,2048.0,0.5,False,,,,2019415387
8,12,2,100.0,0.039924,0.0,0.0,-0.550025,0.0087890625,0.00439453125,6.222933279786957e-11,6.177504558524942e-11,1622,Ceiling,67,0.016357421875,0.9999999946095202,2048.0,0.5,False,,,,2019415387
8,12,2,100.0,0.039924,0.0,0.0,-0.550025,0.0087890625,0.00439453125,6.222933279786957e-11,6.177504558524942e-11,1622,Ceiling,87,0.021240234375,0.9999999958508888,2048.0,0.5,False,,,,2019415387
8,12,2,100.0,0.039924,0.0,0.0,-0.550025,0.0087890625,0.00439453125,6.222933279786957e-11,6.177504558524942e-11,1622,Ceiling,114,0.02783203125,0.9999999972062253,2048.0,0.5,False,,,,2019415387
8,12,2,100.0,0.039924,0.0,0.0,-0.550025,0.0087890625,0.00439453125,6.222933279786957e-11,6.177504558524942e-11,1622,Ceiling,148,0.0361328125,0.9999999983607503,2048.0,0.5,False,,,,2019415387
8,12,2,100.0,0.039924,0.0,0.0,-0.550025,0.0087890625,0.00439453125,6.222933279786957e-11,6.177504558524942e-11,1622,Ceiling,192,0.046875,0.99999999936476,2048.0,0.5,False,,,,2019415387
8,12,2,100.0,0.039924,0.0,0.0,-0.550025,0.0087890625,0.00439453125,6.222933279786957e-11,6.177504558524942e-11,1622,Ceiling,250,0.06103515625,0.9999999999993302,2048.0,0.5,False,,,,2019415387
8,12,2,100.0,0.039924,0.0,0.0,-0.550025,0.0087890625,0.00439453125,6.222933279786957e-11,6.177504558524942e-11,1622,Ceiling,325,0.079345703125,0.9999999999998007,2048.0,0.5,False,,,,2019415387
8,12,2,100.0,0.039924,0.0,0.0,-0.550025,0.0087890625,0.00439453125,6.222933279786957e-11,6.177504558524942e-11,1622,Ceiling,423,0.103271484375,0.9999999999999456,2048.0,0.5,False,,,,2019415387
8,12,2,100.0,0.039924,0.0,0.0,-0.550025,0.0087890625,0.00439453125,6.222933279786957e-11,6.177504558524942e-11,1622,Ceiling,550,0.13427734375,0.9999999999999948,2048.0,0.5,False,,,,2019415387
8,12,2,100.0,0.039924,0.0,0.0,-0.550025,0.0087890625,0.00439453125,6.222933279786957e-11,6.177504558524942e-11,1622,Ceiling,715,0.174560546875,0.9999999999999992,2048.0,0.5,False,,,,2019415387
8,12,2,100.0,0.039924,0.0,0.0,-0.550025,0.0087890625,0.00439453125,6.222933279786957e-11,6.177504558524942e-11,1622,Ceiling,931,0.227294921875,0.9999999999999992,2048.0,0.5,False,,,,2019415387
8,12,2,100.0,0.039924,0.0,0.0,-0.550025,0.0087890625,0.00439453125,6.222933279786957e-11,6.177504558524942e-11,1622,Ceiling,1210,0.29541015625,0.9999999999999992,2048.0,0.5,False,,,,2019415387
8,12,2,100.0,0.039924,0.0,0.0,-0.550025,0.0087890625,0.00439453125,6.222933279786957e-11,6.177504558524942e-11,1622,Ceiling,1575,0.384521484375,0.9999999999999992,2048.0,0.5,False,,,,2019415387
8,12,2,100.0,0.039924,0.0,0.0,-0.550025,0.0087890625,0.00439453125,6.222933279786957e-11,6.177504558524942e-11,1622,Ceiling,2048,0.5,0.9999999999999992,2048.0,0.5,False,,,,2019415387
8,12,2,100.0,0.039924,0.0,0.0,-0.550025,0.0087890625,0.00439453125,6.222933279786957e-11,2.0647454463499177e-11,917,BARK,1,0.000244140625,2.0647454463499177e-11,924.0,0.2255859375,True,sector,,,2019415387
8,12,2,100.0,0.039924,0.0,0.0,-0.550025,0.0087890625,0.00439453125,6.222933279786957e-11,2.0647454463499177e-11,917,BARK,2,0.00048828125,3.122576364008504e-06,924.0,0.2255859375,True,sector,,,2019415387
8,12,2,100.0,0.039924,0.0,0.0,-0.550025,0.0087890625,0.00439453125,6.222933279786957e-11,2.0647454463499177e-11,917,BARK,3,0.000732421875,0.4996234072886844,924.0,0.2255859375,True,sector,,,2019415387
8,12,2,100.0,0.039924,0.0,0.0,-0.550025,0.0087890625,0.00439453125,6.222933279786957e-11,2.0647454463499177e-11,917,BARK,4,0.0009765625,0.49962895854421646,924.0,0.2255859375,True,sector,,,2019415387
8,12,2,100.0,0.039924,0.0,0.0,-0.550025,0.0087890625,0.00439453125,6.222933279786957e-11,2.0647454463499177e-11,917,BARK,5,0.001220703125,0.49962895861222506,924.0,0.2255859375,True,sector,,,2019415387
8,12,2,100.0,0.039924,0.0,0.0,-0.550025,0.0087890625,0.00439453125,6.222933279786957e-11,2.0647454463499177e-11,917,BARK,6,0.00146484375,0.49962895861222584,924.0,0.2255859375,True,sector,,,2019415387
8,12,2,100.0,0.039924,0.0,0.0,-0.550025,0.0087890625,0.00439453125,6.222933279786957e-11,2.0647454463499177e-11,917,BARK,8,0.001953125,0.4996289586122263,924.0,0.2255859375,True,sector,,,2019415387
8,12,2,100.0,0.039924,0.0,0.0,-0.550025,0.0087890625,0.00439453125,6.222933279786957e-11,2.0647454463499177e-11,917,BARK,11,0.002685546875,0.4996345099641366,924.0,0.2255859375,True,sector,,,2019415387
8,12,2,100.0,0.039924,0.0,0.0,-0.550025,0.0087890625,0.00439453125,6.222933279786957e-11,2.0647454463499177e-11,917,BARK,14,0.00341796875,0.4996365085402961,924.0,0.2255859375,True,sector,,,2019415387
8,12,2,100.0,0.039924,0.0,0.0,-0.550025,0.0087890625,0.00439453125,6.222933279786957e-11,2.0647454463499177e-11,917,BARK,18,0.00439453125,0.4996420602806263,924.0,0.2255859375,True,sector,,,2019415387
8,12,2,100.0,0.039924,0.0,0.0,-0.550025,0.0087890625,0.00439453125,6.222933279786957e-11,2.0647454463499177e-11,917,BARK,23,0.005615234375,0.4996460575074309,924.0,0.2255859375,True,sector,,,2019415387
8,12,2,100.0,0.039924,0.0,0.0,-0.550025,0.0087890625,0.00439453125,6.222933279786957e-11,2.0647454463499177e-11,917,BARK,31,0.007568359375,0.49964744546037804,924.0,0.2255859375,True,sector,,,2019415387
8,12,2,100.0,0.039924,0.0,0.0,-0.550025,0.0087890625,0.00439453125,6.222933279786957e-11,2.0647454463499177e-11,917,BARK,40,0.009765625,0.4996494440746593,924.0,0.2255859375,True,sector,,,2019415387
8,12,2,100.0,0.039924,0.0,0.0,-0.550025,0.0087890625,0.00439453125,6.222933279786957e-11,2.0647454463499177e-11,917,BARK,52,0.0126953125,0.49965256673334235,924.0,0.2255859375,True,sector,,,2019415387
8,12,2,100.0,0.039924,0.0,0.0,-0.550025,0.0087890625,0.00439453125,6.222933279786957e-11,2.0647454463499177e-11,917,BARK,67,0.016357421875,0.4996601172104289,924.0,0.2255859375,True,sector,,,2019415387
8,12,2,100.0,0.039924,0.0,0.0,-0.550025,0.0087890625,0.00439453125,6.222933279786957e-11,2.0647454463499177e-11,917,BARK,87,0.021240234375,0.49966011726465764,924.0,0.2255859375,True,sector,,,2019415387
8,12,2,100.0,0.039924,0.0,0.0,-0.550025,0.0087890625,0.00439453125,6.222933279786957e-11,2.0647454463499177e-11,917,BARK,114,0.02783203125,0.49967122069643743,924.0,0.2255859375,True,sector,,,2019415387
8,12,2,100.0,0.039924,0.0,0.0,-0.550025,0.0087890625,0.00439453125,6.222933279786957e-11,2.0647454463499177e-11,917,BARK,148,0.0361328125,0.49967677254223747,924.0,0.2255859375,True,sector,,,2019415387
8,12,2,100.0,0.039924,0.0,0.0,-0.550025,0.0087890625,0.00439453125,6.222933279786957e-11,2.0647454463499177e-11,917,BARK,192,0.046875,0.4996767732292357,924.0,0.2255859375,True,sector,,,2019415387
8,12,2,100.0,0.039924,0.0,0.0,-0.550025,0.0087890625,0.00439453125,6.222933279786957e-11,2.0647454463499177e-11,917,BARK,250,0.06103515625,0.4996843238990981,924.0,0.2255859375,True,sector,,,2019415387
8,12,2,100.0,0.039924,0.0,0.0,-0.550025,0.0087890625,0.00439453125,6.222933279786957e-11,2.0647454463499177e-11,917,BARK,325,0.079345703125,0.49968432410461094,924.0,0.2255859375,True,sector,,,2019415387
8,12,2,100.0,0.039924,0.0,0.0,-0.550025,0.0087890625,0.00439453125,6.222933279786957e-11,2.0647454463499177e-11,917,BARK,423,0.103271484375,0.4996843245622785,924.0,0.2255859375,True,sector,,,2019415387
8,12,2,100.0,0.039924,0.0,0.0,-0.550025,0.0087890625,0.00439453125,6.222933279786957e-11,2.0647454463499177e-11,917,BARK,550,0.13427734375,0.49968432458804907,924.0,0.2255859375,True,sector,,,2019415387
8,12,2,100.0,0.039924,0.0,0.0,-0.550025,0.0087890625,0.00439453125,6.222933279786957e-11,2.0647454463499177e-11,917,BARK,715,0.174560546875,0.4996843337674947,924.0,0.2255859375,True,sector,,,2019415387
8,12,2,100.0,0.039924,0.0,0.0,-0.550025,0.0087890625,0.00439453125,6.222933279786957e-11,2.0647454463499177e-11,917,BARK,931,0.227294921875,0.49968577781875767,924.0,0.2255859375,True,sector,,,2019415387
8,12,2,100.0,0.039924,0.0,0.0,-0.550025,0.0087890625,0.00439453125,6.222933279786957e-11,2.0647454463499177e-11,917,BARK,1210,0.29541015625,0.49968577781875767,924.0,0.2255859375,True,sector,,,2019415387
8,12,2,100.0,0.039924,0.0,0.0,-0.550025,0.0087890625,0.00439453125,6.222933279786957e-11,2.0647454463499177e-11,917,BARK,1575,0.384521484375,0.49968577781875767,924.0,0.2255859375,True,sector,,,2019415387
8,12,2,100.0,0.039924,0.0,0.0,-0.550025,0.0087890625,0.00439453125,6.222933279786957e-11,2.0647454463499177e-11,917,BARK,2048,0.5,0.49968577781875767,924.0,0.2255859375,True,sector,,,2019415387
8,12,2,100.0,0.039924,0.0,0.0,-0.550025,0.0087890625,0.00439453125,6.222933279786957e-11,2.0647454463499177e-11,917,Simplified BARK,1,0.000244140625,2.0647454463499177e-11,924.0,0.2255859375,True,sector,,,2019415387
8,12,2,100.0,0.039924,0.0,0.0,-0.550025,0.0087890625,0.00439453125,6.222933279786957e-11,2.0647454463499177e-11,917,Simplified BARK,2,0.00048828125,5.276661900686068e-15,924.0,0.2255859375,True,sector,,,2019415387
8,12,2,100.0,0.039924,0.0,0.0,-0.550025,0.0087890625,0.00439453125,6.222933279786957e-11,2.0647454463499177e-11,917,Simplified BARK,3,0.000732421875,5.276429631465178e-15,924.0,0.2255859375,True,sector,,,2019415387
8,12,2,100.0,0.039924,0.0,0.0,-0.550025,0.0087890625,0.00439453125,6.222933279786957e-11,2.0647454463499177e-11,917,Simplified BARK,4,0.0009765625,5.27642963003874e-15,924.0,0.2255859375,True,sector,,,2019415387
8,12,2,100.0,0.039924,0.0,0.0,-0.550025,0.0087890625,0.00439453125,6.222933279786957e-11,2.0647454463499177e-11,917,Simplified BARK,5,0.001220703125,5.276429630290157e-15,924.0,0.2255859375,True,sector,,,2019415387
8,12,2,100.0,0.039924,0.0,0.0,-0.550025,0.0087890625,0.00439453125,6.222933279786957e-11,2.0647454463499177e-11,917,Simplified BARK,6,0.00146484375,5.276429630290161e-15,924.0,0.2255859375,True,sector,,,2019415387
8,12,2,100.0,0.039924,0.0,0.0,-0.550025,0.0087890625,0.00439453125,6.222933279786957e-11,2.0647454463499177e-11,917,Simplified BARK,8,0.001953125,5.276429630290161e-15,924.0,0.2255859375,True,sector,,,2019415387
8,12,2,100.0,0.039924,0.0,0.0,-0.550025,0.0087890625,0.00439453125,6.222933279786957e-11,2.0647454463499177e-11,917,Simplified BARK,11,0.002685546875,5.276429630290165e-15,924.0,0.2255859375,True,sector,,,2019415387
8,12,2,100.0,0.039924,0.0,0.0,-0.550025,0.0087890625,0.00439453125,6.222933279786957e-11,2.0647454463499177e-11,917,Simplified BARK,14,0.00341796875,5.276429630290165e-15,924.0,0.2255859375,True,sector,,,2019415387
8,12,2,100.0,0.039924,0.0,0.0,-0.550025,0.0087890625,0.00439453125,6.222933279786957e-11,2.0647454463499177e-11,917,Simplified BARK,18,0.00439453125,5.276429630290165e-15,924.0,0.2255859375,True,sector,,,2019415387
8,12,2,100.0,0.039924,0.0,0.0,-0.550025,0.0087890625,0.00439453125,6.222933279786957e-11,2.0647454463499177e-11,917,Simplified BARK,23,0.005615234375,5.276429630290169e-15,924.0,0.2255859375,True,sector,,,2019415387
8,12,2,100.0,0.039924,0.0,0.0,-0.550025,0.0087890625,0.00439453125,6.222933279786957e-11,2.0647454463499177e-11,917,Simplified BARK,31,0.007568359375,5.276429630290173e-15,924.0,0.2255859375,True,sector,,,2019415387
8,12,2,100.0,0.039924,0.0,0.0,-0.550025,0.0087890625,0.00439453125,6.222933279786957e-11,2.0647454463499177e-11,917,Simplified BARK,40,0.009765625,5.2764556902141715e-15,924.0,0.2255859375,True,sector,,,2019415387
8,12,2,100.0,0.039924,0.0,0.0,-0.550025,0.0087890625,0.00439453125,6.222933279786957e-11,2.0647454463499177e-11,917,Simplified BARK,52,0.0126953125,1.9807827353559282e-11,924.0,0.2255859375,True,sector,,,2019415387
8,12,2,100.0,0.039924,0.0,0.0,-0.550025,0.0087890625,0.00439453125,6.222933279786957e-11,2.0647454463499177e-11,917,Simplified BARK,67,0.016357421875,1.2442413406701315e-14,924.0,0.2255859375,True,sector,,,2019415387
8,12,2,100.0,0.039924,0.0,0.0,-0.550025,0.0087890625,0.00439453125,6.222933279786957e-11,2.0647454463499177e-11,917,Simplified BARK,87,0.021240234375,1.003507521382094e-06,924.0,0.2255859375,True,sector,,,2019415387
8,12,2,100.0,0.039924,0.0,0.0,-0.550025,0.0087890625,0.00439453125,6.222933279786957e-11,2.0647454463499177e-11,917,Simplified BARK,114,0.02783203125,2.7038293113696292e-21,924.0,0.2255859375,True,sector,,,2019415387
8,12,2,100.0,0.039924,0.0,0.0,-0.550025,0.0087890625,0.00439453125,6.222933279786957e-11,2.0647454463499177e-11,917,Simplified BARK,148,0.0361328125,5.55861848334061e-06,924.0,0.2255859375,True,sector,,,2019415387
8,12,2,100.0,0.039924,0.0,0.0,-0.550025,0.0087890625,0.00439453125,6.222933279786957e-11,2.0647454463499177e-11,917,Simplified BARK,192,0.046875,5.558618552168898e-06,924.0,0.2255859375,True,sector,,,2019415387
8,12,2,100.0,0.039924,0.0,0.0,-0.550025,0.0087890625,0.00439453125,6.222933279786957e-11,2.0647454463499177e-11,917,Simplified BARK,250,0.06103515625,5.5618804048683686e-06,924.0,0.2255859375,True,sector,,,2019415387
8,12,2,100.0,0.039924,0.0,0.0,-0.550025,0.0087890625,0.00439453125,6.222933279786957e-11,2.0647454463499177e-11,917,Simplified BARK,325,0.079345703125,0.49966367083912283,924.0,0.2255859375,True,sector,,,2019415387
8,12,2,100.0,0.039924,0.0,0.0,-0.550025,0.0087890625,0.00439453125,6.222933279786957e-11,2.0647454463499177e-11,917,Simplified BARK,423,0.103271484375,0.499671221677894,924.0,0.2255859375,True,sector,,,2019415387
8,12,2,100.0,0.039924,0.0,0.0,-0.550025,0.0087890625,0.00439453125,6.222933279786957e-11,2.0647454463499177e-11,917,Simplified BARK,550,0.13427734375,0.49967322074516585,924.0,0.2255859375,True,sector,,,2019415387
8,12,2,100.0,0.039924,0.0,0.0,-0.550025,0.0087890625,0.00439453125,6.222933279786957e-11,2.0647454463499177e-11,917,Simplified BARK,715,0.174560546875,0.49967547664080264,924.0,0.2255859375,True,sector,,,2019415387
8,12,2,100.0,0.039924,0.0,0.0,-0.550025,0.0087890625,0.00439453125,6.222933279786957e-11,2.0647454463499177e-11,917,Simplified BARK,931,0.227294921875,0.4996855282003413,924.0,0.2255859375,True,sector,,,2019415387
8,12,2,100.0,0.039924,0.0,0.0,-0.550025,0.0087890625,0.00439453125,6.222933279786957e-11,2.0647454463499177e-11,917,Simplified BARK,1210,0.29541015625,0.4996855282003413,924.0,0.2255859375,True,sector,,,2019415387
8,12,2,100.0,0.039924,0.0,0.0,-0.550025,0.0087890625,0.00439453125,6.222933279786957e-11,2.0647454463499177e-11,917,Simplified BARK,1575,0.384521484375,0.4996855282003413,924.0,0.2255859375,True,sector,,,2019415387
8,12,2,100.0,0.039924,0.0,0.0,-0.550025,0.0087890625,0.00439453125,6.222933279786957e-11,2.0647454463499177e-11,917,Simplified BARK,2048,0.5,0.4996855282003413,924.0,0.2255859375,True,sector,,,2019415387
8,12,2,100.0,0.039924,0.0,0.0,-0.550025,0.0087890625,0.00439453125,6.222933279786957e-11,2.0647454463499177e-11,917,SKQD,1,0.000244140625,2.064745446349918e-11,341.6666666666667,0.08341471354166667,True,max_iterations;max_iterations;max_iterations,0.15,100.0,2019415387
8,12,2,100.0,0.039924,0.0,0.0,-0.550025,0.0087890625,0.00439453125,6.222933279786957e-11,2.0647454463499177e-11,917,SKQD,2,0.00048828125,1.3766493044371607e-11,341.6666666666667,0.08341471354166667,True,max_iterations;max_iterations;max_iterations,0.15,100.0,2019415387
8,12,2,100.0,0.039924,0.0,0.0,-0.550025,0.0087890625,0.00439453125,6.222933279786957e-11,2.0647454463499177e-11,917,SKQD,3,0.000732421875,1.7070537210031078e-06,341.6666666666667,0.08341471354166667,True,max_iterations;max_iterations;max_iterations,0.15,100.0,2019415387
8,12,2,100.0,0.039924,0.0,0.0,-0.550025,0.0087890625,0.00439453125,6.222933279786957e-11,2.0647454463499177e-11,917,SKQD,4,0.0009765625,2.3732422894422558e-06,341.6666666666667,0.08341471354166667,True,max_iterations;max_iterations;max_iterations,0.15,100.0,2019415387
8,12,2,100.0,0.039924,0.0,0.0,-0.550025,0.0087890625,0.00439453125,6.222933279786957e-11,2.0647454463499177e-11,917,SKQD,5,0.001220703125,2.373242288581596e-06,341.6666666666667,0.08341471354166667,True,max_iterations;max_iterations;max_iterations,0.15,100.0,2019415387
8,12,2,100.0,0.039924,0.0,0.0,-0.550025,0.0087890625,0.00439453125,6.222933279786957e-11,2.0647454463499177e-11,917,SKQD,6,0.00146484375,2.373242288532816e-06,341.6666666666667,0.08341471354166667,True,max_iterations;max_iterations;max_iterations,0.15,100.0,2019415387
8,12,2,100.0,0.039924,0.0,0.0,-0.550025,0.0087890625,0.00439453125,6.222933279786957e-11,2.0647454463499177e-11,917,SKQD,8,0.001953125,2.373242291445836e-06,341.6666666666667,0.08341471354166667,True,max_iterations;max_iterations;max_iterations,0.15,100.0,2019415387
8,12,2,100.0,0.039924,0.0,0.0,-0.550025,0.0087890625,0.00439453125,6.222933279786957e-11,2.0647454463499177e-11,917,SKQD,11,0.002685546875,2.3732649648901043e-06,341.6666666666667,0.08341471354166667,True,max_iterations;max_iterations;max_iterations,0.15,100.0,2019415387
8,12,2,100.0,0.039924,0.0,0.0,-0.550025,0.0087890625,0.00439453125,6.222933279786957e-11,2.0647454463499177e-11,917,SKQD,14,0.00341796875,2.373280235195228e-06,341.6666666666667,0.08341471354166667,True,max_iterations;max_iterations;max_iterations,0.15,100.0,2019415387
8,12,2,100.0,0.039924,0.0,0.0,-0.550025,0.0087890625,0.00439453125,6.222933279786957e-11,2.0647454463499177e-11,917,SKQD,18,0.00439453125,2.748019509011236e-06,341.6666666666667,0.08341471354166667,True,max_iterations;max_iterations;max_iterations,0.15,100.0,2019415387
8,12,2,100.0,0.039924,0.0,0.0,-0.550025,0.0087890625,0.00439453125,6.222933279786957e-11,2.0647454463499177e-11,917,SKQD,23,0.005615234375,2.7480257873050206e-06,341.6666666666667,0.08341471354166667,True,max_iterations;max_iterations;max_iterations,0.15,100.0,2019415387
8,12,2,100.0,0.039924,0.0,0.0,-0.550025,0.0087890625,0.00439453125,6.222933279786957e-11,2.0647454463499177e-11,917,SKQD,31,0.007568359375,3.122813302250782e-06,341.6666666666667,0.08341471354166667,True,max_iterations;max_iterations;max_iterations,0.15,100.0,2019415387
8,12,2,100.0,0.039924,0.0,0.0,-0.550025,0.0087890625,0.00439453125,6.222933279786957e-11,2.0647454463499177e-11,917,SKQD,40,0.009765625,3.122880380939137e-06,341.6666666666667,0.08341471354166667,True,max_iterations;max_iterations;max_iterations,0.15,100.0,2019415387
8,12,2,100.0,0.039924,0.0,0.0,-0.550025,0.0087890625,0.00439453125,6.222933279786957e-11,2.0647454463499177e-11,917,SKQD,52,0.0126953125,3.1229035102427084e-06,341.6666666666667,0.08341471354166667,True,max_iterations;max_iterations;max_iterations,0.15,100.0,2019415387
8,12,2,100.0,0.039924,0.0,0.0,-0.550025,0.0087890625,0.00439453125,6.222933279786957e-11,2.0647454463499177e-11,917,SKQD,67,0.016357421875,3.122926637642101e-06,341.6666666666667,0.08341471354166667,True,max_iterations;max_iterations;max_iterations,0.15,100.0,2019415387
8,12,2,100.0,0.039924,0.0,0.0,-0.550025,0.0087890625,0.00439453125,6.222933279786957e-11,2.0647454463499177e-11,917,SKQD,87,0.021240234375,3.1229382043514067e-06,341.6666666666667,0.08341471354166667,True,max_iterations;max_iterations;max_iterations,0.15,100.0,2019415387
8,12,2,100.0,0.039924,0.0,0.0,-0.550025,0.0087890625,0.00439453125,6.222933279786957e-11,2.0647454463499177e-11,917,SKQD,114,0.02783203125,3.12299371321112e-06,341.6666666666667,0.08341471354166667,True,max_iterations;max_iterations;max_iterations,0.15,100.0,2019415387
8,12,2,100.0,0.039924,0.0,0.0,-0.550025,0.0087890625,0.00439453125,6.222933279786957e-11,2.0647454463499177e-11,917,SKQD,148,0.0361328125,3.1229937293823714e-06,341.6666666666667,0.08341471354166667,True,max_iterations;max_iterations;max_iterations,0.15,100.0,2019415387
8,12,2,100.0,0.039924,0.0,0.0,-0.550025,0.0087890625,0.00439453125,6.222933279786957e-11,2.0647454463499177e-11,917,SKQD,192,0.046875,3.1230492572256846e-06,341.6666666666667,0.08341471354166667,True,max_iterations;max_iterations;max_iterations,0.15,100.0,2019415387
8,12,2,100.0,0.039924,0.0,0.0,-0.550025,0.0087890625,0.00439453125,6.222933279786957e-11,2.0647454463499177e-11,917,SKQD,250,0.06103515625,3.911721452479584e-06,341.6666666666667,0.08341471354166667,True,max_iterations;max_iterations;max_iterations,0.15,100.0,2019415387
8,12,2,100.0,0.039924,0.0,0.0,-0.550025,0.0087890625,0.00439453125,6.222933279786957e-11,2.0647454463499177e-11,917,SKQD,325,0.079345703125,3.0019337121751286e-06,341.6666666666667,0.08341471354166667,True,max_iterations;max_iterations;max_iterations,0.15,100.0,2019415387
8,12,2,100.0,0.039924,0.0,0.0,-0.550025,0.0087890625,0.00439453125,6.222933279786957e-11,2.0647454463499177e-11,917,SKQD,423,0.103271484375,3.0610118532865014e-06,341.6666666666667,0.08341471354166667,True,max_iterations;max_iterations;max_iterations,0.15,100.0,2019415387
8,12,2,100.0,0.039924,0.0,0.0,-0.550025,0.0087890625,0.00439453125,6.222933279786957e-11,2.0647454463499177e-11,917,SKQD,550,0.13427734375,3.0610118532865014e-06,341.6666666666667,0.08341471354166667,True,max_iterations;max_iterations;max_iterations,0.15,100.0,2019415387
8,12,2,100.0,0.039924,0.0,0.0,-0.550025,0.0087890625,0.00439453125,6.222933279786957e-11,2.0647454463499177e-11,917,SKQD,715,0.174560546875,3.0610118532865014e-06,341.6666666666667,0.08341471354166667,True,max_iterations;max_iterations;max_iterations,0.15,100.0,2019415387
8,12,2,100.0,0.039924,0.0,0.0,-0.550025,0.0087890625,0.00439453125,6.222933279786957e-11,2.0647454463499177e-11,917,SKQD,931,0.227294921875,3.0610118532865014e-06,341.6666666666667,0.08341471354166667,True,max_iterations;max_iterations;max_iterations,0.15,100.0,2019415387
8,12,2,100.0,0.039924,0.0,0.0,-0.550025,0.0087890625,0.00439453125,6.222933279786957e-11,2.0647454463499177e-11,917,SKQD,1210,0.29541015625,3.0610118532865014e-06,341.6666666666667,0.08341471354166667,True,max_iterations;max_iterations;max_iterations,0.15,100.0,2019415387
8,12,2,100.0,0.039924,0.0,0.0,-0.550025,0.0087890625,0.00439453125,6.222933279786957e-11,2.0647454463499177e-11,917,SKQD,1575,0.384521484375,3.0610118532865014e-06,341.6666666666667,0.08341471354166667,True,max_iterations;max_iterations;max_iterations,0.15,100.0,2019415387
8,12,2,100.0,0.039924,0.0,0.0,-0.550025,0.0087890625,0.00439453125,6.222933279786957e-11,2.0647454463499177e-11,917,SKQD,2048,0.5,3.0610118532865014e-06,341.6666666666667,0.08341471354166667,True,max_iterations;max_iterations;max_iterations,0.15,100.0,2019415387
8,12,2,100.0,0.039924,0.0,0.0,-0.550025,0.0087890625,0.00439453125,6.222933279786957e-11,2.0647454463499177e-11,917,Ceiling,1,0.000244140625,0.5002515544958263,2048.0,0.5,False,,,,2019415387
8,12,2,100.0,0.039924,0.0,0.0,-0.550025,0.0087890625,0.00439453125,6.222933279786957e-11,2.0647454463499177e-11,917,Ceiling,2,0.00048828125,0.9998718392104129,2048.0,0.5,False,,,,2019415387
8,12,2,100.0,0.039924,0.0,0.0,-0.550025,0.0087890625,0.00439453125,6.222933279786957e-11,2.0647454463499177e-11,917,Ceiling,3,0.000732421875,0.999877397560313,2048.0,0.5,False,,,,2019415387
8,12,2,100.0,0.039924,0.0,0.0,-0.550025,0.0087890625,0.00439453125,6.222933279786957e-11,2.0647454463499177e-11,917,Ceiling,4,0.0009765625,0.9998829559102131,2048.0,0.5,False,,,,2019415387
8,12,2,100.0,0.039924,0.0,0.0,-0.550025,0.0087890625,0.00439453125,6.222933279786957e-11,2.0647454463499177e-11,917,Ceiling,5,0.001220703125,0.9998885142601133,2048.0,0.5,False,,,,2019415387
8,12,2,100.0,0.039924,0.0,0.0,-0.550025,0.0087890625,0.00439453125,6.222933279786957e-11,2.0647454463499177e-11,917,Ceiling,6,0.00146484375,0.9998940726100134,2048.0,0.5,False,,,,2019415387
8,12,2,100.0,0.039924,0.0,0.0,-0.550025,0.0087890625,0.00439453125,6.222933279786957e-11,2.0647454463499177e-11,917,Ceiling,8,0.001953125,0.999905189149092,2048.0,0.5,False,,,,2019415387
8,12,2,100.0,0.039924,0.0,0.0,-0.550025,0.0087890625,0.00439453125,6.222933279786957e-11,2.0647454463499177e-11,917,Ceiling,11,0.002685546875,0.9999218570239631,2048.0,0.5,False,,,,2019415387
8,12,2,100.0,0.039924,0.0,0.0,-0.550025,0.0087890625,0.00439453125,6.222933279786957e-11,2.0647454463499177e-11,917,Ceiling,14,0.00341796875,0.9999385110313406,2048.0,0.5,False,,,,2019415387
8,12,2,100.0,0.039924,0.0,0.0,-0.550025,0.0087890625,0.00439453125,6.222933279786957e-11,2.0647454463499177e-11,917,Ceiling,18,0.00439453125,0.9999607160534727,2048.0,0.5,False,,,,2019415387
8,12,2,100.0,0.039924,0.0,0.0,-0.550025,0.0087890625,0.00439453125,6.222933279786957e-11,2.0647454463499177e-11,917,Ceiling,23,0.005615234375,0.9999752152493264,2048.0,0.5,False,,,,2019415387
8,12,2,100.0,0.039924,0.0,0.0,-0.550025,0.0087890625,0.00439453125,6.222933279786957e-11,2.0647454463499177e-11,917,Ceiling,31,0.007568359375,0.9999912161844576,2048.0,0.5,False,,,,2019415387
8,12,2,100.0,0.039924,0.0,0.0,-0.550025,0.0087890625,0.00439453125,6.222933279786957e-11,2.0647454463499177e-11,917,Ceiling,40,0.009765625,0.9999999906742324,2048.0,0.5,False,,,,2019415387
8,12,2,100.0,0.039924,0.0,0.0,-0.550025,0.0087890625,0.00439453125,6.222933279786957e-11,2.0647454463499177e-11,917,Ceiling,52,0.0126953125,0.9999999932072975,2048.0,0.5,False,,,,2019415387
8,12,2,100.0,0.039924,0.0,0.0,-0.550025,0.0087890625,0.00439453125,6.222933279786957e-11,2.0647454463499177e-11,917,Ceiling,67,0.016357421875,0.9999999946095202,2048.0,0.5,False,,,,2019415387
8,12,2,100.0,0.039924,0.0,0.0,-0.550025,0.0087890625,0.00439453125,6.222933279786957e-11,2.0647454463499177e-11,917,Ceiling,87,0.021240234375,0.9999999958508888,2048.0,0.5,False,,,,2019415387
8,12,2,100.0,0.039924,0.0,0.0,-0.550025,0.0087890625,0.00439453125,6.222933279786957e-11,2.0647454463499177e-11,917,Ceiling,114,0.02783203125,0.9999999972062253,2048.0,0.5,False,,,,2019415387
8,12,2,100.0,0.039924,0.0,0.0,-0.550025,0.0087890625,0.00439453125,6.222933279786957e-11,2.0647454463499177e-11,917,Ceiling,148,0.0361328125,0.9999999983607503,2048.0,0.5,False,,,,2019415387
8,12,2,100.0,0.039924,0.0,0.0,-0.550025,0.0087890625,0.00439453125,6.222933279786957e-11,2.0647454463499177e-11,917,Ceiling,192,0.046875,0.99999999936476,2048.0,0.5,False,,,,2019415387
8,12,2,100.0,0.039924,0.0,0.0,-0.550025,0.0087890625,0.00439453125,6.222933279786957e-11,2.0647454463499177e-11,917,Ceiling,250,0.06103515625,0.9999999999993302,2048.0,0.5,False,,,,2019415387
8,12,2,100.0,0.039924,0.0,0.0,-0.550025,0.0087890625,0.00439453125,6.222933279786957e-11,2.0647454463499177e-11,917,Ceiling,325,0.079345703125,0.9999999999998007,2048.0,0.5,False,,,,2019415387
8,12,2,100.0,0.039924,0.0,0.0,-0.550025,0.0087890625,0.00439453125,6.222933279786957e-11,2.0647454463499177e-11,917,Ceiling,423,0.103271484375,0.9999999999999456,2048.0,0.5,False,,,,2019415387
8,12,2,100.0,0.039924,0.0,0.0,-0.550025,0.0087890625,0.00439453125,6.222933279786957e-11,2.0647454463499177e-11,917,Ceiling,550,0.13427734375,0.9999999999999948,2048.0,0.5,False,,,,2019415387
8,12,2,100.0,0.039924,0.0,0.0,-0.550025,0.0087890625,0.00439453125,6.222933279786957e-11,2.0647454463499177e-11,917,Ceiling,715,0.174560546875,0.9999999999999992,2048.0,0.5,False,,,,2019415387
8,12,2,100.0,0.039924,0.0,0.0,-0.550025,0.0087890625,0.00439453125,6.222933279786957e-11,2.0647454463499177e-11,917,Ceiling,931,0.227294921875,0.9999999999999992,2048.0,0.5,False,,,,2019415387
8,12,2,100.0,0.039924,0.0,0.0,-0.550025,0.0087890625,0.00439453125,6.222933279786957e-11,2.0647454463499177e-11,917,Ceiling,1210,0.29541015625,0.9999999999999992,2048.0,0.5,False,,,,2019415387
8,12,2,100.0,0.039924,0.0,0.0,-0.550025,0.0087890625,0.00439453125,6.222933279786957e-11,2.0647454463499177e-11,917,Ceiling,1575,0.384521484375,0.9999999999999992,2048.0,0.5,False,,,,2019415387
8,12,2,100.0,0.039924,0.0,0.0,-0.550025,0.0087890625,0.00439453125,6.222933279786957e-11,2.0647454463499177e-11,917,Ceiling,2048,0.5,0.9999999999999992,2048.0,0.5,False,,,,2019415387
8,12,2,100.0,0.039924,0.0,0.0,-0.550025,0.0087890625,0.00439453125,6.222933279786957e-11,2.001057096683951e-06,2170,BARK,1,0.000244140625,2.001057096683951e-06,924.0,0.2255859375,True,sector,,,2019415387
8,12,2,100.0,0.039924,0.0,0.0,-0.550025,0.0087890625,0.00439453125,6.222933279786957e-11,2.001057096683951e-06,2170,BARK,2,0.00048828125,0.5002535555529223,924.0,0.2255859375,True,sector,,,2019415387
8,12,2,100.0,0.039924,0.0,0.0,-0.550025,0.0087890625,0.00439453125,6.222933279786957e-11,2.001057096683951e-06,2170,BARK,3,0.000732421875,0.5002591138224605,924.0,0.2255859375,True,sector,,,2019415387
8,12,2,100.0,0.039924,0.0,0.0,-0.550025,0.0087890625,0.00439453125,6.222933279786957e-11,2.001057096683951e-06,2170,BARK,4,0.0009765625,0.5002591138446972,924.0,0.2255859375,True,sector,,,2019415387
8,12,2,100.0,0.039924,0.0,0.0,-0.550025,0.0087890625,0.00439453125,6.222933279786957e-11,2.001057096683951e-06,2170,BARK,5,0.001220703125,0.5002591138446975,924.0,0.2255859375,True,sector,,,2019415387
8,12,2,100.0,0.039924,0.0,0.0,-0.550025,0.0087890625,0.00439453125,6.222933279786957e-11,2.001057096683951e-06,2170,BARK,6,0.00146484375,0.5002591138786645,924.0,0.2255859375,True,sector,,,2019415387
8,12,2,100.0,0.039924,0.0,0.0,-0.550025,0.0087890625,0.00439453125,6.222933279786957e-11,2.001057096683951e-06,2170,BARK,8,0.001953125,0.5002611149538279,924.0,0.2255859375,True,sector,,,2019415387
8,12,2,100.0,0.039924,0.0,0.0,-0.550025,0.0087890625,0.00439453125,6.222933279786957e-11,2.001057096683951e-06,2170,BARK,11,0.002685546875,0.5002666733432597,924.0,0.2255859375,True,sector,,,2019415387
8,12,2,100.0,0.039924,0.0,0.0,-0.550025,0.0087890625,0.00439453125,6.222933279786957e-11,2.001057096683951e-06,2170,BARK,14,0.00341796875,0.5002686749783722,924.0,0.2255859375,True,sector,,,2019415387
8,12,2,100.0,0.039924,0.0,0.0,-0.550025,0.0087890625,0.00439453125,6.222933279786957e-11,2.001057096683951e-06,2170,BARK,18,0.00439453125,0.5002742336334425,924.0,0.2255859375,True,sector,,,2019415387
8,12,2,100.0,0.039924,0.0,0.0,-0.550025,0.0087890625,0.00439453125,6.222933279786957e-11,2.001057096683951e-06,2170,BARK,23,0.005615234375,0.5002742336556858,924.0,0.2255859375,True,sector,,,2019415387
8,12,2,100.0,0.039924,0.0,0.0,-0.550025,0.0087890625,0.00439453125,6.222933279786957e-11,2.001057096683951e-06,2170,BARK,31,0.007568359375,0.5002797922681804,924.0,0.2255859375,True,sector,,,2019415387
8,12,2,100.0,0.039924,0.0,0.0,-0.550025,0.0087890625,0.00439453125,6.222933279786957e-11,2.001057096683951e-06,2170,BARK,40,0.009765625,0.5002853510267737,924.0,0.2255859375,True,sector,,,2019415387
8,12,2,100.0,0.039924,0.0,0.0,-0.550025,0.0087890625,0.00439453125,6.222933279786957e-11,2.001057096683951e-06,2170,BARK,52,0.0126953125,0.5002873523109824,924.0,0.2255859375,True,sector,,,2019415387
8,12,2,100.0,0.039924,0.0,0.0,-0.550025,0.0087890625,0.00439453125,6.222933279786957e-11,2.001057096683951e-06,2170,BARK,67,0.016357421875,0.5002904790007304,924.0,0.2255859375,True,sector,,,2019415387
8,12,2,100.0,0.039924,0.0,0.0,-0.550025,0.0087890625,0.00439453125,6.222933279786957e-11,2.001057096683951e-06,2170,BARK,87,0.021240234375,0.5002960374710049,924.0,0.2255859375,True,sector,,,2019415387
8,12,2,100.0,0.039924,0.0,0.0,-0.550025,0.0087890625,0.00439453125,6.222933279786957e-11,2.001057096683951e-06,2170,BARK,114,0.02783203125,0.5002994283723199,924.0,0.2255859375,True,sector,,,2019415387
8,12,2,100.0,0.039924,0.0,0.0,-0.550025,0.0087890625,0.00439453125,6.222933279786957e-11,2.001057096683951e-06,2170,BARK,148,0.0361328125,0.5003101152400978,924.0,0.2255859375,True,sector,,,2019415387
8,12,2,100.0,0.039924,0.0,0.0,-0.550025,0.0087890625,0.00439453125,6.222933279786957e-11,2.001057096683951e-06,2170,BARK,192,0.046875,0.500310115666413,924.0,0.2255859375,True,sector,,,2019415387
8,12,2,100.0,0.039924,0.0,0.0,-0.550025,0.0087890625,0.00439453125,6.222933279786957e-11,2.001057096683951e-06,2170,BARK,250,0.06103515625,0.5003101159909797,924.0,0.2255859375,True,sector,,,2019415387
8,12,2,100.0,0.039924,0.0,0.0,-0.550025,0.0087890625,0.00439453125,6.222933279786957e-11,2.001057096683951e-06,2170,BARK,325,0.079345703125,0.5003101163068876,924.0,0.2255859375,True,sector,,,2019415387
8,12,2,100.0,0.039924,0.0,0.0,-0.550025,0.0087890625,0.00439453125,6.222933279786957e-11,2.001057096683951e-06,2170,BARK,423,0.103271484375,0.5003101163071916,924.0,0.2255859375,True,sector,,,2019415387
8,12,2,100.0,0.039924,0.0,0.0,-0.550025,0.0087890625,0.00439453125,6.222933279786957e-11,2.001057096683951e-06,2170,BARK,550,0.13427734375,0.500315683802569,924.0,0.2255859375,True,sector,,,2019415387
8,12,2,100.0,0.039924,0.0,0.0,-0.550025,0.0087890625,0.00439453125,6.222933279786957e-11,2.001057096683951e-06,2170,BARK,715,0.174560546875,0.5003157194772424,924.0,0.2255859375,True,sector,,,2019415387
8,12,2,100.0,0.039924,0.0,0.0,-0.550025,0.0087890625,0.00439453125,6.222933279786957e-11,2.001057096683951e-06,2170,BARK,931,0.227294921875,0.5003191373999393,924.0,0.2255859375,True,sector,,,2019415387
8,12,2,100.0,0.039924,0.0,0.0,-0.550025,0.0087890625,0.00439453125,6.222933279786957e-11,2.001057096683951e-06,2170,BARK,1210,0.29541015625,0.5003191373999393,924.0,0.2255859375,True,sector,,,2019415387
8,12,2,100.0,0.039924,0.0,0.0,-0.550025,0.0087890625,0.00439453125,6.222933279786957e-11,2.001057096683951e-06,2170,BARK,1575,0.384521484375,0.5003191373999393,924.0,0.2255859375,True,sector,,,2019415387
8,12,2,100.0,0.039924,0.0,0.0,-0.550025,0.0087890625,0.00439453125,6.222933279786957e-11,2.001057096683951e-06,2170,BARK,2048,0.5,0.5003191373999393,924.0,0.2255859375,True,sector,,,2019415387
8,12,2,100.0,0.039924,0.0,0.0,-0.550025,0.0087890625,0.00439453125,6.222933279786957e-11,2.001057096683951e-06,2170,Simplified BARK,1,0.000244140625,2.001057096683951e-06,924.0,0.2255859375,True,sector,,,2019415387
8,12,2,100.0,0.039924,0.0,0.0,-0.550025,0.0087890625,0.00439453125,6.222933279786957e-11,2.001057096683951e-06,2170,Simplified BARK,2,0.00048828125,2.001079332435057e-06,924.0,0.2255859375,True,sector,,,2019415387
8,12,2,100.0,0.039924,0.0,0.0,-0.550025,0.0087890625,0.00439453125,6.222933279786957e-11,2.001057096683951e-06,2170,Simplified BARK,3,0.000732421875,2.0010793326769883e-06,924.0,0.2255859375,True,sector,,,2019415387
8,12,2,100.0,0.039924,0.0,0.0,-0.550025,0.0087890625,0.00439453125,6.222933279786957e-11,2.001057096683951e-06,2170,Simplified BARK,4,0.0009765625,2.001079332676999e-06,924.0,0.2255859375,True,sector,,,2019415387
8,12,2,100.0,0.039924,0.0,0.0,-0.550025,0.0087890625,0.00439453125,6.222933279786957e-11,2.001057096683951e-06,2170,Simplified BARK,5,0.001220703125,2.0010793326769985e-06,924.0,0.2255859375,True,sector,,,2019415387
8,12,2,100.0,0.039924,0.0,0.0,-0.550025,0.0087890625,0.00439453125,6.222933279786957e-11,2.001057096683951e-06,2170,Simplified BARK,6,0.00146484375,2.0010793326769985e-06,924.0,0.2255859375,True,sector,,,2019415387
8,12,2,100.0,0.039924,0.0,0.0,-0.550025,0.0087890625,0.00439453125,6.222933279786957e-11,2.001057096683951e-06,2170,Simplified BARK,8,0.001953125,2.001079332676999e-06,924.0,0.2255859375,True,sector,,,2019415387
8,12,2,100.0,0.039924,0.0,0.0,-0.550025,0.0087890625,0.00439453125,6.222933279786957e-11,2.001057096683951e-06,2170,Simplified BARK,11,0.002685546875,2.0010793326770006e-06,924.0,0.2255859375,True,sector,,,2019415387
8,12,2,100.0,0.039924,0.0,0.0,-0.550025,0.0087890625,0.00439453125,6.222933279786957e-11,2.001057096683951e-06,2170,Simplified BARK,14,0.00341796875,2.001079332677003e-06,924.0,0.2255859375,True,sector,,,2019415387
8,12,2,100.0,0.039924,0.0,0.0,-0.550025,0.0087890625,0.00439453125,6.222933279786957e-11,2.001057096683951e-06,2170,Simplified BARK,18,0.00439453125,2.001079332677029e-06,924.0,0.2255859375,True,sector,,,2019415387
8,12,2,100.0,0.039924,0.0,0.0,-0.550025,0.0087890625,0.00439453125,6.222933279786957e-11,2.001057096683951e-06,2170,Simplified BARK,23,0.005615234375,2.0010793330322386e-06,924.0,0.2255859375,True,sector,,,2019415387
8,12,2,100.0,0.039924,0.0,0.0,-0.550025,0.0087890625,0.00439453125,6.222933279786957e-11,2.001057096683951e-06,2170,Simplified BARK,31,0.007568359375,2.0010793357915996e-06,924.0,0.2255859375,True,sector,,,2019415387
8,12,2,100.0,0.039924,0.0,0.0,-0.550025,0.0087890625,0.00439453125,6.222933279786957e-11,2.001057096683951e-06,2170,Simplified BARK,40,0.009765625,2.0010793357915996e-06,924.0,0.2255859375,True,sector,,,2019415387
8,12,2,100.0,0.039924,0.0,0.0,-0.550025,0.0087890625,0.00439453125,6.222933279786957e-11,2.001057096683951e-06,2170,Simplified BARK,52,0.0126953125,2.001079335791684e-06,924.0,0.2255859375,True,sector,,,2019415387
8,12,2,100.0,0.039924,0.0,0.0,-0.550025,0.0087890625,0.00439453125,6.222933279786957e-11,2.001057096683951e-06,2170,Simplified BARK,67,0.016357421875,1.3487995139559875e-14,924.0,0.2255859375,True,sector,,,2019415387
8,12,2,100.0,0.039924,0.0,0.0,-0.550025,0.0087890625,0.00439453125,6.222933279786957e-11,2.001057096683951e-06,2170,Simplified BARK,87,0.021240234375,1.003534265520482e-06,924.0,0.2255859375,True,sector,,,2019415387
8,12,2,100.0,0.039924,0.0,0.0,-0.550025,0.0087890625,0.00439453125,6.222933279786957e-11,2.001057096683951e-06,2170,Simplified BARK,114,0.02783203125,2.7038318240021276e-21,924.0,0.2255859375,True,sector,,,2019415387
8,12,2,100.0,0.039924,0.0,0.0,-0.550025,0.0087890625,0.00439453125,6.222933279786957e-11,2.001057096683951e-06,2170,Simplified BARK,148,0.0361328125,5.558685169416443e-06,924.0,0.2255859375,True,sector,,,2019415387
8,12,2,100.0,0.039924,0.0,0.0,-0.550025,0.0087890625,0.00439453125,6.222933279786957e-11,2.001057096683951e-06,2170,Simplified BARK,192,0.046875,5.558685238332925e-06,924.0,0.2255859375,True,sector,,,2019415387
8,12,2,100.0,0.039924,0.0,0.0,-0.550025,0.0087890625,0.00439453125,6.222933279786957e-11,2.001057096683951e-06,2170,Simplified BARK,250,0.06103515625,5.561947127613503e-06,924.0,0.2255859375,True,sector,,,2019415387
8,12,2,100.0,0.039924,0.0,0.0,-0.550025,0.0087890625,0.00439453125,6.222933279786957e-11,2.001057096683951e-06,2170,Simplified BARK,325,0.079345703125,0.49966367081362906,924.0,0.2255859375,True,sector,,,2019415387
8,12,2,100.0,0.039924,0.0,0.0,-0.550025,0.0087890625,0.00439453125,6.222933279786957e-11,2.001057096683951e-06,2170,Simplified BARK,423,0.103271484375,0.49967122167789435,924.0,0.2255859375,True,sector,,,2019415387
8,12,2,100.0,0.039924,0.0,0.0,-0.550025,0.0087890625,0.00439453125,6.222933279786957e-11,2.001057096683951e-06,2170,Simplified BARK,550,0.13427734375,0.4996732207451661,924.0,0.2255859375,True,sector,,,2019415387
8,12,2,100.0,0.039924,0.0,0.0,-0.550025,0.0087890625,0.00439453125,6.222933279786957e-11,2.001057096683951e-06,2170,Simplified BARK,715,0.174560546875,0.49967547664080264,924.0,0.2255859375,True,sector,,,2019415387
8,12,2,100.0,0.039924,0.0,0.0,-0.550025,0.0087890625,0.00439453125,6.222933279786957e-11,2.001057096683951e-06,2170,Simplified BARK,931,0.227294921875,0.4996855282003413,924.0,0.2255859375,True,sector,,,2019415387
8,12,2,100.0,0.039924,0.0,0.0,-0.550025,0.0087890625,0.00439453125,6.222933279786957e-11,2.001057096683951e-06,2170,Simplified BARK,1210,0.29541015625,0.4996855282003413,924.0,0.2255859375,True,sector,,,2019415387
8,12,2,100.0,0.039924,0.0,0.0,-0.550025,0.0087890625,0.00439453125,6.222933279786957e-11,2.001057096683951e-06,2170,Simplified BARK,1575,0.384521484375,0.4996855282003413,924.0,0.2255859375,True,sector,,,2019415387
8,12,2,100.0,0.039924,0.0,0.0,-0.550025,0.0087890625,0.00439453125,6.222933279786957e-11,2.001057096683951e-06,2170,Simplified BARK,2048,0.5,0.4996855282003413,924.0,0.2255859375,True,sector,,,2019415387
8,12,2,100.0,0.039924,0.0,0.0,-0.550025,0.0087890625,0.00439453125,6.222933279786957e-11,2.001057096683951e-06,2170,SKQD,1,0.000244140625,2.001057096683951e-06,116.33333333333333,0.028401692708333332,True,max_iterations;max_iterations;max_iterations,0.02,1000.0,2019415387
8,12,2,100.0,0.039924,0.0,0.0,-0.550025,0.0087890625,0.00439453125,6.222933279786957e-11,2.001057096683951e-06,2170,SKQD,2,0.00048828125,0.1667525192186828,116.33333333333333,0.028401692708333332,True,max_iterations;max_iterations;max_iterations,0.02,1000.0,2019415387
8,12,2,100.0,0.039924,0.0,0.0,-0.550025,0.0087890625,0.00439453125,6.222933279786957e-11,2.001057096683951e-06,2170,SKQD,3,0.000732421875,0.16675251923889364,116.33333333333333,0.028401692708333332,True,max_iterations;max_iterations;max_iterations,0.02,1000.0,2019415387
8,12,2,100.0,0.039924,0.0,0.0,-0.550025,0.0087890625,0.00439453125,6.222933279786957e-11,2.001057096683951e-06,2170,SKQD,4,0.0009765625,0.1667525192469478,116.33333333333333,0.028401692708333332,True,max_iterations;max_iterations;max_iterations,0.02,1000.0,2019415387
8,12,2,100.0,0.039924,0.0,0.0,-0.550025,0.0087890625,0.00439453125,6.222933279786957e-11,2.001057096683951e-06,2170,SKQD,5,0.001220703125,0.16675251923957102,116.33333333333333,0.028401692708333332,True,max_iterations;max_iterations;max_iterations,0.02,1000.0,2019415387
8,12,2,100.0,0.039924,0.0,0.0,-0.550025,0.0087890625,0.00439453125,6.222933279786957e-11,2.001057096683951e-06,2170,SKQD,6,0.00146484375,0.16675185257265157,116.33333333333333,0.028401692708333332,True,max_iterations;max_iterations;max_iterations,0.02,1000.0,2019415387
8,12,2,100.0,0.039924,0.0,0.0,-0.550025,0.0087890625,0.00439453125,6.222933279786957e-11,2.001057096683951e-06,2170,SKQD,8,0.001953125,0.16675118595110808,116.33333333333333,0.028401692708333332,True,max_iterations;max_iterations;max_iterations,0.02,1000.0,2019415387
8,12,2,100.0,0.039924,0.0,0.0,-0.550025,0.0087890625,0.00439453125,6.222933279786957e-11,2.001057096683951e-06,2170,SKQD,11,0.002685546875,0.3335023709196722,116.33333333333333,0.028401692708333332,True,max_iterations;max_iterations;max_iterations,0.02,1000.0,2019415387
8,12,2,100.0,0.039924,0.0,0.0,-0.550025,0.0087890625,0.00439453125,6.222933279786957e-11,2.001057096683951e-06,2170,SKQD,14,0.00341796875,0.3335023709332375,116.33333333333333,0.028401692708333332,True,max_iterations;max_iterations;max_iterations,0.02,1000.0,2019415387
8,12,2,100.0,0.039924,0.0,0.0,-0.550025,0.0087890625,0.00439453125,6.222933279786957e-11,2.001057096683951e-06,2170,SKQD,18,0.00439453125,0.33350283414553256,116.33333333333333,0.028401692708333332,True,max_iterations;max_iterations;max_iterations,0.02,1000.0,2019415387
8,12,2,100.0,0.039924,0.0,0.0,-0.550025,0.0087890625,0.00439453125,6.222933279786957e-11,2.001057096683951e-06,2170,SKQD,23,0.005615234375,0.33350596591508896,116.33333333333333,0.028401692708333332,True,max_iterations;max_iterations;max_iterations,0.02,1000.0,2019415387
8,12,2,100.0,0.039924,0.0,0.0,-0.550025,0.0087890625,0.00439453125,6.222933279786957e-11,2.001057096683951e-06,2170,SKQD,31,0.007568359375,0.5002642839969041,116.33333333333333,0.028401692708333332,True,max_iterations;max_iterations;max_iterations,0.02,1000.0,2019415387
8,12,2,100.0,0.039924,0.0,0.0,-0.550025,0.0087890625,0.00439453125,6.222933279786957e-11,2.001057096683951e-06,2170,SKQD,40,0.009765625,0.5002649510395305,116.33333333333333,0.028401692708333332,True,max_iterations;max_iterations;max_iterations,0.02,1000.0,2019415387
8,12,2,100.0,0.039924,0.0,0.0,-0.550025,0.0087890625,0.00439453125,6.222933279786957e-11,2.001057096683951e-06,2170,SKQD,52,0.0126953125,0.5002649512986472,116.33333333333333,0.028401692708333332,True,max_iterations;max_iterations;max_iterations,0.02,1000.0,2019415387
8,12,2,100.0,0.039924,0.0,0.0,-0.550025,0.0087890625,0.00439453125,6.222933279786957e-11,2.001057096683951e-06,2170,SKQD,67,0.016357421875,0.5002668044300994,116.33333333333333,0.028401692708333332,True,max_iterations;max_iterations;max_iterations,0.02,1000.0,2019415387
8,12,2,100.0,0.039924,0.0,0.0,-0.550025,0.0087890625,0.00439453125,6.222933279786957e-11,2.001057096683951e-06,2170,SKQD,87,0.021240234375,0.5002668046080664,116.33333333333333,0.028401692708333332,True,max_iterations;max_iterations;max_iterations,0.02,1000.0,2019415387
8,12,2,100.0,0.039924,0.0,0.0,-0.550025,0.0087890625,0.00439453125,6.222933279786957e-11,2.001057096683951e-06,2170,SKQD,114,0.02783203125,0.5002686576123967,116.33333333333333,0.028401692708333332,True,max_iterations;max_iterations;max_iterations,0.02,1000.0,2019415387
8,12,2,100.0,0.039924,0.0,0.0,-0.550025,0.0087890625,0.00439453125,6.222933279786957e-11,2.001057096683951e-06,2170,SKQD,148,0.0361328125,0.5002686576326139,116.33333333333333,0.028401692708333332,True,max_iterations;max_iterations;max_iterations,0.02,1000.0,2019415387
8,12,2,100.0,0.039924,0.0,0.0,-0.550025,0.0087890625,0.00439453125,6.222933279786957e-11,2.001057096683951e-06,2170,SKQD,192,0.046875,0.5002686576326139,116.33333333333333,0.028401692708333332,True,max_iterations;max_iterations;max_iterations,0.02,1000.0,2019415387
8,12,2,100.0,0.039924,0.0,0.0,-0.550025,0.0087890625,0.00439453125,6.222933279786957e-11,2.001057096683951e-06,2170,SKQD,250,0.06103515625,0.5002686576326139,116.33333333333333,0.028401692708333332,True,max_iterations;max_iterations;max_iterations,0.02,1000.0,2019415387
8,12,2,100.0,0.039924,0.0,0.0,-0.550025,0.0087890625,0.00439453125,6.222933279786957e-11,2.001057096683951e-06,2170,SKQD,325,0.079345703125,0.5002686576326139,116.33333333333333,0.028401692708333332,True,max_iterations;max_iterations;max_iterations,0.02,1000.0,2019415387
8,12,2,100.0,0.039924,0.0,0.0,-0.550025,0.0087890625,0.00439453125,6.222933279786957e-11,2.001057096683951e-06,2170,SKQD,423,0.103271484375,0.5002686576326139,116.33333333333333,0.028401692708333332,True,max_iterations;max_iterations;max_iterations,0.02,1000.0,2019415387
8,12,2,100.0,0.039924,0.0,0.0,-0.550025,0.0087890625,0.00439453125,6.222933279786957e-11,2.001057096683951e-06,2170,SKQD,550,0.13427734375,0.5002686576326139,116.33333333333333,0.028401692708333332,True,max_iterations;max_iterations;max_iterations,0.02,1000.0,2019415387
8,12,2,100.0,0.039924,0.0,0.0,-0.550025,0.0087890625,0.00439453125,6.222933279786957e-11,2.001057096683951e-06,2170,SKQD,715,0.174560546875,0.5002686576326139,116.33333333333333,0.028401692708333332,True,max_iterations;max_iterations;max_iterations,0.02,1000.0,2019415387
8,12,2,100.0,0.039924,0.0,0.0,-0.550025,0.0087890625,0.00439453125,6.222933279786957e-11,2.001057096683951e-06,2170,SKQD,931,0.227294921875,0.5002686576326139,116.33333333333333,0.028401692708333332,True,max_iterations;max_iterations;max_iterations,0.02,1000.0,2019415387
8,12,2,100.0,0.039924,0.0,0.0,-0.550025,0.0087890625,0.00439453125,6.222933279786957e-11,2.001057096683951e-06,2170,SKQD,1210,0.29541015625,0.5002686576326139,116.33333333333333,0.028401692708333332,True,max_iterations;max_iterations;max_iterations,0.02,1000.0,2019415387
8,12,2,100.0,0.039924,0.0,0.0,-0.550025,0.0087890625,0.00439453125,6.222933279786957e-11,2.001057096683951e-06,2170,SKQD,1575,0.384521484375,0.5002686576326139,116.33333333333333,0.028401692708333332,True,max_iterations;max_iterations;max_iterations,0.02,1000.0,2019415387
8,12,2,100.0,0.039924,0.0,0.0,-0.550025,0.0087890625,0.00439453125,6.222933279786957e-11,2.001057096683951e-06,2170,SKQD,2048,0.5,0.5002686576326139,116.33333333333333,0.028401692708333332,True,max_iterations;max_iterations;max_iterations,0.02,1000.0,2019415387
8,12,2,100.0,0.039924,0.0,0.0,-0.550025,0.0087890625,0.00439453125,6.222933279786957e-11,2.001057096683951e-06,2170,Ceiling,1,0.000244140625,0.5002515544958263,2048.0,0.5,False,,,,2019415387
8,12,2,100.0,0.039924,0.0,0.0,-0.550025,0.0087890625,0.00439453125,6.222933279786957e-11,2.001057096683951e-06,2170,Ceiling,2,0.00048828125,0.9998718392104129,2048.0,0.5,False,,,,2019415387
8,12,2,100.0,0.039924,0.0,0.0,-0.550025,0.0087890625,0.00439453125,6.222933279786957e-11,2.001057096683951e-06,2170,Ceiling,3,0.000732421875,0.999877397560313,2048.0,0.5,False,,,,2019415387
8,12,2,100.0,0.039924,0.0,0.0,-0.550025,0.0087890625,0.00439453125,6.222933279786957e-11,2.001057096683951e-06,2170,Ceiling,4,0.0009765625,0.9998829559102131,2048.0,0.5,False,,,,2019415387
8,12,2,100.0,0.039924,0.0,0.0,-0.550025,0.0087890625,0.00439453125,6.222933279786957e-11,2.001057096683951e-06,2170,Ceiling,5,0.001220703125,0.9998885142601133,2048.0,0.5,False,,,,2019415387
8,12,2,100.0,0.039924,0.0,0.0,-0.550025,0.0087890625,0.00439453125,6.222933279786957e-11,2.001057096683951e-06,2170,Ceiling,6,0.00146484375,0.9998940726100134,2048.0,0.5,False,,,,2019415387
8,12,2,100.0,0.039924,0.0,0.0,-0.550025,0.0087890625,0.00439453125,6.222933279786957e-11,2.001057096683951e-06,2170,Ceiling,8,0.001953125,0.999905189149092,2048.0,0.5,False,,,,2019415387
8,12,2,100.0,0.039924,0.0,0.0,-0.550025,0.0087890625,0.00439453125,6.222933279786957e-11,2.001057096683951e-06,2170,Ceiling,11,0.002685546875,0.9999218570239631,2048.0,0.5,False,,,,2019415387
8,12,2,100.0,0.039924,0.0,0.0,-0.550025,0.0087890625,0.00439453125,6.222933279786957e-11,2.001057096683951e-06,2170,Ceiling,14,0.00341796875,0.9999385110313406,2048.0,0.5,False,,,,2019415387
8,12,2,100.0,0.039924,0.0,0.0,-0.550025,0.0087890625,0.00439453125,6.222933279786957e-11,2.001057096683951e-06,2170,Ceiling,18,0.00439453125,0.9999607160534727,2048.0,0.5,False,,,,2019415387
8,12,2,100.0,0.039924,0.0,0.0,-0.550025,0.0087890625,0.00439453125,6.222933279786957e-11,2.001057096683951e-06,2170,Ceiling,23,0.005615234375,0.9999752152493264,2048.0,0.5,False,,,,2019415387
8,12,2,100.0,0.039924,0.0,0.0,-0.550025,0.0087890625,0.00439453125,6.222933279786957e-11,2.001057096683951e-06,2170,Ceiling,31,0.007568359375,0.9999912161844576,2048.0,0.5,False,,,,2019415387
8,12,2,100.0,0.039924,0.0,0.0,-0.550025,0.0087890625,0.00439453125,6.222933279786957e-11,2.001057096683951e-06,2170,Ceiling,40,0.009765625,0.9999999906742324,2048.0,0.5,False,,,,2019415387
8,12,2,100.0,0.039924,0.0,0.0,-0.550025,0.0087890625,0.00439453125,6.222933279786957e-11,2.001057096683951e-06,2170,Ceiling,52,0.0126953125,0.9999999932072975,2048.0,0.5,False,,,,2019415387
8,12,2,100.0,0.039924,0.0,0.0,-0.550025,0.0087890625,0.00439453125,6.222933279786957e-11,2.001057096683951e-06,2170,Ceiling,67,0.016357421875,0.9999999946095202,2048.0,0.5,False,,,,2019415387
8,12,2,100.0,0.039924,0.0,0.0,-0.550025,0.0087890625,0.00439453125,6.222933279786957e-11,2.001057096683951e-06,2170,Ceiling,87,0.021240234375,0.9999999958508888,2048.0,0.5,False,,,,2019415387
8,12,2,100.0,0.039924,0.0,0.0,-0.550025,0.0087890625,0.00439453125,6.222933279786957e-11,2.001057096683951e-06,2170,Ceiling,114,0.02783203125,0.9999999972062253,2048.0,0.5,False,,,,2019415387
8,12,2,100.0,0.039924,0.0,0.0,-0.550025,0.0087890625,0.00439453125,6.222933279786957e-11,2.001057096683951e-06,2170,Ceiling,148,0.0361328125,0.9999999983607503,2048.0,0.5,False,,,,2019415387
8,12,2,100.0,0.039924,0.0,0.0,-0.550025,0.0087890625,0.00439453125,6.222933279786957e-11,2.001057096683951e-06,2170,Ceiling,192,0.046875,0.99999999936476,2048.0,0.5,False,,,,2019415387
8,12,2,100.0,0.039924,0.0,0.0,-0.550025,0.0087890625,0.00439453125,6.222933279786957e-11,2.001057096683951e-06,2170,Ceiling,250,0.06103515625,0.9999999999993302,2048.0,0.5,False,,,,2019415387
8,12,2,100.0,0.039924,0.0,0.0,-0.550025,0.0087890625,0.00439453125,6.222933279786957e-11,2.001057096683951e-06,2170,Ceiling,325,0.079345703125,0.9999999999998007,2048.0,0.5,False,,,,2019415387
8,12,2,100.0,0.039924,0.0,0.0,-0.550025,0.0087890625,0.00439453125,6.222933279786957e-11,2.001057096683951e-06,2170,Ceiling,423,0.103271484375,0.9999999999999456,2048.0,0.5,False,,,,2019415387
8,12,2,100.0,0.039924,0.0,0.0,-0.550025,0.0087890625,0.00439453125,6.222933279786957e-11,2.001057096683951e-06,2170,Ceiling,550,0.13427734375,0.9999999999999948,2048.0,0.5,False,,,,2019415387
8,12,2,100.0,0.039924,0.0,0.0,-0.550025,0.0087890625,0.00439453125,6.222933279786957e-11,2.001057096683951e-06,2170,Ceiling,715,0.174560546875,0.9999999999999992,2048.0,0.5,False,,,,2019415387
8,12,2,100.0,0.039924,0.0,0.0,-0.550025,0.0087890625,0.00439453125,6.222933279786957e-11,2.001057096683951e-06,2170,Ceiling,931,0.227294921875,0.9999999999999992,2048.0,0.5,False,,,,2019415387
8,12,2,100.0,0.039924,0.0,0.0,-0.550025,0.0087890625,0.00439453125,6.222933279786957e-11,2.001057096683951e-06,2170,Ceiling,1210,0.29541015625,0.9999999999999992,2048.0,0.5,False,,,,2019415387
8,12,2,100.0,0.039924,0.0,0.0,-0.550025,0.0087890625,0.00439453125,6.222933279786957e-11,2.001057096683951e-06,2170,Ceiling,1575,0.384521484375,0.9999999999999992,2048.0,0.5,False,,,,2019415387
8,12,2,100.0,0.039924,0.0,0.0,-0.550025,0.0087890625,0.00439453125,6.222933279786957e-11,2.001057096683951e-06,2170,Ceiling,2048,0.5,0.9999999999999992,2048.0,0.5,False,,,,2019415387
