/home/erosanow_hpc/informed_swapping/BARK.py:364: ComplexWarning: Casting complex values to real discards the imaginary part
  alpha, beta = float(alpha[0]), float(beta[0])
/home/erosanow_hpc/informed_swapping/BARK.py:163: UserWarning: Exited at iteration 50 with accuracies 
[2.06189584e-06]
not reaching the requested tolerance 1e-09.
Use iteration 51 instead with accuracy 
2.0618958355284185e-06.

  values, vectors = lobpcg(projected_hamiltonian, guess, largest=False,
/home/erosanow_hpc/informed_swapping/BARK.py:163: UserWarning: Exited postprocessing with accuracies 
[2.06189584e-06]
not reaching the requested tolerance 1e-09.
  values, vectors = lobpcg(projected_hamiltonian, guess, largest=False,
/home/erosanow_hpc/informed_swapping/BARK.py:163: UserWarning: Exited at iteration 50 with accuracies 
[2.35554264e-05]
not reaching the requested tolerance 1e-09.
Use iteration 49 instead with accuracy 
7.076386800320276e-06.

  values, vectors = lobpcg(projected_hamiltonian, guess, largest=False,
/home/erosanow_hpc/informed_swapping/BARK.py:163: UserWarning: Exited postprocessing with accuracies 
[7.07638683e-06]
not reaching the requested tolerance 1e-09.
  values, vectors = lobpcg(projected_hamiltonian, guess, largest=False,
/home/erosanow_hpc/informed_swapping/BARK.py:163: UserWarning: Exited at iteration 50 with accuracies 
[1.6430995e-06]
not reaching the requested tolerance 1e-09.
Use iteration 50 instead with accuracy 
9.400465258063702e-07.

  values, vectors = lobpcg(projected_hamiltonian, guess, largest=False,
/home/erosanow_hpc/informed_swapping/BARK.py:163: UserWarning: Exited postprocessing with accuracies 
[9.40046534e-07]
not reaching the requested tolerance 1e-09.
  values, vectors = lobpcg(projected_hamiltonian, guess, largest=False,
/home/erosanow_hpc/informed_swapping/BARK.py:163: UserWarning: Exited at iteration 50 with accuracies 
[1.07794653e-05]
not reaching the requested tolerance 1e-09.
Use iteration 51 instead with accuracy 
1.0779465343273085e-05.

  values, vectors = lobpcg(projected_hamiltonian, guess, largest=False,
/home/erosanow_hpc/informed_swapping/BARK.py:163: UserWarning: Exited postprocessing with accuracies 
[1.07794653e-05]
not reaching the requested tolerance 1e-09.
  values, vectors = lobpcg(projected_hamiltonian, guess, largest=False,
/home/erosanow_hpc/informed_swapping/BARK.py:163: UserWarning: Exited at iteration 50 with accuracies 
[5.34667131e-07]
not reaching the requested tolerance 1e-09.
Use iteration 51 instead with accuracy 
5.346671308482433e-07.

  values, vectors = lobpcg(projected_hamiltonian, guess, largest=False,
/home/erosanow_hpc/informed_swapping/BARK.py:163: UserWarning: Exited postprocessing with accuracies 
[5.34667132e-07]
not reaching the requested tolerance 1e-09.
  values, vectors = lobpcg(projected_hamiltonian, guess, largest=False,
/home/erosanow_hpc/informed_swapping/BARK.py:163: UserWarning: Exited at iteration 50 with accuracies 
[3.85776863e-05]
not reaching the requested tolerance 1e-09.
Use iteration 50 instead with accuracy 
1.7330808174570992e-05.

  values, vectors = lobpcg(projected_hamiltonian, guess, largest=False,
/home/erosanow_hpc/informed_swapping/BARK.py:163: UserWarning: Exited postprocessing with accuracies 
[1.73308082e-05]
not reaching the requested tolerance 1e-09.
  values, vectors = lobpcg(projected_hamiltonian, guess, largest=False,
/home/erosanow_hpc/informed_swapping/BARK.py:163: UserWarning: Exited at iteration 50 with accuracies 
[1.53296802e-07]
not reaching the requested tolerance 1e-09.
Use iteration 47 instead with accuracy 
9.086677498349533e-08.

  values, vectors = lobpcg(projected_hamiltonian, guess, largest=False,
/home/erosanow_hpc/informed_swapping/BARK.py:163: UserWarning: Exited postprocessing with accuracies 
[9.08667652e-08]
not reaching the requested tolerance 1e-09.
  values, vectors = lobpcg(projected_hamiltonian, guess, largest=False,
/home/erosanow_hpc/informed_swapping/BARK.py:163: UserWarning: Exited at iteration 50 with accuracies 
[2.91155709e-08]
not reaching the requested tolerance 1e-09.
Use iteration 47 instead with accuracy 
1.5111297834795363e-08.

  values, vectors = lobpcg(projected_hamiltonian, guess, largest=False,
/home/erosanow_hpc/informed_swapping/BARK.py:163: UserWarning: Exited postprocessing with accuracies 
[1.51112806e-08]
not reaching the requested tolerance 1e-09.
  values, vectors = lobpcg(projected_hamiltonian, guess, largest=False,
/home/erosanow_hpc/informed_swapping/BARK.py:163: UserWarning: Exited at iteration 50 with accuracies 
[8.18451567e-06]
not reaching the requested tolerance 1e-09.
Use iteration 51 instead with accuracy 
8.184515668928675e-06.

  values, vectors = lobpcg(projected_hamiltonian, guess, largest=False,
/home/erosanow_hpc/informed_swapping/BARK.py:163: UserWarning: Exited postprocessing with accuracies 
[8.18451567e-06]
not reaching the requested tolerance 1e-09.
  values, vectors = lobpcg(projected_hamiltonian, guess, largest=False,
/home/erosanow_hpc/informed_swapping/BARK.py:163: UserWarning: Exited at iteration 50 with accuracies 
[1.87795412e-08]
not reaching the requested tolerance 1e-09.
Use iteration 51 instead with accuracy 
1.87795412241101e-08.

  values, vectors = lobpcg(projected_hamiltonian, guess, largest=False,
/home/erosanow_hpc/informed_swapping/BARK.py:163: UserWarning: Exited postprocessing with accuracies 
[1.87795376e-08]
not reaching the requested tolerance 1e-09.
  values, vectors = lobpcg(projected_hamiltonian, guess, largest=False,
/home/erosanow_hpc/informed_swapping/BARK.py:163: UserWarning: Exited at iteration 50 with accuracies 
[5.74375554e-08]
not reaching the requested tolerance 1e-09.
Use iteration 51 instead with accuracy 
5.7437555379361707e-08.

  values, vectors = lobpcg(projected_hamiltonian, guess, largest=False,
/home/erosanow_hpc/informed_swapping/BARK.py:163: UserWarning: Exited postprocessing with accuracies 
[5.74375553e-08]
not reaching the requested tolerance 1e-09.
  values, vectors = lobpcg(projected_hamiltonian, guess, largest=False,
/home/erosanow_hpc/informed_swapping/BARK.py:163: UserWarning: Exited at iteration 50 with accuracies 
[2.63530444e-07]
not reaching the requested tolerance 1e-09.
Use iteration 51 instead with accuracy 
2.6353044407012093e-07.

  values, vectors = lobpcg(projected_hamiltonian, guess, largest=False,
/home/erosanow_hpc/informed_swapping/BARK.py:163: UserWarning: Exited postprocessing with accuracies 
[2.6353044e-07]
not reaching the requested tolerance 1e-09.
  values, vectors = lobpcg(projected_hamiltonian, guess, largest=False,
/home/erosanow_hpc/informed_swapping/BARK.py:163: UserWarning: Exited at iteration 50 with accuracies 
[3.87494501e-05]
not reaching the requested tolerance 1e-09.
Use iteration 48 instead with accuracy 
2.4022186001894203e-05.

  values, vectors = lobpcg(projected_hamiltonian, guess, largest=False,
/home/erosanow_hpc/informed_swapping/BARK.py:163: UserWarning: Exited postprocessing with accuracies 
[2.4022186e-05]
not reaching the requested tolerance 1e-09.
  values, vectors = lobpcg(projected_hamiltonian, guess, largest=False,
/home/erosanow_hpc/informed_swapping/BARK.py:163: UserWarning: Exited at iteration 50 with accuracies 
[1.04658097e-07]
not reaching the requested tolerance 1e-09.
Use iteration 51 instead with accuracy 
1.0465809730485672e-07.

  values, vectors = lobpcg(projected_hamiltonian, guess, largest=False,
/home/erosanow_hpc/informed_swapping/BARK.py:163: UserWarning: Exited postprocessing with accuracies 
[1.04658098e-07]
not reaching the requested tolerance 1e-09.
  values, vectors = lobpcg(projected_hamiltonian, guess, largest=False,
/home/erosanow_hpc/informed_swapping/BARK.py:163: UserWarning: Exited at iteration 50 with accuracies 
[4.88925953e-06]
not reaching the requested tolerance 1e-09.
Use iteration 50 instead with accuracy 
4.016631955720758e-06.

  values, vectors = lobpcg(projected_hamiltonian, guess, largest=False,
/home/erosanow_hpc/informed_swapping/BARK.py:163: UserWarning: Exited postprocessing with accuracies 
[4.01663195e-06]
not reaching the requested tolerance 1e-09.
  values, vectors = lobpcg(projected_hamiltonian, guess, largest=False,
/home/erosanow_hpc/informed_swapping/BARK.py:163: UserWarning: Exited at iteration 50 with accuracies 
[1.14572929e-07]
not reaching the requested tolerance 1e-09.
Use iteration 51 instead with accuracy 
1.1457292941178213e-07.

  values, vectors = lobpcg(projected_hamiltonian, guess, largest=False,
/home/erosanow_hpc/informed_swapping/BARK.py:163: UserWarning: Exited postprocessing with accuracies 
[1.14572936e-07]
not reaching the requested tolerance 1e-09.
  values, vectors = lobpcg(projected_hamiltonian, guess, largest=False,
/home/erosanow_hpc/informed_swapping/BARK.py:163: UserWarning: Exited at iteration 50 with accuracies 
[2.18676805e-06]
not reaching the requested tolerance 1e-09.
Use iteration 51 instead with accuracy 
2.186768049940372e-06.

  values, vectors = lobpcg(projected_hamiltonian, guess, largest=False,
/home/erosanow_hpc/informed_swapping/BARK.py:163: UserWarning: Exited postprocessing with accuracies 
[2.18676805e-06]
not reaching the requested tolerance 1e-09.
  values, vectors = lobpcg(projected_hamiltonian, guess, largest=False,
/home/erosanow_hpc/informed_swapping/BARK.py:163: UserWarning: Exited at iteration 50 with accuracies 
[1.81368906e-05]
not reaching the requested tolerance 1e-09.
Use iteration 48 instead with accuracy 
6.689901607936939e-06.

  values, vectors = lobpcg(projected_hamiltonian, guess, largest=False,
/home/erosanow_hpc/informed_swapping/BARK.py:163: UserWarning: Exited postprocessing with accuracies 
[6.68990157e-06]
not reaching the requested tolerance 1e-09.
  values, vectors = lobpcg(projected_hamiltonian, guess, largest=False,
/home/erosanow_hpc/informed_swapping/BARK.py:163: UserWarning: Exited at iteration 50 with accuracies 
[3.80504593e-06]
not reaching the requested tolerance 1e-09.
Use iteration 49 instead with accuracy 
9.654129601901618e-07.

  values, vectors = lobpcg(projected_hamiltonian, guess, largest=False,
/home/erosanow_hpc/informed_swapping/BARK.py:163: UserWarning: Exited postprocessing with accuracies 
[9.65412938e-07]
not reaching the requested tolerance 1e-09.
  values, vectors = lobpcg(projected_hamiltonian, guess, largest=False,
/home/erosanow_hpc/informed_swapping/BARK.py:163: UserWarning: Exited at iteration 50 with accuracies 
[7.70085225e-06]
not reaching the requested tolerance 1e-09.
Use iteration 51 instead with accuracy 
7.700852251351504e-06.

  values, vectors = lobpcg(projected_hamiltonian, guess, largest=False,
/home/erosanow_hpc/informed_swapping/BARK.py:163: UserWarning: Exited postprocessing with accuracies 
[7.70085225e-06]
not reaching the requested tolerance 1e-09.
  values, vectors = lobpcg(projected_hamiltonian, guess, largest=False,
/home/erosanow_hpc/informed_swapping/BARK.py:163: UserWarning: Exited at iteration 50 with accuracies 
[5.34175599e-07]
not reaching the requested tolerance 1e-09.
Use iteration 51 instead with accuracy 
5.341755989044027e-07.

  values, vectors = lobpcg(projected_hamiltonian, guess, largest=False,
/home/erosanow_hpc/informed_swapping/BARK.py:163: UserWarning: Exited postprocessing with accuracies 
[5.34175599e-07]
not reaching the requested tolerance 1e-09.
  values, vectors = lobpcg(projected_hamiltonian, guess, largest=False,
/home/erosanow_hpc/informed_swapping/BARK.py:163: UserWarning: Exited at iteration 50 with accuracies 
[3.64774358e-05]
not reaching the requested tolerance 1e-09.
Use iteration 50 instead with accuracy 
1.6393414635373654e-05.

  values, vectors = lobpcg(projected_hamiltonian, guess, largest=False,
/home/erosanow_hpc/informed_swapping/BARK.py:163: UserWarning: Exited postprocessing with accuracies 
[1.63934147e-05]
not reaching the requested tolerance 1e-09.
  values, vectors = lobpcg(projected_hamiltonian, guess, largest=False,
/home/erosanow_hpc/informed_swapping/BARK.py:163: UserWarning: Exited at iteration 50 with accuracies 
[4.92031078e-08]
not reaching the requested tolerance 1e-09.
Use iteration 51 instead with accuracy 
4.920310783933053e-08.

  values, vectors = lobpcg(projected_hamiltonian, guess, largest=False,
/home/erosanow_hpc/informed_swapping/BARK.py:163: UserWarning: Exited postprocessing with accuracies 
[4.9203108e-08]
not reaching the requested tolerance 1e-09.
  values, vectors = lobpcg(projected_hamiltonian, guess, largest=False,
/home/erosanow_hpc/informed_swapping/BARK.py:163: UserWarning: Exited at iteration 50 with accuracies 
[1.79032843e-09]
not reaching the requested tolerance 1e-09.
Use iteration 51 instead with accuracy 
1.790328427812808e-09.

  values, vectors = lobpcg(projected_hamiltonian, guess, largest=False,
/home/erosanow_hpc/informed_swapping/BARK.py:163: UserWarning: Exited postprocessing with accuracies 
[1.79031867e-09]
not reaching the requested tolerance 1e-09.
  values, vectors = lobpcg(projected_hamiltonian, guess, largest=False,
/home/erosanow_hpc/informed_swapping/BARK.py:163: UserWarning: Exited at iteration 50 with accuracies 
[6.07904806e-06]
not reaching the requested tolerance 1e-09.
Use iteration 51 instead with accuracy 
6.079048055217555e-06.

  values, vectors = lobpcg(projected_hamiltonian, guess, largest=False,
/home/erosanow_hpc/informed_swapping/BARK.py:163: UserWarning: Exited postprocessing with accuracies 
[6.07904805e-06]
not reaching the requested tolerance 1e-09.
  values, vectors = lobpcg(projected_hamiltonian, guess, largest=False,
/home/erosanow_hpc/informed_swapping/BARK.py:163: UserWarning: Exited at iteration 50 with accuracies 
[1.88939163e-08]
not reaching the requested tolerance 1e-09.
Use iteration 51 instead with accuracy 
1.889391625266474e-08.

  values, vectors = lobpcg(projected_hamiltonian, guess, largest=False,
/home/erosanow_hpc/informed_swapping/BARK.py:163: UserWarning: Exited postprocessing with accuracies 
[1.88939256e-08]
not reaching the requested tolerance 1e-09.
  values, vectors = lobpcg(projected_hamiltonian, guess, largest=False,
/home/erosanow_hpc/informed_swapping/BARK.py:163: UserWarning: Exited at iteration 50 with accuracies 
[7.30170646e-08]
not reaching the requested tolerance 1e-09.
Use iteration 47 instead with accuracy 
5.548922519833532e-08.

  values, vectors = lobpcg(projected_hamiltonian, guess, largest=False,
/home/erosanow_hpc/informed_swapping/BARK.py:163: UserWarning: Exited postprocessing with accuracies 
[5.54892518e-08]
not reaching the requested tolerance 1e-09.
  values, vectors = lobpcg(projected_hamiltonian, guess, largest=False,
/home/erosanow_hpc/informed_swapping/BARK.py:163: UserWarning: Exited at iteration 50 with accuracies 
[7.37170051e-07]
not reaching the requested tolerance 1e-09.
Use iteration 47 instead with accuracy 
5.986794814631716e-07.

  values, vectors = lobpcg(projected_hamiltonian, guess, largest=False,
/home/erosanow_hpc/informed_swapping/BARK.py:163: UserWarning: Exited postprocessing with accuracies 
[5.98679477e-07]
not reaching the requested tolerance 1e-09.
  values, vectors = lobpcg(projected_hamiltonian, guess, largest=False,
/home/erosanow_hpc/informed_swapping/BARK.py:163: UserWarning: Exited at iteration 50 with accuracies 
[2.12158979e-05]
not reaching the requested tolerance 1e-09.
Use iteration 51 instead with accuracy 
2.1215897884081087e-05.

  values, vectors = lobpcg(projected_hamiltonian, guess, largest=False,
/home/erosanow_hpc/informed_swapping/BARK.py:163: UserWarning: Exited postprocessing with accuracies 
[2.12158979e-05]
not reaching the requested tolerance 1e-09.
  values, vectors = lobpcg(projected_hamiltonian, guess, largest=False,
/home/erosanow_hpc/informed_swapping/BARK.py:163: UserWarning: Exited at iteration 50 with accuracies 
[1.47234962e-07]
not reaching the requested tolerance 1e-09.
Use iteration 51 instead with accuracy 
1.4723496177054299e-07.

  values, vectors = lobpcg(projected_hamiltonian, guess, largest=False,
/home/erosanow_hpc/informed_swapping/BARK.py:163: UserWarning: Exited postprocessing with accuracies 
[1.47234956e-07]
not reaching the requested tolerance 1e-09.
  values, vectors = lobpcg(projected_hamiltonian, guess, largest=False,
/home/erosanow_hpc/informed_swapping/BARK.py:163: UserWarning: Exited at iteration 50 with accuracies 
[3.65107393e-06]
not reaching the requested tolerance 1e-09.
Use iteration 51 instead with accuracy 
3.6510739327979596e-06.

  values, vectors = lobpcg(projected_hamiltonian, guess, largest=False,
/home/erosanow_hpc/informed_swapping/BARK.py:163: UserWarning: Exited postprocessing with accuracies 
[3.65107394e-06]
not reaching the requested tolerance 1e-09.
  values, vectors = lobpcg(projected_hamiltonian, guess, largest=False,
/home/erosanow_hpc/informed_swapping/BARK.py:163: UserWarning: Exited at iteration 50 with accuracies 
[2.68190881e-05]
not reaching the requested tolerance 1e-09.
Use iteration 12 instead with accuracy 
2.0648454586134332e-08.

  values, vectors = lobpcg(projected_hamiltonian, guess, largest=False,
/home/erosanow_hpc/informed_swapping/BARK.py:163: UserWarning: Exited postprocessing with accuracies 
[2.06484546e-08]
not reaching the requested tolerance 1e-09.
  values, vectors = lobpcg(projected_hamiltonian, guess, largest=False,
/home/erosanow_hpc/informed_swapping/BARK.py:163: UserWarning: Exited at iteration 50 with accuracies 
[4.72190842e-05]
not reaching the requested tolerance 1e-09.
Use iteration 12 instead with accuracy 
2.4014738310808023e-08.

  values, vectors = lobpcg(projected_hamiltonian, guess, largest=False,
/home/erosanow_hpc/informed_swapping/BARK.py:163: UserWarning: Exited postprocessing with accuracies 
[2.40147383e-08]
not reaching the requested tolerance 1e-09.
  values, vectors = lobpcg(projected_hamiltonian, guess, largest=False,
/home/erosanow_hpc/informed_swapping/BARK.py:163: UserWarning: Exited at iteration 50 with accuracies 
[7.74127123e-05]
not reaching the requested tolerance 1e-09.
Use iteration 10 instead with accuracy 
2.578353356399645e-08.

  values, vectors = lobpcg(projected_hamiltonian, guess, largest=False,
/home/erosanow_hpc/informed_swapping/BARK.py:163: UserWarning: Exited postprocessing with accuracies 
[2.57835336e-08]
not reaching the requested tolerance 1e-09.
  values, vectors = lobpcg(projected_hamiltonian, guess, largest=False,
/home/erosanow_hpc/informed_swapping/BARK.py:163: UserWarning: Exited at iteration 50 with accuracies 
[1.35207298e-05]
not reaching the requested tolerance 1e-09.
Use iteration 8 instead with accuracy 
2.014342319442023e-08.

  values, vectors = lobpcg(projected_hamiltonian, guess, largest=False,
/home/erosanow_hpc/informed_swapping/BARK.py:163: UserWarning: Exited postprocessing with accuracies 
[2.01434232e-08]
not reaching the requested tolerance 1e-09.
  values, vectors = lobpcg(projected_hamiltonian, guess, largest=False,
/home/erosanow_hpc/informed_swapping/BARK.py:163: UserWarning: Exited at iteration 50 with accuracies 
[1.3580792e-05]
not reaching the requested tolerance 1e-09.
Use iteration 6 instead with accuracy 
2.4483250589091766e-08.

  values, vectors = lobpcg(projected_hamiltonian, guess, largest=False,
/home/erosanow_hpc/informed_swapping/BARK.py:163: UserWarning: Exited postprocessing with accuracies 
[2.44832506e-08]
not reaching the requested tolerance 1e-09.
  values, vectors = lobpcg(projected_hamiltonian, guess, largest=False,
/home/erosanow_hpc/informed_swapping/BARK.py:163: UserWarning: Exited at iteration 50 with accuracies 
[3.94163628e-06]
not reaching the requested tolerance 1e-09.
Use iteration 6 instead with accuracy 
2.175035321295501e-08.

  values, vectors = lobpcg(projected_hamiltonian, guess, largest=False,
/home/erosanow_hpc/informed_swapping/BARK.py:163: UserWarning: Exited postprocessing with accuracies 
[2.17503532e-08]
not reaching the requested tolerance 1e-09.
  values, vectors = lobpcg(projected_hamiltonian, guess, largest=False,
/home/erosanow_hpc/informed_swapping/BARK.py:163: UserWarning: Exited at iteration 50 with accuracies 
[3.57718505e-06]
not reaching the requested tolerance 1e-09.
Use iteration 6 instead with accuracy 
1.6998260249811842e-08.

  values, vectors = lobpcg(projected_hamiltonian, guess, largest=False,
/home/erosanow_hpc/informed_swapping/BARK.py:163: UserWarning: Exited postprocessing with accuracies 
[1.69982602e-08]
not reaching the requested tolerance 1e-09.
  values, vectors = lobpcg(projected_hamiltonian, guess, largest=False,
/home/erosanow_hpc/informed_swapping/BARK.py:163: UserWarning: Exited at iteration 50 with accuracies 
[1.11165844e-06]
not reaching the requested tolerance 1e-09.
Use iteration 6 instead with accuracy 
1.868885634934944e-08.

  values, vectors = lobpcg(projected_hamiltonian, guess, largest=False,
/home/erosanow_hpc/informed_swapping/BARK.py:163: UserWarning: Exited postprocessing with accuracies 
[1.86888563e-08]
not reaching the requested tolerance 1e-09.
  values, vectors = lobpcg(projected_hamiltonian, guess, largest=False,
/home/erosanow_hpc/informed_swapping/BARK.py:163: UserWarning: Exited at iteration 50 with accuracies 
[6.04955887e-08]
not reaching the requested tolerance 1e-09.
Use iteration 7 instead with accuracy 
2.032120034304489e-08.

  values, vectors = lobpcg(projected_hamiltonian, guess, largest=False,
/home/erosanow_hpc/informed_swapping/BARK.py:163: UserWarning: Exited postprocessing with accuracies 
[2.03212003e-08]
not reaching the requested tolerance 1e-09.
  values, vectors = lobpcg(projected_hamiltonian, guess, largest=False,
/home/erosanow_hpc/informed_swapping/BARK.py:163: UserWarning: Exited at iteration 50 with accuracies 
[3.12522636e-05]
not reaching the requested tolerance 1e-09.
Use iteration 9 instead with accuracy 
1.970186192988452e-08.

  values, vectors = lobpcg(projected_hamiltonian, guess, largest=False,
/home/erosanow_hpc/informed_swapping/BARK.py:163: UserWarning: Exited postprocessing with accuracies 
[1.97018619e-08]
not reaching the requested tolerance 1e-09.
  values, vectors = lobpcg(projected_hamiltonian, guess, largest=False,
/home/erosanow_hpc/informed_swapping/BARK.py:163: UserWarning: Exited at iteration 50 with accuracies 
[5.75206538e-05]
not reaching the requested tolerance 1e-09.
Use iteration 7 instead with accuracy 
2.4008794072278397e-08.

  values, vectors = lobpcg(projected_hamiltonian, guess, largest=False,
/home/erosanow_hpc/informed_swapping/BARK.py:163: UserWarning: Exited postprocessing with accuracies 
[2.40087941e-08]
not reaching the requested tolerance 1e-09.
  values, vectors = lobpcg(projected_hamiltonian, guess, largest=False,
/home/erosanow_hpc/informed_swapping/BARK.py:163: UserWarning: Exited at iteration 50 with accuracies 
[5.23092316e-05]
not reaching the requested tolerance 1e-09.
Use iteration 10 instead with accuracy 
2.2975049832954854e-08.

  values, vectors = lobpcg(projected_hamiltonian, guess, largest=False,
/home/erosanow_hpc/informed_swapping/BARK.py:163: UserWarning: Exited postprocessing with accuracies 
[2.29750498e-08]
not reaching the requested tolerance 1e-09.
  values, vectors = lobpcg(projected_hamiltonian, guess, largest=False,
/home/erosanow_hpc/informed_swapping/BARK.py:163: UserWarning: Exited at iteration 50 with accuracies 
[4.77380878e-05]
not reaching the requested tolerance 1e-09.
Use iteration 9 instead with accuracy 
2.103135406228054e-08.

  values, vectors = lobpcg(projected_hamiltonian, guess, largest=False,
/home/erosanow_hpc/informed_swapping/BARK.py:163: UserWarning: Exited postprocessing with accuracies 
[2.10313541e-08]
not reaching the requested tolerance 1e-09.
  values, vectors = lobpcg(projected_hamiltonian, guess, largest=False,
/home/erosanow_hpc/informed_swapping/BARK.py:163: UserWarning: Exited at iteration 50 with accuracies 
[3.1830182e-05]
not reaching the requested tolerance 1e-09.
Use iteration 10 instead with accuracy 
2.2313385000194797e-08.

  values, vectors = lobpcg(projected_hamiltonian, guess, largest=False,
/home/erosanow_hpc/informed_swapping/BARK.py:163: UserWarning: Exited postprocessing with accuracies 
[2.2313385e-08]
not reaching the requested tolerance 1e-09.
  values, vectors = lobpcg(projected_hamiltonian, guess, largest=False,
/home/erosanow_hpc/informed_swapping/BARK.py:163: UserWarning: Exited at iteration 50 with accuracies 
[3.0070504e-05]
not reaching the requested tolerance 1e-09.
Use iteration 7 instead with accuracy 
2.1611032284769483e-08.

  values, vectors = lobpcg(projected_hamiltonian, guess, largest=False,
/home/erosanow_hpc/informed_swapping/BARK.py:163: UserWarning: Exited postprocessing with accuracies 
[2.16110323e-08]
not reaching the requested tolerance 1e-09.
  values, vectors = lobpcg(projected_hamiltonian, guess, largest=False,
/home/erosanow_hpc/informed_swapping/BARK.py:163: UserWarning: Exited at iteration 50 with accuracies 
[8.97665769e-06]
not reaching the requested tolerance 1e-09.
Use iteration 9 instead with accuracy 
1.9225657454137333e-08.

  values, vectors = lobpcg(projected_hamiltonian, guess, largest=False,
/home/erosanow_hpc/informed_swapping/BARK.py:163: UserWarning: Exited postprocessing with accuracies 
[1.92256575e-08]
not reaching the requested tolerance 1e-09.
  values, vectors = lobpcg(projected_hamiltonian, guess, largest=False,
/home/erosanow_hpc/informed_swapping/BARK.py:163: UserWarning: Exited at iteration 50 with accuracies 
[6.53968565e-05]
not reaching the requested tolerance 1e-09.
Use iteration 12 instead with accuracy 
2.412984237007015e-08.

  values, vectors = lobpcg(projected_hamiltonian, guess, largest=False,
/home/erosanow_hpc/informed_swapping/BARK.py:163: UserWarning: Exited postprocessing with accuracies 
[2.41298424e-08]
not reaching the requested tolerance 1e-09.
  values, vectors = lobpcg(projected_hamiltonian, guess, largest=False,
/home/erosanow_hpc/informed_swapping/BARK.py:163: UserWarning: Exited at iteration 50 with accuracies 
[3.80824996e-05]
not reaching the requested tolerance 1e-09.
Use iteration 10 instead with accuracy 
2.41318876570348e-08.

  values, vectors = lobpcg(projected_hamiltonian, guess, largest=False,
/home/erosanow_hpc/informed_swapping/BARK.py:163: UserWarning: Exited postprocessing with accuracies 
[2.41318877e-08]
not reaching the requested tolerance 1e-09.
  values, vectors = lobpcg(projected_hamiltonian, guess, largest=False,
/home/erosanow_hpc/informed_swapping/BARK.py:163: UserWarning: Exited at iteration 50 with accuracies 
[4.92035948e-05]
not reaching the requested tolerance 1e-09.
Use iteration 12 instead with accuracy 
2.0715803371041884e-08.

  values, vectors = lobpcg(projected_hamiltonian, guess, largest=False,
/home/erosanow_hpc/informed_swapping/BARK.py:163: UserWarning: Exited postprocessing with accuracies 
[2.07158034e-08]
not reaching the requested tolerance 1e-09.
  values, vectors = lobpcg(projected_hamiltonian, guess, largest=False,
/home/erosanow_hpc/informed_swapping/BARK.py:163: UserWarning: Exited at iteration 50 with accuracies 
[2.63209231e-05]
not reaching the requested tolerance 1e-09.
Use iteration 12 instead with accuracy 
1.843307106476002e-08.

  values, vectors = lobpcg(projected_hamiltonian, guess, largest=False,
/home/erosanow_hpc/informed_swapping/BARK.py:163: UserWarning: Exited postprocessing with accuracies 
[1.84330711e-08]
not reaching the requested tolerance 1e-09.
  values, vectors = lobpcg(projected_hamiltonian, guess, largest=False,
/home/erosanow_hpc/informed_swapping/BARK.py:163: UserWarning: Exited at iteration 50 with accuracies 
[6.12195326e-05]
not reaching the requested tolerance 1e-09.
Use iteration 12 instead with accuracy 
2.233968298371082e-08.

  values, vectors = lobpcg(projected_hamiltonian, guess, largest=False,
/home/erosanow_hpc/informed_swapping/BARK.py:163: UserWarning: Exited postprocessing with accuracies 
[2.2339683e-08]
not reaching the requested tolerance 1e-09.
  values, vectors = lobpcg(projected_hamiltonian, guess, largest=False,
/home/erosanow_hpc/informed_swapping/BARK.py:163: UserWarning: Exited at iteration 50 with accuracies 
[4.06971896e-05]
not reaching the requested tolerance 1e-09.
Use iteration 9 instead with accuracy 
2.1264809629141806e-08.

  values, vectors = lobpcg(projected_hamiltonian, guess, largest=False,
/home/erosanow_hpc/informed_swapping/BARK.py:163: UserWarning: Exited postprocessing with accuracies 
[2.12648096e-08]
not reaching the requested tolerance 1e-09.
  values, vectors = lobpcg(projected_hamiltonian, guess, largest=False,
/home/erosanow_hpc/informed_swapping/BARK.py:163: UserWarning: Exited at iteration 50 with accuracies 
[2.5428812e-05]
not reaching the requested tolerance 1e-09.
Use iteration 12 instead with accuracy 
2.2125926098578997e-08.

  values, vectors = lobpcg(projected_hamiltonian, guess, largest=False,
/home/erosanow_hpc/informed_swapping/BARK.py:163: UserWarning: Exited postprocessing with accuracies 
[2.21259261e-08]
not reaching the requested tolerance 1e-09.
  values, vectors = lobpcg(projected_hamiltonian, guess, largest=False,
/home/erosanow_hpc/informed_swapping/BARK.py:163: UserWarning: Exited at iteration 50 with accuracies 
[7.3442622e-05]
not reaching the requested tolerance 1e-09.
Use iteration 11 instead with accuracy 
2.0980324449531377e-08.

  values, vectors = lobpcg(projected_hamiltonian, guess, largest=False,
/home/erosanow_hpc/informed_swapping/BARK.py:163: UserWarning: Exited postprocessing with accuracies 
[2.09803244e-08]
not reaching the requested tolerance 1e-09.
  values, vectors = lobpcg(projected_hamiltonian, guess, largest=False,
/home/erosanow_hpc/informed_swapping/BARK.py:163: UserWarning: Exited at iteration 50 with accuracies 
[6.11413019e-05]
not reaching the requested tolerance 1e-09.
Use iteration 9 instead with accuracy 
2.0206613085368076e-08.

  values, vectors = lobpcg(projected_hamiltonian, guess, largest=False,
/home/erosanow_hpc/informed_swapping/BARK.py:163: UserWarning: Exited postprocessing with accuracies 
[2.02066131e-08]
not reaching the requested tolerance 1e-09.
  values, vectors = lobpcg(projected_hamiltonian, guess, largest=False,
/home/erosanow_hpc/informed_swapping/BARK.py:163: UserWarning: Exited at iteration 50 with accuracies 
[2.093405e-05]
not reaching the requested tolerance 1e-09.
Use iteration 8 instead with accuracy 
2.4925148383893027e-08.

  values, vectors = lobpcg(projected_hamiltonian, guess, largest=False,
/home/erosanow_hpc/informed_swapping/BARK.py:163: UserWarning: Exited postprocessing with accuracies 
[2.49251484e-08]
not reaching the requested tolerance 1e-09.
  values, vectors = lobpcg(projected_hamiltonian, guess, largest=False,
/home/erosanow_hpc/informed_swapping/BARK.py:163: UserWarning: Exited at iteration 50 with accuracies 
[1.69965848e-06]
not reaching the requested tolerance 1e-09.
Use iteration 7 instead with accuracy 
2.0587282046210486e-08.

  values, vectors = lobpcg(projected_hamiltonian, guess, largest=False,
/home/erosanow_hpc/informed_swapping/BARK.py:163: UserWarning: Exited postprocessing with accuracies 
[2.0587282e-08]
not reaching the requested tolerance 1e-09.
  values, vectors = lobpcg(projected_hamiltonian, guess, largest=False,
/home/erosanow_hpc/informed_swapping/BARK.py:163: UserWarning: Exited at iteration 50 with accuracies 
[6.03213353e-05]
not reaching the requested tolerance 1e-09.
Use iteration 10 instead with accuracy 
2.170874298337207e-08.

  values, vectors = lobpcg(projected_hamiltonian, guess, largest=False,
/home/erosanow_hpc/informed_swapping/BARK.py:163: UserWarning: Exited postprocessing with accuracies 
[2.1708743e-08]
not reaching the requested tolerance 1e-09.
  values, vectors = lobpcg(projected_hamiltonian, guess, largest=False,
/home/erosanow_hpc/informed_swapping/BARK.py:163: UserWarning: Exited at iteration 50 with accuracies 
[5.48074077e-05]
not reaching the requested tolerance 1e-09.
Use iteration 8 instead with accuracy 
1.9286179971799592e-08.

  values, vectors = lobpcg(projected_hamiltonian, guess, largest=False,
/home/erosanow_hpc/informed_swapping/BARK.py:163: UserWarning: Exited postprocessing with accuracies 
[1.928618e-08]
not reaching the requested tolerance 1e-09.
  values, vectors = lobpcg(projected_hamiltonian, guess, largest=False,
/home/erosanow_hpc/informed_swapping/BARK.py:163: UserWarning: Exited at iteration 50 with accuracies 
[4.25894215e-05]
not reaching the requested tolerance 1e-09.
Use iteration 8 instead with accuracy 
1.7796808191513132e-08.

  values, vectors = lobpcg(projected_hamiltonian, guess, largest=False,
/home/erosanow_hpc/informed_swapping/BARK.py:163: UserWarning: Exited postprocessing with accuracies 
[1.77968082e-08]
not reaching the requested tolerance 1e-09.
  values, vectors = lobpcg(projected_hamiltonian, guess, largest=False,
/home/erosanow_hpc/informed_swapping/BARK.py:163: UserWarning: Exited at iteration 50 with accuracies 
[3.78703298e-05]
not reaching the requested tolerance 1e-09.
Use iteration 6 instead with accuracy 
2.1120238911185154e-08.

  values, vectors = lobpcg(projected_hamiltonian, guess, largest=False,
/home/erosanow_hpc/informed_swapping/BARK.py:163: UserWarning: Exited postprocessing with accuracies 
[2.11202389e-08]
not reaching the requested tolerance 1e-09.
  values, vectors = lobpcg(projected_hamiltonian, guess, largest=False,
/home/erosanow_hpc/informed_swapping/BARK.py:163: UserWarning: Exited at iteration 50 with accuracies 
[4.68364221e-06]
not reaching the requested tolerance 1e-09.
Use iteration 4 instead with accuracy 
1.5074430937384348e-08.

  values, vectors = lobpcg(projected_hamiltonian, guess, largest=False,
/home/erosanow_hpc/informed_swapping/BARK.py:163: UserWarning: Exited postprocessing with accuracies 
[1.50744309e-08]
not reaching the requested tolerance 1e-09.
  values, vectors = lobpcg(projected_hamiltonian, guess, largest=False,
/home/erosanow_hpc/informed_swapping/BARK.py:163: UserWarning: Exited at iteration 50 with accuracies 
[1.88411017e-06]
not reaching the requested tolerance 1e-09.
Use iteration 6 instead with accuracy 
1.942562290514104e-08.

  values, vectors = lobpcg(projected_hamiltonian, guess, largest=False,
/home/erosanow_hpc/informed_swapping/BARK.py:163: UserWarning: Exited postprocessing with accuracies 
[1.94256229e-08]
not reaching the requested tolerance 1e-09.
  values, vectors = lobpcg(projected_hamiltonian, guess, largest=False,
/home/erosanow_hpc/informed_swapping/BARK.py:163: UserWarning: Exited at iteration 50 with accuracies 
[5.06411134e-05]
not reaching the requested tolerance 1e-09.
Use iteration 6 instead with accuracy 
1.807993767782289e-08.

  values, vectors = lobpcg(projected_hamiltonian, guess, largest=False,
/home/erosanow_hpc/informed_swapping/BARK.py:163: UserWarning: Exited postprocessing with accuracies 
[1.80799377e-08]
not reaching the requested tolerance 1e-09.
  values, vectors = lobpcg(projected_hamiltonian, guess, largest=False,
/home/erosanow_hpc/informed_swapping/BARK.py:163: UserWarning: Exited at iteration 50 with accuracies 
[2.35613282e-05]
not reaching the requested tolerance 1e-09.
Use iteration 5 instead with accuracy 
1.588238222852829e-08.

  values, vectors = lobpcg(projected_hamiltonian, guess, largest=False,
/home/erosanow_hpc/informed_swapping/BARK.py:163: UserWarning: Exited postprocessing with accuracies 
[1.58823822e-08]
not reaching the requested tolerance 1e-09.
  values, vectors = lobpcg(projected_hamiltonian, guess, largest=False,
/home/erosanow_hpc/informed_swapping/BARK.py:163: UserWarning: Exited at iteration 50 with accuracies 
[4.13550101e-05]
not reaching the requested tolerance 1e-09.
Use iteration 10 instead with accuracy 
2.4601030907564277e-08.

  values, vectors = lobpcg(projected_hamiltonian, guess, largest=False,
/home/erosanow_hpc/informed_swapping/BARK.py:163: UserWarning: Exited postprocessing with accuracies 
[2.46010309e-08]
not reaching the requested tolerance 1e-09.
  values, vectors = lobpcg(projected_hamiltonian, guess, largest=False,
/home/erosanow_hpc/informed_swapping/BARK.py:163: UserWarning: Exited at iteration 50 with accuracies 
[2.14870065e-05]
not reaching the requested tolerance 1e-09.
Use iteration 7 instead with accuracy 
2.0895201521520337e-08.

  values, vectors = lobpcg(projected_hamiltonian, guess, largest=False,
/home/erosanow_hpc/informed_swapping/BARK.py:163: UserWarning: Exited postprocessing with accuracies 
[2.08952015e-08]
not reaching the requested tolerance 1e-09.
  values, vectors = lobpcg(projected_hamiltonian, guess, largest=False,
/home/erosanow_hpc/informed_swapping/BARK.py:163: UserWarning: Exited at iteration 50 with accuracies 
[2.58086684e-05]
not reaching the requested tolerance 1e-09.
Use iteration 9 instead with accuracy 
1.9557854783314403e-08.

  values, vectors = lobpcg(projected_hamiltonian, guess, largest=False,
/home/erosanow_hpc/informed_swapping/BARK.py:163: UserWarning: Exited postprocessing with accuracies 
[1.95578548e-08]
not reaching the requested tolerance 1e-09.
  values, vectors = lobpcg(projected_hamiltonian, guess, largest=False,
/home/erosanow_hpc/informed_swapping/BARK.py:163: UserWarning: Exited at iteration 50 with accuracies 
[5.61504452e-05]
not reaching the requested tolerance 1e-09.
Use iteration 6 instead with accuracy 
1.99792597790381e-08.

  values, vectors = lobpcg(projected_hamiltonian, guess, largest=False,
/home/erosanow_hpc/informed_swapping/BARK.py:163: UserWarning: Exited postprocessing with accuracies 
[1.99792598e-08]
not reaching the requested tolerance 1e-09.
  values, vectors = lobpcg(projected_hamiltonian, guess, largest=False,
/home/erosanow_hpc/informed_swapping/BARK.py:163: UserWarning: Exited at iteration 50 with accuracies 
[4.90494129e-05]
not reaching the requested tolerance 1e-09.
Use iteration 8 instead with accuracy 
1.880892378889722e-08.

  values, vectors = lobpcg(projected_hamiltonian, guess, largest=False,
/home/erosanow_hpc/informed_swapping/BARK.py:163: UserWarning: Exited postprocessing with accuracies 
[1.88089238e-08]
not reaching the requested tolerance 1e-09.
  values, vectors = lobpcg(projected_hamiltonian, guess, largest=False,
/home/erosanow_hpc/informed_swapping/BARK.py:163: UserWarning: Exited at iteration 50 with accuracies 
[4.78752432e-05]
not reaching the requested tolerance 1e-09.
Use iteration 9 instead with accuracy 
1.8880108726307855e-08.

  values, vectors = lobpcg(projected_hamiltonian, guess, largest=False,
/home/erosanow_hpc/informed_swapping/BARK.py:163: UserWarning: Exited postprocessing with accuracies 
[1.88801087e-08]
not reaching the requested tolerance 1e-09.
  values, vectors = lobpcg(projected_hamiltonian, guess, largest=False,
/home/erosanow_hpc/informed_swapping/BARK.py:163: UserWarning: Exited at iteration 50 with accuracies 
[3.39959109e-05]
not reaching the requested tolerance 1e-09.
Use iteration 9 instead with accuracy 
2.1881260709815115e-08.

  values, vectors = lobpcg(projected_hamiltonian, guess, largest=False,
/home/erosanow_hpc/informed_swapping/BARK.py:163: UserWarning: Exited postprocessing with accuracies 
[2.18812607e-08]
not reaching the requested tolerance 1e-09.
  values, vectors = lobpcg(projected_hamiltonian, guess, largest=False,
/home/erosanow_hpc/informed_swapping/BARK.py:163: UserWarning: Exited at iteration 50 with accuracies 
[6.50264816e-05]
not reaching the requested tolerance 1e-09.
Use iteration 10 instead with accuracy 
1.1330433953748645e-08.

  values, vectors = lobpcg(projected_hamiltonian, guess, largest=False,
/home/erosanow_hpc/informed_swapping/BARK.py:163: UserWarning: Exited postprocessing with accuracies 
[1.13304339e-08]
not reaching the requested tolerance 1e-09.
  values, vectors = lobpcg(projected_hamiltonian, guess, largest=False,
/home/erosanow_hpc/informed_swapping/BARK.py:163: UserWarning: Exited at iteration 50 with accuracies 
[1.09743761e-05]
not reaching the requested tolerance 1e-09.
Use iteration 6 instead with accuracy 
1.1313280989876173e-08.

  values, vectors = lobpcg(projected_hamiltonian, guess, largest=False,
/home/erosanow_hpc/informed_swapping/BARK.py:163: UserWarning: Exited postprocessing with accuracies 
[1.13132809e-08]
not reaching the requested tolerance 1e-09.
  values, vectors = lobpcg(projected_hamiltonian, guess, largest=False,
/home/erosanow_hpc/informed_swapping/BARK.py:163: UserWarning: Exited at iteration 50 with accuracies 
[1.41188484e-05]
not reaching the requested tolerance 1e-09.
Use iteration 9 instead with accuracy 
9.621384287550294e-09.

  values, vectors = lobpcg(projected_hamiltonian, guess, largest=False,
/home/erosanow_hpc/informed_swapping/BARK.py:163: UserWarning: Exited postprocessing with accuracies 
[9.62138423e-09]
not reaching the requested tolerance 1e-09.
  values, vectors = lobpcg(projected_hamiltonian, guess, largest=False,
/home/erosanow_hpc/informed_swapping/BARK.py:163: UserWarning: Exited at iteration 50 with accuracies 
[2.73147085e-05]
not reaching the requested tolerance 1e-09.
Use iteration 10 instead with accuracy 
1.0581102693175697e-08.

  values, vectors = lobpcg(projected_hamiltonian, guess, largest=False,
/home/erosanow_hpc/informed_swapping/BARK.py:163: UserWarning: Exited postprocessing with accuracies 
[1.05811027e-08]
not reaching the requested tolerance 1e-09.
  values, vectors = lobpcg(projected_hamiltonian, guess, largest=False,
/home/erosanow_hpc/informed_swapping/BARK.py:163: UserWarning: Exited at iteration 50 with accuracies 
[2.13291145e-05]
not reaching the requested tolerance 1e-09.
Use iteration 9 instead with accuracy 
1.078044837797132e-08.

  values, vectors = lobpcg(projected_hamiltonian, guess, largest=False,
/home/erosanow_hpc/informed_swapping/BARK.py:163: UserWarning: Exited postprocessing with accuracies 
[1.07804483e-08]
not reaching the requested tolerance 1e-09.
  values, vectors = lobpcg(projected_hamiltonian, guess, largest=False,
/home/erosanow_hpc/informed_swapping/BARK.py:163: UserWarning: Exited at iteration 50 with accuracies 
[1.92256501e-05]
not reaching the requested tolerance 1e-09.
Use iteration 10 instead with accuracy 
1.1057515130447966e-08.

  values, vectors = lobpcg(projected_hamiltonian, guess, largest=False,
/home/erosanow_hpc/informed_swapping/BARK.py:163: UserWarning: Exited postprocessing with accuracies 
[1.10575151e-08]
not reaching the requested tolerance 1e-09.
  values, vectors = lobpcg(projected_hamiltonian, guess, largest=False,
/home/erosanow_hpc/informed_swapping/BARK.py:163: UserWarning: Exited at iteration 50 with accuracies 
[3.15209676e-05]
not reaching the requested tolerance 1e-09.
Use iteration 10 instead with accuracy 
1.1165718654943269e-08.

  values, vectors = lobpcg(projected_hamiltonian, guess, largest=False,
/home/erosanow_hpc/informed_swapping/BARK.py:163: UserWarning: Exited postprocessing with accuracies 
[1.11657187e-08]
not reaching the requested tolerance 1e-09.
  values, vectors = lobpcg(projected_hamiltonian, guess, largest=False,
/home/erosanow_hpc/informed_swapping/BARK.py:163: UserWarning: Exited at iteration 50 with accuracies 
[1.88363623e-05]
not reaching the requested tolerance 1e-09.
Use iteration 8 instead with accuracy 
9.582858117334632e-09.

  values, vectors = lobpcg(projected_hamiltonian, guess, largest=False,
/home/erosanow_hpc/informed_swapping/BARK.py:163: UserWarning: Exited postprocessing with accuracies 
[9.58285812e-09]
not reaching the requested tolerance 1e-09.
  values, vectors = lobpcg(projected_hamiltonian, guess, largest=False,
/home/erosanow_hpc/informed_swapping/BARK.py:163: UserWarning: Exited at iteration 50 with accuracies 
[1.20264841e-05]
not reaching the requested tolerance 1e-09.
Use iteration 10 instead with accuracy 
1.1284425076372314e-08.

  values, vectors = lobpcg(projected_hamiltonian, guess, largest=False,
/home/erosanow_hpc/informed_swapping/BARK.py:163: UserWarning: Exited postprocessing with accuracies 
[1.12844251e-08]
not reaching the requested tolerance 1e-09.
  values, vectors = lobpcg(projected_hamiltonian, guess, largest=False,
/home/erosanow_hpc/informed_swapping/BARK.py:163: UserWarning: Exited at iteration 50 with accuracies 
[2.11562012e-05]
not reaching the requested tolerance 1e-09.
Use iteration 12 instead with accuracy 
1.1405119428515761e-08.

  values, vectors = lobpcg(projected_hamiltonian, guess, largest=False,
/home/erosanow_hpc/informed_swapping/BARK.py:163: UserWarning: Exited postprocessing with accuracies 
[1.14051194e-08]
not reaching the requested tolerance 1e-09.
  values, vectors = lobpcg(projected_hamiltonian, guess, largest=False,
/home/erosanow_hpc/informed_swapping/BARK.py:163: UserWarning: Exited at iteration 50 with accuracies 
[2.70846299e-05]
not reaching the requested tolerance 1e-09.
Use iteration 9 instead with accuracy 
9.999264890672818e-09.

  values, vectors = lobpcg(projected_hamiltonian, guess, largest=False,
/home/erosanow_hpc/informed_swapping/BARK.py:163: UserWarning: Exited postprocessing with accuracies 
[9.99926489e-09]
not reaching the requested tolerance 1e-09.
  values, vectors = lobpcg(projected_hamiltonian, guess, largest=False,
/home/erosanow_hpc/informed_swapping/BARK.py:163: UserWarning: Exited at iteration 50 with accuracies 
[2.5198939e-05]
not reaching the requested tolerance 1e-09.
Use iteration 11 instead with accuracy 
1.2943786363199145e-08.

  values, vectors = lobpcg(projected_hamiltonian, guess, largest=False,
/home/erosanow_hpc/informed_swapping/BARK.py:163: UserWarning: Exited postprocessing with accuracies 
[1.29437864e-08]
not reaching the requested tolerance 1e-09.
  values, vectors = lobpcg(projected_hamiltonian, guess, largest=False,
/home/erosanow_hpc/informed_swapping/BARK.py:163: UserWarning: Exited at iteration 50 with accuracies 
[1.29145124e-05]
not reaching the requested tolerance 1e-09.
Use iteration 9 instead with accuracy 
9.22641393188402e-09.

  values, vectors = lobpcg(projected_hamiltonian, guess, largest=False,
/home/erosanow_hpc/informed_swapping/BARK.py:163: UserWarning: Exited postprocessing with accuracies 
[9.22641389e-09]
not reaching the requested tolerance 1e-09.
  values, vectors = lobpcg(projected_hamiltonian, guess, largest=False,
/home/erosanow_hpc/informed_swapping/BARK.py:163: UserWarning: Exited at iteration 50 with accuracies 
[1.35757005e-05]
not reaching the requested tolerance 1e-09.
Use iteration 9 instead with accuracy 
1.2354611625322458e-08.

  values, vectors = lobpcg(projected_hamiltonian, guess, largest=False,
/home/erosanow_hpc/informed_swapping/BARK.py:163: UserWarning: Exited postprocessing with accuracies 
[1.23546117e-08]
not reaching the requested tolerance 1e-09.
  values, vectors = lobpcg(projected_hamiltonian, guess, largest=False,
/home/erosanow_hpc/informed_swapping/BARK.py:163: UserWarning: Exited at iteration 50 with accuracies 
[1.09800332e-05]
not reaching the requested tolerance 1e-09.
Use iteration 8 instead with accuracy 
1.2993955438240781e-08.

  values, vectors = lobpcg(projected_hamiltonian, guess, largest=False,
/home/erosanow_hpc/informed_swapping/BARK.py:163: UserWarning: Exited postprocessing with accuracies 
[1.29939554e-08]
not reaching the requested tolerance 1e-09.
  values, vectors = lobpcg(projected_hamiltonian, guess, largest=False,
/home/erosanow_hpc/informed_swapping/BARK.py:163: UserWarning: Exited at iteration 50 with accuracies 
[1.53927249e-05]
not reaching the requested tolerance 1e-09.
Use iteration 8 instead with accuracy 
1.2642987053562139e-08.

  values, vectors = lobpcg(projected_hamiltonian, guess, largest=False,
/home/erosanow_hpc/informed_swapping/BARK.py:163: UserWarning: Exited postprocessing with accuracies 
[1.2642987e-08]
not reaching the requested tolerance 1e-09.
  values, vectors = lobpcg(projected_hamiltonian, guess, largest=False,
/home/erosanow_hpc/informed_swapping/BARK.py:163: UserWarning: Exited at iteration 50 with accuracies 
[3.00105424e-05]
not reaching the requested tolerance 1e-09.
Use iteration 5 instead with accuracy 
1.03894463303343e-08.

  values, vectors = lobpcg(projected_hamiltonian, guess, largest=False,
/home/erosanow_hpc/informed_swapping/BARK.py:163: UserWarning: Exited postprocessing with accuracies 
[1.03894463e-08]
not reaching the requested tolerance 1e-09.
  values, vectors = lobpcg(projected_hamiltonian, guess, largest=False,
/home/erosanow_hpc/informed_swapping/BARK.py:163: UserWarning: Exited at iteration 50 with accuracies 
[1.71154695e-05]
not reaching the requested tolerance 1e-09.
Use iteration 6 instead with accuracy 
1.0976863798709409e-08.

  values, vectors = lobpcg(projected_hamiltonian, guess, largest=False,
/home/erosanow_hpc/informed_swapping/BARK.py:163: UserWarning: Exited postprocessing with accuracies 
[1.09768638e-08]
not reaching the requested tolerance 1e-09.
  values, vectors = lobpcg(projected_hamiltonian, guess, largest=False,
/home/erosanow_hpc/informed_swapping/BARK.py:163: UserWarning: Exited at iteration 50 with accuracies 
[2.3092052e-05]
not reaching the requested tolerance 1e-09.
Use iteration 7 instead with accuracy 
1.0128067760722093e-08.

  values, vectors = lobpcg(projected_hamiltonian, guess, largest=False,
/home/erosanow_hpc/informed_swapping/BARK.py:163: UserWarning: Exited postprocessing with accuracies 
[1.01280678e-08]
not reaching the requested tolerance 1e-09.
  values, vectors = lobpcg(projected_hamiltonian, guess, largest=False,
/home/erosanow_hpc/informed_swapping/BARK.py:163: UserWarning: Exited at iteration 50 with accuracies 
[4.85289866e-05]
not reaching the requested tolerance 1e-09.
Use iteration 6 instead with accuracy 
8.135401929882353e-09.

  values, vectors = lobpcg(projected_hamiltonian, guess, largest=False,
/home/erosanow_hpc/informed_swapping/BARK.py:163: UserWarning: Exited postprocessing with accuracies 
[8.13540193e-09]
not reaching the requested tolerance 1e-09.
  values, vectors = lobpcg(projected_hamiltonian, guess, largest=False,
/home/erosanow_hpc/informed_swapping/BARK.py:163: UserWarning: Exited at iteration 50 with accuracies 
[2.8214066e-05]
not reaching the requested tolerance 1e-09.
Use iteration 4 instead with accuracy 
7.856228976536442e-09.

  values, vectors = lobpcg(projected_hamiltonian, guess, largest=False,
/home/erosanow_hpc/informed_swapping/BARK.py:163: UserWarning: Exited postprocessing with accuracies 
[7.85622898e-09]
not reaching the requested tolerance 1e-09.
  values, vectors = lobpcg(projected_hamiltonian, guess, largest=False,
/home/erosanow_hpc/informed_swapping/BARK.py:163: UserWarning: Exited at iteration 50 with accuracies 
[1.49507989e-05]
not reaching the requested tolerance 1e-09.
Use iteration 6 instead with accuracy 
8.040427338753129e-09.

  values, vectors = lobpcg(projected_hamiltonian, guess, largest=False,
/home/erosanow_hpc/informed_swapping/BARK.py:163: UserWarning: Exited postprocessing with accuracies 
[8.04042734e-09]
not reaching the requested tolerance 1e-09.
  values, vectors = lobpcg(projected_hamiltonian, guess, largest=False,
/home/erosanow_hpc/informed_swapping/BARK.py:163: UserWarning: Exited at iteration 50 with accuracies 
[2.66813561e-05]
not reaching the requested tolerance 1e-09.
Use iteration 5 instead with accuracy 
7.90743985919046e-09.

  values, vectors = lobpcg(projected_hamiltonian, guess, largest=False,
/home/erosanow_hpc/informed_swapping/BARK.py:163: UserWarning: Exited postprocessing with accuracies 
[7.90743986e-09]
not reaching the requested tolerance 1e-09.
  values, vectors = lobpcg(projected_hamiltonian, guess, largest=False,
/home/erosanow_hpc/informed_swapping/BARK.py:163: UserWarning: Exited at iteration 50 with accuracies 
[2.56479166e-05]
not reaching the requested tolerance 1e-09.
Use iteration 9 instead with accuracy 
1.1246508246407263e-08.

  values, vectors = lobpcg(projected_hamiltonian, guess, largest=False,
/home/erosanow_hpc/informed_swapping/BARK.py:163: UserWarning: Exited postprocessing with accuracies 
[1.12465082e-08]
not reaching the requested tolerance 1e-09.
  values, vectors = lobpcg(projected_hamiltonian, guess, largest=False,
/home/erosanow_hpc/informed_swapping/BARK.py:163: UserWarning: Exited at iteration 50 with accuracies 
[1.69257751e-05]
not reaching the requested tolerance 1e-09.
Use iteration 6 instead with accuracy 
8.362972072893724e-09.

  values, vectors = lobpcg(projected_hamiltonian, guess, largest=False,
/home/erosanow_hpc/informed_swapping/BARK.py:163: UserWarning: Exited postprocessing with accuracies 
[8.36297204e-09]
not reaching the requested tolerance 1e-09.
  values, vectors = lobpcg(projected_hamiltonian, guess, largest=False,
/home/erosanow_hpc/informed_swapping/BARK.py:163: UserWarning: Exited at iteration 50 with accuracies 
[4.77415623e-05]
not reaching the requested tolerance 1e-09.
Use iteration 5 instead with accuracy 
9.304303792146048e-09.

  values, vectors = lobpcg(projected_hamiltonian, guess, largest=False,
/home/erosanow_hpc/informed_swapping/BARK.py:163: UserWarning: Exited postprocessing with accuracies 
[9.30430379e-09]
not reaching the requested tolerance 1e-09.
  values, vectors = lobpcg(projected_hamiltonian, guess, largest=False,
/home/erosanow_hpc/informed_swapping/BARK.py:163: UserWarning: Exited at iteration 50 with accuracies 
[4.3253976e-05]
not reaching the requested tolerance 1e-09.
Use iteration 4 instead with accuracy 
7.939666229419767e-09.

  values, vectors = lobpcg(projected_hamiltonian, guess, largest=False,
/home/erosanow_hpc/informed_swapping/BARK.py:163: UserWarning: Exited postprocessing with accuracies 
[7.93966623e-09]
not reaching the requested tolerance 1e-09.
  values, vectors = lobpcg(projected_hamiltonian, guess, largest=False,
/home/erosanow_hpc/informed_swapping/BARK.py:163: UserWarning: Exited at iteration 50 with accuracies 
[2.22221658e-05]
not reaching the requested tolerance 1e-09.
Use iteration 5 instead with accuracy 
9.44569408476857e-09.

  values, vectors = lobpcg(projected_hamiltonian, guess, largest=False,
/home/erosanow_hpc/informed_swapping/BARK.py:163: UserWarning: Exited postprocessing with accuracies 
[9.44569409e-09]
not reaching the requested tolerance 1e-09.
  values, vectors = lobpcg(projected_hamiltonian, guess, largest=False,
/home/erosanow_hpc/informed_swapping/BARK.py:163: UserWarning: Exited at iteration 50 with accuracies 
[6.76893717e-06]
not reaching the requested tolerance 1e-09.
Use iteration 5 instead with accuracy 
7.887736084011915e-09.

  values, vectors = lobpcg(projected_hamiltonian, guess, largest=False,
/home/erosanow_hpc/informed_swapping/BARK.py:163: UserWarning: Exited postprocessing with accuracies 
[7.88773608e-09]
not reaching the requested tolerance 1e-09.
  values, vectors = lobpcg(projected_hamiltonian, guess, largest=False,
/home/erosanow_hpc/informed_swapping/BARK.py:163: UserWarning: Exited at iteration 50 with accuracies 
[2.46521971e-06]
not reaching the requested tolerance 1e-09.
Use iteration 4 instead with accuracy 
7.848722031101594e-09.

  values, vectors = lobpcg(projected_hamiltonian, guess, largest=False,
/home/erosanow_hpc/informed_swapping/BARK.py:163: UserWarning: Exited postprocessing with accuracies 
[7.84872203e-09]
not reaching the requested tolerance 1e-09.
  values, vectors = lobpcg(projected_hamiltonian, guess, largest=False,
/home/erosanow_hpc/informed_swapping/BARK.py:163: UserWarning: Exited at iteration 50 with accuracies 
[1.06456375e-06]
not reaching the requested tolerance 1e-09.
Use iteration 3 instead with accuracy 
7.861154073979612e-09.

  values, vectors = lobpcg(projected_hamiltonian, guess, largest=False,
/home/erosanow_hpc/informed_swapping/BARK.py:163: UserWarning: Exited postprocessing with accuracies 
[7.86115407e-09]
not reaching the requested tolerance 1e-09.
  values, vectors = lobpcg(projected_hamiltonian, guess, largest=False,
/home/erosanow_hpc/informed_swapping/BARK.py:163: UserWarning: Exited at iteration 50 with accuracies 
[2.02146801e-05]
not reaching the requested tolerance 1e-09.
Use iteration 8 instead with accuracy 
9.061681749498023e-09.

  values, vectors = lobpcg(projected_hamiltonian, guess, largest=False,
/home/erosanow_hpc/informed_swapping/BARK.py:163: UserWarning: Exited postprocessing with accuracies 
[9.06168174e-09]
not reaching the requested tolerance 1e-09.
  values, vectors = lobpcg(projected_hamiltonian, guess, largest=False,
/home/erosanow_hpc/informed_swapping/BARK.py:163: UserWarning: Exited at iteration 50 with accuracies 
[3.44822628e-05]
not reaching the requested tolerance 1e-09.
Use iteration 7 instead with accuracy 
8.612052168647715e-09.

  values, vectors = lobpcg(projected_hamiltonian, guess, largest=False,
/home/erosanow_hpc/informed_swapping/BARK.py:163: UserWarning: Exited postprocessing with accuracies 
[8.61205212e-09]
not reaching the requested tolerance 1e-09.
  values, vectors = lobpcg(projected_hamiltonian, guess, largest=False,
/home/erosanow_hpc/informed_swapping/BARK.py:163: UserWarning: Exited at iteration 50 with accuracies 
[2.1951321e-05]
not reaching the requested tolerance 1e-09.
Use iteration 7 instead with accuracy 
1.2119082300796849e-08.

  values, vectors = lobpcg(projected_hamiltonian, guess, largest=False,
/home/erosanow_hpc/informed_swapping/BARK.py:163: UserWarning: Exited postprocessing with accuracies 
[1.21190823e-08]
not reaching the requested tolerance 1e-09.
  values, vectors = lobpcg(projected_hamiltonian, guess, largest=False,
/home/erosanow_hpc/informed_swapping/BARK.py:163: UserWarning: Exited at iteration 50 with accuracies 
[3.85274049e-05]
not reaching the requested tolerance 1e-09.
Use iteration 8 instead with accuracy 
1.0148613886868513e-08.

  values, vectors = lobpcg(projected_hamiltonian, guess, largest=False,
/home/erosanow_hpc/informed_swapping/BARK.py:163: UserWarning: Exited postprocessing with accuracies 
[1.01486139e-08]
not reaching the requested tolerance 1e-09.
  values, vectors = lobpcg(projected_hamiltonian, guess, largest=False,
/home/erosanow_hpc/informed_swapping/BARK.py:163: UserWarning: Exited at iteration 50 with accuracies 
[2.06609585e-05]
not reaching the requested tolerance 1e-09.
Use iteration 9 instead with accuracy 
9.932175917218377e-09.

  values, vectors = lobpcg(projected_hamiltonian, guess, largest=False,
/home/erosanow_hpc/informed_swapping/BARK.py:163: UserWarning: Exited postprocessing with accuracies 
[9.9321759e-09]
not reaching the requested tolerance 1e-09.
  values, vectors = lobpcg(projected_hamiltonian, guess, largest=False,
/home/erosanow_hpc/informed_swapping/BARK.py:163: UserWarning: Exited at iteration 50 with accuracies 
[1.59235587e-05]
not reaching the requested tolerance 1e-09.
Use iteration 10 instead with accuracy 
8.75916612959606e-09.

  values, vectors = lobpcg(projected_hamiltonian, guess, largest=False,
/home/erosanow_hpc/informed_swapping/BARK.py:163: UserWarning: Exited postprocessing with accuracies 
[8.7591661e-09]
not reaching the requested tolerance 1e-09.
  values, vectors = lobpcg(projected_hamiltonian, guess, largest=False,
/home/erosanow_hpc/informed_swapping/BARK.py:163: UserWarning: Exited at iteration 50 with accuracies 
[3.25987109e-05]
not reaching the requested tolerance 1e-09.
Use iteration 11 instead with accuracy 
1.0818562061711184e-08.

  values, vectors = lobpcg(projected_hamiltonian, guess, largest=False,
/home/erosanow_hpc/informed_swapping/BARK.py:163: UserWarning: Exited postprocessing with accuracies 
[1.0818562e-08]
not reaching the requested tolerance 1e-09.
  values, vectors = lobpcg(projected_hamiltonian, guess, largest=False,
/home/erosanow_hpc/informed_swapping/BARK.py:163: UserWarning: Exited at iteration 50 with accuracies 
[3.17231401e-05]
not reaching the requested tolerance 1e-09.
Use iteration 7 instead with accuracy 
1.1297014313288228e-08.

  values, vectors = lobpcg(projected_hamiltonian, guess, largest=False,
/home/erosanow_hpc/informed_swapping/BARK.py:163: UserWarning: Exited postprocessing with accuracies 
[1.12970143e-08]
not reaching the requested tolerance 1e-09.
  values, vectors = lobpcg(projected_hamiltonian, guess, largest=False,
/home/erosanow_hpc/informed_swapping/BARK.py:163: UserWarning: Exited at iteration 50 with accuracies 
[2.33874022e-05]
not reaching the requested tolerance 1e-09.
Use iteration 11 instead with accuracy 
1.1569881270487062e-08.

  values, vectors = lobpcg(projected_hamiltonian, guess, largest=False,
/home/erosanow_hpc/informed_swapping/BARK.py:163: UserWarning: Exited postprocessing with accuracies 
[1.15698813e-08]
not reaching the requested tolerance 1e-09.
  values, vectors = lobpcg(projected_hamiltonian, guess, largest=False,
/home/erosanow_hpc/informed_swapping/BARK.py:163: UserWarning: Exited at iteration 50 with accuracies 
[3.54788374e-05]
not reaching the requested tolerance 1e-09.
Use iteration 11 instead with accuracy 
1.1581910660471866e-08.

  values, vectors = lobpcg(projected_hamiltonian, guess, largest=False,
/home/erosanow_hpc/informed_swapping/BARK.py:163: UserWarning: Exited postprocessing with accuracies 
[1.15819107e-08]
not reaching the requested tolerance 1e-09.
  values, vectors = lobpcg(projected_hamiltonian, guess, largest=False,
/home/erosanow_hpc/informed_swapping/BARK.py:163: UserWarning: Exited at iteration 50 with accuracies 
[2.5991572e-05]
not reaching the requested tolerance 1e-09.
Use iteration 12 instead with accuracy 
1.026213886102081e-08.

  values, vectors = lobpcg(projected_hamiltonian, guess, largest=False,
/home/erosanow_hpc/informed_swapping/BARK.py:163: UserWarning: Exited postprocessing with accuracies 
[1.02621389e-08]
not reaching the requested tolerance 1e-09.
  values, vectors = lobpcg(projected_hamiltonian, guess, largest=False,
/home/erosanow_hpc/informed_swapping/BARK.py:163: UserWarning: Exited at iteration 50 with accuracies 
[4.44328369e-05]
not reaching the requested tolerance 1e-09.
Use iteration 9 instead with accuracy 
1.1932667158055367e-08.

  values, vectors = lobpcg(projected_hamiltonian, guess, largest=False,
/home/erosanow_hpc/informed_swapping/BARK.py:163: UserWarning: Exited postprocessing with accuracies 
[1.19326671e-08]
not reaching the requested tolerance 1e-09.
  values, vectors = lobpcg(projected_hamiltonian, guess, largest=False,
/home/erosanow_hpc/informed_swapping/BARK.py:163: UserWarning: Exited at iteration 50 with accuracies 
[2.03201535e-05]
not reaching the requested tolerance 1e-09.
Use iteration 7 instead with accuracy 
9.923272384921965e-09.

  values, vectors = lobpcg(projected_hamiltonian, guess, largest=False,
/home/erosanow_hpc/informed_swapping/BARK.py:163: UserWarning: Exited postprocessing with accuracies 
[9.92327248e-09]
not reaching the requested tolerance 1e-09.
  values, vectors = lobpcg(projected_hamiltonian, guess, largest=False,
/home/erosanow_hpc/informed_swapping/BARK.py:163: UserWarning: Exited at iteration 50 with accuracies 
[3.04427501e-05]
not reaching the requested tolerance 1e-09.
Use iteration 10 instead with accuracy 
1.2723022434127903e-08.

  values, vectors = lobpcg(projected_hamiltonian, guess, largest=False,
/home/erosanow_hpc/informed_swapping/BARK.py:163: UserWarning: Exited postprocessing with accuracies 
[1.27230224e-08]
not reaching the requested tolerance 1e-09.
  values, vectors = lobpcg(projected_hamiltonian, guess, largest=False,
/home/erosanow_hpc/informed_swapping/BARK.py:163: UserWarning: Exited at iteration 50 with accuracies 
[3.02741293e-05]
not reaching the requested tolerance 1e-09.
Use iteration 14 instead with accuracy 
1.1956236787499325e-08.

  values, vectors = lobpcg(projected_hamiltonian, guess, largest=False,
/home/erosanow_hpc/informed_swapping/BARK.py:163: UserWarning: Exited postprocessing with accuracies 
[1.19562368e-08]
not reaching the requested tolerance 1e-09.
  values, vectors = lobpcg(projected_hamiltonian, guess, largest=False,
/home/erosanow_hpc/informed_swapping/BARK.py:163: UserWarning: Exited at iteration 50 with accuracies 
[3.10177752e-05]
not reaching the requested tolerance 1e-09.
Use iteration 8 instead with accuracy 
1.133813315636571e-08.

  values, vectors = lobpcg(projected_hamiltonian, guess, largest=False,
/home/erosanow_hpc/informed_swapping/BARK.py:163: UserWarning: Exited postprocessing with accuracies 
[1.13381331e-08]
not reaching the requested tolerance 1e-09.
  values, vectors = lobpcg(projected_hamiltonian, guess, largest=False,
/home/erosanow_hpc/informed_swapping/BARK.py:163: UserWarning: Exited at iteration 50 with accuracies 
[2.86329244e-05]
not reaching the requested tolerance 1e-09.
Use iteration 10 instead with accuracy 
1.2294589307858628e-08.

  values, vectors = lobpcg(projected_hamiltonian, guess, largest=False,
/home/erosanow_hpc/informed_swapping/BARK.py:163: UserWarning: Exited postprocessing with accuracies 
[1.22945893e-08]
not reaching the requested tolerance 1e-09.
  values, vectors = lobpcg(projected_hamiltonian, guess, largest=False,
/home/erosanow_hpc/informed_swapping/BARK.py:163: UserWarning: Exited at iteration 50 with accuracies 
[3.74599521e-05]
not reaching the requested tolerance 1e-09.
Use iteration 8 instead with accuracy 
1.0893844824297994e-08.

  values, vectors = lobpcg(projected_hamiltonian, guess, largest=False,
/home/erosanow_hpc/informed_swapping/BARK.py:163: UserWarning: Exited postprocessing with accuracies 
[1.08938448e-08]
not reaching the requested tolerance 1e-09.
  values, vectors = lobpcg(projected_hamiltonian, guess, largest=False,
/home/erosanow_hpc/informed_swapping/BARK.py:163: UserWarning: Exited at iteration 50 with accuracies 
[3.64623136e-05]
not reaching the requested tolerance 1e-09.
Use iteration 10 instead with accuracy 
8.957023302481032e-09.

  values, vectors = lobpcg(projected_hamiltonian, guess, largest=False,
/home/erosanow_hpc/informed_swapping/BARK.py:163: UserWarning: Exited postprocessing with accuracies 
[8.95702344e-09]
not reaching the requested tolerance 1e-09.
  values, vectors = lobpcg(projected_hamiltonian, guess, largest=False,
/home/erosanow_hpc/informed_swapping/BARK.py:163: UserWarning: Exited at iteration 50 with accuracies 
[2.36404516e-05]
not reaching the requested tolerance 1e-09.
Use iteration 12 instead with accuracy 
9.070483015457519e-09.

  values, vectors = lobpcg(projected_hamiltonian, guess, largest=False,
/home/erosanow_hpc/informed_swapping/BARK.py:163: UserWarning: Exited postprocessing with accuracies 
[9.07048301e-09]
not reaching the requested tolerance 1e-09.
  values, vectors = lobpcg(projected_hamiltonian, guess, largest=False,
/home/erosanow_hpc/informed_swapping/BARK.py:163: UserWarning: Exited at iteration 50 with accuracies 
[1.11186399e-05]
not reaching the requested tolerance 1e-09.
Use iteration 9 instead with accuracy 
1.1534915074719324e-08.

  values, vectors = lobpcg(projected_hamiltonian, guess, largest=False,
/home/erosanow_hpc/informed_swapping/BARK.py:163: UserWarning: Exited postprocessing with accuracies 
[1.15349151e-08]
not reaching the requested tolerance 1e-09.
  values, vectors = lobpcg(projected_hamiltonian, guess, largest=False,
/home/erosanow_hpc/informed_swapping/BARK.py:163: UserWarning: Exited at iteration 50 with accuracies 
[1.52849493e-05]
not reaching the requested tolerance 1e-09.
Use iteration 10 instead with accuracy 
9.787583690013979e-09.

  values, vectors = lobpcg(projected_hamiltonian, guess, largest=False,
/home/erosanow_hpc/informed_swapping/BARK.py:163: UserWarning: Exited postprocessing with accuracies 
[9.78758366e-09]
not reaching the requested tolerance 1e-09.
  values, vectors = lobpcg(projected_hamiltonian, guess, largest=False,
/home/erosanow_hpc/informed_swapping/BARK.py:163: UserWarning: Exited at iteration 50 with accuracies 
[3.09330078e-05]
not reaching the requested tolerance 1e-09.
Use iteration 9 instead with accuracy 
9.057914298759424e-09.

  values, vectors = lobpcg(projected_hamiltonian, guess, largest=False,
/home/erosanow_hpc/informed_swapping/BARK.py:163: UserWarning: Exited postprocessing with accuracies 
[9.05791425e-09]
not reaching the requested tolerance 1e-09.
  values, vectors = lobpcg(projected_hamiltonian, guess, largest=False,
/home/erosanow_hpc/informed_swapping/BARK.py:163: UserWarning: Exited at iteration 50 with accuracies 
[3.24304445e-05]
not reaching the requested tolerance 1e-09.
Use iteration 10 instead with accuracy 
1.29823528258863e-08.

  values, vectors = lobpcg(projected_hamiltonian, guess, largest=False,
/home/erosanow_hpc/informed_swapping/BARK.py:163: UserWarning: Exited postprocessing with accuracies 
[1.29823528e-08]
not reaching the requested tolerance 1e-09.
  values, vectors = lobpcg(projected_hamiltonian, guess, largest=False,
/home/erosanow_hpc/informed_swapping/BARK.py:163: UserWarning: Exited at iteration 50 with accuracies 
[1.80423539e-05]
not reaching the requested tolerance 1e-09.
Use iteration 8 instead with accuracy 
1.1398529814303413e-08.

  values, vectors = lobpcg(projected_hamiltonian, guess, largest=False,
/home/erosanow_hpc/informed_swapping/BARK.py:163: UserWarning: Exited postprocessing with accuracies 
[1.13985298e-08]
not reaching the requested tolerance 1e-09.
  values, vectors = lobpcg(projected_hamiltonian, guess, largest=False,
/home/erosanow_hpc/informed_swapping/BARK.py:163: UserWarning: Exited at iteration 50 with accuracies 
[2.24325842e-05]
not reaching the requested tolerance 1e-09.
Use iteration 10 instead with accuracy 
1.2636593097659359e-08.

  values, vectors = lobpcg(projected_hamiltonian, guess, largest=False,
/home/erosanow_hpc/informed_swapping/BARK.py:163: UserWarning: Exited postprocessing with accuracies 
[1.26365931e-08]
not reaching the requested tolerance 1e-09.
  values, vectors = lobpcg(projected_hamiltonian, guess, largest=False,
/home/erosanow_hpc/informed_swapping/BARK.py:163: UserWarning: Exited at iteration 50 with accuracies 
[4.6056379e-05]
not reaching the requested tolerance 1e-09.
Use iteration 10 instead with accuracy 
1.2558346119470417e-08.

  values, vectors = lobpcg(projected_hamiltonian, guess, largest=False,
/home/erosanow_hpc/informed_swapping/BARK.py:163: UserWarning: Exited postprocessing with accuracies 
[1.25583461e-08]
not reaching the requested tolerance 1e-09.
  values, vectors = lobpcg(projected_hamiltonian, guess, largest=False,
/home/erosanow_hpc/informed_swapping/BARK.py:163: UserWarning: Exited at iteration 50 with accuracies 
[3.28831063e-05]
not reaching the requested tolerance 1e-09.
Use iteration 12 instead with accuracy 
1.1874691646619679e-08.

  values, vectors = lobpcg(projected_hamiltonian, guess, largest=False,
/home/erosanow_hpc/informed_swapping/BARK.py:163: UserWarning: Exited postprocessing with accuracies 
[1.18746917e-08]
not reaching the requested tolerance 1e-09.
  values, vectors = lobpcg(projected_hamiltonian, guess, largest=False,
/home/erosanow_hpc/informed_swapping/BARK.py:163: UserWarning: Exited at iteration 50 with accuracies 
[3.89680592e-05]
not reaching the requested tolerance 1e-09.
Use iteration 11 instead with accuracy 
1.1103759747032068e-08.

  values, vectors = lobpcg(projected_hamiltonian, guess, largest=False,
/home/erosanow_hpc/informed_swapping/BARK.py:163: UserWarning: Exited postprocessing with accuracies 
[1.11037597e-08]
not reaching the requested tolerance 1e-09.
  values, vectors = lobpcg(projected_hamiltonian, guess, largest=False,
/home/erosanow_hpc/informed_swapping/BARK.py:163: UserWarning: Exited at iteration 50 with accuracies 
[6.38240438e-06]
not reaching the requested tolerance 1e-09.
Use iteration 11 instead with accuracy 
1.2058317545089041e-08.

  values, vectors = lobpcg(projected_hamiltonian, guess, largest=False,
/home/erosanow_hpc/informed_swapping/BARK.py:163: UserWarning: Exited postprocessing with accuracies 
[1.20583176e-08]
not reaching the requested tolerance 1e-09.
  values, vectors = lobpcg(projected_hamiltonian, guess, largest=False,
/home/erosanow_hpc/informed_swapping/BARK.py:163: UserWarning: Exited at iteration 50 with accuracies 
[3.16111053e-05]
not reaching the requested tolerance 1e-09.
Use iteration 9 instead with accuracy 
1.1899155686077862e-08.

  values, vectors = lobpcg(projected_hamiltonian, guess, largest=False,
/home/erosanow_hpc/informed_swapping/BARK.py:163: UserWarning: Exited postprocessing with accuracies 
[1.18991557e-08]
not reaching the requested tolerance 1e-09.
  values, vectors = lobpcg(projected_hamiltonian, guess, largest=False,
/home/erosanow_hpc/informed_swapping/BARK.py:163: UserWarning: Exited at iteration 50 with accuracies 
[4.83568713e-05]
not reaching the requested tolerance 1e-09.
Use iteration 7 instead with accuracy 
1.027310784681413e-08.

  values, vectors = lobpcg(projected_hamiltonian, guess, largest=False,
/home/erosanow_hpc/informed_swapping/BARK.py:163: UserWarning: Exited postprocessing with accuracies 
[1.02731078e-08]
not reaching the requested tolerance 1e-09.
  values, vectors = lobpcg(projected_hamiltonian, guess, largest=False,
/home/erosanow_hpc/informed_swapping/BARK.py:163: UserWarning: Exited at iteration 50 with accuracies 
[2.53238083e-05]
not reaching the requested tolerance 1e-09.
Use iteration 10 instead with accuracy 
1.104303221131594e-08.

  values, vectors = lobpcg(projected_hamiltonian, guess, largest=False,
/home/erosanow_hpc/informed_swapping/BARK.py:163: UserWarning: Exited postprocessing with accuracies 
[1.10430322e-08]
not reaching the requested tolerance 1e-09.
  values, vectors = lobpcg(projected_hamiltonian, guess, largest=False,
/home/erosanow_hpc/informed_swapping/BARK.py:163: UserWarning: Exited at iteration 50 with accuracies 
[1.69281791e-05]
not reaching the requested tolerance 1e-09.
Use iteration 11 instead with accuracy 
1.1457441059987068e-08.

  values, vectors = lobpcg(projected_hamiltonian, guess, largest=False,
/home/erosanow_hpc/informed_swapping/BARK.py:163: UserWarning: Exited postprocessing with accuracies 
[1.1457441e-08]
not reaching the requested tolerance 1e-09.
  values, vectors = lobpcg(projected_hamiltonian, guess, largest=False,
/home/erosanow_hpc/informed_swapping/BARK.py:163: UserWarning: Exited at iteration 50 with accuracies 
[2.51904128e-05]
not reaching the requested tolerance 1e-09.
Use iteration 10 instead with accuracy 
1.1792415481289837e-08.

  values, vectors = lobpcg(projected_hamiltonian, guess, largest=False,
/home/erosanow_hpc/informed_swapping/BARK.py:163: UserWarning: Exited postprocessing with accuracies 
[1.17924155e-08]
not reaching the requested tolerance 1e-09.
  values, vectors = lobpcg(projected_hamiltonian, guess, largest=False,
/home/erosanow_hpc/informed_swapping/BARK.py:163: UserWarning: Exited at iteration 50 with accuracies 
[3.83852002e-05]
not reaching the requested tolerance 1e-09.
Use iteration 10 instead with accuracy 
9.49536386625963e-09.

  values, vectors = lobpcg(projected_hamiltonian, guess, largest=False,
/home/erosanow_hpc/informed_swapping/BARK.py:163: UserWarning: Exited postprocessing with accuracies 
[9.49536387e-09]
not reaching the requested tolerance 1e-09.
  values, vectors = lobpcg(projected_hamiltonian, guess, largest=False,
/home/erosanow_hpc/informed_swapping/BARK.py:163: UserWarning: Exited at iteration 50 with accuracies 
[4.018257e-05]
not reaching the requested tolerance 1e-09.
Use iteration 10 instead with accuracy 
1.2214740170497793e-08.

  values, vectors = lobpcg(projected_hamiltonian, guess, largest=False,
/home/erosanow_hpc/informed_swapping/BARK.py:163: UserWarning: Exited postprocessing with accuracies 
[1.22147402e-08]
not reaching the requested tolerance 1e-09.
  values, vectors = lobpcg(projected_hamiltonian, guess, largest=False,
/home/erosanow_hpc/informed_swapping/BARK.py:163: UserWarning: Exited at iteration 50 with accuracies 
[1.32806276e-05]
not reaching the requested tolerance 1e-09.
Use iteration 8 instead with accuracy 
1.0839706428278862e-08.

  values, vectors = lobpcg(projected_hamiltonian, guess, largest=False,
/home/erosanow_hpc/informed_swapping/BARK.py:163: UserWarning: Exited postprocessing with accuracies 
[1.08397064e-08]
not reaching the requested tolerance 1e-09.
  values, vectors = lobpcg(projected_hamiltonian, guess, largest=False,
/home/erosanow_hpc/informed_swapping/BARK.py:163: UserWarning: Exited at iteration 50 with accuracies 
[2.10372068e-05]
not reaching the requested tolerance 1e-09.
Use iteration 7 instead with accuracy 
1.0973176039156578e-08.

  values, vectors = lobpcg(projected_hamiltonian, guess, largest=False,
/home/erosanow_hpc/informed_swapping/BARK.py:163: UserWarning: Exited postprocessing with accuracies 
[1.0973176e-08]
not reaching the requested tolerance 1e-09.
  values, vectors = lobpcg(projected_hamiltonian, guess, largest=False,
/home/erosanow_hpc/informed_swapping/BARK.py:163: UserWarning: Exited at iteration 50 with accuracies 
[3.48596544e-05]
not reaching the requested tolerance 1e-09.
Use iteration 10 instead with accuracy 
1.120366817617236e-08.

  values, vectors = lobpcg(projected_hamiltonian, guess, largest=False,
/home/erosanow_hpc/informed_swapping/BARK.py:163: UserWarning: Exited postprocessing with accuracies 
[1.12036682e-08]
not reaching the requested tolerance 1e-09.
  values, vectors = lobpcg(projected_hamiltonian, guess, largest=False,
/home/erosanow_hpc/informed_swapping/BARK.py:163: UserWarning: Exited at iteration 50 with accuracies 
[1.09232716e-05]
not reaching the requested tolerance 1e-09.
Use iteration 8 instead with accuracy 
1.1421040307240877e-08.

  values, vectors = lobpcg(projected_hamiltonian, guess, largest=False,
/home/erosanow_hpc/informed_swapping/BARK.py:163: UserWarning: Exited postprocessing with accuracies 
[1.14210403e-08]
not reaching the requested tolerance 1e-09.
  values, vectors = lobpcg(projected_hamiltonian, guess, largest=False,
/home/erosanow_hpc/informed_swapping/BARK.py:163: UserWarning: Exited at iteration 50 with accuracies 
[2.1430599e-05]
not reaching the requested tolerance 1e-09.
Use iteration 10 instead with accuracy 
9.711995560409663e-09.

  values, vectors = lobpcg(projected_hamiltonian, guess, largest=False,
/home/erosanow_hpc/informed_swapping/BARK.py:163: UserWarning: Exited postprocessing with accuracies 
[9.71199551e-09]
not reaching the requested tolerance 1e-09.
  values, vectors = lobpcg(projected_hamiltonian, guess, largest=False,
/home/erosanow_hpc/informed_swapping/BARK.py:163: UserWarning: Exited at iteration 50 with accuracies 
[2.9358386e-05]
not reaching the requested tolerance 1e-09.
Use iteration 8 instead with accuracy 
1.0095694538382972e-08.

  values, vectors = lobpcg(projected_hamiltonian, guess, largest=False,
/home/erosanow_hpc/informed_swapping/BARK.py:163: UserWarning: Exited postprocessing with accuracies 
[1.00956945e-08]
not reaching the requested tolerance 1e-09.
  values, vectors = lobpcg(projected_hamiltonian, guess, largest=False,
/home/erosanow_hpc/informed_swapping/BARK.py:163: UserWarning: Exited at iteration 50 with accuracies 
[3.99326014e-05]
not reaching the requested tolerance 1e-09.
Use iteration 10 instead with accuracy 
1.0529919540594853e-08.

  values, vectors = lobpcg(projected_hamiltonian, guess, largest=False,
/home/erosanow_hpc/informed_swapping/BARK.py:163: UserWarning: Exited postprocessing with accuracies 
[1.05299195e-08]
not reaching the requested tolerance 1e-09.
  values, vectors = lobpcg(projected_hamiltonian, guess, largest=False,
/home/erosanow_hpc/informed_swapping/BARK.py:163: UserWarning: Exited at iteration 50 with accuracies 
[3.81343959e-05]
not reaching the requested tolerance 1e-09.
Use iteration 7 instead with accuracy 
9.544195361540392e-09.

  values, vectors = lobpcg(projected_hamiltonian, guess, largest=False,
/home/erosanow_hpc/informed_swapping/BARK.py:163: UserWarning: Exited postprocessing with accuracies 
[9.54419536e-09]
not reaching the requested tolerance 1e-09.
  values, vectors = lobpcg(projected_hamiltonian, guess, largest=False,
/home/erosanow_hpc/informed_swapping/BARK.py:163: UserWarning: Exited at iteration 50 with accuracies 
[3.07575681e-05]
not reaching the requested tolerance 1e-09.
Use iteration 6 instead with accuracy 
8.908920389527281e-09.

  values, vectors = lobpcg(projected_hamiltonian, guess, largest=False,
/home/erosanow_hpc/informed_swapping/BARK.py:163: UserWarning: Exited postprocessing with accuracies 
[8.90892039e-09]
not reaching the requested tolerance 1e-09.
  values, vectors = lobpcg(projected_hamiltonian, guess, largest=False,
/home/erosanow_hpc/informed_swapping/BARK.py:163: UserWarning: Exited at iteration 50 with accuracies 
[3.16035179e-05]
not reaching the requested tolerance 1e-09.
Use iteration 10 instead with accuracy 
1.175488233862028e-08.

  values, vectors = lobpcg(projected_hamiltonian, guess, largest=False,
/home/erosanow_hpc/informed_swapping/BARK.py:163: UserWarning: Exited postprocessing with accuracies 
[1.17548823e-08]
not reaching the requested tolerance 1e-09.
  values, vectors = lobpcg(projected_hamiltonian, guess, largest=False,
/home/erosanow_hpc/informed_swapping/BARK.py:163: UserWarning: Exited at iteration 50 with accuracies 
[2.03265774e-05]
not reaching the requested tolerance 1e-09.
Use iteration 11 instead with accuracy 
1.1531927066288435e-08.

  values, vectors = lobpcg(projected_hamiltonian, guess, largest=False,
/home/erosanow_hpc/informed_swapping/BARK.py:163: UserWarning: Exited postprocessing with accuracies 
[1.15319271e-08]
not reaching the requested tolerance 1e-09.
  values, vectors = lobpcg(projected_hamiltonian, guess, largest=False,
/home/erosanow_hpc/informed_swapping/BARK.py:163: UserWarning: Exited at iteration 50 with accuracies 
[2.96542323e-05]
not reaching the requested tolerance 1e-09.
Use iteration 12 instead with accuracy 
1.2430879952871363e-08.

  values, vectors = lobpcg(projected_hamiltonian, guess, largest=False,
/home/erosanow_hpc/informed_swapping/BARK.py:163: UserWarning: Exited postprocessing with accuracies 
[1.243088e-08]
not reaching the requested tolerance 1e-09.
  values, vectors = lobpcg(projected_hamiltonian, guess, largest=False,
/home/erosanow_hpc/informed_swapping/BARK.py:163: UserWarning: Exited at iteration 50 with accuracies 
[3.46609629e-05]
not reaching the requested tolerance 1e-09.
Use iteration 9 instead with accuracy 
1.1678318979109824e-08.

  values, vectors = lobpcg(projected_hamiltonian, guess, largest=False,
/home/erosanow_hpc/informed_swapping/BARK.py:163: UserWarning: Exited postprocessing with accuracies 
[1.1678319e-08]
not reaching the requested tolerance 1e-09.
  values, vectors = lobpcg(projected_hamiltonian, guess, largest=False,
/home/erosanow_hpc/informed_swapping/BARK.py:163: UserWarning: Exited at iteration 50 with accuracies 
[1.17737419e-05]
not reaching the requested tolerance 1e-09.
Use iteration 9 instead with accuracy 
1.2300284866215344e-08.

  values, vectors = lobpcg(projected_hamiltonian, guess, largest=False,
/home/erosanow_hpc/informed_swapping/BARK.py:163: UserWarning: Exited postprocessing with accuracies 
[1.23002849e-08]
not reaching the requested tolerance 1e-09.
  values, vectors = lobpcg(projected_hamiltonian, guess, largest=False,
/home/erosanow_hpc/informed_swapping/BARK.py:163: UserWarning: Exited at iteration 50 with accuracies 
[3.67329146e-06]
not reaching the requested tolerance 1e-09.
Use iteration 7 instead with accuracy 
1.165433336166806e-08.

  values, vectors = lobpcg(projected_hamiltonian, guess, largest=False,
/home/erosanow_hpc/informed_swapping/BARK.py:163: UserWarning: Exited postprocessing with accuracies 
[1.16543334e-08]
not reaching the requested tolerance 1e-09.
  values, vectors = lobpcg(projected_hamiltonian, guess, largest=False,
/home/erosanow_hpc/informed_swapping/BARK.py:163: UserWarning: Exited at iteration 50 with accuracies 
[6.31502219e-07]
not reaching the requested tolerance 1e-09.
Use iteration 7 instead with accuracy 
1.097094702366047e-08.

  values, vectors = lobpcg(projected_hamiltonian, guess, largest=False,
/home/erosanow_hpc/informed_swapping/BARK.py:163: UserWarning: Exited postprocessing with accuracies 
[1.0970947e-08]
not reaching the requested tolerance 1e-09.
  values, vectors = lobpcg(projected_hamiltonian, guess, largest=False,
/home/erosanow_hpc/informed_swapping/BARK.py:163: UserWarning: Exited at iteration 50 with accuracies 
[1.07070721e-07]
not reaching the requested tolerance 1e-09.
Use iteration 6 instead with accuracy 
1.1135498413450246e-08.

  values, vectors = lobpcg(projected_hamiltonian, guess, largest=False,
/home/erosanow_hpc/informed_swapping/BARK.py:163: UserWarning: Exited postprocessing with accuracies 
[1.11354984e-08]
not reaching the requested tolerance 1e-09.
  values, vectors = lobpcg(projected_hamiltonian, guess, largest=False,
/home/erosanow_hpc/informed_swapping/BARK.py:163: UserWarning: Exited at iteration 50 with accuracies 
[1.00913689e-06]
not reaching the requested tolerance 1e-09.
Use iteration 6 instead with accuracy 
1.059729764321016e-08.

  values, vectors = lobpcg(projected_hamiltonian, guess, largest=False,
/home/erosanow_hpc/informed_swapping/BARK.py:163: UserWarning: Exited postprocessing with accuracies 
[1.05972976e-08]
not reaching the requested tolerance 1e-09.
  values, vectors = lobpcg(projected_hamiltonian, guess, largest=False,
/home/erosanow_hpc/informed_swapping/BARK.py:163: UserWarning: Exited at iteration 50 with accuracies 
[3.73409741e-07]
not reaching the requested tolerance 1e-09.
Use iteration 5 instead with accuracy 
9.976915751325626e-09.

  values, vectors = lobpcg(projected_hamiltonian, guess, largest=False,
/home/erosanow_hpc/informed_swapping/BARK.py:163: UserWarning: Exited postprocessing with accuracies 
[9.97691575e-09]
not reaching the requested tolerance 1e-09.
  values, vectors = lobpcg(projected_hamiltonian, guess, largest=False,
/home/erosanow_hpc/informed_swapping/BARK.py:163: UserWarning: Exited at iteration 50 with accuracies 
[7.07906926e-07]
not reaching the requested tolerance 1e-09.
Use iteration 7 instead with accuracy 
9.711141385697867e-09.

  values, vectors = lobpcg(projected_hamiltonian, guess, largest=False,
/home/erosanow_hpc/informed_swapping/BARK.py:163: UserWarning: Exited postprocessing with accuracies 
[9.71114139e-09]
not reaching the requested tolerance 1e-09.
  values, vectors = lobpcg(projected_hamiltonian, guess, largest=False,
/home/erosanow_hpc/informed_swapping/BARK.py:163: UserWarning: Exited at iteration 50 with accuracies 
[6.35709052e-05]
not reaching the requested tolerance 1e-09.
Use iteration 8 instead with accuracy 
1.200614687901937e-08.

  values, vectors = lobpcg(projected_hamiltonian, guess, largest=False,
/home/erosanow_hpc/informed_swapping/BARK.py:163: UserWarning: Exited postprocessing with accuracies 
[1.20061469e-08]
not reaching the requested tolerance 1e-09.
  values, vectors = lobpcg(projected_hamiltonian, guess, largest=False,
/home/erosanow_hpc/informed_swapping/BARK.py:163: UserWarning: Exited at iteration 50 with accuracies 
[1.79468073e-05]
not reaching the requested tolerance 1e-09.
Use iteration 8 instead with accuracy 
1.1115909753333783e-08.

  values, vectors = lobpcg(projected_hamiltonian, guess, largest=False,
/home/erosanow_hpc/informed_swapping/BARK.py:163: UserWarning: Exited postprocessing with accuracies 
[1.11159098e-08]
not reaching the requested tolerance 1e-09.
  values, vectors = lobpcg(projected_hamiltonian, guess, largest=False,
/home/erosanow_hpc/informed_swapping/BARK.py:163: UserWarning: Exited at iteration 50 with accuracies 
[4.21874358e-05]
not reaching the requested tolerance 1e-09.
Use iteration 11 instead with accuracy 
1.0648670953636989e-08.

  values, vectors = lobpcg(projected_hamiltonian, guess, largest=False,
/home/erosanow_hpc/informed_swapping/BARK.py:163: UserWarning: Exited postprocessing with accuracies 
[1.0648671e-08]
not reaching the requested tolerance 1e-09.
  values, vectors = lobpcg(projected_hamiltonian, guess, largest=False,
/home/erosanow_hpc/informed_swapping/BARK.py:163: UserWarning: Exited at iteration 50 with accuracies 
[5.58315494e-05]
not reaching the requested tolerance 1e-09.
Use iteration 11 instead with accuracy 
1.1560477324635347e-08.

  values, vectors = lobpcg(projected_hamiltonian, guess, largest=False,
/home/erosanow_hpc/informed_swapping/BARK.py:163: UserWarning: Exited postprocessing with accuracies 
[1.15604773e-08]
not reaching the requested tolerance 1e-09.
  values, vectors = lobpcg(projected_hamiltonian, guess, largest=False,
/home/erosanow_hpc/informed_swapping/BARK.py:163: UserWarning: Exited at iteration 50 with accuracies 
[3.64176494e-05]
not reaching the requested tolerance 1e-09.
Use iteration 10 instead with accuracy 
1.0599814089369891e-08.

  values, vectors = lobpcg(projected_hamiltonian, guess, largest=False,
/home/erosanow_hpc/informed_swapping/BARK.py:163: UserWarning: Exited postprocessing with accuracies 
[1.05998141e-08]
not reaching the requested tolerance 1e-09.
  values, vectors = lobpcg(projected_hamiltonian, guess, largest=False,
/home/erosanow_hpc/informed_swapping/BARK.py:163: UserWarning: Exited at iteration 50 with accuracies 
[5.16926035e-05]
not reaching the requested tolerance 1e-09.
Use iteration 6 instead with accuracy 
1.111799715349328e-08.

  values, vectors = lobpcg(projected_hamiltonian, guess, largest=False,
/home/erosanow_hpc/informed_swapping/BARK.py:163: UserWarning: Exited postprocessing with accuracies 
[1.11179972e-08]
not reaching the requested tolerance 1e-09.
  values, vectors = lobpcg(projected_hamiltonian, guess, largest=False,
/home/erosanow_hpc/informed_swapping/BARK.py:163: UserWarning: Exited at iteration 50 with accuracies 
[4.35188231e-05]
not reaching the requested tolerance 1e-09.
Use iteration 11 instead with accuracy 
1.243278277156028e-08.

  values, vectors = lobpcg(projected_hamiltonian, guess, largest=False,
/home/erosanow_hpc/informed_swapping/BARK.py:163: UserWarning: Exited postprocessing with accuracies 
[1.24327828e-08]
not reaching the requested tolerance 1e-09.
  values, vectors = lobpcg(projected_hamiltonian, guess, largest=False,
/home/erosanow_hpc/informed_swapping/BARK.py:163: UserWarning: Exited at iteration 50 with accuracies 
[3.03462718e-05]
not reaching the requested tolerance 1e-09.
Use iteration 12 instead with accuracy 
9.418066744535947e-09.

  values, vectors = lobpcg(projected_hamiltonian, guess, largest=False,
/home/erosanow_hpc/informed_swapping/BARK.py:163: UserWarning: Exited postprocessing with accuracies 
[9.41806674e-09]
not reaching the requested tolerance 1e-09.
  values, vectors = lobpcg(projected_hamiltonian, guess, largest=False,
/home/erosanow_hpc/informed_swapping/BARK.py:163: UserWarning: Exited at iteration 50 with accuracies 
[4.87235398e-05]
not reaching the requested tolerance 1e-09.
Use iteration 11 instead with accuracy 
1.2275366124645163e-08.

  values, vectors = lobpcg(projected_hamiltonian, guess, largest=False,
/home/erosanow_hpc/informed_swapping/BARK.py:163: UserWarning: Exited postprocessing with accuracies 
[1.22753661e-08]
not reaching the requested tolerance 1e-09.
  values, vectors = lobpcg(projected_hamiltonian, guess, largest=False,
/home/erosanow_hpc/informed_swapping/BARK.py:163: UserWarning: Exited at iteration 50 with accuracies 
[1.16028033e-05]
not reaching the requested tolerance 1e-09.
Use iteration 9 instead with accuracy 
9.611041790132765e-09.

  values, vectors = lobpcg(projected_hamiltonian, guess, largest=False,
/home/erosanow_hpc/informed_swapping/BARK.py:163: UserWarning: Exited postprocessing with accuracies 
[9.61104174e-09]
not reaching the requested tolerance 1e-09.
  values, vectors = lobpcg(projected_hamiltonian, guess, largest=False,
/home/erosanow_hpc/informed_swapping/BARK.py:163: UserWarning: Exited at iteration 50 with accuracies 
[3.6834694e-05]
not reaching the requested tolerance 1e-09.
Use iteration 7 instead with accuracy 
1.0507086530093016e-08.

  values, vectors = lobpcg(projected_hamiltonian, guess, largest=False,
/home/erosanow_hpc/informed_swapping/BARK.py:163: UserWarning: Exited postprocessing with accuracies 
[1.05070865e-08]
not reaching the requested tolerance 1e-09.
  values, vectors = lobpcg(projected_hamiltonian, guess, largest=False,
/home/erosanow_hpc/informed_swapping/BARK.py:163: UserWarning: Exited at iteration 50 with accuracies 
[2.08065343e-05]
not reaching the requested tolerance 1e-09.
Use iteration 10 instead with accuracy 
1.216085391918609e-08.

  values, vectors = lobpcg(projected_hamiltonian, guess, largest=False,
/home/erosanow_hpc/informed_swapping/BARK.py:163: UserWarning: Exited postprocessing with accuracies 
[1.21608539e-08]
not reaching the requested tolerance 1e-09.
  values, vectors = lobpcg(projected_hamiltonian, guess, largest=False,
/home/erosanow_hpc/informed_swapping/BARK.py:163: UserWarning: Exited at iteration 50 with accuracies 
[5.83141865e-06]
not reaching the requested tolerance 1e-09.
Use iteration 6 instead with accuracy 
9.409982229241191e-09.

  values, vectors = lobpcg(projected_hamiltonian, guess, largest=False,
/home/erosanow_hpc/informed_swapping/BARK.py:163: UserWarning: Exited postprocessing with accuracies 
[9.40998223e-09]
not reaching the requested tolerance 1e-09.
  values, vectors = lobpcg(projected_hamiltonian, guess, largest=False,
/home/erosanow_hpc/informed_swapping/BARK.py:163: UserWarning: Exited at iteration 50 with accuracies 
[3.34209651e-05]
not reaching the requested tolerance 1e-09.
Use iteration 10 instead with accuracy 
1.1022665907904566e-08.

  values, vectors = lobpcg(projected_hamiltonian, guess, largest=False,
/home/erosanow_hpc/informed_swapping/BARK.py:163: UserWarning: Exited postprocessing with accuracies 
[1.10226659e-08]
not reaching the requested tolerance 1e-09.
  values, vectors = lobpcg(projected_hamiltonian, guess, largest=False,
/home/erosanow_hpc/informed_swapping/BARK.py:163: UserWarning: Exited at iteration 50 with accuracies 
[1.56710478e-05]
not reaching the requested tolerance 1e-09.
Use iteration 12 instead with accuracy 
1.226260294166992e-08.

  values, vectors = lobpcg(projected_hamiltonian, guess, largest=False,
/home/erosanow_hpc/informed_swapping/BARK.py:163: UserWarning: Exited postprocessing with accuracies 
[1.22626029e-08]
not reaching the requested tolerance 1e-09.
  values, vectors = lobpcg(projected_hamiltonian, guess, largest=False,
/home/erosanow_hpc/informed_swapping/BARK.py:163: UserWarning: Exited at iteration 50 with accuracies 
[3.67245338e-05]
not reaching the requested tolerance 1e-09.
Use iteration 6 instead with accuracy 
1.0675595825734976e-08.

  values, vectors = lobpcg(projected_hamiltonian, guess, largest=False,
/home/erosanow_hpc/informed_swapping/BARK.py:163: UserWarning: Exited postprocessing with accuracies 
[1.06755958e-08]
not reaching the requested tolerance 1e-09.
  values, vectors = lobpcg(projected_hamiltonian, guess, largest=False,
/home/erosanow_hpc/informed_swapping/BARK.py:163: UserWarning: Exited at iteration 50 with accuracies 
[4.09823749e-05]
not reaching the requested tolerance 1e-09.
Use iteration 5 instead with accuracy 
9.184889188930434e-09.

  values, vectors = lobpcg(projected_hamiltonian, guess, largest=False,
/home/erosanow_hpc/informed_swapping/BARK.py:163: UserWarning: Exited postprocessing with accuracies 
[9.18488919e-09]
not reaching the requested tolerance 1e-09.
  values, vectors = lobpcg(projected_hamiltonian, guess, largest=False,
/home/erosanow_hpc/informed_swapping/BARK.py:163: UserWarning: Exited at iteration 50 with accuracies 
[4.93970747e-06]
not reaching the requested tolerance 1e-09.
Use iteration 6 instead with accuracy 
8.20511017516862e-09.

  values, vectors = lobpcg(projected_hamiltonian, guess, largest=False,
/home/erosanow_hpc/informed_swapping/BARK.py:163: UserWarning: Exited postprocessing with accuracies 
[8.20511018e-09]
not reaching the requested tolerance 1e-09.
  values, vectors = lobpcg(projected_hamiltonian, guess, largest=False,
/home/erosanow_hpc/informed_swapping/BARK.py:163: UserWarning: Exited at iteration 50 with accuracies 
[3.60356773e-05]
not reaching the requested tolerance 1e-09.
Use iteration 7 instead with accuracy 
1.0297977429581999e-08.

  values, vectors = lobpcg(projected_hamiltonian, guess, largest=False,
/home/erosanow_hpc/informed_swapping/BARK.py:163: UserWarning: Exited postprocessing with accuracies 
[1.02979774e-08]
not reaching the requested tolerance 1e-09.
  values, vectors = lobpcg(projected_hamiltonian, guess, largest=False,
/home/erosanow_hpc/informed_swapping/BARK.py:163: UserWarning: Exited at iteration 50 with accuracies 
[3.66540674e-05]
not reaching the requested tolerance 1e-09.
Use iteration 6 instead with accuracy 
9.878886247828229e-09.

  values, vectors = lobpcg(projected_hamiltonian, guess, largest=False,
/home/erosanow_hpc/informed_swapping/BARK.py:163: UserWarning: Exited postprocessing with accuracies 
[9.87888625e-09]
not reaching the requested tolerance 1e-09.
  values, vectors = lobpcg(projected_hamiltonian, guess, largest=False,
/home/erosanow_hpc/informed_swapping/BARK.py:163: UserWarning: Exited at iteration 50 with accuracies 
[1.28394484e-05]
not reaching the requested tolerance 1e-09.
Use iteration 7 instead with accuracy 
1.0328242809094146e-08.

  values, vectors = lobpcg(projected_hamiltonian, guess, largest=False,
/home/erosanow_hpc/informed_swapping/BARK.py:163: UserWarning: Exited postprocessing with accuracies 
[1.03282428e-08]
not reaching the requested tolerance 1e-09.
  values, vectors = lobpcg(projected_hamiltonian, guess, largest=False,
/home/erosanow_hpc/informed_swapping/BARK.py:163: UserWarning: Exited at iteration 50 with accuracies 
[2.18266126e-05]
not reaching the requested tolerance 1e-09.
Use iteration 10 instead with accuracy 
8.889496432162063e-09.

  values, vectors = lobpcg(projected_hamiltonian, guess, largest=False,
/home/erosanow_hpc/informed_swapping/BARK.py:163: UserWarning: Exited postprocessing with accuracies 
[8.88949643e-09]
not reaching the requested tolerance 1e-09.
  values, vectors = lobpcg(projected_hamiltonian, guess, largest=False,
/home/erosanow_hpc/informed_swapping/BARK.py:163: UserWarning: Exited at iteration 50 with accuracies 
[1.66667103e-05]
not reaching the requested tolerance 1e-09.
Use iteration 8 instead with accuracy 
1.0174020444819186e-08.

  values, vectors = lobpcg(projected_hamiltonian, guess, largest=False,
/home/erosanow_hpc/informed_swapping/BARK.py:163: UserWarning: Exited postprocessing with accuracies 
[1.01740205e-08]
not reaching the requested tolerance 1e-09.
  values, vectors = lobpcg(projected_hamiltonian, guess, largest=False,
/home/erosanow_hpc/informed_swapping/BARK.py:163: UserWarning: Exited at iteration 50 with accuracies 
[2.07976573e-05]
not reaching the requested tolerance 1e-09.
Use iteration 10 instead with accuracy 
1.1157663316798377e-08.

  values, vectors = lobpcg(projected_hamiltonian, guess, largest=False,
/home/erosanow_hpc/informed_swapping/BARK.py:163: UserWarning: Exited postprocessing with accuracies 
[1.11576633e-08]
not reaching the requested tolerance 1e-09.
  values, vectors = lobpcg(projected_hamiltonian, guess, largest=False,
/home/erosanow_hpc/informed_swapping/BARK.py:163: UserWarning: Exited at iteration 50 with accuracies 
[3.45706679e-05]
not reaching the requested tolerance 1e-09.
Use iteration 10 instead with accuracy 
1.0739066012861923e-08.

  values, vectors = lobpcg(projected_hamiltonian, guess, largest=False,
/home/erosanow_hpc/informed_swapping/BARK.py:163: UserWarning: Exited postprocessing with accuracies 
[1.0739066e-08]
not reaching the requested tolerance 1e-09.
  values, vectors = lobpcg(projected_hamiltonian, guess, largest=False,
/home/erosanow_hpc/informed_swapping/BARK.py:163: UserWarning: Exited at iteration 50 with accuracies 
[1.13301263e-05]
not reaching the requested tolerance 1e-09.
Use iteration 10 instead with accuracy 
1.036374331097648e-08.

  values, vectors = lobpcg(projected_hamiltonian, guess, largest=False,
/home/erosanow_hpc/informed_swapping/BARK.py:163: UserWarning: Exited postprocessing with accuracies 
[1.03637433e-08]
not reaching the requested tolerance 1e-09.
  values, vectors = lobpcg(projected_hamiltonian, guess, largest=False,
/home/erosanow_hpc/informed_swapping/BARK.py:163: UserWarning: Exited at iteration 50 with accuracies 
[3.07690118e-05]
not reaching the requested tolerance 1e-09.
Use iteration 11 instead with accuracy 
1.0555724761036612e-08.

  values, vectors = lobpcg(projected_hamiltonian, guess, largest=False,
/home/erosanow_hpc/informed_swapping/BARK.py:163: UserWarning: Exited postprocessing with accuracies 
[1.05557248e-08]
not reaching the requested tolerance 1e-09.
  values, vectors = lobpcg(projected_hamiltonian, guess, largest=False,
/home/erosanow_hpc/informed_swapping/BARK.py:163: UserWarning: Exited at iteration 50 with accuracies 
[2.64608668e-05]
not reaching the requested tolerance 1e-09.
Use iteration 10 instead with accuracy 
1.0532159172284338e-08.

  values, vectors = lobpcg(projected_hamiltonian, guess, largest=False,
/home/erosanow_hpc/informed_swapping/BARK.py:163: UserWarning: Exited postprocessing with accuracies 
[1.05321593e-08]
not reaching the requested tolerance 1e-09.
  values, vectors = lobpcg(projected_hamiltonian, guess, largest=False,
/home/erosanow_hpc/informed_swapping/BARK.py:163: UserWarning: Exited at iteration 50 with accuracies 
[2.34551596e-05]
not reaching the requested tolerance 1e-09.
Use iteration 7 instead with accuracy 
1.0707950401106468e-08.

  values, vectors = lobpcg(projected_hamiltonian, guess, largest=False,
/home/erosanow_hpc/informed_swapping/BARK.py:163: UserWarning: Exited postprocessing with accuracies 
[1.07079503e-08]
not reaching the requested tolerance 1e-09.
  values, vectors = lobpcg(projected_hamiltonian, guess, largest=False,
/home/erosanow_hpc/informed_swapping/BARK.py:163: UserWarning: Exited at iteration 50 with accuracies 
[2.29046562e-05]
not reaching the requested tolerance 1e-09.
Use iteration 10 instead with accuracy 
1.0745714737035037e-08.

  values, vectors = lobpcg(projected_hamiltonian, guess, largest=False,
/home/erosanow_hpc/informed_swapping/BARK.py:163: UserWarning: Exited postprocessing with accuracies 
[1.07457147e-08]
not reaching the requested tolerance 1e-09.
  values, vectors = lobpcg(projected_hamiltonian, guess, largest=False,
/home/erosanow_hpc/informed_swapping/BARK.py:163: UserWarning: Exited at iteration 50 with accuracies 
[1.31330625e-05]
not reaching the requested tolerance 1e-09.
Use iteration 12 instead with accuracy 
1.1992166977108487e-08.

  values, vectors = lobpcg(projected_hamiltonian, guess, largest=False,
/home/erosanow_hpc/informed_swapping/BARK.py:163: UserWarning: Exited postprocessing with accuracies 
[1.1992167e-08]
not reaching the requested tolerance 1e-09.
  values, vectors = lobpcg(projected_hamiltonian, guess, largest=False,
/home/erosanow_hpc/informed_swapping/BARK.py:163: UserWarning: Exited at iteration 50 with accuracies 
[2.97394599e-05]
not reaching the requested tolerance 1e-09.
Use iteration 8 instead with accuracy 
1.1497782282437567e-08.

  values, vectors = lobpcg(projected_hamiltonian, guess, largest=False,
/home/erosanow_hpc/informed_swapping/BARK.py:163: UserWarning: Exited postprocessing with accuracies 
[1.14977823e-08]
not reaching the requested tolerance 1e-09.
  values, vectors = lobpcg(projected_hamiltonian, guess, largest=False,
/home/erosanow_hpc/informed_swapping/BARK.py:163: UserWarning: Exited at iteration 50 with accuracies 
[9.31348396e-06]
not reaching the requested tolerance 1e-09.
Use iteration 7 instead with accuracy 
1.001807702353466e-08.

  values, vectors = lobpcg(projected_hamiltonian, guess, largest=False,
/home/erosanow_hpc/informed_swapping/BARK.py:163: UserWarning: Exited postprocessing with accuracies 
[1.0018077e-08]
not reaching the requested tolerance 1e-09.
  values, vectors = lobpcg(projected_hamiltonian, guess, largest=False,
/home/erosanow_hpc/informed_swapping/BARK.py:163: UserWarning: Exited at iteration 50 with accuracies 
[4.71556169e-06]
not reaching the requested tolerance 1e-09.
Use iteration 7 instead with accuracy 
1.1468236667406285e-08.

  values, vectors = lobpcg(projected_hamiltonian, guess, largest=False,
/home/erosanow_hpc/informed_swapping/BARK.py:163: UserWarning: Exited postprocessing with accuracies 
[1.14682367e-08]
not reaching the requested tolerance 1e-09.
  values, vectors = lobpcg(projected_hamiltonian, guess, largest=False,
/home/erosanow_hpc/informed_swapping/BARK.py:163: UserWarning: Exited at iteration 50 with accuracies 
[1.55236112e-05]
not reaching the requested tolerance 1e-09.
Use iteration 9 instead with accuracy 
1.0467693216149131e-08.

  values, vectors = lobpcg(projected_hamiltonian, guess, largest=False,
/home/erosanow_hpc/informed_swapping/BARK.py:163: UserWarning: Exited postprocessing with accuracies 
[1.04676932e-08]
not reaching the requested tolerance 1e-09.
  values, vectors = lobpcg(projected_hamiltonian, guess, largest=False,
/home/erosanow_hpc/informed_swapping/BARK.py:163: UserWarning: Exited at iteration 50 with accuracies 
[1.64645527e-05]
not reaching the requested tolerance 1e-09.
Use iteration 8 instead with accuracy 
1.1307961007695116e-08.

  values, vectors = lobpcg(projected_hamiltonian, guess, largest=False,
/home/erosanow_hpc/informed_swapping/BARK.py:163: UserWarning: Exited postprocessing with accuracies 
[1.13079609e-08]
not reaching the requested tolerance 1e-09.
  values, vectors = lobpcg(projected_hamiltonian, guess, largest=False,
/home/erosanow_hpc/informed_swapping/BARK.py:163: UserWarning: Exited at iteration 50 with accuracies 
[2.16036621e-05]
not reaching the requested tolerance 1e-09.
Use iteration 7 instead with accuracy 
1.2142365273539387e-08.

  values, vectors = lobpcg(projected_hamiltonian, guess, largest=False,
/home/erosanow_hpc/informed_swapping/BARK.py:163: UserWarning: Exited postprocessing with accuracies 
[1.21423653e-08]
not reaching the requested tolerance 1e-09.
  values, vectors = lobpcg(projected_hamiltonian, guess, largest=False,
/home/erosanow_hpc/informed_swapping/BARK.py:163: UserWarning: Exited at iteration 50 with accuracies 
[4.14686049e-05]
not reaching the requested tolerance 1e-09.
Use iteration 10 instead with accuracy 
1.2584048713213258e-08.

  values, vectors = lobpcg(projected_hamiltonian, guess, largest=False,
/home/erosanow_hpc/informed_swapping/BARK.py:163: UserWarning: Exited postprocessing with accuracies 
[1.25840488e-08]
not reaching the requested tolerance 1e-09.
  values, vectors = lobpcg(projected_hamiltonian, guess, largest=False,
/home/erosanow_hpc/informed_swapping/BARK.py:163: UserWarning: Exited at iteration 50 with accuracies 
[5.80373008e-05]
not reaching the requested tolerance 1e-09.
Use iteration 10 instead with accuracy 
1.2889128880387308e-08.

  values, vectors = lobpcg(projected_hamiltonian, guess, largest=False,
/home/erosanow_hpc/informed_swapping/BARK.py:163: UserWarning: Exited postprocessing with accuracies 
[1.28891289e-08]
not reaching the requested tolerance 1e-09.
  values, vectors = lobpcg(projected_hamiltonian, guess, largest=False,
/home/erosanow_hpc/informed_swapping/BARK.py:163: UserWarning: Exited at iteration 50 with accuracies 
[1.76770948e-05]
not reaching the requested tolerance 1e-09.
Use iteration 6 instead with accuracy 
8.642233123160945e-09.

  values, vectors = lobpcg(projected_hamiltonian, guess, largest=False,
/home/erosanow_hpc/informed_swapping/BARK.py:163: UserWarning: Exited postprocessing with accuracies 
[8.64223309e-09]
not reaching the requested tolerance 1e-09.
  values, vectors = lobpcg(projected_hamiltonian, guess, largest=False,
/home/erosanow_hpc/informed_swapping/BARK.py:163: UserWarning: Exited at iteration 50 with accuracies 
[3.40352631e-05]
not reaching the requested tolerance 1e-09.
Use iteration 10 instead with accuracy 
1.126847863053157e-08.

  values, vectors = lobpcg(projected_hamiltonian, guess, largest=False,
/home/erosanow_hpc/informed_swapping/BARK.py:163: UserWarning: Exited postprocessing with accuracies 
[1.12684787e-08]
not reaching the requested tolerance 1e-09.
  values, vectors = lobpcg(projected_hamiltonian, guess, largest=False,
/home/erosanow_hpc/informed_swapping/BARK.py:163: UserWarning: Exited at iteration 50 with accuracies 
[2.61800278e-05]
not reaching the requested tolerance 1e-09.
Use iteration 8 instead with accuracy 
1.1080590845883744e-08.

  values, vectors = lobpcg(projected_hamiltonian, guess, largest=False,
/home/erosanow_hpc/informed_swapping/BARK.py:163: UserWarning: Exited postprocessing with accuracies 
[1.10805909e-08]
not reaching the requested tolerance 1e-09.
  values, vectors = lobpcg(projected_hamiltonian, guess, largest=False,
/home/erosanow_hpc/informed_swapping/BARK.py:163: UserWarning: Exited at iteration 50 with accuracies 
[3.04920387e-05]
not reaching the requested tolerance 1e-09.
Use iteration 11 instead with accuracy 
1.2337527114194915e-08.

  values, vectors = lobpcg(projected_hamiltonian, guess, largest=False,
/home/erosanow_hpc/informed_swapping/BARK.py:163: UserWarning: Exited postprocessing with accuracies 
[1.23375272e-08]
not reaching the requested tolerance 1e-09.
  values, vectors = lobpcg(projected_hamiltonian, guess, largest=False,
/home/erosanow_hpc/informed_swapping/BARK.py:163: UserWarning: Exited at iteration 50 with accuracies 
[1.79783863e-05]
not reaching the requested tolerance 1e-09.
Use iteration 9 instead with accuracy 
1.0170251948152487e-08.

  values, vectors = lobpcg(projected_hamiltonian, guess, largest=False,
/home/erosanow_hpc/informed_swapping/BARK.py:163: UserWarning: Exited postprocessing with accuracies 
[1.01702519e-08]
not reaching the requested tolerance 1e-09.
  values, vectors = lobpcg(projected_hamiltonian, guess, largest=False,
/home/erosanow_hpc/informed_swapping/BARK.py:163: UserWarning: Exited at iteration 50 with accuracies 
[2.47276474e-05]
not reaching the requested tolerance 1e-09.
Use iteration 9 instead with accuracy 
1.130434539862938e-08.

  values, vectors = lobpcg(projected_hamiltonian, guess, largest=False,
/home/erosanow_hpc/informed_swapping/BARK.py:163: UserWarning: Exited postprocessing with accuracies 
[1.13043454e-08]
not reaching the requested tolerance 1e-09.
  values, vectors = lobpcg(projected_hamiltonian, guess, largest=False,
/home/erosanow_hpc/informed_swapping/BARK.py:163: UserWarning: Exited at iteration 50 with accuracies 
[3.14421822e-05]
not reaching the requested tolerance 1e-09.
Use iteration 7 instead with accuracy 
1.0735452448730034e-08.

  values, vectors = lobpcg(projected_hamiltonian, guess, largest=False,
/home/erosanow_hpc/informed_swapping/BARK.py:163: UserWarning: Exited postprocessing with accuracies 
[1.07354524e-08]
not reaching the requested tolerance 1e-09.
  values, vectors = lobpcg(projected_hamiltonian, guess, largest=False,
/home/erosanow_hpc/informed_swapping/BARK.py:163: UserWarning: Exited at iteration 50 with accuracies 
[1.44236822e-06]
not reaching the requested tolerance 1e-09.
Use iteration 6 instead with accuracy 
9.459991067964275e-09.

  values, vectors = lobpcg(projected_hamiltonian, guess, largest=False,
/home/erosanow_hpc/informed_swapping/BARK.py:163: UserWarning: Exited postprocessing with accuracies 
[9.45999106e-09]
not reaching the requested tolerance 1e-09.
  values, vectors = lobpcg(projected_hamiltonian, guess, largest=False,
/home/erosanow_hpc/informed_swapping/BARK.py:163: UserWarning: Exited at iteration 50 with accuracies 
[4.25290804e-05]
not reaching the requested tolerance 1e-09.
Use iteration 8 instead with accuracy 
1.016713760509296e-08.

  values, vectors = lobpcg(projected_hamiltonian, guess, largest=False,
/home/erosanow_hpc/informed_swapping/BARK.py:163: UserWarning: Exited postprocessing with accuracies 
[1.01671376e-08]
not reaching the requested tolerance 1e-09.
  values, vectors = lobpcg(projected_hamiltonian, guess, largest=False,
/home/erosanow_hpc/informed_swapping/BARK.py:163: UserWarning: Exited at iteration 50 with accuracies 
[1.57023946e-05]
not reaching the requested tolerance 1e-09.
Use iteration 6 instead with accuracy 
1.0390234650093452e-08.

  values, vectors = lobpcg(projected_hamiltonian, guess, largest=False,
/home/erosanow_hpc/informed_swapping/BARK.py:163: UserWarning: Exited postprocessing with accuracies 
[1.03902346e-08]
not reaching the requested tolerance 1e-09.
  values, vectors = lobpcg(projected_hamiltonian, guess, largest=False,
/home/erosanow_hpc/informed_swapping/BARK.py:163: UserWarning: Exited at iteration 50 with accuracies 
[3.01221204e-06]
not reaching the requested tolerance 1e-09.
Use iteration 4 instead with accuracy 
8.03761245327209e-09.

  values, vectors = lobpcg(projected_hamiltonian, guess, largest=False,
/home/erosanow_hpc/informed_swapping/BARK.py:163: UserWarning: Exited postprocessing with accuracies 
[8.03761245e-09]
not reaching the requested tolerance 1e-09.
  values, vectors = lobpcg(projected_hamiltonian, guess, largest=False,
/home/erosanow_hpc/informed_swapping/BARK.py:163: UserWarning: Exited at iteration 50 with accuracies 
[2.44573771e-05]
not reaching the requested tolerance 1e-09.
Use iteration 8 instead with accuracy 
1.1632236830354311e-08.

  values, vectors = lobpcg(projected_hamiltonian, guess, largest=False,
/home/erosanow_hpc/informed_swapping/BARK.py:163: UserWarning: Exited postprocessing with accuracies 
[1.16322368e-08]
not reaching the requested tolerance 1e-09.
  values, vectors = lobpcg(projected_hamiltonian, guess, largest=False,
/home/erosanow_hpc/informed_swapping/BARK.py:163: UserWarning: Exited at iteration 50 with accuracies 
[4.74837664e-05]
not reaching the requested tolerance 1e-09.
Use iteration 7 instead with accuracy 
1.2268831234756213e-08.

  values, vectors = lobpcg(projected_hamiltonian, guess, largest=False,
/home/erosanow_hpc/informed_swapping/BARK.py:163: UserWarning: Exited postprocessing with accuracies 
[1.22688312e-08]
not reaching the requested tolerance 1e-09.
  values, vectors = lobpcg(projected_hamiltonian, guess, largest=False,
/home/erosanow_hpc/informed_swapping/BARK.py:163: UserWarning: Exited at iteration 50 with accuracies 
[2.30789364e-05]
not reaching the requested tolerance 1e-09.
Use iteration 5 instead with accuracy 
8.28994893073846e-09.

  values, vectors = lobpcg(projected_hamiltonian, guess, largest=False,
/home/erosanow_hpc/informed_swapping/BARK.py:163: UserWarning: Exited postprocessing with accuracies 
[8.28994893e-09]
not reaching the requested tolerance 1e-09.
  values, vectors = lobpcg(projected_hamiltonian, guess, largest=False,
/home/erosanow_hpc/informed_swapping/BARK.py:163: UserWarning: Exited at iteration 50 with accuracies 
[9.42828581e-06]
not reaching the requested tolerance 1e-09.
Use iteration 7 instead with accuracy 
9.116539518591052e-09.

  values, vectors = lobpcg(projected_hamiltonian, guess, largest=False,
/home/erosanow_hpc/informed_swapping/BARK.py:163: UserWarning: Exited postprocessing with accuracies 
[9.11653952e-09]
not reaching the requested tolerance 1e-09.
  values, vectors = lobpcg(projected_hamiltonian, guess, largest=False,
/home/erosanow_hpc/informed_swapping/BARK.py:163: UserWarning: Exited at iteration 50 with accuracies 
[1.74125652e-06]
not reaching the requested tolerance 1e-09.
Use iteration 6 instead with accuracy 
9.857532613125182e-09.

  values, vectors = lobpcg(projected_hamiltonian, guess, largest=False,
/home/erosanow_hpc/informed_swapping/BARK.py:163: UserWarning: Exited postprocessing with accuracies 
[9.85753261e-09]
not reaching the requested tolerance 1e-09.
  values, vectors = lobpcg(projected_hamiltonian, guess, largest=False,
/home/erosanow_hpc/informed_swapping/BARK.py:163: UserWarning: Exited at iteration 50 with accuracies 
[3.14669391e-05]
not reaching the requested tolerance 1e-09.
Use iteration 7 instead with accuracy 
1.0100013600990122e-08.

  values, vectors = lobpcg(projected_hamiltonian, guess, largest=False,
/home/erosanow_hpc/informed_swapping/BARK.py:163: UserWarning: Exited postprocessing with accuracies 
[1.01000136e-08]
not reaching the requested tolerance 1e-09.
  values, vectors = lobpcg(projected_hamiltonian, guess, largest=False,
/home/erosanow_hpc/informed_swapping/BARK.py:163: UserWarning: Exited at iteration 50 with accuracies 
[1.98684917e-05]
not reaching the requested tolerance 1e-09.
Use iteration 9 instead with accuracy 
1.0855369638878939e-08.

  values, vectors = lobpcg(projected_hamiltonian, guess, largest=False,
/home/erosanow_hpc/informed_swapping/BARK.py:163: UserWarning: Exited postprocessing with accuracies 
[1.08553696e-08]
not reaching the requested tolerance 1e-09.
  values, vectors = lobpcg(projected_hamiltonian, guess, largest=False,
/home/erosanow_hpc/informed_swapping/BARK.py:163: UserWarning: Exited at iteration 50 with accuracies 
[1.00962666e-05]
not reaching the requested tolerance 1e-09.
Use iteration 8 instead with accuracy 
1.0109257586807183e-08.

  values, vectors = lobpcg(projected_hamiltonian, guess, largest=False,
/home/erosanow_hpc/informed_swapping/BARK.py:163: UserWarning: Exited postprocessing with accuracies 
[1.01092575e-08]
not reaching the requested tolerance 1e-09.
  values, vectors = lobpcg(projected_hamiltonian, guess, largest=False,
/home/erosanow_hpc/informed_swapping/BARK.py:163: UserWarning: Exited at iteration 50 with accuracies 
[9.54016759e-06]
not reaching the requested tolerance 1e-09.
Use iteration 7 instead with accuracy 
8.854941145084328e-09.

  values, vectors = lobpcg(projected_hamiltonian, guess, largest=False,
/home/erosanow_hpc/informed_swapping/BARK.py:163: UserWarning: Exited postprocessing with accuracies 
[8.85494112e-09]
not reaching the requested tolerance 1e-09.
  values, vectors = lobpcg(projected_hamiltonian, guess, largest=False,
/home/erosanow_hpc/informed_swapping/BARK.py:163: UserWarning: Exited at iteration 50 with accuracies 
[1.45658473e-05]
not reaching the requested tolerance 1e-09.
Use iteration 7 instead with accuracy 
9.356388784219575e-09.

  values, vectors = lobpcg(projected_hamiltonian, guess, largest=False,
/home/erosanow_hpc/informed_swapping/BARK.py:163: UserWarning: Exited postprocessing with accuracies 
[9.35638875e-09]
not reaching the requested tolerance 1e-09.
  values, vectors = lobpcg(projected_hamiltonian, guess, largest=False,
/home/erosanow_hpc/informed_swapping/BARK.py:163: UserWarning: Exited at iteration 50 with accuracies 
[3.75075626e-05]
not reaching the requested tolerance 1e-09.
Use iteration 9 instead with accuracy 
1.0702098809733107e-08.

  values, vectors = lobpcg(projected_hamiltonian, guess, largest=False,
/home/erosanow_hpc/informed_swapping/BARK.py:163: UserWarning: Exited postprocessing with accuracies 
[1.07020989e-08]
not reaching the requested tolerance 1e-09.
  values, vectors = lobpcg(projected_hamiltonian, guess, largest=False,
/home/erosanow_hpc/informed_swapping/BARK.py:163: UserWarning: Exited at iteration 50 with accuracies 
[1.61352624e-05]
not reaching the requested tolerance 1e-09.
Use iteration 7 instead with accuracy 
1.0816756379870133e-08.

  values, vectors = lobpcg(projected_hamiltonian, guess, largest=False,
/home/erosanow_hpc/informed_swapping/BARK.py:163: UserWarning: Exited postprocessing with accuracies 
[1.08167564e-08]
not reaching the requested tolerance 1e-09.
  values, vectors = lobpcg(projected_hamiltonian, guess, largest=False,
/home/erosanow_hpc/informed_swapping/BARK.py:163: UserWarning: Exited at iteration 50 with accuracies 
[3.85701851e-05]
not reaching the requested tolerance 1e-09.
Use iteration 9 instead with accuracy 
1.0438807501886705e-08.

  values, vectors = lobpcg(projected_hamiltonian, guess, largest=False,
/home/erosanow_hpc/informed_swapping/BARK.py:163: UserWarning: Exited postprocessing with accuracies 
[1.04388075e-08]
not reaching the requested tolerance 1e-09.
  values, vectors = lobpcg(projected_hamiltonian, guess, largest=False,
/home/erosanow_hpc/informed_swapping/BARK.py:163: UserWarning: Exited at iteration 50 with accuracies 
[1.51329967e-05]
not reaching the requested tolerance 1e-09.
Use iteration 8 instead with accuracy 
1.1928535849675794e-08.

  values, vectors = lobpcg(projected_hamiltonian, guess, largest=False,
/home/erosanow_hpc/informed_swapping/BARK.py:163: UserWarning: Exited postprocessing with accuracies 
[1.19285359e-08]
not reaching the requested tolerance 1e-09.
  values, vectors = lobpcg(projected_hamiltonian, guess, largest=False,
/home/erosanow_hpc/informed_swapping/BARK.py:163: UserWarning: Exited at iteration 50 with accuracies 
[1.72470759e-05]
not reaching the requested tolerance 1e-09.
Use iteration 5 instead with accuracy 
1.2306729396318843e-08.

  values, vectors = lobpcg(projected_hamiltonian, guess, largest=False,
/home/erosanow_hpc/informed_swapping/BARK.py:163: UserWarning: Exited postprocessing with accuracies 
[1.23067294e-08]
not reaching the requested tolerance 1e-09.
  values, vectors = lobpcg(projected_hamiltonian, guess, largest=False,
/home/erosanow_hpc/informed_swapping/BARK.py:163: UserWarning: Exited at iteration 50 with accuracies 
[2.83248854e-05]
not reaching the requested tolerance 1e-09.
Use iteration 8 instead with accuracy 
8.789637697016479e-09.

  values, vectors = lobpcg(projected_hamiltonian, guess, largest=False,
/home/erosanow_hpc/informed_swapping/BARK.py:163: UserWarning: Exited postprocessing with accuracies 
[8.78963771e-09]
not reaching the requested tolerance 1e-09.
  values, vectors = lobpcg(projected_hamiltonian, guess, largest=False,
/home/erosanow_hpc/informed_swapping/BARK.py:163: UserWarning: Exited at iteration 50 with accuracies 
[1.02458177e-05]
not reaching the requested tolerance 1e-09.
Use iteration 8 instead with accuracy 
1.0551065390150637e-08.

  values, vectors = lobpcg(projected_hamiltonian, guess, largest=False,
/home/erosanow_hpc/informed_swapping/BARK.py:163: UserWarning: Exited postprocessing with accuracies 
[1.05510654e-08]
not reaching the requested tolerance 1e-09.
  values, vectors = lobpcg(projected_hamiltonian, guess, largest=False,
/home/erosanow_hpc/informed_swapping/BARK.py:163: UserWarning: Exited at iteration 50 with accuracies 
[1.42729445e-06]
not reaching the requested tolerance 1e-09.
Use iteration 8 instead with accuracy 
1.0244813685447663e-08.

  values, vectors = lobpcg(projected_hamiltonian, guess, largest=False,
/home/erosanow_hpc/informed_swapping/BARK.py:163: UserWarning: Exited postprocessing with accuracies 
[1.02448137e-08]
not reaching the requested tolerance 1e-09.
  values, vectors = lobpcg(projected_hamiltonian, guess, largest=False,
/home/erosanow_hpc/informed_swapping/BARK.py:163: UserWarning: Exited at iteration 50 with accuracies 
[1.1257679e-06]
not reaching the requested tolerance 1e-09.
Use iteration 6 instead with accuracy 
9.510151974870505e-09.

  values, vectors = lobpcg(projected_hamiltonian, guess, largest=False,
/home/erosanow_hpc/informed_swapping/BARK.py:163: UserWarning: Exited postprocessing with accuracies 
[9.51015197e-09]
not reaching the requested tolerance 1e-09.
  values, vectors = lobpcg(projected_hamiltonian, guess, largest=False,
/home/erosanow_hpc/informed_swapping/BARK.py:163: UserWarning: Exited at iteration 50 with accuracies 
[2.50257013e-07]
not reaching the requested tolerance 1e-09.
Use iteration 5 instead with accuracy 
8.65774469968598e-09.

  values, vectors = lobpcg(projected_hamiltonian, guess, largest=False,
/home/erosanow_hpc/informed_swapping/BARK.py:163: UserWarning: Exited postprocessing with accuracies 
[8.6577447e-09]
not reaching the requested tolerance 1e-09.
  values, vectors = lobpcg(projected_hamiltonian, guess, largest=False,
/home/erosanow_hpc/informed_swapping/BARK.py:163: UserWarning: Exited at iteration 50 with accuracies 
[2.72767327e-06]
not reaching the requested tolerance 1e-09.
Use iteration 6 instead with accuracy 
8.539505364473814e-09.

  values, vectors = lobpcg(projected_hamiltonian, guess, largest=False,
/home/erosanow_hpc/informed_swapping/BARK.py:163: UserWarning: Exited postprocessing with accuracies 
[8.53950536e-09]
not reaching the requested tolerance 1e-09.
  values, vectors = lobpcg(projected_hamiltonian, guess, largest=False,
/home/erosanow_hpc/informed_swapping/BARK.py:163: UserWarning: Exited at iteration 50 with accuracies 
[5.35806639e-05]
not reaching the requested tolerance 1e-09.
Use iteration 8 instead with accuracy 
9.814521108302946e-09.

  values, vectors = lobpcg(projected_hamiltonian, guess, largest=False,
/home/erosanow_hpc/informed_swapping/BARK.py:163: UserWarning: Exited postprocessing with accuracies 
[9.81452111e-09]
not reaching the requested tolerance 1e-09.
  values, vectors = lobpcg(projected_hamiltonian, guess, largest=False,
/home/erosanow_hpc/informed_swapping/BARK.py:163: UserWarning: Exited at iteration 50 with accuracies 
[4.65978076e-05]
not reaching the requested tolerance 1e-09.
Use iteration 8 instead with accuracy 
9.78979785413291e-09.

  values, vectors = lobpcg(projected_hamiltonian, guess, largest=False,
/home/erosanow_hpc/informed_swapping/BARK.py:163: UserWarning: Exited postprocessing with accuracies 
[9.78979785e-09]
not reaching the requested tolerance 1e-09.
  values, vectors = lobpcg(projected_hamiltonian, guess, largest=False,
/home/erosanow_hpc/informed_swapping/BARK.py:163: UserWarning: Exited at iteration 50 with accuracies 
[4.35878966e-05]
not reaching the requested tolerance 1e-09.
Use iteration 6 instead with accuracy 
9.275091106975245e-09.

  values, vectors = lobpcg(projected_hamiltonian, guess, largest=False,
/home/erosanow_hpc/informed_swapping/BARK.py:163: UserWarning: Exited postprocessing with accuracies 
[9.27509111e-09]
not reaching the requested tolerance 1e-09.
  values, vectors = lobpcg(projected_hamiltonian, guess, largest=False,
/home/erosanow_hpc/informed_swapping/BARK.py:163: UserWarning: Exited at iteration 50 with accuracies 
[3.18675614e-05]
not reaching the requested tolerance 1e-09.
Use iteration 8 instead with accuracy 
1.1104269579725479e-08.

  values, vectors = lobpcg(projected_hamiltonian, guess, largest=False,
/home/erosanow_hpc/informed_swapping/BARK.py:163: UserWarning: Exited postprocessing with accuracies 
[1.11042696e-08]
not reaching the requested tolerance 1e-09.
  values, vectors = lobpcg(projected_hamiltonian, guess, largest=False,
/home/erosanow_hpc/informed_swapping/BARK.py:163: UserWarning: Exited at iteration 50 with accuracies 
[3.61737188e-05]
not reaching the requested tolerance 1e-09.
Use iteration 5 instead with accuracy 
9.258345301373194e-09.

  values, vectors = lobpcg(projected_hamiltonian, guess, largest=False,
/home/erosanow_hpc/informed_swapping/BARK.py:163: UserWarning: Exited postprocessing with accuracies 
[9.2583453e-09]
not reaching the requested tolerance 1e-09.
  values, vectors = lobpcg(projected_hamiltonian, guess, largest=False,
/home/erosanow_hpc/informed_swapping/BARK.py:163: UserWarning: Exited at iteration 50 with accuracies 
[1.43537079e-05]
not reaching the requested tolerance 1e-09.
Use iteration 6 instead with accuracy 
1.0817769435079776e-08.

  values, vectors = lobpcg(projected_hamiltonian, guess, largest=False,
/home/erosanow_hpc/informed_swapping/BARK.py:163: UserWarning: Exited postprocessing with accuracies 
[1.08177694e-08]
not reaching the requested tolerance 1e-09.
  values, vectors = lobpcg(projected_hamiltonian, guess, largest=False,
/home/erosanow_hpc/informed_swapping/BARK.py:163: UserWarning: Exited at iteration 50 with accuracies 
[3.62916638e-05]
not reaching the requested tolerance 1e-09.
Use iteration 8 instead with accuracy 
1.0140957617783483e-08.

  values, vectors = lobpcg(projected_hamiltonian, guess, largest=False,
/home/erosanow_hpc/informed_swapping/BARK.py:163: UserWarning: Exited postprocessing with accuracies 
[1.01409576e-08]
not reaching the requested tolerance 1e-09.
  values, vectors = lobpcg(projected_hamiltonian, guess, largest=False,
/home/erosanow_hpc/informed_swapping/BARK.py:163: UserWarning: Exited at iteration 50 with accuracies 
[6.69228174e-05]
not reaching the requested tolerance 1e-09.
Use iteration 6 instead with accuracy 
9.177044908308063e-09.

  values, vectors = lobpcg(projected_hamiltonian, guess, largest=False,
/home/erosanow_hpc/informed_swapping/BARK.py:163: UserWarning: Exited postprocessing with accuracies 
[9.17704491e-09]
not reaching the requested tolerance 1e-09.
  values, vectors = lobpcg(projected_hamiltonian, guess, largest=False,
/home/erosanow_hpc/informed_swapping/BARK.py:163: UserWarning: Exited at iteration 50 with accuracies 
[3.3665986e-05]
not reaching the requested tolerance 1e-09.
Use iteration 7 instead with accuracy 
1.0341401540646072e-08.

  values, vectors = lobpcg(projected_hamiltonian, guess, largest=False,
/home/erosanow_hpc/informed_swapping/BARK.py:163: UserWarning: Exited postprocessing with accuracies 
[1.03414015e-08]
not reaching the requested tolerance 1e-09.
  values, vectors = lobpcg(projected_hamiltonian, guess, largest=False,
/home/erosanow_hpc/informed_swapping/BARK.py:163: UserWarning: Exited at iteration 50 with accuracies 
[4.42135564e-05]
not reaching the requested tolerance 1e-09.
Use iteration 7 instead with accuracy 
1.0144009811948948e-08.

  values, vectors = lobpcg(projected_hamiltonian, guess, largest=False,
/home/erosanow_hpc/informed_swapping/BARK.py:163: UserWarning: Exited postprocessing with accuracies 
[1.01440098e-08]
not reaching the requested tolerance 1e-09.
  values, vectors = lobpcg(projected_hamiltonian, guess, largest=False,
/home/erosanow_hpc/informed_swapping/BARK.py:163: UserWarning: Exited at iteration 50 with accuracies 
[2.16450416e-05]
not reaching the requested tolerance 1e-09.
Use iteration 7 instead with accuracy 
8.889664063102223e-09.

  values, vectors = lobpcg(projected_hamiltonian, guess, largest=False,
/home/erosanow_hpc/informed_swapping/BARK.py:163: UserWarning: Exited postprocessing with accuracies 
[8.88966406e-09]
not reaching the requested tolerance 1e-09.
  values, vectors = lobpcg(projected_hamiltonian, guess, largest=False,
/home/erosanow_hpc/informed_swapping/BARK.py:163: UserWarning: Exited at iteration 50 with accuracies 
[3.69375847e-06]
not reaching the requested tolerance 1e-09.
Use iteration 4 instead with accuracy 
7.988865651810006e-09.

  values, vectors = lobpcg(projected_hamiltonian, guess, largest=False,
/home/erosanow_hpc/informed_swapping/BARK.py:163: UserWarning: Exited postprocessing with accuracies 
[7.98886565e-09]
not reaching the requested tolerance 1e-09.
  values, vectors = lobpcg(projected_hamiltonian, guess, largest=False,
/home/erosanow_hpc/informed_swapping/BARK.py:163: UserWarning: Exited at iteration 50 with accuracies 
[2.89535627e-06]
not reaching the requested tolerance 1e-09.
Use iteration 8 instead with accuracy 
9.431233835580569e-09.

  values, vectors = lobpcg(projected_hamiltonian, guess, largest=False,
/home/erosanow_hpc/informed_swapping/BARK.py:163: UserWarning: Exited postprocessing with accuracies 
[9.43123384e-09]
not reaching the requested tolerance 1e-09.
  values, vectors = lobpcg(projected_hamiltonian, guess, largest=False,
/home/erosanow_hpc/informed_swapping/BARK.py:163: UserWarning: Exited at iteration 50 with accuracies 
[6.38504823e-07]
not reaching the requested tolerance 1e-09.
Use iteration 5 instead with accuracy 
8.38811760339366e-09.

  values, vectors = lobpcg(projected_hamiltonian, guess, largest=False,
/home/erosanow_hpc/informed_swapping/BARK.py:163: UserWarning: Exited postprocessing with accuracies 
[8.3881176e-09]
not reaching the requested tolerance 1e-09.
  values, vectors = lobpcg(projected_hamiltonian, guess, largest=False,
/home/erosanow_hpc/informed_swapping/BARK.py:163: UserWarning: Exited at iteration 50 with accuracies 
[3.44038982e-05]
not reaching the requested tolerance 1e-09.
Use iteration 9 instead with accuracy 
1.2176253694396939e-08.

  values, vectors = lobpcg(projected_hamiltonian, guess, largest=False,
/home/erosanow_hpc/informed_swapping/BARK.py:163: UserWarning: Exited postprocessing with accuracies 
[1.21762537e-08]
not reaching the requested tolerance 1e-09.
  values, vectors = lobpcg(projected_hamiltonian, guess, largest=False,
/home/erosanow_hpc/informed_swapping/BARK.py:163: UserWarning: Exited at iteration 50 with accuracies 
[9.19628839e-05]
not reaching the requested tolerance 1e-09.
Use iteration 8 instead with accuracy 
1.0111230972887865e-08.

  values, vectors = lobpcg(projected_hamiltonian, guess, largest=False,
/home/erosanow_hpc/informed_swapping/BARK.py:163: UserWarning: Exited postprocessing with accuracies 
[1.0111231e-08]
not reaching the requested tolerance 1e-09.
  values, vectors = lobpcg(projected_hamiltonian, guess, largest=False,
/home/erosanow_hpc/informed_swapping/BARK.py:163: UserWarning: Exited at iteration 50 with accuracies 
[9.1712554e-06]
not reaching the requested tolerance 1e-09.
Use iteration 8 instead with accuracy 
1.139011211011882e-08.

  values, vectors = lobpcg(projected_hamiltonian, guess, largest=False,
/home/erosanow_hpc/informed_swapping/BARK.py:163: UserWarning: Exited postprocessing with accuracies 
[1.13901121e-08]
not reaching the requested tolerance 1e-09.
  values, vectors = lobpcg(projected_hamiltonian, guess, largest=False,
/home/erosanow_hpc/informed_swapping/BARK.py:163: UserWarning: Exited at iteration 50 with accuracies 
[1.19755624e-06]
not reaching the requested tolerance 1e-09.
Use iteration 8 instead with accuracy 
1.118799661166637e-08.

  values, vectors = lobpcg(projected_hamiltonian, guess, largest=False,
/home/erosanow_hpc/informed_swapping/BARK.py:163: UserWarning: Exited postprocessing with accuracies 
[1.11879966e-08]
not reaching the requested tolerance 1e-09.
  values, vectors = lobpcg(projected_hamiltonian, guess, largest=False,
/home/erosanow_hpc/informed_swapping/BARK.py:163: UserWarning: Exited at iteration 50 with accuracies 
[1.59355375e-06]
not reaching the requested tolerance 1e-09.
Use iteration 6 instead with accuracy 
1.1021520512253604e-08.

  values, vectors = lobpcg(projected_hamiltonian, guess, largest=False,
/home/erosanow_hpc/informed_swapping/BARK.py:163: UserWarning: Exited postprocessing with accuracies 
[1.10215205e-08]
not reaching the requested tolerance 1e-09.
  values, vectors = lobpcg(projected_hamiltonian, guess, largest=False,
/home/erosanow_hpc/informed_swapping/BARK.py:163: UserWarning: Exited at iteration 50 with accuracies 
[6.2824811e-07]
not reaching the requested tolerance 1e-09.
Use iteration 6 instead with accuracy 
9.07297141242256e-09.

  values, vectors = lobpcg(projected_hamiltonian, guess, largest=False,
/home/erosanow_hpc/informed_swapping/BARK.py:163: UserWarning: Exited postprocessing with accuracies 
[9.07297141e-09]
not reaching the requested tolerance 1e-09.
  values, vectors = lobpcg(projected_hamiltonian, guess, largest=False,
/home/erosanow_hpc/informed_swapping/BARK.py:163: UserWarning: Exited at iteration 50 with accuracies 
[5.28963912e-06]
not reaching the requested tolerance 1e-09.
Use iteration 9 instead with accuracy 
1.136909319663747e-08.

  values, vectors = lobpcg(projected_hamiltonian, guess, largest=False,
/home/erosanow_hpc/informed_swapping/BARK.py:163: UserWarning: Exited postprocessing with accuracies 
[1.13690932e-08]
not reaching the requested tolerance 1e-09.
  values, vectors = lobpcg(projected_hamiltonian, guess, largest=False,
/home/erosanow_hpc/informed_swapping/BARK.py:163: UserWarning: Exited at iteration 50 with accuracies 
[2.34269609e-05]
not reaching the requested tolerance 1e-09.
Use iteration 8 instead with accuracy 
1.2187154124308207e-08.

  values, vectors = lobpcg(projected_hamiltonian, guess, largest=False,
/home/erosanow_hpc/informed_swapping/BARK.py:163: UserWarning: Exited postprocessing with accuracies 
[1.21871541e-08]
not reaching the requested tolerance 1e-09.
  values, vectors = lobpcg(projected_hamiltonian, guess, largest=False,
/home/erosanow_hpc/informed_swapping/BARK.py:163: UserWarning: Exited at iteration 50 with accuracies 
[4.51878783e-05]
not reaching the requested tolerance 1e-09.
Use iteration 6 instead with accuracy 
1.1206693534062767e-08.

  values, vectors = lobpcg(projected_hamiltonian, guess, largest=False,
/home/erosanow_hpc/informed_swapping/BARK.py:163: UserWarning: Exited postprocessing with accuracies 
[1.12066935e-08]
not reaching the requested tolerance 1e-09.
  values, vectors = lobpcg(projected_hamiltonian, guess, largest=False,
/home/erosanow_hpc/informed_swapping/BARK.py:163: UserWarning: Exited at iteration 50 with accuracies 
[8.96669094e-06]
not reaching the requested tolerance 1e-09.
Use iteration 5 instead with accuracy 
9.087761484302205e-09.

  values, vectors = lobpcg(projected_hamiltonian, guess, largest=False,
/home/erosanow_hpc/informed_swapping/BARK.py:163: UserWarning: Exited postprocessing with accuracies 
[9.08776148e-09]
not reaching the requested tolerance 1e-09.
  values, vectors = lobpcg(projected_hamiltonian, guess, largest=False,
/home/erosanow_hpc/informed_swapping/BARK.py:163: UserWarning: Exited at iteration 50 with accuracies 
[1.60070035e-05]
not reaching the requested tolerance 1e-09.
Use iteration 5 instead with accuracy 
8.242188562679916e-09.

  values, vectors = lobpcg(projected_hamiltonian, guess, largest=False,
/home/erosanow_hpc/informed_swapping/BARK.py:163: UserWarning: Exited postprocessing with accuracies 
[8.24218856e-09]
not reaching the requested tolerance 1e-09.
  values, vectors = lobpcg(projected_hamiltonian, guess, largest=False,
/home/erosanow_hpc/informed_swapping/BARK.py:163: UserWarning: Exited at iteration 50 with accuracies 
[3.64922136e-06]
not reaching the requested tolerance 1e-09.
Use iteration 6 instead with accuracy 
1.1858572461392789e-08.

  values, vectors = lobpcg(projected_hamiltonian, guess, largest=False,
/home/erosanow_hpc/informed_swapping/BARK.py:163: UserWarning: Exited postprocessing with accuracies 
[1.18585725e-08]
not reaching the requested tolerance 1e-09.
  values, vectors = lobpcg(projected_hamiltonian, guess, largest=False,
/home/erosanow_hpc/informed_swapping/BARK.py:163: UserWarning: Exited at iteration 50 with accuracies 
[2.81536189e-06]
not reaching the requested tolerance 1e-09.
Use iteration 8 instead with accuracy 
1.0688385122563574e-08.

  values, vectors = lobpcg(projected_hamiltonian, guess, largest=False,
/home/erosanow_hpc/informed_swapping/BARK.py:163: UserWarning: Exited postprocessing with accuracies 
[1.06883851e-08]
not reaching the requested tolerance 1e-09.
  values, vectors = lobpcg(projected_hamiltonian, guess, largest=False,
/home/erosanow_hpc/informed_swapping/BARK.py:163: UserWarning: Exited at iteration 50 with accuracies 
[6.38933448e-07]
not reaching the requested tolerance 1e-09.
Use iteration 6 instead with accuracy 
1.0436560131141947e-08.

  values, vectors = lobpcg(projected_hamiltonian, guess, largest=False,
/home/erosanow_hpc/informed_swapping/BARK.py:163: UserWarning: Exited postprocessing with accuracies 
[1.04365601e-08]
not reaching the requested tolerance 1e-09.
  values, vectors = lobpcg(projected_hamiltonian, guess, largest=False,
/home/erosanow_hpc/informed_swapping/BARK.py:163: UserWarning: Exited at iteration 50 with accuracies 
[1.84722716e-07]
not reaching the requested tolerance 1e-09.
Use iteration 4 instead with accuracy 
9.447415827419984e-09.

  values, vectors = lobpcg(projected_hamiltonian, guess, largest=False,
/home/erosanow_hpc/informed_swapping/BARK.py:163: UserWarning: Exited postprocessing with accuracies 
[9.44741583e-09]
not reaching the requested tolerance 1e-09.
  values, vectors = lobpcg(projected_hamiltonian, guess, largest=False,
/home/erosanow_hpc/informed_swapping/BARK.py:163: UserWarning: Exited at iteration 50 with accuracies 
[1.01272854e-05]
not reaching the requested tolerance 1e-09.
Use iteration 8 instead with accuracy 
1.1091414808304989e-08.

  values, vectors = lobpcg(projected_hamiltonian, guess, largest=False,
/home/erosanow_hpc/informed_swapping/BARK.py:163: UserWarning: Exited postprocessing with accuracies 
[1.10914148e-08]
not reaching the requested tolerance 1e-09.
  values, vectors = lobpcg(projected_hamiltonian, guess, largest=False,
/home/erosanow_hpc/informed_swapping/BARK.py:163: UserWarning: Exited at iteration 50 with accuracies 
[2.26495463e-05]
not reaching the requested tolerance 1e-09.
Use iteration 8 instead with accuracy 
9.82552295877945e-09.

  values, vectors = lobpcg(projected_hamiltonian, guess, largest=False,
/home/erosanow_hpc/informed_swapping/BARK.py:163: UserWarning: Exited postprocessing with accuracies 
[9.82552278e-09]
not reaching the requested tolerance 1e-09.
  values, vectors = lobpcg(projected_hamiltonian, guess, largest=False,
/home/erosanow_hpc/informed_swapping/BARK.py:163: UserWarning: Exited at iteration 50 with accuracies 
[2.49061486e-05]
not reaching the requested tolerance 1e-09.
Use iteration 9 instead with accuracy 
1.2333863413172892e-08.

  values, vectors = lobpcg(projected_hamiltonian, guess, largest=False,
/home/erosanow_hpc/informed_swapping/BARK.py:163: UserWarning: Exited postprocessing with accuracies 
[1.23338634e-08]
not reaching the requested tolerance 1e-09.
  values, vectors = lobpcg(projected_hamiltonian, guess, largest=False,
/home/erosanow_hpc/informed_swapping/BARK.py:163: UserWarning: Exited at iteration 50 with accuracies 
[2.96505708e-05]
not reaching the requested tolerance 1e-09.
Use iteration 10 instead with accuracy 
1.1394680838358059e-08.

  values, vectors = lobpcg(projected_hamiltonian, guess, largest=False,
/home/erosanow_hpc/informed_swapping/BARK.py:163: UserWarning: Exited postprocessing with accuracies 
[1.13946808e-08]
not reaching the requested tolerance 1e-09.
  values, vectors = lobpcg(projected_hamiltonian, guess, largest=False,
/home/erosanow_hpc/informed_swapping/BARK.py:163: UserWarning: Exited at iteration 50 with accuracies 
[9.8002303e-06]
not reaching the requested tolerance 1e-09.
Use iteration 8 instead with accuracy 
1.0487595706073171e-08.

  values, vectors = lobpcg(projected_hamiltonian, guess, largest=False,
/home/erosanow_hpc/informed_swapping/BARK.py:163: UserWarning: Exited postprocessing with accuracies 
[1.04875957e-08]
not reaching the requested tolerance 1e-09.
  values, vectors = lobpcg(projected_hamiltonian, guess, largest=False,
/home/erosanow_hpc/informed_swapping/BARK.py:163: UserWarning: Exited at iteration 50 with accuracies 
[1.9779282e-06]
not reaching the requested tolerance 1e-09.
Use iteration 6 instead with accuracy 
1.0126749786464733e-08.

  values, vectors = lobpcg(projected_hamiltonian, guess, largest=False,
/home/erosanow_hpc/informed_swapping/BARK.py:163: UserWarning: Exited postprocessing with accuracies 
[1.01267498e-08]
not reaching the requested tolerance 1e-09.
  values, vectors = lobpcg(projected_hamiltonian, guess, largest=False,
/home/erosanow_hpc/informed_swapping/BARK.py:163: UserWarning: Exited at iteration 50 with accuracies 
[4.15811591e-06]
not reaching the requested tolerance 1e-09.
Use iteration 9 instead with accuracy 
1.2129379827885024e-08.

  values, vectors = lobpcg(projected_hamiltonian, guess, largest=False,
/home/erosanow_hpc/informed_swapping/BARK.py:163: UserWarning: Exited postprocessing with accuracies 
[1.21293798e-08]
not reaching the requested tolerance 1e-09.
  values, vectors = lobpcg(projected_hamiltonian, guess, largest=False,
/home/erosanow_hpc/informed_swapping/BARK.py:163: UserWarning: Exited at iteration 50 with accuracies 
[2.95375952e-07]
not reaching the requested tolerance 1e-09.
Use iteration 6 instead with accuracy 
9.480652552738067e-09.

  values, vectors = lobpcg(projected_hamiltonian, guess, largest=False,
/home/erosanow_hpc/informed_swapping/BARK.py:163: UserWarning: Exited postprocessing with accuracies 
[9.48065255e-09]
not reaching the requested tolerance 1e-09.
  values, vectors = lobpcg(projected_hamiltonian, guess, largest=False,
/home/erosanow_hpc/informed_swapping/BARK.py:163: UserWarning: Exited at iteration 50 with accuracies 
[3.01422529e-06]
not reaching the requested tolerance 1e-09.
Use iteration 9 instead with accuracy 
1.2454100932858297e-08.

  values, vectors = lobpcg(projected_hamiltonian, guess, largest=False,
/home/erosanow_hpc/informed_swapping/BARK.py:163: UserWarning: Exited postprocessing with accuracies 
[1.24541009e-08]
not reaching the requested tolerance 1e-09.
  values, vectors = lobpcg(projected_hamiltonian, guess, largest=False,
/home/erosanow_hpc/informed_swapping/BARK.py:163: UserWarning: Exited at iteration 50 with accuracies 
[1.64002075e-07]
not reaching the requested tolerance 1e-09.
Use iteration 7 instead with accuracy 
1.081468998929738e-08.

  values, vectors = lobpcg(projected_hamiltonian, guess, largest=False,
/home/erosanow_hpc/informed_swapping/BARK.py:163: UserWarning: Exited postprocessing with accuracies 
[1.081469e-08]
not reaching the requested tolerance 1e-09.
  values, vectors = lobpcg(projected_hamiltonian, guess, largest=False,
/home/erosanow_hpc/informed_swapping/BARK.py:163: UserWarning: Exited at iteration 50 with accuracies 
[9.99583723e-08]
not reaching the requested tolerance 1e-09.
Use iteration 5 instead with accuracy 
8.653371889231056e-09.

  values, vectors = lobpcg(projected_hamiltonian, guess, largest=False,
/home/erosanow_hpc/informed_swapping/BARK.py:163: UserWarning: Exited postprocessing with accuracies 
[8.65337189e-09]
not reaching the requested tolerance 1e-09.
  values, vectors = lobpcg(projected_hamiltonian, guess, largest=False,
/home/erosanow_hpc/informed_swapping/BARK.py:163: UserWarning: Exited at iteration 50 with accuracies 
[9.4491196e-08]
not reaching the requested tolerance 1e-09.
Use iteration 6 instead with accuracy 
1.0971796033004627e-08.

  values, vectors = lobpcg(projected_hamiltonian, guess, largest=False,
/home/erosanow_hpc/informed_swapping/BARK.py:163: UserWarning: Exited postprocessing with accuracies 
[1.0971796e-08]
not reaching the requested tolerance 1e-09.
  values, vectors = lobpcg(projected_hamiltonian, guess, largest=False,
/home/erosanow_hpc/informed_swapping/BARK.py:163: UserWarning: Exited at iteration 50 with accuracies 
[3.94934296e-08]
not reaching the requested tolerance 1e-09.
Use iteration 6 instead with accuracy 
1.2765547655029331e-08.

  values, vectors = lobpcg(projected_hamiltonian, guess, largest=False,
/home/erosanow_hpc/informed_swapping/BARK.py:163: UserWarning: Exited postprocessing with accuracies 
[1.27655477e-08]
not reaching the requested tolerance 1e-09.
  values, vectors = lobpcg(projected_hamiltonian, guess, largest=False,
/home/erosanow_hpc/informed_swapping/BARK.py:163: UserWarning: Exited at iteration 50 with accuracies 
[1.19706348e-08]
not reaching the requested tolerance 1e-09.
Use iteration 5 instead with accuracy 
8.165722001440473e-09.

  values, vectors = lobpcg(projected_hamiltonian, guess, largest=False,
/home/erosanow_hpc/informed_swapping/BARK.py:163: UserWarning: Exited postprocessing with accuracies 
[8.165722e-09]
not reaching the requested tolerance 1e-09.
  values, vectors = lobpcg(projected_hamiltonian, guess, largest=False,
/home/erosanow_hpc/informed_swapping/BARK.py:163: UserWarning: Exited at iteration 50 with accuracies 
[6.718784e-09]
not reaching the requested tolerance 1e-09.
Use iteration 51 instead with accuracy 
6.718784000465362e-09.

  values, vectors = lobpcg(projected_hamiltonian, guess, largest=False,
/home/erosanow_hpc/informed_swapping/BARK.py:163: UserWarning: Exited postprocessing with accuracies 
[6.718784e-09]
not reaching the requested tolerance 1e-09.
  values, vectors = lobpcg(projected_hamiltonian, guess, largest=False,
/home/erosanow_hpc/informed_swapping/BARK.py:163: UserWarning: Exited at iteration 50 with accuracies 
[2.18512821e-07]
not reaching the requested tolerance 1e-09.
Use iteration 51 instead with accuracy 
2.1851282061357563e-07.

  values, vectors = lobpcg(projected_hamiltonian, guess, largest=False,
/home/erosanow_hpc/informed_swapping/BARK.py:163: UserWarning: Exited postprocessing with accuracies 
[2.18512821e-07]
not reaching the requested tolerance 1e-09.
  values, vectors = lobpcg(projected_hamiltonian, guess, largest=False,
/home/erosanow_hpc/informed_swapping/BARK.py:163: UserWarning: Exited at iteration 50 with accuracies 
[2.18380428e-06]
not reaching the requested tolerance 1e-09.
Use iteration 51 instead with accuracy 
2.1838042792211147e-06.

  values, vectors = lobpcg(projected_hamiltonian, guess, largest=False,
/home/erosanow_hpc/informed_swapping/BARK.py:163: UserWarning: Exited postprocessing with accuracies 
[2.18380428e-06]
not reaching the requested tolerance 1e-09.
  values, vectors = lobpcg(projected_hamiltonian, guess, largest=False,
/home/erosanow_hpc/informed_swapping/BARK.py:163: UserWarning: Exited at iteration 50 with accuracies 
[9.24606561e-06]
not reaching the requested tolerance 1e-09.
Use iteration 47 instead with accuracy 
6.9920380339959315e-06.

  values, vectors = lobpcg(projected_hamiltonian, guess, largest=False,
/home/erosanow_hpc/informed_swapping/BARK.py:163: UserWarning: Exited postprocessing with accuracies 
[6.99203802e-06]
not reaching the requested tolerance 1e-09.
  values, vectors = lobpcg(projected_hamiltonian, guess, largest=False,
/home/erosanow_hpc/informed_swapping/BARK.py:163: UserWarning: Exited at iteration 50 with accuracies 
[4.10078538e-06]
not reaching the requested tolerance 1e-09.
Use iteration 49 instead with accuracy 
1.0219829555763776e-06.

  values, vectors = lobpcg(projected_hamiltonian, guess, largest=False,
/home/erosanow_hpc/informed_swapping/BARK.py:163: UserWarning: Exited postprocessing with accuracies 
[1.02198295e-06]
not reaching the requested tolerance 1e-09.
  values, vectors = lobpcg(projected_hamiltonian, guess, largest=False,
/home/erosanow_hpc/informed_swapping/BARK.py:163: UserWarning: Exited at iteration 50 with accuracies 
[1.15827797e-05]
not reaching the requested tolerance 1e-09.
Use iteration 51 instead with accuracy 
1.1582779650702724e-05.

  values, vectors = lobpcg(projected_hamiltonian, guess, largest=False,
/home/erosanow_hpc/informed_swapping/BARK.py:163: UserWarning: Exited postprocessing with accuracies 
[1.15827797e-05]
not reaching the requested tolerance 1e-09.
  values, vectors = lobpcg(projected_hamiltonian, guess, largest=False,
/home/erosanow_hpc/informed_swapping/BARK.py:163: UserWarning: Exited at iteration 50 with accuracies 
[6.19585379e-07]
not reaching the requested tolerance 1e-09.
Use iteration 51 instead with accuracy 
6.195853790030157e-07.

  values, vectors = lobpcg(projected_hamiltonian, guess, largest=False,
/home/erosanow_hpc/informed_swapping/BARK.py:163: UserWarning: Exited postprocessing with accuracies 
[6.19585375e-07]
not reaching the requested tolerance 1e-09.
  values, vectors = lobpcg(projected_hamiltonian, guess, largest=False,
/home/erosanow_hpc/informed_swapping/BARK.py:163: UserWarning: Exited at iteration 50 with accuracies 
[4.0719464e-05]
not reaching the requested tolerance 1e-09.
Use iteration 49 instead with accuracy 
1.5609961111524818e-05.

  values, vectors = lobpcg(projected_hamiltonian, guess, largest=False,
/home/erosanow_hpc/informed_swapping/BARK.py:163: UserWarning: Exited postprocessing with accuracies 
[1.56099611e-05]
not reaching the requested tolerance 1e-09.
  values, vectors = lobpcg(projected_hamiltonian, guess, largest=False,
/home/erosanow_hpc/informed_swapping/BARK.py:163: UserWarning: Exited at iteration 50 with accuracies 
[4.80940132e-08]
not reaching the requested tolerance 1e-09.
Use iteration 51 instead with accuracy 
4.809401319983321e-08.

  values, vectors = lobpcg(projected_hamiltonian, guess, largest=False,
/home/erosanow_hpc/informed_swapping/BARK.py:163: UserWarning: Exited postprocessing with accuracies 
[4.80940129e-08]
not reaching the requested tolerance 1e-09.
  values, vectors = lobpcg(projected_hamiltonian, guess, largest=False,
/home/erosanow_hpc/informed_swapping/BARK.py:163: UserWarning: Exited at iteration 50 with accuracies 
[1.78732342e-09]
not reaching the requested tolerance 1e-09.
Use iteration 51 instead with accuracy 
1.7873234207444267e-09.

  values, vectors = lobpcg(projected_hamiltonian, guess, largest=False,
/home/erosanow_hpc/informed_swapping/BARK.py:163: UserWarning: Exited postprocessing with accuracies 
[1.78730686e-09]
not reaching the requested tolerance 1e-09.
  values, vectors = lobpcg(projected_hamiltonian, guess, largest=False,
/home/erosanow_hpc/informed_swapping/BARK.py:163: UserWarning: Exited at iteration 50 with accuracies 
[6.04832918e-06]
not reaching the requested tolerance 1e-09.
Use iteration 51 instead with accuracy 
6.048329182448233e-06.

  values, vectors = lobpcg(projected_hamiltonian, guess, largest=False,
/home/erosanow_hpc/informed_swapping/BARK.py:163: UserWarning: Exited postprocessing with accuracies 
[6.04832919e-06]
not reaching the requested tolerance 1e-09.
  values, vectors = lobpcg(projected_hamiltonian, guess, largest=False,
/home/erosanow_hpc/informed_swapping/BARK.py:163: UserWarning: Exited at iteration 50 with accuracies 
[2.60438653e-08]
not reaching the requested tolerance 1e-09.
Use iteration 51 instead with accuracy 
2.604386525200363e-08.

  values, vectors = lobpcg(projected_hamiltonian, guess, largest=False,
/home/erosanow_hpc/informed_swapping/BARK.py:163: UserWarning: Exited postprocessing with accuracies 
[2.60438726e-08]
not reaching the requested tolerance 1e-09.
  values, vectors = lobpcg(projected_hamiltonian, guess, largest=False,
/home/erosanow_hpc/informed_swapping/BARK.py:163: UserWarning: Exited at iteration 50 with accuracies 
[3.46391045e-08]
not reaching the requested tolerance 1e-09.
Use iteration 51 instead with accuracy 
3.463910454628677e-08.

  values, vectors = lobpcg(projected_hamiltonian, guess, largest=False,
/home/erosanow_hpc/informed_swapping/BARK.py:163: UserWarning: Exited postprocessing with accuracies 
[3.46391022e-08]
not reaching the requested tolerance 1e-09.
  values, vectors = lobpcg(projected_hamiltonian, guess, largest=False,
/home/erosanow_hpc/informed_swapping/BARK.py:163: UserWarning: Exited at iteration 50 with accuracies 
[1.60675115e-07]
not reaching the requested tolerance 1e-09.
Use iteration 51 instead with accuracy 
1.6067511483459455e-07.

  values, vectors = lobpcg(projected_hamiltonian, guess, largest=False,
/home/erosanow_hpc/informed_swapping/BARK.py:163: UserWarning: Exited postprocessing with accuracies 
[1.60675121e-07]
not reaching the requested tolerance 1e-09.
  values, vectors = lobpcg(projected_hamiltonian, guess, largest=False,
/home/erosanow_hpc/informed_swapping/BARK.py:163: UserWarning: Exited at iteration 50 with accuracies 
[3.95378503e-05]
not reaching the requested tolerance 1e-09.
Use iteration 47 instead with accuracy 
2.945192269058455e-05.

  values, vectors = lobpcg(projected_hamiltonian, guess, largest=False,
/home/erosanow_hpc/informed_swapping/BARK.py:163: UserWarning: Exited postprocessing with accuracies 
[2.94519227e-05]
not reaching the requested tolerance 1e-09.
  values, vectors = lobpcg(projected_hamiltonian, guess, largest=False,
/home/erosanow_hpc/informed_swapping/BARK.py:163: UserWarning: Exited at iteration 50 with accuracies 
[1.49653253e-07]
not reaching the requested tolerance 1e-09.
Use iteration 51 instead with accuracy 
1.4965325316714931e-07.

  values, vectors = lobpcg(projected_hamiltonian, guess, largest=False,
/home/erosanow_hpc/informed_swapping/BARK.py:163: UserWarning: Exited postprocessing with accuracies 
[1.49653243e-07]
not reaching the requested tolerance 1e-09.
  values, vectors = lobpcg(projected_hamiltonian, guess, largest=False,
/home/erosanow_hpc/informed_swapping/BARK.py:163: UserWarning: Exited at iteration 50 with accuracies 
[4.60692655e-06]
not reaching the requested tolerance 1e-09.
Use iteration 50 instead with accuracy 
4.196847767436763e-06.

  values, vectors = lobpcg(projected_hamiltonian, guess, largest=False,
/home/erosanow_hpc/informed_swapping/BARK.py:163: UserWarning: Exited postprocessing with accuracies 
[4.19684777e-06]
not reaching the requested tolerance 1e-09.
  values, vectors = lobpcg(projected_hamiltonian, guess, largest=False,
/home/erosanow_hpc/informed_swapping/BARK.py:163: UserWarning: Exited at iteration 50 with accuracies 
[5.07170221e-06]
not reaching the requested tolerance 1e-09.
Use iteration 40 instead with accuracy 
2.3965222118457005e-09.

  values, vectors = lobpcg(projected_hamiltonian, guess, largest=False,
/home/erosanow_hpc/informed_swapping/BARK.py:163: UserWarning: Exited postprocessing with accuracies 
[2.39652408e-09]
not reaching the requested tolerance 1e-09.
  values, vectors = lobpcg(projected_hamiltonian, guess, largest=False,
/home/erosanow_hpc/informed_swapping/BARK.py:163: UserWarning: Exited at iteration 50 with accuracies 
[1.02720807e-07]
not reaching the requested tolerance 1e-09.
Use iteration 51 instead with accuracy 
1.0272080685421409e-07.

  values, vectors = lobpcg(projected_hamiltonian, guess, largest=False,
/home/erosanow_hpc/informed_swapping/BARK.py:163: UserWarning: Exited postprocessing with accuracies 
[1.02720798e-07]
not reaching the requested tolerance 1e-09.
  values, vectors = lobpcg(projected_hamiltonian, guess, largest=False,
/home/erosanow_hpc/informed_swapping/BARK.py:163: UserWarning: Exited at iteration 50 with accuracies 
[1.89870908e-06]
not reaching the requested tolerance 1e-09.
Use iteration 51 instead with accuracy 
1.898709082757337e-06.

  values, vectors = lobpcg(projected_hamiltonian, guess, largest=False,
/home/erosanow_hpc/informed_swapping/BARK.py:163: UserWarning: Exited postprocessing with accuracies 
[1.89870908e-06]
not reaching the requested tolerance 1e-09.
  values, vectors = lobpcg(projected_hamiltonian, guess, largest=False,
/home/erosanow_hpc/informed_swapping/BARK.py:163: UserWarning: Exited at iteration 50 with accuracies 
[1.87256214e-05]
not reaching the requested tolerance 1e-09.
Use iteration 48 instead with accuracy 
6.516205086107158e-06.

  values, vectors = lobpcg(projected_hamiltonian, guess, largest=False,
/home/erosanow_hpc/informed_swapping/BARK.py:163: UserWarning: Exited postprocessing with accuracies 
[6.5162051e-06]
not reaching the requested tolerance 1e-09.
  values, vectors = lobpcg(projected_hamiltonian, guess, largest=False,
/home/erosanow_hpc/informed_swapping/BARK.py:163: UserWarning: Exited at iteration 50 with accuracies 
[4.00778112e-06]
not reaching the requested tolerance 1e-09.
Use iteration 49 instead with accuracy 
9.941880225811642e-07.

  values, vectors = lobpcg(projected_hamiltonian, guess, largest=False,
/home/erosanow_hpc/informed_swapping/BARK.py:163: UserWarning: Exited postprocessing with accuracies 
[9.94188047e-07]
not reaching the requested tolerance 1e-09.
  values, vectors = lobpcg(projected_hamiltonian, guess, largest=False,
/home/erosanow_hpc/informed_swapping/BARK.py:163: UserWarning: Exited at iteration 50 with accuracies 
[1.1215334e-05]
not reaching the requested tolerance 1e-09.
Use iteration 51 instead with accuracy 
1.1215333960807705e-05.

  values, vectors = lobpcg(projected_hamiltonian, guess, largest=False,
/home/erosanow_hpc/informed_swapping/BARK.py:163: UserWarning: Exited postprocessing with accuracies 
[1.1215334e-05]
not reaching the requested tolerance 1e-09.
  values, vectors = lobpcg(projected_hamiltonian, guess, largest=False,
/home/erosanow_hpc/informed_swapping/BARK.py:163: UserWarning: Exited at iteration 50 with accuracies 
[5.30939367e-07]
not reaching the requested tolerance 1e-09.
Use iteration 51 instead with accuracy 
5.309393671669457e-07.

  values, vectors = lobpcg(projected_hamiltonian, guess, largest=False,
/home/erosanow_hpc/informed_swapping/BARK.py:163: UserWarning: Exited postprocessing with accuracies 
[5.3093937e-07]
not reaching the requested tolerance 1e-09.
  values, vectors = lobpcg(projected_hamiltonian, guess, largest=False,
/home/erosanow_hpc/informed_swapping/BARK.py:163: UserWarning: Exited at iteration 50 with accuracies 
[2.44792171e-05]
not reaching the requested tolerance 1e-09.
Use iteration 50 instead with accuracy 
1.769938299661262e-05.

  values, vectors = lobpcg(projected_hamiltonian, guess, largest=False,
/home/erosanow_hpc/informed_swapping/BARK.py:163: UserWarning: Exited postprocessing with accuracies 
[1.7699383e-05]
not reaching the requested tolerance 1e-09.
  values, vectors = lobpcg(projected_hamiltonian, guess, largest=False,
/home/erosanow_hpc/informed_swapping/BARK.py:163: UserWarning: Exited at iteration 50 with accuracies 
[4.8144213e-08]
not reaching the requested tolerance 1e-09.
Use iteration 51 instead with accuracy 
4.81442129594746e-08.

  values, vectors = lobpcg(projected_hamiltonian, guess, largest=False,
/home/erosanow_hpc/informed_swapping/BARK.py:163: UserWarning: Exited postprocessing with accuracies 
[4.81442131e-08]
not reaching the requested tolerance 1e-09.
  values, vectors = lobpcg(projected_hamiltonian, guess, largest=False,
/home/erosanow_hpc/informed_swapping/BARK.py:163: UserWarning: Exited at iteration 50 with accuracies 
[1.77346125e-09]
not reaching the requested tolerance 1e-09.
Use iteration 51 instead with accuracy 
1.7734612469848545e-09.

  values, vectors = lobpcg(projected_hamiltonian, guess, largest=False,
/home/erosanow_hpc/informed_swapping/BARK.py:163: UserWarning: Exited postprocessing with accuracies 
[1.7734778e-09]
not reaching the requested tolerance 1e-09.
  values, vectors = lobpcg(projected_hamiltonian, guess, largest=False,
/home/erosanow_hpc/informed_swapping/BARK.py:163: UserWarning: Exited at iteration 50 with accuracies 
[6.68079315e-06]
not reaching the requested tolerance 1e-09.
Use iteration 51 instead with accuracy 
6.680793148307609e-06.

  values, vectors = lobpcg(projected_hamiltonian, guess, largest=False,
/home/erosanow_hpc/informed_swapping/BARK.py:163: UserWarning: Exited postprocessing with accuracies 
[6.68079315e-06]
not reaching the requested tolerance 1e-09.
  values, vectors = lobpcg(projected_hamiltonian, guess, largest=False,
/home/erosanow_hpc/informed_swapping/BARK.py:163: UserWarning: Exited at iteration 50 with accuracies 
[2.35574457e-08]
not reaching the requested tolerance 1e-09.
Use iteration 51 instead with accuracy 
2.355744569756281e-08.

  values, vectors = lobpcg(projected_hamiltonian, guess, largest=False,
/home/erosanow_hpc/informed_swapping/BARK.py:163: UserWarning: Exited postprocessing with accuracies 
[2.35574468e-08]
not reaching the requested tolerance 1e-09.
  values, vectors = lobpcg(projected_hamiltonian, guess, largest=False,
/home/erosanow_hpc/informed_swapping/BARK.py:163: UserWarning: Exited at iteration 50 with accuracies 
[3.61235742e-08]
not reaching the requested tolerance 1e-09.
Use iteration 51 instead with accuracy 
3.6123574162660173e-08.

  values, vectors = lobpcg(projected_hamiltonian, guess, largest=False,
/home/erosanow_hpc/informed_swapping/BARK.py:163: UserWarning: Exited postprocessing with accuracies 
[3.61235717e-08]
not reaching the requested tolerance 1e-09.
  values, vectors = lobpcg(projected_hamiltonian, guess, largest=False,
/home/erosanow_hpc/informed_swapping/BARK.py:163: UserWarning: Exited at iteration 50 with accuracies 
[9.88195921e-07]
not reaching the requested tolerance 1e-09.
Use iteration 46 instead with accuracy 
6.57414935013127e-07.

  values, vectors = lobpcg(projected_hamiltonian, guess, largest=False,
/home/erosanow_hpc/informed_swapping/BARK.py:163: UserWarning: Exited postprocessing with accuracies 
[6.57414946e-07]
not reaching the requested tolerance 1e-09.
  values, vectors = lobpcg(projected_hamiltonian, guess, largest=False,
/home/erosanow_hpc/informed_swapping/BARK.py:163: UserWarning: Exited at iteration 50 with accuracies 
[7.67931355e-05]
not reaching the requested tolerance 1e-09.
Use iteration 48 instead with accuracy 
2.4186390490010764e-05.

  values, vectors = lobpcg(projected_hamiltonian, guess, largest=False,
/home/erosanow_hpc/informed_swapping/BARK.py:163: UserWarning: Exited postprocessing with accuracies 
[2.41863905e-05]
not reaching the requested tolerance 1e-09.
  values, vectors = lobpcg(projected_hamiltonian, guess, largest=False,
/home/erosanow_hpc/informed_swapping/BARK.py:163: UserWarning: Exited at iteration 50 with accuracies 
[1.49484324e-07]
not reaching the requested tolerance 1e-09.
Use iteration 51 instead with accuracy 
1.4948432424480345e-07.

  values, vectors = lobpcg(projected_hamiltonian, guess, largest=False,
/home/erosanow_hpc/informed_swapping/BARK.py:163: UserWarning: Exited postprocessing with accuracies 
[1.49484331e-07]
not reaching the requested tolerance 1e-09.
  values, vectors = lobpcg(projected_hamiltonian, guess, largest=False,
/home/erosanow_hpc/informed_swapping/BARK.py:163: UserWarning: Exited at iteration 50 with accuracies 
[5.21831916e-06]
not reaching the requested tolerance 1e-09.
Use iteration 50 instead with accuracy 
3.961226221799674e-06.

  values, vectors = lobpcg(projected_hamiltonian, guess, largest=False,
/home/erosanow_hpc/informed_swapping/BARK.py:163: UserWarning: Exited postprocessing with accuracies 
[3.96122625e-06]
not reaching the requested tolerance 1e-09.
  values, vectors = lobpcg(projected_hamiltonian, guess, largest=False,
/home/erosanow_hpc/informed_swapping/BARK.py:163: UserWarning: Exited at iteration 50 with accuracies 
[1.17685623e-07]
not reaching the requested tolerance 1e-09.
Use iteration 51 instead with accuracy 
1.1768562267286674e-07.

  values, vectors = lobpcg(projected_hamiltonian, guess, largest=False,
/home/erosanow_hpc/informed_swapping/BARK.py:163: UserWarning: Exited postprocessing with accuracies 
[1.17685613e-07]
not reaching the requested tolerance 1e-09.
  values, vectors = lobpcg(projected_hamiltonian, guess, largest=False,
/home/erosanow_hpc/informed_swapping/BARK.py:163: UserWarning: Exited at iteration 50 with accuracies 
[2.20095655e-06]
not reaching the requested tolerance 1e-09.
Use iteration 51 instead with accuracy 
2.200956546506769e-06.

  values, vectors = lobpcg(projected_hamiltonian, guess, largest=False,
/home/erosanow_hpc/informed_swapping/BARK.py:163: UserWarning: Exited postprocessing with accuracies 
[2.20095656e-06]
not reaching the requested tolerance 1e-09.
  values, vectors = lobpcg(projected_hamiltonian, guess, largest=False,
/home/erosanow_hpc/informed_swapping/BARK.py:163: UserWarning: Exited at iteration 50 with accuracies 
[1.99609046e-05]
not reaching the requested tolerance 1e-09.
Use iteration 49 instead with accuracy 
8.631401215056576e-06.

  values, vectors = lobpcg(projected_hamiltonian, guess, largest=False,
/home/erosanow_hpc/informed_swapping/BARK.py:163: UserWarning: Exited postprocessing with accuracies 
[8.63140123e-06]
not reaching the requested tolerance 1e-09.
  values, vectors = lobpcg(projected_hamiltonian, guess, largest=False,
/home/erosanow_hpc/informed_swapping/BARK.py:163: UserWarning: Exited at iteration 50 with accuracies 
[2.33914691e-06]
not reaching the requested tolerance 1e-09.
Use iteration 49 instead with accuracy 
1.0267215929649393e-06.

  values, vectors = lobpcg(projected_hamiltonian, guess, largest=False,
/home/erosanow_hpc/informed_swapping/BARK.py:163: UserWarning: Exited postprocessing with accuracies 
[1.02672159e-06]
not reaching the requested tolerance 1e-09.
  values, vectors = lobpcg(projected_hamiltonian, guess, largest=False,
/home/erosanow_hpc/informed_swapping/BARK.py:163: UserWarning: Exited at iteration 50 with accuracies 
[1.06094332e-05]
not reaching the requested tolerance 1e-09.
Use iteration 51 instead with accuracy 
1.0609433174701502e-05.

  values, vectors = lobpcg(projected_hamiltonian, guess, largest=False,
/home/erosanow_hpc/informed_swapping/BARK.py:163: UserWarning: Exited postprocessing with accuracies 
[1.06094332e-05]
not reaching the requested tolerance 1e-09.
  values, vectors = lobpcg(projected_hamiltonian, guess, largest=False,
/home/erosanow_hpc/informed_swapping/BARK.py:163: UserWarning: Exited at iteration 50 with accuracies 
[5.32953376e-09]
not reaching the requested tolerance 1e-09.
Use iteration 50 instead with accuracy 
1.5289162300214888e-09.

  values, vectors = lobpcg(projected_hamiltonian, guess, largest=False,
/home/erosanow_hpc/informed_swapping/BARK.py:163: UserWarning: Exited postprocessing with accuracies 
[1.52891536e-09]
not reaching the requested tolerance 1e-09.
  values, vectors = lobpcg(projected_hamiltonian, guess, largest=False,
/home/erosanow_hpc/informed_swapping/BARK.py:163: UserWarning: Exited at iteration 50 with accuracies 
[6.47413024e-07]
not reaching the requested tolerance 1e-09.
Use iteration 51 instead with accuracy 
6.474130241900821e-07.

  values, vectors = lobpcg(projected_hamiltonian, guess, largest=False,
/home/erosanow_hpc/informed_swapping/BARK.py:163: UserWarning: Exited postprocessing with accuracies 
[6.47413015e-07]
not reaching the requested tolerance 1e-09.
  values, vectors = lobpcg(projected_hamiltonian, guess, largest=False,
/home/erosanow_hpc/informed_swapping/BARK.py:163: UserWarning: Exited at iteration 50 with accuracies 
[5.54956158e-05]
not reaching the requested tolerance 1e-09.
Use iteration 49 instead with accuracy 
1.704830898476322e-05.

  values, vectors = lobpcg(projected_hamiltonian, guess, largest=False,
/home/erosanow_hpc/informed_swapping/BARK.py:163: UserWarning: Exited postprocessing with accuracies 
[1.7048309e-05]
not reaching the requested tolerance 1e-09.
  values, vectors = lobpcg(projected_hamiltonian, guess, largest=False,
/home/erosanow_hpc/informed_swapping/BARK.py:163: UserWarning: Exited at iteration 50 with accuracies 
[1.53377677e-07]
not reaching the requested tolerance 1e-09.
Use iteration 47 instead with accuracy 
8.892916266947952e-08.

  values, vectors = lobpcg(projected_hamiltonian, guess, largest=False,
/home/erosanow_hpc/informed_swapping/BARK.py:163: UserWarning: Exited postprocessing with accuracies 
[8.89291636e-08]
not reaching the requested tolerance 1e-09.
  values, vectors = lobpcg(projected_hamiltonian, guess, largest=False,
/home/erosanow_hpc/informed_swapping/BARK.py:163: UserWarning: Exited at iteration 50 with accuracies 
[1.94971437e-08]
not reaching the requested tolerance 1e-09.
Use iteration 47 instead with accuracy 
1.4740857044019469e-08.

  values, vectors = lobpcg(projected_hamiltonian, guess, largest=False,
/home/erosanow_hpc/informed_swapping/BARK.py:163: UserWarning: Exited postprocessing with accuracies 
[1.47408402e-08]
not reaching the requested tolerance 1e-09.
  values, vectors = lobpcg(projected_hamiltonian, guess, largest=False,
/home/erosanow_hpc/informed_swapping/BARK.py:163: UserWarning: Exited at iteration 50 with accuracies 
[1.43086193e-05]
not reaching the requested tolerance 1e-09.
Use iteration 47 instead with accuracy 
8.620281130387198e-06.

  values, vectors = lobpcg(projected_hamiltonian, guess, largest=False,
/home/erosanow_hpc/informed_swapping/BARK.py:163: UserWarning: Exited postprocessing with accuracies 
[8.62028115e-06]
not reaching the requested tolerance 1e-09.
  values, vectors = lobpcg(projected_hamiltonian, guess, largest=False,
/home/erosanow_hpc/informed_swapping/BARK.py:163: UserWarning: Exited at iteration 50 with accuracies 
[1.87910761e-08]
not reaching the requested tolerance 1e-09.
Use iteration 51 instead with accuracy 
1.8791076129524348e-08.

  values, vectors = lobpcg(projected_hamiltonian, guess, largest=False,
/home/erosanow_hpc/informed_swapping/BARK.py:163: UserWarning: Exited postprocessing with accuracies 
[1.87910763e-08]
not reaching the requested tolerance 1e-09.
  values, vectors = lobpcg(projected_hamiltonian, guess, largest=False,
/home/erosanow_hpc/informed_swapping/BARK.py:163: UserWarning: Exited at iteration 50 with accuracies 
[5.48730061e-08]
not reaching the requested tolerance 1e-09.
Use iteration 51 instead with accuracy 
5.487300609900059e-08.

  values, vectors = lobpcg(projected_hamiltonian, guess, largest=False,
/home/erosanow_hpc/informed_swapping/BARK.py:163: UserWarning: Exited postprocessing with accuracies 
[5.4873007e-08]
not reaching the requested tolerance 1e-09.
  values, vectors = lobpcg(projected_hamiltonian, guess, largest=False,
/home/erosanow_hpc/informed_swapping/BARK.py:163: UserWarning: Exited at iteration 50 with accuracies 
[8.41727648e-07]
not reaching the requested tolerance 1e-09.
Use iteration 46 instead with accuracy 
5.821326404741808e-07.

  values, vectors = lobpcg(projected_hamiltonian, guess, largest=False,
/home/erosanow_hpc/informed_swapping/BARK.py:163: UserWarning: Exited postprocessing with accuracies 
[5.82132647e-07]
not reaching the requested tolerance 1e-09.
  values, vectors = lobpcg(projected_hamiltonian, guess, largest=False,
/home/erosanow_hpc/informed_swapping/BARK.py:163: UserWarning: Exited at iteration 50 with accuracies 
[4.17800463e-05]
not reaching the requested tolerance 1e-09.
Use iteration 47 instead with accuracy 
2.4681498254537136e-05.

  values, vectors = lobpcg(projected_hamiltonian, guess, largest=False,
/home/erosanow_hpc/informed_swapping/BARK.py:163: UserWarning: Exited postprocessing with accuracies 
[2.46814983e-05]
not reaching the requested tolerance 1e-09.
  values, vectors = lobpcg(projected_hamiltonian, guess, largest=False,
/home/erosanow_hpc/informed_swapping/BARK.py:163: UserWarning: Exited at iteration 50 with accuracies 
[1.04391393e-07]
not reaching the requested tolerance 1e-09.
Use iteration 51 instead with accuracy 
1.043913934954003e-07.

  values, vectors = lobpcg(projected_hamiltonian, guess, largest=False,
/home/erosanow_hpc/informed_swapping/BARK.py:163: UserWarning: Exited postprocessing with accuracies 
[1.04391384e-07]
not reaching the requested tolerance 1e-09.
  values, vectors = lobpcg(projected_hamiltonian, guess, largest=False,
/home/erosanow_hpc/informed_swapping/BARK.py:163: UserWarning: Exited at iteration 50 with accuracies 
[4.67919845e-06]
not reaching the requested tolerance 1e-09.
Use iteration 50 instead with accuracy 
4.178843138304631e-06.

  values, vectors = lobpcg(projected_hamiltonian, guess, largest=False,
/home/erosanow_hpc/informed_swapping/BARK.py:163: UserWarning: Exited postprocessing with accuracies 
[4.17884314e-06]
not reaching the requested tolerance 1e-09.
  values, vectors = lobpcg(projected_hamiltonian, guess, largest=False,
/home/erosanow_hpc/informed_swapping/BARK.py:163: UserWarning: Exited at iteration 50 with accuracies 
[5.34334121e-09]
not reaching the requested tolerance 1e-09.
Use iteration 9 instead with accuracy 
3.1342362952036224e-09.

  values, vectors = lobpcg(projected_hamiltonian, guess, largest=False,
/home/erosanow_hpc/informed_swapping/BARK.py:163: UserWarning: Exited postprocessing with accuracies 
[3.13423626e-09]
not reaching the requested tolerance 1e-09.
  values, vectors = lobpcg(projected_hamiltonian, guess, largest=False,
/home/erosanow_hpc/informed_swapping/BARK.py:163: UserWarning: Exited at iteration 50 with accuracies 
[9.43642593e-09]
not reaching the requested tolerance 1e-09.
Use iteration 8 instead with accuracy 
3.0404621398461834e-09.

  values, vectors = lobpcg(projected_hamiltonian, guess, largest=False,
/home/erosanow_hpc/informed_swapping/BARK.py:163: UserWarning: Exited postprocessing with accuracies 
[3.04046214e-09]
not reaching the requested tolerance 1e-09.
  values, vectors = lobpcg(projected_hamiltonian, guess, largest=False,
/home/erosanow_hpc/informed_swapping/BARK.py:163: UserWarning: Exited at iteration 50 with accuracies 
[7.70433294e-09]
not reaching the requested tolerance 1e-09.
Use iteration 8 instead with accuracy 
3.2420842320318605e-09.

  values, vectors = lobpcg(projected_hamiltonian, guess, largest=False,
/home/erosanow_hpc/informed_swapping/BARK.py:163: UserWarning: Exited postprocessing with accuracies 
[3.24208423e-09]
not reaching the requested tolerance 1e-09.
  values, vectors = lobpcg(projected_hamiltonian, guess, largest=False,
/home/erosanow_hpc/informed_swapping/BARK.py:163: UserWarning: Exited at iteration 50 with accuracies 
[4.44635448e-09]
not reaching the requested tolerance 1e-09.
Use iteration 8 instead with accuracy 
2.9831612583448733e-09.

  values, vectors = lobpcg(projected_hamiltonian, guess, largest=False,
/home/erosanow_hpc/informed_swapping/BARK.py:163: UserWarning: Exited postprocessing with accuracies 
[2.98316102e-09]
not reaching the requested tolerance 1e-09.
  values, vectors = lobpcg(projected_hamiltonian, guess, largest=False,
/home/erosanow_hpc/informed_swapping/BARK.py:163: UserWarning: Exited at iteration 50 with accuracies 
[3.78952231e-09]
not reaching the requested tolerance 1e-09.
Use iteration 9 instead with accuracy 
3.1433833615212447e-09.

  values, vectors = lobpcg(projected_hamiltonian, guess, largest=False,
/home/erosanow_hpc/informed_swapping/BARK.py:163: UserWarning: Exited postprocessing with accuracies 
[3.14338336e-09]
not reaching the requested tolerance 1e-09.
  values, vectors = lobpcg(projected_hamiltonian, guess, largest=False,
/home/erosanow_hpc/informed_swapping/BARK.py:163: UserWarning: Exited at iteration 50 with accuracies 
[3.13800999e-08]
not reaching the requested tolerance 1e-09.
Use iteration 9 instead with accuracy 
3.1516415818725894e-09.

  values, vectors = lobpcg(projected_hamiltonian, guess, largest=False,
/home/erosanow_hpc/informed_swapping/BARK.py:163: UserWarning: Exited postprocessing with accuracies 
[3.15164159e-09]
not reaching the requested tolerance 1e-09.
  values, vectors = lobpcg(projected_hamiltonian, guess, largest=False,
/home/erosanow_hpc/informed_swapping/BARK.py:163: UserWarning: Exited at iteration 50 with accuracies 
[3.70860667e-09]
not reaching the requested tolerance 1e-09.
Use iteration 8 instead with accuracy 
3.52760820172481e-09.

  values, vectors = lobpcg(projected_hamiltonian, guess, largest=False,
/home/erosanow_hpc/informed_swapping/BARK.py:163: UserWarning: Exited postprocessing with accuracies 
[3.5276082e-09]
not reaching the requested tolerance 1e-09.
  values, vectors = lobpcg(projected_hamiltonian, guess, largest=False,
/home/erosanow_hpc/informed_swapping/BARK.py:163: UserWarning: Exited at iteration 50 with accuracies 
[3.36041393e-09]
not reaching the requested tolerance 1e-09.
Use iteration 51 instead with accuracy 
3.3604139310063135e-09.

  values, vectors = lobpcg(projected_hamiltonian, guess, largest=False,
/home/erosanow_hpc/informed_swapping/BARK.py:163: UserWarning: Exited postprocessing with accuracies 
[3.36041412e-09]
not reaching the requested tolerance 1e-09.
  values, vectors = lobpcg(projected_hamiltonian, guess, largest=False,
/home/erosanow_hpc/informed_swapping/BARK.py:163: UserWarning: Exited at iteration 50 with accuracies 
[9.97788523e-09]
not reaching the requested tolerance 1e-09.
Use iteration 9 instead with accuracy 
8.984292098732663e-09.

  values, vectors = lobpcg(projected_hamiltonian, guess, largest=False,
/home/erosanow_hpc/informed_swapping/BARK.py:163: UserWarning: Exited postprocessing with accuracies 
[8.9842921e-09]
not reaching the requested tolerance 1e-09.
  values, vectors = lobpcg(projected_hamiltonian, guess, largest=False,
/home/erosanow_hpc/informed_swapping/BARK.py:163: UserWarning: Exited at iteration 50 with accuracies 
[6.62432837e-09]
not reaching the requested tolerance 1e-09.
Use iteration 51 instead with accuracy 
6.62432836528255e-09.

  values, vectors = lobpcg(projected_hamiltonian, guess, largest=False,
/home/erosanow_hpc/informed_swapping/BARK.py:163: UserWarning: Exited postprocessing with accuracies 
[6.62432889e-09]
not reaching the requested tolerance 1e-09.
  values, vectors = lobpcg(projected_hamiltonian, guess, largest=False,
/home/erosanow_hpc/informed_swapping/BARK.py:163: UserWarning: Exited at iteration 50 with accuracies 
[5.34333926e-09]
not reaching the requested tolerance 1e-09.
Use iteration 9 instead with accuracy 
3.1342362704085472e-09.

  values, vectors = lobpcg(projected_hamiltonian, guess, largest=False,
/home/erosanow_hpc/informed_swapping/BARK.py:163: UserWarning: Exited postprocessing with accuracies 
[3.13423627e-09]
not reaching the requested tolerance 1e-09.
  values, vectors = lobpcg(projected_hamiltonian, guess, largest=False,
/home/erosanow_hpc/informed_swapping/BARK.py:163: UserWarning: Exited at iteration 50 with accuracies 
[9.43642473e-09]
not reaching the requested tolerance 1e-09.
Use iteration 8 instead with accuracy 
3.040462154271389e-09.

  values, vectors = lobpcg(projected_hamiltonian, guess, largest=False,
/home/erosanow_hpc/informed_swapping/BARK.py:163: UserWarning: Exited postprocessing with accuracies 
[3.04046215e-09]
not reaching the requested tolerance 1e-09.
  values, vectors = lobpcg(projected_hamiltonian, guess, largest=False,
/home/erosanow_hpc/informed_swapping/BARK.py:163: UserWarning: Exited at iteration 50 with accuracies 
[7.7036646e-09]
not reaching the requested tolerance 1e-09.
Use iteration 8 instead with accuracy 
3.2420842591934923e-09.

  values, vectors = lobpcg(projected_hamiltonian, guess, largest=False,
/home/erosanow_hpc/informed_swapping/BARK.py:163: UserWarning: Exited postprocessing with accuracies 
[3.24208424e-09]
not reaching the requested tolerance 1e-09.
  values, vectors = lobpcg(projected_hamiltonian, guess, largest=False,
/home/erosanow_hpc/informed_swapping/BARK.py:163: UserWarning: Exited at iteration 50 with accuracies 
[4.44634729e-09]
not reaching the requested tolerance 1e-09.
Use iteration 8 instead with accuracy 
2.983161304852944e-09.

  values, vectors = lobpcg(projected_hamiltonian, guess, largest=False,
/home/erosanow_hpc/informed_swapping/BARK.py:163: UserWarning: Exited postprocessing with accuracies 
[2.98316134e-09]
not reaching the requested tolerance 1e-09.
  values, vectors = lobpcg(projected_hamiltonian, guess, largest=False,
/home/erosanow_hpc/informed_swapping/BARK.py:163: UserWarning: Exited at iteration 50 with accuracies 
[3.7895266e-09]
not reaching the requested tolerance 1e-09.
Use iteration 9 instead with accuracy 
3.1433833645255316e-09.

  values, vectors = lobpcg(projected_hamiltonian, guess, largest=False,
/home/erosanow_hpc/informed_swapping/BARK.py:163: UserWarning: Exited postprocessing with accuracies 
[3.14338337e-09]
not reaching the requested tolerance 1e-09.
  values, vectors = lobpcg(projected_hamiltonian, guess, largest=False,
/home/erosanow_hpc/informed_swapping/BARK.py:163: UserWarning: Exited at iteration 50 with accuracies 
[3.13793707e-08]
not reaching the requested tolerance 1e-09.
Use iteration 9 instead with accuracy 
3.1516415864695025e-09.

  values, vectors = lobpcg(projected_hamiltonian, guess, largest=False,
/home/erosanow_hpc/informed_swapping/BARK.py:163: UserWarning: Exited postprocessing with accuracies 
[3.15164158e-09]
not reaching the requested tolerance 1e-09.
  values, vectors = lobpcg(projected_hamiltonian, guess, largest=False,
/home/erosanow_hpc/informed_swapping/BARK.py:163: UserWarning: Exited at iteration 50 with accuracies 
[3.70860603e-09]
not reaching the requested tolerance 1e-09.
Use iteration 8 instead with accuracy 
3.527608201316559e-09.

  values, vectors = lobpcg(projected_hamiltonian, guess, largest=False,
/home/erosanow_hpc/informed_swapping/BARK.py:163: UserWarning: Exited at iteration 50 with accuracies 
[3.36041547e-09]
not reaching the requested tolerance 1e-09.
Use iteration 51 instead with accuracy 
3.3604154678938494e-09.

  values, vectors = lobpcg(projected_hamiltonian, guess, largest=False,
/home/erosanow_hpc/informed_swapping/BARK.py:163: UserWarning: Exited postprocessing with accuracies 
[3.36041517e-09]
not reaching the requested tolerance 1e-09.
  values, vectors = lobpcg(projected_hamiltonian, guess, largest=False,
/home/erosanow_hpc/informed_swapping/BARK.py:163: UserWarning: Exited at iteration 50 with accuracies 
[1.25390521e-08]
not reaching the requested tolerance 1e-09.
Use iteration 9 instead with accuracy 
7.771080442187761e-09.

  values, vectors = lobpcg(projected_hamiltonian, guess, largest=False,
/home/erosanow_hpc/informed_swapping/BARK.py:163: UserWarning: Exited postprocessing with accuracies 
[7.77108043e-09]
not reaching the requested tolerance 1e-09.
  values, vectors = lobpcg(projected_hamiltonian, guess, largest=False,
/home/erosanow_hpc/informed_swapping/BARK.py:163: UserWarning: Exited at iteration 50 with accuracies 
[4.69375984e-09]
not reaching the requested tolerance 1e-09.
Use iteration 51 instead with accuracy 
4.693759841078247e-09.

  values, vectors = lobpcg(projected_hamiltonian, guess, largest=False,
/home/erosanow_hpc/informed_swapping/BARK.py:163: UserWarning: Exited postprocessing with accuracies 
[4.69376021e-09]
not reaching the requested tolerance 1e-09.
  values, vectors = lobpcg(projected_hamiltonian, guess, largest=False,
/home/erosanow_hpc/informed_swapping/BARK.py:163: UserWarning: Exited at iteration 50 with accuracies 
[0.00011611]
not reaching the requested tolerance 1e-09.
Use iteration 6 instead with accuracy 
4.975255489416154e-06.

  values, vectors = lobpcg(projected_hamiltonian, guess, largest=False,
/home/erosanow_hpc/informed_swapping/BARK.py:163: UserWarning: Exited postprocessing with accuracies 
[4.97525549e-06]
not reaching the requested tolerance 1e-09.
  values, vectors = lobpcg(projected_hamiltonian, guess, largest=False,
/home/erosanow_hpc/informed_swapping/BARK.py:163: UserWarning: Exited at iteration 50 with accuracies 
[0.00097294]
not reaching the requested tolerance 1e-09.
Use iteration 7 instead with accuracy 
3.928352214261394e-06.

  values, vectors = lobpcg(projected_hamiltonian, guess, largest=False,
/home/erosanow_hpc/informed_swapping/BARK.py:163: UserWarning: Exited postprocessing with accuracies 
[3.92835221e-06]
not reaching the requested tolerance 1e-09.
  values, vectors = lobpcg(projected_hamiltonian, guess, largest=False,
/home/erosanow_hpc/informed_swapping/BARK.py:163: UserWarning: Exited at iteration 50 with accuracies 
[0.08936558]
not reaching the requested tolerance 1e-09.
Use iteration 5 instead with accuracy 
3.5611504063370714e-06.

  values, vectors = lobpcg(projected_hamiltonian, guess, largest=False,
/home/erosanow_hpc/informed_swapping/BARK.py:163: UserWarning: Exited postprocessing with accuracies 
[3.56115041e-06]
not reaching the requested tolerance 1e-09.
  values, vectors = lobpcg(projected_hamiltonian, guess, largest=False,
/home/erosanow_hpc/informed_swapping/BARK.py:163: UserWarning: Exited at iteration 50 with accuracies 
[9.87413616e-05]
not reaching the requested tolerance 1e-09.
Use iteration 4 instead with accuracy 
3.512362997703093e-06.

  values, vectors = lobpcg(projected_hamiltonian, guess, largest=False,
/home/erosanow_hpc/informed_swapping/BARK.py:163: UserWarning: Exited postprocessing with accuracies 
[3.512363e-06]
not reaching the requested tolerance 1e-09.
  values, vectors = lobpcg(projected_hamiltonian, guess, largest=False,
/home/erosanow_hpc/informed_swapping/BARK.py:163: UserWarning: Exited at iteration 50 with accuracies 
[6.90501397e-05]
not reaching the requested tolerance 1e-09.
Use iteration 4 instead with accuracy 
3.6121357454698827e-06.

  values, vectors = lobpcg(projected_hamiltonian, guess, largest=False,
/home/erosanow_hpc/informed_swapping/BARK.py:163: UserWarning: Exited postprocessing with accuracies 
[3.61213575e-06]
not reaching the requested tolerance 1e-09.
  values, vectors = lobpcg(projected_hamiltonian, guess, largest=False,
/home/erosanow_hpc/informed_swapping/BARK.py:163: UserWarning: Exited at iteration 50 with accuracies 
[8.61259852e-05]
not reaching the requested tolerance 1e-09.
Use iteration 6 instead with accuracy 
3.1106423634272586e-06.

  values, vectors = lobpcg(projected_hamiltonian, guess, largest=False,
/home/erosanow_hpc/informed_swapping/BARK.py:163: UserWarning: Exited postprocessing with accuracies 
[3.11064236e-06]
not reaching the requested tolerance 1e-09.
  values, vectors = lobpcg(projected_hamiltonian, guess, largest=False,
/home/erosanow_hpc/informed_swapping/BARK.py:163: UserWarning: Exited at iteration 50 with accuracies 
[8.38875591e-05]
not reaching the requested tolerance 1e-09.
Use iteration 7 instead with accuracy 
3.438725716803119e-06.

  values, vectors = lobpcg(projected_hamiltonian, guess, largest=False,
/home/erosanow_hpc/informed_swapping/BARK.py:163: UserWarning: Exited postprocessing with accuracies 
[3.43872572e-06]
not reaching the requested tolerance 1e-09.
  values, vectors = lobpcg(projected_hamiltonian, guess, largest=False,
/home/erosanow_hpc/informed_swapping/BARK.py:163: UserWarning: Exited at iteration 50 with accuracies 
[0.00014139]
not reaching the requested tolerance 1e-09.
Use iteration 6 instead with accuracy 
3.6895243653642193e-06.

  values, vectors = lobpcg(projected_hamiltonian, guess, largest=False,
/home/erosanow_hpc/informed_swapping/BARK.py:163: UserWarning: Exited postprocessing with accuracies 
[3.68952437e-06]
not reaching the requested tolerance 1e-09.
  values, vectors = lobpcg(projected_hamiltonian, guess, largest=False,
/home/erosanow_hpc/informed_swapping/BARK.py:163: UserWarning: Exited at iteration 50 with accuracies 
[4.15830036e-05]
not reaching the requested tolerance 1e-09.
Use iteration 5 instead with accuracy 
4.207747977122753e-06.

  values, vectors = lobpcg(projected_hamiltonian, guess, largest=False,
/home/erosanow_hpc/informed_swapping/BARK.py:163: UserWarning: Exited postprocessing with accuracies 
[4.20774798e-06]
not reaching the requested tolerance 1e-09.
  values, vectors = lobpcg(projected_hamiltonian, guess, largest=False,
/home/erosanow_hpc/informed_swapping/BARK.py:163: UserWarning: Exited at iteration 50 with accuracies 
[0.00023292]
not reaching the requested tolerance 1e-09.
Use iteration 6 instead with accuracy 
3.5693153826135237e-06.

  values, vectors = lobpcg(projected_hamiltonian, guess, largest=False,
/home/erosanow_hpc/informed_swapping/BARK.py:163: UserWarning: Exited postprocessing with accuracies 
[3.56931538e-06]
not reaching the requested tolerance 1e-09.
  values, vectors = lobpcg(projected_hamiltonian, guess, largest=False,
/home/erosanow_hpc/informed_swapping/BARK.py:163: UserWarning: Exited at iteration 50 with accuracies 
[0.00027635]
not reaching the requested tolerance 1e-09.
Use iteration 6 instead with accuracy 
4.022988118187078e-06.

  values, vectors = lobpcg(projected_hamiltonian, guess, largest=False,
/home/erosanow_hpc/informed_swapping/BARK.py:163: UserWarning: Exited postprocessing with accuracies 
[4.02298812e-06]
not reaching the requested tolerance 1e-09.
  values, vectors = lobpcg(projected_hamiltonian, guess, largest=False,
/home/erosanow_hpc/informed_swapping/BARK.py:163: UserWarning: Exited at iteration 50 with accuracies 
[0.00044241]
not reaching the requested tolerance 1e-09.
Use iteration 4 instead with accuracy 
4.073667033658164e-06.

  values, vectors = lobpcg(projected_hamiltonian, guess, largest=False,
/home/erosanow_hpc/informed_swapping/BARK.py:163: UserWarning: Exited postprocessing with accuracies 
[4.07366703e-06]
not reaching the requested tolerance 1e-09.
  values, vectors = lobpcg(projected_hamiltonian, guess, largest=False,
/home/erosanow_hpc/informed_swapping/BARK.py:163: UserWarning: Exited at iteration 50 with accuracies 
[0.00012305]
not reaching the requested tolerance 1e-09.
Use iteration 5 instead with accuracy 
4.180507328355743e-06.

  values, vectors = lobpcg(projected_hamiltonian, guess, largest=False,
/home/erosanow_hpc/informed_swapping/BARK.py:163: UserWarning: Exited postprocessing with accuracies 
[4.18050733e-06]
not reaching the requested tolerance 1e-09.
  values, vectors = lobpcg(projected_hamiltonian, guess, largest=False,
/home/erosanow_hpc/informed_swapping/BARK.py:163: UserWarning: Exited at iteration 50 with accuracies 
[0.00069389]
not reaching the requested tolerance 1e-09.
Use iteration 7 instead with accuracy 
4.027760976026422e-06.

  values, vectors = lobpcg(projected_hamiltonian, guess, largest=False,
/home/erosanow_hpc/informed_swapping/BARK.py:163: UserWarning: Exited postprocessing with accuracies 
[4.02776098e-06]
not reaching the requested tolerance 1e-09.
  values, vectors = lobpcg(projected_hamiltonian, guess, largest=False,
/home/erosanow_hpc/informed_swapping/BARK.py:163: UserWarning: Exited at iteration 50 with accuracies 
[0.00069023]
not reaching the requested tolerance 1e-09.
Use iteration 5 instead with accuracy 
3.3201585474356554e-06.

  values, vectors = lobpcg(projected_hamiltonian, guess, largest=False,
/home/erosanow_hpc/informed_swapping/BARK.py:163: UserWarning: Exited postprocessing with accuracies 
[3.32015855e-06]
not reaching the requested tolerance 1e-09.
  values, vectors = lobpcg(projected_hamiltonian, guess, largest=False,
/home/erosanow_hpc/informed_swapping/BARK.py:163: UserWarning: Exited at iteration 50 with accuracies 
[0.00014701]
not reaching the requested tolerance 1e-09.
Use iteration 7 instead with accuracy 
3.9499616290950616e-06.

  values, vectors = lobpcg(projected_hamiltonian, guess, largest=False,
/home/erosanow_hpc/informed_swapping/BARK.py:163: UserWarning: Exited postprocessing with accuracies 
[3.94996163e-06]
not reaching the requested tolerance 1e-09.
  values, vectors = lobpcg(projected_hamiltonian, guess, largest=False,
/home/erosanow_hpc/informed_swapping/BARK.py:163: UserWarning: Exited at iteration 50 with accuracies 
[0.00056167]
not reaching the requested tolerance 1e-09.
Use iteration 7 instead with accuracy 
4.703385648547664e-06.

  values, vectors = lobpcg(projected_hamiltonian, guess, largest=False,
/home/erosanow_hpc/informed_swapping/BARK.py:163: UserWarning: Exited postprocessing with accuracies 
[4.70338565e-06]
not reaching the requested tolerance 1e-09.
  values, vectors = lobpcg(projected_hamiltonian, guess, largest=False,
/home/erosanow_hpc/informed_swapping/BARK.py:163: UserWarning: Exited at iteration 50 with accuracies 
[0.00166703]
not reaching the requested tolerance 1e-09.
Use iteration 6 instead with accuracy 
4.334453587794032e-06.

  values, vectors = lobpcg(projected_hamiltonian, guess, largest=False,
/home/erosanow_hpc/informed_swapping/BARK.py:163: UserWarning: Exited postprocessing with accuracies 
[4.33445359e-06]
not reaching the requested tolerance 1e-09.
  values, vectors = lobpcg(projected_hamiltonian, guess, largest=False,
/home/erosanow_hpc/informed_swapping/BARK.py:163: UserWarning: Exited at iteration 50 with accuracies 
[5.34333515e-09]
not reaching the requested tolerance 1e-09.
Use iteration 9 instead with accuracy 
3.1342362671616367e-09.

  values, vectors = lobpcg(projected_hamiltonian, guess, largest=False,
/home/erosanow_hpc/informed_swapping/BARK.py:163: UserWarning: Exited at iteration 50 with accuracies 
[9.43642514e-09]
not reaching the requested tolerance 1e-09.
Use iteration 8 instead with accuracy 
3.0404621608143293e-09.

  values, vectors = lobpcg(projected_hamiltonian, guess, largest=False,
/home/erosanow_hpc/informed_swapping/BARK.py:163: UserWarning: Exited postprocessing with accuracies 
[3.04046218e-09]
not reaching the requested tolerance 1e-09.
  values, vectors = lobpcg(projected_hamiltonian, guess, largest=False,
/home/erosanow_hpc/informed_swapping/BARK.py:163: UserWarning: Exited at iteration 50 with accuracies 
[7.7037221e-09]
not reaching the requested tolerance 1e-09.
Use iteration 8 instead with accuracy 
3.2420842381285613e-09.

  values, vectors = lobpcg(projected_hamiltonian, guess, largest=False,
/home/erosanow_hpc/informed_swapping/BARK.py:163: UserWarning: Exited at iteration 50 with accuracies 
[4.44636767e-09]
not reaching the requested tolerance 1e-09.
Use iteration 8 instead with accuracy 
2.9831613589188225e-09.

  values, vectors = lobpcg(projected_hamiltonian, guess, largest=False,
/home/erosanow_hpc/informed_swapping/BARK.py:163: UserWarning: Exited at iteration 50 with accuracies 
[3.78952315e-09]
not reaching the requested tolerance 1e-09.
Use iteration 9 instead with accuracy 
3.1433833756040985e-09.

  values, vectors = lobpcg(projected_hamiltonian, guess, largest=False,
/home/erosanow_hpc/informed_swapping/BARK.py:163: UserWarning: Exited postprocessing with accuracies 
[3.14338339e-09]
not reaching the requested tolerance 1e-09.
  values, vectors = lobpcg(projected_hamiltonian, guess, largest=False,
/home/erosanow_hpc/informed_swapping/BARK.py:163: UserWarning: Exited at iteration 50 with accuracies 
[3.13811852e-08]
not reaching the requested tolerance 1e-09.
Use iteration 9 instead with accuracy 
3.151641585735006e-09.

  values, vectors = lobpcg(projected_hamiltonian, guess, largest=False,
/home/erosanow_hpc/informed_swapping/BARK.py:163: UserWarning: Exited postprocessing with accuracies 
[3.1516416e-09]
not reaching the requested tolerance 1e-09.
  values, vectors = lobpcg(projected_hamiltonian, guess, largest=False,
/home/erosanow_hpc/informed_swapping/BARK.py:163: UserWarning: Exited at iteration 50 with accuracies 
[3.70859437e-09]
not reaching the requested tolerance 1e-09.
Use iteration 8 instead with accuracy 
3.527608213632176e-09.

  values, vectors = lobpcg(projected_hamiltonian, guess, largest=False,
/home/erosanow_hpc/informed_swapping/BARK.py:163: UserWarning: Exited postprocessing with accuracies 
[3.52760821e-09]
not reaching the requested tolerance 1e-09.
  values, vectors = lobpcg(projected_hamiltonian, guess, largest=False,
/home/erosanow_hpc/informed_swapping/BARK.py:163: UserWarning: Exited at iteration 50 with accuracies 
[3.36040803e-09]
not reaching the requested tolerance 1e-09.
Use iteration 51 instead with accuracy 
3.360408026545973e-09.

  values, vectors = lobpcg(projected_hamiltonian, guess, largest=False,
/home/erosanow_hpc/informed_swapping/BARK.py:163: UserWarning: Exited postprocessing with accuracies 
[3.36040834e-09]
not reaching the requested tolerance 1e-09.
  values, vectors = lobpcg(projected_hamiltonian, guess, largest=False,
/home/erosanow_hpc/informed_swapping/BARK.py:163: UserWarning: Exited at iteration 50 with accuracies 
[9.97719929e-09]
not reaching the requested tolerance 1e-09.
Use iteration 9 instead with accuracy 
8.984292116385297e-09.

  values, vectors = lobpcg(projected_hamiltonian, guess, largest=False,
/home/erosanow_hpc/informed_swapping/BARK.py:163: UserWarning: Exited postprocessing with accuracies 
[8.98429212e-09]
not reaching the requested tolerance 1e-09.
  values, vectors = lobpcg(projected_hamiltonian, guess, largest=False,
/home/erosanow_hpc/informed_swapping/BARK.py:163: UserWarning: Exited at iteration 50 with accuracies 
[6.62433129e-09]
not reaching the requested tolerance 1e-09.
Use iteration 51 instead with accuracy 
6.624331287846165e-09.

  values, vectors = lobpcg(projected_hamiltonian, guess, largest=False,
/home/erosanow_hpc/informed_swapping/BARK.py:163: UserWarning: Exited postprocessing with accuracies 
[6.62433172e-09]
not reaching the requested tolerance 1e-09.
  values, vectors = lobpcg(projected_hamiltonian, guess, largest=False,
/home/erosanow_hpc/informed_swapping/BARK.py:163: UserWarning: Exited at iteration 50 with accuracies 
[2.83495689e-09]
not reaching the requested tolerance 1e-09.
Use iteration 51 instead with accuracy 
2.834956894399756e-09.

  values, vectors = lobpcg(projected_hamiltonian, guess, largest=False,
/home/erosanow_hpc/informed_swapping/BARK.py:163: UserWarning: Exited postprocessing with accuracies 
[2.83495752e-09]
not reaching the requested tolerance 1e-09.
  values, vectors = lobpcg(projected_hamiltonian, guess, largest=False,
/home/erosanow_hpc/informed_swapping/BARK.py:163: UserWarning: Exited at iteration 50 with accuracies 
[1.23120388e-08]
not reaching the requested tolerance 1e-09.
Use iteration 9 instead with accuracy 
7.647228963627926e-09.

  values, vectors = lobpcg(projected_hamiltonian, guess, largest=False,
/home/erosanow_hpc/informed_swapping/BARK.py:163: UserWarning: Exited postprocessing with accuracies 
[7.64722894e-09]
not reaching the requested tolerance 1e-09.
  values, vectors = lobpcg(projected_hamiltonian, guess, largest=False,
/home/erosanow_hpc/informed_swapping/BARK.py:163: UserWarning: Exited at iteration 50 with accuracies 
[4.53039201e-09]
not reaching the requested tolerance 1e-09.
Use iteration 51 instead with accuracy 
4.530392011884283e-09.

  values, vectors = lobpcg(projected_hamiltonian, guess, largest=False,
/home/erosanow_hpc/informed_swapping/BARK.py:163: UserWarning: Exited postprocessing with accuracies 
[4.53039266e-09]
not reaching the requested tolerance 1e-09.
  values, vectors = lobpcg(projected_hamiltonian, guess, largest=False,
/home/erosanow_hpc/informed_swapping/BARK.py:163: UserWarning: Exited at iteration 50 with accuracies 
[5.34334008e-09]
not reaching the requested tolerance 1e-09.
Use iteration 9 instead with accuracy 
3.1342362645395867e-09.

  values, vectors = lobpcg(projected_hamiltonian, guess, largest=False,
/home/erosanow_hpc/informed_swapping/BARK.py:163: UserWarning: Exited postprocessing with accuracies 
[3.13423625e-09]
not reaching the requested tolerance 1e-09.
  values, vectors = lobpcg(projected_hamiltonian, guess, largest=False,
/home/erosanow_hpc/informed_swapping/BARK.py:163: UserWarning: Exited at iteration 50 with accuracies 
[9.4364266e-09]
not reaching the requested tolerance 1e-09.
Use iteration 8 instead with accuracy 
3.040462132654355e-09.

  values, vectors = lobpcg(projected_hamiltonian, guess, largest=False,
/home/erosanow_hpc/informed_swapping/BARK.py:163: UserWarning: Exited postprocessing with accuracies 
[3.04046213e-09]
not reaching the requested tolerance 1e-09.
  values, vectors = lobpcg(projected_hamiltonian, guess, largest=False,
/home/erosanow_hpc/informed_swapping/BARK.py:163: UserWarning: Exited at iteration 50 with accuracies 
[7.70426746e-09]
not reaching the requested tolerance 1e-09.
Use iteration 8 instead with accuracy 
3.242084213960182e-09.

  values, vectors = lobpcg(projected_hamiltonian, guess, largest=False,
/home/erosanow_hpc/informed_swapping/BARK.py:163: UserWarning: Exited postprocessing with accuracies 
[3.24208421e-09]
not reaching the requested tolerance 1e-09.
  values, vectors = lobpcg(projected_hamiltonian, guess, largest=False,
/home/erosanow_hpc/informed_swapping/BARK.py:163: UserWarning: Exited at iteration 50 with accuracies 
[4.44634146e-09]
not reaching the requested tolerance 1e-09.
Use iteration 8 instead with accuracy 
2.9831613564892103e-09.

  values, vectors = lobpcg(projected_hamiltonian, guess, largest=False,
/home/erosanow_hpc/informed_swapping/BARK.py:163: UserWarning: Exited postprocessing with accuracies 
[2.9831611e-09]
not reaching the requested tolerance 1e-09.
  values, vectors = lobpcg(projected_hamiltonian, guess, largest=False,
/home/erosanow_hpc/informed_swapping/BARK.py:163: UserWarning: Exited at iteration 50 with accuracies 
[3.78952202e-09]
not reaching the requested tolerance 1e-09.
Use iteration 9 instead with accuracy 
3.14338335105062e-09.

  values, vectors = lobpcg(projected_hamiltonian, guess, largest=False,
/home/erosanow_hpc/informed_swapping/BARK.py:163: UserWarning: Exited postprocessing with accuracies 
[3.14338335e-09]
not reaching the requested tolerance 1e-09.
  values, vectors = lobpcg(projected_hamiltonian, guess, largest=False,
/home/erosanow_hpc/informed_swapping/BARK.py:163: UserWarning: Exited at iteration 50 with accuracies 
[3.13795277e-08]
not reaching the requested tolerance 1e-09.
Use iteration 9 instead with accuracy 
3.1516415750973995e-09.

  values, vectors = lobpcg(projected_hamiltonian, guess, largest=False,
/home/erosanow_hpc/informed_swapping/BARK.py:163: UserWarning: Exited at iteration 50 with accuracies 
[3.70859912e-09]
not reaching the requested tolerance 1e-09.
Use iteration 8 instead with accuracy 
3.527608192268982e-09.

  values, vectors = lobpcg(projected_hamiltonian, guess, largest=False,
/home/erosanow_hpc/informed_swapping/BARK.py:163: UserWarning: Exited postprocessing with accuracies 
[3.52760819e-09]
not reaching the requested tolerance 1e-09.
  values, vectors = lobpcg(projected_hamiltonian, guess, largest=False,
/home/erosanow_hpc/informed_swapping/BARK.py:163: UserWarning: Exited at iteration 50 with accuracies 
[3.36041994e-09]
not reaching the requested tolerance 1e-09.
Use iteration 51 instead with accuracy 
3.360419935422083e-09.

  values, vectors = lobpcg(projected_hamiltonian, guess, largest=False,
/home/erosanow_hpc/informed_swapping/BARK.py:163: UserWarning: Exited postprocessing with accuracies 
[3.36042067e-09]
not reaching the requested tolerance 1e-09.
  values, vectors = lobpcg(projected_hamiltonian, guess, largest=False,
/home/erosanow_hpc/informed_swapping/BARK.py:163: UserWarning: Exited at iteration 50 with accuracies 
[9.97769892e-09]
not reaching the requested tolerance 1e-09.
Use iteration 9 instead with accuracy 
8.984291695680127e-09.

  values, vectors = lobpcg(projected_hamiltonian, guess, largest=False,
/home/erosanow_hpc/informed_swapping/BARK.py:163: UserWarning: Exited postprocessing with accuracies 
[8.98429169e-09]
not reaching the requested tolerance 1e-09.
  values, vectors = lobpcg(projected_hamiltonian, guess, largest=False,
/home/erosanow_hpc/informed_swapping/BARK.py:163: UserWarning: Exited at iteration 50 with accuracies 
[6.62433017e-09]
not reaching the requested tolerance 1e-09.
Use iteration 51 instead with accuracy 
6.624330167446439e-09.

  values, vectors = lobpcg(projected_hamiltonian, guess, largest=False,
/home/erosanow_hpc/informed_swapping/BARK.py:163: UserWarning: Exited postprocessing with accuracies 
[6.62432953e-09]
not reaching the requested tolerance 1e-09.
  values, vectors = lobpcg(projected_hamiltonian, guess, largest=False,
/home/erosanow_hpc/informed_swapping/BARK.py:163: UserWarning: Exited at iteration 50 with accuracies 
[5.3433411e-09]
not reaching the requested tolerance 1e-09.
Use iteration 9 instead with accuracy 
3.134236263444604e-09.

  values, vectors = lobpcg(projected_hamiltonian, guess, largest=False,
/home/erosanow_hpc/informed_swapping/BARK.py:163: UserWarning: Exited at iteration 50 with accuracies 
[9.43642838e-09]
not reaching the requested tolerance 1e-09.
Use iteration 8 instead with accuracy 
3.0404621304512012e-09.

  values, vectors = lobpcg(projected_hamiltonian, guess, largest=False,
/home/erosanow_hpc/informed_swapping/BARK.py:163: UserWarning: Exited at iteration 50 with accuracies 
[7.70376051e-09]
not reaching the requested tolerance 1e-09.
Use iteration 8 instead with accuracy 
3.242084200136994e-09.

  values, vectors = lobpcg(projected_hamiltonian, guess, largest=False,
/home/erosanow_hpc/informed_swapping/BARK.py:163: UserWarning: Exited postprocessing with accuracies 
[3.2420842e-09]
not reaching the requested tolerance 1e-09.
  values, vectors = lobpcg(projected_hamiltonian, guess, largest=False,
/home/erosanow_hpc/informed_swapping/BARK.py:163: UserWarning: Exited at iteration 50 with accuracies 
[4.4463483e-09]
not reaching the requested tolerance 1e-09.
Use iteration 8 instead with accuracy 
2.98316136447103e-09.

  values, vectors = lobpcg(projected_hamiltonian, guess, largest=False,
/home/erosanow_hpc/informed_swapping/BARK.py:163: UserWarning: Exited postprocessing with accuracies 
[2.98316107e-09]
not reaching the requested tolerance 1e-09.
  values, vectors = lobpcg(projected_hamiltonian, guess, largest=False,
/home/erosanow_hpc/informed_swapping/BARK.py:163: UserWarning: Exited at iteration 50 with accuracies 
[3.78952731e-09]
not reaching the requested tolerance 1e-09.
Use iteration 9 instead with accuracy 
3.1433833451077286e-09.

  values, vectors = lobpcg(projected_hamiltonian, guess, largest=False,
/home/erosanow_hpc/informed_swapping/BARK.py:163: UserWarning: Exited at iteration 50 with accuracies 
[3.13810033e-08]
not reaching the requested tolerance 1e-09.
Use iteration 9 instead with accuracy 
3.1516415745485006e-09.

  values, vectors = lobpcg(projected_hamiltonian, guess, largest=False,
/home/erosanow_hpc/informed_swapping/BARK.py:163: UserWarning: Exited postprocessing with accuracies 
[3.15164157e-09]
not reaching the requested tolerance 1e-09.
  values, vectors = lobpcg(projected_hamiltonian, guess, largest=False,
/home/erosanow_hpc/informed_swapping/BARK.py:163: UserWarning: Exited at iteration 50 with accuracies 
[3.70859884e-09]
not reaching the requested tolerance 1e-09.
Use iteration 8 instead with accuracy 
3.5276081969728182e-09.

  values, vectors = lobpcg(projected_hamiltonian, guess, largest=False,
/home/erosanow_hpc/informed_swapping/BARK.py:163: UserWarning: Exited at iteration 50 with accuracies 
[3.36041568e-09]
not reaching the requested tolerance 1e-09.
Use iteration 51 instead with accuracy 
3.3604156843063515e-09.

  values, vectors = lobpcg(projected_hamiltonian, guess, largest=False,
/home/erosanow_hpc/informed_swapping/BARK.py:163: UserWarning: Exited postprocessing with accuracies 
[3.36041588e-09]
not reaching the requested tolerance 1e-09.
  values, vectors = lobpcg(projected_hamiltonian, guess, largest=False,
/home/erosanow_hpc/informed_swapping/BARK.py:163: UserWarning: Exited at iteration 50 with accuracies 
[9.97752858e-09]
not reaching the requested tolerance 1e-09.
Use iteration 9 instead with accuracy 
8.984291499284338e-09.

  values, vectors = lobpcg(projected_hamiltonian, guess, largest=False,
/home/erosanow_hpc/informed_swapping/BARK.py:163: UserWarning: Exited postprocessing with accuracies 
[8.9842915e-09]
not reaching the requested tolerance 1e-09.
  values, vectors = lobpcg(projected_hamiltonian, guess, largest=False,
/home/erosanow_hpc/informed_swapping/BARK.py:163: UserWarning: Exited at iteration 50 with accuracies 
[6.62433011e-09]
not reaching the requested tolerance 1e-09.
Use iteration 51 instead with accuracy 
6.624330113306563e-09.

  values, vectors = lobpcg(projected_hamiltonian, guess, largest=False,
/home/erosanow_hpc/informed_swapping/BARK.py:163: UserWarning: Exited postprocessing with accuracies 
[6.62433126e-09]
not reaching the requested tolerance 1e-09.
  values, vectors = lobpcg(projected_hamiltonian, guess, largest=False,
