/home/erosanow_hpc/informed_swapping/BARK.py:156: UserWarning: Exited at iteration 50 with accuracies 
[0.00033153]
not reaching the requested tolerance 1e-09.
Use iteration 45 instead with accuracy 
6.169353330531023e-05.

  values, vectors = lobpcg(projected_hamiltonian, guess, largest=False,
/home/erosanow_hpc/informed_swapping/BARK.py:156: UserWarning: Exited postprocessing with accuracies 
[6.16935333e-05]
not reaching the requested tolerance 1e-09.
  values, vectors = lobpcg(projected_hamiltonian, guess, largest=False,
/home/erosanow_hpc/informed_swapping/BARK.py:156: UserWarning: Exited at iteration 50 with accuracies 
[0.00033153]
not reaching the requested tolerance 1e-09.
Use iteration 45 instead with accuracy 
6.169353330886204e-05.

  values, vectors = lobpcg(projected_hamiltonian, guess, largest=False,
/home/erosanow_hpc/informed_swapping/BARK.py:156: UserWarning: Exited at iteration 50 with accuracies 
[2.40914106e-09]
not reaching the requested tolerance 1e-09.
Use iteration 51 instead with accuracy 
2.4091410625472994e-09.

  values, vectors = lobpcg(projected_hamiltonian, guess, largest=False,
/home/erosanow_hpc/informed_swapping/BARK.py:156: UserWarning: Exited postprocessing with accuracies 
[2.40914106e-09]
not reaching the requested tolerance 1e-09.
  values, vectors = lobpcg(projected_hamiltonian, guess, largest=False,
/home/erosanow_hpc/informed_swapping/BARK.py:156: UserWarning: Exited at iteration 50 with accuracies 
[1.18752217e-09]
not reaching the requested tolerance 1e-09.
Use iteration 51 instead with accuracy 
1.1875221732127668e-09.

  values, vectors = lobpcg(projected_hamiltonian, guess, largest=False,
/home/erosanow_hpc/informed_swapping/BARK.py:156: UserWarning: Exited postprocessing with accuracies 
[1.18752241e-09]
not reaching the requested tolerance 1e-09.
  values, vectors = lobpcg(projected_hamiltonian, guess, largest=False,
/home/erosanow_hpc/informed_swapping/BARK.py:156: UserWarning: Exited at iteration 50 with accuracies 
[1.212509e-09]
not reaching the requested tolerance 1e-09.
Use iteration 51 instead with accuracy 
1.2125089963518635e-09.

  values, vectors = lobpcg(projected_hamiltonian, guess, largest=False,
/home/erosanow_hpc/informed_swapping/BARK.py:156: UserWarning: Exited postprocessing with accuracies 
[1.21250857e-09]
not reaching the requested tolerance 1e-09.
  values, vectors = lobpcg(projected_hamiltonian, guess, largest=False,
/home/erosanow_hpc/informed_swapping/BARK.py:156: UserWarning: Exited at iteration 50 with accuracies 
[1.21186827e-09]
not reaching the requested tolerance 1e-09.
Use iteration 51 instead with accuracy 
1.2118682738746716e-09.

  values, vectors = lobpcg(projected_hamiltonian, guess, largest=False,
/home/erosanow_hpc/informed_swapping/BARK.py:156: UserWarning: Exited postprocessing with accuracies 
[1.21186839e-09]
not reaching the requested tolerance 1e-09.
  values, vectors = lobpcg(projected_hamiltonian, guess, largest=False,
/home/erosanow_hpc/informed_swapping/BARK.py:156: UserWarning: Exited at iteration 50 with accuracies 
[1.17396146e-09]
not reaching the requested tolerance 1e-09.
Use iteration 51 instead with accuracy 
1.1739614558730907e-09.

  values, vectors = lobpcg(projected_hamiltonian, guess, largest=False,
/home/erosanow_hpc/informed_swapping/BARK.py:156: UserWarning: Exited postprocessing with accuracies 
[1.17396152e-09]
not reaching the requested tolerance 1e-09.
  values, vectors = lobpcg(projected_hamiltonian, guess, largest=False,
/home/erosanow_hpc/informed_swapping/BARK.py:156: UserWarning: Exited at iteration 50 with accuracies 
[1.19718186e-09]
not reaching the requested tolerance 1e-09.
Use iteration 51 instead with accuracy 
1.197181858429597e-09.

  values, vectors = lobpcg(projected_hamiltonian, guess, largest=False,
/home/erosanow_hpc/informed_swapping/BARK.py:156: UserWarning: Exited postprocessing with accuracies 
[1.19718193e-09]
not reaching the requested tolerance 1e-09.
  values, vectors = lobpcg(projected_hamiltonian, guess, largest=False,
/home/erosanow_hpc/informed_swapping/BARK.py:156: UserWarning: Exited at iteration 50 with accuracies 
[1.67620182e-09]
not reaching the requested tolerance 1e-09.
Use iteration 51 instead with accuracy 
1.6762018176951217e-09.

  values, vectors = lobpcg(projected_hamiltonian, guess, largest=False,
/home/erosanow_hpc/informed_swapping/BARK.py:156: UserWarning: Exited postprocessing with accuracies 
[1.6762022e-09]
not reaching the requested tolerance 1e-09.
  values, vectors = lobpcg(projected_hamiltonian, guess, largest=False,
/home/erosanow_hpc/informed_swapping/BARK.py:156: UserWarning: Exited at iteration 50 with accuracies 
[1.09852749e-09]
not reaching the requested tolerance 1e-09.
Use iteration 51 instead with accuracy 
1.0985274919708634e-09.

  values, vectors = lobpcg(projected_hamiltonian, guess, largest=False,
/home/erosanow_hpc/informed_swapping/BARK.py:156: UserWarning: Exited postprocessing with accuracies 
[1.09852784e-09]
not reaching the requested tolerance 1e-09.
  values, vectors = lobpcg(projected_hamiltonian, guess, largest=False,
/home/erosanow_hpc/informed_swapping/BARK.py:156: UserWarning: Exited at iteration 50 with accuracies 
[1.44648657e-09]
not reaching the requested tolerance 1e-09.
Use iteration 51 instead with accuracy 
1.446486570103752e-09.

  values, vectors = lobpcg(projected_hamiltonian, guess, largest=False,
/home/erosanow_hpc/informed_swapping/BARK.py:156: UserWarning: Exited postprocessing with accuracies 
[1.4464866e-09]
not reaching the requested tolerance 1e-09.
  values, vectors = lobpcg(projected_hamiltonian, guess, largest=False,
/home/erosanow_hpc/informed_swapping/BARK.py:156: UserWarning: Exited at iteration 50 with accuracies 
[1.49473652e-09]
not reaching the requested tolerance 1e-09.
Use iteration 51 instead with accuracy 
1.4947365179359182e-09.

  values, vectors = lobpcg(projected_hamiltonian, guess, largest=False,
/home/erosanow_hpc/informed_swapping/BARK.py:156: UserWarning: Exited postprocessing with accuracies 
[1.49473664e-09]
not reaching the requested tolerance 1e-09.
  values, vectors = lobpcg(projected_hamiltonian, guess, largest=False,
/home/erosanow_hpc/informed_swapping/BARK.py:156: UserWarning: Exited at iteration 50 with accuracies 
[2.04704755e-09]
not reaching the requested tolerance 1e-09.
Use iteration 51 instead with accuracy 
2.047047554611739e-09.

  values, vectors = lobpcg(projected_hamiltonian, guess, largest=False,
/home/erosanow_hpc/informed_swapping/BARK.py:156: UserWarning: Exited postprocessing with accuracies 
[2.04704758e-09]
not reaching the requested tolerance 1e-09.
  values, vectors = lobpcg(projected_hamiltonian, guess, largest=False,
/home/erosanow_hpc/informed_swapping/BARK.py:156: UserWarning: Exited at iteration 50 with accuracies 
[1.53023379e-09]
not reaching the requested tolerance 1e-09.
Use iteration 51 instead with accuracy 
1.5302337909593845e-09.

  values, vectors = lobpcg(projected_hamiltonian, guess, largest=False,
/home/erosanow_hpc/informed_swapping/BARK.py:156: UserWarning: Exited postprocessing with accuracies 
[1.53023381e-09]
not reaching the requested tolerance 1e-09.
  values, vectors = lobpcg(projected_hamiltonian, guess, largest=False,
/home/erosanow_hpc/informed_swapping/BARK.py:156: UserWarning: Exited at iteration 50 with accuracies 
[1.82588135e-09]
not reaching the requested tolerance 1e-09.
Use iteration 51 instead with accuracy 
1.8258813515623317e-09.

  values, vectors = lobpcg(projected_hamiltonian, guess, largest=False,
/home/erosanow_hpc/informed_swapping/BARK.py:156: UserWarning: Exited postprocessing with accuracies 
[1.82588204e-09]
not reaching the requested tolerance 1e-09.
  values, vectors = lobpcg(projected_hamiltonian, guess, largest=False,
/home/erosanow_hpc/informed_swapping/BARK.py:156: UserWarning: Exited at iteration 50 with accuracies 
[2.54712133e-09]
not reaching the requested tolerance 1e-09.
Use iteration 51 instead with accuracy 
2.5471213349713746e-09.

  values, vectors = lobpcg(projected_hamiltonian, guess, largest=False,
/home/erosanow_hpc/informed_swapping/BARK.py:156: UserWarning: Exited postprocessing with accuracies 
[2.54712098e-09]
not reaching the requested tolerance 1e-09.
  values, vectors = lobpcg(projected_hamiltonian, guess, largest=False,
/home/erosanow_hpc/informed_swapping/BARK.py:156: UserWarning: Exited at iteration 50 with accuracies 
[2.13889593e-09]
not reaching the requested tolerance 1e-09.
Use iteration 51 instead with accuracy 
2.138895933732863e-09.

  values, vectors = lobpcg(projected_hamiltonian, guess, largest=False,
/home/erosanow_hpc/informed_swapping/BARK.py:156: UserWarning: Exited postprocessing with accuracies 
[2.13889637e-09]
not reaching the requested tolerance 1e-09.
  values, vectors = lobpcg(projected_hamiltonian, guess, largest=False,
/home/erosanow_hpc/informed_swapping/BARK.py:156: UserWarning: Exited at iteration 50 with accuracies 
[3.50808516e-09]
not reaching the requested tolerance 1e-09.
Use iteration 51 instead with accuracy 
3.508085162963039e-09.

  values, vectors = lobpcg(projected_hamiltonian, guess, largest=False,
/home/erosanow_hpc/informed_swapping/BARK.py:156: UserWarning: Exited postprocessing with accuracies 
[3.50808529e-09]
not reaching the requested tolerance 1e-09.
  values, vectors = lobpcg(projected_hamiltonian, guess, largest=False,
/home/erosanow_hpc/informed_swapping/BARK.py:156: UserWarning: Exited at iteration 50 with accuracies 
[3.72579395e-09]
not reaching the requested tolerance 1e-09.
Use iteration 51 instead with accuracy 
3.725793946479544e-09.

  values, vectors = lobpcg(projected_hamiltonian, guess, largest=False,
/home/erosanow_hpc/informed_swapping/BARK.py:156: UserWarning: Exited postprocessing with accuracies 
[3.72579359e-09]
not reaching the requested tolerance 1e-09.
  values, vectors = lobpcg(projected_hamiltonian, guess, largest=False,
/home/erosanow_hpc/informed_swapping/BARK.py:156: UserWarning: Exited at iteration 50 with accuracies 
[5.64914516e-09]
not reaching the requested tolerance 1e-09.
Use iteration 51 instead with accuracy 
5.649145162646545e-09.

  values, vectors = lobpcg(projected_hamiltonian, guess, largest=False,
/home/erosanow_hpc/informed_swapping/BARK.py:156: UserWarning: Exited postprocessing with accuracies 
[5.64914486e-09]
not reaching the requested tolerance 1e-09.
  values, vectors = lobpcg(projected_hamiltonian, guess, largest=False,
/home/erosanow_hpc/informed_swapping/BARK.py:156: UserWarning: Exited at iteration 50 with accuracies 
[1.04199763e-09]
not reaching the requested tolerance 1e-09.
Use iteration 51 instead with accuracy 
1.041997627992196e-09.

  values, vectors = lobpcg(projected_hamiltonian, guess, largest=False,
/home/erosanow_hpc/informed_swapping/BARK.py:156: UserWarning: Exited postprocessing with accuracies 
[1.04199731e-09]
not reaching the requested tolerance 1e-09.
  values, vectors = lobpcg(projected_hamiltonian, guess, largest=False,
/home/erosanow_hpc/informed_swapping/BARK.py:156: UserWarning: Exited at iteration 50 with accuracies 
[1.21758048e-09]
not reaching the requested tolerance 1e-09.
Use iteration 51 instead with accuracy 
1.2175804781641824e-09.

  values, vectors = lobpcg(projected_hamiltonian, guess, largest=False,
/home/erosanow_hpc/informed_swapping/BARK.py:156: UserWarning: Exited postprocessing with accuracies 
[1.21758037e-09]
not reaching the requested tolerance 1e-09.
  values, vectors = lobpcg(projected_hamiltonian, guess, largest=False,
/home/erosanow_hpc/informed_swapping/BARK.py:156: UserWarning: Exited at iteration 50 with accuracies 
[1.35404413e-09]
not reaching the requested tolerance 1e-09.
Use iteration 51 instead with accuracy 
1.3540441283760966e-09.

  values, vectors = lobpcg(projected_hamiltonian, guess, largest=False,
/home/erosanow_hpc/informed_swapping/BARK.py:156: UserWarning: Exited postprocessing with accuracies 
[1.35404378e-09]
not reaching the requested tolerance 1e-09.
  values, vectors = lobpcg(projected_hamiltonian, guess, largest=False,
/home/erosanow_hpc/informed_swapping/BARK.py:156: UserWarning: Exited at iteration 50 with accuracies 
[1.80254419e-09]
not reaching the requested tolerance 1e-09.
Use iteration 51 instead with accuracy 
1.8025441875400063e-09.

  values, vectors = lobpcg(projected_hamiltonian, guess, largest=False,
/home/erosanow_hpc/informed_swapping/BARK.py:156: UserWarning: Exited postprocessing with accuracies 
[1.80254409e-09]
not reaching the requested tolerance 1e-09.
  values, vectors = lobpcg(projected_hamiltonian, guess, largest=False,
/home/erosanow_hpc/informed_swapping/BARK.py:156: UserWarning: Exited at iteration 50 with accuracies 
[1.30042361e-09]
not reaching the requested tolerance 1e-09.
Use iteration 51 instead with accuracy 
1.300423613146715e-09.

  values, vectors = lobpcg(projected_hamiltonian, guess, largest=False,
/home/erosanow_hpc/informed_swapping/BARK.py:156: UserWarning: Exited postprocessing with accuracies 
[1.30042347e-09]
not reaching the requested tolerance 1e-09.
  values, vectors = lobpcg(projected_hamiltonian, guess, largest=False,
/home/erosanow_hpc/informed_swapping/BARK.py:156: UserWarning: Exited at iteration 50 with accuracies 
[1.41637054e-09]
not reaching the requested tolerance 1e-09.
Use iteration 51 instead with accuracy 
1.4163705435258864e-09.

  values, vectors = lobpcg(projected_hamiltonian, guess, largest=False,
/home/erosanow_hpc/informed_swapping/BARK.py:156: UserWarning: Exited postprocessing with accuracies 
[1.41637034e-09]
not reaching the requested tolerance 1e-09.
  values, vectors = lobpcg(projected_hamiltonian, guess, largest=False,
/home/erosanow_hpc/informed_swapping/BARK.py:156: UserWarning: Exited at iteration 50 with accuracies 
[1.57184215e-09]
not reaching the requested tolerance 1e-09.
Use iteration 51 instead with accuracy 
1.5718421464670834e-09.

  values, vectors = lobpcg(projected_hamiltonian, guess, largest=False,
/home/erosanow_hpc/informed_swapping/BARK.py:156: UserWarning: Exited postprocessing with accuracies 
[1.57184191e-09]
not reaching the requested tolerance 1e-09.
  values, vectors = lobpcg(projected_hamiltonian, guess, largest=False,
/home/erosanow_hpc/informed_swapping/BARK.py:156: UserWarning: Exited at iteration 50 with accuracies 
[2.08338181e-09]
not reaching the requested tolerance 1e-09.
Use iteration 51 instead with accuracy 
2.0833818072368576e-09.

  values, vectors = lobpcg(projected_hamiltonian, guess, largest=False,
/home/erosanow_hpc/informed_swapping/BARK.py:156: UserWarning: Exited postprocessing with accuracies 
[2.08338216e-09]
not reaching the requested tolerance 1e-09.
  values, vectors = lobpcg(projected_hamiltonian, guess, largest=False,
/home/erosanow_hpc/informed_swapping/BARK.py:156: UserWarning: Exited at iteration 50 with accuracies 
[1.42704668e-09]
not reaching the requested tolerance 1e-09.
Use iteration 51 instead with accuracy 
1.4270466846023862e-09.

  values, vectors = lobpcg(projected_hamiltonian, guess, largest=False,
/home/erosanow_hpc/informed_swapping/BARK.py:156: UserWarning: Exited postprocessing with accuracies 
[1.42704678e-09]
not reaching the requested tolerance 1e-09.
  values, vectors = lobpcg(projected_hamiltonian, guess, largest=False,
/home/erosanow_hpc/informed_swapping/BARK.py:156: UserWarning: Exited at iteration 50 with accuracies 
[1.68426147e-09]
not reaching the requested tolerance 1e-09.
Use iteration 51 instead with accuracy 
1.684261473134103e-09.

  values, vectors = lobpcg(projected_hamiltonian, guess, largest=False,
/home/erosanow_hpc/informed_swapping/BARK.py:156: UserWarning: Exited postprocessing with accuracies 
[1.68426125e-09]
not reaching the requested tolerance 1e-09.
  values, vectors = lobpcg(projected_hamiltonian, guess, largest=False,
/home/erosanow_hpc/informed_swapping/BARK.py:156: UserWarning: Exited at iteration 50 with accuracies 
[2.21247255e-09]
not reaching the requested tolerance 1e-09.
Use iteration 51 instead with accuracy 
2.2124725502116022e-09.

  values, vectors = lobpcg(projected_hamiltonian, guess, largest=False,
/home/erosanow_hpc/informed_swapping/BARK.py:156: UserWarning: Exited postprocessing with accuracies 
[2.21247293e-09]
not reaching the requested tolerance 1e-09.
  values, vectors = lobpcg(projected_hamiltonian, guess, largest=False,
/home/erosanow_hpc/informed_swapping/BARK.py:156: UserWarning: Exited at iteration 50 with accuracies 
[1.7182308e-09]
not reaching the requested tolerance 1e-09.
Use iteration 51 instead with accuracy 
1.718230800574871e-09.

  values, vectors = lobpcg(projected_hamiltonian, guess, largest=False,
/home/erosanow_hpc/informed_swapping/BARK.py:156: UserWarning: Exited postprocessing with accuracies 
[1.71823013e-09]
not reaching the requested tolerance 1e-09.
  values, vectors = lobpcg(projected_hamiltonian, guess, largest=False,
/home/erosanow_hpc/informed_swapping/BARK.py:156: UserWarning: Exited at iteration 50 with accuracies 
[2.64927305e-09]
not reaching the requested tolerance 1e-09.
Use iteration 51 instead with accuracy 
2.6492730545045767e-09.

  values, vectors = lobpcg(projected_hamiltonian, guess, largest=False,
/home/erosanow_hpc/informed_swapping/BARK.py:156: UserWarning: Exited postprocessing with accuracies 
[2.64927296e-09]
not reaching the requested tolerance 1e-09.
  values, vectors = lobpcg(projected_hamiltonian, guess, largest=False,
/home/erosanow_hpc/informed_swapping/BARK.py:156: UserWarning: Exited at iteration 50 with accuracies 
[3.04344936e-09]
not reaching the requested tolerance 1e-09.
Use iteration 51 instead with accuracy 
3.043449356370357e-09.

  values, vectors = lobpcg(projected_hamiltonian, guess, largest=False,
/home/erosanow_hpc/informed_swapping/BARK.py:156: UserWarning: Exited postprocessing with accuracies 
[3.04344984e-09]
not reaching the requested tolerance 1e-09.
  values, vectors = lobpcg(projected_hamiltonian, guess, largest=False,
/home/erosanow_hpc/informed_swapping/BARK.py:156: UserWarning: Exited at iteration 50 with accuracies 
[4.14133538e-09]
not reaching the requested tolerance 1e-09.
Use iteration 51 instead with accuracy 
4.141335382914677e-09.

  values, vectors = lobpcg(projected_hamiltonian, guess, largest=False,
/home/erosanow_hpc/informed_swapping/BARK.py:156: UserWarning: Exited postprocessing with accuracies 
[4.14133533e-09]
not reaching the requested tolerance 1e-09.
  values, vectors = lobpcg(projected_hamiltonian, guess, largest=False,
/home/erosanow_hpc/informed_swapping/BARK.py:156: UserWarning: Exited at iteration 50 with accuracies 
[1.0899781e-09]
not reaching the requested tolerance 1e-09.
Use iteration 51 instead with accuracy 
1.0899780954177631e-09.

  values, vectors = lobpcg(projected_hamiltonian, guess, largest=False,
/home/erosanow_hpc/informed_swapping/BARK.py:156: UserWarning: Exited postprocessing with accuracies 
[1.08997797e-09]
not reaching the requested tolerance 1e-09.
  values, vectors = lobpcg(projected_hamiltonian, guess, largest=False,
/home/erosanow_hpc/informed_swapping/BARK.py:156: UserWarning: Exited at iteration 50 with accuracies 
[1.24459133e-09]
not reaching the requested tolerance 1e-09.
Use iteration 51 instead with accuracy 
1.2445913253174915e-09.

  values, vectors = lobpcg(projected_hamiltonian, guess, largest=False,
/home/erosanow_hpc/informed_swapping/BARK.py:156: UserWarning: Exited postprocessing with accuracies 
[1.24459089e-09]
not reaching the requested tolerance 1e-09.
  values, vectors = lobpcg(projected_hamiltonian, guess, largest=False,
/home/erosanow_hpc/informed_swapping/BARK.py:156: UserWarning: Exited at iteration 50 with accuracies 
[1.62894657e-09]
not reaching the requested tolerance 1e-09.
Use iteration 51 instead with accuracy 
1.628946565733386e-09.

  values, vectors = lobpcg(projected_hamiltonian, guess, largest=False,
/home/erosanow_hpc/informed_swapping/BARK.py:156: UserWarning: Exited postprocessing with accuracies 
[1.628947e-09]
not reaching the requested tolerance 1e-09.
  values, vectors = lobpcg(projected_hamiltonian, guess, largest=False,
/home/erosanow_hpc/informed_swapping/BARK.py:156: UserWarning: Exited at iteration 50 with accuracies 
[1.18846082e-09]
not reaching the requested tolerance 1e-09.
Use iteration 51 instead with accuracy 
1.1884608229421906e-09.

  values, vectors = lobpcg(projected_hamiltonian, guess, largest=False,
/home/erosanow_hpc/informed_swapping/BARK.py:156: UserWarning: Exited postprocessing with accuracies 
[1.18846073e-09]
not reaching the requested tolerance 1e-09.
  values, vectors = lobpcg(projected_hamiltonian, guess, largest=False,
/home/erosanow_hpc/informed_swapping/BARK.py:156: UserWarning: Exited at iteration 50 with accuracies 
[1.79669741e-09]
not reaching the requested tolerance 1e-09.
Use iteration 51 instead with accuracy 
1.7966974082037956e-09.

  values, vectors = lobpcg(projected_hamiltonian, guess, largest=False,
/home/erosanow_hpc/informed_swapping/BARK.py:156: UserWarning: Exited postprocessing with accuracies 
[1.79669831e-09]
not reaching the requested tolerance 1e-09.
  values, vectors = lobpcg(projected_hamiltonian, guess, largest=False,
/home/erosanow_hpc/informed_swapping/BARK.py:156: UserWarning: Exited at iteration 50 with accuracies 
[1.98226251e-09]
not reaching the requested tolerance 1e-09.
Use iteration 51 instead with accuracy 
1.982262508168717e-09.

  values, vectors = lobpcg(projected_hamiltonian, guess, largest=False,
/home/erosanow_hpc/informed_swapping/BARK.py:156: UserWarning: Exited postprocessing with accuracies 
[1.9822626e-09]
not reaching the requested tolerance 1e-09.
  values, vectors = lobpcg(projected_hamiltonian, guess, largest=False,
/home/erosanow_hpc/informed_swapping/BARK.py:156: UserWarning: Exited at iteration 50 with accuracies 
[2.64645825e-09]
not reaching the requested tolerance 1e-09.
Use iteration 51 instead with accuracy 
2.6464582547584204e-09.

  values, vectors = lobpcg(projected_hamiltonian, guess, largest=False,
/home/erosanow_hpc/informed_swapping/BARK.py:156: UserWarning: Exited postprocessing with accuracies 
[2.64645849e-09]
not reaching the requested tolerance 1e-09.
  values, vectors = lobpcg(projected_hamiltonian, guess, largest=False,
/home/erosanow_hpc/informed_swapping/BARK.py:156: UserWarning: Exited at iteration 50 with accuracies 
[1.36863655e-09]
not reaching the requested tolerance 1e-09.
Use iteration 51 instead with accuracy 
1.3686365547990561e-09.

  values, vectors = lobpcg(projected_hamiltonian, guess, largest=False,
/home/erosanow_hpc/informed_swapping/BARK.py:156: UserWarning: Exited postprocessing with accuracies 
[1.36863603e-09]
not reaching the requested tolerance 1e-09.
  values, vectors = lobpcg(projected_hamiltonian, guess, largest=False,
/home/erosanow_hpc/informed_swapping/BARK.py:156: UserWarning: Exited at iteration 50 with accuracies 
[2.05752285e-09]
not reaching the requested tolerance 1e-09.
Use iteration 51 instead with accuracy 
2.05752285087675e-09.

  values, vectors = lobpcg(projected_hamiltonian, guess, largest=False,
/home/erosanow_hpc/informed_swapping/BARK.py:156: UserWarning: Exited postprocessing with accuracies 
[2.05752332e-09]
not reaching the requested tolerance 1e-09.
  values, vectors = lobpcg(projected_hamiltonian, guess, largest=False,
/home/erosanow_hpc/informed_swapping/BARK.py:156: UserWarning: Exited at iteration 50 with accuracies 
[2.39701022e-09]
not reaching the requested tolerance 1e-09.
Use iteration 51 instead with accuracy 
2.3970102164191582e-09.

  values, vectors = lobpcg(projected_hamiltonian, guess, largest=False,
/home/erosanow_hpc/informed_swapping/BARK.py:156: UserWarning: Exited postprocessing with accuracies 
[2.3970103e-09]
not reaching the requested tolerance 1e-09.
  values, vectors = lobpcg(projected_hamiltonian, guess, largest=False,
/home/erosanow_hpc/informed_swapping/BARK.py:156: UserWarning: Exited at iteration 50 with accuracies 
[3.1842663e-09]
not reaching the requested tolerance 1e-09.
Use iteration 51 instead with accuracy 
3.1842662958950586e-09.

  values, vectors = lobpcg(projected_hamiltonian, guess, largest=False,
/home/erosanow_hpc/informed_swapping/BARK.py:156: UserWarning: Exited postprocessing with accuracies 
[3.18426645e-09]
not reaching the requested tolerance 1e-09.
  values, vectors = lobpcg(projected_hamiltonian, guess, largest=False,
/home/erosanow_hpc/informed_swapping/BARK.py:156: UserWarning: Exited at iteration 50 with accuracies 
[2.23552784e-09]
not reaching the requested tolerance 1e-09.
Use iteration 51 instead with accuracy 
2.2355278436479678e-09.

  values, vectors = lobpcg(projected_hamiltonian, guess, largest=False,
/home/erosanow_hpc/informed_swapping/BARK.py:156: UserWarning: Exited postprocessing with accuracies 
[2.23552792e-09]
not reaching the requested tolerance 1e-09.
  values, vectors = lobpcg(projected_hamiltonian, guess, largest=False,
/home/erosanow_hpc/informed_swapping/BARK.py:156: UserWarning: Exited at iteration 50 with accuracies 
[3.4503366e-09]
not reaching the requested tolerance 1e-09.
Use iteration 51 instead with accuracy 
3.4503365994694725e-09.

  values, vectors = lobpcg(projected_hamiltonian, guess, largest=False,
/home/erosanow_hpc/informed_swapping/BARK.py:156: UserWarning: Exited postprocessing with accuracies 
[3.45033672e-09]
not reaching the requested tolerance 1e-09.
  values, vectors = lobpcg(projected_hamiltonian, guess, largest=False,
/home/erosanow_hpc/informed_swapping/BARK.py:156: UserWarning: Exited at iteration 50 with accuracies 
[3.84808602e-09]
not reaching the requested tolerance 1e-09.
Use iteration 51 instead with accuracy 
3.848086015766352e-09.

  values, vectors = lobpcg(projected_hamiltonian, guess, largest=False,
/home/erosanow_hpc/informed_swapping/BARK.py:156: UserWarning: Exited postprocessing with accuracies 
[3.84808651e-09]
not reaching the requested tolerance 1e-09.
  values, vectors = lobpcg(projected_hamiltonian, guess, largest=False,
/home/erosanow_hpc/informed_swapping/BARK.py:156: UserWarning: Exited at iteration 50 with accuracies 
[5.24370378e-09]
not reaching the requested tolerance 1e-09.
Use iteration 51 instead with accuracy 
5.243703783329432e-09.

  values, vectors = lobpcg(projected_hamiltonian, guess, largest=False,
/home/erosanow_hpc/informed_swapping/BARK.py:156: UserWarning: Exited postprocessing with accuracies 
[5.24370401e-09]
not reaching the requested tolerance 1e-09.
  values, vectors = lobpcg(projected_hamiltonian, guess, largest=False,
/home/erosanow_hpc/informed_swapping/BARK.py:156: UserWarning: Exited at iteration 50 with accuracies 
[1.64171225e-09]
not reaching the requested tolerance 1e-09.
Use iteration 51 instead with accuracy 
1.6417122498807762e-09.

  values, vectors = lobpcg(projected_hamiltonian, guess, largest=False,
/home/erosanow_hpc/informed_swapping/BARK.py:156: UserWarning: Exited postprocessing with accuracies 
[1.64171267e-09]
not reaching the requested tolerance 1e-09.
  values, vectors = lobpcg(projected_hamiltonian, guess, largest=False,
/home/erosanow_hpc/informed_swapping/BARK.py:156: UserWarning: Exited at iteration 50 with accuracies 
[1.9444764e-09]
not reaching the requested tolerance 1e-09.
Use iteration 51 instead with accuracy 
1.9444763984048454e-09.

  values, vectors = lobpcg(projected_hamiltonian, guess, largest=False,
/home/erosanow_hpc/informed_swapping/BARK.py:156: UserWarning: Exited postprocessing with accuracies 
[1.9444768e-09]
not reaching the requested tolerance 1e-09.
  values, vectors = lobpcg(projected_hamiltonian, guess, largest=False,
/home/erosanow_hpc/informed_swapping/BARK.py:156: UserWarning: Exited at iteration 50 with accuracies 
[2.67746117e-09]
not reaching the requested tolerance 1e-09.
Use iteration 51 instead with accuracy 
2.6774611732958544e-09.

  values, vectors = lobpcg(projected_hamiltonian, guess, largest=False,
/home/erosanow_hpc/informed_swapping/BARK.py:156: UserWarning: Exited postprocessing with accuracies 
[2.67746149e-09]
not reaching the requested tolerance 1e-09.
  values, vectors = lobpcg(projected_hamiltonian, guess, largest=False,
/home/erosanow_hpc/informed_swapping/BARK.py:156: UserWarning: Exited at iteration 50 with accuracies 
[2.14440746e-09]
not reaching the requested tolerance 1e-09.
Use iteration 51 instead with accuracy 
2.144407457967535e-09.

  values, vectors = lobpcg(projected_hamiltonian, guess, largest=False,
/home/erosanow_hpc/informed_swapping/BARK.py:156: UserWarning: Exited postprocessing with accuracies 
[2.14440734e-09]
not reaching the requested tolerance 1e-09.
  values, vectors = lobpcg(projected_hamiltonian, guess, largest=False,
/home/erosanow_hpc/informed_swapping/BARK.py:156: UserWarning: Exited at iteration 50 with accuracies 
[3.58207879e-09]
not reaching the requested tolerance 1e-09.
Use iteration 51 instead with accuracy 
3.5820787858038164e-09.

  values, vectors = lobpcg(projected_hamiltonian, guess, largest=False,
/home/erosanow_hpc/informed_swapping/BARK.py:156: UserWarning: Exited postprocessing with accuracies 
[3.58207796e-09]
not reaching the requested tolerance 1e-09.
  values, vectors = lobpcg(projected_hamiltonian, guess, largest=False,
/home/erosanow_hpc/informed_swapping/BARK.py:156: UserWarning: Exited at iteration 50 with accuracies 
[3.84101117e-09]
not reaching the requested tolerance 1e-09.
Use iteration 51 instead with accuracy 
3.841011166905193e-09.

  values, vectors = lobpcg(projected_hamiltonian, guess, largest=False,
/home/erosanow_hpc/informed_swapping/BARK.py:156: UserWarning: Exited postprocessing with accuracies 
[3.84101094e-09]
not reaching the requested tolerance 1e-09.
  values, vectors = lobpcg(projected_hamiltonian, guess, largest=False,
/home/erosanow_hpc/informed_swapping/BARK.py:156: UserWarning: Exited at iteration 50 with accuracies 
[5.37604307e-09]
not reaching the requested tolerance 1e-09.
Use iteration 51 instead with accuracy 
5.3760430747708144e-09.

  values, vectors = lobpcg(projected_hamiltonian, guess, largest=False,
/home/erosanow_hpc/informed_swapping/BARK.py:156: UserWarning: Exited postprocessing with accuracies 
[5.37604307e-09]
not reaching the requested tolerance 1e-09.
  values, vectors = lobpcg(projected_hamiltonian, guess, largest=False,
/home/erosanow_hpc/informed_swapping/BARK.py:156: UserWarning: Exited at iteration 50 with accuracies 
[2.30156251e-09]
not reaching the requested tolerance 1e-09.
Use iteration 51 instead with accuracy 
2.301562512742858e-09.

  values, vectors = lobpcg(projected_hamiltonian, guess, largest=False,
/home/erosanow_hpc/informed_swapping/BARK.py:156: UserWarning: Exited postprocessing with accuracies 
[2.30156219e-09]
not reaching the requested tolerance 1e-09.
  values, vectors = lobpcg(projected_hamiltonian, guess, largest=False,
/home/erosanow_hpc/informed_swapping/BARK.py:156: UserWarning: Exited at iteration 50 with accuracies 
[3.76530968e-09]
not reaching the requested tolerance 1e-09.
Use iteration 51 instead with accuracy 
3.765309683776977e-09.

  values, vectors = lobpcg(projected_hamiltonian, guess, largest=False,
/home/erosanow_hpc/informed_swapping/BARK.py:156: UserWarning: Exited postprocessing with accuracies 
[3.76531004e-09]
not reaching the requested tolerance 1e-09.
  values, vectors = lobpcg(projected_hamiltonian, guess, largest=False,
/home/erosanow_hpc/informed_swapping/BARK.py:156: UserWarning: Exited at iteration 50 with accuracies 
[4.53538119e-09]
not reaching the requested tolerance 1e-09.
Use iteration 51 instead with accuracy 
4.5353811875013395e-09.

  values, vectors = lobpcg(projected_hamiltonian, guess, largest=False,
/home/erosanow_hpc/informed_swapping/BARK.py:156: UserWarning: Exited postprocessing with accuracies 
[4.53538168e-09]
not reaching the requested tolerance 1e-09.
  values, vectors = lobpcg(projected_hamiltonian, guess, largest=False,
/home/erosanow_hpc/informed_swapping/BARK.py:156: UserWarning: Exited at iteration 50 with accuracies 
[6.35069255e-09]
not reaching the requested tolerance 1e-09.
Use iteration 51 instead with accuracy 
6.350692554564397e-09.

  values, vectors = lobpcg(projected_hamiltonian, guess, largest=False,
/home/erosanow_hpc/informed_swapping/BARK.py:156: UserWarning: Exited postprocessing with accuracies 
[6.3506923e-09]
not reaching the requested tolerance 1e-09.
  values, vectors = lobpcg(projected_hamiltonian, guess, largest=False,
/home/erosanow_hpc/informed_swapping/BARK.py:156: UserWarning: Exited at iteration 50 with accuracies 
[4.98476071e-09]
not reaching the requested tolerance 1e-09.
Use iteration 51 instead with accuracy 
4.984760709200675e-09.

  values, vectors = lobpcg(projected_hamiltonian, guess, largest=False,
/home/erosanow_hpc/informed_swapping/BARK.py:156: UserWarning: Exited postprocessing with accuracies 
[4.98476077e-09]
not reaching the requested tolerance 1e-09.
  values, vectors = lobpcg(projected_hamiltonian, guess, largest=False,
/home/erosanow_hpc/informed_swapping/BARK.py:156: UserWarning: Exited at iteration 50 with accuracies 
[8.45362876e-09]
not reaching the requested tolerance 1e-09.
Use iteration 51 instead with accuracy 
8.45362875717757e-09.

  values, vectors = lobpcg(projected_hamiltonian, guess, largest=False,
/home/erosanow_hpc/informed_swapping/BARK.py:156: UserWarning: Exited postprocessing with accuracies 
[8.45362868e-09]
not reaching the requested tolerance 1e-09.
  values, vectors = lobpcg(projected_hamiltonian, guess, largest=False,
/home/erosanow_hpc/informed_swapping/BARK.py:156: UserWarning: Exited at iteration 50 with accuracies 
[9.38230011e-09]
not reaching the requested tolerance 1e-09.
Use iteration 51 instead with accuracy 
9.38230010689656e-09.

  values, vectors = lobpcg(projected_hamiltonian, guess, largest=False,
/home/erosanow_hpc/informed_swapping/BARK.py:156: UserWarning: Exited postprocessing with accuracies 
[9.38230034e-09]
not reaching the requested tolerance 1e-09.
  values, vectors = lobpcg(projected_hamiltonian, guess, largest=False,
/home/erosanow_hpc/informed_swapping/BARK.py:156: UserWarning: Exited at iteration 50 with accuracies 
[1.39039108e-08]
not reaching the requested tolerance 1e-09.
Use iteration 51 instead with accuracy 
1.3903910822777708e-08.

  values, vectors = lobpcg(projected_hamiltonian, guess, largest=False,
/home/erosanow_hpc/informed_swapping/BARK.py:156: UserWarning: Exited postprocessing with accuracies 
[1.39039115e-08]
not reaching the requested tolerance 1e-09.
  values, vectors = lobpcg(projected_hamiltonian, guess, largest=False,
/home/erosanow_hpc/informed_swapping/BARK.py:156: UserWarning: Exited at iteration 50 with accuracies 
[1.40302792e-09]
not reaching the requested tolerance 1e-09.
Use iteration 51 instead with accuracy 
1.403027923398647e-09.

  values, vectors = lobpcg(projected_hamiltonian, guess, largest=False,
/home/erosanow_hpc/informed_swapping/BARK.py:156: UserWarning: Exited postprocessing with accuracies 
[1.40302789e-09]
not reaching the requested tolerance 1e-09.
  values, vectors = lobpcg(projected_hamiltonian, guess, largest=False,
/home/erosanow_hpc/informed_swapping/BARK.py:156: UserWarning: Exited at iteration 50 with accuracies 
[1.59269579e-09]
not reaching the requested tolerance 1e-09.
Use iteration 51 instead with accuracy 
1.592695787728601e-09.

  values, vectors = lobpcg(projected_hamiltonian, guess, largest=False,
/home/erosanow_hpc/informed_swapping/BARK.py:156: UserWarning: Exited postprocessing with accuracies 
[1.59269613e-09]
not reaching the requested tolerance 1e-09.
  values, vectors = lobpcg(projected_hamiltonian, guess, largest=False,
/home/erosanow_hpc/informed_swapping/BARK.py:156: UserWarning: Exited at iteration 50 with accuracies 
[2.07366609e-09]
not reaching the requested tolerance 1e-09.
Use iteration 51 instead with accuracy 
2.073666092817397e-09.

  values, vectors = lobpcg(projected_hamiltonian, guess, largest=False,
/home/erosanow_hpc/informed_swapping/BARK.py:156: UserWarning: Exited postprocessing with accuracies 
[2.07366627e-09]
not reaching the requested tolerance 1e-09.
  values, vectors = lobpcg(projected_hamiltonian, guess, largest=False,
/home/erosanow_hpc/informed_swapping/BARK.py:156: UserWarning: Exited at iteration 50 with accuracies 
[1.66930072e-09]
not reaching the requested tolerance 1e-09.
Use iteration 51 instead with accuracy 
1.669300719568571e-09.

  values, vectors = lobpcg(projected_hamiltonian, guess, largest=False,
/home/erosanow_hpc/informed_swapping/BARK.py:156: UserWarning: Exited postprocessing with accuracies 
[1.66930052e-09]
not reaching the requested tolerance 1e-09.
  values, vectors = lobpcg(projected_hamiltonian, guess, largest=False,
/home/erosanow_hpc/informed_swapping/BARK.py:156: UserWarning: Exited at iteration 50 with accuracies 
[2.54222965e-09]
not reaching the requested tolerance 1e-09.
Use iteration 51 instead with accuracy 
2.5422296488040942e-09.

  values, vectors = lobpcg(projected_hamiltonian, guess, largest=False,
/home/erosanow_hpc/informed_swapping/BARK.py:156: UserWarning: Exited postprocessing with accuracies 
[2.5422296e-09]
not reaching the requested tolerance 1e-09.
  values, vectors = lobpcg(projected_hamiltonian, guess, largest=False,
/home/erosanow_hpc/informed_swapping/BARK.py:156: UserWarning: Exited at iteration 50 with accuracies 
[2.64761516e-09]
not reaching the requested tolerance 1e-09.
Use iteration 51 instead with accuracy 
2.647615162638922e-09.

  values, vectors = lobpcg(projected_hamiltonian, guess, largest=False,
/home/erosanow_hpc/informed_swapping/BARK.py:156: UserWarning: Exited postprocessing with accuracies 
[2.64761462e-09]
not reaching the requested tolerance 1e-09.
  values, vectors = lobpcg(projected_hamiltonian, guess, largest=False,
/home/erosanow_hpc/informed_swapping/BARK.py:156: UserWarning: Exited at iteration 50 with accuracies 
[3.48403943e-09]
not reaching the requested tolerance 1e-09.
Use iteration 51 instead with accuracy 
3.4840394312640515e-09.

  values, vectors = lobpcg(projected_hamiltonian, guess, largest=False,
/home/erosanow_hpc/informed_swapping/BARK.py:156: UserWarning: Exited postprocessing with accuracies 
[3.48403944e-09]
not reaching the requested tolerance 1e-09.
  values, vectors = lobpcg(projected_hamiltonian, guess, largest=False,
/home/erosanow_hpc/informed_swapping/BARK.py:156: UserWarning: Exited at iteration 50 with accuracies 
[1.71302965e-09]
not reaching the requested tolerance 1e-09.
Use iteration 51 instead with accuracy 
1.7130296467347628e-09.

  values, vectors = lobpcg(projected_hamiltonian, guess, largest=False,
/home/erosanow_hpc/informed_swapping/BARK.py:156: UserWarning: Exited postprocessing with accuracies 
[1.71303003e-09]
not reaching the requested tolerance 1e-09.
  values, vectors = lobpcg(projected_hamiltonian, guess, largest=False,
/home/erosanow_hpc/informed_swapping/BARK.py:156: UserWarning: Exited at iteration 50 with accuracies 
[2.59060586e-09]
not reaching the requested tolerance 1e-09.
Use iteration 51 instead with accuracy 
2.5906058564044797e-09.

  values, vectors = lobpcg(projected_hamiltonian, guess, largest=False,
/home/erosanow_hpc/informed_swapping/BARK.py:156: UserWarning: Exited postprocessing with accuracies 
[2.5906058e-09]
not reaching the requested tolerance 1e-09.
  values, vectors = lobpcg(projected_hamiltonian, guess, largest=False,
/home/erosanow_hpc/informed_swapping/BARK.py:156: UserWarning: Exited at iteration 50 with accuracies 
[2.97503588e-09]
not reaching the requested tolerance 1e-09.
Use iteration 51 instead with accuracy 
2.9750358797166132e-09.

  values, vectors = lobpcg(projected_hamiltonian, guess, largest=False,
/home/erosanow_hpc/informed_swapping/BARK.py:156: UserWarning: Exited postprocessing with accuracies 
[2.97503579e-09]
not reaching the requested tolerance 1e-09.
  values, vectors = lobpcg(projected_hamiltonian, guess, largest=False,
/home/erosanow_hpc/informed_swapping/BARK.py:156: UserWarning: Exited at iteration 50 with accuracies 
[3.91182311e-09]
not reaching the requested tolerance 1e-09.
Use iteration 51 instead with accuracy 
3.911823114986169e-09.

  values, vectors = lobpcg(projected_hamiltonian, guess, largest=False,
/home/erosanow_hpc/informed_swapping/BARK.py:156: UserWarning: Exited postprocessing with accuracies 
[3.91182322e-09]
not reaching the requested tolerance 1e-09.
  values, vectors = lobpcg(projected_hamiltonian, guess, largest=False,
/home/erosanow_hpc/informed_swapping/BARK.py:156: UserWarning: Exited at iteration 50 with accuracies 
[3.2388092e-09]
not reaching the requested tolerance 1e-09.
Use iteration 51 instead with accuracy 
3.2388092008235783e-09.

  values, vectors = lobpcg(projected_hamiltonian, guess, largest=False,
/home/erosanow_hpc/informed_swapping/BARK.py:156: UserWarning: Exited postprocessing with accuracies 
[3.23880958e-09]
not reaching the requested tolerance 1e-09.
  values, vectors = lobpcg(projected_hamiltonian, guess, largest=False,
/home/erosanow_hpc/informed_swapping/BARK.py:156: UserWarning: Exited at iteration 50 with accuracies 
[5.0260017e-09]
not reaching the requested tolerance 1e-09.
Use iteration 51 instead with accuracy 
5.026001696824426e-09.

  values, vectors = lobpcg(projected_hamiltonian, guess, largest=False,
/home/erosanow_hpc/informed_swapping/BARK.py:156: UserWarning: Exited postprocessing with accuracies 
[5.02600205e-09]
not reaching the requested tolerance 1e-09.
  values, vectors = lobpcg(projected_hamiltonian, guess, largest=False,
/home/erosanow_hpc/informed_swapping/BARK.py:156: UserWarning: Exited at iteration 50 with accuracies 
[5.25963947e-09]
not reaching the requested tolerance 1e-09.
Use iteration 51 instead with accuracy 
5.25963947158109e-09.

  values, vectors = lobpcg(projected_hamiltonian, guess, largest=False,
/home/erosanow_hpc/informed_swapping/BARK.py:156: UserWarning: Exited postprocessing with accuracies 
[5.2596393e-09]
not reaching the requested tolerance 1e-09.
  values, vectors = lobpcg(projected_hamiltonian, guess, largest=False,
/home/erosanow_hpc/informed_swapping/BARK.py:156: UserWarning: Exited at iteration 50 with accuracies 
[7.06404356e-09]
not reaching the requested tolerance 1e-09.
Use iteration 51 instead with accuracy 
7.0640435618416036e-09.

  values, vectors = lobpcg(projected_hamiltonian, guess, largest=False,
/home/erosanow_hpc/informed_swapping/BARK.py:156: UserWarning: Exited postprocessing with accuracies 
[7.0640438e-09]
not reaching the requested tolerance 1e-09.
  values, vectors = lobpcg(projected_hamiltonian, guess, largest=False,
/home/erosanow_hpc/informed_swapping/BARK.py:156: UserWarning: Exited at iteration 50 with accuracies 
[2.02233861e-09]
not reaching the requested tolerance 1e-09.
Use iteration 51 instead with accuracy 
2.0223386058222715e-09.

  values, vectors = lobpcg(projected_hamiltonian, guess, largest=False,
/home/erosanow_hpc/informed_swapping/BARK.py:156: UserWarning: Exited postprocessing with accuracies 
[2.0223382e-09]
not reaching the requested tolerance 1e-09.
  values, vectors = lobpcg(projected_hamiltonian, guess, largest=False,
/home/erosanow_hpc/informed_swapping/BARK.py:156: UserWarning: Exited at iteration 50 with accuracies 
[3.0720636e-09]
not reaching the requested tolerance 1e-09.
Use iteration 51 instead with accuracy 
3.0720636016630397e-09.

  values, vectors = lobpcg(projected_hamiltonian, guess, largest=False,
/home/erosanow_hpc/informed_swapping/BARK.py:156: UserWarning: Exited postprocessing with accuracies 
[3.07206353e-09]
not reaching the requested tolerance 1e-09.
  values, vectors = lobpcg(projected_hamiltonian, guess, largest=False,
/home/erosanow_hpc/informed_swapping/BARK.py:156: UserWarning: Exited at iteration 50 with accuracies 
[3.53820115e-09]
not reaching the requested tolerance 1e-09.
Use iteration 51 instead with accuracy 
3.5382011508070814e-09.

  values, vectors = lobpcg(projected_hamiltonian, guess, largest=False,
/home/erosanow_hpc/informed_swapping/BARK.py:156: UserWarning: Exited postprocessing with accuracies 
[3.53820139e-09]
not reaching the requested tolerance 1e-09.
  values, vectors = lobpcg(projected_hamiltonian, guess, largest=False,
/home/erosanow_hpc/informed_swapping/BARK.py:156: UserWarning: Exited at iteration 50 with accuracies 
[4.66254631e-09]
not reaching the requested tolerance 1e-09.
Use iteration 51 instead with accuracy 
4.6625463145266815e-09.

  values, vectors = lobpcg(projected_hamiltonian, guess, largest=False,
/home/erosanow_hpc/informed_swapping/BARK.py:156: UserWarning: Exited postprocessing with accuracies 
[4.66254629e-09]
not reaching the requested tolerance 1e-09.
  values, vectors = lobpcg(projected_hamiltonian, guess, largest=False,
/home/erosanow_hpc/informed_swapping/BARK.py:156: UserWarning: Exited at iteration 50 with accuracies 
[3.73132889e-09]
not reaching the requested tolerance 1e-09.
Use iteration 51 instead with accuracy 
3.731328886253667e-09.

  values, vectors = lobpcg(projected_hamiltonian, guess, largest=False,
/home/erosanow_hpc/informed_swapping/BARK.py:156: UserWarning: Exited postprocessing with accuracies 
[3.73132932e-09]
not reaching the requested tolerance 1e-09.
  values, vectors = lobpcg(projected_hamiltonian, guess, largest=False,
/home/erosanow_hpc/informed_swapping/BARK.py:156: UserWarning: Exited at iteration 50 with accuracies 
[5.80690063e-09]
not reaching the requested tolerance 1e-09.
Use iteration 51 instead with accuracy 
5.806900632236145e-09.

  values, vectors = lobpcg(projected_hamiltonian, guess, largest=False,
/home/erosanow_hpc/informed_swapping/BARK.py:156: UserWarning: Exited postprocessing with accuracies 
[5.80690091e-09]
not reaching the requested tolerance 1e-09.
  values, vectors = lobpcg(projected_hamiltonian, guess, largest=False,
/home/erosanow_hpc/informed_swapping/BARK.py:156: UserWarning: Exited at iteration 50 with accuracies 
[6.08934418e-09]
not reaching the requested tolerance 1e-09.
Use iteration 51 instead with accuracy 
6.089344176268403e-09.

  values, vectors = lobpcg(projected_hamiltonian, guess, largest=False,
/home/erosanow_hpc/informed_swapping/BARK.py:156: UserWarning: Exited postprocessing with accuracies 
[6.08934378e-09]
not reaching the requested tolerance 1e-09.
  values, vectors = lobpcg(projected_hamiltonian, guess, largest=False,
/home/erosanow_hpc/informed_swapping/BARK.py:156: UserWarning: Exited at iteration 50 with accuracies 
[8.18081313e-09]
not reaching the requested tolerance 1e-09.
Use iteration 51 instead with accuracy 
8.180813134068045e-09.

  values, vectors = lobpcg(projected_hamiltonian, guess, largest=False,
/home/erosanow_hpc/informed_swapping/BARK.py:156: UserWarning: Exited postprocessing with accuracies 
[8.18081307e-09]
not reaching the requested tolerance 1e-09.
  values, vectors = lobpcg(projected_hamiltonian, guess, largest=False,
/home/erosanow_hpc/informed_swapping/BARK.py:156: UserWarning: Exited at iteration 50 with accuracies 
[3.70183592e-09]
not reaching the requested tolerance 1e-09.
Use iteration 51 instead with accuracy 
3.7018359151759407e-09.

  values, vectors = lobpcg(projected_hamiltonian, guess, largest=False,
/home/erosanow_hpc/informed_swapping/BARK.py:156: UserWarning: Exited postprocessing with accuracies 
[3.70183583e-09]
not reaching the requested tolerance 1e-09.
  values, vectors = lobpcg(projected_hamiltonian, guess, largest=False,
/home/erosanow_hpc/informed_swapping/BARK.py:156: UserWarning: Exited at iteration 50 with accuracies 
[5.67199948e-09]
not reaching the requested tolerance 1e-09.
Use iteration 51 instead with accuracy 
5.671999482201245e-09.

  values, vectors = lobpcg(projected_hamiltonian, guess, largest=False,
/home/erosanow_hpc/informed_swapping/BARK.py:156: UserWarning: Exited postprocessing with accuracies 
[5.67199906e-09]
not reaching the requested tolerance 1e-09.
  values, vectors = lobpcg(projected_hamiltonian, guess, largest=False,
/home/erosanow_hpc/informed_swapping/BARK.py:156: UserWarning: Exited at iteration 50 with accuracies 
[6.64932862e-09]
not reaching the requested tolerance 1e-09.
Use iteration 51 instead with accuracy 
6.649328620483294e-09.

  values, vectors = lobpcg(projected_hamiltonian, guess, largest=False,
/home/erosanow_hpc/informed_swapping/BARK.py:156: UserWarning: Exited postprocessing with accuracies 
[6.64932833e-09]
not reaching the requested tolerance 1e-09.
  values, vectors = lobpcg(projected_hamiltonian, guess, largest=False,
/home/erosanow_hpc/informed_swapping/BARK.py:156: UserWarning: Exited at iteration 50 with accuracies 
[8.90313114e-09]
not reaching the requested tolerance 1e-09.
Use iteration 51 instead with accuracy 
8.903131139227329e-09.

  values, vectors = lobpcg(projected_hamiltonian, guess, largest=False,
/home/erosanow_hpc/informed_swapping/BARK.py:156: UserWarning: Exited postprocessing with accuracies 
[8.90313149e-09]
not reaching the requested tolerance 1e-09.
  values, vectors = lobpcg(projected_hamiltonian, guess, largest=False,
/home/erosanow_hpc/informed_swapping/BARK.py:156: UserWarning: Exited at iteration 50 with accuracies 
[7.47777174e-09]
not reaching the requested tolerance 1e-09.
Use iteration 51 instead with accuracy 
7.477771742515796e-09.

  values, vectors = lobpcg(projected_hamiltonian, guess, largest=False,
/home/erosanow_hpc/informed_swapping/BARK.py:156: UserWarning: Exited postprocessing with accuracies 
[7.47777214e-09]
not reaching the requested tolerance 1e-09.
  values, vectors = lobpcg(projected_hamiltonian, guess, largest=False,
/home/erosanow_hpc/informed_swapping/BARK.py:156: UserWarning: Exited at iteration 50 with accuracies 
[1.21042471e-08]
not reaching the requested tolerance 1e-09.
Use iteration 51 instead with accuracy 
1.2104247090618187e-08.

  values, vectors = lobpcg(projected_hamiltonian, guess, largest=False,
/home/erosanow_hpc/informed_swapping/BARK.py:156: UserWarning: Exited postprocessing with accuracies 
[1.2104247e-08]
not reaching the requested tolerance 1e-09.
  values, vectors = lobpcg(projected_hamiltonian, guess, largest=False,
/home/erosanow_hpc/informed_swapping/BARK.py:156: UserWarning: Exited at iteration 50 with accuracies 
[1.30008673e-08]
not reaching the requested tolerance 1e-09.
Use iteration 51 instead with accuracy 
1.3000867285689182e-08.

  values, vectors = lobpcg(projected_hamiltonian, guess, largest=False,
/home/erosanow_hpc/informed_swapping/BARK.py:156: UserWarning: Exited postprocessing with accuracies 
[1.30008673e-08]
not reaching the requested tolerance 1e-09.
  values, vectors = lobpcg(projected_hamiltonian, guess, largest=False,
/home/erosanow_hpc/informed_swapping/BARK.py:156: UserWarning: Exited at iteration 50 with accuracies 
[1.89731628e-08]
not reaching the requested tolerance 1e-09.
Use iteration 51 instead with accuracy 
1.897316275249352e-08.

  values, vectors = lobpcg(projected_hamiltonian, guess, largest=False,
/home/erosanow_hpc/informed_swapping/BARK.py:156: UserWarning: Exited postprocessing with accuracies 
[1.8973163e-08]
not reaching the requested tolerance 1e-09.
  values, vectors = lobpcg(projected_hamiltonian, guess, largest=False,
/home/erosanow_hpc/informed_swapping/BARK.py:156: UserWarning: Exited at iteration 50 with accuracies 
[2.36987836e-09]
not reaching the requested tolerance 1e-09.
Use iteration 51 instead with accuracy 
2.3698783562652512e-09.

  values, vectors = lobpcg(projected_hamiltonian, guess, largest=False,
/home/erosanow_hpc/informed_swapping/BARK.py:156: UserWarning: Exited postprocessing with accuracies 
[2.3698788e-09]
not reaching the requested tolerance 1e-09.
  values, vectors = lobpcg(projected_hamiltonian, guess, largest=False,
/home/erosanow_hpc/informed_swapping/BARK.py:156: UserWarning: Exited at iteration 50 with accuracies 
[3.80738198e-09]
not reaching the requested tolerance 1e-09.
Use iteration 51 instead with accuracy 
3.807381984387663e-09.

  values, vectors = lobpcg(projected_hamiltonian, guess, largest=False,
/home/erosanow_hpc/informed_swapping/BARK.py:156: UserWarning: Exited postprocessing with accuracies 
[3.80738149e-09]
not reaching the requested tolerance 1e-09.
  values, vectors = lobpcg(projected_hamiltonian, guess, largest=False,
/home/erosanow_hpc/informed_swapping/BARK.py:156: UserWarning: Exited at iteration 50 with accuracies 
[4.48357697e-09]
not reaching the requested tolerance 1e-09.
Use iteration 51 instead with accuracy 
4.483576969226814e-09.

  values, vectors = lobpcg(projected_hamiltonian, guess, largest=False,
/home/erosanow_hpc/informed_swapping/BARK.py:156: UserWarning: Exited postprocessing with accuracies 
[4.48357696e-09]
not reaching the requested tolerance 1e-09.
  values, vectors = lobpcg(projected_hamiltonian, guess, largest=False,
/home/erosanow_hpc/informed_swapping/BARK.py:156: UserWarning: Exited at iteration 50 with accuracies 
[6.12588269e-09]
not reaching the requested tolerance 1e-09.
Use iteration 51 instead with accuracy 
6.125882694633463e-09.

  values, vectors = lobpcg(projected_hamiltonian, guess, largest=False,
/home/erosanow_hpc/informed_swapping/BARK.py:156: UserWarning: Exited postprocessing with accuracies 
[6.12588221e-09]
not reaching the requested tolerance 1e-09.
  values, vectors = lobpcg(projected_hamiltonian, guess, largest=False,
/home/erosanow_hpc/informed_swapping/BARK.py:156: UserWarning: Exited at iteration 50 with accuracies 
[4.80963462e-09]
not reaching the requested tolerance 1e-09.
Use iteration 51 instead with accuracy 
4.809634618675936e-09.

  values, vectors = lobpcg(projected_hamiltonian, guess, largest=False,
/home/erosanow_hpc/informed_swapping/BARK.py:156: UserWarning: Exited postprocessing with accuracies 
[4.80963433e-09]
not reaching the requested tolerance 1e-09.
  values, vectors = lobpcg(projected_hamiltonian, guess, largest=False,
/home/erosanow_hpc/informed_swapping/BARK.py:156: UserWarning: Exited at iteration 50 with accuracies 
[7.93198571e-09]
not reaching the requested tolerance 1e-09.
Use iteration 51 instead with accuracy 
7.931985711721602e-09.

  values, vectors = lobpcg(projected_hamiltonian, guess, largest=False,
/home/erosanow_hpc/informed_swapping/BARK.py:156: UserWarning: Exited postprocessing with accuracies 
[7.93198561e-09]
not reaching the requested tolerance 1e-09.
  values, vectors = lobpcg(projected_hamiltonian, guess, largest=False,
/home/erosanow_hpc/informed_swapping/BARK.py:156: UserWarning: Exited at iteration 50 with accuracies 
[8.41392261e-09]
not reaching the requested tolerance 1e-09.
Use iteration 51 instead with accuracy 
8.413922614913638e-09.

  values, vectors = lobpcg(projected_hamiltonian, guess, largest=False,
/home/erosanow_hpc/informed_swapping/BARK.py:156: UserWarning: Exited postprocessing with accuracies 
[8.41392265e-09]
not reaching the requested tolerance 1e-09.
  values, vectors = lobpcg(projected_hamiltonian, guess, largest=False,
/home/erosanow_hpc/informed_swapping/BARK.py:156: UserWarning: Exited at iteration 50 with accuracies 
[1.19480239e-08]
not reaching the requested tolerance 1e-09.
Use iteration 51 instead with accuracy 
1.1948023892139284e-08.

  values, vectors = lobpcg(projected_hamiltonian, guess, largest=False,
/home/erosanow_hpc/informed_swapping/BARK.py:156: UserWarning: Exited postprocessing with accuracies 
[1.19480238e-08]
not reaching the requested tolerance 1e-09.
  values, vectors = lobpcg(projected_hamiltonian, guess, largest=False,
/home/erosanow_hpc/informed_swapping/BARK.py:156: UserWarning: Exited at iteration 50 with accuracies 
[4.94871058e-09]
not reaching the requested tolerance 1e-09.
Use iteration 51 instead with accuracy 
4.948710581251729e-09.

  values, vectors = lobpcg(projected_hamiltonian, guess, largest=False,
/home/erosanow_hpc/informed_swapping/BARK.py:156: UserWarning: Exited postprocessing with accuracies 
[4.94871066e-09]
not reaching the requested tolerance 1e-09.
  values, vectors = lobpcg(projected_hamiltonian, guess, largest=False,
/home/erosanow_hpc/informed_swapping/BARK.py:156: UserWarning: Exited at iteration 50 with accuracies 
[8.02529461e-09]
not reaching the requested tolerance 1e-09.
Use iteration 51 instead with accuracy 
8.025294613479264e-09.

  values, vectors = lobpcg(projected_hamiltonian, guess, largest=False,
/home/erosanow_hpc/informed_swapping/BARK.py:156: UserWarning: Exited postprocessing with accuracies 
[8.0252947e-09]
not reaching the requested tolerance 1e-09.
  values, vectors = lobpcg(projected_hamiltonian, guess, largest=False,
/home/erosanow_hpc/informed_swapping/BARK.py:156: UserWarning: Exited at iteration 50 with accuracies 
[9.73616991e-09]
not reaching the requested tolerance 1e-09.
Use iteration 51 instead with accuracy 
9.736169914134078e-09.

  values, vectors = lobpcg(projected_hamiltonian, guess, largest=False,
/home/erosanow_hpc/informed_swapping/BARK.py:156: UserWarning: Exited postprocessing with accuracies 
[9.73617015e-09]
not reaching the requested tolerance 1e-09.
  values, vectors = lobpcg(projected_hamiltonian, guess, largest=False,
/home/erosanow_hpc/informed_swapping/BARK.py:156: UserWarning: Exited at iteration 50 with accuracies 
[1.39873146e-08]
not reaching the requested tolerance 1e-09.
Use iteration 51 instead with accuracy 
1.3987314593942738e-08.

  values, vectors = lobpcg(projected_hamiltonian, guess, largest=False,
/home/erosanow_hpc/informed_swapping/BARK.py:156: UserWarning: Exited postprocessing with accuracies 
[1.39873147e-08]
not reaching the requested tolerance 1e-09.
  values, vectors = lobpcg(projected_hamiltonian, guess, largest=False,
/home/erosanow_hpc/informed_swapping/BARK.py:156: UserWarning: Exited at iteration 50 with accuracies 
[1.11397063e-08]
not reaching the requested tolerance 1e-09.
Use iteration 51 instead with accuracy 
1.113970630920513e-08.

  values, vectors = lobpcg(projected_hamiltonian, guess, largest=False,
/home/erosanow_hpc/informed_swapping/BARK.py:156: UserWarning: Exited postprocessing with accuracies 
[1.11397061e-08]
not reaching the requested tolerance 1e-09.
  values, vectors = lobpcg(projected_hamiltonian, guess, largest=False,
/home/erosanow_hpc/informed_swapping/BARK.py:156: UserWarning: Exited at iteration 50 with accuracies 
[2.24250482e-08]
not reaching the requested tolerance 1e-09.
Use iteration 51 instead with accuracy 
2.242504815621717e-08.

  values, vectors = lobpcg(projected_hamiltonian, guess, largest=False,
/home/erosanow_hpc/informed_swapping/BARK.py:156: UserWarning: Exited postprocessing with accuracies 
[2.24250481e-08]
not reaching the requested tolerance 1e-09.
  values, vectors = lobpcg(projected_hamiltonian, guess, largest=False,
/home/erosanow_hpc/informed_swapping/BARK.py:156: UserWarning: Exited at iteration 50 with accuracies 
[2.59541677e-08]
not reaching the requested tolerance 1e-09.
Use iteration 51 instead with accuracy 
2.5954167665526786e-08.

  values, vectors = lobpcg(projected_hamiltonian, guess, largest=False,
/home/erosanow_hpc/informed_swapping/BARK.py:156: UserWarning: Exited postprocessing with accuracies 
[2.59541675e-08]
not reaching the requested tolerance 1e-09.
  values, vectors = lobpcg(projected_hamiltonian, guess, largest=False,
/home/erosanow_hpc/informed_swapping/BARK.py:156: UserWarning: Exited at iteration 50 with accuracies 
[5.52862091e-08]
not reaching the requested tolerance 1e-09.
Use iteration 51 instead with accuracy 
5.52862091380574e-08.

  values, vectors = lobpcg(projected_hamiltonian, guess, largest=False,
/home/erosanow_hpc/informed_swapping/BARK.py:156: UserWarning: Exited postprocessing with accuracies 
[5.52862086e-08]
not reaching the requested tolerance 1e-09.
  values, vectors = lobpcg(projected_hamiltonian, guess, largest=False,
/home/erosanow_hpc/informed_swapping/BARK.py:156: UserWarning: Exited at iteration 50 with accuracies 
[6.55637744e-09]
not reaching the requested tolerance 1e-09.
Use iteration 51 instead with accuracy 
6.556377438202744e-09.

  values, vectors = lobpcg(projected_hamiltonian, guess, largest=False,
/home/erosanow_hpc/informed_swapping/BARK.py:156: UserWarning: Exited postprocessing with accuracies 
[6.55637755e-09]
not reaching the requested tolerance 1e-09.
  values, vectors = lobpcg(projected_hamiltonian, guess, largest=False,
/home/erosanow_hpc/informed_swapping/BARK.py:156: UserWarning: Exited at iteration 50 with accuracies 
[1.09326359e-08]
not reaching the requested tolerance 1e-09.
Use iteration 51 instead with accuracy 
1.0932635893685785e-08.

  values, vectors = lobpcg(projected_hamiltonian, guess, largest=False,
/home/erosanow_hpc/informed_swapping/BARK.py:156: UserWarning: Exited postprocessing with accuracies 
[1.09326362e-08]
not reaching the requested tolerance 1e-09.
  values, vectors = lobpcg(projected_hamiltonian, guess, largest=False,
/home/erosanow_hpc/informed_swapping/BARK.py:156: UserWarning: Exited at iteration 50 with accuracies 
[1.36281628e-08]
not reaching the requested tolerance 1e-09.
Use iteration 51 instead with accuracy 
1.3628162834087379e-08.

  values, vectors = lobpcg(projected_hamiltonian, guess, largest=False,
/home/erosanow_hpc/informed_swapping/BARK.py:156: UserWarning: Exited postprocessing with accuracies 
[1.36281624e-08]
not reaching the requested tolerance 1e-09.
  values, vectors = lobpcg(projected_hamiltonian, guess, largest=False,
/home/erosanow_hpc/informed_swapping/BARK.py:156: UserWarning: Exited at iteration 50 with accuracies 
[2.1056538e-08]
not reaching the requested tolerance 1e-09.
Use iteration 51 instead with accuracy 
2.1056537950063477e-08.

  values, vectors = lobpcg(projected_hamiltonian, guess, largest=False,
/home/erosanow_hpc/informed_swapping/BARK.py:156: UserWarning: Exited postprocessing with accuracies 
[2.1056538e-08]
not reaching the requested tolerance 1e-09.
  values, vectors = lobpcg(projected_hamiltonian, guess, largest=False,
/home/erosanow_hpc/informed_swapping/BARK.py:156: UserWarning: Exited at iteration 50 with accuracies 
[1.49892791e-08]
not reaching the requested tolerance 1e-09.
Use iteration 51 instead with accuracy 
1.4989279076131628e-08.

  values, vectors = lobpcg(projected_hamiltonian, guess, largest=False,
/home/erosanow_hpc/informed_swapping/BARK.py:156: UserWarning: Exited postprocessing with accuracies 
[1.4989279e-08]
not reaching the requested tolerance 1e-09.
  values, vectors = lobpcg(projected_hamiltonian, guess, largest=False,
/home/erosanow_hpc/informed_swapping/BARK.py:156: UserWarning: Exited at iteration 50 with accuracies 
[3.77525606e-08]
not reaching the requested tolerance 1e-09.
Use iteration 51 instead with accuracy 
3.7752560555075863e-08.

  values, vectors = lobpcg(projected_hamiltonian, guess, largest=False,
/home/erosanow_hpc/informed_swapping/BARK.py:156: UserWarning: Exited postprocessing with accuracies 
[3.77525606e-08]
not reaching the requested tolerance 1e-09.
  values, vectors = lobpcg(projected_hamiltonian, guess, largest=False,
/home/erosanow_hpc/informed_swapping/BARK.py:156: UserWarning: Exited at iteration 50 with accuracies 
[4.51297559e-08]
not reaching the requested tolerance 1e-09.
Use iteration 51 instead with accuracy 
4.512975589633135e-08.

  values, vectors = lobpcg(projected_hamiltonian, guess, largest=False,
/home/erosanow_hpc/informed_swapping/BARK.py:156: UserWarning: Exited postprocessing with accuracies 
[4.5129755e-08]
not reaching the requested tolerance 1e-09.
  values, vectors = lobpcg(projected_hamiltonian, guess, largest=False,
/home/erosanow_hpc/informed_swapping/BARK.py:156: UserWarning: Exited at iteration 50 with accuracies 
[1.13342332e-07]
not reaching the requested tolerance 1e-09.
Use iteration 50 instead with accuracy 
1.0758619143018679e-07.

  values, vectors = lobpcg(projected_hamiltonian, guess, largest=False,
/home/erosanow_hpc/informed_swapping/BARK.py:156: UserWarning: Exited postprocessing with accuracies 
[1.07586191e-07]
not reaching the requested tolerance 1e-09.
  values, vectors = lobpcg(projected_hamiltonian, guess, largest=False,
/home/erosanow_hpc/informed_swapping/BARK.py:156: UserWarning: Exited at iteration 50 with accuracies 
[1.89943721e-08]
not reaching the requested tolerance 1e-09.
Use iteration 51 instead with accuracy 
1.899437213789635e-08.

  values, vectors = lobpcg(projected_hamiltonian, guess, largest=False,
/home/erosanow_hpc/informed_swapping/BARK.py:156: UserWarning: Exited postprocessing with accuracies 
[1.8994373e-08]
not reaching the requested tolerance 1e-09.
  values, vectors = lobpcg(projected_hamiltonian, guess, largest=False,
/home/erosanow_hpc/informed_swapping/BARK.py:156: UserWarning: Exited at iteration 50 with accuracies 
[5.1453811e-08]
not reaching the requested tolerance 1e-09.
Use iteration 51 instead with accuracy 
5.145381096904054e-08.

  values, vectors = lobpcg(projected_hamiltonian, guess, largest=False,
/home/erosanow_hpc/informed_swapping/BARK.py:156: UserWarning: Exited postprocessing with accuracies 
[5.14538111e-08]
not reaching the requested tolerance 1e-09.
  values, vectors = lobpcg(projected_hamiltonian, guess, largest=False,
/home/erosanow_hpc/informed_swapping/BARK.py:156: UserWarning: Exited at iteration 50 with accuracies 
[9.26332673e-08]
not reaching the requested tolerance 1e-09.
Use iteration 50 instead with accuracy 
9.153024806881235e-08.

  values, vectors = lobpcg(projected_hamiltonian, guess, largest=False,
/home/erosanow_hpc/informed_swapping/BARK.py:156: UserWarning: Exited postprocessing with accuracies 
[9.15302482e-08]
not reaching the requested tolerance 1e-09.
  values, vectors = lobpcg(projected_hamiltonian, guess, largest=False,
/home/erosanow_hpc/informed_swapping/BARK.py:156: UserWarning: Exited at iteration 50 with accuracies 
[2.7000657e-07]
not reaching the requested tolerance 1e-09.
Use iteration 49 instead with accuracy 
2.2074239430846714e-07.

  values, vectors = lobpcg(projected_hamiltonian, guess, largest=False,
/home/erosanow_hpc/informed_swapping/BARK.py:156: UserWarning: Exited postprocessing with accuracies 
[2.20742394e-07]
not reaching the requested tolerance 1e-09.
  values, vectors = lobpcg(projected_hamiltonian, guess, largest=False,
/home/erosanow_hpc/informed_swapping/BARK.py:156: UserWarning: Exited at iteration 50 with accuracies 
[1.37367237e-07]
not reaching the requested tolerance 1e-09.
Use iteration 50 instead with accuracy 
1.246701000885962e-07.

  values, vectors = lobpcg(projected_hamiltonian, guess, largest=False,
/home/erosanow_hpc/informed_swapping/BARK.py:156: UserWarning: Exited postprocessing with accuracies 
[1.246701e-07]
not reaching the requested tolerance 1e-09.
  values, vectors = lobpcg(projected_hamiltonian, guess, largest=False,
/home/erosanow_hpc/informed_swapping/BARK.py:156: UserWarning: Exited at iteration 50 with accuracies 
[9.20795101e-07]
not reaching the requested tolerance 1e-09.
Use iteration 48 instead with accuracy 
6.714304761798551e-07.

  values, vectors = lobpcg(projected_hamiltonian, guess, largest=False,
/home/erosanow_hpc/informed_swapping/BARK.py:156: UserWarning: Exited postprocessing with accuracies 
[6.71430476e-07]
not reaching the requested tolerance 1e-09.
  values, vectors = lobpcg(projected_hamiltonian, guess, largest=False,
/home/erosanow_hpc/informed_swapping/BARK.py:156: UserWarning: Exited at iteration 50 with accuracies 
[1.2093884e-06]
not reaching the requested tolerance 1e-09.
Use iteration 48 instead with accuracy 
9.042417738912241e-07.

  values, vectors = lobpcg(projected_hamiltonian, guess, largest=False,
/home/erosanow_hpc/informed_swapping/BARK.py:156: UserWarning: Exited postprocessing with accuracies 
[9.04241773e-07]
not reaching the requested tolerance 1e-09.
  values, vectors = lobpcg(projected_hamiltonian, guess, largest=False,
/home/erosanow_hpc/informed_swapping/BARK.py:156: UserWarning: Exited at iteration 50 with accuracies 
[2.67038136e-06]
not reaching the requested tolerance 1e-09.
Use iteration 45 instead with accuracy 
2.4081522881329814e-06.

  values, vectors = lobpcg(projected_hamiltonian, guess, largest=False,
/home/erosanow_hpc/informed_swapping/BARK.py:156: UserWarning: Exited postprocessing with accuracies 
[2.40815229e-06]
not reaching the requested tolerance 1e-09.
  values, vectors = lobpcg(projected_hamiltonian, guess, largest=False,
/home/erosanow_hpc/informed_swapping/BARK.py:156: UserWarning: Exited at iteration 50 with accuracies 
[1.00216008e-09]
not reaching the requested tolerance 1e-09.
Use iteration 51 instead with accuracy 
1.0021600792311126e-09.

  values, vectors = lobpcg(projected_hamiltonian, guess, largest=False,
/home/erosanow_hpc/informed_swapping/BARK.py:156: UserWarning: Exited postprocessing with accuracies 
[1.00215999e-09]
not reaching the requested tolerance 1e-09.
  values, vectors = lobpcg(projected_hamiltonian, guess, largest=False,
/home/erosanow_hpc/informed_swapping/BARK.py:156: UserWarning: Exited at iteration 50 with accuracies 
[1.17839759e-09]
not reaching the requested tolerance 1e-09.
Use iteration 51 instead with accuracy 
1.1783975894272723e-09.

  values, vectors = lobpcg(projected_hamiltonian, guess, largest=False,
/home/erosanow_hpc/informed_swapping/BARK.py:156: UserWarning: Exited postprocessing with accuracies 
[1.17839782e-09]
not reaching the requested tolerance 1e-09.
  values, vectors = lobpcg(projected_hamiltonian, guess, largest=False,
/home/erosanow_hpc/informed_swapping/BARK.py:156: UserWarning: Exited at iteration 50 with accuracies 
[1.49551224e-09]
not reaching the requested tolerance 1e-09.
Use iteration 51 instead with accuracy 
1.4955122385517453e-09.

  values, vectors = lobpcg(projected_hamiltonian, guess, largest=False,
/home/erosanow_hpc/informed_swapping/BARK.py:156: UserWarning: Exited postprocessing with accuracies 
[1.49551237e-09]
not reaching the requested tolerance 1e-09.
  values, vectors = lobpcg(projected_hamiltonian, guess, largest=False,
/home/erosanow_hpc/informed_swapping/BARK.py:156: UserWarning: Exited at iteration 50 with accuracies 
[1.65971432e-09]
not reaching the requested tolerance 1e-09.
Use iteration 51 instead with accuracy 
1.6597143165649843e-09.

  values, vectors = lobpcg(projected_hamiltonian, guess, largest=False,
/home/erosanow_hpc/informed_swapping/BARK.py:156: UserWarning: Exited postprocessing with accuracies 
[1.65971413e-09]
not reaching the requested tolerance 1e-09.
  values, vectors = lobpcg(projected_hamiltonian, guess, largest=False,
/home/erosanow_hpc/informed_swapping/BARK.py:156: UserWarning: Exited at iteration 50 with accuracies 
[2.28037552e-09]
not reaching the requested tolerance 1e-09.
Use iteration 51 instead with accuracy 
2.2803755166138744e-09.

  values, vectors = lobpcg(projected_hamiltonian, guess, largest=False,
/home/erosanow_hpc/informed_swapping/BARK.py:156: UserWarning: Exited postprocessing with accuracies 
[2.28037584e-09]
not reaching the requested tolerance 1e-09.
  values, vectors = lobpcg(projected_hamiltonian, guess, largest=False,
/home/erosanow_hpc/informed_swapping/BARK.py:156: UserWarning: Exited at iteration 50 with accuracies 
[1.22548936e-09]
not reaching the requested tolerance 1e-09.
Use iteration 51 instead with accuracy 
1.225489355430413e-09.

  values, vectors = lobpcg(projected_hamiltonian, guess, largest=False,
/home/erosanow_hpc/informed_swapping/BARK.py:156: UserWarning: Exited postprocessing with accuracies 
[1.22548931e-09]
not reaching the requested tolerance 1e-09.
  values, vectors = lobpcg(projected_hamiltonian, guess, largest=False,
/home/erosanow_hpc/informed_swapping/BARK.py:156: UserWarning: Exited at iteration 50 with accuracies 
[1.25317268e-09]
not reaching the requested tolerance 1e-09.
Use iteration 51 instead with accuracy 
1.253172682477458e-09.

  values, vectors = lobpcg(projected_hamiltonian, guess, largest=False,
/home/erosanow_hpc/informed_swapping/BARK.py:156: UserWarning: Exited postprocessing with accuracies 
[1.25317293e-09]
not reaching the requested tolerance 1e-09.
  values, vectors = lobpcg(projected_hamiltonian, guess, largest=False,
/home/erosanow_hpc/informed_swapping/BARK.py:156: UserWarning: Exited at iteration 50 with accuracies 
[1.59738984e-09]
not reaching the requested tolerance 1e-09.
Use iteration 51 instead with accuracy 
1.5973898361401423e-09.

  values, vectors = lobpcg(projected_hamiltonian, guess, largest=False,
/home/erosanow_hpc/informed_swapping/BARK.py:156: UserWarning: Exited postprocessing with accuracies 
[1.59738972e-09]
not reaching the requested tolerance 1e-09.
  values, vectors = lobpcg(projected_hamiltonian, guess, largest=False,
/home/erosanow_hpc/informed_swapping/BARK.py:156: UserWarning: Exited at iteration 50 with accuracies 
[1.05778257e-09]
not reaching the requested tolerance 1e-09.
Use iteration 51 instead with accuracy 
1.0577825749281582e-09.

  values, vectors = lobpcg(projected_hamiltonian, guess, largest=False,
/home/erosanow_hpc/informed_swapping/BARK.py:156: UserWarning: Exited postprocessing with accuracies 
[1.05778231e-09]
not reaching the requested tolerance 1e-09.
  values, vectors = lobpcg(projected_hamiltonian, guess, largest=False,
/home/erosanow_hpc/informed_swapping/BARK.py:156: UserWarning: Exited at iteration 50 with accuracies 
[1.35388053e-09]
not reaching the requested tolerance 1e-09.
Use iteration 51 instead with accuracy 
1.3538805264013666e-09.

  values, vectors = lobpcg(projected_hamiltonian, guess, largest=False,
/home/erosanow_hpc/informed_swapping/BARK.py:156: UserWarning: Exited postprocessing with accuracies 
[1.35388066e-09]
not reaching the requested tolerance 1e-09.
  values, vectors = lobpcg(projected_hamiltonian, guess, largest=False,
/home/erosanow_hpc/informed_swapping/BARK.py:156: UserWarning: Exited at iteration 50 with accuracies 
[1.36392463e-09]
not reaching the requested tolerance 1e-09.
Use iteration 51 instead with accuracy 
1.3639246289149888e-09.

  values, vectors = lobpcg(projected_hamiltonian, guess, largest=False,
/home/erosanow_hpc/informed_swapping/BARK.py:156: UserWarning: Exited postprocessing with accuracies 
[1.36392491e-09]
not reaching the requested tolerance 1e-09.
  values, vectors = lobpcg(projected_hamiltonian, guess, largest=False,
/home/erosanow_hpc/informed_swapping/BARK.py:156: UserWarning: Exited at iteration 50 with accuracies 
[1.71402784e-09]
not reaching the requested tolerance 1e-09.
Use iteration 51 instead with accuracy 
1.7140278380897232e-09.

  values, vectors = lobpcg(projected_hamiltonian, guess, largest=False,
/home/erosanow_hpc/informed_swapping/BARK.py:156: UserWarning: Exited postprocessing with accuracies 
[1.71402729e-09]
not reaching the requested tolerance 1e-09.
  values, vectors = lobpcg(projected_hamiltonian, guess, largest=False,
/home/erosanow_hpc/informed_swapping/BARK.py:156: UserWarning: Exited at iteration 50 with accuracies 
[1.07390514e-09]
not reaching the requested tolerance 1e-09.
Use iteration 51 instead with accuracy 
1.0739051365546123e-09.

  values, vectors = lobpcg(projected_hamiltonian, guess, largest=False,
/home/erosanow_hpc/informed_swapping/BARK.py:156: UserWarning: Exited postprocessing with accuracies 
[1.07390482e-09]
not reaching the requested tolerance 1e-09.
  values, vectors = lobpcg(projected_hamiltonian, guess, largest=False,
/home/erosanow_hpc/informed_swapping/BARK.py:156: UserWarning: Exited at iteration 50 with accuracies 
[1.35783823e-09]
not reaching the requested tolerance 1e-09.
Use iteration 51 instead with accuracy 
1.3578382317786336e-09.

  values, vectors = lobpcg(projected_hamiltonian, guess, largest=False,
/home/erosanow_hpc/informed_swapping/BARK.py:156: UserWarning: Exited postprocessing with accuracies 
[1.35783853e-09]
not reaching the requested tolerance 1e-09.
  values, vectors = lobpcg(projected_hamiltonian, guess, largest=False,
/home/erosanow_hpc/informed_swapping/BARK.py:156: UserWarning: Exited at iteration 50 with accuracies 
[1.13875241e-09]
not reaching the requested tolerance 1e-09.
Use iteration 51 instead with accuracy 
1.138752406890984e-09.

  values, vectors = lobpcg(projected_hamiltonian, guess, largest=False,
/home/erosanow_hpc/informed_swapping/BARK.py:156: UserWarning: Exited postprocessing with accuracies 
[1.13875261e-09]
not reaching the requested tolerance 1e-09.
  values, vectors = lobpcg(projected_hamiltonian, guess, largest=False,
/home/erosanow_hpc/informed_swapping/BARK.py:156: UserWarning: Exited at iteration 50 with accuracies 
[1.70359081e-09]
not reaching the requested tolerance 1e-09.
Use iteration 51 instead with accuracy 
1.7035908092971953e-09.

  values, vectors = lobpcg(projected_hamiltonian, guess, largest=False,
/home/erosanow_hpc/informed_swapping/BARK.py:156: UserWarning: Exited postprocessing with accuracies 
[1.70359074e-09]
not reaching the requested tolerance 1e-09.
  values, vectors = lobpcg(projected_hamiltonian, guess, largest=False,
/home/erosanow_hpc/informed_swapping/BARK.py:156: UserWarning: Exited at iteration 50 with accuracies 
[1.66935376e-09]
not reaching the requested tolerance 1e-09.
Use iteration 51 instead with accuracy 
1.6693537610279605e-09.

  values, vectors = lobpcg(projected_hamiltonian, guess, largest=False,
/home/erosanow_hpc/informed_swapping/BARK.py:156: UserWarning: Exited postprocessing with accuracies 
[1.66935396e-09]
not reaching the requested tolerance 1e-09.
  values, vectors = lobpcg(projected_hamiltonian, guess, largest=False,
/home/erosanow_hpc/informed_swapping/BARK.py:156: UserWarning: Exited at iteration 50 with accuracies 
[2.13157935e-09]
not reaching the requested tolerance 1e-09.
Use iteration 51 instead with accuracy 
2.131579349281224e-09.

  values, vectors = lobpcg(projected_hamiltonian, guess, largest=False,
/home/erosanow_hpc/informed_swapping/BARK.py:156: UserWarning: Exited postprocessing with accuracies 
[2.13157942e-09]
not reaching the requested tolerance 1e-09.
  values, vectors = lobpcg(projected_hamiltonian, guess, largest=False,
/home/erosanow_hpc/informed_swapping/BARK.py:156: UserWarning: Exited at iteration 50 with accuracies 
[1.08397138e-09]
not reaching the requested tolerance 1e-09.
Use iteration 51 instead with accuracy 
1.0839713767241452e-09.

  values, vectors = lobpcg(projected_hamiltonian, guess, largest=False,
/home/erosanow_hpc/informed_swapping/BARK.py:156: UserWarning: Exited postprocessing with accuracies 
[1.08397093e-09]
not reaching the requested tolerance 1e-09.
  values, vectors = lobpcg(projected_hamiltonian, guess, largest=False,
/home/erosanow_hpc/informed_swapping/BARK.py:156: UserWarning: Exited at iteration 50 with accuracies 
[1.6066637e-09]
not reaching the requested tolerance 1e-09.
Use iteration 51 instead with accuracy 
1.606663699558383e-09.

  values, vectors = lobpcg(projected_hamiltonian, guess, largest=False,
/home/erosanow_hpc/informed_swapping/BARK.py:156: UserWarning: Exited postprocessing with accuracies 
[1.60666384e-09]
not reaching the requested tolerance 1e-09.
  values, vectors = lobpcg(projected_hamiltonian, guess, largest=False,
/home/erosanow_hpc/informed_swapping/BARK.py:156: UserWarning: Exited at iteration 50 with accuracies 
[1.89145008e-09]
not reaching the requested tolerance 1e-09.
Use iteration 51 instead with accuracy 
1.8914500758492326e-09.

  values, vectors = lobpcg(projected_hamiltonian, guess, largest=False,
/home/erosanow_hpc/informed_swapping/BARK.py:156: UserWarning: Exited postprocessing with accuracies 
[1.89144985e-09]
not reaching the requested tolerance 1e-09.
  values, vectors = lobpcg(projected_hamiltonian, guess, largest=False,
/home/erosanow_hpc/informed_swapping/BARK.py:156: UserWarning: Exited at iteration 50 with accuracies 
[2.48189775e-09]
not reaching the requested tolerance 1e-09.
Use iteration 51 instead with accuracy 
2.4818977507555e-09.

  values, vectors = lobpcg(projected_hamiltonian, guess, largest=False,
/home/erosanow_hpc/informed_swapping/BARK.py:156: UserWarning: Exited postprocessing with accuracies 
[2.48189755e-09]
not reaching the requested tolerance 1e-09.
  values, vectors = lobpcg(projected_hamiltonian, guess, largest=False,
/home/erosanow_hpc/informed_swapping/BARK.py:156: UserWarning: Exited at iteration 50 with accuracies 
[2.08451116e-09]
not reaching the requested tolerance 1e-09.
Use iteration 51 instead with accuracy 
2.0845111624641856e-09.

  values, vectors = lobpcg(projected_hamiltonian, guess, largest=False,
/home/erosanow_hpc/informed_swapping/BARK.py:156: UserWarning: Exited postprocessing with accuracies 
[2.08451152e-09]
not reaching the requested tolerance 1e-09.
  values, vectors = lobpcg(projected_hamiltonian, guess, largest=False,
/home/erosanow_hpc/informed_swapping/BARK.py:156: UserWarning: Exited at iteration 50 with accuracies 
[3.26379482e-09]
not reaching the requested tolerance 1e-09.
Use iteration 51 instead with accuracy 
3.263794818213744e-09.

  values, vectors = lobpcg(projected_hamiltonian, guess, largest=False,
/home/erosanow_hpc/informed_swapping/BARK.py:156: UserWarning: Exited postprocessing with accuracies 
[3.2637952e-09]
not reaching the requested tolerance 1e-09.
  values, vectors = lobpcg(projected_hamiltonian, guess, largest=False,
/home/erosanow_hpc/informed_swapping/BARK.py:156: UserWarning: Exited at iteration 50 with accuracies 
[3.36090919e-09]
not reaching the requested tolerance 1e-09.
Use iteration 51 instead with accuracy 
3.3609091879055258e-09.

  values, vectors = lobpcg(projected_hamiltonian, guess, largest=False,
/home/erosanow_hpc/informed_swapping/BARK.py:156: UserWarning: Exited postprocessing with accuracies 
[3.36090962e-09]
not reaching the requested tolerance 1e-09.
  values, vectors = lobpcg(projected_hamiltonian, guess, largest=False,
/home/erosanow_hpc/informed_swapping/BARK.py:156: UserWarning: Exited at iteration 50 with accuracies 
[4.56681379e-09]
not reaching the requested tolerance 1e-09.
Use iteration 51 instead with accuracy 
4.566813790318801e-09.

  values, vectors = lobpcg(projected_hamiltonian, guess, largest=False,
/home/erosanow_hpc/informed_swapping/BARK.py:156: UserWarning: Exited postprocessing with accuracies 
[4.56681383e-09]
not reaching the requested tolerance 1e-09.
  values, vectors = lobpcg(projected_hamiltonian, guess, largest=False,
/home/erosanow_hpc/informed_swapping/BARK.py:156: UserWarning: Exited at iteration 50 with accuracies 
[1.11198515e-09]
not reaching the requested tolerance 1e-09.
Use iteration 51 instead with accuracy 
1.1119851506982047e-09.

  values, vectors = lobpcg(projected_hamiltonian, guess, largest=False,
/home/erosanow_hpc/informed_swapping/BARK.py:156: UserWarning: Exited postprocessing with accuracies 
[1.11198488e-09]
not reaching the requested tolerance 1e-09.
  values, vectors = lobpcg(projected_hamiltonian, guess, largest=False,
/home/erosanow_hpc/informed_swapping/BARK.py:156: UserWarning: Exited at iteration 50 with accuracies 
[1.18893561e-09]
not reaching the requested tolerance 1e-09.
Use iteration 51 instead with accuracy 
1.188935606538544e-09.

  values, vectors = lobpcg(projected_hamiltonian, guess, largest=False,
/home/erosanow_hpc/informed_swapping/BARK.py:156: UserWarning: Exited postprocessing with accuracies 
[1.18893591e-09]
not reaching the requested tolerance 1e-09.
  values, vectors = lobpcg(projected_hamiltonian, guess, largest=False,
/home/erosanow_hpc/informed_swapping/BARK.py:156: UserWarning: Exited at iteration 50 with accuracies 
[1.53975097e-09]
not reaching the requested tolerance 1e-09.
Use iteration 51 instead with accuracy 
1.5397509709753613e-09.

  values, vectors = lobpcg(projected_hamiltonian, guess, largest=False,
/home/erosanow_hpc/informed_swapping/BARK.py:156: UserWarning: Exited postprocessing with accuracies 
[1.53975125e-09]
not reaching the requested tolerance 1e-09.
  values, vectors = lobpcg(projected_hamiltonian, guess, largest=False,
/home/erosanow_hpc/informed_swapping/BARK.py:156: UserWarning: Exited at iteration 50 with accuracies 
[1.31060561e-09]
not reaching the requested tolerance 1e-09.
Use iteration 51 instead with accuracy 
1.3106056089904717e-09.

  values, vectors = lobpcg(projected_hamiltonian, guess, largest=False,
/home/erosanow_hpc/informed_swapping/BARK.py:156: UserWarning: Exited postprocessing with accuracies 
[1.31060589e-09]
not reaching the requested tolerance 1e-09.
  values, vectors = lobpcg(projected_hamiltonian, guess, largest=False,
/home/erosanow_hpc/informed_swapping/BARK.py:156: UserWarning: Exited at iteration 50 with accuracies 
[1.66324366e-09]
not reaching the requested tolerance 1e-09.
Use iteration 51 instead with accuracy 
1.6632436630477502e-09.

  values, vectors = lobpcg(projected_hamiltonian, guess, largest=False,
/home/erosanow_hpc/informed_swapping/BARK.py:156: UserWarning: Exited postprocessing with accuracies 
[1.66324349e-09]
not reaching the requested tolerance 1e-09.
  values, vectors = lobpcg(projected_hamiltonian, guess, largest=False,
/home/erosanow_hpc/informed_swapping/BARK.py:156: UserWarning: Exited at iteration 50 with accuracies 
[1.33359176e-09]
not reaching the requested tolerance 1e-09.
Use iteration 51 instead with accuracy 
1.3335917625602521e-09.

  values, vectors = lobpcg(projected_hamiltonian, guess, largest=False,
/home/erosanow_hpc/informed_swapping/BARK.py:156: UserWarning: Exited postprocessing with accuracies 
[1.33359198e-09]
not reaching the requested tolerance 1e-09.
  values, vectors = lobpcg(projected_hamiltonian, guess, largest=False,
/home/erosanow_hpc/informed_swapping/BARK.py:156: UserWarning: Exited at iteration 50 with accuracies 
[1.51099574e-09]
not reaching the requested tolerance 1e-09.
Use iteration 51 instead with accuracy 
1.5109957421935214e-09.

  values, vectors = lobpcg(projected_hamiltonian, guess, largest=False,
/home/erosanow_hpc/informed_swapping/BARK.py:156: UserWarning: Exited postprocessing with accuracies 
[1.51099597e-09]
not reaching the requested tolerance 1e-09.
  values, vectors = lobpcg(projected_hamiltonian, guess, largest=False,
/home/erosanow_hpc/informed_swapping/BARK.py:156: UserWarning: Exited at iteration 50 with accuracies 
[1.91466611e-09]
not reaching the requested tolerance 1e-09.
Use iteration 51 instead with accuracy 
1.9146661079207337e-09.

  values, vectors = lobpcg(projected_hamiltonian, guess, largest=False,
/home/erosanow_hpc/informed_swapping/BARK.py:156: UserWarning: Exited postprocessing with accuracies 
[1.91466618e-09]
not reaching the requested tolerance 1e-09.
  values, vectors = lobpcg(projected_hamiltonian, guess, largest=False,
/home/erosanow_hpc/informed_swapping/BARK.py:156: UserWarning: Exited at iteration 50 with accuracies 
[1.60143832e-09]
not reaching the requested tolerance 1e-09.
Use iteration 51 instead with accuracy 
1.601438324836038e-09.

  values, vectors = lobpcg(projected_hamiltonian, guess, largest=False,
/home/erosanow_hpc/informed_swapping/BARK.py:156: UserWarning: Exited postprocessing with accuracies 
[1.60143862e-09]
not reaching the requested tolerance 1e-09.
  values, vectors = lobpcg(projected_hamiltonian, guess, largest=False,
/home/erosanow_hpc/informed_swapping/BARK.py:156: UserWarning: Exited at iteration 50 with accuracies 
[2.40992646e-09]
not reaching the requested tolerance 1e-09.
Use iteration 51 instead with accuracy 
2.40992645642687e-09.

  values, vectors = lobpcg(projected_hamiltonian, guess, largest=False,
/home/erosanow_hpc/informed_swapping/BARK.py:156: UserWarning: Exited postprocessing with accuracies 
[2.40992658e-09]
not reaching the requested tolerance 1e-09.
  values, vectors = lobpcg(projected_hamiltonian, guess, largest=False,
/home/erosanow_hpc/informed_swapping/BARK.py:156: UserWarning: Exited at iteration 50 with accuracies 
[2.64148651e-09]
not reaching the requested tolerance 1e-09.
Use iteration 51 instead with accuracy 
2.6414865143356855e-09.

  values, vectors = lobpcg(projected_hamiltonian, guess, largest=False,
/home/erosanow_hpc/informed_swapping/BARK.py:156: UserWarning: Exited postprocessing with accuracies 
[2.64148597e-09]
not reaching the requested tolerance 1e-09.
  values, vectors = lobpcg(projected_hamiltonian, guess, largest=False,
/home/erosanow_hpc/informed_swapping/BARK.py:156: UserWarning: Exited at iteration 50 with accuracies 
[3.50307415e-09]
not reaching the requested tolerance 1e-09.
Use iteration 51 instead with accuracy 
3.503074150523687e-09.

  values, vectors = lobpcg(projected_hamiltonian, guess, largest=False,
/home/erosanow_hpc/informed_swapping/BARK.py:156: UserWarning: Exited postprocessing with accuracies 
[3.50307417e-09]
not reaching the requested tolerance 1e-09.
  values, vectors = lobpcg(projected_hamiltonian, guess, largest=False,
/home/erosanow_hpc/informed_swapping/BARK.py:156: UserWarning: Exited at iteration 50 with accuracies 
[1.16888258e-09]
not reaching the requested tolerance 1e-09.
Use iteration 51 instead with accuracy 
1.1688825822406217e-09.

  values, vectors = lobpcg(projected_hamiltonian, guess, largest=False,
/home/erosanow_hpc/informed_swapping/BARK.py:156: UserWarning: Exited postprocessing with accuracies 
[1.16888248e-09]
not reaching the requested tolerance 1e-09.
  values, vectors = lobpcg(projected_hamiltonian, guess, largest=False,
/home/erosanow_hpc/informed_swapping/BARK.py:156: UserWarning: Exited at iteration 50 with accuracies 
[1.17780941e-09]
not reaching the requested tolerance 1e-09.
Use iteration 51 instead with accuracy 
1.1778094084939522e-09.

  values, vectors = lobpcg(projected_hamiltonian, guess, largest=False,
/home/erosanow_hpc/informed_swapping/BARK.py:156: UserWarning: Exited postprocessing with accuracies 
[1.17780967e-09]
not reaching the requested tolerance 1e-09.
  values, vectors = lobpcg(projected_hamiltonian, guess, largest=False,
/home/erosanow_hpc/informed_swapping/BARK.py:156: UserWarning: Exited at iteration 50 with accuracies 
[1.41333877e-09]
not reaching the requested tolerance 1e-09.
Use iteration 51 instead with accuracy 
1.4133387667740067e-09.

  values, vectors = lobpcg(projected_hamiltonian, guess, largest=False,
/home/erosanow_hpc/informed_swapping/BARK.py:156: UserWarning: Exited postprocessing with accuracies 
[1.4133387e-09]
not reaching the requested tolerance 1e-09.
  values, vectors = lobpcg(projected_hamiltonian, guess, largest=False,
/home/erosanow_hpc/informed_swapping/BARK.py:156: UserWarning: Exited at iteration 50 with accuracies 
[1.52425317e-09]
not reaching the requested tolerance 1e-09.
Use iteration 51 instead with accuracy 
1.524253165920218e-09.

  values, vectors = lobpcg(projected_hamiltonian, guess, largest=False,
/home/erosanow_hpc/informed_swapping/BARK.py:156: UserWarning: Exited postprocessing with accuracies 
[1.52425322e-09]
not reaching the requested tolerance 1e-09.
  values, vectors = lobpcg(projected_hamiltonian, guess, largest=False,
/home/erosanow_hpc/informed_swapping/BARK.py:156: UserWarning: Exited at iteration 50 with accuracies 
[1.91248589e-09]
not reaching the requested tolerance 1e-09.
Use iteration 51 instead with accuracy 
1.912485891653249e-09.

  values, vectors = lobpcg(projected_hamiltonian, guess, largest=False,
/home/erosanow_hpc/informed_swapping/BARK.py:156: UserWarning: Exited postprocessing with accuracies 
[1.9124858e-09]
not reaching the requested tolerance 1e-09.
  values, vectors = lobpcg(projected_hamiltonian, guess, largest=False,
/home/erosanow_hpc/informed_swapping/BARK.py:156: UserWarning: Exited at iteration 50 with accuracies 
[1.00794193e-09]
not reaching the requested tolerance 1e-09.
Use iteration 51 instead with accuracy 
1.0079419318057093e-09.

  values, vectors = lobpcg(projected_hamiltonian, guess, largest=False,
/home/erosanow_hpc/informed_swapping/BARK.py:156: UserWarning: Exited postprocessing with accuracies 
[1.00794189e-09]
not reaching the requested tolerance 1e-09.
  values, vectors = lobpcg(projected_hamiltonian, guess, largest=False,
/home/erosanow_hpc/informed_swapping/BARK.py:156: UserWarning: Exited at iteration 50 with accuracies 
[1.10439051e-09]
not reaching the requested tolerance 1e-09.
Use iteration 51 instead with accuracy 
1.1043905130475906e-09.

  values, vectors = lobpcg(projected_hamiltonian, guess, largest=False,
/home/erosanow_hpc/informed_swapping/BARK.py:156: UserWarning: Exited postprocessing with accuracies 
[1.10439073e-09]
not reaching the requested tolerance 1e-09.
  values, vectors = lobpcg(projected_hamiltonian, guess, largest=False,
/home/erosanow_hpc/informed_swapping/BARK.py:156: UserWarning: Exited at iteration 50 with accuracies 
[1.36473694e-09]
not reaching the requested tolerance 1e-09.
Use iteration 51 instead with accuracy 
1.3647369418323877e-09.

  values, vectors = lobpcg(projected_hamiltonian, guess, largest=False,
/home/erosanow_hpc/informed_swapping/BARK.py:156: UserWarning: Exited postprocessing with accuracies 
[1.36473701e-09]
not reaching the requested tolerance 1e-09.
  values, vectors = lobpcg(projected_hamiltonian, guess, largest=False,
/home/erosanow_hpc/informed_swapping/BARK.py:156: UserWarning: Exited at iteration 50 with accuracies 
[1.12357533e-09]
not reaching the requested tolerance 1e-09.
Use iteration 51 instead with accuracy 
1.1235753258046796e-09.

  values, vectors = lobpcg(projected_hamiltonian, guess, largest=False,
/home/erosanow_hpc/informed_swapping/BARK.py:156: UserWarning: Exited postprocessing with accuracies 
[1.12357581e-09]
not reaching the requested tolerance 1e-09.
  values, vectors = lobpcg(projected_hamiltonian, guess, largest=False,
/home/erosanow_hpc/informed_swapping/BARK.py:156: UserWarning: Exited at iteration 50 with accuracies 
[1.66124316e-09]
not reaching the requested tolerance 1e-09.
Use iteration 51 instead with accuracy 
1.6612431631224767e-09.

  values, vectors = lobpcg(projected_hamiltonian, guess, largest=False,
/home/erosanow_hpc/informed_swapping/BARK.py:156: UserWarning: Exited postprocessing with accuracies 
[1.66124342e-09]
not reaching the requested tolerance 1e-09.
  values, vectors = lobpcg(projected_hamiltonian, guess, largest=False,
/home/erosanow_hpc/informed_swapping/BARK.py:156: UserWarning: Exited at iteration 50 with accuracies 
[1.75535418e-09]
not reaching the requested tolerance 1e-09.
Use iteration 51 instead with accuracy 
1.7553541790175112e-09.

  values, vectors = lobpcg(projected_hamiltonian, guess, largest=False,
/home/erosanow_hpc/informed_swapping/BARK.py:156: UserWarning: Exited postprocessing with accuracies 
[1.75535508e-09]
not reaching the requested tolerance 1e-09.
  values, vectors = lobpcg(projected_hamiltonian, guess, largest=False,
/home/erosanow_hpc/informed_swapping/BARK.py:156: UserWarning: Exited at iteration 50 with accuracies 
[2.20295906e-09]
not reaching the requested tolerance 1e-09.
Use iteration 51 instead with accuracy 
2.202959057348329e-09.

  values, vectors = lobpcg(projected_hamiltonian, guess, largest=False,
/home/erosanow_hpc/informed_swapping/BARK.py:156: UserWarning: Exited postprocessing with accuracies 
[2.20295896e-09]
not reaching the requested tolerance 1e-09.
  values, vectors = lobpcg(projected_hamiltonian, guess, largest=False,
/home/erosanow_hpc/informed_swapping/BARK.py:156: UserWarning: Exited at iteration 50 with accuracies 
[1.11920008e-09]
not reaching the requested tolerance 1e-09.
Use iteration 51 instead with accuracy 
1.119200081512482e-09.

  values, vectors = lobpcg(projected_hamiltonian, guess, largest=False,
/home/erosanow_hpc/informed_swapping/BARK.py:156: UserWarning: Exited postprocessing with accuracies 
[1.11920008e-09]
not reaching the requested tolerance 1e-09.
  values, vectors = lobpcg(projected_hamiltonian, guess, largest=False,
/home/erosanow_hpc/informed_swapping/BARK.py:156: UserWarning: Exited at iteration 50 with accuracies 
[1.61872999e-09]
not reaching the requested tolerance 1e-09.
Use iteration 51 instead with accuracy 
1.6187299914903495e-09.

  values, vectors = lobpcg(projected_hamiltonian, guess, largest=False,
/home/erosanow_hpc/informed_swapping/BARK.py:156: UserWarning: Exited postprocessing with accuracies 
[1.61872977e-09]
not reaching the requested tolerance 1e-09.
  values, vectors = lobpcg(projected_hamiltonian, guess, largest=False,
/home/erosanow_hpc/informed_swapping/BARK.py:156: UserWarning: Exited at iteration 50 with accuracies 
[1.81726155e-09]
not reaching the requested tolerance 1e-09.
Use iteration 51 instead with accuracy 
1.8172615465549396e-09.

  values, vectors = lobpcg(projected_hamiltonian, guess, largest=False,
/home/erosanow_hpc/informed_swapping/BARK.py:156: UserWarning: Exited postprocessing with accuracies 
[1.81726183e-09]
not reaching the requested tolerance 1e-09.
  values, vectors = lobpcg(projected_hamiltonian, guess, largest=False,
/home/erosanow_hpc/informed_swapping/BARK.py:156: UserWarning: Exited at iteration 50 with accuracies 
[2.27906826e-09]
not reaching the requested tolerance 1e-09.
Use iteration 51 instead with accuracy 
2.2790682647231845e-09.

  values, vectors = lobpcg(projected_hamiltonian, guess, largest=False,
/home/erosanow_hpc/informed_swapping/BARK.py:156: UserWarning: Exited postprocessing with accuracies 
[2.27906859e-09]
not reaching the requested tolerance 1e-09.
  values, vectors = lobpcg(projected_hamiltonian, guess, largest=False,
/home/erosanow_hpc/informed_swapping/BARK.py:156: UserWarning: Exited at iteration 50 with accuracies 
[1.88984412e-09]
not reaching the requested tolerance 1e-09.
Use iteration 51 instead with accuracy 
1.88984411758759e-09.

  values, vectors = lobpcg(projected_hamiltonian, guess, largest=False,
/home/erosanow_hpc/informed_swapping/BARK.py:156: UserWarning: Exited postprocessing with accuracies 
[1.889844e-09]
not reaching the requested tolerance 1e-09.
  values, vectors = lobpcg(projected_hamiltonian, guess, largest=False,
/home/erosanow_hpc/informed_swapping/BARK.py:156: UserWarning: Exited at iteration 50 with accuracies 
[2.86018511e-09]
not reaching the requested tolerance 1e-09.
Use iteration 51 instead with accuracy 
2.860185112043299e-09.

  values, vectors = lobpcg(projected_hamiltonian, guess, largest=False,
/home/erosanow_hpc/informed_swapping/BARK.py:156: UserWarning: Exited postprocessing with accuracies 
[2.86018508e-09]
not reaching the requested tolerance 1e-09.
  values, vectors = lobpcg(projected_hamiltonian, guess, largest=False,
/home/erosanow_hpc/informed_swapping/BARK.py:156: UserWarning: Exited at iteration 50 with accuracies 
[3.12211575e-09]
not reaching the requested tolerance 1e-09.
Use iteration 51 instead with accuracy 
3.1221157504301143e-09.

  values, vectors = lobpcg(projected_hamiltonian, guess, largest=False,
/home/erosanow_hpc/informed_swapping/BARK.py:156: UserWarning: Exited postprocessing with accuracies 
[3.12211579e-09]
not reaching the requested tolerance 1e-09.
  values, vectors = lobpcg(projected_hamiltonian, guess, largest=False,
/home/erosanow_hpc/informed_swapping/BARK.py:156: UserWarning: Exited at iteration 50 with accuracies 
[4.06524207e-09]
not reaching the requested tolerance 1e-09.
Use iteration 51 instead with accuracy 
4.065242074769541e-09.

  values, vectors = lobpcg(projected_hamiltonian, guess, largest=False,
/home/erosanow_hpc/informed_swapping/BARK.py:156: UserWarning: Exited postprocessing with accuracies 
[4.06524192e-09]
not reaching the requested tolerance 1e-09.
  values, vectors = lobpcg(projected_hamiltonian, guess, largest=False,
/home/erosanow_hpc/informed_swapping/BARK.py:156: UserWarning: Exited at iteration 50 with accuracies 
[1.29539123e-09]
not reaching the requested tolerance 1e-09.
Use iteration 51 instead with accuracy 
1.2953912294274098e-09.

  values, vectors = lobpcg(projected_hamiltonian, guess, largest=False,
/home/erosanow_hpc/informed_swapping/BARK.py:156: UserWarning: Exited postprocessing with accuracies 
[1.29539167e-09]
not reaching the requested tolerance 1e-09.
  values, vectors = lobpcg(projected_hamiltonian, guess, largest=False,
/home/erosanow_hpc/informed_swapping/BARK.py:156: UserWarning: Exited at iteration 50 with accuracies 
[1.44192523e-09]
not reaching the requested tolerance 1e-09.
Use iteration 51 instead with accuracy 
1.4419252321894623e-09.

  values, vectors = lobpcg(projected_hamiltonian, guess, largest=False,
/home/erosanow_hpc/informed_swapping/BARK.py:156: UserWarning: Exited postprocessing with accuracies 
[1.44192421e-09]
not reaching the requested tolerance 1e-09.
  values, vectors = lobpcg(projected_hamiltonian, guess, largest=False,
/home/erosanow_hpc/informed_swapping/BARK.py:156: UserWarning: Exited at iteration 50 with accuracies 
[1.79600845e-09]
not reaching the requested tolerance 1e-09.
Use iteration 51 instead with accuracy 
1.7960084478912474e-09.

  values, vectors = lobpcg(projected_hamiltonian, guess, largest=False,
/home/erosanow_hpc/informed_swapping/BARK.py:156: UserWarning: Exited postprocessing with accuracies 
[1.7960091e-09]
not reaching the requested tolerance 1e-09.
  values, vectors = lobpcg(projected_hamiltonian, guess, largest=False,
/home/erosanow_hpc/informed_swapping/BARK.py:156: UserWarning: Exited at iteration 50 with accuracies 
[1.46402245e-09]
not reaching the requested tolerance 1e-09.
Use iteration 51 instead with accuracy 
1.4640224526730249e-09.

  values, vectors = lobpcg(projected_hamiltonian, guess, largest=False,
/home/erosanow_hpc/informed_swapping/BARK.py:156: UserWarning: Exited postprocessing with accuracies 
[1.46402184e-09]
not reaching the requested tolerance 1e-09.
  values, vectors = lobpcg(projected_hamiltonian, guess, largest=False,
/home/erosanow_hpc/informed_swapping/BARK.py:156: UserWarning: Exited at iteration 50 with accuracies 
[2.17456874e-09]
not reaching the requested tolerance 1e-09.
Use iteration 51 instead with accuracy 
2.1745687417227526e-09.

  values, vectors = lobpcg(projected_hamiltonian, guess, largest=False,
/home/erosanow_hpc/informed_swapping/BARK.py:156: UserWarning: Exited postprocessing with accuracies 
[2.17456866e-09]
not reaching the requested tolerance 1e-09.
  values, vectors = lobpcg(projected_hamiltonian, guess, largest=False,
/home/erosanow_hpc/informed_swapping/BARK.py:156: UserWarning: Exited at iteration 50 with accuracies 
[2.29422042e-09]
not reaching the requested tolerance 1e-09.
Use iteration 51 instead with accuracy 
2.2942204186347353e-09.

  values, vectors = lobpcg(projected_hamiltonian, guess, largest=False,
/home/erosanow_hpc/informed_swapping/BARK.py:156: UserWarning: Exited postprocessing with accuracies 
[2.29422049e-09]
not reaching the requested tolerance 1e-09.
  values, vectors = lobpcg(projected_hamiltonian, guess, largest=False,
/home/erosanow_hpc/informed_swapping/BARK.py:156: UserWarning: Exited at iteration 50 with accuracies 
[2.8972613e-09]
not reaching the requested tolerance 1e-09.
Use iteration 51 instead with accuracy 
2.8972612959952046e-09.

  values, vectors = lobpcg(projected_hamiltonian, guess, largest=False,
/home/erosanow_hpc/informed_swapping/BARK.py:156: UserWarning: Exited postprocessing with accuracies 
[2.89726126e-09]
not reaching the requested tolerance 1e-09.
  values, vectors = lobpcg(projected_hamiltonian, guess, largest=False,
/home/erosanow_hpc/informed_swapping/BARK.py:156: UserWarning: Exited at iteration 50 with accuracies 
[1.55339428e-09]
not reaching the requested tolerance 1e-09.
Use iteration 51 instead with accuracy 
1.5533942797631397e-09.

  values, vectors = lobpcg(projected_hamiltonian, guess, largest=False,
/home/erosanow_hpc/informed_swapping/BARK.py:156: UserWarning: Exited postprocessing with accuracies 
[1.55339436e-09]
not reaching the requested tolerance 1e-09.
  values, vectors = lobpcg(projected_hamiltonian, guess, largest=False,
/home/erosanow_hpc/informed_swapping/BARK.py:156: UserWarning: Exited at iteration 50 with accuracies 
[2.28970435e-09]
not reaching the requested tolerance 1e-09.
Use iteration 51 instead with accuracy 
2.2897043521252596e-09.

  values, vectors = lobpcg(projected_hamiltonian, guess, largest=False,
/home/erosanow_hpc/informed_swapping/BARK.py:156: UserWarning: Exited postprocessing with accuracies 
[2.28970455e-09]
not reaching the requested tolerance 1e-09.
  values, vectors = lobpcg(projected_hamiltonian, guess, largest=False,
/home/erosanow_hpc/informed_swapping/BARK.py:156: UserWarning: Exited at iteration 50 with accuracies 
[2.6003779e-09]
not reaching the requested tolerance 1e-09.
Use iteration 51 instead with accuracy 
2.6003778999891956e-09.

  values, vectors = lobpcg(projected_hamiltonian, guess, largest=False,
/home/erosanow_hpc/informed_swapping/BARK.py:156: UserWarning: Exited postprocessing with accuracies 
[2.60037782e-09]
not reaching the requested tolerance 1e-09.
  values, vectors = lobpcg(projected_hamiltonian, guess, largest=False,
/home/erosanow_hpc/informed_swapping/BARK.py:156: UserWarning: Exited at iteration 50 with accuracies 
[3.32235643e-09]
not reaching the requested tolerance 1e-09.
Use iteration 51 instead with accuracy 
3.32235643359323e-09.

  values, vectors = lobpcg(projected_hamiltonian, guess, largest=False,
/home/erosanow_hpc/informed_swapping/BARK.py:156: UserWarning: Exited postprocessing with accuracies 
[3.32235643e-09]
not reaching the requested tolerance 1e-09.
  values, vectors = lobpcg(projected_hamiltonian, guess, largest=False,
/home/erosanow_hpc/informed_swapping/BARK.py:156: UserWarning: Exited at iteration 50 with accuracies 
[2.69854959e-09]
not reaching the requested tolerance 1e-09.
Use iteration 51 instead with accuracy 
2.6985495921036688e-09.

  values, vectors = lobpcg(projected_hamiltonian, guess, largest=False,
/home/erosanow_hpc/informed_swapping/BARK.py:156: UserWarning: Exited postprocessing with accuracies 
[2.69854969e-09]
not reaching the requested tolerance 1e-09.
  values, vectors = lobpcg(projected_hamiltonian, guess, largest=False,
/home/erosanow_hpc/informed_swapping/BARK.py:156: UserWarning: Exited at iteration 50 with accuracies 
[4.15289139e-09]
not reaching the requested tolerance 1e-09.
Use iteration 51 instead with accuracy 
4.152891391585944e-09.

  values, vectors = lobpcg(projected_hamiltonian, guess, largest=False,
/home/erosanow_hpc/informed_swapping/BARK.py:156: UserWarning: Exited postprocessing with accuracies 
[4.15289135e-09]
not reaching the requested tolerance 1e-09.
  values, vectors = lobpcg(projected_hamiltonian, guess, largest=False,
/home/erosanow_hpc/informed_swapping/BARK.py:156: UserWarning: Exited at iteration 50 with accuracies 
[4.44025249e-09]
not reaching the requested tolerance 1e-09.
Use iteration 51 instead with accuracy 
4.440252493557373e-09.

  values, vectors = lobpcg(projected_hamiltonian, guess, largest=False,
/home/erosanow_hpc/informed_swapping/BARK.py:156: UserWarning: Exited postprocessing with accuracies 
[4.4402527e-09]
not reaching the requested tolerance 1e-09.
  values, vectors = lobpcg(projected_hamiltonian, guess, largest=False,
/home/erosanow_hpc/informed_swapping/BARK.py:156: UserWarning: Exited at iteration 50 with accuracies 
[5.850805e-09]
not reaching the requested tolerance 1e-09.
Use iteration 51 instead with accuracy 
5.850804998689084e-09.

  values, vectors = lobpcg(projected_hamiltonian, guess, largest=False,
/home/erosanow_hpc/informed_swapping/BARK.py:156: UserWarning: Exited postprocessing with accuracies 
[5.85080519e-09]
not reaching the requested tolerance 1e-09.
  values, vectors = lobpcg(projected_hamiltonian, guess, largest=False,
/home/erosanow_hpc/informed_swapping/BARK.py:156: UserWarning: Exited at iteration 50 with accuracies 
[1.27511116e-09]
not reaching the requested tolerance 1e-09.
Use iteration 51 instead with accuracy 
1.2751111566874084e-09.

  values, vectors = lobpcg(projected_hamiltonian, guess, largest=False,
/home/erosanow_hpc/informed_swapping/BARK.py:156: UserWarning: Exited postprocessing with accuracies 
[1.27511102e-09]
not reaching the requested tolerance 1e-09.
  values, vectors = lobpcg(projected_hamiltonian, guess, largest=False,
/home/erosanow_hpc/informed_swapping/BARK.py:156: UserWarning: Exited at iteration 50 with accuracies 
[1.4311338e-09]
not reaching the requested tolerance 1e-09.
Use iteration 51 instead with accuracy 
1.4311337963459294e-09.

  values, vectors = lobpcg(projected_hamiltonian, guess, largest=False,
/home/erosanow_hpc/informed_swapping/BARK.py:156: UserWarning: Exited postprocessing with accuracies 
[1.43113349e-09]
not reaching the requested tolerance 1e-09.
  values, vectors = lobpcg(projected_hamiltonian, guess, largest=False,
/home/erosanow_hpc/informed_swapping/BARK.py:156: UserWarning: Exited at iteration 50 with accuracies 
[1.91242278e-09]
not reaching the requested tolerance 1e-09.
Use iteration 51 instead with accuracy 
1.9124227764947236e-09.

  values, vectors = lobpcg(projected_hamiltonian, guess, largest=False,
/home/erosanow_hpc/informed_swapping/BARK.py:156: UserWarning: Exited postprocessing with accuracies 
[1.91242263e-09]
not reaching the requested tolerance 1e-09.
  values, vectors = lobpcg(projected_hamiltonian, guess, largest=False,
/home/erosanow_hpc/informed_swapping/BARK.py:156: UserWarning: Exited at iteration 50 with accuracies 
[1.58692022e-09]
not reaching the requested tolerance 1e-09.
Use iteration 51 instead with accuracy 
1.5869202157201635e-09.

  values, vectors = lobpcg(projected_hamiltonian, guess, largest=False,
/home/erosanow_hpc/informed_swapping/BARK.py:156: UserWarning: Exited postprocessing with accuracies 
[1.58692028e-09]
not reaching the requested tolerance 1e-09.
  values, vectors = lobpcg(projected_hamiltonian, guess, largest=False,
/home/erosanow_hpc/informed_swapping/BARK.py:156: UserWarning: Exited at iteration 50 with accuracies 
[2.49493802e-09]
not reaching the requested tolerance 1e-09.
Use iteration 51 instead with accuracy 
2.4949380156975635e-09.

  values, vectors = lobpcg(projected_hamiltonian, guess, largest=False,
/home/erosanow_hpc/informed_swapping/BARK.py:156: UserWarning: Exited postprocessing with accuracies 
[2.49493787e-09]
not reaching the requested tolerance 1e-09.
  values, vectors = lobpcg(projected_hamiltonian, guess, largest=False,
/home/erosanow_hpc/informed_swapping/BARK.py:156: UserWarning: Exited at iteration 50 with accuracies 
[2.76104492e-09]
not reaching the requested tolerance 1e-09.
Use iteration 51 instead with accuracy 
2.7610449248455382e-09.

  values, vectors = lobpcg(projected_hamiltonian, guess, largest=False,
/home/erosanow_hpc/informed_swapping/BARK.py:156: UserWarning: Exited postprocessing with accuracies 
[2.76104468e-09]
not reaching the requested tolerance 1e-09.
  values, vectors = lobpcg(projected_hamiltonian, guess, largest=False,
/home/erosanow_hpc/informed_swapping/BARK.py:156: UserWarning: Exited at iteration 50 with accuracies 
[3.74701915e-09]
not reaching the requested tolerance 1e-09.
Use iteration 51 instead with accuracy 
3.747019153008147e-09.

  values, vectors = lobpcg(projected_hamiltonian, guess, largest=False,
/home/erosanow_hpc/informed_swapping/BARK.py:156: UserWarning: Exited postprocessing with accuracies 
[3.7470195e-09]
not reaching the requested tolerance 1e-09.
  values, vectors = lobpcg(projected_hamiltonian, guess, largest=False,
/home/erosanow_hpc/informed_swapping/BARK.py:156: UserWarning: Exited at iteration 50 with accuracies 
[1.67852752e-09]
not reaching the requested tolerance 1e-09.
Use iteration 51 instead with accuracy 
1.6785275180763275e-09.

  values, vectors = lobpcg(projected_hamiltonian, guess, largest=False,
/home/erosanow_hpc/informed_swapping/BARK.py:156: UserWarning: Exited postprocessing with accuracies 
[1.67852746e-09]
not reaching the requested tolerance 1e-09.
  values, vectors = lobpcg(projected_hamiltonian, guess, largest=False,
/home/erosanow_hpc/informed_swapping/BARK.py:156: UserWarning: Exited at iteration 50 with accuracies 
[2.69620974e-09]
not reaching the requested tolerance 1e-09.
Use iteration 51 instead with accuracy 
2.696209742863881e-09.

  values, vectors = lobpcg(projected_hamiltonian, guess, largest=False,
/home/erosanow_hpc/informed_swapping/BARK.py:156: UserWarning: Exited postprocessing with accuracies 
[2.69620985e-09]
not reaching the requested tolerance 1e-09.
  values, vectors = lobpcg(projected_hamiltonian, guess, largest=False,
/home/erosanow_hpc/informed_swapping/BARK.py:156: UserWarning: Exited at iteration 50 with accuracies 
[3.17842509e-09]
not reaching the requested tolerance 1e-09.
Use iteration 51 instead with accuracy 
3.178425085267356e-09.

  values, vectors = lobpcg(projected_hamiltonian, guess, largest=False,
/home/erosanow_hpc/informed_swapping/BARK.py:156: UserWarning: Exited postprocessing with accuracies 
[3.17842501e-09]
not reaching the requested tolerance 1e-09.
  values, vectors = lobpcg(projected_hamiltonian, guess, largest=False,
/home/erosanow_hpc/informed_swapping/BARK.py:156: UserWarning: Exited at iteration 50 with accuracies 
[4.35216139e-09]
not reaching the requested tolerance 1e-09.
Use iteration 51 instead with accuracy 
4.352161391251635e-09.

  values, vectors = lobpcg(projected_hamiltonian, guess, largest=False,
/home/erosanow_hpc/informed_swapping/BARK.py:156: UserWarning: Exited postprocessing with accuracies 
[4.35216156e-09]
not reaching the requested tolerance 1e-09.
  values, vectors = lobpcg(projected_hamiltonian, guess, largest=False,
/home/erosanow_hpc/informed_swapping/BARK.py:156: UserWarning: Exited at iteration 50 with accuracies 
[3.7701901e-09]
not reaching the requested tolerance 1e-09.
Use iteration 51 instead with accuracy 
3.7701901004600524e-09.

  values, vectors = lobpcg(projected_hamiltonian, guess, largest=False,
/home/erosanow_hpc/informed_swapping/BARK.py:156: UserWarning: Exited postprocessing with accuracies 
[3.77019038e-09]
not reaching the requested tolerance 1e-09.
  values, vectors = lobpcg(projected_hamiltonian, guess, largest=False,
/home/erosanow_hpc/informed_swapping/BARK.py:156: UserWarning: Exited at iteration 50 with accuracies 
[6.43196865e-09]
not reaching the requested tolerance 1e-09.
Use iteration 51 instead with accuracy 
6.431968650297433e-09.

  values, vectors = lobpcg(projected_hamiltonian, guess, largest=False,
/home/erosanow_hpc/informed_swapping/BARK.py:156: UserWarning: Exited postprocessing with accuracies 
[6.43196886e-09]
not reaching the requested tolerance 1e-09.
  values, vectors = lobpcg(projected_hamiltonian, guess, largest=False,
/home/erosanow_hpc/informed_swapping/BARK.py:156: UserWarning: Exited at iteration 50 with accuracies 
[7.22281642e-09]
not reaching the requested tolerance 1e-09.
Use iteration 51 instead with accuracy 
7.22281641774245e-09.

  values, vectors = lobpcg(projected_hamiltonian, guess, largest=False,
/home/erosanow_hpc/informed_swapping/BARK.py:156: UserWarning: Exited postprocessing with accuracies 
[7.22281652e-09]
not reaching the requested tolerance 1e-09.
  values, vectors = lobpcg(projected_hamiltonian, guess, largest=False,
/home/erosanow_hpc/informed_swapping/BARK.py:156: UserWarning: Exited at iteration 50 with accuracies 
[1.04536658e-08]
not reaching the requested tolerance 1e-09.
Use iteration 51 instead with accuracy 
1.0453665827711794e-08.

  values, vectors = lobpcg(projected_hamiltonian, guess, largest=False,
/home/erosanow_hpc/informed_swapping/BARK.py:156: UserWarning: Exited postprocessing with accuracies 
[1.04536659e-08]
not reaching the requested tolerance 1e-09.
  values, vectors = lobpcg(projected_hamiltonian, guess, largest=False,
/home/erosanow_hpc/informed_swapping/BARK.py:156: UserWarning: Exited at iteration 50 with accuracies 
[1.08551653e-09]
not reaching the requested tolerance 1e-09.
Use iteration 51 instead with accuracy 
1.085516532317337e-09.

  values, vectors = lobpcg(projected_hamiltonian, guess, largest=False,
/home/erosanow_hpc/informed_swapping/BARK.py:156: UserWarning: Exited postprocessing with accuracies 
[1.08551648e-09]
not reaching the requested tolerance 1e-09.
  values, vectors = lobpcg(projected_hamiltonian, guess, largest=False,
/home/erosanow_hpc/informed_swapping/BARK.py:156: UserWarning: Exited at iteration 50 with accuracies 
[1.11628901e-09]
not reaching the requested tolerance 1e-09.
Use iteration 51 instead with accuracy 
1.1162890059746075e-09.

  values, vectors = lobpcg(projected_hamiltonian, guess, largest=False,
/home/erosanow_hpc/informed_swapping/BARK.py:156: UserWarning: Exited postprocessing with accuracies 
[1.11628893e-09]
not reaching the requested tolerance 1e-09.
  values, vectors = lobpcg(projected_hamiltonian, guess, largest=False,
/home/erosanow_hpc/informed_swapping/BARK.py:156: UserWarning: Exited at iteration 50 with accuracies 
[1.36951835e-09]
not reaching the requested tolerance 1e-09.
Use iteration 51 instead with accuracy 
1.3695183497354765e-09.

  values, vectors = lobpcg(projected_hamiltonian, guess, largest=False,
/home/erosanow_hpc/informed_swapping/BARK.py:156: UserWarning: Exited postprocessing with accuracies 
[1.36951809e-09]
not reaching the requested tolerance 1e-09.
  values, vectors = lobpcg(projected_hamiltonian, guess, largest=False,
/home/erosanow_hpc/informed_swapping/BARK.py:156: UserWarning: Exited at iteration 50 with accuracies 
[1.40522402e-09]
not reaching the requested tolerance 1e-09.
Use iteration 51 instead with accuracy 
1.4052240193114457e-09.

  values, vectors = lobpcg(projected_hamiltonian, guess, largest=False,
/home/erosanow_hpc/informed_swapping/BARK.py:156: UserWarning: Exited postprocessing with accuracies 
[1.40522411e-09]
not reaching the requested tolerance 1e-09.
  values, vectors = lobpcg(projected_hamiltonian, guess, largest=False,
/home/erosanow_hpc/informed_swapping/BARK.py:156: UserWarning: Exited at iteration 50 with accuracies 
[1.74045907e-09]
not reaching the requested tolerance 1e-09.
Use iteration 51 instead with accuracy 
1.7404590689375498e-09.

  values, vectors = lobpcg(projected_hamiltonian, guess, largest=False,
/home/erosanow_hpc/informed_swapping/BARK.py:156: UserWarning: Exited postprocessing with accuracies 
[1.74045896e-09]
not reaching the requested tolerance 1e-09.
  values, vectors = lobpcg(projected_hamiltonian, guess, largest=False,
/home/erosanow_hpc/informed_swapping/BARK.py:156: UserWarning: Exited at iteration 50 with accuracies 
[1.05065217e-09]
not reaching the requested tolerance 1e-09.
Use iteration 51 instead with accuracy 
1.0506521687438682e-09.

  values, vectors = lobpcg(projected_hamiltonian, guess, largest=False,
/home/erosanow_hpc/informed_swapping/BARK.py:156: UserWarning: Exited postprocessing with accuracies 
[1.0506519e-09]
not reaching the requested tolerance 1e-09.
  values, vectors = lobpcg(projected_hamiltonian, guess, largest=False,
/home/erosanow_hpc/informed_swapping/BARK.py:156: UserWarning: Exited at iteration 50 with accuracies 
[1.0831439e-09]
not reaching the requested tolerance 1e-09.
Use iteration 51 instead with accuracy 
1.0831438963295997e-09.

  values, vectors = lobpcg(projected_hamiltonian, guess, largest=False,
/home/erosanow_hpc/informed_swapping/BARK.py:156: UserWarning: Exited postprocessing with accuracies 
[1.08314375e-09]
not reaching the requested tolerance 1e-09.
  values, vectors = lobpcg(projected_hamiltonian, guess, largest=False,
/home/erosanow_hpc/informed_swapping/BARK.py:156: UserWarning: Exited at iteration 50 with accuracies 
[1.33226926e-09]
not reaching the requested tolerance 1e-09.
Use iteration 51 instead with accuracy 
1.3322692628236985e-09.

  values, vectors = lobpcg(projected_hamiltonian, guess, largest=False,
/home/erosanow_hpc/informed_swapping/BARK.py:156: UserWarning: Exited postprocessing with accuracies 
[1.332269e-09]
not reaching the requested tolerance 1e-09.
  values, vectors = lobpcg(projected_hamiltonian, guess, largest=False,
/home/erosanow_hpc/informed_swapping/BARK.py:156: UserWarning: Exited at iteration 50 with accuracies 
[1.07418212e-09]
not reaching the requested tolerance 1e-09.
Use iteration 51 instead with accuracy 
1.0741821166767364e-09.

  values, vectors = lobpcg(projected_hamiltonian, guess, largest=False,
/home/erosanow_hpc/informed_swapping/BARK.py:156: UserWarning: Exited postprocessing with accuracies 
[1.07418235e-09]
not reaching the requested tolerance 1e-09.
  values, vectors = lobpcg(projected_hamiltonian, guess, largest=False,
/home/erosanow_hpc/informed_swapping/BARK.py:156: UserWarning: Exited at iteration 50 with accuracies 
[1.22232707e-09]
not reaching the requested tolerance 1e-09.
Use iteration 51 instead with accuracy 
1.2223270708829616e-09.

  values, vectors = lobpcg(projected_hamiltonian, guess, largest=False,
/home/erosanow_hpc/informed_swapping/BARK.py:156: UserWarning: Exited postprocessing with accuracies 
[1.22232728e-09]
not reaching the requested tolerance 1e-09.
  values, vectors = lobpcg(projected_hamiltonian, guess, largest=False,
/home/erosanow_hpc/informed_swapping/BARK.py:156: UserWarning: Exited at iteration 50 with accuracies 
[1.52075594e-09]
not reaching the requested tolerance 1e-09.
Use iteration 51 instead with accuracy 
1.5207559383243227e-09.

  values, vectors = lobpcg(projected_hamiltonian, guess, largest=False,
/home/erosanow_hpc/informed_swapping/BARK.py:156: UserWarning: Exited postprocessing with accuracies 
[1.52075616e-09]
not reaching the requested tolerance 1e-09.
  values, vectors = lobpcg(projected_hamiltonian, guess, largest=False,
/home/erosanow_hpc/informed_swapping/BARK.py:156: UserWarning: Exited at iteration 50 with accuracies 
[1.35306784e-09]
not reaching the requested tolerance 1e-09.
Use iteration 51 instead with accuracy 
1.3530678392077749e-09.

  values, vectors = lobpcg(projected_hamiltonian, guess, largest=False,
/home/erosanow_hpc/informed_swapping/BARK.py:156: UserWarning: Exited postprocessing with accuracies 
[1.35306753e-09]
not reaching the requested tolerance 1e-09.
  values, vectors = lobpcg(projected_hamiltonian, guess, largest=False,
/home/erosanow_hpc/informed_swapping/BARK.py:156: UserWarning: Exited at iteration 50 with accuracies 
[1.93399769e-09]
not reaching the requested tolerance 1e-09.
Use iteration 51 instead with accuracy 
1.93399769467611e-09.

  values, vectors = lobpcg(projected_hamiltonian, guess, largest=False,
/home/erosanow_hpc/informed_swapping/BARK.py:156: UserWarning: Exited postprocessing with accuracies 
[1.93399747e-09]
not reaching the requested tolerance 1e-09.
  values, vectors = lobpcg(projected_hamiltonian, guess, largest=False,
/home/erosanow_hpc/informed_swapping/BARK.py:156: UserWarning: Exited at iteration 50 with accuracies 
[1.91598699e-09]
not reaching the requested tolerance 1e-09.
Use iteration 51 instead with accuracy 
1.9159869877696813e-09.

  values, vectors = lobpcg(projected_hamiltonian, guess, largest=False,
/home/erosanow_hpc/informed_swapping/BARK.py:156: UserWarning: Exited postprocessing with accuracies 
[1.91598661e-09]
not reaching the requested tolerance 1e-09.
  values, vectors = lobpcg(projected_hamiltonian, guess, largest=False,
/home/erosanow_hpc/informed_swapping/BARK.py:156: UserWarning: Exited at iteration 50 with accuracies 
[2.43173824e-09]
not reaching the requested tolerance 1e-09.
Use iteration 51 instead with accuracy 
2.431738235857603e-09.

  values, vectors = lobpcg(projected_hamiltonian, guess, largest=False,
/home/erosanow_hpc/informed_swapping/BARK.py:156: UserWarning: Exited postprocessing with accuracies 
[2.43173793e-09]
not reaching the requested tolerance 1e-09.
  values, vectors = lobpcg(projected_hamiltonian, guess, largest=False,
/home/erosanow_hpc/informed_swapping/BARK.py:156: UserWarning: Exited at iteration 50 with accuracies 
[1.42776809e-09]
not reaching the requested tolerance 1e-09.
Use iteration 51 instead with accuracy 
1.4277680871214964e-09.

  values, vectors = lobpcg(projected_hamiltonian, guess, largest=False,
/home/erosanow_hpc/informed_swapping/BARK.py:156: UserWarning: Exited postprocessing with accuracies 
[1.42776809e-09]
not reaching the requested tolerance 1e-09.
  values, vectors = lobpcg(projected_hamiltonian, guess, largest=False,
/home/erosanow_hpc/informed_swapping/BARK.py:156: UserWarning: Exited at iteration 50 with accuracies 
[2.06190858e-09]
not reaching the requested tolerance 1e-09.
Use iteration 51 instead with accuracy 
2.0619085767678015e-09.

  values, vectors = lobpcg(projected_hamiltonian, guess, largest=False,
/home/erosanow_hpc/informed_swapping/BARK.py:156: UserWarning: Exited postprocessing with accuracies 
[2.0619088e-09]
not reaching the requested tolerance 1e-09.
  values, vectors = lobpcg(projected_hamiltonian, guess, largest=False,
/home/erosanow_hpc/informed_swapping/BARK.py:156: UserWarning: Exited at iteration 50 with accuracies 
[2.22955921e-09]
not reaching the requested tolerance 1e-09.
Use iteration 51 instead with accuracy 
2.2295592102592933e-09.

  values, vectors = lobpcg(projected_hamiltonian, guess, largest=False,
/home/erosanow_hpc/informed_swapping/BARK.py:156: UserWarning: Exited postprocessing with accuracies 
[2.22955934e-09]
not reaching the requested tolerance 1e-09.
  values, vectors = lobpcg(projected_hamiltonian, guess, largest=False,
/home/erosanow_hpc/informed_swapping/BARK.py:156: UserWarning: Exited at iteration 50 with accuracies 
[2.75758889e-09]
not reaching the requested tolerance 1e-09.
Use iteration 51 instead with accuracy 
2.7575888877920817e-09.

  values, vectors = lobpcg(projected_hamiltonian, guess, largest=False,
/home/erosanow_hpc/informed_swapping/BARK.py:156: UserWarning: Exited postprocessing with accuracies 
[2.75758919e-09]
not reaching the requested tolerance 1e-09.
  values, vectors = lobpcg(projected_hamiltonian, guess, largest=False,
/home/erosanow_hpc/informed_swapping/BARK.py:156: UserWarning: Exited at iteration 50 with accuracies 
[1.3638047e-09]
not reaching the requested tolerance 1e-09.
Use iteration 51 instead with accuracy 
1.3638047031343933e-09.

  values, vectors = lobpcg(projected_hamiltonian, guess, largest=False,
/home/erosanow_hpc/informed_swapping/BARK.py:156: UserWarning: Exited postprocessing with accuracies 
[1.36380491e-09]
not reaching the requested tolerance 1e-09.
  values, vectors = lobpcg(projected_hamiltonian, guess, largest=False,
/home/erosanow_hpc/informed_swapping/BARK.py:156: UserWarning: Exited at iteration 50 with accuracies 
[1.93433395e-09]
not reaching the requested tolerance 1e-09.
Use iteration 51 instead with accuracy 
1.934333948666463e-09.

  values, vectors = lobpcg(projected_hamiltonian, guess, largest=False,
/home/erosanow_hpc/informed_swapping/BARK.py:156: UserWarning: Exited postprocessing with accuracies 
[1.93433336e-09]
not reaching the requested tolerance 1e-09.
  values, vectors = lobpcg(projected_hamiltonian, guess, largest=False,
/home/erosanow_hpc/informed_swapping/BARK.py:156: UserWarning: Exited at iteration 50 with accuracies 
[2.24671504e-09]
not reaching the requested tolerance 1e-09.
Use iteration 51 instead with accuracy 
2.2467150425598127e-09.

  values, vectors = lobpcg(projected_hamiltonian, guess, largest=False,
/home/erosanow_hpc/informed_swapping/BARK.py:156: UserWarning: Exited postprocessing with accuracies 
[2.24671487e-09]
not reaching the requested tolerance 1e-09.
  values, vectors = lobpcg(projected_hamiltonian, guess, largest=False,
/home/erosanow_hpc/informed_swapping/BARK.py:156: UserWarning: Exited at iteration 50 with accuracies 
[2.8237615e-09]
not reaching the requested tolerance 1e-09.
Use iteration 51 instead with accuracy 
2.8237615032952984e-09.

  values, vectors = lobpcg(projected_hamiltonian, guess, largest=False,
/home/erosanow_hpc/informed_swapping/BARK.py:156: UserWarning: Exited postprocessing with accuracies 
[2.82376172e-09]
not reaching the requested tolerance 1e-09.
  values, vectors = lobpcg(projected_hamiltonian, guess, largest=False,
/home/erosanow_hpc/informed_swapping/BARK.py:156: UserWarning: Exited at iteration 50 with accuracies 
[2.47448493e-09]
not reaching the requested tolerance 1e-09.
Use iteration 51 instead with accuracy 
2.474484929122942e-09.

  values, vectors = lobpcg(projected_hamiltonian, guess, largest=False,
/home/erosanow_hpc/informed_swapping/BARK.py:156: UserWarning: Exited postprocessing with accuracies 
[2.4744847e-09]
not reaching the requested tolerance 1e-09.
  values, vectors = lobpcg(projected_hamiltonian, guess, largest=False,
/home/erosanow_hpc/informed_swapping/BARK.py:156: UserWarning: Exited at iteration 50 with accuracies 
[3.61837482e-09]
not reaching the requested tolerance 1e-09.
Use iteration 51 instead with accuracy 
3.6183748184034795e-09.

  values, vectors = lobpcg(projected_hamiltonian, guess, largest=False,
/home/erosanow_hpc/informed_swapping/BARK.py:156: UserWarning: Exited postprocessing with accuracies 
[3.61837447e-09]
not reaching the requested tolerance 1e-09.
  values, vectors = lobpcg(projected_hamiltonian, guess, largest=False,
/home/erosanow_hpc/informed_swapping/BARK.py:156: UserWarning: Exited at iteration 50 with accuracies 
[3.82892034e-09]
not reaching the requested tolerance 1e-09.
Use iteration 51 instead with accuracy 
3.828920340226168e-09.

  values, vectors = lobpcg(projected_hamiltonian, guess, largest=False,
/home/erosanow_hpc/informed_swapping/BARK.py:156: UserWarning: Exited postprocessing with accuracies 
[3.82892074e-09]
not reaching the requested tolerance 1e-09.
  values, vectors = lobpcg(projected_hamiltonian, guess, largest=False,
/home/erosanow_hpc/informed_swapping/BARK.py:156: UserWarning: Exited at iteration 50 with accuracies 
[4.93921473e-09]
not reaching the requested tolerance 1e-09.
Use iteration 51 instead with accuracy 
4.9392147303729035e-09.

  values, vectors = lobpcg(projected_hamiltonian, guess, largest=False,
/home/erosanow_hpc/informed_swapping/BARK.py:156: UserWarning: Exited postprocessing with accuracies 
[4.93921495e-09]
not reaching the requested tolerance 1e-09.
  values, vectors = lobpcg(projected_hamiltonian, guess, largest=False,
/home/erosanow_hpc/informed_swapping/BARK.py:156: UserWarning: Exited at iteration 50 with accuracies 
[1.64677685e-09]
not reaching the requested tolerance 1e-09.
Use iteration 51 instead with accuracy 
1.6467768529670983e-09.

  values, vectors = lobpcg(projected_hamiltonian, guess, largest=False,
/home/erosanow_hpc/informed_swapping/BARK.py:156: UserWarning: Exited postprocessing with accuracies 
[1.6467766e-09]
not reaching the requested tolerance 1e-09.
  values, vectors = lobpcg(projected_hamiltonian, guess, largest=False,
/home/erosanow_hpc/informed_swapping/BARK.py:156: UserWarning: Exited at iteration 50 with accuracies 
[2.00523185e-09]
not reaching the requested tolerance 1e-09.
Use iteration 51 instead with accuracy 
2.0052318487487697e-09.

  values, vectors = lobpcg(projected_hamiltonian, guess, largest=False,
/home/erosanow_hpc/informed_swapping/BARK.py:156: UserWarning: Exited postprocessing with accuracies 
[2.00523179e-09]
not reaching the requested tolerance 1e-09.
  values, vectors = lobpcg(projected_hamiltonian, guess, largest=False,
/home/erosanow_hpc/informed_swapping/BARK.py:156: UserWarning: Exited at iteration 50 with accuracies 
[1.08293245e-09]
not reaching the requested tolerance 1e-09.
Use iteration 51 instead with accuracy 
1.0829324465150873e-09.

  values, vectors = lobpcg(projected_hamiltonian, guess, largest=False,
/home/erosanow_hpc/informed_swapping/BARK.py:156: UserWarning: Exited postprocessing with accuracies 
[1.08293234e-09]
not reaching the requested tolerance 1e-09.
  values, vectors = lobpcg(projected_hamiltonian, guess, largest=False,
/home/erosanow_hpc/informed_swapping/BARK.py:156: UserWarning: Exited at iteration 50 with accuracies 
[1.51992738e-09]
not reaching the requested tolerance 1e-09.
Use iteration 51 instead with accuracy 
1.519927376887499e-09.

  values, vectors = lobpcg(projected_hamiltonian, guess, largest=False,
/home/erosanow_hpc/informed_swapping/BARK.py:156: UserWarning: Exited postprocessing with accuracies 
[1.51992701e-09]
not reaching the requested tolerance 1e-09.
  values, vectors = lobpcg(projected_hamiltonian, guess, largest=False,
/home/erosanow_hpc/informed_swapping/BARK.py:156: UserWarning: Exited at iteration 50 with accuracies 
[1.72766109e-09]
not reaching the requested tolerance 1e-09.
Use iteration 51 instead with accuracy 
1.7276610851145666e-09.

  values, vectors = lobpcg(projected_hamiltonian, guess, largest=False,
/home/erosanow_hpc/informed_swapping/BARK.py:156: UserWarning: Exited postprocessing with accuracies 
[1.72766086e-09]
not reaching the requested tolerance 1e-09.
  values, vectors = lobpcg(projected_hamiltonian, guess, largest=False,
/home/erosanow_hpc/informed_swapping/BARK.py:156: UserWarning: Exited at iteration 50 with accuracies 
[2.14475043e-09]
not reaching the requested tolerance 1e-09.
Use iteration 51 instead with accuracy 
2.1447504331544492e-09.

  values, vectors = lobpcg(projected_hamiltonian, guess, largest=False,
/home/erosanow_hpc/informed_swapping/BARK.py:156: UserWarning: Exited postprocessing with accuracies 
[2.14475047e-09]
not reaching the requested tolerance 1e-09.
  values, vectors = lobpcg(projected_hamiltonian, guess, largest=False,
/home/erosanow_hpc/informed_swapping/BARK.py:156: UserWarning: Exited at iteration 50 with accuracies 
[1.81640699e-09]
not reaching the requested tolerance 1e-09.
Use iteration 51 instead with accuracy 
1.8164069855521938e-09.

  values, vectors = lobpcg(projected_hamiltonian, guess, largest=False,
/home/erosanow_hpc/informed_swapping/BARK.py:156: UserWarning: Exited postprocessing with accuracies 
[1.81640738e-09]
not reaching the requested tolerance 1e-09.
  values, vectors = lobpcg(projected_hamiltonian, guess, largest=False,
/home/erosanow_hpc/informed_swapping/BARK.py:156: UserWarning: Exited at iteration 50 with accuracies 
[2.58677896e-09]
not reaching the requested tolerance 1e-09.
Use iteration 51 instead with accuracy 
2.5867789603604758e-09.

  values, vectors = lobpcg(projected_hamiltonian, guess, largest=False,
/home/erosanow_hpc/informed_swapping/BARK.py:156: UserWarning: Exited postprocessing with accuracies 
[2.58677888e-09]
not reaching the requested tolerance 1e-09.
  values, vectors = lobpcg(projected_hamiltonian, guess, largest=False,
/home/erosanow_hpc/informed_swapping/BARK.py:156: UserWarning: Exited at iteration 50 with accuracies 
[2.67921864e-09]
not reaching the requested tolerance 1e-09.
Use iteration 51 instead with accuracy 
2.6792186423249726e-09.

  values, vectors = lobpcg(projected_hamiltonian, guess, largest=False,
/home/erosanow_hpc/informed_swapping/BARK.py:156: UserWarning: Exited postprocessing with accuracies 
[2.67921876e-09]
not reaching the requested tolerance 1e-09.
  values, vectors = lobpcg(projected_hamiltonian, guess, largest=False,
/home/erosanow_hpc/informed_swapping/BARK.py:156: UserWarning: Exited at iteration 50 with accuracies 
[3.32251516e-09]
not reaching the requested tolerance 1e-09.
Use iteration 51 instead with accuracy 
3.322515164167215e-09.

  values, vectors = lobpcg(projected_hamiltonian, guess, largest=False,
/home/erosanow_hpc/informed_swapping/BARK.py:156: UserWarning: Exited postprocessing with accuracies 
[3.32251494e-09]
not reaching the requested tolerance 1e-09.
  values, vectors = lobpcg(projected_hamiltonian, guess, largest=False,
/home/erosanow_hpc/informed_swapping/BARK.py:156: UserWarning: Exited at iteration 50 with accuracies 
[2.02912648e-09]
not reaching the requested tolerance 1e-09.
Use iteration 51 instead with accuracy 
2.0291264809770215e-09.

  values, vectors = lobpcg(projected_hamiltonian, guess, largest=False,
/home/erosanow_hpc/informed_swapping/BARK.py:156: UserWarning: Exited postprocessing with accuracies 
[2.02912638e-09]
not reaching the requested tolerance 1e-09.
  values, vectors = lobpcg(projected_hamiltonian, guess, largest=False,
/home/erosanow_hpc/informed_swapping/BARK.py:156: UserWarning: Exited at iteration 50 with accuracies 
[2.51484508e-09]
not reaching the requested tolerance 1e-09.
Use iteration 51 instead with accuracy 
2.514845075882963e-09.

  values, vectors = lobpcg(projected_hamiltonian, guess, largest=False,
/home/erosanow_hpc/informed_swapping/BARK.py:156: UserWarning: Exited postprocessing with accuracies 
[2.51484518e-09]
not reaching the requested tolerance 1e-09.
  values, vectors = lobpcg(projected_hamiltonian, guess, largest=False,
/home/erosanow_hpc/informed_swapping/BARK.py:156: UserWarning: Exited at iteration 50 with accuracies 
[2.12999134e-09]
not reaching the requested tolerance 1e-09.
Use iteration 51 instead with accuracy 
2.129991336824066e-09.

  values, vectors = lobpcg(projected_hamiltonian, guess, largest=False,
/home/erosanow_hpc/informed_swapping/BARK.py:156: UserWarning: Exited postprocessing with accuracies 
[2.12999099e-09]
not reaching the requested tolerance 1e-09.
  values, vectors = lobpcg(projected_hamiltonian, guess, largest=False,
/home/erosanow_hpc/informed_swapping/BARK.py:156: UserWarning: Exited at iteration 50 with accuracies 
[3.06771656e-09]
not reaching the requested tolerance 1e-09.
Use iteration 51 instead with accuracy 
3.067716561070345e-09.

  values, vectors = lobpcg(projected_hamiltonian, guess, largest=False,
/home/erosanow_hpc/informed_swapping/BARK.py:156: UserWarning: Exited postprocessing with accuracies 
[3.06771608e-09]
not reaching the requested tolerance 1e-09.
  values, vectors = lobpcg(projected_hamiltonian, guess, largest=False,
/home/erosanow_hpc/informed_swapping/BARK.py:156: UserWarning: Exited at iteration 50 with accuracies 
[3.20434256e-09]
not reaching the requested tolerance 1e-09.
Use iteration 51 instead with accuracy 
3.2043425554184616e-09.

  values, vectors = lobpcg(projected_hamiltonian, guess, largest=False,
/home/erosanow_hpc/informed_swapping/BARK.py:156: UserWarning: Exited postprocessing with accuracies 
[3.2043426e-09]
not reaching the requested tolerance 1e-09.
  values, vectors = lobpcg(projected_hamiltonian, guess, largest=False,
/home/erosanow_hpc/informed_swapping/BARK.py:156: UserWarning: Exited at iteration 50 with accuracies 
[4.00077936e-09]
not reaching the requested tolerance 1e-09.
Use iteration 51 instead with accuracy 
4.000779361451339e-09.

  values, vectors = lobpcg(projected_hamiltonian, guess, largest=False,
/home/erosanow_hpc/informed_swapping/BARK.py:156: UserWarning: Exited postprocessing with accuracies 
[4.00077918e-09]
not reaching the requested tolerance 1e-09.
  values, vectors = lobpcg(projected_hamiltonian, guess, largest=False,
/home/erosanow_hpc/informed_swapping/BARK.py:156: UserWarning: Exited at iteration 50 with accuracies 
[2.03081608e-09]
not reaching the requested tolerance 1e-09.
Use iteration 51 instead with accuracy 
2.030816077250378e-09.

  values, vectors = lobpcg(projected_hamiltonian, guess, largest=False,
/home/erosanow_hpc/informed_swapping/BARK.py:156: UserWarning: Exited postprocessing with accuracies 
[2.03081611e-09]
not reaching the requested tolerance 1e-09.
  values, vectors = lobpcg(projected_hamiltonian, guess, largest=False,
/home/erosanow_hpc/informed_swapping/BARK.py:156: UserWarning: Exited at iteration 50 with accuracies 
[2.87926195e-09]
not reaching the requested tolerance 1e-09.
Use iteration 51 instead with accuracy 
2.879261946529572e-09.

  values, vectors = lobpcg(projected_hamiltonian, guess, largest=False,
/home/erosanow_hpc/informed_swapping/BARK.py:156: UserWarning: Exited postprocessing with accuracies 
[2.8792621e-09]
not reaching the requested tolerance 1e-09.
  values, vectors = lobpcg(projected_hamiltonian, guess, largest=False,
/home/erosanow_hpc/informed_swapping/BARK.py:156: UserWarning: Exited at iteration 50 with accuracies 
[3.3154175e-09]
not reaching the requested tolerance 1e-09.
Use iteration 51 instead with accuracy 
3.3154175033232003e-09.

  values, vectors = lobpcg(projected_hamiltonian, guess, largest=False,
/home/erosanow_hpc/informed_swapping/BARK.py:156: UserWarning: Exited postprocessing with accuracies 
[3.3154174e-09]
not reaching the requested tolerance 1e-09.
  values, vectors = lobpcg(projected_hamiltonian, guess, largest=False,
/home/erosanow_hpc/informed_swapping/BARK.py:156: UserWarning: Exited at iteration 50 with accuracies 
[4.18370212e-09]
not reaching the requested tolerance 1e-09.
Use iteration 51 instead with accuracy 
4.1837021181695795e-09.

  values, vectors = lobpcg(projected_hamiltonian, guess, largest=False,
/home/erosanow_hpc/informed_swapping/BARK.py:156: UserWarning: Exited postprocessing with accuracies 
[4.18370201e-09]
not reaching the requested tolerance 1e-09.
  values, vectors = lobpcg(projected_hamiltonian, guess, largest=False,
/home/erosanow_hpc/informed_swapping/BARK.py:156: UserWarning: Exited at iteration 50 with accuracies 
[3.53392932e-09]
not reaching the requested tolerance 1e-09.
Use iteration 51 instead with accuracy 
3.533929318916139e-09.

  values, vectors = lobpcg(projected_hamiltonian, guess, largest=False,
/home/erosanow_hpc/informed_swapping/BARK.py:156: UserWarning: Exited postprocessing with accuracies 
[3.53392941e-09]
not reaching the requested tolerance 1e-09.
  values, vectors = lobpcg(projected_hamiltonian, guess, largest=False,
/home/erosanow_hpc/informed_swapping/BARK.py:156: UserWarning: Exited at iteration 50 with accuracies 
[5.17415004e-09]
not reaching the requested tolerance 1e-09.
Use iteration 51 instead with accuracy 
5.174150042953623e-09.

  values, vectors = lobpcg(projected_hamiltonian, guess, largest=False,
/home/erosanow_hpc/informed_swapping/BARK.py:156: UserWarning: Exited postprocessing with accuracies 
[5.17414974e-09]
not reaching the requested tolerance 1e-09.
  values, vectors = lobpcg(projected_hamiltonian, guess, largest=False,
/home/erosanow_hpc/informed_swapping/BARK.py:156: UserWarning: Exited at iteration 50 with accuracies 
[5.40317956e-09]
not reaching the requested tolerance 1e-09.
Use iteration 51 instead with accuracy 
5.403179555466003e-09.

  values, vectors = lobpcg(projected_hamiltonian, guess, largest=False,
/home/erosanow_hpc/informed_swapping/BARK.py:156: UserWarning: Exited postprocessing with accuracies 
[5.40317958e-09]
not reaching the requested tolerance 1e-09.
  values, vectors = lobpcg(projected_hamiltonian, guess, largest=False,
/home/erosanow_hpc/informed_swapping/BARK.py:156: UserWarning: Exited at iteration 50 with accuracies 
[6.94200649e-09]
not reaching the requested tolerance 1e-09.
Use iteration 51 instead with accuracy 
6.9420064937497015e-09.

  values, vectors = lobpcg(projected_hamiltonian, guess, largest=False,
/home/erosanow_hpc/informed_swapping/BARK.py:156: UserWarning: Exited postprocessing with accuracies 
[6.94200678e-09]
not reaching the requested tolerance 1e-09.
  values, vectors = lobpcg(projected_hamiltonian, guess, largest=False,
/home/erosanow_hpc/informed_swapping/BARK.py:156: UserWarning: Exited at iteration 50 with accuracies 
[1.52420839e-09]
not reaching the requested tolerance 1e-09.
Use iteration 51 instead with accuracy 
1.5242083876783763e-09.

  values, vectors = lobpcg(projected_hamiltonian, guess, largest=False,
/home/erosanow_hpc/informed_swapping/BARK.py:156: UserWarning: Exited postprocessing with accuracies 
[1.52420846e-09]
not reaching the requested tolerance 1e-09.
  values, vectors = lobpcg(projected_hamiltonian, guess, largest=False,
/home/erosanow_hpc/informed_swapping/BARK.py:156: UserWarning: Exited at iteration 50 with accuracies 
[2.17343946e-09]
not reaching the requested tolerance 1e-09.
Use iteration 51 instead with accuracy 
2.1734394571779687e-09.

  values, vectors = lobpcg(projected_hamiltonian, guess, largest=False,
/home/erosanow_hpc/informed_swapping/BARK.py:156: UserWarning: Exited postprocessing with accuracies 
[2.1734393e-09]
not reaching the requested tolerance 1e-09.
  values, vectors = lobpcg(projected_hamiltonian, guess, largest=False,
/home/erosanow_hpc/informed_swapping/BARK.py:156: UserWarning: Exited at iteration 50 with accuracies 
[2.45566202e-09]
not reaching the requested tolerance 1e-09.
Use iteration 51 instead with accuracy 
2.4556620153481377e-09.

  values, vectors = lobpcg(projected_hamiltonian, guess, largest=False,
/home/erosanow_hpc/informed_swapping/BARK.py:156: UserWarning: Exited postprocessing with accuracies 
[2.45566209e-09]
not reaching the requested tolerance 1e-09.
  values, vectors = lobpcg(projected_hamiltonian, guess, largest=False,
/home/erosanow_hpc/informed_swapping/BARK.py:156: UserWarning: Exited at iteration 50 with accuracies 
[3.09853809e-09]
not reaching the requested tolerance 1e-09.
Use iteration 51 instead with accuracy 
3.0985380857640187e-09.

  values, vectors = lobpcg(projected_hamiltonian, guess, largest=False,
/home/erosanow_hpc/informed_swapping/BARK.py:156: UserWarning: Exited postprocessing with accuracies 
[3.09853802e-09]
not reaching the requested tolerance 1e-09.
  values, vectors = lobpcg(projected_hamiltonian, guess, largest=False,
/home/erosanow_hpc/informed_swapping/BARK.py:156: UserWarning: Exited at iteration 50 with accuracies 
[2.61141381e-09]
not reaching the requested tolerance 1e-09.
Use iteration 51 instead with accuracy 
2.611413806624802e-09.

  values, vectors = lobpcg(projected_hamiltonian, guess, largest=False,
/home/erosanow_hpc/informed_swapping/BARK.py:156: UserWarning: Exited postprocessing with accuracies 
[2.61141349e-09]
not reaching the requested tolerance 1e-09.
  values, vectors = lobpcg(projected_hamiltonian, guess, largest=False,
/home/erosanow_hpc/informed_swapping/BARK.py:156: UserWarning: Exited at iteration 50 with accuracies 
[3.74761357e-09]
not reaching the requested tolerance 1e-09.
Use iteration 51 instead with accuracy 
3.747613571270717e-09.

  values, vectors = lobpcg(projected_hamiltonian, guess, largest=False,
/home/erosanow_hpc/informed_swapping/BARK.py:156: UserWarning: Exited postprocessing with accuracies 
[3.74761391e-09]
not reaching the requested tolerance 1e-09.
  values, vectors = lobpcg(projected_hamiltonian, guess, largest=False,
/home/erosanow_hpc/informed_swapping/BARK.py:156: UserWarning: Exited at iteration 50 with accuracies 
[3.91267742e-09]
not reaching the requested tolerance 1e-09.
Use iteration 51 instead with accuracy 
3.912677423981387e-09.

  values, vectors = lobpcg(projected_hamiltonian, guess, largest=False,
/home/erosanow_hpc/informed_swapping/BARK.py:156: UserWarning: Exited postprocessing with accuracies 
[3.91267751e-09]
not reaching the requested tolerance 1e-09.
  values, vectors = lobpcg(projected_hamiltonian, guess, largest=False,
/home/erosanow_hpc/informed_swapping/BARK.py:156: UserWarning: Exited at iteration 50 with accuracies 
[4.92805705e-09]
not reaching the requested tolerance 1e-09.
Use iteration 51 instead with accuracy 
4.928057050471976e-09.

  values, vectors = lobpcg(projected_hamiltonian, guess, largest=False,
/home/erosanow_hpc/informed_swapping/BARK.py:156: UserWarning: Exited postprocessing with accuracies 
[4.92805738e-09]
not reaching the requested tolerance 1e-09.
  values, vectors = lobpcg(projected_hamiltonian, guess, largest=False,
/home/erosanow_hpc/informed_swapping/BARK.py:156: UserWarning: Exited at iteration 50 with accuracies 
[2.65530108e-09]
not reaching the requested tolerance 1e-09.
Use iteration 51 instead with accuracy 
2.6553010762389293e-09.

  values, vectors = lobpcg(projected_hamiltonian, guess, largest=False,
/home/erosanow_hpc/informed_swapping/BARK.py:156: UserWarning: Exited postprocessing with accuracies 
[2.65530113e-09]
not reaching the requested tolerance 1e-09.
  values, vectors = lobpcg(projected_hamiltonian, guess, largest=False,
/home/erosanow_hpc/informed_swapping/BARK.py:156: UserWarning: Exited at iteration 50 with accuracies 
[3.85886169e-09]
not reaching the requested tolerance 1e-09.
Use iteration 51 instead with accuracy 
3.858861693899699e-09.

  values, vectors = lobpcg(projected_hamiltonian, guess, largest=False,
/home/erosanow_hpc/informed_swapping/BARK.py:156: UserWarning: Exited postprocessing with accuracies 
[3.8588618e-09]
not reaching the requested tolerance 1e-09.
  values, vectors = lobpcg(projected_hamiltonian, guess, largest=False,
/home/erosanow_hpc/informed_swapping/BARK.py:156: UserWarning: Exited at iteration 50 with accuracies 
[4.44904468e-09]
not reaching the requested tolerance 1e-09.
Use iteration 51 instead with accuracy 
4.449044684890003e-09.

  values, vectors = lobpcg(projected_hamiltonian, guess, largest=False,
/home/erosanow_hpc/informed_swapping/BARK.py:156: UserWarning: Exited postprocessing with accuracies 
[4.44904466e-09]
not reaching the requested tolerance 1e-09.
  values, vectors = lobpcg(projected_hamiltonian, guess, largest=False,
/home/erosanow_hpc/informed_swapping/BARK.py:156: UserWarning: Exited at iteration 50 with accuracies 
[5.7324662e-09]
not reaching the requested tolerance 1e-09.
Use iteration 51 instead with accuracy 
5.732466197295432e-09.

  values, vectors = lobpcg(projected_hamiltonian, guess, largest=False,
/home/erosanow_hpc/informed_swapping/BARK.py:156: UserWarning: Exited postprocessing with accuracies 
[5.73246624e-09]
not reaching the requested tolerance 1e-09.
  values, vectors = lobpcg(projected_hamiltonian, guess, largest=False,
/home/erosanow_hpc/informed_swapping/BARK.py:156: UserWarning: Exited at iteration 50 with accuracies 
[4.63255337e-09]
not reaching the requested tolerance 1e-09.
Use iteration 51 instead with accuracy 
4.632553368151942e-09.

  values, vectors = lobpcg(projected_hamiltonian, guess, largest=False,
/home/erosanow_hpc/informed_swapping/BARK.py:156: UserWarning: Exited postprocessing with accuracies 
[4.63255337e-09]
not reaching the requested tolerance 1e-09.
  values, vectors = lobpcg(projected_hamiltonian, guess, largest=False,
/home/erosanow_hpc/informed_swapping/BARK.py:156: UserWarning: Exited at iteration 50 with accuracies 
[6.90154745e-09]
not reaching the requested tolerance 1e-09.
Use iteration 51 instead with accuracy 
6.901547446668792e-09.

  values, vectors = lobpcg(projected_hamiltonian, guess, largest=False,
/home/erosanow_hpc/informed_swapping/BARK.py:156: UserWarning: Exited postprocessing with accuracies 
[6.90154758e-09]
not reaching the requested tolerance 1e-09.
  values, vectors = lobpcg(projected_hamiltonian, guess, largest=False,
/home/erosanow_hpc/informed_swapping/BARK.py:156: UserWarning: Exited at iteration 50 with accuracies 
[7.188758e-09]
not reaching the requested tolerance 1e-09.
Use iteration 51 instead with accuracy 
7.188757999618463e-09.

  values, vectors = lobpcg(projected_hamiltonian, guess, largest=False,
/home/erosanow_hpc/informed_swapping/BARK.py:156: UserWarning: Exited postprocessing with accuracies 
[7.18875809e-09]
not reaching the requested tolerance 1e-09.
  values, vectors = lobpcg(projected_hamiltonian, guess, largest=False,
/home/erosanow_hpc/informed_swapping/BARK.py:156: UserWarning: Exited at iteration 50 with accuracies 
[9.35635106e-09]
not reaching the requested tolerance 1e-09.
Use iteration 51 instead with accuracy 
9.35635106205964e-09.

  values, vectors = lobpcg(projected_hamiltonian, guess, largest=False,
/home/erosanow_hpc/informed_swapping/BARK.py:156: UserWarning: Exited postprocessing with accuracies 
[9.35635063e-09]
not reaching the requested tolerance 1e-09.
  values, vectors = lobpcg(projected_hamiltonian, guess, largest=False,
/home/erosanow_hpc/informed_swapping/BARK.py:156: UserWarning: Exited at iteration 50 with accuracies 
[1.07626381e-09]
not reaching the requested tolerance 1e-09.
Use iteration 51 instead with accuracy 
1.0762638138203173e-09.

  values, vectors = lobpcg(projected_hamiltonian, guess, largest=False,
/home/erosanow_hpc/informed_swapping/BARK.py:156: UserWarning: Exited postprocessing with accuracies 
[1.07626355e-09]
not reaching the requested tolerance 1e-09.
  values, vectors = lobpcg(projected_hamiltonian, guess, largest=False,
/home/erosanow_hpc/informed_swapping/BARK.py:156: UserWarning: Exited at iteration 50 with accuracies 
[1.39252602e-09]
not reaching the requested tolerance 1e-09.
Use iteration 51 instead with accuracy 
1.3925260214992955e-09.

  values, vectors = lobpcg(projected_hamiltonian, guess, largest=False,
/home/erosanow_hpc/informed_swapping/BARK.py:156: UserWarning: Exited postprocessing with accuracies 
[1.39252619e-09]
not reaching the requested tolerance 1e-09.
  values, vectors = lobpcg(projected_hamiltonian, guess, largest=False,
/home/erosanow_hpc/informed_swapping/BARK.py:156: UserWarning: Exited at iteration 50 with accuracies 
[1.79937494e-09]
not reaching the requested tolerance 1e-09.
Use iteration 51 instead with accuracy 
1.7993749434582577e-09.

  values, vectors = lobpcg(projected_hamiltonian, guess, largest=False,
/home/erosanow_hpc/informed_swapping/BARK.py:156: UserWarning: Exited postprocessing with accuracies 
[1.79937539e-09]
not reaching the requested tolerance 1e-09.
  values, vectors = lobpcg(projected_hamiltonian, guess, largest=False,
/home/erosanow_hpc/informed_swapping/BARK.py:156: UserWarning: Exited at iteration 50 with accuracies 
[1.5120313e-09]
not reaching the requested tolerance 1e-09.
Use iteration 51 instead with accuracy 
1.512031300036243e-09.

  values, vectors = lobpcg(projected_hamiltonian, guess, largest=False,
/home/erosanow_hpc/informed_swapping/BARK.py:156: UserWarning: Exited postprocessing with accuracies 
[1.51203131e-09]
not reaching the requested tolerance 1e-09.
  values, vectors = lobpcg(projected_hamiltonian, guess, largest=False,
/home/erosanow_hpc/informed_swapping/BARK.py:156: UserWarning: Exited at iteration 50 with accuracies 
[2.38681646e-09]
not reaching the requested tolerance 1e-09.
Use iteration 51 instead with accuracy 
2.3868164578441235e-09.

  values, vectors = lobpcg(projected_hamiltonian, guess, largest=False,
/home/erosanow_hpc/informed_swapping/BARK.py:156: UserWarning: Exited postprocessing with accuracies 
[2.38681646e-09]
not reaching the requested tolerance 1e-09.
  values, vectors = lobpcg(projected_hamiltonian, guess, largest=False,
/home/erosanow_hpc/informed_swapping/BARK.py:156: UserWarning: Exited at iteration 50 with accuracies 
[2.50356637e-09]
not reaching the requested tolerance 1e-09.
Use iteration 51 instead with accuracy 
2.5035663713388808e-09.

  values, vectors = lobpcg(projected_hamiltonian, guess, largest=False,
/home/erosanow_hpc/informed_swapping/BARK.py:156: UserWarning: Exited postprocessing with accuracies 
[2.5035665e-09]
not reaching the requested tolerance 1e-09.
  values, vectors = lobpcg(projected_hamiltonian, guess, largest=False,
/home/erosanow_hpc/informed_swapping/BARK.py:156: UserWarning: Exited at iteration 50 with accuracies 
[3.36431336e-09]
not reaching the requested tolerance 1e-09.
Use iteration 51 instead with accuracy 
3.3643133646194948e-09.

  values, vectors = lobpcg(projected_hamiltonian, guess, largest=False,
/home/erosanow_hpc/informed_swapping/BARK.py:156: UserWarning: Exited postprocessing with accuracies 
[3.36431347e-09]
not reaching the requested tolerance 1e-09.
  values, vectors = lobpcg(projected_hamiltonian, guess, largest=False,
/home/erosanow_hpc/informed_swapping/BARK.py:156: UserWarning: Exited at iteration 50 with accuracies 
[1.42710806e-09]
not reaching the requested tolerance 1e-09.
Use iteration 51 instead with accuracy 
1.4271080649738965e-09.

  values, vectors = lobpcg(projected_hamiltonian, guess, largest=False,
/home/erosanow_hpc/informed_swapping/BARK.py:156: UserWarning: Exited postprocessing with accuracies 
[1.42710784e-09]
not reaching the requested tolerance 1e-09.
  values, vectors = lobpcg(projected_hamiltonian, guess, largest=False,
/home/erosanow_hpc/informed_swapping/BARK.py:156: UserWarning: Exited at iteration 50 with accuracies 
[2.33075984e-09]
not reaching the requested tolerance 1e-09.
Use iteration 51 instead with accuracy 
2.330759841786442e-09.

  values, vectors = lobpcg(projected_hamiltonian, guess, largest=False,
/home/erosanow_hpc/informed_swapping/BARK.py:156: UserWarning: Exited postprocessing with accuracies 
[2.33075998e-09]
not reaching the requested tolerance 1e-09.
  values, vectors = lobpcg(projected_hamiltonian, guess, largest=False,
/home/erosanow_hpc/informed_swapping/BARK.py:156: UserWarning: Exited at iteration 50 with accuracies 
[2.87634761e-09]
not reaching the requested tolerance 1e-09.
Use iteration 51 instead with accuracy 
2.8763476115062076e-09.

  values, vectors = lobpcg(projected_hamiltonian, guess, largest=False,
/home/erosanow_hpc/informed_swapping/BARK.py:156: UserWarning: Exited postprocessing with accuracies 
[2.87634748e-09]
not reaching the requested tolerance 1e-09.
  values, vectors = lobpcg(projected_hamiltonian, guess, largest=False,
/home/erosanow_hpc/informed_swapping/BARK.py:156: UserWarning: Exited at iteration 50 with accuracies 
[4.07630645e-09]
not reaching the requested tolerance 1e-09.
Use iteration 51 instead with accuracy 
4.0763064504522425e-09.

  values, vectors = lobpcg(projected_hamiltonian, guess, largest=False,
/home/erosanow_hpc/informed_swapping/BARK.py:156: UserWarning: Exited postprocessing with accuracies 
[4.07630667e-09]
not reaching the requested tolerance 1e-09.
  values, vectors = lobpcg(projected_hamiltonian, guess, largest=False,
/home/erosanow_hpc/informed_swapping/BARK.py:156: UserWarning: Exited at iteration 50 with accuracies 
[3.17277531e-09]
not reaching the requested tolerance 1e-09.
Use iteration 51 instead with accuracy 
3.1727753050432367e-09.

  values, vectors = lobpcg(projected_hamiltonian, guess, largest=False,
/home/erosanow_hpc/informed_swapping/BARK.py:156: UserWarning: Exited postprocessing with accuracies 
[3.17277573e-09]
not reaching the requested tolerance 1e-09.
  values, vectors = lobpcg(projected_hamiltonian, guess, largest=False,
/home/erosanow_hpc/informed_swapping/BARK.py:156: UserWarning: Exited at iteration 50 with accuracies 
[5.29748654e-09]
not reaching the requested tolerance 1e-09.
Use iteration 51 instead with accuracy 
5.29748653953574e-09.

  values, vectors = lobpcg(projected_hamiltonian, guess, largest=False,
/home/erosanow_hpc/informed_swapping/BARK.py:156: UserWarning: Exited postprocessing with accuracies 
[5.29748689e-09]
not reaching the requested tolerance 1e-09.
  values, vectors = lobpcg(projected_hamiltonian, guess, largest=False,
/home/erosanow_hpc/informed_swapping/BARK.py:156: UserWarning: Exited at iteration 50 with accuracies 
[5.92498089e-09]
not reaching the requested tolerance 1e-09.
Use iteration 51 instead with accuracy 
5.9249808902020306e-09.

  values, vectors = lobpcg(projected_hamiltonian, guess, largest=False,
/home/erosanow_hpc/informed_swapping/BARK.py:156: UserWarning: Exited postprocessing with accuracies 
[5.92498117e-09]
not reaching the requested tolerance 1e-09.
  values, vectors = lobpcg(projected_hamiltonian, guess, largest=False,
/home/erosanow_hpc/informed_swapping/BARK.py:156: UserWarning: Exited at iteration 50 with accuracies 
[8.33678918e-09]
not reaching the requested tolerance 1e-09.
Use iteration 51 instead with accuracy 
8.3367891793176e-09.

  values, vectors = lobpcg(projected_hamiltonian, guess, largest=False,
/home/erosanow_hpc/informed_swapping/BARK.py:156: UserWarning: Exited postprocessing with accuracies 
[8.33678907e-09]
not reaching the requested tolerance 1e-09.
  values, vectors = lobpcg(projected_hamiltonian, guess, largest=False,
/home/erosanow_hpc/informed_swapping/BARK.py:156: UserWarning: Exited at iteration 50 with accuracies 
[1.10649832e-09]
not reaching the requested tolerance 1e-09.
Use iteration 51 instead with accuracy 
1.1064983189479018e-09.

  values, vectors = lobpcg(projected_hamiltonian, guess, largest=False,
/home/erosanow_hpc/informed_swapping/BARK.py:156: UserWarning: Exited postprocessing with accuracies 
[1.10649908e-09]
not reaching the requested tolerance 1e-09.
  values, vectors = lobpcg(projected_hamiltonian, guess, largest=False,
/home/erosanow_hpc/informed_swapping/BARK.py:156: UserWarning: Exited at iteration 50 with accuracies 
[1.57096055e-09]
not reaching the requested tolerance 1e-09.
Use iteration 51 instead with accuracy 
1.570960547724358e-09.

  values, vectors = lobpcg(projected_hamiltonian, guess, largest=False,
/home/erosanow_hpc/informed_swapping/BARK.py:156: UserWarning: Exited postprocessing with accuracies 
[1.57096023e-09]
not reaching the requested tolerance 1e-09.
  values, vectors = lobpcg(projected_hamiltonian, guess, largest=False,
/home/erosanow_hpc/informed_swapping/BARK.py:156: UserWarning: Exited at iteration 50 with accuracies 
[1.76473634e-09]
not reaching the requested tolerance 1e-09.
Use iteration 51 instead with accuracy 
1.7647363434706082e-09.

  values, vectors = lobpcg(projected_hamiltonian, guess, largest=False,
/home/erosanow_hpc/informed_swapping/BARK.py:156: UserWarning: Exited postprocessing with accuracies 
[1.76473624e-09]
not reaching the requested tolerance 1e-09.
  values, vectors = lobpcg(projected_hamiltonian, guess, largest=False,
/home/erosanow_hpc/informed_swapping/BARK.py:156: UserWarning: Exited at iteration 50 with accuracies 
[2.1215374e-09]
not reaching the requested tolerance 1e-09.
Use iteration 51 instead with accuracy 
2.1215373978709592e-09.

  values, vectors = lobpcg(projected_hamiltonian, guess, largest=False,
/home/erosanow_hpc/informed_swapping/BARK.py:156: UserWarning: Exited postprocessing with accuracies 
[2.12153771e-09]
not reaching the requested tolerance 1e-09.
  values, vectors = lobpcg(projected_hamiltonian, guess, largest=False,
/home/erosanow_hpc/informed_swapping/BARK.py:156: UserWarning: Exited at iteration 50 with accuracies 
[1.63237391e-09]
not reaching the requested tolerance 1e-09.
Use iteration 51 instead with accuracy 
1.6323739058999724e-09.

  values, vectors = lobpcg(projected_hamiltonian, guess, largest=False,
/home/erosanow_hpc/informed_swapping/BARK.py:156: UserWarning: Exited postprocessing with accuracies 
[1.63237318e-09]
not reaching the requested tolerance 1e-09.
  values, vectors = lobpcg(projected_hamiltonian, guess, largest=False,
/home/erosanow_hpc/informed_swapping/BARK.py:156: UserWarning: Exited at iteration 50 with accuracies 
[2.34015011e-09]
not reaching the requested tolerance 1e-09.
Use iteration 51 instead with accuracy 
2.3401501064360004e-09.

  values, vectors = lobpcg(projected_hamiltonian, guess, largest=False,
/home/erosanow_hpc/informed_swapping/BARK.py:156: UserWarning: Exited postprocessing with accuracies 
[2.34014978e-09]
not reaching the requested tolerance 1e-09.
  values, vectors = lobpcg(projected_hamiltonian, guess, largest=False,
/home/erosanow_hpc/informed_swapping/BARK.py:156: UserWarning: Exited at iteration 50 with accuracies 
[2.55087106e-09]
not reaching the requested tolerance 1e-09.
Use iteration 51 instead with accuracy 
2.5508710617115857e-09.

  values, vectors = lobpcg(projected_hamiltonian, guess, largest=False,
/home/erosanow_hpc/informed_swapping/BARK.py:156: UserWarning: Exited postprocessing with accuracies 
[2.55087099e-09]
not reaching the requested tolerance 1e-09.
  values, vectors = lobpcg(projected_hamiltonian, guess, largest=False,
/home/erosanow_hpc/informed_swapping/BARK.py:156: UserWarning: Exited at iteration 50 with accuracies 
[3.08137565e-09]
not reaching the requested tolerance 1e-09.
Use iteration 51 instead with accuracy 
3.0813756483286822e-09.

  values, vectors = lobpcg(projected_hamiltonian, guess, largest=False,
/home/erosanow_hpc/informed_swapping/BARK.py:156: UserWarning: Exited postprocessing with accuracies 
[3.08137573e-09]
not reaching the requested tolerance 1e-09.
  values, vectors = lobpcg(projected_hamiltonian, guess, largest=False,
/home/erosanow_hpc/informed_swapping/BARK.py:156: UserWarning: Exited at iteration 50 with accuracies 
[1.66218474e-09]
not reaching the requested tolerance 1e-09.
Use iteration 51 instead with accuracy 
1.662184743382367e-09.

  values, vectors = lobpcg(projected_hamiltonian, guess, largest=False,
/home/erosanow_hpc/informed_swapping/BARK.py:156: UserWarning: Exited postprocessing with accuracies 
[1.66218457e-09]
not reaching the requested tolerance 1e-09.
  values, vectors = lobpcg(projected_hamiltonian, guess, largest=False,
/home/erosanow_hpc/informed_swapping/BARK.py:156: UserWarning: Exited at iteration 50 with accuracies 
[2.37461223e-09]
not reaching the requested tolerance 1e-09.
Use iteration 51 instead with accuracy 
2.374612231573824e-09.

  values, vectors = lobpcg(projected_hamiltonian, guess, largest=False,
/home/erosanow_hpc/informed_swapping/BARK.py:156: UserWarning: Exited postprocessing with accuracies 
[2.37461214e-09]
not reaching the requested tolerance 1e-09.
  values, vectors = lobpcg(projected_hamiltonian, guess, largest=False,
/home/erosanow_hpc/informed_swapping/BARK.py:156: UserWarning: Exited at iteration 50 with accuracies 
[2.65084086e-09]
not reaching the requested tolerance 1e-09.
Use iteration 51 instead with accuracy 
2.650840860839828e-09.

  values, vectors = lobpcg(projected_hamiltonian, guess, largest=False,
/home/erosanow_hpc/informed_swapping/BARK.py:156: UserWarning: Exited postprocessing with accuracies 
[2.65084108e-09]
not reaching the requested tolerance 1e-09.
  values, vectors = lobpcg(projected_hamiltonian, guess, largest=False,
/home/erosanow_hpc/informed_swapping/BARK.py:156: UserWarning: Exited at iteration 50 with accuracies 
[3.18864932e-09]
not reaching the requested tolerance 1e-09.
Use iteration 51 instead with accuracy 
3.1886493238791466e-09.

  values, vectors = lobpcg(projected_hamiltonian, guess, largest=False,
/home/erosanow_hpc/informed_swapping/BARK.py:156: UserWarning: Exited postprocessing with accuracies 
[3.18864913e-09]
not reaching the requested tolerance 1e-09.
  values, vectors = lobpcg(projected_hamiltonian, guess, largest=False,
/home/erosanow_hpc/informed_swapping/BARK.py:156: UserWarning: Exited at iteration 50 with accuracies 
[2.49521014e-09]
not reaching the requested tolerance 1e-09.
Use iteration 51 instead with accuracy 
2.495210144778642e-09.

  values, vectors = lobpcg(projected_hamiltonian, guess, largest=False,
/home/erosanow_hpc/informed_swapping/BARK.py:156: UserWarning: Exited postprocessing with accuracies 
[2.49521049e-09]
not reaching the requested tolerance 1e-09.
  values, vectors = lobpcg(projected_hamiltonian, guess, largest=False,
/home/erosanow_hpc/informed_swapping/BARK.py:156: UserWarning: Exited at iteration 50 with accuracies 
[3.65476255e-09]
not reaching the requested tolerance 1e-09.
Use iteration 51 instead with accuracy 
3.6547625541972553e-09.

  values, vectors = lobpcg(projected_hamiltonian, guess, largest=False,
/home/erosanow_hpc/informed_swapping/BARK.py:156: UserWarning: Exited postprocessing with accuracies 
[3.65476261e-09]
not reaching the requested tolerance 1e-09.
  values, vectors = lobpcg(projected_hamiltonian, guess, largest=False,
/home/erosanow_hpc/informed_swapping/BARK.py:156: UserWarning: Exited at iteration 50 with accuracies 
[3.99114456e-09]
not reaching the requested tolerance 1e-09.
Use iteration 51 instead with accuracy 
3.991144559841256e-09.

  values, vectors = lobpcg(projected_hamiltonian, guess, largest=False,
/home/erosanow_hpc/informed_swapping/BARK.py:156: UserWarning: Exited postprocessing with accuracies 
[3.99114446e-09]
not reaching the requested tolerance 1e-09.
  values, vectors = lobpcg(projected_hamiltonian, guess, largest=False,
/home/erosanow_hpc/informed_swapping/BARK.py:156: UserWarning: Exited at iteration 50 with accuracies 
[4.9434537e-09]
not reaching the requested tolerance 1e-09.
Use iteration 51 instead with accuracy 
4.943453698862164e-09.

  values, vectors = lobpcg(projected_hamiltonian, guess, largest=False,
/home/erosanow_hpc/informed_swapping/BARK.py:156: UserWarning: Exited postprocessing with accuracies 
[4.94345305e-09]
not reaching the requested tolerance 1e-09.
  values, vectors = lobpcg(projected_hamiltonian, guess, largest=False,
/home/erosanow_hpc/informed_swapping/BARK.py:156: UserWarning: Exited at iteration 50 with accuracies 
[2.63769289e-09]
not reaching the requested tolerance 1e-09.
Use iteration 51 instead with accuracy 
2.637692888099037e-09.

  values, vectors = lobpcg(projected_hamiltonian, guess, largest=False,
/home/erosanow_hpc/informed_swapping/BARK.py:156: UserWarning: Exited postprocessing with accuracies 
[2.6376929e-09]
not reaching the requested tolerance 1e-09.
  values, vectors = lobpcg(projected_hamiltonian, guess, largest=False,
/home/erosanow_hpc/informed_swapping/BARK.py:156: UserWarning: Exited at iteration 50 with accuracies 
[2.9415061e-09]
not reaching the requested tolerance 1e-09.
Use iteration 51 instead with accuracy 
2.941506104447073e-09.

  values, vectors = lobpcg(projected_hamiltonian, guess, largest=False,
/home/erosanow_hpc/informed_swapping/BARK.py:156: UserWarning: Exited postprocessing with accuracies 
[2.94150645e-09]
not reaching the requested tolerance 1e-09.
  values, vectors = lobpcg(projected_hamiltonian, guess, largest=False,
/home/erosanow_hpc/informed_swapping/BARK.py:156: UserWarning: Exited at iteration 50 with accuracies 
[3.60891888e-09]
not reaching the requested tolerance 1e-09.
Use iteration 51 instead with accuracy 
3.608918882601639e-09.

  values, vectors = lobpcg(projected_hamiltonian, guess, largest=False,
/home/erosanow_hpc/informed_swapping/BARK.py:156: UserWarning: Exited postprocessing with accuracies 
[3.60891803e-09]
not reaching the requested tolerance 1e-09.
  values, vectors = lobpcg(projected_hamiltonian, guess, largest=False,
/home/erosanow_hpc/informed_swapping/BARK.py:156: UserWarning: Exited at iteration 50 with accuracies 
[2.75803565e-09]
not reaching the requested tolerance 1e-09.
Use iteration 51 instead with accuracy 
2.7580356519838306e-09.

  values, vectors = lobpcg(projected_hamiltonian, guess, largest=False,
/home/erosanow_hpc/informed_swapping/BARK.py:156: UserWarning: Exited postprocessing with accuracies 
[2.75803546e-09]
not reaching the requested tolerance 1e-09.
  values, vectors = lobpcg(projected_hamiltonian, guess, largest=False,
/home/erosanow_hpc/informed_swapping/BARK.py:156: UserWarning: Exited at iteration 50 with accuracies 
[4.02439431e-09]
not reaching the requested tolerance 1e-09.
Use iteration 51 instead with accuracy 
4.024394314608157e-09.

  values, vectors = lobpcg(projected_hamiltonian, guess, largest=False,
/home/erosanow_hpc/informed_swapping/BARK.py:156: UserWarning: Exited postprocessing with accuracies 
[4.02439393e-09]
not reaching the requested tolerance 1e-09.
  values, vectors = lobpcg(projected_hamiltonian, guess, largest=False,
/home/erosanow_hpc/informed_swapping/BARK.py:156: UserWarning: Exited at iteration 50 with accuracies 
[4.4321383e-09]
not reaching the requested tolerance 1e-09.
Use iteration 51 instead with accuracy 
4.4321382993146766e-09.

  values, vectors = lobpcg(projected_hamiltonian, guess, largest=False,
/home/erosanow_hpc/informed_swapping/BARK.py:156: UserWarning: Exited postprocessing with accuracies 
[4.43213855e-09]
not reaching the requested tolerance 1e-09.
  values, vectors = lobpcg(projected_hamiltonian, guess, largest=False,
/home/erosanow_hpc/informed_swapping/BARK.py:156: UserWarning: Exited at iteration 50 with accuracies 
[5.50267882e-09]
not reaching the requested tolerance 1e-09.
Use iteration 51 instead with accuracy 
5.50267882373964e-09.

  values, vectors = lobpcg(projected_hamiltonian, guess, largest=False,
/home/erosanow_hpc/informed_swapping/BARK.py:156: UserWarning: Exited postprocessing with accuracies 
[5.50267908e-09]
not reaching the requested tolerance 1e-09.
  values, vectors = lobpcg(projected_hamiltonian, guess, largest=False,
/home/erosanow_hpc/informed_swapping/BARK.py:156: UserWarning: Exited at iteration 50 with accuracies 
[2.83268181e-09]
not reaching the requested tolerance 1e-09.
Use iteration 51 instead with accuracy 
2.8326818088726936e-09.

  values, vectors = lobpcg(projected_hamiltonian, guess, largest=False,
/home/erosanow_hpc/informed_swapping/BARK.py:156: UserWarning: Exited postprocessing with accuracies 
[2.83268096e-09]
not reaching the requested tolerance 1e-09.
  values, vectors = lobpcg(projected_hamiltonian, guess, largest=False,
/home/erosanow_hpc/informed_swapping/BARK.py:156: UserWarning: Exited at iteration 50 with accuracies 
[4.10158245e-09]
not reaching the requested tolerance 1e-09.
Use iteration 51 instead with accuracy 
4.1015824491628735e-09.

  values, vectors = lobpcg(projected_hamiltonian, guess, largest=False,
/home/erosanow_hpc/informed_swapping/BARK.py:156: UserWarning: Exited postprocessing with accuracies 
[4.10158238e-09]
not reaching the requested tolerance 1e-09.
  values, vectors = lobpcg(projected_hamiltonian, guess, largest=False,
/home/erosanow_hpc/informed_swapping/BARK.py:156: UserWarning: Exited at iteration 50 with accuracies 
[4.49120339e-09]
not reaching the requested tolerance 1e-09.
Use iteration 51 instead with accuracy 
4.491203393194445e-09.

  values, vectors = lobpcg(projected_hamiltonian, guess, largest=False,
/home/erosanow_hpc/informed_swapping/BARK.py:156: UserWarning: Exited postprocessing with accuracies 
[4.49120315e-09]
not reaching the requested tolerance 1e-09.
  values, vectors = lobpcg(projected_hamiltonian, guess, largest=False,
/home/erosanow_hpc/informed_swapping/BARK.py:156: UserWarning: Exited at iteration 50 with accuracies 
[5.53653961e-09]
not reaching the requested tolerance 1e-09.
Use iteration 51 instead with accuracy 
5.536539613274012e-09.

  values, vectors = lobpcg(projected_hamiltonian, guess, largest=False,
/home/erosanow_hpc/informed_swapping/BARK.py:156: UserWarning: Exited postprocessing with accuracies 
[5.53654019e-09]
not reaching the requested tolerance 1e-09.
  values, vectors = lobpcg(projected_hamiltonian, guess, largest=False,
/home/erosanow_hpc/informed_swapping/BARK.py:156: UserWarning: Exited at iteration 50 with accuracies 
[4.76949283e-09]
not reaching the requested tolerance 1e-09.
Use iteration 51 instead with accuracy 
4.769492827217285e-09.

  values, vectors = lobpcg(projected_hamiltonian, guess, largest=False,
/home/erosanow_hpc/informed_swapping/BARK.py:156: UserWarning: Exited postprocessing with accuracies 
[4.76949308e-09]
not reaching the requested tolerance 1e-09.
  values, vectors = lobpcg(projected_hamiltonian, guess, largest=False,
/home/erosanow_hpc/informed_swapping/BARK.py:156: UserWarning: Exited at iteration 50 with accuracies 
[7.1410347e-09]
not reaching the requested tolerance 1e-09.
Use iteration 51 instead with accuracy 
7.141034700627498e-09.

  values, vectors = lobpcg(projected_hamiltonian, guess, largest=False,
/home/erosanow_hpc/informed_swapping/BARK.py:156: UserWarning: Exited postprocessing with accuracies 
[7.14103438e-09]
not reaching the requested tolerance 1e-09.
  values, vectors = lobpcg(projected_hamiltonian, guess, largest=False,
/home/erosanow_hpc/informed_swapping/BARK.py:156: UserWarning: Exited at iteration 50 with accuracies 
[7.57754005e-09]
not reaching the requested tolerance 1e-09.
Use iteration 51 instead with accuracy 
7.577540048053053e-09.

  values, vectors = lobpcg(projected_hamiltonian, guess, largest=False,
/home/erosanow_hpc/informed_swapping/BARK.py:156: UserWarning: Exited postprocessing with accuracies 
[7.57754029e-09]
not reaching the requested tolerance 1e-09.
  values, vectors = lobpcg(projected_hamiltonian, guess, largest=False,
/home/erosanow_hpc/informed_swapping/BARK.py:156: UserWarning: Exited at iteration 50 with accuracies 
[9.56286999e-09]
not reaching the requested tolerance 1e-09.
Use iteration 51 instead with accuracy 
9.562869993312538e-09.

  values, vectors = lobpcg(projected_hamiltonian, guess, largest=False,
/home/erosanow_hpc/informed_swapping/BARK.py:156: UserWarning: Exited postprocessing with accuracies 
[9.56286934e-09]
not reaching the requested tolerance 1e-09.
  values, vectors = lobpcg(projected_hamiltonian, guess, largest=False,
/home/erosanow_hpc/informed_swapping/BARK.py:156: UserWarning: Exited at iteration 50 with accuracies 
[2.12918451e-09]
not reaching the requested tolerance 1e-09.
Use iteration 51 instead with accuracy 
2.129184513326659e-09.

  values, vectors = lobpcg(projected_hamiltonian, guess, largest=False,
/home/erosanow_hpc/informed_swapping/BARK.py:156: UserWarning: Exited postprocessing with accuracies 
[2.12918488e-09]
not reaching the requested tolerance 1e-09.
  values, vectors = lobpcg(projected_hamiltonian, guess, largest=False,
/home/erosanow_hpc/informed_swapping/BARK.py:156: UserWarning: Exited at iteration 50 with accuracies 
[3.06855736e-09]
not reaching the requested tolerance 1e-09.
Use iteration 51 instead with accuracy 
3.0685573556690062e-09.

  values, vectors = lobpcg(projected_hamiltonian, guess, largest=False,
/home/erosanow_hpc/informed_swapping/BARK.py:156: UserWarning: Exited postprocessing with accuracies 
[3.06855686e-09]
not reaching the requested tolerance 1e-09.
  values, vectors = lobpcg(projected_hamiltonian, guess, largest=False,
/home/erosanow_hpc/informed_swapping/BARK.py:156: UserWarning: Exited at iteration 50 with accuracies 
[3.31280463e-09]
not reaching the requested tolerance 1e-09.
Use iteration 51 instead with accuracy 
3.3128046279336405e-09.

  values, vectors = lobpcg(projected_hamiltonian, guess, largest=False,
/home/erosanow_hpc/informed_swapping/BARK.py:156: UserWarning: Exited postprocessing with accuracies 
[3.31280422e-09]
not reaching the requested tolerance 1e-09.
  values, vectors = lobpcg(projected_hamiltonian, guess, largest=False,
/home/erosanow_hpc/informed_swapping/BARK.py:156: UserWarning: Exited at iteration 50 with accuracies 
[4.02897601e-09]
not reaching the requested tolerance 1e-09.
Use iteration 51 instead with accuracy 
4.028976009799269e-09.

  values, vectors = lobpcg(projected_hamiltonian, guess, largest=False,
/home/erosanow_hpc/informed_swapping/BARK.py:156: UserWarning: Exited postprocessing with accuracies 
[4.02897557e-09]
not reaching the requested tolerance 1e-09.
  values, vectors = lobpcg(projected_hamiltonian, guess, largest=False,
/home/erosanow_hpc/informed_swapping/BARK.py:156: UserWarning: Exited at iteration 50 with accuracies 
[3.26573767e-09]
not reaching the requested tolerance 1e-09.
Use iteration 51 instead with accuracy 
3.265737665360567e-09.

  values, vectors = lobpcg(projected_hamiltonian, guess, largest=False,
/home/erosanow_hpc/informed_swapping/BARK.py:156: UserWarning: Exited postprocessing with accuracies 
[3.2657373e-09]
not reaching the requested tolerance 1e-09.
  values, vectors = lobpcg(projected_hamiltonian, guess, largest=False,
/home/erosanow_hpc/informed_swapping/BARK.py:156: UserWarning: Exited at iteration 50 with accuracies 
[4.8143875e-09]
not reaching the requested tolerance 1e-09.
Use iteration 51 instead with accuracy 
4.814387496385784e-09.

  values, vectors = lobpcg(projected_hamiltonian, guess, largest=False,
/home/erosanow_hpc/informed_swapping/BARK.py:156: UserWarning: Exited postprocessing with accuracies 
[4.81438756e-09]
not reaching the requested tolerance 1e-09.
  values, vectors = lobpcg(projected_hamiltonian, guess, largest=False,
/home/erosanow_hpc/informed_swapping/BARK.py:156: UserWarning: Exited at iteration 50 with accuracies 
[5.10015872e-09]
not reaching the requested tolerance 1e-09.
Use iteration 51 instead with accuracy 
5.100158717038452e-09.

  values, vectors = lobpcg(projected_hamiltonian, guess, largest=False,
/home/erosanow_hpc/informed_swapping/BARK.py:156: UserWarning: Exited postprocessing with accuracies 
[5.10015889e-09]
not reaching the requested tolerance 1e-09.
  values, vectors = lobpcg(projected_hamiltonian, guess, largest=False,
/home/erosanow_hpc/informed_swapping/BARK.py:156: UserWarning: Exited at iteration 50 with accuracies 
[6.25263367e-09]
not reaching the requested tolerance 1e-09.
Use iteration 51 instead with accuracy 
6.25263367182382e-09.

  values, vectors = lobpcg(projected_hamiltonian, guess, largest=False,
/home/erosanow_hpc/informed_swapping/BARK.py:156: UserWarning: Exited postprocessing with accuracies 
[6.25263356e-09]
not reaching the requested tolerance 1e-09.
  values, vectors = lobpcg(projected_hamiltonian, guess, largest=False,
/home/erosanow_hpc/informed_swapping/BARK.py:156: UserWarning: Exited at iteration 50 with accuracies 
[3.33110815e-09]
not reaching the requested tolerance 1e-09.
Use iteration 51 instead with accuracy 
3.3311081537613726e-09.

  values, vectors = lobpcg(projected_hamiltonian, guess, largest=False,
/home/erosanow_hpc/informed_swapping/BARK.py:156: UserWarning: Exited postprocessing with accuracies 
[3.33110776e-09]
not reaching the requested tolerance 1e-09.
  values, vectors = lobpcg(projected_hamiltonian, guess, largest=False,
/home/erosanow_hpc/informed_swapping/BARK.py:156: UserWarning: Exited at iteration 50 with accuracies 
[4.89189364e-09]
not reaching the requested tolerance 1e-09.
Use iteration 51 instead with accuracy 
4.891893635484899e-09.

  values, vectors = lobpcg(projected_hamiltonian, guess, largest=False,
/home/erosanow_hpc/informed_swapping/BARK.py:156: UserWarning: Exited postprocessing with accuracies 
[4.89189353e-09]
not reaching the requested tolerance 1e-09.
  values, vectors = lobpcg(projected_hamiltonian, guess, largest=False,
/home/erosanow_hpc/informed_swapping/BARK.py:156: UserWarning: Exited at iteration 50 with accuracies 
[5.37757519e-09]
not reaching the requested tolerance 1e-09.
Use iteration 51 instead with accuracy 
5.377575190296819e-09.

  values, vectors = lobpcg(projected_hamiltonian, guess, largest=False,
/home/erosanow_hpc/informed_swapping/BARK.py:156: UserWarning: Exited postprocessing with accuracies 
[5.37757499e-09]
not reaching the requested tolerance 1e-09.
  values, vectors = lobpcg(projected_hamiltonian, guess, largest=False,
/home/erosanow_hpc/informed_swapping/BARK.py:156: UserWarning: Exited at iteration 50 with accuracies 
[6.66467621e-09]
not reaching the requested tolerance 1e-09.
Use iteration 51 instead with accuracy 
6.664676209710299e-09.

  values, vectors = lobpcg(projected_hamiltonian, guess, largest=False,
/home/erosanow_hpc/informed_swapping/BARK.py:156: UserWarning: Exited postprocessing with accuracies 
[6.66467621e-09]
not reaching the requested tolerance 1e-09.
  values, vectors = lobpcg(projected_hamiltonian, guess, largest=False,
/home/erosanow_hpc/informed_swapping/BARK.py:156: UserWarning: Exited at iteration 50 with accuracies 
[5.41579546e-09]
not reaching the requested tolerance 1e-09.
Use iteration 51 instead with accuracy 
5.415795458640769e-09.

  values, vectors = lobpcg(projected_hamiltonian, guess, largest=False,
/home/erosanow_hpc/informed_swapping/BARK.py:156: UserWarning: Exited postprocessing with accuracies 
[5.41579557e-09]
not reaching the requested tolerance 1e-09.
  values, vectors = lobpcg(projected_hamiltonian, guess, largest=False,
/home/erosanow_hpc/informed_swapping/BARK.py:156: UserWarning: Exited at iteration 50 with accuracies 
[8.26730125e-09]
not reaching the requested tolerance 1e-09.
Use iteration 51 instead with accuracy 
8.267301252301807e-09.

  values, vectors = lobpcg(projected_hamiltonian, guess, largest=False,
/home/erosanow_hpc/informed_swapping/BARK.py:156: UserWarning: Exited postprocessing with accuracies 
[8.26730104e-09]
not reaching the requested tolerance 1e-09.
  values, vectors = lobpcg(projected_hamiltonian, guess, largest=False,
/home/erosanow_hpc/informed_swapping/BARK.py:156: UserWarning: Exited at iteration 50 with accuracies 
[8.73591491e-09]
not reaching the requested tolerance 1e-09.
Use iteration 51 instead with accuracy 
8.735914910505413e-09.

  values, vectors = lobpcg(projected_hamiltonian, guess, largest=False,
/home/erosanow_hpc/informed_swapping/BARK.py:156: UserWarning: Exited postprocessing with accuracies 
[8.73591475e-09]
not reaching the requested tolerance 1e-09.
  values, vectors = lobpcg(projected_hamiltonian, guess, largest=False,
/home/erosanow_hpc/informed_swapping/BARK.py:156: UserWarning: Exited at iteration 50 with accuracies 
[1.1185982e-08]
not reaching the requested tolerance 1e-09.
Use iteration 51 instead with accuracy 
1.1185982046926827e-08.

  values, vectors = lobpcg(projected_hamiltonian, guess, largest=False,
/home/erosanow_hpc/informed_swapping/BARK.py:156: UserWarning: Exited postprocessing with accuracies 
[1.11859824e-08]
not reaching the requested tolerance 1e-09.
  values, vectors = lobpcg(projected_hamiltonian, guess, largest=False,
/home/erosanow_hpc/informed_swapping/BARK.py:156: UserWarning: Exited at iteration 50 with accuracies 
[1.71372154e-09]
not reaching the requested tolerance 1e-09.
Use iteration 51 instead with accuracy 
1.7137215401277688e-09.

  values, vectors = lobpcg(projected_hamiltonian, guess, largest=False,
/home/erosanow_hpc/informed_swapping/BARK.py:156: UserWarning: Exited postprocessing with accuracies 
[1.71372157e-09]
not reaching the requested tolerance 1e-09.
  values, vectors = lobpcg(projected_hamiltonian, guess, largest=False,
/home/erosanow_hpc/informed_swapping/BARK.py:156: UserWarning: Exited at iteration 50 with accuracies 
[2.72706291e-09]
not reaching the requested tolerance 1e-09.
Use iteration 51 instead with accuracy 
2.7270629147152e-09.

  values, vectors = lobpcg(projected_hamiltonian, guess, largest=False,
/home/erosanow_hpc/informed_swapping/BARK.py:156: UserWarning: Exited postprocessing with accuracies 
[2.72706239e-09]
not reaching the requested tolerance 1e-09.
  values, vectors = lobpcg(projected_hamiltonian, guess, largest=False,
/home/erosanow_hpc/informed_swapping/BARK.py:156: UserWarning: Exited at iteration 50 with accuracies 
[2.98453861e-09]
not reaching the requested tolerance 1e-09.
Use iteration 51 instead with accuracy 
2.984538613442218e-09.

  values, vectors = lobpcg(projected_hamiltonian, guess, largest=False,
/home/erosanow_hpc/informed_swapping/BARK.py:156: UserWarning: Exited postprocessing with accuracies 
[2.98453871e-09]
not reaching the requested tolerance 1e-09.
  values, vectors = lobpcg(projected_hamiltonian, guess, largest=False,
/home/erosanow_hpc/informed_swapping/BARK.py:156: UserWarning: Exited at iteration 50 with accuracies 
[3.90293471e-09]
not reaching the requested tolerance 1e-09.
Use iteration 51 instead with accuracy 
3.902934706716566e-09.

  values, vectors = lobpcg(projected_hamiltonian, guess, largest=False,
/home/erosanow_hpc/informed_swapping/BARK.py:156: UserWarning: Exited postprocessing with accuracies 
[3.90293445e-09]
not reaching the requested tolerance 1e-09.
  values, vectors = lobpcg(projected_hamiltonian, guess, largest=False,
/home/erosanow_hpc/informed_swapping/BARK.py:156: UserWarning: Exited at iteration 50 with accuracies 
[3.11444306e-09]
not reaching the requested tolerance 1e-09.
Use iteration 51 instead with accuracy 
3.114443061168729e-09.

  values, vectors = lobpcg(projected_hamiltonian, guess, largest=False,
/home/erosanow_hpc/informed_swapping/BARK.py:156: UserWarning: Exited postprocessing with accuracies 
[3.1144425e-09]
not reaching the requested tolerance 1e-09.
  values, vectors = lobpcg(projected_hamiltonian, guess, largest=False,
/home/erosanow_hpc/informed_swapping/BARK.py:156: UserWarning: Exited at iteration 50 with accuracies 
[4.97908027e-09]
not reaching the requested tolerance 1e-09.
Use iteration 51 instead with accuracy 
4.979080272390172e-09.

  values, vectors = lobpcg(projected_hamiltonian, guess, largest=False,
/home/erosanow_hpc/informed_swapping/BARK.py:156: UserWarning: Exited postprocessing with accuracies 
[4.97908018e-09]
not reaching the requested tolerance 1e-09.
  values, vectors = lobpcg(projected_hamiltonian, guess, largest=False,
/home/erosanow_hpc/informed_swapping/BARK.py:156: UserWarning: Exited at iteration 50 with accuracies 
[5.1908886e-09]
not reaching the requested tolerance 1e-09.
Use iteration 51 instead with accuracy 
5.190888598998309e-09.

  values, vectors = lobpcg(projected_hamiltonian, guess, largest=False,
/home/erosanow_hpc/informed_swapping/BARK.py:156: UserWarning: Exited postprocessing with accuracies 
[5.19088854e-09]
not reaching the requested tolerance 1e-09.
  values, vectors = lobpcg(projected_hamiltonian, guess, largest=False,
/home/erosanow_hpc/informed_swapping/BARK.py:156: UserWarning: Exited at iteration 50 with accuracies 
[7.21568749e-09]
not reaching the requested tolerance 1e-09.
Use iteration 51 instead with accuracy 
7.215687494849198e-09.

  values, vectors = lobpcg(projected_hamiltonian, guess, largest=False,
/home/erosanow_hpc/informed_swapping/BARK.py:156: UserWarning: Exited postprocessing with accuracies 
[7.21568783e-09]
not reaching the requested tolerance 1e-09.
  values, vectors = lobpcg(projected_hamiltonian, guess, largest=False,
/home/erosanow_hpc/informed_swapping/BARK.py:156: UserWarning: Exited at iteration 50 with accuracies 
[3.30534246e-09]
not reaching the requested tolerance 1e-09.
Use iteration 51 instead with accuracy 
3.305342464817075e-09.

  values, vectors = lobpcg(projected_hamiltonian, guess, largest=False,
/home/erosanow_hpc/informed_swapping/BARK.py:156: UserWarning: Exited postprocessing with accuracies 
[3.30534206e-09]
not reaching the requested tolerance 1e-09.
  values, vectors = lobpcg(projected_hamiltonian, guess, largest=False,
/home/erosanow_hpc/informed_swapping/BARK.py:156: UserWarning: Exited at iteration 50 with accuracies 
[4.98094351e-09]
not reaching the requested tolerance 1e-09.
Use iteration 51 instead with accuracy 
4.980943513166179e-09.

  values, vectors = lobpcg(projected_hamiltonian, guess, largest=False,
/home/erosanow_hpc/informed_swapping/BARK.py:156: UserWarning: Exited postprocessing with accuracies 
[4.98094323e-09]
not reaching the requested tolerance 1e-09.
  values, vectors = lobpcg(projected_hamiltonian, guess, largest=False,
/home/erosanow_hpc/informed_swapping/BARK.py:156: UserWarning: Exited at iteration 50 with accuracies 
[6.04656235e-09]
not reaching the requested tolerance 1e-09.
Use iteration 51 instead with accuracy 
6.046562353566256e-09.

  values, vectors = lobpcg(projected_hamiltonian, guess, largest=False,
/home/erosanow_hpc/informed_swapping/BARK.py:156: UserWarning: Exited postprocessing with accuracies 
[6.04656192e-09]
not reaching the requested tolerance 1e-09.
  values, vectors = lobpcg(projected_hamiltonian, guess, largest=False,
/home/erosanow_hpc/informed_swapping/BARK.py:156: UserWarning: Exited at iteration 50 with accuracies 
[7.78498029e-09]
not reaching the requested tolerance 1e-09.
Use iteration 51 instead with accuracy 
7.78498028595894e-09.

  values, vectors = lobpcg(projected_hamiltonian, guess, largest=False,
/home/erosanow_hpc/informed_swapping/BARK.py:156: UserWarning: Exited postprocessing with accuracies 
[7.78497956e-09]
not reaching the requested tolerance 1e-09.
  values, vectors = lobpcg(projected_hamiltonian, guess, largest=False,
/home/erosanow_hpc/informed_swapping/BARK.py:156: UserWarning: Exited at iteration 50 with accuracies 
[6.49529763e-09]
not reaching the requested tolerance 1e-09.
Use iteration 51 instead with accuracy 
6.495297628208643e-09.

  values, vectors = lobpcg(projected_hamiltonian, guess, largest=False,
/home/erosanow_hpc/informed_swapping/BARK.py:156: UserWarning: Exited postprocessing with accuracies 
[6.49529778e-09]
not reaching the requested tolerance 1e-09.
  values, vectors = lobpcg(projected_hamiltonian, guess, largest=False,
/home/erosanow_hpc/informed_swapping/BARK.py:156: UserWarning: Exited at iteration 50 with accuracies 
[1.07915508e-08]
not reaching the requested tolerance 1e-09.
Use iteration 51 instead with accuracy 
1.079155079658448e-08.

  values, vectors = lobpcg(projected_hamiltonian, guess, largest=False,
/home/erosanow_hpc/informed_swapping/BARK.py:156: UserWarning: Exited postprocessing with accuracies 
[1.07915507e-08]
not reaching the requested tolerance 1e-09.
  values, vectors = lobpcg(projected_hamiltonian, guess, largest=False,
/home/erosanow_hpc/informed_swapping/BARK.py:156: UserWarning: Exited at iteration 50 with accuracies 
[1.14925412e-08]
not reaching the requested tolerance 1e-09.
Use iteration 51 instead with accuracy 
1.1492541226625753e-08.

  values, vectors = lobpcg(projected_hamiltonian, guess, largest=False,
/home/erosanow_hpc/informed_swapping/BARK.py:156: UserWarning: Exited postprocessing with accuracies 
[1.14925414e-08]
not reaching the requested tolerance 1e-09.
  values, vectors = lobpcg(projected_hamiltonian, guess, largest=False,
/home/erosanow_hpc/informed_swapping/BARK.py:156: UserWarning: Exited at iteration 50 with accuracies 
[1.60994238e-08]
not reaching the requested tolerance 1e-09.
Use iteration 51 instead with accuracy 
1.6099423763307774e-08.

  values, vectors = lobpcg(projected_hamiltonian, guess, largest=False,
/home/erosanow_hpc/informed_swapping/BARK.py:156: UserWarning: Exited postprocessing with accuracies 
[1.60994241e-08]
not reaching the requested tolerance 1e-09.
  values, vectors = lobpcg(projected_hamiltonian, guess, largest=False,
/home/erosanow_hpc/informed_swapping/BARK.py:156: UserWarning: Exited at iteration 50 with accuracies 
[2.18261399e-09]
not reaching the requested tolerance 1e-09.
Use iteration 51 instead with accuracy 
2.1826139905684484e-09.

  values, vectors = lobpcg(projected_hamiltonian, guess, largest=False,
/home/erosanow_hpc/informed_swapping/BARK.py:156: UserWarning: Exited postprocessing with accuracies 
[2.18261448e-09]
not reaching the requested tolerance 1e-09.
  values, vectors = lobpcg(projected_hamiltonian, guess, largest=False,
/home/erosanow_hpc/informed_swapping/BARK.py:156: UserWarning: Exited at iteration 50 with accuracies 
[3.13652513e-09]
not reaching the requested tolerance 1e-09.
Use iteration 51 instead with accuracy 
3.1365251281927937e-09.

  values, vectors = lobpcg(projected_hamiltonian, guess, largest=False,
/home/erosanow_hpc/informed_swapping/BARK.py:156: UserWarning: Exited postprocessing with accuracies 
[3.13652515e-09]
not reaching the requested tolerance 1e-09.
  values, vectors = lobpcg(projected_hamiltonian, guess, largest=False,
/home/erosanow_hpc/informed_swapping/BARK.py:156: UserWarning: Exited at iteration 50 with accuracies 
[3.45218509e-09]
not reaching the requested tolerance 1e-09.
Use iteration 51 instead with accuracy 
3.4521850915186665e-09.

  values, vectors = lobpcg(projected_hamiltonian, guess, largest=False,
/home/erosanow_hpc/informed_swapping/BARK.py:156: UserWarning: Exited postprocessing with accuracies 
[3.45218491e-09]
not reaching the requested tolerance 1e-09.
  values, vectors = lobpcg(projected_hamiltonian, guess, largest=False,
/home/erosanow_hpc/informed_swapping/BARK.py:156: UserWarning: Exited at iteration 50 with accuracies 
[4.23900932e-09]
not reaching the requested tolerance 1e-09.
Use iteration 51 instead with accuracy 
4.239009317631914e-09.

  values, vectors = lobpcg(projected_hamiltonian, guess, largest=False,
/home/erosanow_hpc/informed_swapping/BARK.py:156: UserWarning: Exited postprocessing with accuracies 
[4.2390094e-09]
not reaching the requested tolerance 1e-09.
  values, vectors = lobpcg(projected_hamiltonian, guess, largest=False,
/home/erosanow_hpc/informed_swapping/BARK.py:156: UserWarning: Exited at iteration 50 with accuracies 
[3.53248841e-09]
not reaching the requested tolerance 1e-09.
Use iteration 51 instead with accuracy 
3.5324884064512403e-09.

  values, vectors = lobpcg(projected_hamiltonian, guess, largest=False,
/home/erosanow_hpc/informed_swapping/BARK.py:156: UserWarning: Exited postprocessing with accuracies 
[3.53248797e-09]
not reaching the requested tolerance 1e-09.
  values, vectors = lobpcg(projected_hamiltonian, guess, largest=False,
/home/erosanow_hpc/informed_swapping/BARK.py:156: UserWarning: Exited at iteration 50 with accuracies 
[5.17315878e-09]
not reaching the requested tolerance 1e-09.
Use iteration 51 instead with accuracy 
5.1731587809524115e-09.

  values, vectors = lobpcg(projected_hamiltonian, guess, largest=False,
/home/erosanow_hpc/informed_swapping/BARK.py:156: UserWarning: Exited postprocessing with accuracies 
[5.17315845e-09]
not reaching the requested tolerance 1e-09.
  values, vectors = lobpcg(projected_hamiltonian, guess, largest=False,
/home/erosanow_hpc/informed_swapping/BARK.py:156: UserWarning: Exited at iteration 50 with accuracies 
[5.41983022e-09]
not reaching the requested tolerance 1e-09.
Use iteration 51 instead with accuracy 
5.419830224035662e-09.

  values, vectors = lobpcg(projected_hamiltonian, guess, largest=False,
/home/erosanow_hpc/informed_swapping/BARK.py:156: UserWarning: Exited postprocessing with accuracies 
[5.41983005e-09]
not reaching the requested tolerance 1e-09.
  values, vectors = lobpcg(projected_hamiltonian, guess, largest=False,
/home/erosanow_hpc/informed_swapping/BARK.py:156: UserWarning: Exited at iteration 50 with accuracies 
[6.76061029e-09]
not reaching the requested tolerance 1e-09.
Use iteration 51 instead with accuracy 
6.7606102869769875e-09.

  values, vectors = lobpcg(projected_hamiltonian, guess, largest=False,
/home/erosanow_hpc/informed_swapping/BARK.py:156: UserWarning: Exited postprocessing with accuracies 
[6.76061054e-09]
not reaching the requested tolerance 1e-09.
  values, vectors = lobpcg(projected_hamiltonian, guess, largest=False,
/home/erosanow_hpc/informed_swapping/BARK.py:156: UserWarning: Exited at iteration 50 with accuracies 
[3.54557091e-09]
not reaching the requested tolerance 1e-09.
Use iteration 51 instead with accuracy 
3.54557090553493e-09.

  values, vectors = lobpcg(projected_hamiltonian, guess, largest=False,
/home/erosanow_hpc/informed_swapping/BARK.py:156: UserWarning: Exited postprocessing with accuracies 
[3.545571e-09]
not reaching the requested tolerance 1e-09.
  values, vectors = lobpcg(projected_hamiltonian, guess, largest=False,
/home/erosanow_hpc/informed_swapping/BARK.py:156: UserWarning: Exited at iteration 50 with accuracies 
[5.15094517e-09]
not reaching the requested tolerance 1e-09.
Use iteration 51 instead with accuracy 
5.150945168252583e-09.

  values, vectors = lobpcg(projected_hamiltonian, guess, largest=False,
/home/erosanow_hpc/informed_swapping/BARK.py:156: UserWarning: Exited postprocessing with accuracies 
[5.1509454e-09]
not reaching the requested tolerance 1e-09.
  values, vectors = lobpcg(projected_hamiltonian, guess, largest=False,
/home/erosanow_hpc/informed_swapping/BARK.py:156: UserWarning: Exited at iteration 50 with accuracies 
[5.71148853e-09]
not reaching the requested tolerance 1e-09.
Use iteration 51 instead with accuracy 
5.711488532695069e-09.

  values, vectors = lobpcg(projected_hamiltonian, guess, largest=False,
/home/erosanow_hpc/informed_swapping/BARK.py:156: UserWarning: Exited postprocessing with accuracies 
[5.71148833e-09]
not reaching the requested tolerance 1e-09.
  values, vectors = lobpcg(projected_hamiltonian, guess, largest=False,
/home/erosanow_hpc/informed_swapping/BARK.py:156: UserWarning: Exited at iteration 50 with accuracies 
[7.08044385e-09]
not reaching the requested tolerance 1e-09.
Use iteration 51 instead with accuracy 
7.080443848732322e-09.

  values, vectors = lobpcg(projected_hamiltonian, guess, largest=False,
/home/erosanow_hpc/informed_swapping/BARK.py:156: UserWarning: Exited postprocessing with accuracies 
[7.08044416e-09]
not reaching the requested tolerance 1e-09.
  values, vectors = lobpcg(projected_hamiltonian, guess, largest=False,
/home/erosanow_hpc/informed_swapping/BARK.py:156: UserWarning: Exited at iteration 50 with accuracies 
[5.8078969e-09]
not reaching the requested tolerance 1e-09.
Use iteration 51 instead with accuracy 
5.807896895896415e-09.

  values, vectors = lobpcg(projected_hamiltonian, guess, largest=False,
/home/erosanow_hpc/informed_swapping/BARK.py:156: UserWarning: Exited postprocessing with accuracies 
[5.80789717e-09]
not reaching the requested tolerance 1e-09.
  values, vectors = lobpcg(projected_hamiltonian, guess, largest=False,
/home/erosanow_hpc/informed_swapping/BARK.py:156: UserWarning: Exited at iteration 50 with accuracies 
[8.57118635e-09]
not reaching the requested tolerance 1e-09.
Use iteration 51 instead with accuracy 
8.571186352870097e-09.

  values, vectors = lobpcg(projected_hamiltonian, guess, largest=False,
/home/erosanow_hpc/informed_swapping/BARK.py:156: UserWarning: Exited postprocessing with accuracies 
[8.57118648e-09]
not reaching the requested tolerance 1e-09.
  values, vectors = lobpcg(projected_hamiltonian, guess, largest=False,
/home/erosanow_hpc/informed_swapping/BARK.py:156: UserWarning: Exited at iteration 50 with accuracies 
[8.9590144e-09]
not reaching the requested tolerance 1e-09.
Use iteration 51 instead with accuracy 
8.959014397752104e-09.

  values, vectors = lobpcg(projected_hamiltonian, guess, largest=False,
/home/erosanow_hpc/informed_swapping/BARK.py:156: UserWarning: Exited postprocessing with accuracies 
[8.95901415e-09]
not reaching the requested tolerance 1e-09.
  values, vectors = lobpcg(projected_hamiltonian, guess, largest=False,
/home/erosanow_hpc/informed_swapping/BARK.py:156: UserWarning: Exited at iteration 50 with accuracies 
[1.11598992e-08]
not reaching the requested tolerance 1e-09.
Use iteration 51 instead with accuracy 
1.1159899173887673e-08.

  values, vectors = lobpcg(projected_hamiltonian, guess, largest=False,
/home/erosanow_hpc/informed_swapping/BARK.py:156: UserWarning: Exited postprocessing with accuracies 
[1.11598987e-08]
not reaching the requested tolerance 1e-09.
  values, vectors = lobpcg(projected_hamiltonian, guess, largest=False,
/home/erosanow_hpc/informed_swapping/BARK.py:156: UserWarning: Exited at iteration 50 with accuracies 
[1.42556216e-09]
not reaching the requested tolerance 1e-09.
Use iteration 51 instead with accuracy 
1.425562157376899e-09.

  values, vectors = lobpcg(projected_hamiltonian, guess, largest=False,
/home/erosanow_hpc/informed_swapping/BARK.py:156: UserWarning: Exited postprocessing with accuracies 
[1.42556208e-09]
not reaching the requested tolerance 1e-09.
  values, vectors = lobpcg(projected_hamiltonian, guess, largest=False,
/home/erosanow_hpc/informed_swapping/BARK.py:156: UserWarning: Exited at iteration 50 with accuracies 
[2.15558665e-09]
not reaching the requested tolerance 1e-09.
Use iteration 51 instead with accuracy 
2.155586652777336e-09.

  values, vectors = lobpcg(projected_hamiltonian, guess, largest=False,
/home/erosanow_hpc/informed_swapping/BARK.py:156: UserWarning: Exited postprocessing with accuracies 
[2.15558687e-09]
not reaching the requested tolerance 1e-09.
  values, vectors = lobpcg(projected_hamiltonian, guess, largest=False,
/home/erosanow_hpc/informed_swapping/BARK.py:156: UserWarning: Exited at iteration 50 with accuracies 
[2.67834608e-09]
not reaching the requested tolerance 1e-09.
Use iteration 51 instead with accuracy 
2.678346082383576e-09.

  values, vectors = lobpcg(projected_hamiltonian, guess, largest=False,
/home/erosanow_hpc/informed_swapping/BARK.py:156: UserWarning: Exited postprocessing with accuracies 
[2.67834589e-09]
not reaching the requested tolerance 1e-09.
  values, vectors = lobpcg(projected_hamiltonian, guess, largest=False,
/home/erosanow_hpc/informed_swapping/BARK.py:156: UserWarning: Exited at iteration 50 with accuracies 
[3.42276573e-09]
not reaching the requested tolerance 1e-09.
Use iteration 51 instead with accuracy 
3.4227657284109835e-09.

  values, vectors = lobpcg(projected_hamiltonian, guess, largest=False,
/home/erosanow_hpc/informed_swapping/BARK.py:156: UserWarning: Exited postprocessing with accuracies 
[3.42276553e-09]
not reaching the requested tolerance 1e-09.
  values, vectors = lobpcg(projected_hamiltonian, guess, largest=False,
/home/erosanow_hpc/informed_swapping/BARK.py:156: UserWarning: Exited at iteration 50 with accuracies 
[2.78632002e-09]
not reaching the requested tolerance 1e-09.
Use iteration 51 instead with accuracy 
2.786320022447515e-09.

  values, vectors = lobpcg(projected_hamiltonian, guess, largest=False,
/home/erosanow_hpc/informed_swapping/BARK.py:156: UserWarning: Exited postprocessing with accuracies 
[2.7863199e-09]
not reaching the requested tolerance 1e-09.
  values, vectors = lobpcg(projected_hamiltonian, guess, largest=False,
/home/erosanow_hpc/informed_swapping/BARK.py:156: UserWarning: Exited at iteration 50 with accuracies 
[4.3854916e-09]
not reaching the requested tolerance 1e-09.
Use iteration 51 instead with accuracy 
4.3854916007507686e-09.

  values, vectors = lobpcg(projected_hamiltonian, guess, largest=False,
/home/erosanow_hpc/informed_swapping/BARK.py:156: UserWarning: Exited postprocessing with accuracies 
[4.3854919e-09]
not reaching the requested tolerance 1e-09.
  values, vectors = lobpcg(projected_hamiltonian, guess, largest=False,
/home/erosanow_hpc/informed_swapping/BARK.py:156: UserWarning: Exited at iteration 50 with accuracies 
[4.44114655e-09]
not reaching the requested tolerance 1e-09.
Use iteration 51 instead with accuracy 
4.441146547903423e-09.

  values, vectors = lobpcg(projected_hamiltonian, guess, largest=False,
/home/erosanow_hpc/informed_swapping/BARK.py:156: UserWarning: Exited postprocessing with accuracies 
[4.44114703e-09]
not reaching the requested tolerance 1e-09.
  values, vectors = lobpcg(projected_hamiltonian, guess, largest=False,
/home/erosanow_hpc/informed_swapping/BARK.py:156: UserWarning: Exited at iteration 50 with accuracies 
[5.66408801e-09]
not reaching the requested tolerance 1e-09.
Use iteration 51 instead with accuracy 
5.6640880120136794e-09.

  values, vectors = lobpcg(projected_hamiltonian, guess, largest=False,
/home/erosanow_hpc/informed_swapping/BARK.py:156: UserWarning: Exited postprocessing with accuracies 
[5.66408849e-09]
not reaching the requested tolerance 1e-09.
  values, vectors = lobpcg(projected_hamiltonian, guess, largest=False,
/home/erosanow_hpc/informed_swapping/BARK.py:156: UserWarning: Exited at iteration 50 with accuracies 
[2.585638e-09]
not reaching the requested tolerance 1e-09.
Use iteration 51 instead with accuracy 
2.585638001485728e-09.

  values, vectors = lobpcg(projected_hamiltonian, guess, largest=False,
/home/erosanow_hpc/informed_swapping/BARK.py:156: UserWarning: Exited postprocessing with accuracies 
[2.58563786e-09]
not reaching the requested tolerance 1e-09.
  values, vectors = lobpcg(projected_hamiltonian, guess, largest=False,
/home/erosanow_hpc/informed_swapping/BARK.py:156: UserWarning: Exited at iteration 50 with accuracies 
[4.08900432e-09]
not reaching the requested tolerance 1e-09.
Use iteration 51 instead with accuracy 
4.089004320199749e-09.

  values, vectors = lobpcg(projected_hamiltonian, guess, largest=False,
/home/erosanow_hpc/informed_swapping/BARK.py:156: UserWarning: Exited postprocessing with accuracies 
[4.08900447e-09]
not reaching the requested tolerance 1e-09.
  values, vectors = lobpcg(projected_hamiltonian, guess, largest=False,
/home/erosanow_hpc/informed_swapping/BARK.py:156: UserWarning: Exited at iteration 50 with accuracies 
[4.76259994e-09]
not reaching the requested tolerance 1e-09.
Use iteration 51 instead with accuracy 
4.76259994346223e-09.

  values, vectors = lobpcg(projected_hamiltonian, guess, largest=False,
/home/erosanow_hpc/informed_swapping/BARK.py:156: UserWarning: Exited postprocessing with accuracies 
[4.76259982e-09]
not reaching the requested tolerance 1e-09.
  values, vectors = lobpcg(projected_hamiltonian, guess, largest=False,
/home/erosanow_hpc/informed_swapping/BARK.py:156: UserWarning: Exited at iteration 50 with accuracies 
[6.35286002e-09]
not reaching the requested tolerance 1e-09.
Use iteration 51 instead with accuracy 
6.352860023535688e-09.

  values, vectors = lobpcg(projected_hamiltonian, guess, largest=False,
/home/erosanow_hpc/informed_swapping/BARK.py:156: UserWarning: Exited postprocessing with accuracies 
[6.35285963e-09]
not reaching the requested tolerance 1e-09.
  values, vectors = lobpcg(projected_hamiltonian, guess, largest=False,
/home/erosanow_hpc/informed_swapping/BARK.py:156: UserWarning: Exited at iteration 50 with accuracies 
[5.10846173e-09]
not reaching the requested tolerance 1e-09.
Use iteration 51 instead with accuracy 
5.1084617310578494e-09.

  values, vectors = lobpcg(projected_hamiltonian, guess, largest=False,
/home/erosanow_hpc/informed_swapping/BARK.py:156: UserWarning: Exited postprocessing with accuracies 
[5.10846175e-09]
not reaching the requested tolerance 1e-09.
  values, vectors = lobpcg(projected_hamiltonian, guess, largest=False,
/home/erosanow_hpc/informed_swapping/BARK.py:156: UserWarning: Exited at iteration 50 with accuracies 
[8.57581871e-09]
not reaching the requested tolerance 1e-09.
Use iteration 51 instead with accuracy 
8.57581870908209e-09.

  values, vectors = lobpcg(projected_hamiltonian, guess, largest=False,
/home/erosanow_hpc/informed_swapping/BARK.py:156: UserWarning: Exited postprocessing with accuracies 
[8.57581871e-09]
not reaching the requested tolerance 1e-09.
  values, vectors = lobpcg(projected_hamiltonian, guess, largest=False,
/home/erosanow_hpc/informed_swapping/BARK.py:156: UserWarning: Exited at iteration 50 with accuracies 
[8.65170013e-09]
not reaching the requested tolerance 1e-09.
Use iteration 51 instead with accuracy 
8.65170012822581e-09.

  values, vectors = lobpcg(projected_hamiltonian, guess, largest=False,
/home/erosanow_hpc/informed_swapping/BARK.py:156: UserWarning: Exited postprocessing with accuracies 
[8.6517006e-09]
not reaching the requested tolerance 1e-09.
  values, vectors = lobpcg(projected_hamiltonian, guess, largest=False,
/home/erosanow_hpc/informed_swapping/BARK.py:156: UserWarning: Exited at iteration 50 with accuracies 
[1.1898709e-08]
not reaching the requested tolerance 1e-09.
Use iteration 51 instead with accuracy 
1.189870900711635e-08.

  values, vectors = lobpcg(projected_hamiltonian, guess, largest=False,
/home/erosanow_hpc/informed_swapping/BARK.py:156: UserWarning: Exited postprocessing with accuracies 
[1.18987089e-08]
not reaching the requested tolerance 1e-09.
  values, vectors = lobpcg(projected_hamiltonian, guess, largest=False,
/home/erosanow_hpc/informed_swapping/BARK.py:156: UserWarning: Exited at iteration 50 with accuracies 
[1.81849612e-09]
not reaching the requested tolerance 1e-09.
Use iteration 51 instead with accuracy 
1.8184961181592251e-09.

  values, vectors = lobpcg(projected_hamiltonian, guess, largest=False,
/home/erosanow_hpc/informed_swapping/BARK.py:156: UserWarning: Exited postprocessing with accuracies 
[1.81849584e-09]
not reaching the requested tolerance 1e-09.
  values, vectors = lobpcg(projected_hamiltonian, guess, largest=False,
/home/erosanow_hpc/informed_swapping/BARK.py:156: UserWarning: Exited at iteration 50 with accuracies 
[2.74566596e-09]
not reaching the requested tolerance 1e-09.
Use iteration 51 instead with accuracy 
2.745665964254715e-09.

  values, vectors = lobpcg(projected_hamiltonian, guess, largest=False,
/home/erosanow_hpc/informed_swapping/BARK.py:156: UserWarning: Exited postprocessing with accuracies 
[2.74566596e-09]
not reaching the requested tolerance 1e-09.
  values, vectors = lobpcg(projected_hamiltonian, guess, largest=False,
/home/erosanow_hpc/informed_swapping/BARK.py:156: UserWarning: Exited at iteration 50 with accuracies 
[3.45033474e-09]
not reaching the requested tolerance 1e-09.
Use iteration 51 instead with accuracy 
3.4503347430539488e-09.

  values, vectors = lobpcg(projected_hamiltonian, guess, largest=False,
/home/erosanow_hpc/informed_swapping/BARK.py:156: UserWarning: Exited postprocessing with accuracies 
[3.45033475e-09]
not reaching the requested tolerance 1e-09.
  values, vectors = lobpcg(projected_hamiltonian, guess, largest=False,
/home/erosanow_hpc/informed_swapping/BARK.py:156: UserWarning: Exited at iteration 50 with accuracies 
[4.38071992e-09]
not reaching the requested tolerance 1e-09.
Use iteration 51 instead with accuracy 
4.38071991974912e-09.

  values, vectors = lobpcg(projected_hamiltonian, guess, largest=False,
/home/erosanow_hpc/informed_swapping/BARK.py:156: UserWarning: Exited postprocessing with accuracies 
[4.38072024e-09]
not reaching the requested tolerance 1e-09.
  values, vectors = lobpcg(projected_hamiltonian, guess, largest=False,
/home/erosanow_hpc/informed_swapping/BARK.py:156: UserWarning: Exited at iteration 50 with accuracies 
[3.59294331e-09]
not reaching the requested tolerance 1e-09.
Use iteration 51 instead with accuracy 
3.592943311730308e-09.

  values, vectors = lobpcg(projected_hamiltonian, guess, largest=False,
/home/erosanow_hpc/informed_swapping/BARK.py:156: UserWarning: Exited postprocessing with accuracies 
[3.59294292e-09]
not reaching the requested tolerance 1e-09.
  values, vectors = lobpcg(projected_hamiltonian, guess, largest=False,
/home/erosanow_hpc/informed_swapping/BARK.py:156: UserWarning: Exited at iteration 50 with accuracies 
[5.58080672e-09]
not reaching the requested tolerance 1e-09.
Use iteration 51 instead with accuracy 
5.5808067227558016e-09.

  values, vectors = lobpcg(projected_hamiltonian, guess, largest=False,
/home/erosanow_hpc/informed_swapping/BARK.py:156: UserWarning: Exited postprocessing with accuracies 
[5.58080662e-09]
not reaching the requested tolerance 1e-09.
  values, vectors = lobpcg(projected_hamiltonian, guess, largest=False,
/home/erosanow_hpc/informed_swapping/BARK.py:156: UserWarning: Exited at iteration 50 with accuracies 
[5.61781965e-09]
not reaching the requested tolerance 1e-09.
Use iteration 51 instead with accuracy 
5.61781964643089e-09.

  values, vectors = lobpcg(projected_hamiltonian, guess, largest=False,
/home/erosanow_hpc/informed_swapping/BARK.py:156: UserWarning: Exited postprocessing with accuracies 
[5.61781941e-09]
not reaching the requested tolerance 1e-09.
  values, vectors = lobpcg(projected_hamiltonian, guess, largest=False,
/home/erosanow_hpc/informed_swapping/BARK.py:156: UserWarning: Exited at iteration 50 with accuracies 
[7.38915067e-09]
not reaching the requested tolerance 1e-09.
Use iteration 51 instead with accuracy 
7.389150671615079e-09.

  values, vectors = lobpcg(projected_hamiltonian, guess, largest=False,
/home/erosanow_hpc/informed_swapping/BARK.py:156: UserWarning: Exited postprocessing with accuracies 
[7.38915052e-09]
not reaching the requested tolerance 1e-09.
  values, vectors = lobpcg(projected_hamiltonian, guess, largest=False,
/home/erosanow_hpc/informed_swapping/BARK.py:156: UserWarning: Exited at iteration 50 with accuracies 
[3.39795688e-09]
not reaching the requested tolerance 1e-09.
Use iteration 51 instead with accuracy 
3.3979568758685268e-09.

  values, vectors = lobpcg(projected_hamiltonian, guess, largest=False,
/home/erosanow_hpc/informed_swapping/BARK.py:156: UserWarning: Exited postprocessing with accuracies 
[3.39795662e-09]
not reaching the requested tolerance 1e-09.
  values, vectors = lobpcg(projected_hamiltonian, guess, largest=False,
/home/erosanow_hpc/informed_swapping/BARK.py:156: UserWarning: Exited at iteration 50 with accuracies 
[5.5007859e-09]
not reaching the requested tolerance 1e-09.
Use iteration 51 instead with accuracy 
5.500785903579672e-09.

  values, vectors = lobpcg(projected_hamiltonian, guess, largest=False,
/home/erosanow_hpc/informed_swapping/BARK.py:156: UserWarning: Exited postprocessing with accuracies 
[5.50078596e-09]
not reaching the requested tolerance 1e-09.
  values, vectors = lobpcg(projected_hamiltonian, guess, largest=False,
/home/erosanow_hpc/informed_swapping/BARK.py:156: UserWarning: Exited at iteration 50 with accuracies 
[6.66326425e-09]
not reaching the requested tolerance 1e-09.
Use iteration 51 instead with accuracy 
6.663264250925885e-09.

  values, vectors = lobpcg(projected_hamiltonian, guess, largest=False,
/home/erosanow_hpc/informed_swapping/BARK.py:156: UserWarning: Exited postprocessing with accuracies 
[6.66326435e-09]
not reaching the requested tolerance 1e-09.
  values, vectors = lobpcg(projected_hamiltonian, guess, largest=False,
/home/erosanow_hpc/informed_swapping/BARK.py:156: UserWarning: Exited at iteration 50 with accuracies 
[8.5656188e-09]
not reaching the requested tolerance 1e-09.
Use iteration 51 instead with accuracy 
8.565618797810769e-09.

  values, vectors = lobpcg(projected_hamiltonian, guess, largest=False,
/home/erosanow_hpc/informed_swapping/BARK.py:156: UserWarning: Exited postprocessing with accuracies 
[8.56561872e-09]
not reaching the requested tolerance 1e-09.
  values, vectors = lobpcg(projected_hamiltonian, guess, largest=False,
/home/erosanow_hpc/informed_swapping/BARK.py:156: UserWarning: Exited at iteration 50 with accuracies 
[7.13972711e-09]
not reaching the requested tolerance 1e-09.
Use iteration 51 instead with accuracy 
7.139727108884129e-09.

  values, vectors = lobpcg(projected_hamiltonian, guess, largest=False,
/home/erosanow_hpc/informed_swapping/BARK.py:156: UserWarning: Exited postprocessing with accuracies 
[7.13972642e-09]
not reaching the requested tolerance 1e-09.
  values, vectors = lobpcg(projected_hamiltonian, guess, largest=False,
/home/erosanow_hpc/informed_swapping/BARK.py:156: UserWarning: Exited at iteration 50 with accuracies 
[1.12609039e-08]
not reaching the requested tolerance 1e-09.
Use iteration 51 instead with accuracy 
1.1260903900948377e-08.

  values, vectors = lobpcg(projected_hamiltonian, guess, largest=False,
/home/erosanow_hpc/informed_swapping/BARK.py:156: UserWarning: Exited postprocessing with accuracies 
[1.12609042e-08]
not reaching the requested tolerance 1e-09.
  values, vectors = lobpcg(projected_hamiltonian, guess, largest=False,
/home/erosanow_hpc/informed_swapping/BARK.py:156: UserWarning: Exited at iteration 50 with accuracies 
[1.1904508e-08]
not reaching the requested tolerance 1e-09.
Use iteration 51 instead with accuracy 
1.1904507970254792e-08.

  values, vectors = lobpcg(projected_hamiltonian, guess, largest=False,
/home/erosanow_hpc/informed_swapping/BARK.py:156: UserWarning: Exited postprocessing with accuracies 
[1.19045078e-08]
not reaching the requested tolerance 1e-09.
  values, vectors = lobpcg(projected_hamiltonian, guess, largest=False,
/home/erosanow_hpc/informed_swapping/BARK.py:156: UserWarning: Exited at iteration 50 with accuracies 
[1.67746348e-08]
not reaching the requested tolerance 1e-09.
Use iteration 51 instead with accuracy 
1.6774634775124326e-08.

  values, vectors = lobpcg(projected_hamiltonian, guess, largest=False,
/home/erosanow_hpc/informed_swapping/BARK.py:156: UserWarning: Exited postprocessing with accuracies 
[1.67746353e-08]
not reaching the requested tolerance 1e-09.
  values, vectors = lobpcg(projected_hamiltonian, guess, largest=False,
/home/erosanow_hpc/informed_swapping/BARK.py:156: UserWarning: Exited at iteration 50 with accuracies 
[1.12296947e-08]
not reaching the requested tolerance 1e-09.
Use iteration 51 instead with accuracy 
1.1229694689412148e-08.

  values, vectors = lobpcg(projected_hamiltonian, guess, largest=False,
/home/erosanow_hpc/informed_swapping/BARK.py:156: UserWarning: Exited postprocessing with accuracies 
[1.12296948e-08]
not reaching the requested tolerance 1e-09.
  values, vectors = lobpcg(projected_hamiltonian, guess, largest=False,
/home/erosanow_hpc/informed_swapping/BARK.py:156: UserWarning: Exited at iteration 50 with accuracies 
[1.67617566e-08]
not reaching the requested tolerance 1e-09.
Use iteration 51 instead with accuracy 
1.676175663971777e-08.

  values, vectors = lobpcg(projected_hamiltonian, guess, largest=False,
/home/erosanow_hpc/informed_swapping/BARK.py:156: UserWarning: Exited postprocessing with accuracies 
[1.67617569e-08]
not reaching the requested tolerance 1e-09.
  values, vectors = lobpcg(projected_hamiltonian, guess, largest=False,
/home/erosanow_hpc/informed_swapping/BARK.py:156: UserWarning: Exited at iteration 50 with accuracies 
[1.90021252e-08]
not reaching the requested tolerance 1e-09.
Use iteration 51 instead with accuracy 
1.9002125152219616e-08.

  values, vectors = lobpcg(projected_hamiltonian, guess, largest=False,
/home/erosanow_hpc/informed_swapping/BARK.py:156: UserWarning: Exited postprocessing with accuracies 
[1.9002125e-08]
not reaching the requested tolerance 1e-09.
  values, vectors = lobpcg(projected_hamiltonian, guess, largest=False,
/home/erosanow_hpc/informed_swapping/BARK.py:156: UserWarning: Exited at iteration 50 with accuracies 
[2.47803756e-08]
not reaching the requested tolerance 1e-09.
Use iteration 51 instead with accuracy 
2.4780375559754796e-08.

  values, vectors = lobpcg(projected_hamiltonian, guess, largest=False,
/home/erosanow_hpc/informed_swapping/BARK.py:156: UserWarning: Exited postprocessing with accuracies 
[2.4780376e-08]
not reaching the requested tolerance 1e-09.
  values, vectors = lobpcg(projected_hamiltonian, guess, largest=False,
/home/erosanow_hpc/informed_swapping/BARK.py:156: UserWarning: Exited at iteration 50 with accuracies 
[2.00581903e-08]
not reaching the requested tolerance 1e-09.
Use iteration 51 instead with accuracy 
2.0058190282733928e-08.

  values, vectors = lobpcg(projected_hamiltonian, guess, largest=False,
/home/erosanow_hpc/informed_swapping/BARK.py:156: UserWarning: Exited postprocessing with accuracies 
[2.00581899e-08]
not reaching the requested tolerance 1e-09.
  values, vectors = lobpcg(projected_hamiltonian, guess, largest=False,
/home/erosanow_hpc/informed_swapping/BARK.py:156: UserWarning: Exited at iteration 50 with accuracies 
[3.12206796e-08]
not reaching the requested tolerance 1e-09.
Use iteration 51 instead with accuracy 
3.122067955621261e-08.

  values, vectors = lobpcg(projected_hamiltonian, guess, largest=False,
/home/erosanow_hpc/informed_swapping/BARK.py:156: UserWarning: Exited postprocessing with accuracies 
[3.12206795e-08]
not reaching the requested tolerance 1e-09.
  values, vectors = lobpcg(projected_hamiltonian, guess, largest=False,
/home/erosanow_hpc/informed_swapping/BARK.py:156: UserWarning: Exited at iteration 50 with accuracies 
[3.34305389e-08]
not reaching the requested tolerance 1e-09.
Use iteration 51 instead with accuracy 
3.34305389074946e-08.

  values, vectors = lobpcg(projected_hamiltonian, guess, largest=False,
/home/erosanow_hpc/informed_swapping/BARK.py:156: UserWarning: Exited postprocessing with accuracies 
[3.34305384e-08]
not reaching the requested tolerance 1e-09.
  values, vectors = lobpcg(projected_hamiltonian, guess, largest=False,
/home/erosanow_hpc/informed_swapping/BARK.py:156: UserWarning: Exited at iteration 50 with accuracies 
[4.48659173e-08]
not reaching the requested tolerance 1e-09.
Use iteration 51 instead with accuracy 
4.486591726842785e-08.

  values, vectors = lobpcg(projected_hamiltonian, guess, largest=False,
/home/erosanow_hpc/informed_swapping/BARK.py:156: UserWarning: Exited postprocessing with accuracies 
[4.48659179e-08]
not reaching the requested tolerance 1e-09.
  values, vectors = lobpcg(projected_hamiltonian, guess, largest=False,
/home/erosanow_hpc/informed_swapping/BARK.py:156: UserWarning: Exited at iteration 50 with accuracies 
[2.1958361e-08]
not reaching the requested tolerance 1e-09.
Use iteration 51 instead with accuracy 
2.1958360994599046e-08.

  values, vectors = lobpcg(projected_hamiltonian, guess, largest=False,
/home/erosanow_hpc/informed_swapping/BARK.py:156: UserWarning: Exited postprocessing with accuracies 
[2.1958361e-08]
not reaching the requested tolerance 1e-09.
  values, vectors = lobpcg(projected_hamiltonian, guess, largest=False,
/home/erosanow_hpc/informed_swapping/BARK.py:156: UserWarning: Exited at iteration 50 with accuracies 
[3.35222203e-08]
not reaching the requested tolerance 1e-09.
Use iteration 51 instead with accuracy 
3.3522220253270625e-08.

  values, vectors = lobpcg(projected_hamiltonian, guess, largest=False,
/home/erosanow_hpc/informed_swapping/BARK.py:156: UserWarning: Exited postprocessing with accuracies 
[3.35222203e-08]
not reaching the requested tolerance 1e-09.
  values, vectors = lobpcg(projected_hamiltonian, guess, largest=False,
/home/erosanow_hpc/informed_swapping/BARK.py:156: UserWarning: Exited at iteration 50 with accuracies 
[3.95993816e-08]
not reaching the requested tolerance 1e-09.
Use iteration 51 instead with accuracy 
3.959938156430324e-08.

  values, vectors = lobpcg(projected_hamiltonian, guess, largest=False,
/home/erosanow_hpc/informed_swapping/BARK.py:156: UserWarning: Exited postprocessing with accuracies 
[3.95993813e-08]
not reaching the requested tolerance 1e-09.
  values, vectors = lobpcg(projected_hamiltonian, guess, largest=False,
/home/erosanow_hpc/informed_swapping/BARK.py:156: UserWarning: Exited at iteration 50 with accuracies 
[5.35117518e-08]
not reaching the requested tolerance 1e-09.
Use iteration 51 instead with accuracy 
5.3511751779446825e-08.

  values, vectors = lobpcg(projected_hamiltonian, guess, largest=False,
/home/erosanow_hpc/informed_swapping/BARK.py:156: UserWarning: Exited postprocessing with accuracies 
[5.35117519e-08]
not reaching the requested tolerance 1e-09.
  values, vectors = lobpcg(projected_hamiltonian, guess, largest=False,
/home/erosanow_hpc/informed_swapping/BARK.py:156: UserWarning: Exited at iteration 50 with accuracies 
[4.41848356e-08]
not reaching the requested tolerance 1e-09.
Use iteration 51 instead with accuracy 
4.4184835643436996e-08.

  values, vectors = lobpcg(projected_hamiltonian, guess, largest=False,
/home/erosanow_hpc/informed_swapping/BARK.py:156: UserWarning: Exited postprocessing with accuracies 
[4.41848351e-08]
not reaching the requested tolerance 1e-09.
  values, vectors = lobpcg(projected_hamiltonian, guess, largest=False,
/home/erosanow_hpc/informed_swapping/BARK.py:156: UserWarning: Exited at iteration 50 with accuracies 
[7.17731858e-08]
not reaching the requested tolerance 1e-09.
Use iteration 51 instead with accuracy 
7.177318580824711e-08.

  values, vectors = lobpcg(projected_hamiltonian, guess, largest=False,
/home/erosanow_hpc/informed_swapping/BARK.py:156: UserWarning: Exited postprocessing with accuracies 
[7.17731861e-08]
not reaching the requested tolerance 1e-09.
  values, vectors = lobpcg(projected_hamiltonian, guess, largest=False,
/home/erosanow_hpc/informed_swapping/BARK.py:156: UserWarning: Exited at iteration 50 with accuracies 
[7.95678776e-08]
not reaching the requested tolerance 1e-09.
Use iteration 51 instead with accuracy 
7.956787763702627e-08.

  values, vectors = lobpcg(projected_hamiltonian, guess, largest=False,
/home/erosanow_hpc/informed_swapping/BARK.py:156: UserWarning: Exited postprocessing with accuracies 
[7.95678778e-08]
not reaching the requested tolerance 1e-09.
  values, vectors = lobpcg(projected_hamiltonian, guess, largest=False,
/home/erosanow_hpc/informed_swapping/BARK.py:156: UserWarning: Exited at iteration 50 with accuracies 
[1.13841523e-07]
not reaching the requested tolerance 1e-09.
Use iteration 51 instead with accuracy 
1.138415228845013e-07.

  values, vectors = lobpcg(projected_hamiltonian, guess, largest=False,
/home/erosanow_hpc/informed_swapping/BARK.py:156: UserWarning: Exited postprocessing with accuracies 
[1.13841523e-07]
not reaching the requested tolerance 1e-09.
  values, vectors = lobpcg(projected_hamiltonian, guess, largest=False,
/home/erosanow_hpc/informed_swapping/BARK.py:156: UserWarning: Exited at iteration 50 with accuracies 
[1.6928886e-09]
not reaching the requested tolerance 1e-09.
Use iteration 51 instead with accuracy 
1.6928886003981492e-09.

  values, vectors = lobpcg(projected_hamiltonian, guess, largest=False,
/home/erosanow_hpc/informed_swapping/BARK.py:156: UserWarning: Exited postprocessing with accuracies 
[1.69288772e-09]
not reaching the requested tolerance 1e-09.
  values, vectors = lobpcg(projected_hamiltonian, guess, largest=False,
/home/erosanow_hpc/informed_swapping/BARK.py:156: UserWarning: Exited at iteration 50 with accuracies 
[2.02929474e-09]
not reaching the requested tolerance 1e-09.
Use iteration 51 instead with accuracy 
2.0292947383029717e-09.

  values, vectors = lobpcg(projected_hamiltonian, guess, largest=False,
/home/erosanow_hpc/informed_swapping/BARK.py:156: UserWarning: Exited postprocessing with accuracies 
[2.02929441e-09]
not reaching the requested tolerance 1e-09.
  values, vectors = lobpcg(projected_hamiltonian, guess, largest=False,
/home/erosanow_hpc/informed_swapping/BARK.py:156: UserWarning: Exited at iteration 50 with accuracies 
[1.70882728e-09]
not reaching the requested tolerance 1e-09.
Use iteration 51 instead with accuracy 
1.7088272805397842e-09.

  values, vectors = lobpcg(projected_hamiltonian, guess, largest=False,
/home/erosanow_hpc/informed_swapping/BARK.py:156: UserWarning: Exited postprocessing with accuracies 
[1.70882753e-09]
not reaching the requested tolerance 1e-09.
  values, vectors = lobpcg(projected_hamiltonian, guess, largest=False,
/home/erosanow_hpc/informed_swapping/BARK.py:156: UserWarning: Exited at iteration 50 with accuracies 
[2.48708367e-09]
not reaching the requested tolerance 1e-09.
Use iteration 51 instead with accuracy 
2.4870836687013112e-09.

  values, vectors = lobpcg(projected_hamiltonian, guess, largest=False,
/home/erosanow_hpc/informed_swapping/BARK.py:156: UserWarning: Exited postprocessing with accuracies 
[2.48708343e-09]
not reaching the requested tolerance 1e-09.
  values, vectors = lobpcg(projected_hamiltonian, guess, largest=False,
/home/erosanow_hpc/informed_swapping/BARK.py:156: UserWarning: Exited at iteration 50 with accuracies 
[2.52345338e-09]
not reaching the requested tolerance 1e-09.
Use iteration 51 instead with accuracy 
2.5234533832688165e-09.

  values, vectors = lobpcg(projected_hamiltonian, guess, largest=False,
/home/erosanow_hpc/informed_swapping/BARK.py:156: UserWarning: Exited postprocessing with accuracies 
[2.52345348e-09]
not reaching the requested tolerance 1e-09.
  values, vectors = lobpcg(projected_hamiltonian, guess, largest=False,
/home/erosanow_hpc/informed_swapping/BARK.py:156: UserWarning: Exited at iteration 50 with accuracies 
[3.07028109e-09]
not reaching the requested tolerance 1e-09.
Use iteration 51 instead with accuracy 
3.0702810874729074e-09.

  values, vectors = lobpcg(projected_hamiltonian, guess, largest=False,
/home/erosanow_hpc/informed_swapping/BARK.py:156: UserWarning: Exited postprocessing with accuracies 
[3.07028041e-09]
not reaching the requested tolerance 1e-09.
  values, vectors = lobpcg(projected_hamiltonian, guess, largest=False,
/home/erosanow_hpc/informed_swapping/BARK.py:156: UserWarning: Exited at iteration 50 with accuracies 
[1.59612569e-09]
not reaching the requested tolerance 1e-09.
Use iteration 51 instead with accuracy 
1.5961256898830548e-09.

  values, vectors = lobpcg(projected_hamiltonian, guess, largest=False,
/home/erosanow_hpc/informed_swapping/BARK.py:156: UserWarning: Exited postprocessing with accuracies 
[1.59612571e-09]
not reaching the requested tolerance 1e-09.
  values, vectors = lobpcg(projected_hamiltonian, guess, largest=False,
/home/erosanow_hpc/informed_swapping/BARK.py:156: UserWarning: Exited at iteration 50 with accuracies 
[2.30816352e-09]
not reaching the requested tolerance 1e-09.
Use iteration 51 instead with accuracy 
2.3081635212592356e-09.

  values, vectors = lobpcg(projected_hamiltonian, guess, largest=False,
/home/erosanow_hpc/informed_swapping/BARK.py:156: UserWarning: Exited postprocessing with accuracies 
[2.30816351e-09]
not reaching the requested tolerance 1e-09.
  values, vectors = lobpcg(projected_hamiltonian, guess, largest=False,
/home/erosanow_hpc/informed_swapping/BARK.py:156: UserWarning: Exited at iteration 50 with accuracies 
[2.6558463e-09]
not reaching the requested tolerance 1e-09.
Use iteration 51 instead with accuracy 
2.6558463020209434e-09.

  values, vectors = lobpcg(projected_hamiltonian, guess, largest=False,
/home/erosanow_hpc/informed_swapping/BARK.py:156: UserWarning: Exited postprocessing with accuracies 
[2.65584666e-09]
not reaching the requested tolerance 1e-09.
  values, vectors = lobpcg(projected_hamiltonian, guess, largest=False,
/home/erosanow_hpc/informed_swapping/BARK.py:156: UserWarning: Exited at iteration 50 with accuracies 
[3.26221635e-09]
not reaching the requested tolerance 1e-09.
Use iteration 51 instead with accuracy 
3.262216353904869e-09.

  values, vectors = lobpcg(projected_hamiltonian, guess, largest=False,
/home/erosanow_hpc/informed_swapping/BARK.py:156: UserWarning: Exited postprocessing with accuracies 
[3.26221635e-09]
not reaching the requested tolerance 1e-09.
  values, vectors = lobpcg(projected_hamiltonian, guess, largest=False,
/home/erosanow_hpc/informed_swapping/BARK.py:156: UserWarning: Exited at iteration 50 with accuracies 
[2.67243046e-09]
not reaching the requested tolerance 1e-09.
Use iteration 51 instead with accuracy 
2.672430459754579e-09.

  values, vectors = lobpcg(projected_hamiltonian, guess, largest=False,
/home/erosanow_hpc/informed_swapping/BARK.py:156: UserWarning: Exited postprocessing with accuracies 
[2.67243006e-09]
not reaching the requested tolerance 1e-09.
  values, vectors = lobpcg(projected_hamiltonian, guess, largest=False,
/home/erosanow_hpc/informed_swapping/BARK.py:156: UserWarning: Exited at iteration 50 with accuracies 
[3.89926339e-09]
not reaching the requested tolerance 1e-09.
Use iteration 51 instead with accuracy 
3.899263393116895e-09.

  values, vectors = lobpcg(projected_hamiltonian, guess, largest=False,
/home/erosanow_hpc/informed_swapping/BARK.py:156: UserWarning: Exited postprocessing with accuracies 
[3.89926397e-09]
not reaching the requested tolerance 1e-09.
  values, vectors = lobpcg(projected_hamiltonian, guess, largest=False,
/home/erosanow_hpc/informed_swapping/BARK.py:156: UserWarning: Exited at iteration 50 with accuracies 
[4.00350015e-09]
not reaching the requested tolerance 1e-09.
Use iteration 51 instead with accuracy 
4.003500154234224e-09.

  values, vectors = lobpcg(projected_hamiltonian, guess, largest=False,
/home/erosanow_hpc/informed_swapping/BARK.py:156: UserWarning: Exited postprocessing with accuracies 
[4.00349999e-09]
not reaching the requested tolerance 1e-09.
  values, vectors = lobpcg(projected_hamiltonian, guess, largest=False,
/home/erosanow_hpc/informed_swapping/BARK.py:156: UserWarning: Exited at iteration 50 with accuracies 
[4.88208581e-09]
not reaching the requested tolerance 1e-09.
Use iteration 51 instead with accuracy 
4.882085812419702e-09.

  values, vectors = lobpcg(projected_hamiltonian, guess, largest=False,
/home/erosanow_hpc/informed_swapping/BARK.py:156: UserWarning: Exited postprocessing with accuracies 
[4.88208594e-09]
not reaching the requested tolerance 1e-09.
  values, vectors = lobpcg(projected_hamiltonian, guess, largest=False,
/home/erosanow_hpc/informed_swapping/BARK.py:156: UserWarning: Exited at iteration 50 with accuracies 
[1.34330594e-09]
not reaching the requested tolerance 1e-09.
Use iteration 51 instead with accuracy 
1.343305938398858e-09.

  values, vectors = lobpcg(projected_hamiltonian, guess, largest=False,
/home/erosanow_hpc/informed_swapping/BARK.py:156: UserWarning: Exited postprocessing with accuracies 
[1.34330666e-09]
not reaching the requested tolerance 1e-09.
  values, vectors = lobpcg(projected_hamiltonian, guess, largest=False,
/home/erosanow_hpc/informed_swapping/BARK.py:156: UserWarning: Exited at iteration 50 with accuracies 
[1.61887682e-09]
not reaching the requested tolerance 1e-09.
Use iteration 51 instead with accuracy 
1.6188768215945064e-09.

  values, vectors = lobpcg(projected_hamiltonian, guess, largest=False,
/home/erosanow_hpc/informed_swapping/BARK.py:156: UserWarning: Exited postprocessing with accuracies 
[1.61887697e-09]
not reaching the requested tolerance 1e-09.
  values, vectors = lobpcg(projected_hamiltonian, guess, largest=False,
/home/erosanow_hpc/informed_swapping/BARK.py:156: UserWarning: Exited at iteration 50 with accuracies 
[1.98190744e-09]
not reaching the requested tolerance 1e-09.
Use iteration 51 instead with accuracy 
1.981907444246645e-09.

  values, vectors = lobpcg(projected_hamiltonian, guess, largest=False,
/home/erosanow_hpc/informed_swapping/BARK.py:156: UserWarning: Exited postprocessing with accuracies 
[1.98190749e-09]
not reaching the requested tolerance 1e-09.
  values, vectors = lobpcg(projected_hamiltonian, guess, largest=False,
/home/erosanow_hpc/informed_swapping/BARK.py:156: UserWarning: Exited at iteration 50 with accuracies 
[1.68000934e-09]
not reaching the requested tolerance 1e-09.
Use iteration 51 instead with accuracy 
1.680009338050152e-09.

  values, vectors = lobpcg(projected_hamiltonian, guess, largest=False,
/home/erosanow_hpc/informed_swapping/BARK.py:156: UserWarning: Exited postprocessing with accuracies 
[1.68000932e-09]
not reaching the requested tolerance 1e-09.
  values, vectors = lobpcg(projected_hamiltonian, guess, largest=False,
/home/erosanow_hpc/informed_swapping/BARK.py:156: UserWarning: Exited at iteration 50 with accuracies 
[2.5707258e-09]
not reaching the requested tolerance 1e-09.
Use iteration 51 instead with accuracy 
2.570725801981578e-09.

  values, vectors = lobpcg(projected_hamiltonian, guess, largest=False,
/home/erosanow_hpc/informed_swapping/BARK.py:156: UserWarning: Exited postprocessing with accuracies 
[2.57072606e-09]
not reaching the requested tolerance 1e-09.
  values, vectors = lobpcg(projected_hamiltonian, guess, largest=False,
/home/erosanow_hpc/informed_swapping/BARK.py:156: UserWarning: Exited at iteration 50 with accuracies 
[2.60745069e-09]
not reaching the requested tolerance 1e-09.
Use iteration 51 instead with accuracy 
2.6074506889005232e-09.

  values, vectors = lobpcg(projected_hamiltonian, guess, largest=False,
/home/erosanow_hpc/informed_swapping/BARK.py:156: UserWarning: Exited postprocessing with accuracies 
[2.60745093e-09]
not reaching the requested tolerance 1e-09.
  values, vectors = lobpcg(projected_hamiltonian, guess, largest=False,
/home/erosanow_hpc/informed_swapping/BARK.py:156: UserWarning: Exited at iteration 50 with accuracies 
[3.35265716e-09]
not reaching the requested tolerance 1e-09.
Use iteration 51 instead with accuracy 
3.3526571564803072e-09.

  values, vectors = lobpcg(projected_hamiltonian, guess, largest=False,
/home/erosanow_hpc/informed_swapping/BARK.py:156: UserWarning: Exited postprocessing with accuracies 
[3.35265697e-09]
not reaching the requested tolerance 1e-09.
  values, vectors = lobpcg(projected_hamiltonian, guess, largest=False,
/home/erosanow_hpc/informed_swapping/BARK.py:156: UserWarning: Exited at iteration 50 with accuracies 
[1.603641e-09]
not reaching the requested tolerance 1e-09.
Use iteration 51 instead with accuracy 
1.603640999354061e-09.

  values, vectors = lobpcg(projected_hamiltonian, guess, largest=False,
/home/erosanow_hpc/informed_swapping/BARK.py:156: UserWarning: Exited postprocessing with accuracies 
[1.60364082e-09]
not reaching the requested tolerance 1e-09.
  values, vectors = lobpcg(projected_hamiltonian, guess, largest=False,
/home/erosanow_hpc/informed_swapping/BARK.py:156: UserWarning: Exited at iteration 50 with accuracies 
[2.48729935e-09]
not reaching the requested tolerance 1e-09.
Use iteration 51 instead with accuracy 
2.487299354920818e-09.

  values, vectors = lobpcg(projected_hamiltonian, guess, largest=False,
/home/erosanow_hpc/informed_swapping/BARK.py:156: UserWarning: Exited postprocessing with accuracies 
[2.4872992e-09]
not reaching the requested tolerance 1e-09.
  values, vectors = lobpcg(projected_hamiltonian, guess, largest=False,
/home/erosanow_hpc/informed_swapping/BARK.py:156: UserWarning: Exited at iteration 50 with accuracies 
[2.94297044e-09]
not reaching the requested tolerance 1e-09.
Use iteration 51 instead with accuracy 
2.942970443426412e-09.

  values, vectors = lobpcg(projected_hamiltonian, guess, largest=False,
/home/erosanow_hpc/informed_swapping/BARK.py:156: UserWarning: Exited postprocessing with accuracies 
[2.94297089e-09]
not reaching the requested tolerance 1e-09.
  values, vectors = lobpcg(projected_hamiltonian, guess, largest=False,
/home/erosanow_hpc/informed_swapping/BARK.py:156: UserWarning: Exited at iteration 50 with accuracies 
[3.73535454e-09]
not reaching the requested tolerance 1e-09.
Use iteration 51 instead with accuracy 
3.735354542994194e-09.

  values, vectors = lobpcg(projected_hamiltonian, guess, largest=False,
/home/erosanow_hpc/informed_swapping/BARK.py:156: UserWarning: Exited postprocessing with accuracies 
[3.73535501e-09]
not reaching the requested tolerance 1e-09.
  values, vectors = lobpcg(projected_hamiltonian, guess, largest=False,
/home/erosanow_hpc/informed_swapping/BARK.py:156: UserWarning: Exited at iteration 50 with accuracies 
[3.00401807e-09]
not reaching the requested tolerance 1e-09.
Use iteration 51 instead with accuracy 
3.004018073710943e-09.

  values, vectors = lobpcg(projected_hamiltonian, guess, largest=False,
/home/erosanow_hpc/informed_swapping/BARK.py:156: UserWarning: Exited postprocessing with accuracies 
[3.00401821e-09]
not reaching the requested tolerance 1e-09.
  values, vectors = lobpcg(projected_hamiltonian, guess, largest=False,
/home/erosanow_hpc/informed_swapping/BARK.py:156: UserWarning: Exited at iteration 50 with accuracies 
[4.74839685e-09]
not reaching the requested tolerance 1e-09.
Use iteration 51 instead with accuracy 
4.748396847700117e-09.

  values, vectors = lobpcg(projected_hamiltonian, guess, largest=False,
/home/erosanow_hpc/informed_swapping/BARK.py:156: UserWarning: Exited postprocessing with accuracies 
[4.74839579e-09]
not reaching the requested tolerance 1e-09.
  values, vectors = lobpcg(projected_hamiltonian, guess, largest=False,
/home/erosanow_hpc/informed_swapping/BARK.py:156: UserWarning: Exited at iteration 50 with accuracies 
[4.86976801e-09]
not reaching the requested tolerance 1e-09.
Use iteration 51 instead with accuracy 
4.869768010536217e-09.

  values, vectors = lobpcg(projected_hamiltonian, guess, largest=False,
/home/erosanow_hpc/informed_swapping/BARK.py:156: UserWarning: Exited postprocessing with accuracies 
[4.86976773e-09]
not reaching the requested tolerance 1e-09.
  values, vectors = lobpcg(projected_hamiltonian, guess, largest=False,
/home/erosanow_hpc/informed_swapping/BARK.py:156: UserWarning: Exited at iteration 50 with accuracies 
[6.23044042e-09]
not reaching the requested tolerance 1e-09.
Use iteration 51 instead with accuracy 
6.2304404205512775e-09.

  values, vectors = lobpcg(projected_hamiltonian, guess, largest=False,
/home/erosanow_hpc/informed_swapping/BARK.py:156: UserWarning: Exited postprocessing with accuracies 
[6.23044085e-09]
not reaching the requested tolerance 1e-09.
  values, vectors = lobpcg(projected_hamiltonian, guess, largest=False,
/home/erosanow_hpc/informed_swapping/BARK.py:156: UserWarning: Exited at iteration 50 with accuracies 
[1.08828659e-09]
not reaching the requested tolerance 1e-09.
Use iteration 51 instead with accuracy 
1.0882865945065462e-09.

  values, vectors = lobpcg(projected_hamiltonian, guess, largest=False,
/home/erosanow_hpc/informed_swapping/BARK.py:156: UserWarning: Exited postprocessing with accuracies 
[1.08828617e-09]
not reaching the requested tolerance 1e-09.
  values, vectors = lobpcg(projected_hamiltonian, guess, largest=False,
/home/erosanow_hpc/informed_swapping/BARK.py:156: UserWarning: Exited at iteration 50 with accuracies 
[1.63849888e-09]
not reaching the requested tolerance 1e-09.
Use iteration 51 instead with accuracy 
1.6384988755255677e-09.

  values, vectors = lobpcg(projected_hamiltonian, guess, largest=False,
/home/erosanow_hpc/informed_swapping/BARK.py:156: UserWarning: Exited postprocessing with accuracies 
[1.63849854e-09]
not reaching the requested tolerance 1e-09.
  values, vectors = lobpcg(projected_hamiltonian, guess, largest=False,
/home/erosanow_hpc/informed_swapping/BARK.py:156: UserWarning: Exited at iteration 50 with accuracies 
[1.85507324e-09]
not reaching the requested tolerance 1e-09.
Use iteration 51 instead with accuracy 
1.8550732361575755e-09.

  values, vectors = lobpcg(projected_hamiltonian, guess, largest=False,
/home/erosanow_hpc/informed_swapping/BARK.py:156: UserWarning: Exited postprocessing with accuracies 
[1.85507289e-09]
not reaching the requested tolerance 1e-09.
  values, vectors = lobpcg(projected_hamiltonian, guess, largest=False,
/home/erosanow_hpc/informed_swapping/BARK.py:156: UserWarning: Exited at iteration 50 with accuracies 
[2.3020199e-09]
not reaching the requested tolerance 1e-09.
Use iteration 51 instead with accuracy 
2.3020199034744554e-09.

  values, vectors = lobpcg(projected_hamiltonian, guess, largest=False,
/home/erosanow_hpc/informed_swapping/BARK.py:156: UserWarning: Exited postprocessing with accuracies 
[2.30201973e-09]
not reaching the requested tolerance 1e-09.
  values, vectors = lobpcg(projected_hamiltonian, guess, largest=False,
/home/erosanow_hpc/informed_swapping/BARK.py:156: UserWarning: Exited at iteration 50 with accuracies 
[1.91215086e-09]
not reaching the requested tolerance 1e-09.
Use iteration 51 instead with accuracy 
1.9121508603108147e-09.

  values, vectors = lobpcg(projected_hamiltonian, guess, largest=False,
/home/erosanow_hpc/informed_swapping/BARK.py:156: UserWarning: Exited postprocessing with accuracies 
[1.91215038e-09]
not reaching the requested tolerance 1e-09.
  values, vectors = lobpcg(projected_hamiltonian, guess, largest=False,
/home/erosanow_hpc/informed_swapping/BARK.py:156: UserWarning: Exited at iteration 50 with accuracies 
[2.97736509e-09]
not reaching the requested tolerance 1e-09.
Use iteration 51 instead with accuracy 
2.977365094913493e-09.

  values, vectors = lobpcg(projected_hamiltonian, guess, largest=False,
/home/erosanow_hpc/informed_swapping/BARK.py:156: UserWarning: Exited postprocessing with accuracies 
[2.97736455e-09]
not reaching the requested tolerance 1e-09.
  values, vectors = lobpcg(projected_hamiltonian, guess, largest=False,
/home/erosanow_hpc/informed_swapping/BARK.py:156: UserWarning: Exited at iteration 50 with accuracies 
[2.9999763e-09]
not reaching the requested tolerance 1e-09.
Use iteration 51 instead with accuracy 
2.999976304248178e-09.

  values, vectors = lobpcg(projected_hamiltonian, guess, largest=False,
/home/erosanow_hpc/informed_swapping/BARK.py:156: UserWarning: Exited postprocessing with accuracies 
[2.99997663e-09]
not reaching the requested tolerance 1e-09.
  values, vectors = lobpcg(projected_hamiltonian, guess, largest=False,
/home/erosanow_hpc/informed_swapping/BARK.py:156: UserWarning: Exited at iteration 50 with accuracies 
[3.80751095e-09]
not reaching the requested tolerance 1e-09.
Use iteration 51 instead with accuracy 
3.807510946744673e-09.

  values, vectors = lobpcg(projected_hamiltonian, guess, largest=False,
/home/erosanow_hpc/informed_swapping/BARK.py:156: UserWarning: Exited postprocessing with accuracies 
[3.80751163e-09]
not reaching the requested tolerance 1e-09.
  values, vectors = lobpcg(projected_hamiltonian, guess, largest=False,
/home/erosanow_hpc/informed_swapping/BARK.py:156: UserWarning: Exited at iteration 50 with accuracies 
[1.8908208e-09]
not reaching the requested tolerance 1e-09.
Use iteration 51 instead with accuracy 
1.890820800799324e-09.

  values, vectors = lobpcg(projected_hamiltonian, guess, largest=False,
/home/erosanow_hpc/informed_swapping/BARK.py:156: UserWarning: Exited postprocessing with accuracies 
[1.89082097e-09]
not reaching the requested tolerance 1e-09.
  values, vectors = lobpcg(projected_hamiltonian, guess, largest=False,
/home/erosanow_hpc/informed_swapping/BARK.py:156: UserWarning: Exited at iteration 50 with accuracies 
[2.93380305e-09]
not reaching the requested tolerance 1e-09.
Use iteration 51 instead with accuracy 
2.9338030478187666e-09.

  values, vectors = lobpcg(projected_hamiltonian, guess, largest=False,
/home/erosanow_hpc/informed_swapping/BARK.py:156: UserWarning: Exited postprocessing with accuracies 
[2.93380267e-09]
not reaching the requested tolerance 1e-09.
  values, vectors = lobpcg(projected_hamiltonian, guess, largest=False,
/home/erosanow_hpc/informed_swapping/BARK.py:156: UserWarning: Exited at iteration 50 with accuracies 
[3.32441442e-09]
not reaching the requested tolerance 1e-09.
Use iteration 51 instead with accuracy 
3.32441442470524e-09.

  values, vectors = lobpcg(projected_hamiltonian, guess, largest=False,
/home/erosanow_hpc/informed_swapping/BARK.py:156: UserWarning: Exited postprocessing with accuracies 
[3.32441401e-09]
not reaching the requested tolerance 1e-09.
  values, vectors = lobpcg(projected_hamiltonian, guess, largest=False,
/home/erosanow_hpc/informed_swapping/BARK.py:156: UserWarning: Exited at iteration 50 with accuracies 
[4.23623071e-09]
not reaching the requested tolerance 1e-09.
Use iteration 51 instead with accuracy 
4.2362307084308926e-09.

  values, vectors = lobpcg(projected_hamiltonian, guess, largest=False,
/home/erosanow_hpc/informed_swapping/BARK.py:156: UserWarning: Exited postprocessing with accuracies 
[4.23623081e-09]
not reaching the requested tolerance 1e-09.
  values, vectors = lobpcg(projected_hamiltonian, guess, largest=False,
/home/erosanow_hpc/informed_swapping/BARK.py:156: UserWarning: Exited at iteration 50 with accuracies 
[3.33983515e-09]
not reaching the requested tolerance 1e-09.
Use iteration 51 instead with accuracy 
3.339835145246885e-09.

  values, vectors = lobpcg(projected_hamiltonian, guess, largest=False,
/home/erosanow_hpc/informed_swapping/BARK.py:156: UserWarning: Exited postprocessing with accuracies 
[3.33983496e-09]
not reaching the requested tolerance 1e-09.
  values, vectors = lobpcg(projected_hamiltonian, guess, largest=False,
/home/erosanow_hpc/informed_swapping/BARK.py:156: UserWarning: Exited at iteration 50 with accuracies 
[5.33151286e-09]
not reaching the requested tolerance 1e-09.
Use iteration 51 instead with accuracy 
5.331512856815103e-09.

  values, vectors = lobpcg(projected_hamiltonian, guess, largest=False,
/home/erosanow_hpc/informed_swapping/BARK.py:156: UserWarning: Exited postprocessing with accuracies 
[5.33151318e-09]
not reaching the requested tolerance 1e-09.
  values, vectors = lobpcg(projected_hamiltonian, guess, largest=False,
/home/erosanow_hpc/informed_swapping/BARK.py:156: UserWarning: Exited at iteration 50 with accuracies 
[5.428004e-09]
not reaching the requested tolerance 1e-09.
Use iteration 51 instead with accuracy 
5.428003998712647e-09.

  values, vectors = lobpcg(projected_hamiltonian, guess, largest=False,
/home/erosanow_hpc/informed_swapping/BARK.py:156: UserWarning: Exited postprocessing with accuracies 
[5.42800398e-09]
not reaching the requested tolerance 1e-09.
  values, vectors = lobpcg(projected_hamiltonian, guess, largest=False,
/home/erosanow_hpc/informed_swapping/BARK.py:156: UserWarning: Exited at iteration 50 with accuracies 
[7.09167918e-09]
not reaching the requested tolerance 1e-09.
Use iteration 51 instead with accuracy 
7.0916791765917674e-09.

  values, vectors = lobpcg(projected_hamiltonian, guess, largest=False,
/home/erosanow_hpc/informed_swapping/BARK.py:156: UserWarning: Exited postprocessing with accuracies 
[7.09167941e-09]
not reaching the requested tolerance 1e-09.
  values, vectors = lobpcg(projected_hamiltonian, guess, largest=False,
/home/erosanow_hpc/informed_swapping/BARK.py:156: UserWarning: Exited at iteration 50 with accuracies 
[3.90688232e-09]
not reaching the requested tolerance 1e-09.
Use iteration 51 instead with accuracy 
3.906882323389799e-09.

  values, vectors = lobpcg(projected_hamiltonian, guess, largest=False,
/home/erosanow_hpc/informed_swapping/BARK.py:156: UserWarning: Exited postprocessing with accuracies 
[3.90688276e-09]
not reaching the requested tolerance 1e-09.
  values, vectors = lobpcg(projected_hamiltonian, guess, largest=False,
/home/erosanow_hpc/informed_swapping/BARK.py:156: UserWarning: Exited at iteration 50 with accuracies 
[5.6583122e-09]
not reaching the requested tolerance 1e-09.
Use iteration 51 instead with accuracy 
5.658312198987262e-09.

  values, vectors = lobpcg(projected_hamiltonian, guess, largest=False,
/home/erosanow_hpc/informed_swapping/BARK.py:156: UserWarning: Exited postprocessing with accuracies 
[5.65831138e-09]
not reaching the requested tolerance 1e-09.
  values, vectors = lobpcg(projected_hamiltonian, guess, largest=False,
/home/erosanow_hpc/informed_swapping/BARK.py:156: UserWarning: Exited at iteration 50 with accuracies 
[6.60955178e-09]
not reaching the requested tolerance 1e-09.
Use iteration 51 instead with accuracy 
6.609551780697419e-09.

  values, vectors = lobpcg(projected_hamiltonian, guess, largest=False,
/home/erosanow_hpc/informed_swapping/BARK.py:156: UserWarning: Exited postprocessing with accuracies 
[6.60955203e-09]
not reaching the requested tolerance 1e-09.
  values, vectors = lobpcg(projected_hamiltonian, guess, largest=False,
/home/erosanow_hpc/informed_swapping/BARK.py:156: UserWarning: Exited at iteration 50 with accuracies 
[8.18122027e-09]
not reaching the requested tolerance 1e-09.
Use iteration 51 instead with accuracy 
8.181220274617933e-09.

  values, vectors = lobpcg(projected_hamiltonian, guess, largest=False,
/home/erosanow_hpc/informed_swapping/BARK.py:156: UserWarning: Exited postprocessing with accuracies 
[8.1812207e-09]
not reaching the requested tolerance 1e-09.
  values, vectors = lobpcg(projected_hamiltonian, guess, largest=False,
/home/erosanow_hpc/informed_swapping/BARK.py:156: UserWarning: Exited at iteration 50 with accuracies 
[6.81765326e-09]
not reaching the requested tolerance 1e-09.
Use iteration 51 instead with accuracy 
6.81765326036135e-09.

  values, vectors = lobpcg(projected_hamiltonian, guess, largest=False,
/home/erosanow_hpc/informed_swapping/BARK.py:156: UserWarning: Exited postprocessing with accuracies 
[6.81765358e-09]
not reaching the requested tolerance 1e-09.
  values, vectors = lobpcg(projected_hamiltonian, guess, largest=False,
/home/erosanow_hpc/informed_swapping/BARK.py:156: UserWarning: Exited at iteration 50 with accuracies 
[1.01955925e-08]
not reaching the requested tolerance 1e-09.
Use iteration 51 instead with accuracy 
1.0195592487888774e-08.

  values, vectors = lobpcg(projected_hamiltonian, guess, largest=False,
/home/erosanow_hpc/informed_swapping/BARK.py:156: UserWarning: Exited postprocessing with accuracies 
[1.01955931e-08]
not reaching the requested tolerance 1e-09.
  values, vectors = lobpcg(projected_hamiltonian, guess, largest=False,
/home/erosanow_hpc/informed_swapping/BARK.py:156: UserWarning: Exited at iteration 50 with accuracies 
[1.05252046e-08]
not reaching the requested tolerance 1e-09.
Use iteration 51 instead with accuracy 
1.0525204614728701e-08.

  values, vectors = lobpcg(projected_hamiltonian, guess, largest=False,
/home/erosanow_hpc/informed_swapping/BARK.py:156: UserWarning: Exited postprocessing with accuracies 
[1.05252046e-08]
not reaching the requested tolerance 1e-09.
  values, vectors = lobpcg(projected_hamiltonian, guess, largest=False,
/home/erosanow_hpc/informed_swapping/BARK.py:156: UserWarning: Exited at iteration 50 with accuracies 
[1.33070407e-08]
not reaching the requested tolerance 1e-09.
Use iteration 51 instead with accuracy 
1.3307040716614934e-08.

  values, vectors = lobpcg(projected_hamiltonian, guess, largest=False,
/home/erosanow_hpc/informed_swapping/BARK.py:156: UserWarning: Exited postprocessing with accuracies 
[1.33070402e-08]
not reaching the requested tolerance 1e-09.
  values, vectors = lobpcg(projected_hamiltonian, guess, largest=False,
/home/erosanow_hpc/informed_swapping/BARK.py:156: UserWarning: Exited at iteration 50 with accuracies 
[6.7854755e-09]
not reaching the requested tolerance 1e-09.
Use iteration 51 instead with accuracy 
6.785475495276024e-09.

  values, vectors = lobpcg(projected_hamiltonian, guess, largest=False,
/home/erosanow_hpc/informed_swapping/BARK.py:156: UserWarning: Exited postprocessing with accuracies 
[6.78547478e-09]
not reaching the requested tolerance 1e-09.
  values, vectors = lobpcg(projected_hamiltonian, guess, largest=False,
/home/erosanow_hpc/informed_swapping/BARK.py:156: UserWarning: Exited at iteration 50 with accuracies 
[9.98074237e-09]
not reaching the requested tolerance 1e-09.
Use iteration 51 instead with accuracy 
9.980742369506067e-09.

  values, vectors = lobpcg(projected_hamiltonian, guess, largest=False,
/home/erosanow_hpc/informed_swapping/BARK.py:156: UserWarning: Exited postprocessing with accuracies 
[9.98074287e-09]
not reaching the requested tolerance 1e-09.
  values, vectors = lobpcg(projected_hamiltonian, guess, largest=False,
/home/erosanow_hpc/informed_swapping/BARK.py:156: UserWarning: Exited at iteration 50 with accuracies 
[1.18273152e-08]
not reaching the requested tolerance 1e-09.
Use iteration 51 instead with accuracy 
1.1827315217818326e-08.

  values, vectors = lobpcg(projected_hamiltonian, guess, largest=False,
/home/erosanow_hpc/informed_swapping/BARK.py:156: UserWarning: Exited postprocessing with accuracies 
[1.18273154e-08]
not reaching the requested tolerance 1e-09.
  values, vectors = lobpcg(projected_hamiltonian, guess, largest=False,
/home/erosanow_hpc/informed_swapping/BARK.py:156: UserWarning: Exited at iteration 50 with accuracies 
[1.50347427e-08]
not reaching the requested tolerance 1e-09.
Use iteration 51 instead with accuracy 
1.503474271947724e-08.

  values, vectors = lobpcg(projected_hamiltonian, guess, largest=False,
/home/erosanow_hpc/informed_swapping/BARK.py:156: UserWarning: Exited postprocessing with accuracies 
[1.50347429e-08]
not reaching the requested tolerance 1e-09.
  values, vectors = lobpcg(projected_hamiltonian, guess, largest=False,
/home/erosanow_hpc/informed_swapping/BARK.py:156: UserWarning: Exited at iteration 50 with accuracies 
[1.23183836e-08]
not reaching the requested tolerance 1e-09.
Use iteration 51 instead with accuracy 
1.231838359479215e-08.

  values, vectors = lobpcg(projected_hamiltonian, guess, largest=False,
/home/erosanow_hpc/informed_swapping/BARK.py:156: UserWarning: Exited postprocessing with accuracies 
[1.2318384e-08]
not reaching the requested tolerance 1e-09.
  values, vectors = lobpcg(projected_hamiltonian, guess, largest=False,
/home/erosanow_hpc/informed_swapping/BARK.py:156: UserWarning: Exited at iteration 50 with accuracies 
[1.87939755e-08]
not reaching the requested tolerance 1e-09.
Use iteration 51 instead with accuracy 
1.879397549142899e-08.

  values, vectors = lobpcg(projected_hamiltonian, guess, largest=False,
/home/erosanow_hpc/informed_swapping/BARK.py:156: UserWarning: Exited postprocessing with accuracies 
[1.87939752e-08]
not reaching the requested tolerance 1e-09.
  values, vectors = lobpcg(projected_hamiltonian, guess, largest=False,
/home/erosanow_hpc/informed_swapping/BARK.py:156: UserWarning: Exited at iteration 50 with accuracies 
[1.96211031e-08]
not reaching the requested tolerance 1e-09.
Use iteration 51 instead with accuracy 
1.9621103064779072e-08.

  values, vectors = lobpcg(projected_hamiltonian, guess, largest=False,
/home/erosanow_hpc/informed_swapping/BARK.py:156: UserWarning: Exited postprocessing with accuracies 
[1.9621103e-08]
not reaching the requested tolerance 1e-09.
  values, vectors = lobpcg(projected_hamiltonian, guess, largest=False,
/home/erosanow_hpc/informed_swapping/BARK.py:156: UserWarning: Exited at iteration 50 with accuracies 
[2.56362865e-08]
not reaching the requested tolerance 1e-09.
Use iteration 51 instead with accuracy 
2.5636286548294387e-08.

  values, vectors = lobpcg(projected_hamiltonian, guess, largest=False,
/home/erosanow_hpc/informed_swapping/BARK.py:156: UserWarning: Exited postprocessing with accuracies 
[2.56362863e-08]
not reaching the requested tolerance 1e-09.
  values, vectors = lobpcg(projected_hamiltonian, guess, largest=False,
/home/erosanow_hpc/informed_swapping/BARK.py:156: UserWarning: Exited at iteration 50 with accuracies 
[1.16764361e-09]
not reaching the requested tolerance 1e-09.
Use iteration 51 instead with accuracy 
1.167643608155179e-09.

  values, vectors = lobpcg(projected_hamiltonian, guess, largest=False,
/home/erosanow_hpc/informed_swapping/BARK.py:156: UserWarning: Exited postprocessing with accuracies 
[1.16764355e-09]
not reaching the requested tolerance 1e-09.
  values, vectors = lobpcg(projected_hamiltonian, guess, largest=False,
/home/erosanow_hpc/informed_swapping/BARK.py:156: UserWarning: Exited at iteration 50 with accuracies 
[1.80416755e-09]
not reaching the requested tolerance 1e-09.
Use iteration 51 instead with accuracy 
1.8041675474565452e-09.

  values, vectors = lobpcg(projected_hamiltonian, guess, largest=False,
/home/erosanow_hpc/informed_swapping/BARK.py:156: UserWarning: Exited postprocessing with accuracies 
[1.8041672e-09]
not reaching the requested tolerance 1e-09.
  values, vectors = lobpcg(projected_hamiltonian, guess, largest=False,
/home/erosanow_hpc/informed_swapping/BARK.py:156: UserWarning: Exited at iteration 50 with accuracies 
[2.15419974e-09]
not reaching the requested tolerance 1e-09.
Use iteration 51 instead with accuracy 
2.154199739206472e-09.

  values, vectors = lobpcg(projected_hamiltonian, guess, largest=False,
/home/erosanow_hpc/informed_swapping/BARK.py:156: UserWarning: Exited postprocessing with accuracies 
[2.1542004e-09]
not reaching the requested tolerance 1e-09.
  values, vectors = lobpcg(projected_hamiltonian, guess, largest=False,
/home/erosanow_hpc/informed_swapping/BARK.py:156: UserWarning: Exited at iteration 50 with accuracies 
[2.64999454e-09]
not reaching the requested tolerance 1e-09.
Use iteration 51 instead with accuracy 
2.64999454273875e-09.

  values, vectors = lobpcg(projected_hamiltonian, guess, largest=False,
/home/erosanow_hpc/informed_swapping/BARK.py:156: UserWarning: Exited postprocessing with accuracies 
[2.64999452e-09]
not reaching the requested tolerance 1e-09.
  values, vectors = lobpcg(projected_hamiltonian, guess, largest=False,
/home/erosanow_hpc/informed_swapping/BARK.py:156: UserWarning: Exited at iteration 50 with accuracies 
[2.16102463e-09]
not reaching the requested tolerance 1e-09.
Use iteration 51 instead with accuracy 
2.161024626301941e-09.

  values, vectors = lobpcg(projected_hamiltonian, guess, largest=False,
/home/erosanow_hpc/informed_swapping/BARK.py:156: UserWarning: Exited postprocessing with accuracies 
[2.16102426e-09]
not reaching the requested tolerance 1e-09.
  values, vectors = lobpcg(projected_hamiltonian, guess, largest=False,
/home/erosanow_hpc/informed_swapping/BARK.py:156: UserWarning: Exited at iteration 50 with accuracies 
[3.17841287e-09]
not reaching the requested tolerance 1e-09.
Use iteration 51 instead with accuracy 
3.1784128652820597e-09.

  values, vectors = lobpcg(projected_hamiltonian, guess, largest=False,
/home/erosanow_hpc/informed_swapping/BARK.py:156: UserWarning: Exited postprocessing with accuracies 
[3.17841309e-09]
not reaching the requested tolerance 1e-09.
  values, vectors = lobpcg(projected_hamiltonian, guess, largest=False,
/home/erosanow_hpc/informed_swapping/BARK.py:156: UserWarning: Exited at iteration 50 with accuracies 
[3.15475544e-09]
not reaching the requested tolerance 1e-09.
Use iteration 51 instead with accuracy 
3.1547554413112255e-09.

  values, vectors = lobpcg(projected_hamiltonian, guess, largest=False,
/home/erosanow_hpc/informed_swapping/BARK.py:156: UserWarning: Exited postprocessing with accuracies 
[3.15475558e-09]
not reaching the requested tolerance 1e-09.
  values, vectors = lobpcg(projected_hamiltonian, guess, largest=False,
/home/erosanow_hpc/informed_swapping/BARK.py:156: UserWarning: Exited at iteration 50 with accuracies 
[3.9919724e-09]
not reaching the requested tolerance 1e-09.
Use iteration 51 instead with accuracy 
3.99197239713355e-09.

  values, vectors = lobpcg(projected_hamiltonian, guess, largest=False,
/home/erosanow_hpc/informed_swapping/BARK.py:156: UserWarning: Exited postprocessing with accuracies 
[3.99197211e-09]
not reaching the requested tolerance 1e-09.
  values, vectors = lobpcg(projected_hamiltonian, guess, largest=False,
/home/erosanow_hpc/informed_swapping/BARK.py:156: UserWarning: Exited at iteration 50 with accuracies 
[1.96522068e-09]
not reaching the requested tolerance 1e-09.
Use iteration 51 instead with accuracy 
1.9652206788914114e-09.

  values, vectors = lobpcg(projected_hamiltonian, guess, largest=False,
/home/erosanow_hpc/informed_swapping/BARK.py:156: UserWarning: Exited postprocessing with accuracies 
[1.96522056e-09]
not reaching the requested tolerance 1e-09.
  values, vectors = lobpcg(projected_hamiltonian, guess, largest=False,
/home/erosanow_hpc/informed_swapping/BARK.py:156: UserWarning: Exited at iteration 50 with accuracies 
[2.92540242e-09]
not reaching the requested tolerance 1e-09.
Use iteration 51 instead with accuracy 
2.9254024160414385e-09.

  values, vectors = lobpcg(projected_hamiltonian, guess, largest=False,
/home/erosanow_hpc/informed_swapping/BARK.py:156: UserWarning: Exited postprocessing with accuracies 
[2.92540205e-09]
not reaching the requested tolerance 1e-09.
  values, vectors = lobpcg(projected_hamiltonian, guess, largest=False,
/home/erosanow_hpc/informed_swapping/BARK.py:156: UserWarning: Exited at iteration 50 with accuracies 
[3.50199114e-09]
not reaching the requested tolerance 1e-09.
Use iteration 51 instead with accuracy 
3.5019911419098318e-09.

  values, vectors = lobpcg(projected_hamiltonian, guess, largest=False,
/home/erosanow_hpc/informed_swapping/BARK.py:156: UserWarning: Exited postprocessing with accuracies 
[3.50199107e-09]
not reaching the requested tolerance 1e-09.
  values, vectors = lobpcg(projected_hamiltonian, guess, largest=False,
/home/erosanow_hpc/informed_swapping/BARK.py:156: UserWarning: Exited at iteration 50 with accuracies 
[4.47289441e-09]
not reaching the requested tolerance 1e-09.
Use iteration 51 instead with accuracy 
4.4728944086669205e-09.

  values, vectors = lobpcg(projected_hamiltonian, guess, largest=False,
/home/erosanow_hpc/informed_swapping/BARK.py:156: UserWarning: Exited postprocessing with accuracies 
[4.4728943e-09]
not reaching the requested tolerance 1e-09.
  values, vectors = lobpcg(projected_hamiltonian, guess, largest=False,
/home/erosanow_hpc/informed_swapping/BARK.py:156: UserWarning: Exited at iteration 50 with accuracies 
[3.57790692e-09]
not reaching the requested tolerance 1e-09.
Use iteration 51 instead with accuracy 
3.5779069206054532e-09.

  values, vectors = lobpcg(projected_hamiltonian, guess, largest=False,
/home/erosanow_hpc/informed_swapping/BARK.py:156: UserWarning: Exited postprocessing with accuracies 
[3.57790656e-09]
not reaching the requested tolerance 1e-09.
  values, vectors = lobpcg(projected_hamiltonian, guess, largest=False,
/home/erosanow_hpc/informed_swapping/BARK.py:156: UserWarning: Exited at iteration 50 with accuracies 
[5.59270608e-09]
not reaching the requested tolerance 1e-09.
Use iteration 51 instead with accuracy 
5.592706075346822e-09.

  values, vectors = lobpcg(projected_hamiltonian, guess, largest=False,
/home/erosanow_hpc/informed_swapping/BARK.py:156: UserWarning: Exited postprocessing with accuracies 
[5.59270663e-09]
not reaching the requested tolerance 1e-09.
  values, vectors = lobpcg(projected_hamiltonian, guess, largest=False,
/home/erosanow_hpc/informed_swapping/BARK.py:156: UserWarning: Exited at iteration 50 with accuracies 
[5.6151965e-09]
not reaching the requested tolerance 1e-09.
Use iteration 51 instead with accuracy 
5.615196497408663e-09.

  values, vectors = lobpcg(projected_hamiltonian, guess, largest=False,
/home/erosanow_hpc/informed_swapping/BARK.py:156: UserWarning: Exited postprocessing with accuracies 
[5.61519651e-09]
not reaching the requested tolerance 1e-09.
  values, vectors = lobpcg(projected_hamiltonian, guess, largest=False,
/home/erosanow_hpc/informed_swapping/BARK.py:156: UserWarning: Exited at iteration 50 with accuracies 
[7.06789592e-09]
not reaching the requested tolerance 1e-09.
Use iteration 51 instead with accuracy 
7.067895915438048e-09.

  values, vectors = lobpcg(projected_hamiltonian, guess, largest=False,
/home/erosanow_hpc/informed_swapping/BARK.py:156: UserWarning: Exited postprocessing with accuracies 
[7.067896e-09]
not reaching the requested tolerance 1e-09.
  values, vectors = lobpcg(projected_hamiltonian, guess, largest=False,
/home/erosanow_hpc/informed_swapping/BARK.py:156: UserWarning: Exited at iteration 50 with accuracies 
[4.6250826e-09]
not reaching the requested tolerance 1e-09.
Use iteration 51 instead with accuracy 
4.625082595818786e-09.

  values, vectors = lobpcg(projected_hamiltonian, guess, largest=False,
/home/erosanow_hpc/informed_swapping/BARK.py:156: UserWarning: Exited postprocessing with accuracies 
[4.62508256e-09]
not reaching the requested tolerance 1e-09.
  values, vectors = lobpcg(projected_hamiltonian, guess, largest=False,
/home/erosanow_hpc/informed_swapping/BARK.py:156: UserWarning: Exited at iteration 50 with accuracies 
[6.68696634e-09]
not reaching the requested tolerance 1e-09.
Use iteration 51 instead with accuracy 
6.686966340455096e-09.

  values, vectors = lobpcg(projected_hamiltonian, guess, largest=False,
/home/erosanow_hpc/informed_swapping/BARK.py:156: UserWarning: Exited postprocessing with accuracies 
[6.68696613e-09]
not reaching the requested tolerance 1e-09.
  values, vectors = lobpcg(projected_hamiltonian, guess, largest=False,
/home/erosanow_hpc/informed_swapping/BARK.py:156: UserWarning: Exited at iteration 50 with accuracies 
[7.66388523e-09]
not reaching the requested tolerance 1e-09.
Use iteration 51 instead with accuracy 
7.663885226445985e-09.

  values, vectors = lobpcg(projected_hamiltonian, guess, largest=False,
/home/erosanow_hpc/informed_swapping/BARK.py:156: UserWarning: Exited postprocessing with accuracies 
[7.66388509e-09]
not reaching the requested tolerance 1e-09.
  values, vectors = lobpcg(projected_hamiltonian, guess, largest=False,
/home/erosanow_hpc/informed_swapping/BARK.py:156: UserWarning: Exited at iteration 50 with accuracies 
[9.55539841e-09]
not reaching the requested tolerance 1e-09.
Use iteration 51 instead with accuracy 
9.555398405891537e-09.

  values, vectors = lobpcg(projected_hamiltonian, guess, largest=False,
/home/erosanow_hpc/informed_swapping/BARK.py:156: UserWarning: Exited postprocessing with accuracies 
[9.55539817e-09]
not reaching the requested tolerance 1e-09.
  values, vectors = lobpcg(projected_hamiltonian, guess, largest=False,
/home/erosanow_hpc/informed_swapping/BARK.py:156: UserWarning: Exited at iteration 50 with accuracies 
[8.02646002e-09]
not reaching the requested tolerance 1e-09.
Use iteration 51 instead with accuracy 
8.026460017172042e-09.

  values, vectors = lobpcg(projected_hamiltonian, guess, largest=False,
/home/erosanow_hpc/informed_swapping/BARK.py:156: UserWarning: Exited postprocessing with accuracies 
[8.02646041e-09]
not reaching the requested tolerance 1e-09.
  values, vectors = lobpcg(projected_hamiltonian, guess, largest=False,
/home/erosanow_hpc/informed_swapping/BARK.py:156: UserWarning: Exited at iteration 50 with accuracies 
[1.18580181e-08]
not reaching the requested tolerance 1e-09.
Use iteration 51 instead with accuracy 
1.1858018071537498e-08.

  values, vectors = lobpcg(projected_hamiltonian, guess, largest=False,
/home/erosanow_hpc/informed_swapping/BARK.py:156: UserWarning: Exited postprocessing with accuracies 
[1.18580179e-08]
not reaching the requested tolerance 1e-09.
  values, vectors = lobpcg(projected_hamiltonian, guess, largest=False,
/home/erosanow_hpc/informed_swapping/BARK.py:156: UserWarning: Exited at iteration 50 with accuracies 
[1.20298375e-08]
not reaching the requested tolerance 1e-09.
Use iteration 51 instead with accuracy 
1.202983747687062e-08.

  values, vectors = lobpcg(projected_hamiltonian, guess, largest=False,
/home/erosanow_hpc/informed_swapping/BARK.py:156: UserWarning: Exited postprocessing with accuracies 
[1.20298378e-08]
not reaching the requested tolerance 1e-09.
  values, vectors = lobpcg(projected_hamiltonian, guess, largest=False,
/home/erosanow_hpc/informed_swapping/BARK.py:156: UserWarning: Exited at iteration 50 with accuracies 
[1.52074578e-08]
not reaching the requested tolerance 1e-09.
Use iteration 51 instead with accuracy 
1.5207457753593257e-08.

  values, vectors = lobpcg(projected_hamiltonian, guess, largest=False,
/home/erosanow_hpc/informed_swapping/BARK.py:156: UserWarning: Exited postprocessing with accuracies 
[1.52074575e-08]
not reaching the requested tolerance 1e-09.
  values, vectors = lobpcg(projected_hamiltonian, guess, largest=False,
/home/erosanow_hpc/informed_swapping/BARK.py:156: UserWarning: Exited at iteration 50 with accuracies 
[7.71209436e-09]
not reaching the requested tolerance 1e-09.
Use iteration 51 instead with accuracy 
7.712094357389013e-09.

  values, vectors = lobpcg(projected_hamiltonian, guess, largest=False,
/home/erosanow_hpc/informed_swapping/BARK.py:156: UserWarning: Exited postprocessing with accuracies 
[7.7120943e-09]
not reaching the requested tolerance 1e-09.
  values, vectors = lobpcg(projected_hamiltonian, guess, largest=False,
/home/erosanow_hpc/informed_swapping/BARK.py:156: UserWarning: Exited at iteration 50 with accuracies 
[1.12905896e-08]
not reaching the requested tolerance 1e-09.
Use iteration 51 instead with accuracy 
1.1290589550529046e-08.

  values, vectors = lobpcg(projected_hamiltonian, guess, largest=False,
/home/erosanow_hpc/informed_swapping/BARK.py:156: UserWarning: Exited postprocessing with accuracies 
[1.12905896e-08]
not reaching the requested tolerance 1e-09.
  values, vectors = lobpcg(projected_hamiltonian, guess, largest=False,
/home/erosanow_hpc/informed_swapping/BARK.py:156: UserWarning: Exited at iteration 50 with accuracies 
[1.3136012e-08]
not reaching the requested tolerance 1e-09.
Use iteration 51 instead with accuracy 
1.3136011976411416e-08.

  values, vectors = lobpcg(projected_hamiltonian, guess, largest=False,
/home/erosanow_hpc/informed_swapping/BARK.py:156: UserWarning: Exited postprocessing with accuracies 
[1.31360116e-08]
not reaching the requested tolerance 1e-09.
  values, vectors = lobpcg(projected_hamiltonian, guess, largest=False,
/home/erosanow_hpc/informed_swapping/BARK.py:156: UserWarning: Exited at iteration 50 with accuracies 
[1.66934346e-08]
not reaching the requested tolerance 1e-09.
Use iteration 51 instead with accuracy 
1.6693434570656984e-08.

  values, vectors = lobpcg(projected_hamiltonian, guess, largest=False,
/home/erosanow_hpc/informed_swapping/BARK.py:156: UserWarning: Exited postprocessing with accuracies 
[1.66934347e-08]
not reaching the requested tolerance 1e-09.
  values, vectors = lobpcg(projected_hamiltonian, guess, largest=False,
/home/erosanow_hpc/informed_swapping/BARK.py:156: UserWarning: Exited at iteration 50 with accuracies 
[1.36990225e-08]
not reaching the requested tolerance 1e-09.
Use iteration 51 instead with accuracy 
1.36990224819106e-08.

  values, vectors = lobpcg(projected_hamiltonian, guess, largest=False,
/home/erosanow_hpc/informed_swapping/BARK.py:156: UserWarning: Exited postprocessing with accuracies 
[1.36990226e-08]
not reaching the requested tolerance 1e-09.
  values, vectors = lobpcg(projected_hamiltonian, guess, largest=False,
/home/erosanow_hpc/informed_swapping/BARK.py:156: UserWarning: Exited at iteration 50 with accuracies 
[2.08086372e-08]
not reaching the requested tolerance 1e-09.
Use iteration 51 instead with accuracy 
2.080863716994919e-08.

  values, vectors = lobpcg(projected_hamiltonian, guess, largest=False,
/home/erosanow_hpc/informed_swapping/BARK.py:156: UserWarning: Exited postprocessing with accuracies 
[2.08086366e-08]
not reaching the requested tolerance 1e-09.
  values, vectors = lobpcg(projected_hamiltonian, guess, largest=False,
/home/erosanow_hpc/informed_swapping/BARK.py:156: UserWarning: Exited at iteration 50 with accuracies 
[2.15814298e-08]
not reaching the requested tolerance 1e-09.
Use iteration 51 instead with accuracy 
2.1581429816937616e-08.

  values, vectors = lobpcg(projected_hamiltonian, guess, largest=False,
/home/erosanow_hpc/informed_swapping/BARK.py:156: UserWarning: Exited postprocessing with accuracies 
[2.15814298e-08]
not reaching the requested tolerance 1e-09.
  values, vectors = lobpcg(projected_hamiltonian, guess, largest=False,
/home/erosanow_hpc/informed_swapping/BARK.py:156: UserWarning: Exited at iteration 50 with accuracies 
[2.81087524e-08]
not reaching the requested tolerance 1e-09.
Use iteration 51 instead with accuracy 
2.8108752406602954e-08.

  values, vectors = lobpcg(projected_hamiltonian, guess, largest=False,
/home/erosanow_hpc/informed_swapping/BARK.py:156: UserWarning: Exited postprocessing with accuracies 
[2.8108752e-08]
not reaching the requested tolerance 1e-09.
  values, vectors = lobpcg(projected_hamiltonian, guess, largest=False,
/home/erosanow_hpc/informed_swapping/BARK.py:156: UserWarning: Exited at iteration 50 with accuracies 
[5.94364705e-09]
not reaching the requested tolerance 1e-09.
Use iteration 51 instead with accuracy 
5.9436470548460675e-09.

  values, vectors = lobpcg(projected_hamiltonian, guess, largest=False,
/home/erosanow_hpc/informed_swapping/BARK.py:156: UserWarning: Exited postprocessing with accuracies 
[5.9436472e-09]
not reaching the requested tolerance 1e-09.
  values, vectors = lobpcg(projected_hamiltonian, guess, largest=False,
/home/erosanow_hpc/informed_swapping/BARK.py:156: UserWarning: Exited at iteration 50 with accuracies 
[8.51638327e-09]
not reaching the requested tolerance 1e-09.
Use iteration 51 instead with accuracy 
8.51638326865566e-09.

  values, vectors = lobpcg(projected_hamiltonian, guess, largest=False,
/home/erosanow_hpc/informed_swapping/BARK.py:156: UserWarning: Exited postprocessing with accuracies 
[8.51638296e-09]
not reaching the requested tolerance 1e-09.
  values, vectors = lobpcg(projected_hamiltonian, guess, largest=False,
/home/erosanow_hpc/informed_swapping/BARK.py:156: UserWarning: Exited at iteration 50 with accuracies 
[9.80458864e-09]
not reaching the requested tolerance 1e-09.
Use iteration 51 instead with accuracy 
9.804588638125254e-09.

  values, vectors = lobpcg(projected_hamiltonian, guess, largest=False,
/home/erosanow_hpc/informed_swapping/BARK.py:156: UserWarning: Exited postprocessing with accuracies 
[9.80458888e-09]
not reaching the requested tolerance 1e-09.
  values, vectors = lobpcg(projected_hamiltonian, guess, largest=False,
/home/erosanow_hpc/informed_swapping/BARK.py:156: UserWarning: Exited at iteration 50 with accuracies 
[1.21837333e-08]
not reaching the requested tolerance 1e-09.
Use iteration 51 instead with accuracy 
1.2183733318617544e-08.

  values, vectors = lobpcg(projected_hamiltonian, guess, largest=False,
/home/erosanow_hpc/informed_swapping/BARK.py:156: UserWarning: Exited postprocessing with accuracies 
[1.21837328e-08]
not reaching the requested tolerance 1e-09.
  values, vectors = lobpcg(projected_hamiltonian, guess, largest=False,
/home/erosanow_hpc/informed_swapping/BARK.py:156: UserWarning: Exited at iteration 50 with accuracies 
[1.0241327e-08]
not reaching the requested tolerance 1e-09.
Use iteration 51 instead with accuracy 
1.0241326983422803e-08.

  values, vectors = lobpcg(projected_hamiltonian, guess, largest=False,
/home/erosanow_hpc/informed_swapping/BARK.py:156: UserWarning: Exited postprocessing with accuracies 
[1.02413269e-08]
not reaching the requested tolerance 1e-09.
  values, vectors = lobpcg(projected_hamiltonian, guess, largest=False,
/home/erosanow_hpc/informed_swapping/BARK.py:156: UserWarning: Exited at iteration 50 with accuracies 
[1.49377755e-08]
not reaching the requested tolerance 1e-09.
Use iteration 51 instead with accuracy 
1.4937775527544728e-08.

  values, vectors = lobpcg(projected_hamiltonian, guess, largest=False,
/home/erosanow_hpc/informed_swapping/BARK.py:156: UserWarning: Exited postprocessing with accuracies 
[1.49377749e-08]
not reaching the requested tolerance 1e-09.
  values, vectors = lobpcg(projected_hamiltonian, guess, largest=False,
/home/erosanow_hpc/informed_swapping/BARK.py:156: UserWarning: Exited at iteration 50 with accuracies 
[1.55825423e-08]
not reaching the requested tolerance 1e-09.
Use iteration 51 instead with accuracy 
1.5582542258167196e-08.

  values, vectors = lobpcg(projected_hamiltonian, guess, largest=False,
/home/erosanow_hpc/informed_swapping/BARK.py:156: UserWarning: Exited postprocessing with accuracies 
[1.55825422e-08]
not reaching the requested tolerance 1e-09.
  values, vectors = lobpcg(projected_hamiltonian, guess, largest=False,
/home/erosanow_hpc/informed_swapping/BARK.py:156: UserWarning: Exited at iteration 50 with accuracies 
[1.95008645e-08]
not reaching the requested tolerance 1e-09.
Use iteration 51 instead with accuracy 
1.950086451288999e-08.

  values, vectors = lobpcg(projected_hamiltonian, guess, largest=False,
/home/erosanow_hpc/informed_swapping/BARK.py:156: UserWarning: Exited postprocessing with accuracies 
[1.95008648e-08]
not reaching the requested tolerance 1e-09.
  values, vectors = lobpcg(projected_hamiltonian, guess, largest=False,
/home/erosanow_hpc/informed_swapping/BARK.py:156: UserWarning: Exited at iteration 50 with accuracies 
[1.05063264e-08]
not reaching the requested tolerance 1e-09.
Use iteration 51 instead with accuracy 
1.0506326431539707e-08.

  values, vectors = lobpcg(projected_hamiltonian, guess, largest=False,
/home/erosanow_hpc/informed_swapping/BARK.py:156: UserWarning: Exited postprocessing with accuracies 
[1.05063266e-08]
not reaching the requested tolerance 1e-09.
  values, vectors = lobpcg(projected_hamiltonian, guess, largest=False,
/home/erosanow_hpc/informed_swapping/BARK.py:156: UserWarning: Exited at iteration 50 with accuracies 
[1.51575749e-08]
not reaching the requested tolerance 1e-09.
Use iteration 51 instead with accuracy 
1.5157574898903593e-08.

  values, vectors = lobpcg(projected_hamiltonian, guess, largest=False,
/home/erosanow_hpc/informed_swapping/BARK.py:156: UserWarning: Exited postprocessing with accuracies 
[1.51575753e-08]
not reaching the requested tolerance 1e-09.
  values, vectors = lobpcg(projected_hamiltonian, guess, largest=False,
/home/erosanow_hpc/informed_swapping/BARK.py:156: UserWarning: Exited at iteration 50 with accuracies 
[1.76193232e-08]
not reaching the requested tolerance 1e-09.
Use iteration 51 instead with accuracy 
1.7619323196801644e-08.

  values, vectors = lobpcg(projected_hamiltonian, guess, largest=False,
/home/erosanow_hpc/informed_swapping/BARK.py:156: UserWarning: Exited postprocessing with accuracies 
[1.76193229e-08]
not reaching the requested tolerance 1e-09.
  values, vectors = lobpcg(projected_hamiltonian, guess, largest=False,
/home/erosanow_hpc/informed_swapping/BARK.py:156: UserWarning: Exited at iteration 50 with accuracies 
[2.23009068e-08]
not reaching the requested tolerance 1e-09.
Use iteration 51 instead with accuracy 
2.2300906772552164e-08.

  values, vectors = lobpcg(projected_hamiltonian, guess, largest=False,
/home/erosanow_hpc/informed_swapping/BARK.py:156: UserWarning: Exited postprocessing with accuracies 
[2.2300907e-08]
not reaching the requested tolerance 1e-09.
  values, vectors = lobpcg(projected_hamiltonian, guess, largest=False,
/home/erosanow_hpc/informed_swapping/BARK.py:156: UserWarning: Exited at iteration 50 with accuracies 
[1.90961436e-08]
not reaching the requested tolerance 1e-09.
Use iteration 51 instead with accuracy 
1.9096143620191595e-08.

  values, vectors = lobpcg(projected_hamiltonian, guess, largest=False,
/home/erosanow_hpc/informed_swapping/BARK.py:156: UserWarning: Exited postprocessing with accuracies 
[1.90961438e-08]
not reaching the requested tolerance 1e-09.
  values, vectors = lobpcg(projected_hamiltonian, guess, largest=False,
/home/erosanow_hpc/informed_swapping/BARK.py:156: UserWarning: Exited at iteration 50 with accuracies 
[2.86678976e-08]
not reaching the requested tolerance 1e-09.
Use iteration 51 instead with accuracy 
2.8667897555142283e-08.

  values, vectors = lobpcg(projected_hamiltonian, guess, largest=False,
/home/erosanow_hpc/informed_swapping/BARK.py:156: UserWarning: Exited postprocessing with accuracies 
[2.86678977e-08]
not reaching the requested tolerance 1e-09.
  values, vectors = lobpcg(projected_hamiltonian, guess, largest=False,
/home/erosanow_hpc/informed_swapping/BARK.py:156: UserWarning: Exited at iteration 50 with accuracies 
[3.00231992e-08]
not reaching the requested tolerance 1e-09.
Use iteration 51 instead with accuracy 
3.0023199175779974e-08.

  values, vectors = lobpcg(projected_hamiltonian, guess, largest=False,
/home/erosanow_hpc/informed_swapping/BARK.py:156: UserWarning: Exited postprocessing with accuracies 
[3.00231988e-08]
not reaching the requested tolerance 1e-09.
  values, vectors = lobpcg(projected_hamiltonian, guess, largest=False,
/home/erosanow_hpc/informed_swapping/BARK.py:156: UserWarning: Exited at iteration 50 with accuracies 
[3.93633537e-08]
not reaching the requested tolerance 1e-09.
Use iteration 51 instead with accuracy 
3.936335370847297e-08.

  values, vectors = lobpcg(projected_hamiltonian, guess, largest=False,
/home/erosanow_hpc/informed_swapping/BARK.py:156: UserWarning: Exited postprocessing with accuracies 
[3.93633539e-08]
not reaching the requested tolerance 1e-09.
  values, vectors = lobpcg(projected_hamiltonian, guess, largest=False,
/home/erosanow_hpc/informed_swapping/BARK.py:156: UserWarning: Exited at iteration 50 with accuracies 
[6.13791741e-09]
not reaching the requested tolerance 1e-09.
Use iteration 51 instead with accuracy 
6.137917412480754e-09.

  values, vectors = lobpcg(projected_hamiltonian, guess, largest=False,
/home/erosanow_hpc/informed_swapping/BARK.py:156: UserWarning: Exited postprocessing with accuracies 
[6.13791738e-09]
not reaching the requested tolerance 1e-09.
  values, vectors = lobpcg(projected_hamiltonian, guess, largest=False,
/home/erosanow_hpc/informed_swapping/BARK.py:156: UserWarning: Exited at iteration 50 with accuracies 
[9.67583927e-09]
not reaching the requested tolerance 1e-09.
Use iteration 51 instead with accuracy 
9.675839269982095e-09.

  values, vectors = lobpcg(projected_hamiltonian, guess, largest=False,
/home/erosanow_hpc/informed_swapping/BARK.py:156: UserWarning: Exited postprocessing with accuracies 
[9.67583915e-09]
not reaching the requested tolerance 1e-09.
  values, vectors = lobpcg(projected_hamiltonian, guess, largest=False,
/home/erosanow_hpc/informed_swapping/BARK.py:156: UserWarning: Exited at iteration 50 with accuracies 
[1.14831884e-08]
not reaching the requested tolerance 1e-09.
Use iteration 51 instead with accuracy 
1.14831884403257e-08.

  values, vectors = lobpcg(projected_hamiltonian, guess, largest=False,
/home/erosanow_hpc/informed_swapping/BARK.py:156: UserWarning: Exited postprocessing with accuracies 
[1.14831883e-08]
not reaching the requested tolerance 1e-09.
  values, vectors = lobpcg(projected_hamiltonian, guess, largest=False,
/home/erosanow_hpc/informed_swapping/BARK.py:156: UserWarning: Exited at iteration 50 with accuracies 
[1.47505387e-08]
not reaching the requested tolerance 1e-09.
Use iteration 51 instead with accuracy 
1.4750538707656178e-08.

  values, vectors = lobpcg(projected_hamiltonian, guess, largest=False,
/home/erosanow_hpc/informed_swapping/BARK.py:156: UserWarning: Exited postprocessing with accuracies 
[1.47505388e-08]
not reaching the requested tolerance 1e-09.
  values, vectors = lobpcg(projected_hamiltonian, guess, largest=False,
/home/erosanow_hpc/informed_swapping/BARK.py:156: UserWarning: Exited at iteration 50 with accuracies 
[1.16108261e-08]
not reaching the requested tolerance 1e-09.
Use iteration 51 instead with accuracy 
1.1610826099168266e-08.

  values, vectors = lobpcg(projected_hamiltonian, guess, largest=False,
/home/erosanow_hpc/informed_swapping/BARK.py:156: UserWarning: Exited postprocessing with accuracies 
[1.16108259e-08]
not reaching the requested tolerance 1e-09.
  values, vectors = lobpcg(projected_hamiltonian, guess, largest=False,
/home/erosanow_hpc/informed_swapping/BARK.py:156: UserWarning: Exited at iteration 50 with accuracies 
[1.86970494e-08]
not reaching the requested tolerance 1e-09.
Use iteration 51 instead with accuracy 
1.8697049397824764e-08.

  values, vectors = lobpcg(projected_hamiltonian, guess, largest=False,
/home/erosanow_hpc/informed_swapping/BARK.py:156: UserWarning: Exited postprocessing with accuracies 
[1.86970496e-08]
not reaching the requested tolerance 1e-09.
  values, vectors = lobpcg(projected_hamiltonian, guess, largest=False,
/home/erosanow_hpc/informed_swapping/BARK.py:156: UserWarning: Exited at iteration 50 with accuracies 
[1.93729174e-08]
not reaching the requested tolerance 1e-09.
Use iteration 51 instead with accuracy 
1.9372917352240922e-08.

  values, vectors = lobpcg(projected_hamiltonian, guess, largest=False,
/home/erosanow_hpc/informed_swapping/BARK.py:156: UserWarning: Exited postprocessing with accuracies 
[1.93729181e-08]
not reaching the requested tolerance 1e-09.
  values, vectors = lobpcg(projected_hamiltonian, guess, largest=False,
/home/erosanow_hpc/informed_swapping/BARK.py:156: UserWarning: Exited at iteration 50 with accuracies 
[2.58657632e-08]
not reaching the requested tolerance 1e-09.
Use iteration 51 instead with accuracy 
2.586576317456512e-08.

  values, vectors = lobpcg(projected_hamiltonian, guess, largest=False,
/home/erosanow_hpc/informed_swapping/BARK.py:156: UserWarning: Exited postprocessing with accuracies 
[2.58657628e-08]
not reaching the requested tolerance 1e-09.
  values, vectors = lobpcg(projected_hamiltonian, guess, largest=False,
/home/erosanow_hpc/informed_swapping/BARK.py:156: UserWarning: Exited at iteration 50 with accuracies 
[1.18561186e-08]
not reaching the requested tolerance 1e-09.
Use iteration 51 instead with accuracy 
1.185611859693574e-08.

  values, vectors = lobpcg(projected_hamiltonian, guess, largest=False,
/home/erosanow_hpc/informed_swapping/BARK.py:156: UserWarning: Exited postprocessing with accuracies 
[1.18561186e-08]
not reaching the requested tolerance 1e-09.
  values, vectors = lobpcg(projected_hamiltonian, guess, largest=False,
/home/erosanow_hpc/informed_swapping/BARK.py:156: UserWarning: Exited at iteration 50 with accuracies 
[1.89897333e-08]
not reaching the requested tolerance 1e-09.
Use iteration 51 instead with accuracy 
1.8989733291329664e-08.

  values, vectors = lobpcg(projected_hamiltonian, guess, largest=False,
/home/erosanow_hpc/informed_swapping/BARK.py:156: UserWarning: Exited postprocessing with accuracies 
[1.89897335e-08]
not reaching the requested tolerance 1e-09.
  values, vectors = lobpcg(projected_hamiltonian, guess, largest=False,
/home/erosanow_hpc/informed_swapping/BARK.py:156: UserWarning: Exited at iteration 50 with accuracies 
[2.32546917e-08]
not reaching the requested tolerance 1e-09.
Use iteration 51 instead with accuracy 
2.3254691742143113e-08.

  values, vectors = lobpcg(projected_hamiltonian, guess, largest=False,
/home/erosanow_hpc/informed_swapping/BARK.py:156: UserWarning: Exited postprocessing with accuracies 
[2.32546909e-08]
not reaching the requested tolerance 1e-09.
  values, vectors = lobpcg(projected_hamiltonian, guess, largest=False,
/home/erosanow_hpc/informed_swapping/BARK.py:156: UserWarning: Exited at iteration 50 with accuracies 
[3.11780353e-08]
not reaching the requested tolerance 1e-09.
Use iteration 51 instead with accuracy 
3.117803525771734e-08.

  values, vectors = lobpcg(projected_hamiltonian, guess, largest=False,
/home/erosanow_hpc/informed_swapping/BARK.py:156: UserWarning: Exited postprocessing with accuracies 
[3.11780354e-08]
not reaching the requested tolerance 1e-09.
  values, vectors = lobpcg(projected_hamiltonian, guess, largest=False,
/home/erosanow_hpc/informed_swapping/BARK.py:156: UserWarning: Exited at iteration 50 with accuracies 
[2.55495367e-08]
not reaching the requested tolerance 1e-09.
Use iteration 51 instead with accuracy 
2.5549536735268632e-08.

  values, vectors = lobpcg(projected_hamiltonian, guess, largest=False,
/home/erosanow_hpc/informed_swapping/BARK.py:156: UserWarning: Exited postprocessing with accuracies 
[2.55495361e-08]
not reaching the requested tolerance 1e-09.
  values, vectors = lobpcg(projected_hamiltonian, guess, largest=False,
/home/erosanow_hpc/informed_swapping/BARK.py:156: UserWarning: Exited at iteration 50 with accuracies 
[4.26495401e-08]
not reaching the requested tolerance 1e-09.
Use iteration 51 instead with accuracy 
4.264954006302732e-08.

  values, vectors = lobpcg(projected_hamiltonian, guess, largest=False,
/home/erosanow_hpc/informed_swapping/BARK.py:156: UserWarning: Exited postprocessing with accuracies 
[4.26495397e-08]
not reaching the requested tolerance 1e-09.
  values, vectors = lobpcg(projected_hamiltonian, guess, largest=False,
/home/erosanow_hpc/informed_swapping/BARK.py:156: UserWarning: Exited at iteration 50 with accuracies 
[4.52589752e-08]
not reaching the requested tolerance 1e-09.
Use iteration 51 instead with accuracy 
4.525897523504746e-08.

  values, vectors = lobpcg(projected_hamiltonian, guess, largest=False,
/home/erosanow_hpc/informed_swapping/BARK.py:156: UserWarning: Exited postprocessing with accuracies 
[4.52589756e-08]
not reaching the requested tolerance 1e-09.
  values, vectors = lobpcg(projected_hamiltonian, guess, largest=False,
/home/erosanow_hpc/informed_swapping/BARK.py:156: UserWarning: Exited at iteration 50 with accuracies 
[6.42775101e-08]
not reaching the requested tolerance 1e-09.
Use iteration 51 instead with accuracy 
6.427751008727544e-08.

  values, vectors = lobpcg(projected_hamiltonian, guess, largest=False,
/home/erosanow_hpc/informed_swapping/BARK.py:156: UserWarning: Exited postprocessing with accuracies 
[6.42775102e-08]
not reaching the requested tolerance 1e-09.
  values, vectors = lobpcg(projected_hamiltonian, guess, largest=False,
/home/erosanow_hpc/informed_swapping/BARK.py:156: UserWarning: Exited at iteration 50 with accuracies 
[5.64217187e-09]
not reaching the requested tolerance 1e-09.
Use iteration 51 instead with accuracy 
5.642171870326573e-09.

  values, vectors = lobpcg(projected_hamiltonian, guess, largest=False,
/home/erosanow_hpc/informed_swapping/BARK.py:156: UserWarning: Exited postprocessing with accuracies 
[5.64217211e-09]
not reaching the requested tolerance 1e-09.
  values, vectors = lobpcg(projected_hamiltonian, guess, largest=False,
/home/erosanow_hpc/informed_swapping/BARK.py:156: UserWarning: Exited at iteration 50 with accuracies 
[8.18881234e-09]
not reaching the requested tolerance 1e-09.
Use iteration 51 instead with accuracy 
8.18881234160165e-09.

  values, vectors = lobpcg(projected_hamiltonian, guess, largest=False,
/home/erosanow_hpc/informed_swapping/BARK.py:156: UserWarning: Exited postprocessing with accuracies 
[8.18881238e-09]
not reaching the requested tolerance 1e-09.
  values, vectors = lobpcg(projected_hamiltonian, guess, largest=False,
/home/erosanow_hpc/informed_swapping/BARK.py:156: UserWarning: Exited at iteration 50 with accuracies 
[9.00171921e-09]
not reaching the requested tolerance 1e-09.
Use iteration 51 instead with accuracy 
9.001719206933463e-09.

  values, vectors = lobpcg(projected_hamiltonian, guess, largest=False,
/home/erosanow_hpc/informed_swapping/BARK.py:156: UserWarning: Exited postprocessing with accuracies 
[9.00171942e-09]
not reaching the requested tolerance 1e-09.
  values, vectors = lobpcg(projected_hamiltonian, guess, largest=False,
/home/erosanow_hpc/informed_swapping/BARK.py:156: UserWarning: Exited at iteration 50 with accuracies 
[1.11392519e-08]
not reaching the requested tolerance 1e-09.
Use iteration 51 instead with accuracy 
1.1139251949418285e-08.

  values, vectors = lobpcg(projected_hamiltonian, guess, largest=False,
/home/erosanow_hpc/informed_swapping/BARK.py:156: UserWarning: Exited postprocessing with accuracies 
[1.1139252e-08]
not reaching the requested tolerance 1e-09.
  values, vectors = lobpcg(projected_hamiltonian, guess, largest=False,
/home/erosanow_hpc/informed_swapping/BARK.py:156: UserWarning: Exited at iteration 50 with accuracies 
[8.54894118e-09]
not reaching the requested tolerance 1e-09.
Use iteration 51 instead with accuracy 
8.54894117883189e-09.

  values, vectors = lobpcg(projected_hamiltonian, guess, largest=False,
/home/erosanow_hpc/informed_swapping/BARK.py:156: UserWarning: Exited postprocessing with accuracies 
[8.54894132e-09]
not reaching the requested tolerance 1e-09.
  values, vectors = lobpcg(projected_hamiltonian, guess, largest=False,
/home/erosanow_hpc/informed_swapping/BARK.py:156: UserWarning: Exited at iteration 50 with accuracies 
[1.23884945e-08]
not reaching the requested tolerance 1e-09.
Use iteration 51 instead with accuracy 
1.2388494497002875e-08.

  values, vectors = lobpcg(projected_hamiltonian, guess, largest=False,
/home/erosanow_hpc/informed_swapping/BARK.py:156: UserWarning: Exited postprocessing with accuracies 
[1.23884944e-08]
not reaching the requested tolerance 1e-09.
  values, vectors = lobpcg(projected_hamiltonian, guess, largest=False,
/home/erosanow_hpc/informed_swapping/BARK.py:156: UserWarning: Exited at iteration 50 with accuracies 
[1.39390251e-08]
not reaching the requested tolerance 1e-09.
Use iteration 51 instead with accuracy 
1.3939025097748503e-08.

  values, vectors = lobpcg(projected_hamiltonian, guess, largest=False,
/home/erosanow_hpc/informed_swapping/BARK.py:156: UserWarning: Exited postprocessing with accuracies 
[1.39390242e-08]
not reaching the requested tolerance 1e-09.
  values, vectors = lobpcg(projected_hamiltonian, guess, largest=False,
/home/erosanow_hpc/informed_swapping/BARK.py:156: UserWarning: Exited at iteration 50 with accuracies 
[1.73511333e-08]
not reaching the requested tolerance 1e-09.
Use iteration 51 instead with accuracy 
1.7351133323834666e-08.

  values, vectors = lobpcg(projected_hamiltonian, guess, largest=False,
/home/erosanow_hpc/informed_swapping/BARK.py:156: UserWarning: Exited postprocessing with accuracies 
[1.73511327e-08]
not reaching the requested tolerance 1e-09.
  values, vectors = lobpcg(projected_hamiltonian, guess, largest=False,
/home/erosanow_hpc/informed_swapping/BARK.py:156: UserWarning: Exited at iteration 50 with accuracies 
[9.05332141e-09]
not reaching the requested tolerance 1e-09.
Use iteration 51 instead with accuracy 
9.053321405639628e-09.

  values, vectors = lobpcg(projected_hamiltonian, guess, largest=False,
/home/erosanow_hpc/informed_swapping/BARK.py:156: UserWarning: Exited postprocessing with accuracies 
[9.05332139e-09]
not reaching the requested tolerance 1e-09.
  values, vectors = lobpcg(projected_hamiltonian, guess, largest=False,
/home/erosanow_hpc/informed_swapping/BARK.py:156: UserWarning: Exited at iteration 50 with accuracies 
[1.31198667e-08]
not reaching the requested tolerance 1e-09.
Use iteration 51 instead with accuracy 
1.3119866739950238e-08.

  values, vectors = lobpcg(projected_hamiltonian, guess, largest=False,
/home/erosanow_hpc/informed_swapping/BARK.py:156: UserWarning: Exited postprocessing with accuracies 
[1.31198664e-08]
not reaching the requested tolerance 1e-09.
  values, vectors = lobpcg(projected_hamiltonian, guess, largest=False,
/home/erosanow_hpc/informed_swapping/BARK.py:156: UserWarning: Exited at iteration 50 with accuracies 
[1.44041307e-08]
not reaching the requested tolerance 1e-09.
Use iteration 51 instead with accuracy 
1.4404130675105847e-08.

  values, vectors = lobpcg(projected_hamiltonian, guess, largest=False,
/home/erosanow_hpc/informed_swapping/BARK.py:156: UserWarning: Exited postprocessing with accuracies 
[1.44041309e-08]
not reaching the requested tolerance 1e-09.
  values, vectors = lobpcg(projected_hamiltonian, guess, largest=False,
/home/erosanow_hpc/informed_swapping/BARK.py:156: UserWarning: Exited at iteration 50 with accuracies 
[1.7895186e-08]
not reaching the requested tolerance 1e-09.
Use iteration 51 instead with accuracy 
1.7895186049793992e-08.

  values, vectors = lobpcg(projected_hamiltonian, guess, largest=False,
/home/erosanow_hpc/informed_swapping/BARK.py:156: UserWarning: Exited postprocessing with accuracies 
[1.78951866e-08]
not reaching the requested tolerance 1e-09.
  values, vectors = lobpcg(projected_hamiltonian, guess, largest=False,
/home/erosanow_hpc/informed_swapping/BARK.py:156: UserWarning: Exited at iteration 50 with accuracies 
[1.48206588e-08]
not reaching the requested tolerance 1e-09.
Use iteration 51 instead with accuracy 
1.4820658834114015e-08.

  values, vectors = lobpcg(projected_hamiltonian, guess, largest=False,
/home/erosanow_hpc/informed_swapping/BARK.py:156: UserWarning: Exited postprocessing with accuracies 
[1.48206587e-08]
not reaching the requested tolerance 1e-09.
  values, vectors = lobpcg(projected_hamiltonian, guess, largest=False,
/home/erosanow_hpc/informed_swapping/BARK.py:156: UserWarning: Exited at iteration 50 with accuracies 
[2.19055582e-08]
not reaching the requested tolerance 1e-09.
Use iteration 51 instead with accuracy 
2.1905558160966507e-08.

  values, vectors = lobpcg(projected_hamiltonian, guess, largest=False,
/home/erosanow_hpc/informed_swapping/BARK.py:156: UserWarning: Exited postprocessing with accuracies 
[2.19055582e-08]
not reaching the requested tolerance 1e-09.
  values, vectors = lobpcg(projected_hamiltonian, guess, largest=False,
/home/erosanow_hpc/informed_swapping/BARK.py:156: UserWarning: Exited at iteration 50 with accuracies 
[2.28166213e-08]
not reaching the requested tolerance 1e-09.
Use iteration 51 instead with accuracy 
2.281662130890321e-08.

  values, vectors = lobpcg(projected_hamiltonian, guess, largest=False,
/home/erosanow_hpc/informed_swapping/BARK.py:156: UserWarning: Exited postprocessing with accuracies 
[2.28166211e-08]
not reaching the requested tolerance 1e-09.
  values, vectors = lobpcg(projected_hamiltonian, guess, largest=False,
/home/erosanow_hpc/informed_swapping/BARK.py:156: UserWarning: Exited at iteration 50 with accuracies 
[2.87218019e-08]
not reaching the requested tolerance 1e-09.
Use iteration 51 instead with accuracy 
2.8721801863923913e-08.

  values, vectors = lobpcg(projected_hamiltonian, guess, largest=False,
/home/erosanow_hpc/informed_swapping/BARK.py:156: UserWarning: Exited postprocessing with accuracies 
[2.8721802e-08]
not reaching the requested tolerance 1e-09.
  values, vectors = lobpcg(projected_hamiltonian, guess, largest=False,
/home/erosanow_hpc/informed_swapping/BARK.py:156: UserWarning: Exited at iteration 50 with accuracies 
[3.92119495e-09]
not reaching the requested tolerance 1e-09.
Use iteration 51 instead with accuracy 
3.921194954927854e-09.

  values, vectors = lobpcg(projected_hamiltonian, guess, largest=False,
/home/erosanow_hpc/informed_swapping/BARK.py:156: UserWarning: Exited postprocessing with accuracies 
[3.9211946e-09]
not reaching the requested tolerance 1e-09.
  values, vectors = lobpcg(projected_hamiltonian, guess, largest=False,
/home/erosanow_hpc/informed_swapping/BARK.py:156: UserWarning: Exited at iteration 50 with accuracies 
[5.93534782e-09]
not reaching the requested tolerance 1e-09.
Use iteration 51 instead with accuracy 
5.935347816222696e-09.

  values, vectors = lobpcg(projected_hamiltonian, guess, largest=False,
/home/erosanow_hpc/informed_swapping/BARK.py:156: UserWarning: Exited postprocessing with accuracies 
[5.93534783e-09]
not reaching the requested tolerance 1e-09.
  values, vectors = lobpcg(projected_hamiltonian, guess, largest=False,
/home/erosanow_hpc/informed_swapping/BARK.py:156: UserWarning: Exited at iteration 50 with accuracies 
[6.60857982e-09]
not reaching the requested tolerance 1e-09.
Use iteration 51 instead with accuracy 
6.608579822673104e-09.

  values, vectors = lobpcg(projected_hamiltonian, guess, largest=False,
/home/erosanow_hpc/informed_swapping/BARK.py:156: UserWarning: Exited postprocessing with accuracies 
[6.60857952e-09]
not reaching the requested tolerance 1e-09.
  values, vectors = lobpcg(projected_hamiltonian, guess, largest=False,
/home/erosanow_hpc/informed_swapping/BARK.py:156: UserWarning: Exited at iteration 50 with accuracies 
[8.64056556e-09]
not reaching the requested tolerance 1e-09.
Use iteration 51 instead with accuracy 
8.640565555183826e-09.

  values, vectors = lobpcg(projected_hamiltonian, guess, largest=False,
/home/erosanow_hpc/informed_swapping/BARK.py:156: UserWarning: Exited postprocessing with accuracies 
[8.64056542e-09]
not reaching the requested tolerance 1e-09.
  values, vectors = lobpcg(projected_hamiltonian, guess, largest=False,
/home/erosanow_hpc/informed_swapping/BARK.py:156: UserWarning: Exited at iteration 50 with accuracies 
[6.59848244e-09]
not reaching the requested tolerance 1e-09.
Use iteration 51 instead with accuracy 
6.598482440537396e-09.

  values, vectors = lobpcg(projected_hamiltonian, guess, largest=False,
/home/erosanow_hpc/informed_swapping/BARK.py:156: UserWarning: Exited postprocessing with accuracies 
[6.59848254e-09]
not reaching the requested tolerance 1e-09.
  values, vectors = lobpcg(projected_hamiltonian, guess, largest=False,
/home/erosanow_hpc/informed_swapping/BARK.py:156: UserWarning: Exited at iteration 50 with accuracies 
[1.04143323e-08]
not reaching the requested tolerance 1e-09.
Use iteration 51 instead with accuracy 
1.0414332333133672e-08.

  values, vectors = lobpcg(projected_hamiltonian, guess, largest=False,
/home/erosanow_hpc/informed_swapping/BARK.py:156: UserWarning: Exited postprocessing with accuracies 
[1.0414332e-08]
not reaching the requested tolerance 1e-09.
  values, vectors = lobpcg(projected_hamiltonian, guess, largest=False,
/home/erosanow_hpc/informed_swapping/BARK.py:156: UserWarning: Exited at iteration 50 with accuracies 
[1.20368675e-08]
not reaching the requested tolerance 1e-09.
Use iteration 51 instead with accuracy 
1.2036867539244697e-08.

  values, vectors = lobpcg(projected_hamiltonian, guess, largest=False,
/home/erosanow_hpc/informed_swapping/BARK.py:156: UserWarning: Exited postprocessing with accuracies 
[1.20368675e-08]
not reaching the requested tolerance 1e-09.
  values, vectors = lobpcg(projected_hamiltonian, guess, largest=False,
/home/erosanow_hpc/informed_swapping/BARK.py:156: UserWarning: Exited at iteration 50 with accuracies 
[1.61457755e-08]
not reaching the requested tolerance 1e-09.
Use iteration 51 instead with accuracy 
1.6145775494773205e-08.

  values, vectors = lobpcg(projected_hamiltonian, guess, largest=False,
/home/erosanow_hpc/informed_swapping/BARK.py:156: UserWarning: Exited postprocessing with accuracies 
[1.61457754e-08]
not reaching the requested tolerance 1e-09.
  values, vectors = lobpcg(projected_hamiltonian, guess, largest=False,
/home/erosanow_hpc/informed_swapping/BARK.py:156: UserWarning: Exited at iteration 50 with accuracies 
[7.45972672e-09]
not reaching the requested tolerance 1e-09.
Use iteration 51 instead with accuracy 
7.459726720630885e-09.

  values, vectors = lobpcg(projected_hamiltonian, guess, largest=False,
/home/erosanow_hpc/informed_swapping/BARK.py:156: UserWarning: Exited postprocessing with accuracies 
[7.45972665e-09]
not reaching the requested tolerance 1e-09.
  values, vectors = lobpcg(projected_hamiltonian, guess, largest=False,
/home/erosanow_hpc/informed_swapping/BARK.py:156: UserWarning: Exited at iteration 50 with accuracies 
[1.1621305e-08]
not reaching the requested tolerance 1e-09.
Use iteration 51 instead with accuracy 
1.162130495364042e-08.

  values, vectors = lobpcg(projected_hamiltonian, guess, largest=False,
/home/erosanow_hpc/informed_swapping/BARK.py:156: UserWarning: Exited postprocessing with accuracies 
[1.16213048e-08]
not reaching the requested tolerance 1e-09.
  values, vectors = lobpcg(projected_hamiltonian, guess, largest=False,
/home/erosanow_hpc/informed_swapping/BARK.py:156: UserWarning: Exited at iteration 50 with accuracies 
[1.36619692e-08]
not reaching the requested tolerance 1e-09.
Use iteration 51 instead with accuracy 
1.3661969192301763e-08.

  values, vectors = lobpcg(projected_hamiltonian, guess, largest=False,
/home/erosanow_hpc/informed_swapping/BARK.py:156: UserWarning: Exited postprocessing with accuracies 
[1.36619693e-08]
not reaching the requested tolerance 1e-09.
  values, vectors = lobpcg(projected_hamiltonian, guess, largest=False,
/home/erosanow_hpc/informed_swapping/BARK.py:156: UserWarning: Exited at iteration 50 with accuracies 
[1.77791882e-08]
not reaching the requested tolerance 1e-09.
Use iteration 51 instead with accuracy 
1.7779188176076994e-08.

  values, vectors = lobpcg(projected_hamiltonian, guess, largest=False,
/home/erosanow_hpc/informed_swapping/BARK.py:156: UserWarning: Exited postprocessing with accuracies 
[1.77791882e-08]
not reaching the requested tolerance 1e-09.
  values, vectors = lobpcg(projected_hamiltonian, guess, largest=False,
/home/erosanow_hpc/informed_swapping/BARK.py:156: UserWarning: Exited at iteration 50 with accuracies 
[1.27908847e-08]
not reaching the requested tolerance 1e-09.
Use iteration 51 instead with accuracy 
1.279088469587878e-08.

  values, vectors = lobpcg(projected_hamiltonian, guess, largest=False,
/home/erosanow_hpc/informed_swapping/BARK.py:156: UserWarning: Exited postprocessing with accuracies 
[1.27908846e-08]
not reaching the requested tolerance 1e-09.
  values, vectors = lobpcg(projected_hamiltonian, guess, largest=False,
/home/erosanow_hpc/informed_swapping/BARK.py:156: UserWarning: Exited at iteration 50 with accuracies 
[2.03494945e-08]
not reaching the requested tolerance 1e-09.
Use iteration 51 instead with accuracy 
2.0349494463106904e-08.

  values, vectors = lobpcg(projected_hamiltonian, guess, largest=False,
/home/erosanow_hpc/informed_swapping/BARK.py:156: UserWarning: Exited postprocessing with accuracies 
[2.03494944e-08]
not reaching the requested tolerance 1e-09.
  values, vectors = lobpcg(projected_hamiltonian, guess, largest=False,
/home/erosanow_hpc/informed_swapping/BARK.py:156: UserWarning: Exited at iteration 50 with accuracies 
[2.34295803e-08]
not reaching the requested tolerance 1e-09.
Use iteration 51 instead with accuracy 
2.3429580322730545e-08.

  values, vectors = lobpcg(projected_hamiltonian, guess, largest=False,
/home/erosanow_hpc/informed_swapping/BARK.py:156: UserWarning: Exited postprocessing with accuracies 
[2.34295806e-08]
not reaching the requested tolerance 1e-09.
  values, vectors = lobpcg(projected_hamiltonian, guess, largest=False,
/home/erosanow_hpc/informed_swapping/BARK.py:156: UserWarning: Exited at iteration 50 with accuracies 
[3.14584982e-08]
not reaching the requested tolerance 1e-09.
Use iteration 51 instead with accuracy 
3.145849821939289e-08.

  values, vectors = lobpcg(projected_hamiltonian, guess, largest=False,
/home/erosanow_hpc/informed_swapping/BARK.py:156: UserWarning: Exited postprocessing with accuracies 
[3.14584986e-08]
not reaching the requested tolerance 1e-09.
  values, vectors = lobpcg(projected_hamiltonian, guess, largest=False,
/home/erosanow_hpc/informed_swapping/BARK.py:156: UserWarning: Exited at iteration 50 with accuracies 
[4.90018259e-09]
not reaching the requested tolerance 1e-09.
Use iteration 51 instead with accuracy 
4.900182589725076e-09.

  values, vectors = lobpcg(projected_hamiltonian, guess, largest=False,
/home/erosanow_hpc/informed_swapping/BARK.py:156: UserWarning: Exited postprocessing with accuracies 
[4.90018273e-09]
not reaching the requested tolerance 1e-09.
  values, vectors = lobpcg(projected_hamiltonian, guess, largest=False,
/home/erosanow_hpc/informed_swapping/BARK.py:156: UserWarning: Exited at iteration 50 with accuracies 
[7.64802884e-09]
not reaching the requested tolerance 1e-09.
Use iteration 51 instead with accuracy 
7.64802884241382e-09.

  values, vectors = lobpcg(projected_hamiltonian, guess, largest=False,
/home/erosanow_hpc/informed_swapping/BARK.py:156: UserWarning: Exited postprocessing with accuracies 
[7.64802893e-09]
not reaching the requested tolerance 1e-09.
  values, vectors = lobpcg(projected_hamiltonian, guess, largest=False,
/home/erosanow_hpc/informed_swapping/BARK.py:156: UserWarning: Exited at iteration 50 with accuracies 
[8.55828235e-09]
not reaching the requested tolerance 1e-09.
Use iteration 51 instead with accuracy 
8.55828234500579e-09.

  values, vectors = lobpcg(projected_hamiltonian, guess, largest=False,
/home/erosanow_hpc/informed_swapping/BARK.py:156: UserWarning: Exited postprocessing with accuracies 
[8.55828246e-09]
not reaching the requested tolerance 1e-09.
  values, vectors = lobpcg(projected_hamiltonian, guess, largest=False,
/home/erosanow_hpc/informed_swapping/BARK.py:156: UserWarning: Exited at iteration 50 with accuracies 
[1.12130023e-08]
not reaching the requested tolerance 1e-09.
Use iteration 51 instead with accuracy 
1.1213002258041938e-08.

  values, vectors = lobpcg(projected_hamiltonian, guess, largest=False,
/home/erosanow_hpc/informed_swapping/BARK.py:156: UserWarning: Exited postprocessing with accuracies 
[1.12130018e-08]
not reaching the requested tolerance 1e-09.
  values, vectors = lobpcg(projected_hamiltonian, guess, largest=False,
/home/erosanow_hpc/informed_swapping/BARK.py:156: UserWarning: Exited at iteration 50 with accuracies 
[8.49213155e-09]
not reaching the requested tolerance 1e-09.
Use iteration 51 instead with accuracy 
8.492131548764178e-09.

  values, vectors = lobpcg(projected_hamiltonian, guess, largest=False,
/home/erosanow_hpc/informed_swapping/BARK.py:156: UserWarning: Exited postprocessing with accuracies 
[8.49213136e-09]
not reaching the requested tolerance 1e-09.
  values, vectors = lobpcg(projected_hamiltonian, guess, largest=False,
/home/erosanow_hpc/informed_swapping/BARK.py:156: UserWarning: Exited at iteration 50 with accuracies 
[1.35629669e-08]
not reaching the requested tolerance 1e-09.
Use iteration 51 instead with accuracy 
1.3562966887304046e-08.

  values, vectors = lobpcg(projected_hamiltonian, guess, largest=False,
/home/erosanow_hpc/informed_swapping/BARK.py:156: UserWarning: Exited postprocessing with accuracies 
[1.35629669e-08]
not reaching the requested tolerance 1e-09.
  values, vectors = lobpcg(projected_hamiltonian, guess, largest=False,
/home/erosanow_hpc/informed_swapping/BARK.py:156: UserWarning: Exited at iteration 50 with accuracies 
[1.50406443e-08]
not reaching the requested tolerance 1e-09.
Use iteration 51 instead with accuracy 
1.504064434475601e-08.

  values, vectors = lobpcg(projected_hamiltonian, guess, largest=False,
/home/erosanow_hpc/informed_swapping/BARK.py:156: UserWarning: Exited postprocessing with accuracies 
[1.50406442e-08]
not reaching the requested tolerance 1e-09.
  values, vectors = lobpcg(projected_hamiltonian, guess, largest=False,
/home/erosanow_hpc/informed_swapping/BARK.py:156: UserWarning: Exited at iteration 50 with accuracies 
[2.02074326e-08]
not reaching the requested tolerance 1e-09.
Use iteration 51 instead with accuracy 
2.020743255586596e-08.

  values, vectors = lobpcg(projected_hamiltonian, guess, largest=False,
/home/erosanow_hpc/informed_swapping/BARK.py:156: UserWarning: Exited postprocessing with accuracies 
[2.02074328e-08]
not reaching the requested tolerance 1e-09.
  values, vectors = lobpcg(projected_hamiltonian, guess, largest=False,
/home/erosanow_hpc/informed_swapping/BARK.py:156: UserWarning: Exited at iteration 50 with accuracies 
[9.56697114e-09]
not reaching the requested tolerance 1e-09.
Use iteration 51 instead with accuracy 
9.566971141822251e-09.

  values, vectors = lobpcg(projected_hamiltonian, guess, largest=False,
/home/erosanow_hpc/informed_swapping/BARK.py:156: UserWarning: Exited postprocessing with accuracies 
[9.56697119e-09]
not reaching the requested tolerance 1e-09.
  values, vectors = lobpcg(projected_hamiltonian, guess, largest=False,
/home/erosanow_hpc/informed_swapping/BARK.py:156: UserWarning: Exited at iteration 50 with accuracies 
[1.47670357e-08]
not reaching the requested tolerance 1e-09.
Use iteration 51 instead with accuracy 
1.4767035667149985e-08.

  values, vectors = lobpcg(projected_hamiltonian, guess, largest=False,
/home/erosanow_hpc/informed_swapping/BARK.py:156: UserWarning: Exited postprocessing with accuracies 
[1.47670357e-08]
not reaching the requested tolerance 1e-09.
  values, vectors = lobpcg(projected_hamiltonian, guess, largest=False,
/home/erosanow_hpc/informed_swapping/BARK.py:156: UserWarning: Exited at iteration 50 with accuracies 
[1.69901508e-08]
not reaching the requested tolerance 1e-09.
Use iteration 51 instead with accuracy 
1.699015083046292e-08.

  values, vectors = lobpcg(projected_hamiltonian, guess, largest=False,
/home/erosanow_hpc/informed_swapping/BARK.py:156: UserWarning: Exited postprocessing with accuracies 
[1.69901509e-08]
not reaching the requested tolerance 1e-09.
  values, vectors = lobpcg(projected_hamiltonian, guess, largest=False,
/home/erosanow_hpc/informed_swapping/BARK.py:156: UserWarning: Exited at iteration 50 with accuracies 
[2.30553472e-08]
not reaching the requested tolerance 1e-09.
Use iteration 51 instead with accuracy 
2.3055347202642943e-08.

  values, vectors = lobpcg(projected_hamiltonian, guess, largest=False,
/home/erosanow_hpc/informed_swapping/BARK.py:156: UserWarning: Exited postprocessing with accuracies 
[2.30553471e-08]
not reaching the requested tolerance 1e-09.
  values, vectors = lobpcg(projected_hamiltonian, guess, largest=False,
/home/erosanow_hpc/informed_swapping/BARK.py:156: UserWarning: Exited at iteration 50 with accuracies 
[1.66277384e-08]
not reaching the requested tolerance 1e-09.
Use iteration 51 instead with accuracy 
1.6627738411970572e-08.

  values, vectors = lobpcg(projected_hamiltonian, guess, largest=False,
/home/erosanow_hpc/informed_swapping/BARK.py:156: UserWarning: Exited postprocessing with accuracies 
[1.66277387e-08]
not reaching the requested tolerance 1e-09.
  values, vectors = lobpcg(projected_hamiltonian, guess, largest=False,
/home/erosanow_hpc/informed_swapping/BARK.py:156: UserWarning: Exited at iteration 50 with accuracies 
[2.62823395e-08]
not reaching the requested tolerance 1e-09.
Use iteration 51 instead with accuracy 
2.6282339471083437e-08.

  values, vectors = lobpcg(projected_hamiltonian, guess, largest=False,
/home/erosanow_hpc/informed_swapping/BARK.py:156: UserWarning: Exited postprocessing with accuracies 
[2.62823395e-08]
not reaching the requested tolerance 1e-09.
  values, vectors = lobpcg(projected_hamiltonian, guess, largest=False,
/home/erosanow_hpc/informed_swapping/BARK.py:156: UserWarning: Exited at iteration 50 with accuracies 
[2.987909e-08]
not reaching the requested tolerance 1e-09.
Use iteration 51 instead with accuracy 
2.987908998387146e-08.

  values, vectors = lobpcg(projected_hamiltonian, guess, largest=False,
/home/erosanow_hpc/informed_swapping/BARK.py:156: UserWarning: Exited postprocessing with accuracies 
[2.98790899e-08]
not reaching the requested tolerance 1e-09.
  values, vectors = lobpcg(projected_hamiltonian, guess, largest=False,
/home/erosanow_hpc/informed_swapping/BARK.py:156: UserWarning: Exited at iteration 50 with accuracies 
[4.01069049e-08]
not reaching the requested tolerance 1e-09.
Use iteration 51 instead with accuracy 
4.0106904949085236e-08.

  values, vectors = lobpcg(projected_hamiltonian, guess, largest=False,
/home/erosanow_hpc/informed_swapping/BARK.py:156: UserWarning: Exited postprocessing with accuracies 
[4.01069049e-08]
not reaching the requested tolerance 1e-09.
  values, vectors = lobpcg(projected_hamiltonian, guess, largest=False,
/home/erosanow_hpc/informed_swapping/BARK.py:156: UserWarning: Exited at iteration 50 with accuracies 
[2.54132073e-08]
not reaching the requested tolerance 1e-09.
Use iteration 51 instead with accuracy 
2.5413207346196365e-08.

  values, vectors = lobpcg(projected_hamiltonian, guess, largest=False,
/home/erosanow_hpc/informed_swapping/BARK.py:156: UserWarning: Exited postprocessing with accuracies 
[2.54132072e-08]
not reaching the requested tolerance 1e-09.
  values, vectors = lobpcg(projected_hamiltonian, guess, largest=False,
/home/erosanow_hpc/informed_swapping/BARK.py:156: UserWarning: Exited at iteration 50 with accuracies 
[3.76472903e-08]
not reaching the requested tolerance 1e-09.
Use iteration 51 instead with accuracy 
3.764729032969225e-08.

  values, vectors = lobpcg(projected_hamiltonian, guess, largest=False,
/home/erosanow_hpc/informed_swapping/BARK.py:156: UserWarning: Exited postprocessing with accuracies 
[3.76472903e-08]
not reaching the requested tolerance 1e-09.
  values, vectors = lobpcg(projected_hamiltonian, guess, largest=False,
/home/erosanow_hpc/informed_swapping/BARK.py:156: UserWarning: Exited at iteration 50 with accuracies 
[4.26827072e-08]
not reaching the requested tolerance 1e-09.
Use iteration 51 instead with accuracy 
4.268270719063093e-08.

  values, vectors = lobpcg(projected_hamiltonian, guess, largest=False,
/home/erosanow_hpc/informed_swapping/BARK.py:156: UserWarning: Exited postprocessing with accuracies 
[4.26827077e-08]
not reaching the requested tolerance 1e-09.
  values, vectors = lobpcg(projected_hamiltonian, guess, largest=False,
/home/erosanow_hpc/informed_swapping/BARK.py:156: UserWarning: Exited at iteration 50 with accuracies 
[5.3683809e-08]
not reaching the requested tolerance 1e-09.
Use iteration 51 instead with accuracy 
5.368380898804047e-08.

  values, vectors = lobpcg(projected_hamiltonian, guess, largest=False,
/home/erosanow_hpc/informed_swapping/BARK.py:156: UserWarning: Exited postprocessing with accuracies 
[5.3683809e-08]
not reaching the requested tolerance 1e-09.
  values, vectors = lobpcg(projected_hamiltonian, guess, largest=False,
/home/erosanow_hpc/informed_swapping/BARK.py:156: UserWarning: Exited at iteration 50 with accuracies 
[4.50253117e-08]
not reaching the requested tolerance 1e-09.
Use iteration 51 instead with accuracy 
4.5025311709215285e-08.

  values, vectors = lobpcg(projected_hamiltonian, guess, largest=False,
/home/erosanow_hpc/informed_swapping/BARK.py:156: UserWarning: Exited postprocessing with accuracies 
[4.5025312e-08]
not reaching the requested tolerance 1e-09.
  values, vectors = lobpcg(projected_hamiltonian, guess, largest=False,
/home/erosanow_hpc/informed_swapping/BARK.py:156: UserWarning: Exited at iteration 50 with accuracies 
[6.90463598e-08]
not reaching the requested tolerance 1e-09.
Use iteration 51 instead with accuracy 
6.904635975914562e-08.

  values, vectors = lobpcg(projected_hamiltonian, guess, largest=False,
/home/erosanow_hpc/informed_swapping/BARK.py:156: UserWarning: Exited postprocessing with accuracies 
[6.90463598e-08]
not reaching the requested tolerance 1e-09.
  values, vectors = lobpcg(projected_hamiltonian, guess, largest=False,
/home/erosanow_hpc/informed_swapping/BARK.py:156: UserWarning: Exited at iteration 50 with accuracies 
[7.40298866e-08]
not reaching the requested tolerance 1e-09.
Use iteration 51 instead with accuracy 
7.402988663853125e-08.

  values, vectors = lobpcg(projected_hamiltonian, guess, largest=False,
/home/erosanow_hpc/informed_swapping/BARK.py:156: UserWarning: Exited postprocessing with accuracies 
[7.40298869e-08]
not reaching the requested tolerance 1e-09.
  values, vectors = lobpcg(projected_hamiltonian, guess, largest=False,
/home/erosanow_hpc/informed_swapping/BARK.py:156: UserWarning: Exited at iteration 50 with accuracies 
[9.60928085e-08]
not reaching the requested tolerance 1e-09.
Use iteration 51 instead with accuracy 
9.609280848264569e-08.

  values, vectors = lobpcg(projected_hamiltonian, guess, largest=False,
/home/erosanow_hpc/informed_swapping/BARK.py:156: UserWarning: Exited postprocessing with accuracies 
[9.60928091e-08]
not reaching the requested tolerance 1e-09.
  values, vectors = lobpcg(projected_hamiltonian, guess, largest=False,
/home/erosanow_hpc/informed_swapping/BARK.py:156: UserWarning: Exited at iteration 50 with accuracies 
[4.89313985e-08]
not reaching the requested tolerance 1e-09.
Use iteration 51 instead with accuracy 
4.893139854553063e-08.

  values, vectors = lobpcg(projected_hamiltonian, guess, largest=False,
/home/erosanow_hpc/informed_swapping/BARK.py:156: UserWarning: Exited postprocessing with accuracies 
[4.89313989e-08]
not reaching the requested tolerance 1e-09.
  values, vectors = lobpcg(projected_hamiltonian, guess, largest=False,
/home/erosanow_hpc/informed_swapping/BARK.py:156: UserWarning: Exited at iteration 50 with accuracies 
[7.44461311e-08]
not reaching the requested tolerance 1e-09.
Use iteration 51 instead with accuracy 
7.444613107163822e-08.

  values, vectors = lobpcg(projected_hamiltonian, guess, largest=False,
/home/erosanow_hpc/informed_swapping/BARK.py:156: UserWarning: Exited postprocessing with accuracies 
[7.44461312e-08]
not reaching the requested tolerance 1e-09.
  values, vectors = lobpcg(projected_hamiltonian, guess, largest=False,
/home/erosanow_hpc/informed_swapping/BARK.py:156: UserWarning: Exited at iteration 50 with accuracies 
[8.6668784e-08]
not reaching the requested tolerance 1e-09.
Use iteration 51 instead with accuracy 
8.666878399885655e-08.

  values, vectors = lobpcg(projected_hamiltonian, guess, largest=False,
/home/erosanow_hpc/informed_swapping/BARK.py:156: UserWarning: Exited postprocessing with accuracies 
[8.66687837e-08]
not reaching the requested tolerance 1e-09.
  values, vectors = lobpcg(projected_hamiltonian, guess, largest=False,
/home/erosanow_hpc/informed_swapping/BARK.py:156: UserWarning: Exited at iteration 50 with accuracies 
[1.13572813e-07]
not reaching the requested tolerance 1e-09.
Use iteration 51 instead with accuracy 
1.1357281265143767e-07.

  values, vectors = lobpcg(projected_hamiltonian, guess, largest=False,
/home/erosanow_hpc/informed_swapping/BARK.py:156: UserWarning: Exited postprocessing with accuracies 
[1.13572813e-07]
not reaching the requested tolerance 1e-09.
  values, vectors = lobpcg(projected_hamiltonian, guess, largest=False,
/home/erosanow_hpc/informed_swapping/BARK.py:156: UserWarning: Exited at iteration 50 with accuracies 
[9.09519641e-08]
not reaching the requested tolerance 1e-09.
Use iteration 51 instead with accuracy 
9.095196406285672e-08.

  values, vectors = lobpcg(projected_hamiltonian, guess, largest=False,
/home/erosanow_hpc/informed_swapping/BARK.py:156: UserWarning: Exited postprocessing with accuracies 
[9.0951964e-08]
not reaching the requested tolerance 1e-09.
  values, vectors = lobpcg(projected_hamiltonian, guess, largest=False,
/home/erosanow_hpc/informed_swapping/BARK.py:156: UserWarning: Exited at iteration 50 with accuracies 
[1.45092297e-07]
not reaching the requested tolerance 1e-09.
Use iteration 51 instead with accuracy 
1.450922971398859e-07.

  values, vectors = lobpcg(projected_hamiltonian, guess, largest=False,
/home/erosanow_hpc/informed_swapping/BARK.py:156: UserWarning: Exited postprocessing with accuracies 
[1.45092297e-07]
not reaching the requested tolerance 1e-09.
  values, vectors = lobpcg(projected_hamiltonian, guess, largest=False,
/home/erosanow_hpc/informed_swapping/BARK.py:156: UserWarning: Exited at iteration 50 with accuracies 
[1.59797441e-07]
not reaching the requested tolerance 1e-09.
Use iteration 51 instead with accuracy 
1.5979744114512962e-07.

  values, vectors = lobpcg(projected_hamiltonian, guess, largest=False,
/home/erosanow_hpc/informed_swapping/BARK.py:156: UserWarning: Exited postprocessing with accuracies 
[1.59797441e-07]
not reaching the requested tolerance 1e-09.
  values, vectors = lobpcg(projected_hamiltonian, guess, largest=False,
/home/erosanow_hpc/informed_swapping/BARK.py:156: UserWarning: Exited at iteration 50 with accuracies 
[2.17723687e-07]
not reaching the requested tolerance 1e-09.
Use iteration 51 instead with accuracy 
2.1772368737815402e-07.

  values, vectors = lobpcg(projected_hamiltonian, guess, largest=False,
/home/erosanow_hpc/informed_swapping/BARK.py:156: UserWarning: Exited postprocessing with accuracies 
[2.17723687e-07]
not reaching the requested tolerance 1e-09.
  values, vectors = lobpcg(projected_hamiltonian, guess, largest=False,
/home/erosanow_hpc/informed_swapping/BARK.py:156: UserWarning: Exited at iteration 50 with accuracies 
[7.4273083e-09]
not reaching the requested tolerance 1e-09.
Use iteration 51 instead with accuracy 
7.42730830464444e-09.

  values, vectors = lobpcg(projected_hamiltonian, guess, largest=False,
/home/erosanow_hpc/informed_swapping/BARK.py:156: UserWarning: Exited postprocessing with accuracies 
[7.42730788e-09]
not reaching the requested tolerance 1e-09.
  values, vectors = lobpcg(projected_hamiltonian, guess, largest=False,
/home/erosanow_hpc/informed_swapping/BARK.py:156: UserWarning: Exited at iteration 50 with accuracies 
[1.14802246e-08]
not reaching the requested tolerance 1e-09.
Use iteration 51 instead with accuracy 
1.1480224563038132e-08.

  values, vectors = lobpcg(projected_hamiltonian, guess, largest=False,
/home/erosanow_hpc/informed_swapping/BARK.py:156: UserWarning: Exited postprocessing with accuracies 
[1.14802244e-08]
not reaching the requested tolerance 1e-09.
  values, vectors = lobpcg(projected_hamiltonian, guess, largest=False,
/home/erosanow_hpc/informed_swapping/BARK.py:156: UserWarning: Exited at iteration 50 with accuracies 
[1.33522154e-08]
not reaching the requested tolerance 1e-09.
Use iteration 51 instead with accuracy 
1.3352215361558862e-08.

  values, vectors = lobpcg(projected_hamiltonian, guess, largest=False,
/home/erosanow_hpc/informed_swapping/BARK.py:156: UserWarning: Exited postprocessing with accuracies 
[1.33522155e-08]
not reaching the requested tolerance 1e-09.
  values, vectors = lobpcg(projected_hamiltonian, guess, largest=False,
/home/erosanow_hpc/informed_swapping/BARK.py:156: UserWarning: Exited at iteration 50 with accuracies 
[1.69560172e-08]
not reaching the requested tolerance 1e-09.
Use iteration 51 instead with accuracy 
1.6956017221864847e-08.

  values, vectors = lobpcg(projected_hamiltonian, guess, largest=False,
/home/erosanow_hpc/informed_swapping/BARK.py:156: UserWarning: Exited postprocessing with accuracies 
[1.69560175e-08]
not reaching the requested tolerance 1e-09.
  values, vectors = lobpcg(projected_hamiltonian, guess, largest=False,
/home/erosanow_hpc/informed_swapping/BARK.py:156: UserWarning: Exited at iteration 50 with accuracies 
[1.37227251e-08]
not reaching the requested tolerance 1e-09.
Use iteration 51 instead with accuracy 
1.3722725082210847e-08.

  values, vectors = lobpcg(projected_hamiltonian, guess, largest=False,
/home/erosanow_hpc/informed_swapping/BARK.py:156: UserWarning: Exited postprocessing with accuracies 
[1.37227256e-08]
not reaching the requested tolerance 1e-09.
  values, vectors = lobpcg(projected_hamiltonian, guess, largest=False,
/home/erosanow_hpc/informed_swapping/BARK.py:156: UserWarning: Exited at iteration 50 with accuracies 
[2.15875831e-08]
not reaching the requested tolerance 1e-09.
Use iteration 51 instead with accuracy 
2.158758308695648e-08.

  values, vectors = lobpcg(projected_hamiltonian, guess, largest=False,
/home/erosanow_hpc/informed_swapping/BARK.py:156: UserWarning: Exited postprocessing with accuracies 
[2.15875831e-08]
not reaching the requested tolerance 1e-09.
  values, vectors = lobpcg(projected_hamiltonian, guess, largest=False,
/home/erosanow_hpc/informed_swapping/BARK.py:156: UserWarning: Exited at iteration 50 with accuracies 
[2.25532342e-08]
not reaching the requested tolerance 1e-09.
Use iteration 51 instead with accuracy 
2.2553234233311793e-08.

  values, vectors = lobpcg(projected_hamiltonian, guess, largest=False,
/home/erosanow_hpc/informed_swapping/BARK.py:156: UserWarning: Exited postprocessing with accuracies 
[2.25532343e-08]
not reaching the requested tolerance 1e-09.
  values, vectors = lobpcg(projected_hamiltonian, guess, largest=False,
/home/erosanow_hpc/informed_swapping/BARK.py:156: UserWarning: Exited at iteration 50 with accuracies 
[2.99034118e-08]
not reaching the requested tolerance 1e-09.
Use iteration 51 instead with accuracy 
2.990341178294843e-08.

  values, vectors = lobpcg(projected_hamiltonian, guess, largest=False,
/home/erosanow_hpc/informed_swapping/BARK.py:156: UserWarning: Exited postprocessing with accuracies 
[2.99034119e-08]
not reaching the requested tolerance 1e-09.
  values, vectors = lobpcg(projected_hamiltonian, guess, largest=False,
/home/erosanow_hpc/informed_swapping/BARK.py:156: UserWarning: Exited at iteration 50 with accuracies 
[1.3701287e-08]
not reaching the requested tolerance 1e-09.
Use iteration 51 instead with accuracy 
1.3701286952595533e-08.

  values, vectors = lobpcg(projected_hamiltonian, guess, largest=False,
/home/erosanow_hpc/informed_swapping/BARK.py:156: UserWarning: Exited postprocessing with accuracies 
[1.37012869e-08]
not reaching the requested tolerance 1e-09.
  values, vectors = lobpcg(projected_hamiltonian, guess, largest=False,
/home/erosanow_hpc/informed_swapping/BARK.py:156: UserWarning: Exited at iteration 50 with accuracies 
[2.11923443e-08]
not reaching the requested tolerance 1e-09.
Use iteration 51 instead with accuracy 
2.119234428068263e-08.

  values, vectors = lobpcg(projected_hamiltonian, guess, largest=False,
/home/erosanow_hpc/informed_swapping/BARK.py:156: UserWarning: Exited postprocessing with accuracies 
[2.11923449e-08]
not reaching the requested tolerance 1e-09.
  values, vectors = lobpcg(projected_hamiltonian, guess, largest=False,
/home/erosanow_hpc/informed_swapping/BARK.py:156: UserWarning: Exited at iteration 50 with accuracies 
[2.4266207e-08]
not reaching the requested tolerance 1e-09.
Use iteration 51 instead with accuracy 
2.4266207029609172e-08.

  values, vectors = lobpcg(projected_hamiltonian, guess, largest=False,
/home/erosanow_hpc/informed_swapping/BARK.py:156: UserWarning: Exited postprocessing with accuracies 
[2.42662067e-08]
not reaching the requested tolerance 1e-09.
  values, vectors = lobpcg(projected_hamiltonian, guess, largest=False,
/home/erosanow_hpc/informed_swapping/BARK.py:156: UserWarning: Exited at iteration 50 with accuracies 
[3.15940658e-08]
not reaching the requested tolerance 1e-09.
Use iteration 51 instead with accuracy 
3.159406582395224e-08.

  values, vectors = lobpcg(projected_hamiltonian, guess, largest=False,
/home/erosanow_hpc/informed_swapping/BARK.py:156: UserWarning: Exited postprocessing with accuracies 
[3.1594066e-08]
not reaching the requested tolerance 1e-09.
  values, vectors = lobpcg(projected_hamiltonian, guess, largest=False,
/home/erosanow_hpc/informed_swapping/BARK.py:156: UserWarning: Exited at iteration 50 with accuracies 
[2.5825577e-08]
not reaching the requested tolerance 1e-09.
Use iteration 51 instead with accuracy 
2.5825577043549325e-08.

  values, vectors = lobpcg(projected_hamiltonian, guess, largest=False,
/home/erosanow_hpc/informed_swapping/BARK.py:156: UserWarning: Exited postprocessing with accuracies 
[2.58255768e-08]
not reaching the requested tolerance 1e-09.
  values, vectors = lobpcg(projected_hamiltonian, guess, largest=False,
/home/erosanow_hpc/informed_swapping/BARK.py:156: UserWarning: Exited at iteration 50 with accuracies 
[4.06908284e-08]
not reaching the requested tolerance 1e-09.
Use iteration 51 instead with accuracy 
4.069082839957482e-08.

  values, vectors = lobpcg(projected_hamiltonian, guess, largest=False,
/home/erosanow_hpc/informed_swapping/BARK.py:156: UserWarning: Exited postprocessing with accuracies 
[4.06908281e-08]
not reaching the requested tolerance 1e-09.
  values, vectors = lobpcg(projected_hamiltonian, guess, largest=False,
/home/erosanow_hpc/informed_swapping/BARK.py:156: UserWarning: Exited at iteration 50 with accuracies 
[4.36369975e-08]
not reaching the requested tolerance 1e-09.
Use iteration 51 instead with accuracy 
4.3636997499907825e-08.

  values, vectors = lobpcg(projected_hamiltonian, guess, largest=False,
/home/erosanow_hpc/informed_swapping/BARK.py:156: UserWarning: Exited postprocessing with accuracies 
[4.36369975e-08]
not reaching the requested tolerance 1e-09.
  values, vectors = lobpcg(projected_hamiltonian, guess, largest=False,
/home/erosanow_hpc/informed_swapping/BARK.py:156: UserWarning: Exited at iteration 50 with accuracies 
[5.81403053e-08]
not reaching the requested tolerance 1e-09.
Use iteration 51 instead with accuracy 
5.814030532976131e-08.

  values, vectors = lobpcg(projected_hamiltonian, guess, largest=False,
/home/erosanow_hpc/informed_swapping/BARK.py:156: UserWarning: Exited postprocessing with accuracies 
[5.81403052e-08]
not reaching the requested tolerance 1e-09.
  values, vectors = lobpcg(projected_hamiltonian, guess, largest=False,
/home/erosanow_hpc/informed_swapping/BARK.py:156: UserWarning: Exited at iteration 50 with accuracies 
[3.49183791e-08]
not reaching the requested tolerance 1e-09.
Use iteration 51 instead with accuracy 
3.491837911531608e-08.

  values, vectors = lobpcg(projected_hamiltonian, guess, largest=False,
/home/erosanow_hpc/informed_swapping/BARK.py:156: UserWarning: Exited postprocessing with accuracies 
[3.49183789e-08]
not reaching the requested tolerance 1e-09.
  values, vectors = lobpcg(projected_hamiltonian, guess, largest=False,
/home/erosanow_hpc/informed_swapping/BARK.py:156: UserWarning: Exited at iteration 50 with accuracies 
[5.22583437e-08]
not reaching the requested tolerance 1e-09.
Use iteration 51 instead with accuracy 
5.225834374119972e-08.

  values, vectors = lobpcg(projected_hamiltonian, guess, largest=False,
/home/erosanow_hpc/informed_swapping/BARK.py:156: UserWarning: Exited postprocessing with accuracies 
[5.22583436e-08]
not reaching the requested tolerance 1e-09.
  values, vectors = lobpcg(projected_hamiltonian, guess, largest=False,
/home/erosanow_hpc/informed_swapping/BARK.py:156: UserWarning: Exited at iteration 50 with accuracies 
[5.95979675e-08]
not reaching the requested tolerance 1e-09.
Use iteration 51 instead with accuracy 
5.959796754206029e-08.

  values, vectors = lobpcg(projected_hamiltonian, guess, largest=False,
/home/erosanow_hpc/informed_swapping/BARK.py:156: UserWarning: Exited postprocessing with accuracies 
[5.95979674e-08]
not reaching the requested tolerance 1e-09.
  values, vectors = lobpcg(projected_hamiltonian, guess, largest=False,
/home/erosanow_hpc/informed_swapping/BARK.py:156: UserWarning: Exited at iteration 50 with accuracies 
[7.61519506e-08]
not reaching the requested tolerance 1e-09.
Use iteration 51 instead with accuracy 
7.615195057296739e-08.

  values, vectors = lobpcg(projected_hamiltonian, guess, largest=False,
/home/erosanow_hpc/informed_swapping/BARK.py:156: UserWarning: Exited postprocessing with accuracies 
[7.61519508e-08]
not reaching the requested tolerance 1e-09.
  values, vectors = lobpcg(projected_hamiltonian, guess, largest=False,
/home/erosanow_hpc/informed_swapping/BARK.py:156: UserWarning: Exited at iteration 50 with accuracies 
[6.11589588e-08]
not reaching the requested tolerance 1e-09.
Use iteration 51 instead with accuracy 
6.115895876987521e-08.

  values, vectors = lobpcg(projected_hamiltonian, guess, largest=False,
/home/erosanow_hpc/informed_swapping/BARK.py:156: UserWarning: Exited postprocessing with accuracies 
[6.1158959e-08]
not reaching the requested tolerance 1e-09.
  values, vectors = lobpcg(projected_hamiltonian, guess, largest=False,
/home/erosanow_hpc/informed_swapping/BARK.py:156: UserWarning: Exited at iteration 50 with accuracies 
[9.41568523e-08]
not reaching the requested tolerance 1e-09.
Use iteration 51 instead with accuracy 
9.4156852272516e-08.

  values, vectors = lobpcg(projected_hamiltonian, guess, largest=False,
/home/erosanow_hpc/informed_swapping/BARK.py:156: UserWarning: Exited postprocessing with accuracies 
[9.41568524e-08]
not reaching the requested tolerance 1e-09.
  values, vectors = lobpcg(projected_hamiltonian, guess, largest=False,
/home/erosanow_hpc/informed_swapping/BARK.py:156: UserWarning: Exited at iteration 50 with accuracies 
[9.97052368e-08]
not reaching the requested tolerance 1e-09.
Use iteration 51 instead with accuracy 
9.97052368417471e-08.

  values, vectors = lobpcg(projected_hamiltonian, guess, largest=False,
/home/erosanow_hpc/informed_swapping/BARK.py:156: UserWarning: Exited postprocessing with accuracies 
[9.97052367e-08]
not reaching the requested tolerance 1e-09.
  values, vectors = lobpcg(projected_hamiltonian, guess, largest=False,
/home/erosanow_hpc/informed_swapping/BARK.py:156: UserWarning: Exited at iteration 50 with accuracies 
[1.29882717e-07]
not reaching the requested tolerance 1e-09.
Use iteration 51 instead with accuracy 
1.2988271693033758e-07.

  values, vectors = lobpcg(projected_hamiltonian, guess, largest=False,
/home/erosanow_hpc/informed_swapping/BARK.py:156: UserWarning: Exited postprocessing with accuracies 
[1.29882717e-07]
not reaching the requested tolerance 1e-09.
  values, vectors = lobpcg(projected_hamiltonian, guess, largest=False,
/home/erosanow_hpc/informed_swapping/BARK.py:156: UserWarning: Exited at iteration 50 with accuracies 
[6.37959513e-08]
not reaching the requested tolerance 1e-09.
Use iteration 51 instead with accuracy 
6.3795951343003e-08.

  values, vectors = lobpcg(projected_hamiltonian, guess, largest=False,
/home/erosanow_hpc/informed_swapping/BARK.py:156: UserWarning: Exited postprocessing with accuracies 
[6.3795951e-08]
not reaching the requested tolerance 1e-09.
  values, vectors = lobpcg(projected_hamiltonian, guess, largest=False,
/home/erosanow_hpc/informed_swapping/BARK.py:156: UserWarning: Exited at iteration 50 with accuracies 
[9.67880335e-08]
not reaching the requested tolerance 1e-09.
Use iteration 51 instead with accuracy 
9.678803350385701e-08.

  values, vectors = lobpcg(projected_hamiltonian, guess, largest=False,
/home/erosanow_hpc/informed_swapping/BARK.py:156: UserWarning: Exited postprocessing with accuracies 
[9.67880336e-08]
not reaching the requested tolerance 1e-09.
  values, vectors = lobpcg(projected_hamiltonian, guess, largest=False,
/home/erosanow_hpc/informed_swapping/BARK.py:156: UserWarning: Exited at iteration 50 with accuracies 
[1.1243968e-07]
not reaching the requested tolerance 1e-09.
Use iteration 51 instead with accuracy 
1.1243968011983093e-07.

  values, vectors = lobpcg(projected_hamiltonian, guess, largest=False,
/home/erosanow_hpc/informed_swapping/BARK.py:156: UserWarning: Exited postprocessing with accuracies 
[1.1243968e-07]
not reaching the requested tolerance 1e-09.
  values, vectors = lobpcg(projected_hamiltonian, guess, largest=False,
/home/erosanow_hpc/informed_swapping/BARK.py:156: UserWarning: Exited at iteration 50 with accuracies 
[1.46122956e-07]
not reaching the requested tolerance 1e-09.
Use iteration 51 instead with accuracy 
1.461229558513198e-07.

  values, vectors = lobpcg(projected_hamiltonian, guess, largest=False,
/home/erosanow_hpc/informed_swapping/BARK.py:156: UserWarning: Exited postprocessing with accuracies 
[1.46122956e-07]
not reaching the requested tolerance 1e-09.
  values, vectors = lobpcg(projected_hamiltonian, guess, largest=False,
/home/erosanow_hpc/informed_swapping/BARK.py:156: UserWarning: Exited at iteration 50 with accuracies 
[1.21177189e-07]
not reaching the requested tolerance 1e-09.
Use iteration 51 instead with accuracy 
1.2117718917175618e-07.

  values, vectors = lobpcg(projected_hamiltonian, guess, largest=False,
/home/erosanow_hpc/informed_swapping/BARK.py:156: UserWarning: Exited postprocessing with accuracies 
[1.21177189e-07]
not reaching the requested tolerance 1e-09.
  values, vectors = lobpcg(projected_hamiltonian, guess, largest=False,
/home/erosanow_hpc/informed_swapping/BARK.py:156: UserWarning: Exited at iteration 50 with accuracies 
[1.92011145e-07]
not reaching the requested tolerance 1e-09.
Use iteration 51 instead with accuracy 
1.9201114475381547e-07.

  values, vectors = lobpcg(projected_hamiltonian, guess, largest=False,
/home/erosanow_hpc/informed_swapping/BARK.py:156: UserWarning: Exited postprocessing with accuracies 
[1.92011145e-07]
not reaching the requested tolerance 1e-09.
  values, vectors = lobpcg(projected_hamiltonian, guess, largest=False,
/home/erosanow_hpc/informed_swapping/BARK.py:156: UserWarning: Exited at iteration 50 with accuracies 
[2.07582572e-07]
not reaching the requested tolerance 1e-09.
Use iteration 51 instead with accuracy 
2.0758257163694225e-07.

  values, vectors = lobpcg(projected_hamiltonian, guess, largest=False,
/home/erosanow_hpc/informed_swapping/BARK.py:156: UserWarning: Exited postprocessing with accuracies 
[2.07582572e-07]
not reaching the requested tolerance 1e-09.
  values, vectors = lobpcg(projected_hamiltonian, guess, largest=False,
/home/erosanow_hpc/informed_swapping/BARK.py:156: UserWarning: Exited at iteration 50 with accuracies 
[2.80725513e-07]
not reaching the requested tolerance 1e-09.
Use iteration 51 instead with accuracy 
2.807255125537054e-07.

  values, vectors = lobpcg(projected_hamiltonian, guess, largest=False,
/home/erosanow_hpc/informed_swapping/BARK.py:156: UserWarning: Exited postprocessing with accuracies 
[2.80725513e-07]
not reaching the requested tolerance 1e-09.
  values, vectors = lobpcg(projected_hamiltonian, guess, largest=False,
/home/erosanow_hpc/informed_swapping/BARK.py:156: UserWarning: Exited at iteration 50 with accuracies 
[5.35448168e-08]
not reaching the requested tolerance 1e-09.
Use iteration 51 instead with accuracy 
5.354481683428725e-08.

  values, vectors = lobpcg(projected_hamiltonian, guess, largest=False,
/home/erosanow_hpc/informed_swapping/BARK.py:156: UserWarning: Exited postprocessing with accuracies 
[5.35448166e-08]
not reaching the requested tolerance 1e-09.
  values, vectors = lobpcg(projected_hamiltonian, guess, largest=False,
/home/erosanow_hpc/informed_swapping/BARK.py:156: UserWarning: Exited at iteration 50 with accuracies 
[7.98172252e-08]
not reaching the requested tolerance 1e-09.
Use iteration 51 instead with accuracy 
7.981722515989546e-08.

  values, vectors = lobpcg(projected_hamiltonian, guess, largest=False,
/home/erosanow_hpc/informed_swapping/BARK.py:156: UserWarning: Exited postprocessing with accuracies 
[7.9817225e-08]
not reaching the requested tolerance 1e-09.
  values, vectors = lobpcg(projected_hamiltonian, guess, largest=False,
/home/erosanow_hpc/informed_swapping/BARK.py:156: UserWarning: Exited at iteration 50 with accuracies 
[9.1516208e-08]
not reaching the requested tolerance 1e-09.
Use iteration 51 instead with accuracy 
9.15162079560967e-08.

  values, vectors = lobpcg(projected_hamiltonian, guess, largest=False,
/home/erosanow_hpc/informed_swapping/BARK.py:156: UserWarning: Exited postprocessing with accuracies 
[9.15162085e-08]
not reaching the requested tolerance 1e-09.
  values, vectors = lobpcg(projected_hamiltonian, guess, largest=False,
/home/erosanow_hpc/informed_swapping/BARK.py:156: UserWarning: Exited at iteration 50 with accuracies 
[1.1656968e-07]
not reaching the requested tolerance 1e-09.
Use iteration 51 instead with accuracy 
1.1656968020772313e-07.

  values, vectors = lobpcg(projected_hamiltonian, guess, largest=False,
/home/erosanow_hpc/informed_swapping/BARK.py:156: UserWarning: Exited postprocessing with accuracies 
[1.1656968e-07]
not reaching the requested tolerance 1e-09.
  values, vectors = lobpcg(projected_hamiltonian, guess, largest=False,
/home/erosanow_hpc/informed_swapping/BARK.py:156: UserWarning: Exited at iteration 50 with accuracies 
[9.46100366e-08]
not reaching the requested tolerance 1e-09.
Use iteration 51 instead with accuracy 
9.461003662476477e-08.

  values, vectors = lobpcg(projected_hamiltonian, guess, largest=False,
/home/erosanow_hpc/informed_swapping/BARK.py:156: UserWarning: Exited postprocessing with accuracies 
[9.46100369e-08]
not reaching the requested tolerance 1e-09.
  values, vectors = lobpcg(projected_hamiltonian, guess, largest=False,
/home/erosanow_hpc/informed_swapping/BARK.py:156: UserWarning: Exited at iteration 50 with accuracies 
[1.45198441e-07]
not reaching the requested tolerance 1e-09.
Use iteration 51 instead with accuracy 
1.4519844146331563e-07.

  values, vectors = lobpcg(projected_hamiltonian, guess, largest=False,
/home/erosanow_hpc/informed_swapping/BARK.py:156: UserWarning: Exited postprocessing with accuracies 
[1.45198441e-07]
not reaching the requested tolerance 1e-09.
  values, vectors = lobpcg(projected_hamiltonian, guess, largest=False,
/home/erosanow_hpc/informed_swapping/BARK.py:156: UserWarning: Exited at iteration 50 with accuracies 
[1.53708787e-07]
not reaching the requested tolerance 1e-09.
Use iteration 51 instead with accuracy 
1.537087872568409e-07.

  values, vectors = lobpcg(projected_hamiltonian, guess, largest=False,
/home/erosanow_hpc/informed_swapping/BARK.py:156: UserWarning: Exited postprocessing with accuracies 
[1.53708788e-07]
not reaching the requested tolerance 1e-09.
  values, vectors = lobpcg(projected_hamiltonian, guess, largest=False,
/home/erosanow_hpc/informed_swapping/BARK.py:156: UserWarning: Exited at iteration 50 with accuracies 
[1.99964678e-07]
not reaching the requested tolerance 1e-09.
Use iteration 51 instead with accuracy 
1.999646775183516e-07.

  values, vectors = lobpcg(projected_hamiltonian, guess, largest=False,
/home/erosanow_hpc/informed_swapping/BARK.py:156: UserWarning: Exited postprocessing with accuracies 
[1.99964678e-07]
not reaching the requested tolerance 1e-09.
  values, vectors = lobpcg(projected_hamiltonian, guess, largest=False,
/home/erosanow_hpc/informed_swapping/BARK.py:156: UserWarning: Exited at iteration 50 with accuracies 
[1.04388312e-07]
not reaching the requested tolerance 1e-09.
Use iteration 51 instead with accuracy 
1.0438831225162616e-07.

  values, vectors = lobpcg(projected_hamiltonian, guess, largest=False,
/home/erosanow_hpc/informed_swapping/BARK.py:156: UserWarning: Exited postprocessing with accuracies 
[1.04388312e-07]
not reaching the requested tolerance 1e-09.
  values, vectors = lobpcg(projected_hamiltonian, guess, largest=False,
/home/erosanow_hpc/informed_swapping/BARK.py:156: UserWarning: Exited at iteration 50 with accuracies 
[1.58594678e-07]
not reaching the requested tolerance 1e-09.
Use iteration 51 instead with accuracy 
1.585946776338363e-07.

  values, vectors = lobpcg(projected_hamiltonian, guess, largest=False,
/home/erosanow_hpc/informed_swapping/BARK.py:156: UserWarning: Exited postprocessing with accuracies 
[1.58594678e-07]
not reaching the requested tolerance 1e-09.
  values, vectors = lobpcg(projected_hamiltonian, guess, largest=False,
/home/erosanow_hpc/informed_swapping/BARK.py:156: UserWarning: Exited at iteration 50 with accuracies 
[1.86106724e-07]
not reaching the requested tolerance 1e-09.
Use iteration 51 instead with accuracy 
1.861067243022103e-07.

  values, vectors = lobpcg(projected_hamiltonian, guess, largest=False,
/home/erosanow_hpc/informed_swapping/BARK.py:156: UserWarning: Exited postprocessing with accuracies 
[1.86106725e-07]
not reaching the requested tolerance 1e-09.
  values, vectors = lobpcg(projected_hamiltonian, guess, largest=False,
/home/erosanow_hpc/informed_swapping/BARK.py:156: UserWarning: Exited at iteration 50 with accuracies 
[2.43970957e-07]
not reaching the requested tolerance 1e-09.
Use iteration 51 instead with accuracy 
2.4397095740803087e-07.

  values, vectors = lobpcg(projected_hamiltonian, guess, largest=False,
/home/erosanow_hpc/informed_swapping/BARK.py:156: UserWarning: Exited postprocessing with accuracies 
[2.43970958e-07]
not reaching the requested tolerance 1e-09.
  values, vectors = lobpcg(projected_hamiltonian, guess, largest=False,
/home/erosanow_hpc/informed_swapping/BARK.py:156: UserWarning: Exited at iteration 50 with accuracies 
[2.05553135e-07]
not reaching the requested tolerance 1e-09.
Use iteration 51 instead with accuracy 
2.055531345389269e-07.

  values, vectors = lobpcg(projected_hamiltonian, guess, largest=False,
/home/erosanow_hpc/informed_swapping/BARK.py:156: UserWarning: Exited postprocessing with accuracies 
[2.05553135e-07]
not reaching the requested tolerance 1e-09.
  values, vectors = lobpcg(projected_hamiltonian, guess, largest=False,
/home/erosanow_hpc/informed_swapping/BARK.py:156: UserWarning: Exited at iteration 50 with accuracies 
[3.2739988e-07]
not reaching the requested tolerance 1e-09.
Use iteration 51 instead with accuracy 
3.273998799902893e-07.

  values, vectors = lobpcg(projected_hamiltonian, guess, largest=False,
/home/erosanow_hpc/informed_swapping/BARK.py:156: UserWarning: Exited postprocessing with accuracies 
[3.2739988e-07]
not reaching the requested tolerance 1e-09.
  values, vectors = lobpcg(projected_hamiltonian, guess, largest=False,
/home/erosanow_hpc/informed_swapping/BARK.py:156: UserWarning: Exited at iteration 50 with accuracies 
[3.59465372e-07]
not reaching the requested tolerance 1e-09.
Use iteration 51 instead with accuracy 
3.5946537190721937e-07.

  values, vectors = lobpcg(projected_hamiltonian, guess, largest=False,
/home/erosanow_hpc/informed_swapping/BARK.py:156: UserWarning: Exited postprocessing with accuracies 
[3.59465372e-07]
not reaching the requested tolerance 1e-09.
  values, vectors = lobpcg(projected_hamiltonian, guess, largest=False,
/home/erosanow_hpc/informed_swapping/BARK.py:156: UserWarning: Exited at iteration 50 with accuracies 
[3.61750244e-07]
not reaching the requested tolerance 1e-09.
Use iteration 51 instead with accuracy 
3.6175024385686547e-07.

  values, vectors = lobpcg(projected_hamiltonian, guess, largest=False,
/home/erosanow_hpc/informed_swapping/BARK.py:156: UserWarning: Exited postprocessing with accuracies 
[3.61750244e-07]
not reaching the requested tolerance 1e-09.
  values, vectors = lobpcg(projected_hamiltonian, guess, largest=False,
/home/erosanow_hpc/informed_swapping/BARK.py:156: UserWarning: Exited at iteration 50 with accuracies 
[8.40002772e-08]
not reaching the requested tolerance 1e-09.
Use iteration 51 instead with accuracy 
8.400027720615778e-08.

  values, vectors = lobpcg(projected_hamiltonian, guess, largest=False,
/home/erosanow_hpc/informed_swapping/BARK.py:156: UserWarning: Exited postprocessing with accuracies 
[8.40002775e-08]
not reaching the requested tolerance 1e-09.
  values, vectors = lobpcg(projected_hamiltonian, guess, largest=False,
/home/erosanow_hpc/informed_swapping/BARK.py:156: UserWarning: Exited at iteration 50 with accuracies 
[1.38074227e-07]
not reaching the requested tolerance 1e-09.
Use iteration 51 instead with accuracy 
1.3807422745124224e-07.

  values, vectors = lobpcg(projected_hamiltonian, guess, largest=False,
/home/erosanow_hpc/informed_swapping/BARK.py:156: UserWarning: Exited postprocessing with accuracies 
[1.38074227e-07]
not reaching the requested tolerance 1e-09.
  values, vectors = lobpcg(projected_hamiltonian, guess, largest=False,
/home/erosanow_hpc/informed_swapping/BARK.py:156: UserWarning: Exited at iteration 50 with accuracies 
[1.75765447e-07]
not reaching the requested tolerance 1e-09.
Use iteration 51 instead with accuracy 
1.7576544746085558e-07.

  values, vectors = lobpcg(projected_hamiltonian, guess, largest=False,
/home/erosanow_hpc/informed_swapping/BARK.py:156: UserWarning: Exited postprocessing with accuracies 
[1.75765448e-07]
not reaching the requested tolerance 1e-09.
  values, vectors = lobpcg(projected_hamiltonian, guess, largest=False,
/home/erosanow_hpc/informed_swapping/BARK.py:156: UserWarning: Exited at iteration 50 with accuracies 
[2.53816084e-07]
not reaching the requested tolerance 1e-09.
Use iteration 51 instead with accuracy 
2.5381608393059906e-07.

  values, vectors = lobpcg(projected_hamiltonian, guess, largest=False,
/home/erosanow_hpc/informed_swapping/BARK.py:156: UserWarning: Exited postprocessing with accuracies 
[2.53816084e-07]
not reaching the requested tolerance 1e-09.
  values, vectors = lobpcg(projected_hamiltonian, guess, largest=False,
/home/erosanow_hpc/informed_swapping/BARK.py:156: UserWarning: Exited at iteration 50 with accuracies 
[1.99843849e-07]
not reaching the requested tolerance 1e-09.
Use iteration 51 instead with accuracy 
1.9984384941441686e-07.

  values, vectors = lobpcg(projected_hamiltonian, guess, largest=False,
/home/erosanow_hpc/informed_swapping/BARK.py:156: UserWarning: Exited postprocessing with accuracies 
[1.9984385e-07]
not reaching the requested tolerance 1e-09.
  values, vectors = lobpcg(projected_hamiltonian, guess, largest=False,
/home/erosanow_hpc/informed_swapping/BARK.py:156: UserWarning: Exited at iteration 50 with accuracies 
[3.61762102e-07]
not reaching the requested tolerance 1e-09.
Use iteration 51 instead with accuracy 
3.617621015046002e-07.

  values, vectors = lobpcg(projected_hamiltonian, guess, largest=False,
/home/erosanow_hpc/informed_swapping/BARK.py:156: UserWarning: Exited postprocessing with accuracies 
[3.61762102e-07]
not reaching the requested tolerance 1e-09.
  values, vectors = lobpcg(projected_hamiltonian, guess, largest=False,
/home/erosanow_hpc/informed_swapping/BARK.py:156: UserWarning: Exited at iteration 50 with accuracies 
[4.07258959e-07]
not reaching the requested tolerance 1e-09.
Use iteration 51 instead with accuracy 
4.072589592847783e-07.

  values, vectors = lobpcg(projected_hamiltonian, guess, largest=False,
/home/erosanow_hpc/informed_swapping/BARK.py:156: UserWarning: Exited postprocessing with accuracies 
[4.07258959e-07]
not reaching the requested tolerance 1e-09.
  values, vectors = lobpcg(projected_hamiltonian, guess, largest=False,
/home/erosanow_hpc/informed_swapping/BARK.py:156: UserWarning: Exited at iteration 50 with accuracies 
[7.29860461e-07]
not reaching the requested tolerance 1e-09.
Use iteration 51 instead with accuracy 
7.298604607252433e-07.

  values, vectors = lobpcg(projected_hamiltonian, guess, largest=False,
/home/erosanow_hpc/informed_swapping/BARK.py:156: UserWarning: Exited postprocessing with accuracies 
[7.29860461e-07]
not reaching the requested tolerance 1e-09.
  values, vectors = lobpcg(projected_hamiltonian, guess, largest=False,
/home/erosanow_hpc/informed_swapping/BARK.py:156: UserWarning: Exited at iteration 50 with accuracies 
[2.66724201e-07]
not reaching the requested tolerance 1e-09.
Use iteration 51 instead with accuracy 
2.6672420120778845e-07.

  values, vectors = lobpcg(projected_hamiltonian, guess, largest=False,
/home/erosanow_hpc/informed_swapping/BARK.py:156: UserWarning: Exited postprocessing with accuracies 
[2.66724201e-07]
not reaching the requested tolerance 1e-09.
  values, vectors = lobpcg(projected_hamiltonian, guess, largest=False,
/home/erosanow_hpc/informed_swapping/BARK.py:156: UserWarning: Exited at iteration 50 with accuracies 
[4.66904307e-07]
not reaching the requested tolerance 1e-09.
Use iteration 51 instead with accuracy 
4.66904306751291e-07.

  values, vectors = lobpcg(projected_hamiltonian, guess, largest=False,
/home/erosanow_hpc/informed_swapping/BARK.py:156: UserWarning: Exited postprocessing with accuracies 
[4.66904307e-07]
not reaching the requested tolerance 1e-09.
  values, vectors = lobpcg(projected_hamiltonian, guess, largest=False,
/home/erosanow_hpc/informed_swapping/BARK.py:156: UserWarning: Exited at iteration 50 with accuracies 
[6.00817977e-07]
not reaching the requested tolerance 1e-09.
Use iteration 51 instead with accuracy 
6.008179771610118e-07.

  values, vectors = lobpcg(projected_hamiltonian, guess, largest=False,
/home/erosanow_hpc/informed_swapping/BARK.py:156: UserWarning: Exited postprocessing with accuracies 
[6.00817977e-07]
not reaching the requested tolerance 1e-09.
  values, vectors = lobpcg(projected_hamiltonian, guess, largest=False,
/home/erosanow_hpc/informed_swapping/BARK.py:156: UserWarning: Exited at iteration 50 with accuracies 
[1.05668959e-06]
not reaching the requested tolerance 1e-09.
Use iteration 51 instead with accuracy 
1.0566895930268592e-06.

  values, vectors = lobpcg(projected_hamiltonian, guess, largest=False,
/home/erosanow_hpc/informed_swapping/BARK.py:156: UserWarning: Exited postprocessing with accuracies 
[1.05668959e-06]
not reaching the requested tolerance 1e-09.
  values, vectors = lobpcg(projected_hamiltonian, guess, largest=False,
/home/erosanow_hpc/informed_swapping/BARK.py:156: UserWarning: Exited at iteration 50 with accuracies 
[7.66801311e-07]
not reaching the requested tolerance 1e-09.
Use iteration 51 instead with accuracy 
7.668013109716671e-07.

  values, vectors = lobpcg(projected_hamiltonian, guess, largest=False,
/home/erosanow_hpc/informed_swapping/BARK.py:156: UserWarning: Exited postprocessing with accuracies 
[7.66801311e-07]
not reaching the requested tolerance 1e-09.
  values, vectors = lobpcg(projected_hamiltonian, guess, largest=False,
/home/erosanow_hpc/informed_swapping/BARK.py:156: UserWarning: Exited at iteration 50 with accuracies 
[1.65083022e-06]
not reaching the requested tolerance 1e-09.
Use iteration 51 instead with accuracy 
1.6508302235468351e-06.

  values, vectors = lobpcg(projected_hamiltonian, guess, largest=False,
/home/erosanow_hpc/informed_swapping/BARK.py:156: UserWarning: Exited postprocessing with accuracies 
[1.65083022e-06]
not reaching the requested tolerance 1e-09.
  values, vectors = lobpcg(projected_hamiltonian, guess, largest=False,
/home/erosanow_hpc/informed_swapping/BARK.py:156: UserWarning: Exited at iteration 50 with accuracies 
[1.15205361e-09]
not reaching the requested tolerance 1e-09.
Use iteration 51 instead with accuracy 
1.1520536135954455e-09.

  values, vectors = lobpcg(projected_hamiltonian, guess, largest=False,
/home/erosanow_hpc/informed_swapping/BARK.py:156: UserWarning: Exited postprocessing with accuracies 
[1.15205344e-09]
not reaching the requested tolerance 1e-09.
  values, vectors = lobpcg(projected_hamiltonian, guess, largest=False,
/home/erosanow_hpc/informed_swapping/BARK.py:156: UserWarning: Exited at iteration 50 with accuracies 
[1.16164245e-09]
not reaching the requested tolerance 1e-09.
Use iteration 51 instead with accuracy 
1.1616424482269544e-09.

  values, vectors = lobpcg(projected_hamiltonian, guess, largest=False,
/home/erosanow_hpc/informed_swapping/BARK.py:156: UserWarning: Exited postprocessing with accuracies 
[1.16164256e-09]
not reaching the requested tolerance 1e-09.
  values, vectors = lobpcg(projected_hamiltonian, guess, largest=False,
/home/erosanow_hpc/informed_swapping/BARK.py:156: UserWarning: Exited at iteration 50 with accuracies 
[1.29806651e-09]
not reaching the requested tolerance 1e-09.
Use iteration 51 instead with accuracy 
1.2980665091916404e-09.

  values, vectors = lobpcg(projected_hamiltonian, guess, largest=False,
/home/erosanow_hpc/informed_swapping/BARK.py:156: UserWarning: Exited postprocessing with accuracies 
[1.29806639e-09]
not reaching the requested tolerance 1e-09.
  values, vectors = lobpcg(projected_hamiltonian, guess, largest=False,
/home/erosanow_hpc/informed_swapping/BARK.py:156: UserWarning: Exited at iteration 50 with accuracies 
[2.10798481e-09]
not reaching the requested tolerance 1e-09.
Use iteration 51 instead with accuracy 
2.107984807504844e-09.

  values, vectors = lobpcg(projected_hamiltonian, guess, largest=False,
/home/erosanow_hpc/informed_swapping/BARK.py:156: UserWarning: Exited postprocessing with accuracies 
[2.10798478e-09]
not reaching the requested tolerance 1e-09.
  values, vectors = lobpcg(projected_hamiltonian, guess, largest=False,
/home/erosanow_hpc/informed_swapping/BARK.py:156: UserWarning: Exited at iteration 50 with accuracies 
[1.06634079e-09]
not reaching the requested tolerance 1e-09.
Use iteration 51 instead with accuracy 
1.06634078760994e-09.

  values, vectors = lobpcg(projected_hamiltonian, guess, largest=False,
/home/erosanow_hpc/informed_swapping/BARK.py:156: UserWarning: Exited postprocessing with accuracies 
[1.06634117e-09]
not reaching the requested tolerance 1e-09.
  values, vectors = lobpcg(projected_hamiltonian, guess, largest=False,
/home/erosanow_hpc/informed_swapping/BARK.py:156: UserWarning: Exited at iteration 50 with accuracies 
[1.09907932e-09]
not reaching the requested tolerance 1e-09.
Use iteration 51 instead with accuracy 
1.0990793200540459e-09.

  values, vectors = lobpcg(projected_hamiltonian, guess, largest=False,
/home/erosanow_hpc/informed_swapping/BARK.py:156: UserWarning: Exited postprocessing with accuracies 
[1.09907958e-09]
not reaching the requested tolerance 1e-09.
  values, vectors = lobpcg(projected_hamiltonian, guess, largest=False,
/home/erosanow_hpc/informed_swapping/BARK.py:156: UserWarning: Exited at iteration 50 with accuracies 
[1.51187965e-09]
not reaching the requested tolerance 1e-09.
Use iteration 51 instead with accuracy 
1.5118796455397868e-09.

  values, vectors = lobpcg(projected_hamiltonian, guess, largest=False,
/home/erosanow_hpc/informed_swapping/BARK.py:156: UserWarning: Exited postprocessing with accuracies 
[1.51187964e-09]
not reaching the requested tolerance 1e-09.
  values, vectors = lobpcg(projected_hamiltonian, guess, largest=False,
/home/erosanow_hpc/informed_swapping/BARK.py:156: UserWarning: Exited at iteration 50 with accuracies 
[1.04569287e-09]
not reaching the requested tolerance 1e-09.
Use iteration 51 instead with accuracy 
1.0456928748331837e-09.

  values, vectors = lobpcg(projected_hamiltonian, guess, largest=False,
/home/erosanow_hpc/informed_swapping/BARK.py:156: UserWarning: Exited postprocessing with accuracies 
[1.04569233e-09]
not reaching the requested tolerance 1e-09.
  values, vectors = lobpcg(projected_hamiltonian, guess, largest=False,
/home/erosanow_hpc/informed_swapping/BARK.py:156: UserWarning: Exited at iteration 50 with accuracies 
[1.06993682e-09]
not reaching the requested tolerance 1e-09.
Use iteration 51 instead with accuracy 
1.0699368198916816e-09.

  values, vectors = lobpcg(projected_hamiltonian, guess, largest=False,
/home/erosanow_hpc/informed_swapping/BARK.py:156: UserWarning: Exited postprocessing with accuracies 
[1.06993721e-09]
not reaching the requested tolerance 1e-09.
  values, vectors = lobpcg(projected_hamiltonian, guess, largest=False,
/home/erosanow_hpc/informed_swapping/BARK.py:156: UserWarning: Exited at iteration 50 with accuracies 
[1.46420006e-09]
not reaching the requested tolerance 1e-09.
Use iteration 51 instead with accuracy 
1.464200060323737e-09.

  values, vectors = lobpcg(projected_hamiltonian, guess, largest=False,
/home/erosanow_hpc/informed_swapping/BARK.py:156: UserWarning: Exited postprocessing with accuracies 
[1.46419977e-09]
not reaching the requested tolerance 1e-09.
  values, vectors = lobpcg(projected_hamiltonian, guess, largest=False,
/home/erosanow_hpc/informed_swapping/BARK.py:156: UserWarning: Exited at iteration 50 with accuracies 
[1.08420289e-09]
not reaching the requested tolerance 1e-09.
Use iteration 51 instead with accuracy 
1.084202885816083e-09.

  values, vectors = lobpcg(projected_hamiltonian, guess, largest=False,
/home/erosanow_hpc/informed_swapping/BARK.py:156: UserWarning: Exited postprocessing with accuracies 
[1.08420221e-09]
not reaching the requested tolerance 1e-09.
  values, vectors = lobpcg(projected_hamiltonian, guess, largest=False,
/home/erosanow_hpc/informed_swapping/BARK.py:156: UserWarning: Exited at iteration 50 with accuracies 
[1.38766052e-09]
not reaching the requested tolerance 1e-09.
Use iteration 51 instead with accuracy 
1.3876605212366662e-09.

  values, vectors = lobpcg(projected_hamiltonian, guess, largest=False,
/home/erosanow_hpc/informed_swapping/BARK.py:156: UserWarning: Exited postprocessing with accuracies 
[1.38766051e-09]
not reaching the requested tolerance 1e-09.
  values, vectors = lobpcg(projected_hamiltonian, guess, largest=False,
/home/erosanow_hpc/informed_swapping/BARK.py:156: UserWarning: Exited at iteration 50 with accuracies 
[1.41097296e-09]
not reaching the requested tolerance 1e-09.
Use iteration 51 instead with accuracy 
1.410972958528189e-09.

  values, vectors = lobpcg(projected_hamiltonian, guess, largest=False,
/home/erosanow_hpc/informed_swapping/BARK.py:156: UserWarning: Exited postprocessing with accuracies 
[1.4109727e-09]
not reaching the requested tolerance 1e-09.
  values, vectors = lobpcg(projected_hamiltonian, guess, largest=False,
/home/erosanow_hpc/informed_swapping/BARK.py:156: UserWarning: Exited at iteration 50 with accuracies 
[1.93588532e-09]
not reaching the requested tolerance 1e-09.
Use iteration 51 instead with accuracy 
1.935885322901475e-09.

  values, vectors = lobpcg(projected_hamiltonian, guess, largest=False,
/home/erosanow_hpc/informed_swapping/BARK.py:156: UserWarning: Exited postprocessing with accuracies 
[1.9358849e-09]
not reaching the requested tolerance 1e-09.
  values, vectors = lobpcg(projected_hamiltonian, guess, largest=False,
/home/erosanow_hpc/informed_swapping/BARK.py:156: UserWarning: Exited at iteration 50 with accuracies 
[1.28820613e-09]
not reaching the requested tolerance 1e-09.
Use iteration 51 instead with accuracy 
1.2882061251057464e-09.

  values, vectors = lobpcg(projected_hamiltonian, guess, largest=False,
/home/erosanow_hpc/informed_swapping/BARK.py:156: UserWarning: Exited postprocessing with accuracies 
[1.28820595e-09]
not reaching the requested tolerance 1e-09.
  values, vectors = lobpcg(projected_hamiltonian, guess, largest=False,
/home/erosanow_hpc/informed_swapping/BARK.py:156: UserWarning: Exited at iteration 50 with accuracies 
[1.09475315e-09]
not reaching the requested tolerance 1e-09.
Use iteration 51 instead with accuracy 
1.094753151205269e-09.

  values, vectors = lobpcg(projected_hamiltonian, guess, largest=False,
/home/erosanow_hpc/informed_swapping/BARK.py:156: UserWarning: Exited postprocessing with accuracies 
[1.094753e-09]
not reaching the requested tolerance 1e-09.
  values, vectors = lobpcg(projected_hamiltonian, guess, largest=False,
/home/erosanow_hpc/informed_swapping/BARK.py:156: UserWarning: Exited at iteration 50 with accuracies 
[1.69006467e-09]
not reaching the requested tolerance 1e-09.
Use iteration 51 instead with accuracy 
1.6900646711616476e-09.

  values, vectors = lobpcg(projected_hamiltonian, guess, largest=False,
/home/erosanow_hpc/informed_swapping/BARK.py:156: UserWarning: Exited postprocessing with accuracies 
[1.69006467e-09]
not reaching the requested tolerance 1e-09.
  values, vectors = lobpcg(projected_hamiltonian, guess, largest=False,
/home/erosanow_hpc/informed_swapping/BARK.py:156: UserWarning: Exited at iteration 50 with accuracies 
[1.72152933e-09]
not reaching the requested tolerance 1e-09.
Use iteration 51 instead with accuracy 
1.7215293271191085e-09.

  values, vectors = lobpcg(projected_hamiltonian, guess, largest=False,
/home/erosanow_hpc/informed_swapping/BARK.py:156: UserWarning: Exited postprocessing with accuracies 
[1.72152916e-09]
not reaching the requested tolerance 1e-09.
  values, vectors = lobpcg(projected_hamiltonian, guess, largest=False,
/home/erosanow_hpc/informed_swapping/BARK.py:156: UserWarning: Exited at iteration 50 with accuracies 
[2.34315975e-09]
not reaching the requested tolerance 1e-09.
Use iteration 51 instead with accuracy 
2.34315974503589e-09.

  values, vectors = lobpcg(projected_hamiltonian, guess, largest=False,
/home/erosanow_hpc/informed_swapping/BARK.py:156: UserWarning: Exited postprocessing with accuracies 
[2.34315984e-09]
not reaching the requested tolerance 1e-09.
  values, vectors = lobpcg(projected_hamiltonian, guess, largest=False,
/home/erosanow_hpc/informed_swapping/BARK.py:156: UserWarning: Exited at iteration 50 with accuracies 
[1.14535026e-09]
not reaching the requested tolerance 1e-09.
Use iteration 51 instead with accuracy 
1.145350261515055e-09.

  values, vectors = lobpcg(projected_hamiltonian, guess, largest=False,
/home/erosanow_hpc/informed_swapping/BARK.py:156: UserWarning: Exited postprocessing with accuracies 
[1.14534934e-09]
not reaching the requested tolerance 1e-09.
  values, vectors = lobpcg(projected_hamiltonian, guess, largest=False,
/home/erosanow_hpc/informed_swapping/BARK.py:156: UserWarning: Exited at iteration 50 with accuracies 
[1.7574495e-09]
not reaching the requested tolerance 1e-09.
Use iteration 51 instead with accuracy 
1.7574494968486021e-09.

  values, vectors = lobpcg(projected_hamiltonian, guess, largest=False,
/home/erosanow_hpc/informed_swapping/BARK.py:156: UserWarning: Exited postprocessing with accuracies 
[1.75744954e-09]
not reaching the requested tolerance 1e-09.
  values, vectors = lobpcg(projected_hamiltonian, guess, largest=False,
/home/erosanow_hpc/informed_swapping/BARK.py:156: UserWarning: Exited at iteration 50 with accuracies 
[2.09018278e-09]
not reaching the requested tolerance 1e-09.
Use iteration 51 instead with accuracy 
2.0901827797276155e-09.

  values, vectors = lobpcg(projected_hamiltonian, guess, largest=False,
/home/erosanow_hpc/informed_swapping/BARK.py:156: UserWarning: Exited postprocessing with accuracies 
[2.09018348e-09]
not reaching the requested tolerance 1e-09.
  values, vectors = lobpcg(projected_hamiltonian, guess, largest=False,
/home/erosanow_hpc/informed_swapping/BARK.py:156: UserWarning: Exited at iteration 50 with accuracies 
[2.88839058e-09]
not reaching the requested tolerance 1e-09.
Use iteration 51 instead with accuracy 
2.8883905774594623e-09.

  values, vectors = lobpcg(projected_hamiltonian, guess, largest=False,
/home/erosanow_hpc/informed_swapping/BARK.py:156: UserWarning: Exited postprocessing with accuracies 
[2.88839055e-09]
not reaching the requested tolerance 1e-09.
  values, vectors = lobpcg(projected_hamiltonian, guess, largest=False,
/home/erosanow_hpc/informed_swapping/BARK.py:156: UserWarning: Exited at iteration 50 with accuracies 
[2.44084984e-09]
not reaching the requested tolerance 1e-09.
Use iteration 51 instead with accuracy 
2.440849839533495e-09.

  values, vectors = lobpcg(projected_hamiltonian, guess, largest=False,
/home/erosanow_hpc/informed_swapping/BARK.py:156: UserWarning: Exited postprocessing with accuracies 
[2.4408499e-09]
not reaching the requested tolerance 1e-09.
  values, vectors = lobpcg(projected_hamiltonian, guess, largest=False,
/home/erosanow_hpc/informed_swapping/BARK.py:156: UserWarning: Exited at iteration 50 with accuracies 
[3.96171568e-09]
not reaching the requested tolerance 1e-09.
Use iteration 51 instead with accuracy 
3.961715677226925e-09.

  values, vectors = lobpcg(projected_hamiltonian, guess, largest=False,
/home/erosanow_hpc/informed_swapping/BARK.py:156: UserWarning: Exited postprocessing with accuracies 
[3.96171582e-09]
not reaching the requested tolerance 1e-09.
  values, vectors = lobpcg(projected_hamiltonian, guess, largest=False,
/home/erosanow_hpc/informed_swapping/BARK.py:156: UserWarning: Exited at iteration 50 with accuracies 
[4.16660088e-09]
not reaching the requested tolerance 1e-09.
Use iteration 51 instead with accuracy 
4.1666008837421145e-09.

  values, vectors = lobpcg(projected_hamiltonian, guess, largest=False,
/home/erosanow_hpc/informed_swapping/BARK.py:156: UserWarning: Exited postprocessing with accuracies 
[4.16660106e-09]
not reaching the requested tolerance 1e-09.
  values, vectors = lobpcg(projected_hamiltonian, guess, largest=False,
/home/erosanow_hpc/informed_swapping/BARK.py:156: UserWarning: Exited at iteration 50 with accuracies 
[6.20182678e-09]
not reaching the requested tolerance 1e-09.
Use iteration 51 instead with accuracy 
6.201826782852871e-09.

  values, vectors = lobpcg(projected_hamiltonian, guess, largest=False,
/home/erosanow_hpc/informed_swapping/BARK.py:156: UserWarning: Exited postprocessing with accuracies 
[6.20182678e-09]
not reaching the requested tolerance 1e-09.
  values, vectors = lobpcg(projected_hamiltonian, guess, largest=False,
/home/erosanow_hpc/informed_swapping/BARK.py:156: UserWarning: Exited at iteration 50 with accuracies 
[1.08050728e-09]
not reaching the requested tolerance 1e-09.
Use iteration 51 instead with accuracy 
1.0805072785759322e-09.

  values, vectors = lobpcg(projected_hamiltonian, guess, largest=False,
/home/erosanow_hpc/informed_swapping/BARK.py:156: UserWarning: Exited postprocessing with accuracies 
[1.08050677e-09]
not reaching the requested tolerance 1e-09.
  values, vectors = lobpcg(projected_hamiltonian, guess, largest=False,
/home/erosanow_hpc/informed_swapping/BARK.py:156: UserWarning: Exited at iteration 50 with accuracies 
[1.14264775e-09]
not reaching the requested tolerance 1e-09.
Use iteration 51 instead with accuracy 
1.1426477462693965e-09.

  values, vectors = lobpcg(projected_hamiltonian, guess, largest=False,
/home/erosanow_hpc/informed_swapping/BARK.py:156: UserWarning: Exited postprocessing with accuracies 
[1.14264716e-09]
not reaching the requested tolerance 1e-09.
  values, vectors = lobpcg(projected_hamiltonian, guess, largest=False,
/home/erosanow_hpc/informed_swapping/BARK.py:156: UserWarning: Exited at iteration 50 with accuracies 
[1.32855589e-09]
not reaching the requested tolerance 1e-09.
Use iteration 51 instead with accuracy 
1.328555886177825e-09.

  values, vectors = lobpcg(projected_hamiltonian, guess, largest=False,
/home/erosanow_hpc/informed_swapping/BARK.py:156: UserWarning: Exited postprocessing with accuracies 
[1.32855627e-09]
not reaching the requested tolerance 1e-09.
  values, vectors = lobpcg(projected_hamiltonian, guess, largest=False,
/home/erosanow_hpc/informed_swapping/BARK.py:156: UserWarning: Exited at iteration 50 with accuracies 
[1.48128044e-09]
not reaching the requested tolerance 1e-09.
Use iteration 51 instead with accuracy 
1.4812804379686e-09.

  values, vectors = lobpcg(projected_hamiltonian, guess, largest=False,
/home/erosanow_hpc/informed_swapping/BARK.py:156: UserWarning: Exited postprocessing with accuracies 
[1.48128114e-09]
not reaching the requested tolerance 1e-09.
  values, vectors = lobpcg(projected_hamiltonian, guess, largest=False,
/home/erosanow_hpc/informed_swapping/BARK.py:156: UserWarning: Exited at iteration 50 with accuracies 
[1.94875469e-09]
not reaching the requested tolerance 1e-09.
Use iteration 51 instead with accuracy 
1.9487546936670454e-09.

  values, vectors = lobpcg(projected_hamiltonian, guess, largest=False,
/home/erosanow_hpc/informed_swapping/BARK.py:156: UserWarning: Exited postprocessing with accuracies 
[1.94875483e-09]
not reaching the requested tolerance 1e-09.
  values, vectors = lobpcg(projected_hamiltonian, guess, largest=False,
/home/erosanow_hpc/informed_swapping/BARK.py:156: UserWarning: Exited at iteration 50 with accuracies 
[1.07615794e-09]
not reaching the requested tolerance 1e-09.
Use iteration 51 instead with accuracy 
1.0761579438771548e-09.

  values, vectors = lobpcg(projected_hamiltonian, guess, largest=False,
/home/erosanow_hpc/informed_swapping/BARK.py:156: UserWarning: Exited postprocessing with accuracies 
[1.07615818e-09]
not reaching the requested tolerance 1e-09.
  values, vectors = lobpcg(projected_hamiltonian, guess, largest=False,
/home/erosanow_hpc/informed_swapping/BARK.py:156: UserWarning: Exited at iteration 50 with accuracies 
[1.40981997e-09]
not reaching the requested tolerance 1e-09.
Use iteration 51 instead with accuracy 
1.4098199735725106e-09.

  values, vectors = lobpcg(projected_hamiltonian, guess, largest=False,
/home/erosanow_hpc/informed_swapping/BARK.py:156: UserWarning: Exited postprocessing with accuracies 
[1.40981916e-09]
not reaching the requested tolerance 1e-09.
  values, vectors = lobpcg(projected_hamiltonian, guess, largest=False,
/home/erosanow_hpc/informed_swapping/BARK.py:156: UserWarning: Exited at iteration 50 with accuracies 
[1.01634314e-09]
not reaching the requested tolerance 1e-09.
Use iteration 51 instead with accuracy 
1.016343136816531e-09.

  values, vectors = lobpcg(projected_hamiltonian, guess, largest=False,
/home/erosanow_hpc/informed_swapping/BARK.py:156: UserWarning: Exited postprocessing with accuracies 
[1.01634298e-09]
not reaching the requested tolerance 1e-09.
  values, vectors = lobpcg(projected_hamiltonian, guess, largest=False,
/home/erosanow_hpc/informed_swapping/BARK.py:156: UserWarning: Exited at iteration 50 with accuracies 
[1.52477828e-09]
not reaching the requested tolerance 1e-09.
Use iteration 51 instead with accuracy 
1.524778284931036e-09.

  values, vectors = lobpcg(projected_hamiltonian, guess, largest=False,
/home/erosanow_hpc/informed_swapping/BARK.py:156: UserWarning: Exited postprocessing with accuracies 
[1.52477825e-09]
not reaching the requested tolerance 1e-09.
  values, vectors = lobpcg(projected_hamiltonian, guess, largest=False,
/home/erosanow_hpc/informed_swapping/BARK.py:156: UserWarning: Exited at iteration 50 with accuracies 
[1.6862523e-09]
not reaching the requested tolerance 1e-09.
Use iteration 51 instead with accuracy 
1.6862523011365598e-09.

  values, vectors = lobpcg(projected_hamiltonian, guess, largest=False,
/home/erosanow_hpc/informed_swapping/BARK.py:156: UserWarning: Exited postprocessing with accuracies 
[1.68625151e-09]
not reaching the requested tolerance 1e-09.
  values, vectors = lobpcg(projected_hamiltonian, guess, largest=False,
/home/erosanow_hpc/informed_swapping/BARK.py:156: UserWarning: Exited at iteration 50 with accuracies 
[2.22362308e-09]
not reaching the requested tolerance 1e-09.
Use iteration 51 instead with accuracy 
2.2236230817905597e-09.

  values, vectors = lobpcg(projected_hamiltonian, guess, largest=False,
/home/erosanow_hpc/informed_swapping/BARK.py:156: UserWarning: Exited postprocessing with accuracies 
[2.2236234e-09]
not reaching the requested tolerance 1e-09.
  values, vectors = lobpcg(projected_hamiltonian, guess, largest=False,
/home/erosanow_hpc/informed_swapping/BARK.py:156: UserWarning: Exited at iteration 50 with accuracies 
[1.03421153e-09]
not reaching the requested tolerance 1e-09.
Use iteration 51 instead with accuracy 
1.0342115308349006e-09.

  values, vectors = lobpcg(projected_hamiltonian, guess, largest=False,
/home/erosanow_hpc/informed_swapping/BARK.py:156: UserWarning: Exited postprocessing with accuracies 
[1.03421162e-09]
not reaching the requested tolerance 1e-09.
  values, vectors = lobpcg(projected_hamiltonian, guess, largest=False,
/home/erosanow_hpc/informed_swapping/BARK.py:156: UserWarning: Exited at iteration 50 with accuracies 
[1.54462059e-09]
not reaching the requested tolerance 1e-09.
Use iteration 51 instead with accuracy 
1.544620593830198e-09.

  values, vectors = lobpcg(projected_hamiltonian, guess, largest=False,
/home/erosanow_hpc/informed_swapping/BARK.py:156: UserWarning: Exited postprocessing with accuracies 
[1.54462123e-09]
not reaching the requested tolerance 1e-09.
  values, vectors = lobpcg(projected_hamiltonian, guess, largest=False,
/home/erosanow_hpc/informed_swapping/BARK.py:156: UserWarning: Exited at iteration 50 with accuracies 
[1.7974745e-09]
not reaching the requested tolerance 1e-09.
Use iteration 51 instead with accuracy 
1.7974744952348753e-09.

  values, vectors = lobpcg(projected_hamiltonian, guess, largest=False,
/home/erosanow_hpc/informed_swapping/BARK.py:156: UserWarning: Exited postprocessing with accuracies 
[1.79747468e-09]
not reaching the requested tolerance 1e-09.
  values, vectors = lobpcg(projected_hamiltonian, guess, largest=False,
/home/erosanow_hpc/informed_swapping/BARK.py:156: UserWarning: Exited at iteration 50 with accuracies 
[2.35886645e-09]
not reaching the requested tolerance 1e-09.
Use iteration 51 instead with accuracy 
2.3588664482356397e-09.

  values, vectors = lobpcg(projected_hamiltonian, guess, largest=False,
/home/erosanow_hpc/informed_swapping/BARK.py:156: UserWarning: Exited postprocessing with accuracies 
[2.35886655e-09]
not reaching the requested tolerance 1e-09.
  values, vectors = lobpcg(projected_hamiltonian, guess, largest=False,
/home/erosanow_hpc/informed_swapping/BARK.py:156: UserWarning: Exited at iteration 50 with accuracies 
[1.84741874e-09]
not reaching the requested tolerance 1e-09.
Use iteration 51 instead with accuracy 
1.8474187359852963e-09.

  values, vectors = lobpcg(projected_hamiltonian, guess, largest=False,
/home/erosanow_hpc/informed_swapping/BARK.py:156: UserWarning: Exited postprocessing with accuracies 
[1.84741868e-09]
not reaching the requested tolerance 1e-09.
  values, vectors = lobpcg(projected_hamiltonian, guess, largest=False,
/home/erosanow_hpc/informed_swapping/BARK.py:156: UserWarning: Exited at iteration 50 with accuracies 
[2.82107467e-09]
not reaching the requested tolerance 1e-09.
Use iteration 51 instead with accuracy 
2.8210746708675164e-09.

  values, vectors = lobpcg(projected_hamiltonian, guess, largest=False,
/home/erosanow_hpc/informed_swapping/BARK.py:156: UserWarning: Exited postprocessing with accuracies 
[2.82107479e-09]
not reaching the requested tolerance 1e-09.
  values, vectors = lobpcg(projected_hamiltonian, guess, largest=False,
/home/erosanow_hpc/informed_swapping/BARK.py:156: UserWarning: Exited at iteration 50 with accuracies 
[3.245287e-09]
not reaching the requested tolerance 1e-09.
Use iteration 51 instead with accuracy 
3.2452870002244442e-09.

  values, vectors = lobpcg(projected_hamiltonian, guess, largest=False,
/home/erosanow_hpc/informed_swapping/BARK.py:156: UserWarning: Exited postprocessing with accuracies 
[3.2452867e-09]
not reaching the requested tolerance 1e-09.
  values, vectors = lobpcg(projected_hamiltonian, guess, largest=False,
/home/erosanow_hpc/informed_swapping/BARK.py:156: UserWarning: Exited at iteration 50 with accuracies 
[4.36370368e-09]
not reaching the requested tolerance 1e-09.
Use iteration 51 instead with accuracy 
4.363703683580651e-09.

  values, vectors = lobpcg(projected_hamiltonian, guess, largest=False,
/home/erosanow_hpc/informed_swapping/BARK.py:156: UserWarning: Exited postprocessing with accuracies 
[4.36370392e-09]
not reaching the requested tolerance 1e-09.
  values, vectors = lobpcg(projected_hamiltonian, guess, largest=False,
/home/erosanow_hpc/informed_swapping/BARK.py:156: UserWarning: Exited at iteration 50 with accuracies 
[1.21697474e-09]
not reaching the requested tolerance 1e-09.
Use iteration 51 instead with accuracy 
1.2169747393922264e-09.

  values, vectors = lobpcg(projected_hamiltonian, guess, largest=False,
/home/erosanow_hpc/informed_swapping/BARK.py:156: UserWarning: Exited postprocessing with accuracies 
[1.2169749e-09]
not reaching the requested tolerance 1e-09.
  values, vectors = lobpcg(projected_hamiltonian, guess, largest=False,
/home/erosanow_hpc/informed_swapping/BARK.py:156: UserWarning: Exited at iteration 50 with accuracies 
[1.39088686e-09]
not reaching the requested tolerance 1e-09.
Use iteration 51 instead with accuracy 
1.3908868591390117e-09.

  values, vectors = lobpcg(projected_hamiltonian, guess, largest=False,
/home/erosanow_hpc/informed_swapping/BARK.py:156: UserWarning: Exited postprocessing with accuracies 
[1.39088608e-09]
not reaching the requested tolerance 1e-09.
  values, vectors = lobpcg(projected_hamiltonian, guess, largest=False,
/home/erosanow_hpc/informed_swapping/BARK.py:156: UserWarning: Exited at iteration 50 with accuracies 
[1.81560708e-09]
not reaching the requested tolerance 1e-09.
Use iteration 51 instead with accuracy 
1.8156070818498086e-09.

  values, vectors = lobpcg(projected_hamiltonian, guess, largest=False,
/home/erosanow_hpc/informed_swapping/BARK.py:156: UserWarning: Exited postprocessing with accuracies 
[1.81560729e-09]
not reaching the requested tolerance 1e-09.
  values, vectors = lobpcg(projected_hamiltonian, guess, largest=False,
/home/erosanow_hpc/informed_swapping/BARK.py:156: UserWarning: Exited at iteration 50 with accuracies 
[1.33756029e-09]
not reaching the requested tolerance 1e-09.
Use iteration 51 instead with accuracy 
1.337560288556011e-09.

  values, vectors = lobpcg(projected_hamiltonian, guess, largest=False,
/home/erosanow_hpc/informed_swapping/BARK.py:156: UserWarning: Exited postprocessing with accuracies 
[1.33756038e-09]
not reaching the requested tolerance 1e-09.
  values, vectors = lobpcg(projected_hamiltonian, guess, largest=False,
/home/erosanow_hpc/informed_swapping/BARK.py:156: UserWarning: Exited at iteration 50 with accuracies 
[2.02046028e-09]
not reaching the requested tolerance 1e-09.
Use iteration 51 instead with accuracy 
2.0204602808371646e-09.

  values, vectors = lobpcg(projected_hamiltonian, guess, largest=False,
/home/erosanow_hpc/informed_swapping/BARK.py:156: UserWarning: Exited postprocessing with accuracies 
[2.02046017e-09]
not reaching the requested tolerance 1e-09.
  values, vectors = lobpcg(projected_hamiltonian, guess, largest=False,
/home/erosanow_hpc/informed_swapping/BARK.py:156: UserWarning: Exited at iteration 50 with accuracies 
[2.25454377e-09]
not reaching the requested tolerance 1e-09.
Use iteration 51 instead with accuracy 
2.2545437671985163e-09.

  values, vectors = lobpcg(projected_hamiltonian, guess, largest=False,
/home/erosanow_hpc/informed_swapping/BARK.py:156: UserWarning: Exited postprocessing with accuracies 
[2.25454295e-09]
not reaching the requested tolerance 1e-09.
  values, vectors = lobpcg(projected_hamiltonian, guess, largest=False,
/home/erosanow_hpc/informed_swapping/BARK.py:156: UserWarning: Exited at iteration 50 with accuracies 
[2.99063473e-09]
not reaching the requested tolerance 1e-09.
Use iteration 51 instead with accuracy 
2.9906347331660733e-09.

  values, vectors = lobpcg(projected_hamiltonian, guess, largest=False,
/home/erosanow_hpc/informed_swapping/BARK.py:156: UserWarning: Exited postprocessing with accuracies 
[2.99063445e-09]
not reaching the requested tolerance 1e-09.
  values, vectors = lobpcg(projected_hamiltonian, guess, largest=False,
/home/erosanow_hpc/informed_swapping/BARK.py:156: UserWarning: Exited at iteration 50 with accuracies 
[1.52313559e-09]
not reaching the requested tolerance 1e-09.
Use iteration 51 instead with accuracy 
1.5231355867923476e-09.

  values, vectors = lobpcg(projected_hamiltonian, guess, largest=False,
/home/erosanow_hpc/informed_swapping/BARK.py:156: UserWarning: Exited postprocessing with accuracies 
[1.5231351e-09]
not reaching the requested tolerance 1e-09.
  values, vectors = lobpcg(projected_hamiltonian, guess, largest=False,
/home/erosanow_hpc/informed_swapping/BARK.py:156: UserWarning: Exited at iteration 50 with accuracies 
[2.28142029e-09]
not reaching the requested tolerance 1e-09.
Use iteration 51 instead with accuracy 
2.281420293050492e-09.

  values, vectors = lobpcg(projected_hamiltonian, guess, largest=False,
/home/erosanow_hpc/informed_swapping/BARK.py:156: UserWarning: Exited postprocessing with accuracies 
[2.28142076e-09]
not reaching the requested tolerance 1e-09.
  values, vectors = lobpcg(projected_hamiltonian, guess, largest=False,
/home/erosanow_hpc/informed_swapping/BARK.py:156: UserWarning: Exited at iteration 50 with accuracies 
[2.66857591e-09]
not reaching the requested tolerance 1e-09.
Use iteration 51 instead with accuracy 
2.6685759076356474e-09.

  values, vectors = lobpcg(projected_hamiltonian, guess, largest=False,
/home/erosanow_hpc/informed_swapping/BARK.py:156: UserWarning: Exited postprocessing with accuracies 
[2.66857577e-09]
not reaching the requested tolerance 1e-09.
  values, vectors = lobpcg(projected_hamiltonian, guess, largest=False,
/home/erosanow_hpc/informed_swapping/BARK.py:156: UserWarning: Exited at iteration 50 with accuracies 
[3.52396571e-09]
not reaching the requested tolerance 1e-09.
Use iteration 51 instead with accuracy 
3.5239657068878867e-09.

  values, vectors = lobpcg(projected_hamiltonian, guess, largest=False,
/home/erosanow_hpc/informed_swapping/BARK.py:156: UserWarning: Exited postprocessing with accuracies 
[3.5239659e-09]
not reaching the requested tolerance 1e-09.
  values, vectors = lobpcg(projected_hamiltonian, guess, largest=False,
/home/erosanow_hpc/informed_swapping/BARK.py:156: UserWarning: Exited at iteration 50 with accuracies 
[2.47453738e-09]
not reaching the requested tolerance 1e-09.
Use iteration 51 instead with accuracy 
2.4745373789258195e-09.

  values, vectors = lobpcg(projected_hamiltonian, guess, largest=False,
/home/erosanow_hpc/informed_swapping/BARK.py:156: UserWarning: Exited postprocessing with accuracies 
[2.47453692e-09]
not reaching the requested tolerance 1e-09.
  values, vectors = lobpcg(projected_hamiltonian, guess, largest=False,
/home/erosanow_hpc/informed_swapping/BARK.py:156: UserWarning: Exited at iteration 50 with accuracies 
[3.79931115e-09]
not reaching the requested tolerance 1e-09.
Use iteration 51 instead with accuracy 
3.799311149905314e-09.

  values, vectors = lobpcg(projected_hamiltonian, guess, largest=False,
/home/erosanow_hpc/informed_swapping/BARK.py:156: UserWarning: Exited postprocessing with accuracies 
[3.79931166e-09]
not reaching the requested tolerance 1e-09.
  values, vectors = lobpcg(projected_hamiltonian, guess, largest=False,
/home/erosanow_hpc/informed_swapping/BARK.py:156: UserWarning: Exited at iteration 50 with accuracies 
[4.27223376e-09]
not reaching the requested tolerance 1e-09.
Use iteration 51 instead with accuracy 
4.272233763583673e-09.

  values, vectors = lobpcg(projected_hamiltonian, guess, largest=False,
/home/erosanow_hpc/informed_swapping/BARK.py:156: UserWarning: Exited postprocessing with accuracies 
[4.27223339e-09]
not reaching the requested tolerance 1e-09.
  values, vectors = lobpcg(projected_hamiltonian, guess, largest=False,
/home/erosanow_hpc/informed_swapping/BARK.py:156: UserWarning: Exited at iteration 50 with accuracies 
[5.77341355e-09]
not reaching the requested tolerance 1e-09.
Use iteration 51 instead with accuracy 
5.773413551279205e-09.

  values, vectors = lobpcg(projected_hamiltonian, guess, largest=False,
/home/erosanow_hpc/informed_swapping/BARK.py:156: UserWarning: Exited postprocessing with accuracies 
[5.77341371e-09]
not reaching the requested tolerance 1e-09.
  values, vectors = lobpcg(projected_hamiltonian, guess, largest=False,
/home/erosanow_hpc/informed_swapping/BARK.py:156: UserWarning: Exited at iteration 50 with accuracies 
[1.11368048e-09]
not reaching the requested tolerance 1e-09.
Use iteration 51 instead with accuracy 
1.113680483295361e-09.

  values, vectors = lobpcg(projected_hamiltonian, guess, largest=False,
/home/erosanow_hpc/informed_swapping/BARK.py:156: UserWarning: Exited postprocessing with accuracies 
[1.11368053e-09]
not reaching the requested tolerance 1e-09.
  values, vectors = lobpcg(projected_hamiltonian, guess, largest=False,
/home/erosanow_hpc/informed_swapping/BARK.py:156: UserWarning: Exited at iteration 50 with accuracies 
[1.83574753e-09]
not reaching the requested tolerance 1e-09.
Use iteration 51 instead with accuracy 
1.835747525829126e-09.

  values, vectors = lobpcg(projected_hamiltonian, guess, largest=False,
/home/erosanow_hpc/informed_swapping/BARK.py:156: UserWarning: Exited postprocessing with accuracies 
[1.83574743e-09]
not reaching the requested tolerance 1e-09.
  values, vectors = lobpcg(projected_hamiltonian, guess, largest=False,
/home/erosanow_hpc/informed_swapping/BARK.py:156: UserWarning: Exited at iteration 50 with accuracies 
[2.17605124e-09]
not reaching the requested tolerance 1e-09.
Use iteration 51 instead with accuracy 
2.176051238981063e-09.

  values, vectors = lobpcg(projected_hamiltonian, guess, largest=False,
/home/erosanow_hpc/informed_swapping/BARK.py:156: UserWarning: Exited postprocessing with accuracies 
[2.17605147e-09]
not reaching the requested tolerance 1e-09.
  values, vectors = lobpcg(projected_hamiltonian, guess, largest=False,
/home/erosanow_hpc/informed_swapping/BARK.py:156: UserWarning: Exited at iteration 50 with accuracies 
[2.97226766e-09]
not reaching the requested tolerance 1e-09.
Use iteration 51 instead with accuracy 
2.97226766045516e-09.

  values, vectors = lobpcg(projected_hamiltonian, guess, largest=False,
/home/erosanow_hpc/informed_swapping/BARK.py:156: UserWarning: Exited postprocessing with accuracies 
[2.97226784e-09]
not reaching the requested tolerance 1e-09.
  values, vectors = lobpcg(projected_hamiltonian, guess, largest=False,
/home/erosanow_hpc/informed_swapping/BARK.py:156: UserWarning: Exited at iteration 50 with accuracies 
[2.38473707e-09]
not reaching the requested tolerance 1e-09.
Use iteration 51 instead with accuracy 
2.3847370709916967e-09.

  values, vectors = lobpcg(projected_hamiltonian, guess, largest=False,
/home/erosanow_hpc/informed_swapping/BARK.py:156: UserWarning: Exited postprocessing with accuracies 
[2.3847367e-09]
not reaching the requested tolerance 1e-09.
  values, vectors = lobpcg(projected_hamiltonian, guess, largest=False,
/home/erosanow_hpc/informed_swapping/BARK.py:156: UserWarning: Exited at iteration 50 with accuracies 
[3.94899083e-09]
not reaching the requested tolerance 1e-09.
Use iteration 51 instead with accuracy 
3.948990825363225e-09.

  values, vectors = lobpcg(projected_hamiltonian, guess, largest=False,
/home/erosanow_hpc/informed_swapping/BARK.py:156: UserWarning: Exited postprocessing with accuracies 
[3.94899066e-09]
not reaching the requested tolerance 1e-09.
  values, vectors = lobpcg(projected_hamiltonian, guess, largest=False,
/home/erosanow_hpc/informed_swapping/BARK.py:156: UserWarning: Exited at iteration 50 with accuracies 
[4.23555501e-09]
not reaching the requested tolerance 1e-09.
Use iteration 51 instead with accuracy 
4.235555009369283e-09.

  values, vectors = lobpcg(projected_hamiltonian, guess, largest=False,
/home/erosanow_hpc/informed_swapping/BARK.py:156: UserWarning: Exited postprocessing with accuracies 
[4.23555527e-09]
not reaching the requested tolerance 1e-09.
  values, vectors = lobpcg(projected_hamiltonian, guess, largest=False,
/home/erosanow_hpc/informed_swapping/BARK.py:156: UserWarning: Exited at iteration 50 with accuracies 
[5.88599532e-09]
not reaching the requested tolerance 1e-09.
Use iteration 51 instead with accuracy 
5.8859953237522505e-09.

  values, vectors = lobpcg(projected_hamiltonian, guess, largest=False,
/home/erosanow_hpc/informed_swapping/BARK.py:156: UserWarning: Exited postprocessing with accuracies 
[5.88599488e-09]
not reaching the requested tolerance 1e-09.
  values, vectors = lobpcg(projected_hamiltonian, guess, largest=False,
/home/erosanow_hpc/informed_swapping/BARK.py:156: UserWarning: Exited at iteration 50 with accuracies 
[2.54788313e-09]
not reaching the requested tolerance 1e-09.
Use iteration 51 instead with accuracy 
2.547883126082671e-09.

  values, vectors = lobpcg(projected_hamiltonian, guess, largest=False,
/home/erosanow_hpc/informed_swapping/BARK.py:156: UserWarning: Exited postprocessing with accuracies 
[2.54788282e-09]
not reaching the requested tolerance 1e-09.
  values, vectors = lobpcg(projected_hamiltonian, guess, largest=False,
/home/erosanow_hpc/informed_swapping/BARK.py:156: UserWarning: Exited at iteration 50 with accuracies 
[4.12562277e-09]
not reaching the requested tolerance 1e-09.
Use iteration 51 instead with accuracy 
4.125622773605058e-09.

  values, vectors = lobpcg(projected_hamiltonian, guess, largest=False,
/home/erosanow_hpc/informed_swapping/BARK.py:156: UserWarning: Exited postprocessing with accuracies 
[4.12562237e-09]
not reaching the requested tolerance 1e-09.
  values, vectors = lobpcg(projected_hamiltonian, guess, largest=False,
/home/erosanow_hpc/informed_swapping/BARK.py:156: UserWarning: Exited at iteration 50 with accuracies 
[4.97279901e-09]
not reaching the requested tolerance 1e-09.
Use iteration 51 instead with accuracy 
4.972799013539216e-09.

  values, vectors = lobpcg(projected_hamiltonian, guess, largest=False,
/home/erosanow_hpc/informed_swapping/BARK.py:156: UserWarning: Exited postprocessing with accuracies 
[4.97279854e-09]
not reaching the requested tolerance 1e-09.
  values, vectors = lobpcg(projected_hamiltonian, guess, largest=False,
/home/erosanow_hpc/informed_swapping/BARK.py:156: UserWarning: Exited at iteration 50 with accuracies 
[6.898596e-09]
not reaching the requested tolerance 1e-09.
Use iteration 51 instead with accuracy 
6.898596003697479e-09.

  values, vectors = lobpcg(projected_hamiltonian, guess, largest=False,
/home/erosanow_hpc/informed_swapping/BARK.py:156: UserWarning: Exited postprocessing with accuracies 
[6.89859611e-09]
not reaching the requested tolerance 1e-09.
  values, vectors = lobpcg(projected_hamiltonian, guess, largest=False,
/home/erosanow_hpc/informed_swapping/BARK.py:156: UserWarning: Exited at iteration 50 with accuracies 
[5.46941453e-09]
not reaching the requested tolerance 1e-09.
Use iteration 51 instead with accuracy 
5.4694145259409265e-09.

  values, vectors = lobpcg(projected_hamiltonian, guess, largest=False,
/home/erosanow_hpc/informed_swapping/BARK.py:156: UserWarning: Exited postprocessing with accuracies 
[5.46941394e-09]
not reaching the requested tolerance 1e-09.
  values, vectors = lobpcg(projected_hamiltonian, guess, largest=False,
/home/erosanow_hpc/informed_swapping/BARK.py:156: UserWarning: Exited at iteration 50 with accuracies 
[9.2081728e-09]
not reaching the requested tolerance 1e-09.
Use iteration 51 instead with accuracy 
9.208172798637671e-09.

  values, vectors = lobpcg(projected_hamiltonian, guess, largest=False,
/home/erosanow_hpc/informed_swapping/BARK.py:156: UserWarning: Exited postprocessing with accuracies 
[9.20817351e-09]
not reaching the requested tolerance 1e-09.
  values, vectors = lobpcg(projected_hamiltonian, guess, largest=False,
/home/erosanow_hpc/informed_swapping/BARK.py:156: UserWarning: Exited at iteration 50 with accuracies 
[1.01519505e-08]
not reaching the requested tolerance 1e-09.
Use iteration 51 instead with accuracy 
1.0151950519000871e-08.

  values, vectors = lobpcg(projected_hamiltonian, guess, largest=False,
/home/erosanow_hpc/informed_swapping/BARK.py:156: UserWarning: Exited postprocessing with accuracies 
[1.01519501e-08]
not reaching the requested tolerance 1e-09.
  values, vectors = lobpcg(projected_hamiltonian, guess, largest=False,
/home/erosanow_hpc/informed_swapping/BARK.py:156: UserWarning: Exited at iteration 50 with accuracies 
[1.49910667e-08]
not reaching the requested tolerance 1e-09.
Use iteration 51 instead with accuracy 
1.4991066725086692e-08.

  values, vectors = lobpcg(projected_hamiltonian, guess, largest=False,
/home/erosanow_hpc/informed_swapping/BARK.py:156: UserWarning: Exited postprocessing with accuracies 
[1.49910669e-08]
not reaching the requested tolerance 1e-09.
  values, vectors = lobpcg(projected_hamiltonian, guess, largest=False,
/home/erosanow_hpc/informed_swapping/BARK.py:156: UserWarning: Exited at iteration 50 with accuracies 
[1.0465102e-09]
not reaching the requested tolerance 1e-09.
Use iteration 51 instead with accuracy 
1.04651020225663e-09.

  values, vectors = lobpcg(projected_hamiltonian, guess, largest=False,
/home/erosanow_hpc/informed_swapping/BARK.py:156: UserWarning: Exited postprocessing with accuracies 
[1.04651015e-09]
not reaching the requested tolerance 1e-09.
  values, vectors = lobpcg(projected_hamiltonian, guess, largest=False,
/home/erosanow_hpc/informed_swapping/BARK.py:156: UserWarning: Exited at iteration 50 with accuracies 
[1.56451658e-09]
not reaching the requested tolerance 1e-09.
Use iteration 51 instead with accuracy 
1.5645165778595876e-09.

  values, vectors = lobpcg(projected_hamiltonian, guess, largest=False,
/home/erosanow_hpc/informed_swapping/BARK.py:156: UserWarning: Exited postprocessing with accuracies 
[1.56451617e-09]
not reaching the requested tolerance 1e-09.
  values, vectors = lobpcg(projected_hamiltonian, guess, largest=False,
/home/erosanow_hpc/informed_swapping/BARK.py:156: UserWarning: Exited at iteration 50 with accuracies 
[1.78484463e-09]
not reaching the requested tolerance 1e-09.
Use iteration 51 instead with accuracy 
1.784844626158682e-09.

  values, vectors = lobpcg(projected_hamiltonian, guess, largest=False,
/home/erosanow_hpc/informed_swapping/BARK.py:156: UserWarning: Exited postprocessing with accuracies 
[1.78484427e-09]
not reaching the requested tolerance 1e-09.
  values, vectors = lobpcg(projected_hamiltonian, guess, largest=False,
/home/erosanow_hpc/informed_swapping/BARK.py:156: UserWarning: Exited at iteration 50 with accuracies 
[2.31335981e-09]
not reaching the requested tolerance 1e-09.
Use iteration 51 instead with accuracy 
2.313359810118727e-09.

  values, vectors = lobpcg(projected_hamiltonian, guess, largest=False,
/home/erosanow_hpc/informed_swapping/BARK.py:156: UserWarning: Exited postprocessing with accuracies 
[2.3133597e-09]
not reaching the requested tolerance 1e-09.
  values, vectors = lobpcg(projected_hamiltonian, guess, largest=False,
/home/erosanow_hpc/informed_swapping/BARK.py:156: UserWarning: Exited at iteration 50 with accuracies 
[1.88241953e-09]
not reaching the requested tolerance 1e-09.
Use iteration 51 instead with accuracy 
1.8824195342649866e-09.

  values, vectors = lobpcg(projected_hamiltonian, guess, largest=False,
/home/erosanow_hpc/informed_swapping/BARK.py:156: UserWarning: Exited postprocessing with accuracies 
[1.88241965e-09]
not reaching the requested tolerance 1e-09.
  values, vectors = lobpcg(projected_hamiltonian, guess, largest=False,
/home/erosanow_hpc/informed_swapping/BARK.py:156: UserWarning: Exited at iteration 50 with accuracies 
[2.85552936e-09]
not reaching the requested tolerance 1e-09.
Use iteration 51 instead with accuracy 
2.855529363761424e-09.

  values, vectors = lobpcg(projected_hamiltonian, guess, largest=False,
/home/erosanow_hpc/informed_swapping/BARK.py:156: UserWarning: Exited postprocessing with accuracies 
[2.85552941e-09]
not reaching the requested tolerance 1e-09.
  values, vectors = lobpcg(projected_hamiltonian, guess, largest=False,
/home/erosanow_hpc/informed_swapping/BARK.py:156: UserWarning: Exited at iteration 50 with accuracies 
[2.95496034e-09]
not reaching the requested tolerance 1e-09.
Use iteration 51 instead with accuracy 
2.954960342398302e-09.

  values, vectors = lobpcg(projected_hamiltonian, guess, largest=False,
/home/erosanow_hpc/informed_swapping/BARK.py:156: UserWarning: Exited postprocessing with accuracies 
[2.95496009e-09]
not reaching the requested tolerance 1e-09.
  values, vectors = lobpcg(projected_hamiltonian, guess, largest=False,
/home/erosanow_hpc/informed_swapping/BARK.py:156: UserWarning: Exited at iteration 50 with accuracies 
[3.86557084e-09]
not reaching the requested tolerance 1e-09.
Use iteration 51 instead with accuracy 
3.865570844567551e-09.

  values, vectors = lobpcg(projected_hamiltonian, guess, largest=False,
/home/erosanow_hpc/informed_swapping/BARK.py:156: UserWarning: Exited postprocessing with accuracies 
[3.86557054e-09]
not reaching the requested tolerance 1e-09.
  values, vectors = lobpcg(projected_hamiltonian, guess, largest=False,
/home/erosanow_hpc/informed_swapping/BARK.py:156: UserWarning: Exited at iteration 50 with accuracies 
[1.89919362e-09]
not reaching the requested tolerance 1e-09.
Use iteration 51 instead with accuracy 
1.8991936179527788e-09.

  values, vectors = lobpcg(projected_hamiltonian, guess, largest=False,
/home/erosanow_hpc/informed_swapping/BARK.py:156: UserWarning: Exited postprocessing with accuracies 
[1.8991935e-09]
not reaching the requested tolerance 1e-09.
  values, vectors = lobpcg(projected_hamiltonian, guess, largest=False,
/home/erosanow_hpc/informed_swapping/BARK.py:156: UserWarning: Exited at iteration 50 with accuracies 
[2.87107459e-09]
not reaching the requested tolerance 1e-09.
Use iteration 51 instead with accuracy 
2.8710745883688508e-09.

  values, vectors = lobpcg(projected_hamiltonian, guess, largest=False,
/home/erosanow_hpc/informed_swapping/BARK.py:156: UserWarning: Exited postprocessing with accuracies 
[2.87107453e-09]
not reaching the requested tolerance 1e-09.
  values, vectors = lobpcg(projected_hamiltonian, guess, largest=False,
/home/erosanow_hpc/informed_swapping/BARK.py:156: UserWarning: Exited at iteration 50 with accuracies 
[3.30210189e-09]
not reaching the requested tolerance 1e-09.
Use iteration 51 instead with accuracy 
3.302101886837576e-09.

  values, vectors = lobpcg(projected_hamiltonian, guess, largest=False,
/home/erosanow_hpc/informed_swapping/BARK.py:156: UserWarning: Exited postprocessing with accuracies 
[3.30210293e-09]
not reaching the requested tolerance 1e-09.
  values, vectors = lobpcg(projected_hamiltonian, guess, largest=False,
/home/erosanow_hpc/informed_swapping/BARK.py:156: UserWarning: Exited at iteration 50 with accuracies 
[4.34510146e-09]
not reaching the requested tolerance 1e-09.
Use iteration 51 instead with accuracy 
4.34510145640239e-09.

  values, vectors = lobpcg(projected_hamiltonian, guess, largest=False,
/home/erosanow_hpc/informed_swapping/BARK.py:156: UserWarning: Exited postprocessing with accuracies 
[4.34510105e-09]
not reaching the requested tolerance 1e-09.
  values, vectors = lobpcg(projected_hamiltonian, guess, largest=False,
/home/erosanow_hpc/informed_swapping/BARK.py:156: UserWarning: Exited at iteration 50 with accuracies 
[3.56276115e-09]
not reaching the requested tolerance 1e-09.
Use iteration 51 instead with accuracy 
3.5627611537295326e-09.

  values, vectors = lobpcg(projected_hamiltonian, guess, largest=False,
/home/erosanow_hpc/informed_swapping/BARK.py:156: UserWarning: Exited postprocessing with accuracies 
[3.56276089e-09]
not reaching the requested tolerance 1e-09.
  values, vectors = lobpcg(projected_hamiltonian, guess, largest=False,
/home/erosanow_hpc/informed_swapping/BARK.py:156: UserWarning: Exited at iteration 50 with accuracies 
[5.5376815e-09]
not reaching the requested tolerance 1e-09.
Use iteration 51 instead with accuracy 
5.537681503886019e-09.

  values, vectors = lobpcg(projected_hamiltonian, guess, largest=False,
/home/erosanow_hpc/informed_swapping/BARK.py:156: UserWarning: Exited postprocessing with accuracies 
[5.5376814e-09]
not reaching the requested tolerance 1e-09.
  values, vectors = lobpcg(projected_hamiltonian, guess, largest=False,
/home/erosanow_hpc/informed_swapping/BARK.py:156: UserWarning: Exited at iteration 50 with accuracies 
[5.79031942e-09]
not reaching the requested tolerance 1e-09.
Use iteration 51 instead with accuracy 
5.7903194167849754e-09.

  values, vectors = lobpcg(projected_hamiltonian, guess, largest=False,
/home/erosanow_hpc/informed_swapping/BARK.py:156: UserWarning: Exited postprocessing with accuracies 
[5.79031954e-09]
not reaching the requested tolerance 1e-09.
  values, vectors = lobpcg(projected_hamiltonian, guess, largest=False,
/home/erosanow_hpc/informed_swapping/BARK.py:156: UserWarning: Exited at iteration 50 with accuracies 
[7.7801492e-09]
not reaching the requested tolerance 1e-09.
Use iteration 51 instead with accuracy 
7.780149198546973e-09.

  values, vectors = lobpcg(projected_hamiltonian, guess, largest=False,
/home/erosanow_hpc/informed_swapping/BARK.py:156: UserWarning: Exited postprocessing with accuracies 
[7.78014929e-09]
not reaching the requested tolerance 1e-09.
  values, vectors = lobpcg(projected_hamiltonian, guess, largest=False,
/home/erosanow_hpc/informed_swapping/BARK.py:156: UserWarning: Exited at iteration 50 with accuracies 
[1.54663078e-09]
not reaching the requested tolerance 1e-09.
Use iteration 51 instead with accuracy 
1.5466307802151588e-09.

  values, vectors = lobpcg(projected_hamiltonian, guess, largest=False,
/home/erosanow_hpc/informed_swapping/BARK.py:156: UserWarning: Exited postprocessing with accuracies 
[1.54663059e-09]
not reaching the requested tolerance 1e-09.
  values, vectors = lobpcg(projected_hamiltonian, guess, largest=False,
/home/erosanow_hpc/informed_swapping/BARK.py:156: UserWarning: Exited at iteration 50 with accuracies 
[2.49734011e-09]
not reaching the requested tolerance 1e-09.
Use iteration 51 instead with accuracy 
2.4973401121552727e-09.

  values, vectors = lobpcg(projected_hamiltonian, guess, largest=False,
/home/erosanow_hpc/informed_swapping/BARK.py:156: UserWarning: Exited postprocessing with accuracies 
[2.49733962e-09]
not reaching the requested tolerance 1e-09.
  values, vectors = lobpcg(projected_hamiltonian, guess, largest=False,
/home/erosanow_hpc/informed_swapping/BARK.py:156: UserWarning: Exited at iteration 50 with accuracies 
[2.93182262e-09]
not reaching the requested tolerance 1e-09.
Use iteration 51 instead with accuracy 
2.9318226196258873e-09.

  values, vectors = lobpcg(projected_hamiltonian, guess, largest=False,
/home/erosanow_hpc/informed_swapping/BARK.py:156: UserWarning: Exited postprocessing with accuracies 
[2.93182266e-09]
not reaching the requested tolerance 1e-09.
  values, vectors = lobpcg(projected_hamiltonian, guess, largest=False,
/home/erosanow_hpc/informed_swapping/BARK.py:156: UserWarning: Exited at iteration 50 with accuracies 
[3.98522069e-09]
not reaching the requested tolerance 1e-09.
Use iteration 51 instead with accuracy 
3.985220687875693e-09.

  values, vectors = lobpcg(projected_hamiltonian, guess, largest=False,
/home/erosanow_hpc/informed_swapping/BARK.py:156: UserWarning: Exited postprocessing with accuracies 
[3.98522076e-09]
not reaching the requested tolerance 1e-09.
  values, vectors = lobpcg(projected_hamiltonian, guess, largest=False,
/home/erosanow_hpc/informed_swapping/BARK.py:156: UserWarning: Exited at iteration 50 with accuracies 
[3.14579202e-09]
not reaching the requested tolerance 1e-09.
Use iteration 51 instead with accuracy 
3.145792021621434e-09.

  values, vectors = lobpcg(projected_hamiltonian, guess, largest=False,
/home/erosanow_hpc/informed_swapping/BARK.py:156: UserWarning: Exited postprocessing with accuracies 
[3.14579206e-09]
not reaching the requested tolerance 1e-09.
  values, vectors = lobpcg(projected_hamiltonian, guess, largest=False,
/home/erosanow_hpc/informed_swapping/BARK.py:156: UserWarning: Exited at iteration 50 with accuracies 
[5.12882057e-09]
not reaching the requested tolerance 1e-09.
Use iteration 51 instead with accuracy 
5.128820565429491e-09.

  values, vectors = lobpcg(projected_hamiltonian, guess, largest=False,
/home/erosanow_hpc/informed_swapping/BARK.py:156: UserWarning: Exited postprocessing with accuracies 
[5.12882077e-09]
not reaching the requested tolerance 1e-09.
  values, vectors = lobpcg(projected_hamiltonian, guess, largest=False,
/home/erosanow_hpc/informed_swapping/BARK.py:156: UserWarning: Exited at iteration 50 with accuracies 
[5.39233338e-09]
not reaching the requested tolerance 1e-09.
Use iteration 51 instead with accuracy 
5.392333376157388e-09.

  values, vectors = lobpcg(projected_hamiltonian, guess, largest=False,
/home/erosanow_hpc/informed_swapping/BARK.py:156: UserWarning: Exited postprocessing with accuracies 
[5.39233357e-09]
not reaching the requested tolerance 1e-09.
  values, vectors = lobpcg(projected_hamiltonian, guess, largest=False,
/home/erosanow_hpc/informed_swapping/BARK.py:156: UserWarning: Exited at iteration 50 with accuracies 
[7.41985331e-09]
not reaching the requested tolerance 1e-09.
Use iteration 51 instead with accuracy 
7.419853307641714e-09.

  values, vectors = lobpcg(projected_hamiltonian, guess, largest=False,
/home/erosanow_hpc/informed_swapping/BARK.py:156: UserWarning: Exited postprocessing with accuracies 
[7.41985357e-09]
not reaching the requested tolerance 1e-09.
  values, vectors = lobpcg(projected_hamiltonian, guess, largest=False,
/home/erosanow_hpc/informed_swapping/BARK.py:156: UserWarning: Exited at iteration 50 with accuracies 
[3.28723054e-09]
not reaching the requested tolerance 1e-09.
Use iteration 51 instead with accuracy 
3.287230535705493e-09.

  values, vectors = lobpcg(projected_hamiltonian, guess, largest=False,
/home/erosanow_hpc/informed_swapping/BARK.py:156: UserWarning: Exited postprocessing with accuracies 
[3.28723055e-09]
not reaching the requested tolerance 1e-09.
  values, vectors = lobpcg(projected_hamiltonian, guess, largest=False,
/home/erosanow_hpc/informed_swapping/BARK.py:156: UserWarning: Exited at iteration 50 with accuracies 
[5.30304485e-09]
not reaching the requested tolerance 1e-09.
Use iteration 51 instead with accuracy 
5.303044847528937e-09.

  values, vectors = lobpcg(projected_hamiltonian, guess, largest=False,
/home/erosanow_hpc/informed_swapping/BARK.py:156: UserWarning: Exited postprocessing with accuracies 
[5.30304465e-09]
not reaching the requested tolerance 1e-09.
  values, vectors = lobpcg(projected_hamiltonian, guess, largest=False,
/home/erosanow_hpc/informed_swapping/BARK.py:156: UserWarning: Exited at iteration 50 with accuracies 
[6.33678711e-09]
not reaching the requested tolerance 1e-09.
Use iteration 51 instead with accuracy 
6.336787110254753e-09.

  values, vectors = lobpcg(projected_hamiltonian, guess, largest=False,
/home/erosanow_hpc/informed_swapping/BARK.py:156: UserWarning: Exited postprocessing with accuracies 
[6.33678764e-09]
not reaching the requested tolerance 1e-09.
  values, vectors = lobpcg(projected_hamiltonian, guess, largest=False,
/home/erosanow_hpc/informed_swapping/BARK.py:156: UserWarning: Exited at iteration 50 with accuracies 
[8.75948631e-09]
not reaching the requested tolerance 1e-09.
Use iteration 51 instead with accuracy 
8.75948630622999e-09.

  values, vectors = lobpcg(projected_hamiltonian, guess, largest=False,
/home/erosanow_hpc/informed_swapping/BARK.py:156: UserWarning: Exited postprocessing with accuracies 
[8.75948603e-09]
not reaching the requested tolerance 1e-09.
  values, vectors = lobpcg(projected_hamiltonian, guess, largest=False,
/home/erosanow_hpc/informed_swapping/BARK.py:156: UserWarning: Exited at iteration 50 with accuracies 
[7.04925175e-09]
not reaching the requested tolerance 1e-09.
Use iteration 51 instead with accuracy 
7.049251753919323e-09.

  values, vectors = lobpcg(projected_hamiltonian, guess, largest=False,
/home/erosanow_hpc/informed_swapping/BARK.py:156: UserWarning: Exited postprocessing with accuracies 
[7.04925231e-09]
not reaching the requested tolerance 1e-09.
  values, vectors = lobpcg(projected_hamiltonian, guess, largest=False,
/home/erosanow_hpc/informed_swapping/BARK.py:156: UserWarning: Exited at iteration 50 with accuracies 
[1.21078542e-08]
not reaching the requested tolerance 1e-09.
Use iteration 51 instead with accuracy 
1.2107854152623449e-08.

  values, vectors = lobpcg(projected_hamiltonian, guess, largest=False,
/home/erosanow_hpc/informed_swapping/BARK.py:156: UserWarning: Exited postprocessing with accuracies 
[1.21078537e-08]
not reaching the requested tolerance 1e-09.
  values, vectors = lobpcg(projected_hamiltonian, guess, largest=False,
/home/erosanow_hpc/informed_swapping/BARK.py:156: UserWarning: Exited at iteration 50 with accuracies 
[1.31887158e-08]
not reaching the requested tolerance 1e-09.
Use iteration 51 instead with accuracy 
1.3188715835996186e-08.

  values, vectors = lobpcg(projected_hamiltonian, guess, largest=False,
/home/erosanow_hpc/informed_swapping/BARK.py:156: UserWarning: Exited postprocessing with accuracies 
[1.31887162e-08]
not reaching the requested tolerance 1e-09.
  values, vectors = lobpcg(projected_hamiltonian, guess, largest=False,
/home/erosanow_hpc/informed_swapping/BARK.py:156: UserWarning: Exited at iteration 50 with accuracies 
[2.05060031e-08]
not reaching the requested tolerance 1e-09.
Use iteration 51 instead with accuracy 
2.050600314045347e-08.

  values, vectors = lobpcg(projected_hamiltonian, guess, largest=False,
/home/erosanow_hpc/informed_swapping/BARK.py:156: UserWarning: Exited postprocessing with accuracies 
[2.0506003e-08]
not reaching the requested tolerance 1e-09.
  values, vectors = lobpcg(projected_hamiltonian, guess, largest=False,
/home/erosanow_hpc/informed_swapping/BARK.py:156: UserWarning: Exited at iteration 50 with accuracies 
[2.45638933e-09]
not reaching the requested tolerance 1e-09.
Use iteration 51 instead with accuracy 
2.456389330734456e-09.

  values, vectors = lobpcg(projected_hamiltonian, guess, largest=False,
/home/erosanow_hpc/informed_swapping/BARK.py:156: UserWarning: Exited postprocessing with accuracies 
[2.45638943e-09]
not reaching the requested tolerance 1e-09.
  values, vectors = lobpcg(projected_hamiltonian, guess, largest=False,
/home/erosanow_hpc/informed_swapping/BARK.py:156: UserWarning: Exited at iteration 50 with accuracies 
[3.90670627e-09]
not reaching the requested tolerance 1e-09.
Use iteration 51 instead with accuracy 
3.906706271434114e-09.

  values, vectors = lobpcg(projected_hamiltonian, guess, largest=False,
/home/erosanow_hpc/informed_swapping/BARK.py:156: UserWarning: Exited postprocessing with accuracies 
[3.90670622e-09]
not reaching the requested tolerance 1e-09.
  values, vectors = lobpcg(projected_hamiltonian, guess, largest=False,
/home/erosanow_hpc/informed_swapping/BARK.py:156: UserWarning: Exited at iteration 50 with accuracies 
[4.59818015e-09]
not reaching the requested tolerance 1e-09.
Use iteration 51 instead with accuracy 
4.59818014886183e-09.

  values, vectors = lobpcg(projected_hamiltonian, guess, largest=False,
/home/erosanow_hpc/informed_swapping/BARK.py:156: UserWarning: Exited postprocessing with accuracies 
[4.59817961e-09]
not reaching the requested tolerance 1e-09.
  values, vectors = lobpcg(projected_hamiltonian, guess, largest=False,
/home/erosanow_hpc/informed_swapping/BARK.py:156: UserWarning: Exited at iteration 50 with accuracies 
[6.15509515e-09]
not reaching the requested tolerance 1e-09.
Use iteration 51 instead with accuracy 
6.155095145945585e-09.

  values, vectors = lobpcg(projected_hamiltonian, guess, largest=False,
/home/erosanow_hpc/informed_swapping/BARK.py:156: UserWarning: Exited postprocessing with accuracies 
[6.155095e-09]
not reaching the requested tolerance 1e-09.
  values, vectors = lobpcg(projected_hamiltonian, guess, largest=False,
/home/erosanow_hpc/informed_swapping/BARK.py:156: UserWarning: Exited at iteration 50 with accuracies 
[4.90073719e-09]
not reaching the requested tolerance 1e-09.
Use iteration 51 instead with accuracy 
4.90073719030675e-09.

  values, vectors = lobpcg(projected_hamiltonian, guess, largest=False,
/home/erosanow_hpc/informed_swapping/BARK.py:156: UserWarning: Exited postprocessing with accuracies 
[4.90073702e-09]
not reaching the requested tolerance 1e-09.
  values, vectors = lobpcg(projected_hamiltonian, guess, largest=False,
/home/erosanow_hpc/informed_swapping/BARK.py:156: UserWarning: Exited at iteration 50 with accuracies 
[7.9658625e-09]
not reaching the requested tolerance 1e-09.
Use iteration 51 instead with accuracy 
7.965862499647769e-09.

  values, vectors = lobpcg(projected_hamiltonian, guess, largest=False,
/home/erosanow_hpc/informed_swapping/BARK.py:156: UserWarning: Exited postprocessing with accuracies 
[7.96586252e-09]
not reaching the requested tolerance 1e-09.
  values, vectors = lobpcg(projected_hamiltonian, guess, largest=False,
/home/erosanow_hpc/informed_swapping/BARK.py:156: UserWarning: Exited at iteration 50 with accuracies 
[8.3314706e-09]
not reaching the requested tolerance 1e-09.
Use iteration 51 instead with accuracy 
8.331470603167264e-09.

  values, vectors = lobpcg(projected_hamiltonian, guess, largest=False,
/home/erosanow_hpc/informed_swapping/BARK.py:156: UserWarning: Exited postprocessing with accuracies 
[8.33147013e-09]
not reaching the requested tolerance 1e-09.
  values, vectors = lobpcg(projected_hamiltonian, guess, largest=False,
/home/erosanow_hpc/informed_swapping/BARK.py:156: UserWarning: Exited at iteration 50 with accuracies 
[1.15363239e-08]
not reaching the requested tolerance 1e-09.
Use iteration 51 instead with accuracy 
1.1536323889925829e-08.

  values, vectors = lobpcg(projected_hamiltonian, guess, largest=False,
/home/erosanow_hpc/informed_swapping/BARK.py:156: UserWarning: Exited postprocessing with accuracies 
[1.15363245e-08]
not reaching the requested tolerance 1e-09.
  values, vectors = lobpcg(projected_hamiltonian, guess, largest=False,
/home/erosanow_hpc/informed_swapping/BARK.py:156: UserWarning: Exited at iteration 50 with accuracies 
[4.83955477e-09]
not reaching the requested tolerance 1e-09.
Use iteration 51 instead with accuracy 
4.839554766722261e-09.

  values, vectors = lobpcg(projected_hamiltonian, guess, largest=False,
/home/erosanow_hpc/informed_swapping/BARK.py:156: UserWarning: Exited postprocessing with accuracies 
[4.83955446e-09]
not reaching the requested tolerance 1e-09.
  values, vectors = lobpcg(projected_hamiltonian, guess, largest=False,
/home/erosanow_hpc/informed_swapping/BARK.py:156: UserWarning: Exited at iteration 50 with accuracies 
[7.77046073e-09]
not reaching the requested tolerance 1e-09.
Use iteration 51 instead with accuracy 
7.770460727760194e-09.

  values, vectors = lobpcg(projected_hamiltonian, guess, largest=False,
/home/erosanow_hpc/informed_swapping/BARK.py:156: UserWarning: Exited postprocessing with accuracies 
[7.77046021e-09]
not reaching the requested tolerance 1e-09.
  values, vectors = lobpcg(projected_hamiltonian, guess, largest=False,
/home/erosanow_hpc/informed_swapping/BARK.py:156: UserWarning: Exited at iteration 50 with accuracies 
[9.35019704e-09]
not reaching the requested tolerance 1e-09.
Use iteration 51 instead with accuracy 
9.350197042726866e-09.

  values, vectors = lobpcg(projected_hamiltonian, guess, largest=False,
/home/erosanow_hpc/informed_swapping/BARK.py:156: UserWarning: Exited postprocessing with accuracies 
[9.35019655e-09]
not reaching the requested tolerance 1e-09.
  values, vectors = lobpcg(projected_hamiltonian, guess, largest=False,
/home/erosanow_hpc/informed_swapping/BARK.py:156: UserWarning: Exited at iteration 50 with accuracies 
[1.30423464e-08]
not reaching the requested tolerance 1e-09.
Use iteration 51 instead with accuracy 
1.3042346430198546e-08.

  values, vectors = lobpcg(projected_hamiltonian, guess, largest=False,
/home/erosanow_hpc/informed_swapping/BARK.py:156: UserWarning: Exited postprocessing with accuracies 
[1.30423458e-08]
not reaching the requested tolerance 1e-09.
  values, vectors = lobpcg(projected_hamiltonian, guess, largest=False,
/home/erosanow_hpc/informed_swapping/BARK.py:156: UserWarning: Exited at iteration 50 with accuracies 
[1.03650309e-08]
not reaching the requested tolerance 1e-09.
Use iteration 51 instead with accuracy 
1.0365030859103863e-08.

  values, vectors = lobpcg(projected_hamiltonian, guess, largest=False,
/home/erosanow_hpc/informed_swapping/BARK.py:156: UserWarning: Exited postprocessing with accuracies 
[1.03650306e-08]
not reaching the requested tolerance 1e-09.
  values, vectors = lobpcg(projected_hamiltonian, guess, largest=False,
/home/erosanow_hpc/informed_swapping/BARK.py:156: UserWarning: Exited at iteration 50 with accuracies 
[1.95871602e-08]
not reaching the requested tolerance 1e-09.
Use iteration 51 instead with accuracy 
1.958716016400146e-08.

  values, vectors = lobpcg(projected_hamiltonian, guess, largest=False,
/home/erosanow_hpc/informed_swapping/BARK.py:156: UserWarning: Exited postprocessing with accuracies 
[1.95871602e-08]
not reaching the requested tolerance 1e-09.
  values, vectors = lobpcg(projected_hamiltonian, guess, largest=False,
/home/erosanow_hpc/informed_swapping/BARK.py:156: UserWarning: Exited at iteration 50 with accuracies 
[2.18124061e-08]
not reaching the requested tolerance 1e-09.
Use iteration 51 instead with accuracy 
2.181240614206033e-08.

  values, vectors = lobpcg(projected_hamiltonian, guess, largest=False,
/home/erosanow_hpc/informed_swapping/BARK.py:156: UserWarning: Exited postprocessing with accuracies 
[2.18124058e-08]
not reaching the requested tolerance 1e-09.
  values, vectors = lobpcg(projected_hamiltonian, guess, largest=False,
/home/erosanow_hpc/informed_swapping/BARK.py:156: UserWarning: Exited at iteration 50 with accuracies 
[4.04065321e-08]
not reaching the requested tolerance 1e-09.
Use iteration 51 instead with accuracy 
4.0406532086922953e-08.

  values, vectors = lobpcg(projected_hamiltonian, guess, largest=False,
/home/erosanow_hpc/informed_swapping/BARK.py:156: UserWarning: Exited postprocessing with accuracies 
[4.04065321e-08]
not reaching the requested tolerance 1e-09.
  values, vectors = lobpcg(projected_hamiltonian, guess, largest=False,
/home/erosanow_hpc/informed_swapping/BARK.py:156: UserWarning: Exited at iteration 50 with accuracies 
[7.96050162e-09]
not reaching the requested tolerance 1e-09.
Use iteration 51 instead with accuracy 
7.96050162484007e-09.

  values, vectors = lobpcg(projected_hamiltonian, guess, largest=False,
/home/erosanow_hpc/informed_swapping/BARK.py:156: UserWarning: Exited postprocessing with accuracies 
[7.96050182e-09]
not reaching the requested tolerance 1e-09.
  values, vectors = lobpcg(projected_hamiltonian, guess, largest=False,
/home/erosanow_hpc/informed_swapping/BARK.py:156: UserWarning: Exited at iteration 50 with accuracies 
[1.26518959e-08]
not reaching the requested tolerance 1e-09.
Use iteration 51 instead with accuracy 
1.2651895915073416e-08.

  values, vectors = lobpcg(projected_hamiltonian, guess, largest=False,
/home/erosanow_hpc/informed_swapping/BARK.py:156: UserWarning: Exited postprocessing with accuracies 
[1.26518957e-08]
not reaching the requested tolerance 1e-09.
  values, vectors = lobpcg(projected_hamiltonian, guess, largest=False,
/home/erosanow_hpc/informed_swapping/BARK.py:156: UserWarning: Exited at iteration 50 with accuracies 
[1.5361639e-08]
not reaching the requested tolerance 1e-09.
Use iteration 51 instead with accuracy 
1.536163896584347e-08.

  values, vectors = lobpcg(projected_hamiltonian, guess, largest=False,
/home/erosanow_hpc/informed_swapping/BARK.py:156: UserWarning: Exited postprocessing with accuracies 
[1.53616391e-08]
not reaching the requested tolerance 1e-09.
  values, vectors = lobpcg(projected_hamiltonian, guess, largest=False,
/home/erosanow_hpc/informed_swapping/BARK.py:156: UserWarning: Exited at iteration 50 with accuracies 
[2.24011278e-08]
not reaching the requested tolerance 1e-09.
Use iteration 51 instead with accuracy 
2.2401127782092212e-08.

  values, vectors = lobpcg(projected_hamiltonian, guess, largest=False,
/home/erosanow_hpc/informed_swapping/BARK.py:156: UserWarning: Exited postprocessing with accuracies 
[2.24011275e-08]
not reaching the requested tolerance 1e-09.
  values, vectors = lobpcg(projected_hamiltonian, guess, largest=False,
/home/erosanow_hpc/informed_swapping/BARK.py:156: UserWarning: Exited at iteration 50 with accuracies 
[1.67129121e-08]
not reaching the requested tolerance 1e-09.
Use iteration 51 instead with accuracy 
1.6712912074761e-08.

  values, vectors = lobpcg(projected_hamiltonian, guess, largest=False,
/home/erosanow_hpc/informed_swapping/BARK.py:156: UserWarning: Exited postprocessing with accuracies 
[1.6712912e-08]
not reaching the requested tolerance 1e-09.
  values, vectors = lobpcg(projected_hamiltonian, guess, largest=False,
/home/erosanow_hpc/informed_swapping/BARK.py:156: UserWarning: Exited at iteration 50 with accuracies 
[3.68531922e-08]
not reaching the requested tolerance 1e-09.
Use iteration 51 instead with accuracy 
3.685319224333379e-08.

  values, vectors = lobpcg(projected_hamiltonian, guess, largest=False,
/home/erosanow_hpc/informed_swapping/BARK.py:156: UserWarning: Exited postprocessing with accuracies 
[3.68531915e-08]
not reaching the requested tolerance 1e-09.
  values, vectors = lobpcg(projected_hamiltonian, guess, largest=False,
/home/erosanow_hpc/informed_swapping/BARK.py:156: UserWarning: Exited at iteration 50 with accuracies 
[4.24276473e-08]
not reaching the requested tolerance 1e-09.
Use iteration 51 instead with accuracy 
4.242764729792365e-08.

  values, vectors = lobpcg(projected_hamiltonian, guess, largest=False,
/home/erosanow_hpc/informed_swapping/BARK.py:156: UserWarning: Exited postprocessing with accuracies 
[4.24276478e-08]
not reaching the requested tolerance 1e-09.
  values, vectors = lobpcg(projected_hamiltonian, guess, largest=False,
/home/erosanow_hpc/informed_swapping/BARK.py:156: UserWarning: Exited at iteration 50 with accuracies 
[9.51170956e-08]
not reaching the requested tolerance 1e-09.
Use iteration 51 instead with accuracy 
9.51170956003846e-08.

  values, vectors = lobpcg(projected_hamiltonian, guess, largest=False,
/home/erosanow_hpc/informed_swapping/BARK.py:156: UserWarning: Exited postprocessing with accuracies 
[9.51170956e-08]
not reaching the requested tolerance 1e-09.
  values, vectors = lobpcg(projected_hamiltonian, guess, largest=False,
/home/erosanow_hpc/informed_swapping/BARK.py:156: UserWarning: Exited at iteration 50 with accuracies 
[1.77401728e-08]
not reaching the requested tolerance 1e-09.
Use iteration 51 instead with accuracy 
1.774017279264069e-08.

  values, vectors = lobpcg(projected_hamiltonian, guess, largest=False,
/home/erosanow_hpc/informed_swapping/BARK.py:156: UserWarning: Exited postprocessing with accuracies 
[1.77401726e-08]
not reaching the requested tolerance 1e-09.
  values, vectors = lobpcg(projected_hamiltonian, guess, largest=False,
/home/erosanow_hpc/informed_swapping/BARK.py:156: UserWarning: Exited at iteration 50 with accuracies 
[4.13542124e-08]
not reaching the requested tolerance 1e-09.
Use iteration 51 instead with accuracy 
4.135421240413492e-08.

  values, vectors = lobpcg(projected_hamiltonian, guess, largest=False,
/home/erosanow_hpc/informed_swapping/BARK.py:156: UserWarning: Exited postprocessing with accuracies 
[4.13542131e-08]
not reaching the requested tolerance 1e-09.
  values, vectors = lobpcg(projected_hamiltonian, guess, largest=False,
/home/erosanow_hpc/informed_swapping/BARK.py:156: UserWarning: Exited at iteration 50 with accuracies 
[6.79800152e-08]
not reaching the requested tolerance 1e-09.
Use iteration 51 instead with accuracy 
6.79800151603947e-08.

  values, vectors = lobpcg(projected_hamiltonian, guess, largest=False,
/home/erosanow_hpc/informed_swapping/BARK.py:156: UserWarning: Exited postprocessing with accuracies 
[6.79800153e-08]
not reaching the requested tolerance 1e-09.
  values, vectors = lobpcg(projected_hamiltonian, guess, largest=False,
/home/erosanow_hpc/informed_swapping/BARK.py:156: UserWarning: Exited at iteration 50 with accuracies 
[1.70485048e-07]
not reaching the requested tolerance 1e-09.
Use iteration 50 instead with accuracy 
1.5447657589727606e-07.

  values, vectors = lobpcg(projected_hamiltonian, guess, largest=False,
/home/erosanow_hpc/informed_swapping/BARK.py:156: UserWarning: Exited postprocessing with accuracies 
[1.54476576e-07]
not reaching the requested tolerance 1e-09.
  values, vectors = lobpcg(projected_hamiltonian, guess, largest=False,
/home/erosanow_hpc/informed_swapping/BARK.py:156: UserWarning: Exited at iteration 50 with accuracies 
[9.12469277e-08]
not reaching the requested tolerance 1e-09.
Use iteration 50 instead with accuracy 
9.03339641277928e-08.

  values, vectors = lobpcg(projected_hamiltonian, guess, largest=False,
/home/erosanow_hpc/informed_swapping/BARK.py:156: UserWarning: Exited postprocessing with accuracies 
[9.03339643e-08]
not reaching the requested tolerance 1e-09.
  values, vectors = lobpcg(projected_hamiltonian, guess, largest=False,
/home/erosanow_hpc/informed_swapping/BARK.py:156: UserWarning: Exited at iteration 50 with accuracies 
[5.9245898e-07]
not reaching the requested tolerance 1e-09.
Use iteration 49 instead with accuracy 
4.3261133118897143e-07.

  values, vectors = lobpcg(projected_hamiltonian, guess, largest=False,
/home/erosanow_hpc/informed_swapping/BARK.py:156: UserWarning: Exited postprocessing with accuracies 
[4.32611331e-07]
not reaching the requested tolerance 1e-09.
  values, vectors = lobpcg(projected_hamiltonian, guess, largest=False,
/home/erosanow_hpc/informed_swapping/BARK.py:156: UserWarning: Exited at iteration 50 with accuracies 
[7.89796526e-07]
not reaching the requested tolerance 1e-09.
Use iteration 48 instead with accuracy 
5.60987609899537e-07.

  values, vectors = lobpcg(projected_hamiltonian, guess, largest=False,
/home/erosanow_hpc/informed_swapping/BARK.py:156: UserWarning: Exited postprocessing with accuracies 
[5.6098761e-07]
not reaching the requested tolerance 1e-09.
  values, vectors = lobpcg(projected_hamiltonian, guess, largest=False,
/home/erosanow_hpc/informed_swapping/BARK.py:156: UserWarning: Exited at iteration 50 with accuracies 
[2.01038931e-06]
not reaching the requested tolerance 1e-09.
Use iteration 47 instead with accuracy 
1.5155733749778639e-06.

  values, vectors = lobpcg(projected_hamiltonian, guess, largest=False,
/home/erosanow_hpc/informed_swapping/BARK.py:156: UserWarning: Exited postprocessing with accuracies 
[1.51557337e-06]
not reaching the requested tolerance 1e-09.
  values, vectors = lobpcg(projected_hamiltonian, guess, largest=False,
/home/erosanow_hpc/informed_swapping/BARK.py:156: UserWarning: Exited at iteration 50 with accuracies 
[1.03928605e-09]
not reaching the requested tolerance 1e-09.
Use iteration 51 instead with accuracy 
1.039286052201621e-09.

  values, vectors = lobpcg(projected_hamiltonian, guess, largest=False,
/home/erosanow_hpc/informed_swapping/BARK.py:156: UserWarning: Exited postprocessing with accuracies 
[1.03928588e-09]
not reaching the requested tolerance 1e-09.
  values, vectors = lobpcg(projected_hamiltonian, guess, largest=False,
/home/erosanow_hpc/informed_swapping/BARK.py:156: UserWarning: Exited at iteration 50 with accuracies 
[1.27394462e-09]
not reaching the requested tolerance 1e-09.
Use iteration 51 instead with accuracy 
1.2739446171153395e-09.

  values, vectors = lobpcg(projected_hamiltonian, guess, largest=False,
/home/erosanow_hpc/informed_swapping/BARK.py:156: UserWarning: Exited postprocessing with accuracies 
[1.27394452e-09]
not reaching the requested tolerance 1e-09.
  values, vectors = lobpcg(projected_hamiltonian, guess, largest=False,
/home/erosanow_hpc/informed_swapping/BARK.py:156: UserWarning: Exited at iteration 50 with accuracies 
[1.39998237e-09]
not reaching the requested tolerance 1e-09.
Use iteration 51 instead with accuracy 
1.399982368498587e-09.

  values, vectors = lobpcg(projected_hamiltonian, guess, largest=False,
/home/erosanow_hpc/informed_swapping/BARK.py:156: UserWarning: Exited postprocessing with accuracies 
[1.39998191e-09]
not reaching the requested tolerance 1e-09.
  values, vectors = lobpcg(projected_hamiltonian, guess, largest=False,
/home/erosanow_hpc/informed_swapping/BARK.py:156: UserWarning: Exited at iteration 50 with accuracies 
[1.90056478e-09]
not reaching the requested tolerance 1e-09.
Use iteration 51 instead with accuracy 
1.900564782646331e-09.

  values, vectors = lobpcg(projected_hamiltonian, guess, largest=False,
/home/erosanow_hpc/informed_swapping/BARK.py:156: UserWarning: Exited postprocessing with accuracies 
[1.90056434e-09]
not reaching the requested tolerance 1e-09.
  values, vectors = lobpcg(projected_hamiltonian, guess, largest=False,
/home/erosanow_hpc/informed_swapping/BARK.py:156: UserWarning: Exited at iteration 50 with accuracies 
[1.04694922e-09]
not reaching the requested tolerance 1e-09.
Use iteration 51 instead with accuracy 
1.046949221685152e-09.

  values, vectors = lobpcg(projected_hamiltonian, guess, largest=False,
/home/erosanow_hpc/informed_swapping/BARK.py:156: UserWarning: Exited postprocessing with accuracies 
[1.04694807e-09]
not reaching the requested tolerance 1e-09.
  values, vectors = lobpcg(projected_hamiltonian, guess, largest=False,
/home/erosanow_hpc/informed_swapping/BARK.py:156: UserWarning: Exited at iteration 50 with accuracies 
[1.02744822e-09]
not reaching the requested tolerance 1e-09.
Use iteration 51 instead with accuracy 
1.027448221496742e-09.

  values, vectors = lobpcg(projected_hamiltonian, guess, largest=False,
/home/erosanow_hpc/informed_swapping/BARK.py:156: UserWarning: Exited postprocessing with accuracies 
[1.02744854e-09]
not reaching the requested tolerance 1e-09.
  values, vectors = lobpcg(projected_hamiltonian, guess, largest=False,
/home/erosanow_hpc/informed_swapping/BARK.py:156: UserWarning: Exited at iteration 50 with accuracies 
[1.06665163e-09]
not reaching the requested tolerance 1e-09.
Use iteration 51 instead with accuracy 
1.066651634330519e-09.

  values, vectors = lobpcg(projected_hamiltonian, guess, largest=False,
/home/erosanow_hpc/informed_swapping/BARK.py:156: UserWarning: Exited postprocessing with accuracies 
[1.06665089e-09]
not reaching the requested tolerance 1e-09.
  values, vectors = lobpcg(projected_hamiltonian, guess, largest=False,
/home/erosanow_hpc/informed_swapping/BARK.py:156: UserWarning: Exited at iteration 50 with accuracies 
[1.37392798e-09]
not reaching the requested tolerance 1e-09.
Use iteration 51 instead with accuracy 
1.3739279845526635e-09.

  values, vectors = lobpcg(projected_hamiltonian, guess, largest=False,
/home/erosanow_hpc/informed_swapping/BARK.py:156: UserWarning: Exited postprocessing with accuracies 
[1.37392805e-09]
not reaching the requested tolerance 1e-09.
  values, vectors = lobpcg(projected_hamiltonian, guess, largest=False,
/home/erosanow_hpc/informed_swapping/BARK.py:156: UserWarning: Exited at iteration 50 with accuracies 
[1.21129748e-09]
not reaching the requested tolerance 1e-09.
Use iteration 51 instead with accuracy 
1.2112974779737447e-09.

  values, vectors = lobpcg(projected_hamiltonian, guess, largest=False,
/home/erosanow_hpc/informed_swapping/BARK.py:156: UserWarning: Exited postprocessing with accuracies 
[1.21129824e-09]
not reaching the requested tolerance 1e-09.
  values, vectors = lobpcg(projected_hamiltonian, guess, largest=False,
/home/erosanow_hpc/informed_swapping/BARK.py:156: UserWarning: Exited at iteration 50 with accuracies 
[1.21957395e-09]
not reaching the requested tolerance 1e-09.
Use iteration 51 instead with accuracy 
1.2195739494360487e-09.

  values, vectors = lobpcg(projected_hamiltonian, guess, largest=False,
/home/erosanow_hpc/informed_swapping/BARK.py:156: UserWarning: Exited postprocessing with accuracies 
[1.21957429e-09]
not reaching the requested tolerance 1e-09.
  values, vectors = lobpcg(projected_hamiltonian, guess, largest=False,
/home/erosanow_hpc/informed_swapping/BARK.py:156: UserWarning: Exited at iteration 50 with accuracies 
[1.54143962e-09]
not reaching the requested tolerance 1e-09.
Use iteration 51 instead with accuracy 
1.5414396212438002e-09.

  values, vectors = lobpcg(projected_hamiltonian, guess, largest=False,
/home/erosanow_hpc/informed_swapping/BARK.py:156: UserWarning: Exited postprocessing with accuracies 
[1.54144003e-09]
not reaching the requested tolerance 1e-09.
  values, vectors = lobpcg(projected_hamiltonian, guess, largest=False,
/home/erosanow_hpc/informed_swapping/BARK.py:156: UserWarning: Exited at iteration 50 with accuracies 
[1.19852607e-09]
not reaching the requested tolerance 1e-09.
Use iteration 51 instead with accuracy 
1.198526069964454e-09.

  values, vectors = lobpcg(projected_hamiltonian, guess, largest=False,
/home/erosanow_hpc/informed_swapping/BARK.py:156: UserWarning: Exited postprocessing with accuracies 
[1.19852581e-09]
not reaching the requested tolerance 1e-09.
  values, vectors = lobpcg(projected_hamiltonian, guess, largest=False,
/home/erosanow_hpc/informed_swapping/BARK.py:156: UserWarning: Exited at iteration 50 with accuracies 
[1.01651453e-09]
not reaching the requested tolerance 1e-09.
Use iteration 51 instead with accuracy 
1.0165145270590604e-09.

  values, vectors = lobpcg(projected_hamiltonian, guess, largest=False,
/home/erosanow_hpc/informed_swapping/BARK.py:156: UserWarning: Exited postprocessing with accuracies 
[1.01651426e-09]
not reaching the requested tolerance 1e-09.
  values, vectors = lobpcg(projected_hamiltonian, guess, largest=False,
/home/erosanow_hpc/informed_swapping/BARK.py:156: UserWarning: Exited at iteration 50 with accuracies 
[1.5151717e-09]
not reaching the requested tolerance 1e-09.
Use iteration 51 instead with accuracy 
1.5151716969267607e-09.

  values, vectors = lobpcg(projected_hamiltonian, guess, largest=False,
/home/erosanow_hpc/informed_swapping/BARK.py:156: UserWarning: Exited postprocessing with accuracies 
[1.51517104e-09]
not reaching the requested tolerance 1e-09.
  values, vectors = lobpcg(projected_hamiltonian, guess, largest=False,
/home/erosanow_hpc/informed_swapping/BARK.py:156: UserWarning: Exited at iteration 50 with accuracies 
[1.48875927e-09]
not reaching the requested tolerance 1e-09.
Use iteration 51 instead with accuracy 
1.488759267116811e-09.

  values, vectors = lobpcg(projected_hamiltonian, guess, largest=False,
/home/erosanow_hpc/informed_swapping/BARK.py:156: UserWarning: Exited postprocessing with accuracies 
[1.48875934e-09]
not reaching the requested tolerance 1e-09.
  values, vectors = lobpcg(projected_hamiltonian, guess, largest=False,
/home/erosanow_hpc/informed_swapping/BARK.py:156: UserWarning: Exited at iteration 50 with accuracies 
[1.89784654e-09]
not reaching the requested tolerance 1e-09.
Use iteration 51 instead with accuracy 
1.8978465393803527e-09.

  values, vectors = lobpcg(projected_hamiltonian, guess, largest=False,
/home/erosanow_hpc/informed_swapping/BARK.py:156: UserWarning: Exited postprocessing with accuracies 
[1.89784643e-09]
not reaching the requested tolerance 1e-09.
  values, vectors = lobpcg(projected_hamiltonian, guess, largest=False,
/home/erosanow_hpc/informed_swapping/BARK.py:156: UserWarning: Exited at iteration 50 with accuracies 
[1.46706932e-09]
not reaching the requested tolerance 1e-09.
Use iteration 51 instead with accuracy 
1.467069321279689e-09.

  values, vectors = lobpcg(projected_hamiltonian, guess, largest=False,
/home/erosanow_hpc/informed_swapping/BARK.py:156: UserWarning: Exited postprocessing with accuracies 
[1.46706919e-09]
not reaching the requested tolerance 1e-09.
  values, vectors = lobpcg(projected_hamiltonian, guess, largest=False,
/home/erosanow_hpc/informed_swapping/BARK.py:156: UserWarning: Exited at iteration 50 with accuracies 
[1.72265451e-09]
not reaching the requested tolerance 1e-09.
Use iteration 51 instead with accuracy 
1.7226545111308176e-09.

  values, vectors = lobpcg(projected_hamiltonian, guess, largest=False,
/home/erosanow_hpc/informed_swapping/BARK.py:156: UserWarning: Exited postprocessing with accuracies 
[1.72265465e-09]
not reaching the requested tolerance 1e-09.
  values, vectors = lobpcg(projected_hamiltonian, guess, largest=False,
/home/erosanow_hpc/informed_swapping/BARK.py:156: UserWarning: Exited at iteration 50 with accuracies 
[2.24990452e-09]
not reaching the requested tolerance 1e-09.
Use iteration 51 instead with accuracy 
2.2499045215983306e-09.

  values, vectors = lobpcg(projected_hamiltonian, guess, largest=False,
/home/erosanow_hpc/informed_swapping/BARK.py:156: UserWarning: Exited postprocessing with accuracies 
[2.24990461e-09]
not reaching the requested tolerance 1e-09.
  values, vectors = lobpcg(projected_hamiltonian, guess, largest=False,
/home/erosanow_hpc/informed_swapping/BARK.py:156: UserWarning: Exited at iteration 50 with accuracies 
[1.93955223e-09]
not reaching the requested tolerance 1e-09.
Use iteration 51 instead with accuracy 
1.939552232902626e-09.

  values, vectors = lobpcg(projected_hamiltonian, guess, largest=False,
/home/erosanow_hpc/informed_swapping/BARK.py:156: UserWarning: Exited postprocessing with accuracies 
[1.93955277e-09]
not reaching the requested tolerance 1e-09.
  values, vectors = lobpcg(projected_hamiltonian, guess, largest=False,
/home/erosanow_hpc/informed_swapping/BARK.py:156: UserWarning: Exited at iteration 50 with accuracies 
[3.03287991e-09]
not reaching the requested tolerance 1e-09.
Use iteration 51 instead with accuracy 
3.0328799130662967e-09.

  values, vectors = lobpcg(projected_hamiltonian, guess, largest=False,
/home/erosanow_hpc/informed_swapping/BARK.py:156: UserWarning: Exited postprocessing with accuracies 
[3.03287964e-09]
not reaching the requested tolerance 1e-09.
  values, vectors = lobpcg(projected_hamiltonian, guess, largest=False,
/home/erosanow_hpc/informed_swapping/BARK.py:156: UserWarning: Exited at iteration 50 with accuracies 
[3.13481962e-09]
not reaching the requested tolerance 1e-09.
Use iteration 51 instead with accuracy 
3.1348196236757864e-09.

  values, vectors = lobpcg(projected_hamiltonian, guess, largest=False,
/home/erosanow_hpc/informed_swapping/BARK.py:156: UserWarning: Exited postprocessing with accuracies 
[3.13481992e-09]
not reaching the requested tolerance 1e-09.
  values, vectors = lobpcg(projected_hamiltonian, guess, largest=False,
/home/erosanow_hpc/informed_swapping/BARK.py:156: UserWarning: Exited at iteration 50 with accuracies 
[4.24639545e-09]
not reaching the requested tolerance 1e-09.
Use iteration 51 instead with accuracy 
4.246395451988959e-09.

  values, vectors = lobpcg(projected_hamiltonian, guess, largest=False,
/home/erosanow_hpc/informed_swapping/BARK.py:156: UserWarning: Exited postprocessing with accuracies 
[4.24639543e-09]
not reaching the requested tolerance 1e-09.
  values, vectors = lobpcg(projected_hamiltonian, guess, largest=False,
/home/erosanow_hpc/informed_swapping/BARK.py:156: UserWarning: Exited at iteration 50 with accuracies 
[1.03963093e-09]
not reaching the requested tolerance 1e-09.
Use iteration 51 instead with accuracy 
1.03963092858256e-09.

  values, vectors = lobpcg(projected_hamiltonian, guess, largest=False,
/home/erosanow_hpc/informed_swapping/BARK.py:156: UserWarning: Exited postprocessing with accuracies 
[1.03963078e-09]
not reaching the requested tolerance 1e-09.
  values, vectors = lobpcg(projected_hamiltonian, guess, largest=False,
/home/erosanow_hpc/informed_swapping/BARK.py:156: UserWarning: Exited at iteration 50 with accuracies 
[1.35562633e-09]
not reaching the requested tolerance 1e-09.
Use iteration 51 instead with accuracy 
1.3556263289454533e-09.

  values, vectors = lobpcg(projected_hamiltonian, guess, largest=False,
/home/erosanow_hpc/informed_swapping/BARK.py:156: UserWarning: Exited postprocessing with accuracies 
[1.35562644e-09]
not reaching the requested tolerance 1e-09.
  values, vectors = lobpcg(projected_hamiltonian, guess, largest=False,
/home/erosanow_hpc/informed_swapping/BARK.py:156: UserWarning: Exited at iteration 50 with accuracies 
[1.07322902e-09]
not reaching the requested tolerance 1e-09.
Use iteration 51 instead with accuracy 
1.0732290182992385e-09.

  values, vectors = lobpcg(projected_hamiltonian, guess, largest=False,
/home/erosanow_hpc/informed_swapping/BARK.py:156: UserWarning: Exited postprocessing with accuracies 
[1.07322921e-09]
not reaching the requested tolerance 1e-09.
  values, vectors = lobpcg(projected_hamiltonian, guess, largest=False,
/home/erosanow_hpc/informed_swapping/BARK.py:156: UserWarning: Exited at iteration 50 with accuracies 
[1.19437421e-09]
not reaching the requested tolerance 1e-09.
Use iteration 51 instead with accuracy 
1.1943742083603907e-09.

  values, vectors = lobpcg(projected_hamiltonian, guess, largest=False,
/home/erosanow_hpc/informed_swapping/BARK.py:156: UserWarning: Exited postprocessing with accuracies 
[1.19437382e-09]
not reaching the requested tolerance 1e-09.
  values, vectors = lobpcg(projected_hamiltonian, guess, largest=False,
/home/erosanow_hpc/informed_swapping/BARK.py:156: UserWarning: Exited at iteration 50 with accuracies 
[1.52031397e-09]
not reaching the requested tolerance 1e-09.
Use iteration 51 instead with accuracy 
1.5203139737919949e-09.

  values, vectors = lobpcg(projected_hamiltonian, guess, largest=False,
/home/erosanow_hpc/informed_swapping/BARK.py:156: UserWarning: Exited postprocessing with accuracies 
[1.52031385e-09]
not reaching the requested tolerance 1e-09.
  values, vectors = lobpcg(projected_hamiltonian, guess, largest=False,
/home/erosanow_hpc/informed_swapping/BARK.py:156: UserWarning: Exited at iteration 50 with accuracies 
[1.220302e-09]
not reaching the requested tolerance 1e-09.
Use iteration 51 instead with accuracy 
1.2203019957213423e-09.

  values, vectors = lobpcg(projected_hamiltonian, guess, largest=False,
/home/erosanow_hpc/informed_swapping/BARK.py:156: UserWarning: Exited postprocessing with accuracies 
[1.22030225e-09]
not reaching the requested tolerance 1e-09.
  values, vectors = lobpcg(projected_hamiltonian, guess, largest=False,
/home/erosanow_hpc/informed_swapping/BARK.py:156: UserWarning: Exited at iteration 50 with accuracies 
[1.38408341e-09]
not reaching the requested tolerance 1e-09.
Use iteration 51 instead with accuracy 
1.3840834126187626e-09.

  values, vectors = lobpcg(projected_hamiltonian, guess, largest=False,
/home/erosanow_hpc/informed_swapping/BARK.py:156: UserWarning: Exited postprocessing with accuracies 
[1.38408312e-09]
not reaching the requested tolerance 1e-09.
  values, vectors = lobpcg(projected_hamiltonian, guess, largest=False,
/home/erosanow_hpc/informed_swapping/BARK.py:156: UserWarning: Exited at iteration 50 with accuracies 
[1.76896085e-09]
not reaching the requested tolerance 1e-09.
Use iteration 51 instead with accuracy 
1.7689608478309121e-09.

  values, vectors = lobpcg(projected_hamiltonian, guess, largest=False,
/home/erosanow_hpc/informed_swapping/BARK.py:156: UserWarning: Exited postprocessing with accuracies 
[1.76896061e-09]
not reaching the requested tolerance 1e-09.
  values, vectors = lobpcg(projected_hamiltonian, guess, largest=False,
/home/erosanow_hpc/informed_swapping/BARK.py:156: UserWarning: Exited at iteration 50 with accuracies 
[1.48401609e-09]
not reaching the requested tolerance 1e-09.
Use iteration 51 instead with accuracy 
1.4840160903909166e-09.

  values, vectors = lobpcg(projected_hamiltonian, guess, largest=False,
/home/erosanow_hpc/informed_swapping/BARK.py:156: UserWarning: Exited postprocessing with accuracies 
[1.48401596e-09]
not reaching the requested tolerance 1e-09.
  values, vectors = lobpcg(projected_hamiltonian, guess, largest=False,
/home/erosanow_hpc/informed_swapping/BARK.py:156: UserWarning: Exited at iteration 50 with accuracies 
[2.2534065e-09]
not reaching the requested tolerance 1e-09.
Use iteration 51 instead with accuracy 
2.2534064960553197e-09.

  values, vectors = lobpcg(projected_hamiltonian, guess, largest=False,
/home/erosanow_hpc/informed_swapping/BARK.py:156: UserWarning: Exited postprocessing with accuracies 
[2.25340598e-09]
not reaching the requested tolerance 1e-09.
  values, vectors = lobpcg(projected_hamiltonian, guess, largest=False,
/home/erosanow_hpc/informed_swapping/BARK.py:156: UserWarning: Exited at iteration 50 with accuracies 
[2.47273208e-09]
not reaching the requested tolerance 1e-09.
Use iteration 51 instead with accuracy 
2.4727320788684667e-09.

  values, vectors = lobpcg(projected_hamiltonian, guess, largest=False,
/home/erosanow_hpc/informed_swapping/BARK.py:156: UserWarning: Exited postprocessing with accuracies 
[2.47273241e-09]
not reaching the requested tolerance 1e-09.
  values, vectors = lobpcg(projected_hamiltonian, guess, largest=False,
/home/erosanow_hpc/informed_swapping/BARK.py:156: UserWarning: Exited at iteration 50 with accuracies 
[3.30896954e-09]
not reaching the requested tolerance 1e-09.
Use iteration 51 instead with accuracy 
3.3089695355619833e-09.

  values, vectors = lobpcg(projected_hamiltonian, guess, largest=False,
/home/erosanow_hpc/informed_swapping/BARK.py:156: UserWarning: Exited postprocessing with accuracies 
[3.30896958e-09]
not reaching the requested tolerance 1e-09.
  values, vectors = lobpcg(projected_hamiltonian, guess, largest=False,
/home/erosanow_hpc/informed_swapping/BARK.py:156: UserWarning: Exited at iteration 50 with accuracies 
[1.13349658e-09]
not reaching the requested tolerance 1e-09.
Use iteration 51 instead with accuracy 
1.133496575940684e-09.

  values, vectors = lobpcg(projected_hamiltonian, guess, largest=False,
/home/erosanow_hpc/informed_swapping/BARK.py:156: UserWarning: Exited postprocessing with accuracies 
[1.13349657e-09]
not reaching the requested tolerance 1e-09.
  values, vectors = lobpcg(projected_hamiltonian, guess, largest=False,
/home/erosanow_hpc/informed_swapping/BARK.py:156: UserWarning: Exited at iteration 50 with accuracies 
[1.14557975e-09]
not reaching the requested tolerance 1e-09.
Use iteration 51 instead with accuracy 
1.1455797474314452e-09.

  values, vectors = lobpcg(projected_hamiltonian, guess, largest=False,
/home/erosanow_hpc/informed_swapping/BARK.py:156: UserWarning: Exited postprocessing with accuracies 
[1.14557945e-09]
not reaching the requested tolerance 1e-09.
  values, vectors = lobpcg(projected_hamiltonian, guess, largest=False,
/home/erosanow_hpc/informed_swapping/BARK.py:156: UserWarning: Exited at iteration 50 with accuracies 
[1.37708358e-09]
not reaching the requested tolerance 1e-09.
Use iteration 51 instead with accuracy 
1.3770835843417722e-09.

  values, vectors = lobpcg(projected_hamiltonian, guess, largest=False,
/home/erosanow_hpc/informed_swapping/BARK.py:156: UserWarning: Exited postprocessing with accuracies 
[1.37708378e-09]
not reaching the requested tolerance 1e-09.
  values, vectors = lobpcg(projected_hamiltonian, guess, largest=False,
/home/erosanow_hpc/informed_swapping/BARK.py:156: UserWarning: Exited at iteration 50 with accuracies 
[1.48818855e-09]
not reaching the requested tolerance 1e-09.
Use iteration 51 instead with accuracy 
1.4881885458589613e-09.

  values, vectors = lobpcg(projected_hamiltonian, guess, largest=False,
/home/erosanow_hpc/informed_swapping/BARK.py:156: UserWarning: Exited postprocessing with accuracies 
[1.4881883e-09]
not reaching the requested tolerance 1e-09.
  values, vectors = lobpcg(projected_hamiltonian, guess, largest=False,
/home/erosanow_hpc/informed_swapping/BARK.py:156: UserWarning: Exited at iteration 50 with accuracies 
[1.88952101e-09]
not reaching the requested tolerance 1e-09.
Use iteration 51 instead with accuracy 
1.8895210090415835e-09.

  values, vectors = lobpcg(projected_hamiltonian, guess, largest=False,
/home/erosanow_hpc/informed_swapping/BARK.py:156: UserWarning: Exited postprocessing with accuracies 
[1.88952105e-09]
not reaching the requested tolerance 1e-09.
  values, vectors = lobpcg(projected_hamiltonian, guess, largest=False,
/home/erosanow_hpc/informed_swapping/BARK.py:156: UserWarning: Exited at iteration 50 with accuracies 
[1.07006477e-09]
not reaching the requested tolerance 1e-09.
Use iteration 51 instead with accuracy 
1.0700647688458325e-09.

  values, vectors = lobpcg(projected_hamiltonian, guess, largest=False,
/home/erosanow_hpc/informed_swapping/BARK.py:156: UserWarning: Exited postprocessing with accuracies 
[1.07006505e-09]
not reaching the requested tolerance 1e-09.
  values, vectors = lobpcg(projected_hamiltonian, guess, largest=False,
/home/erosanow_hpc/informed_swapping/BARK.py:156: UserWarning: Exited at iteration 50 with accuracies 
[1.33312111e-09]
not reaching the requested tolerance 1e-09.
Use iteration 51 instead with accuracy 
1.333121107287653e-09.

  values, vectors = lobpcg(projected_hamiltonian, guess, largest=False,
/home/erosanow_hpc/informed_swapping/BARK.py:156: UserWarning: Exited postprocessing with accuracies 
[1.33312113e-09]
not reaching the requested tolerance 1e-09.
  values, vectors = lobpcg(projected_hamiltonian, guess, largest=False,
/home/erosanow_hpc/informed_swapping/BARK.py:156: UserWarning: Exited at iteration 50 with accuracies 
[1.11021268e-09]
not reaching the requested tolerance 1e-09.
Use iteration 51 instead with accuracy 
1.1102126755983974e-09.

  values, vectors = lobpcg(projected_hamiltonian, guess, largest=False,
/home/erosanow_hpc/informed_swapping/BARK.py:156: UserWarning: Exited postprocessing with accuracies 
[1.11021306e-09]
not reaching the requested tolerance 1e-09.
  values, vectors = lobpcg(projected_hamiltonian, guess, largest=False,
/home/erosanow_hpc/informed_swapping/BARK.py:156: UserWarning: Exited at iteration 50 with accuracies 
[1.64629569e-09]
not reaching the requested tolerance 1e-09.
Use iteration 51 instead with accuracy 
1.6462956915935223e-09.

  values, vectors = lobpcg(projected_hamiltonian, guess, largest=False,
/home/erosanow_hpc/informed_swapping/BARK.py:156: UserWarning: Exited postprocessing with accuracies 
[1.64629599e-09]
not reaching the requested tolerance 1e-09.
  values, vectors = lobpcg(projected_hamiltonian, guess, largest=False,
/home/erosanow_hpc/informed_swapping/BARK.py:156: UserWarning: Exited at iteration 50 with accuracies 
[1.74130593e-09]
not reaching the requested tolerance 1e-09.
Use iteration 51 instead with accuracy 
1.7413059282861663e-09.

  values, vectors = lobpcg(projected_hamiltonian, guess, largest=False,
/home/erosanow_hpc/informed_swapping/BARK.py:156: UserWarning: Exited postprocessing with accuracies 
[1.7413053e-09]
not reaching the requested tolerance 1e-09.
  values, vectors = lobpcg(projected_hamiltonian, guess, largest=False,
/home/erosanow_hpc/informed_swapping/BARK.py:156: UserWarning: Exited at iteration 50 with accuracies 
[2.20373855e-09]
not reaching the requested tolerance 1e-09.
Use iteration 51 instead with accuracy 
2.2037385543585913e-09.

  values, vectors = lobpcg(projected_hamiltonian, guess, largest=False,
/home/erosanow_hpc/informed_swapping/BARK.py:156: UserWarning: Exited postprocessing with accuracies 
[2.20373837e-09]
not reaching the requested tolerance 1e-09.
  values, vectors = lobpcg(projected_hamiltonian, guess, largest=False,
/home/erosanow_hpc/informed_swapping/BARK.py:156: UserWarning: Exited at iteration 50 with accuracies 
[1.09116073e-09]
not reaching the requested tolerance 1e-09.
Use iteration 51 instead with accuracy 
1.0911607278026275e-09.

  values, vectors = lobpcg(projected_hamiltonian, guess, largest=False,
/home/erosanow_hpc/informed_swapping/BARK.py:156: UserWarning: Exited postprocessing with accuracies 
[1.09116105e-09]
not reaching the requested tolerance 1e-09.
  values, vectors = lobpcg(projected_hamiltonian, guess, largest=False,
/home/erosanow_hpc/informed_swapping/BARK.py:156: UserWarning: Exited at iteration 50 with accuracies 
[1.58550576e-09]
not reaching the requested tolerance 1e-09.
Use iteration 51 instead with accuracy 
1.5855057555770144e-09.

  values, vectors = lobpcg(projected_hamiltonian, guess, largest=False,
/home/erosanow_hpc/informed_swapping/BARK.py:156: UserWarning: Exited postprocessing with accuracies 
[1.5855061e-09]
not reaching the requested tolerance 1e-09.
  values, vectors = lobpcg(projected_hamiltonian, guess, largest=False,
/home/erosanow_hpc/informed_swapping/BARK.py:156: UserWarning: Exited at iteration 50 with accuracies 
[1.78883518e-09]
not reaching the requested tolerance 1e-09.
Use iteration 51 instead with accuracy 
1.7888351807792344e-09.

  values, vectors = lobpcg(projected_hamiltonian, guess, largest=False,
/home/erosanow_hpc/informed_swapping/BARK.py:156: UserWarning: Exited postprocessing with accuracies 
[1.78883539e-09]
not reaching the requested tolerance 1e-09.
  values, vectors = lobpcg(projected_hamiltonian, guess, largest=False,
/home/erosanow_hpc/informed_swapping/BARK.py:156: UserWarning: Exited at iteration 50 with accuracies 
[2.265887e-09]
not reaching the requested tolerance 1e-09.
Use iteration 51 instead with accuracy 
2.265886997730506e-09.

  values, vectors = lobpcg(projected_hamiltonian, guess, largest=False,
/home/erosanow_hpc/informed_swapping/BARK.py:156: UserWarning: Exited postprocessing with accuracies 
[2.26588697e-09]
not reaching the requested tolerance 1e-09.
  values, vectors = lobpcg(projected_hamiltonian, guess, largest=False,
/home/erosanow_hpc/informed_swapping/BARK.py:156: UserWarning: Exited at iteration 50 with accuracies 
[1.87856678e-09]
not reaching the requested tolerance 1e-09.
Use iteration 51 instead with accuracy 
1.8785667801465704e-09.

  values, vectors = lobpcg(projected_hamiltonian, guess, largest=False,
/home/erosanow_hpc/informed_swapping/BARK.py:156: UserWarning: Exited postprocessing with accuracies 
[1.87856639e-09]
not reaching the requested tolerance 1e-09.
  values, vectors = lobpcg(projected_hamiltonian, guess, largest=False,
/home/erosanow_hpc/informed_swapping/BARK.py:156: UserWarning: Exited at iteration 50 with accuracies 
[2.86768921e-09]
not reaching the requested tolerance 1e-09.
Use iteration 51 instead with accuracy 
2.867689211346315e-09.

  values, vectors = lobpcg(projected_hamiltonian, guess, largest=False,
/home/erosanow_hpc/informed_swapping/BARK.py:156: UserWarning: Exited postprocessing with accuracies 
[2.8676895e-09]
not reaching the requested tolerance 1e-09.
  values, vectors = lobpcg(projected_hamiltonian, guess, largest=False,
/home/erosanow_hpc/informed_swapping/BARK.py:156: UserWarning: Exited at iteration 50 with accuracies 
[3.13897878e-09]
not reaching the requested tolerance 1e-09.
Use iteration 51 instead with accuracy 
3.1389787835660974e-09.

  values, vectors = lobpcg(projected_hamiltonian, guess, largest=False,
/home/erosanow_hpc/informed_swapping/BARK.py:156: UserWarning: Exited postprocessing with accuracies 
[3.13897854e-09]
not reaching the requested tolerance 1e-09.
  values, vectors = lobpcg(projected_hamiltonian, guess, largest=False,
/home/erosanow_hpc/informed_swapping/BARK.py:156: UserWarning: Exited at iteration 50 with accuracies 
[4.13849949e-09]
not reaching the requested tolerance 1e-09.
Use iteration 51 instead with accuracy 
4.138499489699531e-09.

  values, vectors = lobpcg(projected_hamiltonian, guess, largest=False,
/home/erosanow_hpc/informed_swapping/BARK.py:156: UserWarning: Exited postprocessing with accuracies 
[4.13850048e-09]
not reaching the requested tolerance 1e-09.
  values, vectors = lobpcg(projected_hamiltonian, guess, largest=False,
/home/erosanow_hpc/informed_swapping/BARK.py:156: UserWarning: Exited at iteration 50 with accuracies 
[1.24536224e-09]
not reaching the requested tolerance 1e-09.
Use iteration 51 instead with accuracy 
1.2453622415350543e-09.

  values, vectors = lobpcg(projected_hamiltonian, guess, largest=False,
/home/erosanow_hpc/informed_swapping/BARK.py:156: UserWarning: Exited postprocessing with accuracies 
[1.24536219e-09]
not reaching the requested tolerance 1e-09.
  values, vectors = lobpcg(projected_hamiltonian, guess, largest=False,
/home/erosanow_hpc/informed_swapping/BARK.py:156: UserWarning: Exited at iteration 50 with accuracies 
[1.39237468e-09]
not reaching the requested tolerance 1e-09.
Use iteration 51 instead with accuracy 
1.3923746778776926e-09.

  values, vectors = lobpcg(projected_hamiltonian, guess, largest=False,
/home/erosanow_hpc/informed_swapping/BARK.py:156: UserWarning: Exited postprocessing with accuracies 
[1.39237506e-09]
not reaching the requested tolerance 1e-09.
  values, vectors = lobpcg(projected_hamiltonian, guess, largest=False,
/home/erosanow_hpc/informed_swapping/BARK.py:156: UserWarning: Exited at iteration 50 with accuracies 
[1.74409099e-09]
not reaching the requested tolerance 1e-09.
Use iteration 51 instead with accuracy 
1.7440909876888975e-09.

  values, vectors = lobpcg(projected_hamiltonian, guess, largest=False,
/home/erosanow_hpc/informed_swapping/BARK.py:156: UserWarning: Exited postprocessing with accuracies 
[1.74409108e-09]
not reaching the requested tolerance 1e-09.
  values, vectors = lobpcg(projected_hamiltonian, guess, largest=False,
/home/erosanow_hpc/informed_swapping/BARK.py:156: UserWarning: Exited at iteration 50 with accuracies 
[1.42993276e-09]
not reaching the requested tolerance 1e-09.
Use iteration 51 instead with accuracy 
1.4299327590741518e-09.

  values, vectors = lobpcg(projected_hamiltonian, guess, largest=False,
/home/erosanow_hpc/informed_swapping/BARK.py:156: UserWarning: Exited postprocessing with accuracies 
[1.42993288e-09]
not reaching the requested tolerance 1e-09.
  values, vectors = lobpcg(projected_hamiltonian, guess, largest=False,
/home/erosanow_hpc/informed_swapping/BARK.py:156: UserWarning: Exited at iteration 50 with accuracies 
[2.13095134e-09]
not reaching the requested tolerance 1e-09.
Use iteration 51 instead with accuracy 
2.1309513397482093e-09.

  values, vectors = lobpcg(projected_hamiltonian, guess, largest=False,
/home/erosanow_hpc/informed_swapping/BARK.py:156: UserWarning: Exited postprocessing with accuracies 
[2.13095098e-09]
not reaching the requested tolerance 1e-09.
  values, vectors = lobpcg(projected_hamiltonian, guess, largest=False,
/home/erosanow_hpc/informed_swapping/BARK.py:156: UserWarning: Exited at iteration 50 with accuracies 
[2.23911342e-09]
not reaching the requested tolerance 1e-09.
Use iteration 51 instead with accuracy 
2.239113418054624e-09.

  values, vectors = lobpcg(projected_hamiltonian, guess, largest=False,
/home/erosanow_hpc/informed_swapping/BARK.py:156: UserWarning: Exited postprocessing with accuracies 
[2.23911331e-09]
not reaching the requested tolerance 1e-09.
  values, vectors = lobpcg(projected_hamiltonian, guess, largest=False,
/home/erosanow_hpc/informed_swapping/BARK.py:156: UserWarning: Exited at iteration 50 with accuracies 
[2.83935867e-09]
not reaching the requested tolerance 1e-09.
Use iteration 51 instead with accuracy 
2.839358666075441e-09.

  values, vectors = lobpcg(projected_hamiltonian, guess, largest=False,
/home/erosanow_hpc/informed_swapping/BARK.py:156: UserWarning: Exited postprocessing with accuracies 
[2.83935893e-09]
not reaching the requested tolerance 1e-09.
  values, vectors = lobpcg(projected_hamiltonian, guess, largest=False,
/home/erosanow_hpc/informed_swapping/BARK.py:156: UserWarning: Exited at iteration 50 with accuracies 
[1.49475932e-09]
not reaching the requested tolerance 1e-09.
Use iteration 51 instead with accuracy 
1.4947593150307102e-09.

  values, vectors = lobpcg(projected_hamiltonian, guess, largest=False,
/home/erosanow_hpc/informed_swapping/BARK.py:156: UserWarning: Exited postprocessing with accuracies 
[1.49475952e-09]
not reaching the requested tolerance 1e-09.
  values, vectors = lobpcg(projected_hamiltonian, guess, largest=False,
/home/erosanow_hpc/informed_swapping/BARK.py:156: UserWarning: Exited at iteration 50 with accuracies 
[2.21296522e-09]
not reaching the requested tolerance 1e-09.
Use iteration 51 instead with accuracy 
2.2129652192441185e-09.

  values, vectors = lobpcg(projected_hamiltonian, guess, largest=False,
/home/erosanow_hpc/informed_swapping/BARK.py:156: UserWarning: Exited postprocessing with accuracies 
[2.21296469e-09]
not reaching the requested tolerance 1e-09.
  values, vectors = lobpcg(projected_hamiltonian, guess, largest=False,
/home/erosanow_hpc/informed_swapping/BARK.py:156: UserWarning: Exited at iteration 50 with accuracies 
[2.53060346e-09]
not reaching the requested tolerance 1e-09.
Use iteration 51 instead with accuracy 
2.5306034572883564e-09.

  values, vectors = lobpcg(projected_hamiltonian, guess, largest=False,
/home/erosanow_hpc/informed_swapping/BARK.py:156: UserWarning: Exited postprocessing with accuracies 
[2.53060377e-09]
not reaching the requested tolerance 1e-09.
  values, vectors = lobpcg(projected_hamiltonian, guess, largest=False,
/home/erosanow_hpc/informed_swapping/BARK.py:156: UserWarning: Exited at iteration 50 with accuracies 
[3.25752652e-09]
not reaching the requested tolerance 1e-09.
Use iteration 51 instead with accuracy 
3.2575265197379788e-09.

  values, vectors = lobpcg(projected_hamiltonian, guess, largest=False,
/home/erosanow_hpc/informed_swapping/BARK.py:156: UserWarning: Exited postprocessing with accuracies 
[3.25752686e-09]
not reaching the requested tolerance 1e-09.
  values, vectors = lobpcg(projected_hamiltonian, guess, largest=False,
/home/erosanow_hpc/informed_swapping/BARK.py:156: UserWarning: Exited at iteration 50 with accuracies 
[2.63955309e-09]
not reaching the requested tolerance 1e-09.
Use iteration 51 instead with accuracy 
2.6395530925549346e-09.

  values, vectors = lobpcg(projected_hamiltonian, guess, largest=False,
/home/erosanow_hpc/informed_swapping/BARK.py:156: UserWarning: Exited postprocessing with accuracies 
[2.63955307e-09]
not reaching the requested tolerance 1e-09.
  values, vectors = lobpcg(projected_hamiltonian, guess, largest=False,
/home/erosanow_hpc/informed_swapping/BARK.py:156: UserWarning: Exited at iteration 50 with accuracies 
[4.08855786e-09]
not reaching the requested tolerance 1e-09.
Use iteration 51 instead with accuracy 
4.088557860309044e-09.

  values, vectors = lobpcg(projected_hamiltonian, guess, largest=False,
/home/erosanow_hpc/informed_swapping/BARK.py:156: UserWarning: Exited postprocessing with accuracies 
[4.08855765e-09]
not reaching the requested tolerance 1e-09.
  values, vectors = lobpcg(projected_hamiltonian, guess, largest=False,
/home/erosanow_hpc/informed_swapping/BARK.py:156: UserWarning: Exited at iteration 50 with accuracies 
[4.37185693e-09]
not reaching the requested tolerance 1e-09.
Use iteration 51 instead with accuracy 
4.37185693459262e-09.

  values, vectors = lobpcg(projected_hamiltonian, guess, largest=False,
/home/erosanow_hpc/informed_swapping/BARK.py:156: UserWarning: Exited postprocessing with accuracies 
[4.3718566e-09]
not reaching the requested tolerance 1e-09.
  values, vectors = lobpcg(projected_hamiltonian, guess, largest=False,
/home/erosanow_hpc/informed_swapping/BARK.py:156: UserWarning: Exited at iteration 50 with accuracies 
[5.81248242e-09]
not reaching the requested tolerance 1e-09.
Use iteration 51 instead with accuracy 
5.812482419692317e-09.

  values, vectors = lobpcg(projected_hamiltonian, guess, largest=False,
/home/erosanow_hpc/informed_swapping/BARK.py:156: UserWarning: Exited postprocessing with accuracies 
[5.81248276e-09]
not reaching the requested tolerance 1e-09.
  values, vectors = lobpcg(projected_hamiltonian, guess, largest=False,
/home/erosanow_hpc/informed_swapping/BARK.py:156: UserWarning: Exited at iteration 50 with accuracies 
[1.22406751e-09]
not reaching the requested tolerance 1e-09.
Use iteration 51 instead with accuracy 
1.2240675105786897e-09.

  values, vectors = lobpcg(projected_hamiltonian, guess, largest=False,
/home/erosanow_hpc/informed_swapping/BARK.py:156: UserWarning: Exited postprocessing with accuracies 
[1.22406764e-09]
not reaching the requested tolerance 1e-09.
  values, vectors = lobpcg(projected_hamiltonian, guess, largest=False,
/home/erosanow_hpc/informed_swapping/BARK.py:156: UserWarning: Exited at iteration 50 with accuracies 
[1.4387559e-09]
not reaching the requested tolerance 1e-09.
Use iteration 51 instead with accuracy 
1.4387559028054782e-09.

  values, vectors = lobpcg(projected_hamiltonian, guess, largest=False,
/home/erosanow_hpc/informed_swapping/BARK.py:156: UserWarning: Exited postprocessing with accuracies 
[1.43875635e-09]
not reaching the requested tolerance 1e-09.
  values, vectors = lobpcg(projected_hamiltonian, guess, largest=False,
/home/erosanow_hpc/informed_swapping/BARK.py:156: UserWarning: Exited at iteration 50 with accuracies 
[1.92353281e-09]
not reaching the requested tolerance 1e-09.
Use iteration 51 instead with accuracy 
1.923532812985509e-09.

  values, vectors = lobpcg(projected_hamiltonian, guess, largest=False,
/home/erosanow_hpc/informed_swapping/BARK.py:156: UserWarning: Exited postprocessing with accuracies 
[1.92353298e-09]
not reaching the requested tolerance 1e-09.
  values, vectors = lobpcg(projected_hamiltonian, guess, largest=False,
/home/erosanow_hpc/informed_swapping/BARK.py:156: UserWarning: Exited at iteration 50 with accuracies 
[1.55950808e-09]
not reaching the requested tolerance 1e-09.
Use iteration 51 instead with accuracy 
1.5595080835607117e-09.

  values, vectors = lobpcg(projected_hamiltonian, guess, largest=False,
/home/erosanow_hpc/informed_swapping/BARK.py:156: UserWarning: Exited postprocessing with accuracies 
[1.5595079e-09]
not reaching the requested tolerance 1e-09.
  values, vectors = lobpcg(projected_hamiltonian, guess, largest=False,
/home/erosanow_hpc/informed_swapping/BARK.py:156: UserWarning: Exited at iteration 50 with accuracies 
[2.52434045e-09]
not reaching the requested tolerance 1e-09.
Use iteration 51 instead with accuracy 
2.524340454836185e-09.

  values, vectors = lobpcg(projected_hamiltonian, guess, largest=False,
/home/erosanow_hpc/informed_swapping/BARK.py:156: UserWarning: Exited postprocessing with accuracies 
[2.52434053e-09]
not reaching the requested tolerance 1e-09.
  values, vectors = lobpcg(projected_hamiltonian, guess, largest=False,
/home/erosanow_hpc/informed_swapping/BARK.py:156: UserWarning: Exited at iteration 50 with accuracies 
[2.8060399e-09]
not reaching the requested tolerance 1e-09.
Use iteration 51 instead with accuracy 
2.8060399013671425e-09.

  values, vectors = lobpcg(projected_hamiltonian, guess, largest=False,
/home/erosanow_hpc/informed_swapping/BARK.py:156: UserWarning: Exited postprocessing with accuracies 
[2.80603945e-09]
not reaching the requested tolerance 1e-09.
  values, vectors = lobpcg(projected_hamiltonian, guess, largest=False,
/home/erosanow_hpc/informed_swapping/BARK.py:156: UserWarning: Exited at iteration 50 with accuracies 
[3.83600523e-09]
not reaching the requested tolerance 1e-09.
Use iteration 51 instead with accuracy 
3.836005226019775e-09.

  values, vectors = lobpcg(projected_hamiltonian, guess, largest=False,
/home/erosanow_hpc/informed_swapping/BARK.py:156: UserWarning: Exited postprocessing with accuracies 
[3.83600506e-09]
not reaching the requested tolerance 1e-09.
  values, vectors = lobpcg(projected_hamiltonian, guess, largest=False,
/home/erosanow_hpc/informed_swapping/BARK.py:156: UserWarning: Exited at iteration 50 with accuracies 
[1.70454654e-09]
not reaching the requested tolerance 1e-09.
Use iteration 51 instead with accuracy 
1.7045465353269535e-09.

  values, vectors = lobpcg(projected_hamiltonian, guess, largest=False,
/home/erosanow_hpc/informed_swapping/BARK.py:156: UserWarning: Exited postprocessing with accuracies 
[1.70454583e-09]
not reaching the requested tolerance 1e-09.
  values, vectors = lobpcg(projected_hamiltonian, guess, largest=False,
/home/erosanow_hpc/informed_swapping/BARK.py:156: UserWarning: Exited at iteration 50 with accuracies 
[2.80551521e-09]
not reaching the requested tolerance 1e-09.
Use iteration 51 instead with accuracy 
2.8055152059256404e-09.

  values, vectors = lobpcg(projected_hamiltonian, guess, largest=False,
/home/erosanow_hpc/informed_swapping/BARK.py:156: UserWarning: Exited postprocessing with accuracies 
[2.80551542e-09]
not reaching the requested tolerance 1e-09.
  values, vectors = lobpcg(projected_hamiltonian, guess, largest=False,
/home/erosanow_hpc/informed_swapping/BARK.py:156: UserWarning: Exited at iteration 50 with accuracies 
[3.28744231e-09]
not reaching the requested tolerance 1e-09.
Use iteration 51 instead with accuracy 
3.2874423146898536e-09.

  values, vectors = lobpcg(projected_hamiltonian, guess, largest=False,
/home/erosanow_hpc/informed_swapping/BARK.py:156: UserWarning: Exited postprocessing with accuracies 
[3.28744206e-09]
not reaching the requested tolerance 1e-09.
  values, vectors = lobpcg(projected_hamiltonian, guess, largest=False,
/home/erosanow_hpc/informed_swapping/BARK.py:156: UserWarning: Exited at iteration 50 with accuracies 
[4.53086284e-09]
not reaching the requested tolerance 1e-09.
Use iteration 51 instead with accuracy 
4.530862836884772e-09.

  values, vectors = lobpcg(projected_hamiltonian, guess, largest=False,
/home/erosanow_hpc/informed_swapping/BARK.py:156: UserWarning: Exited postprocessing with accuracies 
[4.53086254e-09]
not reaching the requested tolerance 1e-09.
  values, vectors = lobpcg(projected_hamiltonian, guess, largest=False,
/home/erosanow_hpc/informed_swapping/BARK.py:156: UserWarning: Exited at iteration 50 with accuracies 
[3.94484111e-09]
not reaching the requested tolerance 1e-09.
Use iteration 51 instead with accuracy 
3.9448411059229306e-09.

  values, vectors = lobpcg(projected_hamiltonian, guess, largest=False,
/home/erosanow_hpc/informed_swapping/BARK.py:156: UserWarning: Exited postprocessing with accuracies 
[3.94484146e-09]
not reaching the requested tolerance 1e-09.
  values, vectors = lobpcg(projected_hamiltonian, guess, largest=False,
/home/erosanow_hpc/informed_swapping/BARK.py:156: UserWarning: Exited at iteration 50 with accuracies 
[6.68131227e-09]
not reaching the requested tolerance 1e-09.
Use iteration 51 instead with accuracy 
6.681312265648494e-09.

  values, vectors = lobpcg(projected_hamiltonian, guess, largest=False,
/home/erosanow_hpc/informed_swapping/BARK.py:156: UserWarning: Exited postprocessing with accuracies 
[6.68131245e-09]
not reaching the requested tolerance 1e-09.
  values, vectors = lobpcg(projected_hamiltonian, guess, largest=False,
/home/erosanow_hpc/informed_swapping/BARK.py:156: UserWarning: Exited at iteration 50 with accuracies 
[7.69174638e-09]
not reaching the requested tolerance 1e-09.
Use iteration 51 instead with accuracy 
7.691746383362895e-09.

  values, vectors = lobpcg(projected_hamiltonian, guess, largest=False,
/home/erosanow_hpc/informed_swapping/BARK.py:156: UserWarning: Exited postprocessing with accuracies 
[7.69174671e-09]
not reaching the requested tolerance 1e-09.
  values, vectors = lobpcg(projected_hamiltonian, guess, largest=False,
/home/erosanow_hpc/informed_swapping/BARK.py:156: UserWarning: Exited at iteration 50 with accuracies 
[1.1394458e-08]
not reaching the requested tolerance 1e-09.
Use iteration 51 instead with accuracy 
1.1394458008748934e-08.

  values, vectors = lobpcg(projected_hamiltonian, guess, largest=False,
/home/erosanow_hpc/informed_swapping/BARK.py:156: UserWarning: Exited postprocessing with accuracies 
[1.13944583e-08]
not reaching the requested tolerance 1e-09.
  values, vectors = lobpcg(projected_hamiltonian, guess, largest=False,
/home/erosanow_hpc/informed_swapping/BARK.py:156: UserWarning: Exited at iteration 50 with accuracies 
[1.02819931e-09]
not reaching the requested tolerance 1e-09.
Use iteration 51 instead with accuracy 
1.0281993093618054e-09.

  values, vectors = lobpcg(projected_hamiltonian, guess, largest=False,
/home/erosanow_hpc/informed_swapping/BARK.py:156: UserWarning: Exited postprocessing with accuracies 
[1.02819943e-09]
not reaching the requested tolerance 1e-09.
  values, vectors = lobpcg(projected_hamiltonian, guess, largest=False,
/home/erosanow_hpc/informed_swapping/BARK.py:156: UserWarning: Exited at iteration 50 with accuracies 
[1.06214911e-09]
not reaching the requested tolerance 1e-09.
Use iteration 51 instead with accuracy 
1.0621491130546395e-09.

  values, vectors = lobpcg(projected_hamiltonian, guess, largest=False,
/home/erosanow_hpc/informed_swapping/BARK.py:156: UserWarning: Exited postprocessing with accuracies 
[1.06214978e-09]
not reaching the requested tolerance 1e-09.
  values, vectors = lobpcg(projected_hamiltonian, guess, largest=False,
/home/erosanow_hpc/informed_swapping/BARK.py:156: UserWarning: Exited at iteration 50 with accuracies 
[1.26675603e-09]
not reaching the requested tolerance 1e-09.
Use iteration 51 instead with accuracy 
1.266756032467825e-09.

  values, vectors = lobpcg(projected_hamiltonian, guess, largest=False,
/home/erosanow_hpc/informed_swapping/BARK.py:156: UserWarning: Exited postprocessing with accuracies 
[1.26675601e-09]
not reaching the requested tolerance 1e-09.
  values, vectors = lobpcg(projected_hamiltonian, guess, largest=False,
/home/erosanow_hpc/informed_swapping/BARK.py:156: UserWarning: Exited at iteration 50 with accuracies 
[1.31210129e-09]
not reaching the requested tolerance 1e-09.
Use iteration 51 instead with accuracy 
1.3121012945647433e-09.

  values, vectors = lobpcg(projected_hamiltonian, guess, largest=False,
/home/erosanow_hpc/informed_swapping/BARK.py:156: UserWarning: Exited postprocessing with accuracies 
[1.31210135e-09]
not reaching the requested tolerance 1e-09.
  values, vectors = lobpcg(projected_hamiltonian, guess, largest=False,
/home/erosanow_hpc/informed_swapping/BARK.py:156: UserWarning: Exited at iteration 50 with accuracies 
[1.60227095e-09]
not reaching the requested tolerance 1e-09.
Use iteration 51 instead with accuracy 
1.602270954857863e-09.

  values, vectors = lobpcg(projected_hamiltonian, guess, largest=False,
/home/erosanow_hpc/informed_swapping/BARK.py:156: UserWarning: Exited postprocessing with accuracies 
[1.60227144e-09]
not reaching the requested tolerance 1e-09.
  values, vectors = lobpcg(projected_hamiltonian, guess, largest=False,
/home/erosanow_hpc/informed_swapping/BARK.py:156: UserWarning: Exited at iteration 50 with accuracies 
[1.0393942e-09]
not reaching the requested tolerance 1e-09.
Use iteration 51 instead with accuracy 
1.039394200063118e-09.

  values, vectors = lobpcg(projected_hamiltonian, guess, largest=False,
/home/erosanow_hpc/informed_swapping/BARK.py:156: UserWarning: Exited postprocessing with accuracies 
[1.03939432e-09]
not reaching the requested tolerance 1e-09.
  values, vectors = lobpcg(projected_hamiltonian, guess, largest=False,
/home/erosanow_hpc/informed_swapping/BARK.py:156: UserWarning: Exited at iteration 50 with accuracies 
[1.25434623e-09]
not reaching the requested tolerance 1e-09.
Use iteration 51 instead with accuracy 
1.2543462349526937e-09.

  values, vectors = lobpcg(projected_hamiltonian, guess, largest=False,
/home/erosanow_hpc/informed_swapping/BARK.py:156: UserWarning: Exited postprocessing with accuracies 
[1.25434638e-09]
not reaching the requested tolerance 1e-09.
  values, vectors = lobpcg(projected_hamiltonian, guess, largest=False,
/home/erosanow_hpc/informed_swapping/BARK.py:156: UserWarning: Exited at iteration 50 with accuracies 
[1.00501625e-09]
not reaching the requested tolerance 1e-09.
Use iteration 51 instead with accuracy 
1.0050162519237863e-09.

  values, vectors = lobpcg(projected_hamiltonian, guess, largest=False,
/home/erosanow_hpc/informed_swapping/BARK.py:156: UserWarning: Exited postprocessing with accuracies 
[1.00501623e-09]
not reaching the requested tolerance 1e-09.
  values, vectors = lobpcg(projected_hamiltonian, guess, largest=False,
/home/erosanow_hpc/informed_swapping/BARK.py:156: UserWarning: Exited at iteration 50 with accuracies 
[1.1414373e-09]
not reaching the requested tolerance 1e-09.
Use iteration 51 instead with accuracy 
1.1414372999634145e-09.

  values, vectors = lobpcg(projected_hamiltonian, guess, largest=False,
/home/erosanow_hpc/informed_swapping/BARK.py:156: UserWarning: Exited postprocessing with accuracies 
[1.14143672e-09]
not reaching the requested tolerance 1e-09.
  values, vectors = lobpcg(projected_hamiltonian, guess, largest=False,
/home/erosanow_hpc/informed_swapping/BARK.py:156: UserWarning: Exited at iteration 50 with accuracies 
[1.41488497e-09]
not reaching the requested tolerance 1e-09.
Use iteration 51 instead with accuracy 
1.4148849672446434e-09.

  values, vectors = lobpcg(projected_hamiltonian, guess, largest=False,
/home/erosanow_hpc/informed_swapping/BARK.py:156: UserWarning: Exited postprocessing with accuracies 
[1.4148848e-09]
not reaching the requested tolerance 1e-09.
  values, vectors = lobpcg(projected_hamiltonian, guess, largest=False,
/home/erosanow_hpc/informed_swapping/BARK.py:156: UserWarning: Exited at iteration 50 with accuracies 
[1.30144303e-09]
not reaching the requested tolerance 1e-09.
Use iteration 51 instead with accuracy 
1.3014430295461155e-09.

  values, vectors = lobpcg(projected_hamiltonian, guess, largest=False,
/home/erosanow_hpc/informed_swapping/BARK.py:156: UserWarning: Exited postprocessing with accuracies 
[1.30144297e-09]
not reaching the requested tolerance 1e-09.
  values, vectors = lobpcg(projected_hamiltonian, guess, largest=False,
/home/erosanow_hpc/informed_swapping/BARK.py:156: UserWarning: Exited at iteration 50 with accuracies 
[1.83422815e-09]
not reaching the requested tolerance 1e-09.
Use iteration 51 instead with accuracy 
1.834228149848584e-09.

  values, vectors = lobpcg(projected_hamiltonian, guess, largest=False,
/home/erosanow_hpc/informed_swapping/BARK.py:156: UserWarning: Exited postprocessing with accuracies 
[1.83422802e-09]
not reaching the requested tolerance 1e-09.
  values, vectors = lobpcg(projected_hamiltonian, guess, largest=False,
/home/erosanow_hpc/informed_swapping/BARK.py:156: UserWarning: Exited at iteration 50 with accuracies 
[1.7994219e-09]
not reaching the requested tolerance 1e-09.
Use iteration 51 instead with accuracy 
1.7994219032429152e-09.

  values, vectors = lobpcg(projected_hamiltonian, guess, largest=False,
/home/erosanow_hpc/informed_swapping/BARK.py:156: UserWarning: Exited postprocessing with accuracies 
[1.79942162e-09]
not reaching the requested tolerance 1e-09.
  values, vectors = lobpcg(projected_hamiltonian, guess, largest=False,
/home/erosanow_hpc/informed_swapping/BARK.py:156: UserWarning: Exited at iteration 50 with accuracies 
[2.2655535e-09]
not reaching the requested tolerance 1e-09.
Use iteration 51 instead with accuracy 
2.2655535035777606e-09.

  values, vectors = lobpcg(projected_hamiltonian, guess, largest=False,
/home/erosanow_hpc/informed_swapping/BARK.py:156: UserWarning: Exited postprocessing with accuracies 
[2.26555362e-09]
not reaching the requested tolerance 1e-09.
  values, vectors = lobpcg(projected_hamiltonian, guess, largest=False,
/home/erosanow_hpc/informed_swapping/BARK.py:156: UserWarning: Exited at iteration 50 with accuracies 
[1.31087694e-09]
not reaching the requested tolerance 1e-09.
Use iteration 51 instead with accuracy 
1.3108769353996784e-09.

  values, vectors = lobpcg(projected_hamiltonian, guess, largest=False,
/home/erosanow_hpc/informed_swapping/BARK.py:156: UserWarning: Exited postprocessing with accuracies 
[1.31087691e-09]
not reaching the requested tolerance 1e-09.
  values, vectors = lobpcg(projected_hamiltonian, guess, largest=False,
/home/erosanow_hpc/informed_swapping/BARK.py:156: UserWarning: Exited at iteration 50 with accuracies 
[1.90582745e-09]
not reaching the requested tolerance 1e-09.
Use iteration 51 instead with accuracy 
1.905827447876145e-09.

  values, vectors = lobpcg(projected_hamiltonian, guess, largest=False,
/home/erosanow_hpc/informed_swapping/BARK.py:156: UserWarning: Exited postprocessing with accuracies 
[1.90582762e-09]
not reaching the requested tolerance 1e-09.
  values, vectors = lobpcg(projected_hamiltonian, guess, largest=False,
/home/erosanow_hpc/informed_swapping/BARK.py:156: UserWarning: Exited at iteration 50 with accuracies 
[2.15288134e-09]
not reaching the requested tolerance 1e-09.
Use iteration 51 instead with accuracy 
2.152881341308548e-09.

  values, vectors = lobpcg(projected_hamiltonian, guess, largest=False,
/home/erosanow_hpc/informed_swapping/BARK.py:156: UserWarning: Exited postprocessing with accuracies 
[2.15288157e-09]
not reaching the requested tolerance 1e-09.
  values, vectors = lobpcg(projected_hamiltonian, guess, largest=False,
/home/erosanow_hpc/informed_swapping/BARK.py:156: UserWarning: Exited at iteration 50 with accuracies 
[2.63636366e-09]
not reaching the requested tolerance 1e-09.
Use iteration 51 instead with accuracy 
2.636363660383555e-09.

  values, vectors = lobpcg(projected_hamiltonian, guess, largest=False,
/home/erosanow_hpc/informed_swapping/BARK.py:156: UserWarning: Exited postprocessing with accuracies 
[2.63636394e-09]
not reaching the requested tolerance 1e-09.
  values, vectors = lobpcg(projected_hamiltonian, guess, largest=False,
/home/erosanow_hpc/informed_swapping/BARK.py:156: UserWarning: Exited at iteration 50 with accuracies 
[1.28636148e-09]
not reaching the requested tolerance 1e-09.
Use iteration 51 instead with accuracy 
1.2863614763412102e-09.

  values, vectors = lobpcg(projected_hamiltonian, guess, largest=False,
/home/erosanow_hpc/informed_swapping/BARK.py:156: UserWarning: Exited postprocessing with accuracies 
[1.28636157e-09]
not reaching the requested tolerance 1e-09.
  values, vectors = lobpcg(projected_hamiltonian, guess, largest=False,
/home/erosanow_hpc/informed_swapping/BARK.py:156: UserWarning: Exited at iteration 50 with accuracies 
[1.82083875e-09]
not reaching the requested tolerance 1e-09.
Use iteration 51 instead with accuracy 
1.820838746073344e-09.

  values, vectors = lobpcg(projected_hamiltonian, guess, largest=False,
/home/erosanow_hpc/informed_swapping/BARK.py:156: UserWarning: Exited postprocessing with accuracies 
[1.82083871e-09]
not reaching the requested tolerance 1e-09.
  values, vectors = lobpcg(projected_hamiltonian, guess, largest=False,
/home/erosanow_hpc/informed_swapping/BARK.py:156: UserWarning: Exited at iteration 50 with accuracies 
[2.11357517e-09]
not reaching the requested tolerance 1e-09.
Use iteration 51 instead with accuracy 
2.1135751715730132e-09.

  values, vectors = lobpcg(projected_hamiltonian, guess, largest=False,
/home/erosanow_hpc/informed_swapping/BARK.py:156: UserWarning: Exited postprocessing with accuracies 
[2.11357531e-09]
not reaching the requested tolerance 1e-09.
  values, vectors = lobpcg(projected_hamiltonian, guess, largest=False,
/home/erosanow_hpc/informed_swapping/BARK.py:156: UserWarning: Exited at iteration 50 with accuracies 
[2.66839584e-09]
not reaching the requested tolerance 1e-09.
Use iteration 51 instead with accuracy 
2.668395836833911e-09.

  values, vectors = lobpcg(projected_hamiltonian, guess, largest=False,
/home/erosanow_hpc/informed_swapping/BARK.py:156: UserWarning: Exited postprocessing with accuracies 
[2.66839571e-09]
not reaching the requested tolerance 1e-09.
  values, vectors = lobpcg(projected_hamiltonian, guess, largest=False,
/home/erosanow_hpc/informed_swapping/BARK.py:156: UserWarning: Exited at iteration 50 with accuracies 
[2.28898302e-09]
not reaching the requested tolerance 1e-09.
Use iteration 51 instead with accuracy 
2.288983024512773e-09.

  values, vectors = lobpcg(projected_hamiltonian, guess, largest=False,
/home/erosanow_hpc/informed_swapping/BARK.py:156: UserWarning: Exited postprocessing with accuracies 
[2.28898303e-09]
not reaching the requested tolerance 1e-09.
  values, vectors = lobpcg(projected_hamiltonian, guess, largest=False,
/home/erosanow_hpc/informed_swapping/BARK.py:156: UserWarning: Exited at iteration 50 with accuracies 
[3.35501427e-09]
not reaching the requested tolerance 1e-09.
Use iteration 51 instead with accuracy 
3.35501427211882e-09.

  values, vectors = lobpcg(projected_hamiltonian, guess, largest=False,
/home/erosanow_hpc/informed_swapping/BARK.py:156: UserWarning: Exited postprocessing with accuracies 
[3.35501412e-09]
not reaching the requested tolerance 1e-09.
  values, vectors = lobpcg(projected_hamiltonian, guess, largest=False,
/home/erosanow_hpc/informed_swapping/BARK.py:156: UserWarning: Exited at iteration 50 with accuracies 
[3.498856e-09]
not reaching the requested tolerance 1e-09.
Use iteration 51 instead with accuracy 
3.498855997918085e-09.

  values, vectors = lobpcg(projected_hamiltonian, guess, largest=False,
/home/erosanow_hpc/informed_swapping/BARK.py:156: UserWarning: Exited postprocessing with accuracies 
[3.49885574e-09]
not reaching the requested tolerance 1e-09.
  values, vectors = lobpcg(projected_hamiltonian, guess, largest=False,
/home/erosanow_hpc/informed_swapping/BARK.py:156: UserWarning: Exited at iteration 50 with accuracies 
[4.52246819e-09]
not reaching the requested tolerance 1e-09.
Use iteration 51 instead with accuracy 
4.522468190645912e-09.

  values, vectors = lobpcg(projected_hamiltonian, guess, largest=False,
/home/erosanow_hpc/informed_swapping/BARK.py:156: UserWarning: Exited postprocessing with accuracies 
[4.5224683e-09]
not reaching the requested tolerance 1e-09.
  values, vectors = lobpcg(projected_hamiltonian, guess, largest=False,
/home/erosanow_hpc/informed_swapping/BARK.py:156: UserWarning: Exited at iteration 50 with accuracies 
[1.00662157e-09]
not reaching the requested tolerance 1e-09.
Use iteration 51 instead with accuracy 
1.006621566700277e-09.

  values, vectors = lobpcg(projected_hamiltonian, guess, largest=False,
/home/erosanow_hpc/informed_swapping/BARK.py:156: UserWarning: Exited postprocessing with accuracies 
[1.0066216e-09]
not reaching the requested tolerance 1e-09.
  values, vectors = lobpcg(projected_hamiltonian, guess, largest=False,
/home/erosanow_hpc/informed_swapping/BARK.py:156: UserWarning: Exited at iteration 50 with accuracies 
[1.22438963e-09]
not reaching the requested tolerance 1e-09.
Use iteration 51 instead with accuracy 
1.2243896295669459e-09.

  values, vectors = lobpcg(projected_hamiltonian, guess, largest=False,
/home/erosanow_hpc/informed_swapping/BARK.py:156: UserWarning: Exited postprocessing with accuracies 
[1.22438982e-09]
not reaching the requested tolerance 1e-09.
  values, vectors = lobpcg(projected_hamiltonian, guess, largest=False,
/home/erosanow_hpc/informed_swapping/BARK.py:156: UserWarning: Exited at iteration 50 with accuracies 
[1.07790807e-09]
not reaching the requested tolerance 1e-09.
Use iteration 51 instead with accuracy 
1.0779080706682128e-09.

  values, vectors = lobpcg(projected_hamiltonian, guess, largest=False,
/home/erosanow_hpc/informed_swapping/BARK.py:156: UserWarning: Exited postprocessing with accuracies 
[1.0779081e-09]
not reaching the requested tolerance 1e-09.
  values, vectors = lobpcg(projected_hamiltonian, guess, largest=False,
/home/erosanow_hpc/informed_swapping/BARK.py:156: UserWarning: Exited at iteration 50 with accuracies 
[1.51296273e-09]
not reaching the requested tolerance 1e-09.
Use iteration 51 instead with accuracy 
1.5129627331907418e-09.

  values, vectors = lobpcg(projected_hamiltonian, guess, largest=False,
/home/erosanow_hpc/informed_swapping/BARK.py:156: UserWarning: Exited postprocessing with accuracies 
[1.51296285e-09]
not reaching the requested tolerance 1e-09.
  values, vectors = lobpcg(projected_hamiltonian, guess, largest=False,
/home/erosanow_hpc/informed_swapping/BARK.py:156: UserWarning: Exited at iteration 50 with accuracies 
[1.56215425e-09]
not reaching the requested tolerance 1e-09.
Use iteration 51 instead with accuracy 
1.5621542504439929e-09.

  values, vectors = lobpcg(projected_hamiltonian, guess, largest=False,
/home/erosanow_hpc/informed_swapping/BARK.py:156: UserWarning: Exited postprocessing with accuracies 
[1.56215425e-09]
not reaching the requested tolerance 1e-09.
  values, vectors = lobpcg(projected_hamiltonian, guess, largest=False,
/home/erosanow_hpc/informed_swapping/BARK.py:156: UserWarning: Exited at iteration 50 with accuracies 
[1.87907458e-09]
not reaching the requested tolerance 1e-09.
Use iteration 51 instead with accuracy 
1.8790745812291597e-09.

  values, vectors = lobpcg(projected_hamiltonian, guess, largest=False,
/home/erosanow_hpc/informed_swapping/BARK.py:156: UserWarning: Exited postprocessing with accuracies 
[1.87907471e-09]
not reaching the requested tolerance 1e-09.
  values, vectors = lobpcg(projected_hamiltonian, guess, largest=False,
/home/erosanow_hpc/informed_swapping/BARK.py:156: UserWarning: Exited at iteration 50 with accuracies 
[1.00541657e-09]
not reaching the requested tolerance 1e-09.
Use iteration 51 instead with accuracy 
1.0054165692922999e-09.

  values, vectors = lobpcg(projected_hamiltonian, guess, largest=False,
/home/erosanow_hpc/informed_swapping/BARK.py:156: UserWarning: Exited postprocessing with accuracies 
[1.0054164e-09]
not reaching the requested tolerance 1e-09.
  values, vectors = lobpcg(projected_hamiltonian, guess, largest=False,
/home/erosanow_hpc/informed_swapping/BARK.py:156: UserWarning: Exited at iteration 50 with accuracies 
[1.40458021e-09]
not reaching the requested tolerance 1e-09.
Use iteration 51 instead with accuracy 
1.4045802123185962e-09.

  values, vectors = lobpcg(projected_hamiltonian, guess, largest=False,
/home/erosanow_hpc/informed_swapping/BARK.py:156: UserWarning: Exited postprocessing with accuracies 
[1.40458027e-09]
not reaching the requested tolerance 1e-09.
  values, vectors = lobpcg(projected_hamiltonian, guess, largest=False,
/home/erosanow_hpc/informed_swapping/BARK.py:156: UserWarning: Exited at iteration 50 with accuracies 
[1.59260178e-09]
not reaching the requested tolerance 1e-09.
Use iteration 51 instead with accuracy 
1.59260177857365e-09.

  values, vectors = lobpcg(projected_hamiltonian, guess, largest=False,
/home/erosanow_hpc/informed_swapping/BARK.py:156: UserWarning: Exited postprocessing with accuracies 
[1.5926014e-09]
not reaching the requested tolerance 1e-09.
  values, vectors = lobpcg(projected_hamiltonian, guess, largest=False,
/home/erosanow_hpc/informed_swapping/BARK.py:156: UserWarning: Exited at iteration 50 with accuracies 
[1.97621485e-09]
not reaching the requested tolerance 1e-09.
Use iteration 51 instead with accuracy 
1.976214846946913e-09.

  values, vectors = lobpcg(projected_hamiltonian, guess, largest=False,
/home/erosanow_hpc/informed_swapping/BARK.py:156: UserWarning: Exited postprocessing with accuracies 
[1.97621483e-09]
not reaching the requested tolerance 1e-09.
  values, vectors = lobpcg(projected_hamiltonian, guess, largest=False,
/home/erosanow_hpc/informed_swapping/BARK.py:156: UserWarning: Exited at iteration 50 with accuracies 
[1.66652999e-09]
not reaching the requested tolerance 1e-09.
Use iteration 51 instead with accuracy 
1.6665299852837838e-09.

  values, vectors = lobpcg(projected_hamiltonian, guess, largest=False,
/home/erosanow_hpc/informed_swapping/BARK.py:156: UserWarning: Exited postprocessing with accuracies 
[1.6665304e-09]
not reaching the requested tolerance 1e-09.
  values, vectors = lobpcg(projected_hamiltonian, guess, largest=False,
/home/erosanow_hpc/informed_swapping/BARK.py:156: UserWarning: Exited at iteration 50 with accuracies 
[2.35074486e-09]
not reaching the requested tolerance 1e-09.
Use iteration 51 instead with accuracy 
2.3507448559278616e-09.

  values, vectors = lobpcg(projected_hamiltonian, guess, largest=False,
/home/erosanow_hpc/informed_swapping/BARK.py:156: UserWarning: Exited postprocessing with accuracies 
[2.35074514e-09]
not reaching the requested tolerance 1e-09.
  values, vectors = lobpcg(projected_hamiltonian, guess, largest=False,
/home/erosanow_hpc/informed_swapping/BARK.py:156: UserWarning: Exited at iteration 50 with accuracies 
[2.47500464e-09]
not reaching the requested tolerance 1e-09.
Use iteration 51 instead with accuracy 
2.475004640844218e-09.

  values, vectors = lobpcg(projected_hamiltonian, guess, largest=False,
/home/erosanow_hpc/informed_swapping/BARK.py:156: UserWarning: Exited postprocessing with accuracies 
[2.47500406e-09]
not reaching the requested tolerance 1e-09.
  values, vectors = lobpcg(projected_hamiltonian, guess, largest=False,
/home/erosanow_hpc/informed_swapping/BARK.py:156: UserWarning: Exited at iteration 50 with accuracies 
[3.03837074e-09]
not reaching the requested tolerance 1e-09.
Use iteration 51 instead with accuracy 
3.0383707401927084e-09.

  values, vectors = lobpcg(projected_hamiltonian, guess, largest=False,
/home/erosanow_hpc/informed_swapping/BARK.py:156: UserWarning: Exited postprocessing with accuracies 
[3.0383709e-09]
not reaching the requested tolerance 1e-09.
  values, vectors = lobpcg(projected_hamiltonian, guess, largest=False,
/home/erosanow_hpc/informed_swapping/BARK.py:156: UserWarning: Exited at iteration 50 with accuracies 
[1.93888115e-09]
not reaching the requested tolerance 1e-09.
Use iteration 51 instead with accuracy 
1.938881148822122e-09.

  values, vectors = lobpcg(projected_hamiltonian, guess, largest=False,
/home/erosanow_hpc/informed_swapping/BARK.py:156: UserWarning: Exited postprocessing with accuracies 
[1.93888117e-09]
not reaching the requested tolerance 1e-09.
  values, vectors = lobpcg(projected_hamiltonian, guess, largest=False,
/home/erosanow_hpc/informed_swapping/BARK.py:156: UserWarning: Exited at iteration 50 with accuracies 
[2.40098508e-09]
not reaching the requested tolerance 1e-09.
Use iteration 51 instead with accuracy 
2.400985080810762e-09.

  values, vectors = lobpcg(projected_hamiltonian, guess, largest=False,
/home/erosanow_hpc/informed_swapping/BARK.py:156: UserWarning: Exited postprocessing with accuracies 
[2.40098505e-09]
not reaching the requested tolerance 1e-09.
  values, vectors = lobpcg(projected_hamiltonian, guess, largest=False,
/home/erosanow_hpc/informed_swapping/BARK.py:156: UserWarning: Exited at iteration 50 with accuracies 
[1.98756973e-09]
not reaching the requested tolerance 1e-09.
Use iteration 51 instead with accuracy 
1.98756973055322e-09.

  values, vectors = lobpcg(projected_hamiltonian, guess, largest=False,
/home/erosanow_hpc/informed_swapping/BARK.py:156: UserWarning: Exited postprocessing with accuracies 
[1.98756963e-09]
not reaching the requested tolerance 1e-09.
  values, vectors = lobpcg(projected_hamiltonian, guess, largest=False,
/home/erosanow_hpc/informed_swapping/BARK.py:156: UserWarning: Exited at iteration 50 with accuracies 
[2.87845222e-09]
not reaching the requested tolerance 1e-09.
Use iteration 51 instead with accuracy 
2.878452219323449e-09.

  values, vectors = lobpcg(projected_hamiltonian, guess, largest=False,
/home/erosanow_hpc/informed_swapping/BARK.py:156: UserWarning: Exited postprocessing with accuracies 
[2.87845182e-09]
not reaching the requested tolerance 1e-09.
  values, vectors = lobpcg(projected_hamiltonian, guess, largest=False,
/home/erosanow_hpc/informed_swapping/BARK.py:156: UserWarning: Exited at iteration 50 with accuracies 
[3.04416148e-09]
not reaching the requested tolerance 1e-09.
Use iteration 51 instead with accuracy 
3.0441614777676024e-09.

  values, vectors = lobpcg(projected_hamiltonian, guess, largest=False,
/home/erosanow_hpc/informed_swapping/BARK.py:156: UserWarning: Exited postprocessing with accuracies 
[3.04416131e-09]
not reaching the requested tolerance 1e-09.
  values, vectors = lobpcg(projected_hamiltonian, guess, largest=False,
/home/erosanow_hpc/informed_swapping/BARK.py:156: UserWarning: Exited at iteration 50 with accuracies 
[3.78997517e-09]
not reaching the requested tolerance 1e-09.
Use iteration 51 instead with accuracy 
3.789975167689498e-09.

  values, vectors = lobpcg(projected_hamiltonian, guess, largest=False,
/home/erosanow_hpc/informed_swapping/BARK.py:156: UserWarning: Exited postprocessing with accuracies 
[3.78997526e-09]
not reaching the requested tolerance 1e-09.
  values, vectors = lobpcg(projected_hamiltonian, guess, largest=False,
/home/erosanow_hpc/informed_swapping/BARK.py:156: UserWarning: Exited at iteration 50 with accuracies 
[1.90111712e-09]
not reaching the requested tolerance 1e-09.
Use iteration 51 instead with accuracy 
1.9011171184047166e-09.

  values, vectors = lobpcg(projected_hamiltonian, guess, largest=False,
/home/erosanow_hpc/informed_swapping/BARK.py:156: UserWarning: Exited postprocessing with accuracies 
[1.90111717e-09]
not reaching the requested tolerance 1e-09.
  values, vectors = lobpcg(projected_hamiltonian, guess, largest=False,
/home/erosanow_hpc/informed_swapping/BARK.py:156: UserWarning: Exited at iteration 50 with accuracies 
[2.68488799e-09]
not reaching the requested tolerance 1e-09.
Use iteration 51 instead with accuracy 
2.684887991793188e-09.

  values, vectors = lobpcg(projected_hamiltonian, guess, largest=False,
/home/erosanow_hpc/informed_swapping/BARK.py:156: UserWarning: Exited postprocessing with accuracies 
[2.68488824e-09]
not reaching the requested tolerance 1e-09.
  values, vectors = lobpcg(projected_hamiltonian, guess, largest=False,
/home/erosanow_hpc/informed_swapping/BARK.py:156: UserWarning: Exited at iteration 50 with accuracies 
[3.08739714e-09]
not reaching the requested tolerance 1e-09.
Use iteration 51 instead with accuracy 
3.0873971370009595e-09.

  values, vectors = lobpcg(projected_hamiltonian, guess, largest=False,
/home/erosanow_hpc/informed_swapping/BARK.py:156: UserWarning: Exited postprocessing with accuracies 
[3.08739743e-09]
not reaching the requested tolerance 1e-09.
  values, vectors = lobpcg(projected_hamiltonian, guess, largest=False,
/home/erosanow_hpc/informed_swapping/BARK.py:156: UserWarning: Exited at iteration 50 with accuracies 
[3.87517075e-09]
not reaching the requested tolerance 1e-09.
Use iteration 51 instead with accuracy 
3.875170750033817e-09.

  values, vectors = lobpcg(projected_hamiltonian, guess, largest=False,
/home/erosanow_hpc/informed_swapping/BARK.py:156: UserWarning: Exited postprocessing with accuracies 
[3.87517077e-09]
not reaching the requested tolerance 1e-09.
  values, vectors = lobpcg(projected_hamiltonian, guess, largest=False,
/home/erosanow_hpc/informed_swapping/BARK.py:156: UserWarning: Exited at iteration 50 with accuracies 
[3.23855188e-09]
not reaching the requested tolerance 1e-09.
Use iteration 51 instead with accuracy 
3.238551878731921e-09.

  values, vectors = lobpcg(projected_hamiltonian, guess, largest=False,
/home/erosanow_hpc/informed_swapping/BARK.py:156: UserWarning: Exited postprocessing with accuracies 
[3.2385515e-09]
not reaching the requested tolerance 1e-09.
  values, vectors = lobpcg(projected_hamiltonian, guess, largest=False,
/home/erosanow_hpc/informed_swapping/BARK.py:156: UserWarning: Exited at iteration 50 with accuracies 
[4.75425188e-09]
not reaching the requested tolerance 1e-09.
Use iteration 51 instead with accuracy 
4.754251880482141e-09.

  values, vectors = lobpcg(projected_hamiltonian, guess, largest=False,
/home/erosanow_hpc/informed_swapping/BARK.py:156: UserWarning: Exited postprocessing with accuracies 
[4.75425205e-09]
not reaching the requested tolerance 1e-09.
  values, vectors = lobpcg(projected_hamiltonian, guess, largest=False,
/home/erosanow_hpc/informed_swapping/BARK.py:156: UserWarning: Exited at iteration 50 with accuracies 
[4.90274535e-09]
not reaching the requested tolerance 1e-09.
Use iteration 51 instead with accuracy 
4.902745352887745e-09.

  values, vectors = lobpcg(projected_hamiltonian, guess, largest=False,
/home/erosanow_hpc/informed_swapping/BARK.py:156: UserWarning: Exited postprocessing with accuracies 
[4.90274527e-09]
not reaching the requested tolerance 1e-09.
  values, vectors = lobpcg(projected_hamiltonian, guess, largest=False,
/home/erosanow_hpc/informed_swapping/BARK.py:156: UserWarning: Exited at iteration 50 with accuracies 
[6.28110701e-09]
not reaching the requested tolerance 1e-09.
Use iteration 51 instead with accuracy 
6.281107011186126e-09.

  values, vectors = lobpcg(projected_hamiltonian, guess, largest=False,
/home/erosanow_hpc/informed_swapping/BARK.py:156: UserWarning: Exited postprocessing with accuracies 
[6.28110704e-09]
not reaching the requested tolerance 1e-09.
  values, vectors = lobpcg(projected_hamiltonian, guess, largest=False,
/home/erosanow_hpc/informed_swapping/BARK.py:156: UserWarning: Exited at iteration 50 with accuracies 
[1.36285738e-09]
not reaching the requested tolerance 1e-09.
Use iteration 51 instead with accuracy 
1.3628573780976414e-09.

  values, vectors = lobpcg(projected_hamiltonian, guess, largest=False,
/home/erosanow_hpc/informed_swapping/BARK.py:156: UserWarning: Exited postprocessing with accuracies 
[1.36285728e-09]
not reaching the requested tolerance 1e-09.
  values, vectors = lobpcg(projected_hamiltonian, guess, largest=False,
/home/erosanow_hpc/informed_swapping/BARK.py:156: UserWarning: Exited at iteration 50 with accuracies 
[1.94051543e-09]
not reaching the requested tolerance 1e-09.
Use iteration 51 instead with accuracy 
1.9405154332619685e-09.

  values, vectors = lobpcg(projected_hamiltonian, guess, largest=False,
/home/erosanow_hpc/informed_swapping/BARK.py:156: UserWarning: Exited postprocessing with accuracies 
[1.9405153e-09]
not reaching the requested tolerance 1e-09.
  values, vectors = lobpcg(projected_hamiltonian, guess, largest=False,
/home/erosanow_hpc/informed_swapping/BARK.py:156: UserWarning: Exited at iteration 50 with accuracies 
[2.19029841e-09]
not reaching the requested tolerance 1e-09.
Use iteration 51 instead with accuracy 
2.190298407230954e-09.

  values, vectors = lobpcg(projected_hamiltonian, guess, largest=False,
/home/erosanow_hpc/informed_swapping/BARK.py:156: UserWarning: Exited postprocessing with accuracies 
[2.19029827e-09]
not reaching the requested tolerance 1e-09.
  values, vectors = lobpcg(projected_hamiltonian, guess, largest=False,
/home/erosanow_hpc/informed_swapping/BARK.py:156: UserWarning: Exited at iteration 50 with accuracies 
[2.75410033e-09]
not reaching the requested tolerance 1e-09.
Use iteration 51 instead with accuracy 
2.754100329646313e-09.

  values, vectors = lobpcg(projected_hamiltonian, guess, largest=False,
/home/erosanow_hpc/informed_swapping/BARK.py:156: UserWarning: Exited postprocessing with accuracies 
[2.7541002e-09]
not reaching the requested tolerance 1e-09.
  values, vectors = lobpcg(projected_hamiltonian, guess, largest=False,
/home/erosanow_hpc/informed_swapping/BARK.py:156: UserWarning: Exited at iteration 50 with accuracies 
[2.35037609e-09]
not reaching the requested tolerance 1e-09.
Use iteration 51 instead with accuracy 
2.3503760909922855e-09.

  values, vectors = lobpcg(projected_hamiltonian, guess, largest=False,
/home/erosanow_hpc/informed_swapping/BARK.py:156: UserWarning: Exited postprocessing with accuracies 
[2.35037601e-09]
not reaching the requested tolerance 1e-09.
  values, vectors = lobpcg(projected_hamiltonian, guess, largest=False,
/home/erosanow_hpc/informed_swapping/BARK.py:156: UserWarning: Exited at iteration 50 with accuracies 
[3.34592262e-09]
not reaching the requested tolerance 1e-09.
Use iteration 51 instead with accuracy 
3.3459226171327422e-09.

  values, vectors = lobpcg(projected_hamiltonian, guess, largest=False,
/home/erosanow_hpc/informed_swapping/BARK.py:156: UserWarning: Exited postprocessing with accuracies 
[3.34592309e-09]
not reaching the requested tolerance 1e-09.
  values, vectors = lobpcg(projected_hamiltonian, guess, largest=False,
/home/erosanow_hpc/informed_swapping/BARK.py:156: UserWarning: Exited at iteration 50 with accuracies 
[3.48485837e-09]
not reaching the requested tolerance 1e-09.
Use iteration 51 instead with accuracy 
3.4848583654284047e-09.

  values, vectors = lobpcg(projected_hamiltonian, guess, largest=False,
/home/erosanow_hpc/informed_swapping/BARK.py:156: UserWarning: Exited postprocessing with accuracies 
[3.48485832e-09]
not reaching the requested tolerance 1e-09.
  values, vectors = lobpcg(projected_hamiltonian, guess, largest=False,
/home/erosanow_hpc/informed_swapping/BARK.py:156: UserWarning: Exited at iteration 50 with accuracies 
[4.35963866e-09]
not reaching the requested tolerance 1e-09.
Use iteration 51 instead with accuracy 
4.359638662321412e-09.

  values, vectors = lobpcg(projected_hamiltonian, guess, largest=False,
/home/erosanow_hpc/informed_swapping/BARK.py:156: UserWarning: Exited postprocessing with accuracies 
[4.35963864e-09]
not reaching the requested tolerance 1e-09.
  values, vectors = lobpcg(projected_hamiltonian, guess, largest=False,
/home/erosanow_hpc/informed_swapping/BARK.py:156: UserWarning: Exited at iteration 50 with accuracies 
[2.34391448e-09]
not reaching the requested tolerance 1e-09.
Use iteration 51 instead with accuracy 
2.3439144770582224e-09.

  values, vectors = lobpcg(projected_hamiltonian, guess, largest=False,
/home/erosanow_hpc/informed_swapping/BARK.py:156: UserWarning: Exited postprocessing with accuracies 
[2.34391437e-09]
not reaching the requested tolerance 1e-09.
  values, vectors = lobpcg(projected_hamiltonian, guess, largest=False,
/home/erosanow_hpc/informed_swapping/BARK.py:156: UserWarning: Exited at iteration 50 with accuracies 
[3.39131416e-09]
not reaching the requested tolerance 1e-09.
Use iteration 51 instead with accuracy 
3.3913141644968225e-09.

  values, vectors = lobpcg(projected_hamiltonian, guess, largest=False,
/home/erosanow_hpc/informed_swapping/BARK.py:156: UserWarning: Exited postprocessing with accuracies 
[3.39131438e-09]
not reaching the requested tolerance 1e-09.
  values, vectors = lobpcg(projected_hamiltonian, guess, largest=False,
/home/erosanow_hpc/informed_swapping/BARK.py:156: UserWarning: Exited at iteration 50 with accuracies 
[3.88441083e-09]
not reaching the requested tolerance 1e-09.
Use iteration 51 instead with accuracy 
3.88441082786115e-09.

  values, vectors = lobpcg(projected_hamiltonian, guess, largest=False,
/home/erosanow_hpc/informed_swapping/BARK.py:156: UserWarning: Exited postprocessing with accuracies 
[3.88441078e-09]
not reaching the requested tolerance 1e-09.
  values, vectors = lobpcg(projected_hamiltonian, guess, largest=False,
/home/erosanow_hpc/informed_swapping/BARK.py:156: UserWarning: Exited at iteration 50 with accuracies 
[5.00569725e-09]
not reaching the requested tolerance 1e-09.
Use iteration 51 instead with accuracy 
5.00569725301787e-09.

  values, vectors = lobpcg(projected_hamiltonian, guess, largest=False,
/home/erosanow_hpc/informed_swapping/BARK.py:156: UserWarning: Exited postprocessing with accuracies 
[5.00569736e-09]
not reaching the requested tolerance 1e-09.
  values, vectors = lobpcg(projected_hamiltonian, guess, largest=False,
/home/erosanow_hpc/informed_swapping/BARK.py:156: UserWarning: Exited at iteration 50 with accuracies 
[4.08739953e-09]
not reaching the requested tolerance 1e-09.
Use iteration 51 instead with accuracy 
4.087399527583671e-09.

  values, vectors = lobpcg(projected_hamiltonian, guess, largest=False,
/home/erosanow_hpc/informed_swapping/BARK.py:156: UserWarning: Exited postprocessing with accuracies 
[4.08739957e-09]
not reaching the requested tolerance 1e-09.
  values, vectors = lobpcg(projected_hamiltonian, guess, largest=False,
/home/erosanow_hpc/informed_swapping/BARK.py:156: UserWarning: Exited at iteration 50 with accuracies 
[6.03625039e-09]
not reaching the requested tolerance 1e-09.
Use iteration 51 instead with accuracy 
6.036250393175379e-09.

  values, vectors = lobpcg(projected_hamiltonian, guess, largest=False,
/home/erosanow_hpc/informed_swapping/BARK.py:156: UserWarning: Exited postprocessing with accuracies 
[6.03625032e-09]
not reaching the requested tolerance 1e-09.
  values, vectors = lobpcg(projected_hamiltonian, guess, largest=False,
/home/erosanow_hpc/informed_swapping/BARK.py:156: UserWarning: Exited at iteration 50 with accuracies 
[6.26387314e-09]
not reaching the requested tolerance 1e-09.
Use iteration 51 instead with accuracy 
6.263873142034104e-09.

  values, vectors = lobpcg(projected_hamiltonian, guess, largest=False,
/home/erosanow_hpc/informed_swapping/BARK.py:156: UserWarning: Exited postprocessing with accuracies 
[6.26387348e-09]
not reaching the requested tolerance 1e-09.
  values, vectors = lobpcg(projected_hamiltonian, guess, largest=False,
/home/erosanow_hpc/informed_swapping/BARK.py:156: UserWarning: Exited at iteration 50 with accuracies 
[8.12479065e-09]
not reaching the requested tolerance 1e-09.
Use iteration 51 instead with accuracy 
8.124790645737668e-09.

  values, vectors = lobpcg(projected_hamiltonian, guess, largest=False,
/home/erosanow_hpc/informed_swapping/BARK.py:156: UserWarning: Exited postprocessing with accuracies 
[8.12479085e-09]
not reaching the requested tolerance 1e-09.
  values, vectors = lobpcg(projected_hamiltonian, guess, largest=False,
/home/erosanow_hpc/informed_swapping/BARK.py:156: UserWarning: Exited at iteration 50 with accuracies 
[1.01894758e-09]
not reaching the requested tolerance 1e-09.
Use iteration 51 instead with accuracy 
1.01894758330767e-09.

  values, vectors = lobpcg(projected_hamiltonian, guess, largest=False,
/home/erosanow_hpc/informed_swapping/BARK.py:156: UserWarning: Exited postprocessing with accuracies 
[1.01894743e-09]
not reaching the requested tolerance 1e-09.
  values, vectors = lobpcg(projected_hamiltonian, guess, largest=False,
/home/erosanow_hpc/informed_swapping/BARK.py:156: UserWarning: Exited at iteration 50 with accuracies 
[1.21402807e-09]
not reaching the requested tolerance 1e-09.
Use iteration 51 instead with accuracy 
1.2140280740208427e-09.

  values, vectors = lobpcg(projected_hamiltonian, guess, largest=False,
/home/erosanow_hpc/informed_swapping/BARK.py:156: UserWarning: Exited postprocessing with accuracies 
[1.21402802e-09]
not reaching the requested tolerance 1e-09.
  values, vectors = lobpcg(projected_hamiltonian, guess, largest=False,
/home/erosanow_hpc/informed_swapping/BARK.py:156: UserWarning: Exited at iteration 50 with accuracies 
[1.55102494e-09]
not reaching the requested tolerance 1e-09.
Use iteration 51 instead with accuracy 
1.5510249411522377e-09.

  values, vectors = lobpcg(projected_hamiltonian, guess, largest=False,
/home/erosanow_hpc/informed_swapping/BARK.py:156: UserWarning: Exited postprocessing with accuracies 
[1.55102485e-09]
not reaching the requested tolerance 1e-09.
  values, vectors = lobpcg(projected_hamiltonian, guess, largest=False,
/home/erosanow_hpc/informed_swapping/BARK.py:156: UserWarning: Exited at iteration 50 with accuracies 
[1.36400739e-09]
not reaching the requested tolerance 1e-09.
Use iteration 51 instead with accuracy 
1.36400739348951e-09.

  values, vectors = lobpcg(projected_hamiltonian, guess, largest=False,
/home/erosanow_hpc/informed_swapping/BARK.py:156: UserWarning: Exited postprocessing with accuracies 
[1.36400776e-09]
not reaching the requested tolerance 1e-09.
  values, vectors = lobpcg(projected_hamiltonian, guess, largest=False,
/home/erosanow_hpc/informed_swapping/BARK.py:156: UserWarning: Exited at iteration 50 with accuracies 
[2.07953807e-09]
not reaching the requested tolerance 1e-09.
Use iteration 51 instead with accuracy 
2.079538068843475e-09.

  values, vectors = lobpcg(projected_hamiltonian, guess, largest=False,
/home/erosanow_hpc/informed_swapping/BARK.py:156: UserWarning: Exited postprocessing with accuracies 
[2.07953832e-09]
not reaching the requested tolerance 1e-09.
  values, vectors = lobpcg(projected_hamiltonian, guess, largest=False,
/home/erosanow_hpc/informed_swapping/BARK.py:156: UserWarning: Exited at iteration 50 with accuracies 
[2.20025046e-09]
not reaching the requested tolerance 1e-09.
Use iteration 51 instead with accuracy 
2.2002504628999233e-09.

  values, vectors = lobpcg(projected_hamiltonian, guess, largest=False,
/home/erosanow_hpc/informed_swapping/BARK.py:156: UserWarning: Exited postprocessing with accuracies 
[2.20025066e-09]
not reaching the requested tolerance 1e-09.
  values, vectors = lobpcg(projected_hamiltonian, guess, largest=False,
/home/erosanow_hpc/informed_swapping/BARK.py:156: UserWarning: Exited at iteration 50 with accuracies 
[3.01058786e-09]
not reaching the requested tolerance 1e-09.
Use iteration 51 instead with accuracy 
3.0105878581591187e-09.

  values, vectors = lobpcg(projected_hamiltonian, guess, largest=False,
/home/erosanow_hpc/informed_swapping/BARK.py:156: UserWarning: Exited postprocessing with accuracies 
[3.01058753e-09]
not reaching the requested tolerance 1e-09.
  values, vectors = lobpcg(projected_hamiltonian, guess, largest=False,
/home/erosanow_hpc/informed_swapping/BARK.py:156: UserWarning: Exited at iteration 50 with accuracies 
[1.31729495e-09]
not reaching the requested tolerance 1e-09.
Use iteration 51 instead with accuracy 
1.3172949498547093e-09.

  values, vectors = lobpcg(projected_hamiltonian, guess, largest=False,
/home/erosanow_hpc/informed_swapping/BARK.py:156: UserWarning: Exited postprocessing with accuracies 
[1.31729518e-09]
not reaching the requested tolerance 1e-09.
  values, vectors = lobpcg(projected_hamiltonian, guess, largest=False,
/home/erosanow_hpc/informed_swapping/BARK.py:156: UserWarning: Exited at iteration 50 with accuracies 
[2.00923435e-09]
not reaching the requested tolerance 1e-09.
Use iteration 51 instead with accuracy 
2.0092343548403634e-09.

  values, vectors = lobpcg(projected_hamiltonian, guess, largest=False,
/home/erosanow_hpc/informed_swapping/BARK.py:156: UserWarning: Exited postprocessing with accuracies 
[2.00923375e-09]
not reaching the requested tolerance 1e-09.
  values, vectors = lobpcg(projected_hamiltonian, guess, largest=False,
/home/erosanow_hpc/informed_swapping/BARK.py:156: UserWarning: Exited at iteration 50 with accuracies 
[2.49235505e-09]
not reaching the requested tolerance 1e-09.
Use iteration 51 instead with accuracy 
2.492355047097361e-09.

  values, vectors = lobpcg(projected_hamiltonian, guess, largest=False,
/home/erosanow_hpc/informed_swapping/BARK.py:156: UserWarning: Exited postprocessing with accuracies 
[2.49235496e-09]
not reaching the requested tolerance 1e-09.
  values, vectors = lobpcg(projected_hamiltonian, guess, largest=False,
/home/erosanow_hpc/informed_swapping/BARK.py:156: UserWarning: Exited at iteration 50 with accuracies 
[3.53237273e-09]
not reaching the requested tolerance 1e-09.
Use iteration 51 instead with accuracy 
3.532372729011038e-09.

  values, vectors = lobpcg(projected_hamiltonian, guess, largest=False,
/home/erosanow_hpc/informed_swapping/BARK.py:156: UserWarning: Exited postprocessing with accuracies 
[3.53237252e-09]
not reaching the requested tolerance 1e-09.
  values, vectors = lobpcg(projected_hamiltonian, guess, largest=False,
/home/erosanow_hpc/informed_swapping/BARK.py:156: UserWarning: Exited at iteration 50 with accuracies 
[2.80180135e-09]
not reaching the requested tolerance 1e-09.
Use iteration 51 instead with accuracy 
2.8018013460361327e-09.

  values, vectors = lobpcg(projected_hamiltonian, guess, largest=False,
/home/erosanow_hpc/informed_swapping/BARK.py:156: UserWarning: Exited postprocessing with accuracies 
[2.80180074e-09]
not reaching the requested tolerance 1e-09.
  values, vectors = lobpcg(projected_hamiltonian, guess, largest=False,
/home/erosanow_hpc/informed_swapping/BARK.py:156: UserWarning: Exited at iteration 50 with accuracies 
[4.62465809e-09]
not reaching the requested tolerance 1e-09.
Use iteration 51 instead with accuracy 
4.624658088736331e-09.

  values, vectors = lobpcg(projected_hamiltonian, guess, largest=False,
/home/erosanow_hpc/informed_swapping/BARK.py:156: UserWarning: Exited postprocessing with accuracies 
[4.62465866e-09]
not reaching the requested tolerance 1e-09.
  values, vectors = lobpcg(projected_hamiltonian, guess, largest=False,
/home/erosanow_hpc/informed_swapping/BARK.py:156: UserWarning: Exited at iteration 50 with accuracies 
[4.8400461e-09]
not reaching the requested tolerance 1e-09.
Use iteration 51 instead with accuracy 
4.840046095201899e-09.

  values, vectors = lobpcg(projected_hamiltonian, guess, largest=False,
/home/erosanow_hpc/informed_swapping/BARK.py:156: UserWarning: Exited postprocessing with accuracies 
[4.84004652e-09]
not reaching the requested tolerance 1e-09.
  values, vectors = lobpcg(projected_hamiltonian, guess, largest=False,
/home/erosanow_hpc/informed_swapping/BARK.py:156: UserWarning: Exited at iteration 50 with accuracies 
[6.98404098e-09]
not reaching the requested tolerance 1e-09.
Use iteration 51 instead with accuracy 
6.984040976788832e-09.

  values, vectors = lobpcg(projected_hamiltonian, guess, largest=False,
/home/erosanow_hpc/informed_swapping/BARK.py:156: UserWarning: Exited postprocessing with accuracies 
[6.98404107e-09]
not reaching the requested tolerance 1e-09.
  values, vectors = lobpcg(projected_hamiltonian, guess, largest=False,
/home/erosanow_hpc/informed_swapping/BARK.py:156: UserWarning: Exited at iteration 50 with accuracies 
[1.05822128e-09]
not reaching the requested tolerance 1e-09.
Use iteration 51 instead with accuracy 
1.0582212754234045e-09.

  values, vectors = lobpcg(projected_hamiltonian, guess, largest=False,
/home/erosanow_hpc/informed_swapping/BARK.py:156: UserWarning: Exited postprocessing with accuracies 
[1.05822036e-09]
not reaching the requested tolerance 1e-09.
  values, vectors = lobpcg(projected_hamiltonian, guess, largest=False,
/home/erosanow_hpc/informed_swapping/BARK.py:156: UserWarning: Exited at iteration 50 with accuracies 
[1.49309597e-09]
not reaching the requested tolerance 1e-09.
Use iteration 51 instead with accuracy 
1.4930959732538038e-09.

  values, vectors = lobpcg(projected_hamiltonian, guess, largest=False,
/home/erosanow_hpc/informed_swapping/BARK.py:156: UserWarning: Exited postprocessing with accuracies 
[1.49309617e-09]
not reaching the requested tolerance 1e-09.
  values, vectors = lobpcg(projected_hamiltonian, guess, largest=False,
/home/erosanow_hpc/informed_swapping/BARK.py:156: UserWarning: Exited at iteration 50 with accuracies 
[1.68442246e-09]
not reaching the requested tolerance 1e-09.
Use iteration 51 instead with accuracy 
1.6844224602510713e-09.

  values, vectors = lobpcg(projected_hamiltonian, guess, largest=False,
/home/erosanow_hpc/informed_swapping/BARK.py:156: UserWarning: Exited postprocessing with accuracies 
[1.68442255e-09]
not reaching the requested tolerance 1e-09.
  values, vectors = lobpcg(projected_hamiltonian, guess, largest=False,
/home/erosanow_hpc/informed_swapping/BARK.py:156: UserWarning: Exited at iteration 50 with accuracies 
[2.00861325e-09]
not reaching the requested tolerance 1e-09.
Use iteration 51 instead with accuracy 
2.008613249956348e-09.

  values, vectors = lobpcg(projected_hamiltonian, guess, largest=False,
/home/erosanow_hpc/informed_swapping/BARK.py:156: UserWarning: Exited postprocessing with accuracies 
[2.00861326e-09]
not reaching the requested tolerance 1e-09.
  values, vectors = lobpcg(projected_hamiltonian, guess, largest=False,
/home/erosanow_hpc/informed_swapping/BARK.py:156: UserWarning: Exited at iteration 50 with accuracies 
[1.56136346e-09]
not reaching the requested tolerance 1e-09.
Use iteration 51 instead with accuracy 
1.5613634611029198e-09.

  values, vectors = lobpcg(projected_hamiltonian, guess, largest=False,
/home/erosanow_hpc/informed_swapping/BARK.py:156: UserWarning: Exited postprocessing with accuracies 
[1.56136356e-09]
not reaching the requested tolerance 1e-09.
  values, vectors = lobpcg(projected_hamiltonian, guess, largest=False,
/home/erosanow_hpc/informed_swapping/BARK.py:156: UserWarning: Exited at iteration 50 with accuracies 
[2.21160382e-09]
not reaching the requested tolerance 1e-09.
Use iteration 51 instead with accuracy 
2.2116038224193347e-09.

  values, vectors = lobpcg(projected_hamiltonian, guess, largest=False,
/home/erosanow_hpc/informed_swapping/BARK.py:156: UserWarning: Exited postprocessing with accuracies 
[2.21160457e-09]
not reaching the requested tolerance 1e-09.
  values, vectors = lobpcg(projected_hamiltonian, guess, largest=False,
/home/erosanow_hpc/informed_swapping/BARK.py:156: UserWarning: Exited at iteration 50 with accuracies 
[2.41355446e-09]
not reaching the requested tolerance 1e-09.
Use iteration 51 instead with accuracy 
2.413554463560423e-09.

  values, vectors = lobpcg(projected_hamiltonian, guess, largest=False,
/home/erosanow_hpc/informed_swapping/BARK.py:156: UserWarning: Exited postprocessing with accuracies 
[2.41355447e-09]
not reaching the requested tolerance 1e-09.
  values, vectors = lobpcg(projected_hamiltonian, guess, largest=False,
/home/erosanow_hpc/informed_swapping/BARK.py:156: UserWarning: Exited at iteration 50 with accuracies 
[2.90681333e-09]
not reaching the requested tolerance 1e-09.
Use iteration 51 instead with accuracy 
2.9068133269183225e-09.

  values, vectors = lobpcg(projected_hamiltonian, guess, largest=False,
/home/erosanow_hpc/informed_swapping/BARK.py:156: UserWarning: Exited postprocessing with accuracies 
[2.90681318e-09]
not reaching the requested tolerance 1e-09.
  values, vectors = lobpcg(projected_hamiltonian, guess, largest=False,
/home/erosanow_hpc/informed_swapping/BARK.py:156: UserWarning: Exited at iteration 50 with accuracies 
[1.58248211e-09]
not reaching the requested tolerance 1e-09.
Use iteration 51 instead with accuracy 
1.5824821105592607e-09.

  values, vectors = lobpcg(projected_hamiltonian, guess, largest=False,
/home/erosanow_hpc/informed_swapping/BARK.py:156: UserWarning: Exited postprocessing with accuracies 
[1.58248215e-09]
not reaching the requested tolerance 1e-09.
  values, vectors = lobpcg(projected_hamiltonian, guess, largest=False,
/home/erosanow_hpc/informed_swapping/BARK.py:156: UserWarning: Exited at iteration 50 with accuracies 
[2.24588367e-09]
not reaching the requested tolerance 1e-09.
Use iteration 51 instead with accuracy 
2.245883673172649e-09.

  values, vectors = lobpcg(projected_hamiltonian, guess, largest=False,
/home/erosanow_hpc/informed_swapping/BARK.py:156: UserWarning: Exited postprocessing with accuracies 
[2.2458838e-09]
not reaching the requested tolerance 1e-09.
  values, vectors = lobpcg(projected_hamiltonian, guess, largest=False,
/home/erosanow_hpc/informed_swapping/BARK.py:156: UserWarning: Exited at iteration 50 with accuracies 
[2.51026568e-09]
not reaching the requested tolerance 1e-09.
Use iteration 51 instead with accuracy 
2.5102656761741404e-09.

  values, vectors = lobpcg(projected_hamiltonian, guess, largest=False,
/home/erosanow_hpc/informed_swapping/BARK.py:156: UserWarning: Exited postprocessing with accuracies 
[2.51026578e-09]
not reaching the requested tolerance 1e-09.
  values, vectors = lobpcg(projected_hamiltonian, guess, largest=False,
/home/erosanow_hpc/informed_swapping/BARK.py:156: UserWarning: Exited at iteration 50 with accuracies 
[2.97813225e-09]
not reaching the requested tolerance 1e-09.
Use iteration 51 instead with accuracy 
2.9781322531223262e-09.

  values, vectors = lobpcg(projected_hamiltonian, guess, largest=False,
/home/erosanow_hpc/informed_swapping/BARK.py:156: UserWarning: Exited postprocessing with accuracies 
[2.97813234e-09]
not reaching the requested tolerance 1e-09.
  values, vectors = lobpcg(projected_hamiltonian, guess, largest=False,
/home/erosanow_hpc/informed_swapping/BARK.py:156: UserWarning: Exited at iteration 50 with accuracies 
[2.36227109e-09]
not reaching the requested tolerance 1e-09.
Use iteration 51 instead with accuracy 
2.3622710895259805e-09.

  values, vectors = lobpcg(projected_hamiltonian, guess, largest=False,
/home/erosanow_hpc/informed_swapping/BARK.py:156: UserWarning: Exited postprocessing with accuracies 
[2.36227055e-09]
not reaching the requested tolerance 1e-09.
  values, vectors = lobpcg(projected_hamiltonian, guess, largest=False,
/home/erosanow_hpc/informed_swapping/BARK.py:156: UserWarning: Exited at iteration 50 with accuracies 
[3.42487829e-09]
not reaching the requested tolerance 1e-09.
Use iteration 51 instead with accuracy 
3.4248782880948193e-09.

  values, vectors = lobpcg(projected_hamiltonian, guess, largest=False,
/home/erosanow_hpc/informed_swapping/BARK.py:156: UserWarning: Exited postprocessing with accuracies 
[3.42487865e-09]
not reaching the requested tolerance 1e-09.
  values, vectors = lobpcg(projected_hamiltonian, guess, largest=False,
/home/erosanow_hpc/informed_swapping/BARK.py:156: UserWarning: Exited at iteration 50 with accuracies 
[3.7386416e-09]
not reaching the requested tolerance 1e-09.
Use iteration 51 instead with accuracy 
3.7386416037167304e-09.

  values, vectors = lobpcg(projected_hamiltonian, guess, largest=False,
/home/erosanow_hpc/informed_swapping/BARK.py:156: UserWarning: Exited postprocessing with accuracies 
[3.73864113e-09]
not reaching the requested tolerance 1e-09.
  values, vectors = lobpcg(projected_hamiltonian, guess, largest=False,
/home/erosanow_hpc/informed_swapping/BARK.py:156: UserWarning: Exited at iteration 50 with accuracies 
[4.58974103e-09]
not reaching the requested tolerance 1e-09.
Use iteration 51 instead with accuracy 
4.589741031339176e-09.

  values, vectors = lobpcg(projected_hamiltonian, guess, largest=False,
/home/erosanow_hpc/informed_swapping/BARK.py:156: UserWarning: Exited postprocessing with accuracies 
[4.58974075e-09]
not reaching the requested tolerance 1e-09.
  values, vectors = lobpcg(projected_hamiltonian, guess, largest=False,
/home/erosanow_hpc/informed_swapping/BARK.py:156: UserWarning: Exited at iteration 50 with accuracies 
[2.47966502e-09]
not reaching the requested tolerance 1e-09.
Use iteration 51 instead with accuracy 
2.479665015489423e-09.

  values, vectors = lobpcg(projected_hamiltonian, guess, largest=False,
/home/erosanow_hpc/informed_swapping/BARK.py:156: UserWarning: Exited postprocessing with accuracies 
[2.47966532e-09]
not reaching the requested tolerance 1e-09.
  values, vectors = lobpcg(projected_hamiltonian, guess, largest=False,
/home/erosanow_hpc/informed_swapping/BARK.py:156: UserWarning: Exited at iteration 50 with accuracies 
[2.75899697e-09]
not reaching the requested tolerance 1e-09.
Use iteration 51 instead with accuracy 
2.758996974298193e-09.

  values, vectors = lobpcg(projected_hamiltonian, guess, largest=False,
/home/erosanow_hpc/informed_swapping/BARK.py:156: UserWarning: Exited postprocessing with accuracies 
[2.75899743e-09]
not reaching the requested tolerance 1e-09.
  values, vectors = lobpcg(projected_hamiltonian, guess, largest=False,
/home/erosanow_hpc/informed_swapping/BARK.py:156: UserWarning: Exited at iteration 50 with accuracies 
[3.35378148e-09]
not reaching the requested tolerance 1e-09.
Use iteration 51 instead with accuracy 
3.3537814797605266e-09.

  values, vectors = lobpcg(projected_hamiltonian, guess, largest=False,
/home/erosanow_hpc/informed_swapping/BARK.py:156: UserWarning: Exited postprocessing with accuracies 
[3.35378132e-09]
not reaching the requested tolerance 1e-09.
  values, vectors = lobpcg(projected_hamiltonian, guess, largest=False,
/home/erosanow_hpc/informed_swapping/BARK.py:156: UserWarning: Exited at iteration 50 with accuracies 
[2.56784087e-09]
not reaching the requested tolerance 1e-09.
Use iteration 51 instead with accuracy 
2.5678408712958426e-09.

  values, vectors = lobpcg(projected_hamiltonian, guess, largest=False,
/home/erosanow_hpc/informed_swapping/BARK.py:156: UserWarning: Exited postprocessing with accuracies 
[2.56784036e-09]
not reaching the requested tolerance 1e-09.
  values, vectors = lobpcg(projected_hamiltonian, guess, largest=False,
/home/erosanow_hpc/informed_swapping/BARK.py:156: UserWarning: Exited at iteration 50 with accuracies 
[3.71276412e-09]
not reaching the requested tolerance 1e-09.
Use iteration 51 instead with accuracy 
3.712764120561836e-09.

  values, vectors = lobpcg(projected_hamiltonian, guess, largest=False,
/home/erosanow_hpc/informed_swapping/BARK.py:156: UserWarning: Exited postprocessing with accuracies 
[3.71276407e-09]
not reaching the requested tolerance 1e-09.
  values, vectors = lobpcg(projected_hamiltonian, guess, largest=False,
/home/erosanow_hpc/informed_swapping/BARK.py:156: UserWarning: Exited at iteration 50 with accuracies 
[4.12268989e-09]
not reaching the requested tolerance 1e-09.
Use iteration 51 instead with accuracy 
4.122689889935969e-09.

  values, vectors = lobpcg(projected_hamiltonian, guess, largest=False,
/home/erosanow_hpc/informed_swapping/BARK.py:156: UserWarning: Exited postprocessing with accuracies 
[4.12268982e-09]
not reaching the requested tolerance 1e-09.
  values, vectors = lobpcg(projected_hamiltonian, guess, largest=False,
/home/erosanow_hpc/informed_swapping/BARK.py:156: UserWarning: Exited at iteration 50 with accuracies 
[5.0807738e-09]
not reaching the requested tolerance 1e-09.
Use iteration 51 instead with accuracy 
5.08077380429059e-09.

  values, vectors = lobpcg(projected_hamiltonian, guess, largest=False,
/home/erosanow_hpc/informed_swapping/BARK.py:156: UserWarning: Exited postprocessing with accuracies 
[5.08077414e-09]
not reaching the requested tolerance 1e-09.
  values, vectors = lobpcg(projected_hamiltonian, guess, largest=False,
/home/erosanow_hpc/informed_swapping/BARK.py:156: UserWarning: Exited at iteration 50 with accuracies 
[2.64298279e-09]
not reaching the requested tolerance 1e-09.
Use iteration 51 instead with accuracy 
2.642982786547258e-09.

  values, vectors = lobpcg(projected_hamiltonian, guess, largest=False,
/home/erosanow_hpc/informed_swapping/BARK.py:156: UserWarning: Exited postprocessing with accuracies 
[2.64298305e-09]
not reaching the requested tolerance 1e-09.
  values, vectors = lobpcg(projected_hamiltonian, guess, largest=False,
/home/erosanow_hpc/informed_swapping/BARK.py:156: UserWarning: Exited at iteration 50 with accuracies 
[3.80200244e-09]
not reaching the requested tolerance 1e-09.
Use iteration 51 instead with accuracy 
3.8020024402928046e-09.

  values, vectors = lobpcg(projected_hamiltonian, guess, largest=False,
/home/erosanow_hpc/informed_swapping/BARK.py:156: UserWarning: Exited postprocessing with accuracies 
[3.80200264e-09]
not reaching the requested tolerance 1e-09.
  values, vectors = lobpcg(projected_hamiltonian, guess, largest=False,
/home/erosanow_hpc/informed_swapping/BARK.py:156: UserWarning: Exited at iteration 50 with accuracies 
[4.16707112e-09]
not reaching the requested tolerance 1e-09.
Use iteration 51 instead with accuracy 
4.167071124266482e-09.

  values, vectors = lobpcg(projected_hamiltonian, guess, largest=False,
/home/erosanow_hpc/informed_swapping/BARK.py:156: UserWarning: Exited postprocessing with accuracies 
[4.16707074e-09]
not reaching the requested tolerance 1e-09.
  values, vectors = lobpcg(projected_hamiltonian, guess, largest=False,
/home/erosanow_hpc/informed_swapping/BARK.py:156: UserWarning: Exited at iteration 50 with accuracies 
[5.09318035e-09]
not reaching the requested tolerance 1e-09.
Use iteration 51 instead with accuracy 
5.093180352645566e-09.

  values, vectors = lobpcg(projected_hamiltonian, guess, largest=False,
/home/erosanow_hpc/informed_swapping/BARK.py:156: UserWarning: Exited postprocessing with accuracies 
[5.09318019e-09]
not reaching the requested tolerance 1e-09.
  values, vectors = lobpcg(projected_hamiltonian, guess, largest=False,
/home/erosanow_hpc/informed_swapping/BARK.py:156: UserWarning: Exited at iteration 50 with accuracies 
[4.38490633e-09]
not reaching the requested tolerance 1e-09.
Use iteration 51 instead with accuracy 
4.384906330752451e-09.

  values, vectors = lobpcg(projected_hamiltonian, guess, largest=False,
/home/erosanow_hpc/informed_swapping/BARK.py:156: UserWarning: Exited postprocessing with accuracies 
[4.38490599e-09]
not reaching the requested tolerance 1e-09.
  values, vectors = lobpcg(projected_hamiltonian, guess, largest=False,
/home/erosanow_hpc/informed_swapping/BARK.py:156: UserWarning: Exited at iteration 50 with accuracies 
[6.53473098e-09]
not reaching the requested tolerance 1e-09.
Use iteration 51 instead with accuracy 
6.534730982736344e-09.

  values, vectors = lobpcg(projected_hamiltonian, guess, largest=False,
/home/erosanow_hpc/informed_swapping/BARK.py:156: UserWarning: Exited postprocessing with accuracies 
[6.5347308e-09]
not reaching the requested tolerance 1e-09.
  values, vectors = lobpcg(projected_hamiltonian, guess, largest=False,
/home/erosanow_hpc/informed_swapping/BARK.py:156: UserWarning: Exited at iteration 50 with accuracies 
[6.88544201e-09]
not reaching the requested tolerance 1e-09.
Use iteration 51 instead with accuracy 
6.885442008405194e-09.

  values, vectors = lobpcg(projected_hamiltonian, guess, largest=False,
/home/erosanow_hpc/informed_swapping/BARK.py:156: UserWarning: Exited postprocessing with accuracies 
[6.8854416e-09]
not reaching the requested tolerance 1e-09.
  values, vectors = lobpcg(projected_hamiltonian, guess, largest=False,
/home/erosanow_hpc/informed_swapping/BARK.py:156: UserWarning: Exited at iteration 50 with accuracies 
[8.61407706e-09]
not reaching the requested tolerance 1e-09.
Use iteration 51 instead with accuracy 
8.614077061356074e-09.

  values, vectors = lobpcg(projected_hamiltonian, guess, largest=False,
/home/erosanow_hpc/informed_swapping/BARK.py:156: UserWarning: Exited postprocessing with accuracies 
[8.61407766e-09]
not reaching the requested tolerance 1e-09.
  values, vectors = lobpcg(projected_hamiltonian, guess, largest=False,
/home/erosanow_hpc/informed_swapping/BARK.py:156: UserWarning: Exited at iteration 50 with accuracies 
[2.03576765e-09]
not reaching the requested tolerance 1e-09.
Use iteration 51 instead with accuracy 
2.0357676460875424e-09.

  values, vectors = lobpcg(projected_hamiltonian, guess, largest=False,
/home/erosanow_hpc/informed_swapping/BARK.py:156: UserWarning: Exited postprocessing with accuracies 
[2.03576793e-09]
not reaching the requested tolerance 1e-09.
  values, vectors = lobpcg(projected_hamiltonian, guess, largest=False,
/home/erosanow_hpc/informed_swapping/BARK.py:156: UserWarning: Exited at iteration 50 with accuracies 
[2.91898121e-09]
not reaching the requested tolerance 1e-09.
Use iteration 51 instead with accuracy 
2.918981205765201e-09.

  values, vectors = lobpcg(projected_hamiltonian, guess, largest=False,
/home/erosanow_hpc/informed_swapping/BARK.py:156: UserWarning: Exited postprocessing with accuracies 
[2.91898176e-09]
not reaching the requested tolerance 1e-09.
  values, vectors = lobpcg(projected_hamiltonian, guess, largest=False,
/home/erosanow_hpc/informed_swapping/BARK.py:156: UserWarning: Exited at iteration 50 with accuracies 
[3.16409845e-09]
not reaching the requested tolerance 1e-09.
Use iteration 51 instead with accuracy 
3.1640984507036075e-09.

  values, vectors = lobpcg(projected_hamiltonian, guess, largest=False,
/home/erosanow_hpc/informed_swapping/BARK.py:156: UserWarning: Exited postprocessing with accuracies 
[3.16409814e-09]
not reaching the requested tolerance 1e-09.
  values, vectors = lobpcg(projected_hamiltonian, guess, largest=False,
/home/erosanow_hpc/informed_swapping/BARK.py:156: UserWarning: Exited at iteration 50 with accuracies 
[3.84154817e-09]
not reaching the requested tolerance 1e-09.
Use iteration 51 instead with accuracy 
3.841548170985987e-09.

  values, vectors = lobpcg(projected_hamiltonian, guess, largest=False,
/home/erosanow_hpc/informed_swapping/BARK.py:156: UserWarning: Exited postprocessing with accuracies 
[3.84154851e-09]
not reaching the requested tolerance 1e-09.
  values, vectors = lobpcg(projected_hamiltonian, guess, largest=False,
/home/erosanow_hpc/informed_swapping/BARK.py:156: UserWarning: Exited at iteration 50 with accuracies 
[3.10396266e-09]
not reaching the requested tolerance 1e-09.
Use iteration 51 instead with accuracy 
3.1039626564026858e-09.

  values, vectors = lobpcg(projected_hamiltonian, guess, largest=False,
/home/erosanow_hpc/informed_swapping/BARK.py:156: UserWarning: Exited postprocessing with accuracies 
[3.10396246e-09]
not reaching the requested tolerance 1e-09.
  values, vectors = lobpcg(projected_hamiltonian, guess, largest=False,
/home/erosanow_hpc/informed_swapping/BARK.py:156: UserWarning: Exited at iteration 50 with accuracies 
[4.56302118e-09]
not reaching the requested tolerance 1e-09.
Use iteration 51 instead with accuracy 
4.563021176213479e-09.

  values, vectors = lobpcg(projected_hamiltonian, guess, largest=False,
/home/erosanow_hpc/informed_swapping/BARK.py:156: UserWarning: Exited postprocessing with accuracies 
[4.56302153e-09]
not reaching the requested tolerance 1e-09.
  values, vectors = lobpcg(projected_hamiltonian, guess, largest=False,
/home/erosanow_hpc/informed_swapping/BARK.py:156: UserWarning: Exited at iteration 50 with accuracies 
[4.83418184e-09]
not reaching the requested tolerance 1e-09.
Use iteration 51 instead with accuracy 
4.834181838766476e-09.

  values, vectors = lobpcg(projected_hamiltonian, guess, largest=False,
/home/erosanow_hpc/informed_swapping/BARK.py:156: UserWarning: Exited postprocessing with accuracies 
[4.83418185e-09]
not reaching the requested tolerance 1e-09.
  values, vectors = lobpcg(projected_hamiltonian, guess, largest=False,
/home/erosanow_hpc/informed_swapping/BARK.py:156: UserWarning: Exited at iteration 50 with accuracies 
[5.89669083e-09]
not reaching the requested tolerance 1e-09.
Use iteration 51 instead with accuracy 
5.896690833285399e-09.

  values, vectors = lobpcg(projected_hamiltonian, guess, largest=False,
/home/erosanow_hpc/informed_swapping/BARK.py:156: UserWarning: Exited postprocessing with accuracies 
[5.8966907e-09]
not reaching the requested tolerance 1e-09.
  values, vectors = lobpcg(projected_hamiltonian, guess, largest=False,
/home/erosanow_hpc/informed_swapping/BARK.py:156: UserWarning: Exited at iteration 50 with accuracies 
[3.19223922e-09]
not reaching the requested tolerance 1e-09.
Use iteration 51 instead with accuracy 
3.1922392166693812e-09.

  values, vectors = lobpcg(projected_hamiltonian, guess, largest=False,
/home/erosanow_hpc/informed_swapping/BARK.py:156: UserWarning: Exited postprocessing with accuracies 
[3.19223911e-09]
not reaching the requested tolerance 1e-09.
  values, vectors = lobpcg(projected_hamiltonian, guess, largest=False,
/home/erosanow_hpc/informed_swapping/BARK.py:156: UserWarning: Exited at iteration 50 with accuracies 
[4.66195197e-09]
not reaching the requested tolerance 1e-09.
Use iteration 51 instead with accuracy 
4.661951967753663e-09.

  values, vectors = lobpcg(projected_hamiltonian, guess, largest=False,
/home/erosanow_hpc/informed_swapping/BARK.py:156: UserWarning: Exited postprocessing with accuracies 
[4.6619527e-09]
not reaching the requested tolerance 1e-09.
  values, vectors = lobpcg(projected_hamiltonian, guess, largest=False,
/home/erosanow_hpc/informed_swapping/BARK.py:156: UserWarning: Exited at iteration 50 with accuracies 
[5.13455716e-09]
not reaching the requested tolerance 1e-09.
Use iteration 51 instead with accuracy 
5.134557160020298e-09.

  values, vectors = lobpcg(projected_hamiltonian, guess, largest=False,
/home/erosanow_hpc/informed_swapping/BARK.py:156: UserWarning: Exited postprocessing with accuracies 
[5.13455707e-09]
not reaching the requested tolerance 1e-09.
  values, vectors = lobpcg(projected_hamiltonian, guess, largest=False,
/home/erosanow_hpc/informed_swapping/BARK.py:156: UserWarning: Exited at iteration 50 with accuracies 
[6.32451463e-09]
not reaching the requested tolerance 1e-09.
Use iteration 51 instead with accuracy 
6.324514633271583e-09.

  values, vectors = lobpcg(projected_hamiltonian, guess, largest=False,
/home/erosanow_hpc/informed_swapping/BARK.py:156: UserWarning: Exited postprocessing with accuracies 
[6.32451424e-09]
not reaching the requested tolerance 1e-09.
  values, vectors = lobpcg(projected_hamiltonian, guess, largest=False,
/home/erosanow_hpc/informed_swapping/BARK.py:156: UserWarning: Exited at iteration 50 with accuracies 
[5.1421776e-09]
not reaching the requested tolerance 1e-09.
Use iteration 51 instead with accuracy 
5.142177603337315e-09.

  values, vectors = lobpcg(projected_hamiltonian, guess, largest=False,
/home/erosanow_hpc/informed_swapping/BARK.py:156: UserWarning: Exited postprocessing with accuracies 
[5.14217751e-09]
not reaching the requested tolerance 1e-09.
  values, vectors = lobpcg(projected_hamiltonian, guess, largest=False,
/home/erosanow_hpc/informed_swapping/BARK.py:156: UserWarning: Exited at iteration 50 with accuracies 
[7.80911058e-09]
not reaching the requested tolerance 1e-09.
Use iteration 51 instead with accuracy 
7.809110584638984e-09.

  values, vectors = lobpcg(projected_hamiltonian, guess, largest=False,
/home/erosanow_hpc/informed_swapping/BARK.py:156: UserWarning: Exited postprocessing with accuracies 
[7.80911075e-09]
not reaching the requested tolerance 1e-09.
  values, vectors = lobpcg(projected_hamiltonian, guess, largest=False,
/home/erosanow_hpc/informed_swapping/BARK.py:156: UserWarning: Exited at iteration 50 with accuracies 
[8.22253813e-09]
not reaching the requested tolerance 1e-09.
Use iteration 51 instead with accuracy 
8.22253813149878e-09.

  values, vectors = lobpcg(projected_hamiltonian, guess, largest=False,
/home/erosanow_hpc/informed_swapping/BARK.py:156: UserWarning: Exited postprocessing with accuracies 
[8.22253822e-09]
not reaching the requested tolerance 1e-09.
  values, vectors = lobpcg(projected_hamiltonian, guess, largest=False,
/home/erosanow_hpc/informed_swapping/BARK.py:156: UserWarning: Exited at iteration 50 with accuracies 
[1.0437522e-08]
not reaching the requested tolerance 1e-09.
Use iteration 51 instead with accuracy 
1.0437522012791824e-08.

  values, vectors = lobpcg(projected_hamiltonian, guess, largest=False,
/home/erosanow_hpc/informed_swapping/BARK.py:156: UserWarning: Exited postprocessing with accuracies 
[1.0437522e-08]
not reaching the requested tolerance 1e-09.
  values, vectors = lobpcg(projected_hamiltonian, guess, largest=False,
/home/erosanow_hpc/informed_swapping/BARK.py:156: UserWarning: Exited at iteration 50 with accuracies 
[1.37764315e-09]
not reaching the requested tolerance 1e-09.
Use iteration 51 instead with accuracy 
1.3776431489615618e-09.

  values, vectors = lobpcg(projected_hamiltonian, guess, largest=False,
/home/erosanow_hpc/informed_swapping/BARK.py:156: UserWarning: Exited postprocessing with accuracies 
[1.37764343e-09]
not reaching the requested tolerance 1e-09.
  values, vectors = lobpcg(projected_hamiltonian, guess, largest=False,
/home/erosanow_hpc/informed_swapping/BARK.py:156: UserWarning: Exited at iteration 50 with accuracies 
[2.31921798e-09]
not reaching the requested tolerance 1e-09.
Use iteration 51 instead with accuracy 
2.319217981886589e-09.

  values, vectors = lobpcg(projected_hamiltonian, guess, largest=False,
/home/erosanow_hpc/informed_swapping/BARK.py:156: UserWarning: Exited postprocessing with accuracies 
[2.31921794e-09]
not reaching the requested tolerance 1e-09.
  values, vectors = lobpcg(projected_hamiltonian, guess, largest=False,
/home/erosanow_hpc/informed_swapping/BARK.py:156: UserWarning: Exited at iteration 50 with accuracies 
[2.52686764e-09]
not reaching the requested tolerance 1e-09.
Use iteration 51 instead with accuracy 
2.526867642659311e-09.

  values, vectors = lobpcg(projected_hamiltonian, guess, largest=False,
/home/erosanow_hpc/informed_swapping/BARK.py:156: UserWarning: Exited postprocessing with accuracies 
[2.52686751e-09]
not reaching the requested tolerance 1e-09.
  values, vectors = lobpcg(projected_hamiltonian, guess, largest=False,
/home/erosanow_hpc/informed_swapping/BARK.py:156: UserWarning: Exited at iteration 50 with accuracies 
[3.46010116e-09]
not reaching the requested tolerance 1e-09.
Use iteration 51 instead with accuracy 
3.4601011578980094e-09.

  values, vectors = lobpcg(projected_hamiltonian, guess, largest=False,
/home/erosanow_hpc/informed_swapping/BARK.py:156: UserWarning: Exited postprocessing with accuracies 
[3.4601011e-09]
not reaching the requested tolerance 1e-09.
  values, vectors = lobpcg(projected_hamiltonian, guess, largest=False,
/home/erosanow_hpc/informed_swapping/BARK.py:156: UserWarning: Exited at iteration 50 with accuracies 
[2.58950815e-09]
not reaching the requested tolerance 1e-09.
Use iteration 51 instead with accuracy 
2.58950814581196e-09.

  values, vectors = lobpcg(projected_hamiltonian, guess, largest=False,
/home/erosanow_hpc/informed_swapping/BARK.py:156: UserWarning: Exited postprocessing with accuracies 
[2.58950777e-09]
not reaching the requested tolerance 1e-09.
  values, vectors = lobpcg(projected_hamiltonian, guess, largest=False,
/home/erosanow_hpc/informed_swapping/BARK.py:156: UserWarning: Exited at iteration 50 with accuracies 
[4.25703739e-09]
not reaching the requested tolerance 1e-09.
Use iteration 51 instead with accuracy 
4.2570373868647516e-09.

  values, vectors = lobpcg(projected_hamiltonian, guess, largest=False,
/home/erosanow_hpc/informed_swapping/BARK.py:156: UserWarning: Exited postprocessing with accuracies 
[4.2570374e-09]
not reaching the requested tolerance 1e-09.
  values, vectors = lobpcg(projected_hamiltonian, guess, largest=False,
/home/erosanow_hpc/informed_swapping/BARK.py:156: UserWarning: Exited at iteration 50 with accuracies 
[4.42888449e-09]
not reaching the requested tolerance 1e-09.
Use iteration 51 instead with accuracy 
4.428884494435137e-09.

  values, vectors = lobpcg(projected_hamiltonian, guess, largest=False,
/home/erosanow_hpc/informed_swapping/BARK.py:156: UserWarning: Exited postprocessing with accuracies 
[4.42888498e-09]
not reaching the requested tolerance 1e-09.
  values, vectors = lobpcg(projected_hamiltonian, guess, largest=False,
/home/erosanow_hpc/informed_swapping/BARK.py:156: UserWarning: Exited at iteration 50 with accuracies 
[5.83012651e-09]
not reaching the requested tolerance 1e-09.
Use iteration 51 instead with accuracy 
5.830126507368698e-09.

  values, vectors = lobpcg(projected_hamiltonian, guess, largest=False,
/home/erosanow_hpc/informed_swapping/BARK.py:156: UserWarning: Exited postprocessing with accuracies 
[5.8301266e-09]
not reaching the requested tolerance 1e-09.
  values, vectors = lobpcg(projected_hamiltonian, guess, largest=False,
/home/erosanow_hpc/informed_swapping/BARK.py:156: UserWarning: Exited at iteration 50 with accuracies 
[2.64013254e-09]
not reaching the requested tolerance 1e-09.
Use iteration 51 instead with accuracy 
2.640132535002648e-09.

  values, vectors = lobpcg(projected_hamiltonian, guess, largest=False,
/home/erosanow_hpc/informed_swapping/BARK.py:156: UserWarning: Exited postprocessing with accuracies 
[2.64013223e-09]
not reaching the requested tolerance 1e-09.
  values, vectors = lobpcg(projected_hamiltonian, guess, largest=False,
/home/erosanow_hpc/informed_swapping/BARK.py:156: UserWarning: Exited at iteration 50 with accuracies 
[4.29806868e-09]
not reaching the requested tolerance 1e-09.
Use iteration 51 instead with accuracy 
4.298068678332034e-09.

  values, vectors = lobpcg(projected_hamiltonian, guess, largest=False,
/home/erosanow_hpc/informed_swapping/BARK.py:156: UserWarning: Exited postprocessing with accuracies 
[4.29806823e-09]
not reaching the requested tolerance 1e-09.
  values, vectors = lobpcg(projected_hamiltonian, guess, largest=False,
/home/erosanow_hpc/informed_swapping/BARK.py:156: UserWarning: Exited at iteration 50 with accuracies 
[4.96266382e-09]
not reaching the requested tolerance 1e-09.
Use iteration 51 instead with accuracy 
4.9626638184289304e-09.

  values, vectors = lobpcg(projected_hamiltonian, guess, largest=False,
/home/erosanow_hpc/informed_swapping/BARK.py:156: UserWarning: Exited postprocessing with accuracies 
[4.96266405e-09]
not reaching the requested tolerance 1e-09.
  values, vectors = lobpcg(projected_hamiltonian, guess, largest=False,
/home/erosanow_hpc/informed_swapping/BARK.py:156: UserWarning: Exited at iteration 50 with accuracies 
[6.68370893e-09]
not reaching the requested tolerance 1e-09.
Use iteration 51 instead with accuracy 
6.683708930376752e-09.

  values, vectors = lobpcg(projected_hamiltonian, guess, largest=False,
/home/erosanow_hpc/informed_swapping/BARK.py:156: UserWarning: Exited postprocessing with accuracies 
[6.68370905e-09]
not reaching the requested tolerance 1e-09.
  values, vectors = lobpcg(projected_hamiltonian, guess, largest=False,
/home/erosanow_hpc/informed_swapping/BARK.py:156: UserWarning: Exited at iteration 50 with accuracies 
[5.61397625e-09]
not reaching the requested tolerance 1e-09.
Use iteration 51 instead with accuracy 
5.613976251946032e-09.

  values, vectors = lobpcg(projected_hamiltonian, guess, largest=False,
/home/erosanow_hpc/informed_swapping/BARK.py:156: UserWarning: Exited postprocessing with accuracies 
[5.61397563e-09]
not reaching the requested tolerance 1e-09.
  values, vectors = lobpcg(projected_hamiltonian, guess, largest=False,
/home/erosanow_hpc/informed_swapping/BARK.py:156: UserWarning: Exited at iteration 50 with accuracies 
[8.63431972e-09]
not reaching the requested tolerance 1e-09.
Use iteration 51 instead with accuracy 
8.634319719534812e-09.

  values, vectors = lobpcg(projected_hamiltonian, guess, largest=False,
/home/erosanow_hpc/informed_swapping/BARK.py:156: UserWarning: Exited postprocessing with accuracies 
[8.63431988e-09]
not reaching the requested tolerance 1e-09.
  values, vectors = lobpcg(projected_hamiltonian, guess, largest=False,
/home/erosanow_hpc/informed_swapping/BARK.py:156: UserWarning: Exited at iteration 50 with accuracies 
[9.63551692e-09]
not reaching the requested tolerance 1e-09.
Use iteration 51 instead with accuracy 
9.635516918850153e-09.

  values, vectors = lobpcg(projected_hamiltonian, guess, largest=False,
/home/erosanow_hpc/informed_swapping/BARK.py:156: UserWarning: Exited postprocessing with accuracies 
[9.63551694e-09]
not reaching the requested tolerance 1e-09.
  values, vectors = lobpcg(projected_hamiltonian, guess, largest=False,
/home/erosanow_hpc/informed_swapping/BARK.py:156: UserWarning: Exited at iteration 50 with accuracies 
[1.31382025e-08]
not reaching the requested tolerance 1e-09.
Use iteration 51 instead with accuracy 
1.3138202541264252e-08.

  values, vectors = lobpcg(projected_hamiltonian, guess, largest=False,
/home/erosanow_hpc/informed_swapping/BARK.py:156: UserWarning: Exited postprocessing with accuracies 
[1.31382029e-08]
not reaching the requested tolerance 1e-09.
  values, vectors = lobpcg(projected_hamiltonian, guess, largest=False,
/home/erosanow_hpc/informed_swapping/BARK.py:156: UserWarning: Exited at iteration 50 with accuracies 
[1.99139612e-09]
not reaching the requested tolerance 1e-09.
Use iteration 51 instead with accuracy 
1.991396118941642e-09.

  values, vectors = lobpcg(projected_hamiltonian, guess, largest=False,
/home/erosanow_hpc/informed_swapping/BARK.py:156: UserWarning: Exited postprocessing with accuracies 
[1.99139604e-09]
not reaching the requested tolerance 1e-09.
  values, vectors = lobpcg(projected_hamiltonian, guess, largest=False,
/home/erosanow_hpc/informed_swapping/BARK.py:156: UserWarning: Exited at iteration 50 with accuracies 
[2.84552477e-09]
not reaching the requested tolerance 1e-09.
Use iteration 51 instead with accuracy 
2.845524773258606e-09.

  values, vectors = lobpcg(projected_hamiltonian, guess, largest=False,
/home/erosanow_hpc/informed_swapping/BARK.py:156: UserWarning: Exited postprocessing with accuracies 
[2.84552489e-09]
not reaching the requested tolerance 1e-09.
  values, vectors = lobpcg(projected_hamiltonian, guess, largest=False,
/home/erosanow_hpc/informed_swapping/BARK.py:156: UserWarning: Exited at iteration 50 with accuracies 
[3.09377947e-09]
not reaching the requested tolerance 1e-09.
Use iteration 51 instead with accuracy 
3.0937794650155163e-09.

  values, vectors = lobpcg(projected_hamiltonian, guess, largest=False,
/home/erosanow_hpc/informed_swapping/BARK.py:156: UserWarning: Exited postprocessing with accuracies 
[3.09377956e-09]
not reaching the requested tolerance 1e-09.
  values, vectors = lobpcg(projected_hamiltonian, guess, largest=False,
/home/erosanow_hpc/informed_swapping/BARK.py:156: UserWarning: Exited at iteration 50 with accuracies 
[3.78688581e-09]
not reaching the requested tolerance 1e-09.
Use iteration 51 instead with accuracy 
3.786885807318565e-09.

  values, vectors = lobpcg(projected_hamiltonian, guess, largest=False,
/home/erosanow_hpc/informed_swapping/BARK.py:156: UserWarning: Exited postprocessing with accuracies 
[3.78688548e-09]
not reaching the requested tolerance 1e-09.
  values, vectors = lobpcg(projected_hamiltonian, guess, largest=False,
/home/erosanow_hpc/informed_swapping/BARK.py:156: UserWarning: Exited at iteration 50 with accuracies 
[3.18446244e-09]
not reaching the requested tolerance 1e-09.
Use iteration 51 instead with accuracy 
3.184462435233363e-09.

  values, vectors = lobpcg(projected_hamiltonian, guess, largest=False,
/home/erosanow_hpc/informed_swapping/BARK.py:156: UserWarning: Exited postprocessing with accuracies 
[3.18446297e-09]
not reaching the requested tolerance 1e-09.
  values, vectors = lobpcg(projected_hamiltonian, guess, largest=False,
/home/erosanow_hpc/informed_swapping/BARK.py:156: UserWarning: Exited at iteration 50 with accuracies 
[4.63396186e-09]
not reaching the requested tolerance 1e-09.
Use iteration 51 instead with accuracy 
4.633961861863258e-09.

  values, vectors = lobpcg(projected_hamiltonian, guess, largest=False,
/home/erosanow_hpc/informed_swapping/BARK.py:156: UserWarning: Exited postprocessing with accuracies 
[4.63396213e-09]
not reaching the requested tolerance 1e-09.
  values, vectors = lobpcg(projected_hamiltonian, guess, largest=False,
/home/erosanow_hpc/informed_swapping/BARK.py:156: UserWarning: Exited at iteration 50 with accuracies 
[4.88464074e-09]
not reaching the requested tolerance 1e-09.
Use iteration 51 instead with accuracy 
4.88464073677292e-09.

  values, vectors = lobpcg(projected_hamiltonian, guess, largest=False,
/home/erosanow_hpc/informed_swapping/BARK.py:156: UserWarning: Exited postprocessing with accuracies 
[4.88464047e-09]
not reaching the requested tolerance 1e-09.
  values, vectors = lobpcg(projected_hamiltonian, guess, largest=False,
/home/erosanow_hpc/informed_swapping/BARK.py:156: UserWarning: Exited at iteration 50 with accuracies 
[6.07199343e-09]
not reaching the requested tolerance 1e-09.
Use iteration 51 instead with accuracy 
6.071993434883521e-09.

  values, vectors = lobpcg(projected_hamiltonian, guess, largest=False,
/home/erosanow_hpc/informed_swapping/BARK.py:156: UserWarning: Exited postprocessing with accuracies 
[6.0719932e-09]
not reaching the requested tolerance 1e-09.
  values, vectors = lobpcg(projected_hamiltonian, guess, largest=False,
/home/erosanow_hpc/informed_swapping/BARK.py:156: UserWarning: Exited at iteration 50 with accuracies 
[3.21085874e-09]
not reaching the requested tolerance 1e-09.
Use iteration 51 instead with accuracy 
3.2108587358629347e-09.

  values, vectors = lobpcg(projected_hamiltonian, guess, largest=False,
/home/erosanow_hpc/informed_swapping/BARK.py:156: UserWarning: Exited postprocessing with accuracies 
[3.21085936e-09]
not reaching the requested tolerance 1e-09.
  values, vectors = lobpcg(projected_hamiltonian, guess, largest=False,
/home/erosanow_hpc/informed_swapping/BARK.py:156: UserWarning: Exited at iteration 50 with accuracies 
[4.66443001e-09]
not reaching the requested tolerance 1e-09.
Use iteration 51 instead with accuracy 
4.664430005933231e-09.

  values, vectors = lobpcg(projected_hamiltonian, guess, largest=False,
/home/erosanow_hpc/informed_swapping/BARK.py:156: UserWarning: Exited postprocessing with accuracies 
[4.66442999e-09]
not reaching the requested tolerance 1e-09.
  values, vectors = lobpcg(projected_hamiltonian, guess, largest=False,
/home/erosanow_hpc/informed_swapping/BARK.py:156: UserWarning: Exited at iteration 50 with accuracies 
[5.14736108e-09]
not reaching the requested tolerance 1e-09.
Use iteration 51 instead with accuracy 
5.1473610813912385e-09.

  values, vectors = lobpcg(projected_hamiltonian, guess, largest=False,
/home/erosanow_hpc/informed_swapping/BARK.py:156: UserWarning: Exited postprocessing with accuracies 
[5.14736122e-09]
not reaching the requested tolerance 1e-09.
  values, vectors = lobpcg(projected_hamiltonian, guess, largest=False,
/home/erosanow_hpc/informed_swapping/BARK.py:156: UserWarning: Exited at iteration 50 with accuracies 
[6.38472075e-09]
not reaching the requested tolerance 1e-09.
Use iteration 51 instead with accuracy 
6.384720752709526e-09.

  values, vectors = lobpcg(projected_hamiltonian, guess, largest=False,
/home/erosanow_hpc/informed_swapping/BARK.py:156: UserWarning: Exited postprocessing with accuracies 
[6.38472003e-09]
not reaching the requested tolerance 1e-09.
  values, vectors = lobpcg(projected_hamiltonian, guess, largest=False,
/home/erosanow_hpc/informed_swapping/BARK.py:156: UserWarning: Exited at iteration 50 with accuracies 
[5.2853847e-09]
not reaching the requested tolerance 1e-09.
Use iteration 51 instead with accuracy 
5.285384700263411e-09.

  values, vectors = lobpcg(projected_hamiltonian, guess, largest=False,
/home/erosanow_hpc/informed_swapping/BARK.py:156: UserWarning: Exited postprocessing with accuracies 
[5.28538447e-09]
not reaching the requested tolerance 1e-09.
  values, vectors = lobpcg(projected_hamiltonian, guess, largest=False,
/home/erosanow_hpc/informed_swapping/BARK.py:156: UserWarning: Exited at iteration 50 with accuracies 
[7.73277788e-09]
not reaching the requested tolerance 1e-09.
Use iteration 51 instead with accuracy 
7.73277788398515e-09.

  values, vectors = lobpcg(projected_hamiltonian, guess, largest=False,
/home/erosanow_hpc/informed_swapping/BARK.py:156: UserWarning: Exited postprocessing with accuracies 
[7.73277765e-09]
not reaching the requested tolerance 1e-09.
  values, vectors = lobpcg(projected_hamiltonian, guess, largest=False,
/home/erosanow_hpc/informed_swapping/BARK.py:156: UserWarning: Exited at iteration 50 with accuracies 
[8.10834718e-09]
not reaching the requested tolerance 1e-09.
Use iteration 51 instead with accuracy 
8.108347176823963e-09.

  values, vectors = lobpcg(projected_hamiltonian, guess, largest=False,
/home/erosanow_hpc/informed_swapping/BARK.py:156: UserWarning: Exited postprocessing with accuracies 
[8.10834673e-09]
not reaching the requested tolerance 1e-09.
  values, vectors = lobpcg(projected_hamiltonian, guess, largest=False,
/home/erosanow_hpc/informed_swapping/BARK.py:156: UserWarning: Exited at iteration 50 with accuracies 
[1.00179993e-08]
not reaching the requested tolerance 1e-09.
Use iteration 51 instead with accuracy 
1.0017999345019841e-08.

  values, vectors = lobpcg(projected_hamiltonian, guess, largest=False,
/home/erosanow_hpc/informed_swapping/BARK.py:156: UserWarning: Exited postprocessing with accuracies 
[1.00179993e-08]
not reaching the requested tolerance 1e-09.
  values, vectors = lobpcg(projected_hamiltonian, guess, largest=False,
/home/erosanow_hpc/informed_swapping/BARK.py:156: UserWarning: Exited at iteration 50 with accuracies 
[1.29718622e-09]
not reaching the requested tolerance 1e-09.
Use iteration 51 instead with accuracy 
1.297186215021766e-09.

  values, vectors = lobpcg(projected_hamiltonian, guess, largest=False,
/home/erosanow_hpc/informed_swapping/BARK.py:156: UserWarning: Exited postprocessing with accuracies 
[1.29718614e-09]
not reaching the requested tolerance 1e-09.
  values, vectors = lobpcg(projected_hamiltonian, guess, largest=False,
/home/erosanow_hpc/informed_swapping/BARK.py:156: UserWarning: Exited at iteration 50 with accuracies 
[2.05465289e-09]
not reaching the requested tolerance 1e-09.
Use iteration 51 instead with accuracy 
2.0546528882476034e-09.

  values, vectors = lobpcg(projected_hamiltonian, guess, largest=False,
/home/erosanow_hpc/informed_swapping/BARK.py:156: UserWarning: Exited postprocessing with accuracies 
[2.05465247e-09]
not reaching the requested tolerance 1e-09.
  values, vectors = lobpcg(projected_hamiltonian, guess, largest=False,
/home/erosanow_hpc/informed_swapping/BARK.py:156: UserWarning: Exited at iteration 50 with accuracies 
[2.16849483e-09]
not reaching the requested tolerance 1e-09.
Use iteration 51 instead with accuracy 
2.1684948293700077e-09.

  values, vectors = lobpcg(projected_hamiltonian, guess, largest=False,
/home/erosanow_hpc/informed_swapping/BARK.py:156: UserWarning: Exited postprocessing with accuracies 
[2.1684953e-09]
not reaching the requested tolerance 1e-09.
  values, vectors = lobpcg(projected_hamiltonian, guess, largest=False,
/home/erosanow_hpc/informed_swapping/BARK.py:156: UserWarning: Exited at iteration 50 with accuracies 
[2.84807666e-09]
not reaching the requested tolerance 1e-09.
Use iteration 51 instead with accuracy 
2.84807666110077e-09.

  values, vectors = lobpcg(projected_hamiltonian, guess, largest=False,
/home/erosanow_hpc/informed_swapping/BARK.py:156: UserWarning: Exited postprocessing with accuracies 
[2.84807678e-09]
not reaching the requested tolerance 1e-09.
  values, vectors = lobpcg(projected_hamiltonian, guess, largest=False,
/home/erosanow_hpc/informed_swapping/BARK.py:156: UserWarning: Exited at iteration 50 with accuracies 
[2.29807802e-09]
not reaching the requested tolerance 1e-09.
Use iteration 51 instead with accuracy 
2.298078020824553e-09.

  values, vectors = lobpcg(projected_hamiltonian, guess, largest=False,
/home/erosanow_hpc/informed_swapping/BARK.py:156: UserWarning: Exited postprocessing with accuracies 
[2.29807831e-09]
not reaching the requested tolerance 1e-09.
  values, vectors = lobpcg(projected_hamiltonian, guess, largest=False,
/home/erosanow_hpc/informed_swapping/BARK.py:156: UserWarning: Exited at iteration 50 with accuracies 
[3.66132054e-09]
not reaching the requested tolerance 1e-09.
Use iteration 51 instead with accuracy 
3.6613205395108243e-09.

  values, vectors = lobpcg(projected_hamiltonian, guess, largest=False,
/home/erosanow_hpc/informed_swapping/BARK.py:156: UserWarning: Exited postprocessing with accuracies 
[3.66132032e-09]
not reaching the requested tolerance 1e-09.
  values, vectors = lobpcg(projected_hamiltonian, guess, largest=False,
/home/erosanow_hpc/informed_swapping/BARK.py:156: UserWarning: Exited at iteration 50 with accuracies 
[4.0660671e-09]
not reaching the requested tolerance 1e-09.
Use iteration 51 instead with accuracy 
4.066067102302983e-09.

  values, vectors = lobpcg(projected_hamiltonian, guess, largest=False,
/home/erosanow_hpc/informed_swapping/BARK.py:156: UserWarning: Exited postprocessing with accuracies 
[4.06606712e-09]
not reaching the requested tolerance 1e-09.
  values, vectors = lobpcg(projected_hamiltonian, guess, largest=False,
/home/erosanow_hpc/informed_swapping/BARK.py:156: UserWarning: Exited at iteration 50 with accuracies 
[5.37054659e-09]
not reaching the requested tolerance 1e-09.
Use iteration 51 instead with accuracy 
5.370546591850775e-09.

  values, vectors = lobpcg(projected_hamiltonian, guess, largest=False,
/home/erosanow_hpc/informed_swapping/BARK.py:156: UserWarning: Exited postprocessing with accuracies 
[5.3705464e-09]
not reaching the requested tolerance 1e-09.
  values, vectors = lobpcg(projected_hamiltonian, guess, largest=False,
/home/erosanow_hpc/informed_swapping/BARK.py:156: UserWarning: Exited at iteration 50 with accuracies 
[2.38613705e-09]
not reaching the requested tolerance 1e-09.
Use iteration 51 instead with accuracy 
2.386137051924525e-09.

  values, vectors = lobpcg(projected_hamiltonian, guess, largest=False,
/home/erosanow_hpc/informed_swapping/BARK.py:156: UserWarning: Exited postprocessing with accuracies 
[2.38613688e-09]
not reaching the requested tolerance 1e-09.
  values, vectors = lobpcg(projected_hamiltonian, guess, largest=False,
/home/erosanow_hpc/informed_swapping/BARK.py:156: UserWarning: Exited at iteration 50 with accuracies 
[3.76560126e-09]
not reaching the requested tolerance 1e-09.
Use iteration 51 instead with accuracy 
3.7656012619620994e-09.

  values, vectors = lobpcg(projected_hamiltonian, guess, largest=False,
/home/erosanow_hpc/informed_swapping/BARK.py:156: UserWarning: Exited postprocessing with accuracies 
[3.76560113e-09]
not reaching the requested tolerance 1e-09.
  values, vectors = lobpcg(projected_hamiltonian, guess, largest=False,
/home/erosanow_hpc/informed_swapping/BARK.py:156: UserWarning: Exited at iteration 50 with accuracies 
[4.34472463e-09]
not reaching the requested tolerance 1e-09.
Use iteration 51 instead with accuracy 
4.344724626264373e-09.

  values, vectors = lobpcg(projected_hamiltonian, guess, largest=False,
/home/erosanow_hpc/informed_swapping/BARK.py:156: UserWarning: Exited postprocessing with accuracies 
[4.34472473e-09]
not reaching the requested tolerance 1e-09.
  values, vectors = lobpcg(projected_hamiltonian, guess, largest=False,
/home/erosanow_hpc/informed_swapping/BARK.py:156: UserWarning: Exited at iteration 50 with accuracies 
[5.75109474e-09]
not reaching the requested tolerance 1e-09.
Use iteration 51 instead with accuracy 
5.7510947436586664e-09.

  values, vectors = lobpcg(projected_hamiltonian, guess, largest=False,
/home/erosanow_hpc/informed_swapping/BARK.py:156: UserWarning: Exited postprocessing with accuracies 
[5.75109485e-09]
not reaching the requested tolerance 1e-09.
  values, vectors = lobpcg(projected_hamiltonian, guess, largest=False,
/home/erosanow_hpc/informed_swapping/BARK.py:156: UserWarning: Exited at iteration 50 with accuracies 
[4.39890482e-09]
not reaching the requested tolerance 1e-09.
Use iteration 51 instead with accuracy 
4.398904824354315e-09.

  values, vectors = lobpcg(projected_hamiltonian, guess, largest=False,
/home/erosanow_hpc/informed_swapping/BARK.py:156: UserWarning: Exited postprocessing with accuracies 
[4.39890442e-09]
not reaching the requested tolerance 1e-09.
  values, vectors = lobpcg(projected_hamiltonian, guess, largest=False,
/home/erosanow_hpc/informed_swapping/BARK.py:156: UserWarning: Exited at iteration 50 with accuracies 
[6.99597111e-09]
not reaching the requested tolerance 1e-09.
Use iteration 51 instead with accuracy 
6.995971106268982e-09.

  values, vectors = lobpcg(projected_hamiltonian, guess, largest=False,
/home/erosanow_hpc/informed_swapping/BARK.py:156: UserWarning: Exited postprocessing with accuracies 
[6.99597094e-09]
not reaching the requested tolerance 1e-09.
  values, vectors = lobpcg(projected_hamiltonian, guess, largest=False,
/home/erosanow_hpc/informed_swapping/BARK.py:156: UserWarning: Exited at iteration 50 with accuracies 
[7.94474456e-09]
not reaching the requested tolerance 1e-09.
Use iteration 51 instead with accuracy 
7.944744558380823e-09.

  values, vectors = lobpcg(projected_hamiltonian, guess, largest=False,
/home/erosanow_hpc/informed_swapping/BARK.py:156: UserWarning: Exited postprocessing with accuracies 
[7.94474465e-09]
not reaching the requested tolerance 1e-09.
  values, vectors = lobpcg(projected_hamiltonian, guess, largest=False,
/home/erosanow_hpc/informed_swapping/BARK.py:156: UserWarning: Exited at iteration 50 with accuracies 
[1.04294516e-08]
not reaching the requested tolerance 1e-09.
Use iteration 51 instead with accuracy 
1.0429451605897605e-08.

  values, vectors = lobpcg(projected_hamiltonian, guess, largest=False,
/home/erosanow_hpc/informed_swapping/BARK.py:156: UserWarning: Exited postprocessing with accuracies 
[1.04294519e-08]
not reaching the requested tolerance 1e-09.
  values, vectors = lobpcg(projected_hamiltonian, guess, largest=False,
/home/erosanow_hpc/informed_swapping/BARK.py:156: UserWarning: Exited at iteration 50 with accuracies 
[1.64760746e-09]
not reaching the requested tolerance 1e-09.
Use iteration 51 instead with accuracy 
1.6476074582171533e-09.

  values, vectors = lobpcg(projected_hamiltonian, guess, largest=False,
/home/erosanow_hpc/informed_swapping/BARK.py:156: UserWarning: Exited postprocessing with accuracies 
[1.64760733e-09]
not reaching the requested tolerance 1e-09.
  values, vectors = lobpcg(projected_hamiltonian, guess, largest=False,
/home/erosanow_hpc/informed_swapping/BARK.py:156: UserWarning: Exited at iteration 50 with accuracies 
[2.67235264e-09]
not reaching the requested tolerance 1e-09.
Use iteration 51 instead with accuracy 
2.672352641821531e-09.

  values, vectors = lobpcg(projected_hamiltonian, guess, largest=False,
/home/erosanow_hpc/informed_swapping/BARK.py:156: UserWarning: Exited postprocessing with accuracies 
[2.67235249e-09]
not reaching the requested tolerance 1e-09.
  values, vectors = lobpcg(projected_hamiltonian, guess, largest=False,
/home/erosanow_hpc/informed_swapping/BARK.py:156: UserWarning: Exited at iteration 50 with accuracies 
[2.89223247e-09]
not reaching the requested tolerance 1e-09.
Use iteration 51 instead with accuracy 
2.8922324678250763e-09.

  values, vectors = lobpcg(projected_hamiltonian, guess, largest=False,
/home/erosanow_hpc/informed_swapping/BARK.py:156: UserWarning: Exited postprocessing with accuracies 
[2.89223209e-09]
not reaching the requested tolerance 1e-09.
  values, vectors = lobpcg(projected_hamiltonian, guess, largest=False,
/home/erosanow_hpc/informed_swapping/BARK.py:156: UserWarning: Exited at iteration 50 with accuracies 
[3.68831575e-09]
not reaching the requested tolerance 1e-09.
Use iteration 51 instead with accuracy 
3.688315754760662e-09.

  values, vectors = lobpcg(projected_hamiltonian, guess, largest=False,
/home/erosanow_hpc/informed_swapping/BARK.py:156: UserWarning: Exited postprocessing with accuracies 
[3.68831575e-09]
not reaching the requested tolerance 1e-09.
  values, vectors = lobpcg(projected_hamiltonian, guess, largest=False,
/home/erosanow_hpc/informed_swapping/BARK.py:156: UserWarning: Exited at iteration 50 with accuracies 
[3.04191625e-09]
not reaching the requested tolerance 1e-09.
Use iteration 51 instead with accuracy 
3.041916247807724e-09.

  values, vectors = lobpcg(projected_hamiltonian, guess, largest=False,
/home/erosanow_hpc/informed_swapping/BARK.py:156: UserWarning: Exited postprocessing with accuracies 
[3.04191571e-09]
not reaching the requested tolerance 1e-09.
  values, vectors = lobpcg(projected_hamiltonian, guess, largest=False,
/home/erosanow_hpc/informed_swapping/BARK.py:156: UserWarning: Exited at iteration 50 with accuracies 
[4.71738708e-09]
not reaching the requested tolerance 1e-09.
Use iteration 51 instead with accuracy 
4.717387079530538e-09.

  values, vectors = lobpcg(projected_hamiltonian, guess, largest=False,
/home/erosanow_hpc/informed_swapping/BARK.py:156: UserWarning: Exited postprocessing with accuracies 
[4.71738698e-09]
not reaching the requested tolerance 1e-09.
  values, vectors = lobpcg(projected_hamiltonian, guess, largest=False,
/home/erosanow_hpc/informed_swapping/BARK.py:156: UserWarning: Exited at iteration 50 with accuracies 
[5.11935502e-09]
not reaching the requested tolerance 1e-09.
Use iteration 51 instead with accuracy 
5.11935502424678e-09.

  values, vectors = lobpcg(projected_hamiltonian, guess, largest=False,
/home/erosanow_hpc/informed_swapping/BARK.py:156: UserWarning: Exited postprocessing with accuracies 
[5.11935526e-09]
not reaching the requested tolerance 1e-09.
  values, vectors = lobpcg(projected_hamiltonian, guess, largest=False,
/home/erosanow_hpc/informed_swapping/BARK.py:156: UserWarning: Exited at iteration 50 with accuracies 
[6.86224431e-09]
not reaching the requested tolerance 1e-09.
Use iteration 51 instead with accuracy 
6.862244314705297e-09.

  values, vectors = lobpcg(projected_hamiltonian, guess, largest=False,
/home/erosanow_hpc/informed_swapping/BARK.py:156: UserWarning: Exited postprocessing with accuracies 
[6.8622445e-09]
not reaching the requested tolerance 1e-09.
  values, vectors = lobpcg(projected_hamiltonian, guess, largest=False,
/home/erosanow_hpc/informed_swapping/BARK.py:156: UserWarning: Exited at iteration 50 with accuracies 
[3.38690666e-09]
not reaching the requested tolerance 1e-09.
Use iteration 51 instead with accuracy 
3.3869066648915853e-09.

  values, vectors = lobpcg(projected_hamiltonian, guess, largest=False,
/home/erosanow_hpc/informed_swapping/BARK.py:156: UserWarning: Exited postprocessing with accuracies 
[3.38690631e-09]
not reaching the requested tolerance 1e-09.
  values, vectors = lobpcg(projected_hamiltonian, guess, largest=False,
/home/erosanow_hpc/informed_swapping/BARK.py:156: UserWarning: Exited at iteration 50 with accuracies 
[5.06123445e-09]
not reaching the requested tolerance 1e-09.
Use iteration 51 instead with accuracy 
5.061234445762453e-09.

  values, vectors = lobpcg(projected_hamiltonian, guess, largest=False,
/home/erosanow_hpc/informed_swapping/BARK.py:156: UserWarning: Exited postprocessing with accuracies 
[5.06123474e-09]
not reaching the requested tolerance 1e-09.
  values, vectors = lobpcg(projected_hamiltonian, guess, largest=False,
/home/erosanow_hpc/informed_swapping/BARK.py:156: UserWarning: Exited at iteration 50 with accuracies 
[5.75931814e-09]
not reaching the requested tolerance 1e-09.
Use iteration 51 instead with accuracy 
5.759318137711904e-09.

  values, vectors = lobpcg(projected_hamiltonian, guess, largest=False,
/home/erosanow_hpc/informed_swapping/BARK.py:156: UserWarning: Exited postprocessing with accuracies 
[5.75931795e-09]
not reaching the requested tolerance 1e-09.
  values, vectors = lobpcg(projected_hamiltonian, guess, largest=False,
/home/erosanow_hpc/informed_swapping/BARK.py:156: UserWarning: Exited at iteration 50 with accuracies 
[7.50595585e-09]
not reaching the requested tolerance 1e-09.
Use iteration 51 instead with accuracy 
7.505955851990977e-09.

  values, vectors = lobpcg(projected_hamiltonian, guess, largest=False,
/home/erosanow_hpc/informed_swapping/BARK.py:156: UserWarning: Exited postprocessing with accuracies 
[7.50595571e-09]
not reaching the requested tolerance 1e-09.
  values, vectors = lobpcg(projected_hamiltonian, guess, largest=False,
/home/erosanow_hpc/informed_swapping/BARK.py:156: UserWarning: Exited at iteration 50 with accuracies 
[5.87785124e-09]
not reaching the requested tolerance 1e-09.
Use iteration 51 instead with accuracy 
5.877851242407e-09.

  values, vectors = lobpcg(projected_hamiltonian, guess, largest=False,
/home/erosanow_hpc/informed_swapping/BARK.py:156: UserWarning: Exited postprocessing with accuracies 
[5.87785106e-09]
not reaching the requested tolerance 1e-09.
  values, vectors = lobpcg(projected_hamiltonian, guess, largest=False,
/home/erosanow_hpc/informed_swapping/BARK.py:156: UserWarning: Exited at iteration 50 with accuracies 
[9.68121023e-09]
not reaching the requested tolerance 1e-09.
Use iteration 51 instead with accuracy 
9.681210227372318e-09.

  values, vectors = lobpcg(projected_hamiltonian, guess, largest=False,
/home/erosanow_hpc/informed_swapping/BARK.py:156: UserWarning: Exited postprocessing with accuracies 
[9.68121013e-09]
not reaching the requested tolerance 1e-09.
  values, vectors = lobpcg(projected_hamiltonian, guess, largest=False,
/home/erosanow_hpc/informed_swapping/BARK.py:156: UserWarning: Exited at iteration 50 with accuracies 
[1.03137722e-08]
not reaching the requested tolerance 1e-09.
Use iteration 51 instead with accuracy 
1.0313772246074148e-08.

  values, vectors = lobpcg(projected_hamiltonian, guess, largest=False,
/home/erosanow_hpc/informed_swapping/BARK.py:156: UserWarning: Exited postprocessing with accuracies 
[1.03137724e-08]
not reaching the requested tolerance 1e-09.
  values, vectors = lobpcg(projected_hamiltonian, guess, largest=False,
/home/erosanow_hpc/informed_swapping/BARK.py:156: UserWarning: Exited at iteration 50 with accuracies 
[1.43005596e-08]
not reaching the requested tolerance 1e-09.
Use iteration 51 instead with accuracy 
1.4300559619756859e-08.

  values, vectors = lobpcg(projected_hamiltonian, guess, largest=False,
/home/erosanow_hpc/informed_swapping/BARK.py:156: UserWarning: Exited postprocessing with accuracies 
[1.43005596e-08]
not reaching the requested tolerance 1e-09.
  values, vectors = lobpcg(projected_hamiltonian, guess, largest=False,
/home/erosanow_hpc/informed_swapping/BARK.py:156: UserWarning: Exited at iteration 50 with accuracies 
[9.03922303e-09]
not reaching the requested tolerance 1e-09.
Use iteration 51 instead with accuracy 
9.039223030499085e-09.

  values, vectors = lobpcg(projected_hamiltonian, guess, largest=False,
/home/erosanow_hpc/informed_swapping/BARK.py:156: UserWarning: Exited postprocessing with accuracies 
[9.03922329e-09]
not reaching the requested tolerance 1e-09.
  values, vectors = lobpcg(projected_hamiltonian, guess, largest=False,
/home/erosanow_hpc/informed_swapping/BARK.py:156: UserWarning: Exited at iteration 50 with accuracies 
[1.33862797e-08]
not reaching the requested tolerance 1e-09.
Use iteration 51 instead with accuracy 
1.3386279694299394e-08.

  values, vectors = lobpcg(projected_hamiltonian, guess, largest=False,
/home/erosanow_hpc/informed_swapping/BARK.py:156: UserWarning: Exited postprocessing with accuracies 
[1.33862804e-08]
not reaching the requested tolerance 1e-09.
  values, vectors = lobpcg(projected_hamiltonian, guess, largest=False,
/home/erosanow_hpc/informed_swapping/BARK.py:156: UserWarning: Exited at iteration 50 with accuracies 
[1.5211403e-08]
not reaching the requested tolerance 1e-09.
Use iteration 51 instead with accuracy 
1.521140298059798e-08.

  values, vectors = lobpcg(projected_hamiltonian, guess, largest=False,
/home/erosanow_hpc/informed_swapping/BARK.py:156: UserWarning: Exited postprocessing with accuracies 
[1.52114027e-08]
not reaching the requested tolerance 1e-09.
  values, vectors = lobpcg(projected_hamiltonian, guess, largest=False,
/home/erosanow_hpc/informed_swapping/BARK.py:156: UserWarning: Exited at iteration 50 with accuracies 
[1.9590045e-08]
not reaching the requested tolerance 1e-09.
Use iteration 51 instead with accuracy 
1.9590044978182165e-08.

  values, vectors = lobpcg(projected_hamiltonian, guess, largest=False,
/home/erosanow_hpc/informed_swapping/BARK.py:156: UserWarning: Exited postprocessing with accuracies 
[1.95900451e-08]
not reaching the requested tolerance 1e-09.
  values, vectors = lobpcg(projected_hamiltonian, guess, largest=False,
/home/erosanow_hpc/informed_swapping/BARK.py:156: UserWarning: Exited at iteration 50 with accuracies 
[1.6167811e-08]
not reaching the requested tolerance 1e-09.
Use iteration 51 instead with accuracy 
1.616781102792193e-08.

  values, vectors = lobpcg(projected_hamiltonian, guess, largest=False,
/home/erosanow_hpc/informed_swapping/BARK.py:156: UserWarning: Exited postprocessing with accuracies 
[1.6167811e-08]
not reaching the requested tolerance 1e-09.
  values, vectors = lobpcg(projected_hamiltonian, guess, largest=False,
/home/erosanow_hpc/informed_swapping/BARK.py:156: UserWarning: Exited at iteration 50 with accuracies 
[2.47598007e-08]
not reaching the requested tolerance 1e-09.
Use iteration 51 instead with accuracy 
2.475980071107368e-08.

  values, vectors = lobpcg(projected_hamiltonian, guess, largest=False,
/home/erosanow_hpc/informed_swapping/BARK.py:156: UserWarning: Exited postprocessing with accuracies 
[2.47598007e-08]
not reaching the requested tolerance 1e-09.
  values, vectors = lobpcg(projected_hamiltonian, guess, largest=False,
/home/erosanow_hpc/informed_swapping/BARK.py:156: UserWarning: Exited at iteration 50 with accuracies 
[2.61578371e-08]
not reaching the requested tolerance 1e-09.
Use iteration 51 instead with accuracy 
2.6157837092835002e-08.

  values, vectors = lobpcg(projected_hamiltonian, guess, largest=False,
/home/erosanow_hpc/informed_swapping/BARK.py:156: UserWarning: Exited postprocessing with accuracies 
[2.61578369e-08]
not reaching the requested tolerance 1e-09.
  values, vectors = lobpcg(projected_hamiltonian, guess, largest=False,
/home/erosanow_hpc/informed_swapping/BARK.py:156: UserWarning: Exited at iteration 50 with accuracies 
[3.45468337e-08]
not reaching the requested tolerance 1e-09.
Use iteration 51 instead with accuracy 
3.454683372724554e-08.

  values, vectors = lobpcg(projected_hamiltonian, guess, largest=False,
/home/erosanow_hpc/informed_swapping/BARK.py:156: UserWarning: Exited postprocessing with accuracies 
[3.45468337e-08]
not reaching the requested tolerance 1e-09.
  values, vectors = lobpcg(projected_hamiltonian, guess, largest=False,
/home/erosanow_hpc/informed_swapping/BARK.py:156: UserWarning: Exited at iteration 50 with accuracies 
[1.70364773e-08]
not reaching the requested tolerance 1e-09.
Use iteration 51 instead with accuracy 
1.703647726040001e-08.

  values, vectors = lobpcg(projected_hamiltonian, guess, largest=False,
/home/erosanow_hpc/informed_swapping/BARK.py:156: UserWarning: Exited postprocessing with accuracies 
[1.70364772e-08]
not reaching the requested tolerance 1e-09.
  values, vectors = lobpcg(projected_hamiltonian, guess, largest=False,
/home/erosanow_hpc/informed_swapping/BARK.py:156: UserWarning: Exited at iteration 50 with accuracies 
[2.58190675e-08]
not reaching the requested tolerance 1e-09.
Use iteration 51 instead with accuracy 
2.581906753326121e-08.

  values, vectors = lobpcg(projected_hamiltonian, guess, largest=False,
/home/erosanow_hpc/informed_swapping/BARK.py:156: UserWarning: Exited postprocessing with accuracies 
[2.5819068e-08]
not reaching the requested tolerance 1e-09.
  values, vectors = lobpcg(projected_hamiltonian, guess, largest=False,
/home/erosanow_hpc/informed_swapping/BARK.py:156: UserWarning: Exited at iteration 50 with accuracies 
[3.03980175e-08]
not reaching the requested tolerance 1e-09.
Use iteration 51 instead with accuracy 
3.0398017543057215e-08.

  values, vectors = lobpcg(projected_hamiltonian, guess, largest=False,
/home/erosanow_hpc/informed_swapping/BARK.py:156: UserWarning: Exited postprocessing with accuracies 
[3.03980182e-08]
not reaching the requested tolerance 1e-09.
  values, vectors = lobpcg(projected_hamiltonian, guess, largest=False,
/home/erosanow_hpc/informed_swapping/BARK.py:156: UserWarning: Exited at iteration 50 with accuracies 
[4.03433888e-08]
not reaching the requested tolerance 1e-09.
Use iteration 51 instead with accuracy 
4.034338880074873e-08.

  values, vectors = lobpcg(projected_hamiltonian, guess, largest=False,
/home/erosanow_hpc/informed_swapping/BARK.py:156: UserWarning: Exited postprocessing with accuracies 
[4.03433885e-08]
not reaching the requested tolerance 1e-09.
  values, vectors = lobpcg(projected_hamiltonian, guess, largest=False,
/home/erosanow_hpc/informed_swapping/BARK.py:156: UserWarning: Exited at iteration 50 with accuracies 
[3.35902295e-08]
not reaching the requested tolerance 1e-09.
Use iteration 51 instead with accuracy 
3.359022949368758e-08.

  values, vectors = lobpcg(projected_hamiltonian, guess, largest=False,
/home/erosanow_hpc/informed_swapping/BARK.py:156: UserWarning: Exited postprocessing with accuracies 
[3.35902294e-08]
not reaching the requested tolerance 1e-09.
  values, vectors = lobpcg(projected_hamiltonian, guess, largest=False,
/home/erosanow_hpc/informed_swapping/BARK.py:156: UserWarning: Exited at iteration 50 with accuracies 
[5.35176502e-08]
not reaching the requested tolerance 1e-09.
Use iteration 51 instead with accuracy 
5.351765015820661e-08.

  values, vectors = lobpcg(projected_hamiltonian, guess, largest=False,
/home/erosanow_hpc/informed_swapping/BARK.py:156: UserWarning: Exited postprocessing with accuracies 
[5.35176503e-08]
not reaching the requested tolerance 1e-09.
  values, vectors = lobpcg(projected_hamiltonian, guess, largest=False,
/home/erosanow_hpc/informed_swapping/BARK.py:156: UserWarning: Exited at iteration 50 with accuracies 
[5.83350002e-08]
not reaching the requested tolerance 1e-09.
Use iteration 51 instead with accuracy 
5.8335000215092006e-08.

  values, vectors = lobpcg(projected_hamiltonian, guess, largest=False,
/home/erosanow_hpc/informed_swapping/BARK.py:156: UserWarning: Exited postprocessing with accuracies 
[5.83350002e-08]
not reaching the requested tolerance 1e-09.
  values, vectors = lobpcg(projected_hamiltonian, guess, largest=False,
/home/erosanow_hpc/informed_swapping/BARK.py:156: UserWarning: Exited at iteration 50 with accuracies 
[8.152484e-08]
not reaching the requested tolerance 1e-09.
Use iteration 51 instead with accuracy 
8.152484003515997e-08.

  values, vectors = lobpcg(projected_hamiltonian, guess, largest=False,
/home/erosanow_hpc/informed_swapping/BARK.py:156: UserWarning: Exited postprocessing with accuracies 
[8.15248399e-08]
not reaching the requested tolerance 1e-09.
  values, vectors = lobpcg(projected_hamiltonian, guess, largest=False,
/home/erosanow_hpc/informed_swapping/BARK.py:156: UserWarning: Exited at iteration 50 with accuracies 
[1.9370121e-09]
not reaching the requested tolerance 1e-09.
Use iteration 51 instead with accuracy 
1.9370121008882542e-09.

  values, vectors = lobpcg(projected_hamiltonian, guess, largest=False,
/home/erosanow_hpc/informed_swapping/BARK.py:156: UserWarning: Exited postprocessing with accuracies 
[1.9370121e-09]
not reaching the requested tolerance 1e-09.
  values, vectors = lobpcg(projected_hamiltonian, guess, largest=False,
/home/erosanow_hpc/informed_swapping/BARK.py:156: UserWarning: Exited at iteration 50 with accuracies 
[1.63448148e-09]
not reaching the requested tolerance 1e-09.
Use iteration 51 instead with accuracy 
1.6344814771938405e-09.

  values, vectors = lobpcg(projected_hamiltonian, guess, largest=False,
/home/erosanow_hpc/informed_swapping/BARK.py:156: UserWarning: Exited postprocessing with accuracies 
[1.63448093e-09]
not reaching the requested tolerance 1e-09.
  values, vectors = lobpcg(projected_hamiltonian, guess, largest=False,
/home/erosanow_hpc/informed_swapping/BARK.py:156: UserWarning: Exited at iteration 50 with accuracies 
[2.37129583e-09]
not reaching the requested tolerance 1e-09.
Use iteration 51 instead with accuracy 
2.3712958328682104e-09.

  values, vectors = lobpcg(projected_hamiltonian, guess, largest=False,
/home/erosanow_hpc/informed_swapping/BARK.py:156: UserWarning: Exited postprocessing with accuracies 
[2.37129641e-09]
not reaching the requested tolerance 1e-09.
  values, vectors = lobpcg(projected_hamiltonian, guess, largest=False,
/home/erosanow_hpc/informed_swapping/BARK.py:156: UserWarning: Exited at iteration 50 with accuracies 
[2.40286439e-09]
not reaching the requested tolerance 1e-09.
Use iteration 51 instead with accuracy 
2.40286438654229e-09.

  values, vectors = lobpcg(projected_hamiltonian, guess, largest=False,
/home/erosanow_hpc/informed_swapping/BARK.py:156: UserWarning: Exited postprocessing with accuracies 
[2.40286424e-09]
not reaching the requested tolerance 1e-09.
  values, vectors = lobpcg(projected_hamiltonian, guess, largest=False,
/home/erosanow_hpc/informed_swapping/BARK.py:156: UserWarning: Exited at iteration 50 with accuracies 
[2.91636428e-09]
not reaching the requested tolerance 1e-09.
Use iteration 51 instead with accuracy 
2.916364277071613e-09.

  values, vectors = lobpcg(projected_hamiltonian, guess, largest=False,
/home/erosanow_hpc/informed_swapping/BARK.py:156: UserWarning: Exited postprocessing with accuracies 
[2.91636454e-09]
not reaching the requested tolerance 1e-09.
  values, vectors = lobpcg(projected_hamiltonian, guess, largest=False,
/home/erosanow_hpc/informed_swapping/BARK.py:156: UserWarning: Exited at iteration 50 with accuracies 
[1.54393208e-09]
not reaching the requested tolerance 1e-09.
Use iteration 51 instead with accuracy 
1.5439320806162508e-09.

  values, vectors = lobpcg(projected_hamiltonian, guess, largest=False,
/home/erosanow_hpc/informed_swapping/BARK.py:156: UserWarning: Exited postprocessing with accuracies 
[1.54393215e-09]
not reaching the requested tolerance 1e-09.
  values, vectors = lobpcg(projected_hamiltonian, guess, largest=False,
/home/erosanow_hpc/informed_swapping/BARK.py:156: UserWarning: Exited at iteration 50 with accuracies 
[2.21906832e-09]
not reaching the requested tolerance 1e-09.
Use iteration 51 instead with accuracy 
2.2190683195233763e-09.

  values, vectors = lobpcg(projected_hamiltonian, guess, largest=False,
/home/erosanow_hpc/informed_swapping/BARK.py:156: UserWarning: Exited postprocessing with accuracies 
[2.21906826e-09]
not reaching the requested tolerance 1e-09.
  values, vectors = lobpcg(projected_hamiltonian, guess, largest=False,
/home/erosanow_hpc/informed_swapping/BARK.py:156: UserWarning: Exited at iteration 50 with accuracies 
[2.55675285e-09]
not reaching the requested tolerance 1e-09.
Use iteration 51 instead with accuracy 
2.5567528524605666e-09.

  values, vectors = lobpcg(projected_hamiltonian, guess, largest=False,
/home/erosanow_hpc/informed_swapping/BARK.py:156: UserWarning: Exited postprocessing with accuracies 
[2.55675299e-09]
not reaching the requested tolerance 1e-09.
  values, vectors = lobpcg(projected_hamiltonian, guess, largest=False,
/home/erosanow_hpc/informed_swapping/BARK.py:156: UserWarning: Exited at iteration 50 with accuracies 
[3.13171561e-09]
not reaching the requested tolerance 1e-09.
Use iteration 51 instead with accuracy 
3.1317156128468584e-09.

  values, vectors = lobpcg(projected_hamiltonian, guess, largest=False,
/home/erosanow_hpc/informed_swapping/BARK.py:156: UserWarning: Exited postprocessing with accuracies 
[3.13171574e-09]
not reaching the requested tolerance 1e-09.
  values, vectors = lobpcg(projected_hamiltonian, guess, largest=False,
/home/erosanow_hpc/informed_swapping/BARK.py:156: UserWarning: Exited at iteration 50 with accuracies 
[2.58081908e-09]
not reaching the requested tolerance 1e-09.
Use iteration 51 instead with accuracy 
2.5808190784334463e-09.

  values, vectors = lobpcg(projected_hamiltonian, guess, largest=False,
/home/erosanow_hpc/informed_swapping/BARK.py:156: UserWarning: Exited postprocessing with accuracies 
[2.58081928e-09]
not reaching the requested tolerance 1e-09.
  values, vectors = lobpcg(projected_hamiltonian, guess, largest=False,
/home/erosanow_hpc/informed_swapping/BARK.py:156: UserWarning: Exited at iteration 50 with accuracies 
[3.7669253e-09]
not reaching the requested tolerance 1e-09.
Use iteration 51 instead with accuracy 
3.766925304154297e-09.

  values, vectors = lobpcg(projected_hamiltonian, guess, largest=False,
/home/erosanow_hpc/informed_swapping/BARK.py:156: UserWarning: Exited postprocessing with accuracies 
[3.76692537e-09]
not reaching the requested tolerance 1e-09.
  values, vectors = lobpcg(projected_hamiltonian, guess, largest=False,
/home/erosanow_hpc/informed_swapping/BARK.py:156: UserWarning: Exited at iteration 50 with accuracies 
[3.83539491e-09]
not reaching the requested tolerance 1e-09.
Use iteration 51 instead with accuracy 
3.835394911019141e-09.

  values, vectors = lobpcg(projected_hamiltonian, guess, largest=False,
/home/erosanow_hpc/informed_swapping/BARK.py:156: UserWarning: Exited postprocessing with accuracies 
[3.83539488e-09]
not reaching the requested tolerance 1e-09.
  values, vectors = lobpcg(projected_hamiltonian, guess, largest=False,
/home/erosanow_hpc/informed_swapping/BARK.py:156: UserWarning: Exited at iteration 50 with accuracies 
[4.6911078e-09]
not reaching the requested tolerance 1e-09.
Use iteration 51 instead with accuracy 
4.691107796452021e-09.

  values, vectors = lobpcg(projected_hamiltonian, guess, largest=False,
/home/erosanow_hpc/informed_swapping/BARK.py:156: UserWarning: Exited postprocessing with accuracies 
[4.69110777e-09]
not reaching the requested tolerance 1e-09.
  values, vectors = lobpcg(projected_hamiltonian, guess, largest=False,
/home/erosanow_hpc/informed_swapping/BARK.py:156: UserWarning: Exited at iteration 50 with accuracies 
[2.49157626e-09]
not reaching the requested tolerance 1e-09.
Use iteration 51 instead with accuracy 
2.491576262447019e-09.

  values, vectors = lobpcg(projected_hamiltonian, guess, largest=False,
/home/erosanow_hpc/informed_swapping/BARK.py:156: UserWarning: Exited postprocessing with accuracies 
[2.49157649e-09]
not reaching the requested tolerance 1e-09.
  values, vectors = lobpcg(projected_hamiltonian, guess, largest=False,
/home/erosanow_hpc/informed_swapping/BARK.py:156: UserWarning: Exited at iteration 50 with accuracies 
[2.84752969e-09]
not reaching the requested tolerance 1e-09.
Use iteration 51 instead with accuracy 
2.8475296860175663e-09.

  values, vectors = lobpcg(projected_hamiltonian, guess, largest=False,
/home/erosanow_hpc/informed_swapping/BARK.py:156: UserWarning: Exited postprocessing with accuracies 
[2.84752979e-09]
not reaching the requested tolerance 1e-09.
  values, vectors = lobpcg(projected_hamiltonian, guess, largest=False,
/home/erosanow_hpc/informed_swapping/BARK.py:156: UserWarning: Exited at iteration 50 with accuracies 
[3.46321701e-09]
not reaching the requested tolerance 1e-09.
Use iteration 51 instead with accuracy 
3.4632170059548065e-09.

  values, vectors = lobpcg(projected_hamiltonian, guess, largest=False,
/home/erosanow_hpc/informed_swapping/BARK.py:156: UserWarning: Exited postprocessing with accuracies 
[3.46321707e-09]
not reaching the requested tolerance 1e-09.
  values, vectors = lobpcg(projected_hamiltonian, guess, largest=False,
/home/erosanow_hpc/informed_swapping/BARK.py:156: UserWarning: Exited at iteration 50 with accuracies 
[2.92385017e-09]
not reaching the requested tolerance 1e-09.
Use iteration 51 instead with accuracy 
2.9238501702957027e-09.

  values, vectors = lobpcg(projected_hamiltonian, guess, largest=False,
/home/erosanow_hpc/informed_swapping/BARK.py:156: UserWarning: Exited postprocessing with accuracies 
[2.9238497e-09]
not reaching the requested tolerance 1e-09.
  values, vectors = lobpcg(projected_hamiltonian, guess, largest=False,
/home/erosanow_hpc/informed_swapping/BARK.py:156: UserWarning: Exited at iteration 50 with accuracies 
[4.27212124e-09]
not reaching the requested tolerance 1e-09.
Use iteration 51 instead with accuracy 
4.2721212377448195e-09.

  values, vectors = lobpcg(projected_hamiltonian, guess, largest=False,
/home/erosanow_hpc/informed_swapping/BARK.py:156: UserWarning: Exited postprocessing with accuracies 
[4.27212114e-09]
not reaching the requested tolerance 1e-09.
  values, vectors = lobpcg(projected_hamiltonian, guess, largest=False,
/home/erosanow_hpc/informed_swapping/BARK.py:156: UserWarning: Exited at iteration 50 with accuracies 
[4.29644475e-09]
not reaching the requested tolerance 1e-09.
Use iteration 51 instead with accuracy 
4.2964447451841755e-09.

  values, vectors = lobpcg(projected_hamiltonian, guess, largest=False,
/home/erosanow_hpc/informed_swapping/BARK.py:156: UserWarning: Exited postprocessing with accuracies 
[4.29644423e-09]
not reaching the requested tolerance 1e-09.
  values, vectors = lobpcg(projected_hamiltonian, guess, largest=False,
/home/erosanow_hpc/informed_swapping/BARK.py:156: UserWarning: Exited at iteration 50 with accuracies 
[5.29737961e-09]
not reaching the requested tolerance 1e-09.
Use iteration 51 instead with accuracy 
5.297379612023634e-09.

  values, vectors = lobpcg(projected_hamiltonian, guess, largest=False,
/home/erosanow_hpc/informed_swapping/BARK.py:156: UserWarning: Exited postprocessing with accuracies 
[5.29738028e-09]
not reaching the requested tolerance 1e-09.
  values, vectors = lobpcg(projected_hamiltonian, guess, largest=False,
/home/erosanow_hpc/informed_swapping/BARK.py:156: UserWarning: Exited at iteration 50 with accuracies 
[2.72771032e-09]
not reaching the requested tolerance 1e-09.
Use iteration 51 instead with accuracy 
2.7277103213629257e-09.

  values, vectors = lobpcg(projected_hamiltonian, guess, largest=False,
/home/erosanow_hpc/informed_swapping/BARK.py:156: UserWarning: Exited postprocessing with accuracies 
[2.72771049e-09]
not reaching the requested tolerance 1e-09.
  values, vectors = lobpcg(projected_hamiltonian, guess, largest=False,
/home/erosanow_hpc/informed_swapping/BARK.py:156: UserWarning: Exited at iteration 50 with accuracies 
[3.96485374e-09]
not reaching the requested tolerance 1e-09.
Use iteration 51 instead with accuracy 
3.9648537431049806e-09.

  values, vectors = lobpcg(projected_hamiltonian, guess, largest=False,
/home/erosanow_hpc/informed_swapping/BARK.py:156: UserWarning: Exited postprocessing with accuracies 
[3.96485318e-09]
not reaching the requested tolerance 1e-09.
  values, vectors = lobpcg(projected_hamiltonian, guess, largest=False,
/home/erosanow_hpc/informed_swapping/BARK.py:156: UserWarning: Exited at iteration 50 with accuracies 
[4.59693623e-09]
not reaching the requested tolerance 1e-09.
Use iteration 51 instead with accuracy 
4.596936226588534e-09.

  values, vectors = lobpcg(projected_hamiltonian, guess, largest=False,
/home/erosanow_hpc/informed_swapping/BARK.py:156: UserWarning: Exited postprocessing with accuracies 
[4.59693647e-09]
not reaching the requested tolerance 1e-09.
  values, vectors = lobpcg(projected_hamiltonian, guess, largest=False,
/home/erosanow_hpc/informed_swapping/BARK.py:156: UserWarning: Exited at iteration 50 with accuracies 
[5.71342544e-09]
not reaching the requested tolerance 1e-09.
Use iteration 51 instead with accuracy 
5.713425443945218e-09.

  values, vectors = lobpcg(projected_hamiltonian, guess, largest=False,
/home/erosanow_hpc/informed_swapping/BARK.py:156: UserWarning: Exited postprocessing with accuracies 
[5.7134256e-09]
not reaching the requested tolerance 1e-09.
  values, vectors = lobpcg(projected_hamiltonian, guess, largest=False,
/home/erosanow_hpc/informed_swapping/BARK.py:156: UserWarning: Exited at iteration 50 with accuracies 
[4.54609197e-09]
not reaching the requested tolerance 1e-09.
Use iteration 51 instead with accuracy 
4.546091973149346e-09.

  values, vectors = lobpcg(projected_hamiltonian, guess, largest=False,
/home/erosanow_hpc/informed_swapping/BARK.py:156: UserWarning: Exited postprocessing with accuracies 
[4.54609178e-09]
not reaching the requested tolerance 1e-09.
  values, vectors = lobpcg(projected_hamiltonian, guess, largest=False,
/home/erosanow_hpc/informed_swapping/BARK.py:156: UserWarning: Exited at iteration 50 with accuracies 
[6.78802996e-09]
not reaching the requested tolerance 1e-09.
Use iteration 51 instead with accuracy 
6.788029958063568e-09.

  values, vectors = lobpcg(projected_hamiltonian, guess, largest=False,
/home/erosanow_hpc/informed_swapping/BARK.py:156: UserWarning: Exited postprocessing with accuracies 
[6.78802999e-09]
not reaching the requested tolerance 1e-09.
  values, vectors = lobpcg(projected_hamiltonian, guess, largest=False,
/home/erosanow_hpc/informed_swapping/BARK.py:156: UserWarning: Exited at iteration 50 with accuracies 
[6.9132946e-09]
not reaching the requested tolerance 1e-09.
Use iteration 51 instead with accuracy 
6.913294599278836e-09.

  values, vectors = lobpcg(projected_hamiltonian, guess, largest=False,
/home/erosanow_hpc/informed_swapping/BARK.py:156: UserWarning: Exited postprocessing with accuracies 
[6.91329428e-09]
not reaching the requested tolerance 1e-09.
  values, vectors = lobpcg(projected_hamiltonian, guess, largest=False,
/home/erosanow_hpc/informed_swapping/BARK.py:156: UserWarning: Exited at iteration 50 with accuracies 
[8.72520728e-09]
not reaching the requested tolerance 1e-09.
Use iteration 51 instead with accuracy 
8.725207275575233e-09.

  values, vectors = lobpcg(projected_hamiltonian, guess, largest=False,
/home/erosanow_hpc/informed_swapping/BARK.py:156: UserWarning: Exited postprocessing with accuracies 
[8.72520743e-09]
not reaching the requested tolerance 1e-09.
  values, vectors = lobpcg(projected_hamiltonian, guess, largest=False,
/home/erosanow_hpc/informed_swapping/BARK.py:156: UserWarning: Exited at iteration 50 with accuracies 
[2.03294008e-09]
not reaching the requested tolerance 1e-09.
Use iteration 51 instead with accuracy 
2.0329400811891802e-09.

  values, vectors = lobpcg(projected_hamiltonian, guess, largest=False,
/home/erosanow_hpc/informed_swapping/BARK.py:156: UserWarning: Exited postprocessing with accuracies 
[2.0329391e-09]
not reaching the requested tolerance 1e-09.
  values, vectors = lobpcg(projected_hamiltonian, guess, largest=False,
/home/erosanow_hpc/informed_swapping/BARK.py:156: UserWarning: Exited at iteration 50 with accuracies 
[2.91791537e-09]
not reaching the requested tolerance 1e-09.
Use iteration 51 instead with accuracy 
2.9179153732757875e-09.

  values, vectors = lobpcg(projected_hamiltonian, guess, largest=False,
/home/erosanow_hpc/informed_swapping/BARK.py:156: UserWarning: Exited postprocessing with accuracies 
[2.91791552e-09]
not reaching the requested tolerance 1e-09.
  values, vectors = lobpcg(projected_hamiltonian, guess, largest=False,
/home/erosanow_hpc/informed_swapping/BARK.py:156: UserWarning: Exited at iteration 50 with accuracies 
[3.36915485e-09]
not reaching the requested tolerance 1e-09.
Use iteration 51 instead with accuracy 
3.369154851714319e-09.

  values, vectors = lobpcg(projected_hamiltonian, guess, largest=False,
/home/erosanow_hpc/informed_swapping/BARK.py:156: UserWarning: Exited postprocessing with accuracies 
[3.36915506e-09]
not reaching the requested tolerance 1e-09.
  values, vectors = lobpcg(projected_hamiltonian, guess, largest=False,
/home/erosanow_hpc/informed_swapping/BARK.py:156: UserWarning: Exited at iteration 50 with accuracies 
[4.13816845e-09]
not reaching the requested tolerance 1e-09.
Use iteration 51 instead with accuracy 
4.138168453129428e-09.

  values, vectors = lobpcg(projected_hamiltonian, guess, largest=False,
/home/erosanow_hpc/informed_swapping/BARK.py:156: UserWarning: Exited postprocessing with accuracies 
[4.13816869e-09]
not reaching the requested tolerance 1e-09.
  values, vectors = lobpcg(projected_hamiltonian, guess, largest=False,
/home/erosanow_hpc/informed_swapping/BARK.py:156: UserWarning: Exited at iteration 50 with accuracies 
[3.48174993e-09]
not reaching the requested tolerance 1e-09.
Use iteration 51 instead with accuracy 
3.481749934332212e-09.

  values, vectors = lobpcg(projected_hamiltonian, guess, largest=False,
/home/erosanow_hpc/informed_swapping/BARK.py:156: UserWarning: Exited postprocessing with accuracies 
[3.48174953e-09]
not reaching the requested tolerance 1e-09.
  values, vectors = lobpcg(projected_hamiltonian, guess, largest=False,
/home/erosanow_hpc/informed_swapping/BARK.py:156: UserWarning: Exited at iteration 50 with accuracies 
[5.10188604e-09]
not reaching the requested tolerance 1e-09.
Use iteration 51 instead with accuracy 
5.101886038287475e-09.

  values, vectors = lobpcg(projected_hamiltonian, guess, largest=False,
/home/erosanow_hpc/informed_swapping/BARK.py:156: UserWarning: Exited postprocessing with accuracies 
[5.10188629e-09]
not reaching the requested tolerance 1e-09.
  values, vectors = lobpcg(projected_hamiltonian, guess, largest=False,
/home/erosanow_hpc/informed_swapping/BARK.py:156: UserWarning: Exited at iteration 50 with accuracies 
[5.19382539e-09]
not reaching the requested tolerance 1e-09.
Use iteration 51 instead with accuracy 
5.193825393179519e-09.

  values, vectors = lobpcg(projected_hamiltonian, guess, largest=False,
/home/erosanow_hpc/informed_swapping/BARK.py:156: UserWarning: Exited postprocessing with accuracies 
[5.19382587e-09]
not reaching the requested tolerance 1e-09.
  values, vectors = lobpcg(projected_hamiltonian, guess, largest=False,
/home/erosanow_hpc/informed_swapping/BARK.py:156: UserWarning: Exited at iteration 50 with accuracies 
[6.46135836e-09]
not reaching the requested tolerance 1e-09.
Use iteration 51 instead with accuracy 
6.461358364531719e-09.

  values, vectors = lobpcg(projected_hamiltonian, guess, largest=False,
/home/erosanow_hpc/informed_swapping/BARK.py:156: UserWarning: Exited postprocessing with accuracies 
[6.46135831e-09]
not reaching the requested tolerance 1e-09.
  values, vectors = lobpcg(projected_hamiltonian, guess, largest=False,
/home/erosanow_hpc/informed_swapping/BARK.py:156: UserWarning: Exited at iteration 50 with accuracies 
[3.48521451e-09]
not reaching the requested tolerance 1e-09.
Use iteration 51 instead with accuracy 
3.4852145072168688e-09.

  values, vectors = lobpcg(projected_hamiltonian, guess, largest=False,
/home/erosanow_hpc/informed_swapping/BARK.py:156: UserWarning: Exited postprocessing with accuracies 
[3.48521454e-09]
not reaching the requested tolerance 1e-09.
  values, vectors = lobpcg(projected_hamiltonian, guess, largest=False,
/home/erosanow_hpc/informed_swapping/BARK.py:156: UserWarning: Exited at iteration 50 with accuracies 
[5.06788425e-09]
not reaching the requested tolerance 1e-09.
Use iteration 51 instead with accuracy 
5.0678842456492796e-09.

  values, vectors = lobpcg(projected_hamiltonian, guess, largest=False,
/home/erosanow_hpc/informed_swapping/BARK.py:156: UserWarning: Exited postprocessing with accuracies 
[5.0678841e-09]
not reaching the requested tolerance 1e-09.
  values, vectors = lobpcg(projected_hamiltonian, guess, largest=False,
/home/erosanow_hpc/informed_swapping/BARK.py:156: UserWarning: Exited at iteration 50 with accuracies 
[5.8981777e-09]
not reaching the requested tolerance 1e-09.
Use iteration 51 instead with accuracy 
5.898177703788317e-09.

  values, vectors = lobpcg(projected_hamiltonian, guess, largest=False,
/home/erosanow_hpc/informed_swapping/BARK.py:156: UserWarning: Exited postprocessing with accuracies 
[5.89817722e-09]
not reaching the requested tolerance 1e-09.
  values, vectors = lobpcg(projected_hamiltonian, guess, largest=False,
/home/erosanow_hpc/informed_swapping/BARK.py:156: UserWarning: Exited at iteration 50 with accuracies 
[7.40124277e-09]
not reaching the requested tolerance 1e-09.
Use iteration 51 instead with accuracy 
7.401242768357775e-09.

  values, vectors = lobpcg(projected_hamiltonian, guess, largest=False,
/home/erosanow_hpc/informed_swapping/BARK.py:156: UserWarning: Exited postprocessing with accuracies 
[7.40124291e-09]
not reaching the requested tolerance 1e-09.
  values, vectors = lobpcg(projected_hamiltonian, guess, largest=False,
/home/erosanow_hpc/informed_swapping/BARK.py:156: UserWarning: Exited at iteration 50 with accuracies 
[6.20312264e-09]
not reaching the requested tolerance 1e-09.
Use iteration 51 instead with accuracy 
6.203122644865118e-09.

  values, vectors = lobpcg(projected_hamiltonian, guess, largest=False,
/home/erosanow_hpc/informed_swapping/BARK.py:156: UserWarning: Exited postprocessing with accuracies 
[6.20312275e-09]
not reaching the requested tolerance 1e-09.
  values, vectors = lobpcg(projected_hamiltonian, guess, largest=False,
/home/erosanow_hpc/informed_swapping/BARK.py:156: UserWarning: Exited at iteration 50 with accuracies 
[9.2447611e-09]
not reaching the requested tolerance 1e-09.
Use iteration 51 instead with accuracy 
9.24476109500166e-09.

  values, vectors = lobpcg(projected_hamiltonian, guess, largest=False,
/home/erosanow_hpc/informed_swapping/BARK.py:156: UserWarning: Exited postprocessing with accuracies 
[9.24476062e-09]
not reaching the requested tolerance 1e-09.
  values, vectors = lobpcg(projected_hamiltonian, guess, largest=False,
/home/erosanow_hpc/informed_swapping/BARK.py:156: UserWarning: Exited at iteration 50 with accuracies 
[9.43457826e-09]
not reaching the requested tolerance 1e-09.
Use iteration 51 instead with accuracy 
9.4345782614991e-09.

  values, vectors = lobpcg(projected_hamiltonian, guess, largest=False,
/home/erosanow_hpc/informed_swapping/BARK.py:156: UserWarning: Exited postprocessing with accuracies 
[9.43457831e-09]
not reaching the requested tolerance 1e-09.
  values, vectors = lobpcg(projected_hamiltonian, guess, largest=False,
/home/erosanow_hpc/informed_swapping/BARK.py:156: UserWarning: Exited at iteration 50 with accuracies 
[1.2034681e-08]
not reaching the requested tolerance 1e-09.
Use iteration 51 instead with accuracy 
1.2034681023033874e-08.

  values, vectors = lobpcg(projected_hamiltonian, guess, largest=False,
/home/erosanow_hpc/informed_swapping/BARK.py:156: UserWarning: Exited postprocessing with accuracies 
[1.20346811e-08]
not reaching the requested tolerance 1e-09.
  values, vectors = lobpcg(projected_hamiltonian, guess, largest=False,
/home/erosanow_hpc/informed_swapping/BARK.py:156: UserWarning: Exited at iteration 50 with accuracies 
[1.88446591e-09]
not reaching the requested tolerance 1e-09.
Use iteration 51 instead with accuracy 
1.8844659129253784e-09.

  values, vectors = lobpcg(projected_hamiltonian, guess, largest=False,
/home/erosanow_hpc/informed_swapping/BARK.py:156: UserWarning: Exited postprocessing with accuracies 
[1.88446526e-09]
not reaching the requested tolerance 1e-09.
  values, vectors = lobpcg(projected_hamiltonian, guess, largest=False,
/home/erosanow_hpc/informed_swapping/BARK.py:156: UserWarning: Exited at iteration 50 with accuracies 
[2.93243584e-09]
not reaching the requested tolerance 1e-09.
Use iteration 51 instead with accuracy 
2.9324358414361807e-09.

  values, vectors = lobpcg(projected_hamiltonian, guess, largest=False,
/home/erosanow_hpc/informed_swapping/BARK.py:156: UserWarning: Exited postprocessing with accuracies 
[2.93243541e-09]
not reaching the requested tolerance 1e-09.
  values, vectors = lobpcg(projected_hamiltonian, guess, largest=False,
/home/erosanow_hpc/informed_swapping/BARK.py:156: UserWarning: Exited at iteration 50 with accuracies 
[3.30708255e-09]
not reaching the requested tolerance 1e-09.
Use iteration 51 instead with accuracy 
3.3070825527313774e-09.

  values, vectors = lobpcg(projected_hamiltonian, guess, largest=False,
/home/erosanow_hpc/informed_swapping/BARK.py:156: UserWarning: Exited postprocessing with accuracies 
[3.30708301e-09]
not reaching the requested tolerance 1e-09.
  values, vectors = lobpcg(projected_hamiltonian, guess, largest=False,
/home/erosanow_hpc/informed_swapping/BARK.py:156: UserWarning: Exited at iteration 50 with accuracies 
[4.24993286e-09]
not reaching the requested tolerance 1e-09.
Use iteration 51 instead with accuracy 
4.249932858489598e-09.

  values, vectors = lobpcg(projected_hamiltonian, guess, largest=False,
/home/erosanow_hpc/informed_swapping/BARK.py:156: UserWarning: Exited postprocessing with accuracies 
[4.24993281e-09]
not reaching the requested tolerance 1e-09.
  values, vectors = lobpcg(projected_hamiltonian, guess, largest=False,
/home/erosanow_hpc/informed_swapping/BARK.py:156: UserWarning: Exited at iteration 50 with accuracies 
[3.5878737e-09]
not reaching the requested tolerance 1e-09.
Use iteration 51 instead with accuracy 
3.5878737045988925e-09.

  values, vectors = lobpcg(projected_hamiltonian, guess, largest=False,
/home/erosanow_hpc/informed_swapping/BARK.py:156: UserWarning: Exited postprocessing with accuracies 
[3.58787346e-09]
not reaching the requested tolerance 1e-09.
  values, vectors = lobpcg(projected_hamiltonian, guess, largest=False,
/home/erosanow_hpc/informed_swapping/BARK.py:156: UserWarning: Exited at iteration 50 with accuracies 
[5.70165208e-09]
not reaching the requested tolerance 1e-09.
Use iteration 51 instead with accuracy 
5.7016520816839964e-09.

  values, vectors = lobpcg(projected_hamiltonian, guess, largest=False,
/home/erosanow_hpc/informed_swapping/BARK.py:156: UserWarning: Exited postprocessing with accuracies 
[5.70165206e-09]
not reaching the requested tolerance 1e-09.
  values, vectors = lobpcg(projected_hamiltonian, guess, largest=False,
/home/erosanow_hpc/informed_swapping/BARK.py:156: UserWarning: Exited at iteration 50 with accuracies 
[5.83670489e-09]
not reaching the requested tolerance 1e-09.
Use iteration 51 instead with accuracy 
5.83670488729364e-09.

  values, vectors = lobpcg(projected_hamiltonian, guess, largest=False,
/home/erosanow_hpc/informed_swapping/BARK.py:156: UserWarning: Exited postprocessing with accuracies 
[5.83670449e-09]
not reaching the requested tolerance 1e-09.
  values, vectors = lobpcg(projected_hamiltonian, guess, largest=False,
/home/erosanow_hpc/informed_swapping/BARK.py:156: UserWarning: Exited at iteration 50 with accuracies 
[7.53929892e-09]
not reaching the requested tolerance 1e-09.
Use iteration 51 instead with accuracy 
7.539298923221732e-09.

  values, vectors = lobpcg(projected_hamiltonian, guess, largest=False,
/home/erosanow_hpc/informed_swapping/BARK.py:156: UserWarning: Exited postprocessing with accuracies 
[7.53929925e-09]
not reaching the requested tolerance 1e-09.
  values, vectors = lobpcg(projected_hamiltonian, guess, largest=False,
/home/erosanow_hpc/informed_swapping/BARK.py:156: UserWarning: Exited at iteration 50 with accuracies 
[3.63521292e-09]
not reaching the requested tolerance 1e-09.
Use iteration 51 instead with accuracy 
3.6352129165707086e-09.

  values, vectors = lobpcg(projected_hamiltonian, guess, largest=False,
/home/erosanow_hpc/informed_swapping/BARK.py:156: UserWarning: Exited postprocessing with accuracies 
[3.63521236e-09]
not reaching the requested tolerance 1e-09.
  values, vectors = lobpcg(projected_hamiltonian, guess, largest=False,
/home/erosanow_hpc/informed_swapping/BARK.py:156: UserWarning: Exited at iteration 50 with accuracies 
[5.67962751e-09]
not reaching the requested tolerance 1e-09.
Use iteration 51 instead with accuracy 
5.679627510111896e-09.

  values, vectors = lobpcg(projected_hamiltonian, guess, largest=False,
/home/erosanow_hpc/informed_swapping/BARK.py:156: UserWarning: Exited postprocessing with accuracies 
[5.67962796e-09]
not reaching the requested tolerance 1e-09.
  values, vectors = lobpcg(projected_hamiltonian, guess, largest=False,
/home/erosanow_hpc/informed_swapping/BARK.py:156: UserWarning: Exited at iteration 50 with accuracies 
[6.8359075e-09]
not reaching the requested tolerance 1e-09.
Use iteration 51 instead with accuracy 
6.8359075037548196e-09.

  values, vectors = lobpcg(projected_hamiltonian, guess, largest=False,
/home/erosanow_hpc/informed_swapping/BARK.py:156: UserWarning: Exited postprocessing with accuracies 
[6.83590756e-09]
not reaching the requested tolerance 1e-09.
  values, vectors = lobpcg(projected_hamiltonian, guess, largest=False,
/home/erosanow_hpc/informed_swapping/BARK.py:156: UserWarning: Exited at iteration 50 with accuracies 
[9.08952123e-09]
not reaching the requested tolerance 1e-09.
Use iteration 51 instead with accuracy 
9.089521230665874e-09.

  values, vectors = lobpcg(projected_hamiltonian, guess, largest=False,
/home/erosanow_hpc/informed_swapping/BARK.py:156: UserWarning: Exited postprocessing with accuracies 
[9.08952094e-09]
not reaching the requested tolerance 1e-09.
  values, vectors = lobpcg(projected_hamiltonian, guess, largest=False,
/home/erosanow_hpc/informed_swapping/BARK.py:156: UserWarning: Exited at iteration 50 with accuracies 
[7.30834582e-09]
not reaching the requested tolerance 1e-09.
Use iteration 51 instead with accuracy 
7.308345824496026e-09.

  values, vectors = lobpcg(projected_hamiltonian, guess, largest=False,
/home/erosanow_hpc/informed_swapping/BARK.py:156: UserWarning: Exited postprocessing with accuracies 
[7.30834508e-09]
not reaching the requested tolerance 1e-09.
  values, vectors = lobpcg(projected_hamiltonian, guess, largest=False,
/home/erosanow_hpc/informed_swapping/BARK.py:156: UserWarning: Exited at iteration 50 with accuracies 
[1.17096244e-08]
not reaching the requested tolerance 1e-09.
Use iteration 51 instead with accuracy 
1.1709624385154899e-08.

  values, vectors = lobpcg(projected_hamiltonian, guess, largest=False,
/home/erosanow_hpc/informed_swapping/BARK.py:156: UserWarning: Exited postprocessing with accuracies 
[1.17096241e-08]
not reaching the requested tolerance 1e-09.
  values, vectors = lobpcg(projected_hamiltonian, guess, largest=False,
/home/erosanow_hpc/informed_swapping/BARK.py:156: UserWarning: Exited at iteration 50 with accuracies 
[1.19891004e-08]
not reaching the requested tolerance 1e-09.
Use iteration 51 instead with accuracy 
1.1989100428752209e-08.

  values, vectors = lobpcg(projected_hamiltonian, guess, largest=False,
/home/erosanow_hpc/informed_swapping/BARK.py:156: UserWarning: Exited postprocessing with accuracies 
[1.19891002e-08]
not reaching the requested tolerance 1e-09.
  values, vectors = lobpcg(projected_hamiltonian, guess, largest=False,
/home/erosanow_hpc/informed_swapping/BARK.py:156: UserWarning: Exited at iteration 50 with accuracies 
[1.63352608e-08]
not reaching the requested tolerance 1e-09.
Use iteration 51 instead with accuracy 
1.6335260756064253e-08.

  values, vectors = lobpcg(projected_hamiltonian, guess, largest=False,
/home/erosanow_hpc/informed_swapping/BARK.py:156: UserWarning: Exited postprocessing with accuracies 
[1.63352612e-08]
not reaching the requested tolerance 1e-09.
  values, vectors = lobpcg(projected_hamiltonian, guess, largest=False,
/home/erosanow_hpc/informed_swapping/BARK.py:156: UserWarning: Exited at iteration 50 with accuracies 
[2.54537582e-09]
not reaching the requested tolerance 1e-09.
Use iteration 51 instead with accuracy 
2.5453758228380515e-09.

  values, vectors = lobpcg(projected_hamiltonian, guess, largest=False,
/home/erosanow_hpc/informed_swapping/BARK.py:156: UserWarning: Exited postprocessing with accuracies 
[2.54537543e-09]
not reaching the requested tolerance 1e-09.
  values, vectors = lobpcg(projected_hamiltonian, guess, largest=False,
/home/erosanow_hpc/informed_swapping/BARK.py:156: UserWarning: Exited at iteration 50 with accuracies 
[3.64742841e-09]
not reaching the requested tolerance 1e-09.
Use iteration 51 instead with accuracy 
3.6474284050851664e-09.

  values, vectors = lobpcg(projected_hamiltonian, guess, largest=False,
/home/erosanow_hpc/informed_swapping/BARK.py:156: UserWarning: Exited postprocessing with accuracies 
[3.64742832e-09]
not reaching the requested tolerance 1e-09.
  values, vectors = lobpcg(projected_hamiltonian, guess, largest=False,
/home/erosanow_hpc/informed_swapping/BARK.py:156: UserWarning: Exited at iteration 50 with accuracies 
[4.20319918e-09]
not reaching the requested tolerance 1e-09.
Use iteration 51 instead with accuracy 
4.203199175832425e-09.

  values, vectors = lobpcg(projected_hamiltonian, guess, largest=False,
/home/erosanow_hpc/informed_swapping/BARK.py:156: UserWarning: Exited postprocessing with accuracies 
[4.20319917e-09]
not reaching the requested tolerance 1e-09.
  values, vectors = lobpcg(projected_hamiltonian, guess, largest=False,
/home/erosanow_hpc/informed_swapping/BARK.py:156: UserWarning: Exited at iteration 50 with accuracies 
[5.16780229e-09]
not reaching the requested tolerance 1e-09.
Use iteration 51 instead with accuracy 
5.167802291450786e-09.

  values, vectors = lobpcg(projected_hamiltonian, guess, largest=False,
/home/erosanow_hpc/informed_swapping/BARK.py:156: UserWarning: Exited postprocessing with accuracies 
[5.16780259e-09]
not reaching the requested tolerance 1e-09.
  values, vectors = lobpcg(projected_hamiltonian, guess, largest=False,
/home/erosanow_hpc/informed_swapping/BARK.py:156: UserWarning: Exited at iteration 50 with accuracies 
[4.3563107e-09]
not reaching the requested tolerance 1e-09.
Use iteration 51 instead with accuracy 
4.356310696558037e-09.

  values, vectors = lobpcg(projected_hamiltonian, guess, largest=False,
/home/erosanow_hpc/informed_swapping/BARK.py:156: UserWarning: Exited postprocessing with accuracies 
[4.35631086e-09]
not reaching the requested tolerance 1e-09.
  values, vectors = lobpcg(projected_hamiltonian, guess, largest=False,
/home/erosanow_hpc/informed_swapping/BARK.py:156: UserWarning: Exited at iteration 50 with accuracies 
[6.32692705e-09]
not reaching the requested tolerance 1e-09.
Use iteration 51 instead with accuracy 
6.326927050227005e-09.

  values, vectors = lobpcg(projected_hamiltonian, guess, largest=False,
/home/erosanow_hpc/informed_swapping/BARK.py:156: UserWarning: Exited postprocessing with accuracies 
[6.32692744e-09]
not reaching the requested tolerance 1e-09.
  values, vectors = lobpcg(projected_hamiltonian, guess, largest=False,
/home/erosanow_hpc/informed_swapping/BARK.py:156: UserWarning: Exited at iteration 50 with accuracies 
[6.43533671e-09]
not reaching the requested tolerance 1e-09.
Use iteration 51 instead with accuracy 
6.435336706168756e-09.

  values, vectors = lobpcg(projected_hamiltonian, guess, largest=False,
/home/erosanow_hpc/informed_swapping/BARK.py:156: UserWarning: Exited postprocessing with accuracies 
[6.43533699e-09]
not reaching the requested tolerance 1e-09.
  values, vectors = lobpcg(projected_hamiltonian, guess, largest=False,
/home/erosanow_hpc/informed_swapping/BARK.py:156: UserWarning: Exited at iteration 50 with accuracies 
[7.97442447e-09]
not reaching the requested tolerance 1e-09.
Use iteration 51 instead with accuracy 
7.974424467569043e-09.

  values, vectors = lobpcg(projected_hamiltonian, guess, largest=False,
/home/erosanow_hpc/informed_swapping/BARK.py:156: UserWarning: Exited postprocessing with accuracies 
[7.9744246e-09]
not reaching the requested tolerance 1e-09.
  values, vectors = lobpcg(projected_hamiltonian, guess, largest=False,
/home/erosanow_hpc/informed_swapping/BARK.py:156: UserWarning: Exited at iteration 50 with accuracies 
[4.07454349e-09]
not reaching the requested tolerance 1e-09.
Use iteration 51 instead with accuracy 
4.0745434857329395e-09.

  values, vectors = lobpcg(projected_hamiltonian, guess, largest=False,
/home/erosanow_hpc/informed_swapping/BARK.py:156: UserWarning: Exited postprocessing with accuracies 
[4.0745435e-09]
not reaching the requested tolerance 1e-09.
  values, vectors = lobpcg(projected_hamiltonian, guess, largest=False,
/home/erosanow_hpc/informed_swapping/BARK.py:156: UserWarning: Exited at iteration 50 with accuracies 
[5.87230448e-09]
not reaching the requested tolerance 1e-09.
Use iteration 51 instead with accuracy 
5.872304482409491e-09.

  values, vectors = lobpcg(projected_hamiltonian, guess, largest=False,
/home/erosanow_hpc/informed_swapping/BARK.py:156: UserWarning: Exited postprocessing with accuracies 
[5.87230394e-09]
not reaching the requested tolerance 1e-09.
  values, vectors = lobpcg(projected_hamiltonian, guess, largest=False,
/home/erosanow_hpc/informed_swapping/BARK.py:156: UserWarning: Exited at iteration 50 with accuracies 
[6.76533529e-09]
not reaching the requested tolerance 1e-09.
Use iteration 51 instead with accuracy 
6.765335291272051e-09.

  values, vectors = lobpcg(projected_hamiltonian, guess, largest=False,
/home/erosanow_hpc/informed_swapping/BARK.py:156: UserWarning: Exited postprocessing with accuracies 
[6.76533498e-09]
not reaching the requested tolerance 1e-09.
  values, vectors = lobpcg(projected_hamiltonian, guess, largest=False,
/home/erosanow_hpc/informed_swapping/BARK.py:156: UserWarning: Exited at iteration 50 with accuracies 
[8.47308361e-09]
not reaching the requested tolerance 1e-09.
Use iteration 51 instead with accuracy 
8.473083607074377e-09.

  values, vectors = lobpcg(projected_hamiltonian, guess, largest=False,
/home/erosanow_hpc/informed_swapping/BARK.py:156: UserWarning: Exited postprocessing with accuracies 
[8.47308351e-09]
not reaching the requested tolerance 1e-09.
  values, vectors = lobpcg(projected_hamiltonian, guess, largest=False,
/home/erosanow_hpc/informed_swapping/BARK.py:156: UserWarning: Exited at iteration 50 with accuracies 
[7.06290215e-09]
not reaching the requested tolerance 1e-09.
Use iteration 51 instead with accuracy 
7.062902151746205e-09.

  values, vectors = lobpcg(projected_hamiltonian, guess, largest=False,
/home/erosanow_hpc/informed_swapping/BARK.py:156: UserWarning: Exited postprocessing with accuracies 
[7.06290181e-09]
not reaching the requested tolerance 1e-09.
  values, vectors = lobpcg(projected_hamiltonian, guess, largest=False,
/home/erosanow_hpc/informed_swapping/BARK.py:156: UserWarning: Exited at iteration 50 with accuracies 
[1.04447722e-08]
not reaching the requested tolerance 1e-09.
Use iteration 51 instead with accuracy 
1.0444772209409297e-08.

  values, vectors = lobpcg(projected_hamiltonian, guess, largest=False,
/home/erosanow_hpc/informed_swapping/BARK.py:156: UserWarning: Exited postprocessing with accuracies 
[1.04447722e-08]
not reaching the requested tolerance 1e-09.
  values, vectors = lobpcg(projected_hamiltonian, guess, largest=False,
/home/erosanow_hpc/informed_swapping/BARK.py:156: UserWarning: Exited at iteration 50 with accuracies 
[1.08081768e-08]
not reaching the requested tolerance 1e-09.
Use iteration 51 instead with accuracy 
1.0808176834740353e-08.

  values, vectors = lobpcg(projected_hamiltonian, guess, largest=False,
/home/erosanow_hpc/informed_swapping/BARK.py:156: UserWarning: Exited postprocessing with accuracies 
[1.08081772e-08]
not reaching the requested tolerance 1e-09.
  values, vectors = lobpcg(projected_hamiltonian, guess, largest=False,
/home/erosanow_hpc/informed_swapping/BARK.py:156: UserWarning: Exited at iteration 50 with accuracies 
[1.37062972e-08]
not reaching the requested tolerance 1e-09.
Use iteration 51 instead with accuracy 
1.3706297244795178e-08.

  values, vectors = lobpcg(projected_hamiltonian, guess, largest=False,
/home/erosanow_hpc/informed_swapping/BARK.py:156: UserWarning: Exited postprocessing with accuracies 
[1.37062967e-08]
not reaching the requested tolerance 1e-09.
  values, vectors = lobpcg(projected_hamiltonian, guess, largest=False,
/home/erosanow_hpc/informed_swapping/BARK.py:156: UserWarning: Exited at iteration 50 with accuracies 
[2.19518606e-09]
not reaching the requested tolerance 1e-09.
Use iteration 51 instead with accuracy 
2.1951860563418735e-09.

  values, vectors = lobpcg(projected_hamiltonian, guess, largest=False,
/home/erosanow_hpc/informed_swapping/BARK.py:156: UserWarning: Exited postprocessing with accuracies 
[2.19518622e-09]
not reaching the requested tolerance 1e-09.
  values, vectors = lobpcg(projected_hamiltonian, guess, largest=False,
/home/erosanow_hpc/informed_swapping/BARK.py:156: UserWarning: Exited at iteration 50 with accuracies 
[3.27989523e-09]
not reaching the requested tolerance 1e-09.
Use iteration 51 instead with accuracy 
3.2798952273734822e-09.

  values, vectors = lobpcg(projected_hamiltonian, guess, largest=False,
/home/erosanow_hpc/informed_swapping/BARK.py:156: UserWarning: Exited postprocessing with accuracies 
[3.27989483e-09]
not reaching the requested tolerance 1e-09.
  values, vectors = lobpcg(projected_hamiltonian, guess, largest=False,
/home/erosanow_hpc/informed_swapping/BARK.py:156: UserWarning: Exited at iteration 50 with accuracies 
[3.9478512e-09]
not reaching the requested tolerance 1e-09.
Use iteration 51 instead with accuracy 
3.947851195587158e-09.

  values, vectors = lobpcg(projected_hamiltonian, guess, largest=False,
/home/erosanow_hpc/informed_swapping/BARK.py:156: UserWarning: Exited postprocessing with accuracies 
[3.94785115e-09]
not reaching the requested tolerance 1e-09.
  values, vectors = lobpcg(projected_hamiltonian, guess, largest=False,
/home/erosanow_hpc/informed_swapping/BARK.py:156: UserWarning: Exited at iteration 50 with accuracies 
[5.02639878e-09]
not reaching the requested tolerance 1e-09.
Use iteration 51 instead with accuracy 
5.026398776630638e-09.

  values, vectors = lobpcg(projected_hamiltonian, guess, largest=False,
/home/erosanow_hpc/informed_swapping/BARK.py:156: UserWarning: Exited postprocessing with accuracies 
[5.02639842e-09]
not reaching the requested tolerance 1e-09.
  values, vectors = lobpcg(projected_hamiltonian, guess, largest=False,
/home/erosanow_hpc/informed_swapping/BARK.py:156: UserWarning: Exited at iteration 50 with accuracies 
[3.96223538e-09]
not reaching the requested tolerance 1e-09.
Use iteration 51 instead with accuracy 
3.962235379714913e-09.

  values, vectors = lobpcg(projected_hamiltonian, guess, largest=False,
/home/erosanow_hpc/informed_swapping/BARK.py:156: UserWarning: Exited postprocessing with accuracies 
[3.96223525e-09]
not reaching the requested tolerance 1e-09.
  values, vectors = lobpcg(projected_hamiltonian, guess, largest=False,
/home/erosanow_hpc/informed_swapping/BARK.py:156: UserWarning: Exited at iteration 50 with accuracies 
[6.28275269e-09]
not reaching the requested tolerance 1e-09.
Use iteration 51 instead with accuracy 
6.282752691006166e-09.

  values, vectors = lobpcg(projected_hamiltonian, guess, largest=False,
/home/erosanow_hpc/informed_swapping/BARK.py:156: UserWarning: Exited postprocessing with accuracies 
[6.2827525e-09]
not reaching the requested tolerance 1e-09.
  values, vectors = lobpcg(projected_hamiltonian, guess, largest=False,
/home/erosanow_hpc/informed_swapping/BARK.py:156: UserWarning: Exited at iteration 50 with accuracies 
[6.33233544e-09]
not reaching the requested tolerance 1e-09.
Use iteration 51 instead with accuracy 
6.332335439684837e-09.

  values, vectors = lobpcg(projected_hamiltonian, guess, largest=False,
/home/erosanow_hpc/informed_swapping/BARK.py:156: UserWarning: Exited postprocessing with accuracies 
[6.33233526e-09]
not reaching the requested tolerance 1e-09.
  values, vectors = lobpcg(projected_hamiltonian, guess, largest=False,
/home/erosanow_hpc/informed_swapping/BARK.py:156: UserWarning: Exited at iteration 50 with accuracies 
[8.30864139e-09]
not reaching the requested tolerance 1e-09.
Use iteration 51 instead with accuracy 
8.308641391281809e-09.

  values, vectors = lobpcg(projected_hamiltonian, guess, largest=False,
/home/erosanow_hpc/informed_swapping/BARK.py:156: UserWarning: Exited postprocessing with accuracies 
[8.30864187e-09]
not reaching the requested tolerance 1e-09.
  values, vectors = lobpcg(projected_hamiltonian, guess, largest=False,
/home/erosanow_hpc/informed_swapping/BARK.py:156: UserWarning: Exited at iteration 50 with accuracies 
[3.85369465e-09]
not reaching the requested tolerance 1e-09.
Use iteration 51 instead with accuracy 
3.853694653927117e-09.

  values, vectors = lobpcg(projected_hamiltonian, guess, largest=False,
/home/erosanow_hpc/informed_swapping/BARK.py:156: UserWarning: Exited postprocessing with accuracies 
[3.85369495e-09]
not reaching the requested tolerance 1e-09.
  values, vectors = lobpcg(projected_hamiltonian, guess, largest=False,
/home/erosanow_hpc/informed_swapping/BARK.py:156: UserWarning: Exited at iteration 50 with accuracies 
[6.07700531e-09]
not reaching the requested tolerance 1e-09.
Use iteration 51 instead with accuracy 
6.0770053102470585e-09.

  values, vectors = lobpcg(projected_hamiltonian, guess, largest=False,
/home/erosanow_hpc/informed_swapping/BARK.py:156: UserWarning: Exited postprocessing with accuracies 
[6.07700517e-09]
not reaching the requested tolerance 1e-09.
  values, vectors = lobpcg(projected_hamiltonian, guess, largest=False,
/home/erosanow_hpc/informed_swapping/BARK.py:156: UserWarning: Exited at iteration 50 with accuracies 
[7.24724692e-09]
not reaching the requested tolerance 1e-09.
Use iteration 51 instead with accuracy 
7.2472469175855335e-09.

  values, vectors = lobpcg(projected_hamiltonian, guess, largest=False,
/home/erosanow_hpc/informed_swapping/BARK.py:156: UserWarning: Exited postprocessing with accuracies 
[7.24724695e-09]
not reaching the requested tolerance 1e-09.
  values, vectors = lobpcg(projected_hamiltonian, guess, largest=False,
/home/erosanow_hpc/informed_swapping/BARK.py:156: UserWarning: Exited at iteration 50 with accuracies 
[9.24438128e-09]
not reaching the requested tolerance 1e-09.
Use iteration 51 instead with accuracy 
9.244381278263185e-09.

  values, vectors = lobpcg(projected_hamiltonian, guess, largest=False,
/home/erosanow_hpc/informed_swapping/BARK.py:156: UserWarning: Exited postprocessing with accuracies 
[9.24438167e-09]
not reaching the requested tolerance 1e-09.
  values, vectors = lobpcg(projected_hamiltonian, guess, largest=False,
/home/erosanow_hpc/informed_swapping/BARK.py:156: UserWarning: Exited at iteration 50 with accuracies 
[7.74063343e-09]
not reaching the requested tolerance 1e-09.
Use iteration 51 instead with accuracy 
7.74063342597445e-09.

  values, vectors = lobpcg(projected_hamiltonian, guess, largest=False,
/home/erosanow_hpc/informed_swapping/BARK.py:156: UserWarning: Exited postprocessing with accuracies 
[7.74063318e-09]
not reaching the requested tolerance 1e-09.
  values, vectors = lobpcg(projected_hamiltonian, guess, largest=False,
/home/erosanow_hpc/informed_swapping/BARK.py:156: UserWarning: Exited at iteration 50 with accuracies 
[1.2325307e-08]
not reaching the requested tolerance 1e-09.
Use iteration 51 instead with accuracy 
1.232530695908057e-08.

  values, vectors = lobpcg(projected_hamiltonian, guess, largest=False,
/home/erosanow_hpc/informed_swapping/BARK.py:156: UserWarning: Exited postprocessing with accuracies 
[1.23253072e-08]
not reaching the requested tolerance 1e-09.
  values, vectors = lobpcg(projected_hamiltonian, guess, largest=False,
/home/erosanow_hpc/informed_swapping/BARK.py:156: UserWarning: Exited at iteration 50 with accuracies 
[1.27867715e-08]
not reaching the requested tolerance 1e-09.
Use iteration 51 instead with accuracy 
1.2786771455159034e-08.

  values, vectors = lobpcg(projected_hamiltonian, guess, largest=False,
/home/erosanow_hpc/informed_swapping/BARK.py:156: UserWarning: Exited postprocessing with accuracies 
[1.27867713e-08]
not reaching the requested tolerance 1e-09.
  values, vectors = lobpcg(projected_hamiltonian, guess, largest=False,
/home/erosanow_hpc/informed_swapping/BARK.py:156: UserWarning: Exited at iteration 50 with accuracies 
[1.67032925e-08]
not reaching the requested tolerance 1e-09.
Use iteration 51 instead with accuracy 
1.6703292469332176e-08.

  values, vectors = lobpcg(projected_hamiltonian, guess, largest=False,
/home/erosanow_hpc/informed_swapping/BARK.py:156: UserWarning: Exited postprocessing with accuracies 
[1.67032923e-08]
not reaching the requested tolerance 1e-09.
  values, vectors = lobpcg(projected_hamiltonian, guess, largest=False,
/home/erosanow_hpc/informed_swapping/BARK.py:156: UserWarning: Exited at iteration 50 with accuracies 
[2.62725175e-09]
not reaching the requested tolerance 1e-09.
Use iteration 51 instead with accuracy 
2.6272517487644955e-09.

  values, vectors = lobpcg(projected_hamiltonian, guess, largest=False,
/home/erosanow_hpc/informed_swapping/BARK.py:156: UserWarning: Exited postprocessing with accuracies 
[2.62725219e-09]
not reaching the requested tolerance 1e-09.
  values, vectors = lobpcg(projected_hamiltonian, guess, largest=False,
/home/erosanow_hpc/informed_swapping/BARK.py:156: UserWarning: Exited at iteration 50 with accuracies 
[3.97328816e-09]
not reaching the requested tolerance 1e-09.
Use iteration 51 instead with accuracy 
3.973288163448757e-09.

  values, vectors = lobpcg(projected_hamiltonian, guess, largest=False,
/home/erosanow_hpc/informed_swapping/BARK.py:156: UserWarning: Exited postprocessing with accuracies 
[3.97328795e-09]
not reaching the requested tolerance 1e-09.
  values, vectors = lobpcg(projected_hamiltonian, guess, largest=False,
/home/erosanow_hpc/informed_swapping/BARK.py:156: UserWarning: Exited at iteration 50 with accuracies 
[4.71778742e-09]
not reaching the requested tolerance 1e-09.
Use iteration 51 instead with accuracy 
4.717787415669451e-09.

  values, vectors = lobpcg(projected_hamiltonian, guess, largest=False,
/home/erosanow_hpc/informed_swapping/BARK.py:156: UserWarning: Exited postprocessing with accuracies 
[4.71778758e-09]
not reaching the requested tolerance 1e-09.
  values, vectors = lobpcg(projected_hamiltonian, guess, largest=False,
/home/erosanow_hpc/informed_swapping/BARK.py:156: UserWarning: Exited at iteration 50 with accuracies 
[5.9976968e-09]
not reaching the requested tolerance 1e-09.
Use iteration 51 instead with accuracy 
5.997696801376808e-09.

  values, vectors = lobpcg(projected_hamiltonian, guess, largest=False,
/home/erosanow_hpc/informed_swapping/BARK.py:156: UserWarning: Exited postprocessing with accuracies 
[5.99769703e-09]
not reaching the requested tolerance 1e-09.
  values, vectors = lobpcg(projected_hamiltonian, guess, largest=False,
/home/erosanow_hpc/informed_swapping/BARK.py:156: UserWarning: Exited at iteration 50 with accuracies 
[4.74640449e-09]
not reaching the requested tolerance 1e-09.
Use iteration 51 instead with accuracy 
4.746404492130997e-09.

  values, vectors = lobpcg(projected_hamiltonian, guess, largest=False,
/home/erosanow_hpc/informed_swapping/BARK.py:156: UserWarning: Exited postprocessing with accuracies 
[4.74640446e-09]
not reaching the requested tolerance 1e-09.
  values, vectors = lobpcg(projected_hamiltonian, guess, largest=False,
/home/erosanow_hpc/informed_swapping/BARK.py:156: UserWarning: Exited at iteration 50 with accuracies 
[7.58891867e-09]
not reaching the requested tolerance 1e-09.
Use iteration 51 instead with accuracy 
7.588918665508175e-09.

  values, vectors = lobpcg(projected_hamiltonian, guess, largest=False,
/home/erosanow_hpc/informed_swapping/BARK.py:156: UserWarning: Exited postprocessing with accuracies 
[7.58891863e-09]
not reaching the requested tolerance 1e-09.
  values, vectors = lobpcg(projected_hamiltonian, guess, largest=False,
/home/erosanow_hpc/informed_swapping/BARK.py:156: UserWarning: Exited at iteration 50 with accuracies 
[7.50333055e-09]
not reaching the requested tolerance 1e-09.
Use iteration 51 instead with accuracy 
7.503330553637283e-09.

  values, vectors = lobpcg(projected_hamiltonian, guess, largest=False,
/home/erosanow_hpc/informed_swapping/BARK.py:156: UserWarning: Exited postprocessing with accuracies 
[7.50333045e-09]
not reaching the requested tolerance 1e-09.
  values, vectors = lobpcg(projected_hamiltonian, guess, largest=False,
/home/erosanow_hpc/informed_swapping/BARK.py:156: UserWarning: Exited at iteration 50 with accuracies 
[9.87594712e-09]
not reaching the requested tolerance 1e-09.
Use iteration 51 instead with accuracy 
9.875947124048546e-09.

  values, vectors = lobpcg(projected_hamiltonian, guess, largest=False,
/home/erosanow_hpc/informed_swapping/BARK.py:156: UserWarning: Exited postprocessing with accuracies 
[9.8759476e-09]
not reaching the requested tolerance 1e-09.
  values, vectors = lobpcg(projected_hamiltonian, guess, largest=False,
/home/erosanow_hpc/informed_swapping/BARK.py:156: UserWarning: Exited at iteration 50 with accuracies 
[4.62963331e-09]
not reaching the requested tolerance 1e-09.
Use iteration 51 instead with accuracy 
4.629633306591506e-09.

  values, vectors = lobpcg(projected_hamiltonian, guess, largest=False,
/home/erosanow_hpc/informed_swapping/BARK.py:156: UserWarning: Exited postprocessing with accuracies 
[4.62963282e-09]
not reaching the requested tolerance 1e-09.
  values, vectors = lobpcg(projected_hamiltonian, guess, largest=False,
/home/erosanow_hpc/informed_swapping/BARK.py:156: UserWarning: Exited at iteration 50 with accuracies 
[7.24770734e-09]
not reaching the requested tolerance 1e-09.
Use iteration 51 instead with accuracy 
7.247707342334923e-09.

  values, vectors = lobpcg(projected_hamiltonian, guess, largest=False,
/home/erosanow_hpc/informed_swapping/BARK.py:156: UserWarning: Exited postprocessing with accuracies 
[7.24770778e-09]
not reaching the requested tolerance 1e-09.
  values, vectors = lobpcg(projected_hamiltonian, guess, largest=False,
/home/erosanow_hpc/informed_swapping/BARK.py:156: UserWarning: Exited at iteration 50 with accuracies 
[8.83235206e-09]
not reaching the requested tolerance 1e-09.
Use iteration 51 instead with accuracy 
8.83235205566905e-09.

  values, vectors = lobpcg(projected_hamiltonian, guess, largest=False,
/home/erosanow_hpc/informed_swapping/BARK.py:156: UserWarning: Exited postprocessing with accuracies 
[8.83235245e-09]
not reaching the requested tolerance 1e-09.
  values, vectors = lobpcg(projected_hamiltonian, guess, largest=False,
/home/erosanow_hpc/informed_swapping/BARK.py:156: UserWarning: Exited at iteration 50 with accuracies 
[1.15036967e-08]
not reaching the requested tolerance 1e-09.
Use iteration 51 instead with accuracy 
1.1503696696821144e-08.

  values, vectors = lobpcg(projected_hamiltonian, guess, largest=False,
/home/erosanow_hpc/informed_swapping/BARK.py:156: UserWarning: Exited postprocessing with accuracies 
[1.15036966e-08]
not reaching the requested tolerance 1e-09.
  values, vectors = lobpcg(projected_hamiltonian, guess, largest=False,
/home/erosanow_hpc/informed_swapping/BARK.py:156: UserWarning: Exited at iteration 50 with accuracies 
[9.30853015e-09]
not reaching the requested tolerance 1e-09.
Use iteration 51 instead with accuracy 
9.30853015343773e-09.

  values, vectors = lobpcg(projected_hamiltonian, guess, largest=False,
/home/erosanow_hpc/informed_swapping/BARK.py:156: UserWarning: Exited postprocessing with accuracies 
[9.30853021e-09]
not reaching the requested tolerance 1e-09.
  values, vectors = lobpcg(projected_hamiltonian, guess, largest=False,
/home/erosanow_hpc/informed_swapping/BARK.py:156: UserWarning: Exited at iteration 50 with accuracies 
[1.49405336e-08]
not reaching the requested tolerance 1e-09.
Use iteration 51 instead with accuracy 
1.4940533569461724e-08.

  values, vectors = lobpcg(projected_hamiltonian, guess, largest=False,
/home/erosanow_hpc/informed_swapping/BARK.py:156: UserWarning: Exited postprocessing with accuracies 
[1.49405337e-08]
not reaching the requested tolerance 1e-09.
  values, vectors = lobpcg(projected_hamiltonian, guess, largest=False,
/home/erosanow_hpc/informed_swapping/BARK.py:156: UserWarning: Exited at iteration 50 with accuracies 
[1.55270132e-08]
not reaching the requested tolerance 1e-09.
Use iteration 51 instead with accuracy 
1.5527013163358124e-08.

  values, vectors = lobpcg(projected_hamiltonian, guess, largest=False,
/home/erosanow_hpc/informed_swapping/BARK.py:156: UserWarning: Exited postprocessing with accuracies 
[1.55270128e-08]
not reaching the requested tolerance 1e-09.
  values, vectors = lobpcg(projected_hamiltonian, guess, largest=False,
/home/erosanow_hpc/informed_swapping/BARK.py:156: UserWarning: Exited at iteration 50 with accuracies 
[2.05951213e-08]
not reaching the requested tolerance 1e-09.
Use iteration 51 instead with accuracy 
2.0595121271504016e-08.

  values, vectors = lobpcg(projected_hamiltonian, guess, largest=False,
/home/erosanow_hpc/informed_swapping/BARK.py:156: UserWarning: Exited postprocessing with accuracies 
[2.0595121e-08]
not reaching the requested tolerance 1e-09.
  values, vectors = lobpcg(projected_hamiltonian, guess, largest=False,
/home/erosanow_hpc/informed_swapping/BARK.py:156: UserWarning: Exited at iteration 50 with accuracies 
[1.27232749e-08]
not reaching the requested tolerance 1e-09.
Use iteration 51 instead with accuracy 
1.2723274936049814e-08.

  values, vectors = lobpcg(projected_hamiltonian, guess, largest=False,
/home/erosanow_hpc/informed_swapping/BARK.py:156: UserWarning: Exited postprocessing with accuracies 
[1.27232752e-08]
not reaching the requested tolerance 1e-09.
  values, vectors = lobpcg(projected_hamiltonian, guess, largest=False,
/home/erosanow_hpc/informed_swapping/BARK.py:156: UserWarning: Exited at iteration 50 with accuracies 
[1.8587714e-08]
not reaching the requested tolerance 1e-09.
Use iteration 51 instead with accuracy 
1.8587714025086157e-08.

  values, vectors = lobpcg(projected_hamiltonian, guess, largest=False,
/home/erosanow_hpc/informed_swapping/BARK.py:156: UserWarning: Exited postprocessing with accuracies 
[1.85877139e-08]
not reaching the requested tolerance 1e-09.
  values, vectors = lobpcg(projected_hamiltonian, guess, largest=False,
/home/erosanow_hpc/informed_swapping/BARK.py:156: UserWarning: Exited at iteration 50 with accuracies 
[2.17944515e-08]
not reaching the requested tolerance 1e-09.
Use iteration 51 instead with accuracy 
2.1794451519583693e-08.

  values, vectors = lobpcg(projected_hamiltonian, guess, largest=False,
/home/erosanow_hpc/informed_swapping/BARK.py:156: UserWarning: Exited postprocessing with accuracies 
[2.17944515e-08]
not reaching the requested tolerance 1e-09.
  values, vectors = lobpcg(projected_hamiltonian, guess, largest=False,
/home/erosanow_hpc/informed_swapping/BARK.py:156: UserWarning: Exited at iteration 50 with accuracies 
[2.76243588e-08]
not reaching the requested tolerance 1e-09.
Use iteration 51 instead with accuracy 
2.7624358759716905e-08.

  values, vectors = lobpcg(projected_hamiltonian, guess, largest=False,
/home/erosanow_hpc/informed_swapping/BARK.py:156: UserWarning: Exited postprocessing with accuracies 
[2.76243584e-08]
not reaching the requested tolerance 1e-09.
  values, vectors = lobpcg(projected_hamiltonian, guess, largest=False,
/home/erosanow_hpc/informed_swapping/BARK.py:156: UserWarning: Exited at iteration 50 with accuracies 
[2.3227268e-08]
not reaching the requested tolerance 1e-09.
Use iteration 51 instead with accuracy 
2.3227267965771435e-08.

  values, vectors = lobpcg(projected_hamiltonian, guess, largest=False,
/home/erosanow_hpc/informed_swapping/BARK.py:156: UserWarning: Exited postprocessing with accuracies 
[2.32272677e-08]
not reaching the requested tolerance 1e-09.
  values, vectors = lobpcg(projected_hamiltonian, guess, largest=False,
/home/erosanow_hpc/informed_swapping/BARK.py:156: UserWarning: Exited at iteration 50 with accuracies 
[3.488972e-08]
not reaching the requested tolerance 1e-09.
Use iteration 51 instead with accuracy 
3.488971999922369e-08.

  values, vectors = lobpcg(projected_hamiltonian, guess, largest=False,
/home/erosanow_hpc/informed_swapping/BARK.py:156: UserWarning: Exited postprocessing with accuracies 
[3.48897195e-08]
not reaching the requested tolerance 1e-09.
  values, vectors = lobpcg(projected_hamiltonian, guess, largest=False,
/home/erosanow_hpc/informed_swapping/BARK.py:156: UserWarning: Exited at iteration 50 with accuracies 
[3.69017256e-08]
not reaching the requested tolerance 1e-09.
Use iteration 51 instead with accuracy 
3.6901725575592865e-08.

  values, vectors = lobpcg(projected_hamiltonian, guess, largest=False,
/home/erosanow_hpc/informed_swapping/BARK.py:156: UserWarning: Exited postprocessing with accuracies 
[3.69017254e-08]
not reaching the requested tolerance 1e-09.
  values, vectors = lobpcg(projected_hamiltonian, guess, largest=False,
/home/erosanow_hpc/informed_swapping/BARK.py:156: UserWarning: Exited at iteration 50 with accuracies 
[4.76062877e-08]
not reaching the requested tolerance 1e-09.
Use iteration 51 instead with accuracy 
4.7606287700838507e-08.

  values, vectors = lobpcg(projected_hamiltonian, guess, largest=False,
/home/erosanow_hpc/informed_swapping/BARK.py:156: UserWarning: Exited postprocessing with accuracies 
[4.76062877e-08]
not reaching the requested tolerance 1e-09.
  values, vectors = lobpcg(projected_hamiltonian, guess, largest=False,
/home/erosanow_hpc/informed_swapping/BARK.py:156: UserWarning: Exited at iteration 50 with accuracies 
[2.45313339e-08]
not reaching the requested tolerance 1e-09.
Use iteration 51 instead with accuracy 
2.4531333882261527e-08.

  values, vectors = lobpcg(projected_hamiltonian, guess, largest=False,
/home/erosanow_hpc/informed_swapping/BARK.py:156: UserWarning: Exited postprocessing with accuracies 
[2.45313338e-08]
not reaching the requested tolerance 1e-09.
  values, vectors = lobpcg(projected_hamiltonian, guess, largest=False,
/home/erosanow_hpc/informed_swapping/BARK.py:156: UserWarning: Exited at iteration 50 with accuracies 
[3.65687134e-08]
not reaching the requested tolerance 1e-09.
Use iteration 51 instead with accuracy 
3.656871339333441e-08.

  values, vectors = lobpcg(projected_hamiltonian, guess, largest=False,
/home/erosanow_hpc/informed_swapping/BARK.py:156: UserWarning: Exited postprocessing with accuracies 
[3.65687132e-08]
not reaching the requested tolerance 1e-09.
  values, vectors = lobpcg(projected_hamiltonian, guess, largest=False,
/home/erosanow_hpc/informed_swapping/BARK.py:156: UserWarning: Exited at iteration 50 with accuracies 
[4.39634454e-08]
not reaching the requested tolerance 1e-09.
Use iteration 51 instead with accuracy 
4.396344544963099e-08.

  values, vectors = lobpcg(projected_hamiltonian, guess, largest=False,
/home/erosanow_hpc/informed_swapping/BARK.py:156: UserWarning: Exited postprocessing with accuracies 
[4.39634455e-08]
not reaching the requested tolerance 1e-09.
  values, vectors = lobpcg(projected_hamiltonian, guess, largest=False,
/home/erosanow_hpc/informed_swapping/BARK.py:156: UserWarning: Exited at iteration 50 with accuracies 
[5.74225354e-08]
not reaching the requested tolerance 1e-09.
Use iteration 51 instead with accuracy 
5.742253536678189e-08.

  values, vectors = lobpcg(projected_hamiltonian, guess, largest=False,
/home/erosanow_hpc/informed_swapping/BARK.py:156: UserWarning: Exited postprocessing with accuracies 
[5.74225358e-08]
not reaching the requested tolerance 1e-09.
  values, vectors = lobpcg(projected_hamiltonian, guess, largest=False,
/home/erosanow_hpc/informed_swapping/BARK.py:156: UserWarning: Exited at iteration 50 with accuracies 
[4.98096202e-08]
not reaching the requested tolerance 1e-09.
Use iteration 51 instead with accuracy 
4.980962016470763e-08.

  values, vectors = lobpcg(projected_hamiltonian, guess, largest=False,
/home/erosanow_hpc/informed_swapping/BARK.py:156: UserWarning: Exited postprocessing with accuracies 
[4.98096202e-08]
not reaching the requested tolerance 1e-09.
  values, vectors = lobpcg(projected_hamiltonian, guess, largest=False,
/home/erosanow_hpc/informed_swapping/BARK.py:156: UserWarning: Exited at iteration 50 with accuracies 
[7.83147709e-08]
not reaching the requested tolerance 1e-09.
Use iteration 51 instead with accuracy 
7.831477086654734e-08.

  values, vectors = lobpcg(projected_hamiltonian, guess, largest=False,
/home/erosanow_hpc/informed_swapping/BARK.py:156: UserWarning: Exited postprocessing with accuracies 
[7.83147709e-08]
not reaching the requested tolerance 1e-09.
  values, vectors = lobpcg(projected_hamiltonian, guess, largest=False,
/home/erosanow_hpc/informed_swapping/BARK.py:156: UserWarning: Exited at iteration 50 with accuracies 
[8.5708783e-08]
not reaching the requested tolerance 1e-09.
Use iteration 51 instead with accuracy 
8.570878302668909e-08.

  values, vectors = lobpcg(projected_hamiltonian, guess, largest=False,
/home/erosanow_hpc/informed_swapping/BARK.py:156: UserWarning: Exited postprocessing with accuracies 
[8.57087828e-08]
not reaching the requested tolerance 1e-09.
  values, vectors = lobpcg(projected_hamiltonian, guess, largest=False,
/home/erosanow_hpc/informed_swapping/BARK.py:156: UserWarning: Exited at iteration 50 with accuracies 
[1.17885031e-07]
not reaching the requested tolerance 1e-09.
Use iteration 51 instead with accuracy 
1.1788503121771413e-07.

  values, vectors = lobpcg(projected_hamiltonian, guess, largest=False,
/home/erosanow_hpc/informed_swapping/BARK.py:156: UserWarning: Exited postprocessing with accuracies 
[1.17885031e-07]
not reaching the requested tolerance 1e-09.
  values, vectors = lobpcg(projected_hamiltonian, guess, largest=False,
/home/erosanow_hpc/informed_swapping/BARK.py:156: UserWarning: Exited at iteration 50 with accuracies 
[1.73725796e-09]
not reaching the requested tolerance 1e-09.
Use iteration 51 instead with accuracy 
1.7372579640842536e-09.

  values, vectors = lobpcg(projected_hamiltonian, guess, largest=False,
/home/erosanow_hpc/informed_swapping/BARK.py:156: UserWarning: Exited postprocessing with accuracies 
[1.73725779e-09]
not reaching the requested tolerance 1e-09.
  values, vectors = lobpcg(projected_hamiltonian, guess, largest=False,
/home/erosanow_hpc/informed_swapping/BARK.py:156: UserWarning: Exited at iteration 50 with accuracies 
[2.85785616e-09]
not reaching the requested tolerance 1e-09.
Use iteration 51 instead with accuracy 
2.857856161030145e-09.

  values, vectors = lobpcg(projected_hamiltonian, guess, largest=False,
/home/erosanow_hpc/informed_swapping/BARK.py:156: UserWarning: Exited postprocessing with accuracies 
[2.85785585e-09]
not reaching the requested tolerance 1e-09.
  values, vectors = lobpcg(projected_hamiltonian, guess, largest=False,
/home/erosanow_hpc/informed_swapping/BARK.py:156: UserWarning: Exited at iteration 50 with accuracies 
[3.08782687e-09]
not reaching the requested tolerance 1e-09.
Use iteration 51 instead with accuracy 
3.0878268744940375e-09.

  values, vectors = lobpcg(projected_hamiltonian, guess, largest=False,
/home/erosanow_hpc/informed_swapping/BARK.py:156: UserWarning: Exited postprocessing with accuracies 
[3.08782662e-09]
not reaching the requested tolerance 1e-09.
  values, vectors = lobpcg(projected_hamiltonian, guess, largest=False,
/home/erosanow_hpc/informed_swapping/BARK.py:156: UserWarning: Exited at iteration 50 with accuracies 
[4.05981946e-09]
not reaching the requested tolerance 1e-09.
Use iteration 51 instead with accuracy 
4.059819457830866e-09.

  values, vectors = lobpcg(projected_hamiltonian, guess, largest=False,
/home/erosanow_hpc/informed_swapping/BARK.py:156: UserWarning: Exited postprocessing with accuracies 
[4.05981934e-09]
not reaching the requested tolerance 1e-09.
  values, vectors = lobpcg(projected_hamiltonian, guess, largest=False,
/home/erosanow_hpc/informed_swapping/BARK.py:156: UserWarning: Exited at iteration 50 with accuracies 
[3.02359559e-09]
not reaching the requested tolerance 1e-09.
Use iteration 51 instead with accuracy 
3.023595585966118e-09.

  values, vectors = lobpcg(projected_hamiltonian, guess, largest=False,
/home/erosanow_hpc/informed_swapping/BARK.py:156: UserWarning: Exited postprocessing with accuracies 
[3.02359574e-09]
not reaching the requested tolerance 1e-09.
  values, vectors = lobpcg(projected_hamiltonian, guess, largest=False,
/home/erosanow_hpc/informed_swapping/BARK.py:156: UserWarning: Exited at iteration 50 with accuracies 
[4.47909773e-09]
not reaching the requested tolerance 1e-09.
Use iteration 51 instead with accuracy 
4.479097732792102e-09.

  values, vectors = lobpcg(projected_hamiltonian, guess, largest=False,
/home/erosanow_hpc/informed_swapping/BARK.py:156: UserWarning: Exited postprocessing with accuracies 
[4.47909748e-09]
not reaching the requested tolerance 1e-09.
  values, vectors = lobpcg(projected_hamiltonian, guess, largest=False,
/home/erosanow_hpc/informed_swapping/BARK.py:156: UserWarning: Exited at iteration 50 with accuracies 
[5.38991436e-09]
not reaching the requested tolerance 1e-09.
Use iteration 51 instead with accuracy 
5.389914357313806e-09.

  values, vectors = lobpcg(projected_hamiltonian, guess, largest=False,
/home/erosanow_hpc/informed_swapping/BARK.py:156: UserWarning: Exited postprocessing with accuracies 
[5.3899148e-09]
not reaching the requested tolerance 1e-09.
  values, vectors = lobpcg(projected_hamiltonian, guess, largest=False,
/home/erosanow_hpc/informed_swapping/BARK.py:156: UserWarning: Exited at iteration 50 with accuracies 
[6.97075217e-09]
not reaching the requested tolerance 1e-09.
Use iteration 51 instead with accuracy 
6.97075216669349e-09.

  values, vectors = lobpcg(projected_hamiltonian, guess, largest=False,
/home/erosanow_hpc/informed_swapping/BARK.py:156: UserWarning: Exited postprocessing with accuracies 
[6.97075187e-09]
not reaching the requested tolerance 1e-09.
  values, vectors = lobpcg(projected_hamiltonian, guess, largest=False,
/home/erosanow_hpc/informed_swapping/BARK.py:156: UserWarning: Exited at iteration 50 with accuracies 
[3.17352751e-09]
not reaching the requested tolerance 1e-09.
Use iteration 51 instead with accuracy 
3.173527510848596e-09.

  values, vectors = lobpcg(projected_hamiltonian, guess, largest=False,
/home/erosanow_hpc/informed_swapping/BARK.py:156: UserWarning: Exited postprocessing with accuracies 
[3.17352804e-09]
not reaching the requested tolerance 1e-09.
  values, vectors = lobpcg(projected_hamiltonian, guess, largest=False,
/home/erosanow_hpc/informed_swapping/BARK.py:156: UserWarning: Exited at iteration 50 with accuracies 
[4.79260284e-09]
not reaching the requested tolerance 1e-09.
Use iteration 51 instead with accuracy 
4.792602840371688e-09.

  values, vectors = lobpcg(projected_hamiltonian, guess, largest=False,
/home/erosanow_hpc/informed_swapping/BARK.py:156: UserWarning: Exited postprocessing with accuracies 
[4.7926027e-09]
not reaching the requested tolerance 1e-09.
  values, vectors = lobpcg(projected_hamiltonian, guess, largest=False,
/home/erosanow_hpc/informed_swapping/BARK.py:156: UserWarning: Exited at iteration 50 with accuracies 
[5.47756135e-09]
not reaching the requested tolerance 1e-09.
Use iteration 51 instead with accuracy 
5.4775613451463005e-09.

  values, vectors = lobpcg(projected_hamiltonian, guess, largest=False,
/home/erosanow_hpc/informed_swapping/BARK.py:156: UserWarning: Exited postprocessing with accuracies 
[5.47756143e-09]
not reaching the requested tolerance 1e-09.
  values, vectors = lobpcg(projected_hamiltonian, guess, largest=False,
/home/erosanow_hpc/informed_swapping/BARK.py:156: UserWarning: Exited at iteration 50 with accuracies 
[7.1606594e-09]
not reaching the requested tolerance 1e-09.
Use iteration 51 instead with accuracy 
7.1606594012365955e-09.

  values, vectors = lobpcg(projected_hamiltonian, guess, largest=False,
/home/erosanow_hpc/informed_swapping/BARK.py:156: UserWarning: Exited postprocessing with accuracies 
[7.16065896e-09]
not reaching the requested tolerance 1e-09.
  values, vectors = lobpcg(projected_hamiltonian, guess, largest=False,
/home/erosanow_hpc/informed_swapping/BARK.py:156: UserWarning: Exited at iteration 50 with accuracies 
[5.52351389e-09]
not reaching the requested tolerance 1e-09.
Use iteration 51 instead with accuracy 
5.5235138891268325e-09.

  values, vectors = lobpcg(projected_hamiltonian, guess, largest=False,
/home/erosanow_hpc/informed_swapping/BARK.py:156: UserWarning: Exited postprocessing with accuracies 
[5.52351381e-09]
not reaching the requested tolerance 1e-09.
  values, vectors = lobpcg(projected_hamiltonian, guess, largest=False,
/home/erosanow_hpc/informed_swapping/BARK.py:156: UserWarning: Exited at iteration 50 with accuracies 
[8.65308873e-09]
not reaching the requested tolerance 1e-09.
Use iteration 51 instead with accuracy 
8.653088730882934e-09.

  values, vectors = lobpcg(projected_hamiltonian, guess, largest=False,
/home/erosanow_hpc/informed_swapping/BARK.py:156: UserWarning: Exited postprocessing with accuracies 
[8.6530886e-09]
not reaching the requested tolerance 1e-09.
  values, vectors = lobpcg(projected_hamiltonian, guess, largest=False,
/home/erosanow_hpc/informed_swapping/BARK.py:156: UserWarning: Exited at iteration 50 with accuracies 
[9.4977604e-09]
not reaching the requested tolerance 1e-09.
Use iteration 51 instead with accuracy 
9.497760397126618e-09.

  values, vectors = lobpcg(projected_hamiltonian, guess, largest=False,
/home/erosanow_hpc/informed_swapping/BARK.py:156: UserWarning: Exited postprocessing with accuracies 
[9.49776026e-09]
not reaching the requested tolerance 1e-09.
  values, vectors = lobpcg(projected_hamiltonian, guess, largest=False,
/home/erosanow_hpc/informed_swapping/BARK.py:156: UserWarning: Exited at iteration 50 with accuracies 
[1.2556252e-08]
not reaching the requested tolerance 1e-09.
Use iteration 51 instead with accuracy 
1.2556251991876993e-08.

  values, vectors = lobpcg(projected_hamiltonian, guess, largest=False,
/home/erosanow_hpc/informed_swapping/BARK.py:156: UserWarning: Exited postprocessing with accuracies 
[1.25562519e-08]
not reaching the requested tolerance 1e-09.
  values, vectors = lobpcg(projected_hamiltonian, guess, largest=False,
/home/erosanow_hpc/informed_swapping/BARK.py:156: UserWarning: Exited at iteration 50 with accuracies 
[9.96065407e-09]
not reaching the requested tolerance 1e-09.
Use iteration 51 instead with accuracy 
9.960654073820483e-09.

  values, vectors = lobpcg(projected_hamiltonian, guess, largest=False,
/home/erosanow_hpc/informed_swapping/BARK.py:156: UserWarning: Exited postprocessing with accuracies 
[9.96065437e-09]
not reaching the requested tolerance 1e-09.
  values, vectors = lobpcg(projected_hamiltonian, guess, largest=False,
/home/erosanow_hpc/informed_swapping/BARK.py:156: UserWarning: Exited at iteration 50 with accuracies 
[1.46344396e-08]
not reaching the requested tolerance 1e-09.
Use iteration 51 instead with accuracy 
1.4634439586311517e-08.

  values, vectors = lobpcg(projected_hamiltonian, guess, largest=False,
/home/erosanow_hpc/informed_swapping/BARK.py:156: UserWarning: Exited postprocessing with accuracies 
[1.46344392e-08]
not reaching the requested tolerance 1e-09.
  values, vectors = lobpcg(projected_hamiltonian, guess, largest=False,
/home/erosanow_hpc/informed_swapping/BARK.py:156: UserWarning: Exited at iteration 50 with accuracies 
[1.63740606e-08]
not reaching the requested tolerance 1e-09.
Use iteration 51 instead with accuracy 
1.6374060641301976e-08.

  values, vectors = lobpcg(projected_hamiltonian, guess, largest=False,
/home/erosanow_hpc/informed_swapping/BARK.py:156: UserWarning: Exited postprocessing with accuracies 
[1.63740601e-08]
not reaching the requested tolerance 1e-09.
  values, vectors = lobpcg(projected_hamiltonian, guess, largest=False,
/home/erosanow_hpc/informed_swapping/BARK.py:156: UserWarning: Exited at iteration 50 with accuracies 
[2.05832437e-08]
not reaching the requested tolerance 1e-09.
Use iteration 51 instead with accuracy 
2.058324373445138e-08.

  values, vectors = lobpcg(projected_hamiltonian, guess, largest=False,
/home/erosanow_hpc/informed_swapping/BARK.py:156: UserWarning: Exited postprocessing with accuracies 
[2.05832436e-08]
not reaching the requested tolerance 1e-09.
  values, vectors = lobpcg(projected_hamiltonian, guess, largest=False,
/home/erosanow_hpc/informed_swapping/BARK.py:156: UserWarning: Exited at iteration 50 with accuracies 
[1.6238718e-08]
not reaching the requested tolerance 1e-09.
Use iteration 51 instead with accuracy 
1.62387180157978e-08.

  values, vectors = lobpcg(projected_hamiltonian, guess, largest=False,
/home/erosanow_hpc/informed_swapping/BARK.py:156: UserWarning: Exited postprocessing with accuracies 
[1.62387177e-08]
not reaching the requested tolerance 1e-09.
  values, vectors = lobpcg(projected_hamiltonian, guess, largest=False,
/home/erosanow_hpc/informed_swapping/BARK.py:156: UserWarning: Exited at iteration 50 with accuracies 
[2.43954743e-08]
not reaching the requested tolerance 1e-09.
Use iteration 51 instead with accuracy 
2.4395474283090005e-08.

  values, vectors = lobpcg(projected_hamiltonian, guess, largest=False,
/home/erosanow_hpc/informed_swapping/BARK.py:156: UserWarning: Exited postprocessing with accuracies 
[2.43954744e-08]
not reaching the requested tolerance 1e-09.
  values, vectors = lobpcg(projected_hamiltonian, guess, largest=False,
/home/erosanow_hpc/informed_swapping/BARK.py:156: UserWarning: Exited at iteration 50 with accuracies 
[2.66063519e-08]
not reaching the requested tolerance 1e-09.
Use iteration 51 instead with accuracy 
2.6606351908934158e-08.

  values, vectors = lobpcg(projected_hamiltonian, guess, largest=False,
/home/erosanow_hpc/informed_swapping/BARK.py:156: UserWarning: Exited postprocessing with accuracies 
[2.66063523e-08]
not reaching the requested tolerance 1e-09.
  values, vectors = lobpcg(projected_hamiltonian, guess, largest=False,
/home/erosanow_hpc/informed_swapping/BARK.py:156: UserWarning: Exited at iteration 50 with accuracies 
[3.42082404e-08]
not reaching the requested tolerance 1e-09.
Use iteration 51 instead with accuracy 
3.420824043496377e-08.

  values, vectors = lobpcg(projected_hamiltonian, guess, largest=False,
/home/erosanow_hpc/informed_swapping/BARK.py:156: UserWarning: Exited postprocessing with accuracies 
[3.42082403e-08]
not reaching the requested tolerance 1e-09.
  values, vectors = lobpcg(projected_hamiltonian, guess, largest=False,
/home/erosanow_hpc/informed_swapping/BARK.py:156: UserWarning: Exited at iteration 50 with accuracies 
[1.69953778e-08]
not reaching the requested tolerance 1e-09.
Use iteration 51 instead with accuracy 
1.699537778655583e-08.

  values, vectors = lobpcg(projected_hamiltonian, guess, largest=False,
/home/erosanow_hpc/informed_swapping/BARK.py:156: UserWarning: Exited postprocessing with accuracies 
[1.69953778e-08]
not reaching the requested tolerance 1e-09.
  values, vectors = lobpcg(projected_hamiltonian, guess, largest=False,
/home/erosanow_hpc/informed_swapping/BARK.py:156: UserWarning: Exited at iteration 50 with accuracies 
[2.51112248e-08]
not reaching the requested tolerance 1e-09.
Use iteration 51 instead with accuracy 
2.5111224798107544e-08.

  values, vectors = lobpcg(projected_hamiltonian, guess, largest=False,
/home/erosanow_hpc/informed_swapping/BARK.py:156: UserWarning: Exited postprocessing with accuracies 
[2.51112246e-08]
not reaching the requested tolerance 1e-09.
  values, vectors = lobpcg(projected_hamiltonian, guess, largest=False,
/home/erosanow_hpc/informed_swapping/BARK.py:156: UserWarning: Exited at iteration 50 with accuracies 
[2.95402474e-08]
not reaching the requested tolerance 1e-09.
Use iteration 51 instead with accuracy 
2.9540247402121068e-08.

  values, vectors = lobpcg(projected_hamiltonian, guess, largest=False,
/home/erosanow_hpc/informed_swapping/BARK.py:156: UserWarning: Exited postprocessing with accuracies 
[2.95402473e-08]
not reaching the requested tolerance 1e-09.
  values, vectors = lobpcg(projected_hamiltonian, guess, largest=False,
/home/erosanow_hpc/informed_swapping/BARK.py:156: UserWarning: Exited at iteration 50 with accuracies 
[3.74487757e-08]
not reaching the requested tolerance 1e-09.
Use iteration 51 instead with accuracy 
3.744877572843096e-08.

  values, vectors = lobpcg(projected_hamiltonian, guess, largest=False,
/home/erosanow_hpc/informed_swapping/BARK.py:156: UserWarning: Exited postprocessing with accuracies 
[3.74487753e-08]
not reaching the requested tolerance 1e-09.
  values, vectors = lobpcg(projected_hamiltonian, guess, largest=False,
/home/erosanow_hpc/informed_swapping/BARK.py:156: UserWarning: Exited at iteration 50 with accuracies 
[2.73992501e-08]
not reaching the requested tolerance 1e-09.
Use iteration 51 instead with accuracy 
2.7399250078553008e-08.

  values, vectors = lobpcg(projected_hamiltonian, guess, largest=False,
/home/erosanow_hpc/informed_swapping/BARK.py:156: UserWarning: Exited postprocessing with accuracies 
[2.739925e-08]
not reaching the requested tolerance 1e-09.
  values, vectors = lobpcg(projected_hamiltonian, guess, largest=False,
/home/erosanow_hpc/informed_swapping/BARK.py:156: UserWarning: Exited at iteration 50 with accuracies 
[4.12780912e-08]
not reaching the requested tolerance 1e-09.
Use iteration 51 instead with accuracy 
4.127809120326813e-08.

  values, vectors = lobpcg(projected_hamiltonian, guess, largest=False,
/home/erosanow_hpc/informed_swapping/BARK.py:156: UserWarning: Exited postprocessing with accuracies 
[4.12780913e-08]
not reaching the requested tolerance 1e-09.
  values, vectors = lobpcg(projected_hamiltonian, guess, largest=False,
/home/erosanow_hpc/informed_swapping/BARK.py:156: UserWarning: Exited at iteration 50 with accuracies 
[4.69236007e-08]
not reaching the requested tolerance 1e-09.
Use iteration 51 instead with accuracy 
4.692360073698674e-08.

  values, vectors = lobpcg(projected_hamiltonian, guess, largest=False,
/home/erosanow_hpc/informed_swapping/BARK.py:156: UserWarning: Exited postprocessing with accuracies 
[4.69236007e-08]
not reaching the requested tolerance 1e-09.
  values, vectors = lobpcg(projected_hamiltonian, guess, largest=False,
/home/erosanow_hpc/informed_swapping/BARK.py:156: UserWarning: Exited at iteration 50 with accuracies 
[6.08327838e-08]
not reaching the requested tolerance 1e-09.
Use iteration 51 instead with accuracy 
6.083278381096041e-08.

  values, vectors = lobpcg(projected_hamiltonian, guess, largest=False,
/home/erosanow_hpc/informed_swapping/BARK.py:156: UserWarning: Exited postprocessing with accuracies 
[6.08327839e-08]
not reaching the requested tolerance 1e-09.
  values, vectors = lobpcg(projected_hamiltonian, guess, largest=False,
/home/erosanow_hpc/informed_swapping/BARK.py:156: UserWarning: Exited at iteration 50 with accuracies 
[1.23646301e-08]
not reaching the requested tolerance 1e-09.
Use iteration 51 instead with accuracy 
1.2364630145579076e-08.

  values, vectors = lobpcg(projected_hamiltonian, guess, largest=False,
/home/erosanow_hpc/informed_swapping/BARK.py:156: UserWarning: Exited postprocessing with accuracies 
[1.23646301e-08]
not reaching the requested tolerance 1e-09.
  values, vectors = lobpcg(projected_hamiltonian, guess, largest=False,
/home/erosanow_hpc/informed_swapping/BARK.py:156: UserWarning: Exited at iteration 50 with accuracies 
[1.81062777e-08]
not reaching the requested tolerance 1e-09.
Use iteration 51 instead with accuracy 
1.810627767489308e-08.

  values, vectors = lobpcg(projected_hamiltonian, guess, largest=False,
/home/erosanow_hpc/informed_swapping/BARK.py:156: UserWarning: Exited postprocessing with accuracies 
[1.81062778e-08]
not reaching the requested tolerance 1e-09.
  values, vectors = lobpcg(projected_hamiltonian, guess, largest=False,
/home/erosanow_hpc/informed_swapping/BARK.py:156: UserWarning: Exited at iteration 50 with accuracies 
[2.04587767e-08]
not reaching the requested tolerance 1e-09.
Use iteration 51 instead with accuracy 
2.0458776676686442e-08.

  values, vectors = lobpcg(projected_hamiltonian, guess, largest=False,
/home/erosanow_hpc/informed_swapping/BARK.py:156: UserWarning: Exited postprocessing with accuracies 
[2.04587766e-08]
not reaching the requested tolerance 1e-09.
  values, vectors = lobpcg(projected_hamiltonian, guess, largest=False,
/home/erosanow_hpc/informed_swapping/BARK.py:156: UserWarning: Exited at iteration 50 with accuracies 
[2.55334098e-08]
not reaching the requested tolerance 1e-09.
Use iteration 51 instead with accuracy 
2.5533409820643307e-08.

  values, vectors = lobpcg(projected_hamiltonian, guess, largest=False,
/home/erosanow_hpc/informed_swapping/BARK.py:156: UserWarning: Exited postprocessing with accuracies 
[2.55334094e-08]
not reaching the requested tolerance 1e-09.
  values, vectors = lobpcg(projected_hamiltonian, guess, largest=False,
/home/erosanow_hpc/informed_swapping/BARK.py:156: UserWarning: Exited at iteration 50 with accuracies 
[2.00929937e-08]
not reaching the requested tolerance 1e-09.
Use iteration 51 instead with accuracy 
2.0092993681964293e-08.

  values, vectors = lobpcg(projected_hamiltonian, guess, largest=False,
/home/erosanow_hpc/informed_swapping/BARK.py:156: UserWarning: Exited postprocessing with accuracies 
[2.00929941e-08]
not reaching the requested tolerance 1e-09.
  values, vectors = lobpcg(projected_hamiltonian, guess, largest=False,
/home/erosanow_hpc/informed_swapping/BARK.py:156: UserWarning: Exited at iteration 50 with accuracies 
[2.98799571e-08]
not reaching the requested tolerance 1e-09.
Use iteration 51 instead with accuracy 
2.987995710156966e-08.

  values, vectors = lobpcg(projected_hamiltonian, guess, largest=False,
/home/erosanow_hpc/informed_swapping/BARK.py:156: UserWarning: Exited postprocessing with accuracies 
[2.98799572e-08]
not reaching the requested tolerance 1e-09.
  values, vectors = lobpcg(projected_hamiltonian, guess, largest=False,
/home/erosanow_hpc/informed_swapping/BARK.py:156: UserWarning: Exited at iteration 50 with accuracies 
[3.37250931e-08]
not reaching the requested tolerance 1e-09.
Use iteration 51 instead with accuracy 
3.37250931193294e-08.

  values, vectors = lobpcg(projected_hamiltonian, guess, largest=False,
/home/erosanow_hpc/informed_swapping/BARK.py:156: UserWarning: Exited postprocessing with accuracies 
[3.37250934e-08]
not reaching the requested tolerance 1e-09.
  values, vectors = lobpcg(projected_hamiltonian, guess, largest=False,
/home/erosanow_hpc/informed_swapping/BARK.py:156: UserWarning: Exited at iteration 50 with accuracies 
[4.30076663e-08]
not reaching the requested tolerance 1e-09.
Use iteration 51 instead with accuracy 
4.300766627628817e-08.

  values, vectors = lobpcg(projected_hamiltonian, guess, largest=False,
/home/erosanow_hpc/informed_swapping/BARK.py:156: UserWarning: Exited postprocessing with accuracies 
[4.3007667e-08]
not reaching the requested tolerance 1e-09.
  values, vectors = lobpcg(projected_hamiltonian, guess, largest=False,
/home/erosanow_hpc/informed_swapping/BARK.py:156: UserWarning: Exited at iteration 50 with accuracies 
[2.24802706e-08]
not reaching the requested tolerance 1e-09.
Use iteration 51 instead with accuracy 
2.2480270563306414e-08.

  values, vectors = lobpcg(projected_hamiltonian, guess, largest=False,
/home/erosanow_hpc/informed_swapping/BARK.py:156: UserWarning: Exited postprocessing with accuracies 
[2.24802704e-08]
not reaching the requested tolerance 1e-09.
  values, vectors = lobpcg(projected_hamiltonian, guess, largest=False,
/home/erosanow_hpc/informed_swapping/BARK.py:156: UserWarning: Exited at iteration 50 with accuracies 
[3.36784005e-08]
not reaching the requested tolerance 1e-09.
Use iteration 51 instead with accuracy 
3.3678400547590304e-08.

  values, vectors = lobpcg(projected_hamiltonian, guess, largest=False,
/home/erosanow_hpc/informed_swapping/BARK.py:156: UserWarning: Exited postprocessing with accuracies 
[3.36784005e-08]
not reaching the requested tolerance 1e-09.
  values, vectors = lobpcg(projected_hamiltonian, guess, largest=False,
/home/erosanow_hpc/informed_swapping/BARK.py:156: UserWarning: Exited at iteration 50 with accuracies 
[3.75643978e-08]
not reaching the requested tolerance 1e-09.
Use iteration 51 instead with accuracy 
3.7564397758571965e-08.

  values, vectors = lobpcg(projected_hamiltonian, guess, largest=False,
/home/erosanow_hpc/informed_swapping/BARK.py:156: UserWarning: Exited postprocessing with accuracies 
[3.75643976e-08]
not reaching the requested tolerance 1e-09.
  values, vectors = lobpcg(projected_hamiltonian, guess, largest=False,
/home/erosanow_hpc/informed_swapping/BARK.py:156: UserWarning: Exited at iteration 50 with accuracies 
[4.83383157e-08]
not reaching the requested tolerance 1e-09.
Use iteration 51 instead with accuracy 
4.833831573645278e-08.

  values, vectors = lobpcg(projected_hamiltonian, guess, largest=False,
/home/erosanow_hpc/informed_swapping/BARK.py:156: UserWarning: Exited postprocessing with accuracies 
[4.83383157e-08]
not reaching the requested tolerance 1e-09.
  values, vectors = lobpcg(projected_hamiltonian, guess, largest=False,
/home/erosanow_hpc/informed_swapping/BARK.py:156: UserWarning: Exited at iteration 50 with accuracies 
[3.66878304e-08]
not reaching the requested tolerance 1e-09.
Use iteration 51 instead with accuracy 
3.6687830383183725e-08.

  values, vectors = lobpcg(projected_hamiltonian, guess, largest=False,
/home/erosanow_hpc/informed_swapping/BARK.py:156: UserWarning: Exited postprocessing with accuracies 
[3.66878303e-08]
not reaching the requested tolerance 1e-09.
  values, vectors = lobpcg(projected_hamiltonian, guess, largest=False,
/home/erosanow_hpc/informed_swapping/BARK.py:156: UserWarning: Exited at iteration 50 with accuracies 
[5.61785011e-08]
not reaching the requested tolerance 1e-09.
Use iteration 51 instead with accuracy 
5.6178501125080514e-08.

  values, vectors = lobpcg(projected_hamiltonian, guess, largest=False,
/home/erosanow_hpc/informed_swapping/BARK.py:156: UserWarning: Exited postprocessing with accuracies 
[5.61785009e-08]
not reaching the requested tolerance 1e-09.
  values, vectors = lobpcg(projected_hamiltonian, guess, largest=False,
/home/erosanow_hpc/informed_swapping/BARK.py:156: UserWarning: Exited at iteration 50 with accuracies 
[6.20035932e-08]
not reaching the requested tolerance 1e-09.
Use iteration 51 instead with accuracy 
6.200359319941111e-08.

  values, vectors = lobpcg(projected_hamiltonian, guess, largest=False,
/home/erosanow_hpc/informed_swapping/BARK.py:156: UserWarning: Exited postprocessing with accuracies 
[6.20035931e-08]
not reaching the requested tolerance 1e-09.
  values, vectors = lobpcg(projected_hamiltonian, guess, largest=False,
/home/erosanow_hpc/informed_swapping/BARK.py:156: UserWarning: Exited at iteration 50 with accuracies 
[8.19050827e-08]
not reaching the requested tolerance 1e-09.
Use iteration 51 instead with accuracy 
8.190508265046186e-08.

  values, vectors = lobpcg(projected_hamiltonian, guess, largest=False,
/home/erosanow_hpc/informed_swapping/BARK.py:156: UserWarning: Exited postprocessing with accuracies 
[8.1905083e-08]
not reaching the requested tolerance 1e-09.
  values, vectors = lobpcg(projected_hamiltonian, guess, largest=False,
/home/erosanow_hpc/informed_swapping/BARK.py:156: UserWarning: Exited at iteration 50 with accuracies 
[1.14846262e-08]
not reaching the requested tolerance 1e-09.
Use iteration 51 instead with accuracy 
1.148462619340657e-08.

  values, vectors = lobpcg(projected_hamiltonian, guess, largest=False,
/home/erosanow_hpc/informed_swapping/BARK.py:156: UserWarning: Exited postprocessing with accuracies 
[1.14846261e-08]
not reaching the requested tolerance 1e-09.
  values, vectors = lobpcg(projected_hamiltonian, guess, largest=False,
/home/erosanow_hpc/informed_swapping/BARK.py:156: UserWarning: Exited at iteration 50 with accuracies 
[1.84089724e-08]
not reaching the requested tolerance 1e-09.
Use iteration 51 instead with accuracy 
1.8408972418338962e-08.

  values, vectors = lobpcg(projected_hamiltonian, guess, largest=False,
/home/erosanow_hpc/informed_swapping/BARK.py:156: UserWarning: Exited postprocessing with accuracies 
[1.84089722e-08]
not reaching the requested tolerance 1e-09.
  values, vectors = lobpcg(projected_hamiltonian, guess, largest=False,
/home/erosanow_hpc/informed_swapping/BARK.py:156: UserWarning: Exited at iteration 50 with accuracies 
[2.09558851e-08]
not reaching the requested tolerance 1e-09.
Use iteration 51 instead with accuracy 
2.095588507663998e-08.

  values, vectors = lobpcg(projected_hamiltonian, guess, largest=False,
/home/erosanow_hpc/informed_swapping/BARK.py:156: UserWarning: Exited postprocessing with accuracies 
[2.0955885e-08]
not reaching the requested tolerance 1e-09.
  values, vectors = lobpcg(projected_hamiltonian, guess, largest=False,
/home/erosanow_hpc/informed_swapping/BARK.py:156: UserWarning: Exited at iteration 50 with accuracies 
[2.71909859e-08]
not reaching the requested tolerance 1e-09.
Use iteration 51 instead with accuracy 
2.719098591935311e-08.

  values, vectors = lobpcg(projected_hamiltonian, guess, largest=False,
/home/erosanow_hpc/informed_swapping/BARK.py:156: UserWarning: Exited postprocessing with accuracies 
[2.71909863e-08]
not reaching the requested tolerance 1e-09.
  values, vectors = lobpcg(projected_hamiltonian, guess, largest=False,
/home/erosanow_hpc/informed_swapping/BARK.py:156: UserWarning: Exited at iteration 50 with accuracies 
[2.29160096e-08]
not reaching the requested tolerance 1e-09.
Use iteration 51 instead with accuracy 
2.2916009572742865e-08.

  values, vectors = lobpcg(projected_hamiltonian, guess, largest=False,
/home/erosanow_hpc/informed_swapping/BARK.py:156: UserWarning: Exited postprocessing with accuracies 
[2.29160092e-08]
not reaching the requested tolerance 1e-09.
  values, vectors = lobpcg(projected_hamiltonian, guess, largest=False,
/home/erosanow_hpc/informed_swapping/BARK.py:156: UserWarning: Exited at iteration 50 with accuracies 
[3.63091153e-08]
not reaching the requested tolerance 1e-09.
Use iteration 51 instead with accuracy 
3.630911528676846e-08.

  values, vectors = lobpcg(projected_hamiltonian, guess, largest=False,
/home/erosanow_hpc/informed_swapping/BARK.py:156: UserWarning: Exited postprocessing with accuracies 
[3.63091152e-08]
not reaching the requested tolerance 1e-09.
  values, vectors = lobpcg(projected_hamiltonian, guess, largest=False,
/home/erosanow_hpc/informed_swapping/BARK.py:156: UserWarning: Exited at iteration 50 with accuracies 
[3.91917037e-08]
not reaching the requested tolerance 1e-09.
Use iteration 51 instead with accuracy 
3.9191703725155394e-08.

  values, vectors = lobpcg(projected_hamiltonian, guess, largest=False,
/home/erosanow_hpc/informed_swapping/BARK.py:156: UserWarning: Exited postprocessing with accuracies 
[3.91917034e-08]
not reaching the requested tolerance 1e-09.
  values, vectors = lobpcg(projected_hamiltonian, guess, largest=False,
/home/erosanow_hpc/informed_swapping/BARK.py:156: UserWarning: Exited at iteration 50 with accuracies 
[5.30726037e-08]
not reaching the requested tolerance 1e-09.
Use iteration 51 instead with accuracy 
5.307260370686776e-08.

  values, vectors = lobpcg(projected_hamiltonian, guess, largest=False,
/home/erosanow_hpc/informed_swapping/BARK.py:156: UserWarning: Exited postprocessing with accuracies 
[5.30726036e-08]
not reaching the requested tolerance 1e-09.
  values, vectors = lobpcg(projected_hamiltonian, guess, largest=False,
/home/erosanow_hpc/informed_swapping/BARK.py:156: UserWarning: Exited at iteration 50 with accuracies 
[2.52988455e-08]
not reaching the requested tolerance 1e-09.
Use iteration 51 instead with accuracy 
2.5298845548376665e-08.

  values, vectors = lobpcg(projected_hamiltonian, guess, largest=False,
/home/erosanow_hpc/informed_swapping/BARK.py:156: UserWarning: Exited postprocessing with accuracies 
[2.52988451e-08]
not reaching the requested tolerance 1e-09.
  values, vectors = lobpcg(projected_hamiltonian, guess, largest=False,
/home/erosanow_hpc/informed_swapping/BARK.py:156: UserWarning: Exited at iteration 50 with accuracies 
[3.92904685e-08]
not reaching the requested tolerance 1e-09.
Use iteration 51 instead with accuracy 
3.929046854141036e-08.

  values, vectors = lobpcg(projected_hamiltonian, guess, largest=False,
/home/erosanow_hpc/informed_swapping/BARK.py:156: UserWarning: Exited postprocessing with accuracies 
[3.92904683e-08]
not reaching the requested tolerance 1e-09.
  values, vectors = lobpcg(projected_hamiltonian, guess, largest=False,
/home/erosanow_hpc/informed_swapping/BARK.py:156: UserWarning: Exited at iteration 50 with accuracies 
[4.71309708e-08]
not reaching the requested tolerance 1e-09.
Use iteration 51 instead with accuracy 
4.7130970815879e-08.

  values, vectors = lobpcg(projected_hamiltonian, guess, largest=False,
/home/erosanow_hpc/informed_swapping/BARK.py:156: UserWarning: Exited postprocessing with accuracies 
[4.71309709e-08]
not reaching the requested tolerance 1e-09.
  values, vectors = lobpcg(projected_hamiltonian, guess, largest=False,
/home/erosanow_hpc/informed_swapping/BARK.py:156: UserWarning: Exited at iteration 50 with accuracies 
[6.33666459e-08]
not reaching the requested tolerance 1e-09.
Use iteration 51 instead with accuracy 
6.33666459443889e-08.

  values, vectors = lobpcg(projected_hamiltonian, guess, largest=False,
/home/erosanow_hpc/informed_swapping/BARK.py:156: UserWarning: Exited postprocessing with accuracies 
[6.33666463e-08]
not reaching the requested tolerance 1e-09.
  values, vectors = lobpcg(projected_hamiltonian, guess, largest=False,
/home/erosanow_hpc/informed_swapping/BARK.py:156: UserWarning: Exited at iteration 50 with accuracies 
[5.17656878e-08]
not reaching the requested tolerance 1e-09.
Use iteration 51 instead with accuracy 
5.176568777412474e-08.

  values, vectors = lobpcg(projected_hamiltonian, guess, largest=False,
/home/erosanow_hpc/informed_swapping/BARK.py:156: UserWarning: Exited postprocessing with accuracies 
[5.17656876e-08]
not reaching the requested tolerance 1e-09.
  values, vectors = lobpcg(projected_hamiltonian, guess, largest=False,
/home/erosanow_hpc/informed_swapping/BARK.py:156: UserWarning: Exited at iteration 50 with accuracies 
[8.63898068e-08]
not reaching the requested tolerance 1e-09.
Use iteration 51 instead with accuracy 
8.638980678479394e-08.

  values, vectors = lobpcg(projected_hamiltonian, guess, largest=False,
/home/erosanow_hpc/informed_swapping/BARK.py:156: UserWarning: Exited postprocessing with accuracies 
[8.63898072e-08]
not reaching the requested tolerance 1e-09.
  values, vectors = lobpcg(projected_hamiltonian, guess, largest=False,
/home/erosanow_hpc/informed_swapping/BARK.py:156: UserWarning: Exited at iteration 50 with accuracies 
[9.48222533e-08]
not reaching the requested tolerance 1e-09.
Use iteration 51 instead with accuracy 
9.482225326570167e-08.

  values, vectors = lobpcg(projected_hamiltonian, guess, largest=False,
/home/erosanow_hpc/informed_swapping/BARK.py:156: UserWarning: Exited postprocessing with accuracies 
[9.48222536e-08]
not reaching the requested tolerance 1e-09.
  values, vectors = lobpcg(projected_hamiltonian, guess, largest=False,
/home/erosanow_hpc/informed_swapping/BARK.py:156: UserWarning: Exited at iteration 50 with accuracies 
[1.34710702e-07]
not reaching the requested tolerance 1e-09.
Use iteration 51 instead with accuracy 
1.3471070153807805e-07.

  values, vectors = lobpcg(projected_hamiltonian, guess, largest=False,
/home/erosanow_hpc/informed_swapping/BARK.py:156: UserWarning: Exited postprocessing with accuracies 
[1.34710702e-07]
not reaching the requested tolerance 1e-09.
  values, vectors = lobpcg(projected_hamiltonian, guess, largest=False,
/home/erosanow_hpc/informed_swapping/BARK.py:156: UserWarning: Exited at iteration 50 with accuracies 
[1.71516843e-08]
not reaching the requested tolerance 1e-09.
Use iteration 51 instead with accuracy 
1.715168433163278e-08.

  values, vectors = lobpcg(projected_hamiltonian, guess, largest=False,
/home/erosanow_hpc/informed_swapping/BARK.py:156: UserWarning: Exited postprocessing with accuracies 
[1.71516837e-08]
not reaching the requested tolerance 1e-09.
  values, vectors = lobpcg(projected_hamiltonian, guess, largest=False,
/home/erosanow_hpc/informed_swapping/BARK.py:156: UserWarning: Exited at iteration 50 with accuracies 
[2.52475845e-08]
not reaching the requested tolerance 1e-09.
Use iteration 51 instead with accuracy 
2.5247584506579514e-08.

  values, vectors = lobpcg(projected_hamiltonian, guess, largest=False,
/home/erosanow_hpc/informed_swapping/BARK.py:156: UserWarning: Exited postprocessing with accuracies 
[2.52475846e-08]
not reaching the requested tolerance 1e-09.
  values, vectors = lobpcg(projected_hamiltonian, guess, largest=False,
/home/erosanow_hpc/informed_swapping/BARK.py:156: UserWarning: Exited at iteration 50 with accuracies 
[2.8383611e-08]
not reaching the requested tolerance 1e-09.
Use iteration 51 instead with accuracy 
2.8383611020277965e-08.

  values, vectors = lobpcg(projected_hamiltonian, guess, largest=False,
/home/erosanow_hpc/informed_swapping/BARK.py:156: UserWarning: Exited postprocessing with accuracies 
[2.83836111e-08]
not reaching the requested tolerance 1e-09.
  values, vectors = lobpcg(projected_hamiltonian, guess, largest=False,
/home/erosanow_hpc/informed_swapping/BARK.py:156: UserWarning: Exited at iteration 50 with accuracies 
[3.56696579e-08]
not reaching the requested tolerance 1e-09.
Use iteration 51 instead with accuracy 
3.566965785488297e-08.

  values, vectors = lobpcg(projected_hamiltonian, guess, largest=False,
/home/erosanow_hpc/informed_swapping/BARK.py:156: UserWarning: Exited postprocessing with accuracies 
[3.56696573e-08]
not reaching the requested tolerance 1e-09.
  values, vectors = lobpcg(projected_hamiltonian, guess, largest=False,
/home/erosanow_hpc/informed_swapping/BARK.py:156: UserWarning: Exited at iteration 50 with accuracies 
[2.91713055e-08]
not reaching the requested tolerance 1e-09.
Use iteration 51 instead with accuracy 
2.91713055220354e-08.

  values, vectors = lobpcg(projected_hamiltonian, guess, largest=False,
/home/erosanow_hpc/informed_swapping/BARK.py:156: UserWarning: Exited postprocessing with accuracies 
[2.91713055e-08]
not reaching the requested tolerance 1e-09.
  values, vectors = lobpcg(projected_hamiltonian, guess, largest=False,
/home/erosanow_hpc/informed_swapping/BARK.py:156: UserWarning: Exited at iteration 50 with accuracies 
[4.37328715e-08]
not reaching the requested tolerance 1e-09.
Use iteration 51 instead with accuracy 
4.373287149597889e-08.

  values, vectors = lobpcg(projected_hamiltonian, guess, largest=False,
/home/erosanow_hpc/informed_swapping/BARK.py:156: UserWarning: Exited postprocessing with accuracies 
[4.37328716e-08]
not reaching the requested tolerance 1e-09.
  values, vectors = lobpcg(projected_hamiltonian, guess, largest=False,
/home/erosanow_hpc/informed_swapping/BARK.py:156: UserWarning: Exited at iteration 50 with accuracies 
[4.58802416e-08]
not reaching the requested tolerance 1e-09.
Use iteration 51 instead with accuracy 
4.588024161152818e-08.

  values, vectors = lobpcg(projected_hamiltonian, guess, largest=False,
/home/erosanow_hpc/informed_swapping/BARK.py:156: UserWarning: Exited postprocessing with accuracies 
[4.5880242e-08]
not reaching the requested tolerance 1e-09.
  values, vectors = lobpcg(projected_hamiltonian, guess, largest=False,
/home/erosanow_hpc/informed_swapping/BARK.py:156: UserWarning: Exited at iteration 50 with accuracies 
[5.83844186e-08]
not reaching the requested tolerance 1e-09.
Use iteration 51 instead with accuracy 
5.838441864719183e-08.

  values, vectors = lobpcg(projected_hamiltonian, guess, largest=False,
/home/erosanow_hpc/informed_swapping/BARK.py:156: UserWarning: Exited postprocessing with accuracies 
[5.83844183e-08]
not reaching the requested tolerance 1e-09.
  values, vectors = lobpcg(projected_hamiltonian, guess, largest=False,
/home/erosanow_hpc/informed_swapping/BARK.py:156: UserWarning: Exited at iteration 50 with accuracies 
[2.91017577e-08]
not reaching the requested tolerance 1e-09.
Use iteration 51 instead with accuracy 
2.91017577323675e-08.

  values, vectors = lobpcg(projected_hamiltonian, guess, largest=False,
/home/erosanow_hpc/informed_swapping/BARK.py:156: UserWarning: Exited postprocessing with accuracies 
[2.91017577e-08]
not reaching the requested tolerance 1e-09.
  values, vectors = lobpcg(projected_hamiltonian, guess, largest=False,
/home/erosanow_hpc/informed_swapping/BARK.py:156: UserWarning: Exited at iteration 50 with accuracies 
[4.310113e-08]
not reaching the requested tolerance 1e-09.
Use iteration 51 instead with accuracy 
4.310112995531526e-08.

  values, vectors = lobpcg(projected_hamiltonian, guess, largest=False,
/home/erosanow_hpc/informed_swapping/BARK.py:156: UserWarning: Exited postprocessing with accuracies 
[4.31011302e-08]
not reaching the requested tolerance 1e-09.
  values, vectors = lobpcg(projected_hamiltonian, guess, largest=False,
/home/erosanow_hpc/informed_swapping/BARK.py:156: UserWarning: Exited at iteration 50 with accuracies 
[4.88591891e-08]
not reaching the requested tolerance 1e-09.
Use iteration 51 instead with accuracy 
4.885918912850804e-08.

  values, vectors = lobpcg(projected_hamiltonian, guess, largest=False,
/home/erosanow_hpc/informed_swapping/BARK.py:156: UserWarning: Exited postprocessing with accuracies 
[4.88591894e-08]
not reaching the requested tolerance 1e-09.
  values, vectors = lobpcg(projected_hamiltonian, guess, largest=False,
/home/erosanow_hpc/informed_swapping/BARK.py:156: UserWarning: Exited at iteration 50 with accuracies 
[6.20990132e-08]
not reaching the requested tolerance 1e-09.
Use iteration 51 instead with accuracy 
6.209901323452078e-08.

  values, vectors = lobpcg(projected_hamiltonian, guess, largest=False,
/home/erosanow_hpc/informed_swapping/BARK.py:156: UserWarning: Exited postprocessing with accuracies 
[6.20990137e-08]
not reaching the requested tolerance 1e-09.
  values, vectors = lobpcg(projected_hamiltonian, guess, largest=False,
/home/erosanow_hpc/informed_swapping/BARK.py:156: UserWarning: Exited at iteration 50 with accuracies 
[5.17604813e-08]
not reaching the requested tolerance 1e-09.
Use iteration 51 instead with accuracy 
5.17604812760813e-08.

  values, vectors = lobpcg(projected_hamiltonian, guess, largest=False,
/home/erosanow_hpc/informed_swapping/BARK.py:156: UserWarning: Exited postprocessing with accuracies 
[5.17604812e-08]
not reaching the requested tolerance 1e-09.
  values, vectors = lobpcg(projected_hamiltonian, guess, largest=False,
/home/erosanow_hpc/informed_swapping/BARK.py:156: UserWarning: Exited at iteration 50 with accuracies 
[7.91163922e-08]
not reaching the requested tolerance 1e-09.
Use iteration 51 instead with accuracy 
7.911639216038968e-08.

  values, vectors = lobpcg(projected_hamiltonian, guess, largest=False,
/home/erosanow_hpc/informed_swapping/BARK.py:156: UserWarning: Exited postprocessing with accuracies 
[7.91163925e-08]
not reaching the requested tolerance 1e-09.
  values, vectors = lobpcg(projected_hamiltonian, guess, largest=False,
/home/erosanow_hpc/informed_swapping/BARK.py:156: UserWarning: Exited at iteration 50 with accuracies 
[8.33854958e-08]
not reaching the requested tolerance 1e-09.
Use iteration 51 instead with accuracy 
8.33854958339016e-08.

  values, vectors = lobpcg(projected_hamiltonian, guess, largest=False,
/home/erosanow_hpc/informed_swapping/BARK.py:156: UserWarning: Exited postprocessing with accuracies 
[8.33854956e-08]
not reaching the requested tolerance 1e-09.
  values, vectors = lobpcg(projected_hamiltonian, guess, largest=False,
/home/erosanow_hpc/informed_swapping/BARK.py:156: UserWarning: Exited at iteration 50 with accuracies 
[1.08512214e-07]
not reaching the requested tolerance 1e-09.
Use iteration 51 instead with accuracy 
1.0851221416741215e-07.

  values, vectors = lobpcg(projected_hamiltonian, guess, largest=False,
/home/erosanow_hpc/informed_swapping/BARK.py:156: UserWarning: Exited postprocessing with accuracies 
[1.08512214e-07]
not reaching the requested tolerance 1e-09.
  values, vectors = lobpcg(projected_hamiltonian, guess, largest=False,
/home/erosanow_hpc/informed_swapping/BARK.py:156: UserWarning: Exited at iteration 50 with accuracies 
[1.68255861e-08]
not reaching the requested tolerance 1e-09.
Use iteration 51 instead with accuracy 
1.68255861174224e-08.

  values, vectors = lobpcg(projected_hamiltonian, guess, largest=False,
/home/erosanow_hpc/informed_swapping/BARK.py:156: UserWarning: Exited postprocessing with accuracies 
[1.68255859e-08]
not reaching the requested tolerance 1e-09.
  values, vectors = lobpcg(projected_hamiltonian, guess, largest=False,
/home/erosanow_hpc/informed_swapping/BARK.py:156: UserWarning: Exited at iteration 50 with accuracies 
[2.63005346e-08]
not reaching the requested tolerance 1e-09.
Use iteration 51 instead with accuracy 
2.630053457095778e-08.

  values, vectors = lobpcg(projected_hamiltonian, guess, largest=False,
/home/erosanow_hpc/informed_swapping/BARK.py:156: UserWarning: Exited postprocessing with accuracies 
[2.63005345e-08]
not reaching the requested tolerance 1e-09.
  values, vectors = lobpcg(projected_hamiltonian, guess, largest=False,
/home/erosanow_hpc/informed_swapping/BARK.py:156: UserWarning: Exited at iteration 50 with accuracies 
[3.03168029e-08]
not reaching the requested tolerance 1e-09.
Use iteration 51 instead with accuracy 
3.031680285486493e-08.

  values, vectors = lobpcg(projected_hamiltonian, guess, largest=False,
/home/erosanow_hpc/informed_swapping/BARK.py:156: UserWarning: Exited postprocessing with accuracies 
[3.03168027e-08]
not reaching the requested tolerance 1e-09.
  values, vectors = lobpcg(projected_hamiltonian, guess, largest=False,
/home/erosanow_hpc/informed_swapping/BARK.py:156: UserWarning: Exited at iteration 50 with accuracies 
[3.97547636e-08]
not reaching the requested tolerance 1e-09.
Use iteration 51 instead with accuracy 
3.975476358346038e-08.

  values, vectors = lobpcg(projected_hamiltonian, guess, largest=False,
/home/erosanow_hpc/informed_swapping/BARK.py:156: UserWarning: Exited postprocessing with accuracies 
[3.97547636e-08]
not reaching the requested tolerance 1e-09.
  values, vectors = lobpcg(projected_hamiltonian, guess, largest=False,
/home/erosanow_hpc/informed_swapping/BARK.py:156: UserWarning: Exited at iteration 50 with accuracies 
[3.15790914e-08]
not reaching the requested tolerance 1e-09.
Use iteration 51 instead with accuracy 
3.1579091400573025e-08.

  values, vectors = lobpcg(projected_hamiltonian, guess, largest=False,
/home/erosanow_hpc/informed_swapping/BARK.py:156: UserWarning: Exited postprocessing with accuracies 
[3.15790916e-08]
not reaching the requested tolerance 1e-09.
  values, vectors = lobpcg(projected_hamiltonian, guess, largest=False,
/home/erosanow_hpc/informed_swapping/BARK.py:156: UserWarning: Exited at iteration 50 with accuracies 
[5.03892968e-08]
not reaching the requested tolerance 1e-09.
Use iteration 51 instead with accuracy 
5.03892968403561e-08.

  values, vectors = lobpcg(projected_hamiltonian, guess, largest=False,
/home/erosanow_hpc/informed_swapping/BARK.py:156: UserWarning: Exited postprocessing with accuracies 
[5.03892966e-08]
not reaching the requested tolerance 1e-09.
  values, vectors = lobpcg(projected_hamiltonian, guess, largest=False,
/home/erosanow_hpc/informed_swapping/BARK.py:156: UserWarning: Exited at iteration 50 with accuracies 
[5.42660045e-08]
not reaching the requested tolerance 1e-09.
Use iteration 51 instead with accuracy 
5.426600452641268e-08.

  values, vectors = lobpcg(projected_hamiltonian, guess, largest=False,
/home/erosanow_hpc/informed_swapping/BARK.py:156: UserWarning: Exited postprocessing with accuracies 
[5.42660043e-08]
not reaching the requested tolerance 1e-09.
  values, vectors = lobpcg(projected_hamiltonian, guess, largest=False,
/home/erosanow_hpc/informed_swapping/BARK.py:156: UserWarning: Exited at iteration 50 with accuracies 
[7.26151766e-08]
not reaching the requested tolerance 1e-09.
Use iteration 51 instead with accuracy 
7.261517659411662e-08.

  values, vectors = lobpcg(projected_hamiltonian, guess, largest=False,
/home/erosanow_hpc/informed_swapping/BARK.py:156: UserWarning: Exited postprocessing with accuracies 
[7.26151767e-08]
not reaching the requested tolerance 1e-09.
  values, vectors = lobpcg(projected_hamiltonian, guess, largest=False,
/home/erosanow_hpc/informed_swapping/BARK.py:156: UserWarning: Exited at iteration 50 with accuracies 
[3.35073713e-08]
not reaching the requested tolerance 1e-09.
Use iteration 51 instead with accuracy 
3.350737133102461e-08.

  values, vectors = lobpcg(projected_hamiltonian, guess, largest=False,
/home/erosanow_hpc/informed_swapping/BARK.py:156: UserWarning: Exited postprocessing with accuracies 
[3.35073721e-08]
not reaching the requested tolerance 1e-09.
  values, vectors = lobpcg(projected_hamiltonian, guess, largest=False,
/home/erosanow_hpc/informed_swapping/BARK.py:156: UserWarning: Exited at iteration 50 with accuracies 
[5.32856937e-08]
not reaching the requested tolerance 1e-09.
Use iteration 51 instead with accuracy 
5.32856937261283e-08.

  values, vectors = lobpcg(projected_hamiltonian, guess, largest=False,
/home/erosanow_hpc/informed_swapping/BARK.py:156: UserWarning: Exited postprocessing with accuracies 
[5.32856943e-08]
not reaching the requested tolerance 1e-09.
  values, vectors = lobpcg(projected_hamiltonian, guess, largest=False,
/home/erosanow_hpc/informed_swapping/BARK.py:156: UserWarning: Exited at iteration 50 with accuracies 
[6.18678661e-08]
not reaching the requested tolerance 1e-09.
Use iteration 51 instead with accuracy 
6.186786608078882e-08.

  values, vectors = lobpcg(projected_hamiltonian, guess, largest=False,
/home/erosanow_hpc/informed_swapping/BARK.py:156: UserWarning: Exited postprocessing with accuracies 
[6.18678661e-08]
not reaching the requested tolerance 1e-09.
  values, vectors = lobpcg(projected_hamiltonian, guess, largest=False,
/home/erosanow_hpc/informed_swapping/BARK.py:156: UserWarning: Exited at iteration 50 with accuracies 
[8.38599955e-08]
not reaching the requested tolerance 1e-09.
Use iteration 51 instead with accuracy 
8.385999545820232e-08.

  values, vectors = lobpcg(projected_hamiltonian, guess, largest=False,
/home/erosanow_hpc/informed_swapping/BARK.py:156: UserWarning: Exited postprocessing with accuracies 
[8.38599955e-08]
not reaching the requested tolerance 1e-09.
  values, vectors = lobpcg(projected_hamiltonian, guess, largest=False,
/home/erosanow_hpc/informed_swapping/BARK.py:156: UserWarning: Exited at iteration 50 with accuracies 
[6.81605436e-08]
not reaching the requested tolerance 1e-09.
Use iteration 51 instead with accuracy 
6.816054360044037e-08.

  values, vectors = lobpcg(projected_hamiltonian, guess, largest=False,
/home/erosanow_hpc/informed_swapping/BARK.py:156: UserWarning: Exited postprocessing with accuracies 
[6.8160544e-08]
not reaching the requested tolerance 1e-09.
  values, vectors = lobpcg(projected_hamiltonian, guess, largest=False,
/home/erosanow_hpc/informed_swapping/BARK.py:156: UserWarning: Exited at iteration 50 with accuracies 
[1.12930154e-07]
not reaching the requested tolerance 1e-09.
Use iteration 51 instead with accuracy 
1.1293015396478586e-07.

  values, vectors = lobpcg(projected_hamiltonian, guess, largest=False,
/home/erosanow_hpc/informed_swapping/BARK.py:156: UserWarning: Exited postprocessing with accuracies 
[1.12930154e-07]
not reaching the requested tolerance 1e-09.
  values, vectors = lobpcg(projected_hamiltonian, guess, largest=False,
/home/erosanow_hpc/informed_swapping/BARK.py:156: UserWarning: Exited at iteration 50 with accuracies 
[1.23904467e-07]
not reaching the requested tolerance 1e-09.
Use iteration 51 instead with accuracy 
1.2390446653359597e-07.

  values, vectors = lobpcg(projected_hamiltonian, guess, largest=False,
/home/erosanow_hpc/informed_swapping/BARK.py:156: UserWarning: Exited postprocessing with accuracies 
[1.23904467e-07]
not reaching the requested tolerance 1e-09.
  values, vectors = lobpcg(projected_hamiltonian, guess, largest=False,
/home/erosanow_hpc/informed_swapping/BARK.py:156: UserWarning: Exited at iteration 50 with accuracies 
[1.8800703e-07]
not reaching the requested tolerance 1e-09.
Use iteration 51 instead with accuracy 
1.8800702958103347e-07.

  values, vectors = lobpcg(projected_hamiltonian, guess, largest=False,
/home/erosanow_hpc/informed_swapping/BARK.py:156: UserWarning: Exited postprocessing with accuracies 
[1.88007029e-07]
not reaching the requested tolerance 1e-09.
  values, vectors = lobpcg(projected_hamiltonian, guess, largest=False,
/home/erosanow_hpc/informed_swapping/BARK.py:156: UserWarning: Exited at iteration 50 with accuracies 
[2.63111497e-08]
not reaching the requested tolerance 1e-09.
Use iteration 51 instead with accuracy 
2.6311149676290985e-08.

  values, vectors = lobpcg(projected_hamiltonian, guess, largest=False,
/home/erosanow_hpc/informed_swapping/BARK.py:156: UserWarning: Exited postprocessing with accuracies 
[2.63111493e-08]
not reaching the requested tolerance 1e-09.
  values, vectors = lobpcg(projected_hamiltonian, guess, largest=False,
/home/erosanow_hpc/informed_swapping/BARK.py:156: UserWarning: Exited at iteration 50 with accuracies 
[4.15125155e-08]
not reaching the requested tolerance 1e-09.
Use iteration 51 instead with accuracy 
4.151251553680019e-08.

  values, vectors = lobpcg(projected_hamiltonian, guess, largest=False,
/home/erosanow_hpc/informed_swapping/BARK.py:156: UserWarning: Exited postprocessing with accuracies 
[4.15125153e-08]
not reaching the requested tolerance 1e-09.
  values, vectors = lobpcg(projected_hamiltonian, guess, largest=False,
/home/erosanow_hpc/informed_swapping/BARK.py:156: UserWarning: Exited at iteration 50 with accuracies 
[4.74888516e-08]
not reaching the requested tolerance 1e-09.
Use iteration 51 instead with accuracy 
4.7488851607441325e-08.

  values, vectors = lobpcg(projected_hamiltonian, guess, largest=False,
/home/erosanow_hpc/informed_swapping/BARK.py:156: UserWarning: Exited postprocessing with accuracies 
[4.74888518e-08]
not reaching the requested tolerance 1e-09.
  values, vectors = lobpcg(projected_hamiltonian, guess, largest=False,
/home/erosanow_hpc/informed_swapping/BARK.py:156: UserWarning: Exited at iteration 50 with accuracies 
[6.32417486e-08]
not reaching the requested tolerance 1e-09.
Use iteration 51 instead with accuracy 
6.324174855787572e-08.

  values, vectors = lobpcg(projected_hamiltonian, guess, largest=False,
/home/erosanow_hpc/informed_swapping/BARK.py:156: UserWarning: Exited postprocessing with accuracies 
[6.32417487e-08]
not reaching the requested tolerance 1e-09.
  values, vectors = lobpcg(projected_hamiltonian, guess, largest=False,
/home/erosanow_hpc/informed_swapping/BARK.py:156: UserWarning: Exited at iteration 50 with accuracies 
[5.09747938e-08]
not reaching the requested tolerance 1e-09.
Use iteration 51 instead with accuracy 
5.097479379625083e-08.

  values, vectors = lobpcg(projected_hamiltonian, guess, largest=False,
/home/erosanow_hpc/informed_swapping/BARK.py:156: UserWarning: Exited postprocessing with accuracies 
[5.09747936e-08]
not reaching the requested tolerance 1e-09.
  values, vectors = lobpcg(projected_hamiltonian, guess, largest=False,
/home/erosanow_hpc/informed_swapping/BARK.py:156: UserWarning: Exited at iteration 50 with accuracies 
[8.22222589e-08]
not reaching the requested tolerance 1e-09.
Use iteration 51 instead with accuracy 
8.222225893669161e-08.

  values, vectors = lobpcg(projected_hamiltonian, guess, largest=False,
/home/erosanow_hpc/informed_swapping/BARK.py:156: UserWarning: Exited postprocessing with accuracies 
[8.22222589e-08]
not reaching the requested tolerance 1e-09.
  values, vectors = lobpcg(projected_hamiltonian, guess, largest=False,
/home/erosanow_hpc/informed_swapping/BARK.py:156: UserWarning: Exited at iteration 50 with accuracies 
[8.8185766e-08]
not reaching the requested tolerance 1e-09.
Use iteration 51 instead with accuracy 
8.818576596568547e-08.

  values, vectors = lobpcg(projected_hamiltonian, guess, largest=False,
/home/erosanow_hpc/informed_swapping/BARK.py:156: UserWarning: Exited postprocessing with accuracies 
[8.81857659e-08]
not reaching the requested tolerance 1e-09.
  values, vectors = lobpcg(projected_hamiltonian, guess, largest=False,
/home/erosanow_hpc/informed_swapping/BARK.py:156: UserWarning: Exited at iteration 50 with accuracies 
[1.17507761e-07]
not reaching the requested tolerance 1e-09.
Use iteration 51 instead with accuracy 
1.1750776139551469e-07.

  values, vectors = lobpcg(projected_hamiltonian, guess, largest=False,
/home/erosanow_hpc/informed_swapping/BARK.py:156: UserWarning: Exited postprocessing with accuracies 
[1.17507762e-07]
not reaching the requested tolerance 1e-09.
  values, vectors = lobpcg(projected_hamiltonian, guess, largest=False,
/home/erosanow_hpc/informed_swapping/BARK.py:156: UserWarning: Exited at iteration 50 with accuracies 
[5.43813753e-08]
not reaching the requested tolerance 1e-09.
Use iteration 51 instead with accuracy 
5.43813753080611e-08.

  values, vectors = lobpcg(projected_hamiltonian, guess, largest=False,
/home/erosanow_hpc/informed_swapping/BARK.py:156: UserWarning: Exited postprocessing with accuracies 
[5.43813753e-08]
not reaching the requested tolerance 1e-09.
  values, vectors = lobpcg(projected_hamiltonian, guess, largest=False,
/home/erosanow_hpc/informed_swapping/BARK.py:156: UserWarning: Exited at iteration 50 with accuracies 
[8.54352316e-08]
not reaching the requested tolerance 1e-09.
Use iteration 51 instead with accuracy 
8.543523156013373e-08.

  values, vectors = lobpcg(projected_hamiltonian, guess, largest=False,
/home/erosanow_hpc/informed_swapping/BARK.py:156: UserWarning: Exited postprocessing with accuracies 
[8.54352317e-08]
not reaching the requested tolerance 1e-09.
  values, vectors = lobpcg(projected_hamiltonian, guess, largest=False,
/home/erosanow_hpc/informed_swapping/BARK.py:156: UserWarning: Exited at iteration 50 with accuracies 
[1.0222258e-07]
not reaching the requested tolerance 1e-09.
Use iteration 51 instead with accuracy 
1.0222257965126114e-07.

  values, vectors = lobpcg(projected_hamiltonian, guess, largest=False,
/home/erosanow_hpc/informed_swapping/BARK.py:156: UserWarning: Exited postprocessing with accuracies 
[1.02222579e-07]
not reaching the requested tolerance 1e-09.
  values, vectors = lobpcg(projected_hamiltonian, guess, largest=False,
/home/erosanow_hpc/informed_swapping/BARK.py:156: UserWarning: Exited at iteration 50 with accuracies 
[1.40504302e-07]
not reaching the requested tolerance 1e-09.
Use iteration 51 instead with accuracy 
1.4050430179455516e-07.

  values, vectors = lobpcg(projected_hamiltonian, guess, largest=False,
/home/erosanow_hpc/informed_swapping/BARK.py:156: UserWarning: Exited postprocessing with accuracies 
[1.40504302e-07]
not reaching the requested tolerance 1e-09.
  values, vectors = lobpcg(projected_hamiltonian, guess, largest=False,
/home/erosanow_hpc/informed_swapping/BARK.py:156: UserWarning: Exited at iteration 50 with accuracies 
[1.13175887e-07]
not reaching the requested tolerance 1e-09.
Use iteration 51 instead with accuracy 
1.1317588741377626e-07.

  values, vectors = lobpcg(projected_hamiltonian, guess, largest=False,
/home/erosanow_hpc/informed_swapping/BARK.py:156: UserWarning: Exited postprocessing with accuracies 
[1.13175888e-07]
not reaching the requested tolerance 1e-09.
  values, vectors = lobpcg(projected_hamiltonian, guess, largest=False,
/home/erosanow_hpc/informed_swapping/BARK.py:156: UserWarning: Exited at iteration 50 with accuracies 
[2.15358151e-07]
not reaching the requested tolerance 1e-09.
Use iteration 51 instead with accuracy 
2.1535815112897295e-07.

  values, vectors = lobpcg(projected_hamiltonian, guess, largest=False,
/home/erosanow_hpc/informed_swapping/BARK.py:156: UserWarning: Exited postprocessing with accuracies 
[2.15358151e-07]
not reaching the requested tolerance 1e-09.
  values, vectors = lobpcg(projected_hamiltonian, guess, largest=False,
/home/erosanow_hpc/informed_swapping/BARK.py:156: UserWarning: Exited at iteration 50 with accuracies 
[2.46865601e-07]
not reaching the requested tolerance 1e-09.
Use iteration 51 instead with accuracy 
2.46865601150639e-07.

  values, vectors = lobpcg(projected_hamiltonian, guess, largest=False,
/home/erosanow_hpc/informed_swapping/BARK.py:156: UserWarning: Exited postprocessing with accuracies 
[2.46865601e-07]
not reaching the requested tolerance 1e-09.
  values, vectors = lobpcg(projected_hamiltonian, guess, largest=False,
/home/erosanow_hpc/informed_swapping/BARK.py:156: UserWarning: Exited at iteration 50 with accuracies 
[3.75350897e-07]
not reaching the requested tolerance 1e-09.
Use iteration 51 instead with accuracy 
3.753508971838621e-07.

  values, vectors = lobpcg(projected_hamiltonian, guess, largest=False,
/home/erosanow_hpc/informed_swapping/BARK.py:156: UserWarning: Exited postprocessing with accuracies 
[3.75350897e-07]
not reaching the requested tolerance 1e-09.
  values, vectors = lobpcg(projected_hamiltonian, guess, largest=False,
/home/erosanow_hpc/informed_swapping/BARK.py:156: UserWarning: Exited at iteration 50 with accuracies 
[1.56429862e-07]
not reaching the requested tolerance 1e-09.
Use iteration 51 instead with accuracy 
1.5642986241663378e-07.

  values, vectors = lobpcg(projected_hamiltonian, guess, largest=False,
/home/erosanow_hpc/informed_swapping/BARK.py:156: UserWarning: Exited postprocessing with accuracies 
[1.56429863e-07]
not reaching the requested tolerance 1e-09.
  values, vectors = lobpcg(projected_hamiltonian, guess, largest=False,
/home/erosanow_hpc/informed_swapping/BARK.py:156: UserWarning: Exited at iteration 50 with accuracies 
[2.41739158e-07]
not reaching the requested tolerance 1e-09.
Use iteration 51 instead with accuracy 
2.417391578499687e-07.

  values, vectors = lobpcg(projected_hamiltonian, guess, largest=False,
/home/erosanow_hpc/informed_swapping/BARK.py:156: UserWarning: Exited postprocessing with accuracies 
[2.41739158e-07]
not reaching the requested tolerance 1e-09.
  values, vectors = lobpcg(projected_hamiltonian, guess, largest=False,
/home/erosanow_hpc/informed_swapping/BARK.py:156: UserWarning: Exited at iteration 50 with accuracies 
[2.86429449e-07]
not reaching the requested tolerance 1e-09.
Use iteration 51 instead with accuracy 
2.864294490238063e-07.

  values, vectors = lobpcg(projected_hamiltonian, guess, largest=False,
/home/erosanow_hpc/informed_swapping/BARK.py:156: UserWarning: Exited postprocessing with accuracies 
[2.86429449e-07]
not reaching the requested tolerance 1e-09.
  values, vectors = lobpcg(projected_hamiltonian, guess, largest=False,
/home/erosanow_hpc/informed_swapping/BARK.py:156: UserWarning: Exited at iteration 50 with accuracies 
[3.83474167e-07]
not reaching the requested tolerance 1e-09.
Use iteration 51 instead with accuracy 
3.834741671531912e-07.

  values, vectors = lobpcg(projected_hamiltonian, guess, largest=False,
/home/erosanow_hpc/informed_swapping/BARK.py:156: UserWarning: Exited postprocessing with accuracies 
[3.83474167e-07]
not reaching the requested tolerance 1e-09.
  values, vectors = lobpcg(projected_hamiltonian, guess, largest=False,
/home/erosanow_hpc/informed_swapping/BARK.py:156: UserWarning: Exited at iteration 50 with accuracies 
[3.14665721e-07]
not reaching the requested tolerance 1e-09.
Use iteration 51 instead with accuracy 
3.1466572058864744e-07.

  values, vectors = lobpcg(projected_hamiltonian, guess, largest=False,
/home/erosanow_hpc/informed_swapping/BARK.py:156: UserWarning: Exited postprocessing with accuracies 
[3.14665721e-07]
not reaching the requested tolerance 1e-09.
  values, vectors = lobpcg(projected_hamiltonian, guess, largest=False,
/home/erosanow_hpc/informed_swapping/BARK.py:156: UserWarning: Exited at iteration 50 with accuracies 
[5.11619942e-07]
not reaching the requested tolerance 1e-09.
Use iteration 51 instead with accuracy 
5.11619941740652e-07.

  values, vectors = lobpcg(projected_hamiltonian, guess, largest=False,
/home/erosanow_hpc/informed_swapping/BARK.py:156: UserWarning: Exited postprocessing with accuracies 
[5.11619942e-07]
not reaching the requested tolerance 1e-09.
  values, vectors = lobpcg(projected_hamiltonian, guess, largest=False,
/home/erosanow_hpc/informed_swapping/BARK.py:156: UserWarning: Exited at iteration 50 with accuracies 
[5.66290878e-07]
not reaching the requested tolerance 1e-09.
Use iteration 51 instead with accuracy 
5.662908782755547e-07.

  values, vectors = lobpcg(projected_hamiltonian, guess, largest=False,
/home/erosanow_hpc/informed_swapping/BARK.py:156: UserWarning: Exited postprocessing with accuracies 
[5.66290879e-07]
not reaching the requested tolerance 1e-09.
  values, vectors = lobpcg(projected_hamiltonian, guess, largest=False,
/home/erosanow_hpc/informed_swapping/BARK.py:156: UserWarning: Exited at iteration 50 with accuracies 
[6.41268485e-07]
not reaching the requested tolerance 1e-09.
Use iteration 51 instead with accuracy 
6.412684851704634e-07.

  values, vectors = lobpcg(projected_hamiltonian, guess, largest=False,
/home/erosanow_hpc/informed_swapping/BARK.py:156: UserWarning: Exited postprocessing with accuracies 
[6.41268486e-07]
not reaching the requested tolerance 1e-09.
  values, vectors = lobpcg(projected_hamiltonian, guess, largest=False,
/home/erosanow_hpc/informed_swapping/BARK.py:156: UserWarning: Exited at iteration 50 with accuracies 
[4.00733879e-07]
not reaching the requested tolerance 1e-09.
Use iteration 51 instead with accuracy 
4.007338793367921e-07.

  values, vectors = lobpcg(projected_hamiltonian, guess, largest=False,
/home/erosanow_hpc/informed_swapping/BARK.py:156: UserWarning: Exited postprocessing with accuracies 
[4.00733879e-07]
not reaching the requested tolerance 1e-09.
  values, vectors = lobpcg(projected_hamiltonian, guess, largest=False,
/home/erosanow_hpc/informed_swapping/BARK.py:156: UserWarning: Exited at iteration 50 with accuracies 
[5.00981511e-07]
not reaching the requested tolerance 1e-09.
Use iteration 51 instead with accuracy 
5.009815110907616e-07.

  values, vectors = lobpcg(projected_hamiltonian, guess, largest=False,
/home/erosanow_hpc/informed_swapping/BARK.py:156: UserWarning: Exited postprocessing with accuracies 
[5.00981511e-07]
not reaching the requested tolerance 1e-09.
  values, vectors = lobpcg(projected_hamiltonian, guess, largest=False,
/home/erosanow_hpc/informed_swapping/BARK.py:156: UserWarning: Exited at iteration 50 with accuracies 
[1.26604129e-09]
not reaching the requested tolerance 1e-09.
Use iteration 51 instead with accuracy 
1.2660412917740523e-09.

  values, vectors = lobpcg(projected_hamiltonian, guess, largest=False,
/home/erosanow_hpc/informed_swapping/BARK.py:156: UserWarning: Exited postprocessing with accuracies 
[1.26604142e-09]
not reaching the requested tolerance 1e-09.
  values, vectors = lobpcg(projected_hamiltonian, guess, largest=False,
/home/erosanow_hpc/informed_swapping/BARK.py:156: UserWarning: Exited at iteration 50 with accuracies 
[1.06989514e-09]
not reaching the requested tolerance 1e-09.
Use iteration 51 instead with accuracy 
1.0698951435821733e-09.

  values, vectors = lobpcg(projected_hamiltonian, guess, largest=False,
/home/erosanow_hpc/informed_swapping/BARK.py:156: UserWarning: Exited postprocessing with accuracies 
[1.06989534e-09]
not reaching the requested tolerance 1e-09.
  values, vectors = lobpcg(projected_hamiltonian, guess, largest=False,
/home/erosanow_hpc/informed_swapping/BARK.py:156: UserWarning: Exited at iteration 50 with accuracies 
[1.23744378e-09]
not reaching the requested tolerance 1e-09.
Use iteration 51 instead with accuracy 
1.2374437841248684e-09.

  values, vectors = lobpcg(projected_hamiltonian, guess, largest=False,
/home/erosanow_hpc/informed_swapping/BARK.py:156: UserWarning: Exited postprocessing with accuracies 
[1.23744403e-09]
not reaching the requested tolerance 1e-09.
  values, vectors = lobpcg(projected_hamiltonian, guess, largest=False,
/home/erosanow_hpc/informed_swapping/BARK.py:156: UserWarning: Exited at iteration 50 with accuracies 
[1.35496699e-09]
not reaching the requested tolerance 1e-09.
Use iteration 51 instead with accuracy 
1.354966986063089e-09.

  values, vectors = lobpcg(projected_hamiltonian, guess, largest=False,
/home/erosanow_hpc/informed_swapping/BARK.py:156: UserWarning: Exited postprocessing with accuracies 
[1.35496684e-09]
not reaching the requested tolerance 1e-09.
  values, vectors = lobpcg(projected_hamiltonian, guess, largest=False,
/home/erosanow_hpc/informed_swapping/BARK.py:156: UserWarning: Exited at iteration 50 with accuracies 
[1.67286877e-09]
not reaching the requested tolerance 1e-09.
Use iteration 51 instead with accuracy 
1.6728687665171326e-09.

  values, vectors = lobpcg(projected_hamiltonian, guess, largest=False,
/home/erosanow_hpc/informed_swapping/BARK.py:156: UserWarning: Exited postprocessing with accuracies 
[1.67286899e-09]
not reaching the requested tolerance 1e-09.
  values, vectors = lobpcg(projected_hamiltonian, guess, largest=False,
/home/erosanow_hpc/informed_swapping/BARK.py:156: UserWarning: Exited at iteration 50 with accuracies 
[1.04694398e-09]
not reaching the requested tolerance 1e-09.
Use iteration 51 instead with accuracy 
1.0469439781282487e-09.

  values, vectors = lobpcg(projected_hamiltonian, guess, largest=False,
/home/erosanow_hpc/informed_swapping/BARK.py:156: UserWarning: Exited postprocessing with accuracies 
[1.04694352e-09]
not reaching the requested tolerance 1e-09.
  values, vectors = lobpcg(projected_hamiltonian, guess, largest=False,
/home/erosanow_hpc/informed_swapping/BARK.py:156: UserWarning: Exited at iteration 50 with accuracies 
[1.37755152e-09]
not reaching the requested tolerance 1e-09.
Use iteration 51 instead with accuracy 
1.3775515248509443e-09.

  values, vectors = lobpcg(projected_hamiltonian, guess, largest=False,
/home/erosanow_hpc/informed_swapping/BARK.py:156: UserWarning: Exited postprocessing with accuracies 
[1.37755176e-09]
not reaching the requested tolerance 1e-09.
  values, vectors = lobpcg(projected_hamiltonian, guess, largest=False,
/home/erosanow_hpc/informed_swapping/BARK.py:156: UserWarning: Exited at iteration 50 with accuracies 
[1.41524858e-09]
not reaching the requested tolerance 1e-09.
Use iteration 51 instead with accuracy 
1.4152485843954191e-09.

  values, vectors = lobpcg(projected_hamiltonian, guess, largest=False,
/home/erosanow_hpc/informed_swapping/BARK.py:156: UserWarning: Exited postprocessing with accuracies 
[1.41524858e-09]
not reaching the requested tolerance 1e-09.
  values, vectors = lobpcg(projected_hamiltonian, guess, largest=False,
/home/erosanow_hpc/informed_swapping/BARK.py:156: UserWarning: Exited at iteration 50 with accuracies 
[2.02724721e-09]
not reaching the requested tolerance 1e-09.
Use iteration 51 instead with accuracy 
2.027247209685098e-09.

  values, vectors = lobpcg(projected_hamiltonian, guess, largest=False,
/home/erosanow_hpc/informed_swapping/BARK.py:156: UserWarning: Exited postprocessing with accuracies 
[2.02724705e-09]
not reaching the requested tolerance 1e-09.
  values, vectors = lobpcg(projected_hamiltonian, guess, largest=False,
/home/erosanow_hpc/informed_swapping/BARK.py:156: UserWarning: Exited at iteration 50 with accuracies 
[1.10425387e-09]
not reaching the requested tolerance 1e-09.
Use iteration 51 instead with accuracy 
1.104253871474563e-09.

  values, vectors = lobpcg(projected_hamiltonian, guess, largest=False,
/home/erosanow_hpc/informed_swapping/BARK.py:156: UserWarning: Exited postprocessing with accuracies 
[1.10425435e-09]
not reaching the requested tolerance 1e-09.
  values, vectors = lobpcg(projected_hamiltonian, guess, largest=False,
/home/erosanow_hpc/informed_swapping/BARK.py:156: UserWarning: Exited at iteration 50 with accuracies 
[1.0451888e-09]
not reaching the requested tolerance 1e-09.
Use iteration 51 instead with accuracy 
1.0451887963900194e-09.

  values, vectors = lobpcg(projected_hamiltonian, guess, largest=False,
/home/erosanow_hpc/informed_swapping/BARK.py:156: UserWarning: Exited postprocessing with accuracies 
[1.04518891e-09]
not reaching the requested tolerance 1e-09.
  values, vectors = lobpcg(projected_hamiltonian, guess, largest=False,
/home/erosanow_hpc/informed_swapping/BARK.py:156: UserWarning: Exited at iteration 50 with accuracies 
[1.196459e-09]
not reaching the requested tolerance 1e-09.
Use iteration 51 instead with accuracy 
1.1964590020949459e-09.

  values, vectors = lobpcg(projected_hamiltonian, guess, largest=False,
/home/erosanow_hpc/informed_swapping/BARK.py:156: UserWarning: Exited postprocessing with accuracies 
[1.19645918e-09]
not reaching the requested tolerance 1e-09.
  values, vectors = lobpcg(projected_hamiltonian, guess, largest=False,
/home/erosanow_hpc/informed_swapping/BARK.py:156: UserWarning: Exited at iteration 50 with accuracies 
[1.65579017e-09]
not reaching the requested tolerance 1e-09.
Use iteration 51 instead with accuracy 
1.6557901680719806e-09.

  values, vectors = lobpcg(projected_hamiltonian, guess, largest=False,
/home/erosanow_hpc/informed_swapping/BARK.py:156: UserWarning: Exited postprocessing with accuracies 
[1.6557897e-09]
not reaching the requested tolerance 1e-09.
  values, vectors = lobpcg(projected_hamiltonian, guess, largest=False,
/home/erosanow_hpc/informed_swapping/BARK.py:156: UserWarning: Exited at iteration 50 with accuracies 
[1.09184022e-09]
not reaching the requested tolerance 1e-09.
Use iteration 51 instead with accuracy 
1.0918402163460285e-09.

  values, vectors = lobpcg(projected_hamiltonian, guess, largest=False,
/home/erosanow_hpc/informed_swapping/BARK.py:156: UserWarning: Exited postprocessing with accuracies 
[1.0918401e-09]
not reaching the requested tolerance 1e-09.
  values, vectors = lobpcg(projected_hamiltonian, guess, largest=False,
/home/erosanow_hpc/informed_swapping/BARK.py:156: UserWarning: Exited at iteration 50 with accuracies 
[1.04147719e-09]
not reaching the requested tolerance 1e-09.
Use iteration 51 instead with accuracy 
1.0414771918981836e-09.

  values, vectors = lobpcg(projected_hamiltonian, guess, largest=False,
/home/erosanow_hpc/informed_swapping/BARK.py:156: UserWarning: Exited postprocessing with accuracies 
[1.04147707e-09]
not reaching the requested tolerance 1e-09.
  values, vectors = lobpcg(projected_hamiltonian, guess, largest=False,
/home/erosanow_hpc/informed_swapping/BARK.py:156: UserWarning: Exited at iteration 50 with accuracies 
[1.18516441e-09]
not reaching the requested tolerance 1e-09.
Use iteration 51 instead with accuracy 
1.1851644050102634e-09.

  values, vectors = lobpcg(projected_hamiltonian, guess, largest=False,
/home/erosanow_hpc/informed_swapping/BARK.py:156: UserWarning: Exited postprocessing with accuracies 
[1.18516422e-09]
not reaching the requested tolerance 1e-09.
  values, vectors = lobpcg(projected_hamiltonian, guess, largest=False,
/home/erosanow_hpc/informed_swapping/BARK.py:156: UserWarning: Exited at iteration 50 with accuracies 
[1.09135681e-09]
not reaching the requested tolerance 1e-09.
Use iteration 51 instead with accuracy 
1.0913568138945941e-09.

  values, vectors = lobpcg(projected_hamiltonian, guess, largest=False,
/home/erosanow_hpc/informed_swapping/BARK.py:156: UserWarning: Exited postprocessing with accuracies 
[1.09135654e-09]
not reaching the requested tolerance 1e-09.
  values, vectors = lobpcg(projected_hamiltonian, guess, largest=False,
/home/erosanow_hpc/informed_swapping/BARK.py:156: UserWarning: Exited at iteration 50 with accuracies 
[1.49440431e-09]
not reaching the requested tolerance 1e-09.
Use iteration 51 instead with accuracy 
1.4944043117621541e-09.

  values, vectors = lobpcg(projected_hamiltonian, guess, largest=False,
/home/erosanow_hpc/informed_swapping/BARK.py:156: UserWarning: Exited postprocessing with accuracies 
[1.49440423e-09]
not reaching the requested tolerance 1e-09.
  values, vectors = lobpcg(projected_hamiltonian, guess, largest=False,
/home/erosanow_hpc/informed_swapping/BARK.py:156: UserWarning: Exited at iteration 50 with accuracies 
[1.21292939e-09]
not reaching the requested tolerance 1e-09.
Use iteration 51 instead with accuracy 
1.2129293939240624e-09.

  values, vectors = lobpcg(projected_hamiltonian, guess, largest=False,
/home/erosanow_hpc/informed_swapping/BARK.py:156: UserWarning: Exited postprocessing with accuracies 
[1.21292941e-09]
not reaching the requested tolerance 1e-09.
  values, vectors = lobpcg(projected_hamiltonian, guess, largest=False,
/home/erosanow_hpc/informed_swapping/BARK.py:156: UserWarning: Exited at iteration 50 with accuracies 
[1.24258984e-09]
not reaching the requested tolerance 1e-09.
Use iteration 51 instead with accuracy 
1.242589836256624e-09.

  values, vectors = lobpcg(projected_hamiltonian, guess, largest=False,
/home/erosanow_hpc/informed_swapping/BARK.py:156: UserWarning: Exited postprocessing with accuracies 
[1.2425895e-09]
not reaching the requested tolerance 1e-09.
  values, vectors = lobpcg(projected_hamiltonian, guess, largest=False,
/home/erosanow_hpc/informed_swapping/BARK.py:156: UserWarning: Exited at iteration 50 with accuracies 
[1.31151478e-09]
not reaching the requested tolerance 1e-09.
Use iteration 51 instead with accuracy 
1.3115147827141797e-09.

  values, vectors = lobpcg(projected_hamiltonian, guess, largest=False,
/home/erosanow_hpc/informed_swapping/BARK.py:156: UserWarning: Exited postprocessing with accuracies 
[1.31151413e-09]
not reaching the requested tolerance 1e-09.
  values, vectors = lobpcg(projected_hamiltonian, guess, largest=False,
/home/erosanow_hpc/informed_swapping/BARK.py:156: UserWarning: Exited at iteration 50 with accuracies 
[1.87404005e-09]
not reaching the requested tolerance 1e-09.
Use iteration 51 instead with accuracy 
1.8740400479651393e-09.

  values, vectors = lobpcg(projected_hamiltonian, guess, largest=False,
/home/erosanow_hpc/informed_swapping/BARK.py:156: UserWarning: Exited postprocessing with accuracies 
[1.87403999e-09]
not reaching the requested tolerance 1e-09.
  values, vectors = lobpcg(projected_hamiltonian, guess, largest=False,
/home/erosanow_hpc/informed_swapping/BARK.py:156: UserWarning: Exited at iteration 50 with accuracies 
[1.0451856e-09]
not reaching the requested tolerance 1e-09.
Use iteration 51 instead with accuracy 
1.0451856049512395e-09.

  values, vectors = lobpcg(projected_hamiltonian, guess, largest=False,
/home/erosanow_hpc/informed_swapping/BARK.py:156: UserWarning: Exited postprocessing with accuracies 
[1.04518564e-09]
not reaching the requested tolerance 1e-09.
  values, vectors = lobpcg(projected_hamiltonian, guess, largest=False,
/home/erosanow_hpc/informed_swapping/BARK.py:156: UserWarning: Exited at iteration 50 with accuracies 
[1.19646113e-09]
not reaching the requested tolerance 1e-09.
Use iteration 51 instead with accuracy 
1.1964611345162363e-09.

  values, vectors = lobpcg(projected_hamiltonian, guess, largest=False,
/home/erosanow_hpc/informed_swapping/BARK.py:156: UserWarning: Exited postprocessing with accuracies 
[1.19646094e-09]
not reaching the requested tolerance 1e-09.
  values, vectors = lobpcg(projected_hamiltonian, guess, largest=False,
/home/erosanow_hpc/informed_swapping/BARK.py:156: UserWarning: Exited at iteration 50 with accuracies 
[1.65579014e-09]
not reaching the requested tolerance 1e-09.
Use iteration 51 instead with accuracy 
1.6557901368007722e-09.

  values, vectors = lobpcg(projected_hamiltonian, guess, largest=False,
/home/erosanow_hpc/informed_swapping/BARK.py:156: UserWarning: Exited postprocessing with accuracies 
[1.65578956e-09]
not reaching the requested tolerance 1e-09.
  values, vectors = lobpcg(projected_hamiltonian, guess, largest=False,
/home/erosanow_hpc/informed_swapping/BARK.py:156: UserWarning: Exited at iteration 50 with accuracies 
[1.09183743e-09]
not reaching the requested tolerance 1e-09.
Use iteration 51 instead with accuracy 
1.0918374250418903e-09.

  values, vectors = lobpcg(projected_hamiltonian, guess, largest=False,
/home/erosanow_hpc/informed_swapping/BARK.py:156: UserWarning: Exited postprocessing with accuracies 
[1.09183757e-09]
not reaching the requested tolerance 1e-09.
  values, vectors = lobpcg(projected_hamiltonian, guess, largest=False,
/home/erosanow_hpc/informed_swapping/BARK.py:156: UserWarning: Exited at iteration 50 with accuracies 
[1.04147689e-09]
not reaching the requested tolerance 1e-09.
Use iteration 51 instead with accuracy 
1.0414768890183132e-09.

  values, vectors = lobpcg(projected_hamiltonian, guess, largest=False,
/home/erosanow_hpc/informed_swapping/BARK.py:156: UserWarning: Exited postprocessing with accuracies 
[1.04147663e-09]
not reaching the requested tolerance 1e-09.
  values, vectors = lobpcg(projected_hamiltonian, guess, largest=False,
/home/erosanow_hpc/informed_swapping/BARK.py:156: UserWarning: Exited at iteration 50 with accuracies 
[1.18516568e-09]
not reaching the requested tolerance 1e-09.
Use iteration 51 instead with accuracy 
1.1851656796905213e-09.

  values, vectors = lobpcg(projected_hamiltonian, guess, largest=False,
/home/erosanow_hpc/informed_swapping/BARK.py:156: UserWarning: Exited postprocessing with accuracies 
[1.18516555e-09]
not reaching the requested tolerance 1e-09.
  values, vectors = lobpcg(projected_hamiltonian, guess, largest=False,
/home/erosanow_hpc/informed_swapping/BARK.py:156: UserWarning: Exited at iteration 50 with accuracies 
[1.09135681e-09]
not reaching the requested tolerance 1e-09.
Use iteration 51 instead with accuracy 
1.0913568104616202e-09.

  values, vectors = lobpcg(projected_hamiltonian, guess, largest=False,
/home/erosanow_hpc/informed_swapping/BARK.py:156: UserWarning: Exited postprocessing with accuracies 
[1.09135648e-09]
not reaching the requested tolerance 1e-09.
  values, vectors = lobpcg(projected_hamiltonian, guess, largest=False,
/home/erosanow_hpc/informed_swapping/BARK.py:156: UserWarning: Exited at iteration 50 with accuracies 
[1.49440657e-09]
not reaching the requested tolerance 1e-09.
Use iteration 51 instead with accuracy 
1.494406566367891e-09.

  values, vectors = lobpcg(projected_hamiltonian, guess, largest=False,
/home/erosanow_hpc/informed_swapping/BARK.py:156: UserWarning: Exited postprocessing with accuracies 
[1.49440709e-09]
not reaching the requested tolerance 1e-09.
  values, vectors = lobpcg(projected_hamiltonian, guess, largest=False,
/home/erosanow_hpc/informed_swapping/BARK.py:156: UserWarning: Exited at iteration 50 with accuracies 
[1.21292665e-09]
not reaching the requested tolerance 1e-09.
Use iteration 51 instead with accuracy 
1.2129266492069326e-09.

  values, vectors = lobpcg(projected_hamiltonian, guess, largest=False,
/home/erosanow_hpc/informed_swapping/BARK.py:156: UserWarning: Exited postprocessing with accuracies 
[1.21292628e-09]
not reaching the requested tolerance 1e-09.
  values, vectors = lobpcg(projected_hamiltonian, guess, largest=False,
/home/erosanow_hpc/informed_swapping/BARK.py:156: UserWarning: Exited at iteration 50 with accuracies 
[1.2425889e-09]
not reaching the requested tolerance 1e-09.
Use iteration 51 instead with accuracy 
1.242588898634469e-09.

  values, vectors = lobpcg(projected_hamiltonian, guess, largest=False,
/home/erosanow_hpc/informed_swapping/BARK.py:156: UserWarning: Exited postprocessing with accuracies 
[1.24258864e-09]
not reaching the requested tolerance 1e-09.
  values, vectors = lobpcg(projected_hamiltonian, guess, largest=False,
/home/erosanow_hpc/informed_swapping/BARK.py:156: UserWarning: Exited at iteration 50 with accuracies 
[1.31151606e-09]
not reaching the requested tolerance 1e-09.
Use iteration 51 instead with accuracy 
1.3115160584861981e-09.

  values, vectors = lobpcg(projected_hamiltonian, guess, largest=False,
/home/erosanow_hpc/informed_swapping/BARK.py:156: UserWarning: Exited postprocessing with accuracies 
[1.31151591e-09]
not reaching the requested tolerance 1e-09.
  values, vectors = lobpcg(projected_hamiltonian, guess, largest=False,
/home/erosanow_hpc/informed_swapping/BARK.py:156: UserWarning: Exited at iteration 50 with accuracies 
[1.87404046e-09]
not reaching the requested tolerance 1e-09.
Use iteration 51 instead with accuracy 
1.8740404620404993e-09.

  values, vectors = lobpcg(projected_hamiltonian, guess, largest=False,
/home/erosanow_hpc/informed_swapping/BARK.py:156: UserWarning: Exited postprocessing with accuracies 
[1.87404113e-09]
not reaching the requested tolerance 1e-09.
  values, vectors = lobpcg(projected_hamiltonian, guess, largest=False,
/home/erosanow_hpc/informed_swapping/BARK.py:156: UserWarning: Exited at iteration 50 with accuracies 
[1.1867918e-09]
not reaching the requested tolerance 1e-09.
Use iteration 51 instead with accuracy 
1.1867918038889344e-09.

  values, vectors = lobpcg(projected_hamiltonian, guess, largest=False,
/home/erosanow_hpc/informed_swapping/BARK.py:156: UserWarning: Exited postprocessing with accuracies 
[1.18679168e-09]
not reaching the requested tolerance 1e-09.
  values, vectors = lobpcg(projected_hamiltonian, guess, largest=False,
/home/erosanow_hpc/informed_swapping/BARK.py:156: UserWarning: Exited at iteration 50 with accuracies 
[1.11525557e-09]
not reaching the requested tolerance 1e-09.
Use iteration 51 instead with accuracy 
1.115255565122798e-09.

  values, vectors = lobpcg(projected_hamiltonian, guess, largest=False,
/home/erosanow_hpc/informed_swapping/BARK.py:156: UserWarning: Exited postprocessing with accuracies 
[1.11525528e-09]
not reaching the requested tolerance 1e-09.
  values, vectors = lobpcg(projected_hamiltonian, guess, largest=False,
/home/erosanow_hpc/informed_swapping/BARK.py:156: UserWarning: Exited at iteration 50 with accuracies 
[1.22839223e-09]
not reaching the requested tolerance 1e-09.
Use iteration 51 instead with accuracy 
1.2283922252607151e-09.

  values, vectors = lobpcg(projected_hamiltonian, guess, largest=False,
/home/erosanow_hpc/informed_swapping/BARK.py:156: UserWarning: Exited postprocessing with accuracies 
[1.22839265e-09]
not reaching the requested tolerance 1e-09.
  values, vectors = lobpcg(projected_hamiltonian, guess, largest=False,
/home/erosanow_hpc/informed_swapping/BARK.py:156: UserWarning: Exited at iteration 50 with accuracies 
[1.0784695e-09]
not reaching the requested tolerance 1e-09.
Use iteration 51 instead with accuracy 
1.0784694955935315e-09.

  values, vectors = lobpcg(projected_hamiltonian, guess, largest=False,
/home/erosanow_hpc/informed_swapping/BARK.py:156: UserWarning: Exited postprocessing with accuracies 
[1.0784691e-09]
not reaching the requested tolerance 1e-09.
  values, vectors = lobpcg(projected_hamiltonian, guess, largest=False,
/home/erosanow_hpc/informed_swapping/BARK.py:156: UserWarning: Exited at iteration 50 with accuracies 
[1.56170396e-09]
not reaching the requested tolerance 1e-09.
Use iteration 51 instead with accuracy 
1.5617039620173822e-09.

  values, vectors = lobpcg(projected_hamiltonian, guess, largest=False,
/home/erosanow_hpc/informed_swapping/BARK.py:156: UserWarning: Exited postprocessing with accuracies 
[1.56170419e-09]
not reaching the requested tolerance 1e-09.
  values, vectors = lobpcg(projected_hamiltonian, guess, largest=False,
/home/erosanow_hpc/informed_swapping/BARK.py:156: UserWarning: Exited at iteration 50 with accuracies 
[1.03604201e-09]
not reaching the requested tolerance 1e-09.
Use iteration 51 instead with accuracy 
1.036042011396036e-09.

  values, vectors = lobpcg(projected_hamiltonian, guess, largest=False,
/home/erosanow_hpc/informed_swapping/BARK.py:156: UserWarning: Exited postprocessing with accuracies 
[1.03604198e-09]
not reaching the requested tolerance 1e-09.
  values, vectors = lobpcg(projected_hamiltonian, guess, largest=False,
/home/erosanow_hpc/informed_swapping/BARK.py:156: UserWarning: Exited at iteration 50 with accuracies 
[1.18228484e-09]
not reaching the requested tolerance 1e-09.
Use iteration 51 instead with accuracy 
1.1822848387712274e-09.

  values, vectors = lobpcg(projected_hamiltonian, guess, largest=False,
/home/erosanow_hpc/informed_swapping/BARK.py:156: UserWarning: Exited postprocessing with accuracies 
[1.18228495e-09]
not reaching the requested tolerance 1e-09.
  values, vectors = lobpcg(projected_hamiltonian, guess, largest=False,
/home/erosanow_hpc/informed_swapping/BARK.py:156: UserWarning: Exited at iteration 50 with accuracies 
[1.27366925e-09]
not reaching the requested tolerance 1e-09.
Use iteration 51 instead with accuracy 
1.273669248588809e-09.

  values, vectors = lobpcg(projected_hamiltonian, guess, largest=False,
/home/erosanow_hpc/informed_swapping/BARK.py:156: UserWarning: Exited postprocessing with accuracies 
[1.27366854e-09]
not reaching the requested tolerance 1e-09.
  values, vectors = lobpcg(projected_hamiltonian, guess, largest=False,
/home/erosanow_hpc/informed_swapping/BARK.py:156: UserWarning: Exited at iteration 50 with accuracies 
[1.39621631e-09]
not reaching the requested tolerance 1e-09.
Use iteration 51 instead with accuracy 
1.396216308469779e-09.

  values, vectors = lobpcg(projected_hamiltonian, guess, largest=False,
/home/erosanow_hpc/informed_swapping/BARK.py:156: UserWarning: Exited postprocessing with accuracies 
[1.39621568e-09]
not reaching the requested tolerance 1e-09.
  values, vectors = lobpcg(projected_hamiltonian, guess, largest=False,
/home/erosanow_hpc/informed_swapping/BARK.py:156: UserWarning: Exited at iteration 50 with accuracies 
[1.63520839e-09]
not reaching the requested tolerance 1e-09.
Use iteration 51 instead with accuracy 
1.6352083940657958e-09.

  values, vectors = lobpcg(projected_hamiltonian, guess, largest=False,
/home/erosanow_hpc/informed_swapping/BARK.py:156: UserWarning: Exited postprocessing with accuracies 
[1.63520801e-09]
not reaching the requested tolerance 1e-09.
  values, vectors = lobpcg(projected_hamiltonian, guess, largest=False,
/home/erosanow_hpc/informed_swapping/BARK.py:156: UserWarning: Exited at iteration 50 with accuracies 
[1.18679382e-09]
not reaching the requested tolerance 1e-09.
Use iteration 51 instead with accuracy 
1.1867938222298277e-09.

  values, vectors = lobpcg(projected_hamiltonian, guess, largest=False,
/home/erosanow_hpc/informed_swapping/BARK.py:156: UserWarning: Exited postprocessing with accuracies 
[1.18679326e-09]
not reaching the requested tolerance 1e-09.
  values, vectors = lobpcg(projected_hamiltonian, guess, largest=False,
/home/erosanow_hpc/informed_swapping/BARK.py:156: UserWarning: Exited at iteration 50 with accuracies 
[1.11525527e-09]
not reaching the requested tolerance 1e-09.
Use iteration 51 instead with accuracy 
1.1152552665057124e-09.

  values, vectors = lobpcg(projected_hamiltonian, guess, largest=False,
/home/erosanow_hpc/informed_swapping/BARK.py:156: UserWarning: Exited postprocessing with accuracies 
[1.11525488e-09]
not reaching the requested tolerance 1e-09.
  values, vectors = lobpcg(projected_hamiltonian, guess, largest=False,
/home/erosanow_hpc/informed_swapping/BARK.py:156: UserWarning: Exited at iteration 50 with accuracies 
[1.22839342e-09]
not reaching the requested tolerance 1e-09.
Use iteration 51 instead with accuracy 
1.2283934177584357e-09.

  values, vectors = lobpcg(projected_hamiltonian, guess, largest=False,
/home/erosanow_hpc/informed_swapping/BARK.py:156: UserWarning: Exited postprocessing with accuracies 
[1.22839334e-09]
not reaching the requested tolerance 1e-09.
  values, vectors = lobpcg(projected_hamiltonian, guess, largest=False,
/home/erosanow_hpc/informed_swapping/BARK.py:156: UserWarning: Exited at iteration 50 with accuracies 
[1.07846983e-09]
not reaching the requested tolerance 1e-09.
Use iteration 51 instead with accuracy 
1.0784698257048402e-09.

  values, vectors = lobpcg(projected_hamiltonian, guess, largest=False,
/home/erosanow_hpc/informed_swapping/BARK.py:156: UserWarning: Exited postprocessing with accuracies 
[1.07846997e-09]
not reaching the requested tolerance 1e-09.
  values, vectors = lobpcg(projected_hamiltonian, guess, largest=False,
/home/erosanow_hpc/informed_swapping/BARK.py:156: UserWarning: Exited at iteration 50 with accuracies 
[1.5617018e-09]
not reaching the requested tolerance 1e-09.
Use iteration 51 instead with accuracy 
1.5617018032512117e-09.

  values, vectors = lobpcg(projected_hamiltonian, guess, largest=False,
/home/erosanow_hpc/informed_swapping/BARK.py:156: UserWarning: Exited postprocessing with accuracies 
[1.56170122e-09]
not reaching the requested tolerance 1e-09.
  values, vectors = lobpcg(projected_hamiltonian, guess, largest=False,
/home/erosanow_hpc/informed_swapping/BARK.py:156: UserWarning: Exited at iteration 50 with accuracies 
[1.03604096e-09]
not reaching the requested tolerance 1e-09.
Use iteration 51 instead with accuracy 
1.0360409615851707e-09.

  values, vectors = lobpcg(projected_hamiltonian, guess, largest=False,
/home/erosanow_hpc/informed_swapping/BARK.py:156: UserWarning: Exited postprocessing with accuracies 
[1.0360408e-09]
not reaching the requested tolerance 1e-09.
  values, vectors = lobpcg(projected_hamiltonian, guess, largest=False,
/home/erosanow_hpc/informed_swapping/BARK.py:156: UserWarning: Exited at iteration 50 with accuracies 
[1.18228574e-09]
not reaching the requested tolerance 1e-09.
Use iteration 51 instead with accuracy 
1.1822857358812968e-09.

  values, vectors = lobpcg(projected_hamiltonian, guess, largest=False,
/home/erosanow_hpc/informed_swapping/BARK.py:156: UserWarning: Exited postprocessing with accuracies 
[1.18228642e-09]
not reaching the requested tolerance 1e-09.
  values, vectors = lobpcg(projected_hamiltonian, guess, largest=False,
/home/erosanow_hpc/informed_swapping/BARK.py:156: UserWarning: Exited at iteration 50 with accuracies 
[1.27366921e-09]
not reaching the requested tolerance 1e-09.
Use iteration 51 instead with accuracy 
1.2736692065611976e-09.

  values, vectors = lobpcg(projected_hamiltonian, guess, largest=False,
/home/erosanow_hpc/informed_swapping/BARK.py:156: UserWarning: Exited postprocessing with accuracies 
[1.27366914e-09]
not reaching the requested tolerance 1e-09.
  values, vectors = lobpcg(projected_hamiltonian, guess, largest=False,
/home/erosanow_hpc/informed_swapping/BARK.py:156: UserWarning: Exited at iteration 50 with accuracies 
[1.39621594e-09]
not reaching the requested tolerance 1e-09.
Use iteration 51 instead with accuracy 
1.3962159350222416e-09.

  values, vectors = lobpcg(projected_hamiltonian, guess, largest=False,
/home/erosanow_hpc/informed_swapping/BARK.py:156: UserWarning: Exited postprocessing with accuracies 
[1.39621582e-09]
not reaching the requested tolerance 1e-09.
  values, vectors = lobpcg(projected_hamiltonian, guess, largest=False,
/home/erosanow_hpc/informed_swapping/BARK.py:156: UserWarning: Exited at iteration 50 with accuracies 
[1.63520883e-09]
not reaching the requested tolerance 1e-09.
Use iteration 51 instead with accuracy 
1.635208827117432e-09.

  values, vectors = lobpcg(projected_hamiltonian, guess, largest=False,
/home/erosanow_hpc/informed_swapping/BARK.py:156: UserWarning: Exited postprocessing with accuracies 
[1.63520835e-09]
not reaching the requested tolerance 1e-09.
  values, vectors = lobpcg(projected_hamiltonian, guess, largest=False,
[2026-08-30T11:41:04.003] error: *** JOB 27177952 ON node087 CANCELLED AT 2026-08-30T11:41:04 DUE TO TIME LIMIT ***
