/home/erosanow_hpc/informed_swapping/BARK.py:361: ComplexWarning: Casting complex values to real discards the imaginary part
  alpha, beta = float(alpha[0]), float(beta[0])
/home/erosanow_hpc/informed_swapping/BARK.py:163: UserWarning: Exited at iteration 50 with accuracies 
[2.06189584e-06]
not reaching the requested tolerance 1e-09.
Use iteration 51 instead with accuracy 
2.0618958355284185e-06.

  values, vectors = lobpcg(projected_hamiltonian, guess, largest=False,
/home/erosanow_hpc/informed_swapping/BARK.py:163: UserWarning: Exited postprocessing with accuracies 
[2.06189584e-06]
not reaching the requested tolerance 1e-09.
  values, vectors = lobpcg(projected_hamiltonian, guess, largest=False,
/home/erosanow_hpc/informed_swapping/BARK.py:163: UserWarning: Exited at iteration 50 with accuracies 
[2.35554264e-05]
not reaching the requested tolerance 1e-09.
Use iteration 49 instead with accuracy 
7.076386800320276e-06.

  values, vectors = lobpcg(projected_hamiltonian, guess, largest=False,
/home/erosanow_hpc/informed_swapping/BARK.py:163: UserWarning: Exited postprocessing with accuracies 
[7.07638683e-06]
not reaching the requested tolerance 1e-09.
  values, vectors = lobpcg(projected_hamiltonian, guess, largest=False,
/home/erosanow_hpc/informed_swapping/BARK.py:163: UserWarning: Exited at iteration 50 with accuracies 
[1.6430995e-06]
not reaching the requested tolerance 1e-09.
Use iteration 50 instead with accuracy 
9.400465258063702e-07.

  values, vectors = lobpcg(projected_hamiltonian, guess, largest=False,
/home/erosanow_hpc/informed_swapping/BARK.py:163: UserWarning: Exited postprocessing with accuracies 
[9.40046534e-07]
not reaching the requested tolerance 1e-09.
  values, vectors = lobpcg(projected_hamiltonian, guess, largest=False,
/home/erosanow_hpc/informed_swapping/BARK.py:163: UserWarning: Exited at iteration 50 with accuracies 
[1.07794653e-05]
not reaching the requested tolerance 1e-09.
Use iteration 51 instead with accuracy 
1.0779465343273085e-05.

  values, vectors = lobpcg(projected_hamiltonian, guess, largest=False,
/home/erosanow_hpc/informed_swapping/BARK.py:163: UserWarning: Exited postprocessing with accuracies 
[1.07794653e-05]
not reaching the requested tolerance 1e-09.
  values, vectors = lobpcg(projected_hamiltonian, guess, largest=False,
/home/erosanow_hpc/informed_swapping/BARK.py:163: UserWarning: Exited at iteration 50 with accuracies 
[5.34667131e-07]
not reaching the requested tolerance 1e-09.
Use iteration 51 instead with accuracy 
5.346671308482433e-07.

  values, vectors = lobpcg(projected_hamiltonian, guess, largest=False,
/home/erosanow_hpc/informed_swapping/BARK.py:163: UserWarning: Exited postprocessing with accuracies 
[5.34667132e-07]
not reaching the requested tolerance 1e-09.
  values, vectors = lobpcg(projected_hamiltonian, guess, largest=False,
/home/erosanow_hpc/informed_swapping/BARK.py:163: UserWarning: Exited at iteration 50 with accuracies 
[3.85776863e-05]
not reaching the requested tolerance 1e-09.
Use iteration 50 instead with accuracy 
1.7330808174570992e-05.

  values, vectors = lobpcg(projected_hamiltonian, guess, largest=False,
/home/erosanow_hpc/informed_swapping/BARK.py:163: UserWarning: Exited postprocessing with accuracies 
[1.73308082e-05]
not reaching the requested tolerance 1e-09.
  values, vectors = lobpcg(projected_hamiltonian, guess, largest=False,
/home/erosanow_hpc/informed_swapping/BARK.py:163: UserWarning: Exited at iteration 50 with accuracies 
[1.53296802e-07]
not reaching the requested tolerance 1e-09.
Use iteration 47 instead with accuracy 
9.086677498349533e-08.

  values, vectors = lobpcg(projected_hamiltonian, guess, largest=False,
/home/erosanow_hpc/informed_swapping/BARK.py:163: UserWarning: Exited postprocessing with accuracies 
[9.08667652e-08]
not reaching the requested tolerance 1e-09.
  values, vectors = lobpcg(projected_hamiltonian, guess, largest=False,
/home/erosanow_hpc/informed_swapping/BARK.py:163: UserWarning: Exited at iteration 50 with accuracies 
[2.91155709e-08]
not reaching the requested tolerance 1e-09.
Use iteration 47 instead with accuracy 
1.5111297834795363e-08.

  values, vectors = lobpcg(projected_hamiltonian, guess, largest=False,
/home/erosanow_hpc/informed_swapping/BARK.py:163: UserWarning: Exited postprocessing with accuracies 
[1.51112806e-08]
not reaching the requested tolerance 1e-09.
  values, vectors = lobpcg(projected_hamiltonian, guess, largest=False,
/home/erosanow_hpc/informed_swapping/BARK.py:163: UserWarning: Exited at iteration 50 with accuracies 
[8.18451567e-06]
not reaching the requested tolerance 1e-09.
Use iteration 51 instead with accuracy 
8.184515668928675e-06.

  values, vectors = lobpcg(projected_hamiltonian, guess, largest=False,
/home/erosanow_hpc/informed_swapping/BARK.py:163: UserWarning: Exited postprocessing with accuracies 
[8.18451567e-06]
not reaching the requested tolerance 1e-09.
  values, vectors = lobpcg(projected_hamiltonian, guess, largest=False,
/home/erosanow_hpc/informed_swapping/BARK.py:163: UserWarning: Exited at iteration 50 with accuracies 
[1.87795412e-08]
not reaching the requested tolerance 1e-09.
Use iteration 51 instead with accuracy 
1.87795412241101e-08.

  values, vectors = lobpcg(projected_hamiltonian, guess, largest=False,
/home/erosanow_hpc/informed_swapping/BARK.py:163: UserWarning: Exited postprocessing with accuracies 
[1.87795376e-08]
not reaching the requested tolerance 1e-09.
  values, vectors = lobpcg(projected_hamiltonian, guess, largest=False,
/home/erosanow_hpc/informed_swapping/BARK.py:163: UserWarning: Exited at iteration 50 with accuracies 
[5.74375554e-08]
not reaching the requested tolerance 1e-09.
Use iteration 51 instead with accuracy 
5.7437555379361707e-08.

  values, vectors = lobpcg(projected_hamiltonian, guess, largest=False,
/home/erosanow_hpc/informed_swapping/BARK.py:163: UserWarning: Exited postprocessing with accuracies 
[5.74375553e-08]
not reaching the requested tolerance 1e-09.
  values, vectors = lobpcg(projected_hamiltonian, guess, largest=False,
/home/erosanow_hpc/informed_swapping/BARK.py:163: UserWarning: Exited at iteration 50 with accuracies 
[2.63530444e-07]
not reaching the requested tolerance 1e-09.
Use iteration 51 instead with accuracy 
2.6353044407012093e-07.

  values, vectors = lobpcg(projected_hamiltonian, guess, largest=False,
/home/erosanow_hpc/informed_swapping/BARK.py:163: UserWarning: Exited postprocessing with accuracies 
[2.6353044e-07]
not reaching the requested tolerance 1e-09.
  values, vectors = lobpcg(projected_hamiltonian, guess, largest=False,
/home/erosanow_hpc/informed_swapping/BARK.py:163: UserWarning: Exited at iteration 50 with accuracies 
[3.87494501e-05]
not reaching the requested tolerance 1e-09.
Use iteration 48 instead with accuracy 
2.4022186001894203e-05.

  values, vectors = lobpcg(projected_hamiltonian, guess, largest=False,
/home/erosanow_hpc/informed_swapping/BARK.py:163: UserWarning: Exited postprocessing with accuracies 
[2.4022186e-05]
not reaching the requested tolerance 1e-09.
  values, vectors = lobpcg(projected_hamiltonian, guess, largest=False,
/home/erosanow_hpc/informed_swapping/BARK.py:163: UserWarning: Exited at iteration 50 with accuracies 
[1.04658097e-07]
not reaching the requested tolerance 1e-09.
Use iteration 51 instead with accuracy 
1.0465809730485672e-07.

  values, vectors = lobpcg(projected_hamiltonian, guess, largest=False,
/home/erosanow_hpc/informed_swapping/BARK.py:163: UserWarning: Exited postprocessing with accuracies 
[1.04658098e-07]
not reaching the requested tolerance 1e-09.
  values, vectors = lobpcg(projected_hamiltonian, guess, largest=False,
/home/erosanow_hpc/informed_swapping/BARK.py:163: UserWarning: Exited at iteration 50 with accuracies 
[4.88925953e-06]
not reaching the requested tolerance 1e-09.
Use iteration 50 instead with accuracy 
4.016631955720758e-06.

  values, vectors = lobpcg(projected_hamiltonian, guess, largest=False,
/home/erosanow_hpc/informed_swapping/BARK.py:163: UserWarning: Exited postprocessing with accuracies 
[4.01663195e-06]
not reaching the requested tolerance 1e-09.
  values, vectors = lobpcg(projected_hamiltonian, guess, largest=False,
/home/erosanow_hpc/informed_swapping/BARK.py:163: UserWarning: Exited at iteration 50 with accuracies 
[1.14572929e-07]
not reaching the requested tolerance 1e-09.
Use iteration 51 instead with accuracy 
1.1457292941178213e-07.

  values, vectors = lobpcg(projected_hamiltonian, guess, largest=False,
/home/erosanow_hpc/informed_swapping/BARK.py:163: UserWarning: Exited postprocessing with accuracies 
[1.14572936e-07]
not reaching the requested tolerance 1e-09.
  values, vectors = lobpcg(projected_hamiltonian, guess, largest=False,
/home/erosanow_hpc/informed_swapping/BARK.py:163: UserWarning: Exited at iteration 50 with accuracies 
[2.18676805e-06]
not reaching the requested tolerance 1e-09.
Use iteration 51 instead with accuracy 
2.186768049940372e-06.

  values, vectors = lobpcg(projected_hamiltonian, guess, largest=False,
/home/erosanow_hpc/informed_swapping/BARK.py:163: UserWarning: Exited postprocessing with accuracies 
[2.18676805e-06]
not reaching the requested tolerance 1e-09.
  values, vectors = lobpcg(projected_hamiltonian, guess, largest=False,
/home/erosanow_hpc/informed_swapping/BARK.py:163: UserWarning: Exited at iteration 50 with accuracies 
[1.81368906e-05]
not reaching the requested tolerance 1e-09.
Use iteration 48 instead with accuracy 
6.689901607936939e-06.

  values, vectors = lobpcg(projected_hamiltonian, guess, largest=False,
/home/erosanow_hpc/informed_swapping/BARK.py:163: UserWarning: Exited postprocessing with accuracies 
[6.68990157e-06]
not reaching the requested tolerance 1e-09.
  values, vectors = lobpcg(projected_hamiltonian, guess, largest=False,
/home/erosanow_hpc/informed_swapping/BARK.py:163: UserWarning: Exited at iteration 50 with accuracies 
[3.80504593e-06]
not reaching the requested tolerance 1e-09.
Use iteration 49 instead with accuracy 
9.654129601901618e-07.

  values, vectors = lobpcg(projected_hamiltonian, guess, largest=False,
/home/erosanow_hpc/informed_swapping/BARK.py:163: UserWarning: Exited postprocessing with accuracies 
[9.65412938e-07]
not reaching the requested tolerance 1e-09.
  values, vectors = lobpcg(projected_hamiltonian, guess, largest=False,
/home/erosanow_hpc/informed_swapping/BARK.py:163: UserWarning: Exited at iteration 50 with accuracies 
[7.70085225e-06]
not reaching the requested tolerance 1e-09.
Use iteration 51 instead with accuracy 
7.700852251351504e-06.

  values, vectors = lobpcg(projected_hamiltonian, guess, largest=False,
/home/erosanow_hpc/informed_swapping/BARK.py:163: UserWarning: Exited postprocessing with accuracies 
[7.70085225e-06]
not reaching the requested tolerance 1e-09.
  values, vectors = lobpcg(projected_hamiltonian, guess, largest=False,
/home/erosanow_hpc/informed_swapping/BARK.py:163: UserWarning: Exited at iteration 50 with accuracies 
[5.34175599e-07]
not reaching the requested tolerance 1e-09.
Use iteration 51 instead with accuracy 
5.341755989044027e-07.

  values, vectors = lobpcg(projected_hamiltonian, guess, largest=False,
/home/erosanow_hpc/informed_swapping/BARK.py:163: UserWarning: Exited postprocessing with accuracies 
[5.34175599e-07]
not reaching the requested tolerance 1e-09.
  values, vectors = lobpcg(projected_hamiltonian, guess, largest=False,
/home/erosanow_hpc/informed_swapping/BARK.py:163: UserWarning: Exited at iteration 50 with accuracies 
[3.64774358e-05]
not reaching the requested tolerance 1e-09.
Use iteration 50 instead with accuracy 
1.6393414635373654e-05.

  values, vectors = lobpcg(projected_hamiltonian, guess, largest=False,
/home/erosanow_hpc/informed_swapping/BARK.py:163: UserWarning: Exited postprocessing with accuracies 
[1.63934147e-05]
not reaching the requested tolerance 1e-09.
  values, vectors = lobpcg(projected_hamiltonian, guess, largest=False,
/home/erosanow_hpc/informed_swapping/BARK.py:163: UserWarning: Exited at iteration 50 with accuracies 
[4.92031078e-08]
not reaching the requested tolerance 1e-09.
Use iteration 51 instead with accuracy 
4.920310783933053e-08.

  values, vectors = lobpcg(projected_hamiltonian, guess, largest=False,
/home/erosanow_hpc/informed_swapping/BARK.py:163: UserWarning: Exited postprocessing with accuracies 
[4.9203108e-08]
not reaching the requested tolerance 1e-09.
  values, vectors = lobpcg(projected_hamiltonian, guess, largest=False,
/home/erosanow_hpc/informed_swapping/BARK.py:163: UserWarning: Exited at iteration 50 with accuracies 
[1.79032843e-09]
not reaching the requested tolerance 1e-09.
Use iteration 51 instead with accuracy 
1.790328427812808e-09.

  values, vectors = lobpcg(projected_hamiltonian, guess, largest=False,
/home/erosanow_hpc/informed_swapping/BARK.py:163: UserWarning: Exited postprocessing with accuracies 
[1.79031867e-09]
not reaching the requested tolerance 1e-09.
  values, vectors = lobpcg(projected_hamiltonian, guess, largest=False,
/home/erosanow_hpc/informed_swapping/BARK.py:163: UserWarning: Exited at iteration 50 with accuracies 
[6.07904806e-06]
not reaching the requested tolerance 1e-09.
Use iteration 51 instead with accuracy 
6.079048055217555e-06.

  values, vectors = lobpcg(projected_hamiltonian, guess, largest=False,
/home/erosanow_hpc/informed_swapping/BARK.py:163: UserWarning: Exited postprocessing with accuracies 
[6.07904805e-06]
not reaching the requested tolerance 1e-09.
  values, vectors = lobpcg(projected_hamiltonian, guess, largest=False,
/home/erosanow_hpc/informed_swapping/BARK.py:163: UserWarning: Exited at iteration 50 with accuracies 
[1.88939163e-08]
not reaching the requested tolerance 1e-09.
Use iteration 51 instead with accuracy 
1.889391625266474e-08.

  values, vectors = lobpcg(projected_hamiltonian, guess, largest=False,
/home/erosanow_hpc/informed_swapping/BARK.py:163: UserWarning: Exited postprocessing with accuracies 
[1.88939256e-08]
not reaching the requested tolerance 1e-09.
  values, vectors = lobpcg(projected_hamiltonian, guess, largest=False,
/home/erosanow_hpc/informed_swapping/BARK.py:163: UserWarning: Exited at iteration 50 with accuracies 
[7.30170646e-08]
not reaching the requested tolerance 1e-09.
Use iteration 47 instead with accuracy 
5.548922519833532e-08.

  values, vectors = lobpcg(projected_hamiltonian, guess, largest=False,
/home/erosanow_hpc/informed_swapping/BARK.py:163: UserWarning: Exited postprocessing with accuracies 
[5.54892518e-08]
not reaching the requested tolerance 1e-09.
  values, vectors = lobpcg(projected_hamiltonian, guess, largest=False,
/home/erosanow_hpc/informed_swapping/BARK.py:163: UserWarning: Exited at iteration 50 with accuracies 
[7.37170051e-07]
not reaching the requested tolerance 1e-09.
Use iteration 47 instead with accuracy 
5.986794814631716e-07.

  values, vectors = lobpcg(projected_hamiltonian, guess, largest=False,
/home/erosanow_hpc/informed_swapping/BARK.py:163: UserWarning: Exited postprocessing with accuracies 
[5.98679477e-07]
not reaching the requested tolerance 1e-09.
  values, vectors = lobpcg(projected_hamiltonian, guess, largest=False,
/home/erosanow_hpc/informed_swapping/BARK.py:163: UserWarning: Exited at iteration 50 with accuracies 
[2.12158979e-05]
not reaching the requested tolerance 1e-09.
Use iteration 51 instead with accuracy 
2.1215897884081087e-05.

  values, vectors = lobpcg(projected_hamiltonian, guess, largest=False,
/home/erosanow_hpc/informed_swapping/BARK.py:163: UserWarning: Exited postprocessing with accuracies 
[2.12158979e-05]
not reaching the requested tolerance 1e-09.
  values, vectors = lobpcg(projected_hamiltonian, guess, largest=False,
/home/erosanow_hpc/informed_swapping/BARK.py:163: UserWarning: Exited at iteration 50 with accuracies 
[1.47234962e-07]
not reaching the requested tolerance 1e-09.
Use iteration 51 instead with accuracy 
1.4723496177054299e-07.

  values, vectors = lobpcg(projected_hamiltonian, guess, largest=False,
/home/erosanow_hpc/informed_swapping/BARK.py:163: UserWarning: Exited postprocessing with accuracies 
[1.47234956e-07]
not reaching the requested tolerance 1e-09.
  values, vectors = lobpcg(projected_hamiltonian, guess, largest=False,
/home/erosanow_hpc/informed_swapping/BARK.py:163: UserWarning: Exited at iteration 50 with accuracies 
[3.65107393e-06]
not reaching the requested tolerance 1e-09.
Use iteration 51 instead with accuracy 
3.6510739327979596e-06.

  values, vectors = lobpcg(projected_hamiltonian, guess, largest=False,
/home/erosanow_hpc/informed_swapping/BARK.py:163: UserWarning: Exited postprocessing with accuracies 
[3.65107394e-06]
not reaching the requested tolerance 1e-09.
  values, vectors = lobpcg(projected_hamiltonian, guess, largest=False,
/home/erosanow_hpc/informed_swapping/BARK.py:163: UserWarning: Exited at iteration 50 with accuracies 
[2.18512821e-07]
not reaching the requested tolerance 1e-09.
Use iteration 51 instead with accuracy 
2.1851282061357563e-07.

  values, vectors = lobpcg(projected_hamiltonian, guess, largest=False,
/home/erosanow_hpc/informed_swapping/BARK.py:163: UserWarning: Exited postprocessing with accuracies 
[2.18512821e-07]
not reaching the requested tolerance 1e-09.
  values, vectors = lobpcg(projected_hamiltonian, guess, largest=False,
/home/erosanow_hpc/informed_swapping/BARK.py:163: UserWarning: Exited at iteration 50 with accuracies 
[2.18380428e-06]
not reaching the requested tolerance 1e-09.
Use iteration 51 instead with accuracy 
2.1838042792211147e-06.

  values, vectors = lobpcg(projected_hamiltonian, guess, largest=False,
/home/erosanow_hpc/informed_swapping/BARK.py:163: UserWarning: Exited postprocessing with accuracies 
[2.18380428e-06]
not reaching the requested tolerance 1e-09.
  values, vectors = lobpcg(projected_hamiltonian, guess, largest=False,
/home/erosanow_hpc/informed_swapping/BARK.py:163: UserWarning: Exited at iteration 50 with accuracies 
[9.24606561e-06]
not reaching the requested tolerance 1e-09.
Use iteration 47 instead with accuracy 
6.9920380339959315e-06.

  values, vectors = lobpcg(projected_hamiltonian, guess, largest=False,
/home/erosanow_hpc/informed_swapping/BARK.py:163: UserWarning: Exited postprocessing with accuracies 
[6.99203802e-06]
not reaching the requested tolerance 1e-09.
  values, vectors = lobpcg(projected_hamiltonian, guess, largest=False,
/home/erosanow_hpc/informed_swapping/BARK.py:163: UserWarning: Exited at iteration 50 with accuracies 
[4.10078538e-06]
not reaching the requested tolerance 1e-09.
Use iteration 49 instead with accuracy 
1.0219829555763776e-06.

  values, vectors = lobpcg(projected_hamiltonian, guess, largest=False,
/home/erosanow_hpc/informed_swapping/BARK.py:163: UserWarning: Exited postprocessing with accuracies 
[1.02198295e-06]
not reaching the requested tolerance 1e-09.
  values, vectors = lobpcg(projected_hamiltonian, guess, largest=False,
/home/erosanow_hpc/informed_swapping/BARK.py:163: UserWarning: Exited at iteration 50 with accuracies 
[1.15827797e-05]
not reaching the requested tolerance 1e-09.
Use iteration 51 instead with accuracy 
1.1582779650702724e-05.

  values, vectors = lobpcg(projected_hamiltonian, guess, largest=False,
/home/erosanow_hpc/informed_swapping/BARK.py:163: UserWarning: Exited postprocessing with accuracies 
[1.15827797e-05]
not reaching the requested tolerance 1e-09.
  values, vectors = lobpcg(projected_hamiltonian, guess, largest=False,
/home/erosanow_hpc/informed_swapping/BARK.py:163: UserWarning: Exited at iteration 50 with accuracies 
[6.19585379e-07]
not reaching the requested tolerance 1e-09.
Use iteration 51 instead with accuracy 
6.195853790030157e-07.

  values, vectors = lobpcg(projected_hamiltonian, guess, largest=False,
/home/erosanow_hpc/informed_swapping/BARK.py:163: UserWarning: Exited postprocessing with accuracies 
[6.19585375e-07]
not reaching the requested tolerance 1e-09.
  values, vectors = lobpcg(projected_hamiltonian, guess, largest=False,
/home/erosanow_hpc/informed_swapping/BARK.py:163: UserWarning: Exited at iteration 50 with accuracies 
[4.0719464e-05]
not reaching the requested tolerance 1e-09.
Use iteration 49 instead with accuracy 
1.5609961111524818e-05.

  values, vectors = lobpcg(projected_hamiltonian, guess, largest=False,
/home/erosanow_hpc/informed_swapping/BARK.py:163: UserWarning: Exited postprocessing with accuracies 
[1.56099611e-05]
not reaching the requested tolerance 1e-09.
  values, vectors = lobpcg(projected_hamiltonian, guess, largest=False,
/home/erosanow_hpc/informed_swapping/BARK.py:163: UserWarning: Exited at iteration 50 with accuracies 
[4.80940132e-08]
not reaching the requested tolerance 1e-09.
Use iteration 51 instead with accuracy 
4.809401319983321e-08.

  values, vectors = lobpcg(projected_hamiltonian, guess, largest=False,
/home/erosanow_hpc/informed_swapping/BARK.py:163: UserWarning: Exited postprocessing with accuracies 
[4.80940129e-08]
not reaching the requested tolerance 1e-09.
  values, vectors = lobpcg(projected_hamiltonian, guess, largest=False,
/home/erosanow_hpc/informed_swapping/BARK.py:163: UserWarning: Exited at iteration 50 with accuracies 
[1.78732342e-09]
not reaching the requested tolerance 1e-09.
Use iteration 51 instead with accuracy 
1.7873234207444267e-09.

  values, vectors = lobpcg(projected_hamiltonian, guess, largest=False,
/home/erosanow_hpc/informed_swapping/BARK.py:163: UserWarning: Exited postprocessing with accuracies 
[1.78730686e-09]
not reaching the requested tolerance 1e-09.
  values, vectors = lobpcg(projected_hamiltonian, guess, largest=False,
/home/erosanow_hpc/informed_swapping/BARK.py:163: UserWarning: Exited at iteration 50 with accuracies 
[6.04832918e-06]
not reaching the requested tolerance 1e-09.
Use iteration 51 instead with accuracy 
6.048329182448233e-06.

  values, vectors = lobpcg(projected_hamiltonian, guess, largest=False,
/home/erosanow_hpc/informed_swapping/BARK.py:163: UserWarning: Exited postprocessing with accuracies 
[6.04832919e-06]
not reaching the requested tolerance 1e-09.
  values, vectors = lobpcg(projected_hamiltonian, guess, largest=False,
/home/erosanow_hpc/informed_swapping/BARK.py:163: UserWarning: Exited at iteration 50 with accuracies 
[2.60438653e-08]
not reaching the requested tolerance 1e-09.
Use iteration 51 instead with accuracy 
2.604386525200363e-08.

  values, vectors = lobpcg(projected_hamiltonian, guess, largest=False,
/home/erosanow_hpc/informed_swapping/BARK.py:163: UserWarning: Exited postprocessing with accuracies 
[2.60438726e-08]
not reaching the requested tolerance 1e-09.
  values, vectors = lobpcg(projected_hamiltonian, guess, largest=False,
/home/erosanow_hpc/informed_swapping/BARK.py:163: UserWarning: Exited at iteration 50 with accuracies 
[3.46391045e-08]
not reaching the requested tolerance 1e-09.
Use iteration 51 instead with accuracy 
3.463910454628677e-08.

  values, vectors = lobpcg(projected_hamiltonian, guess, largest=False,
/home/erosanow_hpc/informed_swapping/BARK.py:163: UserWarning: Exited postprocessing with accuracies 
[3.46391022e-08]
not reaching the requested tolerance 1e-09.
  values, vectors = lobpcg(projected_hamiltonian, guess, largest=False,
/home/erosanow_hpc/informed_swapping/BARK.py:163: UserWarning: Exited at iteration 50 with accuracies 
[1.60675115e-07]
not reaching the requested tolerance 1e-09.
Use iteration 51 instead with accuracy 
1.6067511483459455e-07.

  values, vectors = lobpcg(projected_hamiltonian, guess, largest=False,
/home/erosanow_hpc/informed_swapping/BARK.py:163: UserWarning: Exited postprocessing with accuracies 
[1.60675121e-07]
not reaching the requested tolerance 1e-09.
  values, vectors = lobpcg(projected_hamiltonian, guess, largest=False,
/home/erosanow_hpc/informed_swapping/BARK.py:163: UserWarning: Exited at iteration 50 with accuracies 
[3.95378503e-05]
not reaching the requested tolerance 1e-09.
Use iteration 47 instead with accuracy 
2.945192269058455e-05.

  values, vectors = lobpcg(projected_hamiltonian, guess, largest=False,
/home/erosanow_hpc/informed_swapping/BARK.py:163: UserWarning: Exited postprocessing with accuracies 
[2.94519227e-05]
not reaching the requested tolerance 1e-09.
  values, vectors = lobpcg(projected_hamiltonian, guess, largest=False,
/home/erosanow_hpc/informed_swapping/BARK.py:163: UserWarning: Exited at iteration 50 with accuracies 
[1.49653253e-07]
not reaching the requested tolerance 1e-09.
Use iteration 51 instead with accuracy 
1.4965325316714931e-07.

  values, vectors = lobpcg(projected_hamiltonian, guess, largest=False,
/home/erosanow_hpc/informed_swapping/BARK.py:163: UserWarning: Exited postprocessing with accuracies 
[1.49653243e-07]
not reaching the requested tolerance 1e-09.
  values, vectors = lobpcg(projected_hamiltonian, guess, largest=False,
/home/erosanow_hpc/informed_swapping/BARK.py:163: UserWarning: Exited at iteration 50 with accuracies 
[4.60692655e-06]
not reaching the requested tolerance 1e-09.
Use iteration 50 instead with accuracy 
4.196847767436763e-06.

  values, vectors = lobpcg(projected_hamiltonian, guess, largest=False,
/home/erosanow_hpc/informed_swapping/BARK.py:163: UserWarning: Exited postprocessing with accuracies 
[4.19684777e-06]
not reaching the requested tolerance 1e-09.
  values, vectors = lobpcg(projected_hamiltonian, guess, largest=False,
/home/erosanow_hpc/informed_swapping/BARK.py:163: UserWarning: Exited at iteration 50 with accuracies 
[6.84124325e-05]
not reaching the requested tolerance 1e-09.
Use iteration 7 instead with accuracy 
4.597108416600591e-08.

  values, vectors = lobpcg(projected_hamiltonian, guess, largest=False,
/home/erosanow_hpc/informed_swapping/BARK.py:163: UserWarning: Exited postprocessing with accuracies 
[4.59710842e-08]
not reaching the requested tolerance 1e-09.
  values, vectors = lobpcg(projected_hamiltonian, guess, largest=False,
/home/erosanow_hpc/informed_swapping/BARK.py:163: UserWarning: Exited at iteration 50 with accuracies 
[7.81208055e-05]
not reaching the requested tolerance 1e-09.
Use iteration 12 instead with accuracy 
7.365975659177825e-08.

  values, vectors = lobpcg(projected_hamiltonian, guess, largest=False,
/home/erosanow_hpc/informed_swapping/BARK.py:163: UserWarning: Exited postprocessing with accuracies 
[7.36597566e-08]
not reaching the requested tolerance 1e-09.
  values, vectors = lobpcg(projected_hamiltonian, guess, largest=False,
/home/erosanow_hpc/informed_swapping/BARK.py:163: UserWarning: Exited at iteration 50 with accuracies 
[5.95514018e-05]
not reaching the requested tolerance 1e-09.
Use iteration 11 instead with accuracy 
6.429479652993431e-08.

  values, vectors = lobpcg(projected_hamiltonian, guess, largest=False,
/home/erosanow_hpc/informed_swapping/BARK.py:163: UserWarning: Exited postprocessing with accuracies 
[6.42947967e-08]
not reaching the requested tolerance 1e-09.
  values, vectors = lobpcg(projected_hamiltonian, guess, largest=False,
/home/erosanow_hpc/informed_swapping/BARK.py:163: UserWarning: Exited at iteration 50 with accuracies 
[7.78921071e-05]
not reaching the requested tolerance 1e-09.
Use iteration 8 instead with accuracy 
7.494815422305966e-08.

  values, vectors = lobpcg(projected_hamiltonian, guess, largest=False,
/home/erosanow_hpc/informed_swapping/BARK.py:163: UserWarning: Exited postprocessing with accuracies 
[7.49481542e-08]
not reaching the requested tolerance 1e-09.
  values, vectors = lobpcg(projected_hamiltonian, guess, largest=False,
/home/erosanow_hpc/informed_swapping/BARK.py:163: UserWarning: Exited at iteration 50 with accuracies 
[4.19807782e-05]
not reaching the requested tolerance 1e-09.
Use iteration 7 instead with accuracy 
5.7121563978747824e-08.

  values, vectors = lobpcg(projected_hamiltonian, guess, largest=False,
/home/erosanow_hpc/informed_swapping/BARK.py:163: UserWarning: Exited postprocessing with accuracies 
[5.71215639e-08]
not reaching the requested tolerance 1e-09.
  values, vectors = lobpcg(projected_hamiltonian, guess, largest=False,
/home/erosanow_hpc/informed_swapping/BARK.py:163: UserWarning: Exited at iteration 50 with accuracies 
[4.79596493e-05]
not reaching the requested tolerance 1e-09.
Use iteration 9 instead with accuracy 
6.432873602747963e-08.

  values, vectors = lobpcg(projected_hamiltonian, guess, largest=False,
/home/erosanow_hpc/informed_swapping/BARK.py:163: UserWarning: Exited postprocessing with accuracies 
[6.4328736e-08]
not reaching the requested tolerance 1e-09.
  values, vectors = lobpcg(projected_hamiltonian, guess, largest=False,
/home/erosanow_hpc/informed_swapping/BARK.py:163: UserWarning: Exited at iteration 50 with accuracies 
[1.42381502e-05]
not reaching the requested tolerance 1e-09.
Use iteration 6 instead with accuracy 
5.790789448860647e-08.

  values, vectors = lobpcg(projected_hamiltonian, guess, largest=False,
/home/erosanow_hpc/informed_swapping/BARK.py:163: UserWarning: Exited postprocessing with accuracies 
[5.79078945e-08]
not reaching the requested tolerance 1e-09.
  values, vectors = lobpcg(projected_hamiltonian, guess, largest=False,
/home/erosanow_hpc/informed_swapping/BARK.py:163: UserWarning: Exited at iteration 50 with accuracies 
[2.84127405e-05]
not reaching the requested tolerance 1e-09.
Use iteration 7 instead with accuracy 
8.559581512066372e-08.

  values, vectors = lobpcg(projected_hamiltonian, guess, largest=False,
/home/erosanow_hpc/informed_swapping/BARK.py:163: UserWarning: Exited postprocessing with accuracies 
[8.55958151e-08]
not reaching the requested tolerance 1e-09.
  values, vectors = lobpcg(projected_hamiltonian, guess, largest=False,
/home/erosanow_hpc/informed_swapping/BARK.py:163: UserWarning: Exited at iteration 50 with accuracies 
[3.91807202e-05]
not reaching the requested tolerance 1e-09.
Use iteration 6 instead with accuracy 
5.891417696590595e-08.

  values, vectors = lobpcg(projected_hamiltonian, guess, largest=False,
/home/erosanow_hpc/informed_swapping/BARK.py:163: UserWarning: Exited postprocessing with accuracies 
[5.8914177e-08]
not reaching the requested tolerance 1e-09.
  values, vectors = lobpcg(projected_hamiltonian, guess, largest=False,
/home/erosanow_hpc/informed_swapping/BARK.py:163: UserWarning: Exited at iteration 50 with accuracies 
[1.25167481e-05]
not reaching the requested tolerance 1e-09.
Use iteration 6 instead with accuracy 
7.134703721928108e-08.

  values, vectors = lobpcg(projected_hamiltonian, guess, largest=False,
/home/erosanow_hpc/informed_swapping/BARK.py:163: UserWarning: Exited postprocessing with accuracies 
[7.13470372e-08]
not reaching the requested tolerance 1e-09.
  values, vectors = lobpcg(projected_hamiltonian, guess, largest=False,
/home/erosanow_hpc/informed_swapping/BARK.py:163: UserWarning: Exited at iteration 50 with accuracies 
[1.92051132e-05]
not reaching the requested tolerance 1e-09.
Use iteration 7 instead with accuracy 
5.0453555443016684e-08.

  values, vectors = lobpcg(projected_hamiltonian, guess, largest=False,
/home/erosanow_hpc/informed_swapping/BARK.py:163: UserWarning: Exited postprocessing with accuracies 
[5.04535554e-08]
not reaching the requested tolerance 1e-09.
  values, vectors = lobpcg(projected_hamiltonian, guess, largest=False,
/home/erosanow_hpc/informed_swapping/BARK.py:163: UserWarning: Exited at iteration 50 with accuracies 
[2.97211487e-06]
not reaching the requested tolerance 1e-09.
Use iteration 7 instead with accuracy 
6.329299990169916e-08.

  values, vectors = lobpcg(projected_hamiltonian, guess, largest=False,
/home/erosanow_hpc/informed_swapping/BARK.py:163: UserWarning: Exited postprocessing with accuracies 
[6.32929999e-08]
not reaching the requested tolerance 1e-09.
  values, vectors = lobpcg(projected_hamiltonian, guess, largest=False,
/home/erosanow_hpc/informed_swapping/BARK.py:163: UserWarning: Exited at iteration 50 with accuracies 
[4.09665349e-07]
not reaching the requested tolerance 1e-09.
Use iteration 8 instead with accuracy 
6.449403415142175e-08.

  values, vectors = lobpcg(projected_hamiltonian, guess, largest=False,
/home/erosanow_hpc/informed_swapping/BARK.py:163: UserWarning: Exited postprocessing with accuracies 
[6.44940342e-08]
not reaching the requested tolerance 1e-09.
  values, vectors = lobpcg(projected_hamiltonian, guess, largest=False,
/home/erosanow_hpc/informed_swapping/BARK.py:163: UserWarning: Exited at iteration 50 with accuracies 
[3.72105051e-07]
not reaching the requested tolerance 1e-09.
Use iteration 6 instead with accuracy 
6.275262582408489e-08.

  values, vectors = lobpcg(projected_hamiltonian, guess, largest=False,
/home/erosanow_hpc/informed_swapping/BARK.py:163: UserWarning: Exited postprocessing with accuracies 
[6.27526258e-08]
not reaching the requested tolerance 1e-09.
  values, vectors = lobpcg(projected_hamiltonian, guess, largest=False,
/home/erosanow_hpc/informed_swapping/BARK.py:163: UserWarning: Exited at iteration 50 with accuracies 
[3.84382941e-05]
not reaching the requested tolerance 1e-09.
Use iteration 11 instead with accuracy 
3.114049251953356e-09.

  values, vectors = lobpcg(projected_hamiltonian, guess, largest=False,
/home/erosanow_hpc/informed_swapping/BARK.py:163: UserWarning: Exited postprocessing with accuracies 
[3.11404925e-09]
not reaching the requested tolerance 1e-09.
  values, vectors = lobpcg(projected_hamiltonian, guess, largest=False,
/home/erosanow_hpc/informed_swapping/BARK.py:163: UserWarning: Exited at iteration 50 with accuracies 
[9.23236783e-06]
not reaching the requested tolerance 1e-09.
Use iteration 8 instead with accuracy 
2.1557239399854626e-09.

  values, vectors = lobpcg(projected_hamiltonian, guess, largest=False,
/home/erosanow_hpc/informed_swapping/BARK.py:163: UserWarning: Exited postprocessing with accuracies 
[2.15572394e-09]
not reaching the requested tolerance 1e-09.
  values, vectors = lobpcg(projected_hamiltonian, guess, largest=False,
/home/erosanow_hpc/informed_swapping/BARK.py:163: UserWarning: Exited at iteration 50 with accuracies 
[9.67935006e-05]
not reaching the requested tolerance 1e-09.
Use iteration 9 instead with accuracy 
2.7521730671720753e-09.

  values, vectors = lobpcg(projected_hamiltonian, guess, largest=False,
/home/erosanow_hpc/informed_swapping/BARK.py:163: UserWarning: Exited postprocessing with accuracies 
[2.75217307e-09]
not reaching the requested tolerance 1e-09.
  values, vectors = lobpcg(projected_hamiltonian, guess, largest=False,
/home/erosanow_hpc/informed_swapping/BARK.py:163: UserWarning: Exited at iteration 50 with accuracies 
[5.88243475e-05]
not reaching the requested tolerance 1e-09.
Use iteration 8 instead with accuracy 
2.4592853856384185e-09.

  values, vectors = lobpcg(projected_hamiltonian, guess, largest=False,
/home/erosanow_hpc/informed_swapping/BARK.py:163: UserWarning: Exited postprocessing with accuracies 
[2.45928538e-09]
not reaching the requested tolerance 1e-09.
  values, vectors = lobpcg(projected_hamiltonian, guess, largest=False,
/home/erosanow_hpc/informed_swapping/BARK.py:163: UserWarning: Exited at iteration 50 with accuracies 
[6.80227297e-05]
not reaching the requested tolerance 1e-09.
Use iteration 7 instead with accuracy 
2.2970352366062935e-09.

  values, vectors = lobpcg(projected_hamiltonian, guess, largest=False,
/home/erosanow_hpc/informed_swapping/BARK.py:163: UserWarning: Exited postprocessing with accuracies 
[2.29703524e-09]
not reaching the requested tolerance 1e-09.
  values, vectors = lobpcg(projected_hamiltonian, guess, largest=False,
/home/erosanow_hpc/informed_swapping/BARK.py:163: UserWarning: Exited at iteration 50 with accuracies 
[4.25902431e-05]
not reaching the requested tolerance 1e-09.
Use iteration 8 instead with accuracy 
2.224037715225648e-09.

  values, vectors = lobpcg(projected_hamiltonian, guess, largest=False,
/home/erosanow_hpc/informed_swapping/BARK.py:163: UserWarning: Exited postprocessing with accuracies 
[2.22403772e-09]
not reaching the requested tolerance 1e-09.
  values, vectors = lobpcg(projected_hamiltonian, guess, largest=False,
/home/erosanow_hpc/informed_swapping/BARK.py:163: UserWarning: Exited at iteration 50 with accuracies 
[3.62375832e-05]
not reaching the requested tolerance 1e-09.
Use iteration 11 instead with accuracy 
1.7459287272249173e-09.

  values, vectors = lobpcg(projected_hamiltonian, guess, largest=False,
/home/erosanow_hpc/informed_swapping/BARK.py:163: UserWarning: Exited postprocessing with accuracies 
[1.74592873e-09]
not reaching the requested tolerance 1e-09.
  values, vectors = lobpcg(projected_hamiltonian, guess, largest=False,
/home/erosanow_hpc/informed_swapping/BARK.py:163: UserWarning: Exited at iteration 50 with accuracies 
[7.68278243e-05]
not reaching the requested tolerance 1e-09.
Use iteration 5 instead with accuracy 
2.22757507385208e-09.

  values, vectors = lobpcg(projected_hamiltonian, guess, largest=False,
/home/erosanow_hpc/informed_swapping/BARK.py:163: UserWarning: Exited postprocessing with accuracies 
[2.22757507e-09]
not reaching the requested tolerance 1e-09.
  values, vectors = lobpcg(projected_hamiltonian, guess, largest=False,
/home/erosanow_hpc/informed_swapping/BARK.py:163: UserWarning: Exited at iteration 50 with accuracies 
[7.54684781e-06]
not reaching the requested tolerance 1e-09.
Use iteration 9 instead with accuracy 
2.1039380443984486e-09.

  values, vectors = lobpcg(projected_hamiltonian, guess, largest=False,
/home/erosanow_hpc/informed_swapping/BARK.py:163: UserWarning: Exited postprocessing with accuracies 
[2.10393804e-09]
not reaching the requested tolerance 1e-09.
  values, vectors = lobpcg(projected_hamiltonian, guess, largest=False,
/home/erosanow_hpc/informed_swapping/BARK.py:163: UserWarning: Exited at iteration 50 with accuracies 
[3.85397624e-05]
not reaching the requested tolerance 1e-09.
Use iteration 9 instead with accuracy 
2.2293175125277607e-09.

  values, vectors = lobpcg(projected_hamiltonian, guess, largest=False,
/home/erosanow_hpc/informed_swapping/BARK.py:163: UserWarning: Exited postprocessing with accuracies 
[2.22931751e-09]
not reaching the requested tolerance 1e-09.
  values, vectors = lobpcg(projected_hamiltonian, guess, largest=False,
/home/erosanow_hpc/informed_swapping/BARK.py:163: UserWarning: Exited at iteration 50 with accuracies 
[4.43522523e-05]
not reaching the requested tolerance 1e-09.
Use iteration 7 instead with accuracy 
1.6617518456808875e-09.

  values, vectors = lobpcg(projected_hamiltonian, guess, largest=False,
/home/erosanow_hpc/informed_swapping/BARK.py:163: UserWarning: Exited postprocessing with accuracies 
[1.66175185e-09]
not reaching the requested tolerance 1e-09.
  values, vectors = lobpcg(projected_hamiltonian, guess, largest=False,
/home/erosanow_hpc/informed_swapping/BARK.py:163: UserWarning: Exited at iteration 50 with accuracies 
[4.09503652e-05]
not reaching the requested tolerance 1e-09.
Use iteration 12 instead with accuracy 
2.196253498681984e-09.

  values, vectors = lobpcg(projected_hamiltonian, guess, largest=False,
/home/erosanow_hpc/informed_swapping/BARK.py:163: UserWarning: Exited postprocessing with accuracies 
[2.1962535e-09]
not reaching the requested tolerance 1e-09.
  values, vectors = lobpcg(projected_hamiltonian, guess, largest=False,
/home/erosanow_hpc/informed_swapping/BARK.py:163: UserWarning: Exited at iteration 50 with accuracies 
[4.33993256e-05]
not reaching the requested tolerance 1e-09.
Use iteration 10 instead with accuracy 
3.4648288637513677e-09.

  values, vectors = lobpcg(projected_hamiltonian, guess, largest=False,
/home/erosanow_hpc/informed_swapping/BARK.py:163: UserWarning: Exited postprocessing with accuracies 
[3.46482878e-09]
not reaching the requested tolerance 1e-09.
  values, vectors = lobpcg(projected_hamiltonian, guess, largest=False,
/home/erosanow_hpc/informed_swapping/BARK.py:163: UserWarning: Exited at iteration 50 with accuracies 
[4.20647825e-05]
not reaching the requested tolerance 1e-09.
Use iteration 9 instead with accuracy 
3.0095624623836544e-09.

  values, vectors = lobpcg(projected_hamiltonian, guess, largest=False,
/home/erosanow_hpc/informed_swapping/BARK.py:163: UserWarning: Exited postprocessing with accuracies 
[3.00956248e-09]
not reaching the requested tolerance 1e-09.
  values, vectors = lobpcg(projected_hamiltonian, guess, largest=False,
/home/erosanow_hpc/informed_swapping/BARK.py:163: UserWarning: Exited at iteration 50 with accuracies 
[4.36870133e-05]
not reaching the requested tolerance 1e-09.
Use iteration 10 instead with accuracy 
3.041938845878014e-09.

  values, vectors = lobpcg(projected_hamiltonian, guess, largest=False,
/home/erosanow_hpc/informed_swapping/BARK.py:163: UserWarning: Exited postprocessing with accuracies 
[3.04193883e-09]
not reaching the requested tolerance 1e-09.
  values, vectors = lobpcg(projected_hamiltonian, guess, largest=False,
/home/erosanow_hpc/informed_swapping/BARK.py:163: UserWarning: Exited at iteration 50 with accuracies 
[5.84275159e-05]
not reaching the requested tolerance 1e-09.
Use iteration 12 instead with accuracy 
2.1850391319507e-09.

  values, vectors = lobpcg(projected_hamiltonian, guess, largest=False,
/home/erosanow_hpc/informed_swapping/BARK.py:163: UserWarning: Exited postprocessing with accuracies 
[2.18503913e-09]
not reaching the requested tolerance 1e-09.
  values, vectors = lobpcg(projected_hamiltonian, guess, largest=False,
/home/erosanow_hpc/informed_swapping/BARK.py:163: UserWarning: Exited at iteration 50 with accuracies 
[5.34578884e-05]
not reaching the requested tolerance 1e-09.
Use iteration 12 instead with accuracy 
2.7254717124648796e-09.

  values, vectors = lobpcg(projected_hamiltonian, guess, largest=False,
/home/erosanow_hpc/informed_swapping/BARK.py:163: UserWarning: Exited postprocessing with accuracies 
[2.72547195e-09]
not reaching the requested tolerance 1e-09.
  values, vectors = lobpcg(projected_hamiltonian, guess, largest=False,
/home/erosanow_hpc/informed_swapping/BARK.py:163: UserWarning: Exited at iteration 50 with accuracies 
[5.05093075e-05]
not reaching the requested tolerance 1e-09.
Use iteration 12 instead with accuracy 
2.125609084627063e-09.

  values, vectors = lobpcg(projected_hamiltonian, guess, largest=False,
/home/erosanow_hpc/informed_swapping/BARK.py:163: UserWarning: Exited postprocessing with accuracies 
[2.12560909e-09]
not reaching the requested tolerance 1e-09.
  values, vectors = lobpcg(projected_hamiltonian, guess, largest=False,
/home/erosanow_hpc/informed_swapping/BARK.py:163: UserWarning: Exited at iteration 50 with accuracies 
[2.64727546e-05]
not reaching the requested tolerance 1e-09.
Use iteration 11 instead with accuracy 
2.1060164405593168e-09.

  values, vectors = lobpcg(projected_hamiltonian, guess, largest=False,
/home/erosanow_hpc/informed_swapping/BARK.py:163: UserWarning: Exited postprocessing with accuracies 
[2.10601644e-09]
not reaching the requested tolerance 1e-09.
  values, vectors = lobpcg(projected_hamiltonian, guess, largest=False,
/home/erosanow_hpc/informed_swapping/BARK.py:163: UserWarning: Exited at iteration 50 with accuracies 
[1.90806874e-05]
not reaching the requested tolerance 1e-09.
Use iteration 9 instead with accuracy 
2.2229368885683904e-09.

  values, vectors = lobpcg(projected_hamiltonian, guess, largest=False,
/home/erosanow_hpc/informed_swapping/BARK.py:163: UserWarning: Exited postprocessing with accuracies 
[2.22293689e-09]
not reaching the requested tolerance 1e-09.
  values, vectors = lobpcg(projected_hamiltonian, guess, largest=False,
/home/erosanow_hpc/informed_swapping/BARK.py:163: UserWarning: Exited at iteration 50 with accuracies 
[8.38006434e-05]
not reaching the requested tolerance 1e-09.
Use iteration 10 instead with accuracy 
2.0651968692479065e-09.

  values, vectors = lobpcg(projected_hamiltonian, guess, largest=False,
/home/erosanow_hpc/informed_swapping/BARK.py:163: UserWarning: Exited postprocessing with accuracies 
[2.06519689e-09]
not reaching the requested tolerance 1e-09.
  values, vectors = lobpcg(projected_hamiltonian, guess, largest=False,
/home/erosanow_hpc/informed_swapping/BARK.py:163: UserWarning: Exited at iteration 50 with accuracies 
[4.75884253e-05]
not reaching the requested tolerance 1e-09.
Use iteration 11 instead with accuracy 
1.817489614512007e-09.

  values, vectors = lobpcg(projected_hamiltonian, guess, largest=False,
/home/erosanow_hpc/informed_swapping/BARK.py:163: UserWarning: Exited postprocessing with accuracies 
[1.81748963e-09]
not reaching the requested tolerance 1e-09.
  values, vectors = lobpcg(projected_hamiltonian, guess, largest=False,
/home/erosanow_hpc/informed_swapping/BARK.py:163: UserWarning: Exited at iteration 50 with accuracies 
[1.16464767e-05]
not reaching the requested tolerance 1e-09.
Use iteration 13 instead with accuracy 
2.0294078013190107e-09.

  values, vectors = lobpcg(projected_hamiltonian, guess, largest=False,
/home/erosanow_hpc/informed_swapping/BARK.py:163: UserWarning: Exited postprocessing with accuracies 
[2.02940755e-09]
not reaching the requested tolerance 1e-09.
  values, vectors = lobpcg(projected_hamiltonian, guess, largest=False,
/home/erosanow_hpc/informed_swapping/BARK.py:163: UserWarning: Exited at iteration 50 with accuracies 
[4.71276395e-05]
not reaching the requested tolerance 1e-09.
Use iteration 10 instead with accuracy 
2.428755238021965e-09.

  values, vectors = lobpcg(projected_hamiltonian, guess, largest=False,
/home/erosanow_hpc/informed_swapping/BARK.py:163: UserWarning: Exited postprocessing with accuracies 
[2.42875524e-09]
not reaching the requested tolerance 1e-09.
  values, vectors = lobpcg(projected_hamiltonian, guess, largest=False,
/home/erosanow_hpc/informed_swapping/BARK.py:163: UserWarning: Exited at iteration 50 with accuracies 
[2.99188078e-05]
not reaching the requested tolerance 1e-09.
Use iteration 10 instead with accuracy 
1.9926329531862402e-09.

  values, vectors = lobpcg(projected_hamiltonian, guess, largest=False,
/home/erosanow_hpc/informed_swapping/BARK.py:163: UserWarning: Exited postprocessing with accuracies 
[1.99263295e-09]
not reaching the requested tolerance 1e-09.
  values, vectors = lobpcg(projected_hamiltonian, guess, largest=False,
/home/erosanow_hpc/informed_swapping/BARK.py:163: UserWarning: Exited at iteration 50 with accuracies 
[2.69136529e-05]
not reaching the requested tolerance 1e-09.
Use iteration 9 instead with accuracy 
2.5150356662083087e-09.

  values, vectors = lobpcg(projected_hamiltonian, guess, largest=False,
/home/erosanow_hpc/informed_swapping/BARK.py:163: UserWarning: Exited postprocessing with accuracies 
[2.51503567e-09]
not reaching the requested tolerance 1e-09.
  values, vectors = lobpcg(projected_hamiltonian, guess, largest=False,
/home/erosanow_hpc/informed_swapping/BARK.py:163: UserWarning: Exited at iteration 50 with accuracies 
[9.9464596e-06]
not reaching the requested tolerance 1e-09.
Use iteration 6 instead with accuracy 
1.89478106663334e-09.

  values, vectors = lobpcg(projected_hamiltonian, guess, largest=False,
/home/erosanow_hpc/informed_swapping/BARK.py:163: UserWarning: Exited postprocessing with accuracies 
[1.89478107e-09]
not reaching the requested tolerance 1e-09.
  values, vectors = lobpcg(projected_hamiltonian, guess, largest=False,
/home/erosanow_hpc/informed_swapping/BARK.py:163: UserWarning: Exited at iteration 50 with accuracies 
[2.64082076e-05]
not reaching the requested tolerance 1e-09.
Use iteration 10 instead with accuracy 
1.7543504331834684e-09.

  values, vectors = lobpcg(projected_hamiltonian, guess, largest=False,
/home/erosanow_hpc/informed_swapping/BARK.py:163: UserWarning: Exited postprocessing with accuracies 
[1.75435044e-09]
not reaching the requested tolerance 1e-09.
  values, vectors = lobpcg(projected_hamiltonian, guess, largest=False,
/home/erosanow_hpc/informed_swapping/BARK.py:163: UserWarning: Exited at iteration 50 with accuracies 
[3.41765657e-05]
not reaching the requested tolerance 1e-09.
Use iteration 5 instead with accuracy 
2.094928119944981e-09.

  values, vectors = lobpcg(projected_hamiltonian, guess, largest=False,
/home/erosanow_hpc/informed_swapping/BARK.py:163: UserWarning: Exited postprocessing with accuracies 
[2.09492812e-09]
not reaching the requested tolerance 1e-09.
  values, vectors = lobpcg(projected_hamiltonian, guess, largest=False,
/home/erosanow_hpc/informed_swapping/BARK.py:163: UserWarning: Exited at iteration 50 with accuracies 
[3.68622606e-05]
not reaching the requested tolerance 1e-09.
Use iteration 9 instead with accuracy 
2.038979768399523e-09.

  values, vectors = lobpcg(projected_hamiltonian, guess, largest=False,
/home/erosanow_hpc/informed_swapping/BARK.py:163: UserWarning: Exited postprocessing with accuracies 
[2.03897976e-09]
not reaching the requested tolerance 1e-09.
  values, vectors = lobpcg(projected_hamiltonian, guess, largest=False,
/home/erosanow_hpc/informed_swapping/BARK.py:163: UserWarning: Exited at iteration 50 with accuracies 
[1.95349142e-05]
not reaching the requested tolerance 1e-09.
Use iteration 11 instead with accuracy 
1.9884675854899653e-09.

  values, vectors = lobpcg(projected_hamiltonian, guess, largest=False,
/home/erosanow_hpc/informed_swapping/BARK.py:163: UserWarning: Exited postprocessing with accuracies 
[1.98846723e-09]
not reaching the requested tolerance 1e-09.
  values, vectors = lobpcg(projected_hamiltonian, guess, largest=False,
/home/erosanow_hpc/informed_swapping/BARK.py:163: UserWarning: Exited at iteration 50 with accuracies 
[9.96084295e-05]
not reaching the requested tolerance 1e-09.
Use iteration 7 instead with accuracy 
1.919455947592655e-09.

  values, vectors = lobpcg(projected_hamiltonian, guess, largest=False,
/home/erosanow_hpc/informed_swapping/BARK.py:163: UserWarning: Exited postprocessing with accuracies 
[1.91945594e-09]
not reaching the requested tolerance 1e-09.
  values, vectors = lobpcg(projected_hamiltonian, guess, largest=False,
/home/erosanow_hpc/informed_swapping/BARK.py:163: UserWarning: Exited at iteration 50 with accuracies 
[5.060558e-05]
not reaching the requested tolerance 1e-09.
Use iteration 6 instead with accuracy 
2.3471596261001604e-09.

  values, vectors = lobpcg(projected_hamiltonian, guess, largest=False,
/home/erosanow_hpc/informed_swapping/BARK.py:163: UserWarning: Exited postprocessing with accuracies 
[2.34715963e-09]
not reaching the requested tolerance 1e-09.
  values, vectors = lobpcg(projected_hamiltonian, guess, largest=False,
/home/erosanow_hpc/informed_swapping/BARK.py:163: UserWarning: Exited at iteration 50 with accuracies 
[4.69835038e-06]
not reaching the requested tolerance 1e-09.
Use iteration 4 instead with accuracy 
1.6855943181928513e-09.

  values, vectors = lobpcg(projected_hamiltonian, guess, largest=False,
/home/erosanow_hpc/informed_swapping/BARK.py:163: UserWarning: Exited postprocessing with accuracies 
[1.68559432e-09]
not reaching the requested tolerance 1e-09.
  values, vectors = lobpcg(projected_hamiltonian, guess, largest=False,
/home/erosanow_hpc/informed_swapping/BARK.py:163: UserWarning: Exited at iteration 50 with accuracies 
[3.60359574e-06]
not reaching the requested tolerance 1e-09.
Use iteration 5 instead with accuracy 
2.02137963382897e-09.

  values, vectors = lobpcg(projected_hamiltonian, guess, largest=False,
/home/erosanow_hpc/informed_swapping/BARK.py:163: UserWarning: Exited postprocessing with accuracies 
[2.02137963e-09]
not reaching the requested tolerance 1e-09.
  values, vectors = lobpcg(projected_hamiltonian, guess, largest=False,
/home/erosanow_hpc/informed_swapping/BARK.py:163: UserWarning: Exited at iteration 50 with accuracies 
[8.71960694e-07]
not reaching the requested tolerance 1e-09.
Use iteration 7 instead with accuracy 
1.6370792239393667e-09.

  values, vectors = lobpcg(projected_hamiltonian, guess, largest=False,
/home/erosanow_hpc/informed_swapping/BARK.py:163: UserWarning: Exited postprocessing with accuracies 
[1.63707922e-09]
not reaching the requested tolerance 1e-09.
  values, vectors = lobpcg(projected_hamiltonian, guess, largest=False,
/home/erosanow_hpc/informed_swapping/BARK.py:163: UserWarning: Exited at iteration 50 with accuracies 
[1.30387768e-07]
not reaching the requested tolerance 1e-09.
Use iteration 5 instead with accuracy 
1.5758891809020503e-09.

  values, vectors = lobpcg(projected_hamiltonian, guess, largest=False,
/home/erosanow_hpc/informed_swapping/BARK.py:163: UserWarning: Exited postprocessing with accuracies 
[1.57588918e-09]
not reaching the requested tolerance 1e-09.
  values, vectors = lobpcg(projected_hamiltonian, guess, largest=False,
/home/erosanow_hpc/informed_swapping/BARK.py:163: UserWarning: Exited at iteration 50 with accuracies 
[1.13772378e-07]
not reaching the requested tolerance 1e-09.
Use iteration 7 instead with accuracy 
1.5751712328170272e-09.

  values, vectors = lobpcg(projected_hamiltonian, guess, largest=False,
/home/erosanow_hpc/informed_swapping/BARK.py:163: UserWarning: Exited postprocessing with accuracies 
[1.57517123e-09]
not reaching the requested tolerance 1e-09.
  values, vectors = lobpcg(projected_hamiltonian, guess, largest=False,
/home/erosanow_hpc/informed_swapping/BARK.py:163: UserWarning: Exited at iteration 50 with accuracies 
[7.09360011e-09]
not reaching the requested tolerance 1e-09.
Use iteration 8 instead with accuracy 
1.8052616478218586e-09.

  values, vectors = lobpcg(projected_hamiltonian, guess, largest=False,
/home/erosanow_hpc/informed_swapping/BARK.py:163: UserWarning: Exited postprocessing with accuracies 
[1.80526164e-09]
not reaching the requested tolerance 1e-09.
  values, vectors = lobpcg(projected_hamiltonian, guess, largest=False,
/home/erosanow_hpc/informed_swapping/BARK.py:163: UserWarning: Exited at iteration 50 with accuracies 
[9.98629167e-09]
not reaching the requested tolerance 1e-09.
Use iteration 7 instead with accuracy 
1.6555741924879648e-09.

  values, vectors = lobpcg(projected_hamiltonian, guess, largest=False,
/home/erosanow_hpc/informed_swapping/BARK.py:163: UserWarning: Exited postprocessing with accuracies 
[1.65557419e-09]
not reaching the requested tolerance 1e-09.
  values, vectors = lobpcg(projected_hamiltonian, guess, largest=False,
/home/erosanow_hpc/informed_swapping/BARK.py:163: UserWarning: Exited at iteration 50 with accuracies 
[2.67105969e-05]
not reaching the requested tolerance 1e-09.
Use iteration 11 instead with accuracy 
2.2334905676309483e-09.

  values, vectors = lobpcg(projected_hamiltonian, guess, largest=False,
/home/erosanow_hpc/informed_swapping/BARK.py:163: UserWarning: Exited postprocessing with accuracies 
[2.23349057e-09]
not reaching the requested tolerance 1e-09.
  values, vectors = lobpcg(projected_hamiltonian, guess, largest=False,
/home/erosanow_hpc/informed_swapping/BARK.py:163: UserWarning: Exited at iteration 50 with accuracies 
[9.18117364e-06]
not reaching the requested tolerance 1e-09.
Use iteration 10 instead with accuracy 
1.8863529313613724e-09.

  values, vectors = lobpcg(projected_hamiltonian, guess, largest=False,
/home/erosanow_hpc/informed_swapping/BARK.py:163: UserWarning: Exited postprocessing with accuracies 
[1.88635293e-09]
not reaching the requested tolerance 1e-09.
  values, vectors = lobpcg(projected_hamiltonian, guess, largest=False,
/home/erosanow_hpc/informed_swapping/BARK.py:163: UserWarning: Exited at iteration 50 with accuracies 
[2.64329838e-05]
not reaching the requested tolerance 1e-09.
Use iteration 8 instead with accuracy 
2.103842750524113e-09.

  values, vectors = lobpcg(projected_hamiltonian, guess, largest=False,
/home/erosanow_hpc/informed_swapping/BARK.py:163: UserWarning: Exited postprocessing with accuracies 
[2.10384275e-09]
not reaching the requested tolerance 1e-09.
  values, vectors = lobpcg(projected_hamiltonian, guess, largest=False,
/home/erosanow_hpc/informed_swapping/BARK.py:163: UserWarning: Exited at iteration 50 with accuracies 
[6.25731153e-06]
not reaching the requested tolerance 1e-09.
Use iteration 11 instead with accuracy 
1.717028333836712e-09.

  values, vectors = lobpcg(projected_hamiltonian, guess, largest=False,
/home/erosanow_hpc/informed_swapping/BARK.py:163: UserWarning: Exited postprocessing with accuracies 
[1.71702833e-09]
not reaching the requested tolerance 1e-09.
  values, vectors = lobpcg(projected_hamiltonian, guess, largest=False,
/home/erosanow_hpc/informed_swapping/BARK.py:163: UserWarning: Exited at iteration 50 with accuracies 
[1.88683386e-05]
not reaching the requested tolerance 1e-09.
Use iteration 9 instead with accuracy 
1.4721660936915535e-09.

  values, vectors = lobpcg(projected_hamiltonian, guess, largest=False,
/home/erosanow_hpc/informed_swapping/BARK.py:163: UserWarning: Exited postprocessing with accuracies 
[1.47216609e-09]
not reaching the requested tolerance 1e-09.
  values, vectors = lobpcg(projected_hamiltonian, guess, largest=False,
/home/erosanow_hpc/informed_swapping/BARK.py:163: UserWarning: Exited at iteration 50 with accuracies 
[1.12086778e-06]
not reaching the requested tolerance 1e-09.
Use iteration 6 instead with accuracy 
1.7933936202150166e-09.

  values, vectors = lobpcg(projected_hamiltonian, guess, largest=False,
/home/erosanow_hpc/informed_swapping/BARK.py:163: UserWarning: Exited postprocessing with accuracies 
[1.79339361e-09]
not reaching the requested tolerance 1e-09.
  values, vectors = lobpcg(projected_hamiltonian, guess, largest=False,
/home/erosanow_hpc/informed_swapping/BARK.py:163: UserWarning: Exited at iteration 50 with accuracies 
[3.30051747e-05]
not reaching the requested tolerance 1e-09.
Use iteration 10 instead with accuracy 
2.568403052042832e-09.

  values, vectors = lobpcg(projected_hamiltonian, guess, largest=False,
/home/erosanow_hpc/informed_swapping/BARK.py:163: UserWarning: Exited postprocessing with accuracies 
[2.56840305e-09]
not reaching the requested tolerance 1e-09.
  values, vectors = lobpcg(projected_hamiltonian, guess, largest=False,
/home/erosanow_hpc/informed_swapping/BARK.py:163: UserWarning: Exited at iteration 50 with accuracies 
[5.24664639e-05]
not reaching the requested tolerance 1e-09.
Use iteration 7 instead with accuracy 
2.0647422518637437e-09.

  values, vectors = lobpcg(projected_hamiltonian, guess, largest=False,
/home/erosanow_hpc/informed_swapping/BARK.py:163: UserWarning: Exited postprocessing with accuracies 
[2.06474225e-09]
not reaching the requested tolerance 1e-09.
  values, vectors = lobpcg(projected_hamiltonian, guess, largest=False,
/home/erosanow_hpc/informed_swapping/BARK.py:163: UserWarning: Exited at iteration 50 with accuracies 
[6.53407435e-06]
not reaching the requested tolerance 1e-09.
Use iteration 8 instead with accuracy 
1.6013233900012098e-09.

  values, vectors = lobpcg(projected_hamiltonian, guess, largest=False,
/home/erosanow_hpc/informed_swapping/BARK.py:163: UserWarning: Exited postprocessing with accuracies 
[1.60132339e-09]
not reaching the requested tolerance 1e-09.
  values, vectors = lobpcg(projected_hamiltonian, guess, largest=False,
/home/erosanow_hpc/informed_swapping/BARK.py:163: UserWarning: Exited at iteration 50 with accuracies 
[2.14516725e-05]
not reaching the requested tolerance 1e-09.
Use iteration 8 instead with accuracy 
1.6727040885063714e-09.

  values, vectors = lobpcg(projected_hamiltonian, guess, largest=False,
/home/erosanow_hpc/informed_swapping/BARK.py:163: UserWarning: Exited postprocessing with accuracies 
[1.67270409e-09]
not reaching the requested tolerance 1e-09.
  values, vectors = lobpcg(projected_hamiltonian, guess, largest=False,
/home/erosanow_hpc/informed_swapping/BARK.py:163: UserWarning: Exited at iteration 50 with accuracies 
[3.04012265e-06]
not reaching the requested tolerance 1e-09.
Use iteration 6 instead with accuracy 
2.0553076091087963e-09.

  values, vectors = lobpcg(projected_hamiltonian, guess, largest=False,
/home/erosanow_hpc/informed_swapping/BARK.py:163: UserWarning: Exited postprocessing with accuracies 
[2.05530761e-09]
not reaching the requested tolerance 1e-09.
  values, vectors = lobpcg(projected_hamiltonian, guess, largest=False,
/home/erosanow_hpc/informed_swapping/BARK.py:163: UserWarning: Exited at iteration 50 with accuracies 
[5.19362275e-07]
not reaching the requested tolerance 1e-09.
Use iteration 6 instead with accuracy 
2.217238922552175e-09.

  values, vectors = lobpcg(projected_hamiltonian, guess, largest=False,
/home/erosanow_hpc/informed_swapping/BARK.py:163: UserWarning: Exited postprocessing with accuracies 
[2.21723892e-09]
not reaching the requested tolerance 1e-09.
  values, vectors = lobpcg(projected_hamiltonian, guess, largest=False,
/home/erosanow_hpc/informed_swapping/BARK.py:163: UserWarning: Exited at iteration 50 with accuracies 
[3.90464561e-05]
not reaching the requested tolerance 1e-09.
Use iteration 11 instead with accuracy 
1.787039707810287e-09.

  values, vectors = lobpcg(projected_hamiltonian, guess, largest=False,
/home/erosanow_hpc/informed_swapping/BARK.py:163: UserWarning: Exited postprocessing with accuracies 
[1.78703971e-09]
not reaching the requested tolerance 1e-09.
  values, vectors = lobpcg(projected_hamiltonian, guess, largest=False,
/home/erosanow_hpc/informed_swapping/BARK.py:163: UserWarning: Exited at iteration 50 with accuracies 
[3.39376517e-05]
not reaching the requested tolerance 1e-09.
Use iteration 8 instead with accuracy 
2.508204416388208e-09.

  values, vectors = lobpcg(projected_hamiltonian, guess, largest=False,
/home/erosanow_hpc/informed_swapping/BARK.py:163: UserWarning: Exited postprocessing with accuracies 
[2.50820442e-09]
not reaching the requested tolerance 1e-09.
  values, vectors = lobpcg(projected_hamiltonian, guess, largest=False,
/home/erosanow_hpc/informed_swapping/BARK.py:163: UserWarning: Exited at iteration 50 with accuracies 
[2.99245016e-05]
not reaching the requested tolerance 1e-09.
Use iteration 6 instead with accuracy 
1.8325267791239324e-09.

  values, vectors = lobpcg(projected_hamiltonian, guess, largest=False,
/home/erosanow_hpc/informed_swapping/BARK.py:163: UserWarning: Exited postprocessing with accuracies 
[1.83252678e-09]
not reaching the requested tolerance 1e-09.
  values, vectors = lobpcg(projected_hamiltonian, guess, largest=False,
/home/erosanow_hpc/informed_swapping/BARK.py:163: UserWarning: Exited at iteration 50 with accuracies 
[7.61793386e-06]
not reaching the requested tolerance 1e-09.
Use iteration 9 instead with accuracy 
2.1548288789004276e-09.

  values, vectors = lobpcg(projected_hamiltonian, guess, largest=False,
/home/erosanow_hpc/informed_swapping/BARK.py:163: UserWarning: Exited postprocessing with accuracies 
[2.15482904e-09]
not reaching the requested tolerance 1e-09.
  values, vectors = lobpcg(projected_hamiltonian, guess, largest=False,
/home/erosanow_hpc/informed_swapping/BARK.py:163: UserWarning: Exited at iteration 50 with accuracies 
[4.06333759e-05]
not reaching the requested tolerance 1e-09.
Use iteration 9 instead with accuracy 
1.856880693638717e-09.

  values, vectors = lobpcg(projected_hamiltonian, guess, largest=False,
/home/erosanow_hpc/informed_swapping/BARK.py:163: UserWarning: Exited postprocessing with accuracies 
[1.8568807e-09]
not reaching the requested tolerance 1e-09.
  values, vectors = lobpcg(projected_hamiltonian, guess, largest=False,
/home/erosanow_hpc/informed_swapping/BARK.py:163: UserWarning: Exited at iteration 50 with accuracies 
[1.14222414e-05]
not reaching the requested tolerance 1e-09.
Use iteration 7 instead with accuracy 
2.3629784017548996e-09.

  values, vectors = lobpcg(projected_hamiltonian, guess, largest=False,
/home/erosanow_hpc/informed_swapping/BARK.py:163: UserWarning: Exited postprocessing with accuracies 
[2.36297881e-09]
not reaching the requested tolerance 1e-09.
  values, vectors = lobpcg(projected_hamiltonian, guess, largest=False,
/home/erosanow_hpc/informed_swapping/BARK.py:163: UserWarning: Exited at iteration 50 with accuracies 
[3.30881158e-05]
not reaching the requested tolerance 1e-09.
Use iteration 12 instead with accuracy 
1.6697615269074275e-09.

  values, vectors = lobpcg(projected_hamiltonian, guess, largest=False,
/home/erosanow_hpc/informed_swapping/BARK.py:163: UserWarning: Exited postprocessing with accuracies 
[1.66976151e-09]
not reaching the requested tolerance 1e-09.
  values, vectors = lobpcg(projected_hamiltonian, guess, largest=False,
/home/erosanow_hpc/informed_swapping/BARK.py:163: UserWarning: Exited at iteration 50 with accuracies 
[3.45632234e-05]
not reaching the requested tolerance 1e-09.
Use iteration 12 instead with accuracy 
2.0358054438286685e-09.

  values, vectors = lobpcg(projected_hamiltonian, guess, largest=False,
/home/erosanow_hpc/informed_swapping/BARK.py:163: UserWarning: Exited postprocessing with accuracies 
[2.03580522e-09]
not reaching the requested tolerance 1e-09.
  values, vectors = lobpcg(projected_hamiltonian, guess, largest=False,
/home/erosanow_hpc/informed_swapping/BARK.py:163: UserWarning: Exited at iteration 50 with accuracies 
[6.20106388e-05]
not reaching the requested tolerance 1e-09.
Use iteration 12 instead with accuracy 
1.7523423820166992e-09.

  values, vectors = lobpcg(projected_hamiltonian, guess, largest=False,
/home/erosanow_hpc/informed_swapping/BARK.py:163: UserWarning: Exited postprocessing with accuracies 
[1.7523424e-09]
not reaching the requested tolerance 1e-09.
  values, vectors = lobpcg(projected_hamiltonian, guess, largest=False,
/home/erosanow_hpc/informed_swapping/BARK.py:163: UserWarning: Exited at iteration 50 with accuracies 
[4.44246281e-05]
not reaching the requested tolerance 1e-09.
Use iteration 9 instead with accuracy 
2.115128346476876e-09.

  values, vectors = lobpcg(projected_hamiltonian, guess, largest=False,
/home/erosanow_hpc/informed_swapping/BARK.py:163: UserWarning: Exited postprocessing with accuracies 
[2.11512828e-09]
not reaching the requested tolerance 1e-09.
  values, vectors = lobpcg(projected_hamiltonian, guess, largest=False,
/home/erosanow_hpc/informed_swapping/BARK.py:163: UserWarning: Exited at iteration 50 with accuracies 
[1.99361407e-05]
not reaching the requested tolerance 1e-09.
Use iteration 13 instead with accuracy 
2.1906420133095553e-09.

  values, vectors = lobpcg(projected_hamiltonian, guess, largest=False,
/home/erosanow_hpc/informed_swapping/BARK.py:163: UserWarning: Exited postprocessing with accuracies 
[2.19064224e-09]
not reaching the requested tolerance 1e-09.
  values, vectors = lobpcg(projected_hamiltonian, guess, largest=False,
/home/erosanow_hpc/informed_swapping/BARK.py:163: UserWarning: Exited at iteration 50 with accuracies 
[3.45942093e-05]
not reaching the requested tolerance 1e-09.
Use iteration 9 instead with accuracy 
3.110101218442519e-09.

  values, vectors = lobpcg(projected_hamiltonian, guess, largest=False,
/home/erosanow_hpc/informed_swapping/BARK.py:163: UserWarning: Exited postprocessing with accuracies 
[3.11010123e-09]
not reaching the requested tolerance 1e-09.
  values, vectors = lobpcg(projected_hamiltonian, guess, largest=False,
/home/erosanow_hpc/informed_swapping/BARK.py:163: UserWarning: Exited at iteration 50 with accuracies 
[3.77823645e-05]
not reaching the requested tolerance 1e-09.
Use iteration 11 instead with accuracy 
1.9486757038667697e-09.

  values, vectors = lobpcg(projected_hamiltonian, guess, largest=False,
/home/erosanow_hpc/informed_swapping/BARK.py:163: UserWarning: Exited postprocessing with accuracies 
[1.94867574e-09]
not reaching the requested tolerance 1e-09.
  values, vectors = lobpcg(projected_hamiltonian, guess, largest=False,
/home/erosanow_hpc/informed_swapping/BARK.py:163: UserWarning: Exited at iteration 50 with accuracies 
[3.61586361e-05]
not reaching the requested tolerance 1e-09.
Use iteration 10 instead with accuracy 
2.1132462351064956e-09.

  values, vectors = lobpcg(projected_hamiltonian, guess, largest=False,
/home/erosanow_hpc/informed_swapping/BARK.py:163: UserWarning: Exited postprocessing with accuracies 
[2.11324624e-09]
not reaching the requested tolerance 1e-09.
  values, vectors = lobpcg(projected_hamiltonian, guess, largest=False,
/home/erosanow_hpc/informed_swapping/BARK.py:163: UserWarning: Exited at iteration 50 with accuracies 
[4.57106574e-05]
not reaching the requested tolerance 1e-09.
Use iteration 12 instead with accuracy 
2.2245252546641895e-09.

  values, vectors = lobpcg(projected_hamiltonian, guess, largest=False,
/home/erosanow_hpc/informed_swapping/BARK.py:163: UserWarning: Exited postprocessing with accuracies 
[2.22452531e-09]
not reaching the requested tolerance 1e-09.
  values, vectors = lobpcg(projected_hamiltonian, guess, largest=False,
/home/erosanow_hpc/informed_swapping/BARK.py:163: UserWarning: Exited at iteration 50 with accuracies 
[2.74964096e-05]
not reaching the requested tolerance 1e-09.
Use iteration 13 instead with accuracy 
1.9957449557165885e-09.

  values, vectors = lobpcg(projected_hamiltonian, guess, largest=False,
/home/erosanow_hpc/informed_swapping/BARK.py:163: UserWarning: Exited postprocessing with accuracies 
[1.99574446e-09]
not reaching the requested tolerance 1e-09.
  values, vectors = lobpcg(projected_hamiltonian, guess, largest=False,
/home/erosanow_hpc/informed_swapping/BARK.py:163: UserWarning: Exited at iteration 50 with accuracies 
[6.3782448e-05]
not reaching the requested tolerance 1e-09.
Use iteration 13 instead with accuracy 
1.5528293926502224e-09.

  values, vectors = lobpcg(projected_hamiltonian, guess, largest=False,
/home/erosanow_hpc/informed_swapping/BARK.py:163: UserWarning: Exited postprocessing with accuracies 
[1.5528294e-09]
not reaching the requested tolerance 1e-09.
  values, vectors = lobpcg(projected_hamiltonian, guess, largest=False,
/home/erosanow_hpc/informed_swapping/BARK.py:163: UserWarning: Exited at iteration 50 with accuracies 
[4.36290727e-05]
not reaching the requested tolerance 1e-09.
Use iteration 11 instead with accuracy 
1.7161473106647665e-09.

  values, vectors = lobpcg(projected_hamiltonian, guess, largest=False,
/home/erosanow_hpc/informed_swapping/BARK.py:163: UserWarning: Exited postprocessing with accuracies 
[1.71614731e-09]
not reaching the requested tolerance 1e-09.
  values, vectors = lobpcg(projected_hamiltonian, guess, largest=False,
/home/erosanow_hpc/informed_swapping/BARK.py:163: UserWarning: Exited at iteration 50 with accuracies 
[2.9451406e-05]
not reaching the requested tolerance 1e-09.
Use iteration 11 instead with accuracy 
1.5979150928875953e-09.

  values, vectors = lobpcg(projected_hamiltonian, guess, largest=False,
/home/erosanow_hpc/informed_swapping/BARK.py:163: UserWarning: Exited postprocessing with accuracies 
[1.5979151e-09]
not reaching the requested tolerance 1e-09.
  values, vectors = lobpcg(projected_hamiltonian, guess, largest=False,
/home/erosanow_hpc/informed_swapping/BARK.py:163: UserWarning: Exited at iteration 50 with accuracies 
[3.55276262e-05]
not reaching the requested tolerance 1e-09.
Use iteration 9 instead with accuracy 
1.303170343357666e-09.

  values, vectors = lobpcg(projected_hamiltonian, guess, largest=False,
/home/erosanow_hpc/informed_swapping/BARK.py:163: UserWarning: Exited postprocessing with accuracies 
[1.3031704e-09]
not reaching the requested tolerance 1e-09.
  values, vectors = lobpcg(projected_hamiltonian, guess, largest=False,
/home/erosanow_hpc/informed_swapping/BARK.py:163: UserWarning: Exited at iteration 50 with accuracies 
[4.25509567e-05]
not reaching the requested tolerance 1e-09.
Use iteration 9 instead with accuracy 
1.3659260858092106e-09.

  values, vectors = lobpcg(projected_hamiltonian, guess, largest=False,
/home/erosanow_hpc/informed_swapping/BARK.py:163: UserWarning: Exited postprocessing with accuracies 
[1.36592608e-09]
not reaching the requested tolerance 1e-09.
  values, vectors = lobpcg(projected_hamiltonian, guess, largest=False,
/home/erosanow_hpc/informed_swapping/BARK.py:163: UserWarning: Exited at iteration 50 with accuracies 
[3.38099621e-05]
not reaching the requested tolerance 1e-09.
Use iteration 12 instead with accuracy 
1.6021230539677416e-09.

  values, vectors = lobpcg(projected_hamiltonian, guess, largest=False,
/home/erosanow_hpc/informed_swapping/BARK.py:163: UserWarning: Exited postprocessing with accuracies 
[1.60212305e-09]
not reaching the requested tolerance 1e-09.
  values, vectors = lobpcg(projected_hamiltonian, guess, largest=False,
/home/erosanow_hpc/informed_swapping/BARK.py:163: UserWarning: Exited at iteration 50 with accuracies 
[4.28132425e-05]
not reaching the requested tolerance 1e-09.
Use iteration 12 instead with accuracy 
1.2858196149405154e-09.

  values, vectors = lobpcg(projected_hamiltonian, guess, largest=False,
/home/erosanow_hpc/informed_swapping/BARK.py:163: UserWarning: Exited postprocessing with accuracies 
[1.28581962e-09]
not reaching the requested tolerance 1e-09.
  values, vectors = lobpcg(projected_hamiltonian, guess, largest=False,
/home/erosanow_hpc/informed_swapping/BARK.py:163: UserWarning: Exited at iteration 50 with accuracies 
[3.6614076e-05]
not reaching the requested tolerance 1e-09.
Use iteration 9 instead with accuracy 
1.4391290458728378e-09.

  values, vectors = lobpcg(projected_hamiltonian, guess, largest=False,
/home/erosanow_hpc/informed_swapping/BARK.py:163: UserWarning: Exited postprocessing with accuracies 
[1.43912885e-09]
not reaching the requested tolerance 1e-09.
  values, vectors = lobpcg(projected_hamiltonian, guess, largest=False,
/home/erosanow_hpc/informed_swapping/BARK.py:163: UserWarning: Exited at iteration 50 with accuracies 
[3.90056816e-05]
not reaching the requested tolerance 1e-09.
Use iteration 7 instead with accuracy 
1.356603252977052e-09.

  values, vectors = lobpcg(projected_hamiltonian, guess, largest=False,
/home/erosanow_hpc/informed_swapping/BARK.py:163: UserWarning: Exited postprocessing with accuracies 
[1.35660326e-09]
not reaching the requested tolerance 1e-09.
  values, vectors = lobpcg(projected_hamiltonian, guess, largest=False,
/home/erosanow_hpc/informed_swapping/BARK.py:163: UserWarning: Exited at iteration 50 with accuracies 
[3.32188809e-05]
not reaching the requested tolerance 1e-09.
Use iteration 9 instead with accuracy 
1.3421550620318382e-09.

  values, vectors = lobpcg(projected_hamiltonian, guess, largest=False,
/home/erosanow_hpc/informed_swapping/BARK.py:163: UserWarning: Exited postprocessing with accuracies 
[1.34215514e-09]
not reaching the requested tolerance 1e-09.
  values, vectors = lobpcg(projected_hamiltonian, guess, largest=False,
/home/erosanow_hpc/informed_swapping/BARK.py:163: UserWarning: Exited at iteration 50 with accuracies 
[2.14594032e-05]
not reaching the requested tolerance 1e-09.
Use iteration 8 instead with accuracy 
1.1626407654494472e-09.

  values, vectors = lobpcg(projected_hamiltonian, guess, largest=False,
/home/erosanow_hpc/informed_swapping/BARK.py:163: UserWarning: Exited postprocessing with accuracies 
[1.16264076e-09]
not reaching the requested tolerance 1e-09.
  values, vectors = lobpcg(projected_hamiltonian, guess, largest=False,
/home/erosanow_hpc/informed_swapping/BARK.py:163: UserWarning: Exited at iteration 50 with accuracies 
[3.73665215e-05]
not reaching the requested tolerance 1e-09.
Use iteration 12 instead with accuracy 
1.1431377941628277e-09.

  values, vectors = lobpcg(projected_hamiltonian, guess, largest=False,
/home/erosanow_hpc/informed_swapping/BARK.py:163: UserWarning: Exited postprocessing with accuracies 
[1.14313781e-09]
not reaching the requested tolerance 1e-09.
  values, vectors = lobpcg(projected_hamiltonian, guess, largest=False,
/home/erosanow_hpc/informed_swapping/BARK.py:163: UserWarning: Exited at iteration 50 with accuracies 
[2.03933877e-05]
not reaching the requested tolerance 1e-09.
Use iteration 9 instead with accuracy 
1.3425145018932888e-09.

  values, vectors = lobpcg(projected_hamiltonian, guess, largest=False,
/home/erosanow_hpc/informed_swapping/BARK.py:163: UserWarning: Exited postprocessing with accuracies 
[1.3425145e-09]
not reaching the requested tolerance 1e-09.
  values, vectors = lobpcg(projected_hamiltonian, guess, largest=False,
/home/erosanow_hpc/informed_swapping/BARK.py:163: UserWarning: Exited at iteration 50 with accuracies 
[1.09052404e-05]
not reaching the requested tolerance 1e-09.
Use iteration 12 instead with accuracy 
1.2071474586593201e-09.

  values, vectors = lobpcg(projected_hamiltonian, guess, largest=False,
/home/erosanow_hpc/informed_swapping/BARK.py:163: UserWarning: Exited postprocessing with accuracies 
[1.20714743e-09]
not reaching the requested tolerance 1e-09.
  values, vectors = lobpcg(projected_hamiltonian, guess, largest=False,
/home/erosanow_hpc/informed_swapping/BARK.py:163: UserWarning: Exited at iteration 50 with accuracies 
[4.19381195e-05]
not reaching the requested tolerance 1e-09.
Use iteration 10 instead with accuracy 
1.5082737871133772e-09.

  values, vectors = lobpcg(projected_hamiltonian, guess, largest=False,
/home/erosanow_hpc/informed_swapping/BARK.py:163: UserWarning: Exited postprocessing with accuracies 
[1.50827379e-09]
not reaching the requested tolerance 1e-09.
  values, vectors = lobpcg(projected_hamiltonian, guess, largest=False,
/home/erosanow_hpc/informed_swapping/BARK.py:163: UserWarning: Exited at iteration 50 with accuracies 
[1.66945491e-05]
not reaching the requested tolerance 1e-09.
Use iteration 9 instead with accuracy 
1.5950463308975763e-09.

  values, vectors = lobpcg(projected_hamiltonian, guess, largest=False,
/home/erosanow_hpc/informed_swapping/BARK.py:163: UserWarning: Exited postprocessing with accuracies 
[1.59504635e-09]
not reaching the requested tolerance 1e-09.
  values, vectors = lobpcg(projected_hamiltonian, guess, largest=False,
/home/erosanow_hpc/informed_swapping/BARK.py:163: UserWarning: Exited at iteration 50 with accuracies 
[3.43185729e-05]
not reaching the requested tolerance 1e-09.
Use iteration 11 instead with accuracy 
1.2404798191962558e-09.

  values, vectors = lobpcg(projected_hamiltonian, guess, largest=False,
/home/erosanow_hpc/informed_swapping/BARK.py:163: UserWarning: Exited postprocessing with accuracies 
[1.2404798e-09]
not reaching the requested tolerance 1e-09.
  values, vectors = lobpcg(projected_hamiltonian, guess, largest=False,
/home/erosanow_hpc/informed_swapping/BARK.py:163: UserWarning: Exited at iteration 50 with accuracies 
[2.48340699e-05]
not reaching the requested tolerance 1e-09.
Use iteration 11 instead with accuracy 
1.461076096463271e-09.

  values, vectors = lobpcg(projected_hamiltonian, guess, largest=False,
/home/erosanow_hpc/informed_swapping/BARK.py:163: UserWarning: Exited postprocessing with accuracies 
[1.46107584e-09]
not reaching the requested tolerance 1e-09.
  values, vectors = lobpcg(projected_hamiltonian, guess, largest=False,
/home/erosanow_hpc/informed_swapping/BARK.py:163: UserWarning: Exited at iteration 50 with accuracies 
[2.6925478e-05]
not reaching the requested tolerance 1e-09.
Use iteration 10 instead with accuracy 
1.0798156125235245e-09.

  values, vectors = lobpcg(projected_hamiltonian, guess, largest=False,
/home/erosanow_hpc/informed_swapping/BARK.py:163: UserWarning: Exited postprocessing with accuracies 
[1.07981561e-09]
not reaching the requested tolerance 1e-09.
  values, vectors = lobpcg(projected_hamiltonian, guess, largest=False,
/home/erosanow_hpc/informed_swapping/BARK.py:163: UserWarning: Exited at iteration 50 with accuracies 
[1.49382082e-05]
not reaching the requested tolerance 1e-09.
Use iteration 8 instead with accuracy 
1.0243968983323509e-09.

  values, vectors = lobpcg(projected_hamiltonian, guess, largest=False,
/home/erosanow_hpc/informed_swapping/BARK.py:163: UserWarning: Exited postprocessing with accuracies 
[1.02439659e-09]
not reaching the requested tolerance 1e-09.
  values, vectors = lobpcg(projected_hamiltonian, guess, largest=False,
/home/erosanow_hpc/informed_swapping/BARK.py:163: UserWarning: Exited at iteration 50 with accuracies 
[2.60702514e-05]
not reaching the requested tolerance 1e-09.
Use iteration 11 instead with accuracy 
1.159692271926698e-09.

  values, vectors = lobpcg(projected_hamiltonian, guess, largest=False,
/home/erosanow_hpc/informed_swapping/BARK.py:163: UserWarning: Exited postprocessing with accuracies 
[1.15969228e-09]
not reaching the requested tolerance 1e-09.
  values, vectors = lobpcg(projected_hamiltonian, guess, largest=False,
/home/erosanow_hpc/informed_swapping/BARK.py:163: UserWarning: Exited at iteration 50 with accuracies 
[2.47693241e-05]
not reaching the requested tolerance 1e-09.
Use iteration 12 instead with accuracy 
1.1459458684718332e-09.

  values, vectors = lobpcg(projected_hamiltonian, guess, largest=False,
/home/erosanow_hpc/informed_swapping/BARK.py:163: UserWarning: Exited postprocessing with accuracies 
[1.14594575e-09]
not reaching the requested tolerance 1e-09.
  values, vectors = lobpcg(projected_hamiltonian, guess, largest=False,
/home/erosanow_hpc/informed_swapping/BARK.py:163: UserWarning: Exited at iteration 50 with accuracies 
[4.685211e-05]
not reaching the requested tolerance 1e-09.
Use iteration 7 instead with accuracy 
1.2288428310356647e-09.

  values, vectors = lobpcg(projected_hamiltonian, guess, largest=False,
/home/erosanow_hpc/informed_swapping/BARK.py:163: UserWarning: Exited postprocessing with accuracies 
[1.22884284e-09]
not reaching the requested tolerance 1e-09.
  values, vectors = lobpcg(projected_hamiltonian, guess, largest=False,
/home/erosanow_hpc/informed_swapping/BARK.py:163: UserWarning: Exited at iteration 50 with accuracies 
[5.50072285e-05]
not reaching the requested tolerance 1e-09.
Use iteration 13 instead with accuracy 
1.1575961526251472e-09.

  values, vectors = lobpcg(projected_hamiltonian, guess, largest=False,
/home/erosanow_hpc/informed_swapping/BARK.py:163: UserWarning: Exited postprocessing with accuracies 
[1.15759617e-09]
not reaching the requested tolerance 1e-09.
  values, vectors = lobpcg(projected_hamiltonian, guess, largest=False,
/home/erosanow_hpc/informed_swapping/BARK.py:163: UserWarning: Exited at iteration 50 with accuracies 
[3.71892847e-05]
not reaching the requested tolerance 1e-09.
Use iteration 12 instead with accuracy 
1.086170313185495e-09.

  values, vectors = lobpcg(projected_hamiltonian, guess, largest=False,
/home/erosanow_hpc/informed_swapping/BARK.py:163: UserWarning: Exited postprocessing with accuracies 
[1.08617032e-09]
not reaching the requested tolerance 1e-09.
  values, vectors = lobpcg(projected_hamiltonian, guess, largest=False,
/home/erosanow_hpc/informed_swapping/BARK.py:163: UserWarning: Exited at iteration 50 with accuracies 
[3.46386895e-05]
not reaching the requested tolerance 1e-09.
Use iteration 8 instead with accuracy 
1.0713725026934845e-09.

  values, vectors = lobpcg(projected_hamiltonian, guess, largest=False,
/home/erosanow_hpc/informed_swapping/BARK.py:163: UserWarning: Exited postprocessing with accuracies 
[1.0713725e-09]
not reaching the requested tolerance 1e-09.
  values, vectors = lobpcg(projected_hamiltonian, guess, largest=False,
/home/erosanow_hpc/informed_swapping/BARK.py:163: UserWarning: Exited at iteration 50 with accuracies 
[4.47314416e-05]
not reaching the requested tolerance 1e-09.
Use iteration 12 instead with accuracy 
1.0202060763681041e-09.

  values, vectors = lobpcg(projected_hamiltonian, guess, largest=False,
/home/erosanow_hpc/informed_swapping/BARK.py:163: UserWarning: Exited postprocessing with accuracies 
[1.02020608e-09]
not reaching the requested tolerance 1e-09.
  values, vectors = lobpcg(projected_hamiltonian, guess, largest=False,
/home/erosanow_hpc/informed_swapping/BARK.py:163: UserWarning: Exited at iteration 50 with accuracies 
[3.05215706e-05]
not reaching the requested tolerance 1e-09.
Use iteration 5 instead with accuracy 
1.0854757373863205e-09.

  values, vectors = lobpcg(projected_hamiltonian, guess, largest=False,
/home/erosanow_hpc/informed_swapping/BARK.py:163: UserWarning: Exited postprocessing with accuracies 
[1.08547574e-09]
not reaching the requested tolerance 1e-09.
  values, vectors = lobpcg(projected_hamiltonian, guess, largest=False,
/home/erosanow_hpc/informed_swapping/BARK.py:163: UserWarning: Exited at iteration 50 with accuracies 
[5.44032319e-05]
not reaching the requested tolerance 1e-09.
Use iteration 8 instead with accuracy 
1.2441352910416017e-09.

  values, vectors = lobpcg(projected_hamiltonian, guess, largest=False,
/home/erosanow_hpc/informed_swapping/BARK.py:163: UserWarning: Exited postprocessing with accuracies 
[1.24413543e-09]
not reaching the requested tolerance 1e-09.
  values, vectors = lobpcg(projected_hamiltonian, guess, largest=False,
/home/erosanow_hpc/informed_swapping/BARK.py:163: UserWarning: Exited at iteration 50 with accuracies 
[3.97898894e-05]
not reaching the requested tolerance 1e-09.
Use iteration 10 instead with accuracy 
1.2697004662331296e-09.

  values, vectors = lobpcg(projected_hamiltonian, guess, largest=False,
/home/erosanow_hpc/informed_swapping/BARK.py:163: UserWarning: Exited postprocessing with accuracies 
[1.26970047e-09]
not reaching the requested tolerance 1e-09.
  values, vectors = lobpcg(projected_hamiltonian, guess, largest=False,
/home/erosanow_hpc/informed_swapping/BARK.py:163: UserWarning: Exited at iteration 50 with accuracies 
[2.0531883e-05]
not reaching the requested tolerance 1e-09.
Use iteration 13 instead with accuracy 
1.2556472916503006e-09.

  values, vectors = lobpcg(projected_hamiltonian, guess, largest=False,
/home/erosanow_hpc/informed_swapping/BARK.py:163: UserWarning: Exited postprocessing with accuracies 
[1.25564742e-09]
not reaching the requested tolerance 1e-09.
  values, vectors = lobpcg(projected_hamiltonian, guess, largest=False,
/home/erosanow_hpc/informed_swapping/BARK.py:163: UserWarning: Exited at iteration 50 with accuracies 
[4.54067318e-05]
not reaching the requested tolerance 1e-09.
Use iteration 12 instead with accuracy 
1.4516991425019558e-09.

  values, vectors = lobpcg(projected_hamiltonian, guess, largest=False,
/home/erosanow_hpc/informed_swapping/BARK.py:163: UserWarning: Exited postprocessing with accuracies 
[1.45169914e-09]
not reaching the requested tolerance 1e-09.
  values, vectors = lobpcg(projected_hamiltonian, guess, largest=False,
/home/erosanow_hpc/informed_swapping/BARK.py:163: UserWarning: Exited at iteration 50 with accuracies 
[4.76581684e-05]
not reaching the requested tolerance 1e-09.
Use iteration 8 instead with accuracy 
1.3755638172646936e-09.

  values, vectors = lobpcg(projected_hamiltonian, guess, largest=False,
/home/erosanow_hpc/informed_swapping/BARK.py:163: UserWarning: Exited postprocessing with accuracies 
[1.37556382e-09]
not reaching the requested tolerance 1e-09.
  values, vectors = lobpcg(projected_hamiltonian, guess, largest=False,
/home/erosanow_hpc/informed_swapping/BARK.py:163: UserWarning: Exited at iteration 50 with accuracies 
[1.83137056e-05]
not reaching the requested tolerance 1e-09.
Use iteration 8 instead with accuracy 
1.0104089105925125e-09.

  values, vectors = lobpcg(projected_hamiltonian, guess, largest=False,
/home/erosanow_hpc/informed_swapping/BARK.py:163: UserWarning: Exited postprocessing with accuracies 
[1.01040892e-09]
not reaching the requested tolerance 1e-09.
  values, vectors = lobpcg(projected_hamiltonian, guess, largest=False,
/home/erosanow_hpc/informed_swapping/BARK.py:163: UserWarning: Exited at iteration 50 with accuracies 
[1.39342623e-05]
not reaching the requested tolerance 1e-09.
Use iteration 9 instead with accuracy 
1.3844665841313126e-09.

  values, vectors = lobpcg(projected_hamiltonian, guess, largest=False,
/home/erosanow_hpc/informed_swapping/BARK.py:163: UserWarning: Exited postprocessing with accuracies 
[1.3844666e-09]
not reaching the requested tolerance 1e-09.
  values, vectors = lobpcg(projected_hamiltonian, guess, largest=False,
/home/erosanow_hpc/informed_swapping/BARK.py:163: UserWarning: Exited at iteration 50 with accuracies 
[3.10395541e-05]
not reaching the requested tolerance 1e-09.
Use iteration 10 instead with accuracy 
1.5115089148347824e-09.

  values, vectors = lobpcg(projected_hamiltonian, guess, largest=False,
/home/erosanow_hpc/informed_swapping/BARK.py:163: UserWarning: Exited postprocessing with accuracies 
[1.5115089e-09]
not reaching the requested tolerance 1e-09.
  values, vectors = lobpcg(projected_hamiltonian, guess, largest=False,
/home/erosanow_hpc/informed_swapping/BARK.py:163: UserWarning: Exited at iteration 50 with accuracies 
[4.17513806e-05]
not reaching the requested tolerance 1e-09.
Use iteration 10 instead with accuracy 
1.4389216084920317e-09.

  values, vectors = lobpcg(projected_hamiltonian, guess, largest=False,
/home/erosanow_hpc/informed_swapping/BARK.py:163: UserWarning: Exited postprocessing with accuracies 
[1.43892168e-09]
not reaching the requested tolerance 1e-09.
  values, vectors = lobpcg(projected_hamiltonian, guess, largest=False,
/home/erosanow_hpc/informed_swapping/BARK.py:163: UserWarning: Exited at iteration 50 with accuracies 
[6.7745331e-05]
not reaching the requested tolerance 1e-09.
Use iteration 12 instead with accuracy 
1.6073908896995084e-09.

  values, vectors = lobpcg(projected_hamiltonian, guess, largest=False,
/home/erosanow_hpc/informed_swapping/BARK.py:163: UserWarning: Exited postprocessing with accuracies 
[1.60739089e-09]
not reaching the requested tolerance 1e-09.
  values, vectors = lobpcg(projected_hamiltonian, guess, largest=False,
/home/erosanow_hpc/informed_swapping/BARK.py:163: UserWarning: Exited at iteration 50 with accuracies 
[6.39178987e-05]
not reaching the requested tolerance 1e-09.
Use iteration 10 instead with accuracy 
1.3436056455410735e-09.

  values, vectors = lobpcg(projected_hamiltonian, guess, largest=False,
/home/erosanow_hpc/informed_swapping/BARK.py:163: UserWarning: Exited postprocessing with accuracies 
[1.34360585e-09]
not reaching the requested tolerance 1e-09.
  values, vectors = lobpcg(projected_hamiltonian, guess, largest=False,
/home/erosanow_hpc/informed_swapping/BARK.py:163: UserWarning: Exited at iteration 50 with accuracies 
[2.96378949e-06]
not reaching the requested tolerance 1e-09.
Use iteration 14 instead with accuracy 
1.1604214325336633e-09.

  values, vectors = lobpcg(projected_hamiltonian, guess, largest=False,
/home/erosanow_hpc/informed_swapping/BARK.py:163: UserWarning: Exited postprocessing with accuracies 
[1.16042145e-09]
not reaching the requested tolerance 1e-09.
  values, vectors = lobpcg(projected_hamiltonian, guess, largest=False,
/home/erosanow_hpc/informed_swapping/BARK.py:163: UserWarning: Exited at iteration 50 with accuracies 
[4.2592576e-05]
not reaching the requested tolerance 1e-09.
Use iteration 10 instead with accuracy 
1.2078026222922128e-09.

  values, vectors = lobpcg(projected_hamiltonian, guess, largest=False,
/home/erosanow_hpc/informed_swapping/BARK.py:163: UserWarning: Exited postprocessing with accuracies 
[1.20780263e-09]
not reaching the requested tolerance 1e-09.
  values, vectors = lobpcg(projected_hamiltonian, guess, largest=False,
/home/erosanow_hpc/informed_swapping/BARK.py:163: UserWarning: Exited at iteration 50 with accuracies 
[2.66701256e-05]
not reaching the requested tolerance 1e-09.
Use iteration 11 instead with accuracy 
1.2194217971197427e-09.

  values, vectors = lobpcg(projected_hamiltonian, guess, largest=False,
/home/erosanow_hpc/informed_swapping/BARK.py:163: UserWarning: Exited postprocessing with accuracies 
[1.21942202e-09]
not reaching the requested tolerance 1e-09.
  values, vectors = lobpcg(projected_hamiltonian, guess, largest=False,
/home/erosanow_hpc/informed_swapping/BARK.py:163: UserWarning: Exited at iteration 50 with accuracies 
[4.42276835e-05]
not reaching the requested tolerance 1e-09.
Use iteration 8 instead with accuracy 
1.5279705293544314e-09.

  values, vectors = lobpcg(projected_hamiltonian, guess, largest=False,
/home/erosanow_hpc/informed_swapping/BARK.py:163: UserWarning: Exited postprocessing with accuracies 
[1.52797053e-09]
not reaching the requested tolerance 1e-09.
  values, vectors = lobpcg(projected_hamiltonian, guess, largest=False,
/home/erosanow_hpc/informed_swapping/BARK.py:163: UserWarning: Exited at iteration 50 with accuracies 
[3.1463483e-05]
not reaching the requested tolerance 1e-09.
Use iteration 10 instead with accuracy 
1.1929218645099925e-09.

  values, vectors = lobpcg(projected_hamiltonian, guess, largest=False,
/home/erosanow_hpc/informed_swapping/BARK.py:163: UserWarning: Exited postprocessing with accuracies 
[1.1929219e-09]
not reaching the requested tolerance 1e-09.
  values, vectors = lobpcg(projected_hamiltonian, guess, largest=False,
/home/erosanow_hpc/informed_swapping/BARK.py:163: UserWarning: Exited at iteration 50 with accuracies 
[2.52641801e-05]
not reaching the requested tolerance 1e-09.
Use iteration 10 instead with accuracy 
1.0251097994752051e-09.

  values, vectors = lobpcg(projected_hamiltonian, guess, largest=False,
/home/erosanow_hpc/informed_swapping/BARK.py:163: UserWarning: Exited postprocessing with accuracies 
[1.02510982e-09]
not reaching the requested tolerance 1e-09.
  values, vectors = lobpcg(projected_hamiltonian, guess, largest=False,
/home/erosanow_hpc/informed_swapping/BARK.py:163: UserWarning: Exited at iteration 50 with accuracies 
[2.33739487e-05]
not reaching the requested tolerance 1e-09.
Use iteration 10 instead with accuracy 
1.2464245661299392e-09.

  values, vectors = lobpcg(projected_hamiltonian, guess, largest=False,
/home/erosanow_hpc/informed_swapping/BARK.py:163: UserWarning: Exited postprocessing with accuracies 
[1.24642451e-09]
not reaching the requested tolerance 1e-09.
  values, vectors = lobpcg(projected_hamiltonian, guess, largest=False,
/home/erosanow_hpc/informed_swapping/BARK.py:163: UserWarning: Exited at iteration 50 with accuracies 
[5.25536176e-05]
not reaching the requested tolerance 1e-09.
Use iteration 8 instead with accuracy 
1.4234168318263664e-09.

  values, vectors = lobpcg(projected_hamiltonian, guess, largest=False,
/home/erosanow_hpc/informed_swapping/BARK.py:163: UserWarning: Exited postprocessing with accuracies 
[1.42341684e-09]
not reaching the requested tolerance 1e-09.
  values, vectors = lobpcg(projected_hamiltonian, guess, largest=False,
/home/erosanow_hpc/informed_swapping/BARK.py:163: UserWarning: Exited at iteration 50 with accuracies 
[2.37648063e-05]
not reaching the requested tolerance 1e-09.
Use iteration 12 instead with accuracy 
1.1077179847624534e-09.

  values, vectors = lobpcg(projected_hamiltonian, guess, largest=False,
/home/erosanow_hpc/informed_swapping/BARK.py:163: UserWarning: Exited postprocessing with accuracies 
[1.10771798e-09]
not reaching the requested tolerance 1e-09.
  values, vectors = lobpcg(projected_hamiltonian, guess, largest=False,
/home/erosanow_hpc/informed_swapping/BARK.py:163: UserWarning: Exited at iteration 50 with accuracies 
[2.6110338e-05]
not reaching the requested tolerance 1e-09.
Use iteration 7 instead with accuracy 
1.3843944955325024e-09.

  values, vectors = lobpcg(projected_hamiltonian, guess, largest=False,
/home/erosanow_hpc/informed_swapping/BARK.py:163: UserWarning: Exited postprocessing with accuracies 
[1.3843945e-09]
not reaching the requested tolerance 1e-09.
  values, vectors = lobpcg(projected_hamiltonian, guess, largest=False,
/home/erosanow_hpc/informed_swapping/BARK.py:163: UserWarning: Exited at iteration 50 with accuracies 
[3.36891187e-05]
not reaching the requested tolerance 1e-09.
Use iteration 11 instead with accuracy 
1.1751796055763107e-09.

  values, vectors = lobpcg(projected_hamiltonian, guess, largest=False,
/home/erosanow_hpc/informed_swapping/BARK.py:163: UserWarning: Exited postprocessing with accuracies 
[1.17517961e-09]
not reaching the requested tolerance 1e-09.
  values, vectors = lobpcg(projected_hamiltonian, guess, largest=False,
/home/erosanow_hpc/informed_swapping/BARK.py:163: UserWarning: Exited at iteration 50 with accuracies 
[6.83122005e-05]
not reaching the requested tolerance 1e-09.
Use iteration 6 instead with accuracy 
1.1720101496492856e-09.

  values, vectors = lobpcg(projected_hamiltonian, guess, largest=False,
/home/erosanow_hpc/informed_swapping/BARK.py:163: UserWarning: Exited postprocessing with accuracies 
[1.17201015e-09]
not reaching the requested tolerance 1e-09.
  values, vectors = lobpcg(projected_hamiltonian, guess, largest=False,
/home/erosanow_hpc/informed_swapping/BARK.py:163: UserWarning: Exited at iteration 50 with accuracies 
[7.76296704e-05]
not reaching the requested tolerance 1e-09.
Use iteration 11 instead with accuracy 
1.2129216487632189e-09.

  values, vectors = lobpcg(projected_hamiltonian, guess, largest=False,
/home/erosanow_hpc/informed_swapping/BARK.py:163: UserWarning: Exited postprocessing with accuracies 
[1.21292164e-09]
not reaching the requested tolerance 1e-09.
  values, vectors = lobpcg(projected_hamiltonian, guess, largest=False,
/home/erosanow_hpc/informed_swapping/BARK.py:163: UserWarning: Exited at iteration 50 with accuracies 
[5.08560978e-05]
not reaching the requested tolerance 1e-09.
Use iteration 7 instead with accuracy 
1.1320464586108974e-09.

  values, vectors = lobpcg(projected_hamiltonian, guess, largest=False,
/home/erosanow_hpc/informed_swapping/BARK.py:163: UserWarning: Exited postprocessing with accuracies 
[1.13204646e-09]
not reaching the requested tolerance 1e-09.
  values, vectors = lobpcg(projected_hamiltonian, guess, largest=False,
/home/erosanow_hpc/informed_swapping/BARK.py:163: UserWarning: Exited at iteration 50 with accuracies 
[9.3237131e-05]
not reaching the requested tolerance 1e-09.
Use iteration 6 instead with accuracy 
1.244592154823781e-09.

  values, vectors = lobpcg(projected_hamiltonian, guess, largest=False,
/home/erosanow_hpc/informed_swapping/BARK.py:163: UserWarning: Exited postprocessing with accuracies 
[1.24459215e-09]
not reaching the requested tolerance 1e-09.
  values, vectors = lobpcg(projected_hamiltonian, guess, largest=False,
/home/erosanow_hpc/informed_swapping/BARK.py:163: UserWarning: Exited at iteration 50 with accuracies 
[7.52370772e-05]
not reaching the requested tolerance 1e-09.
Use iteration 11 instead with accuracy 
1.4189113174168201e-09.

  values, vectors = lobpcg(projected_hamiltonian, guess, largest=False,
/home/erosanow_hpc/informed_swapping/BARK.py:163: UserWarning: Exited postprocessing with accuracies 
[1.41891131e-09]
not reaching the requested tolerance 1e-09.
  values, vectors = lobpcg(projected_hamiltonian, guess, largest=False,
/home/erosanow_hpc/informed_swapping/BARK.py:163: UserWarning: Exited at iteration 50 with accuracies 
[6.88416399e-05]
not reaching the requested tolerance 1e-09.
Use iteration 12 instead with accuracy 
1.2944906652149393e-09.

  values, vectors = lobpcg(projected_hamiltonian, guess, largest=False,
/home/erosanow_hpc/informed_swapping/BARK.py:163: UserWarning: Exited postprocessing with accuracies 
[1.29449067e-09]
not reaching the requested tolerance 1e-09.
  values, vectors = lobpcg(projected_hamiltonian, guess, largest=False,
/home/erosanow_hpc/informed_swapping/BARK.py:163: UserWarning: Exited at iteration 50 with accuracies 
[3.80106994e-05]
not reaching the requested tolerance 1e-09.
Use iteration 12 instead with accuracy 
1.4537819075807068e-09.

  values, vectors = lobpcg(projected_hamiltonian, guess, largest=False,
/home/erosanow_hpc/informed_swapping/BARK.py:163: UserWarning: Exited postprocessing with accuracies 
[1.45378191e-09]
not reaching the requested tolerance 1e-09.
  values, vectors = lobpcg(projected_hamiltonian, guess, largest=False,
/home/erosanow_hpc/informed_swapping/BARK.py:163: UserWarning: Exited at iteration 50 with accuracies 
[4.08650838e-05]
not reaching the requested tolerance 1e-09.
Use iteration 8 instead with accuracy 
1.3055218911831549e-09.

  values, vectors = lobpcg(projected_hamiltonian, guess, largest=False,
/home/erosanow_hpc/informed_swapping/BARK.py:163: UserWarning: Exited postprocessing with accuracies 
[1.30552189e-09]
not reaching the requested tolerance 1e-09.
  values, vectors = lobpcg(projected_hamiltonian, guess, largest=False,
/home/erosanow_hpc/informed_swapping/BARK.py:163: UserWarning: Exited at iteration 50 with accuracies 
[2.51695819e-05]
not reaching the requested tolerance 1e-09.
Use iteration 7 instead with accuracy 
1.0050300944727097e-09.

  values, vectors = lobpcg(projected_hamiltonian, guess, largest=False,
/home/erosanow_hpc/informed_swapping/BARK.py:163: UserWarning: Exited postprocessing with accuracies 
[1.00503009e-09]
not reaching the requested tolerance 1e-09.
  values, vectors = lobpcg(projected_hamiltonian, guess, largest=False,
/home/erosanow_hpc/informed_swapping/BARK.py:163: UserWarning: Exited at iteration 50 with accuracies 
[8.13637972e-05]
not reaching the requested tolerance 1e-09.
Use iteration 11 instead with accuracy 
1.0807843466522123e-09.

  values, vectors = lobpcg(projected_hamiltonian, guess, largest=False,
/home/erosanow_hpc/informed_swapping/BARK.py:163: UserWarning: Exited postprocessing with accuracies 
[1.08078435e-09]
not reaching the requested tolerance 1e-09.
  values, vectors = lobpcg(projected_hamiltonian, guess, largest=False,
/home/erosanow_hpc/informed_swapping/BARK.py:163: UserWarning: Exited at iteration 50 with accuracies 
[1.05507561e-05]
not reaching the requested tolerance 1e-09.
Use iteration 14 instead with accuracy 
1.4117939970157792e-09.

  values, vectors = lobpcg(projected_hamiltonian, guess, largest=False,
/home/erosanow_hpc/informed_swapping/BARK.py:163: UserWarning: Exited postprocessing with accuracies 
[1.41179416e-09]
not reaching the requested tolerance 1e-09.
  values, vectors = lobpcg(projected_hamiltonian, guess, largest=False,
/home/erosanow_hpc/informed_swapping/BARK.py:163: UserWarning: Exited at iteration 50 with accuracies 
[3.5819929e-05]
not reaching the requested tolerance 1e-09.
Use iteration 12 instead with accuracy 
1.4670147937813579e-09.

  values, vectors = lobpcg(projected_hamiltonian, guess, largest=False,
/home/erosanow_hpc/informed_swapping/BARK.py:163: UserWarning: Exited postprocessing with accuracies 
[1.46701479e-09]
not reaching the requested tolerance 1e-09.
  values, vectors = lobpcg(projected_hamiltonian, guess, largest=False,
/home/erosanow_hpc/informed_swapping/BARK.py:163: UserWarning: Exited at iteration 50 with accuracies 
[2.63929606e-05]
not reaching the requested tolerance 1e-09.
Use iteration 10 instead with accuracy 
1.2817338321749752e-09.

  values, vectors = lobpcg(projected_hamiltonian, guess, largest=False,
/home/erosanow_hpc/informed_swapping/BARK.py:163: UserWarning: Exited postprocessing with accuracies 
[1.2817339e-09]
not reaching the requested tolerance 1e-09.
  values, vectors = lobpcg(projected_hamiltonian, guess, largest=False,
/home/erosanow_hpc/informed_swapping/BARK.py:163: UserWarning: Exited at iteration 50 with accuracies 
[2.15962189e-05]
not reaching the requested tolerance 1e-09.
Use iteration 9 instead with accuracy 
1.4710421370578207e-09.

  values, vectors = lobpcg(projected_hamiltonian, guess, largest=False,
/home/erosanow_hpc/informed_swapping/BARK.py:163: UserWarning: Exited postprocessing with accuracies 
[1.47104213e-09]
not reaching the requested tolerance 1e-09.
  values, vectors = lobpcg(projected_hamiltonian, guess, largest=False,
/home/erosanow_hpc/informed_swapping/BARK.py:163: UserWarning: Exited at iteration 50 with accuracies 
[4.22800741e-05]
not reaching the requested tolerance 1e-09.
Use iteration 10 instead with accuracy 
1.1722240283434077e-09.

  values, vectors = lobpcg(projected_hamiltonian, guess, largest=False,
/home/erosanow_hpc/informed_swapping/BARK.py:163: UserWarning: Exited postprocessing with accuracies 
[1.17222383e-09]
not reaching the requested tolerance 1e-09.
  values, vectors = lobpcg(projected_hamiltonian, guess, largest=False,
/home/erosanow_hpc/informed_swapping/BARK.py:163: UserWarning: Exited at iteration 50 with accuracies 
[5.32875403e-05]
not reaching the requested tolerance 1e-09.
Use iteration 9 instead with accuracy 
1.3203511866603447e-09.

  values, vectors = lobpcg(projected_hamiltonian, guess, largest=False,
/home/erosanow_hpc/informed_swapping/BARK.py:163: UserWarning: Exited postprocessing with accuracies 
[1.32035114e-09]
not reaching the requested tolerance 1e-09.
  values, vectors = lobpcg(projected_hamiltonian, guess, largest=False,
/home/erosanow_hpc/informed_swapping/BARK.py:163: UserWarning: Exited at iteration 50 with accuracies 
[5.00978111e-05]
not reaching the requested tolerance 1e-09.
Use iteration 13 instead with accuracy 
1.2539601256277096e-09.

  values, vectors = lobpcg(projected_hamiltonian, guess, largest=False,
/home/erosanow_hpc/informed_swapping/BARK.py:163: UserWarning: Exited postprocessing with accuracies 
[1.25396015e-09]
not reaching the requested tolerance 1e-09.
  values, vectors = lobpcg(projected_hamiltonian, guess, largest=False,
/home/erosanow_hpc/informed_swapping/BARK.py:163: UserWarning: Exited at iteration 50 with accuracies 
[6.40178061e-05]
not reaching the requested tolerance 1e-09.
Use iteration 9 instead with accuracy 
1.2419815015872011e-09.

  values, vectors = lobpcg(projected_hamiltonian, guess, largest=False,
/home/erosanow_hpc/informed_swapping/BARK.py:163: UserWarning: Exited postprocessing with accuracies 
[1.24198151e-09]
not reaching the requested tolerance 1e-09.
  values, vectors = lobpcg(projected_hamiltonian, guess, largest=False,
/home/erosanow_hpc/informed_swapping/BARK.py:163: UserWarning: Exited at iteration 50 with accuracies 
[4.39044855e-05]
not reaching the requested tolerance 1e-09.
Use iteration 7 instead with accuracy 
1.1255782652790125e-09.

  values, vectors = lobpcg(projected_hamiltonian, guess, largest=False,
/home/erosanow_hpc/informed_swapping/BARK.py:163: UserWarning: Exited postprocessing with accuracies 
[1.12557827e-09]
not reaching the requested tolerance 1e-09.
  values, vectors = lobpcg(projected_hamiltonian, guess, largest=False,
/home/erosanow_hpc/informed_swapping/BARK.py:163: UserWarning: Exited at iteration 50 with accuracies 
[0.00010815]
not reaching the requested tolerance 1e-09.
Use iteration 10 instead with accuracy 
1.3716725865280718e-09.

  values, vectors = lobpcg(projected_hamiltonian, guess, largest=False,
/home/erosanow_hpc/informed_swapping/BARK.py:163: UserWarning: Exited postprocessing with accuracies 
[1.37167259e-09]
not reaching the requested tolerance 1e-09.
  values, vectors = lobpcg(projected_hamiltonian, guess, largest=False,
/home/erosanow_hpc/informed_swapping/BARK.py:163: UserWarning: Exited at iteration 50 with accuracies 
[3.31295565e-05]
not reaching the requested tolerance 1e-09.
Use iteration 11 instead with accuracy 
1.1115376446630273e-09.

  values, vectors = lobpcg(projected_hamiltonian, guess, largest=False,
/home/erosanow_hpc/informed_swapping/BARK.py:163: UserWarning: Exited postprocessing with accuracies 
[1.11153764e-09]
not reaching the requested tolerance 1e-09.
  values, vectors = lobpcg(projected_hamiltonian, guess, largest=False,
/home/erosanow_hpc/informed_swapping/BARK.py:163: UserWarning: Exited at iteration 50 with accuracies 
[1.74712103e-05]
not reaching the requested tolerance 1e-09.
Use iteration 7 instead with accuracy 
1.2443569726031862e-09.

  values, vectors = lobpcg(projected_hamiltonian, guess, largest=False,
/home/erosanow_hpc/informed_swapping/BARK.py:163: UserWarning: Exited postprocessing with accuracies 
[1.24435697e-09]
not reaching the requested tolerance 1e-09.
  values, vectors = lobpcg(projected_hamiltonian, guess, largest=False,
/home/erosanow_hpc/informed_swapping/BARK.py:163: UserWarning: Exited at iteration 50 with accuracies 
[2.58559418e-05]
not reaching the requested tolerance 1e-09.
Use iteration 10 instead with accuracy 
1.4858634783473674e-09.

  values, vectors = lobpcg(projected_hamiltonian, guess, largest=False,
/home/erosanow_hpc/informed_swapping/BARK.py:163: UserWarning: Exited postprocessing with accuracies 
[1.4858636e-09]
not reaching the requested tolerance 1e-09.
  values, vectors = lobpcg(projected_hamiltonian, guess, largest=False,
/home/erosanow_hpc/informed_swapping/BARK.py:163: UserWarning: Exited at iteration 50 with accuracies 
[3.24438046e-05]
not reaching the requested tolerance 1e-09.
Use iteration 9 instead with accuracy 
1.2651925141875144e-09.

  values, vectors = lobpcg(projected_hamiltonian, guess, largest=False,
/home/erosanow_hpc/informed_swapping/BARK.py:163: UserWarning: Exited postprocessing with accuracies 
[1.26519251e-09]
not reaching the requested tolerance 1e-09.
  values, vectors = lobpcg(projected_hamiltonian, guess, largest=False,
/home/erosanow_hpc/informed_swapping/BARK.py:163: UserWarning: Exited at iteration 50 with accuracies 
[1.78290561e-05]
not reaching the requested tolerance 1e-09.
Use iteration 9 instead with accuracy 
1.0310306697725303e-09.

  values, vectors = lobpcg(projected_hamiltonian, guess, largest=False,
/home/erosanow_hpc/informed_swapping/BARK.py:163: UserWarning: Exited postprocessing with accuracies 
[1.03103078e-09]
not reaching the requested tolerance 1e-09.
  values, vectors = lobpcg(projected_hamiltonian, guess, largest=False,
/home/erosanow_hpc/informed_swapping/BARK.py:163: UserWarning: Exited at iteration 50 with accuracies 
[3.20516978e-05]
not reaching the requested tolerance 1e-09.
Use iteration 13 instead with accuracy 
1.3599256722918555e-09.

  values, vectors = lobpcg(projected_hamiltonian, guess, largest=False,
/home/erosanow_hpc/informed_swapping/BARK.py:163: UserWarning: Exited postprocessing with accuracies 
[1.35992576e-09]
not reaching the requested tolerance 1e-09.
  values, vectors = lobpcg(projected_hamiltonian, guess, largest=False,
/home/erosanow_hpc/informed_swapping/BARK.py:163: UserWarning: Exited at iteration 50 with accuracies 
[4.75202435e-05]
not reaching the requested tolerance 1e-09.
Use iteration 11 instead with accuracy 
1.0431960509490351e-09.

  values, vectors = lobpcg(projected_hamiltonian, guess, largest=False,
/home/erosanow_hpc/informed_swapping/BARK.py:163: UserWarning: Exited postprocessing with accuracies 
[1.04319608e-09]
not reaching the requested tolerance 1e-09.
  values, vectors = lobpcg(projected_hamiltonian, guess, largest=False,
/home/erosanow_hpc/informed_swapping/BARK.py:163: UserWarning: Exited at iteration 50 with accuracies 
[3.74259537e-05]
not reaching the requested tolerance 1e-09.
Use iteration 9 instead with accuracy 
1.0102179620111274e-09.

  values, vectors = lobpcg(projected_hamiltonian, guess, largest=False,
/home/erosanow_hpc/informed_swapping/BARK.py:163: UserWarning: Exited postprocessing with accuracies 
[1.0102181e-09]
not reaching the requested tolerance 1e-09.
  values, vectors = lobpcg(projected_hamiltonian, guess, largest=False,
/home/erosanow_hpc/informed_swapping/BARK.py:163: UserWarning: Exited at iteration 50 with accuracies 
[3.36543914e-05]
not reaching the requested tolerance 1e-09.
Use iteration 7 instead with accuracy 
1.337427118091739e-09.

  values, vectors = lobpcg(projected_hamiltonian, guess, largest=False,
/home/erosanow_hpc/informed_swapping/BARK.py:163: UserWarning: Exited postprocessing with accuracies 
[1.33742712e-09]
not reaching the requested tolerance 1e-09.
  values, vectors = lobpcg(projected_hamiltonian, guess, largest=False,
/home/erosanow_hpc/informed_swapping/BARK.py:163: UserWarning: Exited at iteration 50 with accuracies 
[1.95729714e-05]
not reaching the requested tolerance 1e-09.
Use iteration 11 instead with accuracy 
1.4139675636246247e-09.

  values, vectors = lobpcg(projected_hamiltonian, guess, largest=False,
/home/erosanow_hpc/informed_swapping/BARK.py:163: UserWarning: Exited postprocessing with accuracies 
[1.41396751e-09]
not reaching the requested tolerance 1e-09.
  values, vectors = lobpcg(projected_hamiltonian, guess, largest=False,
/home/erosanow_hpc/informed_swapping/BARK.py:163: UserWarning: Exited at iteration 50 with accuracies 
[3.58553316e-05]
not reaching the requested tolerance 1e-09.
Use iteration 5 instead with accuracy 
1.2734371144796918e-09.

  values, vectors = lobpcg(projected_hamiltonian, guess, largest=False,
/home/erosanow_hpc/informed_swapping/BARK.py:163: UserWarning: Exited postprocessing with accuracies 
[1.2734371e-09]
not reaching the requested tolerance 1e-09.
  values, vectors = lobpcg(projected_hamiltonian, guess, largest=False,
/home/erosanow_hpc/informed_swapping/BARK.py:163: UserWarning: Exited at iteration 50 with accuracies 
[3.93346537e-05]
not reaching the requested tolerance 1e-09.
Use iteration 10 instead with accuracy 
1.2105023933755624e-09.

  values, vectors = lobpcg(projected_hamiltonian, guess, largest=False,
/home/erosanow_hpc/informed_swapping/BARK.py:163: UserWarning: Exited postprocessing with accuracies 
[1.21050228e-09]
not reaching the requested tolerance 1e-09.
  values, vectors = lobpcg(projected_hamiltonian, guess, largest=False,
/home/erosanow_hpc/informed_swapping/BARK.py:163: UserWarning: Exited at iteration 50 with accuracies 
[2.75176729e-05]
not reaching the requested tolerance 1e-09.
Use iteration 5 instead with accuracy 
1.2888958400381748e-09.

  values, vectors = lobpcg(projected_hamiltonian, guess, largest=False,
/home/erosanow_hpc/informed_swapping/BARK.py:163: UserWarning: Exited postprocessing with accuracies 
[1.28889581e-09]
not reaching the requested tolerance 1e-09.
  values, vectors = lobpcg(projected_hamiltonian, guess, largest=False,
/home/erosanow_hpc/informed_swapping/BARK.py:163: UserWarning: Exited at iteration 50 with accuracies 
[8.94064743e-06]
not reaching the requested tolerance 1e-09.
Use iteration 4 instead with accuracy 
1.2027629149054118e-09.

  values, vectors = lobpcg(projected_hamiltonian, guess, largest=False,
/home/erosanow_hpc/informed_swapping/BARK.py:163: UserWarning: Exited postprocessing with accuracies 
[1.20276292e-09]
not reaching the requested tolerance 1e-09.
  values, vectors = lobpcg(projected_hamiltonian, guess, largest=False,
/home/erosanow_hpc/informed_swapping/BARK.py:163: UserWarning: Exited at iteration 50 with accuracies 
[3.94531774e-05]
not reaching the requested tolerance 1e-09.
Use iteration 8 instead with accuracy 
1.0388953571626121e-09.

  values, vectors = lobpcg(projected_hamiltonian, guess, largest=False,
/home/erosanow_hpc/informed_swapping/BARK.py:163: UserWarning: Exited postprocessing with accuracies 
[1.03889537e-09]
not reaching the requested tolerance 1e-09.
  values, vectors = lobpcg(projected_hamiltonian, guess, largest=False,
/home/erosanow_hpc/informed_swapping/BARK.py:163: UserWarning: Exited at iteration 50 with accuracies 
[5.45755017e-05]
not reaching the requested tolerance 1e-09.
Use iteration 10 instead with accuracy 
1.2103038282241193e-09.

  values, vectors = lobpcg(projected_hamiltonian, guess, largest=False,
/home/erosanow_hpc/informed_swapping/BARK.py:163: UserWarning: Exited postprocessing with accuracies 
[1.21030383e-09]
not reaching the requested tolerance 1e-09.
  values, vectors = lobpcg(projected_hamiltonian, guess, largest=False,
/home/erosanow_hpc/informed_swapping/BARK.py:163: UserWarning: Exited at iteration 50 with accuracies 
[1.4273175e-05]
not reaching the requested tolerance 1e-09.
Use iteration 6 instead with accuracy 
1.149111387708178e-09.

  values, vectors = lobpcg(projected_hamiltonian, guess, largest=False,
/home/erosanow_hpc/informed_swapping/BARK.py:163: UserWarning: Exited postprocessing with accuracies 
[1.14911139e-09]
not reaching the requested tolerance 1e-09.
  values, vectors = lobpcg(projected_hamiltonian, guess, largest=False,
/home/erosanow_hpc/informed_swapping/BARK.py:163: UserWarning: Exited at iteration 50 with accuracies 
[3.53554437e-05]
not reaching the requested tolerance 1e-09.
Use iteration 11 instead with accuracy 
1.291792260400843e-09.

  values, vectors = lobpcg(projected_hamiltonian, guess, largest=False,
/home/erosanow_hpc/informed_swapping/BARK.py:163: UserWarning: Exited postprocessing with accuracies 
[1.29179208e-09]
not reaching the requested tolerance 1e-09.
  values, vectors = lobpcg(projected_hamiltonian, guess, largest=False,
/home/erosanow_hpc/informed_swapping/BARK.py:163: UserWarning: Exited at iteration 50 with accuracies 
[1.82355105e-05]
not reaching the requested tolerance 1e-09.
Use iteration 10 instead with accuracy 
1.0732830850679465e-09.

  values, vectors = lobpcg(projected_hamiltonian, guess, largest=False,
/home/erosanow_hpc/informed_swapping/BARK.py:163: UserWarning: Exited postprocessing with accuracies 
[1.07328309e-09]
not reaching the requested tolerance 1e-09.
  values, vectors = lobpcg(projected_hamiltonian, guess, largest=False,
/home/erosanow_hpc/informed_swapping/BARK.py:163: UserWarning: Exited at iteration 50 with accuracies 
[2.2402131e-05]
not reaching the requested tolerance 1e-09.
Use iteration 10 instead with accuracy 
1.1080592973857383e-09.

  values, vectors = lobpcg(projected_hamiltonian, guess, largest=False,
/home/erosanow_hpc/informed_swapping/BARK.py:163: UserWarning: Exited postprocessing with accuracies 
[1.1080597e-09]
not reaching the requested tolerance 1e-09.
  values, vectors = lobpcg(projected_hamiltonian, guess, largest=False,
/home/erosanow_hpc/informed_swapping/BARK.py:163: UserWarning: Exited at iteration 50 with accuracies 
[6.32643314e-05]
not reaching the requested tolerance 1e-09.
Use iteration 10 instead with accuracy 
1.533203165569237e-09.

  values, vectors = lobpcg(projected_hamiltonian, guess, largest=False,
/home/erosanow_hpc/informed_swapping/BARK.py:163: UserWarning: Exited postprocessing with accuracies 
[1.53320316e-09]
not reaching the requested tolerance 1e-09.
  values, vectors = lobpcg(projected_hamiltonian, guess, largest=False,
/home/erosanow_hpc/informed_swapping/BARK.py:163: UserWarning: Exited at iteration 50 with accuracies 
[2.93699775e-05]
not reaching the requested tolerance 1e-09.
Use iteration 13 instead with accuracy 
1.240262428169478e-09.

  values, vectors = lobpcg(projected_hamiltonian, guess, largest=False,
/home/erosanow_hpc/informed_swapping/BARK.py:163: UserWarning: Exited postprocessing with accuracies 
[1.24026236e-09]
not reaching the requested tolerance 1e-09.
  values, vectors = lobpcg(projected_hamiltonian, guess, largest=False,
/home/erosanow_hpc/informed_swapping/BARK.py:163: UserWarning: Exited at iteration 50 with accuracies 
[6.53959058e-05]
not reaching the requested tolerance 1e-09.
Use iteration 11 instead with accuracy 
1.454738156067865e-09.

  values, vectors = lobpcg(projected_hamiltonian, guess, largest=False,
/home/erosanow_hpc/informed_swapping/BARK.py:163: UserWarning: Exited postprocessing with accuracies 
[1.45473814e-09]
not reaching the requested tolerance 1e-09.
  values, vectors = lobpcg(projected_hamiltonian, guess, largest=False,
/home/erosanow_hpc/informed_swapping/BARK.py:163: UserWarning: Exited at iteration 50 with accuracies 
[2.02984758e-05]
not reaching the requested tolerance 1e-09.
Use iteration 7 instead with accuracy 
1.107496062054146e-09.

  values, vectors = lobpcg(projected_hamiltonian, guess, largest=False,
/home/erosanow_hpc/informed_swapping/BARK.py:163: UserWarning: Exited postprocessing with accuracies 
[1.10749606e-09]
not reaching the requested tolerance 1e-09.
  values, vectors = lobpcg(projected_hamiltonian, guess, largest=False,
/home/erosanow_hpc/informed_swapping/BARK.py:163: UserWarning: Exited at iteration 50 with accuracies 
[1.91094975e-05]
not reaching the requested tolerance 1e-09.
Use iteration 10 instead with accuracy 
1.1673539890605541e-09.

  values, vectors = lobpcg(projected_hamiltonian, guess, largest=False,
/home/erosanow_hpc/informed_swapping/BARK.py:163: UserWarning: Exited postprocessing with accuracies 
[1.16735357e-09]
not reaching the requested tolerance 1e-09.
  values, vectors = lobpcg(projected_hamiltonian, guess, largest=False,
/home/erosanow_hpc/informed_swapping/BARK.py:163: UserWarning: Exited at iteration 50 with accuracies 
[2.87039514e-05]
not reaching the requested tolerance 1e-09.
Use iteration 12 instead with accuracy 
1.3099093248036946e-09.

  values, vectors = lobpcg(projected_hamiltonian, guess, largest=False,
/home/erosanow_hpc/informed_swapping/BARK.py:163: UserWarning: Exited postprocessing with accuracies 
[1.30990933e-09]
not reaching the requested tolerance 1e-09.
  values, vectors = lobpcg(projected_hamiltonian, guess, largest=False,
/home/erosanow_hpc/informed_swapping/BARK.py:163: UserWarning: Exited at iteration 50 with accuracies 
[2.39176265e-05]
not reaching the requested tolerance 1e-09.
Use iteration 11 instead with accuracy 
1.420156544521734e-09.

  values, vectors = lobpcg(projected_hamiltonian, guess, largest=False,
/home/erosanow_hpc/informed_swapping/BARK.py:163: UserWarning: Exited postprocessing with accuracies 
[1.42015655e-09]
not reaching the requested tolerance 1e-09.
  values, vectors = lobpcg(projected_hamiltonian, guess, largest=False,
/home/erosanow_hpc/informed_swapping/BARK.py:163: UserWarning: Exited at iteration 50 with accuracies 
[1.02720807e-07]
not reaching the requested tolerance 1e-09.
Use iteration 51 instead with accuracy 
1.0272080685421409e-07.

  values, vectors = lobpcg(projected_hamiltonian, guess, largest=False,
/home/erosanow_hpc/informed_swapping/BARK.py:163: UserWarning: Exited postprocessing with accuracies 
[1.02720798e-07]
not reaching the requested tolerance 1e-09.
  values, vectors = lobpcg(projected_hamiltonian, guess, largest=False,
/home/erosanow_hpc/informed_swapping/BARK.py:163: UserWarning: Exited at iteration 50 with accuracies 
[1.89870908e-06]
not reaching the requested tolerance 1e-09.
Use iteration 51 instead with accuracy 
1.898709082757337e-06.

  values, vectors = lobpcg(projected_hamiltonian, guess, largest=False,
/home/erosanow_hpc/informed_swapping/BARK.py:163: UserWarning: Exited postprocessing with accuracies 
[1.89870908e-06]
not reaching the requested tolerance 1e-09.
  values, vectors = lobpcg(projected_hamiltonian, guess, largest=False,
/home/erosanow_hpc/informed_swapping/BARK.py:163: UserWarning: Exited at iteration 50 with accuracies 
[1.87256214e-05]
not reaching the requested tolerance 1e-09.
Use iteration 48 instead with accuracy 
6.516205086107158e-06.

  values, vectors = lobpcg(projected_hamiltonian, guess, largest=False,
/home/erosanow_hpc/informed_swapping/BARK.py:163: UserWarning: Exited postprocessing with accuracies 
[6.5162051e-06]
not reaching the requested tolerance 1e-09.
  values, vectors = lobpcg(projected_hamiltonian, guess, largest=False,
/home/erosanow_hpc/informed_swapping/BARK.py:163: UserWarning: Exited at iteration 50 with accuracies 
[4.00778112e-06]
not reaching the requested tolerance 1e-09.
Use iteration 49 instead with accuracy 
9.941880225811642e-07.

  values, vectors = lobpcg(projected_hamiltonian, guess, largest=False,
/home/erosanow_hpc/informed_swapping/BARK.py:163: UserWarning: Exited postprocessing with accuracies 
[9.94188047e-07]
not reaching the requested tolerance 1e-09.
  values, vectors = lobpcg(projected_hamiltonian, guess, largest=False,
/home/erosanow_hpc/informed_swapping/BARK.py:163: UserWarning: Exited at iteration 50 with accuracies 
[1.1215334e-05]
not reaching the requested tolerance 1e-09.
Use iteration 51 instead with accuracy 
1.1215333960807705e-05.

  values, vectors = lobpcg(projected_hamiltonian, guess, largest=False,
/home/erosanow_hpc/informed_swapping/BARK.py:163: UserWarning: Exited postprocessing with accuracies 
[1.1215334e-05]
not reaching the requested tolerance 1e-09.
  values, vectors = lobpcg(projected_hamiltonian, guess, largest=False,
/home/erosanow_hpc/informed_swapping/BARK.py:163: UserWarning: Exited at iteration 50 with accuracies 
[5.30939367e-07]
not reaching the requested tolerance 1e-09.
Use iteration 51 instead with accuracy 
5.309393671669457e-07.

  values, vectors = lobpcg(projected_hamiltonian, guess, largest=False,
/home/erosanow_hpc/informed_swapping/BARK.py:163: UserWarning: Exited postprocessing with accuracies 
[5.3093937e-07]
not reaching the requested tolerance 1e-09.
  values, vectors = lobpcg(projected_hamiltonian, guess, largest=False,
/home/erosanow_hpc/informed_swapping/BARK.py:163: UserWarning: Exited at iteration 50 with accuracies 
[2.44792171e-05]
not reaching the requested tolerance 1e-09.
Use iteration 50 instead with accuracy 
1.769938299661262e-05.

  values, vectors = lobpcg(projected_hamiltonian, guess, largest=False,
/home/erosanow_hpc/informed_swapping/BARK.py:163: UserWarning: Exited postprocessing with accuracies 
[1.7699383e-05]
not reaching the requested tolerance 1e-09.
  values, vectors = lobpcg(projected_hamiltonian, guess, largest=False,
/home/erosanow_hpc/informed_swapping/BARK.py:163: UserWarning: Exited at iteration 50 with accuracies 
[4.8144213e-08]
not reaching the requested tolerance 1e-09.
Use iteration 51 instead with accuracy 
4.81442129594746e-08.

  values, vectors = lobpcg(projected_hamiltonian, guess, largest=False,
/home/erosanow_hpc/informed_swapping/BARK.py:163: UserWarning: Exited postprocessing with accuracies 
[4.81442131e-08]
not reaching the requested tolerance 1e-09.
  values, vectors = lobpcg(projected_hamiltonian, guess, largest=False,
/home/erosanow_hpc/informed_swapping/BARK.py:163: UserWarning: Exited at iteration 50 with accuracies 
[1.77346125e-09]
not reaching the requested tolerance 1e-09.
Use iteration 51 instead with accuracy 
1.7734612469848545e-09.

  values, vectors = lobpcg(projected_hamiltonian, guess, largest=False,
/home/erosanow_hpc/informed_swapping/BARK.py:163: UserWarning: Exited postprocessing with accuracies 
[1.7734778e-09]
not reaching the requested tolerance 1e-09.
  values, vectors = lobpcg(projected_hamiltonian, guess, largest=False,
/home/erosanow_hpc/informed_swapping/BARK.py:163: UserWarning: Exited at iteration 50 with accuracies 
[6.68079315e-06]
not reaching the requested tolerance 1e-09.
Use iteration 51 instead with accuracy 
6.680793148307609e-06.

  values, vectors = lobpcg(projected_hamiltonian, guess, largest=False,
/home/erosanow_hpc/informed_swapping/BARK.py:163: UserWarning: Exited postprocessing with accuracies 
[6.68079315e-06]
not reaching the requested tolerance 1e-09.
  values, vectors = lobpcg(projected_hamiltonian, guess, largest=False,
/home/erosanow_hpc/informed_swapping/BARK.py:163: UserWarning: Exited at iteration 50 with accuracies 
[2.35574457e-08]
not reaching the requested tolerance 1e-09.
Use iteration 51 instead with accuracy 
2.355744569756281e-08.

  values, vectors = lobpcg(projected_hamiltonian, guess, largest=False,
/home/erosanow_hpc/informed_swapping/BARK.py:163: UserWarning: Exited postprocessing with accuracies 
[2.35574468e-08]
not reaching the requested tolerance 1e-09.
  values, vectors = lobpcg(projected_hamiltonian, guess, largest=False,
/home/erosanow_hpc/informed_swapping/BARK.py:163: UserWarning: Exited at iteration 50 with accuracies 
[3.61235742e-08]
not reaching the requested tolerance 1e-09.
Use iteration 51 instead with accuracy 
3.6123574162660173e-08.

  values, vectors = lobpcg(projected_hamiltonian, guess, largest=False,
/home/erosanow_hpc/informed_swapping/BARK.py:163: UserWarning: Exited postprocessing with accuracies 
[3.61235717e-08]
not reaching the requested tolerance 1e-09.
  values, vectors = lobpcg(projected_hamiltonian, guess, largest=False,
/home/erosanow_hpc/informed_swapping/BARK.py:163: UserWarning: Exited at iteration 50 with accuracies 
[9.88195921e-07]
not reaching the requested tolerance 1e-09.
Use iteration 46 instead with accuracy 
6.57414935013127e-07.

  values, vectors = lobpcg(projected_hamiltonian, guess, largest=False,
/home/erosanow_hpc/informed_swapping/BARK.py:163: UserWarning: Exited postprocessing with accuracies 
[6.57414946e-07]
not reaching the requested tolerance 1e-09.
  values, vectors = lobpcg(projected_hamiltonian, guess, largest=False,
/home/erosanow_hpc/informed_swapping/BARK.py:163: UserWarning: Exited at iteration 50 with accuracies 
[7.67931355e-05]
not reaching the requested tolerance 1e-09.
Use iteration 48 instead with accuracy 
2.4186390490010764e-05.

  values, vectors = lobpcg(projected_hamiltonian, guess, largest=False,
/home/erosanow_hpc/informed_swapping/BARK.py:163: UserWarning: Exited postprocessing with accuracies 
[2.41863905e-05]
not reaching the requested tolerance 1e-09.
  values, vectors = lobpcg(projected_hamiltonian, guess, largest=False,
/home/erosanow_hpc/informed_swapping/BARK.py:163: UserWarning: Exited at iteration 50 with accuracies 
[1.49484324e-07]
not reaching the requested tolerance 1e-09.
Use iteration 51 instead with accuracy 
1.4948432424480345e-07.

  values, vectors = lobpcg(projected_hamiltonian, guess, largest=False,
/home/erosanow_hpc/informed_swapping/BARK.py:163: UserWarning: Exited postprocessing with accuracies 
[1.49484331e-07]
not reaching the requested tolerance 1e-09.
  values, vectors = lobpcg(projected_hamiltonian, guess, largest=False,
/home/erosanow_hpc/informed_swapping/BARK.py:163: UserWarning: Exited at iteration 50 with accuracies 
[5.21831916e-06]
not reaching the requested tolerance 1e-09.
Use iteration 50 instead with accuracy 
3.961226221799674e-06.

  values, vectors = lobpcg(projected_hamiltonian, guess, largest=False,
/home/erosanow_hpc/informed_swapping/BARK.py:163: UserWarning: Exited postprocessing with accuracies 
[3.96122625e-06]
not reaching the requested tolerance 1e-09.
  values, vectors = lobpcg(projected_hamiltonian, guess, largest=False,
/home/erosanow_hpc/informed_swapping/BARK.py:163: UserWarning: Exited at iteration 50 with accuracies 
[1.17685623e-07]
not reaching the requested tolerance 1e-09.
Use iteration 51 instead with accuracy 
1.1768562267286674e-07.

  values, vectors = lobpcg(projected_hamiltonian, guess, largest=False,
/home/erosanow_hpc/informed_swapping/BARK.py:163: UserWarning: Exited postprocessing with accuracies 
[1.17685613e-07]
not reaching the requested tolerance 1e-09.
  values, vectors = lobpcg(projected_hamiltonian, guess, largest=False,
/home/erosanow_hpc/informed_swapping/BARK.py:163: UserWarning: Exited at iteration 50 with accuracies 
[2.20095655e-06]
not reaching the requested tolerance 1e-09.
Use iteration 51 instead with accuracy 
2.200956546506769e-06.

  values, vectors = lobpcg(projected_hamiltonian, guess, largest=False,
/home/erosanow_hpc/informed_swapping/BARK.py:163: UserWarning: Exited postprocessing with accuracies 
[2.20095656e-06]
not reaching the requested tolerance 1e-09.
  values, vectors = lobpcg(projected_hamiltonian, guess, largest=False,
/home/erosanow_hpc/informed_swapping/BARK.py:163: UserWarning: Exited at iteration 50 with accuracies 
[1.99609046e-05]
not reaching the requested tolerance 1e-09.
Use iteration 49 instead with accuracy 
8.631401215056576e-06.

  values, vectors = lobpcg(projected_hamiltonian, guess, largest=False,
/home/erosanow_hpc/informed_swapping/BARK.py:163: UserWarning: Exited postprocessing with accuracies 
[8.63140123e-06]
not reaching the requested tolerance 1e-09.
  values, vectors = lobpcg(projected_hamiltonian, guess, largest=False,
/home/erosanow_hpc/informed_swapping/BARK.py:163: UserWarning: Exited at iteration 50 with accuracies 
[2.33914691e-06]
not reaching the requested tolerance 1e-09.
Use iteration 49 instead with accuracy 
1.0267215929649393e-06.

  values, vectors = lobpcg(projected_hamiltonian, guess, largest=False,
/home/erosanow_hpc/informed_swapping/BARK.py:163: UserWarning: Exited postprocessing with accuracies 
[1.02672159e-06]
not reaching the requested tolerance 1e-09.
  values, vectors = lobpcg(projected_hamiltonian, guess, largest=False,
/home/erosanow_hpc/informed_swapping/BARK.py:163: UserWarning: Exited at iteration 50 with accuracies 
[1.06094332e-05]
not reaching the requested tolerance 1e-09.
Use iteration 51 instead with accuracy 
1.0609433174701502e-05.

  values, vectors = lobpcg(projected_hamiltonian, guess, largest=False,
/home/erosanow_hpc/informed_swapping/BARK.py:163: UserWarning: Exited postprocessing with accuracies 
[1.06094332e-05]
not reaching the requested tolerance 1e-09.
  values, vectors = lobpcg(projected_hamiltonian, guess, largest=False,
/home/erosanow_hpc/informed_swapping/BARK.py:163: UserWarning: Exited at iteration 50 with accuracies 
[5.32953376e-09]
not reaching the requested tolerance 1e-09.
Use iteration 50 instead with accuracy 
1.5289162300214888e-09.

  values, vectors = lobpcg(projected_hamiltonian, guess, largest=False,
/home/erosanow_hpc/informed_swapping/BARK.py:163: UserWarning: Exited postprocessing with accuracies 
[1.52891536e-09]
not reaching the requested tolerance 1e-09.
  values, vectors = lobpcg(projected_hamiltonian, guess, largest=False,
/home/erosanow_hpc/informed_swapping/BARK.py:163: UserWarning: Exited at iteration 50 with accuracies 
[6.47413024e-07]
not reaching the requested tolerance 1e-09.
Use iteration 51 instead with accuracy 
6.474130241900821e-07.

  values, vectors = lobpcg(projected_hamiltonian, guess, largest=False,
/home/erosanow_hpc/informed_swapping/BARK.py:163: UserWarning: Exited postprocessing with accuracies 
[6.47413015e-07]
not reaching the requested tolerance 1e-09.
  values, vectors = lobpcg(projected_hamiltonian, guess, largest=False,
/home/erosanow_hpc/informed_swapping/BARK.py:163: UserWarning: Exited at iteration 50 with accuracies 
[5.54956158e-05]
not reaching the requested tolerance 1e-09.
Use iteration 49 instead with accuracy 
1.704830898476322e-05.

  values, vectors = lobpcg(projected_hamiltonian, guess, largest=False,
/home/erosanow_hpc/informed_swapping/BARK.py:163: UserWarning: Exited postprocessing with accuracies 
[1.7048309e-05]
not reaching the requested tolerance 1e-09.
  values, vectors = lobpcg(projected_hamiltonian, guess, largest=False,
/home/erosanow_hpc/informed_swapping/BARK.py:163: UserWarning: Exited at iteration 50 with accuracies 
[1.53377677e-07]
not reaching the requested tolerance 1e-09.
Use iteration 47 instead with accuracy 
8.892916266947952e-08.

  values, vectors = lobpcg(projected_hamiltonian, guess, largest=False,
/home/erosanow_hpc/informed_swapping/BARK.py:163: UserWarning: Exited postprocessing with accuracies 
[8.89291636e-08]
not reaching the requested tolerance 1e-09.
  values, vectors = lobpcg(projected_hamiltonian, guess, largest=False,
/home/erosanow_hpc/informed_swapping/BARK.py:163: UserWarning: Exited at iteration 50 with accuracies 
[1.94971437e-08]
not reaching the requested tolerance 1e-09.
Use iteration 47 instead with accuracy 
1.4740857044019469e-08.

  values, vectors = lobpcg(projected_hamiltonian, guess, largest=False,
/home/erosanow_hpc/informed_swapping/BARK.py:163: UserWarning: Exited postprocessing with accuracies 
[1.47408402e-08]
not reaching the requested tolerance 1e-09.
  values, vectors = lobpcg(projected_hamiltonian, guess, largest=False,
/home/erosanow_hpc/informed_swapping/BARK.py:163: UserWarning: Exited at iteration 50 with accuracies 
[1.43086193e-05]
not reaching the requested tolerance 1e-09.
Use iteration 47 instead with accuracy 
8.620281130387198e-06.

  values, vectors = lobpcg(projected_hamiltonian, guess, largest=False,
/home/erosanow_hpc/informed_swapping/BARK.py:163: UserWarning: Exited postprocessing with accuracies 
[8.62028115e-06]
not reaching the requested tolerance 1e-09.
  values, vectors = lobpcg(projected_hamiltonian, guess, largest=False,
/home/erosanow_hpc/informed_swapping/BARK.py:163: UserWarning: Exited at iteration 50 with accuracies 
[1.87910761e-08]
not reaching the requested tolerance 1e-09.
Use iteration 51 instead with accuracy 
1.8791076129524348e-08.

  values, vectors = lobpcg(projected_hamiltonian, guess, largest=False,
/home/erosanow_hpc/informed_swapping/BARK.py:163: UserWarning: Exited postprocessing with accuracies 
[1.87910763e-08]
not reaching the requested tolerance 1e-09.
  values, vectors = lobpcg(projected_hamiltonian, guess, largest=False,
/home/erosanow_hpc/informed_swapping/BARK.py:163: UserWarning: Exited at iteration 50 with accuracies 
[5.48730061e-08]
not reaching the requested tolerance 1e-09.
Use iteration 51 instead with accuracy 
5.487300609900059e-08.

  values, vectors = lobpcg(projected_hamiltonian, guess, largest=False,
/home/erosanow_hpc/informed_swapping/BARK.py:163: UserWarning: Exited postprocessing with accuracies 
[5.4873007e-08]
not reaching the requested tolerance 1e-09.
  values, vectors = lobpcg(projected_hamiltonian, guess, largest=False,
/home/erosanow_hpc/informed_swapping/BARK.py:163: UserWarning: Exited at iteration 50 with accuracies 
[8.41727648e-07]
not reaching the requested tolerance 1e-09.
Use iteration 46 instead with accuracy 
5.821326404741808e-07.

  values, vectors = lobpcg(projected_hamiltonian, guess, largest=False,
/home/erosanow_hpc/informed_swapping/BARK.py:163: UserWarning: Exited postprocessing with accuracies 
[5.82132647e-07]
not reaching the requested tolerance 1e-09.
  values, vectors = lobpcg(projected_hamiltonian, guess, largest=False,
/home/erosanow_hpc/informed_swapping/BARK.py:163: UserWarning: Exited at iteration 50 with accuracies 
[4.17800463e-05]
not reaching the requested tolerance 1e-09.
Use iteration 47 instead with accuracy 
2.4681498254537136e-05.

  values, vectors = lobpcg(projected_hamiltonian, guess, largest=False,
/home/erosanow_hpc/informed_swapping/BARK.py:163: UserWarning: Exited postprocessing with accuracies 
[2.46814983e-05]
not reaching the requested tolerance 1e-09.
  values, vectors = lobpcg(projected_hamiltonian, guess, largest=False,
/home/erosanow_hpc/informed_swapping/BARK.py:163: UserWarning: Exited at iteration 50 with accuracies 
[1.04391393e-07]
not reaching the requested tolerance 1e-09.
Use iteration 51 instead with accuracy 
1.043913934954003e-07.

  values, vectors = lobpcg(projected_hamiltonian, guess, largest=False,
/home/erosanow_hpc/informed_swapping/BARK.py:163: UserWarning: Exited postprocessing with accuracies 
[1.04391384e-07]
not reaching the requested tolerance 1e-09.
  values, vectors = lobpcg(projected_hamiltonian, guess, largest=False,
/home/erosanow_hpc/informed_swapping/BARK.py:163: UserWarning: Exited at iteration 50 with accuracies 
[4.67919845e-06]
not reaching the requested tolerance 1e-09.
Use iteration 50 instead with accuracy 
4.178843138304631e-06.

  values, vectors = lobpcg(projected_hamiltonian, guess, largest=False,
/home/erosanow_hpc/informed_swapping/BARK.py:163: UserWarning: Exited postprocessing with accuracies 
[4.17884314e-06]
not reaching the requested tolerance 1e-09.
  values, vectors = lobpcg(projected_hamiltonian, guess, largest=False,
/home/erosanow_hpc/informed_swapping/BARK.py:163: UserWarning: Exited at iteration 50 with accuracies 
[5.34334121e-09]
not reaching the requested tolerance 1e-09.
Use iteration 9 instead with accuracy 
3.1342362952036224e-09.

  values, vectors = lobpcg(projected_hamiltonian, guess, largest=False,
/home/erosanow_hpc/informed_swapping/BARK.py:163: UserWarning: Exited postprocessing with accuracies 
[3.13423626e-09]
not reaching the requested tolerance 1e-09.
  values, vectors = lobpcg(projected_hamiltonian, guess, largest=False,
/home/erosanow_hpc/informed_swapping/BARK.py:163: UserWarning: Exited at iteration 50 with accuracies 
[9.43642593e-09]
not reaching the requested tolerance 1e-09.
Use iteration 8 instead with accuracy 
3.0404621398461834e-09.

  values, vectors = lobpcg(projected_hamiltonian, guess, largest=False,
/home/erosanow_hpc/informed_swapping/BARK.py:163: UserWarning: Exited postprocessing with accuracies 
[3.04046214e-09]
not reaching the requested tolerance 1e-09.
  values, vectors = lobpcg(projected_hamiltonian, guess, largest=False,
/home/erosanow_hpc/informed_swapping/BARK.py:163: UserWarning: Exited at iteration 50 with accuracies 
[7.70433294e-09]
not reaching the requested tolerance 1e-09.
Use iteration 8 instead with accuracy 
3.2420842320318605e-09.

  values, vectors = lobpcg(projected_hamiltonian, guess, largest=False,
/home/erosanow_hpc/informed_swapping/BARK.py:163: UserWarning: Exited postprocessing with accuracies 
[3.24208423e-09]
not reaching the requested tolerance 1e-09.
  values, vectors = lobpcg(projected_hamiltonian, guess, largest=False,
/home/erosanow_hpc/informed_swapping/BARK.py:163: UserWarning: Exited at iteration 50 with accuracies 
[4.44635448e-09]
not reaching the requested tolerance 1e-09.
Use iteration 8 instead with accuracy 
2.9831612583448733e-09.

  values, vectors = lobpcg(projected_hamiltonian, guess, largest=False,
/home/erosanow_hpc/informed_swapping/BARK.py:163: UserWarning: Exited postprocessing with accuracies 
[2.98316102e-09]
not reaching the requested tolerance 1e-09.
  values, vectors = lobpcg(projected_hamiltonian, guess, largest=False,
/home/erosanow_hpc/informed_swapping/BARK.py:163: UserWarning: Exited at iteration 50 with accuracies 
[3.78952231e-09]
not reaching the requested tolerance 1e-09.
Use iteration 9 instead with accuracy 
3.1433833615212447e-09.

  values, vectors = lobpcg(projected_hamiltonian, guess, largest=False,
/home/erosanow_hpc/informed_swapping/BARK.py:163: UserWarning: Exited postprocessing with accuracies 
[3.14338336e-09]
not reaching the requested tolerance 1e-09.
  values, vectors = lobpcg(projected_hamiltonian, guess, largest=False,
/home/erosanow_hpc/informed_swapping/BARK.py:163: UserWarning: Exited at iteration 50 with accuracies 
[3.13800999e-08]
not reaching the requested tolerance 1e-09.
Use iteration 9 instead with accuracy 
3.1516415818725894e-09.

  values, vectors = lobpcg(projected_hamiltonian, guess, largest=False,
/home/erosanow_hpc/informed_swapping/BARK.py:163: UserWarning: Exited postprocessing with accuracies 
[3.15164159e-09]
not reaching the requested tolerance 1e-09.
  values, vectors = lobpcg(projected_hamiltonian, guess, largest=False,
/home/erosanow_hpc/informed_swapping/BARK.py:163: UserWarning: Exited at iteration 50 with accuracies 
[3.70860667e-09]
not reaching the requested tolerance 1e-09.
Use iteration 8 instead with accuracy 
3.52760820172481e-09.

  values, vectors = lobpcg(projected_hamiltonian, guess, largest=False,
/home/erosanow_hpc/informed_swapping/BARK.py:163: UserWarning: Exited postprocessing with accuracies 
[3.5276082e-09]
not reaching the requested tolerance 1e-09.
  values, vectors = lobpcg(projected_hamiltonian, guess, largest=False,
/home/erosanow_hpc/informed_swapping/BARK.py:163: UserWarning: Exited at iteration 50 with accuracies 
[3.36041393e-09]
not reaching the requested tolerance 1e-09.
Use iteration 51 instead with accuracy 
3.3604139310063135e-09.

  values, vectors = lobpcg(projected_hamiltonian, guess, largest=False,
/home/erosanow_hpc/informed_swapping/BARK.py:163: UserWarning: Exited postprocessing with accuracies 
[3.36041412e-09]
not reaching the requested tolerance 1e-09.
  values, vectors = lobpcg(projected_hamiltonian, guess, largest=False,
/home/erosanow_hpc/informed_swapping/BARK.py:163: UserWarning: Exited at iteration 50 with accuracies 
[9.97788523e-09]
not reaching the requested tolerance 1e-09.
Use iteration 9 instead with accuracy 
8.984292098732663e-09.

  values, vectors = lobpcg(projected_hamiltonian, guess, largest=False,
/home/erosanow_hpc/informed_swapping/BARK.py:163: UserWarning: Exited postprocessing with accuracies 
[8.9842921e-09]
not reaching the requested tolerance 1e-09.
  values, vectors = lobpcg(projected_hamiltonian, guess, largest=False,
/home/erosanow_hpc/informed_swapping/BARK.py:163: UserWarning: Exited at iteration 50 with accuracies 
[6.62432837e-09]
not reaching the requested tolerance 1e-09.
Use iteration 51 instead with accuracy 
6.62432836528255e-09.

  values, vectors = lobpcg(projected_hamiltonian, guess, largest=False,
/home/erosanow_hpc/informed_swapping/BARK.py:163: UserWarning: Exited postprocessing with accuracies 
[6.62432889e-09]
not reaching the requested tolerance 1e-09.
  values, vectors = lobpcg(projected_hamiltonian, guess, largest=False,
/home/erosanow_hpc/informed_swapping/BARK.py:163: UserWarning: Exited at iteration 50 with accuracies 
[5.34333926e-09]
not reaching the requested tolerance 1e-09.
Use iteration 9 instead with accuracy 
3.1342362704085472e-09.

  values, vectors = lobpcg(projected_hamiltonian, guess, largest=False,
/home/erosanow_hpc/informed_swapping/BARK.py:163: UserWarning: Exited postprocessing with accuracies 
[3.13423627e-09]
not reaching the requested tolerance 1e-09.
  values, vectors = lobpcg(projected_hamiltonian, guess, largest=False,
/home/erosanow_hpc/informed_swapping/BARK.py:163: UserWarning: Exited at iteration 50 with accuracies 
[9.43642473e-09]
not reaching the requested tolerance 1e-09.
Use iteration 8 instead with accuracy 
3.040462154271389e-09.

  values, vectors = lobpcg(projected_hamiltonian, guess, largest=False,
/home/erosanow_hpc/informed_swapping/BARK.py:163: UserWarning: Exited postprocessing with accuracies 
[3.04046215e-09]
not reaching the requested tolerance 1e-09.
  values, vectors = lobpcg(projected_hamiltonian, guess, largest=False,
/home/erosanow_hpc/informed_swapping/BARK.py:163: UserWarning: Exited at iteration 50 with accuracies 
[7.7036646e-09]
not reaching the requested tolerance 1e-09.
Use iteration 8 instead with accuracy 
3.2420842591934923e-09.

  values, vectors = lobpcg(projected_hamiltonian, guess, largest=False,
/home/erosanow_hpc/informed_swapping/BARK.py:163: UserWarning: Exited postprocessing with accuracies 
[3.24208424e-09]
not reaching the requested tolerance 1e-09.
  values, vectors = lobpcg(projected_hamiltonian, guess, largest=False,
/home/erosanow_hpc/informed_swapping/BARK.py:163: UserWarning: Exited at iteration 50 with accuracies 
[4.44634729e-09]
not reaching the requested tolerance 1e-09.
Use iteration 8 instead with accuracy 
2.983161304852944e-09.

  values, vectors = lobpcg(projected_hamiltonian, guess, largest=False,
/home/erosanow_hpc/informed_swapping/BARK.py:163: UserWarning: Exited postprocessing with accuracies 
[2.98316134e-09]
not reaching the requested tolerance 1e-09.
  values, vectors = lobpcg(projected_hamiltonian, guess, largest=False,
/home/erosanow_hpc/informed_swapping/BARK.py:163: UserWarning: Exited at iteration 50 with accuracies 
[3.7895266e-09]
not reaching the requested tolerance 1e-09.
Use iteration 9 instead with accuracy 
3.1433833645255316e-09.

  values, vectors = lobpcg(projected_hamiltonian, guess, largest=False,
/home/erosanow_hpc/informed_swapping/BARK.py:163: UserWarning: Exited postprocessing with accuracies 
[3.14338337e-09]
not reaching the requested tolerance 1e-09.
  values, vectors = lobpcg(projected_hamiltonian, guess, largest=False,
/home/erosanow_hpc/informed_swapping/BARK.py:163: UserWarning: Exited at iteration 50 with accuracies 
[3.13793707e-08]
not reaching the requested tolerance 1e-09.
Use iteration 9 instead with accuracy 
3.1516415864695025e-09.

  values, vectors = lobpcg(projected_hamiltonian, guess, largest=False,
/home/erosanow_hpc/informed_swapping/BARK.py:163: UserWarning: Exited postprocessing with accuracies 
[3.15164158e-09]
not reaching the requested tolerance 1e-09.
  values, vectors = lobpcg(projected_hamiltonian, guess, largest=False,
/home/erosanow_hpc/informed_swapping/BARK.py:163: UserWarning: Exited at iteration 50 with accuracies 
[3.70860603e-09]
not reaching the requested tolerance 1e-09.
Use iteration 8 instead with accuracy 
3.527608201316559e-09.

  values, vectors = lobpcg(projected_hamiltonian, guess, largest=False,
/home/erosanow_hpc/informed_swapping/BARK.py:163: UserWarning: Exited at iteration 50 with accuracies 
[3.36041547e-09]
not reaching the requested tolerance 1e-09.
Use iteration 51 instead with accuracy 
3.3604154678938494e-09.

  values, vectors = lobpcg(projected_hamiltonian, guess, largest=False,
/home/erosanow_hpc/informed_swapping/BARK.py:163: UserWarning: Exited postprocessing with accuracies 
[3.36041517e-09]
not reaching the requested tolerance 1e-09.
  values, vectors = lobpcg(projected_hamiltonian, guess, largest=False,
/home/erosanow_hpc/informed_swapping/BARK.py:163: UserWarning: Exited at iteration 50 with accuracies 
[1.25390521e-08]
not reaching the requested tolerance 1e-09.
Use iteration 9 instead with accuracy 
7.771080442187761e-09.

  values, vectors = lobpcg(projected_hamiltonian, guess, largest=False,
/home/erosanow_hpc/informed_swapping/BARK.py:163: UserWarning: Exited postprocessing with accuracies 
[7.77108043e-09]
not reaching the requested tolerance 1e-09.
  values, vectors = lobpcg(projected_hamiltonian, guess, largest=False,
/home/erosanow_hpc/informed_swapping/BARK.py:163: UserWarning: Exited at iteration 50 with accuracies 
[4.69375984e-09]
not reaching the requested tolerance 1e-09.
Use iteration 51 instead with accuracy 
4.693759841078247e-09.

  values, vectors = lobpcg(projected_hamiltonian, guess, largest=False,
/home/erosanow_hpc/informed_swapping/BARK.py:163: UserWarning: Exited postprocessing with accuracies 
[4.69376021e-09]
not reaching the requested tolerance 1e-09.
  values, vectors = lobpcg(projected_hamiltonian, guess, largest=False,
/home/erosanow_hpc/informed_swapping/BARK.py:163: UserWarning: Exited at iteration 50 with accuracies 
[0.00011611]
not reaching the requested tolerance 1e-09.
Use iteration 6 instead with accuracy 
4.975255489416154e-06.

  values, vectors = lobpcg(projected_hamiltonian, guess, largest=False,
/home/erosanow_hpc/informed_swapping/BARK.py:163: UserWarning: Exited postprocessing with accuracies 
[4.97525549e-06]
not reaching the requested tolerance 1e-09.
  values, vectors = lobpcg(projected_hamiltonian, guess, largest=False,
/home/erosanow_hpc/informed_swapping/BARK.py:163: UserWarning: Exited at iteration 50 with accuracies 
[0.00097294]
not reaching the requested tolerance 1e-09.
Use iteration 7 instead with accuracy 
3.928352214261394e-06.

  values, vectors = lobpcg(projected_hamiltonian, guess, largest=False,
/home/erosanow_hpc/informed_swapping/BARK.py:163: UserWarning: Exited postprocessing with accuracies 
[3.92835221e-06]
not reaching the requested tolerance 1e-09.
  values, vectors = lobpcg(projected_hamiltonian, guess, largest=False,
/home/erosanow_hpc/informed_swapping/BARK.py:163: UserWarning: Exited at iteration 50 with accuracies 
[0.08936558]
not reaching the requested tolerance 1e-09.
Use iteration 5 instead with accuracy 
3.5611504063370714e-06.

  values, vectors = lobpcg(projected_hamiltonian, guess, largest=False,
/home/erosanow_hpc/informed_swapping/BARK.py:163: UserWarning: Exited postprocessing with accuracies 
[3.56115041e-06]
not reaching the requested tolerance 1e-09.
  values, vectors = lobpcg(projected_hamiltonian, guess, largest=False,
/home/erosanow_hpc/informed_swapping/BARK.py:163: UserWarning: Exited at iteration 50 with accuracies 
[9.87413616e-05]
not reaching the requested tolerance 1e-09.
Use iteration 4 instead with accuracy 
3.512362997703093e-06.

  values, vectors = lobpcg(projected_hamiltonian, guess, largest=False,
/home/erosanow_hpc/informed_swapping/BARK.py:163: UserWarning: Exited postprocessing with accuracies 
[3.512363e-06]
not reaching the requested tolerance 1e-09.
  values, vectors = lobpcg(projected_hamiltonian, guess, largest=False,
/home/erosanow_hpc/informed_swapping/BARK.py:163: UserWarning: Exited at iteration 50 with accuracies 
[6.90501397e-05]
not reaching the requested tolerance 1e-09.
Use iteration 4 instead with accuracy 
3.6121357454698827e-06.

  values, vectors = lobpcg(projected_hamiltonian, guess, largest=False,
/home/erosanow_hpc/informed_swapping/BARK.py:163: UserWarning: Exited postprocessing with accuracies 
[3.61213575e-06]
not reaching the requested tolerance 1e-09.
  values, vectors = lobpcg(projected_hamiltonian, guess, largest=False,
/home/erosanow_hpc/informed_swapping/BARK.py:163: UserWarning: Exited at iteration 50 with accuracies 
[8.61259852e-05]
not reaching the requested tolerance 1e-09.
Use iteration 6 instead with accuracy 
3.1106423634272586e-06.

  values, vectors = lobpcg(projected_hamiltonian, guess, largest=False,
/home/erosanow_hpc/informed_swapping/BARK.py:163: UserWarning: Exited postprocessing with accuracies 
[3.11064236e-06]
not reaching the requested tolerance 1e-09.
  values, vectors = lobpcg(projected_hamiltonian, guess, largest=False,
/home/erosanow_hpc/informed_swapping/BARK.py:163: UserWarning: Exited at iteration 50 with accuracies 
[8.38875591e-05]
not reaching the requested tolerance 1e-09.
Use iteration 7 instead with accuracy 
3.438725716803119e-06.

  values, vectors = lobpcg(projected_hamiltonian, guess, largest=False,
/home/erosanow_hpc/informed_swapping/BARK.py:163: UserWarning: Exited postprocessing with accuracies 
[3.43872572e-06]
not reaching the requested tolerance 1e-09.
  values, vectors = lobpcg(projected_hamiltonian, guess, largest=False,
/home/erosanow_hpc/informed_swapping/BARK.py:163: UserWarning: Exited at iteration 50 with accuracies 
[0.00014139]
not reaching the requested tolerance 1e-09.
Use iteration 6 instead with accuracy 
3.6895243653642193e-06.

  values, vectors = lobpcg(projected_hamiltonian, guess, largest=False,
/home/erosanow_hpc/informed_swapping/BARK.py:163: UserWarning: Exited postprocessing with accuracies 
[3.68952437e-06]
not reaching the requested tolerance 1e-09.
  values, vectors = lobpcg(projected_hamiltonian, guess, largest=False,
/home/erosanow_hpc/informed_swapping/BARK.py:163: UserWarning: Exited at iteration 50 with accuracies 
[4.15830036e-05]
not reaching the requested tolerance 1e-09.
Use iteration 5 instead with accuracy 
4.207747977122753e-06.

  values, vectors = lobpcg(projected_hamiltonian, guess, largest=False,
/home/erosanow_hpc/informed_swapping/BARK.py:163: UserWarning: Exited postprocessing with accuracies 
[4.20774798e-06]
not reaching the requested tolerance 1e-09.
  values, vectors = lobpcg(projected_hamiltonian, guess, largest=False,
/home/erosanow_hpc/informed_swapping/BARK.py:163: UserWarning: Exited at iteration 50 with accuracies 
[0.00023292]
not reaching the requested tolerance 1e-09.
Use iteration 6 instead with accuracy 
3.5693153826135237e-06.

  values, vectors = lobpcg(projected_hamiltonian, guess, largest=False,
/home/erosanow_hpc/informed_swapping/BARK.py:163: UserWarning: Exited postprocessing with accuracies 
[3.56931538e-06]
not reaching the requested tolerance 1e-09.
  values, vectors = lobpcg(projected_hamiltonian, guess, largest=False,
/home/erosanow_hpc/informed_swapping/BARK.py:163: UserWarning: Exited at iteration 50 with accuracies 
[0.00027635]
not reaching the requested tolerance 1e-09.
Use iteration 6 instead with accuracy 
4.022988118187078e-06.

  values, vectors = lobpcg(projected_hamiltonian, guess, largest=False,
/home/erosanow_hpc/informed_swapping/BARK.py:163: UserWarning: Exited postprocessing with accuracies 
[4.02298812e-06]
not reaching the requested tolerance 1e-09.
  values, vectors = lobpcg(projected_hamiltonian, guess, largest=False,
/home/erosanow_hpc/informed_swapping/BARK.py:163: UserWarning: Exited at iteration 50 with accuracies 
[0.00044241]
not reaching the requested tolerance 1e-09.
Use iteration 4 instead with accuracy 
4.073667033658164e-06.

  values, vectors = lobpcg(projected_hamiltonian, guess, largest=False,
/home/erosanow_hpc/informed_swapping/BARK.py:163: UserWarning: Exited postprocessing with accuracies 
[4.07366703e-06]
not reaching the requested tolerance 1e-09.
  values, vectors = lobpcg(projected_hamiltonian, guess, largest=False,
/home/erosanow_hpc/informed_swapping/BARK.py:163: UserWarning: Exited at iteration 50 with accuracies 
[0.00012305]
not reaching the requested tolerance 1e-09.
Use iteration 5 instead with accuracy 
4.180507328355743e-06.

  values, vectors = lobpcg(projected_hamiltonian, guess, largest=False,
/home/erosanow_hpc/informed_swapping/BARK.py:163: UserWarning: Exited postprocessing with accuracies 
[4.18050733e-06]
not reaching the requested tolerance 1e-09.
  values, vectors = lobpcg(projected_hamiltonian, guess, largest=False,
/home/erosanow_hpc/informed_swapping/BARK.py:163: UserWarning: Exited at iteration 50 with accuracies 
[0.00069389]
not reaching the requested tolerance 1e-09.
Use iteration 7 instead with accuracy 
4.027760976026422e-06.

  values, vectors = lobpcg(projected_hamiltonian, guess, largest=False,
/home/erosanow_hpc/informed_swapping/BARK.py:163: UserWarning: Exited postprocessing with accuracies 
[4.02776098e-06]
not reaching the requested tolerance 1e-09.
  values, vectors = lobpcg(projected_hamiltonian, guess, largest=False,
/home/erosanow_hpc/informed_swapping/BARK.py:163: UserWarning: Exited at iteration 50 with accuracies 
[0.00069023]
not reaching the requested tolerance 1e-09.
Use iteration 5 instead with accuracy 
3.3201585474356554e-06.

  values, vectors = lobpcg(projected_hamiltonian, guess, largest=False,
/home/erosanow_hpc/informed_swapping/BARK.py:163: UserWarning: Exited postprocessing with accuracies 
[3.32015855e-06]
not reaching the requested tolerance 1e-09.
  values, vectors = lobpcg(projected_hamiltonian, guess, largest=False,
/home/erosanow_hpc/informed_swapping/BARK.py:163: UserWarning: Exited at iteration 50 with accuracies 
[0.00014701]
not reaching the requested tolerance 1e-09.
Use iteration 7 instead with accuracy 
3.9499616290950616e-06.

  values, vectors = lobpcg(projected_hamiltonian, guess, largest=False,
/home/erosanow_hpc/informed_swapping/BARK.py:163: UserWarning: Exited postprocessing with accuracies 
[3.94996163e-06]
not reaching the requested tolerance 1e-09.
  values, vectors = lobpcg(projected_hamiltonian, guess, largest=False,
/home/erosanow_hpc/informed_swapping/BARK.py:163: UserWarning: Exited at iteration 50 with accuracies 
[0.00056167]
not reaching the requested tolerance 1e-09.
Use iteration 7 instead with accuracy 
4.703385648547664e-06.

  values, vectors = lobpcg(projected_hamiltonian, guess, largest=False,
/home/erosanow_hpc/informed_swapping/BARK.py:163: UserWarning: Exited postprocessing with accuracies 
[4.70338565e-06]
not reaching the requested tolerance 1e-09.
  values, vectors = lobpcg(projected_hamiltonian, guess, largest=False,
/home/erosanow_hpc/informed_swapping/BARK.py:163: UserWarning: Exited at iteration 50 with accuracies 
[0.00166703]
not reaching the requested tolerance 1e-09.
Use iteration 6 instead with accuracy 
4.334453587794032e-06.

  values, vectors = lobpcg(projected_hamiltonian, guess, largest=False,
/home/erosanow_hpc/informed_swapping/BARK.py:163: UserWarning: Exited postprocessing with accuracies 
[4.33445359e-06]
not reaching the requested tolerance 1e-09.
  values, vectors = lobpcg(projected_hamiltonian, guess, largest=False,
/home/erosanow_hpc/informed_swapping/BARK.py:163: UserWarning: Exited at iteration 50 with accuracies 
[5.34333515e-09]
not reaching the requested tolerance 1e-09.
Use iteration 9 instead with accuracy 
3.1342362671616367e-09.

  values, vectors = lobpcg(projected_hamiltonian, guess, largest=False,
/home/erosanow_hpc/informed_swapping/BARK.py:163: UserWarning: Exited at iteration 50 with accuracies 
[9.43642514e-09]
not reaching the requested tolerance 1e-09.
Use iteration 8 instead with accuracy 
3.0404621608143293e-09.

  values, vectors = lobpcg(projected_hamiltonian, guess, largest=False,
/home/erosanow_hpc/informed_swapping/BARK.py:163: UserWarning: Exited postprocessing with accuracies 
[3.04046218e-09]
not reaching the requested tolerance 1e-09.
  values, vectors = lobpcg(projected_hamiltonian, guess, largest=False,
/home/erosanow_hpc/informed_swapping/BARK.py:163: UserWarning: Exited at iteration 50 with accuracies 
[7.7037221e-09]
not reaching the requested tolerance 1e-09.
Use iteration 8 instead with accuracy 
3.2420842381285613e-09.

  values, vectors = lobpcg(projected_hamiltonian, guess, largest=False,
/home/erosanow_hpc/informed_swapping/BARK.py:163: UserWarning: Exited at iteration 50 with accuracies 
[4.44636767e-09]
not reaching the requested tolerance 1e-09.
Use iteration 8 instead with accuracy 
2.9831613589188225e-09.

  values, vectors = lobpcg(projected_hamiltonian, guess, largest=False,
/home/erosanow_hpc/informed_swapping/BARK.py:163: UserWarning: Exited at iteration 50 with accuracies 
[3.78952315e-09]
not reaching the requested tolerance 1e-09.
Use iteration 9 instead with accuracy 
3.1433833756040985e-09.

  values, vectors = lobpcg(projected_hamiltonian, guess, largest=False,
/home/erosanow_hpc/informed_swapping/BARK.py:163: UserWarning: Exited postprocessing with accuracies 
[3.14338339e-09]
not reaching the requested tolerance 1e-09.
  values, vectors = lobpcg(projected_hamiltonian, guess, largest=False,
/home/erosanow_hpc/informed_swapping/BARK.py:163: UserWarning: Exited at iteration 50 with accuracies 
[3.13811852e-08]
not reaching the requested tolerance 1e-09.
Use iteration 9 instead with accuracy 
3.151641585735006e-09.

  values, vectors = lobpcg(projected_hamiltonian, guess, largest=False,
/home/erosanow_hpc/informed_swapping/BARK.py:163: UserWarning: Exited postprocessing with accuracies 
[3.1516416e-09]
not reaching the requested tolerance 1e-09.
  values, vectors = lobpcg(projected_hamiltonian, guess, largest=False,
/home/erosanow_hpc/informed_swapping/BARK.py:163: UserWarning: Exited at iteration 50 with accuracies 
[3.70859437e-09]
not reaching the requested tolerance 1e-09.
Use iteration 8 instead with accuracy 
3.527608213632176e-09.

  values, vectors = lobpcg(projected_hamiltonian, guess, largest=False,
/home/erosanow_hpc/informed_swapping/BARK.py:163: UserWarning: Exited postprocessing with accuracies 
[3.52760821e-09]
not reaching the requested tolerance 1e-09.
  values, vectors = lobpcg(projected_hamiltonian, guess, largest=False,
/home/erosanow_hpc/informed_swapping/BARK.py:163: UserWarning: Exited at iteration 50 with accuracies 
[3.36040803e-09]
not reaching the requested tolerance 1e-09.
Use iteration 51 instead with accuracy 
3.360408026545973e-09.

  values, vectors = lobpcg(projected_hamiltonian, guess, largest=False,
/home/erosanow_hpc/informed_swapping/BARK.py:163: UserWarning: Exited postprocessing with accuracies 
[3.36040834e-09]
not reaching the requested tolerance 1e-09.
  values, vectors = lobpcg(projected_hamiltonian, guess, largest=False,
/home/erosanow_hpc/informed_swapping/BARK.py:163: UserWarning: Exited at iteration 50 with accuracies 
[9.97719929e-09]
not reaching the requested tolerance 1e-09.
Use iteration 9 instead with accuracy 
8.984292116385297e-09.

  values, vectors = lobpcg(projected_hamiltonian, guess, largest=False,
/home/erosanow_hpc/informed_swapping/BARK.py:163: UserWarning: Exited postprocessing with accuracies 
[8.98429212e-09]
not reaching the requested tolerance 1e-09.
  values, vectors = lobpcg(projected_hamiltonian, guess, largest=False,
/home/erosanow_hpc/informed_swapping/BARK.py:163: UserWarning: Exited at iteration 50 with accuracies 
[6.62433129e-09]
not reaching the requested tolerance 1e-09.
Use iteration 51 instead with accuracy 
6.624331287846165e-09.

  values, vectors = lobpcg(projected_hamiltonian, guess, largest=False,
/home/erosanow_hpc/informed_swapping/BARK.py:163: UserWarning: Exited postprocessing with accuracies 
[6.62433172e-09]
not reaching the requested tolerance 1e-09.
  values, vectors = lobpcg(projected_hamiltonian, guess, largest=False,
/home/erosanow_hpc/informed_swapping/BARK.py:163: UserWarning: Exited at iteration 50 with accuracies 
[2.83495689e-09]
not reaching the requested tolerance 1e-09.
Use iteration 51 instead with accuracy 
2.834956894399756e-09.

  values, vectors = lobpcg(projected_hamiltonian, guess, largest=False,
/home/erosanow_hpc/informed_swapping/BARK.py:163: UserWarning: Exited postprocessing with accuracies 
[2.83495752e-09]
not reaching the requested tolerance 1e-09.
  values, vectors = lobpcg(projected_hamiltonian, guess, largest=False,
/home/erosanow_hpc/informed_swapping/BARK.py:163: UserWarning: Exited at iteration 50 with accuracies 
[1.23120388e-08]
not reaching the requested tolerance 1e-09.
Use iteration 9 instead with accuracy 
7.647228963627926e-09.

  values, vectors = lobpcg(projected_hamiltonian, guess, largest=False,
/home/erosanow_hpc/informed_swapping/BARK.py:163: UserWarning: Exited postprocessing with accuracies 
[7.64722894e-09]
not reaching the requested tolerance 1e-09.
  values, vectors = lobpcg(projected_hamiltonian, guess, largest=False,
/home/erosanow_hpc/informed_swapping/BARK.py:163: UserWarning: Exited at iteration 50 with accuracies 
[4.53039201e-09]
not reaching the requested tolerance 1e-09.
Use iteration 51 instead with accuracy 
4.530392011884283e-09.

  values, vectors = lobpcg(projected_hamiltonian, guess, largest=False,
/home/erosanow_hpc/informed_swapping/BARK.py:163: UserWarning: Exited postprocessing with accuracies 
[4.53039266e-09]
not reaching the requested tolerance 1e-09.
  values, vectors = lobpcg(projected_hamiltonian, guess, largest=False,
/home/erosanow_hpc/informed_swapping/BARK.py:163: UserWarning: Exited at iteration 50 with accuracies 
[5.34334008e-09]
not reaching the requested tolerance 1e-09.
Use iteration 9 instead with accuracy 
3.1342362645395867e-09.

  values, vectors = lobpcg(projected_hamiltonian, guess, largest=False,
/home/erosanow_hpc/informed_swapping/BARK.py:163: UserWarning: Exited postprocessing with accuracies 
[3.13423625e-09]
not reaching the requested tolerance 1e-09.
  values, vectors = lobpcg(projected_hamiltonian, guess, largest=False,
/home/erosanow_hpc/informed_swapping/BARK.py:163: UserWarning: Exited at iteration 50 with accuracies 
[9.4364266e-09]
not reaching the requested tolerance 1e-09.
Use iteration 8 instead with accuracy 
3.040462132654355e-09.

  values, vectors = lobpcg(projected_hamiltonian, guess, largest=False,
/home/erosanow_hpc/informed_swapping/BARK.py:163: UserWarning: Exited postprocessing with accuracies 
[3.04046213e-09]
not reaching the requested tolerance 1e-09.
  values, vectors = lobpcg(projected_hamiltonian, guess, largest=False,
/home/erosanow_hpc/informed_swapping/BARK.py:163: UserWarning: Exited at iteration 50 with accuracies 
[7.70426746e-09]
not reaching the requested tolerance 1e-09.
Use iteration 8 instead with accuracy 
3.242084213960182e-09.

  values, vectors = lobpcg(projected_hamiltonian, guess, largest=False,
/home/erosanow_hpc/informed_swapping/BARK.py:163: UserWarning: Exited postprocessing with accuracies 
[3.24208421e-09]
not reaching the requested tolerance 1e-09.
  values, vectors = lobpcg(projected_hamiltonian, guess, largest=False,
/home/erosanow_hpc/informed_swapping/BARK.py:163: UserWarning: Exited at iteration 50 with accuracies 
[4.44634146e-09]
not reaching the requested tolerance 1e-09.
Use iteration 8 instead with accuracy 
2.9831613564892103e-09.

  values, vectors = lobpcg(projected_hamiltonian, guess, largest=False,
/home/erosanow_hpc/informed_swapping/BARK.py:163: UserWarning: Exited postprocessing with accuracies 
[2.9831611e-09]
not reaching the requested tolerance 1e-09.
  values, vectors = lobpcg(projected_hamiltonian, guess, largest=False,
/home/erosanow_hpc/informed_swapping/BARK.py:163: UserWarning: Exited at iteration 50 with accuracies 
[3.78952202e-09]
not reaching the requested tolerance 1e-09.
Use iteration 9 instead with accuracy 
3.14338335105062e-09.

  values, vectors = lobpcg(projected_hamiltonian, guess, largest=False,
/home/erosanow_hpc/informed_swapping/BARK.py:163: UserWarning: Exited postprocessing with accuracies 
[3.14338335e-09]
not reaching the requested tolerance 1e-09.
  values, vectors = lobpcg(projected_hamiltonian, guess, largest=False,
/home/erosanow_hpc/informed_swapping/BARK.py:163: UserWarning: Exited at iteration 50 with accuracies 
[3.13795277e-08]
not reaching the requested tolerance 1e-09.
Use iteration 9 instead with accuracy 
3.1516415750973995e-09.

  values, vectors = lobpcg(projected_hamiltonian, guess, largest=False,
/home/erosanow_hpc/informed_swapping/BARK.py:163: UserWarning: Exited at iteration 50 with accuracies 
[3.70859912e-09]
not reaching the requested tolerance 1e-09.
Use iteration 8 instead with accuracy 
3.527608192268982e-09.

  values, vectors = lobpcg(projected_hamiltonian, guess, largest=False,
/home/erosanow_hpc/informed_swapping/BARK.py:163: UserWarning: Exited postprocessing with accuracies 
[3.52760819e-09]
not reaching the requested tolerance 1e-09.
  values, vectors = lobpcg(projected_hamiltonian, guess, largest=False,
/home/erosanow_hpc/informed_swapping/BARK.py:163: UserWarning: Exited at iteration 50 with accuracies 
[3.36041994e-09]
not reaching the requested tolerance 1e-09.
Use iteration 51 instead with accuracy 
3.360419935422083e-09.

  values, vectors = lobpcg(projected_hamiltonian, guess, largest=False,
/home/erosanow_hpc/informed_swapping/BARK.py:163: UserWarning: Exited postprocessing with accuracies 
[3.36042067e-09]
not reaching the requested tolerance 1e-09.
  values, vectors = lobpcg(projected_hamiltonian, guess, largest=False,
/home/erosanow_hpc/informed_swapping/BARK.py:163: UserWarning: Exited at iteration 50 with accuracies 
[9.97769892e-09]
not reaching the requested tolerance 1e-09.
Use iteration 9 instead with accuracy 
8.984291695680127e-09.

  values, vectors = lobpcg(projected_hamiltonian, guess, largest=False,
/home/erosanow_hpc/informed_swapping/BARK.py:163: UserWarning: Exited postprocessing with accuracies 
[8.98429169e-09]
not reaching the requested tolerance 1e-09.
  values, vectors = lobpcg(projected_hamiltonian, guess, largest=False,
/home/erosanow_hpc/informed_swapping/BARK.py:163: UserWarning: Exited at iteration 50 with accuracies 
[6.62433017e-09]
not reaching the requested tolerance 1e-09.
Use iteration 51 instead with accuracy 
6.624330167446439e-09.

  values, vectors = lobpcg(projected_hamiltonian, guess, largest=False,
/home/erosanow_hpc/informed_swapping/BARK.py:163: UserWarning: Exited postprocessing with accuracies 
[6.62432953e-09]
not reaching the requested tolerance 1e-09.
  values, vectors = lobpcg(projected_hamiltonian, guess, largest=False,
/home/erosanow_hpc/informed_swapping/BARK.py:163: UserWarning: Exited at iteration 50 with accuracies 
[5.3433411e-09]
not reaching the requested tolerance 1e-09.
Use iteration 9 instead with accuracy 
3.134236263444604e-09.

  values, vectors = lobpcg(projected_hamiltonian, guess, largest=False,
/home/erosanow_hpc/informed_swapping/BARK.py:163: UserWarning: Exited at iteration 50 with accuracies 
[9.43642838e-09]
not reaching the requested tolerance 1e-09.
Use iteration 8 instead with accuracy 
3.0404621304512012e-09.

  values, vectors = lobpcg(projected_hamiltonian, guess, largest=False,
/home/erosanow_hpc/informed_swapping/BARK.py:163: UserWarning: Exited at iteration 50 with accuracies 
[7.70376051e-09]
not reaching the requested tolerance 1e-09.
Use iteration 8 instead with accuracy 
3.242084200136994e-09.

  values, vectors = lobpcg(projected_hamiltonian, guess, largest=False,
/home/erosanow_hpc/informed_swapping/BARK.py:163: UserWarning: Exited postprocessing with accuracies 
[3.2420842e-09]
not reaching the requested tolerance 1e-09.
  values, vectors = lobpcg(projected_hamiltonian, guess, largest=False,
/home/erosanow_hpc/informed_swapping/BARK.py:163: UserWarning: Exited at iteration 50 with accuracies 
[4.4463483e-09]
not reaching the requested tolerance 1e-09.
Use iteration 8 instead with accuracy 
2.98316136447103e-09.

  values, vectors = lobpcg(projected_hamiltonian, guess, largest=False,
/home/erosanow_hpc/informed_swapping/BARK.py:163: UserWarning: Exited postprocessing with accuracies 
[2.98316107e-09]
not reaching the requested tolerance 1e-09.
  values, vectors = lobpcg(projected_hamiltonian, guess, largest=False,
/home/erosanow_hpc/informed_swapping/BARK.py:163: UserWarning: Exited at iteration 50 with accuracies 
[3.78952731e-09]
not reaching the requested tolerance 1e-09.
Use iteration 9 instead with accuracy 
3.1433833451077286e-09.

  values, vectors = lobpcg(projected_hamiltonian, guess, largest=False,
/home/erosanow_hpc/informed_swapping/BARK.py:163: UserWarning: Exited at iteration 50 with accuracies 
[3.13810033e-08]
not reaching the requested tolerance 1e-09.
Use iteration 9 instead with accuracy 
3.1516415745485006e-09.

  values, vectors = lobpcg(projected_hamiltonian, guess, largest=False,
/home/erosanow_hpc/informed_swapping/BARK.py:163: UserWarning: Exited postprocessing with accuracies 
[3.15164157e-09]
not reaching the requested tolerance 1e-09.
  values, vectors = lobpcg(projected_hamiltonian, guess, largest=False,
/home/erosanow_hpc/informed_swapping/BARK.py:163: UserWarning: Exited at iteration 50 with accuracies 
[3.70859884e-09]
not reaching the requested tolerance 1e-09.
Use iteration 8 instead with accuracy 
3.5276081969728182e-09.

  values, vectors = lobpcg(projected_hamiltonian, guess, largest=False,
/home/erosanow_hpc/informed_swapping/BARK.py:163: UserWarning: Exited at iteration 50 with accuracies 
[3.36041568e-09]
not reaching the requested tolerance 1e-09.
Use iteration 51 instead with accuracy 
3.3604156843063515e-09.

  values, vectors = lobpcg(projected_hamiltonian, guess, largest=False,
/home/erosanow_hpc/informed_swapping/BARK.py:163: UserWarning: Exited postprocessing with accuracies 
[3.36041588e-09]
not reaching the requested tolerance 1e-09.
  values, vectors = lobpcg(projected_hamiltonian, guess, largest=False,
/home/erosanow_hpc/informed_swapping/BARK.py:163: UserWarning: Exited at iteration 50 with accuracies 
[9.97752858e-09]
not reaching the requested tolerance 1e-09.
Use iteration 9 instead with accuracy 
8.984291499284338e-09.

  values, vectors = lobpcg(projected_hamiltonian, guess, largest=False,
/home/erosanow_hpc/informed_swapping/BARK.py:163: UserWarning: Exited postprocessing with accuracies 
[8.9842915e-09]
not reaching the requested tolerance 1e-09.
  values, vectors = lobpcg(projected_hamiltonian, guess, largest=False,
/home/erosanow_hpc/informed_swapping/BARK.py:163: UserWarning: Exited at iteration 50 with accuracies 
[6.62433011e-09]
not reaching the requested tolerance 1e-09.
Use iteration 51 instead with accuracy 
6.624330113306563e-09.

  values, vectors = lobpcg(projected_hamiltonian, guess, largest=False,
/home/erosanow_hpc/informed_swapping/BARK.py:163: UserWarning: Exited postprocessing with accuracies 
[6.62433126e-09]
not reaching the requested tolerance 1e-09.
  values, vectors = lobpcg(projected_hamiltonian, guess, largest=False,
