/home/erosanow_hpc/informed_swapping/BARK.py:156: UserWarning: Exited at iteration 50 with accuracies 
[2.49780055e-09]
not reaching the requested tolerance 1e-09.
Use iteration 51 instead with accuracy 
2.497800553071116e-09.

  values, vectors = lobpcg(projected_hamiltonian, guess, largest=False,
/home/erosanow_hpc/informed_swapping/BARK.py:156: UserWarning: Exited postprocessing with accuracies 
[2.49779921e-09]
not reaching the requested tolerance 1e-09.
  values, vectors = lobpcg(projected_hamiltonian, guess, largest=False,
/home/erosanow_hpc/informed_swapping/BARK.py:156: UserWarning: Exited at iteration 50 with accuracies 
[1.76257755e-08]
not reaching the requested tolerance 1e-09.
Use iteration 51 instead with accuracy 
1.7625775480320127e-08.

  values, vectors = lobpcg(projected_hamiltonian, guess, largest=False,
/home/erosanow_hpc/informed_swapping/BARK.py:156: UserWarning: Exited postprocessing with accuracies 
[1.76257766e-08]
not reaching the requested tolerance 1e-09.
  values, vectors = lobpcg(projected_hamiltonian, guess, largest=False,
/home/erosanow_hpc/informed_swapping/BARK.py:156: UserWarning: Exited at iteration 50 with accuracies 
[5.35816844e-07]
not reaching the requested tolerance 1e-09.
Use iteration 50 instead with accuracy 
4.0137447488707424e-07.

  values, vectors = lobpcg(projected_hamiltonian, guess, largest=False,
/home/erosanow_hpc/informed_swapping/BARK.py:156: UserWarning: Exited postprocessing with accuracies 
[4.01374475e-07]
not reaching the requested tolerance 1e-09.
  values, vectors = lobpcg(projected_hamiltonian, guess, largest=False,
/home/erosanow_hpc/informed_swapping/BARK.py:156: UserWarning: Exited at iteration 50 with accuracies 
[3.96525614e-08]
not reaching the requested tolerance 1e-09.
Use iteration 51 instead with accuracy 
3.9652561367525604e-08.

  values, vectors = lobpcg(projected_hamiltonian, guess, largest=False,
/home/erosanow_hpc/informed_swapping/BARK.py:156: UserWarning: Exited postprocessing with accuracies 
[3.96525617e-08]
not reaching the requested tolerance 1e-09.
  values, vectors = lobpcg(projected_hamiltonian, guess, largest=False,
/home/erosanow_hpc/informed_swapping/BARK.py:156: UserWarning: Exited at iteration 50 with accuracies 
[1.08761123e-09]
not reaching the requested tolerance 1e-09.
Use iteration 51 instead with accuracy 
1.0876112318736965e-09.

  values, vectors = lobpcg(projected_hamiltonian, guess, largest=False,
/home/erosanow_hpc/informed_swapping/BARK.py:156: UserWarning: Exited postprocessing with accuracies 
[1.08761093e-09]
not reaching the requested tolerance 1e-09.
  values, vectors = lobpcg(projected_hamiltonian, guess, largest=False,
/home/erosanow_hpc/informed_swapping/BARK.py:156: UserWarning: Exited at iteration 50 with accuracies 
[1.41987131e-09]
not reaching the requested tolerance 1e-09.
Use iteration 51 instead with accuracy 
1.4198713076759091e-09.

  values, vectors = lobpcg(projected_hamiltonian, guess, largest=False,
/home/erosanow_hpc/informed_swapping/BARK.py:156: UserWarning: Exited postprocessing with accuracies 
[1.41987096e-09]
not reaching the requested tolerance 1e-09.
  values, vectors = lobpcg(projected_hamiltonian, guess, largest=False,
/home/erosanow_hpc/informed_swapping/BARK.py:156: UserWarning: Exited at iteration 50 with accuracies 
[2.41335389e-09]
not reaching the requested tolerance 1e-09.
Use iteration 51 instead with accuracy 
2.413353886693487e-09.

  values, vectors = lobpcg(projected_hamiltonian, guess, largest=False,
/home/erosanow_hpc/informed_swapping/BARK.py:156: UserWarning: Exited postprocessing with accuracies 
[2.4133534e-09]
not reaching the requested tolerance 1e-09.
  values, vectors = lobpcg(projected_hamiltonian, guess, largest=False,
/home/erosanow_hpc/informed_swapping/BARK.py:156: UserWarning: Exited at iteration 50 with accuracies 
[1.10661388e-09]
not reaching the requested tolerance 1e-09.
Use iteration 51 instead with accuracy 
1.1066138812387415e-09.

  values, vectors = lobpcg(projected_hamiltonian, guess, largest=False,
/home/erosanow_hpc/informed_swapping/BARK.py:156: UserWarning: Exited postprocessing with accuracies 
[1.10661476e-09]
not reaching the requested tolerance 1e-09.
  values, vectors = lobpcg(projected_hamiltonian, guess, largest=False,
/home/erosanow_hpc/informed_swapping/BARK.py:156: UserWarning: Exited at iteration 50 with accuracies 
[2.83868434e-09]
not reaching the requested tolerance 1e-09.
Use iteration 51 instead with accuracy 
2.838684338426921e-09.

  values, vectors = lobpcg(projected_hamiltonian, guess, largest=False,
/home/erosanow_hpc/informed_swapping/BARK.py:156: UserWarning: Exited postprocessing with accuracies 
[2.83868366e-09]
not reaching the requested tolerance 1e-09.
  values, vectors = lobpcg(projected_hamiltonian, guess, largest=False,
/home/erosanow_hpc/informed_swapping/BARK.py:156: UserWarning: Exited at iteration 50 with accuracies 
[6.97475318e-09]
not reaching the requested tolerance 1e-09.
Use iteration 51 instead with accuracy 
6.974753178955895e-09.

  values, vectors = lobpcg(projected_hamiltonian, guess, largest=False,
/home/erosanow_hpc/informed_swapping/BARK.py:156: UserWarning: Exited postprocessing with accuracies 
[6.97475205e-09]
not reaching the requested tolerance 1e-09.
  values, vectors = lobpcg(projected_hamiltonian, guess, largest=False,
/home/erosanow_hpc/informed_swapping/BARK.py:156: UserWarning: Exited at iteration 50 with accuracies 
[3.42999711e-09]
not reaching the requested tolerance 1e-09.
Use iteration 51 instead with accuracy 
3.4299971136871333e-09.

  values, vectors = lobpcg(projected_hamiltonian, guess, largest=False,
/home/erosanow_hpc/informed_swapping/BARK.py:156: UserWarning: Exited postprocessing with accuracies 
[3.42999622e-09]
not reaching the requested tolerance 1e-09.
  values, vectors = lobpcg(projected_hamiltonian, guess, largest=False,
/home/erosanow_hpc/informed_swapping/BARK.py:156: UserWarning: Exited at iteration 50 with accuracies 
[2.95747725e-08]
not reaching the requested tolerance 1e-09.
Use iteration 51 instead with accuracy 
2.957477245788433e-08.

  values, vectors = lobpcg(projected_hamiltonian, guess, largest=False,
/home/erosanow_hpc/informed_swapping/BARK.py:156: UserWarning: Exited postprocessing with accuracies 
[2.95747726e-08]
not reaching the requested tolerance 1e-09.
  values, vectors = lobpcg(projected_hamiltonian, guess, largest=False,
/home/erosanow_hpc/informed_swapping/BARK.py:156: UserWarning: Exited at iteration 50 with accuracies 
[4.70441196e-07]
not reaching the requested tolerance 1e-09.
Use iteration 49 instead with accuracy 
2.649775813938131e-07.

  values, vectors = lobpcg(projected_hamiltonian, guess, largest=False,
/home/erosanow_hpc/informed_swapping/BARK.py:156: UserWarning: Exited postprocessing with accuracies 
[2.64977582e-07]
not reaching the requested tolerance 1e-09.
  values, vectors = lobpcg(projected_hamiltonian, guess, largest=False,
/home/erosanow_hpc/informed_swapping/BARK.py:156: UserWarning: Exited at iteration 50 with accuracies 
[5.14779494e-06]
not reaching the requested tolerance 1e-09.
Use iteration 51 instead with accuracy 
5.147794943842499e-06.

  values, vectors = lobpcg(projected_hamiltonian, guess, largest=False,
/home/erosanow_hpc/informed_swapping/BARK.py:156: UserWarning: Exited postprocessing with accuracies 
[5.14779494e-06]
not reaching the requested tolerance 1e-09.
  values, vectors = lobpcg(projected_hamiltonian, guess, largest=False,
/home/erosanow_hpc/informed_swapping/BARK.py:156: UserWarning: Exited at iteration 50 with accuracies 
[2.14886693e-09]
not reaching the requested tolerance 1e-09.
Use iteration 51 instead with accuracy 
2.148866934217132e-09.

  values, vectors = lobpcg(projected_hamiltonian, guess, largest=False,
/home/erosanow_hpc/informed_swapping/BARK.py:156: UserWarning: Exited postprocessing with accuracies 
[2.14886587e-09]
not reaching the requested tolerance 1e-09.
  values, vectors = lobpcg(projected_hamiltonian, guess, largest=False,
/home/erosanow_hpc/informed_swapping/BARK.py:156: UserWarning: Exited at iteration 50 with accuracies 
[1.79605366e-08]
not reaching the requested tolerance 1e-09.
Use iteration 51 instead with accuracy 
1.7960536594767714e-08.

  values, vectors = lobpcg(projected_hamiltonian, guess, largest=False,
/home/erosanow_hpc/informed_swapping/BARK.py:156: UserWarning: Exited postprocessing with accuracies 
[1.79605359e-08]
not reaching the requested tolerance 1e-09.
  values, vectors = lobpcg(projected_hamiltonian, guess, largest=False,
/home/erosanow_hpc/informed_swapping/BARK.py:156: UserWarning: Exited at iteration 50 with accuracies 
[6.15737804e-07]
not reaching the requested tolerance 1e-09.
Use iteration 50 instead with accuracy 
4.3669744193764903e-07.

  values, vectors = lobpcg(projected_hamiltonian, guess, largest=False,
/home/erosanow_hpc/informed_swapping/BARK.py:156: UserWarning: Exited postprocessing with accuracies 
[4.36697442e-07]
not reaching the requested tolerance 1e-09.
  values, vectors = lobpcg(projected_hamiltonian, guess, largest=False,
/home/erosanow_hpc/informed_swapping/BARK.py:156: UserWarning: Exited at iteration 50 with accuracies 
[3.86374753e-08]
not reaching the requested tolerance 1e-09.
Use iteration 51 instead with accuracy 
3.863747527054001e-08.

  values, vectors = lobpcg(projected_hamiltonian, guess, largest=False,
/home/erosanow_hpc/informed_swapping/BARK.py:156: UserWarning: Exited postprocessing with accuracies 
[3.8637475e-08]
not reaching the requested tolerance 1e-09.
  values, vectors = lobpcg(projected_hamiltonian, guess, largest=False,
/home/erosanow_hpc/informed_swapping/BARK.py:156: UserWarning: Exited at iteration 50 with accuracies 
[1.19466336e-09]
not reaching the requested tolerance 1e-09.
Use iteration 51 instead with accuracy 
1.194663364997206e-09.

  values, vectors = lobpcg(projected_hamiltonian, guess, largest=False,
/home/erosanow_hpc/informed_swapping/BARK.py:156: UserWarning: Exited postprocessing with accuracies 
[1.19466301e-09]
not reaching the requested tolerance 1e-09.
  values, vectors = lobpcg(projected_hamiltonian, guess, largest=False,
/home/erosanow_hpc/informed_swapping/BARK.py:156: UserWarning: Exited at iteration 50 with accuracies 
[1.08406112e-09]
not reaching the requested tolerance 1e-09.
Use iteration 51 instead with accuracy 
1.0840611181265975e-09.

  values, vectors = lobpcg(projected_hamiltonian, guess, largest=False,
/home/erosanow_hpc/informed_swapping/BARK.py:156: UserWarning: Exited postprocessing with accuracies 
[1.08406171e-09]
not reaching the requested tolerance 1e-09.
  values, vectors = lobpcg(projected_hamiltonian, guess, largest=False,
/home/erosanow_hpc/informed_swapping/BARK.py:156: UserWarning: Exited at iteration 50 with accuracies 
[2.66759436e-09]
not reaching the requested tolerance 1e-09.
Use iteration 51 instead with accuracy 
2.6675943579395256e-09.

  values, vectors = lobpcg(projected_hamiltonian, guess, largest=False,
/home/erosanow_hpc/informed_swapping/BARK.py:156: UserWarning: Exited postprocessing with accuracies 
[2.66759494e-09]
not reaching the requested tolerance 1e-09.
  values, vectors = lobpcg(projected_hamiltonian, guess, largest=False,
/home/erosanow_hpc/informed_swapping/BARK.py:156: UserWarning: Exited at iteration 50 with accuracies 
[1.28797068e-09]
not reaching the requested tolerance 1e-09.
Use iteration 51 instead with accuracy 
1.2879706751582685e-09.

  values, vectors = lobpcg(projected_hamiltonian, guess, largest=False,
/home/erosanow_hpc/informed_swapping/BARK.py:156: UserWarning: Exited postprocessing with accuracies 
[1.28797172e-09]
not reaching the requested tolerance 1e-09.
  values, vectors = lobpcg(projected_hamiltonian, guess, largest=False,
/home/erosanow_hpc/informed_swapping/BARK.py:156: UserWarning: Exited at iteration 50 with accuracies 
[2.25336101e-09]
not reaching the requested tolerance 1e-09.
Use iteration 51 instead with accuracy 
2.2533610070814507e-09.

  values, vectors = lobpcg(projected_hamiltonian, guess, largest=False,
/home/erosanow_hpc/informed_swapping/BARK.py:156: UserWarning: Exited postprocessing with accuracies 
[2.25336096e-09]
not reaching the requested tolerance 1e-09.
  values, vectors = lobpcg(projected_hamiltonian, guess, largest=False,
/home/erosanow_hpc/informed_swapping/BARK.py:156: UserWarning: Exited at iteration 50 with accuracies 
[6.89322738e-09]
not reaching the requested tolerance 1e-09.
Use iteration 51 instead with accuracy 
6.8932273837898075e-09.

  values, vectors = lobpcg(projected_hamiltonian, guess, largest=False,
/home/erosanow_hpc/informed_swapping/BARK.py:156: UserWarning: Exited postprocessing with accuracies 
[6.89322717e-09]
not reaching the requested tolerance 1e-09.
  values, vectors = lobpcg(projected_hamiltonian, guess, largest=False,
/home/erosanow_hpc/informed_swapping/BARK.py:156: UserWarning: Exited at iteration 50 with accuracies 
[3.83625811e-09]
not reaching the requested tolerance 1e-09.
Use iteration 51 instead with accuracy 
3.83625811492255e-09.

  values, vectors = lobpcg(projected_hamiltonian, guess, largest=False,
/home/erosanow_hpc/informed_swapping/BARK.py:156: UserWarning: Exited postprocessing with accuracies 
[3.83625749e-09]
not reaching the requested tolerance 1e-09.
  values, vectors = lobpcg(projected_hamiltonian, guess, largest=False,
/home/erosanow_hpc/informed_swapping/BARK.py:156: UserWarning: Exited at iteration 50 with accuracies 
[2.89086307e-08]
not reaching the requested tolerance 1e-09.
Use iteration 51 instead with accuracy 
2.89086307416492e-08.

  values, vectors = lobpcg(projected_hamiltonian, guess, largest=False,
/home/erosanow_hpc/informed_swapping/BARK.py:156: UserWarning: Exited postprocessing with accuracies 
[2.8908631e-08]
not reaching the requested tolerance 1e-09.
  values, vectors = lobpcg(projected_hamiltonian, guess, largest=False,
/home/erosanow_hpc/informed_swapping/BARK.py:156: UserWarning: Exited at iteration 50 with accuracies 
[4.37282435e-07]
not reaching the requested tolerance 1e-09.
Use iteration 49 instead with accuracy 
2.558946731078793e-07.

  values, vectors = lobpcg(projected_hamiltonian, guess, largest=False,
/home/erosanow_hpc/informed_swapping/BARK.py:156: UserWarning: Exited postprocessing with accuracies 
[2.55894673e-07]
not reaching the requested tolerance 1e-09.
  values, vectors = lobpcg(projected_hamiltonian, guess, largest=False,
/home/erosanow_hpc/informed_swapping/BARK.py:156: UserWarning: Exited at iteration 50 with accuracies 
[5.25028721e-06]
not reaching the requested tolerance 1e-09.
Use iteration 51 instead with accuracy 
5.250287206611928e-06.

  values, vectors = lobpcg(projected_hamiltonian, guess, largest=False,
/home/erosanow_hpc/informed_swapping/BARK.py:156: UserWarning: Exited postprocessing with accuracies 
[5.25028721e-06]
not reaching the requested tolerance 1e-09.
  values, vectors = lobpcg(projected_hamiltonian, guess, largest=False,
/home/erosanow_hpc/informed_swapping/BARK.py:156: UserWarning: Exited at iteration 50 with accuracies 
[2.34911131e-09]
not reaching the requested tolerance 1e-09.
Use iteration 51 instead with accuracy 
2.3491113131497907e-09.

  values, vectors = lobpcg(projected_hamiltonian, guess, largest=False,
/home/erosanow_hpc/informed_swapping/BARK.py:156: UserWarning: Exited postprocessing with accuracies 
[2.34911145e-09]
not reaching the requested tolerance 1e-09.
  values, vectors = lobpcg(projected_hamiltonian, guess, largest=False,
/home/erosanow_hpc/informed_swapping/BARK.py:156: UserWarning: Exited at iteration 50 with accuracies 
[1.8162615e-08]
not reaching the requested tolerance 1e-09.
Use iteration 51 instead with accuracy 
1.8162614993779865e-08.

  values, vectors = lobpcg(projected_hamiltonian, guess, largest=False,
/home/erosanow_hpc/informed_swapping/BARK.py:156: UserWarning: Exited postprocessing with accuracies 
[1.81626164e-08]
not reaching the requested tolerance 1e-09.
  values, vectors = lobpcg(projected_hamiltonian, guess, largest=False,
/home/erosanow_hpc/informed_swapping/BARK.py:156: UserWarning: Exited at iteration 50 with accuracies 
[5.8545985e-07]
not reaching the requested tolerance 1e-09.
Use iteration 50 instead with accuracy 
4.201778190501293e-07.

  values, vectors = lobpcg(projected_hamiltonian, guess, largest=False,
/home/erosanow_hpc/informed_swapping/BARK.py:156: UserWarning: Exited postprocessing with accuracies 
[4.20177818e-07]
not reaching the requested tolerance 1e-09.
  values, vectors = lobpcg(projected_hamiltonian, guess, largest=False,
/home/erosanow_hpc/informed_swapping/BARK.py:156: UserWarning: Exited at iteration 50 with accuracies 
[3.96883047e-08]
not reaching the requested tolerance 1e-09.
Use iteration 51 instead with accuracy 
3.968830470063843e-08.

  values, vectors = lobpcg(projected_hamiltonian, guess, largest=False,
/home/erosanow_hpc/informed_swapping/BARK.py:156: UserWarning: Exited postprocessing with accuracies 
[3.96883043e-08]
not reaching the requested tolerance 1e-09.
  values, vectors = lobpcg(projected_hamiltonian, guess, largest=False,
/home/erosanow_hpc/informed_swapping/BARK.py:156: UserWarning: Exited at iteration 50 with accuracies 
[1.10217494e-09]
not reaching the requested tolerance 1e-09.
Use iteration 51 instead with accuracy 
1.1021749375922762e-09.

  values, vectors = lobpcg(projected_hamiltonian, guess, largest=False,
/home/erosanow_hpc/informed_swapping/BARK.py:156: UserWarning: Exited postprocessing with accuracies 
[1.1021745e-09]
not reaching the requested tolerance 1e-09.
  values, vectors = lobpcg(projected_hamiltonian, guess, largest=False,
/home/erosanow_hpc/informed_swapping/BARK.py:156: UserWarning: Exited at iteration 50 with accuracies 
[1.42729821e-09]
not reaching the requested tolerance 1e-09.
Use iteration 51 instead with accuracy 
1.4272982078832546e-09.

  values, vectors = lobpcg(projected_hamiltonian, guess, largest=False,
/home/erosanow_hpc/informed_swapping/BARK.py:156: UserWarning: Exited postprocessing with accuracies 
[1.42729833e-09]
not reaching the requested tolerance 1e-09.
  values, vectors = lobpcg(projected_hamiltonian, guess, largest=False,
/home/erosanow_hpc/informed_swapping/BARK.py:156: UserWarning: Exited at iteration 50 with accuracies 
[2.40909258e-09]
not reaching the requested tolerance 1e-09.
Use iteration 51 instead with accuracy 
2.409092579575241e-09.

  values, vectors = lobpcg(projected_hamiltonian, guess, largest=False,
/home/erosanow_hpc/informed_swapping/BARK.py:156: UserWarning: Exited postprocessing with accuracies 
[2.40909289e-09]
not reaching the requested tolerance 1e-09.
  values, vectors = lobpcg(projected_hamiltonian, guess, largest=False,
/home/erosanow_hpc/informed_swapping/BARK.py:156: UserWarning: Exited at iteration 50 with accuracies 
[1.11302187e-09]
not reaching the requested tolerance 1e-09.
Use iteration 51 instead with accuracy 
1.1130218657233782e-09.

  values, vectors = lobpcg(projected_hamiltonian, guess, largest=False,
/home/erosanow_hpc/informed_swapping/BARK.py:156: UserWarning: Exited postprocessing with accuracies 
[1.11302195e-09]
not reaching the requested tolerance 1e-09.
  values, vectors = lobpcg(projected_hamiltonian, guess, largest=False,
/home/erosanow_hpc/informed_swapping/BARK.py:156: UserWarning: Exited at iteration 50 with accuracies 
[2.72609378e-09]
not reaching the requested tolerance 1e-09.
Use iteration 51 instead with accuracy 
2.726093784440127e-09.

  values, vectors = lobpcg(projected_hamiltonian, guess, largest=False,
/home/erosanow_hpc/informed_swapping/BARK.py:156: UserWarning: Exited postprocessing with accuracies 
[2.72609469e-09]
not reaching the requested tolerance 1e-09.
  values, vectors = lobpcg(projected_hamiltonian, guess, largest=False,
/home/erosanow_hpc/informed_swapping/BARK.py:156: UserWarning: Exited at iteration 50 with accuracies 
[6.26014525e-09]
not reaching the requested tolerance 1e-09.
Use iteration 51 instead with accuracy 
6.260145248250431e-09.

  values, vectors = lobpcg(projected_hamiltonian, guess, largest=False,
/home/erosanow_hpc/informed_swapping/BARK.py:156: UserWarning: Exited postprocessing with accuracies 
[6.26014439e-09]
not reaching the requested tolerance 1e-09.
  values, vectors = lobpcg(projected_hamiltonian, guess, largest=False,
/home/erosanow_hpc/informed_swapping/BARK.py:156: UserWarning: Exited at iteration 50 with accuracies 
[3.27600299e-09]
not reaching the requested tolerance 1e-09.
Use iteration 51 instead with accuracy 
3.276002990617901e-09.

  values, vectors = lobpcg(projected_hamiltonian, guess, largest=False,
/home/erosanow_hpc/informed_swapping/BARK.py:156: UserWarning: Exited postprocessing with accuracies 
[3.27600115e-09]
not reaching the requested tolerance 1e-09.
  values, vectors = lobpcg(projected_hamiltonian, guess, largest=False,
/home/erosanow_hpc/informed_swapping/BARK.py:156: UserWarning: Exited at iteration 50 with accuracies 
[2.73777097e-08]
not reaching the requested tolerance 1e-09.
Use iteration 51 instead with accuracy 
2.7377709665308476e-08.

  values, vectors = lobpcg(projected_hamiltonian, guess, largest=False,
/home/erosanow_hpc/informed_swapping/BARK.py:156: UserWarning: Exited postprocessing with accuracies 
[2.737771e-08]
not reaching the requested tolerance 1e-09.
  values, vectors = lobpcg(projected_hamiltonian, guess, largest=False,
/home/erosanow_hpc/informed_swapping/BARK.py:156: UserWarning: Exited at iteration 50 with accuracies 
[4.54372408e-07]
not reaching the requested tolerance 1e-09.
Use iteration 49 instead with accuracy 
2.586944413317213e-07.

  values, vectors = lobpcg(projected_hamiltonian, guess, largest=False,
/home/erosanow_hpc/informed_swapping/BARK.py:156: UserWarning: Exited postprocessing with accuracies 
[2.58694442e-07]
not reaching the requested tolerance 1e-09.
  values, vectors = lobpcg(projected_hamiltonian, guess, largest=False,
/home/erosanow_hpc/informed_swapping/BARK.py:156: UserWarning: Exited at iteration 50 with accuracies 
[5.20484003e-06]
not reaching the requested tolerance 1e-09.
Use iteration 51 instead with accuracy 
5.204840028892877e-06.

  values, vectors = lobpcg(projected_hamiltonian, guess, largest=False,
/home/erosanow_hpc/informed_swapping/BARK.py:156: UserWarning: Exited postprocessing with accuracies 
[5.20484003e-06]
not reaching the requested tolerance 1e-09.
  values, vectors = lobpcg(projected_hamiltonian, guess, largest=False,
/home/erosanow_hpc/informed_swapping/BARK.py:156: UserWarning: Exited at iteration 50 with accuracies 
[2.34911232e-09]
not reaching the requested tolerance 1e-09.
Use iteration 51 instead with accuracy 
2.3491123206913554e-09.

  values, vectors = lobpcg(projected_hamiltonian, guess, largest=False,
/home/erosanow_hpc/informed_swapping/BARK.py:156: UserWarning: Exited postprocessing with accuracies 
[2.34911193e-09]
not reaching the requested tolerance 1e-09.
  values, vectors = lobpcg(projected_hamiltonian, guess, largest=False,
/home/erosanow_hpc/informed_swapping/BARK.py:156: UserWarning: Exited at iteration 50 with accuracies 
[1.81626156e-08]
not reaching the requested tolerance 1e-09.
Use iteration 51 instead with accuracy 
1.816261557322603e-08.

  values, vectors = lobpcg(projected_hamiltonian, guess, largest=False,
/home/erosanow_hpc/informed_swapping/BARK.py:156: UserWarning: Exited postprocessing with accuracies 
[1.81626162e-08]
not reaching the requested tolerance 1e-09.
  values, vectors = lobpcg(projected_hamiltonian, guess, largest=False,
/home/erosanow_hpc/informed_swapping/BARK.py:156: UserWarning: Exited at iteration 50 with accuracies 
[5.85459848e-07]
not reaching the requested tolerance 1e-09.
Use iteration 50 instead with accuracy 
4.2017781771623324e-07.

  values, vectors = lobpcg(projected_hamiltonian, guess, largest=False,
/home/erosanow_hpc/informed_swapping/BARK.py:156: UserWarning: Exited postprocessing with accuracies 
[4.20177817e-07]
not reaching the requested tolerance 1e-09.
  values, vectors = lobpcg(projected_hamiltonian, guess, largest=False,
/home/erosanow_hpc/informed_swapping/BARK.py:156: UserWarning: Exited at iteration 50 with accuracies 
[3.96883039e-08]
not reaching the requested tolerance 1e-09.
Use iteration 51 instead with accuracy 
3.968830388053515e-08.

  values, vectors = lobpcg(projected_hamiltonian, guess, largest=False,
/home/erosanow_hpc/informed_swapping/BARK.py:156: UserWarning: Exited postprocessing with accuracies 
[3.96883033e-08]
not reaching the requested tolerance 1e-09.
  values, vectors = lobpcg(projected_hamiltonian, guess, largest=False,
/home/erosanow_hpc/informed_swapping/BARK.py:156: UserWarning: Exited at iteration 50 with accuracies 
[1.10217428e-09]
not reaching the requested tolerance 1e-09.
Use iteration 51 instead with accuracy 
1.1021742802160651e-09.

  values, vectors = lobpcg(projected_hamiltonian, guess, largest=False,
/home/erosanow_hpc/informed_swapping/BARK.py:156: UserWarning: Exited postprocessing with accuracies 
[1.10217518e-09]
not reaching the requested tolerance 1e-09.
  values, vectors = lobpcg(projected_hamiltonian, guess, largest=False,
/home/erosanow_hpc/informed_swapping/BARK.py:156: UserWarning: Exited at iteration 50 with accuracies 
[1.42729841e-09]
not reaching the requested tolerance 1e-09.
Use iteration 51 instead with accuracy 
1.427298406385244e-09.

  values, vectors = lobpcg(projected_hamiltonian, guess, largest=False,
/home/erosanow_hpc/informed_swapping/BARK.py:156: UserWarning: Exited postprocessing with accuracies 
[1.4272983e-09]
not reaching the requested tolerance 1e-09.
  values, vectors = lobpcg(projected_hamiltonian, guess, largest=False,
/home/erosanow_hpc/informed_swapping/BARK.py:156: UserWarning: Exited at iteration 50 with accuracies 
[2.40909221e-09]
not reaching the requested tolerance 1e-09.
Use iteration 51 instead with accuracy 
2.4090922117709343e-09.

  values, vectors = lobpcg(projected_hamiltonian, guess, largest=False,
/home/erosanow_hpc/informed_swapping/BARK.py:156: UserWarning: Exited postprocessing with accuracies 
[2.40909121e-09]
not reaching the requested tolerance 1e-09.
  values, vectors = lobpcg(projected_hamiltonian, guess, largest=False,
/home/erosanow_hpc/informed_swapping/BARK.py:156: UserWarning: Exited at iteration 50 with accuracies 
[1.11302124e-09]
not reaching the requested tolerance 1e-09.
Use iteration 51 instead with accuracy 
1.1130212386852679e-09.

  values, vectors = lobpcg(projected_hamiltonian, guess, largest=False,
/home/erosanow_hpc/informed_swapping/BARK.py:156: UserWarning: Exited postprocessing with accuracies 
[1.11302023e-09]
not reaching the requested tolerance 1e-09.
  values, vectors = lobpcg(projected_hamiltonian, guess, largest=False,
/home/erosanow_hpc/informed_swapping/BARK.py:156: UserWarning: Exited at iteration 50 with accuracies 
[2.72609315e-09]
not reaching the requested tolerance 1e-09.
Use iteration 51 instead with accuracy 
2.726093148167245e-09.

  values, vectors = lobpcg(projected_hamiltonian, guess, largest=False,
/home/erosanow_hpc/informed_swapping/BARK.py:156: UserWarning: Exited postprocessing with accuracies 
[2.72609229e-09]
not reaching the requested tolerance 1e-09.
  values, vectors = lobpcg(projected_hamiltonian, guess, largest=False,
/home/erosanow_hpc/informed_swapping/BARK.py:156: UserWarning: Exited at iteration 50 with accuracies 
[6.26014607e-09]
not reaching the requested tolerance 1e-09.
Use iteration 51 instead with accuracy 
6.260146067625811e-09.

  values, vectors = lobpcg(projected_hamiltonian, guess, largest=False,
/home/erosanow_hpc/informed_swapping/BARK.py:156: UserWarning: Exited postprocessing with accuracies 
[6.26014447e-09]
not reaching the requested tolerance 1e-09.
  values, vectors = lobpcg(projected_hamiltonian, guess, largest=False,
/home/erosanow_hpc/informed_swapping/BARK.py:156: UserWarning: Exited at iteration 50 with accuracies 
[3.27600336e-09]
not reaching the requested tolerance 1e-09.
Use iteration 51 instead with accuracy 
3.2760033631469155e-09.

  values, vectors = lobpcg(projected_hamiltonian, guess, largest=False,
/home/erosanow_hpc/informed_swapping/BARK.py:156: UserWarning: Exited postprocessing with accuracies 
[3.27600275e-09]
not reaching the requested tolerance 1e-09.
  values, vectors = lobpcg(projected_hamiltonian, guess, largest=False,
/home/erosanow_hpc/informed_swapping/BARK.py:156: UserWarning: Exited at iteration 50 with accuracies 
[2.73777085e-08]
not reaching the requested tolerance 1e-09.
Use iteration 51 instead with accuracy 
2.7377708546682338e-08.

  values, vectors = lobpcg(projected_hamiltonian, guess, largest=False,
/home/erosanow_hpc/informed_swapping/BARK.py:156: UserWarning: Exited postprocessing with accuracies 
[2.73777079e-08]
not reaching the requested tolerance 1e-09.
  values, vectors = lobpcg(projected_hamiltonian, guess, largest=False,
/home/erosanow_hpc/informed_swapping/BARK.py:156: UserWarning: Exited at iteration 50 with accuracies 
[4.54372412e-07]
not reaching the requested tolerance 1e-09.
Use iteration 49 instead with accuracy 
2.586944419982646e-07.

  values, vectors = lobpcg(projected_hamiltonian, guess, largest=False,
/home/erosanow_hpc/informed_swapping/BARK.py:156: UserWarning: Exited at iteration 50 with accuracies 
[5.20484003e-06]
not reaching the requested tolerance 1e-09.
Use iteration 51 instead with accuracy 
5.204840026228458e-06.

  values, vectors = lobpcg(projected_hamiltonian, guess, largest=False,
/home/erosanow_hpc/informed_swapping/BARK.py:156: UserWarning: Exited at iteration 50 with accuracies 
[2.49780097e-09]
not reaching the requested tolerance 1e-09.
Use iteration 51 instead with accuracy 
2.497800972732489e-09.

  values, vectors = lobpcg(projected_hamiltonian, guess, largest=False,
/home/erosanow_hpc/informed_swapping/BARK.py:156: UserWarning: Exited postprocessing with accuracies 
[2.4978004e-09]
not reaching the requested tolerance 1e-09.
  values, vectors = lobpcg(projected_hamiltonian, guess, largest=False,
/home/erosanow_hpc/informed_swapping/BARK.py:156: UserWarning: Exited at iteration 50 with accuracies 
[1.76257756e-08]
not reaching the requested tolerance 1e-09.
Use iteration 51 instead with accuracy 
1.7625775578799873e-08.

  values, vectors = lobpcg(projected_hamiltonian, guess, largest=False,
/home/erosanow_hpc/informed_swapping/BARK.py:156: UserWarning: Exited postprocessing with accuracies 
[1.76257748e-08]
not reaching the requested tolerance 1e-09.
  values, vectors = lobpcg(projected_hamiltonian, guess, largest=False,
/home/erosanow_hpc/informed_swapping/BARK.py:156: UserWarning: Exited at iteration 50 with accuracies 
[5.35816844e-07]
not reaching the requested tolerance 1e-09.
Use iteration 50 instead with accuracy 
4.0137447492144615e-07.

  values, vectors = lobpcg(projected_hamiltonian, guess, largest=False,
/home/erosanow_hpc/informed_swapping/BARK.py:156: UserWarning: Exited at iteration 50 with accuracies 
[3.96525598e-08]
not reaching the requested tolerance 1e-09.
Use iteration 51 instead with accuracy 
3.965255978543926e-08.

  values, vectors = lobpcg(projected_hamiltonian, guess, largest=False,
/home/erosanow_hpc/informed_swapping/BARK.py:156: UserWarning: Exited postprocessing with accuracies 
[3.96525602e-08]
not reaching the requested tolerance 1e-09.
  values, vectors = lobpcg(projected_hamiltonian, guess, largest=False,
/home/erosanow_hpc/informed_swapping/BARK.py:156: UserWarning: Exited at iteration 50 with accuracies 
[1.08761052e-09]
not reaching the requested tolerance 1e-09.
Use iteration 51 instead with accuracy 
1.0876105151993117e-09.

  values, vectors = lobpcg(projected_hamiltonian, guess, largest=False,
/home/erosanow_hpc/informed_swapping/BARK.py:156: UserWarning: Exited postprocessing with accuracies 
[1.08761039e-09]
not reaching the requested tolerance 1e-09.
  values, vectors = lobpcg(projected_hamiltonian, guess, largest=False,
/home/erosanow_hpc/informed_swapping/BARK.py:156: UserWarning: Exited at iteration 50 with accuracies 
[1.41987181e-09]
not reaching the requested tolerance 1e-09.
Use iteration 51 instead with accuracy 
1.419871809531401e-09.

  values, vectors = lobpcg(projected_hamiltonian, guess, largest=False,
/home/erosanow_hpc/informed_swapping/BARK.py:156: UserWarning: Exited postprocessing with accuracies 
[1.41987262e-09]
not reaching the requested tolerance 1e-09.
  values, vectors = lobpcg(projected_hamiltonian, guess, largest=False,
/home/erosanow_hpc/informed_swapping/BARK.py:156: UserWarning: Exited at iteration 50 with accuracies 
[2.41335494e-09]
not reaching the requested tolerance 1e-09.
Use iteration 51 instead with accuracy 
2.4133549420491193e-09.

  values, vectors = lobpcg(projected_hamiltonian, guess, largest=False,
/home/erosanow_hpc/informed_swapping/BARK.py:156: UserWarning: Exited postprocessing with accuracies 
[2.41335359e-09]
not reaching the requested tolerance 1e-09.
  values, vectors = lobpcg(projected_hamiltonian, guess, largest=False,
/home/erosanow_hpc/informed_swapping/BARK.py:156: UserWarning: Exited at iteration 50 with accuracies 
[1.10661367e-09]
not reaching the requested tolerance 1e-09.
Use iteration 51 instead with accuracy 
1.1066136719589593e-09.

  values, vectors = lobpcg(projected_hamiltonian, guess, largest=False,
/home/erosanow_hpc/informed_swapping/BARK.py:156: UserWarning: Exited postprocessing with accuracies 
[1.10661483e-09]
not reaching the requested tolerance 1e-09.
  values, vectors = lobpcg(projected_hamiltonian, guess, largest=False,
/home/erosanow_hpc/informed_swapping/BARK.py:156: UserWarning: Exited at iteration 50 with accuracies 
[2.83868461e-09]
not reaching the requested tolerance 1e-09.
Use iteration 51 instead with accuracy 
2.838684607077595e-09.

  values, vectors = lobpcg(projected_hamiltonian, guess, largest=False,
/home/erosanow_hpc/informed_swapping/BARK.py:156: UserWarning: Exited postprocessing with accuracies 
[2.83868457e-09]
not reaching the requested tolerance 1e-09.
  values, vectors = lobpcg(projected_hamiltonian, guess, largest=False,
/home/erosanow_hpc/informed_swapping/BARK.py:156: UserWarning: Exited at iteration 50 with accuracies 
[6.97475256e-09]
not reaching the requested tolerance 1e-09.
Use iteration 51 instead with accuracy 
6.974752558707911e-09.

  values, vectors = lobpcg(projected_hamiltonian, guess, largest=False,
/home/erosanow_hpc/informed_swapping/BARK.py:156: UserWarning: Exited postprocessing with accuracies 
[6.97475229e-09]
not reaching the requested tolerance 1e-09.
  values, vectors = lobpcg(projected_hamiltonian, guess, largest=False,
/home/erosanow_hpc/informed_swapping/BARK.py:156: UserWarning: Exited at iteration 50 with accuracies 
[3.42999682e-09]
not reaching the requested tolerance 1e-09.
Use iteration 51 instead with accuracy 
3.4299968189031033e-09.

  values, vectors = lobpcg(projected_hamiltonian, guess, largest=False,
/home/erosanow_hpc/informed_swapping/BARK.py:156: UserWarning: Exited postprocessing with accuracies 
[3.42999658e-09]
not reaching the requested tolerance 1e-09.
  values, vectors = lobpcg(projected_hamiltonian, guess, largest=False,
/home/erosanow_hpc/informed_swapping/BARK.py:156: UserWarning: Exited at iteration 50 with accuracies 
[2.95747687e-08]
not reaching the requested tolerance 1e-09.
Use iteration 51 instead with accuracy 
2.957476870675857e-08.

  values, vectors = lobpcg(projected_hamiltonian, guess, largest=False,
/home/erosanow_hpc/informed_swapping/BARK.py:156: UserWarning: Exited postprocessing with accuracies 
[2.95747705e-08]
not reaching the requested tolerance 1e-09.
  values, vectors = lobpcg(projected_hamiltonian, guess, largest=False,
/home/erosanow_hpc/informed_swapping/BARK.py:156: UserWarning: Exited at iteration 50 with accuracies 
[4.70441196e-07]
not reaching the requested tolerance 1e-09.
Use iteration 49 instead with accuracy 
2.649775776678857e-07.

  values, vectors = lobpcg(projected_hamiltonian, guess, largest=False,
/home/erosanow_hpc/informed_swapping/BARK.py:156: UserWarning: Exited postprocessing with accuracies 
[2.64977578e-07]
not reaching the requested tolerance 1e-09.
  values, vectors = lobpcg(projected_hamiltonian, guess, largest=False,
/home/erosanow_hpc/informed_swapping/BARK.py:156: UserWarning: Exited at iteration 50 with accuracies 
[5.14779495e-06]
not reaching the requested tolerance 1e-09.
Use iteration 51 instead with accuracy 
5.14779494521631e-06.

  values, vectors = lobpcg(projected_hamiltonian, guess, largest=False,
/home/erosanow_hpc/informed_swapping/BARK.py:156: UserWarning: Exited postprocessing with accuracies 
[5.14779495e-06]
not reaching the requested tolerance 1e-09.
  values, vectors = lobpcg(projected_hamiltonian, guess, largest=False,
/home/erosanow_hpc/informed_swapping/BARK.py:156: UserWarning: Exited at iteration 50 with accuracies 
[2.14886638e-09]
not reaching the requested tolerance 1e-09.
Use iteration 51 instead with accuracy 
2.1488663784401457e-09.

  values, vectors = lobpcg(projected_hamiltonian, guess, largest=False,
/home/erosanow_hpc/informed_swapping/BARK.py:156: UserWarning: Exited postprocessing with accuracies 
[2.14886582e-09]
not reaching the requested tolerance 1e-09.
  values, vectors = lobpcg(projected_hamiltonian, guess, largest=False,
/home/erosanow_hpc/informed_swapping/BARK.py:156: UserWarning: Exited at iteration 50 with accuracies 
[1.79605366e-08]
not reaching the requested tolerance 1e-09.
Use iteration 51 instead with accuracy 
1.7960536563202204e-08.

  values, vectors = lobpcg(projected_hamiltonian, guess, largest=False,
/home/erosanow_hpc/informed_swapping/BARK.py:156: UserWarning: Exited postprocessing with accuracies 
[1.79605365e-08]
not reaching the requested tolerance 1e-09.
  values, vectors = lobpcg(projected_hamiltonian, guess, largest=False,
/home/erosanow_hpc/informed_swapping/BARK.py:156: UserWarning: Exited at iteration 50 with accuracies 
[6.15737802e-07]
not reaching the requested tolerance 1e-09.
Use iteration 50 instead with accuracy 
4.366974420252535e-07.

  values, vectors = lobpcg(projected_hamiltonian, guess, largest=False,
/home/erosanow_hpc/informed_swapping/BARK.py:156: UserWarning: Exited at iteration 50 with accuracies 
[3.86374757e-08]
not reaching the requested tolerance 1e-09.
Use iteration 51 instead with accuracy 
3.863747568695499e-08.

  values, vectors = lobpcg(projected_hamiltonian, guess, largest=False,
/home/erosanow_hpc/informed_swapping/BARK.py:156: UserWarning: Exited postprocessing with accuracies 
[3.86374738e-08]
not reaching the requested tolerance 1e-09.
  values, vectors = lobpcg(projected_hamiltonian, guess, largest=False,
/home/erosanow_hpc/informed_swapping/BARK.py:156: UserWarning: Exited at iteration 50 with accuracies 
[1.19466331e-09]
not reaching the requested tolerance 1e-09.
Use iteration 51 instead with accuracy 
1.1946633069632648e-09.

  values, vectors = lobpcg(projected_hamiltonian, guess, largest=False,
/home/erosanow_hpc/informed_swapping/BARK.py:156: UserWarning: Exited postprocessing with accuracies 
[1.19466238e-09]
not reaching the requested tolerance 1e-09.
  values, vectors = lobpcg(projected_hamiltonian, guess, largest=False,
/home/erosanow_hpc/informed_swapping/BARK.py:156: UserWarning: Exited at iteration 50 with accuracies 
[1.08406113e-09]
not reaching the requested tolerance 1e-09.
Use iteration 51 instead with accuracy 
1.084061132014624e-09.

  values, vectors = lobpcg(projected_hamiltonian, guess, largest=False,
/home/erosanow_hpc/informed_swapping/BARK.py:156: UserWarning: Exited postprocessing with accuracies 
[1.08406069e-09]
not reaching the requested tolerance 1e-09.
  values, vectors = lobpcg(projected_hamiltonian, guess, largest=False,
/home/erosanow_hpc/informed_swapping/BARK.py:156: UserWarning: Exited at iteration 50 with accuracies 
[2.66759458e-09]
not reaching the requested tolerance 1e-09.
Use iteration 51 instead with accuracy 
2.667594582152133e-09.

  values, vectors = lobpcg(projected_hamiltonian, guess, largest=False,
/home/erosanow_hpc/informed_swapping/BARK.py:156: UserWarning: Exited postprocessing with accuracies 
[2.66759625e-09]
not reaching the requested tolerance 1e-09.
  values, vectors = lobpcg(projected_hamiltonian, guess, largest=False,
/home/erosanow_hpc/informed_swapping/BARK.py:156: UserWarning: Exited at iteration 50 with accuracies 
[1.28797087e-09]
not reaching the requested tolerance 1e-09.
Use iteration 51 instead with accuracy 
1.2879708701548354e-09.

  values, vectors = lobpcg(projected_hamiltonian, guess, largest=False,
/home/erosanow_hpc/informed_swapping/BARK.py:156: UserWarning: Exited postprocessing with accuracies 
[1.28797053e-09]
not reaching the requested tolerance 1e-09.
  values, vectors = lobpcg(projected_hamiltonian, guess, largest=False,
/home/erosanow_hpc/informed_swapping/BARK.py:156: UserWarning: Exited at iteration 50 with accuracies 
[2.25336075e-09]
not reaching the requested tolerance 1e-09.
Use iteration 51 instead with accuracy 
2.253360745818136e-09.

  values, vectors = lobpcg(projected_hamiltonian, guess, largest=False,
/home/erosanow_hpc/informed_swapping/BARK.py:156: UserWarning: Exited postprocessing with accuracies 
[2.25336093e-09]
not reaching the requested tolerance 1e-09.
  values, vectors = lobpcg(projected_hamiltonian, guess, largest=False,
/home/erosanow_hpc/informed_swapping/BARK.py:156: UserWarning: Exited at iteration 50 with accuracies 
[6.89322726e-09]
not reaching the requested tolerance 1e-09.
Use iteration 51 instead with accuracy 
6.893227264832927e-09.

  values, vectors = lobpcg(projected_hamiltonian, guess, largest=False,
/home/erosanow_hpc/informed_swapping/BARK.py:156: UserWarning: Exited postprocessing with accuracies 
[6.8932278e-09]
not reaching the requested tolerance 1e-09.
  values, vectors = lobpcg(projected_hamiltonian, guess, largest=False,
/home/erosanow_hpc/informed_swapping/BARK.py:156: UserWarning: Exited at iteration 50 with accuracies 
[3.83625786e-09]
not reaching the requested tolerance 1e-09.
Use iteration 51 instead with accuracy 
3.836257858008944e-09.

  values, vectors = lobpcg(projected_hamiltonian, guess, largest=False,
/home/erosanow_hpc/informed_swapping/BARK.py:156: UserWarning: Exited postprocessing with accuracies 
[3.83625774e-09]
not reaching the requested tolerance 1e-09.
  values, vectors = lobpcg(projected_hamiltonian, guess, largest=False,
/home/erosanow_hpc/informed_swapping/BARK.py:156: UserWarning: Exited at iteration 50 with accuracies 
[2.89086276e-08]
not reaching the requested tolerance 1e-09.
Use iteration 51 instead with accuracy 
2.8908627584925373e-08.

  values, vectors = lobpcg(projected_hamiltonian, guess, largest=False,
/home/erosanow_hpc/informed_swapping/BARK.py:156: UserWarning: Exited postprocessing with accuracies 
[2.89086282e-08]
not reaching the requested tolerance 1e-09.
  values, vectors = lobpcg(projected_hamiltonian, guess, largest=False,
/home/erosanow_hpc/informed_swapping/BARK.py:156: UserWarning: Exited at iteration 50 with accuracies 
[4.3728243e-07]
not reaching the requested tolerance 1e-09.
Use iteration 49 instead with accuracy 
2.5589467184338255e-07.

  values, vectors = lobpcg(projected_hamiltonian, guess, largest=False,
/home/erosanow_hpc/informed_swapping/BARK.py:156: UserWarning: Exited at iteration 50 with accuracies 
[5.25028721e-06]
not reaching the requested tolerance 1e-09.
Use iteration 51 instead with accuracy 
5.250287207344521e-06.

  values, vectors = lobpcg(projected_hamiltonian, guess, largest=False,
/home/erosanow_hpc/informed_swapping/BARK.py:156: UserWarning: Exited at iteration 50 with accuracies 
[1.07292906e-09]
not reaching the requested tolerance 1e-09.
Use iteration 51 instead with accuracy 
1.0729290625894247e-09.

  values, vectors = lobpcg(projected_hamiltonian, guess, largest=False,
/home/erosanow_hpc/informed_swapping/BARK.py:156: UserWarning: Exited postprocessing with accuracies 
[1.07292924e-09]
not reaching the requested tolerance 1e-09.
  values, vectors = lobpcg(projected_hamiltonian, guess, largest=False,
/home/erosanow_hpc/informed_swapping/BARK.py:156: UserWarning: Exited at iteration 50 with accuracies 
[1.36000941e-09]
not reaching the requested tolerance 1e-09.
Use iteration 51 instead with accuracy 
1.360009413823557e-09.

  values, vectors = lobpcg(projected_hamiltonian, guess, largest=False,
/home/erosanow_hpc/informed_swapping/BARK.py:156: UserWarning: Exited postprocessing with accuracies 
[1.36000884e-09]
not reaching the requested tolerance 1e-09.
  values, vectors = lobpcg(projected_hamiltonian, guess, largest=False,
/home/erosanow_hpc/informed_swapping/BARK.py:156: UserWarning: Exited at iteration 50 with accuracies 
[1.28212968e-09]
not reaching the requested tolerance 1e-09.
Use iteration 51 instead with accuracy 
1.2821296753588404e-09.

  values, vectors = lobpcg(projected_hamiltonian, guess, largest=False,
/home/erosanow_hpc/informed_swapping/BARK.py:156: UserWarning: Exited postprocessing with accuracies 
[1.28212941e-09]
not reaching the requested tolerance 1e-09.
  values, vectors = lobpcg(projected_hamiltonian, guess, largest=False,
/home/erosanow_hpc/informed_swapping/BARK.py:156: UserWarning: Exited at iteration 50 with accuracies 
[1.21688708e-09]
not reaching the requested tolerance 1e-09.
Use iteration 51 instead with accuracy 
1.2168870751572717e-09.

  values, vectors = lobpcg(projected_hamiltonian, guess, largest=False,
/home/erosanow_hpc/informed_swapping/BARK.py:156: UserWarning: Exited postprocessing with accuracies 
[1.21688688e-09]
not reaching the requested tolerance 1e-09.
  values, vectors = lobpcg(projected_hamiltonian, guess, largest=False,
/home/erosanow_hpc/informed_swapping/BARK.py:156: UserWarning: Exited at iteration 50 with accuracies 
[1.94711961e-09]
not reaching the requested tolerance 1e-09.
Use iteration 51 instead with accuracy 
1.9471196077263807e-09.

  values, vectors = lobpcg(projected_hamiltonian, guess, largest=False,
/home/erosanow_hpc/informed_swapping/BARK.py:156: UserWarning: Exited postprocessing with accuracies 
[1.94711955e-09]
not reaching the requested tolerance 1e-09.
  values, vectors = lobpcg(projected_hamiltonian, guess, largest=False,
/home/erosanow_hpc/informed_swapping/BARK.py:156: UserWarning: Exited at iteration 50 with accuracies 
[1.19333182e-09]
not reaching the requested tolerance 1e-09.
Use iteration 51 instead with accuracy 
1.1933318206784764e-09.

  values, vectors = lobpcg(projected_hamiltonian, guess, largest=False,
/home/erosanow_hpc/informed_swapping/BARK.py:156: UserWarning: Exited postprocessing with accuracies 
[1.19333217e-09]
not reaching the requested tolerance 1e-09.
  values, vectors = lobpcg(projected_hamiltonian, guess, largest=False,
/home/erosanow_hpc/informed_swapping/BARK.py:156: UserWarning: Exited at iteration 50 with accuracies 
[1.09276077e-09]
not reaching the requested tolerance 1e-09.
Use iteration 51 instead with accuracy 
1.0927607738880963e-09.

  values, vectors = lobpcg(projected_hamiltonian, guess, largest=False,
/home/erosanow_hpc/informed_swapping/BARK.py:156: UserWarning: Exited postprocessing with accuracies 
[1.09276087e-09]
not reaching the requested tolerance 1e-09.
  values, vectors = lobpcg(projected_hamiltonian, guess, largest=False,
/home/erosanow_hpc/informed_swapping/BARK.py:156: UserWarning: Exited at iteration 50 with accuracies 
[1.35488624e-09]
not reaching the requested tolerance 1e-09.
Use iteration 51 instead with accuracy 
1.3548862398900303e-09.

  values, vectors = lobpcg(projected_hamiltonian, guess, largest=False,
/home/erosanow_hpc/informed_swapping/BARK.py:156: UserWarning: Exited postprocessing with accuracies 
[1.35488692e-09]
not reaching the requested tolerance 1e-09.
  values, vectors = lobpcg(projected_hamiltonian, guess, largest=False,
/home/erosanow_hpc/informed_swapping/BARK.py:156: UserWarning: Exited at iteration 50 with accuracies 
[1.01863792e-09]
not reaching the requested tolerance 1e-09.
Use iteration 51 instead with accuracy 
1.0186379208912854e-09.

  values, vectors = lobpcg(projected_hamiltonian, guess, largest=False,
/home/erosanow_hpc/informed_swapping/BARK.py:156: UserWarning: Exited postprocessing with accuracies 
[1.01863779e-09]
not reaching the requested tolerance 1e-09.
  values, vectors = lobpcg(projected_hamiltonian, guess, largest=False,
/home/erosanow_hpc/informed_swapping/BARK.py:156: UserWarning: Exited at iteration 50 with accuracies 
[1.26302196e-09]
not reaching the requested tolerance 1e-09.
Use iteration 51 instead with accuracy 
1.2630219618351933e-09.

  values, vectors = lobpcg(projected_hamiltonian, guess, largest=False,
/home/erosanow_hpc/informed_swapping/BARK.py:156: UserWarning: Exited postprocessing with accuracies 
[1.26302207e-09]
not reaching the requested tolerance 1e-09.
  values, vectors = lobpcg(projected_hamiltonian, guess, largest=False,
/home/erosanow_hpc/informed_swapping/BARK.py:156: UserWarning: Exited at iteration 50 with accuracies 
[1.02344267e-09]
not reaching the requested tolerance 1e-09.
Use iteration 51 instead with accuracy 
1.0234426714866721e-09.

  values, vectors = lobpcg(projected_hamiltonian, guess, largest=False,
/home/erosanow_hpc/informed_swapping/BARK.py:156: UserWarning: Exited postprocessing with accuracies 
[1.02344283e-09]
not reaching the requested tolerance 1e-09.
  values, vectors = lobpcg(projected_hamiltonian, guess, largest=False,
/home/erosanow_hpc/informed_swapping/BARK.py:156: UserWarning: Exited at iteration 50 with accuracies 
[1.09447288e-09]
not reaching the requested tolerance 1e-09.
Use iteration 51 instead with accuracy 
1.0944728829169904e-09.

  values, vectors = lobpcg(projected_hamiltonian, guess, largest=False,
/home/erosanow_hpc/informed_swapping/BARK.py:156: UserWarning: Exited postprocessing with accuracies 
[1.09447284e-09]
not reaching the requested tolerance 1e-09.
  values, vectors = lobpcg(projected_hamiltonian, guess, largest=False,
/home/erosanow_hpc/informed_swapping/BARK.py:156: UserWarning: Exited at iteration 50 with accuracies 
[1.69488286e-09]
not reaching the requested tolerance 1e-09.
Use iteration 51 instead with accuracy 
1.694882860003082e-09.

  values, vectors = lobpcg(projected_hamiltonian, guess, largest=False,
/home/erosanow_hpc/informed_swapping/BARK.py:156: UserWarning: Exited postprocessing with accuracies 
[1.69488248e-09]
not reaching the requested tolerance 1e-09.
  values, vectors = lobpcg(projected_hamiltonian, guess, largest=False,
/home/erosanow_hpc/informed_swapping/BARK.py:156: UserWarning: Exited at iteration 50 with accuracies 
[1.26848063e-09]
not reaching the requested tolerance 1e-09.
Use iteration 51 instead with accuracy 
1.2684806291127556e-09.

  values, vectors = lobpcg(projected_hamiltonian, guess, largest=False,
/home/erosanow_hpc/informed_swapping/BARK.py:156: UserWarning: Exited postprocessing with accuracies 
[1.26848056e-09]
not reaching the requested tolerance 1e-09.
  values, vectors = lobpcg(projected_hamiltonian, guess, largest=False,
/home/erosanow_hpc/informed_swapping/BARK.py:156: UserWarning: Exited at iteration 50 with accuracies 
[2.02567671e-09]
not reaching the requested tolerance 1e-09.
Use iteration 51 instead with accuracy 
2.025676713936597e-09.

  values, vectors = lobpcg(projected_hamiltonian, guess, largest=False,
/home/erosanow_hpc/informed_swapping/BARK.py:156: UserWarning: Exited postprocessing with accuracies 
[2.02567657e-09]
not reaching the requested tolerance 1e-09.
  values, vectors = lobpcg(projected_hamiltonian, guess, largest=False,
/home/erosanow_hpc/informed_swapping/BARK.py:156: UserWarning: Exited at iteration 50 with accuracies 
[2.36440056e-09]
not reaching the requested tolerance 1e-09.
Use iteration 51 instead with accuracy 
2.364400557717544e-09.

  values, vectors = lobpcg(projected_hamiltonian, guess, largest=False,
/home/erosanow_hpc/informed_swapping/BARK.py:156: UserWarning: Exited postprocessing with accuracies 
[2.3644007e-09]
not reaching the requested tolerance 1e-09.
  values, vectors = lobpcg(projected_hamiltonian, guess, largest=False,
/home/erosanow_hpc/informed_swapping/BARK.py:156: UserWarning: Exited at iteration 50 with accuracies 
[3.06951942e-09]
not reaching the requested tolerance 1e-09.
Use iteration 51 instead with accuracy 
3.0695194151574765e-09.

  values, vectors = lobpcg(projected_hamiltonian, guess, largest=False,
/home/erosanow_hpc/informed_swapping/BARK.py:156: UserWarning: Exited postprocessing with accuracies 
[3.0695191e-09]
not reaching the requested tolerance 1e-09.
  values, vectors = lobpcg(projected_hamiltonian, guess, largest=False,
/home/erosanow_hpc/informed_swapping/BARK.py:156: UserWarning: Exited at iteration 50 with accuracies 
[1.0996569e-09]
not reaching the requested tolerance 1e-09.
Use iteration 51 instead with accuracy 
1.0996569024529828e-09.

  values, vectors = lobpcg(projected_hamiltonian, guess, largest=False,
/home/erosanow_hpc/informed_swapping/BARK.py:156: UserWarning: Exited postprocessing with accuracies 
[1.09965699e-09]
not reaching the requested tolerance 1e-09.
  values, vectors = lobpcg(projected_hamiltonian, guess, largest=False,
/home/erosanow_hpc/informed_swapping/BARK.py:156: UserWarning: Exited at iteration 50 with accuracies 
[1.31786813e-09]
not reaching the requested tolerance 1e-09.
Use iteration 51 instead with accuracy 
1.3178681299685738e-09.

  values, vectors = lobpcg(projected_hamiltonian, guess, largest=False,
/home/erosanow_hpc/informed_swapping/BARK.py:156: UserWarning: Exited postprocessing with accuracies 
[1.31786804e-09]
not reaching the requested tolerance 1e-09.
  values, vectors = lobpcg(projected_hamiltonian, guess, largest=False,
/home/erosanow_hpc/informed_swapping/BARK.py:156: UserWarning: Exited at iteration 50 with accuracies 
[1.67962636e-09]
not reaching the requested tolerance 1e-09.
Use iteration 51 instead with accuracy 
1.6796263611874006e-09.

  values, vectors = lobpcg(projected_hamiltonian, guess, largest=False,
/home/erosanow_hpc/informed_swapping/BARK.py:156: UserWarning: Exited postprocessing with accuracies 
[1.67962615e-09]
not reaching the requested tolerance 1e-09.
  values, vectors = lobpcg(projected_hamiltonian, guess, largest=False,
/home/erosanow_hpc/informed_swapping/BARK.py:156: UserWarning: Exited at iteration 50 with accuracies 
[1.03692692e-09]
not reaching the requested tolerance 1e-09.
Use iteration 51 instead with accuracy 
1.0369269245081693e-09.

  values, vectors = lobpcg(projected_hamiltonian, guess, largest=False,
/home/erosanow_hpc/informed_swapping/BARK.py:156: UserWarning: Exited postprocessing with accuracies 
[1.03692707e-09]
not reaching the requested tolerance 1e-09.
  values, vectors = lobpcg(projected_hamiltonian, guess, largest=False,
/home/erosanow_hpc/informed_swapping/BARK.py:156: UserWarning: Exited at iteration 50 with accuracies 
[1.46066926e-09]
not reaching the requested tolerance 1e-09.
Use iteration 51 instead with accuracy 
1.4606692595338278e-09.

  values, vectors = lobpcg(projected_hamiltonian, guess, largest=False,
/home/erosanow_hpc/informed_swapping/BARK.py:156: UserWarning: Exited postprocessing with accuracies 
[1.46066891e-09]
not reaching the requested tolerance 1e-09.
  values, vectors = lobpcg(projected_hamiltonian, guess, largest=False,
/home/erosanow_hpc/informed_swapping/BARK.py:156: UserWarning: Exited at iteration 50 with accuracies 
[1.09436051e-09]
not reaching the requested tolerance 1e-09.
Use iteration 51 instead with accuracy 
1.0943605137778492e-09.

  values, vectors = lobpcg(projected_hamiltonian, guess, largest=False,
/home/erosanow_hpc/informed_swapping/BARK.py:156: UserWarning: Exited postprocessing with accuracies 
[1.09436015e-09]
not reaching the requested tolerance 1e-09.
  values, vectors = lobpcg(projected_hamiltonian, guess, largest=False,
/home/erosanow_hpc/informed_swapping/BARK.py:156: UserWarning: Exited at iteration 50 with accuracies 
[1.29136927e-09]
not reaching the requested tolerance 1e-09.
Use iteration 51 instead with accuracy 
1.2913692704624226e-09.

  values, vectors = lobpcg(projected_hamiltonian, guess, largest=False,
/home/erosanow_hpc/informed_swapping/BARK.py:156: UserWarning: Exited postprocessing with accuracies 
[1.29136934e-09]
not reaching the requested tolerance 1e-09.
  values, vectors = lobpcg(projected_hamiltonian, guess, largest=False,
/home/erosanow_hpc/informed_swapping/BARK.py:156: UserWarning: Exited at iteration 50 with accuracies 
[1.57996573e-09]
not reaching the requested tolerance 1e-09.
Use iteration 51 instead with accuracy 
1.579965726594626e-09.

  values, vectors = lobpcg(projected_hamiltonian, guess, largest=False,
/home/erosanow_hpc/informed_swapping/BARK.py:156: UserWarning: Exited postprocessing with accuracies 
[1.579966e-09]
not reaching the requested tolerance 1e-09.
  values, vectors = lobpcg(projected_hamiltonian, guess, largest=False,
/home/erosanow_hpc/informed_swapping/BARK.py:156: UserWarning: Exited at iteration 50 with accuracies 
[1.05245501e-09]
not reaching the requested tolerance 1e-09.
Use iteration 51 instead with accuracy 
1.0524550071446172e-09.

  values, vectors = lobpcg(projected_hamiltonian, guess, largest=False,
/home/erosanow_hpc/informed_swapping/BARK.py:156: UserWarning: Exited postprocessing with accuracies 
[1.05245507e-09]
not reaching the requested tolerance 1e-09.
  values, vectors = lobpcg(projected_hamiltonian, guess, largest=False,
/home/erosanow_hpc/informed_swapping/BARK.py:156: UserWarning: Exited at iteration 50 with accuracies 
[1.26141433e-09]
not reaching the requested tolerance 1e-09.
Use iteration 51 instead with accuracy 
1.2614143305505073e-09.

  values, vectors = lobpcg(projected_hamiltonian, guess, largest=False,
/home/erosanow_hpc/informed_swapping/BARK.py:156: UserWarning: Exited postprocessing with accuracies 
[1.26141416e-09]
not reaching the requested tolerance 1e-09.
  values, vectors = lobpcg(projected_hamiltonian, guess, largest=False,
/home/erosanow_hpc/informed_swapping/BARK.py:156: UserWarning: Exited at iteration 50 with accuracies 
[1.55154852e-09]
not reaching the requested tolerance 1e-09.
Use iteration 51 instead with accuracy 
1.5515485206505826e-09.

  values, vectors = lobpcg(projected_hamiltonian, guess, largest=False,
/home/erosanow_hpc/informed_swapping/BARK.py:156: UserWarning: Exited postprocessing with accuracies 
[1.55154828e-09]
not reaching the requested tolerance 1e-09.
  values, vectors = lobpcg(projected_hamiltonian, guess, largest=False,
/home/erosanow_hpc/informed_swapping/BARK.py:156: UserWarning: Exited at iteration 50 with accuracies 
[1.07961006e-09]
not reaching the requested tolerance 1e-09.
Use iteration 51 instead with accuracy 
1.079610057110431e-09.

  values, vectors = lobpcg(projected_hamiltonian, guess, largest=False,
/home/erosanow_hpc/informed_swapping/BARK.py:156: UserWarning: Exited postprocessing with accuracies 
[1.07961038e-09]
not reaching the requested tolerance 1e-09.
  values, vectors = lobpcg(projected_hamiltonian, guess, largest=False,
/home/erosanow_hpc/informed_swapping/BARK.py:156: UserWarning: Exited at iteration 50 with accuracies 
[1.46556418e-09]
not reaching the requested tolerance 1e-09.
Use iteration 51 instead with accuracy 
1.4655641843503015e-09.

  values, vectors = lobpcg(projected_hamiltonian, guess, largest=False,
/home/erosanow_hpc/informed_swapping/BARK.py:156: UserWarning: Exited postprocessing with accuracies 
[1.46556425e-09]
not reaching the requested tolerance 1e-09.
  values, vectors = lobpcg(projected_hamiltonian, guess, largest=False,
/home/erosanow_hpc/informed_swapping/BARK.py:156: UserWarning: Exited at iteration 50 with accuracies 
[1.81990723e-09]
not reaching the requested tolerance 1e-09.
Use iteration 51 instead with accuracy 
1.8199072294968966e-09.

  values, vectors = lobpcg(projected_hamiltonian, guess, largest=False,
/home/erosanow_hpc/informed_swapping/BARK.py:156: UserWarning: Exited postprocessing with accuracies 
[1.81990711e-09]
not reaching the requested tolerance 1e-09.
  values, vectors = lobpcg(projected_hamiltonian, guess, largest=False,
/home/erosanow_hpc/informed_swapping/BARK.py:156: UserWarning: Exited at iteration 50 with accuracies 
[1.36491637e-09]
not reaching the requested tolerance 1e-09.
Use iteration 51 instead with accuracy 
1.3649163686065417e-09.

  values, vectors = lobpcg(projected_hamiltonian, guess, largest=False,
/home/erosanow_hpc/informed_swapping/BARK.py:156: UserWarning: Exited postprocessing with accuracies 
[1.36491645e-09]
not reaching the requested tolerance 1e-09.
  values, vectors = lobpcg(projected_hamiltonian, guess, largest=False,
/home/erosanow_hpc/informed_swapping/BARK.py:156: UserWarning: Exited at iteration 50 with accuracies 
[2.55615158e-09]
not reaching the requested tolerance 1e-09.
Use iteration 51 instead with accuracy 
2.556151576718189e-09.

  values, vectors = lobpcg(projected_hamiltonian, guess, largest=False,
/home/erosanow_hpc/informed_swapping/BARK.py:156: UserWarning: Exited postprocessing with accuracies 
[2.55615161e-09]
not reaching the requested tolerance 1e-09.
  values, vectors = lobpcg(projected_hamiltonian, guess, largest=False,
/home/erosanow_hpc/informed_swapping/BARK.py:156: UserWarning: Exited at iteration 50 with accuracies 
[2.46460361e-09]
not reaching the requested tolerance 1e-09.
Use iteration 51 instead with accuracy 
2.4646036107589768e-09.

  values, vectors = lobpcg(projected_hamiltonian, guess, largest=False,
/home/erosanow_hpc/informed_swapping/BARK.py:156: UserWarning: Exited postprocessing with accuracies 
[2.46460356e-09]
not reaching the requested tolerance 1e-09.
  values, vectors = lobpcg(projected_hamiltonian, guess, largest=False,
/home/erosanow_hpc/informed_swapping/BARK.py:156: UserWarning: Exited at iteration 50 with accuracies 
[3.86539399e-09]
not reaching the requested tolerance 1e-09.
Use iteration 51 instead with accuracy 
3.865393987915738e-09.

  values, vectors = lobpcg(projected_hamiltonian, guess, largest=False,
/home/erosanow_hpc/informed_swapping/BARK.py:156: UserWarning: Exited postprocessing with accuracies 
[3.86539418e-09]
not reaching the requested tolerance 1e-09.
  values, vectors = lobpcg(projected_hamiltonian, guess, largest=False,
/home/erosanow_hpc/informed_swapping/BARK.py:156: UserWarning: Exited at iteration 50 with accuracies 
[1.0149787e-09]
not reaching the requested tolerance 1e-09.
Use iteration 51 instead with accuracy 
1.014978699988042e-09.

  values, vectors = lobpcg(projected_hamiltonian, guess, largest=False,
/home/erosanow_hpc/informed_swapping/BARK.py:156: UserWarning: Exited postprocessing with accuracies 
[1.01497913e-09]
not reaching the requested tolerance 1e-09.
  values, vectors = lobpcg(projected_hamiltonian, guess, largest=False,
/home/erosanow_hpc/informed_swapping/BARK.py:156: UserWarning: Exited at iteration 50 with accuracies 
[1.42734387e-09]
not reaching the requested tolerance 1e-09.
Use iteration 51 instead with accuracy 
1.4273438673395785e-09.

  values, vectors = lobpcg(projected_hamiltonian, guess, largest=False,
/home/erosanow_hpc/informed_swapping/BARK.py:156: UserWarning: Exited postprocessing with accuracies 
[1.42734392e-09]
not reaching the requested tolerance 1e-09.
  values, vectors = lobpcg(projected_hamiltonian, guess, largest=False,
/home/erosanow_hpc/informed_swapping/BARK.py:156: UserWarning: Exited at iteration 50 with accuracies 
[1.11257399e-09]
not reaching the requested tolerance 1e-09.
Use iteration 51 instead with accuracy 
1.1125739910614146e-09.

  values, vectors = lobpcg(projected_hamiltonian, guess, largest=False,
/home/erosanow_hpc/informed_swapping/BARK.py:156: UserWarning: Exited postprocessing with accuracies 
[1.11257413e-09]
not reaching the requested tolerance 1e-09.
  values, vectors = lobpcg(projected_hamiltonian, guess, largest=False,
/home/erosanow_hpc/informed_swapping/BARK.py:156: UserWarning: Exited at iteration 50 with accuracies 
[1.34550988e-09]
not reaching the requested tolerance 1e-09.
Use iteration 51 instead with accuracy 
1.34550987970177e-09.

  values, vectors = lobpcg(projected_hamiltonian, guess, largest=False,
/home/erosanow_hpc/informed_swapping/BARK.py:156: UserWarning: Exited postprocessing with accuracies 
[1.3455103e-09]
not reaching the requested tolerance 1e-09.
  values, vectors = lobpcg(projected_hamiltonian, guess, largest=False,
/home/erosanow_hpc/informed_swapping/BARK.py:156: UserWarning: Exited at iteration 50 with accuracies 
[1.08417582e-09]
not reaching the requested tolerance 1e-09.
Use iteration 51 instead with accuracy 
1.0841758164442015e-09.

  values, vectors = lobpcg(projected_hamiltonian, guess, largest=False,
/home/erosanow_hpc/informed_swapping/BARK.py:156: UserWarning: Exited postprocessing with accuracies 
[1.08417565e-09]
not reaching the requested tolerance 1e-09.
  values, vectors = lobpcg(projected_hamiltonian, guess, largest=False,
/home/erosanow_hpc/informed_swapping/BARK.py:156: UserWarning: Exited at iteration 50 with accuracies 
[1.05671511e-09]
not reaching the requested tolerance 1e-09.
Use iteration 51 instead with accuracy 
1.0567151132052202e-09.

  values, vectors = lobpcg(projected_hamiltonian, guess, largest=False,
/home/erosanow_hpc/informed_swapping/BARK.py:156: UserWarning: Exited postprocessing with accuracies 
[1.05671497e-09]
not reaching the requested tolerance 1e-09.
  values, vectors = lobpcg(projected_hamiltonian, guess, largest=False,
/home/erosanow_hpc/informed_swapping/BARK.py:156: UserWarning: Exited at iteration 50 with accuracies 
[1.14483198e-09]
not reaching the requested tolerance 1e-09.
Use iteration 51 instead with accuracy 
1.1448319818964931e-09.

  values, vectors = lobpcg(projected_hamiltonian, guess, largest=False,
/home/erosanow_hpc/informed_swapping/BARK.py:156: UserWarning: Exited postprocessing with accuracies 
[1.14483215e-09]
not reaching the requested tolerance 1e-09.
  values, vectors = lobpcg(projected_hamiltonian, guess, largest=False,
/home/erosanow_hpc/informed_swapping/BARK.py:156: UserWarning: Exited at iteration 50 with accuracies 
[1.62740113e-09]
not reaching the requested tolerance 1e-09.
Use iteration 51 instead with accuracy 
1.6274011288043665e-09.

  values, vectors = lobpcg(projected_hamiltonian, guess, largest=False,
/home/erosanow_hpc/informed_swapping/BARK.py:156: UserWarning: Exited postprocessing with accuracies 
[1.62740104e-09]
not reaching the requested tolerance 1e-09.
  values, vectors = lobpcg(projected_hamiltonian, guess, largest=False,
/home/erosanow_hpc/informed_swapping/BARK.py:156: UserWarning: Exited at iteration 50 with accuracies 
[1.47046207e-09]
not reaching the requested tolerance 1e-09.
Use iteration 51 instead with accuracy 
1.4704620706137862e-09.

  values, vectors = lobpcg(projected_hamiltonian, guess, largest=False,
/home/erosanow_hpc/informed_swapping/BARK.py:156: UserWarning: Exited postprocessing with accuracies 
[1.4704619e-09]
not reaching the requested tolerance 1e-09.
  values, vectors = lobpcg(projected_hamiltonian, guess, largest=False,
/home/erosanow_hpc/informed_swapping/BARK.py:156: UserWarning: Exited at iteration 50 with accuracies 
[2.41734331e-09]
not reaching the requested tolerance 1e-09.
Use iteration 51 instead with accuracy 
2.4173433145107175e-09.

  values, vectors = lobpcg(projected_hamiltonian, guess, largest=False,
/home/erosanow_hpc/informed_swapping/BARK.py:156: UserWarning: Exited postprocessing with accuracies 
[2.41734319e-09]
not reaching the requested tolerance 1e-09.
  values, vectors = lobpcg(projected_hamiltonian, guess, largest=False,
/home/erosanow_hpc/informed_swapping/BARK.py:156: UserWarning: Exited at iteration 50 with accuracies 
[1.17761727e-09]
not reaching the requested tolerance 1e-09.
Use iteration 51 instead with accuracy 
1.1776172746441734e-09.

  values, vectors = lobpcg(projected_hamiltonian, guess, largest=False,
/home/erosanow_hpc/informed_swapping/BARK.py:156: UserWarning: Exited postprocessing with accuracies 
[1.17761742e-09]
not reaching the requested tolerance 1e-09.
  values, vectors = lobpcg(projected_hamiltonian, guess, largest=False,
/home/erosanow_hpc/informed_swapping/BARK.py:156: UserWarning: Exited at iteration 50 with accuracies 
[1.42677877e-09]
not reaching the requested tolerance 1e-09.
Use iteration 51 instead with accuracy 
1.4267787740589027e-09.

  values, vectors = lobpcg(projected_hamiltonian, guess, largest=False,
/home/erosanow_hpc/informed_swapping/BARK.py:156: UserWarning: Exited postprocessing with accuracies 
[1.42677928e-09]
not reaching the requested tolerance 1e-09.
  values, vectors = lobpcg(projected_hamiltonian, guess, largest=False,
/home/erosanow_hpc/informed_swapping/BARK.py:156: UserWarning: Exited at iteration 50 with accuracies 
[1.13040589e-09]
not reaching the requested tolerance 1e-09.
Use iteration 51 instead with accuracy 
1.1304058927497094e-09.

  values, vectors = lobpcg(projected_hamiltonian, guess, largest=False,
/home/erosanow_hpc/informed_swapping/BARK.py:156: UserWarning: Exited postprocessing with accuracies 
[1.13040594e-09]
not reaching the requested tolerance 1e-09.
  values, vectors = lobpcg(projected_hamiltonian, guess, largest=False,
/home/erosanow_hpc/informed_swapping/BARK.py:156: UserWarning: Exited at iteration 50 with accuracies 
[1.18909063e-09]
not reaching the requested tolerance 1e-09.
Use iteration 51 instead with accuracy 
1.1890906325246675e-09.

  values, vectors = lobpcg(projected_hamiltonian, guess, largest=False,
/home/erosanow_hpc/informed_swapping/BARK.py:156: UserWarning: Exited postprocessing with accuracies 
[1.1890912e-09]
not reaching the requested tolerance 1e-09.
  values, vectors = lobpcg(projected_hamiltonian, guess, largest=False,
/home/erosanow_hpc/informed_swapping/BARK.py:156: UserWarning: Exited at iteration 50 with accuracies 
[1.43027663e-09]
not reaching the requested tolerance 1e-09.
Use iteration 51 instead with accuracy 
1.430276633433207e-09.

  values, vectors = lobpcg(projected_hamiltonian, guess, largest=False,
/home/erosanow_hpc/informed_swapping/BARK.py:156: UserWarning: Exited postprocessing with accuracies 
[1.43027603e-09]
not reaching the requested tolerance 1e-09.
  values, vectors = lobpcg(projected_hamiltonian, guess, largest=False,
/home/erosanow_hpc/informed_swapping/BARK.py:156: UserWarning: Exited at iteration 50 with accuracies 
[1.73528294e-09]
not reaching the requested tolerance 1e-09.
Use iteration 51 instead with accuracy 
1.7352829378230561e-09.

  values, vectors = lobpcg(projected_hamiltonian, guess, largest=False,
/home/erosanow_hpc/informed_swapping/BARK.py:156: UserWarning: Exited postprocessing with accuracies 
[1.73528306e-09]
not reaching the requested tolerance 1e-09.
  values, vectors = lobpcg(projected_hamiltonian, guess, largest=False,
/home/erosanow_hpc/informed_swapping/BARK.py:156: UserWarning: Exited at iteration 50 with accuracies 
[1.0747096e-09]
not reaching the requested tolerance 1e-09.
Use iteration 51 instead with accuracy 
1.074709603226193e-09.

  values, vectors = lobpcg(projected_hamiltonian, guess, largest=False,
/home/erosanow_hpc/informed_swapping/BARK.py:156: UserWarning: Exited postprocessing with accuracies 
[1.0747094e-09]
not reaching the requested tolerance 1e-09.
  values, vectors = lobpcg(projected_hamiltonian, guess, largest=False,
/home/erosanow_hpc/informed_swapping/BARK.py:156: UserWarning: Exited at iteration 50 with accuracies 
[1.23815976e-09]
not reaching the requested tolerance 1e-09.
Use iteration 51 instead with accuracy 
1.238159760658471e-09.

  values, vectors = lobpcg(projected_hamiltonian, guess, largest=False,
/home/erosanow_hpc/informed_swapping/BARK.py:156: UserWarning: Exited postprocessing with accuracies 
[1.23815954e-09]
not reaching the requested tolerance 1e-09.
  values, vectors = lobpcg(projected_hamiltonian, guess, largest=False,
/home/erosanow_hpc/informed_swapping/BARK.py:156: UserWarning: Exited at iteration 50 with accuracies 
[1.01910462e-09]
not reaching the requested tolerance 1e-09.
Use iteration 51 instead with accuracy 
1.0191046227133017e-09.

  values, vectors = lobpcg(projected_hamiltonian, guess, largest=False,
/home/erosanow_hpc/informed_swapping/BARK.py:156: UserWarning: Exited postprocessing with accuracies 
[1.01910516e-09]
not reaching the requested tolerance 1e-09.
  values, vectors = lobpcg(projected_hamiltonian, guess, largest=False,
/home/erosanow_hpc/informed_swapping/BARK.py:156: UserWarning: Exited at iteration 50 with accuracies 
[1.17968766e-09]
not reaching the requested tolerance 1e-09.
Use iteration 51 instead with accuracy 
1.1796876606253878e-09.

  values, vectors = lobpcg(projected_hamiltonian, guess, largest=False,
/home/erosanow_hpc/informed_swapping/BARK.py:156: UserWarning: Exited postprocessing with accuracies 
[1.17968755e-09]
not reaching the requested tolerance 1e-09.
  values, vectors = lobpcg(projected_hamiltonian, guess, largest=False,
/home/erosanow_hpc/informed_swapping/BARK.py:156: UserWarning: Exited at iteration 50 with accuracies 
[1.15325695e-09]
not reaching the requested tolerance 1e-09.
Use iteration 51 instead with accuracy 
1.1532569536026535e-09.

  values, vectors = lobpcg(projected_hamiltonian, guess, largest=False,
/home/erosanow_hpc/informed_swapping/BARK.py:156: UserWarning: Exited postprocessing with accuracies 
[1.1532574e-09]
not reaching the requested tolerance 1e-09.
  values, vectors = lobpcg(projected_hamiltonian, guess, largest=False,
/home/erosanow_hpc/informed_swapping/BARK.py:156: UserWarning: Exited at iteration 50 with accuracies 
[1.34876606e-09]
not reaching the requested tolerance 1e-09.
Use iteration 51 instead with accuracy 
1.348766055532957e-09.

  values, vectors = lobpcg(projected_hamiltonian, guess, largest=False,
/home/erosanow_hpc/informed_swapping/BARK.py:156: UserWarning: Exited postprocessing with accuracies 
[1.34876598e-09]
not reaching the requested tolerance 1e-09.
  values, vectors = lobpcg(projected_hamiltonian, guess, largest=False,
/home/erosanow_hpc/informed_swapping/BARK.py:156: UserWarning: Exited at iteration 50 with accuracies 
[1.01446279e-09]
not reaching the requested tolerance 1e-09.
Use iteration 51 instead with accuracy 
1.014462788561189e-09.

  values, vectors = lobpcg(projected_hamiltonian, guess, largest=False,
/home/erosanow_hpc/informed_swapping/BARK.py:156: UserWarning: Exited postprocessing with accuracies 
[1.01446264e-09]
not reaching the requested tolerance 1e-09.
  values, vectors = lobpcg(projected_hamiltonian, guess, largest=False,
/home/erosanow_hpc/informed_swapping/BARK.py:156: UserWarning: Exited at iteration 50 with accuracies 
[1.89897876e-09]
not reaching the requested tolerance 1e-09.
Use iteration 51 instead with accuracy 
1.8989787585224927e-09.

  values, vectors = lobpcg(projected_hamiltonian, guess, largest=False,
/home/erosanow_hpc/informed_swapping/BARK.py:156: UserWarning: Exited postprocessing with accuracies 
[1.89897871e-09]
not reaching the requested tolerance 1e-09.
  values, vectors = lobpcg(projected_hamiltonian, guess, largest=False,
/home/erosanow_hpc/informed_swapping/BARK.py:156: UserWarning: Exited at iteration 50 with accuracies 
[1.77195478e-09]
not reaching the requested tolerance 1e-09.
Use iteration 51 instead with accuracy 
1.771954779016603e-09.

  values, vectors = lobpcg(projected_hamiltonian, guess, largest=False,
/home/erosanow_hpc/informed_swapping/BARK.py:156: UserWarning: Exited postprocessing with accuracies 
[1.77195496e-09]
not reaching the requested tolerance 1e-09.
  values, vectors = lobpcg(projected_hamiltonian, guess, largest=False,
/home/erosanow_hpc/informed_swapping/BARK.py:156: UserWarning: Exited at iteration 50 with accuracies 
[2.71335316e-09]
not reaching the requested tolerance 1e-09.
Use iteration 51 instead with accuracy 
2.713353157454713e-09.

  values, vectors = lobpcg(projected_hamiltonian, guess, largest=False,
/home/erosanow_hpc/informed_swapping/BARK.py:156: UserWarning: Exited postprocessing with accuracies 
[2.71335285e-09]
not reaching the requested tolerance 1e-09.
  values, vectors = lobpcg(projected_hamiltonian, guess, largest=False,
/home/erosanow_hpc/informed_swapping/BARK.py:156: UserWarning: Exited at iteration 50 with accuracies 
[1.06954731e-09]
not reaching the requested tolerance 1e-09.
Use iteration 51 instead with accuracy 
1.0695473130348701e-09.

  values, vectors = lobpcg(projected_hamiltonian, guess, largest=False,
/home/erosanow_hpc/informed_swapping/BARK.py:156: UserWarning: Exited postprocessing with accuracies 
[1.06954747e-09]
not reaching the requested tolerance 1e-09.
  values, vectors = lobpcg(projected_hamiltonian, guess, largest=False,
/home/erosanow_hpc/informed_swapping/BARK.py:156: UserWarning: Exited at iteration 50 with accuracies 
[1.29498132e-09]
not reaching the requested tolerance 1e-09.
Use iteration 51 instead with accuracy 
1.2949813244753165e-09.

  values, vectors = lobpcg(projected_hamiltonian, guess, largest=False,
/home/erosanow_hpc/informed_swapping/BARK.py:156: UserWarning: Exited postprocessing with accuracies 
[1.29498143e-09]
not reaching the requested tolerance 1e-09.
  values, vectors = lobpcg(projected_hamiltonian, guess, largest=False,
/home/erosanow_hpc/informed_swapping/BARK.py:156: UserWarning: Exited at iteration 50 with accuracies 
[1.04966416e-09]
not reaching the requested tolerance 1e-09.
Use iteration 51 instead with accuracy 
1.049664156517646e-09.

  values, vectors = lobpcg(projected_hamiltonian, guess, largest=False,
/home/erosanow_hpc/informed_swapping/BARK.py:156: UserWarning: Exited postprocessing with accuracies 
[1.04966454e-09]
not reaching the requested tolerance 1e-09.
  values, vectors = lobpcg(projected_hamiltonian, guess, largest=False,
/home/erosanow_hpc/informed_swapping/BARK.py:156: UserWarning: Exited at iteration 50 with accuracies 
[1.2290983e-09]
not reaching the requested tolerance 1e-09.
Use iteration 51 instead with accuracy 
1.2290982967058323e-09.

  values, vectors = lobpcg(projected_hamiltonian, guess, largest=False,
/home/erosanow_hpc/informed_swapping/BARK.py:156: UserWarning: Exited postprocessing with accuracies 
[1.22909827e-09]
not reaching the requested tolerance 1e-09.
  values, vectors = lobpcg(projected_hamiltonian, guess, largest=False,
/home/erosanow_hpc/informed_swapping/BARK.py:156: UserWarning: Exited at iteration 50 with accuracies 
[1.16285974e-09]
not reaching the requested tolerance 1e-09.
Use iteration 51 instead with accuracy 
1.1628597399168528e-09.

  values, vectors = lobpcg(projected_hamiltonian, guess, largest=False,
/home/erosanow_hpc/informed_swapping/BARK.py:156: UserWarning: Exited postprocessing with accuracies 
[1.16286013e-09]
not reaching the requested tolerance 1e-09.
  values, vectors = lobpcg(projected_hamiltonian, guess, largest=False,
/home/erosanow_hpc/informed_swapping/BARK.py:156: UserWarning: Exited at iteration 50 with accuracies 
[1.50235969e-09]
not reaching the requested tolerance 1e-09.
Use iteration 51 instead with accuracy 
1.5023596891808391e-09.

  values, vectors = lobpcg(projected_hamiltonian, guess, largest=False,
/home/erosanow_hpc/informed_swapping/BARK.py:156: UserWarning: Exited postprocessing with accuracies 
[1.50236011e-09]
not reaching the requested tolerance 1e-09.
  values, vectors = lobpcg(projected_hamiltonian, guess, largest=False,
/home/erosanow_hpc/informed_swapping/BARK.py:156: UserWarning: Exited at iteration 50 with accuracies 
[1.14286703e-09]
not reaching the requested tolerance 1e-09.
Use iteration 51 instead with accuracy 
1.1428670251459272e-09.

  values, vectors = lobpcg(projected_hamiltonian, guess, largest=False,
/home/erosanow_hpc/informed_swapping/BARK.py:156: UserWarning: Exited postprocessing with accuracies 
[1.14286716e-09]
not reaching the requested tolerance 1e-09.
  values, vectors = lobpcg(projected_hamiltonian, guess, largest=False,
/home/erosanow_hpc/informed_swapping/BARK.py:156: UserWarning: Exited at iteration 50 with accuracies 
[1.66103912e-09]
not reaching the requested tolerance 1e-09.
Use iteration 51 instead with accuracy 
1.6610391158434671e-09.

  values, vectors = lobpcg(projected_hamiltonian, guess, largest=False,
/home/erosanow_hpc/informed_swapping/BARK.py:156: UserWarning: Exited postprocessing with accuracies 
[1.6610392e-09]
not reaching the requested tolerance 1e-09.
  values, vectors = lobpcg(projected_hamiltonian, guess, largest=False,
/home/erosanow_hpc/informed_swapping/BARK.py:156: UserWarning: Exited at iteration 50 with accuracies 
[1.9341249e-09]
not reaching the requested tolerance 1e-09.
Use iteration 51 instead with accuracy 
1.9341248999146303e-09.

  values, vectors = lobpcg(projected_hamiltonian, guess, largest=False,
/home/erosanow_hpc/informed_swapping/BARK.py:156: UserWarning: Exited postprocessing with accuracies 
[1.934125e-09]
not reaching the requested tolerance 1e-09.
  values, vectors = lobpcg(projected_hamiltonian, guess, largest=False,
/home/erosanow_hpc/informed_swapping/BARK.py:156: UserWarning: Exited at iteration 50 with accuracies 
[2.40193213e-09]
not reaching the requested tolerance 1e-09.
Use iteration 51 instead with accuracy 
2.40193213332745e-09.

  values, vectors = lobpcg(projected_hamiltonian, guess, largest=False,
/home/erosanow_hpc/informed_swapping/BARK.py:156: UserWarning: Exited postprocessing with accuracies 
[2.40193229e-09]
not reaching the requested tolerance 1e-09.
  values, vectors = lobpcg(projected_hamiltonian, guess, largest=False,
/home/erosanow_hpc/informed_swapping/BARK.py:156: UserWarning: Exited at iteration 50 with accuracies 
[1.0669798e-09]
not reaching the requested tolerance 1e-09.
Use iteration 51 instead with accuracy 
1.0669797973313054e-09.

  values, vectors = lobpcg(projected_hamiltonian, guess, largest=False,
/home/erosanow_hpc/informed_swapping/BARK.py:156: UserWarning: Exited postprocessing with accuracies 
[1.06697979e-09]
not reaching the requested tolerance 1e-09.
  values, vectors = lobpcg(projected_hamiltonian, guess, largest=False,
/home/erosanow_hpc/informed_swapping/BARK.py:156: UserWarning: Exited at iteration 50 with accuracies 
[1.17627298e-09]
not reaching the requested tolerance 1e-09.
Use iteration 51 instead with accuracy 
1.176272976857686e-09.

  values, vectors = lobpcg(projected_hamiltonian, guess, largest=False,
/home/erosanow_hpc/informed_swapping/BARK.py:156: UserWarning: Exited postprocessing with accuracies 
[1.17627324e-09]
not reaching the requested tolerance 1e-09.
  values, vectors = lobpcg(projected_hamiltonian, guess, largest=False,
/home/erosanow_hpc/informed_swapping/BARK.py:156: UserWarning: Exited at iteration 50 with accuracies 
[1.16713454e-09]
not reaching the requested tolerance 1e-09.
Use iteration 51 instead with accuracy 
1.1671345398082956e-09.

  values, vectors = lobpcg(projected_hamiltonian, guess, largest=False,
/home/erosanow_hpc/informed_swapping/BARK.py:156: UserWarning: Exited postprocessing with accuracies 
[1.16713523e-09]
not reaching the requested tolerance 1e-09.
  values, vectors = lobpcg(projected_hamiltonian, guess, largest=False,
/home/erosanow_hpc/informed_swapping/BARK.py:156: UserWarning: Exited at iteration 50 with accuracies 
[1.59553071e-09]
not reaching the requested tolerance 1e-09.
Use iteration 51 instead with accuracy 
1.5955307140136623e-09.

  values, vectors = lobpcg(projected_hamiltonian, guess, largest=False,
/home/erosanow_hpc/informed_swapping/BARK.py:156: UserWarning: Exited postprocessing with accuracies 
[1.59553084e-09]
not reaching the requested tolerance 1e-09.
  values, vectors = lobpcg(projected_hamiltonian, guess, largest=False,
/home/erosanow_hpc/informed_swapping/BARK.py:156: UserWarning: Exited at iteration 50 with accuracies 
[1.48662636e-09]
not reaching the requested tolerance 1e-09.
Use iteration 51 instead with accuracy 
1.4866263625151994e-09.

  values, vectors = lobpcg(projected_hamiltonian, guess, largest=False,
/home/erosanow_hpc/informed_swapping/BARK.py:156: UserWarning: Exited postprocessing with accuracies 
[1.4866268e-09]
not reaching the requested tolerance 1e-09.
  values, vectors = lobpcg(projected_hamiltonian, guess, largest=False,
/home/erosanow_hpc/informed_swapping/BARK.py:156: UserWarning: Exited at iteration 50 with accuracies 
[2.25192037e-09]
not reaching the requested tolerance 1e-09.
Use iteration 51 instead with accuracy 
2.251920371330633e-09.

  values, vectors = lobpcg(projected_hamiltonian, guess, largest=False,
/home/erosanow_hpc/informed_swapping/BARK.py:156: UserWarning: Exited postprocessing with accuracies 
[2.25192043e-09]
not reaching the requested tolerance 1e-09.
  values, vectors = lobpcg(projected_hamiltonian, guess, largest=False,
/home/erosanow_hpc/informed_swapping/BARK.py:156: UserWarning: Exited at iteration 50 with accuracies 
[1.01472194e-09]
not reaching the requested tolerance 1e-09.
Use iteration 51 instead with accuracy 
1.0147219403100696e-09.

  values, vectors = lobpcg(projected_hamiltonian, guess, largest=False,
/home/erosanow_hpc/informed_swapping/BARK.py:156: UserWarning: Exited postprocessing with accuracies 
[1.01472183e-09]
not reaching the requested tolerance 1e-09.
  values, vectors = lobpcg(projected_hamiltonian, guess, largest=False,
/home/erosanow_hpc/informed_swapping/BARK.py:156: UserWarning: Exited at iteration 50 with accuracies 
[1.09441113e-09]
not reaching the requested tolerance 1e-09.
Use iteration 51 instead with accuracy 
1.0944111261781925e-09.

  values, vectors = lobpcg(projected_hamiltonian, guess, largest=False,
/home/erosanow_hpc/informed_swapping/BARK.py:156: UserWarning: Exited postprocessing with accuracies 
[1.09441118e-09]
not reaching the requested tolerance 1e-09.
  values, vectors = lobpcg(projected_hamiltonian, guess, largest=False,
/home/erosanow_hpc/informed_swapping/BARK.py:156: UserWarning: Exited at iteration 50 with accuracies 
[1.07292749e-09]
not reaching the requested tolerance 1e-09.
Use iteration 51 instead with accuracy 
1.0729274871255072e-09.

  values, vectors = lobpcg(projected_hamiltonian, guess, largest=False,
/home/erosanow_hpc/informed_swapping/BARK.py:156: UserWarning: Exited postprocessing with accuracies 
[1.07292787e-09]
not reaching the requested tolerance 1e-09.
  values, vectors = lobpcg(projected_hamiltonian, guess, largest=False,
/home/erosanow_hpc/informed_swapping/BARK.py:156: UserWarning: Exited at iteration 50 with accuracies 
[1.36001155e-09]
not reaching the requested tolerance 1e-09.
Use iteration 51 instead with accuracy 
1.3600115501442746e-09.

  values, vectors = lobpcg(projected_hamiltonian, guess, largest=False,
/home/erosanow_hpc/informed_swapping/BARK.py:156: UserWarning: Exited postprocessing with accuracies 
[1.36001102e-09]
not reaching the requested tolerance 1e-09.
  values, vectors = lobpcg(projected_hamiltonian, guess, largest=False,
/home/erosanow_hpc/informed_swapping/BARK.py:156: UserWarning: Exited at iteration 50 with accuracies 
[1.28212997e-09]
not reaching the requested tolerance 1e-09.
Use iteration 51 instead with accuracy 
1.2821299664098476e-09.

  values, vectors = lobpcg(projected_hamiltonian, guess, largest=False,
/home/erosanow_hpc/informed_swapping/BARK.py:156: UserWarning: Exited postprocessing with accuracies 
[1.28212986e-09]
not reaching the requested tolerance 1e-09.
  values, vectors = lobpcg(projected_hamiltonian, guess, largest=False,
/home/erosanow_hpc/informed_swapping/BARK.py:156: UserWarning: Exited at iteration 50 with accuracies 
[1.21688782e-09]
not reaching the requested tolerance 1e-09.
Use iteration 51 instead with accuracy 
1.2168878223084176e-09.

  values, vectors = lobpcg(projected_hamiltonian, guess, largest=False,
/home/erosanow_hpc/informed_swapping/BARK.py:156: UserWarning: Exited postprocessing with accuracies 
[1.21688716e-09]
not reaching the requested tolerance 1e-09.
  values, vectors = lobpcg(projected_hamiltonian, guess, largest=False,
/home/erosanow_hpc/informed_swapping/BARK.py:156: UserWarning: Exited at iteration 50 with accuracies 
[1.94712013e-09]
not reaching the requested tolerance 1e-09.
Use iteration 51 instead with accuracy 
1.947120134443932e-09.

  values, vectors = lobpcg(projected_hamiltonian, guess, largest=False,
/home/erosanow_hpc/informed_swapping/BARK.py:156: UserWarning: Exited postprocessing with accuracies 
[1.94711973e-09]
not reaching the requested tolerance 1e-09.
  values, vectors = lobpcg(projected_hamiltonian, guess, largest=False,
/home/erosanow_hpc/informed_swapping/BARK.py:156: UserWarning: Exited at iteration 50 with accuracies 
[1.19333135e-09]
not reaching the requested tolerance 1e-09.
Use iteration 51 instead with accuracy 
1.193331348892323e-09.

  values, vectors = lobpcg(projected_hamiltonian, guess, largest=False,
/home/erosanow_hpc/informed_swapping/BARK.py:156: UserWarning: Exited postprocessing with accuracies 
[1.19333146e-09]
not reaching the requested tolerance 1e-09.
  values, vectors = lobpcg(projected_hamiltonian, guess, largest=False,
/home/erosanow_hpc/informed_swapping/BARK.py:156: UserWarning: Exited at iteration 50 with accuracies 
[1.09276197e-09]
not reaching the requested tolerance 1e-09.
Use iteration 51 instead with accuracy 
1.092761972789549e-09.

  values, vectors = lobpcg(projected_hamiltonian, guess, largest=False,
/home/erosanow_hpc/informed_swapping/BARK.py:156: UserWarning: Exited postprocessing with accuracies 
[1.09276186e-09]
not reaching the requested tolerance 1e-09.
  values, vectors = lobpcg(projected_hamiltonian, guess, largest=False,
/home/erosanow_hpc/informed_swapping/BARK.py:156: UserWarning: Exited at iteration 50 with accuracies 
[1.35488606e-09]
not reaching the requested tolerance 1e-09.
Use iteration 51 instead with accuracy 
1.3548860594710479e-09.

  values, vectors = lobpcg(projected_hamiltonian, guess, largest=False,
/home/erosanow_hpc/informed_swapping/BARK.py:156: UserWarning: Exited postprocessing with accuracies 
[1.35488653e-09]
not reaching the requested tolerance 1e-09.
  values, vectors = lobpcg(projected_hamiltonian, guess, largest=False,
/home/erosanow_hpc/informed_swapping/BARK.py:156: UserWarning: Exited at iteration 50 with accuracies 
[1.01863866e-09]
not reaching the requested tolerance 1e-09.
Use iteration 51 instead with accuracy 
1.0186386640136842e-09.

  values, vectors = lobpcg(projected_hamiltonian, guess, largest=False,
/home/erosanow_hpc/informed_swapping/BARK.py:156: UserWarning: Exited postprocessing with accuracies 
[1.01863866e-09]
not reaching the requested tolerance 1e-09.
  values, vectors = lobpcg(projected_hamiltonian, guess, largest=False,
/home/erosanow_hpc/informed_swapping/BARK.py:156: UserWarning: Exited at iteration 50 with accuracies 
[1.2630205e-09]
not reaching the requested tolerance 1e-09.
Use iteration 51 instead with accuracy 
1.263020498422642e-09.

  values, vectors = lobpcg(projected_hamiltonian, guess, largest=False,
/home/erosanow_hpc/informed_swapping/BARK.py:156: UserWarning: Exited postprocessing with accuracies 
[1.26302042e-09]
not reaching the requested tolerance 1e-09.
  values, vectors = lobpcg(projected_hamiltonian, guess, largest=False,
/home/erosanow_hpc/informed_swapping/BARK.py:156: UserWarning: Exited at iteration 50 with accuracies 
[1.02344551e-09]
not reaching the requested tolerance 1e-09.
Use iteration 51 instead with accuracy 
1.0234455130869684e-09.

  values, vectors = lobpcg(projected_hamiltonian, guess, largest=False,
/home/erosanow_hpc/informed_swapping/BARK.py:156: UserWarning: Exited postprocessing with accuracies 
[1.0234459e-09]
not reaching the requested tolerance 1e-09.
  values, vectors = lobpcg(projected_hamiltonian, guess, largest=False,
/home/erosanow_hpc/informed_swapping/BARK.py:156: UserWarning: Exited at iteration 50 with accuracies 
[1.09447413e-09]
not reaching the requested tolerance 1e-09.
Use iteration 51 instead with accuracy 
1.0944741298316702e-09.

  values, vectors = lobpcg(projected_hamiltonian, guess, largest=False,
/home/erosanow_hpc/informed_swapping/BARK.py:156: UserWarning: Exited postprocessing with accuracies 
[1.09447411e-09]
not reaching the requested tolerance 1e-09.
  values, vectors = lobpcg(projected_hamiltonian, guess, largest=False,
/home/erosanow_hpc/informed_swapping/BARK.py:156: UserWarning: Exited at iteration 50 with accuracies 
[1.69488742e-09]
not reaching the requested tolerance 1e-09.
Use iteration 51 instead with accuracy 
1.6948874235992814e-09.

  values, vectors = lobpcg(projected_hamiltonian, guess, largest=False,
/home/erosanow_hpc/informed_swapping/BARK.py:156: UserWarning: Exited postprocessing with accuracies 
[1.6948871e-09]
not reaching the requested tolerance 1e-09.
  values, vectors = lobpcg(projected_hamiltonian, guess, largest=False,
/home/erosanow_hpc/informed_swapping/BARK.py:156: UserWarning: Exited at iteration 50 with accuracies 
[1.26848124e-09]
not reaching the requested tolerance 1e-09.
Use iteration 51 instead with accuracy 
1.268481243660967e-09.

  values, vectors = lobpcg(projected_hamiltonian, guess, largest=False,
/home/erosanow_hpc/informed_swapping/BARK.py:156: UserWarning: Exited postprocessing with accuracies 
[1.26848139e-09]
not reaching the requested tolerance 1e-09.
  values, vectors = lobpcg(projected_hamiltonian, guess, largest=False,
/home/erosanow_hpc/informed_swapping/BARK.py:156: UserWarning: Exited at iteration 50 with accuracies 
[2.02567842e-09]
not reaching the requested tolerance 1e-09.
Use iteration 51 instead with accuracy 
2.025678416358252e-09.

  values, vectors = lobpcg(projected_hamiltonian, guess, largest=False,
/home/erosanow_hpc/informed_swapping/BARK.py:156: UserWarning: Exited postprocessing with accuracies 
[2.02567859e-09]
not reaching the requested tolerance 1e-09.
  values, vectors = lobpcg(projected_hamiltonian, guess, largest=False,
/home/erosanow_hpc/informed_swapping/BARK.py:156: UserWarning: Exited at iteration 50 with accuracies 
[2.36439883e-09]
not reaching the requested tolerance 1e-09.
Use iteration 51 instead with accuracy 
2.3643988318519132e-09.

  values, vectors = lobpcg(projected_hamiltonian, guess, largest=False,
/home/erosanow_hpc/informed_swapping/BARK.py:156: UserWarning: Exited postprocessing with accuracies 
[2.3643989e-09]
not reaching the requested tolerance 1e-09.
  values, vectors = lobpcg(projected_hamiltonian, guess, largest=False,
/home/erosanow_hpc/informed_swapping/BARK.py:156: UserWarning: Exited at iteration 50 with accuracies 
[3.06951668e-09]
not reaching the requested tolerance 1e-09.
Use iteration 51 instead with accuracy 
3.069516675191176e-09.

  values, vectors = lobpcg(projected_hamiltonian, guess, largest=False,
/home/erosanow_hpc/informed_swapping/BARK.py:156: UserWarning: Exited postprocessing with accuracies 
[3.06951647e-09]
not reaching the requested tolerance 1e-09.
  values, vectors = lobpcg(projected_hamiltonian, guess, largest=False,
/home/erosanow_hpc/informed_swapping/BARK.py:156: UserWarning: Exited at iteration 50 with accuracies 
[1.09965692e-09]
not reaching the requested tolerance 1e-09.
Use iteration 51 instead with accuracy 
1.0996569239872728e-09.

  values, vectors = lobpcg(projected_hamiltonian, guess, largest=False,
/home/erosanow_hpc/informed_swapping/BARK.py:156: UserWarning: Exited postprocessing with accuracies 
[1.09965676e-09]
not reaching the requested tolerance 1e-09.
  values, vectors = lobpcg(projected_hamiltonian, guess, largest=False,
/home/erosanow_hpc/informed_swapping/BARK.py:156: UserWarning: Exited at iteration 50 with accuracies 
[1.31786872e-09]
not reaching the requested tolerance 1e-09.
Use iteration 51 instead with accuracy 
1.3178687243480856e-09.

  values, vectors = lobpcg(projected_hamiltonian, guess, largest=False,
/home/erosanow_hpc/informed_swapping/BARK.py:156: UserWarning: Exited postprocessing with accuracies 
[1.31786847e-09]
not reaching the requested tolerance 1e-09.
  values, vectors = lobpcg(projected_hamiltonian, guess, largest=False,
/home/erosanow_hpc/informed_swapping/BARK.py:156: UserWarning: Exited at iteration 50 with accuracies 
[1.67962527e-09]
not reaching the requested tolerance 1e-09.
Use iteration 51 instead with accuracy 
1.679625266771554e-09.

  values, vectors = lobpcg(projected_hamiltonian, guess, largest=False,
/home/erosanow_hpc/informed_swapping/BARK.py:156: UserWarning: Exited postprocessing with accuracies 
[1.67962489e-09]
not reaching the requested tolerance 1e-09.
  values, vectors = lobpcg(projected_hamiltonian, guess, largest=False,
/home/erosanow_hpc/informed_swapping/BARK.py:156: UserWarning: Exited at iteration 50 with accuracies 
[1.03692673e-09]
not reaching the requested tolerance 1e-09.
Use iteration 51 instead with accuracy 
1.0369267321162022e-09.

  values, vectors = lobpcg(projected_hamiltonian, guess, largest=False,
/home/erosanow_hpc/informed_swapping/BARK.py:156: UserWarning: Exited postprocessing with accuracies 
[1.03692664e-09]
not reaching the requested tolerance 1e-09.
  values, vectors = lobpcg(projected_hamiltonian, guess, largest=False,
/home/erosanow_hpc/informed_swapping/BARK.py:156: UserWarning: Exited at iteration 50 with accuracies 
[1.46066786e-09]
not reaching the requested tolerance 1e-09.
Use iteration 51 instead with accuracy 
1.4606678622246483e-09.

  values, vectors = lobpcg(projected_hamiltonian, guess, largest=False,
/home/erosanow_hpc/informed_swapping/BARK.py:156: UserWarning: Exited postprocessing with accuracies 
[1.46066786e-09]
not reaching the requested tolerance 1e-09.
  values, vectors = lobpcg(projected_hamiltonian, guess, largest=False,
/home/erosanow_hpc/informed_swapping/BARK.py:156: UserWarning: Exited at iteration 50 with accuracies 
[1.09436007e-09]
not reaching the requested tolerance 1e-09.
Use iteration 51 instead with accuracy 
1.0943600746630467e-09.

  values, vectors = lobpcg(projected_hamiltonian, guess, largest=False,
/home/erosanow_hpc/informed_swapping/BARK.py:156: UserWarning: Exited postprocessing with accuracies 
[1.09435972e-09]
not reaching the requested tolerance 1e-09.
  values, vectors = lobpcg(projected_hamiltonian, guess, largest=False,
/home/erosanow_hpc/informed_swapping/BARK.py:156: UserWarning: Exited at iteration 50 with accuracies 
[1.29136912e-09]
not reaching the requested tolerance 1e-09.
Use iteration 51 instead with accuracy 
1.2913691226953762e-09.

  values, vectors = lobpcg(projected_hamiltonian, guess, largest=False,
/home/erosanow_hpc/informed_swapping/BARK.py:156: UserWarning: Exited postprocessing with accuracies 
[1.29136936e-09]
not reaching the requested tolerance 1e-09.
  values, vectors = lobpcg(projected_hamiltonian, guess, largest=False,
/home/erosanow_hpc/informed_swapping/BARK.py:156: UserWarning: Exited at iteration 50 with accuracies 
[1.57996545e-09]
not reaching the requested tolerance 1e-09.
Use iteration 51 instead with accuracy 
1.5799654462788352e-09.

  values, vectors = lobpcg(projected_hamiltonian, guess, largest=False,
/home/erosanow_hpc/informed_swapping/BARK.py:156: UserWarning: Exited postprocessing with accuracies 
[1.5799654e-09]
not reaching the requested tolerance 1e-09.
  values, vectors = lobpcg(projected_hamiltonian, guess, largest=False,
/home/erosanow_hpc/informed_swapping/BARK.py:156: UserWarning: Exited at iteration 50 with accuracies 
[1.0524542e-09]
not reaching the requested tolerance 1e-09.
Use iteration 51 instead with accuracy 
1.0524542016140005e-09.

  values, vectors = lobpcg(projected_hamiltonian, guess, largest=False,
/home/erosanow_hpc/informed_swapping/BARK.py:156: UserWarning: Exited postprocessing with accuracies 
[1.05245411e-09]
not reaching the requested tolerance 1e-09.
  values, vectors = lobpcg(projected_hamiltonian, guess, largest=False,
/home/erosanow_hpc/informed_swapping/BARK.py:156: UserWarning: Exited at iteration 50 with accuracies 
[1.26141512e-09]
not reaching the requested tolerance 1e-09.
Use iteration 51 instead with accuracy 
1.2614151248574243e-09.

  values, vectors = lobpcg(projected_hamiltonian, guess, largest=False,
/home/erosanow_hpc/informed_swapping/BARK.py:156: UserWarning: Exited postprocessing with accuracies 
[1.2614154e-09]
not reaching the requested tolerance 1e-09.
  values, vectors = lobpcg(projected_hamiltonian, guess, largest=False,
/home/erosanow_hpc/informed_swapping/BARK.py:156: UserWarning: Exited at iteration 50 with accuracies 
[1.55154905e-09]
not reaching the requested tolerance 1e-09.
Use iteration 51 instead with accuracy 
1.5515490478136851e-09.

  values, vectors = lobpcg(projected_hamiltonian, guess, largest=False,
/home/erosanow_hpc/informed_swapping/BARK.py:156: UserWarning: Exited postprocessing with accuracies 
[1.55154893e-09]
not reaching the requested tolerance 1e-09.
  values, vectors = lobpcg(projected_hamiltonian, guess, largest=False,
/home/erosanow_hpc/informed_swapping/BARK.py:156: UserWarning: Exited at iteration 50 with accuracies 
[1.07961018e-09]
not reaching the requested tolerance 1e-09.
Use iteration 51 instead with accuracy 
1.0796101774196206e-09.

  values, vectors = lobpcg(projected_hamiltonian, guess, largest=False,
/home/erosanow_hpc/informed_swapping/BARK.py:156: UserWarning: Exited postprocessing with accuracies 
[1.07961033e-09]
not reaching the requested tolerance 1e-09.
  values, vectors = lobpcg(projected_hamiltonian, guess, largest=False,
/home/erosanow_hpc/informed_swapping/BARK.py:156: UserWarning: Exited at iteration 50 with accuracies 
[1.46556309e-09]
not reaching the requested tolerance 1e-09.
Use iteration 51 instead with accuracy 
1.46556309462915e-09.

  values, vectors = lobpcg(projected_hamiltonian, guess, largest=False,
/home/erosanow_hpc/informed_swapping/BARK.py:156: UserWarning: Exited postprocessing with accuracies 
[1.46556332e-09]
not reaching the requested tolerance 1e-09.
  values, vectors = lobpcg(projected_hamiltonian, guess, largest=False,
/home/erosanow_hpc/informed_swapping/BARK.py:156: UserWarning: Exited at iteration 50 with accuracies 
[1.81990676e-09]
not reaching the requested tolerance 1e-09.
Use iteration 51 instead with accuracy 
1.8199067633996346e-09.

  values, vectors = lobpcg(projected_hamiltonian, guess, largest=False,
/home/erosanow_hpc/informed_swapping/BARK.py:156: UserWarning: Exited postprocessing with accuracies 
[1.81990661e-09]
not reaching the requested tolerance 1e-09.
  values, vectors = lobpcg(projected_hamiltonian, guess, largest=False,
/home/erosanow_hpc/informed_swapping/BARK.py:156: UserWarning: Exited at iteration 50 with accuracies 
[1.36491533e-09]
not reaching the requested tolerance 1e-09.
Use iteration 51 instead with accuracy 
1.364915334624749e-09.

  values, vectors = lobpcg(projected_hamiltonian, guess, largest=False,
/home/erosanow_hpc/informed_swapping/BARK.py:156: UserWarning: Exited postprocessing with accuracies 
[1.3649158e-09]
not reaching the requested tolerance 1e-09.
  values, vectors = lobpcg(projected_hamiltonian, guess, largest=False,
/home/erosanow_hpc/informed_swapping/BARK.py:156: UserWarning: Exited at iteration 50 with accuracies 
[2.5561509e-09]
not reaching the requested tolerance 1e-09.
Use iteration 51 instead with accuracy 
2.556150900723415e-09.

  values, vectors = lobpcg(projected_hamiltonian, guess, largest=False,
/home/erosanow_hpc/informed_swapping/BARK.py:156: UserWarning: Exited postprocessing with accuracies 
[2.55615073e-09]
not reaching the requested tolerance 1e-09.
  values, vectors = lobpcg(projected_hamiltonian, guess, largest=False,
/home/erosanow_hpc/informed_swapping/BARK.py:156: UserWarning: Exited at iteration 50 with accuracies 
[2.46460343e-09]
not reaching the requested tolerance 1e-09.
Use iteration 51 instead with accuracy 
2.464603428490656e-09.

  values, vectors = lobpcg(projected_hamiltonian, guess, largest=False,
/home/erosanow_hpc/informed_swapping/BARK.py:156: UserWarning: Exited postprocessing with accuracies 
[2.46460351e-09]
not reaching the requested tolerance 1e-09.
  values, vectors = lobpcg(projected_hamiltonian, guess, largest=False,
/home/erosanow_hpc/informed_swapping/BARK.py:156: UserWarning: Exited at iteration 50 with accuracies 
[3.86539534e-09]
not reaching the requested tolerance 1e-09.
Use iteration 51 instead with accuracy 
3.865395338476624e-09.

  values, vectors = lobpcg(projected_hamiltonian, guess, largest=False,
/home/erosanow_hpc/informed_swapping/BARK.py:156: UserWarning: Exited postprocessing with accuracies 
[3.86539559e-09]
not reaching the requested tolerance 1e-09.
  values, vectors = lobpcg(projected_hamiltonian, guess, largest=False,
/home/erosanow_hpc/informed_swapping/BARK.py:156: UserWarning: Exited at iteration 50 with accuracies 
[1.0149766e-09]
not reaching the requested tolerance 1e-09.
Use iteration 51 instead with accuracy 
1.0149766009765805e-09.

  values, vectors = lobpcg(projected_hamiltonian, guess, largest=False,
/home/erosanow_hpc/informed_swapping/BARK.py:156: UserWarning: Exited postprocessing with accuracies 
[1.01497649e-09]
not reaching the requested tolerance 1e-09.
  values, vectors = lobpcg(projected_hamiltonian, guess, largest=False,
/home/erosanow_hpc/informed_swapping/BARK.py:156: UserWarning: Exited at iteration 50 with accuracies 
[1.42734316e-09]
not reaching the requested tolerance 1e-09.
Use iteration 51 instead with accuracy 
1.4273431551059437e-09.

  values, vectors = lobpcg(projected_hamiltonian, guess, largest=False,
/home/erosanow_hpc/informed_swapping/BARK.py:156: UserWarning: Exited postprocessing with accuracies 
[1.42734321e-09]
not reaching the requested tolerance 1e-09.
  values, vectors = lobpcg(projected_hamiltonian, guess, largest=False,
/home/erosanow_hpc/informed_swapping/BARK.py:156: UserWarning: Exited at iteration 50 with accuracies 
[1.11257471e-09]
not reaching the requested tolerance 1e-09.
Use iteration 51 instead with accuracy 
1.1125747118510843e-09.

  values, vectors = lobpcg(projected_hamiltonian, guess, largest=False,
/home/erosanow_hpc/informed_swapping/BARK.py:156: UserWarning: Exited postprocessing with accuracies 
[1.11257499e-09]
not reaching the requested tolerance 1e-09.
  values, vectors = lobpcg(projected_hamiltonian, guess, largest=False,
/home/erosanow_hpc/informed_swapping/BARK.py:156: UserWarning: Exited at iteration 50 with accuracies 
[1.34550971e-09]
not reaching the requested tolerance 1e-09.
Use iteration 51 instead with accuracy 
1.345509708298595e-09.

  values, vectors = lobpcg(projected_hamiltonian, guess, largest=False,
/home/erosanow_hpc/informed_swapping/BARK.py:156: UserWarning: Exited postprocessing with accuracies 
[1.34551007e-09]
not reaching the requested tolerance 1e-09.
  values, vectors = lobpcg(projected_hamiltonian, guess, largest=False,
/home/erosanow_hpc/informed_swapping/BARK.py:156: UserWarning: Exited at iteration 50 with accuracies 
[1.08417676e-09]
not reaching the requested tolerance 1e-09.
Use iteration 51 instead with accuracy 
1.0841767610269482e-09.

  values, vectors = lobpcg(projected_hamiltonian, guess, largest=False,
/home/erosanow_hpc/informed_swapping/BARK.py:156: UserWarning: Exited postprocessing with accuracies 
[1.08417703e-09]
not reaching the requested tolerance 1e-09.
  values, vectors = lobpcg(projected_hamiltonian, guess, largest=False,
/home/erosanow_hpc/informed_swapping/BARK.py:156: UserWarning: Exited at iteration 50 with accuracies 
[1.0567137e-09]
not reaching the requested tolerance 1e-09.
Use iteration 51 instead with accuracy 
1.0567136977750096e-09.

  values, vectors = lobpcg(projected_hamiltonian, guess, largest=False,
/home/erosanow_hpc/informed_swapping/BARK.py:156: UserWarning: Exited postprocessing with accuracies 
[1.05671381e-09]
not reaching the requested tolerance 1e-09.
  values, vectors = lobpcg(projected_hamiltonian, guess, largest=False,
/home/erosanow_hpc/informed_swapping/BARK.py:156: UserWarning: Exited at iteration 50 with accuracies 
[1.14483087e-09]
not reaching the requested tolerance 1e-09.
Use iteration 51 instead with accuracy 
1.1448308708228131e-09.

  values, vectors = lobpcg(projected_hamiltonian, guess, largest=False,
/home/erosanow_hpc/informed_swapping/BARK.py:156: UserWarning: Exited postprocessing with accuracies 
[1.14483117e-09]
not reaching the requested tolerance 1e-09.
  values, vectors = lobpcg(projected_hamiltonian, guess, largest=False,
/home/erosanow_hpc/informed_swapping/BARK.py:156: UserWarning: Exited at iteration 50 with accuracies 
[1.62740197e-09]
not reaching the requested tolerance 1e-09.
Use iteration 51 instead with accuracy 
1.6274019719491662e-09.

  values, vectors = lobpcg(projected_hamiltonian, guess, largest=False,
/home/erosanow_hpc/informed_swapping/BARK.py:156: UserWarning: Exited postprocessing with accuracies 
[1.62740214e-09]
not reaching the requested tolerance 1e-09.
  values, vectors = lobpcg(projected_hamiltonian, guess, largest=False,
/home/erosanow_hpc/informed_swapping/BARK.py:156: UserWarning: Exited at iteration 50 with accuracies 
[1.47046184e-09]
not reaching the requested tolerance 1e-09.
Use iteration 51 instead with accuracy 
1.470461836493933e-09.

  values, vectors = lobpcg(projected_hamiltonian, guess, largest=False,
/home/erosanow_hpc/informed_swapping/BARK.py:156: UserWarning: Exited postprocessing with accuracies 
[1.47046186e-09]
not reaching the requested tolerance 1e-09.
  values, vectors = lobpcg(projected_hamiltonian, guess, largest=False,
/home/erosanow_hpc/informed_swapping/BARK.py:156: UserWarning: Exited at iteration 50 with accuracies 
[2.41734169e-09]
not reaching the requested tolerance 1e-09.
Use iteration 51 instead with accuracy 
2.417341688222207e-09.

  values, vectors = lobpcg(projected_hamiltonian, guess, largest=False,
/home/erosanow_hpc/informed_swapping/BARK.py:156: UserWarning: Exited postprocessing with accuracies 
[2.41734216e-09]
not reaching the requested tolerance 1e-09.
  values, vectors = lobpcg(projected_hamiltonian, guess, largest=False,
/home/erosanow_hpc/informed_swapping/BARK.py:156: UserWarning: Exited at iteration 50 with accuracies 
[1.17761734e-09]
not reaching the requested tolerance 1e-09.
Use iteration 51 instead with accuracy 
1.1776173409328156e-09.

  values, vectors = lobpcg(projected_hamiltonian, guess, largest=False,
/home/erosanow_hpc/informed_swapping/BARK.py:156: UserWarning: Exited postprocessing with accuracies 
[1.17761746e-09]
not reaching the requested tolerance 1e-09.
  values, vectors = lobpcg(projected_hamiltonian, guess, largest=False,
/home/erosanow_hpc/informed_swapping/BARK.py:156: UserWarning: Exited at iteration 50 with accuracies 
[1.42678031e-09]
not reaching the requested tolerance 1e-09.
Use iteration 51 instead with accuracy 
1.426780305486488e-09.

  values, vectors = lobpcg(projected_hamiltonian, guess, largest=False,
/home/erosanow_hpc/informed_swapping/BARK.py:156: UserWarning: Exited postprocessing with accuracies 
[1.42678072e-09]
not reaching the requested tolerance 1e-09.
  values, vectors = lobpcg(projected_hamiltonian, guess, largest=False,
/home/erosanow_hpc/informed_swapping/BARK.py:156: UserWarning: Exited at iteration 50 with accuracies 
[1.1304033e-09]
not reaching the requested tolerance 1e-09.
Use iteration 51 instead with accuracy 
1.1304032991353e-09.

  values, vectors = lobpcg(projected_hamiltonian, guess, largest=False,
/home/erosanow_hpc/informed_swapping/BARK.py:156: UserWarning: Exited postprocessing with accuracies 
[1.13040318e-09]
not reaching the requested tolerance 1e-09.
  values, vectors = lobpcg(projected_hamiltonian, guess, largest=False,
/home/erosanow_hpc/informed_swapping/BARK.py:156: UserWarning: Exited at iteration 50 with accuracies 
[1.18908864e-09]
not reaching the requested tolerance 1e-09.
Use iteration 51 instead with accuracy 
1.1890886427980908e-09.

  values, vectors = lobpcg(projected_hamiltonian, guess, largest=False,
/home/erosanow_hpc/informed_swapping/BARK.py:156: UserWarning: Exited postprocessing with accuracies 
[1.18908861e-09]
not reaching the requested tolerance 1e-09.
  values, vectors = lobpcg(projected_hamiltonian, guess, largest=False,
/home/erosanow_hpc/informed_swapping/BARK.py:156: UserWarning: Exited at iteration 50 with accuracies 
[1.43027712e-09]
not reaching the requested tolerance 1e-09.
Use iteration 51 instead with accuracy 
1.4302771185221545e-09.

  values, vectors = lobpcg(projected_hamiltonian, guess, largest=False,
/home/erosanow_hpc/informed_swapping/BARK.py:156: UserWarning: Exited postprocessing with accuracies 
[1.43027698e-09]
not reaching the requested tolerance 1e-09.
  values, vectors = lobpcg(projected_hamiltonian, guess, largest=False,
/home/erosanow_hpc/informed_swapping/BARK.py:156: UserWarning: Exited at iteration 50 with accuracies 
[1.7352848e-09]
not reaching the requested tolerance 1e-09.
Use iteration 51 instead with accuracy 
1.7352848006969215e-09.

  values, vectors = lobpcg(projected_hamiltonian, guess, largest=False,
/home/erosanow_hpc/informed_swapping/BARK.py:156: UserWarning: Exited postprocessing with accuracies 
[1.73528472e-09]
not reaching the requested tolerance 1e-09.
  values, vectors = lobpcg(projected_hamiltonian, guess, largest=False,
/home/erosanow_hpc/informed_swapping/BARK.py:156: UserWarning: Exited at iteration 50 with accuracies 
[1.07470939e-09]
not reaching the requested tolerance 1e-09.
Use iteration 51 instead with accuracy 
1.0747093908196496e-09.

  values, vectors = lobpcg(projected_hamiltonian, guess, largest=False,
/home/erosanow_hpc/informed_swapping/BARK.py:156: UserWarning: Exited postprocessing with accuracies 
[1.07470919e-09]
not reaching the requested tolerance 1e-09.
  values, vectors = lobpcg(projected_hamiltonian, guess, largest=False,
/home/erosanow_hpc/informed_swapping/BARK.py:156: UserWarning: Exited at iteration 50 with accuracies 
[1.23816098e-09]
not reaching the requested tolerance 1e-09.
Use iteration 51 instead with accuracy 
1.2381609841376325e-09.

  values, vectors = lobpcg(projected_hamiltonian, guess, largest=False,
/home/erosanow_hpc/informed_swapping/BARK.py:156: UserWarning: Exited postprocessing with accuracies 
[1.23816071e-09]
not reaching the requested tolerance 1e-09.
  values, vectors = lobpcg(projected_hamiltonian, guess, largest=False,
/home/erosanow_hpc/informed_swapping/BARK.py:156: UserWarning: Exited at iteration 50 with accuracies 
[1.01910427e-09]
not reaching the requested tolerance 1e-09.
Use iteration 51 instead with accuracy 
1.0191042661629202e-09.

  values, vectors = lobpcg(projected_hamiltonian, guess, largest=False,
/home/erosanow_hpc/informed_swapping/BARK.py:156: UserWarning: Exited postprocessing with accuracies 
[1.0191044e-09]
not reaching the requested tolerance 1e-09.
  values, vectors = lobpcg(projected_hamiltonian, guess, largest=False,
/home/erosanow_hpc/informed_swapping/BARK.py:156: UserWarning: Exited at iteration 50 with accuracies 
[1.1796888e-09]
not reaching the requested tolerance 1e-09.
Use iteration 51 instead with accuracy 
1.1796887990697602e-09.

  values, vectors = lobpcg(projected_hamiltonian, guess, largest=False,
/home/erosanow_hpc/informed_swapping/BARK.py:156: UserWarning: Exited postprocessing with accuracies 
[1.17968877e-09]
not reaching the requested tolerance 1e-09.
  values, vectors = lobpcg(projected_hamiltonian, guess, largest=False,
/home/erosanow_hpc/informed_swapping/BARK.py:156: UserWarning: Exited at iteration 50 with accuracies 
[1.15325657e-09]
not reaching the requested tolerance 1e-09.
Use iteration 51 instead with accuracy 
1.1532565657950555e-09.

  values, vectors = lobpcg(projected_hamiltonian, guess, largest=False,
/home/erosanow_hpc/informed_swapping/BARK.py:156: UserWarning: Exited postprocessing with accuracies 
[1.15325687e-09]
not reaching the requested tolerance 1e-09.
  values, vectors = lobpcg(projected_hamiltonian, guess, largest=False,
/home/erosanow_hpc/informed_swapping/BARK.py:156: UserWarning: Exited at iteration 50 with accuracies 
[1.34876635e-09]
not reaching the requested tolerance 1e-09.
Use iteration 51 instead with accuracy 
1.3487663526916219e-09.

  values, vectors = lobpcg(projected_hamiltonian, guess, largest=False,
/home/erosanow_hpc/informed_swapping/BARK.py:156: UserWarning: Exited postprocessing with accuracies 
[1.34876615e-09]
not reaching the requested tolerance 1e-09.
  values, vectors = lobpcg(projected_hamiltonian, guess, largest=False,
/home/erosanow_hpc/informed_swapping/BARK.py:156: UserWarning: Exited at iteration 50 with accuracies 
[1.01446237e-09]
not reaching the requested tolerance 1e-09.
Use iteration 51 instead with accuracy 
1.0144623669494862e-09.

  values, vectors = lobpcg(projected_hamiltonian, guess, largest=False,
/home/erosanow_hpc/informed_swapping/BARK.py:156: UserWarning: Exited postprocessing with accuracies 
[1.01446223e-09]
not reaching the requested tolerance 1e-09.
  values, vectors = lobpcg(projected_hamiltonian, guess, largest=False,
/home/erosanow_hpc/informed_swapping/BARK.py:156: UserWarning: Exited at iteration 50 with accuracies 
[1.89897709e-09]
not reaching the requested tolerance 1e-09.
Use iteration 51 instead with accuracy 
1.8989770851254317e-09.

  values, vectors = lobpcg(projected_hamiltonian, guess, largest=False,
/home/erosanow_hpc/informed_swapping/BARK.py:156: UserWarning: Exited postprocessing with accuracies 
[1.89897698e-09]
not reaching the requested tolerance 1e-09.
  values, vectors = lobpcg(projected_hamiltonian, guess, largest=False,
/home/erosanow_hpc/informed_swapping/BARK.py:156: UserWarning: Exited at iteration 50 with accuracies 
[1.77195379e-09]
not reaching the requested tolerance 1e-09.
Use iteration 51 instead with accuracy 
1.771953785432792e-09.

  values, vectors = lobpcg(projected_hamiltonian, guess, largest=False,
/home/erosanow_hpc/informed_swapping/BARK.py:156: UserWarning: Exited postprocessing with accuracies 
[1.77195401e-09]
not reaching the requested tolerance 1e-09.
  values, vectors = lobpcg(projected_hamiltonian, guess, largest=False,
/home/erosanow_hpc/informed_swapping/BARK.py:156: UserWarning: Exited at iteration 50 with accuracies 
[2.71335361e-09]
not reaching the requested tolerance 1e-09.
Use iteration 51 instead with accuracy 
2.7133536118267396e-09.

  values, vectors = lobpcg(projected_hamiltonian, guess, largest=False,
/home/erosanow_hpc/informed_swapping/BARK.py:156: UserWarning: Exited postprocessing with accuracies 
[2.71335326e-09]
not reaching the requested tolerance 1e-09.
  values, vectors = lobpcg(projected_hamiltonian, guess, largest=False,
/home/erosanow_hpc/informed_swapping/BARK.py:156: UserWarning: Exited at iteration 50 with accuracies 
[1.06954594e-09]
not reaching the requested tolerance 1e-09.
Use iteration 51 instead with accuracy 
1.0695459420910747e-09.

  values, vectors = lobpcg(projected_hamiltonian, guess, largest=False,
/home/erosanow_hpc/informed_swapping/BARK.py:156: UserWarning: Exited postprocessing with accuracies 
[1.06954604e-09]
not reaching the requested tolerance 1e-09.
  values, vectors = lobpcg(projected_hamiltonian, guess, largest=False,
/home/erosanow_hpc/informed_swapping/BARK.py:156: UserWarning: Exited at iteration 50 with accuracies 
[1.2949811e-09]
not reaching the requested tolerance 1e-09.
Use iteration 51 instead with accuracy 
1.2949810992941915e-09.

  values, vectors = lobpcg(projected_hamiltonian, guess, largest=False,
/home/erosanow_hpc/informed_swapping/BARK.py:156: UserWarning: Exited postprocessing with accuracies 
[1.29498111e-09]
not reaching the requested tolerance 1e-09.
  values, vectors = lobpcg(projected_hamiltonian, guess, largest=False,
/home/erosanow_hpc/informed_swapping/BARK.py:156: UserWarning: Exited at iteration 50 with accuracies 
[1.04966469e-09]
not reaching the requested tolerance 1e-09.
Use iteration 51 instead with accuracy 
1.049664692051811e-09.

  values, vectors = lobpcg(projected_hamiltonian, guess, largest=False,
/home/erosanow_hpc/informed_swapping/BARK.py:156: UserWarning: Exited postprocessing with accuracies 
[1.04966465e-09]
not reaching the requested tolerance 1e-09.
  values, vectors = lobpcg(projected_hamiltonian, guess, largest=False,
/home/erosanow_hpc/informed_swapping/BARK.py:156: UserWarning: Exited at iteration 50 with accuracies 
[1.2290961e-09]
not reaching the requested tolerance 1e-09.
Use iteration 51 instead with accuracy 
1.2290960991192634e-09.

  values, vectors = lobpcg(projected_hamiltonian, guess, largest=False,
/home/erosanow_hpc/informed_swapping/BARK.py:156: UserWarning: Exited postprocessing with accuracies 
[1.22909586e-09]
not reaching the requested tolerance 1e-09.
  values, vectors = lobpcg(projected_hamiltonian, guess, largest=False,
/home/erosanow_hpc/informed_swapping/BARK.py:156: UserWarning: Exited at iteration 50 with accuracies 
[1.16285939e-09]
not reaching the requested tolerance 1e-09.
Use iteration 51 instead with accuracy 
1.1628593869363619e-09.

  values, vectors = lobpcg(projected_hamiltonian, guess, largest=False,
/home/erosanow_hpc/informed_swapping/BARK.py:156: UserWarning: Exited postprocessing with accuracies 
[1.16285984e-09]
not reaching the requested tolerance 1e-09.
  values, vectors = lobpcg(projected_hamiltonian, guess, largest=False,
/home/erosanow_hpc/informed_swapping/BARK.py:156: UserWarning: Exited at iteration 50 with accuracies 
[1.5023602e-09]
not reaching the requested tolerance 1e-09.
Use iteration 51 instead with accuracy 
1.5023601956515442e-09.

  values, vectors = lobpcg(projected_hamiltonian, guess, largest=False,
/home/erosanow_hpc/informed_swapping/BARK.py:156: UserWarning: Exited postprocessing with accuracies 
[1.50236046e-09]
not reaching the requested tolerance 1e-09.
  values, vectors = lobpcg(projected_hamiltonian, guess, largest=False,
/home/erosanow_hpc/informed_swapping/BARK.py:156: UserWarning: Exited at iteration 50 with accuracies 
[1.14286937e-09]
not reaching the requested tolerance 1e-09.
Use iteration 51 instead with accuracy 
1.1428693706781091e-09.

  values, vectors = lobpcg(projected_hamiltonian, guess, largest=False,
/home/erosanow_hpc/informed_swapping/BARK.py:156: UserWarning: Exited postprocessing with accuracies 
[1.14286933e-09]
not reaching the requested tolerance 1e-09.
  values, vectors = lobpcg(projected_hamiltonian, guess, largest=False,
/home/erosanow_hpc/informed_swapping/BARK.py:156: UserWarning: Exited at iteration 50 with accuracies 
[1.66104015e-09]
not reaching the requested tolerance 1e-09.
Use iteration 51 instead with accuracy 
1.6610401457660846e-09.

  values, vectors = lobpcg(projected_hamiltonian, guess, largest=False,
/home/erosanow_hpc/informed_swapping/BARK.py:156: UserWarning: Exited postprocessing with accuracies 
[1.66103986e-09]
not reaching the requested tolerance 1e-09.
  values, vectors = lobpcg(projected_hamiltonian, guess, largest=False,
/home/erosanow_hpc/informed_swapping/BARK.py:156: UserWarning: Exited at iteration 50 with accuracies 
[1.9341274e-09]
not reaching the requested tolerance 1e-09.
Use iteration 51 instead with accuracy 
1.934127395862278e-09.

  values, vectors = lobpcg(projected_hamiltonian, guess, largest=False,
/home/erosanow_hpc/informed_swapping/BARK.py:156: UserWarning: Exited postprocessing with accuracies 
[1.93412713e-09]
not reaching the requested tolerance 1e-09.
  values, vectors = lobpcg(projected_hamiltonian, guess, largest=False,
/home/erosanow_hpc/informed_swapping/BARK.py:156: UserWarning: Exited at iteration 50 with accuracies 
[2.40193087e-09]
not reaching the requested tolerance 1e-09.
Use iteration 51 instead with accuracy 
2.401930869884584e-09.

  values, vectors = lobpcg(projected_hamiltonian, guess, largest=False,
/home/erosanow_hpc/informed_swapping/BARK.py:156: UserWarning: Exited postprocessing with accuracies 
[2.40193093e-09]
not reaching the requested tolerance 1e-09.
  values, vectors = lobpcg(projected_hamiltonian, guess, largest=False,
/home/erosanow_hpc/informed_swapping/BARK.py:156: UserWarning: Exited at iteration 50 with accuracies 
[1.06698064e-09]
not reaching the requested tolerance 1e-09.
Use iteration 51 instead with accuracy 
1.066980639309005e-09.

  values, vectors = lobpcg(projected_hamiltonian, guess, largest=False,
/home/erosanow_hpc/informed_swapping/BARK.py:156: UserWarning: Exited postprocessing with accuracies 
[1.06698088e-09]
not reaching the requested tolerance 1e-09.
  values, vectors = lobpcg(projected_hamiltonian, guess, largest=False,
/home/erosanow_hpc/informed_swapping/BARK.py:156: UserWarning: Exited at iteration 50 with accuracies 
[1.1762747e-09]
not reaching the requested tolerance 1e-09.
Use iteration 51 instead with accuracy 
1.1762747010324924e-09.

  values, vectors = lobpcg(projected_hamiltonian, guess, largest=False,
/home/erosanow_hpc/informed_swapping/BARK.py:156: UserWarning: Exited postprocessing with accuracies 
[1.17627481e-09]
not reaching the requested tolerance 1e-09.
  values, vectors = lobpcg(projected_hamiltonian, guess, largest=False,
/home/erosanow_hpc/informed_swapping/BARK.py:156: UserWarning: Exited at iteration 50 with accuracies 
[1.16713203e-09]
not reaching the requested tolerance 1e-09.
Use iteration 51 instead with accuracy 
1.1671320304069774e-09.

  values, vectors = lobpcg(projected_hamiltonian, guess, largest=False,
/home/erosanow_hpc/informed_swapping/BARK.py:156: UserWarning: Exited postprocessing with accuracies 
[1.16713193e-09]
not reaching the requested tolerance 1e-09.
  values, vectors = lobpcg(projected_hamiltonian, guess, largest=False,
/home/erosanow_hpc/informed_swapping/BARK.py:156: UserWarning: Exited at iteration 50 with accuracies 
[1.59553316e-09]
not reaching the requested tolerance 1e-09.
Use iteration 51 instead with accuracy 
1.5955331584465558e-09.

  values, vectors = lobpcg(projected_hamiltonian, guess, largest=False,
/home/erosanow_hpc/informed_swapping/BARK.py:156: UserWarning: Exited postprocessing with accuracies 
[1.59553327e-09]
not reaching the requested tolerance 1e-09.
  values, vectors = lobpcg(projected_hamiltonian, guess, largest=False,
/home/erosanow_hpc/informed_swapping/BARK.py:156: UserWarning: Exited at iteration 50 with accuracies 
[1.48662544e-09]
not reaching the requested tolerance 1e-09.
Use iteration 51 instead with accuracy 
1.4866254411301498e-09.

  values, vectors = lobpcg(projected_hamiltonian, guess, largest=False,
/home/erosanow_hpc/informed_swapping/BARK.py:156: UserWarning: Exited postprocessing with accuracies 
[1.4866254e-09]
not reaching the requested tolerance 1e-09.
  values, vectors = lobpcg(projected_hamiltonian, guess, largest=False,
/home/erosanow_hpc/informed_swapping/BARK.py:156: UserWarning: Exited at iteration 50 with accuracies 
[2.25192208e-09]
not reaching the requested tolerance 1e-09.
Use iteration 51 instead with accuracy 
2.2519220830330087e-09.

  values, vectors = lobpcg(projected_hamiltonian, guess, largest=False,
/home/erosanow_hpc/informed_swapping/BARK.py:156: UserWarning: Exited postprocessing with accuracies 
[2.25192233e-09]
not reaching the requested tolerance 1e-09.
  values, vectors = lobpcg(projected_hamiltonian, guess, largest=False,
/home/erosanow_hpc/informed_swapping/BARK.py:156: UserWarning: Exited at iteration 50 with accuracies 
[1.01472049e-09]
not reaching the requested tolerance 1e-09.
Use iteration 51 instead with accuracy 
1.014720488628147e-09.

  values, vectors = lobpcg(projected_hamiltonian, guess, largest=False,
/home/erosanow_hpc/informed_swapping/BARK.py:156: UserWarning: Exited postprocessing with accuracies 
[1.01472038e-09]
not reaching the requested tolerance 1e-09.
  values, vectors = lobpcg(projected_hamiltonian, guess, largest=False,
/home/erosanow_hpc/informed_swapping/BARK.py:156: UserWarning: Exited at iteration 50 with accuracies 
[1.09441038e-09]
not reaching the requested tolerance 1e-09.
Use iteration 51 instead with accuracy 
1.0944103763530421e-09.

  values, vectors = lobpcg(projected_hamiltonian, guess, largest=False,
/home/erosanow_hpc/informed_swapping/BARK.py:156: UserWarning: Exited postprocessing with accuracies 
[1.09441047e-09]
not reaching the requested tolerance 1e-09.
  values, vectors = lobpcg(projected_hamiltonian, guess, largest=False,
/home/erosanow_hpc/informed_swapping/BARK.py:156: UserWarning: Exited at iteration 50 with accuracies 
[1.60154853e-09]
not reaching the requested tolerance 1e-09.
Use iteration 49 instead with accuracy 
1.44910033908427e-09.

  values, vectors = lobpcg(projected_hamiltonian, guess, largest=False,
/home/erosanow_hpc/informed_swapping/BARK.py:156: UserWarning: Exited postprocessing with accuracies 
[1.44910028e-09]
not reaching the requested tolerance 1e-09.
  values, vectors = lobpcg(projected_hamiltonian, guess, largest=False,
/home/erosanow_hpc/informed_swapping/BARK.py:156: UserWarning: Exited at iteration 50 with accuracies 
[2.44182459e-09]
not reaching the requested tolerance 1e-09.
Use iteration 49 instead with accuracy 
2.2040323284210422e-09.

  values, vectors = lobpcg(projected_hamiltonian, guess, largest=False,
/home/erosanow_hpc/informed_swapping/BARK.py:156: UserWarning: Exited postprocessing with accuracies 
[2.20403298e-09]
not reaching the requested tolerance 1e-09.
  values, vectors = lobpcg(projected_hamiltonian, guess, largest=False,
/home/erosanow_hpc/informed_swapping/BARK.py:156: UserWarning: Exited at iteration 50 with accuracies 
[4.01736971e-09]
not reaching the requested tolerance 1e-09.
Use iteration 51 instead with accuracy 
4.017369714263049e-09.

  values, vectors = lobpcg(projected_hamiltonian, guess, largest=False,
/home/erosanow_hpc/informed_swapping/BARK.py:156: UserWarning: Exited postprocessing with accuracies 
[4.01736887e-09]
not reaching the requested tolerance 1e-09.
  values, vectors = lobpcg(projected_hamiltonian, guess, largest=False,
/home/erosanow_hpc/informed_swapping/BARK.py:156: UserWarning: Exited at iteration 50 with accuracies 
[1.36465688e-09]
not reaching the requested tolerance 1e-09.
Use iteration 51 instead with accuracy 
1.3646568754493803e-09.

  values, vectors = lobpcg(projected_hamiltonian, guess, largest=False,
/home/erosanow_hpc/informed_swapping/BARK.py:156: UserWarning: Exited postprocessing with accuracies 
[1.36465693e-09]
not reaching the requested tolerance 1e-09.
  values, vectors = lobpcg(projected_hamiltonian, guess, largest=False,
/home/erosanow_hpc/informed_swapping/BARK.py:156: UserWarning: Exited at iteration 50 with accuracies 
[1.06546426e-09]
not reaching the requested tolerance 1e-09.
Use iteration 51 instead with accuracy 
1.0654642612991578e-09.

  values, vectors = lobpcg(projected_hamiltonian, guess, largest=False,
/home/erosanow_hpc/informed_swapping/BARK.py:156: UserWarning: Exited postprocessing with accuracies 
[1.06546473e-09]
not reaching the requested tolerance 1e-09.
  values, vectors = lobpcg(projected_hamiltonian, guess, largest=False,
/home/erosanow_hpc/informed_swapping/BARK.py:156: UserWarning: Exited at iteration 50 with accuracies 
[1.15721835e-09]
not reaching the requested tolerance 1e-09.
Use iteration 51 instead with accuracy 
1.157218345963912e-09.

  values, vectors = lobpcg(projected_hamiltonian, guess, largest=False,
/home/erosanow_hpc/informed_swapping/BARK.py:156: UserWarning: Exited postprocessing with accuracies 
[1.15721831e-09]
not reaching the requested tolerance 1e-09.
  values, vectors = lobpcg(projected_hamiltonian, guess, largest=False,
/home/erosanow_hpc/informed_swapping/BARK.py:156: UserWarning: Exited at iteration 50 with accuracies 
[1.19745711e-09]
not reaching the requested tolerance 1e-09.
Use iteration 51 instead with accuracy 
1.1974571096356334e-09.

  values, vectors = lobpcg(projected_hamiltonian, guess, largest=False,
/home/erosanow_hpc/informed_swapping/BARK.py:156: UserWarning: Exited postprocessing with accuracies 
[1.19745772e-09]
not reaching the requested tolerance 1e-09.
  values, vectors = lobpcg(projected_hamiltonian, guess, largest=False,
/home/erosanow_hpc/informed_swapping/BARK.py:156: UserWarning: Exited at iteration 50 with accuracies 
[1.25278164e-09]
not reaching the requested tolerance 1e-09.
Use iteration 51 instead with accuracy 
1.2527816436000066e-09.

  values, vectors = lobpcg(projected_hamiltonian, guess, largest=False,
/home/erosanow_hpc/informed_swapping/BARK.py:156: UserWarning: Exited postprocessing with accuracies 
[1.25278179e-09]
not reaching the requested tolerance 1e-09.
  values, vectors = lobpcg(projected_hamiltonian, guess, largest=False,
/home/erosanow_hpc/informed_swapping/BARK.py:156: UserWarning: Exited at iteration 50 with accuracies 
[1.10938484e-09]
not reaching the requested tolerance 1e-09.
Use iteration 51 instead with accuracy 
1.1093848382377192e-09.

  values, vectors = lobpcg(projected_hamiltonian, guess, largest=False,
/home/erosanow_hpc/informed_swapping/BARK.py:156: UserWarning: Exited postprocessing with accuracies 
[1.10938484e-09]
not reaching the requested tolerance 1e-09.
  values, vectors = lobpcg(projected_hamiltonian, guess, largest=False,
/home/erosanow_hpc/informed_swapping/BARK.py:156: UserWarning: Exited at iteration 50 with accuracies 
[1.12354045e-09]
not reaching the requested tolerance 1e-09.
Use iteration 51 instead with accuracy 
1.1235404472380658e-09.

  values, vectors = lobpcg(projected_hamiltonian, guess, largest=False,
/home/erosanow_hpc/informed_swapping/BARK.py:156: UserWarning: Exited postprocessing with accuracies 
[1.12354016e-09]
not reaching the requested tolerance 1e-09.
  values, vectors = lobpcg(projected_hamiltonian, guess, largest=False,
/home/erosanow_hpc/informed_swapping/BARK.py:156: UserWarning: Exited at iteration 50 with accuracies 
[1.54342895e-09]
not reaching the requested tolerance 1e-09.
Use iteration 51 instead with accuracy 
1.5434289523575404e-09.

  values, vectors = lobpcg(projected_hamiltonian, guess, largest=False,
/home/erosanow_hpc/informed_swapping/BARK.py:156: UserWarning: Exited postprocessing with accuracies 
[1.54342863e-09]
not reaching the requested tolerance 1e-09.
  values, vectors = lobpcg(projected_hamiltonian, guess, largest=False,
/home/erosanow_hpc/informed_swapping/BARK.py:156: UserWarning: Exited at iteration 50 with accuracies 
[1.07014179e-09]
not reaching the requested tolerance 1e-09.
Use iteration 51 instead with accuracy 
1.0701417877882869e-09.

  values, vectors = lobpcg(projected_hamiltonian, guess, largest=False,
/home/erosanow_hpc/informed_swapping/BARK.py:156: UserWarning: Exited postprocessing with accuracies 
[1.07014171e-09]
not reaching the requested tolerance 1e-09.
  values, vectors = lobpcg(projected_hamiltonian, guess, largest=False,
/home/erosanow_hpc/informed_swapping/BARK.py:156: UserWarning: Exited at iteration 50 with accuracies 
[1.10883326e-09]
not reaching the requested tolerance 1e-09.
Use iteration 51 instead with accuracy 
1.108833257640323e-09.

  values, vectors = lobpcg(projected_hamiltonian, guess, largest=False,
/home/erosanow_hpc/informed_swapping/BARK.py:156: UserWarning: Exited postprocessing with accuracies 
[1.10883338e-09]
not reaching the requested tolerance 1e-09.
  values, vectors = lobpcg(projected_hamiltonian, guess, largest=False,
/home/erosanow_hpc/informed_swapping/BARK.py:156: UserWarning: Exited at iteration 50 with accuracies 
[1.17190424e-09]
not reaching the requested tolerance 1e-09.
Use iteration 51 instead with accuracy 
1.1719042409367263e-09.

  values, vectors = lobpcg(projected_hamiltonian, guess, largest=False,
/home/erosanow_hpc/informed_swapping/BARK.py:156: UserWarning: Exited postprocessing with accuracies 
[1.17190467e-09]
not reaching the requested tolerance 1e-09.
  values, vectors = lobpcg(projected_hamiltonian, guess, largest=False,
/home/erosanow_hpc/informed_swapping/BARK.py:156: UserWarning: Exited at iteration 50 with accuracies 
[1.10304767e-09]
not reaching the requested tolerance 1e-09.
Use iteration 51 instead with accuracy 
1.1030476663820942e-09.

  values, vectors = lobpcg(projected_hamiltonian, guess, largest=False,
/home/erosanow_hpc/informed_swapping/BARK.py:156: UserWarning: Exited postprocessing with accuracies 
[1.10304754e-09]
not reaching the requested tolerance 1e-09.
  values, vectors = lobpcg(projected_hamiltonian, guess, largest=False,
/home/erosanow_hpc/informed_swapping/BARK.py:156: UserWarning: Exited at iteration 50 with accuracies 
[1.23992507e-09]
not reaching the requested tolerance 1e-09.
Use iteration 51 instead with accuracy 
1.2399250656220104e-09.

  values, vectors = lobpcg(projected_hamiltonian, guess, largest=False,
/home/erosanow_hpc/informed_swapping/BARK.py:156: UserWarning: Exited postprocessing with accuracies 
[1.23992549e-09]
not reaching the requested tolerance 1e-09.
  values, vectors = lobpcg(projected_hamiltonian, guess, largest=False,
/home/erosanow_hpc/informed_swapping/BARK.py:156: UserWarning: Exited at iteration 50 with accuracies 
[1.02842613e-09]
not reaching the requested tolerance 1e-09.
Use iteration 51 instead with accuracy 
1.0284261264055897e-09.

  values, vectors = lobpcg(projected_hamiltonian, guess, largest=False,
/home/erosanow_hpc/informed_swapping/BARK.py:156: UserWarning: Exited postprocessing with accuracies 
[1.02842603e-09]
not reaching the requested tolerance 1e-09.
  values, vectors = lobpcg(projected_hamiltonian, guess, largest=False,
/home/erosanow_hpc/informed_swapping/BARK.py:156: UserWarning: Exited at iteration 50 with accuracies 
[1.51669805e-09]
not reaching the requested tolerance 1e-09.
Use iteration 51 instead with accuracy 
1.5166980535779684e-09.

  values, vectors = lobpcg(projected_hamiltonian, guess, largest=False,
/home/erosanow_hpc/informed_swapping/BARK.py:156: UserWarning: Exited postprocessing with accuracies 
[1.51669807e-09]
not reaching the requested tolerance 1e-09.
  values, vectors = lobpcg(projected_hamiltonian, guess, largest=False,
/home/erosanow_hpc/informed_swapping/BARK.py:156: UserWarning: Exited at iteration 50 with accuracies 
[1.87608466e-09]
not reaching the requested tolerance 1e-09.
Use iteration 51 instead with accuracy 
1.87608465957239e-09.

  values, vectors = lobpcg(projected_hamiltonian, guess, largest=False,
/home/erosanow_hpc/informed_swapping/BARK.py:156: UserWarning: Exited postprocessing with accuracies 
[1.87608433e-09]
not reaching the requested tolerance 1e-09.
  values, vectors = lobpcg(projected_hamiltonian, guess, largest=False,
/home/erosanow_hpc/informed_swapping/BARK.py:156: UserWarning: Exited at iteration 50 with accuracies 
[2.66251439e-09]
not reaching the requested tolerance 1e-09.
Use iteration 51 instead with accuracy 
2.6625143922829937e-09.

  values, vectors = lobpcg(projected_hamiltonian, guess, largest=False,
/home/erosanow_hpc/informed_swapping/BARK.py:156: UserWarning: Exited postprocessing with accuracies 
[2.66251486e-09]
not reaching the requested tolerance 1e-09.
  values, vectors = lobpcg(projected_hamiltonian, guess, largest=False,
/home/erosanow_hpc/informed_swapping/BARK.py:156: UserWarning: Exited at iteration 50 with accuracies 
[1.20241949e-09]
not reaching the requested tolerance 1e-09.
Use iteration 51 instead with accuracy 
1.2024194921724404e-09.

  values, vectors = lobpcg(projected_hamiltonian, guess, largest=False,
/home/erosanow_hpc/informed_swapping/BARK.py:156: UserWarning: Exited postprocessing with accuracies 
[1.20241898e-09]
not reaching the requested tolerance 1e-09.
  values, vectors = lobpcg(projected_hamiltonian, guess, largest=False,
/home/erosanow_hpc/informed_swapping/BARK.py:156: UserWarning: Exited at iteration 50 with accuracies 
[1.06025077e-09]
not reaching the requested tolerance 1e-09.
Use iteration 51 instead with accuracy 
1.0602507731243193e-09.

  values, vectors = lobpcg(projected_hamiltonian, guess, largest=False,
/home/erosanow_hpc/informed_swapping/BARK.py:156: UserWarning: Exited postprocessing with accuracies 
[1.0602512e-09]
not reaching the requested tolerance 1e-09.
  values, vectors = lobpcg(projected_hamiltonian, guess, largest=False,
/home/erosanow_hpc/informed_swapping/BARK.py:156: UserWarning: Exited at iteration 50 with accuracies 
[1.18148916e-09]
not reaching the requested tolerance 1e-09.
Use iteration 51 instead with accuracy 
1.1814891572610871e-09.

  values, vectors = lobpcg(projected_hamiltonian, guess, largest=False,
/home/erosanow_hpc/informed_swapping/BARK.py:156: UserWarning: Exited postprocessing with accuracies 
[1.18148945e-09]
not reaching the requested tolerance 1e-09.
  values, vectors = lobpcg(projected_hamiltonian, guess, largest=False,
/home/erosanow_hpc/informed_swapping/BARK.py:156: UserWarning: Exited at iteration 50 with accuracies 
[1.97015954e-09]
not reaching the requested tolerance 1e-09.
Use iteration 51 instead with accuracy 
1.9701595416982437e-09.

  values, vectors = lobpcg(projected_hamiltonian, guess, largest=False,
/home/erosanow_hpc/informed_swapping/BARK.py:156: UserWarning: Exited postprocessing with accuracies 
[1.97015953e-09]
not reaching the requested tolerance 1e-09.
  values, vectors = lobpcg(projected_hamiltonian, guess, largest=False,
/home/erosanow_hpc/informed_swapping/BARK.py:156: UserWarning: Exited at iteration 50 with accuracies 
[1.06546365e-09]
not reaching the requested tolerance 1e-09.
Use iteration 51 instead with accuracy 
1.0654636529939725e-09.

  values, vectors = lobpcg(projected_hamiltonian, guess, largest=False,
/home/erosanow_hpc/informed_swapping/BARK.py:156: UserWarning: Exited postprocessing with accuracies 
[1.06546377e-09]
not reaching the requested tolerance 1e-09.
  values, vectors = lobpcg(projected_hamiltonian, guess, largest=False,
/home/erosanow_hpc/informed_swapping/BARK.py:156: UserWarning: Exited at iteration 50 with accuracies 
[1.20427123e-09]
not reaching the requested tolerance 1e-09.
Use iteration 51 instead with accuracy 
1.2042712277228716e-09.

  values, vectors = lobpcg(projected_hamiltonian, guess, largest=False,
/home/erosanow_hpc/informed_swapping/BARK.py:156: UserWarning: Exited postprocessing with accuracies 
[1.20427112e-09]
not reaching the requested tolerance 1e-09.
  values, vectors = lobpcg(projected_hamiltonian, guess, largest=False,
/home/erosanow_hpc/informed_swapping/BARK.py:156: UserWarning: Exited at iteration 50 with accuracies 
[1.30663684e-09]
not reaching the requested tolerance 1e-09.
Use iteration 51 instead with accuracy 
1.3066368369594176e-09.

  values, vectors = lobpcg(projected_hamiltonian, guess, largest=False,
/home/erosanow_hpc/informed_swapping/BARK.py:156: UserWarning: Exited postprocessing with accuracies 
[1.30663811e-09]
not reaching the requested tolerance 1e-09.
  values, vectors = lobpcg(projected_hamiltonian, guess, largest=False,
/home/erosanow_hpc/informed_swapping/BARK.py:156: UserWarning: Exited at iteration 50 with accuracies 
[1.48544729e-09]
not reaching the requested tolerance 1e-09.
Use iteration 51 instead with accuracy 
1.4854472859021805e-09.

  values, vectors = lobpcg(projected_hamiltonian, guess, largest=False,
/home/erosanow_hpc/informed_swapping/BARK.py:156: UserWarning: Exited postprocessing with accuracies 
[1.48544634e-09]
not reaching the requested tolerance 1e-09.
  values, vectors = lobpcg(projected_hamiltonian, guess, largest=False,
/home/erosanow_hpc/informed_swapping/BARK.py:156: UserWarning: Exited at iteration 50 with accuracies 
[1.19566657e-09]
not reaching the requested tolerance 1e-09.
Use iteration 51 instead with accuracy 
1.1956665718053303e-09.

  values, vectors = lobpcg(projected_hamiltonian, guess, largest=False,
/home/erosanow_hpc/informed_swapping/BARK.py:156: UserWarning: Exited postprocessing with accuracies 
[1.19566593e-09]
not reaching the requested tolerance 1e-09.
  values, vectors = lobpcg(projected_hamiltonian, guess, largest=False,
/home/erosanow_hpc/informed_swapping/BARK.py:156: UserWarning: Exited at iteration 50 with accuracies 
[1.37898845e-09]
not reaching the requested tolerance 1e-09.
Use iteration 51 instead with accuracy 
1.378988448986208e-09.

  values, vectors = lobpcg(projected_hamiltonian, guess, largest=False,
/home/erosanow_hpc/informed_swapping/BARK.py:156: UserWarning: Exited postprocessing with accuracies 
[1.37898785e-09]
not reaching the requested tolerance 1e-09.
  values, vectors = lobpcg(projected_hamiltonian, guess, largest=False,
/home/erosanow_hpc/informed_swapping/BARK.py:156: UserWarning: Exited at iteration 50 with accuracies 
[1.41989028e-09]
not reaching the requested tolerance 1e-09.
Use iteration 51 instead with accuracy 
1.4198902768468857e-09.

  values, vectors = lobpcg(projected_hamiltonian, guess, largest=False,
/home/erosanow_hpc/informed_swapping/BARK.py:156: UserWarning: Exited postprocessing with accuracies 
[1.41989032e-09]
not reaching the requested tolerance 1e-09.
  values, vectors = lobpcg(projected_hamiltonian, guess, largest=False,
/home/erosanow_hpc/informed_swapping/BARK.py:156: UserWarning: Exited at iteration 50 with accuracies 
[2.29165277e-09]
not reaching the requested tolerance 1e-09.
Use iteration 51 instead with accuracy 
2.2916527651745784e-09.

  values, vectors = lobpcg(projected_hamiltonian, guess, largest=False,
/home/erosanow_hpc/informed_swapping/BARK.py:156: UserWarning: Exited postprocessing with accuracies 
[2.29165326e-09]
not reaching the requested tolerance 1e-09.
  values, vectors = lobpcg(projected_hamiltonian, guess, largest=False,
/home/erosanow_hpc/informed_swapping/BARK.py:156: UserWarning: Exited at iteration 50 with accuracies 
[1.13707671e-09]
not reaching the requested tolerance 1e-09.
Use iteration 51 instead with accuracy 
1.1370767096474695e-09.

  values, vectors = lobpcg(projected_hamiltonian, guess, largest=False,
/home/erosanow_hpc/informed_swapping/BARK.py:156: UserWarning: Exited postprocessing with accuracies 
[1.13707634e-09]
not reaching the requested tolerance 1e-09.
  values, vectors = lobpcg(projected_hamiltonian, guess, largest=False,
/home/erosanow_hpc/informed_swapping/BARK.py:156: UserWarning: Exited at iteration 50 with accuracies 
[1.26212207e-09]
not reaching the requested tolerance 1e-09.
Use iteration 51 instead with accuracy 
1.2621220728035549e-09.

  values, vectors = lobpcg(projected_hamiltonian, guess, largest=False,
/home/erosanow_hpc/informed_swapping/BARK.py:156: UserWarning: Exited postprocessing with accuracies 
[1.26212178e-09]
not reaching the requested tolerance 1e-09.
  values, vectors = lobpcg(projected_hamiltonian, guess, largest=False,
/home/erosanow_hpc/informed_swapping/BARK.py:156: UserWarning: Exited at iteration 50 with accuracies 
[1.05601115e-09]
not reaching the requested tolerance 1e-09.
Use iteration 51 instead with accuracy 
1.0560111481429815e-09.

  values, vectors = lobpcg(projected_hamiltonian, guess, largest=False,
/home/erosanow_hpc/informed_swapping/BARK.py:156: UserWarning: Exited postprocessing with accuracies 
[1.05601146e-09]
not reaching the requested tolerance 1e-09.
  values, vectors = lobpcg(projected_hamiltonian, guess, largest=False,
/home/erosanow_hpc/informed_swapping/BARK.py:156: UserWarning: Exited at iteration 50 with accuracies 
[1.5702915e-09]
not reaching the requested tolerance 1e-09.
Use iteration 51 instead with accuracy 
1.5702914952306332e-09.

  values, vectors = lobpcg(projected_hamiltonian, guess, largest=False,
/home/erosanow_hpc/informed_swapping/BARK.py:156: UserWarning: Exited postprocessing with accuracies 
[1.57029135e-09]
not reaching the requested tolerance 1e-09.
  values, vectors = lobpcg(projected_hamiltonian, guess, largest=False,
/home/erosanow_hpc/informed_swapping/BARK.py:156: UserWarning: Exited at iteration 50 with accuracies 
[1.90886657e-09]
not reaching the requested tolerance 1e-09.
Use iteration 51 instead with accuracy 
1.908866565834918e-09.

  values, vectors = lobpcg(projected_hamiltonian, guess, largest=False,
/home/erosanow_hpc/informed_swapping/BARK.py:156: UserWarning: Exited postprocessing with accuracies 
[1.90886675e-09]
not reaching the requested tolerance 1e-09.
  values, vectors = lobpcg(projected_hamiltonian, guess, largest=False,
/home/erosanow_hpc/informed_swapping/BARK.py:156: UserWarning: Exited at iteration 50 with accuracies 
[2.64102209e-09]
not reaching the requested tolerance 1e-09.
Use iteration 51 instead with accuracy 
2.6410220878399643e-09.

  values, vectors = lobpcg(projected_hamiltonian, guess, largest=False,
/home/erosanow_hpc/informed_swapping/BARK.py:156: UserWarning: Exited postprocessing with accuracies 
[2.64102186e-09]
not reaching the requested tolerance 1e-09.
  values, vectors = lobpcg(projected_hamiltonian, guess, largest=False,
/home/erosanow_hpc/informed_swapping/BARK.py:156: UserWarning: Exited at iteration 50 with accuracies 
[1.34588346e-09]
not reaching the requested tolerance 1e-09.
Use iteration 51 instead with accuracy 
1.3458834571666082e-09.

  values, vectors = lobpcg(projected_hamiltonian, guess, largest=False,
/home/erosanow_hpc/informed_swapping/BARK.py:156: UserWarning: Exited postprocessing with accuracies 
[1.34588396e-09]
not reaching the requested tolerance 1e-09.
  values, vectors = lobpcg(projected_hamiltonian, guess, largest=False,
/home/erosanow_hpc/informed_swapping/BARK.py:156: UserWarning: Exited at iteration 50 with accuracies 
[1.58241764e-09]
not reaching the requested tolerance 1e-09.
Use iteration 51 instead with accuracy 
1.5824176433752086e-09.

  values, vectors = lobpcg(projected_hamiltonian, guess, largest=False,
/home/erosanow_hpc/informed_swapping/BARK.py:156: UserWarning: Exited postprocessing with accuracies 
[1.58241747e-09]
not reaching the requested tolerance 1e-09.
  values, vectors = lobpcg(projected_hamiltonian, guess, largest=False,
/home/erosanow_hpc/informed_swapping/BARK.py:156: UserWarning: Exited at iteration 50 with accuracies 
[1.59210657e-09]
not reaching the requested tolerance 1e-09.
Use iteration 51 instead with accuracy 
1.5921065728263657e-09.

  values, vectors = lobpcg(projected_hamiltonian, guess, largest=False,
/home/erosanow_hpc/informed_swapping/BARK.py:156: UserWarning: Exited postprocessing with accuracies 
[1.59210652e-09]
not reaching the requested tolerance 1e-09.
  values, vectors = lobpcg(projected_hamiltonian, guess, largest=False,
/home/erosanow_hpc/informed_swapping/BARK.py:156: UserWarning: Exited at iteration 50 with accuracies 
[2.52937609e-09]
not reaching the requested tolerance 1e-09.
Use iteration 51 instead with accuracy 
2.529376086367296e-09.

  values, vectors = lobpcg(projected_hamiltonian, guess, largest=False,
/home/erosanow_hpc/informed_swapping/BARK.py:156: UserWarning: Exited postprocessing with accuracies 
[2.52937586e-09]
not reaching the requested tolerance 1e-09.
  values, vectors = lobpcg(projected_hamiltonian, guess, largest=False,
/home/erosanow_hpc/informed_swapping/BARK.py:156: UserWarning: Exited at iteration 50 with accuracies 
[2.00672533e-09]
not reaching the requested tolerance 1e-09.
Use iteration 51 instead with accuracy 
2.006725334577247e-09.

  values, vectors = lobpcg(projected_hamiltonian, guess, largest=False,
/home/erosanow_hpc/informed_swapping/BARK.py:156: UserWarning: Exited postprocessing with accuracies 
[2.00672599e-09]
not reaching the requested tolerance 1e-09.
  values, vectors = lobpcg(projected_hamiltonian, guess, largest=False,
/home/erosanow_hpc/informed_swapping/BARK.py:156: UserWarning: Exited at iteration 50 with accuracies 
[2.45950537e-09]
not reaching the requested tolerance 1e-09.
Use iteration 51 instead with accuracy 
2.459505370535212e-09.

  values, vectors = lobpcg(projected_hamiltonian, guess, largest=False,
/home/erosanow_hpc/informed_swapping/BARK.py:156: UserWarning: Exited postprocessing with accuracies 
[2.45950547e-09]
not reaching the requested tolerance 1e-09.
  values, vectors = lobpcg(projected_hamiltonian, guess, largest=False,
/home/erosanow_hpc/informed_swapping/BARK.py:156: UserWarning: Exited at iteration 50 with accuracies 
[2.74523297e-09]
not reaching the requested tolerance 1e-09.
Use iteration 51 instead with accuracy 
2.7452329704016973e-09.

  values, vectors = lobpcg(projected_hamiltonian, guess, largest=False,
/home/erosanow_hpc/informed_swapping/BARK.py:156: UserWarning: Exited postprocessing with accuracies 
[2.74523269e-09]
not reaching the requested tolerance 1e-09.
  values, vectors = lobpcg(projected_hamiltonian, guess, largest=False,
/home/erosanow_hpc/informed_swapping/BARK.py:156: UserWarning: Exited at iteration 50 with accuracies 
[4.26945317e-09]
not reaching the requested tolerance 1e-09.
Use iteration 51 instead with accuracy 
4.269453165065559e-09.

  values, vectors = lobpcg(projected_hamiltonian, guess, largest=False,
/home/erosanow_hpc/informed_swapping/BARK.py:156: UserWarning: Exited postprocessing with accuracies 
[4.26945405e-09]
not reaching the requested tolerance 1e-09.
  values, vectors = lobpcg(projected_hamiltonian, guess, largest=False,
/home/erosanow_hpc/informed_swapping/BARK.py:156: UserWarning: Exited at iteration 50 with accuracies 
[1.06051047e-09]
not reaching the requested tolerance 1e-09.
Use iteration 51 instead with accuracy 
1.0605104685122455e-09.

  values, vectors = lobpcg(projected_hamiltonian, guess, largest=False,
/home/erosanow_hpc/informed_swapping/BARK.py:156: UserWarning: Exited postprocessing with accuracies 
[1.06051115e-09]
not reaching the requested tolerance 1e-09.
  values, vectors = lobpcg(projected_hamiltonian, guess, largest=False,
/home/erosanow_hpc/informed_swapping/BARK.py:156: UserWarning: Exited at iteration 50 with accuracies 
[1.3156838e-09]
not reaching the requested tolerance 1e-09.
Use iteration 51 instead with accuracy 
1.3156837977175875e-09.

  values, vectors = lobpcg(projected_hamiltonian, guess, largest=False,
/home/erosanow_hpc/informed_swapping/BARK.py:156: UserWarning: Exited postprocessing with accuracies 
[1.31568458e-09]
not reaching the requested tolerance 1e-09.
  values, vectors = lobpcg(projected_hamiltonian, guess, largest=False,
/home/erosanow_hpc/informed_swapping/BARK.py:156: UserWarning: Exited at iteration 50 with accuracies 
[1.18788412e-09]
not reaching the requested tolerance 1e-09.
Use iteration 51 instead with accuracy 
1.1878841182095963e-09.

  values, vectors = lobpcg(projected_hamiltonian, guess, largest=False,
/home/erosanow_hpc/informed_swapping/BARK.py:156: UserWarning: Exited postprocessing with accuracies 
[1.1878839e-09]
not reaching the requested tolerance 1e-09.
  values, vectors = lobpcg(projected_hamiltonian, guess, largest=False,
/home/erosanow_hpc/informed_swapping/BARK.py:156: UserWarning: Exited at iteration 50 with accuracies 
[1.26062002e-09]
not reaching the requested tolerance 1e-09.
Use iteration 51 instead with accuracy 
1.2606200167400827e-09.

  values, vectors = lobpcg(projected_hamiltonian, guess, largest=False,
/home/erosanow_hpc/informed_swapping/BARK.py:156: UserWarning: Exited postprocessing with accuracies 
[1.26061901e-09]
not reaching the requested tolerance 1e-09.
  values, vectors = lobpcg(projected_hamiltonian, guess, largest=False,
/home/erosanow_hpc/informed_swapping/BARK.py:156: UserWarning: Exited at iteration 50 with accuracies 
[1.33544821e-09]
not reaching the requested tolerance 1e-09.
Use iteration 51 instead with accuracy 
1.3354482056302245e-09.

  values, vectors = lobpcg(projected_hamiltonian, guess, largest=False,
/home/erosanow_hpc/informed_swapping/BARK.py:156: UserWarning: Exited postprocessing with accuracies 
[1.33544768e-09]
not reaching the requested tolerance 1e-09.
  values, vectors = lobpcg(projected_hamiltonian, guess, largest=False,
/home/erosanow_hpc/informed_swapping/BARK.py:156: UserWarning: Exited at iteration 50 with accuracies 
[1.88586454e-09]
not reaching the requested tolerance 1e-09.
Use iteration 51 instead with accuracy 
1.885864537186402e-09.

  values, vectors = lobpcg(projected_hamiltonian, guess, largest=False,
/home/erosanow_hpc/informed_swapping/BARK.py:156: UserWarning: Exited postprocessing with accuracies 
[1.88586452e-09]
not reaching the requested tolerance 1e-09.
  values, vectors = lobpcg(projected_hamiltonian, guess, largest=False,
/home/erosanow_hpc/informed_swapping/BARK.py:156: UserWarning: Exited at iteration 50 with accuracies 
[1.02862445e-09]
not reaching the requested tolerance 1e-09.
Use iteration 51 instead with accuracy 
1.0286244458231745e-09.

  values, vectors = lobpcg(projected_hamiltonian, guess, largest=False,
/home/erosanow_hpc/informed_swapping/BARK.py:156: UserWarning: Exited postprocessing with accuracies 
[1.02862492e-09]
not reaching the requested tolerance 1e-09.
  values, vectors = lobpcg(projected_hamiltonian, guess, largest=False,
/home/erosanow_hpc/informed_swapping/BARK.py:156: UserWarning: Exited at iteration 50 with accuracies 
[1.34983196e-09]
not reaching the requested tolerance 1e-09.
Use iteration 51 instead with accuracy 
1.3498319607499916e-09.

  values, vectors = lobpcg(projected_hamiltonian, guess, largest=False,
/home/erosanow_hpc/informed_swapping/BARK.py:156: UserWarning: Exited postprocessing with accuracies 
[1.34983183e-09]
not reaching the requested tolerance 1e-09.
  values, vectors = lobpcg(projected_hamiltonian, guess, largest=False,
/home/erosanow_hpc/informed_swapping/BARK.py:156: UserWarning: Exited at iteration 50 with accuracies 
[1.23402725e-09]
not reaching the requested tolerance 1e-09.
Use iteration 51 instead with accuracy 
1.234027250866315e-09.

  values, vectors = lobpcg(projected_hamiltonian, guess, largest=False,
/home/erosanow_hpc/informed_swapping/BARK.py:156: UserWarning: Exited postprocessing with accuracies 
[1.23402688e-09]
not reaching the requested tolerance 1e-09.
  values, vectors = lobpcg(projected_hamiltonian, guess, largest=False,
/home/erosanow_hpc/informed_swapping/BARK.py:156: UserWarning: Exited at iteration 50 with accuracies 
[1.90993659e-09]
not reaching the requested tolerance 1e-09.
Use iteration 51 instead with accuracy 
1.90993658749319e-09.

  values, vectors = lobpcg(projected_hamiltonian, guess, largest=False,
/home/erosanow_hpc/informed_swapping/BARK.py:156: UserWarning: Exited postprocessing with accuracies 
[1.90993635e-09]
not reaching the requested tolerance 1e-09.
  values, vectors = lobpcg(projected_hamiltonian, guess, largest=False,
/home/erosanow_hpc/informed_swapping/BARK.py:156: UserWarning: Exited at iteration 50 with accuracies 
[2.02654675e-09]
not reaching the requested tolerance 1e-09.
Use iteration 51 instead with accuracy 
2.0265467467537834e-09.

  values, vectors = lobpcg(projected_hamiltonian, guess, largest=False,
/home/erosanow_hpc/informed_swapping/BARK.py:156: UserWarning: Exited postprocessing with accuracies 
[2.02654638e-09]
not reaching the requested tolerance 1e-09.
  values, vectors = lobpcg(projected_hamiltonian, guess, largest=False,
/home/erosanow_hpc/informed_swapping/BARK.py:156: UserWarning: Exited at iteration 50 with accuracies 
[2.81148621e-09]
not reaching the requested tolerance 1e-09.
Use iteration 51 instead with accuracy 
2.811486208423967e-09.

  values, vectors = lobpcg(projected_hamiltonian, guess, largest=False,
/home/erosanow_hpc/informed_swapping/BARK.py:156: UserWarning: Exited postprocessing with accuracies 
[2.81148583e-09]
not reaching the requested tolerance 1e-09.
  values, vectors = lobpcg(projected_hamiltonian, guess, largest=False,
/home/erosanow_hpc/informed_swapping/BARK.py:156: UserWarning: Exited at iteration 50 with accuracies 
[1.27829693e-09]
not reaching the requested tolerance 1e-09.
Use iteration 51 instead with accuracy 
1.2782969278211525e-09.

  values, vectors = lobpcg(projected_hamiltonian, guess, largest=False,
/home/erosanow_hpc/informed_swapping/BARK.py:156: UserWarning: Exited postprocessing with accuracies 
[1.27829705e-09]
not reaching the requested tolerance 1e-09.
  values, vectors = lobpcg(projected_hamiltonian, guess, largest=False,
/home/erosanow_hpc/informed_swapping/BARK.py:156: UserWarning: Exited at iteration 50 with accuracies 
[1.82245223e-09]
not reaching the requested tolerance 1e-09.
Use iteration 51 instead with accuracy 
1.8224522281863398e-09.

  values, vectors = lobpcg(projected_hamiltonian, guess, largest=False,
/home/erosanow_hpc/informed_swapping/BARK.py:156: UserWarning: Exited postprocessing with accuracies 
[1.82245218e-09]
not reaching the requested tolerance 1e-09.
  values, vectors = lobpcg(projected_hamiltonian, guess, largest=False,
/home/erosanow_hpc/informed_swapping/BARK.py:156: UserWarning: Exited at iteration 50 with accuracies 
[1.9727516e-09]
not reaching the requested tolerance 1e-09.
Use iteration 51 instead with accuracy 
1.9727516015574487e-09.

  values, vectors = lobpcg(projected_hamiltonian, guess, largest=False,
/home/erosanow_hpc/informed_swapping/BARK.py:156: UserWarning: Exited postprocessing with accuracies 
[1.97275214e-09]
not reaching the requested tolerance 1e-09.
  values, vectors = lobpcg(projected_hamiltonian, guess, largest=False,
/home/erosanow_hpc/informed_swapping/BARK.py:156: UserWarning: Exited at iteration 50 with accuracies 
[2.55141665e-09]
not reaching the requested tolerance 1e-09.
Use iteration 51 instead with accuracy 
2.551416652908755e-09.

  values, vectors = lobpcg(projected_hamiltonian, guess, largest=False,
/home/erosanow_hpc/informed_swapping/BARK.py:156: UserWarning: Exited postprocessing with accuracies 
[2.55141624e-09]
not reaching the requested tolerance 1e-09.
  values, vectors = lobpcg(projected_hamiltonian, guess, largest=False,
/home/erosanow_hpc/informed_swapping/BARK.py:156: UserWarning: Exited at iteration 50 with accuracies 
[1.50997925e-09]
not reaching the requested tolerance 1e-09.
Use iteration 51 instead with accuracy 
1.5099792548078983e-09.

  values, vectors = lobpcg(projected_hamiltonian, guess, largest=False,
/home/erosanow_hpc/informed_swapping/BARK.py:156: UserWarning: Exited postprocessing with accuracies 
[1.50997931e-09]
not reaching the requested tolerance 1e-09.
  values, vectors = lobpcg(projected_hamiltonian, guess, largest=False,
/home/erosanow_hpc/informed_swapping/BARK.py:156: UserWarning: Exited at iteration 50 with accuracies 
[2.43865862e-09]
not reaching the requested tolerance 1e-09.
Use iteration 51 instead with accuracy 
2.4386586193450582e-09.

  values, vectors = lobpcg(projected_hamiltonian, guess, largest=False,
/home/erosanow_hpc/informed_swapping/BARK.py:156: UserWarning: Exited postprocessing with accuracies 
[2.4386585e-09]
not reaching the requested tolerance 1e-09.
  values, vectors = lobpcg(projected_hamiltonian, guess, largest=False,
/home/erosanow_hpc/informed_swapping/BARK.py:156: UserWarning: Exited at iteration 50 with accuracies 
[2.59974276e-09]
not reaching the requested tolerance 1e-09.
Use iteration 51 instead with accuracy 
2.5997427604471427e-09.

  values, vectors = lobpcg(projected_hamiltonian, guess, largest=False,
/home/erosanow_hpc/informed_swapping/BARK.py:156: UserWarning: Exited postprocessing with accuracies 
[2.59974283e-09]
not reaching the requested tolerance 1e-09.
  values, vectors = lobpcg(projected_hamiltonian, guess, largest=False,
/home/erosanow_hpc/informed_swapping/BARK.py:156: UserWarning: Exited at iteration 50 with accuracies 
[3.72301304e-09]
not reaching the requested tolerance 1e-09.
Use iteration 51 instead with accuracy 
3.723013041063416e-09.

  values, vectors = lobpcg(projected_hamiltonian, guess, largest=False,
/home/erosanow_hpc/informed_swapping/BARK.py:156: UserWarning: Exited postprocessing with accuracies 
[3.72301329e-09]
not reaching the requested tolerance 1e-09.
  values, vectors = lobpcg(projected_hamiltonian, guess, largest=False,
/home/erosanow_hpc/informed_swapping/BARK.py:156: UserWarning: Exited at iteration 50 with accuracies 
[1.18158955e-09]
not reaching the requested tolerance 1e-09.
Use iteration 51 instead with accuracy 
1.1815895503237e-09.

  values, vectors = lobpcg(projected_hamiltonian, guess, largest=False,
/home/erosanow_hpc/informed_swapping/BARK.py:156: UserWarning: Exited postprocessing with accuracies 
[1.18159008e-09]
not reaching the requested tolerance 1e-09.
  values, vectors = lobpcg(projected_hamiltonian, guess, largest=False,
/home/erosanow_hpc/informed_swapping/BARK.py:156: UserWarning: Exited at iteration 50 with accuracies 
[1.17480911e-09]
not reaching the requested tolerance 1e-09.
Use iteration 51 instead with accuracy 
1.174809114477904e-09.

  values, vectors = lobpcg(projected_hamiltonian, guess, largest=False,
/home/erosanow_hpc/informed_swapping/BARK.py:156: UserWarning: Exited postprocessing with accuracies 
[1.17480834e-09]
not reaching the requested tolerance 1e-09.
  values, vectors = lobpcg(projected_hamiltonian, guess, largest=False,
/home/erosanow_hpc/informed_swapping/BARK.py:156: UserWarning: Exited at iteration 50 with accuracies 
[1.28411608e-09]
not reaching the requested tolerance 1e-09.
Use iteration 51 instead with accuracy 
1.2841160849771065e-09.

  values, vectors = lobpcg(projected_hamiltonian, guess, largest=False,
/home/erosanow_hpc/informed_swapping/BARK.py:156: UserWarning: Exited postprocessing with accuracies 
[1.2841158e-09]
not reaching the requested tolerance 1e-09.
  values, vectors = lobpcg(projected_hamiltonian, guess, largest=False,
/home/erosanow_hpc/informed_swapping/BARK.py:156: UserWarning: Exited at iteration 50 with accuracies 
[1.69438384e-09]
not reaching the requested tolerance 1e-09.
Use iteration 51 instead with accuracy 
1.6943838352590015e-09.

  values, vectors = lobpcg(projected_hamiltonian, guess, largest=False,
/home/erosanow_hpc/informed_swapping/BARK.py:156: UserWarning: Exited postprocessing with accuracies 
[1.69438389e-09]
not reaching the requested tolerance 1e-09.
  values, vectors = lobpcg(projected_hamiltonian, guess, largest=False,
/home/erosanow_hpc/informed_swapping/BARK.py:156: UserWarning: Exited at iteration 50 with accuracies 
[1.57032339e-09]
not reaching the requested tolerance 1e-09.
Use iteration 51 instead with accuracy 
1.5703233895203136e-09.

  values, vectors = lobpcg(projected_hamiltonian, guess, largest=False,
/home/erosanow_hpc/informed_swapping/BARK.py:156: UserWarning: Exited postprocessing with accuracies 
[1.57032366e-09]
not reaching the requested tolerance 1e-09.
  values, vectors = lobpcg(projected_hamiltonian, guess, largest=False,
/home/erosanow_hpc/informed_swapping/BARK.py:156: UserWarning: Exited at iteration 50 with accuracies 
[1.76882517e-09]
not reaching the requested tolerance 1e-09.
Use iteration 51 instead with accuracy 
1.76882516629831e-09.

  values, vectors = lobpcg(projected_hamiltonian, guess, largest=False,
/home/erosanow_hpc/informed_swapping/BARK.py:156: UserWarning: Exited postprocessing with accuracies 
[1.7688252e-09]
not reaching the requested tolerance 1e-09.
  values, vectors = lobpcg(projected_hamiltonian, guess, largest=False,
/home/erosanow_hpc/informed_swapping/BARK.py:156: UserWarning: Exited at iteration 50 with accuracies 
[1.05194306e-09]
not reaching the requested tolerance 1e-09.
Use iteration 51 instead with accuracy 
1.0519430560763318e-09.

  values, vectors = lobpcg(projected_hamiltonian, guess, largest=False,
/home/erosanow_hpc/informed_swapping/BARK.py:156: UserWarning: Exited postprocessing with accuracies 
[1.05194382e-09]
not reaching the requested tolerance 1e-09.
  values, vectors = lobpcg(projected_hamiltonian, guess, largest=False,
/home/erosanow_hpc/informed_swapping/BARK.py:156: UserWarning: Exited at iteration 50 with accuracies 
[1.78410149e-09]
not reaching the requested tolerance 1e-09.
Use iteration 51 instead with accuracy 
1.7841014881016053e-09.

  values, vectors = lobpcg(projected_hamiltonian, guess, largest=False,
/home/erosanow_hpc/informed_swapping/BARK.py:156: UserWarning: Exited postprocessing with accuracies 
[1.78410125e-09]
not reaching the requested tolerance 1e-09.
  values, vectors = lobpcg(projected_hamiltonian, guess, largest=False,
/home/erosanow_hpc/informed_swapping/BARK.py:156: UserWarning: Exited at iteration 50 with accuracies 
[1.78385613e-09]
not reaching the requested tolerance 1e-09.
Use iteration 51 instead with accuracy 
1.7838561286629949e-09.

  values, vectors = lobpcg(projected_hamiltonian, guess, largest=False,
/home/erosanow_hpc/informed_swapping/BARK.py:156: UserWarning: Exited postprocessing with accuracies 
[1.78385658e-09]
not reaching the requested tolerance 1e-09.
  values, vectors = lobpcg(projected_hamiltonian, guess, largest=False,
/home/erosanow_hpc/informed_swapping/BARK.py:156: UserWarning: Exited at iteration 50 with accuracies 
[2.03174201e-09]
not reaching the requested tolerance 1e-09.
Use iteration 51 instead with accuracy 
2.0317420145256175e-09.

  values, vectors = lobpcg(projected_hamiltonian, guess, largest=False,
/home/erosanow_hpc/informed_swapping/BARK.py:156: UserWarning: Exited postprocessing with accuracies 
[2.03174228e-09]
not reaching the requested tolerance 1e-09.
  values, vectors = lobpcg(projected_hamiltonian, guess, largest=False,
/home/erosanow_hpc/informed_swapping/BARK.py:156: UserWarning: Exited at iteration 50 with accuracies 
[1.64974748e-09]
not reaching the requested tolerance 1e-09.
Use iteration 51 instead with accuracy 
1.649747479344397e-09.

  values, vectors = lobpcg(projected_hamiltonian, guess, largest=False,
/home/erosanow_hpc/informed_swapping/BARK.py:156: UserWarning: Exited postprocessing with accuracies 
[1.64974682e-09]
not reaching the requested tolerance 1e-09.
  values, vectors = lobpcg(projected_hamiltonian, guess, largest=False,
/home/erosanow_hpc/informed_swapping/BARK.py:156: UserWarning: Exited at iteration 50 with accuracies 
[2.75695629e-09]
not reaching the requested tolerance 1e-09.
Use iteration 51 instead with accuracy 
2.7569562855471058e-09.

  values, vectors = lobpcg(projected_hamiltonian, guess, largest=False,
/home/erosanow_hpc/informed_swapping/BARK.py:156: UserWarning: Exited postprocessing with accuracies 
[2.75695597e-09]
not reaching the requested tolerance 1e-09.
  values, vectors = lobpcg(projected_hamiltonian, guess, largest=False,
/home/erosanow_hpc/informed_swapping/BARK.py:156: UserWarning: Exited at iteration 50 with accuracies 
[2.56965295e-09]
not reaching the requested tolerance 1e-09.
Use iteration 51 instead with accuracy 
2.5696529455215013e-09.

  values, vectors = lobpcg(projected_hamiltonian, guess, largest=False,
/home/erosanow_hpc/informed_swapping/BARK.py:156: UserWarning: Exited postprocessing with accuracies 
[2.56965307e-09]
not reaching the requested tolerance 1e-09.
  values, vectors = lobpcg(projected_hamiltonian, guess, largest=False,
/home/erosanow_hpc/informed_swapping/BARK.py:156: UserWarning: Exited at iteration 50 with accuracies 
[3.02956655e-09]
not reaching the requested tolerance 1e-09.
Use iteration 51 instead with accuracy 
3.0295665520826266e-09.

  values, vectors = lobpcg(projected_hamiltonian, guess, largest=False,
/home/erosanow_hpc/informed_swapping/BARK.py:156: UserWarning: Exited postprocessing with accuracies 
[3.02956621e-09]
not reaching the requested tolerance 1e-09.
  values, vectors = lobpcg(projected_hamiltonian, guess, largest=False,
/home/erosanow_hpc/informed_swapping/BARK.py:156: UserWarning: Exited at iteration 50 with accuracies 
[1.28940941e-09]
not reaching the requested tolerance 1e-09.
Use iteration 51 instead with accuracy 
1.2894094068380796e-09.

  values, vectors = lobpcg(projected_hamiltonian, guess, largest=False,
/home/erosanow_hpc/informed_swapping/BARK.py:156: UserWarning: Exited postprocessing with accuracies 
[1.28940887e-09]
not reaching the requested tolerance 1e-09.
  values, vectors = lobpcg(projected_hamiltonian, guess, largest=False,
/home/erosanow_hpc/informed_swapping/BARK.py:156: UserWarning: Exited at iteration 50 with accuracies 
[2.15257095e-09]
not reaching the requested tolerance 1e-09.
Use iteration 51 instead with accuracy 
2.1525709454368057e-09.

  values, vectors = lobpcg(projected_hamiltonian, guess, largest=False,
/home/erosanow_hpc/informed_swapping/BARK.py:156: UserWarning: Exited postprocessing with accuracies 
[2.15257102e-09]
not reaching the requested tolerance 1e-09.
  values, vectors = lobpcg(projected_hamiltonian, guess, largest=False,
/home/erosanow_hpc/informed_swapping/BARK.py:156: UserWarning: Exited at iteration 50 with accuracies 
[1.49419757e-09]
not reaching the requested tolerance 1e-09.
Use iteration 49 instead with accuracy 
1.3936990443414975e-09.

  values, vectors = lobpcg(projected_hamiltonian, guess, largest=False,
/home/erosanow_hpc/informed_swapping/BARK.py:156: UserWarning: Exited postprocessing with accuracies 
[1.39369888e-09]
not reaching the requested tolerance 1e-09.
  values, vectors = lobpcg(projected_hamiltonian, guess, largest=False,
/home/erosanow_hpc/informed_swapping/BARK.py:156: UserWarning: Exited at iteration 50 with accuracies 
[2.31486683e-09]
not reaching the requested tolerance 1e-09.
Use iteration 49 instead with accuracy 
2.0535291388834277e-09.

  values, vectors = lobpcg(projected_hamiltonian, guess, largest=False,
/home/erosanow_hpc/informed_swapping/BARK.py:156: UserWarning: Exited postprocessing with accuracies 
[2.05352837e-09]
not reaching the requested tolerance 1e-09.
  values, vectors = lobpcg(projected_hamiltonian, guess, largest=False,
/home/erosanow_hpc/informed_swapping/BARK.py:156: UserWarning: Exited at iteration 50 with accuracies 
[3.94480199e-09]
not reaching the requested tolerance 1e-09.
Use iteration 48 instead with accuracy 
3.816197209825952e-09.

  values, vectors = lobpcg(projected_hamiltonian, guess, largest=False,
/home/erosanow_hpc/informed_swapping/BARK.py:156: UserWarning: Exited postprocessing with accuracies 
[3.81619718e-09]
not reaching the requested tolerance 1e-09.
  values, vectors = lobpcg(projected_hamiltonian, guess, largest=False,
/home/erosanow_hpc/informed_swapping/BARK.py:156: UserWarning: Exited at iteration 50 with accuracies 
[1.28002465e-09]
not reaching the requested tolerance 1e-09.
Use iteration 51 instead with accuracy 
1.2800246476640717e-09.

  values, vectors = lobpcg(projected_hamiltonian, guess, largest=False,
/home/erosanow_hpc/informed_swapping/BARK.py:156: UserWarning: Exited postprocessing with accuracies 
[1.28002486e-09]
not reaching the requested tolerance 1e-09.
  values, vectors = lobpcg(projected_hamiltonian, guess, largest=False,
/home/erosanow_hpc/informed_swapping/BARK.py:156: UserWarning: Exited at iteration 50 with accuracies 
[1.36199291e-09]
not reaching the requested tolerance 1e-09.
Use iteration 51 instead with accuracy 
1.3619929059229528e-09.

  values, vectors = lobpcg(projected_hamiltonian, guess, largest=False,
/home/erosanow_hpc/informed_swapping/BARK.py:156: UserWarning: Exited postprocessing with accuracies 
[1.3619931e-09]
not reaching the requested tolerance 1e-09.
  values, vectors = lobpcg(projected_hamiltonian, guess, largest=False,
/home/erosanow_hpc/informed_swapping/BARK.py:156: UserWarning: Exited at iteration 50 with accuracies 
[1.06668864e-09]
not reaching the requested tolerance 1e-09.
Use iteration 51 instead with accuracy 
1.0666886437606566e-09.

  values, vectors = lobpcg(projected_hamiltonian, guess, largest=False,
/home/erosanow_hpc/informed_swapping/BARK.py:156: UserWarning: Exited postprocessing with accuracies 
[1.06668855e-09]
not reaching the requested tolerance 1e-09.
  values, vectors = lobpcg(projected_hamiltonian, guess, largest=False,
/home/erosanow_hpc/informed_swapping/BARK.py:156: UserWarning: Exited at iteration 50 with accuracies 
[1.51619083e-09]
not reaching the requested tolerance 1e-09.
Use iteration 51 instead with accuracy 
1.5161908264180303e-09.

  values, vectors = lobpcg(projected_hamiltonian, guess, largest=False,
/home/erosanow_hpc/informed_swapping/BARK.py:156: UserWarning: Exited postprocessing with accuracies 
[1.51619051e-09]
not reaching the requested tolerance 1e-09.
  values, vectors = lobpcg(projected_hamiltonian, guess, largest=False,
/home/erosanow_hpc/informed_swapping/BARK.py:156: UserWarning: Exited at iteration 50 with accuracies 
[1.05047497e-09]
not reaching the requested tolerance 1e-09.
Use iteration 51 instead with accuracy 
1.0504749670930452e-09.

  values, vectors = lobpcg(projected_hamiltonian, guess, largest=False,
/home/erosanow_hpc/informed_swapping/BARK.py:156: UserWarning: Exited postprocessing with accuracies 
[1.05047514e-09]
not reaching the requested tolerance 1e-09.
  values, vectors = lobpcg(projected_hamiltonian, guess, largest=False,
/home/erosanow_hpc/informed_swapping/BARK.py:156: UserWarning: Exited at iteration 50 with accuracies 
[1.2061617e-09]
not reaching the requested tolerance 1e-09.
Use iteration 51 instead with accuracy 
1.2061616962297129e-09.

  values, vectors = lobpcg(projected_hamiltonian, guess, largest=False,
/home/erosanow_hpc/informed_swapping/BARK.py:156: UserWarning: Exited postprocessing with accuracies 
[1.20616173e-09]
not reaching the requested tolerance 1e-09.
  values, vectors = lobpcg(projected_hamiltonian, guess, largest=False,
/home/erosanow_hpc/informed_swapping/BARK.py:156: UserWarning: Exited at iteration 50 with accuracies 
[1.23967316e-09]
not reaching the requested tolerance 1e-09.
Use iteration 51 instead with accuracy 
1.2396731633118344e-09.

  values, vectors = lobpcg(projected_hamiltonian, guess, largest=False,
/home/erosanow_hpc/informed_swapping/BARK.py:156: UserWarning: Exited postprocessing with accuracies 
[1.23967282e-09]
not reaching the requested tolerance 1e-09.
  values, vectors = lobpcg(projected_hamiltonian, guess, largest=False,
/home/erosanow_hpc/informed_swapping/BARK.py:156: UserWarning: Exited at iteration 50 with accuracies 
[1.29151445e-09]
not reaching the requested tolerance 1e-09.
Use iteration 51 instead with accuracy 
1.291514454010792e-09.

  values, vectors = lobpcg(projected_hamiltonian, guess, largest=False,
/home/erosanow_hpc/informed_swapping/BARK.py:156: UserWarning: Exited postprocessing with accuracies 
[1.29151403e-09]
not reaching the requested tolerance 1e-09.
  values, vectors = lobpcg(projected_hamiltonian, guess, largest=False,
/home/erosanow_hpc/informed_swapping/BARK.py:156: UserWarning: Exited at iteration 50 with accuracies 
[1.25250086e-09]
not reaching the requested tolerance 1e-09.
Use iteration 51 instead with accuracy 
1.2525008625377656e-09.

  values, vectors = lobpcg(projected_hamiltonian, guess, largest=False,
/home/erosanow_hpc/informed_swapping/BARK.py:156: UserWarning: Exited postprocessing with accuracies 
[1.25250134e-09]
not reaching the requested tolerance 1e-09.
  values, vectors = lobpcg(projected_hamiltonian, guess, largest=False,
/home/erosanow_hpc/informed_swapping/BARK.py:156: UserWarning: Exited at iteration 50 with accuracies 
[1.57261914e-09]
not reaching the requested tolerance 1e-09.
Use iteration 51 instead with accuracy 
1.572619143362279e-09.

  values, vectors = lobpcg(projected_hamiltonian, guess, largest=False,
/home/erosanow_hpc/informed_swapping/BARK.py:156: UserWarning: Exited postprocessing with accuracies 
[1.57261879e-09]
not reaching the requested tolerance 1e-09.
  values, vectors = lobpcg(projected_hamiltonian, guess, largest=False,
/home/erosanow_hpc/informed_swapping/BARK.py:156: UserWarning: Exited at iteration 50 with accuracies 
[2.19108771e-09]
not reaching the requested tolerance 1e-09.
Use iteration 51 instead with accuracy 
2.1910877104711704e-09.

  values, vectors = lobpcg(projected_hamiltonian, guess, largest=False,
/home/erosanow_hpc/informed_swapping/BARK.py:156: UserWarning: Exited postprocessing with accuracies 
[2.19108788e-09]
not reaching the requested tolerance 1e-09.
  values, vectors = lobpcg(projected_hamiltonian, guess, largest=False,
/home/erosanow_hpc/informed_swapping/BARK.py:156: UserWarning: Exited at iteration 50 with accuracies 
[1.0147266e-09]
not reaching the requested tolerance 1e-09.
Use iteration 51 instead with accuracy 
1.0147265988181417e-09.

  values, vectors = lobpcg(projected_hamiltonian, guess, largest=False,
/home/erosanow_hpc/informed_swapping/BARK.py:156: UserWarning: Exited postprocessing with accuracies 
[1.01472695e-09]
not reaching the requested tolerance 1e-09.
  values, vectors = lobpcg(projected_hamiltonian, guess, largest=False,
/home/erosanow_hpc/informed_swapping/BARK.py:156: UserWarning: Exited at iteration 50 with accuracies 
[1.1457633e-09]
not reaching the requested tolerance 1e-09.
Use iteration 51 instead with accuracy 
1.1457633032463152e-09.

  values, vectors = lobpcg(projected_hamiltonian, guess, largest=False,
/home/erosanow_hpc/informed_swapping/BARK.py:156: UserWarning: Exited postprocessing with accuracies 
[1.14576316e-09]
not reaching the requested tolerance 1e-09.
  values, vectors = lobpcg(projected_hamiltonian, guess, largest=False,
/home/erosanow_hpc/informed_swapping/BARK.py:156: UserWarning: Exited at iteration 50 with accuracies 
[1.16537911e-09]
not reaching the requested tolerance 1e-09.
Use iteration 51 instead with accuracy 
1.1653791061436225e-09.

  values, vectors = lobpcg(projected_hamiltonian, guess, largest=False,
/home/erosanow_hpc/informed_swapping/BARK.py:156: UserWarning: Exited postprocessing with accuracies 
[1.16537906e-09]
not reaching the requested tolerance 1e-09.
  values, vectors = lobpcg(projected_hamiltonian, guess, largest=False,
/home/erosanow_hpc/informed_swapping/BARK.py:156: UserWarning: Exited at iteration 50 with accuracies 
[1.91699769e-09]
not reaching the requested tolerance 1e-09.
Use iteration 51 instead with accuracy 
1.916997691761655e-09.

  values, vectors = lobpcg(projected_hamiltonian, guess, largest=False,
/home/erosanow_hpc/informed_swapping/BARK.py:156: UserWarning: Exited postprocessing with accuracies 
[1.9169975e-09]
not reaching the requested tolerance 1e-09.
  values, vectors = lobpcg(projected_hamiltonian, guess, largest=False,
/home/erosanow_hpc/informed_swapping/BARK.py:156: UserWarning: Exited at iteration 50 with accuracies 
[1.50505037e-09]
not reaching the requested tolerance 1e-09.
Use iteration 51 instead with accuracy 
1.5050503671515133e-09.

  values, vectors = lobpcg(projected_hamiltonian, guess, largest=False,
/home/erosanow_hpc/informed_swapping/BARK.py:156: UserWarning: Exited postprocessing with accuracies 
[1.5050502e-09]
not reaching the requested tolerance 1e-09.
  values, vectors = lobpcg(projected_hamiltonian, guess, largest=False,
/home/erosanow_hpc/informed_swapping/BARK.py:156: UserWarning: Exited at iteration 50 with accuracies 
[1.7788949e-09]
not reaching the requested tolerance 1e-09.
Use iteration 51 instead with accuracy 
1.7788948999855795e-09.

  values, vectors = lobpcg(projected_hamiltonian, guess, largest=False,
/home/erosanow_hpc/informed_swapping/BARK.py:156: UserWarning: Exited postprocessing with accuracies 
[1.77889543e-09]
not reaching the requested tolerance 1e-09.
  values, vectors = lobpcg(projected_hamiltonian, guess, largest=False,
/home/erosanow_hpc/informed_swapping/BARK.py:156: UserWarning: Exited at iteration 50 with accuracies 
[2.01950236e-09]
not reaching the requested tolerance 1e-09.
Use iteration 51 instead with accuracy 
2.0195023635971927e-09.

  values, vectors = lobpcg(projected_hamiltonian, guess, largest=False,
/home/erosanow_hpc/informed_swapping/BARK.py:156: UserWarning: Exited postprocessing with accuracies 
[2.0195022e-09]
not reaching the requested tolerance 1e-09.
  values, vectors = lobpcg(projected_hamiltonian, guess, largest=False,
/home/erosanow_hpc/informed_swapping/BARK.py:156: UserWarning: Exited at iteration 50 with accuracies 
[3.23396896e-09]
not reaching the requested tolerance 1e-09.
Use iteration 51 instead with accuracy 
3.2339689640948837e-09.

  values, vectors = lobpcg(projected_hamiltonian, guess, largest=False,
/home/erosanow_hpc/informed_swapping/BARK.py:156: UserWarning: Exited postprocessing with accuracies 
[3.23396893e-09]
not reaching the requested tolerance 1e-09.
  values, vectors = lobpcg(projected_hamiltonian, guess, largest=False,
/home/erosanow_hpc/informed_swapping/BARK.py:156: UserWarning: Exited at iteration 50 with accuracies 
[1.13068729e-09]
not reaching the requested tolerance 1e-09.
Use iteration 51 instead with accuracy 
1.1306872924072524e-09.

  values, vectors = lobpcg(projected_hamiltonian, guess, largest=False,
/home/erosanow_hpc/informed_swapping/BARK.py:156: UserWarning: Exited postprocessing with accuracies 
[1.13068667e-09]
not reaching the requested tolerance 1e-09.
  values, vectors = lobpcg(projected_hamiltonian, guess, largest=False,
/home/erosanow_hpc/informed_swapping/BARK.py:156: UserWarning: Exited at iteration 50 with accuracies 
[1.01312487e-09]
not reaching the requested tolerance 1e-09.
Use iteration 51 instead with accuracy 
1.0131248742449169e-09.

  values, vectors = lobpcg(projected_hamiltonian, guess, largest=False,
/home/erosanow_hpc/informed_swapping/BARK.py:156: UserWarning: Exited postprocessing with accuracies 
[1.01312465e-09]
not reaching the requested tolerance 1e-09.
  values, vectors = lobpcg(projected_hamiltonian, guess, largest=False,
/home/erosanow_hpc/informed_swapping/BARK.py:156: UserWarning: Exited at iteration 50 with accuracies 
[1.13817327e-09]
not reaching the requested tolerance 1e-09.
Use iteration 51 instead with accuracy 
1.1381732651033376e-09.

  values, vectors = lobpcg(projected_hamiltonian, guess, largest=False,
/home/erosanow_hpc/informed_swapping/BARK.py:156: UserWarning: Exited postprocessing with accuracies 
[1.1381732e-09]
not reaching the requested tolerance 1e-09.
  values, vectors = lobpcg(projected_hamiltonian, guess, largest=False,
/home/erosanow_hpc/informed_swapping/BARK.py:156: UserWarning: Exited at iteration 50 with accuracies 
[1.25727439e-09]
not reaching the requested tolerance 1e-09.
Use iteration 51 instead with accuracy 
1.2572743920953875e-09.

  values, vectors = lobpcg(projected_hamiltonian, guess, largest=False,
/home/erosanow_hpc/informed_swapping/BARK.py:156: UserWarning: Exited postprocessing with accuracies 
[1.25727468e-09]
not reaching the requested tolerance 1e-09.
  values, vectors = lobpcg(projected_hamiltonian, guess, largest=False,
/home/erosanow_hpc/informed_swapping/BARK.py:156: UserWarning: Exited at iteration 50 with accuracies 
[1.55044011e-09]
not reaching the requested tolerance 1e-09.
Use iteration 51 instead with accuracy 
1.5504401103188497e-09.

  values, vectors = lobpcg(projected_hamiltonian, guess, largest=False,
/home/erosanow_hpc/informed_swapping/BARK.py:156: UserWarning: Exited postprocessing with accuracies 
[1.55043987e-09]
not reaching the requested tolerance 1e-09.
  values, vectors = lobpcg(projected_hamiltonian, guess, largest=False,
/home/erosanow_hpc/informed_swapping/BARK.py:156: UserWarning: Exited at iteration 50 with accuracies 
[1.01190803e-09]
not reaching the requested tolerance 1e-09.
Use iteration 51 instead with accuracy 
1.011908025320246e-09.

  values, vectors = lobpcg(projected_hamiltonian, guess, largest=False,
/home/erosanow_hpc/informed_swapping/BARK.py:156: UserWarning: Exited postprocessing with accuracies 
[1.01190804e-09]
not reaching the requested tolerance 1e-09.
  values, vectors = lobpcg(projected_hamiltonian, guess, largest=False,
/home/erosanow_hpc/informed_swapping/BARK.py:156: UserWarning: Exited at iteration 50 with accuracies 
[1.22877564e-09]
not reaching the requested tolerance 1e-09.
Use iteration 51 instead with accuracy 
1.2287756368256539e-09.

  values, vectors = lobpcg(projected_hamiltonian, guess, largest=False,
/home/erosanow_hpc/informed_swapping/BARK.py:156: UserWarning: Exited postprocessing with accuracies 
[1.22877561e-09]
not reaching the requested tolerance 1e-09.
  values, vectors = lobpcg(projected_hamiltonian, guess, largest=False,
/home/erosanow_hpc/informed_swapping/BARK.py:156: UserWarning: Exited at iteration 50 with accuracies 
[1.0840326e-09]
not reaching the requested tolerance 1e-09.
Use iteration 51 instead with accuracy 
1.0840326017078951e-09.

  values, vectors = lobpcg(projected_hamiltonian, guess, largest=False,
/home/erosanow_hpc/informed_swapping/BARK.py:156: UserWarning: Exited postprocessing with accuracies 
[1.08403253e-09]
not reaching the requested tolerance 1e-09.
  values, vectors = lobpcg(projected_hamiltonian, guess, largest=False,
/home/erosanow_hpc/informed_swapping/BARK.py:156: UserWarning: Exited at iteration 50 with accuracies 
[1.18450077e-09]
not reaching the requested tolerance 1e-09.
Use iteration 51 instead with accuracy 
1.1845007703496415e-09.

  values, vectors = lobpcg(projected_hamiltonian, guess, largest=False,
/home/erosanow_hpc/informed_swapping/BARK.py:156: UserWarning: Exited postprocessing with accuracies 
[1.18450066e-09]
not reaching the requested tolerance 1e-09.
  values, vectors = lobpcg(projected_hamiltonian, guess, largest=False,
/home/erosanow_hpc/informed_swapping/BARK.py:156: UserWarning: Exited at iteration 50 with accuracies 
[1.97226209e-09]
not reaching the requested tolerance 1e-09.
Use iteration 51 instead with accuracy 
1.9722620904646956e-09.

  values, vectors = lobpcg(projected_hamiltonian, guess, largest=False,
/home/erosanow_hpc/informed_swapping/BARK.py:156: UserWarning: Exited postprocessing with accuracies 
[1.97226173e-09]
not reaching the requested tolerance 1e-09.
  values, vectors = lobpcg(projected_hamiltonian, guess, largest=False,
/home/erosanow_hpc/informed_swapping/BARK.py:156: UserWarning: Exited at iteration 50 with accuracies 
[1.08222451e-09]
not reaching the requested tolerance 1e-09.
Use iteration 51 instead with accuracy 
1.0822245146157386e-09.

  values, vectors = lobpcg(projected_hamiltonian, guess, largest=False,
/home/erosanow_hpc/informed_swapping/BARK.py:156: UserWarning: Exited postprocessing with accuracies 
[1.0822242e-09]
not reaching the requested tolerance 1e-09.
  values, vectors = lobpcg(projected_hamiltonian, guess, largest=False,
/home/erosanow_hpc/informed_swapping/BARK.py:156: UserWarning: Exited at iteration 50 with accuracies 
[1.19818491e-09]
not reaching the requested tolerance 1e-09.
Use iteration 51 instead with accuracy 
1.1981849142281102e-09.

  values, vectors = lobpcg(projected_hamiltonian, guess, largest=False,
/home/erosanow_hpc/informed_swapping/BARK.py:156: UserWarning: Exited postprocessing with accuracies 
[1.19818495e-09]
not reaching the requested tolerance 1e-09.
  values, vectors = lobpcg(projected_hamiltonian, guess, largest=False,
/home/erosanow_hpc/informed_swapping/BARK.py:156: UserWarning: Exited at iteration 50 with accuracies 
[1.39916897e-09]
not reaching the requested tolerance 1e-09.
Use iteration 51 instead with accuracy 
1.3991689701287906e-09.

  values, vectors = lobpcg(projected_hamiltonian, guess, largest=False,
/home/erosanow_hpc/informed_swapping/BARK.py:156: UserWarning: Exited postprocessing with accuracies 
[1.39916923e-09]
not reaching the requested tolerance 1e-09.
  values, vectors = lobpcg(projected_hamiltonian, guess, largest=False,
/home/erosanow_hpc/informed_swapping/BARK.py:156: UserWarning: Exited at iteration 50 with accuracies 
[1.73329268e-09]
not reaching the requested tolerance 1e-09.
Use iteration 51 instead with accuracy 
1.733292683832149e-09.

  values, vectors = lobpcg(projected_hamiltonian, guess, largest=False,
/home/erosanow_hpc/informed_swapping/BARK.py:156: UserWarning: Exited postprocessing with accuracies 
[1.73329186e-09]
not reaching the requested tolerance 1e-09.
  values, vectors = lobpcg(projected_hamiltonian, guess, largest=False,
/home/erosanow_hpc/informed_swapping/BARK.py:156: UserWarning: Exited at iteration 50 with accuracies 
[2.39408862e-09]
not reaching the requested tolerance 1e-09.
Use iteration 51 instead with accuracy 
2.394088618918971e-09.

  values, vectors = lobpcg(projected_hamiltonian, guess, largest=False,
/home/erosanow_hpc/informed_swapping/BARK.py:156: UserWarning: Exited postprocessing with accuracies 
[2.39408855e-09]
not reaching the requested tolerance 1e-09.
  values, vectors = lobpcg(projected_hamiltonian, guess, largest=False,
/home/erosanow_hpc/informed_swapping/BARK.py:156: UserWarning: Exited at iteration 50 with accuracies 
[1.09471235e-09]
not reaching the requested tolerance 1e-09.
Use iteration 51 instead with accuracy 
1.0947123532445845e-09.

  values, vectors = lobpcg(projected_hamiltonian, guess, largest=False,
/home/erosanow_hpc/informed_swapping/BARK.py:156: UserWarning: Exited postprocessing with accuracies 
[1.09471241e-09]
not reaching the requested tolerance 1e-09.
  values, vectors = lobpcg(projected_hamiltonian, guess, largest=False,
/home/erosanow_hpc/informed_swapping/BARK.py:156: UserWarning: Exited at iteration 50 with accuracies 
[1.24346542e-09]
not reaching the requested tolerance 1e-09.
Use iteration 51 instead with accuracy 
1.2434654237311236e-09.

  values, vectors = lobpcg(projected_hamiltonian, guess, largest=False,
/home/erosanow_hpc/informed_swapping/BARK.py:156: UserWarning: Exited postprocessing with accuracies 
[1.24346563e-09]
not reaching the requested tolerance 1e-09.
  values, vectors = lobpcg(projected_hamiltonian, guess, largest=False,
/home/erosanow_hpc/informed_swapping/BARK.py:156: UserWarning: Exited at iteration 50 with accuracies 
[1.33133468e-09]
not reaching the requested tolerance 1e-09.
Use iteration 51 instead with accuracy 
1.3313346847635313e-09.

  values, vectors = lobpcg(projected_hamiltonian, guess, largest=False,
/home/erosanow_hpc/informed_swapping/BARK.py:156: UserWarning: Exited postprocessing with accuracies 
[1.33133398e-09]
not reaching the requested tolerance 1e-09.
  values, vectors = lobpcg(projected_hamiltonian, guess, largest=False,
/home/erosanow_hpc/informed_swapping/BARK.py:156: UserWarning: Exited at iteration 50 with accuracies 
[2.16902799e-09]
not reaching the requested tolerance 1e-09.
Use iteration 51 instead with accuracy 
2.1690279873681882e-09.

  values, vectors = lobpcg(projected_hamiltonian, guess, largest=False,
/home/erosanow_hpc/informed_swapping/BARK.py:156: UserWarning: Exited postprocessing with accuracies 
[2.16902693e-09]
not reaching the requested tolerance 1e-09.
  values, vectors = lobpcg(projected_hamiltonian, guess, largest=False,
/home/erosanow_hpc/informed_swapping/BARK.py:156: UserWarning: Exited at iteration 50 with accuracies 
[1.74739986e-09]
not reaching the requested tolerance 1e-09.
Use iteration 51 instead with accuracy 
1.7473998641940162e-09.

  values, vectors = lobpcg(projected_hamiltonian, guess, largest=False,
/home/erosanow_hpc/informed_swapping/BARK.py:156: UserWarning: Exited postprocessing with accuracies 
[1.74740016e-09]
not reaching the requested tolerance 1e-09.
  values, vectors = lobpcg(projected_hamiltonian, guess, largest=False,
/home/erosanow_hpc/informed_swapping/BARK.py:156: UserWarning: Exited at iteration 50 with accuracies 
[2.09675155e-09]
not reaching the requested tolerance 1e-09.
Use iteration 51 instead with accuracy 
2.096751552410703e-09.

  values, vectors = lobpcg(projected_hamiltonian, guess, largest=False,
/home/erosanow_hpc/informed_swapping/BARK.py:156: UserWarning: Exited postprocessing with accuracies 
[2.09675177e-09]
not reaching the requested tolerance 1e-09.
  values, vectors = lobpcg(projected_hamiltonian, guess, largest=False,
/home/erosanow_hpc/informed_swapping/BARK.py:156: UserWarning: Exited at iteration 50 with accuracies 
[2.19044289e-09]
not reaching the requested tolerance 1e-09.
Use iteration 51 instead with accuracy 
2.19044289006637e-09.

  values, vectors = lobpcg(projected_hamiltonian, guess, largest=False,
/home/erosanow_hpc/informed_swapping/BARK.py:156: UserWarning: Exited postprocessing with accuracies 
[2.1904426e-09]
not reaching the requested tolerance 1e-09.
  values, vectors = lobpcg(projected_hamiltonian, guess, largest=False,
/home/erosanow_hpc/informed_swapping/BARK.py:156: UserWarning: Exited at iteration 50 with accuracies 
[3.47306145e-09]
not reaching the requested tolerance 1e-09.
Use iteration 51 instead with accuracy 
3.4730614499794e-09.

  values, vectors = lobpcg(projected_hamiltonian, guess, largest=False,
/home/erosanow_hpc/informed_swapping/BARK.py:156: UserWarning: Exited postprocessing with accuracies 
[3.47306126e-09]
not reaching the requested tolerance 1e-09.
  values, vectors = lobpcg(projected_hamiltonian, guess, largest=False,
/home/erosanow_hpc/informed_swapping/BARK.py:156: UserWarning: Exited at iteration 50 with accuracies 
[1.04204019e-09]
not reaching the requested tolerance 1e-09.
Use iteration 51 instead with accuracy 
1.0420401946649604e-09.

  values, vectors = lobpcg(projected_hamiltonian, guess, largest=False,
/home/erosanow_hpc/informed_swapping/BARK.py:156: UserWarning: Exited postprocessing with accuracies 
[1.04204006e-09]
not reaching the requested tolerance 1e-09.
  values, vectors = lobpcg(projected_hamiltonian, guess, largest=False,
/home/erosanow_hpc/informed_swapping/BARK.py:156: UserWarning: Exited at iteration 50 with accuracies 
[1.15624527e-09]
not reaching the requested tolerance 1e-09.
Use iteration 51 instead with accuracy 
1.156245274692835e-09.

  values, vectors = lobpcg(projected_hamiltonian, guess, largest=False,
/home/erosanow_hpc/informed_swapping/BARK.py:156: UserWarning: Exited postprocessing with accuracies 
[1.1562456e-09]
not reaching the requested tolerance 1e-09.
  values, vectors = lobpcg(projected_hamiltonian, guess, largest=False,
/home/erosanow_hpc/informed_swapping/BARK.py:156: UserWarning: Exited at iteration 50 with accuracies 
[1.34871211e-09]
not reaching the requested tolerance 1e-09.
Use iteration 51 instead with accuracy 
1.348712111456428e-09.

  values, vectors = lobpcg(projected_hamiltonian, guess, largest=False,
/home/erosanow_hpc/informed_swapping/BARK.py:156: UserWarning: Exited postprocessing with accuracies 
[1.34871184e-09]
not reaching the requested tolerance 1e-09.
  values, vectors = lobpcg(projected_hamiltonian, guess, largest=False,
/home/erosanow_hpc/informed_swapping/BARK.py:156: UserWarning: Exited at iteration 50 with accuracies 
[1.06235276e-09]
not reaching the requested tolerance 1e-09.
Use iteration 51 instead with accuracy 
1.0623527554350725e-09.

  values, vectors = lobpcg(projected_hamiltonian, guess, largest=False,
/home/erosanow_hpc/informed_swapping/BARK.py:156: UserWarning: Exited postprocessing with accuracies 
[1.06235282e-09]
not reaching the requested tolerance 1e-09.
  values, vectors = lobpcg(projected_hamiltonian, guess, largest=False,
/home/erosanow_hpc/informed_swapping/BARK.py:156: UserWarning: Exited at iteration 50 with accuracies 
[1.21479165e-09]
not reaching the requested tolerance 1e-09.
Use iteration 51 instead with accuracy 
1.2147916469880743e-09.

  values, vectors = lobpcg(projected_hamiltonian, guess, largest=False,
/home/erosanow_hpc/informed_swapping/BARK.py:156: UserWarning: Exited postprocessing with accuracies 
[1.21479121e-09]
not reaching the requested tolerance 1e-09.
  values, vectors = lobpcg(projected_hamiltonian, guess, largest=False,
/home/erosanow_hpc/informed_swapping/BARK.py:156: UserWarning: Exited at iteration 50 with accuracies 
[1.32770373e-09]
not reaching the requested tolerance 1e-09.
Use iteration 51 instead with accuracy 
1.327703725591545e-09.

  values, vectors = lobpcg(projected_hamiltonian, guess, largest=False,
/home/erosanow_hpc/informed_swapping/BARK.py:156: UserWarning: Exited postprocessing with accuracies 
[1.32770414e-09]
not reaching the requested tolerance 1e-09.
  values, vectors = lobpcg(projected_hamiltonian, guess, largest=False,
/home/erosanow_hpc/informed_swapping/BARK.py:156: UserWarning: Exited at iteration 50 with accuracies 
[2.15546729e-09]
not reaching the requested tolerance 1e-09.
Use iteration 51 instead with accuracy 
2.155467289057524e-09.

  values, vectors = lobpcg(projected_hamiltonian, guess, largest=False,
/home/erosanow_hpc/informed_swapping/BARK.py:156: UserWarning: Exited postprocessing with accuracies 
[2.15546771e-09]
not reaching the requested tolerance 1e-09.
  values, vectors = lobpcg(projected_hamiltonian, guess, largest=False,
/home/erosanow_hpc/informed_swapping/BARK.py:156: UserWarning: Exited at iteration 50 with accuracies 
[1.19354583e-09]
not reaching the requested tolerance 1e-09.
Use iteration 51 instead with accuracy 
1.19354583018781e-09.

  values, vectors = lobpcg(projected_hamiltonian, guess, largest=False,
/home/erosanow_hpc/informed_swapping/BARK.py:156: UserWarning: Exited postprocessing with accuracies 
[1.19354575e-09]
not reaching the requested tolerance 1e-09.
  values, vectors = lobpcg(projected_hamiltonian, guess, largest=False,
/home/erosanow_hpc/informed_swapping/BARK.py:156: UserWarning: Exited at iteration 50 with accuracies 
[1.03640778e-09]
not reaching the requested tolerance 1e-09.
Use iteration 51 instead with accuracy 
1.0364077750944912e-09.

  values, vectors = lobpcg(projected_hamiltonian, guess, largest=False,
/home/erosanow_hpc/informed_swapping/BARK.py:156: UserWarning: Exited postprocessing with accuracies 
[1.03640801e-09]
not reaching the requested tolerance 1e-09.
  values, vectors = lobpcg(projected_hamiltonian, guess, largest=False,
/home/erosanow_hpc/informed_swapping/BARK.py:156: UserWarning: Exited at iteration 50 with accuracies 
[1.35123384e-09]
not reaching the requested tolerance 1e-09.
Use iteration 51 instead with accuracy 
1.3512338427514894e-09.

  values, vectors = lobpcg(projected_hamiltonian, guess, largest=False,
/home/erosanow_hpc/informed_swapping/BARK.py:156: UserWarning: Exited postprocessing with accuracies 
[1.35123324e-09]
not reaching the requested tolerance 1e-09.
  values, vectors = lobpcg(projected_hamiltonian, guess, largest=False,
/home/erosanow_hpc/informed_swapping/BARK.py:156: UserWarning: Exited at iteration 50 with accuracies 
[1.05196772e-09]
not reaching the requested tolerance 1e-09.
Use iteration 51 instead with accuracy 
1.051967715560945e-09.

  values, vectors = lobpcg(projected_hamiltonian, guess, largest=False,
/home/erosanow_hpc/informed_swapping/BARK.py:156: UserWarning: Exited postprocessing with accuracies 
[1.05196719e-09]
not reaching the requested tolerance 1e-09.
  values, vectors = lobpcg(projected_hamiltonian, guess, largest=False,
/home/erosanow_hpc/informed_swapping/BARK.py:156: UserWarning: Exited at iteration 50 with accuracies 
[1.56673608e-09]
not reaching the requested tolerance 1e-09.
Use iteration 51 instead with accuracy 
1.5667360811924013e-09.

  values, vectors = lobpcg(projected_hamiltonian, guess, largest=False,
/home/erosanow_hpc/informed_swapping/BARK.py:156: UserWarning: Exited postprocessing with accuracies 
[1.56673577e-09]
not reaching the requested tolerance 1e-09.
  values, vectors = lobpcg(projected_hamiltonian, guess, largest=False,
/home/erosanow_hpc/informed_swapping/BARK.py:156: UserWarning: Exited at iteration 50 with accuracies 
[1.88880946e-09]
not reaching the requested tolerance 1e-09.
Use iteration 51 instead with accuracy 
1.8888094643404953e-09.

  values, vectors = lobpcg(projected_hamiltonian, guess, largest=False,
/home/erosanow_hpc/informed_swapping/BARK.py:156: UserWarning: Exited postprocessing with accuracies 
[1.88880943e-09]
not reaching the requested tolerance 1e-09.
  values, vectors = lobpcg(projected_hamiltonian, guess, largest=False,
/home/erosanow_hpc/informed_swapping/BARK.py:156: UserWarning: Exited at iteration 50 with accuracies 
[2.5980908e-09]
not reaching the requested tolerance 1e-09.
Use iteration 51 instead with accuracy 
2.598090799894381e-09.

  values, vectors = lobpcg(projected_hamiltonian, guess, largest=False,
/home/erosanow_hpc/informed_swapping/BARK.py:156: UserWarning: Exited postprocessing with accuracies 
[2.59809078e-09]
not reaching the requested tolerance 1e-09.
  values, vectors = lobpcg(projected_hamiltonian, guess, largest=False,
/home/erosanow_hpc/informed_swapping/BARK.py:156: UserWarning: Exited at iteration 50 with accuracies 
[1.17378761e-09]
not reaching the requested tolerance 1e-09.
Use iteration 51 instead with accuracy 
1.1737876086458529e-09.

  values, vectors = lobpcg(projected_hamiltonian, guess, largest=False,
/home/erosanow_hpc/informed_swapping/BARK.py:156: UserWarning: Exited postprocessing with accuracies 
[1.17378772e-09]
not reaching the requested tolerance 1e-09.
  values, vectors = lobpcg(projected_hamiltonian, guess, largest=False,
/home/erosanow_hpc/informed_swapping/BARK.py:156: UserWarning: Exited at iteration 50 with accuracies 
[1.36488458e-09]
not reaching the requested tolerance 1e-09.
Use iteration 51 instead with accuracy 
1.3648845790155309e-09.

  values, vectors = lobpcg(projected_hamiltonian, guess, largest=False,
/home/erosanow_hpc/informed_swapping/BARK.py:156: UserWarning: Exited postprocessing with accuracies 
[1.36488486e-09]
not reaching the requested tolerance 1e-09.
  values, vectors = lobpcg(projected_hamiltonian, guess, largest=False,
/home/erosanow_hpc/informed_swapping/BARK.py:156: UserWarning: Exited at iteration 50 with accuracies 
[1.46385392e-09]
not reaching the requested tolerance 1e-09.
Use iteration 51 instead with accuracy 
1.4638539162095449e-09.

  values, vectors = lobpcg(projected_hamiltonian, guess, largest=False,
/home/erosanow_hpc/informed_swapping/BARK.py:156: UserWarning: Exited postprocessing with accuracies 
[1.46385377e-09]
not reaching the requested tolerance 1e-09.
  values, vectors = lobpcg(projected_hamiltonian, guess, largest=False,
/home/erosanow_hpc/informed_swapping/BARK.py:156: UserWarning: Exited at iteration 50 with accuracies 
[2.31988442e-09]
not reaching the requested tolerance 1e-09.
Use iteration 51 instead with accuracy 
2.3198844199043336e-09.

  values, vectors = lobpcg(projected_hamiltonian, guess, largest=False,
/home/erosanow_hpc/informed_swapping/BARK.py:156: UserWarning: Exited postprocessing with accuracies 
[2.31988478e-09]
not reaching the requested tolerance 1e-09.
  values, vectors = lobpcg(projected_hamiltonian, guess, largest=False,
/home/erosanow_hpc/informed_swapping/BARK.py:156: UserWarning: Exited at iteration 50 with accuracies 
[1.858852e-09]
not reaching the requested tolerance 1e-09.
Use iteration 51 instead with accuracy 
1.8588519965851822e-09.

  values, vectors = lobpcg(projected_hamiltonian, guess, largest=False,
/home/erosanow_hpc/informed_swapping/BARK.py:156: UserWarning: Exited postprocessing with accuracies 
[1.85885137e-09]
not reaching the requested tolerance 1e-09.
  values, vectors = lobpcg(projected_hamiltonian, guess, largest=False,
/home/erosanow_hpc/informed_swapping/BARK.py:156: UserWarning: Exited at iteration 50 with accuracies 
[2.27201109e-09]
not reaching the requested tolerance 1e-09.
Use iteration 51 instead with accuracy 
2.2720110909065382e-09.

  values, vectors = lobpcg(projected_hamiltonian, guess, largest=False,
/home/erosanow_hpc/informed_swapping/BARK.py:156: UserWarning: Exited postprocessing with accuracies 
[2.27201086e-09]
not reaching the requested tolerance 1e-09.
  values, vectors = lobpcg(projected_hamiltonian, guess, largest=False,
/home/erosanow_hpc/informed_swapping/BARK.py:156: UserWarning: Exited at iteration 50 with accuracies 
[2.36793909e-09]
not reaching the requested tolerance 1e-09.
Use iteration 51 instead with accuracy 
2.3679390862769824e-09.

  values, vectors = lobpcg(projected_hamiltonian, guess, largest=False,
/home/erosanow_hpc/informed_swapping/BARK.py:156: UserWarning: Exited postprocessing with accuracies 
[2.3679402e-09]
not reaching the requested tolerance 1e-09.
  values, vectors = lobpcg(projected_hamiltonian, guess, largest=False,
/home/erosanow_hpc/informed_swapping/BARK.py:156: UserWarning: Exited at iteration 50 with accuracies 
[3.67982972e-09]
not reaching the requested tolerance 1e-09.
Use iteration 51 instead with accuracy 
3.679829718385837e-09.

  values, vectors = lobpcg(projected_hamiltonian, guess, largest=False,
/home/erosanow_hpc/informed_swapping/BARK.py:156: UserWarning: Exited postprocessing with accuracies 
[3.67982944e-09]
not reaching the requested tolerance 1e-09.
  values, vectors = lobpcg(projected_hamiltonian, guess, largest=False,
/home/erosanow_hpc/informed_swapping/BARK.py:156: UserWarning: Exited at iteration 50 with accuracies 
[1.15730445e-09]
not reaching the requested tolerance 1e-09.
Use iteration 51 instead with accuracy 
1.1573044486207163e-09.

  values, vectors = lobpcg(projected_hamiltonian, guess, largest=False,
/home/erosanow_hpc/informed_swapping/BARK.py:156: UserWarning: Exited postprocessing with accuracies 
[1.15730455e-09]
not reaching the requested tolerance 1e-09.
  values, vectors = lobpcg(projected_hamiltonian, guess, largest=False,
/home/erosanow_hpc/informed_swapping/BARK.py:156: UserWarning: Exited at iteration 50 with accuracies 
[1.00780864e-09]
not reaching the requested tolerance 1e-09.
Use iteration 51 instead with accuracy 
1.0078086445894197e-09.

  values, vectors = lobpcg(projected_hamiltonian, guess, largest=False,
/home/erosanow_hpc/informed_swapping/BARK.py:156: UserWarning: Exited postprocessing with accuracies 
[1.007808e-09]
not reaching the requested tolerance 1e-09.
  values, vectors = lobpcg(projected_hamiltonian, guess, largest=False,
/home/erosanow_hpc/informed_swapping/BARK.py:156: UserWarning: Exited at iteration 50 with accuracies 
[1.29982672e-09]
not reaching the requested tolerance 1e-09.
Use iteration 51 instead with accuracy 
1.2998267239819655e-09.

  values, vectors = lobpcg(projected_hamiltonian, guess, largest=False,
/home/erosanow_hpc/informed_swapping/BARK.py:156: UserWarning: Exited postprocessing with accuracies 
[1.29982699e-09]
not reaching the requested tolerance 1e-09.
  values, vectors = lobpcg(projected_hamiltonian, guess, largest=False,
/home/erosanow_hpc/informed_swapping/BARK.py:156: UserWarning: Exited at iteration 50 with accuracies 
[1.06586076e-09]
not reaching the requested tolerance 1e-09.
Use iteration 51 instead with accuracy 
1.0658607648629913e-09.

  values, vectors = lobpcg(projected_hamiltonian, guess, largest=False,
/home/erosanow_hpc/informed_swapping/BARK.py:156: UserWarning: Exited postprocessing with accuracies 
[1.06586039e-09]
not reaching the requested tolerance 1e-09.
  values, vectors = lobpcg(projected_hamiltonian, guess, largest=False,
/home/erosanow_hpc/informed_swapping/BARK.py:156: UserWarning: Exited at iteration 50 with accuracies 
[1.57480382e-09]
not reaching the requested tolerance 1e-09.
Use iteration 51 instead with accuracy 
1.5748038211050788e-09.

  values, vectors = lobpcg(projected_hamiltonian, guess, largest=False,
/home/erosanow_hpc/informed_swapping/BARK.py:156: UserWarning: Exited postprocessing with accuracies 
[1.57480358e-09]
not reaching the requested tolerance 1e-09.
  values, vectors = lobpcg(projected_hamiltonian, guess, largest=False,
/home/erosanow_hpc/informed_swapping/BARK.py:156: UserWarning: Exited at iteration 50 with accuracies 
[1.87575956e-09]
not reaching the requested tolerance 1e-09.
Use iteration 51 instead with accuracy 
1.8757595603489257e-09.

  values, vectors = lobpcg(projected_hamiltonian, guess, largest=False,
/home/erosanow_hpc/informed_swapping/BARK.py:156: UserWarning: Exited postprocessing with accuracies 
[1.8757599e-09]
not reaching the requested tolerance 1e-09.
  values, vectors = lobpcg(projected_hamiltonian, guess, largest=False,
/home/erosanow_hpc/informed_swapping/BARK.py:156: UserWarning: Exited at iteration 50 with accuracies 
[2.56828644e-09]
not reaching the requested tolerance 1e-09.
Use iteration 51 instead with accuracy 
2.5682864360991046e-09.

  values, vectors = lobpcg(projected_hamiltonian, guess, largest=False,
/home/erosanow_hpc/informed_swapping/BARK.py:156: UserWarning: Exited postprocessing with accuracies 
[2.56828716e-09]
not reaching the requested tolerance 1e-09.
  values, vectors = lobpcg(projected_hamiltonian, guess, largest=False,
/home/erosanow_hpc/informed_swapping/BARK.py:156: UserWarning: Exited at iteration 50 with accuracies 
[1.27973736e-09]
not reaching the requested tolerance 1e-09.
Use iteration 51 instead with accuracy 
1.2797373557134653e-09.

  values, vectors = lobpcg(projected_hamiltonian, guess, largest=False,
/home/erosanow_hpc/informed_swapping/BARK.py:156: UserWarning: Exited postprocessing with accuracies 
[1.2797383e-09]
not reaching the requested tolerance 1e-09.
  values, vectors = lobpcg(projected_hamiltonian, guess, largest=False,
/home/erosanow_hpc/informed_swapping/BARK.py:156: UserWarning: Exited at iteration 50 with accuracies 
[1.52057998e-09]
not reaching the requested tolerance 1e-09.
Use iteration 51 instead with accuracy 
1.5205799806231954e-09.

  values, vectors = lobpcg(projected_hamiltonian, guess, largest=False,
/home/erosanow_hpc/informed_swapping/BARK.py:156: UserWarning: Exited postprocessing with accuracies 
[1.52058048e-09]
not reaching the requested tolerance 1e-09.
  values, vectors = lobpcg(projected_hamiltonian, guess, largest=False,
/home/erosanow_hpc/informed_swapping/BARK.py:156: UserWarning: Exited at iteration 50 with accuracies 
[1.54666698e-09]
not reaching the requested tolerance 1e-09.
Use iteration 51 instead with accuracy 
1.5466669785119387e-09.

  values, vectors = lobpcg(projected_hamiltonian, guess, largest=False,
/home/erosanow_hpc/informed_swapping/BARK.py:156: UserWarning: Exited postprocessing with accuracies 
[1.5466666e-09]
not reaching the requested tolerance 1e-09.
  values, vectors = lobpcg(projected_hamiltonian, guess, largest=False,
/home/erosanow_hpc/informed_swapping/BARK.py:156: UserWarning: Exited at iteration 50 with accuracies 
[2.41334005e-09]
not reaching the requested tolerance 1e-09.
Use iteration 51 instead with accuracy 
2.413340046572039e-09.

  values, vectors = lobpcg(projected_hamiltonian, guess, largest=False,
/home/erosanow_hpc/informed_swapping/BARK.py:156: UserWarning: Exited postprocessing with accuracies 
[2.4133392e-09]
not reaching the requested tolerance 1e-09.
  values, vectors = lobpcg(projected_hamiltonian, guess, largest=False,
/home/erosanow_hpc/informed_swapping/BARK.py:156: UserWarning: Exited at iteration 50 with accuracies 
[1.89423733e-09]
not reaching the requested tolerance 1e-09.
Use iteration 51 instead with accuracy 
1.894237329836933e-09.

  values, vectors = lobpcg(projected_hamiltonian, guess, largest=False,
/home/erosanow_hpc/informed_swapping/BARK.py:156: UserWarning: Exited postprocessing with accuracies 
[1.89423755e-09]
not reaching the requested tolerance 1e-09.
  values, vectors = lobpcg(projected_hamiltonian, guess, largest=False,
/home/erosanow_hpc/informed_swapping/BARK.py:156: UserWarning: Exited at iteration 50 with accuracies 
[2.33383093e-09]
not reaching the requested tolerance 1e-09.
Use iteration 51 instead with accuracy 
2.333830925818708e-09.

  values, vectors = lobpcg(projected_hamiltonian, guess, largest=False,
/home/erosanow_hpc/informed_swapping/BARK.py:156: UserWarning: Exited postprocessing with accuracies 
[2.33383044e-09]
not reaching the requested tolerance 1e-09.
  values, vectors = lobpcg(projected_hamiltonian, guess, largest=False,
/home/erosanow_hpc/informed_swapping/BARK.py:156: UserWarning: Exited at iteration 50 with accuracies 
[2.56256209e-09]
not reaching the requested tolerance 1e-09.
Use iteration 51 instead with accuracy 
2.5625620904870707e-09.

  values, vectors = lobpcg(projected_hamiltonian, guess, largest=False,
/home/erosanow_hpc/informed_swapping/BARK.py:156: UserWarning: Exited postprocessing with accuracies 
[2.56256178e-09]
not reaching the requested tolerance 1e-09.
  values, vectors = lobpcg(projected_hamiltonian, guess, largest=False,
/home/erosanow_hpc/informed_swapping/BARK.py:156: UserWarning: Exited at iteration 50 with accuracies 
[3.97761019e-09]
not reaching the requested tolerance 1e-09.
Use iteration 51 instead with accuracy 
3.977610194780769e-09.

  values, vectors = lobpcg(projected_hamiltonian, guess, largest=False,
/home/erosanow_hpc/informed_swapping/BARK.py:156: UserWarning: Exited postprocessing with accuracies 
[3.97760934e-09]
not reaching the requested tolerance 1e-09.
  values, vectors = lobpcg(projected_hamiltonian, guess, largest=False,
/home/erosanow_hpc/informed_swapping/BARK.py:156: UserWarning: Exited at iteration 50 with accuracies 
[1.46005054e-09]
not reaching the requested tolerance 1e-09.
Use iteration 51 instead with accuracy 
1.4600505359393074e-09.

  values, vectors = lobpcg(projected_hamiltonian, guess, largest=False,
/home/erosanow_hpc/informed_swapping/BARK.py:156: UserWarning: Exited postprocessing with accuracies 
[1.4600503e-09]
not reaching the requested tolerance 1e-09.
  values, vectors = lobpcg(projected_hamiltonian, guess, largest=False,
/home/erosanow_hpc/informed_swapping/BARK.py:156: UserWarning: Exited at iteration 50 with accuracies 
[2.23799066e-09]
not reaching the requested tolerance 1e-09.
Use iteration 51 instead with accuracy 
2.2379906607086747e-09.

  values, vectors = lobpcg(projected_hamiltonian, guess, largest=False,
/home/erosanow_hpc/informed_swapping/BARK.py:156: UserWarning: Exited postprocessing with accuracies 
[2.23798999e-09]
not reaching the requested tolerance 1e-09.
  values, vectors = lobpcg(projected_hamiltonian, guess, largest=False,
/home/erosanow_hpc/informed_swapping/BARK.py:156: UserWarning: Exited at iteration 50 with accuracies 
[1.49422517e-09]
not reaching the requested tolerance 1e-09.
Use iteration 49 instead with accuracy 
1.3937084434542006e-09.

  values, vectors = lobpcg(projected_hamiltonian, guess, largest=False,
/home/erosanow_hpc/informed_swapping/BARK.py:156: UserWarning: Exited postprocessing with accuracies 
[1.39370829e-09]
not reaching the requested tolerance 1e-09.
  values, vectors = lobpcg(projected_hamiltonian, guess, largest=False,
/home/erosanow_hpc/informed_swapping/BARK.py:156: UserWarning: Exited at iteration 50 with accuracies 
[2.31486481e-09]
not reaching the requested tolerance 1e-09.
Use iteration 49 instead with accuracy 
2.053525739825922e-09.

  values, vectors = lobpcg(projected_hamiltonian, guess, largest=False,
/home/erosanow_hpc/informed_swapping/BARK.py:156: UserWarning: Exited postprocessing with accuracies 
[2.05352581e-09]
not reaching the requested tolerance 1e-09.
  values, vectors = lobpcg(projected_hamiltonian, guess, largest=False,
/home/erosanow_hpc/informed_swapping/BARK.py:156: UserWarning: Exited at iteration 50 with accuracies 
[3.94477192e-09]
not reaching the requested tolerance 1e-09.
Use iteration 48 instead with accuracy 
3.8161996071544026e-09.

  values, vectors = lobpcg(projected_hamiltonian, guess, largest=False,
/home/erosanow_hpc/informed_swapping/BARK.py:156: UserWarning: Exited postprocessing with accuracies 
[3.81620012e-09]
not reaching the requested tolerance 1e-09.
  values, vectors = lobpcg(projected_hamiltonian, guess, largest=False,
/home/erosanow_hpc/informed_swapping/BARK.py:156: UserWarning: Exited at iteration 50 with accuracies 
[1.28002461e-09]
not reaching the requested tolerance 1e-09.
Use iteration 51 instead with accuracy 
1.2800246058252153e-09.

  values, vectors = lobpcg(projected_hamiltonian, guess, largest=False,
/home/erosanow_hpc/informed_swapping/BARK.py:156: UserWarning: Exited postprocessing with accuracies 
[1.28002374e-09]
not reaching the requested tolerance 1e-09.
  values, vectors = lobpcg(projected_hamiltonian, guess, largest=False,
/home/erosanow_hpc/informed_swapping/BARK.py:156: UserWarning: Exited at iteration 50 with accuracies 
[1.36199247e-09]
not reaching the requested tolerance 1e-09.
Use iteration 51 instead with accuracy 
1.3619924654393436e-09.

  values, vectors = lobpcg(projected_hamiltonian, guess, largest=False,
/home/erosanow_hpc/informed_swapping/BARK.py:156: UserWarning: Exited postprocessing with accuracies 
[1.36199193e-09]
not reaching the requested tolerance 1e-09.
  values, vectors = lobpcg(projected_hamiltonian, guess, largest=False,
/home/erosanow_hpc/informed_swapping/BARK.py:156: UserWarning: Exited at iteration 50 with accuracies 
[1.06668891e-09]
not reaching the requested tolerance 1e-09.
Use iteration 51 instead with accuracy 
1.0666889053192584e-09.

  values, vectors = lobpcg(projected_hamiltonian, guess, largest=False,
/home/erosanow_hpc/informed_swapping/BARK.py:156: UserWarning: Exited postprocessing with accuracies 
[1.06668877e-09]
not reaching the requested tolerance 1e-09.
  values, vectors = lobpcg(projected_hamiltonian, guess, largest=False,
/home/erosanow_hpc/informed_swapping/BARK.py:156: UserWarning: Exited at iteration 50 with accuracies 
[1.5161903e-09]
not reaching the requested tolerance 1e-09.
Use iteration 51 instead with accuracy 
1.5161903020030946e-09.

  values, vectors = lobpcg(projected_hamiltonian, guess, largest=False,
/home/erosanow_hpc/informed_swapping/BARK.py:156: UserWarning: Exited postprocessing with accuracies 
[1.51618956e-09]
not reaching the requested tolerance 1e-09.
  values, vectors = lobpcg(projected_hamiltonian, guess, largest=False,
/home/erosanow_hpc/informed_swapping/BARK.py:156: UserWarning: Exited at iteration 50 with accuracies 
[1.05047669e-09]
not reaching the requested tolerance 1e-09.
Use iteration 51 instead with accuracy 
1.0504766885095878e-09.

  values, vectors = lobpcg(projected_hamiltonian, guess, largest=False,
/home/erosanow_hpc/informed_swapping/BARK.py:156: UserWarning: Exited postprocessing with accuracies 
[1.05047701e-09]
not reaching the requested tolerance 1e-09.
  values, vectors = lobpcg(projected_hamiltonian, guess, largest=False,
/home/erosanow_hpc/informed_swapping/BARK.py:156: UserWarning: Exited at iteration 50 with accuracies 
[1.20616138e-09]
not reaching the requested tolerance 1e-09.
Use iteration 51 instead with accuracy 
1.2061613819885836e-09.

  values, vectors = lobpcg(projected_hamiltonian, guess, largest=False,
/home/erosanow_hpc/informed_swapping/BARK.py:156: UserWarning: Exited at iteration 50 with accuracies 
[1.23967117e-09]
not reaching the requested tolerance 1e-09.
Use iteration 51 instead with accuracy 
1.2396711699551982e-09.

  values, vectors = lobpcg(projected_hamiltonian, guess, largest=False,
/home/erosanow_hpc/informed_swapping/BARK.py:156: UserWarning: Exited postprocessing with accuracies 
[1.2396711e-09]
not reaching the requested tolerance 1e-09.
  values, vectors = lobpcg(projected_hamiltonian, guess, largest=False,
/home/erosanow_hpc/informed_swapping/BARK.py:156: UserWarning: Exited at iteration 50 with accuracies 
[1.29151326e-09]
not reaching the requested tolerance 1e-09.
Use iteration 51 instead with accuracy 
1.2915132640584836e-09.

  values, vectors = lobpcg(projected_hamiltonian, guess, largest=False,
/home/erosanow_hpc/informed_swapping/BARK.py:156: UserWarning: Exited postprocessing with accuracies 
[1.2915133e-09]
not reaching the requested tolerance 1e-09.
  values, vectors = lobpcg(projected_hamiltonian, guess, largest=False,
/home/erosanow_hpc/informed_swapping/BARK.py:156: UserWarning: Exited at iteration 50 with accuracies 
[1.25250037e-09]
not reaching the requested tolerance 1e-09.
Use iteration 51 instead with accuracy 
1.2525003723533369e-09.

  values, vectors = lobpcg(projected_hamiltonian, guess, largest=False,
/home/erosanow_hpc/informed_swapping/BARK.py:156: UserWarning: Exited postprocessing with accuracies 
[1.25250094e-09]
not reaching the requested tolerance 1e-09.
  values, vectors = lobpcg(projected_hamiltonian, guess, largest=False,
/home/erosanow_hpc/informed_swapping/BARK.py:156: UserWarning: Exited at iteration 50 with accuracies 
[1.57261604e-09]
not reaching the requested tolerance 1e-09.
Use iteration 51 instead with accuracy 
1.572616039600742e-09.

  values, vectors = lobpcg(projected_hamiltonian, guess, largest=False,
/home/erosanow_hpc/informed_swapping/BARK.py:156: UserWarning: Exited postprocessing with accuracies 
[1.57261625e-09]
not reaching the requested tolerance 1e-09.
  values, vectors = lobpcg(projected_hamiltonian, guess, largest=False,
/home/erosanow_hpc/informed_swapping/BARK.py:156: UserWarning: Exited at iteration 50 with accuracies 
[2.19108872e-09]
not reaching the requested tolerance 1e-09.
Use iteration 51 instead with accuracy 
2.191088722475514e-09.

  values, vectors = lobpcg(projected_hamiltonian, guess, largest=False,
/home/erosanow_hpc/informed_swapping/BARK.py:156: UserWarning: Exited postprocessing with accuracies 
[2.19108922e-09]
not reaching the requested tolerance 1e-09.
  values, vectors = lobpcg(projected_hamiltonian, guess, largest=False,
/home/erosanow_hpc/informed_swapping/BARK.py:156: UserWarning: Exited at iteration 50 with accuracies 
[1.01472652e-09]
not reaching the requested tolerance 1e-09.
Use iteration 51 instead with accuracy 
1.0147265170016343e-09.

  values, vectors = lobpcg(projected_hamiltonian, guess, largest=False,
/home/erosanow_hpc/informed_swapping/BARK.py:156: UserWarning: Exited postprocessing with accuracies 
[1.01472693e-09]
not reaching the requested tolerance 1e-09.
  values, vectors = lobpcg(projected_hamiltonian, guess, largest=False,
/home/erosanow_hpc/informed_swapping/BARK.py:156: UserWarning: Exited at iteration 50 with accuracies 
[1.14576405e-09]
not reaching the requested tolerance 1e-09.
Use iteration 51 instead with accuracy 
1.145764054818067e-09.

  values, vectors = lobpcg(projected_hamiltonian, guess, largest=False,
/home/erosanow_hpc/informed_swapping/BARK.py:156: UserWarning: Exited postprocessing with accuracies 
[1.14576405e-09]
not reaching the requested tolerance 1e-09.
  values, vectors = lobpcg(projected_hamiltonian, guess, largest=False,
/home/erosanow_hpc/informed_swapping/BARK.py:156: UserWarning: Exited at iteration 50 with accuracies 
[1.16538017e-09]
not reaching the requested tolerance 1e-09.
Use iteration 51 instead with accuracy 
1.1653801671177298e-09.

  values, vectors = lobpcg(projected_hamiltonian, guess, largest=False,
/home/erosanow_hpc/informed_swapping/BARK.py:156: UserWarning: Exited postprocessing with accuracies 
[1.16538008e-09]
not reaching the requested tolerance 1e-09.
  values, vectors = lobpcg(projected_hamiltonian, guess, largest=False,
/home/erosanow_hpc/informed_swapping/BARK.py:156: UserWarning: Exited at iteration 50 with accuracies 
[1.91699673e-09]
not reaching the requested tolerance 1e-09.
Use iteration 51 instead with accuracy 
1.916996725395015e-09.

  values, vectors = lobpcg(projected_hamiltonian, guess, largest=False,
/home/erosanow_hpc/informed_swapping/BARK.py:156: UserWarning: Exited postprocessing with accuracies 
[1.91699643e-09]
not reaching the requested tolerance 1e-09.
  values, vectors = lobpcg(projected_hamiltonian, guess, largest=False,
/home/erosanow_hpc/informed_swapping/BARK.py:156: UserWarning: Exited at iteration 50 with accuracies 
[1.50505044e-09]
not reaching the requested tolerance 1e-09.
Use iteration 51 instead with accuracy 
1.5050504437274547e-09.

  values, vectors = lobpcg(projected_hamiltonian, guess, largest=False,
/home/erosanow_hpc/informed_swapping/BARK.py:156: UserWarning: Exited postprocessing with accuracies 
[1.50505058e-09]
not reaching the requested tolerance 1e-09.
  values, vectors = lobpcg(projected_hamiltonian, guess, largest=False,
/home/erosanow_hpc/informed_swapping/BARK.py:156: UserWarning: Exited at iteration 50 with accuracies 
[1.77889423e-09]
not reaching the requested tolerance 1e-09.
Use iteration 51 instead with accuracy 
1.7788942293439073e-09.

  values, vectors = lobpcg(projected_hamiltonian, guess, largest=False,
/home/erosanow_hpc/informed_swapping/BARK.py:156: UserWarning: Exited postprocessing with accuracies 
[1.77889399e-09]
not reaching the requested tolerance 1e-09.
  values, vectors = lobpcg(projected_hamiltonian, guess, largest=False,
/home/erosanow_hpc/informed_swapping/BARK.py:156: UserWarning: Exited at iteration 50 with accuracies 
[2.01950269e-09]
not reaching the requested tolerance 1e-09.
Use iteration 51 instead with accuracy 
2.0195026935622257e-09.

  values, vectors = lobpcg(projected_hamiltonian, guess, largest=False,
/home/erosanow_hpc/informed_swapping/BARK.py:156: UserWarning: Exited postprocessing with accuracies 
[2.01950294e-09]
not reaching the requested tolerance 1e-09.
  values, vectors = lobpcg(projected_hamiltonian, guess, largest=False,
/home/erosanow_hpc/informed_swapping/BARK.py:156: UserWarning: Exited at iteration 50 with accuracies 
[3.23396793e-09]
not reaching the requested tolerance 1e-09.
Use iteration 51 instead with accuracy 
3.233967928524374e-09.

  values, vectors = lobpcg(projected_hamiltonian, guess, largest=False,
/home/erosanow_hpc/informed_swapping/BARK.py:156: UserWarning: Exited postprocessing with accuracies 
[3.23396806e-09]
not reaching the requested tolerance 1e-09.
  values, vectors = lobpcg(projected_hamiltonian, guess, largest=False,
/home/erosanow_hpc/informed_swapping/BARK.py:156: UserWarning: Exited at iteration 50 with accuracies 
[1.13068783e-09]
not reaching the requested tolerance 1e-09.
Use iteration 51 instead with accuracy 
1.1306878343138093e-09.

  values, vectors = lobpcg(projected_hamiltonian, guess, largest=False,
/home/erosanow_hpc/informed_swapping/BARK.py:156: UserWarning: Exited postprocessing with accuracies 
[1.13068803e-09]
not reaching the requested tolerance 1e-09.
  values, vectors = lobpcg(projected_hamiltonian, guess, largest=False,
/home/erosanow_hpc/informed_swapping/BARK.py:156: UserWarning: Exited at iteration 50 with accuracies 
[1.01312437e-09]
not reaching the requested tolerance 1e-09.
Use iteration 51 instead with accuracy 
1.0131243702663726e-09.

  values, vectors = lobpcg(projected_hamiltonian, guess, largest=False,
/home/erosanow_hpc/informed_swapping/BARK.py:156: UserWarning: Exited postprocessing with accuracies 
[1.01312421e-09]
not reaching the requested tolerance 1e-09.
  values, vectors = lobpcg(projected_hamiltonian, guess, largest=False,
/home/erosanow_hpc/informed_swapping/BARK.py:156: UserWarning: Exited at iteration 50 with accuracies 
[1.1381734e-09]
not reaching the requested tolerance 1e-09.
Use iteration 51 instead with accuracy 
1.1381734032541211e-09.

  values, vectors = lobpcg(projected_hamiltonian, guess, largest=False,
/home/erosanow_hpc/informed_swapping/BARK.py:156: UserWarning: Exited postprocessing with accuracies 
[1.13817335e-09]
not reaching the requested tolerance 1e-09.
  values, vectors = lobpcg(projected_hamiltonian, guess, largest=False,
/home/erosanow_hpc/informed_swapping/BARK.py:156: UserWarning: Exited at iteration 50 with accuracies 
[1.2572735e-09]
not reaching the requested tolerance 1e-09.
Use iteration 51 instead with accuracy 
1.2572734997543398e-09.

  values, vectors = lobpcg(projected_hamiltonian, guess, largest=False,
/home/erosanow_hpc/informed_swapping/BARK.py:156: UserWarning: Exited postprocessing with accuracies 
[1.25727319e-09]
not reaching the requested tolerance 1e-09.
  values, vectors = lobpcg(projected_hamiltonian, guess, largest=False,
/home/erosanow_hpc/informed_swapping/BARK.py:156: UserWarning: Exited at iteration 50 with accuracies 
[1.55044171e-09]
not reaching the requested tolerance 1e-09.
Use iteration 51 instead with accuracy 
1.5504417131036607e-09.

  values, vectors = lobpcg(projected_hamiltonian, guess, largest=False,
/home/erosanow_hpc/informed_swapping/BARK.py:156: UserWarning: Exited postprocessing with accuracies 
[1.55044156e-09]
not reaching the requested tolerance 1e-09.
  values, vectors = lobpcg(projected_hamiltonian, guess, largest=False,
/home/erosanow_hpc/informed_swapping/BARK.py:156: UserWarning: Exited at iteration 50 with accuracies 
[1.01190682e-09]
not reaching the requested tolerance 1e-09.
Use iteration 51 instead with accuracy 
1.0119068248885718e-09.

  values, vectors = lobpcg(projected_hamiltonian, guess, largest=False,
/home/erosanow_hpc/informed_swapping/BARK.py:156: UserWarning: Exited postprocessing with accuracies 
[1.01190644e-09]
not reaching the requested tolerance 1e-09.
  values, vectors = lobpcg(projected_hamiltonian, guess, largest=False,
/home/erosanow_hpc/informed_swapping/BARK.py:156: UserWarning: Exited at iteration 50 with accuracies 
[1.22877477e-09]
not reaching the requested tolerance 1e-09.
Use iteration 51 instead with accuracy 
1.2287747702329533e-09.

  values, vectors = lobpcg(projected_hamiltonian, guess, largest=False,
/home/erosanow_hpc/informed_swapping/BARK.py:156: UserWarning: Exited postprocessing with accuracies 
[1.22877515e-09]
not reaching the requested tolerance 1e-09.
  values, vectors = lobpcg(projected_hamiltonian, guess, largest=False,
/home/erosanow_hpc/informed_swapping/BARK.py:156: UserWarning: Exited at iteration 50 with accuracies 
[1.08403388e-09]
not reaching the requested tolerance 1e-09.
Use iteration 51 instead with accuracy 
1.0840338805322733e-09.

  values, vectors = lobpcg(projected_hamiltonian, guess, largest=False,
/home/erosanow_hpc/informed_swapping/BARK.py:156: UserWarning: Exited postprocessing with accuracies 
[1.0840342e-09]
not reaching the requested tolerance 1e-09.
  values, vectors = lobpcg(projected_hamiltonian, guess, largest=False,
/home/erosanow_hpc/informed_swapping/BARK.py:156: UserWarning: Exited at iteration 50 with accuracies 
[1.18449971e-09]
not reaching the requested tolerance 1e-09.
Use iteration 51 instead with accuracy 
1.1844997071253591e-09.

  values, vectors = lobpcg(projected_hamiltonian, guess, largest=False,
/home/erosanow_hpc/informed_swapping/BARK.py:156: UserWarning: Exited postprocessing with accuracies 
[1.18449918e-09]
not reaching the requested tolerance 1e-09.
  values, vectors = lobpcg(projected_hamiltonian, guess, largest=False,
/home/erosanow_hpc/informed_swapping/BARK.py:156: UserWarning: Exited at iteration 50 with accuracies 
[1.97226194e-09]
not reaching the requested tolerance 1e-09.
Use iteration 51 instead with accuracy 
1.9722619408989885e-09.

  values, vectors = lobpcg(projected_hamiltonian, guess, largest=False,
/home/erosanow_hpc/informed_swapping/BARK.py:156: UserWarning: Exited postprocessing with accuracies 
[1.97226157e-09]
not reaching the requested tolerance 1e-09.
  values, vectors = lobpcg(projected_hamiltonian, guess, largest=False,
/home/erosanow_hpc/informed_swapping/BARK.py:156: UserWarning: Exited at iteration 50 with accuracies 
[1.08222716e-09]
not reaching the requested tolerance 1e-09.
Use iteration 51 instead with accuracy 
1.0822271581764754e-09.

  values, vectors = lobpcg(projected_hamiltonian, guess, largest=False,
/home/erosanow_hpc/informed_swapping/BARK.py:156: UserWarning: Exited postprocessing with accuracies 
[1.08222676e-09]
not reaching the requested tolerance 1e-09.
  values, vectors = lobpcg(projected_hamiltonian, guess, largest=False,
/home/erosanow_hpc/informed_swapping/BARK.py:156: UserWarning: Exited at iteration 50 with accuracies 
[1.19818587e-09]
not reaching the requested tolerance 1e-09.
Use iteration 51 instead with accuracy 
1.198185869335455e-09.

  values, vectors = lobpcg(projected_hamiltonian, guess, largest=False,
/home/erosanow_hpc/informed_swapping/BARK.py:156: UserWarning: Exited postprocessing with accuracies 
[1.19818602e-09]
not reaching the requested tolerance 1e-09.
  values, vectors = lobpcg(projected_hamiltonian, guess, largest=False,
/home/erosanow_hpc/informed_swapping/BARK.py:156: UserWarning: Exited at iteration 50 with accuracies 
[1.39916841e-09]
not reaching the requested tolerance 1e-09.
Use iteration 51 instead with accuracy 
1.3991684069500806e-09.

  values, vectors = lobpcg(projected_hamiltonian, guess, largest=False,
/home/erosanow_hpc/informed_swapping/BARK.py:156: UserWarning: Exited postprocessing with accuracies 
[1.39916829e-09]
not reaching the requested tolerance 1e-09.
  values, vectors = lobpcg(projected_hamiltonian, guess, largest=False,
/home/erosanow_hpc/informed_swapping/BARK.py:156: UserWarning: Exited at iteration 50 with accuracies 
[1.73329323e-09]
not reaching the requested tolerance 1e-09.
Use iteration 51 instead with accuracy 
1.7332932258538294e-09.

  values, vectors = lobpcg(projected_hamiltonian, guess, largest=False,
/home/erosanow_hpc/informed_swapping/BARK.py:156: UserWarning: Exited postprocessing with accuracies 
[1.73329284e-09]
not reaching the requested tolerance 1e-09.
  values, vectors = lobpcg(projected_hamiltonian, guess, largest=False,
/home/erosanow_hpc/informed_swapping/BARK.py:156: UserWarning: Exited at iteration 50 with accuracies 
[2.39408787e-09]
not reaching the requested tolerance 1e-09.
Use iteration 51 instead with accuracy 
2.394087867409783e-09.

  values, vectors = lobpcg(projected_hamiltonian, guess, largest=False,
/home/erosanow_hpc/informed_swapping/BARK.py:156: UserWarning: Exited postprocessing with accuracies 
[2.39408772e-09]
not reaching the requested tolerance 1e-09.
  values, vectors = lobpcg(projected_hamiltonian, guess, largest=False,
/home/erosanow_hpc/informed_swapping/BARK.py:156: UserWarning: Exited at iteration 50 with accuracies 
[1.09471109e-09]
not reaching the requested tolerance 1e-09.
Use iteration 51 instead with accuracy 
1.094711092835591e-09.

  values, vectors = lobpcg(projected_hamiltonian, guess, largest=False,
/home/erosanow_hpc/informed_swapping/BARK.py:156: UserWarning: Exited postprocessing with accuracies 
[1.09471135e-09]
not reaching the requested tolerance 1e-09.
  values, vectors = lobpcg(projected_hamiltonian, guess, largest=False,
/home/erosanow_hpc/informed_swapping/BARK.py:156: UserWarning: Exited at iteration 50 with accuracies 
[1.24346583e-09]
not reaching the requested tolerance 1e-09.
Use iteration 51 instead with accuracy 
1.2434658322877887e-09.

  values, vectors = lobpcg(projected_hamiltonian, guess, largest=False,
/home/erosanow_hpc/informed_swapping/BARK.py:156: UserWarning: Exited postprocessing with accuracies 
[1.24346594e-09]
not reaching the requested tolerance 1e-09.
  values, vectors = lobpcg(projected_hamiltonian, guess, largest=False,
/home/erosanow_hpc/informed_swapping/BARK.py:156: UserWarning: Exited at iteration 50 with accuracies 
[1.33133255e-09]
not reaching the requested tolerance 1e-09.
Use iteration 51 instead with accuracy 
1.3313325469785427e-09.

  values, vectors = lobpcg(projected_hamiltonian, guess, largest=False,
/home/erosanow_hpc/informed_swapping/BARK.py:156: UserWarning: Exited postprocessing with accuracies 
[1.33133216e-09]
not reaching the requested tolerance 1e-09.
  values, vectors = lobpcg(projected_hamiltonian, guess, largest=False,
/home/erosanow_hpc/informed_swapping/BARK.py:156: UserWarning: Exited at iteration 50 with accuracies 
[2.16902616e-09]
not reaching the requested tolerance 1e-09.
Use iteration 51 instead with accuracy 
2.1690261590521703e-09.

  values, vectors = lobpcg(projected_hamiltonian, guess, largest=False,
/home/erosanow_hpc/informed_swapping/BARK.py:156: UserWarning: Exited postprocessing with accuracies 
[2.16902594e-09]
not reaching the requested tolerance 1e-09.
  values, vectors = lobpcg(projected_hamiltonian, guess, largest=False,
/home/erosanow_hpc/informed_swapping/BARK.py:156: UserWarning: Exited at iteration 50 with accuracies 
[1.74739952e-09]
not reaching the requested tolerance 1e-09.
Use iteration 51 instead with accuracy 
1.7473995212768272e-09.

  values, vectors = lobpcg(projected_hamiltonian, guess, largest=False,
/home/erosanow_hpc/informed_swapping/BARK.py:156: UserWarning: Exited postprocessing with accuracies 
[1.7473998e-09]
not reaching the requested tolerance 1e-09.
  values, vectors = lobpcg(projected_hamiltonian, guess, largest=False,
/home/erosanow_hpc/informed_swapping/BARK.py:156: UserWarning: Exited at iteration 50 with accuracies 
[2.09675105e-09]
not reaching the requested tolerance 1e-09.
Use iteration 51 instead with accuracy 
2.096751049526189e-09.

  values, vectors = lobpcg(projected_hamiltonian, guess, largest=False,
/home/erosanow_hpc/informed_swapping/BARK.py:156: UserWarning: Exited postprocessing with accuracies 
[2.09675093e-09]
not reaching the requested tolerance 1e-09.
  values, vectors = lobpcg(projected_hamiltonian, guess, largest=False,
/home/erosanow_hpc/informed_swapping/BARK.py:156: UserWarning: Exited at iteration 50 with accuracies 
[2.19044188e-09]
not reaching the requested tolerance 1e-09.
Use iteration 51 instead with accuracy 
2.1904418819933967e-09.

  values, vectors = lobpcg(projected_hamiltonian, guess, largest=False,
/home/erosanow_hpc/informed_swapping/BARK.py:156: UserWarning: Exited postprocessing with accuracies 
[2.19044181e-09]
not reaching the requested tolerance 1e-09.
  values, vectors = lobpcg(projected_hamiltonian, guess, largest=False,
/home/erosanow_hpc/informed_swapping/BARK.py:156: UserWarning: Exited at iteration 50 with accuracies 
[3.47306436e-09]
not reaching the requested tolerance 1e-09.
Use iteration 51 instead with accuracy 
3.4730643624016664e-09.

  values, vectors = lobpcg(projected_hamiltonian, guess, largest=False,
/home/erosanow_hpc/informed_swapping/BARK.py:156: UserWarning: Exited postprocessing with accuracies 
[3.47306345e-09]
not reaching the requested tolerance 1e-09.
  values, vectors = lobpcg(projected_hamiltonian, guess, largest=False,
/home/erosanow_hpc/informed_swapping/BARK.py:156: UserWarning: Exited at iteration 50 with accuracies 
[1.0420416e-09]
not reaching the requested tolerance 1e-09.
Use iteration 51 instead with accuracy 
1.0420415950949755e-09.

  values, vectors = lobpcg(projected_hamiltonian, guess, largest=False,
/home/erosanow_hpc/informed_swapping/BARK.py:156: UserWarning: Exited postprocessing with accuracies 
[1.0420417e-09]
not reaching the requested tolerance 1e-09.
  values, vectors = lobpcg(projected_hamiltonian, guess, largest=False,
/home/erosanow_hpc/informed_swapping/BARK.py:156: UserWarning: Exited at iteration 50 with accuracies 
[1.15624416e-09]
not reaching the requested tolerance 1e-09.
Use iteration 51 instead with accuracy 
1.156244163871783e-09.

  values, vectors = lobpcg(projected_hamiltonian, guess, largest=False,
/home/erosanow_hpc/informed_swapping/BARK.py:156: UserWarning: Exited postprocessing with accuracies 
[1.15624469e-09]
not reaching the requested tolerance 1e-09.
  values, vectors = lobpcg(projected_hamiltonian, guess, largest=False,
/home/erosanow_hpc/informed_swapping/BARK.py:156: UserWarning: Exited at iteration 50 with accuracies 
[1.34871329e-09]
not reaching the requested tolerance 1e-09.
Use iteration 51 instead with accuracy 
1.3487132920409256e-09.

  values, vectors = lobpcg(projected_hamiltonian, guess, largest=False,
/home/erosanow_hpc/informed_swapping/BARK.py:156: UserWarning: Exited postprocessing with accuracies 
[1.34871237e-09]
not reaching the requested tolerance 1e-09.
  values, vectors = lobpcg(projected_hamiltonian, guess, largest=False,
/home/erosanow_hpc/informed_swapping/BARK.py:156: UserWarning: Exited at iteration 50 with accuracies 
[1.06235218e-09]
not reaching the requested tolerance 1e-09.
Use iteration 51 instead with accuracy 
1.0623521752253391e-09.

  values, vectors = lobpcg(projected_hamiltonian, guess, largest=False,
/home/erosanow_hpc/informed_swapping/BARK.py:156: UserWarning: Exited postprocessing with accuracies 
[1.06235156e-09]
not reaching the requested tolerance 1e-09.
  values, vectors = lobpcg(projected_hamiltonian, guess, largest=False,
/home/erosanow_hpc/informed_swapping/BARK.py:156: UserWarning: Exited at iteration 50 with accuracies 
[1.21479091e-09]
not reaching the requested tolerance 1e-09.
Use iteration 51 instead with accuracy 
1.2147909054380894e-09.

  values, vectors = lobpcg(projected_hamiltonian, guess, largest=False,
/home/erosanow_hpc/informed_swapping/BARK.py:156: UserWarning: Exited postprocessing with accuracies 
[1.21479057e-09]
not reaching the requested tolerance 1e-09.
  values, vectors = lobpcg(projected_hamiltonian, guess, largest=False,
/home/erosanow_hpc/informed_swapping/BARK.py:156: UserWarning: Exited at iteration 50 with accuracies 
[1.32770398e-09]
not reaching the requested tolerance 1e-09.
Use iteration 51 instead with accuracy 
1.3277039796767411e-09.

  values, vectors = lobpcg(projected_hamiltonian, guess, largest=False,
/home/erosanow_hpc/informed_swapping/BARK.py:156: UserWarning: Exited postprocessing with accuracies 
[1.3277038e-09]
not reaching the requested tolerance 1e-09.
  values, vectors = lobpcg(projected_hamiltonian, guess, largest=False,
/home/erosanow_hpc/informed_swapping/BARK.py:156: UserWarning: Exited at iteration 50 with accuracies 
[2.15546699e-09]
not reaching the requested tolerance 1e-09.
Use iteration 51 instead with accuracy 
2.155466987005241e-09.

  values, vectors = lobpcg(projected_hamiltonian, guess, largest=False,
/home/erosanow_hpc/informed_swapping/BARK.py:156: UserWarning: Exited postprocessing with accuracies 
[2.15546702e-09]
not reaching the requested tolerance 1e-09.
  values, vectors = lobpcg(projected_hamiltonian, guess, largest=False,
/home/erosanow_hpc/informed_swapping/BARK.py:156: UserWarning: Exited at iteration 50 with accuracies 
[1.1935451e-09]
not reaching the requested tolerance 1e-09.
Use iteration 51 instead with accuracy 
1.1935451018810711e-09.

  values, vectors = lobpcg(projected_hamiltonian, guess, largest=False,
/home/erosanow_hpc/informed_swapping/BARK.py:156: UserWarning: Exited postprocessing with accuracies 
[1.19354576e-09]
not reaching the requested tolerance 1e-09.
  values, vectors = lobpcg(projected_hamiltonian, guess, largest=False,
/home/erosanow_hpc/informed_swapping/BARK.py:156: UserWarning: Exited at iteration 50 with accuracies 
[1.03640672e-09]
not reaching the requested tolerance 1e-09.
Use iteration 51 instead with accuracy 
1.0364067158846975e-09.

  values, vectors = lobpcg(projected_hamiltonian, guess, largest=False,
/home/erosanow_hpc/informed_swapping/BARK.py:156: UserWarning: Exited postprocessing with accuracies 
[1.03640619e-09]
not reaching the requested tolerance 1e-09.
  values, vectors = lobpcg(projected_hamiltonian, guess, largest=False,
/home/erosanow_hpc/informed_swapping/BARK.py:156: UserWarning: Exited at iteration 50 with accuracies 
[1.35123437e-09]
not reaching the requested tolerance 1e-09.
Use iteration 51 instead with accuracy 
1.3512343709093965e-09.

  values, vectors = lobpcg(projected_hamiltonian, guess, largest=False,
/home/erosanow_hpc/informed_swapping/BARK.py:156: UserWarning: Exited postprocessing with accuracies 
[1.35123435e-09]
not reaching the requested tolerance 1e-09.
  values, vectors = lobpcg(projected_hamiltonian, guess, largest=False,
/home/erosanow_hpc/informed_swapping/BARK.py:156: UserWarning: Exited at iteration 50 with accuracies 
[1.05196645e-09]
not reaching the requested tolerance 1e-09.
Use iteration 51 instead with accuracy 
1.051966448896921e-09.

  values, vectors = lobpcg(projected_hamiltonian, guess, largest=False,
/home/erosanow_hpc/informed_swapping/BARK.py:156: UserWarning: Exited postprocessing with accuracies 
[1.05196675e-09]
not reaching the requested tolerance 1e-09.
  values, vectors = lobpcg(projected_hamiltonian, guess, largest=False,
/home/erosanow_hpc/informed_swapping/BARK.py:156: UserWarning: Exited at iteration 50 with accuracies 
[1.56673674e-09]
not reaching the requested tolerance 1e-09.
Use iteration 51 instead with accuracy 
1.566736736651543e-09.

  values, vectors = lobpcg(projected_hamiltonian, guess, largest=False,
/home/erosanow_hpc/informed_swapping/BARK.py:156: UserWarning: Exited postprocessing with accuracies 
[1.56673778e-09]
not reaching the requested tolerance 1e-09.
  values, vectors = lobpcg(projected_hamiltonian, guess, largest=False,
/home/erosanow_hpc/informed_swapping/BARK.py:156: UserWarning: Exited at iteration 50 with accuracies 
[1.88880971e-09]
not reaching the requested tolerance 1e-09.
Use iteration 51 instead with accuracy 
1.8888097064458613e-09.

  values, vectors = lobpcg(projected_hamiltonian, guess, largest=False,
/home/erosanow_hpc/informed_swapping/BARK.py:156: UserWarning: Exited postprocessing with accuracies 
[1.88881006e-09]
not reaching the requested tolerance 1e-09.
  values, vectors = lobpcg(projected_hamiltonian, guess, largest=False,
/home/erosanow_hpc/informed_swapping/BARK.py:156: UserWarning: Exited at iteration 50 with accuracies 
[2.59809042e-09]
not reaching the requested tolerance 1e-09.
Use iteration 51 instead with accuracy 
2.5980904171413857e-09.

  values, vectors = lobpcg(projected_hamiltonian, guess, largest=False,
/home/erosanow_hpc/informed_swapping/BARK.py:156: UserWarning: Exited postprocessing with accuracies 
[2.59809072e-09]
not reaching the requested tolerance 1e-09.
  values, vectors = lobpcg(projected_hamiltonian, guess, largest=False,
/home/erosanow_hpc/informed_swapping/BARK.py:156: UserWarning: Exited at iteration 50 with accuracies 
[1.17378824e-09]
not reaching the requested tolerance 1e-09.
Use iteration 51 instead with accuracy 
1.173788238122541e-09.

  values, vectors = lobpcg(projected_hamiltonian, guess, largest=False,
/home/erosanow_hpc/informed_swapping/BARK.py:156: UserWarning: Exited postprocessing with accuracies 
[1.17378833e-09]
not reaching the requested tolerance 1e-09.
  values, vectors = lobpcg(projected_hamiltonian, guess, largest=False,
/home/erosanow_hpc/informed_swapping/BARK.py:156: UserWarning: Exited at iteration 50 with accuracies 
[1.36488496e-09]
not reaching the requested tolerance 1e-09.
Use iteration 51 instead with accuracy 
1.3648849562113506e-09.

  values, vectors = lobpcg(projected_hamiltonian, guess, largest=False,
/home/erosanow_hpc/informed_swapping/BARK.py:156: UserWarning: Exited postprocessing with accuracies 
[1.36488455e-09]
not reaching the requested tolerance 1e-09.
  values, vectors = lobpcg(projected_hamiltonian, guess, largest=False,
/home/erosanow_hpc/informed_swapping/BARK.py:156: UserWarning: Exited at iteration 50 with accuracies 
[1.4638533e-09]
not reaching the requested tolerance 1e-09.
Use iteration 51 instead with accuracy 
1.4638533001934677e-09.

  values, vectors = lobpcg(projected_hamiltonian, guess, largest=False,
/home/erosanow_hpc/informed_swapping/BARK.py:156: UserWarning: Exited postprocessing with accuracies 
[1.46385298e-09]
not reaching the requested tolerance 1e-09.
  values, vectors = lobpcg(projected_hamiltonian, guess, largest=False,
/home/erosanow_hpc/informed_swapping/BARK.py:156: UserWarning: Exited at iteration 50 with accuracies 
[2.31988421e-09]
not reaching the requested tolerance 1e-09.
Use iteration 51 instead with accuracy 
2.3198842079933616e-09.

  values, vectors = lobpcg(projected_hamiltonian, guess, largest=False,
/home/erosanow_hpc/informed_swapping/BARK.py:156: UserWarning: Exited postprocessing with accuracies 
[2.3198838e-09]
not reaching the requested tolerance 1e-09.
  values, vectors = lobpcg(projected_hamiltonian, guess, largest=False,
/home/erosanow_hpc/informed_swapping/BARK.py:156: UserWarning: Exited at iteration 50 with accuracies 
[1.85885127e-09]
not reaching the requested tolerance 1e-09.
Use iteration 51 instead with accuracy 
1.8588512661388827e-09.

  values, vectors = lobpcg(projected_hamiltonian, guess, largest=False,
/home/erosanow_hpc/informed_swapping/BARK.py:156: UserWarning: Exited postprocessing with accuracies 
[1.8588501e-09]
not reaching the requested tolerance 1e-09.
  values, vectors = lobpcg(projected_hamiltonian, guess, largest=False,
/home/erosanow_hpc/informed_swapping/BARK.py:156: UserWarning: Exited at iteration 50 with accuracies 
[2.27201219e-09]
not reaching the requested tolerance 1e-09.
Use iteration 51 instead with accuracy 
2.2720121903980326e-09.

  values, vectors = lobpcg(projected_hamiltonian, guess, largest=False,
/home/erosanow_hpc/informed_swapping/BARK.py:156: UserWarning: Exited postprocessing with accuracies 
[2.27201205e-09]
not reaching the requested tolerance 1e-09.
  values, vectors = lobpcg(projected_hamiltonian, guess, largest=False,
/home/erosanow_hpc/informed_swapping/BARK.py:156: UserWarning: Exited at iteration 50 with accuracies 
[2.3679375e-09]
not reaching the requested tolerance 1e-09.
Use iteration 51 instead with accuracy 
2.3679374979919786e-09.

  values, vectors = lobpcg(projected_hamiltonian, guess, largest=False,
/home/erosanow_hpc/informed_swapping/BARK.py:156: UserWarning: Exited postprocessing with accuracies 
[2.36793756e-09]
not reaching the requested tolerance 1e-09.
  values, vectors = lobpcg(projected_hamiltonian, guess, largest=False,
/home/erosanow_hpc/informed_swapping/BARK.py:156: UserWarning: Exited at iteration 50 with accuracies 
[3.67982847e-09]
not reaching the requested tolerance 1e-09.
Use iteration 51 instead with accuracy 
3.679828471451867e-09.

  values, vectors = lobpcg(projected_hamiltonian, guess, largest=False,
/home/erosanow_hpc/informed_swapping/BARK.py:156: UserWarning: Exited postprocessing with accuracies 
[3.67982912e-09]
not reaching the requested tolerance 1e-09.
  values, vectors = lobpcg(projected_hamiltonian, guess, largest=False,
/home/erosanow_hpc/informed_swapping/BARK.py:156: UserWarning: Exited at iteration 50 with accuracies 
[1.15730516e-09]
not reaching the requested tolerance 1e-09.
Use iteration 51 instead with accuracy 
1.1573051606539305e-09.

  values, vectors = lobpcg(projected_hamiltonian, guess, largest=False,
/home/erosanow_hpc/informed_swapping/BARK.py:156: UserWarning: Exited postprocessing with accuracies 
[1.15730521e-09]
not reaching the requested tolerance 1e-09.
  values, vectors = lobpcg(projected_hamiltonian, guess, largest=False,
/home/erosanow_hpc/informed_swapping/BARK.py:156: UserWarning: Exited at iteration 50 with accuracies 
[1.00780744e-09]
not reaching the requested tolerance 1e-09.
Use iteration 51 instead with accuracy 
1.0078074433772281e-09.

  values, vectors = lobpcg(projected_hamiltonian, guess, largest=False,
/home/erosanow_hpc/informed_swapping/BARK.py:156: UserWarning: Exited postprocessing with accuracies 
[1.00780678e-09]
not reaching the requested tolerance 1e-09.
  values, vectors = lobpcg(projected_hamiltonian, guess, largest=False,
/home/erosanow_hpc/informed_swapping/BARK.py:156: UserWarning: Exited at iteration 50 with accuracies 
[1.2998259e-09]
not reaching the requested tolerance 1e-09.
Use iteration 51 instead with accuracy 
1.2998259008674781e-09.

  values, vectors = lobpcg(projected_hamiltonian, guess, largest=False,
/home/erosanow_hpc/informed_swapping/BARK.py:156: UserWarning: Exited postprocessing with accuracies 
[1.29982661e-09]
not reaching the requested tolerance 1e-09.
  values, vectors = lobpcg(projected_hamiltonian, guess, largest=False,
/home/erosanow_hpc/informed_swapping/BARK.py:156: UserWarning: Exited at iteration 50 with accuracies 
[1.06586074e-09]
not reaching the requested tolerance 1e-09.
Use iteration 51 instead with accuracy 
1.0658607385705091e-09.

  values, vectors = lobpcg(projected_hamiltonian, guess, largest=False,
/home/erosanow_hpc/informed_swapping/BARK.py:156: UserWarning: Exited postprocessing with accuracies 
[1.06586057e-09]
not reaching the requested tolerance 1e-09.
  values, vectors = lobpcg(projected_hamiltonian, guess, largest=False,
/home/erosanow_hpc/informed_swapping/BARK.py:156: UserWarning: Exited at iteration 50 with accuracies 
[1.57480654e-09]
not reaching the requested tolerance 1e-09.
Use iteration 51 instead with accuracy 
1.5748065378418791e-09.

  values, vectors = lobpcg(projected_hamiltonian, guess, largest=False,
/home/erosanow_hpc/informed_swapping/BARK.py:156: UserWarning: Exited postprocessing with accuracies 
[1.57480587e-09]
not reaching the requested tolerance 1e-09.
  values, vectors = lobpcg(projected_hamiltonian, guess, largest=False,
/home/erosanow_hpc/informed_swapping/BARK.py:156: UserWarning: Exited at iteration 50 with accuracies 
[1.8757603e-09]
not reaching the requested tolerance 1e-09.
Use iteration 51 instead with accuracy 
1.8757603041124937e-09.

  values, vectors = lobpcg(projected_hamiltonian, guess, largest=False,
/home/erosanow_hpc/informed_swapping/BARK.py:156: UserWarning: Exited postprocessing with accuracies 
[1.87576074e-09]
not reaching the requested tolerance 1e-09.
  values, vectors = lobpcg(projected_hamiltonian, guess, largest=False,
/home/erosanow_hpc/informed_swapping/BARK.py:156: UserWarning: Exited at iteration 50 with accuracies 
[2.56828639e-09]
not reaching the requested tolerance 1e-09.
Use iteration 51 instead with accuracy 
2.568286385714315e-09.

  values, vectors = lobpcg(projected_hamiltonian, guess, largest=False,
/home/erosanow_hpc/informed_swapping/BARK.py:156: UserWarning: Exited postprocessing with accuracies 
[2.56828622e-09]
not reaching the requested tolerance 1e-09.
  values, vectors = lobpcg(projected_hamiltonian, guess, largest=False,
/home/erosanow_hpc/informed_swapping/BARK.py:156: UserWarning: Exited at iteration 50 with accuracies 
[1.27973799e-09]
not reaching the requested tolerance 1e-09.
Use iteration 51 instead with accuracy 
1.2797379851517337e-09.

  values, vectors = lobpcg(projected_hamiltonian, guess, largest=False,
/home/erosanow_hpc/informed_swapping/BARK.py:156: UserWarning: Exited postprocessing with accuracies 
[1.27973837e-09]
not reaching the requested tolerance 1e-09.
  values, vectors = lobpcg(projected_hamiltonian, guess, largest=False,
/home/erosanow_hpc/informed_swapping/BARK.py:156: UserWarning: Exited at iteration 50 with accuracies 
[1.52057802e-09]
not reaching the requested tolerance 1e-09.
Use iteration 51 instead with accuracy 
1.5205780237307537e-09.

  values, vectors = lobpcg(projected_hamiltonian, guess, largest=False,
/home/erosanow_hpc/informed_swapping/BARK.py:156: UserWarning: Exited postprocessing with accuracies 
[1.52057831e-09]
not reaching the requested tolerance 1e-09.
  values, vectors = lobpcg(projected_hamiltonian, guess, largest=False,
/home/erosanow_hpc/informed_swapping/BARK.py:156: UserWarning: Exited at iteration 50 with accuracies 
[1.54666836e-09]
not reaching the requested tolerance 1e-09.
Use iteration 51 instead with accuracy 
1.5466683564746591e-09.

  values, vectors = lobpcg(projected_hamiltonian, guess, largest=False,
/home/erosanow_hpc/informed_swapping/BARK.py:156: UserWarning: Exited postprocessing with accuracies 
[1.54666849e-09]
not reaching the requested tolerance 1e-09.
  values, vectors = lobpcg(projected_hamiltonian, guess, largest=False,
/home/erosanow_hpc/informed_swapping/BARK.py:156: UserWarning: Exited at iteration 50 with accuracies 
[2.41333972e-09]
not reaching the requested tolerance 1e-09.
Use iteration 51 instead with accuracy 
2.41333971761764e-09.

  values, vectors = lobpcg(projected_hamiltonian, guess, largest=False,
/home/erosanow_hpc/informed_swapping/BARK.py:156: UserWarning: Exited postprocessing with accuracies 
[2.41334012e-09]
not reaching the requested tolerance 1e-09.
  values, vectors = lobpcg(projected_hamiltonian, guess, largest=False,
/home/erosanow_hpc/informed_swapping/BARK.py:156: UserWarning: Exited at iteration 50 with accuracies 
[1.89423689e-09]
not reaching the requested tolerance 1e-09.
Use iteration 51 instead with accuracy 
1.894236889127341e-09.

  values, vectors = lobpcg(projected_hamiltonian, guess, largest=False,
/home/erosanow_hpc/informed_swapping/BARK.py:156: UserWarning: Exited postprocessing with accuracies 
[1.89423717e-09]
not reaching the requested tolerance 1e-09.
  values, vectors = lobpcg(projected_hamiltonian, guess, largest=False,
/home/erosanow_hpc/informed_swapping/BARK.py:156: UserWarning: Exited at iteration 50 with accuracies 
[2.33383107e-09]
not reaching the requested tolerance 1e-09.
Use iteration 51 instead with accuracy 
2.3338310727222084e-09.

  values, vectors = lobpcg(projected_hamiltonian, guess, largest=False,
/home/erosanow_hpc/informed_swapping/BARK.py:156: UserWarning: Exited postprocessing with accuracies 
[2.33383118e-09]
not reaching the requested tolerance 1e-09.
  values, vectors = lobpcg(projected_hamiltonian, guess, largest=False,
/home/erosanow_hpc/informed_swapping/BARK.py:156: UserWarning: Exited at iteration 50 with accuracies 
[2.56256209e-09]
not reaching the requested tolerance 1e-09.
Use iteration 51 instead with accuracy 
2.562562091052431e-09.

  values, vectors = lobpcg(projected_hamiltonian, guess, largest=False,
/home/erosanow_hpc/informed_swapping/BARK.py:156: UserWarning: Exited postprocessing with accuracies 
[2.56256218e-09]
not reaching the requested tolerance 1e-09.
  values, vectors = lobpcg(projected_hamiltonian, guess, largest=False,
/home/erosanow_hpc/informed_swapping/BARK.py:156: UserWarning: Exited at iteration 50 with accuracies 
[3.97760608e-09]
not reaching the requested tolerance 1e-09.
Use iteration 51 instead with accuracy 
3.977606084353005e-09.

  values, vectors = lobpcg(projected_hamiltonian, guess, largest=False,
/home/erosanow_hpc/informed_swapping/BARK.py:156: UserWarning: Exited postprocessing with accuracies 
[3.97760551e-09]
not reaching the requested tolerance 1e-09.
  values, vectors = lobpcg(projected_hamiltonian, guess, largest=False,
/home/erosanow_hpc/informed_swapping/BARK.py:156: UserWarning: Exited at iteration 50 with accuracies 
[1.46005082e-09]
not reaching the requested tolerance 1e-09.
Use iteration 51 instead with accuracy 
1.4600508191939028e-09.

  values, vectors = lobpcg(projected_hamiltonian, guess, largest=False,
/home/erosanow_hpc/informed_swapping/BARK.py:156: UserWarning: Exited postprocessing with accuracies 
[1.46005028e-09]
not reaching the requested tolerance 1e-09.
  values, vectors = lobpcg(projected_hamiltonian, guess, largest=False,
/home/erosanow_hpc/informed_swapping/BARK.py:156: UserWarning: Exited at iteration 50 with accuracies 
[2.2379894e-09]
not reaching the requested tolerance 1e-09.
Use iteration 51 instead with accuracy 
2.2379894042126616e-09.

  values, vectors = lobpcg(projected_hamiltonian, guess, largest=False,
/home/erosanow_hpc/informed_swapping/BARK.py:156: UserWarning: Exited postprocessing with accuracies 
[2.23798889e-09]
not reaching the requested tolerance 1e-09.
  values, vectors = lobpcg(projected_hamiltonian, guess, largest=False,
/home/erosanow_hpc/informed_swapping/BARK.py:156: UserWarning: Exited at iteration 50 with accuracies 
[1.49422306e-09]
not reaching the requested tolerance 1e-09.
Use iteration 49 instead with accuracy 
1.39370389162035e-09.

  values, vectors = lobpcg(projected_hamiltonian, guess, largest=False,
/home/erosanow_hpc/informed_swapping/BARK.py:156: UserWarning: Exited postprocessing with accuracies 
[1.3937039e-09]
not reaching the requested tolerance 1e-09.
  values, vectors = lobpcg(projected_hamiltonian, guess, largest=False,
/home/erosanow_hpc/informed_swapping/BARK.py:156: UserWarning: Exited at iteration 50 with accuracies 
[2.31487313e-09]
not reaching the requested tolerance 1e-09.
Use iteration 49 instead with accuracy 
2.053533324043305e-09.

  values, vectors = lobpcg(projected_hamiltonian, guess, largest=False,
/home/erosanow_hpc/informed_swapping/BARK.py:156: UserWarning: Exited postprocessing with accuracies 
[2.0535325e-09]
not reaching the requested tolerance 1e-09.
  values, vectors = lobpcg(projected_hamiltonian, guess, largest=False,
/home/erosanow_hpc/informed_swapping/BARK.py:156: UserWarning: Exited at iteration 50 with accuracies 
[3.94479529e-09]
not reaching the requested tolerance 1e-09.
Use iteration 48 instead with accuracy 
3.8162160018422605e-09.

  values, vectors = lobpcg(projected_hamiltonian, guess, largest=False,
/home/erosanow_hpc/informed_swapping/BARK.py:156: UserWarning: Exited postprocessing with accuracies 
[3.81621665e-09]
not reaching the requested tolerance 1e-09.
  values, vectors = lobpcg(projected_hamiltonian, guess, largest=False,
/home/erosanow_hpc/informed_swapping/BARK.py:156: UserWarning: Exited at iteration 50 with accuracies 
[1.2800251e-09]
not reaching the requested tolerance 1e-09.
Use iteration 51 instead with accuracy 
1.2800250953464418e-09.

  values, vectors = lobpcg(projected_hamiltonian, guess, largest=False,
/home/erosanow_hpc/informed_swapping/BARK.py:156: UserWarning: Exited postprocessing with accuracies 
[1.28002501e-09]
not reaching the requested tolerance 1e-09.
  values, vectors = lobpcg(projected_hamiltonian, guess, largest=False,
/home/erosanow_hpc/informed_swapping/BARK.py:156: UserWarning: Exited at iteration 50 with accuracies 
[1.36199272e-09]
not reaching the requested tolerance 1e-09.
Use iteration 51 instead with accuracy 
1.3619927202383784e-09.

  values, vectors = lobpcg(projected_hamiltonian, guess, largest=False,
/home/erosanow_hpc/informed_swapping/BARK.py:156: UserWarning: Exited postprocessing with accuracies 
[1.36199318e-09]
not reaching the requested tolerance 1e-09.
  values, vectors = lobpcg(projected_hamiltonian, guess, largest=False,
/home/erosanow_hpc/informed_swapping/BARK.py:156: UserWarning: Exited at iteration 50 with accuracies 
[1.06668811e-09]
not reaching the requested tolerance 1e-09.
Use iteration 51 instead with accuracy 
1.0666881094846835e-09.

  values, vectors = lobpcg(projected_hamiltonian, guess, largest=False,
/home/erosanow_hpc/informed_swapping/BARK.py:156: UserWarning: Exited postprocessing with accuracies 
[1.06668808e-09]
not reaching the requested tolerance 1e-09.
  values, vectors = lobpcg(projected_hamiltonian, guess, largest=False,
/home/erosanow_hpc/informed_swapping/BARK.py:156: UserWarning: Exited at iteration 50 with accuracies 
[1.51618958e-09]
not reaching the requested tolerance 1e-09.
Use iteration 51 instead with accuracy 
1.516189575330347e-09.

  values, vectors = lobpcg(projected_hamiltonian, guess, largest=False,
/home/erosanow_hpc/informed_swapping/BARK.py:156: UserWarning: Exited postprocessing with accuracies 
[1.51618918e-09]
not reaching the requested tolerance 1e-09.
  values, vectors = lobpcg(projected_hamiltonian, guess, largest=False,
/home/erosanow_hpc/informed_swapping/BARK.py:156: UserWarning: Exited at iteration 50 with accuracies 
[1.05047566e-09]
not reaching the requested tolerance 1e-09.
Use iteration 51 instead with accuracy 
1.0504756644726336e-09.

  values, vectors = lobpcg(projected_hamiltonian, guess, largest=False,
/home/erosanow_hpc/informed_swapping/BARK.py:156: UserWarning: Exited postprocessing with accuracies 
[1.05047581e-09]
not reaching the requested tolerance 1e-09.
  values, vectors = lobpcg(projected_hamiltonian, guess, largest=False,
/home/erosanow_hpc/informed_swapping/BARK.py:156: UserWarning: Exited at iteration 50 with accuracies 
[1.20616125e-09]
not reaching the requested tolerance 1e-09.
Use iteration 51 instead with accuracy 
1.2061612522515363e-09.

  values, vectors = lobpcg(projected_hamiltonian, guess, largest=False,
/home/erosanow_hpc/informed_swapping/BARK.py:156: UserWarning: Exited postprocessing with accuracies 
[1.20616131e-09]
not reaching the requested tolerance 1e-09.
  values, vectors = lobpcg(projected_hamiltonian, guess, largest=False,
/home/erosanow_hpc/informed_swapping/BARK.py:156: UserWarning: Exited at iteration 50 with accuracies 
[1.23967187e-09]
not reaching the requested tolerance 1e-09.
Use iteration 51 instead with accuracy 
1.2396718743904077e-09.

  values, vectors = lobpcg(projected_hamiltonian, guess, largest=False,
/home/erosanow_hpc/informed_swapping/BARK.py:156: UserWarning: Exited postprocessing with accuracies 
[1.23967202e-09]
not reaching the requested tolerance 1e-09.
  values, vectors = lobpcg(projected_hamiltonian, guess, largest=False,
/home/erosanow_hpc/informed_swapping/BARK.py:156: UserWarning: Exited at iteration 50 with accuracies 
[1.29151289e-09]
not reaching the requested tolerance 1e-09.
Use iteration 51 instead with accuracy 
1.2915128908032377e-09.

  values, vectors = lobpcg(projected_hamiltonian, guess, largest=False,
/home/erosanow_hpc/informed_swapping/BARK.py:156: UserWarning: Exited postprocessing with accuracies 
[1.29151267e-09]
not reaching the requested tolerance 1e-09.
  values, vectors = lobpcg(projected_hamiltonian, guess, largest=False,
/home/erosanow_hpc/informed_swapping/BARK.py:156: UserWarning: Exited at iteration 50 with accuracies 
[1.25250051e-09]
not reaching the requested tolerance 1e-09.
Use iteration 51 instead with accuracy 
1.2525005080373655e-09.

  values, vectors = lobpcg(projected_hamiltonian, guess, largest=False,
/home/erosanow_hpc/informed_swapping/BARK.py:156: UserWarning: Exited postprocessing with accuracies 
[1.25250046e-09]
not reaching the requested tolerance 1e-09.
  values, vectors = lobpcg(projected_hamiltonian, guess, largest=False,
/home/erosanow_hpc/informed_swapping/BARK.py:156: UserWarning: Exited at iteration 50 with accuracies 
[1.57261827e-09]
not reaching the requested tolerance 1e-09.
Use iteration 51 instead with accuracy 
1.5726182703908081e-09.

  values, vectors = lobpcg(projected_hamiltonian, guess, largest=False,
/home/erosanow_hpc/informed_swapping/BARK.py:156: UserWarning: Exited postprocessing with accuracies 
[1.57261772e-09]
not reaching the requested tolerance 1e-09.
  values, vectors = lobpcg(projected_hamiltonian, guess, largest=False,
/home/erosanow_hpc/informed_swapping/BARK.py:156: UserWarning: Exited at iteration 50 with accuracies 
[2.1910888e-09]
not reaching the requested tolerance 1e-09.
Use iteration 51 instead with accuracy 
2.1910887973650544e-09.

  values, vectors = lobpcg(projected_hamiltonian, guess, largest=False,
/home/erosanow_hpc/informed_swapping/BARK.py:156: UserWarning: Exited postprocessing with accuracies 
[2.19108887e-09]
not reaching the requested tolerance 1e-09.
  values, vectors = lobpcg(projected_hamiltonian, guess, largest=False,
/home/erosanow_hpc/informed_swapping/BARK.py:156: UserWarning: Exited at iteration 50 with accuracies 
[1.01472631e-09]
not reaching the requested tolerance 1e-09.
Use iteration 51 instead with accuracy 
1.0147263135091317e-09.

  values, vectors = lobpcg(projected_hamiltonian, guess, largest=False,
/home/erosanow_hpc/informed_swapping/BARK.py:156: UserWarning: Exited postprocessing with accuracies 
[1.01472651e-09]
not reaching the requested tolerance 1e-09.
  values, vectors = lobpcg(projected_hamiltonian, guess, largest=False,
/home/erosanow_hpc/informed_swapping/BARK.py:156: UserWarning: Exited at iteration 50 with accuracies 
[1.14576331e-09]
not reaching the requested tolerance 1e-09.
Use iteration 51 instead with accuracy 
1.145763306338882e-09.

  values, vectors = lobpcg(projected_hamiltonian, guess, largest=False,
/home/erosanow_hpc/informed_swapping/BARK.py:156: UserWarning: Exited postprocessing with accuracies 
[1.14576332e-09]
not reaching the requested tolerance 1e-09.
  values, vectors = lobpcg(projected_hamiltonian, guess, largest=False,
/home/erosanow_hpc/informed_swapping/BARK.py:156: UserWarning: Exited at iteration 50 with accuracies 
[1.16537923e-09]
not reaching the requested tolerance 1e-09.
Use iteration 51 instead with accuracy 
1.165379226139669e-09.

  values, vectors = lobpcg(projected_hamiltonian, guess, largest=False,
/home/erosanow_hpc/informed_swapping/BARK.py:156: UserWarning: Exited postprocessing with accuracies 
[1.16537921e-09]
not reaching the requested tolerance 1e-09.
  values, vectors = lobpcg(projected_hamiltonian, guess, largest=False,
/home/erosanow_hpc/informed_swapping/BARK.py:156: UserWarning: Exited at iteration 50 with accuracies 
[1.91699825e-09]
not reaching the requested tolerance 1e-09.
Use iteration 51 instead with accuracy 
1.9169982510854625e-09.

  values, vectors = lobpcg(projected_hamiltonian, guess, largest=False,
/home/erosanow_hpc/informed_swapping/BARK.py:156: UserWarning: Exited postprocessing with accuracies 
[1.91699824e-09]
not reaching the requested tolerance 1e-09.
  values, vectors = lobpcg(projected_hamiltonian, guess, largest=False,
/home/erosanow_hpc/informed_swapping/BARK.py:156: UserWarning: Exited at iteration 50 with accuracies 
[1.50505011e-09]
not reaching the requested tolerance 1e-09.
Use iteration 51 instead with accuracy 
1.5050501101132249e-09.

  values, vectors = lobpcg(projected_hamiltonian, guess, largest=False,
/home/erosanow_hpc/informed_swapping/BARK.py:156: UserWarning: Exited postprocessing with accuracies 
[1.50504961e-09]
not reaching the requested tolerance 1e-09.
  values, vectors = lobpcg(projected_hamiltonian, guess, largest=False,
/home/erosanow_hpc/informed_swapping/BARK.py:156: UserWarning: Exited at iteration 50 with accuracies 
[1.77889476e-09]
not reaching the requested tolerance 1e-09.
Use iteration 51 instead with accuracy 
1.77889476255649e-09.

  values, vectors = lobpcg(projected_hamiltonian, guess, largest=False,
/home/erosanow_hpc/informed_swapping/BARK.py:156: UserWarning: Exited postprocessing with accuracies 
[1.77889476e-09]
not reaching the requested tolerance 1e-09.
  values, vectors = lobpcg(projected_hamiltonian, guess, largest=False,
/home/erosanow_hpc/informed_swapping/BARK.py:156: UserWarning: Exited at iteration 50 with accuracies 
[2.01950258e-09]
not reaching the requested tolerance 1e-09.
Use iteration 51 instead with accuracy 
2.019502580882128e-09.

  values, vectors = lobpcg(projected_hamiltonian, guess, largest=False,
/home/erosanow_hpc/informed_swapping/BARK.py:156: UserWarning: Exited postprocessing with accuracies 
[2.01950302e-09]
not reaching the requested tolerance 1e-09.
  values, vectors = lobpcg(projected_hamiltonian, guess, largest=False,
/home/erosanow_hpc/informed_swapping/BARK.py:156: UserWarning: Exited at iteration 50 with accuracies 
[3.23396858e-09]
not reaching the requested tolerance 1e-09.
Use iteration 51 instead with accuracy 
3.2339685811036554e-09.

  values, vectors = lobpcg(projected_hamiltonian, guess, largest=False,
/home/erosanow_hpc/informed_swapping/BARK.py:156: UserWarning: Exited postprocessing with accuracies 
[3.23396815e-09]
not reaching the requested tolerance 1e-09.
  values, vectors = lobpcg(projected_hamiltonian, guess, largest=False,
/home/erosanow_hpc/informed_swapping/BARK.py:156: UserWarning: Exited at iteration 50 with accuracies 
[1.13068777e-09]
not reaching the requested tolerance 1e-09.
Use iteration 51 instead with accuracy 
1.1306877749650771e-09.

  values, vectors = lobpcg(projected_hamiltonian, guess, largest=False,
/home/erosanow_hpc/informed_swapping/BARK.py:156: UserWarning: Exited postprocessing with accuracies 
[1.13068796e-09]
not reaching the requested tolerance 1e-09.
  values, vectors = lobpcg(projected_hamiltonian, guess, largest=False,
/home/erosanow_hpc/informed_swapping/BARK.py:156: UserWarning: Exited at iteration 50 with accuracies 
[1.01312397e-09]
not reaching the requested tolerance 1e-09.
Use iteration 51 instead with accuracy 
1.0131239749271892e-09.

  values, vectors = lobpcg(projected_hamiltonian, guess, largest=False,
/home/erosanow_hpc/informed_swapping/BARK.py:156: UserWarning: Exited postprocessing with accuracies 
[1.01312395e-09]
not reaching the requested tolerance 1e-09.
  values, vectors = lobpcg(projected_hamiltonian, guess, largest=False,
/home/erosanow_hpc/informed_swapping/BARK.py:156: UserWarning: Exited at iteration 50 with accuracies 
[1.13817301e-09]
not reaching the requested tolerance 1e-09.
Use iteration 51 instead with accuracy 
1.138173012269415e-09.

  values, vectors = lobpcg(projected_hamiltonian, guess, largest=False,
/home/erosanow_hpc/informed_swapping/BARK.py:156: UserWarning: Exited postprocessing with accuracies 
[1.13817251e-09]
not reaching the requested tolerance 1e-09.
  values, vectors = lobpcg(projected_hamiltonian, guess, largest=False,
/home/erosanow_hpc/informed_swapping/BARK.py:156: UserWarning: Exited at iteration 50 with accuracies 
[1.25727224e-09]
not reaching the requested tolerance 1e-09.
Use iteration 51 instead with accuracy 
1.2572722352800607e-09.

  values, vectors = lobpcg(projected_hamiltonian, guess, largest=False,
/home/erosanow_hpc/informed_swapping/BARK.py:156: UserWarning: Exited postprocessing with accuracies 
[1.25727221e-09]
not reaching the requested tolerance 1e-09.
  values, vectors = lobpcg(projected_hamiltonian, guess, largest=False,
/home/erosanow_hpc/informed_swapping/BARK.py:156: UserWarning: Exited at iteration 50 with accuracies 
[1.55044164e-09]
not reaching the requested tolerance 1e-09.
Use iteration 51 instead with accuracy 
1.5504416449299972e-09.

  values, vectors = lobpcg(projected_hamiltonian, guess, largest=False,
/home/erosanow_hpc/informed_swapping/BARK.py:156: UserWarning: Exited postprocessing with accuracies 
[1.55044118e-09]
not reaching the requested tolerance 1e-09.
  values, vectors = lobpcg(projected_hamiltonian, guess, largest=False,
/home/erosanow_hpc/informed_swapping/BARK.py:156: UserWarning: Exited at iteration 50 with accuracies 
[1.01190688e-09]
not reaching the requested tolerance 1e-09.
Use iteration 51 instead with accuracy 
1.0119068808453869e-09.

  values, vectors = lobpcg(projected_hamiltonian, guess, largest=False,
/home/erosanow_hpc/informed_swapping/BARK.py:156: UserWarning: Exited postprocessing with accuracies 
[1.01190648e-09]
not reaching the requested tolerance 1e-09.
  values, vectors = lobpcg(projected_hamiltonian, guess, largest=False,
/home/erosanow_hpc/informed_swapping/BARK.py:156: UserWarning: Exited at iteration 50 with accuracies 
[1.22877342e-09]
not reaching the requested tolerance 1e-09.
Use iteration 51 instead with accuracy 
1.2287734193954325e-09.

  values, vectors = lobpcg(projected_hamiltonian, guess, largest=False,
/home/erosanow_hpc/informed_swapping/BARK.py:156: UserWarning: Exited postprocessing with accuracies 
[1.22877302e-09]
not reaching the requested tolerance 1e-09.
  values, vectors = lobpcg(projected_hamiltonian, guess, largest=False,
/home/erosanow_hpc/informed_swapping/BARK.py:156: UserWarning: Exited at iteration 50 with accuracies 
[1.08403286e-09]
not reaching the requested tolerance 1e-09.
Use iteration 51 instead with accuracy 
1.0840328565866278e-09.

  values, vectors = lobpcg(projected_hamiltonian, guess, largest=False,
/home/erosanow_hpc/informed_swapping/BARK.py:156: UserWarning: Exited postprocessing with accuracies 
[1.08403265e-09]
not reaching the requested tolerance 1e-09.
  values, vectors = lobpcg(projected_hamiltonian, guess, largest=False,
/home/erosanow_hpc/informed_swapping/BARK.py:156: UserWarning: Exited at iteration 50 with accuracies 
[1.18449927e-09]
not reaching the requested tolerance 1e-09.
Use iteration 51 instead with accuracy 
1.1844992652828843e-09.

  values, vectors = lobpcg(projected_hamiltonian, guess, largest=False,
/home/erosanow_hpc/informed_swapping/BARK.py:156: UserWarning: Exited postprocessing with accuracies 
[1.18449868e-09]
not reaching the requested tolerance 1e-09.
  values, vectors = lobpcg(projected_hamiltonian, guess, largest=False,
/home/erosanow_hpc/informed_swapping/BARK.py:156: UserWarning: Exited at iteration 50 with accuracies 
[1.97226139e-09]
not reaching the requested tolerance 1e-09.
Use iteration 51 instead with accuracy 
1.9722613880044923e-09.

  values, vectors = lobpcg(projected_hamiltonian, guess, largest=False,
/home/erosanow_hpc/informed_swapping/BARK.py:156: UserWarning: Exited postprocessing with accuracies 
[1.97226136e-09]
not reaching the requested tolerance 1e-09.
  values, vectors = lobpcg(projected_hamiltonian, guess, largest=False,
/home/erosanow_hpc/informed_swapping/BARK.py:156: UserWarning: Exited at iteration 50 with accuracies 
[1.08222682e-09]
not reaching the requested tolerance 1e-09.
Use iteration 51 instead with accuracy 
1.0822268187070908e-09.

  values, vectors = lobpcg(projected_hamiltonian, guess, largest=False,
/home/erosanow_hpc/informed_swapping/BARK.py:156: UserWarning: Exited postprocessing with accuracies 
[1.08222591e-09]
not reaching the requested tolerance 1e-09.
  values, vectors = lobpcg(projected_hamiltonian, guess, largest=False,
/home/erosanow_hpc/informed_swapping/BARK.py:156: UserWarning: Exited at iteration 50 with accuracies 
[1.19818537e-09]
not reaching the requested tolerance 1e-09.
Use iteration 51 instead with accuracy 
1.1981853668153743e-09.

  values, vectors = lobpcg(projected_hamiltonian, guess, largest=False,
/home/erosanow_hpc/informed_swapping/BARK.py:156: UserWarning: Exited postprocessing with accuracies 
[1.19818459e-09]
not reaching the requested tolerance 1e-09.
  values, vectors = lobpcg(projected_hamiltonian, guess, largest=False,
/home/erosanow_hpc/informed_swapping/BARK.py:156: UserWarning: Exited at iteration 50 with accuracies 
[1.39916858e-09]
not reaching the requested tolerance 1e-09.
Use iteration 51 instead with accuracy 
1.3991685795150922e-09.

  values, vectors = lobpcg(projected_hamiltonian, guess, largest=False,
/home/erosanow_hpc/informed_swapping/BARK.py:156: UserWarning: Exited postprocessing with accuracies 
[1.39916906e-09]
not reaching the requested tolerance 1e-09.
  values, vectors = lobpcg(projected_hamiltonian, guess, largest=False,
/home/erosanow_hpc/informed_swapping/BARK.py:156: UserWarning: Exited at iteration 50 with accuracies 
[1.73329272e-09]
not reaching the requested tolerance 1e-09.
Use iteration 51 instead with accuracy 
1.7332927208168907e-09.

  values, vectors = lobpcg(projected_hamiltonian, guess, largest=False,
/home/erosanow_hpc/informed_swapping/BARK.py:156: UserWarning: Exited postprocessing with accuracies 
[1.73329314e-09]
not reaching the requested tolerance 1e-09.
  values, vectors = lobpcg(projected_hamiltonian, guess, largest=False,
/home/erosanow_hpc/informed_swapping/BARK.py:156: UserWarning: Exited at iteration 50 with accuracies 
[2.39408988e-09]
not reaching the requested tolerance 1e-09.
Use iteration 51 instead with accuracy 
2.3940898836959987e-09.

  values, vectors = lobpcg(projected_hamiltonian, guess, largest=False,
/home/erosanow_hpc/informed_swapping/BARK.py:156: UserWarning: Exited postprocessing with accuracies 
[2.39409027e-09]
not reaching the requested tolerance 1e-09.
  values, vectors = lobpcg(projected_hamiltonian, guess, largest=False,
/home/erosanow_hpc/informed_swapping/BARK.py:156: UserWarning: Exited at iteration 50 with accuracies 
[1.09471213e-09]
not reaching the requested tolerance 1e-09.
Use iteration 51 instead with accuracy 
1.0947121281447878e-09.

  values, vectors = lobpcg(projected_hamiltonian, guess, largest=False,
/home/erosanow_hpc/informed_swapping/BARK.py:156: UserWarning: Exited postprocessing with accuracies 
[1.09471226e-09]
not reaching the requested tolerance 1e-09.
  values, vectors = lobpcg(projected_hamiltonian, guess, largest=False,
/home/erosanow_hpc/informed_swapping/BARK.py:156: UserWarning: Exited at iteration 50 with accuracies 
[1.24346409e-09]
not reaching the requested tolerance 1e-09.
Use iteration 51 instead with accuracy 
1.2434640896199965e-09.

  values, vectors = lobpcg(projected_hamiltonian, guess, largest=False,
/home/erosanow_hpc/informed_swapping/BARK.py:156: UserWarning: Exited postprocessing with accuracies 
[1.24346362e-09]
not reaching the requested tolerance 1e-09.
  values, vectors = lobpcg(projected_hamiltonian, guess, largest=False,
/home/erosanow_hpc/informed_swapping/BARK.py:156: UserWarning: Exited at iteration 50 with accuracies 
[1.33133375e-09]
not reaching the requested tolerance 1e-09.
Use iteration 51 instead with accuracy 
1.3313337465007737e-09.

  values, vectors = lobpcg(projected_hamiltonian, guess, largest=False,
/home/erosanow_hpc/informed_swapping/BARK.py:156: UserWarning: Exited postprocessing with accuracies 
[1.3313341e-09]
not reaching the requested tolerance 1e-09.
  values, vectors = lobpcg(projected_hamiltonian, guess, largest=False,
/home/erosanow_hpc/informed_swapping/BARK.py:156: UserWarning: Exited at iteration 50 with accuracies 
[2.16902611e-09]
not reaching the requested tolerance 1e-09.
Use iteration 51 instead with accuracy 
2.1690261069255865e-09.

  values, vectors = lobpcg(projected_hamiltonian, guess, largest=False,
/home/erosanow_hpc/informed_swapping/BARK.py:156: UserWarning: Exited postprocessing with accuracies 
[2.16902535e-09]
not reaching the requested tolerance 1e-09.
  values, vectors = lobpcg(projected_hamiltonian, guess, largest=False,
/home/erosanow_hpc/informed_swapping/BARK.py:156: UserWarning: Exited at iteration 50 with accuracies 
[1.74740025e-09]
not reaching the requested tolerance 1e-09.
Use iteration 51 instead with accuracy 
1.7474002516674556e-09.

  values, vectors = lobpcg(projected_hamiltonian, guess, largest=False,
/home/erosanow_hpc/informed_swapping/BARK.py:156: UserWarning: Exited postprocessing with accuracies 
[1.74739997e-09]
not reaching the requested tolerance 1e-09.
  values, vectors = lobpcg(projected_hamiltonian, guess, largest=False,
/home/erosanow_hpc/informed_swapping/BARK.py:156: UserWarning: Exited at iteration 50 with accuracies 
[2.0967514e-09]
not reaching the requested tolerance 1e-09.
Use iteration 51 instead with accuracy 
2.096751401851697e-09.

  values, vectors = lobpcg(projected_hamiltonian, guess, largest=False,
/home/erosanow_hpc/informed_swapping/BARK.py:156: UserWarning: Exited postprocessing with accuracies 
[2.09675169e-09]
not reaching the requested tolerance 1e-09.
  values, vectors = lobpcg(projected_hamiltonian, guess, largest=False,
/home/erosanow_hpc/informed_swapping/BARK.py:156: UserWarning: Exited at iteration 50 with accuracies 
[2.19044304e-09]
not reaching the requested tolerance 1e-09.
Use iteration 51 instead with accuracy 
2.190443035321819e-09.

  values, vectors = lobpcg(projected_hamiltonian, guess, largest=False,
/home/erosanow_hpc/informed_swapping/BARK.py:156: UserWarning: Exited postprocessing with accuracies 
[2.19044257e-09]
not reaching the requested tolerance 1e-09.
  values, vectors = lobpcg(projected_hamiltonian, guess, largest=False,
/home/erosanow_hpc/informed_swapping/BARK.py:156: UserWarning: Exited at iteration 50 with accuracies 
[3.47306196e-09]
not reaching the requested tolerance 1e-09.
Use iteration 51 instead with accuracy 
3.473061955164287e-09.

  values, vectors = lobpcg(projected_hamiltonian, guess, largest=False,
/home/erosanow_hpc/informed_swapping/BARK.py:156: UserWarning: Exited postprocessing with accuracies 
[3.47306229e-09]
not reaching the requested tolerance 1e-09.
  values, vectors = lobpcg(projected_hamiltonian, guess, largest=False,
/home/erosanow_hpc/informed_swapping/BARK.py:156: UserWarning: Exited at iteration 50 with accuracies 
[1.04204005e-09]
not reaching the requested tolerance 1e-09.
Use iteration 51 instead with accuracy 
1.0420400500304831e-09.

  values, vectors = lobpcg(projected_hamiltonian, guess, largest=False,
/home/erosanow_hpc/informed_swapping/BARK.py:156: UserWarning: Exited postprocessing with accuracies 
[1.04203974e-09]
not reaching the requested tolerance 1e-09.
  values, vectors = lobpcg(projected_hamiltonian, guess, largest=False,
/home/erosanow_hpc/informed_swapping/BARK.py:156: UserWarning: Exited at iteration 50 with accuracies 
[1.1562439e-09]
not reaching the requested tolerance 1e-09.
Use iteration 51 instead with accuracy 
1.1562438999334135e-09.

  values, vectors = lobpcg(projected_hamiltonian, guess, largest=False,
/home/erosanow_hpc/informed_swapping/BARK.py:156: UserWarning: Exited postprocessing with accuracies 
[1.15624354e-09]
not reaching the requested tolerance 1e-09.
  values, vectors = lobpcg(projected_hamiltonian, guess, largest=False,
/home/erosanow_hpc/informed_swapping/BARK.py:156: UserWarning: Exited at iteration 50 with accuracies 
[1.34871161e-09]
not reaching the requested tolerance 1e-09.
Use iteration 51 instead with accuracy 
1.3487116126336038e-09.

  values, vectors = lobpcg(projected_hamiltonian, guess, largest=False,
/home/erosanow_hpc/informed_swapping/BARK.py:156: UserWarning: Exited postprocessing with accuracies 
[1.34871121e-09]
not reaching the requested tolerance 1e-09.
  values, vectors = lobpcg(projected_hamiltonian, guess, largest=False,
/home/erosanow_hpc/informed_swapping/BARK.py:156: UserWarning: Exited at iteration 50 with accuracies 
[1.06235215e-09]
not reaching the requested tolerance 1e-09.
Use iteration 51 instead with accuracy 
1.0623521469511082e-09.

  values, vectors = lobpcg(projected_hamiltonian, guess, largest=False,
/home/erosanow_hpc/informed_swapping/BARK.py:156: UserWarning: Exited postprocessing with accuracies 
[1.06235153e-09]
not reaching the requested tolerance 1e-09.
  values, vectors = lobpcg(projected_hamiltonian, guess, largest=False,
/home/erosanow_hpc/informed_swapping/BARK.py:156: UserWarning: Exited at iteration 50 with accuracies 
[1.21479107e-09]
not reaching the requested tolerance 1e-09.
Use iteration 51 instead with accuracy 
1.214791067202061e-09.

  values, vectors = lobpcg(projected_hamiltonian, guess, largest=False,
/home/erosanow_hpc/informed_swapping/BARK.py:156: UserWarning: Exited postprocessing with accuracies 
[1.21479055e-09]
not reaching the requested tolerance 1e-09.
  values, vectors = lobpcg(projected_hamiltonian, guess, largest=False,
/home/erosanow_hpc/informed_swapping/BARK.py:156: UserWarning: Exited at iteration 50 with accuracies 
[1.32770455e-09]
not reaching the requested tolerance 1e-09.
Use iteration 51 instead with accuracy 
1.3277045452295097e-09.

  values, vectors = lobpcg(projected_hamiltonian, guess, largest=False,
/home/erosanow_hpc/informed_swapping/BARK.py:156: UserWarning: Exited postprocessing with accuracies 
[1.32770407e-09]
not reaching the requested tolerance 1e-09.
  values, vectors = lobpcg(projected_hamiltonian, guess, largest=False,
/home/erosanow_hpc/informed_swapping/BARK.py:156: UserWarning: Exited at iteration 50 with accuracies 
[2.15546716e-09]
not reaching the requested tolerance 1e-09.
Use iteration 51 instead with accuracy 
2.15546715559716e-09.

  values, vectors = lobpcg(projected_hamiltonian, guess, largest=False,
/home/erosanow_hpc/informed_swapping/BARK.py:156: UserWarning: Exited postprocessing with accuracies 
[2.15546796e-09]
not reaching the requested tolerance 1e-09.
  values, vectors = lobpcg(projected_hamiltonian, guess, largest=False,
/home/erosanow_hpc/informed_swapping/BARK.py:156: UserWarning: Exited at iteration 50 with accuracies 
[1.19354644e-09]
not reaching the requested tolerance 1e-09.
Use iteration 51 instead with accuracy 
1.193546442901612e-09.

  values, vectors = lobpcg(projected_hamiltonian, guess, largest=False,
/home/erosanow_hpc/informed_swapping/BARK.py:156: UserWarning: Exited postprocessing with accuracies 
[1.19354683e-09]
not reaching the requested tolerance 1e-09.
  values, vectors = lobpcg(projected_hamiltonian, guess, largest=False,
/home/erosanow_hpc/informed_swapping/BARK.py:156: UserWarning: Exited at iteration 50 with accuracies 
[1.03640584e-09]
not reaching the requested tolerance 1e-09.
Use iteration 51 instead with accuracy 
1.036405836545869e-09.

  values, vectors = lobpcg(projected_hamiltonian, guess, largest=False,
/home/erosanow_hpc/informed_swapping/BARK.py:156: UserWarning: Exited postprocessing with accuracies 
[1.03640531e-09]
not reaching the requested tolerance 1e-09.
  values, vectors = lobpcg(projected_hamiltonian, guess, largest=False,
/home/erosanow_hpc/informed_swapping/BARK.py:156: UserWarning: Exited at iteration 50 with accuracies 
[1.35123307e-09]
not reaching the requested tolerance 1e-09.
Use iteration 51 instead with accuracy 
1.3512330696776478e-09.

  values, vectors = lobpcg(projected_hamiltonian, guess, largest=False,
/home/erosanow_hpc/informed_swapping/BARK.py:156: UserWarning: Exited postprocessing with accuracies 
[1.35123238e-09]
not reaching the requested tolerance 1e-09.
  values, vectors = lobpcg(projected_hamiltonian, guess, largest=False,
/home/erosanow_hpc/informed_swapping/BARK.py:156: UserWarning: Exited at iteration 50 with accuracies 
[1.05196735e-09]
not reaching the requested tolerance 1e-09.
Use iteration 51 instead with accuracy 
1.051967347096103e-09.

  values, vectors = lobpcg(projected_hamiltonian, guess, largest=False,
/home/erosanow_hpc/informed_swapping/BARK.py:156: UserWarning: Exited postprocessing with accuracies 
[1.05196723e-09]
not reaching the requested tolerance 1e-09.
  values, vectors = lobpcg(projected_hamiltonian, guess, largest=False,
/home/erosanow_hpc/informed_swapping/BARK.py:156: UserWarning: Exited at iteration 50 with accuracies 
[1.56673447e-09]
not reaching the requested tolerance 1e-09.
Use iteration 51 instead with accuracy 
1.5667344742941242e-09.

  values, vectors = lobpcg(projected_hamiltonian, guess, largest=False,
/home/erosanow_hpc/informed_swapping/BARK.py:156: UserWarning: Exited postprocessing with accuracies 
[1.56673482e-09]
not reaching the requested tolerance 1e-09.
  values, vectors = lobpcg(projected_hamiltonian, guess, largest=False,
/home/erosanow_hpc/informed_swapping/BARK.py:156: UserWarning: Exited at iteration 50 with accuracies 
[1.88880945e-09]
not reaching the requested tolerance 1e-09.
Use iteration 51 instead with accuracy 
1.8888094535512456e-09.

  values, vectors = lobpcg(projected_hamiltonian, guess, largest=False,
/home/erosanow_hpc/informed_swapping/BARK.py:156: UserWarning: Exited postprocessing with accuracies 
[1.8888091e-09]
not reaching the requested tolerance 1e-09.
  values, vectors = lobpcg(projected_hamiltonian, guess, largest=False,
/home/erosanow_hpc/informed_swapping/BARK.py:156: UserWarning: Exited at iteration 50 with accuracies 
[2.59808848e-09]
not reaching the requested tolerance 1e-09.
Use iteration 51 instead with accuracy 
2.5980884758440774e-09.

  values, vectors = lobpcg(projected_hamiltonian, guess, largest=False,
/home/erosanow_hpc/informed_swapping/BARK.py:156: UserWarning: Exited postprocessing with accuracies 
[2.59808822e-09]
not reaching the requested tolerance 1e-09.
  values, vectors = lobpcg(projected_hamiltonian, guess, largest=False,
/home/erosanow_hpc/informed_swapping/BARK.py:156: UserWarning: Exited at iteration 50 with accuracies 
[1.1737878e-09]
not reaching the requested tolerance 1e-09.
Use iteration 51 instead with accuracy 
1.1737877958297688e-09.

  values, vectors = lobpcg(projected_hamiltonian, guess, largest=False,
/home/erosanow_hpc/informed_swapping/BARK.py:156: UserWarning: Exited postprocessing with accuracies 
[1.17378798e-09]
not reaching the requested tolerance 1e-09.
  values, vectors = lobpcg(projected_hamiltonian, guess, largest=False,
/home/erosanow_hpc/informed_swapping/BARK.py:156: UserWarning: Exited at iteration 50 with accuracies 
[1.36488445e-09]
not reaching the requested tolerance 1e-09.
Use iteration 51 instead with accuracy 
1.3648844510854553e-09.

  values, vectors = lobpcg(projected_hamiltonian, guess, largest=False,
/home/erosanow_hpc/informed_swapping/BARK.py:156: UserWarning: Exited postprocessing with accuracies 
[1.36488374e-09]
not reaching the requested tolerance 1e-09.
  values, vectors = lobpcg(projected_hamiltonian, guess, largest=False,
/home/erosanow_hpc/informed_swapping/BARK.py:156: UserWarning: Exited at iteration 50 with accuracies 
[1.46385236e-09]
not reaching the requested tolerance 1e-09.
Use iteration 51 instead with accuracy 
1.4638523646115346e-09.

  values, vectors = lobpcg(projected_hamiltonian, guess, largest=False,
/home/erosanow_hpc/informed_swapping/BARK.py:156: UserWarning: Exited postprocessing with accuracies 
[1.46385253e-09]
not reaching the requested tolerance 1e-09.
  values, vectors = lobpcg(projected_hamiltonian, guess, largest=False,
/home/erosanow_hpc/informed_swapping/BARK.py:156: UserWarning: Exited at iteration 50 with accuracies 
[2.31988347e-09]
not reaching the requested tolerance 1e-09.
Use iteration 51 instead with accuracy 
2.3198834699031884e-09.

  values, vectors = lobpcg(projected_hamiltonian, guess, largest=False,
/home/erosanow_hpc/informed_swapping/BARK.py:156: UserWarning: Exited postprocessing with accuracies 
[2.31988366e-09]
not reaching the requested tolerance 1e-09.
  values, vectors = lobpcg(projected_hamiltonian, guess, largest=False,
/home/erosanow_hpc/informed_swapping/BARK.py:156: UserWarning: Exited at iteration 50 with accuracies 
[1.85885173e-09]
not reaching the requested tolerance 1e-09.
Use iteration 51 instead with accuracy 
1.8588517349440437e-09.

  values, vectors = lobpcg(projected_hamiltonian, guess, largest=False,
/home/erosanow_hpc/informed_swapping/BARK.py:156: UserWarning: Exited postprocessing with accuracies 
[1.85885126e-09]
not reaching the requested tolerance 1e-09.
  values, vectors = lobpcg(projected_hamiltonian, guess, largest=False,
/home/erosanow_hpc/informed_swapping/BARK.py:156: UserWarning: Exited at iteration 50 with accuracies 
[2.27201325e-09]
not reaching the requested tolerance 1e-09.
Use iteration 51 instead with accuracy 
2.272013254181379e-09.

  values, vectors = lobpcg(projected_hamiltonian, guess, largest=False,
/home/erosanow_hpc/informed_swapping/BARK.py:156: UserWarning: Exited postprocessing with accuracies 
[2.27201367e-09]
not reaching the requested tolerance 1e-09.
  values, vectors = lobpcg(projected_hamiltonian, guess, largest=False,
/home/erosanow_hpc/informed_swapping/BARK.py:156: UserWarning: Exited at iteration 50 with accuracies 
[2.36793953e-09]
not reaching the requested tolerance 1e-09.
Use iteration 51 instead with accuracy 
2.367939529383819e-09.

  values, vectors = lobpcg(projected_hamiltonian, guess, largest=False,
/home/erosanow_hpc/informed_swapping/BARK.py:156: UserWarning: Exited postprocessing with accuracies 
[2.3679396e-09]
not reaching the requested tolerance 1e-09.
  values, vectors = lobpcg(projected_hamiltonian, guess, largest=False,
/home/erosanow_hpc/informed_swapping/BARK.py:156: UserWarning: Exited at iteration 50 with accuracies 
[3.67982665e-09]
not reaching the requested tolerance 1e-09.
Use iteration 51 instead with accuracy 
3.6798266468120805e-09.

  values, vectors = lobpcg(projected_hamiltonian, guess, largest=False,
/home/erosanow_hpc/informed_swapping/BARK.py:156: UserWarning: Exited postprocessing with accuracies 
[3.67982607e-09]
not reaching the requested tolerance 1e-09.
  values, vectors = lobpcg(projected_hamiltonian, guess, largest=False,
/home/erosanow_hpc/informed_swapping/BARK.py:156: UserWarning: Exited at iteration 50 with accuracies 
[1.15730488e-09]
not reaching the requested tolerance 1e-09.
Use iteration 51 instead with accuracy 
1.1573048813293369e-09.

  values, vectors = lobpcg(projected_hamiltonian, guess, largest=False,
/home/erosanow_hpc/informed_swapping/BARK.py:156: UserWarning: Exited postprocessing with accuracies 
[1.15730479e-09]
not reaching the requested tolerance 1e-09.
  values, vectors = lobpcg(projected_hamiltonian, guess, largest=False,
/home/erosanow_hpc/informed_swapping/BARK.py:156: UserWarning: Exited at iteration 50 with accuracies 
[1.00780809e-09]
not reaching the requested tolerance 1e-09.
Use iteration 51 instead with accuracy 
1.0078080860419253e-09.

  values, vectors = lobpcg(projected_hamiltonian, guess, largest=False,
/home/erosanow_hpc/informed_swapping/BARK.py:156: UserWarning: Exited postprocessing with accuracies 
[1.00780825e-09]
not reaching the requested tolerance 1e-09.
  values, vectors = lobpcg(projected_hamiltonian, guess, largest=False,
/home/erosanow_hpc/informed_swapping/BARK.py:156: UserWarning: Exited at iteration 50 with accuracies 
[1.29982566e-09]
not reaching the requested tolerance 1e-09.
Use iteration 51 instead with accuracy 
1.2998256629165499e-09.

  values, vectors = lobpcg(projected_hamiltonian, guess, largest=False,
/home/erosanow_hpc/informed_swapping/BARK.py:156: UserWarning: Exited postprocessing with accuracies 
[1.29982559e-09]
not reaching the requested tolerance 1e-09.
  values, vectors = lobpcg(projected_hamiltonian, guess, largest=False,
/home/erosanow_hpc/informed_swapping/BARK.py:156: UserWarning: Exited at iteration 50 with accuracies 
[1.0658609e-09]
not reaching the requested tolerance 1e-09.
Use iteration 51 instead with accuracy 
1.0658608950447168e-09.

  values, vectors = lobpcg(projected_hamiltonian, guess, largest=False,
/home/erosanow_hpc/informed_swapping/BARK.py:156: UserWarning: Exited postprocessing with accuracies 
[1.06586118e-09]
not reaching the requested tolerance 1e-09.
  values, vectors = lobpcg(projected_hamiltonian, guess, largest=False,
/home/erosanow_hpc/informed_swapping/BARK.py:156: UserWarning: Exited at iteration 50 with accuracies 
[1.57480497e-09]
not reaching the requested tolerance 1e-09.
Use iteration 51 instead with accuracy 
1.5748049680383091e-09.

  values, vectors = lobpcg(projected_hamiltonian, guess, largest=False,
/home/erosanow_hpc/informed_swapping/BARK.py:156: UserWarning: Exited postprocessing with accuracies 
[1.57480469e-09]
not reaching the requested tolerance 1e-09.
  values, vectors = lobpcg(projected_hamiltonian, guess, largest=False,
/home/erosanow_hpc/informed_swapping/BARK.py:156: UserWarning: Exited at iteration 50 with accuracies 
[1.87576057e-09]
not reaching the requested tolerance 1e-09.
Use iteration 51 instead with accuracy 
1.8757605655761326e-09.

  values, vectors = lobpcg(projected_hamiltonian, guess, largest=False,
/home/erosanow_hpc/informed_swapping/BARK.py:156: UserWarning: Exited postprocessing with accuracies 
[1.87576079e-09]
not reaching the requested tolerance 1e-09.
  values, vectors = lobpcg(projected_hamiltonian, guess, largest=False,
/home/erosanow_hpc/informed_swapping/BARK.py:156: UserWarning: Exited at iteration 50 with accuracies 
[2.56828703e-09]
not reaching the requested tolerance 1e-09.
Use iteration 51 instead with accuracy 
2.5682870271662126e-09.

  values, vectors = lobpcg(projected_hamiltonian, guess, largest=False,
/home/erosanow_hpc/informed_swapping/BARK.py:156: UserWarning: Exited postprocessing with accuracies 
[2.56828679e-09]
not reaching the requested tolerance 1e-09.
  values, vectors = lobpcg(projected_hamiltonian, guess, largest=False,
/home/erosanow_hpc/informed_swapping/BARK.py:156: UserWarning: Exited at iteration 50 with accuracies 
[1.27973741e-09]
not reaching the requested tolerance 1e-09.
Use iteration 51 instead with accuracy 
1.2797374053729723e-09.

  values, vectors = lobpcg(projected_hamiltonian, guess, largest=False,
/home/erosanow_hpc/informed_swapping/BARK.py:156: UserWarning: Exited postprocessing with accuracies 
[1.27973802e-09]
not reaching the requested tolerance 1e-09.
  values, vectors = lobpcg(projected_hamiltonian, guess, largest=False,
/home/erosanow_hpc/informed_swapping/BARK.py:156: UserWarning: Exited at iteration 50 with accuracies 
[1.52058008e-09]
not reaching the requested tolerance 1e-09.
Use iteration 51 instead with accuracy 
1.5205800788884077e-09.

  values, vectors = lobpcg(projected_hamiltonian, guess, largest=False,
/home/erosanow_hpc/informed_swapping/BARK.py:156: UserWarning: Exited postprocessing with accuracies 
[1.52058017e-09]
not reaching the requested tolerance 1e-09.
  values, vectors = lobpcg(projected_hamiltonian, guess, largest=False,
/home/erosanow_hpc/informed_swapping/BARK.py:156: UserWarning: Exited at iteration 50 with accuracies 
[1.54666776e-09]
not reaching the requested tolerance 1e-09.
Use iteration 51 instead with accuracy 
1.5466677613330873e-09.

  values, vectors = lobpcg(projected_hamiltonian, guess, largest=False,
/home/erosanow_hpc/informed_swapping/BARK.py:156: UserWarning: Exited postprocessing with accuracies 
[1.54666798e-09]
not reaching the requested tolerance 1e-09.
  values, vectors = lobpcg(projected_hamiltonian, guess, largest=False,
/home/erosanow_hpc/informed_swapping/BARK.py:156: UserWarning: Exited at iteration 50 with accuracies 
[2.41334028e-09]
not reaching the requested tolerance 1e-09.
Use iteration 51 instead with accuracy 
2.413340284799302e-09.

  values, vectors = lobpcg(projected_hamiltonian, guess, largest=False,
/home/erosanow_hpc/informed_swapping/BARK.py:156: UserWarning: Exited postprocessing with accuracies 
[2.41334121e-09]
not reaching the requested tolerance 1e-09.
  values, vectors = lobpcg(projected_hamiltonian, guess, largest=False,
/home/erosanow_hpc/informed_swapping/BARK.py:156: UserWarning: Exited at iteration 50 with accuracies 
[1.89423624e-09]
not reaching the requested tolerance 1e-09.
Use iteration 51 instead with accuracy 
1.8942362405564168e-09.

  values, vectors = lobpcg(projected_hamiltonian, guess, largest=False,
/home/erosanow_hpc/informed_swapping/BARK.py:156: UserWarning: Exited postprocessing with accuracies 
[1.89423651e-09]
not reaching the requested tolerance 1e-09.
  values, vectors = lobpcg(projected_hamiltonian, guess, largest=False,
/home/erosanow_hpc/informed_swapping/BARK.py:156: UserWarning: Exited at iteration 50 with accuracies 
[2.33382995e-09]
not reaching the requested tolerance 1e-09.
Use iteration 51 instead with accuracy 
2.333829952287095e-09.

  values, vectors = lobpcg(projected_hamiltonian, guess, largest=False,
/home/erosanow_hpc/informed_swapping/BARK.py:156: UserWarning: Exited postprocessing with accuracies 
[2.33382974e-09]
not reaching the requested tolerance 1e-09.
  values, vectors = lobpcg(projected_hamiltonian, guess, largest=False,
/home/erosanow_hpc/informed_swapping/BARK.py:156: UserWarning: Exited at iteration 50 with accuracies 
[2.56256176e-09]
not reaching the requested tolerance 1e-09.
Use iteration 51 instead with accuracy 
2.5625617618853273e-09.

  values, vectors = lobpcg(projected_hamiltonian, guess, largest=False,
/home/erosanow_hpc/informed_swapping/BARK.py:156: UserWarning: Exited postprocessing with accuracies 
[2.56256157e-09]
not reaching the requested tolerance 1e-09.
  values, vectors = lobpcg(projected_hamiltonian, guess, largest=False,
/home/erosanow_hpc/informed_swapping/BARK.py:156: UserWarning: Exited at iteration 50 with accuracies 
[3.97760678e-09]
not reaching the requested tolerance 1e-09.
Use iteration 51 instead with accuracy 
3.977606783355442e-09.

  values, vectors = lobpcg(projected_hamiltonian, guess, largest=False,
/home/erosanow_hpc/informed_swapping/BARK.py:156: UserWarning: Exited postprocessing with accuracies 
[3.97760596e-09]
not reaching the requested tolerance 1e-09.
  values, vectors = lobpcg(projected_hamiltonian, guess, largest=False,
/home/erosanow_hpc/informed_swapping/BARK.py:156: UserWarning: Exited at iteration 50 with accuracies 
[1.46005117e-09]
not reaching the requested tolerance 1e-09.
Use iteration 51 instead with accuracy 
1.4600511713128086e-09.

  values, vectors = lobpcg(projected_hamiltonian, guess, largest=False,
/home/erosanow_hpc/informed_swapping/BARK.py:156: UserWarning: Exited postprocessing with accuracies 
[1.46005142e-09]
not reaching the requested tolerance 1e-09.
  values, vectors = lobpcg(projected_hamiltonian, guess, largest=False,
/home/erosanow_hpc/informed_swapping/BARK.py:156: UserWarning: Exited at iteration 50 with accuracies 
[2.23799014e-09]
not reaching the requested tolerance 1e-09.
Use iteration 51 instead with accuracy 
2.2379901357327517e-09.

  values, vectors = lobpcg(projected_hamiltonian, guess, largest=False,
/home/erosanow_hpc/informed_swapping/BARK.py:156: UserWarning: Exited postprocessing with accuracies 
[2.23798978e-09]
not reaching the requested tolerance 1e-09.
  values, vectors = lobpcg(projected_hamiltonian, guess, largest=False,
/home/erosanow_hpc/informed_swapping/BARK.py:156: UserWarning: Exited at iteration 50 with accuracies 
[1.49420847e-09]
not reaching the requested tolerance 1e-09.
Use iteration 49 instead with accuracy 
1.3936877024933946e-09.

  values, vectors = lobpcg(projected_hamiltonian, guess, largest=False,
/home/erosanow_hpc/informed_swapping/BARK.py:156: UserWarning: Exited postprocessing with accuracies 
[1.39368752e-09]
not reaching the requested tolerance 1e-09.
  values, vectors = lobpcg(projected_hamiltonian, guess, largest=False,
/home/erosanow_hpc/informed_swapping/BARK.py:156: UserWarning: Exited at iteration 50 with accuracies 
[2.31486718e-09]
not reaching the requested tolerance 1e-09.
Use iteration 49 instead with accuracy 
2.053520081433603e-09.

  values, vectors = lobpcg(projected_hamiltonian, guess, largest=False,
/home/erosanow_hpc/informed_swapping/BARK.py:156: UserWarning: Exited postprocessing with accuracies 
[2.0535196e-09]
not reaching the requested tolerance 1e-09.
  values, vectors = lobpcg(projected_hamiltonian, guess, largest=False,
/home/erosanow_hpc/informed_swapping/BARK.py:156: UserWarning: Exited at iteration 50 with accuracies 
[3.94479602e-09]
not reaching the requested tolerance 1e-09.
Use iteration 48 instead with accuracy 
3.816209261078342e-09.

  values, vectors = lobpcg(projected_hamiltonian, guess, largest=False,
/home/erosanow_hpc/informed_swapping/BARK.py:156: UserWarning: Exited postprocessing with accuracies 
[3.81620928e-09]
not reaching the requested tolerance 1e-09.
  values, vectors = lobpcg(projected_hamiltonian, guess, largest=False,
/home/erosanow_hpc/informed_swapping/BARK.py:156: UserWarning: Exited at iteration 50 with accuracies 
[1.28002412e-09]
not reaching the requested tolerance 1e-09.
Use iteration 51 instead with accuracy 
1.2800241157995668e-09.

  values, vectors = lobpcg(projected_hamiltonian, guess, largest=False,
/home/erosanow_hpc/informed_swapping/BARK.py:156: UserWarning: Exited postprocessing with accuracies 
[1.28002371e-09]
not reaching the requested tolerance 1e-09.
  values, vectors = lobpcg(projected_hamiltonian, guess, largest=False,
/home/erosanow_hpc/informed_swapping/BARK.py:156: UserWarning: Exited at iteration 50 with accuracies 
[1.36199278e-09]
not reaching the requested tolerance 1e-09.
Use iteration 51 instead with accuracy 
1.361992783872846e-09.

  values, vectors = lobpcg(projected_hamiltonian, guess, largest=False,
/home/erosanow_hpc/informed_swapping/BARK.py:156: UserWarning: Exited postprocessing with accuracies 
[1.36199282e-09]
not reaching the requested tolerance 1e-09.
  values, vectors = lobpcg(projected_hamiltonian, guess, largest=False,
/home/erosanow_hpc/informed_swapping/BARK.py:156: UserWarning: Exited at iteration 50 with accuracies 
[1.06668874e-09]
not reaching the requested tolerance 1e-09.
Use iteration 51 instead with accuracy 
1.0666887423942912e-09.

  values, vectors = lobpcg(projected_hamiltonian, guess, largest=False,
/home/erosanow_hpc/informed_swapping/BARK.py:156: UserWarning: Exited postprocessing with accuracies 
[1.06668935e-09]
not reaching the requested tolerance 1e-09.
  values, vectors = lobpcg(projected_hamiltonian, guess, largest=False,
/home/erosanow_hpc/informed_swapping/BARK.py:156: UserWarning: Exited at iteration 50 with accuracies 
[1.51619093e-09]
not reaching the requested tolerance 1e-09.
Use iteration 51 instead with accuracy 
1.5161909270075469e-09.

  values, vectors = lobpcg(projected_hamiltonian, guess, largest=False,
/home/erosanow_hpc/informed_swapping/BARK.py:156: UserWarning: Exited postprocessing with accuracies 
[1.51619039e-09]
not reaching the requested tolerance 1e-09.
  values, vectors = lobpcg(projected_hamiltonian, guess, largest=False,
/home/erosanow_hpc/informed_swapping/BARK.py:156: UserWarning: Exited at iteration 50 with accuracies 
[1.05047472e-09]
not reaching the requested tolerance 1e-09.
Use iteration 51 instead with accuracy 
1.050474717103056e-09.

  values, vectors = lobpcg(projected_hamiltonian, guess, largest=False,
/home/erosanow_hpc/informed_swapping/BARK.py:156: UserWarning: Exited postprocessing with accuracies 
[1.05047501e-09]
not reaching the requested tolerance 1e-09.
  values, vectors = lobpcg(projected_hamiltonian, guess, largest=False,
/home/erosanow_hpc/informed_swapping/BARK.py:156: UserWarning: Exited at iteration 50 with accuracies 
[1.20616162e-09]
not reaching the requested tolerance 1e-09.
Use iteration 51 instead with accuracy 
1.2061616188779157e-09.

  values, vectors = lobpcg(projected_hamiltonian, guess, largest=False,
/home/erosanow_hpc/informed_swapping/BARK.py:156: UserWarning: Exited postprocessing with accuracies 
[1.20616096e-09]
not reaching the requested tolerance 1e-09.
  values, vectors = lobpcg(projected_hamiltonian, guess, largest=False,
/home/erosanow_hpc/informed_swapping/BARK.py:156: UserWarning: Exited at iteration 50 with accuracies 
[1.23967183e-09]
not reaching the requested tolerance 1e-09.
Use iteration 51 instead with accuracy 
1.2396718347672923e-09.

  values, vectors = lobpcg(projected_hamiltonian, guess, largest=False,
/home/erosanow_hpc/informed_swapping/BARK.py:156: UserWarning: Exited postprocessing with accuracies 
[1.23967174e-09]
not reaching the requested tolerance 1e-09.
  values, vectors = lobpcg(projected_hamiltonian, guess, largest=False,
/home/erosanow_hpc/informed_swapping/BARK.py:156: UserWarning: Exited at iteration 50 with accuracies 
[1.29151407e-09]
not reaching the requested tolerance 1e-09.
Use iteration 51 instead with accuracy 
1.2915140708877823e-09.

  values, vectors = lobpcg(projected_hamiltonian, guess, largest=False,
/home/erosanow_hpc/informed_swapping/BARK.py:156: UserWarning: Exited postprocessing with accuracies 
[1.29151392e-09]
not reaching the requested tolerance 1e-09.
  values, vectors = lobpcg(projected_hamiltonian, guess, largest=False,
/home/erosanow_hpc/informed_swapping/BARK.py:156: UserWarning: Exited at iteration 50 with accuracies 
[1.252501e-09]
not reaching the requested tolerance 1e-09.
Use iteration 51 instead with accuracy 
1.2525009957257817e-09.

  values, vectors = lobpcg(projected_hamiltonian, guess, largest=False,
/home/erosanow_hpc/informed_swapping/BARK.py:156: UserWarning: Exited postprocessing with accuracies 
[1.25250135e-09]
not reaching the requested tolerance 1e-09.
  values, vectors = lobpcg(projected_hamiltonian, guess, largest=False,
/home/erosanow_hpc/informed_swapping/BARK.py:156: UserWarning: Exited at iteration 50 with accuracies 
[1.57261867e-09]
not reaching the requested tolerance 1e-09.
Use iteration 51 instead with accuracy 
1.5726186660598016e-09.

  values, vectors = lobpcg(projected_hamiltonian, guess, largest=False,
/home/erosanow_hpc/informed_swapping/BARK.py:156: UserWarning: Exited postprocessing with accuracies 
[1.57261871e-09]
not reaching the requested tolerance 1e-09.
  values, vectors = lobpcg(projected_hamiltonian, guess, largest=False,
/home/erosanow_hpc/informed_swapping/BARK.py:156: UserWarning: Exited at iteration 50 with accuracies 
[2.19108758e-09]
not reaching the requested tolerance 1e-09.
Use iteration 51 instead with accuracy 
2.1910875765094274e-09.

  values, vectors = lobpcg(projected_hamiltonian, guess, largest=False,
/home/erosanow_hpc/informed_swapping/BARK.py:156: UserWarning: Exited postprocessing with accuracies 
[2.19108782e-09]
not reaching the requested tolerance 1e-09.
  values, vectors = lobpcg(projected_hamiltonian, guess, largest=False,
/home/erosanow_hpc/informed_swapping/BARK.py:156: UserWarning: Exited at iteration 50 with accuracies 
[1.01472724e-09]
not reaching the requested tolerance 1e-09.
Use iteration 51 instead with accuracy 
1.014727236921068e-09.

  values, vectors = lobpcg(projected_hamiltonian, guess, largest=False,
/home/erosanow_hpc/informed_swapping/BARK.py:156: UserWarning: Exited postprocessing with accuracies 
[1.01472764e-09]
not reaching the requested tolerance 1e-09.
  values, vectors = lobpcg(projected_hamiltonian, guess, largest=False,
/home/erosanow_hpc/informed_swapping/BARK.py:156: UserWarning: Exited at iteration 50 with accuracies 
[1.14576347e-09]
not reaching the requested tolerance 1e-09.
Use iteration 51 instead with accuracy 
1.1457634707556728e-09.

  values, vectors = lobpcg(projected_hamiltonian, guess, largest=False,
/home/erosanow_hpc/informed_swapping/BARK.py:156: UserWarning: Exited postprocessing with accuracies 
[1.1457642e-09]
not reaching the requested tolerance 1e-09.
  values, vectors = lobpcg(projected_hamiltonian, guess, largest=False,
/home/erosanow_hpc/informed_swapping/BARK.py:156: UserWarning: Exited at iteration 50 with accuracies 
[1.16537929e-09]
not reaching the requested tolerance 1e-09.
Use iteration 51 instead with accuracy 
1.1653792869218681e-09.

  values, vectors = lobpcg(projected_hamiltonian, guess, largest=False,
/home/erosanow_hpc/informed_swapping/BARK.py:156: UserWarning: Exited postprocessing with accuracies 
[1.16537933e-09]
not reaching the requested tolerance 1e-09.
  values, vectors = lobpcg(projected_hamiltonian, guess, largest=False,
/home/erosanow_hpc/informed_swapping/BARK.py:156: UserWarning: Exited at iteration 50 with accuracies 
[1.91699695e-09]
not reaching the requested tolerance 1e-09.
Use iteration 51 instead with accuracy 
1.9169969458947264e-09.

  values, vectors = lobpcg(projected_hamiltonian, guess, largest=False,
/home/erosanow_hpc/informed_swapping/BARK.py:156: UserWarning: Exited postprocessing with accuracies 
[1.91699747e-09]
not reaching the requested tolerance 1e-09.
  values, vectors = lobpcg(projected_hamiltonian, guess, largest=False,
/home/erosanow_hpc/informed_swapping/BARK.py:156: UserWarning: Exited at iteration 50 with accuracies 
[1.50505161e-09]
not reaching the requested tolerance 1e-09.
Use iteration 51 instead with accuracy 
1.5050516056129606e-09.

  values, vectors = lobpcg(projected_hamiltonian, guess, largest=False,
/home/erosanow_hpc/informed_swapping/BARK.py:156: UserWarning: Exited postprocessing with accuracies 
[1.50505163e-09]
not reaching the requested tolerance 1e-09.
  values, vectors = lobpcg(projected_hamiltonian, guess, largest=False,
/home/erosanow_hpc/informed_swapping/BARK.py:156: UserWarning: Exited at iteration 50 with accuracies 
[1.77889449e-09]
not reaching the requested tolerance 1e-09.
Use iteration 51 instead with accuracy 
1.778894488467288e-09.

  values, vectors = lobpcg(projected_hamiltonian, guess, largest=False,
/home/erosanow_hpc/informed_swapping/BARK.py:156: UserWarning: Exited postprocessing with accuracies 
[1.77889468e-09]
not reaching the requested tolerance 1e-09.
  values, vectors = lobpcg(projected_hamiltonian, guess, largest=False,
/home/erosanow_hpc/informed_swapping/BARK.py:156: UserWarning: Exited at iteration 50 with accuracies 
[2.01950225e-09]
not reaching the requested tolerance 1e-09.
Use iteration 51 instead with accuracy 
2.019502247273048e-09.

  values, vectors = lobpcg(projected_hamiltonian, guess, largest=False,
/home/erosanow_hpc/informed_swapping/BARK.py:156: UserWarning: Exited postprocessing with accuracies 
[2.01950265e-09]
not reaching the requested tolerance 1e-09.
  values, vectors = lobpcg(projected_hamiltonian, guess, largest=False,
/home/erosanow_hpc/informed_swapping/BARK.py:156: UserWarning: Exited at iteration 50 with accuracies 
[3.23396818e-09]
not reaching the requested tolerance 1e-09.
Use iteration 51 instead with accuracy 
3.2339681787311834e-09.

  values, vectors = lobpcg(projected_hamiltonian, guess, largest=False,
/home/erosanow_hpc/informed_swapping/BARK.py:156: UserWarning: Exited postprocessing with accuracies 
[3.23396822e-09]
not reaching the requested tolerance 1e-09.
  values, vectors = lobpcg(projected_hamiltonian, guess, largest=False,
/home/erosanow_hpc/informed_swapping/BARK.py:156: UserWarning: Exited at iteration 50 with accuracies 
[1.13068686e-09]
not reaching the requested tolerance 1e-09.
Use iteration 51 instead with accuracy 
1.130686857177849e-09.

  values, vectors = lobpcg(projected_hamiltonian, guess, largest=False,
/home/erosanow_hpc/informed_swapping/BARK.py:156: UserWarning: Exited postprocessing with accuracies 
[1.13068628e-09]
not reaching the requested tolerance 1e-09.
  values, vectors = lobpcg(projected_hamiltonian, guess, largest=False,
/home/erosanow_hpc/informed_swapping/BARK.py:156: UserWarning: Exited at iteration 50 with accuracies 
[1.01312428e-09]
not reaching the requested tolerance 1e-09.
Use iteration 51 instead with accuracy 
1.0131242797877448e-09.

  values, vectors = lobpcg(projected_hamiltonian, guess, largest=False,
/home/erosanow_hpc/informed_swapping/BARK.py:156: UserWarning: Exited postprocessing with accuracies 
[1.01312458e-09]
not reaching the requested tolerance 1e-09.
  values, vectors = lobpcg(projected_hamiltonian, guess, largest=False,
/home/erosanow_hpc/informed_swapping/BARK.py:156: UserWarning: Exited at iteration 50 with accuracies 
[1.13817273e-09]
not reaching the requested tolerance 1e-09.
Use iteration 51 instead with accuracy 
1.1381727276694877e-09.

  values, vectors = lobpcg(projected_hamiltonian, guess, largest=False,
/home/erosanow_hpc/informed_swapping/BARK.py:156: UserWarning: Exited postprocessing with accuracies 
[1.13817247e-09]
not reaching the requested tolerance 1e-09.
  values, vectors = lobpcg(projected_hamiltonian, guess, largest=False,
/home/erosanow_hpc/informed_swapping/BARK.py:156: UserWarning: Exited at iteration 50 with accuracies 
[1.25727351e-09]
not reaching the requested tolerance 1e-09.
Use iteration 51 instead with accuracy 
1.2572735089922505e-09.

  values, vectors = lobpcg(projected_hamiltonian, guess, largest=False,
/home/erosanow_hpc/informed_swapping/BARK.py:156: UserWarning: Exited postprocessing with accuracies 
[1.25727396e-09]
not reaching the requested tolerance 1e-09.
  values, vectors = lobpcg(projected_hamiltonian, guess, largest=False,
/home/erosanow_hpc/informed_swapping/BARK.py:156: UserWarning: Exited at iteration 50 with accuracies 
[1.55044147e-09]
not reaching the requested tolerance 1e-09.
Use iteration 51 instead with accuracy 
1.5504414746358055e-09.

  values, vectors = lobpcg(projected_hamiltonian, guess, largest=False,
/home/erosanow_hpc/informed_swapping/BARK.py:156: UserWarning: Exited postprocessing with accuracies 
[1.55044049e-09]
not reaching the requested tolerance 1e-09.
  values, vectors = lobpcg(projected_hamiltonian, guess, largest=False,
/home/erosanow_hpc/informed_swapping/BARK.py:156: UserWarning: Exited at iteration 50 with accuracies 
[1.01190714e-09]
not reaching the requested tolerance 1e-09.
Use iteration 51 instead with accuracy 
1.0119071412832654e-09.

  values, vectors = lobpcg(projected_hamiltonian, guess, largest=False,
/home/erosanow_hpc/informed_swapping/BARK.py:156: UserWarning: Exited postprocessing with accuracies 
[1.01190741e-09]
not reaching the requested tolerance 1e-09.
  values, vectors = lobpcg(projected_hamiltonian, guess, largest=False,
/home/erosanow_hpc/informed_swapping/BARK.py:156: UserWarning: Exited at iteration 50 with accuracies 
[1.22877551e-09]
not reaching the requested tolerance 1e-09.
Use iteration 51 instead with accuracy 
1.2287755087058143e-09.

  values, vectors = lobpcg(projected_hamiltonian, guess, largest=False,
/home/erosanow_hpc/informed_swapping/BARK.py:156: UserWarning: Exited postprocessing with accuracies 
[1.22877627e-09]
not reaching the requested tolerance 1e-09.
  values, vectors = lobpcg(projected_hamiltonian, guess, largest=False,
/home/erosanow_hpc/informed_swapping/BARK.py:156: UserWarning: Exited at iteration 50 with accuracies 
[1.08403329e-09]
not reaching the requested tolerance 1e-09.
Use iteration 51 instead with accuracy 
1.0840332866217383e-09.

  values, vectors = lobpcg(projected_hamiltonian, guess, largest=False,
/home/erosanow_hpc/informed_swapping/BARK.py:156: UserWarning: Exited postprocessing with accuracies 
[1.08403326e-09]
not reaching the requested tolerance 1e-09.
  values, vectors = lobpcg(projected_hamiltonian, guess, largest=False,
/home/erosanow_hpc/informed_swapping/BARK.py:156: UserWarning: Exited at iteration 50 with accuracies 
[1.18450108e-09]
not reaching the requested tolerance 1e-09.
Use iteration 51 instead with accuracy 
1.1845010832183778e-09.

  values, vectors = lobpcg(projected_hamiltonian, guess, largest=False,
/home/erosanow_hpc/informed_swapping/BARK.py:156: UserWarning: Exited postprocessing with accuracies 
[1.18450124e-09]
not reaching the requested tolerance 1e-09.
  values, vectors = lobpcg(projected_hamiltonian, guess, largest=False,
/home/erosanow_hpc/informed_swapping/BARK.py:156: UserWarning: Exited at iteration 50 with accuracies 
[1.97226187e-09]
not reaching the requested tolerance 1e-09.
Use iteration 51 instead with accuracy 
1.9722618712994526e-09.

  values, vectors = lobpcg(projected_hamiltonian, guess, largest=False,
/home/erosanow_hpc/informed_swapping/BARK.py:156: UserWarning: Exited postprocessing with accuracies 
[1.97226115e-09]
not reaching the requested tolerance 1e-09.
  values, vectors = lobpcg(projected_hamiltonian, guess, largest=False,
/home/erosanow_hpc/informed_swapping/BARK.py:156: UserWarning: Exited at iteration 50 with accuracies 
[1.08222728e-09]
not reaching the requested tolerance 1e-09.
Use iteration 51 instead with accuracy 
1.0822272759694675e-09.

  values, vectors = lobpcg(projected_hamiltonian, guess, largest=False,
/home/erosanow_hpc/informed_swapping/BARK.py:156: UserWarning: Exited postprocessing with accuracies 
[1.08222779e-09]
not reaching the requested tolerance 1e-09.
  values, vectors = lobpcg(projected_hamiltonian, guess, largest=False,
/home/erosanow_hpc/informed_swapping/BARK.py:156: UserWarning: Exited at iteration 50 with accuracies 
[1.19818628e-09]
not reaching the requested tolerance 1e-09.
Use iteration 51 instead with accuracy 
1.198186276763404e-09.

  values, vectors = lobpcg(projected_hamiltonian, guess, largest=False,
/home/erosanow_hpc/informed_swapping/BARK.py:156: UserWarning: Exited postprocessing with accuracies 
[1.19818613e-09]
not reaching the requested tolerance 1e-09.
  values, vectors = lobpcg(projected_hamiltonian, guess, largest=False,
/home/erosanow_hpc/informed_swapping/BARK.py:156: UserWarning: Exited at iteration 50 with accuracies 
[1.39916932e-09]
not reaching the requested tolerance 1e-09.
Use iteration 51 instead with accuracy 
1.3991693234504877e-09.

  values, vectors = lobpcg(projected_hamiltonian, guess, largest=False,
/home/erosanow_hpc/informed_swapping/BARK.py:156: UserWarning: Exited postprocessing with accuracies 
[1.39916894e-09]
not reaching the requested tolerance 1e-09.
  values, vectors = lobpcg(projected_hamiltonian, guess, largest=False,
/home/erosanow_hpc/informed_swapping/BARK.py:156: UserWarning: Exited at iteration 50 with accuracies 
[1.73329312e-09]
not reaching the requested tolerance 1e-09.
Use iteration 51 instead with accuracy 
1.7332931235939554e-09.

  values, vectors = lobpcg(projected_hamiltonian, guess, largest=False,
/home/erosanow_hpc/informed_swapping/BARK.py:156: UserWarning: Exited postprocessing with accuracies 
[1.73329225e-09]
not reaching the requested tolerance 1e-09.
  values, vectors = lobpcg(projected_hamiltonian, guess, largest=False,
/home/erosanow_hpc/informed_swapping/BARK.py:156: UserWarning: Exited at iteration 50 with accuracies 
[2.39408918e-09]
not reaching the requested tolerance 1e-09.
Use iteration 51 instead with accuracy 
2.394089177409786e-09.

  values, vectors = lobpcg(projected_hamiltonian, guess, largest=False,
/home/erosanow_hpc/informed_swapping/BARK.py:156: UserWarning: Exited postprocessing with accuracies 
[2.39408929e-09]
not reaching the requested tolerance 1e-09.
  values, vectors = lobpcg(projected_hamiltonian, guess, largest=False,
/home/erosanow_hpc/informed_swapping/BARK.py:156: UserWarning: Exited at iteration 50 with accuracies 
[1.09471122e-09]
not reaching the requested tolerance 1e-09.
Use iteration 51 instead with accuracy 
1.094711217249576e-09.

  values, vectors = lobpcg(projected_hamiltonian, guess, largest=False,
/home/erosanow_hpc/informed_swapping/BARK.py:156: UserWarning: Exited postprocessing with accuracies 
[1.09471137e-09]
not reaching the requested tolerance 1e-09.
  values, vectors = lobpcg(projected_hamiltonian, guess, largest=False,
/home/erosanow_hpc/informed_swapping/BARK.py:156: UserWarning: Exited at iteration 50 with accuracies 
[1.24346401e-09]
not reaching the requested tolerance 1e-09.
Use iteration 51 instead with accuracy 
1.2434640122377118e-09.

  values, vectors = lobpcg(projected_hamiltonian, guess, largest=False,
/home/erosanow_hpc/informed_swapping/BARK.py:156: UserWarning: Exited postprocessing with accuracies 
[1.24346359e-09]
not reaching the requested tolerance 1e-09.
  values, vectors = lobpcg(projected_hamiltonian, guess, largest=False,
/home/erosanow_hpc/informed_swapping/BARK.py:156: UserWarning: Exited at iteration 50 with accuracies 
[1.33133313e-09]
not reaching the requested tolerance 1e-09.
Use iteration 51 instead with accuracy 
1.3313331305121349e-09.

  values, vectors = lobpcg(projected_hamiltonian, guess, largest=False,
/home/erosanow_hpc/informed_swapping/BARK.py:156: UserWarning: Exited postprocessing with accuracies 
[1.33133239e-09]
not reaching the requested tolerance 1e-09.
  values, vectors = lobpcg(projected_hamiltonian, guess, largest=False,
/home/erosanow_hpc/informed_swapping/BARK.py:156: UserWarning: Exited at iteration 50 with accuracies 
[2.16902572e-09]
not reaching the requested tolerance 1e-09.
Use iteration 51 instead with accuracy 
2.1690257242006778e-09.

  values, vectors = lobpcg(projected_hamiltonian, guess, largest=False,
/home/erosanow_hpc/informed_swapping/BARK.py:156: UserWarning: Exited postprocessing with accuracies 
[2.16902525e-09]
not reaching the requested tolerance 1e-09.
  values, vectors = lobpcg(projected_hamiltonian, guess, largest=False,
/home/erosanow_hpc/informed_swapping/BARK.py:156: UserWarning: Exited at iteration 50 with accuracies 
[1.74739992e-09]
not reaching the requested tolerance 1e-09.
Use iteration 51 instead with accuracy 
1.7473999243739181e-09.

  values, vectors = lobpcg(projected_hamiltonian, guess, largest=False,
/home/erosanow_hpc/informed_swapping/BARK.py:156: UserWarning: Exited postprocessing with accuracies 
[1.74740019e-09]
not reaching the requested tolerance 1e-09.
  values, vectors = lobpcg(projected_hamiltonian, guess, largest=False,
/home/erosanow_hpc/informed_swapping/BARK.py:156: UserWarning: Exited at iteration 50 with accuracies 
[2.09675137e-09]
not reaching the requested tolerance 1e-09.
Use iteration 51 instead with accuracy 
2.0967513650105983e-09.

  values, vectors = lobpcg(projected_hamiltonian, guess, largest=False,
/home/erosanow_hpc/informed_swapping/BARK.py:156: UserWarning: Exited postprocessing with accuracies 
[2.09675175e-09]
not reaching the requested tolerance 1e-09.
  values, vectors = lobpcg(projected_hamiltonian, guess, largest=False,
/home/erosanow_hpc/informed_swapping/BARK.py:156: UserWarning: Exited at iteration 50 with accuracies 
[2.1904412e-09]
not reaching the requested tolerance 1e-09.
Use iteration 51 instead with accuracy 
2.1904412007810567e-09.

  values, vectors = lobpcg(projected_hamiltonian, guess, largest=False,
/home/erosanow_hpc/informed_swapping/BARK.py:156: UserWarning: Exited postprocessing with accuracies 
[2.19044073e-09]
not reaching the requested tolerance 1e-09.
  values, vectors = lobpcg(projected_hamiltonian, guess, largest=False,
/home/erosanow_hpc/informed_swapping/BARK.py:156: UserWarning: Exited at iteration 50 with accuracies 
[3.47306158e-09]
not reaching the requested tolerance 1e-09.
Use iteration 51 instead with accuracy 
3.4730615790647726e-09.

  values, vectors = lobpcg(projected_hamiltonian, guess, largest=False,
/home/erosanow_hpc/informed_swapping/BARK.py:156: UserWarning: Exited postprocessing with accuracies 
[3.47306182e-09]
not reaching the requested tolerance 1e-09.
  values, vectors = lobpcg(projected_hamiltonian, guess, largest=False,
/home/erosanow_hpc/informed_swapping/BARK.py:156: UserWarning: Exited at iteration 50 with accuracies 
[1.04203876e-09]
not reaching the requested tolerance 1e-09.
Use iteration 51 instead with accuracy 
1.0420387564662262e-09.

  values, vectors = lobpcg(projected_hamiltonian, guess, largest=False,
/home/erosanow_hpc/informed_swapping/BARK.py:156: UserWarning: Exited postprocessing with accuracies 
[1.04203858e-09]
not reaching the requested tolerance 1e-09.
  values, vectors = lobpcg(projected_hamiltonian, guess, largest=False,
/home/erosanow_hpc/informed_swapping/BARK.py:156: UserWarning: Exited at iteration 50 with accuracies 
[1.15624553e-09]
not reaching the requested tolerance 1e-09.
Use iteration 51 instead with accuracy 
1.1562455336508565e-09.

  values, vectors = lobpcg(projected_hamiltonian, guess, largest=False,
/home/erosanow_hpc/informed_swapping/BARK.py:156: UserWarning: Exited postprocessing with accuracies 
[1.15624576e-09]
not reaching the requested tolerance 1e-09.
  values, vectors = lobpcg(projected_hamiltonian, guess, largest=False,
/home/erosanow_hpc/informed_swapping/BARK.py:156: UserWarning: Exited at iteration 50 with accuracies 
[1.34871288e-09]
not reaching the requested tolerance 1e-09.
Use iteration 51 instead with accuracy 
1.3487128829279762e-09.

  values, vectors = lobpcg(projected_hamiltonian, guess, largest=False,
/home/erosanow_hpc/informed_swapping/BARK.py:156: UserWarning: Exited postprocessing with accuracies 
[1.34871342e-09]
not reaching the requested tolerance 1e-09.
  values, vectors = lobpcg(projected_hamiltonian, guess, largest=False,
/home/erosanow_hpc/informed_swapping/BARK.py:156: UserWarning: Exited at iteration 50 with accuracies 
[1.06235233e-09]
not reaching the requested tolerance 1e-09.
Use iteration 51 instead with accuracy 
1.0623523320046701e-09.

  values, vectors = lobpcg(projected_hamiltonian, guess, largest=False,
/home/erosanow_hpc/informed_swapping/BARK.py:156: UserWarning: Exited postprocessing with accuracies 
[1.06235147e-09]
not reaching the requested tolerance 1e-09.
  values, vectors = lobpcg(projected_hamiltonian, guess, largest=False,
/home/erosanow_hpc/informed_swapping/BARK.py:156: UserWarning: Exited at iteration 50 with accuracies 
[1.21479138e-09]
not reaching the requested tolerance 1e-09.
Use iteration 51 instead with accuracy 
1.2147913765637067e-09.

  values, vectors = lobpcg(projected_hamiltonian, guess, largest=False,
/home/erosanow_hpc/informed_swapping/BARK.py:156: UserWarning: Exited postprocessing with accuracies 
[1.21479173e-09]
not reaching the requested tolerance 1e-09.
  values, vectors = lobpcg(projected_hamiltonian, guess, largest=False,
/home/erosanow_hpc/informed_swapping/BARK.py:156: UserWarning: Exited at iteration 50 with accuracies 
[1.3277054e-09]
not reaching the requested tolerance 1e-09.
Use iteration 51 instead with accuracy 
1.327705401928769e-09.

  values, vectors = lobpcg(projected_hamiltonian, guess, largest=False,
/home/erosanow_hpc/informed_swapping/BARK.py:156: UserWarning: Exited postprocessing with accuracies 
[1.3277052e-09]
not reaching the requested tolerance 1e-09.
  values, vectors = lobpcg(projected_hamiltonian, guess, largest=False,
/home/erosanow_hpc/informed_swapping/BARK.py:156: UserWarning: Exited at iteration 50 with accuracies 
[2.15546597e-09]
not reaching the requested tolerance 1e-09.
Use iteration 51 instead with accuracy 
2.1554659746227247e-09.

  values, vectors = lobpcg(projected_hamiltonian, guess, largest=False,
/home/erosanow_hpc/informed_swapping/BARK.py:156: UserWarning: Exited postprocessing with accuracies 
[2.15546589e-09]
not reaching the requested tolerance 1e-09.
  values, vectors = lobpcg(projected_hamiltonian, guess, largest=False,
/home/erosanow_hpc/informed_swapping/BARK.py:156: UserWarning: Exited at iteration 50 with accuracies 
[1.1935451e-09]
not reaching the requested tolerance 1e-09.
Use iteration 51 instead with accuracy 
1.1935450981680296e-09.

  values, vectors = lobpcg(projected_hamiltonian, guess, largest=False,
/home/erosanow_hpc/informed_swapping/BARK.py:156: UserWarning: Exited postprocessing with accuracies 
[1.19354514e-09]
not reaching the requested tolerance 1e-09.
  values, vectors = lobpcg(projected_hamiltonian, guess, largest=False,
/home/erosanow_hpc/informed_swapping/BARK.py:156: UserWarning: Exited at iteration 50 with accuracies 
[1.03640603e-09]
not reaching the requested tolerance 1e-09.
Use iteration 51 instead with accuracy 
1.0364060270303598e-09.

  values, vectors = lobpcg(projected_hamiltonian, guess, largest=False,
/home/erosanow_hpc/informed_swapping/BARK.py:156: UserWarning: Exited postprocessing with accuracies 
[1.03640536e-09]
not reaching the requested tolerance 1e-09.
  values, vectors = lobpcg(projected_hamiltonian, guess, largest=False,
/home/erosanow_hpc/informed_swapping/BARK.py:156: UserWarning: Exited at iteration 50 with accuracies 
[1.35123309e-09]
not reaching the requested tolerance 1e-09.
Use iteration 51 instead with accuracy 
1.3512330940284074e-09.

  values, vectors = lobpcg(projected_hamiltonian, guess, largest=False,
/home/erosanow_hpc/informed_swapping/BARK.py:156: UserWarning: Exited postprocessing with accuracies 
[1.35123306e-09]
not reaching the requested tolerance 1e-09.
  values, vectors = lobpcg(projected_hamiltonian, guess, largest=False,
/home/erosanow_hpc/informed_swapping/BARK.py:156: UserWarning: Exited at iteration 50 with accuracies 
[1.05196845e-09]
not reaching the requested tolerance 1e-09.
Use iteration 51 instead with accuracy 
1.0519684501186197e-09.

  values, vectors = lobpcg(projected_hamiltonian, guess, largest=False,
/home/erosanow_hpc/informed_swapping/BARK.py:156: UserWarning: Exited postprocessing with accuracies 
[1.05196821e-09]
not reaching the requested tolerance 1e-09.
  values, vectors = lobpcg(projected_hamiltonian, guess, largest=False,
/home/erosanow_hpc/informed_swapping/BARK.py:156: UserWarning: Exited at iteration 50 with accuracies 
[1.56673658e-09]
not reaching the requested tolerance 1e-09.
Use iteration 51 instead with accuracy 
1.5667365795462097e-09.

  values, vectors = lobpcg(projected_hamiltonian, guess, largest=False,
/home/erosanow_hpc/informed_swapping/BARK.py:156: UserWarning: Exited postprocessing with accuracies 
[1.56673701e-09]
not reaching the requested tolerance 1e-09.
  values, vectors = lobpcg(projected_hamiltonian, guess, largest=False,
/home/erosanow_hpc/informed_swapping/BARK.py:156: UserWarning: Exited at iteration 50 with accuracies 
[1.88880893e-09]
not reaching the requested tolerance 1e-09.
Use iteration 51 instead with accuracy 
1.8888089320692876e-09.

  values, vectors = lobpcg(projected_hamiltonian, guess, largest=False,
/home/erosanow_hpc/informed_swapping/BARK.py:156: UserWarning: Exited postprocessing with accuracies 
[1.88880969e-09]
not reaching the requested tolerance 1e-09.
  values, vectors = lobpcg(projected_hamiltonian, guess, largest=False,
/home/erosanow_hpc/informed_swapping/BARK.py:156: UserWarning: Exited at iteration 50 with accuracies 
[2.5980903e-09]
not reaching the requested tolerance 1e-09.
Use iteration 51 instead with accuracy 
2.5980902960516438e-09.

  values, vectors = lobpcg(projected_hamiltonian, guess, largest=False,
/home/erosanow_hpc/informed_swapping/BARK.py:156: UserWarning: Exited postprocessing with accuracies 
[2.59809054e-09]
not reaching the requested tolerance 1e-09.
  values, vectors = lobpcg(projected_hamiltonian, guess, largest=False,
/home/erosanow_hpc/informed_swapping/BARK.py:156: UserWarning: Exited at iteration 50 with accuracies 
[1.17378867e-09]
not reaching the requested tolerance 1e-09.
Use iteration 51 instead with accuracy 
1.1737886689135785e-09.

  values, vectors = lobpcg(projected_hamiltonian, guess, largest=False,
/home/erosanow_hpc/informed_swapping/BARK.py:156: UserWarning: Exited postprocessing with accuracies 
[1.17378869e-09]
not reaching the requested tolerance 1e-09.
  values, vectors = lobpcg(projected_hamiltonian, guess, largest=False,
/home/erosanow_hpc/informed_swapping/BARK.py:156: UserWarning: Exited at iteration 50 with accuracies 
[1.3648837e-09]
not reaching the requested tolerance 1e-09.
Use iteration 51 instead with accuracy 
1.3648836984420947e-09.

  values, vectors = lobpcg(projected_hamiltonian, guess, largest=False,
/home/erosanow_hpc/informed_swapping/BARK.py:156: UserWarning: Exited postprocessing with accuracies 
[1.36488298e-09]
not reaching the requested tolerance 1e-09.
  values, vectors = lobpcg(projected_hamiltonian, guess, largest=False,
/home/erosanow_hpc/informed_swapping/BARK.py:156: UserWarning: Exited at iteration 50 with accuracies 
[1.46385319e-09]
not reaching the requested tolerance 1e-09.
Use iteration 51 instead with accuracy 
1.4638531916096172e-09.

  values, vectors = lobpcg(projected_hamiltonian, guess, largest=False,
/home/erosanow_hpc/informed_swapping/BARK.py:156: UserWarning: Exited postprocessing with accuracies 
[1.46385266e-09]
not reaching the requested tolerance 1e-09.
  values, vectors = lobpcg(projected_hamiltonian, guess, largest=False,
/home/erosanow_hpc/informed_swapping/BARK.py:156: UserWarning: Exited at iteration 50 with accuracies 
[2.31988437e-09]
not reaching the requested tolerance 1e-09.
Use iteration 51 instead with accuracy 
2.319884369755221e-09.

  values, vectors = lobpcg(projected_hamiltonian, guess, largest=False,
/home/erosanow_hpc/informed_swapping/BARK.py:156: UserWarning: Exited postprocessing with accuracies 
[2.31988407e-09]
not reaching the requested tolerance 1e-09.
  values, vectors = lobpcg(projected_hamiltonian, guess, largest=False,
/home/erosanow_hpc/informed_swapping/BARK.py:156: UserWarning: Exited at iteration 50 with accuracies 
[1.85885284e-09]
not reaching the requested tolerance 1e-09.
Use iteration 51 instead with accuracy 
1.8588528356459145e-09.

  values, vectors = lobpcg(projected_hamiltonian, guess, largest=False,
/home/erosanow_hpc/informed_swapping/BARK.py:156: UserWarning: Exited postprocessing with accuracies 
[1.85885189e-09]
not reaching the requested tolerance 1e-09.
  values, vectors = lobpcg(projected_hamiltonian, guess, largest=False,
/home/erosanow_hpc/informed_swapping/BARK.py:156: UserWarning: Exited at iteration 50 with accuracies 
[2.27201261e-09]
not reaching the requested tolerance 1e-09.
Use iteration 51 instead with accuracy 
2.272012609167981e-09.

  values, vectors = lobpcg(projected_hamiltonian, guess, largest=False,
/home/erosanow_hpc/informed_swapping/BARK.py:156: UserWarning: Exited postprocessing with accuracies 
[2.27201281e-09]
not reaching the requested tolerance 1e-09.
  values, vectors = lobpcg(projected_hamiltonian, guess, largest=False,
/home/erosanow_hpc/informed_swapping/BARK.py:156: UserWarning: Exited at iteration 50 with accuracies 
[2.36793937e-09]
not reaching the requested tolerance 1e-09.
Use iteration 51 instead with accuracy 
2.367939368385569e-09.

  values, vectors = lobpcg(projected_hamiltonian, guess, largest=False,
/home/erosanow_hpc/informed_swapping/BARK.py:156: UserWarning: Exited postprocessing with accuracies 
[2.36793927e-09]
not reaching the requested tolerance 1e-09.
  values, vectors = lobpcg(projected_hamiltonian, guess, largest=False,
/home/erosanow_hpc/informed_swapping/BARK.py:156: UserWarning: Exited at iteration 50 with accuracies 
[3.679828e-09]
not reaching the requested tolerance 1e-09.
Use iteration 51 instead with accuracy 
3.679827995165854e-09.

  values, vectors = lobpcg(projected_hamiltonian, guess, largest=False,
/home/erosanow_hpc/informed_swapping/BARK.py:156: UserWarning: Exited postprocessing with accuracies 
[3.67982742e-09]
not reaching the requested tolerance 1e-09.
  values, vectors = lobpcg(projected_hamiltonian, guess, largest=False,
/home/erosanow_hpc/informed_swapping/BARK.py:156: UserWarning: Exited at iteration 50 with accuracies 
[1.15730451e-09]
not reaching the requested tolerance 1e-09.
Use iteration 51 instead with accuracy 
1.1573045101525906e-09.

  values, vectors = lobpcg(projected_hamiltonian, guess, largest=False,
/home/erosanow_hpc/informed_swapping/BARK.py:156: UserWarning: Exited postprocessing with accuracies 
[1.15730461e-09]
not reaching the requested tolerance 1e-09.
  values, vectors = lobpcg(projected_hamiltonian, guess, largest=False,
/home/erosanow_hpc/informed_swapping/BARK.py:156: UserWarning: Exited at iteration 50 with accuracies 
[1.00780771e-09]
not reaching the requested tolerance 1e-09.
Use iteration 51 instead with accuracy 
1.0078077064364782e-09.

  values, vectors = lobpcg(projected_hamiltonian, guess, largest=False,
/home/erosanow_hpc/informed_swapping/BARK.py:156: UserWarning: Exited postprocessing with accuracies 
[1.00780713e-09]
not reaching the requested tolerance 1e-09.
  values, vectors = lobpcg(projected_hamiltonian, guess, largest=False,
/home/erosanow_hpc/informed_swapping/BARK.py:156: UserWarning: Exited at iteration 50 with accuracies 
[1.29982585e-09]
not reaching the requested tolerance 1e-09.
Use iteration 51 instead with accuracy 
1.2998258473075734e-09.

  values, vectors = lobpcg(projected_hamiltonian, guess, largest=False,
/home/erosanow_hpc/informed_swapping/BARK.py:156: UserWarning: Exited postprocessing with accuracies 
[1.29982598e-09]
not reaching the requested tolerance 1e-09.
  values, vectors = lobpcg(projected_hamiltonian, guess, largest=False,
/home/erosanow_hpc/informed_swapping/BARK.py:156: UserWarning: Exited at iteration 50 with accuracies 
[1.06586119e-09]
not reaching the requested tolerance 1e-09.
Use iteration 51 instead with accuracy 
1.0658611887476798e-09.

  values, vectors = lobpcg(projected_hamiltonian, guess, largest=False,
/home/erosanow_hpc/informed_swapping/BARK.py:156: UserWarning: Exited postprocessing with accuracies 
[1.06586168e-09]
not reaching the requested tolerance 1e-09.
  values, vectors = lobpcg(projected_hamiltonian, guess, largest=False,
/home/erosanow_hpc/informed_swapping/BARK.py:156: UserWarning: Exited at iteration 50 with accuracies 
[1.57480494e-09]
not reaching the requested tolerance 1e-09.
Use iteration 51 instead with accuracy 
1.5748049394886318e-09.

  values, vectors = lobpcg(projected_hamiltonian, guess, largest=False,
/home/erosanow_hpc/informed_swapping/BARK.py:156: UserWarning: Exited postprocessing with accuracies 
[1.57480519e-09]
not reaching the requested tolerance 1e-09.
  values, vectors = lobpcg(projected_hamiltonian, guess, largest=False,
/home/erosanow_hpc/informed_swapping/BARK.py:156: UserWarning: Exited at iteration 50 with accuracies 
[1.87576042e-09]
not reaching the requested tolerance 1e-09.
Use iteration 51 instead with accuracy 
1.875760417308006e-09.

  values, vectors = lobpcg(projected_hamiltonian, guess, largest=False,
/home/erosanow_hpc/informed_swapping/BARK.py:156: UserWarning: Exited postprocessing with accuracies 
[1.87576054e-09]
not reaching the requested tolerance 1e-09.
  values, vectors = lobpcg(projected_hamiltonian, guess, largest=False,
/home/erosanow_hpc/informed_swapping/BARK.py:156: UserWarning: Exited at iteration 50 with accuracies 
[2.56828611e-09]
not reaching the requested tolerance 1e-09.
Use iteration 51 instead with accuracy 
2.5682861117403713e-09.

  values, vectors = lobpcg(projected_hamiltonian, guess, largest=False,
/home/erosanow_hpc/informed_swapping/BARK.py:156: UserWarning: Exited postprocessing with accuracies 
[2.56828586e-09]
not reaching the requested tolerance 1e-09.
  values, vectors = lobpcg(projected_hamiltonian, guess, largest=False,
/home/erosanow_hpc/informed_swapping/BARK.py:156: UserWarning: Exited at iteration 50 with accuracies 
[1.27973753e-09]
not reaching the requested tolerance 1e-09.
Use iteration 51 instead with accuracy 
1.279737525449128e-09.

  values, vectors = lobpcg(projected_hamiltonian, guess, largest=False,
/home/erosanow_hpc/informed_swapping/BARK.py:156: UserWarning: Exited postprocessing with accuracies 
[1.27973689e-09]
not reaching the requested tolerance 1e-09.
  values, vectors = lobpcg(projected_hamiltonian, guess, largest=False,
/home/erosanow_hpc/informed_swapping/BARK.py:156: UserWarning: Exited at iteration 50 with accuracies 
[1.52057883e-09]
not reaching the requested tolerance 1e-09.
Use iteration 51 instead with accuracy 
1.520578831625332e-09.

  values, vectors = lobpcg(projected_hamiltonian, guess, largest=False,
/home/erosanow_hpc/informed_swapping/BARK.py:156: UserWarning: Exited postprocessing with accuracies 
[1.52057865e-09]
not reaching the requested tolerance 1e-09.
  values, vectors = lobpcg(projected_hamiltonian, guess, largest=False,
/home/erosanow_hpc/informed_swapping/BARK.py:156: UserWarning: Exited at iteration 50 with accuracies 
[1.5466674e-09]
not reaching the requested tolerance 1e-09.
Use iteration 51 instead with accuracy 
1.546667396302961e-09.

  values, vectors = lobpcg(projected_hamiltonian, guess, largest=False,
/home/erosanow_hpc/informed_swapping/BARK.py:156: UserWarning: Exited postprocessing with accuracies 
[1.54666755e-09]
not reaching the requested tolerance 1e-09.
  values, vectors = lobpcg(projected_hamiltonian, guess, largest=False,
/home/erosanow_hpc/informed_swapping/BARK.py:156: UserWarning: Exited at iteration 50 with accuracies 
[2.41333968e-09]
not reaching the requested tolerance 1e-09.
Use iteration 51 instead with accuracy 
2.413339677598651e-09.

  values, vectors = lobpcg(projected_hamiltonian, guess, largest=False,
/home/erosanow_hpc/informed_swapping/BARK.py:156: UserWarning: Exited postprocessing with accuracies 
[2.41333975e-09]
not reaching the requested tolerance 1e-09.
  values, vectors = lobpcg(projected_hamiltonian, guess, largest=False,
/home/erosanow_hpc/informed_swapping/BARK.py:156: UserWarning: Exited at iteration 50 with accuracies 
[1.89423631e-09]
not reaching the requested tolerance 1e-09.
Use iteration 51 instead with accuracy 
1.894236312045799e-09.

  values, vectors = lobpcg(projected_hamiltonian, guess, largest=False,
/home/erosanow_hpc/informed_swapping/BARK.py:156: UserWarning: Exited postprocessing with accuracies 
[1.89423694e-09]
not reaching the requested tolerance 1e-09.
  values, vectors = lobpcg(projected_hamiltonian, guess, largest=False,
/home/erosanow_hpc/informed_swapping/BARK.py:156: UserWarning: Exited at iteration 50 with accuracies 
[2.3338316e-09]
not reaching the requested tolerance 1e-09.
Use iteration 51 instead with accuracy 
2.3338316007915635e-09.

  values, vectors = lobpcg(projected_hamiltonian, guess, largest=False,
/home/erosanow_hpc/informed_swapping/BARK.py:156: UserWarning: Exited postprocessing with accuracies 
[2.33383185e-09]
not reaching the requested tolerance 1e-09.
  values, vectors = lobpcg(projected_hamiltonian, guess, largest=False,
/home/erosanow_hpc/informed_swapping/BARK.py:156: UserWarning: Exited at iteration 50 with accuracies 
[2.56256149e-09]
not reaching the requested tolerance 1e-09.
Use iteration 51 instead with accuracy 
2.5625614916692787e-09.

  values, vectors = lobpcg(projected_hamiltonian, guess, largest=False,
/home/erosanow_hpc/informed_swapping/BARK.py:156: UserWarning: Exited postprocessing with accuracies 
[2.5625621e-09]
not reaching the requested tolerance 1e-09.
  values, vectors = lobpcg(projected_hamiltonian, guess, largest=False,
/home/erosanow_hpc/informed_swapping/BARK.py:156: UserWarning: Exited at iteration 50 with accuracies 
[3.97760873e-09]
not reaching the requested tolerance 1e-09.
Use iteration 51 instead with accuracy 
3.977608729533897e-09.

  values, vectors = lobpcg(projected_hamiltonian, guess, largest=False,
/home/erosanow_hpc/informed_swapping/BARK.py:156: UserWarning: Exited postprocessing with accuracies 
[3.97760829e-09]
not reaching the requested tolerance 1e-09.
  values, vectors = lobpcg(projected_hamiltonian, guess, largest=False,
/home/erosanow_hpc/informed_swapping/BARK.py:156: UserWarning: Exited at iteration 50 with accuracies 
[1.46005074e-09]
not reaching the requested tolerance 1e-09.
Use iteration 51 instead with accuracy 
1.460050736960978e-09.

  values, vectors = lobpcg(projected_hamiltonian, guess, largest=False,
/home/erosanow_hpc/informed_swapping/BARK.py:156: UserWarning: Exited postprocessing with accuracies 
[1.4600505e-09]
not reaching the requested tolerance 1e-09.
  values, vectors = lobpcg(projected_hamiltonian, guess, largest=False,
/home/erosanow_hpc/informed_swapping/BARK.py:156: UserWarning: Exited at iteration 50 with accuracies 
[2.23798958e-09]
not reaching the requested tolerance 1e-09.
Use iteration 51 instead with accuracy 
2.2379895767114395e-09.

  values, vectors = lobpcg(projected_hamiltonian, guess, largest=False,
/home/erosanow_hpc/informed_swapping/BARK.py:156: UserWarning: Exited postprocessing with accuracies 
[2.23798929e-09]
not reaching the requested tolerance 1e-09.
  values, vectors = lobpcg(projected_hamiltonian, guess, largest=False,
/home/erosanow_hpc/informed_swapping/BARK.py:156: UserWarning: Exited at iteration 50 with accuracies 
[1.09480899e-09]
not reaching the requested tolerance 1e-09.
Use iteration 49 instead with accuracy 
1.0189460624149688e-09.

  values, vectors = lobpcg(projected_hamiltonian, guess, largest=False,
/home/erosanow_hpc/informed_swapping/BARK.py:156: UserWarning: Exited postprocessing with accuracies 
[1.01894662e-09]
not reaching the requested tolerance 1e-09.
  values, vectors = lobpcg(projected_hamiltonian, guess, largest=False,
/home/erosanow_hpc/informed_swapping/BARK.py:156: UserWarning: Exited at iteration 50 with accuracies 
[1.67287513e-09]
not reaching the requested tolerance 1e-09.
Use iteration 49 instead with accuracy 
1.460614359572248e-09.

  values, vectors = lobpcg(projected_hamiltonian, guess, largest=False,
/home/erosanow_hpc/informed_swapping/BARK.py:156: UserWarning: Exited postprocessing with accuracies 
[1.46061424e-09]
not reaching the requested tolerance 1e-09.
  values, vectors = lobpcg(projected_hamiltonian, guess, largest=False,
/home/erosanow_hpc/informed_swapping/BARK.py:156: UserWarning: Exited at iteration 50 with accuracies 
[2.88944767e-09]
not reaching the requested tolerance 1e-09.
Use iteration 49 instead with accuracy 
2.6723303640786526e-09.

  values, vectors = lobpcg(projected_hamiltonian, guess, largest=False,
/home/erosanow_hpc/informed_swapping/BARK.py:156: UserWarning: Exited postprocessing with accuracies 
[2.67233074e-09]
not reaching the requested tolerance 1e-09.
  values, vectors = lobpcg(projected_hamiltonian, guess, largest=False,
/home/erosanow_hpc/informed_swapping/BARK.py:156: UserWarning: Exited at iteration 50 with accuracies 
[1.30923032e-09]
not reaching the requested tolerance 1e-09.
Use iteration 51 instead with accuracy 
1.3092303226636084e-09.

  values, vectors = lobpcg(projected_hamiltonian, guess, largest=False,
/home/erosanow_hpc/informed_swapping/BARK.py:156: UserWarning: Exited postprocessing with accuracies 
[1.30923004e-09]
not reaching the requested tolerance 1e-09.
  values, vectors = lobpcg(projected_hamiltonian, guess, largest=False,
/home/erosanow_hpc/informed_swapping/BARK.py:156: UserWarning: Exited at iteration 50 with accuracies 
[1.0431456e-09]
not reaching the requested tolerance 1e-09.
Use iteration 51 instead with accuracy 
1.04314560042966e-09.

  values, vectors = lobpcg(projected_hamiltonian, guess, largest=False,
/home/erosanow_hpc/informed_swapping/BARK.py:156: UserWarning: Exited postprocessing with accuracies 
[1.04314536e-09]
not reaching the requested tolerance 1e-09.
  values, vectors = lobpcg(projected_hamiltonian, guess, largest=False,
/home/erosanow_hpc/informed_swapping/BARK.py:156: UserWarning: Exited at iteration 50 with accuracies 
[1.37720893e-09]
not reaching the requested tolerance 1e-09.
Use iteration 51 instead with accuracy 
1.3772089327678611e-09.

  values, vectors = lobpcg(projected_hamiltonian, guess, largest=False,
/home/erosanow_hpc/informed_swapping/BARK.py:156: UserWarning: Exited postprocessing with accuracies 
[1.37720896e-09]
not reaching the requested tolerance 1e-09.
  values, vectors = lobpcg(projected_hamiltonian, guess, largest=False,
/home/erosanow_hpc/informed_swapping/BARK.py:156: UserWarning: Exited at iteration 50 with accuracies 
[1.13018683e-09]
not reaching the requested tolerance 1e-09.
Use iteration 51 instead with accuracy 
1.1301868267407512e-09.

  values, vectors = lobpcg(projected_hamiltonian, guess, largest=False,
/home/erosanow_hpc/informed_swapping/BARK.py:156: UserWarning: Exited postprocessing with accuracies 
[1.13018654e-09]
not reaching the requested tolerance 1e-09.
  values, vectors = lobpcg(projected_hamiltonian, guess, largest=False,
/home/erosanow_hpc/informed_swapping/BARK.py:156: UserWarning: Exited at iteration 50 with accuracies 
[1.16900986e-09]
not reaching the requested tolerance 1e-09.
Use iteration 51 instead with accuracy 
1.1690098620452773e-09.

  values, vectors = lobpcg(projected_hamiltonian, guess, largest=False,
/home/erosanow_hpc/informed_swapping/BARK.py:156: UserWarning: Exited postprocessing with accuracies 
[1.16901002e-09]
not reaching the requested tolerance 1e-09.
  values, vectors = lobpcg(projected_hamiltonian, guess, largest=False,
/home/erosanow_hpc/informed_swapping/BARK.py:156: UserWarning: Exited at iteration 50 with accuracies 
[1.21435939e-09]
not reaching the requested tolerance 1e-09.
Use iteration 51 instead with accuracy 
1.2143593890474466e-09.

  values, vectors = lobpcg(projected_hamiltonian, guess, largest=False,
/home/erosanow_hpc/informed_swapping/BARK.py:156: UserWarning: Exited postprocessing with accuracies 
[1.21435894e-09]
not reaching the requested tolerance 1e-09.
  values, vectors = lobpcg(projected_hamiltonian, guess, largest=False,
/home/erosanow_hpc/informed_swapping/BARK.py:156: UserWarning: Exited at iteration 50 with accuracies 
[1.18407607e-09]
not reaching the requested tolerance 1e-09.
Use iteration 51 instead with accuracy 
1.1840760699764692e-09.

  values, vectors = lobpcg(projected_hamiltonian, guess, largest=False,
/home/erosanow_hpc/informed_swapping/BARK.py:156: UserWarning: Exited postprocessing with accuracies 
[1.18407598e-09]
not reaching the requested tolerance 1e-09.
  values, vectors = lobpcg(projected_hamiltonian, guess, largest=False,
/home/erosanow_hpc/informed_swapping/BARK.py:156: UserWarning: Exited at iteration 50 with accuracies 
[1.59877763e-09]
not reaching the requested tolerance 1e-09.
Use iteration 51 instead with accuracy 
1.5987776283107306e-09.

  values, vectors = lobpcg(projected_hamiltonian, guess, largest=False,
/home/erosanow_hpc/informed_swapping/BARK.py:156: UserWarning: Exited postprocessing with accuracies 
[1.59877758e-09]
not reaching the requested tolerance 1e-09.
  values, vectors = lobpcg(projected_hamiltonian, guess, largest=False,
/home/erosanow_hpc/informed_swapping/BARK.py:156: UserWarning: Exited at iteration 50 with accuracies 
[1.35937297e-09]
not reaching the requested tolerance 1e-09.
Use iteration 51 instead with accuracy 
1.3593729664781793e-09.

  values, vectors = lobpcg(projected_hamiltonian, guess, largest=False,
/home/erosanow_hpc/informed_swapping/BARK.py:156: UserWarning: Exited postprocessing with accuracies 
[1.35937337e-09]
not reaching the requested tolerance 1e-09.
  values, vectors = lobpcg(projected_hamiltonian, guess, largest=False,
/home/erosanow_hpc/informed_swapping/BARK.py:156: UserWarning: Exited at iteration 50 with accuracies 
[1.67480548e-09]
not reaching the requested tolerance 1e-09.
Use iteration 51 instead with accuracy 
1.6748054832813821e-09.

  values, vectors = lobpcg(projected_hamiltonian, guess, largest=False,
/home/erosanow_hpc/informed_swapping/BARK.py:156: UserWarning: Exited postprocessing with accuracies 
[1.67480621e-09]
not reaching the requested tolerance 1e-09.
  values, vectors = lobpcg(projected_hamiltonian, guess, largest=False,
/home/erosanow_hpc/informed_swapping/BARK.py:156: UserWarning: Exited at iteration 50 with accuracies 
[1.14051717e-09]
not reaching the requested tolerance 1e-09.
Use iteration 51 instead with accuracy 
1.140517172888287e-09.

  values, vectors = lobpcg(projected_hamiltonian, guess, largest=False,
/home/erosanow_hpc/informed_swapping/BARK.py:156: UserWarning: Exited postprocessing with accuracies 
[1.14051725e-09]
not reaching the requested tolerance 1e-09.
  values, vectors = lobpcg(projected_hamiltonian, guess, largest=False,
/home/erosanow_hpc/informed_swapping/BARK.py:156: UserWarning: Exited at iteration 50 with accuracies 
[1.3074337e-09]
not reaching the requested tolerance 1e-09.
Use iteration 51 instead with accuracy 
1.3074336978427395e-09.

  values, vectors = lobpcg(projected_hamiltonian, guess, largest=False,
/home/erosanow_hpc/informed_swapping/BARK.py:156: UserWarning: Exited postprocessing with accuracies 
[1.30743365e-09]
not reaching the requested tolerance 1e-09.
  values, vectors = lobpcg(projected_hamiltonian, guess, largest=False,
/home/erosanow_hpc/informed_swapping/BARK.py:156: UserWarning: Exited at iteration 50 with accuracies 
[1.33818384e-09]
not reaching the requested tolerance 1e-09.
Use iteration 51 instead with accuracy 
1.3381838356066072e-09.

  values, vectors = lobpcg(projected_hamiltonian, guess, largest=False,
/home/erosanow_hpc/informed_swapping/BARK.py:156: UserWarning: Exited postprocessing with accuracies 
[1.33818392e-09]
not reaching the requested tolerance 1e-09.
  values, vectors = lobpcg(projected_hamiltonian, guess, largest=False,
/home/erosanow_hpc/informed_swapping/BARK.py:156: UserWarning: Exited at iteration 50 with accuracies 
[2.18725513e-09]
not reaching the requested tolerance 1e-09.
Use iteration 51 instead with accuracy 
2.1872551264198008e-09.

  values, vectors = lobpcg(projected_hamiltonian, guess, largest=False,
/home/erosanow_hpc/informed_swapping/BARK.py:156: UserWarning: Exited postprocessing with accuracies 
[2.18725518e-09]
not reaching the requested tolerance 1e-09.
  values, vectors = lobpcg(projected_hamiltonian, guess, largest=False,
/home/erosanow_hpc/informed_swapping/BARK.py:156: UserWarning: Exited at iteration 50 with accuracies 
[1.59886923e-09]
not reaching the requested tolerance 1e-09.
Use iteration 51 instead with accuracy 
1.5988692343104071e-09.

  values, vectors = lobpcg(projected_hamiltonian, guess, largest=False,
/home/erosanow_hpc/informed_swapping/BARK.py:156: UserWarning: Exited postprocessing with accuracies 
[1.59886891e-09]
not reaching the requested tolerance 1e-09.
  values, vectors = lobpcg(projected_hamiltonian, guess, largest=False,
/home/erosanow_hpc/informed_swapping/BARK.py:156: UserWarning: Exited at iteration 50 with accuracies 
[1.91307732e-09]
not reaching the requested tolerance 1e-09.
Use iteration 51 instead with accuracy 
1.9130773228362533e-09.

  values, vectors = lobpcg(projected_hamiltonian, guess, largest=False,
/home/erosanow_hpc/informed_swapping/BARK.py:156: UserWarning: Exited postprocessing with accuracies 
[1.91307788e-09]
not reaching the requested tolerance 1e-09.
  values, vectors = lobpcg(projected_hamiltonian, guess, largest=False,
/home/erosanow_hpc/informed_swapping/BARK.py:156: UserWarning: Exited at iteration 50 with accuracies 
[2.13378858e-09]
not reaching the requested tolerance 1e-09.
Use iteration 51 instead with accuracy 
2.133788579938666e-09.

  values, vectors = lobpcg(projected_hamiltonian, guess, largest=False,
/home/erosanow_hpc/informed_swapping/BARK.py:156: UserWarning: Exited postprocessing with accuracies 
[2.13378813e-09]
not reaching the requested tolerance 1e-09.
  values, vectors = lobpcg(projected_hamiltonian, guess, largest=False,
/home/erosanow_hpc/informed_swapping/BARK.py:156: UserWarning: Exited at iteration 50 with accuracies 
[3.40587926e-09]
not reaching the requested tolerance 1e-09.
Use iteration 51 instead with accuracy 
3.4058792641941753e-09.

  values, vectors = lobpcg(projected_hamiltonian, guess, largest=False,
/home/erosanow_hpc/informed_swapping/BARK.py:156: UserWarning: Exited postprocessing with accuracies 
[3.40587921e-09]
not reaching the requested tolerance 1e-09.
  values, vectors = lobpcg(projected_hamiltonian, guess, largest=False,
/home/erosanow_hpc/informed_swapping/BARK.py:156: UserWarning: Exited at iteration 50 with accuracies 
[1.03796218e-09]
not reaching the requested tolerance 1e-09.
Use iteration 51 instead with accuracy 
1.0379621772148469e-09.

  values, vectors = lobpcg(projected_hamiltonian, guess, largest=False,
/home/erosanow_hpc/informed_swapping/BARK.py:156: UserWarning: Exited postprocessing with accuracies 
[1.03796163e-09]
not reaching the requested tolerance 1e-09.
  values, vectors = lobpcg(projected_hamiltonian, guess, largest=False,
/home/erosanow_hpc/informed_swapping/BARK.py:156: UserWarning: Exited at iteration 50 with accuracies 
[1.18238699e-09]
not reaching the requested tolerance 1e-09.
Use iteration 51 instead with accuracy 
1.1823869943719758e-09.

  values, vectors = lobpcg(projected_hamiltonian, guess, largest=False,
/home/erosanow_hpc/informed_swapping/BARK.py:156: UserWarning: Exited postprocessing with accuracies 
[1.18238614e-09]
not reaching the requested tolerance 1e-09.
  values, vectors = lobpcg(projected_hamiltonian, guess, largest=False,
/home/erosanow_hpc/informed_swapping/BARK.py:156: UserWarning: Exited at iteration 50 with accuracies 
[1.20307202e-09]
not reaching the requested tolerance 1e-09.
Use iteration 51 instead with accuracy 
1.2030720224999739e-09.

  values, vectors = lobpcg(projected_hamiltonian, guess, largest=False,
/home/erosanow_hpc/informed_swapping/BARK.py:156: UserWarning: Exited postprocessing with accuracies 
[1.20307206e-09]
not reaching the requested tolerance 1e-09.
  values, vectors = lobpcg(projected_hamiltonian, guess, largest=False,
/home/erosanow_hpc/informed_swapping/BARK.py:156: UserWarning: Exited at iteration 50 with accuracies 
[1.06837688e-09]
not reaching the requested tolerance 1e-09.
Use iteration 51 instead with accuracy 
1.0683768795626245e-09.

  values, vectors = lobpcg(projected_hamiltonian, guess, largest=False,
/home/erosanow_hpc/informed_swapping/BARK.py:156: UserWarning: Exited postprocessing with accuracies 
[1.06837704e-09]
not reaching the requested tolerance 1e-09.
  values, vectors = lobpcg(projected_hamiltonian, guess, largest=False,
/home/erosanow_hpc/informed_swapping/BARK.py:156: UserWarning: Exited at iteration 50 with accuracies 
[1.08868944e-09]
not reaching the requested tolerance 1e-09.
Use iteration 51 instead with accuracy 
1.088689441323599e-09.

  values, vectors = lobpcg(projected_hamiltonian, guess, largest=False,
/home/erosanow_hpc/informed_swapping/BARK.py:156: UserWarning: Exited postprocessing with accuracies 
[1.08868983e-09]
not reaching the requested tolerance 1e-09.
  values, vectors = lobpcg(projected_hamiltonian, guess, largest=False,
/home/erosanow_hpc/informed_swapping/BARK.py:156: UserWarning: Exited at iteration 50 with accuracies 
[1.53790783e-09]
not reaching the requested tolerance 1e-09.
Use iteration 51 instead with accuracy 
1.5379078335865095e-09.

  values, vectors = lobpcg(projected_hamiltonian, guess, largest=False,
/home/erosanow_hpc/informed_swapping/BARK.py:156: UserWarning: Exited postprocessing with accuracies 
[1.53790767e-09]
not reaching the requested tolerance 1e-09.
  values, vectors = lobpcg(projected_hamiltonian, guess, largest=False,
/home/erosanow_hpc/informed_swapping/BARK.py:156: UserWarning: Exited at iteration 50 with accuracies 
[1.11589275e-09]
not reaching the requested tolerance 1e-09.
Use iteration 51 instead with accuracy 
1.1158927503632055e-09.

  values, vectors = lobpcg(projected_hamiltonian, guess, largest=False,
/home/erosanow_hpc/informed_swapping/BARK.py:156: UserWarning: Exited postprocessing with accuracies 
[1.11589236e-09]
not reaching the requested tolerance 1e-09.
  values, vectors = lobpcg(projected_hamiltonian, guess, largest=False,
/home/erosanow_hpc/informed_swapping/BARK.py:156: UserWarning: Exited at iteration 50 with accuracies 
[1.29499329e-09]
not reaching the requested tolerance 1e-09.
Use iteration 51 instead with accuracy 
1.2949932863577443e-09.

  values, vectors = lobpcg(projected_hamiltonian, guess, largest=False,
/home/erosanow_hpc/informed_swapping/BARK.py:156: UserWarning: Exited postprocessing with accuracies 
[1.29499348e-09]
not reaching the requested tolerance 1e-09.
  values, vectors = lobpcg(projected_hamiltonian, guess, largest=False,
/home/erosanow_hpc/informed_swapping/BARK.py:156: UserWarning: Exited at iteration 50 with accuracies 
[1.05153323e-09]
not reaching the requested tolerance 1e-09.
Use iteration 51 instead with accuracy 
1.051533233352666e-09.

  values, vectors = lobpcg(projected_hamiltonian, guess, largest=False,
/home/erosanow_hpc/informed_swapping/BARK.py:156: UserWarning: Exited postprocessing with accuracies 
[1.05153335e-09]
not reaching the requested tolerance 1e-09.
  values, vectors = lobpcg(projected_hamiltonian, guess, largest=False,
/home/erosanow_hpc/informed_swapping/BARK.py:156: UserWarning: Exited at iteration 50 with accuracies 
[1.17842052e-09]
not reaching the requested tolerance 1e-09.
Use iteration 51 instead with accuracy 
1.1784205182254017e-09.

  values, vectors = lobpcg(projected_hamiltonian, guess, largest=False,
/home/erosanow_hpc/informed_swapping/BARK.py:156: UserWarning: Exited postprocessing with accuracies 
[1.17842028e-09]
not reaching the requested tolerance 1e-09.
  values, vectors = lobpcg(projected_hamiltonian, guess, largest=False,
/home/erosanow_hpc/informed_swapping/BARK.py:156: UserWarning: Exited at iteration 50 with accuracies 
[1.1617449e-09]
not reaching the requested tolerance 1e-09.
Use iteration 51 instead with accuracy 
1.1617448991376035e-09.

  values, vectors = lobpcg(projected_hamiltonian, guess, largest=False,
/home/erosanow_hpc/informed_swapping/BARK.py:156: UserWarning: Exited postprocessing with accuracies 
[1.16174493e-09]
not reaching the requested tolerance 1e-09.
  values, vectors = lobpcg(projected_hamiltonian, guess, largest=False,
/home/erosanow_hpc/informed_swapping/BARK.py:156: UserWarning: Exited at iteration 50 with accuracies 
[1.91401528e-09]
not reaching the requested tolerance 1e-09.
Use iteration 51 instead with accuracy 
1.9140152770272734e-09.

  values, vectors = lobpcg(projected_hamiltonian, guess, largest=False,
/home/erosanow_hpc/informed_swapping/BARK.py:156: UserWarning: Exited postprocessing with accuracies 
[1.91401595e-09]
not reaching the requested tolerance 1e-09.
  values, vectors = lobpcg(projected_hamiltonian, guess, largest=False,
/home/erosanow_hpc/informed_swapping/BARK.py:156: UserWarning: Exited at iteration 50 with accuracies 
[1.14945234e-09]
not reaching the requested tolerance 1e-09.
Use iteration 51 instead with accuracy 
1.1494523444254637e-09.

  values, vectors = lobpcg(projected_hamiltonian, guess, largest=False,
/home/erosanow_hpc/informed_swapping/BARK.py:156: UserWarning: Exited postprocessing with accuracies 
[1.14945255e-09]
not reaching the requested tolerance 1e-09.
  values, vectors = lobpcg(projected_hamiltonian, guess, largest=False,
/home/erosanow_hpc/informed_swapping/BARK.py:156: UserWarning: Exited at iteration 50 with accuracies 
[1.42978009e-09]
not reaching the requested tolerance 1e-09.
Use iteration 51 instead with accuracy 
1.429780090114241e-09.

  values, vectors = lobpcg(projected_hamiltonian, guess, largest=False,
/home/erosanow_hpc/informed_swapping/BARK.py:156: UserWarning: Exited postprocessing with accuracies 
[1.42978043e-09]
not reaching the requested tolerance 1e-09.
  values, vectors = lobpcg(projected_hamiltonian, guess, largest=False,
/home/erosanow_hpc/informed_swapping/BARK.py:156: UserWarning: Exited at iteration 50 with accuracies 
[1.9950013e-09]
not reaching the requested tolerance 1e-09.
Use iteration 51 instead with accuracy 
1.995001298942348e-09.

  values, vectors = lobpcg(projected_hamiltonian, guess, largest=False,
/home/erosanow_hpc/informed_swapping/BARK.py:156: UserWarning: Exited postprocessing with accuracies 
[1.99500128e-09]
not reaching the requested tolerance 1e-09.
  values, vectors = lobpcg(projected_hamiltonian, guess, largest=False,
/home/erosanow_hpc/informed_swapping/BARK.py:156: UserWarning: Exited at iteration 50 with accuracies 
[1.05146408e-09]
not reaching the requested tolerance 1e-09.
Use iteration 51 instead with accuracy 
1.0514640790280692e-09.

  values, vectors = lobpcg(projected_hamiltonian, guess, largest=False,
/home/erosanow_hpc/informed_swapping/BARK.py:156: UserWarning: Exited postprocessing with accuracies 
[1.05146397e-09]
not reaching the requested tolerance 1e-09.
  values, vectors = lobpcg(projected_hamiltonian, guess, largest=False,
/home/erosanow_hpc/informed_swapping/BARK.py:156: UserWarning: Exited at iteration 50 with accuracies 
[1.18454725e-09]
not reaching the requested tolerance 1e-09.
Use iteration 51 instead with accuracy 
1.1845472471845015e-09.

  values, vectors = lobpcg(projected_hamiltonian, guess, largest=False,
/home/erosanow_hpc/informed_swapping/BARK.py:156: UserWarning: Exited postprocessing with accuracies 
[1.18454717e-09]
not reaching the requested tolerance 1e-09.
  values, vectors = lobpcg(projected_hamiltonian, guess, largest=False,
/home/erosanow_hpc/informed_swapping/BARK.py:156: UserWarning: Exited at iteration 50 with accuracies 
[1.29528556e-09]
not reaching the requested tolerance 1e-09.
Use iteration 51 instead with accuracy 
1.2952855642200607e-09.

  values, vectors = lobpcg(projected_hamiltonian, guess, largest=False,
/home/erosanow_hpc/informed_swapping/BARK.py:156: UserWarning: Exited postprocessing with accuracies 
[1.2952854e-09]
not reaching the requested tolerance 1e-09.
  values, vectors = lobpcg(projected_hamiltonian, guess, largest=False,
/home/erosanow_hpc/informed_swapping/BARK.py:156: UserWarning: Exited at iteration 50 with accuracies 
[2.11247341e-09]
not reaching the requested tolerance 1e-09.
Use iteration 51 instead with accuracy 
2.112473413134407e-09.

  values, vectors = lobpcg(projected_hamiltonian, guess, largest=False,
/home/erosanow_hpc/informed_swapping/BARK.py:156: UserWarning: Exited postprocessing with accuracies 
[2.112473e-09]
not reaching the requested tolerance 1e-09.
  values, vectors = lobpcg(projected_hamiltonian, guess, largest=False,
/home/erosanow_hpc/informed_swapping/BARK.py:156: UserWarning: Exited at iteration 50 with accuracies 
[1.70641557e-09]
not reaching the requested tolerance 1e-09.
Use iteration 51 instead with accuracy 
1.7064155675158818e-09.

  values, vectors = lobpcg(projected_hamiltonian, guess, largest=False,
/home/erosanow_hpc/informed_swapping/BARK.py:156: UserWarning: Exited postprocessing with accuracies 
[1.70641544e-09]
not reaching the requested tolerance 1e-09.
  values, vectors = lobpcg(projected_hamiltonian, guess, largest=False,
/home/erosanow_hpc/informed_swapping/BARK.py:156: UserWarning: Exited at iteration 50 with accuracies 
[2.03708992e-09]
not reaching the requested tolerance 1e-09.
Use iteration 51 instead with accuracy 
2.037089922074227e-09.

  values, vectors = lobpcg(projected_hamiltonian, guess, largest=False,
/home/erosanow_hpc/informed_swapping/BARK.py:156: UserWarning: Exited postprocessing with accuracies 
[2.03709004e-09]
not reaching the requested tolerance 1e-09.
  values, vectors = lobpcg(projected_hamiltonian, guess, largest=False,
/home/erosanow_hpc/informed_swapping/BARK.py:156: UserWarning: Exited at iteration 50 with accuracies 
[2.10861493e-09]
not reaching the requested tolerance 1e-09.
Use iteration 51 instead with accuracy 
2.108614927579989e-09.

  values, vectors = lobpcg(projected_hamiltonian, guess, largest=False,
/home/erosanow_hpc/informed_swapping/BARK.py:156: UserWarning: Exited postprocessing with accuracies 
[2.10861542e-09]
not reaching the requested tolerance 1e-09.
  values, vectors = lobpcg(projected_hamiltonian, guess, largest=False,
/home/erosanow_hpc/informed_swapping/BARK.py:156: UserWarning: Exited at iteration 50 with accuracies 
[3.34515155e-09]
not reaching the requested tolerance 1e-09.
Use iteration 51 instead with accuracy 
3.345151550140569e-09.

  values, vectors = lobpcg(projected_hamiltonian, guess, largest=False,
/home/erosanow_hpc/informed_swapping/BARK.py:156: UserWarning: Exited postprocessing with accuracies 
[3.34515199e-09]
not reaching the requested tolerance 1e-09.
  values, vectors = lobpcg(projected_hamiltonian, guess, largest=False,
/home/erosanow_hpc/informed_swapping/BARK.py:156: UserWarning: Exited at iteration 50 with accuracies 
[1.04928859e-09]
not reaching the requested tolerance 1e-09.
Use iteration 51 instead with accuracy 
1.0492885873621547e-09.

  values, vectors = lobpcg(projected_hamiltonian, guess, largest=False,
/home/erosanow_hpc/informed_swapping/BARK.py:156: UserWarning: Exited postprocessing with accuracies 
[1.04928793e-09]
not reaching the requested tolerance 1e-09.
  values, vectors = lobpcg(projected_hamiltonian, guess, largest=False,
/home/erosanow_hpc/informed_swapping/BARK.py:156: UserWarning: Exited at iteration 50 with accuracies 
[1.24048978e-09]
not reaching the requested tolerance 1e-09.
Use iteration 51 instead with accuracy 
1.2404897751659689e-09.

  values, vectors = lobpcg(projected_hamiltonian, guess, largest=False,
/home/erosanow_hpc/informed_swapping/BARK.py:156: UserWarning: Exited postprocessing with accuracies 
[1.24049012e-09]
not reaching the requested tolerance 1e-09.
  values, vectors = lobpcg(projected_hamiltonian, guess, largest=False,
/home/erosanow_hpc/informed_swapping/BARK.py:156: UserWarning: Exited at iteration 50 with accuracies 
[1.09694435e-09]
not reaching the requested tolerance 1e-09.
Use iteration 51 instead with accuracy 
1.0969443508387205e-09.

  values, vectors = lobpcg(projected_hamiltonian, guess, largest=False,
/home/erosanow_hpc/informed_swapping/BARK.py:156: UserWarning: Exited postprocessing with accuracies 
[1.09694447e-09]
not reaching the requested tolerance 1e-09.
  values, vectors = lobpcg(projected_hamiltonian, guess, largest=False,
/home/erosanow_hpc/informed_swapping/BARK.py:156: UserWarning: Exited at iteration 50 with accuracies 
[1.19419268e-09]
not reaching the requested tolerance 1e-09.
Use iteration 51 instead with accuracy 
1.1941926768813814e-09.

  values, vectors = lobpcg(projected_hamiltonian, guess, largest=False,
/home/erosanow_hpc/informed_swapping/BARK.py:156: UserWarning: Exited postprocessing with accuracies 
[1.19419244e-09]
not reaching the requested tolerance 1e-09.
  values, vectors = lobpcg(projected_hamiltonian, guess, largest=False,
/home/erosanow_hpc/informed_swapping/BARK.py:156: UserWarning: Exited at iteration 50 with accuracies 
[1.95071347e-09]
not reaching the requested tolerance 1e-09.
Use iteration 51 instead with accuracy 
1.9507134664462507e-09.

  values, vectors = lobpcg(projected_hamiltonian, guess, largest=False,
/home/erosanow_hpc/informed_swapping/BARK.py:156: UserWarning: Exited postprocessing with accuracies 
[1.95071338e-09]
not reaching the requested tolerance 1e-09.
  values, vectors = lobpcg(projected_hamiltonian, guess, largest=False,
/home/erosanow_hpc/informed_swapping/BARK.py:156: UserWarning: Exited at iteration 50 with accuracies 
[1.07362353e-09]
not reaching the requested tolerance 1e-09.
Use iteration 51 instead with accuracy 
1.0736235329783546e-09.

  values, vectors = lobpcg(projected_hamiltonian, guess, largest=False,
/home/erosanow_hpc/informed_swapping/BARK.py:156: UserWarning: Exited postprocessing with accuracies 
[1.07362284e-09]
not reaching the requested tolerance 1e-09.
  values, vectors = lobpcg(projected_hamiltonian, guess, largest=False,
/home/erosanow_hpc/informed_swapping/BARK.py:156: UserWarning: Exited at iteration 50 with accuracies 
[1.18722772e-09]
not reaching the requested tolerance 1e-09.
Use iteration 51 instead with accuracy 
1.1872277165440551e-09.

  values, vectors = lobpcg(projected_hamiltonian, guess, largest=False,
/home/erosanow_hpc/informed_swapping/BARK.py:156: UserWarning: Exited postprocessing with accuracies 
[1.18722793e-09]
not reaching the requested tolerance 1e-09.
  values, vectors = lobpcg(projected_hamiltonian, guess, largest=False,
/home/erosanow_hpc/informed_swapping/BARK.py:156: UserWarning: Exited at iteration 50 with accuracies 
[1.3721072e-09]
not reaching the requested tolerance 1e-09.
Use iteration 51 instead with accuracy 
1.3721071986835436e-09.

  values, vectors = lobpcg(projected_hamiltonian, guess, largest=False,
/home/erosanow_hpc/informed_swapping/BARK.py:156: UserWarning: Exited postprocessing with accuracies 
[1.37210689e-09]
not reaching the requested tolerance 1e-09.
  values, vectors = lobpcg(projected_hamiltonian, guess, largest=False,
/home/erosanow_hpc/informed_swapping/BARK.py:156: UserWarning: Exited at iteration 50 with accuracies 
[1.67907999e-09]
not reaching the requested tolerance 1e-09.
Use iteration 51 instead with accuracy 
1.6790799855659522e-09.

  values, vectors = lobpcg(projected_hamiltonian, guess, largest=False,
/home/erosanow_hpc/informed_swapping/BARK.py:156: UserWarning: Exited postprocessing with accuracies 
[1.67908044e-09]
not reaching the requested tolerance 1e-09.
  values, vectors = lobpcg(projected_hamiltonian, guess, largest=False,
/home/erosanow_hpc/informed_swapping/BARK.py:156: UserWarning: Exited at iteration 50 with accuracies 
[2.29575979e-09]
not reaching the requested tolerance 1e-09.
Use iteration 51 instead with accuracy 
2.295759788180628e-09.

  values, vectors = lobpcg(projected_hamiltonian, guess, largest=False,
/home/erosanow_hpc/informed_swapping/BARK.py:156: UserWarning: Exited postprocessing with accuracies 
[2.29575888e-09]
not reaching the requested tolerance 1e-09.
  values, vectors = lobpcg(projected_hamiltonian, guess, largest=False,
/home/erosanow_hpc/informed_swapping/BARK.py:156: UserWarning: Exited at iteration 50 with accuracies 
[1.0416291e-09]
not reaching the requested tolerance 1e-09.
Use iteration 51 instead with accuracy 
1.041629101272837e-09.

  values, vectors = lobpcg(projected_hamiltonian, guess, largest=False,
/home/erosanow_hpc/informed_swapping/BARK.py:156: UserWarning: Exited postprocessing with accuracies 
[1.04162928e-09]
not reaching the requested tolerance 1e-09.
  values, vectors = lobpcg(projected_hamiltonian, guess, largest=False,
/home/erosanow_hpc/informed_swapping/BARK.py:156: UserWarning: Exited at iteration 50 with accuracies 
[1.18488029e-09]
not reaching the requested tolerance 1e-09.
Use iteration 51 instead with accuracy 
1.1848802886212713e-09.

  values, vectors = lobpcg(projected_hamiltonian, guess, largest=False,
/home/erosanow_hpc/informed_swapping/BARK.py:156: UserWarning: Exited postprocessing with accuracies 
[1.18487978e-09]
not reaching the requested tolerance 1e-09.
  values, vectors = lobpcg(projected_hamiltonian, guess, largest=False,
/home/erosanow_hpc/informed_swapping/BARK.py:156: UserWarning: Exited at iteration 50 with accuracies 
[1.26678464e-09]
not reaching the requested tolerance 1e-09.
Use iteration 51 instead with accuracy 
1.2667846412698426e-09.

  values, vectors = lobpcg(projected_hamiltonian, guess, largest=False,
/home/erosanow_hpc/informed_swapping/BARK.py:156: UserWarning: Exited postprocessing with accuracies 
[1.26678433e-09]
not reaching the requested tolerance 1e-09.
  values, vectors = lobpcg(projected_hamiltonian, guess, largest=False,
/home/erosanow_hpc/informed_swapping/BARK.py:156: UserWarning: Exited at iteration 50 with accuracies 
[2.03641895e-09]
not reaching the requested tolerance 1e-09.
Use iteration 51 instead with accuracy 
2.0364189514497593e-09.

  values, vectors = lobpcg(projected_hamiltonian, guess, largest=False,
/home/erosanow_hpc/informed_swapping/BARK.py:156: UserWarning: Exited postprocessing with accuracies 
[2.03641897e-09]
not reaching the requested tolerance 1e-09.
  values, vectors = lobpcg(projected_hamiltonian, guess, largest=False,
/home/erosanow_hpc/informed_swapping/BARK.py:156: UserWarning: Exited at iteration 50 with accuracies 
[1.63082314e-09]
not reaching the requested tolerance 1e-09.
Use iteration 51 instead with accuracy 
1.6308231431363867e-09.

  values, vectors = lobpcg(projected_hamiltonian, guess, largest=False,
/home/erosanow_hpc/informed_swapping/BARK.py:156: UserWarning: Exited postprocessing with accuracies 
[1.63082344e-09]
not reaching the requested tolerance 1e-09.
  values, vectors = lobpcg(projected_hamiltonian, guess, largest=False,
/home/erosanow_hpc/informed_swapping/BARK.py:156: UserWarning: Exited at iteration 50 with accuracies 
[1.94976141e-09]
not reaching the requested tolerance 1e-09.
Use iteration 51 instead with accuracy 
1.9497614105969047e-09.

  values, vectors = lobpcg(projected_hamiltonian, guess, largest=False,
/home/erosanow_hpc/informed_swapping/BARK.py:156: UserWarning: Exited postprocessing with accuracies 
[1.94976099e-09]
not reaching the requested tolerance 1e-09.
  values, vectors = lobpcg(projected_hamiltonian, guess, largest=False,
/home/erosanow_hpc/informed_swapping/BARK.py:156: UserWarning: Exited at iteration 50 with accuracies 
[2.02698907e-09]
not reaching the requested tolerance 1e-09.
Use iteration 51 instead with accuracy 
2.026989074800181e-09.

  values, vectors = lobpcg(projected_hamiltonian, guess, largest=False,
/home/erosanow_hpc/informed_swapping/BARK.py:156: UserWarning: Exited postprocessing with accuracies 
[2.02698869e-09]
not reaching the requested tolerance 1e-09.
  values, vectors = lobpcg(projected_hamiltonian, guess, largest=False,
/home/erosanow_hpc/informed_swapping/BARK.py:156: UserWarning: Exited at iteration 50 with accuracies 
[3.17794673e-09]
not reaching the requested tolerance 1e-09.
Use iteration 51 instead with accuracy 
3.1779467334220068e-09.

  values, vectors = lobpcg(projected_hamiltonian, guess, largest=False,
/home/erosanow_hpc/informed_swapping/BARK.py:156: UserWarning: Exited postprocessing with accuracies 
[3.17794738e-09]
not reaching the requested tolerance 1e-09.
  values, vectors = lobpcg(projected_hamiltonian, guess, largest=False,
/home/erosanow_hpc/informed_swapping/BARK.py:156: UserWarning: Exited at iteration 50 with accuracies 
[1.25707186e-09]
not reaching the requested tolerance 1e-09.
Use iteration 51 instead with accuracy 
1.2570718557066416e-09.

  values, vectors = lobpcg(projected_hamiltonian, guess, largest=False,
/home/erosanow_hpc/informed_swapping/BARK.py:156: UserWarning: Exited postprocessing with accuracies 
[1.25707123e-09]
not reaching the requested tolerance 1e-09.
  values, vectors = lobpcg(projected_hamiltonian, guess, largest=False,
/home/erosanow_hpc/informed_swapping/BARK.py:156: UserWarning: Exited at iteration 50 with accuracies 
[1.09963208e-09]
not reaching the requested tolerance 1e-09.
Use iteration 51 instead with accuracy 
1.099632084181094e-09.

  values, vectors = lobpcg(projected_hamiltonian, guess, largest=False,
/home/erosanow_hpc/informed_swapping/BARK.py:156: UserWarning: Exited postprocessing with accuracies 
[1.09963233e-09]
not reaching the requested tolerance 1e-09.
  values, vectors = lobpcg(projected_hamiltonian, guess, largest=False,
/home/erosanow_hpc/informed_swapping/BARK.py:156: UserWarning: Exited at iteration 50 with accuracies 
[1.42410236e-09]
not reaching the requested tolerance 1e-09.
Use iteration 51 instead with accuracy 
1.4241023640121182e-09.

  values, vectors = lobpcg(projected_hamiltonian, guess, largest=False,
/home/erosanow_hpc/informed_swapping/BARK.py:156: UserWarning: Exited postprocessing with accuracies 
[1.42410246e-09]
not reaching the requested tolerance 1e-09.
  values, vectors = lobpcg(projected_hamiltonian, guess, largest=False,
/home/erosanow_hpc/informed_swapping/BARK.py:156: UserWarning: Exited at iteration 50 with accuracies 
[1.16725678e-09]
not reaching the requested tolerance 1e-09.
Use iteration 51 instead with accuracy 
1.1672567782623773e-09.

  values, vectors = lobpcg(projected_hamiltonian, guess, largest=False,
/home/erosanow_hpc/informed_swapping/BARK.py:156: UserWarning: Exited postprocessing with accuracies 
[1.16725694e-09]
not reaching the requested tolerance 1e-09.
  values, vectors = lobpcg(projected_hamiltonian, guess, largest=False,
/home/erosanow_hpc/informed_swapping/BARK.py:156: UserWarning: Exited at iteration 50 with accuracies 
[1.72758262e-09]
not reaching the requested tolerance 1e-09.
Use iteration 51 instead with accuracy 
1.727582616724317e-09.

  values, vectors = lobpcg(projected_hamiltonian, guess, largest=False,
/home/erosanow_hpc/informed_swapping/BARK.py:156: UserWarning: Exited postprocessing with accuracies 
[1.72758312e-09]
not reaching the requested tolerance 1e-09.
  values, vectors = lobpcg(projected_hamiltonian, guess, largest=False,
/home/erosanow_hpc/informed_swapping/BARK.py:156: UserWarning: Exited at iteration 50 with accuracies 
[2.05205736e-09]
not reaching the requested tolerance 1e-09.
Use iteration 51 instead with accuracy 
2.0520573593394846e-09.

  values, vectors = lobpcg(projected_hamiltonian, guess, largest=False,
/home/erosanow_hpc/informed_swapping/BARK.py:156: UserWarning: Exited postprocessing with accuracies 
[2.05205718e-09]
not reaching the requested tolerance 1e-09.
  values, vectors = lobpcg(projected_hamiltonian, guess, largest=False,
/home/erosanow_hpc/informed_swapping/BARK.py:156: UserWarning: Exited at iteration 50 with accuracies 
[2.82633595e-09]
not reaching the requested tolerance 1e-09.
Use iteration 51 instead with accuracy 
2.8263359450162376e-09.

  values, vectors = lobpcg(projected_hamiltonian, guess, largest=False,
/home/erosanow_hpc/informed_swapping/BARK.py:156: UserWarning: Exited postprocessing with accuracies 
[2.82633696e-09]
not reaching the requested tolerance 1e-09.
  values, vectors = lobpcg(projected_hamiltonian, guess, largest=False,
/home/erosanow_hpc/informed_swapping/BARK.py:156: UserWarning: Exited at iteration 50 with accuracies 
[1.41536789e-09]
not reaching the requested tolerance 1e-09.
Use iteration 51 instead with accuracy 
1.4153678946828834e-09.

  values, vectors = lobpcg(projected_hamiltonian, guess, largest=False,
/home/erosanow_hpc/informed_swapping/BARK.py:156: UserWarning: Exited postprocessing with accuracies 
[1.41536775e-09]
not reaching the requested tolerance 1e-09.
  values, vectors = lobpcg(projected_hamiltonian, guess, largest=False,
/home/erosanow_hpc/informed_swapping/BARK.py:156: UserWarning: Exited at iteration 50 with accuracies 
[1.69230377e-09]
not reaching the requested tolerance 1e-09.
Use iteration 51 instead with accuracy 
1.69230377290742e-09.

  values, vectors = lobpcg(projected_hamiltonian, guess, largest=False,
/home/erosanow_hpc/informed_swapping/BARK.py:156: UserWarning: Exited postprocessing with accuracies 
[1.69230362e-09]
not reaching the requested tolerance 1e-09.
  values, vectors = lobpcg(projected_hamiltonian, guess, largest=False,
/home/erosanow_hpc/informed_swapping/BARK.py:156: UserWarning: Exited at iteration 50 with accuracies 
[1.7249737e-09]
not reaching the requested tolerance 1e-09.
Use iteration 51 instead with accuracy 
1.7249737042553862e-09.

  values, vectors = lobpcg(projected_hamiltonian, guess, largest=False,
/home/erosanow_hpc/informed_swapping/BARK.py:156: UserWarning: Exited postprocessing with accuracies 
[1.72497329e-09]
not reaching the requested tolerance 1e-09.
  values, vectors = lobpcg(projected_hamiltonian, guess, largest=False,
/home/erosanow_hpc/informed_swapping/BARK.py:156: UserWarning: Exited at iteration 50 with accuracies 
[2.6888835e-09]
not reaching the requested tolerance 1e-09.
Use iteration 51 instead with accuracy 
2.688883500078125e-09.

  values, vectors = lobpcg(projected_hamiltonian, guess, largest=False,
/home/erosanow_hpc/informed_swapping/BARK.py:156: UserWarning: Exited postprocessing with accuracies 
[2.68888312e-09]
not reaching the requested tolerance 1e-09.
  values, vectors = lobpcg(projected_hamiltonian, guess, largest=False,
/home/erosanow_hpc/informed_swapping/BARK.py:156: UserWarning: Exited at iteration 50 with accuracies 
[2.11130651e-09]
not reaching the requested tolerance 1e-09.
Use iteration 51 instead with accuracy 
2.1113065064493874e-09.

  values, vectors = lobpcg(projected_hamiltonian, guess, largest=False,
/home/erosanow_hpc/informed_swapping/BARK.py:156: UserWarning: Exited postprocessing with accuracies 
[2.11130682e-09]
not reaching the requested tolerance 1e-09.
  values, vectors = lobpcg(projected_hamiltonian, guess, largest=False,
/home/erosanow_hpc/informed_swapping/BARK.py:156: UserWarning: Exited at iteration 50 with accuracies 
[2.62198585e-09]
not reaching the requested tolerance 1e-09.
Use iteration 51 instead with accuracy 
2.621985853268011e-09.

  values, vectors = lobpcg(projected_hamiltonian, guess, largest=False,
/home/erosanow_hpc/informed_swapping/BARK.py:156: UserWarning: Exited postprocessing with accuracies 
[2.62198512e-09]
not reaching the requested tolerance 1e-09.
  values, vectors = lobpcg(projected_hamiltonian, guess, largest=False,
/home/erosanow_hpc/informed_swapping/BARK.py:156: UserWarning: Exited at iteration 50 with accuracies 
[2.89065142e-09]
not reaching the requested tolerance 1e-09.
Use iteration 51 instead with accuracy 
2.8906514235093426e-09.

  values, vectors = lobpcg(projected_hamiltonian, guess, largest=False,
/home/erosanow_hpc/informed_swapping/BARK.py:156: UserWarning: Exited postprocessing with accuracies 
[2.89065082e-09]
not reaching the requested tolerance 1e-09.
  values, vectors = lobpcg(projected_hamiltonian, guess, largest=False,
/home/erosanow_hpc/informed_swapping/BARK.py:156: UserWarning: Exited at iteration 50 with accuracies 
[4.5119574e-09]
not reaching the requested tolerance 1e-09.
Use iteration 51 instead with accuracy 
4.511957404874028e-09.

  values, vectors = lobpcg(projected_hamiltonian, guess, largest=False,
/home/erosanow_hpc/informed_swapping/BARK.py:156: UserWarning: Exited postprocessing with accuracies 
[4.51195705e-09]
not reaching the requested tolerance 1e-09.
  values, vectors = lobpcg(projected_hamiltonian, guess, largest=False,
/home/erosanow_hpc/informed_swapping/BARK.py:156: UserWarning: Exited at iteration 50 with accuracies 
[1.09479097e-09]
not reaching the requested tolerance 1e-09.
Use iteration 49 instead with accuracy 
1.0189426993334552e-09.

  values, vectors = lobpcg(projected_hamiltonian, guess, largest=False,
/home/erosanow_hpc/informed_swapping/BARK.py:156: UserWarning: Exited postprocessing with accuracies 
[1.01894384e-09]
not reaching the requested tolerance 1e-09.
  values, vectors = lobpcg(projected_hamiltonian, guess, largest=False,
/home/erosanow_hpc/informed_swapping/BARK.py:156: UserWarning: Exited at iteration 50 with accuracies 
[1.67287132e-09]
not reaching the requested tolerance 1e-09.
Use iteration 49 instead with accuracy 
1.4606105515968653e-09.

  values, vectors = lobpcg(projected_hamiltonian, guess, largest=False,
/home/erosanow_hpc/informed_swapping/BARK.py:156: UserWarning: Exited postprocessing with accuracies 
[1.4606108e-09]
not reaching the requested tolerance 1e-09.
  values, vectors = lobpcg(projected_hamiltonian, guess, largest=False,
/home/erosanow_hpc/informed_swapping/BARK.py:156: UserWarning: Exited at iteration 50 with accuracies 
[2.88945723e-09]
not reaching the requested tolerance 1e-09.
Use iteration 49 instead with accuracy 
2.6723300552544945e-09.

  values, vectors = lobpcg(projected_hamiltonian, guess, largest=False,
/home/erosanow_hpc/informed_swapping/BARK.py:156: UserWarning: Exited postprocessing with accuracies 
[2.67232974e-09]
not reaching the requested tolerance 1e-09.
  values, vectors = lobpcg(projected_hamiltonian, guess, largest=False,
/home/erosanow_hpc/informed_swapping/BARK.py:156: UserWarning: Exited at iteration 50 with accuracies 
[1.30923052e-09]
not reaching the requested tolerance 1e-09.
Use iteration 51 instead with accuracy 
1.3092305215128332e-09.

  values, vectors = lobpcg(projected_hamiltonian, guess, largest=False,
/home/erosanow_hpc/informed_swapping/BARK.py:156: UserWarning: Exited postprocessing with accuracies 
[1.30922977e-09]
not reaching the requested tolerance 1e-09.
  values, vectors = lobpcg(projected_hamiltonian, guess, largest=False,
/home/erosanow_hpc/informed_swapping/BARK.py:156: UserWarning: Exited at iteration 50 with accuracies 
[1.04314626e-09]
not reaching the requested tolerance 1e-09.
Use iteration 51 instead with accuracy 
1.0431462569666056e-09.

  values, vectors = lobpcg(projected_hamiltonian, guess, largest=False,
/home/erosanow_hpc/informed_swapping/BARK.py:156: UserWarning: Exited postprocessing with accuracies 
[1.04314638e-09]
not reaching the requested tolerance 1e-09.
  values, vectors = lobpcg(projected_hamiltonian, guess, largest=False,
/home/erosanow_hpc/informed_swapping/BARK.py:156: UserWarning: Exited at iteration 50 with accuracies 
[1.37720782e-09]
not reaching the requested tolerance 1e-09.
Use iteration 51 instead with accuracy 
1.3772078188167657e-09.

  values, vectors = lobpcg(projected_hamiltonian, guess, largest=False,
/home/erosanow_hpc/informed_swapping/BARK.py:156: UserWarning: Exited postprocessing with accuracies 
[1.37720875e-09]
not reaching the requested tolerance 1e-09.
  values, vectors = lobpcg(projected_hamiltonian, guess, largest=False,
/home/erosanow_hpc/informed_swapping/BARK.py:156: UserWarning: Exited at iteration 50 with accuracies 
[1.13018642e-09]
not reaching the requested tolerance 1e-09.
Use iteration 51 instead with accuracy 
1.1301864200182718e-09.

  values, vectors = lobpcg(projected_hamiltonian, guess, largest=False,
/home/erosanow_hpc/informed_swapping/BARK.py:156: UserWarning: Exited postprocessing with accuracies 
[1.13018572e-09]
not reaching the requested tolerance 1e-09.
  values, vectors = lobpcg(projected_hamiltonian, guess, largest=False,
/home/erosanow_hpc/informed_swapping/BARK.py:156: UserWarning: Exited at iteration 50 with accuracies 
[1.16900974e-09]
not reaching the requested tolerance 1e-09.
Use iteration 51 instead with accuracy 
1.1690097417173717e-09.

  values, vectors = lobpcg(projected_hamiltonian, guess, largest=False,
/home/erosanow_hpc/informed_swapping/BARK.py:156: UserWarning: Exited postprocessing with accuracies 
[1.16900918e-09]
not reaching the requested tolerance 1e-09.
  values, vectors = lobpcg(projected_hamiltonian, guess, largest=False,
/home/erosanow_hpc/informed_swapping/BARK.py:156: UserWarning: Exited at iteration 50 with accuracies 
[1.21436042e-09]
not reaching the requested tolerance 1e-09.
Use iteration 51 instead with accuracy 
1.2143604195648653e-09.

  values, vectors = lobpcg(projected_hamiltonian, guess, largest=False,
/home/erosanow_hpc/informed_swapping/BARK.py:156: UserWarning: Exited postprocessing with accuracies 
[1.21436049e-09]
not reaching the requested tolerance 1e-09.
  values, vectors = lobpcg(projected_hamiltonian, guess, largest=False,
/home/erosanow_hpc/informed_swapping/BARK.py:156: UserWarning: Exited at iteration 50 with accuracies 
[1.18407662e-09]
not reaching the requested tolerance 1e-09.
Use iteration 51 instead with accuracy 
1.1840766212140192e-09.

  values, vectors = lobpcg(projected_hamiltonian, guess, largest=False,
/home/erosanow_hpc/informed_swapping/BARK.py:156: UserWarning: Exited postprocessing with accuracies 
[1.18407672e-09]
not reaching the requested tolerance 1e-09.
  values, vectors = lobpcg(projected_hamiltonian, guess, largest=False,
/home/erosanow_hpc/informed_swapping/BARK.py:156: UserWarning: Exited at iteration 50 with accuracies 
[1.59877718e-09]
not reaching the requested tolerance 1e-09.
Use iteration 51 instead with accuracy 
1.598777177174445e-09.

  values, vectors = lobpcg(projected_hamiltonian, guess, largest=False,
/home/erosanow_hpc/informed_swapping/BARK.py:156: UserWarning: Exited postprocessing with accuracies 
[1.59877721e-09]
not reaching the requested tolerance 1e-09.
  values, vectors = lobpcg(projected_hamiltonian, guess, largest=False,
/home/erosanow_hpc/informed_swapping/BARK.py:156: UserWarning: Exited at iteration 50 with accuracies 
[1.35937321e-09]
not reaching the requested tolerance 1e-09.
Use iteration 51 instead with accuracy 
1.3593732149840232e-09.

  values, vectors = lobpcg(projected_hamiltonian, guess, largest=False,
/home/erosanow_hpc/informed_swapping/BARK.py:156: UserWarning: Exited postprocessing with accuracies 
[1.35937321e-09]
not reaching the requested tolerance 1e-09.
  values, vectors = lobpcg(projected_hamiltonian, guess, largest=False,
/home/erosanow_hpc/informed_swapping/BARK.py:156: UserWarning: Exited at iteration 50 with accuracies 
[1.67480556e-09]
not reaching the requested tolerance 1e-09.
Use iteration 51 instead with accuracy 
1.6748055566359845e-09.

  values, vectors = lobpcg(projected_hamiltonian, guess, largest=False,
/home/erosanow_hpc/informed_swapping/BARK.py:156: UserWarning: Exited postprocessing with accuracies 
[1.67480614e-09]
not reaching the requested tolerance 1e-09.
  values, vectors = lobpcg(projected_hamiltonian, guess, largest=False,
/home/erosanow_hpc/informed_swapping/BARK.py:156: UserWarning: Exited at iteration 50 with accuracies 
[1.14051667e-09]
not reaching the requested tolerance 1e-09.
Use iteration 51 instead with accuracy 
1.1405166725036705e-09.

  values, vectors = lobpcg(projected_hamiltonian, guess, largest=False,
/home/erosanow_hpc/informed_swapping/BARK.py:156: UserWarning: Exited postprocessing with accuracies 
[1.14051697e-09]
not reaching the requested tolerance 1e-09.
  values, vectors = lobpcg(projected_hamiltonian, guess, largest=False,
/home/erosanow_hpc/informed_swapping/BARK.py:156: UserWarning: Exited at iteration 50 with accuracies 
[1.30743405e-09]
not reaching the requested tolerance 1e-09.
Use iteration 51 instead with accuracy 
1.307434045983061e-09.

  values, vectors = lobpcg(projected_hamiltonian, guess, largest=False,
/home/erosanow_hpc/informed_swapping/BARK.py:156: UserWarning: Exited postprocessing with accuracies 
[1.30743528e-09]
not reaching the requested tolerance 1e-09.
  values, vectors = lobpcg(projected_hamiltonian, guess, largest=False,
/home/erosanow_hpc/informed_swapping/BARK.py:156: UserWarning: Exited at iteration 50 with accuracies 
[1.33818368e-09]
not reaching the requested tolerance 1e-09.
Use iteration 51 instead with accuracy 
1.338183683305656e-09.

  values, vectors = lobpcg(projected_hamiltonian, guess, largest=False,
/home/erosanow_hpc/informed_swapping/BARK.py:156: UserWarning: Exited postprocessing with accuracies 
[1.33818371e-09]
not reaching the requested tolerance 1e-09.
  values, vectors = lobpcg(projected_hamiltonian, guess, largest=False,
/home/erosanow_hpc/informed_swapping/BARK.py:156: UserWarning: Exited at iteration 50 with accuracies 
[2.18725521e-09]
not reaching the requested tolerance 1e-09.
Use iteration 51 instead with accuracy 
2.1872552126006915e-09.

  values, vectors = lobpcg(projected_hamiltonian, guess, largest=False,
/home/erosanow_hpc/informed_swapping/BARK.py:156: UserWarning: Exited postprocessing with accuracies 
[2.18725505e-09]
not reaching the requested tolerance 1e-09.
  values, vectors = lobpcg(projected_hamiltonian, guess, largest=False,
/home/erosanow_hpc/informed_swapping/BARK.py:156: UserWarning: Exited at iteration 50 with accuracies 
[1.59886862e-09]
not reaching the requested tolerance 1e-09.
Use iteration 51 instead with accuracy 
1.5988686206854438e-09.

  values, vectors = lobpcg(projected_hamiltonian, guess, largest=False,
/home/erosanow_hpc/informed_swapping/BARK.py:156: UserWarning: Exited postprocessing with accuracies 
[1.59886858e-09]
not reaching the requested tolerance 1e-09.
  values, vectors = lobpcg(projected_hamiltonian, guess, largest=False,
/home/erosanow_hpc/informed_swapping/BARK.py:156: UserWarning: Exited at iteration 50 with accuracies 
[1.91307573e-09]
not reaching the requested tolerance 1e-09.
Use iteration 51 instead with accuracy 
1.913075730264238e-09.

  values, vectors = lobpcg(projected_hamiltonian, guess, largest=False,
/home/erosanow_hpc/informed_swapping/BARK.py:156: UserWarning: Exited postprocessing with accuracies 
[1.9130756e-09]
not reaching the requested tolerance 1e-09.
  values, vectors = lobpcg(projected_hamiltonian, guess, largest=False,
/home/erosanow_hpc/informed_swapping/BARK.py:156: UserWarning: Exited at iteration 50 with accuracies 
[2.13378907e-09]
not reaching the requested tolerance 1e-09.
Use iteration 51 instead with accuracy 
2.1337890747328426e-09.

  values, vectors = lobpcg(projected_hamiltonian, guess, largest=False,
/home/erosanow_hpc/informed_swapping/BARK.py:156: UserWarning: Exited postprocessing with accuracies 
[2.13378859e-09]
not reaching the requested tolerance 1e-09.
  values, vectors = lobpcg(projected_hamiltonian, guess, largest=False,
/home/erosanow_hpc/informed_swapping/BARK.py:156: UserWarning: Exited at iteration 50 with accuracies 
[3.4058787e-09]
not reaching the requested tolerance 1e-09.
Use iteration 51 instead with accuracy 
3.4058787029587566e-09.

  values, vectors = lobpcg(projected_hamiltonian, guess, largest=False,
/home/erosanow_hpc/informed_swapping/BARK.py:156: UserWarning: Exited postprocessing with accuracies 
[3.4058794e-09]
not reaching the requested tolerance 1e-09.
  values, vectors = lobpcg(projected_hamiltonian, guess, largest=False,
/home/erosanow_hpc/informed_swapping/BARK.py:156: UserWarning: Exited at iteration 50 with accuracies 
[1.03796295e-09]
not reaching the requested tolerance 1e-09.
Use iteration 51 instead with accuracy 
1.0379629483062568e-09.

  values, vectors = lobpcg(projected_hamiltonian, guess, largest=False,
/home/erosanow_hpc/informed_swapping/BARK.py:156: UserWarning: Exited postprocessing with accuracies 
[1.03796374e-09]
not reaching the requested tolerance 1e-09.
  values, vectors = lobpcg(projected_hamiltonian, guess, largest=False,
/home/erosanow_hpc/informed_swapping/BARK.py:156: UserWarning: Exited at iteration 50 with accuracies 
[1.18238683e-09]
not reaching the requested tolerance 1e-09.
Use iteration 51 instead with accuracy 
1.1823868338164877e-09.

  values, vectors = lobpcg(projected_hamiltonian, guess, largest=False,
/home/erosanow_hpc/informed_swapping/BARK.py:156: UserWarning: Exited postprocessing with accuracies 
[1.18238598e-09]
not reaching the requested tolerance 1e-09.
  values, vectors = lobpcg(projected_hamiltonian, guess, largest=False,
/home/erosanow_hpc/informed_swapping/BARK.py:156: UserWarning: Exited at iteration 50 with accuracies 
[1.20307234e-09]
not reaching the requested tolerance 1e-09.
Use iteration 51 instead with accuracy 
1.2030723417221095e-09.

  values, vectors = lobpcg(projected_hamiltonian, guess, largest=False,
/home/erosanow_hpc/informed_swapping/BARK.py:156: UserWarning: Exited postprocessing with accuracies 
[1.2030723e-09]
not reaching the requested tolerance 1e-09.
  values, vectors = lobpcg(projected_hamiltonian, guess, largest=False,
/home/erosanow_hpc/informed_swapping/BARK.py:156: UserWarning: Exited at iteration 50 with accuracies 
[1.06837728e-09]
not reaching the requested tolerance 1e-09.
Use iteration 51 instead with accuracy 
1.0683772752341473e-09.

  values, vectors = lobpcg(projected_hamiltonian, guess, largest=False,
/home/erosanow_hpc/informed_swapping/BARK.py:156: UserWarning: Exited postprocessing with accuracies 
[1.0683775e-09]
not reaching the requested tolerance 1e-09.
  values, vectors = lobpcg(projected_hamiltonian, guess, largest=False,
/home/erosanow_hpc/informed_swapping/BARK.py:156: UserWarning: Exited at iteration 50 with accuracies 
[1.08868928e-09]
not reaching the requested tolerance 1e-09.
Use iteration 51 instead with accuracy 
1.088689280804141e-09.

  values, vectors = lobpcg(projected_hamiltonian, guess, largest=False,
/home/erosanow_hpc/informed_swapping/BARK.py:156: UserWarning: Exited postprocessing with accuracies 
[1.08868899e-09]
not reaching the requested tolerance 1e-09.
  values, vectors = lobpcg(projected_hamiltonian, guess, largest=False,
/home/erosanow_hpc/informed_swapping/BARK.py:156: UserWarning: Exited at iteration 50 with accuracies 
[1.53790751e-09]
not reaching the requested tolerance 1e-09.
Use iteration 51 instead with accuracy 
1.5379075067964225e-09.

  values, vectors = lobpcg(projected_hamiltonian, guess, largest=False,
/home/erosanow_hpc/informed_swapping/BARK.py:156: UserWarning: Exited postprocessing with accuracies 
[1.53790742e-09]
not reaching the requested tolerance 1e-09.
  values, vectors = lobpcg(projected_hamiltonian, guess, largest=False,
/home/erosanow_hpc/informed_swapping/BARK.py:156: UserWarning: Exited at iteration 50 with accuracies 
[1.11589265e-09]
not reaching the requested tolerance 1e-09.
Use iteration 51 instead with accuracy 
1.1158926464001257e-09.

  values, vectors = lobpcg(projected_hamiltonian, guess, largest=False,
/home/erosanow_hpc/informed_swapping/BARK.py:156: UserWarning: Exited postprocessing with accuracies 
[1.11589248e-09]
not reaching the requested tolerance 1e-09.
  values, vectors = lobpcg(projected_hamiltonian, guess, largest=False,
/home/erosanow_hpc/informed_swapping/BARK.py:156: UserWarning: Exited at iteration 50 with accuracies 
[1.29499286e-09]
not reaching the requested tolerance 1e-09.
Use iteration 51 instead with accuracy 
1.2949928563822942e-09.

  values, vectors = lobpcg(projected_hamiltonian, guess, largest=False,
/home/erosanow_hpc/informed_swapping/BARK.py:156: UserWarning: Exited postprocessing with accuracies 
[1.2949927e-09]
not reaching the requested tolerance 1e-09.
  values, vectors = lobpcg(projected_hamiltonian, guess, largest=False,
/home/erosanow_hpc/informed_swapping/BARK.py:156: UserWarning: Exited at iteration 50 with accuracies 
[1.05153328e-09]
not reaching the requested tolerance 1e-09.
Use iteration 51 instead with accuracy 
1.0515332818983494e-09.

  values, vectors = lobpcg(projected_hamiltonian, guess, largest=False,
/home/erosanow_hpc/informed_swapping/BARK.py:156: UserWarning: Exited postprocessing with accuracies 
[1.05153304e-09]
not reaching the requested tolerance 1e-09.
  values, vectors = lobpcg(projected_hamiltonian, guess, largest=False,
/home/erosanow_hpc/informed_swapping/BARK.py:156: UserWarning: Exited at iteration 50 with accuracies 
[1.17842095e-09]
not reaching the requested tolerance 1e-09.
Use iteration 51 instead with accuracy 
1.1784209477200409e-09.

  values, vectors = lobpcg(projected_hamiltonian, guess, largest=False,
/home/erosanow_hpc/informed_swapping/BARK.py:156: UserWarning: Exited postprocessing with accuracies 
[1.17842034e-09]
not reaching the requested tolerance 1e-09.
  values, vectors = lobpcg(projected_hamiltonian, guess, largest=False,
/home/erosanow_hpc/informed_swapping/BARK.py:156: UserWarning: Exited at iteration 50 with accuracies 
[1.16174473e-09]
not reaching the requested tolerance 1e-09.
Use iteration 51 instead with accuracy 
1.1617447251253588e-09.

  values, vectors = lobpcg(projected_hamiltonian, guess, largest=False,
/home/erosanow_hpc/informed_swapping/BARK.py:156: UserWarning: Exited postprocessing with accuracies 
[1.16174422e-09]
not reaching the requested tolerance 1e-09.
  values, vectors = lobpcg(projected_hamiltonian, guess, largest=False,
/home/erosanow_hpc/informed_swapping/BARK.py:156: UserWarning: Exited at iteration 50 with accuracies 
[1.91401466e-09]
not reaching the requested tolerance 1e-09.
Use iteration 51 instead with accuracy 
1.9140146611408237e-09.

  values, vectors = lobpcg(projected_hamiltonian, guess, largest=False,
/home/erosanow_hpc/informed_swapping/BARK.py:156: UserWarning: Exited postprocessing with accuracies 
[1.91401514e-09]
not reaching the requested tolerance 1e-09.
  values, vectors = lobpcg(projected_hamiltonian, guess, largest=False,
/home/erosanow_hpc/informed_swapping/BARK.py:156: UserWarning: Exited at iteration 50 with accuracies 
[1.1494517e-09]
not reaching the requested tolerance 1e-09.
Use iteration 51 instead with accuracy 
1.1494516990763326e-09.

  values, vectors = lobpcg(projected_hamiltonian, guess, largest=False,
/home/erosanow_hpc/informed_swapping/BARK.py:156: UserWarning: Exited postprocessing with accuracies 
[1.14945151e-09]
not reaching the requested tolerance 1e-09.
  values, vectors = lobpcg(projected_hamiltonian, guess, largest=False,
/home/erosanow_hpc/informed_swapping/BARK.py:156: UserWarning: Exited at iteration 50 with accuracies 
[1.42977944e-09]
not reaching the requested tolerance 1e-09.
Use iteration 51 instead with accuracy 
1.4297794382385077e-09.

  values, vectors = lobpcg(projected_hamiltonian, guess, largest=False,
/home/erosanow_hpc/informed_swapping/BARK.py:156: UserWarning: Exited postprocessing with accuracies 
[1.4297795e-09]
not reaching the requested tolerance 1e-09.
  values, vectors = lobpcg(projected_hamiltonian, guess, largest=False,
/home/erosanow_hpc/informed_swapping/BARK.py:156: UserWarning: Exited at iteration 50 with accuracies 
[1.99500219e-09]
not reaching the requested tolerance 1e-09.
Use iteration 51 instead with accuracy 
1.995002189280553e-09.

  values, vectors = lobpcg(projected_hamiltonian, guess, largest=False,
/home/erosanow_hpc/informed_swapping/BARK.py:156: UserWarning: Exited postprocessing with accuracies 
[1.99500133e-09]
not reaching the requested tolerance 1e-09.
  values, vectors = lobpcg(projected_hamiltonian, guess, largest=False,
/home/erosanow_hpc/informed_swapping/BARK.py:156: UserWarning: Exited at iteration 50 with accuracies 
[1.05146341e-09]
not reaching the requested tolerance 1e-09.
Use iteration 51 instead with accuracy 
1.051463414258398e-09.

  values, vectors = lobpcg(projected_hamiltonian, guess, largest=False,
/home/erosanow_hpc/informed_swapping/BARK.py:156: UserWarning: Exited postprocessing with accuracies 
[1.05146319e-09]
not reaching the requested tolerance 1e-09.
  values, vectors = lobpcg(projected_hamiltonian, guess, largest=False,
/home/erosanow_hpc/informed_swapping/BARK.py:156: UserWarning: Exited at iteration 50 with accuracies 
[1.18454794e-09]
not reaching the requested tolerance 1e-09.
Use iteration 51 instead with accuracy 
1.1845479411899574e-09.

  values, vectors = lobpcg(projected_hamiltonian, guess, largest=False,
/home/erosanow_hpc/informed_swapping/BARK.py:156: UserWarning: Exited postprocessing with accuracies 
[1.18454841e-09]
not reaching the requested tolerance 1e-09.
  values, vectors = lobpcg(projected_hamiltonian, guess, largest=False,
/home/erosanow_hpc/informed_swapping/BARK.py:156: UserWarning: Exited at iteration 50 with accuracies 
[1.29528422e-09]
not reaching the requested tolerance 1e-09.
Use iteration 51 instead with accuracy 
1.2952842172543746e-09.

  values, vectors = lobpcg(projected_hamiltonian, guess, largest=False,
/home/erosanow_hpc/informed_swapping/BARK.py:156: UserWarning: Exited postprocessing with accuracies 
[1.2952847e-09]
not reaching the requested tolerance 1e-09.
  values, vectors = lobpcg(projected_hamiltonian, guess, largest=False,
/home/erosanow_hpc/informed_swapping/BARK.py:156: UserWarning: Exited at iteration 50 with accuracies 
[2.112472e-09]
not reaching the requested tolerance 1e-09.
Use iteration 51 instead with accuracy 
2.112471996073935e-09.

  values, vectors = lobpcg(projected_hamiltonian, guess, largest=False,
/home/erosanow_hpc/informed_swapping/BARK.py:156: UserWarning: Exited postprocessing with accuracies 
[2.1124717e-09]
not reaching the requested tolerance 1e-09.
  values, vectors = lobpcg(projected_hamiltonian, guess, largest=False,
/home/erosanow_hpc/informed_swapping/BARK.py:156: UserWarning: Exited at iteration 50 with accuracies 
[1.70641505e-09]
not reaching the requested tolerance 1e-09.
Use iteration 51 instead with accuracy 
1.7064150464739977e-09.

  values, vectors = lobpcg(projected_hamiltonian, guess, largest=False,
/home/erosanow_hpc/informed_swapping/BARK.py:156: UserWarning: Exited postprocessing with accuracies 
[1.7064145e-09]
not reaching the requested tolerance 1e-09.
  values, vectors = lobpcg(projected_hamiltonian, guess, largest=False,
/home/erosanow_hpc/informed_swapping/BARK.py:156: UserWarning: Exited at iteration 50 with accuracies 
[2.0370903e-09]
not reaching the requested tolerance 1e-09.
Use iteration 51 instead with accuracy 
2.0370902991333858e-09.

  values, vectors = lobpcg(projected_hamiltonian, guess, largest=False,
/home/erosanow_hpc/informed_swapping/BARK.py:156: UserWarning: Exited postprocessing with accuracies 
[2.0370895e-09]
not reaching the requested tolerance 1e-09.
  values, vectors = lobpcg(projected_hamiltonian, guess, largest=False,
/home/erosanow_hpc/informed_swapping/BARK.py:156: UserWarning: Exited at iteration 50 with accuracies 
[2.10861489e-09]
not reaching the requested tolerance 1e-09.
Use iteration 51 instead with accuracy 
2.1086148855622644e-09.

  values, vectors = lobpcg(projected_hamiltonian, guess, largest=False,
/home/erosanow_hpc/informed_swapping/BARK.py:156: UserWarning: Exited postprocessing with accuracies 
[2.10861531e-09]
not reaching the requested tolerance 1e-09.
  values, vectors = lobpcg(projected_hamiltonian, guess, largest=False,
/home/erosanow_hpc/informed_swapping/BARK.py:156: UserWarning: Exited at iteration 50 with accuracies 
[3.34515244e-09]
not reaching the requested tolerance 1e-09.
Use iteration 51 instead with accuracy 
3.3451524356260115e-09.

  values, vectors = lobpcg(projected_hamiltonian, guess, largest=False,
/home/erosanow_hpc/informed_swapping/BARK.py:156: UserWarning: Exited postprocessing with accuracies 
[3.34515292e-09]
not reaching the requested tolerance 1e-09.
  values, vectors = lobpcg(projected_hamiltonian, guess, largest=False,
/home/erosanow_hpc/informed_swapping/BARK.py:156: UserWarning: Exited at iteration 50 with accuracies 
[1.04928873e-09]
not reaching the requested tolerance 1e-09.
Use iteration 51 instead with accuracy 
1.049288730787634e-09.

  values, vectors = lobpcg(projected_hamiltonian, guess, largest=False,
/home/erosanow_hpc/informed_swapping/BARK.py:156: UserWarning: Exited postprocessing with accuracies 
[1.04928839e-09]
not reaching the requested tolerance 1e-09.
  values, vectors = lobpcg(projected_hamiltonian, guess, largest=False,
/home/erosanow_hpc/informed_swapping/BARK.py:156: UserWarning: Exited at iteration 50 with accuracies 
[1.24048957e-09]
not reaching the requested tolerance 1e-09.
Use iteration 51 instead with accuracy 
1.240489565383303e-09.

  values, vectors = lobpcg(projected_hamiltonian, guess, largest=False,
/home/erosanow_hpc/informed_swapping/BARK.py:156: UserWarning: Exited postprocessing with accuracies 
[1.24048986e-09]
not reaching the requested tolerance 1e-09.
  values, vectors = lobpcg(projected_hamiltonian, guess, largest=False,
/home/erosanow_hpc/informed_swapping/BARK.py:156: UserWarning: Exited at iteration 50 with accuracies 
[1.09694436e-09]
not reaching the requested tolerance 1e-09.
Use iteration 51 instead with accuracy 
1.09694436490729e-09.

  values, vectors = lobpcg(projected_hamiltonian, guess, largest=False,
/home/erosanow_hpc/informed_swapping/BARK.py:156: UserWarning: Exited postprocessing with accuracies 
[1.09694439e-09]
not reaching the requested tolerance 1e-09.
  values, vectors = lobpcg(projected_hamiltonian, guess, largest=False,
/home/erosanow_hpc/informed_swapping/BARK.py:156: UserWarning: Exited at iteration 50 with accuracies 
[1.19419123e-09]
not reaching the requested tolerance 1e-09.
Use iteration 51 instead with accuracy 
1.194191232908358e-09.

  values, vectors = lobpcg(projected_hamiltonian, guess, largest=False,
/home/erosanow_hpc/informed_swapping/BARK.py:156: UserWarning: Exited postprocessing with accuracies 
[1.19419068e-09]
not reaching the requested tolerance 1e-09.
  values, vectors = lobpcg(projected_hamiltonian, guess, largest=False,
/home/erosanow_hpc/informed_swapping/BARK.py:156: UserWarning: Exited at iteration 50 with accuracies 
[1.95071356e-09]
not reaching the requested tolerance 1e-09.
Use iteration 51 instead with accuracy 
1.9507135641588006e-09.

  values, vectors = lobpcg(projected_hamiltonian, guess, largest=False,
/home/erosanow_hpc/informed_swapping/BARK.py:156: UserWarning: Exited postprocessing with accuracies 
[1.95071343e-09]
not reaching the requested tolerance 1e-09.
  values, vectors = lobpcg(projected_hamiltonian, guess, largest=False,
/home/erosanow_hpc/informed_swapping/BARK.py:156: UserWarning: Exited at iteration 50 with accuracies 
[1.07362284e-09]
not reaching the requested tolerance 1e-09.
Use iteration 51 instead with accuracy 
1.0736228360899457e-09.

  values, vectors = lobpcg(projected_hamiltonian, guess, largest=False,
/home/erosanow_hpc/informed_swapping/BARK.py:156: UserWarning: Exited postprocessing with accuracies 
[1.07362263e-09]
not reaching the requested tolerance 1e-09.
  values, vectors = lobpcg(projected_hamiltonian, guess, largest=False,
/home/erosanow_hpc/informed_swapping/BARK.py:156: UserWarning: Exited at iteration 50 with accuracies 
[1.18722778e-09]
not reaching the requested tolerance 1e-09.
Use iteration 51 instead with accuracy 
1.1872277792409558e-09.

  values, vectors = lobpcg(projected_hamiltonian, guess, largest=False,
/home/erosanow_hpc/informed_swapping/BARK.py:156: UserWarning: Exited postprocessing with accuracies 
[1.18722801e-09]
not reaching the requested tolerance 1e-09.
  values, vectors = lobpcg(projected_hamiltonian, guess, largest=False,
/home/erosanow_hpc/informed_swapping/BARK.py:156: UserWarning: Exited at iteration 50 with accuracies 
[1.37210681e-09]
not reaching the requested tolerance 1e-09.
Use iteration 51 instead with accuracy 
1.372106812972484e-09.

  values, vectors = lobpcg(projected_hamiltonian, guess, largest=False,
/home/erosanow_hpc/informed_swapping/BARK.py:156: UserWarning: Exited postprocessing with accuracies 
[1.37210622e-09]
not reaching the requested tolerance 1e-09.
  values, vectors = lobpcg(projected_hamiltonian, guess, largest=False,
/home/erosanow_hpc/informed_swapping/BARK.py:156: UserWarning: Exited at iteration 50 with accuracies 
[1.67907962e-09]
not reaching the requested tolerance 1e-09.
Use iteration 51 instead with accuracy 
1.6790796249480924e-09.

  values, vectors = lobpcg(projected_hamiltonian, guess, largest=False,
/home/erosanow_hpc/informed_swapping/BARK.py:156: UserWarning: Exited postprocessing with accuracies 
[1.67907935e-09]
not reaching the requested tolerance 1e-09.
  values, vectors = lobpcg(projected_hamiltonian, guess, largest=False,
/home/erosanow_hpc/informed_swapping/BARK.py:156: UserWarning: Exited at iteration 50 with accuracies 
[2.29575975e-09]
not reaching the requested tolerance 1e-09.
Use iteration 51 instead with accuracy 
2.2957597534459e-09.

  values, vectors = lobpcg(projected_hamiltonian, guess, largest=False,
/home/erosanow_hpc/informed_swapping/BARK.py:156: UserWarning: Exited postprocessing with accuracies 
[2.29575949e-09]
not reaching the requested tolerance 1e-09.
  values, vectors = lobpcg(projected_hamiltonian, guess, largest=False,
/home/erosanow_hpc/informed_swapping/BARK.py:156: UserWarning: Exited at iteration 50 with accuracies 
[1.04162883e-09]
not reaching the requested tolerance 1e-09.
Use iteration 51 instead with accuracy 
1.041628827457001e-09.

  values, vectors = lobpcg(projected_hamiltonian, guess, largest=False,
/home/erosanow_hpc/informed_swapping/BARK.py:156: UserWarning: Exited postprocessing with accuracies 
[1.04162952e-09]
not reaching the requested tolerance 1e-09.
  values, vectors = lobpcg(projected_hamiltonian, guess, largest=False,
/home/erosanow_hpc/informed_swapping/BARK.py:156: UserWarning: Exited at iteration 50 with accuracies 
[1.18487932e-09]
not reaching the requested tolerance 1e-09.
Use iteration 51 instead with accuracy 
1.1848793180843194e-09.

  values, vectors = lobpcg(projected_hamiltonian, guess, largest=False,
/home/erosanow_hpc/informed_swapping/BARK.py:156: UserWarning: Exited postprocessing with accuracies 
[1.18487877e-09]
not reaching the requested tolerance 1e-09.
  values, vectors = lobpcg(projected_hamiltonian, guess, largest=False,
/home/erosanow_hpc/informed_swapping/BARK.py:156: UserWarning: Exited at iteration 50 with accuracies 
[1.2667843e-09]
not reaching the requested tolerance 1e-09.
Use iteration 51 instead with accuracy 
1.2667843034110567e-09.

  values, vectors = lobpcg(projected_hamiltonian, guess, largest=False,
/home/erosanow_hpc/informed_swapping/BARK.py:156: UserWarning: Exited postprocessing with accuracies 
[1.26678389e-09]
not reaching the requested tolerance 1e-09.
  values, vectors = lobpcg(projected_hamiltonian, guess, largest=False,
/home/erosanow_hpc/informed_swapping/BARK.py:156: UserWarning: Exited at iteration 50 with accuracies 
[2.03642006e-09]
not reaching the requested tolerance 1e-09.
Use iteration 51 instead with accuracy 
2.0364200602976553e-09.

  values, vectors = lobpcg(projected_hamiltonian, guess, largest=False,
/home/erosanow_hpc/informed_swapping/BARK.py:156: UserWarning: Exited postprocessing with accuracies 
[2.03642002e-09]
not reaching the requested tolerance 1e-09.
  values, vectors = lobpcg(projected_hamiltonian, guess, largest=False,
/home/erosanow_hpc/informed_swapping/BARK.py:156: UserWarning: Exited at iteration 50 with accuracies 
[1.63082358e-09]
not reaching the requested tolerance 1e-09.
Use iteration 51 instead with accuracy 
1.6308235750194109e-09.

  values, vectors = lobpcg(projected_hamiltonian, guess, largest=False,
/home/erosanow_hpc/informed_swapping/BARK.py:156: UserWarning: Exited postprocessing with accuracies 
[1.63082378e-09]
not reaching the requested tolerance 1e-09.
  values, vectors = lobpcg(projected_hamiltonian, guess, largest=False,
/home/erosanow_hpc/informed_swapping/BARK.py:156: UserWarning: Exited at iteration 50 with accuracies 
[1.9497601e-09]
not reaching the requested tolerance 1e-09.
Use iteration 51 instead with accuracy 
1.949760101475223e-09.

  values, vectors = lobpcg(projected_hamiltonian, guess, largest=False,
/home/erosanow_hpc/informed_swapping/BARK.py:156: UserWarning: Exited postprocessing with accuracies 
[1.94976015e-09]
not reaching the requested tolerance 1e-09.
  values, vectors = lobpcg(projected_hamiltonian, guess, largest=False,
/home/erosanow_hpc/informed_swapping/BARK.py:156: UserWarning: Exited at iteration 50 with accuracies 
[2.02699006e-09]
not reaching the requested tolerance 1e-09.
Use iteration 51 instead with accuracy 
2.0269900607797957e-09.

  values, vectors = lobpcg(projected_hamiltonian, guess, largest=False,
/home/erosanow_hpc/informed_swapping/BARK.py:156: UserWarning: Exited postprocessing with accuracies 
[2.02699067e-09]
not reaching the requested tolerance 1e-09.
  values, vectors = lobpcg(projected_hamiltonian, guess, largest=False,
/home/erosanow_hpc/informed_swapping/BARK.py:156: UserWarning: Exited at iteration 50 with accuracies 
[3.17794626e-09]
not reaching the requested tolerance 1e-09.
Use iteration 51 instead with accuracy 
3.1779462600153525e-09.

  values, vectors = lobpcg(projected_hamiltonian, guess, largest=False,
/home/erosanow_hpc/informed_swapping/BARK.py:156: UserWarning: Exited postprocessing with accuracies 
[3.17794585e-09]
not reaching the requested tolerance 1e-09.
  values, vectors = lobpcg(projected_hamiltonian, guess, largest=False,
/home/erosanow_hpc/informed_swapping/BARK.py:156: UserWarning: Exited at iteration 50 with accuracies 
[1.25707174e-09]
not reaching the requested tolerance 1e-09.
Use iteration 51 instead with accuracy 
1.257071741197286e-09.

  values, vectors = lobpcg(projected_hamiltonian, guess, largest=False,
/home/erosanow_hpc/informed_swapping/BARK.py:156: UserWarning: Exited postprocessing with accuracies 
[1.25707112e-09]
not reaching the requested tolerance 1e-09.
  values, vectors = lobpcg(projected_hamiltonian, guess, largest=False,
/home/erosanow_hpc/informed_swapping/BARK.py:156: UserWarning: Exited at iteration 50 with accuracies 
[1.09963363e-09]
not reaching the requested tolerance 1e-09.
Use iteration 51 instead with accuracy 
1.099633634807703e-09.

  values, vectors = lobpcg(projected_hamiltonian, guess, largest=False,
/home/erosanow_hpc/informed_swapping/BARK.py:156: UserWarning: Exited postprocessing with accuracies 
[1.09963311e-09]
not reaching the requested tolerance 1e-09.
  values, vectors = lobpcg(projected_hamiltonian, guess, largest=False,
/home/erosanow_hpc/informed_swapping/BARK.py:156: UserWarning: Exited at iteration 50 with accuracies 
[1.42410197e-09]
not reaching the requested tolerance 1e-09.
Use iteration 51 instead with accuracy 
1.4241019727777291e-09.

  values, vectors = lobpcg(projected_hamiltonian, guess, largest=False,
/home/erosanow_hpc/informed_swapping/BARK.py:156: UserWarning: Exited postprocessing with accuracies 
[1.42410189e-09]
not reaching the requested tolerance 1e-09.
  values, vectors = lobpcg(projected_hamiltonian, guess, largest=False,
/home/erosanow_hpc/informed_swapping/BARK.py:156: UserWarning: Exited at iteration 50 with accuracies 
[1.16725479e-09]
not reaching the requested tolerance 1e-09.
Use iteration 51 instead with accuracy 
1.1672547901192146e-09.

  values, vectors = lobpcg(projected_hamiltonian, guess, largest=False,
/home/erosanow_hpc/informed_swapping/BARK.py:156: UserWarning: Exited postprocessing with accuracies 
[1.16725424e-09]
not reaching the requested tolerance 1e-09.
  values, vectors = lobpcg(projected_hamiltonian, guess, largest=False,
/home/erosanow_hpc/informed_swapping/BARK.py:156: UserWarning: Exited at iteration 50 with accuracies 
[1.727583e-09]
not reaching the requested tolerance 1e-09.
Use iteration 51 instead with accuracy 
1.7275830029236437e-09.

  values, vectors = lobpcg(projected_hamiltonian, guess, largest=False,
/home/erosanow_hpc/informed_swapping/BARK.py:156: UserWarning: Exited postprocessing with accuracies 
[1.72758308e-09]
not reaching the requested tolerance 1e-09.
  values, vectors = lobpcg(projected_hamiltonian, guess, largest=False,
/home/erosanow_hpc/informed_swapping/BARK.py:156: UserWarning: Exited at iteration 50 with accuracies 
[2.05205704e-09]
not reaching the requested tolerance 1e-09.
Use iteration 51 instead with accuracy 
2.052057035458033e-09.

  values, vectors = lobpcg(projected_hamiltonian, guess, largest=False,
/home/erosanow_hpc/informed_swapping/BARK.py:156: UserWarning: Exited postprocessing with accuracies 
[2.05205766e-09]
not reaching the requested tolerance 1e-09.
  values, vectors = lobpcg(projected_hamiltonian, guess, largest=False,
/home/erosanow_hpc/informed_swapping/BARK.py:156: UserWarning: Exited at iteration 50 with accuracies 
[2.82633798e-09]
not reaching the requested tolerance 1e-09.
Use iteration 51 instead with accuracy 
2.8263379839237843e-09.

  values, vectors = lobpcg(projected_hamiltonian, guess, largest=False,
/home/erosanow_hpc/informed_swapping/BARK.py:156: UserWarning: Exited postprocessing with accuracies 
[2.82633854e-09]
not reaching the requested tolerance 1e-09.
  values, vectors = lobpcg(projected_hamiltonian, guess, largest=False,
/home/erosanow_hpc/informed_swapping/BARK.py:156: UserWarning: Exited at iteration 50 with accuracies 
[1.41536621e-09]
not reaching the requested tolerance 1e-09.
Use iteration 51 instead with accuracy 
1.4153662071097463e-09.

  values, vectors = lobpcg(projected_hamiltonian, guess, largest=False,
/home/erosanow_hpc/informed_swapping/BARK.py:156: UserWarning: Exited postprocessing with accuracies 
[1.41536593e-09]
not reaching the requested tolerance 1e-09.
  values, vectors = lobpcg(projected_hamiltonian, guess, largest=False,
/home/erosanow_hpc/informed_swapping/BARK.py:156: UserWarning: Exited at iteration 50 with accuracies 
[1.69230354e-09]
not reaching the requested tolerance 1e-09.
Use iteration 51 instead with accuracy 
1.6923035415047417e-09.

  values, vectors = lobpcg(projected_hamiltonian, guess, largest=False,
/home/erosanow_hpc/informed_swapping/BARK.py:156: UserWarning: Exited postprocessing with accuracies 
[1.69230328e-09]
not reaching the requested tolerance 1e-09.
  values, vectors = lobpcg(projected_hamiltonian, guess, largest=False,
/home/erosanow_hpc/informed_swapping/BARK.py:156: UserWarning: Exited at iteration 50 with accuracies 
[1.72497498e-09]
not reaching the requested tolerance 1e-09.
Use iteration 51 instead with accuracy 
1.7249749819381532e-09.

  values, vectors = lobpcg(projected_hamiltonian, guess, largest=False,
/home/erosanow_hpc/informed_swapping/BARK.py:156: UserWarning: Exited postprocessing with accuracies 
[1.72497511e-09]
not reaching the requested tolerance 1e-09.
  values, vectors = lobpcg(projected_hamiltonian, guess, largest=False,
/home/erosanow_hpc/informed_swapping/BARK.py:156: UserWarning: Exited at iteration 50 with accuracies 
[2.68888236e-09]
not reaching the requested tolerance 1e-09.
Use iteration 51 instead with accuracy 
2.688882357752343e-09.

  values, vectors = lobpcg(projected_hamiltonian, guess, largest=False,
/home/erosanow_hpc/informed_swapping/BARK.py:156: UserWarning: Exited postprocessing with accuracies 
[2.6888811e-09]
not reaching the requested tolerance 1e-09.
  values, vectors = lobpcg(projected_hamiltonian, guess, largest=False,
/home/erosanow_hpc/informed_swapping/BARK.py:156: UserWarning: Exited at iteration 50 with accuracies 
[2.11130491e-09]
not reaching the requested tolerance 1e-09.
Use iteration 51 instead with accuracy 
2.111304909455738e-09.

  values, vectors = lobpcg(projected_hamiltonian, guess, largest=False,
/home/erosanow_hpc/informed_swapping/BARK.py:156: UserWarning: Exited postprocessing with accuracies 
[2.11130527e-09]
not reaching the requested tolerance 1e-09.
  values, vectors = lobpcg(projected_hamiltonian, guess, largest=False,
/home/erosanow_hpc/informed_swapping/BARK.py:156: UserWarning: Exited at iteration 50 with accuracies 
[2.62198587e-09]
not reaching the requested tolerance 1e-09.
Use iteration 51 instead with accuracy 
2.6219858745376063e-09.

  values, vectors = lobpcg(projected_hamiltonian, guess, largest=False,
/home/erosanow_hpc/informed_swapping/BARK.py:156: UserWarning: Exited postprocessing with accuracies 
[2.62198595e-09]
not reaching the requested tolerance 1e-09.
  values, vectors = lobpcg(projected_hamiltonian, guess, largest=False,
/home/erosanow_hpc/informed_swapping/BARK.py:156: UserWarning: Exited at iteration 50 with accuracies 
[2.89065127e-09]
not reaching the requested tolerance 1e-09.
Use iteration 51 instead with accuracy 
2.890651266369277e-09.

  values, vectors = lobpcg(projected_hamiltonian, guess, largest=False,
/home/erosanow_hpc/informed_swapping/BARK.py:156: UserWarning: Exited postprocessing with accuracies 
[2.89065137e-09]
not reaching the requested tolerance 1e-09.
  values, vectors = lobpcg(projected_hamiltonian, guess, largest=False,
/home/erosanow_hpc/informed_swapping/BARK.py:156: UserWarning: Exited at iteration 50 with accuracies 
[4.51195826e-09]
not reaching the requested tolerance 1e-09.
Use iteration 51 instead with accuracy 
4.511958257306618e-09.

  values, vectors = lobpcg(projected_hamiltonian, guess, largest=False,
/home/erosanow_hpc/informed_swapping/BARK.py:156: UserWarning: Exited postprocessing with accuracies 
[4.51195826e-09]
not reaching the requested tolerance 1e-09.
  values, vectors = lobpcg(projected_hamiltonian, guess, largest=False,
/home/erosanow_hpc/informed_swapping/BARK.py:156: UserWarning: Exited at iteration 50 with accuracies 
[1.09479446e-09]
not reaching the requested tolerance 1e-09.
Use iteration 49 instead with accuracy 
1.0189453395376062e-09.

  values, vectors = lobpcg(projected_hamiltonian, guess, largest=False,
/home/erosanow_hpc/informed_swapping/BARK.py:156: UserWarning: Exited postprocessing with accuracies 
[1.01894577e-09]
not reaching the requested tolerance 1e-09.
  values, vectors = lobpcg(projected_hamiltonian, guess, largest=False,
/home/erosanow_hpc/informed_swapping/BARK.py:156: UserWarning: Exited at iteration 50 with accuracies 
[1.67287367e-09]
not reaching the requested tolerance 1e-09.
Use iteration 49 instead with accuracy 
1.460609871549133e-09.

  values, vectors = lobpcg(projected_hamiltonian, guess, largest=False,
/home/erosanow_hpc/informed_swapping/BARK.py:156: UserWarning: Exited postprocessing with accuracies 
[1.46061035e-09]
not reaching the requested tolerance 1e-09.
  values, vectors = lobpcg(projected_hamiltonian, guess, largest=False,
/home/erosanow_hpc/informed_swapping/BARK.py:156: UserWarning: Exited at iteration 50 with accuracies 
[2.88945945e-09]
not reaching the requested tolerance 1e-09.
Use iteration 49 instead with accuracy 
2.6723292598288514e-09.

  values, vectors = lobpcg(projected_hamiltonian, guess, largest=False,
/home/erosanow_hpc/informed_swapping/BARK.py:156: UserWarning: Exited postprocessing with accuracies 
[2.67232922e-09]
not reaching the requested tolerance 1e-09.
  values, vectors = lobpcg(projected_hamiltonian, guess, largest=False,
/home/erosanow_hpc/informed_swapping/BARK.py:156: UserWarning: Exited at iteration 50 with accuracies 
[1.30923143e-09]
not reaching the requested tolerance 1e-09.
Use iteration 51 instead with accuracy 
1.3092314303203855e-09.

  values, vectors = lobpcg(projected_hamiltonian, guess, largest=False,
/home/erosanow_hpc/informed_swapping/BARK.py:156: UserWarning: Exited postprocessing with accuracies 
[1.3092305e-09]
not reaching the requested tolerance 1e-09.
  values, vectors = lobpcg(projected_hamiltonian, guess, largest=False,
/home/erosanow_hpc/informed_swapping/BARK.py:156: UserWarning: Exited at iteration 50 with accuracies 
[1.04314594e-09]
not reaching the requested tolerance 1e-09.
Use iteration 51 instead with accuracy 
1.0431459437729703e-09.

  values, vectors = lobpcg(projected_hamiltonian, guess, largest=False,
/home/erosanow_hpc/informed_swapping/BARK.py:156: UserWarning: Exited postprocessing with accuracies 
[1.04314606e-09]
not reaching the requested tolerance 1e-09.
  values, vectors = lobpcg(projected_hamiltonian, guess, largest=False,
/home/erosanow_hpc/informed_swapping/BARK.py:156: UserWarning: Exited at iteration 50 with accuracies 
[1.37720739e-09]
not reaching the requested tolerance 1e-09.
Use iteration 51 instead with accuracy 
1.3772073928225839e-09.

  values, vectors = lobpcg(projected_hamiltonian, guess, largest=False,
/home/erosanow_hpc/informed_swapping/BARK.py:156: UserWarning: Exited postprocessing with accuracies 
[1.37720754e-09]
not reaching the requested tolerance 1e-09.
  values, vectors = lobpcg(projected_hamiltonian, guess, largest=False,
/home/erosanow_hpc/informed_swapping/BARK.py:156: UserWarning: Exited at iteration 50 with accuracies 
[1.13018666e-09]
not reaching the requested tolerance 1e-09.
Use iteration 51 instead with accuracy 
1.1301866555591825e-09.

  values, vectors = lobpcg(projected_hamiltonian, guess, largest=False,
/home/erosanow_hpc/informed_swapping/BARK.py:156: UserWarning: Exited postprocessing with accuracies 
[1.13018652e-09]
not reaching the requested tolerance 1e-09.
  values, vectors = lobpcg(projected_hamiltonian, guess, largest=False,
/home/erosanow_hpc/informed_swapping/BARK.py:156: UserWarning: Exited at iteration 50 with accuracies 
[1.16900997e-09]
not reaching the requested tolerance 1e-09.
Use iteration 51 instead with accuracy 
1.1690099677858407e-09.

  values, vectors = lobpcg(projected_hamiltonian, guess, largest=False,
/home/erosanow_hpc/informed_swapping/BARK.py:156: UserWarning: Exited postprocessing with accuracies 
[1.1690103e-09]
not reaching the requested tolerance 1e-09.
  values, vectors = lobpcg(projected_hamiltonian, guess, largest=False,
/home/erosanow_hpc/informed_swapping/BARK.py:156: UserWarning: Exited at iteration 50 with accuracies 
[1.21436152e-09]
not reaching the requested tolerance 1e-09.
Use iteration 51 instead with accuracy 
1.2143615163106964e-09.

  values, vectors = lobpcg(projected_hamiltonian, guess, largest=False,
/home/erosanow_hpc/informed_swapping/BARK.py:156: UserWarning: Exited postprocessing with accuracies 
[1.21436125e-09]
not reaching the requested tolerance 1e-09.
  values, vectors = lobpcg(projected_hamiltonian, guess, largest=False,
/home/erosanow_hpc/informed_swapping/BARK.py:156: UserWarning: Exited at iteration 50 with accuracies 
[1.18407639e-09]
not reaching the requested tolerance 1e-09.
Use iteration 51 instead with accuracy 
1.1840763880352675e-09.

  values, vectors = lobpcg(projected_hamiltonian, guess, largest=False,
/home/erosanow_hpc/informed_swapping/BARK.py:156: UserWarning: Exited postprocessing with accuracies 
[1.1840764e-09]
not reaching the requested tolerance 1e-09.
  values, vectors = lobpcg(projected_hamiltonian, guess, largest=False,
/home/erosanow_hpc/informed_swapping/BARK.py:156: UserWarning: Exited at iteration 50 with accuracies 
[1.59877789e-09]
not reaching the requested tolerance 1e-09.
Use iteration 51 instead with accuracy 
1.5987778936188625e-09.

  values, vectors = lobpcg(projected_hamiltonian, guess, largest=False,
/home/erosanow_hpc/informed_swapping/BARK.py:156: UserWarning: Exited postprocessing with accuracies 
[1.59877807e-09]
not reaching the requested tolerance 1e-09.
  values, vectors = lobpcg(projected_hamiltonian, guess, largest=False,
/home/erosanow_hpc/informed_swapping/BARK.py:156: UserWarning: Exited at iteration 50 with accuracies 
[1.35937275e-09]
not reaching the requested tolerance 1e-09.
Use iteration 51 instead with accuracy 
1.3593727450065957e-09.

  values, vectors = lobpcg(projected_hamiltonian, guess, largest=False,
/home/erosanow_hpc/informed_swapping/BARK.py:156: UserWarning: Exited postprocessing with accuracies 
[1.35937286e-09]
not reaching the requested tolerance 1e-09.
  values, vectors = lobpcg(projected_hamiltonian, guess, largest=False,
/home/erosanow_hpc/informed_swapping/BARK.py:156: UserWarning: Exited at iteration 50 with accuracies 
[1.67480446e-09]
not reaching the requested tolerance 1e-09.
Use iteration 51 instead with accuracy 
1.6748044567494567e-09.

  values, vectors = lobpcg(projected_hamiltonian, guess, largest=False,
/home/erosanow_hpc/informed_swapping/BARK.py:156: UserWarning: Exited postprocessing with accuracies 
[1.67480546e-09]
not reaching the requested tolerance 1e-09.
  values, vectors = lobpcg(projected_hamiltonian, guess, largest=False,
/home/erosanow_hpc/informed_swapping/BARK.py:156: UserWarning: Exited at iteration 50 with accuracies 
[1.1405167e-09]
not reaching the requested tolerance 1e-09.
Use iteration 51 instead with accuracy 
1.1405167003883215e-09.

  values, vectors = lobpcg(projected_hamiltonian, guess, largest=False,
/home/erosanow_hpc/informed_swapping/BARK.py:156: UserWarning: Exited postprocessing with accuracies 
[1.14051654e-09]
not reaching the requested tolerance 1e-09.
  values, vectors = lobpcg(projected_hamiltonian, guess, largest=False,
/home/erosanow_hpc/informed_swapping/BARK.py:156: UserWarning: Exited at iteration 50 with accuracies 
[1.30743403e-09]
not reaching the requested tolerance 1e-09.
Use iteration 51 instead with accuracy 
1.3074340303443793e-09.

  values, vectors = lobpcg(projected_hamiltonian, guess, largest=False,
/home/erosanow_hpc/informed_swapping/BARK.py:156: UserWarning: Exited postprocessing with accuracies 
[1.30743454e-09]
not reaching the requested tolerance 1e-09.
  values, vectors = lobpcg(projected_hamiltonian, guess, largest=False,
/home/erosanow_hpc/informed_swapping/BARK.py:156: UserWarning: Exited at iteration 50 with accuracies 
[1.33818339e-09]
not reaching the requested tolerance 1e-09.
Use iteration 51 instead with accuracy 
1.3381833852123885e-09.

  values, vectors = lobpcg(projected_hamiltonian, guess, largest=False,
/home/erosanow_hpc/informed_swapping/BARK.py:156: UserWarning: Exited postprocessing with accuracies 
[1.338183e-09]
not reaching the requested tolerance 1e-09.
  values, vectors = lobpcg(projected_hamiltonian, guess, largest=False,
/home/erosanow_hpc/informed_swapping/BARK.py:156: UserWarning: Exited at iteration 50 with accuracies 
[2.18725562e-09]
not reaching the requested tolerance 1e-09.
Use iteration 51 instead with accuracy 
2.1872556152678615e-09.

  values, vectors = lobpcg(projected_hamiltonian, guess, largest=False,
/home/erosanow_hpc/informed_swapping/BARK.py:156: UserWarning: Exited postprocessing with accuracies 
[2.18725556e-09]
not reaching the requested tolerance 1e-09.
  values, vectors = lobpcg(projected_hamiltonian, guess, largest=False,
/home/erosanow_hpc/informed_swapping/BARK.py:156: UserWarning: Exited at iteration 50 with accuracies 
[1.59886853e-09]
not reaching the requested tolerance 1e-09.
Use iteration 51 instead with accuracy 
1.598868530984669e-09.

  values, vectors = lobpcg(projected_hamiltonian, guess, largest=False,
/home/erosanow_hpc/informed_swapping/BARK.py:156: UserWarning: Exited postprocessing with accuracies 
[1.59886832e-09]
not reaching the requested tolerance 1e-09.
  values, vectors = lobpcg(projected_hamiltonian, guess, largest=False,
/home/erosanow_hpc/informed_swapping/BARK.py:156: UserWarning: Exited at iteration 50 with accuracies 
[1.91307663e-09]
not reaching the requested tolerance 1e-09.
Use iteration 51 instead with accuracy 
1.913076632442324e-09.

  values, vectors = lobpcg(projected_hamiltonian, guess, largest=False,
/home/erosanow_hpc/informed_swapping/BARK.py:156: UserWarning: Exited postprocessing with accuracies 
[1.91307635e-09]
not reaching the requested tolerance 1e-09.
  values, vectors = lobpcg(projected_hamiltonian, guess, largest=False,
/home/erosanow_hpc/informed_swapping/BARK.py:156: UserWarning: Exited at iteration 50 with accuracies 
[2.13378824e-09]
not reaching the requested tolerance 1e-09.
Use iteration 51 instead with accuracy 
2.133788235963536e-09.

  values, vectors = lobpcg(projected_hamiltonian, guess, largest=False,
/home/erosanow_hpc/informed_swapping/BARK.py:156: UserWarning: Exited postprocessing with accuracies 
[2.13378827e-09]
not reaching the requested tolerance 1e-09.
  values, vectors = lobpcg(projected_hamiltonian, guess, largest=False,
/home/erosanow_hpc/informed_swapping/BARK.py:156: UserWarning: Exited at iteration 50 with accuracies 
[3.40588002e-09]
not reaching the requested tolerance 1e-09.
Use iteration 51 instead with accuracy 
3.4058800225287494e-09.

  values, vectors = lobpcg(projected_hamiltonian, guess, largest=False,
/home/erosanow_hpc/informed_swapping/BARK.py:156: UserWarning: Exited postprocessing with accuracies 
[3.4058797e-09]
not reaching the requested tolerance 1e-09.
  values, vectors = lobpcg(projected_hamiltonian, guess, largest=False,
/home/erosanow_hpc/informed_swapping/BARK.py:156: UserWarning: Exited at iteration 50 with accuracies 
[1.03796367e-09]
not reaching the requested tolerance 1e-09.
Use iteration 51 instead with accuracy 
1.0379636683177475e-09.

  values, vectors = lobpcg(projected_hamiltonian, guess, largest=False,
/home/erosanow_hpc/informed_swapping/BARK.py:156: UserWarning: Exited postprocessing with accuracies 
[1.03796323e-09]
not reaching the requested tolerance 1e-09.
  values, vectors = lobpcg(projected_hamiltonian, guess, largest=False,
/home/erosanow_hpc/informed_swapping/BARK.py:156: UserWarning: Exited at iteration 50 with accuracies 
[1.18238563e-09]
not reaching the requested tolerance 1e-09.
Use iteration 51 instead with accuracy 
1.1823856265515472e-09.

  values, vectors = lobpcg(projected_hamiltonian, guess, largest=False,
/home/erosanow_hpc/informed_swapping/BARK.py:156: UserWarning: Exited postprocessing with accuracies 
[1.18238577e-09]
not reaching the requested tolerance 1e-09.
  values, vectors = lobpcg(projected_hamiltonian, guess, largest=False,
/home/erosanow_hpc/informed_swapping/BARK.py:156: UserWarning: Exited at iteration 50 with accuracies 
[1.20307235e-09]
not reaching the requested tolerance 1e-09.
Use iteration 51 instead with accuracy 
1.2030723490047067e-09.

  values, vectors = lobpcg(projected_hamiltonian, guess, largest=False,
/home/erosanow_hpc/informed_swapping/BARK.py:156: UserWarning: Exited postprocessing with accuracies 
[1.20307223e-09]
not reaching the requested tolerance 1e-09.
  values, vectors = lobpcg(projected_hamiltonian, guess, largest=False,
/home/erosanow_hpc/informed_swapping/BARK.py:156: UserWarning: Exited at iteration 50 with accuracies 
[1.06837626e-09]
not reaching the requested tolerance 1e-09.
Use iteration 51 instead with accuracy 
1.0683762629736135e-09.

  values, vectors = lobpcg(projected_hamiltonian, guess, largest=False,
/home/erosanow_hpc/informed_swapping/BARK.py:156: UserWarning: Exited postprocessing with accuracies 
[1.06837654e-09]
not reaching the requested tolerance 1e-09.
  values, vectors = lobpcg(projected_hamiltonian, guess, largest=False,
/home/erosanow_hpc/informed_swapping/BARK.py:156: UserWarning: Exited at iteration 50 with accuracies 
[1.08868871e-09]
not reaching the requested tolerance 1e-09.
Use iteration 51 instead with accuracy 
1.08868871004038e-09.

  values, vectors = lobpcg(projected_hamiltonian, guess, largest=False,
/home/erosanow_hpc/informed_swapping/BARK.py:156: UserWarning: Exited postprocessing with accuracies 
[1.08868902e-09]
not reaching the requested tolerance 1e-09.
  values, vectors = lobpcg(projected_hamiltonian, guess, largest=False,
/home/erosanow_hpc/informed_swapping/BARK.py:156: UserWarning: Exited at iteration 50 with accuracies 
[1.53790776e-09]
not reaching the requested tolerance 1e-09.
Use iteration 51 instead with accuracy 
1.5379077570515245e-09.

  values, vectors = lobpcg(projected_hamiltonian, guess, largest=False,
/home/erosanow_hpc/informed_swapping/BARK.py:156: UserWarning: Exited postprocessing with accuracies 
[1.53790789e-09]
not reaching the requested tolerance 1e-09.
  values, vectors = lobpcg(projected_hamiltonian, guess, largest=False,
/home/erosanow_hpc/informed_swapping/BARK.py:156: UserWarning: Exited at iteration 50 with accuracies 
[1.11589104e-09]
not reaching the requested tolerance 1e-09.
Use iteration 51 instead with accuracy 
1.11589103610046e-09.

  values, vectors = lobpcg(projected_hamiltonian, guess, largest=False,
/home/erosanow_hpc/informed_swapping/BARK.py:156: UserWarning: Exited postprocessing with accuracies 
[1.11589129e-09]
not reaching the requested tolerance 1e-09.
  values, vectors = lobpcg(projected_hamiltonian, guess, largest=False,
/home/erosanow_hpc/informed_swapping/BARK.py:156: UserWarning: Exited at iteration 50 with accuracies 
[1.29499437e-09]
not reaching the requested tolerance 1e-09.
Use iteration 51 instead with accuracy 
1.2949943746386747e-09.

  values, vectors = lobpcg(projected_hamiltonian, guess, largest=False,
/home/erosanow_hpc/informed_swapping/BARK.py:156: UserWarning: Exited postprocessing with accuracies 
[1.2949948e-09]
not reaching the requested tolerance 1e-09.
  values, vectors = lobpcg(projected_hamiltonian, guess, largest=False,
/home/erosanow_hpc/informed_swapping/BARK.py:156: UserWarning: Exited at iteration 50 with accuracies 
[1.05153384e-09]
not reaching the requested tolerance 1e-09.
Use iteration 51 instead with accuracy 
1.0515338440588604e-09.

  values, vectors = lobpcg(projected_hamiltonian, guess, largest=False,
/home/erosanow_hpc/informed_swapping/BARK.py:156: UserWarning: Exited postprocessing with accuracies 
[1.05153338e-09]
not reaching the requested tolerance 1e-09.
  values, vectors = lobpcg(projected_hamiltonian, guess, largest=False,
/home/erosanow_hpc/informed_swapping/BARK.py:156: UserWarning: Exited at iteration 50 with accuracies 
[1.17842113e-09]
not reaching the requested tolerance 1e-09.
Use iteration 51 instead with accuracy 
1.1784211252458214e-09.

  values, vectors = lobpcg(projected_hamiltonian, guess, largest=False,
/home/erosanow_hpc/informed_swapping/BARK.py:156: UserWarning: Exited postprocessing with accuracies 
[1.17842042e-09]
not reaching the requested tolerance 1e-09.
  values, vectors = lobpcg(projected_hamiltonian, guess, largest=False,
/home/erosanow_hpc/informed_swapping/BARK.py:156: UserWarning: Exited at iteration 50 with accuracies 
[1.16174516e-09]
not reaching the requested tolerance 1e-09.
Use iteration 51 instead with accuracy 
1.161745162420498e-09.

  values, vectors = lobpcg(projected_hamiltonian, guess, largest=False,
/home/erosanow_hpc/informed_swapping/BARK.py:156: UserWarning: Exited postprocessing with accuracies 
[1.16174541e-09]
not reaching the requested tolerance 1e-09.
  values, vectors = lobpcg(projected_hamiltonian, guess, largest=False,
/home/erosanow_hpc/informed_swapping/BARK.py:156: UserWarning: Exited at iteration 50 with accuracies 
[1.91401502e-09]
not reaching the requested tolerance 1e-09.
Use iteration 51 instead with accuracy 
1.914015020172291e-09.

  values, vectors = lobpcg(projected_hamiltonian, guess, largest=False,
/home/erosanow_hpc/informed_swapping/BARK.py:156: UserWarning: Exited postprocessing with accuracies 
[1.91401513e-09]
not reaching the requested tolerance 1e-09.
  values, vectors = lobpcg(projected_hamiltonian, guess, largest=False,
/home/erosanow_hpc/informed_swapping/BARK.py:156: UserWarning: Exited at iteration 50 with accuracies 
[1.1494531e-09]
not reaching the requested tolerance 1e-09.
Use iteration 51 instead with accuracy 
1.149453099688731e-09.

  values, vectors = lobpcg(projected_hamiltonian, guess, largest=False,
/home/erosanow_hpc/informed_swapping/BARK.py:156: UserWarning: Exited postprocessing with accuracies 
[1.14945307e-09]
not reaching the requested tolerance 1e-09.
  values, vectors = lobpcg(projected_hamiltonian, guess, largest=False,
/home/erosanow_hpc/informed_swapping/BARK.py:156: UserWarning: Exited at iteration 50 with accuracies 
[1.42977996e-09]
not reaching the requested tolerance 1e-09.
Use iteration 51 instead with accuracy 
1.4297799567485915e-09.

  values, vectors = lobpcg(projected_hamiltonian, guess, largest=False,
/home/erosanow_hpc/informed_swapping/BARK.py:156: UserWarning: Exited postprocessing with accuracies 
[1.42978051e-09]
not reaching the requested tolerance 1e-09.
  values, vectors = lobpcg(projected_hamiltonian, guess, largest=False,
/home/erosanow_hpc/informed_swapping/BARK.py:156: UserWarning: Exited at iteration 50 with accuracies 
[1.99500246e-09]
not reaching the requested tolerance 1e-09.
Use iteration 51 instead with accuracy 
1.9950024646418142e-09.

  values, vectors = lobpcg(projected_hamiltonian, guess, largest=False,
/home/erosanow_hpc/informed_swapping/BARK.py:156: UserWarning: Exited postprocessing with accuracies 
[1.99500198e-09]
not reaching the requested tolerance 1e-09.
  values, vectors = lobpcg(projected_hamiltonian, guess, largest=False,
/home/erosanow_hpc/informed_swapping/BARK.py:156: UserWarning: Exited at iteration 50 with accuracies 
[1.05146425e-09]
not reaching the requested tolerance 1e-09.
Use iteration 51 instead with accuracy 
1.0514642511872063e-09.

  values, vectors = lobpcg(projected_hamiltonian, guess, largest=False,
/home/erosanow_hpc/informed_swapping/BARK.py:156: UserWarning: Exited postprocessing with accuracies 
[1.05146393e-09]
not reaching the requested tolerance 1e-09.
  values, vectors = lobpcg(projected_hamiltonian, guess, largest=False,
/home/erosanow_hpc/informed_swapping/BARK.py:156: UserWarning: Exited at iteration 50 with accuracies 
[1.18454861e-09]
not reaching the requested tolerance 1e-09.
Use iteration 51 instead with accuracy 
1.1845486104543199e-09.

  values, vectors = lobpcg(projected_hamiltonian, guess, largest=False,
/home/erosanow_hpc/informed_swapping/BARK.py:156: UserWarning: Exited postprocessing with accuracies 
[1.18454854e-09]
not reaching the requested tolerance 1e-09.
  values, vectors = lobpcg(projected_hamiltonian, guess, largest=False,
/home/erosanow_hpc/informed_swapping/BARK.py:156: UserWarning: Exited at iteration 50 with accuracies 
[1.29528429e-09]
not reaching the requested tolerance 1e-09.
Use iteration 51 instead with accuracy 
1.2952842925199116e-09.

  values, vectors = lobpcg(projected_hamiltonian, guess, largest=False,
/home/erosanow_hpc/informed_swapping/BARK.py:156: UserWarning: Exited postprocessing with accuracies 
[1.29528384e-09]
not reaching the requested tolerance 1e-09.
  values, vectors = lobpcg(projected_hamiltonian, guess, largest=False,
/home/erosanow_hpc/informed_swapping/BARK.py:156: UserWarning: Exited at iteration 50 with accuracies 
[2.11247308e-09]
not reaching the requested tolerance 1e-09.
Use iteration 51 instead with accuracy 
2.112473077146891e-09.

  values, vectors = lobpcg(projected_hamiltonian, guess, largest=False,
/home/erosanow_hpc/informed_swapping/BARK.py:156: UserWarning: Exited postprocessing with accuracies 
[2.11247243e-09]
not reaching the requested tolerance 1e-09.
  values, vectors = lobpcg(projected_hamiltonian, guess, largest=False,
/home/erosanow_hpc/informed_swapping/BARK.py:156: UserWarning: Exited at iteration 50 with accuracies 
[1.70641488e-09]
not reaching the requested tolerance 1e-09.
Use iteration 51 instead with accuracy 
1.7064148762541524e-09.

  values, vectors = lobpcg(projected_hamiltonian, guess, largest=False,
/home/erosanow_hpc/informed_swapping/BARK.py:156: UserWarning: Exited postprocessing with accuracies 
[1.70641508e-09]
not reaching the requested tolerance 1e-09.
  values, vectors = lobpcg(projected_hamiltonian, guess, largest=False,
/home/erosanow_hpc/informed_swapping/BARK.py:156: UserWarning: Exited at iteration 50 with accuracies 
[2.03709e-09]
not reaching the requested tolerance 1e-09.
Use iteration 51 instead with accuracy 
2.0370899994261902e-09.

  values, vectors = lobpcg(projected_hamiltonian, guess, largest=False,
/home/erosanow_hpc/informed_swapping/BARK.py:156: UserWarning: Exited postprocessing with accuracies 
[2.03709047e-09]
not reaching the requested tolerance 1e-09.
  values, vectors = lobpcg(projected_hamiltonian, guess, largest=False,
/home/erosanow_hpc/informed_swapping/BARK.py:156: UserWarning: Exited at iteration 50 with accuracies 
[2.10861394e-09]
not reaching the requested tolerance 1e-09.
Use iteration 51 instead with accuracy 
2.1086139351206655e-09.

  values, vectors = lobpcg(projected_hamiltonian, guess, largest=False,
/home/erosanow_hpc/informed_swapping/BARK.py:156: UserWarning: Exited postprocessing with accuracies 
[2.10861372e-09]
not reaching the requested tolerance 1e-09.
  values, vectors = lobpcg(projected_hamiltonian, guess, largest=False,
/home/erosanow_hpc/informed_swapping/BARK.py:156: UserWarning: Exited at iteration 50 with accuracies 
[3.34515313e-09]
not reaching the requested tolerance 1e-09.
Use iteration 51 instead with accuracy 
3.345153127198307e-09.

  values, vectors = lobpcg(projected_hamiltonian, guess, largest=False,
/home/erosanow_hpc/informed_swapping/BARK.py:156: UserWarning: Exited postprocessing with accuracies 
[3.34515368e-09]
not reaching the requested tolerance 1e-09.
  values, vectors = lobpcg(projected_hamiltonian, guess, largest=False,
/home/erosanow_hpc/informed_swapping/BARK.py:156: UserWarning: Exited at iteration 50 with accuracies 
[1.04928954e-09]
not reaching the requested tolerance 1e-09.
Use iteration 51 instead with accuracy 
1.04928953855641e-09.

  values, vectors = lobpcg(projected_hamiltonian, guess, largest=False,
/home/erosanow_hpc/informed_swapping/BARK.py:156: UserWarning: Exited postprocessing with accuracies 
[1.04928959e-09]
not reaching the requested tolerance 1e-09.
  values, vectors = lobpcg(projected_hamiltonian, guess, largest=False,
/home/erosanow_hpc/informed_swapping/BARK.py:156: UserWarning: Exited at iteration 50 with accuracies 
[1.24048931e-09]
not reaching the requested tolerance 1e-09.
Use iteration 51 instead with accuracy 
1.240489312615688e-09.

  values, vectors = lobpcg(projected_hamiltonian, guess, largest=False,
/home/erosanow_hpc/informed_swapping/BARK.py:156: UserWarning: Exited postprocessing with accuracies 
[1.24048974e-09]
not reaching the requested tolerance 1e-09.
  values, vectors = lobpcg(projected_hamiltonian, guess, largest=False,
/home/erosanow_hpc/informed_swapping/BARK.py:156: UserWarning: Exited at iteration 50 with accuracies 
[1.09694434e-09]
not reaching the requested tolerance 1e-09.
Use iteration 51 instead with accuracy 
1.0969443444178091e-09.

  values, vectors = lobpcg(projected_hamiltonian, guess, largest=False,
/home/erosanow_hpc/informed_swapping/BARK.py:156: UserWarning: Exited postprocessing with accuracies 
[1.09694465e-09]
not reaching the requested tolerance 1e-09.
  values, vectors = lobpcg(projected_hamiltonian, guess, largest=False,
/home/erosanow_hpc/informed_swapping/BARK.py:156: UserWarning: Exited at iteration 50 with accuracies 
[1.1941925e-09]
not reaching the requested tolerance 1e-09.
Use iteration 51 instead with accuracy 
1.1941924979351888e-09.

  values, vectors = lobpcg(projected_hamiltonian, guess, largest=False,
/home/erosanow_hpc/informed_swapping/BARK.py:156: UserWarning: Exited postprocessing with accuracies 
[1.19419231e-09]
not reaching the requested tolerance 1e-09.
  values, vectors = lobpcg(projected_hamiltonian, guess, largest=False,
/home/erosanow_hpc/informed_swapping/BARK.py:156: UserWarning: Exited at iteration 50 with accuracies 
[1.95071384e-09]
not reaching the requested tolerance 1e-09.
Use iteration 51 instead with accuracy 
1.9507138372614957e-09.

  values, vectors = lobpcg(projected_hamiltonian, guess, largest=False,
/home/erosanow_hpc/informed_swapping/BARK.py:156: UserWarning: Exited postprocessing with accuracies 
[1.95071363e-09]
not reaching the requested tolerance 1e-09.
  values, vectors = lobpcg(projected_hamiltonian, guess, largest=False,
/home/erosanow_hpc/informed_swapping/BARK.py:156: UserWarning: Exited at iteration 50 with accuracies 
[1.07362255e-09]
not reaching the requested tolerance 1e-09.
Use iteration 51 instead with accuracy 
1.0736225461964412e-09.

  values, vectors = lobpcg(projected_hamiltonian, guess, largest=False,
/home/erosanow_hpc/informed_swapping/BARK.py:156: UserWarning: Exited postprocessing with accuracies 
[1.07362217e-09]
not reaching the requested tolerance 1e-09.
  values, vectors = lobpcg(projected_hamiltonian, guess, largest=False,
/home/erosanow_hpc/informed_swapping/BARK.py:156: UserWarning: Exited at iteration 50 with accuracies 
[1.1872279e-09]
not reaching the requested tolerance 1e-09.
Use iteration 51 instead with accuracy 
1.187227900951281e-09.

  values, vectors = lobpcg(projected_hamiltonian, guess, largest=False,
/home/erosanow_hpc/informed_swapping/BARK.py:156: UserWarning: Exited postprocessing with accuracies 
[1.18722774e-09]
not reaching the requested tolerance 1e-09.
  values, vectors = lobpcg(projected_hamiltonian, guess, largest=False,
/home/erosanow_hpc/informed_swapping/BARK.py:156: UserWarning: Exited at iteration 50 with accuracies 
[1.37210599e-09]
not reaching the requested tolerance 1e-09.
Use iteration 51 instead with accuracy 
1.3721059864444345e-09.

  values, vectors = lobpcg(projected_hamiltonian, guess, largest=False,
/home/erosanow_hpc/informed_swapping/BARK.py:156: UserWarning: Exited postprocessing with accuracies 
[1.37210562e-09]
not reaching the requested tolerance 1e-09.
  values, vectors = lobpcg(projected_hamiltonian, guess, largest=False,
/home/erosanow_hpc/informed_swapping/BARK.py:156: UserWarning: Exited at iteration 50 with accuracies 
[1.67907926e-09]
not reaching the requested tolerance 1e-09.
Use iteration 51 instead with accuracy 
1.6790792647972267e-09.

  values, vectors = lobpcg(projected_hamiltonian, guess, largest=False,
/home/erosanow_hpc/informed_swapping/BARK.py:156: UserWarning: Exited postprocessing with accuracies 
[1.67907897e-09]
not reaching the requested tolerance 1e-09.
  values, vectors = lobpcg(projected_hamiltonian, guess, largest=False,
/home/erosanow_hpc/informed_swapping/BARK.py:156: UserWarning: Exited at iteration 50 with accuracies 
[2.29575941e-09]
not reaching the requested tolerance 1e-09.
Use iteration 51 instead with accuracy 
2.295759413784696e-09.

  values, vectors = lobpcg(projected_hamiltonian, guess, largest=False,
/home/erosanow_hpc/informed_swapping/BARK.py:156: UserWarning: Exited postprocessing with accuracies 
[2.29575873e-09]
not reaching the requested tolerance 1e-09.
  values, vectors = lobpcg(projected_hamiltonian, guess, largest=False,
/home/erosanow_hpc/informed_swapping/BARK.py:156: UserWarning: Exited at iteration 50 with accuracies 
[1.04162861e-09]
not reaching the requested tolerance 1e-09.
Use iteration 51 instead with accuracy 
1.0416286128176037e-09.

  values, vectors = lobpcg(projected_hamiltonian, guess, largest=False,
/home/erosanow_hpc/informed_swapping/BARK.py:156: UserWarning: Exited postprocessing with accuracies 
[1.04162854e-09]
not reaching the requested tolerance 1e-09.
  values, vectors = lobpcg(projected_hamiltonian, guess, largest=False,
/home/erosanow_hpc/informed_swapping/BARK.py:156: UserWarning: Exited at iteration 50 with accuracies 
[1.18487946e-09]
not reaching the requested tolerance 1e-09.
Use iteration 51 instead with accuracy 
1.1848794604583288e-09.

  values, vectors = lobpcg(projected_hamiltonian, guess, largest=False,
/home/erosanow_hpc/informed_swapping/BARK.py:156: UserWarning: Exited postprocessing with accuracies 
[1.18487907e-09]
not reaching the requested tolerance 1e-09.
  values, vectors = lobpcg(projected_hamiltonian, guess, largest=False,
/home/erosanow_hpc/informed_swapping/BARK.py:156: UserWarning: Exited at iteration 50 with accuracies 
[1.26678411e-09]
not reaching the requested tolerance 1e-09.
Use iteration 51 instead with accuracy 
1.2667841109681712e-09.

  values, vectors = lobpcg(projected_hamiltonian, guess, largest=False,
/home/erosanow_hpc/informed_swapping/BARK.py:156: UserWarning: Exited postprocessing with accuracies 
[1.26678422e-09]
not reaching the requested tolerance 1e-09.
  values, vectors = lobpcg(projected_hamiltonian, guess, largest=False,
/home/erosanow_hpc/informed_swapping/BARK.py:156: UserWarning: Exited at iteration 50 with accuracies 
[2.03641975e-09]
not reaching the requested tolerance 1e-09.
Use iteration 51 instead with accuracy 
2.0364197509882432e-09.

  values, vectors = lobpcg(projected_hamiltonian, guess, largest=False,
/home/erosanow_hpc/informed_swapping/BARK.py:156: UserWarning: Exited postprocessing with accuracies 
[2.03642004e-09]
not reaching the requested tolerance 1e-09.
  values, vectors = lobpcg(projected_hamiltonian, guess, largest=False,
/home/erosanow_hpc/informed_swapping/BARK.py:156: UserWarning: Exited at iteration 50 with accuracies 
[1.63082296e-09]
not reaching the requested tolerance 1e-09.
Use iteration 51 instead with accuracy 
1.6308229642911904e-09.

  values, vectors = lobpcg(projected_hamiltonian, guess, largest=False,
/home/erosanow_hpc/informed_swapping/BARK.py:156: UserWarning: Exited postprocessing with accuracies 
[1.6308231e-09]
not reaching the requested tolerance 1e-09.
  values, vectors = lobpcg(projected_hamiltonian, guess, largest=False,
/home/erosanow_hpc/informed_swapping/BARK.py:156: UserWarning: Exited at iteration 50 with accuracies 
[1.94976183e-09]
not reaching the requested tolerance 1e-09.
Use iteration 51 instead with accuracy 
1.949761830623664e-09.

  values, vectors = lobpcg(projected_hamiltonian, guess, largest=False,
/home/erosanow_hpc/informed_swapping/BARK.py:156: UserWarning: Exited postprocessing with accuracies 
[1.94976152e-09]
not reaching the requested tolerance 1e-09.
  values, vectors = lobpcg(projected_hamiltonian, guess, largest=False,
/home/erosanow_hpc/informed_swapping/BARK.py:156: UserWarning: Exited at iteration 50 with accuracies 
[2.02698984e-09]
not reaching the requested tolerance 1e-09.
Use iteration 51 instead with accuracy 
2.0269898396943013e-09.

  values, vectors = lobpcg(projected_hamiltonian, guess, largest=False,
/home/erosanow_hpc/informed_swapping/BARK.py:156: UserWarning: Exited postprocessing with accuracies 
[2.02698939e-09]
not reaching the requested tolerance 1e-09.
  values, vectors = lobpcg(projected_hamiltonian, guess, largest=False,
/home/erosanow_hpc/informed_swapping/BARK.py:156: UserWarning: Exited at iteration 50 with accuracies 
[3.17794423e-09]
not reaching the requested tolerance 1e-09.
Use iteration 51 instead with accuracy 
3.177944229781908e-09.

  values, vectors = lobpcg(projected_hamiltonian, guess, largest=False,
/home/erosanow_hpc/informed_swapping/BARK.py:156: UserWarning: Exited postprocessing with accuracies 
[3.17794376e-09]
not reaching the requested tolerance 1e-09.
  values, vectors = lobpcg(projected_hamiltonian, guess, largest=False,
/home/erosanow_hpc/informed_swapping/BARK.py:156: UserWarning: Exited at iteration 50 with accuracies 
[1.25707147e-09]
not reaching the requested tolerance 1e-09.
Use iteration 51 instead with accuracy 
1.2570714719809826e-09.

  values, vectors = lobpcg(projected_hamiltonian, guess, largest=False,
/home/erosanow_hpc/informed_swapping/BARK.py:156: UserWarning: Exited postprocessing with accuracies 
[1.25707136e-09]
not reaching the requested tolerance 1e-09.
  values, vectors = lobpcg(projected_hamiltonian, guess, largest=False,
/home/erosanow_hpc/informed_swapping/BARK.py:156: UserWarning: Exited at iteration 50 with accuracies 
[1.09963255e-09]
not reaching the requested tolerance 1e-09.
Use iteration 51 instead with accuracy 
1.0996325467403797e-09.

  values, vectors = lobpcg(projected_hamiltonian, guess, largest=False,
/home/erosanow_hpc/informed_swapping/BARK.py:156: UserWarning: Exited postprocessing with accuracies 
[1.09963242e-09]
not reaching the requested tolerance 1e-09.
  values, vectors = lobpcg(projected_hamiltonian, guess, largest=False,
/home/erosanow_hpc/informed_swapping/BARK.py:156: UserWarning: Exited at iteration 50 with accuracies 
[1.42410141e-09]
not reaching the requested tolerance 1e-09.
Use iteration 51 instead with accuracy 
1.4241014090294394e-09.

  values, vectors = lobpcg(projected_hamiltonian, guess, largest=False,
/home/erosanow_hpc/informed_swapping/BARK.py:156: UserWarning: Exited postprocessing with accuracies 
[1.4241018e-09]
not reaching the requested tolerance 1e-09.
  values, vectors = lobpcg(projected_hamiltonian, guess, largest=False,
/home/erosanow_hpc/informed_swapping/BARK.py:156: UserWarning: Exited at iteration 50 with accuracies 
[1.16725609e-09]
not reaching the requested tolerance 1e-09.
Use iteration 51 instead with accuracy 
1.1672560889219687e-09.

  values, vectors = lobpcg(projected_hamiltonian, guess, largest=False,
/home/erosanow_hpc/informed_swapping/BARK.py:156: UserWarning: Exited postprocessing with accuracies 
[1.16725561e-09]
not reaching the requested tolerance 1e-09.
  values, vectors = lobpcg(projected_hamiltonian, guess, largest=False,
/home/erosanow_hpc/informed_swapping/BARK.py:156: UserWarning: Exited at iteration 50 with accuracies 
[1.72758409e-09]
not reaching the requested tolerance 1e-09.
Use iteration 51 instead with accuracy 
1.7275840911758143e-09.

  values, vectors = lobpcg(projected_hamiltonian, guess, largest=False,
/home/erosanow_hpc/informed_swapping/BARK.py:156: UserWarning: Exited postprocessing with accuracies 
[1.72758476e-09]
not reaching the requested tolerance 1e-09.
  values, vectors = lobpcg(projected_hamiltonian, guess, largest=False,
/home/erosanow_hpc/informed_swapping/BARK.py:156: UserWarning: Exited at iteration 50 with accuracies 
[2.05205638e-09]
not reaching the requested tolerance 1e-09.
Use iteration 51 instead with accuracy 
2.0520563811627132e-09.

  values, vectors = lobpcg(projected_hamiltonian, guess, largest=False,
/home/erosanow_hpc/informed_swapping/BARK.py:156: UserWarning: Exited postprocessing with accuracies 
[2.05205619e-09]
not reaching the requested tolerance 1e-09.
  values, vectors = lobpcg(projected_hamiltonian, guess, largest=False,
/home/erosanow_hpc/informed_swapping/BARK.py:156: UserWarning: Exited at iteration 50 with accuracies 
[2.8263375e-09]
not reaching the requested tolerance 1e-09.
Use iteration 51 instead with accuracy 
2.8263375021798575e-09.

  values, vectors = lobpcg(projected_hamiltonian, guess, largest=False,
/home/erosanow_hpc/informed_swapping/BARK.py:156: UserWarning: Exited postprocessing with accuracies 
[2.82633837e-09]
not reaching the requested tolerance 1e-09.
  values, vectors = lobpcg(projected_hamiltonian, guess, largest=False,
/home/erosanow_hpc/informed_swapping/BARK.py:156: UserWarning: Exited at iteration 50 with accuracies 
[1.41536636e-09]
not reaching the requested tolerance 1e-09.
Use iteration 51 instead with accuracy 
1.4153663642558585e-09.

  values, vectors = lobpcg(projected_hamiltonian, guess, largest=False,
/home/erosanow_hpc/informed_swapping/BARK.py:156: UserWarning: Exited postprocessing with accuracies 
[1.41536613e-09]
not reaching the requested tolerance 1e-09.
  values, vectors = lobpcg(projected_hamiltonian, guess, largest=False,
/home/erosanow_hpc/informed_swapping/BARK.py:156: UserWarning: Exited at iteration 50 with accuracies 
[1.6923035e-09]
not reaching the requested tolerance 1e-09.
Use iteration 51 instead with accuracy 
1.6923035046764128e-09.

  values, vectors = lobpcg(projected_hamiltonian, guess, largest=False,
/home/erosanow_hpc/informed_swapping/BARK.py:156: UserWarning: Exited postprocessing with accuracies 
[1.69230331e-09]
not reaching the requested tolerance 1e-09.
  values, vectors = lobpcg(projected_hamiltonian, guess, largest=False,
/home/erosanow_hpc/informed_swapping/BARK.py:156: UserWarning: Exited at iteration 50 with accuracies 
[1.72497554e-09]
not reaching the requested tolerance 1e-09.
Use iteration 51 instead with accuracy 
1.724975539785258e-09.

  values, vectors = lobpcg(projected_hamiltonian, guess, largest=False,
/home/erosanow_hpc/informed_swapping/BARK.py:156: UserWarning: Exited postprocessing with accuracies 
[1.72497602e-09]
not reaching the requested tolerance 1e-09.
  values, vectors = lobpcg(projected_hamiltonian, guess, largest=False,
/home/erosanow_hpc/informed_swapping/BARK.py:156: UserWarning: Exited at iteration 50 with accuracies 
[2.68888359e-09]
not reaching the requested tolerance 1e-09.
Use iteration 51 instead with accuracy 
2.6888835947766032e-09.

  values, vectors = lobpcg(projected_hamiltonian, guess, largest=False,
/home/erosanow_hpc/informed_swapping/BARK.py:156: UserWarning: Exited postprocessing with accuracies 
[2.68888346e-09]
not reaching the requested tolerance 1e-09.
  values, vectors = lobpcg(projected_hamiltonian, guess, largest=False,
/home/erosanow_hpc/informed_swapping/BARK.py:156: UserWarning: Exited at iteration 50 with accuracies 
[2.11130573e-09]
not reaching the requested tolerance 1e-09.
Use iteration 51 instead with accuracy 
2.1113057257371326e-09.

  values, vectors = lobpcg(projected_hamiltonian, guess, largest=False,
/home/erosanow_hpc/informed_swapping/BARK.py:156: UserWarning: Exited postprocessing with accuracies 
[2.11130577e-09]
not reaching the requested tolerance 1e-09.
  values, vectors = lobpcg(projected_hamiltonian, guess, largest=False,
/home/erosanow_hpc/informed_swapping/BARK.py:156: UserWarning: Exited at iteration 50 with accuracies 
[2.6219871e-09]
not reaching the requested tolerance 1e-09.
Use iteration 51 instead with accuracy 
2.6219870954761594e-09.

  values, vectors = lobpcg(projected_hamiltonian, guess, largest=False,
/home/erosanow_hpc/informed_swapping/BARK.py:156: UserWarning: Exited postprocessing with accuracies 
[2.62198693e-09]
not reaching the requested tolerance 1e-09.
  values, vectors = lobpcg(projected_hamiltonian, guess, largest=False,
/home/erosanow_hpc/informed_swapping/BARK.py:156: UserWarning: Exited at iteration 50 with accuracies 
[2.89065126e-09]
not reaching the requested tolerance 1e-09.
Use iteration 51 instead with accuracy 
2.8906512641588813e-09.

  values, vectors = lobpcg(projected_hamiltonian, guess, largest=False,
/home/erosanow_hpc/informed_swapping/BARK.py:156: UserWarning: Exited postprocessing with accuracies 
[2.89065155e-09]
not reaching the requested tolerance 1e-09.
  values, vectors = lobpcg(projected_hamiltonian, guess, largest=False,
/home/erosanow_hpc/informed_swapping/BARK.py:156: UserWarning: Exited at iteration 50 with accuracies 
[4.51195731e-09]
not reaching the requested tolerance 1e-09.
Use iteration 51 instead with accuracy 
4.511957307420671e-09.

  values, vectors = lobpcg(projected_hamiltonian, guess, largest=False,
/home/erosanow_hpc/informed_swapping/BARK.py:156: UserWarning: Exited postprocessing with accuracies 
[4.51195704e-09]
not reaching the requested tolerance 1e-09.
  values, vectors = lobpcg(projected_hamiltonian, guess, largest=False,
/home/erosanow_hpc/informed_swapping/BARK.py:156: UserWarning: Exited at iteration 50 with accuracies 
[1.0947805e-09]
not reaching the requested tolerance 1e-09.
Use iteration 49 instead with accuracy 
1.0189439809420108e-09.

  values, vectors = lobpcg(projected_hamiltonian, guess, largest=False,
/home/erosanow_hpc/informed_swapping/BARK.py:156: UserWarning: Exited postprocessing with accuracies 
[1.01894457e-09]
not reaching the requested tolerance 1e-09.
  values, vectors = lobpcg(projected_hamiltonian, guess, largest=False,
/home/erosanow_hpc/informed_swapping/BARK.py:156: UserWarning: Exited at iteration 50 with accuracies 
[1.67286876e-09]
not reaching the requested tolerance 1e-09.
Use iteration 49 instead with accuracy 
1.46061854718705e-09.

  values, vectors = lobpcg(projected_hamiltonian, guess, largest=False,
/home/erosanow_hpc/informed_swapping/BARK.py:156: UserWarning: Exited postprocessing with accuracies 
[1.46061819e-09]
not reaching the requested tolerance 1e-09.
  values, vectors = lobpcg(projected_hamiltonian, guess, largest=False,
/home/erosanow_hpc/informed_swapping/BARK.py:156: UserWarning: Exited at iteration 50 with accuracies 
[2.88946653e-09]
not reaching the requested tolerance 1e-09.
Use iteration 49 instead with accuracy 
2.6723246752928562e-09.

  values, vectors = lobpcg(projected_hamiltonian, guess, largest=False,
/home/erosanow_hpc/informed_swapping/BARK.py:156: UserWarning: Exited postprocessing with accuracies 
[2.67232473e-09]
not reaching the requested tolerance 1e-09.
  values, vectors = lobpcg(projected_hamiltonian, guess, largest=False,
/home/erosanow_hpc/informed_swapping/BARK.py:156: UserWarning: Exited at iteration 50 with accuracies 
[1.3092305e-09]
not reaching the requested tolerance 1e-09.
Use iteration 51 instead with accuracy 
1.3092305000971695e-09.

  values, vectors = lobpcg(projected_hamiltonian, guess, largest=False,
/home/erosanow_hpc/informed_swapping/BARK.py:156: UserWarning: Exited postprocessing with accuracies 
[1.3092304e-09]
not reaching the requested tolerance 1e-09.
  values, vectors = lobpcg(projected_hamiltonian, guess, largest=False,
/home/erosanow_hpc/informed_swapping/BARK.py:156: UserWarning: Exited at iteration 50 with accuracies 
[1.04314593e-09]
not reaching the requested tolerance 1e-09.
Use iteration 51 instead with accuracy 
1.0431459301253052e-09.

  values, vectors = lobpcg(projected_hamiltonian, guess, largest=False,
/home/erosanow_hpc/informed_swapping/BARK.py:156: UserWarning: Exited postprocessing with accuracies 
[1.0431462e-09]
not reaching the requested tolerance 1e-09.
  values, vectors = lobpcg(projected_hamiltonian, guess, largest=False,
/home/erosanow_hpc/informed_swapping/BARK.py:156: UserWarning: Exited at iteration 50 with accuracies 
[1.3772082e-09]
not reaching the requested tolerance 1e-09.
Use iteration 51 instead with accuracy 
1.3772081957157643e-09.

  values, vectors = lobpcg(projected_hamiltonian, guess, largest=False,
/home/erosanow_hpc/informed_swapping/BARK.py:156: UserWarning: Exited postprocessing with accuracies 
[1.37720861e-09]
not reaching the requested tolerance 1e-09.
  values, vectors = lobpcg(projected_hamiltonian, guess, largest=False,
/home/erosanow_hpc/informed_swapping/BARK.py:156: UserWarning: Exited at iteration 50 with accuracies 
[1.13018747e-09]
not reaching the requested tolerance 1e-09.
Use iteration 51 instead with accuracy 
1.1301874726366515e-09.

  values, vectors = lobpcg(projected_hamiltonian, guess, largest=False,
/home/erosanow_hpc/informed_swapping/BARK.py:156: UserWarning: Exited postprocessing with accuracies 
[1.13018701e-09]
not reaching the requested tolerance 1e-09.
  values, vectors = lobpcg(projected_hamiltonian, guess, largest=False,
/home/erosanow_hpc/informed_swapping/BARK.py:156: UserWarning: Exited at iteration 50 with accuracies 
[1.16901127e-09]
not reaching the requested tolerance 1e-09.
Use iteration 51 instead with accuracy 
1.169011265165496e-09.

  values, vectors = lobpcg(projected_hamiltonian, guess, largest=False,
/home/erosanow_hpc/informed_swapping/BARK.py:156: UserWarning: Exited postprocessing with accuracies 
[1.16901144e-09]
not reaching the requested tolerance 1e-09.
  values, vectors = lobpcg(projected_hamiltonian, guess, largest=False,
/home/erosanow_hpc/informed_swapping/BARK.py:156: UserWarning: Exited at iteration 50 with accuracies 
[1.21436046e-09]
not reaching the requested tolerance 1e-09.
Use iteration 51 instead with accuracy 
1.2143604552231574e-09.

  values, vectors = lobpcg(projected_hamiltonian, guess, largest=False,
/home/erosanow_hpc/informed_swapping/BARK.py:156: UserWarning: Exited postprocessing with accuracies 
[1.21436038e-09]
not reaching the requested tolerance 1e-09.
  values, vectors = lobpcg(projected_hamiltonian, guess, largest=False,
/home/erosanow_hpc/informed_swapping/BARK.py:156: UserWarning: Exited at iteration 50 with accuracies 
[1.18407581e-09]
not reaching the requested tolerance 1e-09.
Use iteration 51 instead with accuracy 
1.1840758063499668e-09.

  values, vectors = lobpcg(projected_hamiltonian, guess, largest=False,
/home/erosanow_hpc/informed_swapping/BARK.py:156: UserWarning: Exited postprocessing with accuracies 
[1.18407554e-09]
not reaching the requested tolerance 1e-09.
  values, vectors = lobpcg(projected_hamiltonian, guess, largest=False,
/home/erosanow_hpc/informed_swapping/BARK.py:156: UserWarning: Exited at iteration 50 with accuracies 
[1.5987773e-09]
not reaching the requested tolerance 1e-09.
Use iteration 51 instead with accuracy 
1.5987773001874047e-09.

  values, vectors = lobpcg(projected_hamiltonian, guess, largest=False,
/home/erosanow_hpc/informed_swapping/BARK.py:156: UserWarning: Exited postprocessing with accuracies 
[1.5987767e-09]
not reaching the requested tolerance 1e-09.
  values, vectors = lobpcg(projected_hamiltonian, guess, largest=False,
/home/erosanow_hpc/informed_swapping/BARK.py:156: UserWarning: Exited at iteration 50 with accuracies 
[1.35937177e-09]
not reaching the requested tolerance 1e-09.
Use iteration 51 instead with accuracy 
1.3593717713489805e-09.

  values, vectors = lobpcg(projected_hamiltonian, guess, largest=False,
/home/erosanow_hpc/informed_swapping/BARK.py:156: UserWarning: Exited postprocessing with accuracies 
[1.35937201e-09]
not reaching the requested tolerance 1e-09.
  values, vectors = lobpcg(projected_hamiltonian, guess, largest=False,
/home/erosanow_hpc/informed_swapping/BARK.py:156: UserWarning: Exited at iteration 50 with accuracies 
[1.67480466e-09]
not reaching the requested tolerance 1e-09.
Use iteration 51 instead with accuracy 
1.6748046592800447e-09.

  values, vectors = lobpcg(projected_hamiltonian, guess, largest=False,
/home/erosanow_hpc/informed_swapping/BARK.py:156: UserWarning: Exited postprocessing with accuracies 
[1.67480544e-09]
not reaching the requested tolerance 1e-09.
  values, vectors = lobpcg(projected_hamiltonian, guess, largest=False,
/home/erosanow_hpc/informed_swapping/BARK.py:156: UserWarning: Exited at iteration 50 with accuracies 
[1.14051656e-09]
not reaching the requested tolerance 1e-09.
Use iteration 51 instead with accuracy 
1.1405165643053056e-09.

  values, vectors = lobpcg(projected_hamiltonian, guess, largest=False,
/home/erosanow_hpc/informed_swapping/BARK.py:156: UserWarning: Exited postprocessing with accuracies 
[1.1405172e-09]
not reaching the requested tolerance 1e-09.
  values, vectors = lobpcg(projected_hamiltonian, guess, largest=False,
/home/erosanow_hpc/informed_swapping/BARK.py:156: UserWarning: Exited at iteration 50 with accuracies 
[1.30743365e-09]
not reaching the requested tolerance 1e-09.
Use iteration 51 instead with accuracy 
1.3074336460793389e-09.

  values, vectors = lobpcg(projected_hamiltonian, guess, largest=False,
/home/erosanow_hpc/informed_swapping/BARK.py:156: UserWarning: Exited postprocessing with accuracies 
[1.30743321e-09]
not reaching the requested tolerance 1e-09.
  values, vectors = lobpcg(projected_hamiltonian, guess, largest=False,
/home/erosanow_hpc/informed_swapping/BARK.py:156: UserWarning: Exited at iteration 50 with accuracies 
[1.33818341e-09]
not reaching the requested tolerance 1e-09.
Use iteration 51 instead with accuracy 
1.3381834134115707e-09.

  values, vectors = lobpcg(projected_hamiltonian, guess, largest=False,
/home/erosanow_hpc/informed_swapping/BARK.py:156: UserWarning: Exited postprocessing with accuracies 
[1.33818278e-09]
not reaching the requested tolerance 1e-09.
  values, vectors = lobpcg(projected_hamiltonian, guess, largest=False,
/home/erosanow_hpc/informed_swapping/BARK.py:156: UserWarning: Exited at iteration 50 with accuracies 
[2.18725679e-09]
not reaching the requested tolerance 1e-09.
Use iteration 51 instead with accuracy 
2.187256794271013e-09.

  values, vectors = lobpcg(projected_hamiltonian, guess, largest=False,
/home/erosanow_hpc/informed_swapping/BARK.py:156: UserWarning: Exited postprocessing with accuracies 
[2.18725664e-09]
not reaching the requested tolerance 1e-09.
  values, vectors = lobpcg(projected_hamiltonian, guess, largest=False,
/home/erosanow_hpc/informed_swapping/BARK.py:156: UserWarning: Exited at iteration 50 with accuracies 
[1.59886928e-09]
not reaching the requested tolerance 1e-09.
Use iteration 51 instead with accuracy 
1.5988692783717448e-09.

  values, vectors = lobpcg(projected_hamiltonian, guess, largest=False,
/home/erosanow_hpc/informed_swapping/BARK.py:156: UserWarning: Exited postprocessing with accuracies 
[1.59886886e-09]
not reaching the requested tolerance 1e-09.
  values, vectors = lobpcg(projected_hamiltonian, guess, largest=False,
/home/erosanow_hpc/informed_swapping/BARK.py:156: UserWarning: Exited at iteration 50 with accuracies 
[1.91307535e-09]
not reaching the requested tolerance 1e-09.
Use iteration 51 instead with accuracy 
1.913075345391441e-09.

  values, vectors = lobpcg(projected_hamiltonian, guess, largest=False,
/home/erosanow_hpc/informed_swapping/BARK.py:156: UserWarning: Exited postprocessing with accuracies 
[1.91307526e-09]
not reaching the requested tolerance 1e-09.
  values, vectors = lobpcg(projected_hamiltonian, guess, largest=False,
/home/erosanow_hpc/informed_swapping/BARK.py:156: UserWarning: Exited at iteration 50 with accuracies 
[2.13378858e-09]
not reaching the requested tolerance 1e-09.
Use iteration 51 instead with accuracy 
2.133788577157213e-09.

  values, vectors = lobpcg(projected_hamiltonian, guess, largest=False,
/home/erosanow_hpc/informed_swapping/BARK.py:156: UserWarning: Exited postprocessing with accuracies 
[2.13378925e-09]
not reaching the requested tolerance 1e-09.
  values, vectors = lobpcg(projected_hamiltonian, guess, largest=False,
/home/erosanow_hpc/informed_swapping/BARK.py:156: UserWarning: Exited at iteration 50 with accuracies 
[3.40587973e-09]
not reaching the requested tolerance 1e-09.
Use iteration 51 instead with accuracy 
3.405879734576989e-09.

  values, vectors = lobpcg(projected_hamiltonian, guess, largest=False,
/home/erosanow_hpc/informed_swapping/BARK.py:156: UserWarning: Exited postprocessing with accuracies 
[3.40587913e-09]
not reaching the requested tolerance 1e-09.
  values, vectors = lobpcg(projected_hamiltonian, guess, largest=False,
/home/erosanow_hpc/informed_swapping/BARK.py:156: UserWarning: Exited at iteration 50 with accuracies 
[1.0379622e-09]
not reaching the requested tolerance 1e-09.
Use iteration 51 instead with accuracy 
1.0379622046702482e-09.

  values, vectors = lobpcg(projected_hamiltonian, guess, largest=False,
/home/erosanow_hpc/informed_swapping/BARK.py:156: UserWarning: Exited postprocessing with accuracies 
[1.03796217e-09]
not reaching the requested tolerance 1e-09.
  values, vectors = lobpcg(projected_hamiltonian, guess, largest=False,
/home/erosanow_hpc/informed_swapping/BARK.py:156: UserWarning: Exited at iteration 50 with accuracies 
[1.18238583e-09]
not reaching the requested tolerance 1e-09.
Use iteration 51 instead with accuracy 
1.1823858345860962e-09.

  values, vectors = lobpcg(projected_hamiltonian, guess, largest=False,
/home/erosanow_hpc/informed_swapping/BARK.py:156: UserWarning: Exited postprocessing with accuracies 
[1.18238536e-09]
not reaching the requested tolerance 1e-09.
  values, vectors = lobpcg(projected_hamiltonian, guess, largest=False,
/home/erosanow_hpc/informed_swapping/BARK.py:156: UserWarning: Exited at iteration 50 with accuracies 
[1.2030724e-09]
not reaching the requested tolerance 1e-09.
Use iteration 51 instead with accuracy 
1.2030724039771195e-09.

  values, vectors = lobpcg(projected_hamiltonian, guess, largest=False,
/home/erosanow_hpc/informed_swapping/BARK.py:156: UserWarning: Exited postprocessing with accuracies 
[1.20307261e-09]
not reaching the requested tolerance 1e-09.
  values, vectors = lobpcg(projected_hamiltonian, guess, largest=False,
/home/erosanow_hpc/informed_swapping/BARK.py:156: UserWarning: Exited at iteration 50 with accuracies 
[1.0683765e-09]
not reaching the requested tolerance 1e-09.
Use iteration 51 instead with accuracy 
1.0683764983227276e-09.

  values, vectors = lobpcg(projected_hamiltonian, guess, largest=False,
/home/erosanow_hpc/informed_swapping/BARK.py:156: UserWarning: Exited postprocessing with accuracies 
[1.06837593e-09]
not reaching the requested tolerance 1e-09.
  values, vectors = lobpcg(projected_hamiltonian, guess, largest=False,
/home/erosanow_hpc/informed_swapping/BARK.py:156: UserWarning: Exited at iteration 50 with accuracies 
[1.08868972e-09]
not reaching the requested tolerance 1e-09.
Use iteration 51 instead with accuracy 
1.0886897241117083e-09.

  values, vectors = lobpcg(projected_hamiltonian, guess, largest=False,
/home/erosanow_hpc/informed_swapping/BARK.py:156: UserWarning: Exited postprocessing with accuracies 
[1.0886889e-09]
not reaching the requested tolerance 1e-09.
  values, vectors = lobpcg(projected_hamiltonian, guess, largest=False,
/home/erosanow_hpc/informed_swapping/BARK.py:156: UserWarning: Exited at iteration 50 with accuracies 
[1.53790696e-09]
not reaching the requested tolerance 1e-09.
Use iteration 51 instead with accuracy 
1.5379069623632892e-09.

  values, vectors = lobpcg(projected_hamiltonian, guess, largest=False,
/home/erosanow_hpc/informed_swapping/BARK.py:156: UserWarning: Exited postprocessing with accuracies 
[1.53790741e-09]
not reaching the requested tolerance 1e-09.
  values, vectors = lobpcg(projected_hamiltonian, guess, largest=False,
/home/erosanow_hpc/informed_swapping/BARK.py:156: UserWarning: Exited at iteration 50 with accuracies 
[1.11589176e-09]
not reaching the requested tolerance 1e-09.
Use iteration 51 instead with accuracy 
1.1158917608531408e-09.

  values, vectors = lobpcg(projected_hamiltonian, guess, largest=False,
/home/erosanow_hpc/informed_swapping/BARK.py:156: UserWarning: Exited postprocessing with accuracies 
[1.11589182e-09]
not reaching the requested tolerance 1e-09.
  values, vectors = lobpcg(projected_hamiltonian, guess, largest=False,
/home/erosanow_hpc/informed_swapping/BARK.py:156: UserWarning: Exited at iteration 50 with accuracies 
[1.29499339e-09]
not reaching the requested tolerance 1e-09.
Use iteration 51 instead with accuracy 
1.2949933923414324e-09.

  values, vectors = lobpcg(projected_hamiltonian, guess, largest=False,
/home/erosanow_hpc/informed_swapping/BARK.py:156: UserWarning: Exited postprocessing with accuracies 
[1.2949933e-09]
not reaching the requested tolerance 1e-09.
  values, vectors = lobpcg(projected_hamiltonian, guess, largest=False,
/home/erosanow_hpc/informed_swapping/BARK.py:156: UserWarning: Exited at iteration 50 with accuracies 
[1.05153404e-09]
not reaching the requested tolerance 1e-09.
Use iteration 51 instead with accuracy 
1.051534044897508e-09.

  values, vectors = lobpcg(projected_hamiltonian, guess, largest=False,
/home/erosanow_hpc/informed_swapping/BARK.py:156: UserWarning: Exited postprocessing with accuracies 
[1.05153364e-09]
not reaching the requested tolerance 1e-09.
  values, vectors = lobpcg(projected_hamiltonian, guess, largest=False,
/home/erosanow_hpc/informed_swapping/BARK.py:156: UserWarning: Exited at iteration 50 with accuracies 
[1.17842054e-09]
not reaching the requested tolerance 1e-09.
Use iteration 51 instead with accuracy 
1.1784205378891226e-09.

  values, vectors = lobpcg(projected_hamiltonian, guess, largest=False,
/home/erosanow_hpc/informed_swapping/BARK.py:156: UserWarning: Exited postprocessing with accuracies 
[1.17841945e-09]
not reaching the requested tolerance 1e-09.
  values, vectors = lobpcg(projected_hamiltonian, guess, largest=False,
/home/erosanow_hpc/informed_swapping/BARK.py:156: UserWarning: Exited at iteration 50 with accuracies 
[1.1617457e-09]
not reaching the requested tolerance 1e-09.
Use iteration 51 instead with accuracy 
1.1617457019356946e-09.

  values, vectors = lobpcg(projected_hamiltonian, guess, largest=False,
/home/erosanow_hpc/informed_swapping/BARK.py:156: UserWarning: Exited postprocessing with accuracies 
[1.16174517e-09]
not reaching the requested tolerance 1e-09.
  values, vectors = lobpcg(projected_hamiltonian, guess, largest=False,
/home/erosanow_hpc/informed_swapping/BARK.py:156: UserWarning: Exited at iteration 50 with accuracies 
[1.91401605e-09]
not reaching the requested tolerance 1e-09.
Use iteration 51 instead with accuracy 
1.914016050320554e-09.

  values, vectors = lobpcg(projected_hamiltonian, guess, largest=False,
/home/erosanow_hpc/informed_swapping/BARK.py:156: UserWarning: Exited postprocessing with accuracies 
[1.91401555e-09]
not reaching the requested tolerance 1e-09.
  values, vectors = lobpcg(projected_hamiltonian, guess, largest=False,
/home/erosanow_hpc/informed_swapping/BARK.py:156: UserWarning: Exited at iteration 50 with accuracies 
[1.14945173e-09]
not reaching the requested tolerance 1e-09.
Use iteration 51 instead with accuracy 
1.1494517321451902e-09.

  values, vectors = lobpcg(projected_hamiltonian, guess, largest=False,
/home/erosanow_hpc/informed_swapping/BARK.py:156: UserWarning: Exited postprocessing with accuracies 
[1.14945126e-09]
not reaching the requested tolerance 1e-09.
  values, vectors = lobpcg(projected_hamiltonian, guess, largest=False,
/home/erosanow_hpc/informed_swapping/BARK.py:156: UserWarning: Exited at iteration 50 with accuracies 
[1.42977963e-09]
not reaching the requested tolerance 1e-09.
Use iteration 51 instead with accuracy 
1.429779628666713e-09.

  values, vectors = lobpcg(projected_hamiltonian, guess, largest=False,
/home/erosanow_hpc/informed_swapping/BARK.py:156: UserWarning: Exited postprocessing with accuracies 
[1.42977962e-09]
not reaching the requested tolerance 1e-09.
  values, vectors = lobpcg(projected_hamiltonian, guess, largest=False,
/home/erosanow_hpc/informed_swapping/BARK.py:156: UserWarning: Exited at iteration 50 with accuracies 
[1.9950008e-09]
not reaching the requested tolerance 1e-09.
Use iteration 51 instead with accuracy 
1.9950007966509e-09.

  values, vectors = lobpcg(projected_hamiltonian, guess, largest=False,
/home/erosanow_hpc/informed_swapping/BARK.py:156: UserWarning: Exited postprocessing with accuracies 
[1.99500081e-09]
not reaching the requested tolerance 1e-09.
  values, vectors = lobpcg(projected_hamiltonian, guess, largest=False,
/home/erosanow_hpc/informed_swapping/BARK.py:156: UserWarning: Exited at iteration 50 with accuracies 
[1.05146478e-09]
not reaching the requested tolerance 1e-09.
Use iteration 51 instead with accuracy 
1.0514647809389377e-09.

  values, vectors = lobpcg(projected_hamiltonian, guess, largest=False,
/home/erosanow_hpc/informed_swapping/BARK.py:156: UserWarning: Exited postprocessing with accuracies 
[1.05146386e-09]
not reaching the requested tolerance 1e-09.
  values, vectors = lobpcg(projected_hamiltonian, guess, largest=False,
/home/erosanow_hpc/informed_swapping/BARK.py:156: UserWarning: Exited at iteration 50 with accuracies 
[1.1845485e-09]
not reaching the requested tolerance 1e-09.
Use iteration 51 instead with accuracy 
1.1845485041704529e-09.

  values, vectors = lobpcg(projected_hamiltonian, guess, largest=False,
/home/erosanow_hpc/informed_swapping/BARK.py:156: UserWarning: Exited postprocessing with accuracies 
[1.18454864e-09]
not reaching the requested tolerance 1e-09.
  values, vectors = lobpcg(projected_hamiltonian, guess, largest=False,
/home/erosanow_hpc/informed_swapping/BARK.py:156: UserWarning: Exited at iteration 50 with accuracies 
[1.2952842e-09]
not reaching the requested tolerance 1e-09.
Use iteration 51 instead with accuracy 
1.2952841960419528e-09.

  values, vectors = lobpcg(projected_hamiltonian, guess, largest=False,
/home/erosanow_hpc/informed_swapping/BARK.py:156: UserWarning: Exited postprocessing with accuracies 
[1.29528392e-09]
not reaching the requested tolerance 1e-09.
  values, vectors = lobpcg(projected_hamiltonian, guess, largest=False,
/home/erosanow_hpc/informed_swapping/BARK.py:156: UserWarning: Exited at iteration 50 with accuracies 
[2.11247205e-09]
not reaching the requested tolerance 1e-09.
Use iteration 51 instead with accuracy 
2.112472051579366e-09.

  values, vectors = lobpcg(projected_hamiltonian, guess, largest=False,
/home/erosanow_hpc/informed_swapping/BARK.py:156: UserWarning: Exited postprocessing with accuracies 
[2.11247175e-09]
not reaching the requested tolerance 1e-09.
  values, vectors = lobpcg(projected_hamiltonian, guess, largest=False,
/home/erosanow_hpc/informed_swapping/BARK.py:156: UserWarning: Exited at iteration 50 with accuracies 
[1.70641468e-09]
not reaching the requested tolerance 1e-09.
Use iteration 51 instead with accuracy 
1.706414684962452e-09.

  values, vectors = lobpcg(projected_hamiltonian, guess, largest=False,
/home/erosanow_hpc/informed_swapping/BARK.py:156: UserWarning: Exited postprocessing with accuracies 
[1.70641488e-09]
not reaching the requested tolerance 1e-09.
  values, vectors = lobpcg(projected_hamiltonian, guess, largest=False,
/home/erosanow_hpc/informed_swapping/BARK.py:156: UserWarning: Exited at iteration 50 with accuracies 
[2.03709067e-09]
not reaching the requested tolerance 1e-09.
Use iteration 51 instead with accuracy 
2.0370906696850724e-09.

  values, vectors = lobpcg(projected_hamiltonian, guess, largest=False,
/home/erosanow_hpc/informed_swapping/BARK.py:156: UserWarning: Exited postprocessing with accuracies 
[2.03709034e-09]
not reaching the requested tolerance 1e-09.
  values, vectors = lobpcg(projected_hamiltonian, guess, largest=False,
/home/erosanow_hpc/informed_swapping/BARK.py:156: UserWarning: Exited at iteration 50 with accuracies 
[2.10861387e-09]
not reaching the requested tolerance 1e-09.
Use iteration 51 instead with accuracy 
2.108613869605999e-09.

  values, vectors = lobpcg(projected_hamiltonian, guess, largest=False,
/home/erosanow_hpc/informed_swapping/BARK.py:156: UserWarning: Exited postprocessing with accuracies 
[2.10861355e-09]
not reaching the requested tolerance 1e-09.
  values, vectors = lobpcg(projected_hamiltonian, guess, largest=False,
/home/erosanow_hpc/informed_swapping/BARK.py:156: UserWarning: Exited at iteration 50 with accuracies 
[3.34515258e-09]
not reaching the requested tolerance 1e-09.
Use iteration 51 instead with accuracy 
3.345152583458267e-09.

  values, vectors = lobpcg(projected_hamiltonian, guess, largest=False,
/home/erosanow_hpc/informed_swapping/BARK.py:156: UserWarning: Exited postprocessing with accuracies 
[3.34515262e-09]
not reaching the requested tolerance 1e-09.
  values, vectors = lobpcg(projected_hamiltonian, guess, largest=False,
/home/erosanow_hpc/informed_swapping/BARK.py:156: UserWarning: Exited at iteration 50 with accuracies 
[1.04928886e-09]
not reaching the requested tolerance 1e-09.
Use iteration 51 instead with accuracy 
1.0492888571917072e-09.

  values, vectors = lobpcg(projected_hamiltonian, guess, largest=False,
/home/erosanow_hpc/informed_swapping/BARK.py:156: UserWarning: Exited postprocessing with accuracies 
[1.04928884e-09]
not reaching the requested tolerance 1e-09.
  values, vectors = lobpcg(projected_hamiltonian, guess, largest=False,
/home/erosanow_hpc/informed_swapping/BARK.py:156: UserWarning: Exited at iteration 50 with accuracies 
[1.24049056e-09]
not reaching the requested tolerance 1e-09.
Use iteration 51 instead with accuracy 
1.2404905559569012e-09.

  values, vectors = lobpcg(projected_hamiltonian, guess, largest=False,
/home/erosanow_hpc/informed_swapping/BARK.py:156: UserWarning: Exited postprocessing with accuracies 
[1.24049051e-09]
not reaching the requested tolerance 1e-09.
  values, vectors = lobpcg(projected_hamiltonian, guess, largest=False,
/home/erosanow_hpc/informed_swapping/BARK.py:156: UserWarning: Exited at iteration 50 with accuracies 
[1.09694418e-09]
not reaching the requested tolerance 1e-09.
Use iteration 51 instead with accuracy 
1.0969441840598954e-09.

  values, vectors = lobpcg(projected_hamiltonian, guess, largest=False,
/home/erosanow_hpc/informed_swapping/BARK.py:156: UserWarning: Exited postprocessing with accuracies 
[1.09694403e-09]
not reaching the requested tolerance 1e-09.
  values, vectors = lobpcg(projected_hamiltonian, guess, largest=False,
/home/erosanow_hpc/informed_swapping/BARK.py:156: UserWarning: Exited at iteration 50 with accuracies 
[1.19419254e-09]
not reaching the requested tolerance 1e-09.
Use iteration 51 instead with accuracy 
1.1941925421948505e-09.

  values, vectors = lobpcg(projected_hamiltonian, guess, largest=False,
/home/erosanow_hpc/informed_swapping/BARK.py:156: UserWarning: Exited postprocessing with accuracies 
[1.19419278e-09]
not reaching the requested tolerance 1e-09.
  values, vectors = lobpcg(projected_hamiltonian, guess, largest=False,
/home/erosanow_hpc/informed_swapping/BARK.py:156: UserWarning: Exited at iteration 50 with accuracies 
[1.95071301e-09]
not reaching the requested tolerance 1e-09.
Use iteration 51 instead with accuracy 
1.9507130097014057e-09.

  values, vectors = lobpcg(projected_hamiltonian, guess, largest=False,
/home/erosanow_hpc/informed_swapping/BARK.py:156: UserWarning: Exited postprocessing with accuracies 
[1.9507128e-09]
not reaching the requested tolerance 1e-09.
  values, vectors = lobpcg(projected_hamiltonian, guess, largest=False,
/home/erosanow_hpc/informed_swapping/BARK.py:156: UserWarning: Exited at iteration 50 with accuracies 
[1.07362207e-09]
not reaching the requested tolerance 1e-09.
Use iteration 51 instead with accuracy 
1.073622069370472e-09.

  values, vectors = lobpcg(projected_hamiltonian, guess, largest=False,
/home/erosanow_hpc/informed_swapping/BARK.py:156: UserWarning: Exited postprocessing with accuracies 
[1.07362208e-09]
not reaching the requested tolerance 1e-09.
  values, vectors = lobpcg(projected_hamiltonian, guess, largest=False,
/home/erosanow_hpc/informed_swapping/BARK.py:156: UserWarning: Exited at iteration 50 with accuracies 
[1.18722839e-09]
not reaching the requested tolerance 1e-09.
Use iteration 51 instead with accuracy 
1.187228385343582e-09.

  values, vectors = lobpcg(projected_hamiltonian, guess, largest=False,
/home/erosanow_hpc/informed_swapping/BARK.py:156: UserWarning: Exited postprocessing with accuracies 
[1.1872284e-09]
not reaching the requested tolerance 1e-09.
  values, vectors = lobpcg(projected_hamiltonian, guess, largest=False,
/home/erosanow_hpc/informed_swapping/BARK.py:156: UserWarning: Exited at iteration 50 with accuracies 
[1.37210609e-09]
not reaching the requested tolerance 1e-09.
Use iteration 51 instead with accuracy 
1.372106089971355e-09.

  values, vectors = lobpcg(projected_hamiltonian, guess, largest=False,
/home/erosanow_hpc/informed_swapping/BARK.py:156: UserWarning: Exited postprocessing with accuracies 
[1.37210608e-09]
not reaching the requested tolerance 1e-09.
  values, vectors = lobpcg(projected_hamiltonian, guess, largest=False,
/home/erosanow_hpc/informed_swapping/BARK.py:156: UserWarning: Exited at iteration 50 with accuracies 
[1.67907955e-09]
not reaching the requested tolerance 1e-09.
Use iteration 51 instead with accuracy 
1.6790795520912646e-09.

  values, vectors = lobpcg(projected_hamiltonian, guess, largest=False,
/home/erosanow_hpc/informed_swapping/BARK.py:156: UserWarning: Exited postprocessing with accuracies 
[1.67907938e-09]
not reaching the requested tolerance 1e-09.
  values, vectors = lobpcg(projected_hamiltonian, guess, largest=False,
/home/erosanow_hpc/informed_swapping/BARK.py:156: UserWarning: Exited at iteration 50 with accuracies 
[2.29575903e-09]
not reaching the requested tolerance 1e-09.
Use iteration 51 instead with accuracy 
2.295759028104618e-09.

  values, vectors = lobpcg(projected_hamiltonian, guess, largest=False,
/home/erosanow_hpc/informed_swapping/BARK.py:156: UserWarning: Exited postprocessing with accuracies 
[2.2957587e-09]
not reaching the requested tolerance 1e-09.
  values, vectors = lobpcg(projected_hamiltonian, guess, largest=False,
/home/erosanow_hpc/informed_swapping/BARK.py:156: UserWarning: Exited at iteration 50 with accuracies 
[1.04162878e-09]
not reaching the requested tolerance 1e-09.
Use iteration 51 instead with accuracy 
1.0416287764642754e-09.

  values, vectors = lobpcg(projected_hamiltonian, guess, largest=False,
/home/erosanow_hpc/informed_swapping/BARK.py:156: UserWarning: Exited postprocessing with accuracies 
[1.04162911e-09]
not reaching the requested tolerance 1e-09.
  values, vectors = lobpcg(projected_hamiltonian, guess, largest=False,
/home/erosanow_hpc/informed_swapping/BARK.py:156: UserWarning: Exited at iteration 50 with accuracies 
[1.1848781e-09]
not reaching the requested tolerance 1e-09.
Use iteration 51 instead with accuracy 
1.1848781021606023e-09.

  values, vectors = lobpcg(projected_hamiltonian, guess, largest=False,
/home/erosanow_hpc/informed_swapping/BARK.py:156: UserWarning: Exited postprocessing with accuracies 
[1.18487813e-09]
not reaching the requested tolerance 1e-09.
  values, vectors = lobpcg(projected_hamiltonian, guess, largest=False,
/home/erosanow_hpc/informed_swapping/BARK.py:156: UserWarning: Exited at iteration 50 with accuracies 
[1.26678438e-09]
not reaching the requested tolerance 1e-09.
Use iteration 51 instead with accuracy 
1.2667843786775594e-09.

  values, vectors = lobpcg(projected_hamiltonian, guess, largest=False,
/home/erosanow_hpc/informed_swapping/BARK.py:156: UserWarning: Exited postprocessing with accuracies 
[1.26678487e-09]
not reaching the requested tolerance 1e-09.
  values, vectors = lobpcg(projected_hamiltonian, guess, largest=False,
/home/erosanow_hpc/informed_swapping/BARK.py:156: UserWarning: Exited at iteration 50 with accuracies 
[2.03641911e-09]
not reaching the requested tolerance 1e-09.
Use iteration 51 instead with accuracy 
2.0364191074662096e-09.

  values, vectors = lobpcg(projected_hamiltonian, guess, largest=False,
/home/erosanow_hpc/informed_swapping/BARK.py:156: UserWarning: Exited postprocessing with accuracies 
[2.03641949e-09]
not reaching the requested tolerance 1e-09.
  values, vectors = lobpcg(projected_hamiltonian, guess, largest=False,
/home/erosanow_hpc/informed_swapping/BARK.py:156: UserWarning: Exited at iteration 50 with accuracies 
[1.63082348e-09]
not reaching the requested tolerance 1e-09.
Use iteration 51 instead with accuracy 
1.6308234846459916e-09.

  values, vectors = lobpcg(projected_hamiltonian, guess, largest=False,
/home/erosanow_hpc/informed_swapping/BARK.py:156: UserWarning: Exited postprocessing with accuracies 
[1.63082315e-09]
not reaching the requested tolerance 1e-09.
  values, vectors = lobpcg(projected_hamiltonian, guess, largest=False,
/home/erosanow_hpc/informed_swapping/BARK.py:156: UserWarning: Exited at iteration 50 with accuracies 
[1.94976149e-09]
not reaching the requested tolerance 1e-09.
Use iteration 51 instead with accuracy 
1.949761494758758e-09.

  values, vectors = lobpcg(projected_hamiltonian, guess, largest=False,
/home/erosanow_hpc/informed_swapping/BARK.py:156: UserWarning: Exited postprocessing with accuracies 
[1.949761e-09]
not reaching the requested tolerance 1e-09.
  values, vectors = lobpcg(projected_hamiltonian, guess, largest=False,
/home/erosanow_hpc/informed_swapping/BARK.py:156: UserWarning: Exited at iteration 50 with accuracies 
[2.02698978e-09]
not reaching the requested tolerance 1e-09.
Use iteration 51 instead with accuracy 
2.026989784736724e-09.

  values, vectors = lobpcg(projected_hamiltonian, guess, largest=False,
/home/erosanow_hpc/informed_swapping/BARK.py:156: UserWarning: Exited postprocessing with accuracies 
[2.02698909e-09]
not reaching the requested tolerance 1e-09.
  values, vectors = lobpcg(projected_hamiltonian, guess, largest=False,
/home/erosanow_hpc/informed_swapping/BARK.py:156: UserWarning: Exited at iteration 50 with accuracies 
[3.17794558e-09]
not reaching the requested tolerance 1e-09.
Use iteration 51 instead with accuracy 
3.1779455818463245e-09.

  values, vectors = lobpcg(projected_hamiltonian, guess, largest=False,
/home/erosanow_hpc/informed_swapping/BARK.py:156: UserWarning: Exited postprocessing with accuracies 
[3.17794643e-09]
not reaching the requested tolerance 1e-09.
  values, vectors = lobpcg(projected_hamiltonian, guess, largest=False,
/home/erosanow_hpc/informed_swapping/BARK.py:156: UserWarning: Exited at iteration 50 with accuracies 
[1.25707236e-09]
not reaching the requested tolerance 1e-09.
Use iteration 51 instead with accuracy 
1.2570723568260381e-09.

  values, vectors = lobpcg(projected_hamiltonian, guess, largest=False,
/home/erosanow_hpc/informed_swapping/BARK.py:156: UserWarning: Exited postprocessing with accuracies 
[1.25707252e-09]
not reaching the requested tolerance 1e-09.
  values, vectors = lobpcg(projected_hamiltonian, guess, largest=False,
/home/erosanow_hpc/informed_swapping/BARK.py:156: UserWarning: Exited at iteration 50 with accuracies 
[1.09963421e-09]
not reaching the requested tolerance 1e-09.
Use iteration 51 instead with accuracy 
1.099634214117652e-09.

  values, vectors = lobpcg(projected_hamiltonian, guess, largest=False,
/home/erosanow_hpc/informed_swapping/BARK.py:156: UserWarning: Exited postprocessing with accuracies 
[1.0996339e-09]
not reaching the requested tolerance 1e-09.
  values, vectors = lobpcg(projected_hamiltonian, guess, largest=False,
/home/erosanow_hpc/informed_swapping/BARK.py:156: UserWarning: Exited at iteration 50 with accuracies 
[1.42410336e-09]
not reaching the requested tolerance 1e-09.
Use iteration 51 instead with accuracy 
1.4241033573015366e-09.

  values, vectors = lobpcg(projected_hamiltonian, guess, largest=False,
/home/erosanow_hpc/informed_swapping/BARK.py:156: UserWarning: Exited postprocessing with accuracies 
[1.42410337e-09]
not reaching the requested tolerance 1e-09.
  values, vectors = lobpcg(projected_hamiltonian, guess, largest=False,
/home/erosanow_hpc/informed_swapping/BARK.py:156: UserWarning: Exited at iteration 50 with accuracies 
[1.16725511e-09]
not reaching the requested tolerance 1e-09.
Use iteration 51 instead with accuracy 
1.1672551113992896e-09.

  values, vectors = lobpcg(projected_hamiltonian, guess, largest=False,
/home/erosanow_hpc/informed_swapping/BARK.py:156: UserWarning: Exited postprocessing with accuracies 
[1.16725436e-09]
not reaching the requested tolerance 1e-09.
  values, vectors = lobpcg(projected_hamiltonian, guess, largest=False,
/home/erosanow_hpc/informed_swapping/BARK.py:156: UserWarning: Exited at iteration 50 with accuracies 
[1.72758311e-09]
not reaching the requested tolerance 1e-09.
Use iteration 51 instead with accuracy 
1.7275831054097303e-09.

  values, vectors = lobpcg(projected_hamiltonian, guess, largest=False,
/home/erosanow_hpc/informed_swapping/BARK.py:156: UserWarning: Exited postprocessing with accuracies 
[1.72758343e-09]
not reaching the requested tolerance 1e-09.
  values, vectors = lobpcg(projected_hamiltonian, guess, largest=False,
/home/erosanow_hpc/informed_swapping/BARK.py:156: UserWarning: Exited at iteration 50 with accuracies 
[2.05205683e-09]
not reaching the requested tolerance 1e-09.
Use iteration 51 instead with accuracy 
2.0520568333501698e-09.

  values, vectors = lobpcg(projected_hamiltonian, guess, largest=False,
/home/erosanow_hpc/informed_swapping/BARK.py:156: UserWarning: Exited postprocessing with accuracies 
[2.05205664e-09]
not reaching the requested tolerance 1e-09.
  values, vectors = lobpcg(projected_hamiltonian, guess, largest=False,
/home/erosanow_hpc/informed_swapping/BARK.py:156: UserWarning: Exited at iteration 50 with accuracies 
[2.82633655e-09]
not reaching the requested tolerance 1e-09.
Use iteration 51 instead with accuracy 
2.8263365512441215e-09.

  values, vectors = lobpcg(projected_hamiltonian, guess, largest=False,
/home/erosanow_hpc/informed_swapping/BARK.py:156: UserWarning: Exited postprocessing with accuracies 
[2.82633692e-09]
not reaching the requested tolerance 1e-09.
  values, vectors = lobpcg(projected_hamiltonian, guess, largest=False,
/home/erosanow_hpc/informed_swapping/BARK.py:156: UserWarning: Exited at iteration 50 with accuracies 
[1.41536701e-09]
not reaching the requested tolerance 1e-09.
Use iteration 51 instead with accuracy 
1.4153670083759237e-09.

  values, vectors = lobpcg(projected_hamiltonian, guess, largest=False,
/home/erosanow_hpc/informed_swapping/BARK.py:156: UserWarning: Exited postprocessing with accuracies 
[1.41536713e-09]
not reaching the requested tolerance 1e-09.
  values, vectors = lobpcg(projected_hamiltonian, guess, largest=False,
/home/erosanow_hpc/informed_swapping/BARK.py:156: UserWarning: Exited at iteration 50 with accuracies 
[1.69230436e-09]
not reaching the requested tolerance 1e-09.
Use iteration 51 instead with accuracy 
1.6923043575056621e-09.

  values, vectors = lobpcg(projected_hamiltonian, guess, largest=False,
/home/erosanow_hpc/informed_swapping/BARK.py:156: UserWarning: Exited postprocessing with accuracies 
[1.69230424e-09]
not reaching the requested tolerance 1e-09.
  values, vectors = lobpcg(projected_hamiltonian, guess, largest=False,
/home/erosanow_hpc/informed_swapping/BARK.py:156: UserWarning: Exited at iteration 50 with accuracies 
[1.72497379e-09]
not reaching the requested tolerance 1e-09.
Use iteration 51 instead with accuracy 
1.7249737937515458e-09.

  values, vectors = lobpcg(projected_hamiltonian, guess, largest=False,
/home/erosanow_hpc/informed_swapping/BARK.py:156: UserWarning: Exited postprocessing with accuracies 
[1.7249739e-09]
not reaching the requested tolerance 1e-09.
  values, vectors = lobpcg(projected_hamiltonian, guess, largest=False,
/home/erosanow_hpc/informed_swapping/BARK.py:156: UserWarning: Exited at iteration 50 with accuracies 
[2.68888301e-09]
not reaching the requested tolerance 1e-09.
Use iteration 51 instead with accuracy 
2.688883007326384e-09.

  values, vectors = lobpcg(projected_hamiltonian, guess, largest=False,
/home/erosanow_hpc/informed_swapping/BARK.py:156: UserWarning: Exited postprocessing with accuracies 
[2.68888281e-09]
not reaching the requested tolerance 1e-09.
  values, vectors = lobpcg(projected_hamiltonian, guess, largest=False,
/home/erosanow_hpc/informed_swapping/BARK.py:156: UserWarning: Exited at iteration 50 with accuracies 
[2.11130558e-09]
not reaching the requested tolerance 1e-09.
Use iteration 51 instead with accuracy 
2.111305584649992e-09.

  values, vectors = lobpcg(projected_hamiltonian, guess, largest=False,
/home/erosanow_hpc/informed_swapping/BARK.py:156: UserWarning: Exited postprocessing with accuracies 
[2.11130584e-09]
not reaching the requested tolerance 1e-09.
  values, vectors = lobpcg(projected_hamiltonian, guess, largest=False,
/home/erosanow_hpc/informed_swapping/BARK.py:156: UserWarning: Exited at iteration 50 with accuracies 
[2.62198569e-09]
not reaching the requested tolerance 1e-09.
Use iteration 51 instead with accuracy 
2.621985694184783e-09.

  values, vectors = lobpcg(projected_hamiltonian, guess, largest=False,
/home/erosanow_hpc/informed_swapping/BARK.py:156: UserWarning: Exited postprocessing with accuracies 
[2.62198556e-09]
not reaching the requested tolerance 1e-09.
  values, vectors = lobpcg(projected_hamiltonian, guess, largest=False,
/home/erosanow_hpc/informed_swapping/BARK.py:156: UserWarning: Exited at iteration 50 with accuracies 
[2.89065252e-09]
not reaching the requested tolerance 1e-09.
Use iteration 51 instead with accuracy 
2.890652515940992e-09.

  values, vectors = lobpcg(projected_hamiltonian, guess, largest=False,
/home/erosanow_hpc/informed_swapping/BARK.py:156: UserWarning: Exited postprocessing with accuracies 
[2.89065221e-09]
not reaching the requested tolerance 1e-09.
  values, vectors = lobpcg(projected_hamiltonian, guess, largest=False,
/home/erosanow_hpc/informed_swapping/BARK.py:156: UserWarning: Exited at iteration 50 with accuracies 
[4.51195895e-09]
not reaching the requested tolerance 1e-09.
Use iteration 51 instead with accuracy 
4.511958945589994e-09.

  values, vectors = lobpcg(projected_hamiltonian, guess, largest=False,
/home/erosanow_hpc/informed_swapping/BARK.py:156: UserWarning: Exited postprocessing with accuracies 
[4.51195832e-09]
not reaching the requested tolerance 1e-09.
  values, vectors = lobpcg(projected_hamiltonian, guess, largest=False,
/home/erosanow_hpc/informed_swapping/BARK.py:156: UserWarning: Exited at iteration 50 with accuracies 
[1.09479511e-09]
not reaching the requested tolerance 1e-09.
Use iteration 49 instead with accuracy 
1.0189423141274939e-09.

  values, vectors = lobpcg(projected_hamiltonian, guess, largest=False,
/home/erosanow_hpc/informed_swapping/BARK.py:156: UserWarning: Exited postprocessing with accuracies 
[1.01894213e-09]
not reaching the requested tolerance 1e-09.
  values, vectors = lobpcg(projected_hamiltonian, guess, largest=False,
/home/erosanow_hpc/informed_swapping/BARK.py:156: UserWarning: Exited at iteration 50 with accuracies 
[1.6728769e-09]
not reaching the requested tolerance 1e-09.
Use iteration 49 instead with accuracy 
1.4606118745794361e-09.

  values, vectors = lobpcg(projected_hamiltonian, guess, largest=False,
/home/erosanow_hpc/informed_swapping/BARK.py:156: UserWarning: Exited postprocessing with accuracies 
[1.46061163e-09]
not reaching the requested tolerance 1e-09.
  values, vectors = lobpcg(projected_hamiltonian, guess, largest=False,
/home/erosanow_hpc/informed_swapping/BARK.py:156: UserWarning: Exited at iteration 50 with accuracies 
[2.8894609e-09]
not reaching the requested tolerance 1e-09.
Use iteration 49 instead with accuracy 
2.6723341510390684e-09.

  values, vectors = lobpcg(projected_hamiltonian, guess, largest=False,
/home/erosanow_hpc/informed_swapping/BARK.py:156: UserWarning: Exited postprocessing with accuracies 
[2.6723345e-09]
not reaching the requested tolerance 1e-09.
  values, vectors = lobpcg(projected_hamiltonian, guess, largest=False,
/home/erosanow_hpc/informed_swapping/BARK.py:156: UserWarning: Exited at iteration 50 with accuracies 
[1.30923041e-09]
not reaching the requested tolerance 1e-09.
Use iteration 51 instead with accuracy 
1.309230407011276e-09.

  values, vectors = lobpcg(projected_hamiltonian, guess, largest=False,
/home/erosanow_hpc/informed_swapping/BARK.py:156: UserWarning: Exited postprocessing with accuracies 
[1.30923e-09]
not reaching the requested tolerance 1e-09.
  values, vectors = lobpcg(projected_hamiltonian, guess, largest=False,
/home/erosanow_hpc/informed_swapping/BARK.py:156: UserWarning: Exited at iteration 50 with accuracies 
[1.04314659e-09]
not reaching the requested tolerance 1e-09.
Use iteration 51 instead with accuracy 
1.0431465928285685e-09.

  values, vectors = lobpcg(projected_hamiltonian, guess, largest=False,
/home/erosanow_hpc/informed_swapping/BARK.py:156: UserWarning: Exited postprocessing with accuracies 
[1.0431467e-09]
not reaching the requested tolerance 1e-09.
  values, vectors = lobpcg(projected_hamiltonian, guess, largest=False,
/home/erosanow_hpc/informed_swapping/BARK.py:156: UserWarning: Exited at iteration 50 with accuracies 
[1.37720789e-09]
not reaching the requested tolerance 1e-09.
Use iteration 51 instead with accuracy 
1.3772078873711486e-09.

  values, vectors = lobpcg(projected_hamiltonian, guess, largest=False,
/home/erosanow_hpc/informed_swapping/BARK.py:156: UserWarning: Exited postprocessing with accuracies 
[1.37720847e-09]
not reaching the requested tolerance 1e-09.
  values, vectors = lobpcg(projected_hamiltonian, guess, largest=False,
/home/erosanow_hpc/informed_swapping/BARK.py:156: UserWarning: Exited at iteration 50 with accuracies 
[1.1301857e-09]
not reaching the requested tolerance 1e-09.
Use iteration 51 instead with accuracy 
1.1301856974262119e-09.

  values, vectors = lobpcg(projected_hamiltonian, guess, largest=False,
/home/erosanow_hpc/informed_swapping/BARK.py:156: UserWarning: Exited postprocessing with accuracies 
[1.13018565e-09]
not reaching the requested tolerance 1e-09.
  values, vectors = lobpcg(projected_hamiltonian, guess, largest=False,
/home/erosanow_hpc/informed_swapping/BARK.py:156: UserWarning: Exited at iteration 50 with accuracies 
[1.16901152e-09]
not reaching the requested tolerance 1e-09.
Use iteration 51 instead with accuracy 
1.1690115216044552e-09.

  values, vectors = lobpcg(projected_hamiltonian, guess, largest=False,
/home/erosanow_hpc/informed_swapping/BARK.py:156: UserWarning: Exited postprocessing with accuracies 
[1.16901227e-09]
not reaching the requested tolerance 1e-09.
  values, vectors = lobpcg(projected_hamiltonian, guess, largest=False,
/home/erosanow_hpc/informed_swapping/BARK.py:156: UserWarning: Exited at iteration 50 with accuracies 
[1.21436066e-09]
not reaching the requested tolerance 1e-09.
Use iteration 51 instead with accuracy 
1.214360657673206e-09.

  values, vectors = lobpcg(projected_hamiltonian, guess, largest=False,
/home/erosanow_hpc/informed_swapping/BARK.py:156: UserWarning: Exited postprocessing with accuracies 
[1.21436084e-09]
not reaching the requested tolerance 1e-09.
  values, vectors = lobpcg(projected_hamiltonian, guess, largest=False,
/home/erosanow_hpc/informed_swapping/BARK.py:156: UserWarning: Exited at iteration 50 with accuracies 
[1.18407562e-09]
not reaching the requested tolerance 1e-09.
Use iteration 51 instead with accuracy 
1.1840756182872703e-09.

  values, vectors = lobpcg(projected_hamiltonian, guess, largest=False,
/home/erosanow_hpc/informed_swapping/BARK.py:156: UserWarning: Exited postprocessing with accuracies 
[1.18407518e-09]
not reaching the requested tolerance 1e-09.
  values, vectors = lobpcg(projected_hamiltonian, guess, largest=False,
/home/erosanow_hpc/informed_swapping/BARK.py:156: UserWarning: Exited at iteration 50 with accuracies 
[1.59877805e-09]
not reaching the requested tolerance 1e-09.
Use iteration 51 instead with accuracy 
1.5987780453636458e-09.

  values, vectors = lobpcg(projected_hamiltonian, guess, largest=False,
/home/erosanow_hpc/informed_swapping/BARK.py:156: UserWarning: Exited postprocessing with accuracies 
[1.59877792e-09]
not reaching the requested tolerance 1e-09.
  values, vectors = lobpcg(projected_hamiltonian, guess, largest=False,
/home/erosanow_hpc/informed_swapping/BARK.py:156: UserWarning: Exited at iteration 50 with accuracies 
[1.35937323e-09]
not reaching the requested tolerance 1e-09.
Use iteration 51 instead with accuracy 
1.359373234527668e-09.

  values, vectors = lobpcg(projected_hamiltonian, guess, largest=False,
/home/erosanow_hpc/informed_swapping/BARK.py:156: UserWarning: Exited postprocessing with accuracies 
[1.35937351e-09]
not reaching the requested tolerance 1e-09.
  values, vectors = lobpcg(projected_hamiltonian, guess, largest=False,
/home/erosanow_hpc/informed_swapping/BARK.py:156: UserWarning: Exited at iteration 50 with accuracies 
[1.67480543e-09]
not reaching the requested tolerance 1e-09.
Use iteration 51 instead with accuracy 
1.6748054289912086e-09.

  values, vectors = lobpcg(projected_hamiltonian, guess, largest=False,
/home/erosanow_hpc/informed_swapping/BARK.py:156: UserWarning: Exited postprocessing with accuracies 
[1.67480605e-09]
not reaching the requested tolerance 1e-09.
  values, vectors = lobpcg(projected_hamiltonian, guess, largest=False,
/home/erosanow_hpc/informed_swapping/BARK.py:156: UserWarning: Exited at iteration 50 with accuracies 
[1.14051663e-09]
not reaching the requested tolerance 1e-09.
Use iteration 51 instead with accuracy 
1.1405166291418899e-09.

  values, vectors = lobpcg(projected_hamiltonian, guess, largest=False,
/home/erosanow_hpc/informed_swapping/BARK.py:156: UserWarning: Exited postprocessing with accuracies 
[1.14051695e-09]
not reaching the requested tolerance 1e-09.
  values, vectors = lobpcg(projected_hamiltonian, guess, largest=False,
/home/erosanow_hpc/informed_swapping/BARK.py:156: UserWarning: Exited at iteration 50 with accuracies 
[1.30743391e-09]
not reaching the requested tolerance 1e-09.
Use iteration 51 instead with accuracy 
1.3074339147588256e-09.

  values, vectors = lobpcg(projected_hamiltonian, guess, largest=False,
/home/erosanow_hpc/informed_swapping/BARK.py:156: UserWarning: Exited postprocessing with accuracies 
[1.30743457e-09]
not reaching the requested tolerance 1e-09.
  values, vectors = lobpcg(projected_hamiltonian, guess, largest=False,
/home/erosanow_hpc/informed_swapping/BARK.py:156: UserWarning: Exited at iteration 50 with accuracies 
[1.33818496e-09]
not reaching the requested tolerance 1e-09.
Use iteration 51 instead with accuracy 
1.3381849570637485e-09.

  values, vectors = lobpcg(projected_hamiltonian, guess, largest=False,
/home/erosanow_hpc/informed_swapping/BARK.py:156: UserWarning: Exited postprocessing with accuracies 
[1.33818463e-09]
not reaching the requested tolerance 1e-09.
  values, vectors = lobpcg(projected_hamiltonian, guess, largest=False,
/home/erosanow_hpc/informed_swapping/BARK.py:156: UserWarning: Exited at iteration 50 with accuracies 
[2.18725498e-09]
not reaching the requested tolerance 1e-09.
Use iteration 51 instead with accuracy 
2.1872549818431467e-09.

  values, vectors = lobpcg(projected_hamiltonian, guess, largest=False,
/home/erosanow_hpc/informed_swapping/BARK.py:156: UserWarning: Exited postprocessing with accuracies 
[2.18725525e-09]
not reaching the requested tolerance 1e-09.
  values, vectors = lobpcg(projected_hamiltonian, guess, largest=False,
/home/erosanow_hpc/informed_swapping/BARK.py:156: UserWarning: Exited at iteration 50 with accuracies 
[1.59886871e-09]
not reaching the requested tolerance 1e-09.
Use iteration 51 instead with accuracy 
1.5988687088122114e-09.

  values, vectors = lobpcg(projected_hamiltonian, guess, largest=False,
/home/erosanow_hpc/informed_swapping/BARK.py:156: UserWarning: Exited postprocessing with accuracies 
[1.5988692e-09]
not reaching the requested tolerance 1e-09.
  values, vectors = lobpcg(projected_hamiltonian, guess, largest=False,
/home/erosanow_hpc/informed_swapping/BARK.py:156: UserWarning: Exited at iteration 50 with accuracies 
[1.91307666e-09]
not reaching the requested tolerance 1e-09.
Use iteration 51 instead with accuracy 
1.9130766602191067e-09.

  values, vectors = lobpcg(projected_hamiltonian, guess, largest=False,
/home/erosanow_hpc/informed_swapping/BARK.py:156: UserWarning: Exited postprocessing with accuracies 
[1.91307647e-09]
not reaching the requested tolerance 1e-09.
  values, vectors = lobpcg(projected_hamiltonian, guess, largest=False,
/home/erosanow_hpc/informed_swapping/BARK.py:156: UserWarning: Exited at iteration 50 with accuracies 
[2.13379015e-09]
not reaching the requested tolerance 1e-09.
Use iteration 51 instead with accuracy 
2.133790149721228e-09.

  values, vectors = lobpcg(projected_hamiltonian, guess, largest=False,
/home/erosanow_hpc/informed_swapping/BARK.py:156: UserWarning: Exited postprocessing with accuracies 
[2.1337905e-09]
not reaching the requested tolerance 1e-09.
  values, vectors = lobpcg(projected_hamiltonian, guess, largest=False,
/home/erosanow_hpc/informed_swapping/BARK.py:156: UserWarning: Exited at iteration 50 with accuracies 
[3.40587985e-09]
not reaching the requested tolerance 1e-09.
Use iteration 51 instead with accuracy 
3.405879850666501e-09.

  values, vectors = lobpcg(projected_hamiltonian, guess, largest=False,
/home/erosanow_hpc/informed_swapping/BARK.py:156: UserWarning: Exited postprocessing with accuracies 
[3.40587985e-09]
not reaching the requested tolerance 1e-09.
  values, vectors = lobpcg(projected_hamiltonian, guess, largest=False,
/home/erosanow_hpc/informed_swapping/BARK.py:156: UserWarning: Exited at iteration 50 with accuracies 
[1.03796287e-09]
not reaching the requested tolerance 1e-09.
Use iteration 51 instead with accuracy 
1.0379628655566326e-09.

  values, vectors = lobpcg(projected_hamiltonian, guess, largest=False,
/home/erosanow_hpc/informed_swapping/BARK.py:156: UserWarning: Exited postprocessing with accuracies 
[1.03796292e-09]
not reaching the requested tolerance 1e-09.
  values, vectors = lobpcg(projected_hamiltonian, guess, largest=False,
/home/erosanow_hpc/informed_swapping/BARK.py:156: UserWarning: Exited at iteration 50 with accuracies 
[1.1823861e-09]
not reaching the requested tolerance 1e-09.
Use iteration 51 instead with accuracy 
1.1823861017310563e-09.

  values, vectors = lobpcg(projected_hamiltonian, guess, largest=False,
/home/erosanow_hpc/informed_swapping/BARK.py:156: UserWarning: Exited postprocessing with accuracies 
[1.18238703e-09]
not reaching the requested tolerance 1e-09.
  values, vectors = lobpcg(projected_hamiltonian, guess, largest=False,
/home/erosanow_hpc/informed_swapping/BARK.py:156: UserWarning: Exited at iteration 50 with accuracies 
[1.2030722e-09]
not reaching the requested tolerance 1e-09.
Use iteration 51 instead with accuracy 
1.203072202589376e-09.

  values, vectors = lobpcg(projected_hamiltonian, guess, largest=False,
/home/erosanow_hpc/informed_swapping/BARK.py:156: UserWarning: Exited postprocessing with accuracies 
[1.20307272e-09]
not reaching the requested tolerance 1e-09.
  values, vectors = lobpcg(projected_hamiltonian, guess, largest=False,
/home/erosanow_hpc/informed_swapping/BARK.py:156: UserWarning: Exited at iteration 50 with accuracies 
[1.06837617e-09]
not reaching the requested tolerance 1e-09.
Use iteration 51 instead with accuracy 
1.0683761700649712e-09.

  values, vectors = lobpcg(projected_hamiltonian, guess, largest=False,
/home/erosanow_hpc/informed_swapping/BARK.py:156: UserWarning: Exited postprocessing with accuracies 
[1.06837618e-09]
not reaching the requested tolerance 1e-09.
  values, vectors = lobpcg(projected_hamiltonian, guess, largest=False,
/home/erosanow_hpc/informed_swapping/BARK.py:156: UserWarning: Exited at iteration 50 with accuracies 
[1.08868996e-09]
not reaching the requested tolerance 1e-09.
Use iteration 51 instead with accuracy 
1.0886899617377997e-09.

  values, vectors = lobpcg(projected_hamiltonian, guess, largest=False,
/home/erosanow_hpc/informed_swapping/BARK.py:156: UserWarning: Exited postprocessing with accuracies 
[1.08868969e-09]
not reaching the requested tolerance 1e-09.
  values, vectors = lobpcg(projected_hamiltonian, guess, largest=False,
/home/erosanow_hpc/informed_swapping/BARK.py:156: UserWarning: Exited at iteration 50 with accuracies 
[1.5379087e-09]
not reaching the requested tolerance 1e-09.
Use iteration 51 instead with accuracy 
1.5379087030222594e-09.

  values, vectors = lobpcg(projected_hamiltonian, guess, largest=False,
/home/erosanow_hpc/informed_swapping/BARK.py:156: UserWarning: Exited postprocessing with accuracies 
[1.53790872e-09]
not reaching the requested tolerance 1e-09.
  values, vectors = lobpcg(projected_hamiltonian, guess, largest=False,
/home/erosanow_hpc/informed_swapping/BARK.py:156: UserWarning: Exited at iteration 50 with accuracies 
[1.11589123e-09]
not reaching the requested tolerance 1e-09.
Use iteration 51 instead with accuracy 
1.1158912330542193e-09.

  values, vectors = lobpcg(projected_hamiltonian, guess, largest=False,
/home/erosanow_hpc/informed_swapping/BARK.py:156: UserWarning: Exited postprocessing with accuracies 
[1.11589105e-09]
not reaching the requested tolerance 1e-09.
  values, vectors = lobpcg(projected_hamiltonian, guess, largest=False,
/home/erosanow_hpc/informed_swapping/BARK.py:156: UserWarning: Exited at iteration 50 with accuracies 
[1.29499357e-09]
not reaching the requested tolerance 1e-09.
Use iteration 51 instead with accuracy 
1.2949935673113382e-09.

  values, vectors = lobpcg(projected_hamiltonian, guess, largest=False,
/home/erosanow_hpc/informed_swapping/BARK.py:156: UserWarning: Exited postprocessing with accuracies 
[1.29499342e-09]
not reaching the requested tolerance 1e-09.
  values, vectors = lobpcg(projected_hamiltonian, guess, largest=False,
/home/erosanow_hpc/informed_swapping/BARK.py:156: UserWarning: Exited at iteration 50 with accuracies 
[1.05153458e-09]
not reaching the requested tolerance 1e-09.
Use iteration 51 instead with accuracy 
1.0515345840542913e-09.

  values, vectors = lobpcg(projected_hamiltonian, guess, largest=False,
/home/erosanow_hpc/informed_swapping/BARK.py:156: UserWarning: Exited postprocessing with accuracies 
[1.05153466e-09]
not reaching the requested tolerance 1e-09.
  values, vectors = lobpcg(projected_hamiltonian, guess, largest=False,
/home/erosanow_hpc/informed_swapping/BARK.py:156: UserWarning: Exited at iteration 50 with accuracies 
[1.1784214e-09]
not reaching the requested tolerance 1e-09.
Use iteration 51 instead with accuracy 
1.178421400052619e-09.

  values, vectors = lobpcg(projected_hamiltonian, guess, largest=False,
/home/erosanow_hpc/informed_swapping/BARK.py:156: UserWarning: Exited postprocessing with accuracies 
[1.17842123e-09]
not reaching the requested tolerance 1e-09.
  values, vectors = lobpcg(projected_hamiltonian, guess, largest=False,
/home/erosanow_hpc/informed_swapping/BARK.py:156: UserWarning: Exited at iteration 50 with accuracies 
[1.16174517e-09]
not reaching the requested tolerance 1e-09.
Use iteration 51 instead with accuracy 
1.1617451729151897e-09.

  values, vectors = lobpcg(projected_hamiltonian, guess, largest=False,
/home/erosanow_hpc/informed_swapping/BARK.py:156: UserWarning: Exited postprocessing with accuracies 
[1.16174507e-09]
not reaching the requested tolerance 1e-09.
  values, vectors = lobpcg(projected_hamiltonian, guess, largest=False,
/home/erosanow_hpc/informed_swapping/BARK.py:156: UserWarning: Exited at iteration 50 with accuracies 
[1.9140148e-09]
not reaching the requested tolerance 1e-09.
Use iteration 51 instead with accuracy 
1.9140148016745895e-09.

  values, vectors = lobpcg(projected_hamiltonian, guess, largest=False,
/home/erosanow_hpc/informed_swapping/BARK.py:156: UserWarning: Exited postprocessing with accuracies 
[1.91401498e-09]
not reaching the requested tolerance 1e-09.
  values, vectors = lobpcg(projected_hamiltonian, guess, largest=False,
/home/erosanow_hpc/informed_swapping/BARK.py:156: UserWarning: Exited at iteration 50 with accuracies 
[1.14945228e-09]
not reaching the requested tolerance 1e-09.
Use iteration 51 instead with accuracy 
1.149452284842582e-09.

  values, vectors = lobpcg(projected_hamiltonian, guess, largest=False,
/home/erosanow_hpc/informed_swapping/BARK.py:156: UserWarning: Exited postprocessing with accuracies 
[1.14945232e-09]
not reaching the requested tolerance 1e-09.
  values, vectors = lobpcg(projected_hamiltonian, guess, largest=False,
/home/erosanow_hpc/informed_swapping/BARK.py:156: UserWarning: Exited at iteration 50 with accuracies 
[1.42977981e-09]
not reaching the requested tolerance 1e-09.
Use iteration 51 instead with accuracy 
1.4297798080390288e-09.

  values, vectors = lobpcg(projected_hamiltonian, guess, largest=False,
/home/erosanow_hpc/informed_swapping/BARK.py:156: UserWarning: Exited postprocessing with accuracies 
[1.42977965e-09]
not reaching the requested tolerance 1e-09.
  values, vectors = lobpcg(projected_hamiltonian, guess, largest=False,
/home/erosanow_hpc/informed_swapping/BARK.py:156: UserWarning: Exited at iteration 50 with accuracies 
[1.9950018e-09]
not reaching the requested tolerance 1e-09.
Use iteration 51 instead with accuracy 
1.995001800259945e-09.

  values, vectors = lobpcg(projected_hamiltonian, guess, largest=False,
/home/erosanow_hpc/informed_swapping/BARK.py:156: UserWarning: Exited postprocessing with accuracies 
[1.99500094e-09]
not reaching the requested tolerance 1e-09.
  values, vectors = lobpcg(projected_hamiltonian, guess, largest=False,
/home/erosanow_hpc/informed_swapping/BARK.py:156: UserWarning: Exited at iteration 50 with accuracies 
[1.05146341e-09]
not reaching the requested tolerance 1e-09.
Use iteration 51 instead with accuracy 
1.0514634143413773e-09.

  values, vectors = lobpcg(projected_hamiltonian, guess, largest=False,
/home/erosanow_hpc/informed_swapping/BARK.py:156: UserWarning: Exited postprocessing with accuracies 
[1.05146226e-09]
not reaching the requested tolerance 1e-09.
  values, vectors = lobpcg(projected_hamiltonian, guess, largest=False,
/home/erosanow_hpc/informed_swapping/BARK.py:156: UserWarning: Exited at iteration 50 with accuracies 
[1.18454825e-09]
not reaching the requested tolerance 1e-09.
Use iteration 51 instead with accuracy 
1.1845482489447701e-09.

  values, vectors = lobpcg(projected_hamiltonian, guess, largest=False,
/home/erosanow_hpc/informed_swapping/BARK.py:156: UserWarning: Exited postprocessing with accuracies 
[1.18454787e-09]
not reaching the requested tolerance 1e-09.
  values, vectors = lobpcg(projected_hamiltonian, guess, largest=False,
/home/erosanow_hpc/informed_swapping/BARK.py:156: UserWarning: Exited at iteration 50 with accuracies 
[1.29528531e-09]
not reaching the requested tolerance 1e-09.
Use iteration 51 instead with accuracy 
1.2952853140517254e-09.

  values, vectors = lobpcg(projected_hamiltonian, guess, largest=False,
/home/erosanow_hpc/informed_swapping/BARK.py:156: UserWarning: Exited postprocessing with accuracies 
[1.29528583e-09]
not reaching the requested tolerance 1e-09.
  values, vectors = lobpcg(projected_hamiltonian, guess, largest=False,
/home/erosanow_hpc/informed_swapping/BARK.py:156: UserWarning: Exited at iteration 50 with accuracies 
[2.11247371e-09]
not reaching the requested tolerance 1e-09.
Use iteration 51 instead with accuracy 
2.1124737084902833e-09.

  values, vectors = lobpcg(projected_hamiltonian, guess, largest=False,
/home/erosanow_hpc/informed_swapping/BARK.py:156: UserWarning: Exited postprocessing with accuracies 
[2.11247365e-09]
not reaching the requested tolerance 1e-09.
  values, vectors = lobpcg(projected_hamiltonian, guess, largest=False,
/home/erosanow_hpc/informed_swapping/BARK.py:156: UserWarning: Exited at iteration 50 with accuracies 
[1.7064147e-09]
not reaching the requested tolerance 1e-09.
Use iteration 51 instead with accuracy 
1.7064147004474544e-09.

  values, vectors = lobpcg(projected_hamiltonian, guess, largest=False,
/home/erosanow_hpc/informed_swapping/BARK.py:156: UserWarning: Exited postprocessing with accuracies 
[1.70641405e-09]
not reaching the requested tolerance 1e-09.
  values, vectors = lobpcg(projected_hamiltonian, guess, largest=False,
/home/erosanow_hpc/informed_swapping/BARK.py:156: UserWarning: Exited at iteration 50 with accuracies 
[2.037091e-09]
not reaching the requested tolerance 1e-09.
Use iteration 51 instead with accuracy 
2.0370909971179604e-09.

  values, vectors = lobpcg(projected_hamiltonian, guess, largest=False,
/home/erosanow_hpc/informed_swapping/BARK.py:156: UserWarning: Exited postprocessing with accuracies 
[2.03709111e-09]
not reaching the requested tolerance 1e-09.
  values, vectors = lobpcg(projected_hamiltonian, guess, largest=False,
/home/erosanow_hpc/informed_swapping/BARK.py:156: UserWarning: Exited at iteration 50 with accuracies 
[2.108614e-09]
not reaching the requested tolerance 1e-09.
Use iteration 51 instead with accuracy 
2.1086139997364407e-09.

  values, vectors = lobpcg(projected_hamiltonian, guess, largest=False,
/home/erosanow_hpc/informed_swapping/BARK.py:156: UserWarning: Exited postprocessing with accuracies 
[2.1086137e-09]
not reaching the requested tolerance 1e-09.
  values, vectors = lobpcg(projected_hamiltonian, guess, largest=False,
/home/erosanow_hpc/informed_swapping/BARK.py:156: UserWarning: Exited at iteration 50 with accuracies 
[3.34515104e-09]
not reaching the requested tolerance 1e-09.
Use iteration 51 instead with accuracy 
3.3451510422316144e-09.

  values, vectors = lobpcg(projected_hamiltonian, guess, largest=False,
/home/erosanow_hpc/informed_swapping/BARK.py:156: UserWarning: Exited postprocessing with accuracies 
[3.34515128e-09]
not reaching the requested tolerance 1e-09.
  values, vectors = lobpcg(projected_hamiltonian, guess, largest=False,
/home/erosanow_hpc/informed_swapping/BARK.py:156: UserWarning: Exited at iteration 50 with accuracies 
[1.04928912e-09]
not reaching the requested tolerance 1e-09.
Use iteration 51 instead with accuracy 
1.0492891246115553e-09.

  values, vectors = lobpcg(projected_hamiltonian, guess, largest=False,
/home/erosanow_hpc/informed_swapping/BARK.py:156: UserWarning: Exited postprocessing with accuracies 
[1.04928956e-09]
not reaching the requested tolerance 1e-09.
  values, vectors = lobpcg(projected_hamiltonian, guess, largest=False,
/home/erosanow_hpc/informed_swapping/BARK.py:156: UserWarning: Exited at iteration 50 with accuracies 
[1.2404888e-09]
not reaching the requested tolerance 1e-09.
Use iteration 51 instead with accuracy 
1.2404887950208634e-09.

  values, vectors = lobpcg(projected_hamiltonian, guess, largest=False,
/home/erosanow_hpc/informed_swapping/BARK.py:156: UserWarning: Exited postprocessing with accuracies 
[1.24048941e-09]
not reaching the requested tolerance 1e-09.
  values, vectors = lobpcg(projected_hamiltonian, guess, largest=False,
/home/erosanow_hpc/informed_swapping/BARK.py:156: UserWarning: Exited at iteration 50 with accuracies 
[1.09694389e-09]
not reaching the requested tolerance 1e-09.
Use iteration 51 instead with accuracy 
1.0969438878541267e-09.

  values, vectors = lobpcg(projected_hamiltonian, guess, largest=False,
/home/erosanow_hpc/informed_swapping/BARK.py:156: UserWarning: Exited postprocessing with accuracies 
[1.09694372e-09]
not reaching the requested tolerance 1e-09.
  values, vectors = lobpcg(projected_hamiltonian, guess, largest=False,
/home/erosanow_hpc/informed_swapping/BARK.py:156: UserWarning: Exited at iteration 50 with accuracies 
[1.19419234e-09]
not reaching the requested tolerance 1e-09.
Use iteration 51 instead with accuracy 
1.1941923440272978e-09.

  values, vectors = lobpcg(projected_hamiltonian, guess, largest=False,
/home/erosanow_hpc/informed_swapping/BARK.py:156: UserWarning: Exited postprocessing with accuracies 
[1.19419313e-09]
not reaching the requested tolerance 1e-09.
  values, vectors = lobpcg(projected_hamiltonian, guess, largest=False,
/home/erosanow_hpc/informed_swapping/BARK.py:156: UserWarning: Exited at iteration 50 with accuracies 
[1.95071238e-09]
not reaching the requested tolerance 1e-09.
Use iteration 51 instead with accuracy 
1.950712375286701e-09.

  values, vectors = lobpcg(projected_hamiltonian, guess, largest=False,
/home/erosanow_hpc/informed_swapping/BARK.py:156: UserWarning: Exited postprocessing with accuracies 
[1.95071287e-09]
not reaching the requested tolerance 1e-09.
  values, vectors = lobpcg(projected_hamiltonian, guess, largest=False,
/home/erosanow_hpc/informed_swapping/BARK.py:156: UserWarning: Exited at iteration 50 with accuracies 
[1.07362189e-09]
not reaching the requested tolerance 1e-09.
Use iteration 51 instead with accuracy 
1.0736218874125092e-09.

  values, vectors = lobpcg(projected_hamiltonian, guess, largest=False,
/home/erosanow_hpc/informed_swapping/BARK.py:156: UserWarning: Exited postprocessing with accuracies 
[1.07362183e-09]
not reaching the requested tolerance 1e-09.
  values, vectors = lobpcg(projected_hamiltonian, guess, largest=False,
/home/erosanow_hpc/informed_swapping/BARK.py:156: UserWarning: Exited at iteration 50 with accuracies 
[1.18722635e-09]
not reaching the requested tolerance 1e-09.
Use iteration 51 instead with accuracy 
1.187226346736932e-09.

  values, vectors = lobpcg(projected_hamiltonian, guess, largest=False,
/home/erosanow_hpc/informed_swapping/BARK.py:156: UserWarning: Exited postprocessing with accuracies 
[1.18722641e-09]
not reaching the requested tolerance 1e-09.
  values, vectors = lobpcg(projected_hamiltonian, guess, largest=False,
/home/erosanow_hpc/informed_swapping/BARK.py:156: UserWarning: Exited at iteration 50 with accuracies 
[1.37210575e-09]
not reaching the requested tolerance 1e-09.
Use iteration 51 instead with accuracy 
1.372105754653341e-09.

  values, vectors = lobpcg(projected_hamiltonian, guess, largest=False,
/home/erosanow_hpc/informed_swapping/BARK.py:156: UserWarning: Exited at iteration 50 with accuracies 
[1.67907944e-09]
not reaching the requested tolerance 1e-09.
Use iteration 51 instead with accuracy 
1.6790794395004856e-09.

  values, vectors = lobpcg(projected_hamiltonian, guess, largest=False,
/home/erosanow_hpc/informed_swapping/BARK.py:156: UserWarning: Exited postprocessing with accuracies 
[1.67907983e-09]
not reaching the requested tolerance 1e-09.
  values, vectors = lobpcg(projected_hamiltonian, guess, largest=False,
/home/erosanow_hpc/informed_swapping/BARK.py:156: UserWarning: Exited at iteration 50 with accuracies 
[2.29575993e-09]
not reaching the requested tolerance 1e-09.
Use iteration 51 instead with accuracy 
2.2957599269241796e-09.

  values, vectors = lobpcg(projected_hamiltonian, guess, largest=False,
/home/erosanow_hpc/informed_swapping/BARK.py:156: UserWarning: Exited postprocessing with accuracies 
[2.29575972e-09]
not reaching the requested tolerance 1e-09.
  values, vectors = lobpcg(projected_hamiltonian, guess, largest=False,
/home/erosanow_hpc/informed_swapping/BARK.py:156: UserWarning: Exited at iteration 50 with accuracies 
[1.04162821e-09]
not reaching the requested tolerance 1e-09.
Use iteration 51 instead with accuracy 
1.0416282066871614e-09.

  values, vectors = lobpcg(projected_hamiltonian, guess, largest=False,
/home/erosanow_hpc/informed_swapping/BARK.py:156: UserWarning: Exited postprocessing with accuracies 
[1.04162832e-09]
not reaching the requested tolerance 1e-09.
  values, vectors = lobpcg(projected_hamiltonian, guess, largest=False,
/home/erosanow_hpc/informed_swapping/BARK.py:156: UserWarning: Exited at iteration 50 with accuracies 
[1.18487805e-09]
not reaching the requested tolerance 1e-09.
Use iteration 51 instead with accuracy 
1.184878051043605e-09.

  values, vectors = lobpcg(projected_hamiltonian, guess, largest=False,
/home/erosanow_hpc/informed_swapping/BARK.py:156: UserWarning: Exited postprocessing with accuracies 
[1.18487859e-09]
not reaching the requested tolerance 1e-09.
  values, vectors = lobpcg(projected_hamiltonian, guess, largest=False,
/home/erosanow_hpc/informed_swapping/BARK.py:156: UserWarning: Exited at iteration 50 with accuracies 
[1.26678445e-09]
not reaching the requested tolerance 1e-09.
Use iteration 51 instead with accuracy 
1.266784453440404e-09.

  values, vectors = lobpcg(projected_hamiltonian, guess, largest=False,
/home/erosanow_hpc/informed_swapping/BARK.py:156: UserWarning: Exited postprocessing with accuracies 
[1.26678466e-09]
not reaching the requested tolerance 1e-09.
  values, vectors = lobpcg(projected_hamiltonian, guess, largest=False,
/home/erosanow_hpc/informed_swapping/BARK.py:156: UserWarning: Exited at iteration 50 with accuracies 
[2.03641922e-09]
not reaching the requested tolerance 1e-09.
Use iteration 51 instead with accuracy 
2.03641922458308e-09.

  values, vectors = lobpcg(projected_hamiltonian, guess, largest=False,
/home/erosanow_hpc/informed_swapping/BARK.py:156: UserWarning: Exited postprocessing with accuracies 
[2.0364192e-09]
not reaching the requested tolerance 1e-09.
  values, vectors = lobpcg(projected_hamiltonian, guess, largest=False,
/home/erosanow_hpc/informed_swapping/BARK.py:156: UserWarning: Exited at iteration 50 with accuracies 
[1.63082451e-09]
not reaching the requested tolerance 1e-09.
Use iteration 51 instead with accuracy 
1.6308245090511397e-09.

  values, vectors = lobpcg(projected_hamiltonian, guess, largest=False,
/home/erosanow_hpc/informed_swapping/BARK.py:156: UserWarning: Exited postprocessing with accuracies 
[1.63082432e-09]
not reaching the requested tolerance 1e-09.
  values, vectors = lobpcg(projected_hamiltonian, guess, largest=False,
/home/erosanow_hpc/informed_swapping/BARK.py:156: UserWarning: Exited at iteration 50 with accuracies 
[1.94976218e-09]
not reaching the requested tolerance 1e-09.
Use iteration 51 instead with accuracy 
1.9497621804610133e-09.

  values, vectors = lobpcg(projected_hamiltonian, guess, largest=False,
/home/erosanow_hpc/informed_swapping/BARK.py:156: UserWarning: Exited postprocessing with accuracies 
[1.9497621e-09]
not reaching the requested tolerance 1e-09.
  values, vectors = lobpcg(projected_hamiltonian, guess, largest=False,
/home/erosanow_hpc/informed_swapping/BARK.py:156: UserWarning: Exited at iteration 50 with accuracies 
[2.02699086e-09]
not reaching the requested tolerance 1e-09.
Use iteration 51 instead with accuracy 
2.0269908565200048e-09.

  values, vectors = lobpcg(projected_hamiltonian, guess, largest=False,
/home/erosanow_hpc/informed_swapping/BARK.py:156: UserWarning: Exited postprocessing with accuracies 
[2.02699096e-09]
not reaching the requested tolerance 1e-09.
  values, vectors = lobpcg(projected_hamiltonian, guess, largest=False,
/home/erosanow_hpc/informed_swapping/BARK.py:156: UserWarning: Exited at iteration 50 with accuracies 
[3.17794572e-09]
not reaching the requested tolerance 1e-09.
Use iteration 51 instead with accuracy 
3.1779457222683875e-09.

  values, vectors = lobpcg(projected_hamiltonian, guess, largest=False,
/home/erosanow_hpc/informed_swapping/BARK.py:156: UserWarning: Exited postprocessing with accuracies 
[3.17794631e-09]
not reaching the requested tolerance 1e-09.
  values, vectors = lobpcg(projected_hamiltonian, guess, largest=False,
/home/erosanow_hpc/informed_swapping/BARK.py:156: UserWarning: Exited at iteration 50 with accuracies 
[1.25707278e-09]
not reaching the requested tolerance 1e-09.
Use iteration 51 instead with accuracy 
1.257072775561042e-09.

  values, vectors = lobpcg(projected_hamiltonian, guess, largest=False,
/home/erosanow_hpc/informed_swapping/BARK.py:156: UserWarning: Exited postprocessing with accuracies 
[1.25707297e-09]
not reaching the requested tolerance 1e-09.
  values, vectors = lobpcg(projected_hamiltonian, guess, largest=False,
/home/erosanow_hpc/informed_swapping/BARK.py:156: UserWarning: Exited at iteration 50 with accuracies 
[1.09963379e-09]
not reaching the requested tolerance 1e-09.
Use iteration 51 instead with accuracy 
1.0996337937969342e-09.

  values, vectors = lobpcg(projected_hamiltonian, guess, largest=False,
/home/erosanow_hpc/informed_swapping/BARK.py:156: UserWarning: Exited postprocessing with accuracies 
[1.09963406e-09]
not reaching the requested tolerance 1e-09.
  values, vectors = lobpcg(projected_hamiltonian, guess, largest=False,
/home/erosanow_hpc/informed_swapping/BARK.py:156: UserWarning: Exited at iteration 50 with accuracies 
[1.42410233e-09]
not reaching the requested tolerance 1e-09.
Use iteration 51 instead with accuracy 
1.4241023267114414e-09.

  values, vectors = lobpcg(projected_hamiltonian, guess, largest=False,
/home/erosanow_hpc/informed_swapping/BARK.py:156: UserWarning: Exited postprocessing with accuracies 
[1.42410209e-09]
not reaching the requested tolerance 1e-09.
  values, vectors = lobpcg(projected_hamiltonian, guess, largest=False,
/home/erosanow_hpc/informed_swapping/BARK.py:156: UserWarning: Exited at iteration 50 with accuracies 
[1.16725543e-09]
not reaching the requested tolerance 1e-09.
Use iteration 51 instead with accuracy 
1.167255429229033e-09.

  values, vectors = lobpcg(projected_hamiltonian, guess, largest=False,
/home/erosanow_hpc/informed_swapping/BARK.py:156: UserWarning: Exited postprocessing with accuracies 
[1.16725598e-09]
not reaching the requested tolerance 1e-09.
  values, vectors = lobpcg(projected_hamiltonian, guess, largest=False,
/home/erosanow_hpc/informed_swapping/BARK.py:156: UserWarning: Exited at iteration 50 with accuracies 
[1.72758238e-09]
not reaching the requested tolerance 1e-09.
Use iteration 51 instead with accuracy 
1.7275823812117892e-09.

  values, vectors = lobpcg(projected_hamiltonian, guess, largest=False,
/home/erosanow_hpc/informed_swapping/BARK.py:156: UserWarning: Exited postprocessing with accuracies 
[1.72758286e-09]
not reaching the requested tolerance 1e-09.
  values, vectors = lobpcg(projected_hamiltonian, guess, largest=False,
/home/erosanow_hpc/informed_swapping/BARK.py:156: UserWarning: Exited at iteration 50 with accuracies 
[2.05205599e-09]
not reaching the requested tolerance 1e-09.
Use iteration 51 instead with accuracy 
2.0520559922519096e-09.

  values, vectors = lobpcg(projected_hamiltonian, guess, largest=False,
/home/erosanow_hpc/informed_swapping/BARK.py:156: UserWarning: Exited postprocessing with accuracies 
[2.05205581e-09]
not reaching the requested tolerance 1e-09.
  values, vectors = lobpcg(projected_hamiltonian, guess, largest=False,
/home/erosanow_hpc/informed_swapping/BARK.py:156: UserWarning: Exited at iteration 50 with accuracies 
[2.82633718e-09]
not reaching the requested tolerance 1e-09.
Use iteration 51 instead with accuracy 
2.826337177105701e-09.

  values, vectors = lobpcg(projected_hamiltonian, guess, largest=False,
/home/erosanow_hpc/informed_swapping/BARK.py:156: UserWarning: Exited postprocessing with accuracies 
[2.82633741e-09]
not reaching the requested tolerance 1e-09.
  values, vectors = lobpcg(projected_hamiltonian, guess, largest=False,
/home/erosanow_hpc/informed_swapping/BARK.py:156: UserWarning: Exited at iteration 50 with accuracies 
[1.41536724e-09]
not reaching the requested tolerance 1e-09.
Use iteration 51 instead with accuracy 
1.4153672408007126e-09.

  values, vectors = lobpcg(projected_hamiltonian, guess, largest=False,
/home/erosanow_hpc/informed_swapping/BARK.py:156: UserWarning: Exited postprocessing with accuracies 
[1.41536733e-09]
not reaching the requested tolerance 1e-09.
  values, vectors = lobpcg(projected_hamiltonian, guess, largest=False,
/home/erosanow_hpc/informed_swapping/BARK.py:156: UserWarning: Exited at iteration 50 with accuracies 
[1.69230344e-09]
not reaching the requested tolerance 1e-09.
Use iteration 51 instead with accuracy 
1.6923034442135516e-09.

  values, vectors = lobpcg(projected_hamiltonian, guess, largest=False,
/home/erosanow_hpc/informed_swapping/BARK.py:156: UserWarning: Exited postprocessing with accuracies 
[1.69230333e-09]
not reaching the requested tolerance 1e-09.
  values, vectors = lobpcg(projected_hamiltonian, guess, largest=False,
/home/erosanow_hpc/informed_swapping/BARK.py:156: UserWarning: Exited at iteration 50 with accuracies 
[1.72497284e-09]
not reaching the requested tolerance 1e-09.
Use iteration 51 instead with accuracy 
1.7249728363877897e-09.

  values, vectors = lobpcg(projected_hamiltonian, guess, largest=False,
/home/erosanow_hpc/informed_swapping/BARK.py:156: UserWarning: Exited postprocessing with accuracies 
[1.72497315e-09]
not reaching the requested tolerance 1e-09.
  values, vectors = lobpcg(projected_hamiltonian, guess, largest=False,
/home/erosanow_hpc/informed_swapping/BARK.py:156: UserWarning: Exited at iteration 50 with accuracies 
[2.68888353e-09]
not reaching the requested tolerance 1e-09.
Use iteration 51 instead with accuracy 
2.688883526932406e-09.

  values, vectors = lobpcg(projected_hamiltonian, guess, largest=False,
/home/erosanow_hpc/informed_swapping/BARK.py:156: UserWarning: Exited postprocessing with accuracies 
[2.688883e-09]
not reaching the requested tolerance 1e-09.
  values, vectors = lobpcg(projected_hamiltonian, guess, largest=False,
/home/erosanow_hpc/informed_swapping/BARK.py:156: UserWarning: Exited at iteration 50 with accuracies 
[2.11130671e-09]
not reaching the requested tolerance 1e-09.
Use iteration 51 instead with accuracy 
2.1113067146714275e-09.

  values, vectors = lobpcg(projected_hamiltonian, guess, largest=False,
/home/erosanow_hpc/informed_swapping/BARK.py:156: UserWarning: Exited postprocessing with accuracies 
[2.11130616e-09]
not reaching the requested tolerance 1e-09.
  values, vectors = lobpcg(projected_hamiltonian, guess, largest=False,
/home/erosanow_hpc/informed_swapping/BARK.py:156: UserWarning: Exited at iteration 50 with accuracies 
[2.62198558e-09]
not reaching the requested tolerance 1e-09.
Use iteration 51 instead with accuracy 
2.6219855773544644e-09.

  values, vectors = lobpcg(projected_hamiltonian, guess, largest=False,
/home/erosanow_hpc/informed_swapping/BARK.py:156: UserWarning: Exited postprocessing with accuracies 
[2.62198582e-09]
not reaching the requested tolerance 1e-09.
  values, vectors = lobpcg(projected_hamiltonian, guess, largest=False,
/home/erosanow_hpc/informed_swapping/BARK.py:156: UserWarning: Exited at iteration 50 with accuracies 
[2.89065073e-09]
not reaching the requested tolerance 1e-09.
Use iteration 51 instead with accuracy 
2.8906507307422088e-09.

  values, vectors = lobpcg(projected_hamiltonian, guess, largest=False,
/home/erosanow_hpc/informed_swapping/BARK.py:156: UserWarning: Exited postprocessing with accuracies 
[2.89065021e-09]
not reaching the requested tolerance 1e-09.
  values, vectors = lobpcg(projected_hamiltonian, guess, largest=False,
/home/erosanow_hpc/informed_swapping/BARK.py:156: UserWarning: Exited at iteration 50 with accuracies 
[4.51195923e-09]
not reaching the requested tolerance 1e-09.
Use iteration 51 instead with accuracy 
4.511959228119579e-09.

  values, vectors = lobpcg(projected_hamiltonian, guess, largest=False,
/home/erosanow_hpc/informed_swapping/BARK.py:156: UserWarning: Exited postprocessing with accuracies 
[4.51195893e-09]
not reaching the requested tolerance 1e-09.
  values, vectors = lobpcg(projected_hamiltonian, guess, largest=False,
[2026-08-30T11:41:04.004] error: *** JOB 27177911 ON node177 CANCELLED AT 2026-08-30T11:41:04 DUE TO TIME LIMIT ***
