/home/erosanow_hpc/informed_swapping/BARK.py:156: UserWarning: Exited at iteration 50 with accuracies 
[3.18778085e-09]
not reaching the requested tolerance 1e-09.
Use iteration 51 instead with accuracy 
3.187780851403437e-09.

  values, vectors = lobpcg(projected_hamiltonian, guess, largest=False,
/home/erosanow_hpc/informed_swapping/BARK.py:156: UserWarning: Exited postprocessing with accuracies 
[3.18778097e-09]
not reaching the requested tolerance 1e-09.
  values, vectors = lobpcg(projected_hamiltonian, guess, largest=False,
/home/erosanow_hpc/informed_swapping/BARK.py:156: UserWarning: Exited at iteration 50 with accuracies 
[3.18778167e-09]
not reaching the requested tolerance 1e-09.
Use iteration 51 instead with accuracy 
3.187781671123974e-09.

  values, vectors = lobpcg(projected_hamiltonian, guess, largest=False,
/home/erosanow_hpc/informed_swapping/BARK.py:156: UserWarning: Exited postprocessing with accuracies 
[3.18778195e-09]
not reaching the requested tolerance 1e-09.
  values, vectors = lobpcg(projected_hamiltonian, guess, largest=False,
/home/erosanow_hpc/informed_swapping/BARK.py:156: UserWarning: Exited at iteration 50 with accuracies 
[4.74184546e-09]
not reaching the requested tolerance 1e-09.
Use iteration 50 instead with accuracy 
4.658915473218682e-09.

  values, vectors = lobpcg(projected_hamiltonian, guess, largest=False,
/home/erosanow_hpc/informed_swapping/BARK.py:156: UserWarning: Exited postprocessing with accuracies 
[4.65891585e-09]
not reaching the requested tolerance 1e-09.
  values, vectors = lobpcg(projected_hamiltonian, guess, largest=False,
/home/erosanow_hpc/informed_swapping/BARK.py:156: UserWarning: Exited at iteration 50 with accuracies 
[2.01171571e-05]
not reaching the requested tolerance 1e-09.
Use iteration 51 instead with accuracy 
2.0117157086712836e-05.

  values, vectors = lobpcg(projected_hamiltonian, guess, largest=False,
/home/erosanow_hpc/informed_swapping/BARK.py:156: UserWarning: Exited postprocessing with accuracies 
[2.01171571e-05]
not reaching the requested tolerance 1e-09.
  values, vectors = lobpcg(projected_hamiltonian, guess, largest=False,
/home/erosanow_hpc/informed_swapping/BARK.py:156: UserWarning: Exited at iteration 50 with accuracies 
[7.04853085e-09]
not reaching the requested tolerance 1e-09.
Use iteration 50 instead with accuracy 
6.933425380911824e-09.

  values, vectors = lobpcg(projected_hamiltonian, guess, largest=False,
/home/erosanow_hpc/informed_swapping/BARK.py:156: UserWarning: Exited postprocessing with accuracies 
[6.93342508e-09]
not reaching the requested tolerance 1e-09.
  values, vectors = lobpcg(projected_hamiltonian, guess, largest=False,
/home/erosanow_hpc/informed_swapping/BARK.py:156: UserWarning: Exited at iteration 50 with accuracies 
[2.75618699e-05]
not reaching the requested tolerance 1e-09.
Use iteration 51 instead with accuracy 
2.7561869850149442e-05.

  values, vectors = lobpcg(projected_hamiltonian, guess, largest=False,
/home/erosanow_hpc/informed_swapping/BARK.py:156: UserWarning: Exited postprocessing with accuracies 
[2.75618698e-05]
not reaching the requested tolerance 1e-09.
  values, vectors = lobpcg(projected_hamiltonian, guess, largest=False,
/home/erosanow_hpc/informed_swapping/BARK.py:156: UserWarning: Exited at iteration 50 with accuracies 
[9.76582658e-09]
not reaching the requested tolerance 1e-09.
Use iteration 50 instead with accuracy 
8.523795902038658e-09.

  values, vectors = lobpcg(projected_hamiltonian, guess, largest=False,
/home/erosanow_hpc/informed_swapping/BARK.py:156: UserWarning: Exited postprocessing with accuracies 
[8.52379529e-09]
not reaching the requested tolerance 1e-09.
  values, vectors = lobpcg(projected_hamiltonian, guess, largest=False,
/home/erosanow_hpc/informed_swapping/BARK.py:156: UserWarning: Exited at iteration 50 with accuracies 
[2.69886822e-05]
not reaching the requested tolerance 1e-09.
Use iteration 51 instead with accuracy 
2.698868215295928e-05.

  values, vectors = lobpcg(projected_hamiltonian, guess, largest=False,
/home/erosanow_hpc/informed_swapping/BARK.py:156: UserWarning: Exited postprocessing with accuracies 
[2.69886822e-05]
not reaching the requested tolerance 1e-09.
  values, vectors = lobpcg(projected_hamiltonian, guess, largest=False,
/home/erosanow_hpc/informed_swapping/BARK.py:156: UserWarning: Exited at iteration 50 with accuracies 
[8.19309511e-09]
not reaching the requested tolerance 1e-09.
Use iteration 50 instead with accuracy 
7.790269986452054e-09.

  values, vectors = lobpcg(projected_hamiltonian, guess, largest=False,
/home/erosanow_hpc/informed_swapping/BARK.py:156: UserWarning: Exited postprocessing with accuracies 
[7.79027005e-09]
not reaching the requested tolerance 1e-09.
  values, vectors = lobpcg(projected_hamiltonian, guess, largest=False,
/home/erosanow_hpc/informed_swapping/BARK.py:156: UserWarning: Exited at iteration 50 with accuracies 
[2.69608843e-05]
not reaching the requested tolerance 1e-09.
Use iteration 51 instead with accuracy 
2.6960884277177282e-05.

  values, vectors = lobpcg(projected_hamiltonian, guess, largest=False,
/home/erosanow_hpc/informed_swapping/BARK.py:156: UserWarning: Exited postprocessing with accuracies 
[2.69608843e-05]
not reaching the requested tolerance 1e-09.
  values, vectors = lobpcg(projected_hamiltonian, guess, largest=False,
/home/erosanow_hpc/informed_swapping/BARK.py:156: UserWarning: Exited at iteration 50 with accuracies 
[1.24180899e-09]
not reaching the requested tolerance 1e-09.
Use iteration 51 instead with accuracy 
1.2418089863813157e-09.

  values, vectors = lobpcg(projected_hamiltonian, guess, largest=False,
/home/erosanow_hpc/informed_swapping/BARK.py:156: UserWarning: Exited postprocessing with accuracies 
[1.24180999e-09]
not reaching the requested tolerance 1e-09.
  values, vectors = lobpcg(projected_hamiltonian, guess, largest=False,
/home/erosanow_hpc/informed_swapping/BARK.py:156: UserWarning: Exited at iteration 50 with accuracies 
[1.18276934e-09]
not reaching the requested tolerance 1e-09.
Use iteration 51 instead with accuracy 
1.1827693382944179e-09.

  values, vectors = lobpcg(projected_hamiltonian, guess, largest=False,
/home/erosanow_hpc/informed_swapping/BARK.py:156: UserWarning: Exited postprocessing with accuracies 
[1.18276844e-09]
not reaching the requested tolerance 1e-09.
  values, vectors = lobpcg(projected_hamiltonian, guess, largest=False,
/home/erosanow_hpc/informed_swapping/BARK.py:156: UserWarning: Exited at iteration 50 with accuracies 
[1.689537e-09]
not reaching the requested tolerance 1e-09.
Use iteration 51 instead with accuracy 
1.6895369994747962e-09.

  values, vectors = lobpcg(projected_hamiltonian, guess, largest=False,
/home/erosanow_hpc/informed_swapping/BARK.py:156: UserWarning: Exited postprocessing with accuracies 
[1.68953814e-09]
not reaching the requested tolerance 1e-09.
  values, vectors = lobpcg(projected_hamiltonian, guess, largest=False,
/home/erosanow_hpc/informed_swapping/BARK.py:156: UserWarning: Exited at iteration 50 with accuracies 
[5.45758186e-09]
not reaching the requested tolerance 1e-09.
Use iteration 51 instead with accuracy 
5.457581860779218e-09.

  values, vectors = lobpcg(projected_hamiltonian, guess, largest=False,
/home/erosanow_hpc/informed_swapping/BARK.py:156: UserWarning: Exited postprocessing with accuracies 
[5.45758225e-09]
not reaching the requested tolerance 1e-09.
  values, vectors = lobpcg(projected_hamiltonian, guess, largest=False,
/home/erosanow_hpc/informed_swapping/BARK.py:156: UserWarning: Exited at iteration 50 with accuracies 
[1.08850899e-09]
not reaching the requested tolerance 1e-09.
Use iteration 51 instead with accuracy 
1.0885089884053821e-09.

  values, vectors = lobpcg(projected_hamiltonian, guess, largest=False,
/home/erosanow_hpc/informed_swapping/BARK.py:156: UserWarning: Exited postprocessing with accuracies 
[1.0885086e-09]
not reaching the requested tolerance 1e-09.
  values, vectors = lobpcg(projected_hamiltonian, guess, largest=False,
/home/erosanow_hpc/informed_swapping/BARK.py:156: UserWarning: Exited at iteration 50 with accuracies 
[1.3039219e-09]
not reaching the requested tolerance 1e-09.
Use iteration 51 instead with accuracy 
1.3039219032222562e-09.

  values, vectors = lobpcg(projected_hamiltonian, guess, largest=False,
/home/erosanow_hpc/informed_swapping/BARK.py:156: UserWarning: Exited postprocessing with accuracies 
[1.30392222e-09]
not reaching the requested tolerance 1e-09.
  values, vectors = lobpcg(projected_hamiltonian, guess, largest=False,
/home/erosanow_hpc/informed_swapping/BARK.py:156: UserWarning: Exited at iteration 50 with accuracies 
[3.40835822e-09]
not reaching the requested tolerance 1e-09.
Use iteration 51 instead with accuracy 
3.4083582213873067e-09.

  values, vectors = lobpcg(projected_hamiltonian, guess, largest=False,
/home/erosanow_hpc/informed_swapping/BARK.py:156: UserWarning: Exited postprocessing with accuracies 
[3.4083584e-09]
not reaching the requested tolerance 1e-09.
  values, vectors = lobpcg(projected_hamiltonian, guess, largest=False,
/home/erosanow_hpc/informed_swapping/BARK.py:156: UserWarning: Exited at iteration 50 with accuracies 
[2.26830201e-09]
not reaching the requested tolerance 1e-09.
Use iteration 51 instead with accuracy 
2.2683020063768593e-09.

  values, vectors = lobpcg(projected_hamiltonian, guess, largest=False,
/home/erosanow_hpc/informed_swapping/BARK.py:156: UserWarning: Exited postprocessing with accuracies 
[2.26830192e-09]
not reaching the requested tolerance 1e-09.
  values, vectors = lobpcg(projected_hamiltonian, guess, largest=False,
/home/erosanow_hpc/informed_swapping/BARK.py:156: UserWarning: Exited at iteration 50 with accuracies 
[5.37851306e-09]
not reaching the requested tolerance 1e-09.
Use iteration 51 instead with accuracy 
5.3785130557644745e-09.

  values, vectors = lobpcg(projected_hamiltonian, guess, largest=False,
/home/erosanow_hpc/informed_swapping/BARK.py:156: UserWarning: Exited postprocessing with accuracies 
[5.37851389e-09]
not reaching the requested tolerance 1e-09.
  values, vectors = lobpcg(projected_hamiltonian, guess, largest=False,
/home/erosanow_hpc/informed_swapping/BARK.py:156: UserWarning: Exited at iteration 50 with accuracies 
[6.75141762e-09]
not reaching the requested tolerance 1e-09.
Use iteration 51 instead with accuracy 
6.751417618341297e-09.

  values, vectors = lobpcg(projected_hamiltonian, guess, largest=False,
/home/erosanow_hpc/informed_swapping/BARK.py:156: UserWarning: Exited postprocessing with accuracies 
[6.75141821e-09]
not reaching the requested tolerance 1e-09.
  values, vectors = lobpcg(projected_hamiltonian, guess, largest=False,
/home/erosanow_hpc/informed_swapping/BARK.py:156: UserWarning: Exited at iteration 50 with accuracies 
[2.03748826e-08]
not reaching the requested tolerance 1e-09.
Use iteration 51 instead with accuracy 
2.0374882633936995e-08.

  values, vectors = lobpcg(projected_hamiltonian, guess, largest=False,
/home/erosanow_hpc/informed_swapping/BARK.py:156: UserWarning: Exited postprocessing with accuracies 
[2.03748827e-08]
not reaching the requested tolerance 1e-09.
  values, vectors = lobpcg(projected_hamiltonian, guess, largest=False,
/home/erosanow_hpc/informed_swapping/BARK.py:156: UserWarning: Exited at iteration 50 with accuracies 
[2.95703127e-09]
not reaching the requested tolerance 1e-09.
Use iteration 51 instead with accuracy 
2.957031272980419e-09.

  values, vectors = lobpcg(projected_hamiltonian, guess, largest=False,
/home/erosanow_hpc/informed_swapping/BARK.py:156: UserWarning: Exited postprocessing with accuracies 
[2.95703017e-09]
not reaching the requested tolerance 1e-09.
  values, vectors = lobpcg(projected_hamiltonian, guess, largest=False,
/home/erosanow_hpc/informed_swapping/BARK.py:156: UserWarning: Exited at iteration 50 with accuracies 
[6.40292642e-09]
not reaching the requested tolerance 1e-09.
Use iteration 51 instead with accuracy 
6.402926418767523e-09.

  values, vectors = lobpcg(projected_hamiltonian, guess, largest=False,
/home/erosanow_hpc/informed_swapping/BARK.py:156: UserWarning: Exited postprocessing with accuracies 
[6.40292711e-09]
not reaching the requested tolerance 1e-09.
  values, vectors = lobpcg(projected_hamiltonian, guess, largest=False,
/home/erosanow_hpc/informed_swapping/BARK.py:156: UserWarning: Exited at iteration 50 with accuracies 
[9.73589594e-09]
not reaching the requested tolerance 1e-09.
Use iteration 51 instead with accuracy 
9.735895935073366e-09.

  values, vectors = lobpcg(projected_hamiltonian, guess, largest=False,
/home/erosanow_hpc/informed_swapping/BARK.py:156: UserWarning: Exited postprocessing with accuracies 
[9.73589586e-09]
not reaching the requested tolerance 1e-09.
  values, vectors = lobpcg(projected_hamiltonian, guess, largest=False,
/home/erosanow_hpc/informed_swapping/BARK.py:156: UserWarning: Exited at iteration 50 with accuracies 
[2.07969842e-08]
not reaching the requested tolerance 1e-09.
Use iteration 51 instead with accuracy 
2.0796984162857783e-08.

  values, vectors = lobpcg(projected_hamiltonian, guess, largest=False,
/home/erosanow_hpc/informed_swapping/BARK.py:156: UserWarning: Exited postprocessing with accuracies 
[2.07969852e-08]
not reaching the requested tolerance 1e-09.
  values, vectors = lobpcg(projected_hamiltonian, guess, largest=False,
/home/erosanow_hpc/informed_swapping/BARK.py:156: UserWarning: Exited at iteration 50 with accuracies 
[1.27081883e-08]
not reaching the requested tolerance 1e-09.
Use iteration 51 instead with accuracy 
1.2708188316891795e-08.

  values, vectors = lobpcg(projected_hamiltonian, guess, largest=False,
/home/erosanow_hpc/informed_swapping/BARK.py:156: UserWarning: Exited postprocessing with accuracies 
[1.27081877e-08]
not reaching the requested tolerance 1e-09.
  values, vectors = lobpcg(projected_hamiltonian, guess, largest=False,
/home/erosanow_hpc/informed_swapping/BARK.py:156: UserWarning: Exited at iteration 50 with accuracies 
[3.12737593e-08]
not reaching the requested tolerance 1e-09.
Use iteration 51 instead with accuracy 
3.1273759251363775e-08.

  values, vectors = lobpcg(projected_hamiltonian, guess, largest=False,
/home/erosanow_hpc/informed_swapping/BARK.py:156: UserWarning: Exited postprocessing with accuracies 
[3.12737595e-08]
not reaching the requested tolerance 1e-09.
  values, vectors = lobpcg(projected_hamiltonian, guess, largest=False,
/home/erosanow_hpc/informed_swapping/BARK.py:156: UserWarning: Exited at iteration 50 with accuracies 
[4.96500676e-08]
not reaching the requested tolerance 1e-09.
Use iteration 51 instead with accuracy 
4.965006763535191e-08.

  values, vectors = lobpcg(projected_hamiltonian, guess, largest=False,
/home/erosanow_hpc/informed_swapping/BARK.py:156: UserWarning: Exited postprocessing with accuracies 
[4.9650068e-08]
not reaching the requested tolerance 1e-09.
  values, vectors = lobpcg(projected_hamiltonian, guess, largest=False,
/home/erosanow_hpc/informed_swapping/BARK.py:156: UserWarning: Exited at iteration 50 with accuracies 
[2.78841715e-07]
not reaching the requested tolerance 1e-09.
Use iteration 51 instead with accuracy 
2.788417149845094e-07.

  values, vectors = lobpcg(projected_hamiltonian, guess, largest=False,
/home/erosanow_hpc/informed_swapping/BARK.py:156: UserWarning: Exited postprocessing with accuracies 
[2.78841714e-07]
not reaching the requested tolerance 1e-09.
  values, vectors = lobpcg(projected_hamiltonian, guess, largest=False,
/home/erosanow_hpc/informed_swapping/BARK.py:156: UserWarning: Exited at iteration 50 with accuracies 
[1.17314086e-09]
not reaching the requested tolerance 1e-09.
Use iteration 51 instead with accuracy 
1.173140860100876e-09.

  values, vectors = lobpcg(projected_hamiltonian, guess, largest=False,
/home/erosanow_hpc/informed_swapping/BARK.py:156: UserWarning: Exited postprocessing with accuracies 
[1.17313998e-09]
not reaching the requested tolerance 1e-09.
  values, vectors = lobpcg(projected_hamiltonian, guess, largest=False,
/home/erosanow_hpc/informed_swapping/BARK.py:156: UserWarning: Exited at iteration 50 with accuracies 
[1.30759196e-09]
not reaching the requested tolerance 1e-09.
Use iteration 51 instead with accuracy 
1.3075919622858475e-09.

  values, vectors = lobpcg(projected_hamiltonian, guess, largest=False,
/home/erosanow_hpc/informed_swapping/BARK.py:156: UserWarning: Exited postprocessing with accuracies 
[1.30759168e-09]
not reaching the requested tolerance 1e-09.
  values, vectors = lobpcg(projected_hamiltonian, guess, largest=False,
/home/erosanow_hpc/informed_swapping/BARK.py:156: UserWarning: Exited at iteration 50 with accuracies 
[3.45035816e-09]
not reaching the requested tolerance 1e-09.
Use iteration 51 instead with accuracy 
3.4503581581127417e-09.

  values, vectors = lobpcg(projected_hamiltonian, guess, largest=False,
/home/erosanow_hpc/informed_swapping/BARK.py:156: UserWarning: Exited postprocessing with accuracies 
[3.45035841e-09]
not reaching the requested tolerance 1e-09.
  values, vectors = lobpcg(projected_hamiltonian, guess, largest=False,
/home/erosanow_hpc/informed_swapping/BARK.py:156: UserWarning: Exited at iteration 50 with accuracies 
[1.50196426e-09]
not reaching the requested tolerance 1e-09.
Use iteration 51 instead with accuracy 
1.5019642586152974e-09.

  values, vectors = lobpcg(projected_hamiltonian, guess, largest=False,
/home/erosanow_hpc/informed_swapping/BARK.py:156: UserWarning: Exited postprocessing with accuracies 
[1.50196357e-09]
not reaching the requested tolerance 1e-09.
  values, vectors = lobpcg(projected_hamiltonian, guess, largest=False,
/home/erosanow_hpc/informed_swapping/BARK.py:156: UserWarning: Exited at iteration 50 with accuracies 
[2.82005371e-09]
not reaching the requested tolerance 1e-09.
Use iteration 51 instead with accuracy 
2.8200537065601717e-09.

  values, vectors = lobpcg(projected_hamiltonian, guess, largest=False,
/home/erosanow_hpc/informed_swapping/BARK.py:156: UserWarning: Exited postprocessing with accuracies 
[2.82005293e-09]
not reaching the requested tolerance 1e-09.
  values, vectors = lobpcg(projected_hamiltonian, guess, largest=False,
/home/erosanow_hpc/informed_swapping/BARK.py:156: UserWarning: Exited at iteration 50 with accuracies 
[1.68802076e-09]
not reaching the requested tolerance 1e-09.
Use iteration 51 instead with accuracy 
1.6880207588704917e-09.

  values, vectors = lobpcg(projected_hamiltonian, guess, largest=False,
/home/erosanow_hpc/informed_swapping/BARK.py:156: UserWarning: Exited postprocessing with accuracies 
[1.68802059e-09]
not reaching the requested tolerance 1e-09.
  values, vectors = lobpcg(projected_hamiltonian, guess, largest=False,
/home/erosanow_hpc/informed_swapping/BARK.py:156: UserWarning: Exited at iteration 50 with accuracies 
[4.43070647e-09]
not reaching the requested tolerance 1e-09.
Use iteration 51 instead with accuracy 
4.430706466923444e-09.

  values, vectors = lobpcg(projected_hamiltonian, guess, largest=False,
/home/erosanow_hpc/informed_swapping/BARK.py:156: UserWarning: Exited postprocessing with accuracies 
[4.43070565e-09]
not reaching the requested tolerance 1e-09.
  values, vectors = lobpcg(projected_hamiltonian, guess, largest=False,
/home/erosanow_hpc/informed_swapping/BARK.py:156: UserWarning: Exited at iteration 50 with accuracies 
[7.61013838e-09]
not reaching the requested tolerance 1e-09.
Use iteration 51 instead with accuracy 
7.610138378910785e-09.

  values, vectors = lobpcg(projected_hamiltonian, guess, largest=False,
/home/erosanow_hpc/informed_swapping/BARK.py:156: UserWarning: Exited postprocessing with accuracies 
[7.61013903e-09]
not reaching the requested tolerance 1e-09.
  values, vectors = lobpcg(projected_hamiltonian, guess, largest=False,
/home/erosanow_hpc/informed_swapping/BARK.py:156: UserWarning: Exited at iteration 50 with accuracies 
[1.8174504e-08]
not reaching the requested tolerance 1e-09.
Use iteration 51 instead with accuracy 
1.8174504017814985e-08.

  values, vectors = lobpcg(projected_hamiltonian, guess, largest=False,
/home/erosanow_hpc/informed_swapping/BARK.py:156: UserWarning: Exited postprocessing with accuracies 
[1.81745038e-08]
not reaching the requested tolerance 1e-09.
  values, vectors = lobpcg(projected_hamiltonian, guess, largest=False,
/home/erosanow_hpc/informed_swapping/BARK.py:156: UserWarning: Exited at iteration 50 with accuracies 
[2.37154324e-09]
not reaching the requested tolerance 1e-09.
Use iteration 51 instead with accuracy 
2.3715432354698137e-09.

  values, vectors = lobpcg(projected_hamiltonian, guess, largest=False,
/home/erosanow_hpc/informed_swapping/BARK.py:156: UserWarning: Exited postprocessing with accuracies 
[2.37154278e-09]
not reaching the requested tolerance 1e-09.
  values, vectors = lobpcg(projected_hamiltonian, guess, largest=False,
/home/erosanow_hpc/informed_swapping/BARK.py:156: UserWarning: Exited at iteration 50 with accuracies 
[5.07128878e-09]
not reaching the requested tolerance 1e-09.
Use iteration 51 instead with accuracy 
5.071288782882429e-09.

  values, vectors = lobpcg(projected_hamiltonian, guess, largest=False,
/home/erosanow_hpc/informed_swapping/BARK.py:156: UserWarning: Exited postprocessing with accuracies 
[5.07128934e-09]
not reaching the requested tolerance 1e-09.
  values, vectors = lobpcg(projected_hamiltonian, guess, largest=False,
/home/erosanow_hpc/informed_swapping/BARK.py:156: UserWarning: Exited at iteration 50 with accuracies 
[7.71046064e-09]
not reaching the requested tolerance 1e-09.
Use iteration 51 instead with accuracy 
7.710460644529732e-09.

  values, vectors = lobpcg(projected_hamiltonian, guess, largest=False,
/home/erosanow_hpc/informed_swapping/BARK.py:156: UserWarning: Exited postprocessing with accuracies 
[7.71045935e-09]
not reaching the requested tolerance 1e-09.
  values, vectors = lobpcg(projected_hamiltonian, guess, largest=False,
/home/erosanow_hpc/informed_swapping/BARK.py:156: UserWarning: Exited at iteration 50 with accuracies 
[1.60207969e-08]
not reaching the requested tolerance 1e-09.
Use iteration 51 instead with accuracy 
1.6020796875028454e-08.

  values, vectors = lobpcg(projected_hamiltonian, guess, largest=False,
/home/erosanow_hpc/informed_swapping/BARK.py:156: UserWarning: Exited postprocessing with accuracies 
[1.60207966e-08]
not reaching the requested tolerance 1e-09.
  values, vectors = lobpcg(projected_hamiltonian, guess, largest=False,
/home/erosanow_hpc/informed_swapping/BARK.py:156: UserWarning: Exited at iteration 50 with accuracies 
[1.14197277e-08]
not reaching the requested tolerance 1e-09.
Use iteration 51 instead with accuracy 
1.1419727667669144e-08.

  values, vectors = lobpcg(projected_hamiltonian, guess, largest=False,
/home/erosanow_hpc/informed_swapping/BARK.py:156: UserWarning: Exited postprocessing with accuracies 
[1.14197279e-08]
not reaching the requested tolerance 1e-09.
  values, vectors = lobpcg(projected_hamiltonian, guess, largest=False,
/home/erosanow_hpc/informed_swapping/BARK.py:156: UserWarning: Exited at iteration 50 with accuracies 
[2.9129922e-08]
not reaching the requested tolerance 1e-09.
Use iteration 51 instead with accuracy 
2.9129921985468758e-08.

  values, vectors = lobpcg(projected_hamiltonian, guess, largest=False,
/home/erosanow_hpc/informed_swapping/BARK.py:156: UserWarning: Exited postprocessing with accuracies 
[2.91299232e-08]
not reaching the requested tolerance 1e-09.
  values, vectors = lobpcg(projected_hamiltonian, guess, largest=False,
/home/erosanow_hpc/informed_swapping/BARK.py:156: UserWarning: Exited at iteration 50 with accuracies 
[4.698539e-08]
not reaching the requested tolerance 1e-09.
Use iteration 51 instead with accuracy 
4.6985389979958994e-08.

  values, vectors = lobpcg(projected_hamiltonian, guess, largest=False,
/home/erosanow_hpc/informed_swapping/BARK.py:156: UserWarning: Exited postprocessing with accuracies 
[4.69853899e-08]
not reaching the requested tolerance 1e-09.
  values, vectors = lobpcg(projected_hamiltonian, guess, largest=False,
/home/erosanow_hpc/informed_swapping/BARK.py:156: UserWarning: Exited at iteration 50 with accuracies 
[5.16727272e-07]
not reaching the requested tolerance 1e-09.
Use iteration 50 instead with accuracy 
4.6507689760370754e-07.

  values, vectors = lobpcg(projected_hamiltonian, guess, largest=False,
/home/erosanow_hpc/informed_swapping/BARK.py:156: UserWarning: Exited postprocessing with accuracies 
[4.65076898e-07]
not reaching the requested tolerance 1e-09.
  values, vectors = lobpcg(projected_hamiltonian, guess, largest=False,
/home/erosanow_hpc/informed_swapping/BARK.py:156: UserWarning: Exited at iteration 50 with accuracies 
[1.16213564e-09]
not reaching the requested tolerance 1e-09.
Use iteration 51 instead with accuracy 
1.1621356409031883e-09.

  values, vectors = lobpcg(projected_hamiltonian, guess, largest=False,
/home/erosanow_hpc/informed_swapping/BARK.py:156: UserWarning: Exited postprocessing with accuracies 
[1.16213688e-09]
not reaching the requested tolerance 1e-09.
  values, vectors = lobpcg(projected_hamiltonian, guess, largest=False,
/home/erosanow_hpc/informed_swapping/BARK.py:156: UserWarning: Exited at iteration 50 with accuracies 
[1.00195791e-09]
not reaching the requested tolerance 1e-09.
Use iteration 51 instead with accuracy 
1.0019579111036898e-09.

  values, vectors = lobpcg(projected_hamiltonian, guess, largest=False,
/home/erosanow_hpc/informed_swapping/BARK.py:156: UserWarning: Exited postprocessing with accuracies 
[1.00195827e-09]
not reaching the requested tolerance 1e-09.
  values, vectors = lobpcg(projected_hamiltonian, guess, largest=False,
/home/erosanow_hpc/informed_swapping/BARK.py:156: UserWarning: Exited at iteration 50 with accuracies 
[1.20230173e-09]
not reaching the requested tolerance 1e-09.
Use iteration 51 instead with accuracy 
1.202301733204061e-09.

  values, vectors = lobpcg(projected_hamiltonian, guess, largest=False,
/home/erosanow_hpc/informed_swapping/BARK.py:156: UserWarning: Exited postprocessing with accuracies 
[1.20230175e-09]
not reaching the requested tolerance 1e-09.
  values, vectors = lobpcg(projected_hamiltonian, guess, largest=False,
/home/erosanow_hpc/informed_swapping/BARK.py:156: UserWarning: Exited at iteration 50 with accuracies 
[3.61468849e-09]
not reaching the requested tolerance 1e-09.
Use iteration 51 instead with accuracy 
3.614688487934935e-09.

  values, vectors = lobpcg(projected_hamiltonian, guess, largest=False,
/home/erosanow_hpc/informed_swapping/BARK.py:156: UserWarning: Exited postprocessing with accuracies 
[3.61468854e-09]
not reaching the requested tolerance 1e-09.
  values, vectors = lobpcg(projected_hamiltonian, guess, largest=False,
/home/erosanow_hpc/informed_swapping/BARK.py:156: UserWarning: Exited at iteration 50 with accuracies 
[1.05466192e-09]
not reaching the requested tolerance 1e-09.
Use iteration 51 instead with accuracy 
1.0546619213402578e-09.

  values, vectors = lobpcg(projected_hamiltonian, guess, largest=False,
/home/erosanow_hpc/informed_swapping/BARK.py:156: UserWarning: Exited postprocessing with accuracies 
[1.05466181e-09]
not reaching the requested tolerance 1e-09.
  values, vectors = lobpcg(projected_hamiltonian, guess, largest=False,
/home/erosanow_hpc/informed_swapping/BARK.py:156: UserWarning: Exited at iteration 50 with accuracies 
[1.86434662e-09]
not reaching the requested tolerance 1e-09.
Use iteration 51 instead with accuracy 
1.8643466182575026e-09.

  values, vectors = lobpcg(projected_hamiltonian, guess, largest=False,
/home/erosanow_hpc/informed_swapping/BARK.py:156: UserWarning: Exited postprocessing with accuracies 
[1.86434648e-09]
not reaching the requested tolerance 1e-09.
  values, vectors = lobpcg(projected_hamiltonian, guess, largest=False,
/home/erosanow_hpc/informed_swapping/BARK.py:156: UserWarning: Exited at iteration 50 with accuracies 
[1.65848372e-09]
not reaching the requested tolerance 1e-09.
Use iteration 51 instead with accuracy 
1.6584837152852064e-09.

  values, vectors = lobpcg(projected_hamiltonian, guess, largest=False,
/home/erosanow_hpc/informed_swapping/BARK.py:156: UserWarning: Exited postprocessing with accuracies 
[1.65848314e-09]
not reaching the requested tolerance 1e-09.
  values, vectors = lobpcg(projected_hamiltonian, guess, largest=False,
/home/erosanow_hpc/informed_swapping/BARK.py:156: UserWarning: Exited at iteration 50 with accuracies 
[4.53812287e-09]
not reaching the requested tolerance 1e-09.
Use iteration 51 instead with accuracy 
4.5381228681384265e-09.

  values, vectors = lobpcg(projected_hamiltonian, guess, largest=False,
/home/erosanow_hpc/informed_swapping/BARK.py:156: UserWarning: Exited postprocessing with accuracies 
[4.53812278e-09]
not reaching the requested tolerance 1e-09.
  values, vectors = lobpcg(projected_hamiltonian, guess, largest=False,
/home/erosanow_hpc/informed_swapping/BARK.py:156: UserWarning: Exited at iteration 50 with accuracies 
[6.90210344e-09]
not reaching the requested tolerance 1e-09.
Use iteration 51 instead with accuracy 
6.902103441594918e-09.

  values, vectors = lobpcg(projected_hamiltonian, guess, largest=False,
/home/erosanow_hpc/informed_swapping/BARK.py:156: UserWarning: Exited postprocessing with accuracies 
[6.90210254e-09]
not reaching the requested tolerance 1e-09.
  values, vectors = lobpcg(projected_hamiltonian, guess, largest=False,
/home/erosanow_hpc/informed_swapping/BARK.py:156: UserWarning: Exited at iteration 50 with accuracies 
[1.67504699e-08]
not reaching the requested tolerance 1e-09.
Use iteration 51 instead with accuracy 
1.6750469871542072e-08.

  values, vectors = lobpcg(projected_hamiltonian, guess, largest=False,
/home/erosanow_hpc/informed_swapping/BARK.py:156: UserWarning: Exited postprocessing with accuracies 
[1.6750469e-08]
not reaching the requested tolerance 1e-09.
  values, vectors = lobpcg(projected_hamiltonian, guess, largest=False,
/home/erosanow_hpc/informed_swapping/BARK.py:156: UserWarning: Exited at iteration 50 with accuracies 
[2.12053281e-09]
not reaching the requested tolerance 1e-09.
Use iteration 51 instead with accuracy 
2.120532814223036e-09.

  values, vectors = lobpcg(projected_hamiltonian, guess, largest=False,
/home/erosanow_hpc/informed_swapping/BARK.py:156: UserWarning: Exited postprocessing with accuracies 
[2.1205328e-09]
not reaching the requested tolerance 1e-09.
  values, vectors = lobpcg(projected_hamiltonian, guess, largest=False,
/home/erosanow_hpc/informed_swapping/BARK.py:156: UserWarning: Exited at iteration 50 with accuracies 
[4.8790258e-09]
not reaching the requested tolerance 1e-09.
Use iteration 51 instead with accuracy 
4.879025795031583e-09.

  values, vectors = lobpcg(projected_hamiltonian, guess, largest=False,
/home/erosanow_hpc/informed_swapping/BARK.py:156: UserWarning: Exited postprocessing with accuracies 
[4.87902458e-09]
not reaching the requested tolerance 1e-09.
  values, vectors = lobpcg(projected_hamiltonian, guess, largest=False,
/home/erosanow_hpc/informed_swapping/BARK.py:156: UserWarning: Exited at iteration 50 with accuracies 
[6.15758185e-09]
not reaching the requested tolerance 1e-09.
Use iteration 51 instead with accuracy 
6.1575818507277844e-09.

  values, vectors = lobpcg(projected_hamiltonian, guess, largest=False,
/home/erosanow_hpc/informed_swapping/BARK.py:156: UserWarning: Exited postprocessing with accuracies 
[6.15758172e-09]
not reaching the requested tolerance 1e-09.
  values, vectors = lobpcg(projected_hamiltonian, guess, largest=False,
/home/erosanow_hpc/informed_swapping/BARK.py:156: UserWarning: Exited at iteration 50 with accuracies 
[1.56251215e-08]
not reaching the requested tolerance 1e-09.
Use iteration 51 instead with accuracy 
1.5625121514326745e-08.

  values, vectors = lobpcg(projected_hamiltonian, guess, largest=False,
/home/erosanow_hpc/informed_swapping/BARK.py:156: UserWarning: Exited postprocessing with accuracies 
[1.56251225e-08]
not reaching the requested tolerance 1e-09.
  values, vectors = lobpcg(projected_hamiltonian, guess, largest=False,
/home/erosanow_hpc/informed_swapping/BARK.py:156: UserWarning: Exited at iteration 50 with accuracies 
[1.15185686e-08]
not reaching the requested tolerance 1e-09.
Use iteration 51 instead with accuracy 
1.1518568624392569e-08.

  values, vectors = lobpcg(projected_hamiltonian, guess, largest=False,
/home/erosanow_hpc/informed_swapping/BARK.py:156: UserWarning: Exited postprocessing with accuracies 
[1.15185682e-08]
not reaching the requested tolerance 1e-09.
  values, vectors = lobpcg(projected_hamiltonian, guess, largest=False,
/home/erosanow_hpc/informed_swapping/BARK.py:156: UserWarning: Exited at iteration 50 with accuracies 
[3.07695051e-08]
not reaching the requested tolerance 1e-09.
Use iteration 51 instead with accuracy 
3.0769505104388567e-08.

  values, vectors = lobpcg(projected_hamiltonian, guess, largest=False,
/home/erosanow_hpc/informed_swapping/BARK.py:156: UserWarning: Exited postprocessing with accuracies 
[3.07695055e-08]
not reaching the requested tolerance 1e-09.
  values, vectors = lobpcg(projected_hamiltonian, guess, largest=False,
/home/erosanow_hpc/informed_swapping/BARK.py:156: UserWarning: Exited at iteration 50 with accuracies 
[4.21419031e-08]
not reaching the requested tolerance 1e-09.
Use iteration 51 instead with accuracy 
4.214190310077772e-08.

  values, vectors = lobpcg(projected_hamiltonian, guess, largest=False,
/home/erosanow_hpc/informed_swapping/BARK.py:156: UserWarning: Exited postprocessing with accuracies 
[4.21419024e-08]
not reaching the requested tolerance 1e-09.
  values, vectors = lobpcg(projected_hamiltonian, guess, largest=False,
/home/erosanow_hpc/informed_swapping/BARK.py:156: UserWarning: Exited at iteration 50 with accuracies 
[5.57818743e-07]
not reaching the requested tolerance 1e-09.
Use iteration 50 instead with accuracy 
4.994913393979295e-07.

  values, vectors = lobpcg(projected_hamiltonian, guess, largest=False,
/home/erosanow_hpc/informed_swapping/BARK.py:156: UserWarning: Exited postprocessing with accuracies 
[4.99491338e-07]
not reaching the requested tolerance 1e-09.
  values, vectors = lobpcg(projected_hamiltonian, guess, largest=False,
/home/erosanow_hpc/informed_swapping/BARK.py:156: UserWarning: Exited at iteration 50 with accuracies 
[1.16213571e-09]
not reaching the requested tolerance 1e-09.
Use iteration 51 instead with accuracy 
1.1621357146125981e-09.

  values, vectors = lobpcg(projected_hamiltonian, guess, largest=False,
/home/erosanow_hpc/informed_swapping/BARK.py:156: UserWarning: Exited postprocessing with accuracies 
[1.16213643e-09]
not reaching the requested tolerance 1e-09.
  values, vectors = lobpcg(projected_hamiltonian, guess, largest=False,
/home/erosanow_hpc/informed_swapping/BARK.py:156: UserWarning: Exited at iteration 50 with accuracies 
[1.00195729e-09]
not reaching the requested tolerance 1e-09.
Use iteration 51 instead with accuracy 
1.0019572904935965e-09.

  values, vectors = lobpcg(projected_hamiltonian, guess, largest=False,
/home/erosanow_hpc/informed_swapping/BARK.py:156: UserWarning: Exited postprocessing with accuracies 
[1.00195792e-09]
not reaching the requested tolerance 1e-09.
  values, vectors = lobpcg(projected_hamiltonian, guess, largest=False,
/home/erosanow_hpc/informed_swapping/BARK.py:156: UserWarning: Exited at iteration 50 with accuracies 
[1.20230077e-09]
not reaching the requested tolerance 1e-09.
Use iteration 51 instead with accuracy 
1.2023007650449673e-09.

  values, vectors = lobpcg(projected_hamiltonian, guess, largest=False,
/home/erosanow_hpc/informed_swapping/BARK.py:156: UserWarning: Exited postprocessing with accuracies 
[1.20230013e-09]
not reaching the requested tolerance 1e-09.
  values, vectors = lobpcg(projected_hamiltonian, guess, largest=False,
/home/erosanow_hpc/informed_swapping/BARK.py:156: UserWarning: Exited at iteration 50 with accuracies 
[3.61468834e-09]
not reaching the requested tolerance 1e-09.
Use iteration 51 instead with accuracy 
3.6146883376298377e-09.

  values, vectors = lobpcg(projected_hamiltonian, guess, largest=False,
/home/erosanow_hpc/informed_swapping/BARK.py:156: UserWarning: Exited postprocessing with accuracies 
[3.61468883e-09]
not reaching the requested tolerance 1e-09.
  values, vectors = lobpcg(projected_hamiltonian, guess, largest=False,
/home/erosanow_hpc/informed_swapping/BARK.py:156: UserWarning: Exited at iteration 50 with accuracies 
[1.05466345e-09]
not reaching the requested tolerance 1e-09.
Use iteration 51 instead with accuracy 
1.0546634470557257e-09.

  values, vectors = lobpcg(projected_hamiltonian, guess, largest=False,
/home/erosanow_hpc/informed_swapping/BARK.py:156: UserWarning: Exited postprocessing with accuracies 
[1.05466288e-09]
not reaching the requested tolerance 1e-09.
  values, vectors = lobpcg(projected_hamiltonian, guess, largest=False,
/home/erosanow_hpc/informed_swapping/BARK.py:156: UserWarning: Exited at iteration 50 with accuracies 
[1.86434768e-09]
not reaching the requested tolerance 1e-09.
Use iteration 51 instead with accuracy 
1.8643476832254912e-09.

  values, vectors = lobpcg(projected_hamiltonian, guess, largest=False,
/home/erosanow_hpc/informed_swapping/BARK.py:156: UserWarning: Exited postprocessing with accuracies 
[1.86434834e-09]
not reaching the requested tolerance 1e-09.
  values, vectors = lobpcg(projected_hamiltonian, guess, largest=False,
/home/erosanow_hpc/informed_swapping/BARK.py:156: UserWarning: Exited at iteration 50 with accuracies 
[1.65848199e-09]
not reaching the requested tolerance 1e-09.
Use iteration 51 instead with accuracy 
1.658481991133492e-09.

  values, vectors = lobpcg(projected_hamiltonian, guess, largest=False,
/home/erosanow_hpc/informed_swapping/BARK.py:156: UserWarning: Exited postprocessing with accuracies 
[1.6584815e-09]
not reaching the requested tolerance 1e-09.
  values, vectors = lobpcg(projected_hamiltonian, guess, largest=False,
/home/erosanow_hpc/informed_swapping/BARK.py:156: UserWarning: Exited at iteration 50 with accuracies 
[4.53812311e-09]
not reaching the requested tolerance 1e-09.
Use iteration 51 instead with accuracy 
4.538123107224829e-09.

  values, vectors = lobpcg(projected_hamiltonian, guess, largest=False,
/home/erosanow_hpc/informed_swapping/BARK.py:156: UserWarning: Exited postprocessing with accuracies 
[4.5381237e-09]
not reaching the requested tolerance 1e-09.
  values, vectors = lobpcg(projected_hamiltonian, guess, largest=False,
/home/erosanow_hpc/informed_swapping/BARK.py:156: UserWarning: Exited at iteration 50 with accuracies 
[6.90210346e-09]
not reaching the requested tolerance 1e-09.
Use iteration 51 instead with accuracy 
6.902103463397047e-09.

  values, vectors = lobpcg(projected_hamiltonian, guess, largest=False,
/home/erosanow_hpc/informed_swapping/BARK.py:156: UserWarning: Exited postprocessing with accuracies 
[6.90210309e-09]
not reaching the requested tolerance 1e-09.
  values, vectors = lobpcg(projected_hamiltonian, guess, largest=False,
/home/erosanow_hpc/informed_swapping/BARK.py:156: UserWarning: Exited at iteration 50 with accuracies 
[1.67504708e-08]
not reaching the requested tolerance 1e-09.
Use iteration 51 instead with accuracy 
1.6750470775463665e-08.

  values, vectors = lobpcg(projected_hamiltonian, guess, largest=False,
/home/erosanow_hpc/informed_swapping/BARK.py:156: UserWarning: Exited postprocessing with accuracies 
[1.67504698e-08]
not reaching the requested tolerance 1e-09.
  values, vectors = lobpcg(projected_hamiltonian, guess, largest=False,
/home/erosanow_hpc/informed_swapping/BARK.py:156: UserWarning: Exited at iteration 50 with accuracies 
[2.12053312e-09]
not reaching the requested tolerance 1e-09.
Use iteration 51 instead with accuracy 
2.1205331162461234e-09.

  values, vectors = lobpcg(projected_hamiltonian, guess, largest=False,
/home/erosanow_hpc/informed_swapping/BARK.py:156: UserWarning: Exited postprocessing with accuracies 
[2.12053355e-09]
not reaching the requested tolerance 1e-09.
  values, vectors = lobpcg(projected_hamiltonian, guess, largest=False,
/home/erosanow_hpc/informed_swapping/BARK.py:156: UserWarning: Exited at iteration 50 with accuracies 
[4.87902539e-09]
not reaching the requested tolerance 1e-09.
Use iteration 51 instead with accuracy 
4.879025386492661e-09.

  values, vectors = lobpcg(projected_hamiltonian, guess, largest=False,
/home/erosanow_hpc/informed_swapping/BARK.py:156: UserWarning: Exited postprocessing with accuracies 
[4.87902404e-09]
not reaching the requested tolerance 1e-09.
  values, vectors = lobpcg(projected_hamiltonian, guess, largest=False,
/home/erosanow_hpc/informed_swapping/BARK.py:156: UserWarning: Exited at iteration 50 with accuracies 
[6.15758208e-09]
not reaching the requested tolerance 1e-09.
Use iteration 51 instead with accuracy 
6.1575820777575215e-09.

  values, vectors = lobpcg(projected_hamiltonian, guess, largest=False,
/home/erosanow_hpc/informed_swapping/BARK.py:156: UserWarning: Exited postprocessing with accuracies 
[6.15758138e-09]
not reaching the requested tolerance 1e-09.
  values, vectors = lobpcg(projected_hamiltonian, guess, largest=False,
/home/erosanow_hpc/informed_swapping/BARK.py:156: UserWarning: Exited at iteration 50 with accuracies 
[1.56251219e-08]
not reaching the requested tolerance 1e-09.
Use iteration 51 instead with accuracy 
1.5625121941671665e-08.

  values, vectors = lobpcg(projected_hamiltonian, guess, largest=False,
/home/erosanow_hpc/informed_swapping/BARK.py:156: UserWarning: Exited postprocessing with accuracies 
[1.56251229e-08]
not reaching the requested tolerance 1e-09.
  values, vectors = lobpcg(projected_hamiltonian, guess, largest=False,
/home/erosanow_hpc/informed_swapping/BARK.py:156: UserWarning: Exited at iteration 50 with accuracies 
[1.15185682e-08]
not reaching the requested tolerance 1e-09.
Use iteration 51 instead with accuracy 
1.1518568217085308e-08.

  values, vectors = lobpcg(projected_hamiltonian, guess, largest=False,
/home/erosanow_hpc/informed_swapping/BARK.py:156: UserWarning: Exited postprocessing with accuracies 
[1.15185678e-08]
not reaching the requested tolerance 1e-09.
  values, vectors = lobpcg(projected_hamiltonian, guess, largest=False,
/home/erosanow_hpc/informed_swapping/BARK.py:156: UserWarning: Exited at iteration 50 with accuracies 
[3.0769505e-08]
not reaching the requested tolerance 1e-09.
Use iteration 51 instead with accuracy 
3.076950495953607e-08.

  values, vectors = lobpcg(projected_hamiltonian, guess, largest=False,
/home/erosanow_hpc/informed_swapping/BARK.py:156: UserWarning: Exited postprocessing with accuracies 
[3.07695042e-08]
not reaching the requested tolerance 1e-09.
  values, vectors = lobpcg(projected_hamiltonian, guess, largest=False,
/home/erosanow_hpc/informed_swapping/BARK.py:156: UserWarning: Exited at iteration 50 with accuracies 
[4.21419029e-08]
not reaching the requested tolerance 1e-09.
Use iteration 51 instead with accuracy 
4.214190287434165e-08.

  values, vectors = lobpcg(projected_hamiltonian, guess, largest=False,
/home/erosanow_hpc/informed_swapping/BARK.py:156: UserWarning: Exited postprocessing with accuracies 
[4.2141903e-08]
not reaching the requested tolerance 1e-09.
  values, vectors = lobpcg(projected_hamiltonian, guess, largest=False,
/home/erosanow_hpc/informed_swapping/BARK.py:156: UserWarning: Exited at iteration 50 with accuracies 
[5.57818746e-07]
not reaching the requested tolerance 1e-09.
Use iteration 50 instead with accuracy 
4.994913401086943e-07.

  values, vectors = lobpcg(projected_hamiltonian, guess, largest=False,
/home/erosanow_hpc/informed_swapping/BARK.py:156: UserWarning: Exited postprocessing with accuracies 
[4.9949134e-07]
not reaching the requested tolerance 1e-09.
  values, vectors = lobpcg(projected_hamiltonian, guess, largest=False,
/home/erosanow_hpc/informed_swapping/BARK.py:156: UserWarning: Exited at iteration 50 with accuracies 
[1.17497102e-09]
not reaching the requested tolerance 1e-09.
Use iteration 51 instead with accuracy 
1.1749710198492717e-09.

  values, vectors = lobpcg(projected_hamiltonian, guess, largest=False,
/home/erosanow_hpc/informed_swapping/BARK.py:156: UserWarning: Exited postprocessing with accuracies 
[1.17497175e-09]
not reaching the requested tolerance 1e-09.
  values, vectors = lobpcg(projected_hamiltonian, guess, largest=False,
/home/erosanow_hpc/informed_swapping/BARK.py:156: UserWarning: Exited at iteration 50 with accuracies 
[1.09167974e-09]
not reaching the requested tolerance 1e-09.
Use iteration 51 instead with accuracy 
1.0916797363454418e-09.

  values, vectors = lobpcg(projected_hamiltonian, guess, largest=False,
/home/erosanow_hpc/informed_swapping/BARK.py:156: UserWarning: Exited postprocessing with accuracies 
[1.09167936e-09]
not reaching the requested tolerance 1e-09.
  values, vectors = lobpcg(projected_hamiltonian, guess, largest=False,
/home/erosanow_hpc/informed_swapping/BARK.py:156: UserWarning: Exited at iteration 50 with accuracies 
[3.39573206e-09]
not reaching the requested tolerance 1e-09.
Use iteration 51 instead with accuracy 
3.395732055580575e-09.

  values, vectors = lobpcg(projected_hamiltonian, guess, largest=False,
/home/erosanow_hpc/informed_swapping/BARK.py:156: UserWarning: Exited postprocessing with accuracies 
[3.39573233e-09]
not reaching the requested tolerance 1e-09.
  values, vectors = lobpcg(projected_hamiltonian, guess, largest=False,
/home/erosanow_hpc/informed_swapping/BARK.py:156: UserWarning: Exited at iteration 50 with accuracies 
[1.49663116e-09]
not reaching the requested tolerance 1e-09.
Use iteration 51 instead with accuracy 
1.4966311628419538e-09.

  values, vectors = lobpcg(projected_hamiltonian, guess, largest=False,
/home/erosanow_hpc/informed_swapping/BARK.py:156: UserWarning: Exited postprocessing with accuracies 
[1.49663173e-09]
not reaching the requested tolerance 1e-09.
  values, vectors = lobpcg(projected_hamiltonian, guess, largest=False,
/home/erosanow_hpc/informed_swapping/BARK.py:156: UserWarning: Exited at iteration 50 with accuracies 
[2.82698932e-09]
not reaching the requested tolerance 1e-09.
Use iteration 51 instead with accuracy 
2.826989323419289e-09.

  values, vectors = lobpcg(projected_hamiltonian, guess, largest=False,
/home/erosanow_hpc/informed_swapping/BARK.py:156: UserWarning: Exited postprocessing with accuracies 
[2.82698994e-09]
not reaching the requested tolerance 1e-09.
  values, vectors = lobpcg(projected_hamiltonian, guess, largest=False,
/home/erosanow_hpc/informed_swapping/BARK.py:156: UserWarning: Exited at iteration 50 with accuracies 
[1.71622718e-09]
not reaching the requested tolerance 1e-09.
Use iteration 51 instead with accuracy 
1.7162271755941031e-09.

  values, vectors = lobpcg(projected_hamiltonian, guess, largest=False,
/home/erosanow_hpc/informed_swapping/BARK.py:156: UserWarning: Exited postprocessing with accuracies 
[1.71622761e-09]
not reaching the requested tolerance 1e-09.
  values, vectors = lobpcg(projected_hamiltonian, guess, largest=False,
/home/erosanow_hpc/informed_swapping/BARK.py:156: UserWarning: Exited at iteration 50 with accuracies 
[4.40588365e-09]
not reaching the requested tolerance 1e-09.
Use iteration 51 instead with accuracy 
4.405883648083858e-09.

  values, vectors = lobpcg(projected_hamiltonian, guess, largest=False,
/home/erosanow_hpc/informed_swapping/BARK.py:156: UserWarning: Exited postprocessing with accuracies 
[4.40588378e-09]
not reaching the requested tolerance 1e-09.
  values, vectors = lobpcg(projected_hamiltonian, guess, largest=False,
/home/erosanow_hpc/informed_swapping/BARK.py:156: UserWarning: Exited at iteration 50 with accuracies 
[7.65333669e-09]
not reaching the requested tolerance 1e-09.
Use iteration 51 instead with accuracy 
7.653336685235502e-09.

  values, vectors = lobpcg(projected_hamiltonian, guess, largest=False,
/home/erosanow_hpc/informed_swapping/BARK.py:156: UserWarning: Exited postprocessing with accuracies 
[7.65333782e-09]
not reaching the requested tolerance 1e-09.
  values, vectors = lobpcg(projected_hamiltonian, guess, largest=False,
/home/erosanow_hpc/informed_swapping/BARK.py:156: UserWarning: Exited at iteration 50 with accuracies 
[1.81673664e-08]
not reaching the requested tolerance 1e-09.
Use iteration 51 instead with accuracy 
1.81673664152651e-08.

  values, vectors = lobpcg(projected_hamiltonian, guess, largest=False,
/home/erosanow_hpc/informed_swapping/BARK.py:156: UserWarning: Exited postprocessing with accuracies 
[1.81673665e-08]
not reaching the requested tolerance 1e-09.
  values, vectors = lobpcg(projected_hamiltonian, guess, largest=False,
/home/erosanow_hpc/informed_swapping/BARK.py:156: UserWarning: Exited at iteration 50 with accuracies 
[2.41833021e-09]
not reaching the requested tolerance 1e-09.
Use iteration 51 instead with accuracy 
2.4183302107545436e-09.

  values, vectors = lobpcg(projected_hamiltonian, guess, largest=False,
/home/erosanow_hpc/informed_swapping/BARK.py:156: UserWarning: Exited postprocessing with accuracies 
[2.41833045e-09]
not reaching the requested tolerance 1e-09.
  values, vectors = lobpcg(projected_hamiltonian, guess, largest=False,
/home/erosanow_hpc/informed_swapping/BARK.py:156: UserWarning: Exited at iteration 50 with accuracies 
[5.18454561e-09]
not reaching the requested tolerance 1e-09.
Use iteration 51 instead with accuracy 
5.184545610859102e-09.

  values, vectors = lobpcg(projected_hamiltonian, guess, largest=False,
/home/erosanow_hpc/informed_swapping/BARK.py:156: UserWarning: Exited postprocessing with accuracies 
[5.18454532e-09]
not reaching the requested tolerance 1e-09.
  values, vectors = lobpcg(projected_hamiltonian, guess, largest=False,
/home/erosanow_hpc/informed_swapping/BARK.py:156: UserWarning: Exited at iteration 50 with accuracies 
[7.67542562e-09]
not reaching the requested tolerance 1e-09.
Use iteration 51 instead with accuracy 
7.675425620586065e-09.

  values, vectors = lobpcg(projected_hamiltonian, guess, largest=False,
/home/erosanow_hpc/informed_swapping/BARK.py:156: UserWarning: Exited postprocessing with accuracies 
[7.67542547e-09]
not reaching the requested tolerance 1e-09.
  values, vectors = lobpcg(projected_hamiltonian, guess, largest=False,
/home/erosanow_hpc/informed_swapping/BARK.py:156: UserWarning: Exited at iteration 50 with accuracies 
[1.58536746e-08]
not reaching the requested tolerance 1e-09.
Use iteration 51 instead with accuracy 
1.5853674558816196e-08.

  values, vectors = lobpcg(projected_hamiltonian, guess, largest=False,
/home/erosanow_hpc/informed_swapping/BARK.py:156: UserWarning: Exited postprocessing with accuracies 
[1.58536745e-08]
not reaching the requested tolerance 1e-09.
  values, vectors = lobpcg(projected_hamiltonian, guess, largest=False,
/home/erosanow_hpc/informed_swapping/BARK.py:156: UserWarning: Exited at iteration 50 with accuracies 
[1.09671125e-08]
not reaching the requested tolerance 1e-09.
Use iteration 51 instead with accuracy 
1.0967112524352453e-08.

  values, vectors = lobpcg(projected_hamiltonian, guess, largest=False,
/home/erosanow_hpc/informed_swapping/BARK.py:156: UserWarning: Exited postprocessing with accuracies 
[1.09671132e-08]
not reaching the requested tolerance 1e-09.
  values, vectors = lobpcg(projected_hamiltonian, guess, largest=False,
/home/erosanow_hpc/informed_swapping/BARK.py:156: UserWarning: Exited at iteration 50 with accuracies 
[2.76098957e-08]
not reaching the requested tolerance 1e-09.
Use iteration 51 instead with accuracy 
2.7609895688926293e-08.

  values, vectors = lobpcg(projected_hamiltonian, guess, largest=False,
/home/erosanow_hpc/informed_swapping/BARK.py:156: UserWarning: Exited postprocessing with accuracies 
[2.76098961e-08]
not reaching the requested tolerance 1e-09.
  values, vectors = lobpcg(projected_hamiltonian, guess, largest=False,
/home/erosanow_hpc/informed_swapping/BARK.py:156: UserWarning: Exited at iteration 50 with accuracies 
[4.68375575e-08]
not reaching the requested tolerance 1e-09.
Use iteration 51 instead with accuracy 
4.6837557460206606e-08.

  values, vectors = lobpcg(projected_hamiltonian, guess, largest=False,
/home/erosanow_hpc/informed_swapping/BARK.py:156: UserWarning: Exited postprocessing with accuracies 
[4.6837557e-08]
not reaching the requested tolerance 1e-09.
  values, vectors = lobpcg(projected_hamiltonian, guess, largest=False,
/home/erosanow_hpc/informed_swapping/BARK.py:156: UserWarning: Exited at iteration 50 with accuracies 
[5.80203992e-07]
not reaching the requested tolerance 1e-09.
Use iteration 50 instead with accuracy 
5.09577852029608e-07.

  values, vectors = lobpcg(projected_hamiltonian, guess, largest=False,
/home/erosanow_hpc/informed_swapping/BARK.py:156: UserWarning: Exited postprocessing with accuracies 
[5.09577852e-07]
not reaching the requested tolerance 1e-09.
  values, vectors = lobpcg(projected_hamiltonian, guess, largest=False,
/home/erosanow_hpc/informed_swapping/BARK.py:156: UserWarning: Exited at iteration 50 with accuracies 
[1.1731407e-09]
not reaching the requested tolerance 1e-09.
Use iteration 51 instead with accuracy 
1.1731406988475606e-09.

  values, vectors = lobpcg(projected_hamiltonian, guess, largest=False,
/home/erosanow_hpc/informed_swapping/BARK.py:156: UserWarning: Exited postprocessing with accuracies 
[1.17314019e-09]
not reaching the requested tolerance 1e-09.
  values, vectors = lobpcg(projected_hamiltonian, guess, largest=False,
/home/erosanow_hpc/informed_swapping/BARK.py:156: UserWarning: Exited at iteration 50 with accuracies 
[1.30759252e-09]
not reaching the requested tolerance 1e-09.
Use iteration 51 instead with accuracy 
1.3075925174569677e-09.

  values, vectors = lobpcg(projected_hamiltonian, guess, largest=False,
/home/erosanow_hpc/informed_swapping/BARK.py:156: UserWarning: Exited postprocessing with accuracies 
[1.30759276e-09]
not reaching the requested tolerance 1e-09.
  values, vectors = lobpcg(projected_hamiltonian, guess, largest=False,
/home/erosanow_hpc/informed_swapping/BARK.py:156: UserWarning: Exited at iteration 50 with accuracies 
[3.45035822e-09]
not reaching the requested tolerance 1e-09.
Use iteration 51 instead with accuracy 
3.4503582172749387e-09.

  values, vectors = lobpcg(projected_hamiltonian, guess, largest=False,
/home/erosanow_hpc/informed_swapping/BARK.py:156: UserWarning: Exited postprocessing with accuracies 
[3.45035737e-09]
not reaching the requested tolerance 1e-09.
  values, vectors = lobpcg(projected_hamiltonian, guess, largest=False,
/home/erosanow_hpc/informed_swapping/BARK.py:156: UserWarning: Exited at iteration 50 with accuracies 
[1.50196182e-09]
not reaching the requested tolerance 1e-09.
Use iteration 51 instead with accuracy 
1.5019618178401383e-09.

  values, vectors = lobpcg(projected_hamiltonian, guess, largest=False,
/home/erosanow_hpc/informed_swapping/BARK.py:156: UserWarning: Exited postprocessing with accuracies 
[1.50196304e-09]
not reaching the requested tolerance 1e-09.
  values, vectors = lobpcg(projected_hamiltonian, guess, largest=False,
/home/erosanow_hpc/informed_swapping/BARK.py:156: UserWarning: Exited at iteration 50 with accuracies 
[2.82005673e-09]
not reaching the requested tolerance 1e-09.
Use iteration 51 instead with accuracy 
2.8200567277447136e-09.

  values, vectors = lobpcg(projected_hamiltonian, guess, largest=False,
/home/erosanow_hpc/informed_swapping/BARK.py:156: UserWarning: Exited postprocessing with accuracies 
[2.82005739e-09]
not reaching the requested tolerance 1e-09.
  values, vectors = lobpcg(projected_hamiltonian, guess, largest=False,
/home/erosanow_hpc/informed_swapping/BARK.py:156: UserWarning: Exited at iteration 50 with accuracies 
[1.68801824e-09]
not reaching the requested tolerance 1e-09.
Use iteration 51 instead with accuracy 
1.6880182412760962e-09.

  values, vectors = lobpcg(projected_hamiltonian, guess, largest=False,
/home/erosanow_hpc/informed_swapping/BARK.py:156: UserWarning: Exited postprocessing with accuracies 
[1.68801898e-09]
not reaching the requested tolerance 1e-09.
  values, vectors = lobpcg(projected_hamiltonian, guess, largest=False,
/home/erosanow_hpc/informed_swapping/BARK.py:156: UserWarning: Exited at iteration 50 with accuracies 
[4.43070613e-09]
not reaching the requested tolerance 1e-09.
Use iteration 51 instead with accuracy 
4.430706133223673e-09.

  values, vectors = lobpcg(projected_hamiltonian, guess, largest=False,
/home/erosanow_hpc/informed_swapping/BARK.py:156: UserWarning: Exited postprocessing with accuracies 
[4.43070491e-09]
not reaching the requested tolerance 1e-09.
  values, vectors = lobpcg(projected_hamiltonian, guess, largest=False,
/home/erosanow_hpc/informed_swapping/BARK.py:156: UserWarning: Exited at iteration 50 with accuracies 
[7.61013784e-09]
not reaching the requested tolerance 1e-09.
Use iteration 51 instead with accuracy 
7.610137843921553e-09.

  values, vectors = lobpcg(projected_hamiltonian, guess, largest=False,
/home/erosanow_hpc/informed_swapping/BARK.py:156: UserWarning: Exited postprocessing with accuracies 
[7.61013803e-09]
not reaching the requested tolerance 1e-09.
  values, vectors = lobpcg(projected_hamiltonian, guess, largest=False,
/home/erosanow_hpc/informed_swapping/BARK.py:156: UserWarning: Exited at iteration 50 with accuracies 
[1.81745037e-08]
not reaching the requested tolerance 1e-09.
Use iteration 51 instead with accuracy 
1.817450371417806e-08.

  values, vectors = lobpcg(projected_hamiltonian, guess, largest=False,
/home/erosanow_hpc/informed_swapping/BARK.py:156: UserWarning: Exited postprocessing with accuracies 
[1.81745042e-08]
not reaching the requested tolerance 1e-09.
  values, vectors = lobpcg(projected_hamiltonian, guess, largest=False,
/home/erosanow_hpc/informed_swapping/BARK.py:156: UserWarning: Exited at iteration 50 with accuracies 
[2.37154161e-09]
not reaching the requested tolerance 1e-09.
Use iteration 51 instead with accuracy 
2.371541610617168e-09.

  values, vectors = lobpcg(projected_hamiltonian, guess, largest=False,
/home/erosanow_hpc/informed_swapping/BARK.py:156: UserWarning: Exited postprocessing with accuracies 
[2.37154147e-09]
not reaching the requested tolerance 1e-09.
  values, vectors = lobpcg(projected_hamiltonian, guess, largest=False,
/home/erosanow_hpc/informed_swapping/BARK.py:156: UserWarning: Exited at iteration 50 with accuracies 
[5.07128944e-09]
not reaching the requested tolerance 1e-09.
Use iteration 51 instead with accuracy 
5.071289444389536e-09.

  values, vectors = lobpcg(projected_hamiltonian, guess, largest=False,
/home/erosanow_hpc/informed_swapping/BARK.py:156: UserWarning: Exited postprocessing with accuracies 
[5.07128859e-09]
not reaching the requested tolerance 1e-09.
  values, vectors = lobpcg(projected_hamiltonian, guess, largest=False,
/home/erosanow_hpc/informed_swapping/BARK.py:156: UserWarning: Exited at iteration 50 with accuracies 
[7.7104616e-09]
not reaching the requested tolerance 1e-09.
Use iteration 51 instead with accuracy 
7.710461603172712e-09.

  values, vectors = lobpcg(projected_hamiltonian, guess, largest=False,
/home/erosanow_hpc/informed_swapping/BARK.py:156: UserWarning: Exited postprocessing with accuracies 
[7.71046123e-09]
not reaching the requested tolerance 1e-09.
  values, vectors = lobpcg(projected_hamiltonian, guess, largest=False,
/home/erosanow_hpc/informed_swapping/BARK.py:156: UserWarning: Exited at iteration 50 with accuracies 
[1.60207974e-08]
not reaching the requested tolerance 1e-09.
Use iteration 51 instead with accuracy 
1.6020797397436015e-08.

  values, vectors = lobpcg(projected_hamiltonian, guess, largest=False,
/home/erosanow_hpc/informed_swapping/BARK.py:156: UserWarning: Exited postprocessing with accuracies 
[1.6020797e-08]
not reaching the requested tolerance 1e-09.
  values, vectors = lobpcg(projected_hamiltonian, guess, largest=False,
/home/erosanow_hpc/informed_swapping/BARK.py:156: UserWarning: Exited at iteration 50 with accuracies 
[1.14197274e-08]
not reaching the requested tolerance 1e-09.
Use iteration 51 instead with accuracy 
1.1419727353163801e-08.

  values, vectors = lobpcg(projected_hamiltonian, guess, largest=False,
/home/erosanow_hpc/informed_swapping/BARK.py:156: UserWarning: Exited postprocessing with accuracies 
[1.14197272e-08]
not reaching the requested tolerance 1e-09.
  values, vectors = lobpcg(projected_hamiltonian, guess, largest=False,
/home/erosanow_hpc/informed_swapping/BARK.py:156: UserWarning: Exited at iteration 50 with accuracies 
[2.9129922e-08]
not reaching the requested tolerance 1e-09.
Use iteration 51 instead with accuracy 
2.9129921964801515e-08.

  values, vectors = lobpcg(projected_hamiltonian, guess, largest=False,
/home/erosanow_hpc/informed_swapping/BARK.py:156: UserWarning: Exited postprocessing with accuracies 
[2.9129922e-08]
not reaching the requested tolerance 1e-09.
  values, vectors = lobpcg(projected_hamiltonian, guess, largest=False,
/home/erosanow_hpc/informed_swapping/BARK.py:156: UserWarning: Exited at iteration 50 with accuracies 
[4.69853906e-08]
not reaching the requested tolerance 1e-09.
Use iteration 51 instead with accuracy 
4.6985390568180925e-08.

  values, vectors = lobpcg(projected_hamiltonian, guess, largest=False,
/home/erosanow_hpc/informed_swapping/BARK.py:156: UserWarning: Exited postprocessing with accuracies 
[4.69853895e-08]
not reaching the requested tolerance 1e-09.
  values, vectors = lobpcg(projected_hamiltonian, guess, largest=False,
/home/erosanow_hpc/informed_swapping/BARK.py:156: UserWarning: Exited at iteration 50 with accuracies 
[5.1672727e-07]
not reaching the requested tolerance 1e-09.
Use iteration 50 instead with accuracy 
4.65076897264852e-07.

  values, vectors = lobpcg(projected_hamiltonian, guess, largest=False,
/home/erosanow_hpc/informed_swapping/BARK.py:156: UserWarning: Exited postprocessing with accuracies 
[4.65076897e-07]
not reaching the requested tolerance 1e-09.
  values, vectors = lobpcg(projected_hamiltonian, guess, largest=False,
/home/erosanow_hpc/informed_swapping/BARK.py:156: UserWarning: Exited at iteration 50 with accuracies 
[2.16309629e-09]
not reaching the requested tolerance 1e-09.
Use iteration 50 instead with accuracy 
2.0586015736598346e-09.

  values, vectors = lobpcg(projected_hamiltonian, guess, largest=False,
/home/erosanow_hpc/informed_swapping/BARK.py:156: UserWarning: Exited postprocessing with accuracies 
[2.05860337e-09]
not reaching the requested tolerance 1e-09.
  values, vectors = lobpcg(projected_hamiltonian, guess, largest=False,
/home/erosanow_hpc/informed_swapping/BARK.py:156: UserWarning: Exited at iteration 50 with accuracies 
[1.63440887e-09]
not reaching the requested tolerance 1e-09.
Use iteration 51 instead with accuracy 
1.6344088705842764e-09.

  values, vectors = lobpcg(projected_hamiltonian, guess, largest=False,
/home/erosanow_hpc/informed_swapping/BARK.py:156: UserWarning: Exited postprocessing with accuracies 
[1.63440877e-09]
not reaching the requested tolerance 1e-09.
  values, vectors = lobpcg(projected_hamiltonian, guess, largest=False,
/home/erosanow_hpc/informed_swapping/BARK.py:156: UserWarning: Exited at iteration 50 with accuracies 
[1.69354882e-09]
not reaching the requested tolerance 1e-09.
Use iteration 51 instead with accuracy 
1.693548815027047e-09.

  values, vectors = lobpcg(projected_hamiltonian, guess, largest=False,
/home/erosanow_hpc/informed_swapping/BARK.py:156: UserWarning: Exited postprocessing with accuracies 
[1.69354944e-09]
not reaching the requested tolerance 1e-09.
  values, vectors = lobpcg(projected_hamiltonian, guess, largest=False,
/home/erosanow_hpc/informed_swapping/BARK.py:156: UserWarning: Exited at iteration 50 with accuracies 
[2.01294553e-09]
not reaching the requested tolerance 1e-09.
Use iteration 51 instead with accuracy 
2.0129455307571526e-09.

  values, vectors = lobpcg(projected_hamiltonian, guess, largest=False,
/home/erosanow_hpc/informed_swapping/BARK.py:156: UserWarning: Exited postprocessing with accuracies 
[2.01294556e-09]
not reaching the requested tolerance 1e-09.
  values, vectors = lobpcg(projected_hamiltonian, guess, largest=False,
/home/erosanow_hpc/informed_swapping/BARK.py:156: UserWarning: Exited at iteration 50 with accuracies 
[1.0759047e-09]
not reaching the requested tolerance 1e-09.
Use iteration 51 instead with accuracy 
1.0759047049516115e-09.

  values, vectors = lobpcg(projected_hamiltonian, guess, largest=False,
/home/erosanow_hpc/informed_swapping/BARK.py:156: UserWarning: Exited postprocessing with accuracies 
[1.0759046e-09]
not reaching the requested tolerance 1e-09.
  values, vectors = lobpcg(projected_hamiltonian, guess, largest=False,
/home/erosanow_hpc/informed_swapping/BARK.py:156: UserWarning: Exited at iteration 50 with accuracies 
[1.81957671e-09]
not reaching the requested tolerance 1e-09.
Use iteration 51 instead with accuracy 
1.8195767145626834e-09.

  values, vectors = lobpcg(projected_hamiltonian, guess, largest=False,
/home/erosanow_hpc/informed_swapping/BARK.py:156: UserWarning: Exited postprocessing with accuracies 
[1.8195771e-09]
not reaching the requested tolerance 1e-09.
  values, vectors = lobpcg(projected_hamiltonian, guess, largest=False,
/home/erosanow_hpc/informed_swapping/BARK.py:156: UserWarning: Exited at iteration 50 with accuracies 
[1.52311402e-09]
not reaching the requested tolerance 1e-09.
Use iteration 51 instead with accuracy 
1.5231140225896716e-09.

  values, vectors = lobpcg(projected_hamiltonian, guess, largest=False,
/home/erosanow_hpc/informed_swapping/BARK.py:156: UserWarning: Exited postprocessing with accuracies 
[1.52311401e-09]
not reaching the requested tolerance 1e-09.
  values, vectors = lobpcg(projected_hamiltonian, guess, largest=False,
/home/erosanow_hpc/informed_swapping/BARK.py:156: UserWarning: Exited at iteration 50 with accuracies 
[1.43310632e-09]
not reaching the requested tolerance 1e-09.
Use iteration 51 instead with accuracy 
1.4331063154664032e-09.

  values, vectors = lobpcg(projected_hamiltonian, guess, largest=False,
/home/erosanow_hpc/informed_swapping/BARK.py:156: UserWarning: Exited postprocessing with accuracies 
[1.4331063e-09]
not reaching the requested tolerance 1e-09.
  values, vectors = lobpcg(projected_hamiltonian, guess, largest=False,
/home/erosanow_hpc/informed_swapping/BARK.py:156: UserWarning: Exited at iteration 50 with accuracies 
[1.77675471e-09]
not reaching the requested tolerance 1e-09.
Use iteration 51 instead with accuracy 
1.7767547143020638e-09.

  values, vectors = lobpcg(projected_hamiltonian, guess, largest=False,
/home/erosanow_hpc/informed_swapping/BARK.py:156: UserWarning: Exited postprocessing with accuracies 
[1.77675418e-09]
not reaching the requested tolerance 1e-09.
  values, vectors = lobpcg(projected_hamiltonian, guess, largest=False,
/home/erosanow_hpc/informed_swapping/BARK.py:156: UserWarning: Exited at iteration 50 with accuracies 
[1.11513099e-09]
not reaching the requested tolerance 1e-09.
Use iteration 51 instead with accuracy 
1.1151309926868912e-09.

  values, vectors = lobpcg(projected_hamiltonian, guess, largest=False,
/home/erosanow_hpc/informed_swapping/BARK.py:156: UserWarning: Exited postprocessing with accuracies 
[1.115131e-09]
not reaching the requested tolerance 1e-09.
  values, vectors = lobpcg(projected_hamiltonian, guess, largest=False,
/home/erosanow_hpc/informed_swapping/BARK.py:156: UserWarning: Exited at iteration 50 with accuracies 
[1.2444724e-09]
not reaching the requested tolerance 1e-09.
Use iteration 51 instead with accuracy 
1.244472403076165e-09.

  values, vectors = lobpcg(projected_hamiltonian, guess, largest=False,
/home/erosanow_hpc/informed_swapping/BARK.py:156: UserWarning: Exited postprocessing with accuracies 
[1.24447233e-09]
not reaching the requested tolerance 1e-09.
  values, vectors = lobpcg(projected_hamiltonian, guess, largest=False,
/home/erosanow_hpc/informed_swapping/BARK.py:156: UserWarning: Exited at iteration 50 with accuracies 
[2.05246462e-09]
not reaching the requested tolerance 1e-09.
Use iteration 51 instead with accuracy 
2.0524646238682428e-09.

  values, vectors = lobpcg(projected_hamiltonian, guess, largest=False,
/home/erosanow_hpc/informed_swapping/BARK.py:156: UserWarning: Exited postprocessing with accuracies 
[2.05246446e-09]
not reaching the requested tolerance 1e-09.
  values, vectors = lobpcg(projected_hamiltonian, guess, largest=False,
/home/erosanow_hpc/informed_swapping/BARK.py:156: UserWarning: Exited at iteration 50 with accuracies 
[1.74824066e-09]
not reaching the requested tolerance 1e-09.
Use iteration 51 instead with accuracy 
1.7482406627636003e-09.

  values, vectors = lobpcg(projected_hamiltonian, guess, largest=False,
/home/erosanow_hpc/informed_swapping/BARK.py:156: UserWarning: Exited postprocessing with accuracies 
[1.74824052e-09]
not reaching the requested tolerance 1e-09.
  values, vectors = lobpcg(projected_hamiltonian, guess, largest=False,
/home/erosanow_hpc/informed_swapping/BARK.py:156: UserWarning: Exited at iteration 50 with accuracies 
[1.77051692e-09]
not reaching the requested tolerance 1e-09.
Use iteration 51 instead with accuracy 
1.7705169221999414e-09.

  values, vectors = lobpcg(projected_hamiltonian, guess, largest=False,
/home/erosanow_hpc/informed_swapping/BARK.py:156: UserWarning: Exited postprocessing with accuracies 
[1.77051645e-09]
not reaching the requested tolerance 1e-09.
  values, vectors = lobpcg(projected_hamiltonian, guess, largest=False,
/home/erosanow_hpc/informed_swapping/BARK.py:156: UserWarning: Exited at iteration 50 with accuracies 
[2.13415856e-09]
not reaching the requested tolerance 1e-09.
Use iteration 51 instead with accuracy 
2.1341585566795496e-09.

  values, vectors = lobpcg(projected_hamiltonian, guess, largest=False,
/home/erosanow_hpc/informed_swapping/BARK.py:156: UserWarning: Exited postprocessing with accuracies 
[2.13415875e-09]
not reaching the requested tolerance 1e-09.
  values, vectors = lobpcg(projected_hamiltonian, guess, largest=False,
/home/erosanow_hpc/informed_swapping/BARK.py:156: UserWarning: Exited at iteration 50 with accuracies 
[1.29526327e-09]
not reaching the requested tolerance 1e-09.
Use iteration 51 instead with accuracy 
1.295263269426009e-09.

  values, vectors = lobpcg(projected_hamiltonian, guess, largest=False,
/home/erosanow_hpc/informed_swapping/BARK.py:156: UserWarning: Exited postprocessing with accuracies 
[1.29526306e-09]
not reaching the requested tolerance 1e-09.
  values, vectors = lobpcg(projected_hamiltonian, guess, largest=False,
/home/erosanow_hpc/informed_swapping/BARK.py:156: UserWarning: Exited at iteration 50 with accuracies 
[1.52877384e-09]
not reaching the requested tolerance 1e-09.
Use iteration 51 instead with accuracy 
1.5287738366261592e-09.

  values, vectors = lobpcg(projected_hamiltonian, guess, largest=False,
/home/erosanow_hpc/informed_swapping/BARK.py:156: UserWarning: Exited postprocessing with accuracies 
[1.52877391e-09]
not reaching the requested tolerance 1e-09.
  values, vectors = lobpcg(projected_hamiltonian, guess, largest=False,
/home/erosanow_hpc/informed_swapping/BARK.py:156: UserWarning: Exited at iteration 50 with accuracies 
[1.1346048e-09]
not reaching the requested tolerance 1e-09.
Use iteration 51 instead with accuracy 
1.134604802500419e-09.

  values, vectors = lobpcg(projected_hamiltonian, guess, largest=False,
/home/erosanow_hpc/informed_swapping/BARK.py:156: UserWarning: Exited postprocessing with accuracies 
[1.13460504e-09]
not reaching the requested tolerance 1e-09.
  values, vectors = lobpcg(projected_hamiltonian, guess, largest=False,
/home/erosanow_hpc/informed_swapping/BARK.py:156: UserWarning: Exited at iteration 50 with accuracies 
[2.54020989e-09]
not reaching the requested tolerance 1e-09.
Use iteration 51 instead with accuracy 
2.5402098854664005e-09.

  values, vectors = lobpcg(projected_hamiltonian, guess, largest=False,
/home/erosanow_hpc/informed_swapping/BARK.py:156: UserWarning: Exited postprocessing with accuracies 
[2.54020923e-09]
not reaching the requested tolerance 1e-09.
  values, vectors = lobpcg(projected_hamiltonian, guess, largest=False,
/home/erosanow_hpc/informed_swapping/BARK.py:156: UserWarning: Exited at iteration 50 with accuracies 
[1.40594736e-09]
not reaching the requested tolerance 1e-09.
Use iteration 51 instead with accuracy 
1.405947356179875e-09.

  values, vectors = lobpcg(projected_hamiltonian, guess, largest=False,
/home/erosanow_hpc/informed_swapping/BARK.py:156: UserWarning: Exited postprocessing with accuracies 
[1.40594763e-09]
not reaching the requested tolerance 1e-09.
  values, vectors = lobpcg(projected_hamiltonian, guess, largest=False,
/home/erosanow_hpc/informed_swapping/BARK.py:156: UserWarning: Exited at iteration 50 with accuracies 
[3.16700832e-09]
not reaching the requested tolerance 1e-09.
Use iteration 51 instead with accuracy 
3.167008318636547e-09.

  values, vectors = lobpcg(projected_hamiltonian, guess, largest=False,
/home/erosanow_hpc/informed_swapping/BARK.py:156: UserWarning: Exited postprocessing with accuracies 
[3.16700822e-09]
not reaching the requested tolerance 1e-09.
  values, vectors = lobpcg(projected_hamiltonian, guess, largest=False,
/home/erosanow_hpc/informed_swapping/BARK.py:156: UserWarning: Exited at iteration 50 with accuracies 
[2.20900549e-09]
not reaching the requested tolerance 1e-09.
Use iteration 51 instead with accuracy 
2.2090054873237493e-09.

  values, vectors = lobpcg(projected_hamiltonian, guess, largest=False,
/home/erosanow_hpc/informed_swapping/BARK.py:156: UserWarning: Exited postprocessing with accuracies 
[2.2090053e-09]
not reaching the requested tolerance 1e-09.
  values, vectors = lobpcg(projected_hamiltonian, guess, largest=False,
/home/erosanow_hpc/informed_swapping/BARK.py:156: UserWarning: Exited at iteration 50 with accuracies 
[2.22039609e-09]
not reaching the requested tolerance 1e-09.
Use iteration 51 instead with accuracy 
2.2203960870482714e-09.

  values, vectors = lobpcg(projected_hamiltonian, guess, largest=False,
/home/erosanow_hpc/informed_swapping/BARK.py:156: UserWarning: Exited postprocessing with accuracies 
[2.22039663e-09]
not reaching the requested tolerance 1e-09.
  values, vectors = lobpcg(projected_hamiltonian, guess, largest=False,
/home/erosanow_hpc/informed_swapping/BARK.py:156: UserWarning: Exited at iteration 50 with accuracies 
[2.89172356e-09]
not reaching the requested tolerance 1e-09.
Use iteration 51 instead with accuracy 
2.891723562780269e-09.

  values, vectors = lobpcg(projected_hamiltonian, guess, largest=False,
/home/erosanow_hpc/informed_swapping/BARK.py:156: UserWarning: Exited postprocessing with accuracies 
[2.89172363e-09]
not reaching the requested tolerance 1e-09.
  values, vectors = lobpcg(projected_hamiltonian, guess, largest=False,
/home/erosanow_hpc/informed_swapping/BARK.py:156: UserWarning: Exited at iteration 50 with accuracies 
[2.464439e-09]
not reaching the requested tolerance 1e-09.
Use iteration 51 instead with accuracy 
2.464438995010358e-09.

  values, vectors = lobpcg(projected_hamiltonian, guess, largest=False,
/home/erosanow_hpc/informed_swapping/BARK.py:156: UserWarning: Exited postprocessing with accuracies 
[2.46443878e-09]
not reaching the requested tolerance 1e-09.
  values, vectors = lobpcg(projected_hamiltonian, guess, largest=False,
/home/erosanow_hpc/informed_swapping/BARK.py:156: UserWarning: Exited at iteration 50 with accuracies 
[3.13568908e-09]
not reaching the requested tolerance 1e-09.
Use iteration 51 instead with accuracy 
3.1356890843495803e-09.

  values, vectors = lobpcg(projected_hamiltonian, guess, largest=False,
/home/erosanow_hpc/informed_swapping/BARK.py:156: UserWarning: Exited postprocessing with accuracies 
[3.13568908e-09]
not reaching the requested tolerance 1e-09.
  values, vectors = lobpcg(projected_hamiltonian, guess, largest=False,
/home/erosanow_hpc/informed_swapping/BARK.py:156: UserWarning: Exited at iteration 50 with accuracies 
[2.96712215e-09]
not reaching the requested tolerance 1e-09.
Use iteration 51 instead with accuracy 
2.967122150782514e-09.

  values, vectors = lobpcg(projected_hamiltonian, guess, largest=False,
/home/erosanow_hpc/informed_swapping/BARK.py:156: UserWarning: Exited postprocessing with accuracies 
[2.9671215e-09]
not reaching the requested tolerance 1e-09.
  values, vectors = lobpcg(projected_hamiltonian, guess, largest=False,
/home/erosanow_hpc/informed_swapping/BARK.py:156: UserWarning: Exited at iteration 50 with accuracies 
[6.33737055e-09]
not reaching the requested tolerance 1e-09.
Use iteration 51 instead with accuracy 
6.337370550887158e-09.

  values, vectors = lobpcg(projected_hamiltonian, guess, largest=False,
/home/erosanow_hpc/informed_swapping/BARK.py:156: UserWarning: Exited postprocessing with accuracies 
[6.33737045e-09]
not reaching the requested tolerance 1e-09.
  values, vectors = lobpcg(projected_hamiltonian, guess, largest=False,
/home/erosanow_hpc/informed_swapping/BARK.py:156: UserWarning: Exited at iteration 50 with accuracies 
[1.0141961e-09]
not reaching the requested tolerance 1e-09.
Use iteration 51 instead with accuracy 
1.0141960951992272e-09.

  values, vectors = lobpcg(projected_hamiltonian, guess, largest=False,
/home/erosanow_hpc/informed_swapping/BARK.py:156: UserWarning: Exited postprocessing with accuracies 
[1.01419611e-09]
not reaching the requested tolerance 1e-09.
  values, vectors = lobpcg(projected_hamiltonian, guess, largest=False,
/home/erosanow_hpc/informed_swapping/BARK.py:156: UserWarning: Exited at iteration 50 with accuracies 
[1.53850157e-09]
not reaching the requested tolerance 1e-09.
Use iteration 51 instead with accuracy 
1.5385015685088316e-09.

  values, vectors = lobpcg(projected_hamiltonian, guess, largest=False,
/home/erosanow_hpc/informed_swapping/BARK.py:156: UserWarning: Exited postprocessing with accuracies 
[1.53850163e-09]
not reaching the requested tolerance 1e-09.
  values, vectors = lobpcg(projected_hamiltonian, guess, largest=False,
/home/erosanow_hpc/informed_swapping/BARK.py:156: UserWarning: Exited at iteration 50 with accuracies 
[1.60701424e-09]
not reaching the requested tolerance 1e-09.
Use iteration 51 instead with accuracy 
1.6070142447949184e-09.

  values, vectors = lobpcg(projected_hamiltonian, guess, largest=False,
/home/erosanow_hpc/informed_swapping/BARK.py:156: UserWarning: Exited postprocessing with accuracies 
[1.607014e-09]
not reaching the requested tolerance 1e-09.
  values, vectors = lobpcg(projected_hamiltonian, guess, largest=False,
/home/erosanow_hpc/informed_swapping/BARK.py:156: UserWarning: Exited at iteration 50 with accuracies 
[1.94652639e-09]
not reaching the requested tolerance 1e-09.
Use iteration 51 instead with accuracy 
1.9465263889295904e-09.

  values, vectors = lobpcg(projected_hamiltonian, guess, largest=False,
/home/erosanow_hpc/informed_swapping/BARK.py:156: UserWarning: Exited postprocessing with accuracies 
[1.94652647e-09]
not reaching the requested tolerance 1e-09.
  values, vectors = lobpcg(projected_hamiltonian, guess, largest=False,
/home/erosanow_hpc/informed_swapping/BARK.py:156: UserWarning: Exited at iteration 50 with accuracies 
[1.15018896e-09]
not reaching the requested tolerance 1e-09.
Use iteration 51 instead with accuracy 
1.1501889628623535e-09.

  values, vectors = lobpcg(projected_hamiltonian, guess, largest=False,
/home/erosanow_hpc/informed_swapping/BARK.py:156: UserWarning: Exited postprocessing with accuracies 
[1.15018843e-09]
not reaching the requested tolerance 1e-09.
  values, vectors = lobpcg(projected_hamiltonian, guess, largest=False,
/home/erosanow_hpc/informed_swapping/BARK.py:156: UserWarning: Exited at iteration 50 with accuracies 
[1.35900508e-09]
not reaching the requested tolerance 1e-09.
Use iteration 51 instead with accuracy 
1.3590050836077119e-09.

  values, vectors = lobpcg(projected_hamiltonian, guess, largest=False,
/home/erosanow_hpc/informed_swapping/BARK.py:156: UserWarning: Exited postprocessing with accuracies 
[1.35900558e-09]
not reaching the requested tolerance 1e-09.
  values, vectors = lobpcg(projected_hamiltonian, guess, largest=False,
/home/erosanow_hpc/informed_swapping/BARK.py:156: UserWarning: Exited at iteration 50 with accuracies 
[1.58229268e-09]
not reaching the requested tolerance 1e-09.
Use iteration 51 instead with accuracy 
1.5822926781177675e-09.

  values, vectors = lobpcg(projected_hamiltonian, guess, largest=False,
/home/erosanow_hpc/informed_swapping/BARK.py:156: UserWarning: Exited postprocessing with accuracies 
[1.58229284e-09]
not reaching the requested tolerance 1e-09.
  values, vectors = lobpcg(projected_hamiltonian, guess, largest=False,
/home/erosanow_hpc/informed_swapping/BARK.py:156: UserWarning: Exited at iteration 50 with accuracies 
[2.31198188e-09]
not reaching the requested tolerance 1e-09.
Use iteration 51 instead with accuracy 
2.311981882709101e-09.

  values, vectors = lobpcg(projected_hamiltonian, guess, largest=False,
/home/erosanow_hpc/informed_swapping/BARK.py:156: UserWarning: Exited postprocessing with accuracies 
[2.31198162e-09]
not reaching the requested tolerance 1e-09.
  values, vectors = lobpcg(projected_hamiltonian, guess, largest=False,
/home/erosanow_hpc/informed_swapping/BARK.py:156: UserWarning: Exited at iteration 50 with accuracies 
[1.47848604e-09]
not reaching the requested tolerance 1e-09.
Use iteration 51 instead with accuracy 
1.4784860419522896e-09.

  values, vectors = lobpcg(projected_hamiltonian, guess, largest=False,
/home/erosanow_hpc/informed_swapping/BARK.py:156: UserWarning: Exited postprocessing with accuracies 
[1.47848581e-09]
not reaching the requested tolerance 1e-09.
  values, vectors = lobpcg(projected_hamiltonian, guess, largest=False,
/home/erosanow_hpc/informed_swapping/BARK.py:156: UserWarning: Exited at iteration 50 with accuracies 
[1.81003932e-09]
not reaching the requested tolerance 1e-09.
Use iteration 51 instead with accuracy 
1.8100393156914864e-09.

  values, vectors = lobpcg(projected_hamiltonian, guess, largest=False,
/home/erosanow_hpc/informed_swapping/BARK.py:156: UserWarning: Exited postprocessing with accuracies 
[1.81003932e-09]
not reaching the requested tolerance 1e-09.
  values, vectors = lobpcg(projected_hamiltonian, guess, largest=False,
/home/erosanow_hpc/informed_swapping/BARK.py:156: UserWarning: Exited at iteration 50 with accuracies 
[2.12974892e-09]
not reaching the requested tolerance 1e-09.
Use iteration 51 instead with accuracy 
2.129748922101191e-09.

  values, vectors = lobpcg(projected_hamiltonian, guess, largest=False,
/home/erosanow_hpc/informed_swapping/BARK.py:156: UserWarning: Exited postprocessing with accuracies 
[2.12974842e-09]
not reaching the requested tolerance 1e-09.
  values, vectors = lobpcg(projected_hamiltonian, guess, largest=False,
/home/erosanow_hpc/informed_swapping/BARK.py:156: UserWarning: Exited at iteration 50 with accuracies 
[2.66692313e-09]
not reaching the requested tolerance 1e-09.
Use iteration 51 instead with accuracy 
2.666923129094462e-09.

  values, vectors = lobpcg(projected_hamiltonian, guess, largest=False,
/home/erosanow_hpc/informed_swapping/BARK.py:156: UserWarning: Exited postprocessing with accuracies 
[2.66692318e-09]
not reaching the requested tolerance 1e-09.
  values, vectors = lobpcg(projected_hamiltonian, guess, largest=False,
/home/erosanow_hpc/informed_swapping/BARK.py:156: UserWarning: Exited at iteration 50 with accuracies 
[1.03451907e-09]
not reaching the requested tolerance 1e-09.
Use iteration 51 instead with accuracy 
1.0345190724523662e-09.

  values, vectors = lobpcg(projected_hamiltonian, guess, largest=False,
/home/erosanow_hpc/informed_swapping/BARK.py:156: UserWarning: Exited postprocessing with accuracies 
[1.0345188e-09]
not reaching the requested tolerance 1e-09.
  values, vectors = lobpcg(projected_hamiltonian, guess, largest=False,
/home/erosanow_hpc/informed_swapping/BARK.py:156: UserWarning: Exited at iteration 50 with accuracies 
[1.08520536e-09]
not reaching the requested tolerance 1e-09.
Use iteration 51 instead with accuracy 
1.085205357529974e-09.

  values, vectors = lobpcg(projected_hamiltonian, guess, largest=False,
/home/erosanow_hpc/informed_swapping/BARK.py:156: UserWarning: Exited postprocessing with accuracies 
[1.08520507e-09]
not reaching the requested tolerance 1e-09.
  values, vectors = lobpcg(projected_hamiltonian, guess, largest=False,
/home/erosanow_hpc/informed_swapping/BARK.py:156: UserWarning: Exited at iteration 50 with accuracies 
[2.46107997e-09]
not reaching the requested tolerance 1e-09.
Use iteration 51 instead with accuracy 
2.4610799671342853e-09.

  values, vectors = lobpcg(projected_hamiltonian, guess, largest=False,
/home/erosanow_hpc/informed_swapping/BARK.py:156: UserWarning: Exited postprocessing with accuracies 
[2.46107973e-09]
not reaching the requested tolerance 1e-09.
  values, vectors = lobpcg(projected_hamiltonian, guess, largest=False,
/home/erosanow_hpc/informed_swapping/BARK.py:156: UserWarning: Exited at iteration 50 with accuracies 
[1.07683461e-09]
not reaching the requested tolerance 1e-09.
Use iteration 51 instead with accuracy 
1.0768346070821081e-09.

  values, vectors = lobpcg(projected_hamiltonian, guess, largest=False,
/home/erosanow_hpc/informed_swapping/BARK.py:156: UserWarning: Exited postprocessing with accuracies 
[1.0768343e-09]
not reaching the requested tolerance 1e-09.
  values, vectors = lobpcg(projected_hamiltonian, guess, largest=False,
/home/erosanow_hpc/informed_swapping/BARK.py:156: UserWarning: Exited at iteration 50 with accuracies 
[2.53000322e-09]
not reaching the requested tolerance 1e-09.
Use iteration 51 instead with accuracy 
2.5300032192133248e-09.

  values, vectors = lobpcg(projected_hamiltonian, guess, largest=False,
/home/erosanow_hpc/informed_swapping/BARK.py:156: UserWarning: Exited postprocessing with accuracies 
[2.53000328e-09]
not reaching the requested tolerance 1e-09.
  values, vectors = lobpcg(projected_hamiltonian, guess, largest=False,
/home/erosanow_hpc/informed_swapping/BARK.py:156: UserWarning: Exited at iteration 50 with accuracies 
[2.32473844e-09]
not reaching the requested tolerance 1e-09.
Use iteration 51 instead with accuracy 
2.3247384365025907e-09.

  values, vectors = lobpcg(projected_hamiltonian, guess, largest=False,
/home/erosanow_hpc/informed_swapping/BARK.py:156: UserWarning: Exited postprocessing with accuracies 
[2.32473822e-09]
not reaching the requested tolerance 1e-09.
  values, vectors = lobpcg(projected_hamiltonian, guess, largest=False,
/home/erosanow_hpc/informed_swapping/BARK.py:156: UserWarning: Exited at iteration 50 with accuracies 
[2.88754216e-09]
not reaching the requested tolerance 1e-09.
Use iteration 51 instead with accuracy 
2.8875421627053077e-09.

  values, vectors = lobpcg(projected_hamiltonian, guess, largest=False,
/home/erosanow_hpc/informed_swapping/BARK.py:156: UserWarning: Exited postprocessing with accuracies 
[2.88754209e-09]
not reaching the requested tolerance 1e-09.
  values, vectors = lobpcg(projected_hamiltonian, guess, largest=False,
/home/erosanow_hpc/informed_swapping/BARK.py:156: UserWarning: Exited at iteration 50 with accuracies 
[1.1201893e-09]
not reaching the requested tolerance 1e-09.
Use iteration 51 instead with accuracy 
1.1201893044041772e-09.

  values, vectors = lobpcg(projected_hamiltonian, guess, largest=False,
/home/erosanow_hpc/informed_swapping/BARK.py:156: UserWarning: Exited postprocessing with accuracies 
[1.12018965e-09]
not reaching the requested tolerance 1e-09.
  values, vectors = lobpcg(projected_hamiltonian, guess, largest=False,
/home/erosanow_hpc/informed_swapping/BARK.py:156: UserWarning: Exited at iteration 50 with accuracies 
[1.80808331e-09]
not reaching the requested tolerance 1e-09.
Use iteration 51 instead with accuracy 
1.808083305343585e-09.

  values, vectors = lobpcg(projected_hamiltonian, guess, largest=False,
/home/erosanow_hpc/informed_swapping/BARK.py:156: UserWarning: Exited postprocessing with accuracies 
[1.80808272e-09]
not reaching the requested tolerance 1e-09.
  values, vectors = lobpcg(projected_hamiltonian, guess, largest=False,
/home/erosanow_hpc/informed_swapping/BARK.py:156: UserWarning: Exited at iteration 50 with accuracies 
[2.97822457e-09]
not reaching the requested tolerance 1e-09.
Use iteration 51 instead with accuracy 
2.978224570968619e-09.

  values, vectors = lobpcg(projected_hamiltonian, guess, largest=False,
/home/erosanow_hpc/informed_swapping/BARK.py:156: UserWarning: Exited postprocessing with accuracies 
[2.97822492e-09]
not reaching the requested tolerance 1e-09.
  values, vectors = lobpcg(projected_hamiltonian, guess, largest=False,
/home/erosanow_hpc/informed_swapping/BARK.py:156: UserWarning: Exited at iteration 50 with accuracies 
[4.04773434e-09]
not reaching the requested tolerance 1e-09.
Use iteration 51 instead with accuracy 
4.047734340097239e-09.

  values, vectors = lobpcg(projected_hamiltonian, guess, largest=False,
/home/erosanow_hpc/informed_swapping/BARK.py:156: UserWarning: Exited postprocessing with accuracies 
[4.04773494e-09]
not reaching the requested tolerance 1e-09.
  values, vectors = lobpcg(projected_hamiltonian, guess, largest=False,
/home/erosanow_hpc/informed_swapping/BARK.py:156: UserWarning: Exited at iteration 50 with accuracies 
[1.79021678e-09]
not reaching the requested tolerance 1e-09.
Use iteration 51 instead with accuracy 
1.7902167784470722e-09.

  values, vectors = lobpcg(projected_hamiltonian, guess, largest=False,
/home/erosanow_hpc/informed_swapping/BARK.py:156: UserWarning: Exited postprocessing with accuracies 
[1.79021673e-09]
not reaching the requested tolerance 1e-09.
  values, vectors = lobpcg(projected_hamiltonian, guess, largest=False,
/home/erosanow_hpc/informed_swapping/BARK.py:156: UserWarning: Exited at iteration 50 with accuracies 
[3.89648554e-09]
not reaching the requested tolerance 1e-09.
Use iteration 51 instead with accuracy 
3.89648553819569e-09.

  values, vectors = lobpcg(projected_hamiltonian, guess, largest=False,
/home/erosanow_hpc/informed_swapping/BARK.py:156: UserWarning: Exited postprocessing with accuracies 
[3.8964856e-09]
not reaching the requested tolerance 1e-09.
  values, vectors = lobpcg(projected_hamiltonian, guess, largest=False,
/home/erosanow_hpc/informed_swapping/BARK.py:156: UserWarning: Exited at iteration 50 with accuracies 
[4.15523536e-09]
not reaching the requested tolerance 1e-09.
Use iteration 51 instead with accuracy 
4.155235361884498e-09.

  values, vectors = lobpcg(projected_hamiltonian, guess, largest=False,
/home/erosanow_hpc/informed_swapping/BARK.py:156: UserWarning: Exited postprocessing with accuracies 
[4.15523541e-09]
not reaching the requested tolerance 1e-09.
  values, vectors = lobpcg(projected_hamiltonian, guess, largest=False,
/home/erosanow_hpc/informed_swapping/BARK.py:156: UserWarning: Exited at iteration 50 with accuracies 
[5.65445047e-09]
not reaching the requested tolerance 1e-09.
Use iteration 51 instead with accuracy 
5.654450467655248e-09.

  values, vectors = lobpcg(projected_hamiltonian, guess, largest=False,
/home/erosanow_hpc/informed_swapping/BARK.py:156: UserWarning: Exited postprocessing with accuracies 
[5.65445081e-09]
not reaching the requested tolerance 1e-09.
  values, vectors = lobpcg(projected_hamiltonian, guess, largest=False,
/home/erosanow_hpc/informed_swapping/BARK.py:156: UserWarning: Exited at iteration 50 with accuracies 
[1.63790658e-09]
not reaching the requested tolerance 1e-09.
Use iteration 51 instead with accuracy 
1.6379065800305673e-09.

  values, vectors = lobpcg(projected_hamiltonian, guess, largest=False,
/home/erosanow_hpc/informed_swapping/BARK.py:156: UserWarning: Exited postprocessing with accuracies 
[1.63790655e-09]
not reaching the requested tolerance 1e-09.
  values, vectors = lobpcg(projected_hamiltonian, guess, largest=False,
/home/erosanow_hpc/informed_swapping/BARK.py:156: UserWarning: Exited at iteration 50 with accuracies 
[1.08019702e-09]
not reaching the requested tolerance 1e-09.
Use iteration 51 instead with accuracy 
1.0801970211351116e-09.

  values, vectors = lobpcg(projected_hamiltonian, guess, largest=False,
/home/erosanow_hpc/informed_swapping/BARK.py:156: UserWarning: Exited postprocessing with accuracies 
[1.08019703e-09]
not reaching the requested tolerance 1e-09.
  values, vectors = lobpcg(projected_hamiltonian, guess, largest=False,
/home/erosanow_hpc/informed_swapping/BARK.py:156: UserWarning: Exited at iteration 50 with accuracies 
[1.25590049e-09]
not reaching the requested tolerance 1e-09.
Use iteration 51 instead with accuracy 
1.2559004868077056e-09.

  values, vectors = lobpcg(projected_hamiltonian, guess, largest=False,
/home/erosanow_hpc/informed_swapping/BARK.py:156: UserWarning: Exited postprocessing with accuracies 
[1.25590002e-09]
not reaching the requested tolerance 1e-09.
  values, vectors = lobpcg(projected_hamiltonian, guess, largest=False,
/home/erosanow_hpc/informed_swapping/BARK.py:156: UserWarning: Exited at iteration 50 with accuracies 
[1.18378741e-09]
not reaching the requested tolerance 1e-09.
Use iteration 51 instead with accuracy 
1.183787413154576e-09.

  values, vectors = lobpcg(projected_hamiltonian, guess, largest=False,
/home/erosanow_hpc/informed_swapping/BARK.py:156: UserWarning: Exited postprocessing with accuracies 
[1.18378781e-09]
not reaching the requested tolerance 1e-09.
  values, vectors = lobpcg(projected_hamiltonian, guess, largest=False,
/home/erosanow_hpc/informed_swapping/BARK.py:156: UserWarning: Exited at iteration 50 with accuracies 
[2.63431153e-09]
not reaching the requested tolerance 1e-09.
Use iteration 51 instead with accuracy 
2.6343115262691885e-09.

  values, vectors = lobpcg(projected_hamiltonian, guess, largest=False,
/home/erosanow_hpc/informed_swapping/BARK.py:156: UserWarning: Exited postprocessing with accuracies 
[2.63431197e-09]
not reaching the requested tolerance 1e-09.
  values, vectors = lobpcg(projected_hamiltonian, guess, largest=False,
/home/erosanow_hpc/informed_swapping/BARK.py:156: UserWarning: Exited at iteration 50 with accuracies 
[2.00124709e-09]
not reaching the requested tolerance 1e-09.
Use iteration 51 instead with accuracy 
2.0012470873151537e-09.

  values, vectors = lobpcg(projected_hamiltonian, guess, largest=False,
/home/erosanow_hpc/informed_swapping/BARK.py:156: UserWarning: Exited postprocessing with accuracies 
[2.00124699e-09]
not reaching the requested tolerance 1e-09.
  values, vectors = lobpcg(projected_hamiltonian, guess, largest=False,
/home/erosanow_hpc/informed_swapping/BARK.py:156: UserWarning: Exited at iteration 50 with accuracies 
[1.98278572e-09]
not reaching the requested tolerance 1e-09.
Use iteration 51 instead with accuracy 
1.982785724890042e-09.

  values, vectors = lobpcg(projected_hamiltonian, guess, largest=False,
/home/erosanow_hpc/informed_swapping/BARK.py:156: UserWarning: Exited postprocessing with accuracies 
[1.98278549e-09]
not reaching the requested tolerance 1e-09.
  values, vectors = lobpcg(projected_hamiltonian, guess, largest=False,
/home/erosanow_hpc/informed_swapping/BARK.py:156: UserWarning: Exited at iteration 50 with accuracies 
[2.41850662e-09]
not reaching the requested tolerance 1e-09.
Use iteration 51 instead with accuracy 
2.418506617743208e-09.

  values, vectors = lobpcg(projected_hamiltonian, guess, largest=False,
/home/erosanow_hpc/informed_swapping/BARK.py:156: UserWarning: Exited postprocessing with accuracies 
[2.41850683e-09]
not reaching the requested tolerance 1e-09.
  values, vectors = lobpcg(projected_hamiltonian, guess, largest=False,
/home/erosanow_hpc/informed_swapping/BARK.py:156: UserWarning: Exited at iteration 50 with accuracies 
[1.23432846e-09]
not reaching the requested tolerance 1e-09.
Use iteration 51 instead with accuracy 
1.234328461219302e-09.

  values, vectors = lobpcg(projected_hamiltonian, guess, largest=False,
/home/erosanow_hpc/informed_swapping/BARK.py:156: UserWarning: Exited postprocessing with accuracies 
[1.23432889e-09]
not reaching the requested tolerance 1e-09.
  values, vectors = lobpcg(projected_hamiltonian, guess, largest=False,
/home/erosanow_hpc/informed_swapping/BARK.py:156: UserWarning: Exited at iteration 50 with accuracies 
[2.84036676e-09]
not reaching the requested tolerance 1e-09.
Use iteration 51 instead with accuracy 
2.840366755342015e-09.

  values, vectors = lobpcg(projected_hamiltonian, guess, largest=False,
/home/erosanow_hpc/informed_swapping/BARK.py:156: UserWarning: Exited postprocessing with accuracies 
[2.84036662e-09]
not reaching the requested tolerance 1e-09.
  values, vectors = lobpcg(projected_hamiltonian, guess, largest=False,
/home/erosanow_hpc/informed_swapping/BARK.py:156: UserWarning: Exited at iteration 50 with accuracies 
[2.69897115e-09]
not reaching the requested tolerance 1e-09.
Use iteration 51 instead with accuracy 
2.6989711452435673e-09.

  values, vectors = lobpcg(projected_hamiltonian, guess, largest=False,
/home/erosanow_hpc/informed_swapping/BARK.py:156: UserWarning: Exited postprocessing with accuracies 
[2.6989712e-09]
not reaching the requested tolerance 1e-09.
  values, vectors = lobpcg(projected_hamiltonian, guess, largest=False,
/home/erosanow_hpc/informed_swapping/BARK.py:156: UserWarning: Exited at iteration 50 with accuracies 
[3.4019236e-09]
not reaching the requested tolerance 1e-09.
Use iteration 51 instead with accuracy 
3.4019235991718335e-09.

  values, vectors = lobpcg(projected_hamiltonian, guess, largest=False,
/home/erosanow_hpc/informed_swapping/BARK.py:156: UserWarning: Exited postprocessing with accuracies 
[3.40192366e-09]
not reaching the requested tolerance 1e-09.
  values, vectors = lobpcg(projected_hamiltonian, guess, largest=False,
/home/erosanow_hpc/informed_swapping/BARK.py:156: UserWarning: Exited at iteration 50 with accuracies 
[2.00851409e-09]
not reaching the requested tolerance 1e-09.
Use iteration 51 instead with accuracy 
2.0085140897430545e-09.

  values, vectors = lobpcg(projected_hamiltonian, guess, largest=False,
/home/erosanow_hpc/informed_swapping/BARK.py:156: UserWarning: Exited postprocessing with accuracies 
[2.00851388e-09]
not reaching the requested tolerance 1e-09.
  values, vectors = lobpcg(projected_hamiltonian, guess, largest=False,
/home/erosanow_hpc/informed_swapping/BARK.py:156: UserWarning: Exited at iteration 50 with accuracies 
[1.97214581e-09]
not reaching the requested tolerance 1e-09.
Use iteration 51 instead with accuracy 
1.9721458083585686e-09.

  values, vectors = lobpcg(projected_hamiltonian, guess, largest=False,
/home/erosanow_hpc/informed_swapping/BARK.py:156: UserWarning: Exited postprocessing with accuracies 
[1.97214575e-09]
not reaching the requested tolerance 1e-09.
  values, vectors = lobpcg(projected_hamiltonian, guess, largest=False,
/home/erosanow_hpc/informed_swapping/BARK.py:156: UserWarning: Exited at iteration 50 with accuracies 
[2.48280462e-09]
not reaching the requested tolerance 1e-09.
Use iteration 51 instead with accuracy 
2.482804624499721e-09.

  values, vectors = lobpcg(projected_hamiltonian, guess, largest=False,
/home/erosanow_hpc/informed_swapping/BARK.py:156: UserWarning: Exited postprocessing with accuracies 
[2.48280436e-09]
not reaching the requested tolerance 1e-09.
  values, vectors = lobpcg(projected_hamiltonian, guess, largest=False,
/home/erosanow_hpc/informed_swapping/BARK.py:156: UserWarning: Exited at iteration 50 with accuracies 
[1.57007581e-09]
not reaching the requested tolerance 1e-09.
Use iteration 51 instead with accuracy 
1.5700758085851048e-09.

  values, vectors = lobpcg(projected_hamiltonian, guess, largest=False,
/home/erosanow_hpc/informed_swapping/BARK.py:156: UserWarning: Exited postprocessing with accuracies 
[1.57007561e-09]
not reaching the requested tolerance 1e-09.
  values, vectors = lobpcg(projected_hamiltonian, guess, largest=False,
/home/erosanow_hpc/informed_swapping/BARK.py:156: UserWarning: Exited at iteration 50 with accuracies 
[3.40338481e-09]
not reaching the requested tolerance 1e-09.
Use iteration 51 instead with accuracy 
3.4033848093569262e-09.

  values, vectors = lobpcg(projected_hamiltonian, guess, largest=False,
/home/erosanow_hpc/informed_swapping/BARK.py:156: UserWarning: Exited postprocessing with accuracies 
[3.40338466e-09]
not reaching the requested tolerance 1e-09.
  values, vectors = lobpcg(projected_hamiltonian, guess, largest=False,
/home/erosanow_hpc/informed_swapping/BARK.py:156: UserWarning: Exited at iteration 50 with accuracies 
[3.21550321e-09]
not reaching the requested tolerance 1e-09.
Use iteration 51 instead with accuracy 
3.2155032140558592e-09.

  values, vectors = lobpcg(projected_hamiltonian, guess, largest=False,
/home/erosanow_hpc/informed_swapping/BARK.py:156: UserWarning: Exited postprocessing with accuracies 
[3.21550315e-09]
not reaching the requested tolerance 1e-09.
  values, vectors = lobpcg(projected_hamiltonian, guess, largest=False,
/home/erosanow_hpc/informed_swapping/BARK.py:156: UserWarning: Exited at iteration 50 with accuracies 
[4.37211624e-09]
not reaching the requested tolerance 1e-09.
Use iteration 51 instead with accuracy 
4.372116243709044e-09.

  values, vectors = lobpcg(projected_hamiltonian, guess, largest=False,
/home/erosanow_hpc/informed_swapping/BARK.py:156: UserWarning: Exited postprocessing with accuracies 
[4.37211584e-09]
not reaching the requested tolerance 1e-09.
  values, vectors = lobpcg(projected_hamiltonian, guess, largest=False,
/home/erosanow_hpc/informed_swapping/BARK.py:156: UserWarning: Exited at iteration 50 with accuracies 
[2.39074717e-09]
not reaching the requested tolerance 1e-09.
Use iteration 51 instead with accuracy 
2.390747174285027e-09.

  values, vectors = lobpcg(projected_hamiltonian, guess, largest=False,
/home/erosanow_hpc/informed_swapping/BARK.py:156: UserWarning: Exited postprocessing with accuracies 
[2.3907467e-09]
not reaching the requested tolerance 1e-09.
  values, vectors = lobpcg(projected_hamiltonian, guess, largest=False,
/home/erosanow_hpc/informed_swapping/BARK.py:156: UserWarning: Exited at iteration 50 with accuracies 
[2.97810794e-09]
not reaching the requested tolerance 1e-09.
Use iteration 51 instead with accuracy 
2.9781079441240075e-09.

  values, vectors = lobpcg(projected_hamiltonian, guess, largest=False,
/home/erosanow_hpc/informed_swapping/BARK.py:156: UserWarning: Exited postprocessing with accuracies 
[2.97810818e-09]
not reaching the requested tolerance 1e-09.
  values, vectors = lobpcg(projected_hamiltonian, guess, largest=False,
/home/erosanow_hpc/informed_swapping/BARK.py:156: UserWarning: Exited at iteration 50 with accuracies 
[2.97761077e-09]
not reaching the requested tolerance 1e-09.
Use iteration 51 instead with accuracy 
2.9776107656083397e-09.

  values, vectors = lobpcg(projected_hamiltonian, guess, largest=False,
/home/erosanow_hpc/informed_swapping/BARK.py:156: UserWarning: Exited postprocessing with accuracies 
[2.9776111e-09]
not reaching the requested tolerance 1e-09.
  values, vectors = lobpcg(projected_hamiltonian, guess, largest=False,
/home/erosanow_hpc/informed_swapping/BARK.py:156: UserWarning: Exited at iteration 50 with accuracies 
[6.35198747e-09]
not reaching the requested tolerance 1e-09.
Use iteration 51 instead with accuracy 
6.3519874692182475e-09.

  values, vectors = lobpcg(projected_hamiltonian, guess, largest=False,
/home/erosanow_hpc/informed_swapping/BARK.py:156: UserWarning: Exited postprocessing with accuracies 
[6.35198734e-09]
not reaching the requested tolerance 1e-09.
  values, vectors = lobpcg(projected_hamiltonian, guess, largest=False,
/home/erosanow_hpc/informed_swapping/BARK.py:156: UserWarning: Exited at iteration 50 with accuracies 
[3.52800205e-09]
not reaching the requested tolerance 1e-09.
Use iteration 51 instead with accuracy 
3.528002049018722e-09.

  values, vectors = lobpcg(projected_hamiltonian, guess, largest=False,
/home/erosanow_hpc/informed_swapping/BARK.py:156: UserWarning: Exited postprocessing with accuracies 
[3.528002e-09]
not reaching the requested tolerance 1e-09.
  values, vectors = lobpcg(projected_hamiltonian, guess, largest=False,
/home/erosanow_hpc/informed_swapping/BARK.py:156: UserWarning: Exited at iteration 50 with accuracies 
[4.59950465e-09]
not reaching the requested tolerance 1e-09.
Use iteration 51 instead with accuracy 
4.599504648553222e-09.

  values, vectors = lobpcg(projected_hamiltonian, guess, largest=False,
/home/erosanow_hpc/informed_swapping/BARK.py:156: UserWarning: Exited postprocessing with accuracies 
[4.59950491e-09]
not reaching the requested tolerance 1e-09.
  values, vectors = lobpcg(projected_hamiltonian, guess, largest=False,
/home/erosanow_hpc/informed_swapping/BARK.py:156: UserWarning: Exited at iteration 50 with accuracies 
[4.32701903e-09]
not reaching the requested tolerance 1e-09.
Use iteration 51 instead with accuracy 
4.327019030467077e-09.

  values, vectors = lobpcg(projected_hamiltonian, guess, largest=False,
/home/erosanow_hpc/informed_swapping/BARK.py:156: UserWarning: Exited postprocessing with accuracies 
[4.3270193e-09]
not reaching the requested tolerance 1e-09.
  values, vectors = lobpcg(projected_hamiltonian, guess, largest=False,
/home/erosanow_hpc/informed_swapping/BARK.py:156: UserWarning: Exited at iteration 50 with accuracies 
[8.88856442e-09]
not reaching the requested tolerance 1e-09.
Use iteration 51 instead with accuracy 
8.88856441778184e-09.

  values, vectors = lobpcg(projected_hamiltonian, guess, largest=False,
/home/erosanow_hpc/informed_swapping/BARK.py:156: UserWarning: Exited postprocessing with accuracies 
[8.88856383e-09]
not reaching the requested tolerance 1e-09.
  values, vectors = lobpcg(projected_hamiltonian, guess, largest=False,
/home/erosanow_hpc/informed_swapping/BARK.py:156: UserWarning: Exited at iteration 50 with accuracies 
[1.04571915e-09]
not reaching the requested tolerance 1e-09.
Use iteration 51 instead with accuracy 
1.0457191548433595e-09.

  values, vectors = lobpcg(projected_hamiltonian, guess, largest=False,
/home/erosanow_hpc/informed_swapping/BARK.py:156: UserWarning: Exited postprocessing with accuracies 
[1.04571871e-09]
not reaching the requested tolerance 1e-09.
  values, vectors = lobpcg(projected_hamiltonian, guess, largest=False,
/home/erosanow_hpc/informed_swapping/BARK.py:156: UserWarning: Exited at iteration 50 with accuracies 
[1.53118414e-09]
not reaching the requested tolerance 1e-09.
Use iteration 51 instead with accuracy 
1.531184139979735e-09.

  values, vectors = lobpcg(projected_hamiltonian, guess, largest=False,
/home/erosanow_hpc/informed_swapping/BARK.py:156: UserWarning: Exited postprocessing with accuracies 
[1.53118438e-09]
not reaching the requested tolerance 1e-09.
  values, vectors = lobpcg(projected_hamiltonian, guess, largest=False,
/home/erosanow_hpc/informed_swapping/BARK.py:156: UserWarning: Exited at iteration 50 with accuracies 
[2.63807778e-09]
not reaching the requested tolerance 1e-09.
Use iteration 51 instead with accuracy 
2.6380777768042105e-09.

  values, vectors = lobpcg(projected_hamiltonian, guess, largest=False,
/home/erosanow_hpc/informed_swapping/BARK.py:156: UserWarning: Exited postprocessing with accuracies 
[2.63807801e-09]
not reaching the requested tolerance 1e-09.
  values, vectors = lobpcg(projected_hamiltonian, guess, largest=False,
/home/erosanow_hpc/informed_swapping/BARK.py:156: UserWarning: Exited at iteration 50 with accuracies 
[3.09116429e-09]
not reaching the requested tolerance 1e-09.
Use iteration 51 instead with accuracy 
3.091164289050087e-09.

  values, vectors = lobpcg(projected_hamiltonian, guess, largest=False,
/home/erosanow_hpc/informed_swapping/BARK.py:156: UserWarning: Exited postprocessing with accuracies 
[3.0911642e-09]
not reaching the requested tolerance 1e-09.
  values, vectors = lobpcg(projected_hamiltonian, guess, largest=False,
/home/erosanow_hpc/informed_swapping/BARK.py:156: UserWarning: Exited at iteration 50 with accuracies 
[2.36778759e-09]
not reaching the requested tolerance 1e-09.
Use iteration 51 instead with accuracy 
2.367787586780797e-09.

  values, vectors = lobpcg(projected_hamiltonian, guess, largest=False,
/home/erosanow_hpc/informed_swapping/BARK.py:156: UserWarning: Exited postprocessing with accuracies 
[2.36778801e-09]
not reaching the requested tolerance 1e-09.
  values, vectors = lobpcg(projected_hamiltonian, guess, largest=False,
/home/erosanow_hpc/informed_swapping/BARK.py:156: UserWarning: Exited at iteration 50 with accuracies 
[3.10991604e-09]
not reaching the requested tolerance 1e-09.
Use iteration 51 instead with accuracy 
3.109916037727037e-09.

  values, vectors = lobpcg(projected_hamiltonian, guess, largest=False,
/home/erosanow_hpc/informed_swapping/BARK.py:156: UserWarning: Exited postprocessing with accuracies 
[3.10991633e-09]
not reaching the requested tolerance 1e-09.
  values, vectors = lobpcg(projected_hamiltonian, guess, largest=False,
/home/erosanow_hpc/informed_swapping/BARK.py:156: UserWarning: Exited at iteration 50 with accuracies 
[2.990119e-09]
not reaching the requested tolerance 1e-09.
Use iteration 51 instead with accuracy 
2.990119001309652e-09.

  values, vectors = lobpcg(projected_hamiltonian, guess, largest=False,
/home/erosanow_hpc/informed_swapping/BARK.py:156: UserWarning: Exited postprocessing with accuracies 
[2.99011913e-09]
not reaching the requested tolerance 1e-09.
  values, vectors = lobpcg(projected_hamiltonian, guess, largest=False,
/home/erosanow_hpc/informed_swapping/BARK.py:156: UserWarning: Exited at iteration 50 with accuracies 
[5.91695233e-09]
not reaching the requested tolerance 1e-09.
Use iteration 51 instead with accuracy 
5.9169523310809656e-09.

  values, vectors = lobpcg(projected_hamiltonian, guess, largest=False,
/home/erosanow_hpc/informed_swapping/BARK.py:156: UserWarning: Exited postprocessing with accuracies 
[5.9169523e-09]
not reaching the requested tolerance 1e-09.
  values, vectors = lobpcg(projected_hamiltonian, guess, largest=False,
/home/erosanow_hpc/informed_swapping/BARK.py:156: UserWarning: Exited at iteration 50 with accuracies 
[2.18534462e-09]
not reaching the requested tolerance 1e-09.
Use iteration 51 instead with accuracy 
2.1853446214283185e-09.

  values, vectors = lobpcg(projected_hamiltonian, guess, largest=False,
/home/erosanow_hpc/informed_swapping/BARK.py:156: UserWarning: Exited postprocessing with accuracies 
[2.18534387e-09]
not reaching the requested tolerance 1e-09.
  values, vectors = lobpcg(projected_hamiltonian, guess, largest=False,
/home/erosanow_hpc/informed_swapping/BARK.py:156: UserWarning: Exited at iteration 50 with accuracies 
[4.59781829e-09]
not reaching the requested tolerance 1e-09.
Use iteration 51 instead with accuracy 
4.597818286722593e-09.

  values, vectors = lobpcg(projected_hamiltonian, guess, largest=False,
/home/erosanow_hpc/informed_swapping/BARK.py:156: UserWarning: Exited postprocessing with accuracies 
[4.5978178e-09]
not reaching the requested tolerance 1e-09.
  values, vectors = lobpcg(projected_hamiltonian, guess, largest=False,
/home/erosanow_hpc/informed_swapping/BARK.py:156: UserWarning: Exited at iteration 50 with accuracies 
[4.35881124e-09]
not reaching the requested tolerance 1e-09.
Use iteration 51 instead with accuracy 
4.3588112448504216e-09.

  values, vectors = lobpcg(projected_hamiltonian, guess, largest=False,
/home/erosanow_hpc/informed_swapping/BARK.py:156: UserWarning: Exited postprocessing with accuracies 
[4.35881169e-09]
not reaching the requested tolerance 1e-09.
  values, vectors = lobpcg(projected_hamiltonian, guess, largest=False,
/home/erosanow_hpc/informed_swapping/BARK.py:156: UserWarning: Exited at iteration 50 with accuracies 
[5.86604479e-09]
not reaching the requested tolerance 1e-09.
Use iteration 51 instead with accuracy 
5.866044791971424e-09.

  values, vectors = lobpcg(projected_hamiltonian, guess, largest=False,
/home/erosanow_hpc/informed_swapping/BARK.py:156: UserWarning: Exited postprocessing with accuracies 
[5.86604485e-09]
not reaching the requested tolerance 1e-09.
  values, vectors = lobpcg(projected_hamiltonian, guess, largest=False,
/home/erosanow_hpc/informed_swapping/BARK.py:156: UserWarning: Exited at iteration 50 with accuracies 
[3.03648962e-09]
not reaching the requested tolerance 1e-09.
Use iteration 51 instead with accuracy 
3.0364896223364797e-09.

  values, vectors = lobpcg(projected_hamiltonian, guess, largest=False,
/home/erosanow_hpc/informed_swapping/BARK.py:156: UserWarning: Exited postprocessing with accuracies 
[3.03648955e-09]
not reaching the requested tolerance 1e-09.
  values, vectors = lobpcg(projected_hamiltonian, guess, largest=False,
/home/erosanow_hpc/informed_swapping/BARK.py:156: UserWarning: Exited at iteration 50 with accuracies 
[6.15063034e-09]
not reaching the requested tolerance 1e-09.
Use iteration 51 instead with accuracy 
6.150630342141448e-09.

  values, vectors = lobpcg(projected_hamiltonian, guess, largest=False,
/home/erosanow_hpc/informed_swapping/BARK.py:156: UserWarning: Exited postprocessing with accuracies 
[6.1506305e-09]
not reaching the requested tolerance 1e-09.
  values, vectors = lobpcg(projected_hamiltonian, guess, largest=False,
/home/erosanow_hpc/informed_swapping/BARK.py:156: UserWarning: Exited at iteration 50 with accuracies 
[6.31221667e-09]
not reaching the requested tolerance 1e-09.
Use iteration 51 instead with accuracy 
6.312216668958183e-09.

  values, vectors = lobpcg(projected_hamiltonian, guess, largest=False,
/home/erosanow_hpc/informed_swapping/BARK.py:156: UserWarning: Exited postprocessing with accuracies 
[6.31221643e-09]
not reaching the requested tolerance 1e-09.
  values, vectors = lobpcg(projected_hamiltonian, guess, largest=False,
/home/erosanow_hpc/informed_swapping/BARK.py:156: UserWarning: Exited at iteration 50 with accuracies 
[8.82201376e-09]
not reaching the requested tolerance 1e-09.
Use iteration 51 instead with accuracy 
8.822013758156838e-09.

  values, vectors = lobpcg(projected_hamiltonian, guess, largest=False,
/home/erosanow_hpc/informed_swapping/BARK.py:156: UserWarning: Exited postprocessing with accuracies 
[8.82201339e-09]
not reaching the requested tolerance 1e-09.
  values, vectors = lobpcg(projected_hamiltonian, guess, largest=False,
/home/erosanow_hpc/informed_swapping/BARK.py:156: UserWarning: Exited at iteration 50 with accuracies 
[2.40899874e-09]
not reaching the requested tolerance 1e-09.
Use iteration 51 instead with accuracy 
2.4089987367019838e-09.

  values, vectors = lobpcg(projected_hamiltonian, guess, largest=False,
/home/erosanow_hpc/informed_swapping/BARK.py:156: UserWarning: Exited postprocessing with accuracies 
[2.408999e-09]
not reaching the requested tolerance 1e-09.
  values, vectors = lobpcg(projected_hamiltonian, guess, largest=False,
/home/erosanow_hpc/informed_swapping/BARK.py:156: UserWarning: Exited at iteration 50 with accuracies 
[4.7466107e-09]
not reaching the requested tolerance 1e-09.
Use iteration 51 instead with accuracy 
4.746610704036345e-09.

  values, vectors = lobpcg(projected_hamiltonian, guess, largest=False,
/home/erosanow_hpc/informed_swapping/BARK.py:156: UserWarning: Exited postprocessing with accuracies 
[4.7466111e-09]
not reaching the requested tolerance 1e-09.
  values, vectors = lobpcg(projected_hamiltonian, guess, largest=False,
/home/erosanow_hpc/informed_swapping/BARK.py:156: UserWarning: Exited at iteration 50 with accuracies 
[4.50390722e-09]
not reaching the requested tolerance 1e-09.
Use iteration 51 instead with accuracy 
4.503907215633761e-09.

  values, vectors = lobpcg(projected_hamiltonian, guess, largest=False,
/home/erosanow_hpc/informed_swapping/BARK.py:156: UserWarning: Exited postprocessing with accuracies 
[4.50390745e-09]
not reaching the requested tolerance 1e-09.
  values, vectors = lobpcg(projected_hamiltonian, guess, largest=False,
/home/erosanow_hpc/informed_swapping/BARK.py:156: UserWarning: Exited at iteration 50 with accuracies 
[6.36344744e-09]
not reaching the requested tolerance 1e-09.
Use iteration 51 instead with accuracy 
6.363447435836217e-09.

  values, vectors = lobpcg(projected_hamiltonian, guess, largest=False,
/home/erosanow_hpc/informed_swapping/BARK.py:156: UserWarning: Exited postprocessing with accuracies 
[6.36344761e-09]
not reaching the requested tolerance 1e-09.
  values, vectors = lobpcg(projected_hamiltonian, guess, largest=False,
/home/erosanow_hpc/informed_swapping/BARK.py:156: UserWarning: Exited at iteration 50 with accuracies 
[4.68498016e-09]
not reaching the requested tolerance 1e-09.
Use iteration 51 instead with accuracy 
4.6849801596756405e-09.

  values, vectors = lobpcg(projected_hamiltonian, guess, largest=False,
/home/erosanow_hpc/informed_swapping/BARK.py:156: UserWarning: Exited postprocessing with accuracies 
[4.6849806e-09]
not reaching the requested tolerance 1e-09.
  values, vectors = lobpcg(projected_hamiltonian, guess, largest=False,
/home/erosanow_hpc/informed_swapping/BARK.py:156: UserWarning: Exited at iteration 50 with accuracies 
[8.90750944e-09]
not reaching the requested tolerance 1e-09.
Use iteration 51 instead with accuracy 
8.90750944449344e-09.

  values, vectors = lobpcg(projected_hamiltonian, guess, largest=False,
/home/erosanow_hpc/informed_swapping/BARK.py:156: UserWarning: Exited postprocessing with accuracies 
[8.90750951e-09]
not reaching the requested tolerance 1e-09.
  values, vectors = lobpcg(projected_hamiltonian, guess, largest=False,
/home/erosanow_hpc/informed_swapping/BARK.py:156: UserWarning: Exited at iteration 50 with accuracies 
[7.00907925e-09]
not reaching the requested tolerance 1e-09.
Use iteration 51 instead with accuracy 
7.009079250089428e-09.

  values, vectors = lobpcg(projected_hamiltonian, guess, largest=False,
/home/erosanow_hpc/informed_swapping/BARK.py:156: UserWarning: Exited postprocessing with accuracies 
[7.00907922e-09]
not reaching the requested tolerance 1e-09.
  values, vectors = lobpcg(projected_hamiltonian, guess, largest=False,
/home/erosanow_hpc/informed_swapping/BARK.py:156: UserWarning: Exited at iteration 50 with accuracies 
[1.03076018e-08]
not reaching the requested tolerance 1e-09.
Use iteration 51 instead with accuracy 
1.030760177816084e-08.

  values, vectors = lobpcg(projected_hamiltonian, guess, largest=False,
/home/erosanow_hpc/informed_swapping/BARK.py:156: UserWarning: Exited postprocessing with accuracies 
[1.03076016e-08]
not reaching the requested tolerance 1e-09.
  values, vectors = lobpcg(projected_hamiltonian, guess, largest=False,
/home/erosanow_hpc/informed_swapping/BARK.py:156: UserWarning: Exited at iteration 50 with accuracies 
[5.03429353e-09]
not reaching the requested tolerance 1e-09.
Use iteration 51 instead with accuracy 
5.034293528005431e-09.

  values, vectors = lobpcg(projected_hamiltonian, guess, largest=False,
/home/erosanow_hpc/informed_swapping/BARK.py:156: UserWarning: Exited postprocessing with accuracies 
[5.03429331e-09]
not reaching the requested tolerance 1e-09.
  values, vectors = lobpcg(projected_hamiltonian, guess, largest=False,
/home/erosanow_hpc/informed_swapping/BARK.py:156: UserWarning: Exited at iteration 50 with accuracies 
[6.81363218e-09]
not reaching the requested tolerance 1e-09.
Use iteration 51 instead with accuracy 
6.813632183302906e-09.

  values, vectors = lobpcg(projected_hamiltonian, guess, largest=False,
/home/erosanow_hpc/informed_swapping/BARK.py:156: UserWarning: Exited postprocessing with accuracies 
[6.81363227e-09]
not reaching the requested tolerance 1e-09.
  values, vectors = lobpcg(projected_hamiltonian, guess, largest=False,
/home/erosanow_hpc/informed_swapping/BARK.py:156: UserWarning: Exited at iteration 50 with accuracies 
[6.94933287e-09]
not reaching the requested tolerance 1e-09.
Use iteration 51 instead with accuracy 
6.949332874123143e-09.

  values, vectors = lobpcg(projected_hamiltonian, guess, largest=False,
/home/erosanow_hpc/informed_swapping/BARK.py:156: UserWarning: Exited postprocessing with accuracies 
[6.94933287e-09]
not reaching the requested tolerance 1e-09.
  values, vectors = lobpcg(projected_hamiltonian, guess, largest=False,
/home/erosanow_hpc/informed_swapping/BARK.py:156: UserWarning: Exited at iteration 50 with accuracies 
[1.34249718e-08]
not reaching the requested tolerance 1e-09.
Use iteration 51 instead with accuracy 
1.3424971777132857e-08.

  values, vectors = lobpcg(projected_hamiltonian, guess, largest=False,
/home/erosanow_hpc/informed_swapping/BARK.py:156: UserWarning: Exited postprocessing with accuracies 
[1.34249717e-08]
not reaching the requested tolerance 1e-09.
  values, vectors = lobpcg(projected_hamiltonian, guess, largest=False,
/home/erosanow_hpc/informed_swapping/BARK.py:156: UserWarning: Exited at iteration 50 with accuracies 
[9.10659911e-09]
not reaching the requested tolerance 1e-09.
Use iteration 51 instead with accuracy 
9.106599108351063e-09.

  values, vectors = lobpcg(projected_hamiltonian, guess, largest=False,
/home/erosanow_hpc/informed_swapping/BARK.py:156: UserWarning: Exited postprocessing with accuracies 
[9.10659912e-09]
not reaching the requested tolerance 1e-09.
  values, vectors = lobpcg(projected_hamiltonian, guess, largest=False,
/home/erosanow_hpc/informed_swapping/BARK.py:156: UserWarning: Exited at iteration 50 with accuracies 
[1.3264957e-08]
not reaching the requested tolerance 1e-09.
Use iteration 51 instead with accuracy 
1.326495702835526e-08.

  values, vectors = lobpcg(projected_hamiltonian, guess, largest=False,
/home/erosanow_hpc/informed_swapping/BARK.py:156: UserWarning: Exited postprocessing with accuracies 
[1.32649564e-08]
not reaching the requested tolerance 1e-09.
  values, vectors = lobpcg(projected_hamiltonian, guess, largest=False,
/home/erosanow_hpc/informed_swapping/BARK.py:156: UserWarning: Exited at iteration 50 with accuracies 
[1.25153976e-08]
not reaching the requested tolerance 1e-09.
Use iteration 51 instead with accuracy 
1.2515397564380808e-08.

  values, vectors = lobpcg(projected_hamiltonian, guess, largest=False,
/home/erosanow_hpc/informed_swapping/BARK.py:156: UserWarning: Exited postprocessing with accuracies 
[1.25153974e-08]
not reaching the requested tolerance 1e-09.
  values, vectors = lobpcg(projected_hamiltonian, guess, largest=False,
/home/erosanow_hpc/informed_swapping/BARK.py:156: UserWarning: Exited at iteration 50 with accuracies 
[2.42517166e-08]
not reaching the requested tolerance 1e-09.
Use iteration 51 instead with accuracy 
2.425171663388893e-08.

  values, vectors = lobpcg(projected_hamiltonian, guess, largest=False,
/home/erosanow_hpc/informed_swapping/BARK.py:156: UserWarning: Exited postprocessing with accuracies 
[2.42517162e-08]
not reaching the requested tolerance 1e-09.
  values, vectors = lobpcg(projected_hamiltonian, guess, largest=False,
/home/erosanow_hpc/informed_swapping/BARK.py:156: UserWarning: Exited at iteration 50 with accuracies 
[1.01439039e-09]
not reaching the requested tolerance 1e-09.
Use iteration 51 instead with accuracy 
1.0143903942256267e-09.

  values, vectors = lobpcg(projected_hamiltonian, guess, largest=False,
/home/erosanow_hpc/informed_swapping/BARK.py:156: UserWarning: Exited postprocessing with accuracies 
[1.01439022e-09]
not reaching the requested tolerance 1e-09.
  values, vectors = lobpcg(projected_hamiltonian, guess, largest=False,
/home/erosanow_hpc/informed_swapping/BARK.py:156: UserWarning: Exited at iteration 50 with accuracies 
[1.28918289e-09]
not reaching the requested tolerance 1e-09.
Use iteration 51 instead with accuracy 
1.2891828930660266e-09.

  values, vectors = lobpcg(projected_hamiltonian, guess, largest=False,
/home/erosanow_hpc/informed_swapping/BARK.py:156: UserWarning: Exited postprocessing with accuracies 
[1.28918265e-09]
not reaching the requested tolerance 1e-09.
  values, vectors = lobpcg(projected_hamiltonian, guess, largest=False,
/home/erosanow_hpc/informed_swapping/BARK.py:156: UserWarning: Exited at iteration 50 with accuracies 
[1.35910688e-09]
not reaching the requested tolerance 1e-09.
Use iteration 51 instead with accuracy 
1.359106882575376e-09.

  values, vectors = lobpcg(projected_hamiltonian, guess, largest=False,
/home/erosanow_hpc/informed_swapping/BARK.py:156: UserWarning: Exited postprocessing with accuracies 
[1.35910692e-09]
not reaching the requested tolerance 1e-09.
  values, vectors = lobpcg(projected_hamiltonian, guess, largest=False,
/home/erosanow_hpc/informed_swapping/BARK.py:156: UserWarning: Exited at iteration 50 with accuracies 
[1.00868946e-09]
not reaching the requested tolerance 1e-09.
Use iteration 51 instead with accuracy 
1.0086894622684864e-09.

  values, vectors = lobpcg(projected_hamiltonian, guess, largest=False,
/home/erosanow_hpc/informed_swapping/BARK.py:156: UserWarning: Exited postprocessing with accuracies 
[1.00869009e-09]
not reaching the requested tolerance 1e-09.
  values, vectors = lobpcg(projected_hamiltonian, guess, largest=False,
/home/erosanow_hpc/informed_swapping/BARK.py:156: UserWarning: Exited at iteration 50 with accuracies 
[2.39662853e-09]
not reaching the requested tolerance 1e-09.
Use iteration 51 instead with accuracy 
2.3966285272308418e-09.

  values, vectors = lobpcg(projected_hamiltonian, guess, largest=False,
/home/erosanow_hpc/informed_swapping/BARK.py:156: UserWarning: Exited postprocessing with accuracies 
[2.39662856e-09]
not reaching the requested tolerance 1e-09.
  values, vectors = lobpcg(projected_hamiltonian, guess, largest=False,
/home/erosanow_hpc/informed_swapping/BARK.py:156: UserWarning: Exited at iteration 50 with accuracies 
[2.13327646e-09]
not reaching the requested tolerance 1e-09.
Use iteration 51 instead with accuracy 
2.133276458642754e-09.

  values, vectors = lobpcg(projected_hamiltonian, guess, largest=False,
/home/erosanow_hpc/informed_swapping/BARK.py:156: UserWarning: Exited postprocessing with accuracies 
[2.13327667e-09]
not reaching the requested tolerance 1e-09.
  values, vectors = lobpcg(projected_hamiltonian, guess, largest=False,
/home/erosanow_hpc/informed_swapping/BARK.py:156: UserWarning: Exited at iteration 50 with accuracies 
[1.87291012e-09]
not reaching the requested tolerance 1e-09.
Use iteration 51 instead with accuracy 
1.8729101209257367e-09.

  values, vectors = lobpcg(projected_hamiltonian, guess, largest=False,
/home/erosanow_hpc/informed_swapping/BARK.py:156: UserWarning: Exited postprocessing with accuracies 
[1.87291018e-09]
not reaching the requested tolerance 1e-09.
  values, vectors = lobpcg(projected_hamiltonian, guess, largest=False,
/home/erosanow_hpc/informed_swapping/BARK.py:156: UserWarning: Exited at iteration 50 with accuracies 
[1.48606797e-09]
not reaching the requested tolerance 1e-09.
Use iteration 51 instead with accuracy 
1.4860679729193033e-09.

  values, vectors = lobpcg(projected_hamiltonian, guess, largest=False,
/home/erosanow_hpc/informed_swapping/BARK.py:156: UserWarning: Exited postprocessing with accuracies 
[1.48606767e-09]
not reaching the requested tolerance 1e-09.
  values, vectors = lobpcg(projected_hamiltonian, guess, largest=False,
/home/erosanow_hpc/informed_swapping/BARK.py:156: UserWarning: Exited at iteration 50 with accuracies 
[1.12116809e-09]
not reaching the requested tolerance 1e-09.
Use iteration 51 instead with accuracy 
1.1211680879319388e-09.

  values, vectors = lobpcg(projected_hamiltonian, guess, largest=False,
/home/erosanow_hpc/informed_swapping/BARK.py:156: UserWarning: Exited postprocessing with accuracies 
[1.12116806e-09]
not reaching the requested tolerance 1e-09.
  values, vectors = lobpcg(projected_hamiltonian, guess, largest=False,
/home/erosanow_hpc/informed_swapping/BARK.py:156: UserWarning: Exited at iteration 50 with accuracies 
[3.73367533e-09]
not reaching the requested tolerance 1e-09.
Use iteration 51 instead with accuracy 
3.733675326885285e-09.

  values, vectors = lobpcg(projected_hamiltonian, guess, largest=False,
/home/erosanow_hpc/informed_swapping/BARK.py:156: UserWarning: Exited postprocessing with accuracies 
[3.7336761e-09]
not reaching the requested tolerance 1e-09.
  values, vectors = lobpcg(projected_hamiltonian, guess, largest=False,
/home/erosanow_hpc/informed_swapping/BARK.py:156: UserWarning: Exited at iteration 50 with accuracies 
[1.00753745e-09]
not reaching the requested tolerance 1e-09.
Use iteration 51 instead with accuracy 
1.0075374525006473e-09.

  values, vectors = lobpcg(projected_hamiltonian, guess, largest=False,
/home/erosanow_hpc/informed_swapping/BARK.py:156: UserWarning: Exited postprocessing with accuracies 
[1.00753773e-09]
not reaching the requested tolerance 1e-09.
  values, vectors = lobpcg(projected_hamiltonian, guess, largest=False,
/home/erosanow_hpc/informed_swapping/BARK.py:156: UserWarning: Exited at iteration 50 with accuracies 
[1.05047389e-09]
not reaching the requested tolerance 1e-09.
Use iteration 51 instead with accuracy 
1.0504738857959841e-09.

  values, vectors = lobpcg(projected_hamiltonian, guess, largest=False,
/home/erosanow_hpc/informed_swapping/BARK.py:156: UserWarning: Exited postprocessing with accuracies 
[1.05047333e-09]
not reaching the requested tolerance 1e-09.
  values, vectors = lobpcg(projected_hamiltonian, guess, largest=False,
/home/erosanow_hpc/informed_swapping/BARK.py:156: UserWarning: Exited at iteration 50 with accuracies 
[2.52803416e-09]
not reaching the requested tolerance 1e-09.
Use iteration 51 instead with accuracy 
2.528034161480514e-09.

  values, vectors = lobpcg(projected_hamiltonian, guess, largest=False,
/home/erosanow_hpc/informed_swapping/BARK.py:156: UserWarning: Exited postprocessing with accuracies 
[2.52803377e-09]
not reaching the requested tolerance 1e-09.
  values, vectors = lobpcg(projected_hamiltonian, guess, largest=False,
/home/erosanow_hpc/informed_swapping/BARK.py:156: UserWarning: Exited at iteration 50 with accuracies 
[1.16254528e-09]
not reaching the requested tolerance 1e-09.
Use iteration 51 instead with accuracy 
1.1625452815107237e-09.

  values, vectors = lobpcg(projected_hamiltonian, guess, largest=False,
/home/erosanow_hpc/informed_swapping/BARK.py:156: UserWarning: Exited postprocessing with accuracies 
[1.1625453e-09]
not reaching the requested tolerance 1e-09.
  values, vectors = lobpcg(projected_hamiltonian, guess, largest=False,
/home/erosanow_hpc/informed_swapping/BARK.py:156: UserWarning: Exited at iteration 50 with accuracies 
[1.99336628e-09]
not reaching the requested tolerance 1e-09.
Use iteration 51 instead with accuracy 
1.9933662790455056e-09.

  values, vectors = lobpcg(projected_hamiltonian, guess, largest=False,
/home/erosanow_hpc/informed_swapping/BARK.py:156: UserWarning: Exited postprocessing with accuracies 
[1.99336652e-09]
not reaching the requested tolerance 1e-09.
  values, vectors = lobpcg(projected_hamiltonian, guess, largest=False,
/home/erosanow_hpc/informed_swapping/BARK.py:156: UserWarning: Exited at iteration 50 with accuracies 
[1.56052724e-09]
not reaching the requested tolerance 1e-09.
Use iteration 51 instead with accuracy 
1.5605272390969042e-09.

  values, vectors = lobpcg(projected_hamiltonian, guess, largest=False,
/home/erosanow_hpc/informed_swapping/BARK.py:156: UserWarning: Exited postprocessing with accuracies 
[1.56052713e-09]
not reaching the requested tolerance 1e-09.
  values, vectors = lobpcg(projected_hamiltonian, guess, largest=False,
/home/erosanow_hpc/informed_swapping/BARK.py:156: UserWarning: Exited at iteration 50 with accuracies 
[2.60019615e-09]
not reaching the requested tolerance 1e-09.
Use iteration 51 instead with accuracy 
2.6001961473915217e-09.

  values, vectors = lobpcg(projected_hamiltonian, guess, largest=False,
/home/erosanow_hpc/informed_swapping/BARK.py:156: UserWarning: Exited postprocessing with accuracies 
[2.60019621e-09]
not reaching the requested tolerance 1e-09.
  values, vectors = lobpcg(projected_hamiltonian, guess, largest=False,
/home/erosanow_hpc/informed_swapping/BARK.py:156: UserWarning: Exited at iteration 50 with accuracies 
[1.03749734e-09]
not reaching the requested tolerance 1e-09.
Use iteration 51 instead with accuracy 
1.0374973447044128e-09.

  values, vectors = lobpcg(projected_hamiltonian, guess, largest=False,
/home/erosanow_hpc/informed_swapping/BARK.py:156: UserWarning: Exited postprocessing with accuracies 
[1.03749709e-09]
not reaching the requested tolerance 1e-09.
  values, vectors = lobpcg(projected_hamiltonian, guess, largest=False,
/home/erosanow_hpc/informed_swapping/BARK.py:156: UserWarning: Exited at iteration 50 with accuracies 
[2.40879106e-09]
not reaching the requested tolerance 1e-09.
Use iteration 51 instead with accuracy 
2.4087910583560047e-09.

  values, vectors = lobpcg(projected_hamiltonian, guess, largest=False,
/home/erosanow_hpc/informed_swapping/BARK.py:156: UserWarning: Exited postprocessing with accuracies 
[2.40879135e-09]
not reaching the requested tolerance 1e-09.
  values, vectors = lobpcg(projected_hamiltonian, guess, largest=False,
/home/erosanow_hpc/informed_swapping/BARK.py:156: UserWarning: Exited at iteration 50 with accuracies 
[2.29125402e-09]
not reaching the requested tolerance 1e-09.
Use iteration 51 instead with accuracy 
2.2912540234381167e-09.

  values, vectors = lobpcg(projected_hamiltonian, guess, largest=False,
/home/erosanow_hpc/informed_swapping/BARK.py:156: UserWarning: Exited postprocessing with accuracies 
[2.291254e-09]
not reaching the requested tolerance 1e-09.
  values, vectors = lobpcg(projected_hamiltonian, guess, largest=False,
/home/erosanow_hpc/informed_swapping/BARK.py:156: UserWarning: Exited at iteration 50 with accuracies 
[2.30565668e-09]
not reaching the requested tolerance 1e-09.
Use iteration 51 instead with accuracy 
2.305656681497217e-09.

  values, vectors = lobpcg(projected_hamiltonian, guess, largest=False,
/home/erosanow_hpc/informed_swapping/BARK.py:156: UserWarning: Exited postprocessing with accuracies 
[2.30565679e-09]
not reaching the requested tolerance 1e-09.
  values, vectors = lobpcg(projected_hamiltonian, guess, largest=False,
/home/erosanow_hpc/informed_swapping/BARK.py:156: UserWarning: Exited at iteration 50 with accuracies 
[2.25024926e-09]
not reaching the requested tolerance 1e-09.
Use iteration 51 instead with accuracy 
2.2502492637552947e-09.

  values, vectors = lobpcg(projected_hamiltonian, guess, largest=False,
/home/erosanow_hpc/informed_swapping/BARK.py:156: UserWarning: Exited postprocessing with accuracies 
[2.2502491e-09]
not reaching the requested tolerance 1e-09.
  values, vectors = lobpcg(projected_hamiltonian, guess, largest=False,
/home/erosanow_hpc/informed_swapping/BARK.py:156: UserWarning: Exited at iteration 50 with accuracies 
[2.12980552e-09]
not reaching the requested tolerance 1e-09.
Use iteration 51 instead with accuracy 
2.1298055236190554e-09.

  values, vectors = lobpcg(projected_hamiltonian, guess, largest=False,
/home/erosanow_hpc/informed_swapping/BARK.py:156: UserWarning: Exited postprocessing with accuracies 
[2.12980544e-09]
not reaching the requested tolerance 1e-09.
  values, vectors = lobpcg(projected_hamiltonian, guess, largest=False,
/home/erosanow_hpc/informed_swapping/BARK.py:156: UserWarning: Exited at iteration 50 with accuracies 
[2.43143035e-09]
not reaching the requested tolerance 1e-09.
Use iteration 51 instead with accuracy 
2.431430351765604e-09.

  values, vectors = lobpcg(projected_hamiltonian, guess, largest=False,
/home/erosanow_hpc/informed_swapping/BARK.py:156: UserWarning: Exited postprocessing with accuracies 
[2.43142978e-09]
not reaching the requested tolerance 1e-09.
  values, vectors = lobpcg(projected_hamiltonian, guess, largest=False,
/home/erosanow_hpc/informed_swapping/BARK.py:156: UserWarning: Exited at iteration 50 with accuracies 
[1.84604258e-09]
not reaching the requested tolerance 1e-09.
Use iteration 51 instead with accuracy 
1.8460425785427165e-09.

  values, vectors = lobpcg(projected_hamiltonian, guess, largest=False,
/home/erosanow_hpc/informed_swapping/BARK.py:156: UserWarning: Exited postprocessing with accuracies 
[1.84604277e-09]
not reaching the requested tolerance 1e-09.
  values, vectors = lobpcg(projected_hamiltonian, guess, largest=False,
/home/erosanow_hpc/informed_swapping/BARK.py:156: UserWarning: Exited at iteration 50 with accuracies 
[1.80180308e-09]
not reaching the requested tolerance 1e-09.
Use iteration 51 instead with accuracy 
1.8018030841313817e-09.

  values, vectors = lobpcg(projected_hamiltonian, guess, largest=False,
/home/erosanow_hpc/informed_swapping/BARK.py:156: UserWarning: Exited postprocessing with accuracies 
[1.80180295e-09]
not reaching the requested tolerance 1e-09.
  values, vectors = lobpcg(projected_hamiltonian, guess, largest=False,
/home/erosanow_hpc/informed_swapping/BARK.py:156: UserWarning: Exited at iteration 50 with accuracies 
[1.16178152e-09]
not reaching the requested tolerance 1e-09.
Use iteration 51 instead with accuracy 
1.1617815221689882e-09.

  values, vectors = lobpcg(projected_hamiltonian, guess, largest=False,
/home/erosanow_hpc/informed_swapping/BARK.py:156: UserWarning: Exited postprocessing with accuracies 
[1.16178125e-09]
not reaching the requested tolerance 1e-09.
  values, vectors = lobpcg(projected_hamiltonian, guess, largest=False,
/home/erosanow_hpc/informed_swapping/BARK.py:156: UserWarning: Exited at iteration 50 with accuracies 
[3.83005599e-09]
not reaching the requested tolerance 1e-09.
Use iteration 51 instead with accuracy 
3.8300559861917804e-09.

  values, vectors = lobpcg(projected_hamiltonian, guess, largest=False,
/home/erosanow_hpc/informed_swapping/BARK.py:156: UserWarning: Exited postprocessing with accuracies 
[3.83005663e-09]
not reaching the requested tolerance 1e-09.
  values, vectors = lobpcg(projected_hamiltonian, guess, largest=False,
/home/erosanow_hpc/informed_swapping/BARK.py:156: UserWarning: Exited at iteration 50 with accuracies 
[1.16469575e-09]
not reaching the requested tolerance 1e-09.
Use iteration 51 instead with accuracy 
1.1646957460257212e-09.

  values, vectors = lobpcg(projected_hamiltonian, guess, largest=False,
/home/erosanow_hpc/informed_swapping/BARK.py:156: UserWarning: Exited postprocessing with accuracies 
[1.16469588e-09]
not reaching the requested tolerance 1e-09.
  values, vectors = lobpcg(projected_hamiltonian, guess, largest=False,
/home/erosanow_hpc/informed_swapping/BARK.py:156: UserWarning: Exited at iteration 50 with accuracies 
[1.6623513e-09]
not reaching the requested tolerance 1e-09.
Use iteration 51 instead with accuracy 
1.6623513012591901e-09.

  values, vectors = lobpcg(projected_hamiltonian, guess, largest=False,
/home/erosanow_hpc/informed_swapping/BARK.py:156: UserWarning: Exited postprocessing with accuracies 
[1.66235178e-09]
not reaching the requested tolerance 1e-09.
  values, vectors = lobpcg(projected_hamiltonian, guess, largest=False,
/home/erosanow_hpc/informed_swapping/BARK.py:156: UserWarning: Exited at iteration 50 with accuracies 
[1.1312771e-09]
not reaching the requested tolerance 1e-09.
Use iteration 51 instead with accuracy 
1.1312770995147876e-09.

  values, vectors = lobpcg(projected_hamiltonian, guess, largest=False,
/home/erosanow_hpc/informed_swapping/BARK.py:156: UserWarning: Exited postprocessing with accuracies 
[1.13127681e-09]
not reaching the requested tolerance 1e-09.
  values, vectors = lobpcg(projected_hamiltonian, guess, largest=False,
/home/erosanow_hpc/informed_swapping/BARK.py:156: UserWarning: Exited at iteration 50 with accuracies 
[1.27227118e-09]
not reaching the requested tolerance 1e-09.
Use iteration 51 instead with accuracy 
1.2722711765628684e-09.

  values, vectors = lobpcg(projected_hamiltonian, guess, largest=False,
/home/erosanow_hpc/informed_swapping/BARK.py:156: UserWarning: Exited postprocessing with accuracies 
[1.27227181e-09]
not reaching the requested tolerance 1e-09.
  values, vectors = lobpcg(projected_hamiltonian, guess, largest=False,
/home/erosanow_hpc/informed_swapping/BARK.py:156: UserWarning: Exited at iteration 50 with accuracies 
[3.04523789e-09]
not reaching the requested tolerance 1e-09.
Use iteration 51 instead with accuracy 
3.0452378906172095e-09.

  values, vectors = lobpcg(projected_hamiltonian, guess, largest=False,
/home/erosanow_hpc/informed_swapping/BARK.py:156: UserWarning: Exited postprocessing with accuracies 
[3.04523853e-09]
not reaching the requested tolerance 1e-09.
  values, vectors = lobpcg(projected_hamiltonian, guess, largest=False,
/home/erosanow_hpc/informed_swapping/BARK.py:156: UserWarning: Exited at iteration 50 with accuracies 
[3.08121072e-09]
not reaching the requested tolerance 1e-09.
Use iteration 51 instead with accuracy 
3.081210724528003e-09.

  values, vectors = lobpcg(projected_hamiltonian, guess, largest=False,
/home/erosanow_hpc/informed_swapping/BARK.py:156: UserWarning: Exited postprocessing with accuracies 
[3.0812111e-09]
not reaching the requested tolerance 1e-09.
  values, vectors = lobpcg(projected_hamiltonian, guess, largest=False,
/home/erosanow_hpc/informed_swapping/BARK.py:156: UserWarning: Exited at iteration 50 with accuracies 
[3.35320101e-09]
not reaching the requested tolerance 1e-09.
Use iteration 51 instead with accuracy 
3.3532010120609587e-09.

  values, vectors = lobpcg(projected_hamiltonian, guess, largest=False,
/home/erosanow_hpc/informed_swapping/BARK.py:156: UserWarning: Exited postprocessing with accuracies 
[3.35320138e-09]
not reaching the requested tolerance 1e-09.
  values, vectors = lobpcg(projected_hamiltonian, guess, largest=False,
/home/erosanow_hpc/informed_swapping/BARK.py:156: UserWarning: Exited at iteration 50 with accuracies 
[2.34430005e-09]
not reaching the requested tolerance 1e-09.
Use iteration 51 instead with accuracy 
2.3443000521993333e-09.

  values, vectors = lobpcg(projected_hamiltonian, guess, largest=False,
/home/erosanow_hpc/informed_swapping/BARK.py:156: UserWarning: Exited postprocessing with accuracies 
[2.34430008e-09]
not reaching the requested tolerance 1e-09.
  values, vectors = lobpcg(projected_hamiltonian, guess, largest=False,
/home/erosanow_hpc/informed_swapping/BARK.py:156: UserWarning: Exited at iteration 50 with accuracies 
[2.36921843e-09]
not reaching the requested tolerance 1e-09.
Use iteration 51 instead with accuracy 
2.3692184298041617e-09.

  values, vectors = lobpcg(projected_hamiltonian, guess, largest=False,
/home/erosanow_hpc/informed_swapping/BARK.py:156: UserWarning: Exited postprocessing with accuracies 
[2.36921867e-09]
not reaching the requested tolerance 1e-09.
  values, vectors = lobpcg(projected_hamiltonian, guess, largest=False,
/home/erosanow_hpc/informed_swapping/BARK.py:156: UserWarning: Exited at iteration 50 with accuracies 
[2.15317704e-09]
not reaching the requested tolerance 1e-09.
Use iteration 51 instead with accuracy 
2.153177036271231e-09.

  values, vectors = lobpcg(projected_hamiltonian, guess, largest=False,
/home/erosanow_hpc/informed_swapping/BARK.py:156: UserWarning: Exited postprocessing with accuracies 
[2.15317695e-09]
not reaching the requested tolerance 1e-09.
  values, vectors = lobpcg(projected_hamiltonian, guess, largest=False,
/home/erosanow_hpc/informed_swapping/BARK.py:156: UserWarning: Exited at iteration 50 with accuracies 
[5.5914703e-09]
not reaching the requested tolerance 1e-09.
Use iteration 51 instead with accuracy 
5.591470295021773e-09.

  values, vectors = lobpcg(projected_hamiltonian, guess, largest=False,
/home/erosanow_hpc/informed_swapping/BARK.py:156: UserWarning: Exited postprocessing with accuracies 
[5.5914703e-09]
not reaching the requested tolerance 1e-09.
  values, vectors = lobpcg(projected_hamiltonian, guess, largest=False,
/home/erosanow_hpc/informed_swapping/BARK.py:156: UserWarning: Exited at iteration 50 with accuracies 
[3.15869787e-09]
not reaching the requested tolerance 1e-09.
Use iteration 51 instead with accuracy 
3.158697871599128e-09.

  values, vectors = lobpcg(projected_hamiltonian, guess, largest=False,
/home/erosanow_hpc/informed_swapping/BARK.py:156: UserWarning: Exited postprocessing with accuracies 
[3.15869793e-09]
not reaching the requested tolerance 1e-09.
  values, vectors = lobpcg(projected_hamiltonian, guess, largest=False,
/home/erosanow_hpc/informed_swapping/BARK.py:156: UserWarning: Exited at iteration 50 with accuracies 
[3.26484633e-09]
not reaching the requested tolerance 1e-09.
Use iteration 51 instead with accuracy 
3.2648463349572028e-09.

  values, vectors = lobpcg(projected_hamiltonian, guess, largest=False,
/home/erosanow_hpc/informed_swapping/BARK.py:156: UserWarning: Exited postprocessing with accuracies 
[3.26484599e-09]
not reaching the requested tolerance 1e-09.
  values, vectors = lobpcg(projected_hamiltonian, guess, largest=False,
/home/erosanow_hpc/informed_swapping/BARK.py:156: UserWarning: Exited at iteration 50 with accuracies 
[3.48040677e-09]
not reaching the requested tolerance 1e-09.
Use iteration 51 instead with accuracy 
3.4804067722685956e-09.

  values, vectors = lobpcg(projected_hamiltonian, guess, largest=False,
/home/erosanow_hpc/informed_swapping/BARK.py:156: UserWarning: Exited postprocessing with accuracies 
[3.4804065e-09]
not reaching the requested tolerance 1e-09.
  values, vectors = lobpcg(projected_hamiltonian, guess, largest=False,
/home/erosanow_hpc/informed_swapping/BARK.py:156: UserWarning: Exited at iteration 50 with accuracies 
[8.44728469e-09]
not reaching the requested tolerance 1e-09.
Use iteration 51 instead with accuracy 
8.447284692031924e-09.

  values, vectors = lobpcg(projected_hamiltonian, guess, largest=False,
/home/erosanow_hpc/informed_swapping/BARK.py:156: UserWarning: Exited postprocessing with accuracies 
[8.44728503e-09]
not reaching the requested tolerance 1e-09.
  values, vectors = lobpcg(projected_hamiltonian, guess, largest=False,
/home/erosanow_hpc/informed_swapping/BARK.py:156: UserWarning: Exited at iteration 50 with accuracies 
[1.17218157e-09]
not reaching the requested tolerance 1e-09.
Use iteration 51 instead with accuracy 
1.1721815745260696e-09.

  values, vectors = lobpcg(projected_hamiltonian, guess, largest=False,
/home/erosanow_hpc/informed_swapping/BARK.py:156: UserWarning: Exited postprocessing with accuracies 
[1.17218088e-09]
not reaching the requested tolerance 1e-09.
  values, vectors = lobpcg(projected_hamiltonian, guess, largest=False,
/home/erosanow_hpc/informed_swapping/BARK.py:156: UserWarning: Exited at iteration 50 with accuracies 
[1.20793252e-09]
not reaching the requested tolerance 1e-09.
Use iteration 51 instead with accuracy 
1.207932515361821e-09.

  values, vectors = lobpcg(projected_hamiltonian, guess, largest=False,
/home/erosanow_hpc/informed_swapping/BARK.py:156: UserWarning: Exited postprocessing with accuracies 
[1.20793263e-09]
not reaching the requested tolerance 1e-09.
  values, vectors = lobpcg(projected_hamiltonian, guess, largest=False,
/home/erosanow_hpc/informed_swapping/BARK.py:156: UserWarning: Exited at iteration 50 with accuracies 
[1.13264515e-09]
not reaching the requested tolerance 1e-09.
Use iteration 51 instead with accuracy 
1.1326451454890478e-09.

  values, vectors = lobpcg(projected_hamiltonian, guess, largest=False,
/home/erosanow_hpc/informed_swapping/BARK.py:156: UserWarning: Exited postprocessing with accuracies 
[1.13264505e-09]
not reaching the requested tolerance 1e-09.
  values, vectors = lobpcg(projected_hamiltonian, guess, largest=False,
/home/erosanow_hpc/informed_swapping/BARK.py:156: UserWarning: Exited at iteration 50 with accuracies 
[2.1626931e-09]
not reaching the requested tolerance 1e-09.
Use iteration 51 instead with accuracy 
2.162693097660887e-09.

  values, vectors = lobpcg(projected_hamiltonian, guess, largest=False,
/home/erosanow_hpc/informed_swapping/BARK.py:156: UserWarning: Exited postprocessing with accuracies 
[2.16269298e-09]
not reaching the requested tolerance 1e-09.
  values, vectors = lobpcg(projected_hamiltonian, guess, largest=False,
/home/erosanow_hpc/informed_swapping/BARK.py:156: UserWarning: Exited at iteration 50 with accuracies 
[1.19429478e-09]
not reaching the requested tolerance 1e-09.
Use iteration 51 instead with accuracy 
1.1942947801549504e-09.

  values, vectors = lobpcg(projected_hamiltonian, guess, largest=False,
/home/erosanow_hpc/informed_swapping/BARK.py:156: UserWarning: Exited postprocessing with accuracies 
[1.19429501e-09]
not reaching the requested tolerance 1e-09.
  values, vectors = lobpcg(projected_hamiltonian, guess, largest=False,
/home/erosanow_hpc/informed_swapping/BARK.py:156: UserWarning: Exited at iteration 50 with accuracies 
[2.56162737e-09]
not reaching the requested tolerance 1e-09.
Use iteration 51 instead with accuracy 
2.5616273652975556e-09.

  values, vectors = lobpcg(projected_hamiltonian, guess, largest=False,
/home/erosanow_hpc/informed_swapping/BARK.py:156: UserWarning: Exited postprocessing with accuracies 
[2.56162688e-09]
not reaching the requested tolerance 1e-09.
  values, vectors = lobpcg(projected_hamiltonian, guess, largest=False,
/home/erosanow_hpc/informed_swapping/BARK.py:156: UserWarning: Exited at iteration 50 with accuracies 
[1.7509759e-09]
not reaching the requested tolerance 1e-09.
Use iteration 51 instead with accuracy 
1.750975901125945e-09.

  values, vectors = lobpcg(projected_hamiltonian, guess, largest=False,
/home/erosanow_hpc/informed_swapping/BARK.py:156: UserWarning: Exited postprocessing with accuracies 
[1.75097581e-09]
not reaching the requested tolerance 1e-09.
  values, vectors = lobpcg(projected_hamiltonian, guess, largest=False,
/home/erosanow_hpc/informed_swapping/BARK.py:156: UserWarning: Exited at iteration 50 with accuracies 
[1.026275e-09]
not reaching the requested tolerance 1e-09.
Use iteration 51 instead with accuracy 
1.0262749957492288e-09.

  values, vectors = lobpcg(projected_hamiltonian, guess, largest=False,
/home/erosanow_hpc/informed_swapping/BARK.py:156: UserWarning: Exited postprocessing with accuracies 
[1.02627499e-09]
not reaching the requested tolerance 1e-09.
  values, vectors = lobpcg(projected_hamiltonian, guess, largest=False,
/home/erosanow_hpc/informed_swapping/BARK.py:156: UserWarning: Exited at iteration 50 with accuracies 
[1.18744608e-09]
not reaching the requested tolerance 1e-09.
Use iteration 51 instead with accuracy 
1.1874460812128327e-09.

  values, vectors = lobpcg(projected_hamiltonian, guess, largest=False,
/home/erosanow_hpc/informed_swapping/BARK.py:156: UserWarning: Exited postprocessing with accuracies 
[1.18744649e-09]
not reaching the requested tolerance 1e-09.
  values, vectors = lobpcg(projected_hamiltonian, guess, largest=False,
/home/erosanow_hpc/informed_swapping/BARK.py:156: UserWarning: Exited at iteration 50 with accuracies 
[3.03480931e-09]
not reaching the requested tolerance 1e-09.
Use iteration 51 instead with accuracy 
3.034809314030129e-09.

  values, vectors = lobpcg(projected_hamiltonian, guess, largest=False,
/home/erosanow_hpc/informed_swapping/BARK.py:156: UserWarning: Exited postprocessing with accuracies 
[3.03480875e-09]
not reaching the requested tolerance 1e-09.
  values, vectors = lobpcg(projected_hamiltonian, guess, largest=False,
/home/erosanow_hpc/informed_swapping/BARK.py:156: UserWarning: Exited at iteration 50 with accuracies 
[2.93054699e-09]
not reaching the requested tolerance 1e-09.
Use iteration 51 instead with accuracy 
2.9305469898526196e-09.

  values, vectors = lobpcg(projected_hamiltonian, guess, largest=False,
/home/erosanow_hpc/informed_swapping/BARK.py:156: UserWarning: Exited postprocessing with accuracies 
[2.93054681e-09]
not reaching the requested tolerance 1e-09.
  values, vectors = lobpcg(projected_hamiltonian, guess, largest=False,
/home/erosanow_hpc/informed_swapping/BARK.py:156: UserWarning: Exited at iteration 50 with accuracies 
[2.16534399e-09]
not reaching the requested tolerance 1e-09.
Use iteration 51 instead with accuracy 
2.165343990853886e-09.

  values, vectors = lobpcg(projected_hamiltonian, guess, largest=False,
/home/erosanow_hpc/informed_swapping/BARK.py:156: UserWarning: Exited postprocessing with accuracies 
[2.16534413e-09]
not reaching the requested tolerance 1e-09.
  values, vectors = lobpcg(projected_hamiltonian, guess, largest=False,
/home/erosanow_hpc/informed_swapping/BARK.py:156: UserWarning: Exited at iteration 50 with accuracies 
[1.04146411e-09]
not reaching the requested tolerance 1e-09.
Use iteration 51 instead with accuracy 
1.0414641077186548e-09.

  values, vectors = lobpcg(projected_hamiltonian, guess, largest=False,
/home/erosanow_hpc/informed_swapping/BARK.py:156: UserWarning: Exited postprocessing with accuracies 
[1.04146449e-09]
not reaching the requested tolerance 1e-09.
  values, vectors = lobpcg(projected_hamiltonian, guess, largest=False,
/home/erosanow_hpc/informed_swapping/BARK.py:156: UserWarning: Exited at iteration 50 with accuracies 
[2.68953786e-09]
not reaching the requested tolerance 1e-09.
Use iteration 51 instead with accuracy 
2.6895378645948917e-09.

  values, vectors = lobpcg(projected_hamiltonian, guess, largest=False,
/home/erosanow_hpc/informed_swapping/BARK.py:156: UserWarning: Exited postprocessing with accuracies 
[2.68953799e-09]
not reaching the requested tolerance 1e-09.
  values, vectors = lobpcg(projected_hamiltonian, guess, largest=False,
/home/erosanow_hpc/informed_swapping/BARK.py:156: UserWarning: Exited at iteration 50 with accuracies 
[1.6652575e-09]
not reaching the requested tolerance 1e-09.
Use iteration 51 instead with accuracy 
1.6652574975437444e-09.

  values, vectors = lobpcg(projected_hamiltonian, guess, largest=False,
/home/erosanow_hpc/informed_swapping/BARK.py:156: UserWarning: Exited postprocessing with accuracies 
[1.66525746e-09]
not reaching the requested tolerance 1e-09.
  values, vectors = lobpcg(projected_hamiltonian, guess, largest=False,
/home/erosanow_hpc/informed_swapping/BARK.py:156: UserWarning: Exited at iteration 50 with accuracies 
[1.14517529e-09]
not reaching the requested tolerance 1e-09.
Use iteration 51 instead with accuracy 
1.145175289189992e-09.

  values, vectors = lobpcg(projected_hamiltonian, guess, largest=False,
/home/erosanow_hpc/informed_swapping/BARK.py:156: UserWarning: Exited postprocessing with accuracies 
[1.14517558e-09]
not reaching the requested tolerance 1e-09.
  values, vectors = lobpcg(projected_hamiltonian, guess, largest=False,
/home/erosanow_hpc/informed_swapping/BARK.py:156: UserWarning: Exited at iteration 50 with accuracies 
[1.03766056e-09]
not reaching the requested tolerance 1e-09.
Use iteration 51 instead with accuracy 
1.0376605610841268e-09.

  values, vectors = lobpcg(projected_hamiltonian, guess, largest=False,
/home/erosanow_hpc/informed_swapping/BARK.py:156: UserWarning: Exited postprocessing with accuracies 
[1.03766084e-09]
not reaching the requested tolerance 1e-09.
  values, vectors = lobpcg(projected_hamiltonian, guess, largest=False,
/home/erosanow_hpc/informed_swapping/BARK.py:156: UserWarning: Exited at iteration 50 with accuracies 
[3.82217762e-09]
not reaching the requested tolerance 1e-09.
Use iteration 51 instead with accuracy 
3.822177621708597e-09.

  values, vectors = lobpcg(projected_hamiltonian, guess, largest=False,
/home/erosanow_hpc/informed_swapping/BARK.py:156: UserWarning: Exited postprocessing with accuracies 
[3.8221775e-09]
not reaching the requested tolerance 1e-09.
  values, vectors = lobpcg(projected_hamiltonian, guess, largest=False,
/home/erosanow_hpc/informed_swapping/BARK.py:156: UserWarning: Exited at iteration 50 with accuracies 
[2.71415059e-09]
not reaching the requested tolerance 1e-09.
Use iteration 51 instead with accuracy 
2.714150589452044e-09.

  values, vectors = lobpcg(projected_hamiltonian, guess, largest=False,
/home/erosanow_hpc/informed_swapping/BARK.py:156: UserWarning: Exited postprocessing with accuracies 
[2.71415021e-09]
not reaching the requested tolerance 1e-09.
  values, vectors = lobpcg(projected_hamiltonian, guess, largest=False,
/home/erosanow_hpc/informed_swapping/BARK.py:156: UserWarning: Exited at iteration 50 with accuracies 
[3.61463081e-09]
not reaching the requested tolerance 1e-09.
Use iteration 51 instead with accuracy 
3.6146308106618144e-09.

  values, vectors = lobpcg(projected_hamiltonian, guess, largest=False,
/home/erosanow_hpc/informed_swapping/BARK.py:156: UserWarning: Exited postprocessing with accuracies 
[3.61463105e-09]
not reaching the requested tolerance 1e-09.
  values, vectors = lobpcg(projected_hamiltonian, guess, largest=False,
/home/erosanow_hpc/informed_swapping/BARK.py:156: UserWarning: Exited at iteration 50 with accuracies 
[2.19021442e-09]
not reaching the requested tolerance 1e-09.
Use iteration 51 instead with accuracy 
2.190214416312111e-09.

  values, vectors = lobpcg(projected_hamiltonian, guess, largest=False,
/home/erosanow_hpc/informed_swapping/BARK.py:156: UserWarning: Exited postprocessing with accuracies 
[2.19021483e-09]
not reaching the requested tolerance 1e-09.
  values, vectors = lobpcg(projected_hamiltonian, guess, largest=False,
/home/erosanow_hpc/informed_swapping/BARK.py:156: UserWarning: Exited at iteration 50 with accuracies 
[3.2551139e-09]
not reaching the requested tolerance 1e-09.
Use iteration 51 instead with accuracy 
3.255113904123454e-09.

  values, vectors = lobpcg(projected_hamiltonian, guess, largest=False,
/home/erosanow_hpc/informed_swapping/BARK.py:156: UserWarning: Exited postprocessing with accuracies 
[3.25511382e-09]
not reaching the requested tolerance 1e-09.
  values, vectors = lobpcg(projected_hamiltonian, guess, largest=False,
/home/erosanow_hpc/informed_swapping/BARK.py:156: UserWarning: Exited at iteration 50 with accuracies 
[1.80992493e-09]
not reaching the requested tolerance 1e-09.
Use iteration 51 instead with accuracy 
1.8099249256302833e-09.

  values, vectors = lobpcg(projected_hamiltonian, guess, largest=False,
/home/erosanow_hpc/informed_swapping/BARK.py:156: UserWarning: Exited postprocessing with accuracies 
[1.80992492e-09]
not reaching the requested tolerance 1e-09.
  values, vectors = lobpcg(projected_hamiltonian, guess, largest=False,
/home/erosanow_hpc/informed_swapping/BARK.py:156: UserWarning: Exited at iteration 50 with accuracies 
[2.49052994e-09]
not reaching the requested tolerance 1e-09.
Use iteration 51 instead with accuracy 
2.490529942955134e-09.

  values, vectors = lobpcg(projected_hamiltonian, guess, largest=False,
/home/erosanow_hpc/informed_swapping/BARK.py:156: UserWarning: Exited postprocessing with accuracies 
[2.49052992e-09]
not reaching the requested tolerance 1e-09.
  values, vectors = lobpcg(projected_hamiltonian, guess, largest=False,
/home/erosanow_hpc/informed_swapping/BARK.py:156: UserWarning: Exited at iteration 50 with accuracies 
[2.47752626e-09]
not reaching the requested tolerance 1e-09.
Use iteration 51 instead with accuracy 
2.4775262606574284e-09.

  values, vectors = lobpcg(projected_hamiltonian, guess, largest=False,
/home/erosanow_hpc/informed_swapping/BARK.py:156: UserWarning: Exited postprocessing with accuracies 
[2.47752605e-09]
not reaching the requested tolerance 1e-09.
  values, vectors = lobpcg(projected_hamiltonian, guess, largest=False,
/home/erosanow_hpc/informed_swapping/BARK.py:156: UserWarning: Exited at iteration 50 with accuracies 
[2.56658018e-09]
not reaching the requested tolerance 1e-09.
Use iteration 51 instead with accuracy 
2.5665801800199558e-09.

  values, vectors = lobpcg(projected_hamiltonian, guess, largest=False,
/home/erosanow_hpc/informed_swapping/BARK.py:156: UserWarning: Exited postprocessing with accuracies 
[2.56658017e-09]
not reaching the requested tolerance 1e-09.
  values, vectors = lobpcg(projected_hamiltonian, guess, largest=False,
/home/erosanow_hpc/informed_swapping/BARK.py:156: UserWarning: Exited at iteration 50 with accuracies 
[1.73043324e-09]
not reaching the requested tolerance 1e-09.
Use iteration 51 instead with accuracy 
1.7304332409337791e-09.

  values, vectors = lobpcg(projected_hamiltonian, guess, largest=False,
/home/erosanow_hpc/informed_swapping/BARK.py:156: UserWarning: Exited postprocessing with accuracies 
[1.7304335e-09]
not reaching the requested tolerance 1e-09.
  values, vectors = lobpcg(projected_hamiltonian, guess, largest=False,
/home/erosanow_hpc/informed_swapping/BARK.py:156: UserWarning: Exited at iteration 50 with accuracies 
[2.63012065e-09]
not reaching the requested tolerance 1e-09.
Use iteration 51 instead with accuracy 
2.6301206517007237e-09.

  values, vectors = lobpcg(projected_hamiltonian, guess, largest=False,
/home/erosanow_hpc/informed_swapping/BARK.py:156: UserWarning: Exited postprocessing with accuracies 
[2.63012043e-09]
not reaching the requested tolerance 1e-09.
  values, vectors = lobpcg(projected_hamiltonian, guess, largest=False,
/home/erosanow_hpc/informed_swapping/BARK.py:156: UserWarning: Exited at iteration 50 with accuracies 
[1.87205291e-09]
not reaching the requested tolerance 1e-09.
Use iteration 51 instead with accuracy 
1.8720529050892904e-09.

  values, vectors = lobpcg(projected_hamiltonian, guess, largest=False,
/home/erosanow_hpc/informed_swapping/BARK.py:156: UserWarning: Exited postprocessing with accuracies 
[1.87205286e-09]
not reaching the requested tolerance 1e-09.
  values, vectors = lobpcg(projected_hamiltonian, guess, largest=False,
/home/erosanow_hpc/informed_swapping/BARK.py:156: UserWarning: Exited at iteration 50 with accuracies 
[1.73951757e-09]
not reaching the requested tolerance 1e-09.
Use iteration 51 instead with accuracy 
1.7395175690775484e-09.

  values, vectors = lobpcg(projected_hamiltonian, guess, largest=False,
/home/erosanow_hpc/informed_swapping/BARK.py:156: UserWarning: Exited postprocessing with accuracies 
[1.73951735e-09]
not reaching the requested tolerance 1e-09.
  values, vectors = lobpcg(projected_hamiltonian, guess, largest=False,
/home/erosanow_hpc/informed_swapping/BARK.py:156: UserWarning: Exited at iteration 50 with accuracies 
[6.08306291e-09]
not reaching the requested tolerance 1e-09.
Use iteration 51 instead with accuracy 
6.083062908019115e-09.

  values, vectors = lobpcg(projected_hamiltonian, guess, largest=False,
/home/erosanow_hpc/informed_swapping/BARK.py:156: UserWarning: Exited postprocessing with accuracies 
[6.0830632e-09]
not reaching the requested tolerance 1e-09.
  values, vectors = lobpcg(projected_hamiltonian, guess, largest=False,
/home/erosanow_hpc/informed_swapping/BARK.py:156: UserWarning: Exited at iteration 50 with accuracies 
[2.82686267e-09]
not reaching the requested tolerance 1e-09.
Use iteration 51 instead with accuracy 
2.8268626718561606e-09.

  values, vectors = lobpcg(projected_hamiltonian, guess, largest=False,
/home/erosanow_hpc/informed_swapping/BARK.py:156: UserWarning: Exited postprocessing with accuracies 
[2.82686313e-09]
not reaching the requested tolerance 1e-09.
  values, vectors = lobpcg(projected_hamiltonian, guess, largest=False,
/home/erosanow_hpc/informed_swapping/BARK.py:156: UserWarning: Exited at iteration 50 with accuracies 
[4.1535454e-09]
not reaching the requested tolerance 1e-09.
Use iteration 51 instead with accuracy 
4.153545404650065e-09.

  values, vectors = lobpcg(projected_hamiltonian, guess, largest=False,
/home/erosanow_hpc/informed_swapping/BARK.py:156: UserWarning: Exited postprocessing with accuracies 
[4.15354516e-09]
not reaching the requested tolerance 1e-09.
  values, vectors = lobpcg(projected_hamiltonian, guess, largest=False,
/home/erosanow_hpc/informed_swapping/BARK.py:156: UserWarning: Exited at iteration 50 with accuracies 
[2.35110334e-09]
not reaching the requested tolerance 1e-09.
Use iteration 51 instead with accuracy 
2.351103342171654e-09.

  values, vectors = lobpcg(projected_hamiltonian, guess, largest=False,
/home/erosanow_hpc/informed_swapping/BARK.py:156: UserWarning: Exited postprocessing with accuracies 
[2.35110321e-09]
not reaching the requested tolerance 1e-09.
  values, vectors = lobpcg(projected_hamiltonian, guess, largest=False,
/home/erosanow_hpc/informed_swapping/BARK.py:156: UserWarning: Exited at iteration 50 with accuracies 
[3.66312607e-09]
not reaching the requested tolerance 1e-09.
Use iteration 51 instead with accuracy 
3.6631260695420017e-09.

  values, vectors = lobpcg(projected_hamiltonian, guess, largest=False,
/home/erosanow_hpc/informed_swapping/BARK.py:156: UserWarning: Exited postprocessing with accuracies 
[3.66312663e-09]
not reaching the requested tolerance 1e-09.
  values, vectors = lobpcg(projected_hamiltonian, guess, largest=False,
/home/erosanow_hpc/informed_swapping/BARK.py:156: UserWarning: Exited at iteration 50 with accuracies 
[3.63560347e-09]
not reaching the requested tolerance 1e-09.
Use iteration 51 instead with accuracy 
3.6356034652350018e-09.

  values, vectors = lobpcg(projected_hamiltonian, guess, largest=False,
/home/erosanow_hpc/informed_swapping/BARK.py:156: UserWarning: Exited postprocessing with accuracies 
[3.63560328e-09]
not reaching the requested tolerance 1e-09.
  values, vectors = lobpcg(projected_hamiltonian, guess, largest=False,
/home/erosanow_hpc/informed_swapping/BARK.py:156: UserWarning: Exited at iteration 50 with accuracies 
[2.63142964e-09]
not reaching the requested tolerance 1e-09.
Use iteration 51 instead with accuracy 
2.631429637706233e-09.

  values, vectors = lobpcg(projected_hamiltonian, guess, largest=False,
/home/erosanow_hpc/informed_swapping/BARK.py:156: UserWarning: Exited postprocessing with accuracies 
[2.63142996e-09]
not reaching the requested tolerance 1e-09.
  values, vectors = lobpcg(projected_hamiltonian, guess, largest=False,
/home/erosanow_hpc/informed_swapping/BARK.py:156: UserWarning: Exited at iteration 50 with accuracies 
[3.04062438e-09]
not reaching the requested tolerance 1e-09.
Use iteration 51 instead with accuracy 
3.0406243834338487e-09.

  values, vectors = lobpcg(projected_hamiltonian, guess, largest=False,
/home/erosanow_hpc/informed_swapping/BARK.py:156: UserWarning: Exited postprocessing with accuracies 
[3.04062454e-09]
not reaching the requested tolerance 1e-09.
  values, vectors = lobpcg(projected_hamiltonian, guess, largest=False,
/home/erosanow_hpc/informed_swapping/BARK.py:156: UserWarning: Exited at iteration 50 with accuracies 
[9.68011611e-09]
not reaching the requested tolerance 1e-09.
Use iteration 51 instead with accuracy 
9.680116114381923e-09.

  values, vectors = lobpcg(projected_hamiltonian, guess, largest=False,
/home/erosanow_hpc/informed_swapping/BARK.py:156: UserWarning: Exited postprocessing with accuracies 
[9.68011665e-09]
not reaching the requested tolerance 1e-09.
  values, vectors = lobpcg(projected_hamiltonian, guess, largest=False,
/home/erosanow_hpc/informed_swapping/BARK.py:156: UserWarning: Exited at iteration 50 with accuracies 
[2.26651185e-09]
not reaching the requested tolerance 1e-09.
Use iteration 51 instead with accuracy 
2.2665118493325513e-09.

  values, vectors = lobpcg(projected_hamiltonian, guess, largest=False,
/home/erosanow_hpc/informed_swapping/BARK.py:156: UserWarning: Exited postprocessing with accuracies 
[2.26651148e-09]
not reaching the requested tolerance 1e-09.
  values, vectors = lobpcg(projected_hamiltonian, guess, largest=False,
/home/erosanow_hpc/informed_swapping/BARK.py:156: UserWarning: Exited at iteration 50 with accuracies 
[1.73162038e-09]
not reaching the requested tolerance 1e-09.
Use iteration 51 instead with accuracy 
1.7316203775256039e-09.

  values, vectors = lobpcg(projected_hamiltonian, guess, largest=False,
/home/erosanow_hpc/informed_swapping/BARK.py:156: UserWarning: Exited postprocessing with accuracies 
[1.73162094e-09]
not reaching the requested tolerance 1e-09.
  values, vectors = lobpcg(projected_hamiltonian, guess, largest=False,
/home/erosanow_hpc/informed_swapping/BARK.py:156: UserWarning: Exited at iteration 50 with accuracies 
[1.26709066e-09]
not reaching the requested tolerance 1e-09.
Use iteration 51 instead with accuracy 
1.2670906627326011e-09.

  values, vectors = lobpcg(projected_hamiltonian, guess, largest=False,
/home/erosanow_hpc/informed_swapping/BARK.py:156: UserWarning: Exited postprocessing with accuracies 
[1.26709095e-09]
not reaching the requested tolerance 1e-09.
  values, vectors = lobpcg(projected_hamiltonian, guess, largest=False,
/home/erosanow_hpc/informed_swapping/BARK.py:156: UserWarning: Exited at iteration 50 with accuracies 
[3.31810306e-09]
not reaching the requested tolerance 1e-09.
Use iteration 51 instead with accuracy 
3.318103059710851e-09.

  values, vectors = lobpcg(projected_hamiltonian, guess, largest=False,
/home/erosanow_hpc/informed_swapping/BARK.py:156: UserWarning: Exited postprocessing with accuracies 
[3.3181035e-09]
not reaching the requested tolerance 1e-09.
  values, vectors = lobpcg(projected_hamiltonian, guess, largest=False,
/home/erosanow_hpc/informed_swapping/BARK.py:156: UserWarning: Exited at iteration 50 with accuracies 
[2.68755091e-09]
not reaching the requested tolerance 1e-09.
Use iteration 51 instead with accuracy 
2.6875509078608857e-09.

  values, vectors = lobpcg(projected_hamiltonian, guess, largest=False,
/home/erosanow_hpc/informed_swapping/BARK.py:156: UserWarning: Exited postprocessing with accuracies 
[2.68755167e-09]
not reaching the requested tolerance 1e-09.
  values, vectors = lobpcg(projected_hamiltonian, guess, largest=False,
/home/erosanow_hpc/informed_swapping/BARK.py:156: UserWarning: Exited at iteration 50 with accuracies 
[2.59170286e-09]
not reaching the requested tolerance 1e-09.
Use iteration 51 instead with accuracy 
2.591702861067385e-09.

  values, vectors = lobpcg(projected_hamiltonian, guess, largest=False,
/home/erosanow_hpc/informed_swapping/BARK.py:156: UserWarning: Exited postprocessing with accuracies 
[2.59170297e-09]
not reaching the requested tolerance 1e-09.
  values, vectors = lobpcg(projected_hamiltonian, guess, largest=False,
/home/erosanow_hpc/informed_swapping/BARK.py:156: UserWarning: Exited at iteration 50 with accuracies 
[1.84137396e-09]
not reaching the requested tolerance 1e-09.
Use iteration 51 instead with accuracy 
1.8413739578808351e-09.

  values, vectors = lobpcg(projected_hamiltonian, guess, largest=False,
/home/erosanow_hpc/informed_swapping/BARK.py:156: UserWarning: Exited postprocessing with accuracies 
[1.84137409e-09]
not reaching the requested tolerance 1e-09.
  values, vectors = lobpcg(projected_hamiltonian, guess, largest=False,
/home/erosanow_hpc/informed_swapping/BARK.py:156: UserWarning: Exited at iteration 50 with accuracies 
[1.3643823e-09]
not reaching the requested tolerance 1e-09.
Use iteration 51 instead with accuracy 
1.3643823025113025e-09.

  values, vectors = lobpcg(projected_hamiltonian, guess, largest=False,
/home/erosanow_hpc/informed_swapping/BARK.py:156: UserWarning: Exited postprocessing with accuracies 
[1.36438217e-09]
not reaching the requested tolerance 1e-09.
  values, vectors = lobpcg(projected_hamiltonian, guess, largest=False,
/home/erosanow_hpc/informed_swapping/BARK.py:156: UserWarning: Exited at iteration 50 with accuracies 
[4.79889372e-09]
not reaching the requested tolerance 1e-09.
Use iteration 51 instead with accuracy 
4.798893720467146e-09.

  values, vectors = lobpcg(projected_hamiltonian, guess, largest=False,
/home/erosanow_hpc/informed_swapping/BARK.py:156: UserWarning: Exited postprocessing with accuracies 
[4.79889405e-09]
not reaching the requested tolerance 1e-09.
  values, vectors = lobpcg(projected_hamiltonian, guess, largest=False,
/home/erosanow_hpc/informed_swapping/BARK.py:156: UserWarning: Exited at iteration 50 with accuracies 
[3.79006537e-09]
not reaching the requested tolerance 1e-09.
Use iteration 51 instead with accuracy 
3.790065374744746e-09.

  values, vectors = lobpcg(projected_hamiltonian, guess, largest=False,
/home/erosanow_hpc/informed_swapping/BARK.py:156: UserWarning: Exited postprocessing with accuracies 
[3.79006514e-09]
not reaching the requested tolerance 1e-09.
  values, vectors = lobpcg(projected_hamiltonian, guess, largest=False,
/home/erosanow_hpc/informed_swapping/BARK.py:156: UserWarning: Exited at iteration 50 with accuracies 
[2.87417438e-09]
not reaching the requested tolerance 1e-09.
Use iteration 51 instead with accuracy 
2.874174379638773e-09.

  values, vectors = lobpcg(projected_hamiltonian, guess, largest=False,
/home/erosanow_hpc/informed_swapping/BARK.py:156: UserWarning: Exited postprocessing with accuracies 
[2.87417499e-09]
not reaching the requested tolerance 1e-09.
  values, vectors = lobpcg(projected_hamiltonian, guess, largest=False,
/home/erosanow_hpc/informed_swapping/BARK.py:156: UserWarning: Exited at iteration 50 with accuracies 
[1.95923416e-09]
not reaching the requested tolerance 1e-09.
Use iteration 51 instead with accuracy 
1.9592341646843974e-09.

  values, vectors = lobpcg(projected_hamiltonian, guess, largest=False,
/home/erosanow_hpc/informed_swapping/BARK.py:156: UserWarning: Exited postprocessing with accuracies 
[1.9592345e-09]
not reaching the requested tolerance 1e-09.
  values, vectors = lobpcg(projected_hamiltonian, guess, largest=False,
/home/erosanow_hpc/informed_swapping/BARK.py:156: UserWarning: Exited at iteration 50 with accuracies 
[1.46521589e-09]
not reaching the requested tolerance 1e-09.
Use iteration 51 instead with accuracy 
1.4652158877236644e-09.

  values, vectors = lobpcg(projected_hamiltonian, guess, largest=False,
/home/erosanow_hpc/informed_swapping/BARK.py:156: UserWarning: Exited postprocessing with accuracies 
[1.46521614e-09]
not reaching the requested tolerance 1e-09.
  values, vectors = lobpcg(projected_hamiltonian, guess, largest=False,
/home/erosanow_hpc/informed_swapping/BARK.py:156: UserWarning: Exited at iteration 50 with accuracies 
[1.40361724e-09]
not reaching the requested tolerance 1e-09.
Use iteration 51 instead with accuracy 
1.4036172437383945e-09.

  values, vectors = lobpcg(projected_hamiltonian, guess, largest=False,
/home/erosanow_hpc/informed_swapping/BARK.py:156: UserWarning: Exited postprocessing with accuracies 
[1.40361745e-09]
not reaching the requested tolerance 1e-09.
  values, vectors = lobpcg(projected_hamiltonian, guess, largest=False,
/home/erosanow_hpc/informed_swapping/BARK.py:156: UserWarning: Exited at iteration 50 with accuracies 
[4.65952917e-09]
not reaching the requested tolerance 1e-09.
Use iteration 51 instead with accuracy 
4.659529165895879e-09.

  values, vectors = lobpcg(projected_hamiltonian, guess, largest=False,
/home/erosanow_hpc/informed_swapping/BARK.py:156: UserWarning: Exited postprocessing with accuracies 
[4.6595293e-09]
not reaching the requested tolerance 1e-09.
  values, vectors = lobpcg(projected_hamiltonian, guess, largest=False,
/home/erosanow_hpc/informed_swapping/BARK.py:156: UserWarning: Exited at iteration 50 with accuracies 
[3.64576324e-09]
not reaching the requested tolerance 1e-09.
Use iteration 51 instead with accuracy 
3.645763241405322e-09.

  values, vectors = lobpcg(projected_hamiltonian, guess, largest=False,
/home/erosanow_hpc/informed_swapping/BARK.py:156: UserWarning: Exited postprocessing with accuracies 
[3.645763e-09]
not reaching the requested tolerance 1e-09.
  values, vectors = lobpcg(projected_hamiltonian, guess, largest=False,
/home/erosanow_hpc/informed_swapping/BARK.py:156: UserWarning: Exited at iteration 50 with accuracies 
[3.15042161e-09]
not reaching the requested tolerance 1e-09.
Use iteration 51 instead with accuracy 
3.1504216111979506e-09.

  values, vectors = lobpcg(projected_hamiltonian, guess, largest=False,
/home/erosanow_hpc/informed_swapping/BARK.py:156: UserWarning: Exited postprocessing with accuracies 
[3.15042152e-09]
not reaching the requested tolerance 1e-09.
  values, vectors = lobpcg(projected_hamiltonian, guess, largest=False,
/home/erosanow_hpc/informed_swapping/BARK.py:156: UserWarning: Exited at iteration 50 with accuracies 
[2.3177688e-09]
not reaching the requested tolerance 1e-09.
Use iteration 51 instead with accuracy 
2.3177688047061188e-09.

  values, vectors = lobpcg(projected_hamiltonian, guess, largest=False,
/home/erosanow_hpc/informed_swapping/BARK.py:156: UserWarning: Exited postprocessing with accuracies 
[2.31776895e-09]
not reaching the requested tolerance 1e-09.
  values, vectors = lobpcg(projected_hamiltonian, guess, largest=False,
/home/erosanow_hpc/informed_swapping/BARK.py:156: UserWarning: Exited at iteration 50 with accuracies 
[7.42173448e-09]
not reaching the requested tolerance 1e-09.
Use iteration 51 instead with accuracy 
7.421734484553825e-09.

  values, vectors = lobpcg(projected_hamiltonian, guess, largest=False,
/home/erosanow_hpc/informed_swapping/BARK.py:156: UserWarning: Exited postprocessing with accuracies 
[7.42173463e-09]
not reaching the requested tolerance 1e-09.
  values, vectors = lobpcg(projected_hamiltonian, guess, largest=False,
/home/erosanow_hpc/informed_swapping/BARK.py:156: UserWarning: Exited at iteration 50 with accuracies 
[1.35047532e-09]
not reaching the requested tolerance 1e-09.
Use iteration 51 instead with accuracy 
1.3504753223799669e-09.

  values, vectors = lobpcg(projected_hamiltonian, guess, largest=False,
/home/erosanow_hpc/informed_swapping/BARK.py:156: UserWarning: Exited postprocessing with accuracies 
[1.35047521e-09]
not reaching the requested tolerance 1e-09.
  values, vectors = lobpcg(projected_hamiltonian, guess, largest=False,
/home/erosanow_hpc/informed_swapping/BARK.py:156: UserWarning: Exited at iteration 50 with accuracies 
[4.71465098e-09]
not reaching the requested tolerance 1e-09.
Use iteration 51 instead with accuracy 
4.714650976409019e-09.

  values, vectors = lobpcg(projected_hamiltonian, guess, largest=False,
/home/erosanow_hpc/informed_swapping/BARK.py:156: UserWarning: Exited postprocessing with accuracies 
[4.71465114e-09]
not reaching the requested tolerance 1e-09.
  values, vectors = lobpcg(projected_hamiltonian, guess, largest=False,
/home/erosanow_hpc/informed_swapping/BARK.py:156: UserWarning: Exited at iteration 50 with accuracies 
[4.5806902e-09]
not reaching the requested tolerance 1e-09.
Use iteration 51 instead with accuracy 
4.580690201052303e-09.

  values, vectors = lobpcg(projected_hamiltonian, guess, largest=False,
/home/erosanow_hpc/informed_swapping/BARK.py:156: UserWarning: Exited postprocessing with accuracies 
[4.58069091e-09]
not reaching the requested tolerance 1e-09.
  values, vectors = lobpcg(projected_hamiltonian, guess, largest=False,
/home/erosanow_hpc/informed_swapping/BARK.py:156: UserWarning: Exited at iteration 50 with accuracies 
[4.19532574e-09]
not reaching the requested tolerance 1e-09.
Use iteration 51 instead with accuracy 
4.195325739915577e-09.

  values, vectors = lobpcg(projected_hamiltonian, guess, largest=False,
/home/erosanow_hpc/informed_swapping/BARK.py:156: UserWarning: Exited postprocessing with accuracies 
[4.19532576e-09]
not reaching the requested tolerance 1e-09.
  values, vectors = lobpcg(projected_hamiltonian, guess, largest=False,
/home/erosanow_hpc/informed_swapping/BARK.py:156: UserWarning: Exited at iteration 50 with accuracies 
[2.60173475e-09]
not reaching the requested tolerance 1e-09.
Use iteration 51 instead with accuracy 
2.6017347516293114e-09.

  values, vectors = lobpcg(projected_hamiltonian, guess, largest=False,
/home/erosanow_hpc/informed_swapping/BARK.py:156: UserWarning: Exited postprocessing with accuracies 
[2.60173446e-09]
not reaching the requested tolerance 1e-09.
  values, vectors = lobpcg(projected_hamiltonian, guess, largest=False,
/home/erosanow_hpc/informed_swapping/BARK.py:156: UserWarning: Exited at iteration 50 with accuracies 
[8.69842355e-09]
not reaching the requested tolerance 1e-09.
Use iteration 51 instead with accuracy 
8.69842355468195e-09.

  values, vectors = lobpcg(projected_hamiltonian, guess, largest=False,
/home/erosanow_hpc/informed_swapping/BARK.py:156: UserWarning: Exited postprocessing with accuracies 
[8.69842405e-09]
not reaching the requested tolerance 1e-09.
  values, vectors = lobpcg(projected_hamiltonian, guess, largest=False,
/home/erosanow_hpc/informed_swapping/BARK.py:156: UserWarning: Exited at iteration 50 with accuracies 
[6.84713009e-09]
not reaching the requested tolerance 1e-09.
Use iteration 51 instead with accuracy 
6.847130090310996e-09.

  values, vectors = lobpcg(projected_hamiltonian, guess, largest=False,
/home/erosanow_hpc/informed_swapping/BARK.py:156: UserWarning: Exited postprocessing with accuracies 
[6.84712992e-09]
not reaching the requested tolerance 1e-09.
  values, vectors = lobpcg(projected_hamiltonian, guess, largest=False,
/home/erosanow_hpc/informed_swapping/BARK.py:156: UserWarning: Exited at iteration 50 with accuracies 
[7.11493756e-09]
not reaching the requested tolerance 1e-09.
Use iteration 51 instead with accuracy 
7.114937562238616e-09.

  values, vectors = lobpcg(projected_hamiltonian, guess, largest=False,
/home/erosanow_hpc/informed_swapping/BARK.py:156: UserWarning: Exited postprocessing with accuracies 
[7.11493791e-09]
not reaching the requested tolerance 1e-09.
  values, vectors = lobpcg(projected_hamiltonian, guess, largest=False,
/home/erosanow_hpc/informed_swapping/BARK.py:156: UserWarning: Exited at iteration 50 with accuracies 
[1.01040052e-09]
not reaching the requested tolerance 1e-09.
Use iteration 51 instead with accuracy 
1.0104005224204152e-09.

  values, vectors = lobpcg(projected_hamiltonian, guess, largest=False,
/home/erosanow_hpc/informed_swapping/BARK.py:156: UserWarning: Exited postprocessing with accuracies 
[1.01040011e-09]
not reaching the requested tolerance 1e-09.
  values, vectors = lobpcg(projected_hamiltonian, guess, largest=False,
/home/erosanow_hpc/informed_swapping/BARK.py:156: UserWarning: Exited at iteration 50 with accuracies 
[1.44520716e-09]
not reaching the requested tolerance 1e-09.
Use iteration 51 instead with accuracy 
1.4452071577115035e-09.

  values, vectors = lobpcg(projected_hamiltonian, guess, largest=False,
/home/erosanow_hpc/informed_swapping/BARK.py:156: UserWarning: Exited postprocessing with accuracies 
[1.44520766e-09]
not reaching the requested tolerance 1e-09.
  values, vectors = lobpcg(projected_hamiltonian, guess, largest=False,
/home/erosanow_hpc/informed_swapping/BARK.py:156: UserWarning: Exited at iteration 50 with accuracies 
[4.14444631e-09]
not reaching the requested tolerance 1e-09.
Use iteration 51 instead with accuracy 
4.144446305600369e-09.

  values, vectors = lobpcg(projected_hamiltonian, guess, largest=False,
/home/erosanow_hpc/informed_swapping/BARK.py:156: UserWarning: Exited postprocessing with accuracies 
[4.1444462e-09]
not reaching the requested tolerance 1e-09.
  values, vectors = lobpcg(projected_hamiltonian, guess, largest=False,
/home/erosanow_hpc/informed_swapping/BARK.py:156: UserWarning: Exited at iteration 50 with accuracies 
[4.72210145e-09]
not reaching the requested tolerance 1e-09.
Use iteration 51 instead with accuracy 
4.722101450931977e-09.

  values, vectors = lobpcg(projected_hamiltonian, guess, largest=False,
/home/erosanow_hpc/informed_swapping/BARK.py:156: UserWarning: Exited postprocessing with accuracies 
[4.72210129e-09]
not reaching the requested tolerance 1e-09.
  values, vectors = lobpcg(projected_hamiltonian, guess, largest=False,
/home/erosanow_hpc/informed_swapping/BARK.py:156: UserWarning: Exited at iteration 50 with accuracies 
[3.59503404e-09]
not reaching the requested tolerance 1e-09.
Use iteration 51 instead with accuracy 
3.595034042016724e-09.

  values, vectors = lobpcg(projected_hamiltonian, guess, largest=False,
/home/erosanow_hpc/informed_swapping/BARK.py:156: UserWarning: Exited postprocessing with accuracies 
[3.59503371e-09]
not reaching the requested tolerance 1e-09.
  values, vectors = lobpcg(projected_hamiltonian, guess, largest=False,
/home/erosanow_hpc/informed_swapping/BARK.py:156: UserWarning: Exited at iteration 50 with accuracies 
[2.74096015e-09]
not reaching the requested tolerance 1e-09.
Use iteration 51 instead with accuracy 
2.740960145126471e-09.

  values, vectors = lobpcg(projected_hamiltonian, guess, largest=False,
/home/erosanow_hpc/informed_swapping/BARK.py:156: UserWarning: Exited postprocessing with accuracies 
[2.7409605e-09]
not reaching the requested tolerance 1e-09.
  values, vectors = lobpcg(projected_hamiltonian, guess, largest=False,
/home/erosanow_hpc/informed_swapping/BARK.py:156: UserWarning: Exited at iteration 50 with accuracies 
[2.69671703e-09]
not reaching the requested tolerance 1e-09.
Use iteration 51 instead with accuracy 
2.696717034086167e-09.

  values, vectors = lobpcg(projected_hamiltonian, guess, largest=False,
/home/erosanow_hpc/informed_swapping/BARK.py:156: UserWarning: Exited postprocessing with accuracies 
[2.69671677e-09]
not reaching the requested tolerance 1e-09.
  values, vectors = lobpcg(projected_hamiltonian, guess, largest=False,
/home/erosanow_hpc/informed_swapping/BARK.py:156: UserWarning: Exited at iteration 50 with accuracies 
[8.87624694e-09]
not reaching the requested tolerance 1e-09.
Use iteration 51 instead with accuracy 
8.876246940698413e-09.

  values, vectors = lobpcg(projected_hamiltonian, guess, largest=False,
/home/erosanow_hpc/informed_swapping/BARK.py:156: UserWarning: Exited postprocessing with accuracies 
[8.87624693e-09]
not reaching the requested tolerance 1e-09.
  values, vectors = lobpcg(projected_hamiltonian, guess, largest=False,
/home/erosanow_hpc/informed_swapping/BARK.py:156: UserWarning: Exited at iteration 50 with accuracies 
[2.0392606e-09]
not reaching the requested tolerance 1e-09.
Use iteration 51 instead with accuracy 
2.039260599965842e-09.

  values, vectors = lobpcg(projected_hamiltonian, guess, largest=False,
/home/erosanow_hpc/informed_swapping/BARK.py:156: UserWarning: Exited postprocessing with accuracies 
[2.03926028e-09]
not reaching the requested tolerance 1e-09.
  values, vectors = lobpcg(projected_hamiltonian, guess, largest=False,
/home/erosanow_hpc/informed_swapping/BARK.py:156: UserWarning: Exited at iteration 50 with accuracies 
[7.27422953e-09]
not reaching the requested tolerance 1e-09.
Use iteration 51 instead with accuracy 
7.274229531745262e-09.

  values, vectors = lobpcg(projected_hamiltonian, guess, largest=False,
/home/erosanow_hpc/informed_swapping/BARK.py:156: UserWarning: Exited postprocessing with accuracies 
[7.27422958e-09]
not reaching the requested tolerance 1e-09.
  values, vectors = lobpcg(projected_hamiltonian, guess, largest=False,
/home/erosanow_hpc/informed_swapping/BARK.py:156: UserWarning: Exited at iteration 50 with accuracies 
[6.6964516e-09]
not reaching the requested tolerance 1e-09.
Use iteration 51 instead with accuracy 
6.696451599169004e-09.

  values, vectors = lobpcg(projected_hamiltonian, guess, largest=False,
/home/erosanow_hpc/informed_swapping/BARK.py:156: UserWarning: Exited postprocessing with accuracies 
[6.69645184e-09]
not reaching the requested tolerance 1e-09.
  values, vectors = lobpcg(projected_hamiltonian, guess, largest=False,
/home/erosanow_hpc/informed_swapping/BARK.py:156: UserWarning: Exited at iteration 50 with accuracies 
[6.96620907e-09]
not reaching the requested tolerance 1e-09.
Use iteration 51 instead with accuracy 
6.966209068111907e-09.

  values, vectors = lobpcg(projected_hamiltonian, guess, largest=False,
/home/erosanow_hpc/informed_swapping/BARK.py:156: UserWarning: Exited postprocessing with accuracies 
[6.9662093e-09]
not reaching the requested tolerance 1e-09.
  values, vectors = lobpcg(projected_hamiltonian, guess, largest=False,
/home/erosanow_hpc/informed_swapping/BARK.py:156: UserWarning: Exited at iteration 50 with accuracies 
[2.76525294e-09]
not reaching the requested tolerance 1e-09.
Use iteration 51 instead with accuracy 
2.7652529429429415e-09.

  values, vectors = lobpcg(projected_hamiltonian, guess, largest=False,
/home/erosanow_hpc/informed_swapping/BARK.py:156: UserWarning: Exited postprocessing with accuracies 
[2.76525259e-09]
not reaching the requested tolerance 1e-09.
  values, vectors = lobpcg(projected_hamiltonian, guess, largest=False,
/home/erosanow_hpc/informed_swapping/BARK.py:156: UserWarning: Exited at iteration 50 with accuracies 
[9.45310076e-09]
not reaching the requested tolerance 1e-09.
Use iteration 51 instead with accuracy 
9.453100763441482e-09.

  values, vectors = lobpcg(projected_hamiltonian, guess, largest=False,
/home/erosanow_hpc/informed_swapping/BARK.py:156: UserWarning: Exited postprocessing with accuracies 
[9.45310097e-09]
not reaching the requested tolerance 1e-09.
  values, vectors = lobpcg(projected_hamiltonian, guess, largest=False,
/home/erosanow_hpc/informed_swapping/BARK.py:156: UserWarning: Exited at iteration 50 with accuracies 
[9.36420355e-09]
not reaching the requested tolerance 1e-09.
Use iteration 51 instead with accuracy 
9.364203547861616e-09.

  values, vectors = lobpcg(projected_hamiltonian, guess, largest=False,
/home/erosanow_hpc/informed_swapping/BARK.py:156: UserWarning: Exited postprocessing with accuracies 
[9.36420299e-09]
not reaching the requested tolerance 1e-09.
  values, vectors = lobpcg(projected_hamiltonian, guess, largest=False,
/home/erosanow_hpc/informed_swapping/BARK.py:156: UserWarning: Exited at iteration 50 with accuracies 
[1.05708269e-08]
not reaching the requested tolerance 1e-09.
Use iteration 51 instead with accuracy 
1.0570826900861236e-08.

  values, vectors = lobpcg(projected_hamiltonian, guess, largest=False,
/home/erosanow_hpc/informed_swapping/BARK.py:156: UserWarning: Exited postprocessing with accuracies 
[1.05708267e-08]
not reaching the requested tolerance 1e-09.
  values, vectors = lobpcg(projected_hamiltonian, guess, largest=False,
/home/erosanow_hpc/informed_swapping/BARK.py:156: UserWarning: Exited at iteration 50 with accuracies 
[4.95174719e-09]
not reaching the requested tolerance 1e-09.
Use iteration 51 instead with accuracy 
4.951747189799214e-09.

  values, vectors = lobpcg(projected_hamiltonian, guess, largest=False,
/home/erosanow_hpc/informed_swapping/BARK.py:156: UserWarning: Exited postprocessing with accuracies 
[4.95174723e-09]
not reaching the requested tolerance 1e-09.
  values, vectors = lobpcg(projected_hamiltonian, guess, largest=False,
/home/erosanow_hpc/informed_swapping/BARK.py:156: UserWarning: Exited at iteration 50 with accuracies 
[4.66820736e-09]
not reaching the requested tolerance 1e-09.
Use iteration 51 instead with accuracy 
4.668207361140944e-09.

  values, vectors = lobpcg(projected_hamiltonian, guess, largest=False,
/home/erosanow_hpc/informed_swapping/BARK.py:156: UserWarning: Exited postprocessing with accuracies 
[4.66820732e-09]
not reaching the requested tolerance 1e-09.
  values, vectors = lobpcg(projected_hamiltonian, guess, largest=False,
/home/erosanow_hpc/informed_swapping/BARK.py:156: UserWarning: Exited at iteration 50 with accuracies 
[4.52612924e-09]
not reaching the requested tolerance 1e-09.
Use iteration 51 instead with accuracy 
4.5261292409982576e-09.

  values, vectors = lobpcg(projected_hamiltonian, guess, largest=False,
/home/erosanow_hpc/informed_swapping/BARK.py:156: UserWarning: Exited postprocessing with accuracies 
[4.52612945e-09]
not reaching the requested tolerance 1e-09.
  values, vectors = lobpcg(projected_hamiltonian, guess, largest=False,
/home/erosanow_hpc/informed_swapping/BARK.py:156: UserWarning: Exited at iteration 50 with accuracies 
[1.21541469e-08]
not reaching the requested tolerance 1e-09.
Use iteration 51 instead with accuracy 
1.2154146938502054e-08.

  values, vectors = lobpcg(projected_hamiltonian, guess, largest=False,
/home/erosanow_hpc/informed_swapping/BARK.py:156: UserWarning: Exited postprocessing with accuracies 
[1.21541472e-08]
not reaching the requested tolerance 1e-09.
  values, vectors = lobpcg(projected_hamiltonian, guess, largest=False,
/home/erosanow_hpc/informed_swapping/BARK.py:156: UserWarning: Exited at iteration 50 with accuracies 
[9.00695542e-09]
not reaching the requested tolerance 1e-09.
Use iteration 51 instead with accuracy 
9.00695541925573e-09.

  values, vectors = lobpcg(projected_hamiltonian, guess, largest=False,
/home/erosanow_hpc/informed_swapping/BARK.py:156: UserWarning: Exited postprocessing with accuracies 
[9.00695469e-09]
not reaching the requested tolerance 1e-09.
  values, vectors = lobpcg(projected_hamiltonian, guess, largest=False,
/home/erosanow_hpc/informed_swapping/BARK.py:156: UserWarning: Exited at iteration 50 with accuracies 
[1.04910257e-08]
not reaching the requested tolerance 1e-09.
Use iteration 51 instead with accuracy 
1.0491025675544529e-08.

  values, vectors = lobpcg(projected_hamiltonian, guess, largest=False,
/home/erosanow_hpc/informed_swapping/BARK.py:156: UserWarning: Exited postprocessing with accuracies 
[1.04910256e-08]
not reaching the requested tolerance 1e-09.
  values, vectors = lobpcg(projected_hamiltonian, guess, largest=False,
/home/erosanow_hpc/informed_swapping/BARK.py:156: UserWarning: Exited at iteration 50 with accuracies 
[7.85568331e-09]
not reaching the requested tolerance 1e-09.
Use iteration 51 instead with accuracy 
7.855683308140279e-09.

  values, vectors = lobpcg(projected_hamiltonian, guess, largest=False,
/home/erosanow_hpc/informed_swapping/BARK.py:156: UserWarning: Exited postprocessing with accuracies 
[7.85568356e-09]
not reaching the requested tolerance 1e-09.
  values, vectors = lobpcg(projected_hamiltonian, guess, largest=False,
/home/erosanow_hpc/informed_swapping/BARK.py:156: UserWarning: Exited at iteration 50 with accuracies 
[1.86298523e-08]
not reaching the requested tolerance 1e-09.
Use iteration 51 instead with accuracy 
1.8629852293231892e-08.

  values, vectors = lobpcg(projected_hamiltonian, guess, largest=False,
/home/erosanow_hpc/informed_swapping/BARK.py:156: UserWarning: Exited postprocessing with accuracies 
[1.86298522e-08]
not reaching the requested tolerance 1e-09.
  values, vectors = lobpcg(projected_hamiltonian, guess, largest=False,
/home/erosanow_hpc/informed_swapping/BARK.py:156: UserWarning: Exited at iteration 50 with accuracies 
[4.22976706e-09]
not reaching the requested tolerance 1e-09.
Use iteration 51 instead with accuracy 
4.229767064842935e-09.

  values, vectors = lobpcg(projected_hamiltonian, guess, largest=False,
/home/erosanow_hpc/informed_swapping/BARK.py:156: UserWarning: Exited postprocessing with accuracies 
[4.22976782e-09]
not reaching the requested tolerance 1e-09.
  values, vectors = lobpcg(projected_hamiltonian, guess, largest=False,
/home/erosanow_hpc/informed_swapping/BARK.py:156: UserWarning: Exited at iteration 50 with accuracies 
[1.17541152e-08]
not reaching the requested tolerance 1e-09.
Use iteration 51 instead with accuracy 
1.1754115150247577e-08.

  values, vectors = lobpcg(projected_hamiltonian, guess, largest=False,
/home/erosanow_hpc/informed_swapping/BARK.py:156: UserWarning: Exited postprocessing with accuracies 
[1.17541154e-08]
not reaching the requested tolerance 1e-09.
  values, vectors = lobpcg(projected_hamiltonian, guess, largest=False,
/home/erosanow_hpc/informed_swapping/BARK.py:156: UserWarning: Exited at iteration 50 with accuracies 
[1.12187406e-08]
not reaching the requested tolerance 1e-09.
Use iteration 51 instead with accuracy 
1.1218740649461411e-08.

  values, vectors = lobpcg(projected_hamiltonian, guess, largest=False,
/home/erosanow_hpc/informed_swapping/BARK.py:156: UserWarning: Exited postprocessing with accuracies 
[1.12187407e-08]
not reaching the requested tolerance 1e-09.
  values, vectors = lobpcg(projected_hamiltonian, guess, largest=False,
/home/erosanow_hpc/informed_swapping/BARK.py:156: UserWarning: Exited at iteration 50 with accuracies 
[1.29165807e-08]
not reaching the requested tolerance 1e-09.
Use iteration 51 instead with accuracy 
1.291658072675636e-08.

  values, vectors = lobpcg(projected_hamiltonian, guess, largest=False,
/home/erosanow_hpc/informed_swapping/BARK.py:156: UserWarning: Exited postprocessing with accuracies 
[1.29165809e-08]
not reaching the requested tolerance 1e-09.
  values, vectors = lobpcg(projected_hamiltonian, guess, largest=False,
/home/erosanow_hpc/informed_swapping/BARK.py:156: UserWarning: Exited at iteration 50 with accuracies 
[1.01947119e-08]
not reaching the requested tolerance 1e-09.
Use iteration 51 instead with accuracy 
1.0194711870423319e-08.

  values, vectors = lobpcg(projected_hamiltonian, guess, largest=False,
/home/erosanow_hpc/informed_swapping/BARK.py:156: UserWarning: Exited postprocessing with accuracies 
[1.01947115e-08]
not reaching the requested tolerance 1e-09.
  values, vectors = lobpcg(projected_hamiltonian, guess, largest=False,
/home/erosanow_hpc/informed_swapping/BARK.py:156: UserWarning: Exited at iteration 50 with accuracies 
[2.43617698e-08]
not reaching the requested tolerance 1e-09.
Use iteration 51 instead with accuracy 
2.4361769802530934e-08.

  values, vectors = lobpcg(projected_hamiltonian, guess, largest=False,
/home/erosanow_hpc/informed_swapping/BARK.py:156: UserWarning: Exited postprocessing with accuracies 
[2.43617699e-08]
not reaching the requested tolerance 1e-09.
  values, vectors = lobpcg(projected_hamiltonian, guess, largest=False,
/home/erosanow_hpc/informed_swapping/BARK.py:156: UserWarning: Exited at iteration 50 with accuracies 
[1.8938851e-08]
not reaching the requested tolerance 1e-09.
Use iteration 51 instead with accuracy 
1.893885097845597e-08.

  values, vectors = lobpcg(projected_hamiltonian, guess, largest=False,
/home/erosanow_hpc/informed_swapping/BARK.py:156: UserWarning: Exited postprocessing with accuracies 
[1.89388511e-08]
not reaching the requested tolerance 1e-09.
  values, vectors = lobpcg(projected_hamiltonian, guess, largest=False,
/home/erosanow_hpc/informed_swapping/BARK.py:156: UserWarning: Exited at iteration 50 with accuracies 
[2.42590751e-08]
not reaching the requested tolerance 1e-09.
Use iteration 51 instead with accuracy 
2.425907508621555e-08.

  values, vectors = lobpcg(projected_hamiltonian, guess, largest=False,
/home/erosanow_hpc/informed_swapping/BARK.py:156: UserWarning: Exited postprocessing with accuracies 
[2.42590754e-08]
not reaching the requested tolerance 1e-09.
  values, vectors = lobpcg(projected_hamiltonian, guess, largest=False,
/home/erosanow_hpc/informed_swapping/BARK.py:156: UserWarning: Exited at iteration 50 with accuracies 
[1.37841892e-09]
not reaching the requested tolerance 1e-09.
Use iteration 51 instead with accuracy 
1.3784189248671241e-09.

  values, vectors = lobpcg(projected_hamiltonian, guess, largest=False,
/home/erosanow_hpc/informed_swapping/BARK.py:156: UserWarning: Exited postprocessing with accuracies 
[1.37841927e-09]
not reaching the requested tolerance 1e-09.
  values, vectors = lobpcg(projected_hamiltonian, guess, largest=False,
/home/erosanow_hpc/informed_swapping/BARK.py:156: UserWarning: Exited at iteration 50 with accuracies 
[1.06505971e-09]
not reaching the requested tolerance 1e-09.
Use iteration 51 instead with accuracy 
1.0650597121334185e-09.

  values, vectors = lobpcg(projected_hamiltonian, guess, largest=False,
/home/erosanow_hpc/informed_swapping/BARK.py:156: UserWarning: Exited postprocessing with accuracies 
[1.06505937e-09]
not reaching the requested tolerance 1e-09.
  values, vectors = lobpcg(projected_hamiltonian, guess, largest=False,
/home/erosanow_hpc/informed_swapping/BARK.py:156: UserWarning: Exited at iteration 50 with accuracies 
[1.03301424e-09]
not reaching the requested tolerance 1e-09.
Use iteration 51 instead with accuracy 
1.0330142365933842e-09.

  values, vectors = lobpcg(projected_hamiltonian, guess, largest=False,
/home/erosanow_hpc/informed_swapping/BARK.py:156: UserWarning: Exited postprocessing with accuracies 
[1.033014e-09]
not reaching the requested tolerance 1e-09.
  values, vectors = lobpcg(projected_hamiltonian, guess, largest=False,
/home/erosanow_hpc/informed_swapping/BARK.py:156: UserWarning: Exited at iteration 50 with accuracies 
[3.27471212e-09]
not reaching the requested tolerance 1e-09.
Use iteration 51 instead with accuracy 
3.274712116081421e-09.

  values, vectors = lobpcg(projected_hamiltonian, guess, largest=False,
/home/erosanow_hpc/informed_swapping/BARK.py:156: UserWarning: Exited postprocessing with accuracies 
[3.27471267e-09]
not reaching the requested tolerance 1e-09.
  values, vectors = lobpcg(projected_hamiltonian, guess, largest=False,
/home/erosanow_hpc/informed_swapping/BARK.py:156: UserWarning: Exited at iteration 50 with accuracies 
[2.28685844e-09]
not reaching the requested tolerance 1e-09.
Use iteration 51 instead with accuracy 
2.286858444233055e-09.

  values, vectors = lobpcg(projected_hamiltonian, guess, largest=False,
/home/erosanow_hpc/informed_swapping/BARK.py:156: UserWarning: Exited postprocessing with accuracies 
[2.28685787e-09]
not reaching the requested tolerance 1e-09.
  values, vectors = lobpcg(projected_hamiltonian, guess, largest=False,
/home/erosanow_hpc/informed_swapping/BARK.py:156: UserWarning: Exited at iteration 50 with accuracies 
[1.77808218e-09]
not reaching the requested tolerance 1e-09.
Use iteration 51 instead with accuracy 
1.7780821800421826e-09.

  values, vectors = lobpcg(projected_hamiltonian, guess, largest=False,
/home/erosanow_hpc/informed_swapping/BARK.py:156: UserWarning: Exited postprocessing with accuracies 
[1.77808174e-09]
not reaching the requested tolerance 1e-09.
  values, vectors = lobpcg(projected_hamiltonian, guess, largest=False,
/home/erosanow_hpc/informed_swapping/BARK.py:156: UserWarning: Exited at iteration 50 with accuracies 
[1.3221758e-09]
not reaching the requested tolerance 1e-09.
Use iteration 51 instead with accuracy 
1.3221757962503073e-09.

  values, vectors = lobpcg(projected_hamiltonian, guess, largest=False,
/home/erosanow_hpc/informed_swapping/BARK.py:156: UserWarning: Exited postprocessing with accuracies 
[1.32217559e-09]
not reaching the requested tolerance 1e-09.
  values, vectors = lobpcg(projected_hamiltonian, guess, largest=False,
/home/erosanow_hpc/informed_swapping/BARK.py:156: UserWarning: Exited at iteration 50 with accuracies 
[4.21043501e-09]
not reaching the requested tolerance 1e-09.
Use iteration 51 instead with accuracy 
4.210435012652573e-09.

  values, vectors = lobpcg(projected_hamiltonian, guess, largest=False,
/home/erosanow_hpc/informed_swapping/BARK.py:156: UserWarning: Exited postprocessing with accuracies 
[4.21043477e-09]
not reaching the requested tolerance 1e-09.
  values, vectors = lobpcg(projected_hamiltonian, guess, largest=False,
/home/erosanow_hpc/informed_swapping/BARK.py:156: UserWarning: Exited at iteration 50 with accuracies 
[2.27622681e-09]
not reaching the requested tolerance 1e-09.
Use iteration 51 instead with accuracy 
2.276226805183288e-09.

  values, vectors = lobpcg(projected_hamiltonian, guess, largest=False,
/home/erosanow_hpc/informed_swapping/BARK.py:156: UserWarning: Exited postprocessing with accuracies 
[2.27622662e-09]
not reaching the requested tolerance 1e-09.
  values, vectors = lobpcg(projected_hamiltonian, guess, largest=False,
/home/erosanow_hpc/informed_swapping/BARK.py:156: UserWarning: Exited at iteration 50 with accuracies 
[3.27303269e-09]
not reaching the requested tolerance 1e-09.
Use iteration 51 instead with accuracy 
3.2730326907870384e-09.

  values, vectors = lobpcg(projected_hamiltonian, guess, largest=False,
/home/erosanow_hpc/informed_swapping/BARK.py:156: UserWarning: Exited postprocessing with accuracies 
[3.27303297e-09]
not reaching the requested tolerance 1e-09.
  values, vectors = lobpcg(projected_hamiltonian, guess, largest=False,
/home/erosanow_hpc/informed_swapping/BARK.py:156: UserWarning: Exited at iteration 50 with accuracies 
[2.18800166e-09]
not reaching the requested tolerance 1e-09.
Use iteration 51 instead with accuracy 
2.188001656098921e-09.

  values, vectors = lobpcg(projected_hamiltonian, guess, largest=False,
/home/erosanow_hpc/informed_swapping/BARK.py:156: UserWarning: Exited postprocessing with accuracies 
[2.18800199e-09]
not reaching the requested tolerance 1e-09.
  values, vectors = lobpcg(projected_hamiltonian, guess, largest=False,
/home/erosanow_hpc/informed_swapping/BARK.py:156: UserWarning: Exited at iteration 50 with accuracies 
[2.56487325e-09]
not reaching the requested tolerance 1e-09.
Use iteration 51 instead with accuracy 
2.5648732524562614e-09.

  values, vectors = lobpcg(projected_hamiltonian, guess, largest=False,
/home/erosanow_hpc/informed_swapping/BARK.py:156: UserWarning: Exited postprocessing with accuracies 
[2.56487336e-09]
not reaching the requested tolerance 1e-09.
  values, vectors = lobpcg(projected_hamiltonian, guess, largest=False,
/home/erosanow_hpc/informed_swapping/BARK.py:156: UserWarning: Exited at iteration 50 with accuracies 
[1.66514171e-09]
not reaching the requested tolerance 1e-09.
Use iteration 51 instead with accuracy 
1.6651417093499137e-09.

  values, vectors = lobpcg(projected_hamiltonian, guess, largest=False,
/home/erosanow_hpc/informed_swapping/BARK.py:156: UserWarning: Exited postprocessing with accuracies 
[1.66514126e-09]
not reaching the requested tolerance 1e-09.
  values, vectors = lobpcg(projected_hamiltonian, guess, largest=False,
/home/erosanow_hpc/informed_swapping/BARK.py:156: UserWarning: Exited at iteration 50 with accuracies 
[2.47981399e-09]
not reaching the requested tolerance 1e-09.
Use iteration 51 instead with accuracy 
2.4798139852461075e-09.

  values, vectors = lobpcg(projected_hamiltonian, guess, largest=False,
/home/erosanow_hpc/informed_swapping/BARK.py:156: UserWarning: Exited postprocessing with accuracies 
[2.47981447e-09]
not reaching the requested tolerance 1e-09.
  values, vectors = lobpcg(projected_hamiltonian, guess, largest=False,
/home/erosanow_hpc/informed_swapping/BARK.py:156: UserWarning: Exited at iteration 50 with accuracies 
[6.1121506e-09]
not reaching the requested tolerance 1e-09.
Use iteration 51 instead with accuracy 
6.112150598176524e-09.

  values, vectors = lobpcg(projected_hamiltonian, guess, largest=False,
/home/erosanow_hpc/informed_swapping/BARK.py:156: UserWarning: Exited postprocessing with accuracies 
[6.11215072e-09]
not reaching the requested tolerance 1e-09.
  values, vectors = lobpcg(projected_hamiltonian, guess, largest=False,
/home/erosanow_hpc/informed_swapping/BARK.py:156: UserWarning: Exited at iteration 50 with accuracies 
[7.1148602e-09]
not reaching the requested tolerance 1e-09.
Use iteration 51 instead with accuracy 
7.114860201477959e-09.

  values, vectors = lobpcg(projected_hamiltonian, guess, largest=False,
/home/erosanow_hpc/informed_swapping/BARK.py:156: UserWarning: Exited postprocessing with accuracies 
[7.11485998e-09]
not reaching the requested tolerance 1e-09.
  values, vectors = lobpcg(projected_hamiltonian, guess, largest=False,
/home/erosanow_hpc/informed_swapping/BARK.py:156: UserWarning: Exited at iteration 50 with accuracies 
[1.12179863e-09]
not reaching the requested tolerance 1e-09.
Use iteration 51 instead with accuracy 
1.1217986312768954e-09.

  values, vectors = lobpcg(projected_hamiltonian, guess, largest=False,
/home/erosanow_hpc/informed_swapping/BARK.py:156: UserWarning: Exited postprocessing with accuracies 
[1.12179879e-09]
not reaching the requested tolerance 1e-09.
  values, vectors = lobpcg(projected_hamiltonian, guess, largest=False,
/home/erosanow_hpc/informed_swapping/BARK.py:156: UserWarning: Exited at iteration 50 with accuracies 
[3.4544849e-09]
not reaching the requested tolerance 1e-09.
Use iteration 51 instead with accuracy 
3.4544848996288736e-09.

  values, vectors = lobpcg(projected_hamiltonian, guess, largest=False,
/home/erosanow_hpc/informed_swapping/BARK.py:156: UserWarning: Exited postprocessing with accuracies 
[3.4544852e-09]
not reaching the requested tolerance 1e-09.
  values, vectors = lobpcg(projected_hamiltonian, guess, largest=False,
/home/erosanow_hpc/informed_swapping/BARK.py:156: UserWarning: Exited at iteration 50 with accuracies 
[3.44619254e-09]
not reaching the requested tolerance 1e-09.
Use iteration 51 instead with accuracy 
3.446192538814283e-09.

  values, vectors = lobpcg(projected_hamiltonian, guess, largest=False,
/home/erosanow_hpc/informed_swapping/BARK.py:156: UserWarning: Exited postprocessing with accuracies 
[3.44619317e-09]
not reaching the requested tolerance 1e-09.
  values, vectors = lobpcg(projected_hamiltonian, guess, largest=False,
/home/erosanow_hpc/informed_swapping/BARK.py:156: UserWarning: Exited at iteration 50 with accuracies 
[2.92525465e-09]
not reaching the requested tolerance 1e-09.
Use iteration 51 instead with accuracy 
2.9252546460124483e-09.

  values, vectors = lobpcg(projected_hamiltonian, guess, largest=False,
/home/erosanow_hpc/informed_swapping/BARK.py:156: UserWarning: Exited postprocessing with accuracies 
[2.92525439e-09]
not reaching the requested tolerance 1e-09.
  values, vectors = lobpcg(projected_hamiltonian, guess, largest=False,
/home/erosanow_hpc/informed_swapping/BARK.py:156: UserWarning: Exited at iteration 50 with accuracies 
[2.27166796e-09]
not reaching the requested tolerance 1e-09.
Use iteration 51 instead with accuracy 
2.2716679563789547e-09.

  values, vectors = lobpcg(projected_hamiltonian, guess, largest=False,
/home/erosanow_hpc/informed_swapping/BARK.py:156: UserWarning: Exited postprocessing with accuracies 
[2.27166792e-09]
not reaching the requested tolerance 1e-09.
  values, vectors = lobpcg(projected_hamiltonian, guess, largest=False,
/home/erosanow_hpc/informed_swapping/BARK.py:156: UserWarning: Exited at iteration 50 with accuracies 
[6.96851438e-09]
not reaching the requested tolerance 1e-09.
Use iteration 51 instead with accuracy 
6.968514379201673e-09.

  values, vectors = lobpcg(projected_hamiltonian, guess, largest=False,
/home/erosanow_hpc/informed_swapping/BARK.py:156: UserWarning: Exited postprocessing with accuracies 
[6.9685145e-09]
not reaching the requested tolerance 1e-09.
  values, vectors = lobpcg(projected_hamiltonian, guess, largest=False,
/home/erosanow_hpc/informed_swapping/BARK.py:156: UserWarning: Exited at iteration 50 with accuracies 
[5.44714121e-09]
not reaching the requested tolerance 1e-09.
Use iteration 51 instead with accuracy 
5.447141209503543e-09.

  values, vectors = lobpcg(projected_hamiltonian, guess, largest=False,
/home/erosanow_hpc/informed_swapping/BARK.py:156: UserWarning: Exited postprocessing with accuracies 
[5.44714152e-09]
not reaching the requested tolerance 1e-09.
  values, vectors = lobpcg(projected_hamiltonian, guess, largest=False,
/home/erosanow_hpc/informed_swapping/BARK.py:156: UserWarning: Exited at iteration 50 with accuracies 
[5.69925422e-09]
not reaching the requested tolerance 1e-09.
Use iteration 51 instead with accuracy 
5.699254217898041e-09.

  values, vectors = lobpcg(projected_hamiltonian, guess, largest=False,
/home/erosanow_hpc/informed_swapping/BARK.py:156: UserWarning: Exited postprocessing with accuracies 
[5.69925411e-09]
not reaching the requested tolerance 1e-09.
  values, vectors = lobpcg(projected_hamiltonian, guess, largest=False,
/home/erosanow_hpc/informed_swapping/BARK.py:156: UserWarning: Exited at iteration 50 with accuracies 
[2.03092923e-09]
not reaching the requested tolerance 1e-09.
Use iteration 51 instead with accuracy 
2.030929226853589e-09.

  values, vectors = lobpcg(projected_hamiltonian, guess, largest=False,
/home/erosanow_hpc/informed_swapping/BARK.py:156: UserWarning: Exited postprocessing with accuracies 
[2.03092892e-09]
not reaching the requested tolerance 1e-09.
  values, vectors = lobpcg(projected_hamiltonian, guess, largest=False,
/home/erosanow_hpc/informed_swapping/BARK.py:156: UserWarning: Exited at iteration 50 with accuracies 
[3.01671071e-09]
not reaching the requested tolerance 1e-09.
Use iteration 51 instead with accuracy 
3.0167107085812815e-09.

  values, vectors = lobpcg(projected_hamiltonian, guess, largest=False,
/home/erosanow_hpc/informed_swapping/BARK.py:156: UserWarning: Exited postprocessing with accuracies 
[3.01671028e-09]
not reaching the requested tolerance 1e-09.
  values, vectors = lobpcg(projected_hamiltonian, guess, largest=False,
/home/erosanow_hpc/informed_swapping/BARK.py:156: UserWarning: Exited at iteration 50 with accuracies 
[7.31142111e-09]
not reaching the requested tolerance 1e-09.
Use iteration 51 instead with accuracy 
7.311421114171084e-09.

  values, vectors = lobpcg(projected_hamiltonian, guess, largest=False,
/home/erosanow_hpc/informed_swapping/BARK.py:156: UserWarning: Exited postprocessing with accuracies 
[7.31142108e-09]
not reaching the requested tolerance 1e-09.
  values, vectors = lobpcg(projected_hamiltonian, guess, largest=False,
/home/erosanow_hpc/informed_swapping/BARK.py:156: UserWarning: Exited at iteration 50 with accuracies 
[8.36134975e-09]
not reaching the requested tolerance 1e-09.
Use iteration 51 instead with accuracy 
8.361349747208822e-09.

  values, vectors = lobpcg(projected_hamiltonian, guess, largest=False,
/home/erosanow_hpc/informed_swapping/BARK.py:156: UserWarning: Exited postprocessing with accuracies 
[8.36134991e-09]
not reaching the requested tolerance 1e-09.
  values, vectors = lobpcg(projected_hamiltonian, guess, largest=False,
/home/erosanow_hpc/informed_swapping/BARK.py:156: UserWarning: Exited at iteration 50 with accuracies 
[5.9576993e-09]
not reaching the requested tolerance 1e-09.
Use iteration 51 instead with accuracy 
5.9576992998251e-09.

  values, vectors = lobpcg(projected_hamiltonian, guess, largest=False,
/home/erosanow_hpc/informed_swapping/BARK.py:156: UserWarning: Exited postprocessing with accuracies 
[5.95769854e-09]
not reaching the requested tolerance 1e-09.
  values, vectors = lobpcg(projected_hamiltonian, guess, largest=False,
/home/erosanow_hpc/informed_swapping/BARK.py:156: UserWarning: Exited at iteration 50 with accuracies 
[6.4921767e-09]
not reaching the requested tolerance 1e-09.
Use iteration 51 instead with accuracy 
6.492176697708661e-09.

  values, vectors = lobpcg(projected_hamiltonian, guess, largest=False,
/home/erosanow_hpc/informed_swapping/BARK.py:156: UserWarning: Exited postprocessing with accuracies 
[6.49217692e-09]
not reaching the requested tolerance 1e-09.
  values, vectors = lobpcg(projected_hamiltonian, guess, largest=False,
/home/erosanow_hpc/informed_swapping/BARK.py:156: UserWarning: Exited at iteration 50 with accuracies 
[6.44302769e-09]
not reaching the requested tolerance 1e-09.
Use iteration 51 instead with accuracy 
6.4430276902766225e-09.

  values, vectors = lobpcg(projected_hamiltonian, guess, largest=False,
/home/erosanow_hpc/informed_swapping/BARK.py:156: UserWarning: Exited postprocessing with accuracies 
[6.44302789e-09]
not reaching the requested tolerance 1e-09.
  values, vectors = lobpcg(projected_hamiltonian, guess, largest=False,
/home/erosanow_hpc/informed_swapping/BARK.py:156: UserWarning: Exited at iteration 50 with accuracies 
[1.51406411e-08]
not reaching the requested tolerance 1e-09.
Use iteration 51 instead with accuracy 
1.514064112188908e-08.

  values, vectors = lobpcg(projected_hamiltonian, guess, largest=False,
/home/erosanow_hpc/informed_swapping/BARK.py:156: UserWarning: Exited postprocessing with accuracies 
[1.51406407e-08]
not reaching the requested tolerance 1e-09.
  values, vectors = lobpcg(projected_hamiltonian, guess, largest=False,
/home/erosanow_hpc/informed_swapping/BARK.py:156: UserWarning: Exited at iteration 50 with accuracies 
[2.75696414e-09]
not reaching the requested tolerance 1e-09.
Use iteration 51 instead with accuracy 
2.7569641366768174e-09.

  values, vectors = lobpcg(projected_hamiltonian, guess, largest=False,
/home/erosanow_hpc/informed_swapping/BARK.py:156: UserWarning: Exited postprocessing with accuracies 
[2.75696463e-09]
not reaching the requested tolerance 1e-09.
  values, vectors = lobpcg(projected_hamiltonian, guess, largest=False,
/home/erosanow_hpc/informed_swapping/BARK.py:156: UserWarning: Exited at iteration 50 with accuracies 
[2.34030732e-09]
not reaching the requested tolerance 1e-09.
Use iteration 51 instead with accuracy 
2.3403073228905882e-09.

  values, vectors = lobpcg(projected_hamiltonian, guess, largest=False,
/home/erosanow_hpc/informed_swapping/BARK.py:156: UserWarning: Exited postprocessing with accuracies 
[2.34030706e-09]
not reaching the requested tolerance 1e-09.
  values, vectors = lobpcg(projected_hamiltonian, guess, largest=False,
/home/erosanow_hpc/informed_swapping/BARK.py:156: UserWarning: Exited at iteration 50 with accuracies 
[2.15901714e-09]
not reaching the requested tolerance 1e-09.
Use iteration 51 instead with accuracy 
2.159017136714638e-09.

  values, vectors = lobpcg(projected_hamiltonian, guess, largest=False,
/home/erosanow_hpc/informed_swapping/BARK.py:156: UserWarning: Exited postprocessing with accuracies 
[2.15901737e-09]
not reaching the requested tolerance 1e-09.
  values, vectors = lobpcg(projected_hamiltonian, guess, largest=False,
/home/erosanow_hpc/informed_swapping/BARK.py:156: UserWarning: Exited at iteration 50 with accuracies 
[6.43548758e-09]
not reaching the requested tolerance 1e-09.
Use iteration 51 instead with accuracy 
6.4354875831299295e-09.

  values, vectors = lobpcg(projected_hamiltonian, guess, largest=False,
/home/erosanow_hpc/informed_swapping/BARK.py:156: UserWarning: Exited postprocessing with accuracies 
[6.43548712e-09]
not reaching the requested tolerance 1e-09.
  values, vectors = lobpcg(projected_hamiltonian, guess, largest=False,
/home/erosanow_hpc/informed_swapping/BARK.py:156: UserWarning: Exited at iteration 50 with accuracies 
[4.00717897e-09]
not reaching the requested tolerance 1e-09.
Use iteration 51 instead with accuracy 
4.007178970753501e-09.

  values, vectors = lobpcg(projected_hamiltonian, guess, largest=False,
/home/erosanow_hpc/informed_swapping/BARK.py:156: UserWarning: Exited postprocessing with accuracies 
[4.00717946e-09]
not reaching the requested tolerance 1e-09.
  values, vectors = lobpcg(projected_hamiltonian, guess, largest=False,
/home/erosanow_hpc/informed_swapping/BARK.py:156: UserWarning: Exited at iteration 50 with accuracies 
[3.75909168e-09]
not reaching the requested tolerance 1e-09.
Use iteration 51 instead with accuracy 
3.7590916765042145e-09.

  values, vectors = lobpcg(projected_hamiltonian, guess, largest=False,
/home/erosanow_hpc/informed_swapping/BARK.py:156: UserWarning: Exited postprocessing with accuracies 
[3.75909246e-09]
not reaching the requested tolerance 1e-09.
  values, vectors = lobpcg(projected_hamiltonian, guess, largest=False,
/home/erosanow_hpc/informed_swapping/BARK.py:156: UserWarning: Exited at iteration 50 with accuracies 
[3.71205519e-09]
not reaching the requested tolerance 1e-09.
Use iteration 51 instead with accuracy 
3.7120551899801923e-09.

  values, vectors = lobpcg(projected_hamiltonian, guess, largest=False,
/home/erosanow_hpc/informed_swapping/BARK.py:156: UserWarning: Exited postprocessing with accuracies 
[3.71205535e-09]
not reaching the requested tolerance 1e-09.
  values, vectors = lobpcg(projected_hamiltonian, guess, largest=False,
/home/erosanow_hpc/informed_swapping/BARK.py:156: UserWarning: Exited at iteration 50 with accuracies 
[9.93696427e-09]
not reaching the requested tolerance 1e-09.
Use iteration 51 instead with accuracy 
9.936964274131278e-09.

  values, vectors = lobpcg(projected_hamiltonian, guess, largest=False,
/home/erosanow_hpc/informed_swapping/BARK.py:156: UserWarning: Exited postprocessing with accuracies 
[9.93696442e-09]
not reaching the requested tolerance 1e-09.
  values, vectors = lobpcg(projected_hamiltonian, guess, largest=False,
/home/erosanow_hpc/informed_swapping/BARK.py:156: UserWarning: Exited at iteration 50 with accuracies 
[2.49271121e-09]
not reaching the requested tolerance 1e-09.
Use iteration 51 instead with accuracy 
2.492711214440979e-09.

  values, vectors = lobpcg(projected_hamiltonian, guess, largest=False,
/home/erosanow_hpc/informed_swapping/BARK.py:156: UserWarning: Exited postprocessing with accuracies 
[2.492711e-09]
not reaching the requested tolerance 1e-09.
  values, vectors = lobpcg(projected_hamiltonian, guess, largest=False,
/home/erosanow_hpc/informed_swapping/BARK.py:156: UserWarning: Exited at iteration 50 with accuracies 
[7.31440764e-09]
not reaching the requested tolerance 1e-09.
Use iteration 51 instead with accuracy 
7.314407635169463e-09.

  values, vectors = lobpcg(projected_hamiltonian, guess, largest=False,
/home/erosanow_hpc/informed_swapping/BARK.py:156: UserWarning: Exited postprocessing with accuracies 
[7.31440789e-09]
not reaching the requested tolerance 1e-09.
  values, vectors = lobpcg(projected_hamiltonian, guess, largest=False,
/home/erosanow_hpc/informed_swapping/BARK.py:156: UserWarning: Exited at iteration 50 with accuracies 
[6.76689049e-09]
not reaching the requested tolerance 1e-09.
Use iteration 51 instead with accuracy 
6.766890491690136e-09.

  values, vectors = lobpcg(projected_hamiltonian, guess, largest=False,
/home/erosanow_hpc/informed_swapping/BARK.py:156: UserWarning: Exited postprocessing with accuracies 
[6.76689073e-09]
not reaching the requested tolerance 1e-09.
  values, vectors = lobpcg(projected_hamiltonian, guess, largest=False,
/home/erosanow_hpc/informed_swapping/BARK.py:156: UserWarning: Exited at iteration 50 with accuracies 
[7.87516782e-09]
not reaching the requested tolerance 1e-09.
Use iteration 51 instead with accuracy 
7.875167817125294e-09.

  values, vectors = lobpcg(projected_hamiltonian, guess, largest=False,
/home/erosanow_hpc/informed_swapping/BARK.py:156: UserWarning: Exited postprocessing with accuracies 
[7.87516744e-09]
not reaching the requested tolerance 1e-09.
  values, vectors = lobpcg(projected_hamiltonian, guess, largest=False,
/home/erosanow_hpc/informed_swapping/BARK.py:156: UserWarning: Exited at iteration 50 with accuracies 
[4.15932813e-09]
not reaching the requested tolerance 1e-09.
Use iteration 51 instead with accuracy 
4.159328132025599e-09.

  values, vectors = lobpcg(projected_hamiltonian, guess, largest=False,
/home/erosanow_hpc/informed_swapping/BARK.py:156: UserWarning: Exited postprocessing with accuracies 
[4.15932831e-09]
not reaching the requested tolerance 1e-09.
  values, vectors = lobpcg(projected_hamiltonian, guess, largest=False,
/home/erosanow_hpc/informed_swapping/BARK.py:156: UserWarning: Exited at iteration 50 with accuracies 
[1.06060173e-08]
not reaching the requested tolerance 1e-09.
Use iteration 51 instead with accuracy 
1.0606017291918576e-08.

  values, vectors = lobpcg(projected_hamiltonian, guess, largest=False,
/home/erosanow_hpc/informed_swapping/BARK.py:156: UserWarning: Exited postprocessing with accuracies 
[1.0606017e-08]
not reaching the requested tolerance 1e-09.
  values, vectors = lobpcg(projected_hamiltonian, guess, largest=False,
/home/erosanow_hpc/informed_swapping/BARK.py:156: UserWarning: Exited at iteration 50 with accuracies 
[1.06289186e-08]
not reaching the requested tolerance 1e-09.
Use iteration 51 instead with accuracy 
1.0628918607713917e-08.

  values, vectors = lobpcg(projected_hamiltonian, guess, largest=False,
/home/erosanow_hpc/informed_swapping/BARK.py:156: UserWarning: Exited postprocessing with accuracies 
[1.06289189e-08]
not reaching the requested tolerance 1e-09.
  values, vectors = lobpcg(projected_hamiltonian, guess, largest=False,
/home/erosanow_hpc/informed_swapping/BARK.py:156: UserWarning: Exited at iteration 50 with accuracies 
[1.3119482e-08]
not reaching the requested tolerance 1e-09.
Use iteration 51 instead with accuracy 
1.311948202034811e-08.

  values, vectors = lobpcg(projected_hamiltonian, guess, largest=False,
/home/erosanow_hpc/informed_swapping/BARK.py:156: UserWarning: Exited postprocessing with accuracies 
[1.31194821e-08]
not reaching the requested tolerance 1e-09.
  values, vectors = lobpcg(projected_hamiltonian, guess, largest=False,
/home/erosanow_hpc/informed_swapping/BARK.py:156: UserWarning: Exited at iteration 50 with accuracies 
[2.52530194e-09]
not reaching the requested tolerance 1e-09.
Use iteration 51 instead with accuracy 
2.525301943940559e-09.

  values, vectors = lobpcg(projected_hamiltonian, guess, largest=False,
/home/erosanow_hpc/informed_swapping/BARK.py:156: UserWarning: Exited postprocessing with accuracies 
[2.52530178e-09]
not reaching the requested tolerance 1e-09.
  values, vectors = lobpcg(projected_hamiltonian, guess, largest=False,
/home/erosanow_hpc/informed_swapping/BARK.py:156: UserWarning: Exited at iteration 50 with accuracies 
[7.77415199e-09]
not reaching the requested tolerance 1e-09.
Use iteration 51 instead with accuracy 
7.774151992663435e-09.

  values, vectors = lobpcg(projected_hamiltonian, guess, largest=False,
/home/erosanow_hpc/informed_swapping/BARK.py:156: UserWarning: Exited postprocessing with accuracies 
[7.77415206e-09]
not reaching the requested tolerance 1e-09.
  values, vectors = lobpcg(projected_hamiltonian, guess, largest=False,
/home/erosanow_hpc/informed_swapping/BARK.py:156: UserWarning: Exited at iteration 50 with accuracies 
[7.28502434e-09]
not reaching the requested tolerance 1e-09.
Use iteration 51 instead with accuracy 
7.28502434299216e-09.

  values, vectors = lobpcg(projected_hamiltonian, guess, largest=False,
/home/erosanow_hpc/informed_swapping/BARK.py:156: UserWarning: Exited postprocessing with accuracies 
[7.2850246e-09]
not reaching the requested tolerance 1e-09.
  values, vectors = lobpcg(projected_hamiltonian, guess, largest=False,
/home/erosanow_hpc/informed_swapping/BARK.py:156: UserWarning: Exited at iteration 50 with accuracies 
[7.81459418e-09]
not reaching the requested tolerance 1e-09.
Use iteration 51 instead with accuracy 
7.814594178380576e-09.

  values, vectors = lobpcg(projected_hamiltonian, guess, largest=False,
/home/erosanow_hpc/informed_swapping/BARK.py:156: UserWarning: Exited postprocessing with accuracies 
[7.81459378e-09]
not reaching the requested tolerance 1e-09.
  values, vectors = lobpcg(projected_hamiltonian, guess, largest=False,
/home/erosanow_hpc/informed_swapping/BARK.py:156: UserWarning: Exited at iteration 50 with accuracies 
[6.9044895e-09]
not reaching the requested tolerance 1e-09.
Use iteration 51 instead with accuracy 
6.904489498559717e-09.

  values, vectors = lobpcg(projected_hamiltonian, guess, largest=False,
/home/erosanow_hpc/informed_swapping/BARK.py:156: UserWarning: Exited postprocessing with accuracies 
[6.90448899e-09]
not reaching the requested tolerance 1e-09.
  values, vectors = lobpcg(projected_hamiltonian, guess, largest=False,
/home/erosanow_hpc/informed_swapping/BARK.py:156: UserWarning: Exited at iteration 50 with accuracies 
[7.8561285e-09]
not reaching the requested tolerance 1e-09.
Use iteration 51 instead with accuracy 
7.856128501970388e-09.

  values, vectors = lobpcg(projected_hamiltonian, guess, largest=False,
/home/erosanow_hpc/informed_swapping/BARK.py:156: UserWarning: Exited postprocessing with accuracies 
[7.85612898e-09]
not reaching the requested tolerance 1e-09.
  values, vectors = lobpcg(projected_hamiltonian, guess, largest=False,
/home/erosanow_hpc/informed_swapping/BARK.py:156: UserWarning: Exited at iteration 50 with accuracies 
[8.00988314e-09]
not reaching the requested tolerance 1e-09.
Use iteration 51 instead with accuracy 
8.009883137664911e-09.

  values, vectors = lobpcg(projected_hamiltonian, guess, largest=False,
/home/erosanow_hpc/informed_swapping/BARK.py:156: UserWarning: Exited postprocessing with accuracies 
[8.0098831e-09]
not reaching the requested tolerance 1e-09.
  values, vectors = lobpcg(projected_hamiltonian, guess, largest=False,
/home/erosanow_hpc/informed_swapping/BARK.py:156: UserWarning: Exited at iteration 50 with accuracies 
[1.81875951e-08]
not reaching the requested tolerance 1e-09.
Use iteration 51 instead with accuracy 
1.818759512779134e-08.

  values, vectors = lobpcg(projected_hamiltonian, guess, largest=False,
/home/erosanow_hpc/informed_swapping/BARK.py:156: UserWarning: Exited postprocessing with accuracies 
[1.81875953e-08]
not reaching the requested tolerance 1e-09.
  values, vectors = lobpcg(projected_hamiltonian, guess, largest=False,
/home/erosanow_hpc/informed_swapping/BARK.py:156: UserWarning: Exited at iteration 50 with accuracies 
[8.22918471e-09]
not reaching the requested tolerance 1e-09.
Use iteration 51 instead with accuracy 
8.22918470882524e-09.

  values, vectors = lobpcg(projected_hamiltonian, guess, largest=False,
/home/erosanow_hpc/informed_swapping/BARK.py:156: UserWarning: Exited postprocessing with accuracies 
[8.229185e-09]
not reaching the requested tolerance 1e-09.
  values, vectors = lobpcg(projected_hamiltonian, guess, largest=False,
/home/erosanow_hpc/informed_swapping/BARK.py:156: UserWarning: Exited at iteration 50 with accuracies 
[9.06155004e-09]
not reaching the requested tolerance 1e-09.
Use iteration 51 instead with accuracy 
9.06155004487811e-09.

  values, vectors = lobpcg(projected_hamiltonian, guess, largest=False,
/home/erosanow_hpc/informed_swapping/BARK.py:156: UserWarning: Exited postprocessing with accuracies 
[9.06155005e-09]
not reaching the requested tolerance 1e-09.
  values, vectors = lobpcg(projected_hamiltonian, guess, largest=False,
/home/erosanow_hpc/informed_swapping/BARK.py:156: UserWarning: Exited at iteration 50 with accuracies 
[8.33255369e-09]
not reaching the requested tolerance 1e-09.
Use iteration 51 instead with accuracy 
8.33255369085816e-09.

  values, vectors = lobpcg(projected_hamiltonian, guess, largest=False,
/home/erosanow_hpc/informed_swapping/BARK.py:156: UserWarning: Exited postprocessing with accuracies 
[8.33255391e-09]
not reaching the requested tolerance 1e-09.
  values, vectors = lobpcg(projected_hamiltonian, guess, largest=False,
/home/erosanow_hpc/informed_swapping/BARK.py:156: UserWarning: Exited at iteration 50 with accuracies 
[1.9482294e-08]
not reaching the requested tolerance 1e-09.
Use iteration 51 instead with accuracy 
1.9482293966731868e-08.

  values, vectors = lobpcg(projected_hamiltonian, guess, largest=False,
/home/erosanow_hpc/informed_swapping/BARK.py:156: UserWarning: Exited postprocessing with accuracies 
[1.94822943e-08]
not reaching the requested tolerance 1e-09.
  values, vectors = lobpcg(projected_hamiltonian, guess, largest=False,
/home/erosanow_hpc/informed_swapping/BARK.py:156: UserWarning: Exited at iteration 50 with accuracies 
[8.54781224e-09]
not reaching the requested tolerance 1e-09.
Use iteration 51 instead with accuracy 
8.54781224499114e-09.

  values, vectors = lobpcg(projected_hamiltonian, guess, largest=False,
/home/erosanow_hpc/informed_swapping/BARK.py:156: UserWarning: Exited postprocessing with accuracies 
[8.54781249e-09]
not reaching the requested tolerance 1e-09.
  values, vectors = lobpcg(projected_hamiltonian, guess, largest=False,
/home/erosanow_hpc/informed_swapping/BARK.py:156: UserWarning: Exited at iteration 50 with accuracies 
[1.84449539e-08]
not reaching the requested tolerance 1e-09.
Use iteration 51 instead with accuracy 
1.8444953924449203e-08.

  values, vectors = lobpcg(projected_hamiltonian, guess, largest=False,
/home/erosanow_hpc/informed_swapping/BARK.py:156: UserWarning: Exited postprocessing with accuracies 
[1.84449538e-08]
not reaching the requested tolerance 1e-09.
  values, vectors = lobpcg(projected_hamiltonian, guess, largest=False,
/home/erosanow_hpc/informed_swapping/BARK.py:156: UserWarning: Exited at iteration 50 with accuracies 
[1.93675666e-08]
not reaching the requested tolerance 1e-09.
Use iteration 51 instead with accuracy 
1.9367566605132675e-08.

  values, vectors = lobpcg(projected_hamiltonian, guess, largest=False,
/home/erosanow_hpc/informed_swapping/BARK.py:156: UserWarning: Exited postprocessing with accuracies 
[1.93675666e-08]
not reaching the requested tolerance 1e-09.
  values, vectors = lobpcg(projected_hamiltonian, guess, largest=False,
/home/erosanow_hpc/informed_swapping/BARK.py:156: UserWarning: Exited at iteration 50 with accuracies 
[2.60385109e-08]
not reaching the requested tolerance 1e-09.
Use iteration 51 instead with accuracy 
2.603851089694655e-08.

  values, vectors = lobpcg(projected_hamiltonian, guess, largest=False,
/home/erosanow_hpc/informed_swapping/BARK.py:156: UserWarning: Exited postprocessing with accuracies 
[2.60385108e-08]
not reaching the requested tolerance 1e-09.
  values, vectors = lobpcg(projected_hamiltonian, guess, largest=False,
/home/erosanow_hpc/informed_swapping/BARK.py:156: UserWarning: Exited at iteration 50 with accuracies 
[3.80117201e-09]
not reaching the requested tolerance 1e-09.
Use iteration 51 instead with accuracy 
3.801172012874812e-09.

  values, vectors = lobpcg(projected_hamiltonian, guess, largest=False,
/home/erosanow_hpc/informed_swapping/BARK.py:156: UserWarning: Exited postprocessing with accuracies 
[3.80117244e-09]
not reaching the requested tolerance 1e-09.
  values, vectors = lobpcg(projected_hamiltonian, guess, largest=False,
/home/erosanow_hpc/informed_swapping/BARK.py:156: UserWarning: Exited at iteration 50 with accuracies 
[5.44413349e-09]
not reaching the requested tolerance 1e-09.
Use iteration 51 instead with accuracy 
5.4441334855257275e-09.

  values, vectors = lobpcg(projected_hamiltonian, guess, largest=False,
/home/erosanow_hpc/informed_swapping/BARK.py:156: UserWarning: Exited postprocessing with accuracies 
[5.44413305e-09]
not reaching the requested tolerance 1e-09.
  values, vectors = lobpcg(projected_hamiltonian, guess, largest=False,
/home/erosanow_hpc/informed_swapping/BARK.py:156: UserWarning: Exited at iteration 50 with accuracies 
[4.29142661e-09]
not reaching the requested tolerance 1e-09.
Use iteration 51 instead with accuracy 
4.291426609596019e-09.

  values, vectors = lobpcg(projected_hamiltonian, guess, largest=False,
/home/erosanow_hpc/informed_swapping/BARK.py:156: UserWarning: Exited postprocessing with accuracies 
[4.29142609e-09]
not reaching the requested tolerance 1e-09.
  values, vectors = lobpcg(projected_hamiltonian, guess, largest=False,
/home/erosanow_hpc/informed_swapping/BARK.py:156: UserWarning: Exited at iteration 50 with accuracies 
[5.1013236e-09]
not reaching the requested tolerance 1e-09.
Use iteration 51 instead with accuracy 
5.101323600100569e-09.

  values, vectors = lobpcg(projected_hamiltonian, guess, largest=False,
/home/erosanow_hpc/informed_swapping/BARK.py:156: UserWarning: Exited postprocessing with accuracies 
[5.10132325e-09]
not reaching the requested tolerance 1e-09.
  values, vectors = lobpcg(projected_hamiltonian, guess, largest=False,
/home/erosanow_hpc/informed_swapping/BARK.py:156: UserWarning: Exited at iteration 50 with accuracies 
[5.2783799e-09]
not reaching the requested tolerance 1e-09.
Use iteration 51 instead with accuracy 
5.278379901557241e-09.

  values, vectors = lobpcg(projected_hamiltonian, guess, largest=False,
/home/erosanow_hpc/informed_swapping/BARK.py:156: UserWarning: Exited postprocessing with accuracies 
[5.27837958e-09]
not reaching the requested tolerance 1e-09.
  values, vectors = lobpcg(projected_hamiltonian, guess, largest=False,
/home/erosanow_hpc/informed_swapping/BARK.py:156: UserWarning: Exited at iteration 50 with accuracies 
[5.57228265e-09]
not reaching the requested tolerance 1e-09.
Use iteration 51 instead with accuracy 
5.572282650083961e-09.

  values, vectors = lobpcg(projected_hamiltonian, guess, largest=False,
/home/erosanow_hpc/informed_swapping/BARK.py:156: UserWarning: Exited postprocessing with accuracies 
[5.57228278e-09]
not reaching the requested tolerance 1e-09.
  values, vectors = lobpcg(projected_hamiltonian, guess, largest=False,
/home/erosanow_hpc/informed_swapping/BARK.py:156: UserWarning: Exited at iteration 50 with accuracies 
[5.52174955e-09]
not reaching the requested tolerance 1e-09.
Use iteration 51 instead with accuracy 
5.521749550392374e-09.

  values, vectors = lobpcg(projected_hamiltonian, guess, largest=False,
/home/erosanow_hpc/informed_swapping/BARK.py:156: UserWarning: Exited postprocessing with accuracies 
[5.5217494e-09]
not reaching the requested tolerance 1e-09.
  values, vectors = lobpcg(projected_hamiltonian, guess, largest=False,
/home/erosanow_hpc/informed_swapping/BARK.py:156: UserWarning: Exited at iteration 50 with accuracies 
[1.28811538e-08]
not reaching the requested tolerance 1e-09.
Use iteration 51 instead with accuracy 
1.2881153836177279e-08.

  values, vectors = lobpcg(projected_hamiltonian, guess, largest=False,
/home/erosanow_hpc/informed_swapping/BARK.py:156: UserWarning: Exited postprocessing with accuracies 
[1.28811542e-08]
not reaching the requested tolerance 1e-09.
  values, vectors = lobpcg(projected_hamiltonian, guess, largest=False,
/home/erosanow_hpc/informed_swapping/BARK.py:156: UserWarning: Exited at iteration 50 with accuracies 
[7.06443855e-09]
not reaching the requested tolerance 1e-09.
Use iteration 51 instead with accuracy 
7.064438549072463e-09.

  values, vectors = lobpcg(projected_hamiltonian, guess, largest=False,
/home/erosanow_hpc/informed_swapping/BARK.py:156: UserWarning: Exited postprocessing with accuracies 
[7.06443926e-09]
not reaching the requested tolerance 1e-09.
  values, vectors = lobpcg(projected_hamiltonian, guess, largest=False,
/home/erosanow_hpc/informed_swapping/BARK.py:156: UserWarning: Exited at iteration 50 with accuracies 
[8.04113147e-09]
not reaching the requested tolerance 1e-09.
Use iteration 51 instead with accuracy 
8.041131469080063e-09.

  values, vectors = lobpcg(projected_hamiltonian, guess, largest=False,
/home/erosanow_hpc/informed_swapping/BARK.py:156: UserWarning: Exited postprocessing with accuracies 
[8.04113163e-09]
not reaching the requested tolerance 1e-09.
  values, vectors = lobpcg(projected_hamiltonian, guess, largest=False,
/home/erosanow_hpc/informed_swapping/BARK.py:156: UserWarning: Exited at iteration 50 with accuracies 
[1.00489043e-08]
not reaching the requested tolerance 1e-09.
Use iteration 51 instead with accuracy 
1.0048904313342076e-08.

  values, vectors = lobpcg(projected_hamiltonian, guess, largest=False,
/home/erosanow_hpc/informed_swapping/BARK.py:156: UserWarning: Exited postprocessing with accuracies 
[1.00489045e-08]
not reaching the requested tolerance 1e-09.
  values, vectors = lobpcg(projected_hamiltonian, guess, largest=False,
/home/erosanow_hpc/informed_swapping/BARK.py:156: UserWarning: Exited at iteration 50 with accuracies 
[1.16751851e-08]
not reaching the requested tolerance 1e-09.
Use iteration 51 instead with accuracy 
1.1675185106389768e-08.

  values, vectors = lobpcg(projected_hamiltonian, guess, largest=False,
/home/erosanow_hpc/informed_swapping/BARK.py:156: UserWarning: Exited postprocessing with accuracies 
[1.16751852e-08]
not reaching the requested tolerance 1e-09.
  values, vectors = lobpcg(projected_hamiltonian, guess, largest=False,
/home/erosanow_hpc/informed_swapping/BARK.py:156: UserWarning: Exited at iteration 50 with accuracies 
[6.24786071e-09]
not reaching the requested tolerance 1e-09.
Use iteration 51 instead with accuracy 
6.247860709003099e-09.

  values, vectors = lobpcg(projected_hamiltonian, guess, largest=False,
/home/erosanow_hpc/informed_swapping/BARK.py:156: UserWarning: Exited postprocessing with accuracies 
[6.24786075e-09]
not reaching the requested tolerance 1e-09.
  values, vectors = lobpcg(projected_hamiltonian, guess, largest=False,
/home/erosanow_hpc/informed_swapping/BARK.py:156: UserWarning: Exited at iteration 50 with accuracies 
[1.47382953e-08]
not reaching the requested tolerance 1e-09.
Use iteration 51 instead with accuracy 
1.4738295304322263e-08.

  values, vectors = lobpcg(projected_hamiltonian, guess, largest=False,
/home/erosanow_hpc/informed_swapping/BARK.py:156: UserWarning: Exited postprocessing with accuracies 
[1.47382956e-08]
not reaching the requested tolerance 1e-09.
  values, vectors = lobpcg(projected_hamiltonian, guess, largest=False,
/home/erosanow_hpc/informed_swapping/BARK.py:156: UserWarning: Exited at iteration 50 with accuracies 
[9.75884015e-09]
not reaching the requested tolerance 1e-09.
Use iteration 51 instead with accuracy 
9.7588401466753e-09.

  values, vectors = lobpcg(projected_hamiltonian, guess, largest=False,
/home/erosanow_hpc/informed_swapping/BARK.py:156: UserWarning: Exited postprocessing with accuracies 
[9.75883989e-09]
not reaching the requested tolerance 1e-09.
  values, vectors = lobpcg(projected_hamiltonian, guess, largest=False,
/home/erosanow_hpc/informed_swapping/BARK.py:156: UserWarning: Exited at iteration 50 with accuracies 
[2.04530701e-08]
not reaching the requested tolerance 1e-09.
Use iteration 51 instead with accuracy 
2.045307010595522e-08.

  values, vectors = lobpcg(projected_hamiltonian, guess, largest=False,
/home/erosanow_hpc/informed_swapping/BARK.py:156: UserWarning: Exited postprocessing with accuracies 
[2.045307e-08]
not reaching the requested tolerance 1e-09.
  values, vectors = lobpcg(projected_hamiltonian, guess, largest=False,
/home/erosanow_hpc/informed_swapping/BARK.py:156: UserWarning: Exited at iteration 50 with accuracies 
[6.43049921e-09]
not reaching the requested tolerance 1e-09.
Use iteration 51 instead with accuracy 
6.430499212701103e-09.

  values, vectors = lobpcg(projected_hamiltonian, guess, largest=False,
/home/erosanow_hpc/informed_swapping/BARK.py:156: UserWarning: Exited postprocessing with accuracies 
[6.43049853e-09]
not reaching the requested tolerance 1e-09.
  values, vectors = lobpcg(projected_hamiltonian, guess, largest=False,
/home/erosanow_hpc/informed_swapping/BARK.py:156: UserWarning: Exited at iteration 50 with accuracies 
[9.19565884e-09]
not reaching the requested tolerance 1e-09.
Use iteration 51 instead with accuracy 
9.195658840786897e-09.

  values, vectors = lobpcg(projected_hamiltonian, guess, largest=False,
/home/erosanow_hpc/informed_swapping/BARK.py:156: UserWarning: Exited postprocessing with accuracies 
[9.1956589e-09]
not reaching the requested tolerance 1e-09.
  values, vectors = lobpcg(projected_hamiltonian, guess, largest=False,
/home/erosanow_hpc/informed_swapping/BARK.py:156: UserWarning: Exited at iteration 50 with accuracies 
[1.14810148e-08]
not reaching the requested tolerance 1e-09.
Use iteration 51 instead with accuracy 
1.148101477409064e-08.

  values, vectors = lobpcg(projected_hamiltonian, guess, largest=False,
/home/erosanow_hpc/informed_swapping/BARK.py:156: UserWarning: Exited postprocessing with accuracies 
[1.14810153e-08]
not reaching the requested tolerance 1e-09.
  values, vectors = lobpcg(projected_hamiltonian, guess, largest=False,
/home/erosanow_hpc/informed_swapping/BARK.py:156: UserWarning: Exited at iteration 50 with accuracies 
[9.84992379e-09]
not reaching the requested tolerance 1e-09.
Use iteration 51 instead with accuracy 
9.849923785093154e-09.

  values, vectors = lobpcg(projected_hamiltonian, guess, largest=False,
/home/erosanow_hpc/informed_swapping/BARK.py:156: UserWarning: Exited postprocessing with accuracies 
[9.84992353e-09]
not reaching the requested tolerance 1e-09.
  values, vectors = lobpcg(projected_hamiltonian, guess, largest=False,
/home/erosanow_hpc/informed_swapping/BARK.py:156: UserWarning: Exited at iteration 50 with accuracies 
[1.42602451e-08]
not reaching the requested tolerance 1e-09.
Use iteration 51 instead with accuracy 
1.4260245145922677e-08.

  values, vectors = lobpcg(projected_hamiltonian, guess, largest=False,
/home/erosanow_hpc/informed_swapping/BARK.py:156: UserWarning: Exited postprocessing with accuracies 
[1.42602455e-08]
not reaching the requested tolerance 1e-09.
  values, vectors = lobpcg(projected_hamiltonian, guess, largest=False,
/home/erosanow_hpc/informed_swapping/BARK.py:156: UserWarning: Exited at iteration 50 with accuracies 
[1.10813927e-08]
not reaching the requested tolerance 1e-09.
Use iteration 51 instead with accuracy 
1.1081392669384586e-08.

  values, vectors = lobpcg(projected_hamiltonian, guess, largest=False,
/home/erosanow_hpc/informed_swapping/BARK.py:156: UserWarning: Exited postprocessing with accuracies 
[1.1081393e-08]
not reaching the requested tolerance 1e-09.
  values, vectors = lobpcg(projected_hamiltonian, guess, largest=False,
/home/erosanow_hpc/informed_swapping/BARK.py:156: UserWarning: Exited at iteration 50 with accuracies 
[1.16553088e-08]
not reaching the requested tolerance 1e-09.
Use iteration 51 instead with accuracy 
1.1655308762477051e-08.

  values, vectors = lobpcg(projected_hamiltonian, guess, largest=False,
/home/erosanow_hpc/informed_swapping/BARK.py:156: UserWarning: Exited postprocessing with accuracies 
[1.16553091e-08]
not reaching the requested tolerance 1e-09.
  values, vectors = lobpcg(projected_hamiltonian, guess, largest=False,
/home/erosanow_hpc/informed_swapping/BARK.py:156: UserWarning: Exited at iteration 50 with accuracies 
[2.56296649e-08]
not reaching the requested tolerance 1e-09.
Use iteration 51 instead with accuracy 
2.562966494789165e-08.

  values, vectors = lobpcg(projected_hamiltonian, guess, largest=False,
/home/erosanow_hpc/informed_swapping/BARK.py:156: UserWarning: Exited postprocessing with accuracies 
[2.56296649e-08]
not reaching the requested tolerance 1e-09.
  values, vectors = lobpcg(projected_hamiltonian, guess, largest=False,
/home/erosanow_hpc/informed_swapping/BARK.py:156: UserWarning: Exited at iteration 50 with accuracies 
[8.28685458e-09]
not reaching the requested tolerance 1e-09.
Use iteration 51 instead with accuracy 
8.286854578363015e-09.

  values, vectors = lobpcg(projected_hamiltonian, guess, largest=False,
/home/erosanow_hpc/informed_swapping/BARK.py:156: UserWarning: Exited postprocessing with accuracies 
[8.28685487e-09]
not reaching the requested tolerance 1e-09.
  values, vectors = lobpcg(projected_hamiltonian, guess, largest=False,
/home/erosanow_hpc/informed_swapping/BARK.py:156: UserWarning: Exited at iteration 50 with accuracies 
[1.26669507e-08]
not reaching the requested tolerance 1e-09.
Use iteration 51 instead with accuracy 
1.2666950739077706e-08.

  values, vectors = lobpcg(projected_hamiltonian, guess, largest=False,
/home/erosanow_hpc/informed_swapping/BARK.py:156: UserWarning: Exited postprocessing with accuracies 
[1.2666951e-08]
not reaching the requested tolerance 1e-09.
  values, vectors = lobpcg(projected_hamiltonian, guess, largest=False,
/home/erosanow_hpc/informed_swapping/BARK.py:156: UserWarning: Exited at iteration 50 with accuracies 
[2.20673127e-08]
not reaching the requested tolerance 1e-09.
Use iteration 51 instead with accuracy 
2.206731266748786e-08.

  values, vectors = lobpcg(projected_hamiltonian, guess, largest=False,
/home/erosanow_hpc/informed_swapping/BARK.py:156: UserWarning: Exited postprocessing with accuracies 
[2.20673125e-08]
not reaching the requested tolerance 1e-09.
  values, vectors = lobpcg(projected_hamiltonian, guess, largest=False,
/home/erosanow_hpc/informed_swapping/BARK.py:156: UserWarning: Exited at iteration 50 with accuracies 
[2.56022656e-08]
not reaching the requested tolerance 1e-09.
Use iteration 51 instead with accuracy 
2.5602265569397135e-08.

  values, vectors = lobpcg(projected_hamiltonian, guess, largest=False,
/home/erosanow_hpc/informed_swapping/BARK.py:156: UserWarning: Exited postprocessing with accuracies 
[2.56022658e-08]
not reaching the requested tolerance 1e-09.
  values, vectors = lobpcg(projected_hamiltonian, guess, largest=False,
/home/erosanow_hpc/informed_swapping/BARK.py:156: UserWarning: Exited at iteration 50 with accuracies 
[1.79223912e-08]
not reaching the requested tolerance 1e-09.
Use iteration 51 instead with accuracy 
1.7922391187615534e-08.

  values, vectors = lobpcg(projected_hamiltonian, guess, largest=False,
/home/erosanow_hpc/informed_swapping/BARK.py:156: UserWarning: Exited postprocessing with accuracies 
[1.79223909e-08]
not reaching the requested tolerance 1e-09.
  values, vectors = lobpcg(projected_hamiltonian, guess, largest=False,
/home/erosanow_hpc/informed_swapping/BARK.py:156: UserWarning: Exited at iteration 50 with accuracies 
[2.36795547e-08]
not reaching the requested tolerance 1e-09.
Use iteration 51 instead with accuracy 
2.3679554695630865e-08.

  values, vectors = lobpcg(projected_hamiltonian, guess, largest=False,
/home/erosanow_hpc/informed_swapping/BARK.py:156: UserWarning: Exited postprocessing with accuracies 
[2.36795549e-08]
not reaching the requested tolerance 1e-09.
  values, vectors = lobpcg(projected_hamiltonian, guess, largest=False,
/home/erosanow_hpc/informed_swapping/BARK.py:156: UserWarning: Exited at iteration 50 with accuracies 
[2.36575749e-08]
not reaching the requested tolerance 1e-09.
Use iteration 51 instead with accuracy 
2.3657574906965907e-08.

  values, vectors = lobpcg(projected_hamiltonian, guess, largest=False,
/home/erosanow_hpc/informed_swapping/BARK.py:156: UserWarning: Exited postprocessing with accuracies 
[2.36575746e-08]
not reaching the requested tolerance 1e-09.
  values, vectors = lobpcg(projected_hamiltonian, guess, largest=False,
/home/erosanow_hpc/informed_swapping/BARK.py:156: UserWarning: Exited at iteration 50 with accuracies 
[4.71150122e-08]
not reaching the requested tolerance 1e-09.
Use iteration 51 instead with accuracy 
4.711501216640747e-08.

  values, vectors = lobpcg(projected_hamiltonian, guess, largest=False,
/home/erosanow_hpc/informed_swapping/BARK.py:156: UserWarning: Exited postprocessing with accuracies 
[4.71150121e-08]
not reaching the requested tolerance 1e-09.
  values, vectors = lobpcg(projected_hamiltonian, guess, largest=False,
/home/erosanow_hpc/informed_swapping/BARK.py:156: UserWarning: Exited at iteration 50 with accuracies 
[8.87616706e-09]
not reaching the requested tolerance 1e-09.
Use iteration 51 instead with accuracy 
8.876167055389544e-09.

  values, vectors = lobpcg(projected_hamiltonian, guess, largest=False,
/home/erosanow_hpc/informed_swapping/BARK.py:156: UserWarning: Exited postprocessing with accuracies 
[8.87616687e-09]
not reaching the requested tolerance 1e-09.
  values, vectors = lobpcg(projected_hamiltonian, guess, largest=False,
/home/erosanow_hpc/informed_swapping/BARK.py:156: UserWarning: Exited at iteration 50 with accuracies 
[1.05278354e-08]
not reaching the requested tolerance 1e-09.
Use iteration 51 instead with accuracy 
1.0527835422603597e-08.

  values, vectors = lobpcg(projected_hamiltonian, guess, largest=False,
/home/erosanow_hpc/informed_swapping/BARK.py:156: UserWarning: Exited postprocessing with accuracies 
[1.05278354e-08]
not reaching the requested tolerance 1e-09.
  values, vectors = lobpcg(projected_hamiltonian, guess, largest=False,
/home/erosanow_hpc/informed_swapping/BARK.py:156: UserWarning: Exited at iteration 50 with accuracies 
[9.82325836e-09]
not reaching the requested tolerance 1e-09.
Use iteration 51 instead with accuracy 
9.823258363265396e-09.

  values, vectors = lobpcg(projected_hamiltonian, guess, largest=False,
/home/erosanow_hpc/informed_swapping/BARK.py:156: UserWarning: Exited postprocessing with accuracies 
[9.82325818e-09]
not reaching the requested tolerance 1e-09.
  values, vectors = lobpcg(projected_hamiltonian, guess, largest=False,
/home/erosanow_hpc/informed_swapping/BARK.py:156: UserWarning: Exited at iteration 50 with accuracies 
[2.0664285e-08]
not reaching the requested tolerance 1e-09.
Use iteration 51 instead with accuracy 
2.06642849536275e-08.

  values, vectors = lobpcg(projected_hamiltonian, guess, largest=False,
/home/erosanow_hpc/informed_swapping/BARK.py:156: UserWarning: Exited postprocessing with accuracies 
[2.06642855e-08]
not reaching the requested tolerance 1e-09.
  values, vectors = lobpcg(projected_hamiltonian, guess, largest=False,
/home/erosanow_hpc/informed_swapping/BARK.py:156: UserWarning: Exited at iteration 50 with accuracies 
[9.38901396e-09]
not reaching the requested tolerance 1e-09.
Use iteration 51 instead with accuracy 
9.389013963138089e-09.

  values, vectors = lobpcg(projected_hamiltonian, guess, largest=False,
/home/erosanow_hpc/informed_swapping/BARK.py:156: UserWarning: Exited postprocessing with accuracies 
[9.38901437e-09]
not reaching the requested tolerance 1e-09.
  values, vectors = lobpcg(projected_hamiltonian, guess, largest=False,
/home/erosanow_hpc/informed_swapping/BARK.py:156: UserWarning: Exited at iteration 50 with accuracies 
[2.06254648e-08]
not reaching the requested tolerance 1e-09.
Use iteration 51 instead with accuracy 
2.0625464755703582e-08.

  values, vectors = lobpcg(projected_hamiltonian, guess, largest=False,
/home/erosanow_hpc/informed_swapping/BARK.py:156: UserWarning: Exited postprocessing with accuracies 
[2.0625465e-08]
not reaching the requested tolerance 1e-09.
  values, vectors = lobpcg(projected_hamiltonian, guess, largest=False,
/home/erosanow_hpc/informed_swapping/BARK.py:156: UserWarning: Exited at iteration 50 with accuracies 
[2.10179971e-08]
not reaching the requested tolerance 1e-09.
Use iteration 51 instead with accuracy 
2.1017997109692622e-08.

  values, vectors = lobpcg(projected_hamiltonian, guess, largest=False,
/home/erosanow_hpc/informed_swapping/BARK.py:156: UserWarning: Exited postprocessing with accuracies 
[2.10179969e-08]
not reaching the requested tolerance 1e-09.
  values, vectors = lobpcg(projected_hamiltonian, guess, largest=False,
/home/erosanow_hpc/informed_swapping/BARK.py:156: UserWarning: Exited at iteration 50 with accuracies 
[2.75336926e-08]
not reaching the requested tolerance 1e-09.
Use iteration 51 instead with accuracy 
2.7533692579339766e-08.

  values, vectors = lobpcg(projected_hamiltonian, guess, largest=False,
/home/erosanow_hpc/informed_swapping/BARK.py:156: UserWarning: Exited postprocessing with accuracies 
[2.75336925e-08]
not reaching the requested tolerance 1e-09.
  values, vectors = lobpcg(projected_hamiltonian, guess, largest=False,
/home/erosanow_hpc/informed_swapping/BARK.py:156: UserWarning: Exited at iteration 50 with accuracies 
[1.1517756e-08]
not reaching the requested tolerance 1e-09.
Use iteration 51 instead with accuracy 
1.151775596728761e-08.

  values, vectors = lobpcg(projected_hamiltonian, guess, largest=False,
/home/erosanow_hpc/informed_swapping/BARK.py:156: UserWarning: Exited postprocessing with accuracies 
[1.15177562e-08]
not reaching the requested tolerance 1e-09.
  values, vectors = lobpcg(projected_hamiltonian, guess, largest=False,
/home/erosanow_hpc/informed_swapping/BARK.py:156: UserWarning: Exited at iteration 50 with accuracies 
[2.4151271e-08]
not reaching the requested tolerance 1e-09.
Use iteration 51 instead with accuracy 
2.41512710186239e-08.

  values, vectors = lobpcg(projected_hamiltonian, guess, largest=False,
/home/erosanow_hpc/informed_swapping/BARK.py:156: UserWarning: Exited postprocessing with accuracies 
[2.41512709e-08]
not reaching the requested tolerance 1e-09.
  values, vectors = lobpcg(projected_hamiltonian, guess, largest=False,
/home/erosanow_hpc/informed_swapping/BARK.py:156: UserWarning: Exited at iteration 50 with accuracies 
[2.24890478e-08]
not reaching the requested tolerance 1e-09.
Use iteration 51 instead with accuracy 
2.2489047766575202e-08.

  values, vectors = lobpcg(projected_hamiltonian, guess, largest=False,
/home/erosanow_hpc/informed_swapping/BARK.py:156: UserWarning: Exited postprocessing with accuracies 
[2.2489048e-08]
not reaching the requested tolerance 1e-09.
  values, vectors = lobpcg(projected_hamiltonian, guess, largest=False,
/home/erosanow_hpc/informed_swapping/BARK.py:156: UserWarning: Exited at iteration 50 with accuracies 
[3.06014138e-08]
not reaching the requested tolerance 1e-09.
Use iteration 51 instead with accuracy 
3.060141384912872e-08.

  values, vectors = lobpcg(projected_hamiltonian, guess, largest=False,
/home/erosanow_hpc/informed_swapping/BARK.py:156: UserWarning: Exited postprocessing with accuracies 
[3.06014139e-08]
not reaching the requested tolerance 1e-09.
  values, vectors = lobpcg(projected_hamiltonian, guess, largest=False,
/home/erosanow_hpc/informed_swapping/BARK.py:156: UserWarning: Exited at iteration 50 with accuracies 
[2.24429943e-08]
not reaching the requested tolerance 1e-09.
Use iteration 51 instead with accuracy 
2.2442994326745364e-08.

  values, vectors = lobpcg(projected_hamiltonian, guess, largest=False,
/home/erosanow_hpc/informed_swapping/BARK.py:156: UserWarning: Exited postprocessing with accuracies 
[2.24429948e-08]
not reaching the requested tolerance 1e-09.
  values, vectors = lobpcg(projected_hamiltonian, guess, largest=False,
/home/erosanow_hpc/informed_swapping/BARK.py:156: UserWarning: Exited at iteration 50 with accuracies 
[2.91557176e-08]
not reaching the requested tolerance 1e-09.
Use iteration 51 instead with accuracy 
2.915571755738322e-08.

  values, vectors = lobpcg(projected_hamiltonian, guess, largest=False,
/home/erosanow_hpc/informed_swapping/BARK.py:156: UserWarning: Exited postprocessing with accuracies 
[2.91557179e-08]
not reaching the requested tolerance 1e-09.
  values, vectors = lobpcg(projected_hamiltonian, guess, largest=False,
/home/erosanow_hpc/informed_swapping/BARK.py:156: UserWarning: Exited at iteration 50 with accuracies 
[2.99333749e-08]
not reaching the requested tolerance 1e-09.
Use iteration 51 instead with accuracy 
2.9933374890583657e-08.

  values, vectors = lobpcg(projected_hamiltonian, guess, largest=False,
/home/erosanow_hpc/informed_swapping/BARK.py:156: UserWarning: Exited postprocessing with accuracies 
[2.99333745e-08]
not reaching the requested tolerance 1e-09.
  values, vectors = lobpcg(projected_hamiltonian, guess, largest=False,
/home/erosanow_hpc/informed_swapping/BARK.py:156: UserWarning: Exited at iteration 50 with accuracies 
[6.08759998e-08]
not reaching the requested tolerance 1e-09.
Use iteration 51 instead with accuracy 
6.087599978571421e-08.

  values, vectors = lobpcg(projected_hamiltonian, guess, largest=False,
/home/erosanow_hpc/informed_swapping/BARK.py:156: UserWarning: Exited postprocessing with accuracies 
[6.08759995e-08]
not reaching the requested tolerance 1e-09.
  values, vectors = lobpcg(projected_hamiltonian, guess, largest=False,
/home/erosanow_hpc/informed_swapping/BARK.py:156: UserWarning: Exited at iteration 50 with accuracies 
[1.72878326e-08]
not reaching the requested tolerance 1e-09.
Use iteration 51 instead with accuracy 
1.728783258361774e-08.

  values, vectors = lobpcg(projected_hamiltonian, guess, largest=False,
/home/erosanow_hpc/informed_swapping/BARK.py:156: UserWarning: Exited postprocessing with accuracies 
[1.72878325e-08]
not reaching the requested tolerance 1e-09.
  values, vectors = lobpcg(projected_hamiltonian, guess, largest=False,
/home/erosanow_hpc/informed_swapping/BARK.py:156: UserWarning: Exited at iteration 50 with accuracies 
[2.12516653e-08]
not reaching the requested tolerance 1e-09.
Use iteration 51 instead with accuracy 
2.1251665265105583e-08.

  values, vectors = lobpcg(projected_hamiltonian, guess, largest=False,
/home/erosanow_hpc/informed_swapping/BARK.py:156: UserWarning: Exited postprocessing with accuracies 
[2.12516653e-08]
not reaching the requested tolerance 1e-09.
  values, vectors = lobpcg(projected_hamiltonian, guess, largest=False,
/home/erosanow_hpc/informed_swapping/BARK.py:156: UserWarning: Exited at iteration 50 with accuracies 
[1.95360133e-08]
not reaching the requested tolerance 1e-09.
Use iteration 51 instead with accuracy 
1.9536013321752395e-08.

  values, vectors = lobpcg(projected_hamiltonian, guess, largest=False,
/home/erosanow_hpc/informed_swapping/BARK.py:156: UserWarning: Exited postprocessing with accuracies 
[1.95360131e-08]
not reaching the requested tolerance 1e-09.
  values, vectors = lobpcg(projected_hamiltonian, guess, largest=False,
/home/erosanow_hpc/informed_swapping/BARK.py:156: UserWarning: Exited at iteration 50 with accuracies 
[3.9983463e-08]
not reaching the requested tolerance 1e-09.
Use iteration 51 instead with accuracy 
3.9983463010350174e-08.

  values, vectors = lobpcg(projected_hamiltonian, guess, largest=False,
/home/erosanow_hpc/informed_swapping/BARK.py:156: UserWarning: Exited postprocessing with accuracies 
[3.9983463e-08]
not reaching the requested tolerance 1e-09.
  values, vectors = lobpcg(projected_hamiltonian, guess, largest=False,
/home/erosanow_hpc/informed_swapping/BARK.py:156: UserWarning: Exited at iteration 50 with accuracies 
[2.02716131e-08]
not reaching the requested tolerance 1e-09.
Use iteration 51 instead with accuracy 
2.0271613123985748e-08.

  values, vectors = lobpcg(projected_hamiltonian, guess, largest=False,
/home/erosanow_hpc/informed_swapping/BARK.py:156: UserWarning: Exited postprocessing with accuracies 
[2.02716133e-08]
not reaching the requested tolerance 1e-09.
  values, vectors = lobpcg(projected_hamiltonian, guess, largest=False,
/home/erosanow_hpc/informed_swapping/BARK.py:156: UserWarning: Exited at iteration 50 with accuracies 
[3.88591614e-08]
not reaching the requested tolerance 1e-09.
Use iteration 51 instead with accuracy 
3.885916141049015e-08.

  values, vectors = lobpcg(projected_hamiltonian, guess, largest=False,
/home/erosanow_hpc/informed_swapping/BARK.py:156: UserWarning: Exited postprocessing with accuracies 
[3.88591615e-08]
not reaching the requested tolerance 1e-09.
  values, vectors = lobpcg(projected_hamiltonian, guess, largest=False,
/home/erosanow_hpc/informed_swapping/BARK.py:156: UserWarning: Exited at iteration 50 with accuracies 
[3.97881587e-08]
not reaching the requested tolerance 1e-09.
Use iteration 51 instead with accuracy 
3.978815869827459e-08.

  values, vectors = lobpcg(projected_hamiltonian, guess, largest=False,
/home/erosanow_hpc/informed_swapping/BARK.py:156: UserWarning: Exited postprocessing with accuracies 
[3.97881593e-08]
not reaching the requested tolerance 1e-09.
  values, vectors = lobpcg(projected_hamiltonian, guess, largest=False,
/home/erosanow_hpc/informed_swapping/BARK.py:156: UserWarning: Exited at iteration 50 with accuracies 
[5.85662579e-08]
not reaching the requested tolerance 1e-09.
Use iteration 51 instead with accuracy 
5.8566257864657826e-08.

  values, vectors = lobpcg(projected_hamiltonian, guess, largest=False,
/home/erosanow_hpc/informed_swapping/BARK.py:156: UserWarning: Exited postprocessing with accuracies 
[5.85662577e-08]
not reaching the requested tolerance 1e-09.
  values, vectors = lobpcg(projected_hamiltonian, guess, largest=False,
/home/erosanow_hpc/informed_swapping/BARK.py:156: UserWarning: Exited at iteration 50 with accuracies 
[2.44875333e-08]
not reaching the requested tolerance 1e-09.
Use iteration 51 instead with accuracy 
2.4487533333610594e-08.

  values, vectors = lobpcg(projected_hamiltonian, guess, largest=False,
/home/erosanow_hpc/informed_swapping/BARK.py:156: UserWarning: Exited postprocessing with accuracies 
[2.44875339e-08]
not reaching the requested tolerance 1e-09.
  values, vectors = lobpcg(projected_hamiltonian, guess, largest=False,
/home/erosanow_hpc/informed_swapping/BARK.py:156: UserWarning: Exited at iteration 50 with accuracies 
[4.88064241e-08]
not reaching the requested tolerance 1e-09.
Use iteration 51 instead with accuracy 
4.8806424050942934e-08.

  values, vectors = lobpcg(projected_hamiltonian, guess, largest=False,
/home/erosanow_hpc/informed_swapping/BARK.py:156: UserWarning: Exited postprocessing with accuracies 
[4.88064245e-08]
not reaching the requested tolerance 1e-09.
  values, vectors = lobpcg(projected_hamiltonian, guess, largest=False,
/home/erosanow_hpc/informed_swapping/BARK.py:156: UserWarning: Exited at iteration 50 with accuracies 
[4.59775977e-08]
not reaching the requested tolerance 1e-09.
Use iteration 51 instead with accuracy 
4.5977597651582805e-08.

  values, vectors = lobpcg(projected_hamiltonian, guess, largest=False,
/home/erosanow_hpc/informed_swapping/BARK.py:156: UserWarning: Exited postprocessing with accuracies 
[4.59775974e-08]
not reaching the requested tolerance 1e-09.
  values, vectors = lobpcg(projected_hamiltonian, guess, largest=False,
/home/erosanow_hpc/informed_swapping/BARK.py:156: UserWarning: Exited at iteration 50 with accuracies 
[6.44493947e-08]
not reaching the requested tolerance 1e-09.
Use iteration 51 instead with accuracy 
6.444939465306646e-08.

  values, vectors = lobpcg(projected_hamiltonian, guess, largest=False,
/home/erosanow_hpc/informed_swapping/BARK.py:156: UserWarning: Exited postprocessing with accuracies 
[6.44493942e-08]
not reaching the requested tolerance 1e-09.
  values, vectors = lobpcg(projected_hamiltonian, guess, largest=False,
/home/erosanow_hpc/informed_swapping/BARK.py:156: UserWarning: Exited at iteration 50 with accuracies 
[4.41873502e-08]
not reaching the requested tolerance 1e-09.
Use iteration 51 instead with accuracy 
4.418735022336903e-08.

  values, vectors = lobpcg(projected_hamiltonian, guess, largest=False,
/home/erosanow_hpc/informed_swapping/BARK.py:156: UserWarning: Exited postprocessing with accuracies 
[4.41873502e-08]
not reaching the requested tolerance 1e-09.
  values, vectors = lobpcg(projected_hamiltonian, guess, largest=False,
/home/erosanow_hpc/informed_swapping/BARK.py:156: UserWarning: Exited at iteration 50 with accuracies 
[6.32761714e-08]
not reaching the requested tolerance 1e-09.
Use iteration 51 instead with accuracy 
6.327617140082792e-08.

  values, vectors = lobpcg(projected_hamiltonian, guess, largest=False,
/home/erosanow_hpc/informed_swapping/BARK.py:156: UserWarning: Exited postprocessing with accuracies 
[6.32761716e-08]
not reaching the requested tolerance 1e-09.
  values, vectors = lobpcg(projected_hamiltonian, guess, largest=False,
/home/erosanow_hpc/informed_swapping/BARK.py:156: UserWarning: Exited at iteration 50 with accuracies 
[6.72738597e-08]
not reaching the requested tolerance 1e-09.
Use iteration 51 instead with accuracy 
6.727385970777593e-08.

  values, vectors = lobpcg(projected_hamiltonian, guess, largest=False,
/home/erosanow_hpc/informed_swapping/BARK.py:156: UserWarning: Exited postprocessing with accuracies 
[6.72738604e-08]
not reaching the requested tolerance 1e-09.
  values, vectors = lobpcg(projected_hamiltonian, guess, largest=False,
/home/erosanow_hpc/informed_swapping/BARK.py:156: UserWarning: Exited at iteration 50 with accuracies 
[1.25993269e-07]
not reaching the requested tolerance 1e-09.
Use iteration 51 instead with accuracy 
1.2599326937762667e-07.

  values, vectors = lobpcg(projected_hamiltonian, guess, largest=False,
/home/erosanow_hpc/informed_swapping/BARK.py:156: UserWarning: Exited postprocessing with accuracies 
[1.2599327e-07]
not reaching the requested tolerance 1e-09.
  values, vectors = lobpcg(projected_hamiltonian, guess, largest=False,
/home/erosanow_hpc/informed_swapping/BARK.py:156: UserWarning: Exited at iteration 50 with accuracies 
[1.42585557e-09]
not reaching the requested tolerance 1e-09.
Use iteration 51 instead with accuracy 
1.4258555674571206e-09.

  values, vectors = lobpcg(projected_hamiltonian, guess, largest=False,
/home/erosanow_hpc/informed_swapping/BARK.py:156: UserWarning: Exited postprocessing with accuracies 
[1.42585633e-09]
not reaching the requested tolerance 1e-09.
  values, vectors = lobpcg(projected_hamiltonian, guess, largest=False,
/home/erosanow_hpc/informed_swapping/BARK.py:156: UserWarning: Exited at iteration 50 with accuracies 
[1.29198841e-09]
not reaching the requested tolerance 1e-09.
Use iteration 51 instead with accuracy 
1.291988407791341e-09.

  values, vectors = lobpcg(projected_hamiltonian, guess, largest=False,
/home/erosanow_hpc/informed_swapping/BARK.py:156: UserWarning: Exited postprocessing with accuracies 
[1.29198732e-09]
not reaching the requested tolerance 1e-09.
  values, vectors = lobpcg(projected_hamiltonian, guess, largest=False,
/home/erosanow_hpc/informed_swapping/BARK.py:156: UserWarning: Exited at iteration 50 with accuracies 
[1.00513198e-09]
not reaching the requested tolerance 1e-09.
Use iteration 51 instead with accuracy 
1.0051319783699754e-09.

  values, vectors = lobpcg(projected_hamiltonian, guess, largest=False,
/home/erosanow_hpc/informed_swapping/BARK.py:156: UserWarning: Exited postprocessing with accuracies 
[1.00513162e-09]
not reaching the requested tolerance 1e-09.
  values, vectors = lobpcg(projected_hamiltonian, guess, largest=False,
/home/erosanow_hpc/informed_swapping/BARK.py:156: UserWarning: Exited at iteration 50 with accuracies 
[1.60332333e-09]
not reaching the requested tolerance 1e-09.
Use iteration 51 instead with accuracy 
1.6033233349775374e-09.

  values, vectors = lobpcg(projected_hamiltonian, guess, largest=False,
/home/erosanow_hpc/informed_swapping/BARK.py:156: UserWarning: Exited postprocessing with accuracies 
[1.60332324e-09]
not reaching the requested tolerance 1e-09.
  values, vectors = lobpcg(projected_hamiltonian, guess, largest=False,
/home/erosanow_hpc/informed_swapping/BARK.py:156: UserWarning: Exited at iteration 50 with accuracies 
[1.2923346e-09]
not reaching the requested tolerance 1e-09.
Use iteration 51 instead with accuracy 
1.2923345993899626e-09.

  values, vectors = lobpcg(projected_hamiltonian, guess, largest=False,
/home/erosanow_hpc/informed_swapping/BARK.py:156: UserWarning: Exited postprocessing with accuracies 
[1.29233421e-09]
not reaching the requested tolerance 1e-09.
  values, vectors = lobpcg(projected_hamiltonian, guess, largest=False,
/home/erosanow_hpc/informed_swapping/BARK.py:156: UserWarning: Exited at iteration 50 with accuracies 
[1.64851702e-09]
not reaching the requested tolerance 1e-09.
Use iteration 51 instead with accuracy 
1.6485170202831286e-09.

  values, vectors = lobpcg(projected_hamiltonian, guess, largest=False,
/home/erosanow_hpc/informed_swapping/BARK.py:156: UserWarning: Exited postprocessing with accuracies 
[1.64851649e-09]
not reaching the requested tolerance 1e-09.
  values, vectors = lobpcg(projected_hamiltonian, guess, largest=False,
/home/erosanow_hpc/informed_swapping/BARK.py:156: UserWarning: Exited at iteration 50 with accuracies 
[1.47911089e-09]
not reaching the requested tolerance 1e-09.
Use iteration 51 instead with accuracy 
1.4791108895875912e-09.

  values, vectors = lobpcg(projected_hamiltonian, guess, largest=False,
/home/erosanow_hpc/informed_swapping/BARK.py:156: UserWarning: Exited postprocessing with accuracies 
[1.47911143e-09]
not reaching the requested tolerance 1e-09.
  values, vectors = lobpcg(projected_hamiltonian, guess, largest=False,
/home/erosanow_hpc/informed_swapping/BARK.py:156: UserWarning: Exited at iteration 50 with accuracies 
[2.03863584e-09]
not reaching the requested tolerance 1e-09.
Use iteration 51 instead with accuracy 
2.0386358352887916e-09.

  values, vectors = lobpcg(projected_hamiltonian, guess, largest=False,
/home/erosanow_hpc/informed_swapping/BARK.py:156: UserWarning: Exited postprocessing with accuracies 
[2.0386353e-09]
not reaching the requested tolerance 1e-09.
  values, vectors = lobpcg(projected_hamiltonian, guess, largest=False,
/home/erosanow_hpc/informed_swapping/BARK.py:156: UserWarning: Exited at iteration 50 with accuracies 
[1.74743266e-09]
not reaching the requested tolerance 1e-09.
Use iteration 51 instead with accuracy 
1.7474326568209527e-09.

  values, vectors = lobpcg(projected_hamiltonian, guess, largest=False,
/home/erosanow_hpc/informed_swapping/BARK.py:156: UserWarning: Exited postprocessing with accuracies 
[1.74743268e-09]
not reaching the requested tolerance 1e-09.
  values, vectors = lobpcg(projected_hamiltonian, guess, largest=False,
/home/erosanow_hpc/informed_swapping/BARK.py:156: UserWarning: Exited at iteration 50 with accuracies 
[1.50501718e-09]
not reaching the requested tolerance 1e-09.
Use iteration 51 instead with accuracy 
1.505017175791197e-09.

  values, vectors = lobpcg(projected_hamiltonian, guess, largest=False,
/home/erosanow_hpc/informed_swapping/BARK.py:156: UserWarning: Exited postprocessing with accuracies 
[1.50501786e-09]
not reaching the requested tolerance 1e-09.
  values, vectors = lobpcg(projected_hamiltonian, guess, largest=False,
/home/erosanow_hpc/informed_swapping/BARK.py:156: UserWarning: Exited at iteration 50 with accuracies 
[1.31763258e-09]
not reaching the requested tolerance 1e-09.
Use iteration 51 instead with accuracy 
1.3176325766966861e-09.

  values, vectors = lobpcg(projected_hamiltonian, guess, largest=False,
/home/erosanow_hpc/informed_swapping/BARK.py:156: UserWarning: Exited postprocessing with accuracies 
[1.31763222e-09]
not reaching the requested tolerance 1e-09.
  values, vectors = lobpcg(projected_hamiltonian, guess, largest=False,
/home/erosanow_hpc/informed_swapping/BARK.py:156: UserWarning: Exited at iteration 50 with accuracies 
[1.56037254e-09]
not reaching the requested tolerance 1e-09.
Use iteration 51 instead with accuracy 
1.5603725358443073e-09.

  values, vectors = lobpcg(projected_hamiltonian, guess, largest=False,
/home/erosanow_hpc/informed_swapping/BARK.py:156: UserWarning: Exited postprocessing with accuracies 
[1.56037303e-09]
not reaching the requested tolerance 1e-09.
  values, vectors = lobpcg(projected_hamiltonian, guess, largest=False,
/home/erosanow_hpc/informed_swapping/BARK.py:156: UserWarning: Exited at iteration 50 with accuracies 
[1.38086763e-09]
not reaching the requested tolerance 1e-09.
Use iteration 51 instead with accuracy 
1.3808676272498296e-09.

  values, vectors = lobpcg(projected_hamiltonian, guess, largest=False,
/home/erosanow_hpc/informed_swapping/BARK.py:156: UserWarning: Exited postprocessing with accuracies 
[1.38086814e-09]
not reaching the requested tolerance 1e-09.
  values, vectors = lobpcg(projected_hamiltonian, guess, largest=False,
/home/erosanow_hpc/informed_swapping/BARK.py:156: UserWarning: Exited at iteration 50 with accuracies 
[1.40253894e-09]
not reaching the requested tolerance 1e-09.
Use iteration 51 instead with accuracy 
1.4025389390720728e-09.

  values, vectors = lobpcg(projected_hamiltonian, guess, largest=False,
/home/erosanow_hpc/informed_swapping/BARK.py:156: UserWarning: Exited postprocessing with accuracies 
[1.40253876e-09]
not reaching the requested tolerance 1e-09.
  values, vectors = lobpcg(projected_hamiltonian, guess, largest=False,
/home/erosanow_hpc/informed_swapping/BARK.py:156: UserWarning: Exited at iteration 50 with accuracies 
[3.8317201e-09]
not reaching the requested tolerance 1e-09.
Use iteration 51 instead with accuracy 
3.831720100560232e-09.

  values, vectors = lobpcg(projected_hamiltonian, guess, largest=False,
/home/erosanow_hpc/informed_swapping/BARK.py:156: UserWarning: Exited postprocessing with accuracies 
[3.83172012e-09]
not reaching the requested tolerance 1e-09.
  values, vectors = lobpcg(projected_hamiltonian, guess, largest=False,
/home/erosanow_hpc/informed_swapping/BARK.py:156: UserWarning: Exited at iteration 50 with accuracies 
[1.04308916e-09]
not reaching the requested tolerance 1e-09.
Use iteration 51 instead with accuracy 
1.0430891616248267e-09.

  values, vectors = lobpcg(projected_hamiltonian, guess, largest=False,
/home/erosanow_hpc/informed_swapping/BARK.py:156: UserWarning: Exited postprocessing with accuracies 
[1.0430893e-09]
not reaching the requested tolerance 1e-09.
  values, vectors = lobpcg(projected_hamiltonian, guess, largest=False,
/home/erosanow_hpc/informed_swapping/BARK.py:156: UserWarning: Exited at iteration 50 with accuracies 
[2.98021858e-09]
not reaching the requested tolerance 1e-09.
Use iteration 51 instead with accuracy 
2.9802185847655845e-09.

  values, vectors = lobpcg(projected_hamiltonian, guess, largest=False,
/home/erosanow_hpc/informed_swapping/BARK.py:156: UserWarning: Exited postprocessing with accuracies 
[2.98021921e-09]
not reaching the requested tolerance 1e-09.
  values, vectors = lobpcg(projected_hamiltonian, guess, largest=False,
/home/erosanow_hpc/informed_swapping/BARK.py:156: UserWarning: Exited at iteration 50 with accuracies 
[2.73168623e-09]
not reaching the requested tolerance 1e-09.
Use iteration 51 instead with accuracy 
2.7316862347134547e-09.

  values, vectors = lobpcg(projected_hamiltonian, guess, largest=False,
/home/erosanow_hpc/informed_swapping/BARK.py:156: UserWarning: Exited postprocessing with accuracies 
[2.73168595e-09]
not reaching the requested tolerance 1e-09.
  values, vectors = lobpcg(projected_hamiltonian, guess, largest=False,
/home/erosanow_hpc/informed_swapping/BARK.py:156: UserWarning: Exited at iteration 50 with accuracies 
[2.53539523e-09]
not reaching the requested tolerance 1e-09.
Use iteration 51 instead with accuracy 
2.5353952253506045e-09.

  values, vectors = lobpcg(projected_hamiltonian, guess, largest=False,
/home/erosanow_hpc/informed_swapping/BARK.py:156: UserWarning: Exited postprocessing with accuracies 
[2.53539508e-09]
not reaching the requested tolerance 1e-09.
  values, vectors = lobpcg(projected_hamiltonian, guess, largest=False,
/home/erosanow_hpc/informed_swapping/BARK.py:156: UserWarning: Exited at iteration 50 with accuracies 
[2.26258824e-09]
not reaching the requested tolerance 1e-09.
Use iteration 51 instead with accuracy 
2.262588244276657e-09.

  values, vectors = lobpcg(projected_hamiltonian, guess, largest=False,
/home/erosanow_hpc/informed_swapping/BARK.py:156: UserWarning: Exited postprocessing with accuracies 
[2.26258846e-09]
not reaching the requested tolerance 1e-09.
  values, vectors = lobpcg(projected_hamiltonian, guess, largest=False,
/home/erosanow_hpc/informed_swapping/BARK.py:156: UserWarning: Exited at iteration 50 with accuracies 
[2.08769694e-09]
not reaching the requested tolerance 1e-09.
Use iteration 51 instead with accuracy 
2.0876969393913483e-09.

  values, vectors = lobpcg(projected_hamiltonian, guess, largest=False,
/home/erosanow_hpc/informed_swapping/BARK.py:156: UserWarning: Exited postprocessing with accuracies 
[2.08769676e-09]
not reaching the requested tolerance 1e-09.
  values, vectors = lobpcg(projected_hamiltonian, guess, largest=False,
/home/erosanow_hpc/informed_swapping/BARK.py:156: UserWarning: Exited at iteration 50 with accuracies 
[2.20872221e-09]
not reaching the requested tolerance 1e-09.
Use iteration 51 instead with accuracy 
2.208722209301036e-09.

  values, vectors = lobpcg(projected_hamiltonian, guess, largest=False,
/home/erosanow_hpc/informed_swapping/BARK.py:156: UserWarning: Exited postprocessing with accuracies 
[2.20872204e-09]
not reaching the requested tolerance 1e-09.
  values, vectors = lobpcg(projected_hamiltonian, guess, largest=False,
/home/erosanow_hpc/informed_swapping/BARK.py:156: UserWarning: Exited at iteration 50 with accuracies 
[5.62253027e-09]
not reaching the requested tolerance 1e-09.
Use iteration 51 instead with accuracy 
5.622530266265131e-09.

  values, vectors = lobpcg(projected_hamiltonian, guess, largest=False,
/home/erosanow_hpc/informed_swapping/BARK.py:156: UserWarning: Exited postprocessing with accuracies 
[5.62252991e-09]
not reaching the requested tolerance 1e-09.
  values, vectors = lobpcg(projected_hamiltonian, guess, largest=False,
/home/erosanow_hpc/informed_swapping/BARK.py:156: UserWarning: Exited at iteration 50 with accuracies 
[1.30861971e-09]
not reaching the requested tolerance 1e-09.
Use iteration 51 instead with accuracy 
1.3086197075042252e-09.

  values, vectors = lobpcg(projected_hamiltonian, guess, largest=False,
/home/erosanow_hpc/informed_swapping/BARK.py:156: UserWarning: Exited postprocessing with accuracies 
[1.30862006e-09]
not reaching the requested tolerance 1e-09.
  values, vectors = lobpcg(projected_hamiltonian, guess, largest=False,
/home/erosanow_hpc/informed_swapping/BARK.py:156: UserWarning: Exited at iteration 50 with accuracies 
[1.08835647e-09]
not reaching the requested tolerance 1e-09.
Use iteration 51 instead with accuracy 
1.0883564694231848e-09.

  values, vectors = lobpcg(projected_hamiltonian, guess, largest=False,
/home/erosanow_hpc/informed_swapping/BARK.py:156: UserWarning: Exited postprocessing with accuracies 
[1.08835685e-09]
not reaching the requested tolerance 1e-09.
  values, vectors = lobpcg(projected_hamiltonian, guess, largest=False,
/home/erosanow_hpc/informed_swapping/BARK.py:156: UserWarning: Exited at iteration 50 with accuracies 
[1.9326837e-09]
not reaching the requested tolerance 1e-09.
Use iteration 51 instead with accuracy 
1.932683697125472e-09.

  values, vectors = lobpcg(projected_hamiltonian, guess, largest=False,
/home/erosanow_hpc/informed_swapping/BARK.py:156: UserWarning: Exited postprocessing with accuracies 
[1.93268426e-09]
not reaching the requested tolerance 1e-09.
  values, vectors = lobpcg(projected_hamiltonian, guess, largest=False,
/home/erosanow_hpc/informed_swapping/BARK.py:156: UserWarning: Exited at iteration 50 with accuracies 
[1.61174327e-09]
not reaching the requested tolerance 1e-09.
Use iteration 51 instead with accuracy 
1.6117432680636109e-09.

  values, vectors = lobpcg(projected_hamiltonian, guess, largest=False,
/home/erosanow_hpc/informed_swapping/BARK.py:156: UserWarning: Exited postprocessing with accuracies 
[1.61174311e-09]
not reaching the requested tolerance 1e-09.
  values, vectors = lobpcg(projected_hamiltonian, guess, largest=False,
/home/erosanow_hpc/informed_swapping/BARK.py:156: UserWarning: Exited at iteration 50 with accuracies 
[1.12223015e-09]
not reaching the requested tolerance 1e-09.
Use iteration 51 instead with accuracy 
1.1222301527712509e-09.

  values, vectors = lobpcg(projected_hamiltonian, guess, largest=False,
/home/erosanow_hpc/informed_swapping/BARK.py:156: UserWarning: Exited postprocessing with accuracies 
[1.12223079e-09]
not reaching the requested tolerance 1e-09.
  values, vectors = lobpcg(projected_hamiltonian, guess, largest=False,
/home/erosanow_hpc/informed_swapping/BARK.py:156: UserWarning: Exited at iteration 50 with accuracies 
[3.09354863e-09]
not reaching the requested tolerance 1e-09.
Use iteration 51 instead with accuracy 
3.0935486325427237e-09.

  values, vectors = lobpcg(projected_hamiltonian, guess, largest=False,
/home/erosanow_hpc/informed_swapping/BARK.py:156: UserWarning: Exited postprocessing with accuracies 
[3.09354909e-09]
not reaching the requested tolerance 1e-09.
  values, vectors = lobpcg(projected_hamiltonian, guess, largest=False,
/home/erosanow_hpc/informed_swapping/BARK.py:156: UserWarning: Exited at iteration 50 with accuracies 
[1.35268546e-09]
not reaching the requested tolerance 1e-09.
Use iteration 51 instead with accuracy 
1.3526854643743003e-09.

  values, vectors = lobpcg(projected_hamiltonian, guess, largest=False,
/home/erosanow_hpc/informed_swapping/BARK.py:156: UserWarning: Exited postprocessing with accuracies 
[1.35268547e-09]
not reaching the requested tolerance 1e-09.
  values, vectors = lobpcg(projected_hamiltonian, guess, largest=False,
/home/erosanow_hpc/informed_swapping/BARK.py:156: UserWarning: Exited at iteration 50 with accuracies 
[3.71101555e-09]
not reaching the requested tolerance 1e-09.
Use iteration 51 instead with accuracy 
3.7110155454613763e-09.

  values, vectors = lobpcg(projected_hamiltonian, guess, largest=False,
/home/erosanow_hpc/informed_swapping/BARK.py:156: UserWarning: Exited postprocessing with accuracies 
[3.71101531e-09]
not reaching the requested tolerance 1e-09.
  values, vectors = lobpcg(projected_hamiltonian, guess, largest=False,
/home/erosanow_hpc/informed_swapping/BARK.py:156: UserWarning: Exited at iteration 50 with accuracies 
[2.07673865e-09]
not reaching the requested tolerance 1e-09.
Use iteration 51 instead with accuracy 
2.0767386474235863e-09.

  values, vectors = lobpcg(projected_hamiltonian, guess, largest=False,
/home/erosanow_hpc/informed_swapping/BARK.py:156: UserWarning: Exited postprocessing with accuracies 
[2.07673831e-09]
not reaching the requested tolerance 1e-09.
  values, vectors = lobpcg(projected_hamiltonian, guess, largest=False,
/home/erosanow_hpc/informed_swapping/BARK.py:156: UserWarning: Exited at iteration 50 with accuracies 
[1.84854658e-09]
not reaching the requested tolerance 1e-09.
Use iteration 51 instead with accuracy 
1.8485465783006849e-09.

  values, vectors = lobpcg(projected_hamiltonian, guess, largest=False,
/home/erosanow_hpc/informed_swapping/BARK.py:156: UserWarning: Exited postprocessing with accuracies 
[1.84854664e-09]
not reaching the requested tolerance 1e-09.
  values, vectors = lobpcg(projected_hamiltonian, guess, largest=False,
/home/erosanow_hpc/informed_swapping/BARK.py:156: UserWarning: Exited at iteration 50 with accuracies 
[2.92229078e-09]
not reaching the requested tolerance 1e-09.
Use iteration 51 instead with accuracy 
2.9222907792355722e-09.

  values, vectors = lobpcg(projected_hamiltonian, guess, largest=False,
/home/erosanow_hpc/informed_swapping/BARK.py:156: UserWarning: Exited postprocessing with accuracies 
[2.92229049e-09]
not reaching the requested tolerance 1e-09.
  values, vectors = lobpcg(projected_hamiltonian, guess, largest=False,
/home/erosanow_hpc/informed_swapping/BARK.py:156: UserWarning: Exited at iteration 50 with accuracies 
[2.82097522e-09]
not reaching the requested tolerance 1e-09.
Use iteration 51 instead with accuracy 
2.820975215740162e-09.

  values, vectors = lobpcg(projected_hamiltonian, guess, largest=False,
/home/erosanow_hpc/informed_swapping/BARK.py:156: UserWarning: Exited postprocessing with accuracies 
[2.82097542e-09]
not reaching the requested tolerance 1e-09.
  values, vectors = lobpcg(projected_hamiltonian, guess, largest=False,
/home/erosanow_hpc/informed_swapping/BARK.py:156: UserWarning: Exited at iteration 50 with accuracies 
[1.84741187e-09]
not reaching the requested tolerance 1e-09.
Use iteration 51 instead with accuracy 
1.8474118711888343e-09.

  values, vectors = lobpcg(projected_hamiltonian, guess, largest=False,
/home/erosanow_hpc/informed_swapping/BARK.py:156: UserWarning: Exited postprocessing with accuracies 
[1.84741254e-09]
not reaching the requested tolerance 1e-09.
  values, vectors = lobpcg(projected_hamiltonian, guess, largest=False,
/home/erosanow_hpc/informed_swapping/BARK.py:156: UserWarning: Exited at iteration 50 with accuracies 
[5.00959635e-09]
not reaching the requested tolerance 1e-09.
Use iteration 51 instead with accuracy 
5.009596350377774e-09.

  values, vectors = lobpcg(projected_hamiltonian, guess, largest=False,
/home/erosanow_hpc/informed_swapping/BARK.py:156: UserWarning: Exited postprocessing with accuracies 
[5.00959563e-09]
not reaching the requested tolerance 1e-09.
  values, vectors = lobpcg(projected_hamiltonian, guess, largest=False,
/home/erosanow_hpc/informed_swapping/BARK.py:156: UserWarning: Exited at iteration 50 with accuracies 
[2.3294382e-09]
not reaching the requested tolerance 1e-09.
Use iteration 51 instead with accuracy 
2.3294381968658743e-09.

  values, vectors = lobpcg(projected_hamiltonian, guess, largest=False,
/home/erosanow_hpc/informed_swapping/BARK.py:156: UserWarning: Exited postprocessing with accuracies 
[2.32943878e-09]
not reaching the requested tolerance 1e-09.
  values, vectors = lobpcg(projected_hamiltonian, guess, largest=False,
/home/erosanow_hpc/informed_swapping/BARK.py:156: UserWarning: Exited at iteration 50 with accuracies 
[5.94470804e-09]
not reaching the requested tolerance 1e-09.
Use iteration 51 instead with accuracy 
5.9447080417335516e-09.

  values, vectors = lobpcg(projected_hamiltonian, guess, largest=False,
/home/erosanow_hpc/informed_swapping/BARK.py:156: UserWarning: Exited postprocessing with accuracies 
[5.94470802e-09]
not reaching the requested tolerance 1e-09.
  values, vectors = lobpcg(projected_hamiltonian, guess, largest=False,
/home/erosanow_hpc/informed_swapping/BARK.py:156: UserWarning: Exited at iteration 50 with accuracies 
[1.12600008e-09]
not reaching the requested tolerance 1e-09.
Use iteration 51 instead with accuracy 
1.1260000761814375e-09.

  values, vectors = lobpcg(projected_hamiltonian, guess, largest=False,
/home/erosanow_hpc/informed_swapping/BARK.py:156: UserWarning: Exited postprocessing with accuracies 
[1.12599985e-09]
not reaching the requested tolerance 1e-09.
  values, vectors = lobpcg(projected_hamiltonian, guess, largest=False,
/home/erosanow_hpc/informed_swapping/BARK.py:156: UserWarning: Exited at iteration 50 with accuracies 
[2.95622816e-09]
not reaching the requested tolerance 1e-09.
Use iteration 51 instead with accuracy 
2.956228158512826e-09.

  values, vectors = lobpcg(projected_hamiltonian, guess, largest=False,
/home/erosanow_hpc/informed_swapping/BARK.py:156: UserWarning: Exited postprocessing with accuracies 
[2.95622807e-09]
not reaching the requested tolerance 1e-09.
  values, vectors = lobpcg(projected_hamiltonian, guess, largest=False,
/home/erosanow_hpc/informed_swapping/BARK.py:156: UserWarning: Exited at iteration 50 with accuracies 
[3.08904857e-09]
not reaching the requested tolerance 1e-09.
Use iteration 51 instead with accuracy 
3.0890485713820768e-09.

  values, vectors = lobpcg(projected_hamiltonian, guess, largest=False,
/home/erosanow_hpc/informed_swapping/BARK.py:156: UserWarning: Exited postprocessing with accuracies 
[3.08904784e-09]
not reaching the requested tolerance 1e-09.
  values, vectors = lobpcg(projected_hamiltonian, guess, largest=False,
/home/erosanow_hpc/informed_swapping/BARK.py:156: UserWarning: Exited at iteration 50 with accuracies 
[2.86341733e-09]
not reaching the requested tolerance 1e-09.
Use iteration 51 instead with accuracy 
2.863417326534637e-09.

  values, vectors = lobpcg(projected_hamiltonian, guess, largest=False,
/home/erosanow_hpc/informed_swapping/BARK.py:156: UserWarning: Exited postprocessing with accuracies 
[2.8634176e-09]
not reaching the requested tolerance 1e-09.
  values, vectors = lobpcg(projected_hamiltonian, guess, largest=False,
/home/erosanow_hpc/informed_swapping/BARK.py:156: UserWarning: Exited at iteration 50 with accuracies 
[3.29133215e-09]
not reaching the requested tolerance 1e-09.
Use iteration 51 instead with accuracy 
3.2913321469746604e-09.

  values, vectors = lobpcg(projected_hamiltonian, guess, largest=False,
/home/erosanow_hpc/informed_swapping/BARK.py:156: UserWarning: Exited postprocessing with accuracies 
[3.29133158e-09]
not reaching the requested tolerance 1e-09.
  values, vectors = lobpcg(projected_hamiltonian, guess, largest=False,
/home/erosanow_hpc/informed_swapping/BARK.py:156: UserWarning: Exited at iteration 50 with accuracies 
[3.09698752e-09]
not reaching the requested tolerance 1e-09.
Use iteration 51 instead with accuracy 
3.096987519440764e-09.

  values, vectors = lobpcg(projected_hamiltonian, guess, largest=False,
/home/erosanow_hpc/informed_swapping/BARK.py:156: UserWarning: Exited postprocessing with accuracies 
[3.09698761e-09]
not reaching the requested tolerance 1e-09.
  values, vectors = lobpcg(projected_hamiltonian, guess, largest=False,
/home/erosanow_hpc/informed_swapping/BARK.py:156: UserWarning: Exited at iteration 50 with accuracies 
[2.91836343e-09]
not reaching the requested tolerance 1e-09.
Use iteration 51 instead with accuracy 
2.9183634255187954e-09.

  values, vectors = lobpcg(projected_hamiltonian, guess, largest=False,
/home/erosanow_hpc/informed_swapping/BARK.py:156: UserWarning: Exited postprocessing with accuracies 
[2.9183632e-09]
not reaching the requested tolerance 1e-09.
  values, vectors = lobpcg(projected_hamiltonian, guess, largest=False,
/home/erosanow_hpc/informed_swapping/BARK.py:156: UserWarning: Exited at iteration 50 with accuracies 
[6.91887364e-09]
not reaching the requested tolerance 1e-09.
Use iteration 51 instead with accuracy 
6.918873635600252e-09.

  values, vectors = lobpcg(projected_hamiltonian, guess, largest=False,
/home/erosanow_hpc/informed_swapping/BARK.py:156: UserWarning: Exited postprocessing with accuracies 
[6.91887332e-09]
not reaching the requested tolerance 1e-09.
  values, vectors = lobpcg(projected_hamiltonian, guess, largest=False,
/home/erosanow_hpc/informed_swapping/BARK.py:156: UserWarning: Exited at iteration 50 with accuracies 
[3.31179096e-09]
not reaching the requested tolerance 1e-09.
Use iteration 51 instead with accuracy 
3.3117909587435382e-09.

  values, vectors = lobpcg(projected_hamiltonian, guess, largest=False,
/home/erosanow_hpc/informed_swapping/BARK.py:156: UserWarning: Exited postprocessing with accuracies 
[3.3117911e-09]
not reaching the requested tolerance 1e-09.
  values, vectors = lobpcg(projected_hamiltonian, guess, largest=False,
/home/erosanow_hpc/informed_swapping/BARK.py:156: UserWarning: Exited at iteration 50 with accuracies 
[4.89271505e-09]
not reaching the requested tolerance 1e-09.
Use iteration 51 instead with accuracy 
4.892715046143191e-09.

  values, vectors = lobpcg(projected_hamiltonian, guess, largest=False,
/home/erosanow_hpc/informed_swapping/BARK.py:156: UserWarning: Exited postprocessing with accuracies 
[4.89271483e-09]
not reaching the requested tolerance 1e-09.
  values, vectors = lobpcg(projected_hamiltonian, guess, largest=False,
/home/erosanow_hpc/informed_swapping/BARK.py:156: UserWarning: Exited at iteration 50 with accuracies 
[3.69106024e-09]
not reaching the requested tolerance 1e-09.
Use iteration 51 instead with accuracy 
3.6910602418123938e-09.

  values, vectors = lobpcg(projected_hamiltonian, guess, largest=False,
/home/erosanow_hpc/informed_swapping/BARK.py:156: UserWarning: Exited postprocessing with accuracies 
[3.69106003e-09]
not reaching the requested tolerance 1e-09.
  values, vectors = lobpcg(projected_hamiltonian, guess, largest=False,
/home/erosanow_hpc/informed_swapping/BARK.py:156: UserWarning: Exited at iteration 50 with accuracies 
[4.9828801e-09]
not reaching the requested tolerance 1e-09.
Use iteration 51 instead with accuracy 
4.9828801030059765e-09.

  values, vectors = lobpcg(projected_hamiltonian, guess, largest=False,
/home/erosanow_hpc/informed_swapping/BARK.py:156: UserWarning: Exited postprocessing with accuracies 
[4.98287964e-09]
not reaching the requested tolerance 1e-09.
  values, vectors = lobpcg(projected_hamiltonian, guess, largest=False,
/home/erosanow_hpc/informed_swapping/BARK.py:156: UserWarning: Exited at iteration 50 with accuracies 
[4.1940175e-09]
not reaching the requested tolerance 1e-09.
Use iteration 51 instead with accuracy 
4.194017504943216e-09.

  values, vectors = lobpcg(projected_hamiltonian, guess, largest=False,
/home/erosanow_hpc/informed_swapping/BARK.py:156: UserWarning: Exited postprocessing with accuracies 
[4.19401731e-09]
not reaching the requested tolerance 1e-09.
  values, vectors = lobpcg(projected_hamiltonian, guess, largest=False,
/home/erosanow_hpc/informed_swapping/BARK.py:156: UserWarning: Exited at iteration 50 with accuracies 
[4.01614019e-09]
not reaching the requested tolerance 1e-09.
Use iteration 51 instead with accuracy 
4.016140193907521e-09.

  values, vectors = lobpcg(projected_hamiltonian, guess, largest=False,
/home/erosanow_hpc/informed_swapping/BARK.py:156: UserWarning: Exited postprocessing with accuracies 
[4.01614018e-09]
not reaching the requested tolerance 1e-09.
  values, vectors = lobpcg(projected_hamiltonian, guess, largest=False,
/home/erosanow_hpc/informed_swapping/BARK.py:156: UserWarning: Exited at iteration 50 with accuracies 
[4.39255314e-09]
not reaching the requested tolerance 1e-09.
Use iteration 51 instead with accuracy 
4.392553139579431e-09.

  values, vectors = lobpcg(projected_hamiltonian, guess, largest=False,
/home/erosanow_hpc/informed_swapping/BARK.py:156: UserWarning: Exited postprocessing with accuracies 
[4.39255337e-09]
not reaching the requested tolerance 1e-09.
  values, vectors = lobpcg(projected_hamiltonian, guess, largest=False,
/home/erosanow_hpc/informed_swapping/BARK.py:156: UserWarning: Exited at iteration 50 with accuracies 
[1.0542637e-08]
not reaching the requested tolerance 1e-09.
Use iteration 51 instead with accuracy 
1.0542636964310335e-08.

  values, vectors = lobpcg(projected_hamiltonian, guess, largest=False,
/home/erosanow_hpc/informed_swapping/BARK.py:156: UserWarning: Exited postprocessing with accuracies 
[1.05426369e-08]
not reaching the requested tolerance 1e-09.
  values, vectors = lobpcg(projected_hamiltonian, guess, largest=False,
/home/erosanow_hpc/informed_swapping/BARK.py:156: UserWarning: Exited at iteration 50 with accuracies 
[1.28766316e-09]
not reaching the requested tolerance 1e-09.
Use iteration 51 instead with accuracy 
1.2876631635135835e-09.

  values, vectors = lobpcg(projected_hamiltonian, guess, largest=False,
/home/erosanow_hpc/informed_swapping/BARK.py:156: UserWarning: Exited postprocessing with accuracies 
[1.28766293e-09]
not reaching the requested tolerance 1e-09.
  values, vectors = lobpcg(projected_hamiltonian, guess, largest=False,
/home/erosanow_hpc/informed_swapping/BARK.py:156: UserWarning: Exited at iteration 50 with accuracies 
[1.14192306e-09]
not reaching the requested tolerance 1e-09.
Use iteration 51 instead with accuracy 
1.1419230595857454e-09.

  values, vectors = lobpcg(projected_hamiltonian, guess, largest=False,
/home/erosanow_hpc/informed_swapping/BARK.py:156: UserWarning: Exited postprocessing with accuracies 
[1.14192315e-09]
not reaching the requested tolerance 1e-09.
  values, vectors = lobpcg(projected_hamiltonian, guess, largest=False,
/home/erosanow_hpc/informed_swapping/BARK.py:156: UserWarning: Exited at iteration 50 with accuracies 
[1.15381453e-09]
not reaching the requested tolerance 1e-09.
Use iteration 51 instead with accuracy 
1.1538145347055576e-09.

  values, vectors = lobpcg(projected_hamiltonian, guess, largest=False,
/home/erosanow_hpc/informed_swapping/BARK.py:156: UserWarning: Exited postprocessing with accuracies 
[1.15381489e-09]
not reaching the requested tolerance 1e-09.
  values, vectors = lobpcg(projected_hamiltonian, guess, largest=False,
/home/erosanow_hpc/informed_swapping/BARK.py:156: UserWarning: Exited at iteration 50 with accuracies 
[2.80764175e-09]
not reaching the requested tolerance 1e-09.
Use iteration 51 instead with accuracy 
2.8076417534422585e-09.

  values, vectors = lobpcg(projected_hamiltonian, guess, largest=False,
/home/erosanow_hpc/informed_swapping/BARK.py:156: UserWarning: Exited postprocessing with accuracies 
[2.80764227e-09]
not reaching the requested tolerance 1e-09.
  values, vectors = lobpcg(projected_hamiltonian, guess, largest=False,
/home/erosanow_hpc/informed_swapping/BARK.py:156: UserWarning: Exited at iteration 50 with accuracies 
[1.18417063e-09]
not reaching the requested tolerance 1e-09.
Use iteration 51 instead with accuracy 
1.1841706299034386e-09.

  values, vectors = lobpcg(projected_hamiltonian, guess, largest=False,
/home/erosanow_hpc/informed_swapping/BARK.py:156: UserWarning: Exited postprocessing with accuracies 
[1.18417056e-09]
not reaching the requested tolerance 1e-09.
  values, vectors = lobpcg(projected_hamiltonian, guess, largest=False,
/home/erosanow_hpc/informed_swapping/BARK.py:156: UserWarning: Exited at iteration 50 with accuracies 
[3.07087052e-09]
not reaching the requested tolerance 1e-09.
Use iteration 51 instead with accuracy 
3.0708705248286482e-09.

  values, vectors = lobpcg(projected_hamiltonian, guess, largest=False,
/home/erosanow_hpc/informed_swapping/BARK.py:156: UserWarning: Exited postprocessing with accuracies 
[3.07087042e-09]
not reaching the requested tolerance 1e-09.
  values, vectors = lobpcg(projected_hamiltonian, guess, largest=False,
/home/erosanow_hpc/informed_swapping/BARK.py:156: UserWarning: Exited at iteration 50 with accuracies 
[2.90317128e-09]
not reaching the requested tolerance 1e-09.
Use iteration 51 instead with accuracy 
2.9031712810886044e-09.

  values, vectors = lobpcg(projected_hamiltonian, guess, largest=False,
/home/erosanow_hpc/informed_swapping/BARK.py:156: UserWarning: Exited postprocessing with accuracies 
[2.90317145e-09]
not reaching the requested tolerance 1e-09.
  values, vectors = lobpcg(projected_hamiltonian, guess, largest=False,
/home/erosanow_hpc/informed_swapping/BARK.py:156: UserWarning: Exited at iteration 50 with accuracies 
[2.83955074e-09]
not reaching the requested tolerance 1e-09.
Use iteration 51 instead with accuracy 
2.8395507367193837e-09.

  values, vectors = lobpcg(projected_hamiltonian, guess, largest=False,
/home/erosanow_hpc/informed_swapping/BARK.py:156: UserWarning: Exited postprocessing with accuracies 
[2.83955037e-09]
not reaching the requested tolerance 1e-09.
  values, vectors = lobpcg(projected_hamiltonian, guess, largest=False,
/home/erosanow_hpc/informed_swapping/BARK.py:156: UserWarning: Exited at iteration 50 with accuracies 
[1.34277643e-09]
not reaching the requested tolerance 1e-09.
Use iteration 51 instead with accuracy 
1.3427764325383632e-09.

  values, vectors = lobpcg(projected_hamiltonian, guess, largest=False,
/home/erosanow_hpc/informed_swapping/BARK.py:156: UserWarning: Exited postprocessing with accuracies 
[1.34277672e-09]
not reaching the requested tolerance 1e-09.
  values, vectors = lobpcg(projected_hamiltonian, guess, largest=False,
/home/erosanow_hpc/informed_swapping/BARK.py:156: UserWarning: Exited at iteration 50 with accuracies 
[3.44275764e-09]
not reaching the requested tolerance 1e-09.
Use iteration 51 instead with accuracy 
3.44275764474325e-09.

  values, vectors = lobpcg(projected_hamiltonian, guess, largest=False,
/home/erosanow_hpc/informed_swapping/BARK.py:156: UserWarning: Exited postprocessing with accuracies 
[3.4427573e-09]
not reaching the requested tolerance 1e-09.
  values, vectors = lobpcg(projected_hamiltonian, guess, largest=False,
/home/erosanow_hpc/informed_swapping/BARK.py:156: UserWarning: Exited at iteration 50 with accuracies 
[3.41404758e-09]
not reaching the requested tolerance 1e-09.
Use iteration 51 instead with accuracy 
3.4140475811201926e-09.

  values, vectors = lobpcg(projected_hamiltonian, guess, largest=False,
/home/erosanow_hpc/informed_swapping/BARK.py:156: UserWarning: Exited postprocessing with accuracies 
[3.41404801e-09]
not reaching the requested tolerance 1e-09.
  values, vectors = lobpcg(projected_hamiltonian, guess, largest=False,
/home/erosanow_hpc/informed_swapping/BARK.py:156: UserWarning: Exited at iteration 50 with accuracies 
[3.3785896e-09]
not reaching the requested tolerance 1e-09.
Use iteration 51 instead with accuracy 
3.378589597102884e-09.

  values, vectors = lobpcg(projected_hamiltonian, guess, largest=False,
/home/erosanow_hpc/informed_swapping/BARK.py:156: UserWarning: Exited postprocessing with accuracies 
[3.37859026e-09]
not reaching the requested tolerance 1e-09.
  values, vectors = lobpcg(projected_hamiltonian, guess, largest=False,
/home/erosanow_hpc/informed_swapping/BARK.py:156: UserWarning: Exited at iteration 50 with accuracies 
[2.93902729e-09]
not reaching the requested tolerance 1e-09.
Use iteration 51 instead with accuracy 
2.9390272948121138e-09.

  values, vectors = lobpcg(projected_hamiltonian, guess, largest=False,
/home/erosanow_hpc/informed_swapping/BARK.py:156: UserWarning: Exited postprocessing with accuracies 
[2.93902756e-09]
not reaching the requested tolerance 1e-09.
  values, vectors = lobpcg(projected_hamiltonian, guess, largest=False,
/home/erosanow_hpc/informed_swapping/BARK.py:156: UserWarning: Exited at iteration 50 with accuracies 
[2.97133691e-09]
not reaching the requested tolerance 1e-09.
Use iteration 51 instead with accuracy 
2.9713369081201273e-09.

  values, vectors = lobpcg(projected_hamiltonian, guess, largest=False,
/home/erosanow_hpc/informed_swapping/BARK.py:156: UserWarning: Exited postprocessing with accuracies 
[2.97133703e-09]
not reaching the requested tolerance 1e-09.
  values, vectors = lobpcg(projected_hamiltonian, guess, largest=False,
/home/erosanow_hpc/informed_swapping/BARK.py:156: UserWarning: Exited at iteration 50 with accuracies 
[2.80587169e-09]
not reaching the requested tolerance 1e-09.
Use iteration 51 instead with accuracy 
2.805871687746254e-09.

  values, vectors = lobpcg(projected_hamiltonian, guess, largest=False,
/home/erosanow_hpc/informed_swapping/BARK.py:156: UserWarning: Exited postprocessing with accuracies 
[2.80587223e-09]
not reaching the requested tolerance 1e-09.
  values, vectors = lobpcg(projected_hamiltonian, guess, largest=False,
/home/erosanow_hpc/informed_swapping/BARK.py:156: UserWarning: Exited at iteration 50 with accuracies 
[6.44589039e-09]
not reaching the requested tolerance 1e-09.
Use iteration 51 instead with accuracy 
6.445890389892563e-09.

  values, vectors = lobpcg(projected_hamiltonian, guess, largest=False,
/home/erosanow_hpc/informed_swapping/BARK.py:156: UserWarning: Exited postprocessing with accuracies 
[6.44589074e-09]
not reaching the requested tolerance 1e-09.
  values, vectors = lobpcg(projected_hamiltonian, guess, largest=False,
/home/erosanow_hpc/informed_swapping/BARK.py:156: UserWarning: Exited at iteration 50 with accuracies 
[1.45697789e-09]
not reaching the requested tolerance 1e-09.
Use iteration 51 instead with accuracy 
1.4569778932804721e-09.

  values, vectors = lobpcg(projected_hamiltonian, guess, largest=False,
/home/erosanow_hpc/informed_swapping/BARK.py:156: UserWarning: Exited postprocessing with accuracies 
[1.45697766e-09]
not reaching the requested tolerance 1e-09.
  values, vectors = lobpcg(projected_hamiltonian, guess, largest=False,
/home/erosanow_hpc/informed_swapping/BARK.py:156: UserWarning: Exited at iteration 50 with accuracies 
[3.47738412e-09]
not reaching the requested tolerance 1e-09.
Use iteration 51 instead with accuracy 
3.47738412409163e-09.

  values, vectors = lobpcg(projected_hamiltonian, guess, largest=False,
/home/erosanow_hpc/informed_swapping/BARK.py:156: UserWarning: Exited postprocessing with accuracies 
[3.47738367e-09]
not reaching the requested tolerance 1e-09.
  values, vectors = lobpcg(projected_hamiltonian, guess, largest=False,
/home/erosanow_hpc/informed_swapping/BARK.py:156: UserWarning: Exited at iteration 50 with accuracies 
[3.50889522e-09]
not reaching the requested tolerance 1e-09.
Use iteration 51 instead with accuracy 
3.5088952240095466e-09.

  values, vectors = lobpcg(projected_hamiltonian, guess, largest=False,
/home/erosanow_hpc/informed_swapping/BARK.py:156: UserWarning: Exited postprocessing with accuracies 
[3.50889559e-09]
not reaching the requested tolerance 1e-09.
  values, vectors = lobpcg(projected_hamiltonian, guess, largest=False,
/home/erosanow_hpc/informed_swapping/BARK.py:156: UserWarning: Exited at iteration 50 with accuracies 
[3.62386896e-09]
not reaching the requested tolerance 1e-09.
Use iteration 51 instead with accuracy 
3.6238689586785667e-09.

  values, vectors = lobpcg(projected_hamiltonian, guess, largest=False,
/home/erosanow_hpc/informed_swapping/BARK.py:156: UserWarning: Exited postprocessing with accuracies 
[3.62386836e-09]
not reaching the requested tolerance 1e-09.
  values, vectors = lobpcg(projected_hamiltonian, guess, largest=False,
/home/erosanow_hpc/informed_swapping/BARK.py:156: UserWarning: Exited at iteration 50 with accuracies 
[3.64458861e-09]
not reaching the requested tolerance 1e-09.
Use iteration 51 instead with accuracy 
3.6445886089623478e-09.

  values, vectors = lobpcg(projected_hamiltonian, guess, largest=False,
/home/erosanow_hpc/informed_swapping/BARK.py:156: UserWarning: Exited postprocessing with accuracies 
[3.64458898e-09]
not reaching the requested tolerance 1e-09.
  values, vectors = lobpcg(projected_hamiltonian, guess, largest=False,
/home/erosanow_hpc/informed_swapping/BARK.py:156: UserWarning: Exited at iteration 50 with accuracies 
[3.93995253e-09]
not reaching the requested tolerance 1e-09.
Use iteration 51 instead with accuracy 
3.939952530218887e-09.

  values, vectors = lobpcg(projected_hamiltonian, guess, largest=False,
/home/erosanow_hpc/informed_swapping/BARK.py:156: UserWarning: Exited postprocessing with accuracies 
[3.93995238e-09]
not reaching the requested tolerance 1e-09.
  values, vectors = lobpcg(projected_hamiltonian, guess, largest=False,
/home/erosanow_hpc/informed_swapping/BARK.py:156: UserWarning: Exited at iteration 50 with accuracies 
[3.76676564e-09]
not reaching the requested tolerance 1e-09.
Use iteration 51 instead with accuracy 
3.766765641466668e-09.

  values, vectors = lobpcg(projected_hamiltonian, guess, largest=False,
/home/erosanow_hpc/informed_swapping/BARK.py:156: UserWarning: Exited postprocessing with accuracies 
[3.76676602e-09]
not reaching the requested tolerance 1e-09.
  values, vectors = lobpcg(projected_hamiltonian, guess, largest=False,
/home/erosanow_hpc/informed_swapping/BARK.py:156: UserWarning: Exited at iteration 50 with accuracies 
[8.14456714e-09]
not reaching the requested tolerance 1e-09.
Use iteration 51 instead with accuracy 
8.144567136054826e-09.

  values, vectors = lobpcg(projected_hamiltonian, guess, largest=False,
/home/erosanow_hpc/informed_swapping/BARK.py:156: UserWarning: Exited postprocessing with accuracies 
[8.14456752e-09]
not reaching the requested tolerance 1e-09.
  values, vectors = lobpcg(projected_hamiltonian, guess, largest=False,
/home/erosanow_hpc/informed_swapping/BARK.py:156: UserWarning: Exited at iteration 50 with accuracies 
[3.76619271e-09]
not reaching the requested tolerance 1e-09.
Use iteration 51 instead with accuracy 
3.76619270553337e-09.

  values, vectors = lobpcg(projected_hamiltonian, guess, largest=False,
/home/erosanow_hpc/informed_swapping/BARK.py:156: UserWarning: Exited postprocessing with accuracies 
[3.76619267e-09]
not reaching the requested tolerance 1e-09.
  values, vectors = lobpcg(projected_hamiltonian, guess, largest=False,
/home/erosanow_hpc/informed_swapping/BARK.py:156: UserWarning: Exited at iteration 50 with accuracies 
[3.94787653e-09]
not reaching the requested tolerance 1e-09.
Use iteration 51 instead with accuracy 
3.947876528688956e-09.

  values, vectors = lobpcg(projected_hamiltonian, guess, largest=False,
/home/erosanow_hpc/informed_swapping/BARK.py:156: UserWarning: Exited postprocessing with accuracies 
[3.94787695e-09]
not reaching the requested tolerance 1e-09.
  values, vectors = lobpcg(projected_hamiltonian, guess, largest=False,
/home/erosanow_hpc/informed_swapping/BARK.py:156: UserWarning: Exited at iteration 50 with accuracies 
[4.02746339e-09]
not reaching the requested tolerance 1e-09.
Use iteration 51 instead with accuracy 
4.02746338916535e-09.

  values, vectors = lobpcg(projected_hamiltonian, guess, largest=False,
/home/erosanow_hpc/informed_swapping/BARK.py:156: UserWarning: Exited postprocessing with accuracies 
[4.02746356e-09]
not reaching the requested tolerance 1e-09.
  values, vectors = lobpcg(projected_hamiltonian, guess, largest=False,
/home/erosanow_hpc/informed_swapping/BARK.py:156: UserWarning: Exited at iteration 50 with accuracies 
[8.98853278e-09]
not reaching the requested tolerance 1e-09.
Use iteration 51 instead with accuracy 
8.988532780391227e-09.

  values, vectors = lobpcg(projected_hamiltonian, guess, largest=False,
/home/erosanow_hpc/informed_swapping/BARK.py:156: UserWarning: Exited postprocessing with accuracies 
[8.98853249e-09]
not reaching the requested tolerance 1e-09.
  values, vectors = lobpcg(projected_hamiltonian, guess, largest=False,
/home/erosanow_hpc/informed_swapping/BARK.py:156: UserWarning: Exited at iteration 50 with accuracies 
[3.39820301e-09]
not reaching the requested tolerance 1e-09.
Use iteration 51 instead with accuracy 
3.398203012423612e-09.

  values, vectors = lobpcg(projected_hamiltonian, guess, largest=False,
/home/erosanow_hpc/informed_swapping/BARK.py:156: UserWarning: Exited postprocessing with accuracies 
[3.39820268e-09]
not reaching the requested tolerance 1e-09.
  values, vectors = lobpcg(projected_hamiltonian, guess, largest=False,
/home/erosanow_hpc/informed_swapping/BARK.py:156: UserWarning: Exited at iteration 50 with accuracies 
[7.80581786e-09]
not reaching the requested tolerance 1e-09.
Use iteration 51 instead with accuracy 
7.805817855731392e-09.

  values, vectors = lobpcg(projected_hamiltonian, guess, largest=False,
/home/erosanow_hpc/informed_swapping/BARK.py:156: UserWarning: Exited postprocessing with accuracies 
[7.80581721e-09]
not reaching the requested tolerance 1e-09.
  values, vectors = lobpcg(projected_hamiltonian, guess, largest=False,
/home/erosanow_hpc/informed_swapping/BARK.py:156: UserWarning: Exited at iteration 50 with accuracies 
[7.47990575e-09]
not reaching the requested tolerance 1e-09.
Use iteration 51 instead with accuracy 
7.479905749104692e-09.

  values, vectors = lobpcg(projected_hamiltonian, guess, largest=False,
/home/erosanow_hpc/informed_swapping/BARK.py:156: UserWarning: Exited postprocessing with accuracies 
[7.47990497e-09]
not reaching the requested tolerance 1e-09.
  values, vectors = lobpcg(projected_hamiltonian, guess, largest=False,
/home/erosanow_hpc/informed_swapping/BARK.py:156: UserWarning: Exited at iteration 50 with accuracies 
[8.9803713e-09]
not reaching the requested tolerance 1e-09.
Use iteration 51 instead with accuracy 
8.980371301384425e-09.

  values, vectors = lobpcg(projected_hamiltonian, guess, largest=False,
/home/erosanow_hpc/informed_swapping/BARK.py:156: UserWarning: Exited postprocessing with accuracies 
[8.98037095e-09]
not reaching the requested tolerance 1e-09.
  values, vectors = lobpcg(projected_hamiltonian, guess, largest=False,
/home/erosanow_hpc/informed_swapping/BARK.py:156: UserWarning: Exited at iteration 50 with accuracies 
[1.70778467e-09]
not reaching the requested tolerance 1e-09.
Use iteration 51 instead with accuracy 
1.7077846747520225e-09.

  values, vectors = lobpcg(projected_hamiltonian, guess, largest=False,
/home/erosanow_hpc/informed_swapping/BARK.py:156: UserWarning: Exited postprocessing with accuracies 
[1.70778469e-09]
not reaching the requested tolerance 1e-09.
  values, vectors = lobpcg(projected_hamiltonian, guess, largest=False,
/home/erosanow_hpc/informed_swapping/BARK.py:156: UserWarning: Exited at iteration 50 with accuracies 
[3.68249881e-09]
not reaching the requested tolerance 1e-09.
Use iteration 51 instead with accuracy 
3.682498805069043e-09.

  values, vectors = lobpcg(projected_hamiltonian, guess, largest=False,
/home/erosanow_hpc/informed_swapping/BARK.py:156: UserWarning: Exited postprocessing with accuracies 
[3.68249865e-09]
not reaching the requested tolerance 1e-09.
  values, vectors = lobpcg(projected_hamiltonian, guess, largest=False,
/home/erosanow_hpc/informed_swapping/BARK.py:156: UserWarning: Exited at iteration 50 with accuracies 
[3.68720568e-09]
not reaching the requested tolerance 1e-09.
Use iteration 51 instead with accuracy 
3.6872056819048058e-09.

  values, vectors = lobpcg(projected_hamiltonian, guess, largest=False,
/home/erosanow_hpc/informed_swapping/BARK.py:156: UserWarning: Exited postprocessing with accuracies 
[3.68720541e-09]
not reaching the requested tolerance 1e-09.
  values, vectors = lobpcg(projected_hamiltonian, guess, largest=False,
/home/erosanow_hpc/informed_swapping/BARK.py:156: UserWarning: Exited at iteration 50 with accuracies 
[3.94187439e-09]
not reaching the requested tolerance 1e-09.
Use iteration 51 instead with accuracy 
3.9418743925400984e-09.

  values, vectors = lobpcg(projected_hamiltonian, guess, largest=False,
/home/erosanow_hpc/informed_swapping/BARK.py:156: UserWarning: Exited postprocessing with accuracies 
[3.9418743e-09]
not reaching the requested tolerance 1e-09.
  values, vectors = lobpcg(projected_hamiltonian, guess, largest=False,
/home/erosanow_hpc/informed_swapping/BARK.py:156: UserWarning: Exited at iteration 50 with accuracies 
[4.02042466e-09]
not reaching the requested tolerance 1e-09.
Use iteration 51 instead with accuracy 
4.02042465945877e-09.

  values, vectors = lobpcg(projected_hamiltonian, guess, largest=False,
/home/erosanow_hpc/informed_swapping/BARK.py:156: UserWarning: Exited postprocessing with accuracies 
[4.02042473e-09]
not reaching the requested tolerance 1e-09.
  values, vectors = lobpcg(projected_hamiltonian, guess, largest=False,
/home/erosanow_hpc/informed_swapping/BARK.py:156: UserWarning: Exited at iteration 50 with accuracies 
[4.08703505e-09]
not reaching the requested tolerance 1e-09.
Use iteration 51 instead with accuracy 
4.087035051334553e-09.

  values, vectors = lobpcg(projected_hamiltonian, guess, largest=False,
/home/erosanow_hpc/informed_swapping/BARK.py:156: UserWarning: Exited postprocessing with accuracies 
[4.08703488e-09]
not reaching the requested tolerance 1e-09.
  values, vectors = lobpcg(projected_hamiltonian, guess, largest=False,
/home/erosanow_hpc/informed_swapping/BARK.py:156: UserWarning: Exited at iteration 50 with accuracies 
[3.87463869e-09]
not reaching the requested tolerance 1e-09.
Use iteration 51 instead with accuracy 
3.874638685531423e-09.

  values, vectors = lobpcg(projected_hamiltonian, guess, largest=False,
/home/erosanow_hpc/informed_swapping/BARK.py:156: UserWarning: Exited postprocessing with accuracies 
[3.87463902e-09]
not reaching the requested tolerance 1e-09.
  values, vectors = lobpcg(projected_hamiltonian, guess, largest=False,
/home/erosanow_hpc/informed_swapping/BARK.py:156: UserWarning: Exited at iteration 50 with accuracies 
[8.76326878e-09]
not reaching the requested tolerance 1e-09.
Use iteration 51 instead with accuracy 
8.763268784187776e-09.

  values, vectors = lobpcg(projected_hamiltonian, guess, largest=False,
/home/erosanow_hpc/informed_swapping/BARK.py:156: UserWarning: Exited postprocessing with accuracies 
[8.76326822e-09]
not reaching the requested tolerance 1e-09.
  values, vectors = lobpcg(projected_hamiltonian, guess, largest=False,
/home/erosanow_hpc/informed_swapping/BARK.py:156: UserWarning: Exited at iteration 50 with accuracies 
[4.48906293e-09]
not reaching the requested tolerance 1e-09.
Use iteration 51 instead with accuracy 
4.4890629332272925e-09.

  values, vectors = lobpcg(projected_hamiltonian, guess, largest=False,
/home/erosanow_hpc/informed_swapping/BARK.py:156: UserWarning: Exited postprocessing with accuracies 
[4.48906248e-09]
not reaching the requested tolerance 1e-09.
  values, vectors = lobpcg(projected_hamiltonian, guess, largest=False,
/home/erosanow_hpc/informed_swapping/BARK.py:156: UserWarning: Exited at iteration 50 with accuracies 
[4.66085396e-09]
not reaching the requested tolerance 1e-09.
Use iteration 51 instead with accuracy 
4.660853957236146e-09.

  values, vectors = lobpcg(projected_hamiltonian, guess, largest=False,
/home/erosanow_hpc/informed_swapping/BARK.py:156: UserWarning: Exited postprocessing with accuracies 
[4.66085373e-09]
not reaching the requested tolerance 1e-09.
  values, vectors = lobpcg(projected_hamiltonian, guess, largest=False,
/home/erosanow_hpc/informed_swapping/BARK.py:156: UserWarning: Exited at iteration 50 with accuracies 
[4.75209572e-09]
not reaching the requested tolerance 1e-09.
Use iteration 51 instead with accuracy 
4.752095724496407e-09.

  values, vectors = lobpcg(projected_hamiltonian, guess, largest=False,
/home/erosanow_hpc/informed_swapping/BARK.py:156: UserWarning: Exited postprocessing with accuracies 
[4.75209561e-09]
not reaching the requested tolerance 1e-09.
  values, vectors = lobpcg(projected_hamiltonian, guess, largest=False,
/home/erosanow_hpc/informed_swapping/BARK.py:156: UserWarning: Exited at iteration 50 with accuracies 
[1.06804983e-08]
not reaching the requested tolerance 1e-09.
Use iteration 51 instead with accuracy 
1.0680498324150878e-08.

  values, vectors = lobpcg(projected_hamiltonian, guess, largest=False,
/home/erosanow_hpc/informed_swapping/BARK.py:156: UserWarning: Exited postprocessing with accuracies 
[1.06804986e-08]
not reaching the requested tolerance 1e-09.
  values, vectors = lobpcg(projected_hamiltonian, guess, largest=False,
/home/erosanow_hpc/informed_swapping/BARK.py:156: UserWarning: Exited at iteration 50 with accuracies 
[4.14715956e-09]
not reaching the requested tolerance 1e-09.
Use iteration 51 instead with accuracy 
4.147159564513076e-09.

  values, vectors = lobpcg(projected_hamiltonian, guess, largest=False,
/home/erosanow_hpc/informed_swapping/BARK.py:156: UserWarning: Exited postprocessing with accuracies 
[4.14715908e-09]
not reaching the requested tolerance 1e-09.
  values, vectors = lobpcg(projected_hamiltonian, guess, largest=False,
/home/erosanow_hpc/informed_swapping/BARK.py:156: UserWarning: Exited at iteration 50 with accuracies 
[9.14368464e-09]
not reaching the requested tolerance 1e-09.
Use iteration 51 instead with accuracy 
9.143684637903825e-09.

  values, vectors = lobpcg(projected_hamiltonian, guess, largest=False,
/home/erosanow_hpc/informed_swapping/BARK.py:156: UserWarning: Exited postprocessing with accuracies 
[9.14368409e-09]
not reaching the requested tolerance 1e-09.
  values, vectors = lobpcg(projected_hamiltonian, guess, largest=False,
/home/erosanow_hpc/informed_swapping/BARK.py:156: UserWarning: Exited at iteration 50 with accuracies 
[8.65023607e-09]
not reaching the requested tolerance 1e-09.
Use iteration 51 instead with accuracy 
8.650236074374324e-09.

  values, vectors = lobpcg(projected_hamiltonian, guess, largest=False,
/home/erosanow_hpc/informed_swapping/BARK.py:156: UserWarning: Exited postprocessing with accuracies 
[8.65023585e-09]
not reaching the requested tolerance 1e-09.
  values, vectors = lobpcg(projected_hamiltonian, guess, largest=False,
/home/erosanow_hpc/informed_swapping/BARK.py:156: UserWarning: Exited at iteration 50 with accuracies 
[1.11535506e-08]
not reaching the requested tolerance 1e-09.
Use iteration 51 instead with accuracy 
1.1153550612985745e-08.

  values, vectors = lobpcg(projected_hamiltonian, guess, largest=False,
/home/erosanow_hpc/informed_swapping/BARK.py:156: UserWarning: Exited postprocessing with accuracies 
[1.11535503e-08]
not reaching the requested tolerance 1e-09.
  values, vectors = lobpcg(projected_hamiltonian, guess, largest=False,
/home/erosanow_hpc/informed_swapping/BARK.py:156: UserWarning: Exited at iteration 50 with accuracies 
[4.51075208e-09]
not reaching the requested tolerance 1e-09.
Use iteration 51 instead with accuracy 
4.510752075702476e-09.

  values, vectors = lobpcg(projected_hamiltonian, guess, largest=False,
/home/erosanow_hpc/informed_swapping/BARK.py:156: UserWarning: Exited postprocessing with accuracies 
[4.51075242e-09]
not reaching the requested tolerance 1e-09.
  values, vectors = lobpcg(projected_hamiltonian, guess, largest=False,
/home/erosanow_hpc/informed_swapping/BARK.py:156: UserWarning: Exited at iteration 50 with accuracies 
[4.72505766e-09]
not reaching the requested tolerance 1e-09.
Use iteration 51 instead with accuracy 
4.725057660103858e-09.

  values, vectors = lobpcg(projected_hamiltonian, guess, largest=False,
/home/erosanow_hpc/informed_swapping/BARK.py:156: UserWarning: Exited postprocessing with accuracies 
[4.72505776e-09]
not reaching the requested tolerance 1e-09.
  values, vectors = lobpcg(projected_hamiltonian, guess, largest=False,
/home/erosanow_hpc/informed_swapping/BARK.py:156: UserWarning: Exited at iteration 50 with accuracies 
[4.81805982e-09]
not reaching the requested tolerance 1e-09.
Use iteration 51 instead with accuracy 
4.818059818231577e-09.

  values, vectors = lobpcg(projected_hamiltonian, guess, largest=False,
/home/erosanow_hpc/informed_swapping/BARK.py:156: UserWarning: Exited postprocessing with accuracies 
[4.81805922e-09]
not reaching the requested tolerance 1e-09.
  values, vectors = lobpcg(projected_hamiltonian, guess, largest=False,
/home/erosanow_hpc/informed_swapping/BARK.py:156: UserWarning: Exited at iteration 50 with accuracies 
[1.06953109e-08]
not reaching the requested tolerance 1e-09.
Use iteration 51 instead with accuracy 
1.0695310948183147e-08.

  values, vectors = lobpcg(projected_hamiltonian, guess, largest=False,
/home/erosanow_hpc/informed_swapping/BARK.py:156: UserWarning: Exited postprocessing with accuracies 
[1.06953113e-08]
not reaching the requested tolerance 1e-09.
  values, vectors = lobpcg(projected_hamiltonian, guess, largest=False,
/home/erosanow_hpc/informed_swapping/BARK.py:156: UserWarning: Exited at iteration 50 with accuracies 
[5.25254111e-09]
not reaching the requested tolerance 1e-09.
Use iteration 51 instead with accuracy 
5.2525411054405895e-09.

  values, vectors = lobpcg(projected_hamiltonian, guess, largest=False,
/home/erosanow_hpc/informed_swapping/BARK.py:156: UserWarning: Exited postprocessing with accuracies 
[5.25254114e-09]
not reaching the requested tolerance 1e-09.
  values, vectors = lobpcg(projected_hamiltonian, guess, largest=False,
/home/erosanow_hpc/informed_swapping/BARK.py:156: UserWarning: Exited at iteration 50 with accuracies 
[1.12657709e-08]
not reaching the requested tolerance 1e-09.
Use iteration 51 instead with accuracy 
1.126577089047115e-08.

  values, vectors = lobpcg(projected_hamiltonian, guess, largest=False,
/home/erosanow_hpc/informed_swapping/BARK.py:156: UserWarning: Exited postprocessing with accuracies 
[1.12657712e-08]
not reaching the requested tolerance 1e-09.
  values, vectors = lobpcg(projected_hamiltonian, guess, largest=False,
/home/erosanow_hpc/informed_swapping/BARK.py:156: UserWarning: Exited at iteration 50 with accuracies 
[1.06406958e-08]
not reaching the requested tolerance 1e-09.
Use iteration 51 instead with accuracy 
1.0640695837475146e-08.

  values, vectors = lobpcg(projected_hamiltonian, guess, largest=False,
/home/erosanow_hpc/informed_swapping/BARK.py:156: UserWarning: Exited postprocessing with accuracies 
[1.06406959e-08]
not reaching the requested tolerance 1e-09.
  values, vectors = lobpcg(projected_hamiltonian, guess, largest=False,
/home/erosanow_hpc/informed_swapping/BARK.py:156: UserWarning: Exited at iteration 50 with accuracies 
[1.43881135e-08]
not reaching the requested tolerance 1e-09.
Use iteration 51 instead with accuracy 
1.4388113536980071e-08.

  values, vectors = lobpcg(projected_hamiltonian, guess, largest=False,
/home/erosanow_hpc/informed_swapping/BARK.py:156: UserWarning: Exited postprocessing with accuracies 
[1.43881136e-08]
not reaching the requested tolerance 1e-09.
  values, vectors = lobpcg(projected_hamiltonian, guess, largest=False,
/home/erosanow_hpc/informed_swapping/BARK.py:156: UserWarning: Exited at iteration 50 with accuracies 
[5.34678087e-09]
not reaching the requested tolerance 1e-09.
Use iteration 51 instead with accuracy 
5.3467808716749365e-09.

  values, vectors = lobpcg(projected_hamiltonian, guess, largest=False,
/home/erosanow_hpc/informed_swapping/BARK.py:156: UserWarning: Exited postprocessing with accuracies 
[5.34678033e-09]
not reaching the requested tolerance 1e-09.
  values, vectors = lobpcg(projected_hamiltonian, guess, largest=False,
/home/erosanow_hpc/informed_swapping/BARK.py:156: UserWarning: Exited at iteration 50 with accuracies 
[1.12071198e-08]
not reaching the requested tolerance 1e-09.
Use iteration 51 instead with accuracy 
1.120711975460491e-08.

  values, vectors = lobpcg(projected_hamiltonian, guess, largest=False,
/home/erosanow_hpc/informed_swapping/BARK.py:156: UserWarning: Exited postprocessing with accuracies 
[1.12071194e-08]
not reaching the requested tolerance 1e-09.
  values, vectors = lobpcg(projected_hamiltonian, guess, largest=False,
/home/erosanow_hpc/informed_swapping/BARK.py:156: UserWarning: Exited at iteration 50 with accuracies 
[1.17349084e-08]
not reaching the requested tolerance 1e-09.
Use iteration 51 instead with accuracy 
1.1734908352734893e-08.

  values, vectors = lobpcg(projected_hamiltonian, guess, largest=False,
/home/erosanow_hpc/informed_swapping/BARK.py:156: UserWarning: Exited postprocessing with accuracies 
[1.1734909e-08]
not reaching the requested tolerance 1e-09.
  values, vectors = lobpcg(projected_hamiltonian, guess, largest=False,
/home/erosanow_hpc/informed_swapping/BARK.py:156: UserWarning: Exited at iteration 50 with accuracies 
[1.57135316e-08]
not reaching the requested tolerance 1e-09.
Use iteration 51 instead with accuracy 
1.571353159544484e-08.

  values, vectors = lobpcg(projected_hamiltonian, guess, largest=False,
/home/erosanow_hpc/informed_swapping/BARK.py:156: UserWarning: Exited postprocessing with accuracies 
[1.57135312e-08]
not reaching the requested tolerance 1e-09.
  values, vectors = lobpcg(projected_hamiltonian, guess, largest=False,
/home/erosanow_hpc/informed_swapping/BARK.py:156: UserWarning: Exited at iteration 50 with accuracies 
[1.05743686e-08]
not reaching the requested tolerance 1e-09.
Use iteration 51 instead with accuracy 
1.057436859689364e-08.

  values, vectors = lobpcg(projected_hamiltonian, guess, largest=False,
/home/erosanow_hpc/informed_swapping/BARK.py:156: UserWarning: Exited postprocessing with accuracies 
[1.05743683e-08]
not reaching the requested tolerance 1e-09.
  values, vectors = lobpcg(projected_hamiltonian, guess, largest=False,
/home/erosanow_hpc/informed_swapping/BARK.py:156: UserWarning: Exited at iteration 50 with accuracies 
[1.31258834e-08]
not reaching the requested tolerance 1e-09.
Use iteration 51 instead with accuracy 
1.3125883377951887e-08.

  values, vectors = lobpcg(projected_hamiltonian, guess, largest=False,
/home/erosanow_hpc/informed_swapping/BARK.py:156: UserWarning: Exited postprocessing with accuracies 
[1.31258826e-08]
not reaching the requested tolerance 1e-09.
  values, vectors = lobpcg(projected_hamiltonian, guess, largest=False,
/home/erosanow_hpc/informed_swapping/BARK.py:156: UserWarning: Exited at iteration 50 with accuracies 
[1.24419843e-08]
not reaching the requested tolerance 1e-09.
Use iteration 51 instead with accuracy 
1.244198427805342e-08.

  values, vectors = lobpcg(projected_hamiltonian, guess, largest=False,
/home/erosanow_hpc/informed_swapping/BARK.py:156: UserWarning: Exited postprocessing with accuracies 
[1.24419838e-08]
not reaching the requested tolerance 1e-09.
  values, vectors = lobpcg(projected_hamiltonian, guess, largest=False,
/home/erosanow_hpc/informed_swapping/BARK.py:156: UserWarning: Exited at iteration 50 with accuracies 
[2.44522482e-08]
not reaching the requested tolerance 1e-09.
Use iteration 51 instead with accuracy 
2.4452248162160407e-08.

  values, vectors = lobpcg(projected_hamiltonian, guess, largest=False,
/home/erosanow_hpc/informed_swapping/BARK.py:156: UserWarning: Exited postprocessing with accuracies 
[2.44522488e-08]
not reaching the requested tolerance 1e-09.
  values, vectors = lobpcg(projected_hamiltonian, guess, largest=False,
/home/erosanow_hpc/informed_swapping/BARK.py:156: UserWarning: Exited at iteration 50 with accuracies 
[1.74446302e-09]
not reaching the requested tolerance 1e-09.
Use iteration 51 instead with accuracy 
1.7444630163901145e-09.

  values, vectors = lobpcg(projected_hamiltonian, guess, largest=False,
/home/erosanow_hpc/informed_swapping/BARK.py:156: UserWarning: Exited postprocessing with accuracies 
[1.74446267e-09]
not reaching the requested tolerance 1e-09.
  values, vectors = lobpcg(projected_hamiltonian, guess, largest=False,
/home/erosanow_hpc/informed_swapping/BARK.py:156: UserWarning: Exited at iteration 50 with accuracies 
[2.04184997e-09]
not reaching the requested tolerance 1e-09.
Use iteration 51 instead with accuracy 
2.041849970260271e-09.

  values, vectors = lobpcg(projected_hamiltonian, guess, largest=False,
/home/erosanow_hpc/informed_swapping/BARK.py:156: UserWarning: Exited postprocessing with accuracies 
[2.04184945e-09]
not reaching the requested tolerance 1e-09.
  values, vectors = lobpcg(projected_hamiltonian, guess, largest=False,
/home/erosanow_hpc/informed_swapping/BARK.py:156: UserWarning: Exited at iteration 50 with accuracies 
[1.61002272e-09]
not reaching the requested tolerance 1e-09.
Use iteration 51 instead with accuracy 
1.6100227212476277e-09.

  values, vectors = lobpcg(projected_hamiltonian, guess, largest=False,
/home/erosanow_hpc/informed_swapping/BARK.py:156: UserWarning: Exited postprocessing with accuracies 
[1.61002295e-09]
not reaching the requested tolerance 1e-09.
  values, vectors = lobpcg(projected_hamiltonian, guess, largest=False,
/home/erosanow_hpc/informed_swapping/BARK.py:156: UserWarning: Exited at iteration 50 with accuracies 
[2.4273088e-09]
not reaching the requested tolerance 1e-09.
Use iteration 51 instead with accuracy 
2.4273087969169523e-09.

  values, vectors = lobpcg(projected_hamiltonian, guess, largest=False,
/home/erosanow_hpc/informed_swapping/BARK.py:156: UserWarning: Exited postprocessing with accuracies 
[2.42730882e-09]
not reaching the requested tolerance 1e-09.
  values, vectors = lobpcg(projected_hamiltonian, guess, largest=False,
/home/erosanow_hpc/informed_swapping/BARK.py:156: UserWarning: Exited at iteration 50 with accuracies 
[1.99155039e-09]
not reaching the requested tolerance 1e-09.
Use iteration 51 instead with accuracy 
1.9915503940913595e-09.

  values, vectors = lobpcg(projected_hamiltonian, guess, largest=False,
/home/erosanow_hpc/informed_swapping/BARK.py:156: UserWarning: Exited postprocessing with accuracies 
[1.99155043e-09]
not reaching the requested tolerance 1e-09.
  values, vectors = lobpcg(projected_hamiltonian, guess, largest=False,
/home/erosanow_hpc/informed_swapping/BARK.py:156: UserWarning: Exited at iteration 50 with accuracies 
[2.09651217e-09]
not reaching the requested tolerance 1e-09.
Use iteration 51 instead with accuracy 
2.0965121661317926e-09.

  values, vectors = lobpcg(projected_hamiltonian, guess, largest=False,
/home/erosanow_hpc/informed_swapping/BARK.py:156: UserWarning: Exited postprocessing with accuracies 
[2.09651248e-09]
not reaching the requested tolerance 1e-09.
  values, vectors = lobpcg(projected_hamiltonian, guess, largest=False,
/home/erosanow_hpc/informed_swapping/BARK.py:156: UserWarning: Exited at iteration 50 with accuracies 
[4.13171041e-09]
not reaching the requested tolerance 1e-09.
Use iteration 51 instead with accuracy 
4.1317104064872075e-09.

  values, vectors = lobpcg(projected_hamiltonian, guess, largest=False,
/home/erosanow_hpc/informed_swapping/BARK.py:156: UserWarning: Exited postprocessing with accuracies 
[4.13171029e-09]
not reaching the requested tolerance 1e-09.
  values, vectors = lobpcg(projected_hamiltonian, guess, largest=False,
/home/erosanow_hpc/informed_swapping/BARK.py:156: UserWarning: Exited at iteration 50 with accuracies 
[1.30974184e-09]
not reaching the requested tolerance 1e-09.
Use iteration 51 instead with accuracy 
1.3097418410000026e-09.

  values, vectors = lobpcg(projected_hamiltonian, guess, largest=False,
/home/erosanow_hpc/informed_swapping/BARK.py:156: UserWarning: Exited postprocessing with accuracies 
[1.30974212e-09]
not reaching the requested tolerance 1e-09.
  values, vectors = lobpcg(projected_hamiltonian, guess, largest=False,
/home/erosanow_hpc/informed_swapping/BARK.py:156: UserWarning: Exited at iteration 50 with accuracies 
[3.23663052e-09]
not reaching the requested tolerance 1e-09.
Use iteration 51 instead with accuracy 
3.2366305235861833e-09.

  values, vectors = lobpcg(projected_hamiltonian, guess, largest=False,
/home/erosanow_hpc/informed_swapping/BARK.py:156: UserWarning: Exited postprocessing with accuracies 
[3.23663055e-09]
not reaching the requested tolerance 1e-09.
  values, vectors = lobpcg(projected_hamiltonian, guess, largest=False,
/home/erosanow_hpc/informed_swapping/BARK.py:156: UserWarning: Exited at iteration 50 with accuracies 
[3.37521182e-09]
not reaching the requested tolerance 1e-09.
Use iteration 51 instead with accuracy 
3.37521181610787e-09.

  values, vectors = lobpcg(projected_hamiltonian, guess, largest=False,
/home/erosanow_hpc/informed_swapping/BARK.py:156: UserWarning: Exited postprocessing with accuracies 
[3.37521144e-09]
not reaching the requested tolerance 1e-09.
  values, vectors = lobpcg(projected_hamiltonian, guess, largest=False,
/home/erosanow_hpc/informed_swapping/BARK.py:156: UserWarning: Exited at iteration 50 with accuracies 
[3.32952936e-09]
not reaching the requested tolerance 1e-09.
Use iteration 51 instead with accuracy 
3.3295293562323203e-09.

  values, vectors = lobpcg(projected_hamiltonian, guess, largest=False,
/home/erosanow_hpc/informed_swapping/BARK.py:156: UserWarning: Exited postprocessing with accuracies 
[3.32952884e-09]
not reaching the requested tolerance 1e-09.
  values, vectors = lobpcg(projected_hamiltonian, guess, largest=False,
/home/erosanow_hpc/informed_swapping/BARK.py:156: UserWarning: Exited at iteration 50 with accuracies 
[3.28041663e-09]
not reaching the requested tolerance 1e-09.
Use iteration 51 instead with accuracy 
3.2804166327523316e-09.

  values, vectors = lobpcg(projected_hamiltonian, guess, largest=False,
/home/erosanow_hpc/informed_swapping/BARK.py:156: UserWarning: Exited postprocessing with accuracies 
[3.28041559e-09]
not reaching the requested tolerance 1e-09.
  values, vectors = lobpcg(projected_hamiltonian, guess, largest=False,
/home/erosanow_hpc/informed_swapping/BARK.py:156: UserWarning: Exited at iteration 50 with accuracies 
[3.37616902e-09]
not reaching the requested tolerance 1e-09.
Use iteration 51 instead with accuracy 
3.376169023934819e-09.

  values, vectors = lobpcg(projected_hamiltonian, guess, largest=False,
/home/erosanow_hpc/informed_swapping/BARK.py:156: UserWarning: Exited postprocessing with accuracies 
[3.37616873e-09]
not reaching the requested tolerance 1e-09.
  values, vectors = lobpcg(projected_hamiltonian, guess, largest=False,
/home/erosanow_hpc/informed_swapping/BARK.py:156: UserWarning: Exited at iteration 50 with accuracies 
[3.12052295e-09]
not reaching the requested tolerance 1e-09.
Use iteration 51 instead with accuracy 
3.120522947811472e-09.

  values, vectors = lobpcg(projected_hamiltonian, guess, largest=False,
/home/erosanow_hpc/informed_swapping/BARK.py:156: UserWarning: Exited postprocessing with accuracies 
[3.1205233e-09]
not reaching the requested tolerance 1e-09.
  values, vectors = lobpcg(projected_hamiltonian, guess, largest=False,
/home/erosanow_hpc/informed_swapping/BARK.py:156: UserWarning: Exited at iteration 50 with accuracies 
[6.97038611e-09]
not reaching the requested tolerance 1e-09.
Use iteration 51 instead with accuracy 
6.970386106250831e-09.

  values, vectors = lobpcg(projected_hamiltonian, guess, largest=False,
/home/erosanow_hpc/informed_swapping/BARK.py:156: UserWarning: Exited postprocessing with accuracies 
[6.97038609e-09]
not reaching the requested tolerance 1e-09.
  values, vectors = lobpcg(projected_hamiltonian, guess, largest=False,
/home/erosanow_hpc/informed_swapping/BARK.py:156: UserWarning: Exited at iteration 50 with accuracies 
[2.54253944e-09]
not reaching the requested tolerance 1e-09.
Use iteration 51 instead with accuracy 
2.5425394366439485e-09.

  values, vectors = lobpcg(projected_hamiltonian, guess, largest=False,
/home/erosanow_hpc/informed_swapping/BARK.py:156: UserWarning: Exited postprocessing with accuracies 
[2.54253884e-09]
not reaching the requested tolerance 1e-09.
  values, vectors = lobpcg(projected_hamiltonian, guess, largest=False,
/home/erosanow_hpc/informed_swapping/BARK.py:156: UserWarning: Exited at iteration 50 with accuracies 
[2.55655761e-09]
not reaching the requested tolerance 1e-09.
Use iteration 51 instead with accuracy 
2.5565576105694055e-09.

  values, vectors = lobpcg(projected_hamiltonian, guess, largest=False,
/home/erosanow_hpc/informed_swapping/BARK.py:156: UserWarning: Exited postprocessing with accuracies 
[2.55655721e-09]
not reaching the requested tolerance 1e-09.
  values, vectors = lobpcg(projected_hamiltonian, guess, largest=False,
/home/erosanow_hpc/informed_swapping/BARK.py:156: UserWarning: Exited at iteration 50 with accuracies 
[2.69232343e-09]
not reaching the requested tolerance 1e-09.
Use iteration 51 instead with accuracy 
2.6923234323174224e-09.

  values, vectors = lobpcg(projected_hamiltonian, guess, largest=False,
/home/erosanow_hpc/informed_swapping/BARK.py:156: UserWarning: Exited postprocessing with accuracies 
[2.69232297e-09]
not reaching the requested tolerance 1e-09.
  values, vectors = lobpcg(projected_hamiltonian, guess, largest=False,
/home/erosanow_hpc/informed_swapping/BARK.py:156: UserWarning: Exited at iteration 50 with accuracies 
[6.08464221e-09]
not reaching the requested tolerance 1e-09.
Use iteration 51 instead with accuracy 
6.084642210083961e-09.

  values, vectors = lobpcg(projected_hamiltonian, guess, largest=False,
/home/erosanow_hpc/informed_swapping/BARK.py:156: UserWarning: Exited postprocessing with accuracies 
[6.08464265e-09]
not reaching the requested tolerance 1e-09.
  values, vectors = lobpcg(projected_hamiltonian, guess, largest=False,
/home/erosanow_hpc/informed_swapping/BARK.py:156: UserWarning: Exited at iteration 50 with accuracies 
[2.55761437e-09]
not reaching the requested tolerance 1e-09.
Use iteration 51 instead with accuracy 
2.5576143718261836e-09.

  values, vectors = lobpcg(projected_hamiltonian, guess, largest=False,
/home/erosanow_hpc/informed_swapping/BARK.py:156: UserWarning: Exited postprocessing with accuracies 
[2.55761441e-09]
not reaching the requested tolerance 1e-09.
  values, vectors = lobpcg(projected_hamiltonian, guess, largest=False,
/home/erosanow_hpc/informed_swapping/BARK.py:156: UserWarning: Exited at iteration 50 with accuracies 
[6.1101924e-09]
not reaching the requested tolerance 1e-09.
Use iteration 51 instead with accuracy 
6.110192396328939e-09.

  values, vectors = lobpcg(projected_hamiltonian, guess, largest=False,
/home/erosanow_hpc/informed_swapping/BARK.py:156: UserWarning: Exited postprocessing with accuracies 
[6.11019248e-09]
not reaching the requested tolerance 1e-09.
  values, vectors = lobpcg(projected_hamiltonian, guess, largest=False,
/home/erosanow_hpc/informed_swapping/BARK.py:156: UserWarning: Exited at iteration 50 with accuracies 
[5.59633702e-09]
not reaching the requested tolerance 1e-09.
Use iteration 51 instead with accuracy 
5.596337022512497e-09.

  values, vectors = lobpcg(projected_hamiltonian, guess, largest=False,
/home/erosanow_hpc/informed_swapping/BARK.py:156: UserWarning: Exited postprocessing with accuracies 
[5.59633716e-09]
not reaching the requested tolerance 1e-09.
  values, vectors = lobpcg(projected_hamiltonian, guess, largest=False,
/home/erosanow_hpc/informed_swapping/BARK.py:156: UserWarning: Exited at iteration 50 with accuracies 
[6.01930095e-09]
not reaching the requested tolerance 1e-09.
Use iteration 51 instead with accuracy 
6.0193009519407535e-09.

  values, vectors = lobpcg(projected_hamiltonian, guess, largest=False,
/home/erosanow_hpc/informed_swapping/BARK.py:156: UserWarning: Exited postprocessing with accuracies 
[6.01930101e-09]
not reaching the requested tolerance 1e-09.
  values, vectors = lobpcg(projected_hamiltonian, guess, largest=False,
/home/erosanow_hpc/informed_swapping/BARK.py:156: UserWarning: Exited at iteration 50 with accuracies 
[3.39815182e-09]
not reaching the requested tolerance 1e-09.
Use iteration 51 instead with accuracy 
3.3981518196198515e-09.

  values, vectors = lobpcg(projected_hamiltonian, guess, largest=False,
/home/erosanow_hpc/informed_swapping/BARK.py:156: UserWarning: Exited postprocessing with accuracies 
[3.39815147e-09]
not reaching the requested tolerance 1e-09.
  values, vectors = lobpcg(projected_hamiltonian, guess, largest=False,
/home/erosanow_hpc/informed_swapping/BARK.py:156: UserWarning: Exited at iteration 50 with accuracies 
[3.55828397e-09]
not reaching the requested tolerance 1e-09.
Use iteration 51 instead with accuracy 
3.558283974944033e-09.

  values, vectors = lobpcg(projected_hamiltonian, guess, largest=False,
/home/erosanow_hpc/informed_swapping/BARK.py:156: UserWarning: Exited postprocessing with accuracies 
[3.55828442e-09]
not reaching the requested tolerance 1e-09.
  values, vectors = lobpcg(projected_hamiltonian, guess, largest=False,
/home/erosanow_hpc/informed_swapping/BARK.py:156: UserWarning: Exited at iteration 50 with accuracies 
[3.69095482e-09]
not reaching the requested tolerance 1e-09.
Use iteration 51 instead with accuracy 
3.6909548237416307e-09.

  values, vectors = lobpcg(projected_hamiltonian, guess, largest=False,
/home/erosanow_hpc/informed_swapping/BARK.py:156: UserWarning: Exited postprocessing with accuracies 
[3.69095466e-09]
not reaching the requested tolerance 1e-09.
  values, vectors = lobpcg(projected_hamiltonian, guess, largest=False,
/home/erosanow_hpc/informed_swapping/BARK.py:156: UserWarning: Exited at iteration 50 with accuracies 
[8.25885545e-09]
not reaching the requested tolerance 1e-09.
Use iteration 51 instead with accuracy 
8.258855446222987e-09.

  values, vectors = lobpcg(projected_hamiltonian, guess, largest=False,
/home/erosanow_hpc/informed_swapping/BARK.py:156: UserWarning: Exited postprocessing with accuracies 
[8.25885568e-09]
not reaching the requested tolerance 1e-09.
  values, vectors = lobpcg(projected_hamiltonian, guess, largest=False,
/home/erosanow_hpc/informed_swapping/BARK.py:156: UserWarning: Exited at iteration 50 with accuracies 
[3.61005305e-09]
not reaching the requested tolerance 1e-09.
Use iteration 51 instead with accuracy 
3.610053052410737e-09.

  values, vectors = lobpcg(projected_hamiltonian, guess, largest=False,
/home/erosanow_hpc/informed_swapping/BARK.py:156: UserWarning: Exited postprocessing with accuracies 
[3.61005288e-09]
not reaching the requested tolerance 1e-09.
  values, vectors = lobpcg(projected_hamiltonian, guess, largest=False,
/home/erosanow_hpc/informed_swapping/BARK.py:156: UserWarning: Exited at iteration 50 with accuracies 
[8.39950969e-09]
not reaching the requested tolerance 1e-09.
Use iteration 51 instead with accuracy 
8.399509687971197e-09.

  values, vectors = lobpcg(projected_hamiltonian, guess, largest=False,
/home/erosanow_hpc/informed_swapping/BARK.py:156: UserWarning: Exited postprocessing with accuracies 
[8.39950948e-09]
not reaching the requested tolerance 1e-09.
  values, vectors = lobpcg(projected_hamiltonian, guess, largest=False,
/home/erosanow_hpc/informed_swapping/BARK.py:156: UserWarning: Exited at iteration 50 with accuracies 
[7.7572867e-09]
not reaching the requested tolerance 1e-09.
Use iteration 51 instead with accuracy 
7.757286698373209e-09.

  values, vectors = lobpcg(projected_hamiltonian, guess, largest=False,
/home/erosanow_hpc/informed_swapping/BARK.py:156: UserWarning: Exited postprocessing with accuracies 
[7.7572873e-09]
not reaching the requested tolerance 1e-09.
  values, vectors = lobpcg(projected_hamiltonian, guess, largest=False,
/home/erosanow_hpc/informed_swapping/BARK.py:156: UserWarning: Exited at iteration 50 with accuracies 
[9.17587482e-09]
not reaching the requested tolerance 1e-09.
Use iteration 51 instead with accuracy 
9.175874817249371e-09.

  values, vectors = lobpcg(projected_hamiltonian, guess, largest=False,
/home/erosanow_hpc/informed_swapping/BARK.py:156: UserWarning: Exited postprocessing with accuracies 
[9.17587436e-09]
not reaching the requested tolerance 1e-09.
  values, vectors = lobpcg(projected_hamiltonian, guess, largest=False,
/home/erosanow_hpc/informed_swapping/BARK.py:156: UserWarning: Exited at iteration 50 with accuracies 
[1.74887878e-09]
not reaching the requested tolerance 1e-09.
Use iteration 51 instead with accuracy 
1.7488787802587845e-09.

  values, vectors = lobpcg(projected_hamiltonian, guess, largest=False,
/home/erosanow_hpc/informed_swapping/BARK.py:156: UserWarning: Exited postprocessing with accuracies 
[1.74887871e-09]
not reaching the requested tolerance 1e-09.
  values, vectors = lobpcg(projected_hamiltonian, guess, largest=False,
/home/erosanow_hpc/informed_swapping/BARK.py:156: UserWarning: Exited at iteration 50 with accuracies 
[2.58131292e-09]
not reaching the requested tolerance 1e-09.
Use iteration 51 instead with accuracy 
2.5813129247480054e-09.

  values, vectors = lobpcg(projected_hamiltonian, guess, largest=False,
/home/erosanow_hpc/informed_swapping/BARK.py:156: UserWarning: Exited postprocessing with accuracies 
[2.58131327e-09]
not reaching the requested tolerance 1e-09.
  values, vectors = lobpcg(projected_hamiltonian, guess, largest=False,
/home/erosanow_hpc/informed_swapping/BARK.py:156: UserWarning: Exited at iteration 50 with accuracies 
[4.51487209e-09]
not reaching the requested tolerance 1e-09.
Use iteration 51 instead with accuracy 
4.514872093824801e-09.

  values, vectors = lobpcg(projected_hamiltonian, guess, largest=False,
/home/erosanow_hpc/informed_swapping/BARK.py:156: UserWarning: Exited postprocessing with accuracies 
[4.51487261e-09]
not reaching the requested tolerance 1e-09.
  values, vectors = lobpcg(projected_hamiltonian, guess, largest=False,
/home/erosanow_hpc/informed_swapping/BARK.py:156: UserWarning: Exited at iteration 50 with accuracies 
[5.84538126e-09]
not reaching the requested tolerance 1e-09.
Use iteration 51 instead with accuracy 
5.8453812555993e-09.

  values, vectors = lobpcg(projected_hamiltonian, guess, largest=False,
/home/erosanow_hpc/informed_swapping/BARK.py:156: UserWarning: Exited postprocessing with accuracies 
[5.8453817e-09]
not reaching the requested tolerance 1e-09.
  values, vectors = lobpcg(projected_hamiltonian, guess, largest=False,
/home/erosanow_hpc/informed_swapping/BARK.py:156: UserWarning: Exited at iteration 50 with accuracies 
[2.67207412e-09]
not reaching the requested tolerance 1e-09.
Use iteration 51 instead with accuracy 
2.6720741160110824e-09.

  values, vectors = lobpcg(projected_hamiltonian, guess, largest=False,
/home/erosanow_hpc/informed_swapping/BARK.py:156: UserWarning: Exited postprocessing with accuracies 
[2.67207412e-09]
not reaching the requested tolerance 1e-09.
  values, vectors = lobpcg(projected_hamiltonian, guess, largest=False,
/home/erosanow_hpc/informed_swapping/BARK.py:156: UserWarning: Exited at iteration 50 with accuracies 
[6.17274693e-09]
not reaching the requested tolerance 1e-09.
Use iteration 51 instead with accuracy 
6.17274693195708e-09.

  values, vectors = lobpcg(projected_hamiltonian, guess, largest=False,
/home/erosanow_hpc/informed_swapping/BARK.py:156: UserWarning: Exited postprocessing with accuracies 
[6.17274711e-09]
not reaching the requested tolerance 1e-09.
  values, vectors = lobpcg(projected_hamiltonian, guess, largest=False,
/home/erosanow_hpc/informed_swapping/BARK.py:156: UserWarning: Exited at iteration 50 with accuracies 
[6.45877552e-09]
not reaching the requested tolerance 1e-09.
Use iteration 51 instead with accuracy 
6.458775518726004e-09.

  values, vectors = lobpcg(projected_hamiltonian, guess, largest=False,
/home/erosanow_hpc/informed_swapping/BARK.py:156: UserWarning: Exited postprocessing with accuracies 
[6.4587757e-09]
not reaching the requested tolerance 1e-09.
  values, vectors = lobpcg(projected_hamiltonian, guess, largest=False,
/home/erosanow_hpc/informed_swapping/BARK.py:156: UserWarning: Exited at iteration 50 with accuracies 
[7.57108067e-09]
not reaching the requested tolerance 1e-09.
Use iteration 51 instead with accuracy 
7.571080672638013e-09.

  values, vectors = lobpcg(projected_hamiltonian, guess, largest=False,
/home/erosanow_hpc/informed_swapping/BARK.py:156: UserWarning: Exited postprocessing with accuracies 
[7.5710806e-09]
not reaching the requested tolerance 1e-09.
  values, vectors = lobpcg(projected_hamiltonian, guess, largest=False,
/home/erosanow_hpc/informed_swapping/BARK.py:156: UserWarning: Exited at iteration 50 with accuracies 
[4.81635149e-09]
not reaching the requested tolerance 1e-09.
Use iteration 51 instead with accuracy 
4.8163514921747145e-09.

  values, vectors = lobpcg(projected_hamiltonian, guess, largest=False,
/home/erosanow_hpc/informed_swapping/BARK.py:156: UserWarning: Exited postprocessing with accuracies 
[4.81635109e-09]
not reaching the requested tolerance 1e-09.
  values, vectors = lobpcg(projected_hamiltonian, guess, largest=False,
/home/erosanow_hpc/informed_swapping/BARK.py:156: UserWarning: Exited at iteration 50 with accuracies 
[5.26252157e-09]
not reaching the requested tolerance 1e-09.
Use iteration 51 instead with accuracy 
5.262521568463687e-09.

  values, vectors = lobpcg(projected_hamiltonian, guess, largest=False,
/home/erosanow_hpc/informed_swapping/BARK.py:156: UserWarning: Exited postprocessing with accuracies 
[5.2625218e-09]
not reaching the requested tolerance 1e-09.
  values, vectors = lobpcg(projected_hamiltonian, guess, largest=False,
/home/erosanow_hpc/informed_swapping/BARK.py:156: UserWarning: Exited at iteration 50 with accuracies 
[4.81215519e-09]
not reaching the requested tolerance 1e-09.
Use iteration 51 instead with accuracy 
4.8121551942236615e-09.

  values, vectors = lobpcg(projected_hamiltonian, guess, largest=False,
/home/erosanow_hpc/informed_swapping/BARK.py:156: UserWarning: Exited postprocessing with accuracies 
[4.81215526e-09]
not reaching the requested tolerance 1e-09.
  values, vectors = lobpcg(projected_hamiltonian, guess, largest=False,
/home/erosanow_hpc/informed_swapping/BARK.py:156: UserWarning: Exited at iteration 50 with accuracies 
[1.0399996e-08]
not reaching the requested tolerance 1e-09.
Use iteration 51 instead with accuracy 
1.0399996041870988e-08.

  values, vectors = lobpcg(projected_hamiltonian, guess, largest=False,
/home/erosanow_hpc/informed_swapping/BARK.py:156: UserWarning: Exited postprocessing with accuracies 
[1.03999955e-08]
not reaching the requested tolerance 1e-09.
  values, vectors = lobpcg(projected_hamiltonian, guess, largest=False,
/home/erosanow_hpc/informed_swapping/BARK.py:156: UserWarning: Exited at iteration 50 with accuracies 
[3.96846804e-09]
not reaching the requested tolerance 1e-09.
Use iteration 51 instead with accuracy 
3.968468040150311e-09.

  values, vectors = lobpcg(projected_hamiltonian, guess, largest=False,
/home/erosanow_hpc/informed_swapping/BARK.py:156: UserWarning: Exited postprocessing with accuracies 
[3.96846786e-09]
not reaching the requested tolerance 1e-09.
  values, vectors = lobpcg(projected_hamiltonian, guess, largest=False,
/home/erosanow_hpc/informed_swapping/BARK.py:156: UserWarning: Exited at iteration 50 with accuracies 
[8.94152646e-09]
not reaching the requested tolerance 1e-09.
Use iteration 51 instead with accuracy 
8.941526464761204e-09.

  values, vectors = lobpcg(projected_hamiltonian, guess, largest=False,
/home/erosanow_hpc/informed_swapping/BARK.py:156: UserWarning: Exited postprocessing with accuracies 
[8.94152673e-09]
not reaching the requested tolerance 1e-09.
  values, vectors = lobpcg(projected_hamiltonian, guess, largest=False,
/home/erosanow_hpc/informed_swapping/BARK.py:156: UserWarning: Exited at iteration 50 with accuracies 
[9.27439507e-09]
not reaching the requested tolerance 1e-09.
Use iteration 51 instead with accuracy 
9.274395071274009e-09.

  values, vectors = lobpcg(projected_hamiltonian, guess, largest=False,
/home/erosanow_hpc/informed_swapping/BARK.py:156: UserWarning: Exited postprocessing with accuracies 
[9.27439512e-09]
not reaching the requested tolerance 1e-09.
  values, vectors = lobpcg(projected_hamiltonian, guess, largest=False,
/home/erosanow_hpc/informed_swapping/BARK.py:156: UserWarning: Exited at iteration 50 with accuracies 
[1.16167802e-08]
not reaching the requested tolerance 1e-09.
Use iteration 51 instead with accuracy 
1.1616780174731499e-08.

  values, vectors = lobpcg(projected_hamiltonian, guess, largest=False,
/home/erosanow_hpc/informed_swapping/BARK.py:156: UserWarning: Exited postprocessing with accuracies 
[1.16167804e-08]
not reaching the requested tolerance 1e-09.
  values, vectors = lobpcg(projected_hamiltonian, guess, largest=False,
/home/erosanow_hpc/informed_swapping/BARK.py:156: UserWarning: Exited at iteration 50 with accuracies 
[3.02774786e-09]
not reaching the requested tolerance 1e-09.
Use iteration 51 instead with accuracy 
3.0277478606610637e-09.

  values, vectors = lobpcg(projected_hamiltonian, guess, largest=False,
/home/erosanow_hpc/informed_swapping/BARK.py:156: UserWarning: Exited postprocessing with accuracies 
[3.02774803e-09]
not reaching the requested tolerance 1e-09.
  values, vectors = lobpcg(projected_hamiltonian, guess, largest=False,
/home/erosanow_hpc/informed_swapping/BARK.py:156: UserWarning: Exited at iteration 50 with accuracies 
[6.79661513e-09]
not reaching the requested tolerance 1e-09.
Use iteration 51 instead with accuracy 
6.7966151271230556e-09.

  values, vectors = lobpcg(projected_hamiltonian, guess, largest=False,
/home/erosanow_hpc/informed_swapping/BARK.py:156: UserWarning: Exited postprocessing with accuracies 
[6.79661532e-09]
not reaching the requested tolerance 1e-09.
  values, vectors = lobpcg(projected_hamiltonian, guess, largest=False,
/home/erosanow_hpc/informed_swapping/BARK.py:156: UserWarning: Exited at iteration 50 with accuracies 
[4.55463292e-09]
not reaching the requested tolerance 1e-09.
Use iteration 51 instead with accuracy 
4.554632920864153e-09.

  values, vectors = lobpcg(projected_hamiltonian, guess, largest=False,
/home/erosanow_hpc/informed_swapping/BARK.py:156: UserWarning: Exited postprocessing with accuracies 
[4.55463312e-09]
not reaching the requested tolerance 1e-09.
  values, vectors = lobpcg(projected_hamiltonian, guess, largest=False,
/home/erosanow_hpc/informed_swapping/BARK.py:156: UserWarning: Exited at iteration 50 with accuracies 
[9.88737634e-09]
not reaching the requested tolerance 1e-09.
Use iteration 51 instead with accuracy 
9.887376343543506e-09.

  values, vectors = lobpcg(projected_hamiltonian, guess, largest=False,
/home/erosanow_hpc/informed_swapping/BARK.py:156: UserWarning: Exited postprocessing with accuracies 
[9.88737631e-09]
not reaching the requested tolerance 1e-09.
  values, vectors = lobpcg(projected_hamiltonian, guess, largest=False,
/home/erosanow_hpc/informed_swapping/BARK.py:156: UserWarning: Exited at iteration 50 with accuracies 
[4.9667201e-09]
not reaching the requested tolerance 1e-09.
Use iteration 51 instead with accuracy 
4.966720096841297e-09.

  values, vectors = lobpcg(projected_hamiltonian, guess, largest=False,
/home/erosanow_hpc/informed_swapping/BARK.py:156: UserWarning: Exited postprocessing with accuracies 
[4.96671975e-09]
not reaching the requested tolerance 1e-09.
  values, vectors = lobpcg(projected_hamiltonian, guess, largest=False,
/home/erosanow_hpc/informed_swapping/BARK.py:156: UserWarning: Exited at iteration 50 with accuracies 
[1.13304453e-08]
not reaching the requested tolerance 1e-09.
Use iteration 51 instead with accuracy 
1.1330445266010374e-08.

  values, vectors = lobpcg(projected_hamiltonian, guess, largest=False,
/home/erosanow_hpc/informed_swapping/BARK.py:156: UserWarning: Exited postprocessing with accuracies 
[1.13304449e-08]
not reaching the requested tolerance 1e-09.
  values, vectors = lobpcg(projected_hamiltonian, guess, largest=False,
/home/erosanow_hpc/informed_swapping/BARK.py:156: UserWarning: Exited at iteration 50 with accuracies 
[6.55567449e-09]
not reaching the requested tolerance 1e-09.
Use iteration 51 instead with accuracy 
6.555674488886587e-09.

  values, vectors = lobpcg(projected_hamiltonian, guess, largest=False,
/home/erosanow_hpc/informed_swapping/BARK.py:156: UserWarning: Exited postprocessing with accuracies 
[6.55567434e-09]
not reaching the requested tolerance 1e-09.
  values, vectors = lobpcg(projected_hamiltonian, guess, largest=False,
/home/erosanow_hpc/informed_swapping/BARK.py:156: UserWarning: Exited at iteration 50 with accuracies 
[1.3312178e-08]
not reaching the requested tolerance 1e-09.
Use iteration 51 instead with accuracy 
1.3312178021815315e-08.

  values, vectors = lobpcg(projected_hamiltonian, guess, largest=False,
/home/erosanow_hpc/informed_swapping/BARK.py:156: UserWarning: Exited postprocessing with accuracies 
[1.33121779e-08]
not reaching the requested tolerance 1e-09.
  values, vectors = lobpcg(projected_hamiltonian, guess, largest=False,
/home/erosanow_hpc/informed_swapping/BARK.py:156: UserWarning: Exited at iteration 50 with accuracies 
[7.29355702e-09]
not reaching the requested tolerance 1e-09.
Use iteration 51 instead with accuracy 
7.293557019542681e-09.

  values, vectors = lobpcg(projected_hamiltonian, guess, largest=False,
/home/erosanow_hpc/informed_swapping/BARK.py:156: UserWarning: Exited postprocessing with accuracies 
[7.29355761e-09]
not reaching the requested tolerance 1e-09.
  values, vectors = lobpcg(projected_hamiltonian, guess, largest=False,
/home/erosanow_hpc/informed_swapping/BARK.py:156: UserWarning: Exited at iteration 50 with accuracies 
[8.8195734e-09]
not reaching the requested tolerance 1e-09.
Use iteration 51 instead with accuracy 
8.819573395093585e-09.

  values, vectors = lobpcg(projected_hamiltonian, guess, largest=False,
/home/erosanow_hpc/informed_swapping/BARK.py:156: UserWarning: Exited postprocessing with accuracies 
[8.81957339e-09]
not reaching the requested tolerance 1e-09.
  values, vectors = lobpcg(projected_hamiltonian, guess, largest=False,
/home/erosanow_hpc/informed_swapping/BARK.py:156: UserWarning: Exited at iteration 50 with accuracies 
[1.10269541e-08]
not reaching the requested tolerance 1e-09.
Use iteration 51 instead with accuracy 
1.1026954147979808e-08.

  values, vectors = lobpcg(projected_hamiltonian, guess, largest=False,
/home/erosanow_hpc/informed_swapping/BARK.py:156: UserWarning: Exited postprocessing with accuracies 
[1.10269535e-08]
not reaching the requested tolerance 1e-09.
  values, vectors = lobpcg(projected_hamiltonian, guess, largest=False,
/home/erosanow_hpc/informed_swapping/BARK.py:156: UserWarning: Exited at iteration 50 with accuracies 
[1.38902534e-08]
not reaching the requested tolerance 1e-09.
Use iteration 51 instead with accuracy 
1.3890253449675917e-08.

  values, vectors = lobpcg(projected_hamiltonian, guess, largest=False,
/home/erosanow_hpc/informed_swapping/BARK.py:156: UserWarning: Exited postprocessing with accuracies 
[1.38902534e-08]
not reaching the requested tolerance 1e-09.
  values, vectors = lobpcg(projected_hamiltonian, guess, largest=False,
/home/erosanow_hpc/informed_swapping/BARK.py:156: UserWarning: Exited at iteration 50 with accuracies 
[1.19023066e-08]
not reaching the requested tolerance 1e-09.
Use iteration 51 instead with accuracy 
1.1902306589494675e-08.

  values, vectors = lobpcg(projected_hamiltonian, guess, largest=False,
/home/erosanow_hpc/informed_swapping/BARK.py:156: UserWarning: Exited postprocessing with accuracies 
[1.19023067e-08]
not reaching the requested tolerance 1e-09.
  values, vectors = lobpcg(projected_hamiltonian, guess, largest=False,
/home/erosanow_hpc/informed_swapping/BARK.py:156: UserWarning: Exited at iteration 50 with accuracies 
[1.57971045e-08]
not reaching the requested tolerance 1e-09.
Use iteration 51 instead with accuracy 
1.5797104543274894e-08.

  values, vectors = lobpcg(projected_hamiltonian, guess, largest=False,
/home/erosanow_hpc/informed_swapping/BARK.py:156: UserWarning: Exited postprocessing with accuracies 
[1.57971038e-08]
not reaching the requested tolerance 1e-09.
  values, vectors = lobpcg(projected_hamiltonian, guess, largest=False,
/home/erosanow_hpc/informed_swapping/BARK.py:156: UserWarning: Exited at iteration 50 with accuracies 
[1.48106227e-08]
not reaching the requested tolerance 1e-09.
Use iteration 51 instead with accuracy 
1.4810622692419278e-08.

  values, vectors = lobpcg(projected_hamiltonian, guess, largest=False,
/home/erosanow_hpc/informed_swapping/BARK.py:156: UserWarning: Exited postprocessing with accuracies 
[1.48106227e-08]
not reaching the requested tolerance 1e-09.
  values, vectors = lobpcg(projected_hamiltonian, guess, largest=False,
/home/erosanow_hpc/informed_swapping/BARK.py:156: UserWarning: Exited at iteration 50 with accuracies 
[1.9323379e-08]
not reaching the requested tolerance 1e-09.
Use iteration 51 instead with accuracy 
1.9323379015871414e-08.

  values, vectors = lobpcg(projected_hamiltonian, guess, largest=False,
/home/erosanow_hpc/informed_swapping/BARK.py:156: UserWarning: Exited postprocessing with accuracies 
[1.93233791e-08]
not reaching the requested tolerance 1e-09.
  values, vectors = lobpcg(projected_hamiltonian, guess, largest=False,
/home/erosanow_hpc/informed_swapping/BARK.py:156: UserWarning: Exited at iteration 50 with accuracies 
[1.91729308e-09]
not reaching the requested tolerance 1e-09.
Use iteration 51 instead with accuracy 
1.9172930844795335e-09.

  values, vectors = lobpcg(projected_hamiltonian, guess, largest=False,
/home/erosanow_hpc/informed_swapping/BARK.py:156: UserWarning: Exited postprocessing with accuracies 
[1.91729358e-09]
not reaching the requested tolerance 1e-09.
  values, vectors = lobpcg(projected_hamiltonian, guess, largest=False,
/home/erosanow_hpc/informed_swapping/BARK.py:156: UserWarning: Exited at iteration 50 with accuracies 
[4.46041249e-09]
not reaching the requested tolerance 1e-09.
Use iteration 51 instead with accuracy 
4.460412487441186e-09.

  values, vectors = lobpcg(projected_hamiltonian, guess, largest=False,
/home/erosanow_hpc/informed_swapping/BARK.py:156: UserWarning: Exited postprocessing with accuracies 
[4.46041237e-09]
not reaching the requested tolerance 1e-09.
  values, vectors = lobpcg(projected_hamiltonian, guess, largest=False,
/home/erosanow_hpc/informed_swapping/BARK.py:156: UserWarning: Exited at iteration 50 with accuracies 
[2.91057471e-09]
not reaching the requested tolerance 1e-09.
Use iteration 51 instead with accuracy 
2.9105747051858662e-09.

  values, vectors = lobpcg(projected_hamiltonian, guess, largest=False,
/home/erosanow_hpc/informed_swapping/BARK.py:156: UserWarning: Exited postprocessing with accuracies 
[2.91057426e-09]
not reaching the requested tolerance 1e-09.
  values, vectors = lobpcg(projected_hamiltonian, guess, largest=False,
/home/erosanow_hpc/informed_swapping/BARK.py:156: UserWarning: Exited at iteration 50 with accuracies 
[6.41194128e-09]
not reaching the requested tolerance 1e-09.
Use iteration 51 instead with accuracy 
6.411941278890873e-09.

  values, vectors = lobpcg(projected_hamiltonian, guess, largest=False,
/home/erosanow_hpc/informed_swapping/BARK.py:156: UserWarning: Exited postprocessing with accuracies 
[6.41194114e-09]
not reaching the requested tolerance 1e-09.
  values, vectors = lobpcg(projected_hamiltonian, guess, largest=False,
/home/erosanow_hpc/informed_swapping/BARK.py:156: UserWarning: Exited at iteration 50 with accuracies 
[4.79590821e-09]
not reaching the requested tolerance 1e-09.
Use iteration 51 instead with accuracy 
4.795908207097925e-09.

  values, vectors = lobpcg(projected_hamiltonian, guess, largest=False,
/home/erosanow_hpc/informed_swapping/BARK.py:156: UserWarning: Exited postprocessing with accuracies 
[4.79590794e-09]
not reaching the requested tolerance 1e-09.
  values, vectors = lobpcg(projected_hamiltonian, guess, largest=False,
/home/erosanow_hpc/informed_swapping/BARK.py:156: UserWarning: Exited at iteration 50 with accuracies 
[5.18565472e-09]
not reaching the requested tolerance 1e-09.
Use iteration 51 instead with accuracy 
5.1856547245906635e-09.

  values, vectors = lobpcg(projected_hamiltonian, guess, largest=False,
/home/erosanow_hpc/informed_swapping/BARK.py:156: UserWarning: Exited postprocessing with accuracies 
[5.18565417e-09]
not reaching the requested tolerance 1e-09.
  values, vectors = lobpcg(projected_hamiltonian, guess, largest=False,
/home/erosanow_hpc/informed_swapping/BARK.py:156: UserWarning: Exited at iteration 50 with accuracies 
[5.91794235e-09]
not reaching the requested tolerance 1e-09.
Use iteration 51 instead with accuracy 
5.917942350223618e-09.

  values, vectors = lobpcg(projected_hamiltonian, guess, largest=False,
/home/erosanow_hpc/informed_swapping/BARK.py:156: UserWarning: Exited postprocessing with accuracies 
[5.91794262e-09]
not reaching the requested tolerance 1e-09.
  values, vectors = lobpcg(projected_hamiltonian, guess, largest=False,
/home/erosanow_hpc/informed_swapping/BARK.py:156: UserWarning: Exited at iteration 50 with accuracies 
[6.44176395e-09]
not reaching the requested tolerance 1e-09.
Use iteration 51 instead with accuracy 
6.441763949646491e-09.

  values, vectors = lobpcg(projected_hamiltonian, guess, largest=False,
/home/erosanow_hpc/informed_swapping/BARK.py:156: UserWarning: Exited postprocessing with accuracies 
[6.44176396e-09]
not reaching the requested tolerance 1e-09.
  values, vectors = lobpcg(projected_hamiltonian, guess, largest=False,
/home/erosanow_hpc/informed_swapping/BARK.py:156: UserWarning: Exited at iteration 50 with accuracies 
[3.43613565e-09]
not reaching the requested tolerance 1e-09.
Use iteration 51 instead with accuracy 
3.436135645476539e-09.

  values, vectors = lobpcg(projected_hamiltonian, guess, largest=False,
/home/erosanow_hpc/informed_swapping/BARK.py:156: UserWarning: Exited postprocessing with accuracies 
[3.43613547e-09]
not reaching the requested tolerance 1e-09.
  values, vectors = lobpcg(projected_hamiltonian, guess, largest=False,
/home/erosanow_hpc/informed_swapping/BARK.py:156: UserWarning: Exited at iteration 50 with accuracies 
[7.80160486e-09]
not reaching the requested tolerance 1e-09.
Use iteration 51 instead with accuracy 
7.801604861453285e-09.

  values, vectors = lobpcg(projected_hamiltonian, guess, largest=False,
/home/erosanow_hpc/informed_swapping/BARK.py:156: UserWarning: Exited postprocessing with accuracies 
[7.80160525e-09]
not reaching the requested tolerance 1e-09.
  values, vectors = lobpcg(projected_hamiltonian, guess, largest=False,
/home/erosanow_hpc/informed_swapping/BARK.py:156: UserWarning: Exited at iteration 50 with accuracies 
[5.47462723e-09]
not reaching the requested tolerance 1e-09.
Use iteration 51 instead with accuracy 
5.474627228644823e-09.

  values, vectors = lobpcg(projected_hamiltonian, guess, largest=False,
/home/erosanow_hpc/informed_swapping/BARK.py:156: UserWarning: Exited postprocessing with accuracies 
[5.47462752e-09]
not reaching the requested tolerance 1e-09.
  values, vectors = lobpcg(projected_hamiltonian, guess, largest=False,
/home/erosanow_hpc/informed_swapping/BARK.py:156: UserWarning: Exited at iteration 50 with accuracies 
[1.15720053e-08]
not reaching the requested tolerance 1e-09.
Use iteration 51 instead with accuracy 
1.1572005336981901e-08.

  values, vectors = lobpcg(projected_hamiltonian, guess, largest=False,
/home/erosanow_hpc/informed_swapping/BARK.py:156: UserWarning: Exited postprocessing with accuracies 
[1.15720051e-08]
not reaching the requested tolerance 1e-09.
  values, vectors = lobpcg(projected_hamiltonian, guess, largest=False,
/home/erosanow_hpc/informed_swapping/BARK.py:156: UserWarning: Exited at iteration 50 with accuracies 
[7.45441703e-09]
not reaching the requested tolerance 1e-09.
Use iteration 51 instead with accuracy 
7.454417029386118e-09.

  values, vectors = lobpcg(projected_hamiltonian, guess, largest=False,
/home/erosanow_hpc/informed_swapping/BARK.py:156: UserWarning: Exited postprocessing with accuracies 
[7.45441677e-09]
not reaching the requested tolerance 1e-09.
  values, vectors = lobpcg(projected_hamiltonian, guess, largest=False,
/home/erosanow_hpc/informed_swapping/BARK.py:156: UserWarning: Exited at iteration 50 with accuracies 
[9.43426814e-09]
not reaching the requested tolerance 1e-09.
Use iteration 51 instead with accuracy 
9.434268144604389e-09.

  values, vectors = lobpcg(projected_hamiltonian, guess, largest=False,
/home/erosanow_hpc/informed_swapping/BARK.py:156: UserWarning: Exited postprocessing with accuracies 
[9.43426809e-09]
not reaching the requested tolerance 1e-09.
  values, vectors = lobpcg(projected_hamiltonian, guess, largest=False,
/home/erosanow_hpc/informed_swapping/BARK.py:156: UserWarning: Exited at iteration 50 with accuracies 
[9.27679911e-09]
not reaching the requested tolerance 1e-09.
Use iteration 51 instead with accuracy 
9.2767991126146e-09.

  values, vectors = lobpcg(projected_hamiltonian, guess, largest=False,
/home/erosanow_hpc/informed_swapping/BARK.py:156: UserWarning: Exited postprocessing with accuracies 
[9.27679941e-09]
not reaching the requested tolerance 1e-09.
  values, vectors = lobpcg(projected_hamiltonian, guess, largest=False,
/home/erosanow_hpc/informed_swapping/BARK.py:156: UserWarning: Exited at iteration 50 with accuracies 
[1.1384499e-08]
not reaching the requested tolerance 1e-09.
Use iteration 51 instead with accuracy 
1.1384498982890886e-08.

  values, vectors = lobpcg(projected_hamiltonian, guess, largest=False,
/home/erosanow_hpc/informed_swapping/BARK.py:156: UserWarning: Exited postprocessing with accuracies 
[1.13844987e-08]
not reaching the requested tolerance 1e-09.
  values, vectors = lobpcg(projected_hamiltonian, guess, largest=False,
/home/erosanow_hpc/informed_swapping/BARK.py:156: UserWarning: Exited at iteration 50 with accuracies 
[4.78046642e-09]
not reaching the requested tolerance 1e-09.
Use iteration 51 instead with accuracy 
4.78046642267251e-09.

  values, vectors = lobpcg(projected_hamiltonian, guess, largest=False,
/home/erosanow_hpc/informed_swapping/BARK.py:156: UserWarning: Exited postprocessing with accuracies 
[4.78046647e-09]
not reaching the requested tolerance 1e-09.
  values, vectors = lobpcg(projected_hamiltonian, guess, largest=False,
/home/erosanow_hpc/informed_swapping/BARK.py:156: UserWarning: Exited at iteration 50 with accuracies 
[5.22497386e-09]
not reaching the requested tolerance 1e-09.
Use iteration 51 instead with accuracy 
5.224973859886662e-09.

  values, vectors = lobpcg(projected_hamiltonian, guess, largest=False,
/home/erosanow_hpc/informed_swapping/BARK.py:156: UserWarning: Exited postprocessing with accuracies 
[5.22497375e-09]
not reaching the requested tolerance 1e-09.
  values, vectors = lobpcg(projected_hamiltonian, guess, largest=False,
/home/erosanow_hpc/informed_swapping/BARK.py:156: UserWarning: Exited at iteration 50 with accuracies 
[5.28918422e-09]
not reaching the requested tolerance 1e-09.
Use iteration 51 instead with accuracy 
5.2891842215841095e-09.

  values, vectors = lobpcg(projected_hamiltonian, guess, largest=False,
/home/erosanow_hpc/informed_swapping/BARK.py:156: UserWarning: Exited postprocessing with accuracies 
[5.28918376e-09]
not reaching the requested tolerance 1e-09.
  values, vectors = lobpcg(projected_hamiltonian, guess, largest=False,
/home/erosanow_hpc/informed_swapping/BARK.py:156: UserWarning: Exited at iteration 50 with accuracies 
[1.09664304e-08]
not reaching the requested tolerance 1e-09.
Use iteration 51 instead with accuracy 
1.0966430444014205e-08.

  values, vectors = lobpcg(projected_hamiltonian, guess, largest=False,
/home/erosanow_hpc/informed_swapping/BARK.py:156: UserWarning: Exited postprocessing with accuracies 
[1.09664303e-08]
not reaching the requested tolerance 1e-09.
  values, vectors = lobpcg(projected_hamiltonian, guess, largest=False,
/home/erosanow_hpc/informed_swapping/BARK.py:156: UserWarning: Exited at iteration 50 with accuracies 
[5.66536274e-09]
not reaching the requested tolerance 1e-09.
Use iteration 51 instead with accuracy 
5.665362742662048e-09.

  values, vectors = lobpcg(projected_hamiltonian, guess, largest=False,
/home/erosanow_hpc/informed_swapping/BARK.py:156: UserWarning: Exited postprocessing with accuracies 
[5.66536257e-09]
not reaching the requested tolerance 1e-09.
  values, vectors = lobpcg(projected_hamiltonian, guess, largest=False,
/home/erosanow_hpc/informed_swapping/BARK.py:156: UserWarning: Exited at iteration 50 with accuracies 
[1.21076982e-08]
not reaching the requested tolerance 1e-09.
Use iteration 51 instead with accuracy 
1.2107698167102514e-08.

  values, vectors = lobpcg(projected_hamiltonian, guess, largest=False,
/home/erosanow_hpc/informed_swapping/BARK.py:156: UserWarning: Exited postprocessing with accuracies 
[1.21076979e-08]
not reaching the requested tolerance 1e-09.
  values, vectors = lobpcg(projected_hamiltonian, guess, largest=False,
/home/erosanow_hpc/informed_swapping/BARK.py:156: UserWarning: Exited at iteration 50 with accuracies 
[1.14624374e-08]
not reaching the requested tolerance 1e-09.
Use iteration 51 instead with accuracy 
1.1462437413058238e-08.

  values, vectors = lobpcg(projected_hamiltonian, guess, largest=False,
/home/erosanow_hpc/informed_swapping/BARK.py:156: UserWarning: Exited postprocessing with accuracies 
[1.14624366e-08]
not reaching the requested tolerance 1e-09.
  values, vectors = lobpcg(projected_hamiltonian, guess, largest=False,
/home/erosanow_hpc/informed_swapping/BARK.py:156: UserWarning: Exited at iteration 50 with accuracies 
[1.46593087e-08]
not reaching the requested tolerance 1e-09.
Use iteration 51 instead with accuracy 
1.4659308701988997e-08.

  values, vectors = lobpcg(projected_hamiltonian, guess, largest=False,
/home/erosanow_hpc/informed_swapping/BARK.py:156: UserWarning: Exited postprocessing with accuracies 
[1.46593088e-08]
not reaching the requested tolerance 1e-09.
  values, vectors = lobpcg(projected_hamiltonian, guess, largest=False,
/home/erosanow_hpc/informed_swapping/BARK.py:156: UserWarning: Exited at iteration 50 with accuracies 
[6.85361206e-09]
not reaching the requested tolerance 1e-09.
Use iteration 51 instead with accuracy 
6.853612055697204e-09.

  values, vectors = lobpcg(projected_hamiltonian, guess, largest=False,
/home/erosanow_hpc/informed_swapping/BARK.py:156: UserWarning: Exited postprocessing with accuracies 
[6.85361199e-09]
not reaching the requested tolerance 1e-09.
  values, vectors = lobpcg(projected_hamiltonian, guess, largest=False,
/home/erosanow_hpc/informed_swapping/BARK.py:156: UserWarning: Exited at iteration 50 with accuracies 
[1.39867535e-08]
not reaching the requested tolerance 1e-09.
Use iteration 51 instead with accuracy 
1.3986753462290797e-08.

  values, vectors = lobpcg(projected_hamiltonian, guess, largest=False,
/home/erosanow_hpc/informed_swapping/BARK.py:156: UserWarning: Exited postprocessing with accuracies 
[1.39867527e-08]
not reaching the requested tolerance 1e-09.
  values, vectors = lobpcg(projected_hamiltonian, guess, largest=False,
/home/erosanow_hpc/informed_swapping/BARK.py:156: UserWarning: Exited at iteration 50 with accuracies 
[1.42380021e-08]
not reaching the requested tolerance 1e-09.
Use iteration 51 instead with accuracy 
1.423800208521682e-08.

  values, vectors = lobpcg(projected_hamiltonian, guess, largest=False,
/home/erosanow_hpc/informed_swapping/BARK.py:156: UserWarning: Exited postprocessing with accuracies 
[1.42380019e-08]
not reaching the requested tolerance 1e-09.
  values, vectors = lobpcg(projected_hamiltonian, guess, largest=False,
/home/erosanow_hpc/informed_swapping/BARK.py:156: UserWarning: Exited at iteration 50 with accuracies 
[1.89081783e-08]
not reaching the requested tolerance 1e-09.
Use iteration 51 instead with accuracy 
1.8908178261680304e-08.

  values, vectors = lobpcg(projected_hamiltonian, guess, largest=False,
/home/erosanow_hpc/informed_swapping/BARK.py:156: UserWarning: Exited postprocessing with accuracies 
[1.89081779e-08]
not reaching the requested tolerance 1e-09.
  values, vectors = lobpcg(projected_hamiltonian, guess, largest=False,
/home/erosanow_hpc/informed_swapping/BARK.py:156: UserWarning: Exited at iteration 50 with accuracies 
[1.19887136e-08]
not reaching the requested tolerance 1e-09.
Use iteration 51 instead with accuracy 
1.1988713560004987e-08.

  values, vectors = lobpcg(projected_hamiltonian, guess, largest=False,
/home/erosanow_hpc/informed_swapping/BARK.py:156: UserWarning: Exited postprocessing with accuracies 
[1.19887131e-08]
not reaching the requested tolerance 1e-09.
  values, vectors = lobpcg(projected_hamiltonian, guess, largest=False,
/home/erosanow_hpc/informed_swapping/BARK.py:156: UserWarning: Exited at iteration 50 with accuracies 
[1.63592755e-08]
not reaching the requested tolerance 1e-09.
Use iteration 51 instead with accuracy 
1.6359275491704118e-08.

  values, vectors = lobpcg(projected_hamiltonian, guess, largest=False,
/home/erosanow_hpc/informed_swapping/BARK.py:156: UserWarning: Exited postprocessing with accuracies 
[1.63592748e-08]
not reaching the requested tolerance 1e-09.
  values, vectors = lobpcg(projected_hamiltonian, guess, largest=False,
/home/erosanow_hpc/informed_swapping/BARK.py:156: UserWarning: Exited at iteration 50 with accuracies 
[1.56087495e-08]
not reaching the requested tolerance 1e-09.
Use iteration 51 instead with accuracy 
1.5608749538502662e-08.

  values, vectors = lobpcg(projected_hamiltonian, guess, largest=False,
/home/erosanow_hpc/informed_swapping/BARK.py:156: UserWarning: Exited postprocessing with accuracies 
[1.5608749e-08]
not reaching the requested tolerance 1e-09.
  values, vectors = lobpcg(projected_hamiltonian, guess, largest=False,
/home/erosanow_hpc/informed_swapping/BARK.py:156: UserWarning: Exited at iteration 50 with accuracies 
[2.84080631e-08]
not reaching the requested tolerance 1e-09.
Use iteration 51 instead with accuracy 
2.8408063087064388e-08.

  values, vectors = lobpcg(projected_hamiltonian, guess, largest=False,
/home/erosanow_hpc/informed_swapping/BARK.py:156: UserWarning: Exited postprocessing with accuracies 
[2.84080638e-08]
not reaching the requested tolerance 1e-09.
  values, vectors = lobpcg(projected_hamiltonian, guess, largest=False,
/home/erosanow_hpc/informed_swapping/BARK.py:156: UserWarning: Exited at iteration 50 with accuracies 
[6.17682555e-09]
not reaching the requested tolerance 1e-09.
Use iteration 51 instead with accuracy 
6.1768255454910404e-09.

  values, vectors = lobpcg(projected_hamiltonian, guess, largest=False,
/home/erosanow_hpc/informed_swapping/BARK.py:156: UserWarning: Exited postprocessing with accuracies 
[6.17682581e-09]
not reaching the requested tolerance 1e-09.
  values, vectors = lobpcg(projected_hamiltonian, guess, largest=False,
/home/erosanow_hpc/informed_swapping/BARK.py:156: UserWarning: Exited at iteration 50 with accuracies 
[7.08929967e-09]
not reaching the requested tolerance 1e-09.
Use iteration 51 instead with accuracy 
7.08929967484321e-09.

  values, vectors = lobpcg(projected_hamiltonian, guess, largest=False,
/home/erosanow_hpc/informed_swapping/BARK.py:156: UserWarning: Exited postprocessing with accuracies 
[7.08929959e-09]
not reaching the requested tolerance 1e-09.
  values, vectors = lobpcg(projected_hamiltonian, guess, largest=False,
/home/erosanow_hpc/informed_swapping/BARK.py:156: UserWarning: Exited at iteration 50 with accuracies 
[7.05764752e-09]
not reaching the requested tolerance 1e-09.
Use iteration 51 instead with accuracy 
7.0576475220997625e-09.

  values, vectors = lobpcg(projected_hamiltonian, guess, largest=False,
/home/erosanow_hpc/informed_swapping/BARK.py:156: UserWarning: Exited postprocessing with accuracies 
[7.05764719e-09]
not reaching the requested tolerance 1e-09.
  values, vectors = lobpcg(projected_hamiltonian, guess, largest=False,
/home/erosanow_hpc/informed_swapping/BARK.py:156: UserWarning: Exited at iteration 50 with accuracies 
[1.44179448e-08]
not reaching the requested tolerance 1e-09.
Use iteration 51 instead with accuracy 
1.4417944797149088e-08.

  values, vectors = lobpcg(projected_hamiltonian, guess, largest=False,
/home/erosanow_hpc/informed_swapping/BARK.py:156: UserWarning: Exited postprocessing with accuracies 
[1.44179452e-08]
not reaching the requested tolerance 1e-09.
  values, vectors = lobpcg(projected_hamiltonian, guess, largest=False,
/home/erosanow_hpc/informed_swapping/BARK.py:156: UserWarning: Exited at iteration 50 with accuracies 
[7.8346995e-09]
not reaching the requested tolerance 1e-09.
Use iteration 51 instead with accuracy 
7.834699498536834e-09.

  values, vectors = lobpcg(projected_hamiltonian, guess, largest=False,
/home/erosanow_hpc/informed_swapping/BARK.py:156: UserWarning: Exited postprocessing with accuracies 
[7.83469951e-09]
not reaching the requested tolerance 1e-09.
  values, vectors = lobpcg(projected_hamiltonian, guess, largest=False,
/home/erosanow_hpc/informed_swapping/BARK.py:156: UserWarning: Exited at iteration 50 with accuracies 
[1.54992483e-08]
not reaching the requested tolerance 1e-09.
Use iteration 51 instead with accuracy 
1.5499248263216794e-08.

  values, vectors = lobpcg(projected_hamiltonian, guess, largest=False,
/home/erosanow_hpc/informed_swapping/BARK.py:156: UserWarning: Exited postprocessing with accuracies 
[1.5499248e-08]
not reaching the requested tolerance 1e-09.
  values, vectors = lobpcg(projected_hamiltonian, guess, largest=False,
/home/erosanow_hpc/informed_swapping/BARK.py:156: UserWarning: Exited at iteration 50 with accuracies 
[1.44278455e-08]
not reaching the requested tolerance 1e-09.
Use iteration 51 instead with accuracy 
1.4427845488665633e-08.

  values, vectors = lobpcg(projected_hamiltonian, guess, largest=False,
/home/erosanow_hpc/informed_swapping/BARK.py:156: UserWarning: Exited postprocessing with accuracies 
[1.44278453e-08]
not reaching the requested tolerance 1e-09.
  values, vectors = lobpcg(projected_hamiltonian, guess, largest=False,
/home/erosanow_hpc/informed_swapping/BARK.py:156: UserWarning: Exited at iteration 50 with accuracies 
[1.98993289e-08]
not reaching the requested tolerance 1e-09.
Use iteration 51 instead with accuracy 
1.9899328866019393e-08.

  values, vectors = lobpcg(projected_hamiltonian, guess, largest=False,
/home/erosanow_hpc/informed_swapping/BARK.py:156: UserWarning: Exited postprocessing with accuracies 
[1.98993291e-08]
not reaching the requested tolerance 1e-09.
  values, vectors = lobpcg(projected_hamiltonian, guess, largest=False,
/home/erosanow_hpc/informed_swapping/BARK.py:156: UserWarning: Exited at iteration 50 with accuracies 
[1.10082816e-08]
not reaching the requested tolerance 1e-09.
Use iteration 51 instead with accuracy 
1.1008281633974262e-08.

  values, vectors = lobpcg(projected_hamiltonian, guess, largest=False,
/home/erosanow_hpc/informed_swapping/BARK.py:156: UserWarning: Exited postprocessing with accuracies 
[1.10082815e-08]
not reaching the requested tolerance 1e-09.
  values, vectors = lobpcg(projected_hamiltonian, guess, largest=False,
/home/erosanow_hpc/informed_swapping/BARK.py:156: UserWarning: Exited at iteration 50 with accuracies 
[1.41127579e-08]
not reaching the requested tolerance 1e-09.
Use iteration 51 instead with accuracy 
1.4112757884349871e-08.

  values, vectors = lobpcg(projected_hamiltonian, guess, largest=False,
/home/erosanow_hpc/informed_swapping/BARK.py:156: UserWarning: Exited postprocessing with accuracies 
[1.41127581e-08]
not reaching the requested tolerance 1e-09.
  values, vectors = lobpcg(projected_hamiltonian, guess, largest=False,
/home/erosanow_hpc/informed_swapping/BARK.py:156: UserWarning: Exited at iteration 50 with accuracies 
[1.42177932e-08]
not reaching the requested tolerance 1e-09.
Use iteration 51 instead with accuracy 
1.421779315038692e-08.

  values, vectors = lobpcg(projected_hamiltonian, guess, largest=False,
/home/erosanow_hpc/informed_swapping/BARK.py:156: UserWarning: Exited postprocessing with accuracies 
[1.42177929e-08]
not reaching the requested tolerance 1e-09.
  values, vectors = lobpcg(projected_hamiltonian, guess, largest=False,
/home/erosanow_hpc/informed_swapping/BARK.py:156: UserWarning: Exited at iteration 50 with accuracies 
[2.71010926e-08]
not reaching the requested tolerance 1e-09.
Use iteration 51 instead with accuracy 
2.7101092588943972e-08.

  values, vectors = lobpcg(projected_hamiltonian, guess, largest=False,
/home/erosanow_hpc/informed_swapping/BARK.py:156: UserWarning: Exited postprocessing with accuracies 
[2.7101093e-08]
not reaching the requested tolerance 1e-09.
  values, vectors = lobpcg(projected_hamiltonian, guess, largest=False,
/home/erosanow_hpc/informed_swapping/BARK.py:156: UserWarning: Exited at iteration 50 with accuracies 
[1.2509861e-08]
not reaching the requested tolerance 1e-09.
Use iteration 51 instead with accuracy 
1.2509860989387654e-08.

  values, vectors = lobpcg(projected_hamiltonian, guess, largest=False,
/home/erosanow_hpc/informed_swapping/BARK.py:156: UserWarning: Exited postprocessing with accuracies 
[1.25098607e-08]
not reaching the requested tolerance 1e-09.
  values, vectors = lobpcg(projected_hamiltonian, guess, largest=False,
/home/erosanow_hpc/informed_swapping/BARK.py:156: UserWarning: Exited at iteration 50 with accuracies 
[2.30087401e-08]
not reaching the requested tolerance 1e-09.
Use iteration 51 instead with accuracy 
2.3008740084964923e-08.

  values, vectors = lobpcg(projected_hamiltonian, guess, largest=False,
/home/erosanow_hpc/informed_swapping/BARK.py:156: UserWarning: Exited postprocessing with accuracies 
[2.30087405e-08]
not reaching the requested tolerance 1e-09.
  values, vectors = lobpcg(projected_hamiltonian, guess, largest=False,
/home/erosanow_hpc/informed_swapping/BARK.py:156: UserWarning: Exited at iteration 50 with accuracies 
[2.15011844e-08]
not reaching the requested tolerance 1e-09.
Use iteration 51 instead with accuracy 
2.150118441306823e-08.

  values, vectors = lobpcg(projected_hamiltonian, guess, largest=False,
/home/erosanow_hpc/informed_swapping/BARK.py:156: UserWarning: Exited postprocessing with accuracies 
[2.1501184e-08]
not reaching the requested tolerance 1e-09.
  values, vectors = lobpcg(projected_hamiltonian, guess, largest=False,
/home/erosanow_hpc/informed_swapping/BARK.py:156: UserWarning: Exited at iteration 50 with accuracies 
[3.09805657e-08]
not reaching the requested tolerance 1e-09.
Use iteration 51 instead with accuracy 
3.098056570030455e-08.

  values, vectors = lobpcg(projected_hamiltonian, guess, largest=False,
/home/erosanow_hpc/informed_swapping/BARK.py:156: UserWarning: Exited postprocessing with accuracies 
[3.09805658e-08]
not reaching the requested tolerance 1e-09.
  values, vectors = lobpcg(projected_hamiltonian, guess, largest=False,
/home/erosanow_hpc/informed_swapping/BARK.py:156: UserWarning: Exited at iteration 50 with accuracies 
[8.02129097e-09]
not reaching the requested tolerance 1e-09.
Use iteration 51 instead with accuracy 
8.021290965925735e-09.

  values, vectors = lobpcg(projected_hamiltonian, guess, largest=False,
/home/erosanow_hpc/informed_swapping/BARK.py:156: UserWarning: Exited postprocessing with accuracies 
[8.02129018e-09]
not reaching the requested tolerance 1e-09.
  values, vectors = lobpcg(projected_hamiltonian, guess, largest=False,
/home/erosanow_hpc/informed_swapping/BARK.py:156: UserWarning: Exited at iteration 50 with accuracies 
[1.48228423e-08]
not reaching the requested tolerance 1e-09.
Use iteration 51 instead with accuracy 
1.482284234652718e-08.

  values, vectors = lobpcg(projected_hamiltonian, guess, largest=False,
/home/erosanow_hpc/informed_swapping/BARK.py:156: UserWarning: Exited postprocessing with accuracies 
[1.48228427e-08]
not reaching the requested tolerance 1e-09.
  values, vectors = lobpcg(projected_hamiltonian, guess, largest=False,
/home/erosanow_hpc/informed_swapping/BARK.py:156: UserWarning: Exited at iteration 50 with accuracies 
[1.49065603e-08]
not reaching the requested tolerance 1e-09.
Use iteration 51 instead with accuracy 
1.4906560343137564e-08.

  values, vectors = lobpcg(projected_hamiltonian, guess, largest=False,
/home/erosanow_hpc/informed_swapping/BARK.py:156: UserWarning: Exited postprocessing with accuracies 
[1.49065603e-08]
not reaching the requested tolerance 1e-09.
  values, vectors = lobpcg(projected_hamiltonian, guess, largest=False,
/home/erosanow_hpc/informed_swapping/BARK.py:156: UserWarning: Exited at iteration 50 with accuracies 
[2.05397568e-08]
not reaching the requested tolerance 1e-09.
Use iteration 51 instead with accuracy 
2.0539756813504778e-08.

  values, vectors = lobpcg(projected_hamiltonian, guess, largest=False,
/home/erosanow_hpc/informed_swapping/BARK.py:156: UserWarning: Exited postprocessing with accuracies 
[2.05397567e-08]
not reaching the requested tolerance 1e-09.
  values, vectors = lobpcg(projected_hamiltonian, guess, largest=False,
/home/erosanow_hpc/informed_swapping/BARK.py:156: UserWarning: Exited at iteration 50 with accuracies 
[1.69756782e-08]
not reaching the requested tolerance 1e-09.
Use iteration 51 instead with accuracy 
1.6975678167907545e-08.

  values, vectors = lobpcg(projected_hamiltonian, guess, largest=False,
/home/erosanow_hpc/informed_swapping/BARK.py:156: UserWarning: Exited postprocessing with accuracies 
[1.69756781e-08]
not reaching the requested tolerance 1e-09.
  values, vectors = lobpcg(projected_hamiltonian, guess, largest=False,
/home/erosanow_hpc/informed_swapping/BARK.py:156: UserWarning: Exited at iteration 50 with accuracies 
[2.24723002e-08]
not reaching the requested tolerance 1e-09.
Use iteration 51 instead with accuracy 
2.247230019288683e-08.

  values, vectors = lobpcg(projected_hamiltonian, guess, largest=False,
/home/erosanow_hpc/informed_swapping/BARK.py:156: UserWarning: Exited postprocessing with accuracies 
[2.24723e-08]
not reaching the requested tolerance 1e-09.
  values, vectors = lobpcg(projected_hamiltonian, guess, largest=False,
/home/erosanow_hpc/informed_swapping/BARK.py:156: UserWarning: Exited at iteration 50 with accuracies 
[2.08570889e-08]
not reaching the requested tolerance 1e-09.
Use iteration 51 instead with accuracy 
2.085708890255364e-08.

  values, vectors = lobpcg(projected_hamiltonian, guess, largest=False,
/home/erosanow_hpc/informed_swapping/BARK.py:156: UserWarning: Exited postprocessing with accuracies 
[2.08570888e-08]
not reaching the requested tolerance 1e-09.
  values, vectors = lobpcg(projected_hamiltonian, guess, largest=False,
/home/erosanow_hpc/informed_swapping/BARK.py:156: UserWarning: Exited at iteration 50 with accuracies 
[3.86229725e-08]
not reaching the requested tolerance 1e-09.
Use iteration 51 instead with accuracy 
3.862297246153108e-08.

  values, vectors = lobpcg(projected_hamiltonian, guess, largest=False,
/home/erosanow_hpc/informed_swapping/BARK.py:156: UserWarning: Exited postprocessing with accuracies 
[3.86229725e-08]
not reaching the requested tolerance 1e-09.
  values, vectors = lobpcg(projected_hamiltonian, guess, largest=False,
/home/erosanow_hpc/informed_swapping/BARK.py:156: UserWarning: Exited at iteration 50 with accuracies 
[1.63595015e-08]
not reaching the requested tolerance 1e-09.
Use iteration 51 instead with accuracy 
1.635950146441335e-08.

  values, vectors = lobpcg(projected_hamiltonian, guess, largest=False,
/home/erosanow_hpc/informed_swapping/BARK.py:156: UserWarning: Exited postprocessing with accuracies 
[1.6359501e-08]
not reaching the requested tolerance 1e-09.
  values, vectors = lobpcg(projected_hamiltonian, guess, largest=False,
/home/erosanow_hpc/informed_swapping/BARK.py:156: UserWarning: Exited at iteration 50 with accuracies 
[2.88701673e-08]
not reaching the requested tolerance 1e-09.
Use iteration 51 instead with accuracy 
2.8870167294338582e-08.

  values, vectors = lobpcg(projected_hamiltonian, guess, largest=False,
/home/erosanow_hpc/informed_swapping/BARK.py:156: UserWarning: Exited postprocessing with accuracies 
[2.88701675e-08]
not reaching the requested tolerance 1e-09.
  values, vectors = lobpcg(projected_hamiltonian, guess, largest=False,
/home/erosanow_hpc/informed_swapping/BARK.py:156: UserWarning: Exited at iteration 50 with accuracies 
[2.94521651e-08]
not reaching the requested tolerance 1e-09.
Use iteration 51 instead with accuracy 
2.9452165126319024e-08.

  values, vectors = lobpcg(projected_hamiltonian, guess, largest=False,
/home/erosanow_hpc/informed_swapping/BARK.py:156: UserWarning: Exited postprocessing with accuracies 
[2.94521655e-08]
not reaching the requested tolerance 1e-09.
  values, vectors = lobpcg(projected_hamiltonian, guess, largest=False,
/home/erosanow_hpc/informed_swapping/BARK.py:156: UserWarning: Exited at iteration 50 with accuracies 
[4.40947559e-08]
not reaching the requested tolerance 1e-09.
Use iteration 51 instead with accuracy 
4.409475587110667e-08.

  values, vectors = lobpcg(projected_hamiltonian, guess, largest=False,
/home/erosanow_hpc/informed_swapping/BARK.py:156: UserWarning: Exited postprocessing with accuracies 
[4.40947555e-08]
not reaching the requested tolerance 1e-09.
  values, vectors = lobpcg(projected_hamiltonian, guess, largest=False,
/home/erosanow_hpc/informed_swapping/BARK.py:156: UserWarning: Exited at iteration 50 with accuracies 
[2.73514899e-08]
not reaching the requested tolerance 1e-09.
Use iteration 51 instead with accuracy 
2.735148988649311e-08.

  values, vectors = lobpcg(projected_hamiltonian, guess, largest=False,
/home/erosanow_hpc/informed_swapping/BARK.py:156: UserWarning: Exited postprocessing with accuracies 
[2.73514899e-08]
not reaching the requested tolerance 1e-09.
  values, vectors = lobpcg(projected_hamiltonian, guess, largest=False,
/home/erosanow_hpc/informed_swapping/BARK.py:156: UserWarning: Exited at iteration 50 with accuracies 
[3.75257424e-08]
not reaching the requested tolerance 1e-09.
Use iteration 51 instead with accuracy 
3.752574241725636e-08.

  values, vectors = lobpcg(projected_hamiltonian, guess, largest=False,
/home/erosanow_hpc/informed_swapping/BARK.py:156: UserWarning: Exited postprocessing with accuracies 
[3.75257428e-08]
not reaching the requested tolerance 1e-09.
  values, vectors = lobpcg(projected_hamiltonian, guess, largest=False,
/home/erosanow_hpc/informed_swapping/BARK.py:156: UserWarning: Exited at iteration 50 with accuracies 
[3.510261e-08]
not reaching the requested tolerance 1e-09.
Use iteration 51 instead with accuracy 
3.510261001719837e-08.

  values, vectors = lobpcg(projected_hamiltonian, guess, largest=False,
/home/erosanow_hpc/informed_swapping/BARK.py:156: UserWarning: Exited postprocessing with accuracies 
[3.51026098e-08]
not reaching the requested tolerance 1e-09.
  values, vectors = lobpcg(projected_hamiltonian, guess, largest=False,
/home/erosanow_hpc/informed_swapping/BARK.py:156: UserWarning: Exited at iteration 50 with accuracies 
[6.43754129e-08]
not reaching the requested tolerance 1e-09.
Use iteration 51 instead with accuracy 
6.437541285152871e-08.

  values, vectors = lobpcg(projected_hamiltonian, guess, largest=False,
/home/erosanow_hpc/informed_swapping/BARK.py:156: UserWarning: Exited postprocessing with accuracies 
[6.43754127e-08]
not reaching the requested tolerance 1e-09.
  values, vectors = lobpcg(projected_hamiltonian, guess, largest=False,
/home/erosanow_hpc/informed_swapping/BARK.py:156: UserWarning: Exited at iteration 50 with accuracies 
[1.04942016e-09]
not reaching the requested tolerance 1e-09.
Use iteration 51 instead with accuracy 
1.049420161272598e-09.

  values, vectors = lobpcg(projected_hamiltonian, guess, largest=False,
/home/erosanow_hpc/informed_swapping/BARK.py:156: UserWarning: Exited postprocessing with accuracies 
[1.04941935e-09]
not reaching the requested tolerance 1e-09.
  values, vectors = lobpcg(projected_hamiltonian, guess, largest=False,
/home/erosanow_hpc/informed_swapping/BARK.py:156: UserWarning: Exited at iteration 50 with accuracies 
[1.51856049e-09]
not reaching the requested tolerance 1e-09.
Use iteration 51 instead with accuracy 
1.5185604887466763e-09.

  values, vectors = lobpcg(projected_hamiltonian, guess, largest=False,
/home/erosanow_hpc/informed_swapping/BARK.py:156: UserWarning: Exited postprocessing with accuracies 
[1.51856057e-09]
not reaching the requested tolerance 1e-09.
  values, vectors = lobpcg(projected_hamiltonian, guess, largest=False,
/home/erosanow_hpc/informed_swapping/BARK.py:156: UserWarning: Exited at iteration 50 with accuracies 
[3.12609887e-09]
not reaching the requested tolerance 1e-09.
Use iteration 51 instead with accuracy 
3.126098871648092e-09.

  values, vectors = lobpcg(projected_hamiltonian, guess, largest=False,
/home/erosanow_hpc/informed_swapping/BARK.py:156: UserWarning: Exited postprocessing with accuracies 
[3.12609841e-09]
not reaching the requested tolerance 1e-09.
  values, vectors = lobpcg(projected_hamiltonian, guess, largest=False,
/home/erosanow_hpc/informed_swapping/BARK.py:156: UserWarning: Exited at iteration 50 with accuracies 
[4.0907648e-09]
not reaching the requested tolerance 1e-09.
Use iteration 51 instead with accuracy 
4.090764803780622e-09.

  values, vectors = lobpcg(projected_hamiltonian, guess, largest=False,
/home/erosanow_hpc/informed_swapping/BARK.py:156: UserWarning: Exited postprocessing with accuracies 
[4.09076465e-09]
not reaching the requested tolerance 1e-09.
  values, vectors = lobpcg(projected_hamiltonian, guess, largest=False,
/home/erosanow_hpc/informed_swapping/BARK.py:156: UserWarning: Exited at iteration 50 with accuracies 
[2.68390618e-09]
not reaching the requested tolerance 1e-09.
Use iteration 51 instead with accuracy 
2.6839061769686478e-09.

  values, vectors = lobpcg(projected_hamiltonian, guess, largest=False,
/home/erosanow_hpc/informed_swapping/BARK.py:156: UserWarning: Exited postprocessing with accuracies 
[2.68390603e-09]
not reaching the requested tolerance 1e-09.
  values, vectors = lobpcg(projected_hamiltonian, guess, largest=False,
/home/erosanow_hpc/informed_swapping/BARK.py:156: UserWarning: Exited at iteration 50 with accuracies 
[2.53369298e-09]
not reaching the requested tolerance 1e-09.
Use iteration 51 instead with accuracy 
2.5336929840669553e-09.

  values, vectors = lobpcg(projected_hamiltonian, guess, largest=False,
/home/erosanow_hpc/informed_swapping/BARK.py:156: UserWarning: Exited postprocessing with accuracies 
[2.53369273e-09]
not reaching the requested tolerance 1e-09.
  values, vectors = lobpcg(projected_hamiltonian, guess, largest=False,
/home/erosanow_hpc/informed_swapping/BARK.py:156: UserWarning: Exited at iteration 50 with accuracies 
[2.60418148e-09]
not reaching the requested tolerance 1e-09.
Use iteration 51 instead with accuracy 
2.6041814796370062e-09.

  values, vectors = lobpcg(projected_hamiltonian, guess, largest=False,
/home/erosanow_hpc/informed_swapping/BARK.py:156: UserWarning: Exited postprocessing with accuracies 
[2.6041813e-09]
not reaching the requested tolerance 1e-09.
  values, vectors = lobpcg(projected_hamiltonian, guess, largest=False,
/home/erosanow_hpc/informed_swapping/BARK.py:156: UserWarning: Exited at iteration 50 with accuracies 
[6.70459346e-09]
not reaching the requested tolerance 1e-09.
Use iteration 51 instead with accuracy 
6.704593459462291e-09.

  values, vectors = lobpcg(projected_hamiltonian, guess, largest=False,
/home/erosanow_hpc/informed_swapping/BARK.py:156: UserWarning: Exited postprocessing with accuracies 
[6.70459279e-09]
not reaching the requested tolerance 1e-09.
  values, vectors = lobpcg(projected_hamiltonian, guess, largest=False,
/home/erosanow_hpc/informed_swapping/BARK.py:156: UserWarning: Exited at iteration 50 with accuracies 
[3.19610829e-09]
not reaching the requested tolerance 1e-09.
Use iteration 51 instead with accuracy 
3.1961082866548684e-09.

  values, vectors = lobpcg(projected_hamiltonian, guess, largest=False,
/home/erosanow_hpc/informed_swapping/BARK.py:156: UserWarning: Exited postprocessing with accuracies 
[3.19610794e-09]
not reaching the requested tolerance 1e-09.
  values, vectors = lobpcg(projected_hamiltonian, guess, largest=False,
/home/erosanow_hpc/informed_swapping/BARK.py:156: UserWarning: Exited at iteration 50 with accuracies 
[2.90471371e-09]
not reaching the requested tolerance 1e-09.
Use iteration 51 instead with accuracy 
2.9047137093360103e-09.

  values, vectors = lobpcg(projected_hamiltonian, guess, largest=False,
/home/erosanow_hpc/informed_swapping/BARK.py:156: UserWarning: Exited postprocessing with accuracies 
[2.90471391e-09]
not reaching the requested tolerance 1e-09.
  values, vectors = lobpcg(projected_hamiltonian, guess, largest=False,
/home/erosanow_hpc/informed_swapping/BARK.py:156: UserWarning: Exited at iteration 50 with accuracies 
[2.6302617e-09]
not reaching the requested tolerance 1e-09.
Use iteration 51 instead with accuracy 
2.630261702589916e-09.

  values, vectors = lobpcg(projected_hamiltonian, guess, largest=False,
/home/erosanow_hpc/informed_swapping/BARK.py:156: UserWarning: Exited postprocessing with accuracies 
[2.63026161e-09]
not reaching the requested tolerance 1e-09.
  values, vectors = lobpcg(projected_hamiltonian, guess, largest=False,
/home/erosanow_hpc/informed_swapping/BARK.py:156: UserWarning: Exited at iteration 50 with accuracies 
[7.07688943e-09]
not reaching the requested tolerance 1e-09.
Use iteration 51 instead with accuracy 
7.076889433578895e-09.

  values, vectors = lobpcg(projected_hamiltonian, guess, largest=False,
/home/erosanow_hpc/informed_swapping/BARK.py:156: UserWarning: Exited postprocessing with accuracies 
[7.07688892e-09]
not reaching the requested tolerance 1e-09.
  values, vectors = lobpcg(projected_hamiltonian, guess, largest=False,
/home/erosanow_hpc/informed_swapping/BARK.py:156: UserWarning: Exited at iteration 50 with accuracies 
[4.00386236e-09]
not reaching the requested tolerance 1e-09.
Use iteration 51 instead with accuracy 
4.003862363663662e-09.

  values, vectors = lobpcg(projected_hamiltonian, guess, largest=False,
/home/erosanow_hpc/informed_swapping/BARK.py:156: UserWarning: Exited postprocessing with accuracies 
[4.00386241e-09]
not reaching the requested tolerance 1e-09.
  values, vectors = lobpcg(projected_hamiltonian, guess, largest=False,
/home/erosanow_hpc/informed_swapping/BARK.py:156: UserWarning: Exited at iteration 50 with accuracies 
[5.90774109e-09]
not reaching the requested tolerance 1e-09.
Use iteration 51 instead with accuracy 
5.907741087635156e-09.

  values, vectors = lobpcg(projected_hamiltonian, guess, largest=False,
/home/erosanow_hpc/informed_swapping/BARK.py:156: UserWarning: Exited postprocessing with accuracies 
[5.90774135e-09]
not reaching the requested tolerance 1e-09.
  values, vectors = lobpcg(projected_hamiltonian, guess, largest=False,
/home/erosanow_hpc/informed_swapping/BARK.py:156: UserWarning: Exited at iteration 50 with accuracies 
[4.19278964e-09]
not reaching the requested tolerance 1e-09.
Use iteration 51 instead with accuracy 
4.192789642567055e-09.

  values, vectors = lobpcg(projected_hamiltonian, guess, largest=False,
/home/erosanow_hpc/informed_swapping/BARK.py:156: UserWarning: Exited postprocessing with accuracies 
[4.1927899e-09]
not reaching the requested tolerance 1e-09.
  values, vectors = lobpcg(projected_hamiltonian, guess, largest=False,
/home/erosanow_hpc/informed_swapping/BARK.py:156: UserWarning: Exited at iteration 50 with accuracies 
[6.22135868e-09]
not reaching the requested tolerance 1e-09.
Use iteration 51 instead with accuracy 
6.221358682833328e-09.

  values, vectors = lobpcg(projected_hamiltonian, guess, largest=False,
/home/erosanow_hpc/informed_swapping/BARK.py:156: UserWarning: Exited postprocessing with accuracies 
[6.22135892e-09]
not reaching the requested tolerance 1e-09.
  values, vectors = lobpcg(projected_hamiltonian, guess, largest=False,
/home/erosanow_hpc/informed_swapping/BARK.py:156: UserWarning: Exited at iteration 50 with accuracies 
[1.69406907e-09]
not reaching the requested tolerance 1e-09.
Use iteration 51 instead with accuracy 
1.6940690715765046e-09.

  values, vectors = lobpcg(projected_hamiltonian, guess, largest=False,
/home/erosanow_hpc/informed_swapping/BARK.py:156: UserWarning: Exited postprocessing with accuracies 
[1.69406994e-09]
not reaching the requested tolerance 1e-09.
  values, vectors = lobpcg(projected_hamiltonian, guess, largest=False,
/home/erosanow_hpc/informed_swapping/BARK.py:156: UserWarning: Exited at iteration 50 with accuracies 
[4.60637576e-09]
not reaching the requested tolerance 1e-09.
Use iteration 51 instead with accuracy 
4.606375757477585e-09.

  values, vectors = lobpcg(projected_hamiltonian, guess, largest=False,
/home/erosanow_hpc/informed_swapping/BARK.py:156: UserWarning: Exited postprocessing with accuracies 
[4.60637576e-09]
not reaching the requested tolerance 1e-09.
  values, vectors = lobpcg(projected_hamiltonian, guess, largest=False,
/home/erosanow_hpc/informed_swapping/BARK.py:156: UserWarning: Exited at iteration 50 with accuracies 
[4.3236809e-09]
not reaching the requested tolerance 1e-09.
Use iteration 51 instead with accuracy 
4.32368090240604e-09.

  values, vectors = lobpcg(projected_hamiltonian, guess, largest=False,
/home/erosanow_hpc/informed_swapping/BARK.py:156: UserWarning: Exited postprocessing with accuracies 
[4.32368095e-09]
not reaching the requested tolerance 1e-09.
  values, vectors = lobpcg(projected_hamiltonian, guess, largest=False,
/home/erosanow_hpc/informed_swapping/BARK.py:156: UserWarning: Exited at iteration 50 with accuracies 
[3.99426924e-09]
not reaching the requested tolerance 1e-09.
Use iteration 51 instead with accuracy 
3.9942692383909005e-09.

  values, vectors = lobpcg(projected_hamiltonian, guess, largest=False,
/home/erosanow_hpc/informed_swapping/BARK.py:156: UserWarning: Exited postprocessing with accuracies 
[3.99426894e-09]
not reaching the requested tolerance 1e-09.
  values, vectors = lobpcg(projected_hamiltonian, guess, largest=False,
/home/erosanow_hpc/informed_swapping/BARK.py:156: UserWarning: Exited at iteration 50 with accuracies 
[2.90499737e-09]
not reaching the requested tolerance 1e-09.
Use iteration 51 instead with accuracy 
2.904997367686991e-09.

  values, vectors = lobpcg(projected_hamiltonian, guess, largest=False,
/home/erosanow_hpc/informed_swapping/BARK.py:156: UserWarning: Exited postprocessing with accuracies 
[2.90499761e-09]
not reaching the requested tolerance 1e-09.
  values, vectors = lobpcg(projected_hamiltonian, guess, largest=False,
/home/erosanow_hpc/informed_swapping/BARK.py:156: UserWarning: Exited at iteration 50 with accuracies 
[7.70708774e-09]
not reaching the requested tolerance 1e-09.
Use iteration 51 instead with accuracy 
7.707087742501083e-09.

  values, vectors = lobpcg(projected_hamiltonian, guess, largest=False,
/home/erosanow_hpc/informed_swapping/BARK.py:156: UserWarning: Exited postprocessing with accuracies 
[7.70708742e-09]
not reaching the requested tolerance 1e-09.
  values, vectors = lobpcg(projected_hamiltonian, guess, largest=False,
/home/erosanow_hpc/informed_swapping/BARK.py:156: UserWarning: Exited at iteration 50 with accuracies 
[6.29811924e-09]
not reaching the requested tolerance 1e-09.
Use iteration 51 instead with accuracy 
6.298119241601448e-09.

  values, vectors = lobpcg(projected_hamiltonian, guess, largest=False,
/home/erosanow_hpc/informed_swapping/BARK.py:156: UserWarning: Exited postprocessing with accuracies 
[6.29811971e-09]
not reaching the requested tolerance 1e-09.
  values, vectors = lobpcg(projected_hamiltonian, guess, largest=False,
/home/erosanow_hpc/informed_swapping/BARK.py:156: UserWarning: Exited at iteration 50 with accuracies 
[6.5367795e-09]
not reaching the requested tolerance 1e-09.
Use iteration 51 instead with accuracy 
6.5367794968277385e-09.

  values, vectors = lobpcg(projected_hamiltonian, guess, largest=False,
/home/erosanow_hpc/informed_swapping/BARK.py:156: UserWarning: Exited postprocessing with accuracies 
[6.53677917e-09]
not reaching the requested tolerance 1e-09.
  values, vectors = lobpcg(projected_hamiltonian, guess, largest=False,
/home/erosanow_hpc/informed_swapping/BARK.py:156: UserWarning: Exited at iteration 50 with accuracies 
[2.59298854e-09]
not reaching the requested tolerance 1e-09.
Use iteration 51 instead with accuracy 
2.5929885355903224e-09.

  values, vectors = lobpcg(projected_hamiltonian, guess, largest=False,
/home/erosanow_hpc/informed_swapping/BARK.py:156: UserWarning: Exited postprocessing with accuracies 
[2.59298837e-09]
not reaching the requested tolerance 1e-09.
  values, vectors = lobpcg(projected_hamiltonian, guess, largest=False,
/home/erosanow_hpc/informed_swapping/BARK.py:156: UserWarning: Exited at iteration 50 with accuracies 
[6.58837604e-09]
not reaching the requested tolerance 1e-09.
Use iteration 51 instead with accuracy 
6.5883760422917114e-09.

  values, vectors = lobpcg(projected_hamiltonian, guess, largest=False,
/home/erosanow_hpc/informed_swapping/BARK.py:156: UserWarning: Exited postprocessing with accuracies 
[6.58837643e-09]
not reaching the requested tolerance 1e-09.
  values, vectors = lobpcg(projected_hamiltonian, guess, largest=False,
/home/erosanow_hpc/informed_swapping/BARK.py:156: UserWarning: Exited at iteration 50 with accuracies 
[6.64675636e-09]
not reaching the requested tolerance 1e-09.
Use iteration 51 instead with accuracy 
6.64675635828421e-09.

  values, vectors = lobpcg(projected_hamiltonian, guess, largest=False,
/home/erosanow_hpc/informed_swapping/BARK.py:156: UserWarning: Exited postprocessing with accuracies 
[6.64675615e-09]
not reaching the requested tolerance 1e-09.
  values, vectors = lobpcg(projected_hamiltonian, guess, largest=False,
/home/erosanow_hpc/informed_swapping/BARK.py:156: UserWarning: Exited at iteration 50 with accuracies 
[7.37807748e-09]
not reaching the requested tolerance 1e-09.
Use iteration 51 instead with accuracy 
7.378077476899014e-09.

  values, vectors = lobpcg(projected_hamiltonian, guess, largest=False,
/home/erosanow_hpc/informed_swapping/BARK.py:156: UserWarning: Exited postprocessing with accuracies 
[7.37807752e-09]
not reaching the requested tolerance 1e-09.
  values, vectors = lobpcg(projected_hamiltonian, guess, largest=False,
/home/erosanow_hpc/informed_swapping/BARK.py:156: UserWarning: Exited at iteration 50 with accuracies 
[4.35303962e-09]
not reaching the requested tolerance 1e-09.
Use iteration 51 instead with accuracy 
4.353039617784082e-09.

  values, vectors = lobpcg(projected_hamiltonian, guess, largest=False,
/home/erosanow_hpc/informed_swapping/BARK.py:156: UserWarning: Exited postprocessing with accuracies 
[4.35303968e-09]
not reaching the requested tolerance 1e-09.
  values, vectors = lobpcg(projected_hamiltonian, guess, largest=False,
/home/erosanow_hpc/informed_swapping/BARK.py:156: UserWarning: Exited at iteration 50 with accuracies 
[1.09173293e-08]
not reaching the requested tolerance 1e-09.
Use iteration 51 instead with accuracy 
1.0917329271242224e-08.

  values, vectors = lobpcg(projected_hamiltonian, guess, largest=False,
/home/erosanow_hpc/informed_swapping/BARK.py:156: UserWarning: Exited postprocessing with accuracies 
[1.09173284e-08]
not reaching the requested tolerance 1e-09.
  values, vectors = lobpcg(projected_hamiltonian, guess, largest=False,
/home/erosanow_hpc/informed_swapping/BARK.py:156: UserWarning: Exited at iteration 50 with accuracies 
[1.01533596e-08]
not reaching the requested tolerance 1e-09.
Use iteration 51 instead with accuracy 
1.0153359617628978e-08.

  values, vectors = lobpcg(projected_hamiltonian, guess, largest=False,
/home/erosanow_hpc/informed_swapping/BARK.py:156: UserWarning: Exited postprocessing with accuracies 
[1.01533596e-08]
not reaching the requested tolerance 1e-09.
  values, vectors = lobpcg(projected_hamiltonian, guess, largest=False,
/home/erosanow_hpc/informed_swapping/BARK.py:156: UserWarning: Exited at iteration 50 with accuracies 
[1.24276846e-08]
not reaching the requested tolerance 1e-09.
Use iteration 51 instead with accuracy 
1.2427684574853828e-08.

  values, vectors = lobpcg(projected_hamiltonian, guess, largest=False,
/home/erosanow_hpc/informed_swapping/BARK.py:156: UserWarning: Exited postprocessing with accuracies 
[1.24276845e-08]
not reaching the requested tolerance 1e-09.
  values, vectors = lobpcg(projected_hamiltonian, guess, largest=False,
/home/erosanow_hpc/informed_swapping/BARK.py:156: UserWarning: Exited at iteration 50 with accuracies 
[3.77663915e-09]
not reaching the requested tolerance 1e-09.
Use iteration 51 instead with accuracy 
3.776639145433103e-09.

  values, vectors = lobpcg(projected_hamiltonian, guess, largest=False,
/home/erosanow_hpc/informed_swapping/BARK.py:156: UserWarning: Exited postprocessing with accuracies 
[3.77663933e-09]
not reaching the requested tolerance 1e-09.
  values, vectors = lobpcg(projected_hamiltonian, guess, largest=False,
/home/erosanow_hpc/informed_swapping/BARK.py:156: UserWarning: Exited at iteration 50 with accuracies 
[5.56385612e-09]
not reaching the requested tolerance 1e-09.
Use iteration 51 instead with accuracy 
5.563856118885307e-09.

  values, vectors = lobpcg(projected_hamiltonian, guess, largest=False,
/home/erosanow_hpc/informed_swapping/BARK.py:156: UserWarning: Exited postprocessing with accuracies 
[5.56385656e-09]
not reaching the requested tolerance 1e-09.
  values, vectors = lobpcg(projected_hamiltonian, guess, largest=False,
/home/erosanow_hpc/informed_swapping/BARK.py:156: UserWarning: Exited at iteration 50 with accuracies 
[3.99080157e-09]
not reaching the requested tolerance 1e-09.
Use iteration 51 instead with accuracy 
3.990801571000673e-09.

  values, vectors = lobpcg(projected_hamiltonian, guess, largest=False,
/home/erosanow_hpc/informed_swapping/BARK.py:156: UserWarning: Exited postprocessing with accuracies 
[3.99080123e-09]
not reaching the requested tolerance 1e-09.
  values, vectors = lobpcg(projected_hamiltonian, guess, largest=False,
/home/erosanow_hpc/informed_swapping/BARK.py:156: UserWarning: Exited at iteration 50 with accuracies 
[5.79322557e-09]
not reaching the requested tolerance 1e-09.
Use iteration 51 instead with accuracy 
5.79322557127198e-09.

  values, vectors = lobpcg(projected_hamiltonian, guess, largest=False,
/home/erosanow_hpc/informed_swapping/BARK.py:156: UserWarning: Exited postprocessing with accuracies 
[5.79322598e-09]
not reaching the requested tolerance 1e-09.
  values, vectors = lobpcg(projected_hamiltonian, guess, largest=False,
/home/erosanow_hpc/informed_swapping/BARK.py:156: UserWarning: Exited at iteration 50 with accuracies 
[3.24477189e-09]
not reaching the requested tolerance 1e-09.
Use iteration 51 instead with accuracy 
3.244771891781578e-09.

  values, vectors = lobpcg(projected_hamiltonian, guess, largest=False,
/home/erosanow_hpc/informed_swapping/BARK.py:156: UserWarning: Exited postprocessing with accuracies 
[3.24477208e-09]
not reaching the requested tolerance 1e-09.
  values, vectors = lobpcg(projected_hamiltonian, guess, largest=False,
/home/erosanow_hpc/informed_swapping/BARK.py:156: UserWarning: Exited at iteration 50 with accuracies 
[8.43198456e-09]
not reaching the requested tolerance 1e-09.
Use iteration 51 instead with accuracy 
8.431984560350883e-09.

  values, vectors = lobpcg(projected_hamiltonian, guess, largest=False,
/home/erosanow_hpc/informed_swapping/BARK.py:156: UserWarning: Exited postprocessing with accuracies 
[8.43198459e-09]
not reaching the requested tolerance 1e-09.
  values, vectors = lobpcg(projected_hamiltonian, guess, largest=False,
/home/erosanow_hpc/informed_swapping/BARK.py:156: UserWarning: Exited at iteration 50 with accuracies 
[7.88096283e-09]
not reaching the requested tolerance 1e-09.
Use iteration 51 instead with accuracy 
7.880962829105128e-09.

  values, vectors = lobpcg(projected_hamiltonian, guess, largest=False,
/home/erosanow_hpc/informed_swapping/BARK.py:156: UserWarning: Exited postprocessing with accuracies 
[7.88096197e-09]
not reaching the requested tolerance 1e-09.
  values, vectors = lobpcg(projected_hamiltonian, guess, largest=False,
/home/erosanow_hpc/informed_swapping/BARK.py:156: UserWarning: Exited at iteration 50 with accuracies 
[8.70174955e-09]
not reaching the requested tolerance 1e-09.
Use iteration 51 instead with accuracy 
8.701749547150253e-09.

  values, vectors = lobpcg(projected_hamiltonian, guess, largest=False,
/home/erosanow_hpc/informed_swapping/BARK.py:156: UserWarning: Exited postprocessing with accuracies 
[8.70174909e-09]
not reaching the requested tolerance 1e-09.
  values, vectors = lobpcg(projected_hamiltonian, guess, largest=False,
/home/erosanow_hpc/informed_swapping/BARK.py:156: UserWarning: Exited at iteration 50 with accuracies 
[3.47168798e-09]
not reaching the requested tolerance 1e-09.
Use iteration 51 instead with accuracy 
3.4716879796623206e-09.

  values, vectors = lobpcg(projected_hamiltonian, guess, largest=False,
/home/erosanow_hpc/informed_swapping/BARK.py:156: UserWarning: Exited postprocessing with accuracies 
[3.47168822e-09]
not reaching the requested tolerance 1e-09.
  values, vectors = lobpcg(projected_hamiltonian, guess, largest=False,
/home/erosanow_hpc/informed_swapping/BARK.py:156: UserWarning: Exited at iteration 50 with accuracies 
[5.67434215e-09]
not reaching the requested tolerance 1e-09.
Use iteration 51 instead with accuracy 
5.674342145598197e-09.

  values, vectors = lobpcg(projected_hamiltonian, guess, largest=False,
/home/erosanow_hpc/informed_swapping/BARK.py:156: UserWarning: Exited postprocessing with accuracies 
[5.67434167e-09]
not reaching the requested tolerance 1e-09.
  values, vectors = lobpcg(projected_hamiltonian, guess, largest=False,
/home/erosanow_hpc/informed_swapping/BARK.py:156: UserWarning: Exited at iteration 50 with accuracies 
[1.01938466e-08]
not reaching the requested tolerance 1e-09.
Use iteration 51 instead with accuracy 
1.0193846597399383e-08.

  values, vectors = lobpcg(projected_hamiltonian, guess, largest=False,
/home/erosanow_hpc/informed_swapping/BARK.py:156: UserWarning: Exited postprocessing with accuracies 
[1.01938471e-08]
not reaching the requested tolerance 1e-09.
  values, vectors = lobpcg(projected_hamiltonian, guess, largest=False,
/home/erosanow_hpc/informed_swapping/BARK.py:156: UserWarning: Exited at iteration 50 with accuracies 
[1.363768e-08]
not reaching the requested tolerance 1e-09.
Use iteration 51 instead with accuracy 
1.3637680008211917e-08.

  values, vectors = lobpcg(projected_hamiltonian, guess, largest=False,
/home/erosanow_hpc/informed_swapping/BARK.py:156: UserWarning: Exited postprocessing with accuracies 
[1.36376798e-08]
not reaching the requested tolerance 1e-09.
  values, vectors = lobpcg(projected_hamiltonian, guess, largest=False,
/home/erosanow_hpc/informed_swapping/BARK.py:156: UserWarning: Exited at iteration 50 with accuracies 
[8.22244765e-09]
not reaching the requested tolerance 1e-09.
Use iteration 51 instead with accuracy 
8.222447646845838e-09.

  values, vectors = lobpcg(projected_hamiltonian, guess, largest=False,
/home/erosanow_hpc/informed_swapping/BARK.py:156: UserWarning: Exited postprocessing with accuracies 
[8.22244654e-09]
not reaching the requested tolerance 1e-09.
  values, vectors = lobpcg(projected_hamiltonian, guess, largest=False,
/home/erosanow_hpc/informed_swapping/BARK.py:156: UserWarning: Exited at iteration 50 with accuracies 
[9.68113394e-09]
not reaching the requested tolerance 1e-09.
Use iteration 51 instead with accuracy 
9.681133938339681e-09.

  values, vectors = lobpcg(projected_hamiltonian, guess, largest=False,
/home/erosanow_hpc/informed_swapping/BARK.py:156: UserWarning: Exited postprocessing with accuracies 
[9.68113389e-09]
not reaching the requested tolerance 1e-09.
  values, vectors = lobpcg(projected_hamiltonian, guess, largest=False,
/home/erosanow_hpc/informed_swapping/BARK.py:156: UserWarning: Exited at iteration 50 with accuracies 
[9.00411668e-09]
not reaching the requested tolerance 1e-09.
Use iteration 51 instead with accuracy 
9.004116678274918e-09.

  values, vectors = lobpcg(projected_hamiltonian, guess, largest=False,
/home/erosanow_hpc/informed_swapping/BARK.py:156: UserWarning: Exited postprocessing with accuracies 
[9.00411653e-09]
not reaching the requested tolerance 1e-09.
  values, vectors = lobpcg(projected_hamiltonian, guess, largest=False,
/home/erosanow_hpc/informed_swapping/BARK.py:156: UserWarning: Exited at iteration 50 with accuracies 
[1.92481929e-08]
not reaching the requested tolerance 1e-09.
Use iteration 51 instead with accuracy 
1.9248192896555195e-08.

  values, vectors = lobpcg(projected_hamiltonian, guess, largest=False,
/home/erosanow_hpc/informed_swapping/BARK.py:156: UserWarning: Exited postprocessing with accuracies 
[1.92481925e-08]
not reaching the requested tolerance 1e-09.
  values, vectors = lobpcg(projected_hamiltonian, guess, largest=False,
/home/erosanow_hpc/informed_swapping/BARK.py:156: UserWarning: Exited at iteration 50 with accuracies 
[5.9140458e-09]
not reaching the requested tolerance 1e-09.
Use iteration 51 instead with accuracy 
5.914045797139441e-09.

  values, vectors = lobpcg(projected_hamiltonian, guess, largest=False,
/home/erosanow_hpc/informed_swapping/BARK.py:156: UserWarning: Exited postprocessing with accuracies 
[5.91404591e-09]
not reaching the requested tolerance 1e-09.
  values, vectors = lobpcg(projected_hamiltonian, guess, largest=False,
/home/erosanow_hpc/informed_swapping/BARK.py:156: UserWarning: Exited at iteration 50 with accuracies 
[6.34521191e-09]
not reaching the requested tolerance 1e-09.
Use iteration 51 instead with accuracy 
6.3452119081890405e-09.

  values, vectors = lobpcg(projected_hamiltonian, guess, largest=False,
/home/erosanow_hpc/informed_swapping/BARK.py:156: UserWarning: Exited postprocessing with accuracies 
[6.34521176e-09]
not reaching the requested tolerance 1e-09.
  values, vectors = lobpcg(projected_hamiltonian, guess, largest=False,
/home/erosanow_hpc/informed_swapping/BARK.py:156: UserWarning: Exited at iteration 50 with accuracies 
[6.64742589e-09]
not reaching the requested tolerance 1e-09.
Use iteration 51 instead with accuracy 
6.647425894129058e-09.

  values, vectors = lobpcg(projected_hamiltonian, guess, largest=False,
/home/erosanow_hpc/informed_swapping/BARK.py:156: UserWarning: Exited postprocessing with accuracies 
[6.64742598e-09]
not reaching the requested tolerance 1e-09.
  values, vectors = lobpcg(projected_hamiltonian, guess, largest=False,
/home/erosanow_hpc/informed_swapping/BARK.py:156: UserWarning: Exited at iteration 50 with accuracies 
[1.47923273e-08]
not reaching the requested tolerance 1e-09.
Use iteration 51 instead with accuracy 
1.4792327301502429e-08.

  values, vectors = lobpcg(projected_hamiltonian, guess, largest=False,
/home/erosanow_hpc/informed_swapping/BARK.py:156: UserWarning: Exited postprocessing with accuracies 
[1.47923269e-08]
not reaching the requested tolerance 1e-09.
  values, vectors = lobpcg(projected_hamiltonian, guess, largest=False,
/home/erosanow_hpc/informed_swapping/BARK.py:156: UserWarning: Exited at iteration 50 with accuracies 
[9.35779169e-09]
not reaching the requested tolerance 1e-09.
Use iteration 51 instead with accuracy 
9.357791694917677e-09.

  values, vectors = lobpcg(projected_hamiltonian, guess, largest=False,
/home/erosanow_hpc/informed_swapping/BARK.py:156: UserWarning: Exited postprocessing with accuracies 
[9.35779136e-09]
not reaching the requested tolerance 1e-09.
  values, vectors = lobpcg(projected_hamiltonian, guess, largest=False,
/home/erosanow_hpc/informed_swapping/BARK.py:156: UserWarning: Exited at iteration 50 with accuracies 
[1.06160205e-08]
not reaching the requested tolerance 1e-09.
Use iteration 51 instead with accuracy 
1.0616020509285887e-08.

  values, vectors = lobpcg(projected_hamiltonian, guess, largest=False,
/home/erosanow_hpc/informed_swapping/BARK.py:156: UserWarning: Exited postprocessing with accuracies 
[1.06160206e-08]
not reaching the requested tolerance 1e-09.
  values, vectors = lobpcg(projected_hamiltonian, guess, largest=False,
/home/erosanow_hpc/informed_swapping/BARK.py:156: UserWarning: Exited at iteration 50 with accuracies 
[9.59529168e-09]
not reaching the requested tolerance 1e-09.
Use iteration 51 instead with accuracy 
9.595291681125786e-09.

  values, vectors = lobpcg(projected_hamiltonian, guess, largest=False,
/home/erosanow_hpc/informed_swapping/BARK.py:156: UserWarning: Exited postprocessing with accuracies 
[9.59529214e-09]
not reaching the requested tolerance 1e-09.
  values, vectors = lobpcg(projected_hamiltonian, guess, largest=False,
/home/erosanow_hpc/informed_swapping/BARK.py:156: UserWarning: Exited at iteration 50 with accuracies 
[2.10746202e-08]
not reaching the requested tolerance 1e-09.
Use iteration 51 instead with accuracy 
2.1074620246568075e-08.

  values, vectors = lobpcg(projected_hamiltonian, guess, largest=False,
/home/erosanow_hpc/informed_swapping/BARK.py:156: UserWarning: Exited postprocessing with accuracies 
[2.10746206e-08]
not reaching the requested tolerance 1e-09.
  values, vectors = lobpcg(projected_hamiltonian, guess, largest=False,
/home/erosanow_hpc/informed_swapping/BARK.py:156: UserWarning: Exited at iteration 50 with accuracies 
[9.52326254e-09]
not reaching the requested tolerance 1e-09.
Use iteration 51 instead with accuracy 
9.523262536097781e-09.

  values, vectors = lobpcg(projected_hamiltonian, guess, largest=False,
/home/erosanow_hpc/informed_swapping/BARK.py:156: UserWarning: Exited postprocessing with accuracies 
[9.52326247e-09]
not reaching the requested tolerance 1e-09.
  values, vectors = lobpcg(projected_hamiltonian, guess, largest=False,
/home/erosanow_hpc/informed_swapping/BARK.py:156: UserWarning: Exited at iteration 50 with accuracies 
[1.08036971e-08]
not reaching the requested tolerance 1e-09.
Use iteration 51 instead with accuracy 
1.0803697082605915e-08.

  values, vectors = lobpcg(projected_hamiltonian, guess, largest=False,
/home/erosanow_hpc/informed_swapping/BARK.py:156: UserWarning: Exited postprocessing with accuracies 
[1.08036964e-08]
not reaching the requested tolerance 1e-09.
  values, vectors = lobpcg(projected_hamiltonian, guess, largest=False,
/home/erosanow_hpc/informed_swapping/BARK.py:156: UserWarning: Exited at iteration 50 with accuracies 
[9.98506206e-09]
not reaching the requested tolerance 1e-09.
Use iteration 51 instead with accuracy 
9.98506205734667e-09.

  values, vectors = lobpcg(projected_hamiltonian, guess, largest=False,
/home/erosanow_hpc/informed_swapping/BARK.py:156: UserWarning: Exited postprocessing with accuracies 
[9.98506172e-09]
not reaching the requested tolerance 1e-09.
  values, vectors = lobpcg(projected_hamiltonian, guess, largest=False,
/home/erosanow_hpc/informed_swapping/BARK.py:156: UserWarning: Exited at iteration 50 with accuracies 
[2.1851086e-08]
not reaching the requested tolerance 1e-09.
Use iteration 51 instead with accuracy 
2.185108603313857e-08.

  values, vectors = lobpcg(projected_hamiltonian, guess, largest=False,
/home/erosanow_hpc/informed_swapping/BARK.py:156: UserWarning: Exited postprocessing with accuracies 
[2.18510859e-08]
not reaching the requested tolerance 1e-09.
  values, vectors = lobpcg(projected_hamiltonian, guess, largest=False,
/home/erosanow_hpc/informed_swapping/BARK.py:156: UserWarning: Exited at iteration 50 with accuracies 
[1.29168923e-08]
not reaching the requested tolerance 1e-09.
Use iteration 51 instead with accuracy 
1.291689231061137e-08.

  values, vectors = lobpcg(projected_hamiltonian, guess, largest=False,
/home/erosanow_hpc/informed_swapping/BARK.py:156: UserWarning: Exited postprocessing with accuracies 
[1.29168927e-08]
not reaching the requested tolerance 1e-09.
  values, vectors = lobpcg(projected_hamiltonian, guess, largest=False,
/home/erosanow_hpc/informed_swapping/BARK.py:156: UserWarning: Exited at iteration 50 with accuracies 
[1.59767062e-08]
not reaching the requested tolerance 1e-09.
Use iteration 51 instead with accuracy 
1.5976706217391833e-08.

  values, vectors = lobpcg(projected_hamiltonian, guess, largest=False,
/home/erosanow_hpc/informed_swapping/BARK.py:156: UserWarning: Exited postprocessing with accuracies 
[1.59767062e-08]
not reaching the requested tolerance 1e-09.
  values, vectors = lobpcg(projected_hamiltonian, guess, largest=False,
/home/erosanow_hpc/informed_swapping/BARK.py:156: UserWarning: Exited at iteration 50 with accuracies 
[1.66633689e-08]
not reaching the requested tolerance 1e-09.
Use iteration 51 instead with accuracy 
1.666336887892793e-08.

  values, vectors = lobpcg(projected_hamiltonian, guess, largest=False,
/home/erosanow_hpc/informed_swapping/BARK.py:156: UserWarning: Exited postprocessing with accuracies 
[1.66633685e-08]
not reaching the requested tolerance 1e-09.
  values, vectors = lobpcg(projected_hamiltonian, guess, largest=False,
/home/erosanow_hpc/informed_swapping/BARK.py:156: UserWarning: Exited at iteration 50 with accuracies 
[3.3448485e-08]
not reaching the requested tolerance 1e-09.
Use iteration 51 instead with accuracy 
3.3448485038241687e-08.

  values, vectors = lobpcg(projected_hamiltonian, guess, largest=False,
/home/erosanow_hpc/informed_swapping/BARK.py:156: UserWarning: Exited postprocessing with accuracies 
[3.3448485e-08]
not reaching the requested tolerance 1e-09.
  values, vectors = lobpcg(projected_hamiltonian, guess, largest=False,
/home/erosanow_hpc/informed_swapping/BARK.py:156: UserWarning: Exited at iteration 50 with accuracies 
[2.54265667e-09]
not reaching the requested tolerance 1e-09.
Use iteration 51 instead with accuracy 
2.54265667039613e-09.

  values, vectors = lobpcg(projected_hamiltonian, guess, largest=False,
/home/erosanow_hpc/informed_swapping/BARK.py:156: UserWarning: Exited postprocessing with accuracies 
[2.542656e-09]
not reaching the requested tolerance 1e-09.
  values, vectors = lobpcg(projected_hamiltonian, guess, largest=False,
/home/erosanow_hpc/informed_swapping/BARK.py:156: UserWarning: Exited at iteration 50 with accuracies 
[6.95022963e-09]
not reaching the requested tolerance 1e-09.
Use iteration 51 instead with accuracy 
6.950229631156932e-09.

  values, vectors = lobpcg(projected_hamiltonian, guess, largest=False,
/home/erosanow_hpc/informed_swapping/BARK.py:156: UserWarning: Exited postprocessing with accuracies 
[6.95022975e-09]
not reaching the requested tolerance 1e-09.
  values, vectors = lobpcg(projected_hamiltonian, guess, largest=False,
/home/erosanow_hpc/informed_swapping/BARK.py:156: UserWarning: Exited at iteration 50 with accuracies 
[6.53420588e-09]
not reaching the requested tolerance 1e-09.
Use iteration 51 instead with accuracy 
6.534205881482153e-09.

  values, vectors = lobpcg(projected_hamiltonian, guess, largest=False,
/home/erosanow_hpc/informed_swapping/BARK.py:156: UserWarning: Exited postprocessing with accuracies 
[6.53420522e-09]
not reaching the requested tolerance 1e-09.
  values, vectors = lobpcg(projected_hamiltonian, guess, largest=False,
/home/erosanow_hpc/informed_swapping/BARK.py:156: UserWarning: Exited at iteration 50 with accuracies 
[6.66494212e-09]
not reaching the requested tolerance 1e-09.
Use iteration 51 instead with accuracy 
6.664942121764776e-09.

  values, vectors = lobpcg(projected_hamiltonian, guess, largest=False,
/home/erosanow_hpc/informed_swapping/BARK.py:156: UserWarning: Exited postprocessing with accuracies 
[6.66494256e-09]
not reaching the requested tolerance 1e-09.
  values, vectors = lobpcg(projected_hamiltonian, guess, largest=False,
/home/erosanow_hpc/informed_swapping/BARK.py:156: UserWarning: Exited at iteration 50 with accuracies 
[7.0702747e-09]
not reaching the requested tolerance 1e-09.
Use iteration 51 instead with accuracy 
7.070274704219387e-09.

  values, vectors = lobpcg(projected_hamiltonian, guess, largest=False,
/home/erosanow_hpc/informed_swapping/BARK.py:156: UserWarning: Exited postprocessing with accuracies 
[7.07027432e-09]
not reaching the requested tolerance 1e-09.
  values, vectors = lobpcg(projected_hamiltonian, guess, largest=False,
/home/erosanow_hpc/informed_swapping/BARK.py:156: UserWarning: Exited at iteration 50 with accuracies 
[7.84785684e-09]
not reaching the requested tolerance 1e-09.
Use iteration 51 instead with accuracy 
7.847856837675636e-09.

  values, vectors = lobpcg(projected_hamiltonian, guess, largest=False,
/home/erosanow_hpc/informed_swapping/BARK.py:156: UserWarning: Exited postprocessing with accuracies 
[7.84785665e-09]
not reaching the requested tolerance 1e-09.
  values, vectors = lobpcg(projected_hamiltonian, guess, largest=False,
/home/erosanow_hpc/informed_swapping/BARK.py:156: UserWarning: Exited at iteration 50 with accuracies 
[6.04308004e-09]
not reaching the requested tolerance 1e-09.
Use iteration 51 instead with accuracy 
6.0430800357487705e-09.

  values, vectors = lobpcg(projected_hamiltonian, guess, largest=False,
/home/erosanow_hpc/informed_swapping/BARK.py:156: UserWarning: Exited postprocessing with accuracies 
[6.0430799e-09]
not reaching the requested tolerance 1e-09.
  values, vectors = lobpcg(projected_hamiltonian, guess, largest=False,
/home/erosanow_hpc/informed_swapping/BARK.py:156: UserWarning: Exited at iteration 50 with accuracies 
[1.37636496e-08]
not reaching the requested tolerance 1e-09.
Use iteration 51 instead with accuracy 
1.3763649581804224e-08.

  values, vectors = lobpcg(projected_hamiltonian, guess, largest=False,
/home/erosanow_hpc/informed_swapping/BARK.py:156: UserWarning: Exited postprocessing with accuracies 
[1.37636495e-08]
not reaching the requested tolerance 1e-09.
  values, vectors = lobpcg(projected_hamiltonian, guess, largest=False,
/home/erosanow_hpc/informed_swapping/BARK.py:156: UserWarning: Exited at iteration 50 with accuracies 
[7.46240701e-09]
not reaching the requested tolerance 1e-09.
Use iteration 51 instead with accuracy 
7.462407011062172e-09.

  values, vectors = lobpcg(projected_hamiltonian, guess, largest=False,
/home/erosanow_hpc/informed_swapping/BARK.py:156: UserWarning: Exited postprocessing with accuracies 
[7.46240674e-09]
not reaching the requested tolerance 1e-09.
  values, vectors = lobpcg(projected_hamiltonian, guess, largest=False,
/home/erosanow_hpc/informed_swapping/BARK.py:156: UserWarning: Exited at iteration 50 with accuracies 
[8.15473309e-09]
not reaching the requested tolerance 1e-09.
Use iteration 51 instead with accuracy 
8.154733087699355e-09.

  values, vectors = lobpcg(projected_hamiltonian, guess, largest=False,
/home/erosanow_hpc/informed_swapping/BARK.py:156: UserWarning: Exited postprocessing with accuracies 
[8.15473325e-09]
not reaching the requested tolerance 1e-09.
  values, vectors = lobpcg(projected_hamiltonian, guess, largest=False,
/home/erosanow_hpc/informed_swapping/BARK.py:156: UserWarning: Exited at iteration 50 with accuracies 
[7.77923416e-09]
not reaching the requested tolerance 1e-09.
Use iteration 51 instead with accuracy 
7.779234159538371e-09.

  values, vectors = lobpcg(projected_hamiltonian, guess, largest=False,
/home/erosanow_hpc/informed_swapping/BARK.py:156: UserWarning: Exited postprocessing with accuracies 
[7.77923399e-09]
not reaching the requested tolerance 1e-09.
  values, vectors = lobpcg(projected_hamiltonian, guess, largest=False,
/home/erosanow_hpc/informed_swapping/BARK.py:156: UserWarning: Exited at iteration 50 with accuracies 
[1.7140568e-08]
not reaching the requested tolerance 1e-09.
Use iteration 51 instead with accuracy 
1.714056798459242e-08.

  values, vectors = lobpcg(projected_hamiltonian, guess, largest=False,
/home/erosanow_hpc/informed_swapping/BARK.py:156: UserWarning: Exited postprocessing with accuracies 
[1.7140568e-08]
not reaching the requested tolerance 1e-09.
  values, vectors = lobpcg(projected_hamiltonian, guess, largest=False,
/home/erosanow_hpc/informed_swapping/BARK.py:156: UserWarning: Exited at iteration 50 with accuracies 
[8.08064668e-09]
not reaching the requested tolerance 1e-09.
Use iteration 51 instead with accuracy 
8.080646680056606e-09.

  values, vectors = lobpcg(projected_hamiltonian, guess, largest=False,
/home/erosanow_hpc/informed_swapping/BARK.py:156: UserWarning: Exited postprocessing with accuracies 
[8.08064687e-09]
not reaching the requested tolerance 1e-09.
  values, vectors = lobpcg(projected_hamiltonian, guess, largest=False,
/home/erosanow_hpc/informed_swapping/BARK.py:156: UserWarning: Exited at iteration 50 with accuracies 
[1.85022703e-08]
not reaching the requested tolerance 1e-09.
Use iteration 51 instead with accuracy 
1.8502270267029922e-08.

  values, vectors = lobpcg(projected_hamiltonian, guess, largest=False,
/home/erosanow_hpc/informed_swapping/BARK.py:156: UserWarning: Exited postprocessing with accuracies 
[1.85022703e-08]
not reaching the requested tolerance 1e-09.
  values, vectors = lobpcg(projected_hamiltonian, guess, largest=False,
/home/erosanow_hpc/informed_swapping/BARK.py:156: UserWarning: Exited at iteration 50 with accuracies 
[1.49259671e-08]
not reaching the requested tolerance 1e-09.
Use iteration 51 instead with accuracy 
1.4925967062386114e-08.

  values, vectors = lobpcg(projected_hamiltonian, guess, largest=False,
/home/erosanow_hpc/informed_swapping/BARK.py:156: UserWarning: Exited postprocessing with accuracies 
[1.49259671e-08]
not reaching the requested tolerance 1e-09.
  values, vectors = lobpcg(projected_hamiltonian, guess, largest=False,
/home/erosanow_hpc/informed_swapping/BARK.py:156: UserWarning: Exited at iteration 50 with accuracies 
[1.76641005e-08]
not reaching the requested tolerance 1e-09.
Use iteration 51 instead with accuracy 
1.7664100506037997e-08.

  values, vectors = lobpcg(projected_hamiltonian, guess, largest=False,
/home/erosanow_hpc/informed_swapping/BARK.py:156: UserWarning: Exited postprocessing with accuracies 
[1.76641008e-08]
not reaching the requested tolerance 1e-09.
  values, vectors = lobpcg(projected_hamiltonian, guess, largest=False,
/home/erosanow_hpc/informed_swapping/BARK.py:156: UserWarning: Exited at iteration 50 with accuracies 
[4.1562994e-09]
not reaching the requested tolerance 1e-09.
Use iteration 51 instead with accuracy 
4.15629939735806e-09.

  values, vectors = lobpcg(projected_hamiltonian, guess, largest=False,
/home/erosanow_hpc/informed_swapping/BARK.py:156: UserWarning: Exited postprocessing with accuracies 
[4.15629931e-09]
not reaching the requested tolerance 1e-09.
  values, vectors = lobpcg(projected_hamiltonian, guess, largest=False,
/home/erosanow_hpc/informed_swapping/BARK.py:156: UserWarning: Exited at iteration 50 with accuracies 
[7.14732357e-09]
not reaching the requested tolerance 1e-09.
Use iteration 51 instead with accuracy 
7.147323569844935e-09.

  values, vectors = lobpcg(projected_hamiltonian, guess, largest=False,
/home/erosanow_hpc/informed_swapping/BARK.py:156: UserWarning: Exited postprocessing with accuracies 
[7.14732327e-09]
not reaching the requested tolerance 1e-09.
  values, vectors = lobpcg(projected_hamiltonian, guess, largest=False,
/home/erosanow_hpc/informed_swapping/BARK.py:156: UserWarning: Exited at iteration 50 with accuracies 
[1.26395962e-08]
not reaching the requested tolerance 1e-09.
Use iteration 51 instead with accuracy 
1.2639596196992563e-08.

  values, vectors = lobpcg(projected_hamiltonian, guess, largest=False,
/home/erosanow_hpc/informed_swapping/BARK.py:156: UserWarning: Exited postprocessing with accuracies 
[1.26395958e-08]
not reaching the requested tolerance 1e-09.
  values, vectors = lobpcg(projected_hamiltonian, guess, largest=False,
/home/erosanow_hpc/informed_swapping/BARK.py:156: UserWarning: Exited at iteration 50 with accuracies 
[1.66665473e-08]
not reaching the requested tolerance 1e-09.
Use iteration 51 instead with accuracy 
1.666654728729559e-08.

  values, vectors = lobpcg(projected_hamiltonian, guess, largest=False,
/home/erosanow_hpc/informed_swapping/BARK.py:156: UserWarning: Exited postprocessing with accuracies 
[1.66665478e-08]
not reaching the requested tolerance 1e-09.
  values, vectors = lobpcg(projected_hamiltonian, guess, largest=False,
/home/erosanow_hpc/informed_swapping/BARK.py:156: UserWarning: Exited at iteration 50 with accuracies 
[1.09110094e-08]
not reaching the requested tolerance 1e-09.
Use iteration 51 instead with accuracy 
1.0911009412433493e-08.

  values, vectors = lobpcg(projected_hamiltonian, guess, largest=False,
/home/erosanow_hpc/informed_swapping/BARK.py:156: UserWarning: Exited postprocessing with accuracies 
[1.09110096e-08]
not reaching the requested tolerance 1e-09.
  values, vectors = lobpcg(projected_hamiltonian, guess, largest=False,
/home/erosanow_hpc/informed_swapping/BARK.py:156: UserWarning: Exited at iteration 50 with accuracies 
[1.27928525e-08]
not reaching the requested tolerance 1e-09.
Use iteration 51 instead with accuracy 
1.2792852481227062e-08.

  values, vectors = lobpcg(projected_hamiltonian, guess, largest=False,
/home/erosanow_hpc/informed_swapping/BARK.py:156: UserWarning: Exited postprocessing with accuracies 
[1.27928525e-08]
not reaching the requested tolerance 1e-09.
  values, vectors = lobpcg(projected_hamiltonian, guess, largest=False,
/home/erosanow_hpc/informed_swapping/BARK.py:156: UserWarning: Exited at iteration 50 with accuracies 
[1.34703061e-08]
not reaching the requested tolerance 1e-09.
Use iteration 51 instead with accuracy 
1.3470306090534044e-08.

  values, vectors = lobpcg(projected_hamiltonian, guess, largest=False,
/home/erosanow_hpc/informed_swapping/BARK.py:156: UserWarning: Exited postprocessing with accuracies 
[1.34703059e-08]
not reaching the requested tolerance 1e-09.
  values, vectors = lobpcg(projected_hamiltonian, guess, largest=False,
/home/erosanow_hpc/informed_swapping/BARK.py:156: UserWarning: Exited at iteration 50 with accuracies 
[2.83840699e-08]
not reaching the requested tolerance 1e-09.
Use iteration 51 instead with accuracy 
2.8384069852399887e-08.

  values, vectors = lobpcg(projected_hamiltonian, guess, largest=False,
/home/erosanow_hpc/informed_swapping/BARK.py:156: UserWarning: Exited postprocessing with accuracies 
[2.83840699e-08]
not reaching the requested tolerance 1e-09.
  values, vectors = lobpcg(projected_hamiltonian, guess, largest=False,
/home/erosanow_hpc/informed_swapping/BARK.py:156: UserWarning: Exited at iteration 50 with accuracies 
[1.00007447e-08]
not reaching the requested tolerance 1e-09.
Use iteration 51 instead with accuracy 
1.0000744655185691e-08.

  values, vectors = lobpcg(projected_hamiltonian, guess, largest=False,
/home/erosanow_hpc/informed_swapping/BARK.py:156: UserWarning: Exited postprocessing with accuracies 
[1.00007447e-08]
not reaching the requested tolerance 1e-09.
  values, vectors = lobpcg(projected_hamiltonian, guess, largest=False,
/home/erosanow_hpc/informed_swapping/BARK.py:156: UserWarning: Exited at iteration 50 with accuracies 
[2.20915385e-08]
not reaching the requested tolerance 1e-09.
Use iteration 51 instead with accuracy 
2.2091538472018836e-08.

  values, vectors = lobpcg(projected_hamiltonian, guess, largest=False,
/home/erosanow_hpc/informed_swapping/BARK.py:156: UserWarning: Exited postprocessing with accuracies 
[2.20915392e-08]
not reaching the requested tolerance 1e-09.
  values, vectors = lobpcg(projected_hamiltonian, guess, largest=False,
/home/erosanow_hpc/informed_swapping/BARK.py:156: UserWarning: Exited at iteration 50 with accuracies 
[2.02863553e-08]
not reaching the requested tolerance 1e-09.
Use iteration 51 instead with accuracy 
2.0286355288639594e-08.

  values, vectors = lobpcg(projected_hamiltonian, guess, largest=False,
/home/erosanow_hpc/informed_swapping/BARK.py:156: UserWarning: Exited postprocessing with accuracies 
[2.02863552e-08]
not reaching the requested tolerance 1e-09.
  values, vectors = lobpcg(projected_hamiltonian, guess, largest=False,
/home/erosanow_hpc/informed_swapping/BARK.py:156: UserWarning: Exited at iteration 50 with accuracies 
[2.54737682e-08]
not reaching the requested tolerance 1e-09.
Use iteration 51 instead with accuracy 
2.5473768169461315e-08.

  values, vectors = lobpcg(projected_hamiltonian, guess, largest=False,
/home/erosanow_hpc/informed_swapping/BARK.py:156: UserWarning: Exited postprocessing with accuracies 
[2.5473768e-08]
not reaching the requested tolerance 1e-09.
  values, vectors = lobpcg(projected_hamiltonian, guess, largest=False,
/home/erosanow_hpc/informed_swapping/BARK.py:156: UserWarning: Exited at iteration 50 with accuracies 
[1.30867556e-08]
not reaching the requested tolerance 1e-09.
Use iteration 51 instead with accuracy 
1.3086755638058244e-08.

  values, vectors = lobpcg(projected_hamiltonian, guess, largest=False,
/home/erosanow_hpc/informed_swapping/BARK.py:156: UserWarning: Exited postprocessing with accuracies 
[1.30867551e-08]
not reaching the requested tolerance 1e-09.
  values, vectors = lobpcg(projected_hamiltonian, guess, largest=False,
/home/erosanow_hpc/informed_swapping/BARK.py:156: UserWarning: Exited at iteration 50 with accuracies 
[2.78082954e-08]
not reaching the requested tolerance 1e-09.
Use iteration 51 instead with accuracy 
2.7808295420171866e-08.

  values, vectors = lobpcg(projected_hamiltonian, guess, largest=False,
/home/erosanow_hpc/informed_swapping/BARK.py:156: UserWarning: Exited postprocessing with accuracies 
[2.78082956e-08]
not reaching the requested tolerance 1e-09.
  values, vectors = lobpcg(projected_hamiltonian, guess, largest=False,
/home/erosanow_hpc/informed_swapping/BARK.py:156: UserWarning: Exited at iteration 50 with accuracies 
[2.92191133e-08]
not reaching the requested tolerance 1e-09.
Use iteration 51 instead with accuracy 
2.921911326793207e-08.

  values, vectors = lobpcg(projected_hamiltonian, guess, largest=False,
/home/erosanow_hpc/informed_swapping/BARK.py:156: UserWarning: Exited postprocessing with accuracies 
[2.92191135e-08]
not reaching the requested tolerance 1e-09.
  values, vectors = lobpcg(projected_hamiltonian, guess, largest=False,
/home/erosanow_hpc/informed_swapping/BARK.py:156: UserWarning: Exited at iteration 50 with accuracies 
[3.84884268e-08]
not reaching the requested tolerance 1e-09.
Use iteration 51 instead with accuracy 
3.848842675133276e-08.

  values, vectors = lobpcg(projected_hamiltonian, guess, largest=False,
/home/erosanow_hpc/informed_swapping/BARK.py:156: UserWarning: Exited postprocessing with accuracies 
[3.84884265e-08]
not reaching the requested tolerance 1e-09.
  values, vectors = lobpcg(projected_hamiltonian, guess, largest=False,
/home/erosanow_hpc/informed_swapping/BARK.py:156: UserWarning: Exited at iteration 50 with accuracies 
[5.36487833e-09]
not reaching the requested tolerance 1e-09.
Use iteration 51 instead with accuracy 
5.364878327937105e-09.

  values, vectors = lobpcg(projected_hamiltonian, guess, largest=False,
/home/erosanow_hpc/informed_swapping/BARK.py:156: UserWarning: Exited postprocessing with accuracies 
[5.3648785e-09]
not reaching the requested tolerance 1e-09.
  values, vectors = lobpcg(projected_hamiltonian, guess, largest=False,
/home/erosanow_hpc/informed_swapping/BARK.py:156: UserWarning: Exited at iteration 50 with accuracies 
[1.28011674e-08]
not reaching the requested tolerance 1e-09.
Use iteration 51 instead with accuracy 
1.2801167409054971e-08.

  values, vectors = lobpcg(projected_hamiltonian, guess, largest=False,
/home/erosanow_hpc/informed_swapping/BARK.py:156: UserWarning: Exited postprocessing with accuracies 
[1.28011673e-08]
not reaching the requested tolerance 1e-09.
  values, vectors = lobpcg(projected_hamiltonian, guess, largest=False,
/home/erosanow_hpc/informed_swapping/BARK.py:156: UserWarning: Exited at iteration 50 with accuracies 
[1.27673328e-08]
not reaching the requested tolerance 1e-09.
Use iteration 51 instead with accuracy 
1.2767332759269937e-08.

  values, vectors = lobpcg(projected_hamiltonian, guess, largest=False,
/home/erosanow_hpc/informed_swapping/BARK.py:156: UserWarning: Exited postprocessing with accuracies 
[1.27673325e-08]
not reaching the requested tolerance 1e-09.
  values, vectors = lobpcg(projected_hamiltonian, guess, largest=False,
/home/erosanow_hpc/informed_swapping/BARK.py:156: UserWarning: Exited at iteration 50 with accuracies 
[1.49285087e-08]
not reaching the requested tolerance 1e-09.
Use iteration 51 instead with accuracy 
1.4928508668608047e-08.

  values, vectors = lobpcg(projected_hamiltonian, guess, largest=False,
/home/erosanow_hpc/informed_swapping/BARK.py:156: UserWarning: Exited postprocessing with accuracies 
[1.49285082e-08]
not reaching the requested tolerance 1e-09.
  values, vectors = lobpcg(projected_hamiltonian, guess, largest=False,
/home/erosanow_hpc/informed_swapping/BARK.py:156: UserWarning: Exited at iteration 50 with accuracies 
[9.57406247e-09]
not reaching the requested tolerance 1e-09.
Use iteration 51 instead with accuracy 
9.574062465332535e-09.

  values, vectors = lobpcg(projected_hamiltonian, guess, largest=False,
/home/erosanow_hpc/informed_swapping/BARK.py:156: UserWarning: Exited postprocessing with accuracies 
[9.57406241e-09]
not reaching the requested tolerance 1e-09.
  values, vectors = lobpcg(projected_hamiltonian, guess, largest=False,
/home/erosanow_hpc/informed_swapping/BARK.py:156: UserWarning: Exited at iteration 50 with accuracies 
[2.10098935e-08]
not reaching the requested tolerance 1e-09.
Use iteration 51 instead with accuracy 
2.1009893525854822e-08.

  values, vectors = lobpcg(projected_hamiltonian, guess, largest=False,
/home/erosanow_hpc/informed_swapping/BARK.py:156: UserWarning: Exited postprocessing with accuracies 
[2.10098936e-08]
not reaching the requested tolerance 1e-09.
  values, vectors = lobpcg(projected_hamiltonian, guess, largest=False,
/home/erosanow_hpc/informed_swapping/BARK.py:156: UserWarning: Exited at iteration 50 with accuracies 
[1.9860693e-08]
not reaching the requested tolerance 1e-09.
Use iteration 51 instead with accuracy 
1.986069303595505e-08.

  values, vectors = lobpcg(projected_hamiltonian, guess, largest=False,
/home/erosanow_hpc/informed_swapping/BARK.py:156: UserWarning: Exited postprocessing with accuracies 
[1.98606926e-08]
not reaching the requested tolerance 1e-09.
  values, vectors = lobpcg(projected_hamiltonian, guess, largest=False,
/home/erosanow_hpc/informed_swapping/BARK.py:156: UserWarning: Exited at iteration 50 with accuracies 
[2.4880126e-08]
not reaching the requested tolerance 1e-09.
Use iteration 51 instead with accuracy 
2.4880126040257202e-08.

  values, vectors = lobpcg(projected_hamiltonian, guess, largest=False,
/home/erosanow_hpc/informed_swapping/BARK.py:156: UserWarning: Exited postprocessing with accuracies 
[2.48801257e-08]
not reaching the requested tolerance 1e-09.
  values, vectors = lobpcg(projected_hamiltonian, guess, largest=False,
/home/erosanow_hpc/informed_swapping/BARK.py:156: UserWarning: Exited at iteration 50 with accuracies 
[1.05828673e-08]
not reaching the requested tolerance 1e-09.
Use iteration 51 instead with accuracy 
1.0582867340782092e-08.

  values, vectors = lobpcg(projected_hamiltonian, guess, largest=False,
/home/erosanow_hpc/informed_swapping/BARK.py:156: UserWarning: Exited postprocessing with accuracies 
[1.05828673e-08]
not reaching the requested tolerance 1e-09.
  values, vectors = lobpcg(projected_hamiltonian, guess, largest=False,
/home/erosanow_hpc/informed_swapping/BARK.py:156: UserWarning: Exited at iteration 50 with accuracies 
[2.19548283e-08]
not reaching the requested tolerance 1e-09.
Use iteration 51 instead with accuracy 
2.195482826384288e-08.

  values, vectors = lobpcg(projected_hamiltonian, guess, largest=False,
/home/erosanow_hpc/informed_swapping/BARK.py:156: UserWarning: Exited postprocessing with accuracies 
[2.19548287e-08]
not reaching the requested tolerance 1e-09.
  values, vectors = lobpcg(projected_hamiltonian, guess, largest=False,
/home/erosanow_hpc/informed_swapping/BARK.py:156: UserWarning: Exited at iteration 50 with accuracies 
[2.18723431e-08]
not reaching the requested tolerance 1e-09.
Use iteration 51 instead with accuracy 
2.187234311816667e-08.

  values, vectors = lobpcg(projected_hamiltonian, guess, largest=False,
/home/erosanow_hpc/informed_swapping/BARK.py:156: UserWarning: Exited postprocessing with accuracies 
[2.18723436e-08]
not reaching the requested tolerance 1e-09.
  values, vectors = lobpcg(projected_hamiltonian, guess, largest=False,
/home/erosanow_hpc/informed_swapping/BARK.py:156: UserWarning: Exited at iteration 50 with accuracies 
[2.91589814e-08]
not reaching the requested tolerance 1e-09.
Use iteration 51 instead with accuracy 
2.9158981419469675e-08.

  values, vectors = lobpcg(projected_hamiltonian, guess, largest=False,
/home/erosanow_hpc/informed_swapping/BARK.py:156: UserWarning: Exited postprocessing with accuracies 
[2.9158981e-08]
not reaching the requested tolerance 1e-09.
  values, vectors = lobpcg(projected_hamiltonian, guess, largest=False,
/home/erosanow_hpc/informed_swapping/BARK.py:156: UserWarning: Exited at iteration 50 with accuracies 
[1.55038224e-08]
not reaching the requested tolerance 1e-09.
Use iteration 51 instead with accuracy 
1.5503822431489056e-08.

  values, vectors = lobpcg(projected_hamiltonian, guess, largest=False,
/home/erosanow_hpc/informed_swapping/BARK.py:156: UserWarning: Exited postprocessing with accuracies 
[1.55038226e-08]
not reaching the requested tolerance 1e-09.
  values, vectors = lobpcg(projected_hamiltonian, guess, largest=False,
/home/erosanow_hpc/informed_swapping/BARK.py:156: UserWarning: Exited at iteration 50 with accuracies 
[3.10743277e-08]
not reaching the requested tolerance 1e-09.
Use iteration 51 instead with accuracy 
3.107432771222878e-08.

  values, vectors = lobpcg(projected_hamiltonian, guess, largest=False,
/home/erosanow_hpc/informed_swapping/BARK.py:156: UserWarning: Exited postprocessing with accuracies 
[3.10743276e-08]
not reaching the requested tolerance 1e-09.
  values, vectors = lobpcg(projected_hamiltonian, guess, largest=False,
/home/erosanow_hpc/informed_swapping/BARK.py:156: UserWarning: Exited at iteration 50 with accuracies 
[2.89774016e-08]
not reaching the requested tolerance 1e-09.
Use iteration 51 instead with accuracy 
2.8977401624005947e-08.

  values, vectors = lobpcg(projected_hamiltonian, guess, largest=False,
/home/erosanow_hpc/informed_swapping/BARK.py:156: UserWarning: Exited postprocessing with accuracies 
[2.89774017e-08]
not reaching the requested tolerance 1e-09.
  values, vectors = lobpcg(projected_hamiltonian, guess, largest=False,
/home/erosanow_hpc/informed_swapping/BARK.py:156: UserWarning: Exited at iteration 50 with accuracies 
[3.95892694e-08]
not reaching the requested tolerance 1e-09.
Use iteration 51 instead with accuracy 
3.9589269434575985e-08.

  values, vectors = lobpcg(projected_hamiltonian, guess, largest=False,
/home/erosanow_hpc/informed_swapping/BARK.py:156: UserWarning: Exited postprocessing with accuracies 
[3.95892696e-08]
not reaching the requested tolerance 1e-09.
  values, vectors = lobpcg(projected_hamiltonian, guess, largest=False,
/home/erosanow_hpc/informed_swapping/BARK.py:156: UserWarning: Exited at iteration 50 with accuracies 
[1.48706511e-08]
not reaching the requested tolerance 1e-09.
Use iteration 51 instead with accuracy 
1.4870651058729178e-08.

  values, vectors = lobpcg(projected_hamiltonian, guess, largest=False,
/home/erosanow_hpc/informed_swapping/BARK.py:156: UserWarning: Exited postprocessing with accuracies 
[1.48706509e-08]
not reaching the requested tolerance 1e-09.
  values, vectors = lobpcg(projected_hamiltonian, guess, largest=False,
/home/erosanow_hpc/informed_swapping/BARK.py:156: UserWarning: Exited at iteration 50 with accuracies 
[1.76188206e-08]
not reaching the requested tolerance 1e-09.
Use iteration 51 instead with accuracy 
1.76188206378221e-08.

  values, vectors = lobpcg(projected_hamiltonian, guess, largest=False,
/home/erosanow_hpc/informed_swapping/BARK.py:156: UserWarning: Exited postprocessing with accuracies 
[1.76188204e-08]
not reaching the requested tolerance 1e-09.
  values, vectors = lobpcg(projected_hamiltonian, guess, largest=False,
/home/erosanow_hpc/informed_swapping/BARK.py:156: UserWarning: Exited at iteration 50 with accuracies 
[1.75883647e-08]
not reaching the requested tolerance 1e-09.
Use iteration 51 instead with accuracy 
1.758836468662648e-08.

  values, vectors = lobpcg(projected_hamiltonian, guess, largest=False,
/home/erosanow_hpc/informed_swapping/BARK.py:156: UserWarning: Exited postprocessing with accuracies 
[1.75883649e-08]
not reaching the requested tolerance 1e-09.
  values, vectors = lobpcg(projected_hamiltonian, guess, largest=False,
/home/erosanow_hpc/informed_swapping/BARK.py:156: UserWarning: Exited at iteration 50 with accuracies 
[3.63385408e-08]
not reaching the requested tolerance 1e-09.
Use iteration 51 instead with accuracy 
3.6338540767963855e-08.

  values, vectors = lobpcg(projected_hamiltonian, guess, largest=False,
/home/erosanow_hpc/informed_swapping/BARK.py:156: UserWarning: Exited postprocessing with accuracies 
[3.6338541e-08]
not reaching the requested tolerance 1e-09.
  values, vectors = lobpcg(projected_hamiltonian, guess, largest=False,
/home/erosanow_hpc/informed_swapping/BARK.py:156: UserWarning: Exited at iteration 50 with accuracies 
[2.46678994e-08]
not reaching the requested tolerance 1e-09.
Use iteration 51 instead with accuracy 
2.4667899439182253e-08.

  values, vectors = lobpcg(projected_hamiltonian, guess, largest=False,
/home/erosanow_hpc/informed_swapping/BARK.py:156: UserWarning: Exited postprocessing with accuracies 
[2.46678987e-08]
not reaching the requested tolerance 1e-09.
  values, vectors = lobpcg(projected_hamiltonian, guess, largest=False,
/home/erosanow_hpc/informed_swapping/BARK.py:156: UserWarning: Exited at iteration 50 with accuracies 
[3.17303915e-08]
not reaching the requested tolerance 1e-09.
Use iteration 51 instead with accuracy 
3.173039149663341e-08.

  values, vectors = lobpcg(projected_hamiltonian, guess, largest=False,
/home/erosanow_hpc/informed_swapping/BARK.py:156: UserWarning: Exited postprocessing with accuracies 
[3.17303919e-08]
not reaching the requested tolerance 1e-09.
  values, vectors = lobpcg(projected_hamiltonian, guess, largest=False,
/home/erosanow_hpc/informed_swapping/BARK.py:156: UserWarning: Exited at iteration 50 with accuracies 
[2.95813604e-08]
not reaching the requested tolerance 1e-09.
Use iteration 51 instead with accuracy 
2.958136035871557e-08.

  values, vectors = lobpcg(projected_hamiltonian, guess, largest=False,
/home/erosanow_hpc/informed_swapping/BARK.py:156: UserWarning: Exited postprocessing with accuracies 
[2.95813599e-08]
not reaching the requested tolerance 1e-09.
  values, vectors = lobpcg(projected_hamiltonian, guess, largest=False,
/home/erosanow_hpc/informed_swapping/BARK.py:156: UserWarning: Exited at iteration 50 with accuracies 
[5.90949938e-08]
not reaching the requested tolerance 1e-09.
Use iteration 51 instead with accuracy 
5.90949937553758e-08.

  values, vectors = lobpcg(projected_hamiltonian, guess, largest=False,
/home/erosanow_hpc/informed_swapping/BARK.py:156: UserWarning: Exited postprocessing with accuracies 
[5.90949934e-08]
not reaching the requested tolerance 1e-09.
  values, vectors = lobpcg(projected_hamiltonian, guess, largest=False,
/home/erosanow_hpc/informed_swapping/BARK.py:156: UserWarning: Exited at iteration 50 with accuracies 
[2.60986778e-08]
not reaching the requested tolerance 1e-09.
Use iteration 51 instead with accuracy 
2.6098677759393503e-08.

  values, vectors = lobpcg(projected_hamiltonian, guess, largest=False,
/home/erosanow_hpc/informed_swapping/BARK.py:156: UserWarning: Exited postprocessing with accuracies 
[2.6098678e-08]
not reaching the requested tolerance 1e-09.
  values, vectors = lobpcg(projected_hamiltonian, guess, largest=False,
/home/erosanow_hpc/informed_swapping/BARK.py:156: UserWarning: Exited at iteration 50 with accuracies 
[3.50464881e-08]
not reaching the requested tolerance 1e-09.
Use iteration 51 instead with accuracy 
3.5046488100427904e-08.

  values, vectors = lobpcg(projected_hamiltonian, guess, largest=False,
/home/erosanow_hpc/informed_swapping/BARK.py:156: UserWarning: Exited postprocessing with accuracies 
[3.5046488e-08]
not reaching the requested tolerance 1e-09.
  values, vectors = lobpcg(projected_hamiltonian, guess, largest=False,
/home/erosanow_hpc/informed_swapping/BARK.py:156: UserWarning: Exited at iteration 50 with accuracies 
[3.58601466e-08]
not reaching the requested tolerance 1e-09.
Use iteration 51 instead with accuracy 
3.58601465930676e-08.

  values, vectors = lobpcg(projected_hamiltonian, guess, largest=False,
/home/erosanow_hpc/informed_swapping/BARK.py:156: UserWarning: Exited postprocessing with accuracies 
[3.58601468e-08]
not reaching the requested tolerance 1e-09.
  values, vectors = lobpcg(projected_hamiltonian, guess, largest=False,
/home/erosanow_hpc/informed_swapping/BARK.py:156: UserWarning: Exited at iteration 50 with accuracies 
[6.86314669e-08]
not reaching the requested tolerance 1e-09.
Use iteration 51 instead with accuracy 
6.863146690129417e-08.

  values, vectors = lobpcg(projected_hamiltonian, guess, largest=False,
/home/erosanow_hpc/informed_swapping/BARK.py:156: UserWarning: Exited postprocessing with accuracies 
[6.86314665e-08]
not reaching the requested tolerance 1e-09.
  values, vectors = lobpcg(projected_hamiltonian, guess, largest=False,
/home/erosanow_hpc/informed_swapping/BARK.py:156: UserWarning: Exited at iteration 50 with accuracies 
[3.77055241e-08]
not reaching the requested tolerance 1e-09.
Use iteration 51 instead with accuracy 
3.7705524082161283e-08.

  values, vectors = lobpcg(projected_hamiltonian, guess, largest=False,
/home/erosanow_hpc/informed_swapping/BARK.py:156: UserWarning: Exited postprocessing with accuracies 
[3.77055243e-08]
not reaching the requested tolerance 1e-09.
  values, vectors = lobpcg(projected_hamiltonian, guess, largest=False,
/home/erosanow_hpc/informed_swapping/BARK.py:156: UserWarning: Exited at iteration 50 with accuracies 
[5.28196898e-08]
not reaching the requested tolerance 1e-09.
Use iteration 51 instead with accuracy 
5.281968978963117e-08.

  values, vectors = lobpcg(projected_hamiltonian, guess, largest=False,
/home/erosanow_hpc/informed_swapping/BARK.py:156: UserWarning: Exited postprocessing with accuracies 
[5.28196895e-08]
not reaching the requested tolerance 1e-09.
  values, vectors = lobpcg(projected_hamiltonian, guess, largest=False,
/home/erosanow_hpc/informed_swapping/BARK.py:156: UserWarning: Exited at iteration 50 with accuracies 
[4.99410313e-08]
not reaching the requested tolerance 1e-09.
Use iteration 51 instead with accuracy 
4.994103127267166e-08.

  values, vectors = lobpcg(projected_hamiltonian, guess, largest=False,
/home/erosanow_hpc/informed_swapping/BARK.py:156: UserWarning: Exited postprocessing with accuracies 
[4.99410311e-08]
not reaching the requested tolerance 1e-09.
  values, vectors = lobpcg(projected_hamiltonian, guess, largest=False,
/home/erosanow_hpc/informed_swapping/BARK.py:156: UserWarning: Exited at iteration 50 with accuracies 
[9.32075629e-08]
not reaching the requested tolerance 1e-09.
Use iteration 51 instead with accuracy 
9.320756293881363e-08.

  values, vectors = lobpcg(projected_hamiltonian, guess, largest=False,
/home/erosanow_hpc/informed_swapping/BARK.py:156: UserWarning: Exited postprocessing with accuracies 
[9.32075633e-08]
not reaching the requested tolerance 1e-09.
  values, vectors = lobpcg(projected_hamiltonian, guess, largest=False,
/home/erosanow_hpc/informed_swapping/BARK.py:156: UserWarning: Exited at iteration 50 with accuracies 
[3.70364142e-09]
not reaching the requested tolerance 1e-09.
Use iteration 51 instead with accuracy 
3.703641417499921e-09.

  values, vectors = lobpcg(projected_hamiltonian, guess, largest=False,
/home/erosanow_hpc/informed_swapping/BARK.py:156: UserWarning: Exited postprocessing with accuracies 
[3.70364147e-09]
not reaching the requested tolerance 1e-09.
  values, vectors = lobpcg(projected_hamiltonian, guess, largest=False,
/home/erosanow_hpc/informed_swapping/BARK.py:156: UserWarning: Exited at iteration 50 with accuracies 
[3.72571382e-09]
not reaching the requested tolerance 1e-09.
Use iteration 51 instead with accuracy 
3.725713822358506e-09.

  values, vectors = lobpcg(projected_hamiltonian, guess, largest=False,
/home/erosanow_hpc/informed_swapping/BARK.py:156: UserWarning: Exited postprocessing with accuracies 
[3.72571357e-09]
not reaching the requested tolerance 1e-09.
  values, vectors = lobpcg(projected_hamiltonian, guess, largest=False,
/home/erosanow_hpc/informed_swapping/BARK.py:156: UserWarning: Exited at iteration 50 with accuracies 
[3.77707376e-09]
not reaching the requested tolerance 1e-09.
Use iteration 51 instead with accuracy 
3.777073758486969e-09.

  values, vectors = lobpcg(projected_hamiltonian, guess, largest=False,
/home/erosanow_hpc/informed_swapping/BARK.py:156: UserWarning: Exited postprocessing with accuracies 
[3.7770733e-09]
not reaching the requested tolerance 1e-09.
  values, vectors = lobpcg(projected_hamiltonian, guess, largest=False,
/home/erosanow_hpc/informed_swapping/BARK.py:156: UserWarning: Exited at iteration 50 with accuracies 
[8.93658285e-09]
not reaching the requested tolerance 1e-09.
Use iteration 51 instead with accuracy 
8.936582853590226e-09.

  values, vectors = lobpcg(projected_hamiltonian, guess, largest=False,
/home/erosanow_hpc/informed_swapping/BARK.py:156: UserWarning: Exited postprocessing with accuracies 
[8.93658244e-09]
not reaching the requested tolerance 1e-09.
  values, vectors = lobpcg(projected_hamiltonian, guess, largest=False,
/home/erosanow_hpc/informed_swapping/BARK.py:156: UserWarning: Exited at iteration 50 with accuracies 
[6.16318483e-09]
not reaching the requested tolerance 1e-09.
Use iteration 51 instead with accuracy 
6.163184834719471e-09.

  values, vectors = lobpcg(projected_hamiltonian, guess, largest=False,
/home/erosanow_hpc/informed_swapping/BARK.py:156: UserWarning: Exited postprocessing with accuracies 
[6.16318515e-09]
not reaching the requested tolerance 1e-09.
  values, vectors = lobpcg(projected_hamiltonian, guess, largest=False,
/home/erosanow_hpc/informed_swapping/BARK.py:156: UserWarning: Exited at iteration 50 with accuracies 
[7.26093909e-09]
not reaching the requested tolerance 1e-09.
Use iteration 51 instead with accuracy 
7.2609390945969084e-09.

  values, vectors = lobpcg(projected_hamiltonian, guess, largest=False,
/home/erosanow_hpc/informed_swapping/BARK.py:156: UserWarning: Exited postprocessing with accuracies 
[7.260939e-09]
not reaching the requested tolerance 1e-09.
  values, vectors = lobpcg(projected_hamiltonian, guess, largest=False,
/home/erosanow_hpc/informed_swapping/BARK.py:156: UserWarning: Exited at iteration 50 with accuracies 
[6.52377422e-09]
not reaching the requested tolerance 1e-09.
Use iteration 51 instead with accuracy 
6.523774224248329e-09.

  values, vectors = lobpcg(projected_hamiltonian, guess, largest=False,
/home/erosanow_hpc/informed_swapping/BARK.py:156: UserWarning: Exited postprocessing with accuracies 
[6.52377447e-09]
not reaching the requested tolerance 1e-09.
  values, vectors = lobpcg(projected_hamiltonian, guess, largest=False,
/home/erosanow_hpc/informed_swapping/BARK.py:156: UserWarning: Exited at iteration 50 with accuracies 
[1.34383825e-08]
not reaching the requested tolerance 1e-09.
Use iteration 51 instead with accuracy 
1.3438382507403088e-08.

  values, vectors = lobpcg(projected_hamiltonian, guess, largest=False,
/home/erosanow_hpc/informed_swapping/BARK.py:156: UserWarning: Exited postprocessing with accuracies 
[1.34383824e-08]
not reaching the requested tolerance 1e-09.
  values, vectors = lobpcg(projected_hamiltonian, guess, largest=False,
/home/erosanow_hpc/informed_swapping/BARK.py:156: UserWarning: Exited at iteration 50 with accuracies 
[6.11368744e-09]
not reaching the requested tolerance 1e-09.
Use iteration 51 instead with accuracy 
6.113687439143512e-09.

  values, vectors = lobpcg(projected_hamiltonian, guess, largest=False,
/home/erosanow_hpc/informed_swapping/BARK.py:156: UserWarning: Exited postprocessing with accuracies 
[6.1136877e-09]
not reaching the requested tolerance 1e-09.
  values, vectors = lobpcg(projected_hamiltonian, guess, largest=False,
/home/erosanow_hpc/informed_swapping/BARK.py:156: UserWarning: Exited at iteration 50 with accuracies 
[7.33523238e-09]
not reaching the requested tolerance 1e-09.
Use iteration 51 instead with accuracy 
7.335232379131536e-09.

  values, vectors = lobpcg(projected_hamiltonian, guess, largest=False,
/home/erosanow_hpc/informed_swapping/BARK.py:156: UserWarning: Exited postprocessing with accuracies 
[7.3352322e-09]
not reaching the requested tolerance 1e-09.
  values, vectors = lobpcg(projected_hamiltonian, guess, largest=False,
/home/erosanow_hpc/informed_swapping/BARK.py:156: UserWarning: Exited at iteration 50 with accuracies 
[6.74894962e-09]
not reaching the requested tolerance 1e-09.
Use iteration 51 instead with accuracy 
6.748949623670975e-09.

  values, vectors = lobpcg(projected_hamiltonian, guess, largest=False,
/home/erosanow_hpc/informed_swapping/BARK.py:156: UserWarning: Exited postprocessing with accuracies 
[6.74894958e-09]
not reaching the requested tolerance 1e-09.
  values, vectors = lobpcg(projected_hamiltonian, guess, largest=False,
/home/erosanow_hpc/informed_swapping/BARK.py:156: UserWarning: Exited at iteration 50 with accuracies 
[1.35614454e-08]
not reaching the requested tolerance 1e-09.
Use iteration 51 instead with accuracy 
1.3561445447561177e-08.

  values, vectors = lobpcg(projected_hamiltonian, guess, largest=False,
/home/erosanow_hpc/informed_swapping/BARK.py:156: UserWarning: Exited postprocessing with accuracies 
[1.35614448e-08]
not reaching the requested tolerance 1e-09.
  values, vectors = lobpcg(projected_hamiltonian, guess, largest=False,
/home/erosanow_hpc/informed_swapping/BARK.py:156: UserWarning: Exited at iteration 50 with accuracies 
[7.54259181e-09]
not reaching the requested tolerance 1e-09.
Use iteration 51 instead with accuracy 
7.542591810773856e-09.

  values, vectors = lobpcg(projected_hamiltonian, guess, largest=False,
/home/erosanow_hpc/informed_swapping/BARK.py:156: UserWarning: Exited postprocessing with accuracies 
[7.54259181e-09]
not reaching the requested tolerance 1e-09.
  values, vectors = lobpcg(projected_hamiltonian, guess, largest=False,
/home/erosanow_hpc/informed_swapping/BARK.py:156: UserWarning: Exited at iteration 50 with accuracies 
[9.14552425e-09]
not reaching the requested tolerance 1e-09.
Use iteration 51 instead with accuracy 
9.145524246493859e-09.

  values, vectors = lobpcg(projected_hamiltonian, guess, largest=False,
/home/erosanow_hpc/informed_swapping/BARK.py:156: UserWarning: Exited postprocessing with accuracies 
[9.14552398e-09]
not reaching the requested tolerance 1e-09.
  values, vectors = lobpcg(projected_hamiltonian, guess, largest=False,
/home/erosanow_hpc/informed_swapping/BARK.py:156: UserWarning: Exited at iteration 50 with accuracies 
[9.4034144e-09]
not reaching the requested tolerance 1e-09.
Use iteration 51 instead with accuracy 
9.403414398594099e-09.

  values, vectors = lobpcg(projected_hamiltonian, guess, largest=False,
/home/erosanow_hpc/informed_swapping/BARK.py:156: UserWarning: Exited postprocessing with accuracies 
[9.40341501e-09]
not reaching the requested tolerance 1e-09.
  values, vectors = lobpcg(projected_hamiltonian, guess, largest=False,
/home/erosanow_hpc/informed_swapping/BARK.py:156: UserWarning: Exited at iteration 50 with accuracies 
[1.8464585e-08]
not reaching the requested tolerance 1e-09.
Use iteration 51 instead with accuracy 
1.846458501172242e-08.

  values, vectors = lobpcg(projected_hamiltonian, guess, largest=False,
/home/erosanow_hpc/informed_swapping/BARK.py:156: UserWarning: Exited postprocessing with accuracies 
[1.84645847e-08]
not reaching the requested tolerance 1e-09.
  values, vectors = lobpcg(projected_hamiltonian, guess, largest=False,
/home/erosanow_hpc/informed_swapping/BARK.py:156: UserWarning: Exited at iteration 50 with accuracies 
[6.61615354e-09]
not reaching the requested tolerance 1e-09.
Use iteration 51 instead with accuracy 
6.616153540842348e-09.

  values, vectors = lobpcg(projected_hamiltonian, guess, largest=False,
/home/erosanow_hpc/informed_swapping/BARK.py:156: UserWarning: Exited postprocessing with accuracies 
[6.61615344e-09]
not reaching the requested tolerance 1e-09.
  values, vectors = lobpcg(projected_hamiltonian, guess, largest=False,
/home/erosanow_hpc/informed_swapping/BARK.py:156: UserWarning: Exited at iteration 50 with accuracies 
[7.40363142e-09]
not reaching the requested tolerance 1e-09.
Use iteration 51 instead with accuracy 
7.4036314202687e-09.

  values, vectors = lobpcg(projected_hamiltonian, guess, largest=False,
/home/erosanow_hpc/informed_swapping/BARK.py:156: UserWarning: Exited postprocessing with accuracies 
[7.40363139e-09]
not reaching the requested tolerance 1e-09.
  values, vectors = lobpcg(projected_hamiltonian, guess, largest=False,
/home/erosanow_hpc/informed_swapping/BARK.py:156: UserWarning: Exited at iteration 50 with accuracies 
[7.08287505e-09]
not reaching the requested tolerance 1e-09.
Use iteration 51 instead with accuracy 
7.082875046096882e-09.

  values, vectors = lobpcg(projected_hamiltonian, guess, largest=False,
/home/erosanow_hpc/informed_swapping/BARK.py:156: UserWarning: Exited postprocessing with accuracies 
[7.08287505e-09]
not reaching the requested tolerance 1e-09.
  values, vectors = lobpcg(projected_hamiltonian, guess, largest=False,
/home/erosanow_hpc/informed_swapping/BARK.py:156: UserWarning: Exited at iteration 50 with accuracies 
[1.51149983e-08]
not reaching the requested tolerance 1e-09.
Use iteration 51 instead with accuracy 
1.5114998339980426e-08.

  values, vectors = lobpcg(projected_hamiltonian, guess, largest=False,
/home/erosanow_hpc/informed_swapping/BARK.py:156: UserWarning: Exited postprocessing with accuracies 
[1.51149987e-08]
not reaching the requested tolerance 1e-09.
  values, vectors = lobpcg(projected_hamiltonian, guess, largest=False,
/home/erosanow_hpc/informed_swapping/BARK.py:156: UserWarning: Exited at iteration 50 with accuracies 
[1.1008818e-08]
not reaching the requested tolerance 1e-09.
Use iteration 51 instead with accuracy 
1.1008818027153009e-08.

  values, vectors = lobpcg(projected_hamiltonian, guess, largest=False,
/home/erosanow_hpc/informed_swapping/BARK.py:156: UserWarning: Exited postprocessing with accuracies 
[1.10088178e-08]
not reaching the requested tolerance 1e-09.
  values, vectors = lobpcg(projected_hamiltonian, guess, largest=False,
/home/erosanow_hpc/informed_swapping/BARK.py:156: UserWarning: Exited at iteration 50 with accuracies 
[1.33321763e-08]
not reaching the requested tolerance 1e-09.
Use iteration 51 instead with accuracy 
1.3332176250602853e-08.

  values, vectors = lobpcg(projected_hamiltonian, guess, largest=False,
/home/erosanow_hpc/informed_swapping/BARK.py:156: UserWarning: Exited postprocessing with accuracies 
[1.33321757e-08]
not reaching the requested tolerance 1e-09.
  values, vectors = lobpcg(projected_hamiltonian, guess, largest=False,
/home/erosanow_hpc/informed_swapping/BARK.py:156: UserWarning: Exited at iteration 50 with accuracies 
[1.02363059e-08]
not reaching the requested tolerance 1e-09.
Use iteration 51 instead with accuracy 
1.0236305899208282e-08.

  values, vectors = lobpcg(projected_hamiltonian, guess, largest=False,
/home/erosanow_hpc/informed_swapping/BARK.py:156: UserWarning: Exited postprocessing with accuracies 
[1.02363062e-08]
not reaching the requested tolerance 1e-09.
  values, vectors = lobpcg(projected_hamiltonian, guess, largest=False,
/home/erosanow_hpc/informed_swapping/BARK.py:156: UserWarning: Exited at iteration 50 with accuracies 
[2.12824255e-08]
not reaching the requested tolerance 1e-09.
Use iteration 51 instead with accuracy 
2.1282425460679883e-08.

  values, vectors = lobpcg(projected_hamiltonian, guess, largest=False,
/home/erosanow_hpc/informed_swapping/BARK.py:156: UserWarning: Exited postprocessing with accuracies 
[2.12824252e-08]
not reaching the requested tolerance 1e-09.
  values, vectors = lobpcg(projected_hamiltonian, guess, largest=False,
/home/erosanow_hpc/informed_swapping/BARK.py:156: UserWarning: Exited at iteration 50 with accuracies 
[9.29336437e-09]
not reaching the requested tolerance 1e-09.
Use iteration 51 instead with accuracy 
9.293364371958304e-09.

  values, vectors = lobpcg(projected_hamiltonian, guess, largest=False,
/home/erosanow_hpc/informed_swapping/BARK.py:156: UserWarning: Exited postprocessing with accuracies 
[9.29336533e-09]
not reaching the requested tolerance 1e-09.
  values, vectors = lobpcg(projected_hamiltonian, guess, largest=False,
/home/erosanow_hpc/informed_swapping/BARK.py:156: UserWarning: Exited at iteration 50 with accuracies 
[1.10665919e-08]
not reaching the requested tolerance 1e-09.
Use iteration 51 instead with accuracy 
1.1066591918825221e-08.

  values, vectors = lobpcg(projected_hamiltonian, guess, largest=False,
/home/erosanow_hpc/informed_swapping/BARK.py:156: UserWarning: Exited postprocessing with accuracies 
[1.10665917e-08]
not reaching the requested tolerance 1e-09.
  values, vectors = lobpcg(projected_hamiltonian, guess, largest=False,
/home/erosanow_hpc/informed_swapping/BARK.py:156: UserWarning: Exited at iteration 50 with accuracies 
[1.06269466e-08]
not reaching the requested tolerance 1e-09.
Use iteration 51 instead with accuracy 
1.062694656921894e-08.

  values, vectors = lobpcg(projected_hamiltonian, guess, largest=False,
/home/erosanow_hpc/informed_swapping/BARK.py:156: UserWarning: Exited postprocessing with accuracies 
[1.06269464e-08]
not reaching the requested tolerance 1e-09.
  values, vectors = lobpcg(projected_hamiltonian, guess, largest=False,
/home/erosanow_hpc/informed_swapping/BARK.py:156: UserWarning: Exited at iteration 50 with accuracies 
[2.15067102e-08]
not reaching the requested tolerance 1e-09.
Use iteration 51 instead with accuracy 
2.1506710198163747e-08.

  values, vectors = lobpcg(projected_hamiltonian, guess, largest=False,
/home/erosanow_hpc/informed_swapping/BARK.py:156: UserWarning: Exited postprocessing with accuracies 
[2.15067099e-08]
not reaching the requested tolerance 1e-09.
  values, vectors = lobpcg(projected_hamiltonian, guess, largest=False,
/home/erosanow_hpc/informed_swapping/BARK.py:156: UserWarning: Exited at iteration 50 with accuracies 
[1.59832073e-08]
not reaching the requested tolerance 1e-09.
Use iteration 51 instead with accuracy 
1.598320733375768e-08.

  values, vectors = lobpcg(projected_hamiltonian, guess, largest=False,
/home/erosanow_hpc/informed_swapping/BARK.py:156: UserWarning: Exited postprocessing with accuracies 
[1.59832072e-08]
not reaching the requested tolerance 1e-09.
  values, vectors = lobpcg(projected_hamiltonian, guess, largest=False,
/home/erosanow_hpc/informed_swapping/BARK.py:156: UserWarning: Exited at iteration 50 with accuracies 
[2.0439831e-08]
not reaching the requested tolerance 1e-09.
Use iteration 51 instead with accuracy 
2.0439830962443054e-08.

  values, vectors = lobpcg(projected_hamiltonian, guess, largest=False,
/home/erosanow_hpc/informed_swapping/BARK.py:156: UserWarning: Exited postprocessing with accuracies 
[2.04398306e-08]
not reaching the requested tolerance 1e-09.
  values, vectors = lobpcg(projected_hamiltonian, guess, largest=False,
/home/erosanow_hpc/informed_swapping/BARK.py:156: UserWarning: Exited at iteration 50 with accuracies 
[1.57274343e-08]
not reaching the requested tolerance 1e-09.
Use iteration 51 instead with accuracy 
1.5727434270191865e-08.

  values, vectors = lobpcg(projected_hamiltonian, guess, largest=False,
/home/erosanow_hpc/informed_swapping/BARK.py:156: UserWarning: Exited postprocessing with accuracies 
[1.57274345e-08]
not reaching the requested tolerance 1e-09.
  values, vectors = lobpcg(projected_hamiltonian, guess, largest=False,
/home/erosanow_hpc/informed_swapping/BARK.py:156: UserWarning: Exited at iteration 50 with accuracies 
[3.12919546e-08]
not reaching the requested tolerance 1e-09.
Use iteration 51 instead with accuracy 
3.129195457224264e-08.

  values, vectors = lobpcg(projected_hamiltonian, guess, largest=False,
/home/erosanow_hpc/informed_swapping/BARK.py:156: UserWarning: Exited postprocessing with accuracies 
[3.12919539e-08]
not reaching the requested tolerance 1e-09.
  values, vectors = lobpcg(projected_hamiltonian, guess, largest=False,
/home/erosanow_hpc/informed_swapping/BARK.py:156: UserWarning: Exited at iteration 50 with accuracies 
[5.11807924e-09]
not reaching the requested tolerance 1e-09.
Use iteration 51 instead with accuracy 
5.118079242489195e-09.

  values, vectors = lobpcg(projected_hamiltonian, guess, largest=False,
/home/erosanow_hpc/informed_swapping/BARK.py:156: UserWarning: Exited postprocessing with accuracies 
[5.11807915e-09]
not reaching the requested tolerance 1e-09.
  values, vectors = lobpcg(projected_hamiltonian, guess, largest=False,
/home/erosanow_hpc/informed_swapping/BARK.py:156: UserWarning: Exited at iteration 50 with accuracies 
[8.05470447e-09]
not reaching the requested tolerance 1e-09.
Use iteration 51 instead with accuracy 
8.054704468421909e-09.

  values, vectors = lobpcg(projected_hamiltonian, guess, largest=False,
/home/erosanow_hpc/informed_swapping/BARK.py:156: UserWarning: Exited postprocessing with accuracies 
[8.05470492e-09]
not reaching the requested tolerance 1e-09.
  values, vectors = lobpcg(projected_hamiltonian, guess, largest=False,
/home/erosanow_hpc/informed_swapping/BARK.py:156: UserWarning: Exited at iteration 50 with accuracies 
[1.31206415e-08]
not reaching the requested tolerance 1e-09.
Use iteration 51 instead with accuracy 
1.3120641492259204e-08.

  values, vectors = lobpcg(projected_hamiltonian, guess, largest=False,
/home/erosanow_hpc/informed_swapping/BARK.py:156: UserWarning: Exited postprocessing with accuracies 
[1.31206413e-08]
not reaching the requested tolerance 1e-09.
  values, vectors = lobpcg(projected_hamiltonian, guess, largest=False,
/home/erosanow_hpc/informed_swapping/BARK.py:156: UserWarning: Exited at iteration 50 with accuracies 
[1.73397878e-08]
not reaching the requested tolerance 1e-09.
Use iteration 51 instead with accuracy 
1.7339787772129423e-08.

  values, vectors = lobpcg(projected_hamiltonian, guess, largest=False,
/home/erosanow_hpc/informed_swapping/BARK.py:156: UserWarning: Exited postprocessing with accuracies 
[1.7339788e-08]
not reaching the requested tolerance 1e-09.
  values, vectors = lobpcg(projected_hamiltonian, guess, largest=False,
/home/erosanow_hpc/informed_swapping/BARK.py:156: UserWarning: Exited at iteration 50 with accuracies 
[1.14658773e-08]
not reaching the requested tolerance 1e-09.
Use iteration 51 instead with accuracy 
1.146587726067054e-08.

  values, vectors = lobpcg(projected_hamiltonian, guess, largest=False,
/home/erosanow_hpc/informed_swapping/BARK.py:156: UserWarning: Exited postprocessing with accuracies 
[1.14658775e-08]
not reaching the requested tolerance 1e-09.
  values, vectors = lobpcg(projected_hamiltonian, guess, largest=False,
/home/erosanow_hpc/informed_swapping/BARK.py:156: UserWarning: Exited at iteration 50 with accuracies 
[1.43714281e-08]
not reaching the requested tolerance 1e-09.
Use iteration 51 instead with accuracy 
1.4371428116547061e-08.

  values, vectors = lobpcg(projected_hamiltonian, guess, largest=False,
/home/erosanow_hpc/informed_swapping/BARK.py:156: UserWarning: Exited postprocessing with accuracies 
[1.4371428e-08]
not reaching the requested tolerance 1e-09.
  values, vectors = lobpcg(projected_hamiltonian, guess, largest=False,
/home/erosanow_hpc/informed_swapping/BARK.py:156: UserWarning: Exited at iteration 50 with accuracies 
[1.49885579e-08]
not reaching the requested tolerance 1e-09.
Use iteration 51 instead with accuracy 
1.498855789958972e-08.

  values, vectors = lobpcg(projected_hamiltonian, guess, largest=False,
/home/erosanow_hpc/informed_swapping/BARK.py:156: UserWarning: Exited postprocessing with accuracies 
[1.49885585e-08]
not reaching the requested tolerance 1e-09.
  values, vectors = lobpcg(projected_hamiltonian, guess, largest=False,
/home/erosanow_hpc/informed_swapping/BARK.py:156: UserWarning: Exited at iteration 50 with accuracies 
[2.98737136e-08]
not reaching the requested tolerance 1e-09.
Use iteration 51 instead with accuracy 
2.98737135997157e-08.

  values, vectors = lobpcg(projected_hamiltonian, guess, largest=False,
/home/erosanow_hpc/informed_swapping/BARK.py:156: UserWarning: Exited postprocessing with accuracies 
[2.98737133e-08]
not reaching the requested tolerance 1e-09.
  values, vectors = lobpcg(projected_hamiltonian, guess, largest=False,
/home/erosanow_hpc/informed_swapping/BARK.py:156: UserWarning: Exited at iteration 50 with accuracies 
[1.39734441e-08]
not reaching the requested tolerance 1e-09.
Use iteration 51 instead with accuracy 
1.3973444057660355e-08.

  values, vectors = lobpcg(projected_hamiltonian, guess, largest=False,
/home/erosanow_hpc/informed_swapping/BARK.py:156: UserWarning: Exited postprocessing with accuracies 
[1.39734443e-08]
not reaching the requested tolerance 1e-09.
  values, vectors = lobpcg(projected_hamiltonian, guess, largest=False,
/home/erosanow_hpc/informed_swapping/BARK.py:156: UserWarning: Exited at iteration 50 with accuracies 
[1.71757443e-08]
not reaching the requested tolerance 1e-09.
Use iteration 51 instead with accuracy 
1.7175744286022286e-08.

  values, vectors = lobpcg(projected_hamiltonian, guess, largest=False,
/home/erosanow_hpc/informed_swapping/BARK.py:156: UserWarning: Exited postprocessing with accuracies 
[1.71757439e-08]
not reaching the requested tolerance 1e-09.
  values, vectors = lobpcg(projected_hamiltonian, guess, largest=False,
/home/erosanow_hpc/informed_swapping/BARK.py:156: UserWarning: Exited at iteration 50 with accuracies 
[1.54539545e-08]
not reaching the requested tolerance 1e-09.
Use iteration 51 instead with accuracy 
1.5453954472196154e-08.

  values, vectors = lobpcg(projected_hamiltonian, guess, largest=False,
/home/erosanow_hpc/informed_swapping/BARK.py:156: UserWarning: Exited postprocessing with accuracies 
[1.54539542e-08]
not reaching the requested tolerance 1e-09.
  values, vectors = lobpcg(projected_hamiltonian, guess, largest=False,
/home/erosanow_hpc/informed_swapping/BARK.py:156: UserWarning: Exited at iteration 50 with accuracies 
[3.19259375e-08]
not reaching the requested tolerance 1e-09.
Use iteration 51 instead with accuracy 
3.192593745693413e-08.

  values, vectors = lobpcg(projected_hamiltonian, guess, largest=False,
/home/erosanow_hpc/informed_swapping/BARK.py:156: UserWarning: Exited postprocessing with accuracies 
[3.1925937e-08]
not reaching the requested tolerance 1e-09.
  values, vectors = lobpcg(projected_hamiltonian, guess, largest=False,
/home/erosanow_hpc/informed_swapping/BARK.py:156: UserWarning: Exited at iteration 50 with accuracies 
[1.7536401e-08]
not reaching the requested tolerance 1e-09.
Use iteration 51 instead with accuracy 
1.753640098972403e-08.

  values, vectors = lobpcg(projected_hamiltonian, guess, largest=False,
/home/erosanow_hpc/informed_swapping/BARK.py:156: UserWarning: Exited postprocessing with accuracies 
[1.75364012e-08]
not reaching the requested tolerance 1e-09.
  values, vectors = lobpcg(projected_hamiltonian, guess, largest=False,
/home/erosanow_hpc/informed_swapping/BARK.py:156: UserWarning: Exited at iteration 50 with accuracies 
[2.6252973e-08]
not reaching the requested tolerance 1e-09.
Use iteration 51 instead with accuracy 
2.6252972952634293e-08.

  values, vectors = lobpcg(projected_hamiltonian, guess, largest=False,
/home/erosanow_hpc/informed_swapping/BARK.py:156: UserWarning: Exited postprocessing with accuracies 
[2.62529728e-08]
not reaching the requested tolerance 1e-09.
  values, vectors = lobpcg(projected_hamiltonian, guess, largest=False,
/home/erosanow_hpc/informed_swapping/BARK.py:156: UserWarning: Exited at iteration 50 with accuracies 
[2.61307478e-08]
not reaching the requested tolerance 1e-09.
Use iteration 51 instead with accuracy 
2.6130747757090833e-08.

  values, vectors = lobpcg(projected_hamiltonian, guess, largest=False,
/home/erosanow_hpc/informed_swapping/BARK.py:156: UserWarning: Exited postprocessing with accuracies 
[2.61307475e-08]
not reaching the requested tolerance 1e-09.
  values, vectors = lobpcg(projected_hamiltonian, guess, largest=False,
/home/erosanow_hpc/informed_swapping/BARK.py:156: UserWarning: Exited at iteration 50 with accuracies 
[3.61138901e-08]
not reaching the requested tolerance 1e-09.
Use iteration 51 instead with accuracy 
3.6113890091593285e-08.

  values, vectors = lobpcg(projected_hamiltonian, guess, largest=False,
/home/erosanow_hpc/informed_swapping/BARK.py:156: UserWarning: Exited postprocessing with accuracies 
[3.61138901e-08]
not reaching the requested tolerance 1e-09.
  values, vectors = lobpcg(projected_hamiltonian, guess, largest=False,
/home/erosanow_hpc/informed_swapping/BARK.py:156: UserWarning: Exited at iteration 50 with accuracies 
[9.3411164e-09]
not reaching the requested tolerance 1e-09.
Use iteration 51 instead with accuracy 
9.341116395539147e-09.

  values, vectors = lobpcg(projected_hamiltonian, guess, largest=False,
/home/erosanow_hpc/informed_swapping/BARK.py:156: UserWarning: Exited postprocessing with accuracies 
[9.34111661e-09]
not reaching the requested tolerance 1e-09.
  values, vectors = lobpcg(projected_hamiltonian, guess, largest=False,
/home/erosanow_hpc/informed_swapping/BARK.py:156: UserWarning: Exited at iteration 50 with accuracies 
[1.96327913e-08]
not reaching the requested tolerance 1e-09.
Use iteration 51 instead with accuracy 
1.963279126911777e-08.

  values, vectors = lobpcg(projected_hamiltonian, guess, largest=False,
/home/erosanow_hpc/informed_swapping/BARK.py:156: UserWarning: Exited postprocessing with accuracies 
[1.9632791e-08]
not reaching the requested tolerance 1e-09.
  values, vectors = lobpcg(projected_hamiltonian, guess, largest=False,
/home/erosanow_hpc/informed_swapping/BARK.py:156: UserWarning: Exited at iteration 50 with accuracies 
[1.88952658e-08]
not reaching the requested tolerance 1e-09.
Use iteration 51 instead with accuracy 
1.889526582880422e-08.

  values, vectors = lobpcg(projected_hamiltonian, guess, largest=False,
/home/erosanow_hpc/informed_swapping/BARK.py:156: UserWarning: Exited postprocessing with accuracies 
[1.88952659e-08]
not reaching the requested tolerance 1e-09.
  values, vectors = lobpcg(projected_hamiltonian, guess, largest=False,
/home/erosanow_hpc/informed_swapping/BARK.py:156: UserWarning: Exited at iteration 50 with accuracies 
[2.43787298e-08]
not reaching the requested tolerance 1e-09.
Use iteration 51 instead with accuracy 
2.437872976387895e-08.

  values, vectors = lobpcg(projected_hamiltonian, guess, largest=False,
/home/erosanow_hpc/informed_swapping/BARK.py:156: UserWarning: Exited postprocessing with accuracies 
[2.43787298e-08]
not reaching the requested tolerance 1e-09.
  values, vectors = lobpcg(projected_hamiltonian, guess, largest=False,
/home/erosanow_hpc/informed_swapping/BARK.py:156: UserWarning: Exited at iteration 50 with accuracies 
[1.7554639e-08]
not reaching the requested tolerance 1e-09.
Use iteration 51 instead with accuracy 
1.7554639023325522e-08.

  values, vectors = lobpcg(projected_hamiltonian, guess, largest=False,
/home/erosanow_hpc/informed_swapping/BARK.py:156: UserWarning: Exited postprocessing with accuracies 
[1.7554639e-08]
not reaching the requested tolerance 1e-09.
  values, vectors = lobpcg(projected_hamiltonian, guess, largest=False,
/home/erosanow_hpc/informed_swapping/BARK.py:156: UserWarning: Exited at iteration 50 with accuracies 
[3.51642406e-08]
not reaching the requested tolerance 1e-09.
Use iteration 51 instead with accuracy 
3.516424061179516e-08.

  values, vectors = lobpcg(projected_hamiltonian, guess, largest=False,
/home/erosanow_hpc/informed_swapping/BARK.py:156: UserWarning: Exited postprocessing with accuracies 
[3.51642412e-08]
not reaching the requested tolerance 1e-09.
  values, vectors = lobpcg(projected_hamiltonian, guess, largest=False,
/home/erosanow_hpc/informed_swapping/BARK.py:156: UserWarning: Exited at iteration 50 with accuracies 
[2.79343262e-08]
not reaching the requested tolerance 1e-09.
Use iteration 51 instead with accuracy 
2.7934326216486032e-08.

  values, vectors = lobpcg(projected_hamiltonian, guess, largest=False,
/home/erosanow_hpc/informed_swapping/BARK.py:156: UserWarning: Exited postprocessing with accuracies 
[2.79343262e-08]
not reaching the requested tolerance 1e-09.
  values, vectors = lobpcg(projected_hamiltonian, guess, largest=False,
/home/erosanow_hpc/informed_swapping/BARK.py:156: UserWarning: Exited at iteration 50 with accuracies 
[3.71889132e-08]
not reaching the requested tolerance 1e-09.
Use iteration 51 instead with accuracy 
3.718891315187476e-08.

  values, vectors = lobpcg(projected_hamiltonian, guess, largest=False,
/home/erosanow_hpc/informed_swapping/BARK.py:156: UserWarning: Exited postprocessing with accuracies 
[3.71889133e-08]
not reaching the requested tolerance 1e-09.
  values, vectors = lobpcg(projected_hamiltonian, guess, largest=False,
/home/erosanow_hpc/informed_swapping/BARK.py:156: UserWarning: Exited at iteration 50 with accuracies 
[1.54441864e-08]
not reaching the requested tolerance 1e-09.
Use iteration 51 instead with accuracy 
1.544418643643496e-08.

  values, vectors = lobpcg(projected_hamiltonian, guess, largest=False,
/home/erosanow_hpc/informed_swapping/BARK.py:156: UserWarning: Exited postprocessing with accuracies 
[1.54441869e-08]
not reaching the requested tolerance 1e-09.
  values, vectors = lobpcg(projected_hamiltonian, guess, largest=False,
/home/erosanow_hpc/informed_swapping/BARK.py:156: UserWarning: Exited at iteration 50 with accuracies 
[2.96554687e-08]
not reaching the requested tolerance 1e-09.
Use iteration 51 instead with accuracy 
2.9655468667215135e-08.

  values, vectors = lobpcg(projected_hamiltonian, guess, largest=False,
/home/erosanow_hpc/informed_swapping/BARK.py:156: UserWarning: Exited postprocessing with accuracies 
[2.96554684e-08]
not reaching the requested tolerance 1e-09.
  values, vectors = lobpcg(projected_hamiltonian, guess, largest=False,
/home/erosanow_hpc/informed_swapping/BARK.py:156: UserWarning: Exited at iteration 50 with accuracies 
[2.99232489e-08]
not reaching the requested tolerance 1e-09.
Use iteration 51 instead with accuracy 
2.99232489059497e-08.

  values, vectors = lobpcg(projected_hamiltonian, guess, largest=False,
/home/erosanow_hpc/informed_swapping/BARK.py:156: UserWarning: Exited postprocessing with accuracies 
[2.9923249e-08]
not reaching the requested tolerance 1e-09.
  values, vectors = lobpcg(projected_hamiltonian, guess, largest=False,
/home/erosanow_hpc/informed_swapping/BARK.py:156: UserWarning: Exited at iteration 50 with accuracies 
[4.2037223e-08]
not reaching the requested tolerance 1e-09.
Use iteration 51 instead with accuracy 
4.203722298402617e-08.

  values, vectors = lobpcg(projected_hamiltonian, guess, largest=False,
/home/erosanow_hpc/informed_swapping/BARK.py:156: UserWarning: Exited postprocessing with accuracies 
[4.20372231e-08]
not reaching the requested tolerance 1e-09.
  values, vectors = lobpcg(projected_hamiltonian, guess, largest=False,
/home/erosanow_hpc/informed_swapping/BARK.py:156: UserWarning: Exited at iteration 50 with accuracies 
[2.79267378e-08]
not reaching the requested tolerance 1e-09.
Use iteration 51 instead with accuracy 
2.792673781377496e-08.

  values, vectors = lobpcg(projected_hamiltonian, guess, largest=False,
/home/erosanow_hpc/informed_swapping/BARK.py:156: UserWarning: Exited postprocessing with accuracies 
[2.7926738e-08]
not reaching the requested tolerance 1e-09.
  values, vectors = lobpcg(projected_hamiltonian, guess, largest=False,
/home/erosanow_hpc/informed_swapping/BARK.py:156: UserWarning: Exited at iteration 50 with accuracies 
[5.24334607e-08]
not reaching the requested tolerance 1e-09.
Use iteration 51 instead with accuracy 
5.243346069969723e-08.

  values, vectors = lobpcg(projected_hamiltonian, guess, largest=False,
/home/erosanow_hpc/informed_swapping/BARK.py:156: UserWarning: Exited postprocessing with accuracies 
[5.24334606e-08]
not reaching the requested tolerance 1e-09.
  values, vectors = lobpcg(projected_hamiltonian, guess, largest=False,
/home/erosanow_hpc/informed_swapping/BARK.py:156: UserWarning: Exited at iteration 50 with accuracies 
[4.91302809e-08]
not reaching the requested tolerance 1e-09.
Use iteration 51 instead with accuracy 
4.9130280885161573e-08.

  values, vectors = lobpcg(projected_hamiltonian, guess, largest=False,
/home/erosanow_hpc/informed_swapping/BARK.py:156: UserWarning: Exited postprocessing with accuracies 
[4.91302809e-08]
not reaching the requested tolerance 1e-09.
  values, vectors = lobpcg(projected_hamiltonian, guess, largest=False,
/home/erosanow_hpc/informed_swapping/BARK.py:156: UserWarning: Exited at iteration 50 with accuracies 
[7.2922841e-08]
not reaching the requested tolerance 1e-09.
Use iteration 51 instead with accuracy 
7.29228409529904e-08.

  values, vectors = lobpcg(projected_hamiltonian, guess, largest=False,
/home/erosanow_hpc/informed_swapping/BARK.py:156: UserWarning: Exited postprocessing with accuracies 
[7.29228403e-08]
not reaching the requested tolerance 1e-09.
  values, vectors = lobpcg(projected_hamiltonian, guess, largest=False,
/home/erosanow_hpc/informed_swapping/BARK.py:156: UserWarning: Exited at iteration 50 with accuracies 
[1.16537447e-08]
not reaching the requested tolerance 1e-09.
Use iteration 51 instead with accuracy 
1.1653744654448857e-08.

  values, vectors = lobpcg(projected_hamiltonian, guess, largest=False,
/home/erosanow_hpc/informed_swapping/BARK.py:156: UserWarning: Exited postprocessing with accuracies 
[1.16537441e-08]
not reaching the requested tolerance 1e-09.
  values, vectors = lobpcg(projected_hamiltonian, guess, largest=False,
/home/erosanow_hpc/informed_swapping/BARK.py:156: UserWarning: Exited at iteration 50 with accuracies 
[1.73399932e-08]
not reaching the requested tolerance 1e-09.
Use iteration 51 instead with accuracy 
1.733999316602615e-08.

  values, vectors = lobpcg(projected_hamiltonian, guess, largest=False,
/home/erosanow_hpc/informed_swapping/BARK.py:156: UserWarning: Exited postprocessing with accuracies 
[1.73399929e-08]
not reaching the requested tolerance 1e-09.
  values, vectors = lobpcg(projected_hamiltonian, guess, largest=False,
/home/erosanow_hpc/informed_swapping/BARK.py:156: UserWarning: Exited at iteration 50 with accuracies 
[1.65662556e-08]
not reaching the requested tolerance 1e-09.
Use iteration 51 instead with accuracy 
1.6566255572145215e-08.

  values, vectors = lobpcg(projected_hamiltonian, guess, largest=False,
/home/erosanow_hpc/informed_swapping/BARK.py:156: UserWarning: Exited postprocessing with accuracies 
[1.65662558e-08]
not reaching the requested tolerance 1e-09.
  values, vectors = lobpcg(projected_hamiltonian, guess, largest=False,
/home/erosanow_hpc/informed_swapping/BARK.py:156: UserWarning: Exited at iteration 50 with accuracies 
[2.26406889e-08]
not reaching the requested tolerance 1e-09.
Use iteration 51 instead with accuracy 
2.26406889068014e-08.

  values, vectors = lobpcg(projected_hamiltonian, guess, largest=False,
/home/erosanow_hpc/informed_swapping/BARK.py:156: UserWarning: Exited postprocessing with accuracies 
[2.26406894e-08]
not reaching the requested tolerance 1e-09.
  values, vectors = lobpcg(projected_hamiltonian, guess, largest=False,
/home/erosanow_hpc/informed_swapping/BARK.py:156: UserWarning: Exited at iteration 50 with accuracies 
[1.29936464e-08]
not reaching the requested tolerance 1e-09.
Use iteration 51 instead with accuracy 
1.2993646413348124e-08.

  values, vectors = lobpcg(projected_hamiltonian, guess, largest=False,
/home/erosanow_hpc/informed_swapping/BARK.py:156: UserWarning: Exited postprocessing with accuracies 
[1.29936467e-08]
not reaching the requested tolerance 1e-09.
  values, vectors = lobpcg(projected_hamiltonian, guess, largest=False,
/home/erosanow_hpc/informed_swapping/BARK.py:156: UserWarning: Exited at iteration 50 with accuracies 
[2.62758126e-08]
not reaching the requested tolerance 1e-09.
Use iteration 51 instead with accuracy 
2.6275812552927424e-08.

  values, vectors = lobpcg(projected_hamiltonian, guess, largest=False,
/home/erosanow_hpc/informed_swapping/BARK.py:156: UserWarning: Exited postprocessing with accuracies 
[2.62758121e-08]
not reaching the requested tolerance 1e-09.
  values, vectors = lobpcg(projected_hamiltonian, guess, largest=False,
/home/erosanow_hpc/informed_swapping/BARK.py:156: UserWarning: Exited at iteration 50 with accuracies 
[2.45174439e-08]
not reaching the requested tolerance 1e-09.
Use iteration 51 instead with accuracy 
2.4517443863200248e-08.

  values, vectors = lobpcg(projected_hamiltonian, guess, largest=False,
/home/erosanow_hpc/informed_swapping/BARK.py:156: UserWarning: Exited postprocessing with accuracies 
[2.45174439e-08]
not reaching the requested tolerance 1e-09.
  values, vectors = lobpcg(projected_hamiltonian, guess, largest=False,
/home/erosanow_hpc/informed_swapping/BARK.py:156: UserWarning: Exited at iteration 50 with accuracies 
[3.23500252e-08]
not reaching the requested tolerance 1e-09.
Use iteration 51 instead with accuracy 
3.2350025184546145e-08.

  values, vectors = lobpcg(projected_hamiltonian, guess, largest=False,
/home/erosanow_hpc/informed_swapping/BARK.py:156: UserWarning: Exited postprocessing with accuracies 
[3.23500254e-08]
not reaching the requested tolerance 1e-09.
  values, vectors = lobpcg(projected_hamiltonian, guess, largest=False,
/home/erosanow_hpc/informed_swapping/BARK.py:156: UserWarning: Exited at iteration 50 with accuracies 
[1.42219994e-08]
not reaching the requested tolerance 1e-09.
Use iteration 51 instead with accuracy 
1.4221999438903229e-08.

  values, vectors = lobpcg(projected_hamiltonian, guess, largest=False,
/home/erosanow_hpc/informed_swapping/BARK.py:156: UserWarning: Exited postprocessing with accuracies 
[1.42219998e-08]
not reaching the requested tolerance 1e-09.
  values, vectors = lobpcg(projected_hamiltonian, guess, largest=False,
/home/erosanow_hpc/informed_swapping/BARK.py:156: UserWarning: Exited at iteration 50 with accuracies 
[2.19541859e-08]
not reaching the requested tolerance 1e-09.
Use iteration 51 instead with accuracy 
2.195418591376106e-08.

  values, vectors = lobpcg(projected_hamiltonian, guess, largest=False,
/home/erosanow_hpc/informed_swapping/BARK.py:156: UserWarning: Exited postprocessing with accuracies 
[2.19541859e-08]
not reaching the requested tolerance 1e-09.
  values, vectors = lobpcg(projected_hamiltonian, guess, largest=False,
/home/erosanow_hpc/informed_swapping/BARK.py:156: UserWarning: Exited at iteration 50 with accuracies 
[3.22749509e-08]
not reaching the requested tolerance 1e-09.
Use iteration 51 instead with accuracy 
3.2274950881960126e-08.

  values, vectors = lobpcg(projected_hamiltonian, guess, largest=False,
/home/erosanow_hpc/informed_swapping/BARK.py:156: UserWarning: Exited postprocessing with accuracies 
[3.22749507e-08]
not reaching the requested tolerance 1e-09.
  values, vectors = lobpcg(projected_hamiltonian, guess, largest=False,
/home/erosanow_hpc/informed_swapping/BARK.py:156: UserWarning: Exited at iteration 50 with accuracies 
[4.35095556e-08]
not reaching the requested tolerance 1e-09.
Use iteration 51 instead with accuracy 
4.3509555625034576e-08.

  values, vectors = lobpcg(projected_hamiltonian, guess, largest=False,
/home/erosanow_hpc/informed_swapping/BARK.py:156: UserWarning: Exited postprocessing with accuracies 
[4.35095548e-08]
not reaching the requested tolerance 1e-09.
  values, vectors = lobpcg(projected_hamiltonian, guess, largest=False,
/home/erosanow_hpc/informed_swapping/BARK.py:156: UserWarning: Exited at iteration 50 with accuracies 
[2.56249174e-08]
not reaching the requested tolerance 1e-09.
Use iteration 51 instead with accuracy 
2.5624917364852186e-08.

  values, vectors = lobpcg(projected_hamiltonian, guess, largest=False,
/home/erosanow_hpc/informed_swapping/BARK.py:156: UserWarning: Exited postprocessing with accuracies 
[2.5624917e-08]
not reaching the requested tolerance 1e-09.
  values, vectors = lobpcg(projected_hamiltonian, guess, largest=False,
/home/erosanow_hpc/informed_swapping/BARK.py:156: UserWarning: Exited at iteration 50 with accuracies 
[3.56358555e-08]
not reaching the requested tolerance 1e-09.
Use iteration 51 instead with accuracy 
3.5635855530667404e-08.

  values, vectors = lobpcg(projected_hamiltonian, guess, largest=False,
/home/erosanow_hpc/informed_swapping/BARK.py:156: UserWarning: Exited postprocessing with accuracies 
[3.56358555e-08]
not reaching the requested tolerance 1e-09.
  values, vectors = lobpcg(projected_hamiltonian, guess, largest=False,
/home/erosanow_hpc/informed_swapping/BARK.py:156: UserWarning: Exited at iteration 50 with accuracies 
[3.33304935e-08]
not reaching the requested tolerance 1e-09.
Use iteration 51 instead with accuracy 
3.333049352423426e-08.

  values, vectors = lobpcg(projected_hamiltonian, guess, largest=False,
/home/erosanow_hpc/informed_swapping/BARK.py:156: UserWarning: Exited postprocessing with accuracies 
[3.33304937e-08]
not reaching the requested tolerance 1e-09.
  values, vectors = lobpcg(projected_hamiltonian, guess, largest=False,
/home/erosanow_hpc/informed_swapping/BARK.py:156: UserWarning: Exited at iteration 50 with accuracies 
[6.14743064e-08]
not reaching the requested tolerance 1e-09.
Use iteration 51 instead with accuracy 
6.14743064396421e-08.

  values, vectors = lobpcg(projected_hamiltonian, guess, largest=False,
/home/erosanow_hpc/informed_swapping/BARK.py:156: UserWarning: Exited postprocessing with accuracies 
[6.14743065e-08]
not reaching the requested tolerance 1e-09.
  values, vectors = lobpcg(projected_hamiltonian, guess, largest=False,
/home/erosanow_hpc/informed_swapping/BARK.py:156: UserWarning: Exited at iteration 50 with accuracies 
[1.46514937e-08]
not reaching the requested tolerance 1e-09.
Use iteration 51 instead with accuracy 
1.4651493737217907e-08.

  values, vectors = lobpcg(projected_hamiltonian, guess, largest=False,
/home/erosanow_hpc/informed_swapping/BARK.py:156: UserWarning: Exited postprocessing with accuracies 
[1.4651494e-08]
not reaching the requested tolerance 1e-09.
  values, vectors = lobpcg(projected_hamiltonian, guess, largest=False,
/home/erosanow_hpc/informed_swapping/BARK.py:156: UserWarning: Exited at iteration 50 with accuracies 
[2.88794285e-08]
not reaching the requested tolerance 1e-09.
Use iteration 51 instead with accuracy 
2.887942852928059e-08.

  values, vectors = lobpcg(projected_hamiltonian, guess, largest=False,
/home/erosanow_hpc/informed_swapping/BARK.py:156: UserWarning: Exited postprocessing with accuracies 
[2.88794282e-08]
not reaching the requested tolerance 1e-09.
  values, vectors = lobpcg(projected_hamiltonian, guess, largest=False,
/home/erosanow_hpc/informed_swapping/BARK.py:156: UserWarning: Exited at iteration 50 with accuracies 
[3.0097298e-08]
not reaching the requested tolerance 1e-09.
Use iteration 51 instead with accuracy 
3.009729803366772e-08.

  values, vectors = lobpcg(projected_hamiltonian, guess, largest=False,
/home/erosanow_hpc/informed_swapping/BARK.py:156: UserWarning: Exited postprocessing with accuracies 
[3.00972979e-08]
not reaching the requested tolerance 1e-09.
  values, vectors = lobpcg(projected_hamiltonian, guess, largest=False,
/home/erosanow_hpc/informed_swapping/BARK.py:156: UserWarning: Exited at iteration 50 with accuracies 
[4.03542743e-08]
not reaching the requested tolerance 1e-09.
Use iteration 51 instead with accuracy 
4.0354274273740905e-08.

  values, vectors = lobpcg(projected_hamiltonian, guess, largest=False,
/home/erosanow_hpc/informed_swapping/BARK.py:156: UserWarning: Exited postprocessing with accuracies 
[4.0354274e-08]
not reaching the requested tolerance 1e-09.
  values, vectors = lobpcg(projected_hamiltonian, guess, largest=False,
/home/erosanow_hpc/informed_swapping/BARK.py:156: UserWarning: Exited at iteration 50 with accuracies 
[2.4530058e-08]
not reaching the requested tolerance 1e-09.
Use iteration 51 instead with accuracy 
2.4530057985011895e-08.

  values, vectors = lobpcg(projected_hamiltonian, guess, largest=False,
/home/erosanow_hpc/informed_swapping/BARK.py:156: UserWarning: Exited postprocessing with accuracies 
[2.45300574e-08]
not reaching the requested tolerance 1e-09.
  values, vectors = lobpcg(projected_hamiltonian, guess, largest=False,
/home/erosanow_hpc/informed_swapping/BARK.py:156: UserWarning: Exited at iteration 50 with accuracies 
[4.54703461e-08]
not reaching the requested tolerance 1e-09.
Use iteration 51 instead with accuracy 
4.5470346060518824e-08.

  values, vectors = lobpcg(projected_hamiltonian, guess, largest=False,
/home/erosanow_hpc/informed_swapping/BARK.py:156: UserWarning: Exited postprocessing with accuracies 
[4.54703463e-08]
not reaching the requested tolerance 1e-09.
  values, vectors = lobpcg(projected_hamiltonian, guess, largest=False,
/home/erosanow_hpc/informed_swapping/BARK.py:156: UserWarning: Exited at iteration 50 with accuracies 
[4.14475012e-08]
not reaching the requested tolerance 1e-09.
Use iteration 51 instead with accuracy 
4.144750116504169e-08.

  values, vectors = lobpcg(projected_hamiltonian, guess, largest=False,
/home/erosanow_hpc/informed_swapping/BARK.py:156: UserWarning: Exited postprocessing with accuracies 
[4.14475018e-08]
not reaching the requested tolerance 1e-09.
  values, vectors = lobpcg(projected_hamiltonian, guess, largest=False,
/home/erosanow_hpc/informed_swapping/BARK.py:156: UserWarning: Exited at iteration 50 with accuracies 
[5.96884886e-08]
not reaching the requested tolerance 1e-09.
Use iteration 51 instead with accuracy 
5.968848863573492e-08.

  values, vectors = lobpcg(projected_hamiltonian, guess, largest=False,
/home/erosanow_hpc/informed_swapping/BARK.py:156: UserWarning: Exited postprocessing with accuracies 
[5.96884888e-08]
not reaching the requested tolerance 1e-09.
  values, vectors = lobpcg(projected_hamiltonian, guess, largest=False,
/home/erosanow_hpc/informed_swapping/BARK.py:156: UserWarning: Exited at iteration 50 with accuracies 
[2.48576687e-08]
not reaching the requested tolerance 1e-09.
Use iteration 51 instead with accuracy 
2.485766868134043e-08.

  values, vectors = lobpcg(projected_hamiltonian, guess, largest=False,
/home/erosanow_hpc/informed_swapping/BARK.py:156: UserWarning: Exited postprocessing with accuracies 
[2.4857669e-08]
not reaching the requested tolerance 1e-09.
  values, vectors = lobpcg(projected_hamiltonian, guess, largest=False,
/home/erosanow_hpc/informed_swapping/BARK.py:156: UserWarning: Exited at iteration 50 with accuracies 
[4.48633357e-08]
not reaching the requested tolerance 1e-09.
Use iteration 51 instead with accuracy 
4.486333570273628e-08.

  values, vectors = lobpcg(projected_hamiltonian, guess, largest=False,
/home/erosanow_hpc/informed_swapping/BARK.py:156: UserWarning: Exited postprocessing with accuracies 
[4.4863336e-08]
not reaching the requested tolerance 1e-09.
  values, vectors = lobpcg(projected_hamiltonian, guess, largest=False,
/home/erosanow_hpc/informed_swapping/BARK.py:156: UserWarning: Exited at iteration 50 with accuracies 
[4.16391576e-08]
not reaching the requested tolerance 1e-09.
Use iteration 51 instead with accuracy 
4.163915761261256e-08.

  values, vectors = lobpcg(projected_hamiltonian, guess, largest=False,
/home/erosanow_hpc/informed_swapping/BARK.py:156: UserWarning: Exited postprocessing with accuracies 
[4.16391573e-08]
not reaching the requested tolerance 1e-09.
  values, vectors = lobpcg(projected_hamiltonian, guess, largest=False,
/home/erosanow_hpc/informed_swapping/BARK.py:156: UserWarning: Exited at iteration 50 with accuracies 
[6.07851631e-08]
not reaching the requested tolerance 1e-09.
Use iteration 51 instead with accuracy 
6.078516311315105e-08.

  values, vectors = lobpcg(projected_hamiltonian, guess, largest=False,
/home/erosanow_hpc/informed_swapping/BARK.py:156: UserWarning: Exited postprocessing with accuracies 
[6.07851627e-08]
not reaching the requested tolerance 1e-09.
  values, vectors = lobpcg(projected_hamiltonian, guess, largest=False,
/home/erosanow_hpc/informed_swapping/BARK.py:156: UserWarning: Exited at iteration 50 with accuracies 
[3.48488226e-08]
not reaching the requested tolerance 1e-09.
Use iteration 51 instead with accuracy 
3.4848822643881134e-08.

  values, vectors = lobpcg(projected_hamiltonian, guess, largest=False,
/home/erosanow_hpc/informed_swapping/BARK.py:156: UserWarning: Exited postprocessing with accuracies 
[3.48488227e-08]
not reaching the requested tolerance 1e-09.
  values, vectors = lobpcg(projected_hamiltonian, guess, largest=False,
/home/erosanow_hpc/informed_swapping/BARK.py:156: UserWarning: Exited at iteration 50 with accuracies 
[6.43600167e-08]
not reaching the requested tolerance 1e-09.
Use iteration 51 instead with accuracy 
6.436001674999765e-08.

  values, vectors = lobpcg(projected_hamiltonian, guess, largest=False,
/home/erosanow_hpc/informed_swapping/BARK.py:156: UserWarning: Exited postprocessing with accuracies 
[6.43600169e-08]
not reaching the requested tolerance 1e-09.
  values, vectors = lobpcg(projected_hamiltonian, guess, largest=False,
/home/erosanow_hpc/informed_swapping/BARK.py:156: UserWarning: Exited at iteration 50 with accuracies 
[6.66279184e-08]
not reaching the requested tolerance 1e-09.
Use iteration 51 instead with accuracy 
6.662791835433139e-08.

  values, vectors = lobpcg(projected_hamiltonian, guess, largest=False,
/home/erosanow_hpc/informed_swapping/BARK.py:156: UserWarning: Exited postprocessing with accuracies 
[6.66279184e-08]
not reaching the requested tolerance 1e-09.
  values, vectors = lobpcg(projected_hamiltonian, guess, largest=False,
/home/erosanow_hpc/informed_swapping/BARK.py:156: UserWarning: Exited at iteration 50 with accuracies 
[9.70755742e-08]
not reaching the requested tolerance 1e-09.
Use iteration 51 instead with accuracy 
9.707557423609006e-08.

  values, vectors = lobpcg(projected_hamiltonian, guess, largest=False,
/home/erosanow_hpc/informed_swapping/BARK.py:156: UserWarning: Exited postprocessing with accuracies 
[9.70755741e-08]
not reaching the requested tolerance 1e-09.
  values, vectors = lobpcg(projected_hamiltonian, guess, largest=False,
/home/erosanow_hpc/informed_swapping/BARK.py:156: UserWarning: Exited at iteration 50 with accuracies 
[1.7573676e-08]
not reaching the requested tolerance 1e-09.
Use iteration 51 instead with accuracy 
1.7573676046764777e-08.

  values, vectors = lobpcg(projected_hamiltonian, guess, largest=False,
/home/erosanow_hpc/informed_swapping/BARK.py:156: UserWarning: Exited postprocessing with accuracies 
[1.7573676e-08]
not reaching the requested tolerance 1e-09.
  values, vectors = lobpcg(projected_hamiltonian, guess, largest=False,
/home/erosanow_hpc/informed_swapping/BARK.py:156: UserWarning: Exited at iteration 50 with accuracies 
[3.41789538e-08]
not reaching the requested tolerance 1e-09.
Use iteration 51 instead with accuracy 
3.4178953830301875e-08.

  values, vectors = lobpcg(projected_hamiltonian, guess, largest=False,
/home/erosanow_hpc/informed_swapping/BARK.py:156: UserWarning: Exited postprocessing with accuracies 
[3.41789538e-08]
not reaching the requested tolerance 1e-09.
  values, vectors = lobpcg(projected_hamiltonian, guess, largest=False,
/home/erosanow_hpc/informed_swapping/BARK.py:156: UserWarning: Exited at iteration 50 with accuracies 
[2.71727465e-08]
not reaching the requested tolerance 1e-09.
Use iteration 51 instead with accuracy 
2.7172746546833873e-08.

  values, vectors = lobpcg(projected_hamiltonian, guess, largest=False,
/home/erosanow_hpc/informed_swapping/BARK.py:156: UserWarning: Exited postprocessing with accuracies 
[2.71727466e-08]
not reaching the requested tolerance 1e-09.
  values, vectors = lobpcg(projected_hamiltonian, guess, largest=False,
/home/erosanow_hpc/informed_swapping/BARK.py:156: UserWarning: Exited at iteration 50 with accuracies 
[5.00656463e-08]
not reaching the requested tolerance 1e-09.
Use iteration 51 instead with accuracy 
5.006564627522409e-08.

  values, vectors = lobpcg(projected_hamiltonian, guess, largest=False,
/home/erosanow_hpc/informed_swapping/BARK.py:156: UserWarning: Exited postprocessing with accuracies 
[5.00656464e-08]
not reaching the requested tolerance 1e-09.
  values, vectors = lobpcg(projected_hamiltonian, guess, largest=False,
/home/erosanow_hpc/informed_swapping/BARK.py:156: UserWarning: Exited at iteration 50 with accuracies 
[3.64033913e-08]
not reaching the requested tolerance 1e-09.
Use iteration 51 instead with accuracy 
3.640339131706393e-08.

  values, vectors = lobpcg(projected_hamiltonian, guess, largest=False,
/home/erosanow_hpc/informed_swapping/BARK.py:156: UserWarning: Exited postprocessing with accuracies 
[3.64033913e-08]
not reaching the requested tolerance 1e-09.
  values, vectors = lobpcg(projected_hamiltonian, guess, largest=False,
/home/erosanow_hpc/informed_swapping/BARK.py:156: UserWarning: Exited at iteration 50 with accuracies 
[5.16773752e-08]
not reaching the requested tolerance 1e-09.
Use iteration 51 instead with accuracy 
5.167737524190993e-08.

  values, vectors = lobpcg(projected_hamiltonian, guess, largest=False,
/home/erosanow_hpc/informed_swapping/BARK.py:156: UserWarning: Exited postprocessing with accuracies 
[5.16773755e-08]
not reaching the requested tolerance 1e-09.
  values, vectors = lobpcg(projected_hamiltonian, guess, largest=False,
/home/erosanow_hpc/informed_swapping/BARK.py:156: UserWarning: Exited at iteration 50 with accuracies 
[4.67226033e-08]
not reaching the requested tolerance 1e-09.
Use iteration 51 instead with accuracy 
4.6722603272841545e-08.

  values, vectors = lobpcg(projected_hamiltonian, guess, largest=False,
/home/erosanow_hpc/informed_swapping/BARK.py:156: UserWarning: Exited postprocessing with accuracies 
[4.67226029e-08]
not reaching the requested tolerance 1e-09.
  values, vectors = lobpcg(projected_hamiltonian, guess, largest=False,
/home/erosanow_hpc/informed_swapping/BARK.py:156: UserWarning: Exited at iteration 50 with accuracies 
[6.40657294e-08]
not reaching the requested tolerance 1e-09.
Use iteration 51 instead with accuracy 
6.40657294008787e-08.

  values, vectors = lobpcg(projected_hamiltonian, guess, largest=False,
/home/erosanow_hpc/informed_swapping/BARK.py:156: UserWarning: Exited postprocessing with accuracies 
[6.40657292e-08]
not reaching the requested tolerance 1e-09.
  values, vectors = lobpcg(projected_hamiltonian, guess, largest=False,
/home/erosanow_hpc/informed_swapping/BARK.py:156: UserWarning: Exited at iteration 50 with accuracies 
[2.73185031e-08]
not reaching the requested tolerance 1e-09.
Use iteration 51 instead with accuracy 
2.7318503072311165e-08.

  values, vectors = lobpcg(projected_hamiltonian, guess, largest=False,
/home/erosanow_hpc/informed_swapping/BARK.py:156: UserWarning: Exited postprocessing with accuracies 
[2.73185031e-08]
not reaching the requested tolerance 1e-09.
  values, vectors = lobpcg(projected_hamiltonian, guess, largest=False,
/home/erosanow_hpc/informed_swapping/BARK.py:156: UserWarning: Exited at iteration 50 with accuracies 
[4.18162472e-08]
not reaching the requested tolerance 1e-09.
Use iteration 51 instead with accuracy 
4.18162471974438e-08.

  values, vectors = lobpcg(projected_hamiltonian, guess, largest=False,
/home/erosanow_hpc/informed_swapping/BARK.py:156: UserWarning: Exited postprocessing with accuracies 
[4.18162477e-08]
not reaching the requested tolerance 1e-09.
  values, vectors = lobpcg(projected_hamiltonian, guess, largest=False,
/home/erosanow_hpc/informed_swapping/BARK.py:156: UserWarning: Exited at iteration 50 with accuracies 
[5.82128983e-08]
not reaching the requested tolerance 1e-09.
Use iteration 51 instead with accuracy 
5.8212898342366516e-08.

  values, vectors = lobpcg(projected_hamiltonian, guess, largest=False,
/home/erosanow_hpc/informed_swapping/BARK.py:156: UserWarning: Exited postprocessing with accuracies 
[5.82128984e-08]
not reaching the requested tolerance 1e-09.
  values, vectors = lobpcg(projected_hamiltonian, guess, largest=False,
/home/erosanow_hpc/informed_swapping/BARK.py:156: UserWarning: Exited at iteration 50 with accuracies 
[7.7757015e-08]
not reaching the requested tolerance 1e-09.
Use iteration 51 instead with accuracy 
7.775701502230184e-08.

  values, vectors = lobpcg(projected_hamiltonian, guess, largest=False,
/home/erosanow_hpc/informed_swapping/BARK.py:156: UserWarning: Exited postprocessing with accuracies 
[7.77570146e-08]
not reaching the requested tolerance 1e-09.
  values, vectors = lobpcg(projected_hamiltonian, guess, largest=False,
/home/erosanow_hpc/informed_swapping/BARK.py:156: UserWarning: Exited at iteration 50 with accuracies 
[4.38113292e-08]
not reaching the requested tolerance 1e-09.
Use iteration 51 instead with accuracy 
4.381132921085681e-08.

  values, vectors = lobpcg(projected_hamiltonian, guess, largest=False,
/home/erosanow_hpc/informed_swapping/BARK.py:156: UserWarning: Exited postprocessing with accuracies 
[4.38113295e-08]
not reaching the requested tolerance 1e-09.
  values, vectors = lobpcg(projected_hamiltonian, guess, largest=False,
/home/erosanow_hpc/informed_swapping/BARK.py:156: UserWarning: Exited at iteration 50 with accuracies 
[8.18667434e-08]
not reaching the requested tolerance 1e-09.
Use iteration 51 instead with accuracy 
8.186674335779231e-08.

  values, vectors = lobpcg(projected_hamiltonian, guess, largest=False,
/home/erosanow_hpc/informed_swapping/BARK.py:156: UserWarning: Exited postprocessing with accuracies 
[8.18667439e-08]
not reaching the requested tolerance 1e-09.
  values, vectors = lobpcg(projected_hamiltonian, guess, largest=False,
/home/erosanow_hpc/informed_swapping/BARK.py:156: UserWarning: Exited at iteration 50 with accuracies 
[8.59536686e-08]
not reaching the requested tolerance 1e-09.
Use iteration 51 instead with accuracy 
8.595366864296109e-08.

  values, vectors = lobpcg(projected_hamiltonian, guess, largest=False,
/home/erosanow_hpc/informed_swapping/BARK.py:156: UserWarning: Exited postprocessing with accuracies 
[8.59536687e-08]
not reaching the requested tolerance 1e-09.
  values, vectors = lobpcg(projected_hamiltonian, guess, largest=False,
/home/erosanow_hpc/informed_swapping/BARK.py:156: UserWarning: Exited at iteration 50 with accuracies 
[1.26256251e-07]
not reaching the requested tolerance 1e-09.
Use iteration 51 instead with accuracy 
1.2625625145507946e-07.

  values, vectors = lobpcg(projected_hamiltonian, guess, largest=False,
/home/erosanow_hpc/informed_swapping/BARK.py:156: UserWarning: Exited postprocessing with accuracies 
[1.26256252e-07]
not reaching the requested tolerance 1e-09.
  values, vectors = lobpcg(projected_hamiltonian, guess, largest=False,
/home/erosanow_hpc/informed_swapping/BARK.py:156: UserWarning: Exited at iteration 50 with accuracies 
[3.1553665e-08]
not reaching the requested tolerance 1e-09.
Use iteration 51 instead with accuracy 
3.15536650473041e-08.

  values, vectors = lobpcg(projected_hamiltonian, guess, largest=False,
/home/erosanow_hpc/informed_swapping/BARK.py:156: UserWarning: Exited postprocessing with accuracies 
[3.15536652e-08]
not reaching the requested tolerance 1e-09.
  values, vectors = lobpcg(projected_hamiltonian, guess, largest=False,
/home/erosanow_hpc/informed_swapping/BARK.py:156: UserWarning: Exited at iteration 50 with accuracies 
[5.88146151e-08]
not reaching the requested tolerance 1e-09.
Use iteration 51 instead with accuracy 
5.8814615078457235e-08.

  values, vectors = lobpcg(projected_hamiltonian, guess, largest=False,
/home/erosanow_hpc/informed_swapping/BARK.py:156: UserWarning: Exited postprocessing with accuracies 
[5.88146148e-08]
not reaching the requested tolerance 1e-09.
  values, vectors = lobpcg(projected_hamiltonian, guess, largest=False,
/home/erosanow_hpc/informed_swapping/BARK.py:156: UserWarning: Exited at iteration 50 with accuracies 
[5.98099549e-08]
not reaching the requested tolerance 1e-09.
Use iteration 51 instead with accuracy 
5.980995494800574e-08.

  values, vectors = lobpcg(projected_hamiltonian, guess, largest=False,
/home/erosanow_hpc/informed_swapping/BARK.py:156: UserWarning: Exited postprocessing with accuracies 
[5.98099549e-08]
not reaching the requested tolerance 1e-09.
  values, vectors = lobpcg(projected_hamiltonian, guess, largest=False,
/home/erosanow_hpc/informed_swapping/BARK.py:156: UserWarning: Exited at iteration 50 with accuracies 
[1.01516789e-09]
not reaching the requested tolerance 1e-09.
Use iteration 51 instead with accuracy 
1.0151678880239855e-09.

  values, vectors = lobpcg(projected_hamiltonian, guess, largest=False,
/home/erosanow_hpc/informed_swapping/BARK.py:156: UserWarning: Exited postprocessing with accuracies 
[1.01516731e-09]
not reaching the requested tolerance 1e-09.
  values, vectors = lobpcg(projected_hamiltonian, guess, largest=False,
/home/erosanow_hpc/informed_swapping/BARK.py:156: UserWarning: Exited at iteration 50 with accuracies 
[1.98112983e-09]
not reaching the requested tolerance 1e-09.
Use iteration 51 instead with accuracy 
1.9811298345605156e-09.

  values, vectors = lobpcg(projected_hamiltonian, guess, largest=False,
/home/erosanow_hpc/informed_swapping/BARK.py:156: UserWarning: Exited postprocessing with accuracies 
[1.98112941e-09]
not reaching the requested tolerance 1e-09.
  values, vectors = lobpcg(projected_hamiltonian, guess, largest=False,
/home/erosanow_hpc/informed_swapping/BARK.py:156: UserWarning: Exited at iteration 50 with accuracies 
[1.92863856e-09]
not reaching the requested tolerance 1e-09.
Use iteration 50 instead with accuracy 
1.8707025880262142e-09.

  values, vectors = lobpcg(projected_hamiltonian, guess, largest=False,
/home/erosanow_hpc/informed_swapping/BARK.py:156: UserWarning: Exited postprocessing with accuracies 
[1.87070006e-09]
not reaching the requested tolerance 1e-09.
  values, vectors = lobpcg(projected_hamiltonian, guess, largest=False,
/home/erosanow_hpc/informed_swapping/BARK.py:156: UserWarning: Exited at iteration 50 with accuracies 
[1.61260972e-09]
not reaching the requested tolerance 1e-09.
Use iteration 51 instead with accuracy 
1.612609722391735e-09.

  values, vectors = lobpcg(projected_hamiltonian, guess, largest=False,
/home/erosanow_hpc/informed_swapping/BARK.py:156: UserWarning: Exited postprocessing with accuracies 
[1.61260948e-09]
not reaching the requested tolerance 1e-09.
  values, vectors = lobpcg(projected_hamiltonian, guess, largest=False,
/home/erosanow_hpc/informed_swapping/BARK.py:156: UserWarning: Exited at iteration 50 with accuracies 
[1.71487113e-09]
not reaching the requested tolerance 1e-09.
Use iteration 51 instead with accuracy 
1.7148711324194571e-09.

  values, vectors = lobpcg(projected_hamiltonian, guess, largest=False,
/home/erosanow_hpc/informed_swapping/BARK.py:156: UserWarning: Exited postprocessing with accuracies 
[1.71487119e-09]
not reaching the requested tolerance 1e-09.
  values, vectors = lobpcg(projected_hamiltonian, guess, largest=False,
/home/erosanow_hpc/informed_swapping/BARK.py:156: UserWarning: Exited at iteration 50 with accuracies 
[1.27943964e-09]
not reaching the requested tolerance 1e-09.
Use iteration 51 instead with accuracy 
1.279439640613827e-09.

  values, vectors = lobpcg(projected_hamiltonian, guess, largest=False,
/home/erosanow_hpc/informed_swapping/BARK.py:156: UserWarning: Exited postprocessing with accuracies 
[1.27943984e-09]
not reaching the requested tolerance 1e-09.
  values, vectors = lobpcg(projected_hamiltonian, guess, largest=False,
/home/erosanow_hpc/informed_swapping/BARK.py:156: UserWarning: Exited at iteration 50 with accuracies 
[1.88329884e-09]
not reaching the requested tolerance 1e-09.
Use iteration 51 instead with accuracy 
1.883298835979192e-09.

  values, vectors = lobpcg(projected_hamiltonian, guess, largest=False,
/home/erosanow_hpc/informed_swapping/BARK.py:156: UserWarning: Exited postprocessing with accuracies 
[1.8832993e-09]
not reaching the requested tolerance 1e-09.
  values, vectors = lobpcg(projected_hamiltonian, guess, largest=False,
/home/erosanow_hpc/informed_swapping/BARK.py:156: UserWarning: Exited at iteration 50 with accuracies 
[1.03144626e-09]
not reaching the requested tolerance 1e-09.
Use iteration 51 instead with accuracy 
1.031446258702742e-09.

  values, vectors = lobpcg(projected_hamiltonian, guess, largest=False,
/home/erosanow_hpc/informed_swapping/BARK.py:156: UserWarning: Exited postprocessing with accuracies 
[1.03144613e-09]
not reaching the requested tolerance 1e-09.
  values, vectors = lobpcg(projected_hamiltonian, guess, largest=False,
/home/erosanow_hpc/informed_swapping/BARK.py:156: UserWarning: Exited at iteration 50 with accuracies 
[1.07301289e-09]
not reaching the requested tolerance 1e-09.
Use iteration 51 instead with accuracy 
1.07301289116225e-09.

  values, vectors = lobpcg(projected_hamiltonian, guess, largest=False,
/home/erosanow_hpc/informed_swapping/BARK.py:156: UserWarning: Exited postprocessing with accuracies 
[1.07301292e-09]
not reaching the requested tolerance 1e-09.
  values, vectors = lobpcg(projected_hamiltonian, guess, largest=False,
/home/erosanow_hpc/informed_swapping/BARK.py:156: UserWarning: Exited at iteration 50 with accuracies 
[1.0540254e-09]
not reaching the requested tolerance 1e-09.
Use iteration 51 instead with accuracy 
1.0540253986221705e-09.

  values, vectors = lobpcg(projected_hamiltonian, guess, largest=False,
/home/erosanow_hpc/informed_swapping/BARK.py:156: UserWarning: Exited postprocessing with accuracies 
[1.05402538e-09]
not reaching the requested tolerance 1e-09.
  values, vectors = lobpcg(projected_hamiltonian, guess, largest=False,
/home/erosanow_hpc/informed_swapping/BARK.py:156: UserWarning: Exited at iteration 50 with accuracies 
[1.05333466e-09]
not reaching the requested tolerance 1e-09.
Use iteration 51 instead with accuracy 
1.0533346648166644e-09.

  values, vectors = lobpcg(projected_hamiltonian, guess, largest=False,
/home/erosanow_hpc/informed_swapping/BARK.py:156: UserWarning: Exited postprocessing with accuracies 
[1.05333415e-09]
not reaching the requested tolerance 1e-09.
  values, vectors = lobpcg(projected_hamiltonian, guess, largest=False,
/home/erosanow_hpc/informed_swapping/BARK.py:156: UserWarning: Exited at iteration 50 with accuracies 
[1.16085554e-09]
not reaching the requested tolerance 1e-09.
Use iteration 51 instead with accuracy 
1.160855544626046e-09.

  values, vectors = lobpcg(projected_hamiltonian, guess, largest=False,
/home/erosanow_hpc/informed_swapping/BARK.py:156: UserWarning: Exited postprocessing with accuracies 
[1.16085535e-09]
not reaching the requested tolerance 1e-09.
  values, vectors = lobpcg(projected_hamiltonian, guess, largest=False,
/home/erosanow_hpc/informed_swapping/BARK.py:156: UserWarning: Exited at iteration 50 with accuracies 
[2.11216239e-09]
not reaching the requested tolerance 1e-09.
Use iteration 51 instead with accuracy 
2.1121623876640473e-09.

  values, vectors = lobpcg(projected_hamiltonian, guess, largest=False,
/home/erosanow_hpc/informed_swapping/BARK.py:156: UserWarning: Exited postprocessing with accuracies 
[2.1121624e-09]
not reaching the requested tolerance 1e-09.
  values, vectors = lobpcg(projected_hamiltonian, guess, largest=False,
/home/erosanow_hpc/informed_swapping/BARK.py:156: UserWarning: Exited at iteration 50 with accuracies 
[1.66757354e-09]
not reaching the requested tolerance 1e-09.
Use iteration 51 instead with accuracy 
1.6675735394441072e-09.

  values, vectors = lobpcg(projected_hamiltonian, guess, largest=False,
/home/erosanow_hpc/informed_swapping/BARK.py:156: UserWarning: Exited postprocessing with accuracies 
[1.6675734e-09]
not reaching the requested tolerance 1e-09.
  values, vectors = lobpcg(projected_hamiltonian, guess, largest=False,
/home/erosanow_hpc/informed_swapping/BARK.py:156: UserWarning: Exited at iteration 50 with accuracies 
[2.15817019e-09]
not reaching the requested tolerance 1e-09.
Use iteration 51 instead with accuracy 
2.158170189359677e-09.

  values, vectors = lobpcg(projected_hamiltonian, guess, largest=False,
/home/erosanow_hpc/informed_swapping/BARK.py:156: UserWarning: Exited postprocessing with accuracies 
[2.15817002e-09]
not reaching the requested tolerance 1e-09.
  values, vectors = lobpcg(projected_hamiltonian, guess, largest=False,
/home/erosanow_hpc/informed_swapping/BARK.py:156: UserWarning: Exited at iteration 50 with accuracies 
[1.82749107e-09]
not reaching the requested tolerance 1e-09.
Use iteration 51 instead with accuracy 
1.827491069312823e-09.

  values, vectors = lobpcg(projected_hamiltonian, guess, largest=False,
/home/erosanow_hpc/informed_swapping/BARK.py:156: UserWarning: Exited postprocessing with accuracies 
[1.82749089e-09]
not reaching the requested tolerance 1e-09.
  values, vectors = lobpcg(projected_hamiltonian, guess, largest=False,
/home/erosanow_hpc/informed_swapping/BARK.py:156: UserWarning: Exited at iteration 50 with accuracies 
[1.69383177e-09]
not reaching the requested tolerance 1e-09.
Use iteration 51 instead with accuracy 
1.6938317739862735e-09.

  values, vectors = lobpcg(projected_hamiltonian, guess, largest=False,
/home/erosanow_hpc/informed_swapping/BARK.py:156: UserWarning: Exited postprocessing with accuracies 
[1.69383176e-09]
not reaching the requested tolerance 1e-09.
  values, vectors = lobpcg(projected_hamiltonian, guess, largest=False,
/home/erosanow_hpc/informed_swapping/BARK.py:156: UserWarning: Exited at iteration 50 with accuracies 
[2.14558627e-09]
not reaching the requested tolerance 1e-09.
Use iteration 51 instead with accuracy 
2.1455862666731875e-09.

  values, vectors = lobpcg(projected_hamiltonian, guess, largest=False,
/home/erosanow_hpc/informed_swapping/BARK.py:156: UserWarning: Exited postprocessing with accuracies 
[2.14558592e-09]
not reaching the requested tolerance 1e-09.
  values, vectors = lobpcg(projected_hamiltonian, guess, largest=False,
/home/erosanow_hpc/informed_swapping/BARK.py:156: UserWarning: Exited at iteration 50 with accuracies 
[2.28389723e-09]
not reaching the requested tolerance 1e-09.
Use iteration 51 instead with accuracy 
2.2838972263878187e-09.

  values, vectors = lobpcg(projected_hamiltonian, guess, largest=False,
/home/erosanow_hpc/informed_swapping/BARK.py:156: UserWarning: Exited postprocessing with accuracies 
[2.28389742e-09]
not reaching the requested tolerance 1e-09.
  values, vectors = lobpcg(projected_hamiltonian, guess, largest=False,
/home/erosanow_hpc/informed_swapping/BARK.py:156: UserWarning: Exited at iteration 50 with accuracies 
[1.07766739e-09]
not reaching the requested tolerance 1e-09.
Use iteration 51 instead with accuracy 
1.0776673931424906e-09.

  values, vectors = lobpcg(projected_hamiltonian, guess, largest=False,
/home/erosanow_hpc/informed_swapping/BARK.py:156: UserWarning: Exited postprocessing with accuracies 
[1.07766698e-09]
not reaching the requested tolerance 1e-09.
  values, vectors = lobpcg(projected_hamiltonian, guess, largest=False,
/home/erosanow_hpc/informed_swapping/BARK.py:156: UserWarning: Exited at iteration 50 with accuracies 
[2.46104368e-09]
not reaching the requested tolerance 1e-09.
Use iteration 51 instead with accuracy 
2.4610436844166e-09.

  values, vectors = lobpcg(projected_hamiltonian, guess, largest=False,
/home/erosanow_hpc/informed_swapping/BARK.py:156: UserWarning: Exited postprocessing with accuracies 
[2.46104377e-09]
not reaching the requested tolerance 1e-09.
  values, vectors = lobpcg(projected_hamiltonian, guess, largest=False,
/home/erosanow_hpc/informed_swapping/BARK.py:156: UserWarning: Exited at iteration 50 with accuracies 
[2.29257715e-09]
not reaching the requested tolerance 1e-09.
Use iteration 51 instead with accuracy 
2.2925771456276646e-09.

  values, vectors = lobpcg(projected_hamiltonian, guess, largest=False,
/home/erosanow_hpc/informed_swapping/BARK.py:156: UserWarning: Exited postprocessing with accuracies 
[2.29257769e-09]
not reaching the requested tolerance 1e-09.
  values, vectors = lobpcg(projected_hamiltonian, guess, largest=False,
/home/erosanow_hpc/informed_swapping/BARK.py:156: UserWarning: Exited at iteration 50 with accuracies 
[3.04062663e-09]
not reaching the requested tolerance 1e-09.
Use iteration 51 instead with accuracy 
3.0406266288638457e-09.

  values, vectors = lobpcg(projected_hamiltonian, guess, largest=False,
/home/erosanow_hpc/informed_swapping/BARK.py:156: UserWarning: Exited postprocessing with accuracies 
[3.04062615e-09]
not reaching the requested tolerance 1e-09.
  values, vectors = lobpcg(projected_hamiltonian, guess, largest=False,
/home/erosanow_hpc/informed_swapping/BARK.py:156: UserWarning: Exited at iteration 50 with accuracies 
[1.14276635e-09]
not reaching the requested tolerance 1e-09.
Use iteration 51 instead with accuracy 
1.1427663477804282e-09.

  values, vectors = lobpcg(projected_hamiltonian, guess, largest=False,
/home/erosanow_hpc/informed_swapping/BARK.py:156: UserWarning: Exited postprocessing with accuracies 
[1.14276571e-09]
not reaching the requested tolerance 1e-09.
  values, vectors = lobpcg(projected_hamiltonian, guess, largest=False,
/home/erosanow_hpc/informed_swapping/BARK.py:156: UserWarning: Exited at iteration 50 with accuracies 
[2.53755311e-09]
not reaching the requested tolerance 1e-09.
Use iteration 51 instead with accuracy 
2.5375531108895986e-09.

  values, vectors = lobpcg(projected_hamiltonian, guess, largest=False,
/home/erosanow_hpc/informed_swapping/BARK.py:156: UserWarning: Exited postprocessing with accuracies 
[2.53755324e-09]
not reaching the requested tolerance 1e-09.
  values, vectors = lobpcg(projected_hamiltonian, guess, largest=False,
/home/erosanow_hpc/informed_swapping/BARK.py:156: UserWarning: Exited at iteration 50 with accuracies 
[2.56443283e-09]
not reaching the requested tolerance 1e-09.
Use iteration 51 instead with accuracy 
2.5644328301696113e-09.

  values, vectors = lobpcg(projected_hamiltonian, guess, largest=False,
/home/erosanow_hpc/informed_swapping/BARK.py:156: UserWarning: Exited postprocessing with accuracies 
[2.56443272e-09]
not reaching the requested tolerance 1e-09.
  values, vectors = lobpcg(projected_hamiltonian, guess, largest=False,
/home/erosanow_hpc/informed_swapping/BARK.py:156: UserWarning: Exited at iteration 50 with accuracies 
[3.43290639e-09]
not reaching the requested tolerance 1e-09.
Use iteration 51 instead with accuracy 
3.432906394740704e-09.

  values, vectors = lobpcg(projected_hamiltonian, guess, largest=False,
/home/erosanow_hpc/informed_swapping/BARK.py:156: UserWarning: Exited postprocessing with accuracies 
[3.4329067e-09]
not reaching the requested tolerance 1e-09.
  values, vectors = lobpcg(projected_hamiltonian, guess, largest=False,
/home/erosanow_hpc/informed_swapping/BARK.py:156: UserWarning: Exited at iteration 50 with accuracies 
[2.29981404e-09]
not reaching the requested tolerance 1e-09.
Use iteration 51 instead with accuracy 
2.2998140378622662e-09.

  values, vectors = lobpcg(projected_hamiltonian, guess, largest=False,
/home/erosanow_hpc/informed_swapping/BARK.py:156: UserWarning: Exited postprocessing with accuracies 
[2.29981397e-09]
not reaching the requested tolerance 1e-09.
  values, vectors = lobpcg(projected_hamiltonian, guess, largest=False,
/home/erosanow_hpc/informed_swapping/BARK.py:156: UserWarning: Exited at iteration 50 with accuracies 
[2.87667211e-09]
not reaching the requested tolerance 1e-09.
Use iteration 51 instead with accuracy 
2.876672110690845e-09.

  values, vectors = lobpcg(projected_hamiltonian, guess, largest=False,
/home/erosanow_hpc/informed_swapping/BARK.py:156: UserWarning: Exited postprocessing with accuracies 
[2.87667216e-09]
not reaching the requested tolerance 1e-09.
  values, vectors = lobpcg(projected_hamiltonian, guess, largest=False,
/home/erosanow_hpc/informed_swapping/BARK.py:156: UserWarning: Exited at iteration 50 with accuracies 
[2.70034256e-09]
not reaching the requested tolerance 1e-09.
Use iteration 51 instead with accuracy 
2.7003425639610863e-09.

  values, vectors = lobpcg(projected_hamiltonian, guess, largest=False,
/home/erosanow_hpc/informed_swapping/BARK.py:156: UserWarning: Exited postprocessing with accuracies 
[2.70034267e-09]
not reaching the requested tolerance 1e-09.
  values, vectors = lobpcg(projected_hamiltonian, guess, largest=False,
/home/erosanow_hpc/informed_swapping/BARK.py:156: UserWarning: Exited at iteration 50 with accuracies 
[5.77234643e-09]
not reaching the requested tolerance 1e-09.
Use iteration 51 instead with accuracy 
5.772346426735864e-09.

  values, vectors = lobpcg(projected_hamiltonian, guess, largest=False,
/home/erosanow_hpc/informed_swapping/BARK.py:156: UserWarning: Exited postprocessing with accuracies 
[5.77234634e-09]
not reaching the requested tolerance 1e-09.
  values, vectors = lobpcg(projected_hamiltonian, guess, largest=False,
/home/erosanow_hpc/informed_swapping/BARK.py:156: UserWarning: Exited at iteration 50 with accuracies 
[1.0471556e-09]
not reaching the requested tolerance 1e-09.
Use iteration 51 instead with accuracy 
1.0471555970548677e-09.

  values, vectors = lobpcg(projected_hamiltonian, guess, largest=False,
/home/erosanow_hpc/informed_swapping/BARK.py:156: UserWarning: Exited postprocessing with accuracies 
[1.04715544e-09]
not reaching the requested tolerance 1e-09.
  values, vectors = lobpcg(projected_hamiltonian, guess, largest=False,
/home/erosanow_hpc/informed_swapping/BARK.py:156: UserWarning: Exited at iteration 50 with accuracies 
[1.6281727e-09]
not reaching the requested tolerance 1e-09.
Use iteration 51 instead with accuracy 
1.628172699497973e-09.

  values, vectors = lobpcg(projected_hamiltonian, guess, largest=False,
/home/erosanow_hpc/informed_swapping/BARK.py:156: UserWarning: Exited postprocessing with accuracies 
[1.62817254e-09]
not reaching the requested tolerance 1e-09.
  values, vectors = lobpcg(projected_hamiltonian, guess, largest=False,
/home/erosanow_hpc/informed_swapping/BARK.py:156: UserWarning: Exited at iteration 50 with accuracies 
[1.08030261e-09]
not reaching the requested tolerance 1e-09.
Use iteration 51 instead with accuracy 
1.0803026064327504e-09.

  values, vectors = lobpcg(projected_hamiltonian, guess, largest=False,
/home/erosanow_hpc/informed_swapping/BARK.py:156: UserWarning: Exited postprocessing with accuracies 
[1.08030252e-09]
not reaching the requested tolerance 1e-09.
  values, vectors = lobpcg(projected_hamiltonian, guess, largest=False,
/home/erosanow_hpc/informed_swapping/BARK.py:156: UserWarning: Exited at iteration 50 with accuracies 
[1.22457024e-09]
not reaching the requested tolerance 1e-09.
Use iteration 51 instead with accuracy 
1.2245702393791876e-09.

  values, vectors = lobpcg(projected_hamiltonian, guess, largest=False,
/home/erosanow_hpc/informed_swapping/BARK.py:156: UserWarning: Exited postprocessing with accuracies 
[1.22457069e-09]
not reaching the requested tolerance 1e-09.
  values, vectors = lobpcg(projected_hamiltonian, guess, largest=False,
/home/erosanow_hpc/informed_swapping/BARK.py:156: UserWarning: Exited at iteration 50 with accuracies 
[1.83042491e-09]
not reaching the requested tolerance 1e-09.
Use iteration 51 instead with accuracy 
1.8304249118166807e-09.

  values, vectors = lobpcg(projected_hamiltonian, guess, largest=False,
/home/erosanow_hpc/informed_swapping/BARK.py:156: UserWarning: Exited postprocessing with accuracies 
[1.83042474e-09]
not reaching the requested tolerance 1e-09.
  values, vectors = lobpcg(projected_hamiltonian, guess, largest=False,
/home/erosanow_hpc/informed_swapping/BARK.py:156: UserWarning: Exited at iteration 50 with accuracies 
[1.92542697e-09]
not reaching the requested tolerance 1e-09.
Use iteration 51 instead with accuracy 
1.9254269747121667e-09.

  values, vectors = lobpcg(projected_hamiltonian, guess, largest=False,
/home/erosanow_hpc/informed_swapping/BARK.py:156: UserWarning: Exited postprocessing with accuracies 
[1.9254269e-09]
not reaching the requested tolerance 1e-09.
  values, vectors = lobpcg(projected_hamiltonian, guess, largest=False,
/home/erosanow_hpc/informed_swapping/BARK.py:156: UserWarning: Exited at iteration 50 with accuracies 
[2.37627364e-09]
not reaching the requested tolerance 1e-09.
Use iteration 51 instead with accuracy 
2.376273641734446e-09.

  values, vectors = lobpcg(projected_hamiltonian, guess, largest=False,
/home/erosanow_hpc/informed_swapping/BARK.py:156: UserWarning: Exited postprocessing with accuracies 
[2.37627374e-09]
not reaching the requested tolerance 1e-09.
  values, vectors = lobpcg(projected_hamiltonian, guess, largest=False,
/home/erosanow_hpc/informed_swapping/BARK.py:156: UserWarning: Exited at iteration 50 with accuracies 
[1.12412899e-09]
not reaching the requested tolerance 1e-09.
Use iteration 51 instead with accuracy 
1.1241289939191844e-09.

  values, vectors = lobpcg(projected_hamiltonian, guess, largest=False,
/home/erosanow_hpc/informed_swapping/BARK.py:156: UserWarning: Exited postprocessing with accuracies 
[1.12412927e-09]
not reaching the requested tolerance 1e-09.
  values, vectors = lobpcg(projected_hamiltonian, guess, largest=False,
/home/erosanow_hpc/informed_swapping/BARK.py:156: UserWarning: Exited at iteration 50 with accuracies 
[1.31899911e-09]
not reaching the requested tolerance 1e-09.
Use iteration 51 instead with accuracy 
1.3189991082080504e-09.

  values, vectors = lobpcg(projected_hamiltonian, guess, largest=False,
/home/erosanow_hpc/informed_swapping/BARK.py:156: UserWarning: Exited postprocessing with accuracies 
[1.31899936e-09]
not reaching the requested tolerance 1e-09.
  values, vectors = lobpcg(projected_hamiltonian, guess, largest=False,
/home/erosanow_hpc/informed_swapping/BARK.py:156: UserWarning: Exited at iteration 50 with accuracies 
[1.53110504e-09]
not reaching the requested tolerance 1e-09.
Use iteration 51 instead with accuracy 
1.5311050425531783e-09.

  values, vectors = lobpcg(projected_hamiltonian, guess, largest=False,
/home/erosanow_hpc/informed_swapping/BARK.py:156: UserWarning: Exited postprocessing with accuracies 
[1.53110477e-09]
not reaching the requested tolerance 1e-09.
  values, vectors = lobpcg(projected_hamiltonian, guess, largest=False,
/home/erosanow_hpc/informed_swapping/BARK.py:156: UserWarning: Exited at iteration 50 with accuracies 
[2.21422073e-09]
not reaching the requested tolerance 1e-09.
Use iteration 51 instead with accuracy 
2.214220733592414e-09.

  values, vectors = lobpcg(projected_hamiltonian, guess, largest=False,
/home/erosanow_hpc/informed_swapping/BARK.py:156: UserWarning: Exited postprocessing with accuracies 
[2.21422047e-09]
not reaching the requested tolerance 1e-09.
  values, vectors = lobpcg(projected_hamiltonian, guess, largest=False,
/home/erosanow_hpc/informed_swapping/BARK.py:156: UserWarning: Exited at iteration 50 with accuracies 
[1.42401559e-09]
not reaching the requested tolerance 1e-09.
Use iteration 51 instead with accuracy 
1.424015593589377e-09.

  values, vectors = lobpcg(projected_hamiltonian, guess, largest=False,
/home/erosanow_hpc/informed_swapping/BARK.py:156: UserWarning: Exited postprocessing with accuracies 
[1.42401563e-09]
not reaching the requested tolerance 1e-09.
  values, vectors = lobpcg(projected_hamiltonian, guess, largest=False,
/home/erosanow_hpc/informed_swapping/BARK.py:156: UserWarning: Exited at iteration 50 with accuracies 
[1.72752743e-09]
not reaching the requested tolerance 1e-09.
Use iteration 51 instead with accuracy 
1.7275274256356148e-09.

  values, vectors = lobpcg(projected_hamiltonian, guess, largest=False,
/home/erosanow_hpc/informed_swapping/BARK.py:156: UserWarning: Exited postprocessing with accuracies 
[1.72752731e-09]
not reaching the requested tolerance 1e-09.
  values, vectors = lobpcg(projected_hamiltonian, guess, largest=False,
/home/erosanow_hpc/informed_swapping/BARK.py:156: UserWarning: Exited at iteration 50 with accuracies 
[2.03832227e-09]
not reaching the requested tolerance 1e-09.
Use iteration 51 instead with accuracy 
2.0383222662168812e-09.

  values, vectors = lobpcg(projected_hamiltonian, guess, largest=False,
/home/erosanow_hpc/informed_swapping/BARK.py:156: UserWarning: Exited postprocessing with accuracies 
[2.03832139e-09]
not reaching the requested tolerance 1e-09.
  values, vectors = lobpcg(projected_hamiltonian, guess, largest=False,
/home/erosanow_hpc/informed_swapping/BARK.py:156: UserWarning: Exited at iteration 50 with accuracies 
[2.52378437e-09]
not reaching the requested tolerance 1e-09.
Use iteration 51 instead with accuracy 
2.523784374841826e-09.

  values, vectors = lobpcg(projected_hamiltonian, guess, largest=False,
/home/erosanow_hpc/informed_swapping/BARK.py:156: UserWarning: Exited postprocessing with accuracies 
[2.52378435e-09]
not reaching the requested tolerance 1e-09.
  values, vectors = lobpcg(projected_hamiltonian, guess, largest=False,
/home/erosanow_hpc/informed_swapping/BARK.py:156: UserWarning: Exited at iteration 50 with accuracies 
[1.04348692e-09]
not reaching the requested tolerance 1e-09.
Use iteration 51 instead with accuracy 
1.0434869220932893e-09.

  values, vectors = lobpcg(projected_hamiltonian, guess, largest=False,
/home/erosanow_hpc/informed_swapping/BARK.py:156: UserWarning: Exited postprocessing with accuracies 
[1.04348651e-09]
not reaching the requested tolerance 1e-09.
  values, vectors = lobpcg(projected_hamiltonian, guess, largest=False,
/home/erosanow_hpc/informed_swapping/BARK.py:156: UserWarning: Exited at iteration 50 with accuracies 
[2.33896036e-09]
not reaching the requested tolerance 1e-09.
Use iteration 51 instead with accuracy 
2.338960364921418e-09.

  values, vectors = lobpcg(projected_hamiltonian, guess, largest=False,
/home/erosanow_hpc/informed_swapping/BARK.py:156: UserWarning: Exited postprocessing with accuracies 
[2.33896031e-09]
not reaching the requested tolerance 1e-09.
  values, vectors = lobpcg(projected_hamiltonian, guess, largest=False,
/home/erosanow_hpc/informed_swapping/BARK.py:156: UserWarning: Exited at iteration 50 with accuracies 
[1.02904707e-09]
not reaching the requested tolerance 1e-09.
Use iteration 51 instead with accuracy 
1.0290470685600635e-09.

  values, vectors = lobpcg(projected_hamiltonian, guess, largest=False,
/home/erosanow_hpc/informed_swapping/BARK.py:156: UserWarning: Exited postprocessing with accuracies 
[1.029047e-09]
not reaching the requested tolerance 1e-09.
  values, vectors = lobpcg(projected_hamiltonian, guess, largest=False,
/home/erosanow_hpc/informed_swapping/BARK.py:156: UserWarning: Exited at iteration 50 with accuracies 
[2.39300994e-09]
not reaching the requested tolerance 1e-09.
Use iteration 51 instead with accuracy 
2.393009936946638e-09.

  values, vectors = lobpcg(projected_hamiltonian, guess, largest=False,
/home/erosanow_hpc/informed_swapping/BARK.py:156: UserWarning: Exited postprocessing with accuracies 
[2.39301046e-09]
not reaching the requested tolerance 1e-09.
  values, vectors = lobpcg(projected_hamiltonian, guess, largest=False,
/home/erosanow_hpc/informed_swapping/BARK.py:156: UserWarning: Exited at iteration 50 with accuracies 
[2.19335199e-09]
not reaching the requested tolerance 1e-09.
Use iteration 51 instead with accuracy 
2.193351986936034e-09.

  values, vectors = lobpcg(projected_hamiltonian, guess, largest=False,
/home/erosanow_hpc/informed_swapping/BARK.py:156: UserWarning: Exited postprocessing with accuracies 
[2.19335177e-09]
not reaching the requested tolerance 1e-09.
  values, vectors = lobpcg(projected_hamiltonian, guess, largest=False,
/home/erosanow_hpc/informed_swapping/BARK.py:156: UserWarning: Exited at iteration 50 with accuracies 
[2.69871755e-09]
not reaching the requested tolerance 1e-09.
Use iteration 51 instead with accuracy 
2.6987175501186587e-09.

  values, vectors = lobpcg(projected_hamiltonian, guess, largest=False,
/home/erosanow_hpc/informed_swapping/BARK.py:156: UserWarning: Exited postprocessing with accuracies 
[2.69871766e-09]
not reaching the requested tolerance 1e-09.
  values, vectors = lobpcg(projected_hamiltonian, guess, largest=False,
/home/erosanow_hpc/informed_swapping/BARK.py:156: UserWarning: Exited at iteration 50 with accuracies 
[1.06319285e-09]
not reaching the requested tolerance 1e-09.
Use iteration 51 instead with accuracy 
1.0631928509203753e-09.

  values, vectors = lobpcg(projected_hamiltonian, guess, largest=False,
/home/erosanow_hpc/informed_swapping/BARK.py:156: UserWarning: Exited postprocessing with accuracies 
[1.06319268e-09]
not reaching the requested tolerance 1e-09.
  values, vectors = lobpcg(projected_hamiltonian, guess, largest=False,
/home/erosanow_hpc/informed_swapping/BARK.py:156: UserWarning: Exited at iteration 50 with accuracies 
[1.70479231e-09]
not reaching the requested tolerance 1e-09.
Use iteration 51 instead with accuracy 
1.704792310558491e-09.

  values, vectors = lobpcg(projected_hamiltonian, guess, largest=False,
/home/erosanow_hpc/informed_swapping/BARK.py:156: UserWarning: Exited postprocessing with accuracies 
[1.70479172e-09]
not reaching the requested tolerance 1e-09.
  values, vectors = lobpcg(projected_hamiltonian, guess, largest=False,
/home/erosanow_hpc/informed_swapping/BARK.py:156: UserWarning: Exited at iteration 50 with accuracies 
[2.79333032e-09]
not reaching the requested tolerance 1e-09.
Use iteration 51 instead with accuracy 
2.7933303198340776e-09.

  values, vectors = lobpcg(projected_hamiltonian, guess, largest=False,
/home/erosanow_hpc/informed_swapping/BARK.py:156: UserWarning: Exited postprocessing with accuracies 
[2.79333057e-09]
not reaching the requested tolerance 1e-09.
  values, vectors = lobpcg(projected_hamiltonian, guess, largest=False,
/home/erosanow_hpc/informed_swapping/BARK.py:156: UserWarning: Exited at iteration 50 with accuracies 
[3.76307199e-09]
not reaching the requested tolerance 1e-09.
Use iteration 51 instead with accuracy 
3.763071989996679e-09.

  values, vectors = lobpcg(projected_hamiltonian, guess, largest=False,
/home/erosanow_hpc/informed_swapping/BARK.py:156: UserWarning: Exited postprocessing with accuracies 
[3.76307241e-09]
not reaching the requested tolerance 1e-09.
  values, vectors = lobpcg(projected_hamiltonian, guess, largest=False,
/home/erosanow_hpc/informed_swapping/BARK.py:156: UserWarning: Exited at iteration 50 with accuracies 
[1.68070608e-09]
not reaching the requested tolerance 1e-09.
Use iteration 51 instead with accuracy 
1.6807060826482305e-09.

  values, vectors = lobpcg(projected_hamiltonian, guess, largest=False,
/home/erosanow_hpc/informed_swapping/BARK.py:156: UserWarning: Exited postprocessing with accuracies 
[1.68070593e-09]
not reaching the requested tolerance 1e-09.
  values, vectors = lobpcg(projected_hamiltonian, guess, largest=False,
/home/erosanow_hpc/informed_swapping/BARK.py:156: UserWarning: Exited at iteration 50 with accuracies 
[3.62207927e-09]
not reaching the requested tolerance 1e-09.
Use iteration 51 instead with accuracy 
3.6220792665704647e-09.

  values, vectors = lobpcg(projected_hamiltonian, guess, largest=False,
/home/erosanow_hpc/informed_swapping/BARK.py:156: UserWarning: Exited postprocessing with accuracies 
[3.622079e-09]
not reaching the requested tolerance 1e-09.
  values, vectors = lobpcg(projected_hamiltonian, guess, largest=False,
/home/erosanow_hpc/informed_swapping/BARK.py:156: UserWarning: Exited at iteration 50 with accuracies 
[3.86226103e-09]
not reaching the requested tolerance 1e-09.
Use iteration 51 instead with accuracy 
3.862261030857139e-09.

  values, vectors = lobpcg(projected_hamiltonian, guess, largest=False,
/home/erosanow_hpc/informed_swapping/BARK.py:156: UserWarning: Exited postprocessing with accuracies 
[3.86226102e-09]
not reaching the requested tolerance 1e-09.
  values, vectors = lobpcg(projected_hamiltonian, guess, largest=False,
/home/erosanow_hpc/informed_swapping/BARK.py:156: UserWarning: Exited at iteration 50 with accuracies 
[5.18986704e-09]
not reaching the requested tolerance 1e-09.
Use iteration 51 instead with accuracy 
5.189867041464872e-09.

  values, vectors = lobpcg(projected_hamiltonian, guess, largest=False,
/home/erosanow_hpc/informed_swapping/BARK.py:156: UserWarning: Exited postprocessing with accuracies 
[5.18986738e-09]
not reaching the requested tolerance 1e-09.
  values, vectors = lobpcg(projected_hamiltonian, guess, largest=False,
/home/erosanow_hpc/informed_swapping/BARK.py:156: UserWarning: Exited at iteration 50 with accuracies 
[1.51568849e-09]
not reaching the requested tolerance 1e-09.
Use iteration 51 instead with accuracy 
1.5156884930617353e-09.

  values, vectors = lobpcg(projected_hamiltonian, guess, largest=False,
/home/erosanow_hpc/informed_swapping/BARK.py:156: UserWarning: Exited postprocessing with accuracies 
[1.5156887e-09]
not reaching the requested tolerance 1e-09.
  values, vectors = lobpcg(projected_hamiltonian, guess, largest=False,
/home/erosanow_hpc/informed_swapping/BARK.py:156: UserWarning: Exited at iteration 50 with accuracies 
[1.44983593e-09]
not reaching the requested tolerance 1e-09.
Use iteration 51 instead with accuracy 
1.4498359273181821e-09.

  values, vectors = lobpcg(projected_hamiltonian, guess, largest=False,
/home/erosanow_hpc/informed_swapping/BARK.py:156: UserWarning: Exited postprocessing with accuracies 
[1.44983566e-09]
not reaching the requested tolerance 1e-09.
  values, vectors = lobpcg(projected_hamiltonian, guess, largest=False,
/home/erosanow_hpc/informed_swapping/BARK.py:156: UserWarning: Exited at iteration 50 with accuracies 
[1.69390475e-09]
not reaching the requested tolerance 1e-09.
Use iteration 51 instead with accuracy 
1.6939047472460541e-09.

  values, vectors = lobpcg(projected_hamiltonian, guess, largest=False,
/home/erosanow_hpc/informed_swapping/BARK.py:156: UserWarning: Exited postprocessing with accuracies 
[1.69390492e-09]
not reaching the requested tolerance 1e-09.
  values, vectors = lobpcg(projected_hamiltonian, guess, largest=False,
/home/erosanow_hpc/informed_swapping/BARK.py:156: UserWarning: Exited at iteration 50 with accuracies 
[1.10590679e-09]
not reaching the requested tolerance 1e-09.
Use iteration 51 instead with accuracy 
1.1059067928628307e-09.

  values, vectors = lobpcg(projected_hamiltonian, guess, largest=False,
/home/erosanow_hpc/informed_swapping/BARK.py:156: UserWarning: Exited postprocessing with accuracies 
[1.10590752e-09]
not reaching the requested tolerance 1e-09.
  values, vectors = lobpcg(projected_hamiltonian, guess, largest=False,
/home/erosanow_hpc/informed_swapping/BARK.py:156: UserWarning: Exited at iteration 50 with accuracies 
[1.28074282e-09]
not reaching the requested tolerance 1e-09.
Use iteration 51 instead with accuracy 
1.2807428163171795e-09.

  values, vectors = lobpcg(projected_hamiltonian, guess, largest=False,
/home/erosanow_hpc/informed_swapping/BARK.py:156: UserWarning: Exited postprocessing with accuracies 
[1.2807423e-09]
not reaching the requested tolerance 1e-09.
  values, vectors = lobpcg(projected_hamiltonian, guess, largest=False,
/home/erosanow_hpc/informed_swapping/BARK.py:156: UserWarning: Exited at iteration 50 with accuracies 
[1.2692339e-09]
not reaching the requested tolerance 1e-09.
Use iteration 51 instead with accuracy 
1.269233898186548e-09.

  values, vectors = lobpcg(projected_hamiltonian, guess, largest=False,
/home/erosanow_hpc/informed_swapping/BARK.py:156: UserWarning: Exited postprocessing with accuracies 
[1.26923379e-09]
not reaching the requested tolerance 1e-09.
  values, vectors = lobpcg(projected_hamiltonian, guess, largest=False,
/home/erosanow_hpc/informed_swapping/BARK.py:156: UserWarning: Exited at iteration 50 with accuracies 
[2.80079356e-09]
not reaching the requested tolerance 1e-09.
Use iteration 51 instead with accuracy 
2.8007935643337385e-09.

  values, vectors = lobpcg(projected_hamiltonian, guess, largest=False,
/home/erosanow_hpc/informed_swapping/BARK.py:156: UserWarning: Exited postprocessing with accuracies 
[2.80079359e-09]
not reaching the requested tolerance 1e-09.
  values, vectors = lobpcg(projected_hamiltonian, guess, largest=False,
/home/erosanow_hpc/informed_swapping/BARK.py:156: UserWarning: Exited at iteration 50 with accuracies 
[1.54393115e-09]
not reaching the requested tolerance 1e-09.
Use iteration 51 instead with accuracy 
1.543931152016981e-09.

  values, vectors = lobpcg(projected_hamiltonian, guess, largest=False,
/home/erosanow_hpc/informed_swapping/BARK.py:156: UserWarning: Exited postprocessing with accuracies 
[1.54393117e-09]
not reaching the requested tolerance 1e-09.
  values, vectors = lobpcg(projected_hamiltonian, guess, largest=False,
/home/erosanow_hpc/informed_swapping/BARK.py:156: UserWarning: Exited at iteration 50 with accuracies 
[1.89821463e-09]
not reaching the requested tolerance 1e-09.
Use iteration 51 instead with accuracy 
1.8982146317780454e-09.

  values, vectors = lobpcg(projected_hamiltonian, guess, largest=False,
/home/erosanow_hpc/informed_swapping/BARK.py:156: UserWarning: Exited postprocessing with accuracies 
[1.898215e-09]
not reaching the requested tolerance 1e-09.
  values, vectors = lobpcg(projected_hamiltonian, guess, largest=False,
/home/erosanow_hpc/informed_swapping/BARK.py:156: UserWarning: Exited at iteration 50 with accuracies 
[1.81426613e-09]
not reaching the requested tolerance 1e-09.
Use iteration 51 instead with accuracy 
1.8142661324768578e-09.

  values, vectors = lobpcg(projected_hamiltonian, guess, largest=False,
/home/erosanow_hpc/informed_swapping/BARK.py:156: UserWarning: Exited postprocessing with accuracies 
[1.8142662e-09]
not reaching the requested tolerance 1e-09.
  values, vectors = lobpcg(projected_hamiltonian, guess, largest=False,
/home/erosanow_hpc/informed_swapping/BARK.py:156: UserWarning: Exited at iteration 50 with accuracies 
[3.78625663e-09]
not reaching the requested tolerance 1e-09.
Use iteration 51 instead with accuracy 
3.786256628808027e-09.

  values, vectors = lobpcg(projected_hamiltonian, guess, largest=False,
/home/erosanow_hpc/informed_swapping/BARK.py:156: UserWarning: Exited postprocessing with accuracies 
[3.78625667e-09]
not reaching the requested tolerance 1e-09.
  values, vectors = lobpcg(projected_hamiltonian, guess, largest=False,
/home/erosanow_hpc/informed_swapping/BARK.py:156: UserWarning: Exited at iteration 50 with accuracies 
[2.03681843e-09]
not reaching the requested tolerance 1e-09.
Use iteration 51 instead with accuracy 
2.0368184291298803e-09.

  values, vectors = lobpcg(projected_hamiltonian, guess, largest=False,
/home/erosanow_hpc/informed_swapping/BARK.py:156: UserWarning: Exited postprocessing with accuracies 
[2.03681843e-09]
not reaching the requested tolerance 1e-09.
  values, vectors = lobpcg(projected_hamiltonian, guess, largest=False,
/home/erosanow_hpc/informed_swapping/BARK.py:156: UserWarning: Exited at iteration 50 with accuracies 
[2.02384037e-09]
not reaching the requested tolerance 1e-09.
Use iteration 51 instead with accuracy 
2.0238403681383193e-09.

  values, vectors = lobpcg(projected_hamiltonian, guess, largest=False,
/home/erosanow_hpc/informed_swapping/BARK.py:156: UserWarning: Exited postprocessing with accuracies 
[2.02383985e-09]
not reaching the requested tolerance 1e-09.
  values, vectors = lobpcg(projected_hamiltonian, guess, largest=False,
/home/erosanow_hpc/informed_swapping/BARK.py:156: UserWarning: Exited at iteration 50 with accuracies 
[2.44585444e-09]
not reaching the requested tolerance 1e-09.
Use iteration 51 instead with accuracy 
2.4458544415344466e-09.

  values, vectors = lobpcg(projected_hamiltonian, guess, largest=False,
/home/erosanow_hpc/informed_swapping/BARK.py:156: UserWarning: Exited postprocessing with accuracies 
[2.4458544e-09]
not reaching the requested tolerance 1e-09.
  values, vectors = lobpcg(projected_hamiltonian, guess, largest=False,
/home/erosanow_hpc/informed_swapping/BARK.py:156: UserWarning: Exited at iteration 50 with accuracies 
[1.52964461e-09]
not reaching the requested tolerance 1e-09.
Use iteration 51 instead with accuracy 
1.529644611183024e-09.

  values, vectors = lobpcg(projected_hamiltonian, guess, largest=False,
/home/erosanow_hpc/informed_swapping/BARK.py:156: UserWarning: Exited postprocessing with accuracies 
[1.52964449e-09]
not reaching the requested tolerance 1e-09.
  values, vectors = lobpcg(projected_hamiltonian, guess, largest=False,
/home/erosanow_hpc/informed_swapping/BARK.py:156: UserWarning: Exited at iteration 50 with accuracies 
[3.44881312e-09]
not reaching the requested tolerance 1e-09.
Use iteration 51 instead with accuracy 
3.448813117558122e-09.

  values, vectors = lobpcg(projected_hamiltonian, guess, largest=False,
/home/erosanow_hpc/informed_swapping/BARK.py:156: UserWarning: Exited postprocessing with accuracies 
[3.4488129e-09]
not reaching the requested tolerance 1e-09.
  values, vectors = lobpcg(projected_hamiltonian, guess, largest=False,
/home/erosanow_hpc/informed_swapping/BARK.py:156: UserWarning: Exited at iteration 50 with accuracies 
[3.29547071e-09]
not reaching the requested tolerance 1e-09.
Use iteration 51 instead with accuracy 
3.295470709353978e-09.

  values, vectors = lobpcg(projected_hamiltonian, guess, largest=False,
/home/erosanow_hpc/informed_swapping/BARK.py:156: UserWarning: Exited postprocessing with accuracies 
[3.2954711e-09]
not reaching the requested tolerance 1e-09.
  values, vectors = lobpcg(projected_hamiltonian, guess, largest=False,
/home/erosanow_hpc/informed_swapping/BARK.py:156: UserWarning: Exited at iteration 50 with accuracies 
[4.29682527e-09]
not reaching the requested tolerance 1e-09.
Use iteration 51 instead with accuracy 
4.296825268192897e-09.

  values, vectors = lobpcg(projected_hamiltonian, guess, largest=False,
/home/erosanow_hpc/informed_swapping/BARK.py:156: UserWarning: Exited postprocessing with accuracies 
[4.29682526e-09]
not reaching the requested tolerance 1e-09.
  values, vectors = lobpcg(projected_hamiltonian, guess, largest=False,
/home/erosanow_hpc/informed_swapping/BARK.py:156: UserWarning: Exited at iteration 50 with accuracies 
[2.04968088e-09]
not reaching the requested tolerance 1e-09.
Use iteration 51 instead with accuracy 
2.0496808813503985e-09.

  values, vectors = lobpcg(projected_hamiltonian, guess, largest=False,
/home/erosanow_hpc/informed_swapping/BARK.py:156: UserWarning: Exited postprocessing with accuracies 
[2.04968097e-09]
not reaching the requested tolerance 1e-09.
  values, vectors = lobpcg(projected_hamiltonian, guess, largest=False,
/home/erosanow_hpc/informed_swapping/BARK.py:156: UserWarning: Exited at iteration 50 with accuracies 
[2.64125758e-09]
not reaching the requested tolerance 1e-09.
Use iteration 51 instead with accuracy 
2.641257584486904e-09.

  values, vectors = lobpcg(projected_hamiltonian, guess, largest=False,
/home/erosanow_hpc/informed_swapping/BARK.py:156: UserWarning: Exited postprocessing with accuracies 
[2.64125722e-09]
not reaching the requested tolerance 1e-09.
  values, vectors = lobpcg(projected_hamiltonian, guess, largest=False,
/home/erosanow_hpc/informed_swapping/BARK.py:156: UserWarning: Exited at iteration 50 with accuracies 
[2.66358133e-09]
not reaching the requested tolerance 1e-09.
Use iteration 51 instead with accuracy 
2.663581327560631e-09.

  values, vectors = lobpcg(projected_hamiltonian, guess, largest=False,
/home/erosanow_hpc/informed_swapping/BARK.py:156: UserWarning: Exited postprocessing with accuracies 
[2.66358138e-09]
not reaching the requested tolerance 1e-09.
  values, vectors = lobpcg(projected_hamiltonian, guess, largest=False,
/home/erosanow_hpc/informed_swapping/BARK.py:156: UserWarning: Exited at iteration 50 with accuracies 
[5.38233066e-09]
not reaching the requested tolerance 1e-09.
Use iteration 51 instead with accuracy 
5.382330664189725e-09.

  values, vectors = lobpcg(projected_hamiltonian, guess, largest=False,
/home/erosanow_hpc/informed_swapping/BARK.py:156: UserWarning: Exited postprocessing with accuracies 
[5.38233121e-09]
not reaching the requested tolerance 1e-09.
  values, vectors = lobpcg(projected_hamiltonian, guess, largest=False,
/home/erosanow_hpc/informed_swapping/BARK.py:156: UserWarning: Exited at iteration 50 with accuracies 
[2.971494e-09]
not reaching the requested tolerance 1e-09.
Use iteration 51 instead with accuracy 
2.9714940041815048e-09.

  values, vectors = lobpcg(projected_hamiltonian, guess, largest=False,
/home/erosanow_hpc/informed_swapping/BARK.py:156: UserWarning: Exited postprocessing with accuracies 
[2.97149367e-09]
not reaching the requested tolerance 1e-09.
  values, vectors = lobpcg(projected_hamiltonian, guess, largest=False,
/home/erosanow_hpc/informed_swapping/BARK.py:156: UserWarning: Exited at iteration 50 with accuracies 
[4.0089706e-09]
not reaching the requested tolerance 1e-09.
Use iteration 51 instead with accuracy 
4.0089706028300416e-09.

  values, vectors = lobpcg(projected_hamiltonian, guess, largest=False,
/home/erosanow_hpc/informed_swapping/BARK.py:156: UserWarning: Exited postprocessing with accuracies 
[4.00897086e-09]
not reaching the requested tolerance 1e-09.
  values, vectors = lobpcg(projected_hamiltonian, guess, largest=False,
/home/erosanow_hpc/informed_swapping/BARK.py:156: UserWarning: Exited at iteration 50 with accuracies 
[3.82271322e-09]
not reaching the requested tolerance 1e-09.
Use iteration 51 instead with accuracy 
3.822713223907716e-09.

  values, vectors = lobpcg(projected_hamiltonian, guess, largest=False,
/home/erosanow_hpc/informed_swapping/BARK.py:156: UserWarning: Exited postprocessing with accuracies 
[3.82271234e-09]
not reaching the requested tolerance 1e-09.
  values, vectors = lobpcg(projected_hamiltonian, guess, largest=False,
/home/erosanow_hpc/informed_swapping/BARK.py:156: UserWarning: Exited at iteration 50 with accuracies 
[7.41870942e-09]
not reaching the requested tolerance 1e-09.
Use iteration 51 instead with accuracy 
7.4187094196356805e-09.

  values, vectors = lobpcg(projected_hamiltonian, guess, largest=False,
/home/erosanow_hpc/informed_swapping/BARK.py:156: UserWarning: Exited postprocessing with accuracies 
[7.41870956e-09]
not reaching the requested tolerance 1e-09.
  values, vectors = lobpcg(projected_hamiltonian, guess, largest=False,
/home/erosanow_hpc/informed_swapping/BARK.py:156: UserWarning: Exited at iteration 50 with accuracies 
[1.40781159e-09]
not reaching the requested tolerance 1e-09.
Use iteration 51 instead with accuracy 
1.4078115922919257e-09.

  values, vectors = lobpcg(projected_hamiltonian, guess, largest=False,
/home/erosanow_hpc/informed_swapping/BARK.py:156: UserWarning: Exited postprocessing with accuracies 
[1.40781144e-09]
not reaching the requested tolerance 1e-09.
  values, vectors = lobpcg(projected_hamiltonian, guess, largest=False,
/home/erosanow_hpc/informed_swapping/BARK.py:156: UserWarning: Exited at iteration 50 with accuracies 
[1.64143058e-09]
not reaching the requested tolerance 1e-09.
Use iteration 51 instead with accuracy 
1.6414305838203234e-09.

  values, vectors = lobpcg(projected_hamiltonian, guess, largest=False,
/home/erosanow_hpc/informed_swapping/BARK.py:156: UserWarning: Exited postprocessing with accuracies 
[1.64143069e-09]
not reaching the requested tolerance 1e-09.
  values, vectors = lobpcg(projected_hamiltonian, guess, largest=False,
/home/erosanow_hpc/informed_swapping/BARK.py:156: UserWarning: Exited at iteration 50 with accuracies 
[1.61810699e-09]
not reaching the requested tolerance 1e-09.
Use iteration 51 instead with accuracy 
1.6181069910949784e-09.

  values, vectors = lobpcg(projected_hamiltonian, guess, largest=False,
/home/erosanow_hpc/informed_swapping/BARK.py:156: UserWarning: Exited postprocessing with accuracies 
[1.61810665e-09]
not reaching the requested tolerance 1e-09.
  values, vectors = lobpcg(projected_hamiltonian, guess, largest=False,
/home/erosanow_hpc/informed_swapping/BARK.py:156: UserWarning: Exited at iteration 50 with accuracies 
[3.45741366e-09]
not reaching the requested tolerance 1e-09.
Use iteration 51 instead with accuracy 
3.4574136607019055e-09.

  values, vectors = lobpcg(projected_hamiltonian, guess, largest=False,
/home/erosanow_hpc/informed_swapping/BARK.py:156: UserWarning: Exited postprocessing with accuracies 
[3.45741393e-09]
not reaching the requested tolerance 1e-09.
  values, vectors = lobpcg(projected_hamiltonian, guess, largest=False,
/home/erosanow_hpc/informed_swapping/BARK.py:156: UserWarning: Exited at iteration 50 with accuracies 
[2.31728193e-09]
not reaching the requested tolerance 1e-09.
Use iteration 51 instead with accuracy 
2.317281927334789e-09.

  values, vectors = lobpcg(projected_hamiltonian, guess, largest=False,
/home/erosanow_hpc/informed_swapping/BARK.py:156: UserWarning: Exited postprocessing with accuracies 
[2.3172817e-09]
not reaching the requested tolerance 1e-09.
  values, vectors = lobpcg(projected_hamiltonian, guess, largest=False,
/home/erosanow_hpc/informed_swapping/BARK.py:156: UserWarning: Exited at iteration 50 with accuracies 
[2.95637079e-09]
not reaching the requested tolerance 1e-09.
Use iteration 51 instead with accuracy 
2.9563707945248196e-09.

  values, vectors = lobpcg(projected_hamiltonian, guess, largest=False,
/home/erosanow_hpc/informed_swapping/BARK.py:156: UserWarning: Exited postprocessing with accuracies 
[2.95637086e-09]
not reaching the requested tolerance 1e-09.
  values, vectors = lobpcg(projected_hamiltonian, guess, largest=False,
/home/erosanow_hpc/informed_swapping/BARK.py:156: UserWarning: Exited at iteration 50 with accuracies 
[2.77206448e-09]
not reaching the requested tolerance 1e-09.
Use iteration 51 instead with accuracy 
2.7720644752876204e-09.

  values, vectors = lobpcg(projected_hamiltonian, guess, largest=False,
/home/erosanow_hpc/informed_swapping/BARK.py:156: UserWarning: Exited postprocessing with accuracies 
[2.77206474e-09]
not reaching the requested tolerance 1e-09.
  values, vectors = lobpcg(projected_hamiltonian, guess, largest=False,
/home/erosanow_hpc/informed_swapping/BARK.py:156: UserWarning: Exited at iteration 50 with accuracies 
[5.68606533e-09]
not reaching the requested tolerance 1e-09.
Use iteration 51 instead with accuracy 
5.68606533368697e-09.

  values, vectors = lobpcg(projected_hamiltonian, guess, largest=False,
/home/erosanow_hpc/informed_swapping/BARK.py:156: UserWarning: Exited postprocessing with accuracies 
[5.68606527e-09]
not reaching the requested tolerance 1e-09.
  values, vectors = lobpcg(projected_hamiltonian, guess, largest=False,
/home/erosanow_hpc/informed_swapping/BARK.py:156: UserWarning: Exited at iteration 50 with accuracies 
[2.17469533e-09]
not reaching the requested tolerance 1e-09.
Use iteration 51 instead with accuracy 
2.174695333965963e-09.

  values, vectors = lobpcg(projected_hamiltonian, guess, largest=False,
/home/erosanow_hpc/informed_swapping/BARK.py:156: UserWarning: Exited postprocessing with accuracies 
[2.17469486e-09]
not reaching the requested tolerance 1e-09.
  values, vectors = lobpcg(projected_hamiltonian, guess, largest=False,
/home/erosanow_hpc/informed_swapping/BARK.py:156: UserWarning: Exited at iteration 50 with accuracies 
[4.41630805e-09]
not reaching the requested tolerance 1e-09.
Use iteration 51 instead with accuracy 
4.4163080511176064e-09.

  values, vectors = lobpcg(projected_hamiltonian, guess, largest=False,
/home/erosanow_hpc/informed_swapping/BARK.py:156: UserWarning: Exited postprocessing with accuracies 
[4.41630819e-09]
not reaching the requested tolerance 1e-09.
  values, vectors = lobpcg(projected_hamiltonian, guess, largest=False,
/home/erosanow_hpc/informed_swapping/BARK.py:156: UserWarning: Exited at iteration 50 with accuracies 
[4.41534848e-09]
not reaching the requested tolerance 1e-09.
Use iteration 51 instead with accuracy 
4.415348478802104e-09.

  values, vectors = lobpcg(projected_hamiltonian, guess, largest=False,
/home/erosanow_hpc/informed_swapping/BARK.py:156: UserWarning: Exited postprocessing with accuracies 
[4.41534846e-09]
not reaching the requested tolerance 1e-09.
  values, vectors = lobpcg(projected_hamiltonian, guess, largest=False,
/home/erosanow_hpc/informed_swapping/BARK.py:156: UserWarning: Exited at iteration 50 with accuracies 
[6.30596549e-09]
not reaching the requested tolerance 1e-09.
Use iteration 51 instead with accuracy 
6.3059654859247535e-09.

  values, vectors = lobpcg(projected_hamiltonian, guess, largest=False,
/home/erosanow_hpc/informed_swapping/BARK.py:156: UserWarning: Exited postprocessing with accuracies 
[6.30596552e-09]
not reaching the requested tolerance 1e-09.
  values, vectors = lobpcg(projected_hamiltonian, guess, largest=False,
/home/erosanow_hpc/informed_swapping/BARK.py:156: UserWarning: Exited at iteration 50 with accuracies 
[3.3361854e-09]
not reaching the requested tolerance 1e-09.
Use iteration 51 instead with accuracy 
3.336185398238986e-09.

  values, vectors = lobpcg(projected_hamiltonian, guess, largest=False,
/home/erosanow_hpc/informed_swapping/BARK.py:156: UserWarning: Exited postprocessing with accuracies 
[3.3361852e-09]
not reaching the requested tolerance 1e-09.
  values, vectors = lobpcg(projected_hamiltonian, guess, largest=False,
/home/erosanow_hpc/informed_swapping/BARK.py:156: UserWarning: Exited at iteration 50 with accuracies 
[6.5385134e-09]
not reaching the requested tolerance 1e-09.
Use iteration 51 instead with accuracy 
6.538513396266613e-09.

  values, vectors = lobpcg(projected_hamiltonian, guess, largest=False,
/home/erosanow_hpc/informed_swapping/BARK.py:156: UserWarning: Exited postprocessing with accuracies 
[6.53851397e-09]
not reaching the requested tolerance 1e-09.
  values, vectors = lobpcg(projected_hamiltonian, guess, largest=False,
/home/erosanow_hpc/informed_swapping/BARK.py:156: UserWarning: Exited at iteration 50 with accuracies 
[6.16089114e-09]
not reaching the requested tolerance 1e-09.
Use iteration 51 instead with accuracy 
6.16089114023654e-09.

  values, vectors = lobpcg(projected_hamiltonian, guess, largest=False,
/home/erosanow_hpc/informed_swapping/BARK.py:156: UserWarning: Exited postprocessing with accuracies 
[6.16089105e-09]
not reaching the requested tolerance 1e-09.
  values, vectors = lobpcg(projected_hamiltonian, guess, largest=False,
/home/erosanow_hpc/informed_swapping/BARK.py:156: UserWarning: Exited at iteration 50 with accuracies 
[9.00951745e-09]
not reaching the requested tolerance 1e-09.
Use iteration 51 instead with accuracy 
9.00951744590555e-09.

  values, vectors = lobpcg(projected_hamiltonian, guess, largest=False,
/home/erosanow_hpc/informed_swapping/BARK.py:156: UserWarning: Exited postprocessing with accuracies 
[9.00951677e-09]
not reaching the requested tolerance 1e-09.
  values, vectors = lobpcg(projected_hamiltonian, guess, largest=False,
/home/erosanow_hpc/informed_swapping/BARK.py:156: UserWarning: Exited at iteration 50 with accuracies 
[3.21348067e-09]
not reaching the requested tolerance 1e-09.
Use iteration 51 instead with accuracy 
3.2134806694114447e-09.

  values, vectors = lobpcg(projected_hamiltonian, guess, largest=False,
/home/erosanow_hpc/informed_swapping/BARK.py:156: UserWarning: Exited postprocessing with accuracies 
[3.21348032e-09]
not reaching the requested tolerance 1e-09.
  values, vectors = lobpcg(projected_hamiltonian, guess, largest=False,
/home/erosanow_hpc/informed_swapping/BARK.py:156: UserWarning: Exited at iteration 50 with accuracies 
[4.1453846e-09]
not reaching the requested tolerance 1e-09.
Use iteration 51 instead with accuracy 
4.145384601410878e-09.

  values, vectors = lobpcg(projected_hamiltonian, guess, largest=False,
/home/erosanow_hpc/informed_swapping/BARK.py:156: UserWarning: Exited postprocessing with accuracies 
[4.1453841e-09]
not reaching the requested tolerance 1e-09.
  values, vectors = lobpcg(projected_hamiltonian, guess, largest=False,
/home/erosanow_hpc/informed_swapping/BARK.py:156: UserWarning: Exited at iteration 50 with accuracies 
[4.17296106e-09]
not reaching the requested tolerance 1e-09.
Use iteration 51 instead with accuracy 
4.172961063356708e-09.

  values, vectors = lobpcg(projected_hamiltonian, guess, largest=False,
/home/erosanow_hpc/informed_swapping/BARK.py:156: UserWarning: Exited postprocessing with accuracies 
[4.17296084e-09]
not reaching the requested tolerance 1e-09.
  values, vectors = lobpcg(projected_hamiltonian, guess, largest=False,
/home/erosanow_hpc/informed_swapping/BARK.py:156: UserWarning: Exited at iteration 50 with accuracies 
[8.4028858e-09]
not reaching the requested tolerance 1e-09.
Use iteration 51 instead with accuracy 
8.402885803749429e-09.

  values, vectors = lobpcg(projected_hamiltonian, guess, largest=False,
/home/erosanow_hpc/informed_swapping/BARK.py:156: UserWarning: Exited postprocessing with accuracies 
[8.40288608e-09]
not reaching the requested tolerance 1e-09.
  values, vectors = lobpcg(projected_hamiltonian, guess, largest=False,
/home/erosanow_hpc/informed_swapping/BARK.py:156: UserWarning: Exited at iteration 50 with accuracies 
[5.62081967e-09]
not reaching the requested tolerance 1e-09.
Use iteration 51 instead with accuracy 
5.62081966513632e-09.

  values, vectors = lobpcg(projected_hamiltonian, guess, largest=False,
/home/erosanow_hpc/informed_swapping/BARK.py:156: UserWarning: Exited postprocessing with accuracies 
[5.62081935e-09]
not reaching the requested tolerance 1e-09.
  values, vectors = lobpcg(projected_hamiltonian, guess, largest=False,
/home/erosanow_hpc/informed_swapping/BARK.py:156: UserWarning: Exited at iteration 50 with accuracies 
[7.83633164e-09]
not reaching the requested tolerance 1e-09.
Use iteration 51 instead with accuracy 
7.836331636366049e-09.

  values, vectors = lobpcg(projected_hamiltonian, guess, largest=False,
/home/erosanow_hpc/informed_swapping/BARK.py:156: UserWarning: Exited postprocessing with accuracies 
[7.83633153e-09]
not reaching the requested tolerance 1e-09.
  values, vectors = lobpcg(projected_hamiltonian, guess, largest=False,
/home/erosanow_hpc/informed_swapping/BARK.py:156: UserWarning: Exited at iteration 50 with accuracies 
[7.37251797e-09]
not reaching the requested tolerance 1e-09.
Use iteration 51 instead with accuracy 
7.37251797069188e-09.

  values, vectors = lobpcg(projected_hamiltonian, guess, largest=False,
/home/erosanow_hpc/informed_swapping/BARK.py:156: UserWarning: Exited postprocessing with accuracies 
[7.3725179e-09]
not reaching the requested tolerance 1e-09.
  values, vectors = lobpcg(projected_hamiltonian, guess, largest=False,
/home/erosanow_hpc/informed_swapping/BARK.py:156: UserWarning: Exited at iteration 50 with accuracies 
[1.45781581e-08]
not reaching the requested tolerance 1e-09.
Use iteration 51 instead with accuracy 
1.4578158145308428e-08.

  values, vectors = lobpcg(projected_hamiltonian, guess, largest=False,
/home/erosanow_hpc/informed_swapping/BARK.py:156: UserWarning: Exited postprocessing with accuracies 
[1.4578158e-08]
not reaching the requested tolerance 1e-09.
  values, vectors = lobpcg(projected_hamiltonian, guess, largest=False,
/home/erosanow_hpc/informed_swapping/BARK.py:156: UserWarning: Exited at iteration 50 with accuracies 
[4.76523298e-09]
not reaching the requested tolerance 1e-09.
Use iteration 51 instead with accuracy 
4.765232982706603e-09.

  values, vectors = lobpcg(projected_hamiltonian, guess, largest=False,
/home/erosanow_hpc/informed_swapping/BARK.py:156: UserWarning: Exited postprocessing with accuracies 
[4.76523291e-09]
not reaching the requested tolerance 1e-09.
  values, vectors = lobpcg(projected_hamiltonian, guess, largest=False,
/home/erosanow_hpc/informed_swapping/BARK.py:156: UserWarning: Exited at iteration 50 with accuracies 
[8.94439391e-09]
not reaching the requested tolerance 1e-09.
Use iteration 51 instead with accuracy 
8.944393910854885e-09.

  values, vectors = lobpcg(projected_hamiltonian, guess, largest=False,
/home/erosanow_hpc/informed_swapping/BARK.py:156: UserWarning: Exited postprocessing with accuracies 
[8.94439411e-09]
not reaching the requested tolerance 1e-09.
  values, vectors = lobpcg(projected_hamiltonian, guess, largest=False,
/home/erosanow_hpc/informed_swapping/BARK.py:156: UserWarning: Exited at iteration 50 with accuracies 
[9.12356276e-09]
not reaching the requested tolerance 1e-09.
Use iteration 51 instead with accuracy 
9.123562760546948e-09.

  values, vectors = lobpcg(projected_hamiltonian, guess, largest=False,
/home/erosanow_hpc/informed_swapping/BARK.py:156: UserWarning: Exited postprocessing with accuracies 
[9.12356249e-09]
not reaching the requested tolerance 1e-09.
  values, vectors = lobpcg(projected_hamiltonian, guess, largest=False,
/home/erosanow_hpc/informed_swapping/BARK.py:156: UserWarning: Exited at iteration 50 with accuracies 
[1.39070876e-08]
not reaching the requested tolerance 1e-09.
Use iteration 51 instead with accuracy 
1.3907087570964177e-08.

  values, vectors = lobpcg(projected_hamiltonian, guess, largest=False,
/home/erosanow_hpc/informed_swapping/BARK.py:156: UserWarning: Exited postprocessing with accuracies 
[1.39070879e-08]
not reaching the requested tolerance 1e-09.
  values, vectors = lobpcg(projected_hamiltonian, guess, largest=False,
/home/erosanow_hpc/informed_swapping/BARK.py:156: UserWarning: Exited at iteration 50 with accuracies 
[7.53528894e-09]
not reaching the requested tolerance 1e-09.
Use iteration 51 instead with accuracy 
7.535288937173067e-09.

  values, vectors = lobpcg(projected_hamiltonian, guess, largest=False,
/home/erosanow_hpc/informed_swapping/BARK.py:156: UserWarning: Exited postprocessing with accuracies 
[7.53528806e-09]
not reaching the requested tolerance 1e-09.
  values, vectors = lobpcg(projected_hamiltonian, guess, largest=False,
/home/erosanow_hpc/informed_swapping/BARK.py:156: UserWarning: Exited at iteration 50 with accuracies 
[1.38400084e-08]
not reaching the requested tolerance 1e-09.
Use iteration 51 instead with accuracy 
1.384000836846771e-08.

  values, vectors = lobpcg(projected_hamiltonian, guess, largest=False,
/home/erosanow_hpc/informed_swapping/BARK.py:156: UserWarning: Exited postprocessing with accuracies 
[1.38400092e-08]
not reaching the requested tolerance 1e-09.
  values, vectors = lobpcg(projected_hamiltonian, guess, largest=False,
/home/erosanow_hpc/informed_swapping/BARK.py:156: UserWarning: Exited at iteration 50 with accuracies 
[1.29924379e-08]
not reaching the requested tolerance 1e-09.
Use iteration 51 instead with accuracy 
1.29924378767132e-08.

  values, vectors = lobpcg(projected_hamiltonian, guess, largest=False,
/home/erosanow_hpc/informed_swapping/BARK.py:156: UserWarning: Exited postprocessing with accuracies 
[1.29924382e-08]
not reaching the requested tolerance 1e-09.
  values, vectors = lobpcg(projected_hamiltonian, guess, largest=False,
/home/erosanow_hpc/informed_swapping/BARK.py:156: UserWarning: Exited at iteration 50 with accuracies 
[2.02865238e-08]
not reaching the requested tolerance 1e-09.
Use iteration 51 instead with accuracy 
2.0286523766636612e-08.

  values, vectors = lobpcg(projected_hamiltonian, guess, largest=False,
/home/erosanow_hpc/informed_swapping/BARK.py:156: UserWarning: Exited postprocessing with accuracies 
[2.0286524e-08]
not reaching the requested tolerance 1e-09.
  values, vectors = lobpcg(projected_hamiltonian, guess, largest=False,
/home/erosanow_hpc/informed_swapping/BARK.py:156: UserWarning: Exited at iteration 50 with accuracies 
[1.05121509e-09]
not reaching the requested tolerance 1e-09.
Use iteration 51 instead with accuracy 
1.0512150876656157e-09.

  values, vectors = lobpcg(projected_hamiltonian, guess, largest=False,
/home/erosanow_hpc/informed_swapping/BARK.py:156: UserWarning: Exited postprocessing with accuracies 
[1.05121515e-09]
not reaching the requested tolerance 1e-09.
  values, vectors = lobpcg(projected_hamiltonian, guess, largest=False,
/home/erosanow_hpc/informed_swapping/BARK.py:156: UserWarning: Exited at iteration 50 with accuracies 
[1.0481493e-09]
not reaching the requested tolerance 1e-09.
Use iteration 51 instead with accuracy 
1.0481493024813846e-09.

  values, vectors = lobpcg(projected_hamiltonian, guess, largest=False,
/home/erosanow_hpc/informed_swapping/BARK.py:156: UserWarning: Exited postprocessing with accuracies 
[1.04814902e-09]
not reaching the requested tolerance 1e-09.
  values, vectors = lobpcg(projected_hamiltonian, guess, largest=False,
/home/erosanow_hpc/informed_swapping/BARK.py:156: UserWarning: Exited at iteration 50 with accuracies 
[1.04941379e-09]
not reaching the requested tolerance 1e-09.
Use iteration 51 instead with accuracy 
1.049413790832262e-09.

  values, vectors = lobpcg(projected_hamiltonian, guess, largest=False,
/home/erosanow_hpc/informed_swapping/BARK.py:156: UserWarning: Exited postprocessing with accuracies 
[1.04941364e-09]
not reaching the requested tolerance 1e-09.
  values, vectors = lobpcg(projected_hamiltonian, guess, largest=False,
/home/erosanow_hpc/informed_swapping/BARK.py:156: UserWarning: Exited at iteration 50 with accuracies 
[2.2603395e-09]
not reaching the requested tolerance 1e-09.
Use iteration 51 instead with accuracy 
2.260339500771435e-09.

  values, vectors = lobpcg(projected_hamiltonian, guess, largest=False,
/home/erosanow_hpc/informed_swapping/BARK.py:156: UserWarning: Exited postprocessing with accuracies 
[2.26034019e-09]
not reaching the requested tolerance 1e-09.
  values, vectors = lobpcg(projected_hamiltonian, guess, largest=False,
/home/erosanow_hpc/informed_swapping/BARK.py:156: UserWarning: Exited at iteration 50 with accuracies 
[2.65984098e-09]
not reaching the requested tolerance 1e-09.
Use iteration 51 instead with accuracy 
2.659840975856679e-09.

  values, vectors = lobpcg(projected_hamiltonian, guess, largest=False,
/home/erosanow_hpc/informed_swapping/BARK.py:156: UserWarning: Exited postprocessing with accuracies 
[2.65984132e-09]
not reaching the requested tolerance 1e-09.
  values, vectors = lobpcg(projected_hamiltonian, guess, largest=False,
/home/erosanow_hpc/informed_swapping/BARK.py:156: UserWarning: Exited at iteration 50 with accuracies 
[2.92614771e-09]
not reaching the requested tolerance 1e-09.
Use iteration 51 instead with accuracy 
2.926147714228252e-09.

  values, vectors = lobpcg(projected_hamiltonian, guess, largest=False,
/home/erosanow_hpc/informed_swapping/BARK.py:156: UserWarning: Exited postprocessing with accuracies 
[2.92614767e-09]
not reaching the requested tolerance 1e-09.
  values, vectors = lobpcg(projected_hamiltonian, guess, largest=False,
/home/erosanow_hpc/informed_swapping/BARK.py:156: UserWarning: Exited at iteration 50 with accuracies 
[2.26114151e-09]
not reaching the requested tolerance 1e-09.
Use iteration 51 instead with accuracy 
2.2611415134640436e-09.

  values, vectors = lobpcg(projected_hamiltonian, guess, largest=False,
/home/erosanow_hpc/informed_swapping/BARK.py:156: UserWarning: Exited postprocessing with accuracies 
[2.2611415e-09]
not reaching the requested tolerance 1e-09.
  values, vectors = lobpcg(projected_hamiltonian, guess, largest=False,
/home/erosanow_hpc/informed_swapping/BARK.py:156: UserWarning: Exited at iteration 50 with accuracies 
[1.98712224e-09]
not reaching the requested tolerance 1e-09.
Use iteration 51 instead with accuracy 
1.987122242999348e-09.

  values, vectors = lobpcg(projected_hamiltonian, guess, largest=False,
/home/erosanow_hpc/informed_swapping/BARK.py:156: UserWarning: Exited postprocessing with accuracies 
[1.98712255e-09]
not reaching the requested tolerance 1e-09.
  values, vectors = lobpcg(projected_hamiltonian, guess, largest=False,
/home/erosanow_hpc/informed_swapping/BARK.py:156: UserWarning: Exited at iteration 50 with accuracies 
[1.00408511e-09]
not reaching the requested tolerance 1e-09.
Use iteration 51 instead with accuracy 
1.004085110437857e-09.

  values, vectors = lobpcg(projected_hamiltonian, guess, largest=False,
/home/erosanow_hpc/informed_swapping/BARK.py:156: UserWarning: Exited postprocessing with accuracies 
[1.00408478e-09]
not reaching the requested tolerance 1e-09.
  values, vectors = lobpcg(projected_hamiltonian, guess, largest=False,
/home/erosanow_hpc/informed_swapping/BARK.py:156: UserWarning: Exited at iteration 50 with accuracies 
[1.02456841e-09]
not reaching the requested tolerance 1e-09.
Use iteration 51 instead with accuracy 
1.0245684061576144e-09.

  values, vectors = lobpcg(projected_hamiltonian, guess, largest=False,
/home/erosanow_hpc/informed_swapping/BARK.py:156: UserWarning: Exited postprocessing with accuracies 
[1.02456841e-09]
not reaching the requested tolerance 1e-09.
  values, vectors = lobpcg(projected_hamiltonian, guess, largest=False,
/home/erosanow_hpc/informed_swapping/BARK.py:156: UserWarning: Exited at iteration 50 with accuracies 
[1.03186119e-09]
not reaching the requested tolerance 1e-09.
Use iteration 51 instead with accuracy 
1.031861194846443e-09.

  values, vectors = lobpcg(projected_hamiltonian, guess, largest=False,
/home/erosanow_hpc/informed_swapping/BARK.py:156: UserWarning: Exited postprocessing with accuracies 
[1.03186102e-09]
not reaching the requested tolerance 1e-09.
  values, vectors = lobpcg(projected_hamiltonian, guess, largest=False,
/home/erosanow_hpc/informed_swapping/BARK.py:156: UserWarning: Exited at iteration 50 with accuracies 
[2.50236385e-09]
not reaching the requested tolerance 1e-09.
Use iteration 51 instead with accuracy 
2.502363845569954e-09.

  values, vectors = lobpcg(projected_hamiltonian, guess, largest=False,
/home/erosanow_hpc/informed_swapping/BARK.py:156: UserWarning: Exited postprocessing with accuracies 
[2.50236393e-09]
not reaching the requested tolerance 1e-09.
  values, vectors = lobpcg(projected_hamiltonian, guess, largest=False,
/home/erosanow_hpc/informed_swapping/BARK.py:156: UserWarning: Exited at iteration 50 with accuracies 
[1.18881765e-09]
not reaching the requested tolerance 1e-09.
Use iteration 51 instead with accuracy 
1.1888176496467526e-09.

  values, vectors = lobpcg(projected_hamiltonian, guess, largest=False,
/home/erosanow_hpc/informed_swapping/BARK.py:156: UserWarning: Exited postprocessing with accuracies 
[1.18881753e-09]
not reaching the requested tolerance 1e-09.
  values, vectors = lobpcg(projected_hamiltonian, guess, largest=False,
/home/erosanow_hpc/informed_swapping/BARK.py:156: UserWarning: Exited at iteration 50 with accuracies 
[1.21194596e-09]
not reaching the requested tolerance 1e-09.
Use iteration 51 instead with accuracy 
1.2119459634001686e-09.

  values, vectors = lobpcg(projected_hamiltonian, guess, largest=False,
/home/erosanow_hpc/informed_swapping/BARK.py:156: UserWarning: Exited postprocessing with accuracies 
[1.2119456e-09]
not reaching the requested tolerance 1e-09.
  values, vectors = lobpcg(projected_hamiltonian, guess, largest=False,
/home/erosanow_hpc/informed_swapping/BARK.py:156: UserWarning: Exited at iteration 50 with accuracies 
[1.06895986e-09]
not reaching the requested tolerance 1e-09.
Use iteration 51 instead with accuracy 
1.0689598587425118e-09.

  values, vectors = lobpcg(projected_hamiltonian, guess, largest=False,
/home/erosanow_hpc/informed_swapping/BARK.py:156: UserWarning: Exited postprocessing with accuracies 
[1.06896006e-09]
not reaching the requested tolerance 1e-09.
  values, vectors = lobpcg(projected_hamiltonian, guess, largest=False,
/home/erosanow_hpc/informed_swapping/BARK.py:156: UserWarning: Exited at iteration 50 with accuracies 
[2.94610575e-09]
not reaching the requested tolerance 1e-09.
Use iteration 51 instead with accuracy 
2.946105751885783e-09.

  values, vectors = lobpcg(projected_hamiltonian, guess, largest=False,
/home/erosanow_hpc/informed_swapping/BARK.py:156: UserWarning: Exited postprocessing with accuracies 
[2.94610595e-09]
not reaching the requested tolerance 1e-09.
  values, vectors = lobpcg(projected_hamiltonian, guess, largest=False,
/home/erosanow_hpc/informed_swapping/BARK.py:156: UserWarning: Exited at iteration 50 with accuracies 
[1.21380442e-09]
not reaching the requested tolerance 1e-09.
Use iteration 51 instead with accuracy 
1.2138044208318735e-09.

  values, vectors = lobpcg(projected_hamiltonian, guess, largest=False,
/home/erosanow_hpc/informed_swapping/BARK.py:156: UserWarning: Exited postprocessing with accuracies 
[1.21380488e-09]
not reaching the requested tolerance 1e-09.
  values, vectors = lobpcg(projected_hamiltonian, guess, largest=False,
/home/erosanow_hpc/informed_swapping/BARK.py:156: UserWarning: Exited at iteration 50 with accuracies 
[1.18759602e-09]
not reaching the requested tolerance 1e-09.
Use iteration 51 instead with accuracy 
1.1875960249456593e-09.

  values, vectors = lobpcg(projected_hamiltonian, guess, largest=False,
/home/erosanow_hpc/informed_swapping/BARK.py:156: UserWarning: Exited postprocessing with accuracies 
[1.18759577e-09]
not reaching the requested tolerance 1e-09.
  values, vectors = lobpcg(projected_hamiltonian, guess, largest=False,
/home/erosanow_hpc/informed_swapping/BARK.py:156: UserWarning: Exited at iteration 50 with accuracies 
[2.45449326e-09]
not reaching the requested tolerance 1e-09.
Use iteration 51 instead with accuracy 
2.454493259941733e-09.

  values, vectors = lobpcg(projected_hamiltonian, guess, largest=False,
/home/erosanow_hpc/informed_swapping/BARK.py:156: UserWarning: Exited postprocessing with accuracies 
[2.45449369e-09]
not reaching the requested tolerance 1e-09.
  values, vectors = lobpcg(projected_hamiltonian, guess, largest=False,
/home/erosanow_hpc/informed_swapping/BARK.py:156: UserWarning: Exited at iteration 50 with accuracies 
[1.35225441e-09]
not reaching the requested tolerance 1e-09.
Use iteration 51 instead with accuracy 
1.3522544055012072e-09.

  values, vectors = lobpcg(projected_hamiltonian, guess, largest=False,
/home/erosanow_hpc/informed_swapping/BARK.py:156: UserWarning: Exited postprocessing with accuracies 
[1.35225429e-09]
not reaching the requested tolerance 1e-09.
  values, vectors = lobpcg(projected_hamiltonian, guess, largest=False,
/home/erosanow_hpc/informed_swapping/BARK.py:156: UserWarning: Exited at iteration 50 with accuracies 
[1.93058902e-09]
not reaching the requested tolerance 1e-09.
Use iteration 51 instead with accuracy 
1.930589023316323e-09.

  values, vectors = lobpcg(projected_hamiltonian, guess, largest=False,
/home/erosanow_hpc/informed_swapping/BARK.py:156: UserWarning: Exited postprocessing with accuracies 
[1.93058873e-09]
not reaching the requested tolerance 1e-09.
  values, vectors = lobpcg(projected_hamiltonian, guess, largest=False,
/home/erosanow_hpc/informed_swapping/BARK.py:156: UserWarning: Exited at iteration 50 with accuracies 
[1.19069747e-09]
not reaching the requested tolerance 1e-09.
Use iteration 51 instead with accuracy 
1.1906974685256173e-09.

  values, vectors = lobpcg(projected_hamiltonian, guess, largest=False,
/home/erosanow_hpc/informed_swapping/BARK.py:156: UserWarning: Exited postprocessing with accuracies 
[1.19069741e-09]
not reaching the requested tolerance 1e-09.
  values, vectors = lobpcg(projected_hamiltonian, guess, largest=False,
/home/erosanow_hpc/informed_swapping/BARK.py:156: UserWarning: Exited at iteration 50 with accuracies 
[1.47264738e-09]
not reaching the requested tolerance 1e-09.
Use iteration 51 instead with accuracy 
1.4726473766522158e-09.

  values, vectors = lobpcg(projected_hamiltonian, guess, largest=False,
/home/erosanow_hpc/informed_swapping/BARK.py:156: UserWarning: Exited postprocessing with accuracies 
[1.47264694e-09]
not reaching the requested tolerance 1e-09.
  values, vectors = lobpcg(projected_hamiltonian, guess, largest=False,
/home/erosanow_hpc/informed_swapping/BARK.py:156: UserWarning: Exited at iteration 50 with accuracies 
[1.55536371e-09]
not reaching the requested tolerance 1e-09.
Use iteration 51 instead with accuracy 
1.5553637063752882e-09.

  values, vectors = lobpcg(projected_hamiltonian, guess, largest=False,
/home/erosanow_hpc/informed_swapping/BARK.py:156: UserWarning: Exited postprocessing with accuracies 
[1.55536362e-09]
not reaching the requested tolerance 1e-09.
  values, vectors = lobpcg(projected_hamiltonian, guess, largest=False,
/home/erosanow_hpc/informed_swapping/BARK.py:156: UserWarning: Exited at iteration 50 with accuracies 
[3.78370923e-09]
not reaching the requested tolerance 1e-09.
Use iteration 51 instead with accuracy 
3.783709228203518e-09.

  values, vectors = lobpcg(projected_hamiltonian, guess, largest=False,
/home/erosanow_hpc/informed_swapping/BARK.py:156: UserWarning: Exited postprocessing with accuracies 
[3.78370971e-09]
not reaching the requested tolerance 1e-09.
  values, vectors = lobpcg(projected_hamiltonian, guess, largest=False,
/home/erosanow_hpc/informed_swapping/BARK.py:156: UserWarning: Exited at iteration 50 with accuracies 
[4.46159126e-09]
not reaching the requested tolerance 1e-09.
Use iteration 51 instead with accuracy 
4.46159126454938e-09.

  values, vectors = lobpcg(projected_hamiltonian, guess, largest=False,
/home/erosanow_hpc/informed_swapping/BARK.py:156: UserWarning: Exited postprocessing with accuracies 
[4.46159186e-09]
not reaching the requested tolerance 1e-09.
  values, vectors = lobpcg(projected_hamiltonian, guess, largest=False,
/home/erosanow_hpc/informed_swapping/BARK.py:156: UserWarning: Exited at iteration 50 with accuracies 
[1.21427104e-09]
not reaching the requested tolerance 1e-09.
Use iteration 51 instead with accuracy 
1.2142710358972597e-09.

  values, vectors = lobpcg(projected_hamiltonian, guess, largest=False,
/home/erosanow_hpc/informed_swapping/BARK.py:156: UserWarning: Exited postprocessing with accuracies 
[1.21427114e-09]
not reaching the requested tolerance 1e-09.
  values, vectors = lobpcg(projected_hamiltonian, guess, largest=False,
/home/erosanow_hpc/informed_swapping/BARK.py:156: UserWarning: Exited at iteration 50 with accuracies 
[2.83979744e-09]
not reaching the requested tolerance 1e-09.
Use iteration 51 instead with accuracy 
2.8397974398406588e-09.

  values, vectors = lobpcg(projected_hamiltonian, guess, largest=False,
/home/erosanow_hpc/informed_swapping/BARK.py:156: UserWarning: Exited postprocessing with accuracies 
[2.83979628e-09]
not reaching the requested tolerance 1e-09.
  values, vectors = lobpcg(projected_hamiltonian, guess, largest=False,
/home/erosanow_hpc/informed_swapping/BARK.py:156: UserWarning: Exited at iteration 50 with accuracies 
[2.1687611e-09]
not reaching the requested tolerance 1e-09.
Use iteration 51 instead with accuracy 
2.168761096431234e-09.

  values, vectors = lobpcg(projected_hamiltonian, guess, largest=False,
/home/erosanow_hpc/informed_swapping/BARK.py:156: UserWarning: Exited postprocessing with accuracies 
[2.16876107e-09]
not reaching the requested tolerance 1e-09.
  values, vectors = lobpcg(projected_hamiltonian, guess, largest=False,
/home/erosanow_hpc/informed_swapping/BARK.py:156: UserWarning: Exited at iteration 50 with accuracies 
[2.17259389e-09]
not reaching the requested tolerance 1e-09.
Use iteration 51 instead with accuracy 
2.172593889312762e-09.

  values, vectors = lobpcg(projected_hamiltonian, guess, largest=False,
/home/erosanow_hpc/informed_swapping/BARK.py:156: UserWarning: Exited postprocessing with accuracies 
[2.17259382e-09]
not reaching the requested tolerance 1e-09.
  values, vectors = lobpcg(projected_hamiltonian, guess, largest=False,
/home/erosanow_hpc/informed_swapping/BARK.py:156: UserWarning: Exited at iteration 50 with accuracies 
[1.59545173e-09]
not reaching the requested tolerance 1e-09.
Use iteration 51 instead with accuracy 
1.5954517349391748e-09.

  values, vectors = lobpcg(projected_hamiltonian, guess, largest=False,
/home/erosanow_hpc/informed_swapping/BARK.py:156: UserWarning: Exited postprocessing with accuracies 
[1.59545176e-09]
not reaching the requested tolerance 1e-09.
  values, vectors = lobpcg(projected_hamiltonian, guess, largest=False,
/home/erosanow_hpc/informed_swapping/BARK.py:156: UserWarning: Exited at iteration 50 with accuracies 
[4.46073743e-09]
not reaching the requested tolerance 1e-09.
Use iteration 51 instead with accuracy 
4.460737433463979e-09.

  values, vectors = lobpcg(projected_hamiltonian, guess, largest=False,
/home/erosanow_hpc/informed_swapping/BARK.py:156: UserWarning: Exited postprocessing with accuracies 
[4.46073762e-09]
not reaching the requested tolerance 1e-09.
  values, vectors = lobpcg(projected_hamiltonian, guess, largest=False,
/home/erosanow_hpc/informed_swapping/BARK.py:156: UserWarning: Exited at iteration 50 with accuracies 
[1.99584831e-09]
not reaching the requested tolerance 1e-09.
Use iteration 51 instead with accuracy 
1.9958483067090905e-09.

  values, vectors = lobpcg(projected_hamiltonian, guess, largest=False,
/home/erosanow_hpc/informed_swapping/BARK.py:156: UserWarning: Exited postprocessing with accuracies 
[1.99584833e-09]
not reaching the requested tolerance 1e-09.
  values, vectors = lobpcg(projected_hamiltonian, guess, largest=False,
/home/erosanow_hpc/informed_swapping/BARK.py:156: UserWarning: Exited at iteration 50 with accuracies 
[2.86803281e-09]
not reaching the requested tolerance 1e-09.
Use iteration 51 instead with accuracy 
2.8680328087609347e-09.

  values, vectors = lobpcg(projected_hamiltonian, guess, largest=False,
/home/erosanow_hpc/informed_swapping/BARK.py:156: UserWarning: Exited postprocessing with accuracies 
[2.8680325e-09]
not reaching the requested tolerance 1e-09.
  values, vectors = lobpcg(projected_hamiltonian, guess, largest=False,
/home/erosanow_hpc/informed_swapping/BARK.py:156: UserWarning: Exited at iteration 50 with accuracies 
[2.29982117e-09]
not reaching the requested tolerance 1e-09.
Use iteration 51 instead with accuracy 
2.2998211660818486e-09.

  values, vectors = lobpcg(projected_hamiltonian, guess, largest=False,
/home/erosanow_hpc/informed_swapping/BARK.py:156: UserWarning: Exited postprocessing with accuracies 
[2.29982081e-09]
not reaching the requested tolerance 1e-09.
  values, vectors = lobpcg(projected_hamiltonian, guess, largest=False,
/home/erosanow_hpc/informed_swapping/BARK.py:156: UserWarning: Exited at iteration 50 with accuracies 
[2.73789686e-09]
not reaching the requested tolerance 1e-09.
Use iteration 51 instead with accuracy 
2.7378968603172017e-09.

  values, vectors = lobpcg(projected_hamiltonian, guess, largest=False,
/home/erosanow_hpc/informed_swapping/BARK.py:156: UserWarning: Exited postprocessing with accuracies 
[2.73789719e-09]
not reaching the requested tolerance 1e-09.
  values, vectors = lobpcg(projected_hamiltonian, guess, largest=False,
/home/erosanow_hpc/informed_swapping/BARK.py:156: UserWarning: Exited at iteration 50 with accuracies 
[2.06114829e-09]
not reaching the requested tolerance 1e-09.
Use iteration 51 instead with accuracy 
2.0611482911688096e-09.

  values, vectors = lobpcg(projected_hamiltonian, guess, largest=False,
/home/erosanow_hpc/informed_swapping/BARK.py:156: UserWarning: Exited postprocessing with accuracies 
[2.06114852e-09]
not reaching the requested tolerance 1e-09.
  values, vectors = lobpcg(projected_hamiltonian, guess, largest=False,
/home/erosanow_hpc/informed_swapping/BARK.py:156: UserWarning: Exited at iteration 50 with accuracies 
[5.6456536e-09]
not reaching the requested tolerance 1e-09.
Use iteration 51 instead with accuracy 
5.645653596712039e-09.

  values, vectors = lobpcg(projected_hamiltonian, guess, largest=False,
/home/erosanow_hpc/informed_swapping/BARK.py:156: UserWarning: Exited postprocessing with accuracies 
[5.64565407e-09]
not reaching the requested tolerance 1e-09.
  values, vectors = lobpcg(projected_hamiltonian, guess, largest=False,
/home/erosanow_hpc/informed_swapping/BARK.py:156: UserWarning: Exited at iteration 50 with accuracies 
[5.70675763e-09]
not reaching the requested tolerance 1e-09.
Use iteration 51 instead with accuracy 
5.706757626842334e-09.

  values, vectors = lobpcg(projected_hamiltonian, guess, largest=False,
/home/erosanow_hpc/informed_swapping/BARK.py:156: UserWarning: Exited postprocessing with accuracies 
[5.70675726e-09]
not reaching the requested tolerance 1e-09.
  values, vectors = lobpcg(projected_hamiltonian, guess, largest=False,
/home/erosanow_hpc/informed_swapping/BARK.py:156: UserWarning: Exited at iteration 50 with accuracies 
[6.83405879e-09]
not reaching the requested tolerance 1e-09.
Use iteration 51 instead with accuracy 
6.834058790412822e-09.

  values, vectors = lobpcg(projected_hamiltonian, guess, largest=False,
/home/erosanow_hpc/informed_swapping/BARK.py:156: UserWarning: Exited postprocessing with accuracies 
[6.83405914e-09]
not reaching the requested tolerance 1e-09.
  values, vectors = lobpcg(projected_hamiltonian, guess, largest=False,
/home/erosanow_hpc/informed_swapping/BARK.py:156: UserWarning: Exited at iteration 50 with accuracies 
[1.23118087e-09]
not reaching the requested tolerance 1e-09.
Use iteration 51 instead with accuracy 
1.231180873153781e-09.

  values, vectors = lobpcg(projected_hamiltonian, guess, largest=False,
/home/erosanow_hpc/informed_swapping/BARK.py:156: UserWarning: Exited postprocessing with accuracies 
[1.23118057e-09]
not reaching the requested tolerance 1e-09.
  values, vectors = lobpcg(projected_hamiltonian, guess, largest=False,
/home/erosanow_hpc/informed_swapping/BARK.py:156: UserWarning: Exited at iteration 50 with accuracies 
[1.5740013e-09]
not reaching the requested tolerance 1e-09.
Use iteration 51 instead with accuracy 
1.5740013049416905e-09.

  values, vectors = lobpcg(projected_hamiltonian, guess, largest=False,
/home/erosanow_hpc/informed_swapping/BARK.py:156: UserWarning: Exited postprocessing with accuracies 
[1.57400114e-09]
not reaching the requested tolerance 1e-09.
  values, vectors = lobpcg(projected_hamiltonian, guess, largest=False,
/home/erosanow_hpc/informed_swapping/BARK.py:156: UserWarning: Exited at iteration 50 with accuracies 
[1.07019321e-09]
not reaching the requested tolerance 1e-09.
Use iteration 51 instead with accuracy 
1.0701932115909442e-09.

  values, vectors = lobpcg(projected_hamiltonian, guess, largest=False,
/home/erosanow_hpc/informed_swapping/BARK.py:156: UserWarning: Exited postprocessing with accuracies 
[1.07019305e-09]
not reaching the requested tolerance 1e-09.
  values, vectors = lobpcg(projected_hamiltonian, guess, largest=False,
/home/erosanow_hpc/informed_swapping/BARK.py:156: UserWarning: Exited at iteration 50 with accuracies 
[1.1542156e-09]
not reaching the requested tolerance 1e-09.
Use iteration 51 instead with accuracy 
1.1542156048444794e-09.

  values, vectors = lobpcg(projected_hamiltonian, guess, largest=False,
/home/erosanow_hpc/informed_swapping/BARK.py:156: UserWarning: Exited postprocessing with accuracies 
[1.15421594e-09]
not reaching the requested tolerance 1e-09.
  values, vectors = lobpcg(projected_hamiltonian, guess, largest=False,
/home/erosanow_hpc/informed_swapping/BARK.py:156: UserWarning: Exited at iteration 50 with accuracies 
[1.57192039e-09]
not reaching the requested tolerance 1e-09.
Use iteration 51 instead with accuracy 
1.5719203901010148e-09.

  values, vectors = lobpcg(projected_hamiltonian, guess, largest=False,
/home/erosanow_hpc/informed_swapping/BARK.py:156: UserWarning: Exited postprocessing with accuracies 
[1.57192009e-09]
not reaching the requested tolerance 1e-09.
  values, vectors = lobpcg(projected_hamiltonian, guess, largest=False,
/home/erosanow_hpc/informed_swapping/BARK.py:156: UserWarning: Exited at iteration 50 with accuracies 
[1.10048013e-09]
not reaching the requested tolerance 1e-09.
Use iteration 51 instead with accuracy 
1.1004801299797604e-09.

  values, vectors = lobpcg(projected_hamiltonian, guess, largest=False,
/home/erosanow_hpc/informed_swapping/BARK.py:156: UserWarning: Exited postprocessing with accuracies 
[1.10048041e-09]
not reaching the requested tolerance 1e-09.
  values, vectors = lobpcg(projected_hamiltonian, guess, largest=False,
/home/erosanow_hpc/informed_swapping/BARK.py:156: UserWarning: Exited at iteration 50 with accuracies 
[2.655793e-09]
not reaching the requested tolerance 1e-09.
Use iteration 51 instead with accuracy 
2.6557929963968167e-09.

  values, vectors = lobpcg(projected_hamiltonian, guess, largest=False,
/home/erosanow_hpc/informed_swapping/BARK.py:156: UserWarning: Exited postprocessing with accuracies 
[2.65579338e-09]
not reaching the requested tolerance 1e-09.
  values, vectors = lobpcg(projected_hamiltonian, guess, largest=False,
/home/erosanow_hpc/informed_swapping/BARK.py:156: UserWarning: Exited at iteration 50 with accuracies 
[2.82223409e-09]
not reaching the requested tolerance 1e-09.
Use iteration 51 instead with accuracy 
2.82223408815939e-09.

  values, vectors = lobpcg(projected_hamiltonian, guess, largest=False,
/home/erosanow_hpc/informed_swapping/BARK.py:156: UserWarning: Exited postprocessing with accuracies 
[2.82223394e-09]
not reaching the requested tolerance 1e-09.
  values, vectors = lobpcg(projected_hamiltonian, guess, largest=False,
/home/erosanow_hpc/informed_swapping/BARK.py:156: UserWarning: Exited at iteration 50 with accuracies 
[2.60281582e-09]
not reaching the requested tolerance 1e-09.
Use iteration 51 instead with accuracy 
2.602815818070476e-09.

  values, vectors = lobpcg(projected_hamiltonian, guess, largest=False,
/home/erosanow_hpc/informed_swapping/BARK.py:156: UserWarning: Exited postprocessing with accuracies 
[2.60281604e-09]
not reaching the requested tolerance 1e-09.
  values, vectors = lobpcg(projected_hamiltonian, guess, largest=False,
/home/erosanow_hpc/informed_swapping/BARK.py:156: UserWarning: Exited at iteration 50 with accuracies 
[2.08002658e-09]
not reaching the requested tolerance 1e-09.
Use iteration 51 instead with accuracy 
2.0800265811836996e-09.

  values, vectors = lobpcg(projected_hamiltonian, guess, largest=False,
/home/erosanow_hpc/informed_swapping/BARK.py:156: UserWarning: Exited postprocessing with accuracies 
[2.08002622e-09]
not reaching the requested tolerance 1e-09.
  values, vectors = lobpcg(projected_hamiltonian, guess, largest=False,
/home/erosanow_hpc/informed_swapping/BARK.py:156: UserWarning: Exited at iteration 50 with accuracies 
[1.02320821e-09]
not reaching the requested tolerance 1e-09.
Use iteration 51 instead with accuracy 
1.023208213590127e-09.

  values, vectors = lobpcg(projected_hamiltonian, guess, largest=False,
/home/erosanow_hpc/informed_swapping/BARK.py:156: UserWarning: Exited postprocessing with accuracies 
[1.02320812e-09]
not reaching the requested tolerance 1e-09.
  values, vectors = lobpcg(projected_hamiltonian, guess, largest=False,
/home/erosanow_hpc/informed_swapping/BARK.py:156: UserWarning: Exited at iteration 50 with accuracies 
[1.51747755e-09]
not reaching the requested tolerance 1e-09.
Use iteration 51 instead with accuracy 
1.5174775544659041e-09.

  values, vectors = lobpcg(projected_hamiltonian, guess, largest=False,
/home/erosanow_hpc/informed_swapping/BARK.py:156: UserWarning: Exited postprocessing with accuracies 
[1.51747781e-09]
not reaching the requested tolerance 1e-09.
  values, vectors = lobpcg(projected_hamiltonian, guess, largest=False,
/home/erosanow_hpc/informed_swapping/BARK.py:156: UserWarning: Exited at iteration 50 with accuracies 
[1.09233407e-09]
not reaching the requested tolerance 1e-09.
Use iteration 51 instead with accuracy 
1.0923340721141572e-09.

  values, vectors = lobpcg(projected_hamiltonian, guess, largest=False,
/home/erosanow_hpc/informed_swapping/BARK.py:156: UserWarning: Exited postprocessing with accuracies 
[1.09233436e-09]
not reaching the requested tolerance 1e-09.
  values, vectors = lobpcg(projected_hamiltonian, guess, largest=False,
/home/erosanow_hpc/informed_swapping/BARK.py:156: UserWarning: Exited at iteration 50 with accuracies 
[2.27911473e-09]
not reaching the requested tolerance 1e-09.
Use iteration 51 instead with accuracy 
2.2791147252163386e-09.

  values, vectors = lobpcg(projected_hamiltonian, guess, largest=False,
/home/erosanow_hpc/informed_swapping/BARK.py:156: UserWarning: Exited postprocessing with accuracies 
[2.27911536e-09]
not reaching the requested tolerance 1e-09.
  values, vectors = lobpcg(projected_hamiltonian, guess, largest=False,
/home/erosanow_hpc/informed_swapping/BARK.py:156: UserWarning: Exited at iteration 50 with accuracies 
[2.13658531e-09]
not reaching the requested tolerance 1e-09.
Use iteration 51 instead with accuracy 
2.136585311588447e-09.

  values, vectors = lobpcg(projected_hamiltonian, guess, largest=False,
/home/erosanow_hpc/informed_swapping/BARK.py:156: UserWarning: Exited postprocessing with accuracies 
[2.1365856e-09]
not reaching the requested tolerance 1e-09.
  values, vectors = lobpcg(projected_hamiltonian, guess, largest=False,
/home/erosanow_hpc/informed_swapping/BARK.py:156: UserWarning: Exited at iteration 50 with accuracies 
[1.53494372e-09]
not reaching the requested tolerance 1e-09.
Use iteration 51 instead with accuracy 
1.534943724579247e-09.

  values, vectors = lobpcg(projected_hamiltonian, guess, largest=False,
/home/erosanow_hpc/informed_swapping/BARK.py:156: UserWarning: Exited postprocessing with accuracies 
[1.53494286e-09]
not reaching the requested tolerance 1e-09.
  values, vectors = lobpcg(projected_hamiltonian, guess, largest=False,
/home/erosanow_hpc/informed_swapping/BARK.py:156: UserWarning: Exited at iteration 50 with accuracies 
[1.0586565e-09]
not reaching the requested tolerance 1e-09.
Use iteration 51 instead with accuracy 
1.0586564970660072e-09.

  values, vectors = lobpcg(projected_hamiltonian, guess, largest=False,
/home/erosanow_hpc/informed_swapping/BARK.py:156: UserWarning: Exited postprocessing with accuracies 
[1.05865657e-09]
not reaching the requested tolerance 1e-09.
  values, vectors = lobpcg(projected_hamiltonian, guess, largest=False,
/home/erosanow_hpc/informed_swapping/BARK.py:156: UserWarning: Exited at iteration 50 with accuracies 
[2.89845506e-09]
not reaching the requested tolerance 1e-09.
Use iteration 51 instead with accuracy 
2.898455059025908e-09.

  values, vectors = lobpcg(projected_hamiltonian, guess, largest=False,
/home/erosanow_hpc/informed_swapping/BARK.py:156: UserWarning: Exited postprocessing with accuracies 
[2.89845522e-09]
not reaching the requested tolerance 1e-09.
  values, vectors = lobpcg(projected_hamiltonian, guess, largest=False,
/home/erosanow_hpc/informed_swapping/BARK.py:156: UserWarning: Exited at iteration 50 with accuracies 
[3.9059445e-09]
not reaching the requested tolerance 1e-09.
Use iteration 51 instead with accuracy 
3.905944498357543e-09.

  values, vectors = lobpcg(projected_hamiltonian, guess, largest=False,
/home/erosanow_hpc/informed_swapping/BARK.py:156: UserWarning: Exited postprocessing with accuracies 
[3.90594387e-09]
not reaching the requested tolerance 1e-09.
  values, vectors = lobpcg(projected_hamiltonian, guess, largest=False,
/home/erosanow_hpc/informed_swapping/BARK.py:156: UserWarning: Exited at iteration 50 with accuracies 
[2.25079586e-09]
not reaching the requested tolerance 1e-09.
Use iteration 51 instead with accuracy 
2.250795864838449e-09.

  values, vectors = lobpcg(projected_hamiltonian, guess, largest=False,
/home/erosanow_hpc/informed_swapping/BARK.py:156: UserWarning: Exited postprocessing with accuracies 
[2.25079575e-09]
not reaching the requested tolerance 1e-09.
  values, vectors = lobpcg(projected_hamiltonian, guess, largest=False,
/home/erosanow_hpc/informed_swapping/BARK.py:156: UserWarning: Exited at iteration 50 with accuracies 
[1.68565385e-09]
not reaching the requested tolerance 1e-09.
Use iteration 51 instead with accuracy 
1.685653847479988e-09.

  values, vectors = lobpcg(projected_hamiltonian, guess, largest=False,
/home/erosanow_hpc/informed_swapping/BARK.py:156: UserWarning: Exited postprocessing with accuracies 
[1.68565288e-09]
not reaching the requested tolerance 1e-09.
  values, vectors = lobpcg(projected_hamiltonian, guess, largest=False,
/home/erosanow_hpc/informed_swapping/BARK.py:156: UserWarning: Exited at iteration 50 with accuracies 
[1.5712656e-09]
not reaching the requested tolerance 1e-09.
Use iteration 51 instead with accuracy 
1.5712656011322931e-09.

  values, vectors = lobpcg(projected_hamiltonian, guess, largest=False,
/home/erosanow_hpc/informed_swapping/BARK.py:156: UserWarning: Exited postprocessing with accuracies 
[1.57126551e-09]
not reaching the requested tolerance 1e-09.
  values, vectors = lobpcg(projected_hamiltonian, guess, largest=False,
/home/erosanow_hpc/informed_swapping/BARK.py:156: UserWarning: Exited at iteration 50 with accuracies 
[5.45539745e-09]
not reaching the requested tolerance 1e-09.
Use iteration 51 instead with accuracy 
5.4553974543733056e-09.

  values, vectors = lobpcg(projected_hamiltonian, guess, largest=False,
/home/erosanow_hpc/informed_swapping/BARK.py:156: UserWarning: Exited postprocessing with accuracies 
[5.45539812e-09]
not reaching the requested tolerance 1e-09.
  values, vectors = lobpcg(projected_hamiltonian, guess, largest=False,
/home/erosanow_hpc/informed_swapping/BARK.py:156: UserWarning: Exited at iteration 50 with accuracies 
[2.59059513e-09]
not reaching the requested tolerance 1e-09.
Use iteration 51 instead with accuracy 
2.5905951282884605e-09.

  values, vectors = lobpcg(projected_hamiltonian, guess, largest=False,
/home/erosanow_hpc/informed_swapping/BARK.py:156: UserWarning: Exited postprocessing with accuracies 
[2.59059505e-09]
not reaching the requested tolerance 1e-09.
  values, vectors = lobpcg(projected_hamiltonian, guess, largest=False,
/home/erosanow_hpc/informed_swapping/BARK.py:156: UserWarning: Exited at iteration 50 with accuracies 
[2.65950155e-09]
not reaching the requested tolerance 1e-09.
Use iteration 51 instead with accuracy 
2.6595015526006776e-09.

  values, vectors = lobpcg(projected_hamiltonian, guess, largest=False,
/home/erosanow_hpc/informed_swapping/BARK.py:156: UserWarning: Exited postprocessing with accuracies 
[2.65950149e-09]
not reaching the requested tolerance 1e-09.
  values, vectors = lobpcg(projected_hamiltonian, guess, largest=False,
/home/erosanow_hpc/informed_swapping/BARK.py:156: UserWarning: Exited at iteration 50 with accuracies 
[1.90206501e-09]
not reaching the requested tolerance 1e-09.
Use iteration 51 instead with accuracy 
1.902065010668783e-09.

  values, vectors = lobpcg(projected_hamiltonian, guess, largest=False,
/home/erosanow_hpc/informed_swapping/BARK.py:156: UserWarning: Exited postprocessing with accuracies 
[1.90206553e-09]
not reaching the requested tolerance 1e-09.
  values, vectors = lobpcg(projected_hamiltonian, guess, largest=False,
/home/erosanow_hpc/informed_swapping/BARK.py:156: UserWarning: Exited at iteration 50 with accuracies 
[1.14746528e-09]
not reaching the requested tolerance 1e-09.
Use iteration 51 instead with accuracy 
1.1474652792780951e-09.

  values, vectors = lobpcg(projected_hamiltonian, guess, largest=False,
/home/erosanow_hpc/informed_swapping/BARK.py:156: UserWarning: Exited postprocessing with accuracies 
[1.14746504e-09]
not reaching the requested tolerance 1e-09.
  values, vectors = lobpcg(projected_hamiltonian, guess, largest=False,
/home/erosanow_hpc/informed_swapping/BARK.py:156: UserWarning: Exited at iteration 50 with accuracies 
[4.01050873e-09]
not reaching the requested tolerance 1e-09.
Use iteration 51 instead with accuracy 
4.010508733552515e-09.

  values, vectors = lobpcg(projected_hamiltonian, guess, largest=False,
/home/erosanow_hpc/informed_swapping/BARK.py:156: UserWarning: Exited postprocessing with accuracies 
[4.01050882e-09]
not reaching the requested tolerance 1e-09.
  values, vectors = lobpcg(projected_hamiltonian, guess, largest=False,
/home/erosanow_hpc/informed_swapping/BARK.py:156: UserWarning: Exited at iteration 50 with accuracies 
[3.64155276e-09]
not reaching the requested tolerance 1e-09.
Use iteration 51 instead with accuracy 
3.64155275923727e-09.

  values, vectors = lobpcg(projected_hamiltonian, guess, largest=False,
/home/erosanow_hpc/informed_swapping/BARK.py:156: UserWarning: Exited postprocessing with accuracies 
[3.64155235e-09]
not reaching the requested tolerance 1e-09.
  values, vectors = lobpcg(projected_hamiltonian, guess, largest=False,
/home/erosanow_hpc/informed_swapping/BARK.py:156: UserWarning: Exited at iteration 50 with accuracies 
[3.00582521e-09]
not reaching the requested tolerance 1e-09.
Use iteration 51 instead with accuracy 
3.005825212519651e-09.

  values, vectors = lobpcg(projected_hamiltonian, guess, largest=False,
/home/erosanow_hpc/informed_swapping/BARK.py:156: UserWarning: Exited postprocessing with accuracies 
[3.00582567e-09]
not reaching the requested tolerance 1e-09.
  values, vectors = lobpcg(projected_hamiltonian, guess, largest=False,
/home/erosanow_hpc/informed_swapping/BARK.py:156: UserWarning: Exited at iteration 50 with accuracies 
[1.15510098e-09]
not reaching the requested tolerance 1e-09.
Use iteration 51 instead with accuracy 
1.1551009791792796e-09.

  values, vectors = lobpcg(projected_hamiltonian, guess, largest=False,
/home/erosanow_hpc/informed_swapping/BARK.py:156: UserWarning: Exited postprocessing with accuracies 
[1.15510128e-09]
not reaching the requested tolerance 1e-09.
  values, vectors = lobpcg(projected_hamiltonian, guess, largest=False,
/home/erosanow_hpc/informed_swapping/BARK.py:156: UserWarning: Exited at iteration 50 with accuracies 
[4.045532e-09]
not reaching the requested tolerance 1e-09.
Use iteration 51 instead with accuracy 
4.045532003819628e-09.

  values, vectors = lobpcg(projected_hamiltonian, guess, largest=False,
/home/erosanow_hpc/informed_swapping/BARK.py:156: UserWarning: Exited postprocessing with accuracies 
[4.04553193e-09]
not reaching the requested tolerance 1e-09.
  values, vectors = lobpcg(projected_hamiltonian, guess, largest=False,
/home/erosanow_hpc/informed_swapping/BARK.py:156: UserWarning: Exited at iteration 50 with accuracies 
[3.75990425e-09]
not reaching the requested tolerance 1e-09.
Use iteration 51 instead with accuracy 
3.759904247866652e-09.

  values, vectors = lobpcg(projected_hamiltonian, guess, largest=False,
/home/erosanow_hpc/informed_swapping/BARK.py:156: UserWarning: Exited postprocessing with accuracies 
[3.75990437e-09]
not reaching the requested tolerance 1e-09.
  values, vectors = lobpcg(projected_hamiltonian, guess, largest=False,
/home/erosanow_hpc/informed_swapping/BARK.py:156: UserWarning: Exited at iteration 50 with accuracies 
[3.23287132e-09]
not reaching the requested tolerance 1e-09.
Use iteration 51 instead with accuracy 
3.2328713155559675e-09.

  values, vectors = lobpcg(projected_hamiltonian, guess, largest=False,
/home/erosanow_hpc/informed_swapping/BARK.py:156: UserWarning: Exited postprocessing with accuracies 
[3.23287116e-09]
not reaching the requested tolerance 1e-09.
  values, vectors = lobpcg(projected_hamiltonian, guess, largest=False,
/home/erosanow_hpc/informed_swapping/BARK.py:156: UserWarning: Exited at iteration 50 with accuracies 
[1.63784029e-09]
not reaching the requested tolerance 1e-09.
Use iteration 51 instead with accuracy 
1.6378402882707471e-09.

  values, vectors = lobpcg(projected_hamiltonian, guess, largest=False,
/home/erosanow_hpc/informed_swapping/BARK.py:156: UserWarning: Exited postprocessing with accuracies 
[1.63784012e-09]
not reaching the requested tolerance 1e-09.
  values, vectors = lobpcg(projected_hamiltonian, guess, largest=False,
/home/erosanow_hpc/informed_swapping/BARK.py:156: UserWarning: Exited at iteration 50 with accuracies 
[5.72203984e-09]
not reaching the requested tolerance 1e-09.
Use iteration 51 instead with accuracy 
5.722039837488932e-09.

  values, vectors = lobpcg(projected_hamiltonian, guess, largest=False,
/home/erosanow_hpc/informed_swapping/BARK.py:156: UserWarning: Exited postprocessing with accuracies 
[5.72203992e-09]
not reaching the requested tolerance 1e-09.
  values, vectors = lobpcg(projected_hamiltonian, guess, largest=False,
/home/erosanow_hpc/informed_swapping/BARK.py:156: UserWarning: Exited at iteration 50 with accuracies 
[5.91771356e-09]
not reaching the requested tolerance 1e-09.
Use iteration 51 instead with accuracy 
5.917713564406059e-09.

  values, vectors = lobpcg(projected_hamiltonian, guess, largest=False,
/home/erosanow_hpc/informed_swapping/BARK.py:156: UserWarning: Exited postprocessing with accuracies 
[5.91771337e-09]
not reaching the requested tolerance 1e-09.
  values, vectors = lobpcg(projected_hamiltonian, guess, largest=False,
/home/erosanow_hpc/informed_swapping/BARK.py:156: UserWarning: Exited at iteration 50 with accuracies 
[6.0463805e-09]
not reaching the requested tolerance 1e-09.
Use iteration 51 instead with accuracy 
6.046380502497937e-09.

  values, vectors = lobpcg(projected_hamiltonian, guess, largest=False,
/home/erosanow_hpc/informed_swapping/BARK.py:156: UserWarning: Exited postprocessing with accuracies 
[6.04638029e-09]
not reaching the requested tolerance 1e-09.
  values, vectors = lobpcg(projected_hamiltonian, guess, largest=False,
/home/erosanow_hpc/informed_swapping/BARK.py:156: UserWarning: Exited at iteration 50 with accuracies 
[1.881886e-09]
not reaching the requested tolerance 1e-09.
Use iteration 51 instead with accuracy 
1.881885995117272e-09.

  values, vectors = lobpcg(projected_hamiltonian, guess, largest=False,
/home/erosanow_hpc/informed_swapping/BARK.py:156: UserWarning: Exited postprocessing with accuracies 
[1.8818861e-09]
not reaching the requested tolerance 1e-09.
  values, vectors = lobpcg(projected_hamiltonian, guess, largest=False,
/home/erosanow_hpc/informed_swapping/BARK.py:156: UserWarning: Exited at iteration 50 with accuracies 
[1.23434505e-09]
not reaching the requested tolerance 1e-09.
Use iteration 51 instead with accuracy 
1.2343450460725256e-09.

  values, vectors = lobpcg(projected_hamiltonian, guess, largest=False,
/home/erosanow_hpc/informed_swapping/BARK.py:156: UserWarning: Exited postprocessing with accuracies 
[1.23434482e-09]
not reaching the requested tolerance 1e-09.
  values, vectors = lobpcg(projected_hamiltonian, guess, largest=False,
/home/erosanow_hpc/informed_swapping/BARK.py:156: UserWarning: Exited at iteration 50 with accuracies 
[3.10163008e-09]
not reaching the requested tolerance 1e-09.
Use iteration 51 instead with accuracy 
3.101630082889386e-09.

  values, vectors = lobpcg(projected_hamiltonian, guess, largest=False,
/home/erosanow_hpc/informed_swapping/BARK.py:156: UserWarning: Exited postprocessing with accuracies 
[3.1016298e-09]
not reaching the requested tolerance 1e-09.
  values, vectors = lobpcg(projected_hamiltonian, guess, largest=False,
/home/erosanow_hpc/informed_swapping/BARK.py:156: UserWarning: Exited at iteration 50 with accuracies 
[3.77382046e-09]
not reaching the requested tolerance 1e-09.
Use iteration 51 instead with accuracy 
3.773820455546239e-09.

  values, vectors = lobpcg(projected_hamiltonian, guess, largest=False,
/home/erosanow_hpc/informed_swapping/BARK.py:156: UserWarning: Exited postprocessing with accuracies 
[3.77382097e-09]
not reaching the requested tolerance 1e-09.
  values, vectors = lobpcg(projected_hamiltonian, guess, largest=False,
/home/erosanow_hpc/informed_swapping/BARK.py:156: UserWarning: Exited at iteration 50 with accuracies 
[2.14067345e-09]
not reaching the requested tolerance 1e-09.
Use iteration 51 instead with accuracy 
2.1406734459879686e-09.

  values, vectors = lobpcg(projected_hamiltonian, guess, largest=False,
/home/erosanow_hpc/informed_swapping/BARK.py:156: UserWarning: Exited postprocessing with accuracies 
[2.14067377e-09]
not reaching the requested tolerance 1e-09.
  values, vectors = lobpcg(projected_hamiltonian, guess, largest=False,
/home/erosanow_hpc/informed_swapping/BARK.py:156: UserWarning: Exited at iteration 50 with accuracies 
[1.39548534e-09]
not reaching the requested tolerance 1e-09.
Use iteration 51 instead with accuracy 
1.39548534235479e-09.

  values, vectors = lobpcg(projected_hamiltonian, guess, largest=False,
/home/erosanow_hpc/informed_swapping/BARK.py:156: UserWarning: Exited postprocessing with accuracies 
[1.39548492e-09]
not reaching the requested tolerance 1e-09.
  values, vectors = lobpcg(projected_hamiltonian, guess, largest=False,
/home/erosanow_hpc/informed_swapping/BARK.py:156: UserWarning: Exited at iteration 50 with accuracies 
[3.06653881e-09]
not reaching the requested tolerance 1e-09.
Use iteration 51 instead with accuracy 
3.0665388141091735e-09.

  values, vectors = lobpcg(projected_hamiltonian, guess, largest=False,
/home/erosanow_hpc/informed_swapping/BARK.py:156: UserWarning: Exited postprocessing with accuracies 
[3.06653921e-09]
not reaching the requested tolerance 1e-09.
  values, vectors = lobpcg(projected_hamiltonian, guess, largest=False,
/home/erosanow_hpc/informed_swapping/BARK.py:156: UserWarning: Exited at iteration 50 with accuracies 
[2.17852412e-09]
not reaching the requested tolerance 1e-09.
Use iteration 51 instead with accuracy 
2.178524120374553e-09.

  values, vectors = lobpcg(projected_hamiltonian, guess, largest=False,
/home/erosanow_hpc/informed_swapping/BARK.py:156: UserWarning: Exited postprocessing with accuracies 
[2.17852429e-09]
not reaching the requested tolerance 1e-09.
  values, vectors = lobpcg(projected_hamiltonian, guess, largest=False,
/home/erosanow_hpc/informed_swapping/BARK.py:156: UserWarning: Exited at iteration 50 with accuracies 
[1.42764397e-09]
not reaching the requested tolerance 1e-09.
Use iteration 51 instead with accuracy 
1.4276439728844952e-09.

  values, vectors = lobpcg(projected_hamiltonian, guess, largest=False,
/home/erosanow_hpc/informed_swapping/BARK.py:156: UserWarning: Exited postprocessing with accuracies 
[1.42764373e-09]
not reaching the requested tolerance 1e-09.
  values, vectors = lobpcg(projected_hamiltonian, guess, largest=False,
/home/erosanow_hpc/informed_swapping/BARK.py:156: UserWarning: Exited at iteration 50 with accuracies 
[5.35573341e-09]
not reaching the requested tolerance 1e-09.
Use iteration 51 instead with accuracy 
5.355733414098144e-09.

  values, vectors = lobpcg(projected_hamiltonian, guess, largest=False,
/home/erosanow_hpc/informed_swapping/BARK.py:156: UserWarning: Exited postprocessing with accuracies 
[5.35573352e-09]
not reaching the requested tolerance 1e-09.
  values, vectors = lobpcg(projected_hamiltonian, guess, largest=False,
/home/erosanow_hpc/informed_swapping/BARK.py:156: UserWarning: Exited at iteration 50 with accuracies 
[1.79164784e-09]
not reaching the requested tolerance 1e-09.
Use iteration 51 instead with accuracy 
1.7916478372651564e-09.

  values, vectors = lobpcg(projected_hamiltonian, guess, largest=False,
/home/erosanow_hpc/informed_swapping/BARK.py:156: UserWarning: Exited postprocessing with accuracies 
[1.79164824e-09]
not reaching the requested tolerance 1e-09.
  values, vectors = lobpcg(projected_hamiltonian, guess, largest=False,
/home/erosanow_hpc/informed_swapping/BARK.py:156: UserWarning: Exited at iteration 50 with accuracies 
[6.45963507e-09]
not reaching the requested tolerance 1e-09.
Use iteration 51 instead with accuracy 
6.459635066507441e-09.

  values, vectors = lobpcg(projected_hamiltonian, guess, largest=False,
/home/erosanow_hpc/informed_swapping/BARK.py:156: UserWarning: Exited postprocessing with accuracies 
[6.45963514e-09]
not reaching the requested tolerance 1e-09.
  values, vectors = lobpcg(projected_hamiltonian, guess, largest=False,
/home/erosanow_hpc/informed_swapping/BARK.py:156: UserWarning: Exited at iteration 50 with accuracies 
[3.36215496e-09]
not reaching the requested tolerance 1e-09.
Use iteration 51 instead with accuracy 
3.362154961849358e-09.

  values, vectors = lobpcg(projected_hamiltonian, guess, largest=False,
/home/erosanow_hpc/informed_swapping/BARK.py:156: UserWarning: Exited postprocessing with accuracies 
[3.36215512e-09]
not reaching the requested tolerance 1e-09.
  values, vectors = lobpcg(projected_hamiltonian, guess, largest=False,
/home/erosanow_hpc/informed_swapping/BARK.py:156: UserWarning: Exited at iteration 50 with accuracies 
[3.45609322e-09]
not reaching the requested tolerance 1e-09.
Use iteration 51 instead with accuracy 
3.4560932188250665e-09.

  values, vectors = lobpcg(projected_hamiltonian, guess, largest=False,
/home/erosanow_hpc/informed_swapping/BARK.py:156: UserWarning: Exited postprocessing with accuracies 
[3.45609334e-09]
not reaching the requested tolerance 1e-09.
  values, vectors = lobpcg(projected_hamiltonian, guess, largest=False,
/home/erosanow_hpc/informed_swapping/BARK.py:156: UserWarning: Exited at iteration 50 with accuracies 
[2.49746389e-09]
not reaching the requested tolerance 1e-09.
Use iteration 51 instead with accuracy 
2.4974638857536145e-09.

  values, vectors = lobpcg(projected_hamiltonian, guess, largest=False,
/home/erosanow_hpc/informed_swapping/BARK.py:156: UserWarning: Exited postprocessing with accuracies 
[2.49746409e-09]
not reaching the requested tolerance 1e-09.
  values, vectors = lobpcg(projected_hamiltonian, guess, largest=False,
/home/erosanow_hpc/informed_swapping/BARK.py:156: UserWarning: Exited at iteration 50 with accuracies 
[3.58371148e-09]
not reaching the requested tolerance 1e-09.
Use iteration 51 instead with accuracy 
3.5837114815132866e-09.

  values, vectors = lobpcg(projected_hamiltonian, guess, largest=False,
/home/erosanow_hpc/informed_swapping/BARK.py:156: UserWarning: Exited postprocessing with accuracies 
[3.58371167e-09]
not reaching the requested tolerance 1e-09.
  values, vectors = lobpcg(projected_hamiltonian, guess, largest=False,
/home/erosanow_hpc/informed_swapping/BARK.py:156: UserWarning: Exited at iteration 50 with accuracies 
[2.67226682e-09]
not reaching the requested tolerance 1e-09.
Use iteration 51 instead with accuracy 
2.6722668229763144e-09.

  values, vectors = lobpcg(projected_hamiltonian, guess, largest=False,
/home/erosanow_hpc/informed_swapping/BARK.py:156: UserWarning: Exited postprocessing with accuracies 
[2.67226632e-09]
not reaching the requested tolerance 1e-09.
  values, vectors = lobpcg(projected_hamiltonian, guess, largest=False,
/home/erosanow_hpc/informed_swapping/BARK.py:156: UserWarning: Exited at iteration 50 with accuracies 
[2.51942658e-09]
not reaching the requested tolerance 1e-09.
Use iteration 51 instead with accuracy 
2.519426578141337e-09.

  values, vectors = lobpcg(projected_hamiltonian, guess, largest=False,
/home/erosanow_hpc/informed_swapping/BARK.py:156: UserWarning: Exited postprocessing with accuracies 
[2.51942699e-09]
not reaching the requested tolerance 1e-09.
  values, vectors = lobpcg(projected_hamiltonian, guess, largest=False,
/home/erosanow_hpc/informed_swapping/BARK.py:156: UserWarning: Exited at iteration 50 with accuracies 
[8.33016473e-09]
not reaching the requested tolerance 1e-09.
Use iteration 51 instead with accuracy 
8.330164728995664e-09.

  values, vectors = lobpcg(projected_hamiltonian, guess, largest=False,
/home/erosanow_hpc/informed_swapping/BARK.py:156: UserWarning: Exited postprocessing with accuracies 
[8.33016487e-09]
not reaching the requested tolerance 1e-09.
  values, vectors = lobpcg(projected_hamiltonian, guess, largest=False,
/home/erosanow_hpc/informed_swapping/BARK.py:156: UserWarning: Exited at iteration 50 with accuracies 
[3.84927249e-09]
not reaching the requested tolerance 1e-09.
Use iteration 51 instead with accuracy 
3.849272494637435e-09.

  values, vectors = lobpcg(projected_hamiltonian, guess, largest=False,
/home/erosanow_hpc/informed_swapping/BARK.py:156: UserWarning: Exited postprocessing with accuracies 
[3.84927258e-09]
not reaching the requested tolerance 1e-09.
  values, vectors = lobpcg(projected_hamiltonian, guess, largest=False,
/home/erosanow_hpc/informed_swapping/BARK.py:156: UserWarning: Exited at iteration 50 with accuracies 
[5.74491843e-09]
not reaching the requested tolerance 1e-09.
Use iteration 51 instead with accuracy 
5.744918434705634e-09.

  values, vectors = lobpcg(projected_hamiltonian, guess, largest=False,
/home/erosanow_hpc/informed_swapping/BARK.py:156: UserWarning: Exited postprocessing with accuracies 
[5.74491826e-09]
not reaching the requested tolerance 1e-09.
  values, vectors = lobpcg(projected_hamiltonian, guess, largest=False,
/home/erosanow_hpc/informed_swapping/BARK.py:156: UserWarning: Exited at iteration 50 with accuracies 
[3.72051485e-09]
not reaching the requested tolerance 1e-09.
Use iteration 51 instead with accuracy 
3.7205148458476264e-09.

  values, vectors = lobpcg(projected_hamiltonian, guess, largest=False,
/home/erosanow_hpc/informed_swapping/BARK.py:156: UserWarning: Exited postprocessing with accuracies 
[3.72051488e-09]
not reaching the requested tolerance 1e-09.
  values, vectors = lobpcg(projected_hamiltonian, guess, largest=False,
/home/erosanow_hpc/informed_swapping/BARK.py:156: UserWarning: Exited at iteration 50 with accuracies 
[5.77797971e-09]
not reaching the requested tolerance 1e-09.
Use iteration 51 instead with accuracy 
5.777979707168019e-09.

  values, vectors = lobpcg(projected_hamiltonian, guess, largest=False,
/home/erosanow_hpc/informed_swapping/BARK.py:156: UserWarning: Exited postprocessing with accuracies 
[5.77797952e-09]
not reaching the requested tolerance 1e-09.
  values, vectors = lobpcg(projected_hamiltonian, guess, largest=False,
/home/erosanow_hpc/informed_swapping/BARK.py:156: UserWarning: Exited at iteration 50 with accuracies 
[4.99103543e-09]
not reaching the requested tolerance 1e-09.
Use iteration 51 instead with accuracy 
4.991035427749784e-09.

  values, vectors = lobpcg(projected_hamiltonian, guess, largest=False,
/home/erosanow_hpc/informed_swapping/BARK.py:156: UserWarning: Exited postprocessing with accuracies 
[4.99103566e-09]
not reaching the requested tolerance 1e-09.
  values, vectors = lobpcg(projected_hamiltonian, guess, largest=False,
/home/erosanow_hpc/informed_swapping/BARK.py:156: UserWarning: Exited at iteration 50 with accuracies 
[4.49475631e-09]
not reaching the requested tolerance 1e-09.
Use iteration 51 instead with accuracy 
4.494756312744167e-09.

  values, vectors = lobpcg(projected_hamiltonian, guess, largest=False,
/home/erosanow_hpc/informed_swapping/BARK.py:156: UserWarning: Exited postprocessing with accuracies 
[4.49475645e-09]
not reaching the requested tolerance 1e-09.
  values, vectors = lobpcg(projected_hamiltonian, guess, largest=False,
/home/erosanow_hpc/informed_swapping/BARK.py:156: UserWarning: Exited at iteration 50 with accuracies 
[5.01647837e-09]
not reaching the requested tolerance 1e-09.
Use iteration 51 instead with accuracy 
5.0164783710605e-09.

  values, vectors = lobpcg(projected_hamiltonian, guess, largest=False,
/home/erosanow_hpc/informed_swapping/BARK.py:156: UserWarning: Exited postprocessing with accuracies 
[5.0164782e-09]
not reaching the requested tolerance 1e-09.
  values, vectors = lobpcg(projected_hamiltonian, guess, largest=False,
/home/erosanow_hpc/informed_swapping/BARK.py:156: UserWarning: Exited at iteration 50 with accuracies 
[1.35552599e-08]
not reaching the requested tolerance 1e-09.
Use iteration 51 instead with accuracy 
1.3555259879885126e-08.

  values, vectors = lobpcg(projected_hamiltonian, guess, largest=False,
/home/erosanow_hpc/informed_swapping/BARK.py:156: UserWarning: Exited postprocessing with accuracies 
[1.35552599e-08]
not reaching the requested tolerance 1e-09.
  values, vectors = lobpcg(projected_hamiltonian, guess, largest=False,
/home/erosanow_hpc/informed_swapping/BARK.py:156: UserWarning: Exited at iteration 50 with accuracies 
[2.36997447e-09]
not reaching the requested tolerance 1e-09.
Use iteration 51 instead with accuracy 
2.369974472560736e-09.

  values, vectors = lobpcg(projected_hamiltonian, guess, largest=False,
/home/erosanow_hpc/informed_swapping/BARK.py:156: UserWarning: Exited postprocessing with accuracies 
[2.36997443e-09]
not reaching the requested tolerance 1e-09.
  values, vectors = lobpcg(projected_hamiltonian, guess, largest=False,
/home/erosanow_hpc/informed_swapping/BARK.py:156: UserWarning: Exited at iteration 50 with accuracies 
[1.74419789e-09]
not reaching the requested tolerance 1e-09.
Use iteration 51 instead with accuracy 
1.7441978892968143e-09.

  values, vectors = lobpcg(projected_hamiltonian, guess, largest=False,
/home/erosanow_hpc/informed_swapping/BARK.py:156: UserWarning: Exited postprocessing with accuracies 
[1.74419763e-09]
not reaching the requested tolerance 1e-09.
  values, vectors = lobpcg(projected_hamiltonian, guess, largest=False,
/home/erosanow_hpc/informed_swapping/BARK.py:156: UserWarning: Exited at iteration 50 with accuracies 
[1.72665846e-09]
not reaching the requested tolerance 1e-09.
Use iteration 51 instead with accuracy 
1.7266584641440697e-09.

  values, vectors = lobpcg(projected_hamiltonian, guess, largest=False,
/home/erosanow_hpc/informed_swapping/BARK.py:156: UserWarning: Exited postprocessing with accuracies 
[1.72665765e-09]
not reaching the requested tolerance 1e-09.
  values, vectors = lobpcg(projected_hamiltonian, guess, largest=False,
/home/erosanow_hpc/informed_swapping/BARK.py:156: UserWarning: Exited at iteration 50 with accuracies 
[5.66436616e-09]
not reaching the requested tolerance 1e-09.
Use iteration 51 instead with accuracy 
5.664366157886609e-09.

  values, vectors = lobpcg(projected_hamiltonian, guess, largest=False,
/home/erosanow_hpc/informed_swapping/BARK.py:156: UserWarning: Exited postprocessing with accuracies 
[5.6643655e-09]
not reaching the requested tolerance 1e-09.
  values, vectors = lobpcg(projected_hamiltonian, guess, largest=False,
/home/erosanow_hpc/informed_swapping/BARK.py:156: UserWarning: Exited at iteration 50 with accuracies 
[1.73314128e-09]
not reaching the requested tolerance 1e-09.
Use iteration 51 instead with accuracy 
1.7331412814595097e-09.

  values, vectors = lobpcg(projected_hamiltonian, guess, largest=False,
/home/erosanow_hpc/informed_swapping/BARK.py:156: UserWarning: Exited postprocessing with accuracies 
[1.73314175e-09]
not reaching the requested tolerance 1e-09.
  values, vectors = lobpcg(projected_hamiltonian, guess, largest=False,
/home/erosanow_hpc/informed_swapping/BARK.py:156: UserWarning: Exited at iteration 50 with accuracies 
[6.23476141e-09]
not reaching the requested tolerance 1e-09.
Use iteration 51 instead with accuracy 
6.234761405677934e-09.

  values, vectors = lobpcg(projected_hamiltonian, guess, largest=False,
/home/erosanow_hpc/informed_swapping/BARK.py:156: UserWarning: Exited postprocessing with accuracies 
[6.23476103e-09]
not reaching the requested tolerance 1e-09.
  values, vectors = lobpcg(projected_hamiltonian, guess, largest=False,
/home/erosanow_hpc/informed_swapping/BARK.py:156: UserWarning: Exited at iteration 50 with accuracies 
[5.78160608e-09]
not reaching the requested tolerance 1e-09.
Use iteration 51 instead with accuracy 
5.781606075603763e-09.

  values, vectors = lobpcg(projected_hamiltonian, guess, largest=False,
/home/erosanow_hpc/informed_swapping/BARK.py:156: UserWarning: Exited postprocessing with accuracies 
[5.78160662e-09]
not reaching the requested tolerance 1e-09.
  values, vectors = lobpcg(projected_hamiltonian, guess, largest=False,
/home/erosanow_hpc/informed_swapping/BARK.py:156: UserWarning: Exited at iteration 50 with accuracies 
[5.60853566e-09]
not reaching the requested tolerance 1e-09.
Use iteration 51 instead with accuracy 
5.6085356570271094e-09.

  values, vectors = lobpcg(projected_hamiltonian, guess, largest=False,
/home/erosanow_hpc/informed_swapping/BARK.py:156: UserWarning: Exited postprocessing with accuracies 
[5.60853565e-09]
not reaching the requested tolerance 1e-09.
  values, vectors = lobpcg(projected_hamiltonian, guess, largest=False,
/home/erosanow_hpc/informed_swapping/BARK.py:156: UserWarning: Exited at iteration 50 with accuracies 
[1.95402878e-09]
not reaching the requested tolerance 1e-09.
Use iteration 51 instead with accuracy 
1.9540287840335395e-09.

  values, vectors = lobpcg(projected_hamiltonian, guess, largest=False,
/home/erosanow_hpc/informed_swapping/BARK.py:156: UserWarning: Exited postprocessing with accuracies 
[1.95402916e-09]
not reaching the requested tolerance 1e-09.
  values, vectors = lobpcg(projected_hamiltonian, guess, largest=False,
/home/erosanow_hpc/informed_swapping/BARK.py:156: UserWarning: Exited at iteration 50 with accuracies 
[6.61899136e-09]
not reaching the requested tolerance 1e-09.
Use iteration 51 instead with accuracy 
6.618991360837979e-09.

  values, vectors = lobpcg(projected_hamiltonian, guess, largest=False,
/home/erosanow_hpc/informed_swapping/BARK.py:156: UserWarning: Exited postprocessing with accuracies 
[6.61899122e-09]
not reaching the requested tolerance 1e-09.
  values, vectors = lobpcg(projected_hamiltonian, guess, largest=False,
/home/erosanow_hpc/informed_swapping/BARK.py:156: UserWarning: Exited at iteration 50 with accuracies 
[6.47980617e-09]
not reaching the requested tolerance 1e-09.
Use iteration 51 instead with accuracy 
6.479806172113137e-09.

  values, vectors = lobpcg(projected_hamiltonian, guess, largest=False,
/home/erosanow_hpc/informed_swapping/BARK.py:156: UserWarning: Exited postprocessing with accuracies 
[6.47980598e-09]
not reaching the requested tolerance 1e-09.
  values, vectors = lobpcg(projected_hamiltonian, guess, largest=False,
/home/erosanow_hpc/informed_swapping/BARK.py:156: UserWarning: Exited at iteration 50 with accuracies 
[6.88716823e-09]
not reaching the requested tolerance 1e-09.
Use iteration 51 instead with accuracy 
6.887168228621207e-09.

  values, vectors = lobpcg(projected_hamiltonian, guess, largest=False,
/home/erosanow_hpc/informed_swapping/BARK.py:156: UserWarning: Exited postprocessing with accuracies 
[6.88716817e-09]
not reaching the requested tolerance 1e-09.
  values, vectors = lobpcg(projected_hamiltonian, guess, largest=False,
/home/erosanow_hpc/informed_swapping/BARK.py:156: UserWarning: Exited at iteration 50 with accuracies 
[5.93348611e-09]
not reaching the requested tolerance 1e-09.
Use iteration 51 instead with accuracy 
5.933486112995454e-09.

  values, vectors = lobpcg(projected_hamiltonian, guess, largest=False,
/home/erosanow_hpc/informed_swapping/BARK.py:156: UserWarning: Exited postprocessing with accuracies 
[5.93348628e-09]
not reaching the requested tolerance 1e-09.
  values, vectors = lobpcg(projected_hamiltonian, guess, largest=False,
/home/erosanow_hpc/informed_swapping/BARK.py:156: UserWarning: Exited at iteration 50 with accuracies 
[5.66051e-09]
not reaching the requested tolerance 1e-09.
Use iteration 51 instead with accuracy 
5.6605099954652804e-09.

  values, vectors = lobpcg(projected_hamiltonian, guess, largest=False,
/home/erosanow_hpc/informed_swapping/BARK.py:156: UserWarning: Exited postprocessing with accuracies 
[5.66050952e-09]
not reaching the requested tolerance 1e-09.
  values, vectors = lobpcg(projected_hamiltonian, guess, largest=False,
/home/erosanow_hpc/informed_swapping/BARK.py:156: UserWarning: Exited at iteration 50 with accuracies 
[5.26719025e-09]
not reaching the requested tolerance 1e-09.
Use iteration 51 instead with accuracy 
5.2671902483363516e-09.

  values, vectors = lobpcg(projected_hamiltonian, guess, largest=False,
/home/erosanow_hpc/informed_swapping/BARK.py:156: UserWarning: Exited postprocessing with accuracies 
[5.26718981e-09]
not reaching the requested tolerance 1e-09.
  values, vectors = lobpcg(projected_hamiltonian, guess, largest=False,
/home/erosanow_hpc/informed_swapping/BARK.py:156: UserWarning: Exited at iteration 50 with accuracies 
[1.39445426e-08]
not reaching the requested tolerance 1e-09.
Use iteration 51 instead with accuracy 
1.3944542611014752e-08.

  values, vectors = lobpcg(projected_hamiltonian, guess, largest=False,
/home/erosanow_hpc/informed_swapping/BARK.py:156: UserWarning: Exited postprocessing with accuracies 
[1.39445428e-08]
not reaching the requested tolerance 1e-09.
  values, vectors = lobpcg(projected_hamiltonian, guess, largest=False,
/home/erosanow_hpc/informed_swapping/BARK.py:156: UserWarning: Exited at iteration 50 with accuracies 
[2.17479255e-09]
not reaching the requested tolerance 1e-09.
Use iteration 51 instead with accuracy 
2.1747925502280083e-09.

  values, vectors = lobpcg(projected_hamiltonian, guess, largest=False,
/home/erosanow_hpc/informed_swapping/BARK.py:156: UserWarning: Exited postprocessing with accuracies 
[2.17479243e-09]
not reaching the requested tolerance 1e-09.
  values, vectors = lobpcg(projected_hamiltonian, guess, largest=False,
/home/erosanow_hpc/informed_swapping/BARK.py:156: UserWarning: Exited at iteration 50 with accuracies 
[6.33441021e-09]
not reaching the requested tolerance 1e-09.
Use iteration 51 instead with accuracy 
6.3344102137314165e-09.

  values, vectors = lobpcg(projected_hamiltonian, guess, largest=False,
/home/erosanow_hpc/informed_swapping/BARK.py:156: UserWarning: Exited postprocessing with accuracies 
[6.3344102e-09]
not reaching the requested tolerance 1e-09.
  values, vectors = lobpcg(projected_hamiltonian, guess, largest=False,
/home/erosanow_hpc/informed_swapping/BARK.py:156: UserWarning: Exited at iteration 50 with accuracies 
[5.01135867e-09]
not reaching the requested tolerance 1e-09.
Use iteration 51 instead with accuracy 
5.0113586656103585e-09.

  values, vectors = lobpcg(projected_hamiltonian, guess, largest=False,
/home/erosanow_hpc/informed_swapping/BARK.py:156: UserWarning: Exited postprocessing with accuracies 
[5.01135888e-09]
not reaching the requested tolerance 1e-09.
  values, vectors = lobpcg(projected_hamiltonian, guess, largest=False,
/home/erosanow_hpc/informed_swapping/BARK.py:156: UserWarning: Exited at iteration 50 with accuracies 
[9.56345802e-09]
not reaching the requested tolerance 1e-09.
Use iteration 51 instead with accuracy 
9.563458020010228e-09.

  values, vectors = lobpcg(projected_hamiltonian, guess, largest=False,
/home/erosanow_hpc/informed_swapping/BARK.py:156: UserWarning: Exited postprocessing with accuracies 
[9.5634581e-09]
not reaching the requested tolerance 1e-09.
  values, vectors = lobpcg(projected_hamiltonian, guess, largest=False,
/home/erosanow_hpc/informed_swapping/BARK.py:156: UserWarning: Exited at iteration 50 with accuracies 
[7.44577388e-09]
not reaching the requested tolerance 1e-09.
Use iteration 51 instead with accuracy 
7.445773879720921e-09.

  values, vectors = lobpcg(projected_hamiltonian, guess, largest=False,
/home/erosanow_hpc/informed_swapping/BARK.py:156: UserWarning: Exited postprocessing with accuracies 
[7.44577373e-09]
not reaching the requested tolerance 1e-09.
  values, vectors = lobpcg(projected_hamiltonian, guess, largest=False,
/home/erosanow_hpc/informed_swapping/BARK.py:156: UserWarning: Exited at iteration 50 with accuracies 
[8.21258311e-09]
not reaching the requested tolerance 1e-09.
Use iteration 51 instead with accuracy 
8.212583110990393e-09.

  values, vectors = lobpcg(projected_hamiltonian, guess, largest=False,
/home/erosanow_hpc/informed_swapping/BARK.py:156: UserWarning: Exited postprocessing with accuracies 
[8.21258325e-09]
not reaching the requested tolerance 1e-09.
  values, vectors = lobpcg(projected_hamiltonian, guess, largest=False,
/home/erosanow_hpc/informed_swapping/BARK.py:156: UserWarning: Exited at iteration 50 with accuracies 
[1.16938633e-08]
not reaching the requested tolerance 1e-09.
Use iteration 51 instead with accuracy 
1.169386330802803e-08.

  values, vectors = lobpcg(projected_hamiltonian, guess, largest=False,
/home/erosanow_hpc/informed_swapping/BARK.py:156: UserWarning: Exited postprocessing with accuracies 
[1.16938639e-08]
not reaching the requested tolerance 1e-09.
  values, vectors = lobpcg(projected_hamiltonian, guess, largest=False,
/home/erosanow_hpc/informed_swapping/BARK.py:156: UserWarning: Exited at iteration 50 with accuracies 
[1.36540823e-08]
not reaching the requested tolerance 1e-09.
Use iteration 51 instead with accuracy 
1.3654082327677228e-08.

  values, vectors = lobpcg(projected_hamiltonian, guess, largest=False,
/home/erosanow_hpc/informed_swapping/BARK.py:156: UserWarning: Exited postprocessing with accuracies 
[1.36540834e-08]
not reaching the requested tolerance 1e-09.
  values, vectors = lobpcg(projected_hamiltonian, guess, largest=False,
/home/erosanow_hpc/informed_swapping/BARK.py:156: UserWarning: Exited at iteration 50 with accuracies 
[5.50228718e-09]
not reaching the requested tolerance 1e-09.
Use iteration 51 instead with accuracy 
5.5022871777534075e-09.

  values, vectors = lobpcg(projected_hamiltonian, guess, largest=False,
/home/erosanow_hpc/informed_swapping/BARK.py:156: UserWarning: Exited postprocessing with accuracies 
[5.50228711e-09]
not reaching the requested tolerance 1e-09.
  values, vectors = lobpcg(projected_hamiltonian, guess, largest=False,
/home/erosanow_hpc/informed_swapping/BARK.py:156: UserWarning: Exited at iteration 50 with accuracies 
[1.40094658e-08]
not reaching the requested tolerance 1e-09.
Use iteration 51 instead with accuracy 
1.400946582391879e-08.

  values, vectors = lobpcg(projected_hamiltonian, guess, largest=False,
/home/erosanow_hpc/informed_swapping/BARK.py:156: UserWarning: Exited postprocessing with accuracies 
[1.40094656e-08]
not reaching the requested tolerance 1e-09.
  values, vectors = lobpcg(projected_hamiltonian, guess, largest=False,
/home/erosanow_hpc/informed_swapping/BARK.py:156: UserWarning: Exited at iteration 50 with accuracies 
[1.29259868e-08]
not reaching the requested tolerance 1e-09.
Use iteration 51 instead with accuracy 
1.29259868060269e-08.

  values, vectors = lobpcg(projected_hamiltonian, guess, largest=False,
/home/erosanow_hpc/informed_swapping/BARK.py:156: UserWarning: Exited postprocessing with accuracies 
[1.29259875e-08]
not reaching the requested tolerance 1e-09.
  values, vectors = lobpcg(projected_hamiltonian, guess, largest=False,
/home/erosanow_hpc/informed_swapping/BARK.py:156: UserWarning: Exited at iteration 50 with accuracies 
[1.61284522e-08]
not reaching the requested tolerance 1e-09.
Use iteration 51 instead with accuracy 
1.612845217592018e-08.

  values, vectors = lobpcg(projected_hamiltonian, guess, largest=False,
/home/erosanow_hpc/informed_swapping/BARK.py:156: UserWarning: Exited postprocessing with accuracies 
[1.6128452e-08]
not reaching the requested tolerance 1e-09.
  values, vectors = lobpcg(projected_hamiltonian, guess, largest=False,
/home/erosanow_hpc/informed_swapping/BARK.py:156: UserWarning: Exited at iteration 50 with accuracies 
[1.16490952e-08]
not reaching the requested tolerance 1e-09.
Use iteration 51 instead with accuracy 
1.1649095218799578e-08.

  values, vectors = lobpcg(projected_hamiltonian, guess, largest=False,
/home/erosanow_hpc/informed_swapping/BARK.py:156: UserWarning: Exited postprocessing with accuracies 
[1.16490953e-08]
not reaching the requested tolerance 1e-09.
  values, vectors = lobpcg(projected_hamiltonian, guess, largest=False,
/home/erosanow_hpc/informed_swapping/BARK.py:156: UserWarning: Exited at iteration 50 with accuracies 
[1.33032059e-08]
not reaching the requested tolerance 1e-09.
Use iteration 51 instead with accuracy 
1.3303205856679487e-08.

  values, vectors = lobpcg(projected_hamiltonian, guess, largest=False,
/home/erosanow_hpc/informed_swapping/BARK.py:156: UserWarning: Exited postprocessing with accuracies 
[1.33032053e-08]
not reaching the requested tolerance 1e-09.
  values, vectors = lobpcg(projected_hamiltonian, guess, largest=False,
/home/erosanow_hpc/informed_swapping/BARK.py:156: UserWarning: Exited at iteration 50 with accuracies 
[1.35994204e-08]
not reaching the requested tolerance 1e-09.
Use iteration 51 instead with accuracy 
1.3599420354045327e-08.

  values, vectors = lobpcg(projected_hamiltonian, guess, largest=False,
/home/erosanow_hpc/informed_swapping/BARK.py:156: UserWarning: Exited postprocessing with accuracies 
[1.35994199e-08]
not reaching the requested tolerance 1e-09.
  values, vectors = lobpcg(projected_hamiltonian, guess, largest=False,
/home/erosanow_hpc/informed_swapping/BARK.py:156: UserWarning: Exited at iteration 50 with accuracies 
[3.16024501e-08]
not reaching the requested tolerance 1e-09.
Use iteration 51 instead with accuracy 
3.160245006709494e-08.

  values, vectors = lobpcg(projected_hamiltonian, guess, largest=False,
/home/erosanow_hpc/informed_swapping/BARK.py:156: UserWarning: Exited postprocessing with accuracies 
[3.16024502e-08]
not reaching the requested tolerance 1e-09.
  values, vectors = lobpcg(projected_hamiltonian, guess, largest=False,
/home/erosanow_hpc/informed_swapping/BARK.py:156: UserWarning: Exited at iteration 50 with accuracies 
[2.56325525e-09]
not reaching the requested tolerance 1e-09.
Use iteration 51 instead with accuracy 
2.563255254171921e-09.

  values, vectors = lobpcg(projected_hamiltonian, guess, largest=False,
/home/erosanow_hpc/informed_swapping/BARK.py:156: UserWarning: Exited postprocessing with accuracies 
[2.56325589e-09]
not reaching the requested tolerance 1e-09.
  values, vectors = lobpcg(projected_hamiltonian, guess, largest=False,
/home/erosanow_hpc/informed_swapping/BARK.py:156: UserWarning: Exited at iteration 50 with accuracies 
[2.94508393e-09]
not reaching the requested tolerance 1e-09.
Use iteration 51 instead with accuracy 
2.9450839284049136e-09.

  values, vectors = lobpcg(projected_hamiltonian, guess, largest=False,
/home/erosanow_hpc/informed_swapping/BARK.py:156: UserWarning: Exited postprocessing with accuracies 
[2.94508394e-09]
not reaching the requested tolerance 1e-09.
  values, vectors = lobpcg(projected_hamiltonian, guess, largest=False,
/home/erosanow_hpc/informed_swapping/BARK.py:156: UserWarning: Exited at iteration 50 with accuracies 
[2.00264512e-09]
not reaching the requested tolerance 1e-09.
Use iteration 51 instead with accuracy 
2.002645122033815e-09.

  values, vectors = lobpcg(projected_hamiltonian, guess, largest=False,
/home/erosanow_hpc/informed_swapping/BARK.py:156: UserWarning: Exited postprocessing with accuracies 
[2.00264509e-09]
not reaching the requested tolerance 1e-09.
  values, vectors = lobpcg(projected_hamiltonian, guess, largest=False,
/home/erosanow_hpc/informed_swapping/BARK.py:156: UserWarning: Exited at iteration 50 with accuracies 
[2.85324534e-09]
not reaching the requested tolerance 1e-09.
Use iteration 51 instead with accuracy 
2.853245343639812e-09.

  values, vectors = lobpcg(projected_hamiltonian, guess, largest=False,
/home/erosanow_hpc/informed_swapping/BARK.py:156: UserWarning: Exited postprocessing with accuracies 
[2.85324483e-09]
not reaching the requested tolerance 1e-09.
  values, vectors = lobpcg(projected_hamiltonian, guess, largest=False,
/home/erosanow_hpc/informed_swapping/BARK.py:156: UserWarning: Exited at iteration 50 with accuracies 
[1.86094017e-09]
not reaching the requested tolerance 1e-09.
Use iteration 51 instead with accuracy 
1.860940171833635e-09.

  values, vectors = lobpcg(projected_hamiltonian, guess, largest=False,
/home/erosanow_hpc/informed_swapping/BARK.py:156: UserWarning: Exited postprocessing with accuracies 
[1.86093975e-09]
not reaching the requested tolerance 1e-09.
  values, vectors = lobpcg(projected_hamiltonian, guess, largest=False,
/home/erosanow_hpc/informed_swapping/BARK.py:156: UserWarning: Exited at iteration 50 with accuracies 
[2.17841997e-09]
not reaching the requested tolerance 1e-09.
Use iteration 51 instead with accuracy 
2.1784199741194997e-09.

  values, vectors = lobpcg(projected_hamiltonian, guess, largest=False,
/home/erosanow_hpc/informed_swapping/BARK.py:156: UserWarning: Exited postprocessing with accuracies 
[2.17841997e-09]
not reaching the requested tolerance 1e-09.
  values, vectors = lobpcg(projected_hamiltonian, guess, largest=False,
/home/erosanow_hpc/informed_swapping/BARK.py:156: UserWarning: Exited at iteration 50 with accuracies 
[1.11325142e-09]
not reaching the requested tolerance 1e-09.
Use iteration 51 instead with accuracy 
1.1132514227056765e-09.

  values, vectors = lobpcg(projected_hamiltonian, guess, largest=False,
/home/erosanow_hpc/informed_swapping/BARK.py:156: UserWarning: Exited postprocessing with accuracies 
[1.11325146e-09]
not reaching the requested tolerance 1e-09.
  values, vectors = lobpcg(projected_hamiltonian, guess, largest=False,
/home/erosanow_hpc/informed_swapping/BARK.py:156: UserWarning: Exited at iteration 50 with accuracies 
[3.50508359e-09]
not reaching the requested tolerance 1e-09.
Use iteration 51 instead with accuracy 
3.5050835885637648e-09.

  values, vectors = lobpcg(projected_hamiltonian, guess, largest=False,
/home/erosanow_hpc/informed_swapping/BARK.py:156: UserWarning: Exited postprocessing with accuracies 
[3.50508334e-09]
not reaching the requested tolerance 1e-09.
  values, vectors = lobpcg(projected_hamiltonian, guess, largest=False,
/home/erosanow_hpc/informed_swapping/BARK.py:156: UserWarning: Exited at iteration 50 with accuracies 
[3.47254174e-09]
not reaching the requested tolerance 1e-09.
Use iteration 51 instead with accuracy 
3.472541737248742e-09.

  values, vectors = lobpcg(projected_hamiltonian, guess, largest=False,
/home/erosanow_hpc/informed_swapping/BARK.py:156: UserWarning: Exited postprocessing with accuracies 
[3.47254179e-09]
not reaching the requested tolerance 1e-09.
  values, vectors = lobpcg(projected_hamiltonian, guess, largest=False,
/home/erosanow_hpc/informed_swapping/BARK.py:156: UserWarning: Exited at iteration 50 with accuracies 
[2.89526972e-09]
not reaching the requested tolerance 1e-09.
Use iteration 51 instead with accuracy 
2.895269717924364e-09.

  values, vectors = lobpcg(projected_hamiltonian, guess, largest=False,
/home/erosanow_hpc/informed_swapping/BARK.py:156: UserWarning: Exited postprocessing with accuracies 
[2.89527003e-09]
not reaching the requested tolerance 1e-09.
  values, vectors = lobpcg(projected_hamiltonian, guess, largest=False,
/home/erosanow_hpc/informed_swapping/BARK.py:156: UserWarning: Exited at iteration 50 with accuracies 
[1.91812296e-09]
not reaching the requested tolerance 1e-09.
Use iteration 51 instead with accuracy 
1.9181229626819925e-09.

  values, vectors = lobpcg(projected_hamiltonian, guess, largest=False,
/home/erosanow_hpc/informed_swapping/BARK.py:156: UserWarning: Exited postprocessing with accuracies 
[1.91812268e-09]
not reaching the requested tolerance 1e-09.
  values, vectors = lobpcg(projected_hamiltonian, guess, largest=False,
/home/erosanow_hpc/informed_swapping/BARK.py:156: UserWarning: Exited at iteration 50 with accuracies 
[5.78900378e-09]
not reaching the requested tolerance 1e-09.
Use iteration 51 instead with accuracy 
5.7890037842085325e-09.

  values, vectors = lobpcg(projected_hamiltonian, guess, largest=False,
/home/erosanow_hpc/informed_swapping/BARK.py:156: UserWarning: Exited postprocessing with accuracies 
[5.78900349e-09]
not reaching the requested tolerance 1e-09.
  values, vectors = lobpcg(projected_hamiltonian, guess, largest=False,
/home/erosanow_hpc/informed_swapping/BARK.py:156: UserWarning: Exited at iteration 50 with accuracies 
[4.44855174e-09]
not reaching the requested tolerance 1e-09.
Use iteration 51 instead with accuracy 
4.4485517446510085e-09.

  values, vectors = lobpcg(projected_hamiltonian, guess, largest=False,
/home/erosanow_hpc/informed_swapping/BARK.py:156: UserWarning: Exited postprocessing with accuracies 
[4.44855117e-09]
not reaching the requested tolerance 1e-09.
  values, vectors = lobpcg(projected_hamiltonian, guess, largest=False,
/home/erosanow_hpc/informed_swapping/BARK.py:156: UserWarning: Exited at iteration 50 with accuracies 
[4.36701757e-09]
not reaching the requested tolerance 1e-09.
Use iteration 51 instead with accuracy 
4.367017573378404e-09.

  values, vectors = lobpcg(projected_hamiltonian, guess, largest=False,
/home/erosanow_hpc/informed_swapping/BARK.py:156: UserWarning: Exited postprocessing with accuracies 
[4.36701766e-09]
not reaching the requested tolerance 1e-09.
  values, vectors = lobpcg(projected_hamiltonian, guess, largest=False,
/home/erosanow_hpc/informed_swapping/BARK.py:156: UserWarning: Exited at iteration 50 with accuracies 
[2.27799218e-09]
not reaching the requested tolerance 1e-09.
Use iteration 51 instead with accuracy 
2.277992175568459e-09.

  values, vectors = lobpcg(projected_hamiltonian, guess, largest=False,
/home/erosanow_hpc/informed_swapping/BARK.py:156: UserWarning: Exited postprocessing with accuracies 
[2.27799232e-09]
not reaching the requested tolerance 1e-09.
  values, vectors = lobpcg(projected_hamiltonian, guess, largest=False,
/home/erosanow_hpc/informed_swapping/BARK.py:156: UserWarning: Exited at iteration 50 with accuracies 
[3.26183672e-09]
not reaching the requested tolerance 1e-09.
Use iteration 51 instead with accuracy 
3.2618367191869557e-09.

  values, vectors = lobpcg(projected_hamiltonian, guess, largest=False,
/home/erosanow_hpc/informed_swapping/BARK.py:156: UserWarning: Exited postprocessing with accuracies 
[3.2618365e-09]
not reaching the requested tolerance 1e-09.
  values, vectors = lobpcg(projected_hamiltonian, guess, largest=False,
/home/erosanow_hpc/informed_swapping/BARK.py:156: UserWarning: Exited at iteration 50 with accuracies 
[3.99275235e-09]
not reaching the requested tolerance 1e-09.
Use iteration 51 instead with accuracy 
3.992752353294863e-09.

  values, vectors = lobpcg(projected_hamiltonian, guess, largest=False,
/home/erosanow_hpc/informed_swapping/BARK.py:156: UserWarning: Exited postprocessing with accuracies 
[3.99275177e-09]
not reaching the requested tolerance 1e-09.
  values, vectors = lobpcg(projected_hamiltonian, guess, largest=False,
/home/erosanow_hpc/informed_swapping/BARK.py:156: UserWarning: Exited at iteration 50 with accuracies 
[2.50496011e-09]
not reaching the requested tolerance 1e-09.
Use iteration 51 instead with accuracy 
2.5049601098181504e-09.

  values, vectors = lobpcg(projected_hamiltonian, guess, largest=False,
/home/erosanow_hpc/informed_swapping/BARK.py:156: UserWarning: Exited postprocessing with accuracies 
[2.50495976e-09]
not reaching the requested tolerance 1e-09.
  values, vectors = lobpcg(projected_hamiltonian, guess, largest=False,
/home/erosanow_hpc/informed_swapping/BARK.py:156: UserWarning: Exited at iteration 50 with accuracies 
[3.86402755e-09]
not reaching the requested tolerance 1e-09.
Use iteration 51 instead with accuracy 
3.864027554430508e-09.

  values, vectors = lobpcg(projected_hamiltonian, guess, largest=False,
/home/erosanow_hpc/informed_swapping/BARK.py:156: UserWarning: Exited postprocessing with accuracies 
[3.86402805e-09]
not reaching the requested tolerance 1e-09.
  values, vectors = lobpcg(projected_hamiltonian, guess, largest=False,
/home/erosanow_hpc/informed_swapping/BARK.py:156: UserWarning: Exited at iteration 50 with accuracies 
[2.86665379e-09]
not reaching the requested tolerance 1e-09.
Use iteration 51 instead with accuracy 
2.8666537935523552e-09.

  values, vectors = lobpcg(projected_hamiltonian, guess, largest=False,
/home/erosanow_hpc/informed_swapping/BARK.py:156: UserWarning: Exited postprocessing with accuracies 
[2.86665361e-09]
not reaching the requested tolerance 1e-09.
  values, vectors = lobpcg(projected_hamiltonian, guess, largest=False,
/home/erosanow_hpc/informed_swapping/BARK.py:156: UserWarning: Exited at iteration 50 with accuracies 
[2.86098847e-09]
not reaching the requested tolerance 1e-09.
Use iteration 51 instead with accuracy 
2.8609884695322485e-09.

  values, vectors = lobpcg(projected_hamiltonian, guess, largest=False,
/home/erosanow_hpc/informed_swapping/BARK.py:156: UserWarning: Exited postprocessing with accuracies 
[2.86098791e-09]
not reaching the requested tolerance 1e-09.
  values, vectors = lobpcg(projected_hamiltonian, guess, largest=False,
/home/erosanow_hpc/informed_swapping/BARK.py:156: UserWarning: Exited at iteration 50 with accuracies 
[8.64116548e-09]
not reaching the requested tolerance 1e-09.
Use iteration 51 instead with accuracy 
8.641165483548862e-09.

  values, vectors = lobpcg(projected_hamiltonian, guess, largest=False,
/home/erosanow_hpc/informed_swapping/BARK.py:156: UserWarning: Exited postprocessing with accuracies 
[8.64116593e-09]
not reaching the requested tolerance 1e-09.
  values, vectors = lobpcg(projected_hamiltonian, guess, largest=False,
/home/erosanow_hpc/informed_swapping/BARK.py:156: UserWarning: Exited at iteration 50 with accuracies 
[3.8426071e-09]
not reaching the requested tolerance 1e-09.
Use iteration 51 instead with accuracy 
3.842607097665655e-09.

  values, vectors = lobpcg(projected_hamiltonian, guess, largest=False,
/home/erosanow_hpc/informed_swapping/BARK.py:156: UserWarning: Exited postprocessing with accuracies 
[3.84260731e-09]
not reaching the requested tolerance 1e-09.
  values, vectors = lobpcg(projected_hamiltonian, guess, largest=False,
/home/erosanow_hpc/informed_swapping/BARK.py:156: UserWarning: Exited at iteration 50 with accuracies 
[3.38521504e-09]
not reaching the requested tolerance 1e-09.
Use iteration 51 instead with accuracy 
3.3852150434605612e-09.

  values, vectors = lobpcg(projected_hamiltonian, guess, largest=False,
/home/erosanow_hpc/informed_swapping/BARK.py:156: UserWarning: Exited postprocessing with accuracies 
[3.38521567e-09]
not reaching the requested tolerance 1e-09.
  values, vectors = lobpcg(projected_hamiltonian, guess, largest=False,
/home/erosanow_hpc/informed_swapping/BARK.py:156: UserWarning: Exited at iteration 50 with accuracies 
[3.42341376e-09]
not reaching the requested tolerance 1e-09.
Use iteration 51 instead with accuracy 
3.4234137561522917e-09.

  values, vectors = lobpcg(projected_hamiltonian, guess, largest=False,
/home/erosanow_hpc/informed_swapping/BARK.py:156: UserWarning: Exited postprocessing with accuracies 
[3.42341417e-09]
not reaching the requested tolerance 1e-09.
  values, vectors = lobpcg(projected_hamiltonian, guess, largest=False,
/home/erosanow_hpc/informed_swapping/BARK.py:156: UserWarning: Exited at iteration 50 with accuracies 
[9.27727182e-09]
not reaching the requested tolerance 1e-09.
Use iteration 51 instead with accuracy 
9.277271819583893e-09.

  values, vectors = lobpcg(projected_hamiltonian, guess, largest=False,
/home/erosanow_hpc/informed_swapping/BARK.py:156: UserWarning: Exited postprocessing with accuracies 
[9.2772721e-09]
not reaching the requested tolerance 1e-09.
  values, vectors = lobpcg(projected_hamiltonian, guess, largest=False,
/home/erosanow_hpc/informed_swapping/BARK.py:156: UserWarning: Exited at iteration 50 with accuracies 
[6.83525928e-09]
not reaching the requested tolerance 1e-09.
Use iteration 51 instead with accuracy 
6.835259277500295e-09.

  values, vectors = lobpcg(projected_hamiltonian, guess, largest=False,
/home/erosanow_hpc/informed_swapping/BARK.py:156: UserWarning: Exited postprocessing with accuracies 
[6.83525914e-09]
not reaching the requested tolerance 1e-09.
  values, vectors = lobpcg(projected_hamiltonian, guess, largest=False,
/home/erosanow_hpc/informed_swapping/BARK.py:156: UserWarning: Exited at iteration 50 with accuracies 
[7.80699284e-09]
not reaching the requested tolerance 1e-09.
Use iteration 51 instead with accuracy 
7.806992836212486e-09.

  values, vectors = lobpcg(projected_hamiltonian, guess, largest=False,
/home/erosanow_hpc/informed_swapping/BARK.py:156: UserWarning: Exited postprocessing with accuracies 
[7.80699307e-09]
not reaching the requested tolerance 1e-09.
  values, vectors = lobpcg(projected_hamiltonian, guess, largest=False,
/home/erosanow_hpc/informed_swapping/BARK.py:156: UserWarning: Exited at iteration 50 with accuracies 
[5.74066788e-09]
not reaching the requested tolerance 1e-09.
Use iteration 51 instead with accuracy 
5.740667884887667e-09.

  values, vectors = lobpcg(projected_hamiltonian, guess, largest=False,
/home/erosanow_hpc/informed_swapping/BARK.py:156: UserWarning: Exited postprocessing with accuracies 
[5.74066824e-09]
not reaching the requested tolerance 1e-09.
  values, vectors = lobpcg(projected_hamiltonian, guess, largest=False,
/home/erosanow_hpc/informed_swapping/BARK.py:156: UserWarning: Exited at iteration 50 with accuracies 
[1.36425536e-08]
not reaching the requested tolerance 1e-09.
Use iteration 51 instead with accuracy 
1.3642553557354333e-08.

  values, vectors = lobpcg(projected_hamiltonian, guess, largest=False,
/home/erosanow_hpc/informed_swapping/BARK.py:156: UserWarning: Exited postprocessing with accuracies 
[1.36425537e-08]
not reaching the requested tolerance 1e-09.
  values, vectors = lobpcg(projected_hamiltonian, guess, largest=False,
/home/erosanow_hpc/informed_swapping/BARK.py:156: UserWarning: Exited at iteration 50 with accuracies 
[2.42096105e-09]
not reaching the requested tolerance 1e-09.
Use iteration 51 instead with accuracy 
2.420961051207129e-09.

  values, vectors = lobpcg(projected_hamiltonian, guess, largest=False,
/home/erosanow_hpc/informed_swapping/BARK.py:156: UserWarning: Exited postprocessing with accuracies 
[2.42096102e-09]
not reaching the requested tolerance 1e-09.
  values, vectors = lobpcg(projected_hamiltonian, guess, largest=False,
/home/erosanow_hpc/informed_swapping/BARK.py:156: UserWarning: Exited at iteration 50 with accuracies 
[1.98905448e-09]
not reaching the requested tolerance 1e-09.
Use iteration 51 instead with accuracy 
1.9890544771512772e-09.

  values, vectors = lobpcg(projected_hamiltonian, guess, largest=False,
/home/erosanow_hpc/informed_swapping/BARK.py:156: UserWarning: Exited postprocessing with accuracies 
[1.98905454e-09]
not reaching the requested tolerance 1e-09.
  values, vectors = lobpcg(projected_hamiltonian, guess, largest=False,
/home/erosanow_hpc/informed_swapping/BARK.py:156: UserWarning: Exited at iteration 50 with accuracies 
[1.93695717e-09]
not reaching the requested tolerance 1e-09.
Use iteration 51 instead with accuracy 
1.9369571735048332e-09.

  values, vectors = lobpcg(projected_hamiltonian, guess, largest=False,
/home/erosanow_hpc/informed_swapping/BARK.py:156: UserWarning: Exited postprocessing with accuracies 
[1.93695717e-09]
not reaching the requested tolerance 1e-09.
  values, vectors = lobpcg(projected_hamiltonian, guess, largest=False,
/home/erosanow_hpc/informed_swapping/BARK.py:156: UserWarning: Exited at iteration 50 with accuracies 
[5.8967081e-09]
not reaching the requested tolerance 1e-09.
Use iteration 51 instead with accuracy 
5.896708100419318e-09.

  values, vectors = lobpcg(projected_hamiltonian, guess, largest=False,
/home/erosanow_hpc/informed_swapping/BARK.py:156: UserWarning: Exited postprocessing with accuracies 
[5.89670776e-09]
not reaching the requested tolerance 1e-09.
  values, vectors = lobpcg(projected_hamiltonian, guess, largest=False,
/home/erosanow_hpc/informed_swapping/BARK.py:156: UserWarning: Exited at iteration 50 with accuracies 
[4.31246677e-09]
not reaching the requested tolerance 1e-09.
Use iteration 51 instead with accuracy 
4.312466773464201e-09.

  values, vectors = lobpcg(projected_hamiltonian, guess, largest=False,
/home/erosanow_hpc/informed_swapping/BARK.py:156: UserWarning: Exited postprocessing with accuracies 
[4.31246707e-09]
not reaching the requested tolerance 1e-09.
  values, vectors = lobpcg(projected_hamiltonian, guess, largest=False,
/home/erosanow_hpc/informed_swapping/BARK.py:156: UserWarning: Exited at iteration 50 with accuracies 
[4.45581319e-09]
not reaching the requested tolerance 1e-09.
Use iteration 51 instead with accuracy 
4.4558131861238785e-09.

  values, vectors = lobpcg(projected_hamiltonian, guess, largest=False,
/home/erosanow_hpc/informed_swapping/BARK.py:156: UserWarning: Exited postprocessing with accuracies 
[4.4558129e-09]
not reaching the requested tolerance 1e-09.
  values, vectors = lobpcg(projected_hamiltonian, guess, largest=False,
/home/erosanow_hpc/informed_swapping/BARK.py:156: UserWarning: Exited at iteration 50 with accuracies 
[2.98068536e-09]
not reaching the requested tolerance 1e-09.
Use iteration 51 instead with accuracy 
2.980685357050503e-09.

  values, vectors = lobpcg(projected_hamiltonian, guess, largest=False,
/home/erosanow_hpc/informed_swapping/BARK.py:156: UserWarning: Exited postprocessing with accuracies 
[2.98068529e-09]
not reaching the requested tolerance 1e-09.
  values, vectors = lobpcg(projected_hamiltonian, guess, largest=False,
/home/erosanow_hpc/informed_swapping/BARK.py:156: UserWarning: Exited at iteration 50 with accuracies 
[8.33709896e-09]
not reaching the requested tolerance 1e-09.
Use iteration 51 instead with accuracy 
8.337098963496687e-09.

  values, vectors = lobpcg(projected_hamiltonian, guess, largest=False,
/home/erosanow_hpc/informed_swapping/BARK.py:156: UserWarning: Exited postprocessing with accuracies 
[8.33709938e-09]
not reaching the requested tolerance 1e-09.
  values, vectors = lobpcg(projected_hamiltonian, guess, largest=False,
/home/erosanow_hpc/informed_swapping/BARK.py:156: UserWarning: Exited at iteration 50 with accuracies 
[3.81035491e-09]
not reaching the requested tolerance 1e-09.
Use iteration 51 instead with accuracy 
3.810354905695845e-09.

  values, vectors = lobpcg(projected_hamiltonian, guess, largest=False,
/home/erosanow_hpc/informed_swapping/BARK.py:156: UserWarning: Exited postprocessing with accuracies 
[3.81035544e-09]
not reaching the requested tolerance 1e-09.
  values, vectors = lobpcg(projected_hamiltonian, guess, largest=False,
/home/erosanow_hpc/informed_swapping/BARK.py:156: UserWarning: Exited at iteration 50 with accuracies 
[5.45271852e-09]
not reaching the requested tolerance 1e-09.
Use iteration 51 instead with accuracy 
5.45271852489575e-09.

  values, vectors = lobpcg(projected_hamiltonian, guess, largest=False,
/home/erosanow_hpc/informed_swapping/BARK.py:156: UserWarning: Exited postprocessing with accuracies 
[5.45271847e-09]
not reaching the requested tolerance 1e-09.
  values, vectors = lobpcg(projected_hamiltonian, guess, largest=False,
/home/erosanow_hpc/informed_swapping/BARK.py:156: UserWarning: Exited at iteration 50 with accuracies 
[4.51232777e-09]
not reaching the requested tolerance 1e-09.
Use iteration 51 instead with accuracy 
4.512327770202541e-09.

  values, vectors = lobpcg(projected_hamiltonian, guess, largest=False,
/home/erosanow_hpc/informed_swapping/BARK.py:156: UserWarning: Exited postprocessing with accuracies 
[4.51232796e-09]
not reaching the requested tolerance 1e-09.
  values, vectors = lobpcg(projected_hamiltonian, guess, largest=False,
/home/erosanow_hpc/informed_swapping/BARK.py:156: UserWarning: Exited at iteration 50 with accuracies 
[5.37222651e-09]
not reaching the requested tolerance 1e-09.
Use iteration 51 instead with accuracy 
5.372226512151603e-09.

  values, vectors = lobpcg(projected_hamiltonian, guess, largest=False,
/home/erosanow_hpc/informed_swapping/BARK.py:156: UserWarning: Exited postprocessing with accuracies 
[5.37222613e-09]
not reaching the requested tolerance 1e-09.
  values, vectors = lobpcg(projected_hamiltonian, guess, largest=False,
/home/erosanow_hpc/informed_swapping/BARK.py:156: UserWarning: Exited at iteration 50 with accuracies 
[3.74770915e-09]
not reaching the requested tolerance 1e-09.
Use iteration 51 instead with accuracy 
3.747709154141244e-09.

  values, vectors = lobpcg(projected_hamiltonian, guess, largest=False,
/home/erosanow_hpc/informed_swapping/BARK.py:156: UserWarning: Exited postprocessing with accuracies 
[3.74770928e-09]
not reaching the requested tolerance 1e-09.
  values, vectors = lobpcg(projected_hamiltonian, guess, largest=False,
/home/erosanow_hpc/informed_swapping/BARK.py:156: UserWarning: Exited at iteration 50 with accuracies 
[1.01969008e-08]
not reaching the requested tolerance 1e-09.
Use iteration 51 instead with accuracy 
1.0196900762788483e-08.

  values, vectors = lobpcg(projected_hamiltonian, guess, largest=False,
/home/erosanow_hpc/informed_swapping/BARK.py:156: UserWarning: Exited postprocessing with accuracies 
[1.01969003e-08]
not reaching the requested tolerance 1e-09.
  values, vectors = lobpcg(projected_hamiltonian, guess, largest=False,
/home/erosanow_hpc/informed_swapping/BARK.py:156: UserWarning: Exited at iteration 50 with accuracies 
[9.97049456e-09]
not reaching the requested tolerance 1e-09.
Use iteration 51 instead with accuracy 
9.97049456439318e-09.

  values, vectors = lobpcg(projected_hamiltonian, guess, largest=False,
/home/erosanow_hpc/informed_swapping/BARK.py:156: UserWarning: Exited postprocessing with accuracies 
[9.97049457e-09]
not reaching the requested tolerance 1e-09.
  values, vectors = lobpcg(projected_hamiltonian, guess, largest=False,
/home/erosanow_hpc/informed_swapping/BARK.py:156: UserWarning: Exited at iteration 50 with accuracies 
[1.2082691e-08]
not reaching the requested tolerance 1e-09.
Use iteration 51 instead with accuracy 
1.208269102046982e-08.

  values, vectors = lobpcg(projected_hamiltonian, guess, largest=False,
/home/erosanow_hpc/informed_swapping/BARK.py:156: UserWarning: Exited postprocessing with accuracies 
[1.2082691e-08]
not reaching the requested tolerance 1e-09.
  values, vectors = lobpcg(projected_hamiltonian, guess, largest=False,
/home/erosanow_hpc/informed_swapping/BARK.py:156: UserWarning: Exited at iteration 50 with accuracies 
[5.34202373e-09]
not reaching the requested tolerance 1e-09.
Use iteration 51 instead with accuracy 
5.342023732415828e-09.

  values, vectors = lobpcg(projected_hamiltonian, guess, largest=False,
/home/erosanow_hpc/informed_swapping/BARK.py:156: UserWarning: Exited postprocessing with accuracies 
[5.34202339e-09]
not reaching the requested tolerance 1e-09.
  values, vectors = lobpcg(projected_hamiltonian, guess, largest=False,
/home/erosanow_hpc/informed_swapping/BARK.py:156: UserWarning: Exited at iteration 50 with accuracies 
[5.77879168e-09]
not reaching the requested tolerance 1e-09.
Use iteration 51 instead with accuracy 
5.778791681399218e-09.

  values, vectors = lobpcg(projected_hamiltonian, guess, largest=False,
/home/erosanow_hpc/informed_swapping/BARK.py:156: UserWarning: Exited postprocessing with accuracies 
[5.77879273e-09]
not reaching the requested tolerance 1e-09.
  values, vectors = lobpcg(projected_hamiltonian, guess, largest=False,
/home/erosanow_hpc/informed_swapping/BARK.py:156: UserWarning: Exited at iteration 50 with accuracies 
[5.35472039e-09]
not reaching the requested tolerance 1e-09.
Use iteration 51 instead with accuracy 
5.354720393584371e-09.

  values, vectors = lobpcg(projected_hamiltonian, guess, largest=False,
/home/erosanow_hpc/informed_swapping/BARK.py:156: UserWarning: Exited postprocessing with accuracies 
[5.35472026e-09]
not reaching the requested tolerance 1e-09.
  values, vectors = lobpcg(projected_hamiltonian, guess, largest=False,
/home/erosanow_hpc/informed_swapping/BARK.py:156: UserWarning: Exited at iteration 50 with accuracies 
[1.27460992e-08]
not reaching the requested tolerance 1e-09.
Use iteration 51 instead with accuracy 
1.2746099161635923e-08.

  values, vectors = lobpcg(projected_hamiltonian, guess, largest=False,
/home/erosanow_hpc/informed_swapping/BARK.py:156: UserWarning: Exited postprocessing with accuracies 
[1.27460992e-08]
not reaching the requested tolerance 1e-09.
  values, vectors = lobpcg(projected_hamiltonian, guess, largest=False,
/home/erosanow_hpc/informed_swapping/BARK.py:156: UserWarning: Exited at iteration 50 with accuracies 
[7.77853013e-09]
not reaching the requested tolerance 1e-09.
Use iteration 51 instead with accuracy 
7.778530130108367e-09.

  values, vectors = lobpcg(projected_hamiltonian, guess, largest=False,
/home/erosanow_hpc/informed_swapping/BARK.py:156: UserWarning: Exited postprocessing with accuracies 
[7.77852991e-09]
not reaching the requested tolerance 1e-09.
  values, vectors = lobpcg(projected_hamiltonian, guess, largest=False,
/home/erosanow_hpc/informed_swapping/BARK.py:156: UserWarning: Exited at iteration 50 with accuracies 
[8.725509e-09]
not reaching the requested tolerance 1e-09.
Use iteration 51 instead with accuracy 
8.725509003471477e-09.

  values, vectors = lobpcg(projected_hamiltonian, guess, largest=False,
/home/erosanow_hpc/informed_swapping/BARK.py:156: UserWarning: Exited postprocessing with accuracies 
[8.72550862e-09]
not reaching the requested tolerance 1e-09.
  values, vectors = lobpcg(projected_hamiltonian, guess, largest=False,
/home/erosanow_hpc/informed_swapping/BARK.py:156: UserWarning: Exited at iteration 50 with accuracies 
[8.7675851e-09]
not reaching the requested tolerance 1e-09.
Use iteration 51 instead with accuracy 
8.767585104827922e-09.

  values, vectors = lobpcg(projected_hamiltonian, guess, largest=False,
/home/erosanow_hpc/informed_swapping/BARK.py:156: UserWarning: Exited postprocessing with accuracies 
[8.76758445e-09]
not reaching the requested tolerance 1e-09.
  values, vectors = lobpcg(projected_hamiltonian, guess, largest=False,
/home/erosanow_hpc/informed_swapping/BARK.py:156: UserWarning: Exited at iteration 50 with accuracies 
[2.06361791e-08]
not reaching the requested tolerance 1e-09.
Use iteration 51 instead with accuracy 
2.0636179080178906e-08.

  values, vectors = lobpcg(projected_hamiltonian, guess, largest=False,
/home/erosanow_hpc/informed_swapping/BARK.py:156: UserWarning: Exited postprocessing with accuracies 
[2.06361791e-08]
not reaching the requested tolerance 1e-09.
  values, vectors = lobpcg(projected_hamiltonian, guess, largest=False,
/home/erosanow_hpc/informed_swapping/BARK.py:156: UserWarning: Exited at iteration 50 with accuracies 
[8.42837686e-09]
not reaching the requested tolerance 1e-09.
Use iteration 51 instead with accuracy 
8.428376860627616e-09.

  values, vectors = lobpcg(projected_hamiltonian, guess, largest=False,
/home/erosanow_hpc/informed_swapping/BARK.py:156: UserWarning: Exited postprocessing with accuracies 
[8.42837661e-09]
not reaching the requested tolerance 1e-09.
  values, vectors = lobpcg(projected_hamiltonian, guess, largest=False,
/home/erosanow_hpc/informed_swapping/BARK.py:156: UserWarning: Exited at iteration 50 with accuracies 
[9.34025503e-09]
not reaching the requested tolerance 1e-09.
Use iteration 51 instead with accuracy 
9.340255031158616e-09.

  values, vectors = lobpcg(projected_hamiltonian, guess, largest=False,
/home/erosanow_hpc/informed_swapping/BARK.py:156: UserWarning: Exited postprocessing with accuracies 
[9.34025453e-09]
not reaching the requested tolerance 1e-09.
  values, vectors = lobpcg(projected_hamiltonian, guess, largest=False,
/home/erosanow_hpc/informed_swapping/BARK.py:156: UserWarning: Exited at iteration 50 with accuracies 
[8.59569799e-09]
not reaching the requested tolerance 1e-09.
Use iteration 51 instead with accuracy 
8.595697994926431e-09.

  values, vectors = lobpcg(projected_hamiltonian, guess, largest=False,
/home/erosanow_hpc/informed_swapping/BARK.py:156: UserWarning: Exited postprocessing with accuracies 
[8.59569828e-09]
not reaching the requested tolerance 1e-09.
  values, vectors = lobpcg(projected_hamiltonian, guess, largest=False,
/home/erosanow_hpc/informed_swapping/BARK.py:156: UserWarning: Exited at iteration 50 with accuracies 
[1.99918349e-08]
not reaching the requested tolerance 1e-09.
Use iteration 51 instead with accuracy 
1.9991834860611777e-08.

  values, vectors = lobpcg(projected_hamiltonian, guess, largest=False,
/home/erosanow_hpc/informed_swapping/BARK.py:156: UserWarning: Exited postprocessing with accuracies 
[1.99918349e-08]
not reaching the requested tolerance 1e-09.
  values, vectors = lobpcg(projected_hamiltonian, guess, largest=False,
/home/erosanow_hpc/informed_swapping/BARK.py:156: UserWarning: Exited at iteration 50 with accuracies 
[1.17638114e-08]
not reaching the requested tolerance 1e-09.
Use iteration 51 instead with accuracy 
1.1763811379356804e-08.

  values, vectors = lobpcg(projected_hamiltonian, guess, largest=False,
/home/erosanow_hpc/informed_swapping/BARK.py:156: UserWarning: Exited postprocessing with accuracies 
[1.17638117e-08]
not reaching the requested tolerance 1e-09.
  values, vectors = lobpcg(projected_hamiltonian, guess, largest=False,
/home/erosanow_hpc/informed_swapping/BARK.py:156: UserWarning: Exited at iteration 50 with accuracies 
[1.43887363e-08]
not reaching the requested tolerance 1e-09.
Use iteration 51 instead with accuracy 
1.4388736269538602e-08.

  values, vectors = lobpcg(projected_hamiltonian, guess, largest=False,
/home/erosanow_hpc/informed_swapping/BARK.py:156: UserWarning: Exited postprocessing with accuracies 
[1.43887367e-08]
not reaching the requested tolerance 1e-09.
  values, vectors = lobpcg(projected_hamiltonian, guess, largest=False,
/home/erosanow_hpc/informed_swapping/BARK.py:156: UserWarning: Exited at iteration 50 with accuracies 
[1.50179491e-08]
not reaching the requested tolerance 1e-09.
Use iteration 51 instead with accuracy 
1.5017949113392085e-08.

  values, vectors = lobpcg(projected_hamiltonian, guess, largest=False,
/home/erosanow_hpc/informed_swapping/BARK.py:156: UserWarning: Exited postprocessing with accuracies 
[1.50179491e-08]
not reaching the requested tolerance 1e-09.
  values, vectors = lobpcg(projected_hamiltonian, guess, largest=False,
/home/erosanow_hpc/informed_swapping/BARK.py:156: UserWarning: Exited at iteration 50 with accuracies 
[3.18071067e-08]
not reaching the requested tolerance 1e-09.
Use iteration 51 instead with accuracy 
3.18071067014217e-08.

  values, vectors = lobpcg(projected_hamiltonian, guess, largest=False,
/home/erosanow_hpc/informed_swapping/BARK.py:156: UserWarning: Exited postprocessing with accuracies 
[3.1807107e-08]
not reaching the requested tolerance 1e-09.
  values, vectors = lobpcg(projected_hamiltonian, guess, largest=False,
/home/erosanow_hpc/informed_swapping/BARK.py:156: UserWarning: Exited at iteration 50 with accuracies 
[1.86856367e-09]
not reaching the requested tolerance 1e-09.
Use iteration 51 instead with accuracy 
1.868563668560642e-09.

  values, vectors = lobpcg(projected_hamiltonian, guess, largest=False,
/home/erosanow_hpc/informed_swapping/BARK.py:156: UserWarning: Exited postprocessing with accuracies 
[1.86856357e-09]
not reaching the requested tolerance 1e-09.
  values, vectors = lobpcg(projected_hamiltonian, guess, largest=False,
/home/erosanow_hpc/informed_swapping/BARK.py:156: UserWarning: Exited at iteration 50 with accuracies 
[5.80000021e-09]
not reaching the requested tolerance 1e-09.
Use iteration 51 instead with accuracy 
5.800000210662798e-09.

  values, vectors = lobpcg(projected_hamiltonian, guess, largest=False,
/home/erosanow_hpc/informed_swapping/BARK.py:156: UserWarning: Exited postprocessing with accuracies 
[5.8000002e-09]
not reaching the requested tolerance 1e-09.
  values, vectors = lobpcg(projected_hamiltonian, guess, largest=False,
/home/erosanow_hpc/informed_swapping/BARK.py:156: UserWarning: Exited at iteration 50 with accuracies 
[5.77387154e-09]
not reaching the requested tolerance 1e-09.
Use iteration 51 instead with accuracy 
5.773871537194383e-09.

  values, vectors = lobpcg(projected_hamiltonian, guess, largest=False,
/home/erosanow_hpc/informed_swapping/BARK.py:156: UserWarning: Exited postprocessing with accuracies 
[5.77387145e-09]
not reaching the requested tolerance 1e-09.
  values, vectors = lobpcg(projected_hamiltonian, guess, largest=False,
/home/erosanow_hpc/informed_swapping/BARK.py:156: UserWarning: Exited at iteration 50 with accuracies 
[5.85471454e-09]
not reaching the requested tolerance 1e-09.
Use iteration 51 instead with accuracy 
5.85471454426964e-09.

  values, vectors = lobpcg(projected_hamiltonian, guess, largest=False,
/home/erosanow_hpc/informed_swapping/BARK.py:156: UserWarning: Exited postprocessing with accuracies 
[5.85471411e-09]
not reaching the requested tolerance 1e-09.
  values, vectors = lobpcg(projected_hamiltonian, guess, largest=False,
/home/erosanow_hpc/informed_swapping/BARK.py:156: UserWarning: Exited at iteration 50 with accuracies 
[6.04412891e-09]
not reaching the requested tolerance 1e-09.
Use iteration 51 instead with accuracy 
6.044128908934623e-09.

  values, vectors = lobpcg(projected_hamiltonian, guess, largest=False,
/home/erosanow_hpc/informed_swapping/BARK.py:156: UserWarning: Exited postprocessing with accuracies 
[6.04412879e-09]
not reaching the requested tolerance 1e-09.
  values, vectors = lobpcg(projected_hamiltonian, guess, largest=False,
/home/erosanow_hpc/informed_swapping/BARK.py:156: UserWarning: Exited at iteration 50 with accuracies 
[6.69660588e-09]
not reaching the requested tolerance 1e-09.
Use iteration 51 instead with accuracy 
6.696605880170836e-09.

  values, vectors = lobpcg(projected_hamiltonian, guess, largest=False,
/home/erosanow_hpc/informed_swapping/BARK.py:156: UserWarning: Exited postprocessing with accuracies 
[6.69660658e-09]
not reaching the requested tolerance 1e-09.
  values, vectors = lobpcg(projected_hamiltonian, guess, largest=False,
/home/erosanow_hpc/informed_swapping/BARK.py:156: UserWarning: Exited at iteration 50 with accuracies 
[4.87520214e-09]
not reaching the requested tolerance 1e-09.
Use iteration 51 instead with accuracy 
4.875202139420839e-09.

  values, vectors = lobpcg(projected_hamiltonian, guess, largest=False,
/home/erosanow_hpc/informed_swapping/BARK.py:156: UserWarning: Exited postprocessing with accuracies 
[4.87520168e-09]
not reaching the requested tolerance 1e-09.
  values, vectors = lobpcg(projected_hamiltonian, guess, largest=False,
/home/erosanow_hpc/informed_swapping/BARK.py:156: UserWarning: Exited at iteration 50 with accuracies 
[1.15895844e-08]
not reaching the requested tolerance 1e-09.
Use iteration 51 instead with accuracy 
1.158958436005319e-08.

  values, vectors = lobpcg(projected_hamiltonian, guess, largest=False,
/home/erosanow_hpc/informed_swapping/BARK.py:156: UserWarning: Exited postprocessing with accuracies 
[1.15895844e-08]
not reaching the requested tolerance 1e-09.
  values, vectors = lobpcg(projected_hamiltonian, guess, largest=False,
/home/erosanow_hpc/informed_swapping/BARK.py:156: UserWarning: Exited at iteration 50 with accuracies 
[6.152966e-09]
not reaching the requested tolerance 1e-09.
Use iteration 51 instead with accuracy 
6.152966003298252e-09.

  values, vectors = lobpcg(projected_hamiltonian, guess, largest=False,
/home/erosanow_hpc/informed_swapping/BARK.py:156: UserWarning: Exited postprocessing with accuracies 
[6.15296605e-09]
not reaching the requested tolerance 1e-09.
  values, vectors = lobpcg(projected_hamiltonian, guess, largest=False,
/home/erosanow_hpc/informed_swapping/BARK.py:156: UserWarning: Exited at iteration 50 with accuracies 
[6.70255758e-09]
not reaching the requested tolerance 1e-09.
Use iteration 51 instead with accuracy 
6.702557582523163e-09.

  values, vectors = lobpcg(projected_hamiltonian, guess, largest=False,
/home/erosanow_hpc/informed_swapping/BARK.py:156: UserWarning: Exited postprocessing with accuracies 
[6.70255761e-09]
not reaching the requested tolerance 1e-09.
  values, vectors = lobpcg(projected_hamiltonian, guess, largest=False,
/home/erosanow_hpc/informed_swapping/BARK.py:156: UserWarning: Exited at iteration 50 with accuracies 
[6.68321256e-09]
not reaching the requested tolerance 1e-09.
Use iteration 51 instead with accuracy 
6.683212561338295e-09.

  values, vectors = lobpcg(projected_hamiltonian, guess, largest=False,
/home/erosanow_hpc/informed_swapping/BARK.py:156: UserWarning: Exited postprocessing with accuracies 
[6.68321248e-09]
not reaching the requested tolerance 1e-09.
  values, vectors = lobpcg(projected_hamiltonian, guess, largest=False,
/home/erosanow_hpc/informed_swapping/BARK.py:156: UserWarning: Exited at iteration 50 with accuracies 
[1.50466343e-08]
not reaching the requested tolerance 1e-09.
Use iteration 51 instead with accuracy 
1.5046634291845352e-08.

  values, vectors = lobpcg(projected_hamiltonian, guess, largest=False,
/home/erosanow_hpc/informed_swapping/BARK.py:156: UserWarning: Exited postprocessing with accuracies 
[1.5046635e-08]
not reaching the requested tolerance 1e-09.
  values, vectors = lobpcg(projected_hamiltonian, guess, largest=False,
/home/erosanow_hpc/informed_swapping/BARK.py:156: UserWarning: Exited at iteration 50 with accuracies 
[7.31084838e-09]
not reaching the requested tolerance 1e-09.
Use iteration 51 instead with accuracy 
7.3108483786440525e-09.

  values, vectors = lobpcg(projected_hamiltonian, guess, largest=False,
/home/erosanow_hpc/informed_swapping/BARK.py:156: UserWarning: Exited postprocessing with accuracies 
[7.31084848e-09]
not reaching the requested tolerance 1e-09.
  values, vectors = lobpcg(projected_hamiltonian, guess, largest=False,
/home/erosanow_hpc/informed_swapping/BARK.py:156: UserWarning: Exited at iteration 50 with accuracies 
[1.68108628e-08]
not reaching the requested tolerance 1e-09.
Use iteration 51 instead with accuracy 
1.6810862780869357e-08.

  values, vectors = lobpcg(projected_hamiltonian, guess, largest=False,
/home/erosanow_hpc/informed_swapping/BARK.py:156: UserWarning: Exited postprocessing with accuracies 
[1.68108625e-08]
not reaching the requested tolerance 1e-09.
  values, vectors = lobpcg(projected_hamiltonian, guess, largest=False,
/home/erosanow_hpc/informed_swapping/BARK.py:156: UserWarning: Exited at iteration 50 with accuracies 
[1.32548999e-08]
not reaching the requested tolerance 1e-09.
Use iteration 51 instead with accuracy 
1.3254899902086338e-08.

  values, vectors = lobpcg(projected_hamiltonian, guess, largest=False,
/home/erosanow_hpc/informed_swapping/BARK.py:156: UserWarning: Exited postprocessing with accuracies 
[1.32549002e-08]
not reaching the requested tolerance 1e-09.
  values, vectors = lobpcg(projected_hamiltonian, guess, largest=False,
/home/erosanow_hpc/informed_swapping/BARK.py:156: UserWarning: Exited at iteration 50 with accuracies 
[1.59285279e-08]
not reaching the requested tolerance 1e-09.
Use iteration 51 instead with accuracy 
1.592852791835054e-08.

  values, vectors = lobpcg(projected_hamiltonian, guess, largest=False,
/home/erosanow_hpc/informed_swapping/BARK.py:156: UserWarning: Exited postprocessing with accuracies 
[1.59285277e-08]
not reaching the requested tolerance 1e-09.
  values, vectors = lobpcg(projected_hamiltonian, guess, largest=False,
/home/erosanow_hpc/informed_swapping/BARK.py:156: UserWarning: Exited at iteration 50 with accuracies 
[3.82890958e-09]
not reaching the requested tolerance 1e-09.
Use iteration 51 instead with accuracy 
3.8289095752759e-09.

  values, vectors = lobpcg(projected_hamiltonian, guess, largest=False,
/home/erosanow_hpc/informed_swapping/BARK.py:156: UserWarning: Exited postprocessing with accuracies 
[3.82890954e-09]
not reaching the requested tolerance 1e-09.
  values, vectors = lobpcg(projected_hamiltonian, guess, largest=False,
/home/erosanow_hpc/informed_swapping/BARK.py:156: UserWarning: Exited at iteration 50 with accuracies 
[6.14923197e-09]
not reaching the requested tolerance 1e-09.
Use iteration 51 instead with accuracy 
6.149231973052705e-09.

  values, vectors = lobpcg(projected_hamiltonian, guess, largest=False,
/home/erosanow_hpc/informed_swapping/BARK.py:156: UserWarning: Exited postprocessing with accuracies 
[6.1492321e-09]
not reaching the requested tolerance 1e-09.
  values, vectors = lobpcg(projected_hamiltonian, guess, largest=False,
/home/erosanow_hpc/informed_swapping/BARK.py:156: UserWarning: Exited at iteration 50 with accuracies 
[8.02224207e-09]
not reaching the requested tolerance 1e-09.
Use iteration 51 instead with accuracy 
8.022242073268843e-09.

  values, vectors = lobpcg(projected_hamiltonian, guess, largest=False,
/home/erosanow_hpc/informed_swapping/BARK.py:156: UserWarning: Exited postprocessing with accuracies 
[8.02224179e-09]
not reaching the requested tolerance 1e-09.
  values, vectors = lobpcg(projected_hamiltonian, guess, largest=False,
/home/erosanow_hpc/informed_swapping/BARK.py:156: UserWarning: Exited at iteration 50 with accuracies 
[1.34586222e-08]
not reaching the requested tolerance 1e-09.
Use iteration 51 instead with accuracy 
1.3458622244585818e-08.

  values, vectors = lobpcg(projected_hamiltonian, guess, largest=False,
/home/erosanow_hpc/informed_swapping/BARK.py:156: UserWarning: Exited postprocessing with accuracies 
[1.34586215e-08]
not reaching the requested tolerance 1e-09.
  values, vectors = lobpcg(projected_hamiltonian, guess, largest=False,
/home/erosanow_hpc/informed_swapping/BARK.py:156: UserWarning: Exited at iteration 50 with accuracies 
[1.84615544e-08]
not reaching the requested tolerance 1e-09.
Use iteration 51 instead with accuracy 
1.846155441762526e-08.

  values, vectors = lobpcg(projected_hamiltonian, guess, largest=False,
/home/erosanow_hpc/informed_swapping/BARK.py:156: UserWarning: Exited postprocessing with accuracies 
[1.84615545e-08]
not reaching the requested tolerance 1e-09.
  values, vectors = lobpcg(projected_hamiltonian, guess, largest=False,
/home/erosanow_hpc/informed_swapping/BARK.py:156: UserWarning: Exited at iteration 50 with accuracies 
[1.48931112e-08]
not reaching the requested tolerance 1e-09.
Use iteration 51 instead with accuracy 
1.4893111167573753e-08.

  values, vectors = lobpcg(projected_hamiltonian, guess, largest=False,
/home/erosanow_hpc/informed_swapping/BARK.py:156: UserWarning: Exited postprocessing with accuracies 
[1.48931114e-08]
not reaching the requested tolerance 1e-09.
  values, vectors = lobpcg(projected_hamiltonian, guess, largest=False,
/home/erosanow_hpc/informed_swapping/BARK.py:156: UserWarning: Exited at iteration 50 with accuracies 
[1.54763458e-08]
not reaching the requested tolerance 1e-09.
Use iteration 51 instead with accuracy 
1.5476345812369755e-08.

  values, vectors = lobpcg(projected_hamiltonian, guess, largest=False,
/home/erosanow_hpc/informed_swapping/BARK.py:156: UserWarning: Exited postprocessing with accuracies 
[1.54763462e-08]
not reaching the requested tolerance 1e-09.
  values, vectors = lobpcg(projected_hamiltonian, guess, largest=False,
/home/erosanow_hpc/informed_swapping/BARK.py:156: UserWarning: Exited at iteration 50 with accuracies 
[2.00093035e-08]
not reaching the requested tolerance 1e-09.
Use iteration 51 instead with accuracy 
2.0009303502062568e-08.

  values, vectors = lobpcg(projected_hamiltonian, guess, largest=False,
/home/erosanow_hpc/informed_swapping/BARK.py:156: UserWarning: Exited postprocessing with accuracies 
[2.00093034e-08]
not reaching the requested tolerance 1e-09.
  values, vectors = lobpcg(projected_hamiltonian, guess, largest=False,
/home/erosanow_hpc/informed_swapping/BARK.py:156: UserWarning: Exited at iteration 50 with accuracies 
[1.15814868e-08]
not reaching the requested tolerance 1e-09.
Use iteration 51 instead with accuracy 
1.1581486766817666e-08.

  values, vectors = lobpcg(projected_hamiltonian, guess, largest=False,
/home/erosanow_hpc/informed_swapping/BARK.py:156: UserWarning: Exited postprocessing with accuracies 
[1.15814866e-08]
not reaching the requested tolerance 1e-09.
  values, vectors = lobpcg(projected_hamiltonian, guess, largest=False,
/home/erosanow_hpc/informed_swapping/BARK.py:156: UserWarning: Exited at iteration 50 with accuracies 
[1.67015933e-08]
not reaching the requested tolerance 1e-09.
Use iteration 51 instead with accuracy 
1.670159325493824e-08.

  values, vectors = lobpcg(projected_hamiltonian, guess, largest=False,
/home/erosanow_hpc/informed_swapping/BARK.py:156: UserWarning: Exited postprocessing with accuracies 
[1.67015934e-08]
not reaching the requested tolerance 1e-09.
  values, vectors = lobpcg(projected_hamiltonian, guess, largest=False,
/home/erosanow_hpc/informed_swapping/BARK.py:156: UserWarning: Exited at iteration 50 with accuracies 
[1.73871121e-08]
not reaching the requested tolerance 1e-09.
Use iteration 51 instead with accuracy 
1.7387112064146783e-08.

  values, vectors = lobpcg(projected_hamiltonian, guess, largest=False,
/home/erosanow_hpc/informed_swapping/BARK.py:156: UserWarning: Exited postprocessing with accuracies 
[1.73871121e-08]
not reaching the requested tolerance 1e-09.
  values, vectors = lobpcg(projected_hamiltonian, guess, largest=False,
/home/erosanow_hpc/informed_swapping/BARK.py:156: UserWarning: Exited at iteration 50 with accuracies 
[2.053314e-08]
not reaching the requested tolerance 1e-09.
Use iteration 51 instead with accuracy 
2.053314001105588e-08.

  values, vectors = lobpcg(projected_hamiltonian, guess, largest=False,
/home/erosanow_hpc/informed_swapping/BARK.py:156: UserWarning: Exited postprocessing with accuracies 
[2.05331402e-08]
not reaching the requested tolerance 1e-09.
  values, vectors = lobpcg(projected_hamiltonian, guess, largest=False,
/home/erosanow_hpc/informed_swapping/BARK.py:156: UserWarning: Exited at iteration 50 with accuracies 
[1.38995345e-08]
not reaching the requested tolerance 1e-09.
Use iteration 51 instead with accuracy 
1.389953453160899e-08.

  values, vectors = lobpcg(projected_hamiltonian, guess, largest=False,
/home/erosanow_hpc/informed_swapping/BARK.py:156: UserWarning: Exited postprocessing with accuracies 
[1.38995342e-08]
not reaching the requested tolerance 1e-09.
  values, vectors = lobpcg(projected_hamiltonian, guess, largest=False,
/home/erosanow_hpc/informed_swapping/BARK.py:156: UserWarning: Exited at iteration 50 with accuracies 
[2.93184999e-08]
not reaching the requested tolerance 1e-09.
Use iteration 51 instead with accuracy 
2.9318499918782056e-08.

  values, vectors = lobpcg(projected_hamiltonian, guess, largest=False,
/home/erosanow_hpc/informed_swapping/BARK.py:156: UserWarning: Exited postprocessing with accuracies 
[2.93185003e-08]
not reaching the requested tolerance 1e-09.
  values, vectors = lobpcg(projected_hamiltonian, guess, largest=False,
/home/erosanow_hpc/informed_swapping/BARK.py:156: UserWarning: Exited at iteration 50 with accuracies 
[2.92350286e-08]
not reaching the requested tolerance 1e-09.
Use iteration 51 instead with accuracy 
2.9235028587551037e-08.

  values, vectors = lobpcg(projected_hamiltonian, guess, largest=False,
/home/erosanow_hpc/informed_swapping/BARK.py:156: UserWarning: Exited postprocessing with accuracies 
[2.92350288e-08]
not reaching the requested tolerance 1e-09.
  values, vectors = lobpcg(projected_hamiltonian, guess, largest=False,
/home/erosanow_hpc/informed_swapping/BARK.py:156: UserWarning: Exited at iteration 50 with accuracies 
[4.03618088e-08]
not reaching the requested tolerance 1e-09.
Use iteration 51 instead with accuracy 
4.0361808839575536e-08.

  values, vectors = lobpcg(projected_hamiltonian, guess, largest=False,
/home/erosanow_hpc/informed_swapping/BARK.py:156: UserWarning: Exited postprocessing with accuracies 
[4.03618088e-08]
not reaching the requested tolerance 1e-09.
  values, vectors = lobpcg(projected_hamiltonian, guess, largest=False,
/home/erosanow_hpc/informed_swapping/BARK.py:156: UserWarning: Exited at iteration 50 with accuracies 
[6.0838697e-09]
not reaching the requested tolerance 1e-09.
Use iteration 51 instead with accuracy 
6.083869695421606e-09.

  values, vectors = lobpcg(projected_hamiltonian, guess, largest=False,
/home/erosanow_hpc/informed_swapping/BARK.py:156: UserWarning: Exited postprocessing with accuracies 
[6.08386985e-09]
not reaching the requested tolerance 1e-09.
  values, vectors = lobpcg(projected_hamiltonian, guess, largest=False,
/home/erosanow_hpc/informed_swapping/BARK.py:156: UserWarning: Exited at iteration 50 with accuracies 
[1.43945766e-08]
not reaching the requested tolerance 1e-09.
Use iteration 51 instead with accuracy 
1.4394576574598241e-08.

  values, vectors = lobpcg(projected_hamiltonian, guess, largest=False,
/home/erosanow_hpc/informed_swapping/BARK.py:156: UserWarning: Exited postprocessing with accuracies 
[1.43945764e-08]
not reaching the requested tolerance 1e-09.
  values, vectors = lobpcg(projected_hamiltonian, guess, largest=False,
/home/erosanow_hpc/informed_swapping/BARK.py:156: UserWarning: Exited at iteration 50 with accuracies 
[1.3515086e-08]
not reaching the requested tolerance 1e-09.
Use iteration 51 instead with accuracy 
1.3515085964883814e-08.

  values, vectors = lobpcg(projected_hamiltonian, guess, largest=False,
/home/erosanow_hpc/informed_swapping/BARK.py:156: UserWarning: Exited postprocessing with accuracies 
[1.35150862e-08]
not reaching the requested tolerance 1e-09.
  values, vectors = lobpcg(projected_hamiltonian, guess, largest=False,
/home/erosanow_hpc/informed_swapping/BARK.py:156: UserWarning: Exited at iteration 50 with accuracies 
[1.64150672e-08]
not reaching the requested tolerance 1e-09.
Use iteration 51 instead with accuracy 
1.6415067219292314e-08.

  values, vectors = lobpcg(projected_hamiltonian, guess, largest=False,
/home/erosanow_hpc/informed_swapping/BARK.py:156: UserWarning: Exited postprocessing with accuracies 
[1.64150676e-08]
not reaching the requested tolerance 1e-09.
  values, vectors = lobpcg(projected_hamiltonian, guess, largest=False,
/home/erosanow_hpc/informed_swapping/BARK.py:156: UserWarning: Exited at iteration 50 with accuracies 
[9.55286223e-09]
not reaching the requested tolerance 1e-09.
Use iteration 51 instead with accuracy 
9.552862234832478e-09.

  values, vectors = lobpcg(projected_hamiltonian, guess, largest=False,
/home/erosanow_hpc/informed_swapping/BARK.py:156: UserWarning: Exited postprocessing with accuracies 
[9.55286192e-09]
not reaching the requested tolerance 1e-09.
  values, vectors = lobpcg(projected_hamiltonian, guess, largest=False,
/home/erosanow_hpc/informed_swapping/BARK.py:156: UserWarning: Exited at iteration 50 with accuracies 
[2.02489986e-08]
not reaching the requested tolerance 1e-09.
Use iteration 51 instead with accuracy 
2.0248998639416163e-08.

  values, vectors = lobpcg(projected_hamiltonian, guess, largest=False,
/home/erosanow_hpc/informed_swapping/BARK.py:156: UserWarning: Exited postprocessing with accuracies 
[2.02489986e-08]
not reaching the requested tolerance 1e-09.
  values, vectors = lobpcg(projected_hamiltonian, guess, largest=False,
/home/erosanow_hpc/informed_swapping/BARK.py:156: UserWarning: Exited at iteration 50 with accuracies 
[2.04180744e-08]
not reaching the requested tolerance 1e-09.
Use iteration 51 instead with accuracy 
2.041807438430132e-08.

  values, vectors = lobpcg(projected_hamiltonian, guess, largest=False,
/home/erosanow_hpc/informed_swapping/BARK.py:156: UserWarning: Exited postprocessing with accuracies 
[2.04180741e-08]
not reaching the requested tolerance 1e-09.
  values, vectors = lobpcg(projected_hamiltonian, guess, largest=False,
/home/erosanow_hpc/informed_swapping/BARK.py:156: UserWarning: Exited at iteration 50 with accuracies 
[2.77120218e-08]
not reaching the requested tolerance 1e-09.
Use iteration 51 instead with accuracy 
2.7712021754718972e-08.

  values, vectors = lobpcg(projected_hamiltonian, guess, largest=False,
/home/erosanow_hpc/informed_swapping/BARK.py:156: UserWarning: Exited postprocessing with accuracies 
[2.77120222e-08]
not reaching the requested tolerance 1e-09.
  values, vectors = lobpcg(projected_hamiltonian, guess, largest=False,
/home/erosanow_hpc/informed_swapping/BARK.py:156: UserWarning: Exited at iteration 50 with accuracies 
[1.54560538e-08]
not reaching the requested tolerance 1e-09.
Use iteration 51 instead with accuracy 
1.5456053840339835e-08.

  values, vectors = lobpcg(projected_hamiltonian, guess, largest=False,
/home/erosanow_hpc/informed_swapping/BARK.py:156: UserWarning: Exited postprocessing with accuracies 
[1.54560538e-08]
not reaching the requested tolerance 1e-09.
  values, vectors = lobpcg(projected_hamiltonian, guess, largest=False,
/home/erosanow_hpc/informed_swapping/BARK.py:156: UserWarning: Exited at iteration 50 with accuracies 
[1.91040145e-08]
not reaching the requested tolerance 1e-09.
Use iteration 51 instead with accuracy 
1.9104014512496227e-08.

  values, vectors = lobpcg(projected_hamiltonian, guess, largest=False,
/home/erosanow_hpc/informed_swapping/BARK.py:156: UserWarning: Exited postprocessing with accuracies 
[1.91040145e-08]
not reaching the requested tolerance 1e-09.
  values, vectors = lobpcg(projected_hamiltonian, guess, largest=False,
/home/erosanow_hpc/informed_swapping/BARK.py:156: UserWarning: Exited at iteration 50 with accuracies 
[1.76652848e-08]
not reaching the requested tolerance 1e-09.
Use iteration 51 instead with accuracy 
1.766528484362813e-08.

  values, vectors = lobpcg(projected_hamiltonian, guess, largest=False,
/home/erosanow_hpc/informed_swapping/BARK.py:156: UserWarning: Exited postprocessing with accuracies 
[1.76652849e-08]
not reaching the requested tolerance 1e-09.
  values, vectors = lobpcg(projected_hamiltonian, guess, largest=False,
/home/erosanow_hpc/informed_swapping/BARK.py:156: UserWarning: Exited at iteration 50 with accuracies 
[3.67678928e-08]
not reaching the requested tolerance 1e-09.
Use iteration 51 instead with accuracy 
3.6767892784007946e-08.

  values, vectors = lobpcg(projected_hamiltonian, guess, largest=False,
/home/erosanow_hpc/informed_swapping/BARK.py:156: UserWarning: Exited postprocessing with accuracies 
[3.6767893e-08]
not reaching the requested tolerance 1e-09.
  values, vectors = lobpcg(projected_hamiltonian, guess, largest=False,
/home/erosanow_hpc/informed_swapping/BARK.py:156: UserWarning: Exited at iteration 50 with accuracies 
[2.19740592e-08]
not reaching the requested tolerance 1e-09.
Use iteration 51 instead with accuracy 
2.1974059161739175e-08.

  values, vectors = lobpcg(projected_hamiltonian, guess, largest=False,
/home/erosanow_hpc/informed_swapping/BARK.py:156: UserWarning: Exited postprocessing with accuracies 
[2.19740599e-08]
not reaching the requested tolerance 1e-09.
  values, vectors = lobpcg(projected_hamiltonian, guess, largest=False,
/home/erosanow_hpc/informed_swapping/BARK.py:156: UserWarning: Exited at iteration 50 with accuracies 
[2.95666126e-08]
not reaching the requested tolerance 1e-09.
Use iteration 51 instead with accuracy 
2.9566612605845462e-08.

  values, vectors = lobpcg(projected_hamiltonian, guess, largest=False,
/home/erosanow_hpc/informed_swapping/BARK.py:156: UserWarning: Exited postprocessing with accuracies 
[2.95666127e-08]
not reaching the requested tolerance 1e-09.
  values, vectors = lobpcg(projected_hamiltonian, guess, largest=False,
/home/erosanow_hpc/informed_swapping/BARK.py:156: UserWarning: Exited at iteration 50 with accuracies 
[3.06976659e-08]
not reaching the requested tolerance 1e-09.
Use iteration 51 instead with accuracy 
3.0697665914838296e-08.

  values, vectors = lobpcg(projected_hamiltonian, guess, largest=False,
/home/erosanow_hpc/informed_swapping/BARK.py:156: UserWarning: Exited postprocessing with accuracies 
[3.06976659e-08]
not reaching the requested tolerance 1e-09.
  values, vectors = lobpcg(projected_hamiltonian, guess, largest=False,
/home/erosanow_hpc/informed_swapping/BARK.py:156: UserWarning: Exited at iteration 50 with accuracies 
[6.00525157e-08]
not reaching the requested tolerance 1e-09.
Use iteration 51 instead with accuracy 
6.005251572475366e-08.

  values, vectors = lobpcg(projected_hamiltonian, guess, largest=False,
/home/erosanow_hpc/informed_swapping/BARK.py:156: UserWarning: Exited postprocessing with accuracies 
[6.00525156e-08]
not reaching the requested tolerance 1e-09.
  values, vectors = lobpcg(projected_hamiltonian, guess, largest=False,
/home/erosanow_hpc/informed_swapping/BARK.py:156: UserWarning: Exited at iteration 50 with accuracies 
[1.67943191e-08]
not reaching the requested tolerance 1e-09.
Use iteration 51 instead with accuracy 
1.6794319120742072e-08.

  values, vectors = lobpcg(projected_hamiltonian, guess, largest=False,
/home/erosanow_hpc/informed_swapping/BARK.py:156: UserWarning: Exited postprocessing with accuracies 
[1.67943191e-08]
not reaching the requested tolerance 1e-09.
  values, vectors = lobpcg(projected_hamiltonian, guess, largest=False,
/home/erosanow_hpc/informed_swapping/BARK.py:156: UserWarning: Exited at iteration 50 with accuracies 
[2.16828894e-08]
not reaching the requested tolerance 1e-09.
Use iteration 51 instead with accuracy 
2.1682889351809676e-08.

  values, vectors = lobpcg(projected_hamiltonian, guess, largest=False,
/home/erosanow_hpc/informed_swapping/BARK.py:156: UserWarning: Exited postprocessing with accuracies 
[2.16828894e-08]
not reaching the requested tolerance 1e-09.
  values, vectors = lobpcg(projected_hamiltonian, guess, largest=False,
/home/erosanow_hpc/informed_swapping/BARK.py:156: UserWarning: Exited at iteration 50 with accuracies 
[2.02094749e-08]
not reaching the requested tolerance 1e-09.
Use iteration 51 instead with accuracy 
2.020947486589645e-08.

  values, vectors = lobpcg(projected_hamiltonian, guess, largest=False,
/home/erosanow_hpc/informed_swapping/BARK.py:156: UserWarning: Exited postprocessing with accuracies 
[2.02094751e-08]
not reaching the requested tolerance 1e-09.
  values, vectors = lobpcg(projected_hamiltonian, guess, largest=False,
/home/erosanow_hpc/informed_swapping/BARK.py:156: UserWarning: Exited at iteration 50 with accuracies 
[3.92441535e-08]
not reaching the requested tolerance 1e-09.
Use iteration 51 instead with accuracy 
3.9244153511195954e-08.

  values, vectors = lobpcg(projected_hamiltonian, guess, largest=False,
/home/erosanow_hpc/informed_swapping/BARK.py:156: UserWarning: Exited postprocessing with accuracies 
[3.92441536e-08]
not reaching the requested tolerance 1e-09.
  values, vectors = lobpcg(projected_hamiltonian, guess, largest=False,
/home/erosanow_hpc/informed_swapping/BARK.py:156: UserWarning: Exited at iteration 50 with accuracies 
[1.95834671e-08]
not reaching the requested tolerance 1e-09.
Use iteration 51 instead with accuracy 
1.9583467131183682e-08.

  values, vectors = lobpcg(projected_hamiltonian, guess, largest=False,
/home/erosanow_hpc/informed_swapping/BARK.py:156: UserWarning: Exited postprocessing with accuracies 
[1.95834667e-08]
not reaching the requested tolerance 1e-09.
  values, vectors = lobpcg(projected_hamiltonian, guess, largest=False,
/home/erosanow_hpc/informed_swapping/BARK.py:156: UserWarning: Exited at iteration 50 with accuracies 
[3.96092507e-08]
not reaching the requested tolerance 1e-09.
Use iteration 51 instead with accuracy 
3.960925068284714e-08.

  values, vectors = lobpcg(projected_hamiltonian, guess, largest=False,
/home/erosanow_hpc/informed_swapping/BARK.py:156: UserWarning: Exited postprocessing with accuracies 
[3.96092507e-08]
not reaching the requested tolerance 1e-09.
  values, vectors = lobpcg(projected_hamiltonian, guess, largest=False,
/home/erosanow_hpc/informed_swapping/BARK.py:156: UserWarning: Exited at iteration 50 with accuracies 
[4.10968123e-08]
not reaching the requested tolerance 1e-09.
Use iteration 51 instead with accuracy 
4.109681232640249e-08.

  values, vectors = lobpcg(projected_hamiltonian, guess, largest=False,
/home/erosanow_hpc/informed_swapping/BARK.py:156: UserWarning: Exited postprocessing with accuracies 
[4.1096812e-08]
not reaching the requested tolerance 1e-09.
  values, vectors = lobpcg(projected_hamiltonian, guess, largest=False,
/home/erosanow_hpc/informed_swapping/BARK.py:156: UserWarning: Exited at iteration 50 with accuracies 
[5.74061527e-08]
not reaching the requested tolerance 1e-09.
Use iteration 51 instead with accuracy 
5.740615267781969e-08.

  values, vectors = lobpcg(projected_hamiltonian, guess, largest=False,
/home/erosanow_hpc/informed_swapping/BARK.py:156: UserWarning: Exited postprocessing with accuracies 
[5.74061526e-08]
not reaching the requested tolerance 1e-09.
  values, vectors = lobpcg(projected_hamiltonian, guess, largest=False,
/home/erosanow_hpc/informed_swapping/BARK.py:156: UserWarning: Exited at iteration 50 with accuracies 
[2.50214329e-08]
not reaching the requested tolerance 1e-09.
Use iteration 51 instead with accuracy 
2.5021432944222293e-08.

  values, vectors = lobpcg(projected_hamiltonian, guess, largest=False,
/home/erosanow_hpc/informed_swapping/BARK.py:156: UserWarning: Exited postprocessing with accuracies 
[2.50214334e-08]
not reaching the requested tolerance 1e-09.
  values, vectors = lobpcg(projected_hamiltonian, guess, largest=False,
/home/erosanow_hpc/informed_swapping/BARK.py:156: UserWarning: Exited at iteration 50 with accuracies 
[4.82289196e-08]
not reaching the requested tolerance 1e-09.
Use iteration 51 instead with accuracy 
4.822891958648527e-08.

  values, vectors = lobpcg(projected_hamiltonian, guess, largest=False,
/home/erosanow_hpc/informed_swapping/BARK.py:156: UserWarning: Exited postprocessing with accuracies 
[4.822892e-08]
not reaching the requested tolerance 1e-09.
  values, vectors = lobpcg(projected_hamiltonian, guess, largest=False,
/home/erosanow_hpc/informed_swapping/BARK.py:156: UserWarning: Exited at iteration 50 with accuracies 
[4.50038588e-08]
not reaching the requested tolerance 1e-09.
Use iteration 51 instead with accuracy 
4.500385877288795e-08.

  values, vectors = lobpcg(projected_hamiltonian, guess, largest=False,
/home/erosanow_hpc/informed_swapping/BARK.py:156: UserWarning: Exited postprocessing with accuracies 
[4.50038589e-08]
not reaching the requested tolerance 1e-09.
  values, vectors = lobpcg(projected_hamiltonian, guess, largest=False,
/home/erosanow_hpc/informed_swapping/BARK.py:156: UserWarning: Exited at iteration 50 with accuracies 
[6.53162649e-08]
not reaching the requested tolerance 1e-09.
Use iteration 51 instead with accuracy 
6.531626493258058e-08.

  values, vectors = lobpcg(projected_hamiltonian, guess, largest=False,
/home/erosanow_hpc/informed_swapping/BARK.py:156: UserWarning: Exited postprocessing with accuracies 
[6.53162645e-08]
not reaching the requested tolerance 1e-09.
  values, vectors = lobpcg(projected_hamiltonian, guess, largest=False,
/home/erosanow_hpc/informed_swapping/BARK.py:156: UserWarning: Exited at iteration 50 with accuracies 
[4.51570281e-08]
not reaching the requested tolerance 1e-09.
Use iteration 51 instead with accuracy 
4.515702809848698e-08.

  values, vectors = lobpcg(projected_hamiltonian, guess, largest=False,
/home/erosanow_hpc/informed_swapping/BARK.py:156: UserWarning: Exited postprocessing with accuracies 
[4.51570283e-08]
not reaching the requested tolerance 1e-09.
  values, vectors = lobpcg(projected_hamiltonian, guess, largest=False,
/home/erosanow_hpc/informed_swapping/BARK.py:156: UserWarning: Exited at iteration 50 with accuracies 
[6.23979551e-08]
not reaching the requested tolerance 1e-09.
Use iteration 51 instead with accuracy 
6.239795512197752e-08.

  values, vectors = lobpcg(projected_hamiltonian, guess, largest=False,
/home/erosanow_hpc/informed_swapping/BARK.py:156: UserWarning: Exited postprocessing with accuracies 
[6.2397955e-08]
not reaching the requested tolerance 1e-09.
  values, vectors = lobpcg(projected_hamiltonian, guess, largest=False,
/home/erosanow_hpc/informed_swapping/BARK.py:156: UserWarning: Exited at iteration 50 with accuracies 
[6.55927131e-08]
not reaching the requested tolerance 1e-09.
Use iteration 51 instead with accuracy 
6.559271307667387e-08.

  values, vectors = lobpcg(projected_hamiltonian, guess, largest=False,
/home/erosanow_hpc/informed_swapping/BARK.py:156: UserWarning: Exited postprocessing with accuracies 
[6.55927129e-08]
not reaching the requested tolerance 1e-09.
  values, vectors = lobpcg(projected_hamiltonian, guess, largest=False,
/home/erosanow_hpc/informed_swapping/BARK.py:156: UserWarning: Exited at iteration 50 with accuracies 
[1.27729675e-07]
not reaching the requested tolerance 1e-09.
Use iteration 51 instead with accuracy 
1.277296747527657e-07.

  values, vectors = lobpcg(projected_hamiltonian, guess, largest=False,
/home/erosanow_hpc/informed_swapping/BARK.py:156: UserWarning: Exited postprocessing with accuracies 
[1.27729675e-07]
not reaching the requested tolerance 1e-09.
  values, vectors = lobpcg(projected_hamiltonian, guess, largest=False,
/home/erosanow_hpc/informed_swapping/BARK.py:156: UserWarning: Exited at iteration 50 with accuracies 
[1.45343989e-09]
not reaching the requested tolerance 1e-09.
Use iteration 51 instead with accuracy 
1.4534398873242244e-09.

  values, vectors = lobpcg(projected_hamiltonian, guess, largest=False,
/home/erosanow_hpc/informed_swapping/BARK.py:156: UserWarning: Exited postprocessing with accuracies 
[1.4534395e-09]
not reaching the requested tolerance 1e-09.
  values, vectors = lobpcg(projected_hamiltonian, guess, largest=False,
/home/erosanow_hpc/informed_swapping/BARK.py:156: UserWarning: Exited at iteration 50 with accuracies 
[1.25354307e-09]
not reaching the requested tolerance 1e-09.
Use iteration 51 instead with accuracy 
1.2535430661756748e-09.

  values, vectors = lobpcg(projected_hamiltonian, guess, largest=False,
/home/erosanow_hpc/informed_swapping/BARK.py:156: UserWarning: Exited postprocessing with accuracies 
[1.25354236e-09]
not reaching the requested tolerance 1e-09.
  values, vectors = lobpcg(projected_hamiltonian, guess, largest=False,
/home/erosanow_hpc/informed_swapping/BARK.py:156: UserWarning: Exited at iteration 50 with accuracies 
[1.03157459e-09]
not reaching the requested tolerance 1e-09.
Use iteration 51 instead with accuracy 
1.031574594359483e-09.

  values, vectors = lobpcg(projected_hamiltonian, guess, largest=False,
/home/erosanow_hpc/informed_swapping/BARK.py:156: UserWarning: Exited postprocessing with accuracies 
[1.03157442e-09]
not reaching the requested tolerance 1e-09.
  values, vectors = lobpcg(projected_hamiltonian, guess, largest=False,
/home/erosanow_hpc/informed_swapping/BARK.py:156: UserWarning: Exited at iteration 50 with accuracies 
[1.55623481e-09]
not reaching the requested tolerance 1e-09.
Use iteration 51 instead with accuracy 
1.5562348092816326e-09.

  values, vectors = lobpcg(projected_hamiltonian, guess, largest=False,
/home/erosanow_hpc/informed_swapping/BARK.py:156: UserWarning: Exited postprocessing with accuracies 
[1.55623441e-09]
not reaching the requested tolerance 1e-09.
  values, vectors = lobpcg(projected_hamiltonian, guess, largest=False,
/home/erosanow_hpc/informed_swapping/BARK.py:156: UserWarning: Exited at iteration 50 with accuracies 
[1.31329967e-09]
not reaching the requested tolerance 1e-09.
Use iteration 51 instead with accuracy 
1.3132996703359952e-09.

  values, vectors = lobpcg(projected_hamiltonian, guess, largest=False,
/home/erosanow_hpc/informed_swapping/BARK.py:156: UserWarning: Exited postprocessing with accuracies 
[1.31330048e-09]
not reaching the requested tolerance 1e-09.
  values, vectors = lobpcg(projected_hamiltonian, guess, largest=False,
/home/erosanow_hpc/informed_swapping/BARK.py:156: UserWarning: Exited at iteration 50 with accuracies 
[1.70115905e-09]
not reaching the requested tolerance 1e-09.
Use iteration 51 instead with accuracy 
1.7011590490463441e-09.

  values, vectors = lobpcg(projected_hamiltonian, guess, largest=False,
/home/erosanow_hpc/informed_swapping/BARK.py:156: UserWarning: Exited postprocessing with accuracies 
[1.70115927e-09]
not reaching the requested tolerance 1e-09.
  values, vectors = lobpcg(projected_hamiltonian, guess, largest=False,
/home/erosanow_hpc/informed_swapping/BARK.py:156: UserWarning: Exited at iteration 50 with accuracies 
[1.43707931e-09]
not reaching the requested tolerance 1e-09.
Use iteration 51 instead with accuracy 
1.4370793132062821e-09.

  values, vectors = lobpcg(projected_hamiltonian, guess, largest=False,
/home/erosanow_hpc/informed_swapping/BARK.py:156: UserWarning: Exited postprocessing with accuracies 
[1.43708036e-09]
not reaching the requested tolerance 1e-09.
  values, vectors = lobpcg(projected_hamiltonian, guess, largest=False,
/home/erosanow_hpc/informed_swapping/BARK.py:156: UserWarning: Exited at iteration 50 with accuracies 
[1.97584633e-09]
not reaching the requested tolerance 1e-09.
Use iteration 51 instead with accuracy 
1.975846327694227e-09.

  values, vectors = lobpcg(projected_hamiltonian, guess, largest=False,
/home/erosanow_hpc/informed_swapping/BARK.py:156: UserWarning: Exited postprocessing with accuracies 
[1.97584653e-09]
not reaching the requested tolerance 1e-09.
  values, vectors = lobpcg(projected_hamiltonian, guess, largest=False,
/home/erosanow_hpc/informed_swapping/BARK.py:156: UserWarning: Exited at iteration 50 with accuracies 
[1.79036803e-09]
not reaching the requested tolerance 1e-09.
Use iteration 51 instead with accuracy 
1.7903680316361879e-09.

  values, vectors = lobpcg(projected_hamiltonian, guess, largest=False,
/home/erosanow_hpc/informed_swapping/BARK.py:156: UserWarning: Exited postprocessing with accuracies 
[1.79036794e-09]
not reaching the requested tolerance 1e-09.
  values, vectors = lobpcg(projected_hamiltonian, guess, largest=False,
/home/erosanow_hpc/informed_swapping/BARK.py:156: UserWarning: Exited at iteration 50 with accuracies 
[1.45439255e-09]
not reaching the requested tolerance 1e-09.
Use iteration 51 instead with accuracy 
1.4543925546401776e-09.

  values, vectors = lobpcg(projected_hamiltonian, guess, largest=False,
/home/erosanow_hpc/informed_swapping/BARK.py:156: UserWarning: Exited postprocessing with accuracies 
[1.45439187e-09]
not reaching the requested tolerance 1e-09.
  values, vectors = lobpcg(projected_hamiltonian, guess, largest=False,
/home/erosanow_hpc/informed_swapping/BARK.py:156: UserWarning: Exited at iteration 50 with accuracies 
[1.32092769e-09]
not reaching the requested tolerance 1e-09.
Use iteration 51 instead with accuracy 
1.3209276870913438e-09.

  values, vectors = lobpcg(projected_hamiltonian, guess, largest=False,
/home/erosanow_hpc/informed_swapping/BARK.py:156: UserWarning: Exited postprocessing with accuracies 
[1.32092695e-09]
not reaching the requested tolerance 1e-09.
  values, vectors = lobpcg(projected_hamiltonian, guess, largest=False,
/home/erosanow_hpc/informed_swapping/BARK.py:156: UserWarning: Exited at iteration 50 with accuracies 
[1.67009598e-09]
not reaching the requested tolerance 1e-09.
Use iteration 51 instead with accuracy 
1.670095982990621e-09.

  values, vectors = lobpcg(projected_hamiltonian, guess, largest=False,
/home/erosanow_hpc/informed_swapping/BARK.py:156: UserWarning: Exited postprocessing with accuracies 
[1.67009635e-09]
not reaching the requested tolerance 1e-09.
  values, vectors = lobpcg(projected_hamiltonian, guess, largest=False,
/home/erosanow_hpc/informed_swapping/BARK.py:156: UserWarning: Exited at iteration 50 with accuracies 
[1.44732138e-09]
not reaching the requested tolerance 1e-09.
Use iteration 51 instead with accuracy 
1.4473213820501199e-09.

  values, vectors = lobpcg(projected_hamiltonian, guess, largest=False,
/home/erosanow_hpc/informed_swapping/BARK.py:156: UserWarning: Exited postprocessing with accuracies 
[1.44732097e-09]
not reaching the requested tolerance 1e-09.
  values, vectors = lobpcg(projected_hamiltonian, guess, largest=False,
/home/erosanow_hpc/informed_swapping/BARK.py:156: UserWarning: Exited at iteration 50 with accuracies 
[1.92746813e-09]
not reaching the requested tolerance 1e-09.
Use iteration 51 instead with accuracy 
1.927468128746937e-09.

  values, vectors = lobpcg(projected_hamiltonian, guess, largest=False,
/home/erosanow_hpc/informed_swapping/BARK.py:156: UserWarning: Exited postprocessing with accuracies 
[1.92746821e-09]
not reaching the requested tolerance 1e-09.
  values, vectors = lobpcg(projected_hamiltonian, guess, largest=False,
/home/erosanow_hpc/informed_swapping/BARK.py:156: UserWarning: Exited at iteration 50 with accuracies 
[1.78953011e-09]
not reaching the requested tolerance 1e-09.
Use iteration 51 instead with accuracy 
1.7895301063366598e-09.

  values, vectors = lobpcg(projected_hamiltonian, guess, largest=False,
/home/erosanow_hpc/informed_swapping/BARK.py:156: UserWarning: Exited postprocessing with accuracies 
[1.78953027e-09]
not reaching the requested tolerance 1e-09.
  values, vectors = lobpcg(projected_hamiltonian, guess, largest=False,
/home/erosanow_hpc/informed_swapping/BARK.py:156: UserWarning: Exited at iteration 50 with accuracies 
[2.53995e-09]
not reaching the requested tolerance 1e-09.
Use iteration 51 instead with accuracy 
2.5399500032683876e-09.

  values, vectors = lobpcg(projected_hamiltonian, guess, largest=False,
/home/erosanow_hpc/informed_swapping/BARK.py:156: UserWarning: Exited postprocessing with accuracies 
[2.53994954e-09]
not reaching the requested tolerance 1e-09.
  values, vectors = lobpcg(projected_hamiltonian, guess, largest=False,
/home/erosanow_hpc/informed_swapping/BARK.py:156: UserWarning: Exited at iteration 50 with accuracies 
[1.42337208e-09]
not reaching the requested tolerance 1e-09.
Use iteration 51 instead with accuracy 
1.4233720841485777e-09.

  values, vectors = lobpcg(projected_hamiltonian, guess, largest=False,
/home/erosanow_hpc/informed_swapping/BARK.py:156: UserWarning: Exited postprocessing with accuracies 
[1.42337177e-09]
not reaching the requested tolerance 1e-09.
  values, vectors = lobpcg(projected_hamiltonian, guess, largest=False,
/home/erosanow_hpc/informed_swapping/BARK.py:156: UserWarning: Exited at iteration 50 with accuracies 
[3.73726336e-09]
not reaching the requested tolerance 1e-09.
Use iteration 51 instead with accuracy 
3.737263358818742e-09.

  values, vectors = lobpcg(projected_hamiltonian, guess, largest=False,
/home/erosanow_hpc/informed_swapping/BARK.py:156: UserWarning: Exited postprocessing with accuracies 
[3.73726311e-09]
not reaching the requested tolerance 1e-09.
  values, vectors = lobpcg(projected_hamiltonian, guess, largest=False,
/home/erosanow_hpc/informed_swapping/BARK.py:156: UserWarning: Exited at iteration 50 with accuracies 
[1.59261209e-09]
not reaching the requested tolerance 1e-09.
Use iteration 51 instead with accuracy 
1.5926120884035885e-09.

  values, vectors = lobpcg(projected_hamiltonian, guess, largest=False,
/home/erosanow_hpc/informed_swapping/BARK.py:156: UserWarning: Exited postprocessing with accuracies 
[1.59261277e-09]
not reaching the requested tolerance 1e-09.
  values, vectors = lobpcg(projected_hamiltonian, guess, largest=False,
/home/erosanow_hpc/informed_swapping/BARK.py:156: UserWarning: Exited at iteration 50 with accuracies 
[3.86693045e-09]
not reaching the requested tolerance 1e-09.
Use iteration 51 instead with accuracy 
3.866930448477917e-09.

  values, vectors = lobpcg(projected_hamiltonian, guess, largest=False,
/home/erosanow_hpc/informed_swapping/BARK.py:156: UserWarning: Exited postprocessing with accuracies 
[3.86693096e-09]
not reaching the requested tolerance 1e-09.
  values, vectors = lobpcg(projected_hamiltonian, guess, largest=False,
/home/erosanow_hpc/informed_swapping/BARK.py:156: UserWarning: Exited at iteration 50 with accuracies 
[1.91232925e-09]
not reaching the requested tolerance 1e-09.
Use iteration 51 instead with accuracy 
1.9123292495786486e-09.

  values, vectors = lobpcg(projected_hamiltonian, guess, largest=False,
/home/erosanow_hpc/informed_swapping/BARK.py:156: UserWarning: Exited postprocessing with accuracies 
[1.91232915e-09]
not reaching the requested tolerance 1e-09.
  values, vectors = lobpcg(projected_hamiltonian, guess, largest=False,
/home/erosanow_hpc/informed_swapping/BARK.py:156: UserWarning: Exited at iteration 50 with accuracies 
[4.84928757e-09]
not reaching the requested tolerance 1e-09.
Use iteration 51 instead with accuracy 
4.849287569321742e-09.

  values, vectors = lobpcg(projected_hamiltonian, guess, largest=False,
/home/erosanow_hpc/informed_swapping/BARK.py:156: UserWarning: Exited postprocessing with accuracies 
[4.84928812e-09]
not reaching the requested tolerance 1e-09.
  values, vectors = lobpcg(projected_hamiltonian, guess, largest=False,
/home/erosanow_hpc/informed_swapping/BARK.py:156: UserWarning: Exited at iteration 50 with accuracies 
[1.18260888e-09]
not reaching the requested tolerance 1e-09.
Use iteration 51 instead with accuracy 
1.1826088849845303e-09.

  values, vectors = lobpcg(projected_hamiltonian, guess, largest=False,
/home/erosanow_hpc/informed_swapping/BARK.py:156: UserWarning: Exited postprocessing with accuracies 
[1.18260792e-09]
not reaching the requested tolerance 1e-09.
  values, vectors = lobpcg(projected_hamiltonian, guess, largest=False,
/home/erosanow_hpc/informed_swapping/BARK.py:156: UserWarning: Exited at iteration 50 with accuracies 
[1.67072447e-09]
not reaching the requested tolerance 1e-09.
Use iteration 51 instead with accuracy 
1.6707244708599701e-09.

  values, vectors = lobpcg(projected_hamiltonian, guess, largest=False,
/home/erosanow_hpc/informed_swapping/BARK.py:156: UserWarning: Exited postprocessing with accuracies 
[1.67072359e-09]
not reaching the requested tolerance 1e-09.
  values, vectors = lobpcg(projected_hamiltonian, guess, largest=False,
/home/erosanow_hpc/informed_swapping/BARK.py:156: UserWarning: Exited at iteration 50 with accuracies 
[1.1187426e-09]
not reaching the requested tolerance 1e-09.
Use iteration 51 instead with accuracy 
1.1187426029942032e-09.

  values, vectors = lobpcg(projected_hamiltonian, guess, largest=False,
/home/erosanow_hpc/informed_swapping/BARK.py:156: UserWarning: Exited postprocessing with accuracies 
[1.11874291e-09]
not reaching the requested tolerance 1e-09.
  values, vectors = lobpcg(projected_hamiltonian, guess, largest=False,
/home/erosanow_hpc/informed_swapping/BARK.py:156: UserWarning: Exited at iteration 50 with accuracies 
[1.44281734e-09]
not reaching the requested tolerance 1e-09.
Use iteration 51 instead with accuracy 
1.4428173446905503e-09.

  values, vectors = lobpcg(projected_hamiltonian, guess, largest=False,
/home/erosanow_hpc/informed_swapping/BARK.py:156: UserWarning: Exited postprocessing with accuracies 
[1.44281752e-09]
not reaching the requested tolerance 1e-09.
  values, vectors = lobpcg(projected_hamiltonian, guess, largest=False,
/home/erosanow_hpc/informed_swapping/BARK.py:156: UserWarning: Exited at iteration 50 with accuracies 
[1.74920683e-09]
not reaching the requested tolerance 1e-09.
Use iteration 51 instead with accuracy 
1.749206829483565e-09.

  values, vectors = lobpcg(projected_hamiltonian, guess, largest=False,
/home/erosanow_hpc/informed_swapping/BARK.py:156: UserWarning: Exited postprocessing with accuracies 
[1.7492072e-09]
not reaching the requested tolerance 1e-09.
  values, vectors = lobpcg(projected_hamiltonian, guess, largest=False,
/home/erosanow_hpc/informed_swapping/BARK.py:156: UserWarning: Exited at iteration 50 with accuracies 
[1.52750098e-09]
not reaching the requested tolerance 1e-09.
Use iteration 51 instead with accuracy 
1.5275009762776018e-09.

  values, vectors = lobpcg(projected_hamiltonian, guess, largest=False,
/home/erosanow_hpc/informed_swapping/BARK.py:156: UserWarning: Exited postprocessing with accuracies 
[1.52750108e-09]
not reaching the requested tolerance 1e-09.
  values, vectors = lobpcg(projected_hamiltonian, guess, largest=False,
/home/erosanow_hpc/informed_swapping/BARK.py:156: UserWarning: Exited at iteration 50 with accuracies 
[1.60452168e-09]
not reaching the requested tolerance 1e-09.
Use iteration 51 instead with accuracy 
1.6045216813917438e-09.

  values, vectors = lobpcg(projected_hamiltonian, guess, largest=False,
/home/erosanow_hpc/informed_swapping/BARK.py:156: UserWarning: Exited postprocessing with accuracies 
[1.60452201e-09]
not reaching the requested tolerance 1e-09.
  values, vectors = lobpcg(projected_hamiltonian, guess, largest=False,
/home/erosanow_hpc/informed_swapping/BARK.py:156: UserWarning: Exited at iteration 50 with accuracies 
[4.06012045e-09]
not reaching the requested tolerance 1e-09.
Use iteration 51 instead with accuracy 
4.0601204499131435e-09.

  values, vectors = lobpcg(projected_hamiltonian, guess, largest=False,
/home/erosanow_hpc/informed_swapping/BARK.py:156: UserWarning: Exited postprocessing with accuracies 
[4.06012012e-09]
not reaching the requested tolerance 1e-09.
  values, vectors = lobpcg(projected_hamiltonian, guess, largest=False,
/home/erosanow_hpc/informed_swapping/BARK.py:156: UserWarning: Exited at iteration 50 with accuracies 
[1.2351144e-09]
not reaching the requested tolerance 1e-09.
Use iteration 51 instead with accuracy 
1.2351144007183096e-09.

  values, vectors = lobpcg(projected_hamiltonian, guess, largest=False,
/home/erosanow_hpc/informed_swapping/BARK.py:156: UserWarning: Exited postprocessing with accuracies 
[1.23511462e-09]
not reaching the requested tolerance 1e-09.
  values, vectors = lobpcg(projected_hamiltonian, guess, largest=False,
/home/erosanow_hpc/informed_swapping/BARK.py:156: UserWarning: Exited at iteration 50 with accuracies 
[3.26399132e-09]
not reaching the requested tolerance 1e-09.
Use iteration 51 instead with accuracy 
3.263991321088086e-09.

  values, vectors = lobpcg(projected_hamiltonian, guess, largest=False,
/home/erosanow_hpc/informed_swapping/BARK.py:156: UserWarning: Exited postprocessing with accuracies 
[3.26399105e-09]
not reaching the requested tolerance 1e-09.
  values, vectors = lobpcg(projected_hamiltonian, guess, largest=False,
/home/erosanow_hpc/informed_swapping/BARK.py:156: UserWarning: Exited at iteration 50 with accuracies 
[3.02796823e-09]
not reaching the requested tolerance 1e-09.
Use iteration 51 instead with accuracy 
3.0279682342431685e-09.

  values, vectors = lobpcg(projected_hamiltonian, guess, largest=False,
/home/erosanow_hpc/informed_swapping/BARK.py:156: UserWarning: Exited postprocessing with accuracies 
[3.02796812e-09]
not reaching the requested tolerance 1e-09.
  values, vectors = lobpcg(projected_hamiltonian, guess, largest=False,
/home/erosanow_hpc/informed_swapping/BARK.py:156: UserWarning: Exited at iteration 50 with accuracies 
[2.80223131e-09]
not reaching the requested tolerance 1e-09.
Use iteration 51 instead with accuracy 
2.8022313137501093e-09.

  values, vectors = lobpcg(projected_hamiltonian, guess, largest=False,
/home/erosanow_hpc/informed_swapping/BARK.py:156: UserWarning: Exited postprocessing with accuracies 
[2.80223076e-09]
not reaching the requested tolerance 1e-09.
  values, vectors = lobpcg(projected_hamiltonian, guess, largest=False,
/home/erosanow_hpc/informed_swapping/BARK.py:156: UserWarning: Exited at iteration 50 with accuracies 
[2.51508052e-09]
not reaching the requested tolerance 1e-09.
Use iteration 51 instead with accuracy 
2.5150805211034397e-09.

  values, vectors = lobpcg(projected_hamiltonian, guess, largest=False,
/home/erosanow_hpc/informed_swapping/BARK.py:156: UserWarning: Exited postprocessing with accuracies 
[2.51508044e-09]
not reaching the requested tolerance 1e-09.
  values, vectors = lobpcg(projected_hamiltonian, guess, largest=False,
/home/erosanow_hpc/informed_swapping/BARK.py:156: UserWarning: Exited at iteration 50 with accuracies 
[2.49091263e-09]
not reaching the requested tolerance 1e-09.
Use iteration 51 instead with accuracy 
2.490912631974127e-09.

  values, vectors = lobpcg(projected_hamiltonian, guess, largest=False,
/home/erosanow_hpc/informed_swapping/BARK.py:156: UserWarning: Exited postprocessing with accuracies 
[2.49091323e-09]
not reaching the requested tolerance 1e-09.
  values, vectors = lobpcg(projected_hamiltonian, guess, largest=False,
/home/erosanow_hpc/informed_swapping/BARK.py:156: UserWarning: Exited at iteration 50 with accuracies 
[2.50540063e-09]
not reaching the requested tolerance 1e-09.
Use iteration 51 instead with accuracy 
2.5054006265645656e-09.

  values, vectors = lobpcg(projected_hamiltonian, guess, largest=False,
/home/erosanow_hpc/informed_swapping/BARK.py:156: UserWarning: Exited postprocessing with accuracies 
[2.50540052e-09]
not reaching the requested tolerance 1e-09.
  values, vectors = lobpcg(projected_hamiltonian, guess, largest=False,
/home/erosanow_hpc/informed_swapping/BARK.py:156: UserWarning: Exited at iteration 50 with accuracies 
[5.9895089e-09]
not reaching the requested tolerance 1e-09.
Use iteration 51 instead with accuracy 
5.989508895849735e-09.

  values, vectors = lobpcg(projected_hamiltonian, guess, largest=False,
/home/erosanow_hpc/informed_swapping/BARK.py:156: UserWarning: Exited postprocessing with accuracies 
[5.98950888e-09]
not reaching the requested tolerance 1e-09.
  values, vectors = lobpcg(projected_hamiltonian, guess, largest=False,
/home/erosanow_hpc/informed_swapping/BARK.py:156: UserWarning: Exited at iteration 50 with accuracies 
[1.81288187e-09]
not reaching the requested tolerance 1e-09.
Use iteration 51 instead with accuracy 
1.8128818683901766e-09.

  values, vectors = lobpcg(projected_hamiltonian, guess, largest=False,
/home/erosanow_hpc/informed_swapping/BARK.py:156: UserWarning: Exited postprocessing with accuracies 
[1.81288175e-09]
not reaching the requested tolerance 1e-09.
  values, vectors = lobpcg(projected_hamiltonian, guess, largest=False,
/home/erosanow_hpc/informed_swapping/BARK.py:156: UserWarning: Exited at iteration 50 with accuracies 
[1.69324903e-09]
not reaching the requested tolerance 1e-09.
Use iteration 51 instead with accuracy 
1.6932490272370384e-09.

  values, vectors = lobpcg(projected_hamiltonian, guess, largest=False,
/home/erosanow_hpc/informed_swapping/BARK.py:156: UserWarning: Exited postprocessing with accuracies 
[1.6932492e-09]
not reaching the requested tolerance 1e-09.
  values, vectors = lobpcg(projected_hamiltonian, guess, largest=False,
/home/erosanow_hpc/informed_swapping/BARK.py:156: UserWarning: Exited at iteration 50 with accuracies 
[1.73555075e-09]
not reaching the requested tolerance 1e-09.
Use iteration 51 instead with accuracy 
1.7355507502963605e-09.

  values, vectors = lobpcg(projected_hamiltonian, guess, largest=False,
/home/erosanow_hpc/informed_swapping/BARK.py:156: UserWarning: Exited postprocessing with accuracies 
[1.73555086e-09]
not reaching the requested tolerance 1e-09.
  values, vectors = lobpcg(projected_hamiltonian, guess, largest=False,
/home/erosanow_hpc/informed_swapping/BARK.py:156: UserWarning: Exited at iteration 50 with accuracies 
[3.98867427e-09]
not reaching the requested tolerance 1e-09.
Use iteration 51 instead with accuracy 
3.988674272252262e-09.

  values, vectors = lobpcg(projected_hamiltonian, guess, largest=False,
/home/erosanow_hpc/informed_swapping/BARK.py:156: UserWarning: Exited postprocessing with accuracies 
[3.98867394e-09]
not reaching the requested tolerance 1e-09.
  values, vectors = lobpcg(projected_hamiltonian, guess, largest=False,
/home/erosanow_hpc/informed_swapping/BARK.py:156: UserWarning: Exited at iteration 50 with accuracies 
[1.72143695e-09]
not reaching the requested tolerance 1e-09.
Use iteration 51 instead with accuracy 
1.7214369547161666e-09.

  values, vectors = lobpcg(projected_hamiltonian, guess, largest=False,
/home/erosanow_hpc/informed_swapping/BARK.py:156: UserWarning: Exited postprocessing with accuracies 
[1.72143777e-09]
not reaching the requested tolerance 1e-09.
  values, vectors = lobpcg(projected_hamiltonian, guess, largest=False,
/home/erosanow_hpc/informed_swapping/BARK.py:156: UserWarning: Exited at iteration 50 with accuracies 
[4.44036744e-09]
not reaching the requested tolerance 1e-09.
Use iteration 51 instead with accuracy 
4.440367439419631e-09.

  values, vectors = lobpcg(projected_hamiltonian, guess, largest=False,
/home/erosanow_hpc/informed_swapping/BARK.py:156: UserWarning: Exited postprocessing with accuracies 
[4.44036723e-09]
not reaching the requested tolerance 1e-09.
  values, vectors = lobpcg(projected_hamiltonian, guess, largest=False,
/home/erosanow_hpc/informed_swapping/BARK.py:156: UserWarning: Exited at iteration 50 with accuracies 
[4.16803235e-09]
not reaching the requested tolerance 1e-09.
Use iteration 51 instead with accuracy 
4.16803234644006e-09.

  values, vectors = lobpcg(projected_hamiltonian, guess, largest=False,
/home/erosanow_hpc/informed_swapping/BARK.py:156: UserWarning: Exited postprocessing with accuracies 
[4.16803251e-09]
not reaching the requested tolerance 1e-09.
  values, vectors = lobpcg(projected_hamiltonian, guess, largest=False,
/home/erosanow_hpc/informed_swapping/BARK.py:156: UserWarning: Exited at iteration 50 with accuracies 
[4.13538494e-09]
not reaching the requested tolerance 1e-09.
Use iteration 51 instead with accuracy 
4.135384944315439e-09.

  values, vectors = lobpcg(projected_hamiltonian, guess, largest=False,
/home/erosanow_hpc/informed_swapping/BARK.py:156: UserWarning: Exited postprocessing with accuracies 
[4.13538473e-09]
not reaching the requested tolerance 1e-09.
  values, vectors = lobpcg(projected_hamiltonian, guess, largest=False,
/home/erosanow_hpc/informed_swapping/BARK.py:156: UserWarning: Exited at iteration 50 with accuracies 
[2.89682164e-09]
not reaching the requested tolerance 1e-09.
Use iteration 51 instead with accuracy 
2.89682163574633e-09.

  values, vectors = lobpcg(projected_hamiltonian, guess, largest=False,
/home/erosanow_hpc/informed_swapping/BARK.py:156: UserWarning: Exited postprocessing with accuracies 
[2.89682219e-09]
not reaching the requested tolerance 1e-09.
  values, vectors = lobpcg(projected_hamiltonian, guess, largest=False,
/home/erosanow_hpc/informed_swapping/BARK.py:156: UserWarning: Exited at iteration 50 with accuracies 
[3.01182482e-09]
not reaching the requested tolerance 1e-09.
Use iteration 51 instead with accuracy 
3.0118248163183337e-09.

  values, vectors = lobpcg(projected_hamiltonian, guess, largest=False,
/home/erosanow_hpc/informed_swapping/BARK.py:156: UserWarning: Exited postprocessing with accuracies 
[3.01182489e-09]
not reaching the requested tolerance 1e-09.
  values, vectors = lobpcg(projected_hamiltonian, guess, largest=False,
/home/erosanow_hpc/informed_swapping/BARK.py:156: UserWarning: Exited at iteration 50 with accuracies 
[3.15010332e-09]
not reaching the requested tolerance 1e-09.
Use iteration 51 instead with accuracy 
3.1501033157373067e-09.

  values, vectors = lobpcg(projected_hamiltonian, guess, largest=False,
/home/erosanow_hpc/informed_swapping/BARK.py:156: UserWarning: Exited postprocessing with accuracies 
[3.15010314e-09]
not reaching the requested tolerance 1e-09.
  values, vectors = lobpcg(projected_hamiltonian, guess, largest=False,
/home/erosanow_hpc/informed_swapping/BARK.py:156: UserWarning: Exited at iteration 50 with accuracies 
[6.88606789e-09]
not reaching the requested tolerance 1e-09.
Use iteration 51 instead with accuracy 
6.886067887487677e-09.

  values, vectors = lobpcg(projected_hamiltonian, guess, largest=False,
/home/erosanow_hpc/informed_swapping/BARK.py:156: UserWarning: Exited postprocessing with accuracies 
[6.88606848e-09]
not reaching the requested tolerance 1e-09.
  values, vectors = lobpcg(projected_hamiltonian, guess, largest=False,
/home/erosanow_hpc/informed_swapping/BARK.py:156: UserWarning: Exited at iteration 50 with accuracies 
[2.55164092e-09]
not reaching the requested tolerance 1e-09.
Use iteration 51 instead with accuracy 
2.551640923986976e-09.

  values, vectors = lobpcg(projected_hamiltonian, guess, largest=False,
/home/erosanow_hpc/informed_swapping/BARK.py:156: UserWarning: Exited postprocessing with accuracies 
[2.55164089e-09]
not reaching the requested tolerance 1e-09.
  values, vectors = lobpcg(projected_hamiltonian, guess, largest=False,
/home/erosanow_hpc/informed_swapping/BARK.py:156: UserWarning: Exited at iteration 50 with accuracies 
[6.10129971e-09]
not reaching the requested tolerance 1e-09.
Use iteration 51 instead with accuracy 
6.101299708734592e-09.

  values, vectors = lobpcg(projected_hamiltonian, guess, largest=False,
/home/erosanow_hpc/informed_swapping/BARK.py:156: UserWarning: Exited postprocessing with accuracies 
[6.10129975e-09]
not reaching the requested tolerance 1e-09.
  values, vectors = lobpcg(projected_hamiltonian, guess, largest=False,
/home/erosanow_hpc/informed_swapping/BARK.py:156: UserWarning: Exited at iteration 50 with accuracies 
[5.79951328e-09]
not reaching the requested tolerance 1e-09.
Use iteration 51 instead with accuracy 
5.799513277685309e-09.

  values, vectors = lobpcg(projected_hamiltonian, guess, largest=False,
/home/erosanow_hpc/informed_swapping/BARK.py:156: UserWarning: Exited postprocessing with accuracies 
[5.79951351e-09]
not reaching the requested tolerance 1e-09.
  values, vectors = lobpcg(projected_hamiltonian, guess, largest=False,
/home/erosanow_hpc/informed_swapping/BARK.py:156: UserWarning: Exited at iteration 50 with accuracies 
[6.50188412e-09]
not reaching the requested tolerance 1e-09.
Use iteration 51 instead with accuracy 
6.501884124325946e-09.

  values, vectors = lobpcg(projected_hamiltonian, guess, largest=False,
/home/erosanow_hpc/informed_swapping/BARK.py:156: UserWarning: Exited postprocessing with accuracies 
[6.50188352e-09]
not reaching the requested tolerance 1e-09.
  values, vectors = lobpcg(projected_hamiltonian, guess, largest=False,
/home/erosanow_hpc/informed_swapping/BARK.py:156: UserWarning: Exited at iteration 50 with accuracies 
[1.13683332e-09]
not reaching the requested tolerance 1e-09.
Use iteration 51 instead with accuracy 
1.136833320785771e-09.

  values, vectors = lobpcg(projected_hamiltonian, guess, largest=False,
/home/erosanow_hpc/informed_swapping/BARK.py:156: UserWarning: Exited postprocessing with accuracies 
[1.13683318e-09]
not reaching the requested tolerance 1e-09.
  values, vectors = lobpcg(projected_hamiltonian, guess, largest=False,
/home/erosanow_hpc/informed_swapping/BARK.py:156: UserWarning: Exited at iteration 50 with accuracies 
[2.33448101e-09]
not reaching the requested tolerance 1e-09.
Use iteration 51 instead with accuracy 
2.334481007673147e-09.

  values, vectors = lobpcg(projected_hamiltonian, guess, largest=False,
/home/erosanow_hpc/informed_swapping/BARK.py:156: UserWarning: Exited postprocessing with accuracies 
[2.33448108e-09]
not reaching the requested tolerance 1e-09.
  values, vectors = lobpcg(projected_hamiltonian, guess, largest=False,
/home/erosanow_hpc/informed_swapping/BARK.py:156: UserWarning: Exited at iteration 50 with accuracies 
[2.94721129e-09]
not reaching the requested tolerance 1e-09.
Use iteration 51 instead with accuracy 
2.9472112855974924e-09.

  values, vectors = lobpcg(projected_hamiltonian, guess, largest=False,
/home/erosanow_hpc/informed_swapping/BARK.py:156: UserWarning: Exited postprocessing with accuracies 
[2.9472111e-09]
not reaching the requested tolerance 1e-09.
  values, vectors = lobpcg(projected_hamiltonian, guess, largest=False,
/home/erosanow_hpc/informed_swapping/BARK.py:156: UserWarning: Exited at iteration 50 with accuracies 
[1.21314454e-09]
not reaching the requested tolerance 1e-09.
Use iteration 51 instead with accuracy 
1.2131445441950361e-09.

  values, vectors = lobpcg(projected_hamiltonian, guess, largest=False,
/home/erosanow_hpc/informed_swapping/BARK.py:156: UserWarning: Exited postprocessing with accuracies 
[1.21314465e-09]
not reaching the requested tolerance 1e-09.
  values, vectors = lobpcg(projected_hamiltonian, guess, largest=False,
/home/erosanow_hpc/informed_swapping/BARK.py:156: UserWarning: Exited at iteration 50 with accuracies 
[3.09228548e-09]
not reaching the requested tolerance 1e-09.
Use iteration 51 instead with accuracy 
3.0922854752595094e-09.

  values, vectors = lobpcg(projected_hamiltonian, guess, largest=False,
/home/erosanow_hpc/informed_swapping/BARK.py:156: UserWarning: Exited postprocessing with accuracies 
[3.0922851e-09]
not reaching the requested tolerance 1e-09.
  values, vectors = lobpcg(projected_hamiltonian, guess, largest=False,
/home/erosanow_hpc/informed_swapping/BARK.py:156: UserWarning: Exited at iteration 50 with accuracies 
[3.24857582e-09]
not reaching the requested tolerance 1e-09.
Use iteration 51 instead with accuracy 
3.2485758210845516e-09.

  values, vectors = lobpcg(projected_hamiltonian, guess, largest=False,
/home/erosanow_hpc/informed_swapping/BARK.py:156: UserWarning: Exited postprocessing with accuracies 
[3.24857675e-09]
not reaching the requested tolerance 1e-09.
  values, vectors = lobpcg(projected_hamiltonian, guess, largest=False,
/home/erosanow_hpc/informed_swapping/BARK.py:156: UserWarning: Exited at iteration 50 with accuracies 
[3.10766145e-09]
not reaching the requested tolerance 1e-09.
Use iteration 51 instead with accuracy 
3.1076614462596572e-09.

  values, vectors = lobpcg(projected_hamiltonian, guess, largest=False,
/home/erosanow_hpc/informed_swapping/BARK.py:156: UserWarning: Exited postprocessing with accuracies 
[3.1076612e-09]
not reaching the requested tolerance 1e-09.
  values, vectors = lobpcg(projected_hamiltonian, guess, largest=False,
/home/erosanow_hpc/informed_swapping/BARK.py:156: UserWarning: Exited at iteration 50 with accuracies 
[1.51536598e-09]
not reaching the requested tolerance 1e-09.
Use iteration 51 instead with accuracy 
1.5153659798359473e-09.

  values, vectors = lobpcg(projected_hamiltonian, guess, largest=False,
/home/erosanow_hpc/informed_swapping/BARK.py:156: UserWarning: Exited postprocessing with accuracies 
[1.51536601e-09]
not reaching the requested tolerance 1e-09.
  values, vectors = lobpcg(projected_hamiltonian, guess, largest=False,
/home/erosanow_hpc/informed_swapping/BARK.py:156: UserWarning: Exited at iteration 50 with accuracies 
[3.90658493e-09]
not reaching the requested tolerance 1e-09.
Use iteration 51 instead with accuracy 
3.90658492509582e-09.

  values, vectors = lobpcg(projected_hamiltonian, guess, largest=False,
/home/erosanow_hpc/informed_swapping/BARK.py:156: UserWarning: Exited postprocessing with accuracies 
[3.90658468e-09]
not reaching the requested tolerance 1e-09.
  values, vectors = lobpcg(projected_hamiltonian, guess, largest=False,
/home/erosanow_hpc/informed_swapping/BARK.py:156: UserWarning: Exited at iteration 50 with accuracies 
[3.55088799e-09]
not reaching the requested tolerance 1e-09.
Use iteration 51 instead with accuracy 
3.5508879857010645e-09.

  values, vectors = lobpcg(projected_hamiltonian, guess, largest=False,
/home/erosanow_hpc/informed_swapping/BARK.py:156: UserWarning: Exited postprocessing with accuracies 
[3.55088749e-09]
not reaching the requested tolerance 1e-09.
  values, vectors = lobpcg(projected_hamiltonian, guess, largest=False,
/home/erosanow_hpc/informed_swapping/BARK.py:156: UserWarning: Exited at iteration 50 with accuracies 
[3.51297144e-09]
not reaching the requested tolerance 1e-09.
Use iteration 51 instead with accuracy 
3.512971439198083e-09.

  values, vectors = lobpcg(projected_hamiltonian, guess, largest=False,
/home/erosanow_hpc/informed_swapping/BARK.py:156: UserWarning: Exited postprocessing with accuracies 
[3.51297045e-09]
not reaching the requested tolerance 1e-09.
  values, vectors = lobpcg(projected_hamiltonian, guess, largest=False,
/home/erosanow_hpc/informed_swapping/BARK.py:156: UserWarning: Exited at iteration 50 with accuracies 
[2.9942619e-09]
not reaching the requested tolerance 1e-09.
Use iteration 51 instead with accuracy 
2.9942619015848737e-09.

  values, vectors = lobpcg(projected_hamiltonian, guess, largest=False,
/home/erosanow_hpc/informed_swapping/BARK.py:156: UserWarning: Exited postprocessing with accuracies 
[2.99426186e-09]
not reaching the requested tolerance 1e-09.
  values, vectors = lobpcg(projected_hamiltonian, guess, largest=False,
/home/erosanow_hpc/informed_swapping/BARK.py:156: UserWarning: Exited at iteration 50 with accuracies 
[2.86392435e-09]
not reaching the requested tolerance 1e-09.
Use iteration 51 instead with accuracy 
2.8639243480831495e-09.

  values, vectors = lobpcg(projected_hamiltonian, guess, largest=False,
/home/erosanow_hpc/informed_swapping/BARK.py:156: UserWarning: Exited postprocessing with accuracies 
[2.86392398e-09]
not reaching the requested tolerance 1e-09.
  values, vectors = lobpcg(projected_hamiltonian, guess, largest=False,
/home/erosanow_hpc/informed_swapping/BARK.py:156: UserWarning: Exited at iteration 50 with accuracies 
[3.04715872e-09]
not reaching the requested tolerance 1e-09.
Use iteration 51 instead with accuracy 
3.0471587224332077e-09.

  values, vectors = lobpcg(projected_hamiltonian, guess, largest=False,
/home/erosanow_hpc/informed_swapping/BARK.py:156: UserWarning: Exited postprocessing with accuracies 
[3.04715834e-09]
not reaching the requested tolerance 1e-09.
  values, vectors = lobpcg(projected_hamiltonian, guess, largest=False,
/home/erosanow_hpc/informed_swapping/BARK.py:156: UserWarning: Exited at iteration 50 with accuracies 
[7.32721294e-09]
not reaching the requested tolerance 1e-09.
Use iteration 51 instead with accuracy 
7.327212943222756e-09.

  values, vectors = lobpcg(projected_hamiltonian, guess, largest=False,
/home/erosanow_hpc/informed_swapping/BARK.py:156: UserWarning: Exited postprocessing with accuracies 
[7.32721244e-09]
not reaching the requested tolerance 1e-09.
  values, vectors = lobpcg(projected_hamiltonian, guess, largest=False,
/home/erosanow_hpc/informed_swapping/BARK.py:156: UserWarning: Exited at iteration 50 with accuracies 
[1.62720953e-09]
not reaching the requested tolerance 1e-09.
Use iteration 51 instead with accuracy 
1.6272095307600288e-09.

  values, vectors = lobpcg(projected_hamiltonian, guess, largest=False,
/home/erosanow_hpc/informed_swapping/BARK.py:156: UserWarning: Exited postprocessing with accuracies 
[1.62720972e-09]
not reaching the requested tolerance 1e-09.
  values, vectors = lobpcg(projected_hamiltonian, guess, largest=False,
/home/erosanow_hpc/informed_swapping/BARK.py:156: UserWarning: Exited at iteration 50 with accuracies 
[3.96391191e-09]
not reaching the requested tolerance 1e-09.
Use iteration 51 instead with accuracy 
3.963911914371553e-09.

  values, vectors = lobpcg(projected_hamiltonian, guess, largest=False,
/home/erosanow_hpc/informed_swapping/BARK.py:156: UserWarning: Exited postprocessing with accuracies 
[3.96391164e-09]
not reaching the requested tolerance 1e-09.
  values, vectors = lobpcg(projected_hamiltonian, guess, largest=False,
/home/erosanow_hpc/informed_swapping/BARK.py:156: UserWarning: Exited at iteration 50 with accuracies 
[2.44737013e-09]
not reaching the requested tolerance 1e-09.
Use iteration 51 instead with accuracy 
2.4473701261912745e-09.

  values, vectors = lobpcg(projected_hamiltonian, guess, largest=False,
/home/erosanow_hpc/informed_swapping/BARK.py:156: UserWarning: Exited postprocessing with accuracies 
[2.44736968e-09]
not reaching the requested tolerance 1e-09.
  values, vectors = lobpcg(projected_hamiltonian, guess, largest=False,
/home/erosanow_hpc/informed_swapping/BARK.py:156: UserWarning: Exited at iteration 50 with accuracies 
[5.87088849e-09]
not reaching the requested tolerance 1e-09.
Use iteration 51 instead with accuracy 
5.870888491066015e-09.

  values, vectors = lobpcg(projected_hamiltonian, guess, largest=False,
/home/erosanow_hpc/informed_swapping/BARK.py:156: UserWarning: Exited postprocessing with accuracies 
[5.8708885e-09]
not reaching the requested tolerance 1e-09.
  values, vectors = lobpcg(projected_hamiltonian, guess, largest=False,
/home/erosanow_hpc/informed_swapping/BARK.py:156: UserWarning: Exited at iteration 50 with accuracies 
[4.29870639e-09]
not reaching the requested tolerance 1e-09.
Use iteration 51 instead with accuracy 
4.2987063863852565e-09.

  values, vectors = lobpcg(projected_hamiltonian, guess, largest=False,
/home/erosanow_hpc/informed_swapping/BARK.py:156: UserWarning: Exited postprocessing with accuracies 
[4.29870617e-09]
not reaching the requested tolerance 1e-09.
  values, vectors = lobpcg(projected_hamiltonian, guess, largest=False,
/home/erosanow_hpc/informed_swapping/BARK.py:156: UserWarning: Exited at iteration 50 with accuracies 
[4.59901809e-09]
not reaching the requested tolerance 1e-09.
Use iteration 51 instead with accuracy 
4.599018087068764e-09.

  values, vectors = lobpcg(projected_hamiltonian, guess, largest=False,
/home/erosanow_hpc/informed_swapping/BARK.py:156: UserWarning: Exited postprocessing with accuracies 
[4.59901825e-09]
not reaching the requested tolerance 1e-09.
  values, vectors = lobpcg(projected_hamiltonian, guess, largest=False,
/home/erosanow_hpc/informed_swapping/BARK.py:156: UserWarning: Exited at iteration 50 with accuracies 
[5.34159419e-09]
not reaching the requested tolerance 1e-09.
Use iteration 51 instead with accuracy 
5.3415941865502265e-09.

  values, vectors = lobpcg(projected_hamiltonian, guess, largest=False,
/home/erosanow_hpc/informed_swapping/BARK.py:156: UserWarning: Exited postprocessing with accuracies 
[5.34159428e-09]
not reaching the requested tolerance 1e-09.
  values, vectors = lobpcg(projected_hamiltonian, guess, largest=False,
/home/erosanow_hpc/informed_swapping/BARK.py:156: UserWarning: Exited at iteration 50 with accuracies 
[5.58986042e-09]
not reaching the requested tolerance 1e-09.
Use iteration 51 instead with accuracy 
5.589860419252455e-09.

  values, vectors = lobpcg(projected_hamiltonian, guess, largest=False,
/home/erosanow_hpc/informed_swapping/BARK.py:156: UserWarning: Exited postprocessing with accuracies 
[5.58986044e-09]
not reaching the requested tolerance 1e-09.
  values, vectors = lobpcg(projected_hamiltonian, guess, largest=False,
/home/erosanow_hpc/informed_swapping/BARK.py:156: UserWarning: Exited at iteration 50 with accuracies 
[2.28770566e-09]
not reaching the requested tolerance 1e-09.
Use iteration 51 instead with accuracy 
2.2877056643966104e-09.

  values, vectors = lobpcg(projected_hamiltonian, guess, largest=False,
/home/erosanow_hpc/informed_swapping/BARK.py:156: UserWarning: Exited postprocessing with accuracies 
[2.28770573e-09]
not reaching the requested tolerance 1e-09.
  values, vectors = lobpcg(projected_hamiltonian, guess, largest=False,
/home/erosanow_hpc/informed_swapping/BARK.py:156: UserWarning: Exited at iteration 50 with accuracies 
[5.49927507e-09]
not reaching the requested tolerance 1e-09.
Use iteration 51 instead with accuracy 
5.499275070445558e-09.

  values, vectors = lobpcg(projected_hamiltonian, guess, largest=False,
/home/erosanow_hpc/informed_swapping/BARK.py:156: UserWarning: Exited postprocessing with accuracies 
[5.49927516e-09]
not reaching the requested tolerance 1e-09.
  values, vectors = lobpcg(projected_hamiltonian, guess, largest=False,
/home/erosanow_hpc/informed_swapping/BARK.py:156: UserWarning: Exited at iteration 50 with accuracies 
[5.753416e-09]
not reaching the requested tolerance 1e-09.
Use iteration 51 instead with accuracy 
5.75341599686249e-09.

  values, vectors = lobpcg(projected_hamiltonian, guess, largest=False,
/home/erosanow_hpc/informed_swapping/BARK.py:156: UserWarning: Exited postprocessing with accuracies 
[5.75341619e-09]
not reaching the requested tolerance 1e-09.
  values, vectors = lobpcg(projected_hamiltonian, guess, largest=False,
/home/erosanow_hpc/informed_swapping/BARK.py:156: UserWarning: Exited at iteration 50 with accuracies 
[6.10195733e-09]
not reaching the requested tolerance 1e-09.
Use iteration 51 instead with accuracy 
6.10195733262171e-09.

  values, vectors = lobpcg(projected_hamiltonian, guess, largest=False,
/home/erosanow_hpc/informed_swapping/BARK.py:156: UserWarning: Exited postprocessing with accuracies 
[6.1019573e-09]
not reaching the requested tolerance 1e-09.
  values, vectors = lobpcg(projected_hamiltonian, guess, largest=False,
/home/erosanow_hpc/informed_swapping/BARK.py:156: UserWarning: Exited at iteration 50 with accuracies 
[6.11731002e-09]
not reaching the requested tolerance 1e-09.
Use iteration 51 instead with accuracy 
6.1173100242361635e-09.

  values, vectors = lobpcg(projected_hamiltonian, guess, largest=False,
/home/erosanow_hpc/informed_swapping/BARK.py:156: UserWarning: Exited postprocessing with accuracies 
[6.11730992e-09]
not reaching the requested tolerance 1e-09.
  values, vectors = lobpcg(projected_hamiltonian, guess, largest=False,
/home/erosanow_hpc/informed_swapping/BARK.py:156: UserWarning: Exited at iteration 50 with accuracies 
[7.04820035e-09]
not reaching the requested tolerance 1e-09.
Use iteration 51 instead with accuracy 
7.0482003511432635e-09.

  values, vectors = lobpcg(projected_hamiltonian, guess, largest=False,
/home/erosanow_hpc/informed_swapping/BARK.py:156: UserWarning: Exited postprocessing with accuracies 
[7.04819998e-09]
not reaching the requested tolerance 1e-09.
  values, vectors = lobpcg(projected_hamiltonian, guess, largest=False,
/home/erosanow_hpc/informed_swapping/BARK.py:156: UserWarning: Exited at iteration 50 with accuracies 
[6.07876248e-09]
not reaching the requested tolerance 1e-09.
Use iteration 51 instead with accuracy 
6.078762479437674e-09.

  values, vectors = lobpcg(projected_hamiltonian, guess, largest=False,
/home/erosanow_hpc/informed_swapping/BARK.py:156: UserWarning: Exited postprocessing with accuracies 
[6.07876243e-09]
not reaching the requested tolerance 1e-09.
  values, vectors = lobpcg(projected_hamiltonian, guess, largest=False,
/home/erosanow_hpc/informed_swapping/BARK.py:156: UserWarning: Exited at iteration 50 with accuracies 
[1.33683952e-08]
not reaching the requested tolerance 1e-09.
Use iteration 51 instead with accuracy 
1.3368395211485583e-08.

  values, vectors = lobpcg(projected_hamiltonian, guess, largest=False,
/home/erosanow_hpc/informed_swapping/BARK.py:156: UserWarning: Exited postprocessing with accuracies 
[1.33683948e-08]
not reaching the requested tolerance 1e-09.
  values, vectors = lobpcg(projected_hamiltonian, guess, largest=False,
/home/erosanow_hpc/informed_swapping/BARK.py:156: UserWarning: Exited at iteration 50 with accuracies 
[2.89505294e-09]
not reaching the requested tolerance 1e-09.
Use iteration 51 instead with accuracy 
2.8950529449998036e-09.

  values, vectors = lobpcg(projected_hamiltonian, guess, largest=False,
/home/erosanow_hpc/informed_swapping/BARK.py:156: UserWarning: Exited postprocessing with accuracies 
[2.89505266e-09]
not reaching the requested tolerance 1e-09.
  values, vectors = lobpcg(projected_hamiltonian, guess, largest=False,
/home/erosanow_hpc/informed_swapping/BARK.py:156: UserWarning: Exited at iteration 50 with accuracies 
[2.95950476e-09]
not reaching the requested tolerance 1e-09.
Use iteration 51 instead with accuracy 
2.9595047622161542e-09.

  values, vectors = lobpcg(projected_hamiltonian, guess, largest=False,
/home/erosanow_hpc/informed_swapping/BARK.py:156: UserWarning: Exited postprocessing with accuracies 
[2.95950483e-09]
not reaching the requested tolerance 1e-09.
  values, vectors = lobpcg(projected_hamiltonian, guess, largest=False,
/home/erosanow_hpc/informed_swapping/BARK.py:156: UserWarning: Exited at iteration 50 with accuracies 
[2.72490346e-09]
not reaching the requested tolerance 1e-09.
Use iteration 51 instead with accuracy 
2.724903455858586e-09.

  values, vectors = lobpcg(projected_hamiltonian, guess, largest=False,
/home/erosanow_hpc/informed_swapping/BARK.py:156: UserWarning: Exited postprocessing with accuracies 
[2.72490379e-09]
not reaching the requested tolerance 1e-09.
  values, vectors = lobpcg(projected_hamiltonian, guess, largest=False,
/home/erosanow_hpc/informed_swapping/BARK.py:156: UserWarning: Exited at iteration 50 with accuracies 
[6.15538303e-09]
not reaching the requested tolerance 1e-09.
Use iteration 51 instead with accuracy 
6.155383029671522e-09.

  values, vectors = lobpcg(projected_hamiltonian, guess, largest=False,
/home/erosanow_hpc/informed_swapping/BARK.py:156: UserWarning: Exited postprocessing with accuracies 
[6.15538378e-09]
not reaching the requested tolerance 1e-09.
  values, vectors = lobpcg(projected_hamiltonian, guess, largest=False,
/home/erosanow_hpc/informed_swapping/BARK.py:156: UserWarning: Exited at iteration 50 with accuracies 
[4.59965787e-09]
not reaching the requested tolerance 1e-09.
Use iteration 51 instead with accuracy 
4.599657873851692e-09.

  values, vectors = lobpcg(projected_hamiltonian, guess, largest=False,
/home/erosanow_hpc/informed_swapping/BARK.py:156: UserWarning: Exited postprocessing with accuracies 
[4.59965743e-09]
not reaching the requested tolerance 1e-09.
  values, vectors = lobpcg(projected_hamiltonian, guess, largest=False,
/home/erosanow_hpc/informed_swapping/BARK.py:156: UserWarning: Exited at iteration 50 with accuracies 
[5.09114444e-09]
not reaching the requested tolerance 1e-09.
Use iteration 51 instead with accuracy 
5.091144436356828e-09.

  values, vectors = lobpcg(projected_hamiltonian, guess, largest=False,
/home/erosanow_hpc/informed_swapping/BARK.py:156: UserWarning: Exited postprocessing with accuracies 
[5.09114448e-09]
not reaching the requested tolerance 1e-09.
  values, vectors = lobpcg(projected_hamiltonian, guess, largest=False,
/home/erosanow_hpc/informed_swapping/BARK.py:156: UserWarning: Exited at iteration 50 with accuracies 
[4.19747203e-09]
not reaching the requested tolerance 1e-09.
Use iteration 51 instead with accuracy 
4.197472029286239e-09.

  values, vectors = lobpcg(projected_hamiltonian, guess, largest=False,
/home/erosanow_hpc/informed_swapping/BARK.py:156: UserWarning: Exited postprocessing with accuracies 
[4.19747226e-09]
not reaching the requested tolerance 1e-09.
  values, vectors = lobpcg(projected_hamiltonian, guess, largest=False,
/home/erosanow_hpc/informed_swapping/BARK.py:156: UserWarning: Exited at iteration 50 with accuracies 
[9.06096387e-09]
not reaching the requested tolerance 1e-09.
Use iteration 51 instead with accuracy 
9.060963866706287e-09.

  values, vectors = lobpcg(projected_hamiltonian, guess, largest=False,
/home/erosanow_hpc/informed_swapping/BARK.py:156: UserWarning: Exited postprocessing with accuracies 
[9.06096316e-09]
not reaching the requested tolerance 1e-09.
  values, vectors = lobpcg(projected_hamiltonian, guess, largest=False,
/home/erosanow_hpc/informed_swapping/BARK.py:156: UserWarning: Exited at iteration 50 with accuracies 
[2.8284257e-09]
not reaching the requested tolerance 1e-09.
Use iteration 51 instead with accuracy 
2.8284256983699875e-09.

  values, vectors = lobpcg(projected_hamiltonian, guess, largest=False,
/home/erosanow_hpc/informed_swapping/BARK.py:156: UserWarning: Exited postprocessing with accuracies 
[2.82842552e-09]
not reaching the requested tolerance 1e-09.
  values, vectors = lobpcg(projected_hamiltonian, guess, largest=False,
/home/erosanow_hpc/informed_swapping/BARK.py:156: UserWarning: Exited at iteration 50 with accuracies 
[6.38711166e-09]
not reaching the requested tolerance 1e-09.
Use iteration 51 instead with accuracy 
6.387111661491574e-09.

  values, vectors = lobpcg(projected_hamiltonian, guess, largest=False,
/home/erosanow_hpc/informed_swapping/BARK.py:156: UserWarning: Exited postprocessing with accuracies 
[6.3871118e-09]
not reaching the requested tolerance 1e-09.
  values, vectors = lobpcg(projected_hamiltonian, guess, largest=False,
/home/erosanow_hpc/informed_swapping/BARK.py:156: UserWarning: Exited at iteration 50 with accuracies 
[6.54736543e-09]
not reaching the requested tolerance 1e-09.
Use iteration 51 instead with accuracy 
6.54736543094339e-09.

  values, vectors = lobpcg(projected_hamiltonian, guess, largest=False,
/home/erosanow_hpc/informed_swapping/BARK.py:156: UserWarning: Exited postprocessing with accuracies 
[6.54736447e-09]
not reaching the requested tolerance 1e-09.
  values, vectors = lobpcg(projected_hamiltonian, guess, largest=False,
/home/erosanow_hpc/informed_swapping/BARK.py:156: UserWarning: Exited at iteration 50 with accuracies 
[7.52545194e-09]
not reaching the requested tolerance 1e-09.
Use iteration 51 instead with accuracy 
7.525451935733471e-09.

  values, vectors = lobpcg(projected_hamiltonian, guess, largest=False,
/home/erosanow_hpc/informed_swapping/BARK.py:156: UserWarning: Exited postprocessing with accuracies 
[7.52545219e-09]
not reaching the requested tolerance 1e-09.
  values, vectors = lobpcg(projected_hamiltonian, guess, largest=False,
/home/erosanow_hpc/informed_swapping/BARK.py:156: UserWarning: Exited at iteration 50 with accuracies 
[4.65192943e-09]
not reaching the requested tolerance 1e-09.
Use iteration 51 instead with accuracy 
4.651929429966222e-09.

  values, vectors = lobpcg(projected_hamiltonian, guess, largest=False,
/home/erosanow_hpc/informed_swapping/BARK.py:156: UserWarning: Exited postprocessing with accuracies 
[4.65192963e-09]
not reaching the requested tolerance 1e-09.
  values, vectors = lobpcg(projected_hamiltonian, guess, largest=False,
/home/erosanow_hpc/informed_swapping/BARK.py:156: UserWarning: Exited at iteration 50 with accuracies 
[1.05101958e-08]
not reaching the requested tolerance 1e-09.
Use iteration 51 instead with accuracy 
1.0510195803138584e-08.

  values, vectors = lobpcg(projected_hamiltonian, guess, largest=False,
/home/erosanow_hpc/informed_swapping/BARK.py:156: UserWarning: Exited postprocessing with accuracies 
[1.0510196e-08]
not reaching the requested tolerance 1e-09.
  values, vectors = lobpcg(projected_hamiltonian, guess, largest=False,
/home/erosanow_hpc/informed_swapping/BARK.py:156: UserWarning: Exited at iteration 50 with accuracies 
[1.00493222e-08]
not reaching the requested tolerance 1e-09.
Use iteration 51 instead with accuracy 
1.0049322218235482e-08.

  values, vectors = lobpcg(projected_hamiltonian, guess, largest=False,
/home/erosanow_hpc/informed_swapping/BARK.py:156: UserWarning: Exited postprocessing with accuracies 
[1.00493214e-08]
not reaching the requested tolerance 1e-09.
  values, vectors = lobpcg(projected_hamiltonian, guess, largest=False,
/home/erosanow_hpc/informed_swapping/BARK.py:156: UserWarning: Exited at iteration 50 with accuracies 
[1.27937514e-08]
not reaching the requested tolerance 1e-09.
Use iteration 51 instead with accuracy 
1.2793751437788114e-08.

  values, vectors = lobpcg(projected_hamiltonian, guess, largest=False,
/home/erosanow_hpc/informed_swapping/BARK.py:156: UserWarning: Exited postprocessing with accuracies 
[1.2793751e-08]
not reaching the requested tolerance 1e-09.
  values, vectors = lobpcg(projected_hamiltonian, guess, largest=False,
/home/erosanow_hpc/informed_swapping/BARK.py:156: UserWarning: Exited at iteration 50 with accuracies 
[4.4286072e-09]
not reaching the requested tolerance 1e-09.
Use iteration 51 instead with accuracy 
4.428607200374272e-09.

  values, vectors = lobpcg(projected_hamiltonian, guess, largest=False,
/home/erosanow_hpc/informed_swapping/BARK.py:156: UserWarning: Exited postprocessing with accuracies 
[4.42860681e-09]
not reaching the requested tolerance 1e-09.
  values, vectors = lobpcg(projected_hamiltonian, guess, largest=False,
/home/erosanow_hpc/informed_swapping/BARK.py:156: UserWarning: Exited at iteration 50 with accuracies 
[4.72676717e-09]
not reaching the requested tolerance 1e-09.
Use iteration 51 instead with accuracy 
4.72676717202574e-09.

  values, vectors = lobpcg(projected_hamiltonian, guess, largest=False,
/home/erosanow_hpc/informed_swapping/BARK.py:156: UserWarning: Exited postprocessing with accuracies 
[4.72676697e-09]
not reaching the requested tolerance 1e-09.
  values, vectors = lobpcg(projected_hamiltonian, guess, largest=False,
/home/erosanow_hpc/informed_swapping/BARK.py:156: UserWarning: Exited at iteration 50 with accuracies 
[4.84364126e-09]
not reaching the requested tolerance 1e-09.
Use iteration 51 instead with accuracy 
4.843641255829109e-09.

  values, vectors = lobpcg(projected_hamiltonian, guess, largest=False,
/home/erosanow_hpc/informed_swapping/BARK.py:156: UserWarning: Exited postprocessing with accuracies 
[4.84364104e-09]
not reaching the requested tolerance 1e-09.
  values, vectors = lobpcg(projected_hamiltonian, guess, largest=False,
/home/erosanow_hpc/informed_swapping/BARK.py:156: UserWarning: Exited at iteration 50 with accuracies 
[1.04122862e-08]
not reaching the requested tolerance 1e-09.
Use iteration 51 instead with accuracy 
1.0412286220374932e-08.

  values, vectors = lobpcg(projected_hamiltonian, guess, largest=False,
/home/erosanow_hpc/informed_swapping/BARK.py:156: UserWarning: Exited postprocessing with accuracies 
[1.04122863e-08]
not reaching the requested tolerance 1e-09.
  values, vectors = lobpcg(projected_hamiltonian, guess, largest=False,
/home/erosanow_hpc/informed_swapping/BARK.py:156: UserWarning: Exited at iteration 50 with accuracies 
[4.90175586e-09]
not reaching the requested tolerance 1e-09.
Use iteration 51 instead with accuracy 
4.9017558574032025e-09.

  values, vectors = lobpcg(projected_hamiltonian, guess, largest=False,
/home/erosanow_hpc/informed_swapping/BARK.py:156: UserWarning: Exited postprocessing with accuracies 
[4.90175636e-09]
not reaching the requested tolerance 1e-09.
  values, vectors = lobpcg(projected_hamiltonian, guess, largest=False,
/home/erosanow_hpc/informed_swapping/BARK.py:156: UserWarning: Exited at iteration 50 with accuracies 
[1.07332891e-08]
not reaching the requested tolerance 1e-09.
Use iteration 51 instead with accuracy 
1.0733289100549275e-08.

  values, vectors = lobpcg(projected_hamiltonian, guess, largest=False,
/home/erosanow_hpc/informed_swapping/BARK.py:156: UserWarning: Exited postprocessing with accuracies 
[1.07332885e-08]
not reaching the requested tolerance 1e-09.
  values, vectors = lobpcg(projected_hamiltonian, guess, largest=False,
/home/erosanow_hpc/informed_swapping/BARK.py:156: UserWarning: Exited at iteration 50 with accuracies 
[1.03250969e-08]
not reaching the requested tolerance 1e-09.
Use iteration 51 instead with accuracy 
1.0325096937187685e-08.

  values, vectors = lobpcg(projected_hamiltonian, guess, largest=False,
/home/erosanow_hpc/informed_swapping/BARK.py:156: UserWarning: Exited postprocessing with accuracies 
[1.03250961e-08]
not reaching the requested tolerance 1e-09.
  values, vectors = lobpcg(projected_hamiltonian, guess, largest=False,
/home/erosanow_hpc/informed_swapping/BARK.py:156: UserWarning: Exited at iteration 50 with accuracies 
[1.31657129e-08]
not reaching the requested tolerance 1e-09.
Use iteration 51 instead with accuracy 
1.3165712934355577e-08.

  values, vectors = lobpcg(projected_hamiltonian, guess, largest=False,
/home/erosanow_hpc/informed_swapping/BARK.py:156: UserWarning: Exited postprocessing with accuracies 
[1.31657124e-08]
not reaching the requested tolerance 1e-09.
  values, vectors = lobpcg(projected_hamiltonian, guess, largest=False,
/home/erosanow_hpc/informed_swapping/BARK.py:156: UserWarning: Exited at iteration 50 with accuracies 
[4.69796673e-09]
not reaching the requested tolerance 1e-09.
Use iteration 51 instead with accuracy 
4.697966730229705e-09.

  values, vectors = lobpcg(projected_hamiltonian, guess, largest=False,
/home/erosanow_hpc/informed_swapping/BARK.py:156: UserWarning: Exited postprocessing with accuracies 
[4.6979664e-09]
not reaching the requested tolerance 1e-09.
  values, vectors = lobpcg(projected_hamiltonian, guess, largest=False,
/home/erosanow_hpc/informed_swapping/BARK.py:156: UserWarning: Exited at iteration 50 with accuracies 
[1.02402564e-08]
not reaching the requested tolerance 1e-09.
Use iteration 51 instead with accuracy 
1.0240256401121076e-08.

  values, vectors = lobpcg(projected_hamiltonian, guess, largest=False,
/home/erosanow_hpc/informed_swapping/BARK.py:156: UserWarning: Exited postprocessing with accuracies 
[1.02402556e-08]
not reaching the requested tolerance 1e-09.
  values, vectors = lobpcg(projected_hamiltonian, guess, largest=False,
/home/erosanow_hpc/informed_swapping/BARK.py:156: UserWarning: Exited at iteration 50 with accuracies 
[1.07595972e-08]
not reaching the requested tolerance 1e-09.
Use iteration 51 instead with accuracy 
1.0759597207015852e-08.

  values, vectors = lobpcg(projected_hamiltonian, guess, largest=False,
/home/erosanow_hpc/informed_swapping/BARK.py:156: UserWarning: Exited postprocessing with accuracies 
[1.07595967e-08]
not reaching the requested tolerance 1e-09.
  values, vectors = lobpcg(projected_hamiltonian, guess, largest=False,
/home/erosanow_hpc/informed_swapping/BARK.py:156: UserWarning: Exited at iteration 50 with accuracies 
[1.3616821e-08]
not reaching the requested tolerance 1e-09.
Use iteration 51 instead with accuracy 
1.3616820970871992e-08.

  values, vectors = lobpcg(projected_hamiltonian, guess, largest=False,
/home/erosanow_hpc/informed_swapping/BARK.py:156: UserWarning: Exited postprocessing with accuracies 
[1.36168204e-08]
not reaching the requested tolerance 1e-09.
  values, vectors = lobpcg(projected_hamiltonian, guess, largest=False,
/home/erosanow_hpc/informed_swapping/BARK.py:156: UserWarning: Exited at iteration 50 with accuracies 
[1.03265632e-08]
not reaching the requested tolerance 1e-09.
Use iteration 51 instead with accuracy 
1.032656323278867e-08.

  values, vectors = lobpcg(projected_hamiltonian, guess, largest=False,
/home/erosanow_hpc/informed_swapping/BARK.py:156: UserWarning: Exited postprocessing with accuracies 
[1.03265632e-08]
not reaching the requested tolerance 1e-09.
  values, vectors = lobpcg(projected_hamiltonian, guess, largest=False,
/home/erosanow_hpc/informed_swapping/BARK.py:156: UserWarning: Exited at iteration 50 with accuracies 
[1.33120356e-08]
not reaching the requested tolerance 1e-09.
Use iteration 51 instead with accuracy 
1.3312035621071334e-08.

  values, vectors = lobpcg(projected_hamiltonian, guess, largest=False,
/home/erosanow_hpc/informed_swapping/BARK.py:156: UserWarning: Exited postprocessing with accuracies 
[1.33120355e-08]
not reaching the requested tolerance 1e-09.
  values, vectors = lobpcg(projected_hamiltonian, guess, largest=False,
/home/erosanow_hpc/informed_swapping/BARK.py:156: UserWarning: Exited at iteration 50 with accuracies 
[1.2737049e-08]
not reaching the requested tolerance 1e-09.
Use iteration 51 instead with accuracy 
1.2737048963552416e-08.

  values, vectors = lobpcg(projected_hamiltonian, guess, largest=False,
/home/erosanow_hpc/informed_swapping/BARK.py:156: UserWarning: Exited postprocessing with accuracies 
[1.27370491e-08]
not reaching the requested tolerance 1e-09.
  values, vectors = lobpcg(projected_hamiltonian, guess, largest=False,
/home/erosanow_hpc/informed_swapping/BARK.py:156: UserWarning: Exited at iteration 50 with accuracies 
[2.39682113e-08]
not reaching the requested tolerance 1e-09.
Use iteration 51 instead with accuracy 
2.396821132996558e-08.

  values, vectors = lobpcg(projected_hamiltonian, guess, largest=False,
/home/erosanow_hpc/informed_swapping/BARK.py:156: UserWarning: Exited postprocessing with accuracies 
[2.39682121e-08]
not reaching the requested tolerance 1e-09.
  values, vectors = lobpcg(projected_hamiltonian, guess, largest=False,
/home/erosanow_hpc/informed_swapping/BARK.py:156: UserWarning: Exited at iteration 50 with accuracies 
[2.19885177e-09]
not reaching the requested tolerance 1e-09.
Use iteration 51 instead with accuracy 
2.198851770696443e-09.

  values, vectors = lobpcg(projected_hamiltonian, guess, largest=False,
/home/erosanow_hpc/informed_swapping/BARK.py:156: UserWarning: Exited postprocessing with accuracies 
[2.1988516e-09]
not reaching the requested tolerance 1e-09.
  values, vectors = lobpcg(projected_hamiltonian, guess, largest=False,
/home/erosanow_hpc/informed_swapping/BARK.py:156: UserWarning: Exited at iteration 50 with accuracies 
[2.27782599e-09]
not reaching the requested tolerance 1e-09.
Use iteration 51 instead with accuracy 
2.2778259865633387e-09.

  values, vectors = lobpcg(projected_hamiltonian, guess, largest=False,
/home/erosanow_hpc/informed_swapping/BARK.py:156: UserWarning: Exited postprocessing with accuracies 
[2.27782527e-09]
not reaching the requested tolerance 1e-09.
  values, vectors = lobpcg(projected_hamiltonian, guess, largest=False,
/home/erosanow_hpc/informed_swapping/BARK.py:156: UserWarning: Exited at iteration 50 with accuracies 
[1.88116149e-09]
not reaching the requested tolerance 1e-09.
Use iteration 51 instead with accuracy 
1.881161487520826e-09.

  values, vectors = lobpcg(projected_hamiltonian, guess, largest=False,
/home/erosanow_hpc/informed_swapping/BARK.py:156: UserWarning: Exited postprocessing with accuracies 
[1.88116148e-09]
not reaching the requested tolerance 1e-09.
  values, vectors = lobpcg(projected_hamiltonian, guess, largest=False,
/home/erosanow_hpc/informed_swapping/BARK.py:156: UserWarning: Exited at iteration 50 with accuracies 
[1.19914072e-09]
not reaching the requested tolerance 1e-09.
Use iteration 51 instead with accuracy 
1.1991407176449084e-09.

  values, vectors = lobpcg(projected_hamiltonian, guess, largest=False,
/home/erosanow_hpc/informed_swapping/BARK.py:156: UserWarning: Exited postprocessing with accuracies 
[1.19914042e-09]
not reaching the requested tolerance 1e-09.
  values, vectors = lobpcg(projected_hamiltonian, guess, largest=False,
/home/erosanow_hpc/informed_swapping/BARK.py:156: UserWarning: Exited at iteration 50 with accuracies 
[3.51461124e-09]
not reaching the requested tolerance 1e-09.
Use iteration 51 instead with accuracy 
3.5146112377581646e-09.

  values, vectors = lobpcg(projected_hamiltonian, guess, largest=False,
/home/erosanow_hpc/informed_swapping/BARK.py:156: UserWarning: Exited postprocessing with accuracies 
[3.51461035e-09]
not reaching the requested tolerance 1e-09.
  values, vectors = lobpcg(projected_hamiltonian, guess, largest=False,
/home/erosanow_hpc/informed_swapping/BARK.py:156: UserWarning: Exited at iteration 50 with accuracies 
[3.24922674e-09]
not reaching the requested tolerance 1e-09.
Use iteration 51 instead with accuracy 
3.2492267393930235e-09.

  values, vectors = lobpcg(projected_hamiltonian, guess, largest=False,
/home/erosanow_hpc/informed_swapping/BARK.py:156: UserWarning: Exited postprocessing with accuracies 
[3.2492261e-09]
not reaching the requested tolerance 1e-09.
  values, vectors = lobpcg(projected_hamiltonian, guess, largest=False,
/home/erosanow_hpc/informed_swapping/BARK.py:156: UserWarning: Exited at iteration 50 with accuracies 
[2.82194422e-09]
not reaching the requested tolerance 1e-09.
Use iteration 51 instead with accuracy 
2.8219442172845704e-09.

  values, vectors = lobpcg(projected_hamiltonian, guess, largest=False,
/home/erosanow_hpc/informed_swapping/BARK.py:156: UserWarning: Exited postprocessing with accuracies 
[2.82194412e-09]
not reaching the requested tolerance 1e-09.
  values, vectors = lobpcg(projected_hamiltonian, guess, largest=False,
/home/erosanow_hpc/informed_swapping/BARK.py:156: UserWarning: Exited at iteration 50 with accuracies 
[2.39840192e-09]
not reaching the requested tolerance 1e-09.
Use iteration 51 instead with accuracy 
2.398401920833547e-09.

  values, vectors = lobpcg(projected_hamiltonian, guess, largest=False,
/home/erosanow_hpc/informed_swapping/BARK.py:156: UserWarning: Exited postprocessing with accuracies 
[2.39840203e-09]
not reaching the requested tolerance 1e-09.
  values, vectors = lobpcg(projected_hamiltonian, guess, largest=False,
/home/erosanow_hpc/informed_swapping/BARK.py:156: UserWarning: Exited at iteration 50 with accuracies 
[2.1545507e-09]
not reaching the requested tolerance 1e-09.
Use iteration 51 instead with accuracy 
2.1545506958264747e-09.

  values, vectors = lobpcg(projected_hamiltonian, guess, largest=False,
/home/erosanow_hpc/informed_swapping/BARK.py:156: UserWarning: Exited postprocessing with accuracies 
[2.15455042e-09]
not reaching the requested tolerance 1e-09.
  values, vectors = lobpcg(projected_hamiltonian, guess, largest=False,
/home/erosanow_hpc/informed_swapping/BARK.py:156: UserWarning: Exited at iteration 50 with accuracies 
[2.23233672e-09]
not reaching the requested tolerance 1e-09.
Use iteration 51 instead with accuracy 
2.2323367184963826e-09.

  values, vectors = lobpcg(projected_hamiltonian, guess, largest=False,
/home/erosanow_hpc/informed_swapping/BARK.py:156: UserWarning: Exited postprocessing with accuracies 
[2.23233661e-09]
not reaching the requested tolerance 1e-09.
  values, vectors = lobpcg(projected_hamiltonian, guess, largest=False,
/home/erosanow_hpc/informed_swapping/BARK.py:156: UserWarning: Exited at iteration 50 with accuracies 
[5.74506335e-09]
not reaching the requested tolerance 1e-09.
Use iteration 51 instead with accuracy 
5.745063350806068e-09.

  values, vectors = lobpcg(projected_hamiltonian, guess, largest=False,
/home/erosanow_hpc/informed_swapping/BARK.py:156: UserWarning: Exited postprocessing with accuracies 
[5.74506329e-09]
not reaching the requested tolerance 1e-09.
  values, vectors = lobpcg(projected_hamiltonian, guess, largest=False,
/home/erosanow_hpc/informed_swapping/BARK.py:156: UserWarning: Exited at iteration 50 with accuracies 
[3.43087034e-09]
not reaching the requested tolerance 1e-09.
Use iteration 51 instead with accuracy 
3.4308703421291087e-09.

  values, vectors = lobpcg(projected_hamiltonian, guess, largest=False,
/home/erosanow_hpc/informed_swapping/BARK.py:156: UserWarning: Exited postprocessing with accuracies 
[3.43086977e-09]
not reaching the requested tolerance 1e-09.
  values, vectors = lobpcg(projected_hamiltonian, guess, largest=False,
/home/erosanow_hpc/informed_swapping/BARK.py:156: UserWarning: Exited at iteration 50 with accuracies 
[3.24998748e-09]
not reaching the requested tolerance 1e-09.
Use iteration 51 instead with accuracy 
3.249987482536464e-09.

  values, vectors = lobpcg(projected_hamiltonian, guess, largest=False,
/home/erosanow_hpc/informed_swapping/BARK.py:156: UserWarning: Exited postprocessing with accuracies 
[3.24998696e-09]
not reaching the requested tolerance 1e-09.
  values, vectors = lobpcg(projected_hamiltonian, guess, largest=False,
/home/erosanow_hpc/informed_swapping/BARK.py:156: UserWarning: Exited at iteration 50 with accuracies 
[2.95336901e-09]
not reaching the requested tolerance 1e-09.
Use iteration 51 instead with accuracy 
2.9533690058787894e-09.

  values, vectors = lobpcg(projected_hamiltonian, guess, largest=False,
/home/erosanow_hpc/informed_swapping/BARK.py:156: UserWarning: Exited postprocessing with accuracies 
[2.95336869e-09]
not reaching the requested tolerance 1e-09.
  values, vectors = lobpcg(projected_hamiltonian, guess, largest=False,
/home/erosanow_hpc/informed_swapping/BARK.py:156: UserWarning: Exited at iteration 50 with accuracies 
[7.3976827e-09]
not reaching the requested tolerance 1e-09.
Use iteration 51 instead with accuracy 
7.39768270306245e-09.

  values, vectors = lobpcg(projected_hamiltonian, guess, largest=False,
/home/erosanow_hpc/informed_swapping/BARK.py:156: UserWarning: Exited postprocessing with accuracies 
[7.39768245e-09]
not reaching the requested tolerance 1e-09.
  values, vectors = lobpcg(projected_hamiltonian, guess, largest=False,
/home/erosanow_hpc/informed_swapping/BARK.py:156: UserWarning: Exited at iteration 50 with accuracies 
[2.51202804e-09]
not reaching the requested tolerance 1e-09.
Use iteration 51 instead with accuracy 
2.512028035246163e-09.

  values, vectors = lobpcg(projected_hamiltonian, guess, largest=False,
/home/erosanow_hpc/informed_swapping/BARK.py:156: UserWarning: Exited postprocessing with accuracies 
[2.51202817e-09]
not reaching the requested tolerance 1e-09.
  values, vectors = lobpcg(projected_hamiltonian, guess, largest=False,
/home/erosanow_hpc/informed_swapping/BARK.py:156: UserWarning: Exited at iteration 50 with accuracies 
[3.5804236e-09]
not reaching the requested tolerance 1e-09.
Use iteration 51 instead with accuracy 
3.580423598039551e-09.

  values, vectors = lobpcg(projected_hamiltonian, guess, largest=False,
/home/erosanow_hpc/informed_swapping/BARK.py:156: UserWarning: Exited postprocessing with accuracies 
[3.58042326e-09]
not reaching the requested tolerance 1e-09.
  values, vectors = lobpcg(projected_hamiltonian, guess, largest=False,
/home/erosanow_hpc/informed_swapping/BARK.py:156: UserWarning: Exited at iteration 50 with accuracies 
[2.51365414e-09]
not reaching the requested tolerance 1e-09.
Use iteration 51 instead with accuracy 
2.513654140381074e-09.

  values, vectors = lobpcg(projected_hamiltonian, guess, largest=False,
/home/erosanow_hpc/informed_swapping/BARK.py:156: UserWarning: Exited postprocessing with accuracies 
[2.51365414e-09]
not reaching the requested tolerance 1e-09.
  values, vectors = lobpcg(projected_hamiltonian, guess, largest=False,
/home/erosanow_hpc/informed_swapping/BARK.py:156: UserWarning: Exited at iteration 50 with accuracies 
[3.30883931e-09]
not reaching the requested tolerance 1e-09.
Use iteration 51 instead with accuracy 
3.3088393107895418e-09.

  values, vectors = lobpcg(projected_hamiltonian, guess, largest=False,
/home/erosanow_hpc/informed_swapping/BARK.py:156: UserWarning: Exited postprocessing with accuracies 
[3.30883913e-09]
not reaching the requested tolerance 1e-09.
  values, vectors = lobpcg(projected_hamiltonian, guess, largest=False,
/home/erosanow_hpc/informed_swapping/BARK.py:156: UserWarning: Exited at iteration 50 with accuracies 
[2.09119535e-09]
not reaching the requested tolerance 1e-09.
Use iteration 51 instead with accuracy 
2.09119534831391e-09.

  values, vectors = lobpcg(projected_hamiltonian, guess, largest=False,
/home/erosanow_hpc/informed_swapping/BARK.py:156: UserWarning: Exited postprocessing with accuracies 
[2.09119543e-09]
not reaching the requested tolerance 1e-09.
  values, vectors = lobpcg(projected_hamiltonian, guess, largest=False,
/home/erosanow_hpc/informed_swapping/BARK.py:156: UserWarning: Exited at iteration 50 with accuracies 
[5.54208947e-09]
not reaching the requested tolerance 1e-09.
Use iteration 51 instead with accuracy 
5.5420894746593795e-09.

  values, vectors = lobpcg(projected_hamiltonian, guess, largest=False,
/home/erosanow_hpc/informed_swapping/BARK.py:156: UserWarning: Exited postprocessing with accuracies 
[5.54209011e-09]
not reaching the requested tolerance 1e-09.
  values, vectors = lobpcg(projected_hamiltonian, guess, largest=False,
/home/erosanow_hpc/informed_swapping/BARK.py:156: UserWarning: Exited at iteration 50 with accuracies 
[5.84824514e-09]
not reaching the requested tolerance 1e-09.
Use iteration 51 instead with accuracy 
5.848245140797662e-09.

  values, vectors = lobpcg(projected_hamiltonian, guess, largest=False,
/home/erosanow_hpc/informed_swapping/BARK.py:156: UserWarning: Exited postprocessing with accuracies 
[5.84824539e-09]
not reaching the requested tolerance 1e-09.
  values, vectors = lobpcg(projected_hamiltonian, guess, largest=False,
/home/erosanow_hpc/informed_swapping/BARK.py:156: UserWarning: Exited at iteration 50 with accuracies 
[5.75692196e-09]
not reaching the requested tolerance 1e-09.
Use iteration 51 instead with accuracy 
5.756921958671657e-09.

  values, vectors = lobpcg(projected_hamiltonian, guess, largest=False,
/home/erosanow_hpc/informed_swapping/BARK.py:156: UserWarning: Exited postprocessing with accuracies 
[5.75692199e-09]
not reaching the requested tolerance 1e-09.
  values, vectors = lobpcg(projected_hamiltonian, guess, largest=False,
/home/erosanow_hpc/informed_swapping/BARK.py:156: UserWarning: Exited at iteration 50 with accuracies 
[4.20869399e-09]
not reaching the requested tolerance 1e-09.
Use iteration 51 instead with accuracy 
4.208693990937639e-09.

  values, vectors = lobpcg(projected_hamiltonian, guess, largest=False,
/home/erosanow_hpc/informed_swapping/BARK.py:156: UserWarning: Exited postprocessing with accuracies 
[4.20869461e-09]
not reaching the requested tolerance 1e-09.
  values, vectors = lobpcg(projected_hamiltonian, guess, largest=False,
/home/erosanow_hpc/informed_swapping/BARK.py:156: UserWarning: Exited at iteration 50 with accuracies 
[4.03351925e-09]
not reaching the requested tolerance 1e-09.
Use iteration 51 instead with accuracy 
4.0335192511610585e-09.

  values, vectors = lobpcg(projected_hamiltonian, guess, largest=False,
/home/erosanow_hpc/informed_swapping/BARK.py:156: UserWarning: Exited postprocessing with accuracies 
[4.03351937e-09]
not reaching the requested tolerance 1e-09.
  values, vectors = lobpcg(projected_hamiltonian, guess, largest=False,
/home/erosanow_hpc/informed_swapping/BARK.py:156: UserWarning: Exited at iteration 50 with accuracies 
[3.68809021e-09]
not reaching the requested tolerance 1e-09.
Use iteration 51 instead with accuracy 
3.688090205213728e-09.

  values, vectors = lobpcg(projected_hamiltonian, guess, largest=False,
/home/erosanow_hpc/informed_swapping/BARK.py:156: UserWarning: Exited postprocessing with accuracies 
[3.68809028e-09]
not reaching the requested tolerance 1e-09.
  values, vectors = lobpcg(projected_hamiltonian, guess, largest=False,
/home/erosanow_hpc/informed_swapping/BARK.py:156: UserWarning: Exited at iteration 50 with accuracies 
[9.18699872e-09]
not reaching the requested tolerance 1e-09.
Use iteration 51 instead with accuracy 
9.186998718043929e-09.

  values, vectors = lobpcg(projected_hamiltonian, guess, largest=False,
/home/erosanow_hpc/informed_swapping/BARK.py:156: UserWarning: Exited postprocessing with accuracies 
[9.18699898e-09]
not reaching the requested tolerance 1e-09.
  values, vectors = lobpcg(projected_hamiltonian, guess, largest=False,
/home/erosanow_hpc/informed_swapping/BARK.py:156: UserWarning: Exited at iteration 50 with accuracies 
[5.26616934e-09]
not reaching the requested tolerance 1e-09.
Use iteration 51 instead with accuracy 
5.266169340807303e-09.

  values, vectors = lobpcg(projected_hamiltonian, guess, largest=False,
/home/erosanow_hpc/informed_swapping/BARK.py:156: UserWarning: Exited postprocessing with accuracies 
[5.26616949e-09]
not reaching the requested tolerance 1e-09.
  values, vectors = lobpcg(projected_hamiltonian, guess, largest=False,
/home/erosanow_hpc/informed_swapping/BARK.py:156: UserWarning: Exited at iteration 50 with accuracies 
[5.29148788e-09]
not reaching the requested tolerance 1e-09.
Use iteration 51 instead with accuracy 
5.291487876253968e-09.

  values, vectors = lobpcg(projected_hamiltonian, guess, largest=False,
/home/erosanow_hpc/informed_swapping/BARK.py:156: UserWarning: Exited postprocessing with accuracies 
[5.29148778e-09]
not reaching the requested tolerance 1e-09.
  values, vectors = lobpcg(projected_hamiltonian, guess, largest=False,
/home/erosanow_hpc/informed_swapping/BARK.py:156: UserWarning: Exited at iteration 50 with accuracies 
[5.60671417e-09]
not reaching the requested tolerance 1e-09.
Use iteration 51 instead with accuracy 
5.6067141698306874e-09.

  values, vectors = lobpcg(projected_hamiltonian, guess, largest=False,
/home/erosanow_hpc/informed_swapping/BARK.py:156: UserWarning: Exited postprocessing with accuracies 
[5.60671386e-09]
not reaching the requested tolerance 1e-09.
  values, vectors = lobpcg(projected_hamiltonian, guess, largest=False,
/home/erosanow_hpc/informed_swapping/BARK.py:156: UserWarning: Exited at iteration 50 with accuracies 
[1.31663946e-08]
not reaching the requested tolerance 1e-09.
Use iteration 51 instead with accuracy 
1.3166394555832172e-08.

  values, vectors = lobpcg(projected_hamiltonian, guess, largest=False,
/home/erosanow_hpc/informed_swapping/BARK.py:156: UserWarning: Exited postprocessing with accuracies 
[1.31663947e-08]
not reaching the requested tolerance 1e-09.
  values, vectors = lobpcg(projected_hamiltonian, guess, largest=False,
/home/erosanow_hpc/informed_swapping/BARK.py:156: UserWarning: Exited at iteration 50 with accuracies 
[1.59736514e-09]
not reaching the requested tolerance 1e-09.
Use iteration 51 instead with accuracy 
1.5973651432700279e-09.

  values, vectors = lobpcg(projected_hamiltonian, guess, largest=False,
/home/erosanow_hpc/informed_swapping/BARK.py:156: UserWarning: Exited postprocessing with accuracies 
[1.5973651e-09]
not reaching the requested tolerance 1e-09.
  values, vectors = lobpcg(projected_hamiltonian, guess, largest=False,
/home/erosanow_hpc/informed_swapping/BARK.py:156: UserWarning: Exited at iteration 50 with accuracies 
[4.21783614e-09]
not reaching the requested tolerance 1e-09.
Use iteration 51 instead with accuracy 
4.2178361358704465e-09.

  values, vectors = lobpcg(projected_hamiltonian, guess, largest=False,
/home/erosanow_hpc/informed_swapping/BARK.py:156: UserWarning: Exited postprocessing with accuracies 
[4.21783655e-09]
not reaching the requested tolerance 1e-09.
  values, vectors = lobpcg(projected_hamiltonian, guess, largest=False,
/home/erosanow_hpc/informed_swapping/BARK.py:156: UserWarning: Exited at iteration 50 with accuracies 
[3.97469752e-09]
not reaching the requested tolerance 1e-09.
Use iteration 51 instead with accuracy 
3.974697521954471e-09.

  values, vectors = lobpcg(projected_hamiltonian, guess, largest=False,
/home/erosanow_hpc/informed_swapping/BARK.py:156: UserWarning: Exited postprocessing with accuracies 
[3.97469701e-09]
not reaching the requested tolerance 1e-09.
  values, vectors = lobpcg(projected_hamiltonian, guess, largest=False,
/home/erosanow_hpc/informed_swapping/BARK.py:156: UserWarning: Exited at iteration 50 with accuracies 
[3.6811519e-09]
not reaching the requested tolerance 1e-09.
Use iteration 51 instead with accuracy 
3.681151896890224e-09.

  values, vectors = lobpcg(projected_hamiltonian, guess, largest=False,
/home/erosanow_hpc/informed_swapping/BARK.py:156: UserWarning: Exited postprocessing with accuracies 
[3.68115229e-09]
not reaching the requested tolerance 1e-09.
  values, vectors = lobpcg(projected_hamiltonian, guess, largest=False,
/home/erosanow_hpc/informed_swapping/BARK.py:156: UserWarning: Exited at iteration 50 with accuracies 
[4.23551296e-09]
not reaching the requested tolerance 1e-09.
Use iteration 51 instead with accuracy 
4.23551296072258e-09.

  values, vectors = lobpcg(projected_hamiltonian, guess, largest=False,
/home/erosanow_hpc/informed_swapping/BARK.py:156: UserWarning: Exited postprocessing with accuracies 
[4.23551275e-09]
not reaching the requested tolerance 1e-09.
  values, vectors = lobpcg(projected_hamiltonian, guess, largest=False,
/home/erosanow_hpc/informed_swapping/BARK.py:156: UserWarning: Exited at iteration 50 with accuracies 
[4.25606909e-09]
not reaching the requested tolerance 1e-09.
Use iteration 51 instead with accuracy 
4.256069088705133e-09.

  values, vectors = lobpcg(projected_hamiltonian, guess, largest=False,
/home/erosanow_hpc/informed_swapping/BARK.py:156: UserWarning: Exited postprocessing with accuracies 
[4.2560693e-09]
not reaching the requested tolerance 1e-09.
  values, vectors = lobpcg(projected_hamiltonian, guess, largest=False,
/home/erosanow_hpc/informed_swapping/BARK.py:156: UserWarning: Exited at iteration 50 with accuracies 
[3.45137832e-09]
not reaching the requested tolerance 1e-09.
Use iteration 51 instead with accuracy 
3.4513783153182306e-09.

  values, vectors = lobpcg(projected_hamiltonian, guess, largest=False,
/home/erosanow_hpc/informed_swapping/BARK.py:156: UserWarning: Exited postprocessing with accuracies 
[3.45137811e-09]
not reaching the requested tolerance 1e-09.
  values, vectors = lobpcg(projected_hamiltonian, guess, largest=False,
/home/erosanow_hpc/informed_swapping/BARK.py:156: UserWarning: Exited at iteration 50 with accuracies 
[8.12322967e-09]
not reaching the requested tolerance 1e-09.
Use iteration 51 instead with accuracy 
8.12322966888547e-09.

  values, vectors = lobpcg(projected_hamiltonian, guess, largest=False,
/home/erosanow_hpc/informed_swapping/BARK.py:156: UserWarning: Exited postprocessing with accuracies 
[8.12323011e-09]
not reaching the requested tolerance 1e-09.
  values, vectors = lobpcg(projected_hamiltonian, guess, largest=False,
/home/erosanow_hpc/informed_swapping/BARK.py:156: UserWarning: Exited at iteration 50 with accuracies 
[4.46409263e-09]
not reaching the requested tolerance 1e-09.
Use iteration 51 instead with accuracy 
4.464092634985382e-09.

  values, vectors = lobpcg(projected_hamiltonian, guess, largest=False,
/home/erosanow_hpc/informed_swapping/BARK.py:156: UserWarning: Exited postprocessing with accuracies 
[4.46409268e-09]
not reaching the requested tolerance 1e-09.
  values, vectors = lobpcg(projected_hamiltonian, guess, largest=False,
/home/erosanow_hpc/informed_swapping/BARK.py:156: UserWarning: Exited at iteration 50 with accuracies 
[4.38473457e-09]
not reaching the requested tolerance 1e-09.
Use iteration 51 instead with accuracy 
4.384734569762725e-09.

  values, vectors = lobpcg(projected_hamiltonian, guess, largest=False,
/home/erosanow_hpc/informed_swapping/BARK.py:156: UserWarning: Exited postprocessing with accuracies 
[4.38473417e-09]
not reaching the requested tolerance 1e-09.
  values, vectors = lobpcg(projected_hamiltonian, guess, largest=False,
/home/erosanow_hpc/informed_swapping/BARK.py:156: UserWarning: Exited at iteration 50 with accuracies 
[4.15892766e-09]
not reaching the requested tolerance 1e-09.
Use iteration 51 instead with accuracy 
4.15892765506903e-09.

  values, vectors = lobpcg(projected_hamiltonian, guess, largest=False,
/home/erosanow_hpc/informed_swapping/BARK.py:156: UserWarning: Exited postprocessing with accuracies 
[4.15892747e-09]
not reaching the requested tolerance 1e-09.
  values, vectors = lobpcg(projected_hamiltonian, guess, largest=False,
/home/erosanow_hpc/informed_swapping/BARK.py:156: UserWarning: Exited at iteration 50 with accuracies 
[9.80978115e-09]
not reaching the requested tolerance 1e-09.
Use iteration 51 instead with accuracy 
9.809781145093883e-09.

  values, vectors = lobpcg(projected_hamiltonian, guess, largest=False,
/home/erosanow_hpc/informed_swapping/BARK.py:156: UserWarning: Exited postprocessing with accuracies 
[9.80978122e-09]
not reaching the requested tolerance 1e-09.
  values, vectors = lobpcg(projected_hamiltonian, guess, largest=False,
/home/erosanow_hpc/informed_swapping/BARK.py:156: UserWarning: Exited at iteration 50 with accuracies 
[4.2748749e-09]
not reaching the requested tolerance 1e-09.
Use iteration 51 instead with accuracy 
4.27487490416201e-09.

  values, vectors = lobpcg(projected_hamiltonian, guess, largest=False,
/home/erosanow_hpc/informed_swapping/BARK.py:156: UserWarning: Exited postprocessing with accuracies 
[4.27487511e-09]
not reaching the requested tolerance 1e-09.
  values, vectors = lobpcg(projected_hamiltonian, guess, largest=False,
/home/erosanow_hpc/informed_swapping/BARK.py:156: UserWarning: Exited at iteration 50 with accuracies 
[1.05714196e-08]
not reaching the requested tolerance 1e-09.
Use iteration 51 instead with accuracy 
1.0571419635476561e-08.

  values, vectors = lobpcg(projected_hamiltonian, guess, largest=False,
/home/erosanow_hpc/informed_swapping/BARK.py:156: UserWarning: Exited postprocessing with accuracies 
[1.05714194e-08]
not reaching the requested tolerance 1e-09.
  values, vectors = lobpcg(projected_hamiltonian, guess, largest=False,
/home/erosanow_hpc/informed_swapping/BARK.py:156: UserWarning: Exited at iteration 50 with accuracies 
[8.65883184e-09]
not reaching the requested tolerance 1e-09.
Use iteration 51 instead with accuracy 
8.6588318363263e-09.

  values, vectors = lobpcg(projected_hamiltonian, guess, largest=False,
/home/erosanow_hpc/informed_swapping/BARK.py:156: UserWarning: Exited postprocessing with accuracies 
[8.65883192e-09]
not reaching the requested tolerance 1e-09.
  values, vectors = lobpcg(projected_hamiltonian, guess, largest=False,
/home/erosanow_hpc/informed_swapping/BARK.py:156: UserWarning: Exited at iteration 50 with accuracies 
[9.9435467e-09]
not reaching the requested tolerance 1e-09.
Use iteration 51 instead with accuracy 
9.943546703664937e-09.

  values, vectors = lobpcg(projected_hamiltonian, guess, largest=False,
/home/erosanow_hpc/informed_swapping/BARK.py:156: UserWarning: Exited postprocessing with accuracies 
[9.94354629e-09]
not reaching the requested tolerance 1e-09.
  values, vectors = lobpcg(projected_hamiltonian, guess, largest=False,
/home/erosanow_hpc/informed_swapping/BARK.py:156: UserWarning: Exited at iteration 50 with accuracies 
[2.62161668e-09]
not reaching the requested tolerance 1e-09.
Use iteration 51 instead with accuracy 
2.6216166841437464e-09.

  values, vectors = lobpcg(projected_hamiltonian, guess, largest=False,
/home/erosanow_hpc/informed_swapping/BARK.py:156: UserWarning: Exited postprocessing with accuracies 
[2.62161659e-09]
not reaching the requested tolerance 1e-09.
  values, vectors = lobpcg(projected_hamiltonian, guess, largest=False,
/home/erosanow_hpc/informed_swapping/BARK.py:156: UserWarning: Exited at iteration 50 with accuracies 
[3.94241258e-09]
not reaching the requested tolerance 1e-09.
Use iteration 51 instead with accuracy 
3.94241257593264e-09.

  values, vectors = lobpcg(projected_hamiltonian, guess, largest=False,
/home/erosanow_hpc/informed_swapping/BARK.py:156: UserWarning: Exited postprocessing with accuracies 
[3.94241197e-09]
not reaching the requested tolerance 1e-09.
  values, vectors = lobpcg(projected_hamiltonian, guess, largest=False,
/home/erosanow_hpc/informed_swapping/BARK.py:156: UserWarning: Exited at iteration 50 with accuracies 
[7.38834887e-09]
not reaching the requested tolerance 1e-09.
Use iteration 51 instead with accuracy 
7.388348870620729e-09.

  values, vectors = lobpcg(projected_hamiltonian, guess, largest=False,
/home/erosanow_hpc/informed_swapping/BARK.py:156: UserWarning: Exited postprocessing with accuracies 
[7.38834902e-09]
not reaching the requested tolerance 1e-09.
  values, vectors = lobpcg(projected_hamiltonian, guess, largest=False,
/home/erosanow_hpc/informed_swapping/BARK.py:156: UserWarning: Exited at iteration 50 with accuracies 
[9.57712505e-09]
not reaching the requested tolerance 1e-09.
Use iteration 51 instead with accuracy 
9.577125051769524e-09.

  values, vectors = lobpcg(projected_hamiltonian, guess, largest=False,
/home/erosanow_hpc/informed_swapping/BARK.py:156: UserWarning: Exited postprocessing with accuracies 
[9.57712502e-09]
not reaching the requested tolerance 1e-09.
  values, vectors = lobpcg(projected_hamiltonian, guess, largest=False,
/home/erosanow_hpc/informed_swapping/BARK.py:156: UserWarning: Exited at iteration 50 with accuracies 
[6.40521167e-09]
not reaching the requested tolerance 1e-09.
Use iteration 51 instead with accuracy 
6.405211671151125e-09.

  values, vectors = lobpcg(projected_hamiltonian, guess, largest=False,
/home/erosanow_hpc/informed_swapping/BARK.py:156: UserWarning: Exited postprocessing with accuracies 
[6.40521184e-09]
not reaching the requested tolerance 1e-09.
  values, vectors = lobpcg(projected_hamiltonian, guess, largest=False,
/home/erosanow_hpc/informed_swapping/BARK.py:156: UserWarning: Exited at iteration 50 with accuracies 
[6.98222824e-09]
not reaching the requested tolerance 1e-09.
Use iteration 51 instead with accuracy 
6.9822282367822825e-09.

  values, vectors = lobpcg(projected_hamiltonian, guess, largest=False,
/home/erosanow_hpc/informed_swapping/BARK.py:156: UserWarning: Exited postprocessing with accuracies 
[6.98222767e-09]
not reaching the requested tolerance 1e-09.
  values, vectors = lobpcg(projected_hamiltonian, guess, largest=False,
/home/erosanow_hpc/informed_swapping/BARK.py:156: UserWarning: Exited at iteration 50 with accuracies 
[7.32438386e-09]
not reaching the requested tolerance 1e-09.
Use iteration 51 instead with accuracy 
7.324383863282698e-09.

  values, vectors = lobpcg(projected_hamiltonian, guess, largest=False,
/home/erosanow_hpc/informed_swapping/BARK.py:156: UserWarning: Exited postprocessing with accuracies 
[7.32438364e-09]
not reaching the requested tolerance 1e-09.
  values, vectors = lobpcg(projected_hamiltonian, guess, largest=False,
/home/erosanow_hpc/informed_swapping/BARK.py:156: UserWarning: Exited at iteration 50 with accuracies 
[1.59308598e-08]
not reaching the requested tolerance 1e-09.
Use iteration 51 instead with accuracy 
1.5930859808441303e-08.

  values, vectors = lobpcg(projected_hamiltonian, guess, largest=False,
/home/erosanow_hpc/informed_swapping/BARK.py:156: UserWarning: Exited postprocessing with accuracies 
[1.59308597e-08]
not reaching the requested tolerance 1e-09.
  values, vectors = lobpcg(projected_hamiltonian, guess, largest=False,
/home/erosanow_hpc/informed_swapping/BARK.py:156: UserWarning: Exited at iteration 50 with accuracies 
[5.14466017e-09]
not reaching the requested tolerance 1e-09.
Use iteration 51 instead with accuracy 
5.144660173252017e-09.

  values, vectors = lobpcg(projected_hamiltonian, guess, largest=False,
/home/erosanow_hpc/informed_swapping/BARK.py:156: UserWarning: Exited postprocessing with accuracies 
[5.14466012e-09]
not reaching the requested tolerance 1e-09.
  values, vectors = lobpcg(projected_hamiltonian, guess, largest=False,
/home/erosanow_hpc/informed_swapping/BARK.py:156: UserWarning: Exited at iteration 50 with accuracies 
[1.25960082e-08]
not reaching the requested tolerance 1e-09.
Use iteration 51 instead with accuracy 
1.2596008162953509e-08.

  values, vectors = lobpcg(projected_hamiltonian, guess, largest=False,
/home/erosanow_hpc/informed_swapping/BARK.py:156: UserWarning: Exited postprocessing with accuracies 
[1.25960082e-08]
not reaching the requested tolerance 1e-09.
  values, vectors = lobpcg(projected_hamiltonian, guess, largest=False,
/home/erosanow_hpc/informed_swapping/BARK.py:156: UserWarning: Exited at iteration 50 with accuracies 
[1.14858029e-08]
not reaching the requested tolerance 1e-09.
Use iteration 51 instead with accuracy 
1.1485802917962973e-08.

  values, vectors = lobpcg(projected_hamiltonian, guess, largest=False,
/home/erosanow_hpc/informed_swapping/BARK.py:156: UserWarning: Exited postprocessing with accuracies 
[1.14858031e-08]
not reaching the requested tolerance 1e-09.
  values, vectors = lobpcg(projected_hamiltonian, guess, largest=False,
/home/erosanow_hpc/informed_swapping/BARK.py:156: UserWarning: Exited at iteration 50 with accuracies 
[1.39937987e-08]
not reaching the requested tolerance 1e-09.
Use iteration 51 instead with accuracy 
1.399379873616838e-08.

  values, vectors = lobpcg(projected_hamiltonian, guess, largest=False,
/home/erosanow_hpc/informed_swapping/BARK.py:156: UserWarning: Exited postprocessing with accuracies 
[1.39937986e-08]
not reaching the requested tolerance 1e-09.
  values, vectors = lobpcg(projected_hamiltonian, guess, largest=False,
/home/erosanow_hpc/informed_swapping/BARK.py:156: UserWarning: Exited at iteration 50 with accuracies 
[7.19861957e-09]
not reaching the requested tolerance 1e-09.
Use iteration 51 instead with accuracy 
7.19861956769609e-09.

  values, vectors = lobpcg(projected_hamiltonian, guess, largest=False,
/home/erosanow_hpc/informed_swapping/BARK.py:156: UserWarning: Exited postprocessing with accuracies 
[7.19861959e-09]
not reaching the requested tolerance 1e-09.
  values, vectors = lobpcg(projected_hamiltonian, guess, largest=False,
/home/erosanow_hpc/informed_swapping/BARK.py:156: UserWarning: Exited at iteration 50 with accuracies 
[1.55945811e-08]
not reaching the requested tolerance 1e-09.
Use iteration 51 instead with accuracy 
1.559458111639747e-08.

  values, vectors = lobpcg(projected_hamiltonian, guess, largest=False,
/home/erosanow_hpc/informed_swapping/BARK.py:156: UserWarning: Exited postprocessing with accuracies 
[1.5594581e-08]
not reaching the requested tolerance 1e-09.
  values, vectors = lobpcg(projected_hamiltonian, guess, largest=False,
/home/erosanow_hpc/informed_swapping/BARK.py:156: UserWarning: Exited at iteration 50 with accuracies 
[1.66069224e-08]
not reaching the requested tolerance 1e-09.
Use iteration 51 instead with accuracy 
1.6606922382227276e-08.

  values, vectors = lobpcg(projected_hamiltonian, guess, largest=False,
/home/erosanow_hpc/informed_swapping/BARK.py:156: UserWarning: Exited postprocessing with accuracies 
[1.66069223e-08]
not reaching the requested tolerance 1e-09.
  values, vectors = lobpcg(projected_hamiltonian, guess, largest=False,
/home/erosanow_hpc/informed_swapping/BARK.py:156: UserWarning: Exited at iteration 50 with accuracies 
[2.16266954e-08]
not reaching the requested tolerance 1e-09.
Use iteration 51 instead with accuracy 
2.1626695395333164e-08.

  values, vectors = lobpcg(projected_hamiltonian, guess, largest=False,
/home/erosanow_hpc/informed_swapping/BARK.py:156: UserWarning: Exited postprocessing with accuracies 
[2.16266949e-08]
not reaching the requested tolerance 1e-09.
  values, vectors = lobpcg(projected_hamiltonian, guess, largest=False,
/home/erosanow_hpc/informed_swapping/BARK.py:156: UserWarning: Exited at iteration 50 with accuracies 
[1.85065528e-09]
not reaching the requested tolerance 1e-09.
Use iteration 51 instead with accuracy 
1.8506552752958168e-09.

  values, vectors = lobpcg(projected_hamiltonian, guess, largest=False,
/home/erosanow_hpc/informed_swapping/BARK.py:156: UserWarning: Exited postprocessing with accuracies 
[1.85065542e-09]
not reaching the requested tolerance 1e-09.
  values, vectors = lobpcg(projected_hamiltonian, guess, largest=False,
/home/erosanow_hpc/informed_swapping/BARK.py:156: UserWarning: Exited at iteration 50 with accuracies 
[4.70766028e-09]
not reaching the requested tolerance 1e-09.
Use iteration 51 instead with accuracy 
4.707660277618193e-09.

  values, vectors = lobpcg(projected_hamiltonian, guess, largest=False,
/home/erosanow_hpc/informed_swapping/BARK.py:156: UserWarning: Exited postprocessing with accuracies 
[4.70766057e-09]
not reaching the requested tolerance 1e-09.
  values, vectors = lobpcg(projected_hamiltonian, guess, largest=False,
/home/erosanow_hpc/informed_swapping/BARK.py:156: UserWarning: Exited at iteration 50 with accuracies 
[4.61620863e-09]
not reaching the requested tolerance 1e-09.
Use iteration 51 instead with accuracy 
4.616208628437312e-09.

  values, vectors = lobpcg(projected_hamiltonian, guess, largest=False,
/home/erosanow_hpc/informed_swapping/BARK.py:156: UserWarning: Exited postprocessing with accuracies 
[4.61620866e-09]
not reaching the requested tolerance 1e-09.
  values, vectors = lobpcg(projected_hamiltonian, guess, largest=False,
/home/erosanow_hpc/informed_swapping/BARK.py:156: UserWarning: Exited at iteration 50 with accuracies 
[4.41830519e-09]
not reaching the requested tolerance 1e-09.
Use iteration 51 instead with accuracy 
4.41830518720923e-09.

  values, vectors = lobpcg(projected_hamiltonian, guess, largest=False,
/home/erosanow_hpc/informed_swapping/BARK.py:156: UserWarning: Exited postprocessing with accuracies 
[4.41830526e-09]
not reaching the requested tolerance 1e-09.
  values, vectors = lobpcg(projected_hamiltonian, guess, largest=False,
/home/erosanow_hpc/informed_swapping/BARK.py:156: UserWarning: Exited at iteration 50 with accuracies 
[2.95464062e-09]
not reaching the requested tolerance 1e-09.
Use iteration 51 instead with accuracy 
2.954640624692895e-09.

  values, vectors = lobpcg(projected_hamiltonian, guess, largest=False,
/home/erosanow_hpc/informed_swapping/BARK.py:156: UserWarning: Exited postprocessing with accuracies 
[2.95464016e-09]
not reaching the requested tolerance 1e-09.
  values, vectors = lobpcg(projected_hamiltonian, guess, largest=False,
/home/erosanow_hpc/informed_swapping/BARK.py:156: UserWarning: Exited at iteration 50 with accuracies 
[7.33568717e-09]
not reaching the requested tolerance 1e-09.
Use iteration 51 instead with accuracy 
7.335687168736797e-09.

  values, vectors = lobpcg(projected_hamiltonian, guess, largest=False,
/home/erosanow_hpc/informed_swapping/BARK.py:156: UserWarning: Exited postprocessing with accuracies 
[7.33568744e-09]
not reaching the requested tolerance 1e-09.
  values, vectors = lobpcg(projected_hamiltonian, guess, largest=False,
/home/erosanow_hpc/informed_swapping/BARK.py:156: UserWarning: Exited at iteration 50 with accuracies 
[6.83507163e-09]
not reaching the requested tolerance 1e-09.
Use iteration 51 instead with accuracy 
6.8350716296003515e-09.

  values, vectors = lobpcg(projected_hamiltonian, guess, largest=False,
/home/erosanow_hpc/informed_swapping/BARK.py:156: UserWarning: Exited postprocessing with accuracies 
[6.83507166e-09]
not reaching the requested tolerance 1e-09.
  values, vectors = lobpcg(projected_hamiltonian, guess, largest=False,
/home/erosanow_hpc/informed_swapping/BARK.py:156: UserWarning: Exited at iteration 50 with accuracies 
[7.48406084e-09]
not reaching the requested tolerance 1e-09.
Use iteration 51 instead with accuracy 
7.484060844372736e-09.

  values, vectors = lobpcg(projected_hamiltonian, guess, largest=False,
/home/erosanow_hpc/informed_swapping/BARK.py:156: UserWarning: Exited postprocessing with accuracies 
[7.484061e-09]
not reaching the requested tolerance 1e-09.
  values, vectors = lobpcg(projected_hamiltonian, guess, largest=False,
/home/erosanow_hpc/informed_swapping/BARK.py:156: UserWarning: Exited at iteration 50 with accuracies 
[5.15268616e-09]
not reaching the requested tolerance 1e-09.
Use iteration 51 instead with accuracy 
5.152686155247493e-09.

  values, vectors = lobpcg(projected_hamiltonian, guess, largest=False,
/home/erosanow_hpc/informed_swapping/BARK.py:156: UserWarning: Exited postprocessing with accuracies 
[5.15268614e-09]
not reaching the requested tolerance 1e-09.
  values, vectors = lobpcg(projected_hamiltonian, guess, largest=False,
/home/erosanow_hpc/informed_swapping/BARK.py:156: UserWarning: Exited at iteration 50 with accuracies 
[5.14076292e-09]
not reaching the requested tolerance 1e-09.
Use iteration 51 instead with accuracy 
5.140762917124924e-09.

  values, vectors = lobpcg(projected_hamiltonian, guess, largest=False,
/home/erosanow_hpc/informed_swapping/BARK.py:156: UserWarning: Exited postprocessing with accuracies 
[5.14076275e-09]
not reaching the requested tolerance 1e-09.
  values, vectors = lobpcg(projected_hamiltonian, guess, largest=False,
/home/erosanow_hpc/informed_swapping/BARK.py:156: UserWarning: Exited at iteration 50 with accuracies 
[5.19740107e-09]
not reaching the requested tolerance 1e-09.
Use iteration 51 instead with accuracy 
5.197401071829986e-09.

  values, vectors = lobpcg(projected_hamiltonian, guess, largest=False,
/home/erosanow_hpc/informed_swapping/BARK.py:156: UserWarning: Exited postprocessing with accuracies 
[5.19740115e-09]
not reaching the requested tolerance 1e-09.
  values, vectors = lobpcg(projected_hamiltonian, guess, largest=False,
/home/erosanow_hpc/informed_swapping/BARK.py:156: UserWarning: Exited at iteration 50 with accuracies 
[1.19937641e-08]
not reaching the requested tolerance 1e-09.
Use iteration 51 instead with accuracy 
1.1993764103720657e-08.

  values, vectors = lobpcg(projected_hamiltonian, guess, largest=False,
/home/erosanow_hpc/informed_swapping/BARK.py:156: UserWarning: Exited postprocessing with accuracies 
[1.19937642e-08]
not reaching the requested tolerance 1e-09.
  values, vectors = lobpcg(projected_hamiltonian, guess, largest=False,
/home/erosanow_hpc/informed_swapping/BARK.py:156: UserWarning: Exited at iteration 50 with accuracies 
[7.11093411e-09]
not reaching the requested tolerance 1e-09.
Use iteration 51 instead with accuracy 
7.110934110214495e-09.

  values, vectors = lobpcg(projected_hamiltonian, guess, largest=False,
/home/erosanow_hpc/informed_swapping/BARK.py:156: UserWarning: Exited postprocessing with accuracies 
[7.11093372e-09]
not reaching the requested tolerance 1e-09.
  values, vectors = lobpcg(projected_hamiltonian, guess, largest=False,
/home/erosanow_hpc/informed_swapping/BARK.py:156: UserWarning: Exited at iteration 50 with accuracies 
[8.42370642e-09]
not reaching the requested tolerance 1e-09.
Use iteration 51 instead with accuracy 
8.423706420458184e-09.

  values, vectors = lobpcg(projected_hamiltonian, guess, largest=False,
/home/erosanow_hpc/informed_swapping/BARK.py:156: UserWarning: Exited postprocessing with accuracies 
[8.42370697e-09]
not reaching the requested tolerance 1e-09.
  values, vectors = lobpcg(projected_hamiltonian, guess, largest=False,
/home/erosanow_hpc/informed_swapping/BARK.py:156: UserWarning: Exited at iteration 50 with accuracies 
[7.88510474e-09]
not reaching the requested tolerance 1e-09.
Use iteration 51 instead with accuracy 
7.885104736088243e-09.

  values, vectors = lobpcg(projected_hamiltonian, guess, largest=False,
/home/erosanow_hpc/informed_swapping/BARK.py:156: UserWarning: Exited postprocessing with accuracies 
[7.88510466e-09]
not reaching the requested tolerance 1e-09.
  values, vectors = lobpcg(projected_hamiltonian, guess, largest=False,
/home/erosanow_hpc/informed_swapping/BARK.py:156: UserWarning: Exited at iteration 50 with accuracies 
[1.561679e-08]
not reaching the requested tolerance 1e-09.
Use iteration 51 instead with accuracy 
1.5616789963453734e-08.

  values, vectors = lobpcg(projected_hamiltonian, guess, largest=False,
/home/erosanow_hpc/informed_swapping/BARK.py:156: UserWarning: Exited postprocessing with accuracies 
[1.56167894e-08]
not reaching the requested tolerance 1e-09.
  values, vectors = lobpcg(projected_hamiltonian, guess, largest=False,
/home/erosanow_hpc/informed_swapping/BARK.py:156: UserWarning: Exited at iteration 50 with accuracies 
[5.46805329e-09]
not reaching the requested tolerance 1e-09.
Use iteration 51 instead with accuracy 
5.468053285571578e-09.

  values, vectors = lobpcg(projected_hamiltonian, guess, largest=False,
/home/erosanow_hpc/informed_swapping/BARK.py:156: UserWarning: Exited postprocessing with accuracies 
[5.4680528e-09]
not reaching the requested tolerance 1e-09.
  values, vectors = lobpcg(projected_hamiltonian, guess, largest=False,
/home/erosanow_hpc/informed_swapping/BARK.py:156: UserWarning: Exited at iteration 50 with accuracies 
[5.45170141e-09]
not reaching the requested tolerance 1e-09.
Use iteration 51 instead with accuracy 
5.451701409974988e-09.

  values, vectors = lobpcg(projected_hamiltonian, guess, largest=False,
/home/erosanow_hpc/informed_swapping/BARK.py:156: UserWarning: Exited postprocessing with accuracies 
[5.451701e-09]
not reaching the requested tolerance 1e-09.
  values, vectors = lobpcg(projected_hamiltonian, guess, largest=False,
/home/erosanow_hpc/informed_swapping/BARK.py:156: UserWarning: Exited at iteration 50 with accuracies 
[5.44347306e-09]
not reaching the requested tolerance 1e-09.
Use iteration 51 instead with accuracy 
5.443473058614285e-09.

  values, vectors = lobpcg(projected_hamiltonian, guess, largest=False,
/home/erosanow_hpc/informed_swapping/BARK.py:156: UserWarning: Exited postprocessing with accuracies 
[5.44347242e-09]
not reaching the requested tolerance 1e-09.
  values, vectors = lobpcg(projected_hamiltonian, guess, largest=False,
/home/erosanow_hpc/informed_swapping/BARK.py:156: UserWarning: Exited at iteration 50 with accuracies 
[1.25242242e-08]
not reaching the requested tolerance 1e-09.
Use iteration 51 instead with accuracy 
1.2524224216795871e-08.

  values, vectors = lobpcg(projected_hamiltonian, guess, largest=False,
/home/erosanow_hpc/informed_swapping/BARK.py:156: UserWarning: Exited postprocessing with accuracies 
[1.25242243e-08]
not reaching the requested tolerance 1e-09.
  values, vectors = lobpcg(projected_hamiltonian, guess, largest=False,
/home/erosanow_hpc/informed_swapping/BARK.py:156: UserWarning: Exited at iteration 50 with accuracies 
[8.62336476e-09]
not reaching the requested tolerance 1e-09.
Use iteration 51 instead with accuracy 
8.623364759176401e-09.

  values, vectors = lobpcg(projected_hamiltonian, guess, largest=False,
/home/erosanow_hpc/informed_swapping/BARK.py:156: UserWarning: Exited postprocessing with accuracies 
[8.62336481e-09]
not reaching the requested tolerance 1e-09.
  values, vectors = lobpcg(projected_hamiltonian, guess, largest=False,
/home/erosanow_hpc/informed_swapping/BARK.py:156: UserWarning: Exited at iteration 50 with accuracies 
[1.02449121e-08]
not reaching the requested tolerance 1e-09.
Use iteration 51 instead with accuracy 
1.024491212737823e-08.

  values, vectors = lobpcg(projected_hamiltonian, guess, largest=False,
/home/erosanow_hpc/informed_swapping/BARK.py:156: UserWarning: Exited postprocessing with accuracies 
[1.02449116e-08]
not reaching the requested tolerance 1e-09.
  values, vectors = lobpcg(projected_hamiltonian, guess, largest=False,
/home/erosanow_hpc/informed_swapping/BARK.py:156: UserWarning: Exited at iteration 50 with accuracies 
[9.61274512e-09]
not reaching the requested tolerance 1e-09.
Use iteration 51 instead with accuracy 
9.612745121869641e-09.

  values, vectors = lobpcg(projected_hamiltonian, guess, largest=False,
/home/erosanow_hpc/informed_swapping/BARK.py:156: UserWarning: Exited postprocessing with accuracies 
[9.61274508e-09]
not reaching the requested tolerance 1e-09.
  values, vectors = lobpcg(projected_hamiltonian, guess, largest=False,
/home/erosanow_hpc/informed_swapping/BARK.py:156: UserWarning: Exited at iteration 50 with accuracies 
[1.94421513e-08]
not reaching the requested tolerance 1e-09.
Use iteration 51 instead with accuracy 
1.944215129812869e-08.

  values, vectors = lobpcg(projected_hamiltonian, guess, largest=False,
/home/erosanow_hpc/informed_swapping/BARK.py:156: UserWarning: Exited postprocessing with accuracies 
[1.94421514e-08]
not reaching the requested tolerance 1e-09.
  values, vectors = lobpcg(projected_hamiltonian, guess, largest=False,
/home/erosanow_hpc/informed_swapping/BARK.py:156: UserWarning: Exited at iteration 50 with accuracies 
[6.04263355e-09]
not reaching the requested tolerance 1e-09.
Use iteration 51 instead with accuracy 
6.042633550812114e-09.

  values, vectors = lobpcg(projected_hamiltonian, guess, largest=False,
/home/erosanow_hpc/informed_swapping/BARK.py:156: UserWarning: Exited postprocessing with accuracies 
[6.04263399e-09]
not reaching the requested tolerance 1e-09.
  values, vectors = lobpcg(projected_hamiltonian, guess, largest=False,
/home/erosanow_hpc/informed_swapping/BARK.py:156: UserWarning: Exited at iteration 50 with accuracies 
[1.28873671e-08]
not reaching the requested tolerance 1e-09.
Use iteration 51 instead with accuracy 
1.2887367081547345e-08.

  values, vectors = lobpcg(projected_hamiltonian, guess, largest=False,
/home/erosanow_hpc/informed_swapping/BARK.py:156: UserWarning: Exited postprocessing with accuracies 
[1.28873671e-08]
not reaching the requested tolerance 1e-09.
  values, vectors = lobpcg(projected_hamiltonian, guess, largest=False,
/home/erosanow_hpc/informed_swapping/BARK.py:156: UserWarning: Exited at iteration 50 with accuracies 
[1.27042553e-08]
not reaching the requested tolerance 1e-09.
Use iteration 51 instead with accuracy 
1.2704255337649067e-08.

  values, vectors = lobpcg(projected_hamiltonian, guess, largest=False,
/home/erosanow_hpc/informed_swapping/BARK.py:156: UserWarning: Exited postprocessing with accuracies 
[1.27042546e-08]
not reaching the requested tolerance 1e-09.
  values, vectors = lobpcg(projected_hamiltonian, guess, largest=False,
/home/erosanow_hpc/informed_swapping/BARK.py:156: UserWarning: Exited at iteration 50 with accuracies 
[1.70003342e-08]
not reaching the requested tolerance 1e-09.
Use iteration 51 instead with accuracy 
1.700033424986271e-08.

  values, vectors = lobpcg(projected_hamiltonian, guess, largest=False,
/home/erosanow_hpc/informed_swapping/BARK.py:156: UserWarning: Exited postprocessing with accuracies 
[1.7000334e-08]
not reaching the requested tolerance 1e-09.
  values, vectors = lobpcg(projected_hamiltonian, guess, largest=False,
/home/erosanow_hpc/informed_swapping/BARK.py:156: UserWarning: Exited at iteration 50 with accuracies 
[9.31078014e-09]
not reaching the requested tolerance 1e-09.
Use iteration 51 instead with accuracy 
9.310780140511785e-09.

  values, vectors = lobpcg(projected_hamiltonian, guess, largest=False,
/home/erosanow_hpc/informed_swapping/BARK.py:156: UserWarning: Exited postprocessing with accuracies 
[9.31078014e-09]
not reaching the requested tolerance 1e-09.
  values, vectors = lobpcg(projected_hamiltonian, guess, largest=False,
/home/erosanow_hpc/informed_swapping/BARK.py:156: UserWarning: Exited at iteration 50 with accuracies 
[1.82178819e-08]
not reaching the requested tolerance 1e-09.
Use iteration 51 instead with accuracy 
1.8217881938259534e-08.

  values, vectors = lobpcg(projected_hamiltonian, guess, largest=False,
/home/erosanow_hpc/informed_swapping/BARK.py:156: UserWarning: Exited postprocessing with accuracies 
[1.82178818e-08]
not reaching the requested tolerance 1e-09.
  values, vectors = lobpcg(projected_hamiltonian, guess, largest=False,
/home/erosanow_hpc/informed_swapping/BARK.py:156: UserWarning: Exited at iteration 50 with accuracies 
[1.68081758e-08]
not reaching the requested tolerance 1e-09.
Use iteration 51 instead with accuracy 
1.6808175753211475e-08.

  values, vectors = lobpcg(projected_hamiltonian, guess, largest=False,
/home/erosanow_hpc/informed_swapping/BARK.py:156: UserWarning: Exited postprocessing with accuracies 
[1.68081755e-08]
not reaching the requested tolerance 1e-09.
  values, vectors = lobpcg(projected_hamiltonian, guess, largest=False,
/home/erosanow_hpc/informed_swapping/BARK.py:156: UserWarning: Exited at iteration 50 with accuracies 
[2.33572918e-08]
not reaching the requested tolerance 1e-09.
Use iteration 51 instead with accuracy 
2.3357291773952555e-08.

  values, vectors = lobpcg(projected_hamiltonian, guess, largest=False,
/home/erosanow_hpc/informed_swapping/BARK.py:156: UserWarning: Exited postprocessing with accuracies 
[2.33572922e-08]
not reaching the requested tolerance 1e-09.
  values, vectors = lobpcg(projected_hamiltonian, guess, largest=False,
/home/erosanow_hpc/informed_swapping/BARK.py:156: UserWarning: Exited at iteration 50 with accuracies 
[6.0248713e-09]
not reaching the requested tolerance 1e-09.
Use iteration 51 instead with accuracy 
6.024871296127037e-09.

  values, vectors = lobpcg(projected_hamiltonian, guess, largest=False,
/home/erosanow_hpc/informed_swapping/BARK.py:156: UserWarning: Exited postprocessing with accuracies 
[6.02487173e-09]
not reaching the requested tolerance 1e-09.
  values, vectors = lobpcg(projected_hamiltonian, guess, largest=False,
/home/erosanow_hpc/informed_swapping/BARK.py:156: UserWarning: Exited at iteration 50 with accuracies 
[6.57185105e-09]
not reaching the requested tolerance 1e-09.
Use iteration 51 instead with accuracy 
6.571851046977583e-09.

  values, vectors = lobpcg(projected_hamiltonian, guess, largest=False,
/home/erosanow_hpc/informed_swapping/BARK.py:156: UserWarning: Exited postprocessing with accuracies 
[6.5718508e-09]
not reaching the requested tolerance 1e-09.
  values, vectors = lobpcg(projected_hamiltonian, guess, largest=False,
/home/erosanow_hpc/informed_swapping/BARK.py:156: UserWarning: Exited at iteration 50 with accuracies 
[6.46490296e-09]
not reaching the requested tolerance 1e-09.
Use iteration 51 instead with accuracy 
6.464902955517406e-09.

  values, vectors = lobpcg(projected_hamiltonian, guess, largest=False,
/home/erosanow_hpc/informed_swapping/BARK.py:156: UserWarning: Exited postprocessing with accuracies 
[6.46490318e-09]
not reaching the requested tolerance 1e-09.
  values, vectors = lobpcg(projected_hamiltonian, guess, largest=False,
/home/erosanow_hpc/informed_swapping/BARK.py:156: UserWarning: Exited at iteration 50 with accuracies 
[1.37137311e-08]
not reaching the requested tolerance 1e-09.
Use iteration 51 instead with accuracy 
1.3713731084073966e-08.

  values, vectors = lobpcg(projected_hamiltonian, guess, largest=False,
/home/erosanow_hpc/informed_swapping/BARK.py:156: UserWarning: Exited postprocessing with accuracies 
[1.37137307e-08]
not reaching the requested tolerance 1e-09.
  values, vectors = lobpcg(projected_hamiltonian, guess, largest=False,
/home/erosanow_hpc/informed_swapping/BARK.py:156: UserWarning: Exited at iteration 50 with accuracies 
[9.56749031e-09]
not reaching the requested tolerance 1e-09.
Use iteration 51 instead with accuracy 
9.56749031434122e-09.

  values, vectors = lobpcg(projected_hamiltonian, guess, largest=False,
/home/erosanow_hpc/informed_swapping/BARK.py:156: UserWarning: Exited postprocessing with accuracies 
[9.56749025e-09]
not reaching the requested tolerance 1e-09.
  values, vectors = lobpcg(projected_hamiltonian, guess, largest=False,
/home/erosanow_hpc/informed_swapping/BARK.py:156: UserWarning: Exited at iteration 50 with accuracies 
[1.17229647e-08]
not reaching the requested tolerance 1e-09.
Use iteration 51 instead with accuracy 
1.1722964651257825e-08.

  values, vectors = lobpcg(projected_hamiltonian, guess, largest=False,
/home/erosanow_hpc/informed_swapping/BARK.py:156: UserWarning: Exited postprocessing with accuracies 
[1.17229644e-08]
not reaching the requested tolerance 1e-09.
  values, vectors = lobpcg(projected_hamiltonian, guess, largest=False,
/home/erosanow_hpc/informed_swapping/BARK.py:156: UserWarning: Exited at iteration 50 with accuracies 
[1.08295634e-08]
not reaching the requested tolerance 1e-09.
Use iteration 51 instead with accuracy 
1.0829563383220266e-08.

  values, vectors = lobpcg(projected_hamiltonian, guess, largest=False,
/home/erosanow_hpc/informed_swapping/BARK.py:156: UserWarning: Exited postprocessing with accuracies 
[1.08295629e-08]
not reaching the requested tolerance 1e-09.
  values, vectors = lobpcg(projected_hamiltonian, guess, largest=False,
/home/erosanow_hpc/informed_swapping/BARK.py:156: UserWarning: Exited at iteration 50 with accuracies 
[2.12163308e-08]
not reaching the requested tolerance 1e-09.
Use iteration 51 instead with accuracy 
2.1216330847915905e-08.

  values, vectors = lobpcg(projected_hamiltonian, guess, largest=False,
/home/erosanow_hpc/informed_swapping/BARK.py:156: UserWarning: Exited postprocessing with accuracies 
[2.12163311e-08]
not reaching the requested tolerance 1e-09.
  values, vectors = lobpcg(projected_hamiltonian, guess, largest=False,
/home/erosanow_hpc/informed_swapping/BARK.py:156: UserWarning: Exited at iteration 50 with accuracies 
[8.18144557e-09]
not reaching the requested tolerance 1e-09.
Use iteration 51 instead with accuracy 
8.18144557407124e-09.

  values, vectors = lobpcg(projected_hamiltonian, guess, largest=False,
/home/erosanow_hpc/informed_swapping/BARK.py:156: UserWarning: Exited postprocessing with accuracies 
[8.1814456e-09]
not reaching the requested tolerance 1e-09.
  values, vectors = lobpcg(projected_hamiltonian, guess, largest=False,
/home/erosanow_hpc/informed_swapping/BARK.py:156: UserWarning: Exited at iteration 50 with accuracies 
[1.5761352e-08]
not reaching the requested tolerance 1e-09.
Use iteration 51 instead with accuracy 
1.5761351999047665e-08.

  values, vectors = lobpcg(projected_hamiltonian, guess, largest=False,
/home/erosanow_hpc/informed_swapping/BARK.py:156: UserWarning: Exited postprocessing with accuracies 
[1.57613514e-08]
not reaching the requested tolerance 1e-09.
  values, vectors = lobpcg(projected_hamiltonian, guess, largest=False,
/home/erosanow_hpc/informed_swapping/BARK.py:156: UserWarning: Exited at iteration 50 with accuracies 
[1.57940885e-08]
not reaching the requested tolerance 1e-09.
Use iteration 51 instead with accuracy 
1.5794088491170306e-08.

  values, vectors = lobpcg(projected_hamiltonian, guess, largest=False,
/home/erosanow_hpc/informed_swapping/BARK.py:156: UserWarning: Exited postprocessing with accuracies 
[1.57940882e-08]
not reaching the requested tolerance 1e-09.
  values, vectors = lobpcg(projected_hamiltonian, guess, largest=False,
/home/erosanow_hpc/informed_swapping/BARK.py:156: UserWarning: Exited at iteration 50 with accuracies 
[2.2263866e-08]
not reaching the requested tolerance 1e-09.
Use iteration 51 instead with accuracy 
2.2263866009168824e-08.

  values, vectors = lobpcg(projected_hamiltonian, guess, largest=False,
/home/erosanow_hpc/informed_swapping/BARK.py:156: UserWarning: Exited postprocessing with accuracies 
[2.22638652e-08]
not reaching the requested tolerance 1e-09.
  values, vectors = lobpcg(projected_hamiltonian, guess, largest=False,
/home/erosanow_hpc/informed_swapping/BARK.py:156: UserWarning: Exited at iteration 50 with accuracies 
[1.23356275e-08]
not reaching the requested tolerance 1e-09.
Use iteration 51 instead with accuracy 
1.2335627471906706e-08.

  values, vectors = lobpcg(projected_hamiltonian, guess, largest=False,
/home/erosanow_hpc/informed_swapping/BARK.py:156: UserWarning: Exited postprocessing with accuracies 
[1.23356269e-08]
not reaching the requested tolerance 1e-09.
  values, vectors = lobpcg(projected_hamiltonian, guess, largest=False,
/home/erosanow_hpc/informed_swapping/BARK.py:156: UserWarning: Exited at iteration 50 with accuracies 
[2.2552228e-08]
not reaching the requested tolerance 1e-09.
Use iteration 51 instead with accuracy 
2.2552228049971383e-08.

  values, vectors = lobpcg(projected_hamiltonian, guess, largest=False,
/home/erosanow_hpc/informed_swapping/BARK.py:156: UserWarning: Exited postprocessing with accuracies 
[2.25522284e-08]
not reaching the requested tolerance 1e-09.
  values, vectors = lobpcg(projected_hamiltonian, guess, largest=False,
/home/erosanow_hpc/informed_swapping/BARK.py:156: UserWarning: Exited at iteration 50 with accuracies 
[2.09700966e-08]
not reaching the requested tolerance 1e-09.
Use iteration 51 instead with accuracy 
2.0970096632908212e-08.

  values, vectors = lobpcg(projected_hamiltonian, guess, largest=False,
/home/erosanow_hpc/informed_swapping/BARK.py:156: UserWarning: Exited postprocessing with accuracies 
[2.0970097e-08]
not reaching the requested tolerance 1e-09.
  values, vectors = lobpcg(projected_hamiltonian, guess, largest=False,
/home/erosanow_hpc/informed_swapping/BARK.py:156: UserWarning: Exited at iteration 50 with accuracies 
[3.04896208e-08]
not reaching the requested tolerance 1e-09.
Use iteration 51 instead with accuracy 
3.048962079275875e-08.

  values, vectors = lobpcg(projected_hamiltonian, guess, largest=False,
/home/erosanow_hpc/informed_swapping/BARK.py:156: UserWarning: Exited postprocessing with accuracies 
[3.04896207e-08]
not reaching the requested tolerance 1e-09.
  values, vectors = lobpcg(projected_hamiltonian, guess, largest=False,
/home/erosanow_hpc/informed_swapping/BARK.py:156: UserWarning: Exited at iteration 50 with accuracies 
[8.66333791e-09]
not reaching the requested tolerance 1e-09.
Use iteration 51 instead with accuracy 
8.663337906492817e-09.

  values, vectors = lobpcg(projected_hamiltonian, guess, largest=False,
/home/erosanow_hpc/informed_swapping/BARK.py:156: UserWarning: Exited postprocessing with accuracies 
[8.66333772e-09]
not reaching the requested tolerance 1e-09.
  values, vectors = lobpcg(projected_hamiltonian, guess, largest=False,
/home/erosanow_hpc/informed_swapping/BARK.py:156: UserWarning: Exited at iteration 50 with accuracies 
[1.67125305e-08]
not reaching the requested tolerance 1e-09.
Use iteration 51 instead with accuracy 
1.671253050370497e-08.

  values, vectors = lobpcg(projected_hamiltonian, guess, largest=False,
/home/erosanow_hpc/informed_swapping/BARK.py:156: UserWarning: Exited postprocessing with accuracies 
[1.67125313e-08]
not reaching the requested tolerance 1e-09.
  values, vectors = lobpcg(projected_hamiltonian, guess, largest=False,
/home/erosanow_hpc/informed_swapping/BARK.py:156: UserWarning: Exited at iteration 50 with accuracies 
[1.70601772e-08]
not reaching the requested tolerance 1e-09.
Use iteration 51 instead with accuracy 
1.7060177210903884e-08.

  values, vectors = lobpcg(projected_hamiltonian, guess, largest=False,
/home/erosanow_hpc/informed_swapping/BARK.py:156: UserWarning: Exited postprocessing with accuracies 
[1.70601776e-08]
not reaching the requested tolerance 1e-09.
  values, vectors = lobpcg(projected_hamiltonian, guess, largest=False,
/home/erosanow_hpc/informed_swapping/BARK.py:156: UserWarning: Exited at iteration 50 with accuracies 
[2.31223635e-08]
not reaching the requested tolerance 1e-09.
Use iteration 51 instead with accuracy 
2.3122363492667215e-08.

  values, vectors = lobpcg(projected_hamiltonian, guess, largest=False,
/home/erosanow_hpc/informed_swapping/BARK.py:156: UserWarning: Exited postprocessing with accuracies 
[2.31223636e-08]
not reaching the requested tolerance 1e-09.
  values, vectors = lobpcg(projected_hamiltonian, guess, largest=False,
/home/erosanow_hpc/informed_swapping/BARK.py:156: UserWarning: Exited at iteration 50 with accuracies 
[1.5418994e-08]
not reaching the requested tolerance 1e-09.
Use iteration 51 instead with accuracy 
1.5418993969584803e-08.

  values, vectors = lobpcg(projected_hamiltonian, guess, largest=False,
/home/erosanow_hpc/informed_swapping/BARK.py:156: UserWarning: Exited postprocessing with accuracies 
[1.54189938e-08]
not reaching the requested tolerance 1e-09.
  values, vectors = lobpcg(projected_hamiltonian, guess, largest=False,
/home/erosanow_hpc/informed_swapping/BARK.py:156: UserWarning: Exited at iteration 50 with accuracies 
[2.87684761e-08]
not reaching the requested tolerance 1e-09.
Use iteration 51 instead with accuracy 
2.8768476144780115e-08.

  values, vectors = lobpcg(projected_hamiltonian, guess, largest=False,
/home/erosanow_hpc/informed_swapping/BARK.py:156: UserWarning: Exited postprocessing with accuracies 
[2.87684762e-08]
not reaching the requested tolerance 1e-09.
  values, vectors = lobpcg(projected_hamiltonian, guess, largest=False,
/home/erosanow_hpc/informed_swapping/BARK.py:156: UserWarning: Exited at iteration 50 with accuracies 
[2.71262073e-08]
not reaching the requested tolerance 1e-09.
Use iteration 51 instead with accuracy 
2.712620727956535e-08.

  values, vectors = lobpcg(projected_hamiltonian, guess, largest=False,
/home/erosanow_hpc/informed_swapping/BARK.py:156: UserWarning: Exited postprocessing with accuracies 
[2.7126207e-08]
not reaching the requested tolerance 1e-09.
  values, vectors = lobpcg(projected_hamiltonian, guess, largest=False,
/home/erosanow_hpc/informed_swapping/BARK.py:156: UserWarning: Exited at iteration 50 with accuracies 
[3.89813153e-08]
not reaching the requested tolerance 1e-09.
Use iteration 51 instead with accuracy 
3.8981315329186704e-08.

  values, vectors = lobpcg(projected_hamiltonian, guess, largest=False,
/home/erosanow_hpc/informed_swapping/BARK.py:156: UserWarning: Exited postprocessing with accuracies 
[3.89813158e-08]
not reaching the requested tolerance 1e-09.
  values, vectors = lobpcg(projected_hamiltonian, guess, largest=False,
/home/erosanow_hpc/informed_swapping/BARK.py:156: UserWarning: Exited at iteration 50 with accuracies 
[1.8193005e-08]
not reaching the requested tolerance 1e-09.
Use iteration 51 instead with accuracy 
1.8193004982645957e-08.

  values, vectors = lobpcg(projected_hamiltonian, guess, largest=False,
/home/erosanow_hpc/informed_swapping/BARK.py:156: UserWarning: Exited postprocessing with accuracies 
[1.8193006e-08]
not reaching the requested tolerance 1e-09.
  values, vectors = lobpcg(projected_hamiltonian, guess, largest=False,
/home/erosanow_hpc/informed_swapping/BARK.py:156: UserWarning: Exited at iteration 50 with accuracies 
[2.53388239e-08]
not reaching the requested tolerance 1e-09.
Use iteration 51 instead with accuracy 
2.533882389093909e-08.

  values, vectors = lobpcg(projected_hamiltonian, guess, largest=False,
/home/erosanow_hpc/informed_swapping/BARK.py:156: UserWarning: Exited postprocessing with accuracies 
[2.53388246e-08]
not reaching the requested tolerance 1e-09.
  values, vectors = lobpcg(projected_hamiltonian, guess, largest=False,
/home/erosanow_hpc/informed_swapping/BARK.py:156: UserWarning: Exited at iteration 50 with accuracies 
[2.59767554e-08]
not reaching the requested tolerance 1e-09.
Use iteration 51 instead with accuracy 
2.597675540825386e-08.

  values, vectors = lobpcg(projected_hamiltonian, guess, largest=False,
/home/erosanow_hpc/informed_swapping/BARK.py:156: UserWarning: Exited postprocessing with accuracies 
[2.59767556e-08]
not reaching the requested tolerance 1e-09.
  values, vectors = lobpcg(projected_hamiltonian, guess, largest=False,
/home/erosanow_hpc/informed_swapping/BARK.py:156: UserWarning: Exited at iteration 50 with accuracies 
[4.58185055e-08]
not reaching the requested tolerance 1e-09.
Use iteration 51 instead with accuracy 
4.5818505476291734e-08.

  values, vectors = lobpcg(projected_hamiltonian, guess, largest=False,
/home/erosanow_hpc/informed_swapping/BARK.py:156: UserWarning: Exited postprocessing with accuracies 
[4.58185057e-08]
not reaching the requested tolerance 1e-09.
  values, vectors = lobpcg(projected_hamiltonian, guess, largest=False,
/home/erosanow_hpc/informed_swapping/BARK.py:156: UserWarning: Exited at iteration 50 with accuracies 
[2.65810321e-08]
not reaching the requested tolerance 1e-09.
Use iteration 51 instead with accuracy 
2.6581032083081708e-08.

  values, vectors = lobpcg(projected_hamiltonian, guess, largest=False,
/home/erosanow_hpc/informed_swapping/BARK.py:156: UserWarning: Exited postprocessing with accuracies 
[2.65810323e-08]
not reaching the requested tolerance 1e-09.
  values, vectors = lobpcg(projected_hamiltonian, guess, largest=False,
/home/erosanow_hpc/informed_swapping/BARK.py:156: UserWarning: Exited at iteration 50 with accuracies 
[3.80061881e-08]
not reaching the requested tolerance 1e-09.
Use iteration 51 instead with accuracy 
3.800618814093619e-08.

  values, vectors = lobpcg(projected_hamiltonian, guess, largest=False,
/home/erosanow_hpc/informed_swapping/BARK.py:156: UserWarning: Exited postprocessing with accuracies 
[3.80061879e-08]
not reaching the requested tolerance 1e-09.
  values, vectors = lobpcg(projected_hamiltonian, guess, largest=False,
/home/erosanow_hpc/informed_swapping/BARK.py:156: UserWarning: Exited at iteration 50 with accuracies 
[3.57969323e-08]
not reaching the requested tolerance 1e-09.
Use iteration 51 instead with accuracy 
3.579693234331218e-08.

  values, vectors = lobpcg(projected_hamiltonian, guess, largest=False,
/home/erosanow_hpc/informed_swapping/BARK.py:156: UserWarning: Exited postprocessing with accuracies 
[3.57969329e-08]
not reaching the requested tolerance 1e-09.
  values, vectors = lobpcg(projected_hamiltonian, guess, largest=False,
/home/erosanow_hpc/informed_swapping/BARK.py:156: UserWarning: Exited at iteration 50 with accuracies 
[6.21029082e-08]
not reaching the requested tolerance 1e-09.
Use iteration 51 instead with accuracy 
6.210290820091625e-08.

  values, vectors = lobpcg(projected_hamiltonian, guess, largest=False,
/home/erosanow_hpc/informed_swapping/BARK.py:156: UserWarning: Exited postprocessing with accuracies 
[6.21029079e-08]
not reaching the requested tolerance 1e-09.
  values, vectors = lobpcg(projected_hamiltonian, guess, largest=False,
/home/erosanow_hpc/informed_swapping/BARK.py:156: UserWarning: Exited at iteration 50 with accuracies 
[1.69365102e-09]
not reaching the requested tolerance 1e-09.
Use iteration 51 instead with accuracy 
1.693651015655873e-09.

  values, vectors = lobpcg(projected_hamiltonian, guess, largest=False,
/home/erosanow_hpc/informed_swapping/BARK.py:156: UserWarning: Exited postprocessing with accuracies 
[1.69365134e-09]
not reaching the requested tolerance 1e-09.
  values, vectors = lobpcg(projected_hamiltonian, guess, largest=False,
/home/erosanow_hpc/informed_swapping/BARK.py:156: UserWarning: Exited at iteration 50 with accuracies 
[1.63482394e-09]
not reaching the requested tolerance 1e-09.
Use iteration 51 instead with accuracy 
1.634823937435534e-09.

  values, vectors = lobpcg(projected_hamiltonian, guess, largest=False,
/home/erosanow_hpc/informed_swapping/BARK.py:156: UserWarning: Exited postprocessing with accuracies 
[1.63482409e-09]
not reaching the requested tolerance 1e-09.
  values, vectors = lobpcg(projected_hamiltonian, guess, largest=False,
/home/erosanow_hpc/informed_swapping/BARK.py:156: UserWarning: Exited at iteration 50 with accuracies 
[1.71578678e-09]
not reaching the requested tolerance 1e-09.
Use iteration 51 instead with accuracy 
1.7157867771082728e-09.

  values, vectors = lobpcg(projected_hamiltonian, guess, largest=False,
/home/erosanow_hpc/informed_swapping/BARK.py:156: UserWarning: Exited postprocessing with accuracies 
[1.71578698e-09]
not reaching the requested tolerance 1e-09.
  values, vectors = lobpcg(projected_hamiltonian, guess, largest=False,
/home/erosanow_hpc/informed_swapping/BARK.py:156: UserWarning: Exited at iteration 50 with accuracies 
[3.99391044e-09]
not reaching the requested tolerance 1e-09.
Use iteration 51 instead with accuracy 
3.993910439953186e-09.

  values, vectors = lobpcg(projected_hamiltonian, guess, largest=False,
/home/erosanow_hpc/informed_swapping/BARK.py:156: UserWarning: Exited postprocessing with accuracies 
[3.99391085e-09]
not reaching the requested tolerance 1e-09.
  values, vectors = lobpcg(projected_hamiltonian, guess, largest=False,
/home/erosanow_hpc/informed_swapping/BARK.py:156: UserWarning: Exited at iteration 50 with accuracies 
[1.72268674e-09]
not reaching the requested tolerance 1e-09.
Use iteration 51 instead with accuracy 
1.7226867439699606e-09.

  values, vectors = lobpcg(projected_hamiltonian, guess, largest=False,
/home/erosanow_hpc/informed_swapping/BARK.py:156: UserWarning: Exited postprocessing with accuracies 
[1.72268663e-09]
not reaching the requested tolerance 1e-09.
  values, vectors = lobpcg(projected_hamiltonian, guess, largest=False,
/home/erosanow_hpc/informed_swapping/BARK.py:156: UserWarning: Exited at iteration 50 with accuracies 
[4.35980649e-09]
not reaching the requested tolerance 1e-09.
Use iteration 51 instead with accuracy 
4.35980648871496e-09.

  values, vectors = lobpcg(projected_hamiltonian, guess, largest=False,
/home/erosanow_hpc/informed_swapping/BARK.py:156: UserWarning: Exited postprocessing with accuracies 
[4.3598064e-09]
not reaching the requested tolerance 1e-09.
  values, vectors = lobpcg(projected_hamiltonian, guess, largest=False,
/home/erosanow_hpc/informed_swapping/BARK.py:156: UserWarning: Exited at iteration 50 with accuracies 
[3.99468722e-09]
not reaching the requested tolerance 1e-09.
Use iteration 51 instead with accuracy 
3.9946872203530535e-09.

  values, vectors = lobpcg(projected_hamiltonian, guess, largest=False,
/home/erosanow_hpc/informed_swapping/BARK.py:156: UserWarning: Exited postprocessing with accuracies 
[3.99468725e-09]
not reaching the requested tolerance 1e-09.
  values, vectors = lobpcg(projected_hamiltonian, guess, largest=False,
/home/erosanow_hpc/informed_swapping/BARK.py:156: UserWarning: Exited at iteration 50 with accuracies 
[3.8011287e-09]
not reaching the requested tolerance 1e-09.
Use iteration 51 instead with accuracy 
3.801128695558434e-09.

  values, vectors = lobpcg(projected_hamiltonian, guess, largest=False,
/home/erosanow_hpc/informed_swapping/BARK.py:156: UserWarning: Exited postprocessing with accuracies 
[3.80112872e-09]
not reaching the requested tolerance 1e-09.
  values, vectors = lobpcg(projected_hamiltonian, guess, largest=False,
/home/erosanow_hpc/informed_swapping/BARK.py:156: UserWarning: Exited at iteration 50 with accuracies 
[1.90496094e-09]
not reaching the requested tolerance 1e-09.
Use iteration 51 instead with accuracy 
1.9049609386628324e-09.

  values, vectors = lobpcg(projected_hamiltonian, guess, largest=False,
/home/erosanow_hpc/informed_swapping/BARK.py:156: UserWarning: Exited postprocessing with accuracies 
[1.90496085e-09]
not reaching the requested tolerance 1e-09.
  values, vectors = lobpcg(projected_hamiltonian, guess, largest=False,
/home/erosanow_hpc/informed_swapping/BARK.py:156: UserWarning: Exited at iteration 50 with accuracies 
[4.74453254e-09]
not reaching the requested tolerance 1e-09.
Use iteration 51 instead with accuracy 
4.744532539435924e-09.

  values, vectors = lobpcg(projected_hamiltonian, guess, largest=False,
/home/erosanow_hpc/informed_swapping/BARK.py:156: UserWarning: Exited postprocessing with accuracies 
[4.74453236e-09]
not reaching the requested tolerance 1e-09.
  values, vectors = lobpcg(projected_hamiltonian, guess, largest=False,
/home/erosanow_hpc/informed_swapping/BARK.py:156: UserWarning: Exited at iteration 50 with accuracies 
[4.92062319e-09]
not reaching the requested tolerance 1e-09.
Use iteration 51 instead with accuracy 
4.920623188426092e-09.

  values, vectors = lobpcg(projected_hamiltonian, guess, largest=False,
/home/erosanow_hpc/informed_swapping/BARK.py:156: UserWarning: Exited postprocessing with accuracies 
[4.92062363e-09]
not reaching the requested tolerance 1e-09.
  values, vectors = lobpcg(projected_hamiltonian, guess, largest=False,
/home/erosanow_hpc/informed_swapping/BARK.py:156: UserWarning: Exited at iteration 50 with accuracies 
[4.84956066e-09]
not reaching the requested tolerance 1e-09.
Use iteration 51 instead with accuracy 
4.849560658391742e-09.

  values, vectors = lobpcg(projected_hamiltonian, guess, largest=False,
/home/erosanow_hpc/informed_swapping/BARK.py:156: UserWarning: Exited postprocessing with accuracies 
[4.8495604e-09]
not reaching the requested tolerance 1e-09.
  values, vectors = lobpcg(projected_hamiltonian, guess, largest=False,
/home/erosanow_hpc/informed_swapping/BARK.py:156: UserWarning: Exited at iteration 50 with accuracies 
[4.15475705e-09]
not reaching the requested tolerance 1e-09.
Use iteration 51 instead with accuracy 
4.154757050885989e-09.

  values, vectors = lobpcg(projected_hamiltonian, guess, largest=False,
/home/erosanow_hpc/informed_swapping/BARK.py:156: UserWarning: Exited postprocessing with accuracies 
[4.15475739e-09]
not reaching the requested tolerance 1e-09.
  values, vectors = lobpcg(projected_hamiltonian, guess, largest=False,
/home/erosanow_hpc/informed_swapping/BARK.py:156: UserWarning: Exited at iteration 50 with accuracies 
[4.24948263e-09]
not reaching the requested tolerance 1e-09.
Use iteration 51 instead with accuracy 
4.249482628108381e-09.

  values, vectors = lobpcg(projected_hamiltonian, guess, largest=False,
/home/erosanow_hpc/informed_swapping/BARK.py:156: UserWarning: Exited postprocessing with accuracies 
[4.24948259e-09]
not reaching the requested tolerance 1e-09.
  values, vectors = lobpcg(projected_hamiltonian, guess, largest=False,
/home/erosanow_hpc/informed_swapping/BARK.py:156: UserWarning: Exited at iteration 50 with accuracies 
[3.9177959e-09]
not reaching the requested tolerance 1e-09.
Use iteration 51 instead with accuracy 
3.917795901142926e-09.

  values, vectors = lobpcg(projected_hamiltonian, guess, largest=False,
/home/erosanow_hpc/informed_swapping/BARK.py:156: UserWarning: Exited postprocessing with accuracies 
[3.91779581e-09]
not reaching the requested tolerance 1e-09.
  values, vectors = lobpcg(projected_hamiltonian, guess, largest=False,
/home/erosanow_hpc/informed_swapping/BARK.py:156: UserWarning: Exited at iteration 50 with accuracies 
[9.12553193e-09]
not reaching the requested tolerance 1e-09.
Use iteration 51 instead with accuracy 
9.125531934549665e-09.

  values, vectors = lobpcg(projected_hamiltonian, guess, largest=False,
/home/erosanow_hpc/informed_swapping/BARK.py:156: UserWarning: Exited postprocessing with accuracies 
[9.12553178e-09]
not reaching the requested tolerance 1e-09.
  values, vectors = lobpcg(projected_hamiltonian, guess, largest=False,
/home/erosanow_hpc/informed_swapping/BARK.py:156: UserWarning: Exited at iteration 50 with accuracies 
[3.06969029e-09]
not reaching the requested tolerance 1e-09.
Use iteration 51 instead with accuracy 
3.069690289684966e-09.

  values, vectors = lobpcg(projected_hamiltonian, guess, largest=False,
/home/erosanow_hpc/informed_swapping/BARK.py:156: UserWarning: Exited postprocessing with accuracies 
[3.06969091e-09]
not reaching the requested tolerance 1e-09.
  values, vectors = lobpcg(projected_hamiltonian, guess, largest=False,
/home/erosanow_hpc/informed_swapping/BARK.py:156: UserWarning: Exited at iteration 50 with accuracies 
[4.48566886e-09]
not reaching the requested tolerance 1e-09.
Use iteration 51 instead with accuracy 
4.485668864662615e-09.

  values, vectors = lobpcg(projected_hamiltonian, guess, largest=False,
/home/erosanow_hpc/informed_swapping/BARK.py:156: UserWarning: Exited postprocessing with accuracies 
[4.48566931e-09]
not reaching the requested tolerance 1e-09.
  values, vectors = lobpcg(projected_hamiltonian, guess, largest=False,
/home/erosanow_hpc/informed_swapping/BARK.py:156: UserWarning: Exited at iteration 50 with accuracies 
[3.42658281e-09]
not reaching the requested tolerance 1e-09.
Use iteration 51 instead with accuracy 
3.4265828050373802e-09.

  values, vectors = lobpcg(projected_hamiltonian, guess, largest=False,
/home/erosanow_hpc/informed_swapping/BARK.py:156: UserWarning: Exited postprocessing with accuracies 
[3.42658325e-09]
not reaching the requested tolerance 1e-09.
  values, vectors = lobpcg(projected_hamiltonian, guess, largest=False,
/home/erosanow_hpc/informed_swapping/BARK.py:156: UserWarning: Exited at iteration 50 with accuracies 
[4.52074319e-09]
not reaching the requested tolerance 1e-09.
Use iteration 51 instead with accuracy 
4.520743185043309e-09.

  values, vectors = lobpcg(projected_hamiltonian, guess, largest=False,
/home/erosanow_hpc/informed_swapping/BARK.py:156: UserWarning: Exited postprocessing with accuracies 
[4.52074289e-09]
not reaching the requested tolerance 1e-09.
  values, vectors = lobpcg(projected_hamiltonian, guess, largest=False,
/home/erosanow_hpc/informed_swapping/BARK.py:156: UserWarning: Exited at iteration 50 with accuracies 
[4.67725154e-09]
not reaching the requested tolerance 1e-09.
Use iteration 51 instead with accuracy 
4.677251539245843e-09.

  values, vectors = lobpcg(projected_hamiltonian, guess, largest=False,
/home/erosanow_hpc/informed_swapping/BARK.py:156: UserWarning: Exited postprocessing with accuracies 
[4.67725198e-09]
not reaching the requested tolerance 1e-09.
  values, vectors = lobpcg(projected_hamiltonian, guess, largest=False,
/home/erosanow_hpc/informed_swapping/BARK.py:156: UserWarning: Exited at iteration 50 with accuracies 
[4.75331012e-09]
not reaching the requested tolerance 1e-09.
Use iteration 51 instead with accuracy 
4.753310117129818e-09.

  values, vectors = lobpcg(projected_hamiltonian, guess, largest=False,
/home/erosanow_hpc/informed_swapping/BARK.py:156: UserWarning: Exited postprocessing with accuracies 
[4.7533104e-09]
not reaching the requested tolerance 1e-09.
  values, vectors = lobpcg(projected_hamiltonian, guess, largest=False,
/home/erosanow_hpc/informed_swapping/BARK.py:156: UserWarning: Exited at iteration 50 with accuracies 
[5.07122716e-09]
not reaching the requested tolerance 1e-09.
Use iteration 51 instead with accuracy 
5.071227163684833e-09.

  values, vectors = lobpcg(projected_hamiltonian, guess, largest=False,
/home/erosanow_hpc/informed_swapping/BARK.py:156: UserWarning: Exited postprocessing with accuracies 
[5.07122667e-09]
not reaching the requested tolerance 1e-09.
  values, vectors = lobpcg(projected_hamiltonian, guess, largest=False,
/home/erosanow_hpc/informed_swapping/BARK.py:156: UserWarning: Exited at iteration 50 with accuracies 
[1.18579061e-08]
not reaching the requested tolerance 1e-09.
Use iteration 51 instead with accuracy 
1.1857906132045032e-08.

  values, vectors = lobpcg(projected_hamiltonian, guess, largest=False,
/home/erosanow_hpc/informed_swapping/BARK.py:156: UserWarning: Exited postprocessing with accuracies 
[1.18579059e-08]
not reaching the requested tolerance 1e-09.
  values, vectors = lobpcg(projected_hamiltonian, guess, largest=False,
/home/erosanow_hpc/informed_swapping/BARK.py:156: UserWarning: Exited at iteration 50 with accuracies 
[5.23657545e-09]
not reaching the requested tolerance 1e-09.
Use iteration 51 instead with accuracy 
5.2365754456662845e-09.

  values, vectors = lobpcg(projected_hamiltonian, guess, largest=False,
/home/erosanow_hpc/informed_swapping/BARK.py:156: UserWarning: Exited postprocessing with accuracies 
[5.23657489e-09]
not reaching the requested tolerance 1e-09.
  values, vectors = lobpcg(projected_hamiltonian, guess, largest=False,
/home/erosanow_hpc/informed_swapping/BARK.py:156: UserWarning: Exited at iteration 50 with accuracies 
[5.58237687e-09]
not reaching the requested tolerance 1e-09.
Use iteration 51 instead with accuracy 
5.5823768683335245e-09.

  values, vectors = lobpcg(projected_hamiltonian, guess, largest=False,
/home/erosanow_hpc/informed_swapping/BARK.py:156: UserWarning: Exited postprocessing with accuracies 
[5.58237673e-09]
not reaching the requested tolerance 1e-09.
  values, vectors = lobpcg(projected_hamiltonian, guess, largest=False,
/home/erosanow_hpc/informed_swapping/BARK.py:156: UserWarning: Exited at iteration 50 with accuracies 
[4.93013356e-09]
not reaching the requested tolerance 1e-09.
Use iteration 51 instead with accuracy 
4.930133563057571e-09.

  values, vectors = lobpcg(projected_hamiltonian, guess, largest=False,
/home/erosanow_hpc/informed_swapping/BARK.py:156: UserWarning: Exited postprocessing with accuracies 
[4.93013366e-09]
not reaching the requested tolerance 1e-09.
  values, vectors = lobpcg(projected_hamiltonian, guess, largest=False,
/home/erosanow_hpc/informed_swapping/BARK.py:156: UserWarning: Exited at iteration 50 with accuracies 
[1.15235624e-08]
not reaching the requested tolerance 1e-09.
Use iteration 51 instead with accuracy 
1.1523562419619317e-08.

  values, vectors = lobpcg(projected_hamiltonian, guess, largest=False,
/home/erosanow_hpc/informed_swapping/BARK.py:156: UserWarning: Exited postprocessing with accuracies 
[1.15235627e-08]
not reaching the requested tolerance 1e-09.
  values, vectors = lobpcg(projected_hamiltonian, guess, largest=False,
/home/erosanow_hpc/informed_swapping/BARK.py:156: UserWarning: Exited at iteration 50 with accuracies 
[3.94811767e-09]
not reaching the requested tolerance 1e-09.
Use iteration 51 instead with accuracy 
3.948117667987261e-09.

  values, vectors = lobpcg(projected_hamiltonian, guess, largest=False,
/home/erosanow_hpc/informed_swapping/BARK.py:156: UserWarning: Exited postprocessing with accuracies 
[3.94811799e-09]
not reaching the requested tolerance 1e-09.
  values, vectors = lobpcg(projected_hamiltonian, guess, largest=False,
/home/erosanow_hpc/informed_swapping/BARK.py:156: UserWarning: Exited at iteration 50 with accuracies 
[9.72081313e-09]
not reaching the requested tolerance 1e-09.
Use iteration 51 instead with accuracy 
9.720813127932953e-09.

  values, vectors = lobpcg(projected_hamiltonian, guess, largest=False,
/home/erosanow_hpc/informed_swapping/BARK.py:156: UserWarning: Exited postprocessing with accuracies 
[9.7208131e-09]
not reaching the requested tolerance 1e-09.
  values, vectors = lobpcg(projected_hamiltonian, guess, largest=False,
/home/erosanow_hpc/informed_swapping/BARK.py:156: UserWarning: Exited at iteration 50 with accuracies 
[1.02192174e-08]
not reaching the requested tolerance 1e-09.
Use iteration 51 instead with accuracy 
1.0219217432299128e-08.

  values, vectors = lobpcg(projected_hamiltonian, guess, largest=False,
/home/erosanow_hpc/informed_swapping/BARK.py:156: UserWarning: Exited postprocessing with accuracies 
[1.02192175e-08]
not reaching the requested tolerance 1e-09.
  values, vectors = lobpcg(projected_hamiltonian, guess, largest=False,
/home/erosanow_hpc/informed_swapping/BARK.py:156: UserWarning: Exited at iteration 50 with accuracies 
[1.20537455e-08]
not reaching the requested tolerance 1e-09.
Use iteration 51 instead with accuracy 
1.205374545979802e-08.

  values, vectors = lobpcg(projected_hamiltonian, guess, largest=False,
/home/erosanow_hpc/informed_swapping/BARK.py:156: UserWarning: Exited postprocessing with accuracies 
[1.20537455e-08]
not reaching the requested tolerance 1e-09.
  values, vectors = lobpcg(projected_hamiltonian, guess, largest=False,
/home/erosanow_hpc/informed_swapping/BARK.py:156: UserWarning: Exited at iteration 50 with accuracies 
[3.53992523e-09]
not reaching the requested tolerance 1e-09.
Use iteration 51 instead with accuracy 
3.5399252294008345e-09.

  values, vectors = lobpcg(projected_hamiltonian, guess, largest=False,
/home/erosanow_hpc/informed_swapping/BARK.py:156: UserWarning: Exited postprocessing with accuracies 
[3.53992493e-09]
not reaching the requested tolerance 1e-09.
  values, vectors = lobpcg(projected_hamiltonian, guess, largest=False,
/home/erosanow_hpc/informed_swapping/BARK.py:156: UserWarning: Exited at iteration 50 with accuracies 
[3.54624921e-09]
not reaching the requested tolerance 1e-09.
Use iteration 51 instead with accuracy 
3.5462492110369005e-09.

  values, vectors = lobpcg(projected_hamiltonian, guess, largest=False,
/home/erosanow_hpc/informed_swapping/BARK.py:156: UserWarning: Exited postprocessing with accuracies 
[3.54624989e-09]
not reaching the requested tolerance 1e-09.
  values, vectors = lobpcg(projected_hamiltonian, guess, largest=False,
/home/erosanow_hpc/informed_swapping/BARK.py:156: UserWarning: Exited at iteration 50 with accuracies 
[5.31012668e-09]
not reaching the requested tolerance 1e-09.
Use iteration 51 instead with accuracy 
5.310126678097613e-09.

  values, vectors = lobpcg(projected_hamiltonian, guess, largest=False,
/home/erosanow_hpc/informed_swapping/BARK.py:156: UserWarning: Exited postprocessing with accuracies 
[5.31012668e-09]
not reaching the requested tolerance 1e-09.
  values, vectors = lobpcg(projected_hamiltonian, guess, largest=False,
/home/erosanow_hpc/informed_swapping/BARK.py:156: UserWarning: Exited at iteration 50 with accuracies 
[5.14723762e-09]
not reaching the requested tolerance 1e-09.
Use iteration 51 instead with accuracy 
5.147237619368812e-09.

  values, vectors = lobpcg(projected_hamiltonian, guess, largest=False,
/home/erosanow_hpc/informed_swapping/BARK.py:156: UserWarning: Exited postprocessing with accuracies 
[5.14723765e-09]
not reaching the requested tolerance 1e-09.
  values, vectors = lobpcg(projected_hamiltonian, guess, largest=False,
/home/erosanow_hpc/informed_swapping/BARK.py:156: UserWarning: Exited at iteration 50 with accuracies 
[3.85310078e-09]
not reaching the requested tolerance 1e-09.
Use iteration 51 instead with accuracy 
3.853100784980583e-09.

  values, vectors = lobpcg(projected_hamiltonian, guess, largest=False,
/home/erosanow_hpc/informed_swapping/BARK.py:156: UserWarning: Exited postprocessing with accuracies 
[3.85310113e-09]
not reaching the requested tolerance 1e-09.
  values, vectors = lobpcg(projected_hamiltonian, guess, largest=False,
/home/erosanow_hpc/informed_swapping/BARK.py:156: UserWarning: Exited at iteration 50 with accuracies 
[9.46381768e-09]
not reaching the requested tolerance 1e-09.
Use iteration 51 instead with accuracy 
9.463817682218496e-09.

  values, vectors = lobpcg(projected_hamiltonian, guess, largest=False,
/home/erosanow_hpc/informed_swapping/BARK.py:156: UserWarning: Exited postprocessing with accuracies 
[9.46381726e-09]
not reaching the requested tolerance 1e-09.
  values, vectors = lobpcg(projected_hamiltonian, guess, largest=False,
/home/erosanow_hpc/informed_swapping/BARK.py:156: UserWarning: Exited at iteration 50 with accuracies 
[4.99050345e-09]
not reaching the requested tolerance 1e-09.
Use iteration 51 instead with accuracy 
4.99050345053935e-09.

  values, vectors = lobpcg(projected_hamiltonian, guess, largest=False,
/home/erosanow_hpc/informed_swapping/BARK.py:156: UserWarning: Exited postprocessing with accuracies 
[4.99050376e-09]
not reaching the requested tolerance 1e-09.
  values, vectors = lobpcg(projected_hamiltonian, guess, largest=False,
/home/erosanow_hpc/informed_swapping/BARK.py:156: UserWarning: Exited at iteration 50 with accuracies 
[1.11584295e-08]
not reaching the requested tolerance 1e-09.
Use iteration 51 instead with accuracy 
1.115842948661209e-08.

  values, vectors = lobpcg(projected_hamiltonian, guess, largest=False,
/home/erosanow_hpc/informed_swapping/BARK.py:156: UserWarning: Exited postprocessing with accuracies 
[1.11584287e-08]
not reaching the requested tolerance 1e-09.
  values, vectors = lobpcg(projected_hamiltonian, guess, largest=False,
/home/erosanow_hpc/informed_swapping/BARK.py:156: UserWarning: Exited at iteration 50 with accuracies 
[6.17844631e-09]
not reaching the requested tolerance 1e-09.
Use iteration 51 instead with accuracy 
6.1784463066346e-09.

  values, vectors = lobpcg(projected_hamiltonian, guess, largest=False,
/home/erosanow_hpc/informed_swapping/BARK.py:156: UserWarning: Exited postprocessing with accuracies 
[6.17844596e-09]
not reaching the requested tolerance 1e-09.
  values, vectors = lobpcg(projected_hamiltonian, guess, largest=False,
/home/erosanow_hpc/informed_swapping/BARK.py:156: UserWarning: Exited at iteration 50 with accuracies 
[7.01449629e-09]
not reaching the requested tolerance 1e-09.
Use iteration 51 instead with accuracy 
7.014496291615413e-09.

  values, vectors = lobpcg(projected_hamiltonian, guess, largest=False,
/home/erosanow_hpc/informed_swapping/BARK.py:156: UserWarning: Exited postprocessing with accuracies 
[7.01449632e-09]
not reaching the requested tolerance 1e-09.
  values, vectors = lobpcg(projected_hamiltonian, guess, largest=False,
/home/erosanow_hpc/informed_swapping/BARK.py:156: UserWarning: Exited at iteration 50 with accuracies 
[9.47469648e-09]
not reaching the requested tolerance 1e-09.
Use iteration 51 instead with accuracy 
9.474696479572849e-09.

  values, vectors = lobpcg(projected_hamiltonian, guess, largest=False,
/home/erosanow_hpc/informed_swapping/BARK.py:156: UserWarning: Exited postprocessing with accuracies 
[9.47469625e-09]
not reaching the requested tolerance 1e-09.
  values, vectors = lobpcg(projected_hamiltonian, guess, largest=False,
/home/erosanow_hpc/informed_swapping/BARK.py:156: UserWarning: Exited at iteration 50 with accuracies 
[1.10461356e-08]
not reaching the requested tolerance 1e-09.
Use iteration 51 instead with accuracy 
1.1046135594225684e-08.

  values, vectors = lobpcg(projected_hamiltonian, guess, largest=False,
/home/erosanow_hpc/informed_swapping/BARK.py:156: UserWarning: Exited postprocessing with accuracies 
[1.1046135e-08]
not reaching the requested tolerance 1e-09.
  values, vectors = lobpcg(projected_hamiltonian, guess, largest=False,
/home/erosanow_hpc/informed_swapping/BARK.py:156: UserWarning: Exited at iteration 50 with accuracies 
[6.56730446e-09]
not reaching the requested tolerance 1e-09.
Use iteration 51 instead with accuracy 
6.567304461124249e-09.

  values, vectors = lobpcg(projected_hamiltonian, guess, largest=False,
/home/erosanow_hpc/informed_swapping/BARK.py:156: UserWarning: Exited postprocessing with accuracies 
[6.56730397e-09]
not reaching the requested tolerance 1e-09.
  values, vectors = lobpcg(projected_hamiltonian, guess, largest=False,
/home/erosanow_hpc/informed_swapping/BARK.py:156: UserWarning: Exited at iteration 50 with accuracies 
[1.47737195e-08]
not reaching the requested tolerance 1e-09.
Use iteration 51 instead with accuracy 
1.4773719501961891e-08.

  values, vectors = lobpcg(projected_hamiltonian, guess, largest=False,
/home/erosanow_hpc/informed_swapping/BARK.py:156: UserWarning: Exited postprocessing with accuracies 
[1.47737191e-08]
not reaching the requested tolerance 1e-09.
  values, vectors = lobpcg(projected_hamiltonian, guess, largest=False,
/home/erosanow_hpc/informed_swapping/BARK.py:156: UserWarning: Exited at iteration 50 with accuracies 
[8.61726342e-09]
not reaching the requested tolerance 1e-09.
Use iteration 51 instead with accuracy 
8.617263415301715e-09.

  values, vectors = lobpcg(projected_hamiltonian, guess, largest=False,
/home/erosanow_hpc/informed_swapping/BARK.py:156: UserWarning: Exited postprocessing with accuracies 
[8.61726384e-09]
not reaching the requested tolerance 1e-09.
  values, vectors = lobpcg(projected_hamiltonian, guess, largest=False,
/home/erosanow_hpc/informed_swapping/BARK.py:156: UserWarning: Exited at iteration 50 with accuracies 
[1.75503482e-08]
not reaching the requested tolerance 1e-09.
Use iteration 51 instead with accuracy 
1.7550348249892173e-08.

  values, vectors = lobpcg(projected_hamiltonian, guess, largest=False,
/home/erosanow_hpc/informed_swapping/BARK.py:156: UserWarning: Exited postprocessing with accuracies 
[1.75503476e-08]
not reaching the requested tolerance 1e-09.
  values, vectors = lobpcg(projected_hamiltonian, guess, largest=False,
/home/erosanow_hpc/informed_swapping/BARK.py:156: UserWarning: Exited at iteration 50 with accuracies 
[5.69639248e-09]
not reaching the requested tolerance 1e-09.
Use iteration 51 instead with accuracy 
5.696392475864205e-09.

  values, vectors = lobpcg(projected_hamiltonian, guess, largest=False,
/home/erosanow_hpc/informed_swapping/BARK.py:156: UserWarning: Exited postprocessing with accuracies 
[5.69639176e-09]
not reaching the requested tolerance 1e-09.
  values, vectors = lobpcg(projected_hamiltonian, guess, largest=False,
/home/erosanow_hpc/informed_swapping/BARK.py:156: UserWarning: Exited at iteration 50 with accuracies 
[8.38443354e-09]
not reaching the requested tolerance 1e-09.
Use iteration 51 instead with accuracy 
8.38443354092998e-09.

  values, vectors = lobpcg(projected_hamiltonian, guess, largest=False,
/home/erosanow_hpc/informed_swapping/BARK.py:156: UserWarning: Exited postprocessing with accuracies 
[8.38443317e-09]
not reaching the requested tolerance 1e-09.
  values, vectors = lobpcg(projected_hamiltonian, guess, largest=False,
/home/erosanow_hpc/informed_swapping/BARK.py:156: UserWarning: Exited at iteration 50 with accuracies 
[7.10710166e-09]
not reaching the requested tolerance 1e-09.
Use iteration 51 instead with accuracy 
7.10710165609579e-09.

  values, vectors = lobpcg(projected_hamiltonian, guess, largest=False,
/home/erosanow_hpc/informed_swapping/BARK.py:156: UserWarning: Exited postprocessing with accuracies 
[7.10710166e-09]
not reaching the requested tolerance 1e-09.
  values, vectors = lobpcg(projected_hamiltonian, guess, largest=False,
/home/erosanow_hpc/informed_swapping/BARK.py:156: UserWarning: Exited at iteration 50 with accuracies 
[9.72402238e-09]
not reaching the requested tolerance 1e-09.
Use iteration 51 instead with accuracy 
9.72402238227008e-09.

  values, vectors = lobpcg(projected_hamiltonian, guess, largest=False,
/home/erosanow_hpc/informed_swapping/BARK.py:156: UserWarning: Exited postprocessing with accuracies 
[9.72402218e-09]
not reaching the requested tolerance 1e-09.
  values, vectors = lobpcg(projected_hamiltonian, guess, largest=False,
/home/erosanow_hpc/informed_swapping/BARK.py:156: UserWarning: Exited at iteration 50 with accuracies 
[8.73961542e-09]
not reaching the requested tolerance 1e-09.
Use iteration 51 instead with accuracy 
8.739615423339684e-09.

  values, vectors = lobpcg(projected_hamiltonian, guess, largest=False,
/home/erosanow_hpc/informed_swapping/BARK.py:156: UserWarning: Exited postprocessing with accuracies 
[8.73961588e-09]
not reaching the requested tolerance 1e-09.
  values, vectors = lobpcg(projected_hamiltonian, guess, largest=False,
/home/erosanow_hpc/informed_swapping/BARK.py:156: UserWarning: Exited at iteration 50 with accuracies 
[1.03051133e-08]
not reaching the requested tolerance 1e-09.
Use iteration 51 instead with accuracy 
1.0305113288887914e-08.

  values, vectors = lobpcg(projected_hamiltonian, guess, largest=False,
/home/erosanow_hpc/informed_swapping/BARK.py:156: UserWarning: Exited postprocessing with accuracies 
[1.03051142e-08]
not reaching the requested tolerance 1e-09.
  values, vectors = lobpcg(projected_hamiltonian, guess, largest=False,
/home/erosanow_hpc/informed_swapping/BARK.py:156: UserWarning: Exited at iteration 50 with accuracies 
[1.09404228e-08]
not reaching the requested tolerance 1e-09.
Use iteration 51 instead with accuracy 
1.0940422761439548e-08.

  values, vectors = lobpcg(projected_hamiltonian, guess, largest=False,
/home/erosanow_hpc/informed_swapping/BARK.py:156: UserWarning: Exited postprocessing with accuracies 
[1.09404231e-08]
not reaching the requested tolerance 1e-09.
  values, vectors = lobpcg(projected_hamiltonian, guess, largest=False,
/home/erosanow_hpc/informed_swapping/BARK.py:156: UserWarning: Exited at iteration 50 with accuracies 
[2.2541078e-08]
not reaching the requested tolerance 1e-09.
Use iteration 51 instead with accuracy 
2.2541077956533814e-08.

  values, vectors = lobpcg(projected_hamiltonian, guess, largest=False,
/home/erosanow_hpc/informed_swapping/BARK.py:156: UserWarning: Exited postprocessing with accuracies 
[2.25410781e-08]
not reaching the requested tolerance 1e-09.
  values, vectors = lobpcg(projected_hamiltonian, guess, largest=False,
/home/erosanow_hpc/informed_swapping/BARK.py:156: UserWarning: Exited at iteration 50 with accuracies 
[1.14975928e-08]
not reaching the requested tolerance 1e-09.
Use iteration 51 instead with accuracy 
1.1497592800523737e-08.

  values, vectors = lobpcg(projected_hamiltonian, guess, largest=False,
/home/erosanow_hpc/informed_swapping/BARK.py:156: UserWarning: Exited postprocessing with accuracies 
[1.1497592e-08]
not reaching the requested tolerance 1e-09.
  values, vectors = lobpcg(projected_hamiltonian, guess, largest=False,
/home/erosanow_hpc/informed_swapping/BARK.py:156: UserWarning: Exited at iteration 50 with accuracies 
[1.43836939e-08]
not reaching the requested tolerance 1e-09.
Use iteration 51 instead with accuracy 
1.4383693927062416e-08.

  values, vectors = lobpcg(projected_hamiltonian, guess, largest=False,
/home/erosanow_hpc/informed_swapping/BARK.py:156: UserWarning: Exited postprocessing with accuracies 
[1.4383693e-08]
not reaching the requested tolerance 1e-09.
  values, vectors = lobpcg(projected_hamiltonian, guess, largest=False,
/home/erosanow_hpc/informed_swapping/BARK.py:156: UserWarning: Exited at iteration 50 with accuracies 
[1.31312114e-08]
not reaching the requested tolerance 1e-09.
Use iteration 51 instead with accuracy 
1.3131211394093101e-08.

  values, vectors = lobpcg(projected_hamiltonian, guess, largest=False,
/home/erosanow_hpc/informed_swapping/BARK.py:156: UserWarning: Exited postprocessing with accuracies 
[1.31312111e-08]
not reaching the requested tolerance 1e-09.
  values, vectors = lobpcg(projected_hamiltonian, guess, largest=False,
/home/erosanow_hpc/informed_swapping/BARK.py:156: UserWarning: Exited at iteration 50 with accuracies 
[2.63990904e-08]
not reaching the requested tolerance 1e-09.
Use iteration 51 instead with accuracy 
2.6399090428561256e-08.

  values, vectors = lobpcg(projected_hamiltonian, guess, largest=False,
/home/erosanow_hpc/informed_swapping/BARK.py:156: UserWarning: Exited postprocessing with accuracies 
[2.63990906e-08]
not reaching the requested tolerance 1e-09.
  values, vectors = lobpcg(projected_hamiltonian, guess, largest=False,
/home/erosanow_hpc/informed_swapping/BARK.py:156: UserWarning: Exited at iteration 50 with accuracies 
[1.07241647e-08]
not reaching the requested tolerance 1e-09.
Use iteration 51 instead with accuracy 
1.0724164676562132e-08.

  values, vectors = lobpcg(projected_hamiltonian, guess, largest=False,
/home/erosanow_hpc/informed_swapping/BARK.py:156: UserWarning: Exited postprocessing with accuracies 
[1.0724165e-08]
not reaching the requested tolerance 1e-09.
  values, vectors = lobpcg(projected_hamiltonian, guess, largest=False,
/home/erosanow_hpc/informed_swapping/BARK.py:156: UserWarning: Exited at iteration 50 with accuracies 
[2.23179706e-08]
not reaching the requested tolerance 1e-09.
Use iteration 51 instead with accuracy 
2.231797062166896e-08.

  values, vectors = lobpcg(projected_hamiltonian, guess, largest=False,
/home/erosanow_hpc/informed_swapping/BARK.py:156: UserWarning: Exited postprocessing with accuracies 
[2.23179706e-08]
not reaching the requested tolerance 1e-09.
  values, vectors = lobpcg(projected_hamiltonian, guess, largest=False,
/home/erosanow_hpc/informed_swapping/BARK.py:156: UserWarning: Exited at iteration 50 with accuracies 
[2.37280364e-08]
not reaching the requested tolerance 1e-09.
Use iteration 51 instead with accuracy 
2.3728036443040736e-08.

  values, vectors = lobpcg(projected_hamiltonian, guess, largest=False,
/home/erosanow_hpc/informed_swapping/BARK.py:156: UserWarning: Exited postprocessing with accuracies 
[2.37280364e-08]
not reaching the requested tolerance 1e-09.
  values, vectors = lobpcg(projected_hamiltonian, guess, largest=False,
/home/erosanow_hpc/informed_swapping/BARK.py:156: UserWarning: Exited at iteration 50 with accuracies 
[3.15720384e-08]
not reaching the requested tolerance 1e-09.
Use iteration 51 instead with accuracy 
3.157203836414816e-08.

  values, vectors = lobpcg(projected_hamiltonian, guess, largest=False,
/home/erosanow_hpc/informed_swapping/BARK.py:156: UserWarning: Exited postprocessing with accuracies 
[3.15720387e-08]
not reaching the requested tolerance 1e-09.
  values, vectors = lobpcg(projected_hamiltonian, guess, largest=False,
/home/erosanow_hpc/informed_swapping/BARK.py:156: UserWarning: Exited at iteration 50 with accuracies 
[2.63952491e-09]
not reaching the requested tolerance 1e-09.
Use iteration 51 instead with accuracy 
2.6395249128014417e-09.

  values, vectors = lobpcg(projected_hamiltonian, guess, largest=False,
/home/erosanow_hpc/informed_swapping/BARK.py:156: UserWarning: Exited postprocessing with accuracies 
[2.63952491e-09]
not reaching the requested tolerance 1e-09.
  values, vectors = lobpcg(projected_hamiltonian, guess, largest=False,
/home/erosanow_hpc/informed_swapping/BARK.py:156: UserWarning: Exited at iteration 50 with accuracies 
[6.32076145e-09]
not reaching the requested tolerance 1e-09.
Use iteration 51 instead with accuracy 
6.320761446797985e-09.

  values, vectors = lobpcg(projected_hamiltonian, guess, largest=False,
/home/erosanow_hpc/informed_swapping/BARK.py:156: UserWarning: Exited postprocessing with accuracies 
[6.32076137e-09]
not reaching the requested tolerance 1e-09.
  values, vectors = lobpcg(projected_hamiltonian, guess, largest=False,
/home/erosanow_hpc/informed_swapping/BARK.py:156: UserWarning: Exited at iteration 50 with accuracies 
[6.25257095e-09]
not reaching the requested tolerance 1e-09.
Use iteration 51 instead with accuracy 
6.252570945028827e-09.

  values, vectors = lobpcg(projected_hamiltonian, guess, largest=False,
/home/erosanow_hpc/informed_swapping/BARK.py:156: UserWarning: Exited postprocessing with accuracies 
[6.25257021e-09]
not reaching the requested tolerance 1e-09.
  values, vectors = lobpcg(projected_hamiltonian, guess, largest=False,
/home/erosanow_hpc/informed_swapping/BARK.py:156: UserWarning: Exited at iteration 50 with accuracies 
[6.91828867e-09]
not reaching the requested tolerance 1e-09.
Use iteration 51 instead with accuracy 
6.9182886674147985e-09.

  values, vectors = lobpcg(projected_hamiltonian, guess, largest=False,
/home/erosanow_hpc/informed_swapping/BARK.py:156: UserWarning: Exited postprocessing with accuracies 
[6.91828902e-09]
not reaching the requested tolerance 1e-09.
  values, vectors = lobpcg(projected_hamiltonian, guess, largest=False,
/home/erosanow_hpc/informed_swapping/BARK.py:156: UserWarning: Exited at iteration 50 with accuracies 
[6.48938747e-09]
not reaching the requested tolerance 1e-09.
Use iteration 51 instead with accuracy 
6.489387470763942e-09.

  values, vectors = lobpcg(projected_hamiltonian, guess, largest=False,
/home/erosanow_hpc/informed_swapping/BARK.py:156: UserWarning: Exited postprocessing with accuracies 
[6.48938736e-09]
not reaching the requested tolerance 1e-09.
  values, vectors = lobpcg(projected_hamiltonian, guess, largest=False,
/home/erosanow_hpc/informed_swapping/BARK.py:156: UserWarning: Exited at iteration 50 with accuracies 
[7.6161811e-09]
not reaching the requested tolerance 1e-09.
Use iteration 51 instead with accuracy 
7.616181098762427e-09.

  values, vectors = lobpcg(projected_hamiltonian, guess, largest=False,
/home/erosanow_hpc/informed_swapping/BARK.py:156: UserWarning: Exited postprocessing with accuracies 
[7.61618109e-09]
not reaching the requested tolerance 1e-09.
  values, vectors = lobpcg(projected_hamiltonian, guess, largest=False,
/home/erosanow_hpc/informed_swapping/BARK.py:156: UserWarning: Exited at iteration 50 with accuracies 
[7.2249222e-09]
not reaching the requested tolerance 1e-09.
Use iteration 51 instead with accuracy 
7.224922195013501e-09.

  values, vectors = lobpcg(projected_hamiltonian, guess, largest=False,
/home/erosanow_hpc/informed_swapping/BARK.py:156: UserWarning: Exited postprocessing with accuracies 
[7.2249227e-09]
not reaching the requested tolerance 1e-09.
  values, vectors = lobpcg(projected_hamiltonian, guess, largest=False,
/home/erosanow_hpc/informed_swapping/BARK.py:156: UserWarning: Exited at iteration 50 with accuracies 
[1.48217194e-08]
not reaching the requested tolerance 1e-09.
Use iteration 51 instead with accuracy 
1.4821719351545795e-08.

  values, vectors = lobpcg(projected_hamiltonian, guess, largest=False,
/home/erosanow_hpc/informed_swapping/BARK.py:156: UserWarning: Exited postprocessing with accuracies 
[1.48217196e-08]
not reaching the requested tolerance 1e-09.
  values, vectors = lobpcg(projected_hamiltonian, guess, largest=False,
/home/erosanow_hpc/informed_swapping/BARK.py:156: UserWarning: Exited at iteration 50 with accuracies 
[4.72296324e-09]
not reaching the requested tolerance 1e-09.
Use iteration 51 instead with accuracy 
4.72296324209155e-09.

  values, vectors = lobpcg(projected_hamiltonian, guess, largest=False,
/home/erosanow_hpc/informed_swapping/BARK.py:156: UserWarning: Exited postprocessing with accuracies 
[4.72296352e-09]
not reaching the requested tolerance 1e-09.
  values, vectors = lobpcg(projected_hamiltonian, guess, largest=False,
/home/erosanow_hpc/informed_swapping/BARK.py:156: UserWarning: Exited at iteration 50 with accuracies 
[1.1320169e-08]
not reaching the requested tolerance 1e-09.
Use iteration 51 instead with accuracy 
1.1320169037611427e-08.

  values, vectors = lobpcg(projected_hamiltonian, guess, largest=False,
/home/erosanow_hpc/informed_swapping/BARK.py:156: UserWarning: Exited postprocessing with accuracies 
[1.1320169e-08]
not reaching the requested tolerance 1e-09.
  values, vectors = lobpcg(projected_hamiltonian, guess, largest=False,
/home/erosanow_hpc/informed_swapping/BARK.py:156: UserWarning: Exited at iteration 50 with accuracies 
[1.13231246e-08]
not reaching the requested tolerance 1e-09.
Use iteration 51 instead with accuracy 
1.1323124631822699e-08.

  values, vectors = lobpcg(projected_hamiltonian, guess, largest=False,
/home/erosanow_hpc/informed_swapping/BARK.py:156: UserWarning: Exited postprocessing with accuracies 
[1.13231244e-08]
not reaching the requested tolerance 1e-09.
  values, vectors = lobpcg(projected_hamiltonian, guess, largest=False,
/home/erosanow_hpc/informed_swapping/BARK.py:156: UserWarning: Exited at iteration 50 with accuracies 
[1.38938238e-08]
not reaching the requested tolerance 1e-09.
Use iteration 51 instead with accuracy 
1.3893823776575638e-08.

  values, vectors = lobpcg(projected_hamiltonian, guess, largest=False,
/home/erosanow_hpc/informed_swapping/BARK.py:156: UserWarning: Exited postprocessing with accuracies 
[1.38938236e-08]
not reaching the requested tolerance 1e-09.
  values, vectors = lobpcg(projected_hamiltonian, guess, largest=False,
/home/erosanow_hpc/informed_swapping/BARK.py:156: UserWarning: Exited at iteration 50 with accuracies 
[9.5182915e-09]
not reaching the requested tolerance 1e-09.
Use iteration 51 instead with accuracy 
9.518291496769946e-09.

  values, vectors = lobpcg(projected_hamiltonian, guess, largest=False,
/home/erosanow_hpc/informed_swapping/BARK.py:156: UserWarning: Exited postprocessing with accuracies 
[9.51829152e-09]
not reaching the requested tolerance 1e-09.
  values, vectors = lobpcg(projected_hamiltonian, guess, largest=False,
/home/erosanow_hpc/informed_swapping/BARK.py:156: UserWarning: Exited at iteration 50 with accuracies 
[1.19819353e-08]
not reaching the requested tolerance 1e-09.
Use iteration 51 instead with accuracy 
1.1981935330269029e-08.

  values, vectors = lobpcg(projected_hamiltonian, guess, largest=False,
/home/erosanow_hpc/informed_swapping/BARK.py:156: UserWarning: Exited postprocessing with accuracies 
[1.19819356e-08]
not reaching the requested tolerance 1e-09.
  values, vectors = lobpcg(projected_hamiltonian, guess, largest=False,
/home/erosanow_hpc/informed_swapping/BARK.py:156: UserWarning: Exited at iteration 50 with accuracies 
[1.13615981e-08]
not reaching the requested tolerance 1e-09.
Use iteration 51 instead with accuracy 
1.1361598064338739e-08.

  values, vectors = lobpcg(projected_hamiltonian, guess, largest=False,
/home/erosanow_hpc/informed_swapping/BARK.py:156: UserWarning: Exited postprocessing with accuracies 
[1.13615983e-08]
not reaching the requested tolerance 1e-09.
  values, vectors = lobpcg(projected_hamiltonian, guess, largest=False,
/home/erosanow_hpc/informed_swapping/BARK.py:156: UserWarning: Exited at iteration 50 with accuracies 
[2.22146736e-08]
not reaching the requested tolerance 1e-09.
Use iteration 51 instead with accuracy 
2.221467360704391e-08.

  values, vectors = lobpcg(projected_hamiltonian, guess, largest=False,
/home/erosanow_hpc/informed_swapping/BARK.py:156: UserWarning: Exited postprocessing with accuracies 
[2.22146738e-08]
not reaching the requested tolerance 1e-09.
  values, vectors = lobpcg(projected_hamiltonian, guess, largest=False,
/home/erosanow_hpc/informed_swapping/BARK.py:156: UserWarning: Exited at iteration 50 with accuracies 
[7.12858519e-09]
not reaching the requested tolerance 1e-09.
Use iteration 51 instead with accuracy 
7.128585189488994e-09.

  values, vectors = lobpcg(projected_hamiltonian, guess, largest=False,
/home/erosanow_hpc/informed_swapping/BARK.py:156: UserWarning: Exited postprocessing with accuracies 
[7.12858482e-09]
not reaching the requested tolerance 1e-09.
  values, vectors = lobpcg(projected_hamiltonian, guess, largest=False,
/home/erosanow_hpc/informed_swapping/BARK.py:156: UserWarning: Exited at iteration 50 with accuracies 
[8.02774145e-09]
not reaching the requested tolerance 1e-09.
Use iteration 51 instead with accuracy 
8.027741447019505e-09.

  values, vectors = lobpcg(projected_hamiltonian, guess, largest=False,
/home/erosanow_hpc/informed_swapping/BARK.py:156: UserWarning: Exited postprocessing with accuracies 
[8.02774181e-09]
not reaching the requested tolerance 1e-09.
  values, vectors = lobpcg(projected_hamiltonian, guess, largest=False,
/home/erosanow_hpc/informed_swapping/BARK.py:156: UserWarning: Exited at iteration 50 with accuracies 
[7.98644291e-09]
not reaching the requested tolerance 1e-09.
Use iteration 51 instead with accuracy 
7.98644291398559e-09.

  values, vectors = lobpcg(projected_hamiltonian, guess, largest=False,
/home/erosanow_hpc/informed_swapping/BARK.py:156: UserWarning: Exited postprocessing with accuracies 
[7.98644268e-09]
not reaching the requested tolerance 1e-09.
  values, vectors = lobpcg(projected_hamiltonian, guess, largest=False,
/home/erosanow_hpc/informed_swapping/BARK.py:156: UserWarning: Exited at iteration 50 with accuracies 
[1.69292326e-08]
not reaching the requested tolerance 1e-09.
Use iteration 51 instead with accuracy 
1.6929232648594575e-08.

  values, vectors = lobpcg(projected_hamiltonian, guess, largest=False,
/home/erosanow_hpc/informed_swapping/BARK.py:156: UserWarning: Exited postprocessing with accuracies 
[1.69292328e-08]
not reaching the requested tolerance 1e-09.
  values, vectors = lobpcg(projected_hamiltonian, guess, largest=False,
/home/erosanow_hpc/informed_swapping/BARK.py:156: UserWarning: Exited at iteration 50 with accuracies 
[8.79617987e-09]
not reaching the requested tolerance 1e-09.
Use iteration 51 instead with accuracy 
8.796179868296729e-09.

  values, vectors = lobpcg(projected_hamiltonian, guess, largest=False,
/home/erosanow_hpc/informed_swapping/BARK.py:156: UserWarning: Exited postprocessing with accuracies 
[8.7961796e-09]
not reaching the requested tolerance 1e-09.
  values, vectors = lobpcg(projected_hamiltonian, guess, largest=False,
/home/erosanow_hpc/informed_swapping/BARK.py:156: UserWarning: Exited at iteration 50 with accuracies 
[1.80212134e-08]
not reaching the requested tolerance 1e-09.
Use iteration 51 instead with accuracy 
1.8021213410877483e-08.

  values, vectors = lobpcg(projected_hamiltonian, guess, largest=False,
/home/erosanow_hpc/informed_swapping/BARK.py:156: UserWarning: Exited postprocessing with accuracies 
[1.8021214e-08]
not reaching the requested tolerance 1e-09.
  values, vectors = lobpcg(projected_hamiltonian, guess, largest=False,
/home/erosanow_hpc/informed_swapping/BARK.py:156: UserWarning: Exited at iteration 50 with accuracies 
[1.69421571e-08]
not reaching the requested tolerance 1e-09.
Use iteration 51 instead with accuracy 
1.6942157119259176e-08.

  values, vectors = lobpcg(projected_hamiltonian, guess, largest=False,
/home/erosanow_hpc/informed_swapping/BARK.py:156: UserWarning: Exited postprocessing with accuracies 
[1.69421567e-08]
not reaching the requested tolerance 1e-09.
  values, vectors = lobpcg(projected_hamiltonian, guess, largest=False,
/home/erosanow_hpc/informed_swapping/BARK.py:156: UserWarning: Exited at iteration 50 with accuracies 
[2.25971719e-08]
not reaching the requested tolerance 1e-09.
Use iteration 51 instead with accuracy 
2.2597171905530626e-08.

  values, vectors = lobpcg(projected_hamiltonian, guess, largest=False,
/home/erosanow_hpc/informed_swapping/BARK.py:156: UserWarning: Exited postprocessing with accuracies 
[2.25971718e-08]
not reaching the requested tolerance 1e-09.
  values, vectors = lobpcg(projected_hamiltonian, guess, largest=False,
/home/erosanow_hpc/informed_swapping/BARK.py:156: UserWarning: Exited at iteration 50 with accuracies 
[1.2784352e-08]
not reaching the requested tolerance 1e-09.
Use iteration 51 instead with accuracy 
1.2784352016109045e-08.

  values, vectors = lobpcg(projected_hamiltonian, guess, largest=False,
/home/erosanow_hpc/informed_swapping/BARK.py:156: UserWarning: Exited postprocessing with accuracies 
[1.27843516e-08]
not reaching the requested tolerance 1e-09.
  values, vectors = lobpcg(projected_hamiltonian, guess, largest=False,
/home/erosanow_hpc/informed_swapping/BARK.py:156: UserWarning: Exited at iteration 50 with accuracies 
[1.58045678e-08]
not reaching the requested tolerance 1e-09.
Use iteration 51 instead with accuracy 
1.580456782197386e-08.

  values, vectors = lobpcg(projected_hamiltonian, guess, largest=False,
/home/erosanow_hpc/informed_swapping/BARK.py:156: UserWarning: Exited postprocessing with accuracies 
[1.58045679e-08]
not reaching the requested tolerance 1e-09.
  values, vectors = lobpcg(projected_hamiltonian, guess, largest=False,
/home/erosanow_hpc/informed_swapping/BARK.py:156: UserWarning: Exited at iteration 50 with accuracies 
[1.58838287e-08]
not reaching the requested tolerance 1e-09.
Use iteration 51 instead with accuracy 
1.588382870023872e-08.

  values, vectors = lobpcg(projected_hamiltonian, guess, largest=False,
/home/erosanow_hpc/informed_swapping/BARK.py:156: UserWarning: Exited postprocessing with accuracies 
[1.58838288e-08]
not reaching the requested tolerance 1e-09.
  values, vectors = lobpcg(projected_hamiltonian, guess, largest=False,
/home/erosanow_hpc/informed_swapping/BARK.py:156: UserWarning: Exited at iteration 50 with accuracies 
[3.20280344e-08]
not reaching the requested tolerance 1e-09.
Use iteration 51 instead with accuracy 
3.2028034433599215e-08.

  values, vectors = lobpcg(projected_hamiltonian, guess, largest=False,
/home/erosanow_hpc/informed_swapping/BARK.py:156: UserWarning: Exited postprocessing with accuracies 
[3.20280346e-08]
not reaching the requested tolerance 1e-09.
  values, vectors = lobpcg(projected_hamiltonian, guess, largest=False,
/home/erosanow_hpc/informed_swapping/BARK.py:156: UserWarning: Exited at iteration 50 with accuracies 
[1.41125029e-08]
not reaching the requested tolerance 1e-09.
Use iteration 51 instead with accuracy 
1.4112502912749241e-08.

  values, vectors = lobpcg(projected_hamiltonian, guess, largest=False,
/home/erosanow_hpc/informed_swapping/BARK.py:156: UserWarning: Exited postprocessing with accuracies 
[1.41125026e-08]
not reaching the requested tolerance 1e-09.
  values, vectors = lobpcg(projected_hamiltonian, guess, largest=False,
/home/erosanow_hpc/informed_swapping/BARK.py:156: UserWarning: Exited at iteration 50 with accuracies 
[2.71987967e-08]
not reaching the requested tolerance 1e-09.
Use iteration 51 instead with accuracy 
2.7198796654645006e-08.

  values, vectors = lobpcg(projected_hamiltonian, guess, largest=False,
/home/erosanow_hpc/informed_swapping/BARK.py:156: UserWarning: Exited postprocessing with accuracies 
[2.71987964e-08]
not reaching the requested tolerance 1e-09.
  values, vectors = lobpcg(projected_hamiltonian, guess, largest=False,
/home/erosanow_hpc/informed_swapping/BARK.py:156: UserWarning: Exited at iteration 50 with accuracies 
[2.55691008e-08]
not reaching the requested tolerance 1e-09.
Use iteration 51 instead with accuracy 
2.5569100789727255e-08.

  values, vectors = lobpcg(projected_hamiltonian, guess, largest=False,
/home/erosanow_hpc/informed_swapping/BARK.py:156: UserWarning: Exited postprocessing with accuracies 
[2.55691013e-08]
not reaching the requested tolerance 1e-09.
  values, vectors = lobpcg(projected_hamiltonian, guess, largest=False,
/home/erosanow_hpc/informed_swapping/BARK.py:156: UserWarning: Exited at iteration 50 with accuracies 
[3.56923835e-08]
not reaching the requested tolerance 1e-09.
Use iteration 51 instead with accuracy 
3.569238350048046e-08.

  values, vectors = lobpcg(projected_hamiltonian, guess, largest=False,
/home/erosanow_hpc/informed_swapping/BARK.py:156: UserWarning: Exited postprocessing with accuracies 
[3.56923835e-08]
not reaching the requested tolerance 1e-09.
  values, vectors = lobpcg(projected_hamiltonian, guess, largest=False,
/home/erosanow_hpc/informed_swapping/BARK.py:156: UserWarning: Exited at iteration 50 with accuracies 
[5.69551106e-09]
not reaching the requested tolerance 1e-09.
Use iteration 51 instead with accuracy 
5.69551105897323e-09.

  values, vectors = lobpcg(projected_hamiltonian, guess, largest=False,
/home/erosanow_hpc/informed_swapping/BARK.py:156: UserWarning: Exited postprocessing with accuracies 
[5.69551086e-09]
not reaching the requested tolerance 1e-09.
  values, vectors = lobpcg(projected_hamiltonian, guess, largest=False,
/home/erosanow_hpc/informed_swapping/BARK.py:156: UserWarning: Exited at iteration 50 with accuracies 
[1.12695963e-08]
not reaching the requested tolerance 1e-09.
Use iteration 51 instead with accuracy 
1.1269596260023702e-08.

  values, vectors = lobpcg(projected_hamiltonian, guess, largest=False,
/home/erosanow_hpc/informed_swapping/BARK.py:156: UserWarning: Exited postprocessing with accuracies 
[1.12695962e-08]
not reaching the requested tolerance 1e-09.
  values, vectors = lobpcg(projected_hamiltonian, guess, largest=False,
/home/erosanow_hpc/informed_swapping/BARK.py:156: UserWarning: Exited at iteration 50 with accuracies 
[1.09638556e-08]
not reaching the requested tolerance 1e-09.
Use iteration 51 instead with accuracy 
1.0963855569527414e-08.

  values, vectors = lobpcg(projected_hamiltonian, guess, largest=False,
/home/erosanow_hpc/informed_swapping/BARK.py:156: UserWarning: Exited postprocessing with accuracies 
[1.09638555e-08]
not reaching the requested tolerance 1e-09.
  values, vectors = lobpcg(projected_hamiltonian, guess, largest=False,
/home/erosanow_hpc/informed_swapping/BARK.py:156: UserWarning: Exited at iteration 50 with accuracies 
[1.6220676e-08]
not reaching the requested tolerance 1e-09.
Use iteration 51 instead with accuracy 
1.622067595478743e-08.

  values, vectors = lobpcg(projected_hamiltonian, guess, largest=False,
/home/erosanow_hpc/informed_swapping/BARK.py:156: UserWarning: Exited postprocessing with accuracies 
[1.62206762e-08]
not reaching the requested tolerance 1e-09.
  values, vectors = lobpcg(projected_hamiltonian, guess, largest=False,
/home/erosanow_hpc/informed_swapping/BARK.py:156: UserWarning: Exited at iteration 50 with accuracies 
[1.26245594e-08]
not reaching the requested tolerance 1e-09.
Use iteration 51 instead with accuracy 
1.262455938041476e-08.

  values, vectors = lobpcg(projected_hamiltonian, guess, largest=False,
/home/erosanow_hpc/informed_swapping/BARK.py:156: UserWarning: Exited postprocessing with accuracies 
[1.26245598e-08]
not reaching the requested tolerance 1e-09.
  values, vectors = lobpcg(projected_hamiltonian, guess, largest=False,
/home/erosanow_hpc/informed_swapping/BARK.py:156: UserWarning: Exited at iteration 50 with accuracies 
[1.60425819e-08]
not reaching the requested tolerance 1e-09.
Use iteration 51 instead with accuracy 
1.6042581898121563e-08.

  values, vectors = lobpcg(projected_hamiltonian, guess, largest=False,
/home/erosanow_hpc/informed_swapping/BARK.py:156: UserWarning: Exited postprocessing with accuracies 
[1.60425813e-08]
not reaching the requested tolerance 1e-09.
  values, vectors = lobpcg(projected_hamiltonian, guess, largest=False,
/home/erosanow_hpc/informed_swapping/BARK.py:156: UserWarning: Exited at iteration 50 with accuracies 
[1.96334078e-08]
not reaching the requested tolerance 1e-09.
Use iteration 51 instead with accuracy 
1.9633407824525646e-08.

  values, vectors = lobpcg(projected_hamiltonian, guess, largest=False,
/home/erosanow_hpc/informed_swapping/BARK.py:156: UserWarning: Exited postprocessing with accuracies 
[1.96334074e-08]
not reaching the requested tolerance 1e-09.
  values, vectors = lobpcg(projected_hamiltonian, guess, largest=False,
/home/erosanow_hpc/informed_swapping/BARK.py:156: UserWarning: Exited at iteration 50 with accuracies 
[2.50779626e-08]
not reaching the requested tolerance 1e-09.
Use iteration 51 instead with accuracy 
2.5077962591637134e-08.

  values, vectors = lobpcg(projected_hamiltonian, guess, largest=False,
/home/erosanow_hpc/informed_swapping/BARK.py:156: UserWarning: Exited postprocessing with accuracies 
[2.50779628e-08]
not reaching the requested tolerance 1e-09.
  values, vectors = lobpcg(projected_hamiltonian, guess, largest=False,
/home/erosanow_hpc/informed_swapping/BARK.py:156: UserWarning: Exited at iteration 50 with accuracies 
[1.47188489e-08]
not reaching the requested tolerance 1e-09.
Use iteration 51 instead with accuracy 
1.471884889021521e-08.

  values, vectors = lobpcg(projected_hamiltonian, guess, largest=False,
/home/erosanow_hpc/informed_swapping/BARK.py:156: UserWarning: Exited postprocessing with accuracies 
[1.47188491e-08]
not reaching the requested tolerance 1e-09.
  values, vectors = lobpcg(projected_hamiltonian, guess, largest=False,
/home/erosanow_hpc/informed_swapping/BARK.py:156: UserWarning: Exited at iteration 50 with accuracies 
[1.92141581e-08]
not reaching the requested tolerance 1e-09.
Use iteration 51 instead with accuracy 
1.921415812147404e-08.

  values, vectors = lobpcg(projected_hamiltonian, guess, largest=False,
/home/erosanow_hpc/informed_swapping/BARK.py:156: UserWarning: Exited postprocessing with accuracies 
[1.92141579e-08]
not reaching the requested tolerance 1e-09.
  values, vectors = lobpcg(projected_hamiltonian, guess, largest=False,
/home/erosanow_hpc/informed_swapping/BARK.py:156: UserWarning: Exited at iteration 50 with accuracies 
[1.81445129e-08]
not reaching the requested tolerance 1e-09.
Use iteration 51 instead with accuracy 
1.8144512880787863e-08.

  values, vectors = lobpcg(projected_hamiltonian, guess, largest=False,
/home/erosanow_hpc/informed_swapping/BARK.py:156: UserWarning: Exited postprocessing with accuracies 
[1.81445131e-08]
not reaching the requested tolerance 1e-09.
  values, vectors = lobpcg(projected_hamiltonian, guess, largest=False,
/home/erosanow_hpc/informed_swapping/BARK.py:156: UserWarning: Exited at iteration 50 with accuracies 
[3.45647685e-08]
not reaching the requested tolerance 1e-09.
Use iteration 51 instead with accuracy 
3.456476851249323e-08.

  values, vectors = lobpcg(projected_hamiltonian, guess, largest=False,
/home/erosanow_hpc/informed_swapping/BARK.py:156: UserWarning: Exited postprocessing with accuracies 
[3.45647681e-08]
not reaching the requested tolerance 1e-09.
  values, vectors = lobpcg(projected_hamiltonian, guess, largest=False,
/home/erosanow_hpc/informed_swapping/BARK.py:156: UserWarning: Exited at iteration 50 with accuracies 
[1.47947055e-08]
not reaching the requested tolerance 1e-09.
Use iteration 51 instead with accuracy 
1.4794705470522421e-08.

  values, vectors = lobpcg(projected_hamiltonian, guess, largest=False,
/home/erosanow_hpc/informed_swapping/BARK.py:156: UserWarning: Exited postprocessing with accuracies 
[1.4794705e-08]
not reaching the requested tolerance 1e-09.
  values, vectors = lobpcg(projected_hamiltonian, guess, largest=False,
/home/erosanow_hpc/informed_swapping/BARK.py:156: UserWarning: Exited at iteration 50 with accuracies 
[2.96964341e-08]
not reaching the requested tolerance 1e-09.
Use iteration 51 instead with accuracy 
2.969643406899541e-08.

  values, vectors = lobpcg(projected_hamiltonian, guess, largest=False,
/home/erosanow_hpc/informed_swapping/BARK.py:156: UserWarning: Exited postprocessing with accuracies 
[2.96964347e-08]
not reaching the requested tolerance 1e-09.
  values, vectors = lobpcg(projected_hamiltonian, guess, largest=False,
/home/erosanow_hpc/informed_swapping/BARK.py:156: UserWarning: Exited at iteration 50 with accuracies 
[3.02827653e-08]
not reaching the requested tolerance 1e-09.
Use iteration 51 instead with accuracy 
3.028276528478866e-08.

  values, vectors = lobpcg(projected_hamiltonian, guess, largest=False,
/home/erosanow_hpc/informed_swapping/BARK.py:156: UserWarning: Exited postprocessing with accuracies 
[3.02827651e-08]
not reaching the requested tolerance 1e-09.
  values, vectors = lobpcg(projected_hamiltonian, guess, largest=False,
/home/erosanow_hpc/informed_swapping/BARK.py:156: UserWarning: Exited at iteration 50 with accuracies 
[4.05714094e-08]
not reaching the requested tolerance 1e-09.
Use iteration 51 instead with accuracy 
4.0571409393595314e-08.

  values, vectors = lobpcg(projected_hamiltonian, guess, largest=False,
/home/erosanow_hpc/informed_swapping/BARK.py:156: UserWarning: Exited postprocessing with accuracies 
[4.05714093e-08]
not reaching the requested tolerance 1e-09.
  values, vectors = lobpcg(projected_hamiltonian, guess, largest=False,
/home/erosanow_hpc/informed_swapping/BARK.py:156: UserWarning: Exited at iteration 50 with accuracies 
[1.16812366e-08]
not reaching the requested tolerance 1e-09.
Use iteration 51 instead with accuracy 
1.1681236636352723e-08.

  values, vectors = lobpcg(projected_hamiltonian, guess, largest=False,
/home/erosanow_hpc/informed_swapping/BARK.py:156: UserWarning: Exited postprocessing with accuracies 
[1.16812362e-08]
not reaching the requested tolerance 1e-09.
  values, vectors = lobpcg(projected_hamiltonian, guess, largest=False,
/home/erosanow_hpc/informed_swapping/BARK.py:156: UserWarning: Exited at iteration 50 with accuracies 
[2.32168739e-08]
not reaching the requested tolerance 1e-09.
Use iteration 51 instead with accuracy 
2.321687393769698e-08.

  values, vectors = lobpcg(projected_hamiltonian, guess, largest=False,
/home/erosanow_hpc/informed_swapping/BARK.py:156: UserWarning: Exited postprocessing with accuracies 
[2.32168741e-08]
not reaching the requested tolerance 1e-09.
  values, vectors = lobpcg(projected_hamiltonian, guess, largest=False,
/home/erosanow_hpc/informed_swapping/BARK.py:156: UserWarning: Exited at iteration 50 with accuracies 
[1.77696855e-08]
not reaching the requested tolerance 1e-09.
Use iteration 51 instead with accuracy 
1.7769685504751233e-08.

  values, vectors = lobpcg(projected_hamiltonian, guess, largest=False,
/home/erosanow_hpc/informed_swapping/BARK.py:156: UserWarning: Exited postprocessing with accuracies 
[1.77696858e-08]
not reaching the requested tolerance 1e-09.
  values, vectors = lobpcg(projected_hamiltonian, guess, largest=False,
/home/erosanow_hpc/informed_swapping/BARK.py:156: UserWarning: Exited at iteration 50 with accuracies 
[3.57111652e-08]
not reaching the requested tolerance 1e-09.
Use iteration 51 instead with accuracy 
3.571116518047187e-08.

  values, vectors = lobpcg(projected_hamiltonian, guess, largest=False,
/home/erosanow_hpc/informed_swapping/BARK.py:156: UserWarning: Exited postprocessing with accuracies 
[3.57111655e-08]
not reaching the requested tolerance 1e-09.
  values, vectors = lobpcg(projected_hamiltonian, guess, largest=False,
/home/erosanow_hpc/informed_swapping/BARK.py:156: UserWarning: Exited at iteration 50 with accuracies 
[2.7083549e-08]
not reaching the requested tolerance 1e-09.
Use iteration 51 instead with accuracy 
2.7083549043174396e-08.

  values, vectors = lobpcg(projected_hamiltonian, guess, largest=False,
/home/erosanow_hpc/informed_swapping/BARK.py:156: UserWarning: Exited postprocessing with accuracies 
[2.70835488e-08]
not reaching the requested tolerance 1e-09.
  values, vectors = lobpcg(projected_hamiltonian, guess, largest=False,
/home/erosanow_hpc/informed_swapping/BARK.py:156: UserWarning: Exited at iteration 50 with accuracies 
[3.58318843e-08]
not reaching the requested tolerance 1e-09.
Use iteration 51 instead with accuracy 
3.58318843078474e-08.

  values, vectors = lobpcg(projected_hamiltonian, guess, largest=False,
/home/erosanow_hpc/informed_swapping/BARK.py:156: UserWarning: Exited postprocessing with accuracies 
[3.58318848e-08]
not reaching the requested tolerance 1e-09.
  values, vectors = lobpcg(projected_hamiltonian, guess, largest=False,
/home/erosanow_hpc/informed_swapping/BARK.py:156: UserWarning: Exited at iteration 50 with accuracies 
[3.25192748e-08]
not reaching the requested tolerance 1e-09.
Use iteration 51 instead with accuracy 
3.251927478529045e-08.

  values, vectors = lobpcg(projected_hamiltonian, guess, largest=False,
/home/erosanow_hpc/informed_swapping/BARK.py:156: UserWarning: Exited postprocessing with accuracies 
[3.25192752e-08]
not reaching the requested tolerance 1e-09.
  values, vectors = lobpcg(projected_hamiltonian, guess, largest=False,
/home/erosanow_hpc/informed_swapping/BARK.py:156: UserWarning: Exited at iteration 50 with accuracies 
[4.54154835e-08]
not reaching the requested tolerance 1e-09.
Use iteration 51 instead with accuracy 
4.541548350119861e-08.

  values, vectors = lobpcg(projected_hamiltonian, guess, largest=False,
/home/erosanow_hpc/informed_swapping/BARK.py:156: UserWarning: Exited postprocessing with accuracies 
[4.54154836e-08]
not reaching the requested tolerance 1e-09.
  values, vectors = lobpcg(projected_hamiltonian, guess, largest=False,
/home/erosanow_hpc/informed_swapping/BARK.py:156: UserWarning: Exited at iteration 50 with accuracies 
[2.37004233e-08]
not reaching the requested tolerance 1e-09.
Use iteration 51 instead with accuracy 
2.370042326724493e-08.

  values, vectors = lobpcg(projected_hamiltonian, guess, largest=False,
/home/erosanow_hpc/informed_swapping/BARK.py:156: UserWarning: Exited postprocessing with accuracies 
[2.37004232e-08]
not reaching the requested tolerance 1e-09.
  values, vectors = lobpcg(projected_hamiltonian, guess, largest=False,
/home/erosanow_hpc/informed_swapping/BARK.py:156: UserWarning: Exited at iteration 50 with accuracies 
[3.06452564e-08]
not reaching the requested tolerance 1e-09.
Use iteration 51 instead with accuracy 
3.064525644170225e-08.

  values, vectors = lobpcg(projected_hamiltonian, guess, largest=False,
/home/erosanow_hpc/informed_swapping/BARK.py:156: UserWarning: Exited postprocessing with accuracies 
[3.06452566e-08]
not reaching the requested tolerance 1e-09.
  values, vectors = lobpcg(projected_hamiltonian, guess, largest=False,
/home/erosanow_hpc/informed_swapping/BARK.py:156: UserWarning: Exited at iteration 50 with accuracies 
[3.10658095e-08]
not reaching the requested tolerance 1e-09.
Use iteration 51 instead with accuracy 
3.1065809468396644e-08.

  values, vectors = lobpcg(projected_hamiltonian, guess, largest=False,
/home/erosanow_hpc/informed_swapping/BARK.py:156: UserWarning: Exited postprocessing with accuracies 
[3.10658097e-08]
not reaching the requested tolerance 1e-09.
  values, vectors = lobpcg(projected_hamiltonian, guess, largest=False,
/home/erosanow_hpc/informed_swapping/BARK.py:156: UserWarning: Exited at iteration 50 with accuracies 
[6.02166533e-08]
not reaching the requested tolerance 1e-09.
Use iteration 51 instead with accuracy 
6.021665325942782e-08.

  values, vectors = lobpcg(projected_hamiltonian, guess, largest=False,
/home/erosanow_hpc/informed_swapping/BARK.py:156: UserWarning: Exited postprocessing with accuracies 
[6.02166527e-08]
not reaching the requested tolerance 1e-09.
  values, vectors = lobpcg(projected_hamiltonian, guess, largest=False,
/home/erosanow_hpc/informed_swapping/BARK.py:156: UserWarning: Exited at iteration 50 with accuracies 
[3.49065626e-08]
not reaching the requested tolerance 1e-09.
Use iteration 51 instead with accuracy 
3.490656258426908e-08.

  values, vectors = lobpcg(projected_hamiltonian, guess, largest=False,
/home/erosanow_hpc/informed_swapping/BARK.py:156: UserWarning: Exited postprocessing with accuracies 
[3.49065626e-08]
not reaching the requested tolerance 1e-09.
  values, vectors = lobpcg(projected_hamiltonian, guess, largest=False,
/home/erosanow_hpc/informed_swapping/BARK.py:156: UserWarning: Exited at iteration 50 with accuracies 
[6.49773607e-08]
not reaching the requested tolerance 1e-09.
Use iteration 51 instead with accuracy 
6.497736071862757e-08.

  values, vectors = lobpcg(projected_hamiltonian, guess, largest=False,
/home/erosanow_hpc/informed_swapping/BARK.py:156: UserWarning: Exited postprocessing with accuracies 
[6.49773606e-08]
not reaching the requested tolerance 1e-09.
  values, vectors = lobpcg(projected_hamiltonian, guess, largest=False,
/home/erosanow_hpc/informed_swapping/BARK.py:156: UserWarning: Exited at iteration 50 with accuracies 
[6.08804186e-08]
not reaching the requested tolerance 1e-09.
Use iteration 51 instead with accuracy 
6.088041864126532e-08.

  values, vectors = lobpcg(projected_hamiltonian, guess, largest=False,
/home/erosanow_hpc/informed_swapping/BARK.py:156: UserWarning: Exited postprocessing with accuracies 
[6.08804184e-08]
not reaching the requested tolerance 1e-09.
  values, vectors = lobpcg(projected_hamiltonian, guess, largest=False,
/home/erosanow_hpc/informed_swapping/BARK.py:156: UserWarning: Exited at iteration 50 with accuracies 
[9.16885602e-08]
not reaching the requested tolerance 1e-09.
Use iteration 51 instead with accuracy 
9.168856023324307e-08.

  values, vectors = lobpcg(projected_hamiltonian, guess, largest=False,
/home/erosanow_hpc/informed_swapping/BARK.py:156: UserWarning: Exited postprocessing with accuracies 
[9.16885604e-08]
not reaching the requested tolerance 1e-09.
  values, vectors = lobpcg(projected_hamiltonian, guess, largest=False,
/home/erosanow_hpc/informed_swapping/BARK.py:156: UserWarning: Exited at iteration 50 with accuracies 
[3.80804025e-09]
not reaching the requested tolerance 1e-09.
Use iteration 51 instead with accuracy 
3.808040253135473e-09.

  values, vectors = lobpcg(projected_hamiltonian, guess, largest=False,
/home/erosanow_hpc/informed_swapping/BARK.py:156: UserWarning: Exited postprocessing with accuracies 
[3.80804081e-09]
not reaching the requested tolerance 1e-09.
  values, vectors = lobpcg(projected_hamiltonian, guess, largest=False,
/home/erosanow_hpc/informed_swapping/BARK.py:156: UserWarning: Exited at iteration 50 with accuracies 
[5.53858268e-09]
not reaching the requested tolerance 1e-09.
Use iteration 51 instead with accuracy 
5.53858268374072e-09.

  values, vectors = lobpcg(projected_hamiltonian, guess, largest=False,
/home/erosanow_hpc/informed_swapping/BARK.py:156: UserWarning: Exited postprocessing with accuracies 
[5.53858298e-09]
not reaching the requested tolerance 1e-09.
  values, vectors = lobpcg(projected_hamiltonian, guess, largest=False,
/home/erosanow_hpc/informed_swapping/BARK.py:156: UserWarning: Exited at iteration 50 with accuracies 
[4.43180348e-09]
not reaching the requested tolerance 1e-09.
Use iteration 51 instead with accuracy 
4.43180347761184e-09.

  values, vectors = lobpcg(projected_hamiltonian, guess, largest=False,
/home/erosanow_hpc/informed_swapping/BARK.py:156: UserWarning: Exited postprocessing with accuracies 
[4.4318031e-09]
not reaching the requested tolerance 1e-09.
  values, vectors = lobpcg(projected_hamiltonian, guess, largest=False,
/home/erosanow_hpc/informed_swapping/BARK.py:156: UserWarning: Exited at iteration 50 with accuracies 
[6.0490759e-09]
not reaching the requested tolerance 1e-09.
Use iteration 51 instead with accuracy 
6.049075898971579e-09.

  values, vectors = lobpcg(projected_hamiltonian, guess, largest=False,
/home/erosanow_hpc/informed_swapping/BARK.py:156: UserWarning: Exited postprocessing with accuracies 
[6.04907562e-09]
not reaching the requested tolerance 1e-09.
  values, vectors = lobpcg(projected_hamiltonian, guess, largest=False,
/home/erosanow_hpc/informed_swapping/BARK.py:156: UserWarning: Exited at iteration 50 with accuracies 
[3.73692993e-09]
not reaching the requested tolerance 1e-09.
Use iteration 51 instead with accuracy 
3.7369299281152675e-09.

  values, vectors = lobpcg(projected_hamiltonian, guess, largest=False,
/home/erosanow_hpc/informed_swapping/BARK.py:156: UserWarning: Exited postprocessing with accuracies 
[3.73693e-09]
not reaching the requested tolerance 1e-09.
  values, vectors = lobpcg(projected_hamiltonian, guess, largest=False,
/home/erosanow_hpc/informed_swapping/BARK.py:156: UserWarning: Exited at iteration 50 with accuracies 
[8.91840052e-09]
not reaching the requested tolerance 1e-09.
Use iteration 51 instead with accuracy 
8.918400524327715e-09.

  values, vectors = lobpcg(projected_hamiltonian, guess, largest=False,
/home/erosanow_hpc/informed_swapping/BARK.py:156: UserWarning: Exited postprocessing with accuracies 
[8.91840058e-09]
not reaching the requested tolerance 1e-09.
  values, vectors = lobpcg(projected_hamiltonian, guess, largest=False,
/home/erosanow_hpc/informed_swapping/BARK.py:156: UserWarning: Exited at iteration 50 with accuracies 
[9.26565978e-09]
not reaching the requested tolerance 1e-09.
Use iteration 51 instead with accuracy 
9.265659779139565e-09.

  values, vectors = lobpcg(projected_hamiltonian, guess, largest=False,
/home/erosanow_hpc/informed_swapping/BARK.py:156: UserWarning: Exited postprocessing with accuracies 
[9.26565993e-09]
not reaching the requested tolerance 1e-09.
  values, vectors = lobpcg(projected_hamiltonian, guess, largest=False,
/home/erosanow_hpc/informed_swapping/BARK.py:156: UserWarning: Exited at iteration 50 with accuracies 
[1.09183835e-08]
not reaching the requested tolerance 1e-09.
Use iteration 51 instead with accuracy 
1.0918383462690335e-08.

  values, vectors = lobpcg(projected_hamiltonian, guess, largest=False,
/home/erosanow_hpc/informed_swapping/BARK.py:156: UserWarning: Exited postprocessing with accuracies 
[1.09183829e-08]
not reaching the requested tolerance 1e-09.
  values, vectors = lobpcg(projected_hamiltonian, guess, largest=False,
/home/erosanow_hpc/informed_swapping/BARK.py:156: UserWarning: Exited at iteration 50 with accuracies 
[6.81305375e-09]
not reaching the requested tolerance 1e-09.
Use iteration 51 instead with accuracy 
6.8130537497995015e-09.

  values, vectors = lobpcg(projected_hamiltonian, guess, largest=False,
/home/erosanow_hpc/informed_swapping/BARK.py:156: UserWarning: Exited postprocessing with accuracies 
[6.81305397e-09]
not reaching the requested tolerance 1e-09.
  values, vectors = lobpcg(projected_hamiltonian, guess, largest=False,
/home/erosanow_hpc/informed_swapping/BARK.py:156: UserWarning: Exited at iteration 50 with accuracies 
[8.1790612e-09]
not reaching the requested tolerance 1e-09.
Use iteration 51 instead with accuracy 
8.179061199665966e-09.

  values, vectors = lobpcg(projected_hamiltonian, guess, largest=False,
/home/erosanow_hpc/informed_swapping/BARK.py:156: UserWarning: Exited postprocessing with accuracies 
[8.17906201e-09]
not reaching the requested tolerance 1e-09.
  values, vectors = lobpcg(projected_hamiltonian, guess, largest=False,
/home/erosanow_hpc/informed_swapping/BARK.py:156: UserWarning: Exited at iteration 50 with accuracies 
[7.38650093e-09]
not reaching the requested tolerance 1e-09.
Use iteration 51 instead with accuracy 
7.386500933870165e-09.

  values, vectors = lobpcg(projected_hamiltonian, guess, largest=False,
/home/erosanow_hpc/informed_swapping/BARK.py:156: UserWarning: Exited postprocessing with accuracies 
[7.386501e-09]
not reaching the requested tolerance 1e-09.
  values, vectors = lobpcg(projected_hamiltonian, guess, largest=False,
/home/erosanow_hpc/informed_swapping/BARK.py:156: UserWarning: Exited at iteration 50 with accuracies 
[1.49425905e-08]
not reaching the requested tolerance 1e-09.
Use iteration 51 instead with accuracy 
1.4942590457433362e-08.

  values, vectors = lobpcg(projected_hamiltonian, guess, largest=False,
/home/erosanow_hpc/informed_swapping/BARK.py:156: UserWarning: Exited postprocessing with accuracies 
[1.49425898e-08]
not reaching the requested tolerance 1e-09.
  values, vectors = lobpcg(projected_hamiltonian, guess, largest=False,
/home/erosanow_hpc/informed_swapping/BARK.py:156: UserWarning: Exited at iteration 50 with accuracies 
[8.24670072e-09]
not reaching the requested tolerance 1e-09.
Use iteration 51 instead with accuracy 
8.24670071750354e-09.

  values, vectors = lobpcg(projected_hamiltonian, guess, largest=False,
/home/erosanow_hpc/informed_swapping/BARK.py:156: UserWarning: Exited postprocessing with accuracies 
[8.24670065e-09]
not reaching the requested tolerance 1e-09.
  values, vectors = lobpcg(projected_hamiltonian, guess, largest=False,
/home/erosanow_hpc/informed_swapping/BARK.py:156: UserWarning: Exited at iteration 50 with accuracies 
[1.00376366e-08]
not reaching the requested tolerance 1e-09.
Use iteration 51 instead with accuracy 
1.0037636572518486e-08.

  values, vectors = lobpcg(projected_hamiltonian, guess, largest=False,
/home/erosanow_hpc/informed_swapping/BARK.py:156: UserWarning: Exited postprocessing with accuracies 
[1.00376366e-08]
not reaching the requested tolerance 1e-09.
  values, vectors = lobpcg(projected_hamiltonian, guess, largest=False,
/home/erosanow_hpc/informed_swapping/BARK.py:156: UserWarning: Exited at iteration 50 with accuracies 
[1.05180785e-08]
not reaching the requested tolerance 1e-09.
Use iteration 51 instead with accuracy 
1.0518078491378363e-08.

  values, vectors = lobpcg(projected_hamiltonian, guess, largest=False,
/home/erosanow_hpc/informed_swapping/BARK.py:156: UserWarning: Exited postprocessing with accuracies 
[1.05180775e-08]
not reaching the requested tolerance 1e-09.
  values, vectors = lobpcg(projected_hamiltonian, guess, largest=False,
/home/erosanow_hpc/informed_swapping/BARK.py:156: UserWarning: Exited at iteration 50 with accuracies 
[2.08309397e-08]
not reaching the requested tolerance 1e-09.
Use iteration 51 instead with accuracy 
2.0830939684384923e-08.

  values, vectors = lobpcg(projected_hamiltonian, guess, largest=False,
/home/erosanow_hpc/informed_swapping/BARK.py:156: UserWarning: Exited postprocessing with accuracies 
[2.08309392e-08]
not reaching the requested tolerance 1e-09.
  values, vectors = lobpcg(projected_hamiltonian, guess, largest=False,
/home/erosanow_hpc/informed_swapping/BARK.py:156: UserWarning: Exited at iteration 50 with accuracies 
[6.83181881e-09]
not reaching the requested tolerance 1e-09.
Use iteration 51 instead with accuracy 
6.831818811712735e-09.

  values, vectors = lobpcg(projected_hamiltonian, guess, largest=False,
/home/erosanow_hpc/informed_swapping/BARK.py:156: UserWarning: Exited postprocessing with accuracies 
[6.83181848e-09]
not reaching the requested tolerance 1e-09.
  values, vectors = lobpcg(projected_hamiltonian, guess, largest=False,
/home/erosanow_hpc/informed_swapping/BARK.py:156: UserWarning: Exited at iteration 50 with accuracies 
[7.64226812e-09]
not reaching the requested tolerance 1e-09.
Use iteration 51 instead with accuracy 
7.642268116519956e-09.

  values, vectors = lobpcg(projected_hamiltonian, guess, largest=False,
/home/erosanow_hpc/informed_swapping/BARK.py:156: UserWarning: Exited postprocessing with accuracies 
[7.64226786e-09]
not reaching the requested tolerance 1e-09.
  values, vectors = lobpcg(projected_hamiltonian, guess, largest=False,
/home/erosanow_hpc/informed_swapping/BARK.py:156: UserWarning: Exited at iteration 50 with accuracies 
[7.29451712e-09]
not reaching the requested tolerance 1e-09.
Use iteration 51 instead with accuracy 
7.2945171203838694e-09.

  values, vectors = lobpcg(projected_hamiltonian, guess, largest=False,
/home/erosanow_hpc/informed_swapping/BARK.py:156: UserWarning: Exited postprocessing with accuracies 
[7.29451736e-09]
not reaching the requested tolerance 1e-09.
  values, vectors = lobpcg(projected_hamiltonian, guess, largest=False,
/home/erosanow_hpc/informed_swapping/BARK.py:156: UserWarning: Exited at iteration 50 with accuracies 
[1.5571247e-08]
not reaching the requested tolerance 1e-09.
Use iteration 51 instead with accuracy 
1.5571247020632274e-08.

  values, vectors = lobpcg(projected_hamiltonian, guess, largest=False,
/home/erosanow_hpc/informed_swapping/BARK.py:156: UserWarning: Exited postprocessing with accuracies 
[1.55712471e-08]
not reaching the requested tolerance 1e-09.
  values, vectors = lobpcg(projected_hamiltonian, guess, largest=False,
/home/erosanow_hpc/informed_swapping/BARK.py:156: UserWarning: Exited at iteration 50 with accuracies 
[1.13236165e-08]
not reaching the requested tolerance 1e-09.
Use iteration 51 instead with accuracy 
1.1323616504679642e-08.

  values, vectors = lobpcg(projected_hamiltonian, guess, largest=False,
/home/erosanow_hpc/informed_swapping/BARK.py:156: UserWarning: Exited postprocessing with accuracies 
[1.1323617e-08]
not reaching the requested tolerance 1e-09.
  values, vectors = lobpcg(projected_hamiltonian, guess, largest=False,
/home/erosanow_hpc/informed_swapping/BARK.py:156: UserWarning: Exited at iteration 50 with accuracies 
[1.37084539e-08]
not reaching the requested tolerance 1e-09.
Use iteration 51 instead with accuracy 
1.3708453906092695e-08.

  values, vectors = lobpcg(projected_hamiltonian, guess, largest=False,
/home/erosanow_hpc/informed_swapping/BARK.py:156: UserWarning: Exited postprocessing with accuracies 
[1.37084536e-08]
not reaching the requested tolerance 1e-09.
  values, vectors = lobpcg(projected_hamiltonian, guess, largest=False,
/home/erosanow_hpc/informed_swapping/BARK.py:156: UserWarning: Exited at iteration 50 with accuracies 
[1.05420171e-08]
not reaching the requested tolerance 1e-09.
Use iteration 51 instead with accuracy 
1.0542017061839162e-08.

  values, vectors = lobpcg(projected_hamiltonian, guess, largest=False,
/home/erosanow_hpc/informed_swapping/BARK.py:156: UserWarning: Exited postprocessing with accuracies 
[1.05420174e-08]
not reaching the requested tolerance 1e-09.
  values, vectors = lobpcg(projected_hamiltonian, guess, largest=False,
/home/erosanow_hpc/informed_swapping/BARK.py:156: UserWarning: Exited at iteration 50 with accuracies 
[2.17985038e-08]
not reaching the requested tolerance 1e-09.
Use iteration 51 instead with accuracy 
2.1798503784498757e-08.

  values, vectors = lobpcg(projected_hamiltonian, guess, largest=False,
/home/erosanow_hpc/informed_swapping/BARK.py:156: UserWarning: Exited postprocessing with accuracies 
[2.17985038e-08]
not reaching the requested tolerance 1e-09.
  values, vectors = lobpcg(projected_hamiltonian, guess, largest=False,
/home/erosanow_hpc/informed_swapping/BARK.py:156: UserWarning: Exited at iteration 50 with accuracies 
[7.32517844e-09]
not reaching the requested tolerance 1e-09.
Use iteration 51 instead with accuracy 
7.3251784436230596e-09.

  values, vectors = lobpcg(projected_hamiltonian, guess, largest=False,
/home/erosanow_hpc/informed_swapping/BARK.py:156: UserWarning: Exited postprocessing with accuracies 
[7.32517804e-09]
not reaching the requested tolerance 1e-09.
  values, vectors = lobpcg(projected_hamiltonian, guess, largest=False,
/home/erosanow_hpc/informed_swapping/BARK.py:156: UserWarning: Exited at iteration 50 with accuracies 
[1.13452558e-08]
not reaching the requested tolerance 1e-09.
Use iteration 51 instead with accuracy 
1.1345255818867444e-08.

  values, vectors = lobpcg(projected_hamiltonian, guess, largest=False,
/home/erosanow_hpc/informed_swapping/BARK.py:156: UserWarning: Exited postprocessing with accuracies 
[1.13452557e-08]
not reaching the requested tolerance 1e-09.
  values, vectors = lobpcg(projected_hamiltonian, guess, largest=False,
/home/erosanow_hpc/informed_swapping/BARK.py:156: UserWarning: Exited at iteration 50 with accuracies 
[1.74300924e-08]
not reaching the requested tolerance 1e-09.
Use iteration 51 instead with accuracy 
1.7430092433287416e-08.

  values, vectors = lobpcg(projected_hamiltonian, guess, largest=False,
/home/erosanow_hpc/informed_swapping/BARK.py:156: UserWarning: Exited postprocessing with accuracies 
[1.74300922e-08]
not reaching the requested tolerance 1e-09.
  values, vectors = lobpcg(projected_hamiltonian, guess, largest=False,
/home/erosanow_hpc/informed_swapping/BARK.py:156: UserWarning: Exited at iteration 50 with accuracies 
[2.29461855e-08]
not reaching the requested tolerance 1e-09.
Use iteration 51 instead with accuracy 
2.294618554263846e-08.

  values, vectors = lobpcg(projected_hamiltonian, guess, largest=False,
/home/erosanow_hpc/informed_swapping/BARK.py:156: UserWarning: Exited postprocessing with accuracies 
[2.29461858e-08]
not reaching the requested tolerance 1e-09.
  values, vectors = lobpcg(projected_hamiltonian, guess, largest=False,
/home/erosanow_hpc/informed_swapping/BARK.py:156: UserWarning: Exited at iteration 50 with accuracies 
[1.53131142e-08]
not reaching the requested tolerance 1e-09.
Use iteration 51 instead with accuracy 
1.531311416143251e-08.

  values, vectors = lobpcg(projected_hamiltonian, guess, largest=False,
/home/erosanow_hpc/informed_swapping/BARK.py:156: UserWarning: Exited postprocessing with accuracies 
[1.53131133e-08]
not reaching the requested tolerance 1e-09.
  values, vectors = lobpcg(projected_hamiltonian, guess, largest=False,
/home/erosanow_hpc/informed_swapping/BARK.py:156: UserWarning: Exited at iteration 50 with accuracies 
[1.99382577e-08]
not reaching the requested tolerance 1e-09.
Use iteration 51 instead with accuracy 
1.9938257677063725e-08.

  values, vectors = lobpcg(projected_hamiltonian, guess, largest=False,
/home/erosanow_hpc/informed_swapping/BARK.py:156: UserWarning: Exited postprocessing with accuracies 
[1.99382574e-08]
not reaching the requested tolerance 1e-09.
  values, vectors = lobpcg(projected_hamiltonian, guess, largest=False,
/home/erosanow_hpc/informed_swapping/BARK.py:156: UserWarning: Exited at iteration 50 with accuracies 
[2.10688859e-08]
not reaching the requested tolerance 1e-09.
Use iteration 51 instead with accuracy 
2.1068885915692347e-08.

  values, vectors = lobpcg(projected_hamiltonian, guess, largest=False,
/home/erosanow_hpc/informed_swapping/BARK.py:156: UserWarning: Exited postprocessing with accuracies 
[2.10688864e-08]
not reaching the requested tolerance 1e-09.
  values, vectors = lobpcg(projected_hamiltonian, guess, largest=False,
/home/erosanow_hpc/informed_swapping/BARK.py:156: UserWarning: Exited at iteration 50 with accuracies 
[4.03485431e-08]
not reaching the requested tolerance 1e-09.
Use iteration 51 instead with accuracy 
4.03485431150849e-08.

  values, vectors = lobpcg(projected_hamiltonian, guess, largest=False,
/home/erosanow_hpc/informed_swapping/BARK.py:156: UserWarning: Exited postprocessing with accuracies 
[4.03485433e-08]
not reaching the requested tolerance 1e-09.
  values, vectors = lobpcg(projected_hamiltonian, guess, largest=False,
/home/erosanow_hpc/informed_swapping/BARK.py:156: UserWarning: Exited at iteration 50 with accuracies 
[6.40451416e-09]
not reaching the requested tolerance 1e-09.
Use iteration 51 instead with accuracy 
6.404514160268367e-09.

  values, vectors = lobpcg(projected_hamiltonian, guess, largest=False,
/home/erosanow_hpc/informed_swapping/BARK.py:156: UserWarning: Exited postprocessing with accuracies 
[6.40451363e-09]
not reaching the requested tolerance 1e-09.
  values, vectors = lobpcg(projected_hamiltonian, guess, largest=False,
/home/erosanow_hpc/informed_swapping/BARK.py:156: UserWarning: Exited at iteration 50 with accuracies 
[1.45479845e-08]
not reaching the requested tolerance 1e-09.
Use iteration 51 instead with accuracy 
1.4547984452113747e-08.

  values, vectors = lobpcg(projected_hamiltonian, guess, largest=False,
/home/erosanow_hpc/informed_swapping/BARK.py:156: UserWarning: Exited postprocessing with accuracies 
[1.45479848e-08]
not reaching the requested tolerance 1e-09.
  values, vectors = lobpcg(projected_hamiltonian, guess, largest=False,
/home/erosanow_hpc/informed_swapping/BARK.py:156: UserWarning: Exited at iteration 50 with accuracies 
[9.68781771e-09]
not reaching the requested tolerance 1e-09.
Use iteration 51 instead with accuracy 
9.687817711146712e-09.

  values, vectors = lobpcg(projected_hamiltonian, guess, largest=False,
/home/erosanow_hpc/informed_swapping/BARK.py:156: UserWarning: Exited postprocessing with accuracies 
[9.68781734e-09]
not reaching the requested tolerance 1e-09.
  values, vectors = lobpcg(projected_hamiltonian, guess, largest=False,
/home/erosanow_hpc/informed_swapping/BARK.py:156: UserWarning: Exited at iteration 50 with accuracies 
[1.98792753e-08]
not reaching the requested tolerance 1e-09.
Use iteration 51 instead with accuracy 
1.987927531952928e-08.

  values, vectors = lobpcg(projected_hamiltonian, guess, largest=False,
/home/erosanow_hpc/informed_swapping/BARK.py:156: UserWarning: Exited postprocessing with accuracies 
[1.98792752e-08]
not reaching the requested tolerance 1e-09.
  values, vectors = lobpcg(projected_hamiltonian, guess, largest=False,
/home/erosanow_hpc/informed_swapping/BARK.py:156: UserWarning: Exited at iteration 50 with accuracies 
[1.33223015e-08]
not reaching the requested tolerance 1e-09.
Use iteration 51 instead with accuracy 
1.3322301477214968e-08.

  values, vectors = lobpcg(projected_hamiltonian, guess, largest=False,
/home/erosanow_hpc/informed_swapping/BARK.py:156: UserWarning: Exited postprocessing with accuracies 
[1.3322301e-08]
not reaching the requested tolerance 1e-09.
  values, vectors = lobpcg(projected_hamiltonian, guess, largest=False,
/home/erosanow_hpc/informed_swapping/BARK.py:156: UserWarning: Exited at iteration 50 with accuracies 
[1.62833575e-08]
not reaching the requested tolerance 1e-09.
Use iteration 51 instead with accuracy 
1.6283357540519506e-08.

  values, vectors = lobpcg(projected_hamiltonian, guess, largest=False,
/home/erosanow_hpc/informed_swapping/BARK.py:156: UserWarning: Exited postprocessing with accuracies 
[1.62833579e-08]
not reaching the requested tolerance 1e-09.
  values, vectors = lobpcg(projected_hamiltonian, guess, largest=False,
/home/erosanow_hpc/informed_swapping/BARK.py:156: UserWarning: Exited at iteration 50 with accuracies 
[1.79812388e-08]
not reaching the requested tolerance 1e-09.
Use iteration 51 instead with accuracy 
1.798123878122824e-08.

  values, vectors = lobpcg(projected_hamiltonian, guess, largest=False,
/home/erosanow_hpc/informed_swapping/BARK.py:156: UserWarning: Exited postprocessing with accuracies 
[1.79812386e-08]
not reaching the requested tolerance 1e-09.
  values, vectors = lobpcg(projected_hamiltonian, guess, largest=False,
/home/erosanow_hpc/informed_swapping/BARK.py:156: UserWarning: Exited at iteration 50 with accuracies 
[2.38043413e-08]
not reaching the requested tolerance 1e-09.
Use iteration 51 instead with accuracy 
2.3804341345956934e-08.

  values, vectors = lobpcg(projected_hamiltonian, guess, largest=False,
/home/erosanow_hpc/informed_swapping/BARK.py:156: UserWarning: Exited postprocessing with accuracies 
[2.38043409e-08]
not reaching the requested tolerance 1e-09.
  values, vectors = lobpcg(projected_hamiltonian, guess, largest=False,
/home/erosanow_hpc/informed_swapping/BARK.py:156: UserWarning: Exited at iteration 50 with accuracies 
[1.19935156e-08]
not reaching the requested tolerance 1e-09.
Use iteration 51 instead with accuracy 
1.1993515591374519e-08.

  values, vectors = lobpcg(projected_hamiltonian, guess, largest=False,
/home/erosanow_hpc/informed_swapping/BARK.py:156: UserWarning: Exited postprocessing with accuracies 
[1.19935159e-08]
not reaching the requested tolerance 1e-09.
  values, vectors = lobpcg(projected_hamiltonian, guess, largest=False,
/home/erosanow_hpc/informed_swapping/BARK.py:156: UserWarning: Exited at iteration 50 with accuracies 
[2.40723644e-08]
not reaching the requested tolerance 1e-09.
Use iteration 51 instead with accuracy 
2.4072364364452998e-08.

  values, vectors = lobpcg(projected_hamiltonian, guess, largest=False,
/home/erosanow_hpc/informed_swapping/BARK.py:156: UserWarning: Exited postprocessing with accuracies 
[2.40723643e-08]
not reaching the requested tolerance 1e-09.
  values, vectors = lobpcg(projected_hamiltonian, guess, largest=False,
/home/erosanow_hpc/informed_swapping/BARK.py:156: UserWarning: Exited at iteration 50 with accuracies 
[1.6965073e-08]
not reaching the requested tolerance 1e-09.
Use iteration 51 instead with accuracy 
1.696507297251993e-08.

  values, vectors = lobpcg(projected_hamiltonian, guess, largest=False,
/home/erosanow_hpc/informed_swapping/BARK.py:156: UserWarning: Exited postprocessing with accuracies 
[1.69650728e-08]
not reaching the requested tolerance 1e-09.
  values, vectors = lobpcg(projected_hamiltonian, guess, largest=False,
/home/erosanow_hpc/informed_swapping/BARK.py:156: UserWarning: Exited at iteration 50 with accuracies 
[3.48476622e-08]
not reaching the requested tolerance 1e-09.
Use iteration 51 instead with accuracy 
3.484766218608722e-08.

  values, vectors = lobpcg(projected_hamiltonian, guess, largest=False,
/home/erosanow_hpc/informed_swapping/BARK.py:156: UserWarning: Exited postprocessing with accuracies 
[3.48476624e-08]
not reaching the requested tolerance 1e-09.
  values, vectors = lobpcg(projected_hamiltonian, guess, largest=False,
/home/erosanow_hpc/informed_swapping/BARK.py:156: UserWarning: Exited at iteration 50 with accuracies 
[2.25052118e-08]
not reaching the requested tolerance 1e-09.
Use iteration 51 instead with accuracy 
2.2505211788945704e-08.

  values, vectors = lobpcg(projected_hamiltonian, guess, largest=False,
/home/erosanow_hpc/informed_swapping/BARK.py:156: UserWarning: Exited postprocessing with accuracies 
[2.25052119e-08]
not reaching the requested tolerance 1e-09.
  values, vectors = lobpcg(projected_hamiltonian, guess, largest=False,
/home/erosanow_hpc/informed_swapping/BARK.py:156: UserWarning: Exited at iteration 50 with accuracies 
[3.04078332e-08]
not reaching the requested tolerance 1e-09.
Use iteration 51 instead with accuracy 
3.0407833159048945e-08.

  values, vectors = lobpcg(projected_hamiltonian, guess, largest=False,
/home/erosanow_hpc/informed_swapping/BARK.py:156: UserWarning: Exited postprocessing with accuracies 
[3.04078329e-08]
not reaching the requested tolerance 1e-09.
  values, vectors = lobpcg(projected_hamiltonian, guess, largest=False,
/home/erosanow_hpc/informed_swapping/BARK.py:156: UserWarning: Exited at iteration 50 with accuracies 
[3.2235131e-08]
not reaching the requested tolerance 1e-09.
Use iteration 51 instead with accuracy 
3.2235130980303535e-08.

  values, vectors = lobpcg(projected_hamiltonian, guess, largest=False,
/home/erosanow_hpc/informed_swapping/BARK.py:156: UserWarning: Exited postprocessing with accuracies 
[3.22351314e-08]
not reaching the requested tolerance 1e-09.
  values, vectors = lobpcg(projected_hamiltonian, guess, largest=False,
/home/erosanow_hpc/informed_swapping/BARK.py:156: UserWarning: Exited at iteration 50 with accuracies 
[4.37363406e-08]
not reaching the requested tolerance 1e-09.
Use iteration 51 instead with accuracy 
4.373634060711255e-08.

  values, vectors = lobpcg(projected_hamiltonian, guess, largest=False,
/home/erosanow_hpc/informed_swapping/BARK.py:156: UserWarning: Exited postprocessing with accuracies 
[4.37363405e-08]
not reaching the requested tolerance 1e-09.
  values, vectors = lobpcg(projected_hamiltonian, guess, largest=False,
/home/erosanow_hpc/informed_swapping/BARK.py:156: UserWarning: Exited at iteration 50 with accuracies 
[1.0530335e-08]
not reaching the requested tolerance 1e-09.
Use iteration 51 instead with accuracy 
1.0530334965165247e-08.

  values, vectors = lobpcg(projected_hamiltonian, guess, largest=False,
/home/erosanow_hpc/informed_swapping/BARK.py:156: UserWarning: Exited postprocessing with accuracies 
[1.05303346e-08]
not reaching the requested tolerance 1e-09.
  values, vectors = lobpcg(projected_hamiltonian, guess, largest=False,
/home/erosanow_hpc/informed_swapping/BARK.py:156: UserWarning: Exited at iteration 50 with accuracies 
[2.22094483e-08]
not reaching the requested tolerance 1e-09.
Use iteration 51 instead with accuracy 
2.2209448262124346e-08.

  values, vectors = lobpcg(projected_hamiltonian, guess, largest=False,
/home/erosanow_hpc/informed_swapping/BARK.py:156: UserWarning: Exited postprocessing with accuracies 
[2.2209448e-08]
not reaching the requested tolerance 1e-09.
  values, vectors = lobpcg(projected_hamiltonian, guess, largest=False,
/home/erosanow_hpc/informed_swapping/BARK.py:156: UserWarning: Exited at iteration 50 with accuracies 
[2.32136592e-08]
not reaching the requested tolerance 1e-09.
Use iteration 51 instead with accuracy 
2.32136591882976e-08.

  values, vectors = lobpcg(projected_hamiltonian, guess, largest=False,
/home/erosanow_hpc/informed_swapping/BARK.py:156: UserWarning: Exited postprocessing with accuracies 
[2.3213659e-08]
not reaching the requested tolerance 1e-09.
  values, vectors = lobpcg(projected_hamiltonian, guess, largest=False,
/home/erosanow_hpc/informed_swapping/BARK.py:156: UserWarning: Exited at iteration 50 with accuracies 
[2.98183893e-08]
not reaching the requested tolerance 1e-09.
Use iteration 51 instead with accuracy 
2.981838931138758e-08.

  values, vectors = lobpcg(projected_hamiltonian, guess, largest=False,
/home/erosanow_hpc/informed_swapping/BARK.py:156: UserWarning: Exited postprocessing with accuracies 
[2.98183892e-08]
not reaching the requested tolerance 1e-09.
  values, vectors = lobpcg(projected_hamiltonian, guess, largest=False,
/home/erosanow_hpc/informed_swapping/BARK.py:156: UserWarning: Exited at iteration 50 with accuracies 
[2.2723393e-08]
not reaching the requested tolerance 1e-09.
Use iteration 51 instead with accuracy 
2.2723393031459797e-08.

  values, vectors = lobpcg(projected_hamiltonian, guess, largest=False,
/home/erosanow_hpc/informed_swapping/BARK.py:156: UserWarning: Exited postprocessing with accuracies 
[2.27233932e-08]
not reaching the requested tolerance 1e-09.
  values, vectors = lobpcg(projected_hamiltonian, guess, largest=False,
/home/erosanow_hpc/informed_swapping/BARK.py:156: UserWarning: Exited at iteration 50 with accuracies 
[3.08413016e-08]
not reaching the requested tolerance 1e-09.
Use iteration 51 instead with accuracy 
3.08413015630192e-08.

  values, vectors = lobpcg(projected_hamiltonian, guess, largest=False,
/home/erosanow_hpc/informed_swapping/BARK.py:156: UserWarning: Exited postprocessing with accuracies 
[3.08413019e-08]
not reaching the requested tolerance 1e-09.
  values, vectors = lobpcg(projected_hamiltonian, guess, largest=False,
/home/erosanow_hpc/informed_swapping/BARK.py:156: UserWarning: Exited at iteration 50 with accuracies 
[2.8065567e-08]
not reaching the requested tolerance 1e-09.
Use iteration 51 instead with accuracy 
2.8065566965888348e-08.

  values, vectors = lobpcg(projected_hamiltonian, guess, largest=False,
/home/erosanow_hpc/informed_swapping/BARK.py:156: UserWarning: Exited postprocessing with accuracies 
[2.80655665e-08]
not reaching the requested tolerance 1e-09.
  values, vectors = lobpcg(projected_hamiltonian, guess, largest=False,
/home/erosanow_hpc/informed_swapping/BARK.py:156: UserWarning: Exited at iteration 50 with accuracies 
[5.27475986e-08]
not reaching the requested tolerance 1e-09.
Use iteration 51 instead with accuracy 
5.274759856877439e-08.

  values, vectors = lobpcg(projected_hamiltonian, guess, largest=False,
/home/erosanow_hpc/informed_swapping/BARK.py:156: UserWarning: Exited postprocessing with accuracies 
[5.27475983e-08]
not reaching the requested tolerance 1e-09.
  values, vectors = lobpcg(projected_hamiltonian, guess, largest=False,
/home/erosanow_hpc/informed_swapping/BARK.py:156: UserWarning: Exited at iteration 50 with accuracies 
[2.323155e-08]
not reaching the requested tolerance 1e-09.
Use iteration 51 instead with accuracy 
2.3231550007496554e-08.

  values, vectors = lobpcg(projected_hamiltonian, guess, largest=False,
/home/erosanow_hpc/informed_swapping/BARK.py:156: UserWarning: Exited postprocessing with accuracies 
[2.32315501e-08]
not reaching the requested tolerance 1e-09.
  values, vectors = lobpcg(projected_hamiltonian, guess, largest=False,
/home/erosanow_hpc/informed_swapping/BARK.py:156: UserWarning: Exited at iteration 50 with accuracies 
[3.4986914e-08]
not reaching the requested tolerance 1e-09.
Use iteration 51 instead with accuracy 
3.498691399120068e-08.

  values, vectors = lobpcg(projected_hamiltonian, guess, largest=False,
/home/erosanow_hpc/informed_swapping/BARK.py:156: UserWarning: Exited postprocessing with accuracies 
[3.49869144e-08]
not reaching the requested tolerance 1e-09.
  values, vectors = lobpcg(projected_hamiltonian, guess, largest=False,
/home/erosanow_hpc/informed_swapping/BARK.py:156: UserWarning: Exited at iteration 50 with accuracies 
[3.59157018e-08]
not reaching the requested tolerance 1e-09.
Use iteration 51 instead with accuracy 
3.591570182230253e-08.

  values, vectors = lobpcg(projected_hamiltonian, guess, largest=False,
/home/erosanow_hpc/informed_swapping/BARK.py:156: UserWarning: Exited postprocessing with accuracies 
[3.59157019e-08]
not reaching the requested tolerance 1e-09.
  values, vectors = lobpcg(projected_hamiltonian, guess, largest=False,
/home/erosanow_hpc/informed_swapping/BARK.py:156: UserWarning: Exited at iteration 50 with accuracies 
[4.92758027e-08]
not reaching the requested tolerance 1e-09.
Use iteration 51 instead with accuracy 
4.927580274901547e-08.

  values, vectors = lobpcg(projected_hamiltonian, guess, largest=False,
/home/erosanow_hpc/informed_swapping/BARK.py:156: UserWarning: Exited postprocessing with accuracies 
[4.92758024e-08]
not reaching the requested tolerance 1e-09.
  values, vectors = lobpcg(projected_hamiltonian, guess, largest=False,
/home/erosanow_hpc/informed_swapping/BARK.py:156: UserWarning: Exited at iteration 50 with accuracies 
[3.4326695e-08]
not reaching the requested tolerance 1e-09.
Use iteration 51 instead with accuracy 
3.432669502298493e-08.

  values, vectors = lobpcg(projected_hamiltonian, guess, largest=False,
/home/erosanow_hpc/informed_swapping/BARK.py:156: UserWarning: Exited postprocessing with accuracies 
[3.43266954e-08]
not reaching the requested tolerance 1e-09.
  values, vectors = lobpcg(projected_hamiltonian, guess, largest=False,
/home/erosanow_hpc/informed_swapping/BARK.py:156: UserWarning: Exited at iteration 50 with accuracies 
[4.77315304e-08]
not reaching the requested tolerance 1e-09.
Use iteration 51 instead with accuracy 
4.7731530378267976e-08.

  values, vectors = lobpcg(projected_hamiltonian, guess, largest=False,
/home/erosanow_hpc/informed_swapping/BARK.py:156: UserWarning: Exited postprocessing with accuracies 
[4.77315297e-08]
not reaching the requested tolerance 1e-09.
  values, vectors = lobpcg(projected_hamiltonian, guess, largest=False,
/home/erosanow_hpc/informed_swapping/BARK.py:156: UserWarning: Exited at iteration 50 with accuracies 
[5.07856442e-08]
not reaching the requested tolerance 1e-09.
Use iteration 51 instead with accuracy 
5.078564423742504e-08.

  values, vectors = lobpcg(projected_hamiltonian, guess, largest=False,
/home/erosanow_hpc/informed_swapping/BARK.py:156: UserWarning: Exited postprocessing with accuracies 
[5.07856443e-08]
not reaching the requested tolerance 1e-09.
  values, vectors = lobpcg(projected_hamiltonian, guess, largest=False,
/home/erosanow_hpc/informed_swapping/BARK.py:156: UserWarning: Exited at iteration 50 with accuracies 
[9.45817523e-08]
not reaching the requested tolerance 1e-09.
Use iteration 51 instead with accuracy 
9.458175232803988e-08.

  values, vectors = lobpcg(projected_hamiltonian, guess, largest=False,
/home/erosanow_hpc/informed_swapping/BARK.py:156: UserWarning: Exited postprocessing with accuracies 
[9.4581752e-08]
not reaching the requested tolerance 1e-09.
  values, vectors = lobpcg(projected_hamiltonian, guess, largest=False,
/home/erosanow_hpc/informed_swapping/BARK.py:156: UserWarning: Exited at iteration 50 with accuracies 
[9.10285146e-09]
not reaching the requested tolerance 1e-09.
Use iteration 51 instead with accuracy 
9.102851458343063e-09.

  values, vectors = lobpcg(projected_hamiltonian, guess, largest=False,
/home/erosanow_hpc/informed_swapping/BARK.py:156: UserWarning: Exited postprocessing with accuracies 
[9.10285137e-09]
not reaching the requested tolerance 1e-09.
  values, vectors = lobpcg(projected_hamiltonian, guess, largest=False,
/home/erosanow_hpc/informed_swapping/BARK.py:156: UserWarning: Exited at iteration 50 with accuracies 
[1.12175616e-08]
not reaching the requested tolerance 1e-09.
Use iteration 51 instead with accuracy 
1.121756158567876e-08.

  values, vectors = lobpcg(projected_hamiltonian, guess, largest=False,
/home/erosanow_hpc/informed_swapping/BARK.py:156: UserWarning: Exited postprocessing with accuracies 
[1.12175615e-08]
not reaching the requested tolerance 1e-09.
  values, vectors = lobpcg(projected_hamiltonian, guess, largest=False,
/home/erosanow_hpc/informed_swapping/BARK.py:156: UserWarning: Exited at iteration 50 with accuracies 
[1.102554e-08]
not reaching the requested tolerance 1e-09.
Use iteration 51 instead with accuracy 
1.1025540018805792e-08.

  values, vectors = lobpcg(projected_hamiltonian, guess, largest=False,
/home/erosanow_hpc/informed_swapping/BARK.py:156: UserWarning: Exited postprocessing with accuracies 
[1.10255402e-08]
not reaching the requested tolerance 1e-09.
  values, vectors = lobpcg(projected_hamiltonian, guess, largest=False,
/home/erosanow_hpc/informed_swapping/BARK.py:156: UserWarning: Exited at iteration 50 with accuracies 
[2.1723239e-08]
not reaching the requested tolerance 1e-09.
Use iteration 51 instead with accuracy 
2.1723238961162053e-08.

  values, vectors = lobpcg(projected_hamiltonian, guess, largest=False,
/home/erosanow_hpc/informed_swapping/BARK.py:156: UserWarning: Exited postprocessing with accuracies 
[2.17232396e-08]
not reaching the requested tolerance 1e-09.
  values, vectors = lobpcg(projected_hamiltonian, guess, largest=False,
/home/erosanow_hpc/informed_swapping/BARK.py:156: UserWarning: Exited at iteration 50 with accuracies 
[1.46250768e-08]
not reaching the requested tolerance 1e-09.
Use iteration 51 instead with accuracy 
1.4625076798775763e-08.

  values, vectors = lobpcg(projected_hamiltonian, guess, largest=False,
/home/erosanow_hpc/informed_swapping/BARK.py:156: UserWarning: Exited postprocessing with accuracies 
[1.46250771e-08]
not reaching the requested tolerance 1e-09.
  values, vectors = lobpcg(projected_hamiltonian, guess, largest=False,
/home/erosanow_hpc/informed_swapping/BARK.py:156: UserWarning: Exited at iteration 50 with accuracies 
[1.9343365e-08]
not reaching the requested tolerance 1e-09.
Use iteration 51 instead with accuracy 
1.9343364991689135e-08.

  values, vectors = lobpcg(projected_hamiltonian, guess, largest=False,
/home/erosanow_hpc/informed_swapping/BARK.py:156: UserWarning: Exited postprocessing with accuracies 
[1.93433647e-08]
not reaching the requested tolerance 1e-09.
  values, vectors = lobpcg(projected_hamiltonian, guess, largest=False,
/home/erosanow_hpc/informed_swapping/BARK.py:156: UserWarning: Exited at iteration 50 with accuracies 
[1.84545628e-08]
not reaching the requested tolerance 1e-09.
Use iteration 51 instead with accuracy 
1.8454562793809035e-08.

  values, vectors = lobpcg(projected_hamiltonian, guess, largest=False,
/home/erosanow_hpc/informed_swapping/BARK.py:156: UserWarning: Exited postprocessing with accuracies 
[1.84545623e-08]
not reaching the requested tolerance 1e-09.
  values, vectors = lobpcg(projected_hamiltonian, guess, largest=False,
/home/erosanow_hpc/informed_swapping/BARK.py:156: UserWarning: Exited at iteration 50 with accuracies 
[3.46936265e-08]
not reaching the requested tolerance 1e-09.
Use iteration 51 instead with accuracy 
3.469362647405392e-08.

  values, vectors = lobpcg(projected_hamiltonian, guess, largest=False,
/home/erosanow_hpc/informed_swapping/BARK.py:156: UserWarning: Exited postprocessing with accuracies 
[3.46936258e-08]
not reaching the requested tolerance 1e-09.
  values, vectors = lobpcg(projected_hamiltonian, guess, largest=False,
/home/erosanow_hpc/informed_swapping/BARK.py:156: UserWarning: Exited at iteration 50 with accuracies 
[1.29430558e-08]
not reaching the requested tolerance 1e-09.
Use iteration 51 instead with accuracy 
1.2943055750752793e-08.

  values, vectors = lobpcg(projected_hamiltonian, guess, largest=False,
/home/erosanow_hpc/informed_swapping/BARK.py:156: UserWarning: Exited postprocessing with accuracies 
[1.29430554e-08]
not reaching the requested tolerance 1e-09.
  values, vectors = lobpcg(projected_hamiltonian, guess, largest=False,
/home/erosanow_hpc/informed_swapping/BARK.py:156: UserWarning: Exited at iteration 50 with accuracies 
[2.59286317e-08]
not reaching the requested tolerance 1e-09.
Use iteration 51 instead with accuracy 
2.5928631712822875e-08.

  values, vectors = lobpcg(projected_hamiltonian, guess, largest=False,
/home/erosanow_hpc/informed_swapping/BARK.py:156: UserWarning: Exited postprocessing with accuracies 
[2.59286314e-08]
not reaching the requested tolerance 1e-09.
  values, vectors = lobpcg(projected_hamiltonian, guess, largest=False,
/home/erosanow_hpc/informed_swapping/BARK.py:156: UserWarning: Exited at iteration 50 with accuracies 
[2.59074005e-08]
not reaching the requested tolerance 1e-09.
Use iteration 51 instead with accuracy 
2.5907400462725e-08.

  values, vectors = lobpcg(projected_hamiltonian, guess, largest=False,
/home/erosanow_hpc/informed_swapping/BARK.py:156: UserWarning: Exited postprocessing with accuracies 
[2.59074005e-08]
not reaching the requested tolerance 1e-09.
  values, vectors = lobpcg(projected_hamiltonian, guess, largest=False,
/home/erosanow_hpc/informed_swapping/BARK.py:156: UserWarning: Exited at iteration 50 with accuracies 
[3.47697977e-08]
not reaching the requested tolerance 1e-09.
Use iteration 51 instead with accuracy 
3.476979768226562e-08.

  values, vectors = lobpcg(projected_hamiltonian, guess, largest=False,
/home/erosanow_hpc/informed_swapping/BARK.py:156: UserWarning: Exited postprocessing with accuracies 
[3.47697977e-08]
not reaching the requested tolerance 1e-09.
  values, vectors = lobpcg(projected_hamiltonian, guess, largest=False,
/home/erosanow_hpc/informed_swapping/BARK.py:156: UserWarning: Exited at iteration 50 with accuracies 
[1.81142168e-08]
not reaching the requested tolerance 1e-09.
Use iteration 51 instead with accuracy 
1.811421677709992e-08.

  values, vectors = lobpcg(projected_hamiltonian, guess, largest=False,
/home/erosanow_hpc/informed_swapping/BARK.py:156: UserWarning: Exited postprocessing with accuracies 
[1.81142166e-08]
not reaching the requested tolerance 1e-09.
  values, vectors = lobpcg(projected_hamiltonian, guess, largest=False,
/home/erosanow_hpc/informed_swapping/BARK.py:156: UserWarning: Exited at iteration 50 with accuracies 
[3.59281383e-08]
not reaching the requested tolerance 1e-09.
Use iteration 51 instead with accuracy 
3.592813833573407e-08.

  values, vectors = lobpcg(projected_hamiltonian, guess, largest=False,
/home/erosanow_hpc/informed_swapping/BARK.py:156: UserWarning: Exited postprocessing with accuracies 
[3.59281384e-08]
not reaching the requested tolerance 1e-09.
  values, vectors = lobpcg(projected_hamiltonian, guess, largest=False,
/home/erosanow_hpc/informed_swapping/BARK.py:156: UserWarning: Exited at iteration 50 with accuracies 
[3.41579568e-08]
not reaching the requested tolerance 1e-09.
Use iteration 51 instead with accuracy 
3.415795682753278e-08.

  values, vectors = lobpcg(projected_hamiltonian, guess, largest=False,
/home/erosanow_hpc/informed_swapping/BARK.py:156: UserWarning: Exited postprocessing with accuracies 
[3.41579572e-08]
not reaching the requested tolerance 1e-09.
  values, vectors = lobpcg(projected_hamiltonian, guess, largest=False,
/home/erosanow_hpc/informed_swapping/BARK.py:156: UserWarning: Exited at iteration 50 with accuracies 
[4.64613027e-08]
not reaching the requested tolerance 1e-09.
Use iteration 51 instead with accuracy 
4.646130269578564e-08.

  values, vectors = lobpcg(projected_hamiltonian, guess, largest=False,
/home/erosanow_hpc/informed_swapping/BARK.py:156: UserWarning: Exited postprocessing with accuracies 
[4.64613031e-08]
not reaching the requested tolerance 1e-09.
  values, vectors = lobpcg(projected_hamiltonian, guess, largest=False,
/home/erosanow_hpc/informed_swapping/BARK.py:156: UserWarning: Exited at iteration 50 with accuracies 
[1.30182495e-08]
not reaching the requested tolerance 1e-09.
Use iteration 51 instead with accuracy 
1.301824949587793e-08.

  values, vectors = lobpcg(projected_hamiltonian, guess, largest=False,
/home/erosanow_hpc/informed_swapping/BARK.py:156: UserWarning: Exited postprocessing with accuracies 
[1.30182498e-08]
not reaching the requested tolerance 1e-09.
  values, vectors = lobpcg(projected_hamiltonian, guess, largest=False,
/home/erosanow_hpc/informed_swapping/BARK.py:156: UserWarning: Exited at iteration 50 with accuracies 
[2.53125741e-08]
not reaching the requested tolerance 1e-09.
Use iteration 51 instead with accuracy 
2.5312574135654904e-08.

  values, vectors = lobpcg(projected_hamiltonian, guess, largest=False,
/home/erosanow_hpc/informed_swapping/BARK.py:156: UserWarning: Exited postprocessing with accuracies 
[2.53125743e-08]
not reaching the requested tolerance 1e-09.
  values, vectors = lobpcg(projected_hamiltonian, guess, largest=False,
/home/erosanow_hpc/informed_swapping/BARK.py:156: UserWarning: Exited at iteration 50 with accuracies 
[2.50083563e-08]
not reaching the requested tolerance 1e-09.
Use iteration 51 instead with accuracy 
2.5008356288497803e-08.

  values, vectors = lobpcg(projected_hamiltonian, guess, largest=False,
/home/erosanow_hpc/informed_swapping/BARK.py:156: UserWarning: Exited postprocessing with accuracies 
[2.50083561e-08]
not reaching the requested tolerance 1e-09.
  values, vectors = lobpcg(projected_hamiltonian, guess, largest=False,
/home/erosanow_hpc/informed_swapping/BARK.py:156: UserWarning: Exited at iteration 50 with accuracies 
[3.43128376e-08]
not reaching the requested tolerance 1e-09.
Use iteration 51 instead with accuracy 
3.4312837597591606e-08.

  values, vectors = lobpcg(projected_hamiltonian, guess, largest=False,
/home/erosanow_hpc/informed_swapping/BARK.py:156: UserWarning: Exited postprocessing with accuracies 
[3.43128379e-08]
not reaching the requested tolerance 1e-09.
  values, vectors = lobpcg(projected_hamiltonian, guess, largest=False,
/home/erosanow_hpc/informed_swapping/BARK.py:156: UserWarning: Exited at iteration 50 with accuracies 
[2.25607159e-08]
not reaching the requested tolerance 1e-09.
Use iteration 51 instead with accuracy 
2.256071588464079e-08.

  values, vectors = lobpcg(projected_hamiltonian, guess, largest=False,
/home/erosanow_hpc/informed_swapping/BARK.py:156: UserWarning: Exited postprocessing with accuracies 
[2.25607158e-08]
not reaching the requested tolerance 1e-09.
  values, vectors = lobpcg(projected_hamiltonian, guess, largest=False,
/home/erosanow_hpc/informed_swapping/BARK.py:156: UserWarning: Exited at iteration 50 with accuracies 
[4.27818382e-08]
not reaching the requested tolerance 1e-09.
Use iteration 51 instead with accuracy 
4.2781838230210605e-08.

  values, vectors = lobpcg(projected_hamiltonian, guess, largest=False,
/home/erosanow_hpc/informed_swapping/BARK.py:156: UserWarning: Exited postprocessing with accuracies 
[4.27818378e-08]
not reaching the requested tolerance 1e-09.
  values, vectors = lobpcg(projected_hamiltonian, guess, largest=False,
/home/erosanow_hpc/informed_swapping/BARK.py:156: UserWarning: Exited at iteration 50 with accuracies 
[4.0293609e-08]
not reaching the requested tolerance 1e-09.
Use iteration 51 instead with accuracy 
4.029360901232244e-08.

  values, vectors = lobpcg(projected_hamiltonian, guess, largest=False,
/home/erosanow_hpc/informed_swapping/BARK.py:156: UserWarning: Exited postprocessing with accuracies 
[4.02936091e-08]
not reaching the requested tolerance 1e-09.
  values, vectors = lobpcg(projected_hamiltonian, guess, largest=False,
/home/erosanow_hpc/informed_swapping/BARK.py:156: UserWarning: Exited at iteration 50 with accuracies 
[5.82552354e-08]
not reaching the requested tolerance 1e-09.
Use iteration 51 instead with accuracy 
5.8255235414911975e-08.

  values, vectors = lobpcg(projected_hamiltonian, guess, largest=False,
/home/erosanow_hpc/informed_swapping/BARK.py:156: UserWarning: Exited postprocessing with accuracies 
[5.82552353e-08]
not reaching the requested tolerance 1e-09.
  values, vectors = lobpcg(projected_hamiltonian, guess, largest=False,
/home/erosanow_hpc/informed_swapping/BARK.py:156: UserWarning: Exited at iteration 50 with accuracies 
[2.98784516e-08]
not reaching the requested tolerance 1e-09.
Use iteration 51 instead with accuracy 
2.9878451618322365e-08.

  values, vectors = lobpcg(projected_hamiltonian, guess, largest=False,
/home/erosanow_hpc/informed_swapping/BARK.py:156: UserWarning: Exited postprocessing with accuracies 
[2.98784519e-08]
not reaching the requested tolerance 1e-09.
  values, vectors = lobpcg(projected_hamiltonian, guess, largest=False,
/home/erosanow_hpc/informed_swapping/BARK.py:156: UserWarning: Exited at iteration 50 with accuracies 
[4.02234613e-08]
not reaching the requested tolerance 1e-09.
Use iteration 51 instead with accuracy 
4.022346133463332e-08.

  values, vectors = lobpcg(projected_hamiltonian, guess, largest=False,
/home/erosanow_hpc/informed_swapping/BARK.py:156: UserWarning: Exited postprocessing with accuracies 
[4.02234614e-08]
not reaching the requested tolerance 1e-09.
  values, vectors = lobpcg(projected_hamiltonian, guess, largest=False,
/home/erosanow_hpc/informed_swapping/BARK.py:156: UserWarning: Exited at iteration 50 with accuracies 
[4.03128039e-08]
not reaching the requested tolerance 1e-09.
Use iteration 51 instead with accuracy 
4.0312803930338795e-08.

  values, vectors = lobpcg(projected_hamiltonian, guess, largest=False,
/home/erosanow_hpc/informed_swapping/BARK.py:156: UserWarning: Exited postprocessing with accuracies 
[4.03128042e-08]
not reaching the requested tolerance 1e-09.
  values, vectors = lobpcg(projected_hamiltonian, guess, largest=False,
/home/erosanow_hpc/informed_swapping/BARK.py:156: UserWarning: Exited at iteration 50 with accuracies 
[7.73131658e-08]
not reaching the requested tolerance 1e-09.
Use iteration 51 instead with accuracy 
7.731316576004093e-08.

  values, vectors = lobpcg(projected_hamiltonian, guess, largest=False,
/home/erosanow_hpc/informed_swapping/BARK.py:156: UserWarning: Exited postprocessing with accuracies 
[7.73131661e-08]
not reaching the requested tolerance 1e-09.
  values, vectors = lobpcg(projected_hamiltonian, guess, largest=False,
/home/erosanow_hpc/informed_swapping/BARK.py:156: UserWarning: Exited at iteration 50 with accuracies 
[4.2382399e-08]
not reaching the requested tolerance 1e-09.
Use iteration 51 instead with accuracy 
4.238239901421325e-08.

  values, vectors = lobpcg(projected_hamiltonian, guess, largest=False,
/home/erosanow_hpc/informed_swapping/BARK.py:156: UserWarning: Exited postprocessing with accuracies 
[4.23823985e-08]
not reaching the requested tolerance 1e-09.
  values, vectors = lobpcg(projected_hamiltonian, guess, largest=False,
/home/erosanow_hpc/informed_swapping/BARK.py:156: UserWarning: Exited at iteration 50 with accuracies 
[5.85495928e-08]
not reaching the requested tolerance 1e-09.
Use iteration 51 instead with accuracy 
5.854959283901572e-08.

  values, vectors = lobpcg(projected_hamiltonian, guess, largest=False,
/home/erosanow_hpc/informed_swapping/BARK.py:156: UserWarning: Exited postprocessing with accuracies 
[5.85495925e-08]
not reaching the requested tolerance 1e-09.
  values, vectors = lobpcg(projected_hamiltonian, guess, largest=False,
/home/erosanow_hpc/informed_swapping/BARK.py:156: UserWarning: Exited at iteration 50 with accuracies 
[5.51319972e-08]
not reaching the requested tolerance 1e-09.
Use iteration 51 instead with accuracy 
5.513199720936786e-08.

  values, vectors = lobpcg(projected_hamiltonian, guess, largest=False,
/home/erosanow_hpc/informed_swapping/BARK.py:156: UserWarning: Exited postprocessing with accuracies 
[5.5131997e-08]
not reaching the requested tolerance 1e-09.
  values, vectors = lobpcg(projected_hamiltonian, guess, largest=False,
/home/erosanow_hpc/informed_swapping/BARK.py:156: UserWarning: Exited at iteration 50 with accuracies 
[1.03624834e-07]
not reaching the requested tolerance 1e-09.
Use iteration 51 instead with accuracy 
1.0362483443856701e-07.

  values, vectors = lobpcg(projected_hamiltonian, guess, largest=False,
/home/erosanow_hpc/informed_swapping/BARK.py:156: UserWarning: Exited postprocessing with accuracies 
[1.03624835e-07]
not reaching the requested tolerance 1e-09.
  values, vectors = lobpcg(projected_hamiltonian, guess, largest=False,
/home/erosanow_hpc/informed_swapping/BARK.py:156: UserWarning: Exited at iteration 50 with accuracies 
[1.48788261e-08]
not reaching the requested tolerance 1e-09.
Use iteration 51 instead with accuracy 
1.4878826068071678e-08.

  values, vectors = lobpcg(projected_hamiltonian, guess, largest=False,
/home/erosanow_hpc/informed_swapping/BARK.py:156: UserWarning: Exited postprocessing with accuracies 
[1.4878826e-08]
not reaching the requested tolerance 1e-09.
  values, vectors = lobpcg(projected_hamiltonian, guess, largest=False,
/home/erosanow_hpc/informed_swapping/BARK.py:156: UserWarning: Exited at iteration 50 with accuracies 
[2.16183263e-08]
not reaching the requested tolerance 1e-09.
Use iteration 51 instead with accuracy 
2.1618326288089948e-08.

  values, vectors = lobpcg(projected_hamiltonian, guess, largest=False,
/home/erosanow_hpc/informed_swapping/BARK.py:156: UserWarning: Exited postprocessing with accuracies 
[2.16183265e-08]
not reaching the requested tolerance 1e-09.
  values, vectors = lobpcg(projected_hamiltonian, guess, largest=False,
/home/erosanow_hpc/informed_swapping/BARK.py:156: UserWarning: Exited at iteration 50 with accuracies 
[3.26822266e-08]
not reaching the requested tolerance 1e-09.
Use iteration 51 instead with accuracy 
3.26822265665816e-08.

  values, vectors = lobpcg(projected_hamiltonian, guess, largest=False,
/home/erosanow_hpc/informed_swapping/BARK.py:156: UserWarning: Exited postprocessing with accuracies 
[3.26822271e-08]
not reaching the requested tolerance 1e-09.
  values, vectors = lobpcg(projected_hamiltonian, guess, largest=False,
/home/erosanow_hpc/informed_swapping/BARK.py:156: UserWarning: Exited at iteration 50 with accuracies 
[3.75969632e-08]
not reaching the requested tolerance 1e-09.
Use iteration 51 instead with accuracy 
3.7596963154664266e-08.

  values, vectors = lobpcg(projected_hamiltonian, guess, largest=False,
/home/erosanow_hpc/informed_swapping/BARK.py:156: UserWarning: Exited postprocessing with accuracies 
[3.75969627e-08]
not reaching the requested tolerance 1e-09.
  values, vectors = lobpcg(projected_hamiltonian, guess, largest=False,
/home/erosanow_hpc/informed_swapping/BARK.py:156: UserWarning: Exited at iteration 50 with accuracies 
[2.91524718e-08]
not reaching the requested tolerance 1e-09.
Use iteration 51 instead with accuracy 
2.9152471785583185e-08.

  values, vectors = lobpcg(projected_hamiltonian, guess, largest=False,
/home/erosanow_hpc/informed_swapping/BARK.py:156: UserWarning: Exited postprocessing with accuracies 
[2.91524718e-08]
not reaching the requested tolerance 1e-09.
  values, vectors = lobpcg(projected_hamiltonian, guess, largest=False,
/home/erosanow_hpc/informed_swapping/BARK.py:156: UserWarning: Exited at iteration 50 with accuracies 
[4.08240347e-08]
not reaching the requested tolerance 1e-09.
Use iteration 51 instead with accuracy 
4.082403474395033e-08.

  values, vectors = lobpcg(projected_hamiltonian, guess, largest=False,
/home/erosanow_hpc/informed_swapping/BARK.py:156: UserWarning: Exited postprocessing with accuracies 
[4.08240348e-08]
not reaching the requested tolerance 1e-09.
  values, vectors = lobpcg(projected_hamiltonian, guess, largest=False,
/home/erosanow_hpc/informed_swapping/BARK.py:156: UserWarning: Exited at iteration 50 with accuracies 
[3.99014269e-08]
not reaching the requested tolerance 1e-09.
Use iteration 51 instead with accuracy 
3.990142694329375e-08.

  values, vectors = lobpcg(projected_hamiltonian, guess, largest=False,
/home/erosanow_hpc/informed_swapping/BARK.py:156: UserWarning: Exited postprocessing with accuracies 
[3.9901427e-08]
not reaching the requested tolerance 1e-09.
  values, vectors = lobpcg(projected_hamiltonian, guess, largest=False,
/home/erosanow_hpc/informed_swapping/BARK.py:156: UserWarning: Exited at iteration 50 with accuracies 
[7.16162119e-08]
not reaching the requested tolerance 1e-09.
Use iteration 51 instead with accuracy 
7.161621189997426e-08.

  values, vectors = lobpcg(projected_hamiltonian, guess, largest=False,
/home/erosanow_hpc/informed_swapping/BARK.py:156: UserWarning: Exited postprocessing with accuracies 
[7.16162118e-08]
not reaching the requested tolerance 1e-09.
  values, vectors = lobpcg(projected_hamiltonian, guess, largest=False,
/home/erosanow_hpc/informed_swapping/BARK.py:156: UserWarning: Exited at iteration 50 with accuracies 
[2.89622616e-08]
not reaching the requested tolerance 1e-09.
Use iteration 51 instead with accuracy 
2.8962261604414304e-08.

  values, vectors = lobpcg(projected_hamiltonian, guess, largest=False,
/home/erosanow_hpc/informed_swapping/BARK.py:156: UserWarning: Exited postprocessing with accuracies 
[2.89622617e-08]
not reaching the requested tolerance 1e-09.
  values, vectors = lobpcg(projected_hamiltonian, guess, largest=False,
/home/erosanow_hpc/informed_swapping/BARK.py:156: UserWarning: Exited at iteration 50 with accuracies 
[5.46069294e-08]
not reaching the requested tolerance 1e-09.
Use iteration 51 instead with accuracy 
5.460692935459074e-08.

  values, vectors = lobpcg(projected_hamiltonian, guess, largest=False,
/home/erosanow_hpc/informed_swapping/BARK.py:156: UserWarning: Exited postprocessing with accuracies 
[5.46069291e-08]
not reaching the requested tolerance 1e-09.
  values, vectors = lobpcg(projected_hamiltonian, guess, largest=False,
/home/erosanow_hpc/informed_swapping/BARK.py:156: UserWarning: Exited at iteration 50 with accuracies 
[5.15765187e-08]
not reaching the requested tolerance 1e-09.
Use iteration 51 instead with accuracy 
5.157651867455835e-08.

  values, vectors = lobpcg(projected_hamiltonian, guess, largest=False,
/home/erosanow_hpc/informed_swapping/BARK.py:156: UserWarning: Exited postprocessing with accuracies 
[5.15765188e-08]
not reaching the requested tolerance 1e-09.
  values, vectors = lobpcg(projected_hamiltonian, guess, largest=False,
/home/erosanow_hpc/informed_swapping/BARK.py:156: UserWarning: Exited at iteration 50 with accuracies 
[7.24277859e-08]
not reaching the requested tolerance 1e-09.
Use iteration 51 instead with accuracy 
7.242778587252882e-08.

  values, vectors = lobpcg(projected_hamiltonian, guess, largest=False,
/home/erosanow_hpc/informed_swapping/BARK.py:156: UserWarning: Exited postprocessing with accuracies 
[7.2427786e-08]
not reaching the requested tolerance 1e-09.
  values, vectors = lobpcg(projected_hamiltonian, guess, largest=False,
/home/erosanow_hpc/informed_swapping/BARK.py:156: UserWarning: Exited at iteration 50 with accuracies 
[3.76384022e-08]
not reaching the requested tolerance 1e-09.
Use iteration 51 instead with accuracy 
3.7638402177151844e-08.

  values, vectors = lobpcg(projected_hamiltonian, guess, largest=False,
/home/erosanow_hpc/informed_swapping/BARK.py:156: UserWarning: Exited postprocessing with accuracies 
[3.7638402e-08]
not reaching the requested tolerance 1e-09.
  values, vectors = lobpcg(projected_hamiltonian, guess, largest=False,
/home/erosanow_hpc/informed_swapping/BARK.py:156: UserWarning: Exited at iteration 50 with accuracies 
[6.94372573e-08]
not reaching the requested tolerance 1e-09.
Use iteration 51 instead with accuracy 
6.943725732165403e-08.

  values, vectors = lobpcg(projected_hamiltonian, guess, largest=False,
/home/erosanow_hpc/informed_swapping/BARK.py:156: UserWarning: Exited postprocessing with accuracies 
[6.94372574e-08]
not reaching the requested tolerance 1e-09.
  values, vectors = lobpcg(projected_hamiltonian, guess, largest=False,
/home/erosanow_hpc/informed_swapping/BARK.py:156: UserWarning: Exited at iteration 50 with accuracies 
[7.12617938e-08]
not reaching the requested tolerance 1e-09.
Use iteration 51 instead with accuracy 
7.126179377009936e-08.

  values, vectors = lobpcg(projected_hamiltonian, guess, largest=False,
/home/erosanow_hpc/informed_swapping/BARK.py:156: UserWarning: Exited postprocessing with accuracies 
[7.12617936e-08]
not reaching the requested tolerance 1e-09.
  values, vectors = lobpcg(projected_hamiltonian, guess, largest=False,
/home/erosanow_hpc/informed_swapping/BARK.py:156: UserWarning: Exited at iteration 50 with accuracies 
[1.02478821e-07]
not reaching the requested tolerance 1e-09.
Use iteration 51 instead with accuracy 
1.0247882078942802e-07.

  values, vectors = lobpcg(projected_hamiltonian, guess, largest=False,
/home/erosanow_hpc/informed_swapping/BARK.py:156: UserWarning: Exited postprocessing with accuracies 
[1.02478821e-07]
not reaching the requested tolerance 1e-09.
  values, vectors = lobpcg(projected_hamiltonian, guess, largest=False,
/home/erosanow_hpc/informed_swapping/BARK.py:156: UserWarning: Exited at iteration 50 with accuracies 
[2.97471646e-08]
not reaching the requested tolerance 1e-09.
Use iteration 51 instead with accuracy 
2.9747164592606823e-08.

  values, vectors = lobpcg(projected_hamiltonian, guess, largest=False,
/home/erosanow_hpc/informed_swapping/BARK.py:156: UserWarning: Exited postprocessing with accuracies 
[2.97471644e-08]
not reaching the requested tolerance 1e-09.
  values, vectors = lobpcg(projected_hamiltonian, guess, largest=False,
/home/erosanow_hpc/informed_swapping/BARK.py:156: UserWarning: Exited at iteration 50 with accuracies 
[5.38318501e-08]
not reaching the requested tolerance 1e-09.
Use iteration 51 instead with accuracy 
5.3831850121814634e-08.

  values, vectors = lobpcg(projected_hamiltonian, guess, largest=False,
/home/erosanow_hpc/informed_swapping/BARK.py:156: UserWarning: Exited postprocessing with accuracies 
[5.38318502e-08]
not reaching the requested tolerance 1e-09.
  values, vectors = lobpcg(projected_hamiltonian, guess, largest=False,
/home/erosanow_hpc/informed_swapping/BARK.py:156: UserWarning: Exited at iteration 50 with accuracies 
[5.13917316e-08]
not reaching the requested tolerance 1e-09.
Use iteration 51 instead with accuracy 
5.139173163823816e-08.

  values, vectors = lobpcg(projected_hamiltonian, guess, largest=False,
/home/erosanow_hpc/informed_swapping/BARK.py:156: UserWarning: Exited postprocessing with accuracies 
[5.13917318e-08]
not reaching the requested tolerance 1e-09.
  values, vectors = lobpcg(projected_hamiltonian, guess, largest=False,
