/home/erosanow_hpc/informed_swapping/BARK.py:156: UserWarning: Exited at iteration 50 with accuracies 
[1.05426533e-09]
not reaching the requested tolerance 1e-09.
Use iteration 51 instead with accuracy 
1.054265328180272e-09.

  values, vectors = lobpcg(projected_hamiltonian, guess, largest=False,
/home/erosanow_hpc/informed_swapping/BARK.py:156: UserWarning: Exited postprocessing with accuracies 
[1.05426576e-09]
not reaching the requested tolerance 1e-09.
  values, vectors = lobpcg(projected_hamiltonian, guess, largest=False,
/home/erosanow_hpc/informed_swapping/BARK.py:156: UserWarning: Exited at iteration 50 with accuracies 
[1.22221791e-09]
not reaching the requested tolerance 1e-09.
Use iteration 51 instead with accuracy 
1.222217910182777e-09.

  values, vectors = lobpcg(projected_hamiltonian, guess, largest=False,
/home/erosanow_hpc/informed_swapping/BARK.py:156: UserWarning: Exited postprocessing with accuracies 
[1.22221764e-09]
not reaching the requested tolerance 1e-09.
  values, vectors = lobpcg(projected_hamiltonian, guess, largest=False,
/home/erosanow_hpc/informed_swapping/BARK.py:156: UserWarning: Exited at iteration 50 with accuracies 
[1.36802221e-09]
not reaching the requested tolerance 1e-09.
Use iteration 51 instead with accuracy 
1.3680222135361658e-09.

  values, vectors = lobpcg(projected_hamiltonian, guess, largest=False,
/home/erosanow_hpc/informed_swapping/BARK.py:156: UserWarning: Exited postprocessing with accuracies 
[1.36802223e-09]
not reaching the requested tolerance 1e-09.
  values, vectors = lobpcg(projected_hamiltonian, guess, largest=False,
/home/erosanow_hpc/informed_swapping/BARK.py:156: UserWarning: Exited at iteration 50 with accuracies 
[1.73083964e-09]
not reaching the requested tolerance 1e-09.
Use iteration 51 instead with accuracy 
1.730839641670425e-09.

  values, vectors = lobpcg(projected_hamiltonian, guess, largest=False,
/home/erosanow_hpc/informed_swapping/BARK.py:156: UserWarning: Exited postprocessing with accuracies 
[1.73083957e-09]
not reaching the requested tolerance 1e-09.
  values, vectors = lobpcg(projected_hamiltonian, guess, largest=False,
/home/erosanow_hpc/informed_swapping/BARK.py:156: UserWarning: Exited at iteration 50 with accuracies 
[6.50523168e-09]
not reaching the requested tolerance 1e-09.
Use iteration 51 instead with accuracy 
6.505231675252471e-09.

  values, vectors = lobpcg(projected_hamiltonian, guess, largest=False,
/home/erosanow_hpc/informed_swapping/BARK.py:156: UserWarning: Exited postprocessing with accuracies 
[6.5052308e-09]
not reaching the requested tolerance 1e-09.
  values, vectors = lobpcg(projected_hamiltonian, guess, largest=False,
/home/erosanow_hpc/informed_swapping/BARK.py:156: UserWarning: Exited at iteration 50 with accuracies 
[1.10165849e-09]
not reaching the requested tolerance 1e-09.
Use iteration 51 instead with accuracy 
1.1016584909752637e-09.

  values, vectors = lobpcg(projected_hamiltonian, guess, largest=False,
/home/erosanow_hpc/informed_swapping/BARK.py:156: UserWarning: Exited postprocessing with accuracies 
[1.10165828e-09]
not reaching the requested tolerance 1e-09.
  values, vectors = lobpcg(projected_hamiltonian, guess, largest=False,
/home/erosanow_hpc/informed_swapping/BARK.py:156: UserWarning: Exited at iteration 50 with accuracies 
[1.19798419e-09]
not reaching the requested tolerance 1e-09.
Use iteration 51 instead with accuracy 
1.1979841901664532e-09.

  values, vectors = lobpcg(projected_hamiltonian, guess, largest=False,
/home/erosanow_hpc/informed_swapping/BARK.py:156: UserWarning: Exited postprocessing with accuracies 
[1.19798423e-09]
not reaching the requested tolerance 1e-09.
  values, vectors = lobpcg(projected_hamiltonian, guess, largest=False,
/home/erosanow_hpc/informed_swapping/BARK.py:156: UserWarning: Exited at iteration 50 with accuracies 
[1.20688638e-09]
not reaching the requested tolerance 1e-09.
Use iteration 51 instead with accuracy 
1.206886376338771e-09.

  values, vectors = lobpcg(projected_hamiltonian, guess, largest=False,
/home/erosanow_hpc/informed_swapping/BARK.py:156: UserWarning: Exited postprocessing with accuracies 
[1.20688627e-09]
not reaching the requested tolerance 1e-09.
  values, vectors = lobpcg(projected_hamiltonian, guess, largest=False,
/home/erosanow_hpc/informed_swapping/BARK.py:156: UserWarning: Exited at iteration 50 with accuracies 
[1.26233908e-09]
not reaching the requested tolerance 1e-09.
Use iteration 51 instead with accuracy 
1.2623390812473233e-09.

  values, vectors = lobpcg(projected_hamiltonian, guess, largest=False,
/home/erosanow_hpc/informed_swapping/BARK.py:156: UserWarning: Exited postprocessing with accuracies 
[1.26233876e-09]
not reaching the requested tolerance 1e-09.
  values, vectors = lobpcg(projected_hamiltonian, guess, largest=False,
/home/erosanow_hpc/informed_swapping/BARK.py:156: UserWarning: Exited at iteration 50 with accuracies 
[1.31223209e-09]
not reaching the requested tolerance 1e-09.
Use iteration 51 instead with accuracy 
1.3122320924643757e-09.

  values, vectors = lobpcg(projected_hamiltonian, guess, largest=False,
/home/erosanow_hpc/informed_swapping/BARK.py:156: UserWarning: Exited postprocessing with accuracies 
[1.31223148e-09]
not reaching the requested tolerance 1e-09.
  values, vectors = lobpcg(projected_hamiltonian, guess, largest=False,
/home/erosanow_hpc/informed_swapping/BARK.py:156: UserWarning: Exited at iteration 50 with accuracies 
[1.74782204e-09]
not reaching the requested tolerance 1e-09.
Use iteration 51 instead with accuracy 
1.7478220402898338e-09.

  values, vectors = lobpcg(projected_hamiltonian, guess, largest=False,
/home/erosanow_hpc/informed_swapping/BARK.py:156: UserWarning: Exited postprocessing with accuracies 
[1.74782209e-09]
not reaching the requested tolerance 1e-09.
  values, vectors = lobpcg(projected_hamiltonian, guess, largest=False,
/home/erosanow_hpc/informed_swapping/BARK.py:156: UserWarning: Exited at iteration 50 with accuracies 
[3.41649778e-09]
not reaching the requested tolerance 1e-09.
Use iteration 51 instead with accuracy 
3.416497782801558e-09.

  values, vectors = lobpcg(projected_hamiltonian, guess, largest=False,
/home/erosanow_hpc/informed_swapping/BARK.py:156: UserWarning: Exited postprocessing with accuracies 
[3.41649759e-09]
not reaching the requested tolerance 1e-09.
  values, vectors = lobpcg(projected_hamiltonian, guess, largest=False,
/home/erosanow_hpc/informed_swapping/BARK.py:156: UserWarning: Exited at iteration 50 with accuracies 
[1.26469418e-09]
not reaching the requested tolerance 1e-09.
Use iteration 51 instead with accuracy 
1.2646941840002243e-09.

  values, vectors = lobpcg(projected_hamiltonian, guess, largest=False,
/home/erosanow_hpc/informed_swapping/BARK.py:156: UserWarning: Exited postprocessing with accuracies 
[1.26469361e-09]
not reaching the requested tolerance 1e-09.
  values, vectors = lobpcg(projected_hamiltonian, guess, largest=False,
/home/erosanow_hpc/informed_swapping/BARK.py:156: UserWarning: Exited at iteration 50 with accuracies 
[1.15128932e-09]
not reaching the requested tolerance 1e-09.
Use iteration 51 instead with accuracy 
1.15128931570878e-09.

  values, vectors = lobpcg(projected_hamiltonian, guess, largest=False,
/home/erosanow_hpc/informed_swapping/BARK.py:156: UserWarning: Exited postprocessing with accuracies 
[1.15129011e-09]
not reaching the requested tolerance 1e-09.
  values, vectors = lobpcg(projected_hamiltonian, guess, largest=False,
/home/erosanow_hpc/informed_swapping/BARK.py:156: UserWarning: Exited at iteration 50 with accuracies 
[1.48599122e-09]
not reaching the requested tolerance 1e-09.
Use iteration 51 instead with accuracy 
1.4859912186809422e-09.

  values, vectors = lobpcg(projected_hamiltonian, guess, largest=False,
/home/erosanow_hpc/informed_swapping/BARK.py:156: UserWarning: Exited postprocessing with accuracies 
[1.48599186e-09]
not reaching the requested tolerance 1e-09.
  values, vectors = lobpcg(projected_hamiltonian, guess, largest=False,
/home/erosanow_hpc/informed_swapping/BARK.py:156: UserWarning: Exited at iteration 50 with accuracies 
[2.70741241e-09]
not reaching the requested tolerance 1e-09.
Use iteration 51 instead with accuracy 
2.7074124148788312e-09.

  values, vectors = lobpcg(projected_hamiltonian, guess, largest=False,
/home/erosanow_hpc/informed_swapping/BARK.py:156: UserWarning: Exited postprocessing with accuracies 
[2.70741249e-09]
not reaching the requested tolerance 1e-09.
  values, vectors = lobpcg(projected_hamiltonian, guess, largest=False,
/home/erosanow_hpc/informed_swapping/BARK.py:156: UserWarning: Exited at iteration 50 with accuracies 
[1.00265063e-09]
not reaching the requested tolerance 1e-09.
Use iteration 51 instead with accuracy 
1.0026506291098165e-09.

  values, vectors = lobpcg(projected_hamiltonian, guess, largest=False,
/home/erosanow_hpc/informed_swapping/BARK.py:156: UserWarning: Exited postprocessing with accuracies 
[1.00265178e-09]
not reaching the requested tolerance 1e-09.
  values, vectors = lobpcg(projected_hamiltonian, guess, largest=False,
/home/erosanow_hpc/informed_swapping/BARK.py:156: UserWarning: Exited at iteration 50 with accuracies 
[1.13378978e-09]
not reaching the requested tolerance 1e-09.
Use iteration 51 instead with accuracy 
1.1337897823138226e-09.

  values, vectors = lobpcg(projected_hamiltonian, guess, largest=False,
/home/erosanow_hpc/informed_swapping/BARK.py:156: UserWarning: Exited postprocessing with accuracies 
[1.13378974e-09]
not reaching the requested tolerance 1e-09.
  values, vectors = lobpcg(projected_hamiltonian, guess, largest=False,
/home/erosanow_hpc/informed_swapping/BARK.py:156: UserWarning: Exited at iteration 50 with accuracies 
[1.45290412e-09]
not reaching the requested tolerance 1e-09.
Use iteration 51 instead with accuracy 
1.4529041172488374e-09.

  values, vectors = lobpcg(projected_hamiltonian, guess, largest=False,
/home/erosanow_hpc/informed_swapping/BARK.py:156: UserWarning: Exited postprocessing with accuracies 
[1.45290404e-09]
not reaching the requested tolerance 1e-09.
  values, vectors = lobpcg(projected_hamiltonian, guess, largest=False,
/home/erosanow_hpc/informed_swapping/BARK.py:156: UserWarning: Exited at iteration 50 with accuracies 
[2.65085521e-09]
not reaching the requested tolerance 1e-09.
Use iteration 51 instead with accuracy 
2.650855208610002e-09.

  values, vectors = lobpcg(projected_hamiltonian, guess, largest=False,
/home/erosanow_hpc/informed_swapping/BARK.py:156: UserWarning: Exited postprocessing with accuracies 
[2.6508545e-09]
not reaching the requested tolerance 1e-09.
  values, vectors = lobpcg(projected_hamiltonian, guess, largest=False,
/home/erosanow_hpc/informed_swapping/BARK.py:156: UserWarning: Exited at iteration 50 with accuracies 
[1.27880176e-09]
not reaching the requested tolerance 1e-09.
Use iteration 51 instead with accuracy 
1.2788017582131473e-09.

  values, vectors = lobpcg(projected_hamiltonian, guess, largest=False,
/home/erosanow_hpc/informed_swapping/BARK.py:156: UserWarning: Exited postprocessing with accuracies 
[1.27880255e-09]
not reaching the requested tolerance 1e-09.
  values, vectors = lobpcg(projected_hamiltonian, guess, largest=False,
/home/erosanow_hpc/informed_swapping/BARK.py:156: UserWarning: Exited at iteration 50 with accuracies 
[1.19779419e-09]
not reaching the requested tolerance 1e-09.
Use iteration 51 instead with accuracy 
1.197794193505341e-09.

  values, vectors = lobpcg(projected_hamiltonian, guess, largest=False,
/home/erosanow_hpc/informed_swapping/BARK.py:156: UserWarning: Exited postprocessing with accuracies 
[1.19779447e-09]
not reaching the requested tolerance 1e-09.
  values, vectors = lobpcg(projected_hamiltonian, guess, largest=False,
/home/erosanow_hpc/informed_swapping/BARK.py:156: UserWarning: Exited at iteration 50 with accuracies 
[2.10769727e-09]
not reaching the requested tolerance 1e-09.
Use iteration 51 instead with accuracy 
2.1076972713554174e-09.

  values, vectors = lobpcg(projected_hamiltonian, guess, largest=False,
/home/erosanow_hpc/informed_swapping/BARK.py:156: UserWarning: Exited postprocessing with accuracies 
[2.1076969e-09]
not reaching the requested tolerance 1e-09.
  values, vectors = lobpcg(projected_hamiltonian, guess, largest=False,
/home/erosanow_hpc/informed_swapping/BARK.py:156: UserWarning: Exited at iteration 50 with accuracies 
[1.18906474e-09]
not reaching the requested tolerance 1e-09.
Use iteration 51 instead with accuracy 
1.1890647375695623e-09.

  values, vectors = lobpcg(projected_hamiltonian, guess, largest=False,
/home/erosanow_hpc/informed_swapping/BARK.py:156: UserWarning: Exited postprocessing with accuracies 
[1.18906452e-09]
not reaching the requested tolerance 1e-09.
  values, vectors = lobpcg(projected_hamiltonian, guess, largest=False,
/home/erosanow_hpc/informed_swapping/BARK.py:156: UserWarning: Exited at iteration 50 with accuracies 
[1.49788987e-09]
not reaching the requested tolerance 1e-09.
Use iteration 51 instead with accuracy 
1.4978898663718396e-09.

  values, vectors = lobpcg(projected_hamiltonian, guess, largest=False,
/home/erosanow_hpc/informed_swapping/BARK.py:156: UserWarning: Exited postprocessing with accuracies 
[1.49789002e-09]
not reaching the requested tolerance 1e-09.
  values, vectors = lobpcg(projected_hamiltonian, guess, largest=False,
/home/erosanow_hpc/informed_swapping/BARK.py:156: UserWarning: Exited at iteration 50 with accuracies 
[2.5870681e-09]
not reaching the requested tolerance 1e-09.
Use iteration 51 instead with accuracy 
2.587068100541727e-09.

  values, vectors = lobpcg(projected_hamiltonian, guess, largest=False,
/home/erosanow_hpc/informed_swapping/BARK.py:156: UserWarning: Exited postprocessing with accuracies 
[2.58706774e-09]
not reaching the requested tolerance 1e-09.
  values, vectors = lobpcg(projected_hamiltonian, guess, largest=False,
/home/erosanow_hpc/informed_swapping/BARK.py:156: UserWarning: Exited at iteration 50 with accuracies 
[1.40887938e-09]
not reaching the requested tolerance 1e-09.
Use iteration 51 instead with accuracy 
1.4088793757033165e-09.

  values, vectors = lobpcg(projected_hamiltonian, guess, largest=False,
/home/erosanow_hpc/informed_swapping/BARK.py:156: UserWarning: Exited postprocessing with accuracies 
[1.40887831e-09]
not reaching the requested tolerance 1e-09.
  values, vectors = lobpcg(projected_hamiltonian, guess, largest=False,
/home/erosanow_hpc/informed_swapping/BARK.py:156: UserWarning: Exited at iteration 50 with accuracies 
[2.84145387e-09]
not reaching the requested tolerance 1e-09.
Use iteration 51 instead with accuracy 
2.8414538714454675e-09.

  values, vectors = lobpcg(projected_hamiltonian, guess, largest=False,
/home/erosanow_hpc/informed_swapping/BARK.py:156: UserWarning: Exited postprocessing with accuracies 
[2.84145401e-09]
not reaching the requested tolerance 1e-09.
  values, vectors = lobpcg(projected_hamiltonian, guess, largest=False,
/home/erosanow_hpc/informed_swapping/BARK.py:156: UserWarning: Exited at iteration 50 with accuracies 
[3.35541797e-09]
not reaching the requested tolerance 1e-09.
Use iteration 51 instead with accuracy 
3.355417967463214e-09.

  values, vectors = lobpcg(projected_hamiltonian, guess, largest=False,
/home/erosanow_hpc/informed_swapping/BARK.py:156: UserWarning: Exited postprocessing with accuracies 
[3.35541767e-09]
not reaching the requested tolerance 1e-09.
  values, vectors = lobpcg(projected_hamiltonian, guess, largest=False,
/home/erosanow_hpc/informed_swapping/BARK.py:156: UserWarning: Exited at iteration 50 with accuracies 
[6.08232618e-09]
not reaching the requested tolerance 1e-09.
Use iteration 51 instead with accuracy 
6.082326179237008e-09.

  values, vectors = lobpcg(projected_hamiltonian, guess, largest=False,
/home/erosanow_hpc/informed_swapping/BARK.py:156: UserWarning: Exited postprocessing with accuracies 
[6.08232609e-09]
not reaching the requested tolerance 1e-09.
  values, vectors = lobpcg(projected_hamiltonian, guess, largest=False,
/home/erosanow_hpc/informed_swapping/BARK.py:156: UserWarning: Exited at iteration 50 with accuracies 
[1.64607017e-09]
not reaching the requested tolerance 1e-09.
Use iteration 51 instead with accuracy 
1.6460701734135653e-09.

  values, vectors = lobpcg(projected_hamiltonian, guess, largest=False,
/home/erosanow_hpc/informed_swapping/BARK.py:156: UserWarning: Exited postprocessing with accuracies 
[1.6460706e-09]
not reaching the requested tolerance 1e-09.
  values, vectors = lobpcg(projected_hamiltonian, guess, largest=False,
/home/erosanow_hpc/informed_swapping/BARK.py:156: UserWarning: Exited at iteration 50 with accuracies 
[1.21825319e-09]
not reaching the requested tolerance 1e-09.
Use iteration 51 instead with accuracy 
1.2182531947995945e-09.

  values, vectors = lobpcg(projected_hamiltonian, guess, largest=False,
/home/erosanow_hpc/informed_swapping/BARK.py:156: UserWarning: Exited postprocessing with accuracies 
[1.21825283e-09]
not reaching the requested tolerance 1e-09.
  values, vectors = lobpcg(projected_hamiltonian, guess, largest=False,
/home/erosanow_hpc/informed_swapping/BARK.py:156: UserWarning: Exited at iteration 50 with accuracies 
[1.38491114e-09]
not reaching the requested tolerance 1e-09.
Use iteration 51 instead with accuracy 
1.3849111409463335e-09.

  values, vectors = lobpcg(projected_hamiltonian, guess, largest=False,
/home/erosanow_hpc/informed_swapping/BARK.py:156: UserWarning: Exited postprocessing with accuracies 
[1.38491177e-09]
not reaching the requested tolerance 1e-09.
  values, vectors = lobpcg(projected_hamiltonian, guess, largest=False,
/home/erosanow_hpc/informed_swapping/BARK.py:156: UserWarning: Exited at iteration 50 with accuracies 
[1.47627594e-09]
not reaching the requested tolerance 1e-09.
Use iteration 51 instead with accuracy 
1.476275943783507e-09.

  values, vectors = lobpcg(projected_hamiltonian, guess, largest=False,
/home/erosanow_hpc/informed_swapping/BARK.py:156: UserWarning: Exited postprocessing with accuracies 
[1.47627677e-09]
not reaching the requested tolerance 1e-09.
  values, vectors = lobpcg(projected_hamiltonian, guess, largest=False,
/home/erosanow_hpc/informed_swapping/BARK.py:156: UserWarning: Exited at iteration 50 with accuracies 
[1.67913147e-09]
not reaching the requested tolerance 1e-09.
Use iteration 51 instead with accuracy 
1.679131471515016e-09.

  values, vectors = lobpcg(projected_hamiltonian, guess, largest=False,
/home/erosanow_hpc/informed_swapping/BARK.py:156: UserWarning: Exited postprocessing with accuracies 
[1.67913171e-09]
not reaching the requested tolerance 1e-09.
  values, vectors = lobpcg(projected_hamiltonian, guess, largest=False,
/home/erosanow_hpc/informed_swapping/BARK.py:156: UserWarning: Exited at iteration 50 with accuracies 
[2.00830823e-09]
not reaching the requested tolerance 1e-09.
Use iteration 51 instead with accuracy 
2.0083082331544676e-09.

  values, vectors = lobpcg(projected_hamiltonian, guess, largest=False,
/home/erosanow_hpc/informed_swapping/BARK.py:156: UserWarning: Exited postprocessing with accuracies 
[2.00830848e-09]
not reaching the requested tolerance 1e-09.
  values, vectors = lobpcg(projected_hamiltonian, guess, largest=False,
/home/erosanow_hpc/informed_swapping/BARK.py:156: UserWarning: Exited at iteration 50 with accuracies 
[3.77316109e-09]
not reaching the requested tolerance 1e-09.
Use iteration 51 instead with accuracy 
3.773161093260312e-09.

  values, vectors = lobpcg(projected_hamiltonian, guess, largest=False,
/home/erosanow_hpc/informed_swapping/BARK.py:156: UserWarning: Exited postprocessing with accuracies 
[3.77316132e-09]
not reaching the requested tolerance 1e-09.
  values, vectors = lobpcg(projected_hamiltonian, guess, largest=False,
/home/erosanow_hpc/informed_swapping/BARK.py:156: UserWarning: Exited at iteration 50 with accuracies 
[1.8045368e-09]
not reaching the requested tolerance 1e-09.
Use iteration 51 instead with accuracy 
1.8045368039744158e-09.

  values, vectors = lobpcg(projected_hamiltonian, guess, largest=False,
/home/erosanow_hpc/informed_swapping/BARK.py:156: UserWarning: Exited postprocessing with accuracies 
[1.80453636e-09]
not reaching the requested tolerance 1e-09.
  values, vectors = lobpcg(projected_hamiltonian, guess, largest=False,
/home/erosanow_hpc/informed_swapping/BARK.py:156: UserWarning: Exited at iteration 50 with accuracies 
[1.69753822e-09]
not reaching the requested tolerance 1e-09.
Use iteration 51 instead with accuracy 
1.6975382171200483e-09.

  values, vectors = lobpcg(projected_hamiltonian, guess, largest=False,
/home/erosanow_hpc/informed_swapping/BARK.py:156: UserWarning: Exited postprocessing with accuracies 
[1.69753787e-09]
not reaching the requested tolerance 1e-09.
  values, vectors = lobpcg(projected_hamiltonian, guess, largest=False,
/home/erosanow_hpc/informed_swapping/BARK.py:156: UserWarning: Exited at iteration 50 with accuracies 
[1.72593599e-09]
not reaching the requested tolerance 1e-09.
Use iteration 51 instead with accuracy 
1.7259359912112663e-09.

  values, vectors = lobpcg(projected_hamiltonian, guess, largest=False,
/home/erosanow_hpc/informed_swapping/BARK.py:156: UserWarning: Exited postprocessing with accuracies 
[1.72593653e-09]
not reaching the requested tolerance 1e-09.
  values, vectors = lobpcg(projected_hamiltonian, guess, largest=False,
/home/erosanow_hpc/informed_swapping/BARK.py:156: UserWarning: Exited at iteration 50 with accuracies 
[1.2123787e-09]
not reaching the requested tolerance 1e-09.
Use iteration 51 instead with accuracy 
1.212378696751027e-09.

  values, vectors = lobpcg(projected_hamiltonian, guess, largest=False,
/home/erosanow_hpc/informed_swapping/BARK.py:156: UserWarning: Exited postprocessing with accuracies 
[1.21237899e-09]
not reaching the requested tolerance 1e-09.
  values, vectors = lobpcg(projected_hamiltonian, guess, largest=False,
/home/erosanow_hpc/informed_swapping/BARK.py:156: UserWarning: Exited at iteration 50 with accuracies 
[2.29531914e-09]
not reaching the requested tolerance 1e-09.
Use iteration 51 instead with accuracy 
2.295319136308783e-09.

  values, vectors = lobpcg(projected_hamiltonian, guess, largest=False,
/home/erosanow_hpc/informed_swapping/BARK.py:156: UserWarning: Exited postprocessing with accuracies 
[2.29531859e-09]
not reaching the requested tolerance 1e-09.
  values, vectors = lobpcg(projected_hamiltonian, guess, largest=False,
/home/erosanow_hpc/informed_swapping/BARK.py:156: UserWarning: Exited at iteration 50 with accuracies 
[2.6119229e-09]
not reaching the requested tolerance 1e-09.
Use iteration 51 instead with accuracy 
2.611922897357494e-09.

  values, vectors = lobpcg(projected_hamiltonian, guess, largest=False,
/home/erosanow_hpc/informed_swapping/BARK.py:156: UserWarning: Exited postprocessing with accuracies 
[2.61192241e-09]
not reaching the requested tolerance 1e-09.
  values, vectors = lobpcg(projected_hamiltonian, guess, largest=False,
/home/erosanow_hpc/informed_swapping/BARK.py:156: UserWarning: Exited at iteration 50 with accuracies 
[4.61662388e-09]
not reaching the requested tolerance 1e-09.
Use iteration 51 instead with accuracy 
4.616623880102166e-09.

  values, vectors = lobpcg(projected_hamiltonian, guess, largest=False,
/home/erosanow_hpc/informed_swapping/BARK.py:156: UserWarning: Exited postprocessing with accuracies 
[4.61662477e-09]
not reaching the requested tolerance 1e-09.
  values, vectors = lobpcg(projected_hamiltonian, guess, largest=False,
/home/erosanow_hpc/informed_swapping/BARK.py:156: UserWarning: Exited at iteration 50 with accuracies 
[1.39294488e-09]
not reaching the requested tolerance 1e-09.
Use iteration 51 instead with accuracy 
1.3929448842189245e-09.

  values, vectors = lobpcg(projected_hamiltonian, guess, largest=False,
/home/erosanow_hpc/informed_swapping/BARK.py:156: UserWarning: Exited postprocessing with accuracies 
[1.39294453e-09]
not reaching the requested tolerance 1e-09.
  values, vectors = lobpcg(projected_hamiltonian, guess, largest=False,
/home/erosanow_hpc/informed_swapping/BARK.py:156: UserWarning: Exited at iteration 50 with accuracies 
[1.53611436e-09]
not reaching the requested tolerance 1e-09.
Use iteration 51 instead with accuracy 
1.536114363308291e-09.

  values, vectors = lobpcg(projected_hamiltonian, guess, largest=False,
/home/erosanow_hpc/informed_swapping/BARK.py:156: UserWarning: Exited postprocessing with accuracies 
[1.53611364e-09]
not reaching the requested tolerance 1e-09.
  values, vectors = lobpcg(projected_hamiltonian, guess, largest=False,
/home/erosanow_hpc/informed_swapping/BARK.py:156: UserWarning: Exited at iteration 50 with accuracies 
[1.02685936e-09]
not reaching the requested tolerance 1e-09.
Use iteration 51 instead with accuracy 
1.026859355160008e-09.

  values, vectors = lobpcg(projected_hamiltonian, guess, largest=False,
/home/erosanow_hpc/informed_swapping/BARK.py:156: UserWarning: Exited postprocessing with accuracies 
[1.02685885e-09]
not reaching the requested tolerance 1e-09.
  values, vectors = lobpcg(projected_hamiltonian, guess, largest=False,
/home/erosanow_hpc/informed_swapping/BARK.py:156: UserWarning: Exited at iteration 50 with accuracies 
[1.94019837e-09]
not reaching the requested tolerance 1e-09.
Use iteration 51 instead with accuracy 
1.9401983674620022e-09.

  values, vectors = lobpcg(projected_hamiltonian, guess, largest=False,
/home/erosanow_hpc/informed_swapping/BARK.py:156: UserWarning: Exited postprocessing with accuracies 
[1.94019851e-09]
not reaching the requested tolerance 1e-09.
  values, vectors = lobpcg(projected_hamiltonian, guess, largest=False,
/home/erosanow_hpc/informed_swapping/BARK.py:156: UserWarning: Exited at iteration 50 with accuracies 
[2.20162476e-09]
not reaching the requested tolerance 1e-09.
Use iteration 51 instead with accuracy 
2.2016247580548436e-09.

  values, vectors = lobpcg(projected_hamiltonian, guess, largest=False,
/home/erosanow_hpc/informed_swapping/BARK.py:156: UserWarning: Exited postprocessing with accuracies 
[2.20162473e-09]
not reaching the requested tolerance 1e-09.
  values, vectors = lobpcg(projected_hamiltonian, guess, largest=False,
/home/erosanow_hpc/informed_swapping/BARK.py:156: UserWarning: Exited at iteration 50 with accuracies 
[3.86189224e-09]
not reaching the requested tolerance 1e-09.
Use iteration 51 instead with accuracy 
3.861892236855438e-09.

  values, vectors = lobpcg(projected_hamiltonian, guess, largest=False,
/home/erosanow_hpc/informed_swapping/BARK.py:156: UserWarning: Exited postprocessing with accuracies 
[3.86189313e-09]
not reaching the requested tolerance 1e-09.
  values, vectors = lobpcg(projected_hamiltonian, guess, largest=False,
/home/erosanow_hpc/informed_swapping/BARK.py:156: UserWarning: Exited at iteration 50 with accuracies 
[1.44195326e-09]
not reaching the requested tolerance 1e-09.
Use iteration 51 instead with accuracy 
1.4419532551899902e-09.

  values, vectors = lobpcg(projected_hamiltonian, guess, largest=False,
/home/erosanow_hpc/informed_swapping/BARK.py:156: UserWarning: Exited postprocessing with accuracies 
[1.44195257e-09]
not reaching the requested tolerance 1e-09.
  values, vectors = lobpcg(projected_hamiltonian, guess, largest=False,
/home/erosanow_hpc/informed_swapping/BARK.py:156: UserWarning: Exited at iteration 50 with accuracies 
[1.00723524e-09]
not reaching the requested tolerance 1e-09.
Use iteration 51 instead with accuracy 
1.007235243488661e-09.

  values, vectors = lobpcg(projected_hamiltonian, guess, largest=False,
/home/erosanow_hpc/informed_swapping/BARK.py:156: UserWarning: Exited postprocessing with accuracies 
[1.007236e-09]
not reaching the requested tolerance 1e-09.
  values, vectors = lobpcg(projected_hamiltonian, guess, largest=False,
/home/erosanow_hpc/informed_swapping/BARK.py:156: UserWarning: Exited at iteration 50 with accuracies 
[1.85334437e-09]
not reaching the requested tolerance 1e-09.
Use iteration 51 instead with accuracy 
1.8533443737203635e-09.

  values, vectors = lobpcg(projected_hamiltonian, guess, largest=False,
/home/erosanow_hpc/informed_swapping/BARK.py:156: UserWarning: Exited postprocessing with accuracies 
[1.85334406e-09]
not reaching the requested tolerance 1e-09.
  values, vectors = lobpcg(projected_hamiltonian, guess, largest=False,
/home/erosanow_hpc/informed_swapping/BARK.py:156: UserWarning: Exited at iteration 50 with accuracies 
[2.05196678e-09]
not reaching the requested tolerance 1e-09.
Use iteration 51 instead with accuracy 
2.0519667769011453e-09.

  values, vectors = lobpcg(projected_hamiltonian, guess, largest=False,
/home/erosanow_hpc/informed_swapping/BARK.py:156: UserWarning: Exited postprocessing with accuracies 
[2.0519667e-09]
not reaching the requested tolerance 1e-09.
  values, vectors = lobpcg(projected_hamiltonian, guess, largest=False,
/home/erosanow_hpc/informed_swapping/BARK.py:156: UserWarning: Exited at iteration 50 with accuracies 
[3.4182588e-09]
not reaching the requested tolerance 1e-09.
Use iteration 51 instead with accuracy 
3.4182588019839466e-09.

  values, vectors = lobpcg(projected_hamiltonian, guess, largest=False,
/home/erosanow_hpc/informed_swapping/BARK.py:156: UserWarning: Exited postprocessing with accuracies 
[3.41825864e-09]
not reaching the requested tolerance 1e-09.
  values, vectors = lobpcg(projected_hamiltonian, guess, largest=False,
/home/erosanow_hpc/informed_swapping/BARK.py:156: UserWarning: Exited at iteration 50 with accuracies 
[1.54446724e-09]
not reaching the requested tolerance 1e-09.
Use iteration 51 instead with accuracy 
1.5444672361100653e-09.

  values, vectors = lobpcg(projected_hamiltonian, guess, largest=False,
/home/erosanow_hpc/informed_swapping/BARK.py:156: UserWarning: Exited postprocessing with accuracies 
[1.54446751e-09]
not reaching the requested tolerance 1e-09.
  values, vectors = lobpcg(projected_hamiltonian, guess, largest=False,
/home/erosanow_hpc/informed_swapping/BARK.py:156: UserWarning: Exited at iteration 50 with accuracies 
[1.9000866e-09]
not reaching the requested tolerance 1e-09.
Use iteration 51 instead with accuracy 
1.9000865995410892e-09.

  values, vectors = lobpcg(projected_hamiltonian, guess, largest=False,
/home/erosanow_hpc/informed_swapping/BARK.py:156: UserWarning: Exited postprocessing with accuracies 
[1.90008629e-09]
not reaching the requested tolerance 1e-09.
  values, vectors = lobpcg(projected_hamiltonian, guess, largest=False,
/home/erosanow_hpc/informed_swapping/BARK.py:156: UserWarning: Exited at iteration 50 with accuracies 
[3.14483411e-09]
not reaching the requested tolerance 1e-09.
Use iteration 51 instead with accuracy 
3.1448341090394002e-09.

  values, vectors = lobpcg(projected_hamiltonian, guess, largest=False,
/home/erosanow_hpc/informed_swapping/BARK.py:156: UserWarning: Exited postprocessing with accuracies 
[3.14483415e-09]
not reaching the requested tolerance 1e-09.
  values, vectors = lobpcg(projected_hamiltonian, guess, largest=False,
/home/erosanow_hpc/informed_swapping/BARK.py:156: UserWarning: Exited at iteration 50 with accuracies 
[1.00015632e-09]
not reaching the requested tolerance 1e-09.
Use iteration 51 instead with accuracy 
1.000156317576539e-09.

  values, vectors = lobpcg(projected_hamiltonian, guess, largest=False,
/home/erosanow_hpc/informed_swapping/BARK.py:156: UserWarning: Exited postprocessing with accuracies 
[1.00015715e-09]
not reaching the requested tolerance 1e-09.
  values, vectors = lobpcg(projected_hamiltonian, guess, largest=False,
/home/erosanow_hpc/informed_swapping/BARK.py:156: UserWarning: Exited at iteration 50 with accuracies 
[1.02473373e-09]
not reaching the requested tolerance 1e-09.
Use iteration 51 instead with accuracy 
1.0247337265023316e-09.

  values, vectors = lobpcg(projected_hamiltonian, guess, largest=False,
/home/erosanow_hpc/informed_swapping/BARK.py:156: UserWarning: Exited postprocessing with accuracies 
[1.02473394e-09]
not reaching the requested tolerance 1e-09.
  values, vectors = lobpcg(projected_hamiltonian, guess, largest=False,
/home/erosanow_hpc/informed_swapping/BARK.py:156: UserWarning: Exited at iteration 50 with accuracies 
[1.17192933e-09]
not reaching the requested tolerance 1e-09.
Use iteration 51 instead with accuracy 
1.171929325371163e-09.

  values, vectors = lobpcg(projected_hamiltonian, guess, largest=False,
/home/erosanow_hpc/informed_swapping/BARK.py:156: UserWarning: Exited postprocessing with accuracies 
[1.17192953e-09]
not reaching the requested tolerance 1e-09.
  values, vectors = lobpcg(projected_hamiltonian, guess, largest=False,
/home/erosanow_hpc/informed_swapping/BARK.py:156: UserWarning: Exited at iteration 50 with accuracies 
[1.29629446e-09]
not reaching the requested tolerance 1e-09.
Use iteration 51 instead with accuracy 
1.2962944643408142e-09.

  values, vectors = lobpcg(projected_hamiltonian, guess, largest=False,
/home/erosanow_hpc/informed_swapping/BARK.py:156: UserWarning: Exited postprocessing with accuracies 
[1.29629512e-09]
not reaching the requested tolerance 1e-09.
  values, vectors = lobpcg(projected_hamiltonian, guess, largest=False,
/home/erosanow_hpc/informed_swapping/BARK.py:156: UserWarning: Exited at iteration 50 with accuracies 
[1.60326149e-09]
not reaching the requested tolerance 1e-09.
Use iteration 51 instead with accuracy 
1.6032614927000318e-09.

  values, vectors = lobpcg(projected_hamiltonian, guess, largest=False,
/home/erosanow_hpc/informed_swapping/BARK.py:156: UserWarning: Exited postprocessing with accuracies 
[1.60326149e-09]
not reaching the requested tolerance 1e-09.
  values, vectors = lobpcg(projected_hamiltonian, guess, largest=False,
/home/erosanow_hpc/informed_swapping/BARK.py:156: UserWarning: Exited at iteration 50 with accuracies 
[5.13488372e-09]
not reaching the requested tolerance 1e-09.
Use iteration 51 instead with accuracy 
5.134883724657805e-09.

  values, vectors = lobpcg(projected_hamiltonian, guess, largest=False,
/home/erosanow_hpc/informed_swapping/BARK.py:156: UserWarning: Exited postprocessing with accuracies 
[5.13488413e-09]
not reaching the requested tolerance 1e-09.
  values, vectors = lobpcg(projected_hamiltonian, guess, largest=False,
/home/erosanow_hpc/informed_swapping/BARK.py:156: UserWarning: Exited at iteration 50 with accuracies 
[1.11715511e-09]
not reaching the requested tolerance 1e-09.
Use iteration 51 instead with accuracy 
1.1171551103480888e-09.

  values, vectors = lobpcg(projected_hamiltonian, guess, largest=False,
/home/erosanow_hpc/informed_swapping/BARK.py:156: UserWarning: Exited postprocessing with accuracies 
[1.11715504e-09]
not reaching the requested tolerance 1e-09.
  values, vectors = lobpcg(projected_hamiltonian, guess, largest=False,
/home/erosanow_hpc/informed_swapping/BARK.py:156: UserWarning: Exited at iteration 50 with accuracies 
[1.18113084e-09]
not reaching the requested tolerance 1e-09.
Use iteration 51 instead with accuracy 
1.1811308351009236e-09.

  values, vectors = lobpcg(projected_hamiltonian, guess, largest=False,
/home/erosanow_hpc/informed_swapping/BARK.py:156: UserWarning: Exited postprocessing with accuracies 
[1.18113081e-09]
not reaching the requested tolerance 1e-09.
  values, vectors = lobpcg(projected_hamiltonian, guess, largest=False,
/home/erosanow_hpc/informed_swapping/BARK.py:156: UserWarning: Exited at iteration 50 with accuracies 
[1.17007932e-09]
not reaching the requested tolerance 1e-09.
Use iteration 51 instead with accuracy 
1.1700793172650285e-09.

  values, vectors = lobpcg(projected_hamiltonian, guess, largest=False,
/home/erosanow_hpc/informed_swapping/BARK.py:156: UserWarning: Exited postprocessing with accuracies 
[1.17007961e-09]
not reaching the requested tolerance 1e-09.
  values, vectors = lobpcg(projected_hamiltonian, guess, largest=False,
/home/erosanow_hpc/informed_swapping/BARK.py:156: UserWarning: Exited at iteration 50 with accuracies 
[1.30611641e-09]
not reaching the requested tolerance 1e-09.
Use iteration 51 instead with accuracy 
1.3061164143866854e-09.

  values, vectors = lobpcg(projected_hamiltonian, guess, largest=False,
/home/erosanow_hpc/informed_swapping/BARK.py:156: UserWarning: Exited postprocessing with accuracies 
[1.30611614e-09]
not reaching the requested tolerance 1e-09.
  values, vectors = lobpcg(projected_hamiltonian, guess, largest=False,
/home/erosanow_hpc/informed_swapping/BARK.py:156: UserWarning: Exited at iteration 50 with accuracies 
[1.42249461e-09]
not reaching the requested tolerance 1e-09.
Use iteration 51 instead with accuracy 
1.4224946062018075e-09.

  values, vectors = lobpcg(projected_hamiltonian, guess, largest=False,
/home/erosanow_hpc/informed_swapping/BARK.py:156: UserWarning: Exited postprocessing with accuracies 
[1.42249459e-09]
not reaching the requested tolerance 1e-09.
  values, vectors = lobpcg(projected_hamiltonian, guess, largest=False,
/home/erosanow_hpc/informed_swapping/BARK.py:156: UserWarning: Exited at iteration 50 with accuracies 
[1.71270931e-09]
not reaching the requested tolerance 1e-09.
Use iteration 51 instead with accuracy 
1.7127093130944064e-09.

  values, vectors = lobpcg(projected_hamiltonian, guess, largest=False,
/home/erosanow_hpc/informed_swapping/BARK.py:156: UserWarning: Exited postprocessing with accuracies 
[1.71271009e-09]
not reaching the requested tolerance 1e-09.
  values, vectors = lobpcg(projected_hamiltonian, guess, largest=False,
/home/erosanow_hpc/informed_swapping/BARK.py:156: UserWarning: Exited at iteration 50 with accuracies 
[3.29591973e-09]
not reaching the requested tolerance 1e-09.
Use iteration 51 instead with accuracy 
3.295919733502906e-09.

  values, vectors = lobpcg(projected_hamiltonian, guess, largest=False,
/home/erosanow_hpc/informed_swapping/BARK.py:156: UserWarning: Exited postprocessing with accuracies 
[3.29592003e-09]
not reaching the requested tolerance 1e-09.
  values, vectors = lobpcg(projected_hamiltonian, guess, largest=False,
/home/erosanow_hpc/informed_swapping/BARK.py:156: UserWarning: Exited at iteration 50 with accuracies 
[1.37407677e-09]
not reaching the requested tolerance 1e-09.
Use iteration 51 instead with accuracy 
1.3740767697267183e-09.

  values, vectors = lobpcg(projected_hamiltonian, guess, largest=False,
/home/erosanow_hpc/informed_swapping/BARK.py:156: UserWarning: Exited postprocessing with accuracies 
[1.37407612e-09]
not reaching the requested tolerance 1e-09.
  values, vectors = lobpcg(projected_hamiltonian, guess, largest=False,
/home/erosanow_hpc/informed_swapping/BARK.py:156: UserWarning: Exited at iteration 50 with accuracies 
[1.0084367e-09]
not reaching the requested tolerance 1e-09.
Use iteration 51 instead with accuracy 
1.0084367047705273e-09.

  values, vectors = lobpcg(projected_hamiltonian, guess, largest=False,
/home/erosanow_hpc/informed_swapping/BARK.py:156: UserWarning: Exited postprocessing with accuracies 
[1.00843663e-09]
not reaching the requested tolerance 1e-09.
  values, vectors = lobpcg(projected_hamiltonian, guess, largest=False,
/home/erosanow_hpc/informed_swapping/BARK.py:156: UserWarning: Exited at iteration 50 with accuracies 
[1.24637045e-09]
not reaching the requested tolerance 1e-09.
Use iteration 51 instead with accuracy 
1.2463704475867167e-09.

  values, vectors = lobpcg(projected_hamiltonian, guess, largest=False,
/home/erosanow_hpc/informed_swapping/BARK.py:156: UserWarning: Exited postprocessing with accuracies 
[1.24636999e-09]
not reaching the requested tolerance 1e-09.
  values, vectors = lobpcg(projected_hamiltonian, guess, largest=False,
/home/erosanow_hpc/informed_swapping/BARK.py:156: UserWarning: Exited at iteration 50 with accuracies 
[1.45193193e-09]
not reaching the requested tolerance 1e-09.
Use iteration 51 instead with accuracy 
1.4519319344532686e-09.

  values, vectors = lobpcg(projected_hamiltonian, guess, largest=False,
/home/erosanow_hpc/informed_swapping/BARK.py:156: UserWarning: Exited postprocessing with accuracies 
[1.45193266e-09]
not reaching the requested tolerance 1e-09.
  values, vectors = lobpcg(projected_hamiltonian, guess, largest=False,
/home/erosanow_hpc/informed_swapping/BARK.py:156: UserWarning: Exited at iteration 50 with accuracies 
[2.60930086e-09]
not reaching the requested tolerance 1e-09.
Use iteration 51 instead with accuracy 
2.609300860249302e-09.

  values, vectors = lobpcg(projected_hamiltonian, guess, largest=False,
/home/erosanow_hpc/informed_swapping/BARK.py:156: UserWarning: Exited postprocessing with accuracies 
[2.60930103e-09]
not reaching the requested tolerance 1e-09.
  values, vectors = lobpcg(projected_hamiltonian, guess, largest=False,
/home/erosanow_hpc/informed_swapping/BARK.py:156: UserWarning: Exited at iteration 50 with accuracies 
[1.03602843e-09]
not reaching the requested tolerance 1e-09.
Use iteration 51 instead with accuracy 
1.0360284302509253e-09.

  values, vectors = lobpcg(projected_hamiltonian, guess, largest=False,
/home/erosanow_hpc/informed_swapping/BARK.py:156: UserWarning: Exited postprocessing with accuracies 
[1.03602847e-09]
not reaching the requested tolerance 1e-09.
  values, vectors = lobpcg(projected_hamiltonian, guess, largest=False,
/home/erosanow_hpc/informed_swapping/BARK.py:156: UserWarning: Exited at iteration 50 with accuracies 
[1.22234082e-09]
not reaching the requested tolerance 1e-09.
Use iteration 51 instead with accuracy 
1.2223408238251647e-09.

  values, vectors = lobpcg(projected_hamiltonian, guess, largest=False,
/home/erosanow_hpc/informed_swapping/BARK.py:156: UserWarning: Exited postprocessing with accuracies 
[1.22234029e-09]
not reaching the requested tolerance 1e-09.
  values, vectors = lobpcg(projected_hamiltonian, guess, largest=False,
/home/erosanow_hpc/informed_swapping/BARK.py:156: UserWarning: Exited at iteration 50 with accuracies 
[1.42231224e-09]
not reaching the requested tolerance 1e-09.
Use iteration 51 instead with accuracy 
1.4223122364316986e-09.

  values, vectors = lobpcg(projected_hamiltonian, guess, largest=False,
/home/erosanow_hpc/informed_swapping/BARK.py:156: UserWarning: Exited postprocessing with accuracies 
[1.42231256e-09]
not reaching the requested tolerance 1e-09.
  values, vectors = lobpcg(projected_hamiltonian, guess, largest=False,
/home/erosanow_hpc/informed_swapping/BARK.py:156: UserWarning: Exited at iteration 50 with accuracies 
[2.56082257e-09]
not reaching the requested tolerance 1e-09.
Use iteration 51 instead with accuracy 
2.560822567037174e-09.

  values, vectors = lobpcg(projected_hamiltonian, guess, largest=False,
/home/erosanow_hpc/informed_swapping/BARK.py:156: UserWarning: Exited postprocessing with accuracies 
[2.56082304e-09]
not reaching the requested tolerance 1e-09.
  values, vectors = lobpcg(projected_hamiltonian, guess, largest=False,
/home/erosanow_hpc/informed_swapping/BARK.py:156: UserWarning: Exited at iteration 50 with accuracies 
[1.19918467e-09]
not reaching the requested tolerance 1e-09.
Use iteration 51 instead with accuracy 
1.199184668335615e-09.

  values, vectors = lobpcg(projected_hamiltonian, guess, largest=False,
/home/erosanow_hpc/informed_swapping/BARK.py:156: UserWarning: Exited postprocessing with accuracies 
[1.19918531e-09]
not reaching the requested tolerance 1e-09.
  values, vectors = lobpcg(projected_hamiltonian, guess, largest=False,
/home/erosanow_hpc/informed_swapping/BARK.py:156: UserWarning: Exited at iteration 50 with accuracies 
[1.372227e-09]
not reaching the requested tolerance 1e-09.
Use iteration 51 instead with accuracy 
1.372227003166988e-09.

  values, vectors = lobpcg(projected_hamiltonian, guess, largest=False,
/home/erosanow_hpc/informed_swapping/BARK.py:156: UserWarning: Exited postprocessing with accuracies 
[1.37222748e-09]
not reaching the requested tolerance 1e-09.
  values, vectors = lobpcg(projected_hamiltonian, guess, largest=False,
/home/erosanow_hpc/informed_swapping/BARK.py:156: UserWarning: Exited at iteration 50 with accuracies 
[2.38644634e-09]
not reaching the requested tolerance 1e-09.
Use iteration 51 instead with accuracy 
2.386446335728845e-09.

  values, vectors = lobpcg(projected_hamiltonian, guess, largest=False,
/home/erosanow_hpc/informed_swapping/BARK.py:156: UserWarning: Exited postprocessing with accuracies 
[2.38644529e-09]
not reaching the requested tolerance 1e-09.
  values, vectors = lobpcg(projected_hamiltonian, guess, largest=False,
/home/erosanow_hpc/informed_swapping/BARK.py:156: UserWarning: Exited at iteration 50 with accuracies 
[1.16690013e-09]
not reaching the requested tolerance 1e-09.
Use iteration 51 instead with accuracy 
1.1669001347606223e-09.

  values, vectors = lobpcg(projected_hamiltonian, guess, largest=False,
/home/erosanow_hpc/informed_swapping/BARK.py:156: UserWarning: Exited postprocessing with accuracies 
[1.16690022e-09]
not reaching the requested tolerance 1e-09.
  values, vectors = lobpcg(projected_hamiltonian, guess, largest=False,
/home/erosanow_hpc/informed_swapping/BARK.py:156: UserWarning: Exited at iteration 50 with accuracies 
[1.46470145e-09]
not reaching the requested tolerance 1e-09.
Use iteration 51 instead with accuracy 
1.4647014452267476e-09.

  values, vectors = lobpcg(projected_hamiltonian, guess, largest=False,
/home/erosanow_hpc/informed_swapping/BARK.py:156: UserWarning: Exited postprocessing with accuracies 
[1.46470114e-09]
not reaching the requested tolerance 1e-09.
  values, vectors = lobpcg(projected_hamiltonian, guess, largest=False,
/home/erosanow_hpc/informed_swapping/BARK.py:156: UserWarning: Exited at iteration 50 with accuracies 
[2.51675542e-09]
not reaching the requested tolerance 1e-09.
Use iteration 51 instead with accuracy 
2.516755415154635e-09.

  values, vectors = lobpcg(projected_hamiltonian, guess, largest=False,
/home/erosanow_hpc/informed_swapping/BARK.py:156: UserWarning: Exited postprocessing with accuracies 
[2.5167546e-09]
not reaching the requested tolerance 1e-09.
  values, vectors = lobpcg(projected_hamiltonian, guess, largest=False,
/home/erosanow_hpc/informed_swapping/BARK.py:156: UserWarning: Exited at iteration 50 with accuracies 
[1.40943537e-09]
not reaching the requested tolerance 1e-09.
Use iteration 51 instead with accuracy 
1.4094353665500572e-09.

  values, vectors = lobpcg(projected_hamiltonian, guess, largest=False,
/home/erosanow_hpc/informed_swapping/BARK.py:156: UserWarning: Exited postprocessing with accuracies 
[1.40943499e-09]
not reaching the requested tolerance 1e-09.
  values, vectors = lobpcg(projected_hamiltonian, guess, largest=False,
/home/erosanow_hpc/informed_swapping/BARK.py:156: UserWarning: Exited at iteration 50 with accuracies 
[2.8565567e-09]
not reaching the requested tolerance 1e-09.
Use iteration 51 instead with accuracy 
2.8565567046728927e-09.

  values, vectors = lobpcg(projected_hamiltonian, guess, largest=False,
/home/erosanow_hpc/informed_swapping/BARK.py:156: UserWarning: Exited postprocessing with accuracies 
[2.85655709e-09]
not reaching the requested tolerance 1e-09.
  values, vectors = lobpcg(projected_hamiltonian, guess, largest=False,
/home/erosanow_hpc/informed_swapping/BARK.py:156: UserWarning: Exited at iteration 50 with accuracies 
[3.38266342e-09]
not reaching the requested tolerance 1e-09.
Use iteration 51 instead with accuracy 
3.3826634233972166e-09.

  values, vectors = lobpcg(projected_hamiltonian, guess, largest=False,
/home/erosanow_hpc/informed_swapping/BARK.py:156: UserWarning: Exited postprocessing with accuracies 
[3.38266396e-09]
not reaching the requested tolerance 1e-09.
  values, vectors = lobpcg(projected_hamiltonian, guess, largest=False,
/home/erosanow_hpc/informed_swapping/BARK.py:156: UserWarning: Exited at iteration 50 with accuracies 
[6.1754133e-09]
not reaching the requested tolerance 1e-09.
Use iteration 51 instead with accuracy 
6.175413297314578e-09.

  values, vectors = lobpcg(projected_hamiltonian, guess, largest=False,
/home/erosanow_hpc/informed_swapping/BARK.py:156: UserWarning: Exited postprocessing with accuracies 
[6.17541324e-09]
not reaching the requested tolerance 1e-09.
  values, vectors = lobpcg(projected_hamiltonian, guess, largest=False,
/home/erosanow_hpc/informed_swapping/BARK.py:156: UserWarning: Exited at iteration 50 with accuracies 
[1.61859987e-09]
not reaching the requested tolerance 1e-09.
Use iteration 51 instead with accuracy 
1.6185998658248673e-09.

  values, vectors = lobpcg(projected_hamiltonian, guess, largest=False,
/home/erosanow_hpc/informed_swapping/BARK.py:156: UserWarning: Exited postprocessing with accuracies 
[1.6186005e-09]
not reaching the requested tolerance 1e-09.
  values, vectors = lobpcg(projected_hamiltonian, guess, largest=False,
/home/erosanow_hpc/informed_swapping/BARK.py:156: UserWarning: Exited at iteration 50 with accuracies 
[1.23607721e-09]
not reaching the requested tolerance 1e-09.
Use iteration 51 instead with accuracy 
1.236077211009993e-09.

  values, vectors = lobpcg(projected_hamiltonian, guess, largest=False,
/home/erosanow_hpc/informed_swapping/BARK.py:156: UserWarning: Exited postprocessing with accuracies 
[1.23607719e-09]
not reaching the requested tolerance 1e-09.
  values, vectors = lobpcg(projected_hamiltonian, guess, largest=False,
/home/erosanow_hpc/informed_swapping/BARK.py:156: UserWarning: Exited at iteration 50 with accuracies 
[1.35253903e-09]
not reaching the requested tolerance 1e-09.
Use iteration 51 instead with accuracy 
1.3525390304259693e-09.

  values, vectors = lobpcg(projected_hamiltonian, guess, largest=False,
/home/erosanow_hpc/informed_swapping/BARK.py:156: UserWarning: Exited postprocessing with accuracies 
[1.35253939e-09]
not reaching the requested tolerance 1e-09.
  values, vectors = lobpcg(projected_hamiltonian, guess, largest=False,
/home/erosanow_hpc/informed_swapping/BARK.py:156: UserWarning: Exited at iteration 50 with accuracies 
[1.51964917e-09]
not reaching the requested tolerance 1e-09.
Use iteration 51 instead with accuracy 
1.5196491707439028e-09.

  values, vectors = lobpcg(projected_hamiltonian, guess, largest=False,
/home/erosanow_hpc/informed_swapping/BARK.py:156: UserWarning: Exited postprocessing with accuracies 
[1.51964951e-09]
not reaching the requested tolerance 1e-09.
  values, vectors = lobpcg(projected_hamiltonian, guess, largest=False,
/home/erosanow_hpc/informed_swapping/BARK.py:156: UserWarning: Exited at iteration 50 with accuracies 
[1.67302711e-09]
not reaching the requested tolerance 1e-09.
Use iteration 51 instead with accuracy 
1.6730271083250169e-09.

  values, vectors = lobpcg(projected_hamiltonian, guess, largest=False,
/home/erosanow_hpc/informed_swapping/BARK.py:156: UserWarning: Exited postprocessing with accuracies 
[1.67302683e-09]
not reaching the requested tolerance 1e-09.
  values, vectors = lobpcg(projected_hamiltonian, guess, largest=False,
/home/erosanow_hpc/informed_swapping/BARK.py:156: UserWarning: Exited at iteration 50 with accuracies 
[1.99445773e-09]
not reaching the requested tolerance 1e-09.
Use iteration 51 instead with accuracy 
1.994457725817995e-09.

  values, vectors = lobpcg(projected_hamiltonian, guess, largest=False,
/home/erosanow_hpc/informed_swapping/BARK.py:156: UserWarning: Exited postprocessing with accuracies 
[1.99445841e-09]
not reaching the requested tolerance 1e-09.
  values, vectors = lobpcg(projected_hamiltonian, guess, largest=False,
/home/erosanow_hpc/informed_swapping/BARK.py:156: UserWarning: Exited at iteration 50 with accuracies 
[3.71966049e-09]
not reaching the requested tolerance 1e-09.
Use iteration 51 instead with accuracy 
3.7196604870820863e-09.

  values, vectors = lobpcg(projected_hamiltonian, guess, largest=False,
/home/erosanow_hpc/informed_swapping/BARK.py:156: UserWarning: Exited postprocessing with accuracies 
[3.71965991e-09]
not reaching the requested tolerance 1e-09.
  values, vectors = lobpcg(projected_hamiltonian, guess, largest=False,
/home/erosanow_hpc/informed_swapping/BARK.py:156: UserWarning: Exited at iteration 50 with accuracies 
[1.83301853e-09]
not reaching the requested tolerance 1e-09.
Use iteration 51 instead with accuracy 
1.8330185342932485e-09.

  values, vectors = lobpcg(projected_hamiltonian, guess, largest=False,
/home/erosanow_hpc/informed_swapping/BARK.py:156: UserWarning: Exited postprocessing with accuracies 
[1.83301894e-09]
not reaching the requested tolerance 1e-09.
  values, vectors = lobpcg(projected_hamiltonian, guess, largest=False,
/home/erosanow_hpc/informed_swapping/BARK.py:156: UserWarning: Exited at iteration 50 with accuracies 
[1.04881466e-09]
not reaching the requested tolerance 1e-09.
Use iteration 51 instead with accuracy 
1.048814655222943e-09.

  values, vectors = lobpcg(projected_hamiltonian, guess, largest=False,
/home/erosanow_hpc/informed_swapping/BARK.py:156: UserWarning: Exited postprocessing with accuracies 
[1.04881418e-09]
not reaching the requested tolerance 1e-09.
  values, vectors = lobpcg(projected_hamiltonian, guess, largest=False,
/home/erosanow_hpc/informed_swapping/BARK.py:156: UserWarning: Exited at iteration 50 with accuracies 
[1.84127057e-09]
not reaching the requested tolerance 1e-09.
Use iteration 51 instead with accuracy 
1.841270574890613e-09.

  values, vectors = lobpcg(projected_hamiltonian, guess, largest=False,
/home/erosanow_hpc/informed_swapping/BARK.py:156: UserWarning: Exited postprocessing with accuracies 
[1.84127043e-09]
not reaching the requested tolerance 1e-09.
  values, vectors = lobpcg(projected_hamiltonian, guess, largest=False,
/home/erosanow_hpc/informed_swapping/BARK.py:156: UserWarning: Exited at iteration 50 with accuracies 
[1.1292802e-09]
not reaching the requested tolerance 1e-09.
Use iteration 51 instead with accuracy 
1.1292801952394533e-09.

  values, vectors = lobpcg(projected_hamiltonian, guess, largest=False,
/home/erosanow_hpc/informed_swapping/BARK.py:156: UserWarning: Exited postprocessing with accuracies 
[1.12927965e-09]
not reaching the requested tolerance 1e-09.
  values, vectors = lobpcg(projected_hamiltonian, guess, largest=False,
/home/erosanow_hpc/informed_swapping/BARK.py:156: UserWarning: Exited at iteration 50 with accuracies 
[1.96081407e-09]
not reaching the requested tolerance 1e-09.
Use iteration 51 instead with accuracy 
1.9608140676759737e-09.

  values, vectors = lobpcg(projected_hamiltonian, guess, largest=False,
/home/erosanow_hpc/informed_swapping/BARK.py:156: UserWarning: Exited postprocessing with accuracies 
[1.9608137e-09]
not reaching the requested tolerance 1e-09.
  values, vectors = lobpcg(projected_hamiltonian, guess, largest=False,
/home/erosanow_hpc/informed_swapping/BARK.py:156: UserWarning: Exited at iteration 50 with accuracies 
[1.07464516e-09]
not reaching the requested tolerance 1e-09.
Use iteration 51 instead with accuracy 
1.0746451623902754e-09.

  values, vectors = lobpcg(projected_hamiltonian, guess, largest=False,
/home/erosanow_hpc/informed_swapping/BARK.py:156: UserWarning: Exited postprocessing with accuracies 
[1.07464517e-09]
not reaching the requested tolerance 1e-09.
  values, vectors = lobpcg(projected_hamiltonian, guess, largest=False,
/home/erosanow_hpc/informed_swapping/BARK.py:156: UserWarning: Exited at iteration 50 with accuracies 
[2.08378587e-09]
not reaching the requested tolerance 1e-09.
Use iteration 51 instead with accuracy 
2.083785868888646e-09.

  values, vectors = lobpcg(projected_hamiltonian, guess, largest=False,
/home/erosanow_hpc/informed_swapping/BARK.py:156: UserWarning: Exited postprocessing with accuracies 
[2.08378651e-09]
not reaching the requested tolerance 1e-09.
  values, vectors = lobpcg(projected_hamiltonian, guess, largest=False,
/home/erosanow_hpc/informed_swapping/BARK.py:156: UserWarning: Exited at iteration 50 with accuracies 
[2.386836e-09]
not reaching the requested tolerance 1e-09.
Use iteration 51 instead with accuracy 
2.3868360000392505e-09.

  values, vectors = lobpcg(projected_hamiltonian, guess, largest=False,
/home/erosanow_hpc/informed_swapping/BARK.py:156: UserWarning: Exited postprocessing with accuracies 
[2.38683586e-09]
not reaching the requested tolerance 1e-09.
  values, vectors = lobpcg(projected_hamiltonian, guess, largest=False,
/home/erosanow_hpc/informed_swapping/BARK.py:156: UserWarning: Exited at iteration 50 with accuracies 
[4.29062143e-09]
not reaching the requested tolerance 1e-09.
Use iteration 51 instead with accuracy 
4.290621429909629e-09.

  values, vectors = lobpcg(projected_hamiltonian, guess, largest=False,
/home/erosanow_hpc/informed_swapping/BARK.py:156: UserWarning: Exited postprocessing with accuracies 
[4.29062163e-09]
not reaching the requested tolerance 1e-09.
  values, vectors = lobpcg(projected_hamiltonian, guess, largest=False,
/home/erosanow_hpc/informed_swapping/BARK.py:156: UserWarning: Exited at iteration 50 with accuracies 
[1.57831106e-09]
not reaching the requested tolerance 1e-09.
Use iteration 51 instead with accuracy 
1.5783110562156978e-09.

  values, vectors = lobpcg(projected_hamiltonian, guess, largest=False,
/home/erosanow_hpc/informed_swapping/BARK.py:156: UserWarning: Exited postprocessing with accuracies 
[1.57831102e-09]
not reaching the requested tolerance 1e-09.
  values, vectors = lobpcg(projected_hamiltonian, guess, largest=False,
/home/erosanow_hpc/informed_swapping/BARK.py:156: UserWarning: Exited at iteration 50 with accuracies 
[1.49300708e-09]
not reaching the requested tolerance 1e-09.
Use iteration 51 instead with accuracy 
1.4930070779298395e-09.

  values, vectors = lobpcg(projected_hamiltonian, guess, largest=False,
/home/erosanow_hpc/informed_swapping/BARK.py:156: UserWarning: Exited postprocessing with accuracies 
[1.49300722e-09]
not reaching the requested tolerance 1e-09.
  values, vectors = lobpcg(projected_hamiltonian, guess, largest=False,
/home/erosanow_hpc/informed_swapping/BARK.py:156: UserWarning: Exited at iteration 50 with accuracies 
[1.02849567e-09]
not reaching the requested tolerance 1e-09.
Use iteration 51 instead with accuracy 
1.0284956712341264e-09.

  values, vectors = lobpcg(projected_hamiltonian, guess, largest=False,
/home/erosanow_hpc/informed_swapping/BARK.py:156: UserWarning: Exited postprocessing with accuracies 
[1.0284954e-09]
not reaching the requested tolerance 1e-09.
  values, vectors = lobpcg(projected_hamiltonian, guess, largest=False,
/home/erosanow_hpc/informed_swapping/BARK.py:156: UserWarning: Exited at iteration 50 with accuracies 
[1.95203858e-09]
not reaching the requested tolerance 1e-09.
Use iteration 51 instead with accuracy 
1.9520385762334795e-09.

  values, vectors = lobpcg(projected_hamiltonian, guess, largest=False,
/home/erosanow_hpc/informed_swapping/BARK.py:156: UserWarning: Exited postprocessing with accuracies 
[1.95203842e-09]
not reaching the requested tolerance 1e-09.
  values, vectors = lobpcg(projected_hamiltonian, guess, largest=False,
/home/erosanow_hpc/informed_swapping/BARK.py:156: UserWarning: Exited at iteration 50 with accuracies 
[2.22075733e-09]
not reaching the requested tolerance 1e-09.
Use iteration 51 instead with accuracy 
2.2207573251498546e-09.

  values, vectors = lobpcg(projected_hamiltonian, guess, largest=False,
/home/erosanow_hpc/informed_swapping/BARK.py:156: UserWarning: Exited postprocessing with accuracies 
[2.22075646e-09]
not reaching the requested tolerance 1e-09.
  values, vectors = lobpcg(projected_hamiltonian, guess, largest=False,
/home/erosanow_hpc/informed_swapping/BARK.py:156: UserWarning: Exited at iteration 50 with accuracies 
[3.9177227e-09]
not reaching the requested tolerance 1e-09.
Use iteration 51 instead with accuracy 
3.9177226993588416e-09.

  values, vectors = lobpcg(projected_hamiltonian, guess, largest=False,
/home/erosanow_hpc/informed_swapping/BARK.py:156: UserWarning: Exited postprocessing with accuracies 
[3.9177232e-09]
not reaching the requested tolerance 1e-09.
  values, vectors = lobpcg(projected_hamiltonian, guess, largest=False,
/home/erosanow_hpc/informed_swapping/BARK.py:156: UserWarning: Exited at iteration 50 with accuracies 
[1.5161985e-09]
not reaching the requested tolerance 1e-09.
Use iteration 51 instead with accuracy 
1.5161985046735305e-09.

  values, vectors = lobpcg(projected_hamiltonian, guess, largest=False,
/home/erosanow_hpc/informed_swapping/BARK.py:156: UserWarning: Exited postprocessing with accuracies 
[1.5161983e-09]
not reaching the requested tolerance 1e-09.
  values, vectors = lobpcg(projected_hamiltonian, guess, largest=False,
/home/erosanow_hpc/informed_swapping/BARK.py:156: UserWarning: Exited at iteration 50 with accuracies 
[1.82435214e-09]
not reaching the requested tolerance 1e-09.
Use iteration 51 instead with accuracy 
1.8243521387325364e-09.

  values, vectors = lobpcg(projected_hamiltonian, guess, largest=False,
/home/erosanow_hpc/informed_swapping/BARK.py:156: UserWarning: Exited postprocessing with accuracies 
[1.82435251e-09]
not reaching the requested tolerance 1e-09.
  values, vectors = lobpcg(projected_hamiltonian, guess, largest=False,
/home/erosanow_hpc/informed_swapping/BARK.py:156: UserWarning: Exited at iteration 50 with accuracies 
[2.01454876e-09]
not reaching the requested tolerance 1e-09.
Use iteration 51 instead with accuracy 
2.0145487648872495e-09.

  values, vectors = lobpcg(projected_hamiltonian, guess, largest=False,
/home/erosanow_hpc/informed_swapping/BARK.py:156: UserWarning: Exited postprocessing with accuracies 
[2.01454903e-09]
not reaching the requested tolerance 1e-09.
  values, vectors = lobpcg(projected_hamiltonian, guess, largest=False,
/home/erosanow_hpc/informed_swapping/BARK.py:156: UserWarning: Exited at iteration 50 with accuracies 
[3.33862295e-09]
not reaching the requested tolerance 1e-09.
Use iteration 51 instead with accuracy 
3.3386229485819265e-09.

  values, vectors = lobpcg(projected_hamiltonian, guess, largest=False,
/home/erosanow_hpc/informed_swapping/BARK.py:156: UserWarning: Exited postprocessing with accuracies 
[3.33862293e-09]
not reaching the requested tolerance 1e-09.
  values, vectors = lobpcg(projected_hamiltonian, guess, largest=False,
/home/erosanow_hpc/informed_swapping/BARK.py:156: UserWarning: Exited at iteration 50 with accuracies 
[1.57569196e-09]
not reaching the requested tolerance 1e-09.
Use iteration 51 instead with accuracy 
1.5756919555066002e-09.

  values, vectors = lobpcg(projected_hamiltonian, guess, largest=False,
/home/erosanow_hpc/informed_swapping/BARK.py:156: UserWarning: Exited postprocessing with accuracies 
[1.57569177e-09]
not reaching the requested tolerance 1e-09.
  values, vectors = lobpcg(projected_hamiltonian, guess, largest=False,
/home/erosanow_hpc/informed_swapping/BARK.py:156: UserWarning: Exited at iteration 50 with accuracies 
[1.94282262e-09]
not reaching the requested tolerance 1e-09.
Use iteration 51 instead with accuracy 
1.9428226209976474e-09.

  values, vectors = lobpcg(projected_hamiltonian, guess, largest=False,
/home/erosanow_hpc/informed_swapping/BARK.py:156: UserWarning: Exited postprocessing with accuracies 
[1.94282267e-09]
not reaching the requested tolerance 1e-09.
  values, vectors = lobpcg(projected_hamiltonian, guess, largest=False,
/home/erosanow_hpc/informed_swapping/BARK.py:156: UserWarning: Exited at iteration 50 with accuracies 
[3.23255653e-09]
not reaching the requested tolerance 1e-09.
Use iteration 51 instead with accuracy 
3.232556534020179e-09.

  values, vectors = lobpcg(projected_hamiltonian, guess, largest=False,
/home/erosanow_hpc/informed_swapping/BARK.py:156: UserWarning: Exited postprocessing with accuracies 
[3.2325565e-09]
not reaching the requested tolerance 1e-09.
  values, vectors = lobpcg(projected_hamiltonian, guess, largest=False,
/home/erosanow_hpc/informed_swapping/BARK.py:156: UserWarning: Exited at iteration 50 with accuracies 
[2.38209815e-09]
not reaching the requested tolerance 1e-09.
Use iteration 51 instead with accuracy 
2.382098149335839e-09.

  values, vectors = lobpcg(projected_hamiltonian, guess, largest=False,
/home/erosanow_hpc/informed_swapping/BARK.py:156: UserWarning: Exited postprocessing with accuracies 
[2.38209794e-09]
not reaching the requested tolerance 1e-09.
  values, vectors = lobpcg(projected_hamiltonian, guess, largest=False,
/home/erosanow_hpc/informed_swapping/BARK.py:156: UserWarning: Exited at iteration 50 with accuracies 
[1.4150574e-09]
not reaching the requested tolerance 1e-09.
Use iteration 51 instead with accuracy 
1.4150574032430826e-09.

  values, vectors = lobpcg(projected_hamiltonian, guess, largest=False,
/home/erosanow_hpc/informed_swapping/BARK.py:156: UserWarning: Exited postprocessing with accuracies 
[1.41505747e-09]
not reaching the requested tolerance 1e-09.
  values, vectors = lobpcg(projected_hamiltonian, guess, largest=False,
/home/erosanow_hpc/informed_swapping/BARK.py:156: UserWarning: Exited at iteration 50 with accuracies 
[1.34130703e-09]
not reaching the requested tolerance 1e-09.
Use iteration 51 instead with accuracy 
1.3413070305717998e-09.

  values, vectors = lobpcg(projected_hamiltonian, guess, largest=False,
/home/erosanow_hpc/informed_swapping/BARK.py:156: UserWarning: Exited postprocessing with accuracies 
[1.34130702e-09]
not reaching the requested tolerance 1e-09.
  values, vectors = lobpcg(projected_hamiltonian, guess, largest=False,
/home/erosanow_hpc/informed_swapping/BARK.py:156: UserWarning: Exited at iteration 50 with accuracies 
[1.22736274e-09]
not reaching the requested tolerance 1e-09.
Use iteration 51 instead with accuracy 
1.227362737933911e-09.

  values, vectors = lobpcg(projected_hamiltonian, guess, largest=False,
/home/erosanow_hpc/informed_swapping/BARK.py:156: UserWarning: Exited postprocessing with accuracies 
[1.2273627e-09]
not reaching the requested tolerance 1e-09.
  values, vectors = lobpcg(projected_hamiltonian, guess, largest=False,
/home/erosanow_hpc/informed_swapping/BARK.py:156: UserWarning: Exited at iteration 50 with accuracies 
[2.68080906e-09]
not reaching the requested tolerance 1e-09.
Use iteration 51 instead with accuracy 
2.6808090576732443e-09.

  values, vectors = lobpcg(projected_hamiltonian, guess, largest=False,
/home/erosanow_hpc/informed_swapping/BARK.py:156: UserWarning: Exited postprocessing with accuracies 
[2.6808094e-09]
not reaching the requested tolerance 1e-09.
  values, vectors = lobpcg(projected_hamiltonian, guess, largest=False,
/home/erosanow_hpc/informed_swapping/BARK.py:156: UserWarning: Exited at iteration 50 with accuracies 
[1.13994934e-09]
not reaching the requested tolerance 1e-09.
Use iteration 51 instead with accuracy 
1.13994933942907e-09.

  values, vectors = lobpcg(projected_hamiltonian, guess, largest=False,
/home/erosanow_hpc/informed_swapping/BARK.py:156: UserWarning: Exited postprocessing with accuracies 
[1.13994932e-09]
not reaching the requested tolerance 1e-09.
  values, vectors = lobpcg(projected_hamiltonian, guess, largest=False,
/home/erosanow_hpc/informed_swapping/BARK.py:156: UserWarning: Exited at iteration 50 with accuracies 
[1.53346397e-09]
not reaching the requested tolerance 1e-09.
Use iteration 51 instead with accuracy 
1.5334639720339686e-09.

  values, vectors = lobpcg(projected_hamiltonian, guess, largest=False,
/home/erosanow_hpc/informed_swapping/BARK.py:156: UserWarning: Exited postprocessing with accuracies 
[1.53346463e-09]
not reaching the requested tolerance 1e-09.
  values, vectors = lobpcg(projected_hamiltonian, guess, largest=False,
/home/erosanow_hpc/informed_swapping/BARK.py:156: UserWarning: Exited at iteration 50 with accuracies 
[1.07713894e-09]
not reaching the requested tolerance 1e-09.
Use iteration 51 instead with accuracy 
1.0771389381696173e-09.

  values, vectors = lobpcg(projected_hamiltonian, guess, largest=False,
/home/erosanow_hpc/informed_swapping/BARK.py:156: UserWarning: Exited postprocessing with accuracies 
[1.07713904e-09]
not reaching the requested tolerance 1e-09.
  values, vectors = lobpcg(projected_hamiltonian, guess, largest=False,
/home/erosanow_hpc/informed_swapping/BARK.py:156: UserWarning: Exited at iteration 50 with accuracies 
[3.008101e-09]
not reaching the requested tolerance 1e-09.
Use iteration 51 instead with accuracy 
3.0081009978241956e-09.

  values, vectors = lobpcg(projected_hamiltonian, guess, largest=False,
/home/erosanow_hpc/informed_swapping/BARK.py:156: UserWarning: Exited postprocessing with accuracies 
[3.00810106e-09]
not reaching the requested tolerance 1e-09.
  values, vectors = lobpcg(projected_hamiltonian, guess, largest=False,
/home/erosanow_hpc/informed_swapping/BARK.py:156: UserWarning: Exited at iteration 50 with accuracies 
[2.02668328e-09]
not reaching the requested tolerance 1e-09.
Use iteration 51 instead with accuracy 
2.026683281304237e-09.

  values, vectors = lobpcg(projected_hamiltonian, guess, largest=False,
/home/erosanow_hpc/informed_swapping/BARK.py:156: UserWarning: Exited postprocessing with accuracies 
[2.0266834e-09]
not reaching the requested tolerance 1e-09.
  values, vectors = lobpcg(projected_hamiltonian, guess, largest=False,
/home/erosanow_hpc/informed_swapping/BARK.py:156: UserWarning: Exited at iteration 50 with accuracies 
[1.78015499e-09]
not reaching the requested tolerance 1e-09.
Use iteration 51 instead with accuracy 
1.7801549860021238e-09.

  values, vectors = lobpcg(projected_hamiltonian, guess, largest=False,
/home/erosanow_hpc/informed_swapping/BARK.py:156: UserWarning: Exited postprocessing with accuracies 
[1.78015475e-09]
not reaching the requested tolerance 1e-09.
  values, vectors = lobpcg(projected_hamiltonian, guess, largest=False,
/home/erosanow_hpc/informed_swapping/BARK.py:156: UserWarning: Exited at iteration 50 with accuracies 
[4.14688378e-09]
not reaching the requested tolerance 1e-09.
Use iteration 51 instead with accuracy 
4.146883776281544e-09.

  values, vectors = lobpcg(projected_hamiltonian, guess, largest=False,
/home/erosanow_hpc/informed_swapping/BARK.py:156: UserWarning: Exited postprocessing with accuracies 
[4.14688372e-09]
not reaching the requested tolerance 1e-09.
  values, vectors = lobpcg(projected_hamiltonian, guess, largest=False,
/home/erosanow_hpc/informed_swapping/BARK.py:156: UserWarning: Exited at iteration 50 with accuracies 
[1.69180244e-09]
not reaching the requested tolerance 1e-09.
Use iteration 51 instead with accuracy 
1.6918024440607915e-09.

  values, vectors = lobpcg(projected_hamiltonian, guess, largest=False,
/home/erosanow_hpc/informed_swapping/BARK.py:156: UserWarning: Exited postprocessing with accuracies 
[1.69180246e-09]
not reaching the requested tolerance 1e-09.
  values, vectors = lobpcg(projected_hamiltonian, guess, largest=False,
/home/erosanow_hpc/informed_swapping/BARK.py:156: UserWarning: Exited at iteration 50 with accuracies 
[2.37455661e-09]
not reaching the requested tolerance 1e-09.
Use iteration 51 instead with accuracy 
2.3745566108203623e-09.

  values, vectors = lobpcg(projected_hamiltonian, guess, largest=False,
/home/erosanow_hpc/informed_swapping/BARK.py:156: UserWarning: Exited postprocessing with accuracies 
[2.37455607e-09]
not reaching the requested tolerance 1e-09.
  values, vectors = lobpcg(projected_hamiltonian, guess, largest=False,
/home/erosanow_hpc/informed_swapping/BARK.py:156: UserWarning: Exited at iteration 50 with accuracies 
[1.41169497e-09]
not reaching the requested tolerance 1e-09.
Use iteration 51 instead with accuracy 
1.4116949704679517e-09.

  values, vectors = lobpcg(projected_hamiltonian, guess, largest=False,
/home/erosanow_hpc/informed_swapping/BARK.py:156: UserWarning: Exited postprocessing with accuracies 
[1.4116948e-09]
not reaching the requested tolerance 1e-09.
  values, vectors = lobpcg(projected_hamiltonian, guess, largest=False,
/home/erosanow_hpc/informed_swapping/BARK.py:156: UserWarning: Exited at iteration 50 with accuracies 
[1.06492293e-09]
not reaching the requested tolerance 1e-09.
Use iteration 51 instead with accuracy 
1.0649229344234928e-09.

  values, vectors = lobpcg(projected_hamiltonian, guess, largest=False,
/home/erosanow_hpc/informed_swapping/BARK.py:156: UserWarning: Exited postprocessing with accuracies 
[1.06492225e-09]
not reaching the requested tolerance 1e-09.
  values, vectors = lobpcg(projected_hamiltonian, guess, largest=False,
/home/erosanow_hpc/informed_swapping/BARK.py:156: UserWarning: Exited at iteration 50 with accuracies 
[1.5101757e-09]
not reaching the requested tolerance 1e-09.
Use iteration 51 instead with accuracy 
1.510175702648524e-09.

  values, vectors = lobpcg(projected_hamiltonian, guess, largest=False,
/home/erosanow_hpc/informed_swapping/BARK.py:156: UserWarning: Exited postprocessing with accuracies 
[1.51017628e-09]
not reaching the requested tolerance 1e-09.
  values, vectors = lobpcg(projected_hamiltonian, guess, largest=False,
/home/erosanow_hpc/informed_swapping/BARK.py:156: UserWarning: Exited at iteration 50 with accuracies 
[2.50735915e-09]
not reaching the requested tolerance 1e-09.
Use iteration 51 instead with accuracy 
2.507359153778187e-09.

  values, vectors = lobpcg(projected_hamiltonian, guess, largest=False,
/home/erosanow_hpc/informed_swapping/BARK.py:156: UserWarning: Exited postprocessing with accuracies 
[2.50735909e-09]
not reaching the requested tolerance 1e-09.
  values, vectors = lobpcg(projected_hamiltonian, guess, largest=False,
/home/erosanow_hpc/informed_swapping/BARK.py:156: UserWarning: Exited at iteration 50 with accuracies 
[1.05346385e-09]
not reaching the requested tolerance 1e-09.
Use iteration 51 instead with accuracy 
1.053463846972149e-09.

  values, vectors = lobpcg(projected_hamiltonian, guess, largest=False,
/home/erosanow_hpc/informed_swapping/BARK.py:156: UserWarning: Exited postprocessing with accuracies 
[1.05346409e-09]
not reaching the requested tolerance 1e-09.
  values, vectors = lobpcg(projected_hamiltonian, guess, largest=False,
/home/erosanow_hpc/informed_swapping/BARK.py:156: UserWarning: Exited at iteration 50 with accuracies 
[1.72933741e-09]
not reaching the requested tolerance 1e-09.
Use iteration 51 instead with accuracy 
1.729337408387963e-09.

  values, vectors = lobpcg(projected_hamiltonian, guess, largest=False,
/home/erosanow_hpc/informed_swapping/BARK.py:156: UserWarning: Exited postprocessing with accuracies 
[1.72933719e-09]
not reaching the requested tolerance 1e-09.
  values, vectors = lobpcg(projected_hamiltonian, guess, largest=False,
/home/erosanow_hpc/informed_swapping/BARK.py:156: UserWarning: Exited at iteration 50 with accuracies 
[1.04656677e-09]
not reaching the requested tolerance 1e-09.
Use iteration 51 instead with accuracy 
1.0465667694141598e-09.

  values, vectors = lobpcg(projected_hamiltonian, guess, largest=False,
/home/erosanow_hpc/informed_swapping/BARK.py:156: UserWarning: Exited postprocessing with accuracies 
[1.04656665e-09]
not reaching the requested tolerance 1e-09.
  values, vectors = lobpcg(projected_hamiltonian, guess, largest=False,
/home/erosanow_hpc/informed_swapping/BARK.py:156: UserWarning: Exited at iteration 50 with accuracies 
[2.63251936e-09]
not reaching the requested tolerance 1e-09.
Use iteration 51 instead with accuracy 
2.632519361930637e-09.

  values, vectors = lobpcg(projected_hamiltonian, guess, largest=False,
/home/erosanow_hpc/informed_swapping/BARK.py:156: UserWarning: Exited postprocessing with accuracies 
[2.63252003e-09]
not reaching the requested tolerance 1e-09.
  values, vectors = lobpcg(projected_hamiltonian, guess, largest=False,
/home/erosanow_hpc/informed_swapping/BARK.py:156: UserWarning: Exited at iteration 50 with accuracies 
[1.90819424e-09]
not reaching the requested tolerance 1e-09.
Use iteration 51 instead with accuracy 
1.9081942442547078e-09.

  values, vectors = lobpcg(projected_hamiltonian, guess, largest=False,
/home/erosanow_hpc/informed_swapping/BARK.py:156: UserWarning: Exited postprocessing with accuracies 
[1.90819436e-09]
not reaching the requested tolerance 1e-09.
  values, vectors = lobpcg(projected_hamiltonian, guess, largest=False,
/home/erosanow_hpc/informed_swapping/BARK.py:156: UserWarning: Exited at iteration 50 with accuracies 
[1.56693785e-09]
not reaching the requested tolerance 1e-09.
Use iteration 51 instead with accuracy 
1.5669378489884345e-09.

  values, vectors = lobpcg(projected_hamiltonian, guess, largest=False,
/home/erosanow_hpc/informed_swapping/BARK.py:156: UserWarning: Exited postprocessing with accuracies 
[1.56693789e-09]
not reaching the requested tolerance 1e-09.
  values, vectors = lobpcg(projected_hamiltonian, guess, largest=False,
/home/erosanow_hpc/informed_swapping/BARK.py:156: UserWarning: Exited at iteration 50 with accuracies 
[3.67635132e-09]
not reaching the requested tolerance 1e-09.
Use iteration 51 instead with accuracy 
3.6763513206905235e-09.

  values, vectors = lobpcg(projected_hamiltonian, guess, largest=False,
/home/erosanow_hpc/informed_swapping/BARK.py:156: UserWarning: Exited postprocessing with accuracies 
[3.67635106e-09]
not reaching the requested tolerance 1e-09.
  values, vectors = lobpcg(projected_hamiltonian, guess, largest=False,
/home/erosanow_hpc/informed_swapping/BARK.py:156: UserWarning: Exited at iteration 50 with accuracies 
[2.06121094e-09]
not reaching the requested tolerance 1e-09.
Use iteration 51 instead with accuracy 
2.061210939785303e-09.

  values, vectors = lobpcg(projected_hamiltonian, guess, largest=False,
/home/erosanow_hpc/informed_swapping/BARK.py:156: UserWarning: Exited postprocessing with accuracies 
[2.06121125e-09]
not reaching the requested tolerance 1e-09.
  values, vectors = lobpcg(projected_hamiltonian, guess, largest=False,
/home/erosanow_hpc/informed_swapping/BARK.py:156: UserWarning: Exited at iteration 50 with accuracies 
[2.30243912e-09]
not reaching the requested tolerance 1e-09.
Use iteration 51 instead with accuracy 
2.3024391239881314e-09.

  values, vectors = lobpcg(projected_hamiltonian, guess, largest=False,
/home/erosanow_hpc/informed_swapping/BARK.py:156: UserWarning: Exited postprocessing with accuracies 
[2.30243927e-09]
not reaching the requested tolerance 1e-09.
  values, vectors = lobpcg(projected_hamiltonian, guess, largest=False,
/home/erosanow_hpc/informed_swapping/BARK.py:156: UserWarning: Exited at iteration 50 with accuracies 
[1.41523489e-09]
not reaching the requested tolerance 1e-09.
Use iteration 51 instead with accuracy 
1.4152348870455803e-09.

  values, vectors = lobpcg(projected_hamiltonian, guess, largest=False,
/home/erosanow_hpc/informed_swapping/BARK.py:156: UserWarning: Exited postprocessing with accuracies 
[1.41523426e-09]
not reaching the requested tolerance 1e-09.
  values, vectors = lobpcg(projected_hamiltonian, guess, largest=False,
/home/erosanow_hpc/informed_swapping/BARK.py:156: UserWarning: Exited at iteration 50 with accuracies 
[1.37464202e-09]
not reaching the requested tolerance 1e-09.
Use iteration 51 instead with accuracy 
1.3746420186987324e-09.

  values, vectors = lobpcg(projected_hamiltonian, guess, largest=False,
/home/erosanow_hpc/informed_swapping/BARK.py:156: UserWarning: Exited postprocessing with accuracies 
[1.37464238e-09]
not reaching the requested tolerance 1e-09.
  values, vectors = lobpcg(projected_hamiltonian, guess, largest=False,
/home/erosanow_hpc/informed_swapping/BARK.py:156: UserWarning: Exited at iteration 50 with accuracies 
[1.22235811e-09]
not reaching the requested tolerance 1e-09.
Use iteration 51 instead with accuracy 
1.2223581121738085e-09.

  values, vectors = lobpcg(projected_hamiltonian, guess, largest=False,
/home/erosanow_hpc/informed_swapping/BARK.py:156: UserWarning: Exited postprocessing with accuracies 
[1.22235731e-09]
not reaching the requested tolerance 1e-09.
  values, vectors = lobpcg(projected_hamiltonian, guess, largest=False,
/home/erosanow_hpc/informed_swapping/BARK.py:156: UserWarning: Exited at iteration 50 with accuracies 
[2.71199853e-09]
not reaching the requested tolerance 1e-09.
Use iteration 51 instead with accuracy 
2.711998527671277e-09.

  values, vectors = lobpcg(projected_hamiltonian, guess, largest=False,
/home/erosanow_hpc/informed_swapping/BARK.py:156: UserWarning: Exited postprocessing with accuracies 
[2.71199792e-09]
not reaching the requested tolerance 1e-09.
  values, vectors = lobpcg(projected_hamiltonian, guess, largest=False,
/home/erosanow_hpc/informed_swapping/BARK.py:156: UserWarning: Exited at iteration 50 with accuracies 
[1.17000799e-09]
not reaching the requested tolerance 1e-09.
Use iteration 51 instead with accuracy 
1.1700079893008257e-09.

  values, vectors = lobpcg(projected_hamiltonian, guess, largest=False,
/home/erosanow_hpc/informed_swapping/BARK.py:156: UserWarning: Exited postprocessing with accuracies 
[1.17000762e-09]
not reaching the requested tolerance 1e-09.
  values, vectors = lobpcg(projected_hamiltonian, guess, largest=False,
/home/erosanow_hpc/informed_swapping/BARK.py:156: UserWarning: Exited at iteration 50 with accuracies 
[1.53888938e-09]
not reaching the requested tolerance 1e-09.
Use iteration 51 instead with accuracy 
1.538889383639162e-09.

  values, vectors = lobpcg(projected_hamiltonian, guess, largest=False,
/home/erosanow_hpc/informed_swapping/BARK.py:156: UserWarning: Exited postprocessing with accuracies 
[1.53888892e-09]
not reaching the requested tolerance 1e-09.
  values, vectors = lobpcg(projected_hamiltonian, guess, largest=False,
/home/erosanow_hpc/informed_swapping/BARK.py:156: UserWarning: Exited at iteration 50 with accuracies 
[1.11832623e-09]
not reaching the requested tolerance 1e-09.
Use iteration 51 instead with accuracy 
1.1183262288097044e-09.

  values, vectors = lobpcg(projected_hamiltonian, guess, largest=False,
/home/erosanow_hpc/informed_swapping/BARK.py:156: UserWarning: Exited postprocessing with accuracies 
[1.11832543e-09]
not reaching the requested tolerance 1e-09.
  values, vectors = lobpcg(projected_hamiltonian, guess, largest=False,
/home/erosanow_hpc/informed_swapping/BARK.py:156: UserWarning: Exited at iteration 50 with accuracies 
[3.04272537e-09]
not reaching the requested tolerance 1e-09.
Use iteration 51 instead with accuracy 
3.042725365400128e-09.

  values, vectors = lobpcg(projected_hamiltonian, guess, largest=False,
/home/erosanow_hpc/informed_swapping/BARK.py:156: UserWarning: Exited postprocessing with accuracies 
[3.04272532e-09]
not reaching the requested tolerance 1e-09.
  values, vectors = lobpcg(projected_hamiltonian, guess, largest=False,
/home/erosanow_hpc/informed_swapping/BARK.py:156: UserWarning: Exited at iteration 50 with accuracies 
[2.08368472e-09]
not reaching the requested tolerance 1e-09.
Use iteration 51 instead with accuracy 
2.0836847216177456e-09.

  values, vectors = lobpcg(projected_hamiltonian, guess, largest=False,
/home/erosanow_hpc/informed_swapping/BARK.py:156: UserWarning: Exited postprocessing with accuracies 
[2.08368477e-09]
not reaching the requested tolerance 1e-09.
  values, vectors = lobpcg(projected_hamiltonian, guess, largest=False,
/home/erosanow_hpc/informed_swapping/BARK.py:156: UserWarning: Exited at iteration 50 with accuracies 
[1.79163572e-09]
not reaching the requested tolerance 1e-09.
Use iteration 51 instead with accuracy 
1.7916357200036615e-09.

  values, vectors = lobpcg(projected_hamiltonian, guess, largest=False,
/home/erosanow_hpc/informed_swapping/BARK.py:156: UserWarning: Exited postprocessing with accuracies 
[1.7916357e-09]
not reaching the requested tolerance 1e-09.
  values, vectors = lobpcg(projected_hamiltonian, guess, largest=False,
/home/erosanow_hpc/informed_swapping/BARK.py:156: UserWarning: Exited at iteration 50 with accuracies 
[4.28377356e-09]
not reaching the requested tolerance 1e-09.
Use iteration 51 instead with accuracy 
4.2837735645254515e-09.

  values, vectors = lobpcg(projected_hamiltonian, guess, largest=False,
/home/erosanow_hpc/informed_swapping/BARK.py:156: UserWarning: Exited postprocessing with accuracies 
[4.2837733e-09]
not reaching the requested tolerance 1e-09.
  values, vectors = lobpcg(projected_hamiltonian, guess, largest=False,
/home/erosanow_hpc/informed_swapping/BARK.py:156: UserWarning: Exited at iteration 50 with accuracies 
[1.77672319e-09]
not reaching the requested tolerance 1e-09.
Use iteration 51 instead with accuracy 
1.776723188116704e-09.

  values, vectors = lobpcg(projected_hamiltonian, guess, largest=False,
/home/erosanow_hpc/informed_swapping/BARK.py:156: UserWarning: Exited postprocessing with accuracies 
[1.77672334e-09]
not reaching the requested tolerance 1e-09.
  values, vectors = lobpcg(projected_hamiltonian, guess, largest=False,
/home/erosanow_hpc/informed_swapping/BARK.py:156: UserWarning: Exited at iteration 50 with accuracies 
[1.97511824e-09]
not reaching the requested tolerance 1e-09.
Use iteration 51 instead with accuracy 
1.975118238052799e-09.

  values, vectors = lobpcg(projected_hamiltonian, guess, largest=False,
/home/erosanow_hpc/informed_swapping/BARK.py:156: UserWarning: Exited postprocessing with accuracies 
[1.97511878e-09]
not reaching the requested tolerance 1e-09.
  values, vectors = lobpcg(projected_hamiltonian, guess, largest=False,
/home/erosanow_hpc/informed_swapping/BARK.py:156: UserWarning: Exited at iteration 50 with accuracies 
[1.30614665e-09]
not reaching the requested tolerance 1e-09.
Use iteration 51 instead with accuracy 
1.3061466452227334e-09.

  values, vectors = lobpcg(projected_hamiltonian, guess, largest=False,
/home/erosanow_hpc/informed_swapping/BARK.py:156: UserWarning: Exited postprocessing with accuracies 
[1.30614679e-09]
not reaching the requested tolerance 1e-09.
  values, vectors = lobpcg(projected_hamiltonian, guess, largest=False,
/home/erosanow_hpc/informed_swapping/BARK.py:156: UserWarning: Exited at iteration 50 with accuracies 
[1.34417247e-09]
not reaching the requested tolerance 1e-09.
Use iteration 51 instead with accuracy 
1.3441724699821773e-09.

  values, vectors = lobpcg(projected_hamiltonian, guess, largest=False,
/home/erosanow_hpc/informed_swapping/BARK.py:156: UserWarning: Exited postprocessing with accuracies 
[1.3441727e-09]
not reaching the requested tolerance 1e-09.
  values, vectors = lobpcg(projected_hamiltonian, guess, largest=False,
/home/erosanow_hpc/informed_swapping/BARK.py:156: UserWarning: Exited at iteration 50 with accuracies 
[1.19730883e-09]
not reaching the requested tolerance 1e-09.
Use iteration 51 instead with accuracy 
1.1973088259151311e-09.

  values, vectors = lobpcg(projected_hamiltonian, guess, largest=False,
/home/erosanow_hpc/informed_swapping/BARK.py:156: UserWarning: Exited postprocessing with accuracies 
[1.19730833e-09]
not reaching the requested tolerance 1e-09.
  values, vectors = lobpcg(projected_hamiltonian, guess, largest=False,
/home/erosanow_hpc/informed_swapping/BARK.py:156: UserWarning: Exited at iteration 50 with accuracies 
[2.67136142e-09]
not reaching the requested tolerance 1e-09.
Use iteration 51 instead with accuracy 
2.671361415843869e-09.

  values, vectors = lobpcg(projected_hamiltonian, guess, largest=False,
/home/erosanow_hpc/informed_swapping/BARK.py:156: UserWarning: Exited postprocessing with accuracies 
[2.67136102e-09]
not reaching the requested tolerance 1e-09.
  values, vectors = lobpcg(projected_hamiltonian, guess, largest=False,
/home/erosanow_hpc/informed_swapping/BARK.py:156: UserWarning: Exited at iteration 50 with accuracies 
[1.15772826e-09]
not reaching the requested tolerance 1e-09.
Use iteration 51 instead with accuracy 
1.1577282594133468e-09.

  values, vectors = lobpcg(projected_hamiltonian, guess, largest=False,
/home/erosanow_hpc/informed_swapping/BARK.py:156: UserWarning: Exited postprocessing with accuracies 
[1.15772824e-09]
not reaching the requested tolerance 1e-09.
  values, vectors = lobpcg(projected_hamiltonian, guess, largest=False,
/home/erosanow_hpc/informed_swapping/BARK.py:156: UserWarning: Exited at iteration 50 with accuracies 
[1.51235783e-09]
not reaching the requested tolerance 1e-09.
Use iteration 51 instead with accuracy 
1.5123578254108733e-09.

  values, vectors = lobpcg(projected_hamiltonian, guess, largest=False,
/home/erosanow_hpc/informed_swapping/BARK.py:156: UserWarning: Exited postprocessing with accuracies 
[1.51235803e-09]
not reaching the requested tolerance 1e-09.
  values, vectors = lobpcg(projected_hamiltonian, guess, largest=False,
/home/erosanow_hpc/informed_swapping/BARK.py:156: UserWarning: Exited at iteration 50 with accuracies 
[1.1077939e-09]
not reaching the requested tolerance 1e-09.
Use iteration 51 instead with accuracy 
1.1077939047330457e-09.

  values, vectors = lobpcg(projected_hamiltonian, guess, largest=False,
/home/erosanow_hpc/informed_swapping/BARK.py:156: UserWarning: Exited postprocessing with accuracies 
[1.10779432e-09]
not reaching the requested tolerance 1e-09.
  values, vectors = lobpcg(projected_hamiltonian, guess, largest=False,
/home/erosanow_hpc/informed_swapping/BARK.py:156: UserWarning: Exited at iteration 50 with accuracies 
[3.01172719e-09]
not reaching the requested tolerance 1e-09.
Use iteration 51 instead with accuracy 
3.0117271907463096e-09.

  values, vectors = lobpcg(projected_hamiltonian, guess, largest=False,
/home/erosanow_hpc/informed_swapping/BARK.py:156: UserWarning: Exited postprocessing with accuracies 
[3.01172694e-09]
not reaching the requested tolerance 1e-09.
  values, vectors = lobpcg(projected_hamiltonian, guess, largest=False,
/home/erosanow_hpc/informed_swapping/BARK.py:156: UserWarning: Exited at iteration 50 with accuracies 
[2.08466537e-09]
not reaching the requested tolerance 1e-09.
Use iteration 51 instead with accuracy 
2.084665374759401e-09.

  values, vectors = lobpcg(projected_hamiltonian, guess, largest=False,
/home/erosanow_hpc/informed_swapping/BARK.py:156: UserWarning: Exited postprocessing with accuracies 
[2.08466539e-09]
not reaching the requested tolerance 1e-09.
  values, vectors = lobpcg(projected_hamiltonian, guess, largest=False,
/home/erosanow_hpc/informed_swapping/BARK.py:156: UserWarning: Exited at iteration 50 with accuracies 
[1.77300626e-09]
not reaching the requested tolerance 1e-09.
Use iteration 51 instead with accuracy 
1.7730062586202821e-09.

  values, vectors = lobpcg(projected_hamiltonian, guess, largest=False,
/home/erosanow_hpc/informed_swapping/BARK.py:156: UserWarning: Exited postprocessing with accuracies 
[1.77300631e-09]
not reaching the requested tolerance 1e-09.
  values, vectors = lobpcg(projected_hamiltonian, guess, largest=False,
/home/erosanow_hpc/informed_swapping/BARK.py:156: UserWarning: Exited at iteration 50 with accuracies 
[4.25193161e-09]
not reaching the requested tolerance 1e-09.
Use iteration 51 instead with accuracy 
4.251931605967833e-09.

  values, vectors = lobpcg(projected_hamiltonian, guess, largest=False,
/home/erosanow_hpc/informed_swapping/BARK.py:156: UserWarning: Exited postprocessing with accuracies 
[4.25193159e-09]
not reaching the requested tolerance 1e-09.
  values, vectors = lobpcg(projected_hamiltonian, guess, largest=False,
/home/erosanow_hpc/informed_swapping/BARK.py:156: UserWarning: Exited at iteration 50 with accuracies 
[1.75747969e-09]
not reaching the requested tolerance 1e-09.
Use iteration 51 instead with accuracy 
1.7574796938217166e-09.

  values, vectors = lobpcg(projected_hamiltonian, guess, largest=False,
/home/erosanow_hpc/informed_swapping/BARK.py:156: UserWarning: Exited postprocessing with accuracies 
[1.75748014e-09]
not reaching the requested tolerance 1e-09.
  values, vectors = lobpcg(projected_hamiltonian, guess, largest=False,
/home/erosanow_hpc/informed_swapping/BARK.py:156: UserWarning: Exited at iteration 50 with accuracies 
[1.96612902e-09]
not reaching the requested tolerance 1e-09.
Use iteration 51 instead with accuracy 
1.966129018347612e-09.

  values, vectors = lobpcg(projected_hamiltonian, guess, largest=False,
/home/erosanow_hpc/informed_swapping/BARK.py:156: UserWarning: Exited postprocessing with accuracies 
[1.96612923e-09]
not reaching the requested tolerance 1e-09.
  values, vectors = lobpcg(projected_hamiltonian, guess, largest=False,
/home/erosanow_hpc/informed_swapping/BARK.py:156: UserWarning: Exited at iteration 50 with accuracies 
[1.28231176e-09]
not reaching the requested tolerance 1e-09.
Use iteration 51 instead with accuracy 
1.2823117606335294e-09.

  values, vectors = lobpcg(projected_hamiltonian, guess, largest=False,
/home/erosanow_hpc/informed_swapping/BARK.py:156: UserWarning: Exited postprocessing with accuracies 
[1.28231214e-09]
not reaching the requested tolerance 1e-09.
  values, vectors = lobpcg(projected_hamiltonian, guess, largest=False,
/home/erosanow_hpc/informed_swapping/BARK.py:156: UserWarning: Exited at iteration 50 with accuracies 
[1.06040097e-09]
not reaching the requested tolerance 1e-09.
Use iteration 51 instead with accuracy 
1.0604009713844313e-09.

  values, vectors = lobpcg(projected_hamiltonian, guess, largest=False,
/home/erosanow_hpc/informed_swapping/BARK.py:156: UserWarning: Exited postprocessing with accuracies 
[1.06040127e-09]
not reaching the requested tolerance 1e-09.
  values, vectors = lobpcg(projected_hamiltonian, guess, largest=False,
/home/erosanow_hpc/informed_swapping/BARK.py:156: UserWarning: Exited at iteration 50 with accuracies 
[1.51807466e-09]
not reaching the requested tolerance 1e-09.
Use iteration 51 instead with accuracy 
1.518074662604636e-09.

  values, vectors = lobpcg(projected_hamiltonian, guess, largest=False,
/home/erosanow_hpc/informed_swapping/BARK.py:156: UserWarning: Exited postprocessing with accuracies 
[1.51807437e-09]
not reaching the requested tolerance 1e-09.
  values, vectors = lobpcg(projected_hamiltonian, guess, largest=False,
/home/erosanow_hpc/informed_swapping/BARK.py:156: UserWarning: Exited at iteration 50 with accuracies 
[2.55501933e-09]
not reaching the requested tolerance 1e-09.
Use iteration 51 instead with accuracy 
2.5550193330728397e-09.

  values, vectors = lobpcg(projected_hamiltonian, guess, largest=False,
/home/erosanow_hpc/informed_swapping/BARK.py:156: UserWarning: Exited postprocessing with accuracies 
[2.55501916e-09]
not reaching the requested tolerance 1e-09.
  values, vectors = lobpcg(projected_hamiltonian, guess, largest=False,
/home/erosanow_hpc/informed_swapping/BARK.py:156: UserWarning: Exited at iteration 50 with accuracies 
[1.06080537e-09]
not reaching the requested tolerance 1e-09.
Use iteration 51 instead with accuracy 
1.0608053689809284e-09.

  values, vectors = lobpcg(projected_hamiltonian, guess, largest=False,
/home/erosanow_hpc/informed_swapping/BARK.py:156: UserWarning: Exited postprocessing with accuracies 
[1.06080531e-09]
not reaching the requested tolerance 1e-09.
  values, vectors = lobpcg(projected_hamiltonian, guess, largest=False,
/home/erosanow_hpc/informed_swapping/BARK.py:156: UserWarning: Exited at iteration 50 with accuracies 
[1.88526416e-09]
not reaching the requested tolerance 1e-09.
Use iteration 51 instead with accuracy 
1.8852641638035846e-09.

  values, vectors = lobpcg(projected_hamiltonian, guess, largest=False,
/home/erosanow_hpc/informed_swapping/BARK.py:156: UserWarning: Exited postprocessing with accuracies 
[1.88526372e-09]
not reaching the requested tolerance 1e-09.
  values, vectors = lobpcg(projected_hamiltonian, guess, largest=False,
/home/erosanow_hpc/informed_swapping/BARK.py:156: UserWarning: Exited at iteration 50 with accuracies 
[1.00595405e-09]
not reaching the requested tolerance 1e-09.
Use iteration 51 instead with accuracy 
1.0059540475961532e-09.

  values, vectors = lobpcg(projected_hamiltonian, guess, largest=False,
/home/erosanow_hpc/informed_swapping/BARK.py:156: UserWarning: Exited postprocessing with accuracies 
[1.00595386e-09]
not reaching the requested tolerance 1e-09.
  values, vectors = lobpcg(projected_hamiltonian, guess, largest=False,
/home/erosanow_hpc/informed_swapping/BARK.py:156: UserWarning: Exited at iteration 50 with accuracies 
[2.87834113e-09]
not reaching the requested tolerance 1e-09.
Use iteration 51 instead with accuracy 
2.8783411268468327e-09.

  values, vectors = lobpcg(projected_hamiltonian, guess, largest=False,
/home/erosanow_hpc/informed_swapping/BARK.py:156: UserWarning: Exited postprocessing with accuracies 
[2.87834141e-09]
not reaching the requested tolerance 1e-09.
  values, vectors = lobpcg(projected_hamiltonian, guess, largest=False,
/home/erosanow_hpc/informed_swapping/BARK.py:156: UserWarning: Exited at iteration 50 with accuracies 
[1.86422921e-09]
not reaching the requested tolerance 1e-09.
Use iteration 51 instead with accuracy 
1.86422920930628e-09.

  values, vectors = lobpcg(projected_hamiltonian, guess, largest=False,
/home/erosanow_hpc/informed_swapping/BARK.py:156: UserWarning: Exited postprocessing with accuracies 
[1.86422896e-09]
not reaching the requested tolerance 1e-09.
  values, vectors = lobpcg(projected_hamiltonian, guess, largest=False,
/home/erosanow_hpc/informed_swapping/BARK.py:156: UserWarning: Exited at iteration 50 with accuracies 
[1.71451305e-09]
not reaching the requested tolerance 1e-09.
Use iteration 51 instead with accuracy 
1.7145130493859473e-09.

  values, vectors = lobpcg(projected_hamiltonian, guess, largest=False,
/home/erosanow_hpc/informed_swapping/BARK.py:156: UserWarning: Exited postprocessing with accuracies 
[1.71451304e-09]
not reaching the requested tolerance 1e-09.
  values, vectors = lobpcg(projected_hamiltonian, guess, largest=False,
/home/erosanow_hpc/informed_swapping/BARK.py:156: UserWarning: Exited at iteration 50 with accuracies 
[3.63705076e-09]
not reaching the requested tolerance 1e-09.
Use iteration 51 instead with accuracy 
3.6370507578128547e-09.

  values, vectors = lobpcg(projected_hamiltonian, guess, largest=False,
/home/erosanow_hpc/informed_swapping/BARK.py:156: UserWarning: Exited postprocessing with accuracies 
[3.63705121e-09]
not reaching the requested tolerance 1e-09.
  values, vectors = lobpcg(projected_hamiltonian, guess, largest=False,
/home/erosanow_hpc/informed_swapping/BARK.py:156: UserWarning: Exited at iteration 50 with accuracies 
[2.00499016e-09]
not reaching the requested tolerance 1e-09.
Use iteration 51 instead with accuracy 
2.0049901606932175e-09.

  values, vectors = lobpcg(projected_hamiltonian, guess, largest=False,
/home/erosanow_hpc/informed_swapping/BARK.py:156: UserWarning: Exited postprocessing with accuracies 
[2.00499018e-09]
not reaching the requested tolerance 1e-09.
  values, vectors = lobpcg(projected_hamiltonian, guess, largest=False,
/home/erosanow_hpc/informed_swapping/BARK.py:156: UserWarning: Exited at iteration 50 with accuracies 
[1.91845483e-09]
not reaching the requested tolerance 1e-09.
Use iteration 51 instead with accuracy 
1.9184548265167192e-09.

  values, vectors = lobpcg(projected_hamiltonian, guess, largest=False,
/home/erosanow_hpc/informed_swapping/BARK.py:156: UserWarning: Exited postprocessing with accuracies 
[1.91845483e-09]
not reaching the requested tolerance 1e-09.
  values, vectors = lobpcg(projected_hamiltonian, guess, largest=False,
/home/erosanow_hpc/informed_swapping/BARK.py:156: UserWarning: Exited at iteration 50 with accuracies 
[1.3392134e-09]
not reaching the requested tolerance 1e-09.
Use iteration 51 instead with accuracy 
1.339213404390549e-09.

  values, vectors = lobpcg(projected_hamiltonian, guess, largest=False,
/home/erosanow_hpc/informed_swapping/BARK.py:156: UserWarning: Exited postprocessing with accuracies 
[1.33921382e-09]
not reaching the requested tolerance 1e-09.
  values, vectors = lobpcg(projected_hamiltonian, guess, largest=False,
/home/erosanow_hpc/informed_swapping/BARK.py:156: UserWarning: Exited at iteration 50 with accuracies 
[1.33968643e-09]
not reaching the requested tolerance 1e-09.
Use iteration 51 instead with accuracy 
1.339686427489589e-09.

  values, vectors = lobpcg(projected_hamiltonian, guess, largest=False,
/home/erosanow_hpc/informed_swapping/BARK.py:156: UserWarning: Exited postprocessing with accuracies 
[1.33968595e-09]
not reaching the requested tolerance 1e-09.
  values, vectors = lobpcg(projected_hamiltonian, guess, largest=False,
/home/erosanow_hpc/informed_swapping/BARK.py:156: UserWarning: Exited at iteration 50 with accuracies 
[1.23354207e-09]
not reaching the requested tolerance 1e-09.
Use iteration 51 instead with accuracy 
1.2335420665978593e-09.

  values, vectors = lobpcg(projected_hamiltonian, guess, largest=False,
/home/erosanow_hpc/informed_swapping/BARK.py:156: UserWarning: Exited postprocessing with accuracies 
[1.23354195e-09]
not reaching the requested tolerance 1e-09.
  values, vectors = lobpcg(projected_hamiltonian, guess, largest=False,
/home/erosanow_hpc/informed_swapping/BARK.py:156: UserWarning: Exited at iteration 50 with accuracies 
[2.73230908e-09]
not reaching the requested tolerance 1e-09.
Use iteration 51 instead with accuracy 
2.732309082244888e-09.

  values, vectors = lobpcg(projected_hamiltonian, guess, largest=False,
/home/erosanow_hpc/informed_swapping/BARK.py:156: UserWarning: Exited postprocessing with accuracies 
[2.73230902e-09]
not reaching the requested tolerance 1e-09.
  values, vectors = lobpcg(projected_hamiltonian, guess, largest=False,
/home/erosanow_hpc/informed_swapping/BARK.py:156: UserWarning: Exited at iteration 50 with accuracies 
[1.150862e-09]
not reaching the requested tolerance 1e-09.
Use iteration 51 instead with accuracy 
1.1508619951131076e-09.

  values, vectors = lobpcg(projected_hamiltonian, guess, largest=False,
/home/erosanow_hpc/informed_swapping/BARK.py:156: UserWarning: Exited postprocessing with accuracies 
[1.15086244e-09]
not reaching the requested tolerance 1e-09.
  values, vectors = lobpcg(projected_hamiltonian, guess, largest=False,
/home/erosanow_hpc/informed_swapping/BARK.py:156: UserWarning: Exited at iteration 50 with accuracies 
[1.56017538e-09]
not reaching the requested tolerance 1e-09.
Use iteration 51 instead with accuracy 
1.5601753836730787e-09.

  values, vectors = lobpcg(projected_hamiltonian, guess, largest=False,
/home/erosanow_hpc/informed_swapping/BARK.py:156: UserWarning: Exited postprocessing with accuracies 
[1.56017543e-09]
not reaching the requested tolerance 1e-09.
  values, vectors = lobpcg(projected_hamiltonian, guess, largest=False,
/home/erosanow_hpc/informed_swapping/BARK.py:156: UserWarning: Exited at iteration 50 with accuracies 
[1.09217202e-09]
not reaching the requested tolerance 1e-09.
Use iteration 51 instead with accuracy 
1.0921720230822003e-09.

  values, vectors = lobpcg(projected_hamiltonian, guess, largest=False,
/home/erosanow_hpc/informed_swapping/BARK.py:156: UserWarning: Exited postprocessing with accuracies 
[1.09217235e-09]
not reaching the requested tolerance 1e-09.
  values, vectors = lobpcg(projected_hamiltonian, guess, largest=False,
/home/erosanow_hpc/informed_swapping/BARK.py:156: UserWarning: Exited at iteration 50 with accuracies 
[3.07867379e-09]
not reaching the requested tolerance 1e-09.
Use iteration 51 instead with accuracy 
3.0786737880891915e-09.

  values, vectors = lobpcg(projected_hamiltonian, guess, largest=False,
/home/erosanow_hpc/informed_swapping/BARK.py:156: UserWarning: Exited postprocessing with accuracies 
[3.07867393e-09]
not reaching the requested tolerance 1e-09.
  values, vectors = lobpcg(projected_hamiltonian, guess, largest=False,
/home/erosanow_hpc/informed_swapping/BARK.py:156: UserWarning: Exited at iteration 50 with accuracies 
[2.20872336e-09]
not reaching the requested tolerance 1e-09.
Use iteration 51 instead with accuracy 
2.2087233570771137e-09.

  values, vectors = lobpcg(projected_hamiltonian, guess, largest=False,
/home/erosanow_hpc/informed_swapping/BARK.py:156: UserWarning: Exited postprocessing with accuracies 
[2.20872389e-09]
not reaching the requested tolerance 1e-09.
  values, vectors = lobpcg(projected_hamiltonian, guess, largest=False,
/home/erosanow_hpc/informed_swapping/BARK.py:156: UserWarning: Exited at iteration 50 with accuracies 
[1.95435298e-09]
not reaching the requested tolerance 1e-09.
Use iteration 51 instead with accuracy 
1.9543529755807636e-09.

  values, vectors = lobpcg(projected_hamiltonian, guess, largest=False,
/home/erosanow_hpc/informed_swapping/BARK.py:156: UserWarning: Exited postprocessing with accuracies 
[1.95435338e-09]
not reaching the requested tolerance 1e-09.
  values, vectors = lobpcg(projected_hamiltonian, guess, largest=False,
/home/erosanow_hpc/informed_swapping/BARK.py:156: UserWarning: Exited at iteration 50 with accuracies 
[4.10435976e-09]
not reaching the requested tolerance 1e-09.
Use iteration 51 instead with accuracy 
4.104359761755069e-09.

  values, vectors = lobpcg(projected_hamiltonian, guess, largest=False,
/home/erosanow_hpc/informed_swapping/BARK.py:156: UserWarning: Exited postprocessing with accuracies 
[4.10435995e-09]
not reaching the requested tolerance 1e-09.
  values, vectors = lobpcg(projected_hamiltonian, guess, largest=False,
/home/erosanow_hpc/informed_swapping/BARK.py:156: UserWarning: Exited at iteration 50 with accuracies 
[1.861262e-09]
not reaching the requested tolerance 1e-09.
Use iteration 51 instead with accuracy 
1.8612619991259892e-09.

  values, vectors = lobpcg(projected_hamiltonian, guess, largest=False,
/home/erosanow_hpc/informed_swapping/BARK.py:156: UserWarning: Exited postprocessing with accuracies 
[1.86126244e-09]
not reaching the requested tolerance 1e-09.
  values, vectors = lobpcg(projected_hamiltonian, guess, largest=False,
/home/erosanow_hpc/informed_swapping/BARK.py:156: UserWarning: Exited at iteration 50 with accuracies 
[1.62320014e-09]
not reaching the requested tolerance 1e-09.
Use iteration 51 instead with accuracy 
1.6232001398895753e-09.

  values, vectors = lobpcg(projected_hamiltonian, guess, largest=False,
/home/erosanow_hpc/informed_swapping/BARK.py:156: UserWarning: Exited postprocessing with accuracies 
[1.62320014e-09]
not reaching the requested tolerance 1e-09.
  values, vectors = lobpcg(projected_hamiltonian, guess, largest=False,
/home/erosanow_hpc/informed_swapping/BARK.py:156: UserWarning: Exited at iteration 50 with accuracies 
[2.73460937e-08]
not reaching the requested tolerance 1e-09.
Use iteration 48 instead with accuracy 
1.4411675277464739e-08.

  values, vectors = lobpcg(projected_hamiltonian, guess, largest=False,
/home/erosanow_hpc/informed_swapping/BARK.py:156: UserWarning: Exited postprocessing with accuracies 
[1.4411675e-08]
not reaching the requested tolerance 1e-09.
  values, vectors = lobpcg(projected_hamiltonian, guess, largest=False,
/home/erosanow_hpc/informed_swapping/BARK.py:156: UserWarning: Exited at iteration 50 with accuracies 
[1.37552277e-09]
not reaching the requested tolerance 1e-09.
Use iteration 50 instead with accuracy 
1.3413652739523367e-09.

  values, vectors = lobpcg(projected_hamiltonian, guess, largest=False,
/home/erosanow_hpc/informed_swapping/BARK.py:156: UserWarning: Exited postprocessing with accuracies 
[1.34136523e-09]
not reaching the requested tolerance 1e-09.
  values, vectors = lobpcg(projected_hamiltonian, guess, largest=False,
/home/erosanow_hpc/informed_swapping/BARK.py:156: UserWarning: Exited at iteration 50 with accuracies 
[3.0398483e-09]
not reaching the requested tolerance 1e-09.
Use iteration 50 instead with accuracy 
2.5066519736690044e-09.

  values, vectors = lobpcg(projected_hamiltonian, guess, largest=False,
/home/erosanow_hpc/informed_swapping/BARK.py:156: UserWarning: Exited postprocessing with accuracies 
[2.50665211e-09]
not reaching the requested tolerance 1e-09.
  values, vectors = lobpcg(projected_hamiltonian, guess, largest=False,
/home/erosanow_hpc/informed_swapping/BARK.py:156: UserWarning: Exited at iteration 50 with accuracies 
[1.35492576e-09]
not reaching the requested tolerance 1e-09.
Use iteration 50 instead with accuracy 
1.3056156730291662e-09.

  values, vectors = lobpcg(projected_hamiltonian, guess, largest=False,
/home/erosanow_hpc/informed_swapping/BARK.py:156: UserWarning: Exited postprocessing with accuracies 
[1.30561577e-09]
not reaching the requested tolerance 1e-09.
  values, vectors = lobpcg(projected_hamiltonian, guess, largest=False,
/home/erosanow_hpc/informed_swapping/BARK.py:156: UserWarning: Exited at iteration 50 with accuracies 
[1.630851e-08]
not reaching the requested tolerance 1e-09.
Use iteration 49 instead with accuracy 
8.152772273831023e-09.

  values, vectors = lobpcg(projected_hamiltonian, guess, largest=False,
/home/erosanow_hpc/informed_swapping/BARK.py:156: UserWarning: Exited postprocessing with accuracies 
[8.1527723e-09]
not reaching the requested tolerance 1e-09.
  values, vectors = lobpcg(projected_hamiltonian, guess, largest=False,
/home/erosanow_hpc/informed_swapping/BARK.py:156: UserWarning: Exited at iteration 50 with accuracies 
[5.75079694e-08]
not reaching the requested tolerance 1e-09.
Use iteration 47 instead with accuracy 
2.7615818731550843e-08.

  values, vectors = lobpcg(projected_hamiltonian, guess, largest=False,
/home/erosanow_hpc/informed_swapping/BARK.py:156: UserWarning: Exited postprocessing with accuracies 
[2.76158193e-08]
not reaching the requested tolerance 1e-09.
  values, vectors = lobpcg(projected_hamiltonian, guess, largest=False,
/home/erosanow_hpc/informed_swapping/BARK.py:156: UserWarning: Exited at iteration 50 with accuracies 
[1.71240907e-07]
not reaching the requested tolerance 1e-09.
Use iteration 47 instead with accuracy 
1.0927655465215988e-07.

  values, vectors = lobpcg(projected_hamiltonian, guess, largest=False,
/home/erosanow_hpc/informed_swapping/BARK.py:156: UserWarning: Exited postprocessing with accuracies 
[1.09276554e-07]
not reaching the requested tolerance 1e-09.
  values, vectors = lobpcg(projected_hamiltonian, guess, largest=False,
/home/erosanow_hpc/informed_swapping/BARK.py:156: UserWarning: Exited at iteration 50 with accuracies 
[1.74271931e-08]
not reaching the requested tolerance 1e-09.
Use iteration 48 instead with accuracy 
7.33332127435365e-09.

  values, vectors = lobpcg(projected_hamiltonian, guess, largest=False,
/home/erosanow_hpc/informed_swapping/BARK.py:156: UserWarning: Exited postprocessing with accuracies 
[7.33332071e-09]
not reaching the requested tolerance 1e-09.
  values, vectors = lobpcg(projected_hamiltonian, guess, largest=False,
/home/erosanow_hpc/informed_swapping/BARK.py:156: UserWarning: Exited at iteration 50 with accuracies 
[1.10054976e-07]
not reaching the requested tolerance 1e-09.
Use iteration 46 instead with accuracy 
5.712327820028895e-08.

  values, vectors = lobpcg(projected_hamiltonian, guess, largest=False,
/home/erosanow_hpc/informed_swapping/BARK.py:156: UserWarning: Exited postprocessing with accuracies 
[5.71232787e-08]
not reaching the requested tolerance 1e-09.
  values, vectors = lobpcg(projected_hamiltonian, guess, largest=False,
/home/erosanow_hpc/informed_swapping/BARK.py:156: UserWarning: Exited at iteration 50 with accuracies 
[2.03888591e-07]
not reaching the requested tolerance 1e-09.
Use iteration 46 instead with accuracy 
1.4903007220360692e-07.

  values, vectors = lobpcg(projected_hamiltonian, guess, largest=False,
/home/erosanow_hpc/informed_swapping/BARK.py:156: UserWarning: Exited postprocessing with accuracies 
[1.49030073e-07]
not reaching the requested tolerance 1e-09.
  values, vectors = lobpcg(projected_hamiltonian, guess, largest=False,
/home/erosanow_hpc/informed_swapping/BARK.py:156: UserWarning: Exited at iteration 50 with accuracies 
[6.06184871e-07]
not reaching the requested tolerance 1e-09.
Use iteration 51 instead with accuracy 
6.061848714552202e-07.

  values, vectors = lobpcg(projected_hamiltonian, guess, largest=False,
/home/erosanow_hpc/informed_swapping/BARK.py:156: UserWarning: Exited postprocessing with accuracies 
[6.06184872e-07]
not reaching the requested tolerance 1e-09.
  values, vectors = lobpcg(projected_hamiltonian, guess, largest=False,
/home/erosanow_hpc/informed_swapping/BARK.py:156: UserWarning: Exited at iteration 50 with accuracies 
[5.16969735e-07]
not reaching the requested tolerance 1e-09.
Use iteration 51 instead with accuracy 
5.169697347804932e-07.

  values, vectors = lobpcg(projected_hamiltonian, guess, largest=False,
/home/erosanow_hpc/informed_swapping/BARK.py:156: UserWarning: Exited postprocessing with accuracies 
[5.16969735e-07]
not reaching the requested tolerance 1e-09.
  values, vectors = lobpcg(projected_hamiltonian, guess, largest=False,
/home/erosanow_hpc/informed_swapping/BARK.py:156: UserWarning: Exited at iteration 50 with accuracies 
[1.47027636e-06]
not reaching the requested tolerance 1e-09.
Use iteration 51 instead with accuracy 
1.4702763550331408e-06.

  values, vectors = lobpcg(projected_hamiltonian, guess, largest=False,
/home/erosanow_hpc/informed_swapping/BARK.py:156: UserWarning: Exited postprocessing with accuracies 
[1.47027635e-06]
not reaching the requested tolerance 1e-09.
  values, vectors = lobpcg(projected_hamiltonian, guess, largest=False,
/home/erosanow_hpc/informed_swapping/BARK.py:156: UserWarning: Exited at iteration 50 with accuracies 
[4.37821434e-06]
not reaching the requested tolerance 1e-09.
Use iteration 51 instead with accuracy 
4.378214339595348e-06.

  values, vectors = lobpcg(projected_hamiltonian, guess, largest=False,
/home/erosanow_hpc/informed_swapping/BARK.py:156: UserWarning: Exited postprocessing with accuracies 
[4.37821434e-06]
not reaching the requested tolerance 1e-09.
  values, vectors = lobpcg(projected_hamiltonian, guess, largest=False,
/home/erosanow_hpc/informed_swapping/BARK.py:156: UserWarning: Exited at iteration 50 with accuracies 
[2.11883057e-05]
not reaching the requested tolerance 1e-09.
Use iteration 51 instead with accuracy 
2.118830568617982e-05.

  values, vectors = lobpcg(projected_hamiltonian, guess, largest=False,
/home/erosanow_hpc/informed_swapping/BARK.py:156: UserWarning: Exited postprocessing with accuracies 
[2.11883057e-05]
not reaching the requested tolerance 1e-09.
  values, vectors = lobpcg(projected_hamiltonian, guess, largest=False,
/home/erosanow_hpc/informed_swapping/BARK.py:156: UserWarning: Exited at iteration 50 with accuracies 
[1.13613436e-09]
not reaching the requested tolerance 1e-09.
Use iteration 50 instead with accuracy 
1.0313132743685246e-09.

  values, vectors = lobpcg(projected_hamiltonian, guess, largest=False,
/home/erosanow_hpc/informed_swapping/BARK.py:156: UserWarning: Exited postprocessing with accuracies 
[1.03131328e-09]
not reaching the requested tolerance 1e-09.
  values, vectors = lobpcg(projected_hamiltonian, guess, largest=False,
/home/erosanow_hpc/informed_swapping/BARK.py:156: UserWarning: Exited at iteration 50 with accuracies 
[3.0759221e-09]
not reaching the requested tolerance 1e-09.
Use iteration 49 instead with accuracy 
2.3323255233386017e-09.

  values, vectors = lobpcg(projected_hamiltonian, guess, largest=False,
/home/erosanow_hpc/informed_swapping/BARK.py:156: UserWarning: Exited postprocessing with accuracies 
[2.33232566e-09]
not reaching the requested tolerance 1e-09.
  values, vectors = lobpcg(projected_hamiltonian, guess, largest=False,
/home/erosanow_hpc/informed_swapping/BARK.py:156: UserWarning: Exited at iteration 50 with accuracies 
[2.84728398e-08]
not reaching the requested tolerance 1e-09.
Use iteration 48 instead with accuracy 
1.6546362986933125e-08.

  values, vectors = lobpcg(projected_hamiltonian, guess, largest=False,
/home/erosanow_hpc/informed_swapping/BARK.py:156: UserWarning: Exited postprocessing with accuracies 
[1.65463634e-08]
not reaching the requested tolerance 1e-09.
  values, vectors = lobpcg(projected_hamiltonian, guess, largest=False,
/home/erosanow_hpc/informed_swapping/BARK.py:156: UserWarning: Exited at iteration 50 with accuracies 
[1.76356865e-09]
not reaching the requested tolerance 1e-09.
Use iteration 50 instead with accuracy 
1.7274800967705832e-09.

  values, vectors = lobpcg(projected_hamiltonian, guess, largest=False,
/home/erosanow_hpc/informed_swapping/BARK.py:156: UserWarning: Exited postprocessing with accuracies 
[1.72747984e-09]
not reaching the requested tolerance 1e-09.
  values, vectors = lobpcg(projected_hamiltonian, guess, largest=False,
/home/erosanow_hpc/informed_swapping/BARK.py:156: UserWarning: Exited at iteration 50 with accuracies 
[4.09601816e-09]
not reaching the requested tolerance 1e-09.
Use iteration 49 instead with accuracy 
3.3972718815382444e-09.

  values, vectors = lobpcg(projected_hamiltonian, guess, largest=False,
/home/erosanow_hpc/informed_swapping/BARK.py:156: UserWarning: Exited postprocessing with accuracies 
[3.39727191e-09]
not reaching the requested tolerance 1e-09.
  values, vectors = lobpcg(projected_hamiltonian, guess, largest=False,
/home/erosanow_hpc/informed_swapping/BARK.py:156: UserWarning: Exited at iteration 50 with accuracies 
[1.63747111e-09]
not reaching the requested tolerance 1e-09.
Use iteration 49 instead with accuracy 
1.439824340730233e-09.

  values, vectors = lobpcg(projected_hamiltonian, guess, largest=False,
/home/erosanow_hpc/informed_swapping/BARK.py:156: UserWarning: Exited postprocessing with accuracies 
[1.43982455e-09]
not reaching the requested tolerance 1e-09.
  values, vectors = lobpcg(projected_hamiltonian, guess, largest=False,
/home/erosanow_hpc/informed_swapping/BARK.py:156: UserWarning: Exited at iteration 50 with accuracies 
[1.93093981e-08]
not reaching the requested tolerance 1e-09.
Use iteration 48 instead with accuracy 
9.834716685898649e-09.

  values, vectors = lobpcg(projected_hamiltonian, guess, largest=False,
/home/erosanow_hpc/informed_swapping/BARK.py:156: UserWarning: Exited postprocessing with accuracies 
[9.83471686e-09]
not reaching the requested tolerance 1e-09.
  values, vectors = lobpcg(projected_hamiltonian, guess, largest=False,
/home/erosanow_hpc/informed_swapping/BARK.py:156: UserWarning: Exited at iteration 50 with accuracies 
[8.41898055e-08]
not reaching the requested tolerance 1e-09.
Use iteration 48 instead with accuracy 
3.957037260370708e-08.

  values, vectors = lobpcg(projected_hamiltonian, guess, largest=False,
/home/erosanow_hpc/informed_swapping/BARK.py:156: UserWarning: Exited postprocessing with accuracies 
[3.95703725e-08]
not reaching the requested tolerance 1e-09.
  values, vectors = lobpcg(projected_hamiltonian, guess, largest=False,
/home/erosanow_hpc/informed_swapping/BARK.py:156: UserWarning: Exited at iteration 50 with accuracies 
[2.16410426e-07]
not reaching the requested tolerance 1e-09.
Use iteration 47 instead with accuracy 
1.551655614233066e-07.

  values, vectors = lobpcg(projected_hamiltonian, guess, largest=False,
/home/erosanow_hpc/informed_swapping/BARK.py:156: UserWarning: Exited postprocessing with accuracies 
[1.55165561e-07]
not reaching the requested tolerance 1e-09.
  values, vectors = lobpcg(projected_hamiltonian, guess, largest=False,
/home/erosanow_hpc/informed_swapping/BARK.py:156: UserWarning: Exited at iteration 50 with accuracies 
[1.96953787e-08]
not reaching the requested tolerance 1e-09.
Use iteration 48 instead with accuracy 
8.521355579163532e-09.

  values, vectors = lobpcg(projected_hamiltonian, guess, largest=False,
/home/erosanow_hpc/informed_swapping/BARK.py:156: UserWarning: Exited postprocessing with accuracies 
[8.52135593e-09]
not reaching the requested tolerance 1e-09.
  values, vectors = lobpcg(projected_hamiltonian, guess, largest=False,
/home/erosanow_hpc/informed_swapping/BARK.py:156: UserWarning: Exited at iteration 50 with accuracies 
[1.02225465e-07]
not reaching the requested tolerance 1e-09.
Use iteration 47 instead with accuracy 
5.348676970744905e-08.

  values, vectors = lobpcg(projected_hamiltonian, guess, largest=False,
/home/erosanow_hpc/informed_swapping/BARK.py:156: UserWarning: Exited postprocessing with accuracies 
[5.34867699e-08]
not reaching the requested tolerance 1e-09.
  values, vectors = lobpcg(projected_hamiltonian, guess, largest=False,
/home/erosanow_hpc/informed_swapping/BARK.py:156: UserWarning: Exited at iteration 50 with accuracies 
[2.55992866e-07]
not reaching the requested tolerance 1e-09.
Use iteration 43 instead with accuracy 
1.766764756200902e-07.

  values, vectors = lobpcg(projected_hamiltonian, guess, largest=False,
/home/erosanow_hpc/informed_swapping/BARK.py:156: UserWarning: Exited postprocessing with accuracies 
[1.76676476e-07]
not reaching the requested tolerance 1e-09.
  values, vectors = lobpcg(projected_hamiltonian, guess, largest=False,
/home/erosanow_hpc/informed_swapping/BARK.py:156: UserWarning: Exited at iteration 50 with accuracies 
[4.75501699e-07]
not reaching the requested tolerance 1e-09.
Use iteration 51 instead with accuracy 
4.7550169887369623e-07.

  values, vectors = lobpcg(projected_hamiltonian, guess, largest=False,
/home/erosanow_hpc/informed_swapping/BARK.py:156: UserWarning: Exited postprocessing with accuracies 
[4.75501699e-07]
not reaching the requested tolerance 1e-09.
  values, vectors = lobpcg(projected_hamiltonian, guess, largest=False,
/home/erosanow_hpc/informed_swapping/BARK.py:156: UserWarning: Exited at iteration 50 with accuracies 
[7.59877895e-07]
not reaching the requested tolerance 1e-09.
Use iteration 41 instead with accuracy 
7.408316856159661e-07.

  values, vectors = lobpcg(projected_hamiltonian, guess, largest=False,
/home/erosanow_hpc/informed_swapping/BARK.py:156: UserWarning: Exited postprocessing with accuracies 
[7.40831685e-07]
not reaching the requested tolerance 1e-09.
  values, vectors = lobpcg(projected_hamiltonian, guess, largest=False,
/home/erosanow_hpc/informed_swapping/BARK.py:156: UserWarning: Exited at iteration 50 with accuracies 
[2.25124092e-06]
not reaching the requested tolerance 1e-09.
Use iteration 51 instead with accuracy 
2.2512409243641885e-06.

  values, vectors = lobpcg(projected_hamiltonian, guess, largest=False,
/home/erosanow_hpc/informed_swapping/BARK.py:156: UserWarning: Exited postprocessing with accuracies 
[2.25124092e-06]
not reaching the requested tolerance 1e-09.
  values, vectors = lobpcg(projected_hamiltonian, guess, largest=False,
/home/erosanow_hpc/informed_swapping/BARK.py:156: UserWarning: Exited at iteration 50 with accuracies 
[5.60305614e-06]
not reaching the requested tolerance 1e-09.
Use iteration 51 instead with accuracy 
5.603056136359133e-06.

  values, vectors = lobpcg(projected_hamiltonian, guess, largest=False,
/home/erosanow_hpc/informed_swapping/BARK.py:156: UserWarning: Exited postprocessing with accuracies 
[5.60305614e-06]
not reaching the requested tolerance 1e-09.
  values, vectors = lobpcg(projected_hamiltonian, guess, largest=False,
/home/erosanow_hpc/informed_swapping/BARK.py:156: UserWarning: Exited at iteration 50 with accuracies 
[2.01631638e-05]
not reaching the requested tolerance 1e-09.
Use iteration 51 instead with accuracy 
2.0163163763704437e-05.

  values, vectors = lobpcg(projected_hamiltonian, guess, largest=False,
/home/erosanow_hpc/informed_swapping/BARK.py:156: UserWarning: Exited postprocessing with accuracies 
[2.01631638e-05]
not reaching the requested tolerance 1e-09.
  values, vectors = lobpcg(projected_hamiltonian, guess, largest=False,
/home/erosanow_hpc/informed_swapping/BARK.py:156: UserWarning: Exited at iteration 50 with accuracies 
[1.13613481e-09]
not reaching the requested tolerance 1e-09.
Use iteration 50 instead with accuracy 
1.0313149572243915e-09.

  values, vectors = lobpcg(projected_hamiltonian, guess, largest=False,
/home/erosanow_hpc/informed_swapping/BARK.py:156: UserWarning: Exited postprocessing with accuracies 
[1.03131516e-09]
not reaching the requested tolerance 1e-09.
  values, vectors = lobpcg(projected_hamiltonian, guess, largest=False,
/home/erosanow_hpc/informed_swapping/BARK.py:156: UserWarning: Exited at iteration 50 with accuracies 
[3.07592107e-09]
not reaching the requested tolerance 1e-09.
Use iteration 49 instead with accuracy 
2.3323252338447227e-09.

  values, vectors = lobpcg(projected_hamiltonian, guess, largest=False,
/home/erosanow_hpc/informed_swapping/BARK.py:156: UserWarning: Exited postprocessing with accuracies 
[2.33232508e-09]
not reaching the requested tolerance 1e-09.
  values, vectors = lobpcg(projected_hamiltonian, guess, largest=False,
/home/erosanow_hpc/informed_swapping/BARK.py:156: UserWarning: Exited at iteration 50 with accuracies 
[2.84728404e-08]
not reaching the requested tolerance 1e-09.
Use iteration 48 instead with accuracy 
1.6546363278047718e-08.

  values, vectors = lobpcg(projected_hamiltonian, guess, largest=False,
/home/erosanow_hpc/informed_swapping/BARK.py:156: UserWarning: Exited postprocessing with accuracies 
[1.65463635e-08]
not reaching the requested tolerance 1e-09.
  values, vectors = lobpcg(projected_hamiltonian, guess, largest=False,
/home/erosanow_hpc/informed_swapping/BARK.py:156: UserWarning: Exited at iteration 50 with accuracies 
[1.76356978e-09]
not reaching the requested tolerance 1e-09.
Use iteration 50 instead with accuracy 
1.7274810884798207e-09.

  values, vectors = lobpcg(projected_hamiltonian, guess, largest=False,
/home/erosanow_hpc/informed_swapping/BARK.py:156: UserWarning: Exited postprocessing with accuracies 
[1.72748053e-09]
not reaching the requested tolerance 1e-09.
  values, vectors = lobpcg(projected_hamiltonian, guess, largest=False,
/home/erosanow_hpc/informed_swapping/BARK.py:156: UserWarning: Exited at iteration 50 with accuracies 
[4.09601999e-09]
not reaching the requested tolerance 1e-09.
Use iteration 49 instead with accuracy 
3.397271790693673e-09.

  values, vectors = lobpcg(projected_hamiltonian, guess, largest=False,
/home/erosanow_hpc/informed_swapping/BARK.py:156: UserWarning: Exited postprocessing with accuracies 
[3.39727177e-09]
not reaching the requested tolerance 1e-09.
  values, vectors = lobpcg(projected_hamiltonian, guess, largest=False,
/home/erosanow_hpc/informed_swapping/BARK.py:156: UserWarning: Exited at iteration 50 with accuracies 
[1.63746969e-09]
not reaching the requested tolerance 1e-09.
Use iteration 49 instead with accuracy 
1.4398240338735692e-09.

  values, vectors = lobpcg(projected_hamiltonian, guess, largest=False,
/home/erosanow_hpc/informed_swapping/BARK.py:156: UserWarning: Exited postprocessing with accuracies 
[1.43982378e-09]
not reaching the requested tolerance 1e-09.
  values, vectors = lobpcg(projected_hamiltonian, guess, largest=False,
/home/erosanow_hpc/informed_swapping/BARK.py:156: UserWarning: Exited at iteration 50 with accuracies 
[1.93094027e-08]
not reaching the requested tolerance 1e-09.
Use iteration 48 instead with accuracy 
9.834716856550933e-09.

  values, vectors = lobpcg(projected_hamiltonian, guess, largest=False,
/home/erosanow_hpc/informed_swapping/BARK.py:156: UserWarning: Exited postprocessing with accuracies 
[9.83471693e-09]
not reaching the requested tolerance 1e-09.
  values, vectors = lobpcg(projected_hamiltonian, guess, largest=False,
/home/erosanow_hpc/informed_swapping/BARK.py:156: UserWarning: Exited at iteration 50 with accuracies 
[8.41898067e-08]
not reaching the requested tolerance 1e-09.
Use iteration 48 instead with accuracy 
3.957037386435563e-08.

  values, vectors = lobpcg(projected_hamiltonian, guess, largest=False,
/home/erosanow_hpc/informed_swapping/BARK.py:156: UserWarning: Exited postprocessing with accuracies 
[3.95703738e-08]
not reaching the requested tolerance 1e-09.
  values, vectors = lobpcg(projected_hamiltonian, guess, largest=False,
/home/erosanow_hpc/informed_swapping/BARK.py:156: UserWarning: Exited at iteration 50 with accuracies 
[2.16410433e-07]
not reaching the requested tolerance 1e-09.
Use iteration 47 instead with accuracy 
1.5516556145107868e-07.

  values, vectors = lobpcg(projected_hamiltonian, guess, largest=False,
/home/erosanow_hpc/informed_swapping/BARK.py:156: UserWarning: Exited postprocessing with accuracies 
[1.55165562e-07]
not reaching the requested tolerance 1e-09.
  values, vectors = lobpcg(projected_hamiltonian, guess, largest=False,
/home/erosanow_hpc/informed_swapping/BARK.py:156: UserWarning: Exited at iteration 50 with accuracies 
[1.96953755e-08]
not reaching the requested tolerance 1e-09.
Use iteration 48 instead with accuracy 
8.521357768936045e-09.

  values, vectors = lobpcg(projected_hamiltonian, guess, largest=False,
/home/erosanow_hpc/informed_swapping/BARK.py:156: UserWarning: Exited postprocessing with accuracies 
[8.52135763e-09]
not reaching the requested tolerance 1e-09.
  values, vectors = lobpcg(projected_hamiltonian, guess, largest=False,
/home/erosanow_hpc/informed_swapping/BARK.py:156: UserWarning: Exited at iteration 50 with accuracies 
[1.02225467e-07]
not reaching the requested tolerance 1e-09.
Use iteration 47 instead with accuracy 
5.348677416526227e-08.

  values, vectors = lobpcg(projected_hamiltonian, guess, largest=False,
/home/erosanow_hpc/informed_swapping/BARK.py:156: UserWarning: Exited postprocessing with accuracies 
[5.34867737e-08]
not reaching the requested tolerance 1e-09.
  values, vectors = lobpcg(projected_hamiltonian, guess, largest=False,
/home/erosanow_hpc/informed_swapping/BARK.py:156: UserWarning: Exited at iteration 50 with accuracies 
[2.55992861e-07]
not reaching the requested tolerance 1e-09.
Use iteration 43 instead with accuracy 
1.7667647430459444e-07.

  values, vectors = lobpcg(projected_hamiltonian, guess, largest=False,
/home/erosanow_hpc/informed_swapping/BARK.py:156: UserWarning: Exited postprocessing with accuracies 
[1.76676474e-07]
not reaching the requested tolerance 1e-09.
  values, vectors = lobpcg(projected_hamiltonian, guess, largest=False,
/home/erosanow_hpc/informed_swapping/BARK.py:156: UserWarning: Exited at iteration 50 with accuracies 
[4.75501694e-07]
not reaching the requested tolerance 1e-09.
Use iteration 51 instead with accuracy 
4.7550169384423085e-07.

  values, vectors = lobpcg(projected_hamiltonian, guess, largest=False,
/home/erosanow_hpc/informed_swapping/BARK.py:156: UserWarning: Exited postprocessing with accuracies 
[4.75501694e-07]
not reaching the requested tolerance 1e-09.
  values, vectors = lobpcg(projected_hamiltonian, guess, largest=False,
/home/erosanow_hpc/informed_swapping/BARK.py:156: UserWarning: Exited at iteration 50 with accuracies 
[7.598779e-07]
not reaching the requested tolerance 1e-09.
Use iteration 41 instead with accuracy 
7.408316834946825e-07.

  values, vectors = lobpcg(projected_hamiltonian, guess, largest=False,
/home/erosanow_hpc/informed_swapping/BARK.py:156: UserWarning: Exited postprocessing with accuracies 
[7.40831683e-07]
not reaching the requested tolerance 1e-09.
  values, vectors = lobpcg(projected_hamiltonian, guess, largest=False,
/home/erosanow_hpc/informed_swapping/BARK.py:156: UserWarning: Exited at iteration 50 with accuracies 
[2.25124093e-06]
not reaching the requested tolerance 1e-09.
Use iteration 51 instead with accuracy 
2.251240926486526e-06.

  values, vectors = lobpcg(projected_hamiltonian, guess, largest=False,
/home/erosanow_hpc/informed_swapping/BARK.py:156: UserWarning: Exited postprocessing with accuracies 
[2.25124093e-06]
not reaching the requested tolerance 1e-09.
  values, vectors = lobpcg(projected_hamiltonian, guess, largest=False,
/home/erosanow_hpc/informed_swapping/BARK.py:156: UserWarning: Exited at iteration 50 with accuracies 
[5.60305614e-06]
not reaching the requested tolerance 1e-09.
Use iteration 51 instead with accuracy 
5.603056136102505e-06.

  values, vectors = lobpcg(projected_hamiltonian, guess, largest=False,
/home/erosanow_hpc/informed_swapping/BARK.py:156: UserWarning: Exited at iteration 50 with accuracies 
[2.01631638e-05]
not reaching the requested tolerance 1e-09.
Use iteration 51 instead with accuracy 
2.0163163763812762e-05.

  values, vectors = lobpcg(projected_hamiltonian, guess, largest=False,
/home/erosanow_hpc/informed_swapping/BARK.py:156: UserWarning: Exited at iteration 50 with accuracies 
[5.33225398e-09]
not reaching the requested tolerance 1e-09.
Use iteration 49 instead with accuracy 
3.923346884591248e-09.

  values, vectors = lobpcg(projected_hamiltonian, guess, largest=False,
/home/erosanow_hpc/informed_swapping/BARK.py:156: UserWarning: Exited postprocessing with accuracies 
[3.92334682e-09]
not reaching the requested tolerance 1e-09.
  values, vectors = lobpcg(projected_hamiltonian, guess, largest=False,
/home/erosanow_hpc/informed_swapping/BARK.py:156: UserWarning: Exited at iteration 50 with accuracies 
[2.91125983e-09]
not reaching the requested tolerance 1e-09.
Use iteration 50 instead with accuracy 
2.4636408082388316e-09.

  values, vectors = lobpcg(projected_hamiltonian, guess, largest=False,
/home/erosanow_hpc/informed_swapping/BARK.py:156: UserWarning: Exited postprocessing with accuracies 
[2.46364051e-09]
not reaching the requested tolerance 1e-09.
  values, vectors = lobpcg(projected_hamiltonian, guess, largest=False,
/home/erosanow_hpc/informed_swapping/BARK.py:156: UserWarning: Exited at iteration 50 with accuracies 
[2.1172538e-09]
not reaching the requested tolerance 1e-09.
Use iteration 50 instead with accuracy 
1.995408943781887e-09.

  values, vectors = lobpcg(projected_hamiltonian, guess, largest=False,
/home/erosanow_hpc/informed_swapping/BARK.py:156: UserWarning: Exited postprocessing with accuracies 
[1.99540887e-09]
not reaching the requested tolerance 1e-09.
  values, vectors = lobpcg(projected_hamiltonian, guess, largest=False,
/home/erosanow_hpc/informed_swapping/BARK.py:156: UserWarning: Exited at iteration 50 with accuracies 
[2.40198833e-08]
not reaching the requested tolerance 1e-09.
Use iteration 49 instead with accuracy 
1.2965499915183057e-08.

  values, vectors = lobpcg(projected_hamiltonian, guess, largest=False,
/home/erosanow_hpc/informed_swapping/BARK.py:156: UserWarning: Exited postprocessing with accuracies 
[1.29655003e-08]
not reaching the requested tolerance 1e-09.
  values, vectors = lobpcg(projected_hamiltonian, guess, largest=False,
/home/erosanow_hpc/informed_swapping/BARK.py:156: UserWarning: Exited at iteration 50 with accuracies 
[3.49256545e-08]
not reaching the requested tolerance 1e-09.
Use iteration 48 instead with accuracy 
1.5795028398693137e-08.

  values, vectors = lobpcg(projected_hamiltonian, guess, largest=False,
/home/erosanow_hpc/informed_swapping/BARK.py:156: UserWarning: Exited postprocessing with accuracies 
[1.57950281e-08]
not reaching the requested tolerance 1e-09.
  values, vectors = lobpcg(projected_hamiltonian, guess, largest=False,
/home/erosanow_hpc/informed_swapping/BARK.py:156: UserWarning: Exited at iteration 50 with accuracies 
[1.74032365e-07]
not reaching the requested tolerance 1e-09.
Use iteration 46 instead with accuracy 
1.3389995887375362e-07.

  values, vectors = lobpcg(projected_hamiltonian, guess, largest=False,
/home/erosanow_hpc/informed_swapping/BARK.py:156: UserWarning: Exited postprocessing with accuracies 
[1.33899958e-07]
not reaching the requested tolerance 1e-09.
  values, vectors = lobpcg(projected_hamiltonian, guess, largest=False,
/home/erosanow_hpc/informed_swapping/BARK.py:156: UserWarning: Exited at iteration 50 with accuracies 
[1.58841891e-08]
not reaching the requested tolerance 1e-09.
Use iteration 48 instead with accuracy 
6.693620115393557e-09.

  values, vectors = lobpcg(projected_hamiltonian, guess, largest=False,
/home/erosanow_hpc/informed_swapping/BARK.py:156: UserWarning: Exited postprocessing with accuracies 
[6.69362027e-09]
not reaching the requested tolerance 1e-09.
  values, vectors = lobpcg(projected_hamiltonian, guess, largest=False,
/home/erosanow_hpc/informed_swapping/BARK.py:156: UserWarning: Exited at iteration 50 with accuracies 
[7.95846246e-08]
not reaching the requested tolerance 1e-09.
Use iteration 47 instead with accuracy 
3.790701458313735e-08.

  values, vectors = lobpcg(projected_hamiltonian, guess, largest=False,
/home/erosanow_hpc/informed_swapping/BARK.py:156: UserWarning: Exited postprocessing with accuracies 
[3.79070145e-08]
not reaching the requested tolerance 1e-09.
  values, vectors = lobpcg(projected_hamiltonian, guess, largest=False,
/home/erosanow_hpc/informed_swapping/BARK.py:156: UserWarning: Exited at iteration 50 with accuracies 
[2.18752644e-07]
not reaching the requested tolerance 1e-09.
Use iteration 47 instead with accuracy 
1.3165244866382118e-07.

  values, vectors = lobpcg(projected_hamiltonian, guess, largest=False,
/home/erosanow_hpc/informed_swapping/BARK.py:156: UserWarning: Exited postprocessing with accuracies 
[1.31652449e-07]
not reaching the requested tolerance 1e-09.
  values, vectors = lobpcg(projected_hamiltonian, guess, largest=False,
/home/erosanow_hpc/informed_swapping/BARK.py:156: UserWarning: Exited at iteration 50 with accuracies 
[4.93252904e-07]
not reaching the requested tolerance 1e-09.
Use iteration 51 instead with accuracy 
4.932529041449446e-07.

  values, vectors = lobpcg(projected_hamiltonian, guess, largest=False,
/home/erosanow_hpc/informed_swapping/BARK.py:156: UserWarning: Exited postprocessing with accuracies 
[4.93252904e-07]
not reaching the requested tolerance 1e-09.
  values, vectors = lobpcg(projected_hamiltonian, guess, largest=False,
/home/erosanow_hpc/informed_swapping/BARK.py:156: UserWarning: Exited at iteration 50 with accuracies 
[4.22430156e-07]
not reaching the requested tolerance 1e-09.
Use iteration 51 instead with accuracy 
4.224301555611103e-07.

  values, vectors = lobpcg(projected_hamiltonian, guess, largest=False,
/home/erosanow_hpc/informed_swapping/BARK.py:156: UserWarning: Exited postprocessing with accuracies 
[4.22430156e-07]
not reaching the requested tolerance 1e-09.
  values, vectors = lobpcg(projected_hamiltonian, guess, largest=False,
/home/erosanow_hpc/informed_swapping/BARK.py:156: UserWarning: Exited at iteration 50 with accuracies 
[1.38886269e-06]
not reaching the requested tolerance 1e-09.
Use iteration 51 instead with accuracy 
1.388862688422193e-06.

  values, vectors = lobpcg(projected_hamiltonian, guess, largest=False,
/home/erosanow_hpc/informed_swapping/BARK.py:156: UserWarning: Exited postprocessing with accuracies 
[1.38886269e-06]
not reaching the requested tolerance 1e-09.
  values, vectors = lobpcg(projected_hamiltonian, guess, largest=False,
/home/erosanow_hpc/informed_swapping/BARK.py:156: UserWarning: Exited at iteration 50 with accuracies 
[3.90752786e-06]
not reaching the requested tolerance 1e-09.
Use iteration 51 instead with accuracy 
3.9075278558969175e-06.

  values, vectors = lobpcg(projected_hamiltonian, guess, largest=False,
/home/erosanow_hpc/informed_swapping/BARK.py:156: UserWarning: Exited postprocessing with accuracies 
[3.90752786e-06]
not reaching the requested tolerance 1e-09.
  values, vectors = lobpcg(projected_hamiltonian, guess, largest=False,
/home/erosanow_hpc/informed_swapping/BARK.py:156: UserWarning: Exited at iteration 50 with accuracies 
[2.37319424e-05]
not reaching the requested tolerance 1e-09.
Use iteration 51 instead with accuracy 
2.3731942422169773e-05.

  values, vectors = lobpcg(projected_hamiltonian, guess, largest=False,
/home/erosanow_hpc/informed_swapping/BARK.py:156: UserWarning: Exited postprocessing with accuracies 
[2.37319424e-05]
not reaching the requested tolerance 1e-09.
  values, vectors = lobpcg(projected_hamiltonian, guess, largest=False,
/home/erosanow_hpc/informed_swapping/BARK.py:156: UserWarning: Exited at iteration 50 with accuracies 
[5.33225273e-09]
not reaching the requested tolerance 1e-09.
Use iteration 49 instead with accuracy 
3.923346500649146e-09.

  values, vectors = lobpcg(projected_hamiltonian, guess, largest=False,
/home/erosanow_hpc/informed_swapping/BARK.py:156: UserWarning: Exited postprocessing with accuracies 
[3.92334658e-09]
not reaching the requested tolerance 1e-09.
  values, vectors = lobpcg(projected_hamiltonian, guess, largest=False,
/home/erosanow_hpc/informed_swapping/BARK.py:156: UserWarning: Exited at iteration 50 with accuracies 
[2.9112596e-09]
not reaching the requested tolerance 1e-09.
Use iteration 50 instead with accuracy 
2.4636412478868054e-09.

  values, vectors = lobpcg(projected_hamiltonian, guess, largest=False,
/home/erosanow_hpc/informed_swapping/BARK.py:156: UserWarning: Exited postprocessing with accuracies 
[2.46364096e-09]
not reaching the requested tolerance 1e-09.
  values, vectors = lobpcg(projected_hamiltonian, guess, largest=False,
/home/erosanow_hpc/informed_swapping/BARK.py:156: UserWarning: Exited at iteration 50 with accuracies 
[2.11725568e-09]
not reaching the requested tolerance 1e-09.
Use iteration 50 instead with accuracy 
1.9954096237798417e-09.

  values, vectors = lobpcg(projected_hamiltonian, guess, largest=False,
/home/erosanow_hpc/informed_swapping/BARK.py:156: UserWarning: Exited postprocessing with accuracies 
[1.99540976e-09]
not reaching the requested tolerance 1e-09.
  values, vectors = lobpcg(projected_hamiltonian, guess, largest=False,
/home/erosanow_hpc/informed_swapping/BARK.py:156: UserWarning: Exited at iteration 50 with accuracies 
[2.40198828e-08]
not reaching the requested tolerance 1e-09.
Use iteration 49 instead with accuracy 
1.2965501775031801e-08.

  values, vectors = lobpcg(projected_hamiltonian, guess, largest=False,
/home/erosanow_hpc/informed_swapping/BARK.py:156: UserWarning: Exited postprocessing with accuracies 
[1.29655019e-08]
not reaching the requested tolerance 1e-09.
  values, vectors = lobpcg(projected_hamiltonian, guess, largest=False,
/home/erosanow_hpc/informed_swapping/BARK.py:156: UserWarning: Exited at iteration 50 with accuracies 
[3.49256577e-08]
not reaching the requested tolerance 1e-09.
Use iteration 48 instead with accuracy 
1.5795027910034535e-08.

  values, vectors = lobpcg(projected_hamiltonian, guess, largest=False,
/home/erosanow_hpc/informed_swapping/BARK.py:156: UserWarning: Exited postprocessing with accuracies 
[1.57950278e-08]
not reaching the requested tolerance 1e-09.
  values, vectors = lobpcg(projected_hamiltonian, guess, largest=False,
/home/erosanow_hpc/informed_swapping/BARK.py:156: UserWarning: Exited at iteration 50 with accuracies 
[1.74032372e-07]
not reaching the requested tolerance 1e-09.
Use iteration 46 instead with accuracy 
1.3389995963356552e-07.

  values, vectors = lobpcg(projected_hamiltonian, guess, largest=False,
/home/erosanow_hpc/informed_swapping/BARK.py:156: UserWarning: Exited postprocessing with accuracies 
[1.33899959e-07]
not reaching the requested tolerance 1e-09.
  values, vectors = lobpcg(projected_hamiltonian, guess, largest=False,
/home/erosanow_hpc/informed_swapping/BARK.py:156: UserWarning: Exited at iteration 50 with accuracies 
[1.58841877e-08]
not reaching the requested tolerance 1e-09.
Use iteration 48 instead with accuracy 
6.693620816758304e-09.

  values, vectors = lobpcg(projected_hamiltonian, guess, largest=False,
/home/erosanow_hpc/informed_swapping/BARK.py:156: UserWarning: Exited postprocessing with accuracies 
[6.69362061e-09]
not reaching the requested tolerance 1e-09.
  values, vectors = lobpcg(projected_hamiltonian, guess, largest=False,
/home/erosanow_hpc/informed_swapping/BARK.py:156: UserWarning: Exited at iteration 50 with accuracies 
[7.95846298e-08]
not reaching the requested tolerance 1e-09.
Use iteration 47 instead with accuracy 
3.790701490763755e-08.

  values, vectors = lobpcg(projected_hamiltonian, guess, largest=False,
/home/erosanow_hpc/informed_swapping/BARK.py:156: UserWarning: Exited postprocessing with accuracies 
[3.79070147e-08]
not reaching the requested tolerance 1e-09.
  values, vectors = lobpcg(projected_hamiltonian, guess, largest=False,
/home/erosanow_hpc/informed_swapping/BARK.py:156: UserWarning: Exited at iteration 50 with accuracies 
[2.18752644e-07]
not reaching the requested tolerance 1e-09.
Use iteration 47 instead with accuracy 
1.3165245109642582e-07.

  values, vectors = lobpcg(projected_hamiltonian, guess, largest=False,
/home/erosanow_hpc/informed_swapping/BARK.py:156: UserWarning: Exited postprocessing with accuracies 
[1.31652451e-07]
not reaching the requested tolerance 1e-09.
  values, vectors = lobpcg(projected_hamiltonian, guess, largest=False,
/home/erosanow_hpc/informed_swapping/BARK.py:156: UserWarning: Exited at iteration 50 with accuracies 
[4.93252908e-07]
not reaching the requested tolerance 1e-09.
Use iteration 51 instead with accuracy 
4.93252907721849e-07.

  values, vectors = lobpcg(projected_hamiltonian, guess, largest=False,
/home/erosanow_hpc/informed_swapping/BARK.py:156: UserWarning: Exited postprocessing with accuracies 
[4.93252908e-07]
not reaching the requested tolerance 1e-09.
  values, vectors = lobpcg(projected_hamiltonian, guess, largest=False,
/home/erosanow_hpc/informed_swapping/BARK.py:156: UserWarning: Exited at iteration 50 with accuracies 
[4.22430153e-07]
not reaching the requested tolerance 1e-09.
Use iteration 51 instead with accuracy 
4.224301530099255e-07.

  values, vectors = lobpcg(projected_hamiltonian, guess, largest=False,
/home/erosanow_hpc/informed_swapping/BARK.py:156: UserWarning: Exited postprocessing with accuracies 
[4.22430153e-07]
not reaching the requested tolerance 1e-09.
  values, vectors = lobpcg(projected_hamiltonian, guess, largest=False,
/home/erosanow_hpc/informed_swapping/BARK.py:156: UserWarning: Exited at iteration 50 with accuracies 
[1.38886269e-06]
not reaching the requested tolerance 1e-09.
Use iteration 51 instead with accuracy 
1.3888626869090365e-06.

  values, vectors = lobpcg(projected_hamiltonian, guess, largest=False,
/home/erosanow_hpc/informed_swapping/BARK.py:156: UserWarning: Exited at iteration 50 with accuracies 
[3.90752786e-06]
not reaching the requested tolerance 1e-09.
Use iteration 51 instead with accuracy 
3.907527855561156e-06.

  values, vectors = lobpcg(projected_hamiltonian, guess, largest=False,
/home/erosanow_hpc/informed_swapping/BARK.py:156: UserWarning: Exited at iteration 50 with accuracies 
[2.37319424e-05]
not reaching the requested tolerance 1e-09.
Use iteration 51 instead with accuracy 
2.3731942423178335e-05.

  values, vectors = lobpcg(projected_hamiltonian, guess, largest=False,
/home/erosanow_hpc/informed_swapping/BARK.py:156: UserWarning: Exited at iteration 50 with accuracies 
[1.34968347e-09]
not reaching the requested tolerance 1e-09.
Use iteration 51 instead with accuracy 
1.349683465037839e-09.

  values, vectors = lobpcg(projected_hamiltonian, guess, largest=False,
/home/erosanow_hpc/informed_swapping/BARK.py:156: UserWarning: Exited postprocessing with accuracies 
[1.34968338e-09]
not reaching the requested tolerance 1e-09.
  values, vectors = lobpcg(projected_hamiltonian, guess, largest=False,
/home/erosanow_hpc/informed_swapping/BARK.py:156: UserWarning: Exited at iteration 50 with accuracies 
[2.45326713e-09]
not reaching the requested tolerance 1e-09.
Use iteration 49 instead with accuracy 
2.05495217567018e-09.

  values, vectors = lobpcg(projected_hamiltonian, guess, largest=False,
/home/erosanow_hpc/informed_swapping/BARK.py:156: UserWarning: Exited postprocessing with accuracies 
[2.05495145e-09]
not reaching the requested tolerance 1e-09.
  values, vectors = lobpcg(projected_hamiltonian, guess, largest=False,
/home/erosanow_hpc/informed_swapping/BARK.py:156: UserWarning: Exited at iteration 50 with accuracies 
[2.6494869e-08]
not reaching the requested tolerance 1e-09.
Use iteration 48 instead with accuracy 
1.589222571998589e-08.

  values, vectors = lobpcg(projected_hamiltonian, guess, largest=False,
/home/erosanow_hpc/informed_swapping/BARK.py:156: UserWarning: Exited postprocessing with accuracies 
[1.5892226e-08]
not reaching the requested tolerance 1e-09.
  values, vectors = lobpcg(projected_hamiltonian, guess, largest=False,
/home/erosanow_hpc/informed_swapping/BARK.py:156: UserWarning: Exited at iteration 50 with accuracies 
[1.66562392e-09]
not reaching the requested tolerance 1e-09.
Use iteration 49 instead with accuracy 
1.3491767887218309e-09.

  values, vectors = lobpcg(projected_hamiltonian, guess, largest=False,
/home/erosanow_hpc/informed_swapping/BARK.py:156: UserWarning: Exited postprocessing with accuracies 
[1.34917709e-09]
not reaching the requested tolerance 1e-09.
  values, vectors = lobpcg(projected_hamiltonian, guess, largest=False,
/home/erosanow_hpc/informed_swapping/BARK.py:156: UserWarning: Exited at iteration 50 with accuracies 
[2.68811527e-09]
not reaching the requested tolerance 1e-09.
Use iteration 50 instead with accuracy 
2.4912033051811538e-09.

  values, vectors = lobpcg(projected_hamiltonian, guess, largest=False,
/home/erosanow_hpc/informed_swapping/BARK.py:156: UserWarning: Exited postprocessing with accuracies 
[2.49120318e-09]
not reaching the requested tolerance 1e-09.
  values, vectors = lobpcg(projected_hamiltonian, guess, largest=False,
/home/erosanow_hpc/informed_swapping/BARK.py:156: UserWarning: Exited at iteration 50 with accuracies 
[1.52439588e-09]
not reaching the requested tolerance 1e-09.
Use iteration 51 instead with accuracy 
1.5243958849372292e-09.

  values, vectors = lobpcg(projected_hamiltonian, guess, largest=False,
/home/erosanow_hpc/informed_swapping/BARK.py:156: UserWarning: Exited postprocessing with accuracies 
[1.52439573e-09]
not reaching the requested tolerance 1e-09.
  values, vectors = lobpcg(projected_hamiltonian, guess, largest=False,
/home/erosanow_hpc/informed_swapping/BARK.py:156: UserWarning: Exited at iteration 50 with accuracies 
[2.37763208e-08]
not reaching the requested tolerance 1e-09.
Use iteration 47 instead with accuracy 
1.1588644232333385e-08.

  values, vectors = lobpcg(projected_hamiltonian, guess, largest=False,
/home/erosanow_hpc/informed_swapping/BARK.py:156: UserWarning: Exited postprocessing with accuracies 
[1.15886446e-08]
not reaching the requested tolerance 1e-09.
  values, vectors = lobpcg(projected_hamiltonian, guess, largest=False,
/home/erosanow_hpc/informed_swapping/BARK.py:156: UserWarning: Exited at iteration 50 with accuracies 
[8.33940488e-08]
not reaching the requested tolerance 1e-09.
Use iteration 48 instead with accuracy 
4.087330800110788e-08.

  values, vectors = lobpcg(projected_hamiltonian, guess, largest=False,
/home/erosanow_hpc/informed_swapping/BARK.py:156: UserWarning: Exited postprocessing with accuracies 
[4.08733083e-08]
not reaching the requested tolerance 1e-09.
  values, vectors = lobpcg(projected_hamiltonian, guess, largest=False,
/home/erosanow_hpc/informed_swapping/BARK.py:156: UserWarning: Exited at iteration 50 with accuracies 
[2.16307638e-07]
not reaching the requested tolerance 1e-09.
Use iteration 43 instead with accuracy 
1.6523694260807475e-07.

  values, vectors = lobpcg(projected_hamiltonian, guess, largest=False,
/home/erosanow_hpc/informed_swapping/BARK.py:156: UserWarning: Exited postprocessing with accuracies 
[1.65236942e-07]
not reaching the requested tolerance 1e-09.
  values, vectors = lobpcg(projected_hamiltonian, guess, largest=False,
/home/erosanow_hpc/informed_swapping/BARK.py:156: UserWarning: Exited at iteration 50 with accuracies 
[1.9087246e-08]
not reaching the requested tolerance 1e-09.
Use iteration 48 instead with accuracy 
8.648696434934621e-09.

  values, vectors = lobpcg(projected_hamiltonian, guess, largest=False,
/home/erosanow_hpc/informed_swapping/BARK.py:156: UserWarning: Exited postprocessing with accuracies 
[8.6486967e-09]
not reaching the requested tolerance 1e-09.
  values, vectors = lobpcg(projected_hamiltonian, guess, largest=False,
/home/erosanow_hpc/informed_swapping/BARK.py:156: UserWarning: Exited at iteration 50 with accuracies 
[1.10370189e-07]
not reaching the requested tolerance 1e-09.
Use iteration 47 instead with accuracy 
5.975423731410932e-08.

  values, vectors = lobpcg(projected_hamiltonian, guess, largest=False,
/home/erosanow_hpc/informed_swapping/BARK.py:156: UserWarning: Exited postprocessing with accuracies 
[5.97542363e-08]
not reaching the requested tolerance 1e-09.
  values, vectors = lobpcg(projected_hamiltonian, guess, largest=False,
/home/erosanow_hpc/informed_swapping/BARK.py:156: UserWarning: Exited at iteration 50 with accuracies 
[2.20385507e-07]
not reaching the requested tolerance 1e-09.
Use iteration 46 instead with accuracy 
1.4014959784522598e-07.

  values, vectors = lobpcg(projected_hamiltonian, guess, largest=False,
/home/erosanow_hpc/informed_swapping/BARK.py:156: UserWarning: Exited postprocessing with accuracies 
[1.40149597e-07]
not reaching the requested tolerance 1e-09.
  values, vectors = lobpcg(projected_hamiltonian, guess, largest=False,
/home/erosanow_hpc/informed_swapping/BARK.py:156: UserWarning: Exited at iteration 50 with accuracies 
[7.07510566e-07]
not reaching the requested tolerance 1e-09.
Use iteration 51 instead with accuracy 
7.075105655149092e-07.

  values, vectors = lobpcg(projected_hamiltonian, guess, largest=False,
/home/erosanow_hpc/informed_swapping/BARK.py:156: UserWarning: Exited postprocessing with accuracies 
[7.07510565e-07]
not reaching the requested tolerance 1e-09.
  values, vectors = lobpcg(projected_hamiltonian, guess, largest=False,
/home/erosanow_hpc/informed_swapping/BARK.py:156: UserWarning: Exited at iteration 50 with accuracies 
[8.29124524e-07]
not reaching the requested tolerance 1e-09.
Use iteration 51 instead with accuracy 
8.291245242429747e-07.

  values, vectors = lobpcg(projected_hamiltonian, guess, largest=False,
/home/erosanow_hpc/informed_swapping/BARK.py:156: UserWarning: Exited postprocessing with accuracies 
[8.29124523e-07]
not reaching the requested tolerance 1e-09.
  values, vectors = lobpcg(projected_hamiltonian, guess, largest=False,
/home/erosanow_hpc/informed_swapping/BARK.py:156: UserWarning: Exited at iteration 50 with accuracies 
[2.53784922e-06]
not reaching the requested tolerance 1e-09.
Use iteration 51 instead with accuracy 
2.5378492214869065e-06.

  values, vectors = lobpcg(projected_hamiltonian, guess, largest=False,
/home/erosanow_hpc/informed_swapping/BARK.py:156: UserWarning: Exited postprocessing with accuracies 
[2.53784922e-06]
not reaching the requested tolerance 1e-09.
  values, vectors = lobpcg(projected_hamiltonian, guess, largest=False,
/home/erosanow_hpc/informed_swapping/BARK.py:156: UserWarning: Exited at iteration 50 with accuracies 
[4.36532115e-06]
not reaching the requested tolerance 1e-09.
Use iteration 51 instead with accuracy 
4.365321154021752e-06.

  values, vectors = lobpcg(projected_hamiltonian, guess, largest=False,
/home/erosanow_hpc/informed_swapping/BARK.py:156: UserWarning: Exited postprocessing with accuracies 
[4.36532115e-06]
not reaching the requested tolerance 1e-09.
  values, vectors = lobpcg(projected_hamiltonian, guess, largest=False,
/home/erosanow_hpc/informed_swapping/BARK.py:156: UserWarning: Exited at iteration 50 with accuracies 
[2.14902421e-05]
not reaching the requested tolerance 1e-09.
Use iteration 51 instead with accuracy 
2.1490242086995018e-05.

  values, vectors = lobpcg(projected_hamiltonian, guess, largest=False,
/home/erosanow_hpc/informed_swapping/BARK.py:156: UserWarning: Exited postprocessing with accuracies 
[2.14902421e-05]
not reaching the requested tolerance 1e-09.
  values, vectors = lobpcg(projected_hamiltonian, guess, largest=False,
/home/erosanow_hpc/informed_swapping/BARK.py:156: UserWarning: Exited at iteration 50 with accuracies 
[1.34968417e-09]
not reaching the requested tolerance 1e-09.
Use iteration 51 instead with accuracy 
1.3496841741912644e-09.

  values, vectors = lobpcg(projected_hamiltonian, guess, largest=False,
/home/erosanow_hpc/informed_swapping/BARK.py:156: UserWarning: Exited postprocessing with accuracies 
[1.34968449e-09]
not reaching the requested tolerance 1e-09.
  values, vectors = lobpcg(projected_hamiltonian, guess, largest=False,
/home/erosanow_hpc/informed_swapping/BARK.py:156: UserWarning: Exited at iteration 50 with accuracies 
[2.45326675e-09]
not reaching the requested tolerance 1e-09.
Use iteration 49 instead with accuracy 
2.0549524039045615e-09.

  values, vectors = lobpcg(projected_hamiltonian, guess, largest=False,
/home/erosanow_hpc/informed_swapping/BARK.py:156: UserWarning: Exited postprocessing with accuracies 
[2.05495188e-09]
not reaching the requested tolerance 1e-09.
  values, vectors = lobpcg(projected_hamiltonian, guess, largest=False,
/home/erosanow_hpc/informed_swapping/BARK.py:156: UserWarning: Exited at iteration 50 with accuracies 
[2.64948664e-08]
not reaching the requested tolerance 1e-09.
Use iteration 48 instead with accuracy 
1.5892224334847324e-08.

  values, vectors = lobpcg(projected_hamiltonian, guess, largest=False,
/home/erosanow_hpc/informed_swapping/BARK.py:156: UserWarning: Exited postprocessing with accuracies 
[1.58922244e-08]
not reaching the requested tolerance 1e-09.
  values, vectors = lobpcg(projected_hamiltonian, guess, largest=False,
/home/erosanow_hpc/informed_swapping/BARK.py:156: UserWarning: Exited at iteration 50 with accuracies 
[1.66562295e-09]
not reaching the requested tolerance 1e-09.
Use iteration 49 instead with accuracy 
1.349176697953487e-09.

  values, vectors = lobpcg(projected_hamiltonian, guess, largest=False,
/home/erosanow_hpc/informed_swapping/BARK.py:156: UserWarning: Exited postprocessing with accuracies 
[1.34917696e-09]
not reaching the requested tolerance 1e-09.
  values, vectors = lobpcg(projected_hamiltonian, guess, largest=False,
/home/erosanow_hpc/informed_swapping/BARK.py:156: UserWarning: Exited at iteration 50 with accuracies 
[2.68811685e-09]
not reaching the requested tolerance 1e-09.
Use iteration 50 instead with accuracy 
2.4912026155509395e-09.

  values, vectors = lobpcg(projected_hamiltonian, guess, largest=False,
/home/erosanow_hpc/informed_swapping/BARK.py:156: UserWarning: Exited postprocessing with accuracies 
[2.49120276e-09]
not reaching the requested tolerance 1e-09.
  values, vectors = lobpcg(projected_hamiltonian, guess, largest=False,
/home/erosanow_hpc/informed_swapping/BARK.py:156: UserWarning: Exited at iteration 50 with accuracies 
[1.52439678e-09]
not reaching the requested tolerance 1e-09.
Use iteration 51 instead with accuracy 
1.5243967779837267e-09.

  values, vectors = lobpcg(projected_hamiltonian, guess, largest=False,
/home/erosanow_hpc/informed_swapping/BARK.py:156: UserWarning: Exited postprocessing with accuracies 
[1.52439669e-09]
not reaching the requested tolerance 1e-09.
  values, vectors = lobpcg(projected_hamiltonian, guess, largest=False,
/home/erosanow_hpc/informed_swapping/BARK.py:156: UserWarning: Exited at iteration 50 with accuracies 
[2.37763228e-08]
not reaching the requested tolerance 1e-09.
Use iteration 47 instead with accuracy 
1.1588645637437242e-08.

  values, vectors = lobpcg(projected_hamiltonian, guess, largest=False,
/home/erosanow_hpc/informed_swapping/BARK.py:156: UserWarning: Exited postprocessing with accuracies 
[1.15886459e-08]
not reaching the requested tolerance 1e-09.
  values, vectors = lobpcg(projected_hamiltonian, guess, largest=False,
/home/erosanow_hpc/informed_swapping/BARK.py:156: UserWarning: Exited at iteration 50 with accuracies 
[8.3394041e-08]
not reaching the requested tolerance 1e-09.
Use iteration 48 instead with accuracy 
4.087330694068149e-08.

  values, vectors = lobpcg(projected_hamiltonian, guess, largest=False,
/home/erosanow_hpc/informed_swapping/BARK.py:156: UserWarning: Exited postprocessing with accuracies 
[4.08733069e-08]
not reaching the requested tolerance 1e-09.
  values, vectors = lobpcg(projected_hamiltonian, guess, largest=False,
/home/erosanow_hpc/informed_swapping/BARK.py:156: UserWarning: Exited at iteration 50 with accuracies 
[2.16307634e-07]
not reaching the requested tolerance 1e-09.
Use iteration 43 instead with accuracy 
1.6523694227920248e-07.

  values, vectors = lobpcg(projected_hamiltonian, guess, largest=False,
/home/erosanow_hpc/informed_swapping/BARK.py:156: UserWarning: Exited at iteration 50 with accuracies 
[1.90872455e-08]
not reaching the requested tolerance 1e-09.
Use iteration 48 instead with accuracy 
8.648695548617477e-09.

  values, vectors = lobpcg(projected_hamiltonian, guess, largest=False,
/home/erosanow_hpc/informed_swapping/BARK.py:156: UserWarning: Exited postprocessing with accuracies 
[8.64869567e-09]
not reaching the requested tolerance 1e-09.
  values, vectors = lobpcg(projected_hamiltonian, guess, largest=False,
/home/erosanow_hpc/informed_swapping/BARK.py:156: UserWarning: Exited at iteration 50 with accuracies 
[1.10370192e-07]
not reaching the requested tolerance 1e-09.
Use iteration 47 instead with accuracy 
5.975423633165497e-08.

  values, vectors = lobpcg(projected_hamiltonian, guess, largest=False,
/home/erosanow_hpc/informed_swapping/BARK.py:156: UserWarning: Exited postprocessing with accuracies 
[5.9754236e-08]
not reaching the requested tolerance 1e-09.
  values, vectors = lobpcg(projected_hamiltonian, guess, largest=False,
/home/erosanow_hpc/informed_swapping/BARK.py:156: UserWarning: Exited at iteration 50 with accuracies 
[2.20385502e-07]
not reaching the requested tolerance 1e-09.
Use iteration 46 instead with accuracy 
1.401495974793027e-07.

  values, vectors = lobpcg(projected_hamiltonian, guess, largest=False,
/home/erosanow_hpc/informed_swapping/BARK.py:156: UserWarning: Exited at iteration 50 with accuracies 
[7.07510568e-07]
not reaching the requested tolerance 1e-09.
Use iteration 51 instead with accuracy 
7.07510567936284e-07.

  values, vectors = lobpcg(projected_hamiltonian, guess, largest=False,
/home/erosanow_hpc/informed_swapping/BARK.py:156: UserWarning: Exited postprocessing with accuracies 
[7.07510568e-07]
not reaching the requested tolerance 1e-09.
  values, vectors = lobpcg(projected_hamiltonian, guess, largest=False,
/home/erosanow_hpc/informed_swapping/BARK.py:156: UserWarning: Exited at iteration 50 with accuracies 
[8.29124522e-07]
not reaching the requested tolerance 1e-09.
Use iteration 51 instead with accuracy 
8.291245216371694e-07.

  values, vectors = lobpcg(projected_hamiltonian, guess, largest=False,
/home/erosanow_hpc/informed_swapping/BARK.py:156: UserWarning: Exited postprocessing with accuracies 
[8.29124522e-07]
not reaching the requested tolerance 1e-09.
  values, vectors = lobpcg(projected_hamiltonian, guess, largest=False,
/home/erosanow_hpc/informed_swapping/BARK.py:156: UserWarning: Exited at iteration 50 with accuracies 
[2.53784922e-06]
not reaching the requested tolerance 1e-09.
Use iteration 51 instead with accuracy 
2.53784921998674e-06.

  values, vectors = lobpcg(projected_hamiltonian, guess, largest=False,
/home/erosanow_hpc/informed_swapping/BARK.py:156: UserWarning: Exited at iteration 50 with accuracies 
[4.36532115e-06]
not reaching the requested tolerance 1e-09.
Use iteration 51 instead with accuracy 
4.36532114986099e-06.

  values, vectors = lobpcg(projected_hamiltonian, guess, largest=False,
/home/erosanow_hpc/informed_swapping/BARK.py:156: UserWarning: Exited at iteration 50 with accuracies 
[2.14902421e-05]
not reaching the requested tolerance 1e-09.
Use iteration 51 instead with accuracy 
2.1490242086797375e-05.

  values, vectors = lobpcg(projected_hamiltonian, guess, largest=False,
/home/erosanow_hpc/informed_swapping/BARK.py:156: UserWarning: Exited at iteration 50 with accuracies 
[1.21158599e-09]
not reaching the requested tolerance 1e-09.
Use iteration 51 instead with accuracy 
1.211585991859253e-09.

  values, vectors = lobpcg(projected_hamiltonian, guess, largest=False,
/home/erosanow_hpc/informed_swapping/BARK.py:156: UserWarning: Exited postprocessing with accuracies 
[1.21158595e-09]
not reaching the requested tolerance 1e-09.
  values, vectors = lobpcg(projected_hamiltonian, guess, largest=False,
/home/erosanow_hpc/informed_swapping/BARK.py:156: UserWarning: Exited at iteration 50 with accuracies 
[2.97937381e-09]
not reaching the requested tolerance 1e-09.
Use iteration 49 instead with accuracy 
2.30945558437033e-09.

  values, vectors = lobpcg(projected_hamiltonian, guess, largest=False,
/home/erosanow_hpc/informed_swapping/BARK.py:156: UserWarning: Exited postprocessing with accuracies 
[2.30945552e-09]
not reaching the requested tolerance 1e-09.
  values, vectors = lobpcg(projected_hamiltonian, guess, largest=False,
/home/erosanow_hpc/informed_swapping/BARK.py:156: UserWarning: Exited at iteration 50 with accuracies 
[2.64651521e-08]
not reaching the requested tolerance 1e-09.
Use iteration 48 instead with accuracy 
1.555356045556797e-08.

  values, vectors = lobpcg(projected_hamiltonian, guess, largest=False,
/home/erosanow_hpc/informed_swapping/BARK.py:156: UserWarning: Exited postprocessing with accuracies 
[1.5553561e-08]
not reaching the requested tolerance 1e-09.
  values, vectors = lobpcg(projected_hamiltonian, guess, largest=False,
/home/erosanow_hpc/informed_swapping/BARK.py:156: UserWarning: Exited at iteration 50 with accuracies 
[1.55814021e-09]
not reaching the requested tolerance 1e-09.
Use iteration 49 instead with accuracy 
1.2840348782693636e-09.

  values, vectors = lobpcg(projected_hamiltonian, guess, largest=False,
/home/erosanow_hpc/informed_swapping/BARK.py:156: UserWarning: Exited postprocessing with accuracies 
[1.28403475e-09]
not reaching the requested tolerance 1e-09.
  values, vectors = lobpcg(projected_hamiltonian, guess, largest=False,
/home/erosanow_hpc/informed_swapping/BARK.py:156: UserWarning: Exited at iteration 50 with accuracies 
[2.73897308e-09]
not reaching the requested tolerance 1e-09.
Use iteration 50 instead with accuracy 
2.3937379991507595e-09.

  values, vectors = lobpcg(projected_hamiltonian, guess, largest=False,
/home/erosanow_hpc/informed_swapping/BARK.py:156: UserWarning: Exited postprocessing with accuracies 
[2.39373788e-09]
not reaching the requested tolerance 1e-09.
  values, vectors = lobpcg(projected_hamiltonian, guess, largest=False,
/home/erosanow_hpc/informed_swapping/BARK.py:156: UserWarning: Exited at iteration 50 with accuracies 
[2.3815256e-08]
not reaching the requested tolerance 1e-09.
Use iteration 48 instead with accuracy 
1.1520779694232158e-08.

  values, vectors = lobpcg(projected_hamiltonian, guess, largest=False,
/home/erosanow_hpc/informed_swapping/BARK.py:156: UserWarning: Exited postprocessing with accuracies 
[1.15207796e-08]
not reaching the requested tolerance 1e-09.
  values, vectors = lobpcg(projected_hamiltonian, guess, largest=False,
/home/erosanow_hpc/informed_swapping/BARK.py:156: UserWarning: Exited at iteration 50 with accuracies 
[1.2141221e-08]
not reaching the requested tolerance 1e-09.
Use iteration 49 instead with accuracy 
6.917304900881317e-09.

  values, vectors = lobpcg(projected_hamiltonian, guess, largest=False,
/home/erosanow_hpc/informed_swapping/BARK.py:156: UserWarning: Exited postprocessing with accuracies 
[6.91730513e-09]
not reaching the requested tolerance 1e-09.
  values, vectors = lobpcg(projected_hamiltonian, guess, largest=False,
/home/erosanow_hpc/informed_swapping/BARK.py:156: UserWarning: Exited at iteration 50 with accuracies 
[3.59144889e-08]
not reaching the requested tolerance 1e-09.
Use iteration 47 instead with accuracy 
1.6817745957210715e-08.

  values, vectors = lobpcg(projected_hamiltonian, guess, largest=False,
/home/erosanow_hpc/informed_swapping/BARK.py:156: UserWarning: Exited postprocessing with accuracies 
[1.6817746e-08]
not reaching the requested tolerance 1e-09.
  values, vectors = lobpcg(projected_hamiltonian, guess, largest=False,
/home/erosanow_hpc/informed_swapping/BARK.py:156: UserWarning: Exited at iteration 50 with accuracies 
[2.22798212e-07]
not reaching the requested tolerance 1e-09.
Use iteration 47 instead with accuracy 
1.6857987254946885e-07.

  values, vectors = lobpcg(projected_hamiltonian, guess, largest=False,
/home/erosanow_hpc/informed_swapping/BARK.py:156: UserWarning: Exited postprocessing with accuracies 
[1.68579873e-07]
not reaching the requested tolerance 1e-09.
  values, vectors = lobpcg(projected_hamiltonian, guess, largest=False,
/home/erosanow_hpc/informed_swapping/BARK.py:156: UserWarning: Exited at iteration 50 with accuracies 
[2.0295119e-08]
not reaching the requested tolerance 1e-09.
Use iteration 48 instead with accuracy 
8.932209635088291e-09.

  values, vectors = lobpcg(projected_hamiltonian, guess, largest=False,
/home/erosanow_hpc/informed_swapping/BARK.py:156: UserWarning: Exited postprocessing with accuracies 
[8.93220951e-09]
not reaching the requested tolerance 1e-09.
  values, vectors = lobpcg(projected_hamiltonian, guess, largest=False,
/home/erosanow_hpc/informed_swapping/BARK.py:156: UserWarning: Exited at iteration 50 with accuracies 
[1.15705576e-07]
not reaching the requested tolerance 1e-09.
Use iteration 47 instead with accuracy 
6.23459671373915e-08.

  values, vectors = lobpcg(projected_hamiltonian, guess, largest=False,
/home/erosanow_hpc/informed_swapping/BARK.py:156: UserWarning: Exited postprocessing with accuracies 
[6.23459663e-08]
not reaching the requested tolerance 1e-09.
  values, vectors = lobpcg(projected_hamiltonian, guess, largest=False,
/home/erosanow_hpc/informed_swapping/BARK.py:156: UserWarning: Exited at iteration 50 with accuracies 
[2.3195401e-07]
not reaching the requested tolerance 1e-09.
Use iteration 46 instead with accuracy 
1.4697212647073198e-07.

  values, vectors = lobpcg(projected_hamiltonian, guess, largest=False,
/home/erosanow_hpc/informed_swapping/BARK.py:156: UserWarning: Exited postprocessing with accuracies 
[1.46972126e-07]
not reaching the requested tolerance 1e-09.
  values, vectors = lobpcg(projected_hamiltonian, guess, largest=False,
/home/erosanow_hpc/informed_swapping/BARK.py:156: UserWarning: Exited at iteration 50 with accuracies 
[7.41488465e-07]
not reaching the requested tolerance 1e-09.
Use iteration 51 instead with accuracy 
7.41488465320008e-07.

  values, vectors = lobpcg(projected_hamiltonian, guess, largest=False,
/home/erosanow_hpc/informed_swapping/BARK.py:156: UserWarning: Exited postprocessing with accuracies 
[7.41488465e-07]
not reaching the requested tolerance 1e-09.
  values, vectors = lobpcg(projected_hamiltonian, guess, largest=False,
/home/erosanow_hpc/informed_swapping/BARK.py:156: UserWarning: Exited at iteration 50 with accuracies 
[8.52467164e-07]
not reaching the requested tolerance 1e-09.
Use iteration 51 instead with accuracy 
8.52467163593701e-07.

  values, vectors = lobpcg(projected_hamiltonian, guess, largest=False,
/home/erosanow_hpc/informed_swapping/BARK.py:156: UserWarning: Exited postprocessing with accuracies 
[8.52467164e-07]
not reaching the requested tolerance 1e-09.
  values, vectors = lobpcg(projected_hamiltonian, guess, largest=False,
/home/erosanow_hpc/informed_swapping/BARK.py:156: UserWarning: Exited at iteration 50 with accuracies 
[2.60021203e-06]
not reaching the requested tolerance 1e-09.
Use iteration 51 instead with accuracy 
2.6002120322165606e-06.

  values, vectors = lobpcg(projected_hamiltonian, guess, largest=False,
/home/erosanow_hpc/informed_swapping/BARK.py:156: UserWarning: Exited postprocessing with accuracies 
[2.60021203e-06]
not reaching the requested tolerance 1e-09.
  values, vectors = lobpcg(projected_hamiltonian, guess, largest=False,
/home/erosanow_hpc/informed_swapping/BARK.py:156: UserWarning: Exited at iteration 50 with accuracies 
[4.45650301e-06]
not reaching the requested tolerance 1e-09.
Use iteration 51 instead with accuracy 
4.45650300923913e-06.

  values, vectors = lobpcg(projected_hamiltonian, guess, largest=False,
/home/erosanow_hpc/informed_swapping/BARK.py:156: UserWarning: Exited postprocessing with accuracies 
[4.45650301e-06]
not reaching the requested tolerance 1e-09.
  values, vectors = lobpcg(projected_hamiltonian, guess, largest=False,
/home/erosanow_hpc/informed_swapping/BARK.py:156: UserWarning: Exited at iteration 50 with accuracies 
[2.12801207e-05]
not reaching the requested tolerance 1e-09.
Use iteration 51 instead with accuracy 
2.1280120720067382e-05.

  values, vectors = lobpcg(projected_hamiltonian, guess, largest=False,
/home/erosanow_hpc/informed_swapping/BARK.py:156: UserWarning: Exited postprocessing with accuracies 
[2.12801207e-05]
not reaching the requested tolerance 1e-09.
  values, vectors = lobpcg(projected_hamiltonian, guess, largest=False,
/home/erosanow_hpc/informed_swapping/BARK.py:156: UserWarning: Exited at iteration 50 with accuracies 
[1.21158585e-09]
not reaching the requested tolerance 1e-09.
Use iteration 51 instead with accuracy 
1.2115858511149825e-09.

  values, vectors = lobpcg(projected_hamiltonian, guess, largest=False,
/home/erosanow_hpc/informed_swapping/BARK.py:156: UserWarning: Exited postprocessing with accuracies 
[1.21158614e-09]
not reaching the requested tolerance 1e-09.
  values, vectors = lobpcg(projected_hamiltonian, guess, largest=False,
/home/erosanow_hpc/informed_swapping/BARK.py:156: UserWarning: Exited at iteration 50 with accuracies 
[2.97937483e-09]
not reaching the requested tolerance 1e-09.
Use iteration 49 instead with accuracy 
2.309456191516583e-09.

  values, vectors = lobpcg(projected_hamiltonian, guess, largest=False,
/home/erosanow_hpc/informed_swapping/BARK.py:156: UserWarning: Exited postprocessing with accuracies 
[2.30945658e-09]
not reaching the requested tolerance 1e-09.
  values, vectors = lobpcg(projected_hamiltonian, guess, largest=False,
/home/erosanow_hpc/informed_swapping/BARK.py:156: UserWarning: Exited at iteration 50 with accuracies 
[2.64651505e-08]
not reaching the requested tolerance 1e-09.
Use iteration 48 instead with accuracy 
1.555356093354103e-08.

  values, vectors = lobpcg(projected_hamiltonian, guess, largest=False,
/home/erosanow_hpc/informed_swapping/BARK.py:156: UserWarning: Exited postprocessing with accuracies 
[1.55535611e-08]
not reaching the requested tolerance 1e-09.
  values, vectors = lobpcg(projected_hamiltonian, guess, largest=False,
/home/erosanow_hpc/informed_swapping/BARK.py:156: UserWarning: Exited at iteration 50 with accuracies 
[1.55814037e-09]
not reaching the requested tolerance 1e-09.
Use iteration 49 instead with accuracy 
1.284034361386199e-09.

  values, vectors = lobpcg(projected_hamiltonian, guess, largest=False,
/home/erosanow_hpc/informed_swapping/BARK.py:156: UserWarning: Exited postprocessing with accuracies 
[1.28403464e-09]
not reaching the requested tolerance 1e-09.
  values, vectors = lobpcg(projected_hamiltonian, guess, largest=False,
/home/erosanow_hpc/informed_swapping/BARK.py:156: UserWarning: Exited at iteration 50 with accuracies 
[2.73897223e-09]
not reaching the requested tolerance 1e-09.
Use iteration 50 instead with accuracy 
2.3937366418980465e-09.

  values, vectors = lobpcg(projected_hamiltonian, guess, largest=False,
/home/erosanow_hpc/informed_swapping/BARK.py:156: UserWarning: Exited postprocessing with accuracies 
[2.39373661e-09]
not reaching the requested tolerance 1e-09.
  values, vectors = lobpcg(projected_hamiltonian, guess, largest=False,
/home/erosanow_hpc/informed_swapping/BARK.py:156: UserWarning: Exited at iteration 50 with accuracies 
[2.38152606e-08]
not reaching the requested tolerance 1e-09.
Use iteration 48 instead with accuracy 
1.152077932479122e-08.

  values, vectors = lobpcg(projected_hamiltonian, guess, largest=False,
/home/erosanow_hpc/informed_swapping/BARK.py:156: UserWarning: Exited postprocessing with accuracies 
[1.15207793e-08]
not reaching the requested tolerance 1e-09.
  values, vectors = lobpcg(projected_hamiltonian, guess, largest=False,
/home/erosanow_hpc/informed_swapping/BARK.py:156: UserWarning: Exited at iteration 50 with accuracies 
[1.214122e-08]
not reaching the requested tolerance 1e-09.
Use iteration 49 instead with accuracy 
6.917305096625535e-09.

  values, vectors = lobpcg(projected_hamiltonian, guess, largest=False,
/home/erosanow_hpc/informed_swapping/BARK.py:156: UserWarning: Exited postprocessing with accuracies 
[6.91730468e-09]
not reaching the requested tolerance 1e-09.
  values, vectors = lobpcg(projected_hamiltonian, guess, largest=False,
/home/erosanow_hpc/informed_swapping/BARK.py:156: UserWarning: Exited at iteration 50 with accuracies 
[3.59144882e-08]
not reaching the requested tolerance 1e-09.
Use iteration 47 instead with accuracy 
1.681774505629312e-08.

  values, vectors = lobpcg(projected_hamiltonian, guess, largest=False,
/home/erosanow_hpc/informed_swapping/BARK.py:156: UserWarning: Exited postprocessing with accuracies 
[1.68177453e-08]
not reaching the requested tolerance 1e-09.
  values, vectors = lobpcg(projected_hamiltonian, guess, largest=False,
/home/erosanow_hpc/informed_swapping/BARK.py:156: UserWarning: Exited at iteration 50 with accuracies 
[2.22798206e-07]
not reaching the requested tolerance 1e-09.
Use iteration 47 instead with accuracy 
1.685798758680723e-07.

  values, vectors = lobpcg(projected_hamiltonian, guess, largest=False,
/home/erosanow_hpc/informed_swapping/BARK.py:156: UserWarning: Exited postprocessing with accuracies 
[1.68579875e-07]
not reaching the requested tolerance 1e-09.
  values, vectors = lobpcg(projected_hamiltonian, guess, largest=False,
/home/erosanow_hpc/informed_swapping/BARK.py:156: UserWarning: Exited at iteration 50 with accuracies 
[2.02951094e-08]
not reaching the requested tolerance 1e-09.
Use iteration 48 instead with accuracy 
8.93220889441918e-09.

  values, vectors = lobpcg(projected_hamiltonian, guess, largest=False,
/home/erosanow_hpc/informed_swapping/BARK.py:156: UserWarning: Exited postprocessing with accuracies 
[8.93220879e-09]
not reaching the requested tolerance 1e-09.
  values, vectors = lobpcg(projected_hamiltonian, guess, largest=False,
/home/erosanow_hpc/informed_swapping/BARK.py:156: UserWarning: Exited at iteration 50 with accuracies 
[1.15705583e-07]
not reaching the requested tolerance 1e-09.
Use iteration 47 instead with accuracy 
6.234596504053975e-08.

  values, vectors = lobpcg(projected_hamiltonian, guess, largest=False,
/home/erosanow_hpc/informed_swapping/BARK.py:156: UserWarning: Exited postprocessing with accuracies 
[6.23459652e-08]
not reaching the requested tolerance 1e-09.
  values, vectors = lobpcg(projected_hamiltonian, guess, largest=False,
/home/erosanow_hpc/informed_swapping/BARK.py:156: UserWarning: Exited at iteration 50 with accuracies 
[2.31954008e-07]
not reaching the requested tolerance 1e-09.
Use iteration 46 instead with accuracy 
1.4697213005636067e-07.

  values, vectors = lobpcg(projected_hamiltonian, guess, largest=False,
/home/erosanow_hpc/informed_swapping/BARK.py:156: UserWarning: Exited postprocessing with accuracies 
[1.4697213e-07]
not reaching the requested tolerance 1e-09.
  values, vectors = lobpcg(projected_hamiltonian, guess, largest=False,
/home/erosanow_hpc/informed_swapping/BARK.py:156: UserWarning: Exited at iteration 50 with accuracies 
[7.41488463e-07]
not reaching the requested tolerance 1e-09.
Use iteration 51 instead with accuracy 
7.414884625617465e-07.

  values, vectors = lobpcg(projected_hamiltonian, guess, largest=False,
/home/erosanow_hpc/informed_swapping/BARK.py:156: UserWarning: Exited postprocessing with accuracies 
[7.41488463e-07]
not reaching the requested tolerance 1e-09.
  values, vectors = lobpcg(projected_hamiltonian, guess, largest=False,
/home/erosanow_hpc/informed_swapping/BARK.py:156: UserWarning: Exited at iteration 50 with accuracies 
[8.52467166e-07]
not reaching the requested tolerance 1e-09.
Use iteration 51 instead with accuracy 
8.52467165580079e-07.

  values, vectors = lobpcg(projected_hamiltonian, guess, largest=False,
/home/erosanow_hpc/informed_swapping/BARK.py:156: UserWarning: Exited postprocessing with accuracies 
[8.52467166e-07]
not reaching the requested tolerance 1e-09.
  values, vectors = lobpcg(projected_hamiltonian, guess, largest=False,
/home/erosanow_hpc/informed_swapping/BARK.py:156: UserWarning: Exited at iteration 50 with accuracies 
[2.60021203e-06]
not reaching the requested tolerance 1e-09.
Use iteration 51 instead with accuracy 
2.600212033690556e-06.

  values, vectors = lobpcg(projected_hamiltonian, guess, largest=False,
/home/erosanow_hpc/informed_swapping/BARK.py:156: UserWarning: Exited at iteration 50 with accuracies 
[4.45650301e-06]
not reaching the requested tolerance 1e-09.
Use iteration 51 instead with accuracy 
4.456503007897331e-06.

  values, vectors = lobpcg(projected_hamiltonian, guess, largest=False,
/home/erosanow_hpc/informed_swapping/BARK.py:156: UserWarning: Exited at iteration 50 with accuracies 
[2.12801207e-05]
not reaching the requested tolerance 1e-09.
Use iteration 51 instead with accuracy 
2.1280120720727105e-05.

  values, vectors = lobpcg(projected_hamiltonian, guess, largest=False,
/home/erosanow_hpc/informed_swapping/BARK.py:156: UserWarning: Exited at iteration 50 with accuracies 
[1.21158679e-09]
not reaching the requested tolerance 1e-09.
Use iteration 51 instead with accuracy 
1.2115867911686062e-09.

  values, vectors = lobpcg(projected_hamiltonian, guess, largest=False,
/home/erosanow_hpc/informed_swapping/BARK.py:156: UserWarning: Exited postprocessing with accuracies 
[1.21158709e-09]
not reaching the requested tolerance 1e-09.
  values, vectors = lobpcg(projected_hamiltonian, guess, largest=False,
/home/erosanow_hpc/informed_swapping/BARK.py:156: UserWarning: Exited at iteration 50 with accuracies 
[2.97937343e-09]
not reaching the requested tolerance 1e-09.
Use iteration 49 instead with accuracy 
2.3094549166764616e-09.

  values, vectors = lobpcg(projected_hamiltonian, guess, largest=False,
/home/erosanow_hpc/informed_swapping/BARK.py:156: UserWarning: Exited postprocessing with accuracies 
[2.309455e-09]
not reaching the requested tolerance 1e-09.
  values, vectors = lobpcg(projected_hamiltonian, guess, largest=False,
/home/erosanow_hpc/informed_swapping/BARK.py:156: UserWarning: Exited at iteration 50 with accuracies 
[2.64651538e-08]
not reaching the requested tolerance 1e-09.
Use iteration 48 instead with accuracy 
1.5553560100520004e-08.

  values, vectors = lobpcg(projected_hamiltonian, guess, largest=False,
/home/erosanow_hpc/informed_swapping/BARK.py:156: UserWarning: Exited postprocessing with accuracies 
[1.55535605e-08]
not reaching the requested tolerance 1e-09.
  values, vectors = lobpcg(projected_hamiltonian, guess, largest=False,
/home/erosanow_hpc/informed_swapping/BARK.py:156: UserWarning: Exited at iteration 50 with accuracies 
[1.55813797e-09]
not reaching the requested tolerance 1e-09.
Use iteration 49 instead with accuracy 
1.284034447949578e-09.

  values, vectors = lobpcg(projected_hamiltonian, guess, largest=False,
/home/erosanow_hpc/informed_swapping/BARK.py:156: UserWarning: Exited postprocessing with accuracies 
[1.2840346e-09]
not reaching the requested tolerance 1e-09.
  values, vectors = lobpcg(projected_hamiltonian, guess, largest=False,
/home/erosanow_hpc/informed_swapping/BARK.py:156: UserWarning: Exited at iteration 50 with accuracies 
[2.73897277e-09]
not reaching the requested tolerance 1e-09.
Use iteration 50 instead with accuracy 
2.393737365197346e-09.

  values, vectors = lobpcg(projected_hamiltonian, guess, largest=False,
/home/erosanow_hpc/informed_swapping/BARK.py:156: UserWarning: Exited postprocessing with accuracies 
[2.39373777e-09]
not reaching the requested tolerance 1e-09.
  values, vectors = lobpcg(projected_hamiltonian, guess, largest=False,
/home/erosanow_hpc/informed_swapping/BARK.py:156: UserWarning: Exited at iteration 50 with accuracies 
[2.38152615e-08]
not reaching the requested tolerance 1e-09.
Use iteration 48 instead with accuracy 
1.1520779850561905e-08.

  values, vectors = lobpcg(projected_hamiltonian, guess, largest=False,
/home/erosanow_hpc/informed_swapping/BARK.py:156: UserWarning: Exited postprocessing with accuracies 
[1.15207802e-08]
not reaching the requested tolerance 1e-09.
  values, vectors = lobpcg(projected_hamiltonian, guess, largest=False,
/home/erosanow_hpc/informed_swapping/BARK.py:156: UserWarning: Exited at iteration 50 with accuracies 
[1.2141215e-08]
not reaching the requested tolerance 1e-09.
Use iteration 49 instead with accuracy 
6.917303938192521e-09.

  values, vectors = lobpcg(projected_hamiltonian, guess, largest=False,
/home/erosanow_hpc/informed_swapping/BARK.py:156: UserWarning: Exited postprocessing with accuracies 
[6.91730389e-09]
not reaching the requested tolerance 1e-09.
  values, vectors = lobpcg(projected_hamiltonian, guess, largest=False,
/home/erosanow_hpc/informed_swapping/BARK.py:156: UserWarning: Exited at iteration 50 with accuracies 
[3.59144914e-08]
not reaching the requested tolerance 1e-09.
Use iteration 47 instead with accuracy 
1.6817745950004026e-08.

  values, vectors = lobpcg(projected_hamiltonian, guess, largest=False,
/home/erosanow_hpc/informed_swapping/BARK.py:156: UserWarning: Exited postprocessing with accuracies 
[1.68177457e-08]
not reaching the requested tolerance 1e-09.
  values, vectors = lobpcg(projected_hamiltonian, guess, largest=False,
/home/erosanow_hpc/informed_swapping/BARK.py:156: UserWarning: Exited at iteration 50 with accuracies 
[2.22798212e-07]
not reaching the requested tolerance 1e-09.
Use iteration 47 instead with accuracy 
1.685798745681069e-07.

  values, vectors = lobpcg(projected_hamiltonian, guess, largest=False,
/home/erosanow_hpc/informed_swapping/BARK.py:156: UserWarning: Exited postprocessing with accuracies 
[1.68579874e-07]
not reaching the requested tolerance 1e-09.
  values, vectors = lobpcg(projected_hamiltonian, guess, largest=False,
/home/erosanow_hpc/informed_swapping/BARK.py:156: UserWarning: Exited at iteration 50 with accuracies 
[2.02951136e-08]
not reaching the requested tolerance 1e-09.
Use iteration 48 instead with accuracy 
8.932208258667137e-09.

  values, vectors = lobpcg(projected_hamiltonian, guess, largest=False,
/home/erosanow_hpc/informed_swapping/BARK.py:156: UserWarning: Exited postprocessing with accuracies 
[8.93220826e-09]
not reaching the requested tolerance 1e-09.
  values, vectors = lobpcg(projected_hamiltonian, guess, largest=False,
/home/erosanow_hpc/informed_swapping/BARK.py:156: UserWarning: Exited at iteration 50 with accuracies 
[1.15705571e-07]
not reaching the requested tolerance 1e-09.
Use iteration 47 instead with accuracy 
6.23459657431374e-08.

  values, vectors = lobpcg(projected_hamiltonian, guess, largest=False,
/home/erosanow_hpc/informed_swapping/BARK.py:156: UserWarning: Exited postprocessing with accuracies 
[6.23459657e-08]
not reaching the requested tolerance 1e-09.
  values, vectors = lobpcg(projected_hamiltonian, guess, largest=False,
/home/erosanow_hpc/informed_swapping/BARK.py:156: UserWarning: Exited at iteration 50 with accuracies 
[2.31954013e-07]
not reaching the requested tolerance 1e-09.
Use iteration 46 instead with accuracy 
1.4697212436526718e-07.

  values, vectors = lobpcg(projected_hamiltonian, guess, largest=False,
/home/erosanow_hpc/informed_swapping/BARK.py:156: UserWarning: Exited postprocessing with accuracies 
[1.46972125e-07]
not reaching the requested tolerance 1e-09.
  values, vectors = lobpcg(projected_hamiltonian, guess, largest=False,
/home/erosanow_hpc/informed_swapping/BARK.py:156: UserWarning: Exited at iteration 50 with accuracies 
[7.41488463e-07]
not reaching the requested tolerance 1e-09.
Use iteration 51 instead with accuracy 
7.41488462926618e-07.

  values, vectors = lobpcg(projected_hamiltonian, guess, largest=False,
/home/erosanow_hpc/informed_swapping/BARK.py:156: UserWarning: Exited at iteration 50 with accuracies 
[6.96000555e-07]
not reaching the requested tolerance 1e-09.
Use iteration 51 instead with accuracy 
6.960005547780782e-07.

  values, vectors = lobpcg(projected_hamiltonian, guess, largest=False,
/home/erosanow_hpc/informed_swapping/BARK.py:156: UserWarning: Exited postprocessing with accuracies 
[6.96000555e-07]
not reaching the requested tolerance 1e-09.
  values, vectors = lobpcg(projected_hamiltonian, guess, largest=False,
/home/erosanow_hpc/informed_swapping/BARK.py:156: UserWarning: Exited at iteration 50 with accuracies 
[2.23469609e-06]
not reaching the requested tolerance 1e-09.
Use iteration 51 instead with accuracy 
2.2346960889148246e-06.

  values, vectors = lobpcg(projected_hamiltonian, guess, largest=False,
/home/erosanow_hpc/informed_swapping/BARK.py:156: UserWarning: Exited postprocessing with accuracies 
[2.23469609e-06]
not reaching the requested tolerance 1e-09.
  values, vectors = lobpcg(projected_hamiltonian, guess, largest=False,
/home/erosanow_hpc/informed_swapping/BARK.py:156: UserWarning: Exited at iteration 50 with accuracies 
[3.9528256e-06]
not reaching the requested tolerance 1e-09.
Use iteration 51 instead with accuracy 
3.952825596559567e-06.

  values, vectors = lobpcg(projected_hamiltonian, guess, largest=False,
/home/erosanow_hpc/informed_swapping/BARK.py:156: UserWarning: Exited postprocessing with accuracies 
[3.9528256e-06]
not reaching the requested tolerance 1e-09.
  values, vectors = lobpcg(projected_hamiltonian, guess, largest=False,
/home/erosanow_hpc/informed_swapping/BARK.py:156: UserWarning: Exited at iteration 50 with accuracies 
[2.00905899e-05]
not reaching the requested tolerance 1e-09.
Use iteration 51 instead with accuracy 
2.0090589857828762e-05.

  values, vectors = lobpcg(projected_hamiltonian, guess, largest=False,
/home/erosanow_hpc/informed_swapping/BARK.py:156: UserWarning: Exited postprocessing with accuracies 
[2.00905899e-05]
not reaching the requested tolerance 1e-09.
  values, vectors = lobpcg(projected_hamiltonian, guess, largest=False,
/home/erosanow_hpc/informed_swapping/BARK.py:156: UserWarning: Exited at iteration 50 with accuracies 
[1.93035437e-09]
not reaching the requested tolerance 1e-09.
Use iteration 48 instead with accuracy 
1.76302151128243e-09.

  values, vectors = lobpcg(projected_hamiltonian, guess, largest=False,
/home/erosanow_hpc/informed_swapping/BARK.py:156: UserWarning: Exited postprocessing with accuracies 
[1.76302165e-09]
not reaching the requested tolerance 1e-09.
  values, vectors = lobpcg(projected_hamiltonian, guess, largest=False,
/home/erosanow_hpc/informed_swapping/BARK.py:156: UserWarning: Exited at iteration 50 with accuracies 
[1.53991868e-09]
not reaching the requested tolerance 1e-09.
Use iteration 48 instead with accuracy 
1.0803386874736444e-09.

  values, vectors = lobpcg(projected_hamiltonian, guess, largest=False,
/home/erosanow_hpc/informed_swapping/BARK.py:156: UserWarning: Exited postprocessing with accuracies 
[1.08033842e-09]
not reaching the requested tolerance 1e-09.
  values, vectors = lobpcg(projected_hamiltonian, guess, largest=False,
/home/erosanow_hpc/informed_swapping/BARK.py:156: UserWarning: Exited at iteration 50 with accuracies 
[2.69483239e-09]
not reaching the requested tolerance 1e-09.
Use iteration 48 instead with accuracy 
2.13994817117517e-09.

  values, vectors = lobpcg(projected_hamiltonian, guess, largest=False,
/home/erosanow_hpc/informed_swapping/BARK.py:156: UserWarning: Exited postprocessing with accuracies 
[2.13994813e-09]
not reaching the requested tolerance 1e-09.
  values, vectors = lobpcg(projected_hamiltonian, guess, largest=False,
/home/erosanow_hpc/informed_swapping/BARK.py:156: UserWarning: Exited at iteration 50 with accuracies 
[2.16991611e-09]
not reaching the requested tolerance 1e-09.
Use iteration 48 instead with accuracy 
1.6754629447945756e-09.

  values, vectors = lobpcg(projected_hamiltonian, guess, largest=False,
/home/erosanow_hpc/informed_swapping/BARK.py:156: UserWarning: Exited postprocessing with accuracies 
[1.67546308e-09]
not reaching the requested tolerance 1e-09.
  values, vectors = lobpcg(projected_hamiltonian, guess, largest=False,
/home/erosanow_hpc/informed_swapping/BARK.py:156: UserWarning: Exited at iteration 50 with accuracies 
[7.425863e-09]
not reaching the requested tolerance 1e-09.
Use iteration 51 instead with accuracy 
7.425863000392402e-09.

  values, vectors = lobpcg(projected_hamiltonian, guess, largest=False,
/home/erosanow_hpc/informed_swapping/BARK.py:156: UserWarning: Exited postprocessing with accuracies 
[7.42586312e-09]
not reaching the requested tolerance 1e-09.
  values, vectors = lobpcg(projected_hamiltonian, guess, largest=False,
/home/erosanow_hpc/informed_swapping/BARK.py:156: UserWarning: Exited at iteration 50 with accuracies 
[1.32229e-09]
not reaching the requested tolerance 1e-09.
Use iteration 49 instead with accuracy 
1.1452512927169038e-09.

  values, vectors = lobpcg(projected_hamiltonian, guess, largest=False,
/home/erosanow_hpc/informed_swapping/BARK.py:156: UserWarning: Exited postprocessing with accuracies 
[1.14525121e-09]
not reaching the requested tolerance 1e-09.
  values, vectors = lobpcg(projected_hamiltonian, guess, largest=False,
/home/erosanow_hpc/informed_swapping/BARK.py:156: UserWarning: Exited at iteration 50 with accuracies 
[1.24963929e-09]
not reaching the requested tolerance 1e-09.
Use iteration 49 instead with accuracy 
1.0962967668132506e-09.

  values, vectors = lobpcg(projected_hamiltonian, guess, largest=False,
/home/erosanow_hpc/informed_swapping/BARK.py:156: UserWarning: Exited postprocessing with accuracies 
[1.0962966e-09]
not reaching the requested tolerance 1e-09.
  values, vectors = lobpcg(projected_hamiltonian, guess, largest=False,
/home/erosanow_hpc/informed_swapping/BARK.py:156: UserWarning: Exited at iteration 50 with accuracies 
[2.82754248e-09]
not reaching the requested tolerance 1e-09.
Use iteration 49 instead with accuracy 
2.2786347843465734e-09.

  values, vectors = lobpcg(projected_hamiltonian, guess, largest=False,
/home/erosanow_hpc/informed_swapping/BARK.py:156: UserWarning: Exited postprocessing with accuracies 
[2.2786346e-09]
not reaching the requested tolerance 1e-09.
  values, vectors = lobpcg(projected_hamiltonian, guess, largest=False,
/home/erosanow_hpc/informed_swapping/BARK.py:156: UserWarning: Exited at iteration 50 with accuracies 
[2.93201448e-09]
not reaching the requested tolerance 1e-09.
Use iteration 48 instead with accuracy 
2.1277636902763563e-09.

  values, vectors = lobpcg(projected_hamiltonian, guess, largest=False,
/home/erosanow_hpc/informed_swapping/BARK.py:156: UserWarning: Exited postprocessing with accuracies 
[2.12776355e-09]
not reaching the requested tolerance 1e-09.
  values, vectors = lobpcg(projected_hamiltonian, guess, largest=False,
/home/erosanow_hpc/informed_swapping/BARK.py:156: UserWarning: Exited at iteration 50 with accuracies 
[2.87922886e-09]
not reaching the requested tolerance 1e-09.
Use iteration 48 instead with accuracy 
2.064006875247356e-09.

  values, vectors = lobpcg(projected_hamiltonian, guess, largest=False,
/home/erosanow_hpc/informed_swapping/BARK.py:156: UserWarning: Exited postprocessing with accuracies 
[2.06400667e-09]
not reaching the requested tolerance 1e-09.
  values, vectors = lobpcg(projected_hamiltonian, guess, largest=False,
/home/erosanow_hpc/informed_swapping/BARK.py:156: UserWarning: Exited at iteration 50 with accuracies 
[4.39881824e-09]
not reaching the requested tolerance 1e-09.
Use iteration 47 instead with accuracy 
3.3780155702172174e-09.

  values, vectors = lobpcg(projected_hamiltonian, guess, largest=False,
/home/erosanow_hpc/informed_swapping/BARK.py:156: UserWarning: Exited postprocessing with accuracies 
[3.37801553e-09]
not reaching the requested tolerance 1e-09.
  values, vectors = lobpcg(projected_hamiltonian, guess, largest=False,
/home/erosanow_hpc/informed_swapping/BARK.py:156: UserWarning: Exited at iteration 50 with accuracies 
[7.74271056e-09]
not reaching the requested tolerance 1e-09.
Use iteration 51 instead with accuracy 
7.742710562534286e-09.

  values, vectors = lobpcg(projected_hamiltonian, guess, largest=False,
/home/erosanow_hpc/informed_swapping/BARK.py:156: UserWarning: Exited postprocessing with accuracies 
[7.74271042e-09]
not reaching the requested tolerance 1e-09.
  values, vectors = lobpcg(projected_hamiltonian, guess, largest=False,
/home/erosanow_hpc/informed_swapping/BARK.py:156: UserWarning: Exited at iteration 50 with accuracies 
[2.05829581e-09]
not reaching the requested tolerance 1e-09.
Use iteration 48 instead with accuracy 
1.6169480805100112e-09.

  values, vectors = lobpcg(projected_hamiltonian, guess, largest=False,
/home/erosanow_hpc/informed_swapping/BARK.py:156: UserWarning: Exited postprocessing with accuracies 
[1.61694821e-09]
not reaching the requested tolerance 1e-09.
  values, vectors = lobpcg(projected_hamiltonian, guess, largest=False,
/home/erosanow_hpc/informed_swapping/BARK.py:156: UserWarning: Exited at iteration 50 with accuracies 
[1.70523806e-09]
not reaching the requested tolerance 1e-09.
Use iteration 49 instead with accuracy 
1.324357835489606e-09.

  values, vectors = lobpcg(projected_hamiltonian, guess, largest=False,
/home/erosanow_hpc/informed_swapping/BARK.py:156: UserWarning: Exited postprocessing with accuracies 
[1.32435791e-09]
not reaching the requested tolerance 1e-09.
  values, vectors = lobpcg(projected_hamiltonian, guess, largest=False,
/home/erosanow_hpc/informed_swapping/BARK.py:156: UserWarning: Exited at iteration 50 with accuracies 
[1.60790486e-09]
not reaching the requested tolerance 1e-09.
Use iteration 49 instead with accuracy 
1.323521143180746e-09.

  values, vectors = lobpcg(projected_hamiltonian, guess, largest=False,
/home/erosanow_hpc/informed_swapping/BARK.py:156: UserWarning: Exited postprocessing with accuracies 
[1.32352112e-09]
not reaching the requested tolerance 1e-09.
  values, vectors = lobpcg(projected_hamiltonian, guess, largest=False,
/home/erosanow_hpc/informed_swapping/BARK.py:156: UserWarning: Exited at iteration 50 with accuracies 
[1.8207565e-09]
not reaching the requested tolerance 1e-09.
Use iteration 48 instead with accuracy 
1.4723574381257928e-09.

  values, vectors = lobpcg(projected_hamiltonian, guess, largest=False,
/home/erosanow_hpc/informed_swapping/BARK.py:156: UserWarning: Exited postprocessing with accuracies 
[1.47235736e-09]
not reaching the requested tolerance 1e-09.
  values, vectors = lobpcg(projected_hamiltonian, guess, largest=False,
/home/erosanow_hpc/informed_swapping/BARK.py:156: UserWarning: Exited at iteration 50 with accuracies 
[4.05978342e-09]
not reaching the requested tolerance 1e-09.
Use iteration 47 instead with accuracy 
3.2987378638567665e-09.

  values, vectors = lobpcg(projected_hamiltonian, guess, largest=False,
/home/erosanow_hpc/informed_swapping/BARK.py:156: UserWarning: Exited postprocessing with accuracies 
[3.29873804e-09]
not reaching the requested tolerance 1e-09.
  values, vectors = lobpcg(projected_hamiltonian, guess, largest=False,
/home/erosanow_hpc/informed_swapping/BARK.py:156: UserWarning: Exited at iteration 50 with accuracies 
[1.58495286e-09]
not reaching the requested tolerance 1e-09.
Use iteration 49 instead with accuracy 
1.1889661259100425e-09.

  values, vectors = lobpcg(projected_hamiltonian, guess, largest=False,
/home/erosanow_hpc/informed_swapping/BARK.py:156: UserWarning: Exited postprocessing with accuracies 
[1.18896617e-09]
not reaching the requested tolerance 1e-09.
  values, vectors = lobpcg(projected_hamiltonian, guess, largest=False,
/home/erosanow_hpc/informed_swapping/BARK.py:156: UserWarning: Exited at iteration 50 with accuracies 
[2.77599637e-09]
not reaching the requested tolerance 1e-09.
Use iteration 47 instead with accuracy 
2.370511046205623e-09.

  values, vectors = lobpcg(projected_hamiltonian, guess, largest=False,
/home/erosanow_hpc/informed_swapping/BARK.py:156: UserWarning: Exited postprocessing with accuracies 
[2.37051106e-09]
not reaching the requested tolerance 1e-09.
  values, vectors = lobpcg(projected_hamiltonian, guess, largest=False,
/home/erosanow_hpc/informed_swapping/BARK.py:156: UserWarning: Exited at iteration 50 with accuracies 
[3.18270419e-09]
not reaching the requested tolerance 1e-09.
Use iteration 47 instead with accuracy 
2.6360506547344237e-09.

  values, vectors = lobpcg(projected_hamiltonian, guess, largest=False,
/home/erosanow_hpc/informed_swapping/BARK.py:156: UserWarning: Exited postprocessing with accuracies 
[2.63605046e-09]
not reaching the requested tolerance 1e-09.
  values, vectors = lobpcg(projected_hamiltonian, guess, largest=False,
/home/erosanow_hpc/informed_swapping/BARK.py:156: UserWarning: Exited at iteration 50 with accuracies 
[5.20876301e-09]
not reaching the requested tolerance 1e-09.
Use iteration 51 instead with accuracy 
5.208763006433275e-09.

  values, vectors = lobpcg(projected_hamiltonian, guess, largest=False,
/home/erosanow_hpc/informed_swapping/BARK.py:156: UserWarning: Exited postprocessing with accuracies 
[5.20876305e-09]
not reaching the requested tolerance 1e-09.
  values, vectors = lobpcg(projected_hamiltonian, guess, largest=False,
/home/erosanow_hpc/informed_swapping/BARK.py:156: UserWarning: Exited at iteration 50 with accuracies 
[2.20972779e-09]
not reaching the requested tolerance 1e-09.
Use iteration 48 instead with accuracy 
1.6757775426654727e-09.

  values, vectors = lobpcg(projected_hamiltonian, guess, largest=False,
/home/erosanow_hpc/informed_swapping/BARK.py:156: UserWarning: Exited postprocessing with accuracies 
[1.67577751e-09]
not reaching the requested tolerance 1e-09.
  values, vectors = lobpcg(projected_hamiltonian, guess, largest=False,
/home/erosanow_hpc/informed_swapping/BARK.py:156: UserWarning: Exited at iteration 50 with accuracies 
[2.88674347e-09]
not reaching the requested tolerance 1e-09.
Use iteration 48 instead with accuracy 
2.197335961348965e-09.

  values, vectors = lobpcg(projected_hamiltonian, guess, largest=False,
/home/erosanow_hpc/informed_swapping/BARK.py:156: UserWarning: Exited postprocessing with accuracies 
[2.19733607e-09]
not reaching the requested tolerance 1e-09.
  values, vectors = lobpcg(projected_hamiltonian, guess, largest=False,
/home/erosanow_hpc/informed_swapping/BARK.py:156: UserWarning: Exited at iteration 50 with accuracies 
[2.88489744e-09]
not reaching the requested tolerance 1e-09.
Use iteration 48 instead with accuracy 
2.16205112681527e-09.

  values, vectors = lobpcg(projected_hamiltonian, guess, largest=False,
/home/erosanow_hpc/informed_swapping/BARK.py:156: UserWarning: Exited postprocessing with accuracies 
[2.16205102e-09]
not reaching the requested tolerance 1e-09.
  values, vectors = lobpcg(projected_hamiltonian, guess, largest=False,
/home/erosanow_hpc/informed_swapping/BARK.py:156: UserWarning: Exited at iteration 50 with accuracies 
[2.95682706e-09]
not reaching the requested tolerance 1e-09.
Use iteration 48 instead with accuracy 
2.2198287851573927e-09.

  values, vectors = lobpcg(projected_hamiltonian, guess, largest=False,
/home/erosanow_hpc/informed_swapping/BARK.py:156: UserWarning: Exited postprocessing with accuracies 
[2.21982882e-09]
not reaching the requested tolerance 1e-09.
  values, vectors = lobpcg(projected_hamiltonian, guess, largest=False,
/home/erosanow_hpc/informed_swapping/BARK.py:156: UserWarning: Exited at iteration 50 with accuracies 
[5.70727318e-09]
not reaching the requested tolerance 1e-09.
Use iteration 47 instead with accuracy 
5.158510772343453e-09.

  values, vectors = lobpcg(projected_hamiltonian, guess, largest=False,
/home/erosanow_hpc/informed_swapping/BARK.py:156: UserWarning: Exited postprocessing with accuracies 
[5.1585109e-09]
not reaching the requested tolerance 1e-09.
  values, vectors = lobpcg(projected_hamiltonian, guess, largest=False,
/home/erosanow_hpc/informed_swapping/BARK.py:156: UserWarning: Exited at iteration 50 with accuracies 
[1.63277592e-09]
not reaching the requested tolerance 1e-09.
Use iteration 49 instead with accuracy 
1.407437193754171e-09.

  values, vectors = lobpcg(projected_hamiltonian, guess, largest=False,
/home/erosanow_hpc/informed_swapping/BARK.py:156: UserWarning: Exited postprocessing with accuracies 
[1.407437e-09]
not reaching the requested tolerance 1e-09.
  values, vectors = lobpcg(projected_hamiltonian, guess, largest=False,
/home/erosanow_hpc/informed_swapping/BARK.py:156: UserWarning: Exited at iteration 50 with accuracies 
[2.66899847e-09]
not reaching the requested tolerance 1e-09.
Use iteration 48 instead with accuracy 
2.2234680608760306e-09.

  values, vectors = lobpcg(projected_hamiltonian, guess, largest=False,
/home/erosanow_hpc/informed_swapping/BARK.py:156: UserWarning: Exited postprocessing with accuracies 
[2.22346796e-09]
not reaching the requested tolerance 1e-09.
  values, vectors = lobpcg(projected_hamiltonian, guess, largest=False,
/home/erosanow_hpc/informed_swapping/BARK.py:156: UserWarning: Exited at iteration 50 with accuracies 
[1.85404576e-09]
not reaching the requested tolerance 1e-09.
Use iteration 49 instead with accuracy 
1.5610918633082336e-09.

  values, vectors = lobpcg(projected_hamiltonian, guess, largest=False,
/home/erosanow_hpc/informed_swapping/BARK.py:156: UserWarning: Exited postprocessing with accuracies 
[1.56109188e-09]
not reaching the requested tolerance 1e-09.
  values, vectors = lobpcg(projected_hamiltonian, guess, largest=False,
/home/erosanow_hpc/informed_swapping/BARK.py:156: UserWarning: Exited at iteration 50 with accuracies 
[3.02784782e-09]
not reaching the requested tolerance 1e-09.
Use iteration 48 instead with accuracy 
2.5780389098629124e-09.

  values, vectors = lobpcg(projected_hamiltonian, guess, largest=False,
/home/erosanow_hpc/informed_swapping/BARK.py:156: UserWarning: Exited postprocessing with accuracies 
[2.57803874e-09]
not reaching the requested tolerance 1e-09.
  values, vectors = lobpcg(projected_hamiltonian, guess, largest=False,
/home/erosanow_hpc/informed_swapping/BARK.py:156: UserWarning: Exited at iteration 50 with accuracies 
[1.24417283e-09]
not reaching the requested tolerance 1e-09.
Use iteration 49 instead with accuracy 
1.1261409923320482e-09.

  values, vectors = lobpcg(projected_hamiltonian, guess, largest=False,
/home/erosanow_hpc/informed_swapping/BARK.py:156: UserWarning: Exited postprocessing with accuracies 
[1.12614084e-09]
not reaching the requested tolerance 1e-09.
  values, vectors = lobpcg(projected_hamiltonian, guess, largest=False,
/home/erosanow_hpc/informed_swapping/BARK.py:156: UserWarning: Exited at iteration 50 with accuracies 
[2.77599421e-09]
not reaching the requested tolerance 1e-09.
Use iteration 47 instead with accuracy 
2.370513353878373e-09.

  values, vectors = lobpcg(projected_hamiltonian, guess, largest=False,
/home/erosanow_hpc/informed_swapping/BARK.py:156: UserWarning: Exited postprocessing with accuracies 
[2.37051361e-09]
not reaching the requested tolerance 1e-09.
  values, vectors = lobpcg(projected_hamiltonian, guess, largest=False,
/home/erosanow_hpc/informed_swapping/BARK.py:156: UserWarning: Exited at iteration 50 with accuracies 
[3.18270781e-09]
not reaching the requested tolerance 1e-09.
Use iteration 47 instead with accuracy 
2.6360500496097956e-09.

  values, vectors = lobpcg(projected_hamiltonian, guess, largest=False,
/home/erosanow_hpc/informed_swapping/BARK.py:156: UserWarning: Exited postprocessing with accuracies 
[2.63604982e-09]
not reaching the requested tolerance 1e-09.
  values, vectors = lobpcg(projected_hamiltonian, guess, largest=False,
/home/erosanow_hpc/informed_swapping/BARK.py:156: UserWarning: Exited at iteration 50 with accuracies 
[5.20876072e-09]
not reaching the requested tolerance 1e-09.
Use iteration 51 instead with accuracy 
5.20876071594415e-09.

  values, vectors = lobpcg(projected_hamiltonian, guess, largest=False,
/home/erosanow_hpc/informed_swapping/BARK.py:156: UserWarning: Exited postprocessing with accuracies 
[5.20876068e-09]
not reaching the requested tolerance 1e-09.
  values, vectors = lobpcg(projected_hamiltonian, guess, largest=False,
/home/erosanow_hpc/informed_swapping/BARK.py:156: UserWarning: Exited at iteration 50 with accuracies 
[2.2097222e-09]
not reaching the requested tolerance 1e-09.
Use iteration 48 instead with accuracy 
1.6757743953777777e-09.

  values, vectors = lobpcg(projected_hamiltonian, guess, largest=False,
/home/erosanow_hpc/informed_swapping/BARK.py:156: UserWarning: Exited postprocessing with accuracies 
[1.67577413e-09]
not reaching the requested tolerance 1e-09.
  values, vectors = lobpcg(projected_hamiltonian, guess, largest=False,
/home/erosanow_hpc/informed_swapping/BARK.py:156: UserWarning: Exited at iteration 50 with accuracies 
[2.88673418e-09]
not reaching the requested tolerance 1e-09.
Use iteration 48 instead with accuracy 
2.1973324294851448e-09.

  values, vectors = lobpcg(projected_hamiltonian, guess, largest=False,
/home/erosanow_hpc/informed_swapping/BARK.py:156: UserWarning: Exited postprocessing with accuracies 
[2.19733251e-09]
not reaching the requested tolerance 1e-09.
  values, vectors = lobpcg(projected_hamiltonian, guess, largest=False,
/home/erosanow_hpc/informed_swapping/BARK.py:156: UserWarning: Exited at iteration 50 with accuracies 
[2.88489844e-09]
not reaching the requested tolerance 1e-09.
Use iteration 48 instead with accuracy 
2.162051452288039e-09.

  values, vectors = lobpcg(projected_hamiltonian, guess, largest=False,
/home/erosanow_hpc/informed_swapping/BARK.py:156: UserWarning: Exited postprocessing with accuracies 
[2.16205141e-09]
not reaching the requested tolerance 1e-09.
  values, vectors = lobpcg(projected_hamiltonian, guess, largest=False,
/home/erosanow_hpc/informed_swapping/BARK.py:156: UserWarning: Exited at iteration 50 with accuracies 
[2.95683406e-09]
not reaching the requested tolerance 1e-09.
Use iteration 48 instead with accuracy 
2.219826528387634e-09.

  values, vectors = lobpcg(projected_hamiltonian, guess, largest=False,
/home/erosanow_hpc/informed_swapping/BARK.py:156: UserWarning: Exited postprocessing with accuracies 
[2.21982664e-09]
not reaching the requested tolerance 1e-09.
  values, vectors = lobpcg(projected_hamiltonian, guess, largest=False,
/home/erosanow_hpc/informed_swapping/BARK.py:156: UserWarning: Exited at iteration 50 with accuracies 
[5.7072581e-09]
not reaching the requested tolerance 1e-09.
Use iteration 47 instead with accuracy 
5.1585118362226244e-09.

  values, vectors = lobpcg(projected_hamiltonian, guess, largest=False,
/home/erosanow_hpc/informed_swapping/BARK.py:156: UserWarning: Exited postprocessing with accuracies 
[5.1585119e-09]
not reaching the requested tolerance 1e-09.
  values, vectors = lobpcg(projected_hamiltonian, guess, largest=False,
/home/erosanow_hpc/informed_swapping/BARK.py:156: UserWarning: Exited at iteration 50 with accuracies 
[1.63276899e-09]
not reaching the requested tolerance 1e-09.
Use iteration 49 instead with accuracy 
1.4074468500174005e-09.

  values, vectors = lobpcg(projected_hamiltonian, guess, largest=False,
/home/erosanow_hpc/informed_swapping/BARK.py:156: UserWarning: Exited postprocessing with accuracies 
[1.40744684e-09]
not reaching the requested tolerance 1e-09.
  values, vectors = lobpcg(projected_hamiltonian, guess, largest=False,
/home/erosanow_hpc/informed_swapping/BARK.py:156: UserWarning: Exited at iteration 50 with accuracies 
[2.66899056e-09]
not reaching the requested tolerance 1e-09.
Use iteration 48 instead with accuracy 
2.223468344781669e-09.

  values, vectors = lobpcg(projected_hamiltonian, guess, largest=False,
/home/erosanow_hpc/informed_swapping/BARK.py:156: UserWarning: Exited postprocessing with accuracies 
[2.2234687e-09]
not reaching the requested tolerance 1e-09.
  values, vectors = lobpcg(projected_hamiltonian, guess, largest=False,
/home/erosanow_hpc/informed_swapping/BARK.py:156: UserWarning: Exited at iteration 50 with accuracies 
[1.85404891e-09]
not reaching the requested tolerance 1e-09.
Use iteration 49 instead with accuracy 
1.5610964296253057e-09.

  values, vectors = lobpcg(projected_hamiltonian, guess, largest=False,
/home/erosanow_hpc/informed_swapping/BARK.py:156: UserWarning: Exited postprocessing with accuracies 
[1.56109608e-09]
not reaching the requested tolerance 1e-09.
  values, vectors = lobpcg(projected_hamiltonian, guess, largest=False,
/home/erosanow_hpc/informed_swapping/BARK.py:156: UserWarning: Exited at iteration 50 with accuracies 
[3.02784287e-09]
not reaching the requested tolerance 1e-09.
Use iteration 48 instead with accuracy 
2.5780329582182083e-09.

  values, vectors = lobpcg(projected_hamiltonian, guess, largest=False,
/home/erosanow_hpc/informed_swapping/BARK.py:156: UserWarning: Exited postprocessing with accuracies 
[2.5780328e-09]
not reaching the requested tolerance 1e-09.
  values, vectors = lobpcg(projected_hamiltonian, guess, largest=False,
/home/erosanow_hpc/informed_swapping/BARK.py:156: UserWarning: Exited at iteration 50 with accuracies 
[1.24417394e-09]
not reaching the requested tolerance 1e-09.
Use iteration 49 instead with accuracy 
1.1261449815569874e-09.

  values, vectors = lobpcg(projected_hamiltonian, guess, largest=False,
/home/erosanow_hpc/informed_swapping/BARK.py:156: UserWarning: Exited postprocessing with accuracies 
[1.126145e-09]
not reaching the requested tolerance 1e-09.
  values, vectors = lobpcg(projected_hamiltonian, guess, largest=False,
/home/erosanow_hpc/informed_swapping/BARK.py:156: UserWarning: Exited at iteration 50 with accuracies 
[1.56647629e-09]
not reaching the requested tolerance 1e-09.
Use iteration 49 instead with accuracy 
1.2748511561120838e-09.

  values, vectors = lobpcg(projected_hamiltonian, guess, largest=False,
/home/erosanow_hpc/informed_swapping/BARK.py:156: UserWarning: Exited postprocessing with accuracies 
[1.27485135e-09]
not reaching the requested tolerance 1e-09.
  values, vectors = lobpcg(projected_hamiltonian, guess, largest=False,
/home/erosanow_hpc/informed_swapping/BARK.py:156: UserWarning: Exited at iteration 50 with accuracies 
[2.04023692e-09]
not reaching the requested tolerance 1e-09.
Use iteration 49 instead with accuracy 
1.6746883933293573e-09.

  values, vectors = lobpcg(projected_hamiltonian, guess, largest=False,
/home/erosanow_hpc/informed_swapping/BARK.py:156: UserWarning: Exited postprocessing with accuracies 
[1.67468834e-09]
not reaching the requested tolerance 1e-09.
  values, vectors = lobpcg(projected_hamiltonian, guess, largest=False,
/home/erosanow_hpc/informed_swapping/BARK.py:156: UserWarning: Exited at iteration 50 with accuracies 
[2.75213955e-09]
not reaching the requested tolerance 1e-09.
Use iteration 48 instead with accuracy 
2.140455836757588e-09.

  values, vectors = lobpcg(projected_hamiltonian, guess, largest=False,
/home/erosanow_hpc/informed_swapping/BARK.py:156: UserWarning: Exited postprocessing with accuracies 
[2.14045562e-09]
not reaching the requested tolerance 1e-09.
  values, vectors = lobpcg(projected_hamiltonian, guess, largest=False,
/home/erosanow_hpc/informed_swapping/BARK.py:156: UserWarning: Exited at iteration 50 with accuracies 
[3.06915307e-09]
not reaching the requested tolerance 1e-09.
Use iteration 48 instead with accuracy 
2.3926813669916063e-09.

  values, vectors = lobpcg(projected_hamiltonian, guess, largest=False,
/home/erosanow_hpc/informed_swapping/BARK.py:156: UserWarning: Exited postprocessing with accuracies 
[2.39268161e-09]
not reaching the requested tolerance 1e-09.
  values, vectors = lobpcg(projected_hamiltonian, guess, largest=False,
/home/erosanow_hpc/informed_swapping/BARK.py:156: UserWarning: Exited at iteration 50 with accuracies 
[5.62567083e-09]
not reaching the requested tolerance 1e-09.
Use iteration 47 instead with accuracy 
5.3820312089278495e-09.

  values, vectors = lobpcg(projected_hamiltonian, guess, largest=False,
/home/erosanow_hpc/informed_swapping/BARK.py:156: UserWarning: Exited postprocessing with accuracies 
[5.38203139e-09]
not reaching the requested tolerance 1e-09.
  values, vectors = lobpcg(projected_hamiltonian, guess, largest=False,
/home/erosanow_hpc/informed_swapping/BARK.py:156: UserWarning: Exited at iteration 50 with accuracies 
[1.89862052e-09]
not reaching the requested tolerance 1e-09.
Use iteration 48 instead with accuracy 
1.4505177405403635e-09.

  values, vectors = lobpcg(projected_hamiltonian, guess, largest=False,
/home/erosanow_hpc/informed_swapping/BARK.py:156: UserWarning: Exited postprocessing with accuracies 
[1.45051772e-09]
not reaching the requested tolerance 1e-09.
  values, vectors = lobpcg(projected_hamiltonian, guess, largest=False,
/home/erosanow_hpc/informed_swapping/BARK.py:156: UserWarning: Exited at iteration 50 with accuracies 
[1.25830686e-09]
not reaching the requested tolerance 1e-09.
Use iteration 50 instead with accuracy 
1.1064637936612857e-09.

  values, vectors = lobpcg(projected_hamiltonian, guess, largest=False,
/home/erosanow_hpc/informed_swapping/BARK.py:156: UserWarning: Exited postprocessing with accuracies 
[1.10646391e-09]
not reaching the requested tolerance 1e-09.
  values, vectors = lobpcg(projected_hamiltonian, guess, largest=False,
/home/erosanow_hpc/informed_swapping/BARK.py:156: UserWarning: Exited at iteration 50 with accuracies 
[2.66596269e-09]
not reaching the requested tolerance 1e-09.
Use iteration 48 instead with accuracy 
1.91317469383237e-09.

  values, vectors = lobpcg(projected_hamiltonian, guess, largest=False,
/home/erosanow_hpc/informed_swapping/BARK.py:156: UserWarning: Exited postprocessing with accuracies 
[1.91317451e-09]
not reaching the requested tolerance 1e-09.
  values, vectors = lobpcg(projected_hamiltonian, guess, largest=False,
/home/erosanow_hpc/informed_swapping/BARK.py:156: UserWarning: Exited at iteration 50 with accuracies 
[2.66769371e-09]
not reaching the requested tolerance 1e-09.
Use iteration 48 instead with accuracy 
1.9225041692881793e-09.

  values, vectors = lobpcg(projected_hamiltonian, guess, largest=False,
/home/erosanow_hpc/informed_swapping/BARK.py:156: UserWarning: Exited postprocessing with accuracies 
[1.92250384e-09]
not reaching the requested tolerance 1e-09.
  values, vectors = lobpcg(projected_hamiltonian, guess, largest=False,
/home/erosanow_hpc/informed_swapping/BARK.py:156: UserWarning: Exited at iteration 50 with accuracies 
[3.15829916e-09]
not reaching the requested tolerance 1e-09.
Use iteration 49 instead with accuracy 
2.4927967935124077e-09.

  values, vectors = lobpcg(projected_hamiltonian, guess, largest=False,
/home/erosanow_hpc/informed_swapping/BARK.py:156: UserWarning: Exited postprocessing with accuracies 
[2.4927966e-09]
not reaching the requested tolerance 1e-09.
  values, vectors = lobpcg(projected_hamiltonian, guess, largest=False,
/home/erosanow_hpc/informed_swapping/BARK.py:156: UserWarning: Exited at iteration 50 with accuracies 
[6.41685204e-09]
not reaching the requested tolerance 1e-09.
Use iteration 47 instead with accuracy 
5.4821130533317135e-09.

  values, vectors = lobpcg(projected_hamiltonian, guess, largest=False,
/home/erosanow_hpc/informed_swapping/BARK.py:156: UserWarning: Exited postprocessing with accuracies 
[5.4821134e-09]
not reaching the requested tolerance 1e-09.
  values, vectors = lobpcg(projected_hamiltonian, guess, largest=False,
/home/erosanow_hpc/informed_swapping/BARK.py:156: UserWarning: Exited at iteration 50 with accuracies 
[1.19815245e-09]
not reaching the requested tolerance 1e-09.
Use iteration 49 instead with accuracy 
1.0916927307665697e-09.

  values, vectors = lobpcg(projected_hamiltonian, guess, largest=False,
/home/erosanow_hpc/informed_swapping/BARK.py:156: UserWarning: Exited postprocessing with accuracies 
[1.09169245e-09]
not reaching the requested tolerance 1e-09.
  values, vectors = lobpcg(projected_hamiltonian, guess, largest=False,
/home/erosanow_hpc/informed_swapping/BARK.py:156: UserWarning: Exited at iteration 50 with accuracies 
[1.74957776e-09]
not reaching the requested tolerance 1e-09.
Use iteration 49 instead with accuracy 
1.4840190989433805e-09.

  values, vectors = lobpcg(projected_hamiltonian, guess, largest=False,
/home/erosanow_hpc/informed_swapping/BARK.py:156: UserWarning: Exited postprocessing with accuracies 
[1.48401916e-09]
not reaching the requested tolerance 1e-09.
  values, vectors = lobpcg(projected_hamiltonian, guess, largest=False,
/home/erosanow_hpc/informed_swapping/BARK.py:156: UserWarning: Exited at iteration 50 with accuracies 
[2.9441053e-09]
not reaching the requested tolerance 1e-09.
Use iteration 48 instead with accuracy 
2.531713943184772e-09.

  values, vectors = lobpcg(projected_hamiltonian, guess, largest=False,
/home/erosanow_hpc/informed_swapping/BARK.py:156: UserWarning: Exited postprocessing with accuracies 
[2.53171406e-09]
not reaching the requested tolerance 1e-09.
  values, vectors = lobpcg(projected_hamiltonian, guess, largest=False,
/home/erosanow_hpc/informed_swapping/BARK.py:156: UserWarning: Exited at iteration 50 with accuracies 
[1.56647486e-09]
not reaching the requested tolerance 1e-09.
Use iteration 49 instead with accuracy 
1.2748491270447722e-09.

  values, vectors = lobpcg(projected_hamiltonian, guess, largest=False,
/home/erosanow_hpc/informed_swapping/BARK.py:156: UserWarning: Exited postprocessing with accuracies 
[1.2748491e-09]
not reaching the requested tolerance 1e-09.
  values, vectors = lobpcg(projected_hamiltonian, guess, largest=False,
/home/erosanow_hpc/informed_swapping/BARK.py:156: UserWarning: Exited at iteration 50 with accuracies 
[2.0402319e-09]
not reaching the requested tolerance 1e-09.
Use iteration 49 instead with accuracy 
1.674688657403115e-09.

  values, vectors = lobpcg(projected_hamiltonian, guess, largest=False,
/home/erosanow_hpc/informed_swapping/BARK.py:156: UserWarning: Exited postprocessing with accuracies 
[1.67468844e-09]
not reaching the requested tolerance 1e-09.
  values, vectors = lobpcg(projected_hamiltonian, guess, largest=False,
/home/erosanow_hpc/informed_swapping/BARK.py:156: UserWarning: Exited at iteration 50 with accuracies 
[2.75213928e-09]
not reaching the requested tolerance 1e-09.
Use iteration 48 instead with accuracy 
2.1404565182996005e-09.

  values, vectors = lobpcg(projected_hamiltonian, guess, largest=False,
/home/erosanow_hpc/informed_swapping/BARK.py:156: UserWarning: Exited postprocessing with accuracies 
[2.14045642e-09]
not reaching the requested tolerance 1e-09.
  values, vectors = lobpcg(projected_hamiltonian, guess, largest=False,
/home/erosanow_hpc/informed_swapping/BARK.py:156: UserWarning: Exited at iteration 50 with accuracies 
[3.06916245e-09]
not reaching the requested tolerance 1e-09.
Use iteration 48 instead with accuracy 
2.392677214668045e-09.

  values, vectors = lobpcg(projected_hamiltonian, guess, largest=False,
/home/erosanow_hpc/informed_swapping/BARK.py:156: UserWarning: Exited postprocessing with accuracies 
[2.39267727e-09]
not reaching the requested tolerance 1e-09.
  values, vectors = lobpcg(projected_hamiltonian, guess, largest=False,
/home/erosanow_hpc/informed_swapping/BARK.py:156: UserWarning: Exited at iteration 50 with accuracies 
[5.62565891e-09]
not reaching the requested tolerance 1e-09.
Use iteration 47 instead with accuracy 
5.3820333554927106e-09.

  values, vectors = lobpcg(projected_hamiltonian, guess, largest=False,
/home/erosanow_hpc/informed_swapping/BARK.py:156: UserWarning: Exited postprocessing with accuracies 
[5.38203365e-09]
not reaching the requested tolerance 1e-09.
  values, vectors = lobpcg(projected_hamiltonian, guess, largest=False,
/home/erosanow_hpc/informed_swapping/BARK.py:156: UserWarning: Exited at iteration 50 with accuracies 
[1.89860485e-09]
not reaching the requested tolerance 1e-09.
Use iteration 48 instead with accuracy 
1.450516024496638e-09.

  values, vectors = lobpcg(projected_hamiltonian, guess, largest=False,
/home/erosanow_hpc/informed_swapping/BARK.py:156: UserWarning: Exited postprocessing with accuracies 
[1.45051599e-09]
not reaching the requested tolerance 1e-09.
  values, vectors = lobpcg(projected_hamiltonian, guess, largest=False,
/home/erosanow_hpc/informed_swapping/BARK.py:156: UserWarning: Exited at iteration 50 with accuracies 
[1.25830835e-09]
not reaching the requested tolerance 1e-09.
Use iteration 50 instead with accuracy 
1.106466468514919e-09.

  values, vectors = lobpcg(projected_hamiltonian, guess, largest=False,
/home/erosanow_hpc/informed_swapping/BARK.py:156: UserWarning: Exited postprocessing with accuracies 
[1.10646647e-09]
not reaching the requested tolerance 1e-09.
  values, vectors = lobpcg(projected_hamiltonian, guess, largest=False,
/home/erosanow_hpc/informed_swapping/BARK.py:156: UserWarning: Exited at iteration 50 with accuracies 
[2.6659675e-09]
not reaching the requested tolerance 1e-09.
Use iteration 48 instead with accuracy 
1.9131803431505557e-09.

  values, vectors = lobpcg(projected_hamiltonian, guess, largest=False,
/home/erosanow_hpc/informed_swapping/BARK.py:156: UserWarning: Exited postprocessing with accuracies 
[1.9131805e-09]
not reaching the requested tolerance 1e-09.
  values, vectors = lobpcg(projected_hamiltonian, guess, largest=False,
/home/erosanow_hpc/informed_swapping/BARK.py:156: UserWarning: Exited at iteration 50 with accuracies 
[2.66769331e-09]
not reaching the requested tolerance 1e-09.
Use iteration 48 instead with accuracy 
1.9225051241538996e-09.

  values, vectors = lobpcg(projected_hamiltonian, guess, largest=False,
/home/erosanow_hpc/informed_swapping/BARK.py:156: UserWarning: Exited postprocessing with accuracies 
[1.92250499e-09]
not reaching the requested tolerance 1e-09.
  values, vectors = lobpcg(projected_hamiltonian, guess, largest=False,
/home/erosanow_hpc/informed_swapping/BARK.py:156: UserWarning: Exited at iteration 50 with accuracies 
[3.15829548e-09]
not reaching the requested tolerance 1e-09.
Use iteration 49 instead with accuracy 
2.4928028265289933e-09.

  values, vectors = lobpcg(projected_hamiltonian, guess, largest=False,
/home/erosanow_hpc/informed_swapping/BARK.py:156: UserWarning: Exited postprocessing with accuracies 
[2.49280241e-09]
not reaching the requested tolerance 1e-09.
  values, vectors = lobpcg(projected_hamiltonian, guess, largest=False,
/home/erosanow_hpc/informed_swapping/BARK.py:156: UserWarning: Exited at iteration 50 with accuracies 
[6.41686405e-09]
not reaching the requested tolerance 1e-09.
Use iteration 47 instead with accuracy 
5.482115938808785e-09.

  values, vectors = lobpcg(projected_hamiltonian, guess, largest=False,
/home/erosanow_hpc/informed_swapping/BARK.py:156: UserWarning: Exited postprocessing with accuracies 
[5.48211601e-09]
not reaching the requested tolerance 1e-09.
  values, vectors = lobpcg(projected_hamiltonian, guess, largest=False,
/home/erosanow_hpc/informed_swapping/BARK.py:156: UserWarning: Exited at iteration 50 with accuracies 
[1.19815295e-09]
not reaching the requested tolerance 1e-09.
Use iteration 49 instead with accuracy 
1.0916962957954589e-09.

  values, vectors = lobpcg(projected_hamiltonian, guess, largest=False,
/home/erosanow_hpc/informed_swapping/BARK.py:156: UserWarning: Exited postprocessing with accuracies 
[1.0916962e-09]
not reaching the requested tolerance 1e-09.
  values, vectors = lobpcg(projected_hamiltonian, guess, largest=False,
/home/erosanow_hpc/informed_swapping/BARK.py:156: UserWarning: Exited at iteration 50 with accuracies 
[1.74957288e-09]
not reaching the requested tolerance 1e-09.
Use iteration 49 instead with accuracy 
1.484017902119342e-09.

  values, vectors = lobpcg(projected_hamiltonian, guess, largest=False,
/home/erosanow_hpc/informed_swapping/BARK.py:156: UserWarning: Exited postprocessing with accuracies 
[1.48401825e-09]
not reaching the requested tolerance 1e-09.
  values, vectors = lobpcg(projected_hamiltonian, guess, largest=False,
/home/erosanow_hpc/informed_swapping/BARK.py:156: UserWarning: Exited at iteration 50 with accuracies 
[2.94411364e-09]
not reaching the requested tolerance 1e-09.
Use iteration 48 instead with accuracy 
2.531714695388692e-09.

  values, vectors = lobpcg(projected_hamiltonian, guess, largest=False,
/home/erosanow_hpc/informed_swapping/BARK.py:156: UserWarning: Exited postprocessing with accuracies 
[2.5317145e-09]
not reaching the requested tolerance 1e-09.
  values, vectors = lobpcg(projected_hamiltonian, guess, largest=False,
/home/erosanow_hpc/informed_swapping/BARK.py:156: UserWarning: Exited at iteration 50 with accuracies 
[1.2947841e-09]
not reaching the requested tolerance 1e-09.
Use iteration 49 instead with accuracy 
1.0468540032799126e-09.

  values, vectors = lobpcg(projected_hamiltonian, guess, largest=False,
/home/erosanow_hpc/informed_swapping/BARK.py:156: UserWarning: Exited postprocessing with accuracies 
[1.04685373e-09]
not reaching the requested tolerance 1e-09.
  values, vectors = lobpcg(projected_hamiltonian, guess, largest=False,
/home/erosanow_hpc/informed_swapping/BARK.py:156: UserWarning: Exited at iteration 50 with accuracies 
[3.6838683e-09]
not reaching the requested tolerance 1e-09.
Use iteration 48 instead with accuracy 
2.7856539917933176e-09.

  values, vectors = lobpcg(projected_hamiltonian, guess, largest=False,
/home/erosanow_hpc/informed_swapping/BARK.py:156: UserWarning: Exited postprocessing with accuracies 
[2.78565394e-09]
not reaching the requested tolerance 1e-09.
  values, vectors = lobpcg(projected_hamiltonian, guess, largest=False,
/home/erosanow_hpc/informed_swapping/BARK.py:156: UserWarning: Exited at iteration 50 with accuracies 
[1.58680612e-09]
not reaching the requested tolerance 1e-09.
Use iteration 48 instead with accuracy 
1.4126061873991212e-09.

  values, vectors = lobpcg(projected_hamiltonian, guess, largest=False,
/home/erosanow_hpc/informed_swapping/BARK.py:156: UserWarning: Exited postprocessing with accuracies 
[1.41260625e-09]
not reaching the requested tolerance 1e-09.
  values, vectors = lobpcg(projected_hamiltonian, guess, largest=False,
/home/erosanow_hpc/informed_swapping/BARK.py:156: UserWarning: Exited at iteration 50 with accuracies 
[1.61265104e-09]
not reaching the requested tolerance 1e-09.
Use iteration 48 instead with accuracy 
1.4580967109213574e-09.

  values, vectors = lobpcg(projected_hamiltonian, guess, largest=False,
/home/erosanow_hpc/informed_swapping/BARK.py:156: UserWarning: Exited postprocessing with accuracies 
[1.4580967e-09]
not reaching the requested tolerance 1e-09.
  values, vectors = lobpcg(projected_hamiltonian, guess, largest=False,
/home/erosanow_hpc/informed_swapping/BARK.py:156: UserWarning: Exited at iteration 50 with accuracies 
[2.59794851e-09]
not reaching the requested tolerance 1e-09.
Use iteration 47 instead with accuracy 
2.325975741036899e-09.

  values, vectors = lobpcg(projected_hamiltonian, guess, largest=False,
/home/erosanow_hpc/informed_swapping/BARK.py:156: UserWarning: Exited postprocessing with accuracies 
[2.3259757e-09]
not reaching the requested tolerance 1e-09.
  values, vectors = lobpcg(projected_hamiltonian, guess, largest=False,
/home/erosanow_hpc/informed_swapping/BARK.py:156: UserWarning: Exited at iteration 50 with accuracies 
[2.14710826e-09]
not reaching the requested tolerance 1e-09.
Use iteration 49 instead with accuracy 
1.8097248836792709e-09.

  values, vectors = lobpcg(projected_hamiltonian, guess, largest=False,
/home/erosanow_hpc/informed_swapping/BARK.py:156: UserWarning: Exited postprocessing with accuracies 
[1.80972489e-09]
not reaching the requested tolerance 1e-09.
  values, vectors = lobpcg(projected_hamiltonian, guess, largest=False,
/home/erosanow_hpc/informed_swapping/BARK.py:156: UserWarning: Exited at iteration 50 with accuracies 
[3.30816228e-09]
not reaching the requested tolerance 1e-09.
Use iteration 48 instead with accuracy 
2.757112570874669e-09.

  values, vectors = lobpcg(projected_hamiltonian, guess, largest=False,
/home/erosanow_hpc/informed_swapping/BARK.py:156: UserWarning: Exited postprocessing with accuracies 
[2.75711251e-09]
not reaching the requested tolerance 1e-09.
  values, vectors = lobpcg(projected_hamiltonian, guess, largest=False,
/home/erosanow_hpc/informed_swapping/BARK.py:156: UserWarning: Exited at iteration 50 with accuracies 
[5.06019768e-09]
not reaching the requested tolerance 1e-09.
Use iteration 47 instead with accuracy 
4.492043030725774e-09.

  values, vectors = lobpcg(projected_hamiltonian, guess, largest=False,
/home/erosanow_hpc/informed_swapping/BARK.py:156: UserWarning: Exited postprocessing with accuracies 
[4.49204283e-09]
not reaching the requested tolerance 1e-09.
  values, vectors = lobpcg(projected_hamiltonian, guess, largest=False,
/home/erosanow_hpc/informed_swapping/BARK.py:156: UserWarning: Exited at iteration 50 with accuracies 
[1.94365126e-09]
not reaching the requested tolerance 1e-09.
Use iteration 49 instead with accuracy 
1.5164491668710041e-09.

  values, vectors = lobpcg(projected_hamiltonian, guess, largest=False,
/home/erosanow_hpc/informed_swapping/BARK.py:156: UserWarning: Exited postprocessing with accuracies 
[1.51644918e-09]
not reaching the requested tolerance 1e-09.
  values, vectors = lobpcg(projected_hamiltonian, guess, largest=False,
/home/erosanow_hpc/informed_swapping/BARK.py:156: UserWarning: Exited at iteration 50 with accuracies 
[4.80903759e-09]
not reaching the requested tolerance 1e-09.
Use iteration 48 instead with accuracy 
3.867127284035675e-09.

  values, vectors = lobpcg(projected_hamiltonian, guess, largest=False,
/home/erosanow_hpc/informed_swapping/BARK.py:156: UserWarning: Exited postprocessing with accuracies 
[3.86712723e-09]
not reaching the requested tolerance 1e-09.
  values, vectors = lobpcg(projected_hamiltonian, guess, largest=False,
/home/erosanow_hpc/informed_swapping/BARK.py:156: UserWarning: Exited at iteration 50 with accuracies 
[1.29477435e-09]
not reaching the requested tolerance 1e-09.
Use iteration 49 instead with accuracy 
1.0468589627660915e-09.

  values, vectors = lobpcg(projected_hamiltonian, guess, largest=False,
/home/erosanow_hpc/informed_swapping/BARK.py:156: UserWarning: Exited postprocessing with accuracies 
[1.04685885e-09]
not reaching the requested tolerance 1e-09.
  values, vectors = lobpcg(projected_hamiltonian, guess, largest=False,
/home/erosanow_hpc/informed_swapping/BARK.py:156: UserWarning: Exited at iteration 50 with accuracies 
[3.68386629e-09]
not reaching the requested tolerance 1e-09.
Use iteration 48 instead with accuracy 
2.7856530671852777e-09.

  values, vectors = lobpcg(projected_hamiltonian, guess, largest=False,
/home/erosanow_hpc/informed_swapping/BARK.py:156: UserWarning: Exited postprocessing with accuracies 
[2.78565307e-09]
not reaching the requested tolerance 1e-09.
  values, vectors = lobpcg(projected_hamiltonian, guess, largest=False,
/home/erosanow_hpc/informed_swapping/BARK.py:156: UserWarning: Exited at iteration 50 with accuracies 
[1.58681032e-09]
not reaching the requested tolerance 1e-09.
Use iteration 48 instead with accuracy 
1.4126034000208937e-09.

  values, vectors = lobpcg(projected_hamiltonian, guess, largest=False,
/home/erosanow_hpc/informed_swapping/BARK.py:156: UserWarning: Exited postprocessing with accuracies 
[1.41260333e-09]
not reaching the requested tolerance 1e-09.
  values, vectors = lobpcg(projected_hamiltonian, guess, largest=False,
/home/erosanow_hpc/informed_swapping/BARK.py:156: UserWarning: Exited at iteration 50 with accuracies 
[1.61264765e-09]
not reaching the requested tolerance 1e-09.
Use iteration 48 instead with accuracy 
1.4580943325136856e-09.

  values, vectors = lobpcg(projected_hamiltonian, guess, largest=False,
/home/erosanow_hpc/informed_swapping/BARK.py:156: UserWarning: Exited postprocessing with accuracies 
[1.45809417e-09]
not reaching the requested tolerance 1e-09.
  values, vectors = lobpcg(projected_hamiltonian, guess, largest=False,
/home/erosanow_hpc/informed_swapping/BARK.py:156: UserWarning: Exited at iteration 50 with accuracies 
[2.59793603e-09]
not reaching the requested tolerance 1e-09.
Use iteration 47 instead with accuracy 
2.3259743311485192e-09.

  values, vectors = lobpcg(projected_hamiltonian, guess, largest=False,
/home/erosanow_hpc/informed_swapping/BARK.py:156: UserWarning: Exited postprocessing with accuracies 
[2.32597417e-09]
not reaching the requested tolerance 1e-09.
  values, vectors = lobpcg(projected_hamiltonian, guess, largest=False,
/home/erosanow_hpc/informed_swapping/BARK.py:156: UserWarning: Exited at iteration 50 with accuracies 
[2.14709911e-09]
not reaching the requested tolerance 1e-09.
Use iteration 49 instead with accuracy 
1.809728268590284e-09.

  values, vectors = lobpcg(projected_hamiltonian, guess, largest=False,
/home/erosanow_hpc/informed_swapping/BARK.py:156: UserWarning: Exited postprocessing with accuracies 
[1.80972829e-09]
not reaching the requested tolerance 1e-09.
  values, vectors = lobpcg(projected_hamiltonian, guess, largest=False,
/home/erosanow_hpc/informed_swapping/BARK.py:156: UserWarning: Exited at iteration 50 with accuracies 
[3.30816072e-09]
not reaching the requested tolerance 1e-09.
Use iteration 48 instead with accuracy 
2.7571112021568335e-09.

  values, vectors = lobpcg(projected_hamiltonian, guess, largest=False,
/home/erosanow_hpc/informed_swapping/BARK.py:156: UserWarning: Exited postprocessing with accuracies 
[2.75711108e-09]
not reaching the requested tolerance 1e-09.
  values, vectors = lobpcg(projected_hamiltonian, guess, largest=False,
/home/erosanow_hpc/informed_swapping/BARK.py:156: UserWarning: Exited at iteration 50 with accuracies 
[5.06020043e-09]
not reaching the requested tolerance 1e-09.
Use iteration 47 instead with accuracy 
4.492044363103145e-09.

  values, vectors = lobpcg(projected_hamiltonian, guess, largest=False,
/home/erosanow_hpc/informed_swapping/BARK.py:156: UserWarning: Exited postprocessing with accuracies 
[4.49204425e-09]
not reaching the requested tolerance 1e-09.
  values, vectors = lobpcg(projected_hamiltonian, guess, largest=False,
/home/erosanow_hpc/informed_swapping/BARK.py:156: UserWarning: Exited at iteration 50 with accuracies 
[1.94365215e-09]
not reaching the requested tolerance 1e-09.
Use iteration 49 instead with accuracy 
1.516454689993033e-09.

  values, vectors = lobpcg(projected_hamiltonian, guess, largest=False,
/home/erosanow_hpc/informed_swapping/BARK.py:156: UserWarning: Exited postprocessing with accuracies 
[1.51645469e-09]
not reaching the requested tolerance 1e-09.
  values, vectors = lobpcg(projected_hamiltonian, guess, largest=False,
/home/erosanow_hpc/informed_swapping/BARK.py:156: UserWarning: Exited at iteration 50 with accuracies 
[4.80903481e-09]
not reaching the requested tolerance 1e-09.
Use iteration 48 instead with accuracy 
3.867129092560455e-09.

  values, vectors = lobpcg(projected_hamiltonian, guess, largest=False,
/home/erosanow_hpc/informed_swapping/BARK.py:156: UserWarning: Exited postprocessing with accuracies 
[3.86712912e-09]
not reaching the requested tolerance 1e-09.
  values, vectors = lobpcg(projected_hamiltonian, guess, largest=False,
/home/erosanow_hpc/informed_swapping/BARK.py:156: UserWarning: Exited at iteration 50 with accuracies 
[1.38825821e-09]
not reaching the requested tolerance 1e-09.
Use iteration 49 instead with accuracy 
1.2351193044301804e-09.

  values, vectors = lobpcg(projected_hamiltonian, guess, largest=False,
/home/erosanow_hpc/informed_swapping/BARK.py:156: UserWarning: Exited postprocessing with accuracies 
[1.23511922e-09]
not reaching the requested tolerance 1e-09.
  values, vectors = lobpcg(projected_hamiltonian, guess, largest=False,
/home/erosanow_hpc/informed_swapping/BARK.py:156: UserWarning: Exited at iteration 50 with accuracies 
[3.10524001e-09]
not reaching the requested tolerance 1e-09.
Use iteration 48 instead with accuracy 
2.5745796587625557e-09.

  values, vectors = lobpcg(projected_hamiltonian, guess, largest=False,
/home/erosanow_hpc/informed_swapping/BARK.py:156: UserWarning: Exited postprocessing with accuracies 
[2.5745796e-09]
not reaching the requested tolerance 1e-09.
  values, vectors = lobpcg(projected_hamiltonian, guess, largest=False,
/home/erosanow_hpc/informed_swapping/BARK.py:156: UserWarning: Exited at iteration 50 with accuracies 
[2.33190547e-09]
not reaching the requested tolerance 1e-09.
Use iteration 49 instead with accuracy 
1.9279012975081154e-09.

  values, vectors = lobpcg(projected_hamiltonian, guess, largest=False,
/home/erosanow_hpc/informed_swapping/BARK.py:156: UserWarning: Exited postprocessing with accuracies 
[1.92790123e-09]
not reaching the requested tolerance 1e-09.
  values, vectors = lobpcg(projected_hamiltonian, guess, largest=False,
/home/erosanow_hpc/informed_swapping/BARK.py:156: UserWarning: Exited at iteration 50 with accuracies 
[2.06023542e-09]
not reaching the requested tolerance 1e-09.
Use iteration 48 instead with accuracy 
1.5983855847329193e-09.

  values, vectors = lobpcg(projected_hamiltonian, guess, largest=False,
/home/erosanow_hpc/informed_swapping/BARK.py:156: UserWarning: Exited postprocessing with accuracies 
[1.5983857e-09]
not reaching the requested tolerance 1e-09.
  values, vectors = lobpcg(projected_hamiltonian, guess, largest=False,
/home/erosanow_hpc/informed_swapping/BARK.py:156: UserWarning: Exited at iteration 50 with accuracies 
[2.94859883e-09]
not reaching the requested tolerance 1e-09.
Use iteration 48 instead with accuracy 
2.211786010220519e-09.

  values, vectors = lobpcg(projected_hamiltonian, guess, largest=False,
/home/erosanow_hpc/informed_swapping/BARK.py:156: UserWarning: Exited postprocessing with accuracies 
[2.21178586e-09]
not reaching the requested tolerance 1e-09.
  values, vectors = lobpcg(projected_hamiltonian, guess, largest=False,
/home/erosanow_hpc/informed_swapping/BARK.py:156: UserWarning: Exited at iteration 50 with accuracies 
[5.82101381e-09]
not reaching the requested tolerance 1e-09.
Use iteration 47 instead with accuracy 
4.931041010379911e-09.

  values, vectors = lobpcg(projected_hamiltonian, guess, largest=False,
/home/erosanow_hpc/informed_swapping/BARK.py:156: UserWarning: Exited postprocessing with accuracies 
[4.93104079e-09]
not reaching the requested tolerance 1e-09.
  values, vectors = lobpcg(projected_hamiltonian, guess, largest=False,
/home/erosanow_hpc/informed_swapping/BARK.py:156: UserWarning: Exited at iteration 50 with accuracies 
[2.63841138e-09]
not reaching the requested tolerance 1e-09.
Use iteration 48 instead with accuracy 
2.0036376924792085e-09.

  values, vectors = lobpcg(projected_hamiltonian, guess, largest=False,
/home/erosanow_hpc/informed_swapping/BARK.py:156: UserWarning: Exited postprocessing with accuracies 
[2.00363784e-09]
not reaching the requested tolerance 1e-09.
  values, vectors = lobpcg(projected_hamiltonian, guess, largest=False,
/home/erosanow_hpc/informed_swapping/BARK.py:156: UserWarning: Exited at iteration 50 with accuracies 
[2.2654227e-09]
not reaching the requested tolerance 1e-09.
Use iteration 48 instead with accuracy 
1.6986335038374627e-09.

  values, vectors = lobpcg(projected_hamiltonian, guess, largest=False,
/home/erosanow_hpc/informed_swapping/BARK.py:156: UserWarning: Exited postprocessing with accuracies 
[1.69863356e-09]
not reaching the requested tolerance 1e-09.
  values, vectors = lobpcg(projected_hamiltonian, guess, largest=False,
/home/erosanow_hpc/informed_swapping/BARK.py:156: UserWarning: Exited at iteration 50 with accuracies 
[1.38826181e-09]
not reaching the requested tolerance 1e-09.
Use iteration 49 instead with accuracy 
1.2351217642882699e-09.

  values, vectors = lobpcg(projected_hamiltonian, guess, largest=False,
/home/erosanow_hpc/informed_swapping/BARK.py:156: UserWarning: Exited postprocessing with accuracies 
[1.23512165e-09]
not reaching the requested tolerance 1e-09.
  values, vectors = lobpcg(projected_hamiltonian, guess, largest=False,
/home/erosanow_hpc/informed_swapping/BARK.py:156: UserWarning: Exited at iteration 50 with accuracies 
[3.10523007e-09]
not reaching the requested tolerance 1e-09.
Use iteration 48 instead with accuracy 
2.574574975492785e-09.

  values, vectors = lobpcg(projected_hamiltonian, guess, largest=False,
/home/erosanow_hpc/informed_swapping/BARK.py:156: UserWarning: Exited postprocessing with accuracies 
[2.57457506e-09]
not reaching the requested tolerance 1e-09.
  values, vectors = lobpcg(projected_hamiltonian, guess, largest=False,
/home/erosanow_hpc/informed_swapping/BARK.py:156: UserWarning: Exited at iteration 50 with accuracies 
[2.33188972e-09]
not reaching the requested tolerance 1e-09.
Use iteration 49 instead with accuracy 
1.927899087284118e-09.

  values, vectors = lobpcg(projected_hamiltonian, guess, largest=False,
/home/erosanow_hpc/informed_swapping/BARK.py:156: UserWarning: Exited postprocessing with accuracies 
[1.9278992e-09]
not reaching the requested tolerance 1e-09.
  values, vectors = lobpcg(projected_hamiltonian, guess, largest=False,
/home/erosanow_hpc/informed_swapping/BARK.py:156: UserWarning: Exited at iteration 50 with accuracies 
[2.06023872e-09]
not reaching the requested tolerance 1e-09.
Use iteration 48 instead with accuracy 
1.598388315846778e-09.

  values, vectors = lobpcg(projected_hamiltonian, guess, largest=False,
/home/erosanow_hpc/informed_swapping/BARK.py:156: UserWarning: Exited postprocessing with accuracies 
[1.59838837e-09]
not reaching the requested tolerance 1e-09.
  values, vectors = lobpcg(projected_hamiltonian, guess, largest=False,
/home/erosanow_hpc/informed_swapping/BARK.py:156: UserWarning: Exited at iteration 50 with accuracies 
[2.94860641e-09]
not reaching the requested tolerance 1e-09.
Use iteration 48 instead with accuracy 
2.211787989567029e-09.

  values, vectors = lobpcg(projected_hamiltonian, guess, largest=False,
/home/erosanow_hpc/informed_swapping/BARK.py:156: UserWarning: Exited postprocessing with accuracies 
[2.21178787e-09]
not reaching the requested tolerance 1e-09.
  values, vectors = lobpcg(projected_hamiltonian, guess, largest=False,
/home/erosanow_hpc/informed_swapping/BARK.py:156: UserWarning: Exited at iteration 50 with accuracies 
[5.82100644e-09]
not reaching the requested tolerance 1e-09.
Use iteration 47 instead with accuracy 
4.931041905759457e-09.

  values, vectors = lobpcg(projected_hamiltonian, guess, largest=False,
/home/erosanow_hpc/informed_swapping/BARK.py:156: UserWarning: Exited postprocessing with accuracies 
[4.93104187e-09]
not reaching the requested tolerance 1e-09.
  values, vectors = lobpcg(projected_hamiltonian, guess, largest=False,
/home/erosanow_hpc/informed_swapping/BARK.py:156: UserWarning: Exited at iteration 50 with accuracies 
[2.63840838e-09]
not reaching the requested tolerance 1e-09.
Use iteration 48 instead with accuracy 
2.00363644023896e-09.

  values, vectors = lobpcg(projected_hamiltonian, guess, largest=False,
/home/erosanow_hpc/informed_swapping/BARK.py:156: UserWarning: Exited postprocessing with accuracies 
[2.00363658e-09]
not reaching the requested tolerance 1e-09.
  values, vectors = lobpcg(projected_hamiltonian, guess, largest=False,
/home/erosanow_hpc/informed_swapping/BARK.py:156: UserWarning: Exited at iteration 50 with accuracies 
[2.26543445e-09]
not reaching the requested tolerance 1e-09.
Use iteration 48 instead with accuracy 
1.698634645541775e-09.

  values, vectors = lobpcg(projected_hamiltonian, guess, largest=False,
/home/erosanow_hpc/informed_swapping/BARK.py:156: UserWarning: Exited postprocessing with accuracies 
[1.69863455e-09]
not reaching the requested tolerance 1e-09.
  values, vectors = lobpcg(projected_hamiltonian, guess, largest=False,
/home/erosanow_hpc/informed_swapping/BARK.py:156: UserWarning: Exited at iteration 50 with accuracies 
[1.13557719e-09]
not reaching the requested tolerance 1e-09.
Use iteration 50 instead with accuracy 
1.0481713954564019e-09.

  values, vectors = lobpcg(projected_hamiltonian, guess, largest=False,
/home/erosanow_hpc/informed_swapping/BARK.py:156: UserWarning: Exited postprocessing with accuracies 
[1.04817126e-09]
not reaching the requested tolerance 1e-09.
  values, vectors = lobpcg(projected_hamiltonian, guess, largest=False,
/home/erosanow_hpc/informed_swapping/BARK.py:156: UserWarning: Exited at iteration 50 with accuracies 
[1.98913627e-09]
not reaching the requested tolerance 1e-09.
Use iteration 48 instead with accuracy 
1.7845700225727346e-09.

  values, vectors = lobpcg(projected_hamiltonian, guess, largest=False,
/home/erosanow_hpc/informed_swapping/BARK.py:156: UserWarning: Exited postprocessing with accuracies 
[1.7845698e-09]
not reaching the requested tolerance 1e-09.
  values, vectors = lobpcg(projected_hamiltonian, guess, largest=False,
/home/erosanow_hpc/informed_swapping/BARK.py:156: UserWarning: Exited at iteration 50 with accuracies 
[1.32095581e-09]
not reaching the requested tolerance 1e-09.
Use iteration 49 instead with accuracy 
1.2350331968198462e-09.

  values, vectors = lobpcg(projected_hamiltonian, guess, largest=False,
/home/erosanow_hpc/informed_swapping/BARK.py:156: UserWarning: Exited postprocessing with accuracies 
[1.23503303e-09]
not reaching the requested tolerance 1e-09.
  values, vectors = lobpcg(projected_hamiltonian, guess, largest=False,
/home/erosanow_hpc/informed_swapping/BARK.py:156: UserWarning: Exited at iteration 50 with accuracies 
[3.88481773e-09]
not reaching the requested tolerance 1e-09.
Use iteration 48 instead with accuracy 
3.4269212646732535e-09.

  values, vectors = lobpcg(projected_hamiltonian, guess, largest=False,
/home/erosanow_hpc/informed_swapping/BARK.py:156: UserWarning: Exited postprocessing with accuracies 
[3.42692117e-09]
not reaching the requested tolerance 1e-09.
  values, vectors = lobpcg(projected_hamiltonian, guess, largest=False,
/home/erosanow_hpc/informed_swapping/BARK.py:156: UserWarning: Exited at iteration 50 with accuracies 
[1.33231687e-09]
not reaching the requested tolerance 1e-09.
Use iteration 49 instead with accuracy 
1.0503698129364855e-09.

  values, vectors = lobpcg(projected_hamiltonian, guess, largest=False,
/home/erosanow_hpc/informed_swapping/BARK.py:156: UserWarning: Exited postprocessing with accuracies 
[1.05036993e-09]
not reaching the requested tolerance 1e-09.
  values, vectors = lobpcg(projected_hamiltonian, guess, largest=False,
/home/erosanow_hpc/informed_swapping/BARK.py:156: UserWarning: Exited at iteration 50 with accuracies 
[2.27848776e-09]
not reaching the requested tolerance 1e-09.
Use iteration 48 instead with accuracy 
1.6848964711292745e-09.

  values, vectors = lobpcg(projected_hamiltonian, guess, largest=False,
/home/erosanow_hpc/informed_swapping/BARK.py:156: UserWarning: Exited postprocessing with accuracies 
[1.68489612e-09]
not reaching the requested tolerance 1e-09.
  values, vectors = lobpcg(projected_hamiltonian, guess, largest=False,
/home/erosanow_hpc/informed_swapping/BARK.py:156: UserWarning: Exited at iteration 50 with accuracies 
[1.42075947e-09]
not reaching the requested tolerance 1e-09.
Use iteration 49 instead with accuracy 
1.1767078335601167e-09.

  values, vectors = lobpcg(projected_hamiltonian, guess, largest=False,
/home/erosanow_hpc/informed_swapping/BARK.py:156: UserWarning: Exited postprocessing with accuracies 
[1.17670763e-09]
not reaching the requested tolerance 1e-09.
  values, vectors = lobpcg(projected_hamiltonian, guess, largest=False,
/home/erosanow_hpc/informed_swapping/BARK.py:156: UserWarning: Exited at iteration 50 with accuracies 
[1.55278729e-09]
not reaching the requested tolerance 1e-09.
Use iteration 49 instead with accuracy 
1.2947138551782341e-09.

  values, vectors = lobpcg(projected_hamiltonian, guess, largest=False,
/home/erosanow_hpc/informed_swapping/BARK.py:156: UserWarning: Exited postprocessing with accuracies 
[1.29471389e-09]
not reaching the requested tolerance 1e-09.
  values, vectors = lobpcg(projected_hamiltonian, guess, largest=False,
/home/erosanow_hpc/informed_swapping/BARK.py:156: UserWarning: Exited at iteration 50 with accuracies 
[4.0113244e-09]
not reaching the requested tolerance 1e-09.
Use iteration 47 instead with accuracy 
3.2434949239483075e-09.

  values, vectors = lobpcg(projected_hamiltonian, guess, largest=False,
/home/erosanow_hpc/informed_swapping/BARK.py:156: UserWarning: Exited postprocessing with accuracies 
[3.24349499e-09]
not reaching the requested tolerance 1e-09.
  values, vectors = lobpcg(projected_hamiltonian, guess, largest=False,
/home/erosanow_hpc/informed_swapping/BARK.py:156: UserWarning: Exited at iteration 50 with accuracies 
[4.13976948e-09]
not reaching the requested tolerance 1e-09.
Use iteration 48 instead with accuracy 
3.2854940933789317e-09.

  values, vectors = lobpcg(projected_hamiltonian, guess, largest=False,
/home/erosanow_hpc/informed_swapping/BARK.py:156: UserWarning: Exited postprocessing with accuracies 
[3.28549431e-09]
not reaching the requested tolerance 1e-09.
  values, vectors = lobpcg(projected_hamiltonian, guess, largest=False,
/home/erosanow_hpc/informed_swapping/BARK.py:156: UserWarning: Exited at iteration 50 with accuracies 
[7.64613268e-09]
not reaching the requested tolerance 1e-09.
Use iteration 47 instead with accuracy 
6.977139380516975e-09.

  values, vectors = lobpcg(projected_hamiltonian, guess, largest=False,
/home/erosanow_hpc/informed_swapping/BARK.py:156: UserWarning: Exited postprocessing with accuracies 
[6.9771393e-09]
not reaching the requested tolerance 1e-09.
  values, vectors = lobpcg(projected_hamiltonian, guess, largest=False,
