/home/erosanow_hpc/informed_swapping/BARK.py:361: ComplexWarning: Casting complex values to real discards the imaginary part
  alpha, beta = float(alpha[0]), float(beta[0])
/home/erosanow_hpc/informed_swapping/BARK.py:163: UserWarning: Exited at iteration 50 with accuracies 
[3.29877576e-09]
not reaching the requested tolerance 1e-09.
Use iteration 51 instead with accuracy 
3.2987757579841023e-09.

  values, vectors = lobpcg(projected_hamiltonian, guess, largest=False,
/home/erosanow_hpc/informed_swapping/BARK.py:163: UserWarning: Exited postprocessing with accuracies 
[3.29877309e-09]
not reaching the requested tolerance 1e-09.
  values, vectors = lobpcg(projected_hamiltonian, guess, largest=False,
/home/erosanow_hpc/informed_swapping/BARK.py:163: UserWarning: Exited at iteration 50 with accuracies 
[2.64899055e-09]
not reaching the requested tolerance 1e-09.
Use iteration 51 instead with accuracy 
2.648990546860509e-09.

  values, vectors = lobpcg(projected_hamiltonian, guess, largest=False,
/home/erosanow_hpc/informed_swapping/BARK.py:163: UserWarning: Exited postprocessing with accuracies 
[2.64899246e-09]
not reaching the requested tolerance 1e-09.
  values, vectors = lobpcg(projected_hamiltonian, guess, largest=False,
/home/erosanow_hpc/informed_swapping/BARK.py:163: UserWarning: Exited at iteration 50 with accuracies 
[2.34825695e-08]
not reaching the requested tolerance 1e-09.
Use iteration 31 instead with accuracy 
1.645155951445498e-08.

  values, vectors = lobpcg(projected_hamiltonian, guess, largest=False,
/home/erosanow_hpc/informed_swapping/BARK.py:163: UserWarning: Exited postprocessing with accuracies 
[1.64515658e-08]
not reaching the requested tolerance 1e-09.
  values, vectors = lobpcg(projected_hamiltonian, guess, largest=False,
/home/erosanow_hpc/informed_swapping/BARK.py:163: UserWarning: Exited at iteration 50 with accuracies 
[1.17554021e-09]
not reaching the requested tolerance 1e-09.
Use iteration 51 instead with accuracy 
1.1755402114294884e-09.

  values, vectors = lobpcg(projected_hamiltonian, guess, largest=False,
/home/erosanow_hpc/informed_swapping/BARK.py:163: UserWarning: Exited postprocessing with accuracies 
[1.17552246e-09]
not reaching the requested tolerance 1e-09.
  values, vectors = lobpcg(projected_hamiltonian, guess, largest=False,
/home/erosanow_hpc/informed_swapping/BARK.py:163: UserWarning: Exited at iteration 50 with accuracies 
[3.16693527e-09]
not reaching the requested tolerance 1e-09.
Use iteration 51 instead with accuracy 
3.166935270034323e-09.

  values, vectors = lobpcg(projected_hamiltonian, guess, largest=False,
/home/erosanow_hpc/informed_swapping/BARK.py:163: UserWarning: Exited postprocessing with accuracies 
[3.16693565e-09]
not reaching the requested tolerance 1e-09.
  values, vectors = lobpcg(projected_hamiltonian, guess, largest=False,
/home/erosanow_hpc/informed_swapping/BARK.py:163: UserWarning: Exited at iteration 50 with accuracies 
[6.1224979e-09]
not reaching the requested tolerance 1e-09.
Use iteration 30 instead with accuracy 
1.7633782180459346e-09.

  values, vectors = lobpcg(projected_hamiltonian, guess, largest=False,
/home/erosanow_hpc/informed_swapping/BARK.py:163: UserWarning: Exited postprocessing with accuracies 
[1.76305843e-09]
not reaching the requested tolerance 1e-09.
  values, vectors = lobpcg(projected_hamiltonian, guess, largest=False,
/home/erosanow_hpc/informed_swapping/BARK.py:163: UserWarning: Exited at iteration 50 with accuracies 
[3.05800898e-09]
not reaching the requested tolerance 1e-09.
Use iteration 51 instead with accuracy 
3.0580089828859346e-09.

  values, vectors = lobpcg(projected_hamiltonian, guess, largest=False,
/home/erosanow_hpc/informed_swapping/BARK.py:163: UserWarning: Exited postprocessing with accuracies 
[3.05801447e-09]
not reaching the requested tolerance 1e-09.
  values, vectors = lobpcg(projected_hamiltonian, guess, largest=False,
/home/erosanow_hpc/informed_swapping/BARK.py:163: UserWarning: Exited at iteration 50 with accuracies 
[2.06902673e-09]
not reaching the requested tolerance 1e-09.
Use iteration 51 instead with accuracy 
2.0690267259453475e-09.

  values, vectors = lobpcg(projected_hamiltonian, guess, largest=False,
/home/erosanow_hpc/informed_swapping/BARK.py:163: UserWarning: Exited postprocessing with accuracies 
[2.06902784e-09]
not reaching the requested tolerance 1e-09.
  values, vectors = lobpcg(projected_hamiltonian, guess, largest=False,
/home/erosanow_hpc/informed_swapping/BARK.py:163: UserWarning: Exited at iteration 50 with accuracies 
[1.50816307e-09]
not reaching the requested tolerance 1e-09.
Use iteration 51 instead with accuracy 
1.5081630743520436e-09.

  values, vectors = lobpcg(projected_hamiltonian, guess, largest=False,
/home/erosanow_hpc/informed_swapping/BARK.py:163: UserWarning: Exited postprocessing with accuracies 
[1.50817398e-09]
not reaching the requested tolerance 1e-09.
  values, vectors = lobpcg(projected_hamiltonian, guess, largest=False,
/home/erosanow_hpc/informed_swapping/BARK.py:163: UserWarning: Exited at iteration 50 with accuracies 
[2.97154804e-09]
not reaching the requested tolerance 1e-09.
Use iteration 51 instead with accuracy 
2.971548044460113e-09.

  values, vectors = lobpcg(projected_hamiltonian, guess, largest=False,
/home/erosanow_hpc/informed_swapping/BARK.py:163: UserWarning: Exited postprocessing with accuracies 
[2.9715538e-09]
not reaching the requested tolerance 1e-09.
  values, vectors = lobpcg(projected_hamiltonian, guess, largest=False,
/home/erosanow_hpc/informed_swapping/BARK.py:163: UserWarning: Exited at iteration 50 with accuracies 
[2.7968713e-09]
not reaching the requested tolerance 1e-09.
Use iteration 51 instead with accuracy 
2.7968712950848044e-09.

  values, vectors = lobpcg(projected_hamiltonian, guess, largest=False,
/home/erosanow_hpc/informed_swapping/BARK.py:163: UserWarning: Exited postprocessing with accuracies 
[2.79687188e-09]
not reaching the requested tolerance 1e-09.
  values, vectors = lobpcg(projected_hamiltonian, guess, largest=False,
/home/erosanow_hpc/informed_swapping/BARK.py:163: UserWarning: Exited at iteration 50 with accuracies 
[1.49150171e-09]
not reaching the requested tolerance 1e-09.
Use iteration 51 instead with accuracy 
1.4915017136993246e-09.

  values, vectors = lobpcg(projected_hamiltonian, guess, largest=False,
/home/erosanow_hpc/informed_swapping/BARK.py:163: UserWarning: Exited postprocessing with accuracies 
[1.49150263e-09]
not reaching the requested tolerance 1e-09.
  values, vectors = lobpcg(projected_hamiltonian, guess, largest=False,
/home/erosanow_hpc/informed_swapping/BARK.py:163: UserWarning: Exited at iteration 50 with accuracies 
[1.58868738e-09]
not reaching the requested tolerance 1e-09.
Use iteration 51 instead with accuracy 
1.5886873812558266e-09.

  values, vectors = lobpcg(projected_hamiltonian, guess, largest=False,
/home/erosanow_hpc/informed_swapping/BARK.py:163: UserWarning: Exited postprocessing with accuracies 
[1.58869031e-09]
not reaching the requested tolerance 1e-09.
  values, vectors = lobpcg(projected_hamiltonian, guess, largest=False,
/home/erosanow_hpc/informed_swapping/BARK.py:163: UserWarning: Exited at iteration 50 with accuracies 
[1.63732863e-09]
not reaching the requested tolerance 1e-09.
Use iteration 51 instead with accuracy 
1.6373286266460207e-09.

  values, vectors = lobpcg(projected_hamiltonian, guess, largest=False,
/home/erosanow_hpc/informed_swapping/BARK.py:163: UserWarning: Exited postprocessing with accuracies 
[1.63732379e-09]
not reaching the requested tolerance 1e-09.
  values, vectors = lobpcg(projected_hamiltonian, guess, largest=False,
/home/erosanow_hpc/informed_swapping/BARK.py:163: UserWarning: Exited at iteration 50 with accuracies 
[1.98350942e-09]
not reaching the requested tolerance 1e-09.
Use iteration 51 instead with accuracy 
1.98350941866196e-09.

  values, vectors = lobpcg(projected_hamiltonian, guess, largest=False,
/home/erosanow_hpc/informed_swapping/BARK.py:163: UserWarning: Exited postprocessing with accuracies 
[1.98350183e-09]
not reaching the requested tolerance 1e-09.
  values, vectors = lobpcg(projected_hamiltonian, guess, largest=False,
/home/erosanow_hpc/informed_swapping/BARK.py:163: UserWarning: Exited at iteration 50 with accuracies 
[1.52756938e-09]
not reaching the requested tolerance 1e-09.
Use iteration 51 instead with accuracy 
1.5275693834167384e-09.

  values, vectors = lobpcg(projected_hamiltonian, guess, largest=False,
/home/erosanow_hpc/informed_swapping/BARK.py:163: UserWarning: Exited postprocessing with accuracies 
[1.52756729e-09]
not reaching the requested tolerance 1e-09.
  values, vectors = lobpcg(projected_hamiltonian, guess, largest=False,
/home/erosanow_hpc/informed_swapping/BARK.py:163: UserWarning: Exited at iteration 50 with accuracies 
[9.8367504e-08]
not reaching the requested tolerance 1e-09.
Use iteration 51 instead with accuracy 
9.83675040177619e-08.

  values, vectors = lobpcg(projected_hamiltonian, guess, largest=False,
/home/erosanow_hpc/informed_swapping/BARK.py:163: UserWarning: Exited postprocessing with accuracies 
[9.83675041e-08]
not reaching the requested tolerance 1e-09.
  values, vectors = lobpcg(projected_hamiltonian, guess, largest=False,
/home/erosanow_hpc/informed_swapping/BARK.py:163: UserWarning: Exited at iteration 50 with accuracies 
[9.83674723e-08]
not reaching the requested tolerance 1e-09.
Use iteration 51 instead with accuracy 
9.836747226431637e-08.

  values, vectors = lobpcg(projected_hamiltonian, guess, largest=False,
/home/erosanow_hpc/informed_swapping/BARK.py:163: UserWarning: Exited postprocessing with accuracies 
[9.83674723e-08]
not reaching the requested tolerance 1e-09.
  values, vectors = lobpcg(projected_hamiltonian, guess, largest=False,
/home/erosanow_hpc/informed_swapping/BARK.py:163: UserWarning: Exited at iteration 50 with accuracies 
[1.4943121e-07]
not reaching the requested tolerance 1e-09.
Use iteration 43 instead with accuracy 
4.911088080971564e-09.

  values, vectors = lobpcg(projected_hamiltonian, guess, largest=False,
/home/erosanow_hpc/informed_swapping/BARK.py:163: UserWarning: Exited postprocessing with accuracies 
[4.91108184e-09]
not reaching the requested tolerance 1e-09.
  values, vectors = lobpcg(projected_hamiltonian, guess, largest=False,
/home/erosanow_hpc/informed_swapping/BARK.py:163: UserWarning: Exited at iteration 50 with accuracies 
[7.92276037e-08]
not reaching the requested tolerance 1e-09.
Use iteration 51 instead with accuracy 
7.922760367728961e-08.

  values, vectors = lobpcg(projected_hamiltonian, guess, largest=False,
/home/erosanow_hpc/informed_swapping/BARK.py:163: UserWarning: Exited postprocessing with accuracies 
[7.92276036e-08]
not reaching the requested tolerance 1e-09.
  values, vectors = lobpcg(projected_hamiltonian, guess, largest=False,
/home/erosanow_hpc/informed_swapping/BARK.py:163: UserWarning: Exited at iteration 50 with accuracies 
[7.86915195e-08]
not reaching the requested tolerance 1e-09.
Use iteration 51 instead with accuracy 
7.869151948604449e-08.

  values, vectors = lobpcg(projected_hamiltonian, guess, largest=False,
/home/erosanow_hpc/informed_swapping/BARK.py:163: UserWarning: Exited postprocessing with accuracies 
[7.86915195e-08]
not reaching the requested tolerance 1e-09.
  values, vectors = lobpcg(projected_hamiltonian, guess, largest=False,
/home/erosanow_hpc/informed_swapping/BARK.py:163: UserWarning: Exited at iteration 50 with accuracies 
[1.49444517e-07]
not reaching the requested tolerance 1e-09.
Use iteration 43 instead with accuracy 
4.9149857717766795e-09.

  values, vectors = lobpcg(projected_hamiltonian, guess, largest=False,
/home/erosanow_hpc/informed_swapping/BARK.py:163: UserWarning: Exited postprocessing with accuracies 
[4.91504102e-09]
not reaching the requested tolerance 1e-09.
  values, vectors = lobpcg(projected_hamiltonian, guess, largest=False,
/home/erosanow_hpc/informed_swapping/BARK.py:163: UserWarning: Exited at iteration 50 with accuracies 
[7.92276127e-08]
not reaching the requested tolerance 1e-09.
Use iteration 51 instead with accuracy 
7.922761267348966e-08.

  values, vectors = lobpcg(projected_hamiltonian, guess, largest=False,
/home/erosanow_hpc/informed_swapping/BARK.py:163: UserWarning: Exited postprocessing with accuracies 
[7.92276128e-08]
not reaching the requested tolerance 1e-09.
  values, vectors = lobpcg(projected_hamiltonian, guess, largest=False,
/home/erosanow_hpc/informed_swapping/BARK.py:163: UserWarning: Exited at iteration 50 with accuracies 
[1.49417626e-07]
not reaching the requested tolerance 1e-09.
Use iteration 43 instead with accuracy 
4.908254377678313e-09.

  values, vectors = lobpcg(projected_hamiltonian, guess, largest=False,
/home/erosanow_hpc/informed_swapping/BARK.py:163: UserWarning: Exited postprocessing with accuracies 
[4.90834396e-09]
not reaching the requested tolerance 1e-09.
  values, vectors = lobpcg(projected_hamiltonian, guess, largest=False,
/home/erosanow_hpc/informed_swapping/BARK.py:163: UserWarning: Exited at iteration 50 with accuracies 
[9.91216949e-08]
not reaching the requested tolerance 1e-09.
Use iteration 51 instead with accuracy 
9.912169494009893e-08.

  values, vectors = lobpcg(projected_hamiltonian, guess, largest=False,
/home/erosanow_hpc/informed_swapping/BARK.py:163: UserWarning: Exited postprocessing with accuracies 
[9.91216949e-08]
not reaching the requested tolerance 1e-09.
  values, vectors = lobpcg(projected_hamiltonian, guess, largest=False,
/home/erosanow_hpc/informed_swapping/BARK.py:163: UserWarning: Exited at iteration 50 with accuracies 
[1.37254529e-07]
not reaching the requested tolerance 1e-09.
Use iteration 43 instead with accuracy 
4.559018796358333e-09.

  values, vectors = lobpcg(projected_hamiltonian, guess, largest=False,
/home/erosanow_hpc/informed_swapping/BARK.py:163: UserWarning: Exited postprocessing with accuracies 
[4.55910732e-09]
not reaching the requested tolerance 1e-09.
  values, vectors = lobpcg(projected_hamiltonian, guess, largest=False,
/home/erosanow_hpc/informed_swapping/BARK.py:163: UserWarning: Exited at iteration 50 with accuracies 
[9.10131132e-08]
not reaching the requested tolerance 1e-09.
Use iteration 51 instead with accuracy 
9.101311317760225e-08.

  values, vectors = lobpcg(projected_hamiltonian, guess, largest=False,
/home/erosanow_hpc/informed_swapping/BARK.py:163: UserWarning: Exited postprocessing with accuracies 
[9.10131132e-08]
not reaching the requested tolerance 1e-09.
  values, vectors = lobpcg(projected_hamiltonian, guess, largest=False,
/home/erosanow_hpc/informed_swapping/BARK.py:163: UserWarning: Exited at iteration 50 with accuracies 
[1.37182702e-07]
not reaching the requested tolerance 1e-09.
Use iteration 42 instead with accuracy 
5.13412976474398e-09.

  values, vectors = lobpcg(projected_hamiltonian, guess, largest=False,
/home/erosanow_hpc/informed_swapping/BARK.py:163: UserWarning: Exited postprocessing with accuracies 
[5.13410564e-09]
not reaching the requested tolerance 1e-09.
  values, vectors = lobpcg(projected_hamiltonian, guess, largest=False,
/home/erosanow_hpc/informed_swapping/BARK.py:163: UserWarning: Exited at iteration 50 with accuracies 
[7.27463252e-08]
not reaching the requested tolerance 1e-09.
Use iteration 51 instead with accuracy 
7.274632517232968e-08.

  values, vectors = lobpcg(projected_hamiltonian, guess, largest=False,
/home/erosanow_hpc/informed_swapping/BARK.py:163: UserWarning: Exited postprocessing with accuracies 
[7.27463252e-08]
not reaching the requested tolerance 1e-09.
  values, vectors = lobpcg(projected_hamiltonian, guess, largest=False,
/home/erosanow_hpc/informed_swapping/BARK.py:163: UserWarning: Exited at iteration 50 with accuracies 
[1.37230231e-07]
not reaching the requested tolerance 1e-09.
Use iteration 43 instead with accuracy 
4.518834301680579e-09.

  values, vectors = lobpcg(projected_hamiltonian, guess, largest=False,
/home/erosanow_hpc/informed_swapping/BARK.py:163: UserWarning: Exited postprocessing with accuracies 
[4.51884032e-09]
not reaching the requested tolerance 1e-09.
  values, vectors = lobpcg(projected_hamiltonian, guess, largest=False,
/home/erosanow_hpc/informed_swapping/BARK.py:163: UserWarning: Exited at iteration 50 with accuracies 
[7.27463897e-08]
not reaching the requested tolerance 1e-09.
Use iteration 51 instead with accuracy 
7.2746389748726e-08.

  values, vectors = lobpcg(projected_hamiltonian, guess, largest=False,
/home/erosanow_hpc/informed_swapping/BARK.py:163: UserWarning: Exited postprocessing with accuracies 
[7.27463897e-08]
not reaching the requested tolerance 1e-09.
  values, vectors = lobpcg(projected_hamiltonian, guess, largest=False,
/home/erosanow_hpc/informed_swapping/BARK.py:163: UserWarning: Exited at iteration 50 with accuracies 
[1.37197188e-07]
not reaching the requested tolerance 1e-09.
Use iteration 43 instead with accuracy 
4.511284129083495e-09.

  values, vectors = lobpcg(projected_hamiltonian, guess, largest=False,
/home/erosanow_hpc/informed_swapping/BARK.py:163: UserWarning: Exited postprocessing with accuracies 
[4.51114655e-09]
not reaching the requested tolerance 1e-09.
  values, vectors = lobpcg(projected_hamiltonian, guess, largest=False,
/home/erosanow_hpc/informed_swapping/BARK.py:163: UserWarning: Exited at iteration 50 with accuracies 
[9.10130116e-08]
not reaching the requested tolerance 1e-09.
Use iteration 51 instead with accuracy 
9.101301163410793e-08.

  values, vectors = lobpcg(projected_hamiltonian, guess, largest=False,
/home/erosanow_hpc/informed_swapping/BARK.py:163: UserWarning: Exited postprocessing with accuracies 
[9.10130116e-08]
not reaching the requested tolerance 1e-09.
  values, vectors = lobpcg(projected_hamiltonian, guess, largest=False,
/home/erosanow_hpc/informed_swapping/BARK.py:163: UserWarning: Exited at iteration 50 with accuracies 
[7.22542664e-08]
not reaching the requested tolerance 1e-09.
Use iteration 51 instead with accuracy 
7.225426640561712e-08.

  values, vectors = lobpcg(projected_hamiltonian, guess, largest=False,
/home/erosanow_hpc/informed_swapping/BARK.py:163: UserWarning: Exited postprocessing with accuracies 
[7.22542664e-08]
not reaching the requested tolerance 1e-09.
  values, vectors = lobpcg(projected_hamiltonian, guess, largest=False,
/home/erosanow_hpc/informed_swapping/BARK.py:163: UserWarning: Exited at iteration 50 with accuracies 
[7.21851889e-08]
not reaching the requested tolerance 1e-09.
Use iteration 51 instead with accuracy 
7.218518891161266e-08.

  values, vectors = lobpcg(projected_hamiltonian, guess, largest=False,
/home/erosanow_hpc/informed_swapping/BARK.py:163: UserWarning: Exited postprocessing with accuracies 
[7.21851889e-08]
not reaching the requested tolerance 1e-09.
  values, vectors = lobpcg(projected_hamiltonian, guess, largest=False,
/home/erosanow_hpc/informed_swapping/BARK.py:163: UserWarning: Exited at iteration 50 with accuracies 
[8.25496869e-08]
not reaching the requested tolerance 1e-09.
Use iteration 51 instead with accuracy 
8.254968687755201e-08.

  values, vectors = lobpcg(projected_hamiltonian, guess, largest=False,
/home/erosanow_hpc/informed_swapping/BARK.py:163: UserWarning: Exited postprocessing with accuracies 
[8.25496858e-08]
not reaching the requested tolerance 1e-09.
  values, vectors = lobpcg(projected_hamiltonian, guess, largest=False,
/home/erosanow_hpc/informed_swapping/BARK.py:163: UserWarning: Exited at iteration 50 with accuracies 
[6.90166595e-07]
not reaching the requested tolerance 1e-09.
Use iteration 51 instead with accuracy 
6.901665949847468e-07.

  values, vectors = lobpcg(projected_hamiltonian, guess, largest=False,
/home/erosanow_hpc/informed_swapping/BARK.py:163: UserWarning: Exited postprocessing with accuracies 
[6.90166592e-07]
not reaching the requested tolerance 1e-09.
  values, vectors = lobpcg(projected_hamiltonian, guess, largest=False,
/home/erosanow_hpc/informed_swapping/BARK.py:163: UserWarning: Exited at iteration 50 with accuracies 
[6.29052512e-06]
not reaching the requested tolerance 1e-09.
Use iteration 48 instead with accuracy 
1.9292693483923407e-06.

  values, vectors = lobpcg(projected_hamiltonian, guess, largest=False,
/home/erosanow_hpc/informed_swapping/BARK.py:163: UserWarning: Exited postprocessing with accuracies 
[1.92926934e-06]
not reaching the requested tolerance 1e-09.
  values, vectors = lobpcg(projected_hamiltonian, guess, largest=False,
/home/erosanow_hpc/informed_swapping/BARK.py:163: UserWarning: Exited at iteration 50 with accuracies 
[5.05649135e-06]
not reaching the requested tolerance 1e-09.
Use iteration 50 instead with accuracy 
1.5339830566745226e-06.

  values, vectors = lobpcg(projected_hamiltonian, guess, largest=False,
/home/erosanow_hpc/informed_swapping/BARK.py:163: UserWarning: Exited postprocessing with accuracies 
[1.53398306e-06]
not reaching the requested tolerance 1e-09.
  values, vectors = lobpcg(projected_hamiltonian, guess, largest=False,
/home/erosanow_hpc/informed_swapping/BARK.py:163: UserWarning: Exited at iteration 50 with accuracies 
[6.10065691e-06]
not reaching the requested tolerance 1e-09.
Use iteration 47 instead with accuracy 
4.982270199351414e-06.

  values, vectors = lobpcg(projected_hamiltonian, guess, largest=False,
/home/erosanow_hpc/informed_swapping/BARK.py:163: UserWarning: Exited postprocessing with accuracies 
[4.98227021e-06]
not reaching the requested tolerance 1e-09.
  values, vectors = lobpcg(projected_hamiltonian, guess, largest=False,
/home/erosanow_hpc/informed_swapping/BARK.py:163: UserWarning: Exited at iteration 50 with accuracies 
[3.10536183e-07]
not reaching the requested tolerance 1e-09.
Use iteration 49 instead with accuracy 
1.1995432101539e-07.

  values, vectors = lobpcg(projected_hamiltonian, guess, largest=False,
/home/erosanow_hpc/informed_swapping/BARK.py:163: UserWarning: Exited postprocessing with accuracies 
[1.1995432e-07]
not reaching the requested tolerance 1e-09.
  values, vectors = lobpcg(projected_hamiltonian, guess, largest=False,
/home/erosanow_hpc/informed_swapping/BARK.py:163: UserWarning: Exited at iteration 50 with accuracies 
[2.40947843e-05]
not reaching the requested tolerance 1e-09.
Use iteration 48 instead with accuracy 
8.160722304605011e-06.

  values, vectors = lobpcg(projected_hamiltonian, guess, largest=False,
/home/erosanow_hpc/informed_swapping/BARK.py:163: UserWarning: Exited postprocessing with accuracies 
[8.1607223e-06]
not reaching the requested tolerance 1e-09.
  values, vectors = lobpcg(projected_hamiltonian, guess, largest=False,
/home/erosanow_hpc/informed_swapping/BARK.py:163: UserWarning: Exited at iteration 50 with accuracies 
[1.55070308e-08]
not reaching the requested tolerance 1e-09.
Use iteration 51 instead with accuracy 
1.5507030767914767e-08.

  values, vectors = lobpcg(projected_hamiltonian, guess, largest=False,
/home/erosanow_hpc/informed_swapping/BARK.py:163: UserWarning: Exited postprocessing with accuracies 
[1.55070308e-08]
not reaching the requested tolerance 1e-09.
  values, vectors = lobpcg(projected_hamiltonian, guess, largest=False,
/home/erosanow_hpc/informed_swapping/BARK.py:163: UserWarning: Exited at iteration 50 with accuracies 
[7.0100875e-09]
not reaching the requested tolerance 1e-09.
Use iteration 51 instead with accuracy 
7.010087501417184e-09.

  values, vectors = lobpcg(projected_hamiltonian, guess, largest=False,
/home/erosanow_hpc/informed_swapping/BARK.py:163: UserWarning: Exited postprocessing with accuracies 
[7.01009167e-09]
not reaching the requested tolerance 1e-09.
  values, vectors = lobpcg(projected_hamiltonian, guess, largest=False,
/home/erosanow_hpc/informed_swapping/BARK.py:163: UserWarning: Exited at iteration 50 with accuracies 
[2.45477862e-08]
not reaching the requested tolerance 1e-09.
Use iteration 51 instead with accuracy 
2.454778618003052e-08.

  values, vectors = lobpcg(projected_hamiltonian, guess, largest=False,
/home/erosanow_hpc/informed_swapping/BARK.py:163: UserWarning: Exited postprocessing with accuracies 
[2.45477874e-08]
not reaching the requested tolerance 1e-09.
  values, vectors = lobpcg(projected_hamiltonian, guess, largest=False,
/home/erosanow_hpc/informed_swapping/BARK.py:163: UserWarning: Exited at iteration 50 with accuracies 
[2.31597983e-08]
not reaching the requested tolerance 1e-09.
Use iteration 47 instead with accuracy 
1.8117244178853685e-08.

  values, vectors = lobpcg(projected_hamiltonian, guess, largest=False,
/home/erosanow_hpc/informed_swapping/BARK.py:163: UserWarning: Exited postprocessing with accuracies 
[1.81172462e-08]
not reaching the requested tolerance 1e-09.
  values, vectors = lobpcg(projected_hamiltonian, guess, largest=False,
/home/erosanow_hpc/informed_swapping/BARK.py:163: UserWarning: Exited at iteration 50 with accuracies 
[3.29430773e-08]
not reaching the requested tolerance 1e-09.
Use iteration 51 instead with accuracy 
3.2943077276487734e-08.

  values, vectors = lobpcg(projected_hamiltonian, guess, largest=False,
/home/erosanow_hpc/informed_swapping/BARK.py:163: UserWarning: Exited postprocessing with accuracies 
[3.29430783e-08]
not reaching the requested tolerance 1e-09.
  values, vectors = lobpcg(projected_hamiltonian, guess, largest=False,
/home/erosanow_hpc/informed_swapping/BARK.py:163: UserWarning: Exited at iteration 50 with accuracies 
[1.23642378e-05]
not reaching the requested tolerance 1e-09.
Use iteration 47 instead with accuracy 
8.09482510735613e-06.

  values, vectors = lobpcg(projected_hamiltonian, guess, largest=False,
/home/erosanow_hpc/informed_swapping/BARK.py:163: UserWarning: Exited postprocessing with accuracies 
[8.09482511e-06]
not reaching the requested tolerance 1e-09.
  values, vectors = lobpcg(projected_hamiltonian, guess, largest=False,
/home/erosanow_hpc/informed_swapping/BARK.py:163: UserWarning: Exited at iteration 50 with accuracies 
[4.14879451e-08]
not reaching the requested tolerance 1e-09.
Use iteration 51 instead with accuracy 
4.148794508284317e-08.

  values, vectors = lobpcg(projected_hamiltonian, guess, largest=False,
/home/erosanow_hpc/informed_swapping/BARK.py:163: UserWarning: Exited postprocessing with accuracies 
[4.14879485e-08]
not reaching the requested tolerance 1e-09.
  values, vectors = lobpcg(projected_hamiltonian, guess, largest=False,
/home/erosanow_hpc/informed_swapping/BARK.py:163: UserWarning: Exited at iteration 50 with accuracies 
[1.29302941e-06]
not reaching the requested tolerance 1e-09.
Use iteration 50 instead with accuracy 
1.258398444209514e-06.

  values, vectors = lobpcg(projected_hamiltonian, guess, largest=False,
/home/erosanow_hpc/informed_swapping/BARK.py:163: UserWarning: Exited postprocessing with accuracies 
[1.25839845e-06]
not reaching the requested tolerance 1e-09.
  values, vectors = lobpcg(projected_hamiltonian, guess, largest=False,
/home/erosanow_hpc/informed_swapping/BARK.py:163: UserWarning: Exited at iteration 50 with accuracies 
[4.01813239e-08]
not reaching the requested tolerance 1e-09.
Use iteration 51 instead with accuracy 
4.018132388618179e-08.

  values, vectors = lobpcg(projected_hamiltonian, guess, largest=False,
/home/erosanow_hpc/informed_swapping/BARK.py:163: UserWarning: Exited postprocessing with accuracies 
[4.01813279e-08]
not reaching the requested tolerance 1e-09.
  values, vectors = lobpcg(projected_hamiltonian, guess, largest=False,
/home/erosanow_hpc/informed_swapping/BARK.py:163: UserWarning: Exited at iteration 50 with accuracies 
[7.05753772e-07]
not reaching the requested tolerance 1e-09.
Use iteration 50 instead with accuracy 
4.835344519753268e-07.

  values, vectors = lobpcg(projected_hamiltonian, guess, largest=False,
/home/erosanow_hpc/informed_swapping/BARK.py:163: UserWarning: Exited postprocessing with accuracies 
[4.83534453e-07]
not reaching the requested tolerance 1e-09.
  values, vectors = lobpcg(projected_hamiltonian, guess, largest=False,
/home/erosanow_hpc/informed_swapping/BARK.py:163: UserWarning: Exited at iteration 50 with accuracies 
[5.59662733e-06]
not reaching the requested tolerance 1e-09.
Use iteration 49 instead with accuracy 
2.0339329717593413e-06.

  values, vectors = lobpcg(projected_hamiltonian, guess, largest=False,
/home/erosanow_hpc/informed_swapping/BARK.py:163: UserWarning: Exited postprocessing with accuracies 
[2.03393298e-06]
not reaching the requested tolerance 1e-09.
  values, vectors = lobpcg(projected_hamiltonian, guess, largest=False,
/home/erosanow_hpc/informed_swapping/BARK.py:163: UserWarning: Exited at iteration 50 with accuracies 
[3.63477322e-07]
not reaching the requested tolerance 1e-09.
Use iteration 50 instead with accuracy 
3.593621163481103e-07.

  values, vectors = lobpcg(projected_hamiltonian, guess, largest=False,
/home/erosanow_hpc/informed_swapping/BARK.py:163: UserWarning: Exited postprocessing with accuracies 
[3.59362126e-07]
not reaching the requested tolerance 1e-09.
  values, vectors = lobpcg(projected_hamiltonian, guess, largest=False,
/home/erosanow_hpc/informed_swapping/BARK.py:163: UserWarning: Exited at iteration 50 with accuracies 
[1.61555207e-05]
not reaching the requested tolerance 1e-09.
Use iteration 48 instead with accuracy 
6.903384062486595e-06.

  values, vectors = lobpcg(projected_hamiltonian, guess, largest=False,
/home/erosanow_hpc/informed_swapping/BARK.py:163: UserWarning: Exited postprocessing with accuracies 
[6.90338406e-06]
not reaching the requested tolerance 1e-09.
  values, vectors = lobpcg(projected_hamiltonian, guess, largest=False,
/home/erosanow_hpc/informed_swapping/BARK.py:163: UserWarning: Exited at iteration 50 with accuracies 
[7.49231496e-07]
not reaching the requested tolerance 1e-09.
Use iteration 43 instead with accuracy 
2.1316678564238802e-07.

  values, vectors = lobpcg(projected_hamiltonian, guess, largest=False,
/home/erosanow_hpc/informed_swapping/BARK.py:163: UserWarning: Exited postprocessing with accuracies 
[2.13166787e-07]
not reaching the requested tolerance 1e-09.
  values, vectors = lobpcg(projected_hamiltonian, guess, largest=False,
/home/erosanow_hpc/informed_swapping/BARK.py:163: UserWarning: Exited at iteration 50 with accuracies 
[1.34412997e-05]
not reaching the requested tolerance 1e-09.
Use iteration 49 instead with accuracy 
4.408384745088877e-06.

  values, vectors = lobpcg(projected_hamiltonian, guess, largest=False,
/home/erosanow_hpc/informed_swapping/BARK.py:163: UserWarning: Exited postprocessing with accuracies 
[4.40838474e-06]
not reaching the requested tolerance 1e-09.
  values, vectors = lobpcg(projected_hamiltonian, guess, largest=False,
/home/erosanow_hpc/informed_swapping/BARK.py:163: UserWarning: Exited at iteration 50 with accuracies 
[4.65679567e-08]
not reaching the requested tolerance 1e-09.
Use iteration 47 instead with accuracy 
2.3814413105722288e-08.

  values, vectors = lobpcg(projected_hamiltonian, guess, largest=False,
/home/erosanow_hpc/informed_swapping/BARK.py:163: UserWarning: Exited postprocessing with accuracies 
[2.38144126e-08]
not reaching the requested tolerance 1e-09.
  values, vectors = lobpcg(projected_hamiltonian, guess, largest=False,
/home/erosanow_hpc/informed_swapping/BARK.py:163: UserWarning: Exited at iteration 50 with accuracies 
[8.93586151e-09]
not reaching the requested tolerance 1e-09.
Use iteration 47 instead with accuracy 
4.342339148151023e-09.

  values, vectors = lobpcg(projected_hamiltonian, guess, largest=False,
/home/erosanow_hpc/informed_swapping/BARK.py:163: UserWarning: Exited postprocessing with accuracies 
[4.34233632e-09]
not reaching the requested tolerance 1e-09.
  values, vectors = lobpcg(projected_hamiltonian, guess, largest=False,
/home/erosanow_hpc/informed_swapping/BARK.py:163: UserWarning: Exited at iteration 50 with accuracies 
[2.34369094e-06]
not reaching the requested tolerance 1e-09.
Use iteration 51 instead with accuracy 
2.343690940663599e-06.

  values, vectors = lobpcg(projected_hamiltonian, guess, largest=False,
/home/erosanow_hpc/informed_swapping/BARK.py:163: UserWarning: Exited postprocessing with accuracies 
[2.34369094e-06]
not reaching the requested tolerance 1e-09.
  values, vectors = lobpcg(projected_hamiltonian, guess, largest=False,
/home/erosanow_hpc/informed_swapping/BARK.py:163: UserWarning: Exited at iteration 50 with accuracies 
[7.46452564e-09]
not reaching the requested tolerance 1e-09.
Use iteration 51 instead with accuracy 
7.464525639546423e-09.

  values, vectors = lobpcg(projected_hamiltonian, guess, largest=False,
/home/erosanow_hpc/informed_swapping/BARK.py:163: UserWarning: Exited postprocessing with accuracies 
[7.46452518e-09]
not reaching the requested tolerance 1e-09.
  values, vectors = lobpcg(projected_hamiltonian, guess, largest=False,
/home/erosanow_hpc/informed_swapping/BARK.py:163: UserWarning: Exited at iteration 50 with accuracies 
[8.99462314e-09]
not reaching the requested tolerance 1e-09.
Use iteration 51 instead with accuracy 
8.994623143122523e-09.

  values, vectors = lobpcg(projected_hamiltonian, guess, largest=False,
/home/erosanow_hpc/informed_swapping/BARK.py:163: UserWarning: Exited postprocessing with accuracies 
[8.99462368e-09]
not reaching the requested tolerance 1e-09.
  values, vectors = lobpcg(projected_hamiltonian, guess, largest=False,
/home/erosanow_hpc/informed_swapping/BARK.py:163: UserWarning: Exited at iteration 50 with accuracies 
[2.48612546e-07]
not reaching the requested tolerance 1e-09.
Use iteration 47 instead with accuracy 
1.9478235454099678e-07.

  values, vectors = lobpcg(projected_hamiltonian, guess, largest=False,
/home/erosanow_hpc/informed_swapping/BARK.py:163: UserWarning: Exited postprocessing with accuracies 
[1.94782354e-07]
not reaching the requested tolerance 1e-09.
  values, vectors = lobpcg(projected_hamiltonian, guess, largest=False,
/home/erosanow_hpc/informed_swapping/BARK.py:163: UserWarning: Exited at iteration 50 with accuracies 
[2.10926796e-05]
not reaching the requested tolerance 1e-09.
Use iteration 48 instead with accuracy 
7.502782442344447e-06.

  values, vectors = lobpcg(projected_hamiltonian, guess, largest=False,
/home/erosanow_hpc/informed_swapping/BARK.py:163: UserWarning: Exited postprocessing with accuracies 
[7.50278244e-06]
not reaching the requested tolerance 1e-09.
  values, vectors = lobpcg(projected_hamiltonian, guess, largest=False,
/home/erosanow_hpc/informed_swapping/BARK.py:163: UserWarning: Exited at iteration 50 with accuracies 
[4.19756116e-08]
not reaching the requested tolerance 1e-09.
Use iteration 51 instead with accuracy 
4.1975611569359285e-08.

  values, vectors = lobpcg(projected_hamiltonian, guess, largest=False,
/home/erosanow_hpc/informed_swapping/BARK.py:163: UserWarning: Exited postprocessing with accuracies 
[4.1975618e-08]
not reaching the requested tolerance 1e-09.
  values, vectors = lobpcg(projected_hamiltonian, guess, largest=False,
/home/erosanow_hpc/informed_swapping/BARK.py:163: UserWarning: Exited at iteration 50 with accuracies 
[1.2962192e-06]
not reaching the requested tolerance 1e-09.
Use iteration 50 instead with accuracy 
1.2141584245981301e-06.

  values, vectors = lobpcg(projected_hamiltonian, guess, largest=False,
/home/erosanow_hpc/informed_swapping/BARK.py:163: UserWarning: Exited postprocessing with accuracies 
[1.21415843e-06]
not reaching the requested tolerance 1e-09.
  values, vectors = lobpcg(projected_hamiltonian, guess, largest=False,
/home/erosanow_hpc/informed_swapping/BARK.py:163: UserWarning: Exited at iteration 50 with accuracies 
[1.33435559e-05]
not reaching the requested tolerance 1e-09.
Use iteration 11 instead with accuracy 
4.633781722634426e-09.

  values, vectors = lobpcg(projected_hamiltonian, guess, largest=False,
/home/erosanow_hpc/informed_swapping/BARK.py:163: UserWarning: Exited postprocessing with accuracies 
[4.63378172e-09]
not reaching the requested tolerance 1e-09.
  values, vectors = lobpcg(projected_hamiltonian, guess, largest=False,
/home/erosanow_hpc/informed_swapping/BARK.py:163: UserWarning: Exited at iteration 50 with accuracies 
[5.84913912e-06]
not reaching the requested tolerance 1e-09.
Use iteration 10 instead with accuracy 
5.705464441237427e-09.

  values, vectors = lobpcg(projected_hamiltonian, guess, largest=False,
/home/erosanow_hpc/informed_swapping/BARK.py:163: UserWarning: Exited postprocessing with accuracies 
[5.70546444e-09]
not reaching the requested tolerance 1e-09.
  values, vectors = lobpcg(projected_hamiltonian, guess, largest=False,
/home/erosanow_hpc/informed_swapping/BARK.py:163: UserWarning: Exited at iteration 50 with accuracies 
[4.80653171e-06]
not reaching the requested tolerance 1e-09.
Use iteration 8 instead with accuracy 
6.441789805323711e-09.

  values, vectors = lobpcg(projected_hamiltonian, guess, largest=False,
/home/erosanow_hpc/informed_swapping/BARK.py:163: UserWarning: Exited postprocessing with accuracies 
[6.44178981e-09]
not reaching the requested tolerance 1e-09.
  values, vectors = lobpcg(projected_hamiltonian, guess, largest=False,
/home/erosanow_hpc/informed_swapping/BARK.py:163: UserWarning: Exited at iteration 50 with accuracies 
[5.59836251e-07]
not reaching the requested tolerance 1e-09.
Use iteration 8 instead with accuracy 
5.915184154203036e-09.

  values, vectors = lobpcg(projected_hamiltonian, guess, largest=False,
/home/erosanow_hpc/informed_swapping/BARK.py:163: UserWarning: Exited postprocessing with accuracies 
[5.91518415e-09]
not reaching the requested tolerance 1e-09.
  values, vectors = lobpcg(projected_hamiltonian, guess, largest=False,
/home/erosanow_hpc/informed_swapping/BARK.py:163: UserWarning: Exited at iteration 50 with accuracies 
[4.68574981e-05]
not reaching the requested tolerance 1e-09.
Use iteration 11 instead with accuracy 
3.453603701985765e-08.

  values, vectors = lobpcg(projected_hamiltonian, guess, largest=False,
/home/erosanow_hpc/informed_swapping/BARK.py:163: UserWarning: Exited postprocessing with accuracies 
[3.4536037e-08]
not reaching the requested tolerance 1e-09.
  values, vectors = lobpcg(projected_hamiltonian, guess, largest=False,
/home/erosanow_hpc/informed_swapping/BARK.py:163: UserWarning: Exited at iteration 50 with accuracies 
[7.00678958e-06]
not reaching the requested tolerance 1e-09.
Use iteration 6 instead with accuracy 
2.880152343434934e-08.

  values, vectors = lobpcg(projected_hamiltonian, guess, largest=False,
/home/erosanow_hpc/informed_swapping/BARK.py:163: UserWarning: Exited postprocessing with accuracies 
[2.88015234e-08]
not reaching the requested tolerance 1e-09.
  values, vectors = lobpcg(projected_hamiltonian, guess, largest=False,
/home/erosanow_hpc/informed_swapping/BARK.py:163: UserWarning: Exited at iteration 50 with accuracies 
[1.433774e-05]
not reaching the requested tolerance 1e-09.
Use iteration 8 instead with accuracy 
3.024176599698675e-08.

  values, vectors = lobpcg(projected_hamiltonian, guess, largest=False,
/home/erosanow_hpc/informed_swapping/BARK.py:163: UserWarning: Exited postprocessing with accuracies 
[3.0241766e-08]
not reaching the requested tolerance 1e-09.
  values, vectors = lobpcg(projected_hamiltonian, guess, largest=False,
/home/erosanow_hpc/informed_swapping/BARK.py:163: UserWarning: Exited at iteration 50 with accuracies 
[5.3213037e-06]
not reaching the requested tolerance 1e-09.
Use iteration 5 instead with accuracy 
2.8713386629646274e-08.

  values, vectors = lobpcg(projected_hamiltonian, guess, largest=False,
/home/erosanow_hpc/informed_swapping/BARK.py:163: UserWarning: Exited postprocessing with accuracies 
[2.87133866e-08]
not reaching the requested tolerance 1e-09.
  values, vectors = lobpcg(projected_hamiltonian, guess, largest=False,
/home/erosanow_hpc/informed_swapping/BARK.py:163: UserWarning: Exited at iteration 50 with accuracies 
[2.15993897e-05]
not reaching the requested tolerance 1e-09.
Use iteration 9 instead with accuracy 
3.082479605815177e-08.

  values, vectors = lobpcg(projected_hamiltonian, guess, largest=False,
/home/erosanow_hpc/informed_swapping/BARK.py:163: UserWarning: Exited postprocessing with accuracies 
[3.08247961e-08]
not reaching the requested tolerance 1e-09.
  values, vectors = lobpcg(projected_hamiltonian, guess, largest=False,
/home/erosanow_hpc/informed_swapping/BARK.py:163: UserWarning: Exited at iteration 50 with accuracies 
[1.71436813e-05]
not reaching the requested tolerance 1e-09.
Use iteration 8 instead with accuracy 
3.4646111027467753e-08.

  values, vectors = lobpcg(projected_hamiltonian, guess, largest=False,
/home/erosanow_hpc/informed_swapping/BARK.py:163: UserWarning: Exited postprocessing with accuracies 
[3.4646111e-08]
not reaching the requested tolerance 1e-09.
  values, vectors = lobpcg(projected_hamiltonian, guess, largest=False,
/home/erosanow_hpc/informed_swapping/BARK.py:163: UserWarning: Exited at iteration 50 with accuracies 
[1.21227121e-05]
not reaching the requested tolerance 1e-09.
Use iteration 4 instead with accuracy 
2.8277595278712658e-08.

  values, vectors = lobpcg(projected_hamiltonian, guess, largest=False,
/home/erosanow_hpc/informed_swapping/BARK.py:163: UserWarning: Exited postprocessing with accuracies 
[2.82775953e-08]
not reaching the requested tolerance 1e-09.
  values, vectors = lobpcg(projected_hamiltonian, guess, largest=False,
/home/erosanow_hpc/informed_swapping/BARK.py:163: UserWarning: Exited at iteration 50 with accuracies 
[1.84216065e-05]
not reaching the requested tolerance 1e-09.
Use iteration 9 instead with accuracy 
3.586093163247187e-08.

  values, vectors = lobpcg(projected_hamiltonian, guess, largest=False,
/home/erosanow_hpc/informed_swapping/BARK.py:163: UserWarning: Exited postprocessing with accuracies 
[3.58609316e-08]
not reaching the requested tolerance 1e-09.
  values, vectors = lobpcg(projected_hamiltonian, guess, largest=False,
/home/erosanow_hpc/informed_swapping/BARK.py:163: UserWarning: Exited at iteration 50 with accuracies 
[2.86408733e-05]
not reaching the requested tolerance 1e-09.
Use iteration 7 instead with accuracy 
3.2238720402992453e-08.

  values, vectors = lobpcg(projected_hamiltonian, guess, largest=False,
/home/erosanow_hpc/informed_swapping/BARK.py:163: UserWarning: Exited postprocessing with accuracies 
[3.22387204e-08]
not reaching the requested tolerance 1e-09.
  values, vectors = lobpcg(projected_hamiltonian, guess, largest=False,
/home/erosanow_hpc/informed_swapping/BARK.py:163: UserWarning: Exited at iteration 50 with accuracies 
[1.32962218e-05]
not reaching the requested tolerance 1e-09.
Use iteration 9 instead with accuracy 
3.606159365651089e-08.

  values, vectors = lobpcg(projected_hamiltonian, guess, largest=False,
/home/erosanow_hpc/informed_swapping/BARK.py:163: UserWarning: Exited postprocessing with accuracies 
[3.60615937e-08]
not reaching the requested tolerance 1e-09.
  values, vectors = lobpcg(projected_hamiltonian, guess, largest=False,
/home/erosanow_hpc/informed_swapping/BARK.py:163: UserWarning: Exited at iteration 50 with accuracies 
[2.2456298e-05]
not reaching the requested tolerance 1e-09.
Use iteration 7 instead with accuracy 
3.390737951281934e-08.

  values, vectors = lobpcg(projected_hamiltonian, guess, largest=False,
/home/erosanow_hpc/informed_swapping/BARK.py:163: UserWarning: Exited postprocessing with accuracies 
[3.39073795e-08]
not reaching the requested tolerance 1e-09.
  values, vectors = lobpcg(projected_hamiltonian, guess, largest=False,
/home/erosanow_hpc/informed_swapping/BARK.py:163: UserWarning: Exited at iteration 50 with accuracies 
[1.86485576e-05]
not reaching the requested tolerance 1e-09.
Use iteration 7 instead with accuracy 
2.4219858730171715e-08.

  values, vectors = lobpcg(projected_hamiltonian, guess, largest=False,
/home/erosanow_hpc/informed_swapping/BARK.py:163: UserWarning: Exited postprocessing with accuracies 
[2.42198587e-08]
not reaching the requested tolerance 1e-09.
  values, vectors = lobpcg(projected_hamiltonian, guess, largest=False,
/home/erosanow_hpc/informed_swapping/BARK.py:163: UserWarning: Exited at iteration 50 with accuracies 
[9.15001353e-06]
not reaching the requested tolerance 1e-09.
Use iteration 11 instead with accuracy 
2.959181417110273e-08.

  values, vectors = lobpcg(projected_hamiltonian, guess, largest=False,
/home/erosanow_hpc/informed_swapping/BARK.py:163: UserWarning: Exited postprocessing with accuracies 
[2.95918142e-08]
not reaching the requested tolerance 1e-09.
  values, vectors = lobpcg(projected_hamiltonian, guess, largest=False,
/home/erosanow_hpc/informed_swapping/BARK.py:163: UserWarning: Exited at iteration 50 with accuracies 
[1.26615449e-05]
not reaching the requested tolerance 1e-09.
Use iteration 8 instead with accuracy 
3.559980351131657e-08.

  values, vectors = lobpcg(projected_hamiltonian, guess, largest=False,
/home/erosanow_hpc/informed_swapping/BARK.py:163: UserWarning: Exited postprocessing with accuracies 
[3.55998035e-08]
not reaching the requested tolerance 1e-09.
  values, vectors = lobpcg(projected_hamiltonian, guess, largest=False,
/home/erosanow_hpc/informed_swapping/BARK.py:163: UserWarning: Exited at iteration 50 with accuracies 
[1.67831053e-05]
not reaching the requested tolerance 1e-09.
Use iteration 7 instead with accuracy 
2.5906403748099502e-08.

  values, vectors = lobpcg(projected_hamiltonian, guess, largest=False,
/home/erosanow_hpc/informed_swapping/BARK.py:163: UserWarning: Exited postprocessing with accuracies 
[2.59064038e-08]
not reaching the requested tolerance 1e-09.
  values, vectors = lobpcg(projected_hamiltonian, guess, largest=False,
/home/erosanow_hpc/informed_swapping/BARK.py:163: UserWarning: Exited at iteration 50 with accuracies 
[2.25206293e-05]
not reaching the requested tolerance 1e-09.
Use iteration 9 instead with accuracy 
2.14257985230328e-08.

  values, vectors = lobpcg(projected_hamiltonian, guess, largest=False,
/home/erosanow_hpc/informed_swapping/BARK.py:163: UserWarning: Exited postprocessing with accuracies 
[2.14257985e-08]
not reaching the requested tolerance 1e-09.
  values, vectors = lobpcg(projected_hamiltonian, guess, largest=False,
/home/erosanow_hpc/informed_swapping/BARK.py:163: UserWarning: Exited at iteration 50 with accuracies 
[2.76639669e-05]
not reaching the requested tolerance 1e-09.
Use iteration 9 instead with accuracy 
2.8974777716471105e-08.

  values, vectors = lobpcg(projected_hamiltonian, guess, largest=False,
/home/erosanow_hpc/informed_swapping/BARK.py:163: UserWarning: Exited postprocessing with accuracies 
[2.89747777e-08]
not reaching the requested tolerance 1e-09.
  values, vectors = lobpcg(projected_hamiltonian, guess, largest=False,
/home/erosanow_hpc/informed_swapping/BARK.py:163: UserWarning: Exited at iteration 50 with accuracies 
[4.44221814e-06]
not reaching the requested tolerance 1e-09.
Use iteration 9 instead with accuracy 
3.135455062497024e-08.

  values, vectors = lobpcg(projected_hamiltonian, guess, largest=False,
/home/erosanow_hpc/informed_swapping/BARK.py:163: UserWarning: Exited postprocessing with accuracies 
[3.13545506e-08]
not reaching the requested tolerance 1e-09.
  values, vectors = lobpcg(projected_hamiltonian, guess, largest=False,
/home/erosanow_hpc/informed_swapping/BARK.py:163: UserWarning: Exited at iteration 50 with accuracies 
[1.16669966e-05]
not reaching the requested tolerance 1e-09.
Use iteration 7 instead with accuracy 
3.5893302977502285e-08.

  values, vectors = lobpcg(projected_hamiltonian, guess, largest=False,
/home/erosanow_hpc/informed_swapping/BARK.py:163: UserWarning: Exited postprocessing with accuracies 
[3.5893303e-08]
not reaching the requested tolerance 1e-09.
  values, vectors = lobpcg(projected_hamiltonian, guess, largest=False,
/home/erosanow_hpc/informed_swapping/BARK.py:163: UserWarning: Exited at iteration 50 with accuracies 
[1.00201444e-05]
not reaching the requested tolerance 1e-09.
Use iteration 8 instead with accuracy 
2.7622065227364893e-08.

  values, vectors = lobpcg(projected_hamiltonian, guess, largest=False,
/home/erosanow_hpc/informed_swapping/BARK.py:163: UserWarning: Exited postprocessing with accuracies 
[2.76220652e-08]
not reaching the requested tolerance 1e-09.
  values, vectors = lobpcg(projected_hamiltonian, guess, largest=False,
/home/erosanow_hpc/informed_swapping/BARK.py:163: UserWarning: Exited at iteration 50 with accuracies 
[1.4268837e-05]
not reaching the requested tolerance 1e-09.
Use iteration 8 instead with accuracy 
2.9013805721177382e-08.

  values, vectors = lobpcg(projected_hamiltonian, guess, largest=False,
/home/erosanow_hpc/informed_swapping/BARK.py:163: UserWarning: Exited postprocessing with accuracies 
[2.90138057e-08]
not reaching the requested tolerance 1e-09.
  values, vectors = lobpcg(projected_hamiltonian, guess, largest=False,
/home/erosanow_hpc/informed_swapping/BARK.py:163: UserWarning: Exited at iteration 50 with accuracies 
[1.74816865e-05]
not reaching the requested tolerance 1e-09.
Use iteration 7 instead with accuracy 
3.5935895396446334e-08.

  values, vectors = lobpcg(projected_hamiltonian, guess, largest=False,
/home/erosanow_hpc/informed_swapping/BARK.py:163: UserWarning: Exited postprocessing with accuracies 
[3.59358954e-08]
not reaching the requested tolerance 1e-09.
  values, vectors = lobpcg(projected_hamiltonian, guess, largest=False,
/home/erosanow_hpc/informed_swapping/BARK.py:163: UserWarning: Exited at iteration 50 with accuracies 
[7.34328754e-06]
not reaching the requested tolerance 1e-09.
Use iteration 4 instead with accuracy 
2.7259732446899564e-08.

  values, vectors = lobpcg(projected_hamiltonian, guess, largest=False,
/home/erosanow_hpc/informed_swapping/BARK.py:163: UserWarning: Exited postprocessing with accuracies 
[2.72597324e-08]
not reaching the requested tolerance 1e-09.
  values, vectors = lobpcg(projected_hamiltonian, guess, largest=False,
/home/erosanow_hpc/informed_swapping/BARK.py:163: UserWarning: Exited at iteration 50 with accuracies 
[1.72779797e-05]
not reaching the requested tolerance 1e-09.
Use iteration 7 instead with accuracy 
3.0681876736059465e-08.

  values, vectors = lobpcg(projected_hamiltonian, guess, largest=False,
/home/erosanow_hpc/informed_swapping/BARK.py:163: UserWarning: Exited postprocessing with accuracies 
[3.06818767e-08]
not reaching the requested tolerance 1e-09.
  values, vectors = lobpcg(projected_hamiltonian, guess, largest=False,
/home/erosanow_hpc/informed_swapping/BARK.py:163: UserWarning: Exited at iteration 50 with accuracies 
[2.15704234e-05]
not reaching the requested tolerance 1e-09.
Use iteration 8 instead with accuracy 
2.1597393515585535e-08.

  values, vectors = lobpcg(projected_hamiltonian, guess, largest=False,
/home/erosanow_hpc/informed_swapping/BARK.py:163: UserWarning: Exited postprocessing with accuracies 
[2.15973935e-08]
not reaching the requested tolerance 1e-09.
  values, vectors = lobpcg(projected_hamiltonian, guess, largest=False,
/home/erosanow_hpc/informed_swapping/BARK.py:163: UserWarning: Exited at iteration 50 with accuracies 
[2.45092736e-05]
not reaching the requested tolerance 1e-09.
Use iteration 8 instead with accuracy 
2.415149291160563e-08.

  values, vectors = lobpcg(projected_hamiltonian, guess, largest=False,
/home/erosanow_hpc/informed_swapping/BARK.py:163: UserWarning: Exited postprocessing with accuracies 
[2.41514929e-08]
not reaching the requested tolerance 1e-09.
  values, vectors = lobpcg(projected_hamiltonian, guess, largest=False,
/home/erosanow_hpc/informed_swapping/BARK.py:163: UserWarning: Exited at iteration 50 with accuracies 
[2.2476641e-06]
not reaching the requested tolerance 1e-09.
Use iteration 8 instead with accuracy 
2.3443531346548923e-08.

  values, vectors = lobpcg(projected_hamiltonian, guess, largest=False,
/home/erosanow_hpc/informed_swapping/BARK.py:163: UserWarning: Exited postprocessing with accuracies 
[2.34435313e-08]
not reaching the requested tolerance 1e-09.
  values, vectors = lobpcg(projected_hamiltonian, guess, largest=False,
/home/erosanow_hpc/informed_swapping/BARK.py:163: UserWarning: Exited at iteration 50 with accuracies 
[2.29458585e-05]
not reaching the requested tolerance 1e-09.
Use iteration 8 instead with accuracy 
1.7719540458862154e-08.

  values, vectors = lobpcg(projected_hamiltonian, guess, largest=False,
/home/erosanow_hpc/informed_swapping/BARK.py:163: UserWarning: Exited postprocessing with accuracies 
[1.77195405e-08]
not reaching the requested tolerance 1e-09.
  values, vectors = lobpcg(projected_hamiltonian, guess, largest=False,
/home/erosanow_hpc/informed_swapping/BARK.py:163: UserWarning: Exited at iteration 50 with accuracies 
[1.72125769e-05]
not reaching the requested tolerance 1e-09.
Use iteration 8 instead with accuracy 
2.3518638515095675e-08.

  values, vectors = lobpcg(projected_hamiltonian, guess, largest=False,
/home/erosanow_hpc/informed_swapping/BARK.py:163: UserWarning: Exited postprocessing with accuracies 
[2.35186385e-08]
not reaching the requested tolerance 1e-09.
  values, vectors = lobpcg(projected_hamiltonian, guess, largest=False,
/home/erosanow_hpc/informed_swapping/BARK.py:163: UserWarning: Exited at iteration 50 with accuracies 
[1.17080523e-05]
not reaching the requested tolerance 1e-09.
Use iteration 9 instead with accuracy 
2.257024430713974e-08.

  values, vectors = lobpcg(projected_hamiltonian, guess, largest=False,
/home/erosanow_hpc/informed_swapping/BARK.py:163: UserWarning: Exited postprocessing with accuracies 
[2.25702443e-08]
not reaching the requested tolerance 1e-09.
  values, vectors = lobpcg(projected_hamiltonian, guess, largest=False,
/home/erosanow_hpc/informed_swapping/BARK.py:163: UserWarning: Exited at iteration 50 with accuracies 
[1.71380217e-05]
not reaching the requested tolerance 1e-09.
Use iteration 7 instead with accuracy 
2.636911293606188e-08.

  values, vectors = lobpcg(projected_hamiltonian, guess, largest=False,
/home/erosanow_hpc/informed_swapping/BARK.py:163: UserWarning: Exited postprocessing with accuracies 
[2.63691129e-08]
not reaching the requested tolerance 1e-09.
  values, vectors = lobpcg(projected_hamiltonian, guess, largest=False,
/home/erosanow_hpc/informed_swapping/BARK.py:163: UserWarning: Exited at iteration 50 with accuracies 
[2.21943138e-05]
not reaching the requested tolerance 1e-09.
Use iteration 8 instead with accuracy 
2.4891441805276684e-08.

  values, vectors = lobpcg(projected_hamiltonian, guess, largest=False,
/home/erosanow_hpc/informed_swapping/BARK.py:163: UserWarning: Exited postprocessing with accuracies 
[2.48914418e-08]
not reaching the requested tolerance 1e-09.
  values, vectors = lobpcg(projected_hamiltonian, guess, largest=False,
/home/erosanow_hpc/informed_swapping/BARK.py:163: UserWarning: Exited at iteration 50 with accuracies 
[1.46395602e-05]
not reaching the requested tolerance 1e-09.
Use iteration 6 instead with accuracy 
2.2274799561672217e-08.

  values, vectors = lobpcg(projected_hamiltonian, guess, largest=False,
/home/erosanow_hpc/informed_swapping/BARK.py:163: UserWarning: Exited postprocessing with accuracies 
[2.22747995e-08]
not reaching the requested tolerance 1e-09.
  values, vectors = lobpcg(projected_hamiltonian, guess, largest=False,
/home/erosanow_hpc/informed_swapping/BARK.py:163: UserWarning: Exited at iteration 50 with accuracies 
[6.15786988e-06]
not reaching the requested tolerance 1e-09.
Use iteration 7 instead with accuracy 
2.5299238104577798e-08.

  values, vectors = lobpcg(projected_hamiltonian, guess, largest=False,
/home/erosanow_hpc/informed_swapping/BARK.py:163: UserWarning: Exited postprocessing with accuracies 
[2.52992381e-08]
not reaching the requested tolerance 1e-09.
  values, vectors = lobpcg(projected_hamiltonian, guess, largest=False,
/home/erosanow_hpc/informed_swapping/BARK.py:163: UserWarning: Exited at iteration 50 with accuracies 
[2.18082057e-05]
not reaching the requested tolerance 1e-09.
Use iteration 10 instead with accuracy 
1.7658337973553607e-08.

  values, vectors = lobpcg(projected_hamiltonian, guess, largest=False,
/home/erosanow_hpc/informed_swapping/BARK.py:163: UserWarning: Exited postprocessing with accuracies 
[1.7658338e-08]
not reaching the requested tolerance 1e-09.
  values, vectors = lobpcg(projected_hamiltonian, guess, largest=False,
/home/erosanow_hpc/informed_swapping/BARK.py:163: UserWarning: Exited at iteration 50 with accuracies 
[2.19929557e-05]
not reaching the requested tolerance 1e-09.
Use iteration 6 instead with accuracy 
2.034906738895253e-08.

  values, vectors = lobpcg(projected_hamiltonian, guess, largest=False,
/home/erosanow_hpc/informed_swapping/BARK.py:163: UserWarning: Exited postprocessing with accuracies 
[2.03490674e-08]
not reaching the requested tolerance 1e-09.
  values, vectors = lobpcg(projected_hamiltonian, guess, largest=False,
/home/erosanow_hpc/informed_swapping/BARK.py:163: UserWarning: Exited at iteration 50 with accuracies 
[1.9132244e-05]
not reaching the requested tolerance 1e-09.
Use iteration 8 instead with accuracy 
2.2286956834538568e-08.

  values, vectors = lobpcg(projected_hamiltonian, guess, largest=False,
/home/erosanow_hpc/informed_swapping/BARK.py:163: UserWarning: Exited postprocessing with accuracies 
[2.22869568e-08]
not reaching the requested tolerance 1e-09.
  values, vectors = lobpcg(projected_hamiltonian, guess, largest=False,
/home/erosanow_hpc/informed_swapping/BARK.py:163: UserWarning: Exited at iteration 50 with accuracies 
[3.51159773e-05]
not reaching the requested tolerance 1e-09.
Use iteration 10 instead with accuracy 
2.7218109801606363e-08.

  values, vectors = lobpcg(projected_hamiltonian, guess, largest=False,
/home/erosanow_hpc/informed_swapping/BARK.py:163: UserWarning: Exited postprocessing with accuracies 
[2.72181098e-08]
not reaching the requested tolerance 1e-09.
  values, vectors = lobpcg(projected_hamiltonian, guess, largest=False,
/home/erosanow_hpc/informed_swapping/BARK.py:163: UserWarning: Exited at iteration 50 with accuracies 
[1.27439322e-05]
not reaching the requested tolerance 1e-09.
Use iteration 11 instead with accuracy 
2.6911400528639457e-08.

  values, vectors = lobpcg(projected_hamiltonian, guess, largest=False,
/home/erosanow_hpc/informed_swapping/BARK.py:163: UserWarning: Exited postprocessing with accuracies 
[2.69114005e-08]
not reaching the requested tolerance 1e-09.
  values, vectors = lobpcg(projected_hamiltonian, guess, largest=False,
/home/erosanow_hpc/informed_swapping/BARK.py:163: UserWarning: Exited at iteration 50 with accuracies 
[2.55999646e-05]
not reaching the requested tolerance 1e-09.
Use iteration 7 instead with accuracy 
2.9204025604013103e-08.

  values, vectors = lobpcg(projected_hamiltonian, guess, largest=False,
/home/erosanow_hpc/informed_swapping/BARK.py:163: UserWarning: Exited postprocessing with accuracies 
[2.92040256e-08]
not reaching the requested tolerance 1e-09.
  values, vectors = lobpcg(projected_hamiltonian, guess, largest=False,
/home/erosanow_hpc/informed_swapping/BARK.py:163: UserWarning: Exited at iteration 50 with accuracies 
[1.96372038e-05]
not reaching the requested tolerance 1e-09.
Use iteration 7 instead with accuracy 
2.722631739702551e-08.

  values, vectors = lobpcg(projected_hamiltonian, guess, largest=False,
/home/erosanow_hpc/informed_swapping/BARK.py:163: UserWarning: Exited postprocessing with accuracies 
[2.72263174e-08]
not reaching the requested tolerance 1e-09.
  values, vectors = lobpcg(projected_hamiltonian, guess, largest=False,
/home/erosanow_hpc/informed_swapping/BARK.py:163: UserWarning: Exited at iteration 50 with accuracies 
[1.02920442e-05]
not reaching the requested tolerance 1e-09.
Use iteration 5 instead with accuracy 
2.0733468054299952e-08.

  values, vectors = lobpcg(projected_hamiltonian, guess, largest=False,
/home/erosanow_hpc/informed_swapping/BARK.py:163: UserWarning: Exited postprocessing with accuracies 
[2.07334681e-08]
not reaching the requested tolerance 1e-09.
  values, vectors = lobpcg(projected_hamiltonian, guess, largest=False,
/home/erosanow_hpc/informed_swapping/BARK.py:163: UserWarning: Exited at iteration 50 with accuracies 
[1.13636585e-05]
not reaching the requested tolerance 1e-09.
Use iteration 4 instead with accuracy 
2.1349317264648688e-08.

  values, vectors = lobpcg(projected_hamiltonian, guess, largest=False,
/home/erosanow_hpc/informed_swapping/BARK.py:163: UserWarning: Exited postprocessing with accuracies 
[2.13493173e-08]
not reaching the requested tolerance 1e-09.
  values, vectors = lobpcg(projected_hamiltonian, guess, largest=False,
/home/erosanow_hpc/informed_swapping/BARK.py:163: UserWarning: Exited at iteration 50 with accuracies 
[1.35005092e-05]
not reaching the requested tolerance 1e-09.
Use iteration 5 instead with accuracy 
2.217918064509905e-08.

  values, vectors = lobpcg(projected_hamiltonian, guess, largest=False,
/home/erosanow_hpc/informed_swapping/BARK.py:163: UserWarning: Exited postprocessing with accuracies 
[2.21791806e-08]
not reaching the requested tolerance 1e-09.
  values, vectors = lobpcg(projected_hamiltonian, guess, largest=False,
/home/erosanow_hpc/informed_swapping/BARK.py:163: UserWarning: Exited at iteration 50 with accuracies 
[3.97706786e-06]
not reaching the requested tolerance 1e-09.
Use iteration 8 instead with accuracy 
2.603557008807486e-08.

  values, vectors = lobpcg(projected_hamiltonian, guess, largest=False,
/home/erosanow_hpc/informed_swapping/BARK.py:163: UserWarning: Exited postprocessing with accuracies 
[2.60355701e-08]
not reaching the requested tolerance 1e-09.
  values, vectors = lobpcg(projected_hamiltonian, guess, largest=False,
/home/erosanow_hpc/informed_swapping/BARK.py:163: UserWarning: Exited at iteration 50 with accuracies 
[1.36996912e-05]
not reaching the requested tolerance 1e-09.
Use iteration 5 instead with accuracy 
2.183504060197966e-08.

  values, vectors = lobpcg(projected_hamiltonian, guess, largest=False,
/home/erosanow_hpc/informed_swapping/BARK.py:163: UserWarning: Exited postprocessing with accuracies 
[2.18350406e-08]
not reaching the requested tolerance 1e-09.
  values, vectors = lobpcg(projected_hamiltonian, guess, largest=False,
/home/erosanow_hpc/informed_swapping/BARK.py:163: UserWarning: Exited at iteration 50 with accuracies 
[1.14115112e-05]
not reaching the requested tolerance 1e-09.
Use iteration 5 instead with accuracy 
2.1719600691994823e-08.

  values, vectors = lobpcg(projected_hamiltonian, guess, largest=False,
/home/erosanow_hpc/informed_swapping/BARK.py:163: UserWarning: Exited postprocessing with accuracies 
[2.17196007e-08]
not reaching the requested tolerance 1e-09.
  values, vectors = lobpcg(projected_hamiltonian, guess, largest=False,
/home/erosanow_hpc/informed_swapping/BARK.py:163: UserWarning: Exited at iteration 50 with accuracies 
[1.62665908e-05]
not reaching the requested tolerance 1e-09.
Use iteration 8 instead with accuracy 
2.6717200186614975e-08.

  values, vectors = lobpcg(projected_hamiltonian, guess, largest=False,
/home/erosanow_hpc/informed_swapping/BARK.py:163: UserWarning: Exited postprocessing with accuracies 
[2.67172002e-08]
not reaching the requested tolerance 1e-09.
  values, vectors = lobpcg(projected_hamiltonian, guess, largest=False,
/home/erosanow_hpc/informed_swapping/BARK.py:163: UserWarning: Exited at iteration 50 with accuracies 
[2.68286487e-05]
not reaching the requested tolerance 1e-09.
Use iteration 9 instead with accuracy 
1.8925219782885557e-08.

  values, vectors = lobpcg(projected_hamiltonian, guess, largest=False,
/home/erosanow_hpc/informed_swapping/BARK.py:163: UserWarning: Exited postprocessing with accuracies 
[1.89252198e-08]
not reaching the requested tolerance 1e-09.
  values, vectors = lobpcg(projected_hamiltonian, guess, largest=False,
/home/erosanow_hpc/informed_swapping/BARK.py:163: UserWarning: Exited at iteration 50 with accuracies 
[1.80551437e-05]
not reaching the requested tolerance 1e-09.
Use iteration 8 instead with accuracy 
1.904339835221817e-08.

  values, vectors = lobpcg(projected_hamiltonian, guess, largest=False,
/home/erosanow_hpc/informed_swapping/BARK.py:163: UserWarning: Exited postprocessing with accuracies 
[1.90433984e-08]
not reaching the requested tolerance 1e-09.
  values, vectors = lobpcg(projected_hamiltonian, guess, largest=False,
/home/erosanow_hpc/informed_swapping/BARK.py:163: UserWarning: Exited at iteration 50 with accuracies 
[5.30878341e-06]
not reaching the requested tolerance 1e-09.
Use iteration 7 instead with accuracy 
1.8575093303580326e-08.

  values, vectors = lobpcg(projected_hamiltonian, guess, largest=False,
/home/erosanow_hpc/informed_swapping/BARK.py:163: UserWarning: Exited postprocessing with accuracies 
[1.85750933e-08]
not reaching the requested tolerance 1e-09.
  values, vectors = lobpcg(projected_hamiltonian, guess, largest=False,
/home/erosanow_hpc/informed_swapping/BARK.py:163: UserWarning: Exited at iteration 50 with accuracies 
[1.569463e-05]
not reaching the requested tolerance 1e-09.
Use iteration 8 instead with accuracy 
1.3617406233502147e-08.

  values, vectors = lobpcg(projected_hamiltonian, guess, largest=False,
/home/erosanow_hpc/informed_swapping/BARK.py:163: UserWarning: Exited postprocessing with accuracies 
[1.36174062e-08]
not reaching the requested tolerance 1e-09.
  values, vectors = lobpcg(projected_hamiltonian, guess, largest=False,
/home/erosanow_hpc/informed_swapping/BARK.py:163: UserWarning: Exited at iteration 50 with accuracies 
[2.81892045e-05]
not reaching the requested tolerance 1e-09.
Use iteration 8 instead with accuracy 
1.9573847860275184e-08.

  values, vectors = lobpcg(projected_hamiltonian, guess, largest=False,
/home/erosanow_hpc/informed_swapping/BARK.py:163: UserWarning: Exited postprocessing with accuracies 
[1.95738478e-08]
not reaching the requested tolerance 1e-09.
  values, vectors = lobpcg(projected_hamiltonian, guess, largest=False,
/home/erosanow_hpc/informed_swapping/BARK.py:163: UserWarning: Exited at iteration 50 with accuracies 
[2.59249283e-05]
not reaching the requested tolerance 1e-09.
Use iteration 9 instead with accuracy 
1.6978812552266582e-08.

  values, vectors = lobpcg(projected_hamiltonian, guess, largest=False,
/home/erosanow_hpc/informed_swapping/BARK.py:163: UserWarning: Exited postprocessing with accuracies 
[1.69788126e-08]
not reaching the requested tolerance 1e-09.
  values, vectors = lobpcg(projected_hamiltonian, guess, largest=False,
/home/erosanow_hpc/informed_swapping/BARK.py:163: UserWarning: Exited at iteration 50 with accuracies 
[5.33672827e-06]
not reaching the requested tolerance 1e-09.
Use iteration 8 instead with accuracy 
2.1500364422327796e-08.

  values, vectors = lobpcg(projected_hamiltonian, guess, largest=False,
/home/erosanow_hpc/informed_swapping/BARK.py:163: UserWarning: Exited postprocessing with accuracies 
[2.15003644e-08]
not reaching the requested tolerance 1e-09.
  values, vectors = lobpcg(projected_hamiltonian, guess, largest=False,
/home/erosanow_hpc/informed_swapping/BARK.py:163: UserWarning: Exited at iteration 50 with accuracies 
[2.4335363e-05]
not reaching the requested tolerance 1e-09.
Use iteration 9 instead with accuracy 
1.885770626552607e-08.

  values, vectors = lobpcg(projected_hamiltonian, guess, largest=False,
/home/erosanow_hpc/informed_swapping/BARK.py:163: UserWarning: Exited postprocessing with accuracies 
[1.88577063e-08]
not reaching the requested tolerance 1e-09.
  values, vectors = lobpcg(projected_hamiltonian, guess, largest=False,
/home/erosanow_hpc/informed_swapping/BARK.py:163: UserWarning: Exited at iteration 50 with accuracies 
[3.160434e-05]
not reaching the requested tolerance 1e-09.
Use iteration 9 instead with accuracy 
2.1888604651895298e-08.

  values, vectors = lobpcg(projected_hamiltonian, guess, largest=False,
/home/erosanow_hpc/informed_swapping/BARK.py:163: UserWarning: Exited postprocessing with accuracies 
[2.18886046e-08]
not reaching the requested tolerance 1e-09.
  values, vectors = lobpcg(projected_hamiltonian, guess, largest=False,
/home/erosanow_hpc/informed_swapping/BARK.py:163: UserWarning: Exited at iteration 50 with accuracies 
[1.84009891e-05]
not reaching the requested tolerance 1e-09.
Use iteration 7 instead with accuracy 
1.7491195004070913e-08.

  values, vectors = lobpcg(projected_hamiltonian, guess, largest=False,
/home/erosanow_hpc/informed_swapping/BARK.py:163: UserWarning: Exited postprocessing with accuracies 
[1.7491195e-08]
not reaching the requested tolerance 1e-09.
  values, vectors = lobpcg(projected_hamiltonian, guess, largest=False,
/home/erosanow_hpc/informed_swapping/BARK.py:163: UserWarning: Exited at iteration 50 with accuracies 
[2.1025437e-05]
not reaching the requested tolerance 1e-09.
Use iteration 9 instead with accuracy 
1.9952864512238698e-08.

  values, vectors = lobpcg(projected_hamiltonian, guess, largest=False,
/home/erosanow_hpc/informed_swapping/BARK.py:163: UserWarning: Exited postprocessing with accuracies 
[1.99528646e-08]
not reaching the requested tolerance 1e-09.
  values, vectors = lobpcg(projected_hamiltonian, guess, largest=False,
/home/erosanow_hpc/informed_swapping/BARK.py:163: UserWarning: Exited at iteration 50 with accuracies 
[1.09193279e-05]
not reaching the requested tolerance 1e-09.
Use iteration 6 instead with accuracy 
1.945025611615071e-08.

  values, vectors = lobpcg(projected_hamiltonian, guess, largest=False,
/home/erosanow_hpc/informed_swapping/BARK.py:163: UserWarning: Exited postprocessing with accuracies 
[1.94502561e-08]
not reaching the requested tolerance 1e-09.
  values, vectors = lobpcg(projected_hamiltonian, guess, largest=False,
/home/erosanow_hpc/informed_swapping/BARK.py:163: UserWarning: Exited at iteration 50 with accuracies 
[8.67594961e-06]
not reaching the requested tolerance 1e-09.
Use iteration 9 instead with accuracy 
2.024643455357604e-08.

  values, vectors = lobpcg(projected_hamiltonian, guess, largest=False,
/home/erosanow_hpc/informed_swapping/BARK.py:163: UserWarning: Exited postprocessing with accuracies 
[2.02464345e-08]
not reaching the requested tolerance 1e-09.
  values, vectors = lobpcg(projected_hamiltonian, guess, largest=False,
/home/erosanow_hpc/informed_swapping/BARK.py:163: UserWarning: Exited at iteration 50 with accuracies 
[3.42392298e-05]
not reaching the requested tolerance 1e-09.
Use iteration 11 instead with accuracy 
1.638781637905207e-08.

  values, vectors = lobpcg(projected_hamiltonian, guess, largest=False,
/home/erosanow_hpc/informed_swapping/BARK.py:163: UserWarning: Exited postprocessing with accuracies 
[1.63878164e-08]
not reaching the requested tolerance 1e-09.
  values, vectors = lobpcg(projected_hamiltonian, guess, largest=False,
/home/erosanow_hpc/informed_swapping/BARK.py:163: UserWarning: Exited at iteration 50 with accuracies 
[1.02389287e-05]
not reaching the requested tolerance 1e-09.
Use iteration 4 instead with accuracy 
1.7058542619181508e-08.

  values, vectors = lobpcg(projected_hamiltonian, guess, largest=False,
/home/erosanow_hpc/informed_swapping/BARK.py:163: UserWarning: Exited postprocessing with accuracies 
[1.70585426e-08]
not reaching the requested tolerance 1e-09.
  values, vectors = lobpcg(projected_hamiltonian, guess, largest=False,
/home/erosanow_hpc/informed_swapping/BARK.py:163: UserWarning: Exited at iteration 50 with accuracies 
[5.8226265e-06]
not reaching the requested tolerance 1e-09.
Use iteration 7 instead with accuracy 
1.8533343837304997e-08.

  values, vectors = lobpcg(projected_hamiltonian, guess, largest=False,
/home/erosanow_hpc/informed_swapping/BARK.py:163: UserWarning: Exited postprocessing with accuracies 
[1.85333438e-08]
not reaching the requested tolerance 1e-09.
  values, vectors = lobpcg(projected_hamiltonian, guess, largest=False,
/home/erosanow_hpc/informed_swapping/BARK.py:163: UserWarning: Exited at iteration 50 with accuracies 
[2.04164317e-05]
not reaching the requested tolerance 1e-09.
Use iteration 9 instead with accuracy 
1.3750543619258418e-08.

  values, vectors = lobpcg(projected_hamiltonian, guess, largest=False,
/home/erosanow_hpc/informed_swapping/BARK.py:163: UserWarning: Exited postprocessing with accuracies 
[1.37505436e-08]
not reaching the requested tolerance 1e-09.
  values, vectors = lobpcg(projected_hamiltonian, guess, largest=False,
/home/erosanow_hpc/informed_swapping/BARK.py:163: UserWarning: Exited at iteration 50 with accuracies 
[8.13825785e-06]
not reaching the requested tolerance 1e-09.
Use iteration 8 instead with accuracy 
1.4712451630213895e-08.

  values, vectors = lobpcg(projected_hamiltonian, guess, largest=False,
/home/erosanow_hpc/informed_swapping/BARK.py:163: UserWarning: Exited postprocessing with accuracies 
[1.47124516e-08]
not reaching the requested tolerance 1e-09.
  values, vectors = lobpcg(projected_hamiltonian, guess, largest=False,
/home/erosanow_hpc/informed_swapping/BARK.py:163: UserWarning: Exited at iteration 50 with accuracies 
[5.5522344e-06]
not reaching the requested tolerance 1e-09.
Use iteration 5 instead with accuracy 
8.913665434849259e-09.

  values, vectors = lobpcg(projected_hamiltonian, guess, largest=False,
/home/erosanow_hpc/informed_swapping/BARK.py:163: UserWarning: Exited postprocessing with accuracies 
[8.91366541e-09]
not reaching the requested tolerance 1e-09.
  values, vectors = lobpcg(projected_hamiltonian, guess, largest=False,
/home/erosanow_hpc/informed_swapping/BARK.py:163: UserWarning: Exited at iteration 50 with accuracies 
[1.86307375e-05]
not reaching the requested tolerance 1e-09.
Use iteration 10 instead with accuracy 
1.1793331021913442e-08.

  values, vectors = lobpcg(projected_hamiltonian, guess, largest=False,
/home/erosanow_hpc/informed_swapping/BARK.py:163: UserWarning: Exited postprocessing with accuracies 
[1.1793331e-08]
not reaching the requested tolerance 1e-09.
  values, vectors = lobpcg(projected_hamiltonian, guess, largest=False,
/home/erosanow_hpc/informed_swapping/BARK.py:163: UserWarning: Exited at iteration 50 with accuracies 
[1.67324637e-05]
not reaching the requested tolerance 1e-09.
Use iteration 9 instead with accuracy 
1.2280471544972934e-08.

  values, vectors = lobpcg(projected_hamiltonian, guess, largest=False,
/home/erosanow_hpc/informed_swapping/BARK.py:163: UserWarning: Exited postprocessing with accuracies 
[1.22804715e-08]
not reaching the requested tolerance 1e-09.
  values, vectors = lobpcg(projected_hamiltonian, guess, largest=False,
/home/erosanow_hpc/informed_swapping/BARK.py:163: UserWarning: Exited at iteration 50 with accuracies 
[1.83720635e-05]
not reaching the requested tolerance 1e-09.
Use iteration 10 instead with accuracy 
8.628982040049614e-09.

  values, vectors = lobpcg(projected_hamiltonian, guess, largest=False,
/home/erosanow_hpc/informed_swapping/BARK.py:163: UserWarning: Exited postprocessing with accuracies 
[8.62898204e-09]
not reaching the requested tolerance 1e-09.
  values, vectors = lobpcg(projected_hamiltonian, guess, largest=False,
/home/erosanow_hpc/informed_swapping/BARK.py:163: UserWarning: Exited at iteration 50 with accuracies 
[1.25294323e-05]
not reaching the requested tolerance 1e-09.
Use iteration 8 instead with accuracy 
1.3652989721948946e-08.

  values, vectors = lobpcg(projected_hamiltonian, guess, largest=False,
/home/erosanow_hpc/informed_swapping/BARK.py:163: UserWarning: Exited postprocessing with accuracies 
[1.36529897e-08]
not reaching the requested tolerance 1e-09.
  values, vectors = lobpcg(projected_hamiltonian, guess, largest=False,
/home/erosanow_hpc/informed_swapping/BARK.py:163: UserWarning: Exited at iteration 50 with accuracies 
[5.7047567e-06]
not reaching the requested tolerance 1e-09.
Use iteration 8 instead with accuracy 
1.1904893099260201e-08.

  values, vectors = lobpcg(projected_hamiltonian, guess, largest=False,
/home/erosanow_hpc/informed_swapping/BARK.py:163: UserWarning: Exited postprocessing with accuracies 
[1.19048931e-08]
not reaching the requested tolerance 1e-09.
  values, vectors = lobpcg(projected_hamiltonian, guess, largest=False,
/home/erosanow_hpc/informed_swapping/BARK.py:163: UserWarning: Exited at iteration 50 with accuracies 
[9.28492562e-06]
not reaching the requested tolerance 1e-09.
Use iteration 6 instead with accuracy 
1.1863390007238099e-08.

  values, vectors = lobpcg(projected_hamiltonian, guess, largest=False,
/home/erosanow_hpc/informed_swapping/BARK.py:163: UserWarning: Exited postprocessing with accuracies 
[1.186339e-08]
not reaching the requested tolerance 1e-09.
  values, vectors = lobpcg(projected_hamiltonian, guess, largest=False,
/home/erosanow_hpc/informed_swapping/BARK.py:163: UserWarning: Exited at iteration 50 with accuracies 
[1.60382422e-06]
not reaching the requested tolerance 1e-09.
Use iteration 8 instead with accuracy 
1.2039774807228364e-08.

  values, vectors = lobpcg(projected_hamiltonian, guess, largest=False,
/home/erosanow_hpc/informed_swapping/BARK.py:163: UserWarning: Exited postprocessing with accuracies 
[1.20397748e-08]
not reaching the requested tolerance 1e-09.
  values, vectors = lobpcg(projected_hamiltonian, guess, largest=False,
/home/erosanow_hpc/informed_swapping/BARK.py:163: UserWarning: Exited at iteration 50 with accuracies 
[1.2989237e-05]
not reaching the requested tolerance 1e-09.
Use iteration 7 instead with accuracy 
1.2630886557315695e-08.

  values, vectors = lobpcg(projected_hamiltonian, guess, largest=False,
/home/erosanow_hpc/informed_swapping/BARK.py:163: UserWarning: Exited postprocessing with accuracies 
[1.26308866e-08]
not reaching the requested tolerance 1e-09.
  values, vectors = lobpcg(projected_hamiltonian, guess, largest=False,
/home/erosanow_hpc/informed_swapping/BARK.py:163: UserWarning: Exited at iteration 50 with accuracies 
[1.66242881e-05]
not reaching the requested tolerance 1e-09.
Use iteration 9 instead with accuracy 
1.0745989789543204e-08.

  values, vectors = lobpcg(projected_hamiltonian, guess, largest=False,
/home/erosanow_hpc/informed_swapping/BARK.py:163: UserWarning: Exited postprocessing with accuracies 
[1.07459898e-08]
not reaching the requested tolerance 1e-09.
  values, vectors = lobpcg(projected_hamiltonian, guess, largest=False,
/home/erosanow_hpc/informed_swapping/BARK.py:163: UserWarning: Exited at iteration 50 with accuracies 
[1.29859995e-05]
not reaching the requested tolerance 1e-09.
Use iteration 11 instead with accuracy 
1.1205381464110874e-08.

  values, vectors = lobpcg(projected_hamiltonian, guess, largest=False,
/home/erosanow_hpc/informed_swapping/BARK.py:163: UserWarning: Exited postprocessing with accuracies 
[1.12053815e-08]
not reaching the requested tolerance 1e-09.
  values, vectors = lobpcg(projected_hamiltonian, guess, largest=False,
/home/erosanow_hpc/informed_swapping/BARK.py:163: UserWarning: Exited at iteration 50 with accuracies 
[1.32393172e-05]
not reaching the requested tolerance 1e-09.
Use iteration 6 instead with accuracy 
1.1494896112933644e-08.

  values, vectors = lobpcg(projected_hamiltonian, guess, largest=False,
/home/erosanow_hpc/informed_swapping/BARK.py:163: UserWarning: Exited postprocessing with accuracies 
[1.14948961e-08]
not reaching the requested tolerance 1e-09.
  values, vectors = lobpcg(projected_hamiltonian, guess, largest=False,
/home/erosanow_hpc/informed_swapping/BARK.py:163: UserWarning: Exited at iteration 50 with accuracies 
[1.47085114e-05]
not reaching the requested tolerance 1e-09.
Use iteration 8 instead with accuracy 
1.427492192226631e-08.

  values, vectors = lobpcg(projected_hamiltonian, guess, largest=False,
/home/erosanow_hpc/informed_swapping/BARK.py:163: UserWarning: Exited postprocessing with accuracies 
[1.42749219e-08]
not reaching the requested tolerance 1e-09.
  values, vectors = lobpcg(projected_hamiltonian, guess, largest=False,
/home/erosanow_hpc/informed_swapping/BARK.py:163: UserWarning: Exited at iteration 50 with accuracies 
[1.63000251e-05]
not reaching the requested tolerance 1e-09.
Use iteration 7 instead with accuracy 
9.605606491321488e-09.

  values, vectors = lobpcg(projected_hamiltonian, guess, largest=False,
/home/erosanow_hpc/informed_swapping/BARK.py:163: UserWarning: Exited postprocessing with accuracies 
[9.6056065e-09]
not reaching the requested tolerance 1e-09.
  values, vectors = lobpcg(projected_hamiltonian, guess, largest=False,
/home/erosanow_hpc/informed_swapping/BARK.py:163: UserWarning: Exited at iteration 50 with accuracies 
[1.03192714e-05]
not reaching the requested tolerance 1e-09.
Use iteration 7 instead with accuracy 
1.2600474449079485e-08.

  values, vectors = lobpcg(projected_hamiltonian, guess, largest=False,
/home/erosanow_hpc/informed_swapping/BARK.py:163: UserWarning: Exited postprocessing with accuracies 
[1.26004745e-08]
not reaching the requested tolerance 1e-09.
  values, vectors = lobpcg(projected_hamiltonian, guess, largest=False,
/home/erosanow_hpc/informed_swapping/BARK.py:163: UserWarning: Exited at iteration 50 with accuracies 
[1.50756294e-05]
not reaching the requested tolerance 1e-09.
Use iteration 9 instead with accuracy 
1.1685001922505736e-08.

  values, vectors = lobpcg(projected_hamiltonian, guess, largest=False,
/home/erosanow_hpc/informed_swapping/BARK.py:163: UserWarning: Exited postprocessing with accuracies 
[1.1685002e-08]
not reaching the requested tolerance 1e-09.
  values, vectors = lobpcg(projected_hamiltonian, guess, largest=False,
/home/erosanow_hpc/informed_swapping/BARK.py:163: UserWarning: Exited at iteration 50 with accuracies 
[7.74817443e-06]
not reaching the requested tolerance 1e-09.
Use iteration 8 instead with accuracy 
1.0959155756027978e-08.

  values, vectors = lobpcg(projected_hamiltonian, guess, largest=False,
/home/erosanow_hpc/informed_swapping/BARK.py:163: UserWarning: Exited postprocessing with accuracies 
[1.09591558e-08]
not reaching the requested tolerance 1e-09.
  values, vectors = lobpcg(projected_hamiltonian, guess, largest=False,
/home/erosanow_hpc/informed_swapping/BARK.py:163: UserWarning: Exited at iteration 50 with accuracies 
[8.90583118e-06]
not reaching the requested tolerance 1e-09.
Use iteration 7 instead with accuracy 
1.1486409073841185e-08.

  values, vectors = lobpcg(projected_hamiltonian, guess, largest=False,
/home/erosanow_hpc/informed_swapping/BARK.py:163: UserWarning: Exited postprocessing with accuracies 
[1.14864091e-08]
not reaching the requested tolerance 1e-09.
  values, vectors = lobpcg(projected_hamiltonian, guess, largest=False,
/home/erosanow_hpc/informed_swapping/BARK.py:163: UserWarning: Exited at iteration 50 with accuracies 
[2.26194428e-06]
not reaching the requested tolerance 1e-09.
Use iteration 5 instead with accuracy 
1.0559060335044706e-08.

  values, vectors = lobpcg(projected_hamiltonian, guess, largest=False,
/home/erosanow_hpc/informed_swapping/BARK.py:163: UserWarning: Exited postprocessing with accuracies 
[1.05590603e-08]
not reaching the requested tolerance 1e-09.
  values, vectors = lobpcg(projected_hamiltonian, guess, largest=False,
/home/erosanow_hpc/informed_swapping/BARK.py:163: UserWarning: Exited at iteration 50 with accuracies 
[1.30334304e-05]
not reaching the requested tolerance 1e-09.
Use iteration 8 instead with accuracy 
9.432800647772236e-09.

  values, vectors = lobpcg(projected_hamiltonian, guess, largest=False,
/home/erosanow_hpc/informed_swapping/BARK.py:163: UserWarning: Exited postprocessing with accuracies 
[9.43280065e-09]
not reaching the requested tolerance 1e-09.
  values, vectors = lobpcg(projected_hamiltonian, guess, largest=False,
/home/erosanow_hpc/informed_swapping/BARK.py:163: UserWarning: Exited at iteration 50 with accuracies 
[5.52568662e-06]
not reaching the requested tolerance 1e-09.
Use iteration 5 instead with accuracy 
8.722511778234919e-09.

  values, vectors = lobpcg(projected_hamiltonian, guess, largest=False,
/home/erosanow_hpc/informed_swapping/BARK.py:163: UserWarning: Exited postprocessing with accuracies 
[8.72251178e-09]
not reaching the requested tolerance 1e-09.
  values, vectors = lobpcg(projected_hamiltonian, guess, largest=False,
/home/erosanow_hpc/informed_swapping/BARK.py:163: UserWarning: Exited at iteration 50 with accuracies 
[2.63332416e-06]
not reaching the requested tolerance 1e-09.
Use iteration 6 instead with accuracy 
1.0093357226832705e-08.

  values, vectors = lobpcg(projected_hamiltonian, guess, largest=False,
/home/erosanow_hpc/informed_swapping/BARK.py:163: UserWarning: Exited postprocessing with accuracies 
[1.00933572e-08]
not reaching the requested tolerance 1e-09.
  values, vectors = lobpcg(projected_hamiltonian, guess, largest=False,
/home/erosanow_hpc/informed_swapping/BARK.py:163: UserWarning: Exited at iteration 50 with accuracies 
[1.64722205e-05]
not reaching the requested tolerance 1e-09.
Use iteration 10 instead with accuracy 
1.2326172164246136e-08.

  values, vectors = lobpcg(projected_hamiltonian, guess, largest=False,
/home/erosanow_hpc/informed_swapping/BARK.py:163: UserWarning: Exited postprocessing with accuracies 
[1.23261722e-08]
not reaching the requested tolerance 1e-09.
  values, vectors = lobpcg(projected_hamiltonian, guess, largest=False,
/home/erosanow_hpc/informed_swapping/BARK.py:163: UserWarning: Exited at iteration 50 with accuracies 
[9.43457095e-06]
not reaching the requested tolerance 1e-09.
Use iteration 6 instead with accuracy 
8.819396406811993e-09.

  values, vectors = lobpcg(projected_hamiltonian, guess, largest=False,
/home/erosanow_hpc/informed_swapping/BARK.py:163: UserWarning: Exited postprocessing with accuracies 
[8.81939641e-09]
not reaching the requested tolerance 1e-09.
  values, vectors = lobpcg(projected_hamiltonian, guess, largest=False,
/home/erosanow_hpc/informed_swapping/BARK.py:163: UserWarning: Exited at iteration 50 with accuracies 
[1.01310624e-05]
not reaching the requested tolerance 1e-09.
Use iteration 5 instead with accuracy 
9.078677123477498e-09.

  values, vectors = lobpcg(projected_hamiltonian, guess, largest=False,
/home/erosanow_hpc/informed_swapping/BARK.py:163: UserWarning: Exited postprocessing with accuracies 
[9.07867712e-09]
not reaching the requested tolerance 1e-09.
  values, vectors = lobpcg(projected_hamiltonian, guess, largest=False,
/home/erosanow_hpc/informed_swapping/BARK.py:163: UserWarning: Exited at iteration 50 with accuracies 
[1.23178135e-05]
not reaching the requested tolerance 1e-09.
Use iteration 9 instead with accuracy 
1.0720831305053997e-08.

  values, vectors = lobpcg(projected_hamiltonian, guess, largest=False,
/home/erosanow_hpc/informed_swapping/BARK.py:163: UserWarning: Exited postprocessing with accuracies 
[1.07208313e-08]
not reaching the requested tolerance 1e-09.
  values, vectors = lobpcg(projected_hamiltonian, guess, largest=False,
/home/erosanow_hpc/informed_swapping/BARK.py:163: UserWarning: Exited at iteration 50 with accuracies 
[1.58191329e-05]
not reaching the requested tolerance 1e-09.
Use iteration 9 instead with accuracy 
1.1620090789643851e-08.

  values, vectors = lobpcg(projected_hamiltonian, guess, largest=False,
/home/erosanow_hpc/informed_swapping/BARK.py:163: UserWarning: Exited postprocessing with accuracies 
[1.16200908e-08]
not reaching the requested tolerance 1e-09.
  values, vectors = lobpcg(projected_hamiltonian, guess, largest=False,
/home/erosanow_hpc/informed_swapping/BARK.py:163: UserWarning: Exited at iteration 50 with accuracies 
[9.75489259e-06]
not reaching the requested tolerance 1e-09.
Use iteration 7 instead with accuracy 
9.558057943045757e-09.

  values, vectors = lobpcg(projected_hamiltonian, guess, largest=False,
/home/erosanow_hpc/informed_swapping/BARK.py:163: UserWarning: Exited postprocessing with accuracies 
[9.55805794e-09]
not reaching the requested tolerance 1e-09.
  values, vectors = lobpcg(projected_hamiltonian, guess, largest=False,
/home/erosanow_hpc/informed_swapping/BARK.py:163: UserWarning: Exited at iteration 50 with accuracies 
[7.90212136e-06]
not reaching the requested tolerance 1e-09.
Use iteration 5 instead with accuracy 
9.395481026728014e-09.

  values, vectors = lobpcg(projected_hamiltonian, guess, largest=False,
/home/erosanow_hpc/informed_swapping/BARK.py:163: UserWarning: Exited postprocessing with accuracies 
[9.39548103e-09]
not reaching the requested tolerance 1e-09.
  values, vectors = lobpcg(projected_hamiltonian, guess, largest=False,
/home/erosanow_hpc/informed_swapping/BARK.py:163: UserWarning: Exited at iteration 50 with accuracies 
[1.49349223e-05]
not reaching the requested tolerance 1e-09.
Use iteration 4 instead with accuracy 
8.665156116594494e-09.

  values, vectors = lobpcg(projected_hamiltonian, guess, largest=False,
/home/erosanow_hpc/informed_swapping/BARK.py:163: UserWarning: Exited postprocessing with accuracies 
[8.66515612e-09]
not reaching the requested tolerance 1e-09.
  values, vectors = lobpcg(projected_hamiltonian, guess, largest=False,
/home/erosanow_hpc/informed_swapping/BARK.py:163: UserWarning: Exited at iteration 50 with accuracies 
[6.35965712e-06]
not reaching the requested tolerance 1e-09.
Use iteration 4 instead with accuracy 
7.907926571595027e-09.

  values, vectors = lobpcg(projected_hamiltonian, guess, largest=False,
/home/erosanow_hpc/informed_swapping/BARK.py:163: UserWarning: Exited postprocessing with accuracies 
[7.90792657e-09]
not reaching the requested tolerance 1e-09.
  values, vectors = lobpcg(projected_hamiltonian, guess, largest=False,
/home/erosanow_hpc/informed_swapping/BARK.py:163: UserWarning: Exited at iteration 50 with accuracies 
[2.20704285e-06]
not reaching the requested tolerance 1e-09.
Use iteration 5 instead with accuracy 
8.272226739084025e-09.

  values, vectors = lobpcg(projected_hamiltonian, guess, largest=False,
/home/erosanow_hpc/informed_swapping/BARK.py:163: UserWarning: Exited postprocessing with accuracies 
[8.27222674e-09]
not reaching the requested tolerance 1e-09.
  values, vectors = lobpcg(projected_hamiltonian, guess, largest=False,
/home/erosanow_hpc/informed_swapping/BARK.py:163: UserWarning: Exited at iteration 50 with accuracies 
[7.56666845e-08]
not reaching the requested tolerance 1e-09.
Use iteration 47 instead with accuracy 
7.471748442928575e-08.

  values, vectors = lobpcg(projected_hamiltonian, guess, largest=False,
/home/erosanow_hpc/informed_swapping/BARK.py:163: UserWarning: Exited postprocessing with accuracies 
[7.47174817e-08]
not reaching the requested tolerance 1e-09.
  values, vectors = lobpcg(projected_hamiltonian, guess, largest=False,
/home/erosanow_hpc/informed_swapping/BARK.py:163: UserWarning: Exited at iteration 50 with accuracies 
[7.07566983e-07]
not reaching the requested tolerance 1e-09.
Use iteration 51 instead with accuracy 
7.075669832426284e-07.

  values, vectors = lobpcg(projected_hamiltonian, guess, largest=False,
/home/erosanow_hpc/informed_swapping/BARK.py:163: UserWarning: Exited postprocessing with accuracies 
[7.07566985e-07]
not reaching the requested tolerance 1e-09.
  values, vectors = lobpcg(projected_hamiltonian, guess, largest=False,
/home/erosanow_hpc/informed_swapping/BARK.py:163: UserWarning: Exited at iteration 50 with accuracies 
[5.65791202e-06]
not reaching the requested tolerance 1e-09.
Use iteration 49 instead with accuracy 
2.463987007551091e-06.

  values, vectors = lobpcg(projected_hamiltonian, guess, largest=False,
/home/erosanow_hpc/informed_swapping/BARK.py:163: UserWarning: Exited postprocessing with accuracies 
[2.46398701e-06]
not reaching the requested tolerance 1e-09.
  values, vectors = lobpcg(projected_hamiltonian, guess, largest=False,
/home/erosanow_hpc/informed_swapping/BARK.py:163: UserWarning: Exited at iteration 50 with accuracies 
[8.0333844e-07]
not reaching the requested tolerance 1e-09.
Use iteration 50 instead with accuracy 
2.788488814410411e-07.

  values, vectors = lobpcg(projected_hamiltonian, guess, largest=False,
/home/erosanow_hpc/informed_swapping/BARK.py:163: UserWarning: Exited postprocessing with accuracies 
[2.7884889e-07]
not reaching the requested tolerance 1e-09.
  values, vectors = lobpcg(projected_hamiltonian, guess, largest=False,
/home/erosanow_hpc/informed_swapping/BARK.py:163: UserWarning: Exited at iteration 50 with accuracies 
[1.38762885e-05]
not reaching the requested tolerance 1e-09.
Use iteration 48 instead with accuracy 
7.295578228810574e-06.

  values, vectors = lobpcg(projected_hamiltonian, guess, largest=False,
/home/erosanow_hpc/informed_swapping/BARK.py:163: UserWarning: Exited postprocessing with accuracies 
[7.29557823e-06]
not reaching the requested tolerance 1e-09.
  values, vectors = lobpcg(projected_hamiltonian, guess, largest=False,
/home/erosanow_hpc/informed_swapping/BARK.py:163: UserWarning: Exited at iteration 50 with accuracies 
[5.51701551e-07]
not reaching the requested tolerance 1e-09.
Use iteration 44 instead with accuracy 
2.508221153421767e-07.

  values, vectors = lobpcg(projected_hamiltonian, guess, largest=False,
/home/erosanow_hpc/informed_swapping/BARK.py:163: UserWarning: Exited postprocessing with accuracies 
[2.50822115e-07]
not reaching the requested tolerance 1e-09.
  values, vectors = lobpcg(projected_hamiltonian, guess, largest=False,
/home/erosanow_hpc/informed_swapping/BARK.py:163: UserWarning: Exited at iteration 50 with accuracies 
[1.33747784e-05]
not reaching the requested tolerance 1e-09.
Use iteration 49 instead with accuracy 
4.814313059391188e-06.

  values, vectors = lobpcg(projected_hamiltonian, guess, largest=False,
/home/erosanow_hpc/informed_swapping/BARK.py:163: UserWarning: Exited postprocessing with accuracies 
[4.81431306e-06]
not reaching the requested tolerance 1e-09.
  values, vectors = lobpcg(projected_hamiltonian, guess, largest=False,
/home/erosanow_hpc/informed_swapping/BARK.py:163: UserWarning: Exited at iteration 50 with accuracies 
[1.38149008e-08]
not reaching the requested tolerance 1e-09.
Use iteration 51 instead with accuracy 
1.3814900826408154e-08.

  values, vectors = lobpcg(projected_hamiltonian, guess, largest=False,
/home/erosanow_hpc/informed_swapping/BARK.py:163: UserWarning: Exited postprocessing with accuracies 
[1.38149008e-08]
not reaching the requested tolerance 1e-09.
  values, vectors = lobpcg(projected_hamiltonian, guess, largest=False,
/home/erosanow_hpc/informed_swapping/BARK.py:163: UserWarning: Exited at iteration 50 with accuracies 
[1.74482529e-06]
not reaching the requested tolerance 1e-09.
Use iteration 51 instead with accuracy 
1.7448252941746593e-06.

  values, vectors = lobpcg(projected_hamiltonian, guess, largest=False,
/home/erosanow_hpc/informed_swapping/BARK.py:163: UserWarning: Exited postprocessing with accuracies 
[1.74482529e-06]
not reaching the requested tolerance 1e-09.
  values, vectors = lobpcg(projected_hamiltonian, guess, largest=False,
/home/erosanow_hpc/informed_swapping/BARK.py:163: UserWarning: Exited at iteration 50 with accuracies 
[5.37466295e-09]
not reaching the requested tolerance 1e-09.
Use iteration 51 instead with accuracy 
5.374662949828516e-09.

  values, vectors = lobpcg(projected_hamiltonian, guess, largest=False,
/home/erosanow_hpc/informed_swapping/BARK.py:163: UserWarning: Exited postprocessing with accuracies 
[5.37466218e-09]
not reaching the requested tolerance 1e-09.
  values, vectors = lobpcg(projected_hamiltonian, guess, largest=False,
/home/erosanow_hpc/informed_swapping/BARK.py:163: UserWarning: Exited at iteration 50 with accuracies 
[1.6968718e-08]
not reaching the requested tolerance 1e-09.
Use iteration 47 instead with accuracy 
1.5414722052832793e-08.

  values, vectors = lobpcg(projected_hamiltonian, guess, largest=False,
/home/erosanow_hpc/informed_swapping/BARK.py:163: UserWarning: Exited postprocessing with accuracies 
[1.54147245e-08]
not reaching the requested tolerance 1e-09.
  values, vectors = lobpcg(projected_hamiltonian, guess, largest=False,
/home/erosanow_hpc/informed_swapping/BARK.py:163: UserWarning: Exited at iteration 50 with accuracies 
[6.88283377e-08]
not reaching the requested tolerance 1e-09.
Use iteration 51 instead with accuracy 
6.88283377355366e-08.

  values, vectors = lobpcg(projected_hamiltonian, guess, largest=False,
/home/erosanow_hpc/informed_swapping/BARK.py:163: UserWarning: Exited postprocessing with accuracies 
[6.88283382e-08]
not reaching the requested tolerance 1e-09.
  values, vectors = lobpcg(projected_hamiltonian, guess, largest=False,
/home/erosanow_hpc/informed_swapping/BARK.py:163: UserWarning: Exited at iteration 50 with accuracies 
[5.16303241e-06]
not reaching the requested tolerance 1e-09.
Use iteration 51 instead with accuracy 
5.1630324076065974e-06.

  values, vectors = lobpcg(projected_hamiltonian, guess, largest=False,
/home/erosanow_hpc/informed_swapping/BARK.py:163: UserWarning: Exited postprocessing with accuracies 
[5.16303241e-06]
not reaching the requested tolerance 1e-09.
  values, vectors = lobpcg(projected_hamiltonian, guess, largest=False,
/home/erosanow_hpc/informed_swapping/BARK.py:163: UserWarning: Exited at iteration 50 with accuracies 
[4.19009215e-08]
not reaching the requested tolerance 1e-09.
Use iteration 51 instead with accuracy 
4.190092146939534e-08.

  values, vectors = lobpcg(projected_hamiltonian, guess, largest=False,
/home/erosanow_hpc/informed_swapping/BARK.py:163: UserWarning: Exited postprocessing with accuracies 
[4.19009218e-08]
not reaching the requested tolerance 1e-09.
  values, vectors = lobpcg(projected_hamiltonian, guess, largest=False,
/home/erosanow_hpc/informed_swapping/BARK.py:163: UserWarning: Exited at iteration 50 with accuracies 
[1.03836424e-06]
not reaching the requested tolerance 1e-09.
Use iteration 51 instead with accuracy 
1.038364235271325e-06.

  values, vectors = lobpcg(projected_hamiltonian, guess, largest=False,
/home/erosanow_hpc/informed_swapping/BARK.py:163: UserWarning: Exited postprocessing with accuracies 
[1.03836423e-06]
not reaching the requested tolerance 1e-09.
  values, vectors = lobpcg(projected_hamiltonian, guess, largest=False,
/home/erosanow_hpc/informed_swapping/BARK.py:163: UserWarning: Exited at iteration 50 with accuracies 
[8.3292415e-08]
not reaching the requested tolerance 1e-09.
Use iteration 8 instead with accuracy 
6.300782879437952e-09.

  values, vectors = lobpcg(projected_hamiltonian, guess, largest=False,
/home/erosanow_hpc/informed_swapping/BARK.py:163: UserWarning: Exited postprocessing with accuracies 
[6.30078288e-09]
not reaching the requested tolerance 1e-09.
  values, vectors = lobpcg(projected_hamiltonian, guess, largest=False,
/home/erosanow_hpc/informed_swapping/BARK.py:163: UserWarning: Exited at iteration 50 with accuracies 
[1.29492163e-05]
not reaching the requested tolerance 1e-09.
Use iteration 8 instead with accuracy 
7.28956257755669e-09.

  values, vectors = lobpcg(projected_hamiltonian, guess, largest=False,
/home/erosanow_hpc/informed_swapping/BARK.py:163: UserWarning: Exited postprocessing with accuracies 
[7.28956258e-09]
not reaching the requested tolerance 1e-09.
  values, vectors = lobpcg(projected_hamiltonian, guess, largest=False,
/home/erosanow_hpc/informed_swapping/BARK.py:163: UserWarning: Exited at iteration 50 with accuracies 
[2.06968639e-06]
not reaching the requested tolerance 1e-09.
Use iteration 6 instead with accuracy 
7.198843274387013e-09.

  values, vectors = lobpcg(projected_hamiltonian, guess, largest=False,
/home/erosanow_hpc/informed_swapping/BARK.py:163: UserWarning: Exited postprocessing with accuracies 
[7.19884327e-09]
not reaching the requested tolerance 1e-09.
  values, vectors = lobpcg(projected_hamiltonian, guess, largest=False,
/home/erosanow_hpc/informed_swapping/BARK.py:163: UserWarning: Exited at iteration 50 with accuracies 
[9.85341351e-06]
not reaching the requested tolerance 1e-09.
Use iteration 8 instead with accuracy 
9.340880650806708e-09.

  values, vectors = lobpcg(projected_hamiltonian, guess, largest=False,
/home/erosanow_hpc/informed_swapping/BARK.py:163: UserWarning: Exited postprocessing with accuracies 
[9.34088065e-09]
not reaching the requested tolerance 1e-09.
  values, vectors = lobpcg(projected_hamiltonian, guess, largest=False,
/home/erosanow_hpc/informed_swapping/BARK.py:163: UserWarning: Exited at iteration 50 with accuracies 
[5.22761003e-06]
not reaching the requested tolerance 1e-09.
Use iteration 8 instead with accuracy 
7.2440935218362185e-09.

  values, vectors = lobpcg(projected_hamiltonian, guess, largest=False,
/home/erosanow_hpc/informed_swapping/BARK.py:163: UserWarning: Exited postprocessing with accuracies 
[7.24409352e-09]
not reaching the requested tolerance 1e-09.
  values, vectors = lobpcg(projected_hamiltonian, guess, largest=False,
/home/erosanow_hpc/informed_swapping/BARK.py:163: UserWarning: Exited at iteration 50 with accuracies 
[1.08089461e-05]
not reaching the requested tolerance 1e-09.
Use iteration 11 instead with accuracy 
9.791527015590104e-09.

  values, vectors = lobpcg(projected_hamiltonian, guess, largest=False,
/home/erosanow_hpc/informed_swapping/BARK.py:163: UserWarning: Exited postprocessing with accuracies 
[9.79152702e-09]
not reaching the requested tolerance 1e-09.
  values, vectors = lobpcg(projected_hamiltonian, guess, largest=False,
/home/erosanow_hpc/informed_swapping/BARK.py:163: UserWarning: Exited at iteration 50 with accuracies 
[1.20080142e-05]
not reaching the requested tolerance 1e-09.
Use iteration 9 instead with accuracy 
9.611603536435145e-09.

  values, vectors = lobpcg(projected_hamiltonian, guess, largest=False,
/home/erosanow_hpc/informed_swapping/BARK.py:163: UserWarning: Exited postprocessing with accuracies 
[9.61160353e-09]
not reaching the requested tolerance 1e-09.
  values, vectors = lobpcg(projected_hamiltonian, guess, largest=False,
/home/erosanow_hpc/informed_swapping/BARK.py:163: UserWarning: Exited at iteration 50 with accuracies 
[5.30912666e-06]
not reaching the requested tolerance 1e-09.
Use iteration 8 instead with accuracy 
8.120350941757457e-09.

  values, vectors = lobpcg(projected_hamiltonian, guess, largest=False,
/home/erosanow_hpc/informed_swapping/BARK.py:163: UserWarning: Exited postprocessing with accuracies 
[8.12035094e-09]
not reaching the requested tolerance 1e-09.
  values, vectors = lobpcg(projected_hamiltonian, guess, largest=False,
/home/erosanow_hpc/informed_swapping/BARK.py:163: UserWarning: Exited at iteration 50 with accuracies 
[9.68112134e-06]
not reaching the requested tolerance 1e-09.
Use iteration 5 instead with accuracy 
1.023928800317752e-08.

  values, vectors = lobpcg(projected_hamiltonian, guess, largest=False,
/home/erosanow_hpc/informed_swapping/BARK.py:163: UserWarning: Exited postprocessing with accuracies 
[1.0239288e-08]
not reaching the requested tolerance 1e-09.
  values, vectors = lobpcg(projected_hamiltonian, guess, largest=False,
/home/erosanow_hpc/informed_swapping/BARK.py:163: UserWarning: Exited at iteration 50 with accuracies 
[1.01395859e-05]
not reaching the requested tolerance 1e-09.
Use iteration 9 instead with accuracy 
7.185685339224717e-09.

  values, vectors = lobpcg(projected_hamiltonian, guess, largest=False,
/home/erosanow_hpc/informed_swapping/BARK.py:163: UserWarning: Exited postprocessing with accuracies 
[7.18568533e-09]
not reaching the requested tolerance 1e-09.
  values, vectors = lobpcg(projected_hamiltonian, guess, largest=False,
/home/erosanow_hpc/informed_swapping/BARK.py:163: UserWarning: Exited at iteration 50 with accuracies 
[5.48025131e-06]
not reaching the requested tolerance 1e-09.
Use iteration 8 instead with accuracy 
7.007988305280817e-09.

  values, vectors = lobpcg(projected_hamiltonian, guess, largest=False,
/home/erosanow_hpc/informed_swapping/BARK.py:163: UserWarning: Exited postprocessing with accuracies 
[7.00798831e-09]
not reaching the requested tolerance 1e-09.
  values, vectors = lobpcg(projected_hamiltonian, guess, largest=False,
/home/erosanow_hpc/informed_swapping/BARK.py:163: UserWarning: Exited at iteration 50 with accuracies 
[4.32091998e-06]
not reaching the requested tolerance 1e-09.
Use iteration 9 instead with accuracy 
2.6690916296877207e-09.

  values, vectors = lobpcg(projected_hamiltonian, guess, largest=False,
/home/erosanow_hpc/informed_swapping/BARK.py:163: UserWarning: Exited postprocessing with accuracies 
[2.66909163e-09]
not reaching the requested tolerance 1e-09.
  values, vectors = lobpcg(projected_hamiltonian, guess, largest=False,
/home/erosanow_hpc/informed_swapping/BARK.py:163: UserWarning: Exited at iteration 50 with accuracies 
[5.39286622e-06]
not reaching the requested tolerance 1e-09.
Use iteration 8 instead with accuracy 
2.464520881037787e-09.

  values, vectors = lobpcg(projected_hamiltonian, guess, largest=False,
/home/erosanow_hpc/informed_swapping/BARK.py:163: UserWarning: Exited postprocessing with accuracies 
[2.46452088e-09]
not reaching the requested tolerance 1e-09.
  values, vectors = lobpcg(projected_hamiltonian, guess, largest=False,
/home/erosanow_hpc/informed_swapping/BARK.py:163: UserWarning: Exited at iteration 50 with accuracies 
[4.45905792e-06]
not reaching the requested tolerance 1e-09.
Use iteration 9 instead with accuracy 
2.4051405761944037e-09.

  values, vectors = lobpcg(projected_hamiltonian, guess, largest=False,
/home/erosanow_hpc/informed_swapping/BARK.py:163: UserWarning: Exited postprocessing with accuracies 
[2.40514058e-09]
not reaching the requested tolerance 1e-09.
  values, vectors = lobpcg(projected_hamiltonian, guess, largest=False,
/home/erosanow_hpc/informed_swapping/BARK.py:163: UserWarning: Exited at iteration 50 with accuracies 
[4.16477577e-06]
not reaching the requested tolerance 1e-09.
Use iteration 8 instead with accuracy 
2.560324496107298e-09.

  values, vectors = lobpcg(projected_hamiltonian, guess, largest=False,
/home/erosanow_hpc/informed_swapping/BARK.py:163: UserWarning: Exited postprocessing with accuracies 
[2.5603245e-09]
not reaching the requested tolerance 1e-09.
  values, vectors = lobpcg(projected_hamiltonian, guess, largest=False,
/home/erosanow_hpc/informed_swapping/BARK.py:163: UserWarning: Exited at iteration 50 with accuracies 
[3.94416123e-06]
not reaching the requested tolerance 1e-09.
Use iteration 9 instead with accuracy 
2.6665651419166715e-09.

  values, vectors = lobpcg(projected_hamiltonian, guess, largest=False,
/home/erosanow_hpc/informed_swapping/BARK.py:163: UserWarning: Exited postprocessing with accuracies 
[2.66656513e-09]
not reaching the requested tolerance 1e-09.
  values, vectors = lobpcg(projected_hamiltonian, guess, largest=False,
/home/erosanow_hpc/informed_swapping/BARK.py:163: UserWarning: Exited at iteration 50 with accuracies 
[7.16975898e-06]
not reaching the requested tolerance 1e-09.
Use iteration 10 instead with accuracy 
2.4936556658836885e-09.

  values, vectors = lobpcg(projected_hamiltonian, guess, largest=False,
/home/erosanow_hpc/informed_swapping/BARK.py:163: UserWarning: Exited postprocessing with accuracies 
[2.49365567e-09]
not reaching the requested tolerance 1e-09.
  values, vectors = lobpcg(projected_hamiltonian, guess, largest=False,
/home/erosanow_hpc/informed_swapping/BARK.py:163: UserWarning: Exited at iteration 50 with accuracies 
[7.45351862e-06]
not reaching the requested tolerance 1e-09.
Use iteration 12 instead with accuracy 
2.0360158959045693e-09.

  values, vectors = lobpcg(projected_hamiltonian, guess, largest=False,
/home/erosanow_hpc/informed_swapping/BARK.py:163: UserWarning: Exited postprocessing with accuracies 
[2.03601591e-09]
not reaching the requested tolerance 1e-09.
  values, vectors = lobpcg(projected_hamiltonian, guess, largest=False,
/home/erosanow_hpc/informed_swapping/BARK.py:163: UserWarning: Exited at iteration 50 with accuracies 
[5.63311524e-06]
not reaching the requested tolerance 1e-09.
Use iteration 9 instead with accuracy 
2.6396117816214016e-09.

  values, vectors = lobpcg(projected_hamiltonian, guess, largest=False,
/home/erosanow_hpc/informed_swapping/BARK.py:163: UserWarning: Exited postprocessing with accuracies 
[2.63961178e-09]
not reaching the requested tolerance 1e-09.
  values, vectors = lobpcg(projected_hamiltonian, guess, largest=False,
/home/erosanow_hpc/informed_swapping/BARK.py:163: UserWarning: Exited at iteration 50 with accuracies 
[6.39102712e-06]
not reaching the requested tolerance 1e-09.
Use iteration 11 instead with accuracy 
3.118138137284025e-09.

  values, vectors = lobpcg(projected_hamiltonian, guess, largest=False,
/home/erosanow_hpc/informed_swapping/BARK.py:163: UserWarning: Exited postprocessing with accuracies 
[3.11813812e-09]
not reaching the requested tolerance 1e-09.
  values, vectors = lobpcg(projected_hamiltonian, guess, largest=False,
/home/erosanow_hpc/informed_swapping/BARK.py:163: UserWarning: Exited at iteration 50 with accuracies 
[7.1434113e-06]
not reaching the requested tolerance 1e-09.
Use iteration 10 instead with accuracy 
2.5804009872515774e-09.

  values, vectors = lobpcg(projected_hamiltonian, guess, largest=False,
/home/erosanow_hpc/informed_swapping/BARK.py:163: UserWarning: Exited postprocessing with accuracies 
[2.58040099e-09]
not reaching the requested tolerance 1e-09.
  values, vectors = lobpcg(projected_hamiltonian, guess, largest=False,
/home/erosanow_hpc/informed_swapping/BARK.py:163: UserWarning: Exited at iteration 50 with accuracies 
[8.77289267e-06]
not reaching the requested tolerance 1e-09.
Use iteration 12 instead with accuracy 
2.050640744174347e-09.

  values, vectors = lobpcg(projected_hamiltonian, guess, largest=False,
/home/erosanow_hpc/informed_swapping/BARK.py:163: UserWarning: Exited postprocessing with accuracies 
[2.05064074e-09]
not reaching the requested tolerance 1e-09.
  values, vectors = lobpcg(projected_hamiltonian, guess, largest=False,
/home/erosanow_hpc/informed_swapping/BARK.py:163: UserWarning: Exited at iteration 50 with accuracies 
[8.04404498e-06]
not reaching the requested tolerance 1e-09.
Use iteration 12 instead with accuracy 
2.28166633695104e-09.

  values, vectors = lobpcg(projected_hamiltonian, guess, largest=False,
/home/erosanow_hpc/informed_swapping/BARK.py:163: UserWarning: Exited postprocessing with accuracies 
[2.28166634e-09]
not reaching the requested tolerance 1e-09.
  values, vectors = lobpcg(projected_hamiltonian, guess, largest=False,
/home/erosanow_hpc/informed_swapping/BARK.py:163: UserWarning: Exited at iteration 50 with accuracies 
[4.62605296e-06]
not reaching the requested tolerance 1e-09.
Use iteration 10 instead with accuracy 
2.3984949802010213e-09.

  values, vectors = lobpcg(projected_hamiltonian, guess, largest=False,
/home/erosanow_hpc/informed_swapping/BARK.py:163: UserWarning: Exited postprocessing with accuracies 
[2.39849498e-09]
not reaching the requested tolerance 1e-09.
  values, vectors = lobpcg(projected_hamiltonian, guess, largest=False,
/home/erosanow_hpc/informed_swapping/BARK.py:163: UserWarning: Exited at iteration 50 with accuracies 
[1.05063939e-05]
not reaching the requested tolerance 1e-09.
Use iteration 12 instead with accuracy 
2.446838580913136e-09.

  values, vectors = lobpcg(projected_hamiltonian, guess, largest=False,
/home/erosanow_hpc/informed_swapping/BARK.py:163: UserWarning: Exited postprocessing with accuracies 
[2.44683858e-09]
not reaching the requested tolerance 1e-09.
  values, vectors = lobpcg(projected_hamiltonian, guess, largest=False,
/home/erosanow_hpc/informed_swapping/BARK.py:163: UserWarning: Exited at iteration 50 with accuracies 
[1.73635125e-06]
not reaching the requested tolerance 1e-09.
Use iteration 10 instead with accuracy 
2.316404838194116e-09.

  values, vectors = lobpcg(projected_hamiltonian, guess, largest=False,
/home/erosanow_hpc/informed_swapping/BARK.py:163: UserWarning: Exited postprocessing with accuracies 
[2.31640484e-09]
not reaching the requested tolerance 1e-09.
  values, vectors = lobpcg(projected_hamiltonian, guess, largest=False,
/home/erosanow_hpc/informed_swapping/BARK.py:163: UserWarning: Exited at iteration 50 with accuracies 
[4.18006599e-06]
not reaching the requested tolerance 1e-09.
Use iteration 9 instead with accuracy 
2.8201401701919736e-09.

  values, vectors = lobpcg(projected_hamiltonian, guess, largest=False,
/home/erosanow_hpc/informed_swapping/BARK.py:163: UserWarning: Exited postprocessing with accuracies 
[2.82014017e-09]
not reaching the requested tolerance 1e-09.
  values, vectors = lobpcg(projected_hamiltonian, guess, largest=False,
/home/erosanow_hpc/informed_swapping/BARK.py:163: UserWarning: Exited at iteration 50 with accuracies 
[6.14433918e-06]
not reaching the requested tolerance 1e-09.
Use iteration 8 instead with accuracy 
2.198736551631673e-09.

  values, vectors = lobpcg(projected_hamiltonian, guess, largest=False,
/home/erosanow_hpc/informed_swapping/BARK.py:163: UserWarning: Exited postprocessing with accuracies 
[2.19873656e-09]
not reaching the requested tolerance 1e-09.
  values, vectors = lobpcg(projected_hamiltonian, guess, largest=False,
/home/erosanow_hpc/informed_swapping/BARK.py:163: UserWarning: Exited at iteration 50 with accuracies 
[5.4035391e-06]
not reaching the requested tolerance 1e-09.
Use iteration 10 instead with accuracy 
2.7150993309914616e-09.

  values, vectors = lobpcg(projected_hamiltonian, guess, largest=False,
/home/erosanow_hpc/informed_swapping/BARK.py:163: UserWarning: Exited postprocessing with accuracies 
[2.71509933e-09]
not reaching the requested tolerance 1e-09.
  values, vectors = lobpcg(projected_hamiltonian, guess, largest=False,
/home/erosanow_hpc/informed_swapping/BARK.py:163: UserWarning: Exited at iteration 50 with accuracies 
[6.95027141e-06]
not reaching the requested tolerance 1e-09.
Use iteration 7 instead with accuracy 
2.765942754224686e-09.

  values, vectors = lobpcg(projected_hamiltonian, guess, largest=False,
/home/erosanow_hpc/informed_swapping/BARK.py:163: UserWarning: Exited postprocessing with accuracies 
[2.76594275e-09]
not reaching the requested tolerance 1e-09.
  values, vectors = lobpcg(projected_hamiltonian, guess, largest=False,
/home/erosanow_hpc/informed_swapping/BARK.py:163: UserWarning: Exited at iteration 50 with accuracies 
[4.32201738e-06]
not reaching the requested tolerance 1e-09.
Use iteration 10 instead with accuracy 
1.9294999729908126e-09.

  values, vectors = lobpcg(projected_hamiltonian, guess, largest=False,
/home/erosanow_hpc/informed_swapping/BARK.py:163: UserWarning: Exited postprocessing with accuracies 
[1.92949997e-09]
not reaching the requested tolerance 1e-09.
  values, vectors = lobpcg(projected_hamiltonian, guess, largest=False,
/home/erosanow_hpc/informed_swapping/BARK.py:163: UserWarning: Exited at iteration 50 with accuracies 
[1.01551717e-06]
not reaching the requested tolerance 1e-09.
Use iteration 11 instead with accuracy 
1.9786422712406742e-09.

  values, vectors = lobpcg(projected_hamiltonian, guess, largest=False,
/home/erosanow_hpc/informed_swapping/BARK.py:163: UserWarning: Exited postprocessing with accuracies 
[1.97864224e-09]
not reaching the requested tolerance 1e-09.
  values, vectors = lobpcg(projected_hamiltonian, guess, largest=False,
/home/erosanow_hpc/informed_swapping/BARK.py:163: UserWarning: Exited at iteration 50 with accuracies 
[5.89719688e-06]
not reaching the requested tolerance 1e-09.
Use iteration 7 instead with accuracy 
3.020347252666992e-09.

  values, vectors = lobpcg(projected_hamiltonian, guess, largest=False,
/home/erosanow_hpc/informed_swapping/BARK.py:163: UserWarning: Exited postprocessing with accuracies 
[3.02034725e-09]
not reaching the requested tolerance 1e-09.
  values, vectors = lobpcg(projected_hamiltonian, guess, largest=False,
/home/erosanow_hpc/informed_swapping/BARK.py:163: UserWarning: Exited at iteration 50 with accuracies 
[4.65947856e-06]
not reaching the requested tolerance 1e-09.
Use iteration 9 instead with accuracy 
2.3499132008884064e-09.

  values, vectors = lobpcg(projected_hamiltonian, guess, largest=False,
/home/erosanow_hpc/informed_swapping/BARK.py:163: UserWarning: Exited postprocessing with accuracies 
[2.34991319e-09]
not reaching the requested tolerance 1e-09.
  values, vectors = lobpcg(projected_hamiltonian, guess, largest=False,
/home/erosanow_hpc/informed_swapping/BARK.py:163: UserWarning: Exited at iteration 50 with accuracies 
[2.87811232e-06]
not reaching the requested tolerance 1e-09.
Use iteration 7 instead with accuracy 
1.9450215974447643e-09.

  values, vectors = lobpcg(projected_hamiltonian, guess, largest=False,
/home/erosanow_hpc/informed_swapping/BARK.py:163: UserWarning: Exited postprocessing with accuracies 
[1.94502162e-09]
not reaching the requested tolerance 1e-09.
  values, vectors = lobpcg(projected_hamiltonian, guess, largest=False,
/home/erosanow_hpc/informed_swapping/BARK.py:163: UserWarning: Exited at iteration 50 with accuracies 
[7.48427369e-06]
not reaching the requested tolerance 1e-09.
Use iteration 9 instead with accuracy 
2.6505673260754744e-09.

  values, vectors = lobpcg(projected_hamiltonian, guess, largest=False,
/home/erosanow_hpc/informed_swapping/BARK.py:163: UserWarning: Exited postprocessing with accuracies 
[2.65056732e-09]
not reaching the requested tolerance 1e-09.
  values, vectors = lobpcg(projected_hamiltonian, guess, largest=False,
/home/erosanow_hpc/informed_swapping/BARK.py:163: UserWarning: Exited at iteration 50 with accuracies 
[4.59190454e-06]
not reaching the requested tolerance 1e-09.
Use iteration 8 instead with accuracy 
2.136916436409009e-09.

  values, vectors = lobpcg(projected_hamiltonian, guess, largest=False,
/home/erosanow_hpc/informed_swapping/BARK.py:163: UserWarning: Exited postprocessing with accuracies 
[2.13691643e-09]
not reaching the requested tolerance 1e-09.
  values, vectors = lobpcg(projected_hamiltonian, guess, largest=False,
/home/erosanow_hpc/informed_swapping/BARK.py:163: UserWarning: Exited at iteration 50 with accuracies 
[6.38733436e-06]
not reaching the requested tolerance 1e-09.
Use iteration 9 instead with accuracy 
2.45241923344356e-09.

  values, vectors = lobpcg(projected_hamiltonian, guess, largest=False,
/home/erosanow_hpc/informed_swapping/BARK.py:163: UserWarning: Exited postprocessing with accuracies 
[2.45241923e-09]
not reaching the requested tolerance 1e-09.
  values, vectors = lobpcg(projected_hamiltonian, guess, largest=False,
/home/erosanow_hpc/informed_swapping/BARK.py:163: UserWarning: Exited at iteration 50 with accuracies 
[1.77885399e-06]
not reaching the requested tolerance 1e-09.
Use iteration 11 instead with accuracy 
2.4369687562402407e-09.

  values, vectors = lobpcg(projected_hamiltonian, guess, largest=False,
/home/erosanow_hpc/informed_swapping/BARK.py:163: UserWarning: Exited postprocessing with accuracies 
[2.43696876e-09]
not reaching the requested tolerance 1e-09.
  values, vectors = lobpcg(projected_hamiltonian, guess, largest=False,
/home/erosanow_hpc/informed_swapping/BARK.py:163: UserWarning: Exited at iteration 50 with accuracies 
[2.31647324e-06]
not reaching the requested tolerance 1e-09.
Use iteration 10 instead with accuracy 
2.4048632709250057e-09.

  values, vectors = lobpcg(projected_hamiltonian, guess, largest=False,
/home/erosanow_hpc/informed_swapping/BARK.py:163: UserWarning: Exited postprocessing with accuracies 
[2.40486327e-09]
not reaching the requested tolerance 1e-09.
  values, vectors = lobpcg(projected_hamiltonian, guess, largest=False,
/home/erosanow_hpc/informed_swapping/BARK.py:163: UserWarning: Exited at iteration 50 with accuracies 
[7.04460469e-06]
not reaching the requested tolerance 1e-09.
Use iteration 11 instead with accuracy 
2.482547224373332e-09.

  values, vectors = lobpcg(projected_hamiltonian, guess, largest=False,
/home/erosanow_hpc/informed_swapping/BARK.py:163: UserWarning: Exited postprocessing with accuracies 
[2.48254722e-09]
not reaching the requested tolerance 1e-09.
  values, vectors = lobpcg(projected_hamiltonian, guess, largest=False,
/home/erosanow_hpc/informed_swapping/BARK.py:163: UserWarning: Exited at iteration 50 with accuracies 
[5.30280046e-06]
not reaching the requested tolerance 1e-09.
Use iteration 10 instead with accuracy 
2.362244185790133e-09.

  values, vectors = lobpcg(projected_hamiltonian, guess, largest=False,
/home/erosanow_hpc/informed_swapping/BARK.py:163: UserWarning: Exited postprocessing with accuracies 
[2.36224418e-09]
not reaching the requested tolerance 1e-09.
  values, vectors = lobpcg(projected_hamiltonian, guess, largest=False,
/home/erosanow_hpc/informed_swapping/BARK.py:163: UserWarning: Exited at iteration 50 with accuracies 
[3.3990852e-06]
not reaching the requested tolerance 1e-09.
Use iteration 10 instead with accuracy 
2.6345018284344424e-09.

  values, vectors = lobpcg(projected_hamiltonian, guess, largest=False,
/home/erosanow_hpc/informed_swapping/BARK.py:163: UserWarning: Exited postprocessing with accuracies 
[2.63450183e-09]
not reaching the requested tolerance 1e-09.
  values, vectors = lobpcg(projected_hamiltonian, guess, largest=False,
/home/erosanow_hpc/informed_swapping/BARK.py:163: UserWarning: Exited at iteration 50 with accuracies 
[4.35097211e-06]
not reaching the requested tolerance 1e-09.
Use iteration 7 instead with accuracy 
2.4460237937604747e-09.

  values, vectors = lobpcg(projected_hamiltonian, guess, largest=False,
/home/erosanow_hpc/informed_swapping/BARK.py:163: UserWarning: Exited postprocessing with accuracies 
[2.44602376e-09]
not reaching the requested tolerance 1e-09.
  values, vectors = lobpcg(projected_hamiltonian, guess, largest=False,
/home/erosanow_hpc/informed_swapping/BARK.py:163: UserWarning: Exited at iteration 50 with accuracies 
[4.56984472e-06]
not reaching the requested tolerance 1e-09.
Use iteration 9 instead with accuracy 
2.4125281979545085e-09.

  values, vectors = lobpcg(projected_hamiltonian, guess, largest=False,
/home/erosanow_hpc/informed_swapping/BARK.py:163: UserWarning: Exited postprocessing with accuracies 
[2.41252818e-09]
not reaching the requested tolerance 1e-09.
  values, vectors = lobpcg(projected_hamiltonian, guess, largest=False,
/home/erosanow_hpc/informed_swapping/BARK.py:163: UserWarning: Exited at iteration 50 with accuracies 
[3.13217817e-06]
not reaching the requested tolerance 1e-09.
Use iteration 12 instead with accuracy 
2.2991820620587396e-09.

  values, vectors = lobpcg(projected_hamiltonian, guess, largest=False,
/home/erosanow_hpc/informed_swapping/BARK.py:163: UserWarning: Exited postprocessing with accuracies 
[2.29918206e-09]
not reaching the requested tolerance 1e-09.
  values, vectors = lobpcg(projected_hamiltonian, guess, largest=False,
/home/erosanow_hpc/informed_swapping/BARK.py:163: UserWarning: Exited at iteration 50 with accuracies 
[3.52151964e-06]
not reaching the requested tolerance 1e-09.
Use iteration 11 instead with accuracy 
2.8632278311242364e-09.

  values, vectors = lobpcg(projected_hamiltonian, guess, largest=False,
/home/erosanow_hpc/informed_swapping/BARK.py:163: UserWarning: Exited postprocessing with accuracies 
[2.86322783e-09]
not reaching the requested tolerance 1e-09.
  values, vectors = lobpcg(projected_hamiltonian, guess, largest=False,
/home/erosanow_hpc/informed_swapping/BARK.py:163: UserWarning: Exited at iteration 50 with accuracies 
[7.35102209e-06]
not reaching the requested tolerance 1e-09.
Use iteration 7 instead with accuracy 
2.510487035980303e-09.

  values, vectors = lobpcg(projected_hamiltonian, guess, largest=False,
/home/erosanow_hpc/informed_swapping/BARK.py:163: UserWarning: Exited postprocessing with accuracies 
[2.51048704e-09]
not reaching the requested tolerance 1e-09.
  values, vectors = lobpcg(projected_hamiltonian, guess, largest=False,
/home/erosanow_hpc/informed_swapping/BARK.py:163: UserWarning: Exited at iteration 50 with accuracies 
[4.03102253e-06]
not reaching the requested tolerance 1e-09.
Use iteration 11 instead with accuracy 
2.330071674844695e-09.

  values, vectors = lobpcg(projected_hamiltonian, guess, largest=False,
/home/erosanow_hpc/informed_swapping/BARK.py:163: UserWarning: Exited postprocessing with accuracies 
[2.33007167e-09]
not reaching the requested tolerance 1e-09.
  values, vectors = lobpcg(projected_hamiltonian, guess, largest=False,
/home/erosanow_hpc/informed_swapping/BARK.py:163: UserWarning: Exited at iteration 50 with accuracies 
[7.30189869e-06]
not reaching the requested tolerance 1e-09.
Use iteration 3 instead with accuracy 
1.979043954554159e-09.

  values, vectors = lobpcg(projected_hamiltonian, guess, largest=False,
/home/erosanow_hpc/informed_swapping/BARK.py:163: UserWarning: Exited postprocessing with accuracies 
[1.97904395e-09]
not reaching the requested tolerance 1e-09.
  values, vectors = lobpcg(projected_hamiltonian, guess, largest=False,
/home/erosanow_hpc/informed_swapping/BARK.py:163: UserWarning: Exited at iteration 50 with accuracies 
[1.33224449e-05]
not reaching the requested tolerance 1e-09.
Use iteration 6 instead with accuracy 
2.082858968812001e-09.

  values, vectors = lobpcg(projected_hamiltonian, guess, largest=False,
/home/erosanow_hpc/informed_swapping/BARK.py:163: UserWarning: Exited postprocessing with accuracies 
[2.08285897e-09]
not reaching the requested tolerance 1e-09.
  values, vectors = lobpcg(projected_hamiltonian, guess, largest=False,
/home/erosanow_hpc/informed_swapping/BARK.py:163: UserWarning: Exited at iteration 50 with accuracies 
[7.83596438e-06]
not reaching the requested tolerance 1e-09.
Use iteration 7 instead with accuracy 
2.3661102847235204e-09.

  values, vectors = lobpcg(projected_hamiltonian, guess, largest=False,
/home/erosanow_hpc/informed_swapping/BARK.py:163: UserWarning: Exited postprocessing with accuracies 
[2.36611028e-09]
not reaching the requested tolerance 1e-09.
  values, vectors = lobpcg(projected_hamiltonian, guess, largest=False,
/home/erosanow_hpc/informed_swapping/BARK.py:163: UserWarning: Exited at iteration 50 with accuracies 
[4.86796481e-06]
not reaching the requested tolerance 1e-09.
Use iteration 9 instead with accuracy 
2.320295963821271e-09.

  values, vectors = lobpcg(projected_hamiltonian, guess, largest=False,
/home/erosanow_hpc/informed_swapping/BARK.py:163: UserWarning: Exited postprocessing with accuracies 
[2.32029596e-09]
not reaching the requested tolerance 1e-09.
  values, vectors = lobpcg(projected_hamiltonian, guess, largest=False,
/home/erosanow_hpc/informed_swapping/BARK.py:163: UserWarning: Exited at iteration 50 with accuracies 
[2.57773374e-06]
not reaching the requested tolerance 1e-09.
Use iteration 8 instead with accuracy 
2.3532476612743175e-09.

  values, vectors = lobpcg(projected_hamiltonian, guess, largest=False,
/home/erosanow_hpc/informed_swapping/BARK.py:163: UserWarning: Exited postprocessing with accuracies 
[2.35324766e-09]
not reaching the requested tolerance 1e-09.
  values, vectors = lobpcg(projected_hamiltonian, guess, largest=False,
/home/erosanow_hpc/informed_swapping/BARK.py:163: UserWarning: Exited at iteration 50 with accuracies 
[7.79618202e-06]
not reaching the requested tolerance 1e-09.
Use iteration 10 instead with accuracy 
2.578511042384878e-09.

  values, vectors = lobpcg(projected_hamiltonian, guess, largest=False,
/home/erosanow_hpc/informed_swapping/BARK.py:163: UserWarning: Exited postprocessing with accuracies 
[2.57851104e-09]
not reaching the requested tolerance 1e-09.
  values, vectors = lobpcg(projected_hamiltonian, guess, largest=False,
/home/erosanow_hpc/informed_swapping/BARK.py:163: UserWarning: Exited at iteration 50 with accuracies 
[6.94079684e-06]
not reaching the requested tolerance 1e-09.
Use iteration 10 instead with accuracy 
2.196580263794912e-09.

  values, vectors = lobpcg(projected_hamiltonian, guess, largest=False,
/home/erosanow_hpc/informed_swapping/BARK.py:163: UserWarning: Exited postprocessing with accuracies 
[2.19658026e-09]
not reaching the requested tolerance 1e-09.
  values, vectors = lobpcg(projected_hamiltonian, guess, largest=False,
/home/erosanow_hpc/informed_swapping/BARK.py:163: UserWarning: Exited at iteration 50 with accuracies 
[4.12100564e-06]
not reaching the requested tolerance 1e-09.
Use iteration 10 instead with accuracy 
2.1965593186621412e-09.

  values, vectors = lobpcg(projected_hamiltonian, guess, largest=False,
/home/erosanow_hpc/informed_swapping/BARK.py:163: UserWarning: Exited postprocessing with accuracies 
[2.19655931e-09]
not reaching the requested tolerance 1e-09.
  values, vectors = lobpcg(projected_hamiltonian, guess, largest=False,
/home/erosanow_hpc/informed_swapping/BARK.py:163: UserWarning: Exited at iteration 50 with accuracies 
[3.78711752e-06]
not reaching the requested tolerance 1e-09.
Use iteration 8 instead with accuracy 
2.1768254536179896e-09.

  values, vectors = lobpcg(projected_hamiltonian, guess, largest=False,
/home/erosanow_hpc/informed_swapping/BARK.py:163: UserWarning: Exited postprocessing with accuracies 
[2.17682544e-09]
not reaching the requested tolerance 1e-09.
  values, vectors = lobpcg(projected_hamiltonian, guess, largest=False,
/home/erosanow_hpc/informed_swapping/BARK.py:163: UserWarning: Exited at iteration 50 with accuracies 
[7.09525818e-06]
not reaching the requested tolerance 1e-09.
Use iteration 10 instead with accuracy 
2.276171812379417e-09.

  values, vectors = lobpcg(projected_hamiltonian, guess, largest=False,
/home/erosanow_hpc/informed_swapping/BARK.py:163: UserWarning: Exited postprocessing with accuracies 
[2.27617181e-09]
not reaching the requested tolerance 1e-09.
  values, vectors = lobpcg(projected_hamiltonian, guess, largest=False,
/home/erosanow_hpc/informed_swapping/BARK.py:163: UserWarning: Exited at iteration 50 with accuracies 
[6.40218212e-06]
not reaching the requested tolerance 1e-09.
Use iteration 9 instead with accuracy 
2.6418797711530306e-09.

  values, vectors = lobpcg(projected_hamiltonian, guess, largest=False,
/home/erosanow_hpc/informed_swapping/BARK.py:163: UserWarning: Exited postprocessing with accuracies 
[2.64187977e-09]
not reaching the requested tolerance 1e-09.
  values, vectors = lobpcg(projected_hamiltonian, guess, largest=False,
/home/erosanow_hpc/informed_swapping/BARK.py:163: UserWarning: Exited at iteration 50 with accuracies 
[1.00544339e-05]
not reaching the requested tolerance 1e-09.
Use iteration 7 instead with accuracy 
2.2057553855887136e-09.

  values, vectors = lobpcg(projected_hamiltonian, guess, largest=False,
/home/erosanow_hpc/informed_swapping/BARK.py:163: UserWarning: Exited postprocessing with accuracies 
[2.20575539e-09]
not reaching the requested tolerance 1e-09.
  values, vectors = lobpcg(projected_hamiltonian, guess, largest=False,
/home/erosanow_hpc/informed_swapping/BARK.py:163: UserWarning: Exited at iteration 50 with accuracies 
[5.2267276e-07]
not reaching the requested tolerance 1e-09.
Use iteration 7 instead with accuracy 
2.4219153794448004e-09.

  values, vectors = lobpcg(projected_hamiltonian, guess, largest=False,
/home/erosanow_hpc/informed_swapping/BARK.py:163: UserWarning: Exited postprocessing with accuracies 
[2.42191538e-09]
not reaching the requested tolerance 1e-09.
  values, vectors = lobpcg(projected_hamiltonian, guess, largest=False,
/home/erosanow_hpc/informed_swapping/BARK.py:163: UserWarning: Exited at iteration 50 with accuracies 
[1.7607948e-07]
not reaching the requested tolerance 1e-09.
Use iteration 4 instead with accuracy 
1.8727180444803184e-09.

  values, vectors = lobpcg(projected_hamiltonian, guess, largest=False,
/home/erosanow_hpc/informed_swapping/BARK.py:163: UserWarning: Exited postprocessing with accuracies 
[1.87271804e-09]
not reaching the requested tolerance 1e-09.
  values, vectors = lobpcg(projected_hamiltonian, guess, largest=False,
/home/erosanow_hpc/informed_swapping/BARK.py:163: UserWarning: Exited at iteration 50 with accuracies 
[7.97271794e-07]
not reaching the requested tolerance 1e-09.
Use iteration 6 instead with accuracy 
2.1637505359132757e-09.

  values, vectors = lobpcg(projected_hamiltonian, guess, largest=False,
/home/erosanow_hpc/informed_swapping/BARK.py:163: UserWarning: Exited postprocessing with accuracies 
[2.16375054e-09]
not reaching the requested tolerance 1e-09.
  values, vectors = lobpcg(projected_hamiltonian, guess, largest=False,
/home/erosanow_hpc/informed_swapping/BARK.py:163: UserWarning: Exited at iteration 50 with accuracies 
[6.93975595e-07]
not reaching the requested tolerance 1e-09.
Use iteration 7 instead with accuracy 
2.3444273206208057e-09.

  values, vectors = lobpcg(projected_hamiltonian, guess, largest=False,
/home/erosanow_hpc/informed_swapping/BARK.py:163: UserWarning: Exited postprocessing with accuracies 
[2.34442732e-09]
not reaching the requested tolerance 1e-09.
  values, vectors = lobpcg(projected_hamiltonian, guess, largest=False,
/home/erosanow_hpc/informed_swapping/BARK.py:163: UserWarning: Exited at iteration 50 with accuracies 
[7.88257832e-06]
not reaching the requested tolerance 1e-09.
Use iteration 8 instead with accuracy 
2.3713368855611757e-09.

  values, vectors = lobpcg(projected_hamiltonian, guess, largest=False,
/home/erosanow_hpc/informed_swapping/BARK.py:163: UserWarning: Exited postprocessing with accuracies 
[2.37133689e-09]
not reaching the requested tolerance 1e-09.
  values, vectors = lobpcg(projected_hamiltonian, guess, largest=False,
/home/erosanow_hpc/informed_swapping/BARK.py:163: UserWarning: Exited at iteration 50 with accuracies 
[2.3320141e-06]
not reaching the requested tolerance 1e-09.
Use iteration 7 instead with accuracy 
2.648868322066951e-09.

  values, vectors = lobpcg(projected_hamiltonian, guess, largest=False,
/home/erosanow_hpc/informed_swapping/BARK.py:163: UserWarning: Exited postprocessing with accuracies 
[2.64886832e-09]
not reaching the requested tolerance 1e-09.
  values, vectors = lobpcg(projected_hamiltonian, guess, largest=False,
/home/erosanow_hpc/informed_swapping/BARK.py:163: UserWarning: Exited at iteration 50 with accuracies 
[8.20314705e-07]
not reaching the requested tolerance 1e-09.
Use iteration 6 instead with accuracy 
2.2206404513964046e-09.

  values, vectors = lobpcg(projected_hamiltonian, guess, largest=False,
/home/erosanow_hpc/informed_swapping/BARK.py:163: UserWarning: Exited postprocessing with accuracies 
[2.22064045e-09]
not reaching the requested tolerance 1e-09.
  values, vectors = lobpcg(projected_hamiltonian, guess, largest=False,
/home/erosanow_hpc/informed_swapping/BARK.py:163: UserWarning: Exited at iteration 50 with accuracies 
[6.42096147e-08]
not reaching the requested tolerance 1e-09.
Use iteration 8 instead with accuracy 
1.8739591311654723e-09.

  values, vectors = lobpcg(projected_hamiltonian, guess, largest=False,
/home/erosanow_hpc/informed_swapping/BARK.py:163: UserWarning: Exited postprocessing with accuracies 
[1.87395913e-09]
not reaching the requested tolerance 1e-09.
  values, vectors = lobpcg(projected_hamiltonian, guess, largest=False,
/home/erosanow_hpc/informed_swapping/BARK.py:163: UserWarning: Exited at iteration 50 with accuracies 
[2.00606943e-06]
not reaching the requested tolerance 1e-09.
Use iteration 9 instead with accuracy 
2.291345063236654e-09.

  values, vectors = lobpcg(projected_hamiltonian, guess, largest=False,
/home/erosanow_hpc/informed_swapping/BARK.py:163: UserWarning: Exited postprocessing with accuracies 
[2.29134506e-09]
not reaching the requested tolerance 1e-09.
  values, vectors = lobpcg(projected_hamiltonian, guess, largest=False,
/home/erosanow_hpc/informed_swapping/BARK.py:163: UserWarning: Exited at iteration 50 with accuracies 
[1.09421677e-07]
not reaching the requested tolerance 1e-09.
Use iteration 9 instead with accuracy 
2.170441185256436e-09.

  values, vectors = lobpcg(projected_hamiltonian, guess, largest=False,
/home/erosanow_hpc/informed_swapping/BARK.py:163: UserWarning: Exited postprocessing with accuracies 
[2.17044119e-09]
not reaching the requested tolerance 1e-09.
  values, vectors = lobpcg(projected_hamiltonian, guess, largest=False,
/home/erosanow_hpc/informed_swapping/BARK.py:163: UserWarning: Exited at iteration 50 with accuracies 
[7.39941928e-06]
not reaching the requested tolerance 1e-09.
Use iteration 6 instead with accuracy 
2.5845970106348087e-09.

  values, vectors = lobpcg(projected_hamiltonian, guess, largest=False,
/home/erosanow_hpc/informed_swapping/BARK.py:163: UserWarning: Exited postprocessing with accuracies 
[2.58459701e-09]
not reaching the requested tolerance 1e-09.
  values, vectors = lobpcg(projected_hamiltonian, guess, largest=False,
/home/erosanow_hpc/informed_swapping/BARK.py:163: UserWarning: Exited at iteration 50 with accuracies 
[1.66676158e-06]
not reaching the requested tolerance 1e-09.
Use iteration 8 instead with accuracy 
2.2733695250198075e-09.

  values, vectors = lobpcg(projected_hamiltonian, guess, largest=False,
/home/erosanow_hpc/informed_swapping/BARK.py:163: UserWarning: Exited postprocessing with accuracies 
[2.27336953e-09]
not reaching the requested tolerance 1e-09.
  values, vectors = lobpcg(projected_hamiltonian, guess, largest=False,
/home/erosanow_hpc/informed_swapping/BARK.py:163: UserWarning: Exited at iteration 50 with accuracies 
[6.76890825e-07]
not reaching the requested tolerance 1e-09.
Use iteration 6 instead with accuracy 
2.411667014052154e-09.

  values, vectors = lobpcg(projected_hamiltonian, guess, largest=False,
/home/erosanow_hpc/informed_swapping/BARK.py:163: UserWarning: Exited postprocessing with accuracies 
[2.41166701e-09]
not reaching the requested tolerance 1e-09.
  values, vectors = lobpcg(projected_hamiltonian, guess, largest=False,
/home/erosanow_hpc/informed_swapping/BARK.py:163: UserWarning: Exited at iteration 50 with accuracies 
[2.75216054e-07]
not reaching the requested tolerance 1e-09.
Use iteration 4 instead with accuracy 
1.8335313615562208e-09.

  values, vectors = lobpcg(projected_hamiltonian, guess, largest=False,
/home/erosanow_hpc/informed_swapping/BARK.py:163: UserWarning: Exited postprocessing with accuracies 
[1.83353136e-09]
not reaching the requested tolerance 1e-09.
  values, vectors = lobpcg(projected_hamiltonian, guess, largest=False,
/home/erosanow_hpc/informed_swapping/BARK.py:163: UserWarning: Exited at iteration 50 with accuracies 
[1.24906507e-06]
not reaching the requested tolerance 1e-09.
Use iteration 7 instead with accuracy 
2.5347755352290615e-09.

  values, vectors = lobpcg(projected_hamiltonian, guess, largest=False,
/home/erosanow_hpc/informed_swapping/BARK.py:163: UserWarning: Exited postprocessing with accuracies 
[2.53477554e-09]
not reaching the requested tolerance 1e-09.
  values, vectors = lobpcg(projected_hamiltonian, guess, largest=False,
/home/erosanow_hpc/informed_swapping/BARK.py:163: UserWarning: Exited at iteration 50 with accuracies 
[1.22546072e-07]
not reaching the requested tolerance 1e-09.
Use iteration 8 instead with accuracy 
2.482044026171032e-09.

  values, vectors = lobpcg(projected_hamiltonian, guess, largest=False,
/home/erosanow_hpc/informed_swapping/BARK.py:163: UserWarning: Exited postprocessing with accuracies 
[2.48204403e-09]
not reaching the requested tolerance 1e-09.
  values, vectors = lobpcg(projected_hamiltonian, guess, largest=False,
/home/erosanow_hpc/informed_swapping/BARK.py:163: UserWarning: Exited at iteration 50 with accuracies 
[1.5271436e-05]
not reaching the requested tolerance 1e-09.
Use iteration 12 instead with accuracy 
2.5632417969791084e-09.

  values, vectors = lobpcg(projected_hamiltonian, guess, largest=False,
/home/erosanow_hpc/informed_swapping/BARK.py:163: UserWarning: Exited postprocessing with accuracies 
[2.5632418e-09]
not reaching the requested tolerance 1e-09.
  values, vectors = lobpcg(projected_hamiltonian, guess, largest=False,
/home/erosanow_hpc/informed_swapping/BARK.py:163: UserWarning: Exited at iteration 50 with accuracies 
[1.19177418e-05]
not reaching the requested tolerance 1e-09.
Use iteration 9 instead with accuracy 
2.1715782546104408e-09.

  values, vectors = lobpcg(projected_hamiltonian, guess, largest=False,
/home/erosanow_hpc/informed_swapping/BARK.py:163: UserWarning: Exited postprocessing with accuracies 
[2.17157825e-09]
not reaching the requested tolerance 1e-09.
  values, vectors = lobpcg(projected_hamiltonian, guess, largest=False,
/home/erosanow_hpc/informed_swapping/BARK.py:163: UserWarning: Exited at iteration 50 with accuracies 
[9.95573493e-07]
not reaching the requested tolerance 1e-09.
Use iteration 8 instead with accuracy 
2.8016337597077887e-09.

  values, vectors = lobpcg(projected_hamiltonian, guess, largest=False,
/home/erosanow_hpc/informed_swapping/BARK.py:163: UserWarning: Exited postprocessing with accuracies 
[2.80163376e-09]
not reaching the requested tolerance 1e-09.
  values, vectors = lobpcg(projected_hamiltonian, guess, largest=False,
/home/erosanow_hpc/informed_swapping/BARK.py:163: UserWarning: Exited at iteration 50 with accuracies 
[5.55433326e-07]
not reaching the requested tolerance 1e-09.
Use iteration 9 instead with accuracy 
2.261466449215656e-09.

  values, vectors = lobpcg(projected_hamiltonian, guess, largest=False,
/home/erosanow_hpc/informed_swapping/BARK.py:163: UserWarning: Exited postprocessing with accuracies 
[2.26146645e-09]
not reaching the requested tolerance 1e-09.
  values, vectors = lobpcg(projected_hamiltonian, guess, largest=False,
/home/erosanow_hpc/informed_swapping/BARK.py:163: UserWarning: Exited at iteration 50 with accuracies 
[8.34575225e-06]
not reaching the requested tolerance 1e-09.
Use iteration 13 instead with accuracy 
2.7879412698647414e-09.

  values, vectors = lobpcg(projected_hamiltonian, guess, largest=False,
/home/erosanow_hpc/informed_swapping/BARK.py:163: UserWarning: Exited postprocessing with accuracies 
[2.78794127e-09]
not reaching the requested tolerance 1e-09.
  values, vectors = lobpcg(projected_hamiltonian, guess, largest=False,
/home/erosanow_hpc/informed_swapping/BARK.py:163: UserWarning: Exited at iteration 50 with accuracies 
[8.27166577e-06]
not reaching the requested tolerance 1e-09.
Use iteration 10 instead with accuracy 
2.799849905229072e-09.

  values, vectors = lobpcg(projected_hamiltonian, guess, largest=False,
/home/erosanow_hpc/informed_swapping/BARK.py:163: UserWarning: Exited postprocessing with accuracies 
[2.79984991e-09]
not reaching the requested tolerance 1e-09.
  values, vectors = lobpcg(projected_hamiltonian, guess, largest=False,
/home/erosanow_hpc/informed_swapping/BARK.py:163: UserWarning: Exited at iteration 50 with accuracies 
[3.21336027e-06]
not reaching the requested tolerance 1e-09.
Use iteration 9 instead with accuracy 
2.6641997544792313e-09.

  values, vectors = lobpcg(projected_hamiltonian, guess, largest=False,
/home/erosanow_hpc/informed_swapping/BARK.py:163: UserWarning: Exited postprocessing with accuracies 
[2.66419975e-09]
not reaching the requested tolerance 1e-09.
  values, vectors = lobpcg(projected_hamiltonian, guess, largest=False,
/home/erosanow_hpc/informed_swapping/BARK.py:163: UserWarning: Exited at iteration 50 with accuracies 
[4.26831363e-06]
not reaching the requested tolerance 1e-09.
Use iteration 9 instead with accuracy 
2.7440556317983518e-09.

  values, vectors = lobpcg(projected_hamiltonian, guess, largest=False,
/home/erosanow_hpc/informed_swapping/BARK.py:163: UserWarning: Exited postprocessing with accuracies 
[2.74405563e-09]
not reaching the requested tolerance 1e-09.
  values, vectors = lobpcg(projected_hamiltonian, guess, largest=False,
/home/erosanow_hpc/informed_swapping/BARK.py:163: UserWarning: Exited at iteration 50 with accuracies 
[3.96268813e-06]
not reaching the requested tolerance 1e-09.
Use iteration 8 instead with accuracy 
2.97950752221993e-09.

  values, vectors = lobpcg(projected_hamiltonian, guess, largest=False,
/home/erosanow_hpc/informed_swapping/BARK.py:163: UserWarning: Exited postprocessing with accuracies 
[2.97950752e-09]
not reaching the requested tolerance 1e-09.
  values, vectors = lobpcg(projected_hamiltonian, guess, largest=False,
/home/erosanow_hpc/informed_swapping/BARK.py:163: UserWarning: Exited at iteration 50 with accuracies 
[6.05427062e-06]
not reaching the requested tolerance 1e-09.
Use iteration 5 instead with accuracy 
1.902683175341486e-09.

  values, vectors = lobpcg(projected_hamiltonian, guess, largest=False,
/home/erosanow_hpc/informed_swapping/BARK.py:163: UserWarning: Exited postprocessing with accuracies 
[1.90268318e-09]
not reaching the requested tolerance 1e-09.
  values, vectors = lobpcg(projected_hamiltonian, guess, largest=False,
/home/erosanow_hpc/informed_swapping/BARK.py:163: UserWarning: Exited at iteration 50 with accuracies 
[8.09827724e-06]
not reaching the requested tolerance 1e-09.
Use iteration 11 instead with accuracy 
2.1148542196871237e-09.

  values, vectors = lobpcg(projected_hamiltonian, guess, largest=False,
/home/erosanow_hpc/informed_swapping/BARK.py:163: UserWarning: Exited postprocessing with accuracies 
[2.11485422e-09]
not reaching the requested tolerance 1e-09.
  values, vectors = lobpcg(projected_hamiltonian, guess, largest=False,
/home/erosanow_hpc/informed_swapping/BARK.py:163: UserWarning: Exited at iteration 50 with accuracies 
[7.03257263e-06]
not reaching the requested tolerance 1e-09.
Use iteration 13 instead with accuracy 
2.0016081900972745e-09.

  values, vectors = lobpcg(projected_hamiltonian, guess, largest=False,
/home/erosanow_hpc/informed_swapping/BARK.py:163: UserWarning: Exited postprocessing with accuracies 
[2.00160819e-09]
not reaching the requested tolerance 1e-09.
  values, vectors = lobpcg(projected_hamiltonian, guess, largest=False,
/home/erosanow_hpc/informed_swapping/BARK.py:163: UserWarning: Exited at iteration 50 with accuracies 
[9.51570735e-06]
not reaching the requested tolerance 1e-09.
Use iteration 12 instead with accuracy 
2.684713450201336e-09.

  values, vectors = lobpcg(projected_hamiltonian, guess, largest=False,
/home/erosanow_hpc/informed_swapping/BARK.py:163: UserWarning: Exited postprocessing with accuracies 
[2.68471345e-09]
not reaching the requested tolerance 1e-09.
  values, vectors = lobpcg(projected_hamiltonian, guess, largest=False,
/home/erosanow_hpc/informed_swapping/BARK.py:163: UserWarning: Exited at iteration 50 with accuracies 
[7.35112292e-06]
not reaching the requested tolerance 1e-09.
Use iteration 12 instead with accuracy 
2.017772378369495e-09.

  values, vectors = lobpcg(projected_hamiltonian, guess, largest=False,
/home/erosanow_hpc/informed_swapping/BARK.py:163: UserWarning: Exited postprocessing with accuracies 
[2.01777238e-09]
not reaching the requested tolerance 1e-09.
  values, vectors = lobpcg(projected_hamiltonian, guess, largest=False,
/home/erosanow_hpc/informed_swapping/BARK.py:163: UserWarning: Exited at iteration 50 with accuracies 
[4.95067694e-06]
not reaching the requested tolerance 1e-09.
Use iteration 8 instead with accuracy 
2.524176906029722e-09.

  values, vectors = lobpcg(projected_hamiltonian, guess, largest=False,
/home/erosanow_hpc/informed_swapping/BARK.py:163: UserWarning: Exited postprocessing with accuracies 
[2.52417691e-09]
not reaching the requested tolerance 1e-09.
  values, vectors = lobpcg(projected_hamiltonian, guess, largest=False,
/home/erosanow_hpc/informed_swapping/BARK.py:163: UserWarning: Exited at iteration 50 with accuracies 
[2.57862498e-06]
not reaching the requested tolerance 1e-09.
Use iteration 8 instead with accuracy 
2.6229332113524637e-09.

  values, vectors = lobpcg(projected_hamiltonian, guess, largest=False,
/home/erosanow_hpc/informed_swapping/BARK.py:163: UserWarning: Exited postprocessing with accuracies 
[2.62293321e-09]
not reaching the requested tolerance 1e-09.
  values, vectors = lobpcg(projected_hamiltonian, guess, largest=False,
/home/erosanow_hpc/informed_swapping/BARK.py:163: UserWarning: Exited at iteration 50 with accuracies 
[2.95588597e-06]
not reaching the requested tolerance 1e-09.
Use iteration 9 instead with accuracy 
2.329428379993104e-09.

  values, vectors = lobpcg(projected_hamiltonian, guess, largest=False,
/home/erosanow_hpc/informed_swapping/BARK.py:163: UserWarning: Exited postprocessing with accuracies 
[2.3294284e-09]
not reaching the requested tolerance 1e-09.
  values, vectors = lobpcg(projected_hamiltonian, guess, largest=False,
/home/erosanow_hpc/informed_swapping/BARK.py:163: UserWarning: Exited at iteration 50 with accuracies 
[2.93206078e-06]
not reaching the requested tolerance 1e-09.
Use iteration 8 instead with accuracy 
2.5673368951863136e-09.

  values, vectors = lobpcg(projected_hamiltonian, guess, largest=False,
/home/erosanow_hpc/informed_swapping/BARK.py:163: UserWarning: Exited postprocessing with accuracies 
[2.56733691e-09]
not reaching the requested tolerance 1e-09.
  values, vectors = lobpcg(projected_hamiltonian, guess, largest=False,
/home/erosanow_hpc/informed_swapping/BARK.py:163: UserWarning: Exited at iteration 50 with accuracies 
[3.20820626e-06]
not reaching the requested tolerance 1e-09.
Use iteration 8 instead with accuracy 
2.623361847957062e-09.

  values, vectors = lobpcg(projected_hamiltonian, guess, largest=False,
/home/erosanow_hpc/informed_swapping/BARK.py:163: UserWarning: Exited postprocessing with accuracies 
[2.62336183e-09]
not reaching the requested tolerance 1e-09.
  values, vectors = lobpcg(projected_hamiltonian, guess, largest=False,
/home/erosanow_hpc/informed_swapping/BARK.py:163: UserWarning: Exited at iteration 50 with accuracies 
[4.97814138e-06]
not reaching the requested tolerance 1e-09.
Use iteration 9 instead with accuracy 
2.304690779913171e-09.

  values, vectors = lobpcg(projected_hamiltonian, guess, largest=False,
/home/erosanow_hpc/informed_swapping/BARK.py:163: UserWarning: Exited postprocessing with accuracies 
[2.30469078e-09]
not reaching the requested tolerance 1e-09.
  values, vectors = lobpcg(projected_hamiltonian, guess, largest=False,
/home/erosanow_hpc/informed_swapping/BARK.py:163: UserWarning: Exited at iteration 50 with accuracies 
[4.34331678e-06]
not reaching the requested tolerance 1e-09.
Use iteration 11 instead with accuracy 
2.1200810626653763e-09.

  values, vectors = lobpcg(projected_hamiltonian, guess, largest=False,
/home/erosanow_hpc/informed_swapping/BARK.py:163: UserWarning: Exited postprocessing with accuracies 
[2.12008106e-09]
not reaching the requested tolerance 1e-09.
  values, vectors = lobpcg(projected_hamiltonian, guess, largest=False,
/home/erosanow_hpc/informed_swapping/BARK.py:163: UserWarning: Exited at iteration 50 with accuracies 
[5.33661366e-06]
not reaching the requested tolerance 1e-09.
Use iteration 7 instead with accuracy 
2.1865168778784e-09.

  values, vectors = lobpcg(projected_hamiltonian, guess, largest=False,
/home/erosanow_hpc/informed_swapping/BARK.py:163: UserWarning: Exited postprocessing with accuracies 
[2.18651688e-09]
not reaching the requested tolerance 1e-09.
  values, vectors = lobpcg(projected_hamiltonian, guess, largest=False,
/home/erosanow_hpc/informed_swapping/BARK.py:163: UserWarning: Exited at iteration 50 with accuracies 
[5.87658287e-06]
not reaching the requested tolerance 1e-09.
Use iteration 8 instead with accuracy 
2.6273130480301598e-09.

  values, vectors = lobpcg(projected_hamiltonian, guess, largest=False,
/home/erosanow_hpc/informed_swapping/BARK.py:163: UserWarning: Exited postprocessing with accuracies 
[2.62731305e-09]
not reaching the requested tolerance 1e-09.
  values, vectors = lobpcg(projected_hamiltonian, guess, largest=False,
/home/erosanow_hpc/informed_swapping/BARK.py:163: UserWarning: Exited at iteration 50 with accuracies 
[6.27780435e-06]
not reaching the requested tolerance 1e-09.
Use iteration 5 instead with accuracy 
2.32245196016487e-09.

  values, vectors = lobpcg(projected_hamiltonian, guess, largest=False,
/home/erosanow_hpc/informed_swapping/BARK.py:163: UserWarning: Exited postprocessing with accuracies 
[2.32245196e-09]
not reaching the requested tolerance 1e-09.
  values, vectors = lobpcg(projected_hamiltonian, guess, largest=False,
/home/erosanow_hpc/informed_swapping/BARK.py:163: UserWarning: Exited at iteration 50 with accuracies 
[3.01631378e-06]
not reaching the requested tolerance 1e-09.
Use iteration 8 instead with accuracy 
2.2886832136865968e-09.

  values, vectors = lobpcg(projected_hamiltonian, guess, largest=False,
/home/erosanow_hpc/informed_swapping/BARK.py:163: UserWarning: Exited postprocessing with accuracies 
[2.28868321e-09]
not reaching the requested tolerance 1e-09.
  values, vectors = lobpcg(projected_hamiltonian, guess, largest=False,
/home/erosanow_hpc/informed_swapping/BARK.py:163: UserWarning: Exited at iteration 50 with accuracies 
[4.56071393e-06]
not reaching the requested tolerance 1e-09.
Use iteration 9 instead with accuracy 
2.0911893911428746e-09.

  values, vectors = lobpcg(projected_hamiltonian, guess, largest=False,
/home/erosanow_hpc/informed_swapping/BARK.py:163: UserWarning: Exited postprocessing with accuracies 
[2.09118939e-09]
not reaching the requested tolerance 1e-09.
  values, vectors = lobpcg(projected_hamiltonian, guess, largest=False,
/home/erosanow_hpc/informed_swapping/BARK.py:163: UserWarning: Exited at iteration 50 with accuracies 
[4.53761998e-06]
not reaching the requested tolerance 1e-09.
Use iteration 5 instead with accuracy 
1.983975827619412e-09.

  values, vectors = lobpcg(projected_hamiltonian, guess, largest=False,
/home/erosanow_hpc/informed_swapping/BARK.py:163: UserWarning: Exited postprocessing with accuracies 
[1.98397583e-09]
not reaching the requested tolerance 1e-09.
  values, vectors = lobpcg(projected_hamiltonian, guess, largest=False,
/home/erosanow_hpc/informed_swapping/BARK.py:163: UserWarning: Exited at iteration 50 with accuracies 
[2.99551923e-06]
not reaching the requested tolerance 1e-09.
Use iteration 6 instead with accuracy 
2.1834886696902464e-09.

  values, vectors = lobpcg(projected_hamiltonian, guess, largest=False,
/home/erosanow_hpc/informed_swapping/BARK.py:163: UserWarning: Exited postprocessing with accuracies 
[2.18348867e-09]
not reaching the requested tolerance 1e-09.
  values, vectors = lobpcg(projected_hamiltonian, guess, largest=False,
/home/erosanow_hpc/informed_swapping/BARK.py:163: UserWarning: Exited at iteration 50 with accuracies 
[3.7688277e-06]
not reaching the requested tolerance 1e-09.
Use iteration 4 instead with accuracy 
1.8199481543464314e-09.

  values, vectors = lobpcg(projected_hamiltonian, guess, largest=False,
/home/erosanow_hpc/informed_swapping/BARK.py:163: UserWarning: Exited postprocessing with accuracies 
[1.81994815e-09]
not reaching the requested tolerance 1e-09.
  values, vectors = lobpcg(projected_hamiltonian, guess, largest=False,
/home/erosanow_hpc/informed_swapping/BARK.py:163: UserWarning: Exited at iteration 50 with accuracies 
[3.33172987e-06]
not reaching the requested tolerance 1e-09.
Use iteration 9 instead with accuracy 
2.3524018778547033e-09.

  values, vectors = lobpcg(projected_hamiltonian, guess, largest=False,
/home/erosanow_hpc/informed_swapping/BARK.py:163: UserWarning: Exited postprocessing with accuracies 
[2.35240188e-09]
not reaching the requested tolerance 1e-09.
  values, vectors = lobpcg(projected_hamiltonian, guess, largest=False,
/home/erosanow_hpc/informed_swapping/BARK.py:163: UserWarning: Exited at iteration 50 with accuracies 
[2.48069306e-06]
not reaching the requested tolerance 1e-09.
Use iteration 4 instead with accuracy 
1.806045063187656e-09.

  values, vectors = lobpcg(projected_hamiltonian, guess, largest=False,
/home/erosanow_hpc/informed_swapping/BARK.py:163: UserWarning: Exited postprocessing with accuracies 
[1.80604506e-09]
not reaching the requested tolerance 1e-09.
  values, vectors = lobpcg(projected_hamiltonian, guess, largest=False,
/home/erosanow_hpc/informed_swapping/BARK.py:163: UserWarning: Exited at iteration 50 with accuracies 
[3.67060909e-06]
not reaching the requested tolerance 1e-09.
Use iteration 9 instead with accuracy 
2.6711452219131956e-09.

  values, vectors = lobpcg(projected_hamiltonian, guess, largest=False,
/home/erosanow_hpc/informed_swapping/BARK.py:163: UserWarning: Exited postprocessing with accuracies 
[2.67114522e-09]
not reaching the requested tolerance 1e-09.
  values, vectors = lobpcg(projected_hamiltonian, guess, largest=False,
/home/erosanow_hpc/informed_swapping/BARK.py:163: UserWarning: Exited at iteration 50 with accuracies 
[3.77230704e-06]
not reaching the requested tolerance 1e-09.
Use iteration 8 instead with accuracy 
2.2427455058920097e-09.

  values, vectors = lobpcg(projected_hamiltonian, guess, largest=False,
/home/erosanow_hpc/informed_swapping/BARK.py:163: UserWarning: Exited postprocessing with accuracies 
[2.24274551e-09]
not reaching the requested tolerance 1e-09.
  values, vectors = lobpcg(projected_hamiltonian, guess, largest=False,
/home/erosanow_hpc/informed_swapping/BARK.py:163: UserWarning: Exited at iteration 50 with accuracies 
[7.26173962e-06]
not reaching the requested tolerance 1e-09.
Use iteration 10 instead with accuracy 
2.013047690179651e-09.

  values, vectors = lobpcg(projected_hamiltonian, guess, largest=False,
/home/erosanow_hpc/informed_swapping/BARK.py:163: UserWarning: Exited postprocessing with accuracies 
[2.01304768e-09]
not reaching the requested tolerance 1e-09.
  values, vectors = lobpcg(projected_hamiltonian, guess, largest=False,
/home/erosanow_hpc/informed_swapping/BARK.py:163: UserWarning: Exited at iteration 50 with accuracies 
[3.77356327e-06]
not reaching the requested tolerance 1e-09.
Use iteration 9 instead with accuracy 
2.105389852734445e-09.

  values, vectors = lobpcg(projected_hamiltonian, guess, largest=False,
/home/erosanow_hpc/informed_swapping/BARK.py:163: UserWarning: Exited postprocessing with accuracies 
[2.10538987e-09]
not reaching the requested tolerance 1e-09.
  values, vectors = lobpcg(projected_hamiltonian, guess, largest=False,
/home/erosanow_hpc/informed_swapping/BARK.py:163: UserWarning: Exited at iteration 50 with accuracies 
[3.74508962e-08]
not reaching the requested tolerance 1e-09.
Use iteration 51 instead with accuracy 
3.745089622507674e-08.

  values, vectors = lobpcg(projected_hamiltonian, guess, largest=False,
/home/erosanow_hpc/informed_swapping/BARK.py:163: UserWarning: Exited postprocessing with accuracies 
[3.74508928e-08]
not reaching the requested tolerance 1e-09.
  values, vectors = lobpcg(projected_hamiltonian, guess, largest=False,
/home/erosanow_hpc/informed_swapping/BARK.py:163: UserWarning: Exited at iteration 50 with accuracies 
[7.09603411e-07]
not reaching the requested tolerance 1e-09.
Use iteration 51 instead with accuracy 
7.096034111428691e-07.

  values, vectors = lobpcg(projected_hamiltonian, guess, largest=False,
/home/erosanow_hpc/informed_swapping/BARK.py:163: UserWarning: Exited postprocessing with accuracies 
[7.0960341e-07]
not reaching the requested tolerance 1e-09.
  values, vectors = lobpcg(projected_hamiltonian, guess, largest=False,
/home/erosanow_hpc/informed_swapping/BARK.py:163: UserWarning: Exited at iteration 50 with accuracies 
[5.64498694e-06]
not reaching the requested tolerance 1e-09.
Use iteration 49 instead with accuracy 
2.0247318058722274e-06.

  values, vectors = lobpcg(projected_hamiltonian, guess, largest=False,
/home/erosanow_hpc/informed_swapping/BARK.py:163: UserWarning: Exited postprocessing with accuracies 
[2.02473181e-06]
not reaching the requested tolerance 1e-09.
  values, vectors = lobpcg(projected_hamiltonian, guess, largest=False,
/home/erosanow_hpc/informed_swapping/BARK.py:163: UserWarning: Exited at iteration 50 with accuracies 
[8.15614211e-07]
not reaching the requested tolerance 1e-09.
Use iteration 50 instead with accuracy 
2.8481956821219017e-07.

  values, vectors = lobpcg(projected_hamiltonian, guess, largest=False,
/home/erosanow_hpc/informed_swapping/BARK.py:163: UserWarning: Exited postprocessing with accuracies 
[2.8481957e-07]
not reaching the requested tolerance 1e-09.
  values, vectors = lobpcg(projected_hamiltonian, guess, largest=False,
/home/erosanow_hpc/informed_swapping/BARK.py:163: UserWarning: Exited at iteration 50 with accuracies 
[1.48404285e-05]
not reaching the requested tolerance 1e-09.
Use iteration 48 instead with accuracy 
7.018437720911277e-06.

  values, vectors = lobpcg(projected_hamiltonian, guess, largest=False,
/home/erosanow_hpc/informed_swapping/BARK.py:163: UserWarning: Exited postprocessing with accuracies 
[7.01843772e-06]
not reaching the requested tolerance 1e-09.
  values, vectors = lobpcg(projected_hamiltonian, guess, largest=False,
/home/erosanow_hpc/informed_swapping/BARK.py:163: UserWarning: Exited at iteration 50 with accuracies 
[6.88987756e-07]
not reaching the requested tolerance 1e-09.
Use iteration 47 instead with accuracy 
1.8150484274624708e-07.

  values, vectors = lobpcg(projected_hamiltonian, guess, largest=False,
/home/erosanow_hpc/informed_swapping/BARK.py:163: UserWarning: Exited postprocessing with accuracies 
[1.81504844e-07]
not reaching the requested tolerance 1e-09.
  values, vectors = lobpcg(projected_hamiltonian, guess, largest=False,
/home/erosanow_hpc/informed_swapping/BARK.py:163: UserWarning: Exited at iteration 50 with accuracies 
[1.74153692e-05]
not reaching the requested tolerance 1e-09.
Use iteration 49 instead with accuracy 
4.516685012867688e-06.

  values, vectors = lobpcg(projected_hamiltonian, guess, largest=False,
/home/erosanow_hpc/informed_swapping/BARK.py:163: UserWarning: Exited postprocessing with accuracies 
[4.51668502e-06]
not reaching the requested tolerance 1e-09.
  values, vectors = lobpcg(projected_hamiltonian, guess, largest=False,
/home/erosanow_hpc/informed_swapping/BARK.py:163: UserWarning: Exited at iteration 50 with accuracies 
[4.4257393e-08]
not reaching the requested tolerance 1e-09.
Use iteration 47 instead with accuracy 
2.5037936288122858e-08.

  values, vectors = lobpcg(projected_hamiltonian, guess, largest=False,
/home/erosanow_hpc/informed_swapping/BARK.py:163: UserWarning: Exited postprocessing with accuracies 
[2.50379395e-08]
not reaching the requested tolerance 1e-09.
  values, vectors = lobpcg(projected_hamiltonian, guess, largest=False,
/home/erosanow_hpc/informed_swapping/BARK.py:163: UserWarning: Exited at iteration 50 with accuracies 
[8.74476207e-09]
not reaching the requested tolerance 1e-09.
Use iteration 47 instead with accuracy 
4.401607989697407e-09.

  values, vectors = lobpcg(projected_hamiltonian, guess, largest=False,
/home/erosanow_hpc/informed_swapping/BARK.py:163: UserWarning: Exited postprocessing with accuracies 
[4.40160237e-09]
not reaching the requested tolerance 1e-09.
  values, vectors = lobpcg(projected_hamiltonian, guess, largest=False,
/home/erosanow_hpc/informed_swapping/BARK.py:163: UserWarning: Exited at iteration 50 with accuracies 
[2.88039232e-06]
not reaching the requested tolerance 1e-09.
Use iteration 47 instead with accuracy 
2.4554499204197612e-06.

  values, vectors = lobpcg(projected_hamiltonian, guess, largest=False,
/home/erosanow_hpc/informed_swapping/BARK.py:163: UserWarning: Exited postprocessing with accuracies 
[2.45544992e-06]
not reaching the requested tolerance 1e-09.
  values, vectors = lobpcg(projected_hamiltonian, guess, largest=False,
/home/erosanow_hpc/informed_swapping/BARK.py:163: UserWarning: Exited at iteration 50 with accuracies 
[5.40317075e-09]
not reaching the requested tolerance 1e-09.
Use iteration 51 instead with accuracy 
5.403170749798802e-09.

  values, vectors = lobpcg(projected_hamiltonian, guess, largest=False,
/home/erosanow_hpc/informed_swapping/BARK.py:163: UserWarning: Exited postprocessing with accuracies 
[5.40317045e-09]
not reaching the requested tolerance 1e-09.
  values, vectors = lobpcg(projected_hamiltonian, guess, largest=False,
/home/erosanow_hpc/informed_swapping/BARK.py:163: UserWarning: Exited at iteration 50 with accuracies 
[1.94038019e-08]
not reaching the requested tolerance 1e-09.
Use iteration 47 instead with accuracy 
1.548682633402468e-08.

  values, vectors = lobpcg(projected_hamiltonian, guess, largest=False,
/home/erosanow_hpc/informed_swapping/BARK.py:163: UserWarning: Exited postprocessing with accuracies 
[1.54868253e-08]
not reaching the requested tolerance 1e-09.
  values, vectors = lobpcg(projected_hamiltonian, guess, largest=False,
/home/erosanow_hpc/informed_swapping/BARK.py:163: UserWarning: Exited at iteration 50 with accuracies 
[2.13825177e-07]
not reaching the requested tolerance 1e-09.
Use iteration 47 instead with accuracy 
1.7399184170487913e-07.

  values, vectors = lobpcg(projected_hamiltonian, guess, largest=False,
/home/erosanow_hpc/informed_swapping/BARK.py:163: UserWarning: Exited postprocessing with accuracies 
[1.73991841e-07]
not reaching the requested tolerance 1e-09.
  values, vectors = lobpcg(projected_hamiltonian, guess, largest=False,
/home/erosanow_hpc/informed_swapping/BARK.py:163: UserWarning: Exited at iteration 50 with accuracies 
[1.08407412e-05]
not reaching the requested tolerance 1e-09.
Use iteration 48 instead with accuracy 
7.144911699978524e-06.

  values, vectors = lobpcg(projected_hamiltonian, guess, largest=False,
/home/erosanow_hpc/informed_swapping/BARK.py:163: UserWarning: Exited postprocessing with accuracies 
[7.1449117e-06]
not reaching the requested tolerance 1e-09.
  values, vectors = lobpcg(projected_hamiltonian, guess, largest=False,
/home/erosanow_hpc/informed_swapping/BARK.py:163: UserWarning: Exited at iteration 50 with accuracies 
[6.82605993e-08]
not reaching the requested tolerance 1e-09.
Use iteration 50 instead with accuracy 
2.5723398613141815e-08.

  values, vectors = lobpcg(projected_hamiltonian, guess, largest=False,
/home/erosanow_hpc/informed_swapping/BARK.py:163: UserWarning: Exited postprocessing with accuracies 
[2.57233969e-08]
not reaching the requested tolerance 1e-09.
  values, vectors = lobpcg(projected_hamiltonian, guess, largest=False,
/home/erosanow_hpc/informed_swapping/BARK.py:163: UserWarning: Exited at iteration 50 with accuracies 
[1.47045612e-06]
not reaching the requested tolerance 1e-09.
Use iteration 50 instead with accuracy 
1.15602392907516e-06.

  values, vectors = lobpcg(projected_hamiltonian, guess, largest=False,
/home/erosanow_hpc/informed_swapping/BARK.py:163: UserWarning: Exited postprocessing with accuracies 
[1.15602393e-06]
not reaching the requested tolerance 1e-09.
  values, vectors = lobpcg(projected_hamiltonian, guess, largest=False,
/home/erosanow_hpc/informed_swapping/BARK.py:163: UserWarning: Exited at iteration 50 with accuracies 
[4.99654116e-08]
not reaching the requested tolerance 1e-09.
Use iteration 51 instead with accuracy 
4.9965411557768555e-08.

  values, vectors = lobpcg(projected_hamiltonian, guess, largest=False,
/home/erosanow_hpc/informed_swapping/BARK.py:163: UserWarning: Exited postprocessing with accuracies 
[4.99653993e-08]
not reaching the requested tolerance 1e-09.
  values, vectors = lobpcg(projected_hamiltonian, guess, largest=False,
/home/erosanow_hpc/informed_swapping/BARK.py:163: UserWarning: Exited at iteration 50 with accuracies 
[6.91916697e-07]
not reaching the requested tolerance 1e-09.
Use iteration 50 instead with accuracy 
4.85352880284469e-07.

  values, vectors = lobpcg(projected_hamiltonian, guess, largest=False,
/home/erosanow_hpc/informed_swapping/BARK.py:163: UserWarning: Exited postprocessing with accuracies 
[4.85352884e-07]
not reaching the requested tolerance 1e-09.
  values, vectors = lobpcg(projected_hamiltonian, guess, largest=False,
/home/erosanow_hpc/informed_swapping/BARK.py:163: UserWarning: Exited at iteration 50 with accuracies 
[4.69006995e-06]
not reaching the requested tolerance 1e-09.
Use iteration 48 instead with accuracy 
2.2196696092315414e-06.

  values, vectors = lobpcg(projected_hamiltonian, guess, largest=False,
/home/erosanow_hpc/informed_swapping/BARK.py:163: UserWarning: Exited postprocessing with accuracies 
[2.2196696e-06]
not reaching the requested tolerance 1e-09.
  values, vectors = lobpcg(projected_hamiltonian, guess, largest=False,
/home/erosanow_hpc/informed_swapping/BARK.py:163: UserWarning: Exited at iteration 50 with accuracies 
[2.92745714e-07]
not reaching the requested tolerance 1e-09.
Use iteration 51 instead with accuracy 
2.927457143964519e-07.

  values, vectors = lobpcg(projected_hamiltonian, guess, largest=False,
/home/erosanow_hpc/informed_swapping/BARK.py:163: UserWarning: Exited postprocessing with accuracies 
[2.92745716e-07]
not reaching the requested tolerance 1e-09.
  values, vectors = lobpcg(projected_hamiltonian, guess, largest=False,
/home/erosanow_hpc/informed_swapping/BARK.py:163: UserWarning: Exited at iteration 50 with accuracies 
[9.47555525e-06]
not reaching the requested tolerance 1e-09.
Use iteration 48 instead with accuracy 
7.965287747400095e-06.

  values, vectors = lobpcg(projected_hamiltonian, guess, largest=False,
/home/erosanow_hpc/informed_swapping/BARK.py:163: UserWarning: Exited postprocessing with accuracies 
[7.96528775e-06]
not reaching the requested tolerance 1e-09.
  values, vectors = lobpcg(projected_hamiltonian, guess, largest=False,
/home/erosanow_hpc/informed_swapping/BARK.py:163: UserWarning: Exited at iteration 50 with accuracies 
[7.16955081e-07]
not reaching the requested tolerance 1e-09.
Use iteration 43 instead with accuracy 
1.995036094307481e-07.

  values, vectors = lobpcg(projected_hamiltonian, guess, largest=False,
/home/erosanow_hpc/informed_swapping/BARK.py:163: UserWarning: Exited postprocessing with accuracies 
[1.99503609e-07]
not reaching the requested tolerance 1e-09.
  values, vectors = lobpcg(projected_hamiltonian, guess, largest=False,
/home/erosanow_hpc/informed_swapping/BARK.py:163: UserWarning: Exited at iteration 50 with accuracies 
[9.364335e-06]
not reaching the requested tolerance 1e-09.
Use iteration 50 instead with accuracy 
4.518296911853367e-06.

  values, vectors = lobpcg(projected_hamiltonian, guess, largest=False,
/home/erosanow_hpc/informed_swapping/BARK.py:163: UserWarning: Exited postprocessing with accuracies 
[4.51829692e-06]
not reaching the requested tolerance 1e-09.
  values, vectors = lobpcg(projected_hamiltonian, guess, largest=False,
/home/erosanow_hpc/informed_swapping/BARK.py:163: UserWarning: Exited at iteration 50 with accuracies 
[1.41177933e-08]
not reaching the requested tolerance 1e-09.
Use iteration 51 instead with accuracy 
1.4117793259223728e-08.

  values, vectors = lobpcg(projected_hamiltonian, guess, largest=False,
/home/erosanow_hpc/informed_swapping/BARK.py:163: UserWarning: Exited postprocessing with accuracies 
[1.41177933e-08]
not reaching the requested tolerance 1e-09.
  values, vectors = lobpcg(projected_hamiltonian, guess, largest=False,
/home/erosanow_hpc/informed_swapping/BARK.py:163: UserWarning: Exited at iteration 50 with accuracies 
[1.68632882e-06]
not reaching the requested tolerance 1e-09.
Use iteration 51 instead with accuracy 
1.68632882090493e-06.

  values, vectors = lobpcg(projected_hamiltonian, guess, largest=False,
/home/erosanow_hpc/informed_swapping/BARK.py:163: UserWarning: Exited postprocessing with accuracies 
[1.68632882e-06]
not reaching the requested tolerance 1e-09.
  values, vectors = lobpcg(projected_hamiltonian, guess, largest=False,
/home/erosanow_hpc/informed_swapping/BARK.py:163: UserWarning: Exited at iteration 50 with accuracies 
[6.729466e-09]
not reaching the requested tolerance 1e-09.
Use iteration 51 instead with accuracy 
6.72946600343268e-09.

  values, vectors = lobpcg(projected_hamiltonian, guess, largest=False,
/home/erosanow_hpc/informed_swapping/BARK.py:163: UserWarning: Exited postprocessing with accuracies 
[6.72946714e-09]
not reaching the requested tolerance 1e-09.
  values, vectors = lobpcg(projected_hamiltonian, guess, largest=False,
/home/erosanow_hpc/informed_swapping/BARK.py:163: UserWarning: Exited at iteration 50 with accuracies 
[1.07298583e-08]
not reaching the requested tolerance 1e-09.
Use iteration 51 instead with accuracy 
1.0729858342250857e-08.

  values, vectors = lobpcg(projected_hamiltonian, guess, largest=False,
/home/erosanow_hpc/informed_swapping/BARK.py:163: UserWarning: Exited postprocessing with accuracies 
[1.07298587e-08]
not reaching the requested tolerance 1e-09.
  values, vectors = lobpcg(projected_hamiltonian, guess, largest=False,
/home/erosanow_hpc/informed_swapping/BARK.py:163: UserWarning: Exited at iteration 50 with accuracies 
[4.90973799e-08]
not reaching the requested tolerance 1e-09.
Use iteration 51 instead with accuracy 
4.909737992585844e-08.

  values, vectors = lobpcg(projected_hamiltonian, guess, largest=False,
/home/erosanow_hpc/informed_swapping/BARK.py:163: UserWarning: Exited postprocessing with accuracies 
[4.90973807e-08]
not reaching the requested tolerance 1e-09.
  values, vectors = lobpcg(projected_hamiltonian, guess, largest=False,
/home/erosanow_hpc/informed_swapping/BARK.py:163: UserWarning: Exited at iteration 50 with accuracies 
[5.62735765e-06]
not reaching the requested tolerance 1e-09.
Use iteration 51 instead with accuracy 
5.627357652520804e-06.

  values, vectors = lobpcg(projected_hamiltonian, guess, largest=False,
/home/erosanow_hpc/informed_swapping/BARK.py:163: UserWarning: Exited postprocessing with accuracies 
[5.62735765e-06]
not reaching the requested tolerance 1e-09.
  values, vectors = lobpcg(projected_hamiltonian, guess, largest=False,
/home/erosanow_hpc/informed_swapping/BARK.py:163: UserWarning: Exited at iteration 50 with accuracies 
[3.61473542e-08]
not reaching the requested tolerance 1e-09.
Use iteration 51 instead with accuracy 
3.614735419794056e-08.

  values, vectors = lobpcg(projected_hamiltonian, guess, largest=False,
/home/erosanow_hpc/informed_swapping/BARK.py:163: UserWarning: Exited postprocessing with accuracies 
[3.61473569e-08]
not reaching the requested tolerance 1e-09.
  values, vectors = lobpcg(projected_hamiltonian, guess, largest=False,
/home/erosanow_hpc/informed_swapping/BARK.py:163: UserWarning: Exited at iteration 50 with accuracies 
[1.43789591e-06]
not reaching the requested tolerance 1e-09.
Use iteration 50 instead with accuracy 
1.028789231157762e-06.

  values, vectors = lobpcg(projected_hamiltonian, guess, largest=False,
/home/erosanow_hpc/informed_swapping/BARK.py:163: UserWarning: Exited postprocessing with accuracies 
[1.02878923e-06]
not reaching the requested tolerance 1e-09.
  values, vectors = lobpcg(projected_hamiltonian, guess, largest=False,
/home/erosanow_hpc/informed_swapping/BARK.py:163: UserWarning: Exited at iteration 50 with accuracies 
[7.7370274e-09]
not reaching the requested tolerance 1e-09.
Use iteration 9 instead with accuracy 
3.9746922654859505e-09.

  values, vectors = lobpcg(projected_hamiltonian, guess, largest=False,
/home/erosanow_hpc/informed_swapping/BARK.py:163: UserWarning: Exited postprocessing with accuracies 
[3.97469227e-09]
not reaching the requested tolerance 1e-09.
  values, vectors = lobpcg(projected_hamiltonian, guess, largest=False,
/home/erosanow_hpc/informed_swapping/BARK.py:163: UserWarning: Exited at iteration 50 with accuracies 
[1.41346863e-08]
not reaching the requested tolerance 1e-09.
Use iteration 8 instead with accuracy 
3.856804523602329e-09.

  values, vectors = lobpcg(projected_hamiltonian, guess, largest=False,
/home/erosanow_hpc/informed_swapping/BARK.py:163: UserWarning: Exited postprocessing with accuracies 
[3.85680452e-09]
not reaching the requested tolerance 1e-09.
  values, vectors = lobpcg(projected_hamiltonian, guess, largest=False,
/home/erosanow_hpc/informed_swapping/BARK.py:163: UserWarning: Exited at iteration 50 with accuracies 
[1.14883473e-08]
not reaching the requested tolerance 1e-09.
Use iteration 8 instead with accuracy 
4.075882070308372e-09.

  values, vectors = lobpcg(projected_hamiltonian, guess, largest=False,
/home/erosanow_hpc/informed_swapping/BARK.py:163: UserWarning: Exited postprocessing with accuracies 
[4.07588208e-09]
not reaching the requested tolerance 1e-09.
  values, vectors = lobpcg(projected_hamiltonian, guess, largest=False,
/home/erosanow_hpc/informed_swapping/BARK.py:163: UserWarning: Exited at iteration 50 with accuracies 
[6.52728465e-09]
not reaching the requested tolerance 1e-09.
Use iteration 8 instead with accuracy 
3.792918412988458e-09.

  values, vectors = lobpcg(projected_hamiltonian, guess, largest=False,
/home/erosanow_hpc/informed_swapping/BARK.py:163: UserWarning: Exited postprocessing with accuracies 
[3.79291807e-09]
not reaching the requested tolerance 1e-09.
  values, vectors = lobpcg(projected_hamiltonian, guess, largest=False,
/home/erosanow_hpc/informed_swapping/BARK.py:163: UserWarning: Exited at iteration 50 with accuracies 
[4.78374211e-09]
not reaching the requested tolerance 1e-09.
Use iteration 9 instead with accuracy 
3.9779300734893165e-09.

  values, vectors = lobpcg(projected_hamiltonian, guess, largest=False,
/home/erosanow_hpc/informed_swapping/BARK.py:163: UserWarning: Exited postprocessing with accuracies 
[3.97793008e-09]
not reaching the requested tolerance 1e-09.
  values, vectors = lobpcg(projected_hamiltonian, guess, largest=False,
/home/erosanow_hpc/informed_swapping/BARK.py:163: UserWarning: Exited at iteration 50 with accuracies 
[6.41917626e-08]
not reaching the requested tolerance 1e-09.
Use iteration 9 instead with accuracy 
4.015017000962241e-09.

  values, vectors = lobpcg(projected_hamiltonian, guess, largest=False,
/home/erosanow_hpc/informed_swapping/BARK.py:163: UserWarning: Exited postprocessing with accuracies 
[4.015017e-09]
not reaching the requested tolerance 1e-09.
  values, vectors = lobpcg(projected_hamiltonian, guess, largest=False,
/home/erosanow_hpc/informed_swapping/BARK.py:163: UserWarning: Exited at iteration 50 with accuracies 
[5.09968958e-09]
not reaching the requested tolerance 1e-09.
Use iteration 8 instead with accuracy 
4.510286661063441e-09.

  values, vectors = lobpcg(projected_hamiltonian, guess, largest=False,
/home/erosanow_hpc/informed_swapping/BARK.py:163: UserWarning: Exited postprocessing with accuracies 
[4.51028664e-09]
not reaching the requested tolerance 1e-09.
  values, vectors = lobpcg(projected_hamiltonian, guess, largest=False,
/home/erosanow_hpc/informed_swapping/BARK.py:163: UserWarning: Exited at iteration 50 with accuracies 
[4.6616757e-09]
not reaching the requested tolerance 1e-09.
Use iteration 8 instead with accuracy 
4.582057034609073e-09.

  values, vectors = lobpcg(projected_hamiltonian, guess, largest=False,
/home/erosanow_hpc/informed_swapping/BARK.py:163: UserWarning: Exited postprocessing with accuracies 
[4.58205702e-09]
not reaching the requested tolerance 1e-09.
  values, vectors = lobpcg(projected_hamiltonian, guess, largest=False,
/home/erosanow_hpc/informed_swapping/BARK.py:163: UserWarning: Exited at iteration 50 with accuracies 
[2.33081521e-09]
not reaching the requested tolerance 1e-09.
Use iteration 51 instead with accuracy 
2.330815208643079e-09.

  values, vectors = lobpcg(projected_hamiltonian, guess, largest=False,
/home/erosanow_hpc/informed_swapping/BARK.py:163: UserWarning: Exited postprocessing with accuracies 
[2.33081522e-09]
not reaching the requested tolerance 1e-09.
  values, vectors = lobpcg(projected_hamiltonian, guess, largest=False,
/home/erosanow_hpc/informed_swapping/BARK.py:163: UserWarning: Exited at iteration 50 with accuracies 
[1.16505946e-08]
not reaching the requested tolerance 1e-09.
Use iteration 9 instead with accuracy 
1.1454061942191558e-08.

  values, vectors = lobpcg(projected_hamiltonian, guess, largest=False,
/home/erosanow_hpc/informed_swapping/BARK.py:163: UserWarning: Exited postprocessing with accuracies 
[1.14540619e-08]
not reaching the requested tolerance 1e-09.
  values, vectors = lobpcg(projected_hamiltonian, guess, largest=False,
/home/erosanow_hpc/informed_swapping/BARK.py:163: UserWarning: Exited at iteration 50 with accuracies 
[6.49670348e-09]
not reaching the requested tolerance 1e-09.
Use iteration 51 instead with accuracy 
6.496703477444168e-09.

  values, vectors = lobpcg(projected_hamiltonian, guess, largest=False,
/home/erosanow_hpc/informed_swapping/BARK.py:163: UserWarning: Exited postprocessing with accuracies 
[6.49670208e-09]
not reaching the requested tolerance 1e-09.
  values, vectors = lobpcg(projected_hamiltonian, guess, largest=False,
/home/erosanow_hpc/informed_swapping/BARK.py:163: UserWarning: Exited at iteration 50 with accuracies 
[7.73702929e-09]
not reaching the requested tolerance 1e-09.
Use iteration 9 instead with accuracy 
3.97469227653437e-09.

  values, vectors = lobpcg(projected_hamiltonian, guess, largest=False,
/home/erosanow_hpc/informed_swapping/BARK.py:163: UserWarning: Exited postprocessing with accuracies 
[3.97469228e-09]
not reaching the requested tolerance 1e-09.
  values, vectors = lobpcg(projected_hamiltonian, guess, largest=False,
/home/erosanow_hpc/informed_swapping/BARK.py:163: UserWarning: Exited at iteration 50 with accuracies 
[1.41346818e-08]
not reaching the requested tolerance 1e-09.
Use iteration 8 instead with accuracy 
3.856804546405214e-09.

  values, vectors = lobpcg(projected_hamiltonian, guess, largest=False,
/home/erosanow_hpc/informed_swapping/BARK.py:163: UserWarning: Exited postprocessing with accuracies 
[3.85680453e-09]
not reaching the requested tolerance 1e-09.
  values, vectors = lobpcg(projected_hamiltonian, guess, largest=False,
/home/erosanow_hpc/informed_swapping/BARK.py:163: UserWarning: Exited at iteration 50 with accuracies 
[1.14889319e-08]
not reaching the requested tolerance 1e-09.
Use iteration 8 instead with accuracy 
4.075882130566007e-09.

  values, vectors = lobpcg(projected_hamiltonian, guess, largest=False,
/home/erosanow_hpc/informed_swapping/BARK.py:163: UserWarning: Exited postprocessing with accuracies 
[4.07588213e-09]
not reaching the requested tolerance 1e-09.
  values, vectors = lobpcg(projected_hamiltonian, guess, largest=False,
/home/erosanow_hpc/informed_swapping/BARK.py:163: UserWarning: Exited at iteration 50 with accuracies 
[6.52723953e-09]
not reaching the requested tolerance 1e-09.
Use iteration 8 instead with accuracy 
3.792918537834415e-09.

  values, vectors = lobpcg(projected_hamiltonian, guess, largest=False,
/home/erosanow_hpc/informed_swapping/BARK.py:163: UserWarning: Exited postprocessing with accuracies 
[3.79291831e-09]
not reaching the requested tolerance 1e-09.
  values, vectors = lobpcg(projected_hamiltonian, guess, largest=False,
/home/erosanow_hpc/informed_swapping/BARK.py:163: UserWarning: Exited at iteration 50 with accuracies 
[4.78374499e-09]
not reaching the requested tolerance 1e-09.
Use iteration 9 instead with accuracy 
3.9779300817324575e-09.

  values, vectors = lobpcg(projected_hamiltonian, guess, largest=False,
/home/erosanow_hpc/informed_swapping/BARK.py:163: UserWarning: Exited postprocessing with accuracies 
[3.9779301e-09]
not reaching the requested tolerance 1e-09.
  values, vectors = lobpcg(projected_hamiltonian, guess, largest=False,
/home/erosanow_hpc/informed_swapping/BARK.py:163: UserWarning: Exited at iteration 50 with accuracies 
[6.41933025e-08]
not reaching the requested tolerance 1e-09.
Use iteration 9 instead with accuracy 
4.015016994678553e-09.

  values, vectors = lobpcg(projected_hamiltonian, guess, largest=False,
/home/erosanow_hpc/informed_swapping/BARK.py:163: UserWarning: Exited postprocessing with accuracies 
[4.01501711e-09]
not reaching the requested tolerance 1e-09.
  values, vectors = lobpcg(projected_hamiltonian, guess, largest=False,
/home/erosanow_hpc/informed_swapping/BARK.py:163: UserWarning: Exited at iteration 50 with accuracies 
[5.09969655e-09]
not reaching the requested tolerance 1e-09.
Use iteration 8 instead with accuracy 
4.510286639781771e-09.

  values, vectors = lobpcg(projected_hamiltonian, guess, largest=False,
/home/erosanow_hpc/informed_swapping/BARK.py:163: UserWarning: Exited postprocessing with accuracies 
[4.51028666e-09]
not reaching the requested tolerance 1e-09.
  values, vectors = lobpcg(projected_hamiltonian, guess, largest=False,
/home/erosanow_hpc/informed_swapping/BARK.py:163: UserWarning: Exited at iteration 50 with accuracies 
[4.66167076e-09]
not reaching the requested tolerance 1e-09.
Use iteration 8 instead with accuracy 
4.5820570211749924e-09.

  values, vectors = lobpcg(projected_hamiltonian, guess, largest=False,
/home/erosanow_hpc/informed_swapping/BARK.py:163: UserWarning: Exited postprocessing with accuracies 
[4.58205704e-09]
not reaching the requested tolerance 1e-09.
  values, vectors = lobpcg(projected_hamiltonian, guess, largest=False,
/home/erosanow_hpc/informed_swapping/BARK.py:163: UserWarning: Exited at iteration 50 with accuracies 
[2.33079156e-09]
not reaching the requested tolerance 1e-09.
Use iteration 51 instead with accuracy 
2.330791557419914e-09.

  values, vectors = lobpcg(projected_hamiltonian, guess, largest=False,
/home/erosanow_hpc/informed_swapping/BARK.py:163: UserWarning: Exited postprocessing with accuracies 
[2.33079154e-09]
not reaching the requested tolerance 1e-09.
  values, vectors = lobpcg(projected_hamiltonian, guess, largest=False,
/home/erosanow_hpc/informed_swapping/BARK.py:163: UserWarning: Exited at iteration 50 with accuracies 
[1.16505363e-08]
not reaching the requested tolerance 1e-09.
Use iteration 9 instead with accuracy 
1.145406153683572e-08.

  values, vectors = lobpcg(projected_hamiltonian, guess, largest=False,
/home/erosanow_hpc/informed_swapping/BARK.py:163: UserWarning: Exited postprocessing with accuracies 
[1.14540615e-08]
not reaching the requested tolerance 1e-09.
  values, vectors = lobpcg(projected_hamiltonian, guess, largest=False,
/home/erosanow_hpc/informed_swapping/BARK.py:163: UserWarning: Exited at iteration 50 with accuracies 
[6.49670257e-09]
not reaching the requested tolerance 1e-09.
Use iteration 51 instead with accuracy 
6.49670256780685e-09.

  values, vectors = lobpcg(projected_hamiltonian, guess, largest=False,
/home/erosanow_hpc/informed_swapping/BARK.py:163: UserWarning: Exited postprocessing with accuracies 
[6.49670254e-09]
not reaching the requested tolerance 1e-09.
  values, vectors = lobpcg(projected_hamiltonian, guess, largest=False,
/home/erosanow_hpc/informed_swapping/BARK.py:163: UserWarning: Exited at iteration 50 with accuracies 
[7.73702073e-09]
not reaching the requested tolerance 1e-09.
Use iteration 9 instead with accuracy 
3.974692280335631e-09.

  values, vectors = lobpcg(projected_hamiltonian, guess, largest=False,
/home/erosanow_hpc/informed_swapping/BARK.py:163: UserWarning: Exited at iteration 50 with accuracies 
[1.41346787e-08]
not reaching the requested tolerance 1e-09.
Use iteration 8 instead with accuracy 
3.856804522953918e-09.

  values, vectors = lobpcg(projected_hamiltonian, guess, largest=False,
/home/erosanow_hpc/informed_swapping/BARK.py:163: UserWarning: Exited at iteration 50 with accuracies 
[1.14879444e-08]
not reaching the requested tolerance 1e-09.
Use iteration 8 instead with accuracy 
4.075882068325271e-09.

  values, vectors = lobpcg(projected_hamiltonian, guess, largest=False,
/home/erosanow_hpc/informed_swapping/BARK.py:163: UserWarning: Exited postprocessing with accuracies 
[4.07588207e-09]
not reaching the requested tolerance 1e-09.
  values, vectors = lobpcg(projected_hamiltonian, guess, largest=False,
/home/erosanow_hpc/informed_swapping/BARK.py:163: UserWarning: Exited at iteration 50 with accuracies 
[6.52727106e-09]
not reaching the requested tolerance 1e-09.
Use iteration 8 instead with accuracy 
3.792918418797546e-09.

  values, vectors = lobpcg(projected_hamiltonian, guess, largest=False,
/home/erosanow_hpc/informed_swapping/BARK.py:163: UserWarning: Exited postprocessing with accuracies 
[3.79291853e-09]
not reaching the requested tolerance 1e-09.
  values, vectors = lobpcg(projected_hamiltonian, guess, largest=False,
/home/erosanow_hpc/informed_swapping/BARK.py:163: UserWarning: Exited at iteration 50 with accuracies 
[4.7837429e-09]
not reaching the requested tolerance 1e-09.
Use iteration 9 instead with accuracy 
3.977930097497159e-09.

  values, vectors = lobpcg(projected_hamiltonian, guess, largest=False,
/home/erosanow_hpc/informed_swapping/BARK.py:163: UserWarning: Exited at iteration 50 with accuracies 
[6.41927263e-08]
not reaching the requested tolerance 1e-09.
Use iteration 9 instead with accuracy 
4.015016999422451e-09.

  values, vectors = lobpcg(projected_hamiltonian, guess, largest=False,
/home/erosanow_hpc/informed_swapping/BARK.py:163: UserWarning: Exited postprocessing with accuracies 
[4.01501699e-09]
not reaching the requested tolerance 1e-09.
  values, vectors = lobpcg(projected_hamiltonian, guess, largest=False,
/home/erosanow_hpc/informed_swapping/BARK.py:163: UserWarning: Exited at iteration 50 with accuracies 
[5.0996821e-09]
not reaching the requested tolerance 1e-09.
Use iteration 8 instead with accuracy 
4.5102866372436415e-09.

  values, vectors = lobpcg(projected_hamiltonian, guess, largest=False,
/home/erosanow_hpc/informed_swapping/BARK.py:163: UserWarning: Exited at iteration 50 with accuracies 
[4.66166583e-09]
not reaching the requested tolerance 1e-09.
Use iteration 8 instead with accuracy 
4.582057020405228e-09.

  values, vectors = lobpcg(projected_hamiltonian, guess, largest=False,
/home/erosanow_hpc/informed_swapping/BARK.py:163: UserWarning: Exited postprocessing with accuracies 
[4.58205701e-09]
not reaching the requested tolerance 1e-09.
  values, vectors = lobpcg(projected_hamiltonian, guess, largest=False,
/home/erosanow_hpc/informed_swapping/BARK.py:163: UserWarning: Exited at iteration 50 with accuracies 
[2.33066394e-09]
not reaching the requested tolerance 1e-09.
Use iteration 51 instead with accuracy 
2.3306639373904454e-09.

  values, vectors = lobpcg(projected_hamiltonian, guess, largest=False,
/home/erosanow_hpc/informed_swapping/BARK.py:163: UserWarning: Exited postprocessing with accuracies 
[2.33066404e-09]
not reaching the requested tolerance 1e-09.
  values, vectors = lobpcg(projected_hamiltonian, guess, largest=False,
/home/erosanow_hpc/informed_swapping/BARK.py:163: UserWarning: Exited at iteration 50 with accuracies 
[1.16505286e-08]
not reaching the requested tolerance 1e-09.
Use iteration 9 instead with accuracy 
1.145406168762125e-08.

  values, vectors = lobpcg(projected_hamiltonian, guess, largest=False,
/home/erosanow_hpc/informed_swapping/BARK.py:163: UserWarning: Exited postprocessing with accuracies 
[1.14540617e-08]
not reaching the requested tolerance 1e-09.
  values, vectors = lobpcg(projected_hamiltonian, guess, largest=False,
/home/erosanow_hpc/informed_swapping/BARK.py:163: UserWarning: Exited at iteration 50 with accuracies 
[6.49670426e-09]
not reaching the requested tolerance 1e-09.
Use iteration 51 instead with accuracy 
6.496704257736903e-09.

  values, vectors = lobpcg(projected_hamiltonian, guess, largest=False,
/home/erosanow_hpc/informed_swapping/BARK.py:163: UserWarning: Exited postprocessing with accuracies 
[6.49670339e-09]
not reaching the requested tolerance 1e-09.
  values, vectors = lobpcg(projected_hamiltonian, guess, largest=False,
/home/erosanow_hpc/informed_swapping/BARK.py:163: UserWarning: Exited at iteration 50 with accuracies 
[4.89408373e-09]
not reaching the requested tolerance 1e-09.
Use iteration 51 instead with accuracy 
4.894083734235832e-09.

  values, vectors = lobpcg(projected_hamiltonian, guess, largest=False,
/home/erosanow_hpc/informed_swapping/BARK.py:163: UserWarning: Exited postprocessing with accuracies 
[4.89408383e-09]
not reaching the requested tolerance 1e-09.
  values, vectors = lobpcg(projected_hamiltonian, guess, largest=False,
/home/erosanow_hpc/informed_swapping/BARK.py:163: UserWarning: Exited at iteration 50 with accuracies 
[1.34028943e-08]
not reaching the requested tolerance 1e-09.
Use iteration 9 instead with accuracy 
9.94638909100535e-09.

  values, vectors = lobpcg(projected_hamiltonian, guess, largest=False,
/home/erosanow_hpc/informed_swapping/BARK.py:163: UserWarning: Exited postprocessing with accuracies 
[9.94638909e-09]
not reaching the requested tolerance 1e-09.
  values, vectors = lobpcg(projected_hamiltonian, guess, largest=False,
/home/erosanow_hpc/informed_swapping/BARK.py:163: UserWarning: Exited at iteration 50 with accuracies 
[5.66782259e-09]
not reaching the requested tolerance 1e-09.
Use iteration 51 instead with accuracy 
5.6678225913267685e-09.

  values, vectors = lobpcg(projected_hamiltonian, guess, largest=False,
/home/erosanow_hpc/informed_swapping/BARK.py:163: UserWarning: Exited postprocessing with accuracies 
[5.66782177e-09]
not reaching the requested tolerance 1e-09.
  values, vectors = lobpcg(projected_hamiltonian, guess, largest=False,
/home/erosanow_hpc/informed_swapping/BARK.py:163: UserWarning: Exited at iteration 50 with accuracies 
[7.73702516e-09]
not reaching the requested tolerance 1e-09.
Use iteration 9 instead with accuracy 
3.974692287970754e-09.

  values, vectors = lobpcg(projected_hamiltonian, guess, largest=False,
/home/erosanow_hpc/informed_swapping/BARK.py:163: UserWarning: Exited postprocessing with accuracies 
[3.97469231e-09]
not reaching the requested tolerance 1e-09.
  values, vectors = lobpcg(projected_hamiltonian, guess, largest=False,
/home/erosanow_hpc/informed_swapping/BARK.py:163: UserWarning: Exited at iteration 50 with accuracies 
[1.41346791e-08]
not reaching the requested tolerance 1e-09.
Use iteration 8 instead with accuracy 
3.856804552841465e-09.

  values, vectors = lobpcg(projected_hamiltonian, guess, largest=False,
/home/erosanow_hpc/informed_swapping/BARK.py:163: UserWarning: Exited postprocessing with accuracies 
[3.85680456e-09]
not reaching the requested tolerance 1e-09.
  values, vectors = lobpcg(projected_hamiltonian, guess, largest=False,
/home/erosanow_hpc/informed_swapping/BARK.py:163: UserWarning: Exited at iteration 50 with accuracies 
[1.14887859e-08]
not reaching the requested tolerance 1e-09.
Use iteration 8 instead with accuracy 
4.075882139610248e-09.

  values, vectors = lobpcg(projected_hamiltonian, guess, largest=False,
/home/erosanow_hpc/informed_swapping/BARK.py:163: UserWarning: Exited postprocessing with accuracies 
[4.07588214e-09]
not reaching the requested tolerance 1e-09.
  values, vectors = lobpcg(projected_hamiltonian, guess, largest=False,
/home/erosanow_hpc/informed_swapping/BARK.py:163: UserWarning: Exited at iteration 50 with accuracies 
[6.52725729e-09]
not reaching the requested tolerance 1e-09.
Use iteration 8 instead with accuracy 
3.792918544448015e-09.

  values, vectors = lobpcg(projected_hamiltonian, guess, largest=False,
/home/erosanow_hpc/informed_swapping/BARK.py:163: UserWarning: Exited postprocessing with accuracies 
[3.79291824e-09]
not reaching the requested tolerance 1e-09.
  values, vectors = lobpcg(projected_hamiltonian, guess, largest=False,
/home/erosanow_hpc/informed_swapping/BARK.py:163: UserWarning: Exited at iteration 50 with accuracies 
[4.78374094e-09]
not reaching the requested tolerance 1e-09.
Use iteration 9 instead with accuracy 
3.9779300910387555e-09.

  values, vectors = lobpcg(projected_hamiltonian, guess, largest=False,
/home/erosanow_hpc/informed_swapping/BARK.py:163: UserWarning: Exited postprocessing with accuracies 
[3.97793011e-09]
not reaching the requested tolerance 1e-09.
  values, vectors = lobpcg(projected_hamiltonian, guess, largest=False,
/home/erosanow_hpc/informed_swapping/BARK.py:163: UserWarning: Exited at iteration 50 with accuracies 
[6.41927939e-08]
not reaching the requested tolerance 1e-09.
Use iteration 9 instead with accuracy 
4.015017001566978e-09.

  values, vectors = lobpcg(projected_hamiltonian, guess, largest=False,
/home/erosanow_hpc/informed_swapping/BARK.py:163: UserWarning: Exited postprocessing with accuracies 
[4.01501707e-09]
not reaching the requested tolerance 1e-09.
  values, vectors = lobpcg(projected_hamiltonian, guess, largest=False,
/home/erosanow_hpc/informed_swapping/BARK.py:163: UserWarning: Exited at iteration 50 with accuracies 
[5.09966204e-09]
not reaching the requested tolerance 1e-09.
Use iteration 8 instead with accuracy 
4.5102866603064e-09.

  values, vectors = lobpcg(projected_hamiltonian, guess, largest=False,
/home/erosanow_hpc/informed_swapping/BARK.py:163: UserWarning: Exited at iteration 50 with accuracies 
[4.66166509e-09]
not reaching the requested tolerance 1e-09.
Use iteration 8 instead with accuracy 
4.582057129124916e-09.

  values, vectors = lobpcg(projected_hamiltonian, guess, largest=False,
/home/erosanow_hpc/informed_swapping/BARK.py:163: UserWarning: Exited at iteration 50 with accuracies 
[2.33086539e-09]
not reaching the requested tolerance 1e-09.
Use iteration 51 instead with accuracy 
2.3308653945258788e-09.

  values, vectors = lobpcg(projected_hamiltonian, guess, largest=False,
/home/erosanow_hpc/informed_swapping/BARK.py:163: UserWarning: Exited postprocessing with accuracies 
[2.33086539e-09]
not reaching the requested tolerance 1e-09.
  values, vectors = lobpcg(projected_hamiltonian, guess, largest=False,
/home/erosanow_hpc/informed_swapping/BARK.py:163: UserWarning: Exited at iteration 50 with accuracies 
[1.16508607e-08]
not reaching the requested tolerance 1e-09.
Use iteration 9 instead with accuracy 
1.145406114963089e-08.

  values, vectors = lobpcg(projected_hamiltonian, guess, largest=False,
/home/erosanow_hpc/informed_swapping/BARK.py:163: UserWarning: Exited postprocessing with accuracies 
[1.14540611e-08]
not reaching the requested tolerance 1e-09.
  values, vectors = lobpcg(projected_hamiltonian, guess, largest=False,
/home/erosanow_hpc/informed_swapping/BARK.py:163: UserWarning: Exited at iteration 50 with accuracies 
[6.49669578e-09]
not reaching the requested tolerance 1e-09.
Use iteration 51 instead with accuracy 
6.4966957793833405e-09.

  values, vectors = lobpcg(projected_hamiltonian, guess, largest=False,
/home/erosanow_hpc/informed_swapping/BARK.py:163: UserWarning: Exited postprocessing with accuracies 
[6.49669575e-09]
not reaching the requested tolerance 1e-09.
  values, vectors = lobpcg(projected_hamiltonian, guess, largest=False,
/home/erosanow_hpc/informed_swapping/BARK.py:163: UserWarning: Exited at iteration 50 with accuracies 
[7.73702267e-09]
not reaching the requested tolerance 1e-09.
Use iteration 9 instead with accuracy 
3.974692302017985e-09.

  values, vectors = lobpcg(projected_hamiltonian, guess, largest=False,
/home/erosanow_hpc/informed_swapping/BARK.py:163: UserWarning: Exited at iteration 50 with accuracies 
[1.41346797e-08]
not reaching the requested tolerance 1e-09.
Use iteration 8 instead with accuracy 
3.856804546841202e-09.

  values, vectors = lobpcg(projected_hamiltonian, guess, largest=False,
/home/erosanow_hpc/informed_swapping/BARK.py:163: UserWarning: Exited postprocessing with accuracies 
[3.85680455e-09]
not reaching the requested tolerance 1e-09.
  values, vectors = lobpcg(projected_hamiltonian, guess, largest=False,
/home/erosanow_hpc/informed_swapping/BARK.py:163: UserWarning: Exited at iteration 50 with accuracies 
[1.14885256e-08]
not reaching the requested tolerance 1e-09.
Use iteration 8 instead with accuracy 
4.075882077435987e-09.

  values, vectors = lobpcg(projected_hamiltonian, guess, largest=False,
/home/erosanow_hpc/informed_swapping/BARK.py:163: UserWarning: Exited at iteration 50 with accuracies 
[6.52728529e-09]
not reaching the requested tolerance 1e-09.
Use iteration 8 instead with accuracy 
3.792918449027902e-09.

  values, vectors = lobpcg(projected_hamiltonian, guess, largest=False,
/home/erosanow_hpc/informed_swapping/BARK.py:163: UserWarning: Exited postprocessing with accuracies 
[3.79291808e-09]
not reaching the requested tolerance 1e-09.
  values, vectors = lobpcg(projected_hamiltonian, guess, largest=False,
/home/erosanow_hpc/informed_swapping/BARK.py:163: UserWarning: Exited at iteration 50 with accuracies 
[4.78374009e-09]
not reaching the requested tolerance 1e-09.
Use iteration 9 instead with accuracy 
3.977930101878957e-09.

  values, vectors = lobpcg(projected_hamiltonian, guess, largest=False,
/home/erosanow_hpc/informed_swapping/BARK.py:163: UserWarning: Exited at iteration 50 with accuracies 
[6.4193278e-08]
not reaching the requested tolerance 1e-09.
Use iteration 9 instead with accuracy 
4.015016998904475e-09.

  values, vectors = lobpcg(projected_hamiltonian, guess, largest=False,
/home/erosanow_hpc/informed_swapping/BARK.py:163: UserWarning: Exited postprocessing with accuracies 
[4.01501701e-09]
not reaching the requested tolerance 1e-09.
  values, vectors = lobpcg(projected_hamiltonian, guess, largest=False,
/home/erosanow_hpc/informed_swapping/BARK.py:163: UserWarning: Exited at iteration 50 with accuracies 
[5.09967767e-09]
not reaching the requested tolerance 1e-09.
Use iteration 8 instead with accuracy 
4.510286654382363e-09.

  values, vectors = lobpcg(projected_hamiltonian, guess, largest=False,
/home/erosanow_hpc/informed_swapping/BARK.py:163: UserWarning: Exited at iteration 50 with accuracies 
[4.66166619e-09]
not reaching the requested tolerance 1e-09.
Use iteration 8 instead with accuracy 
4.5820570486074515e-09.

  values, vectors = lobpcg(projected_hamiltonian, guess, largest=False,
/home/erosanow_hpc/informed_swapping/BARK.py:163: UserWarning: Exited postprocessing with accuracies 
[4.58205703e-09]
not reaching the requested tolerance 1e-09.
  values, vectors = lobpcg(projected_hamiltonian, guess, largest=False,
/home/erosanow_hpc/informed_swapping/BARK.py:163: UserWarning: Exited at iteration 50 with accuracies 
[2.33101202e-09]
not reaching the requested tolerance 1e-09.
Use iteration 51 instead with accuracy 
2.3310120233091126e-09.

  values, vectors = lobpcg(projected_hamiltonian, guess, largest=False,
/home/erosanow_hpc/informed_swapping/BARK.py:163: UserWarning: Exited postprocessing with accuracies 
[2.33101201e-09]
not reaching the requested tolerance 1e-09.
  values, vectors = lobpcg(projected_hamiltonian, guess, largest=False,
/home/erosanow_hpc/informed_swapping/BARK.py:163: UserWarning: Exited at iteration 50 with accuracies 
[1.16506126e-08]
not reaching the requested tolerance 1e-09.
Use iteration 9 instead with accuracy 
1.1454059981807614e-08.

  values, vectors = lobpcg(projected_hamiltonian, guess, largest=False,
/home/erosanow_hpc/informed_swapping/BARK.py:163: UserWarning: Exited postprocessing with accuracies 
[1.145406e-08]
not reaching the requested tolerance 1e-09.
  values, vectors = lobpcg(projected_hamiltonian, guess, largest=False,
/home/erosanow_hpc/informed_swapping/BARK.py:163: UserWarning: Exited at iteration 50 with accuracies 
[6.49669776e-09]
not reaching the requested tolerance 1e-09.
Use iteration 51 instead with accuracy 
6.4966977620252455e-09.

  values, vectors = lobpcg(projected_hamiltonian, guess, largest=False,
/home/erosanow_hpc/informed_swapping/BARK.py:163: UserWarning: Exited postprocessing with accuracies 
[6.4966981e-09]
not reaching the requested tolerance 1e-09.
  values, vectors = lobpcg(projected_hamiltonian, guess, largest=False,
