/home/erosanow_hpc/informed_swapping/BARK.py:156: UserWarning: Exited at iteration 50 with accuracies 
[1.39655713e-09]
not reaching the requested tolerance 1e-09.
Use iteration 51 instead with accuracy 
1.3965571273208321e-09.

  values, vectors = lobpcg(projected_hamiltonian, guess, largest=False,
/home/erosanow_hpc/informed_swapping/BARK.py:156: UserWarning: Exited postprocessing with accuracies 
[1.3965559e-09]
not reaching the requested tolerance 1e-09.
  values, vectors = lobpcg(projected_hamiltonian, guess, largest=False,
/home/erosanow_hpc/informed_swapping/BARK.py:156: UserWarning: Exited at iteration 50 with accuracies 
[2.15566129e-09]
not reaching the requested tolerance 1e-09.
Use iteration 51 instead with accuracy 
2.1556612921953888e-09.

  values, vectors = lobpcg(projected_hamiltonian, guess, largest=False,
/home/erosanow_hpc/informed_swapping/BARK.py:156: UserWarning: Exited postprocessing with accuracies 
[2.15566137e-09]
not reaching the requested tolerance 1e-09.
  values, vectors = lobpcg(projected_hamiltonian, guess, largest=False,
/home/erosanow_hpc/informed_swapping/BARK.py:156: UserWarning: Exited at iteration 50 with accuracies 
[9.07981314e-09]
not reaching the requested tolerance 1e-09.
Use iteration 51 instead with accuracy 
9.07981313800748e-09.

  values, vectors = lobpcg(projected_hamiltonian, guess, largest=False,
/home/erosanow_hpc/informed_swapping/BARK.py:156: UserWarning: Exited postprocessing with accuracies 
[9.07981177e-09]
not reaching the requested tolerance 1e-09.
  values, vectors = lobpcg(projected_hamiltonian, guess, largest=False,
/home/erosanow_hpc/informed_swapping/BARK.py:156: UserWarning: Exited at iteration 50 with accuracies 
[1.41911864e-09]
not reaching the requested tolerance 1e-09.
Use iteration 51 instead with accuracy 
1.419118637196108e-09.

  values, vectors = lobpcg(projected_hamiltonian, guess, largest=False,
/home/erosanow_hpc/informed_swapping/BARK.py:156: UserWarning: Exited postprocessing with accuracies 
[1.41911999e-09]
not reaching the requested tolerance 1e-09.
  values, vectors = lobpcg(projected_hamiltonian, guess, largest=False,
/home/erosanow_hpc/informed_swapping/BARK.py:156: UserWarning: Exited at iteration 50 with accuracies 
[2.02286259e-09]
not reaching the requested tolerance 1e-09.
Use iteration 51 instead with accuracy 
2.0228625935747284e-09.

  values, vectors = lobpcg(projected_hamiltonian, guess, largest=False,
/home/erosanow_hpc/informed_swapping/BARK.py:156: UserWarning: Exited postprocessing with accuracies 
[2.02286316e-09]
not reaching the requested tolerance 1e-09.
  values, vectors = lobpcg(projected_hamiltonian, guess, largest=False,
/home/erosanow_hpc/informed_swapping/BARK.py:156: UserWarning: Exited at iteration 50 with accuracies 
[7.82265943e-09]
not reaching the requested tolerance 1e-09.
Use iteration 51 instead with accuracy 
7.822659427521089e-09.

  values, vectors = lobpcg(projected_hamiltonian, guess, largest=False,
/home/erosanow_hpc/informed_swapping/BARK.py:156: UserWarning: Exited postprocessing with accuracies 
[7.82265998e-09]
not reaching the requested tolerance 1e-09.
  values, vectors = lobpcg(projected_hamiltonian, guess, largest=False,
/home/erosanow_hpc/informed_swapping/BARK.py:156: UserWarning: Exited at iteration 50 with accuracies 
[1.47432449e-09]
not reaching the requested tolerance 1e-09.
Use iteration 51 instead with accuracy 
1.4743244895243526e-09.

  values, vectors = lobpcg(projected_hamiltonian, guess, largest=False,
/home/erosanow_hpc/informed_swapping/BARK.py:156: UserWarning: Exited postprocessing with accuracies 
[1.47432563e-09]
not reaching the requested tolerance 1e-09.
  values, vectors = lobpcg(projected_hamiltonian, guess, largest=False,
/home/erosanow_hpc/informed_swapping/BARK.py:156: UserWarning: Exited at iteration 50 with accuracies 
[1.40782049e-09]
not reaching the requested tolerance 1e-09.
Use iteration 51 instead with accuracy 
1.4078204948420156e-09.

  values, vectors = lobpcg(projected_hamiltonian, guess, largest=False,
/home/erosanow_hpc/informed_swapping/BARK.py:156: UserWarning: Exited postprocessing with accuracies 
[1.40782012e-09]
not reaching the requested tolerance 1e-09.
  values, vectors = lobpcg(projected_hamiltonian, guess, largest=False,
/home/erosanow_hpc/informed_swapping/BARK.py:156: UserWarning: Exited at iteration 50 with accuracies 
[1.31973439e-09]
not reaching the requested tolerance 1e-09.
Use iteration 51 instead with accuracy 
1.3197343933964953e-09.

  values, vectors = lobpcg(projected_hamiltonian, guess, largest=False,
/home/erosanow_hpc/informed_swapping/BARK.py:156: UserWarning: Exited postprocessing with accuracies 
[1.31973337e-09]
not reaching the requested tolerance 1e-09.
  values, vectors = lobpcg(projected_hamiltonian, guess, largest=False,
/home/erosanow_hpc/informed_swapping/BARK.py:156: UserWarning: Exited at iteration 50 with accuracies 
[2.51327382e-09]
not reaching the requested tolerance 1e-09.
Use iteration 51 instead with accuracy 
2.5132738153849153e-09.

  values, vectors = lobpcg(projected_hamiltonian, guess, largest=False,
/home/erosanow_hpc/informed_swapping/BARK.py:156: UserWarning: Exited postprocessing with accuracies 
[2.5132734e-09]
not reaching the requested tolerance 1e-09.
  values, vectors = lobpcg(projected_hamiltonian, guess, largest=False,
/home/erosanow_hpc/informed_swapping/BARK.py:156: UserWarning: Exited at iteration 50 with accuracies 
[6.51201058e-08]
not reaching the requested tolerance 1e-09.
Use iteration 51 instead with accuracy 
6.512010581807308e-08.

  values, vectors = lobpcg(projected_hamiltonian, guess, largest=False,
/home/erosanow_hpc/informed_swapping/BARK.py:156: UserWarning: Exited postprocessing with accuracies 
[6.51201071e-08]
not reaching the requested tolerance 1e-09.
  values, vectors = lobpcg(projected_hamiltonian, guess, largest=False,
/home/erosanow_hpc/informed_swapping/BARK.py:156: UserWarning: Exited at iteration 50 with accuracies 
[1.45852689e-09]
not reaching the requested tolerance 1e-09.
Use iteration 51 instead with accuracy 
1.458526891827851e-09.

  values, vectors = lobpcg(projected_hamiltonian, guess, largest=False,
/home/erosanow_hpc/informed_swapping/BARK.py:156: UserWarning: Exited postprocessing with accuracies 
[1.45852668e-09]
not reaching the requested tolerance 1e-09.
  values, vectors = lobpcg(projected_hamiltonian, guess, largest=False,
/home/erosanow_hpc/informed_swapping/BARK.py:156: UserWarning: Exited at iteration 50 with accuracies 
[1.32329415e-09]
not reaching the requested tolerance 1e-09.
Use iteration 51 instead with accuracy 
1.323294151988118e-09.

  values, vectors = lobpcg(projected_hamiltonian, guess, largest=False,
/home/erosanow_hpc/informed_swapping/BARK.py:156: UserWarning: Exited postprocessing with accuracies 
[1.32329467e-09]
not reaching the requested tolerance 1e-09.
  values, vectors = lobpcg(projected_hamiltonian, guess, largest=False,
/home/erosanow_hpc/informed_swapping/BARK.py:156: UserWarning: Exited at iteration 50 with accuracies 
[1.29235059e-09]
not reaching the requested tolerance 1e-09.
Use iteration 51 instead with accuracy 
1.2923505851669962e-09.

  values, vectors = lobpcg(projected_hamiltonian, guess, largest=False,
/home/erosanow_hpc/informed_swapping/BARK.py:156: UserWarning: Exited postprocessing with accuracies 
[1.29235069e-09]
not reaching the requested tolerance 1e-09.
  values, vectors = lobpcg(projected_hamiltonian, guess, largest=False,
/home/erosanow_hpc/informed_swapping/BARK.py:156: UserWarning: Exited at iteration 50 with accuracies 
[2.50537567e-09]
not reaching the requested tolerance 1e-09.
Use iteration 51 instead with accuracy 
2.5053756660758347e-09.

  values, vectors = lobpcg(projected_hamiltonian, guess, largest=False,
/home/erosanow_hpc/informed_swapping/BARK.py:156: UserWarning: Exited postprocessing with accuracies 
[2.50537584e-09]
not reaching the requested tolerance 1e-09.
  values, vectors = lobpcg(projected_hamiltonian, guess, largest=False,
/home/erosanow_hpc/informed_swapping/BARK.py:156: UserWarning: Exited at iteration 50 with accuracies 
[7.30048518e-08]
not reaching the requested tolerance 1e-09.
Use iteration 51 instead with accuracy 
7.300485182685623e-08.

  values, vectors = lobpcg(projected_hamiltonian, guess, largest=False,
/home/erosanow_hpc/informed_swapping/BARK.py:156: UserWarning: Exited postprocessing with accuracies 
[7.3004853e-08]
not reaching the requested tolerance 1e-09.
  values, vectors = lobpcg(projected_hamiltonian, guess, largest=False,
/home/erosanow_hpc/informed_swapping/BARK.py:156: UserWarning: Exited at iteration 50 with accuracies 
[1.45852746e-09]
not reaching the requested tolerance 1e-09.
Use iteration 51 instead with accuracy 
1.4585274585014244e-09.

  values, vectors = lobpcg(projected_hamiltonian, guess, largest=False,
/home/erosanow_hpc/informed_swapping/BARK.py:156: UserWarning: Exited postprocessing with accuracies 
[1.45852825e-09]
not reaching the requested tolerance 1e-09.
  values, vectors = lobpcg(projected_hamiltonian, guess, largest=False,
/home/erosanow_hpc/informed_swapping/BARK.py:156: UserWarning: Exited at iteration 50 with accuracies 
[1.32329458e-09]
not reaching the requested tolerance 1e-09.
Use iteration 51 instead with accuracy 
1.3232945844112657e-09.

  values, vectors = lobpcg(projected_hamiltonian, guess, largest=False,
/home/erosanow_hpc/informed_swapping/BARK.py:156: UserWarning: Exited postprocessing with accuracies 
[1.32329423e-09]
not reaching the requested tolerance 1e-09.
  values, vectors = lobpcg(projected_hamiltonian, guess, largest=False,
/home/erosanow_hpc/informed_swapping/BARK.py:156: UserWarning: Exited at iteration 50 with accuracies 
[1.29234934e-09]
not reaching the requested tolerance 1e-09.
Use iteration 51 instead with accuracy 
1.2923493441145458e-09.

  values, vectors = lobpcg(projected_hamiltonian, guess, largest=False,
/home/erosanow_hpc/informed_swapping/BARK.py:156: UserWarning: Exited postprocessing with accuracies 
[1.29234862e-09]
not reaching the requested tolerance 1e-09.
  values, vectors = lobpcg(projected_hamiltonian, guess, largest=False,
/home/erosanow_hpc/informed_swapping/BARK.py:156: UserWarning: Exited at iteration 50 with accuracies 
[2.50537629e-09]
not reaching the requested tolerance 1e-09.
Use iteration 51 instead with accuracy 
2.5053762876827318e-09.

  values, vectors = lobpcg(projected_hamiltonian, guess, largest=False,
/home/erosanow_hpc/informed_swapping/BARK.py:156: UserWarning: Exited postprocessing with accuracies 
[2.50537686e-09]
not reaching the requested tolerance 1e-09.
  values, vectors = lobpcg(projected_hamiltonian, guess, largest=False,
/home/erosanow_hpc/informed_swapping/BARK.py:156: UserWarning: Exited at iteration 50 with accuracies 
[7.30048522e-08]
not reaching the requested tolerance 1e-09.
Use iteration 51 instead with accuracy 
7.300485216364134e-08.

  values, vectors = lobpcg(projected_hamiltonian, guess, largest=False,
/home/erosanow_hpc/informed_swapping/BARK.py:156: UserWarning: Exited postprocessing with accuracies 
[7.30048519e-08]
not reaching the requested tolerance 1e-09.
  values, vectors = lobpcg(projected_hamiltonian, guess, largest=False,
/home/erosanow_hpc/informed_swapping/BARK.py:156: UserWarning: Exited at iteration 50 with accuracies 
[1.47432575e-09]
not reaching the requested tolerance 1e-09.
Use iteration 51 instead with accuracy 
1.4743257531100633e-09.

  values, vectors = lobpcg(projected_hamiltonian, guess, largest=False,
/home/erosanow_hpc/informed_swapping/BARK.py:156: UserWarning: Exited postprocessing with accuracies 
[1.47432652e-09]
not reaching the requested tolerance 1e-09.
  values, vectors = lobpcg(projected_hamiltonian, guess, largest=False,
/home/erosanow_hpc/informed_swapping/BARK.py:156: UserWarning: Exited at iteration 50 with accuracies 
[1.40782107e-09]
not reaching the requested tolerance 1e-09.
Use iteration 51 instead with accuracy 
1.4078210681110394e-09.

  values, vectors = lobpcg(projected_hamiltonian, guess, largest=False,
/home/erosanow_hpc/informed_swapping/BARK.py:156: UserWarning: Exited postprocessing with accuracies 
[1.40782077e-09]
not reaching the requested tolerance 1e-09.
  values, vectors = lobpcg(projected_hamiltonian, guess, largest=False,
/home/erosanow_hpc/informed_swapping/BARK.py:156: UserWarning: Exited at iteration 50 with accuracies 
[1.31973445e-09]
not reaching the requested tolerance 1e-09.
Use iteration 51 instead with accuracy 
1.3197344512091703e-09.

  values, vectors = lobpcg(projected_hamiltonian, guess, largest=False,
/home/erosanow_hpc/informed_swapping/BARK.py:156: UserWarning: Exited postprocessing with accuracies 
[1.31973292e-09]
not reaching the requested tolerance 1e-09.
  values, vectors = lobpcg(projected_hamiltonian, guess, largest=False,
/home/erosanow_hpc/informed_swapping/BARK.py:156: UserWarning: Exited at iteration 50 with accuracies 
[2.51327475e-09]
not reaching the requested tolerance 1e-09.
Use iteration 51 instead with accuracy 
2.5132747533561276e-09.

  values, vectors = lobpcg(projected_hamiltonian, guess, largest=False,
/home/erosanow_hpc/informed_swapping/BARK.py:156: UserWarning: Exited postprocessing with accuracies 
[2.51327552e-09]
not reaching the requested tolerance 1e-09.
  values, vectors = lobpcg(projected_hamiltonian, guess, largest=False,
/home/erosanow_hpc/informed_swapping/BARK.py:156: UserWarning: Exited at iteration 50 with accuracies 
[6.51201065e-08]
not reaching the requested tolerance 1e-09.
Use iteration 51 instead with accuracy 
6.51201064765662e-08.

  values, vectors = lobpcg(projected_hamiltonian, guess, largest=False,
/home/erosanow_hpc/informed_swapping/BARK.py:156: UserWarning: Exited postprocessing with accuracies 
[6.5120106e-08]
not reaching the requested tolerance 1e-09.
  values, vectors = lobpcg(projected_hamiltonian, guess, largest=False,
/home/erosanow_hpc/informed_swapping/BARK.py:156: UserWarning: Exited at iteration 50 with accuracies 
[1.49621944e-09]
not reaching the requested tolerance 1e-09.
Use iteration 51 instead with accuracy 
1.496219441363728e-09.

  values, vectors = lobpcg(projected_hamiltonian, guess, largest=False,
/home/erosanow_hpc/informed_swapping/BARK.py:156: UserWarning: Exited postprocessing with accuracies 
[1.4962189e-09]
not reaching the requested tolerance 1e-09.
  values, vectors = lobpcg(projected_hamiltonian, guess, largest=False,
/home/erosanow_hpc/informed_swapping/BARK.py:156: UserWarning: Exited at iteration 50 with accuracies 
[1.24415611e-09]
not reaching the requested tolerance 1e-09.
Use iteration 51 instead with accuracy 
1.244156109102691e-09.

  values, vectors = lobpcg(projected_hamiltonian, guess, largest=False,
/home/erosanow_hpc/informed_swapping/BARK.py:156: UserWarning: Exited postprocessing with accuracies 
[1.24415588e-09]
not reaching the requested tolerance 1e-09.
  values, vectors = lobpcg(projected_hamiltonian, guess, largest=False,
/home/erosanow_hpc/informed_swapping/BARK.py:156: UserWarning: Exited at iteration 50 with accuracies 
[1.34777629e-09]
not reaching the requested tolerance 1e-09.
Use iteration 51 instead with accuracy 
1.347776288725333e-09.

  values, vectors = lobpcg(projected_hamiltonian, guess, largest=False,
/home/erosanow_hpc/informed_swapping/BARK.py:156: UserWarning: Exited postprocessing with accuracies 
[1.34777635e-09]
not reaching the requested tolerance 1e-09.
  values, vectors = lobpcg(projected_hamiltonian, guess, largest=False,
/home/erosanow_hpc/informed_swapping/BARK.py:156: UserWarning: Exited at iteration 50 with accuracies 
[1.23519544e-09]
not reaching the requested tolerance 1e-09.
Use iteration 51 instead with accuracy 
1.2351954387288145e-09.

  values, vectors = lobpcg(projected_hamiltonian, guess, largest=False,
/home/erosanow_hpc/informed_swapping/BARK.py:156: UserWarning: Exited postprocessing with accuracies 
[1.23519544e-09]
not reaching the requested tolerance 1e-09.
  values, vectors = lobpcg(projected_hamiltonian, guess, largest=False,
/home/erosanow_hpc/informed_swapping/BARK.py:156: UserWarning: Exited at iteration 50 with accuracies 
[1.31454389e-09]
not reaching the requested tolerance 1e-09.
Use iteration 51 instead with accuracy 
1.3145438860618147e-09.

  values, vectors = lobpcg(projected_hamiltonian, guess, largest=False,
/home/erosanow_hpc/informed_swapping/BARK.py:156: UserWarning: Exited postprocessing with accuracies 
[1.31454392e-09]
not reaching the requested tolerance 1e-09.
  values, vectors = lobpcg(projected_hamiltonian, guess, largest=False,
/home/erosanow_hpc/informed_swapping/BARK.py:156: UserWarning: Exited at iteration 50 with accuracies 
[1.88517585e-09]
not reaching the requested tolerance 1e-09.
Use iteration 51 instead with accuracy 
1.8851758546257874e-09.

  values, vectors = lobpcg(projected_hamiltonian, guess, largest=False,
/home/erosanow_hpc/informed_swapping/BARK.py:156: UserWarning: Exited postprocessing with accuracies 
[1.88517573e-09]
not reaching the requested tolerance 1e-09.
  values, vectors = lobpcg(projected_hamiltonian, guess, largest=False,
/home/erosanow_hpc/informed_swapping/BARK.py:156: UserWarning: Exited at iteration 50 with accuracies 
[1.16984726e-09]
not reaching the requested tolerance 1e-09.
Use iteration 51 instead with accuracy 
1.1698472632759519e-09.

  values, vectors = lobpcg(projected_hamiltonian, guess, largest=False,
/home/erosanow_hpc/informed_swapping/BARK.py:156: UserWarning: Exited postprocessing with accuracies 
[1.16984747e-09]
not reaching the requested tolerance 1e-09.
  values, vectors = lobpcg(projected_hamiltonian, guess, largest=False,
/home/erosanow_hpc/informed_swapping/BARK.py:156: UserWarning: Exited at iteration 50 with accuracies 
[1.23237522e-09]
not reaching the requested tolerance 1e-09.
Use iteration 51 instead with accuracy 
1.2323752226417316e-09.

  values, vectors = lobpcg(projected_hamiltonian, guess, largest=False,
/home/erosanow_hpc/informed_swapping/BARK.py:156: UserWarning: Exited postprocessing with accuracies 
[1.23237458e-09]
not reaching the requested tolerance 1e-09.
  values, vectors = lobpcg(projected_hamiltonian, guess, largest=False,
/home/erosanow_hpc/informed_swapping/BARK.py:156: UserWarning: Exited at iteration 50 with accuracies 
[1.71763309e-09]
not reaching the requested tolerance 1e-09.
Use iteration 51 instead with accuracy 
1.7176330944495794e-09.

  values, vectors = lobpcg(projected_hamiltonian, guess, largest=False,
/home/erosanow_hpc/informed_swapping/BARK.py:156: UserWarning: Exited postprocessing with accuracies 
[1.71763346e-09]
not reaching the requested tolerance 1e-09.
  values, vectors = lobpcg(projected_hamiltonian, guess, largest=False,
/home/erosanow_hpc/informed_swapping/BARK.py:156: UserWarning: Exited at iteration 50 with accuracies 
[1.33811272e-09]
not reaching the requested tolerance 1e-09.
Use iteration 51 instead with accuracy 
1.3381127225072915e-09.

  values, vectors = lobpcg(projected_hamiltonian, guess, largest=False,
/home/erosanow_hpc/informed_swapping/BARK.py:156: UserWarning: Exited postprocessing with accuracies 
[1.33811326e-09]
not reaching the requested tolerance 1e-09.
  values, vectors = lobpcg(projected_hamiltonian, guess, largest=False,
/home/erosanow_hpc/informed_swapping/BARK.py:156: UserWarning: Exited at iteration 50 with accuracies 
[1.48021325e-09]
not reaching the requested tolerance 1e-09.
Use iteration 51 instead with accuracy 
1.480213250787447e-09.

  values, vectors = lobpcg(projected_hamiltonian, guess, largest=False,
/home/erosanow_hpc/informed_swapping/BARK.py:156: UserWarning: Exited postprocessing with accuracies 
[1.48021292e-09]
not reaching the requested tolerance 1e-09.
  values, vectors = lobpcg(projected_hamiltonian, guess, largest=False,
/home/erosanow_hpc/informed_swapping/BARK.py:156: UserWarning: Exited at iteration 50 with accuracies 
[2.07590852e-09]
not reaching the requested tolerance 1e-09.
Use iteration 51 instead with accuracy 
2.0759085224763767e-09.

  values, vectors = lobpcg(projected_hamiltonian, guess, largest=False,
/home/erosanow_hpc/informed_swapping/BARK.py:156: UserWarning: Exited postprocessing with accuracies 
[2.07590844e-09]
not reaching the requested tolerance 1e-09.
  values, vectors = lobpcg(projected_hamiltonian, guess, largest=False,
/home/erosanow_hpc/informed_swapping/BARK.py:156: UserWarning: Exited at iteration 50 with accuracies 
[1.2705677e-09]
not reaching the requested tolerance 1e-09.
Use iteration 51 instead with accuracy 
1.2705677002842333e-09.

  values, vectors = lobpcg(projected_hamiltonian, guess, largest=False,
/home/erosanow_hpc/informed_swapping/BARK.py:156: UserWarning: Exited postprocessing with accuracies 
[1.27056771e-09]
not reaching the requested tolerance 1e-09.
  values, vectors = lobpcg(projected_hamiltonian, guess, largest=False,
/home/erosanow_hpc/informed_swapping/BARK.py:156: UserWarning: Exited at iteration 50 with accuracies 
[1.37987198e-09]
not reaching the requested tolerance 1e-09.
Use iteration 51 instead with accuracy 
1.379871981228284e-09.

  values, vectors = lobpcg(projected_hamiltonian, guess, largest=False,
/home/erosanow_hpc/informed_swapping/BARK.py:156: UserWarning: Exited postprocessing with accuracies 
[1.37987233e-09]
not reaching the requested tolerance 1e-09.
  values, vectors = lobpcg(projected_hamiltonian, guess, largest=False,
/home/erosanow_hpc/informed_swapping/BARK.py:156: UserWarning: Exited at iteration 50 with accuracies 
[2.18830716e-09]
not reaching the requested tolerance 1e-09.
Use iteration 51 instead with accuracy 
2.1883071623078182e-09.

  values, vectors = lobpcg(projected_hamiltonian, guess, largest=False,
/home/erosanow_hpc/informed_swapping/BARK.py:156: UserWarning: Exited postprocessing with accuracies 
[2.18830759e-09]
not reaching the requested tolerance 1e-09.
  values, vectors = lobpcg(projected_hamiltonian, guess, largest=False,
/home/erosanow_hpc/informed_swapping/BARK.py:156: UserWarning: Exited at iteration 50 with accuracies 
[1.29891943e-09]
not reaching the requested tolerance 1e-09.
Use iteration 51 instead with accuracy 
1.2989194302806045e-09.

  values, vectors = lobpcg(projected_hamiltonian, guess, largest=False,
/home/erosanow_hpc/informed_swapping/BARK.py:156: UserWarning: Exited postprocessing with accuracies 
[1.29891912e-09]
not reaching the requested tolerance 1e-09.
  values, vectors = lobpcg(projected_hamiltonian, guess, largest=False,
/home/erosanow_hpc/informed_swapping/BARK.py:156: UserWarning: Exited at iteration 50 with accuracies 
[1.37283415e-09]
not reaching the requested tolerance 1e-09.
Use iteration 51 instead with accuracy 
1.3728341529911295e-09.

  values, vectors = lobpcg(projected_hamiltonian, guess, largest=False,
/home/erosanow_hpc/informed_swapping/BARK.py:156: UserWarning: Exited postprocessing with accuracies 
[1.37283388e-09]
not reaching the requested tolerance 1e-09.
  values, vectors = lobpcg(projected_hamiltonian, guess, largest=False,
/home/erosanow_hpc/informed_swapping/BARK.py:156: UserWarning: Exited at iteration 50 with accuracies 
[1.02695641e-09]
not reaching the requested tolerance 1e-09.
Use iteration 51 instead with accuracy 
1.0269564092387342e-09.

  values, vectors = lobpcg(projected_hamiltonian, guess, largest=False,
/home/erosanow_hpc/informed_swapping/BARK.py:156: UserWarning: Exited postprocessing with accuracies 
[1.0269565e-09]
not reaching the requested tolerance 1e-09.
  values, vectors = lobpcg(projected_hamiltonian, guess, largest=False,
/home/erosanow_hpc/informed_swapping/BARK.py:156: UserWarning: Exited at iteration 50 with accuracies 
[1.2167589e-09]
not reaching the requested tolerance 1e-09.
Use iteration 51 instead with accuracy 
1.2167589033049785e-09.

  values, vectors = lobpcg(projected_hamiltonian, guess, largest=False,
/home/erosanow_hpc/informed_swapping/BARK.py:156: UserWarning: Exited postprocessing with accuracies 
[1.21675923e-09]
not reaching the requested tolerance 1e-09.
  values, vectors = lobpcg(projected_hamiltonian, guess, largest=False,
/home/erosanow_hpc/informed_swapping/BARK.py:156: UserWarning: Exited at iteration 50 with accuracies 
[1.24359444e-09]
not reaching the requested tolerance 1e-09.
Use iteration 51 instead with accuracy 
1.2435944387419985e-09.

  values, vectors = lobpcg(projected_hamiltonian, guess, largest=False,
/home/erosanow_hpc/informed_swapping/BARK.py:156: UserWarning: Exited postprocessing with accuracies 
[1.24359448e-09]
not reaching the requested tolerance 1e-09.
  values, vectors = lobpcg(projected_hamiltonian, guess, largest=False,
/home/erosanow_hpc/informed_swapping/BARK.py:156: UserWarning: Exited at iteration 50 with accuracies 
[1.81833216e-09]
not reaching the requested tolerance 1e-09.
Use iteration 51 instead with accuracy 
1.8183321618476078e-09.

  values, vectors = lobpcg(projected_hamiltonian, guess, largest=False,
/home/erosanow_hpc/informed_swapping/BARK.py:156: UserWarning: Exited postprocessing with accuracies 
[1.8183321e-09]
not reaching the requested tolerance 1e-09.
  values, vectors = lobpcg(projected_hamiltonian, guess, largest=False,
/home/erosanow_hpc/informed_swapping/BARK.py:156: UserWarning: Exited at iteration 50 with accuracies 
[1.16065808e-09]
not reaching the requested tolerance 1e-09.
Use iteration 51 instead with accuracy 
1.1606580786431758e-09.

  values, vectors = lobpcg(projected_hamiltonian, guess, largest=False,
/home/erosanow_hpc/informed_swapping/BARK.py:156: UserWarning: Exited postprocessing with accuracies 
[1.16065826e-09]
not reaching the requested tolerance 1e-09.
  values, vectors = lobpcg(projected_hamiltonian, guess, largest=False,
/home/erosanow_hpc/informed_swapping/BARK.py:156: UserWarning: Exited at iteration 50 with accuracies 
[1.07711329e-09]
not reaching the requested tolerance 1e-09.
Use iteration 51 instead with accuracy 
1.0771132885379473e-09.

  values, vectors = lobpcg(projected_hamiltonian, guess, largest=False,
/home/erosanow_hpc/informed_swapping/BARK.py:156: UserWarning: Exited postprocessing with accuracies 
[1.07711308e-09]
not reaching the requested tolerance 1e-09.
  values, vectors = lobpcg(projected_hamiltonian, guess, largest=False,
/home/erosanow_hpc/informed_swapping/BARK.py:156: UserWarning: Exited at iteration 50 with accuracies 
[1.7582291e-09]
not reaching the requested tolerance 1e-09.
Use iteration 51 instead with accuracy 
1.758229097796228e-09.

  values, vectors = lobpcg(projected_hamiltonian, guess, largest=False,
/home/erosanow_hpc/informed_swapping/BARK.py:156: UserWarning: Exited postprocessing with accuracies 
[1.75822937e-09]
not reaching the requested tolerance 1e-09.
  values, vectors = lobpcg(projected_hamiltonian, guess, largest=False,
/home/erosanow_hpc/informed_swapping/BARK.py:156: UserWarning: Exited at iteration 50 with accuracies 
[2.00026989e-09]
not reaching the requested tolerance 1e-09.
Use iteration 51 instead with accuracy 
2.0002698855690125e-09.

  values, vectors = lobpcg(projected_hamiltonian, guess, largest=False,
/home/erosanow_hpc/informed_swapping/BARK.py:156: UserWarning: Exited postprocessing with accuracies 
[2.00026964e-09]
not reaching the requested tolerance 1e-09.
  values, vectors = lobpcg(projected_hamiltonian, guess, largest=False,
/home/erosanow_hpc/informed_swapping/BARK.py:156: UserWarning: Exited at iteration 50 with accuracies 
[2.77187659e-09]
not reaching the requested tolerance 1e-09.
Use iteration 51 instead with accuracy 
2.771876592825229e-09.

  values, vectors = lobpcg(projected_hamiltonian, guess, largest=False,
/home/erosanow_hpc/informed_swapping/BARK.py:156: UserWarning: Exited postprocessing with accuracies 
[2.77187679e-09]
not reaching the requested tolerance 1e-09.
  values, vectors = lobpcg(projected_hamiltonian, guess, largest=False,
/home/erosanow_hpc/informed_swapping/BARK.py:156: UserWarning: Exited at iteration 50 with accuracies 
[1.0427254e-09]
not reaching the requested tolerance 1e-09.
Use iteration 51 instead with accuracy 
1.0427254000026968e-09.

  values, vectors = lobpcg(projected_hamiltonian, guess, largest=False,
/home/erosanow_hpc/informed_swapping/BARK.py:156: UserWarning: Exited postprocessing with accuracies 
[1.04272576e-09]
not reaching the requested tolerance 1e-09.
  values, vectors = lobpcg(projected_hamiltonian, guess, largest=False,
/home/erosanow_hpc/informed_swapping/BARK.py:156: UserWarning: Exited at iteration 50 with accuracies 
[1.79342293e-09]
not reaching the requested tolerance 1e-09.
Use iteration 51 instead with accuracy 
1.7934229312280357e-09.

  values, vectors = lobpcg(projected_hamiltonian, guess, largest=False,
/home/erosanow_hpc/informed_swapping/BARK.py:156: UserWarning: Exited postprocessing with accuracies 
[1.79342287e-09]
not reaching the requested tolerance 1e-09.
  values, vectors = lobpcg(projected_hamiltonian, guess, largest=False,
/home/erosanow_hpc/informed_swapping/BARK.py:156: UserWarning: Exited at iteration 50 with accuracies 
[1.8754496e-09]
not reaching the requested tolerance 1e-09.
Use iteration 51 instead with accuracy 
1.875449602878089e-09.

  values, vectors = lobpcg(projected_hamiltonian, guess, largest=False,
/home/erosanow_hpc/informed_swapping/BARK.py:156: UserWarning: Exited postprocessing with accuracies 
[1.87544951e-09]
not reaching the requested tolerance 1e-09.
  values, vectors = lobpcg(projected_hamiltonian, guess, largest=False,
/home/erosanow_hpc/informed_swapping/BARK.py:156: UserWarning: Exited at iteration 50 with accuracies 
[3.02673272e-09]
not reaching the requested tolerance 1e-09.
Use iteration 51 instead with accuracy 
3.0267327232733796e-09.

  values, vectors = lobpcg(projected_hamiltonian, guess, largest=False,
/home/erosanow_hpc/informed_swapping/BARK.py:156: UserWarning: Exited postprocessing with accuracies 
[3.02673282e-09]
not reaching the requested tolerance 1e-09.
  values, vectors = lobpcg(projected_hamiltonian, guess, largest=False,
/home/erosanow_hpc/informed_swapping/BARK.py:156: UserWarning: Exited at iteration 50 with accuracies 
[1.07454699e-09]
not reaching the requested tolerance 1e-09.
Use iteration 51 instead with accuracy 
1.074546992687748e-09.

  values, vectors = lobpcg(projected_hamiltonian, guess, largest=False,
/home/erosanow_hpc/informed_swapping/BARK.py:156: UserWarning: Exited postprocessing with accuracies 
[1.07454701e-09]
not reaching the requested tolerance 1e-09.
  values, vectors = lobpcg(projected_hamiltonian, guess, largest=False,
/home/erosanow_hpc/informed_swapping/BARK.py:156: UserWarning: Exited at iteration 50 with accuracies 
[1.10345753e-09]
not reaching the requested tolerance 1e-09.
Use iteration 51 instead with accuracy 
1.103457527470158e-09.

  values, vectors = lobpcg(projected_hamiltonian, guess, largest=False,
/home/erosanow_hpc/informed_swapping/BARK.py:156: UserWarning: Exited postprocessing with accuracies 
[1.10345732e-09]
not reaching the requested tolerance 1e-09.
  values, vectors = lobpcg(projected_hamiltonian, guess, largest=False,
/home/erosanow_hpc/informed_swapping/BARK.py:156: UserWarning: Exited at iteration 50 with accuracies 
[1.43380434e-09]
not reaching the requested tolerance 1e-09.
Use iteration 51 instead with accuracy 
1.4338043387505086e-09.

  values, vectors = lobpcg(projected_hamiltonian, guess, largest=False,
/home/erosanow_hpc/informed_swapping/BARK.py:156: UserWarning: Exited postprocessing with accuracies 
[1.43380446e-09]
not reaching the requested tolerance 1e-09.
  values, vectors = lobpcg(projected_hamiltonian, guess, largest=False,
/home/erosanow_hpc/informed_swapping/BARK.py:156: UserWarning: Exited at iteration 50 with accuracies 
[2.13648298e-09]
not reaching the requested tolerance 1e-09.
Use iteration 51 instead with accuracy 
2.136482975458901e-09.

  values, vectors = lobpcg(projected_hamiltonian, guess, largest=False,
/home/erosanow_hpc/informed_swapping/BARK.py:156: UserWarning: Exited postprocessing with accuracies 
[2.13648293e-09]
not reaching the requested tolerance 1e-09.
  values, vectors = lobpcg(projected_hamiltonian, guess, largest=False,
/home/erosanow_hpc/informed_swapping/BARK.py:156: UserWarning: Exited at iteration 50 with accuracies 
[1.10408489e-09]
not reaching the requested tolerance 1e-09.
Use iteration 51 instead with accuracy 
1.1040848921614904e-09.

  values, vectors = lobpcg(projected_hamiltonian, guess, largest=False,
/home/erosanow_hpc/informed_swapping/BARK.py:156: UserWarning: Exited postprocessing with accuracies 
[1.10408476e-09]
not reaching the requested tolerance 1e-09.
  values, vectors = lobpcg(projected_hamiltonian, guess, largest=False,
/home/erosanow_hpc/informed_swapping/BARK.py:156: UserWarning: Exited at iteration 50 with accuracies 
[1.50733406e-09]
not reaching the requested tolerance 1e-09.
Use iteration 51 instead with accuracy 
1.5073340633762523e-09.

  values, vectors = lobpcg(projected_hamiltonian, guess, largest=False,
/home/erosanow_hpc/informed_swapping/BARK.py:156: UserWarning: Exited postprocessing with accuracies 
[1.50733405e-09]
not reaching the requested tolerance 1e-09.
  values, vectors = lobpcg(projected_hamiltonian, guess, largest=False,
/home/erosanow_hpc/informed_swapping/BARK.py:156: UserWarning: Exited at iteration 50 with accuracies 
[1.12524305e-09]
not reaching the requested tolerance 1e-09.
Use iteration 51 instead with accuracy 
1.1252430523390884e-09.

  values, vectors = lobpcg(projected_hamiltonian, guess, largest=False,
/home/erosanow_hpc/informed_swapping/BARK.py:156: UserWarning: Exited postprocessing with accuracies 
[1.12524273e-09]
not reaching the requested tolerance 1e-09.
  values, vectors = lobpcg(projected_hamiltonian, guess, largest=False,
/home/erosanow_hpc/informed_swapping/BARK.py:156: UserWarning: Exited at iteration 50 with accuracies 
[1.7145225e-09]
not reaching the requested tolerance 1e-09.
Use iteration 51 instead with accuracy 
1.7145225036362969e-09.

  values, vectors = lobpcg(projected_hamiltonian, guess, largest=False,
/home/erosanow_hpc/informed_swapping/BARK.py:156: UserWarning: Exited postprocessing with accuracies 
[1.71452253e-09]
not reaching the requested tolerance 1e-09.
  values, vectors = lobpcg(projected_hamiltonian, guess, largest=False,
/home/erosanow_hpc/informed_swapping/BARK.py:156: UserWarning: Exited at iteration 50 with accuracies 
[1.23471484e-09]
not reaching the requested tolerance 1e-09.
Use iteration 51 instead with accuracy 
1.234714842218129e-09.

  values, vectors = lobpcg(projected_hamiltonian, guess, largest=False,
/home/erosanow_hpc/informed_swapping/BARK.py:156: UserWarning: Exited postprocessing with accuracies 
[1.23471472e-09]
not reaching the requested tolerance 1e-09.
  values, vectors = lobpcg(projected_hamiltonian, guess, largest=False,
/home/erosanow_hpc/informed_swapping/BARK.py:156: UserWarning: Exited at iteration 50 with accuracies 
[1.08821064e-09]
not reaching the requested tolerance 1e-09.
Use iteration 51 instead with accuracy 
1.0882106386394857e-09.

  values, vectors = lobpcg(projected_hamiltonian, guess, largest=False,
/home/erosanow_hpc/informed_swapping/BARK.py:156: UserWarning: Exited postprocessing with accuracies 
[1.08821081e-09]
not reaching the requested tolerance 1e-09.
  values, vectors = lobpcg(projected_hamiltonian, guess, largest=False,
/home/erosanow_hpc/informed_swapping/BARK.py:156: UserWarning: Exited at iteration 50 with accuracies 
[1.46955492e-09]
not reaching the requested tolerance 1e-09.
Use iteration 51 instead with accuracy 
1.4695549160401542e-09.

  values, vectors = lobpcg(projected_hamiltonian, guess, largest=False,
/home/erosanow_hpc/informed_swapping/BARK.py:156: UserWarning: Exited postprocessing with accuracies 
[1.46955479e-09]
not reaching the requested tolerance 1e-09.
  values, vectors = lobpcg(projected_hamiltonian, guess, largest=False,
/home/erosanow_hpc/informed_swapping/BARK.py:156: UserWarning: Exited at iteration 50 with accuracies 
[1.08503566e-09]
not reaching the requested tolerance 1e-09.
Use iteration 51 instead with accuracy 
1.085035658123974e-09.

  values, vectors = lobpcg(projected_hamiltonian, guess, largest=False,
/home/erosanow_hpc/informed_swapping/BARK.py:156: UserWarning: Exited postprocessing with accuracies 
[1.08503557e-09]
not reaching the requested tolerance 1e-09.
  values, vectors = lobpcg(projected_hamiltonian, guess, largest=False,
/home/erosanow_hpc/informed_swapping/BARK.py:156: UserWarning: Exited at iteration 50 with accuracies 
[1.64169412e-09]
not reaching the requested tolerance 1e-09.
Use iteration 51 instead with accuracy 
1.641694123578218e-09.

  values, vectors = lobpcg(projected_hamiltonian, guess, largest=False,
/home/erosanow_hpc/informed_swapping/BARK.py:156: UserWarning: Exited postprocessing with accuracies 
[1.64169406e-09]
not reaching the requested tolerance 1e-09.
  values, vectors = lobpcg(projected_hamiltonian, guess, largest=False,
/home/erosanow_hpc/informed_swapping/BARK.py:156: UserWarning: Exited at iteration 50 with accuracies 
[1.12832109e-09]
not reaching the requested tolerance 1e-09.
Use iteration 51 instead with accuracy 
1.1283210915181099e-09.

  values, vectors = lobpcg(projected_hamiltonian, guess, largest=False,
/home/erosanow_hpc/informed_swapping/BARK.py:156: UserWarning: Exited postprocessing with accuracies 
[1.12832094e-09]
not reaching the requested tolerance 1e-09.
  values, vectors = lobpcg(projected_hamiltonian, guess, largest=False,
/home/erosanow_hpc/informed_swapping/BARK.py:156: UserWarning: Exited at iteration 50 with accuracies 
[1.99058236e-09]
not reaching the requested tolerance 1e-09.
Use iteration 51 instead with accuracy 
1.990582357975872e-09.

  values, vectors = lobpcg(projected_hamiltonian, guess, largest=False,
/home/erosanow_hpc/informed_swapping/BARK.py:156: UserWarning: Exited postprocessing with accuracies 
[1.99058224e-09]
not reaching the requested tolerance 1e-09.
  values, vectors = lobpcg(projected_hamiltonian, guess, largest=False,
/home/erosanow_hpc/informed_swapping/BARK.py:156: UserWarning: Exited at iteration 50 with accuracies 
[1.00339666e-09]
not reaching the requested tolerance 1e-09.
Use iteration 51 instead with accuracy 
1.0033966604216833e-09.

  values, vectors = lobpcg(projected_hamiltonian, guess, largest=False,
/home/erosanow_hpc/informed_swapping/BARK.py:156: UserWarning: Exited postprocessing with accuracies 
[1.00339632e-09]
not reaching the requested tolerance 1e-09.
  values, vectors = lobpcg(projected_hamiltonian, guess, largest=False,
/home/erosanow_hpc/informed_swapping/BARK.py:156: UserWarning: Exited at iteration 50 with accuracies 
[1.4604333e-09]
not reaching the requested tolerance 1e-09.
Use iteration 51 instead with accuracy 
1.4604332958385523e-09.

  values, vectors = lobpcg(projected_hamiltonian, guess, largest=False,
/home/erosanow_hpc/informed_swapping/BARK.py:156: UserWarning: Exited postprocessing with accuracies 
[1.46043357e-09]
not reaching the requested tolerance 1e-09.
  values, vectors = lobpcg(projected_hamiltonian, guess, largest=False,
/home/erosanow_hpc/informed_swapping/BARK.py:156: UserWarning: Exited at iteration 50 with accuracies 
[1.58188113e-09]
not reaching the requested tolerance 1e-09.
Use iteration 51 instead with accuracy 
1.5818811348631983e-09.

  values, vectors = lobpcg(projected_hamiltonian, guess, largest=False,
/home/erosanow_hpc/informed_swapping/BARK.py:156: UserWarning: Exited postprocessing with accuracies 
[1.58188118e-09]
not reaching the requested tolerance 1e-09.
  values, vectors = lobpcg(projected_hamiltonian, guess, largest=False,
/home/erosanow_hpc/informed_swapping/BARK.py:156: UserWarning: Exited at iteration 50 with accuracies 
[3.5087802e-09]
not reaching the requested tolerance 1e-09.
Use iteration 51 instead with accuracy 
3.508780204861525e-09.

  values, vectors = lobpcg(projected_hamiltonian, guess, largest=False,
/home/erosanow_hpc/informed_swapping/BARK.py:156: UserWarning: Exited postprocessing with accuracies 
[3.50877982e-09]
not reaching the requested tolerance 1e-09.
  values, vectors = lobpcg(projected_hamiltonian, guess, largest=False,
/home/erosanow_hpc/informed_swapping/BARK.py:156: UserWarning: Exited at iteration 50 with accuracies 
[4.99556372e-09]
not reaching the requested tolerance 1e-09.
Use iteration 51 instead with accuracy 
4.995563717186131e-09.

  values, vectors = lobpcg(projected_hamiltonian, guess, largest=False,
/home/erosanow_hpc/informed_swapping/BARK.py:156: UserWarning: Exited postprocessing with accuracies 
[4.99556377e-09]
not reaching the requested tolerance 1e-09.
  values, vectors = lobpcg(projected_hamiltonian, guess, largest=False,
/home/erosanow_hpc/informed_swapping/BARK.py:156: UserWarning: Exited at iteration 50 with accuracies 
[1.32912865e-09]
not reaching the requested tolerance 1e-09.
Use iteration 51 instead with accuracy 
1.329128647156824e-09.

  values, vectors = lobpcg(projected_hamiltonian, guess, largest=False,
/home/erosanow_hpc/informed_swapping/BARK.py:156: UserWarning: Exited postprocessing with accuracies 
[1.32912868e-09]
not reaching the requested tolerance 1e-09.
  values, vectors = lobpcg(projected_hamiltonian, guess, largest=False,
/home/erosanow_hpc/informed_swapping/BARK.py:156: UserWarning: Exited at iteration 50 with accuracies 
[1.1360199e-09]
not reaching the requested tolerance 1e-09.
Use iteration 51 instead with accuracy 
1.1360199011620977e-09.

  values, vectors = lobpcg(projected_hamiltonian, guess, largest=False,
/home/erosanow_hpc/informed_swapping/BARK.py:156: UserWarning: Exited postprocessing with accuracies 
[1.13602011e-09]
not reaching the requested tolerance 1e-09.
  values, vectors = lobpcg(projected_hamiltonian, guess, largest=False,
/home/erosanow_hpc/informed_swapping/BARK.py:156: UserWarning: Exited at iteration 50 with accuracies 
[1.53421519e-09]
not reaching the requested tolerance 1e-09.
Use iteration 51 instead with accuracy 
1.5342151903382782e-09.

  values, vectors = lobpcg(projected_hamiltonian, guess, largest=False,
/home/erosanow_hpc/informed_swapping/BARK.py:156: UserWarning: Exited postprocessing with accuracies 
[1.5342155e-09]
not reaching the requested tolerance 1e-09.
  values, vectors = lobpcg(projected_hamiltonian, guess, largest=False,
/home/erosanow_hpc/informed_swapping/BARK.py:156: UserWarning: Exited at iteration 50 with accuracies 
[1.13811517e-09]
not reaching the requested tolerance 1e-09.
Use iteration 51 instead with accuracy 
1.138115168622062e-09.

  values, vectors = lobpcg(projected_hamiltonian, guess, largest=False,
/home/erosanow_hpc/informed_swapping/BARK.py:156: UserWarning: Exited postprocessing with accuracies 
[1.13811487e-09]
not reaching the requested tolerance 1e-09.
  values, vectors = lobpcg(projected_hamiltonian, guess, largest=False,
/home/erosanow_hpc/informed_swapping/BARK.py:156: UserWarning: Exited at iteration 50 with accuracies 
[1.72341512e-09]
not reaching the requested tolerance 1e-09.
Use iteration 51 instead with accuracy 
1.7234151244342572e-09.

  values, vectors = lobpcg(projected_hamiltonian, guess, largest=False,
/home/erosanow_hpc/informed_swapping/BARK.py:156: UserWarning: Exited postprocessing with accuracies 
[1.72341501e-09]
not reaching the requested tolerance 1e-09.
  values, vectors = lobpcg(projected_hamiltonian, guess, largest=False,
/home/erosanow_hpc/informed_swapping/BARK.py:156: UserWarning: Exited at iteration 50 with accuracies 
[1.18119694e-09]
not reaching the requested tolerance 1e-09.
Use iteration 51 instead with accuracy 
1.1811969431688808e-09.

  values, vectors = lobpcg(projected_hamiltonian, guess, largest=False,
/home/erosanow_hpc/informed_swapping/BARK.py:156: UserWarning: Exited postprocessing with accuracies 
[1.18119686e-09]
not reaching the requested tolerance 1e-09.
  values, vectors = lobpcg(projected_hamiltonian, guess, largest=False,
/home/erosanow_hpc/informed_swapping/BARK.py:156: UserWarning: Exited at iteration 50 with accuracies 
[1.15831605e-09]
not reaching the requested tolerance 1e-09.
Use iteration 51 instead with accuracy 
1.1583160461628981e-09.

  values, vectors = lobpcg(projected_hamiltonian, guess, largest=False,
/home/erosanow_hpc/informed_swapping/BARK.py:156: UserWarning: Exited postprocessing with accuracies 
[1.15831616e-09]
not reaching the requested tolerance 1e-09.
  values, vectors = lobpcg(projected_hamiltonian, guess, largest=False,
/home/erosanow_hpc/informed_swapping/BARK.py:156: UserWarning: Exited at iteration 50 with accuracies 
[1.55956283e-09]
not reaching the requested tolerance 1e-09.
Use iteration 51 instead with accuracy 
1.559562830527843e-09.

  values, vectors = lobpcg(projected_hamiltonian, guess, largest=False,
/home/erosanow_hpc/informed_swapping/BARK.py:156: UserWarning: Exited postprocessing with accuracies 
[1.5595629e-09]
not reaching the requested tolerance 1e-09.
  values, vectors = lobpcg(projected_hamiltonian, guess, largest=False,
/home/erosanow_hpc/informed_swapping/BARK.py:156: UserWarning: Exited at iteration 50 with accuracies 
[1.18267458e-09]
not reaching the requested tolerance 1e-09.
Use iteration 51 instead with accuracy 
1.1826745841327366e-09.

  values, vectors = lobpcg(projected_hamiltonian, guess, largest=False,
/home/erosanow_hpc/informed_swapping/BARK.py:156: UserWarning: Exited postprocessing with accuracies 
[1.18267427e-09]
not reaching the requested tolerance 1e-09.
  values, vectors = lobpcg(projected_hamiltonian, guess, largest=False,
/home/erosanow_hpc/informed_swapping/BARK.py:156: UserWarning: Exited at iteration 50 with accuracies 
[1.79224996e-09]
not reaching the requested tolerance 1e-09.
Use iteration 51 instead with accuracy 
1.7922499643531938e-09.

  values, vectors = lobpcg(projected_hamiltonian, guess, largest=False,
/home/erosanow_hpc/informed_swapping/BARK.py:156: UserWarning: Exited postprocessing with accuracies 
[1.79224967e-09]
not reaching the requested tolerance 1e-09.
  values, vectors = lobpcg(projected_hamiltonian, guess, largest=False,
/home/erosanow_hpc/informed_swapping/BARK.py:156: UserWarning: Exited at iteration 50 with accuracies 
[1.33547529e-09]
not reaching the requested tolerance 1e-09.
Use iteration 51 instead with accuracy 
1.3354752904472116e-09.

  values, vectors = lobpcg(projected_hamiltonian, guess, largest=False,
/home/erosanow_hpc/informed_swapping/BARK.py:156: UserWarning: Exited postprocessing with accuracies 
[1.335475e-09]
not reaching the requested tolerance 1e-09.
  values, vectors = lobpcg(projected_hamiltonian, guess, largest=False,
/home/erosanow_hpc/informed_swapping/BARK.py:156: UserWarning: Exited at iteration 50 with accuracies 
[1.85919459e-09]
not reaching the requested tolerance 1e-09.
Use iteration 51 instead with accuracy 
1.8591945880624316e-09.

  values, vectors = lobpcg(projected_hamiltonian, guess, largest=False,
/home/erosanow_hpc/informed_swapping/BARK.py:156: UserWarning: Exited postprocessing with accuracies 
[1.859195e-09]
not reaching the requested tolerance 1e-09.
  values, vectors = lobpcg(projected_hamiltonian, guess, largest=False,
/home/erosanow_hpc/informed_swapping/BARK.py:156: UserWarning: Exited at iteration 50 with accuracies 
[1.01977607e-09]
not reaching the requested tolerance 1e-09.
Use iteration 51 instead with accuracy 
1.019776067042337e-09.

  values, vectors = lobpcg(projected_hamiltonian, guess, largest=False,
/home/erosanow_hpc/informed_swapping/BARK.py:156: UserWarning: Exited postprocessing with accuracies 
[1.01977592e-09]
not reaching the requested tolerance 1e-09.
  values, vectors = lobpcg(projected_hamiltonian, guess, largest=False,
/home/erosanow_hpc/informed_swapping/BARK.py:156: UserWarning: Exited at iteration 50 with accuracies 
[1.42226859e-09]
not reaching the requested tolerance 1e-09.
Use iteration 51 instead with accuracy 
1.422268590237023e-09.

  values, vectors = lobpcg(projected_hamiltonian, guess, largest=False,
/home/erosanow_hpc/informed_swapping/BARK.py:156: UserWarning: Exited postprocessing with accuracies 
[1.42226855e-09]
not reaching the requested tolerance 1e-09.
  values, vectors = lobpcg(projected_hamiltonian, guess, largest=False,
/home/erosanow_hpc/informed_swapping/BARK.py:156: UserWarning: Exited at iteration 50 with accuracies 
[1.04342477e-09]
not reaching the requested tolerance 1e-09.
Use iteration 51 instead with accuracy 
1.0434247672112175e-09.

  values, vectors = lobpcg(projected_hamiltonian, guess, largest=False,
/home/erosanow_hpc/informed_swapping/BARK.py:156: UserWarning: Exited postprocessing with accuracies 
[1.04342474e-09]
not reaching the requested tolerance 1e-09.
  values, vectors = lobpcg(projected_hamiltonian, guess, largest=False,
/home/erosanow_hpc/informed_swapping/BARK.py:156: UserWarning: Exited at iteration 50 with accuracies 
[1.66420424e-09]
not reaching the requested tolerance 1e-09.
Use iteration 51 instead with accuracy 
1.6642042364724984e-09.

  values, vectors = lobpcg(projected_hamiltonian, guess, largest=False,
/home/erosanow_hpc/informed_swapping/BARK.py:156: UserWarning: Exited postprocessing with accuracies 
[1.6642044e-09]
not reaching the requested tolerance 1e-09.
  values, vectors = lobpcg(projected_hamiltonian, guess, largest=False,
/home/erosanow_hpc/informed_swapping/BARK.py:156: UserWarning: Exited at iteration 50 with accuracies 
[3.49012337e-09]
not reaching the requested tolerance 1e-09.
Use iteration 51 instead with accuracy 
3.4901233657095873e-09.

  values, vectors = lobpcg(projected_hamiltonian, guess, largest=False,
/home/erosanow_hpc/informed_swapping/BARK.py:156: UserWarning: Exited postprocessing with accuracies 
[3.49012326e-09]
not reaching the requested tolerance 1e-09.
  values, vectors = lobpcg(projected_hamiltonian, guess, largest=False,
/home/erosanow_hpc/informed_swapping/BARK.py:156: UserWarning: Exited at iteration 50 with accuracies 
[4.934043e-09]
not reaching the requested tolerance 1e-09.
Use iteration 51 instead with accuracy 
4.934043001920805e-09.

  values, vectors = lobpcg(projected_hamiltonian, guess, largest=False,
/home/erosanow_hpc/informed_swapping/BARK.py:156: UserWarning: Exited postprocessing with accuracies 
[4.93404293e-09]
not reaching the requested tolerance 1e-09.
  values, vectors = lobpcg(projected_hamiltonian, guess, largest=False,
/home/erosanow_hpc/informed_swapping/BARK.py:156: UserWarning: Exited at iteration 50 with accuracies 
[1.37696248e-09]
not reaching the requested tolerance 1e-09.
Use iteration 51 instead with accuracy 
1.3769624753633564e-09.

  values, vectors = lobpcg(projected_hamiltonian, guess, largest=False,
/home/erosanow_hpc/informed_swapping/BARK.py:156: UserWarning: Exited postprocessing with accuracies 
[1.37696237e-09]
not reaching the requested tolerance 1e-09.
  values, vectors = lobpcg(projected_hamiltonian, guess, largest=False,
/home/erosanow_hpc/informed_swapping/BARK.py:156: UserWarning: Exited at iteration 50 with accuracies 
[1.85299905e-09]
not reaching the requested tolerance 1e-09.
Use iteration 51 instead with accuracy 
1.852999046462592e-09.

  values, vectors = lobpcg(projected_hamiltonian, guess, largest=False,
/home/erosanow_hpc/informed_swapping/BARK.py:156: UserWarning: Exited postprocessing with accuracies 
[1.85299924e-09]
not reaching the requested tolerance 1e-09.
  values, vectors = lobpcg(projected_hamiltonian, guess, largest=False,
/home/erosanow_hpc/informed_swapping/BARK.py:156: UserWarning: Exited at iteration 50 with accuracies 
[1.4126226e-09]
not reaching the requested tolerance 1e-09.
Use iteration 51 instead with accuracy 
1.4126225999220614e-09.

  values, vectors = lobpcg(projected_hamiltonian, guess, largest=False,
/home/erosanow_hpc/informed_swapping/BARK.py:156: UserWarning: Exited postprocessing with accuracies 
[1.4126225e-09]
not reaching the requested tolerance 1e-09.
  values, vectors = lobpcg(projected_hamiltonian, guess, largest=False,
/home/erosanow_hpc/informed_swapping/BARK.py:156: UserWarning: Exited at iteration 50 with accuracies 
[2.16032729e-09]
not reaching the requested tolerance 1e-09.
Use iteration 51 instead with accuracy 
2.1603272864338145e-09.

  values, vectors = lobpcg(projected_hamiltonian, guess, largest=False,
/home/erosanow_hpc/informed_swapping/BARK.py:156: UserWarning: Exited postprocessing with accuracies 
[2.16032734e-09]
not reaching the requested tolerance 1e-09.
  values, vectors = lobpcg(projected_hamiltonian, guess, largest=False,
/home/erosanow_hpc/informed_swapping/BARK.py:156: UserWarning: Exited at iteration 50 with accuracies 
[2.23471781e-09]
not reaching the requested tolerance 1e-09.
Use iteration 51 instead with accuracy 
2.2347178075469697e-09.

  values, vectors = lobpcg(projected_hamiltonian, guess, largest=False,
/home/erosanow_hpc/informed_swapping/BARK.py:156: UserWarning: Exited postprocessing with accuracies 
[2.23471795e-09]
not reaching the requested tolerance 1e-09.
  values, vectors = lobpcg(projected_hamiltonian, guess, largest=False,
/home/erosanow_hpc/informed_swapping/BARK.py:156: UserWarning: Exited at iteration 50 with accuracies 
[3.08541679e-09]
not reaching the requested tolerance 1e-09.
Use iteration 51 instead with accuracy 
3.085416792174133e-09.

  values, vectors = lobpcg(projected_hamiltonian, guess, largest=False,
/home/erosanow_hpc/informed_swapping/BARK.py:156: UserWarning: Exited postprocessing with accuracies 
[3.08541649e-09]
not reaching the requested tolerance 1e-09.
  values, vectors = lobpcg(projected_hamiltonian, guess, largest=False,
/home/erosanow_hpc/informed_swapping/BARK.py:156: UserWarning: Exited at iteration 50 with accuracies 
[1.36592426e-09]
not reaching the requested tolerance 1e-09.
Use iteration 51 instead with accuracy 
1.3659242632583665e-09.

  values, vectors = lobpcg(projected_hamiltonian, guess, largest=False,
/home/erosanow_hpc/informed_swapping/BARK.py:156: UserWarning: Exited postprocessing with accuracies 
[1.36592431e-09]
not reaching the requested tolerance 1e-09.
  values, vectors = lobpcg(projected_hamiltonian, guess, largest=False,
/home/erosanow_hpc/informed_swapping/BARK.py:156: UserWarning: Exited at iteration 50 with accuracies 
[1.53757605e-09]
not reaching the requested tolerance 1e-09.
Use iteration 51 instead with accuracy 
1.5375760526273163e-09.

  values, vectors = lobpcg(projected_hamiltonian, guess, largest=False,
/home/erosanow_hpc/informed_swapping/BARK.py:156: UserWarning: Exited postprocessing with accuracies 
[1.53757611e-09]
not reaching the requested tolerance 1e-09.
  values, vectors = lobpcg(projected_hamiltonian, guess, largest=False,
/home/erosanow_hpc/informed_swapping/BARK.py:156: UserWarning: Exited at iteration 50 with accuracies 
[2.23727888e-09]
not reaching the requested tolerance 1e-09.
Use iteration 51 instead with accuracy 
2.237278877754922e-09.

  values, vectors = lobpcg(projected_hamiltonian, guess, largest=False,
/home/erosanow_hpc/informed_swapping/BARK.py:156: UserWarning: Exited postprocessing with accuracies 
[2.23727902e-09]
not reaching the requested tolerance 1e-09.
  values, vectors = lobpcg(projected_hamiltonian, guess, largest=False,
/home/erosanow_hpc/informed_swapping/BARK.py:156: UserWarning: Exited at iteration 50 with accuracies 
[1.45738366e-09]
not reaching the requested tolerance 1e-09.
Use iteration 51 instead with accuracy 
1.4573836584387373e-09.

  values, vectors = lobpcg(projected_hamiltonian, guess, largest=False,
/home/erosanow_hpc/informed_swapping/BARK.py:156: UserWarning: Exited postprocessing with accuracies 
[1.45738376e-09]
not reaching the requested tolerance 1e-09.
  values, vectors = lobpcg(projected_hamiltonian, guess, largest=False,
/home/erosanow_hpc/informed_swapping/BARK.py:156: UserWarning: Exited at iteration 50 with accuracies 
[2.35744137e-09]
not reaching the requested tolerance 1e-09.
Use iteration 51 instead with accuracy 
2.357441371284599e-09.

  values, vectors = lobpcg(projected_hamiltonian, guess, largest=False,
/home/erosanow_hpc/informed_swapping/BARK.py:156: UserWarning: Exited postprocessing with accuracies 
[2.35744125e-09]
not reaching the requested tolerance 1e-09.
  values, vectors = lobpcg(projected_hamiltonian, guess, largest=False,
/home/erosanow_hpc/informed_swapping/BARK.py:156: UserWarning: Exited at iteration 50 with accuracies 
[2.57728099e-09]
not reaching the requested tolerance 1e-09.
Use iteration 51 instead with accuracy 
2.5772809925733714e-09.

  values, vectors = lobpcg(projected_hamiltonian, guess, largest=False,
/home/erosanow_hpc/informed_swapping/BARK.py:156: UserWarning: Exited postprocessing with accuracies 
[2.57728098e-09]
not reaching the requested tolerance 1e-09.
  values, vectors = lobpcg(projected_hamiltonian, guess, largest=False,
/home/erosanow_hpc/informed_swapping/BARK.py:156: UserWarning: Exited at iteration 50 with accuracies 
[3.72682438e-09]
not reaching the requested tolerance 1e-09.
Use iteration 51 instead with accuracy 
3.726824377275728e-09.

  values, vectors = lobpcg(projected_hamiltonian, guess, largest=False,
/home/erosanow_hpc/informed_swapping/BARK.py:156: UserWarning: Exited postprocessing with accuracies 
[3.72682472e-09]
not reaching the requested tolerance 1e-09.
  values, vectors = lobpcg(projected_hamiltonian, guess, largest=False,
/home/erosanow_hpc/informed_swapping/BARK.py:156: UserWarning: Exited at iteration 50 with accuracies 
[1.66064872e-09]
not reaching the requested tolerance 1e-09.
Use iteration 51 instead with accuracy 
1.6606487176051026e-09.

  values, vectors = lobpcg(projected_hamiltonian, guess, largest=False,
/home/erosanow_hpc/informed_swapping/BARK.py:156: UserWarning: Exited postprocessing with accuracies 
[1.66064915e-09]
not reaching the requested tolerance 1e-09.
  values, vectors = lobpcg(projected_hamiltonian, guess, largest=False,
/home/erosanow_hpc/informed_swapping/BARK.py:156: UserWarning: Exited at iteration 50 with accuracies 
[2.47843491e-09]
not reaching the requested tolerance 1e-09.
Use iteration 51 instead with accuracy 
2.478434912227361e-09.

  values, vectors = lobpcg(projected_hamiltonian, guess, largest=False,
/home/erosanow_hpc/informed_swapping/BARK.py:156: UserWarning: Exited postprocessing with accuracies 
[2.47843497e-09]
not reaching the requested tolerance 1e-09.
  values, vectors = lobpcg(projected_hamiltonian, guess, largest=False,
/home/erosanow_hpc/informed_swapping/BARK.py:156: UserWarning: Exited at iteration 50 with accuracies 
[1.35982658e-09]
not reaching the requested tolerance 1e-09.
Use iteration 51 instead with accuracy 
1.3598265813973836e-09.

  values, vectors = lobpcg(projected_hamiltonian, guess, largest=False,
/home/erosanow_hpc/informed_swapping/BARK.py:156: UserWarning: Exited postprocessing with accuracies 
[1.35982682e-09]
not reaching the requested tolerance 1e-09.
  values, vectors = lobpcg(projected_hamiltonian, guess, largest=False,
/home/erosanow_hpc/informed_swapping/BARK.py:156: UserWarning: Exited at iteration 50 with accuracies 
[1.91116825e-09]
not reaching the requested tolerance 1e-09.
Use iteration 51 instead with accuracy 
1.9111682452459664e-09.

  values, vectors = lobpcg(projected_hamiltonian, guess, largest=False,
/home/erosanow_hpc/informed_swapping/BARK.py:156: UserWarning: Exited postprocessing with accuracies 
[1.91116808e-09]
not reaching the requested tolerance 1e-09.
  values, vectors = lobpcg(projected_hamiltonian, guess, largest=False,
/home/erosanow_hpc/informed_swapping/BARK.py:156: UserWarning: Exited at iteration 50 with accuracies 
[1.47614439e-09]
not reaching the requested tolerance 1e-09.
Use iteration 51 instead with accuracy 
1.4761443855527856e-09.

  values, vectors = lobpcg(projected_hamiltonian, guess, largest=False,
/home/erosanow_hpc/informed_swapping/BARK.py:156: UserWarning: Exited postprocessing with accuracies 
[1.4761444e-09]
not reaching the requested tolerance 1e-09.
  values, vectors = lobpcg(projected_hamiltonian, guess, largest=False,
/home/erosanow_hpc/informed_swapping/BARK.py:156: UserWarning: Exited at iteration 50 with accuracies 
[2.35296053e-09]
not reaching the requested tolerance 1e-09.
Use iteration 51 instead with accuracy 
2.352960532273703e-09.

  values, vectors = lobpcg(projected_hamiltonian, guess, largest=False,
/home/erosanow_hpc/informed_swapping/BARK.py:156: UserWarning: Exited postprocessing with accuracies 
[2.35296067e-09]
not reaching the requested tolerance 1e-09.
  values, vectors = lobpcg(projected_hamiltonian, guess, largest=False,
/home/erosanow_hpc/informed_swapping/BARK.py:156: UserWarning: Exited at iteration 50 with accuracies 
[4.68632018e-09]
not reaching the requested tolerance 1e-09.
Use iteration 51 instead with accuracy 
4.686320180832493e-09.

  values, vectors = lobpcg(projected_hamiltonian, guess, largest=False,
/home/erosanow_hpc/informed_swapping/BARK.py:156: UserWarning: Exited postprocessing with accuracies 
[4.68632041e-09]
not reaching the requested tolerance 1e-09.
  values, vectors = lobpcg(projected_hamiltonian, guess, largest=False,
/home/erosanow_hpc/informed_swapping/BARK.py:156: UserWarning: Exited at iteration 50 with accuracies 
[6.57167997e-09]
not reaching the requested tolerance 1e-09.
Use iteration 51 instead with accuracy 
6.571679965781705e-09.

  values, vectors = lobpcg(projected_hamiltonian, guess, largest=False,
/home/erosanow_hpc/informed_swapping/BARK.py:156: UserWarning: Exited postprocessing with accuracies 
[6.57167975e-09]
not reaching the requested tolerance 1e-09.
  values, vectors = lobpcg(projected_hamiltonian, guess, largest=False,
/home/erosanow_hpc/informed_swapping/BARK.py:156: UserWarning: Exited at iteration 50 with accuracies 
[3.35921376e-09]
not reaching the requested tolerance 1e-09.
Use iteration 51 instead with accuracy 
3.3592137560772657e-09.

  values, vectors = lobpcg(projected_hamiltonian, guess, largest=False,
/home/erosanow_hpc/informed_swapping/BARK.py:156: UserWarning: Exited postprocessing with accuracies 
[3.3592139e-09]
not reaching the requested tolerance 1e-09.
  values, vectors = lobpcg(projected_hamiltonian, guess, largest=False,
/home/erosanow_hpc/informed_swapping/BARK.py:156: UserWarning: Exited at iteration 50 with accuracies 
[5.19860136e-09]
not reaching the requested tolerance 1e-09.
Use iteration 51 instead with accuracy 
5.198601360959364e-09.

  values, vectors = lobpcg(projected_hamiltonian, guess, largest=False,
/home/erosanow_hpc/informed_swapping/BARK.py:156: UserWarning: Exited postprocessing with accuracies 
[5.19860131e-09]
not reaching the requested tolerance 1e-09.
  values, vectors = lobpcg(projected_hamiltonian, guess, largest=False,
/home/erosanow_hpc/informed_swapping/BARK.py:156: UserWarning: Exited at iteration 50 with accuracies 
[3.16213833e-09]
not reaching the requested tolerance 1e-09.
Use iteration 51 instead with accuracy 
3.1621383290883574e-09.

  values, vectors = lobpcg(projected_hamiltonian, guess, largest=False,
/home/erosanow_hpc/informed_swapping/BARK.py:156: UserWarning: Exited postprocessing with accuracies 
[3.16213829e-09]
not reaching the requested tolerance 1e-09.
  values, vectors = lobpcg(projected_hamiltonian, guess, largest=False,
/home/erosanow_hpc/informed_swapping/BARK.py:156: UserWarning: Exited at iteration 50 with accuracies 
[4.59654684e-09]
not reaching the requested tolerance 1e-09.
Use iteration 51 instead with accuracy 
4.59654684326344e-09.

  values, vectors = lobpcg(projected_hamiltonian, guess, largest=False,
/home/erosanow_hpc/informed_swapping/BARK.py:156: UserWarning: Exited postprocessing with accuracies 
[4.59654668e-09]
not reaching the requested tolerance 1e-09.
  values, vectors = lobpcg(projected_hamiltonian, guess, largest=False,
/home/erosanow_hpc/informed_swapping/BARK.py:156: UserWarning: Exited at iteration 50 with accuracies 
[3.42984852e-09]
not reaching the requested tolerance 1e-09.
Use iteration 51 instead with accuracy 
3.4298485176072383e-09.

  values, vectors = lobpcg(projected_hamiltonian, guess, largest=False,
/home/erosanow_hpc/informed_swapping/BARK.py:156: UserWarning: Exited postprocessing with accuracies 
[3.42984853e-09]
not reaching the requested tolerance 1e-09.
  values, vectors = lobpcg(projected_hamiltonian, guess, largest=False,
/home/erosanow_hpc/informed_swapping/BARK.py:156: UserWarning: Exited at iteration 50 with accuracies 
[5.77950816e-09]
not reaching the requested tolerance 1e-09.
Use iteration 51 instead with accuracy 
5.77950816231361e-09.

  values, vectors = lobpcg(projected_hamiltonian, guess, largest=False,
/home/erosanow_hpc/informed_swapping/BARK.py:156: UserWarning: Exited postprocessing with accuracies 
[5.77950825e-09]
not reaching the requested tolerance 1e-09.
  values, vectors = lobpcg(projected_hamiltonian, guess, largest=False,
/home/erosanow_hpc/informed_swapping/BARK.py:156: UserWarning: Exited at iteration 50 with accuracies 
[1.097331e-08]
not reaching the requested tolerance 1e-09.
Use iteration 51 instead with accuracy 
1.0973309988806575e-08.

  values, vectors = lobpcg(projected_hamiltonian, guess, largest=False,
/home/erosanow_hpc/informed_swapping/BARK.py:156: UserWarning: Exited postprocessing with accuracies 
[1.09733101e-08]
not reaching the requested tolerance 1e-09.
  values, vectors = lobpcg(projected_hamiltonian, guess, largest=False,
/home/erosanow_hpc/informed_swapping/BARK.py:156: UserWarning: Exited at iteration 50 with accuracies 
[1.63168411e-08]
not reaching the requested tolerance 1e-09.
Use iteration 51 instead with accuracy 
1.631684110175314e-08.

  values, vectors = lobpcg(projected_hamiltonian, guess, largest=False,
/home/erosanow_hpc/informed_swapping/BARK.py:156: UserWarning: Exited postprocessing with accuracies 
[1.63168409e-08]
not reaching the requested tolerance 1e-09.
  values, vectors = lobpcg(projected_hamiltonian, guess, largest=False,
/home/erosanow_hpc/informed_swapping/BARK.py:156: UserWarning: Exited at iteration 50 with accuracies 
[1.36609965e-09]
not reaching the requested tolerance 1e-09.
Use iteration 51 instead with accuracy 
1.3660996451733672e-09.

  values, vectors = lobpcg(projected_hamiltonian, guess, largest=False,
/home/erosanow_hpc/informed_swapping/BARK.py:156: UserWarning: Exited postprocessing with accuracies 
[1.36609912e-09]
not reaching the requested tolerance 1e-09.
  values, vectors = lobpcg(projected_hamiltonian, guess, largest=False,
/home/erosanow_hpc/informed_swapping/BARK.py:156: UserWarning: Exited at iteration 50 with accuracies 
[1.60528181e-09]
not reaching the requested tolerance 1e-09.
Use iteration 51 instead with accuracy 
1.605281813726547e-09.

  values, vectors = lobpcg(projected_hamiltonian, guess, largest=False,
/home/erosanow_hpc/informed_swapping/BARK.py:156: UserWarning: Exited postprocessing with accuracies 
[1.60528172e-09]
not reaching the requested tolerance 1e-09.
  values, vectors = lobpcg(projected_hamiltonian, guess, largest=False,
/home/erosanow_hpc/informed_swapping/BARK.py:156: UserWarning: Exited at iteration 50 with accuracies 
[2.17109739e-09]
not reaching the requested tolerance 1e-09.
Use iteration 51 instead with accuracy 
2.17109738812179e-09.

  values, vectors = lobpcg(projected_hamiltonian, guess, largest=False,
/home/erosanow_hpc/informed_swapping/BARK.py:156: UserWarning: Exited postprocessing with accuracies 
[2.1710975e-09]
not reaching the requested tolerance 1e-09.
  values, vectors = lobpcg(projected_hamiltonian, guess, largest=False,
/home/erosanow_hpc/informed_swapping/BARK.py:156: UserWarning: Exited at iteration 50 with accuracies 
[1.60212626e-09]
not reaching the requested tolerance 1e-09.
Use iteration 51 instead with accuracy 
1.6021262577517217e-09.

  values, vectors = lobpcg(projected_hamiltonian, guess, largest=False,
/home/erosanow_hpc/informed_swapping/BARK.py:156: UserWarning: Exited postprocessing with accuracies 
[1.60212597e-09]
not reaching the requested tolerance 1e-09.
  values, vectors = lobpcg(projected_hamiltonian, guess, largest=False,
/home/erosanow_hpc/informed_swapping/BARK.py:156: UserWarning: Exited at iteration 50 with accuracies 
[2.45996296e-09]
not reaching the requested tolerance 1e-09.
Use iteration 51 instead with accuracy 
2.4599629604867302e-09.

  values, vectors = lobpcg(projected_hamiltonian, guess, largest=False,
/home/erosanow_hpc/informed_swapping/BARK.py:156: UserWarning: Exited postprocessing with accuracies 
[2.45996272e-09]
not reaching the requested tolerance 1e-09.
  values, vectors = lobpcg(projected_hamiltonian, guess, largest=False,
/home/erosanow_hpc/informed_swapping/BARK.py:156: UserWarning: Exited at iteration 50 with accuracies 
[1.38853111e-09]
not reaching the requested tolerance 1e-09.
Use iteration 51 instead with accuracy 
1.3885311130948238e-09.

  values, vectors = lobpcg(projected_hamiltonian, guess, largest=False,
/home/erosanow_hpc/informed_swapping/BARK.py:156: UserWarning: Exited postprocessing with accuracies 
[1.38853099e-09]
not reaching the requested tolerance 1e-09.
  values, vectors = lobpcg(projected_hamiltonian, guess, largest=False,
/home/erosanow_hpc/informed_swapping/BARK.py:156: UserWarning: Exited at iteration 50 with accuracies 
[2.0043227e-09]
not reaching the requested tolerance 1e-09.
Use iteration 51 instead with accuracy 
2.0043227001581524e-09.

  values, vectors = lobpcg(projected_hamiltonian, guess, largest=False,
/home/erosanow_hpc/informed_swapping/BARK.py:156: UserWarning: Exited postprocessing with accuracies 
[2.00432251e-09]
not reaching the requested tolerance 1e-09.
  values, vectors = lobpcg(projected_hamiltonian, guess, largest=False,
/home/erosanow_hpc/informed_swapping/BARK.py:156: UserWarning: Exited at iteration 50 with accuracies 
[1.45881473e-09]
not reaching the requested tolerance 1e-09.
Use iteration 51 instead with accuracy 
1.4588147336526154e-09.

  values, vectors = lobpcg(projected_hamiltonian, guess, largest=False,
/home/erosanow_hpc/informed_swapping/BARK.py:156: UserWarning: Exited postprocessing with accuracies 
[1.45881476e-09]
not reaching the requested tolerance 1e-09.
  values, vectors = lobpcg(projected_hamiltonian, guess, largest=False,
/home/erosanow_hpc/informed_swapping/BARK.py:156: UserWarning: Exited at iteration 50 with accuracies 
[1.17777835e-09]
not reaching the requested tolerance 1e-09.
Use iteration 51 instead with accuracy 
1.1777783522957926e-09.

  values, vectors = lobpcg(projected_hamiltonian, guess, largest=False,
/home/erosanow_hpc/informed_swapping/BARK.py:156: UserWarning: Exited postprocessing with accuracies 
[1.17777821e-09]
not reaching the requested tolerance 1e-09.
  values, vectors = lobpcg(projected_hamiltonian, guess, largest=False,
/home/erosanow_hpc/informed_swapping/BARK.py:156: UserWarning: Exited at iteration 50 with accuracies 
[1.39494729e-09]
not reaching the requested tolerance 1e-09.
Use iteration 51 instead with accuracy 
1.394947288712432e-09.

  values, vectors = lobpcg(projected_hamiltonian, guess, largest=False,
/home/erosanow_hpc/informed_swapping/BARK.py:156: UserWarning: Exited postprocessing with accuracies 
[1.39494748e-09]
not reaching the requested tolerance 1e-09.
  values, vectors = lobpcg(projected_hamiltonian, guess, largest=False,
/home/erosanow_hpc/informed_swapping/BARK.py:156: UserWarning: Exited at iteration 50 with accuracies 
[2.63276334e-09]
not reaching the requested tolerance 1e-09.
Use iteration 51 instead with accuracy 
2.632763338748327e-09.

  values, vectors = lobpcg(projected_hamiltonian, guess, largest=False,
/home/erosanow_hpc/informed_swapping/BARK.py:156: UserWarning: Exited postprocessing with accuracies 
[2.63276343e-09]
not reaching the requested tolerance 1e-09.
  values, vectors = lobpcg(projected_hamiltonian, guess, largest=False,
/home/erosanow_hpc/informed_swapping/BARK.py:156: UserWarning: Exited at iteration 50 with accuracies 
[3.62151455e-09]
not reaching the requested tolerance 1e-09.
Use iteration 51 instead with accuracy 
3.6215145540702217e-09.

  values, vectors = lobpcg(projected_hamiltonian, guess, largest=False,
/home/erosanow_hpc/informed_swapping/BARK.py:156: UserWarning: Exited postprocessing with accuracies 
[3.62151469e-09]
not reaching the requested tolerance 1e-09.
  values, vectors = lobpcg(projected_hamiltonian, guess, largest=False,
/home/erosanow_hpc/informed_swapping/BARK.py:156: UserWarning: Exited at iteration 50 with accuracies 
[1.71829859e-09]
not reaching the requested tolerance 1e-09.
Use iteration 51 instead with accuracy 
1.7182985856061178e-09.

  values, vectors = lobpcg(projected_hamiltonian, guess, largest=False,
/home/erosanow_hpc/informed_swapping/BARK.py:156: UserWarning: Exited postprocessing with accuracies 
[1.71829862e-09]
not reaching the requested tolerance 1e-09.
  values, vectors = lobpcg(projected_hamiltonian, guess, largest=False,
/home/erosanow_hpc/informed_swapping/BARK.py:156: UserWarning: Exited at iteration 50 with accuracies 
[2.61504777e-09]
not reaching the requested tolerance 1e-09.
Use iteration 51 instead with accuracy 
2.6150477672138425e-09.

  values, vectors = lobpcg(projected_hamiltonian, guess, largest=False,
/home/erosanow_hpc/informed_swapping/BARK.py:156: UserWarning: Exited postprocessing with accuracies 
[2.61504764e-09]
not reaching the requested tolerance 1e-09.
  values, vectors = lobpcg(projected_hamiltonian, guess, largest=False,
/home/erosanow_hpc/informed_swapping/BARK.py:156: UserWarning: Exited at iteration 50 with accuracies 
[1.61739154e-09]
not reaching the requested tolerance 1e-09.
Use iteration 51 instead with accuracy 
1.6173915431769902e-09.

  values, vectors = lobpcg(projected_hamiltonian, guess, largest=False,
/home/erosanow_hpc/informed_swapping/BARK.py:156: UserWarning: Exited postprocessing with accuracies 
[1.61739162e-09]
not reaching the requested tolerance 1e-09.
  values, vectors = lobpcg(projected_hamiltonian, guess, largest=False,
/home/erosanow_hpc/informed_swapping/BARK.py:156: UserWarning: Exited at iteration 50 with accuracies 
[2.30415924e-09]
not reaching the requested tolerance 1e-09.
Use iteration 51 instead with accuracy 
2.3041592405725136e-09.

  values, vectors = lobpcg(projected_hamiltonian, guess, largest=False,
/home/erosanow_hpc/informed_swapping/BARK.py:156: UserWarning: Exited postprocessing with accuracies 
[2.30415952e-09]
not reaching the requested tolerance 1e-09.
  values, vectors = lobpcg(projected_hamiltonian, guess, largest=False,
/home/erosanow_hpc/informed_swapping/BARK.py:156: UserWarning: Exited at iteration 50 with accuracies 
[1.64401149e-09]
not reaching the requested tolerance 1e-09.
Use iteration 51 instead with accuracy 
1.6440114891316796e-09.

  values, vectors = lobpcg(projected_hamiltonian, guess, largest=False,
/home/erosanow_hpc/informed_swapping/BARK.py:156: UserWarning: Exited postprocessing with accuracies 
[1.6440116e-09]
not reaching the requested tolerance 1e-09.
  values, vectors = lobpcg(projected_hamiltonian, guess, largest=False,
/home/erosanow_hpc/informed_swapping/BARK.py:156: UserWarning: Exited at iteration 50 with accuracies 
[2.70161304e-09]
not reaching the requested tolerance 1e-09.
Use iteration 51 instead with accuracy 
2.7016130368855687e-09.

  values, vectors = lobpcg(projected_hamiltonian, guess, largest=False,
/home/erosanow_hpc/informed_swapping/BARK.py:156: UserWarning: Exited postprocessing with accuracies 
[2.70161328e-09]
not reaching the requested tolerance 1e-09.
  values, vectors = lobpcg(projected_hamiltonian, guess, largest=False,
/home/erosanow_hpc/informed_swapping/BARK.py:156: UserWarning: Exited at iteration 50 with accuracies 
[4.8790149e-09]
not reaching the requested tolerance 1e-09.
Use iteration 51 instead with accuracy 
4.879014897458718e-09.

  values, vectors = lobpcg(projected_hamiltonian, guess, largest=False,
/home/erosanow_hpc/informed_swapping/BARK.py:156: UserWarning: Exited postprocessing with accuracies 
[4.87901527e-09]
not reaching the requested tolerance 1e-09.
  values, vectors = lobpcg(projected_hamiltonian, guess, largest=False,
/home/erosanow_hpc/informed_swapping/BARK.py:156: UserWarning: Exited at iteration 50 with accuracies 
[6.86388583e-09]
not reaching the requested tolerance 1e-09.
Use iteration 51 instead with accuracy 
6.863885827361975e-09.

  values, vectors = lobpcg(projected_hamiltonian, guess, largest=False,
/home/erosanow_hpc/informed_swapping/BARK.py:156: UserWarning: Exited postprocessing with accuracies 
[6.86388563e-09]
not reaching the requested tolerance 1e-09.
  values, vectors = lobpcg(projected_hamiltonian, guess, largest=False,
/home/erosanow_hpc/informed_swapping/BARK.py:156: UserWarning: Exited at iteration 50 with accuracies 
[1.78585893e-09]
not reaching the requested tolerance 1e-09.
Use iteration 51 instead with accuracy 
1.7858589290007293e-09.

  values, vectors = lobpcg(projected_hamiltonian, guess, largest=False,
/home/erosanow_hpc/informed_swapping/BARK.py:156: UserWarning: Exited postprocessing with accuracies 
[1.78585858e-09]
not reaching the requested tolerance 1e-09.
  values, vectors = lobpcg(projected_hamiltonian, guess, largest=False,
/home/erosanow_hpc/informed_swapping/BARK.py:156: UserWarning: Exited at iteration 50 with accuracies 
[1.90196256e-09]
not reaching the requested tolerance 1e-09.
Use iteration 51 instead with accuracy 
1.901962559158028e-09.

  values, vectors = lobpcg(projected_hamiltonian, guess, largest=False,
/home/erosanow_hpc/informed_swapping/BARK.py:156: UserWarning: Exited postprocessing with accuracies 
[1.90196265e-09]
not reaching the requested tolerance 1e-09.
  values, vectors = lobpcg(projected_hamiltonian, guess, largest=False,
/home/erosanow_hpc/informed_swapping/BARK.py:156: UserWarning: Exited at iteration 50 with accuracies 
[2.55455475e-09]
not reaching the requested tolerance 1e-09.
Use iteration 51 instead with accuracy 
2.5545547458471413e-09.

  values, vectors = lobpcg(projected_hamiltonian, guess, largest=False,
/home/erosanow_hpc/informed_swapping/BARK.py:156: UserWarning: Exited postprocessing with accuracies 
[2.55455489e-09]
not reaching the requested tolerance 1e-09.
  values, vectors = lobpcg(projected_hamiltonian, guess, largest=False,
/home/erosanow_hpc/informed_swapping/BARK.py:156: UserWarning: Exited at iteration 50 with accuracies 
[1.14111591e-09]
not reaching the requested tolerance 1e-09.
Use iteration 51 instead with accuracy 
1.1411159070373737e-09.

  values, vectors = lobpcg(projected_hamiltonian, guess, largest=False,
/home/erosanow_hpc/informed_swapping/BARK.py:156: UserWarning: Exited postprocessing with accuracies 
[1.14111601e-09]
not reaching the requested tolerance 1e-09.
  values, vectors = lobpcg(projected_hamiltonian, guess, largest=False,
/home/erosanow_hpc/informed_swapping/BARK.py:156: UserWarning: Exited at iteration 50 with accuracies 
[1.84503415e-09]
not reaching the requested tolerance 1e-09.
Use iteration 51 instead with accuracy 
1.8450341498612447e-09.

  values, vectors = lobpcg(projected_hamiltonian, guess, largest=False,
/home/erosanow_hpc/informed_swapping/BARK.py:156: UserWarning: Exited postprocessing with accuracies 
[1.84503412e-09]
not reaching the requested tolerance 1e-09.
  values, vectors = lobpcg(projected_hamiltonian, guess, largest=False,
/home/erosanow_hpc/informed_swapping/BARK.py:156: UserWarning: Exited at iteration 50 with accuracies 
[1.89398314e-09]
not reaching the requested tolerance 1e-09.
Use iteration 51 instead with accuracy 
1.8939831435654405e-09.

  values, vectors = lobpcg(projected_hamiltonian, guess, largest=False,
/home/erosanow_hpc/informed_swapping/BARK.py:156: UserWarning: Exited postprocessing with accuracies 
[1.89398315e-09]
not reaching the requested tolerance 1e-09.
  values, vectors = lobpcg(projected_hamiltonian, guess, largest=False,
/home/erosanow_hpc/informed_swapping/BARK.py:156: UserWarning: Exited at iteration 50 with accuracies 
[2.68165483e-09]
not reaching the requested tolerance 1e-09.
Use iteration 51 instead with accuracy 
2.681654825061709e-09.

  values, vectors = lobpcg(projected_hamiltonian, guess, largest=False,
/home/erosanow_hpc/informed_swapping/BARK.py:156: UserWarning: Exited postprocessing with accuracies 
[2.68165492e-09]
not reaching the requested tolerance 1e-09.
  values, vectors = lobpcg(projected_hamiltonian, guess, largest=False,
/home/erosanow_hpc/informed_swapping/BARK.py:156: UserWarning: Exited at iteration 50 with accuracies 
[1.26250005e-09]
not reaching the requested tolerance 1e-09.
Use iteration 51 instead with accuracy 
1.262500053880367e-09.

  values, vectors = lobpcg(projected_hamiltonian, guess, largest=False,
/home/erosanow_hpc/informed_swapping/BARK.py:156: UserWarning: Exited postprocessing with accuracies 
[1.26249987e-09]
not reaching the requested tolerance 1e-09.
  values, vectors = lobpcg(projected_hamiltonian, guess, largest=False,
/home/erosanow_hpc/informed_swapping/BARK.py:156: UserWarning: Exited at iteration 50 with accuracies 
[1.97374754e-09]
not reaching the requested tolerance 1e-09.
Use iteration 51 instead with accuracy 
1.973747538160338e-09.

  values, vectors = lobpcg(projected_hamiltonian, guess, largest=False,
/home/erosanow_hpc/informed_swapping/BARK.py:156: UserWarning: Exited postprocessing with accuracies 
[1.9737476e-09]
not reaching the requested tolerance 1e-09.
  values, vectors = lobpcg(projected_hamiltonian, guess, largest=False,
/home/erosanow_hpc/informed_swapping/BARK.py:156: UserWarning: Exited at iteration 50 with accuracies 
[3.61202652e-09]
not reaching the requested tolerance 1e-09.
Use iteration 51 instead with accuracy 
3.6120265228942985e-09.

  values, vectors = lobpcg(projected_hamiltonian, guess, largest=False,
/home/erosanow_hpc/informed_swapping/BARK.py:156: UserWarning: Exited postprocessing with accuracies 
[3.6120265e-09]
not reaching the requested tolerance 1e-09.
  values, vectors = lobpcg(projected_hamiltonian, guess, largest=False,
/home/erosanow_hpc/informed_swapping/BARK.py:156: UserWarning: Exited at iteration 50 with accuracies 
[4.99552553e-09]
not reaching the requested tolerance 1e-09.
Use iteration 51 instead with accuracy 
4.99552553344559e-09.

  values, vectors = lobpcg(projected_hamiltonian, guess, largest=False,
/home/erosanow_hpc/informed_swapping/BARK.py:156: UserWarning: Exited postprocessing with accuracies 
[4.99552524e-09]
not reaching the requested tolerance 1e-09.
  values, vectors = lobpcg(projected_hamiltonian, guess, largest=False,
/home/erosanow_hpc/informed_swapping/BARK.py:156: UserWarning: Exited at iteration 50 with accuracies 
[3.7935786e-09]
not reaching the requested tolerance 1e-09.
Use iteration 51 instead with accuracy 
3.793578599051434e-09.

  values, vectors = lobpcg(projected_hamiltonian, guess, largest=False,
/home/erosanow_hpc/informed_swapping/BARK.py:156: UserWarning: Exited postprocessing with accuracies 
[3.79357849e-09]
not reaching the requested tolerance 1e-09.
  values, vectors = lobpcg(projected_hamiltonian, guess, largest=False,
/home/erosanow_hpc/informed_swapping/BARK.py:156: UserWarning: Exited at iteration 50 with accuracies 
[5.99984775e-09]
not reaching the requested tolerance 1e-09.
Use iteration 51 instead with accuracy 
5.99984774658895e-09.

  values, vectors = lobpcg(projected_hamiltonian, guess, largest=False,
/home/erosanow_hpc/informed_swapping/BARK.py:156: UserWarning: Exited postprocessing with accuracies 
[5.99984803e-09]
not reaching the requested tolerance 1e-09.
  values, vectors = lobpcg(projected_hamiltonian, guess, largest=False,
/home/erosanow_hpc/informed_swapping/BARK.py:156: UserWarning: Exited at iteration 50 with accuracies 
[4.07651362e-09]
not reaching the requested tolerance 1e-09.
Use iteration 51 instead with accuracy 
4.076513620163177e-09.

  values, vectors = lobpcg(projected_hamiltonian, guess, largest=False,
/home/erosanow_hpc/informed_swapping/BARK.py:156: UserWarning: Exited postprocessing with accuracies 
[4.07651389e-09]
not reaching the requested tolerance 1e-09.
  values, vectors = lobpcg(projected_hamiltonian, guess, largest=False,
/home/erosanow_hpc/informed_swapping/BARK.py:156: UserWarning: Exited at iteration 50 with accuracies 
[5.99743599e-09]
not reaching the requested tolerance 1e-09.
Use iteration 51 instead with accuracy 
5.997435992027773e-09.

  values, vectors = lobpcg(projected_hamiltonian, guess, largest=False,
/home/erosanow_hpc/informed_swapping/BARK.py:156: UserWarning: Exited postprocessing with accuracies 
[5.99743593e-09]
not reaching the requested tolerance 1e-09.
  values, vectors = lobpcg(projected_hamiltonian, guess, largest=False,
/home/erosanow_hpc/informed_swapping/BARK.py:156: UserWarning: Exited at iteration 50 with accuracies 
[2.41763555e-09]
not reaching the requested tolerance 1e-09.
Use iteration 51 instead with accuracy 
2.4176355502056323e-09.

  values, vectors = lobpcg(projected_hamiltonian, guess, largest=False,
/home/erosanow_hpc/informed_swapping/BARK.py:156: UserWarning: Exited postprocessing with accuracies 
[2.4176355e-09]
not reaching the requested tolerance 1e-09.
  values, vectors = lobpcg(projected_hamiltonian, guess, largest=False,
/home/erosanow_hpc/informed_swapping/BARK.py:156: UserWarning: Exited at iteration 50 with accuracies 
[3.64927161e-09]
not reaching the requested tolerance 1e-09.
Use iteration 51 instead with accuracy 
3.6492716071536633e-09.

  values, vectors = lobpcg(projected_hamiltonian, guess, largest=False,
/home/erosanow_hpc/informed_swapping/BARK.py:156: UserWarning: Exited postprocessing with accuracies 
[3.64927178e-09]
not reaching the requested tolerance 1e-09.
  values, vectors = lobpcg(projected_hamiltonian, guess, largest=False,
/home/erosanow_hpc/informed_swapping/BARK.py:156: UserWarning: Exited at iteration 50 with accuracies 
[2.50900611e-09]
not reaching the requested tolerance 1e-09.
Use iteration 51 instead with accuracy 
2.50900611242913e-09.

  values, vectors = lobpcg(projected_hamiltonian, guess, largest=False,
/home/erosanow_hpc/informed_swapping/BARK.py:156: UserWarning: Exited postprocessing with accuracies 
[2.50900644e-09]
not reaching the requested tolerance 1e-09.
  values, vectors = lobpcg(projected_hamiltonian, guess, largest=False,
/home/erosanow_hpc/informed_swapping/BARK.py:156: UserWarning: Exited at iteration 50 with accuracies 
[3.55233377e-09]
not reaching the requested tolerance 1e-09.
Use iteration 51 instead with accuracy 
3.5523337718290654e-09.

  values, vectors = lobpcg(projected_hamiltonian, guess, largest=False,
/home/erosanow_hpc/informed_swapping/BARK.py:156: UserWarning: Exited postprocessing with accuracies 
[3.55233362e-09]
not reaching the requested tolerance 1e-09.
  values, vectors = lobpcg(projected_hamiltonian, guess, largest=False,
/home/erosanow_hpc/informed_swapping/BARK.py:156: UserWarning: Exited at iteration 50 with accuracies 
[2.54645998e-09]
not reaching the requested tolerance 1e-09.
Use iteration 51 instead with accuracy 
2.5464599845045657e-09.

  values, vectors = lobpcg(projected_hamiltonian, guess, largest=False,
/home/erosanow_hpc/informed_swapping/BARK.py:156: UserWarning: Exited postprocessing with accuracies 
[2.54646006e-09]
not reaching the requested tolerance 1e-09.
  values, vectors = lobpcg(projected_hamiltonian, guess, largest=False,
/home/erosanow_hpc/informed_swapping/BARK.py:156: UserWarning: Exited at iteration 50 with accuracies 
[4.15138511e-09]
not reaching the requested tolerance 1e-09.
Use iteration 51 instead with accuracy 
4.151385107820677e-09.

  values, vectors = lobpcg(projected_hamiltonian, guess, largest=False,
/home/erosanow_hpc/informed_swapping/BARK.py:156: UserWarning: Exited postprocessing with accuracies 
[4.1513852e-09]
not reaching the requested tolerance 1e-09.
  values, vectors = lobpcg(projected_hamiltonian, guess, largest=False,
/home/erosanow_hpc/informed_swapping/BARK.py:156: UserWarning: Exited at iteration 50 with accuracies 
[6.69998373e-09]
not reaching the requested tolerance 1e-09.
Use iteration 51 instead with accuracy 
6.699983732672803e-09.

  values, vectors = lobpcg(projected_hamiltonian, guess, largest=False,
/home/erosanow_hpc/informed_swapping/BARK.py:156: UserWarning: Exited postprocessing with accuracies 
[6.69998374e-09]
not reaching the requested tolerance 1e-09.
  values, vectors = lobpcg(projected_hamiltonian, guess, largest=False,
/home/erosanow_hpc/informed_swapping/BARK.py:156: UserWarning: Exited at iteration 50 with accuracies 
[9.36233881e-09]
not reaching the requested tolerance 1e-09.
Use iteration 51 instead with accuracy 
9.362338806892468e-09.

  values, vectors = lobpcg(projected_hamiltonian, guess, largest=False,
/home/erosanow_hpc/informed_swapping/BARK.py:156: UserWarning: Exited postprocessing with accuracies 
[9.3623385e-09]
not reaching the requested tolerance 1e-09.
  values, vectors = lobpcg(projected_hamiltonian, guess, largest=False,
/home/erosanow_hpc/informed_swapping/BARK.py:156: UserWarning: Exited at iteration 50 with accuracies 
[4.43053897e-09]
not reaching the requested tolerance 1e-09.
Use iteration 51 instead with accuracy 
4.430538970880146e-09.

  values, vectors = lobpcg(projected_hamiltonian, guess, largest=False,
/home/erosanow_hpc/informed_swapping/BARK.py:156: UserWarning: Exited postprocessing with accuracies 
[4.43053878e-09]
not reaching the requested tolerance 1e-09.
  values, vectors = lobpcg(projected_hamiltonian, guess, largest=False,
/home/erosanow_hpc/informed_swapping/BARK.py:156: UserWarning: Exited at iteration 50 with accuracies 
[6.82248216e-09]
not reaching the requested tolerance 1e-09.
Use iteration 51 instead with accuracy 
6.822482158551715e-09.

  values, vectors = lobpcg(projected_hamiltonian, guess, largest=False,
/home/erosanow_hpc/informed_swapping/BARK.py:156: UserWarning: Exited postprocessing with accuracies 
[6.82248203e-09]
not reaching the requested tolerance 1e-09.
  values, vectors = lobpcg(projected_hamiltonian, guess, largest=False,
/home/erosanow_hpc/informed_swapping/BARK.py:156: UserWarning: Exited at iteration 50 with accuracies 
[4.85306832e-09]
not reaching the requested tolerance 1e-09.
Use iteration 51 instead with accuracy 
4.853068320752382e-09.

  values, vectors = lobpcg(projected_hamiltonian, guess, largest=False,
/home/erosanow_hpc/informed_swapping/BARK.py:156: UserWarning: Exited postprocessing with accuracies 
[4.85306843e-09]
not reaching the requested tolerance 1e-09.
  values, vectors = lobpcg(projected_hamiltonian, guess, largest=False,
/home/erosanow_hpc/informed_swapping/BARK.py:156: UserWarning: Exited at iteration 50 with accuracies 
[6.89606673e-09]
not reaching the requested tolerance 1e-09.
Use iteration 51 instead with accuracy 
6.896066733227107e-09.

  values, vectors = lobpcg(projected_hamiltonian, guess, largest=False,
/home/erosanow_hpc/informed_swapping/BARK.py:156: UserWarning: Exited postprocessing with accuracies 
[6.89606658e-09]
not reaching the requested tolerance 1e-09.
  values, vectors = lobpcg(projected_hamiltonian, guess, largest=False,
/home/erosanow_hpc/informed_swapping/BARK.py:156: UserWarning: Exited at iteration 50 with accuracies 
[5.29300402e-09]
not reaching the requested tolerance 1e-09.
Use iteration 51 instead with accuracy 
5.2930040214585725e-09.

  values, vectors = lobpcg(projected_hamiltonian, guess, largest=False,
/home/erosanow_hpc/informed_swapping/BARK.py:156: UserWarning: Exited postprocessing with accuracies 
[5.29300381e-09]
not reaching the requested tolerance 1e-09.
  values, vectors = lobpcg(projected_hamiltonian, guess, largest=False,
/home/erosanow_hpc/informed_swapping/BARK.py:156: UserWarning: Exited at iteration 50 with accuracies 
[8.9302733e-09]
not reaching the requested tolerance 1e-09.
Use iteration 51 instead with accuracy 
8.930273301526336e-09.

  values, vectors = lobpcg(projected_hamiltonian, guess, largest=False,
/home/erosanow_hpc/informed_swapping/BARK.py:156: UserWarning: Exited postprocessing with accuracies 
[8.93027335e-09]
not reaching the requested tolerance 1e-09.
  values, vectors = lobpcg(projected_hamiltonian, guess, largest=False,
/home/erosanow_hpc/informed_swapping/BARK.py:156: UserWarning: Exited at iteration 50 with accuracies 
[1.46699458e-08]
not reaching the requested tolerance 1e-09.
Use iteration 51 instead with accuracy 
1.4669945797251017e-08.

  values, vectors = lobpcg(projected_hamiltonian, guess, largest=False,
/home/erosanow_hpc/informed_swapping/BARK.py:156: UserWarning: Exited postprocessing with accuracies 
[1.46699458e-08]
not reaching the requested tolerance 1e-09.
  values, vectors = lobpcg(projected_hamiltonian, guess, largest=False,
/home/erosanow_hpc/informed_swapping/BARK.py:156: UserWarning: Exited at iteration 50 with accuracies 
[2.15384811e-08]
not reaching the requested tolerance 1e-09.
Use iteration 51 instead with accuracy 
2.1538481063000635e-08.

  values, vectors = lobpcg(projected_hamiltonian, guess, largest=False,
/home/erosanow_hpc/informed_swapping/BARK.py:156: UserWarning: Exited postprocessing with accuracies 
[2.15384814e-08]
not reaching the requested tolerance 1e-09.
  values, vectors = lobpcg(projected_hamiltonian, guess, largest=False,
/home/erosanow_hpc/informed_swapping/BARK.py:156: UserWarning: Exited at iteration 50 with accuracies 
[2.17368865e-09]
not reaching the requested tolerance 1e-09.
Use iteration 51 instead with accuracy 
2.173688652159442e-09.

  values, vectors = lobpcg(projected_hamiltonian, guess, largest=False,
/home/erosanow_hpc/informed_swapping/BARK.py:156: UserWarning: Exited postprocessing with accuracies 
[2.1736885e-09]
not reaching the requested tolerance 1e-09.
  values, vectors = lobpcg(projected_hamiltonian, guess, largest=False,
/home/erosanow_hpc/informed_swapping/BARK.py:156: UserWarning: Exited at iteration 50 with accuracies 
[3.2890932e-09]
not reaching the requested tolerance 1e-09.
Use iteration 51 instead with accuracy 
3.289093198939593e-09.

  values, vectors = lobpcg(projected_hamiltonian, guess, largest=False,
/home/erosanow_hpc/informed_swapping/BARK.py:156: UserWarning: Exited postprocessing with accuracies 
[3.28909334e-09]
not reaching the requested tolerance 1e-09.
  values, vectors = lobpcg(projected_hamiltonian, guess, largest=False,
/home/erosanow_hpc/informed_swapping/BARK.py:156: UserWarning: Exited at iteration 50 with accuracies 
[1.96536178e-09]
not reaching the requested tolerance 1e-09.
Use iteration 51 instead with accuracy 
1.965361779321971e-09.

  values, vectors = lobpcg(projected_hamiltonian, guess, largest=False,
/home/erosanow_hpc/informed_swapping/BARK.py:156: UserWarning: Exited postprocessing with accuracies 
[1.96536178e-09]
not reaching the requested tolerance 1e-09.
  values, vectors = lobpcg(projected_hamiltonian, guess, largest=False,
/home/erosanow_hpc/informed_swapping/BARK.py:156: UserWarning: Exited at iteration 50 with accuracies 
[2.76120963e-09]
not reaching the requested tolerance 1e-09.
Use iteration 51 instead with accuracy 
2.761209626173658e-09.

  values, vectors = lobpcg(projected_hamiltonian, guess, largest=False,
/home/erosanow_hpc/informed_swapping/BARK.py:156: UserWarning: Exited postprocessing with accuracies 
[2.76120973e-09]
not reaching the requested tolerance 1e-09.
  values, vectors = lobpcg(projected_hamiltonian, guess, largest=False,
/home/erosanow_hpc/informed_swapping/BARK.py:156: UserWarning: Exited at iteration 50 with accuracies 
[1.94114453e-09]
not reaching the requested tolerance 1e-09.
Use iteration 51 instead with accuracy 
1.9411445341163463e-09.

  values, vectors = lobpcg(projected_hamiltonian, guess, largest=False,
/home/erosanow_hpc/informed_swapping/BARK.py:156: UserWarning: Exited postprocessing with accuracies 
[1.94114455e-09]
not reaching the requested tolerance 1e-09.
  values, vectors = lobpcg(projected_hamiltonian, guess, largest=False,
/home/erosanow_hpc/informed_swapping/BARK.py:156: UserWarning: Exited at iteration 50 with accuracies 
[3.12757567e-09]
not reaching the requested tolerance 1e-09.
Use iteration 51 instead with accuracy 
3.127575669857825e-09.

  values, vectors = lobpcg(projected_hamiltonian, guess, largest=False,
/home/erosanow_hpc/informed_swapping/BARK.py:156: UserWarning: Exited postprocessing with accuracies 
[3.12757567e-09]
not reaching the requested tolerance 1e-09.
  values, vectors = lobpcg(projected_hamiltonian, guess, largest=False,
/home/erosanow_hpc/informed_swapping/BARK.py:156: UserWarning: Exited at iteration 50 with accuracies 
[5.84494955e-09]
not reaching the requested tolerance 1e-09.
Use iteration 51 instead with accuracy 
5.844949548324884e-09.

  values, vectors = lobpcg(projected_hamiltonian, guess, largest=False,
/home/erosanow_hpc/informed_swapping/BARK.py:156: UserWarning: Exited postprocessing with accuracies 
[5.84494967e-09]
not reaching the requested tolerance 1e-09.
  values, vectors = lobpcg(projected_hamiltonian, guess, largest=False,
/home/erosanow_hpc/informed_swapping/BARK.py:156: UserWarning: Exited at iteration 50 with accuracies 
[8.09426051e-09]
not reaching the requested tolerance 1e-09.
Use iteration 51 instead with accuracy 
8.094260507853595e-09.

  values, vectors = lobpcg(projected_hamiltonian, guess, largest=False,
/home/erosanow_hpc/informed_swapping/BARK.py:156: UserWarning: Exited postprocessing with accuracies 
[8.09426061e-09]
not reaching the requested tolerance 1e-09.
  values, vectors = lobpcg(projected_hamiltonian, guess, largest=False,
/home/erosanow_hpc/informed_swapping/BARK.py:156: UserWarning: Exited at iteration 50 with accuracies 
[4.23586697e-09]
not reaching the requested tolerance 1e-09.
Use iteration 51 instead with accuracy 
4.2358669721635125e-09.

  values, vectors = lobpcg(projected_hamiltonian, guess, largest=False,
/home/erosanow_hpc/informed_swapping/BARK.py:156: UserWarning: Exited postprocessing with accuracies 
[4.23586667e-09]
not reaching the requested tolerance 1e-09.
  values, vectors = lobpcg(projected_hamiltonian, guess, largest=False,
/home/erosanow_hpc/informed_swapping/BARK.py:156: UserWarning: Exited at iteration 50 with accuracies 
[6.53791371e-09]
not reaching the requested tolerance 1e-09.
Use iteration 51 instead with accuracy 
6.5379137071015864e-09.

  values, vectors = lobpcg(projected_hamiltonian, guess, largest=False,
/home/erosanow_hpc/informed_swapping/BARK.py:156: UserWarning: Exited postprocessing with accuracies 
[6.53791386e-09]
not reaching the requested tolerance 1e-09.
  values, vectors = lobpcg(projected_hamiltonian, guess, largest=False,
/home/erosanow_hpc/informed_swapping/BARK.py:156: UserWarning: Exited at iteration 50 with accuracies 
[4.20550851e-09]
not reaching the requested tolerance 1e-09.
Use iteration 51 instead with accuracy 
4.20550850974157e-09.

  values, vectors = lobpcg(projected_hamiltonian, guess, largest=False,
/home/erosanow_hpc/informed_swapping/BARK.py:156: UserWarning: Exited postprocessing with accuracies 
[4.20550827e-09]
not reaching the requested tolerance 1e-09.
  values, vectors = lobpcg(projected_hamiltonian, guess, largest=False,
/home/erosanow_hpc/informed_swapping/BARK.py:156: UserWarning: Exited at iteration 50 with accuracies 
[6.09977469e-09]
not reaching the requested tolerance 1e-09.
Use iteration 51 instead with accuracy 
6.099774692092585e-09.

  values, vectors = lobpcg(projected_hamiltonian, guess, largest=False,
/home/erosanow_hpc/informed_swapping/BARK.py:156: UserWarning: Exited postprocessing with accuracies 
[6.09977454e-09]
not reaching the requested tolerance 1e-09.
  values, vectors = lobpcg(projected_hamiltonian, guess, largest=False,
/home/erosanow_hpc/informed_swapping/BARK.py:156: UserWarning: Exited at iteration 50 with accuracies 
[4.0426391e-09]
not reaching the requested tolerance 1e-09.
Use iteration 51 instead with accuracy 
4.042639095560981e-09.

  values, vectors = lobpcg(projected_hamiltonian, guess, largest=False,
/home/erosanow_hpc/informed_swapping/BARK.py:156: UserWarning: Exited postprocessing with accuracies 
[4.04263881e-09]
not reaching the requested tolerance 1e-09.
  values, vectors = lobpcg(projected_hamiltonian, guess, largest=False,
/home/erosanow_hpc/informed_swapping/BARK.py:156: UserWarning: Exited at iteration 50 with accuracies 
[6.62409294e-09]
not reaching the requested tolerance 1e-09.
Use iteration 51 instead with accuracy 
6.624092938913195e-09.

  values, vectors = lobpcg(projected_hamiltonian, guess, largest=False,
/home/erosanow_hpc/informed_swapping/BARK.py:156: UserWarning: Exited postprocessing with accuracies 
[6.6240931e-09]
not reaching the requested tolerance 1e-09.
  values, vectors = lobpcg(projected_hamiltonian, guess, largest=False,
/home/erosanow_hpc/informed_swapping/BARK.py:156: UserWarning: Exited at iteration 50 with accuracies 
[1.19239833e-08]
not reaching the requested tolerance 1e-09.
Use iteration 51 instead with accuracy 
1.1923983274666988e-08.

  values, vectors = lobpcg(projected_hamiltonian, guess, largest=False,
/home/erosanow_hpc/informed_swapping/BARK.py:156: UserWarning: Exited postprocessing with accuracies 
[1.19239832e-08]
not reaching the requested tolerance 1e-09.
  values, vectors = lobpcg(projected_hamiltonian, guess, largest=False,
/home/erosanow_hpc/informed_swapping/BARK.py:156: UserWarning: Exited at iteration 50 with accuracies 
[1.69833204e-08]
not reaching the requested tolerance 1e-09.
Use iteration 51 instead with accuracy 
1.6983320383587966e-08.

  values, vectors = lobpcg(projected_hamiltonian, guess, largest=False,
/home/erosanow_hpc/informed_swapping/BARK.py:156: UserWarning: Exited postprocessing with accuracies 
[1.69833204e-08]
not reaching the requested tolerance 1e-09.
  values, vectors = lobpcg(projected_hamiltonian, guess, largest=False,
/home/erosanow_hpc/informed_swapping/BARK.py:156: UserWarning: Exited at iteration 50 with accuracies 
[2.52412515e-09]
not reaching the requested tolerance 1e-09.
Use iteration 51 instead with accuracy 
2.524125148331516e-09.

  values, vectors = lobpcg(projected_hamiltonian, guess, largest=False,
/home/erosanow_hpc/informed_swapping/BARK.py:156: UserWarning: Exited postprocessing with accuracies 
[2.52412505e-09]
not reaching the requested tolerance 1e-09.
  values, vectors = lobpcg(projected_hamiltonian, guess, largest=False,
/home/erosanow_hpc/informed_swapping/BARK.py:156: UserWarning: Exited at iteration 50 with accuracies 
[4.10746443e-09]
not reaching the requested tolerance 1e-09.
Use iteration 51 instead with accuracy 
4.107464426188569e-09.

  values, vectors = lobpcg(projected_hamiltonian, guess, largest=False,
/home/erosanow_hpc/informed_swapping/BARK.py:156: UserWarning: Exited postprocessing with accuracies 
[4.10746445e-09]
not reaching the requested tolerance 1e-09.
  values, vectors = lobpcg(projected_hamiltonian, guess, largest=False,
/home/erosanow_hpc/informed_swapping/BARK.py:156: UserWarning: Exited at iteration 50 with accuracies 
[7.61955191e-09]
not reaching the requested tolerance 1e-09.
Use iteration 51 instead with accuracy 
7.619551913907286e-09.

  values, vectors = lobpcg(projected_hamiltonian, guess, largest=False,
/home/erosanow_hpc/informed_swapping/BARK.py:156: UserWarning: Exited postprocessing with accuracies 
[7.61955198e-09]
not reaching the requested tolerance 1e-09.
  values, vectors = lobpcg(projected_hamiltonian, guess, largest=False,
/home/erosanow_hpc/informed_swapping/BARK.py:156: UserWarning: Exited at iteration 50 with accuracies 
[1.05180859e-08]
not reaching the requested tolerance 1e-09.
Use iteration 51 instead with accuracy 
1.0518085936445207e-08.

  values, vectors = lobpcg(projected_hamiltonian, guess, largest=False,
/home/erosanow_hpc/informed_swapping/BARK.py:156: UserWarning: Exited postprocessing with accuracies 
[1.05180858e-08]
not reaching the requested tolerance 1e-09.
  values, vectors = lobpcg(projected_hamiltonian, guess, largest=False,
/home/erosanow_hpc/informed_swapping/BARK.py:156: UserWarning: Exited at iteration 50 with accuracies 
[7.99933377e-09]
not reaching the requested tolerance 1e-09.
Use iteration 51 instead with accuracy 
7.99933377407606e-09.

  values, vectors = lobpcg(projected_hamiltonian, guess, largest=False,
/home/erosanow_hpc/informed_swapping/BARK.py:156: UserWarning: Exited postprocessing with accuracies 
[7.99933364e-09]
not reaching the requested tolerance 1e-09.
  values, vectors = lobpcg(projected_hamiltonian, guess, largest=False,
/home/erosanow_hpc/informed_swapping/BARK.py:156: UserWarning: Exited at iteration 50 with accuracies 
[1.26834657e-08]
not reaching the requested tolerance 1e-09.
Use iteration 51 instead with accuracy 
1.2683465723219873e-08.

  values, vectors = lobpcg(projected_hamiltonian, guess, largest=False,
/home/erosanow_hpc/informed_swapping/BARK.py:156: UserWarning: Exited postprocessing with accuracies 
[1.26834654e-08]
not reaching the requested tolerance 1e-09.
  values, vectors = lobpcg(projected_hamiltonian, guess, largest=False,
/home/erosanow_hpc/informed_swapping/BARK.py:156: UserWarning: Exited at iteration 50 with accuracies 
[8.58924296e-09]
not reaching the requested tolerance 1e-09.
Use iteration 51 instead with accuracy 
8.589242958434918e-09.

  values, vectors = lobpcg(projected_hamiltonian, guess, largest=False,
/home/erosanow_hpc/informed_swapping/BARK.py:156: UserWarning: Exited postprocessing with accuracies 
[8.58924255e-09]
not reaching the requested tolerance 1e-09.
  values, vectors = lobpcg(projected_hamiltonian, guess, largest=False,
/home/erosanow_hpc/informed_swapping/BARK.py:156: UserWarning: Exited at iteration 50 with accuracies 
[1.27722921e-08]
not reaching the requested tolerance 1e-09.
Use iteration 51 instead with accuracy 
1.277229205443489e-08.

  values, vectors = lobpcg(projected_hamiltonian, guess, largest=False,
/home/erosanow_hpc/informed_swapping/BARK.py:156: UserWarning: Exited postprocessing with accuracies 
[1.27722919e-08]
not reaching the requested tolerance 1e-09.
  values, vectors = lobpcg(projected_hamiltonian, guess, largest=False,
/home/erosanow_hpc/informed_swapping/BARK.py:156: UserWarning: Exited at iteration 50 with accuracies 
[5.9048322e-09]
not reaching the requested tolerance 1e-09.
Use iteration 51 instead with accuracy 
5.90483220393095e-09.

  values, vectors = lobpcg(projected_hamiltonian, guess, largest=False,
/home/erosanow_hpc/informed_swapping/BARK.py:156: UserWarning: Exited postprocessing with accuracies 
[5.90483231e-09]
not reaching the requested tolerance 1e-09.
  values, vectors = lobpcg(projected_hamiltonian, guess, largest=False,
/home/erosanow_hpc/informed_swapping/BARK.py:156: UserWarning: Exited at iteration 50 with accuracies 
[9.66697764e-09]
not reaching the requested tolerance 1e-09.
Use iteration 51 instead with accuracy 
9.666977642195156e-09.

  values, vectors = lobpcg(projected_hamiltonian, guess, largest=False,
/home/erosanow_hpc/informed_swapping/BARK.py:156: UserWarning: Exited postprocessing with accuracies 
[9.66697826e-09]
not reaching the requested tolerance 1e-09.
  values, vectors = lobpcg(projected_hamiltonian, guess, largest=False,
/home/erosanow_hpc/informed_swapping/BARK.py:156: UserWarning: Exited at iteration 50 with accuracies 
[1.74335737e-08]
not reaching the requested tolerance 1e-09.
Use iteration 51 instead with accuracy 
1.7433573683317346e-08.

  values, vectors = lobpcg(projected_hamiltonian, guess, largest=False,
/home/erosanow_hpc/informed_swapping/BARK.py:156: UserWarning: Exited postprocessing with accuracies 
[1.74335738e-08]
not reaching the requested tolerance 1e-09.
  values, vectors = lobpcg(projected_hamiltonian, guess, largest=False,
/home/erosanow_hpc/informed_swapping/BARK.py:156: UserWarning: Exited at iteration 50 with accuracies 
[2.52944553e-08]
not reaching the requested tolerance 1e-09.
Use iteration 51 instead with accuracy 
2.529445529846208e-08.

  values, vectors = lobpcg(projected_hamiltonian, guess, largest=False,
/home/erosanow_hpc/informed_swapping/BARK.py:156: UserWarning: Exited postprocessing with accuracies 
[2.52944554e-08]
not reaching the requested tolerance 1e-09.
  values, vectors = lobpcg(projected_hamiltonian, guess, largest=False,
/home/erosanow_hpc/informed_swapping/BARK.py:156: UserWarning: Exited at iteration 50 with accuracies 
[1.872458e-08]
not reaching the requested tolerance 1e-09.
Use iteration 51 instead with accuracy 
1.8724580048714737e-08.

  values, vectors = lobpcg(projected_hamiltonian, guess, largest=False,
/home/erosanow_hpc/informed_swapping/BARK.py:156: UserWarning: Exited postprocessing with accuracies 
[1.872458e-08]
not reaching the requested tolerance 1e-09.
  values, vectors = lobpcg(projected_hamiltonian, guess, largest=False,
/home/erosanow_hpc/informed_swapping/BARK.py:156: UserWarning: Exited at iteration 50 with accuracies 
[3.12235664e-08]
not reaching the requested tolerance 1e-09.
Use iteration 51 instead with accuracy 
3.1223566417131595e-08.

  values, vectors = lobpcg(projected_hamiltonian, guess, largest=False,
/home/erosanow_hpc/informed_swapping/BARK.py:156: UserWarning: Exited postprocessing with accuracies 
[3.12235662e-08]
not reaching the requested tolerance 1e-09.
  values, vectors = lobpcg(projected_hamiltonian, guess, largest=False,
/home/erosanow_hpc/informed_swapping/BARK.py:156: UserWarning: Exited at iteration 50 with accuracies 
[2.43816026e-08]
not reaching the requested tolerance 1e-09.
Use iteration 51 instead with accuracy 
2.4381602647458037e-08.

  values, vectors = lobpcg(projected_hamiltonian, guess, largest=False,
/home/erosanow_hpc/informed_swapping/BARK.py:156: UserWarning: Exited postprocessing with accuracies 
[2.43816029e-08]
not reaching the requested tolerance 1e-09.
  values, vectors = lobpcg(projected_hamiltonian, guess, largest=False,
/home/erosanow_hpc/informed_swapping/BARK.py:156: UserWarning: Exited at iteration 50 with accuracies 
[4.32236123e-08]
not reaching the requested tolerance 1e-09.
Use iteration 51 instead with accuracy 
4.322361230772191e-08.

  values, vectors = lobpcg(projected_hamiltonian, guess, largest=False,
/home/erosanow_hpc/informed_swapping/BARK.py:156: UserWarning: Exited postprocessing with accuracies 
[4.32236124e-08]
not reaching the requested tolerance 1e-09.
  values, vectors = lobpcg(projected_hamiltonian, guess, largest=False,
/home/erosanow_hpc/informed_swapping/BARK.py:156: UserWarning: Exited at iteration 50 with accuracies 
[8.57122784e-09]
not reaching the requested tolerance 1e-09.
Use iteration 51 instead with accuracy 
8.571227835729265e-09.

  values, vectors = lobpcg(projected_hamiltonian, guess, largest=False,
/home/erosanow_hpc/informed_swapping/BARK.py:156: UserWarning: Exited postprocessing with accuracies 
[8.57122756e-09]
not reaching the requested tolerance 1e-09.
  values, vectors = lobpcg(projected_hamiltonian, guess, largest=False,
/home/erosanow_hpc/informed_swapping/BARK.py:156: UserWarning: Exited at iteration 50 with accuracies 
[1.33358215e-08]
not reaching the requested tolerance 1e-09.
Use iteration 51 instead with accuracy 
1.3335821523707692e-08.

  values, vectors = lobpcg(projected_hamiltonian, guess, largest=False,
/home/erosanow_hpc/informed_swapping/BARK.py:156: UserWarning: Exited postprocessing with accuracies 
[1.33358217e-08]
not reaching the requested tolerance 1e-09.
  values, vectors = lobpcg(projected_hamiltonian, guess, largest=False,
/home/erosanow_hpc/informed_swapping/BARK.py:156: UserWarning: Exited at iteration 50 with accuracies 
[1.46751711e-08]
not reaching the requested tolerance 1e-09.
Use iteration 51 instead with accuracy 
1.4675171074848082e-08.

  values, vectors = lobpcg(projected_hamiltonian, guess, largest=False,
/home/erosanow_hpc/informed_swapping/BARK.py:156: UserWarning: Exited postprocessing with accuracies 
[1.4675171e-08]
not reaching the requested tolerance 1e-09.
  values, vectors = lobpcg(projected_hamiltonian, guess, largest=False,
/home/erosanow_hpc/informed_swapping/BARK.py:156: UserWarning: Exited at iteration 50 with accuracies 
[2.04531704e-08]
not reaching the requested tolerance 1e-09.
Use iteration 51 instead with accuracy 
2.0453170435652026e-08.

  values, vectors = lobpcg(projected_hamiltonian, guess, largest=False,
/home/erosanow_hpc/informed_swapping/BARK.py:156: UserWarning: Exited postprocessing with accuracies 
[2.04531705e-08]
not reaching the requested tolerance 1e-09.
  values, vectors = lobpcg(projected_hamiltonian, guess, largest=False,
/home/erosanow_hpc/informed_swapping/BARK.py:156: UserWarning: Exited at iteration 50 with accuracies 
[1.02536733e-08]
not reaching the requested tolerance 1e-09.
Use iteration 51 instead with accuracy 
1.0253673270379899e-08.

  values, vectors = lobpcg(projected_hamiltonian, guess, largest=False,
/home/erosanow_hpc/informed_swapping/BARK.py:156: UserWarning: Exited postprocessing with accuracies 
[1.02536735e-08]
not reaching the requested tolerance 1e-09.
  values, vectors = lobpcg(projected_hamiltonian, guess, largest=False,
/home/erosanow_hpc/informed_swapping/BARK.py:156: UserWarning: Exited at iteration 50 with accuracies 
[1.74015087e-08]
not reaching the requested tolerance 1e-09.
Use iteration 51 instead with accuracy 
1.740150868159135e-08.

  values, vectors = lobpcg(projected_hamiltonian, guess, largest=False,
/home/erosanow_hpc/informed_swapping/BARK.py:156: UserWarning: Exited postprocessing with accuracies 
[1.74015086e-08]
not reaching the requested tolerance 1e-09.
  values, vectors = lobpcg(projected_hamiltonian, guess, largest=False,
/home/erosanow_hpc/informed_swapping/BARK.py:156: UserWarning: Exited at iteration 50 with accuracies 
[1.86594998e-08]
not reaching the requested tolerance 1e-09.
Use iteration 51 instead with accuracy 
1.8659499843996935e-08.

  values, vectors = lobpcg(projected_hamiltonian, guess, largest=False,
/home/erosanow_hpc/informed_swapping/BARK.py:156: UserWarning: Exited postprocessing with accuracies 
[1.86595001e-08]
not reaching the requested tolerance 1e-09.
  values, vectors = lobpcg(projected_hamiltonian, guess, largest=False,
/home/erosanow_hpc/informed_swapping/BARK.py:156: UserWarning: Exited at iteration 50 with accuracies 
[3.15283369e-08]
not reaching the requested tolerance 1e-09.
Use iteration 51 instead with accuracy 
3.152833694958036e-08.

  values, vectors = lobpcg(projected_hamiltonian, guess, largest=False,
/home/erosanow_hpc/informed_swapping/BARK.py:156: UserWarning: Exited postprocessing with accuracies 
[3.15283366e-08]
not reaching the requested tolerance 1e-09.
  values, vectors = lobpcg(projected_hamiltonian, guess, largest=False,
/home/erosanow_hpc/informed_swapping/BARK.py:156: UserWarning: Exited at iteration 50 with accuracies 
[1.19363669e-08]
not reaching the requested tolerance 1e-09.
Use iteration 51 instead with accuracy 
1.1936366854257612e-08.

  values, vectors = lobpcg(projected_hamiltonian, guess, largest=False,
/home/erosanow_hpc/informed_swapping/BARK.py:156: UserWarning: Exited postprocessing with accuracies 
[1.19363667e-08]
not reaching the requested tolerance 1e-09.
  values, vectors = lobpcg(projected_hamiltonian, guess, largest=False,
/home/erosanow_hpc/informed_swapping/BARK.py:156: UserWarning: Exited at iteration 50 with accuracies 
[2.03810547e-08]
not reaching the requested tolerance 1e-09.
Use iteration 51 instead with accuracy 
2.0381054671969934e-08.

  values, vectors = lobpcg(projected_hamiltonian, guess, largest=False,
/home/erosanow_hpc/informed_swapping/BARK.py:156: UserWarning: Exited postprocessing with accuracies 
[2.03810546e-08]
not reaching the requested tolerance 1e-09.
  values, vectors = lobpcg(projected_hamiltonian, guess, largest=False,
/home/erosanow_hpc/informed_swapping/BARK.py:156: UserWarning: Exited at iteration 50 with accuracies 
[2.43510371e-08]
not reaching the requested tolerance 1e-09.
Use iteration 51 instead with accuracy 
2.4351037090036227e-08.

  values, vectors = lobpcg(projected_hamiltonian, guess, largest=False,
/home/erosanow_hpc/informed_swapping/BARK.py:156: UserWarning: Exited postprocessing with accuracies 
[2.43510372e-08]
not reaching the requested tolerance 1e-09.
  values, vectors = lobpcg(projected_hamiltonian, guess, largest=False,
/home/erosanow_hpc/informed_swapping/BARK.py:156: UserWarning: Exited at iteration 50 with accuracies 
[3.95587786e-08]
not reaching the requested tolerance 1e-09.
Use iteration 51 instead with accuracy 
3.955877860028096e-08.

  values, vectors = lobpcg(projected_hamiltonian, guess, largest=False,
/home/erosanow_hpc/informed_swapping/BARK.py:156: UserWarning: Exited postprocessing with accuracies 
[3.95587789e-08]
not reaching the requested tolerance 1e-09.
  values, vectors = lobpcg(projected_hamiltonian, guess, largest=False,
/home/erosanow_hpc/informed_swapping/BARK.py:156: UserWarning: Exited at iteration 50 with accuracies 
[4.02027445e-08]
not reaching the requested tolerance 1e-09.
Use iteration 51 instead with accuracy 
4.020274450418903e-08.

  values, vectors = lobpcg(projected_hamiltonian, guess, largest=False,
/home/erosanow_hpc/informed_swapping/BARK.py:156: UserWarning: Exited postprocessing with accuracies 
[4.02027444e-08]
not reaching the requested tolerance 1e-09.
  values, vectors = lobpcg(projected_hamiltonian, guess, largest=False,
/home/erosanow_hpc/informed_swapping/BARK.py:156: UserWarning: Exited at iteration 50 with accuracies 
[7.31487473e-08]
not reaching the requested tolerance 1e-09.
Use iteration 51 instead with accuracy 
7.314874728762402e-08.

  values, vectors = lobpcg(projected_hamiltonian, guess, largest=False,
/home/erosanow_hpc/informed_swapping/BARK.py:156: UserWarning: Exited postprocessing with accuracies 
[7.31487472e-08]
not reaching the requested tolerance 1e-09.
  values, vectors = lobpcg(projected_hamiltonian, guess, largest=False,
/home/erosanow_hpc/informed_swapping/BARK.py:156: UserWarning: Exited at iteration 50 with accuracies 
[8.75041166e-08]
not reaching the requested tolerance 1e-09.
Use iteration 51 instead with accuracy 
8.750411657486837e-08.

  values, vectors = lobpcg(projected_hamiltonian, guess, largest=False,
/home/erosanow_hpc/informed_swapping/BARK.py:156: UserWarning: Exited postprocessing with accuracies 
[8.75041163e-08]
not reaching the requested tolerance 1e-09.
  values, vectors = lobpcg(projected_hamiltonian, guess, largest=False,
/home/erosanow_hpc/informed_swapping/BARK.py:156: UserWarning: Exited at iteration 50 with accuracies 
[1.96933541e-07]
not reaching the requested tolerance 1e-09.
Use iteration 51 instead with accuracy 
1.9693354149341277e-07.

  values, vectors = lobpcg(projected_hamiltonian, guess, largest=False,
/home/erosanow_hpc/informed_swapping/BARK.py:156: UserWarning: Exited postprocessing with accuracies 
[1.96933542e-07]
not reaching the requested tolerance 1e-09.
  values, vectors = lobpcg(projected_hamiltonian, guess, largest=False,
/home/erosanow_hpc/informed_swapping/BARK.py:156: UserWarning: Exited at iteration 50 with accuracies 
[1.96368833e-08]
not reaching the requested tolerance 1e-09.
Use iteration 51 instead with accuracy 
1.963688331524931e-08.

  values, vectors = lobpcg(projected_hamiltonian, guess, largest=False,
/home/erosanow_hpc/informed_swapping/BARK.py:156: UserWarning: Exited postprocessing with accuracies 
[1.96368834e-08]
not reaching the requested tolerance 1e-09.
  values, vectors = lobpcg(projected_hamiltonian, guess, largest=False,
/home/erosanow_hpc/informed_swapping/BARK.py:156: UserWarning: Exited at iteration 50 with accuracies 
[3.61373191e-08]
not reaching the requested tolerance 1e-09.
Use iteration 51 instead with accuracy 
3.6137319096911925e-08.

  values, vectors = lobpcg(projected_hamiltonian, guess, largest=False,
/home/erosanow_hpc/informed_swapping/BARK.py:156: UserWarning: Exited postprocessing with accuracies 
[3.61373186e-08]
not reaching the requested tolerance 1e-09.
  values, vectors = lobpcg(projected_hamiltonian, guess, largest=False,
/home/erosanow_hpc/informed_swapping/BARK.py:156: UserWarning: Exited at iteration 50 with accuracies 
[4.20845659e-08]
not reaching the requested tolerance 1e-09.
Use iteration 51 instead with accuracy 
4.2084565865339625e-08.

  values, vectors = lobpcg(projected_hamiltonian, guess, largest=False,
/home/erosanow_hpc/informed_swapping/BARK.py:156: UserWarning: Exited postprocessing with accuracies 
[4.20845662e-08]
not reaching the requested tolerance 1e-09.
  values, vectors = lobpcg(projected_hamiltonian, guess, largest=False,
/home/erosanow_hpc/informed_swapping/BARK.py:156: UserWarning: Exited at iteration 50 with accuracies 
[6.91222063e-08]
not reaching the requested tolerance 1e-09.
Use iteration 51 instead with accuracy 
6.912220627759764e-08.

  values, vectors = lobpcg(projected_hamiltonian, guess, largest=False,
/home/erosanow_hpc/informed_swapping/BARK.py:156: UserWarning: Exited postprocessing with accuracies 
[6.91222063e-08]
not reaching the requested tolerance 1e-09.
  values, vectors = lobpcg(projected_hamiltonian, guess, largest=False,
/home/erosanow_hpc/informed_swapping/BARK.py:156: UserWarning: Exited at iteration 50 with accuracies 
[4.94183949e-08]
not reaching the requested tolerance 1e-09.
Use iteration 51 instead with accuracy 
4.941839486328053e-08.

  values, vectors = lobpcg(projected_hamiltonian, guess, largest=False,
/home/erosanow_hpc/informed_swapping/BARK.py:156: UserWarning: Exited postprocessing with accuracies 
[4.94183948e-08]
not reaching the requested tolerance 1e-09.
  values, vectors = lobpcg(projected_hamiltonian, guess, largest=False,
/home/erosanow_hpc/informed_swapping/BARK.py:156: UserWarning: Exited at iteration 50 with accuracies 
[1.21906773e-07]
not reaching the requested tolerance 1e-09.
Use iteration 51 instead with accuracy 
1.219067733531112e-07.

  values, vectors = lobpcg(projected_hamiltonian, guess, largest=False,
/home/erosanow_hpc/informed_swapping/BARK.py:156: UserWarning: Exited postprocessing with accuracies 
[1.21906773e-07]
not reaching the requested tolerance 1e-09.
  values, vectors = lobpcg(projected_hamiltonian, guess, largest=False,
/home/erosanow_hpc/informed_swapping/BARK.py:156: UserWarning: Exited at iteration 50 with accuracies 
[1.51751098e-07]
not reaching the requested tolerance 1e-09.
Use iteration 51 instead with accuracy 
1.5175109825988072e-07.

  values, vectors = lobpcg(projected_hamiltonian, guess, largest=False,
/home/erosanow_hpc/informed_swapping/BARK.py:156: UserWarning: Exited postprocessing with accuracies 
[1.51751098e-07]
not reaching the requested tolerance 1e-09.
  values, vectors = lobpcg(projected_hamiltonian, guess, largest=False,
/home/erosanow_hpc/informed_swapping/BARK.py:156: UserWarning: Exited at iteration 50 with accuracies 
[4.59853763e-07]
not reaching the requested tolerance 1e-09.
Use iteration 50 instead with accuracy 
4.5856897903449585e-07.

  values, vectors = lobpcg(projected_hamiltonian, guess, largest=False,
/home/erosanow_hpc/informed_swapping/BARK.py:156: UserWarning: Exited postprocessing with accuracies 
[4.58568979e-07]
not reaching the requested tolerance 1e-09.
  values, vectors = lobpcg(projected_hamiltonian, guess, largest=False,
/home/erosanow_hpc/informed_swapping/BARK.py:156: UserWarning: Exited at iteration 50 with accuracies 
[8.55765025e-08]
not reaching the requested tolerance 1e-09.
Use iteration 51 instead with accuracy 
8.557650253926487e-08.

  values, vectors = lobpcg(projected_hamiltonian, guess, largest=False,
/home/erosanow_hpc/informed_swapping/BARK.py:156: UserWarning: Exited postprocessing with accuracies 
[8.55765026e-08]
not reaching the requested tolerance 1e-09.
  values, vectors = lobpcg(projected_hamiltonian, guess, largest=False,
/home/erosanow_hpc/informed_swapping/BARK.py:156: UserWarning: Exited at iteration 50 with accuracies 
[2.82151748e-07]
not reaching the requested tolerance 1e-09.
Use iteration 51 instead with accuracy 
2.8215174783230686e-07.

  values, vectors = lobpcg(projected_hamiltonian, guess, largest=False,
/home/erosanow_hpc/informed_swapping/BARK.py:156: UserWarning: Exited postprocessing with accuracies 
[2.82151748e-07]
not reaching the requested tolerance 1e-09.
  values, vectors = lobpcg(projected_hamiltonian, guess, largest=False,
/home/erosanow_hpc/informed_swapping/BARK.py:156: UserWarning: Exited at iteration 50 with accuracies 
[4.91568499e-07]
not reaching the requested tolerance 1e-09.
Use iteration 50 instead with accuracy 
4.763245804444691e-07.

  values, vectors = lobpcg(projected_hamiltonian, guess, largest=False,
/home/erosanow_hpc/informed_swapping/BARK.py:156: UserWarning: Exited postprocessing with accuracies 
[4.7632458e-07]
not reaching the requested tolerance 1e-09.
  values, vectors = lobpcg(projected_hamiltonian, guess, largest=False,
/home/erosanow_hpc/informed_swapping/BARK.py:156: UserWarning: Exited at iteration 50 with accuracies 
[2.41400248e-06]
not reaching the requested tolerance 1e-09.
Use iteration 47 instead with accuracy 
1.554473532415628e-06.

  values, vectors = lobpcg(projected_hamiltonian, guess, largest=False,
/home/erosanow_hpc/informed_swapping/BARK.py:156: UserWarning: Exited postprocessing with accuracies 
[1.55447353e-06]
not reaching the requested tolerance 1e-09.
  values, vectors = lobpcg(projected_hamiltonian, guess, largest=False,
/home/erosanow_hpc/informed_swapping/BARK.py:156: UserWarning: Exited at iteration 50 with accuracies 
[1.19917318e-06]
not reaching the requested tolerance 1e-09.
Use iteration 48 instead with accuracy 
9.713214163829742e-07.

  values, vectors = lobpcg(projected_hamiltonian, guess, largest=False,
/home/erosanow_hpc/informed_swapping/BARK.py:156: UserWarning: Exited postprocessing with accuracies 
[9.71321416e-07]
not reaching the requested tolerance 1e-09.
  values, vectors = lobpcg(projected_hamiltonian, guess, largest=False,
/home/erosanow_hpc/informed_swapping/BARK.py:156: UserWarning: Exited at iteration 50 with accuracies 
[1.27237462e-05]
not reaching the requested tolerance 1e-09.
Use iteration 44 instead with accuracy 
5.039832941179979e-06.

  values, vectors = lobpcg(projected_hamiltonian, guess, largest=False,
/home/erosanow_hpc/informed_swapping/BARK.py:156: UserWarning: Exited postprocessing with accuracies 
[5.03983294e-06]
not reaching the requested tolerance 1e-09.
  values, vectors = lobpcg(projected_hamiltonian, guess, largest=False,
/home/erosanow_hpc/informed_swapping/BARK.py:156: UserWarning: Exited at iteration 50 with accuracies 
[2.16693546e-05]
not reaching the requested tolerance 1e-09.
Use iteration 44 instead with accuracy 
7.875512713592321e-06.

  values, vectors = lobpcg(projected_hamiltonian, guess, largest=False,
/home/erosanow_hpc/informed_swapping/BARK.py:156: UserWarning: Exited postprocessing with accuracies 
[7.87551271e-06]
not reaching the requested tolerance 1e-09.
  values, vectors = lobpcg(projected_hamiltonian, guess, largest=False,
/home/erosanow_hpc/informed_swapping/BARK.py:156: UserWarning: Exited at iteration 50 with accuracies 
[1.49621942e-09]
not reaching the requested tolerance 1e-09.
Use iteration 51 instead with accuracy 
1.4962194186637546e-09.

  values, vectors = lobpcg(projected_hamiltonian, guess, largest=False,
/home/erosanow_hpc/informed_swapping/BARK.py:156: UserWarning: Exited postprocessing with accuracies 
[1.49621952e-09]
not reaching the requested tolerance 1e-09.
  values, vectors = lobpcg(projected_hamiltonian, guess, largest=False,
/home/erosanow_hpc/informed_swapping/BARK.py:156: UserWarning: Exited at iteration 50 with accuracies 
[1.24415639e-09]
not reaching the requested tolerance 1e-09.
Use iteration 51 instead with accuracy 
1.244156392737017e-09.

  values, vectors = lobpcg(projected_hamiltonian, guess, largest=False,
/home/erosanow_hpc/informed_swapping/BARK.py:156: UserWarning: Exited postprocessing with accuracies 
[1.24415635e-09]
not reaching the requested tolerance 1e-09.
  values, vectors = lobpcg(projected_hamiltonian, guess, largest=False,
/home/erosanow_hpc/informed_swapping/BARK.py:156: UserWarning: Exited at iteration 50 with accuracies 
[1.34777736e-09]
not reaching the requested tolerance 1e-09.
Use iteration 51 instead with accuracy 
1.3477773629382461e-09.

  values, vectors = lobpcg(projected_hamiltonian, guess, largest=False,
/home/erosanow_hpc/informed_swapping/BARK.py:156: UserWarning: Exited postprocessing with accuracies 
[1.34777772e-09]
not reaching the requested tolerance 1e-09.
  values, vectors = lobpcg(projected_hamiltonian, guess, largest=False,
/home/erosanow_hpc/informed_swapping/BARK.py:156: UserWarning: Exited at iteration 50 with accuracies 
[1.2351944e-09]
not reaching the requested tolerance 1e-09.
Use iteration 51 instead with accuracy 
1.2351944039248288e-09.

  values, vectors = lobpcg(projected_hamiltonian, guess, largest=False,
/home/erosanow_hpc/informed_swapping/BARK.py:156: UserWarning: Exited postprocessing with accuracies 
[1.23519466e-09]
not reaching the requested tolerance 1e-09.
  values, vectors = lobpcg(projected_hamiltonian, guess, largest=False,
/home/erosanow_hpc/informed_swapping/BARK.py:156: UserWarning: Exited at iteration 50 with accuracies 
[1.31454607e-09]
not reaching the requested tolerance 1e-09.
Use iteration 51 instead with accuracy 
1.3145460720733793e-09.

  values, vectors = lobpcg(projected_hamiltonian, guess, largest=False,
/home/erosanow_hpc/informed_swapping/BARK.py:156: UserWarning: Exited postprocessing with accuracies 
[1.31454608e-09]
not reaching the requested tolerance 1e-09.
  values, vectors = lobpcg(projected_hamiltonian, guess, largest=False,
/home/erosanow_hpc/informed_swapping/BARK.py:156: UserWarning: Exited at iteration 50 with accuracies 
[1.88517607e-09]
not reaching the requested tolerance 1e-09.
Use iteration 51 instead with accuracy 
1.8851760696052586e-09.

  values, vectors = lobpcg(projected_hamiltonian, guess, largest=False,
/home/erosanow_hpc/informed_swapping/BARK.py:156: UserWarning: Exited postprocessing with accuracies 
[1.88517608e-09]
not reaching the requested tolerance 1e-09.
  values, vectors = lobpcg(projected_hamiltonian, guess, largest=False,
/home/erosanow_hpc/informed_swapping/BARK.py:156: UserWarning: Exited at iteration 50 with accuracies 
[1.16984624e-09]
not reaching the requested tolerance 1e-09.
Use iteration 51 instead with accuracy 
1.1698462418830672e-09.

  values, vectors = lobpcg(projected_hamiltonian, guess, largest=False,
/home/erosanow_hpc/informed_swapping/BARK.py:156: UserWarning: Exited postprocessing with accuracies 
[1.16984661e-09]
not reaching the requested tolerance 1e-09.
  values, vectors = lobpcg(projected_hamiltonian, guess, largest=False,
/home/erosanow_hpc/informed_swapping/BARK.py:156: UserWarning: Exited at iteration 50 with accuracies 
[1.23237671e-09]
not reaching the requested tolerance 1e-09.
Use iteration 51 instead with accuracy 
1.2323767096116284e-09.

  values, vectors = lobpcg(projected_hamiltonian, guess, largest=False,
/home/erosanow_hpc/informed_swapping/BARK.py:156: UserWarning: Exited postprocessing with accuracies 
[1.23237685e-09]
not reaching the requested tolerance 1e-09.
  values, vectors = lobpcg(projected_hamiltonian, guess, largest=False,
/home/erosanow_hpc/informed_swapping/BARK.py:156: UserWarning: Exited at iteration 50 with accuracies 
[1.71763089e-09]
not reaching the requested tolerance 1e-09.
Use iteration 51 instead with accuracy 
1.7176308869219578e-09.

  values, vectors = lobpcg(projected_hamiltonian, guess, largest=False,
/home/erosanow_hpc/informed_swapping/BARK.py:156: UserWarning: Exited postprocessing with accuracies 
[1.71763069e-09]
not reaching the requested tolerance 1e-09.
  values, vectors = lobpcg(projected_hamiltonian, guess, largest=False,
/home/erosanow_hpc/informed_swapping/BARK.py:156: UserWarning: Exited at iteration 50 with accuracies 
[1.33810816e-09]
not reaching the requested tolerance 1e-09.
Use iteration 51 instead with accuracy 
1.3381081623624373e-09.

  values, vectors = lobpcg(projected_hamiltonian, guess, largest=False,
/home/erosanow_hpc/informed_swapping/BARK.py:156: UserWarning: Exited postprocessing with accuracies 
[1.33810841e-09]
not reaching the requested tolerance 1e-09.
  values, vectors = lobpcg(projected_hamiltonian, guess, largest=False,
/home/erosanow_hpc/informed_swapping/BARK.py:156: UserWarning: Exited at iteration 50 with accuracies 
[1.48021023e-09]
not reaching the requested tolerance 1e-09.
Use iteration 51 instead with accuracy 
1.4802102336021346e-09.

  values, vectors = lobpcg(projected_hamiltonian, guess, largest=False,
/home/erosanow_hpc/informed_swapping/BARK.py:156: UserWarning: Exited postprocessing with accuracies 
[1.48021005e-09]
not reaching the requested tolerance 1e-09.
  values, vectors = lobpcg(projected_hamiltonian, guess, largest=False,
/home/erosanow_hpc/informed_swapping/BARK.py:156: UserWarning: Exited at iteration 50 with accuracies 
[2.07591148e-09]
not reaching the requested tolerance 1e-09.
Use iteration 51 instead with accuracy 
2.0759114818669984e-09.

  values, vectors = lobpcg(projected_hamiltonian, guess, largest=False,
/home/erosanow_hpc/informed_swapping/BARK.py:156: UserWarning: Exited postprocessing with accuracies 
[2.07591153e-09]
not reaching the requested tolerance 1e-09.
  values, vectors = lobpcg(projected_hamiltonian, guess, largest=False,
/home/erosanow_hpc/informed_swapping/BARK.py:156: UserWarning: Exited at iteration 50 with accuracies 
[1.27056733e-09]
not reaching the requested tolerance 1e-09.
Use iteration 51 instead with accuracy 
1.2705673264937673e-09.

  values, vectors = lobpcg(projected_hamiltonian, guess, largest=False,
/home/erosanow_hpc/informed_swapping/BARK.py:156: UserWarning: Exited postprocessing with accuracies 
[1.27056696e-09]
not reaching the requested tolerance 1e-09.
  values, vectors = lobpcg(projected_hamiltonian, guess, largest=False,
/home/erosanow_hpc/informed_swapping/BARK.py:156: UserWarning: Exited at iteration 50 with accuracies 
[1.37987029e-09]
not reaching the requested tolerance 1e-09.
Use iteration 51 instead with accuracy 
1.3798702930270585e-09.

  values, vectors = lobpcg(projected_hamiltonian, guess, largest=False,
/home/erosanow_hpc/informed_swapping/BARK.py:156: UserWarning: Exited postprocessing with accuracies 
[1.37987045e-09]
not reaching the requested tolerance 1e-09.
  values, vectors = lobpcg(projected_hamiltonian, guess, largest=False,
/home/erosanow_hpc/informed_swapping/BARK.py:156: UserWarning: Exited at iteration 50 with accuracies 
[2.1883041e-09]
not reaching the requested tolerance 1e-09.
Use iteration 51 instead with accuracy 
2.1883040964207627e-09.

  values, vectors = lobpcg(projected_hamiltonian, guess, largest=False,
/home/erosanow_hpc/informed_swapping/BARK.py:156: UserWarning: Exited postprocessing with accuracies 
[2.18830388e-09]
not reaching the requested tolerance 1e-09.
  values, vectors = lobpcg(projected_hamiltonian, guess, largest=False,
/home/erosanow_hpc/informed_swapping/BARK.py:156: UserWarning: Exited at iteration 50 with accuracies 
[1.29892139e-09]
not reaching the requested tolerance 1e-09.
Use iteration 51 instead with accuracy 
1.2989213915052056e-09.

  values, vectors = lobpcg(projected_hamiltonian, guess, largest=False,
/home/erosanow_hpc/informed_swapping/BARK.py:156: UserWarning: Exited postprocessing with accuracies 
[1.29892121e-09]
not reaching the requested tolerance 1e-09.
  values, vectors = lobpcg(projected_hamiltonian, guess, largest=False,
/home/erosanow_hpc/informed_swapping/BARK.py:156: UserWarning: Exited at iteration 50 with accuracies 
[1.37283464e-09]
not reaching the requested tolerance 1e-09.
Use iteration 51 instead with accuracy 
1.3728346377536896e-09.

  values, vectors = lobpcg(projected_hamiltonian, guess, largest=False,
/home/erosanow_hpc/informed_swapping/BARK.py:156: UserWarning: Exited postprocessing with accuracies 
[1.37283426e-09]
not reaching the requested tolerance 1e-09.
  values, vectors = lobpcg(projected_hamiltonian, guess, largest=False,
/home/erosanow_hpc/informed_swapping/BARK.py:156: UserWarning: Exited at iteration 50 with accuracies 
[1.02695604e-09]
not reaching the requested tolerance 1e-09.
Use iteration 51 instead with accuracy 
1.026956042904797e-09.

  values, vectors = lobpcg(projected_hamiltonian, guess, largest=False,
/home/erosanow_hpc/informed_swapping/BARK.py:156: UserWarning: Exited postprocessing with accuracies 
[1.02695624e-09]
not reaching the requested tolerance 1e-09.
  values, vectors = lobpcg(projected_hamiltonian, guess, largest=False,
/home/erosanow_hpc/informed_swapping/BARK.py:156: UserWarning: Exited at iteration 50 with accuracies 
[1.21675878e-09]
not reaching the requested tolerance 1e-09.
Use iteration 51 instead with accuracy 
1.216758781480737e-09.

  values, vectors = lobpcg(projected_hamiltonian, guess, largest=False,
/home/erosanow_hpc/informed_swapping/BARK.py:156: UserWarning: Exited postprocessing with accuracies 
[1.21675897e-09]
not reaching the requested tolerance 1e-09.
  values, vectors = lobpcg(projected_hamiltonian, guess, largest=False,
/home/erosanow_hpc/informed_swapping/BARK.py:156: UserWarning: Exited at iteration 50 with accuracies 
[1.24359602e-09]
not reaching the requested tolerance 1e-09.
Use iteration 51 instead with accuracy 
1.2435960167305876e-09.

  values, vectors = lobpcg(projected_hamiltonian, guess, largest=False,
/home/erosanow_hpc/informed_swapping/BARK.py:156: UserWarning: Exited postprocessing with accuracies 
[1.24359589e-09]
not reaching the requested tolerance 1e-09.
  values, vectors = lobpcg(projected_hamiltonian, guess, largest=False,
/home/erosanow_hpc/informed_swapping/BARK.py:156: UserWarning: Exited at iteration 50 with accuracies 
[1.81833348e-09]
not reaching the requested tolerance 1e-09.
Use iteration 51 instead with accuracy 
1.8183334846648556e-09.

  values, vectors = lobpcg(projected_hamiltonian, guess, largest=False,
/home/erosanow_hpc/informed_swapping/BARK.py:156: UserWarning: Exited postprocessing with accuracies 
[1.81833319e-09]
not reaching the requested tolerance 1e-09.
  values, vectors = lobpcg(projected_hamiltonian, guess, largest=False,
/home/erosanow_hpc/informed_swapping/BARK.py:156: UserWarning: Exited at iteration 50 with accuracies 
[1.16065897e-09]
not reaching the requested tolerance 1e-09.
Use iteration 51 instead with accuracy 
1.1606589688358208e-09.

  values, vectors = lobpcg(projected_hamiltonian, guess, largest=False,
/home/erosanow_hpc/informed_swapping/BARK.py:156: UserWarning: Exited postprocessing with accuracies 
[1.16065895e-09]
not reaching the requested tolerance 1e-09.
  values, vectors = lobpcg(projected_hamiltonian, guess, largest=False,
/home/erosanow_hpc/informed_swapping/BARK.py:156: UserWarning: Exited at iteration 50 with accuracies 
[1.07711235e-09]
not reaching the requested tolerance 1e-09.
Use iteration 51 instead with accuracy 
1.0771123494572224e-09.

  values, vectors = lobpcg(projected_hamiltonian, guess, largest=False,
/home/erosanow_hpc/informed_swapping/BARK.py:156: UserWarning: Exited postprocessing with accuracies 
[1.07711215e-09]
not reaching the requested tolerance 1e-09.
  values, vectors = lobpcg(projected_hamiltonian, guess, largest=False,
/home/erosanow_hpc/informed_swapping/BARK.py:156: UserWarning: Exited at iteration 50 with accuracies 
[1.75822719e-09]
not reaching the requested tolerance 1e-09.
Use iteration 51 instead with accuracy 
1.7582271941378543e-09.

  values, vectors = lobpcg(projected_hamiltonian, guess, largest=False,
/home/erosanow_hpc/informed_swapping/BARK.py:156: UserWarning: Exited postprocessing with accuracies 
[1.75822719e-09]
not reaching the requested tolerance 1e-09.
  values, vectors = lobpcg(projected_hamiltonian, guess, largest=False,
/home/erosanow_hpc/informed_swapping/BARK.py:156: UserWarning: Exited at iteration 50 with accuracies 
[2.00026984e-09]
not reaching the requested tolerance 1e-09.
Use iteration 51 instead with accuracy 
2.0002698361159733e-09.

  values, vectors = lobpcg(projected_hamiltonian, guess, largest=False,
/home/erosanow_hpc/informed_swapping/BARK.py:156: UserWarning: Exited postprocessing with accuracies 
[2.00026982e-09]
not reaching the requested tolerance 1e-09.
  values, vectors = lobpcg(projected_hamiltonian, guess, largest=False,
/home/erosanow_hpc/informed_swapping/BARK.py:156: UserWarning: Exited at iteration 50 with accuracies 
[2.77187873e-09]
not reaching the requested tolerance 1e-09.
Use iteration 51 instead with accuracy 
2.7718787257564754e-09.

  values, vectors = lobpcg(projected_hamiltonian, guess, largest=False,
/home/erosanow_hpc/informed_swapping/BARK.py:156: UserWarning: Exited postprocessing with accuracies 
[2.77187856e-09]
not reaching the requested tolerance 1e-09.
  values, vectors = lobpcg(projected_hamiltonian, guess, largest=False,
/home/erosanow_hpc/informed_swapping/BARK.py:156: UserWarning: Exited at iteration 50 with accuracies 
[1.04272807e-09]
not reaching the requested tolerance 1e-09.
Use iteration 51 instead with accuracy 
1.0427280700027825e-09.

  values, vectors = lobpcg(projected_hamiltonian, guess, largest=False,
/home/erosanow_hpc/informed_swapping/BARK.py:156: UserWarning: Exited postprocessing with accuracies 
[1.04272799e-09]
not reaching the requested tolerance 1e-09.
  values, vectors = lobpcg(projected_hamiltonian, guess, largest=False,
/home/erosanow_hpc/informed_swapping/BARK.py:156: UserWarning: Exited at iteration 50 with accuracies 
[1.79342373e-09]
not reaching the requested tolerance 1e-09.
Use iteration 51 instead with accuracy 
1.793423732654022e-09.

  values, vectors = lobpcg(projected_hamiltonian, guess, largest=False,
/home/erosanow_hpc/informed_swapping/BARK.py:156: UserWarning: Exited postprocessing with accuracies 
[1.79342372e-09]
not reaching the requested tolerance 1e-09.
  values, vectors = lobpcg(projected_hamiltonian, guess, largest=False,
/home/erosanow_hpc/informed_swapping/BARK.py:156: UserWarning: Exited at iteration 50 with accuracies 
[1.87544908e-09]
not reaching the requested tolerance 1e-09.
Use iteration 51 instead with accuracy 
1.875449076286038e-09.

  values, vectors = lobpcg(projected_hamiltonian, guess, largest=False,
/home/erosanow_hpc/informed_swapping/BARK.py:156: UserWarning: Exited postprocessing with accuracies 
[1.87544914e-09]
not reaching the requested tolerance 1e-09.
  values, vectors = lobpcg(projected_hamiltonian, guess, largest=False,
/home/erosanow_hpc/informed_swapping/BARK.py:156: UserWarning: Exited at iteration 50 with accuracies 
[3.02673516e-09]
not reaching the requested tolerance 1e-09.
Use iteration 51 instead with accuracy 
3.026735157478128e-09.

  values, vectors = lobpcg(projected_hamiltonian, guess, largest=False,
/home/erosanow_hpc/informed_swapping/BARK.py:156: UserWarning: Exited postprocessing with accuracies 
[3.02673503e-09]
not reaching the requested tolerance 1e-09.
  values, vectors = lobpcg(projected_hamiltonian, guess, largest=False,
/home/erosanow_hpc/informed_swapping/BARK.py:156: UserWarning: Exited at iteration 50 with accuracies 
[1.0745498e-09]
not reaching the requested tolerance 1e-09.
Use iteration 51 instead with accuracy 
1.0745498009000981e-09.

  values, vectors = lobpcg(projected_hamiltonian, guess, largest=False,
/home/erosanow_hpc/informed_swapping/BARK.py:156: UserWarning: Exited postprocessing with accuracies 
[1.07454971e-09]
not reaching the requested tolerance 1e-09.
  values, vectors = lobpcg(projected_hamiltonian, guess, largest=False,
/home/erosanow_hpc/informed_swapping/BARK.py:156: UserWarning: Exited at iteration 50 with accuracies 
[1.10345399e-09]
not reaching the requested tolerance 1e-09.
Use iteration 51 instead with accuracy 
1.1034539949620041e-09.

  values, vectors = lobpcg(projected_hamiltonian, guess, largest=False,
/home/erosanow_hpc/informed_swapping/BARK.py:156: UserWarning: Exited postprocessing with accuracies 
[1.10345365e-09]
not reaching the requested tolerance 1e-09.
  values, vectors = lobpcg(projected_hamiltonian, guess, largest=False,
/home/erosanow_hpc/informed_swapping/BARK.py:156: UserWarning: Exited at iteration 50 with accuracies 
[1.43381235e-09]
not reaching the requested tolerance 1e-09.
Use iteration 51 instead with accuracy 
1.4338123515008617e-09.

  values, vectors = lobpcg(projected_hamiltonian, guess, largest=False,
/home/erosanow_hpc/informed_swapping/BARK.py:156: UserWarning: Exited postprocessing with accuracies 
[1.43381238e-09]
not reaching the requested tolerance 1e-09.
  values, vectors = lobpcg(projected_hamiltonian, guess, largest=False,
/home/erosanow_hpc/informed_swapping/BARK.py:156: UserWarning: Exited at iteration 50 with accuracies 
[2.1364769e-09]
not reaching the requested tolerance 1e-09.
Use iteration 51 instead with accuracy 
2.1364768975425733e-09.

  values, vectors = lobpcg(projected_hamiltonian, guess, largest=False,
/home/erosanow_hpc/informed_swapping/BARK.py:156: UserWarning: Exited postprocessing with accuracies 
[2.13647686e-09]
not reaching the requested tolerance 1e-09.
  values, vectors = lobpcg(projected_hamiltonian, guess, largest=False,
/home/erosanow_hpc/informed_swapping/BARK.py:156: UserWarning: Exited at iteration 50 with accuracies 
[1.1040836e-09]
not reaching the requested tolerance 1e-09.
Use iteration 51 instead with accuracy 
1.1040836024406802e-09.

  values, vectors = lobpcg(projected_hamiltonian, guess, largest=False,
/home/erosanow_hpc/informed_swapping/BARK.py:156: UserWarning: Exited postprocessing with accuracies 
[1.10408368e-09]
not reaching the requested tolerance 1e-09.
  values, vectors = lobpcg(projected_hamiltonian, guess, largest=False,
/home/erosanow_hpc/informed_swapping/BARK.py:156: UserWarning: Exited at iteration 50 with accuracies 
[1.50733137e-09]
not reaching the requested tolerance 1e-09.
Use iteration 51 instead with accuracy 
1.5073313701760527e-09.

  values, vectors = lobpcg(projected_hamiltonian, guess, largest=False,
/home/erosanow_hpc/informed_swapping/BARK.py:156: UserWarning: Exited postprocessing with accuracies 
[1.50733142e-09]
not reaching the requested tolerance 1e-09.
  values, vectors = lobpcg(projected_hamiltonian, guess, largest=False,
/home/erosanow_hpc/informed_swapping/BARK.py:156: UserWarning: Exited at iteration 50 with accuracies 
[1.12524353e-09]
not reaching the requested tolerance 1e-09.
Use iteration 51 instead with accuracy 
1.125243525405556e-09.

  values, vectors = lobpcg(projected_hamiltonian, guess, largest=False,
/home/erosanow_hpc/informed_swapping/BARK.py:156: UserWarning: Exited postprocessing with accuracies 
[1.1252436e-09]
not reaching the requested tolerance 1e-09.
  values, vectors = lobpcg(projected_hamiltonian, guess, largest=False,
/home/erosanow_hpc/informed_swapping/BARK.py:156: UserWarning: Exited at iteration 50 with accuracies 
[1.71452209e-09]
not reaching the requested tolerance 1e-09.
Use iteration 51 instead with accuracy 
1.7145220855406565e-09.

  values, vectors = lobpcg(projected_hamiltonian, guess, largest=False,
/home/erosanow_hpc/informed_swapping/BARK.py:156: UserWarning: Exited postprocessing with accuracies 
[1.71452219e-09]
not reaching the requested tolerance 1e-09.
  values, vectors = lobpcg(projected_hamiltonian, guess, largest=False,
/home/erosanow_hpc/informed_swapping/BARK.py:156: UserWarning: Exited at iteration 50 with accuracies 
[1.23471491e-09]
not reaching the requested tolerance 1e-09.
Use iteration 51 instead with accuracy 
1.2347149079863886e-09.

  values, vectors = lobpcg(projected_hamiltonian, guess, largest=False,
/home/erosanow_hpc/informed_swapping/BARK.py:156: UserWarning: Exited postprocessing with accuracies 
[1.23471513e-09]
not reaching the requested tolerance 1e-09.
  values, vectors = lobpcg(projected_hamiltonian, guess, largest=False,
/home/erosanow_hpc/informed_swapping/BARK.py:156: UserWarning: Exited at iteration 50 with accuracies 
[1.08820744e-09]
not reaching the requested tolerance 1e-09.
Use iteration 51 instead with accuracy 
1.0882074428748578e-09.

  values, vectors = lobpcg(projected_hamiltonian, guess, largest=False,
/home/erosanow_hpc/informed_swapping/BARK.py:156: UserWarning: Exited postprocessing with accuracies 
[1.08820758e-09]
not reaching the requested tolerance 1e-09.
  values, vectors = lobpcg(projected_hamiltonian, guess, largest=False,
/home/erosanow_hpc/informed_swapping/BARK.py:156: UserWarning: Exited at iteration 50 with accuracies 
[1.46955251e-09]
not reaching the requested tolerance 1e-09.
Use iteration 51 instead with accuracy 
1.4695525073889357e-09.

  values, vectors = lobpcg(projected_hamiltonian, guess, largest=False,
/home/erosanow_hpc/informed_swapping/BARK.py:156: UserWarning: Exited postprocessing with accuracies 
[1.46955252e-09]
not reaching the requested tolerance 1e-09.
  values, vectors = lobpcg(projected_hamiltonian, guess, largest=False,
/home/erosanow_hpc/informed_swapping/BARK.py:156: UserWarning: Exited at iteration 50 with accuracies 
[1.08503869e-09]
not reaching the requested tolerance 1e-09.
Use iteration 51 instead with accuracy 
1.0850386874538636e-09.

  values, vectors = lobpcg(projected_hamiltonian, guess, largest=False,
/home/erosanow_hpc/informed_swapping/BARK.py:156: UserWarning: Exited postprocessing with accuracies 
[1.08503846e-09]
not reaching the requested tolerance 1e-09.
  values, vectors = lobpcg(projected_hamiltonian, guess, largest=False,
/home/erosanow_hpc/informed_swapping/BARK.py:156: UserWarning: Exited at iteration 50 with accuracies 
[1.64170074e-09]
not reaching the requested tolerance 1e-09.
Use iteration 51 instead with accuracy 
1.6417007443781448e-09.

  values, vectors = lobpcg(projected_hamiltonian, guess, largest=False,
/home/erosanow_hpc/informed_swapping/BARK.py:156: UserWarning: Exited postprocessing with accuracies 
[1.64170048e-09]
not reaching the requested tolerance 1e-09.
  values, vectors = lobpcg(projected_hamiltonian, guess, largest=False,
/home/erosanow_hpc/informed_swapping/BARK.py:156: UserWarning: Exited at iteration 50 with accuracies 
[1.12831821e-09]
not reaching the requested tolerance 1e-09.
Use iteration 51 instead with accuracy 
1.1283182131949218e-09.

  values, vectors = lobpcg(projected_hamiltonian, guess, largest=False,
/home/erosanow_hpc/informed_swapping/BARK.py:156: UserWarning: Exited postprocessing with accuracies 
[1.12831816e-09]
not reaching the requested tolerance 1e-09.
  values, vectors = lobpcg(projected_hamiltonian, guess, largest=False,
/home/erosanow_hpc/informed_swapping/BARK.py:156: UserWarning: Exited at iteration 50 with accuracies 
[1.9905814e-09]
not reaching the requested tolerance 1e-09.
Use iteration 51 instead with accuracy 
1.990581404034475e-09.

  values, vectors = lobpcg(projected_hamiltonian, guess, largest=False,
/home/erosanow_hpc/informed_swapping/BARK.py:156: UserWarning: Exited postprocessing with accuracies 
[1.99058157e-09]
not reaching the requested tolerance 1e-09.
  values, vectors = lobpcg(projected_hamiltonian, guess, largest=False,
/home/erosanow_hpc/informed_swapping/BARK.py:156: UserWarning: Exited at iteration 50 with accuracies 
[1.00340164e-09]
not reaching the requested tolerance 1e-09.
Use iteration 51 instead with accuracy 
1.0034016385194004e-09.

  values, vectors = lobpcg(projected_hamiltonian, guess, largest=False,
/home/erosanow_hpc/informed_swapping/BARK.py:156: UserWarning: Exited postprocessing with accuracies 
[1.00340157e-09]
not reaching the requested tolerance 1e-09.
  values, vectors = lobpcg(projected_hamiltonian, guess, largest=False,
/home/erosanow_hpc/informed_swapping/BARK.py:156: UserWarning: Exited at iteration 50 with accuracies 
[1.46043221e-09]
not reaching the requested tolerance 1e-09.
Use iteration 51 instead with accuracy 
1.4604322068258017e-09.

  values, vectors = lobpcg(projected_hamiltonian, guess, largest=False,
/home/erosanow_hpc/informed_swapping/BARK.py:156: UserWarning: Exited postprocessing with accuracies 
[1.46043228e-09]
not reaching the requested tolerance 1e-09.
  values, vectors = lobpcg(projected_hamiltonian, guess, largest=False,
/home/erosanow_hpc/informed_swapping/BARK.py:156: UserWarning: Exited at iteration 50 with accuracies 
[1.58188288e-09]
not reaching the requested tolerance 1e-09.
Use iteration 51 instead with accuracy 
1.5818828824787062e-09.

  values, vectors = lobpcg(projected_hamiltonian, guess, largest=False,
/home/erosanow_hpc/informed_swapping/BARK.py:156: UserWarning: Exited postprocessing with accuracies 
[1.58188255e-09]
not reaching the requested tolerance 1e-09.
  values, vectors = lobpcg(projected_hamiltonian, guess, largest=False,
/home/erosanow_hpc/informed_swapping/BARK.py:156: UserWarning: Exited at iteration 50 with accuracies 
[3.50877996e-09]
not reaching the requested tolerance 1e-09.
Use iteration 51 instead with accuracy 
3.5087799613163845e-09.

  values, vectors = lobpcg(projected_hamiltonian, guess, largest=False,
/home/erosanow_hpc/informed_swapping/BARK.py:156: UserWarning: Exited postprocessing with accuracies 
[3.50878008e-09]
not reaching the requested tolerance 1e-09.
  values, vectors = lobpcg(projected_hamiltonian, guess, largest=False,
/home/erosanow_hpc/informed_swapping/BARK.py:156: UserWarning: Exited at iteration 50 with accuracies 
[4.99556666e-09]
not reaching the requested tolerance 1e-09.
Use iteration 51 instead with accuracy 
4.995566655918314e-09.

  values, vectors = lobpcg(projected_hamiltonian, guess, largest=False,
/home/erosanow_hpc/informed_swapping/BARK.py:156: UserWarning: Exited postprocessing with accuracies 
[4.99556645e-09]
not reaching the requested tolerance 1e-09.
  values, vectors = lobpcg(projected_hamiltonian, guess, largest=False,
/home/erosanow_hpc/informed_swapping/BARK.py:156: UserWarning: Exited at iteration 50 with accuracies 
[1.32912547e-09]
not reaching the requested tolerance 1e-09.
Use iteration 51 instead with accuracy 
1.329125467303447e-09.

  values, vectors = lobpcg(projected_hamiltonian, guess, largest=False,
/home/erosanow_hpc/informed_swapping/BARK.py:156: UserWarning: Exited postprocessing with accuracies 
[1.32912558e-09]
not reaching the requested tolerance 1e-09.
  values, vectors = lobpcg(projected_hamiltonian, guess, largest=False,
/home/erosanow_hpc/informed_swapping/BARK.py:156: UserWarning: Exited at iteration 50 with accuracies 
[1.13601877e-09]
not reaching the requested tolerance 1e-09.
Use iteration 51 instead with accuracy 
1.1360187729006793e-09.

  values, vectors = lobpcg(projected_hamiltonian, guess, largest=False,
/home/erosanow_hpc/informed_swapping/BARK.py:156: UserWarning: Exited postprocessing with accuracies 
[1.13601841e-09]
not reaching the requested tolerance 1e-09.
  values, vectors = lobpcg(projected_hamiltonian, guess, largest=False,
/home/erosanow_hpc/informed_swapping/BARK.py:156: UserWarning: Exited at iteration 50 with accuracies 
[1.53421288e-09]
not reaching the requested tolerance 1e-09.
Use iteration 51 instead with accuracy 
1.5342128763282191e-09.

  values, vectors = lobpcg(projected_hamiltonian, guess, largest=False,
/home/erosanow_hpc/informed_swapping/BARK.py:156: UserWarning: Exited postprocessing with accuracies 
[1.53421312e-09]
not reaching the requested tolerance 1e-09.
  values, vectors = lobpcg(projected_hamiltonian, guess, largest=False,
/home/erosanow_hpc/informed_swapping/BARK.py:156: UserWarning: Exited at iteration 50 with accuracies 
[1.13811635e-09]
not reaching the requested tolerance 1e-09.
Use iteration 51 instead with accuracy 
1.1381163469414578e-09.

  values, vectors = lobpcg(projected_hamiltonian, guess, largest=False,
/home/erosanow_hpc/informed_swapping/BARK.py:156: UserWarning: Exited postprocessing with accuracies 
[1.13811626e-09]
not reaching the requested tolerance 1e-09.
  values, vectors = lobpcg(projected_hamiltonian, guess, largest=False,
/home/erosanow_hpc/informed_swapping/BARK.py:156: UserWarning: Exited at iteration 50 with accuracies 
[1.72341439e-09]
not reaching the requested tolerance 1e-09.
Use iteration 51 instead with accuracy 
1.7234143857866274e-09.

  values, vectors = lobpcg(projected_hamiltonian, guess, largest=False,
/home/erosanow_hpc/informed_swapping/BARK.py:156: UserWarning: Exited postprocessing with accuracies 
[1.72341419e-09]
not reaching the requested tolerance 1e-09.
  values, vectors = lobpcg(projected_hamiltonian, guess, largest=False,
/home/erosanow_hpc/informed_swapping/BARK.py:156: UserWarning: Exited at iteration 50 with accuracies 
[1.18119552e-09]
not reaching the requested tolerance 1e-09.
Use iteration 51 instead with accuracy 
1.1811955159080398e-09.

  values, vectors = lobpcg(projected_hamiltonian, guess, largest=False,
/home/erosanow_hpc/informed_swapping/BARK.py:156: UserWarning: Exited postprocessing with accuracies 
[1.18119534e-09]
not reaching the requested tolerance 1e-09.
  values, vectors = lobpcg(projected_hamiltonian, guess, largest=False,
/home/erosanow_hpc/informed_swapping/BARK.py:156: UserWarning: Exited at iteration 50 with accuracies 
[1.15831324e-09]
not reaching the requested tolerance 1e-09.
Use iteration 51 instead with accuracy 
1.1583132392439872e-09.

  values, vectors = lobpcg(projected_hamiltonian, guess, largest=False,
/home/erosanow_hpc/informed_swapping/BARK.py:156: UserWarning: Exited postprocessing with accuracies 
[1.15831349e-09]
not reaching the requested tolerance 1e-09.
  values, vectors = lobpcg(projected_hamiltonian, guess, largest=False,
/home/erosanow_hpc/informed_swapping/BARK.py:156: UserWarning: Exited at iteration 50 with accuracies 
[1.55956511e-09]
not reaching the requested tolerance 1e-09.
Use iteration 51 instead with accuracy 
1.5595651137581375e-09.

  values, vectors = lobpcg(projected_hamiltonian, guess, largest=False,
/home/erosanow_hpc/informed_swapping/BARK.py:156: UserWarning: Exited postprocessing with accuracies 
[1.55956517e-09]
not reaching the requested tolerance 1e-09.
  values, vectors = lobpcg(projected_hamiltonian, guess, largest=False,
/home/erosanow_hpc/informed_swapping/BARK.py:156: UserWarning: Exited at iteration 50 with accuracies 
[1.18267347e-09]
not reaching the requested tolerance 1e-09.
Use iteration 51 instead with accuracy 
1.1826734651280435e-09.

  values, vectors = lobpcg(projected_hamiltonian, guess, largest=False,
/home/erosanow_hpc/informed_swapping/BARK.py:156: UserWarning: Exited postprocessing with accuracies 
[1.18267327e-09]
not reaching the requested tolerance 1e-09.
  values, vectors = lobpcg(projected_hamiltonian, guess, largest=False,
/home/erosanow_hpc/informed_swapping/BARK.py:156: UserWarning: Exited at iteration 50 with accuracies 
[1.79224917e-09]
not reaching the requested tolerance 1e-09.
Use iteration 51 instead with accuracy 
1.7922491730721783e-09.

  values, vectors = lobpcg(projected_hamiltonian, guess, largest=False,
/home/erosanow_hpc/informed_swapping/BARK.py:156: UserWarning: Exited postprocessing with accuracies 
[1.79224903e-09]
not reaching the requested tolerance 1e-09.
  values, vectors = lobpcg(projected_hamiltonian, guess, largest=False,
/home/erosanow_hpc/informed_swapping/BARK.py:156: UserWarning: Exited at iteration 50 with accuracies 
[1.33547203e-09]
not reaching the requested tolerance 1e-09.
Use iteration 51 instead with accuracy 
1.3354720259218884e-09.

  values, vectors = lobpcg(projected_hamiltonian, guess, largest=False,
/home/erosanow_hpc/informed_swapping/BARK.py:156: UserWarning: Exited postprocessing with accuracies 
[1.33547183e-09]
not reaching the requested tolerance 1e-09.
  values, vectors = lobpcg(projected_hamiltonian, guess, largest=False,
/home/erosanow_hpc/informed_swapping/BARK.py:156: UserWarning: Exited at iteration 50 with accuracies 
[1.85919858e-09]
not reaching the requested tolerance 1e-09.
Use iteration 51 instead with accuracy 
1.8591985815044796e-09.

  values, vectors = lobpcg(projected_hamiltonian, guess, largest=False,
/home/erosanow_hpc/informed_swapping/BARK.py:156: UserWarning: Exited postprocessing with accuracies 
[1.85919865e-09]
not reaching the requested tolerance 1e-09.
  values, vectors = lobpcg(projected_hamiltonian, guess, largest=False,
/home/erosanow_hpc/informed_swapping/BARK.py:156: UserWarning: Exited at iteration 50 with accuracies 
[1.01977409e-09]
not reaching the requested tolerance 1e-09.
Use iteration 51 instead with accuracy 
1.0197740909070134e-09.

  values, vectors = lobpcg(projected_hamiltonian, guess, largest=False,
/home/erosanow_hpc/informed_swapping/BARK.py:156: UserWarning: Exited postprocessing with accuracies 
[1.01977405e-09]
not reaching the requested tolerance 1e-09.
  values, vectors = lobpcg(projected_hamiltonian, guess, largest=False,
/home/erosanow_hpc/informed_swapping/BARK.py:156: UserWarning: Exited at iteration 50 with accuracies 
[1.42226725e-09]
not reaching the requested tolerance 1e-09.
Use iteration 51 instead with accuracy 
1.4222672480272884e-09.

  values, vectors = lobpcg(projected_hamiltonian, guess, largest=False,
/home/erosanow_hpc/informed_swapping/BARK.py:156: UserWarning: Exited postprocessing with accuracies 
[1.42226734e-09]
not reaching the requested tolerance 1e-09.
  values, vectors = lobpcg(projected_hamiltonian, guess, largest=False,
/home/erosanow_hpc/informed_swapping/BARK.py:156: UserWarning: Exited at iteration 50 with accuracies 
[1.04342137e-09]
not reaching the requested tolerance 1e-09.
Use iteration 51 instead with accuracy 
1.0434213693116402e-09.

  values, vectors = lobpcg(projected_hamiltonian, guess, largest=False,
/home/erosanow_hpc/informed_swapping/BARK.py:156: UserWarning: Exited postprocessing with accuracies 
[1.04342139e-09]
not reaching the requested tolerance 1e-09.
  values, vectors = lobpcg(projected_hamiltonian, guess, largest=False,
/home/erosanow_hpc/informed_swapping/BARK.py:156: UserWarning: Exited at iteration 50 with accuracies 
[1.66420507e-09]
not reaching the requested tolerance 1e-09.
Use iteration 51 instead with accuracy 
1.6642050673652177e-09.

  values, vectors = lobpcg(projected_hamiltonian, guess, largest=False,
/home/erosanow_hpc/informed_swapping/BARK.py:156: UserWarning: Exited postprocessing with accuracies 
[1.66420498e-09]
not reaching the requested tolerance 1e-09.
  values, vectors = lobpcg(projected_hamiltonian, guess, largest=False,
/home/erosanow_hpc/informed_swapping/BARK.py:156: UserWarning: Exited at iteration 50 with accuracies 
[3.49012343e-09]
not reaching the requested tolerance 1e-09.
Use iteration 51 instead with accuracy 
3.490123432473612e-09.

  values, vectors = lobpcg(projected_hamiltonian, guess, largest=False,
/home/erosanow_hpc/informed_swapping/BARK.py:156: UserWarning: Exited postprocessing with accuracies 
[3.49012351e-09]
not reaching the requested tolerance 1e-09.
  values, vectors = lobpcg(projected_hamiltonian, guess, largest=False,
/home/erosanow_hpc/informed_swapping/BARK.py:156: UserWarning: Exited at iteration 50 with accuracies 
[4.93404114e-09]
not reaching the requested tolerance 1e-09.
Use iteration 51 instead with accuracy 
4.934041138823366e-09.

  values, vectors = lobpcg(projected_hamiltonian, guess, largest=False,
/home/erosanow_hpc/informed_swapping/BARK.py:156: UserWarning: Exited postprocessing with accuracies 
[4.93404109e-09]
not reaching the requested tolerance 1e-09.
  values, vectors = lobpcg(projected_hamiltonian, guess, largest=False,
/home/erosanow_hpc/informed_swapping/BARK.py:156: UserWarning: Exited at iteration 50 with accuracies 
[1.37696644e-09]
not reaching the requested tolerance 1e-09.
Use iteration 51 instead with accuracy 
1.3769664358425244e-09.

  values, vectors = lobpcg(projected_hamiltonian, guess, largest=False,
/home/erosanow_hpc/informed_swapping/BARK.py:156: UserWarning: Exited postprocessing with accuracies 
[1.37696628e-09]
not reaching the requested tolerance 1e-09.
  values, vectors = lobpcg(projected_hamiltonian, guess, largest=False,
/home/erosanow_hpc/informed_swapping/BARK.py:156: UserWarning: Exited at iteration 50 with accuracies 
[1.85300038e-09]
not reaching the requested tolerance 1e-09.
Use iteration 51 instead with accuracy 
1.8530003800189467e-09.

  values, vectors = lobpcg(projected_hamiltonian, guess, largest=False,
/home/erosanow_hpc/informed_swapping/BARK.py:156: UserWarning: Exited postprocessing with accuracies 
[1.85300064e-09]
not reaching the requested tolerance 1e-09.
  values, vectors = lobpcg(projected_hamiltonian, guess, largest=False,
/home/erosanow_hpc/informed_swapping/BARK.py:156: UserWarning: Exited at iteration 50 with accuracies 
[1.41262571e-09]
not reaching the requested tolerance 1e-09.
Use iteration 51 instead with accuracy 
1.412625710491693e-09.

  values, vectors = lobpcg(projected_hamiltonian, guess, largest=False,
/home/erosanow_hpc/informed_swapping/BARK.py:156: UserWarning: Exited postprocessing with accuracies 
[1.41262568e-09]
not reaching the requested tolerance 1e-09.
  values, vectors = lobpcg(projected_hamiltonian, guess, largest=False,
/home/erosanow_hpc/informed_swapping/BARK.py:156: UserWarning: Exited at iteration 50 with accuracies 
[2.16032518e-09]
not reaching the requested tolerance 1e-09.
Use iteration 51 instead with accuracy 
2.16032518101578e-09.

  values, vectors = lobpcg(projected_hamiltonian, guess, largest=False,
/home/erosanow_hpc/informed_swapping/BARK.py:156: UserWarning: Exited postprocessing with accuracies 
[2.16032541e-09]
not reaching the requested tolerance 1e-09.
  values, vectors = lobpcg(projected_hamiltonian, guess, largest=False,
/home/erosanow_hpc/informed_swapping/BARK.py:156: UserWarning: Exited at iteration 50 with accuracies 
[2.23471813e-09]
not reaching the requested tolerance 1e-09.
Use iteration 51 instead with accuracy 
2.2347181274957343e-09.

  values, vectors = lobpcg(projected_hamiltonian, guess, largest=False,
/home/erosanow_hpc/informed_swapping/BARK.py:156: UserWarning: Exited postprocessing with accuracies 
[2.23471807e-09]
not reaching the requested tolerance 1e-09.
  values, vectors = lobpcg(projected_hamiltonian, guess, largest=False,
/home/erosanow_hpc/informed_swapping/BARK.py:156: UserWarning: Exited at iteration 50 with accuracies 
[3.08541705e-09]
not reaching the requested tolerance 1e-09.
Use iteration 51 instead with accuracy 
3.0854170451360057e-09.

  values, vectors = lobpcg(projected_hamiltonian, guess, largest=False,
/home/erosanow_hpc/informed_swapping/BARK.py:156: UserWarning: Exited postprocessing with accuracies 
[3.08541691e-09]
not reaching the requested tolerance 1e-09.
  values, vectors = lobpcg(projected_hamiltonian, guess, largest=False,
/home/erosanow_hpc/informed_swapping/BARK.py:156: UserWarning: Exited at iteration 50 with accuracies 
[1.36592283e-09]
not reaching the requested tolerance 1e-09.
Use iteration 51 instead with accuracy 
1.365922831576323e-09.

  values, vectors = lobpcg(projected_hamiltonian, guess, largest=False,
/home/erosanow_hpc/informed_swapping/BARK.py:156: UserWarning: Exited postprocessing with accuracies 
[1.36592305e-09]
not reaching the requested tolerance 1e-09.
  values, vectors = lobpcg(projected_hamiltonian, guess, largest=False,
/home/erosanow_hpc/informed_swapping/BARK.py:156: UserWarning: Exited at iteration 50 with accuracies 
[1.53757621e-09]
not reaching the requested tolerance 1e-09.
Use iteration 51 instead with accuracy 
1.5375762138174417e-09.

  values, vectors = lobpcg(projected_hamiltonian, guess, largest=False,
/home/erosanow_hpc/informed_swapping/BARK.py:156: UserWarning: Exited postprocessing with accuracies 
[1.53757615e-09]
not reaching the requested tolerance 1e-09.
  values, vectors = lobpcg(projected_hamiltonian, guess, largest=False,
/home/erosanow_hpc/informed_swapping/BARK.py:156: UserWarning: Exited at iteration 50 with accuracies 
[2.2372772e-09]
not reaching the requested tolerance 1e-09.
Use iteration 51 instead with accuracy 
2.237277201665664e-09.

  values, vectors = lobpcg(projected_hamiltonian, guess, largest=False,
/home/erosanow_hpc/informed_swapping/BARK.py:156: UserWarning: Exited postprocessing with accuracies 
[2.23727712e-09]
not reaching the requested tolerance 1e-09.
  values, vectors = lobpcg(projected_hamiltonian, guess, largest=False,
/home/erosanow_hpc/informed_swapping/BARK.py:156: UserWarning: Exited at iteration 50 with accuracies 
[1.45738464e-09]
not reaching the requested tolerance 1e-09.
Use iteration 51 instead with accuracy 
1.4573846379758371e-09.

  values, vectors = lobpcg(projected_hamiltonian, guess, largest=False,
/home/erosanow_hpc/informed_swapping/BARK.py:156: UserWarning: Exited postprocessing with accuracies 
[1.45738477e-09]
not reaching the requested tolerance 1e-09.
  values, vectors = lobpcg(projected_hamiltonian, guess, largest=False,
/home/erosanow_hpc/informed_swapping/BARK.py:156: UserWarning: Exited at iteration 50 with accuracies 
[2.35743879e-09]
not reaching the requested tolerance 1e-09.
Use iteration 51 instead with accuracy 
2.3574387948118307e-09.

  values, vectors = lobpcg(projected_hamiltonian, guess, largest=False,
/home/erosanow_hpc/informed_swapping/BARK.py:156: UserWarning: Exited postprocessing with accuracies 
[2.35743878e-09]
not reaching the requested tolerance 1e-09.
  values, vectors = lobpcg(projected_hamiltonian, guess, largest=False,
/home/erosanow_hpc/informed_swapping/BARK.py:156: UserWarning: Exited at iteration 50 with accuracies 
[2.57727803e-09]
not reaching the requested tolerance 1e-09.
Use iteration 51 instead with accuracy 
2.577278031473693e-09.

  values, vectors = lobpcg(projected_hamiltonian, guess, largest=False,
/home/erosanow_hpc/informed_swapping/BARK.py:156: UserWarning: Exited postprocessing with accuracies 
[2.57727783e-09]
not reaching the requested tolerance 1e-09.
  values, vectors = lobpcg(projected_hamiltonian, guess, largest=False,
/home/erosanow_hpc/informed_swapping/BARK.py:156: UserWarning: Exited at iteration 50 with accuracies 
[3.72682517e-09]
not reaching the requested tolerance 1e-09.
Use iteration 51 instead with accuracy 
3.726825173059235e-09.

  values, vectors = lobpcg(projected_hamiltonian, guess, largest=False,
/home/erosanow_hpc/informed_swapping/BARK.py:156: UserWarning: Exited postprocessing with accuracies 
[3.72682543e-09]
not reaching the requested tolerance 1e-09.
  values, vectors = lobpcg(projected_hamiltonian, guess, largest=False,
/home/erosanow_hpc/informed_swapping/BARK.py:156: UserWarning: Exited at iteration 50 with accuracies 
[1.66064611e-09]
not reaching the requested tolerance 1e-09.
Use iteration 51 instead with accuracy 
1.6606461108197367e-09.

  values, vectors = lobpcg(projected_hamiltonian, guess, largest=False,
/home/erosanow_hpc/informed_swapping/BARK.py:156: UserWarning: Exited postprocessing with accuracies 
[1.66064599e-09]
not reaching the requested tolerance 1e-09.
  values, vectors = lobpcg(projected_hamiltonian, guess, largest=False,
/home/erosanow_hpc/informed_swapping/BARK.py:156: UserWarning: Exited at iteration 50 with accuracies 
[2.47843475e-09]
not reaching the requested tolerance 1e-09.
Use iteration 51 instead with accuracy 
2.478434745197584e-09.

  values, vectors = lobpcg(projected_hamiltonian, guess, largest=False,
/home/erosanow_hpc/informed_swapping/BARK.py:156: UserWarning: Exited postprocessing with accuracies 
[2.47843504e-09]
not reaching the requested tolerance 1e-09.
  values, vectors = lobpcg(projected_hamiltonian, guess, largest=False,
/home/erosanow_hpc/informed_swapping/BARK.py:156: UserWarning: Exited at iteration 50 with accuracies 
[1.35982947e-09]
not reaching the requested tolerance 1e-09.
Use iteration 51 instead with accuracy 
1.3598294659160695e-09.

  values, vectors = lobpcg(projected_hamiltonian, guess, largest=False,
/home/erosanow_hpc/informed_swapping/BARK.py:156: UserWarning: Exited postprocessing with accuracies 
[1.35982961e-09]
not reaching the requested tolerance 1e-09.
  values, vectors = lobpcg(projected_hamiltonian, guess, largest=False,
/home/erosanow_hpc/informed_swapping/BARK.py:156: UserWarning: Exited at iteration 50 with accuracies 
[1.91116588e-09]
not reaching the requested tolerance 1e-09.
Use iteration 51 instead with accuracy 
1.9111658762156975e-09.

  values, vectors = lobpcg(projected_hamiltonian, guess, largest=False,
/home/erosanow_hpc/informed_swapping/BARK.py:156: UserWarning: Exited postprocessing with accuracies 
[1.91116578e-09]
not reaching the requested tolerance 1e-09.
  values, vectors = lobpcg(projected_hamiltonian, guess, largest=False,
/home/erosanow_hpc/informed_swapping/BARK.py:156: UserWarning: Exited at iteration 50 with accuracies 
[1.47614331e-09]
not reaching the requested tolerance 1e-09.
Use iteration 51 instead with accuracy 
1.4761433064354032e-09.

  values, vectors = lobpcg(projected_hamiltonian, guess, largest=False,
/home/erosanow_hpc/informed_swapping/BARK.py:156: UserWarning: Exited postprocessing with accuracies 
[1.47614334e-09]
not reaching the requested tolerance 1e-09.
  values, vectors = lobpcg(projected_hamiltonian, guess, largest=False,
/home/erosanow_hpc/informed_swapping/BARK.py:156: UserWarning: Exited at iteration 50 with accuracies 
[2.35295735e-09]
not reaching the requested tolerance 1e-09.
Use iteration 51 instead with accuracy 
2.352957352071023e-09.

  values, vectors = lobpcg(projected_hamiltonian, guess, largest=False,
/home/erosanow_hpc/informed_swapping/BARK.py:156: UserWarning: Exited postprocessing with accuracies 
[2.35295728e-09]
not reaching the requested tolerance 1e-09.
  values, vectors = lobpcg(projected_hamiltonian, guess, largest=False,
/home/erosanow_hpc/informed_swapping/BARK.py:156: UserWarning: Exited at iteration 50 with accuracies 
[4.68631916e-09]
not reaching the requested tolerance 1e-09.
Use iteration 51 instead with accuracy 
4.686319156462734e-09.

  values, vectors = lobpcg(projected_hamiltonian, guess, largest=False,
/home/erosanow_hpc/informed_swapping/BARK.py:156: UserWarning: Exited postprocessing with accuracies 
[4.68631906e-09]
not reaching the requested tolerance 1e-09.
  values, vectors = lobpcg(projected_hamiltonian, guess, largest=False,
/home/erosanow_hpc/informed_swapping/BARK.py:156: UserWarning: Exited at iteration 50 with accuracies 
[6.57167873e-09]
not reaching the requested tolerance 1e-09.
Use iteration 51 instead with accuracy 
6.5716787287147314e-09.

  values, vectors = lobpcg(projected_hamiltonian, guess, largest=False,
/home/erosanow_hpc/informed_swapping/BARK.py:156: UserWarning: Exited postprocessing with accuracies 
[6.57167868e-09]
not reaching the requested tolerance 1e-09.
  values, vectors = lobpcg(projected_hamiltonian, guess, largest=False,
/home/erosanow_hpc/informed_swapping/BARK.py:156: UserWarning: Exited at iteration 50 with accuracies 
[3.35921138e-09]
not reaching the requested tolerance 1e-09.
Use iteration 51 instead with accuracy 
3.3592113809680623e-09.

  values, vectors = lobpcg(projected_hamiltonian, guess, largest=False,
/home/erosanow_hpc/informed_swapping/BARK.py:156: UserWarning: Exited postprocessing with accuracies 
[3.35921127e-09]
not reaching the requested tolerance 1e-09.
  values, vectors = lobpcg(projected_hamiltonian, guess, largest=False,
/home/erosanow_hpc/informed_swapping/BARK.py:156: UserWarning: Exited at iteration 50 with accuracies 
[5.19860261e-09]
not reaching the requested tolerance 1e-09.
Use iteration 51 instead with accuracy 
5.198602609822538e-09.

  values, vectors = lobpcg(projected_hamiltonian, guess, largest=False,
/home/erosanow_hpc/informed_swapping/BARK.py:156: UserWarning: Exited postprocessing with accuracies 
[5.19860271e-09]
not reaching the requested tolerance 1e-09.
  values, vectors = lobpcg(projected_hamiltonian, guess, largest=False,
/home/erosanow_hpc/informed_swapping/BARK.py:156: UserWarning: Exited at iteration 50 with accuracies 
[3.16213905e-09]
not reaching the requested tolerance 1e-09.
Use iteration 51 instead with accuracy 
3.1621390546203667e-09.

  values, vectors = lobpcg(projected_hamiltonian, guess, largest=False,
/home/erosanow_hpc/informed_swapping/BARK.py:156: UserWarning: Exited postprocessing with accuracies 
[3.16213897e-09]
not reaching the requested tolerance 1e-09.
  values, vectors = lobpcg(projected_hamiltonian, guess, largest=False,
/home/erosanow_hpc/informed_swapping/BARK.py:156: UserWarning: Exited at iteration 50 with accuracies 
[4.59654476e-09]
not reaching the requested tolerance 1e-09.
Use iteration 51 instead with accuracy 
4.596544756424493e-09.

  values, vectors = lobpcg(projected_hamiltonian, guess, largest=False,
/home/erosanow_hpc/informed_swapping/BARK.py:156: UserWarning: Exited postprocessing with accuracies 
[4.59654475e-09]
not reaching the requested tolerance 1e-09.
  values, vectors = lobpcg(projected_hamiltonian, guess, largest=False,
/home/erosanow_hpc/informed_swapping/BARK.py:156: UserWarning: Exited at iteration 50 with accuracies 
[3.42984586e-09]
not reaching the requested tolerance 1e-09.
Use iteration 51 instead with accuracy 
3.4298458637836315e-09.

  values, vectors = lobpcg(projected_hamiltonian, guess, largest=False,
/home/erosanow_hpc/informed_swapping/BARK.py:156: UserWarning: Exited postprocessing with accuracies 
[3.42984604e-09]
not reaching the requested tolerance 1e-09.
  values, vectors = lobpcg(projected_hamiltonian, guess, largest=False,
/home/erosanow_hpc/informed_swapping/BARK.py:156: UserWarning: Exited at iteration 50 with accuracies 
[5.7795097e-09]
not reaching the requested tolerance 1e-09.
Use iteration 51 instead with accuracy 
5.779509700693474e-09.

  values, vectors = lobpcg(projected_hamiltonian, guess, largest=False,
/home/erosanow_hpc/informed_swapping/BARK.py:156: UserWarning: Exited postprocessing with accuracies 
[5.7795098e-09]
not reaching the requested tolerance 1e-09.
  values, vectors = lobpcg(projected_hamiltonian, guess, largest=False,
/home/erosanow_hpc/informed_swapping/BARK.py:156: UserWarning: Exited at iteration 50 with accuracies 
[1.09733112e-08]
not reaching the requested tolerance 1e-09.
Use iteration 51 instead with accuracy 
1.0973311215114075e-08.

  values, vectors = lobpcg(projected_hamiltonian, guess, largest=False,
/home/erosanow_hpc/informed_swapping/BARK.py:156: UserWarning: Exited postprocessing with accuracies 
[1.09733114e-08]
not reaching the requested tolerance 1e-09.
  values, vectors = lobpcg(projected_hamiltonian, guess, largest=False,
/home/erosanow_hpc/informed_swapping/BARK.py:156: UserWarning: Exited at iteration 50 with accuracies 
[1.63168421e-08]
not reaching the requested tolerance 1e-09.
Use iteration 51 instead with accuracy 
1.631684207755085e-08.

  values, vectors = lobpcg(projected_hamiltonian, guess, largest=False,
/home/erosanow_hpc/informed_swapping/BARK.py:156: UserWarning: Exited postprocessing with accuracies 
[1.63168419e-08]
not reaching the requested tolerance 1e-09.
  values, vectors = lobpcg(projected_hamiltonian, guess, largest=False,
/home/erosanow_hpc/informed_swapping/BARK.py:156: UserWarning: Exited at iteration 50 with accuracies 
[1.36609657e-09]
not reaching the requested tolerance 1e-09.
Use iteration 51 instead with accuracy 
1.3660965688232292e-09.

  values, vectors = lobpcg(projected_hamiltonian, guess, largest=False,
/home/erosanow_hpc/informed_swapping/BARK.py:156: UserWarning: Exited postprocessing with accuracies 
[1.36609656e-09]
not reaching the requested tolerance 1e-09.
  values, vectors = lobpcg(projected_hamiltonian, guess, largest=False,
/home/erosanow_hpc/informed_swapping/BARK.py:156: UserWarning: Exited at iteration 50 with accuracies 
[1.60528186e-09]
not reaching the requested tolerance 1e-09.
Use iteration 51 instead with accuracy 
1.605281857562908e-09.

  values, vectors = lobpcg(projected_hamiltonian, guess, largest=False,
/home/erosanow_hpc/informed_swapping/BARK.py:156: UserWarning: Exited postprocessing with accuracies 
[1.60528186e-09]
not reaching the requested tolerance 1e-09.
  values, vectors = lobpcg(projected_hamiltonian, guess, largest=False,
/home/erosanow_hpc/informed_swapping/BARK.py:156: UserWarning: Exited at iteration 50 with accuracies 
[2.17109262e-09]
not reaching the requested tolerance 1e-09.
Use iteration 51 instead with accuracy 
2.1710926164954255e-09.

  values, vectors = lobpcg(projected_hamiltonian, guess, largest=False,
/home/erosanow_hpc/informed_swapping/BARK.py:156: UserWarning: Exited postprocessing with accuracies 
[2.17109273e-09]
not reaching the requested tolerance 1e-09.
  values, vectors = lobpcg(projected_hamiltonian, guess, largest=False,
/home/erosanow_hpc/informed_swapping/BARK.py:156: UserWarning: Exited at iteration 50 with accuracies 
[1.60213153e-09]
not reaching the requested tolerance 1e-09.
Use iteration 51 instead with accuracy 
1.6021315307521284e-09.

  values, vectors = lobpcg(projected_hamiltonian, guess, largest=False,
/home/erosanow_hpc/informed_swapping/BARK.py:156: UserWarning: Exited postprocessing with accuracies 
[1.60213176e-09]
not reaching the requested tolerance 1e-09.
  values, vectors = lobpcg(projected_hamiltonian, guess, largest=False,
/home/erosanow_hpc/informed_swapping/BARK.py:156: UserWarning: Exited at iteration 50 with accuracies 
[2.45996113e-09]
not reaching the requested tolerance 1e-09.
Use iteration 51 instead with accuracy 
2.459961134844167e-09.

  values, vectors = lobpcg(projected_hamiltonian, guess, largest=False,
/home/erosanow_hpc/informed_swapping/BARK.py:156: UserWarning: Exited postprocessing with accuracies 
[2.45996067e-09]
not reaching the requested tolerance 1e-09.
  values, vectors = lobpcg(projected_hamiltonian, guess, largest=False,
/home/erosanow_hpc/informed_swapping/BARK.py:156: UserWarning: Exited at iteration 50 with accuracies 
[1.38852914e-09]
not reaching the requested tolerance 1e-09.
Use iteration 51 instead with accuracy 
1.3885291449610573e-09.

  values, vectors = lobpcg(projected_hamiltonian, guess, largest=False,
/home/erosanow_hpc/informed_swapping/BARK.py:156: UserWarning: Exited postprocessing with accuracies 
[1.38852917e-09]
not reaching the requested tolerance 1e-09.
  values, vectors = lobpcg(projected_hamiltonian, guess, largest=False,
/home/erosanow_hpc/informed_swapping/BARK.py:156: UserWarning: Exited at iteration 50 with accuracies 
[2.00432181e-09]
not reaching the requested tolerance 1e-09.
Use iteration 51 instead with accuracy 
2.004321810012415e-09.

  values, vectors = lobpcg(projected_hamiltonian, guess, largest=False,
/home/erosanow_hpc/informed_swapping/BARK.py:156: UserWarning: Exited postprocessing with accuracies 
[2.00432167e-09]
not reaching the requested tolerance 1e-09.
  values, vectors = lobpcg(projected_hamiltonian, guess, largest=False,
/home/erosanow_hpc/informed_swapping/BARK.py:156: UserWarning: Exited at iteration 50 with accuracies 
[1.45881344e-09]
not reaching the requested tolerance 1e-09.
Use iteration 51 instead with accuracy 
1.4588134361428257e-09.

  values, vectors = lobpcg(projected_hamiltonian, guess, largest=False,
/home/erosanow_hpc/informed_swapping/BARK.py:156: UserWarning: Exited postprocessing with accuracies 
[1.45881339e-09]
not reaching the requested tolerance 1e-09.
  values, vectors = lobpcg(projected_hamiltonian, guess, largest=False,
/home/erosanow_hpc/informed_swapping/BARK.py:156: UserWarning: Exited at iteration 50 with accuracies 
[1.17777735e-09]
not reaching the requested tolerance 1e-09.
Use iteration 51 instead with accuracy 
1.177777352990414e-09.

  values, vectors = lobpcg(projected_hamiltonian, guess, largest=False,
/home/erosanow_hpc/informed_swapping/BARK.py:156: UserWarning: Exited postprocessing with accuracies 
[1.1777775e-09]
not reaching the requested tolerance 1e-09.
  values, vectors = lobpcg(projected_hamiltonian, guess, largest=False,
/home/erosanow_hpc/informed_swapping/BARK.py:156: UserWarning: Exited at iteration 50 with accuracies 
[1.39494875e-09]
not reaching the requested tolerance 1e-09.
Use iteration 51 instead with accuracy 
1.394948751263379e-09.

  values, vectors = lobpcg(projected_hamiltonian, guess, largest=False,
/home/erosanow_hpc/informed_swapping/BARK.py:156: UserWarning: Exited postprocessing with accuracies 
[1.39494868e-09]
not reaching the requested tolerance 1e-09.
  values, vectors = lobpcg(projected_hamiltonian, guess, largest=False,
/home/erosanow_hpc/informed_swapping/BARK.py:156: UserWarning: Exited at iteration 50 with accuracies 
[2.63276571e-09]
not reaching the requested tolerance 1e-09.
Use iteration 51 instead with accuracy 
2.6327657127234044e-09.

  values, vectors = lobpcg(projected_hamiltonian, guess, largest=False,
/home/erosanow_hpc/informed_swapping/BARK.py:156: UserWarning: Exited postprocessing with accuracies 
[2.63276546e-09]
not reaching the requested tolerance 1e-09.
  values, vectors = lobpcg(projected_hamiltonian, guess, largest=False,
/home/erosanow_hpc/informed_swapping/BARK.py:156: UserWarning: Exited at iteration 50 with accuracies 
[3.62151768e-09]
not reaching the requested tolerance 1e-09.
Use iteration 51 instead with accuracy 
3.6215176829623436e-09.

  values, vectors = lobpcg(projected_hamiltonian, guess, largest=False,
/home/erosanow_hpc/informed_swapping/BARK.py:156: UserWarning: Exited postprocessing with accuracies 
[3.62151765e-09]
not reaching the requested tolerance 1e-09.
  values, vectors = lobpcg(projected_hamiltonian, guess, largest=False,
/home/erosanow_hpc/informed_swapping/BARK.py:156: UserWarning: Exited at iteration 50 with accuracies 
[1.71829587e-09]
not reaching the requested tolerance 1e-09.
Use iteration 51 instead with accuracy 
1.718295874591464e-09.

  values, vectors = lobpcg(projected_hamiltonian, guess, largest=False,
/home/erosanow_hpc/informed_swapping/BARK.py:156: UserWarning: Exited postprocessing with accuracies 
[1.7182958e-09]
not reaching the requested tolerance 1e-09.
  values, vectors = lobpcg(projected_hamiltonian, guess, largest=False,
/home/erosanow_hpc/informed_swapping/BARK.py:156: UserWarning: Exited at iteration 50 with accuracies 
[2.61504839e-09]
not reaching the requested tolerance 1e-09.
Use iteration 51 instead with accuracy 
2.6150483920095353e-09.

  values, vectors = lobpcg(projected_hamiltonian, guess, largest=False,
/home/erosanow_hpc/informed_swapping/BARK.py:156: UserWarning: Exited postprocessing with accuracies 
[2.61504792e-09]
not reaching the requested tolerance 1e-09.
  values, vectors = lobpcg(projected_hamiltonian, guess, largest=False,
/home/erosanow_hpc/informed_swapping/BARK.py:156: UserWarning: Exited at iteration 50 with accuracies 
[1.61738724e-09]
not reaching the requested tolerance 1e-09.
Use iteration 51 instead with accuracy 
1.6173872434561623e-09.

  values, vectors = lobpcg(projected_hamiltonian, guess, largest=False,
/home/erosanow_hpc/informed_swapping/BARK.py:156: UserWarning: Exited postprocessing with accuracies 
[1.61738733e-09]
not reaching the requested tolerance 1e-09.
  values, vectors = lobpcg(projected_hamiltonian, guess, largest=False,
/home/erosanow_hpc/informed_swapping/BARK.py:156: UserWarning: Exited at iteration 50 with accuracies 
[2.30416094e-09]
not reaching the requested tolerance 1e-09.
Use iteration 51 instead with accuracy 
2.304160941660212e-09.

  values, vectors = lobpcg(projected_hamiltonian, guess, largest=False,
/home/erosanow_hpc/informed_swapping/BARK.py:156: UserWarning: Exited postprocessing with accuracies 
[2.30416122e-09]
not reaching the requested tolerance 1e-09.
  values, vectors = lobpcg(projected_hamiltonian, guess, largest=False,
/home/erosanow_hpc/informed_swapping/BARK.py:156: UserWarning: Exited at iteration 50 with accuracies 
[1.64401473e-09]
not reaching the requested tolerance 1e-09.
Use iteration 51 instead with accuracy 
1.6440147311874833e-09.

  values, vectors = lobpcg(projected_hamiltonian, guess, largest=False,
/home/erosanow_hpc/informed_swapping/BARK.py:156: UserWarning: Exited postprocessing with accuracies 
[1.64401486e-09]
not reaching the requested tolerance 1e-09.
  values, vectors = lobpcg(projected_hamiltonian, guess, largest=False,
/home/erosanow_hpc/informed_swapping/BARK.py:156: UserWarning: Exited at iteration 50 with accuracies 
[2.7016141e-09]
not reaching the requested tolerance 1e-09.
Use iteration 51 instead with accuracy 
2.701614099753532e-09.

  values, vectors = lobpcg(projected_hamiltonian, guess, largest=False,
/home/erosanow_hpc/informed_swapping/BARK.py:156: UserWarning: Exited postprocessing with accuracies 
[2.70161408e-09]
not reaching the requested tolerance 1e-09.
  values, vectors = lobpcg(projected_hamiltonian, guess, largest=False,
/home/erosanow_hpc/informed_swapping/BARK.py:156: UserWarning: Exited at iteration 50 with accuracies 
[4.87901503e-09]
not reaching the requested tolerance 1e-09.
Use iteration 51 instead with accuracy 
4.8790150285471445e-09.

  values, vectors = lobpcg(projected_hamiltonian, guess, largest=False,
/home/erosanow_hpc/informed_swapping/BARK.py:156: UserWarning: Exited postprocessing with accuracies 
[4.87901502e-09]
not reaching the requested tolerance 1e-09.
  values, vectors = lobpcg(projected_hamiltonian, guess, largest=False,
/home/erosanow_hpc/informed_swapping/BARK.py:156: UserWarning: Exited at iteration 50 with accuracies 
[6.8638856e-09]
not reaching the requested tolerance 1e-09.
Use iteration 51 instead with accuracy 
6.863885597667882e-09.

  values, vectors = lobpcg(projected_hamiltonian, guess, largest=False,
/home/erosanow_hpc/informed_swapping/BARK.py:156: UserWarning: Exited postprocessing with accuracies 
[6.86388557e-09]
not reaching the requested tolerance 1e-09.
  values, vectors = lobpcg(projected_hamiltonian, guess, largest=False,
/home/erosanow_hpc/informed_swapping/BARK.py:156: UserWarning: Exited at iteration 50 with accuracies 
[1.78585743e-09]
not reaching the requested tolerance 1e-09.
Use iteration 51 instead with accuracy 
1.7858574299862882e-09.

  values, vectors = lobpcg(projected_hamiltonian, guess, largest=False,
/home/erosanow_hpc/informed_swapping/BARK.py:156: UserWarning: Exited postprocessing with accuracies 
[1.78585776e-09]
not reaching the requested tolerance 1e-09.
  values, vectors = lobpcg(projected_hamiltonian, guess, largest=False,
/home/erosanow_hpc/informed_swapping/BARK.py:156: UserWarning: Exited at iteration 50 with accuracies 
[1.90196103e-09]
not reaching the requested tolerance 1e-09.
Use iteration 51 instead with accuracy 
1.901961027512164e-09.

  values, vectors = lobpcg(projected_hamiltonian, guess, largest=False,
/home/erosanow_hpc/informed_swapping/BARK.py:156: UserWarning: Exited postprocessing with accuracies 
[1.90196137e-09]
not reaching the requested tolerance 1e-09.
  values, vectors = lobpcg(projected_hamiltonian, guess, largest=False,
/home/erosanow_hpc/informed_swapping/BARK.py:156: UserWarning: Exited at iteration 50 with accuracies 
[2.55455345e-09]
not reaching the requested tolerance 1e-09.
Use iteration 51 instead with accuracy 
2.554553454183168e-09.

  values, vectors = lobpcg(projected_hamiltonian, guess, largest=False,
/home/erosanow_hpc/informed_swapping/BARK.py:156: UserWarning: Exited postprocessing with accuracies 
[2.55455333e-09]
not reaching the requested tolerance 1e-09.
  values, vectors = lobpcg(projected_hamiltonian, guess, largest=False,
/home/erosanow_hpc/informed_swapping/BARK.py:156: UserWarning: Exited at iteration 50 with accuracies 
[1.14111843e-09]
not reaching the requested tolerance 1e-09.
Use iteration 51 instead with accuracy 
1.141118432645966e-09.

  values, vectors = lobpcg(projected_hamiltonian, guess, largest=False,
/home/erosanow_hpc/informed_swapping/BARK.py:156: UserWarning: Exited postprocessing with accuracies 
[1.1411185e-09]
not reaching the requested tolerance 1e-09.
  values, vectors = lobpcg(projected_hamiltonian, guess, largest=False,
/home/erosanow_hpc/informed_swapping/BARK.py:156: UserWarning: Exited at iteration 50 with accuracies 
[1.84503054e-09]
not reaching the requested tolerance 1e-09.
Use iteration 51 instead with accuracy 
1.8450305406413633e-09.

  values, vectors = lobpcg(projected_hamiltonian, guess, largest=False,
/home/erosanow_hpc/informed_swapping/BARK.py:156: UserWarning: Exited postprocessing with accuracies 
[1.84503047e-09]
not reaching the requested tolerance 1e-09.
  values, vectors = lobpcg(projected_hamiltonian, guess, largest=False,
/home/erosanow_hpc/informed_swapping/BARK.py:156: UserWarning: Exited at iteration 50 with accuracies 
[1.89398429e-09]
not reaching the requested tolerance 1e-09.
Use iteration 51 instead with accuracy 
1.893984287052867e-09.

  values, vectors = lobpcg(projected_hamiltonian, guess, largest=False,
/home/erosanow_hpc/informed_swapping/BARK.py:156: UserWarning: Exited postprocessing with accuracies 
[1.89398446e-09]
not reaching the requested tolerance 1e-09.
  values, vectors = lobpcg(projected_hamiltonian, guess, largest=False,
/home/erosanow_hpc/informed_swapping/BARK.py:156: UserWarning: Exited at iteration 50 with accuracies 
[2.68165532e-09]
not reaching the requested tolerance 1e-09.
Use iteration 51 instead with accuracy 
2.681655316501873e-09.

  values, vectors = lobpcg(projected_hamiltonian, guess, largest=False,
/home/erosanow_hpc/informed_swapping/BARK.py:156: UserWarning: Exited postprocessing with accuracies 
[2.68165524e-09]
not reaching the requested tolerance 1e-09.
  values, vectors = lobpcg(projected_hamiltonian, guess, largest=False,
/home/erosanow_hpc/informed_swapping/BARK.py:156: UserWarning: Exited at iteration 50 with accuracies 
[1.26249765e-09]
not reaching the requested tolerance 1e-09.
Use iteration 51 instead with accuracy 
1.2624976543484614e-09.

  values, vectors = lobpcg(projected_hamiltonian, guess, largest=False,
/home/erosanow_hpc/informed_swapping/BARK.py:156: UserWarning: Exited postprocessing with accuracies 
[1.26249782e-09]
not reaching the requested tolerance 1e-09.
  values, vectors = lobpcg(projected_hamiltonian, guess, largest=False,
/home/erosanow_hpc/informed_swapping/BARK.py:156: UserWarning: Exited at iteration 50 with accuracies 
[1.9737501e-09]
not reaching the requested tolerance 1e-09.
Use iteration 51 instead with accuracy 
1.973750102257817e-09.

  values, vectors = lobpcg(projected_hamiltonian, guess, largest=False,
/home/erosanow_hpc/informed_swapping/BARK.py:156: UserWarning: Exited postprocessing with accuracies 
[1.97374968e-09]
not reaching the requested tolerance 1e-09.
  values, vectors = lobpcg(projected_hamiltonian, guess, largest=False,
/home/erosanow_hpc/informed_swapping/BARK.py:156: UserWarning: Exited at iteration 50 with accuracies 
[3.61202532e-09]
not reaching the requested tolerance 1e-09.
Use iteration 51 instead with accuracy 
3.612025319085556e-09.

  values, vectors = lobpcg(projected_hamiltonian, guess, largest=False,
/home/erosanow_hpc/informed_swapping/BARK.py:156: UserWarning: Exited postprocessing with accuracies 
[3.61202532e-09]
not reaching the requested tolerance 1e-09.
  values, vectors = lobpcg(projected_hamiltonian, guess, largest=False,
/home/erosanow_hpc/informed_swapping/BARK.py:156: UserWarning: Exited at iteration 50 with accuracies 
[4.99552808e-09]
not reaching the requested tolerance 1e-09.
Use iteration 51 instead with accuracy 
4.995528083189379e-09.

  values, vectors = lobpcg(projected_hamiltonian, guess, largest=False,
/home/erosanow_hpc/informed_swapping/BARK.py:156: UserWarning: Exited postprocessing with accuracies 
[4.995528e-09]
not reaching the requested tolerance 1e-09.
  values, vectors = lobpcg(projected_hamiltonian, guess, largest=False,
/home/erosanow_hpc/informed_swapping/BARK.py:156: UserWarning: Exited at iteration 50 with accuracies 
[3.79357644e-09]
not reaching the requested tolerance 1e-09.
Use iteration 51 instead with accuracy 
3.793576435121775e-09.

  values, vectors = lobpcg(projected_hamiltonian, guess, largest=False,
/home/erosanow_hpc/informed_swapping/BARK.py:156: UserWarning: Exited postprocessing with accuracies 
[3.79357663e-09]
not reaching the requested tolerance 1e-09.
  values, vectors = lobpcg(projected_hamiltonian, guess, largest=False,
/home/erosanow_hpc/informed_swapping/BARK.py:156: UserWarning: Exited at iteration 50 with accuracies 
[5.99984951e-09]
not reaching the requested tolerance 1e-09.
Use iteration 51 instead with accuracy 
5.999849509688858e-09.

  values, vectors = lobpcg(projected_hamiltonian, guess, largest=False,
/home/erosanow_hpc/informed_swapping/BARK.py:156: UserWarning: Exited postprocessing with accuracies 
[5.99984953e-09]
not reaching the requested tolerance 1e-09.
  values, vectors = lobpcg(projected_hamiltonian, guess, largest=False,
/home/erosanow_hpc/informed_swapping/BARK.py:156: UserWarning: Exited at iteration 50 with accuracies 
[4.07651206e-09]
not reaching the requested tolerance 1e-09.
Use iteration 51 instead with accuracy 
4.076512063189367e-09.

  values, vectors = lobpcg(projected_hamiltonian, guess, largest=False,
/home/erosanow_hpc/informed_swapping/BARK.py:156: UserWarning: Exited postprocessing with accuracies 
[4.07651231e-09]
not reaching the requested tolerance 1e-09.
  values, vectors = lobpcg(projected_hamiltonian, guess, largest=False,
/home/erosanow_hpc/informed_swapping/BARK.py:156: UserWarning: Exited at iteration 50 with accuracies 
[5.99743317e-09]
not reaching the requested tolerance 1e-09.
Use iteration 51 instead with accuracy 
5.9974331669590825e-09.

  values, vectors = lobpcg(projected_hamiltonian, guess, largest=False,
/home/erosanow_hpc/informed_swapping/BARK.py:156: UserWarning: Exited postprocessing with accuracies 
[5.99743343e-09]
not reaching the requested tolerance 1e-09.
  values, vectors = lobpcg(projected_hamiltonian, guess, largest=False,
/home/erosanow_hpc/informed_swapping/BARK.py:156: UserWarning: Exited at iteration 50 with accuracies 
[2.41763899e-09]
not reaching the requested tolerance 1e-09.
Use iteration 51 instead with accuracy 
2.417638992855984e-09.

  values, vectors = lobpcg(projected_hamiltonian, guess, largest=False,
/home/erosanow_hpc/informed_swapping/BARK.py:156: UserWarning: Exited postprocessing with accuracies 
[2.41763887e-09]
not reaching the requested tolerance 1e-09.
  values, vectors = lobpcg(projected_hamiltonian, guess, largest=False,
/home/erosanow_hpc/informed_swapping/BARK.py:156: UserWarning: Exited at iteration 50 with accuracies 
[3.64927014e-09]
not reaching the requested tolerance 1e-09.
Use iteration 51 instead with accuracy 
3.6492701410598404e-09.

  values, vectors = lobpcg(projected_hamiltonian, guess, largest=False,
/home/erosanow_hpc/informed_swapping/BARK.py:156: UserWarning: Exited postprocessing with accuracies 
[3.64927031e-09]
not reaching the requested tolerance 1e-09.
  values, vectors = lobpcg(projected_hamiltonian, guess, largest=False,
/home/erosanow_hpc/informed_swapping/BARK.py:156: UserWarning: Exited at iteration 50 with accuracies 
[2.50900834e-09]
not reaching the requested tolerance 1e-09.
Use iteration 51 instead with accuracy 
2.50900833555548e-09.

  values, vectors = lobpcg(projected_hamiltonian, guess, largest=False,
/home/erosanow_hpc/informed_swapping/BARK.py:156: UserWarning: Exited postprocessing with accuracies 
[2.50900849e-09]
not reaching the requested tolerance 1e-09.
  values, vectors = lobpcg(projected_hamiltonian, guess, largest=False,
/home/erosanow_hpc/informed_swapping/BARK.py:156: UserWarning: Exited at iteration 50 with accuracies 
[3.55233533e-09]
not reaching the requested tolerance 1e-09.
Use iteration 51 instead with accuracy 
3.552335328126958e-09.

  values, vectors = lobpcg(projected_hamiltonian, guess, largest=False,
/home/erosanow_hpc/informed_swapping/BARK.py:156: UserWarning: Exited postprocessing with accuracies 
[3.55233529e-09]
not reaching the requested tolerance 1e-09.
  values, vectors = lobpcg(projected_hamiltonian, guess, largest=False,
/home/erosanow_hpc/informed_swapping/BARK.py:156: UserWarning: Exited at iteration 50 with accuracies 
[2.54645833e-09]
not reaching the requested tolerance 1e-09.
Use iteration 51 instead with accuracy 
2.546458332642529e-09.

  values, vectors = lobpcg(projected_hamiltonian, guess, largest=False,
/home/erosanow_hpc/informed_swapping/BARK.py:156: UserWarning: Exited postprocessing with accuracies 
[2.54645832e-09]
not reaching the requested tolerance 1e-09.
  values, vectors = lobpcg(projected_hamiltonian, guess, largest=False,
/home/erosanow_hpc/informed_swapping/BARK.py:156: UserWarning: Exited at iteration 50 with accuracies 
[4.15138563e-09]
not reaching the requested tolerance 1e-09.
Use iteration 51 instead with accuracy 
4.151385626808524e-09.

  values, vectors = lobpcg(projected_hamiltonian, guess, largest=False,
/home/erosanow_hpc/informed_swapping/BARK.py:156: UserWarning: Exited postprocessing with accuracies 
[4.1513857e-09]
not reaching the requested tolerance 1e-09.
  values, vectors = lobpcg(projected_hamiltonian, guess, largest=False,
/home/erosanow_hpc/informed_swapping/BARK.py:156: UserWarning: Exited at iteration 50 with accuracies 
[6.69997963e-09]
not reaching the requested tolerance 1e-09.
Use iteration 51 instead with accuracy 
6.699979629114383e-09.

  values, vectors = lobpcg(projected_hamiltonian, guess, largest=False,
/home/erosanow_hpc/informed_swapping/BARK.py:156: UserWarning: Exited postprocessing with accuracies 
[6.69997953e-09]
not reaching the requested tolerance 1e-09.
  values, vectors = lobpcg(projected_hamiltonian, guess, largest=False,
/home/erosanow_hpc/informed_swapping/BARK.py:156: UserWarning: Exited at iteration 50 with accuracies 
[9.36234123e-09]
not reaching the requested tolerance 1e-09.
Use iteration 51 instead with accuracy 
9.362341230859926e-09.

  values, vectors = lobpcg(projected_hamiltonian, guess, largest=False,
/home/erosanow_hpc/informed_swapping/BARK.py:156: UserWarning: Exited postprocessing with accuracies 
[9.36234136e-09]
not reaching the requested tolerance 1e-09.
  values, vectors = lobpcg(projected_hamiltonian, guess, largest=False,
/home/erosanow_hpc/informed_swapping/BARK.py:156: UserWarning: Exited at iteration 50 with accuracies 
[4.43053015e-09]
not reaching the requested tolerance 1e-09.
Use iteration 51 instead with accuracy 
4.430530153423228e-09.

  values, vectors = lobpcg(projected_hamiltonian, guess, largest=False,
/home/erosanow_hpc/informed_swapping/BARK.py:156: UserWarning: Exited postprocessing with accuracies 
[4.43052995e-09]
not reaching the requested tolerance 1e-09.
  values, vectors = lobpcg(projected_hamiltonian, guess, largest=False,
/home/erosanow_hpc/informed_swapping/BARK.py:156: UserWarning: Exited at iteration 50 with accuracies 
[6.82248542e-09]
not reaching the requested tolerance 1e-09.
Use iteration 51 instead with accuracy 
6.822485423434839e-09.

  values, vectors = lobpcg(projected_hamiltonian, guess, largest=False,
/home/erosanow_hpc/informed_swapping/BARK.py:156: UserWarning: Exited postprocessing with accuracies 
[6.82248532e-09]
not reaching the requested tolerance 1e-09.
  values, vectors = lobpcg(projected_hamiltonian, guess, largest=False,
/home/erosanow_hpc/informed_swapping/BARK.py:156: UserWarning: Exited at iteration 50 with accuracies 
[4.85306664e-09]
not reaching the requested tolerance 1e-09.
Use iteration 51 instead with accuracy 
4.853066643905732e-09.

  values, vectors = lobpcg(projected_hamiltonian, guess, largest=False,
/home/erosanow_hpc/informed_swapping/BARK.py:156: UserWarning: Exited postprocessing with accuracies 
[4.85306685e-09]
not reaching the requested tolerance 1e-09.
  values, vectors = lobpcg(projected_hamiltonian, guess, largest=False,
/home/erosanow_hpc/informed_swapping/BARK.py:156: UserWarning: Exited at iteration 50 with accuracies 
[6.89606566e-09]
not reaching the requested tolerance 1e-09.
Use iteration 51 instead with accuracy 
6.896065659442737e-09.

  values, vectors = lobpcg(projected_hamiltonian, guess, largest=False,
/home/erosanow_hpc/informed_swapping/BARK.py:156: UserWarning: Exited postprocessing with accuracies 
[6.8960654e-09]
not reaching the requested tolerance 1e-09.
  values, vectors = lobpcg(projected_hamiltonian, guess, largest=False,
/home/erosanow_hpc/informed_swapping/BARK.py:156: UserWarning: Exited at iteration 50 with accuracies 
[5.29300277e-09]
not reaching the requested tolerance 1e-09.
Use iteration 51 instead with accuracy 
5.293002773913646e-09.

  values, vectors = lobpcg(projected_hamiltonian, guess, largest=False,
/home/erosanow_hpc/informed_swapping/BARK.py:156: UserWarning: Exited postprocessing with accuracies 
[5.29300297e-09]
not reaching the requested tolerance 1e-09.
  values, vectors = lobpcg(projected_hamiltonian, guess, largest=False,
/home/erosanow_hpc/informed_swapping/BARK.py:156: UserWarning: Exited at iteration 50 with accuracies 
[8.93027191e-09]
not reaching the requested tolerance 1e-09.
Use iteration 51 instead with accuracy 
8.930271911907502e-09.

  values, vectors = lobpcg(projected_hamiltonian, guess, largest=False,
/home/erosanow_hpc/informed_swapping/BARK.py:156: UserWarning: Exited postprocessing with accuracies 
[8.93027183e-09]
not reaching the requested tolerance 1e-09.
  values, vectors = lobpcg(projected_hamiltonian, guess, largest=False,
/home/erosanow_hpc/informed_swapping/BARK.py:156: UserWarning: Exited at iteration 50 with accuracies 
[1.46699467e-08]
not reaching the requested tolerance 1e-09.
Use iteration 51 instead with accuracy 
1.4669946690546597e-08.

  values, vectors = lobpcg(projected_hamiltonian, guess, largest=False,
/home/erosanow_hpc/informed_swapping/BARK.py:156: UserWarning: Exited postprocessing with accuracies 
[1.46699466e-08]
not reaching the requested tolerance 1e-09.
  values, vectors = lobpcg(projected_hamiltonian, guess, largest=False,
/home/erosanow_hpc/informed_swapping/BARK.py:156: UserWarning: Exited at iteration 50 with accuracies 
[2.15384772e-08]
not reaching the requested tolerance 1e-09.
Use iteration 51 instead with accuracy 
2.153847717004509e-08.

  values, vectors = lobpcg(projected_hamiltonian, guess, largest=False,
/home/erosanow_hpc/informed_swapping/BARK.py:156: UserWarning: Exited postprocessing with accuracies 
[2.15384769e-08]
not reaching the requested tolerance 1e-09.
  values, vectors = lobpcg(projected_hamiltonian, guess, largest=False,
/home/erosanow_hpc/informed_swapping/BARK.py:156: UserWarning: Exited at iteration 50 with accuracies 
[2.17368843e-09]
not reaching the requested tolerance 1e-09.
Use iteration 51 instead with accuracy 
2.1736884258678147e-09.

  values, vectors = lobpcg(projected_hamiltonian, guess, largest=False,
/home/erosanow_hpc/informed_swapping/BARK.py:156: UserWarning: Exited postprocessing with accuracies 
[2.17368848e-09]
not reaching the requested tolerance 1e-09.
  values, vectors = lobpcg(projected_hamiltonian, guess, largest=False,
/home/erosanow_hpc/informed_swapping/BARK.py:156: UserWarning: Exited at iteration 50 with accuracies 
[3.28909022e-09]
not reaching the requested tolerance 1e-09.
Use iteration 51 instead with accuracy 
3.289090223372582e-09.

  values, vectors = lobpcg(projected_hamiltonian, guess, largest=False,
/home/erosanow_hpc/informed_swapping/BARK.py:156: UserWarning: Exited postprocessing with accuracies 
[3.28909011e-09]
not reaching the requested tolerance 1e-09.
  values, vectors = lobpcg(projected_hamiltonian, guess, largest=False,
/home/erosanow_hpc/informed_swapping/BARK.py:156: UserWarning: Exited at iteration 50 with accuracies 
[1.96535997e-09]
not reaching the requested tolerance 1e-09.
Use iteration 51 instead with accuracy 
1.9653599687256546e-09.

  values, vectors = lobpcg(projected_hamiltonian, guess, largest=False,
/home/erosanow_hpc/informed_swapping/BARK.py:156: UserWarning: Exited postprocessing with accuracies 
[1.96535983e-09]
not reaching the requested tolerance 1e-09.
  values, vectors = lobpcg(projected_hamiltonian, guess, largest=False,
/home/erosanow_hpc/informed_swapping/BARK.py:156: UserWarning: Exited at iteration 50 with accuracies 
[2.76120347e-09]
not reaching the requested tolerance 1e-09.
Use iteration 51 instead with accuracy 
2.761203472330722e-09.

  values, vectors = lobpcg(projected_hamiltonian, guess, largest=False,
/home/erosanow_hpc/informed_swapping/BARK.py:156: UserWarning: Exited postprocessing with accuracies 
[2.76120367e-09]
not reaching the requested tolerance 1e-09.
  values, vectors = lobpcg(projected_hamiltonian, guess, largest=False,
/home/erosanow_hpc/informed_swapping/BARK.py:156: UserWarning: Exited at iteration 50 with accuracies 
[1.9411408e-09]
not reaching the requested tolerance 1e-09.
Use iteration 51 instead with accuracy 
1.94114080451315e-09.

  values, vectors = lobpcg(projected_hamiltonian, guess, largest=False,
/home/erosanow_hpc/informed_swapping/BARK.py:156: UserWarning: Exited postprocessing with accuracies 
[1.94114082e-09]
not reaching the requested tolerance 1e-09.
  values, vectors = lobpcg(projected_hamiltonian, guess, largest=False,
/home/erosanow_hpc/informed_swapping/BARK.py:156: UserWarning: Exited at iteration 50 with accuracies 
[3.12757412e-09]
not reaching the requested tolerance 1e-09.
Use iteration 51 instead with accuracy 
3.1275741177812253e-09.

  values, vectors = lobpcg(projected_hamiltonian, guess, largest=False,
/home/erosanow_hpc/informed_swapping/BARK.py:156: UserWarning: Exited postprocessing with accuracies 
[3.12757408e-09]
not reaching the requested tolerance 1e-09.
  values, vectors = lobpcg(projected_hamiltonian, guess, largest=False,
/home/erosanow_hpc/informed_swapping/BARK.py:156: UserWarning: Exited at iteration 50 with accuracies 
[5.84495109e-09]
not reaching the requested tolerance 1e-09.
Use iteration 51 instead with accuracy 
5.844951087462716e-09.

  values, vectors = lobpcg(projected_hamiltonian, guess, largest=False,
/home/erosanow_hpc/informed_swapping/BARK.py:156: UserWarning: Exited postprocessing with accuracies 
[5.84495103e-09]
not reaching the requested tolerance 1e-09.
  values, vectors = lobpcg(projected_hamiltonian, guess, largest=False,
/home/erosanow_hpc/informed_swapping/BARK.py:156: UserWarning: Exited at iteration 50 with accuracies 
[8.0942637e-09]
not reaching the requested tolerance 1e-09.
Use iteration 51 instead with accuracy 
8.094263704833788e-09.

  values, vectors = lobpcg(projected_hamiltonian, guess, largest=False,
/home/erosanow_hpc/informed_swapping/BARK.py:156: UserWarning: Exited postprocessing with accuracies 
[8.09426383e-09]
not reaching the requested tolerance 1e-09.
  values, vectors = lobpcg(projected_hamiltonian, guess, largest=False,
/home/erosanow_hpc/informed_swapping/BARK.py:156: UserWarning: Exited at iteration 50 with accuracies 
[4.2358653e-09]
not reaching the requested tolerance 1e-09.
Use iteration 51 instead with accuracy 
4.235865300782336e-09.

  values, vectors = lobpcg(projected_hamiltonian, guess, largest=False,
/home/erosanow_hpc/informed_swapping/BARK.py:156: UserWarning: Exited postprocessing with accuracies 
[4.23586535e-09]
not reaching the requested tolerance 1e-09.
  values, vectors = lobpcg(projected_hamiltonian, guess, largest=False,
/home/erosanow_hpc/informed_swapping/BARK.py:156: UserWarning: Exited at iteration 50 with accuracies 
[6.53791546e-09]
not reaching the requested tolerance 1e-09.
Use iteration 51 instead with accuracy 
6.537915460151984e-09.

  values, vectors = lobpcg(projected_hamiltonian, guess, largest=False,
/home/erosanow_hpc/informed_swapping/BARK.py:156: UserWarning: Exited postprocessing with accuracies 
[6.53791539e-09]
not reaching the requested tolerance 1e-09.
  values, vectors = lobpcg(projected_hamiltonian, guess, largest=False,
/home/erosanow_hpc/informed_swapping/BARK.py:156: UserWarning: Exited at iteration 50 with accuracies 
[4.20551166e-09]
not reaching the requested tolerance 1e-09.
Use iteration 51 instead with accuracy 
4.205511655209938e-09.

  values, vectors = lobpcg(projected_hamiltonian, guess, largest=False,
/home/erosanow_hpc/informed_swapping/BARK.py:156: UserWarning: Exited postprocessing with accuracies 
[4.20551177e-09]
not reaching the requested tolerance 1e-09.
  values, vectors = lobpcg(projected_hamiltonian, guess, largest=False,
/home/erosanow_hpc/informed_swapping/BARK.py:156: UserWarning: Exited at iteration 50 with accuracies 
[6.09977708e-09]
not reaching the requested tolerance 1e-09.
Use iteration 51 instead with accuracy 
6.0997770774629e-09.

  values, vectors = lobpcg(projected_hamiltonian, guess, largest=False,
/home/erosanow_hpc/informed_swapping/BARK.py:156: UserWarning: Exited postprocessing with accuracies 
[6.09977721e-09]
not reaching the requested tolerance 1e-09.
  values, vectors = lobpcg(projected_hamiltonian, guess, largest=False,
/home/erosanow_hpc/informed_swapping/BARK.py:156: UserWarning: Exited at iteration 50 with accuracies 
[4.04263822e-09]
not reaching the requested tolerance 1e-09.
Use iteration 51 instead with accuracy 
4.0426382189812604e-09.

  values, vectors = lobpcg(projected_hamiltonian, guess, largest=False,
/home/erosanow_hpc/informed_swapping/BARK.py:156: UserWarning: Exited postprocessing with accuracies 
[4.04263834e-09]
not reaching the requested tolerance 1e-09.
  values, vectors = lobpcg(projected_hamiltonian, guess, largest=False,
/home/erosanow_hpc/informed_swapping/BARK.py:156: UserWarning: Exited at iteration 50 with accuracies 
[6.62409028e-09]
not reaching the requested tolerance 1e-09.
Use iteration 51 instead with accuracy 
6.624090276332986e-09.

  values, vectors = lobpcg(projected_hamiltonian, guess, largest=False,
/home/erosanow_hpc/informed_swapping/BARK.py:156: UserWarning: Exited postprocessing with accuracies 
[6.62408989e-09]
not reaching the requested tolerance 1e-09.
  values, vectors = lobpcg(projected_hamiltonian, guess, largest=False,
/home/erosanow_hpc/informed_swapping/BARK.py:156: UserWarning: Exited at iteration 50 with accuracies 
[1.19239824e-08]
not reaching the requested tolerance 1e-09.
Use iteration 51 instead with accuracy 
1.1923982358024176e-08.

  values, vectors = lobpcg(projected_hamiltonian, guess, largest=False,
/home/erosanow_hpc/informed_swapping/BARK.py:156: UserWarning: Exited postprocessing with accuracies 
[1.19239825e-08]
not reaching the requested tolerance 1e-09.
  values, vectors = lobpcg(projected_hamiltonian, guess, largest=False,
/home/erosanow_hpc/informed_swapping/BARK.py:156: UserWarning: Exited at iteration 50 with accuracies 
[1.69833202e-08]
not reaching the requested tolerance 1e-09.
Use iteration 51 instead with accuracy 
1.6983320200568693e-08.

  values, vectors = lobpcg(projected_hamiltonian, guess, largest=False,
/home/erosanow_hpc/informed_swapping/BARK.py:156: UserWarning: Exited postprocessing with accuracies 
[1.69833202e-08]
not reaching the requested tolerance 1e-09.
  values, vectors = lobpcg(projected_hamiltonian, guess, largest=False,
/home/erosanow_hpc/informed_swapping/BARK.py:156: UserWarning: Exited at iteration 50 with accuracies 
[2.5241278e-09]
not reaching the requested tolerance 1e-09.
Use iteration 51 instead with accuracy 
2.524127802139843e-09.

  values, vectors = lobpcg(projected_hamiltonian, guess, largest=False,
/home/erosanow_hpc/informed_swapping/BARK.py:156: UserWarning: Exited postprocessing with accuracies 
[2.52412805e-09]
not reaching the requested tolerance 1e-09.
  values, vectors = lobpcg(projected_hamiltonian, guess, largest=False,
/home/erosanow_hpc/informed_swapping/BARK.py:156: UserWarning: Exited at iteration 50 with accuracies 
[4.10746597e-09]
not reaching the requested tolerance 1e-09.
Use iteration 51 instead with accuracy 
4.107465967349448e-09.

  values, vectors = lobpcg(projected_hamiltonian, guess, largest=False,
/home/erosanow_hpc/informed_swapping/BARK.py:156: UserWarning: Exited postprocessing with accuracies 
[4.10746601e-09]
not reaching the requested tolerance 1e-09.
  values, vectors = lobpcg(projected_hamiltonian, guess, largest=False,
/home/erosanow_hpc/informed_swapping/BARK.py:156: UserWarning: Exited at iteration 50 with accuracies 
[7.61955108e-09]
not reaching the requested tolerance 1e-09.
Use iteration 51 instead with accuracy 
7.61955107638722e-09.

  values, vectors = lobpcg(projected_hamiltonian, guess, largest=False,
/home/erosanow_hpc/informed_swapping/BARK.py:156: UserWarning: Exited postprocessing with accuracies 
[7.61955141e-09]
not reaching the requested tolerance 1e-09.
  values, vectors = lobpcg(projected_hamiltonian, guess, largest=False,
/home/erosanow_hpc/informed_swapping/BARK.py:156: UserWarning: Exited at iteration 50 with accuracies 
[1.05180837e-08]
not reaching the requested tolerance 1e-09.
Use iteration 51 instead with accuracy 
1.0518083665970056e-08.

  values, vectors = lobpcg(projected_hamiltonian, guess, largest=False,
/home/erosanow_hpc/informed_swapping/BARK.py:156: UserWarning: Exited postprocessing with accuracies 
[1.05180836e-08]
not reaching the requested tolerance 1e-09.
  values, vectors = lobpcg(projected_hamiltonian, guess, largest=False,
/home/erosanow_hpc/informed_swapping/BARK.py:156: UserWarning: Exited at iteration 50 with accuracies 
[7.99932912e-09]
not reaching the requested tolerance 1e-09.
Use iteration 51 instead with accuracy 
7.999329123313348e-09.

  values, vectors = lobpcg(projected_hamiltonian, guess, largest=False,
/home/erosanow_hpc/informed_swapping/BARK.py:156: UserWarning: Exited postprocessing with accuracies 
[7.99932916e-09]
not reaching the requested tolerance 1e-09.
  values, vectors = lobpcg(projected_hamiltonian, guess, largest=False,
/home/erosanow_hpc/informed_swapping/BARK.py:156: UserWarning: Exited at iteration 50 with accuracies 
[1.26834663e-08]
not reaching the requested tolerance 1e-09.
Use iteration 51 instead with accuracy 
1.2683466310228088e-08.

  values, vectors = lobpcg(projected_hamiltonian, guess, largest=False,
/home/erosanow_hpc/informed_swapping/BARK.py:156: UserWarning: Exited postprocessing with accuracies 
[1.26834658e-08]
not reaching the requested tolerance 1e-09.
  values, vectors = lobpcg(projected_hamiltonian, guess, largest=False,
/home/erosanow_hpc/informed_swapping/BARK.py:156: UserWarning: Exited at iteration 50 with accuracies 
[8.58924627e-09]
not reaching the requested tolerance 1e-09.
Use iteration 51 instead with accuracy 
8.589246269099248e-09.

  values, vectors = lobpcg(projected_hamiltonian, guess, largest=False,
/home/erosanow_hpc/informed_swapping/BARK.py:156: UserWarning: Exited postprocessing with accuracies 
[8.5892463e-09]
not reaching the requested tolerance 1e-09.
  values, vectors = lobpcg(projected_hamiltonian, guess, largest=False,
/home/erosanow_hpc/informed_swapping/BARK.py:156: UserWarning: Exited at iteration 50 with accuracies 
[1.27722908e-08]
not reaching the requested tolerance 1e-09.
Use iteration 51 instead with accuracy 
1.2772290767967965e-08.

  values, vectors = lobpcg(projected_hamiltonian, guess, largest=False,
/home/erosanow_hpc/informed_swapping/BARK.py:156: UserWarning: Exited postprocessing with accuracies 
[1.27722905e-08]
not reaching the requested tolerance 1e-09.
  values, vectors = lobpcg(projected_hamiltonian, guess, largest=False,
/home/erosanow_hpc/informed_swapping/BARK.py:156: UserWarning: Exited at iteration 50 with accuracies 
[5.90483376e-09]
not reaching the requested tolerance 1e-09.
Use iteration 51 instead with accuracy 
5.904833763553329e-09.

  values, vectors = lobpcg(projected_hamiltonian, guess, largest=False,
/home/erosanow_hpc/informed_swapping/BARK.py:156: UserWarning: Exited postprocessing with accuracies 
[5.9048337e-09]
not reaching the requested tolerance 1e-09.
  values, vectors = lobpcg(projected_hamiltonian, guess, largest=False,
/home/erosanow_hpc/informed_swapping/BARK.py:156: UserWarning: Exited at iteration 50 with accuracies 
[9.66697365e-09]
not reaching the requested tolerance 1e-09.
Use iteration 51 instead with accuracy 
9.666973649887003e-09.

  values, vectors = lobpcg(projected_hamiltonian, guess, largest=False,
/home/erosanow_hpc/informed_swapping/BARK.py:156: UserWarning: Exited postprocessing with accuracies 
[9.66697367e-09]
not reaching the requested tolerance 1e-09.
  values, vectors = lobpcg(projected_hamiltonian, guess, largest=False,
/home/erosanow_hpc/informed_swapping/BARK.py:156: UserWarning: Exited at iteration 50 with accuracies 
[1.74335676e-08]
not reaching the requested tolerance 1e-09.
Use iteration 51 instead with accuracy 
1.7433567607117585e-08.

  values, vectors = lobpcg(projected_hamiltonian, guess, largest=False,
/home/erosanow_hpc/informed_swapping/BARK.py:156: UserWarning: Exited postprocessing with accuracies 
[1.74335676e-08]
not reaching the requested tolerance 1e-09.
  values, vectors = lobpcg(projected_hamiltonian, guess, largest=False,
/home/erosanow_hpc/informed_swapping/BARK.py:156: UserWarning: Exited at iteration 50 with accuracies 
[2.52944574e-08]
not reaching the requested tolerance 1e-09.
Use iteration 51 instead with accuracy 
2.5294457439763503e-08.

  values, vectors = lobpcg(projected_hamiltonian, guess, largest=False,
/home/erosanow_hpc/informed_swapping/BARK.py:156: UserWarning: Exited postprocessing with accuracies 
[2.52944574e-08]
not reaching the requested tolerance 1e-09.
  values, vectors = lobpcg(projected_hamiltonian, guess, largest=False,
/home/erosanow_hpc/informed_swapping/BARK.py:156: UserWarning: Exited at iteration 50 with accuracies 
[1.87245814e-08]
not reaching the requested tolerance 1e-09.
Use iteration 51 instead with accuracy 
1.872458139056021e-08.

  values, vectors = lobpcg(projected_hamiltonian, guess, largest=False,
/home/erosanow_hpc/informed_swapping/BARK.py:156: UserWarning: Exited postprocessing with accuracies 
[1.87245811e-08]
not reaching the requested tolerance 1e-09.
  values, vectors = lobpcg(projected_hamiltonian, guess, largest=False,
/home/erosanow_hpc/informed_swapping/BARK.py:156: UserWarning: Exited at iteration 50 with accuracies 
[3.12235618e-08]
not reaching the requested tolerance 1e-09.
Use iteration 51 instead with accuracy 
3.1223561834617097e-08.

  values, vectors = lobpcg(projected_hamiltonian, guess, largest=False,
/home/erosanow_hpc/informed_swapping/BARK.py:156: UserWarning: Exited postprocessing with accuracies 
[3.12235617e-08]
not reaching the requested tolerance 1e-09.
  values, vectors = lobpcg(projected_hamiltonian, guess, largest=False,
/home/erosanow_hpc/informed_swapping/BARK.py:156: UserWarning: Exited at iteration 50 with accuracies 
[2.43815977e-08]
not reaching the requested tolerance 1e-09.
Use iteration 51 instead with accuracy 
2.4381597700800372e-08.

  values, vectors = lobpcg(projected_hamiltonian, guess, largest=False,
/home/erosanow_hpc/informed_swapping/BARK.py:156: UserWarning: Exited postprocessing with accuracies 
[2.43815976e-08]
not reaching the requested tolerance 1e-09.
  values, vectors = lobpcg(projected_hamiltonian, guess, largest=False,
/home/erosanow_hpc/informed_swapping/BARK.py:156: UserWarning: Exited at iteration 50 with accuracies 
[4.32236121e-08]
not reaching the requested tolerance 1e-09.
Use iteration 51 instead with accuracy 
4.3223612064634615e-08.

  values, vectors = lobpcg(projected_hamiltonian, guess, largest=False,
/home/erosanow_hpc/informed_swapping/BARK.py:156: UserWarning: Exited postprocessing with accuracies 
[4.32236118e-08]
not reaching the requested tolerance 1e-09.
  values, vectors = lobpcg(projected_hamiltonian, guess, largest=False,
/home/erosanow_hpc/informed_swapping/BARK.py:156: UserWarning: Exited at iteration 50 with accuracies 
[8.57123016e-09]
not reaching the requested tolerance 1e-09.
Use iteration 51 instead with accuracy 
8.571230161710518e-09.

  values, vectors = lobpcg(projected_hamiltonian, guess, largest=False,
/home/erosanow_hpc/informed_swapping/BARK.py:156: UserWarning: Exited postprocessing with accuracies 
[8.57123033e-09]
not reaching the requested tolerance 1e-09.
  values, vectors = lobpcg(projected_hamiltonian, guess, largest=False,
/home/erosanow_hpc/informed_swapping/BARK.py:156: UserWarning: Exited at iteration 50 with accuracies 
[1.33358284e-08]
not reaching the requested tolerance 1e-09.
Use iteration 51 instead with accuracy 
1.3335828416451593e-08.

  values, vectors = lobpcg(projected_hamiltonian, guess, largest=False,
/home/erosanow_hpc/informed_swapping/BARK.py:156: UserWarning: Exited postprocessing with accuracies 
[1.33358283e-08]
not reaching the requested tolerance 1e-09.
  values, vectors = lobpcg(projected_hamiltonian, guess, largest=False,
/home/erosanow_hpc/informed_swapping/BARK.py:156: UserWarning: Exited at iteration 50 with accuracies 
[1.46751674e-08]
not reaching the requested tolerance 1e-09.
Use iteration 51 instead with accuracy 
1.4675167405332886e-08.

  values, vectors = lobpcg(projected_hamiltonian, guess, largest=False,
/home/erosanow_hpc/informed_swapping/BARK.py:156: UserWarning: Exited postprocessing with accuracies 
[1.46751674e-08]
not reaching the requested tolerance 1e-09.
  values, vectors = lobpcg(projected_hamiltonian, guess, largest=False,
/home/erosanow_hpc/informed_swapping/BARK.py:156: UserWarning: Exited at iteration 50 with accuracies 
[2.04531666e-08]
not reaching the requested tolerance 1e-09.
Use iteration 51 instead with accuracy 
2.0453166584292927e-08.

  values, vectors = lobpcg(projected_hamiltonian, guess, largest=False,
/home/erosanow_hpc/informed_swapping/BARK.py:156: UserWarning: Exited postprocessing with accuracies 
[2.04531664e-08]
not reaching the requested tolerance 1e-09.
  values, vectors = lobpcg(projected_hamiltonian, guess, largest=False,
/home/erosanow_hpc/informed_swapping/BARK.py:156: UserWarning: Exited at iteration 50 with accuracies 
[1.02536722e-08]
not reaching the requested tolerance 1e-09.
Use iteration 51 instead with accuracy 
1.0253672162670092e-08.

  values, vectors = lobpcg(projected_hamiltonian, guess, largest=False,
/home/erosanow_hpc/informed_swapping/BARK.py:156: UserWarning: Exited postprocessing with accuracies 
[1.02536724e-08]
not reaching the requested tolerance 1e-09.
  values, vectors = lobpcg(projected_hamiltonian, guess, largest=False,
/home/erosanow_hpc/informed_swapping/BARK.py:156: UserWarning: Exited at iteration 50 with accuracies 
[1.74015026e-08]
not reaching the requested tolerance 1e-09.
Use iteration 51 instead with accuracy 
1.740150263866914e-08.

  values, vectors = lobpcg(projected_hamiltonian, guess, largest=False,
/home/erosanow_hpc/informed_swapping/BARK.py:156: UserWarning: Exited postprocessing with accuracies 
[1.74015024e-08]
not reaching the requested tolerance 1e-09.
  values, vectors = lobpcg(projected_hamiltonian, guess, largest=False,
/home/erosanow_hpc/informed_swapping/BARK.py:156: UserWarning: Exited at iteration 50 with accuracies 
[1.86595001e-08]
not reaching the requested tolerance 1e-09.
Use iteration 51 instead with accuracy 
1.865950012449592e-08.

  values, vectors = lobpcg(projected_hamiltonian, guess, largest=False,
/home/erosanow_hpc/informed_swapping/BARK.py:156: UserWarning: Exited postprocessing with accuracies 
[1.86595003e-08]
not reaching the requested tolerance 1e-09.
  values, vectors = lobpcg(projected_hamiltonian, guess, largest=False,
/home/erosanow_hpc/informed_swapping/BARK.py:156: UserWarning: Exited at iteration 50 with accuracies 
[3.15283379e-08]
not reaching the requested tolerance 1e-09.
Use iteration 51 instead with accuracy 
3.152833790121324e-08.

  values, vectors = lobpcg(projected_hamiltonian, guess, largest=False,
/home/erosanow_hpc/informed_swapping/BARK.py:156: UserWarning: Exited postprocessing with accuracies 
[3.15283382e-08]
not reaching the requested tolerance 1e-09.
  values, vectors = lobpcg(projected_hamiltonian, guess, largest=False,
/home/erosanow_hpc/informed_swapping/BARK.py:156: UserWarning: Exited at iteration 50 with accuracies 
[1.19363684e-08]
not reaching the requested tolerance 1e-09.
Use iteration 51 instead with accuracy 
1.1936368383602006e-08.

  values, vectors = lobpcg(projected_hamiltonian, guess, largest=False,
/home/erosanow_hpc/informed_swapping/BARK.py:156: UserWarning: Exited postprocessing with accuracies 
[1.19363681e-08]
not reaching the requested tolerance 1e-09.
  values, vectors = lobpcg(projected_hamiltonian, guess, largest=False,
/home/erosanow_hpc/informed_swapping/BARK.py:156: UserWarning: Exited at iteration 50 with accuracies 
[2.03810575e-08]
not reaching the requested tolerance 1e-09.
Use iteration 51 instead with accuracy 
2.0381057541694547e-08.

  values, vectors = lobpcg(projected_hamiltonian, guess, largest=False,
/home/erosanow_hpc/informed_swapping/BARK.py:156: UserWarning: Exited postprocessing with accuracies 
[2.03810575e-08]
not reaching the requested tolerance 1e-09.
  values, vectors = lobpcg(projected_hamiltonian, guess, largest=False,
/home/erosanow_hpc/informed_swapping/BARK.py:156: UserWarning: Exited at iteration 50 with accuracies 
[2.43510395e-08]
not reaching the requested tolerance 1e-09.
Use iteration 51 instead with accuracy 
2.4351039541409252e-08.

  values, vectors = lobpcg(projected_hamiltonian, guess, largest=False,
/home/erosanow_hpc/informed_swapping/BARK.py:156: UserWarning: Exited postprocessing with accuracies 
[2.43510396e-08]
not reaching the requested tolerance 1e-09.
  values, vectors = lobpcg(projected_hamiltonian, guess, largest=False,
/home/erosanow_hpc/informed_swapping/BARK.py:156: UserWarning: Exited at iteration 50 with accuracies 
[3.95587839e-08]
not reaching the requested tolerance 1e-09.
Use iteration 51 instead with accuracy 
3.955878393787825e-08.

  values, vectors = lobpcg(projected_hamiltonian, guess, largest=False,
/home/erosanow_hpc/informed_swapping/BARK.py:156: UserWarning: Exited postprocessing with accuracies 
[3.9558784e-08]
not reaching the requested tolerance 1e-09.
  values, vectors = lobpcg(projected_hamiltonian, guess, largest=False,
/home/erosanow_hpc/informed_swapping/BARK.py:156: UserWarning: Exited at iteration 50 with accuracies 
[4.02027409e-08]
not reaching the requested tolerance 1e-09.
Use iteration 51 instead with accuracy 
4.020274092832259e-08.

  values, vectors = lobpcg(projected_hamiltonian, guess, largest=False,
/home/erosanow_hpc/informed_swapping/BARK.py:156: UserWarning: Exited postprocessing with accuracies 
[4.02027408e-08]
not reaching the requested tolerance 1e-09.
  values, vectors = lobpcg(projected_hamiltonian, guess, largest=False,
/home/erosanow_hpc/informed_swapping/BARK.py:156: UserWarning: Exited at iteration 50 with accuracies 
[7.3148743e-08]
not reaching the requested tolerance 1e-09.
Use iteration 51 instead with accuracy 
7.314874304147663e-08.

  values, vectors = lobpcg(projected_hamiltonian, guess, largest=False,
/home/erosanow_hpc/informed_swapping/BARK.py:156: UserWarning: Exited postprocessing with accuracies 
[7.31487426e-08]
not reaching the requested tolerance 1e-09.
  values, vectors = lobpcg(projected_hamiltonian, guess, largest=False,
/home/erosanow_hpc/informed_swapping/BARK.py:156: UserWarning: Exited at iteration 50 with accuracies 
[8.75041141e-08]
not reaching the requested tolerance 1e-09.
Use iteration 51 instead with accuracy 
8.750411406923916e-08.

  values, vectors = lobpcg(projected_hamiltonian, guess, largest=False,
/home/erosanow_hpc/informed_swapping/BARK.py:156: UserWarning: Exited postprocessing with accuracies 
[8.75041137e-08]
not reaching the requested tolerance 1e-09.
  values, vectors = lobpcg(projected_hamiltonian, guess, largest=False,
/home/erosanow_hpc/informed_swapping/BARK.py:156: UserWarning: Exited at iteration 50 with accuracies 
[1.9693354e-07]
not reaching the requested tolerance 1e-09.
Use iteration 51 instead with accuracy 
1.969335404042003e-07.

  values, vectors = lobpcg(projected_hamiltonian, guess, largest=False,
/home/erosanow_hpc/informed_swapping/BARK.py:156: UserWarning: Exited postprocessing with accuracies 
[1.9693354e-07]
not reaching the requested tolerance 1e-09.
  values, vectors = lobpcg(projected_hamiltonian, guess, largest=False,
/home/erosanow_hpc/informed_swapping/BARK.py:156: UserWarning: Exited at iteration 50 with accuracies 
[1.96368888e-08]
not reaching the requested tolerance 1e-09.
Use iteration 51 instead with accuracy 
1.963688878295078e-08.

  values, vectors = lobpcg(projected_hamiltonian, guess, largest=False,
/home/erosanow_hpc/informed_swapping/BARK.py:156: UserWarning: Exited postprocessing with accuracies 
[1.96368891e-08]
not reaching the requested tolerance 1e-09.
  values, vectors = lobpcg(projected_hamiltonian, guess, largest=False,
/home/erosanow_hpc/informed_swapping/BARK.py:156: UserWarning: Exited at iteration 50 with accuracies 
[3.61373179e-08]
not reaching the requested tolerance 1e-09.
Use iteration 51 instead with accuracy 
3.613731788040732e-08.

  values, vectors = lobpcg(projected_hamiltonian, guess, largest=False,
/home/erosanow_hpc/informed_swapping/BARK.py:156: UserWarning: Exited postprocessing with accuracies 
[3.6137318e-08]
not reaching the requested tolerance 1e-09.
  values, vectors = lobpcg(projected_hamiltonian, guess, largest=False,
/home/erosanow_hpc/informed_swapping/BARK.py:156: UserWarning: Exited at iteration 50 with accuracies 
[4.2084562e-08]
not reaching the requested tolerance 1e-09.
Use iteration 51 instead with accuracy 
4.2084561964827045e-08.

  values, vectors = lobpcg(projected_hamiltonian, guess, largest=False,
/home/erosanow_hpc/informed_swapping/BARK.py:156: UserWarning: Exited postprocessing with accuracies 
[4.20845622e-08]
not reaching the requested tolerance 1e-09.
  values, vectors = lobpcg(projected_hamiltonian, guess, largest=False,
/home/erosanow_hpc/informed_swapping/BARK.py:156: UserWarning: Exited at iteration 50 with accuracies 
[6.91222109e-08]
not reaching the requested tolerance 1e-09.
Use iteration 51 instead with accuracy 
6.912221085258298e-08.

  values, vectors = lobpcg(projected_hamiltonian, guess, largest=False,
/home/erosanow_hpc/informed_swapping/BARK.py:156: UserWarning: Exited postprocessing with accuracies 
[6.9122211e-08]
not reaching the requested tolerance 1e-09.
  values, vectors = lobpcg(projected_hamiltonian, guess, largest=False,
/home/erosanow_hpc/informed_swapping/BARK.py:156: UserWarning: Exited at iteration 50 with accuracies 
[4.94183931e-08]
not reaching the requested tolerance 1e-09.
Use iteration 51 instead with accuracy 
4.9418393075904795e-08.

  values, vectors = lobpcg(projected_hamiltonian, guess, largest=False,
/home/erosanow_hpc/informed_swapping/BARK.py:156: UserWarning: Exited postprocessing with accuracies 
[4.94183929e-08]
not reaching the requested tolerance 1e-09.
  values, vectors = lobpcg(projected_hamiltonian, guess, largest=False,
/home/erosanow_hpc/informed_swapping/BARK.py:156: UserWarning: Exited at iteration 50 with accuracies 
[1.21906773e-07]
not reaching the requested tolerance 1e-09.
Use iteration 51 instead with accuracy 
1.2190677303652637e-07.

  values, vectors = lobpcg(projected_hamiltonian, guess, largest=False,
/home/erosanow_hpc/informed_swapping/BARK.py:156: UserWarning: Exited at iteration 50 with accuracies 
[1.51751102e-07]
not reaching the requested tolerance 1e-09.
Use iteration 51 instead with accuracy 
1.5175110169272577e-07.

  values, vectors = lobpcg(projected_hamiltonian, guess, largest=False,
/home/erosanow_hpc/informed_swapping/BARK.py:156: UserWarning: Exited postprocessing with accuracies 
[1.51751102e-07]
not reaching the requested tolerance 1e-09.
  values, vectors = lobpcg(projected_hamiltonian, guess, largest=False,
/home/erosanow_hpc/informed_swapping/BARK.py:156: UserWarning: Exited at iteration 50 with accuracies 
[4.59853768e-07]
not reaching the requested tolerance 1e-09.
Use iteration 50 instead with accuracy 
4.585689853355827e-07.

  values, vectors = lobpcg(projected_hamiltonian, guess, largest=False,
/home/erosanow_hpc/informed_swapping/BARK.py:156: UserWarning: Exited postprocessing with accuracies 
[4.58568985e-07]
not reaching the requested tolerance 1e-09.
  values, vectors = lobpcg(projected_hamiltonian, guess, largest=False,
/home/erosanow_hpc/informed_swapping/BARK.py:156: UserWarning: Exited at iteration 50 with accuracies 
[8.55765005e-08]
not reaching the requested tolerance 1e-09.
Use iteration 51 instead with accuracy 
8.557650054724122e-08.

  values, vectors = lobpcg(projected_hamiltonian, guess, largest=False,
/home/erosanow_hpc/informed_swapping/BARK.py:156: UserWarning: Exited postprocessing with accuracies 
[8.55765007e-08]
not reaching the requested tolerance 1e-09.
  values, vectors = lobpcg(projected_hamiltonian, guess, largest=False,
/home/erosanow_hpc/informed_swapping/BARK.py:156: UserWarning: Exited at iteration 50 with accuracies 
[2.82151748e-07]
not reaching the requested tolerance 1e-09.
Use iteration 51 instead with accuracy 
2.82151748069003e-07.

  values, vectors = lobpcg(projected_hamiltonian, guess, largest=False,
/home/erosanow_hpc/informed_swapping/BARK.py:156: UserWarning: Exited at iteration 50 with accuracies 
[4.91568497e-07]
not reaching the requested tolerance 1e-09.
Use iteration 50 instead with accuracy 
4.763245837061813e-07.

  values, vectors = lobpcg(projected_hamiltonian, guess, largest=False,
/home/erosanow_hpc/informed_swapping/BARK.py:156: UserWarning: Exited postprocessing with accuracies 
[4.76324583e-07]
not reaching the requested tolerance 1e-09.
  values, vectors = lobpcg(projected_hamiltonian, guess, largest=False,
/home/erosanow_hpc/informed_swapping/BARK.py:156: UserWarning: Exited at iteration 50 with accuracies 
[2.41400249e-06]
not reaching the requested tolerance 1e-09.
Use iteration 47 instead with accuracy 
1.5544735270770219e-06.

  values, vectors = lobpcg(projected_hamiltonian, guess, largest=False,
/home/erosanow_hpc/informed_swapping/BARK.py:156: UserWarning: Exited at iteration 50 with accuracies 
[1.19917317e-06]
not reaching the requested tolerance 1e-09.
Use iteration 48 instead with accuracy 
9.713214149436359e-07.

  values, vectors = lobpcg(projected_hamiltonian, guess, largest=False,
/home/erosanow_hpc/informed_swapping/BARK.py:156: UserWarning: Exited postprocessing with accuracies 
[9.71321415e-07]
not reaching the requested tolerance 1e-09.
  values, vectors = lobpcg(projected_hamiltonian, guess, largest=False,
/home/erosanow_hpc/informed_swapping/BARK.py:156: UserWarning: Exited at iteration 50 with accuracies 
[1.27237462e-05]
not reaching the requested tolerance 1e-09.
Use iteration 44 instead with accuracy 
5.039832937314665e-06.

  values, vectors = lobpcg(projected_hamiltonian, guess, largest=False,
/home/erosanow_hpc/informed_swapping/BARK.py:156: UserWarning: Exited at iteration 50 with accuracies 
[2.16693546e-05]
not reaching the requested tolerance 1e-09.
Use iteration 44 instead with accuracy 
7.875512712887478e-06.

  values, vectors = lobpcg(projected_hamiltonian, guess, largest=False,
